Subcarrier_0,Subcarrier_1,Subcarrier_2,Subcarrier_3,Subcarrier_4,Subcarrier_5,Subcarrier_6,Subcarrier_7,Subcarrier_8,Subcarrier_9,Subcarrier_10,Subcarrier_11,Subcarrier_12,Subcarrier_13,Subcarrier_14,Subcarrier_15,Subcarrier_16,Subcarrier_17,Subcarrier_18,Subcarrier_19,Subcarrier_20,Subcarrier_21,Subcarrier_22,Subcarrier_23,Subcarrier_24,Subcarrier_25,Subcarrier_26,Subcarrier_27,Subcarrier_28,Subcarrier_29,Subcarrier_30,Subcarrier_31,Subcarrier_32,Subcarrier_33,Subcarrier_34,Subcarrier_35,Subcarrier_36,Subcarrier_37,Subcarrier_38,Subcarrier_39,Subcarrier_40,Subcarrier_41,Subcarrier_42,Subcarrier_43,Subcarrier_44,Subcarrier_45,Subcarrier_46,Subcarrier_47,Subcarrier_48,Subcarrier_49,Subcarrier_50,Subcarrier_51,Subcarrier_52,Subcarrier_53,Subcarrier_54,Subcarrier_55,Subcarrier_56,Subcarrier_57,Subcarrier_58,Subcarrier_59,Subcarrier_60,Subcarrier_61,Subcarrier_62,Subcarrier_63
149.03690818049066,6.0,23.259406699226016,23.769728648009426,22.847319317591726,24.698178070456937,24.351591323771842,23.40939982143925,24.041630560342615,24.041630560342615,24.041630560342615,25.96150997149434,25.96150997149434,25.709920264364882,25.709920264364882,25.709920264364882,26.92582403567252,26.248809496813376,25.298221281347036,26.570660511172846,26.570660511172846,26.0,25.079872407968907,25.495097567963924,25.059928172283335,25.553864678361276,25.238858928247925,0.0,0.0,0.0,0.0,0.0,0.0,0.0,0.0,0.0,0.0,0.0,7.810249675906654,8.602325267042627,8.602325267042627,9.219544457292887,8.602325267042627,10.0,10.0,11.40175425099138,11.40175425099138,11.40175425099138,12.806248474865697,12.806248474865697,13.45362404707371,13.45362404707371,14.866068747318506,14.866068747318506,15.556349186104045,15.556349186104045,17.029386365926403,17.029386365926403,18.601075237738275,18.601075237738275,18.867962264113206,20.248456731316587,19.72308292331602,21.095023109728988
149.03690818049066,6.0,19.313207915827967,19.313207915827967,20.248456731316587,19.924858845171276,20.615528128088304,20.615528128088304,20.615528128088304,20.615528128088304,21.37755832643195,21.37755832643195,21.37755832643195,21.37755832643195,22.360679774997898,22.360679774997898,22.360679774997898,23.53720459187964,22.80350850198276,22.80350850198276,23.08679276123039,22.135943621178654,22.135943621178654,22.847319317591726,21.470910553583888,21.95449840010015,21.633307652783937,0.0,0.0,0.0,0.0,0.0,0.0,0.0,0.0,0.0,0.0,0.0,7.810249675906654,7.810249675906654,7.810249675906654,7.810249675906654,8.602325267042627,8.602325267042627,9.219544457292887,9.899494936611665,10.63014581273465,10.63014581273465,11.40175425099138,11.40175425099138,12.041594578792296,12.041594578792296,12.041594578792296,12.727922061357855,13.45362404707371,13.45362404707371,14.212670403551895,15.0,15.811388300841896,16.1245154965971,16.1245154965971,17.0,17.88854381999832,17.88854381999832
146.0,6.0,22.20360331117452,21.95449840010015,20.591260281974,20.12461179749811,20.615528128088304,19.313207915827967,19.313207915827967,18.681541692269406,18.681541692269406,18.439088914585774,18.439088914585774,17.26267650163207,18.110770276274835,18.110770276274835,18.110770276274835,18.110770276274835,17.11724276862369,18.110770276274835,17.11724276862369,17.11724276862369,16.1245154965971,17.26267650163207,16.278820596099706,17.26267650163207,16.492422502470642,0.0,0.0,0.0,0.0,0.0,0.0,0.0,0.0,0.0,0.0,0.0,24.596747752497688,24.698178070456937,24.413111231467404,25.0,25.612496949731394,25.495097567963924,26.90724809414742,27.586228448267445,26.870057685088806,26.90724809414742,27.018512172212592,27.80287754891569,26.40075756488817,26.40075756488817,25.80697580112788,26.40075756488817,25.612496949731394,25.612496949731394,24.839484696748443,24.839484696748443,24.758836806279895,24.041630560342615,24.758836806279895,24.08318915758459,23.430749027719962,22.80350850198276
149.03690818049066,6.0,22.20360331117452,22.20360331117452,22.20360331117452,22.360679774997898,21.37755832643195,21.587033144922902,21.587033144922902,21.587033144922902,21.587033144922902,22.135943621178654,22.135943621178654,22.135943621178654,21.18962010041709,21.840329667841555,21.840329667841555,20.615528128088304,21.37755832643195,21.37755832643195,21.37755832643195,20.223748416156685,20.09975124224178,19.026297590440446,19.026297590440446,20.024984394500787,19.1049731745428,0.0,0.0,0.0,0.0,0.0,0.0,0.0,0.0,0.0,0.0,0.0,15.033296378372908,15.0,15.033296378372908,16.0312195418814,15.033296378372908,16.1245154965971,16.1245154965971,18.110770276274835,17.26267650163207,17.26267650163207,18.439088914585774,18.439088914585774,18.439088914585774,18.439088914585774,19.4164878389476,19.4164878389476,19.235384061671343,19.235384061671343,19.235384061671343,19.235384061671343,20.024984394500787,21.02379604162864,20.024984394500787,21.0,21.0,21.0
169.33103672983285,7.0,15.811388300841896,16.64331697709324,16.64331697709324,16.1245154965971,16.55294535724685,15.652475842498529,15.652475842498529,16.15549442140351,15.652475842498529,16.15549442140351,16.15549442140351,16.15549442140351,16.15549442140351,16.15549442140351,16.15549442140351,16.55294535724685,15.652475842498529,15.652475842498529,15.652475842498529,15.264337522473747,15.264337522473747,14.422205101855956,13.601470508735444,14.866068747318506,14.142135623730951,0.0,0.0,0.0,0.0,0.0,0.0,0.0,0.0,0.0,0.0,0.0,10.63014581273465,9.899494936611665,9.899494936611665,10.63014581273465,11.313708498984761,11.40175425099138,12.041594578792296,12.806248474865697,12.806248474865697,12.041594578792296,13.038404810405298,13.601470508735444,13.601470508735444,13.601470508735444,14.422205101855956,13.601470508735444,14.212670403551895,14.212670403551895,14.212670403551895,14.142135623730951,15.556349186104045,14.866068747318506,14.866068747318506,15.620499351813308,15.620499351813308,15.620499351813308
149.03690818049066,6.0,17.0,17.0,18.0,17.029386365926403,18.027756377319946,17.11724276862369,17.11724276862369,17.26267650163207,18.24828759089466,18.24828759089466,17.46424919657298,17.46424919657298,17.46424919657298,18.439088914585774,18.24828759089466,18.24828759089466,18.110770276274835,18.110770276274835,18.110770276274835,18.027756377319946,17.0,17.0,17.029386365926403,17.11724276862369,17.26267650163207,0.0,0.0,0.0,0.0,0.0,0.0,0.0,0.0,0.0,0.0,0.0,11.180339887498949,11.40175425099138,11.40175425099138,11.40175425099138,11.704699910719626,11.704699910719626,12.649110640673518,12.649110640673518,13.0,13.0,14.317821063276353,14.317821063276353,14.317821063276353,14.317821063276353,14.317821063276353,15.231546211727817,14.866068747318506,14.866068747318506,14.560219778561036,14.560219778561036,15.297058540778355,16.492422502470642,16.278820596099706,16.278820596099706,16.1245154965971,16.1245154965971
169.33103672983285,7.0,23.53720459187964,23.53720459187964,24.331050121192877,23.194827009486403,24.186773244895647,23.08679276123039,23.08679276123039,23.021728866442675,23.021728866442675,24.0,25.019992006393608,24.020824298928627,24.0,25.0,24.0,25.019992006393608,23.08679276123039,25.079872407968907,25.179356624028344,23.345235059857504,23.345235059857504,23.53720459187964,22.80350850198276,23.40939982143925,22.847319317591726,0.0,0.0,0.0,0.0,0.0,0.0,0.0,0.0,0.0,0.0,0.0,15.811388300841896,15.231546211727817,15.652475842498529,15.652475842498529,17.0,16.1245154965971,17.4928556845359,18.35755975068582,18.867962264113206,18.027756377319946,18.027756377319946,19.4164878389476,19.4164878389476,20.248456731316587,19.4164878389476,20.248456731316587,19.72308292331602,20.591260281974,20.591260281974,21.02379604162864,21.93171219946131,22.847319317591726,22.47220505424423,22.47220505424423,22.135943621178654,22.135943621178654
120.07081243999309,6.0,13.92838827718412,13.92838827718412,14.317821063276353,13.416407864998739,13.892443989449804,13.892443989449804,13.892443989449804,13.892443989449804,13.601470508735444,14.422205101855956,14.422205101855956,13.601470508735444,14.422205101855956,13.601470508735444,14.422205101855956,14.422205101855956,13.892443989449804,15.264337522473747,14.7648230602334,14.317821063276353,14.317821063276353,13.92838827718412,13.601470508735444,14.560219778561036,13.341664064126334,0.0,0.0,0.0,0.0,0.0,0.0,0.0,0.0,0.0,0.0,0.0,10.198039027185569,10.198039027185569,10.04987562112089,11.045361017187261,11.045361017187261,11.045361017187261,11.045361017187261,12.041594578792296,12.041594578792296,12.0,12.041594578792296,12.0,12.0,12.0,13.0,12.0,13.0,13.038404810405298,12.041594578792296,12.041594578792296,13.152946437965905,13.152946437965905,13.341664064126334,13.341664064126334,13.341664064126334,13.601470508735444
120.07081243999309,6.0,23.323807579381203,22.47220505424423,23.853720883753127,24.413111231467404,23.600847442411894,22.80350850198276,22.80350850198276,23.430749027719962,22.67156809750927,24.08318915758459,24.041630560342615,23.345235059857504,23.345235059857504,24.758836806279895,24.08318915758459,24.08318915758459,23.430749027719962,24.20743687382041,24.413111231467404,23.021728866442675,22.47220505424423,22.825424421026653,22.360679774997898,22.847319317591726,22.47220505424423,0.0,0.0,0.0,0.0,0.0,0.0,0.0,0.0,0.0,0.0,0.0,15.652475842498529,16.15549442140351,16.15549442140351,16.76305461424021,16.76305461424021,16.76305461424021,17.72004514666935,18.681541692269406,18.681541692269406,18.439088914585774,19.4164878389476,19.4164878389476,19.4164878389476,20.396078054371138,20.223748416156685,20.396078054371138,19.6468827043885,20.615528128088304,20.8806130178211,20.8806130178211,22.135943621178654,22.47220505424423,21.540659228538015,22.847319317591726,22.360679774997898,23.259406699226016
169.33103672983285,7.0,23.769728648009426,24.73863375370596,24.73863375370596,23.53720459187964,24.331050121192877,23.345235059857504,23.345235059857504,24.186773244895647,24.186773244895647,24.08318915758459,24.08318915758459,23.08679276123039,23.08679276123039,24.08318915758459,23.194827009486403,23.194827009486403,22.360679774997898,23.345235059857504,22.360679774997898,21.587033144922902,21.587033144922902,20.8806130178211,19.924858845171276,21.18962010041709,19.697715603592208,0.0,0.0,0.0,0.0,0.0,0.0,0.0,0.0,0.0,0.0,0.0,16.278820596099706,16.492422502470642,16.76305461424021,17.08800749063506,17.08800749063506,17.46424919657298,17.46424919657298,19.697715603592208,18.788294228055936,19.235384061671343,19.72308292331602,19.72308292331602,21.095023109728988,20.591260281974,21.095023109728988,21.095023109728988,21.470910553583888,21.470910553583888,21.02379604162864,21.02379604162864,22.847319317591726,22.847319317591726,23.769728648009426,22.47220505424423,23.40939982143925,24.351591323771842
149.03690818049066,6.0,16.278820596099706,16.278820596099706,17.029386365926403,16.401219466856727,17.204650534085253,15.811388300841896,15.811388300841896,16.1245154965971,15.264337522473747,15.811388300841896,16.1245154965971,15.264337522473747,15.264337522473747,15.264337522473747,15.264337522473747,15.811388300841896,15.0,15.811388300841896,15.0,15.0,14.212670403551895,14.866068747318506,14.142135623730951,14.212670403551895,13.601470508735444,0.0,0.0,0.0,0.0,0.0,0.0,0.0,0.0,0.0,0.0,0.0,10.63014581273465,10.63014581273465,9.899494936611665,10.63014581273465,10.63014581273465,11.40175425099138,11.40175425099138,12.806248474865697,12.806248474865697,13.038404810405298,13.416407864998739,13.892443989449804,13.892443989449804,13.892443989449804,13.892443989449804,13.892443989449804,14.422205101855956,14.422205101855956,13.601470508735444,14.212670403551895,15.620499351813308,15.620499351813308,15.620499351813308,15.620499351813308,16.278820596099706,15.556349186104045
169.33103672983285,7.0,15.556349186104045,15.556349186104045,16.278820596099706,15.620499351813308,15.620499351813308,14.866068747318506,15.620499351813308,15.0,15.0,15.811388300841896,15.811388300841896,15.0,15.811388300841896,15.811388300841896,15.0,15.0,14.866068747318506,14.866068747318506,14.866068747318506,14.142135623730951,14.142135623730951,13.45362404707371,12.806248474865697,13.601470508735444,13.038404810405298,0.0,0.0,0.0,0.0,0.0,0.0,0.0,0.0,0.0,0.0,0.0,9.219544457292887,9.219544457292887,9.219544457292887,9.219544457292887,10.0,10.0,10.816653826391969,10.816653826391969,11.661903789690601,11.661903789690601,11.661903789690601,12.529964086141668,12.529964086141668,12.529964086141668,12.529964086141668,13.416407864998739,13.038404810405298,13.892443989449804,13.038404810405298,13.038404810405298,14.422205101855956,15.0,15.0,14.866068747318506,15.620499351813308,14.866068747318506
149.03690818049066,6.0,16.1245154965971,16.0312195418814,16.0312195418814,16.0312195418814,16.0,16.0,15.033296378372908,16.0312195418814,17.0,16.0,15.033296378372908,15.033296378372908,16.0312195418814,16.0312195418814,15.033296378372908,16.0312195418814,15.0,16.0,15.0,14.035668847618199,14.035668847618199,14.142135623730951,14.317821063276353,14.317821063276353,13.601470508735444,0.0,0.0,0.0,0.0,0.0,0.0,0.0,0.0,0.0,0.0,0.0,9.055385138137417,9.219544457292887,9.219544457292887,9.486832980505138,10.44030650891055,10.44030650891055,11.704699910719626,11.40175425099138,12.649110640673518,12.083045973594572,12.083045973594572,12.083045973594572,12.083045973594572,13.0,13.0,13.0,13.0,13.92838827718412,13.601470508735444,14.560219778561036,14.560219778561036,14.317821063276353,15.297058540778355,15.297058540778355,15.297058540778355,15.297058540778355
149.03690818049066,6.0,16.401219466856727,16.401219466856727,16.401219466856727,16.64331697709324,16.64331697709324,15.811388300841896,16.1245154965971,16.1245154965971,16.1245154965971,16.1245154965971,15.652475842498529,15.652475842498529,15.652475842498529,15.652475842498529,15.652475842498529,15.652475842498529,15.264337522473747,15.264337522473747,15.264337522473747,14.422205101855956,14.422205101855956,13.601470508735444,12.806248474865697,14.212670403551895,13.45362404707371,0.0,0.0,0.0,0.0,0.0,0.0,0.0,0.0,0.0,0.0,0.0,11.180339887498949,10.816653826391969,10.816653826391969,11.40175425099138,11.40175425099138,12.041594578792296,12.041594578792296,13.45362404707371,13.45362404707371,13.45362404707371,13.45362404707371,14.212670403551895,14.212670403551895,14.212670403551895,15.0,15.0,14.866068747318506,15.620499351813308,14.866068747318506,14.866068747318506,16.278820596099706,16.278820596099706,16.278820596099706,15.556349186104045,16.278820596099706,17.029386365926403
149.03690818049066,6.0,16.278820596099706,16.278820596099706,15.556349186104045,16.278820596099706,16.278820596099706,14.866068747318506,15.620499351813308,15.620499351813308,14.212670403551895,15.0,15.0,15.0,15.0,14.422205101855956,15.0,15.0,14.212670403551895,14.212670403551895,14.212670403551895,13.45362404707371,13.45362404707371,12.727922061357855,12.727922061357855,13.45362404707371,12.806248474865697,0.0,0.0,0.0,0.0,0.0,0.0,0.0,0.0,0.0,0.0,0.0,10.0,9.899494936611665,10.63014581273465,10.63014581273465,10.63014581273465,11.40175425099138,12.206555615733702,13.038404810405298,13.038404810405298,13.038404810405298,13.416407864998739,13.416407864998739,13.892443989449804,13.892443989449804,14.7648230602334,14.317821063276353,14.7648230602334,14.7648230602334,15.264337522473747,14.7648230602334,15.264337522473747,15.811388300841896,15.811388300841896,15.811388300841896,16.401219466856727,15.620499351813308
169.33103672983285,7.0,24.186773244895647,23.323807579381203,22.47220505424423,23.021728866442675,23.021728866442675,21.633307652783937,21.400934559032695,22.02271554554524,22.80350850198276,22.67156809750927,21.2602916254693,21.213203435596427,20.518284528683193,21.93171219946131,21.2602916254693,21.2602916254693,20.615528128088304,20.615528128088304,20.0,20.0,19.4164878389476,18.867962264113206,18.867962264113206,18.867962264113206,17.88854381999832,0.0,0.0,0.0,0.0,0.0,0.0,0.0,0.0,0.0,0.0,0.0,15.0,15.264337522473747,15.264337522473747,15.652475842498529,16.55294535724685,16.55294535724685,17.46424919657298,18.384776310850235,18.384776310850235,18.973665961010276,19.924858845171276,19.924858845171276,19.924858845171276,19.924858845171276,20.615528128088304,20.8806130178211,20.8806130178211,21.18962010041709,21.18962010041709,21.18962010041709,22.47220505424423,22.47220505424423,21.93171219946131,23.259406699226016,22.825424421026653,22.825424421026653
149.03690818049066,6.0,26.076809620810597,26.1725046566048,26.1725046566048,26.30589287593181,26.30589287593181,25.317977802344327,24.515301344262525,24.73863375370596,23.769728648009426,25.0,25.0,24.351591323771842,24.041630560342615,24.351591323771842,24.041630560342615,24.041630560342615,22.80350850198276,23.769728648009426,23.769728648009426,22.561028345356956,22.360679774997898,22.20360331117452,22.20360331117452,22.090722034374522,21.02379604162864,0.0,0.0,0.0,0.0,0.0,0.0,0.0,0.0,0.0,0.0,0.0,18.24828759089466,18.110770276274835,19.026297590440446,20.0,20.0,20.024984394500787,21.02379604162864,22.02271554554524,22.090722034374522,22.20360331117452,23.345235059857504,23.345235059857504,23.345235059857504,23.345235059857504,24.515301344262525,24.515301344262525,24.331050121192877,24.331050121192877,24.186773244895647,25.179356624028344,26.076809620810597,26.076809620810597,25.019992006393608,26.019223662515376,26.0,25.0
169.33103672983285,7.0,25.96150997149434,25.96150997149434,25.96150997149434,25.298221281347036,25.632011235952593,24.698178070456937,25.079872407968907,25.079872407968907,24.596747752497688,25.495097567963924,24.596747752497688,23.706539182259394,23.706539182259394,25.059928172283335,23.706539182259394,24.596747752497688,24.166091947189145,24.166091947189145,24.166091947189145,22.847319317591726,22.847319317591726,22.135943621178654,21.840329667841555,22.80350850198276,21.37755832643195,0.0,0.0,0.0,0.0,0.0,0.0,0.0,0.0,0.0,0.0,0.0,18.384776310850235,18.973665961010276,18.681541692269406,19.4164878389476,20.396078054371138,20.223748416156685,21.213203435596427,22.20360331117452,22.20360331117452,23.021728866442675,23.0,23.0,24.0,23.0,24.0,24.0,24.020824298928627,25.0,24.08318915758459,24.08318915758459,25.179356624028344,25.179356624028344,25.179356624028344,25.317977802344327,25.317977802344327,26.476404589747453
149.03690818049066,6.0,10.44030650891055,9.486832980505138,10.770329614269007,10.770329614269007,10.770329614269007,9.848857801796104,9.848857801796104,10.295630140987,10.295630140987,10.816653826391969,10.816653826391969,10.0,9.433981132056603,10.0,10.0,10.295630140987,10.295630140987,9.433981132056603,9.433981132056603,9.433981132056603,8.94427190999916,8.94427190999916,8.54400374531753,8.54400374531753,8.54400374531753,0.0,0.0,0.0,0.0,0.0,0.0,0.0,0.0,0.0,0.0,0.0,7.615773105863909,7.615773105863909,7.280109889280518,7.280109889280518,8.246211251235321,8.246211251235321,8.06225774829855,9.055385138137417,8.06225774829855,9.055385138137417,9.055385138137417,9.0,10.0,10.04987562112089,10.0,9.055385138137417,10.0,10.04987562112089,10.04987562112089,10.04987562112089,10.198039027185569,10.198039027185569,10.198039027185569,10.198039027185569,10.198039027185569,10.44030650891055
146.0,6.0,17.0,17.0,15.231546211727817,16.15549442140351,15.811388300841896,14.866068747318506,14.560219778561036,13.601470508735444,13.341664064126334,13.341664064126334,13.341664064126334,12.165525060596439,12.36931687685298,13.152946437965905,13.341664064126334,11.180339887498949,10.44030650891055,10.44030650891055,10.198039027185569,9.219544457292887,9.219544457292887,8.246211251235321,7.280109889280518,7.615773105863909,7.615773105863909,0.0,0.0,0.0,0.0,0.0,0.0,0.0,0.0,0.0,0.0,0.0,18.027756377319946,18.788294228055936,17.88854381999832,18.35755975068582,17.4928556845359,18.601075237738275,18.601075237738275,20.0,19.209372712298546,18.439088914585774,19.1049731745428,19.1049731745428,19.79898987322333,19.1049731745428,19.79898987322333,19.79898987322333,19.1049731745428,17.69180601295413,18.439088914585774,18.439088914585774,18.601075237738275,18.601075237738275,18.027756377319946,18.027756377319946,18.027756377319946,17.4928556845359
169.33103672983285,7.0,23.259406699226016,24.166091947189145,22.847319317591726,23.769728648009426,23.40939982143925,22.135943621178654,23.08679276123039,22.80350850198276,22.80350850198276,23.53720459187964,23.345235059857504,23.345235059857504,22.360679774997898,22.360679774997898,23.53720459187964,22.561028345356956,21.840329667841555,22.80350850198276,22.80350850198276,22.135943621178654,21.18962010041709,21.18962010041709,20.615528128088304,21.02379604162864,20.591260281974,0.0,0.0,0.0,0.0,0.0,0.0,0.0,0.0,0.0,0.0,0.0,15.231546211727817,15.652475842498529,14.7648230602334,16.1245154965971,15.811388300841896,16.64331697709324,17.204650534085253,18.601075237738275,17.804493814764857,18.439088914585774,18.439088914585774,19.1049731745428,19.849433241279208,19.849433241279208,19.849433241279208,19.849433241279208,20.615528128088304,20.615528128088304,20.808652046684813,20.615528128088304,20.808652046684813,21.633307652783937,21.95449840010015,21.95449840010015,22.825424421026653,22.825424421026653
149.03690818049066,6.0,23.345235059857504,23.345235059857504,23.53720459187964,22.80350850198276,23.08679276123039,21.840329667841555,22.135943621178654,22.47220505424423,22.47220505424423,22.47220505424423,22.47220505424423,21.540659228538015,21.93171219946131,21.93171219946131,21.540659228538015,22.47220505424423,22.135943621178654,22.135943621178654,22.135943621178654,20.8806130178211,20.615528128088304,20.396078054371138,20.223748416156685,21.095023109728988,20.024984394500787,0.0,0.0,0.0,0.0,0.0,0.0,0.0,0.0,0.0,0.0,0.0,14.317821063276353,15.132745950421556,15.132745950421556,15.033296378372908,16.0312195418814,16.0,17.0,18.0,18.0,18.027756377319946,19.1049731745428,19.1049731745428,19.1049731745428,19.1049731745428,19.235384061671343,20.09975124224178,20.024984394500787,21.02379604162864,20.024984394500787,20.0,21.02379604162864,22.02271554554524,22.090722034374522,22.090722034374522,22.090722034374522,22.20360331117452
169.33103672983285,7.0,20.808652046684813,20.808652046684813,20.808652046684813,21.095023109728988,20.591260281974,19.72308292331602,20.12461179749811,20.12461179749811,20.12461179749811,20.615528128088304,20.615528128088304,19.313207915827967,19.313207915827967,19.313207915827967,19.313207915827967,19.697715603592208,18.788294228055936,19.697715603592208,19.235384061671343,19.235384061671343,18.35755975068582,18.35755975068582,17.4928556845359,18.027756377319946,17.804493814764857,0.0,0.0,0.0,0.0,0.0,0.0,0.0,0.0,0.0,0.0,0.0,14.422205101855956,15.0,15.0,15.620499351813308,15.620499351813308,15.556349186104045,16.97056274847714,17.69180601295413,17.69180601295413,17.69180601295413,18.439088914585774,18.439088914585774,18.439088914585774,19.209372712298546,19.209372712298546,19.209372712298546,18.439088914585774,19.849433241279208,19.1049731745428,19.1049731745428,19.79898987322333,20.518284528683193,20.518284528683193,20.615528128088304,20.615528128088304,19.849433241279208
149.03690818049066,6.0,16.401219466856727,15.620499351813308,17.029386365926403,16.278820596099706,16.97056274847714,15.556349186104045,16.278820596099706,15.620499351813308,16.278820596099706,15.620499351813308,15.620499351813308,14.866068747318506,14.212670403551895,15.0,15.0,16.278820596099706,14.866068747318506,14.866068747318506,14.866068747318506,14.142135623730951,14.142135623730951,14.212670403551895,13.601470508735444,14.422205101855956,13.038404810405298,0.0,0.0,0.0,0.0,0.0,0.0,0.0,0.0,0.0,0.0,0.0,10.63014581273465,10.63014581273465,10.63014581273465,11.40175425099138,11.40175425099138,11.661903789690601,13.038404810405298,13.038404810405298,13.038404810405298,13.416407864998739,13.92838827718412,13.92838827718412,13.92838827718412,14.317821063276353,13.92838827718412,15.231546211727817,14.317821063276353,14.7648230602334,14.7648230602334,14.7648230602334,15.264337522473747,15.811388300841896,16.1245154965971,15.264337522473747,16.64331697709324,15.811388300841896
149.03690818049066,6.0,24.08318915758459,24.020824298928627,23.021728866442675,24.0,24.020824298928627,23.021728866442675,22.02271554554524,23.08679276123039,22.090722034374522,22.20360331117452,23.194827009486403,23.345235059857504,22.360679774997898,22.360679774997898,22.360679774997898,22.20360331117452,21.213203435596427,22.20360331117452,22.090722034374522,21.095023109728988,21.02379604162864,21.0,20.0,21.02379604162864,21.095023109728988,0.0,0.0,0.0,0.0,0.0,0.0,0.0,0.0,0.0,0.0,0.0,16.0,16.0312195418814,16.278820596099706,17.26267650163207,17.26267650163207,17.46424919657298,18.439088914585774,19.6468827043885,19.6468827043885,18.973665961010276,20.248456731316587,20.248456731316587,20.248456731316587,21.18962010041709,21.18962010041709,21.18962010041709,20.8806130178211,21.18962010041709,21.840329667841555,21.587033144922902,22.561028345356956,22.561028345356956,22.360679774997898,23.345235059857504,23.194827009486403,23.194827009486403
149.03690818049066,6.0,16.0312195418814,16.1245154965971,16.1245154965971,16.278820596099706,16.278820596099706,15.297058540778355,15.297058540778355,15.524174696260024,15.524174696260024,15.524174696260024,15.524174696260024,14.560219778561036,14.560219778561036,15.811388300841896,14.560219778561036,15.524174696260024,14.317821063276353,15.297058540778355,15.297058540778355,14.317821063276353,14.142135623730951,14.142135623730951,13.038404810405298,14.0,14.0,0.0,0.0,0.0,0.0,0.0,0.0,0.0,0.0,0.0,0.0,0.0,11.40175425099138,11.180339887498949,11.045361017187261,11.045361017187261,12.0,12.0,13.0,13.0,14.0,14.142135623730951,14.142135623730951,14.142135623730951,14.142135623730951,14.142135623730951,14.317821063276353,15.297058540778355,14.142135623730951,15.132745950421556,14.142135623730951,15.033296378372908,15.033296378372908,16.0,16.0,16.0,16.0,16.0312195418814
149.03690818049066,6.0,26.1725046566048,26.1725046566048,26.1725046566048,25.612496949731394,25.612496949731394,24.20743687382041,25.0,25.238858928247925,24.413111231467404,25.238858928247925,25.553864678361276,25.553864678361276,24.698178070456937,24.698178070456937,23.853720883753127,25.238858928247925,23.600847442411894,25.0,23.600847442411894,23.600847442411894,23.430749027719962,22.67156809750927,21.93171219946131,22.627416997969522,22.67156809750927,0.0,0.0,0.0,0.0,0.0,0.0,0.0,0.0,0.0,0.0,0.0,17.029386365926403,17.69180601295413,18.439088914585774,18.439088914585774,18.439088914585774,18.601075237738275,20.0,20.808652046684813,20.808652046684813,21.633307652783937,21.95449840010015,21.95449840010015,22.47220505424423,22.47220505424423,22.825424421026653,23.323807579381203,22.47220505424423,23.323807579381203,23.021728866442675,23.021728866442675,25.0,25.0,24.839484696748443,24.839484696748443,25.495097567963924,25.495097567963924
149.03690818049066,6.0,26.019223662515376,26.0,25.0,26.019223662515376,26.076809620810597,24.08318915758459,25.179356624028344,24.186773244895647,24.186773244895647,24.331050121192877,24.331050121192877,24.515301344262525,24.515301344262525,24.515301344262525,24.331050121192877,24.331050121192877,23.194827009486403,24.186773244895647,23.08679276123039,23.08679276123039,22.02271554554524,22.0,22.0,22.02271554554524,22.20360331117452,0.0,0.0,0.0,0.0,0.0,0.0,0.0,0.0,0.0,0.0,0.0,17.029386365926403,18.0,18.027756377319946,19.1049731745428,19.1049731745428,19.235384061671343,20.223748416156685,21.213203435596427,21.37755832643195,21.587033144922902,21.840329667841555,22.80350850198276,22.80350850198276,22.80350850198276,23.08679276123039,23.08679276123039,23.769728648009426,23.769728648009426,23.53720459187964,23.53720459187964,24.331050121192877,25.317977802344327,25.179356624028344,25.179356624028344,25.079872407968907,25.079872407968907
169.33103672983285,7.0,26.1725046566048,26.1725046566048,25.079872407968907,26.019223662515376,26.0,25.0,24.020824298928627,25.019992006393608,24.020824298928627,25.079872407968907,25.179356624028344,25.179356624028344,25.179356624028344,24.186773244895647,25.079872407968907,24.08318915758459,24.020824298928627,25.019992006393608,25.019992006393608,24.0,23.0,23.021728866442675,22.090722034374522,23.345235059857504,22.561028345356956,0.0,0.0,0.0,0.0,0.0,0.0,0.0,0.0,0.0,0.0,0.0,17.029386365926403,17.11724276862369,17.26267650163207,18.439088914585774,18.439088914585774,18.681541692269406,19.924858845171276,20.8806130178211,20.8806130178211,20.248456731316587,21.540659228538015,21.93171219946131,21.93171219946131,22.847319317591726,22.847319317591726,22.847319317591726,23.40939982143925,23.40939982143925,23.08679276123039,23.08679276123039,25.0,24.73863375370596,24.73863375370596,24.515301344262525,25.495097567963924,25.317977802344327
169.33103672983285,7.0,25.317977802344327,25.495097567963924,24.515301344262525,24.73863375370596,25.0,24.041630560342615,24.041630560342615,24.351591323771842,23.769728648009426,23.769728648009426,23.769728648009426,24.166091947189145,22.847319317591726,24.166091947189145,24.166091947189145,23.769728648009426,22.47220505424423,23.40939982143925,23.40939982143925,22.135943621178654,21.840329667841555,22.80350850198276,21.587033144922902,22.360679774997898,21.213203435596427,0.0,0.0,0.0,0.0,0.0,0.0,0.0,0.0,0.0,0.0,0.0,17.46424919657298,17.26267650163207,17.11724276862369,18.027756377319946,18.027756377319946,18.0,20.0,21.0,21.02379604162864,21.02379604162864,21.095023109728988,21.095023109728988,22.090722034374522,22.090722034374522,22.20360331117452,23.08679276123039,23.08679276123039,23.08679276123039,23.021728866442675,23.021728866442675,24.0,24.0,24.08318915758459,25.079872407968907,25.079872407968907,24.186773244895647
169.33103672983285,7.0,24.186773244895647,24.331050121192877,23.345235059857504,24.515301344262525,23.53720459187964,22.80350850198276,22.80350850198276,21.840329667841555,22.135943621178654,23.40939982143925,22.47220505424423,22.47220505424423,22.47220505424423,22.47220505424423,22.47220505424423,22.135943621178654,21.840329667841555,22.135943621178654,21.840329667841555,20.615528128088304,20.615528128088304,20.396078054371138,19.235384061671343,20.09975124224178,19.026297590440446,0.0,0.0,0.0,0.0,0.0,0.0,0.0,0.0,0.0,0.0,0.0,16.492422502470642,17.26267650163207,17.11724276862369,17.029386365926403,18.027756377319946,18.0,19.0,20.0,20.024984394500787,20.09975124224178,20.09975124224178,20.223748416156685,21.213203435596427,21.213203435596427,21.213203435596427,21.213203435596427,21.095023109728988,21.095023109728988,22.090722034374522,22.02271554554524,23.021728866442675,23.0,23.0,24.020824298928627,23.021728866442675,24.08318915758459
149.03690818049066,6.0,16.278820596099706,16.278820596099706,15.556349186104045,15.556349186104045,16.278820596099706,14.866068747318506,14.866068747318506,15.620499351813308,15.0,15.0,15.0,15.0,15.0,15.0,15.0,15.0,14.212670403551895,14.866068747318506,14.212670403551895,14.142135623730951,14.142135623730951,13.45362404707371,13.45362404707371,14.212670403551895,13.601470508735444,0.0,0.0,0.0,0.0,0.0,0.0,0.0,0.0,0.0,0.0,0.0,11.313708498984761,11.313708498984761,11.40175425099138,11.40175425099138,12.206555615733702,12.206555615733702,13.038404810405298,13.601470508735444,13.601470508735444,13.892443989449804,14.317821063276353,14.317821063276353,14.317821063276353,14.7648230602334,14.317821063276353,14.7648230602334,14.7648230602334,14.7648230602334,14.7648230602334,15.264337522473747,15.264337522473747,15.811388300841896,15.811388300841896,15.811388300841896,16.401219466856727,16.401219466856727
169.33103672983285,7.0,25.179356624028344,25.317977802344327,24.186773244895647,25.495097567963924,24.515301344262525,23.53720459187964,23.769728648009426,23.769728648009426,23.769728648009426,24.351591323771842,24.351591323771842,23.40939982143925,23.40939982143925,23.40939982143925,23.40939982143925,23.08679276123039,22.80350850198276,23.769728648009426,22.80350850198276,22.561028345356956,21.37755832643195,21.37755832643195,21.213203435596427,21.213203435596427,21.02379604162864,0.0,0.0,0.0,0.0,0.0,0.0,0.0,0.0,0.0,0.0,0.0,17.26267650163207,18.110770276274835,18.027756377319946,18.0,18.0,19.026297590440446,19.026297590440446,21.02379604162864,21.095023109728988,20.09975124224178,21.213203435596427,21.213203435596427,21.213203435596427,22.20360331117452,22.360679774997898,22.360679774997898,22.20360331117452,23.194827009486403,23.08679276123039,22.090722034374522,23.021728866442675,24.020824298928627,24.0,23.021728866442675,24.020824298928627,24.020824298928627
149.03690818049066,6.0,16.64331697709324,15.264337522473747,15.811388300841896,15.811388300841896,16.401219466856727,15.0,15.620499351813308,15.620499351813308,15.620499351813308,15.556349186104045,15.556349186104045,15.556349186104045,14.866068747318506,15.556349186104045,14.866068747318506,15.556349186104045,14.212670403551895,15.620499351813308,15.0,15.0,14.422205101855956,14.422205101855956,13.892443989449804,13.892443989449804,13.416407864998739,0.0,0.0,0.0,0.0,0.0,0.0,0.0,0.0,0.0,0.0,0.0,11.40175425099138,10.816653826391969,11.661903789690601,11.180339887498949,12.529964086141668,12.083045973594572,13.0,14.317821063276353,13.0,13.92838827718412,13.92838827718412,14.560219778561036,14.560219778561036,14.866068747318506,14.560219778561036,15.811388300841896,14.866068747318506,15.811388300841896,14.866068747318506,15.231546211727817,15.231546211727817,15.231546211727817,16.55294535724685,15.652475842498529,16.1245154965971,16.1245154965971
120.07081243999309,6.0,17.0,16.0,17.0,16.0312195418814,16.0312195418814,16.0312195418814,16.1245154965971,16.1245154965971,16.1245154965971,16.278820596099706,16.278820596099706,15.297058540778355,15.297058540778355,16.278820596099706,15.297058540778355,16.1245154965971,15.132745950421556,16.1245154965971,15.132745950421556,15.033296378372908,14.035668847618199,14.0,14.0,14.035668847618199,14.142135623730951,0.0,0.0,0.0,0.0,0.0,0.0,0.0,0.0,0.0,0.0,0.0,12.041594578792296,12.0,13.038404810405298,13.038404810405298,13.038404810405298,13.152946437965905,13.152946437965905,14.142135623730951,14.317821063276353,14.317821063276353,14.560219778561036,14.560219778561036,14.560219778561036,15.524174696260024,14.866068747318506,15.524174696260024,15.524174696260024,15.524174696260024,15.297058540778355,15.297058540778355,16.278820596099706,16.278820596099706,16.1245154965971,16.1245154965971,16.1245154965971,17.11724276862369
146.0,6.0,26.1725046566048,26.30589287593181,25.317977802344327,25.495097567963924,25.709920264364882,24.73863375370596,24.73863375370596,25.0,25.0,25.96150997149434,25.298221281347036,24.351591323771842,24.351591323771842,24.351591323771842,25.298221281347036,24.041630560342615,23.769728648009426,24.73863375370596,24.73863375370596,23.53720459187964,22.561028345356956,22.360679774997898,22.20360331117452,23.08679276123039,22.0,0.0,0.0,0.0,0.0,0.0,0.0,0.0,0.0,0.0,0.0,0.0,18.439088914585774,18.110770276274835,18.027756377319946,19.026297590440446,19.0,20.024984394500787,20.024984394500787,22.02271554554524,22.02271554554524,21.095023109728988,22.20360331117452,22.360679774997898,22.360679774997898,23.194827009486403,23.345235059857504,23.194827009486403,23.194827009486403,24.186773244895647,24.08318915758459,24.08318915758459,25.019992006393608,25.019992006393608,25.0,26.0,26.019223662515376,26.019223662515376
149.03690818049066,6.0,25.238858928247925,25.0,24.413111231467404,25.0,24.839484696748443,23.430749027719962,22.67156809750927,23.345235059857504,23.345235059857504,24.041630560342615,24.041630560342615,23.345235059857504,23.345235059857504,23.345235059857504,23.345235059857504,22.627416997969522,22.67156809750927,23.345235059857504,22.67156809750927,22.02271554554524,21.400934559032695,20.808652046684813,20.248456731316587,20.591260281974,20.12461179749811,0.0,0.0,0.0,0.0,0.0,0.0,0.0,0.0,0.0,0.0,0.0,17.029386365926403,17.204650534085253,17.204650534085253,18.027756377319946,18.867962264113206,18.35755975068582,19.235384061671343,20.591260281974,20.12461179749811,20.615528128088304,21.540659228538015,21.18962010041709,21.18962010041709,22.135943621178654,22.135943621178654,22.135943621178654,21.540659228538015,22.847319317591726,22.847319317591726,22.847319317591726,23.259406699226016,23.706539182259394,23.706539182259394,24.186773244895647,24.186773244895647,24.698178070456937
169.33103672983285,7.0,15.524174696260024,15.811388300841896,14.866068747318506,15.231546211727817,15.231546211727817,15.231546211727817,14.317821063276353,14.7648230602334,14.317821063276353,14.7648230602334,14.7648230602334,14.7648230602334,14.7648230602334,14.7648230602334,13.892443989449804,14.7648230602334,14.317821063276353,14.317821063276353,14.317821063276353,13.0,13.0,13.601470508735444,12.36931687685298,13.341664064126334,12.165525060596439,0.0,0.0,0.0,0.0,0.0,0.0,0.0,0.0,0.0,0.0,0.0,10.770329614269007,10.44030650891055,10.198039027185569,11.180339887498949,11.180339887498949,11.045361017187261,12.165525060596439,13.038404810405298,13.038404810405298,13.0,13.0,14.035668847618199,14.0,14.0,14.0,14.0,14.0,14.035668847618199,14.035668847618199,14.035668847618199,15.132745950421556,15.132745950421556,15.132745950421556,15.297058540778355,15.297058540778355,15.297058540778355
149.03690818049066,6.0,23.769728648009426,23.769728648009426,24.698178070456937,23.40939982143925,24.351591323771842,23.08679276123039,23.08679276123039,23.769728648009426,23.769728648009426,23.345235059857504,23.345235059857504,23.345235059857504,23.345235059857504,23.345235059857504,23.53720459187964,22.561028345356956,22.80350850198276,22.80350850198276,23.08679276123039,22.135943621178654,21.18962010041709,21.540659228538015,20.615528128088304,21.02379604162864,20.591260281974,0.0,0.0,0.0,0.0,0.0,0.0,0.0,0.0,0.0,0.0,0.0,16.76305461424021,17.46424919657298,16.55294535724685,17.88854381999832,17.88854381999832,18.35755975068582,18.867962264113206,20.248456731316587,20.248456731316587,20.0,20.0,20.615528128088304,20.615528128088304,21.400934559032695,22.02271554554524,22.02271554554524,21.400934559032695,22.20360331117452,22.20360331117452,22.20360331117452,23.021728866442675,23.853720883753127,23.323807579381203,23.706539182259394,23.706539182259394,24.596747752497688
169.33103672983285,7.0,16.278820596099706,17.69180601295413,16.97056274847714,17.69180601295413,17.029386365926403,16.401219466856727,16.401219466856727,16.401219466856727,15.811388300841896,16.401219466856727,16.64331697709324,15.811388300841896,16.64331697709324,15.811388300841896,16.401219466856727,15.811388300841896,16.401219466856727,15.620499351813308,15.620499351813308,15.620499351813308,14.866068747318506,14.142135623730951,14.142135623730951,14.212670403551895,14.212670403551895,0.0,0.0,0.0,0.0,0.0,0.0,0.0,0.0,0.0,0.0,0.0,11.313708498984761,12.041594578792296,11.40175425099138,12.806248474865697,12.206555615733702,13.038404810405298,13.038404810405298,14.422205101855956,13.892443989449804,13.892443989449804,14.317821063276353,14.7648230602334,14.7648230602334,15.652475842498529,15.652475842498529,15.231546211727817,15.652475842498529,15.652475842498529,16.1245154965971,15.264337522473747,16.64331697709324,16.64331697709324,16.401219466856727,16.401219466856727,17.029386365926403,17.029386365926403
120.07081243999309,6.0,25.632011235952593,26.0,26.0,25.495097567963924,25.942243542145693,25.059928172283335,24.186773244895647,24.698178070456937,24.186773244895647,24.698178070456937,25.238858928247925,24.413111231467404,24.413111231467404,23.853720883753127,23.853720883753127,24.698178070456937,22.825424421026653,24.186773244895647,24.186773244895647,22.825424421026653,22.360679774997898,21.93171219946131,21.540659228538015,22.135943621178654,20.8806130178211,0.0,0.0,0.0,0.0,0.0,0.0,0.0,0.0,0.0,0.0,0.0,17.46424919657298,18.027756377319946,18.681541692269406,18.681541692269406,19.6468827043885,19.4164878389476,20.396078054371138,21.37755832643195,21.37755832643195,22.20360331117452,22.090722034374522,22.090722034374522,22.090722034374522,23.08679276123039,23.08679276123039,24.08318915758459,23.194827009486403,24.186773244895647,23.345235059857504,23.345235059857504,24.515301344262525,24.515301344262525,24.73863375370596,24.73863375370596,25.0,25.0
149.03690818049066,6.0,17.029386365926403,17.029386365926403,16.0312195418814,17.0,17.029386365926403,16.0312195418814,15.033296378372908,16.1245154965971,15.132745950421556,16.1245154965971,15.297058540778355,15.297058540778355,15.297058540778355,15.297058540778355,15.297058540778355,15.132745950421556,15.132745950421556,15.132745950421556,15.033296378372908,14.035668847618199,14.035668847618199,14.0,14.0,14.035668847618199,13.152946437965905,0.0,0.0,0.0,0.0,0.0,0.0,0.0,0.0,0.0,0.0,0.0,12.0,12.041594578792296,12.165525060596439,13.341664064126334,13.341664064126334,13.341664064126334,13.601470508735444,14.560219778561036,14.560219778561036,14.866068747318506,14.866068747318506,14.866068747318506,14.866068747318506,14.866068747318506,15.231546211727817,16.15549442140351,15.811388300841896,15.811388300841896,15.811388300841896,15.524174696260024,16.492422502470642,16.278820596099706,16.278820596099706,16.278820596099706,17.11724276862369,17.11724276862369
169.33103672983285,7.0,10.816653826391969,11.40175425099138,10.0,11.40175425099138,10.63014581273465,10.63014581273465,10.63014581273465,10.63014581273465,9.899494936611665,11.313708498984761,9.899494936611665,9.899494936611665,9.899494936611665,9.219544457292887,9.899494936611665,9.899494936611665,9.899494936611665,10.63014581273465,9.219544457292887,9.219544457292887,8.602325267042627,9.433981132056603,8.94427190999916,9.433981132056603,8.94427190999916,0.0,0.0,0.0,0.0,0.0,0.0,0.0,0.0,0.0,0.0,0.0,7.810249675906654,8.602325267042627,8.602325267042627,8.602325267042627,8.06225774829855,8.06225774829855,8.94427190999916,9.433981132056603,8.94427190999916,9.848857801796104,9.848857801796104,9.848857801796104,9.848857801796104,9.848857801796104,10.44030650891055,10.770329614269007,10.770329614269007,9.848857801796104,10.770329614269007,9.848857801796104,11.180339887498949,11.180339887498949,10.816653826391969,10.295630140987,10.816653826391969,10.816653826391969
149.03690818049066,6.0,18.027756377319946,17.804493814764857,18.027756377319946,17.804493814764857,17.804493814764857,17.029386365926403,17.029386365926403,17.029386365926403,17.029386365926403,16.97056274847714,16.97056274847714,16.97056274847714,16.278820596099706,16.97056274847714,16.97056274847714,16.97056274847714,15.620499351813308,16.278820596099706,15.620499351813308,15.620499351813308,15.0,15.0,14.422205101855956,15.264337522473747,14.7648230602334,0.0,0.0,0.0,0.0,0.0,0.0,0.0,0.0,0.0,0.0,0.0,12.806248474865697,13.601470508735444,13.892443989449804,13.892443989449804,13.892443989449804,14.317821063276353,14.317821063276353,15.652475842498529,15.231546211727817,16.15549442140351,15.811388300841896,15.811388300841896,15.811388300841896,15.811388300841896,16.76305461424021,16.76305461424021,17.08800749063506,17.08800749063506,16.15549442140351,16.15549442140351,17.46424919657298,17.88854381999832,17.88854381999832,17.0,17.4928556845359,17.88854381999832
169.33103672983285,7.0,18.973665961010276,18.384776310850235,18.027756377319946,18.384776310850235,18.384776310850235,17.46424919657298,17.46424919657298,17.0,17.88854381999832,17.4928556845359,17.4928556845359,17.4928556845359,17.4928556845359,17.4928556845359,17.4928556845359,17.0,17.0,17.88854381999832,16.55294535724685,16.55294535724685,15.231546211727817,15.231546211727817,14.866068747318506,15.811388300841896,14.560219778561036,0.0,0.0,0.0,0.0,0.0,0.0,0.0,0.0,0.0,0.0,0.0,13.0,13.92838827718412,13.601470508735444,14.560219778561036,14.317821063276353,14.317821063276353,15.297058540778355,16.278820596099706,15.132745950421556,16.1245154965971,16.1245154965971,16.0312195418814,17.029386365926403,16.1245154965971,17.029386365926403,17.029386365926403,17.11724276862369,17.11724276862369,17.11724276862369,17.11724276862369,17.26267650163207,17.26267650163207,17.46424919657298,17.46424919657298,17.72004514666935,18.681541692269406
120.07081243999309,6.0,26.627053911388696,25.238858928247925,26.076809620810597,25.553864678361276,25.059928172283335,24.596747752497688,24.596747752497688,25.079872407968907,25.079872407968907,24.698178070456937,24.698178070456937,24.698178070456937,23.40939982143925,25.632011235952593,23.769728648009426,24.698178070456937,22.847319317591726,24.166091947189145,24.166091947189145,23.259406699226016,22.360679774997898,22.825424421026653,21.633307652783937,21.633307652783937,21.400934559032695,0.0,0.0,0.0,0.0,0.0,0.0,0.0,0.0,0.0,0.0,0.0,18.867962264113206,18.601075237738275,19.209372712298546,18.439088914585774,19.849433241279208,19.1049731745428,21.213203435596427,21.93171219946131,21.93171219946131,22.67156809750927,22.02271554554524,22.80350850198276,22.80350850198276,22.80350850198276,22.80350850198276,24.20743687382041,23.430749027719962,24.08318915758459,23.345235059857504,24.041630560342615,24.758836806279895,24.758836806279895,25.495097567963924,24.839484696748443,25.612496949731394,25.612496949731394
120.07081243999309,6.0,24.413111231467404,24.20743687382041,24.20743687382041,23.430749027719962,24.08318915758459,22.67156809750927,22.627416997969522,22.627416997969522,23.345235059857504,22.67156809750927,23.430749027719962,22.67156809750927,22.02271554554524,22.67156809750927,22.67156809750927,22.67156809750927,21.213203435596427,22.627416997969522,21.93171219946131,21.2602916254693,21.2602916254693,21.400934559032695,20.0,20.248456731316587,19.72308292331602,0.0,0.0,0.0,0.0,0.0,0.0,0.0,0.0,0.0,0.0,0.0,17.029386365926403,17.204650534085253,17.4928556845359,17.4928556845359,18.35755975068582,17.88854381999832,20.12461179749811,21.02379604162864,20.615528128088304,20.615528128088304,21.18962010041709,21.18962010041709,21.18962010041709,21.540659228538015,21.18962010041709,22.135943621178654,21.540659228538015,22.47220505424423,21.93171219946131,21.93171219946131,23.259406699226016,23.706539182259394,23.706539182259394,23.323807579381203,23.323807579381203,23.323807579381203
149.03690818049066,6.0,25.179356624028344,24.08318915758459,25.079872407968907,24.020824298928627,25.0,24.0,24.020824298928627,23.021728866442675,24.08318915758459,24.08318915758459,24.186773244895647,23.194827009486403,23.08679276123039,23.194827009486403,23.194827009486403,24.08318915758459,22.02271554554524,23.021728866442675,23.021728866442675,22.0,22.02271554554524,22.090722034374522,21.095023109728988,21.213203435596427,20.615528128088304,0.0,0.0,0.0,0.0,0.0,0.0,0.0,0.0,0.0,0.0,0.0,17.029386365926403,17.11724276862369,18.24828759089466,17.46424919657298,18.439088914585774,18.681541692269406,19.924858845171276,20.8806130178211,21.18962010041709,20.615528128088304,20.615528128088304,21.02379604162864,21.93171219946131,21.93171219946131,21.93171219946131,21.93171219946131,21.540659228538015,22.47220505424423,22.135943621178654,22.135943621178654,24.041630560342615,23.769728648009426,23.769728648009426,24.515301344262525,24.515301344262525,23.345235059857504
169.33103672983285,7.0,22.561028345356956,22.360679774997898,23.345235059857504,23.194827009486403,22.20360331117452,22.090722034374522,22.090722034374522,22.02271554554524,22.02271554554524,22.0,22.0,21.0,21.0,22.02271554554524,22.0,21.0,21.02379604162864,22.02271554554524,21.095023109728988,21.095023109728988,20.09975124224178,19.235384061671343,19.4164878389476,19.6468827043885,18.973665961010276,0.0,0.0,0.0,0.0,0.0,0.0,0.0,0.0,0.0,0.0,0.0,17.26267650163207,16.492422502470642,16.76305461424021,17.72004514666935,18.027756377319946,18.384776310850235,18.384776310850235,19.313207915827967,19.697715603592208,19.235384061671343,19.72308292331602,19.72308292331602,20.591260281974,20.591260281974,20.591260281974,21.470910553583888,21.02379604162864,21.02379604162864,21.02379604162864,21.02379604162864,21.93171219946131,22.47220505424423,22.47220505424423,22.47220505424423,22.135943621178654,23.08679276123039
169.33103672983285,7.0,24.08318915758459,23.430749027719962,24.20743687382041,24.20743687382041,24.413111231467404,23.021728866442675,23.021728866442675,23.323807579381203,23.323807579381203,24.186773244895647,23.706539182259394,22.825424421026653,22.825424421026653,23.706539182259394,22.825424421026653,23.323807579381203,22.47220505424423,23.853720883753127,23.021728866442675,22.20360331117452,21.400934559032695,21.2602916254693,20.518284528683193,21.213203435596427,20.518284528683193,0.0,0.0,0.0,0.0,0.0,0.0,0.0,0.0,0.0,0.0,0.0,17.204650534085253,17.029386365926403,16.97056274847714,17.69180601295413,18.439088914585774,18.439088914585774,19.209372712298546,20.615528128088304,20.615528128088304,20.808652046684813,20.248456731316587,21.095023109728988,21.095023109728988,21.095023109728988,21.095023109728988,21.633307652783937,21.633307652783937,22.20360331117452,22.20360331117452,22.20360331117452,23.430749027719962,23.430749027719962,24.08318915758459,24.08318915758459,24.041630560342615,24.041630560342615
149.03690818049066,6.0,25.079872407968907,25.079872407968907,25.079872407968907,25.632011235952593,24.698178070456937,24.351591323771842,24.351591323771842,24.041630560342615,24.041630560342615,24.73863375370596,24.73863375370596,23.53720459187964,23.53720459187964,24.73863375370596,23.769728648009426,24.041630560342615,23.08679276123039,24.351591323771842,23.40939982143925,22.47220505424423,21.93171219946131,22.360679774997898,21.470910553583888,21.95449840010015,21.633307652783937,0.0,0.0,0.0,0.0,0.0,0.0,0.0,0.0,0.0,0.0,0.0,17.72004514666935,18.384776310850235,17.88854381999832,18.788294228055936,19.235384061671343,19.72308292331602,19.72308292331602,21.095023109728988,20.248456731316587,21.400934559032695,21.400934559032695,22.02271554554524,22.02271554554524,22.02271554554524,22.67156809750927,23.430749027719962,22.80350850198276,23.600847442411894,23.600847442411894,23.021728866442675,24.413111231467404,23.853720883753127,24.698178070456937,24.698178070456937,25.059928172283335,25.059928172283335
146.0,6.0,25.079872407968907,24.698178070456937,24.698178070456937,24.351591323771842,25.298221281347036,24.041630560342615,24.041630560342615,23.769728648009426,23.53720459187964,23.53720459187964,24.515301344262525,23.345235059857504,23.53720459187964,23.345235059857504,23.53720459187964,23.769728648009426,22.80350850198276,23.769728648009426,23.08679276123039,22.135943621178654,21.18962010041709,21.93171219946131,21.02379604162864,21.470910553583888,21.095023109728988,0.0,0.0,0.0,0.0,0.0,0.0,0.0,0.0,0.0,0.0,0.0,17.08800749063506,17.46424919657298,17.88854381999832,18.35755975068582,18.35755975068582,18.867962264113206,20.248456731316587,20.248456731316587,20.808652046684813,21.400934559032695,21.2602916254693,21.2602916254693,22.02271554554524,22.02271554554524,22.67156809750927,22.02271554554524,22.80350850198276,22.80350850198276,23.021728866442675,23.021728866442675,23.853720883753127,24.698178070456937,23.323807579381203,24.186773244895647,25.059928172283335,23.706539182259394
141.73566946961517,8.0,19.6468827043885,14.7648230602334,13.601470508735444,10.198039027185569,14.866068747318506,13.341664064126334,16.15549442140351,10.44030650891055,15.620499351813308,11.0,11.180339887498949,13.0,7.280109889280518,15.297058540778355,12.0,14.866068747318506,13.0,5.385164807134504,10.04987562112089,7.0710678118654755,11.180339887498949,8.246211251235321,9.055385138137417,4.47213595499958,9.848857801796104,0.0,0.0,0.0,0.0,0.0,0.0,0.0,0.0,0.0,0.0,0.0,11.40175425099138,8.94427190999916,13.038404810405298,13.0,14.142135623730951,12.083045973594572,10.770329614269007,13.0,11.661903789690601,12.649110640673518,11.704699910719626,16.76305461424021,13.601470508735444,14.212670403551895,11.180339887498949,18.384776310850235,13.92838827718412,11.661903789690601,16.55294535724685,11.704699910719626,8.94427190999916,13.92838827718412,17.46424919657298,21.18962010041709,10.44030650891055,9.0
146.72763884149435,8.0,10.63014581273465,10.770329614269007,8.06225774829855,7.810249675906654,6.4031242374328485,6.324555320336759,6.4031242374328485,2.8284271247461903,1.0,2.8284271247461903,6.4031242374328485,5.0,9.0,14.142135623730951,8.06225774829855,9.486832980505138,10.198039027185569,7.280109889280518,7.280109889280518,13.0,7.0710678118654755,5.0990195135927845,2.23606797749979,5.385164807134504,4.123105625617661,0.0,0.0,0.0,0.0,0.0,0.0,0.0,0.0,0.0,0.0,0.0,5.830951894845301,6.708203932499369,10.816653826391969,8.06225774829855,3.1622776601683795,7.810249675906654,2.8284271247461903,1.4142135623730951,9.0,3.605551275463989,2.23606797749979,8.06225774829855,8.246211251235321,10.770329614269007,13.152946437965905,12.041594578792296,11.40175425099138,11.661903789690601,9.0,5.0,5.0,3.0,5.830951894845301,6.4031242374328485,8.48528137423857,3.605551275463989
149.03690818049066,6.0,24.041630560342615,23.769728648009426,23.769728648009426,23.53720459187964,23.53720459187964,23.345235059857504,23.345235059857504,23.194827009486403,23.194827009486403,24.08318915758459,23.021728866442675,23.021728866442675,23.021728866442675,23.08679276123039,23.08679276123039,23.08679276123039,22.20360331117452,23.345235059857504,22.360679774997898,22.360679774997898,21.587033144922902,20.615528128088304,19.924858845171276,21.18962010041709,20.615528128088304,0.0,0.0,0.0,0.0,0.0,0.0,0.0,0.0,0.0,0.0,0.0,17.72004514666935,18.027756377319946,18.384776310850235,18.384776310850235,18.788294228055936,18.788294228055936,19.235384061671343,20.591260281974,20.591260281974,20.248456731316587,20.248456731316587,21.633307652783937,21.633307652783937,21.633307652783937,21.633307652783937,22.20360331117452,21.633307652783937,21.95449840010015,21.95449840010015,21.95449840010015,22.825424421026653,23.259406699226016,23.259406699226016,22.847319317591726,23.769728648009426,23.769728648009426
169.33103672983285,7.0,11.0,11.045361017187261,11.045361017187261,11.045361017187261,11.180339887498949,11.045361017187261,10.198039027185569,10.198039027185569,10.198039027185569,10.44030650891055,10.44030650891055,10.44030650891055,10.44030650891055,10.44030650891055,10.44030650891055,10.198039027185569,10.198039027185569,10.198039027185569,10.198039027185569,10.198039027185569,10.198039027185569,9.055385138137417,9.0,9.0,9.0,0.0,0.0,0.0,0.0,0.0,0.0,0.0,0.0,0.0,0.0,0.0,8.06225774829855,8.0,8.0,8.0,8.06225774829855,8.06225774829855,9.055385138137417,9.055385138137417,9.055385138137417,9.219544457292887,9.219544457292887,9.486832980505138,9.486832980505138,9.219544457292887,9.486832980505138,9.486832980505138,9.486832980505138,10.198039027185569,10.198039027185569,10.04987562112089,10.198039027185569,11.045361017187261,10.04987562112089,11.045361017187261,11.045361017187261,10.0
149.03690818049066,6.0,24.20743687382041,25.0,24.413111231467404,23.853720883753127,24.698178070456937,22.47220505424423,22.825424421026653,22.825424421026653,22.825424421026653,22.825424421026653,22.360679774997898,22.360679774997898,22.360679774997898,22.360679774997898,22.360679774997898,21.95449840010015,21.095023109728988,21.95449840010015,21.095023109728988,20.808652046684813,20.0,19.209372712298546,19.1049731745428,19.79898987322333,19.1049731745428,0.0,0.0,0.0,0.0,0.0,0.0,0.0,0.0,0.0,0.0,0.0,18.35755975068582,19.4164878389476,18.601075237738275,19.849433241279208,19.849433241279208,19.849433241279208,20.518284528683193,21.93171219946131,22.627416997969522,21.93171219946131,22.02271554554524,22.80350850198276,22.80350850198276,22.80350850198276,23.600847442411894,22.80350850198276,23.430749027719962,23.430749027719962,23.430749027719962,23.345235059857504,24.758836806279895,24.041630560342615,24.758836806279895,24.08318915758459,25.495097567963924,24.839484696748443
169.33103672983285,7.0,16.64331697709324,15.811388300841896,17.4928556845359,16.1245154965971,16.55294535724685,15.652475842498529,15.652475842498529,16.15549442140351,17.46424919657298,16.15549442140351,16.15549442140351,14.866068747318506,14.866068747318506,15.811388300841896,14.866068747318506,15.231546211727817,14.317821063276353,15.231546211727817,15.231546211727817,14.317821063276353,14.317821063276353,13.892443989449804,13.038404810405298,13.601470508735444,12.806248474865697,0.0,0.0,0.0,0.0,0.0,0.0,0.0,0.0,0.0,0.0,0.0,13.038404810405298,12.206555615733702,13.601470508735444,12.806248474865697,13.45362404707371,13.45362404707371,14.142135623730951,14.866068747318506,14.866068747318506,14.866068747318506,15.0,15.0,15.0,15.0,15.0,15.620499351813308,14.866068747318506,16.278820596099706,14.866068747318506,15.556349186104045,16.278820596099706,16.278820596099706,17.029386365926403,16.278820596099706,16.278820596099706,16.401219466856727
169.33103672983285,7.0,12.041594578792296,12.041594578792296,11.045361017187261,11.180339887498949,11.180339887498949,11.180339887498949,11.180339887498949,10.198039027185569,10.198039027185569,10.44030650891055,11.40175425099138,10.44030650891055,10.44030650891055,11.40175425099138,10.44030650891055,11.40175425099138,10.198039027185569,11.180339887498949,10.198039027185569,10.198039027185569,10.04987562112089,10.04987562112089,10.0,10.0,10.0,0.0,0.0,0.0,0.0,0.0,0.0,0.0,0.0,0.0,0.0,0.0,9.055385138137417,9.0,9.0,9.055385138137417,9.055385138137417,9.055385138137417,10.04987562112089,10.04987562112089,10.04987562112089,11.180339887498949,11.180339887498949,10.198039027185569,10.198039027185569,10.198039027185569,10.198039027185569,11.40175425099138,11.180339887498949,11.180339887498949,11.180339887498949,10.04987562112089,11.045361017187261,12.041594578792296,11.045361017187261,12.0,11.0,12.0
149.03690818049066,6.0,18.35755975068582,18.35755975068582,17.4928556845359,18.027756377319946,18.027756377319946,17.204650534085253,17.204650534085253,17.804493814764857,17.204650534085253,17.804493814764857,17.69180601295413,17.69180601295413,17.69180601295413,17.69180601295413,17.029386365926403,17.029386365926403,16.401219466856727,17.804493814764857,17.204650534085253,16.401219466856727,15.811388300841896,16.1245154965971,15.264337522473747,15.652475842498529,15.231546211727817,0.0,0.0,0.0,0.0,0.0,0.0,0.0,0.0,0.0,0.0,0.0,13.892443989449804,14.317821063276353,13.92838827718412,14.866068747318506,14.866068747318506,14.560219778561036,15.524174696260024,15.811388300841896,16.492422502470642,16.278820596099706,16.278820596099706,16.278820596099706,16.278820596099706,16.278820596099706,17.26267650163207,17.26267650163207,17.46424919657298,17.46424919657298,16.492422502470642,16.76305461424021,18.027756377319946,18.027756377319946,18.027756377319946,17.46424919657298,17.46424919657298,18.384776310850235
169.33103672983285,7.0,24.166091947189145,23.706539182259394,23.706539182259394,23.706539182259394,23.323807579381203,23.323807579381203,22.47220505424423,22.47220505424423,22.47220505424423,23.021728866442675,23.600847442411894,22.80350850198276,22.20360331117452,22.80350850198276,22.20360331117452,23.021728866442675,21.95449840010015,22.47220505424423,21.95449840010015,21.470910553583888,21.470910553583888,21.02379604162864,20.615528128088304,20.248456731316587,19.924858845171276,0.0,0.0,0.0,0.0,0.0,0.0,0.0,0.0,0.0,0.0,0.0,17.88854381999832,17.08800749063506,18.027756377319946,18.027756377319946,18.681541692269406,18.439088914585774,19.6468827043885,20.615528128088304,20.396078054371138,20.223748416156685,20.223748416156685,21.095023109728988,21.213203435596427,21.213203435596427,21.095023109728988,22.20360331117452,21.37755832643195,22.360679774997898,21.37755832643195,21.587033144922902,22.80350850198276,22.80350850198276,22.80350850198276,23.08679276123039,23.08679276123039,23.08679276123039
149.03690818049066,6.0,23.194827009486403,23.08679276123039,23.08679276123039,22.0,23.0,22.0,22.02271554554524,22.02271554554524,22.02271554554524,22.090722034374522,21.095023109728988,21.213203435596427,21.095023109728988,21.213203435596427,21.095023109728988,21.02379604162864,20.024984394500787,21.0,20.0,20.024984394500787,19.026297590440446,19.1049731745428,18.110770276274835,19.235384061671343,17.46424919657298,0.0,0.0,0.0,0.0,0.0,0.0,0.0,0.0,0.0,0.0,0.0,18.0,18.110770276274835,18.110770276274835,18.24828759089466,19.4164878389476,19.4164878389476,20.615528128088304,20.615528128088304,21.587033144922902,21.18962010041709,22.47220505424423,22.47220505424423,21.540659228538015,21.540659228538015,21.540659228538015,22.47220505424423,22.135943621178654,23.08679276123039,22.135943621178654,22.135943621178654,22.80350850198276,23.53720459187964,23.53720459187964,23.345235059857504,23.345235059857504,23.345235059857504
120.07081243999309,6.0,24.20743687382041,23.600847442411894,23.600847442411894,23.021728866442675,23.323807579381203,22.47220505424423,22.47220505424423,22.825424421026653,22.360679774997898,23.259406699226016,22.360679774997898,21.93171219946131,21.93171219946131,21.93171219946131,22.360679774997898,21.470910553583888,21.470910553583888,21.95449840010015,21.95449840010015,20.591260281974,20.248456731316587,19.4164878389476,18.601075237738275,19.209372712298546,19.1049731745428,0.0,0.0,0.0,0.0,0.0,0.0,0.0,0.0,0.0,0.0,0.0,16.64331697709324,17.804493814764857,17.029386365926403,18.439088914585774,17.69180601295413,19.1049731745428,19.1049731745428,20.518284528683193,20.518284528683193,20.615528128088304,20.615528128088304,21.400934559032695,21.400934559032695,21.400934559032695,22.20360331117452,22.20360331117452,22.02271554554524,22.02271554554524,22.02271554554524,22.02271554554524,23.345235059857504,23.345235059857504,22.627416997969522,23.345235059857504,23.345235059857504,23.430749027719962
120.07081243999309,6.0,16.15549442140351,16.15549442140351,16.15549442140351,15.811388300841896,15.811388300841896,14.560219778561036,14.560219778561036,15.524174696260024,15.297058540778355,15.297058540778355,15.297058540778355,14.317821063276353,14.142135623730951,15.297058540778355,14.317821063276353,15.297058540778355,14.317821063276353,14.560219778561036,14.560219778561036,13.601470508735444,13.601470508735444,13.92838827718412,13.0,13.416407864998739,12.529964086141668,0.0,0.0,0.0,0.0,0.0,0.0,0.0,0.0,0.0,0.0,0.0,11.704699910719626,12.083045973594572,12.529964086141668,12.529964086141668,12.529964086141668,13.038404810405298,13.892443989449804,14.422205101855956,14.422205101855956,14.212670403551895,14.212670403551895,14.212670403551895,14.866068747318506,15.0,14.866068747318506,15.620499351813308,15.0,15.0,15.0,15.811388300841896,15.811388300841896,15.264337522473747,16.1245154965971,16.1245154965971,16.1245154965971,15.652475842498529
146.72763884149435,8.0,8.602325267042627,6.324555320336759,3.605551275463989,5.830951894845301,7.810249675906654,7.810249675906654,12.083045973594572,9.0,9.899494936611665,12.206555615733702,8.06225774829855,10.0,3.605551275463989,7.810249675906654,8.06225774829855,8.602325267042627,7.211102550927978,9.433981132056603,6.4031242374328485,7.0710678118654755,6.708203932499369,8.0,5.0990195135927845,3.605551275463989,7.211102550927978,0.0,0.0,0.0,0.0,0.0,0.0,0.0,0.0,0.0,0.0,0.0,2.0,5.385164807134504,4.0,6.082762530298219,4.0,7.280109889280518,6.082762530298219,7.0710678118654755,12.083045973594572,8.54400374531753,9.055385138137417,11.40175425099138,4.0,5.0,4.242640687119285,6.082762530298219,3.605551275463989,12.041594578792296,6.4031242374328485,8.48528137423857,12.649110640673518,13.038404810405298,11.40175425099138,7.615773105863909,7.615773105863909,10.44030650891055
146.0,6.0,25.0,25.298221281347036,25.298221281347036,25.632011235952593,24.698178070456937,23.769728648009426,24.166091947189145,24.596747752497688,23.706539182259394,24.186773244895647,24.186773244895647,24.186773244895647,24.186773244895647,24.186773244895647,24.186773244895647,23.706539182259394,23.259406699226016,23.259406699226016,23.259406699226016,22.847319317591726,22.47220505424423,21.18962010041709,20.8806130178211,21.840329667841555,20.396078054371138,0.0,0.0,0.0,0.0,0.0,0.0,0.0,0.0,0.0,0.0,0.0,16.76305461424021,17.46424919657298,17.26267650163207,17.26267650163207,18.110770276274835,18.110770276274835,19.026297590440446,21.02379604162864,21.02379604162864,21.0,21.0,21.02379604162864,22.02271554554524,22.02271554554524,22.02271554554524,22.02271554554524,22.0,22.02271554554524,23.021728866442675,23.021728866442675,24.08318915758459,24.186773244895647,24.331050121192877,24.331050121192877,24.515301344262525,24.515301344262525
112.16059914247963,3.0,22.847319317591726,20.615528128088304,21.213203435596427,17.4928556845359,14.866068747318506,13.92838827718412,19.4164878389476,13.038404810405298,19.72308292331602,17.804493814764857,18.35755975068582,17.804493814764857,22.67156809750927,19.209372712298546,22.360679774997898,17.0,18.788294228055936,21.93171219946131,18.439088914585774,19.6468827043885,18.027756377319946,19.0,16.0,19.0,20.396078054371138,0.0,0.0,0.0,0.0,0.0,0.0,0.0,0.0,0.0,0.0,0.0,21.02379604162864,18.0,18.24828759089466,17.46424919657298,19.235384061671343,20.09975124224178,14.142135623730951,19.4164878389476,19.924858845171276,20.615528128088304,24.351591323771842,17.26267650163207,21.540659228538015,26.248809496813376,28.0178514522438,27.313000567495326,25.632011235952593,24.698178070456937,25.709920264364882,22.80350850198276,18.35755975068582,23.769728648009426,25.079872407968907,23.259406699226016,29.120439557122072,26.40075756488817
149.03690818049066,6.0,11.40175425099138,11.40175425099138,11.40175425099138,12.206555615733702,11.661903789690601,10.816653826391969,10.816653826391969,10.816653826391969,10.816653826391969,11.661903789690601,11.180339887498949,11.180339887498949,11.180339887498949,11.180339887498949,11.180339887498949,10.816653826391969,10.295630140987,10.816653826391969,10.816653826391969,10.0,10.0,10.0,9.219544457292887,9.899494936611665,9.899494936611665,0.0,0.0,0.0,0.0,0.0,0.0,0.0,0.0,0.0,0.0,0.0,8.602325267042627,8.48528137423857,9.219544457292887,9.219544457292887,9.219544457292887,9.219544457292887,10.0,10.0,10.0,10.295630140987,10.816653826391969,10.816653826391969,10.295630140987,10.816653826391969,10.816653826391969,11.661903789690601,11.40175425099138,10.816653826391969,11.40175425099138,11.40175425099138,10.63014581273465,11.40175425099138,11.313708498984761,11.313708498984761,12.041594578792296,11.313708498984761
169.33103672983285,7.0,16.492422502470642,16.492422502470642,17.46424919657298,17.26267650163207,17.11724276862369,16.1245154965971,16.1245154965971,16.0312195418814,17.029386365926403,17.029386365926403,16.0312195418814,16.0312195418814,16.0312195418814,16.0312195418814,16.0312195418814,16.1245154965971,15.132745950421556,16.1245154965971,16.278820596099706,15.297058540778355,14.317821063276353,14.560219778561036,13.601470508735444,13.92838827718412,14.317821063276353,0.0,0.0,0.0,0.0,0.0,0.0,0.0,0.0,0.0,0.0,0.0,12.041594578792296,12.165525060596439,12.36931687685298,12.36931687685298,12.649110640673518,12.649110640673518,13.601470508735444,14.866068747318506,13.92838827718412,14.317821063276353,14.317821063276353,14.7648230602334,14.7648230602334,14.7648230602334,14.7648230602334,15.652475842498529,15.652475842498529,15.231546211727817,15.231546211727817,15.231546211727817,15.811388300841896,16.15549442140351,15.811388300841896,15.811388300841896,16.76305461424021,16.76305461424021
149.03690818049066,6.0,24.331050121192877,24.186773244895647,24.331050121192877,23.08679276123039,23.08679276123039,22.02271554554524,23.021728866442675,23.0,23.0,23.0,23.021728866442675,23.021728866442675,23.021728866442675,23.021728866442675,23.0,23.0,22.02271554554524,23.021728866442675,22.02271554554524,22.090722034374522,21.095023109728988,20.223748416156685,20.396078054371138,20.615528128088304,19.924858845171276,0.0,0.0,0.0,0.0,0.0,0.0,0.0,0.0,0.0,0.0,0.0,17.11724276862369,17.26267650163207,16.492422502470642,17.72004514666935,17.72004514666935,18.027756377319946,18.027756377319946,20.248456731316587,19.313207915827967,19.697715603592208,20.12461179749811,20.12461179749811,20.12461179749811,20.12461179749811,21.470910553583888,21.470910553583888,21.02379604162864,21.540659228538015,21.540659228538015,21.540659228538015,22.47220505424423,22.135943621178654,22.80350850198276,22.80350850198276,22.80350850198276,23.769728648009426
169.33103672983285,7.0,11.661903789690601,12.206555615733702,12.206555615733702,12.206555615733702,12.806248474865697,11.40175425099138,12.041594578792296,12.041594578792296,11.313708498984761,12.041594578792296,11.313708498984761,12.041594578792296,11.313708498984761,12.041594578792296,12.041594578792296,12.041594578792296,11.313708498984761,12.041594578792296,11.40175425099138,10.63014581273465,11.40175425099138,10.816653826391969,10.295630140987,10.295630140987,9.848857801796104,0.0,0.0,0.0,0.0,0.0,0.0,0.0,0.0,0.0,0.0,0.0,8.602325267042627,9.433981132056603,8.94427190999916,9.486832980505138,9.848857801796104,9.848857801796104,9.848857801796104,9.848857801796104,10.770329614269007,10.44030650891055,10.44030650891055,10.198039027185569,11.180339887498949,11.40175425099138,11.40175425099138,11.40175425099138,11.40175425099138,11.704699910719626,10.770329614269007,11.704699910719626,12.083045973594572,13.0,12.083045973594572,12.083045973594572,12.529964086141668,12.529964086141668
149.03690818049066,6.0,17.69180601295413,17.69180601295413,17.69180601295413,17.69180601295413,17.69180601295413,16.97056274847714,17.029386365926403,17.029386365926403,17.029386365926403,17.804493814764857,17.804493814764857,17.804493814764857,17.804493814764857,17.804493814764857,17.029386365926403,17.69180601295413,16.97056274847714,16.97056274847714,16.97056274847714,16.278820596099706,16.278820596099706,15.620499351813308,15.811388300841896,15.811388300841896,16.1245154965971,0.0,0.0,0.0,0.0,0.0,0.0,0.0,0.0,0.0,0.0,0.0,12.041594578792296,12.806248474865697,12.206555615733702,13.038404810405298,13.038404810405298,13.038404810405298,13.892443989449804,13.892443989449804,14.7648230602334,14.7648230602334,14.317821063276353,15.231546211727817,15.231546211727817,15.652475842498529,15.231546211727817,15.231546211727817,15.652475842498529,15.652475842498529,16.1245154965971,16.1245154965971,16.64331697709324,16.64331697709324,16.64331697709324,17.204650534085253,17.204650534085253,17.204650534085253
169.33103672983285,7.0,15.556349186104045,16.278820596099706,15.556349186104045,15.620499351813308,15.620499351813308,15.620499351813308,15.0,15.0,15.0,15.811388300841896,15.811388300841896,15.264337522473747,15.264337522473747,15.264337522473747,15.264337522473747,15.0,15.0,15.0,14.212670403551895,14.212670403551895,14.866068747318506,14.142135623730951,13.45362404707371,13.45362404707371,13.601470508735444,0.0,0.0,0.0,0.0,0.0,0.0,0.0,0.0,0.0,0.0,0.0,10.63014581273465,11.313708498984761,12.041594578792296,12.041594578792296,11.40175425099138,12.206555615733702,12.806248474865697,13.601470508735444,13.038404810405298,13.038404810405298,13.892443989449804,13.892443989449804,13.892443989449804,13.892443989449804,13.892443989449804,14.7648230602334,13.892443989449804,14.422205101855956,14.422205101855956,14.422205101855956,15.0,15.0,15.0,15.620499351813308,14.866068747318506,15.620499351813308
149.03690818049066,6.0,26.0,26.0,25.079872407968907,25.495097567963924,25.942243542145693,24.596747752497688,25.059928172283335,24.698178070456937,24.698178070456937,25.238858928247925,25.238858928247925,24.413111231467404,24.413111231467404,25.238858928247925,24.698178070456937,24.698178070456937,24.186773244895647,25.059928172283335,24.596747752497688,23.259406699226016,22.847319317591726,22.47220505424423,22.135943621178654,22.135943621178654,21.587033144922902,0.0,0.0,0.0,0.0,0.0,0.0,0.0,0.0,0.0,0.0,0.0,17.88854381999832,18.384776310850235,18.027756377319946,18.681541692269406,18.681541692269406,19.4164878389476,20.396078054371138,21.587033144922902,21.37755832643195,21.213203435596427,21.095023109728988,22.090722034374522,22.090722034374522,22.090722034374522,23.08679276123039,22.090722034374522,22.20360331117452,23.194827009486403,23.345235059857504,23.345235059857504,24.515301344262525,24.73863375370596,24.73863375370596,25.0,25.0,25.298221281347036
169.33103672983285,7.0,10.816653826391969,11.40175425099138,11.40175425099138,11.40175425099138,11.313708498984761,11.313708498984761,9.899494936611665,10.63014581273465,10.63014581273465,10.63014581273465,10.63014581273465,10.63014581273465,11.40175425099138,10.63014581273465,10.63014581273465,10.0,10.63014581273465,10.63014581273465,9.899494936611665,9.899494936611665,10.63014581273465,9.219544457292887,10.0,10.0,9.433981132056603,0.0,0.0,0.0,0.0,0.0,0.0,0.0,0.0,0.0,0.0,0.0,8.06225774829855,8.94427190999916,8.54400374531753,8.54400374531753,8.54400374531753,8.54400374531753,8.54400374531753,9.486832980505138,9.486832980505138,9.486832980505138,10.198039027185569,10.198039027185569,10.198039027185569,10.44030650891055,11.40175425099138,10.44030650891055,11.40175425099138,10.44030650891055,10.770329614269007,10.770329614269007,10.770329614269007,11.180339887498949,11.180339887498949,11.180339887498949,11.661903789690601,10.816653826391969
120.07081243999309,6.0,12.083045973594572,12.083045973594572,12.083045973594572,12.649110640673518,11.704699910719626,11.704699910719626,11.40175425099138,11.40175425099138,12.36931687685298,12.36931687685298,12.36931687685298,11.40175425099138,11.180339887498949,12.36931687685298,11.40175425099138,11.40175425099138,10.44030650891055,11.40175425099138,11.40175425099138,10.770329614269007,10.770329614269007,9.848857801796104,9.848857801796104,10.295630140987,10.295630140987,0.0,0.0,0.0,0.0,0.0,0.0,0.0,0.0,0.0,0.0,0.0,9.486832980505138,8.94427190999916,8.94427190999916,9.433981132056603,9.433981132056603,9.433981132056603,10.0,10.816653826391969,10.0,10.63014581273465,10.63014581273465,10.63014581273465,11.313708498984761,10.63014581273465,10.63014581273465,11.40175425099138,10.63014581273465,11.40175425099138,11.40175425099138,11.40175425099138,11.661903789690601,12.206555615733702,12.206555615733702,10.816653826391969,12.206555615733702,12.529964086141668
120.07081243999309,6.0,24.166091947189145,24.166091947189145,24.596747752497688,24.186773244895647,24.698178070456937,23.323807579381203,23.021728866442675,23.021728866442675,23.021728866442675,23.600847442411894,22.80350850198276,22.80350850198276,22.80350850198276,22.80350850198276,22.20360331117452,23.021728866442675,22.47220505424423,22.47220505424423,22.47220505424423,21.470910553583888,20.591260281974,21.02379604162864,20.615528128088304,20.248456731316587,19.924858845171276,0.0,0.0,0.0,0.0,0.0,0.0,0.0,0.0,0.0,0.0,0.0,17.4928556845359,17.88854381999832,17.46424919657298,18.027756377319946,18.027756377319946,18.973665961010276,19.924858845171276,20.8806130178211,20.615528128088304,21.37755832643195,21.37755832643195,21.213203435596427,22.20360331117452,21.37755832643195,21.213203435596427,22.20360331117452,22.360679774997898,23.345235059857504,22.561028345356956,22.561028345356956,22.80350850198276,24.041630560342615,24.041630560342615,23.40939982143925,24.351591323771842,23.769728648009426
146.72763884149435,8.0,5.830951894845301,7.810249675906654,8.602325267042627,4.47213595499958,9.899494936611665,12.206555615733702,8.48528137423857,13.416407864998739,19.235384061671343,12.36931687685298,7.0710678118654755,8.06225774829855,6.324555320336759,7.615773105863909,6.082762530298219,7.280109889280518,10.0,9.486832980505138,5.0,8.54400374531753,5.830951894845301,9.899494936611665,5.385164807134504,5.0990195135927845,9.219544457292887,0.0,0.0,0.0,0.0,0.0,0.0,0.0,0.0,0.0,0.0,0.0,7.0,4.47213595499958,9.0,8.54400374531753,7.280109889280518,6.324555320336759,9.433981132056603,3.1622776601683795,6.324555320336759,5.385164807134504,7.0710678118654755,2.23606797749979,2.8284271247461903,7.0710678118654755,7.211102550927978,4.123105625617661,7.0710678118654755,12.529964086141668,14.422205101855956,9.055385138137417,9.219544457292887,11.40175425099138,4.47213595499958,7.0710678118654755,7.615773105863909,5.0
118.40608092492548,8.0,9.848857801796104,7.211102550927978,8.246211251235321,7.810249675906654,11.045361017187261,12.649110640673518,8.06225774829855,15.033296378372908,11.40175425099138,14.560219778561036,6.708203932499369,4.242640687119285,5.0,5.0,3.1622776601683795,2.8284271247461903,1.4142135623730951,4.123105625617661,8.06225774829855,3.0,6.324555320336759,7.810249675906654,7.810249675906654,5.830951894845301,9.433981132056603,0.0,0.0,0.0,0.0,0.0,0.0,0.0,0.0,0.0,0.0,0.0,6.4031242374328485,5.656854249492381,6.708203932499369,11.180339887498949,9.219544457292887,10.04987562112089,7.211102550927978,8.06225774829855,7.280109889280518,2.8284271247461903,5.656854249492381,5.0,5.385164807134504,6.708203932499369,3.605551275463989,9.433981132056603,12.529964086141668,5.830951894845301,12.36931687685298,6.708203932499369,9.219544457292887,9.433981132056603,6.4031242374328485,9.848857801796104,7.0710678118654755,1.4142135623730951
146.72763884149435,8.0,10.198039027185569,9.219544457292887,11.661903789690601,8.06225774829855,7.0710678118654755,3.0,8.48528137423857,6.0,10.44030650891055,1.0,7.615773105863909,11.40175425099138,5.830951894845301,7.211102550927978,8.602325267042627,9.0,6.708203932499369,11.40175425099138,6.324555320336759,5.0990195135927845,6.082762530298219,5.0990195135927845,7.0710678118654755,4.123105625617661,4.47213595499958,0.0,0.0,0.0,0.0,0.0,0.0,0.0,0.0,0.0,0.0,0.0,9.055385138137417,5.656854249492381,6.4031242374328485,7.0,5.656854249492381,5.0990195135927845,7.0710678118654755,5.0,5.0,6.082762530298219,3.1622776601683795,5.0990195135927845,7.211102550927978,7.211102550927978,9.219544457292887,8.06225774829855,10.63014581273465,12.206555615733702,13.601470508735444,7.280109889280518,12.041594578792296,5.0,6.4031242374328485,9.219544457292887,12.529964086141668,10.816653826391969
132.48396129343357,6.0,19.4164878389476,20.09975124224178,20.09975124224178,20.09975124224178,20.024984394500787,19.026297590440446,19.026297590440446,19.0,20.0,20.024984394500787,20.024984394500787,19.026297590440446,19.026297590440446,20.024984394500787,20.024984394500787,20.0,19.0,20.0,19.026297590440446,18.027756377319946,18.110770276274835,18.24828759089466,17.26267650163207,17.46424919657298,16.76305461424021,0.0,0.0,0.0,0.0,0.0,0.0,0.0,0.0,0.0,0.0,0.0,11.045361017187261,10.198039027185569,11.40175425099138,11.40175425099138,12.36931687685298,11.704699910719626,13.0,13.92838827718412,13.92838827718412,14.317821063276353,14.317821063276353,14.7648230602334,15.652475842498529,15.652475842498529,15.652475842498529,15.652475842498529,16.15549442140351,16.15549442140351,17.08800749063506,17.08800749063506,18.027756377319946,18.027756377319946,18.681541692269406,18.439088914585774,18.439088914585774,18.439088914585774
120.07081243999309,8.0,23.853720883753127,23.021728866442675,23.021728866442675,22.80350850198276,22.80350850198276,22.02271554554524,22.67156809750927,22.67156809750927,22.67156809750927,23.345235059857504,22.627416997969522,22.627416997969522,22.627416997969522,22.627416997969522,21.93171219946131,21.93171219946131,21.2602916254693,22.02271554554524,22.02271554554524,21.400934559032695,20.615528128088304,20.808652046684813,20.248456731316587,20.591260281974,20.12461179749811,0.0,0.0,0.0,0.0,0.0,0.0,0.0,0.0,0.0,0.0,0.0,13.892443989449804,13.416407864998739,14.317821063276353,14.317821063276353,15.231546211727817,14.866068747318506,16.15549442140351,17.08800749063506,17.08800749063506,17.08800749063506,17.72004514666935,17.72004514666935,18.681541692269406,18.681541692269406,19.6468827043885,19.6468827043885,18.973665961010276,19.924858845171276,20.248456731316587,19.313207915827967,21.02379604162864,21.02379604162864,21.470910553583888,21.470910553583888,21.470910553583888,22.360679774997898
149.03690818049066,6.0,15.811388300841896,15.811388300841896,15.0,15.620499351813308,15.620499351813308,15.620499351813308,14.866068747318506,14.866068747318506,14.866068747318506,15.556349186104045,14.866068747318506,14.866068747318506,15.556349186104045,14.866068747318506,15.556349186104045,15.556349186104045,14.866068747318506,14.866068747318506,14.866068747318506,14.212670403551895,13.601470508735444,13.601470508735444,13.892443989449804,13.892443989449804,13.416407864998739,0.0,0.0,0.0,0.0,0.0,0.0,0.0,0.0,0.0,0.0,0.0,8.602325267042627,9.433981132056603,8.94427190999916,8.94427190999916,10.295630140987,9.848857801796104,10.770329614269007,10.770329614269007,11.704699910719626,11.704699910719626,11.40175425099138,12.649110640673518,12.649110640673518,12.649110640673518,12.649110640673518,12.649110640673518,12.649110640673518,13.92838827718412,13.0,13.0,14.317821063276353,14.7648230602334,14.7648230602334,14.7648230602334,15.264337522473747,15.264337522473747
149.03690818049066,6.0,19.235384061671343,20.09975124224178,19.026297590440446,20.024984394500787,20.024984394500787,19.0,19.0,19.0,19.026297590440446,19.026297590440446,20.024984394500787,19.026297590440446,19.026297590440446,19.026297590440446,19.026297590440446,19.0,19.0,19.026297590440446,19.026297590440446,18.110770276274835,18.110770276274835,17.26267650163207,17.26267650163207,17.46424919657298,16.76305461424021,0.0,0.0,0.0,0.0,0.0,0.0,0.0,0.0,0.0,0.0,0.0,10.0,11.045361017187261,11.180339887498949,11.180339887498949,11.180339887498949,12.36931687685298,12.36931687685298,13.341664064126334,13.601470508735444,13.601470508735444,13.92838827718412,14.866068747318506,14.866068747318506,16.15549442140351,16.15549442140351,16.15549442140351,15.811388300841896,16.76305461424021,16.76305461424021,16.76305461424021,17.72004514666935,18.439088914585774,17.46424919657298,18.439088914585774,19.4164878389476,19.235384061671343
149.03690818049066,6.0,15.033296378372908,16.0312195418814,16.0312195418814,15.0,16.0312195418814,15.033296378372908,15.033296378372908,15.132745950421556,15.132745950421556,15.033296378372908,15.033296378372908,15.033296378372908,15.132745950421556,16.1245154965971,15.132745950421556,16.0312195418814,15.0,15.033296378372908,15.033296378372908,15.0,15.0,14.142135623730951,14.317821063276353,14.317821063276353,13.601470508735444,0.0,0.0,0.0,0.0,0.0,0.0,0.0,0.0,0.0,0.0,0.0,9.219544457292887,9.219544457292887,9.219544457292887,9.486832980505138,9.486832980505138,9.486832980505138,10.44030650891055,11.40175425099138,11.40175425099138,11.180339887498949,12.083045973594572,12.529964086141668,12.083045973594572,13.0,13.0,13.0,13.0,13.92838827718412,12.649110640673518,13.341664064126334,14.317821063276353,14.317821063276353,14.317821063276353,14.317821063276353,15.297058540778355,15.132745950421556
132.48396129343357,6.0,26.68332812825267,26.476404589747453,26.30589287593181,26.1725046566048,27.16615541441225,26.1725046566048,26.076809620810597,26.076809620810597,26.019223662515376,27.018512172212592,26.0,26.0,26.0,27.0,26.0,26.076809620810597,25.079872407968907,26.1725046566048,25.179356624028344,24.331050121192877,24.331050121192877,23.53720459187964,22.80350850198276,23.08679276123039,22.47220505424423,0.0,0.0,0.0,0.0,0.0,0.0,0.0,0.0,0.0,0.0,0.0,15.524174696260024,14.866068747318506,15.811388300841896,16.15549442140351,16.15549442140351,16.55294535724685,17.88854381999832,18.788294228055936,19.235384061671343,19.235384061671343,19.72308292331602,19.72308292331602,20.591260281974,20.591260281974,21.095023109728988,21.95449840010015,21.470910553583888,22.360679774997898,22.360679774997898,21.93171219946131,23.769728648009426,24.698178070456937,24.698178070456937,25.298221281347036,25.298221281347036,25.0
149.03690818049066,6.0,25.632011235952593,25.079872407968907,26.0,25.079872407968907,25.495097567963924,24.596747752497688,24.596747752497688,24.186773244895647,24.698178070456937,25.238858928247925,25.238858928247925,25.238858928247925,24.698178070456937,24.698178070456937,24.698178070456937,25.059928172283335,23.706539182259394,24.596747752497688,24.596747752497688,23.259406699226016,22.847319317591726,23.08679276123039,22.135943621178654,21.840329667841555,21.37755832643195,0.0,0.0,0.0,0.0,0.0,0.0,0.0,0.0,0.0,0.0,0.0,13.601470508735444,13.601470508735444,14.317821063276353,14.317821063276353,15.297058540778355,15.132745950421556,16.1245154965971,17.11724276862369,17.11724276862369,18.027756377319946,18.027756377319946,19.026297590440446,19.026297590440446,19.026297590440446,20.024984394500787,20.024984394500787,20.09975124224178,21.095023109728988,20.223748416156685,21.213203435596427,22.360679774997898,22.561028345356956,22.561028345356956,23.769728648009426,24.041630560342615,24.041630560342615
120.07081243999309,8.0,25.632011235952593,26.0,25.079872407968907,25.495097567963924,25.942243542145693,24.596747752497688,25.059928172283335,25.059928172283335,25.553864678361276,25.553864678361276,25.238858928247925,25.238858928247925,25.238858928247925,24.698178070456937,24.698178070456937,25.553864678361276,24.596747752497688,24.596747752497688,24.596747752497688,24.166091947189145,22.847319317591726,22.47220505424423,22.135943621178654,22.80350850198276,22.561028345356956,0.0,0.0,0.0,0.0,0.0,0.0,0.0,0.0,0.0,0.0,0.0,14.317821063276353,14.866068747318506,14.560219778561036,15.524174696260024,15.524174696260024,16.278820596099706,17.26267650163207,18.439088914585774,19.235384061671343,19.1049731745428,19.1049731745428,20.09975124224178,20.09975124224178,20.09975124224178,21.095023109728988,21.095023109728988,22.20360331117452,22.20360331117452,22.360679774997898,22.360679774997898,23.53720459187964,23.769728648009426,23.769728648009426,24.041630560342615,25.0,24.351591323771842
122.05326705991938,7.0,16.64331697709324,16.64331697709324,16.64331697709324,16.401219466856727,16.401219466856727,16.401219466856727,16.401219466856727,16.401219466856727,16.278820596099706,16.278820596099706,16.97056274847714,16.97056274847714,16.278820596099706,16.278820596099706,16.278820596099706,16.278820596099706,15.620499351813308,16.401219466856727,16.401219466856727,15.0,15.0,14.422205101855956,14.422205101855956,14.7648230602334,14.317821063276353,0.0,0.0,0.0,0.0,0.0,0.0,0.0,0.0,0.0,0.0,0.0,10.295630140987,10.295630140987,10.770329614269007,10.770329614269007,10.770329614269007,10.770329614269007,11.704699910719626,12.649110640673518,12.649110640673518,12.36931687685298,13.341664064126334,13.341664064126334,13.601470508735444,13.601470508735444,13.341664064126334,14.560219778561036,14.560219778561036,14.560219778561036,14.866068747318506,13.92838827718412,15.231546211727817,15.231546211727817,15.231546211727817,15.652475842498529,15.652475842498529,15.652475842498529
120.07081243999309,8.0,24.413111231467404,25.238858928247925,25.238858928247925,25.059928172283335,25.059928172283335,25.059928172283335,24.596747752497688,24.596747752497688,24.166091947189145,25.079872407968907,25.079872407968907,24.698178070456937,25.079872407968907,25.079872407968907,25.079872407968907,25.495097567963924,25.059928172283335,25.059928172283335,24.186773244895647,23.323807579381203,23.853720883753127,23.021728866442675,22.02271554554524,22.67156809750927,21.93171219946131,0.0,0.0,0.0,0.0,0.0,0.0,0.0,0.0,0.0,0.0,0.0,13.038404810405298,13.601470508735444,14.212670403551895,14.866068747318506,14.866068747318506,15.556349186104045,16.97056274847714,17.69180601295413,18.384776310850235,18.439088914585774,19.209372712298546,19.209372712298546,19.849433241279208,19.849433241279208,20.615528128088304,20.615528128088304,21.2602916254693,21.2602916254693,21.213203435596427,21.93171219946131,23.345235059857504,23.345235059857504,23.430749027719962,24.20743687382041,24.20743687382041,24.20743687382041
122.05326705991938,7.0,26.92582403567252,27.202941017470888,27.202941017470888,26.92582403567252,27.313000567495326,26.0,26.40075756488817,26.832815729997478,26.832815729997478,27.294688127912362,27.294688127912362,27.294688127912362,27.294688127912362,27.294688127912362,27.294688127912362,26.832815729997478,26.40075756488817,27.730849247724095,26.92582403567252,25.632011235952593,25.298221281347036,25.0,24.73863375370596,24.515301344262525,25.317977802344327,0.0,0.0,0.0,0.0,0.0,0.0,0.0,0.0,0.0,0.0,0.0,15.132745950421556,15.132745950421556,16.0312195418814,16.0312195418814,16.0312195418814,17.0,18.0,19.026297590440446,19.0,19.0,19.026297590440446,20.024984394500787,21.02379604162864,21.02379604162864,22.02271554554524,22.0,22.02271554554524,23.021728866442675,23.021728866442675,23.08679276123039,24.186773244895647,25.179356624028344,24.331050121192877,25.495097567963924,25.495097567963924,25.709920264364882
122.05326705991938,7.0,23.769728648009426,23.259406699226016,24.166091947189145,23.706539182259394,23.706539182259394,22.825424421026653,23.323807579381203,23.853720883753127,23.021728866442675,23.853720883753127,23.853720883753127,23.600847442411894,23.021728866442675,23.600847442411894,23.600847442411894,23.853720883753127,23.323807579381203,23.323807579381203,23.323807579381203,22.360679774997898,22.360679774997898,21.93171219946131,21.18962010041709,21.18962010041709,20.615528128088304,0.0,0.0,0.0,0.0,0.0,0.0,0.0,0.0,0.0,0.0,0.0,14.866068747318506,14.560219778561036,14.317821063276353,15.297058540778355,15.297058540778355,16.278820596099706,16.278820596099706,17.26267650163207,18.24828759089466,18.027756377319946,18.027756377319946,19.026297590440446,19.026297590440446,19.026297590440446,20.024984394500787,20.024984394500787,20.09975124224178,20.223748416156685,20.223748416156685,21.37755832643195,21.37755832643195,22.561028345356956,21.840329667841555,22.80350850198276,22.80350850198276,23.08679276123039
122.05326705991938,7.0,26.248809496813376,27.018512172212592,26.40075756488817,27.202941017470888,26.627053911388696,25.80697580112788,26.076809620810597,26.92582403567252,26.076809620810597,26.92582403567252,27.294688127912362,27.294688127912362,26.419689627245813,26.419689627245813,26.419689627245813,26.92582403567252,25.80697580112788,26.627053911388696,26.40075756488817,25.612496949731394,25.612496949731394,25.495097567963924,24.041630560342615,24.758836806279895,23.430749027719962,0.0,0.0,0.0,0.0,0.0,0.0,0.0,0.0,0.0,0.0,0.0,17.029386365926403,16.97056274847714,17.69180601295413,18.439088914585774,17.804493814764857,17.804493814764857,19.209372712298546,20.0,20.0,20.248456731316587,21.095023109728988,21.095023109728988,21.633307652783937,22.47220505424423,22.47220505424423,22.47220505424423,22.20360331117452,23.021728866442675,22.80350850198276,23.430749027719962,24.839484696748443,24.839484696748443,24.758836806279895,25.45584412271571,25.45584412271571,25.45584412271571
149.03690818049066,6.0,18.384776310850235,18.027756377319946,17.72004514666935,17.46424919657298,18.24828759089466,16.278820596099706,16.1245154965971,16.1245154965971,16.0312195418814,16.0312195418814,16.0,16.0,16.0,16.0,16.0,16.0,15.033296378372908,15.033296378372908,15.033296378372908,14.035668847618199,14.142135623730951,14.142135623730951,13.152946437965905,14.317821063276353,13.601470508735444,0.0,0.0,0.0,0.0,0.0,0.0,0.0,0.0,0.0,0.0,0.0,18.681541692269406,18.973665961010276,18.384776310850235,18.788294228055936,18.788294228055936,18.35755975068582,19.72308292331602,21.095023109728988,20.248456731316587,20.0,20.0,20.0,20.0,20.0,20.615528128088304,19.849433241279208,20.0,19.4164878389476,19.4164878389476,18.867962264113206,19.72308292331602,19.235384061671343,19.235384061671343,19.235384061671343,19.235384061671343,18.788294228055936
120.07081243999309,8.0,31.575306807693888,30.805843601498726,29.832867780352597,29.120439557122072,30.675723300355934,28.460498941515414,28.460498941515414,27.51363298439521,28.160255680657446,27.202941017470888,26.570660511172846,26.248809496813376,24.351591323771842,24.041630560342615,24.041630560342615,23.769728648009426,21.587033144922902,22.561028345356956,21.37755832643195,20.223748416156685,20.09975124224178,19.026297590440446,18.0,18.027756377319946,18.110770276274835,0.0,0.0,0.0,0.0,0.0,0.0,0.0,0.0,0.0,0.0,0.0,23.194827009486403,23.021728866442675,23.0,23.0,24.0,24.020824298928627,25.019992006393608,26.019223662515376,26.019223662515376,26.076809620810597,26.1725046566048,27.073972741361768,28.071337695236398,28.071337695236398,28.071337695236398,28.0178514522438,28.0,29.0,28.0,29.017236257093817,29.154759474226502,30.14962686336267,30.265491900843113,29.427877939124322,30.4138126514911,29.427877939124322
120.07081243999309,8.0,31.04834939252005,30.364452901377952,30.364452901377952,31.622776601683793,31.016124838541646,31.016124838541646,30.463092423455635,30.463092423455635,30.463092423455635,31.78049716414141,31.78049716414141,31.304951684997057,31.304951684997057,31.304951684997057,30.870698080866262,31.78049716414141,31.016124838541646,32.31098884280702,31.953090617340916,30.675723300355934,30.364452901377952,30.805843601498726,29.614185789921695,30.4138126514911,29.068883707497267,0.0,0.0,0.0,0.0,0.0,0.0,0.0,0.0,0.0,0.0,0.0,12.165525060596439,12.0,13.038404810405298,13.0,14.0,15.0,16.0,17.029386365926403,18.0,18.110770276274835,18.027756377319946,20.09975124224178,19.1049731745428,20.024984394500787,22.02271554554524,22.090722034374522,23.0,23.0,24.020824298928627,24.08318915758459,26.1725046566048,26.1725046566048,27.294688127912362,27.16615541441225,28.284271247461902,28.442925306655784
120.07081243999309,8.0,27.313000567495326,27.730849247724095,26.832815729997478,27.294688127912362,27.784887978899608,27.784887978899608,28.30194339616981,29.410882339705484,27.202941017470888,28.0178514522438,28.600699292150182,28.0178514522438,28.600699292150182,29.410882339705484,28.844410203711913,28.844410203711913,28.30194339616981,29.154759474226502,29.154759474226502,27.784887978899608,28.178005607210743,27.313000567495326,26.570660511172846,27.51363298439521,26.92582403567252,0.0,0.0,0.0,0.0,0.0,0.0,0.0,0.0,0.0,0.0,0.0,10.44030650891055,10.44030650891055,11.40175425099138,12.36931687685298,12.36931687685298,13.152946437965905,13.341664064126334,14.317821063276353,15.297058540778355,16.1245154965971,16.1245154965971,17.11724276862369,18.027756377319946,18.24828759089466,19.235384061671343,19.235384061671343,20.396078054371138,20.396078054371138,21.587033144922902,21.840329667841555,22.135943621178654,24.041630560342615,24.041630560342615,25.298221281347036,25.298221281347036,26.0
149.03690818049066,6.0,29.966648127543394,30.463092423455635,29.546573405388315,30.083217912982647,29.732137494637012,28.460498941515414,28.460498941515414,28.160255680657446,27.202941017470888,28.160255680657446,27.892651361962706,26.92582403567252,26.92582403567252,26.92582403567252,26.92582403567252,26.248809496813376,25.298221281347036,26.570660511172846,25.632011235952593,23.769728648009426,23.769728648009426,23.259406699226016,22.360679774997898,21.95449840010015,21.633307652783937,0.0,0.0,0.0,0.0,0.0,0.0,0.0,0.0,0.0,0.0,0.0,20.591260281974,21.095023109728988,21.633307652783937,22.20360331117452,22.20360331117452,22.20360331117452,23.600847442411894,25.0,25.612496949731394,25.495097567963924,26.1725046566048,26.1725046566048,26.90724809414742,26.90724809414742,27.586228448267445,27.586228448267445,26.90724809414742,27.65863337187866,27.80287754891569,27.80287754891569,29.410882339705484,28.844410203711913,28.844410203711913,29.68164415931166,29.154759474226502,29.154759474226502
149.03690818049066,6.0,30.4138126514911,29.274562336608895,29.274562336608895,29.154759474226502,28.071337695236398,27.073972741361768,28.071337695236398,27.018512172212592,27.018512172212592,27.018512172212592,26.0,25.0,25.0,25.019992006393608,24.0,25.0,23.021728866442675,24.08318915758459,23.08679276123039,22.090722034374522,22.090722034374522,21.213203435596427,21.37755832643195,21.587033144922902,20.8806130178211,0.0,0.0,0.0,0.0,0.0,0.0,0.0,0.0,0.0,0.0,0.0,22.360679774997898,21.587033144922902,22.80350850198276,22.80350850198276,23.08679276123039,23.08679276123039,24.351591323771842,25.298221281347036,25.298221281347036,26.0,26.0,26.40075756488817,26.92582403567252,26.0,27.313000567495326,28.792360097775937,26.570660511172846,27.85677655436824,27.51363298439521,28.160255680657446,29.120439557122072,28.861739379323623,28.861739379323623,28.861739379323623,29.614185789921695,28.635642126552707
120.07081243999309,8.0,26.92582403567252,27.892651361962706,27.65863337187866,27.202941017470888,26.248809496813376,25.298221281347036,25.298221281347036,26.570660511172846,25.632011235952593,26.40075756488817,25.495097567963924,24.166091947189145,25.495097567963924,23.769728648009426,24.698178070456937,24.351591323771842,24.041630560342615,24.041630560342615,22.80350850198276,22.561028345356956,21.587033144922902,21.37755832643195,20.223748416156685,21.095023109728988,21.02379604162864,0.0,0.0,0.0,0.0,0.0,0.0,0.0,0.0,0.0,0.0,0.0,20.8806130178211,21.37755832643195,21.095023109728988,22.090722034374522,21.095023109728988,21.02379604162864,23.0,23.0,23.021728866442675,23.021728866442675,24.020824298928627,25.019992006393608,24.0,24.020824298928627,24.020824298928627,25.179356624028344,25.0,25.0,26.019223662515376,26.019223662515376,27.018512172212592,28.160255680657446,26.1725046566048,27.459060435491963,27.65863337187866,27.294688127912362
120.07081243999309,8.0,29.832867780352597,29.120439557122072,29.120439557122072,28.460498941515414,28.792360097775937,27.51363298439521,26.570660511172846,27.313000567495326,27.313000567495326,27.313000567495326,26.832815729997478,25.495097567963924,25.495097567963924,25.495097567963924,25.079872407968907,25.079872407968907,23.769728648009426,24.351591323771842,23.40939982143925,22.135943621178654,21.840329667841555,21.587033144922902,20.615528128088304,21.37755832643195,20.223748416156685,0.0,0.0,0.0,0.0,0.0,0.0,0.0,0.0,0.0,0.0,0.0,25.0,25.495097567963924,25.317977802344327,26.1725046566048,26.1725046566048,26.076809620810597,27.018512172212592,28.071337695236398,28.0178514522438,29.0,28.0,28.0178514522438,29.017236257093817,29.017236257093817,29.017236257093817,29.017236257093817,28.0,29.0,29.017236257093817,28.071337695236398,30.14962686336267,29.154759474226502,29.274562336608895,29.427877939124322,29.614185789921695,28.635642126552707
120.07081243999309,8.0,26.40075756488817,25.495097567963924,25.495097567963924,25.942243542145693,25.059928172283335,24.186773244895647,24.186773244895647,25.238858928247925,23.600847442411894,22.47220505424423,23.323807579381203,23.021728866442675,22.47220505424423,23.021728866442675,21.633307652783937,21.470910553583888,21.470910553583888,20.591260281974,20.591260281974,20.12461179749811,18.788294228055936,18.384776310850235,18.027756377319946,18.973665961010276,17.46424919657298,0.0,0.0,0.0,0.0,0.0,0.0,0.0,0.0,0.0,0.0,0.0,21.93171219946131,22.847319317591726,22.135943621178654,21.840329667841555,22.80350850198276,22.561028345356956,23.53720459187964,24.73863375370596,24.515301344262525,24.186773244895647,23.08679276123039,25.079872407968907,24.08318915758459,25.079872407968907,25.179356624028344,24.186773244895647,24.331050121192877,24.331050121192877,25.495097567963924,24.515301344262525,25.709920264364882,25.709920264364882,25.0,25.96150997149434,26.248809496813376,26.248809496813376
120.07081243999309,8.0,30.0,29.206163733020468,29.832867780352597,29.068883707497267,29.732137494637012,27.586228448267445,27.586228448267445,28.284271247461902,27.586228448267445,27.586228448267445,27.65863337187866,26.90724809414742,26.90724809414742,26.90724809414742,26.1725046566048,25.45584412271571,24.758836806279895,26.1725046566048,24.758836806279895,24.08318915758459,23.430749027719962,22.80350850198276,21.633307652783937,22.47220505424423,21.95449840010015,0.0,0.0,0.0,0.0,0.0,0.0,0.0,0.0,0.0,0.0,0.0,24.758836806279895,24.20743687382041,24.413111231467404,25.238858928247925,25.238858928247925,25.553864678361276,26.419689627245813,27.784887978899608,27.294688127912362,27.313000567495326,27.313000567495326,28.231188426986208,28.231188426986208,28.231188426986208,27.85677655436824,28.231188426986208,27.313000567495326,28.635642126552707,27.730849247724095,28.178005607210743,29.5296461204668,29.5296461204668,29.154759474226502,29.154759474226502,29.68164415931166,29.410882339705484
120.07081243999309,8.0,27.459060435491963,27.202941017470888,26.40075756488817,27.018512172212592,26.90724809414742,25.495097567963924,25.495097567963924,24.758836806279895,25.45584412271571,24.758836806279895,24.758836806279895,24.08318915758459,24.08318915758459,24.041630560342615,23.345235059857504,24.041630560342615,22.67156809750927,23.345235059857504,22.67156809750927,21.2602916254693,20.615528128088304,21.400934559032695,20.248456731316587,20.248456731316587,19.235384061671343,0.0,0.0,0.0,0.0,0.0,0.0,0.0,0.0,0.0,0.0,0.0,24.20743687382041,23.853720883753127,23.323807579381203,23.706539182259394,23.706539182259394,24.166091947189145,25.079872407968907,26.40075756488817,26.0,26.570660511172846,26.248809496813376,26.248809496813376,26.248809496813376,26.248809496813376,27.202941017470888,27.202941017470888,26.570660511172846,26.570660511172846,26.0,26.0,27.730849247724095,27.730849247724095,27.294688127912362,27.294688127912362,27.784887978899608,26.92582403567252
120.07081243999309,8.0,24.08318915758459,23.430749027719962,23.430749027719962,22.80350850198276,23.021728866442675,22.47220505424423,23.021728866442675,21.095023109728988,21.633307652783937,22.47220505424423,21.95449840010015,21.95449840010015,21.95449840010015,20.591260281974,21.095023109728988,21.095023109728988,20.248456731316587,20.248456731316587,20.248456731316587,18.601075237738275,19.4164878389476,19.209372712298546,18.439088914585774,18.384776310850235,17.69180601295413,0.0,0.0,0.0,0.0,0.0,0.0,0.0,0.0,0.0,0.0,0.0,21.2602916254693,21.213203435596427,21.213203435596427,21.2602916254693,21.2602916254693,21.400934559032695,22.02271554554524,22.80350850198276,22.80350850198276,22.47220505424423,22.825424421026653,23.323807579381203,23.323807579381203,23.323807579381203,23.323807579381203,23.323807579381203,23.021728866442675,23.021728866442675,23.600847442411894,22.80350850198276,23.430749027719962,23.430749027719962,24.08318915758459,24.08318915758459,24.08318915758459,24.08318915758459
149.03690818049066,6.0,29.832867780352597,29.732137494637012,29.732137494637012,29.0,29.698484809834994,28.284271247461902,28.284271247461902,28.319604517012593,28.319604517012593,29.068883707497267,28.42534080710379,27.65863337187866,27.65863337187866,27.65863337187866,27.65863337187866,27.586228448267445,25.45584412271571,26.870057685088806,26.90724809414742,25.495097567963924,24.839484696748443,25.0,23.600847442411894,24.698178070456937,22.825424421026653,0.0,0.0,0.0,0.0,0.0,0.0,0.0,0.0,0.0,0.0,0.0,21.93171219946131,22.02271554554524,22.20360331117452,22.20360331117452,23.323807579381203,22.825424421026653,24.186773244895647,25.059928172283335,25.059928172283335,25.079872407968907,25.079872407968907,26.0,26.0,26.40075756488817,26.0,26.40075756488817,26.832815729997478,27.294688127912362,26.419689627245813,27.294688127912362,27.784887978899608,29.154759474226502,28.844410203711913,28.844410203711913,29.410882339705484,29.410882339705484
149.03690818049066,6.0,28.635642126552707,28.442925306655784,27.294688127912362,27.16615541441225,28.160255680657446,27.073972741361768,26.076809620810597,26.019223662515376,26.019223662515376,26.0,26.0,25.0,25.0,25.0,24.0,24.020824298928627,23.021728866442675,24.020824298928627,23.08679276123039,22.090722034374522,22.20360331117452,21.213203435596427,21.37755832643195,21.587033144922902,20.8806130178211,0.0,0.0,0.0,0.0,0.0,0.0,0.0,0.0,0.0,0.0,0.0,24.331050121192877,24.515301344262525,25.0,25.298221281347036,25.298221281347036,25.632011235952593,26.92582403567252,27.85677655436824,26.92582403567252,26.832815729997478,26.832815729997478,27.294688127912362,27.294688127912362,28.178005607210743,27.294688127912362,28.178005607210743,27.730849247724095,27.730849247724095,27.313000567495326,26.92582403567252,28.792360097775937,28.460498941515414,28.160255680657446,28.160255680657446,28.861739379323623,27.892651361962706
132.48396129343357,6.0,30.479501308256342,30.0,30.0,29.410882339705484,29.410882339705484,28.844410203711913,28.30194339616981,29.154759474226502,27.784887978899608,28.653097563788805,29.068883707497267,28.178005607210743,28.178005607210743,28.178005607210743,27.294688127912362,27.784887978899608,26.076809620810597,27.459060435491963,27.459060435491963,25.80697580112788,25.80697580112788,25.0,24.20743687382041,24.758836806279895,24.041630560342615,0.0,0.0,0.0,0.0,0.0,0.0,0.0,0.0,0.0,0.0,0.0,23.021728866442675,22.67156809750927,23.345235059857504,23.345235059857504,24.041630560342615,24.08318915758459,24.839484696748443,26.248809496813376,25.612496949731394,26.40075756488817,26.627053911388696,26.627053911388696,26.627053911388696,26.627053911388696,27.459060435491963,28.0178514522438,27.202941017470888,28.600699292150182,27.80287754891569,27.018512172212592,29.068883707497267,29.732137494637012,29.0,29.0,29.0,29.0
132.48396129343357,6.0,27.459060435491963,28.635642126552707,26.92582403567252,27.202941017470888,27.51363298439521,25.632011235952593,25.632011235952593,25.632011235952593,25.079872407968907,25.079872407968907,25.079872407968907,24.166091947189145,24.166091947189145,24.166091947189145,24.166091947189145,23.769728648009426,22.47220505424423,23.40939982143925,22.47220505424423,22.135943621178654,20.8806130178211,20.615528128088304,20.396078054371138,20.396078054371138,19.1049731745428,0.0,0.0,0.0,0.0,0.0,0.0,0.0,0.0,0.0,0.0,0.0,25.298221281347036,25.709920264364882,25.317977802344327,26.1725046566048,26.1725046566048,26.076809620810597,27.073972741361768,28.071337695236398,28.071337695236398,28.0,28.0178514522438,28.0178514522438,28.0178514522438,28.0178514522438,28.071337695236398,28.071337695236398,28.0178514522438,28.0178514522438,28.0,28.0178514522438,29.068883707497267,28.071337695236398,28.160255680657446,28.160255680657446,28.284271247461902,27.459060435491963
122.05326705991938,7.0,16.76305461424021,16.76305461424021,16.492422502470642,16.492422502470642,16.278820596099706,15.297058540778355,15.297058540778355,16.1245154965971,16.1245154965971,15.033296378372908,15.033296378372908,14.035668847618199,14.035668847618199,14.035668847618199,14.035668847618199,14.035668847618199,14.035668847618199,14.142135623730951,13.038404810405298,13.152946437965905,12.041594578792296,12.165525060596439,12.36931687685298,11.40175425099138,11.704699910719626,0.0,0.0,0.0,0.0,0.0,0.0,0.0,0.0,0.0,0.0,0.0,14.560219778561036,15.231546211727817,15.231546211727817,14.317821063276353,14.7648230602334,15.264337522473747,16.1245154965971,16.1245154965971,16.1245154965971,16.64331697709324,15.811388300841896,16.401219466856727,16.401219466856727,15.811388300841896,17.204650534085253,16.401219466856727,15.811388300841896,16.64331697709324,16.64331697709324,16.1245154965971,17.0,17.0,16.55294535724685,16.55294535724685,17.46424919657298,17.46424919657298
122.05326705991938,7.0,28.231188426986208,27.313000567495326,27.730849247724095,26.832815729997478,27.294688127912362,25.942243542145693,26.419689627245813,26.076809620810597,26.627053911388696,25.80697580112788,25.80697580112788,25.0,25.0,25.0,24.413111231467404,23.853720883753127,23.021728866442675,23.853720883753127,23.853720883753127,22.47220505424423,21.95449840010015,21.470910553583888,21.02379604162864,21.02379604162864,20.248456731316587,0.0,0.0,0.0,0.0,0.0,0.0,0.0,0.0,0.0,0.0,0.0,21.93171219946131,22.47220505424423,23.08679276123039,22.80350850198276,23.769728648009426,23.53720459187964,24.331050121192877,25.495097567963924,25.317977802344327,25.179356624028344,25.079872407968907,26.076809620810597,26.076809620810597,26.076809620810597,27.073972741361768,27.073972741361768,26.1725046566048,27.16615541441225,26.30589287593181,26.30589287593181,27.459060435491963,27.65863337187866,27.892651361962706,27.892651361962706,28.160255680657446,27.202941017470888
120.07081243999309,8.0,28.30194339616981,28.30194339616981,27.202941017470888,27.202941017470888,27.018512172212592,25.612496949731394,24.839484696748443,25.495097567963924,24.758836806279895,24.758836806279895,25.45584412271571,24.041630560342615,24.041630560342615,24.041630560342615,24.041630560342615,23.345235059857504,21.93171219946131,22.67156809750927,22.02271554554524,22.02271554554524,20.615528128088304,20.0,19.4164878389476,20.248456731316587,19.235384061671343,0.0,0.0,0.0,0.0,0.0,0.0,0.0,0.0,0.0,0.0,0.0,23.600847442411894,23.853720883753127,24.186773244895647,24.596747752497688,24.596747752497688,24.166091947189145,26.0,27.313000567495326,26.0,26.570660511172846,26.248809496813376,27.202941017470888,27.202941017470888,27.202941017470888,28.160255680657446,28.160255680657446,27.51363298439521,27.51363298439521,27.85677655436824,27.313000567495326,27.313000567495326,27.730849247724095,27.730849247724095,28.178005607210743,28.178005607210743,27.784887978899608
121.16517651536682,5.0,29.068883707497267,26.419689627245813,26.832815729997478,26.40075756488817,23.706539182259394,25.059928172283335,23.706539182259394,25.238858928247925,25.238858928247925,25.0,23.323807579381203,23.853720883753127,23.021728866442675,23.600847442411894,23.600847442411894,21.633307652783937,22.20360331117452,22.20360331117452,20.248456731316587,20.248456731316587,18.35755975068582,17.0,17.0,17.4928556845359,17.0,0.0,0.0,0.0,0.0,0.0,0.0,0.0,0.0,0.0,0.0,0.0,15.652475842498529,15.652475842498529,15.231546211727817,16.15549442140351,17.08800749063506,18.788294228055936,19.313207915827967,20.248456731316587,21.540659228538015,20.8806130178211,22.47220505424423,23.08679276123039,21.587033144922902,22.80350850198276,22.561028345356956,24.698178070456937,24.351591323771842,25.079872407968907,23.40939982143925,24.351591323771842,23.40939982143925,24.698178070456937,26.40075756488817,25.079872407968907,25.079872407968907,26.40075756488817
95.88013350011565,5.0,19.79898987322333,19.849433241279208,18.439088914585774,18.439088914585774,16.401219466856727,17.204650534085253,17.204650534085253,17.4928556845359,17.4928556845359,17.4928556845359,15.811388300841896,16.64331697709324,16.64331697709324,16.1245154965971,17.0,15.264337522473747,16.1245154965971,15.264337522473747,14.7648230602334,13.892443989449804,13.601470508735444,12.206555615733702,11.40175425099138,12.206555615733702,11.40175425099138,0.0,0.0,0.0,0.0,0.0,0.0,0.0,0.0,0.0,0.0,0.0,10.63014581273465,11.313708498984761,10.63014581273465,12.041594578792296,12.041594578792296,13.45362404707371,14.142135623730951,14.142135623730951,15.556349186104045,14.212670403551895,16.278820596099706,17.029386365926403,16.401219466856727,16.401219466856727,16.401219466856727,16.97056274847714,17.69180601295413,17.69180601295413,17.69180601295413,16.97056274847714,16.97056274847714,17.69180601295413,18.439088914585774,18.384776310850235,18.439088914585774,18.601075237738275
120.07081243999309,8.0,27.202941017470888,27.892651361962706,25.709920264364882,26.68332812825267,26.476404589747453,25.317977802344327,25.317977802344327,25.179356624028344,24.186773244895647,25.179356624028344,25.079872407968907,24.08318915758459,24.08318915758459,24.08318915758459,23.08679276123039,23.194827009486403,22.20360331117452,22.360679774997898,22.360679774997898,21.37755832643195,20.615528128088304,20.615528128088304,19.924858845171276,19.924858845171276,19.313207915827967,0.0,0.0,0.0,0.0,0.0,0.0,0.0,0.0,0.0,0.0,0.0,20.223748416156685,19.6468827043885,20.8806130178211,21.18962010041709,21.18962010041709,21.93171219946131,22.847319317591726,23.769728648009426,23.769728648009426,23.259406699226016,25.059928172283335,24.186773244895647,24.596747752497688,25.059928172283335,25.059928172283335,25.059928172283335,25.059928172283335,25.942243542145693,24.166091947189145,25.495097567963924,26.92582403567252,26.92582403567252,26.92582403567252,26.570660511172846,27.202941017470888,26.248809496813376
120.07081243999309,8.0,15.033296378372908,15.033296378372908,15.132745950421556,15.297058540778355,15.297058540778355,14.317821063276353,14.317821063276353,13.341664064126334,14.317821063276353,14.560219778561036,14.317821063276353,13.601470508735444,13.601470508735444,13.601470508735444,13.341664064126334,13.341664064126334,12.165525060596439,13.341664064126334,12.36931687685298,12.165525060596439,11.180339887498949,11.045361017187261,11.0,11.0,11.045361017187261,0.0,0.0,0.0,0.0,0.0,0.0,0.0,0.0,0.0,0.0,0.0,11.40175425099138,12.165525060596439,12.041594578792296,12.041594578792296,12.0,12.0,13.0,13.0,13.038404810405298,13.038404810405298,13.152946437965905,14.317821063276353,14.317821063276353,14.317821063276353,14.317821063276353,14.142135623730951,14.142135623730951,14.142135623730951,14.035668847618199,15.033296378372908,15.033296378372908,15.0,15.0,15.0,15.0,15.0
169.33103672983285,7.0,29.732137494637012,30.479501308256342,29.068883707497267,29.206163733020468,28.600699292150182,27.80287754891569,28.0178514522438,27.459060435491963,26.627053911388696,27.459060435491963,26.92582403567252,26.92582403567252,26.419689627245813,25.553864678361276,24.698178070456937,25.238858928247925,24.413111231467404,24.413111231467404,24.413111231467404,23.600847442411894,22.80350850198276,22.67156809750927,21.2602916254693,22.67156809750927,21.2602916254693,0.0,0.0,0.0,0.0,0.0,0.0,0.0,0.0,0.0,0.0,0.0,21.400934559032695,21.93171219946131,21.93171219946131,21.93171219946131,22.67156809750927,23.430749027719962,24.20743687382041,25.612496949731394,25.0,25.238858928247925,26.076809620810597,25.553864678361276,26.076809620810597,26.92582403567252,26.92582403567252,28.178005607210743,23.259406699226016,26.627053911388696,27.80287754891569,27.202941017470888,28.42534080710379,28.42534080710379,29.068883707497267,29.0,29.0,29.0
149.03690818049066,6.0,14.866068747318506,14.866068747318506,14.866068747318506,14.560219778561036,15.524174696260024,14.560219778561036,14.317821063276353,14.317821063276353,14.142135623730951,14.142135623730951,14.142135623730951,14.142135623730951,13.152946437965905,14.142135623730951,13.152946437965905,13.152946437965905,12.36931687685298,12.36931687685298,12.36931687685298,11.40175425099138,11.40175425099138,11.704699910719626,10.770329614269007,10.770329614269007,11.180339887498949,0.0,0.0,0.0,0.0,0.0,0.0,0.0,0.0,0.0,0.0,0.0,11.40175425099138,10.770329614269007,10.770329614269007,11.180339887498949,12.083045973594572,11.661903789690601,13.038404810405298,13.038404810405298,13.038404810405298,13.601470508735444,12.806248474865697,13.45362404707371,12.806248474865697,13.601470508735444,14.212670403551895,14.212670403551895,12.206555615733702,14.422205101855956,14.212670403551895,13.892443989449804,15.264337522473747,14.7648230602334,14.7648230602334,14.7648230602334,14.7648230602334,15.231546211727817
169.33103672983285,7.0,29.68164415931166,29.154759474226502,29.68164415931166,28.653097563788805,29.5296461204668,29.068883707497267,28.635642126552707,28.231188426986208,28.231188426986208,28.635642126552707,29.154759474226502,28.792360097775937,27.85677655436824,27.85677655436824,26.92582403567252,28.231188426986208,26.40075756488817,26.40075756488817,26.832815729997478,25.942243542145693,25.495097567963924,25.553864678361276,23.853720883753127,24.413111231467404,24.20743687382041,0.0,0.0,0.0,0.0,0.0,0.0,0.0,0.0,0.0,0.0,0.0,19.72308292331602,19.4164878389476,20.0,20.615528128088304,21.2602916254693,21.2602916254693,22.67156809750927,24.08318915758459,24.041630560342615,24.758836806279895,24.839484696748443,24.839484696748443,24.839484696748443,26.248809496813376,26.248809496813376,26.248809496813376,26.1725046566048,26.90724809414742,25.45584412271571,26.1725046566048,28.319604517012593,28.319604517012593,29.068883707497267,28.42534080710379,29.206163733020468,28.42534080710379
149.03690818049066,6.0,29.832867780352597,30.805843601498726,29.614185789921695,29.427877939124322,29.274562336608895,28.284271247461902,28.160255680657446,29.154759474226502,29.068883707497267,30.01666203960727,29.0,28.0,29.0,28.0178514522438,28.0178514522438,28.071337695236398,27.073972741361768,28.160255680657446,27.16615541441225,26.1725046566048,25.317977802344327,24.331050121192877,24.515301344262525,24.73863375370596,24.351591323771842,0.0,0.0,0.0,0.0,0.0,0.0,0.0,0.0,0.0,0.0,0.0,21.213203435596427,20.615528128088304,20.8806130178211,22.135943621178654,22.47220505424423,22.847319317591726,22.847319317591726,25.079872407968907,25.079872407968907,24.596747752497688,25.059928172283335,25.553864678361276,25.553864678361276,26.419689627245813,26.419689627245813,26.419689627245813,25.942243542145693,26.832815729997478,26.832815729997478,26.832815729997478,28.231188426986208,28.231188426986208,28.792360097775937,28.460498941515414,29.410882339705484,29.410882339705484
149.03690818049066,6.0,30.4138126514911,30.4138126514911,30.4138126514911,30.479501308256342,30.610455730027933,29.206163733020468,29.206163733020468,29.410882339705484,29.410882339705484,28.844410203711913,29.68164415931166,28.844410203711913,28.844410203711913,28.844410203711913,28.844410203711913,28.600699292150182,27.80287754891569,28.42534080710379,27.65863337187866,26.90724809414742,25.495097567963924,26.1725046566048,24.758836806279895,25.495097567963924,24.20743687382041,0.0,0.0,0.0,0.0,0.0,0.0,0.0,0.0,0.0,0.0,0.0,19.209372712298546,19.79898987322333,19.79898987322333,20.518284528683193,21.2602916254693,21.400934559032695,22.20360331117452,23.600847442411894,24.413111231467404,23.853720883753127,24.186773244895647,25.553864678361276,25.553864678361276,25.553864678361276,26.419689627245813,26.419689627245813,26.92582403567252,26.92582403567252,26.627053911388696,26.627053911388696,28.600699292150182,28.600699292150182,29.206163733020468,29.068883707497267,30.479501308256342,29.732137494637012
120.07081243999309,8.0,30.870698080866262,29.966648127543394,29.966648127543394,28.653097563788805,28.653097563788805,27.784887978899608,28.30194339616981,28.30194339616981,28.844410203711913,28.0178514522438,27.202941017470888,26.40075756488817,26.40075756488817,27.202941017470888,25.80697580112788,26.627053911388696,23.853720883753127,25.238858928247925,24.698178070456937,23.853720883753127,23.323807579381203,23.706539182259394,22.360679774997898,23.259406699226016,22.47220505424423,0.0,0.0,0.0,0.0,0.0,0.0,0.0,0.0,0.0,0.0,0.0,22.360679774997898,21.93171219946131,22.47220505424423,22.135943621178654,23.08679276123039,22.80350850198276,23.769728648009426,24.73863375370596,24.73863375370596,25.495097567963924,25.317977802344327,25.317977802344327,26.30589287593181,26.30589287593181,26.30589287593181,27.294688127912362,26.476404589747453,27.65863337187866,26.68332812825267,27.65863337187866,28.861739379323623,29.410882339705484,29.410882339705484,28.460498941515414,29.732137494637012,27.85677655436824
146.0,6.0,27.85677655436824,27.51363298439521,27.51363298439521,27.202941017470888,26.92582403567252,25.96150997149434,25.709920264364882,25.495097567963924,25.495097567963924,26.30589287593181,25.317977802344327,24.186773244895647,24.186773244895647,24.186773244895647,24.331050121192877,23.345235059857504,22.561028345356956,23.53720459187964,22.80350850198276,21.840329667841555,20.8806130178211,20.8806130178211,18.973665961010276,20.248456731316587,19.697715603592208,0.0,0.0,0.0,0.0,0.0,0.0,0.0,0.0,0.0,0.0,0.0,23.769728648009426,23.08679276123039,23.769728648009426,24.166091947189145,24.166091947189145,23.706539182259394,25.059928172283335,25.942243542145693,26.419689627245813,26.076809620810597,26.076809620810597,26.627053911388696,26.627053911388696,26.627053911388696,25.80697580112788,26.627053911388696,26.627053911388696,27.459060435491963,26.92582403567252,26.92582403567252,28.178005607210743,28.178005607210743,28.178005607210743,27.313000567495326,27.730849247724095,28.231188426986208
120.07081243999309,8.0,23.706539182259394,23.323807579381203,22.47220505424423,21.633307652783937,22.20360331117452,20.808652046684813,20.615528128088304,19.209372712298546,19.209372712298546,19.209372712298546,18.439088914585774,18.439088914585774,17.029386365926403,16.278820596099706,17.029386365926403,16.278820596099706,15.0,15.0,14.212670403551895,13.601470508735444,12.806248474865697,12.206555615733702,11.661903789690601,11.180339887498949,11.180339887498949,0.0,0.0,0.0,0.0,0.0,0.0,0.0,0.0,0.0,0.0,0.0,23.021728866442675,22.825424421026653,23.259406699226016,22.847319317591726,22.847319317591726,22.47220505424423,24.515301344262525,23.40939982143925,25.632011235952593,25.298221281347036,24.73863375370596,25.709920264364882,24.73863375370596,25.709920264364882,24.73863375370596,25.709920264364882,25.0,25.0,24.041630560342615,24.351591323771842,24.698178070456937,25.079872407968907,25.079872407968907,24.166091947189145,25.079872407968907,23.259406699226016
120.07081243999309,6.0,31.240998703626616,31.240998703626616,29.732137494637012,31.144823004794873,30.4138126514911,29.0,29.0,28.319604517012593,28.319604517012593,29.068883707497267,28.42534080710379,27.80287754891569,27.018512172212592,27.018512172212592,27.018512172212592,26.248809496813376,26.1725046566048,26.1725046566048,25.45584412271571,24.041630560342615,23.345235059857504,22.67156809750927,22.02271554554524,22.80350850198276,21.633307652783937,0.0,0.0,0.0,0.0,0.0,0.0,0.0,0.0,0.0,0.0,0.0,24.041630560342615,24.08318915758459,24.839484696748443,25.0,25.0,25.238858928247925,26.076809620810597,27.784887978899608,27.784887978899608,27.730849247724095,28.178005607210743,27.730849247724095,29.068883707497267,28.635642126552707,28.635642126552707,29.068883707497267,29.5296461204668,29.068883707497267,29.5296461204668,29.5296461204668,30.528675044947494,30.528675044947494,29.68164415931166,30.23243291566195,30.805843601498726,30.805843601498726
169.33103672983285,7.0,27.018512172212592,27.018512172212592,26.019223662515376,26.076809620810597,25.179356624028344,24.186773244895647,23.194827009486403,22.20360331117452,22.20360331117452,22.360679774997898,21.37755832643195,20.396078054371138,20.396078054371138,19.4164878389476,18.24828759089466,17.26267650163207,16.278820596099706,17.11724276862369,16.1245154965971,15.132745950421556,14.035668847618199,14.035668847618199,13.038404810405298,13.038404810405298,12.0,0.0,0.0,0.0,0.0,0.0,0.0,0.0,0.0,0.0,0.0,0.0,26.1725046566048,26.019223662515376,27.0,27.018512172212592,27.018512172212592,27.073972741361768,28.160255680657446,29.154759474226502,28.160255680657446,28.442925306655784,28.442925306655784,28.442925306655784,28.442925306655784,29.614185789921695,29.614185789921695,29.427877939124322,29.427877939124322,29.427877939124322,29.274562336608895,29.274562336608895,29.154759474226502,29.068883707497267,28.071337695236398,29.017236257093817,28.0178514522438,28.0178514522438
149.03690818049066,6.0,24.041630560342615,23.769728648009426,23.40939982143925,22.47220505424423,22.47220505424423,20.615528128088304,20.615528128088304,19.697715603592208,21.18962010041709,20.591260281974,19.235384061671343,18.35755975068582,18.35755975068582,17.88854381999832,17.4928556845359,16.55294535724685,15.231546211727817,15.652475842498529,14.317821063276353,13.416407864998739,13.0,12.649110640673518,11.704699910719626,11.704699910719626,11.40175425099138,0.0,0.0,0.0,0.0,0.0,0.0,0.0,0.0,0.0,0.0,0.0,24.166091947189145,24.351591323771842,24.041630560342615,24.73863375370596,24.73863375370596,24.515301344262525,26.30589287593181,26.476404589747453,26.30589287593181,26.076809620810597,26.019223662515376,26.019223662515376,27.018512172212592,27.018512172212592,26.019223662515376,26.019223662515376,26.076809620810597,26.076809620810597,26.1725046566048,25.179356624028344,26.30589287593181,26.476404589747453,25.317977802344327,25.317977802344327,26.476404589747453,25.709920264364882
120.07081243999309,6.0,27.018512172212592,27.018512172212592,26.019223662515376,26.0,25.019992006393608,24.020824298928627,23.021728866442675,24.08318915758459,23.08679276123039,22.20360331117452,23.194827009486403,21.213203435596427,21.213203435596427,20.09975124224178,20.09975124224178,19.1049731745428,18.027756377319946,18.027756377319946,18.027756377319946,17.029386365926403,16.0,15.0,14.035668847618199,15.033296378372908,14.142135623730951,0.0,0.0,0.0,0.0,0.0,0.0,0.0,0.0,0.0,0.0,0.0,26.019223662515376,27.073972741361768,26.1725046566048,27.294688127912362,26.30589287593181,27.459060435491963,28.635642126552707,29.614185789921695,28.861739379323623,29.120439557122072,29.410882339705484,29.410882339705484,28.460498941515414,28.460498941515414,28.792360097775937,28.460498941515414,29.120439557122072,29.120439557122072,27.892651361962706,27.892651361962706,28.635642126552707,28.635642126552707,27.459060435491963,27.459060435491963,28.284271247461902,28.284271247461902
169.33103672983285,7.0,29.154759474226502,28.653097563788805,27.784887978899608,28.178005607210743,27.730849247724095,26.40075756488817,26.0,25.632011235952593,24.698178070456937,25.632011235952593,25.298221281347036,24.351591323771842,24.351591323771842,24.041630560342615,24.041630560342615,23.40939982143925,23.40939982143925,23.40939982143925,22.47220505424423,21.540659228538015,20.615528128088304,20.12461179749811,20.591260281974,20.591260281974,20.248456731316587,0.0,0.0,0.0,0.0,0.0,0.0,0.0,0.0,0.0,0.0,0.0,24.698178070456937,24.413111231467404,25.0,24.839484696748443,25.495097567963924,25.495097567963924,26.90724809414742,28.319604517012593,27.586228448267445,27.586228448267445,28.319604517012593,28.319604517012593,28.42534080710379,29.068883707497267,29.068883707497267,29.732137494637012,29.0,29.698484809834994,29.0,29.0,29.068883707497267,29.832867780352597,29.206163733020468,29.206163733020468,30.0,28.0178514522438
149.03690818049066,6.0,26.40075756488817,27.80287754891569,25.0,26.627053911388696,26.076809620810597,24.698178070456937,23.853720883753127,24.698178070456937,21.93171219946131,24.166091947189145,23.259406699226016,23.259406699226016,24.166091947189145,21.93171219946131,23.259406699226016,21.470910553583888,21.470910553583888,21.95449840010015,21.095023109728988,20.248456731316587,19.4164878389476,18.867962264113206,18.601075237738275,19.209372712298546,18.439088914585774,0.0,0.0,0.0,0.0,0.0,0.0,0.0,0.0,0.0,0.0,0.0,23.021728866442675,24.20743687382041,22.67156809750927,25.495097567963924,22.627416997969522,24.758836806279895,24.08318915758459,26.1725046566048,25.495097567963924,24.839484696748443,25.612496949731394,26.248809496813376,26.248809496813376,27.018512172212592,27.80287754891569,25.80697580112788,27.018512172212592,26.40075756488817,26.90724809414742,25.495097567963924,27.586228448267445,27.586228448267445,26.870057685088806,26.90724809414742,27.65863337187866,27.65863337187866
120.07081243999309,8.0,30.4138126514911,30.265491900843113,29.154759474226502,29.154759474226502,29.068883707497267,27.073972741361768,27.018512172212592,27.018512172212592,26.0,26.0,26.019223662515376,25.019992006393608,24.020824298928627,24.020824298928627,23.021728866442675,23.0,22.0,23.0,22.0,21.0,20.024984394500787,20.024984394500787,19.1049731745428,19.1049731745428,18.24828759089466,0.0,0.0,0.0,0.0,0.0,0.0,0.0,0.0,0.0,0.0,0.0,29.017236257093817,29.154759474226502,29.274562336608895,29.614185789921695,29.614185789921695,28.861739379323623,30.083217912982647,31.04834939252005,31.32091952673165,31.622776601683793,31.38470965295043,31.38470965295043,32.31098884280702,31.953090617340916,31.38470965295043,32.31098884280702,31.953090617340916,31.953090617340916,31.622776601683793,30.675723300355934,32.28002478313795,32.28002478313795,31.32091952673165,31.78049716414141,31.78049716414141,31.78049716414141
149.03690818049066,6.0,24.351591323771842,24.041630560342615,23.769728648009426,23.769728648009426,24.515301344262525,23.345235059857504,23.345235059857504,22.20360331117452,23.194827009486403,23.08679276123039,23.08679276123039,22.02271554554524,22.090722034374522,23.021728866442675,22.090722034374522,22.20360331117452,21.213203435596427,22.20360331117452,21.213203435596427,20.223748416156685,19.235384061671343,20.396078054371138,18.681541692269406,19.6468827043885,18.973665961010276,0.0,0.0,0.0,0.0,0.0,0.0,0.0,0.0,0.0,0.0,0.0,18.24828759089466,17.46424919657298,18.027756377319946,18.027756377319946,19.313207915827967,18.788294228055936,19.697715603592208,21.02379604162864,21.470910553583888,21.095023109728988,21.633307652783937,21.633307652783937,21.633307652783937,21.633307652783937,21.633307652783937,23.021728866442675,22.47220505424423,23.323807579381203,22.825424421026653,22.825424421026653,23.706539182259394,24.166091947189145,24.166091947189145,23.769728648009426,24.698178070456937,23.769728648009426
120.07081243999309,8.0,29.546573405388315,30.083217912982647,29.732137494637012,29.732137494637012,29.120439557122072,28.160255680657446,27.892651361962706,27.65863337187866,27.892651361962706,27.65863337187866,27.65863337187866,27.459060435491963,27.459060435491963,27.459060435491963,26.476404589747453,26.68332812825267,25.709920264364882,26.92582403567252,25.96150997149434,25.0,24.041630560342615,23.40939982143925,22.847319317591726,23.259406699226016,22.825424421026653,0.0,0.0,0.0,0.0,0.0,0.0,0.0,0.0,0.0,0.0,0.0,21.18962010041709,21.93171219946131,21.470910553583888,21.95449840010015,21.95449840010015,23.853720883753127,24.698178070456937,25.238858928247925,25.238858928247925,25.0,26.248809496813376,26.248809496813376,26.248809496813376,26.248809496813376,27.018512172212592,27.65863337187866,27.202941017470888,27.80287754891569,27.202941017470888,27.459060435491963,29.154759474226502,29.154759474226502,28.653097563788805,28.653097563788805,29.5296461204668,29.068883707497267
120.07081243999309,8.0,25.553864678361276,25.059928172283335,25.059928172283335,24.596747752497688,24.166091947189145,22.847319317591726,22.847319317591726,23.769728648009426,22.47220505424423,23.40939982143925,23.08679276123039,22.135943621178654,22.135943621178654,21.840329667841555,21.18962010041709,21.18962010041709,20.615528128088304,20.615528128088304,20.615528128088304,19.313207915827967,19.697715603592208,18.788294228055936,17.88854381999832,18.35755975068582,18.027756377319946,0.0,0.0,0.0,0.0,0.0,0.0,0.0,0.0,0.0,0.0,0.0,21.02379604162864,20.591260281974,21.633307652783937,21.633307652783937,22.20360331117452,21.400934559032695,23.430749027719962,24.20743687382041,23.430749027719962,23.345235059857504,24.041630560342615,24.041630560342615,24.758836806279895,24.758836806279895,24.758836806279895,24.758836806279895,24.758836806279895,24.758836806279895,24.758836806279895,24.839484696748443,25.612496949731394,25.612496949731394,25.612496949731394,25.0,25.80697580112788,25.0
120.07081243999309,8.0,30.083217912982647,29.410882339705484,29.732137494637012,28.792360097775937,29.154759474226502,28.231188426986208,27.730849247724095,27.730849247724095,28.178005607210743,27.784887978899608,26.92582403567252,26.92582403567252,25.553864678361276,26.92582403567252,25.553864678361276,26.419689627245813,23.706539182259394,25.059928172283335,24.596747752497688,23.259406699226016,22.360679774997898,22.847319317591726,21.540659228538015,22.47220505424423,20.8806130178211,0.0,0.0,0.0,0.0,0.0,0.0,0.0,0.0,0.0,0.0,0.0,25.298221281347036,23.769728648009426,25.495097567963924,24.331050121192877,26.30589287593181,25.179356624028344,27.073972741361768,28.160255680657446,28.071337695236398,29.0,28.0,28.0178514522438,29.017236257093817,29.0,29.017236257093817,30.0,28.0178514522438,30.01666203960727,29.068883707497267,29.068883707497267,30.14962686336267,30.265491900843113,30.4138126514911,30.4138126514911,30.59411708155671,29.614185789921695
149.03690818049066,6.0,31.04834939252005,30.364452901377952,30.364452901377952,29.732137494637012,30.083217912982647,29.154759474226502,28.635642126552707,28.635642126552707,28.635642126552707,29.068883707497267,28.178005607210743,27.294688127912362,27.294688127912362,27.294688127912362,25.942243542145693,26.832815729997478,25.495097567963924,26.40075756488817,25.495097567963924,25.079872407968907,23.769728648009426,23.40939982143925,22.135943621178654,22.80350850198276,21.587033144922902,0.0,0.0,0.0,0.0,0.0,0.0,0.0,0.0,0.0,0.0,0.0,22.47220505424423,22.80350850198276,23.53720459187964,23.53720459187964,24.515301344262525,24.331050121192877,25.317977802344327,27.294688127912362,27.16615541441225,27.073972741361768,27.0,28.0,28.0,28.0,28.0,29.0,28.0178514522438,29.017236257093817,28.071337695236398,28.160255680657446,30.265491900843113,30.4138126514911,30.4138126514911,30.4138126514911,30.4138126514911,30.59411708155671
120.07081243999309,8.0,20.12461179749811,19.235384061671343,19.72308292331602,18.867962264113206,19.4164878389476,18.027756377319946,18.601075237738275,18.601075237738275,18.439088914585774,17.804493814764857,18.439088914585774,17.69180601295413,17.69180601295413,17.029386365926403,17.029386365926403,17.804493814764857,16.401219466856727,16.401219466856727,16.401219466856727,15.811388300841896,15.811388300841896,15.264337522473747,14.7648230602334,14.7648230602334,14.317821063276353,0.0,0.0,0.0,0.0,0.0,0.0,0.0,0.0,0.0,0.0,0.0,16.1245154965971,15.652475842498529,16.15549442140351,15.811388300841896,17.08800749063506,16.76305461424021,17.72004514666935,18.681541692269406,18.681541692269406,18.439088914585774,18.24828759089466,18.24828759089466,18.24828759089466,19.235384061671343,19.4164878389476,19.235384061671343,19.4164878389476,19.4164878389476,18.681541692269406,18.681541692269406,19.924858845171276,20.248456731316587,19.924858845171276,19.313207915827967,20.248456731316587,19.313207915827967
120.07081243999309,8.0,31.240998703626616,30.479501308256342,29.732137494637012,29.0,29.0,27.586228448267445,27.586228448267445,27.65863337187866,27.65863337187866,27.018512172212592,27.018512172212592,25.612496949731394,25.612496949731394,26.40075756488817,25.612496949731394,24.839484696748443,23.345235059857504,24.758836806279895,23.345235059857504,22.627416997969522,21.2602916254693,21.2602916254693,20.615528128088304,20.615528128088304,19.4164878389476,0.0,0.0,0.0,0.0,0.0,0.0,0.0,0.0,0.0,0.0,0.0,25.495097567963924,24.758836806279895,24.839484696748443,25.612496949731394,26.40075756488817,25.80697580112788,27.459060435491963,28.30194339616981,28.30194339616981,28.653097563788805,28.178005607210743,29.068883707497267,29.068883707497267,29.068883707497267,29.068883707497267,29.966648127543394,29.5296461204668,30.886890422961002,28.653097563788805,29.154759474226502,30.528675044947494,31.064449134018133,30.23243291566195,30.0,31.400636936215164,30.0
120.07081243999309,8.0,27.202941017470888,28.0178514522438,26.627053911388696,26.076809620810597,25.553864678361276,23.323807579381203,22.825424421026653,22.825424421026653,22.825424421026653,21.470910553583888,21.02379604162864,20.12461179749811,20.591260281974,19.235384061671343,17.88854381999832,17.0,16.1245154965971,17.0,16.1245154965971,14.7648230602334,13.892443989449804,13.038404810405298,12.206555615733702,12.206555615733702,11.40175425099138,0.0,0.0,0.0,0.0,0.0,0.0,0.0,0.0,0.0,0.0,0.0,30.528675044947494,29.410882339705484,29.832867780352597,29.832867780352597,29.832867780352597,30.4138126514911,31.11269837220809,31.827660925679098,31.827660925679098,31.144823004794873,31.89043743820395,31.240998703626616,31.240998703626616,31.89043743820395,32.01562118716424,30.479501308256342,31.144823004794873,29.732137494637012,30.4138126514911,30.4138126514911,31.11269837220809,31.144823004794873,29.732137494637012,30.479501308256342,29.732137494637012,29.068883707497267
120.07081243999309,8.0,28.0178514522438,28.0178514522438,26.076809620810597,25.079872407968907,25.179356624028344,24.08318915758459,23.194827009486403,23.194827009486403,23.345235059857504,23.345235059857504,22.20360331117452,21.213203435596427,20.223748416156685,20.223748416156685,20.09975124224178,19.1049731745428,18.027756377319946,19.0,18.0,17.029386365926403,16.0312195418814,16.1245154965971,16.278820596099706,16.492422502470642,15.524174696260024,0.0,0.0,0.0,0.0,0.0,0.0,0.0,0.0,0.0,0.0,0.0,33.0,31.144823004794873,32.14031735997639,31.25699921617557,31.25699921617557,31.400636936215164,32.38826948140329,33.37663853655727,32.38826948140329,32.55764119219941,32.7566787083184,32.7566787083184,32.7566787083184,31.78049716414141,32.7566787083184,31.78049716414141,31.400636936215164,31.400636936215164,30.265491900843113,30.265491900843113,31.064449134018133,31.064449134018133,30.01666203960727,30.01666203960727,29.0,29.0
120.07081243999309,8.0,27.294688127912362,26.476404589747453,25.495097567963924,24.73863375370596,24.041630560342615,22.80350850198276,21.840329667841555,21.18962010041709,21.18962010041709,20.248456731316587,20.248456731316587,19.313207915827967,18.027756377319946,18.027756377319946,16.76305461424021,16.76305461424021,15.524174696260024,15.524174696260024,14.317821063276353,13.152946437965905,13.152946437965905,12.041594578792296,12.041594578792296,11.045361017187261,11.0,0.0,0.0,0.0,0.0,0.0,0.0,0.0,0.0,0.0,0.0,0.0,32.55764119219941,32.14031735997639,32.0624390837628,32.01562118716424,32.01562118716424,32.01562118716424,33.015148038438355,34.0147027033899,33.015148038438355,33.13608305156178,33.24154027718932,33.24154027718932,33.24154027718932,33.24154027718932,33.24154027718932,32.14031735997639,31.064449134018133,31.064449134018133,31.016124838541646,30.01666203960727,32.01562118716424,30.01666203960727,30.066592756745816,30.066592756745816,29.154759474226502,28.284271247461902
132.48396129343357,6.0,25.079872407968907,24.186773244895647,23.194827009486403,22.360679774997898,22.561028345356956,21.587033144922902,20.615528128088304,19.6468827043885,19.6468827043885,18.973665961010276,18.973665961010276,18.027756377319946,17.08800749063506,17.08800749063506,15.811388300841896,15.811388300841896,14.560219778561036,14.560219778561036,13.341664064126334,13.341664064126334,12.165525060596439,12.165525060596439,11.045361017187261,11.180339887498949,10.04987562112089,0.0,0.0,0.0,0.0,0.0,0.0,0.0,0.0,0.0,0.0,0.0,27.16615541441225,26.019223662515376,27.0,27.018512172212592,27.073972741361768,26.076809620810597,28.160255680657446,29.154759474226502,28.160255680657446,29.427877939124322,28.442925306655784,28.635642126552707,28.442925306655784,28.442925306655784,28.635642126552707,28.442925306655784,27.294688127912362,28.284271247461902,27.16615541441225,27.073972741361768,27.073972741361768,27.018512172212592,27.0,27.0,26.019223662515376,25.019992006393608
132.48396129343357,6.0,16.278820596099706,16.1245154965971,15.132745950421556,15.033296378372908,15.033296378372908,14.035668847618199,14.0,14.0,14.0,14.0,13.0,13.038404810405298,12.041594578792296,12.041594578792296,12.041594578792296,12.041594578792296,11.0,11.0,11.0,10.0,10.04987562112089,10.04987562112089,9.055385138137417,9.219544457292887,9.219544457292887,0.0,0.0,0.0,0.0,0.0,0.0,0.0,0.0,0.0,0.0,0.0,16.278820596099706,16.278820596099706,15.524174696260024,15.811388300841896,15.811388300841896,16.15549442140351,16.15549442140351,17.08800749063506,17.08800749063506,17.46424919657298,17.0,17.0,17.0,17.0,17.0,17.0,16.55294535724685,16.55294535724685,16.15549442140351,16.15549442140351,16.76305461424021,16.76305461424021,16.76305461424021,16.76305461424021,16.76305461424021,16.492422502470642
122.05326705991938,7.0,23.259406699226016,22.847319317591726,21.540659228538015,21.18962010041709,21.840329667841555,19.924858845171276,19.6468827043885,19.4164878389476,18.439088914585774,18.439088914585774,18.24828759089466,17.26267650163207,17.26267650163207,16.278820596099706,15.297058540778355,15.297058540778355,14.317821063276353,14.317821063276353,13.341664064126334,12.36931687685298,12.649110640673518,12.649110640673518,11.704699910719626,10.770329614269007,10.770329614269007,0.0,0.0,0.0,0.0,0.0,0.0,0.0,0.0,0.0,0.0,0.0,23.259406699226016,23.706539182259394,23.323807579381203,23.853720883753127,23.853720883753127,23.600847442411894,25.0,25.80697580112788,25.612496949731394,25.495097567963924,23.345235059857504,24.20743687382041,25.495097567963924,25.495097567963924,25.495097567963924,25.495097567963924,25.612496949731394,24.839484696748443,24.20743687382041,24.413111231467404,25.238858928247925,24.698178070456937,24.698178070456937,24.186773244895647,25.059928172283335,23.706539182259394
122.05326705991938,7.0,20.12461179749811,19.697715603592208,19.697715603592208,18.384776310850235,18.973665961010276,18.027756377319946,17.08800749063506,16.76305461424021,16.76305461424021,16.76305461424021,16.492422502470642,15.524174696260024,15.524174696260024,14.560219778561036,14.560219778561036,14.866068747318506,13.0,13.0,13.0,12.083045973594572,12.083045973594572,11.180339887498949,11.180339887498949,10.295630140987,10.0,0.0,0.0,0.0,0.0,0.0,0.0,0.0,0.0,0.0,0.0,0.0,19.313207915827967,19.697715603592208,20.12461179749811,19.235384061671343,20.591260281974,19.72308292331602,21.095023109728988,21.633307652783937,21.633307652783937,21.400934559032695,21.400934559032695,22.02271554554524,22.02271554554524,22.02271554554524,21.2602916254693,22.02271554554524,21.400934559032695,21.400934559032695,20.808652046684813,20.808652046684813,21.633307652783937,21.633307652783937,21.095023109728988,21.095023109728988,20.591260281974,20.591260281974
120.07081243999309,8.0,25.612496949731394,25.0,24.20743687382041,23.600847442411894,23.021728866442675,21.633307652783937,20.248456731316587,20.591260281974,20.591260281974,19.235384061671343,19.235384061671343,17.88854381999832,17.0,17.0,16.1245154965971,16.1245154965971,13.892443989449804,14.422205101855956,13.038404810405298,12.206555615733702,10.816653826391969,10.63014581273465,10.0,10.0,9.219544457292887,0.0,0.0,0.0,0.0,0.0,0.0,0.0,0.0,0.0,0.0,0.0,29.206163733020468,28.319604517012593,29.0,29.0,29.732137494637012,28.42534080710379,29.832867780352597,31.240998703626616,30.610455730027933,31.622776601683793,30.23243291566195,30.23243291566195,30.528675044947494,30.23243291566195,29.68164415931166,30.23243291566195,28.600699292150182,29.206163733020468,27.80287754891569,27.80287754891569,29.068883707497267,28.319604517012593,29.0,27.586228448267445,26.870057685088806,26.1725046566048
164.87874332369228,8.0,27.073972741361768,20.09975124224178,24.186773244895647,24.73863375370596,20.615528128088304,16.0,24.186773244895647,24.08318915758459,25.96150997149434,23.021728866442675,25.019992006393608,25.079872407968907,22.80350850198276,20.396078054371138,23.021728866442675,24.041630560342615,22.561028345356956,19.235384061671343,17.46424919657298,17.72004514666935,21.18962010041709,21.18962010041709,21.18962010041709,24.515301344262525,18.24828759089466,0.0,0.0,0.0,0.0,0.0,0.0,0.0,0.0,0.0,0.0,0.0,13.601470508735444,10.295630140987,8.94427190999916,19.026297590440446,17.029386365926403,18.24828759089466,10.0,21.0,23.769728648009426,15.524174696260024,20.808652046684813,20.615528128088304,21.400934559032695,21.93171219946131,12.165525060596439,15.620499351813308,20.396078054371138,24.08318915758459,20.12461179749811,19.72308292331602,12.36931687685298,15.132745950421556,17.46424919657298,20.615528128088304,19.6468827043885,22.825424421026653
120.07081243999309,8.0,28.319604517012593,29.0,27.586228448267445,26.90724809414742,27.65863337187866,24.839484696748443,25.612496949731394,24.20743687382041,24.20743687382041,23.600847442411894,23.600847442411894,22.20360331117452,22.20360331117452,21.400934559032695,20.615528128088304,20.615528128088304,19.1049731745428,19.1049731745428,18.439088914585774,16.97056274847714,16.278820596099706,16.278820596099706,15.620499351813308,15.0,14.422205101855956,0.0,0.0,0.0,0.0,0.0,0.0,0.0,0.0,0.0,0.0,0.0,29.0,28.319604517012593,28.42534080710379,28.600699292150182,28.600699292150182,29.410882339705484,30.23243291566195,31.622776601683793,31.064449134018133,30.886890422961002,31.76476034853718,31.76476034853718,31.76476034853718,31.76476034853718,31.304951684997057,31.304951684997057,30.886890422961002,30.886890422961002,30.528675044947494,29.68164415931166,30.805843601498726,30.805843601498726,30.805843601498726,30.610455730027933,30.479501308256342,29.832867780352597
149.03690818049066,6.0,17.11724276862369,17.11724276862369,15.033296378372908,14.142135623730951,13.038404810405298,12.0,11.045361017187261,12.0,13.038404810405298,10.04987562112089,10.0,11.045361017187261,11.180339887498949,10.770329614269007,11.180339887498949,10.816653826391969,12.206555615733702,12.806248474865697,14.212670403551895,13.45362404707371,14.142135623730951,14.142135623730951,14.866068747318506,15.0,15.811388300841896,0.0,0.0,0.0,0.0,0.0,0.0,0.0,0.0,0.0,0.0,0.0,34.92849839314596,35.4682957019364,34.539832078341085,33.24154027718932,35.11409973215888,33.83784863137726,36.40054944640259,34.17601498127012,34.17601498127012,34.539832078341085,31.622776601683793,33.24154027718932,30.083217912982647,30.59411708155671,28.635642126552707,30.805843601498726,28.071337695236398,26.1725046566048,28.160255680657446,26.019223662515376,25.019992006393608,24.020824298928627,22.0,22.090722034374522,20.09975124224178,19.1049731745428
132.03408650799233,7.0,17.0,16.0312195418814,16.0312195418814,14.0,13.0,13.152946437965905,11.0,11.40175425099138,11.40175425099138,10.198039027185569,12.36931687685298,10.770329614269007,11.661903789690601,10.816653826391969,11.40175425099138,12.206555615733702,12.041594578792296,12.727922061357855,13.45362404707371,13.601470508735444,13.601470508735444,13.601470508735444,13.601470508735444,14.7648230602334,14.317821063276353,0.0,0.0,0.0,0.0,0.0,0.0,0.0,0.0,0.0,0.0,0.0,31.04834939252005,31.953090617340916,31.016124838541646,34.539832078341085,30.364452901377952,31.016124838541646,32.31098884280702,31.622776601683793,30.083217912982647,30.083217912982647,30.675723300355934,29.732137494637012,29.732137494637012,28.160255680657446,30.364452901377952,26.92582403567252,26.30589287593181,24.515301344262525,25.079872407968907,25.179356624028344,25.179356624028344,24.020824298928627,22.02271554554524,19.026297590440446,21.095023109728988,19.0
132.03408650799233,7.0,16.278820596099706,14.866068747318506,14.866068747318506,13.601470508735444,13.038404810405298,12.529964086141668,12.083045973594572,11.704699910719626,11.180339887498949,10.04987562112089,10.0,10.04987562112089,9.219544457292887,10.44030650891055,9.848857801796104,10.770329614269007,9.848857801796104,11.661903789690601,11.661903789690601,11.661903789690601,12.529964086141668,12.529964086141668,13.038404810405298,13.892443989449804,13.416407864998739,0.0,0.0,0.0,0.0,0.0,0.0,0.0,0.0,0.0,0.0,0.0,33.301651610693426,32.202484376209235,31.906112267087632,31.38470965295043,31.38470965295043,30.4138126514911,31.304951684997057,32.202484376209235,31.78049716414141,31.016124838541646,29.732137494637012,30.364452901377952,29.410882339705484,29.410882339705484,28.460498941515414,28.160255680657446,26.570660511172846,26.0,24.698178070456937,23.769728648009426,24.166091947189145,24.596747752497688,22.825424421026653,21.095023109728988,21.095023109728988,19.72308292331602
146.0,8.0,16.278820596099706,15.132745950421556,14.035668847618199,13.0,13.152946437965905,12.36931687685298,11.704699910719626,11.180339887498949,11.661903789690601,12.041594578792296,12.041594578792296,10.816653826391969,12.206555615733702,12.529964086141668,13.0,13.0,13.0,15.811388300841896,15.811388300841896,16.15549442140351,16.76305461424021,17.08800749063506,17.08800749063506,17.46424919657298,17.88854381999832,0.0,0.0,0.0,0.0,0.0,0.0,0.0,0.0,0.0,0.0,0.0,37.33630940518894,36.24913792078372,36.235341863986875,34.48187929913333,34.9857113690718,33.28663395418648,35.22782990761707,35.22782990761707,34.40930106817051,33.421549934136806,33.301651610693426,32.64965543462902,31.89043743820395,31.240998703626616,30.479501308256342,29.832867780352597,28.42534080710379,27.80287754891569,25.80697580112788,25.80697580112788,25.238858928247925,24.186773244895647,24.186773244895647,22.825424421026653,20.12461179749811,20.615528128088304
146.0,8.0,17.69180601295413,17.804493814764857,16.64331697709324,13.892443989449804,14.317821063276353,12.083045973594572,13.341664064126334,12.36931687685298,11.180339887498949,11.0,13.152946437965905,11.180339887498949,11.40175425099138,10.770329614269007,13.0,12.529964086141668,11.661903789690601,13.038404810405298,13.038404810405298,13.601470508735444,13.038404810405298,13.892443989449804,13.892443989449804,15.264337522473747,15.652475842498529,0.0,0.0,0.0,0.0,0.0,0.0,0.0,0.0,0.0,0.0,0.0,34.713109915419565,34.40930106817051,33.015148038438355,33.28663395418648,32.2490309931942,32.2490309931942,32.64965543462902,32.64965543462902,32.64965543462902,31.78049716414141,31.38470965295043,30.463092423455635,30.463092423455635,29.546573405388315,29.154759474226502,28.231188426986208,27.313000567495326,26.832815729997478,25.942243542145693,25.059928172283335,24.186773244895647,24.698178070456937,22.20360331117452,22.20360331117452,21.400934559032695,20.0
149.03690818049066,6.0,26.248809496813376,24.839484696748443,23.430749027719962,22.80350850198276,22.20360331117452,21.095023109728988,20.248456731316587,19.72308292331602,18.35755975068582,17.88854381999832,16.55294535724685,15.231546211727817,15.231546211727817,14.317821063276353,13.416407864998739,13.0,11.180339887498949,11.704699910719626,10.770329614269007,10.44030650891055,9.486832980505138,8.54400374531753,8.246211251235321,8.246211251235321,7.280109889280518,0.0,0.0,0.0,0.0,0.0,0.0,0.0,0.0,0.0,0.0,0.0,33.60059523282288,33.301651610693426,32.526911934581186,33.24154027718932,32.55764119219941,32.64965543462902,33.301651610693426,34.713109915419565,33.421549934136806,33.60059523282288,33.015148038438355,32.449961479175904,33.015148038438355,33.015148038438355,32.449961479175904,32.449961479175904,31.400636936215164,31.400636936215164,30.610455730027933,30.610455730027933,30.479501308256342,31.144823004794873,29.732137494637012,29.698484809834994,28.284271247461902,28.284271247461902
146.0,8.0,26.076809620810597,25.553864678361276,25.553864678361276,24.186773244895647,23.706539182259394,22.360679774997898,21.02379604162864,21.02379604162864,21.02379604162864,19.697715603592208,19.697715603592208,18.384776310850235,17.46424919657298,17.46424919657298,16.55294535724685,15.652475842498529,14.7648230602334,14.7648230602334,13.892443989449804,12.529964086141668,11.661903789690601,10.816653826391969,10.63014581273465,10.63014581273465,9.899494936611665,0.0,0.0,0.0,0.0,0.0,0.0,0.0,0.0,0.0,0.0,0.0,30.23243291566195,30.0,29.206163733020468,29.068883707497267,30.479501308256342,29.0,30.4138126514911,31.827660925679098,31.827660925679098,31.144823004794873,30.479501308256342,30.479501308256342,30.479501308256342,31.240998703626616,31.240998703626616,30.4138126514911,30.4138126514911,29.698484809834994,29.0,29.0,29.732137494637012,29.832867780352597,29.068883707497267,28.42534080710379,28.42534080710379,27.80287754891569
146.0,8.0,24.73863375370596,22.561028345356956,24.73863375370596,21.37755832643195,22.360679774997898,20.223748416156685,21.213203435596427,18.027756377319946,19.1049731745428,19.1049731745428,19.1049731745428,17.11724276862369,16.0312195418814,18.027756377319946,16.0312195418814,16.1245154965971,14.142135623730951,15.132745950421556,14.142135623730951,14.142135623730951,12.165525060596439,12.36931687685298,11.40175425099138,11.704699910719626,10.770329614269007,0.0,0.0,0.0,0.0,0.0,0.0,0.0,0.0,0.0,0.0,0.0,26.92582403567252,25.632011235952593,26.92582403567252,25.079872407968907,27.730849247724095,24.596747752497688,28.178005607210743,28.178005607210743,27.730849247724095,28.30194339616981,28.0178514522438,28.0178514522438,27.202941017470888,27.202941017470888,25.238858928247925,28.30194339616981,25.553864678361276,28.653097563788805,25.942243542145693,26.40075756488817,26.40075756488817,26.0,26.92582403567252,26.0,25.079872407968907,24.698178070456937
149.03690818049066,6.0,18.973665961010276,17.72004514666935,17.72004514666935,17.46424919657298,16.492422502470642,15.524174696260024,16.278820596099706,15.132745950421556,14.142135623730951,13.152946437965905,14.035668847618199,13.038404810405298,12.041594578792296,12.041594578792296,12.041594578792296,11.180339887498949,10.04987562112089,9.055385138137417,9.055385138137417,9.055385138137417,8.06225774829855,8.06225774829855,7.0710678118654755,7.280109889280518,6.324555320336759,0.0,0.0,0.0,0.0,0.0,0.0,0.0,0.0,0.0,0.0,0.0,20.615528128088304,22.135943621178654,21.93171219946131,21.93171219946131,21.93171219946131,21.470910553583888,22.47220505424423,23.706539182259394,23.323807579381203,23.323807579381203,22.47220505424423,23.853720883753127,22.47220505424423,21.095023109728988,21.633307652783937,22.47220505424423,21.633307652783937,21.095023109728988,21.470910553583888,21.95449840010015,21.470910553583888,21.470910553583888,21.02379604162864,19.697715603592208,20.615528128088304,19.313207915827967
146.0,8.0,29.5296461204668,29.154759474226502,27.784887978899608,27.459060435491963,28.0178514522438,25.80697580112788,25.612496949731394,25.612496949731394,25.612496949731394,24.08318915758459,24.08318915758459,23.345235059857504,22.627416997969522,21.93171219946131,21.213203435596427,20.518284528683193,19.849433241279208,19.849433241279208,19.1049731745428,18.439088914585774,17.69180601295413,17.029386365926403,16.278820596099706,16.401219466856727,15.0,0.0,0.0,0.0,0.0,0.0,0.0,0.0,0.0,0.0,0.0,0.0,29.410882339705484,29.154759474226502,29.068883707497267,29.966648127543394,29.546573405388315,29.154759474226502,31.016124838541646,31.953090617340916,31.622776601683793,32.28002478313795,32.01562118716424,31.78049716414141,32.01562118716424,32.01562118716424,31.78049716414141,31.78049716414141,31.04834939252005,32.01562118716424,31.32091952673165,30.675723300355934,31.953090617340916,31.953090617340916,31.38470965295043,31.38470965295043,30.870698080866262,30.870698080866262
146.0,8.0,29.068883707497267,28.635642126552707,27.730849247724095,26.92582403567252,26.92582403567252,25.298221281347036,25.298221281347036,24.041630560342615,23.769728648009426,23.769728648009426,23.769728648009426,22.561028345356956,21.37755832643195,21.37755832643195,21.37755832643195,20.615528128088304,19.6468827043885,19.6468827043885,18.439088914585774,17.46424919657298,17.46424919657298,16.76305461424021,15.811388300841896,15.811388300841896,15.231546211727817,0.0,0.0,0.0,0.0,0.0,0.0,0.0,0.0,0.0,0.0,0.0,27.202941017470888,26.92582403567252,27.313000567495326,28.178005607210743,28.178005607210743,28.30194339616981,29.68164415931166,30.528675044947494,30.23243291566195,30.805843601498726,31.240998703626616,30.479501308256342,30.479501308256342,31.240998703626616,30.479501308256342,31.144823004794873,29.832867780352597,30.610455730027933,30.0,30.0,31.622776601683793,31.064449134018133,31.064449134018133,30.528675044947494,30.528675044947494,30.01666203960727
146.0,8.0,22.090722034374522,22.090722034374522,22.090722034374522,22.02271554554524,22.0,20.0,21.02379604162864,20.024984394500787,20.024984394500787,20.09975124224178,20.223748416156685,19.235384061671343,19.235384061671343,19.235384061671343,19.235384061671343,18.110770276274835,18.110770276274835,18.110770276274835,18.110770276274835,17.11724276862369,17.029386365926403,17.029386365926403,16.0,17.029386365926403,16.0312195418814,0.0,0.0,0.0,0.0,0.0,0.0,0.0,0.0,0.0,0.0,0.0,19.1049731745428,20.0,19.026297590440446,20.024984394500787,20.09975124224178,20.223748416156685,21.37755832643195,22.360679774997898,22.561028345356956,21.840329667841555,22.135943621178654,22.135943621178654,22.135943621178654,22.47220505424423,22.47220505424423,22.47220505424423,22.135943621178654,23.08679276123039,23.08679276123039,22.80350850198276,23.769728648009426,23.769728648009426,22.561028345356956,22.561028345356956,23.53720459187964,23.345235059857504
149.03690818049066,6.0,27.459060435491963,27.16615541441225,26.30589287593181,26.076809620810597,25.079872407968907,25.079872407968907,24.020824298928627,24.020824298928627,23.0,23.021728866442675,24.020824298928627,22.02271554554524,22.02271554554524,22.02271554554524,21.02379604162864,22.02271554554524,20.0,21.0,21.0,19.026297590440446,19.026297590440446,19.1049731745428,18.110770276274835,18.24828759089466,17.46424919657298,0.0,0.0,0.0,0.0,0.0,0.0,0.0,0.0,0.0,0.0,0.0,21.0,21.02379604162864,22.20360331117452,22.360679774997898,23.345235059857504,22.561028345356956,23.769728648009426,24.73863375370596,25.0,25.298221281347036,24.698178070456937,26.0,26.0,26.0,26.0,26.92582403567252,25.632011235952593,26.570660511172846,25.298221281347036,26.248809496813376,27.202941017470888,27.202941017470888,26.92582403567252,27.892651361962706,26.92582403567252,25.96150997149434
146.0,8.0,24.331050121192877,23.345235059857504,23.53720459187964,22.80350850198276,22.80350850198276,21.840329667841555,20.8806130178211,21.18962010041709,21.18962010041709,21.540659228538015,21.540659228538015,20.615528128088304,19.697715603592208,20.615528128088304,19.313207915827967,19.313207915827967,18.973665961010276,18.973665961010276,18.973665961010276,18.027756377319946,17.72004514666935,17.46424919657298,16.278820596099706,17.26267650163207,16.1245154965971,0.0,0.0,0.0,0.0,0.0,0.0,0.0,0.0,0.0,0.0,0.0,18.973665961010276,19.6468827043885,19.4164878389476,20.223748416156685,20.223748416156685,20.09975124224178,21.095023109728988,23.08679276123039,22.02271554554524,23.0,23.021728866442675,23.021728866442675,24.020824298928627,24.08318915758459,24.08318915758459,23.08679276123039,23.021728866442675,24.020824298928627,23.021728866442675,24.0,24.020824298928627,24.020824298928627,24.08318915758459,24.08318915758459,24.08318915758459,23.194827009486403
146.0,8.0,24.041630560342615,23.345235059857504,24.041630560342615,23.345235059857504,23.345235059857504,22.02271554554524,21.2602916254693,21.400934559032695,21.400934559032695,21.400934559032695,20.808652046684813,20.808652046684813,20.248456731316587,20.0,20.0,20.0,18.439088914585774,19.209372712298546,18.439088914585774,17.804493814764857,17.029386365926403,16.278820596099706,15.556349186104045,16.278820596099706,15.620499351813308,0.0,0.0,0.0,0.0,0.0,0.0,0.0,0.0,0.0,0.0,0.0,18.601075237738275,18.439088914585774,19.1049731745428,19.1049731745428,19.1049731745428,19.209372712298546,20.615528128088304,22.02271554554524,22.20360331117452,21.633307652783937,22.47220505424423,21.95449840010015,22.825424421026653,22.825424421026653,22.825424421026653,23.706539182259394,23.323807579381203,23.323807579381203,22.47220505424423,23.853720883753127,23.600847442411894,24.413111231467404,24.20743687382041,23.600847442411894,24.20743687382041,24.20743687382041
146.0,8.0,25.553864678361276,25.553864678361276,25.059928172283335,24.596747752497688,25.495097567963924,24.166091947189145,24.166091947189145,23.769728648009426,23.769728648009426,23.40939982143925,23.40939982143925,22.47220505424423,22.47220505424423,23.40939982143925,22.47220505424423,22.47220505424423,20.615528128088304,21.93171219946131,21.02379604162864,20.12461179749811,19.235384061671343,19.72308292331602,18.867962264113206,19.4164878389476,17.804493814764857,0.0,0.0,0.0,0.0,0.0,0.0,0.0,0.0,0.0,0.0,0.0,18.384776310850235,18.788294228055936,18.35755975068582,19.72308292331602,20.248456731316587,20.0,20.808652046684813,22.20360331117452,22.20360331117452,22.67156809750927,23.345235059857504,23.345235059857504,24.041630560342615,24.041630560342615,24.041630560342615,24.758836806279895,24.758836806279895,24.08318915758459,24.08318915758459,24.839484696748443,25.612496949731394,25.612496949731394,25.0,25.80697580112788,25.80697580112788,26.076809620810597
146.0,8.0,22.02271554554524,22.0,22.0,21.02379604162864,21.095023109728988,20.09975124224178,20.09975124224178,20.09975124224178,20.223748416156685,20.223748416156685,20.396078054371138,19.4164878389476,19.4164878389476,19.235384061671343,19.235384061671343,19.235384061671343,18.110770276274835,18.110770276274835,18.110770276274835,17.11724276862369,17.029386365926403,17.029386365926403,16.0,16.0,15.033296378372908,0.0,0.0,0.0,0.0,0.0,0.0,0.0,0.0,0.0,0.0,0.0,18.110770276274835,18.027756377319946,18.0,18.027756377319946,19.1049731745428,19.235384061671343,19.235384061671343,20.223748416156685,20.396078054371138,20.615528128088304,20.615528128088304,20.8806130178211,20.8806130178211,20.8806130178211,20.8806130178211,21.840329667841555,20.615528128088304,21.587033144922902,21.587033144922902,21.587033144922902,22.360679774997898,22.360679774997898,22.20360331117452,22.20360331117452,22.20360331117452,22.090722034374522
149.03690818049066,6.0,27.294688127912362,25.942243542145693,24.596747752497688,24.166091947189145,24.698178070456937,23.769728648009426,23.40939982143925,23.40939982143925,22.135943621178654,22.135943621178654,21.840329667841555,21.840329667841555,20.615528128088304,20.615528128088304,20.615528128088304,19.6468827043885,18.681541692269406,19.924858845171276,18.681541692269406,18.027756377319946,18.027756377319946,17.08800749063506,16.15549442140351,16.55294535724685,16.55294535724685,0.0,0.0,0.0,0.0,0.0,0.0,0.0,0.0,0.0,0.0,0.0,22.47220505424423,22.360679774997898,22.825424421026653,22.825424421026653,23.323807579381203,23.021728866442675,24.413111231467404,25.238858928247925,25.0,24.839484696748443,25.495097567963924,26.1725046566048,26.1725046566048,26.1725046566048,26.1725046566048,26.1725046566048,25.495097567963924,25.495097567963924,25.612496949731394,25.612496949731394,26.40075756488817,26.40075756488817,26.627053911388696,26.627053911388696,26.076809620810597,25.238858928247925
146.0,8.0,23.021728866442675,23.021728866442675,23.0,23.021728866442675,22.02271554554524,21.02379604162864,21.095023109728988,21.095023109728988,21.095023109728988,21.213203435596427,20.223748416156685,19.235384061671343,19.235384061671343,19.235384061671343,19.235384061671343,19.1049731745428,18.110770276274835,18.110770276274835,18.110770276274835,17.029386365926403,16.0312195418814,16.0,15.0,16.0312195418814,15.132745950421556,0.0,0.0,0.0,0.0,0.0,0.0,0.0,0.0,0.0,0.0,0.0,18.24828759089466,18.110770276274835,18.027756377319946,19.0,19.0,20.024984394500787,21.095023109728988,22.090722034374522,22.20360331117452,21.37755832643195,22.561028345356956,22.561028345356956,22.80350850198276,22.561028345356956,23.08679276123039,23.769728648009426,22.80350850198276,22.561028345356956,22.561028345356956,22.360679774997898,23.345235059857504,23.345235059857504,23.194827009486403,23.194827009486403,24.186773244895647,24.08318915758459
132.48396129343357,6.0,22.825424421026653,23.323807579381203,21.095023109728988,22.20360331117452,21.400934559032695,20.615528128088304,19.849433241279208,19.849433241279208,19.1049731745428,19.1049731745428,18.439088914585774,17.69180601295413,17.69180601295413,17.69180601295413,17.029386365926403,17.029386365926403,16.278820596099706,16.278820596099706,16.278820596099706,14.866068747318506,14.866068747318506,14.142135623730951,14.142135623730951,14.866068747318506,14.212670403551895,0.0,0.0,0.0,0.0,0.0,0.0,0.0,0.0,0.0,0.0,0.0,24.20743687382041,24.413111231467404,23.323807579381203,25.059928172283335,24.596747752497688,25.079872407968907,26.0,27.313000567495326,26.570660511172846,26.570660511172846,26.92582403567252,26.92582403567252,25.96150997149434,25.96150997149434,27.65863337187866,25.709920264364882,25.96150997149434,25.96150997149434,25.298221281347036,25.298221281347036,25.632011235952593,25.632011235952593,25.079872407968907,25.079872407968907,25.495097567963924,24.596747752497688
132.48396129343357,6.0,28.0178514522438,29.0,27.018512172212592,27.073972741361768,27.16615541441225,26.1725046566048,25.317977802344327,25.317977802344327,24.515301344262525,24.515301344262525,23.769728648009426,23.769728648009426,22.80350850198276,22.80350850198276,22.80350850198276,21.587033144922902,20.615528128088304,20.615528128088304,20.615528128088304,19.6468827043885,19.4164878389476,19.235384061671343,18.24828759089466,18.24828759089466,18.027756377319946,0.0,0.0,0.0,0.0,0.0,0.0,0.0,0.0,0.0,0.0,0.0,27.073972741361768,28.0,28.071337695236398,28.160255680657446,28.160255680657446,28.442925306655784,29.614185789921695,30.59411708155671,30.805843601498726,30.083217912982647,30.364452901377952,30.675723300355934,30.675723300355934,30.364452901377952,30.675723300355934,30.675723300355934,30.364452901377952,30.083217912982647,29.832867780352597,28.861739379323623,30.59411708155671,30.4138126514911,29.427877939124322,30.265491900843113,30.265491900843113,29.154759474226502
122.05326705991938,7.0,16.401219466856727,15.811388300841896,15.264337522473747,15.264337522473747,14.7648230602334,14.7648230602334,14.317821063276353,14.317821063276353,14.317821063276353,13.92838827718412,13.92838827718412,12.649110640673518,12.649110640673518,12.649110640673518,12.649110640673518,11.704699910719626,11.704699910719626,12.649110640673518,11.704699910719626,11.704699910719626,10.770329614269007,9.848857801796104,9.848857801796104,9.848857801796104,10.295630140987,0.0,0.0,0.0,0.0,0.0,0.0,0.0,0.0,0.0,0.0,0.0,16.1245154965971,15.811388300841896,16.401219466856727,16.278820596099706,16.278820596099706,16.278820596099706,16.97056274847714,17.69180601295413,17.69180601295413,17.029386365926403,17.804493814764857,17.204650534085253,17.804493814764857,16.401219466856727,17.204650534085253,17.204650534085253,17.029386365926403,17.029386365926403,17.029386365926403,16.278820596099706,16.97056274847714,16.97056274847714,16.97056274847714,16.97056274847714,16.97056274847714,17.029386365926403
122.05326705991938,7.0,28.071337695236398,29.068883707497267,28.0178514522438,27.0,27.0,26.0,26.019223662515376,26.076809620810597,26.076809620810597,25.179356624028344,24.186773244895647,24.331050121192877,23.345235059857504,23.194827009486403,23.194827009486403,23.194827009486403,22.090722034374522,22.090722034374522,21.095023109728988,21.02379604162864,20.024984394500787,19.026297590440446,18.0,19.026297590440446,18.110770276274835,0.0,0.0,0.0,0.0,0.0,0.0,0.0,0.0,0.0,0.0,0.0,28.0178514522438,28.0178514522438,28.071337695236398,28.160255680657446,28.284271247461902,28.442925306655784,29.614185789921695,30.59411708155671,30.805843601498726,30.364452901377952,30.675723300355934,30.675723300355934,30.675723300355934,30.675723300355934,30.083217912982647,30.675723300355934,30.364452901377952,30.364452901377952,29.410882339705484,29.120439557122072,30.805843601498726,29.832867780352597,29.614185789921695,29.427877939124322,29.427877939124322,30.4138126514911
149.03690818049066,6.0,28.231188426986208,27.730849247724095,26.832815729997478,25.942243542145693,25.553864678361276,24.698178070456937,24.698178070456937,24.413111231467404,24.413111231467404,24.413111231467404,24.20743687382041,23.430749027719962,22.80350850198276,22.02271554554524,22.02271554554524,21.400934559032695,20.808652046684813,20.808652046684813,20.808652046684813,20.0,19.4164878389476,18.867962264113206,18.35755975068582,17.88854381999832,17.46424919657298,0.0,0.0,0.0,0.0,0.0,0.0,0.0,0.0,0.0,0.0,0.0,28.653097563788805,29.546573405388315,29.154759474226502,29.732137494637012,29.410882339705484,29.120439557122072,30.083217912982647,32.28002478313795,30.805843601498726,30.59411708155671,30.265491900843113,31.25699921617557,30.265491900843113,30.265491900843113,30.14962686336267,31.144823004794873,30.265491900843113,30.265491900843113,29.614185789921695,28.635642126552707,30.083217912982647,30.083217912982647,29.120439557122072,28.160255680657446,28.460498941515414,28.460498941515414
132.03408650799233,7.0,24.08318915758459,24.041630560342615,23.345235059857504,23.345235059857504,22.02271554554524,21.400934559032695,21.400934559032695,20.808652046684813,20.808652046684813,20.808652046684813,20.248456731316587,19.72308292331602,19.72308292331602,18.35755975068582,18.35755975068582,18.867962264113206,17.4928556845359,17.4928556845359,17.4928556845359,16.64331697709324,16.64331697709324,16.64331697709324,15.811388300841896,15.620499351813308,15.620499351813308,0.0,0.0,0.0,0.0,0.0,0.0,0.0,0.0,0.0,0.0,0.0,24.758836806279895,24.758836806279895,24.839484696748443,25.612496949731394,25.0,25.238858928247925,26.627053911388696,27.459060435491963,26.92582403567252,26.419689627245813,26.832815729997478,27.313000567495326,26.832815729997478,26.832815729997478,27.313000567495326,26.40075756488817,25.942243542145693,25.942243542145693,25.059928172283335,25.553864678361276,26.076809620810597,26.076809620810597,25.238858928247925,25.0,24.413111231467404,24.413111231467404
146.0,8.0,28.160255680657446,28.284271247461902,27.294688127912362,26.68332812825267,25.96150997149434,25.0,24.041630560342615,24.041630560342615,23.40939982143925,23.769728648009426,22.847319317591726,21.93171219946131,21.93171219946131,21.93171219946131,21.02379604162864,21.93171219946131,20.615528128088304,20.615528128088304,19.697715603592208,19.313207915827967,18.384776310850235,18.027756377319946,16.76305461424021,17.72004514666935,17.46424919657298,0.0,0.0,0.0,0.0,0.0,0.0,0.0,0.0,0.0,0.0,0.0,29.832867780352597,30.265491900843113,30.066592756745816,30.01666203960727,31.016124838541646,30.01666203960727,32.01562118716424,33.06055050963308,32.0624390837628,32.2490309931942,32.38826948140329,32.38826948140329,31.400636936215164,31.575306807693888,31.575306807693888,31.575306807693888,31.400636936215164,31.400636936215164,30.265491900843113,30.14962686336267,31.064449134018133,31.016124838541646,30.01666203960727,30.0,30.01666203960727,29.017236257093817
146.0,8.0,26.40075756488817,26.248809496813376,25.495097567963924,24.758836806279895,24.758836806279895,23.345235059857504,23.345235059857504,22.67156809750927,22.80350850198276,22.20360331117452,22.20360331117452,21.633307652783937,20.808652046684813,20.248456731316587,20.248456731316587,20.808652046684813,19.4164878389476,19.4164878389476,19.4164878389476,18.601075237738275,17.804493814764857,17.804493814764857,16.401219466856727,17.029386365926403,16.97056274847714,0.0,0.0,0.0,0.0,0.0,0.0,0.0,0.0,0.0,0.0,0.0,28.284271247461902,28.319604517012593,27.80287754891569,28.600699292150182,28.0178514522438,28.30194339616981,28.653097563788805,30.01666203960727,29.5296461204668,29.966648127543394,29.546573405388315,29.546573405388315,29.546573405388315,29.546573405388315,29.154759474226502,29.154759474226502,28.635642126552707,28.635642126552707,27.730849247724095,27.730849247724095,28.178005607210743,28.653097563788805,27.784887978899608,27.459060435491963,27.459060435491963,26.627053911388696
149.03690818049066,6.0,25.059928172283335,24.698178070456937,23.853720883753127,23.021728866442675,22.80350850198276,22.02271554554524,22.02271554554524,21.93171219946131,21.2602916254693,21.213203435596427,21.2602916254693,20.518284528683193,20.518284528683193,19.849433241279208,19.1049731745428,19.1049731745428,18.384776310850235,18.384776310850235,18.384776310850235,16.97056274847714,16.97056274847714,16.97056274847714,16.278820596099706,16.401219466856727,15.0,0.0,0.0,0.0,0.0,0.0,0.0,0.0,0.0,0.0,0.0,0.0,26.076809620810597,26.832815729997478,26.40075756488817,27.313000567495326,26.92582403567252,26.570660511172846,27.51363298439521,28.460498941515414,28.160255680657446,27.892651361962706,27.65863337187866,27.65863337187866,27.65863337187866,27.65863337187866,27.459060435491963,27.459060435491963,27.65863337187866,26.68332812825267,25.96150997149434,25.96150997149434,27.51363298439521,27.51363298439521,26.92582403567252,26.0,25.495097567963924,25.495097567963924
146.0,8.0,16.15549442140351,16.15549442140351,15.811388300841896,15.524174696260024,15.524174696260024,15.297058540778355,14.317821063276353,14.142135623730951,14.142135623730951,14.142135623730951,14.035668847618199,14.035668847618199,13.038404810405298,13.038404810405298,13.038404810405298,13.038404810405298,12.165525060596439,13.152946437965905,12.165525060596439,11.180339887498949,11.180339887498949,10.198039027185569,10.198039027185569,10.198039027185569,9.486832980505138,0.0,0.0,0.0,0.0,0.0,0.0,0.0,0.0,0.0,0.0,0.0,16.76305461424021,16.15549442140351,16.55294535724685,16.55294535724685,16.55294535724685,17.0,17.4928556845359,18.35755975068582,17.4928556845359,18.027756377319946,17.804493814764857,17.804493814764857,17.804493814764857,17.804493814764857,17.029386365926403,17.804493814764857,17.204650534085253,17.204650534085253,18.027756377319946,16.64331697709324,17.4928556845359,17.4928556845359,17.0,17.0,17.0,16.55294535724685
146.0,8.0,14.866068747318506,15.231546211727817,13.92838827718412,14.317821063276353,14.317821063276353,13.416407864998739,13.416407864998739,13.416407864998739,11.661903789690601,12.206555615733702,13.038404810405298,12.206555615733702,12.206555615733702,10.816653826391969,11.661903789690601,10.816653826391969,10.816653826391969,10.816653826391969,10.295630140987,10.295630140987,9.848857801796104,8.94427190999916,8.94427190999916,8.94427190999916,8.54400374531753,0.0,0.0,0.0,0.0,0.0,0.0,0.0,0.0,0.0,0.0,0.0,14.317821063276353,15.231546211727817,14.560219778561036,15.524174696260024,14.560219778561036,15.297058540778355,15.297058540778355,17.26267650163207,16.278820596099706,16.1245154965971,16.1245154965971,16.1245154965971,16.1245154965971,17.11724276862369,17.029386365926403,16.0312195418814,17.029386365926403,15.033296378372908,16.1245154965971,15.132745950421556,16.278820596099706,16.278820596099706,15.524174696260024,15.524174696260024,15.811388300841896,14.866068747318506
149.03690818049066,6.0,28.844410203711913,28.30194339616981,27.784887978899608,27.294688127912362,27.294688127912362,25.942243542145693,25.495097567963924,25.495097567963924,25.495097567963924,25.079872407968907,24.698178070456937,23.40939982143925,23.769728648009426,22.47220505424423,22.847319317591726,21.93171219946131,21.02379604162864,21.02379604162864,21.02379604162864,20.12461179749811,19.235384061671343,19.72308292331602,18.027756377319946,18.027756377319946,17.804493814764857,0.0,0.0,0.0,0.0,0.0,0.0,0.0,0.0,0.0,0.0,0.0,25.942243542145693,26.92582403567252,26.627053911388696,27.202941017470888,27.80287754891569,27.65863337187866,29.068883707497267,29.732137494637012,29.0,29.698484809834994,29.732137494637012,29.732137494637012,29.732137494637012,29.732137494637012,30.479501308256342,30.479501308256342,29.732137494637012,29.732137494637012,29.698484809834994,29.0,29.732137494637012,29.732137494637012,29.832867780352597,29.206163733020468,29.206163733020468,28.600699292150182
146.0,8.0,23.769728648009426,22.847319317591726,21.02379604162864,21.470910553583888,21.095023109728988,19.72308292331602,19.4164878389476,18.601075237738275,17.804493814764857,17.69180601295413,17.69180601295413,16.278820596099706,15.556349186104045,14.866068747318506,14.866068747318506,14.866068747318506,14.142135623730951,13.45362404707371,13.45362404707371,12.041594578792296,11.40175425099138,11.40175425099138,10.63014581273465,10.63014581273465,10.63014581273465,0.0,0.0,0.0,0.0,0.0,0.0,0.0,0.0,0.0,0.0,0.0,30.4138126514911,30.463092423455635,29.732137494637012,30.364452901377952,30.364452901377952,30.805843601498726,31.78049716414141,32.55764119219941,32.38826948140329,31.25699921617557,31.25699921617557,31.144823004794873,31.144823004794873,31.144823004794873,30.066592756745816,30.066592756745816,29.154759474226502,29.154759474226502,28.284271247461902,27.459060435491963,27.459060435491963,27.65863337187866,26.68332812825267,26.92582403567252,26.248809496813376,25.298221281347036
146.0,8.0,23.600847442411894,22.02271554554524,21.400934559032695,20.518284528683193,20.518284528683193,19.1049731745428,17.69180601295413,18.439088914585774,17.69180601295413,17.804493814764857,17.204650534085253,16.64331697709324,15.264337522473747,15.264337522473747,14.7648230602334,14.7648230602334,13.892443989449804,13.892443989449804,13.038404810405298,13.038404810405298,11.661903789690601,11.661903789690601,11.661903789690601,10.816653826391969,10.816653826391969,0.0,0.0,0.0,0.0,0.0,0.0,0.0,0.0,0.0,0.0,0.0,29.068883707497267,28.600699292150182,28.844410203711913,28.30194339616981,29.154759474226502,28.178005607210743,29.068883707497267,31.304951684997057,29.546573405388315,30.083217912982647,29.732137494637012,29.732137494637012,29.732137494637012,28.792360097775937,28.460498941515414,28.460498941515414,27.85677655436824,27.85677655436824,26.0,26.0,26.832815729997478,26.832815729997478,25.942243542145693,25.059928172283335,24.698178070456937,23.323807579381203
146.0,8.0,23.40939982143925,23.08679276123039,22.80350850198276,21.840329667841555,21.587033144922902,20.396078054371138,20.223748416156685,20.223748416156685,20.223748416156685,20.09975124224178,19.1049731745428,19.026297590440446,18.027756377319946,19.026297590440446,18.027756377319946,18.027756377319946,17.11724276862369,17.029386365926403,17.11724276862369,16.1245154965971,15.132745950421556,15.132745950421556,14.317821063276353,15.297058540778355,14.560219778561036,0.0,0.0,0.0,0.0,0.0,0.0,0.0,0.0,0.0,0.0,0.0,23.53720459187964,23.769728648009426,23.40939982143925,23.769728648009426,23.769728648009426,24.166091947189145,25.495097567963924,26.832815729997478,25.942243542145693,26.076809620810597,26.076809620810597,25.80697580112788,25.80697580112788,25.80697580112788,25.80697580112788,25.80697580112788,26.076809620810597,25.238858928247925,24.698178070456937,24.186773244895647,25.059928172283335,25.059928172283335,25.059928172283335,24.596747752497688,24.166091947189145,24.166091947189145
149.03690818049066,6.0,27.16615541441225,27.294688127912362,25.495097567963924,25.709920264364882,25.96150997149434,24.041630560342615,24.041630560342615,24.351591323771842,23.769728648009426,23.259406699226016,23.259406699226016,22.360679774997898,21.470910553583888,21.470910553583888,21.470910553583888,21.470910553583888,21.02379604162864,21.470910553583888,20.12461179749811,20.12461179749811,19.697715603592208,19.313207915827967,18.384776310850235,18.973665961010276,17.72004514666935,0.0,0.0,0.0,0.0,0.0,0.0,0.0,0.0,0.0,0.0,0.0,29.832867780352597,29.274562336608895,30.14962686336267,30.01666203960727,30.01666203960727,30.01666203960727,30.01666203960727,32.01562118716424,31.064449134018133,30.265491900843113,30.4138126514911,30.4138126514911,30.59411708155671,30.59411708155671,30.59411708155671,30.59411708155671,29.427877939124322,29.274562336608895,29.154759474226502,29.154759474226502,30.066592756745816,29.068883707497267,29.017236257093817,29.0,29.017236257093817,28.071337695236398
146.0,8.0,30.14962686336267,29.274562336608895,28.284271247461902,27.459060435491963,27.65863337187866,26.476404589747453,25.709920264364882,25.0,25.0,24.351591323771842,24.351591323771842,23.40939982143925,23.40939982143925,22.847319317591726,22.47220505424423,22.135943621178654,20.248456731316587,21.18962010041709,19.924858845171276,18.973665961010276,18.681541692269406,18.439088914585774,17.46424919657298,17.46424919657298,17.26267650163207,0.0,0.0,0.0,0.0,0.0,0.0,0.0,0.0,0.0,0.0,0.0,29.832867780352597,29.274562336608895,30.14962686336267,30.066592756745816,30.01666203960727,30.0,31.016124838541646,33.015148038438355,32.0624390837628,32.2490309931942,31.400636936215164,32.38826948140329,32.38826948140329,33.37663853655727,32.55764119219941,32.38826948140329,32.2490309931942,32.2490309931942,31.144823004794873,31.144823004794873,32.0624390837628,32.0624390837628,32.01562118716424,31.0,31.016124838541646,30.01666203960727
146.0,8.0,27.294688127912362,27.294688127912362,26.30589287593181,26.476404589747453,26.68332812825267,25.709920264364882,24.73863375370596,24.351591323771842,24.351591323771842,24.351591323771842,24.351591323771842,23.40939982143925,23.40939982143925,23.40939982143925,22.135943621178654,22.135943621178654,20.8806130178211,22.135943621178654,20.8806130178211,19.6468827043885,19.4164878389476,19.235384061671343,18.110770276274835,18.110770276274835,18.027756377319946,0.0,0.0,0.0,0.0,0.0,0.0,0.0,0.0,0.0,0.0,0.0,23.769728648009426,23.345235059857504,23.194827009486403,23.08679276123039,24.020824298928627,24.020824298928627,25.0,26.0,26.0,26.076809620810597,26.1725046566048,26.1725046566048,27.294688127912362,27.16615541441225,27.294688127912362,27.294688127912362,27.16615541441225,27.16615541441225,27.073972741361768,27.018512172212592,28.0178514522438,28.0,28.0,28.0178514522438,28.0178514522438,28.071337695236398
146.0,8.0,26.90724809414742,27.018512172212592,25.612496949731394,25.0,25.238858928247925,23.853720883753127,23.323807579381203,23.323807579381203,22.825424421026653,23.706539182259394,23.259406699226016,21.93171219946131,21.93171219946131,21.93171219946131,20.615528128088304,21.540659228538015,20.12461179749811,21.02379604162864,19.697715603592208,19.697715603592208,19.697715603592208,19.235384061671343,18.35755975068582,18.867962264113206,18.867962264113206,0.0,0.0,0.0,0.0,0.0,0.0,0.0,0.0,0.0,0.0,0.0,28.0178514522438,27.65863337187866,28.284271247461902,29.0,28.319604517012593,29.068883707497267,29.832867780352597,30.610455730027933,30.610455730027933,30.23243291566195,30.528675044947494,30.528675044947494,30.528675044947494,30.528675044947494,30.01666203960727,30.01666203960727,29.68164415931166,29.68164415931166,28.844410203711913,28.600699292150182,29.206163733020468,29.206163733020468,28.42534080710379,28.319604517012593,28.319604517012593,27.586228448267445
146.0,8.0,26.0,25.632011235952593,23.40939982143925,23.08679276123039,22.80350850198276,20.615528128088304,19.4164878389476,19.4164878389476,17.26267650163207,17.11724276862369,16.1245154965971,15.033296378372908,14.035668847618199,13.038404810405298,12.041594578792296,11.0,11.0,10.0,9.0,8.0,7.0710678118654755,7.0710678118654755,6.082762530298219,5.0990195135927845,5.0990195135927845,0.0,0.0,0.0,0.0,0.0,0.0,0.0,0.0,0.0,0.0,0.0,34.539832078341085,34.438350715445125,34.48187929913333,34.9857113690718,34.132096331752024,33.83784863137726,35.805027579936315,36.61966684720111,35.805027579936315,35.608987629529715,35.4682957019364,35.4682957019364,34.828149534535996,34.828149534535996,34.713109915419565,34.713109915419565,33.421549934136806,32.802438933713454,32.202484376209235,31.400636936215164,32.449961479175904,31.906112267087632,30.528675044947494,30.4138126514911,29.5296461204668,29.068883707497267
149.03690818049066,6.0,25.942243542145693,25.495097567963924,25.495097567963924,24.166091947189145,24.698178070456937,22.47220505424423,22.135943621178654,23.08679276123039,21.840329667841555,21.587033144922902,20.615528128088304,20.396078054371138,19.4164878389476,19.4164878389476,19.4164878389476,18.439088914585774,17.46424919657298,17.46424919657298,17.46424919657298,16.492422502470642,15.524174696260024,14.866068747318506,13.92838827718412,14.866068747318506,14.317821063276353,0.0,0.0,0.0,0.0,0.0,0.0,0.0,0.0,0.0,0.0,0.0,27.313000567495326,26.832815729997478,26.92582403567252,27.459060435491963,27.459060435491963,27.202941017470888,28.600699292150182,30.0,29.206163733020468,29.068883707497267,29.732137494637012,29.698484809834994,29.0,29.0,29.698484809834994,29.698484809834994,28.319604517012593,28.319604517012593,27.65863337187866,27.018512172212592,29.206163733020468,28.600699292150182,28.0178514522438,27.459060435491963,27.459060435491963,27.459060435491963
146.0,8.0,29.017236257093817,29.017236257093817,27.0,26.076809620810597,26.1725046566048,25.179356624028344,24.186773244895647,24.331050121192877,24.331050121192877,23.53720459187964,22.80350850198276,21.840329667841555,21.840329667841555,20.615528128088304,20.615528128088304,18.681541692269406,18.681541692269406,18.681541692269406,17.46424919657298,16.492422502470642,16.492422502470642,15.297058540778355,14.317821063276353,14.142135623730951,14.142135623730951,0.0,0.0,0.0,0.0,0.0,0.0,0.0,0.0,0.0,0.0,0.0,33.015148038438355,33.13608305156178,32.38826948140329,33.54101966249684,32.55764119219941,32.984845004941285,34.20526275297414,35.17101079013795,34.48187929913333,33.83784863137726,34.17601498127012,34.539832078341085,33.61547262794322,34.17601498127012,33.61547262794322,33.24154027718932,32.89376840679705,32.57299494980466,31.32091952673165,30.364452901377952,31.78049716414141,31.78049716414141,30.59411708155671,30.4138126514911,30.265491900843113,30.265491900843113
149.03690818049066,6.0,21.213203435596427,21.2602916254693,20.615528128088304,21.400934559032695,20.808652046684813,20.808652046684813,21.095023109728988,21.095023109728988,21.470910553583888,21.93171219946131,21.93171219946131,21.540659228538015,21.93171219946131,21.93171219946131,21.93171219946131,22.360679774997898,21.470910553583888,23.259406699226016,23.706539182259394,21.95449840010015,21.95449840010015,22.47220505424423,22.20360331117452,22.80350850198276,22.67156809750927,0.0,0.0,0.0,0.0,0.0,0.0,0.0,0.0,0.0,0.0,0.0,22.02271554554524,21.633307652783937,21.95449840010015,21.470910553583888,21.470910553583888,21.93171219946131,21.93171219946131,23.259406699226016,22.47220505424423,22.47220505424423,22.135943621178654,23.08679276123039,22.135943621178654,21.18962010041709,22.135943621178654,22.135943621178654,21.540659228538015,21.540659228538015,20.615528128088304,21.02379604162864,21.470910553583888,21.095023109728988,21.095023109728988,20.808652046684813,20.808652046684813,20.615528128088304
149.03690818049066,6.0,24.186773244895647,23.323807579381203,21.470910553583888,20.615528128088304,20.615528128088304,18.384776310850235,17.08800749063506,16.76305461424021,14.317821063276353,15.297058540778355,14.317821063276353,13.152946437965905,12.165525060596439,11.045361017187261,10.0,10.04987562112089,9.0,9.0,8.0,7.0,7.0710678118654755,6.082762530298219,5.0990195135927845,5.385164807134504,5.0990195135927845,0.0,0.0,0.0,0.0,0.0,0.0,0.0,0.0,0.0,0.0,0.0,36.71511950137164,37.44329045369811,36.40054944640259,36.40054944640259,36.235341863986875,35.38361202590826,36.796738985948195,37.53664875824692,36.796738985948195,36.069377593742864,36.796738985948195,36.124783736376884,36.124783736376884,36.124783736376884,34.713109915419565,33.97057550292606,33.97057550292606,33.24154027718932,31.827660925679098,31.144823004794873,31.89043743820395,29.832867780352597,30.610455730027933,28.600699292150182,27.80287754891569,27.202941017470888
146.72763884149435,8.0,6.4031242374328485,3.1622776601683795,10.770329614269007,5.385164807134504,4.47213595499958,11.661903789690601,10.816653826391969,10.44030650891055,11.661903789690601,11.704699910719626,8.54400374531753,9.219544457292887,5.830951894845301,5.656854249492381,7.0,7.280109889280518,6.324555320336759,6.324555320336759,6.4031242374328485,5.830951894845301,10.04987562112089,7.0,6.324555320336759,10.198039027185569,6.082762530298219,0.0,0.0,0.0,0.0,0.0,0.0,0.0,0.0,0.0,0.0,0.0,2.0,5.0990195135927845,4.123105625617661,6.0,6.082762530298219,4.242640687119285,7.211102550927978,8.06225774829855,9.433981132056603,2.8284271247461903,4.123105625617661,2.8284271247461903,4.123105625617661,7.0710678118654755,5.0,7.810249675906654,8.0,7.0710678118654755,9.219544457292887,8.06225774829855,17.4928556845359,7.810249675906654,13.038404810405298,9.0,3.0,10.63014581273465
149.03690818049066,6.0,28.635642126552707,27.730849247724095,27.294688127912362,26.419689627245813,26.92582403567252,24.698178070456937,24.413111231467404,24.20743687382041,24.20743687382041,24.20743687382041,23.430749027719962,22.02271554554524,22.02271554554524,22.67156809750927,21.2602916254693,22.02271554554524,20.0,20.615528128088304,19.209372712298546,18.601075237738275,18.027756377319946,18.027756377319946,16.64331697709324,17.4928556845359,16.1245154965971,0.0,0.0,0.0,0.0,0.0,0.0,0.0,0.0,0.0,0.0,0.0,25.553864678361276,25.942243542145693,26.0,26.92582403567252,26.92582403567252,27.202941017470888,28.460498941515414,29.410882339705484,29.120439557122072,29.614185789921695,29.614185789921695,29.427877939124322,30.4138126514911,29.427877939124322,29.274562336608895,30.59411708155671,29.614185789921695,29.614185789921695,28.635642126552707,28.861739379323623,30.083217912982647,30.083217912982647,29.410882339705484,29.732137494637012,28.792360097775937,27.85677655436824
149.03690818049066,6.0,26.90724809414742,26.1725046566048,25.45584412271571,25.495097567963924,24.839484696748443,23.430749027719962,23.600847442411894,23.021728866442675,22.47220505424423,21.95449840010015,21.95449840010015,21.470910553583888,20.12461179749811,20.12461179749811,20.12461179749811,20.12461179749811,19.235384061671343,19.235384061671343,19.235384061671343,17.88854381999832,17.88854381999832,17.88854381999832,17.4928556845359,17.4928556845359,17.204650534085253,0.0,0.0,0.0,0.0,0.0,0.0,0.0,0.0,0.0,0.0,0.0,31.89043743820395,31.11269837220809,31.89043743820395,31.240998703626616,32.202484376209235,31.622776601683793,32.449961479175904,32.449961479175904,32.7566787083184,32.2490309931942,33.54101966249684,32.202484376209235,32.202484376209235,33.1058907144937,31.78049716414141,31.78049716414141,30.870698080866262,30.4138126514911,30.4138126514911,29.5296461204668,30.528675044947494,30.01666203960727,29.68164415931166,28.844410203711913,28.0178514522438,27.202941017470888
149.03690818049066,6.0,26.30589287593181,25.495097567963924,24.73863375370596,23.769728648009426,24.041630560342615,22.135943621178654,21.540659228538015,21.540659228538015,21.540659228538015,20.615528128088304,20.12461179749811,18.788294228055936,19.235384061671343,19.235384061671343,18.35755975068582,18.35755975068582,17.0,17.88854381999832,17.0,16.1245154965971,15.652475842498529,15.231546211727817,14.317821063276353,14.317821063276353,13.92838827718412,0.0,0.0,0.0,0.0,0.0,0.0,0.0,0.0,0.0,0.0,0.0,28.460498941515414,27.892651361962706,28.442925306655784,28.284271247461902,29.274562336608895,30.14962686336267,31.016124838541646,34.0147027033899,28.071337695236398,31.0,30.066592756745816,30.066592756745816,30.066592756745816,30.066592756745816,30.14962686336267,30.066592756745816,29.068883707497267,30.01666203960727,29.0,29.0,30.01666203960727,29.017236257093817,29.017236257093817,28.071337695236398,28.160255680657446,26.1725046566048
132.48396129343357,6.0,29.017236257093817,28.0178514522438,26.019223662515376,26.076809620810597,26.1725046566048,24.186773244895647,24.186773244895647,23.53720459187964,22.561028345356956,22.80350850198276,22.561028345356956,21.840329667841555,20.8806130178211,20.8806130178211,19.6468827043885,19.6468827043885,17.72004514666935,18.681541692269406,17.46424919657298,17.46424919657298,16.278820596099706,16.492422502470642,15.297058540778355,15.297058540778355,15.132745950421556,0.0,0.0,0.0,0.0,0.0,0.0,0.0,0.0,0.0,0.0,0.0,31.25699921617557,30.01666203960727,31.016124838541646,31.064449134018133,31.144823004794873,30.265491900843113,32.2490309931942,33.37663853655727,32.55764119219941,32.7566787083184,32.984845004941285,32.984845004941285,32.01562118716424,32.28002478313795,32.28002478313795,32.28002478313795,31.78049716414141,32.01562118716424,30.59411708155671,30.59411708155671,31.400636936215164,31.400636936215164,30.265491900843113,30.14962686336267,30.066592756745816,28.071337695236398
132.48396129343357,6.0,26.476404589747453,25.495097567963924,25.495097567963924,24.186773244895647,24.186773244895647,23.021728866442675,23.021728866442675,21.0,22.0,22.02271554554524,22.02271554554524,20.09975124224178,20.09975124224178,20.09975124224178,19.1049731745428,19.1049731745428,18.110770276274835,18.110770276274835,18.110770276274835,17.11724276862369,17.029386365926403,17.029386365926403,16.0,16.0,16.0,0.0,0.0,0.0,0.0,0.0,0.0,0.0,0.0,0.0,0.0,0.0,30.265491900843113,29.614185789921695,30.083217912982647,29.410882339705484,30.675723300355934,30.083217912982647,31.38470965295043,32.31098884280702,31.78049716414141,31.304951684997057,31.38470965295043,31.38470965295043,30.886890422961002,30.886890422961002,30.528675044947494,30.528675044947494,30.01666203960727,30.4138126514911,29.068883707497267,28.635642126552707,29.546573405388315,29.154759474226502,28.792360097775937,28.460498941515414,27.51363298439521,27.51363298439521
122.05326705991938,7.0,13.892443989449804,13.416407864998739,13.0,12.649110640673518,12.649110640673518,11.704699910719626,11.40175425099138,11.704699910719626,11.40175425099138,11.40175425099138,11.180339887498949,10.198039027185569,10.198039027185569,10.198039027185569,10.198039027185569,10.198039027185569,9.219544457292887,9.219544457292887,9.219544457292887,9.219544457292887,8.246211251235321,8.246211251235321,8.246211251235321,8.54400374531753,8.54400374531753,0.0,0.0,0.0,0.0,0.0,0.0,0.0,0.0,0.0,0.0,0.0,14.866068747318506,15.231546211727817,14.7648230602334,14.7648230602334,15.264337522473747,15.264337522473747,15.811388300841896,15.811388300841896,15.811388300841896,15.620499351813308,16.278820596099706,15.620499351813308,15.620499351813308,14.866068747318506,15.556349186104045,16.278820596099706,15.620499351813308,15.620499351813308,14.212670403551895,15.0,15.0,15.0,14.422205101855956,14.422205101855956,14.422205101855956,13.892443989449804
122.05326705991938,7.0,18.110770276274835,18.027756377319946,17.029386365926403,17.0,16.0312195418814,15.033296378372908,15.033296378372908,15.132745950421556,15.132745950421556,15.132745950421556,14.317821063276353,13.341664064126334,13.341664064126334,13.341664064126334,13.341664064126334,13.341664064126334,12.165525060596439,12.165525060596439,12.165525060596439,11.180339887498949,11.180339887498949,11.180339887498949,10.198039027185569,10.198039027185569,10.04987562112089,0.0,0.0,0.0,0.0,0.0,0.0,0.0,0.0,0.0,0.0,0.0,19.026297590440446,19.026297590440446,19.1049731745428,19.1049731745428,19.235384061671343,20.223748416156685,21.213203435596427,21.18962010041709,21.587033144922902,20.8806130178211,20.248456731316587,20.248456731316587,20.248456731316587,20.248456731316587,20.248456731316587,20.248456731316587,19.924858845171276,18.973665961010276,18.973665961010276,18.973665961010276,19.6468827043885,19.6468827043885,19.4164878389476,19.4164878389476,19.235384061671343,18.24828759089466
149.03690818049066,6.0,17.4928556845359,17.204650534085253,17.029386365926403,16.278820596099706,16.278820596099706,14.866068747318506,15.264337522473747,13.892443989449804,14.317821063276353,13.92838827718412,15.524174696260024,14.317821063276353,15.132745950421556,15.132745950421556,16.0312195418814,16.0312195418814,15.033296378372908,17.029386365926403,17.0,17.0,17.0,17.029386365926403,17.029386365926403,18.110770276274835,18.24828759089466,0.0,0.0,0.0,0.0,0.0,0.0,0.0,0.0,0.0,0.0,0.0,34.438350715445125,34.539832078341085,33.52610922848042,33.24154027718932,32.01562118716424,32.55764119219941,33.54101966249684,34.52535300326414,33.37663853655727,33.13608305156178,32.0624390837628,32.01562118716424,31.016124838541646,31.016124838541646,30.0,29.0,29.017236257093817,27.073972741361768,26.1725046566048,25.179356624028344,25.317977802344327,24.331050121192877,23.53720459187964,22.80350850198276,21.840329667841555,20.248456731316587
149.03690818049066,6.0,24.166091947189145,23.259406699226016,22.360679774997898,21.95449840010015,20.808652046684813,19.4164878389476,17.804493814764857,17.69180601295413,17.029386365926403,16.97056274847714,15.620499351813308,15.0,15.264337522473747,14.7648230602334,13.892443989449804,13.416407864998739,14.317821063276353,13.92838827718412,13.92838827718412,14.560219778561036,13.601470508735444,14.560219778561036,14.560219778561036,14.560219778561036,14.866068747318506,0.0,0.0,0.0,0.0,0.0,0.0,0.0,0.0,0.0,0.0,0.0,36.6742416417845,36.40054944640259,35.73513677041127,35.4400902933387,35.17101079013795,35.90264614203248,35.6931365951495,36.6742416417845,36.49657518178932,35.22782990761707,35.05709628591621,35.05709628591621,35.05709628591621,34.058772731852805,34.0147027033899,33.06055050963308,32.14031735997639,32.14031735997639,31.25699921617557,30.265491900843113,30.4138126514911,29.427877939124322,28.635642126552707,27.892651361962706,27.892651361962706,25.96150997149434
149.03690818049066,6.0,23.430749027719962,23.345235059857504,22.627416997969522,22.67156809750927,22.02271554554524,20.615528128088304,20.0,20.248456731316587,19.72308292331602,20.12461179749811,20.12461179749811,19.697715603592208,19.697715603592208,19.313207915827967,19.313207915827967,19.313207915827967,18.384776310850235,19.313207915827967,18.973665961010276,18.384776310850235,18.384776310850235,17.46424919657298,17.46424919657298,18.788294228055936,18.35755975068582,0.0,0.0,0.0,0.0,0.0,0.0,0.0,0.0,0.0,0.0,0.0,29.732137494637012,30.0,31.064449134018133,30.528675044947494,30.01666203960727,30.4138126514911,31.304951684997057,31.304951684997057,30.870698080866262,31.38470965295043,30.083217912982647,30.675723300355934,30.675723300355934,29.732137494637012,30.364452901377952,29.410882339705484,29.154759474226502,28.231188426986208,27.313000567495326,27.313000567495326,28.178005607210743,26.832815729997478,26.419689627245813,25.553864678361276,26.076809620810597,24.413111231467404
149.03690818049066,6.0,4.47213595499958,6.708203932499369,8.06225774829855,9.055385138137417,10.0,12.041594578792296,14.035668847618199,15.297058540778355,16.492422502470642,17.08800749063506,18.384776310850235,20.248456731316587,21.540659228538015,22.847319317591726,24.166091947189145,24.698178070456937,25.632011235952593,27.85677655436824,28.792360097775937,28.231188426986208,28.792360097775937,29.732137494637012,29.410882339705484,31.04834939252005,30.805843601498726,0.0,0.0,0.0,0.0,0.0,0.0,0.0,0.0,0.0,0.0,0.0,35.12833614050059,34.058772731852805,31.016124838541646,31.25699921617557,31.064449134018133,30.14962686336267,31.064449134018133,29.068883707497267,30.0,25.179356624028344,25.079872407968907,25.079872407968907,26.1725046566048,24.020824298928627,21.02379604162864,20.0,21.02379604162864,17.029386365926403,15.0,12.165525060596439,12.649110640673518,10.198039027185569,7.615773105863909,8.06225774829855,5.0,4.47213595499958
146.72763884149435,8.0,10.63014581273465,10.63014581273465,8.94427190999916,11.661903789690601,8.54400374531753,8.48528137423857,9.433981132056603,9.219544457292887,3.605551275463989,4.47213595499958,7.0710678118654755,8.0,12.36931687685298,15.811388300841896,13.601470508735444,6.0,10.44030650891055,5.0,13.601470508735444,9.219544457292887,12.165525060596439,11.180339887498949,6.4031242374328485,8.602325267042627,5.0990195135927845,0.0,0.0,0.0,0.0,0.0,0.0,0.0,0.0,0.0,0.0,0.0,6.082762530298219,7.0710678118654755,2.23606797749979,5.830951894845301,6.4031242374328485,8.06225774829855,4.0,10.295630140987,4.47213595499958,4.123105625617661,5.0,5.385164807134504,9.219544457292887,5.830951894845301,11.045361017187261,10.0,9.899494936611665,8.06225774829855,12.083045973594572,5.0990195135927845,10.770329614269007,12.649110640673518,4.47213595499958,13.601470508735444,15.524174696260024,7.0710678118654755
105.64563407921787,4.0,14.035668847618199,8.246211251235321,11.0,7.0,9.055385138137417,9.0,4.123105625617661,8.06225774829855,9.219544457292887,3.1622776601683795,5.830951894845301,5.0,10.816653826391969,5.0,6.082762530298219,6.324555320336759,5.830951894845301,6.324555320336759,11.40175425099138,5.0990195135927845,7.615773105863909,6.324555320336759,3.605551275463989,9.219544457292887,5.0990195135927845,0.0,0.0,0.0,0.0,0.0,0.0,0.0,0.0,0.0,0.0,0.0,13.0,4.123105625617661,12.206555615733702,7.211102550927978,9.433981132056603,9.219544457292887,7.280109889280518,9.848857801796104,11.180339887498949,17.4928556845359,11.704699910719626,14.142135623730951,17.029386365926403,16.64331697709324,10.63014581273465,11.661903789690601,15.132745950421556,13.152946437965905,13.341664064126334,20.12461179749811,16.76305461424021,9.055385138137417,11.40175425099138,11.180339887498949,12.0,13.152946437965905
105.64563407921787,4.0,19.72308292331602,19.4164878389476,18.867962264113206,16.1245154965971,12.206555615733702,11.313708498984761,13.416407864998739,15.231546211727817,14.317821063276353,9.433981132056603,10.63014581273465,11.661903789690601,10.295630140987,5.0,9.219544457292887,3.0,5.830951894845301,3.0,6.4031242374328485,4.47213595499958,3.605551275463989,4.47213595499958,5.0990195135927845,10.0,5.0,0.0,0.0,0.0,0.0,0.0,0.0,0.0,0.0,0.0,0.0,0.0,11.180339887498949,10.0,9.0,10.0,6.708203932499369,13.416407864998739,8.06225774829855,7.615773105863909,14.0,10.04987562112089,12.041594578792296,16.1245154965971,15.132745950421556,18.24828759089466,8.246211251235321,17.72004514666935,15.0,14.7648230602334,19.0,13.416407864998739,18.0,18.027756377319946,13.0,14.7648230602334,22.360679774997898,19.6468827043885
149.03690818049066,6.0,25.632011235952593,24.698178070456937,24.698178070456937,23.259406699226016,24.596747752497688,22.825424421026653,21.95449840010015,21.95449840010015,21.095023109728988,21.633307652783937,20.0,20.0,19.209372712298546,19.209372712298546,17.804493814764857,19.209372712298546,17.204650534085253,17.804493814764857,17.029386365926403,16.401219466856727,16.401219466856727,15.811388300841896,15.264337522473747,15.264337522473747,14.7648230602334,0.0,0.0,0.0,0.0,0.0,0.0,0.0,0.0,0.0,0.0,0.0,31.304951684997057,29.546573405388315,30.675723300355934,30.364452901377952,31.04834939252005,29.832867780352597,31.78049716414141,32.7566787083184,32.55764119219941,32.2490309931942,32.0624390837628,32.01562118716424,32.01562118716424,31.016124838541646,31.016124838541646,31.016124838541646,30.066592756745816,30.066592756745816,28.160255680657446,29.274562336608895,29.274562336608895,29.427877939124322,28.635642126552707,27.65863337187866,27.65863337187866,27.65863337187866
146.72763884149435,8.0,6.324555320336759,10.770329614269007,8.94427190999916,11.40175425099138,7.810249675906654,8.94427190999916,6.708203932499369,6.4031242374328485,11.045361017187261,8.602325267042627,10.770329614269007,7.0,10.295630140987,10.816653826391969,7.810249675906654,8.94427190999916,3.1622776601683795,9.219544457292887,4.47213595499958,6.082762530298219,4.0,5.0,8.48528137423857,7.0710678118654755,6.708203932499369,0.0,0.0,0.0,0.0,0.0,0.0,0.0,0.0,0.0,0.0,0.0,4.123105625617661,5.0990195135927845,2.23606797749979,6.708203932499369,4.0,5.385164807134504,7.615773105863909,3.0,5.830951894845301,5.385164807134504,5.830951894845301,8.54400374531753,6.4031242374328485,2.23606797749979,7.280109889280518,6.324555320336759,3.1622776601683795,9.486832980505138,7.615773105863909,11.40175425099138,9.219544457292887,9.219544457292887,11.180339887498949,10.0,13.601470508735444,13.416407864998739
112.16059914247963,3.0,7.280109889280518,9.848857801796104,9.219544457292887,8.06225774829855,6.324555320336759,3.605551275463989,2.8284271247461903,7.211102550927978,8.48528137423857,7.280109889280518,5.0990195135927845,3.0,5.0990195135927845,4.123105625617661,12.36931687685298,14.142135623730951,13.601470508735444,13.152946437965905,10.44030650891055,9.486832980505138,7.280109889280518,12.041594578792296,6.708203932499369,11.40175425099138,9.433981132056603,0.0,0.0,0.0,0.0,0.0,0.0,0.0,0.0,0.0,0.0,0.0,9.486832980505138,10.770329614269007,6.0,9.219544457292887,2.23606797749979,10.198039027185569,9.219544457292887,9.055385138137417,9.0,12.041594578792296,9.486832980505138,4.123105625617661,8.54400374531753,10.63014581273465,15.620499351813308,8.48528137423857,8.06225774829855,5.656854249492381,10.295630140987,7.280109889280518,9.219544457292887,10.295630140987,15.811388300841896,18.027756377319946,9.899494936611665,11.0
140.089257261219,6.0,26.90724809414742,26.870057685088806,26.870057685088806,26.90724809414742,26.90724809414742,26.248809496813376,25.612496949731394,26.40075756488817,27.202941017470888,26.627053911388696,26.92582403567252,26.076809620810597,26.076809620810597,26.076809620810597,26.92582403567252,27.459060435491963,26.40075756488817,27.202941017470888,27.80287754891569,27.018512172212592,26.248809496813376,26.1725046566048,25.45584412271571,26.90724809414742,26.40075756488817,0.0,0.0,0.0,0.0,0.0,0.0,0.0,0.0,0.0,0.0,0.0,28.844410203711913,28.653097563788805,28.178005607210743,28.635642126552707,28.231188426986208,27.85677655436824,28.460498941515414,29.410882339705484,28.460498941515414,27.892651361962706,27.892651361962706,27.65863337187866,27.65863337187866,26.92582403567252,26.68332812825267,26.92582403567252,26.248809496813376,25.298221281347036,25.632011235952593,24.698178070456937,26.40075756488817,25.942243542145693,25.059928172283335,26.076809620810597,26.627053911388696,25.80697580112788
140.089257261219,6.0,19.209372712298546,20.0,18.867962264113206,17.88854381999832,18.384776310850235,16.15549442140351,16.76305461424021,17.26267650163207,15.132745950421556,16.1245154965971,15.033296378372908,15.0,15.0,15.132745950421556,16.1245154965971,16.1245154965971,16.1245154965971,16.278820596099706,16.278820596099706,16.278820596099706,16.278820596099706,16.278820596099706,16.1245154965971,17.029386365926403,17.0,0.0,0.0,0.0,0.0,0.0,0.0,0.0,0.0,0.0,0.0,0.0,34.713109915419565,35.805027579936315,34.66987164671943,36.359317925395686,34.48187929913333,34.0,34.88552708502482,34.88552708502482,34.438350715445125,33.24154027718932,32.89376840679705,32.57299494980466,31.622776601683793,30.675723300355934,30.675723300355934,29.732137494637012,28.792360097775937,26.92582403567252,26.40075756488817,25.495097567963924,25.553864678361276,24.698178070456937,23.323807579381203,23.021728866442675,22.02271554554524,21.400934559032695
122.2620137246234,8.0,23.706539182259394,23.323807579381203,21.633307652783937,20.808652046684813,20.615528128088304,19.209372712298546,19.1049731745428,18.384776310850235,18.384776310850235,17.029386365926403,17.029386365926403,16.401219466856727,15.0,15.264337522473747,14.422205101855956,14.422205101855956,13.416407864998739,13.892443989449804,12.529964086141668,12.083045973594572,12.083045973594572,12.529964086141668,11.180339887498949,12.083045973594572,10.816653826391969,0.0,0.0,0.0,0.0,0.0,0.0,0.0,0.0,0.0,0.0,0.0,36.6742416417845,35.4682957019364,35.73513677041127,35.4400902933387,35.17101079013795,33.95585369269929,35.90264614203248,35.90264614203248,35.6931365951495,36.22154055254967,34.132096331752024,35.12833614050059,34.132096331752024,34.132096331752024,33.06055050963308,33.13608305156178,31.25699921617557,30.265491900843113,29.427877939124322,28.442925306655784,28.635642126552707,28.861739379323623,27.892651361962706,26.248809496813376,26.248809496813376,24.698178070456937
122.2620137246234,8.0,18.973665961010276,18.973665961010276,18.439088914585774,18.24828759089466,18.110770276274835,16.1245154965971,17.029386365926403,16.0312195418814,17.029386365926403,15.033296378372908,15.132745950421556,14.142135623730951,13.341664064126334,13.341664064126334,13.601470508735444,13.341664064126334,12.36931687685298,11.704699910719626,11.704699910719626,11.40175425099138,10.770329614269007,10.44030650891055,10.44030650891055,10.44030650891055,10.198039027185569,0.0,0.0,0.0,0.0,0.0,0.0,0.0,0.0,0.0,0.0,0.0,31.953090617340916,30.870698080866262,30.886890422961002,31.38470965295043,30.528675044947494,30.0,31.400636936215164,32.202484376209235,31.400636936215164,31.144823004794873,29.698484809834994,30.4138126514911,29.698484809834994,29.0,28.284271247461902,28.284271247461902,26.90724809414742,25.495097567963924,24.839484696748443,24.20743687382041,25.0,23.853720883753127,23.021728866442675,22.47220505424423,21.95449840010015,21.470910553583888
122.2620137246234,8.0,22.47220505424423,23.08679276123039,22.80350850198276,22.360679774997898,21.213203435596427,22.090722034374522,21.095023109728988,21.02379604162864,21.0,22.02271554554524,22.02271554554524,21.095023109728988,21.095023109728988,21.213203435596427,21.213203435596427,22.20360331117452,21.095023109728988,22.090722034374522,22.090722034374522,22.090722034374522,22.090722034374522,21.0,21.0,22.02271554554524,21.095023109728988,0.0,0.0,0.0,0.0,0.0,0.0,0.0,0.0,0.0,0.0,0.0,31.76476034853718,29.68164415931166,30.0,30.610455730027933,29.832867780352597,29.0,30.4138126514911,31.11269837220809,29.698484809834994,29.068883707497267,29.832867780352597,29.206163733020468,28.42534080710379,27.65863337187866,27.018512172212592,27.65863337187866,26.1725046566048,25.45584412271571,24.758836806279895,24.758836806279895,24.839484696748443,25.0,23.600847442411894,23.853720883753127,24.186773244895647,22.825424421026653
122.2620137246234,8.0,22.47220505424423,21.93171219946131,21.470910553583888,21.95449840010015,21.633307652783937,21.633307652783937,20.0,20.615528128088304,19.849433241279208,21.93171219946131,21.213203435596427,21.2602916254693,21.2602916254693,21.2602916254693,21.2602916254693,21.2602916254693,20.518284528683193,21.93171219946131,21.93171219946131,21.213203435596427,21.213203435596427,21.93171219946131,21.2602916254693,21.400934559032695,20.808652046684813,0.0,0.0,0.0,0.0,0.0,0.0,0.0,0.0,0.0,0.0,0.0,30.4138126514911,30.066592756745816,29.0,29.0,29.0,28.071337695236398,29.154759474226502,30.14962686336267,29.154759474226502,28.442925306655784,28.635642126552707,27.65863337187866,27.459060435491963,27.459060435491963,26.476404589747453,26.476404589747453,25.179356624028344,25.179356624028344,24.08318915758459,23.021728866442675,24.0,24.020824298928627,23.08679276123039,22.360679774997898,22.360679774997898,22.360679774997898
122.2620137246234,8.0,20.396078054371138,19.6468827043885,18.681541692269406,18.973665961010276,18.027756377319946,17.46424919657298,15.652475842498529,16.1245154965971,15.811388300841896,15.0,14.866068747318506,14.142135623730951,13.45362404707371,13.45362404707371,12.727922061357855,12.041594578792296,12.041594578792296,12.206555615733702,12.206555615733702,11.661903789690601,11.661903789690601,11.661903789690601,11.661903789690601,11.661903789690601,11.661903789690601,0.0,0.0,0.0,0.0,0.0,0.0,0.0,0.0,0.0,0.0,0.0,34.52535300326414,34.132096331752024,33.015148038438355,34.0,33.015148038438355,32.0624390837628,32.14031735997639,34.132096331752024,33.24154027718932,32.38826948140329,32.55764119219941,31.78049716414141,31.575306807693888,31.575306807693888,30.59411708155671,29.614185789921695,29.614185789921695,27.294688127912362,27.16615541441225,26.1725046566048,27.073972741361768,26.019223662515376,25.019992006393608,24.0,24.0,23.021728866442675
122.2620137246234,8.0,15.524174696260024,15.524174696260024,16.15549442140351,16.1245154965971,17.4928556845359,19.4164878389476,19.209372712298546,19.209372712298546,19.209372712298546,21.213203435596427,22.02271554554524,21.93171219946131,24.041630560342615,24.08318915758459,24.839484696748443,26.248809496813376,24.758836806279895,27.586228448267445,28.284271247461902,26.870057685088806,28.319604517012593,28.42534080710379,28.600699292150182,28.844410203711913,29.154759474226502,0.0,0.0,0.0,0.0,0.0,0.0,0.0,0.0,0.0,0.0,0.0,29.154759474226502,27.80287754891569,27.018512172212592,27.65863337187866,26.90724809414742,26.1725046566048,25.45584412271571,26.1725046566048,26.1725046566048,26.248809496813376,25.612496949731394,24.839484696748443,24.08318915758459,22.67156809750927,20.518284528683193,21.213203435596427,21.2602916254693,18.439088914585774,17.69180601295413,17.0,16.1245154965971,15.652475842498529,15.524174696260024,13.152946437965905,15.132745950421556,14.035668847618199
122.2620137246234,8.0,23.430749027719962,23.600847442411894,23.853720883753127,23.323807579381203,23.706539182259394,23.706539182259394,23.259406699226016,23.259406699226016,24.166091947189145,24.698178070456937,24.351591323771842,24.351591323771842,24.351591323771842,25.0,25.0,25.298221281347036,24.698178070456937,26.0,26.0,25.079872407968907,25.495097567963924,25.553864678361276,26.076809620810597,25.80697580112788,24.839484696748443,0.0,0.0,0.0,0.0,0.0,0.0,0.0,0.0,0.0,0.0,0.0,25.495097567963924,25.0,25.238858928247925,24.698178070456937,24.698178070456937,24.596747752497688,25.495097567963924,26.832815729997478,25.495097567963924,26.0,25.632011235952593,25.632011235952593,25.632011235952593,24.698178070456937,24.698178070456937,24.698178070456937,23.259406699226016,23.259406699226016,22.825424421026653,22.47220505424423,23.853720883753127,23.600847442411894,22.80350850198276,23.430749027719962,23.345235059857504,22.627416997969522
122.2620137246234,8.0,21.2602916254693,20.518284528683193,19.79898987322333,19.849433241279208,19.209372712298546,17.804493814764857,17.204650534085253,17.204650534085253,15.811388300841896,16.1245154965971,15.652475842498529,14.7648230602334,14.317821063276353,14.317821063276353,13.0,13.0,12.083045973594572,12.649110640673518,11.704699910719626,11.704699910719626,11.40175425099138,11.704699910719626,10.770329614269007,10.44030650891055,9.848857801796104,0.0,0.0,0.0,0.0,0.0,0.0,0.0,0.0,0.0,0.0,0.0,25.612496949731394,25.45584412271571,25.495097567963924,25.612496949731394,25.612496949731394,25.0,26.627053911388696,27.202941017470888,27.459060435491963,27.784887978899608,26.832815729997478,26.832815729997478,27.294688127912362,26.832815729997478,26.40075756488817,26.40075756488817,25.495097567963924,25.495097567963924,24.186773244895647,24.186773244895647,24.698178070456937,23.853720883753127,23.853720883753127,23.600847442411894,23.600847442411894,22.20360331117452
122.2620137246234,8.0,23.08679276123039,22.02271554554524,22.090722034374522,20.0,20.0,19.026297590440446,18.110770276274835,18.110770276274835,18.110770276274835,18.24828759089466,16.492422502470642,15.524174696260024,15.811388300841896,15.524174696260024,14.560219778561036,14.560219778561036,13.601470508735444,13.601470508735444,13.92838827718412,13.0,13.0,13.0,11.704699910719626,12.649110640673518,11.704699910719626,0.0,0.0,0.0,0.0,0.0,0.0,0.0,0.0,0.0,0.0,0.0,28.0,27.073972741361768,27.294688127912362,27.294688127912362,27.459060435491963,26.68332812825267,27.892651361962706,28.861739379323623,29.120439557122072,28.792360097775937,27.85677655436824,28.231188426986208,28.231188426986208,28.231188426986208,27.313000567495326,27.313000567495326,26.92582403567252,26.92582403567252,25.632011235952593,25.298221281347036,26.248809496813376,25.96150997149434,25.96150997149434,23.769728648009426,24.515301344262525,24.515301344262525
149.03690818049066,6.0,23.021728866442675,23.600847442411894,22.02271554554524,22.02271554554524,21.213203435596427,19.79898987322333,19.849433241279208,19.849433241279208,19.209372712298546,19.4164878389476,18.867962264113206,18.35755975068582,18.35755975068582,17.88854381999832,17.88854381999832,17.46424919657298,17.46424919657298,17.46424919657298,17.46424919657298,17.46424919657298,17.46424919657298,17.46424919657298,16.55294535724685,17.88854381999832,18.35755975068582,0.0,0.0,0.0,0.0,0.0,0.0,0.0,0.0,0.0,0.0,0.0,32.64965543462902,33.015148038438355,31.906112267087632,32.2490309931942,30.886890422961002,32.202484376209235,31.78049716414141,33.1058907144937,32.69556544854363,31.016124838541646,31.622776601683793,31.32091952673165,31.32091952673165,31.32091952673165,31.04834939252005,30.083217912982647,30.364452901377952,28.160255680657446,28.460498941515414,27.51363298439521,28.231188426986208,27.313000567495326,26.40075756488817,25.495097567963924,25.059928172283335,25.059928172283335
149.03690818049066,6.0,27.892651361962706,28.635642126552707,27.294688127912362,27.294688127912362,27.16615541441225,27.073972741361768,26.076809620810597,27.018512172212592,26.019223662515376,26.0,26.019223662515376,26.019223662515376,26.076809620810597,25.079872407968907,26.076809620810597,26.019223662515376,25.0,25.0,26.0,25.0,25.019992006393608,24.08318915758459,24.186773244895647,24.331050121192877,23.769728648009426,0.0,0.0,0.0,0.0,0.0,0.0,0.0,0.0,0.0,0.0,0.0,28.460498941515414,28.231188426986208,27.730849247724095,28.178005607210743,28.178005607210743,27.784887978899608,29.154759474226502,29.154759474226502,29.68164415931166,29.410882339705484,29.206163733020468,29.206163733020468,30.0,28.600699292150182,30.0,28.600699292150182,28.0178514522438,27.459060435491963,27.784887978899608,27.294688127912362,28.178005607210743,28.635642126552707,27.313000567495326,27.85677655436824,27.85677655436824,27.51363298439521
149.03690818049066,6.0,23.345235059857504,22.67156809750927,21.400934559032695,21.400934559032695,20.248456731316587,18.867962264113206,18.35755975068582,18.788294228055936,18.384776310850235,18.027756377319946,16.76305461424021,16.492422502470642,16.492422502470642,15.524174696260024,15.297058540778355,15.132745950421556,15.132745950421556,16.0312195418814,15.033296378372908,15.033296378372908,14.035668847618199,15.033296378372908,14.035668847618199,15.033296378372908,15.132745950421556,0.0,0.0,0.0,0.0,0.0,0.0,0.0,0.0,0.0,0.0,0.0,33.97057550292606,33.24154027718932,33.301651610693426,33.421549934136806,32.802438933713454,32.449961479175904,33.83784863137726,34.66987164671943,33.28663395418648,33.12099032335839,33.54101966249684,33.1058907144937,33.1058907144937,32.202484376209235,31.78049716414141,30.870698080866262,30.4138126514911,29.5296461204668,28.653097563788805,28.30194339616981,28.30194339616981,28.844410203711913,27.202941017470888,26.40075756488817,25.612496949731394,25.612496949731394
149.03690818049066,6.0,23.259406699226016,23.706539182259394,21.470910553583888,21.095023109728988,21.633307652783937,20.248456731316587,20.0,19.209372712298546,18.439088914585774,19.1049731745428,18.384776310850235,17.69180601295413,17.69180601295413,16.278820596099706,16.278820596099706,16.278820596099706,15.556349186104045,16.278820596099706,14.866068747318506,14.866068747318506,14.212670403551895,14.212670403551895,13.45362404707371,13.45362404707371,13.45362404707371,0.0,0.0,0.0,0.0,0.0,0.0,0.0,0.0,0.0,0.0,0.0,27.784887978899608,28.231188426986208,27.85677655436824,28.460498941515414,27.202941017470888,27.892651361962706,28.861739379323623,29.832867780352597,29.614185789921695,28.442925306655784,29.274562336608895,29.274562336608895,28.284271247461902,28.284271247461902,28.160255680657446,28.160255680657446,27.294688127912362,27.294688127912362,26.476404589747453,25.495097567963924,26.68332812825267,26.68332812825267,25.0,25.298221281347036,25.298221281347036,24.351591323771842
122.2620137246234,8.0,23.706539182259394,24.698178070456937,25.238858928247925,25.0,25.612496949731394,24.839484696748443,25.495097567963924,26.870057685088806,26.870057685088806,27.586228448267445,28.319604517012593,28.319604517012593,29.068883707497267,30.479501308256342,29.732137494637012,31.827660925679098,29.698484809834994,32.526911934581186,32.55764119219941,31.89043743820395,32.01562118716424,32.202484376209235,31.906112267087632,32.2490309931942,32.202484376209235,0.0,0.0,0.0,0.0,0.0,0.0,0.0,0.0,0.0,0.0,0.0,24.020824298928627,23.194827009486403,24.331050121192877,23.53720459187964,23.53720459187964,22.561028345356956,23.53720459187964,24.515301344262525,23.53720459187964,22.80350850198276,23.08679276123039,23.08679276123039,22.80350850198276,22.80350850198276,21.587033144922902,22.360679774997898,21.213203435596427,21.095023109728988,21.0,21.02379604162864,22.090722034374522,21.213203435596427,21.37755832643195,21.587033144922902,22.135943621178654,21.540659228538015
149.03690818049066,6.0,24.08318915758459,23.345235059857504,24.041630560342615,24.758836806279895,24.839484696748443,25.0,25.0,26.627053911388696,26.92582403567252,27.784887978899608,27.784887978899608,28.653097563788805,28.653097563788805,30.4138126514911,29.5296461204668,30.01666203960727,29.154759474226502,31.906112267087632,32.449961479175904,32.202484376209235,31.400636936215164,31.89043743820395,31.827660925679098,33.24154027718932,33.421549934136806,0.0,0.0,0.0,0.0,0.0,0.0,0.0,0.0,0.0,0.0,0.0,29.427877939124322,29.154759474226502,28.0178514522438,28.0178514522438,27.0,27.018512172212592,27.018512172212592,27.0,27.018512172212592,26.076809620810597,26.1725046566048,24.186773244895647,24.186773244895647,24.186773244895647,23.08679276123039,23.021728866442675,22.0,22.02271554554524,20.09975124224178,21.213203435596427,20.615528128088304,21.840329667841555,21.18962010041709,20.615528128088304,21.470910553583888,21.470910553583888
149.03690818049066,6.0,20.09975124224178,20.396078054371138,20.615528128088304,20.248456731316587,21.18962010041709,21.540659228538015,21.93171219946131,22.825424421026653,21.470910553583888,23.853720883753127,24.698178070456937,23.021728866442675,24.413111231467404,26.40075756488817,26.40075756488817,27.459060435491963,27.459060435491963,28.30194339616981,28.30194339616981,28.653097563788805,28.178005607210743,29.546573405388315,28.231188426986208,29.732137494637012,29.120439557122072,0.0,0.0,0.0,0.0,0.0,0.0,0.0,0.0,0.0,0.0,0.0,30.4138126514911,28.30194339616981,29.410882339705484,28.600699292150182,27.80287754891569,26.90724809414742,27.65863337187866,28.319604517012593,26.90724809414742,26.870057685088806,25.495097567963924,25.495097567963924,24.758836806279895,24.041630560342615,22.627416997969522,22.67156809750927,21.2602916254693,20.615528128088304,19.4164878389476,19.4164878389476,20.12461179749811,18.384776310850235,18.973665961010276,18.681541692269406,18.439088914585774,18.24828759089466
122.2620137246234,8.0,25.495097567963924,25.059928172283335,24.698178070456937,23.853720883753127,24.413111231467404,23.600847442411894,22.80350850198276,22.02271554554524,22.02271554554524,21.93171219946131,21.213203435596427,21.213203435596427,20.518284528683193,20.518284528683193,19.79898987322333,20.518284528683193,19.1049731745428,19.1049731745428,19.1049731745428,18.439088914585774,17.69180601295413,17.69180601295413,17.029386365926403,17.204650534085253,16.64331697709324,0.0,0.0,0.0,0.0,0.0,0.0,0.0,0.0,0.0,0.0,0.0,32.202484376209235,31.016124838541646,31.32091952673165,31.04834939252005,31.04834939252005,30.59411708155671,31.575306807693888,32.55764119219941,32.38826948140329,32.14031735997639,31.064449134018133,32.0624390837628,31.064449134018133,30.066592756745816,30.066592756745816,30.01666203960727,29.068883707497267,28.160255680657446,27.294688127912362,27.459060435491963,27.65863337187866,27.892651361962706,27.892651361962706,27.202941017470888,27.51363298439521,25.632011235952593
149.03690818049066,6.0,28.792360097775937,29.154759474226502,28.231188426986208,27.730849247724095,29.068883707497267,27.294688127912362,26.419689627245813,26.92582403567252,26.419689627245813,27.459060435491963,26.627053911388696,25.80697580112788,25.80697580112788,25.238858928247925,25.238858928247925,26.076809620810597,24.698178070456937,25.553864678361276,25.059928172283335,24.186773244895647,23.706539182259394,23.259406699226016,22.847319317591726,22.47220505424423,21.840329667841555,0.0,0.0,0.0,0.0,0.0,0.0,0.0,0.0,0.0,0.0,0.0,30.083217912982647,29.120439557122072,29.614185789921695,29.614185789921695,29.427877939124322,29.274562336608895,30.265491900843113,31.25699921617557,31.144823004794873,31.016124838541646,31.0,31.0,30.0,30.01666203960727,30.0,30.0,29.017236257093817,29.017236257093817,28.071337695236398,28.160255680657446,29.274562336608895,29.427877939124322,29.614185789921695,28.861739379323623,28.861739379323623,29.120439557122072
149.03690818049066,6.0,14.0,14.0,15.033296378372908,13.038404810405298,14.142135623730951,13.038404810405298,13.152946437965905,13.152946437965905,15.132745950421556,13.341664064126334,13.341664064126334,13.341664064126334,12.36931687685298,13.601470508735444,12.36931687685298,14.317821063276353,12.165525060596439,13.152946437965905,13.152946437965905,13.152946437965905,12.041594578792296,13.0,12.0,12.165525060596439,11.180339887498949,0.0,0.0,0.0,0.0,0.0,0.0,0.0,0.0,0.0,0.0,0.0,13.152946437965905,12.36931687685298,12.36931687685298,11.704699910719626,12.649110640673518,11.704699910719626,12.649110640673518,13.601470508735444,13.601470508735444,14.317821063276353,13.416407864998739,13.416407864998739,13.416407864998739,13.0,12.083045973594572,14.317821063276353,13.0,13.92838827718412,12.649110640673518,13.341664064126334,13.341664064126334,13.341664064126334,14.317821063276353,14.142135623730951,14.035668847618199,13.038404810405298
149.03690818049066,6.0,20.09975124224178,19.4164878389476,19.235384061671343,19.4164878389476,19.6468827043885,18.973665961010276,19.313207915827967,19.313207915827967,19.313207915827967,20.591260281974,19.72308292331602,20.591260281974,19.72308292331602,21.095023109728988,21.095023109728988,21.095023109728988,21.470910553583888,22.360679774997898,21.93171219946131,21.93171219946131,21.93171219946131,22.47220505424423,22.135943621178654,22.80350850198276,22.561028345356956,0.0,0.0,0.0,0.0,0.0,0.0,0.0,0.0,0.0,0.0,0.0,25.0,24.186773244895647,24.331050121192877,23.53720459187964,23.53720459187964,23.769728648009426,24.351591323771842,24.041630560342615,24.351591323771842,23.769728648009426,23.769728648009426,22.847319317591726,22.847319317591726,22.847319317591726,22.847319317591726,21.93171219946131,21.540659228538015,21.18962010041709,21.18962010041709,20.8806130178211,20.615528128088304,20.396078054371138,20.223748416156685,20.09975124224178,20.024984394500787,20.024984394500787
149.03690818049066,6.0,25.80697580112788,24.698178070456937,24.698178070456937,24.596747752497688,24.166091947189145,23.259406699226016,22.847319317591726,22.47220505424423,22.135943621178654,24.041630560342615,22.80350850198276,22.561028345356956,22.561028345356956,22.561028345356956,22.561028345356956,22.561028345356956,22.561028345356956,23.769728648009426,23.769728648009426,22.80350850198276,22.80350850198276,23.08679276123039,22.847319317591726,24.166091947189145,23.706539182259394,0.0,0.0,0.0,0.0,0.0,0.0,0.0,0.0,0.0,0.0,0.0,28.844410203711913,28.42534080710379,28.319604517012593,28.284271247461902,28.284271247461902,27.586228448267445,29.068883707497267,30.479501308256342,29.068883707497267,29.206163733020468,28.844410203711913,28.844410203711913,28.844410203711913,28.844410203711913,28.844410203711913,28.600699292150182,27.202941017470888,27.80287754891569,27.018512172212592,26.248809496813376,26.90724809414742,26.870057685088806,26.870057685088806,26.1725046566048,25.495097567963924,24.839484696748443
141.73566946961517,8.0,11.661903789690601,9.433981132056603,10.816653826391969,7.615773105863909,10.44030650891055,13.892443989449804,9.433981132056603,6.708203932499369,19.4164878389476,9.433981132056603,6.082762530298219,8.246211251235321,10.816653826391969,8.0,10.198039027185569,11.045361017187261,11.045361017187261,5.0990195135927845,10.44030650891055,9.486832980505138,6.4031242374328485,11.180339887498949,7.0,6.082762530298219,6.4031242374328485,0.0,0.0,0.0,0.0,0.0,0.0,0.0,0.0,0.0,0.0,0.0,6.324555320336759,10.04987562112089,10.0,12.083045973594572,9.848857801796104,10.770329614269007,11.40175425099138,9.486832980505138,8.246211251235321,6.324555320336759,14.0,13.0,7.0710678118654755,3.0,3.0,12.041594578792296,7.0710678118654755,6.324555320336759,11.661903789690601,10.0,4.47213595499958,10.770329614269007,7.0710678118654755,11.40175425099138,13.892443989449804,11.704699910719626
133.60014970051492,6.0,12.165525060596439,10.198039027185569,12.649110640673518,8.0,7.280109889280518,9.848857801796104,14.317821063276353,7.280109889280518,4.0,6.708203932499369,8.48528137423857,6.708203932499369,12.206555615733702,5.0,6.324555320336759,8.602325267042627,10.198039027185569,7.615773105863909,7.0,10.44030650891055,8.0,10.770329614269007,9.219544457292887,7.0,8.0,0.0,0.0,0.0,0.0,0.0,0.0,0.0,0.0,0.0,0.0,0.0,13.416407864998739,16.64331697709324,17.204650534085253,17.029386365926403,13.038404810405298,15.811388300841896,19.849433241279208,14.866068747318506,16.278820596099706,19.1049731745428,13.892443989449804,15.811388300841896,22.47220505424423,14.422205101855956,18.867962264113206,13.892443989449804,19.1049731745428,7.211102550927978,17.08800749063506,17.029386365926403,12.041594578792296,16.1245154965971,12.529964086141668,9.055385138137417,7.615773105863909,15.0
132.48396129343357,6.0,26.248809496813376,27.202941017470888,26.92582403567252,26.92582403567252,26.68332812825267,25.709920264364882,25.495097567963924,26.476404589747453,26.30589287593181,26.30589287593181,26.1725046566048,26.1725046566048,26.1725046566048,26.30589287593181,26.30589287593181,26.476404589747453,25.495097567963924,25.709920264364882,25.709920264364882,25.0,24.351591323771842,23.40939982143925,22.847319317591726,23.259406699226016,22.825424421026653,0.0,0.0,0.0,0.0,0.0,0.0,0.0,0.0,0.0,0.0,0.0,13.601470508735444,13.92838827718412,14.317821063276353,14.7648230602334,14.7648230602334,15.652475842498529,17.0,18.35755975068582,18.35755975068582,18.027756377319946,19.4164878389476,19.4164878389476,20.248456731316587,20.248456731316587,20.808652046684813,21.633307652783937,21.95449840010015,21.95449840010015,21.95449840010015,22.825424421026653,23.706539182259394,24.166091947189145,24.166091947189145,24.698178070456937,25.632011235952593,25.298221281347036
149.03690818049066,6.0,17.46424919657298,17.46424919657298,17.46424919657298,18.439088914585774,17.72004514666935,17.72004514666935,17.72004514666935,18.027756377319946,18.027756377319946,18.027756377319946,18.384776310850235,17.46424919657298,17.46424919657298,17.08800749063506,18.027756377319946,17.08800749063506,16.76305461424021,17.72004514666935,17.46424919657298,16.492422502470642,16.492422502470642,16.278820596099706,15.132745950421556,16.0312195418814,15.033296378372908,0.0,0.0,0.0,0.0,0.0,0.0,0.0,0.0,0.0,0.0,0.0,9.055385138137417,9.055385138137417,9.055385138137417,10.0,10.0,11.0,11.0,12.0,12.041594578792296,12.041594578792296,12.041594578792296,13.038404810405298,13.038404810405298,13.038404810405298,14.142135623730951,14.035668847618199,14.035668847618199,15.033296378372908,15.0,15.0,16.0312195418814,16.0312195418814,16.0312195418814,16.1245154965971,17.11724276862369,17.11724276862369
149.03690818049066,6.0,17.11724276862369,16.1245154965971,18.24828759089466,16.278820596099706,17.46424919657298,16.492422502470642,16.492422502470642,16.76305461424021,16.76305461424021,16.76305461424021,16.76305461424021,16.76305461424021,15.811388300841896,17.08800749063506,15.811388300841896,17.72004514666935,16.278820596099706,16.492422502470642,16.492422502470642,15.297058540778355,15.297058540778355,16.1245154965971,15.0,15.0,14.035668847618199,0.0,0.0,0.0,0.0,0.0,0.0,0.0,0.0,0.0,0.0,0.0,8.0,8.0,9.055385138137417,9.055385138137417,9.055385138137417,9.055385138137417,11.045361017187261,11.045361017187261,11.045361017187261,12.165525060596439,12.36931687685298,12.36931687685298,12.36931687685298,12.165525060596439,12.165525060596439,14.317821063276353,13.152946437965905,14.142135623730951,13.038404810405298,14.035668847618199,15.033296378372908,15.0,16.0,16.0,16.0,16.0312195418814
132.48396129343357,6.0,28.0178514522438,26.627053911388696,28.0178514522438,26.92582403567252,26.92582403567252,26.419689627245813,26.92582403567252,26.832815729997478,26.832815729997478,26.832815729997478,27.313000567495326,26.40075756488817,26.40075756488817,27.313000567495326,26.40075756488817,26.832815729997478,25.059928172283335,26.419689627245813,26.419689627245813,25.553864678361276,24.698178070456937,24.413111231467404,22.80350850198276,23.430749027719962,23.345235059857504,0.0,0.0,0.0,0.0,0.0,0.0,0.0,0.0,0.0,0.0,0.0,13.45362404707371,14.142135623730951,13.45362404707371,14.866068747318506,14.866068747318506,15.620499351813308,15.620499351813308,17.029386365926403,17.804493814764857,18.027756377319946,18.601075237738275,19.4164878389476,19.4164878389476,20.0,20.808652046684813,21.400934559032695,20.615528128088304,22.02271554554524,21.2602916254693,22.67156809750927,23.345235059857504,24.041630560342615,24.758836806279895,24.758836806279895,25.495097567963924,25.495097567963924
149.03690818049066,6.0,15.264337522473747,16.1245154965971,16.1245154965971,16.1245154965971,17.0,15.652475842498529,16.55294535724685,16.55294535724685,16.55294535724685,16.15549442140351,16.15549442140351,16.15549442140351,16.15549442140351,16.15549442140351,16.55294535724685,15.652475842498529,15.652475842498529,16.1245154965971,16.1245154965971,15.264337522473747,14.422205101855956,15.0,14.212670403551895,14.866068747318506,14.142135623730951,0.0,0.0,0.0,0.0,0.0,0.0,0.0,0.0,0.0,0.0,0.0,8.06225774829855,7.211102550927978,8.602325267042627,8.602325267042627,8.602325267042627,9.219544457292887,9.219544457292887,10.63014581273465,10.63014581273465,10.63014581273465,11.313708498984761,11.313708498984761,11.313708498984761,12.041594578792296,12.727922061357855,12.727922061357855,12.727922061357855,12.727922061357855,13.45362404707371,13.45362404707371,14.212670403551895,14.212670403551895,15.0,15.0,15.264337522473747,15.264337522473747
149.03690818049066,6.0,24.413111231467404,24.20743687382041,24.20743687382041,24.20743687382041,24.08318915758459,23.345235059857504,23.345235059857504,23.345235059857504,23.345235059857504,24.041630560342615,24.041630560342615,23.345235059857504,24.041630560342615,23.345235059857504,24.041630560342615,24.08318915758459,22.02271554554524,23.430749027719962,22.80350850198276,21.400934559032695,21.633307652783937,21.095023109728988,20.591260281974,20.12461179749811,20.615528128088304,0.0,0.0,0.0,0.0,0.0,0.0,0.0,0.0,0.0,0.0,0.0,12.206555615733702,11.661903789690601,12.529964086141668,12.529964086141668,13.416407864998739,14.317821063276353,14.317821063276353,15.652475842498529,16.55294535724685,16.15549442140351,17.08800749063506,17.08800749063506,18.027756377319946,18.384776310850235,19.313207915827967,19.313207915827967,19.313207915827967,19.697715603592208,20.12461179749811,20.12461179749811,21.470910553583888,21.95449840010015,21.95449840010015,22.47220505424423,22.47220505424423,23.021728866442675
149.03690818049066,6.0,23.08679276123039,23.08679276123039,22.02271554554524,23.021728866442675,22.0,22.0,22.0,22.02271554554524,21.02379604162864,22.090722034374522,22.02271554554524,21.095023109728988,21.095023109728988,21.095023109728988,21.02379604162864,20.024984394500787,20.024984394500787,20.0,20.0,19.026297590440446,19.026297590440446,18.110770276274835,18.24828759089466,18.439088914585774,17.46424919657298,0.0,0.0,0.0,0.0,0.0,0.0,0.0,0.0,0.0,0.0,0.0,13.038404810405298,13.152946437965905,13.341664064126334,14.317821063276353,14.317821063276353,14.560219778561036,15.524174696260024,16.492422502470642,16.492422502470642,16.76305461424021,17.08800749063506,18.027756377319946,18.027756377319946,18.973665961010276,19.313207915827967,18.973665961010276,18.973665961010276,19.924858845171276,19.924858845171276,19.6468827043885,21.587033144922902,21.587033144922902,20.396078054371138,22.20360331117452,22.20360331117452,21.213203435596427
126.46343345014795,8.0,21.2602916254693,22.02271554554524,22.02271554554524,21.400934559032695,21.400934559032695,20.808652046684813,20.808652046684813,20.808652046684813,20.248456731316587,21.095023109728988,21.095023109728988,20.591260281974,20.248456731316587,20.248456731316587,20.248456731316587,20.808652046684813,19.209372712298546,20.0,19.209372712298546,18.439088914585774,18.439088914585774,18.384776310850235,16.97056274847714,17.69180601295413,17.804493814764857,0.0,0.0,0.0,0.0,0.0,0.0,0.0,0.0,0.0,0.0,0.0,12.206555615733702,12.041594578792296,12.041594578792296,12.727922061357855,12.727922061357855,13.45362404707371,14.212670403551895,14.866068747318506,15.620499351813308,15.0,16.401219466856727,16.401219466856727,16.401219466856727,17.204650534085253,17.204650534085253,18.027756377319946,17.804493814764857,18.601075237738275,17.804493814764857,18.439088914585774,20.518284528683193,19.849433241279208,20.518284528683193,20.518284528683193,21.213203435596427,21.2602916254693
120.07081243999309,8.0,25.495097567963924,25.079872407968907,25.079872407968907,24.698178070456937,24.351591323771842,24.351591323771842,24.351591323771842,23.08679276123039,23.40939982143925,24.041630560342615,24.041630560342615,23.769728648009426,22.80350850198276,23.769728648009426,22.80350850198276,24.041630560342615,22.135943621178654,23.40939982143925,22.47220505424423,21.540659228538015,21.02379604162864,21.470910553583888,19.72308292331602,20.248456731316587,20.0,0.0,0.0,0.0,0.0,0.0,0.0,0.0,0.0,0.0,0.0,0.0,14.317821063276353,13.892443989449804,14.422205101855956,14.422205101855956,15.811388300841896,15.811388300841896,16.64331697709324,17.804493814764857,18.601075237738275,17.804493814764857,19.1049731745428,19.79898987322333,19.849433241279208,19.849433241279208,20.615528128088304,21.2602916254693,20.615528128088304,21.400934559032695,21.400934559032695,22.20360331117452,23.021728866442675,23.323807579381203,23.323807579381203,23.323807579381203,24.186773244895647,24.186773244895647
120.07081243999309,8.0,24.351591323771842,25.0,23.769728648009426,24.73863375370596,24.515301344262525,23.53720459187964,23.345235059857504,23.345235059857504,24.186773244895647,24.186773244895647,24.186773244895647,23.08679276123039,23.08679276123039,23.08679276123039,23.194827009486403,23.194827009486403,22.360679774997898,22.360679774997898,22.561028345356956,21.587033144922902,20.615528128088304,19.924858845171276,18.973665961010276,19.313207915827967,18.788294228055936,0.0,0.0,0.0,0.0,0.0,0.0,0.0,0.0,0.0,0.0,0.0,13.601470508735444,13.92838827718412,14.317821063276353,14.7648230602334,15.652475842498529,16.1245154965971,17.0,18.35755975068582,18.35755975068582,18.027756377319946,18.601075237738275,19.4164878389476,19.4164878389476,20.248456731316587,20.808652046684813,20.808652046684813,21.095023109728988,21.095023109728988,21.470910553583888,21.95449840010015,22.360679774997898,23.259406699226016,23.259406699226016,23.769728648009426,23.769728648009426,23.769728648009426
126.46343345014795,8.0,24.041630560342615,24.08318915758459,24.08318915758459,23.430749027719962,24.20743687382041,22.80350850198276,22.80350850198276,23.600847442411894,23.021728866442675,23.021728866442675,23.853720883753127,23.323807579381203,23.323807579381203,23.021728866442675,23.021728866442675,23.021728866442675,22.20360331117452,22.80350850198276,22.80350850198276,21.400934559032695,21.2602916254693,20.518284528683193,19.79898987322333,20.518284528683193,19.849433241279208,0.0,0.0,0.0,0.0,0.0,0.0,0.0,0.0,0.0,0.0,0.0,11.313708498984761,12.041594578792296,12.041594578792296,12.806248474865697,12.806248474865697,13.601470508735444,14.422205101855956,15.811388300841896,15.811388300841896,15.264337522473747,16.1245154965971,16.64331697709324,17.4928556845359,17.4928556845359,18.35755975068582,18.35755975068582,18.867962264113206,19.4164878389476,19.4164878389476,20.0,20.615528128088304,22.02271554554524,21.2602916254693,21.93171219946131,21.93171219946131,21.93171219946131
126.46343345014795,8.0,22.20360331117452,22.80350850198276,22.80350850198276,23.430749027719962,22.67156809750927,21.93171219946131,21.93171219946131,21.93171219946131,22.627416997969522,22.627416997969522,22.627416997969522,21.213203435596427,21.213203435596427,21.93171219946131,21.213203435596427,22.627416997969522,21.2602916254693,21.93171219946131,21.2602916254693,20.615528128088304,19.849433241279208,20.248456731316587,19.72308292331602,19.235384061671343,18.788294228055936,0.0,0.0,0.0,0.0,0.0,0.0,0.0,0.0,0.0,0.0,0.0,10.295630140987,10.295630140987,11.180339887498949,11.180339887498949,12.083045973594572,12.083045973594572,13.416407864998739,14.317821063276353,14.317821063276353,14.866068747318506,15.524174696260024,15.524174696260024,15.811388300841896,16.76305461424021,16.76305461424021,18.027756377319946,17.46424919657298,19.313207915827967,18.788294228055936,18.788294228055936,19.235384061671343,20.591260281974,20.591260281974,21.470910553583888,20.591260281974,20.591260281974
120.07081243999309,8.0,18.601075237738275,17.204650534085253,17.804493814764857,17.029386365926403,18.439088914585774,17.029386365926403,17.69180601295413,16.97056274847714,16.97056274847714,16.97056274847714,17.69180601295413,17.69180601295413,16.97056274847714,17.69180601295413,16.97056274847714,17.69180601295413,16.278820596099706,17.029386365926403,17.029386365926403,16.401219466856727,16.401219466856727,15.811388300841896,15.264337522473747,15.264337522473747,14.7648230602334,0.0,0.0,0.0,0.0,0.0,0.0,0.0,0.0,0.0,0.0,0.0,8.602325267042627,8.602325267042627,9.433981132056603,8.94427190999916,10.295630140987,9.848857801796104,11.180339887498949,11.180339887498949,12.083045973594572,12.083045973594572,11.704699910719626,12.649110640673518,13.0,13.0,13.92838827718412,13.92838827718412,14.317821063276353,15.231546211727817,14.317821063276353,14.317821063276353,15.652475842498529,16.1245154965971,16.1245154965971,16.64331697709324,16.64331697709324,16.64331697709324
120.07081243999309,8.0,17.029386365926403,15.620499351813308,17.69180601295413,15.556349186104045,16.97056274847714,16.278820596099706,16.278820596099706,17.029386365926403,17.029386365926403,17.029386365926403,16.401219466856727,16.401219466856727,15.620499351813308,16.401219466856727,15.620499351813308,16.278820596099706,15.556349186104045,15.556349186104045,15.556349186104045,14.866068747318506,14.866068747318506,15.0,13.601470508735444,14.422205101855956,13.892443989449804,0.0,0.0,0.0,0.0,0.0,0.0,0.0,0.0,0.0,0.0,0.0,7.810249675906654,7.211102550927978,8.06225774829855,8.06225774829855,8.602325267042627,8.06225774829855,9.433981132056603,10.295630140987,10.295630140987,11.180339887498949,11.180339887498949,11.180339887498949,11.180339887498949,12.083045973594572,12.083045973594572,13.0,12.529964086141668,13.416407864998739,12.529964086141668,13.038404810405298,14.422205101855956,15.0,15.811388300841896,15.0,15.811388300841896,15.620499351813308
149.03690818049066,6.0,25.942243542145693,25.942243542145693,25.942243542145693,25.553864678361276,26.076809620810597,24.698178070456937,25.238858928247925,25.238858928247925,25.80697580112788,25.80697580112788,25.612496949731394,25.0,25.0,25.80697580112788,25.238858928247925,25.238858928247925,23.853720883753127,25.553864678361276,25.059928172283335,24.186773244895647,23.706539182259394,23.259406699226016,21.540659228538015,23.08679276123039,21.840329667841555,0.0,0.0,0.0,0.0,0.0,0.0,0.0,0.0,0.0,0.0,0.0,13.416407864998739,13.0,13.92838827718412,14.866068747318506,14.866068747318506,14.560219778561036,15.811388300841896,16.76305461424021,17.72004514666935,17.46424919657298,18.439088914585774,18.439088914585774,18.439088914585774,19.4164878389476,19.4164878389476,20.396078054371138,20.615528128088304,21.840329667841555,20.8806130178211,20.8806130178211,22.47220505424423,23.40939982143925,23.769728648009426,23.769728648009426,23.769728648009426,24.166091947189145
126.46343345014795,8.0,24.351591323771842,24.698178070456937,24.698178070456937,24.166091947189145,24.596747752497688,23.706539182259394,23.706539182259394,23.706539182259394,24.186773244895647,24.186773244895647,23.853720883753127,23.323807579381203,23.323807579381203,23.323807579381203,23.323807579381203,23.706539182259394,22.825424421026653,23.259406699226016,23.259406699226016,21.93171219946131,21.93171219946131,21.18962010041709,20.8806130178211,20.615528128088304,20.396078054371138,0.0,0.0,0.0,0.0,0.0,0.0,0.0,0.0,0.0,0.0,0.0,11.180339887498949,11.180339887498949,11.180339887498949,12.165525060596439,12.165525060596439,13.038404810405298,14.142135623730951,15.132745950421556,15.132745950421556,16.0312195418814,17.0,17.029386365926403,17.029386365926403,18.027756377319946,18.027756377319946,19.026297590440446,19.026297590440446,20.09975124224178,20.223748416156685,20.223748416156685,21.37755832643195,21.587033144922902,22.561028345356956,22.80350850198276,22.80350850198276,22.80350850198276
120.07081243999309,8.0,22.847319317591726,23.259406699226016,22.360679774997898,22.825424421026653,22.825424421026653,21.95449840010015,21.95449840010015,22.47220505424423,22.47220505424423,22.47220505424423,23.021728866442675,22.47220505424423,21.633307652783937,22.20360331117452,22.47220505424423,21.95449840010015,21.470910553583888,21.470910553583888,21.470910553583888,21.02379604162864,20.615528128088304,20.248456731316587,19.924858845171276,19.6468827043885,19.4164878389476,0.0,0.0,0.0,0.0,0.0,0.0,0.0,0.0,0.0,0.0,0.0,9.848857801796104,10.770329614269007,10.770329614269007,11.704699910719626,11.704699910719626,12.649110640673518,13.601470508735444,13.601470508735444,14.560219778561036,15.524174696260024,15.297058540778355,16.278820596099706,16.278820596099706,17.46424919657298,17.26267650163207,18.439088914585774,18.439088914585774,18.681541692269406,18.681541692269406,19.924858845171276,20.248456731316587,20.248456731316587,20.248456731316587,21.540659228538015,21.540659228538015,21.93171219946131
120.07081243999309,8.0,22.135943621178654,22.135943621178654,22.47220505424423,22.847319317591726,22.847319317591726,21.93171219946131,21.93171219946131,22.360679774997898,22.360679774997898,22.825424421026653,21.95449840010015,21.95449840010015,21.95449840010015,21.95449840010015,21.470910553583888,22.360679774997898,21.02379604162864,21.93171219946131,21.540659228538015,20.615528128088304,20.248456731316587,19.924858845171276,18.681541692269406,18.439088914585774,18.24828759089466,0.0,0.0,0.0,0.0,0.0,0.0,0.0,0.0,0.0,0.0,0.0,9.486832980505138,10.44030650891055,10.44030650891055,11.180339887498949,11.180339887498949,11.180339887498949,12.165525060596439,13.152946437965905,14.142135623730951,14.142135623730951,15.033296378372908,15.033296378372908,16.0312195418814,16.0312195418814,17.029386365926403,17.029386365926403,17.11724276862369,18.110770276274835,18.24828759089466,18.24828759089466,19.235384061671343,20.396078054371138,20.615528128088304,20.615528128088304,20.8806130178211,20.8806130178211
120.07081243999309,8.0,25.96150997149434,25.0,25.298221281347036,25.632011235952593,25.632011235952593,24.698178070456937,24.698178070456937,24.166091947189145,25.079872407968907,25.495097567963924,24.596747752497688,24.596747752497688,23.706539182259394,24.596747752497688,24.166091947189145,24.166091947189145,22.847319317591726,23.769728648009426,23.40939982143925,22.135943621178654,21.840329667841555,21.587033144922902,20.396078054371138,21.37755832643195,20.09975124224178,0.0,0.0,0.0,0.0,0.0,0.0,0.0,0.0,0.0,0.0,0.0,13.152946437965905,13.038404810405298,14.035668847618199,14.035668847618199,15.033296378372908,15.033296378372908,16.0,17.029386365926403,17.0,17.0,18.027756377319946,18.027756377319946,19.026297590440446,19.026297590440446,19.026297590440446,20.0,20.0,21.02379604162864,20.024984394500787,22.090722034374522,22.20360331117452,22.20360331117452,23.345235059857504,23.345235059857504,23.53720459187964,24.515301344262525
120.07081243999309,8.0,17.804493814764857,17.204650534085253,18.601075237738275,18.027756377319946,18.027756377319946,16.64331697709324,17.4928556845359,17.0,17.0,17.88854381999832,17.0,16.55294535724685,16.55294535724685,17.0,17.0,17.0,16.64331697709324,16.64331697709324,16.64331697709324,15.811388300841896,15.0,15.0,14.212670403551895,14.866068747318506,14.142135623730951,0.0,0.0,0.0,0.0,0.0,0.0,0.0,0.0,0.0,0.0,0.0,10.816653826391969,10.0,10.63014581273465,10.63014581273465,11.313708498984761,11.313708498984761,12.041594578792296,12.727922061357855,13.45362404707371,12.806248474865697,13.601470508735444,13.601470508735444,13.601470508735444,14.212670403551895,13.601470508735444,15.0,14.212670403551895,15.620499351813308,15.620499351813308,14.866068747318506,16.278820596099706,16.278820596099706,16.278820596099706,16.97056274847714,17.69180601295413,17.69180601295413
126.46343345014795,8.0,22.02271554554524,22.02271554554524,22.02271554554524,22.0,22.02271554554524,21.02379604162864,21.02379604162864,21.095023109728988,22.090722034374522,22.20360331117452,21.213203435596427,21.213203435596427,21.213203435596427,21.213203435596427,21.095023109728988,21.095023109728988,20.024984394500787,21.02379604162864,20.024984394500787,20.0,19.026297590440446,19.026297590440446,18.110770276274835,18.110770276274835,18.24828759089466,0.0,0.0,0.0,0.0,0.0,0.0,0.0,0.0,0.0,0.0,0.0,13.0,13.038404810405298,13.152946437965905,13.152946437965905,13.152946437965905,14.317821063276353,14.317821063276353,16.492422502470642,16.492422502470642,15.811388300841896,16.76305461424021,16.76305461424021,16.76305461424021,17.72004514666935,18.027756377319946,18.027756377319946,18.681541692269406,18.681541692269406,19.6468827043885,18.681541692269406,20.396078054371138,20.396078054371138,20.396078054371138,20.223748416156685,21.213203435596427,21.213203435596427
126.46343345014795,8.0,17.88854381999832,17.88854381999832,17.88854381999832,17.46424919657298,17.46424919657298,17.08800749063506,17.08800749063506,17.08800749063506,18.027756377319946,18.027756377319946,17.72004514666935,17.72004514666935,16.76305461424021,17.72004514666935,17.08800749063506,17.08800749063506,16.15549442140351,17.08800749063506,16.15549442140351,16.55294535724685,15.652475842498529,14.7648230602334,14.422205101855956,14.422205101855956,15.0,0.0,0.0,0.0,0.0,0.0,0.0,0.0,0.0,0.0,0.0,0.0,9.848857801796104,10.295630140987,10.295630140987,10.816653826391969,10.816653826391969,11.40175425099138,11.40175425099138,12.206555615733702,12.806248474865697,12.806248474865697,12.806248474865697,13.45362404707371,13.45362404707371,13.45362404707371,14.142135623730951,14.866068747318506,14.212670403551895,15.620499351813308,15.0,15.0,15.811388300841896,15.811388300841896,16.64331697709324,16.64331697709324,16.64331697709324,16.64331697709324
120.07081243999309,8.0,23.853720883753127,23.853720883753127,23.853720883753127,23.600847442411894,24.20743687382041,22.80350850198276,23.430749027719962,23.430749027719962,23.430749027719962,23.345235059857504,23.345235059857504,22.627416997969522,22.627416997969522,22.627416997969522,21.93171219946131,22.67156809750927,22.02271554554524,22.80350850198276,22.80350850198276,21.633307652783937,20.808652046684813,21.095023109728988,19.235384061671343,20.12461179749811,19.697715603592208,0.0,0.0,0.0,0.0,0.0,0.0,0.0,0.0,0.0,0.0,0.0,12.529964086141668,13.416407864998739,13.0,13.92838827718412,13.92838827718412,14.560219778561036,15.811388300841896,16.76305461424021,16.76305461424021,17.46424919657298,17.46424919657298,18.439088914585774,18.439088914585774,18.681541692269406,19.6468827043885,19.6468827043885,19.924858845171276,19.924858845171276,20.248456731316587,20.248456731316587,21.540659228538015,21.93171219946131,21.93171219946131,22.360679774997898,22.825424421026653,22.825424421026653
126.46343345014795,8.0,26.570660511172846,26.248809496813376,26.570660511172846,25.96150997149434,26.248809496813376,25.0,24.73863375370596,25.495097567963924,25.709920264364882,25.495097567963924,25.495097567963924,24.331050121192877,24.331050121192877,25.495097567963924,24.515301344262525,24.73863375370596,23.769728648009426,25.0,24.041630560342615,23.08679276123039,22.135943621178654,22.847319317591726,21.02379604162864,21.470910553583888,21.095023109728988,0.0,0.0,0.0,0.0,0.0,0.0,0.0,0.0,0.0,0.0,0.0,13.92838827718412,14.317821063276353,14.7648230602334,14.7648230602334,16.1245154965971,15.264337522473747,16.1245154965971,17.4928556845359,17.4928556845359,18.027756377319946,18.601075237738275,19.209372712298546,19.209372712298546,20.0,20.0,20.808652046684813,21.633307652783937,22.47220505424423,21.095023109728988,21.95449840010015,22.825424421026653,23.706539182259394,24.596747752497688,24.596747752497688,25.495097567963924,25.495097567963924
120.07081243999309,8.0,25.495097567963924,25.709920264364882,25.709920264364882,25.0,25.298221281347036,24.041630560342615,24.041630560342615,24.698178070456937,25.298221281347036,25.298221281347036,24.698178070456937,23.769728648009426,23.40939982143925,24.698178070456937,23.40939982143925,25.298221281347036,23.769728648009426,24.041630560342615,23.769728648009426,22.561028345356956,21.587033144922902,22.20360331117452,21.095023109728988,22.02271554554524,21.02379604162864,0.0,0.0,0.0,0.0,0.0,0.0,0.0,0.0,0.0,0.0,0.0,13.152946437965905,13.038404810405298,14.035668847618199,14.0,15.0,15.0,17.0,17.0,17.0,18.110770276274835,18.110770276274835,19.235384061671343,19.1049731745428,20.09975124224178,20.09975124224178,21.095023109728988,21.02379604162864,22.02271554554524,21.0,22.0,23.021728866442675,23.08679276123039,24.08318915758459,24.08318915758459,25.079872407968907,24.186773244895647
126.46343345014795,8.0,27.202941017470888,26.92582403567252,26.68332812825267,26.476404589747453,27.294688127912362,26.30589287593181,26.1725046566048,26.1725046566048,26.1725046566048,26.1725046566048,26.076809620810597,26.076809620810597,26.076809620810597,26.076809620810597,26.076809620810597,26.1725046566048,24.331050121192877,25.317977802344327,24.331050121192877,24.515301344262525,23.53720459187964,22.80350850198276,22.135943621178654,22.47220505424423,21.93171219946131,0.0,0.0,0.0,0.0,0.0,0.0,0.0,0.0,0.0,0.0,0.0,13.601470508735444,13.92838827718412,14.317821063276353,14.317821063276353,15.652475842498529,15.652475842498529,17.0,17.88854381999832,17.88854381999832,18.867962264113206,18.867962264113206,20.248456731316587,20.248456731316587,20.248456731316587,21.095023109728988,22.47220505424423,21.95449840010015,22.825424421026653,22.360679774997898,22.360679774997898,24.166091947189145,24.698178070456937,24.698178070456937,25.632011235952593,25.632011235952593,26.248809496813376
120.07081243999309,8.0,24.041630560342615,23.345235059857504,24.08318915758459,23.430749027719962,24.20743687382041,23.430749027719962,22.80350850198276,23.600847442411894,23.021728866442675,23.021728866442675,23.021728866442675,23.021728866442675,22.47220505424423,23.853720883753127,23.021728866442675,22.20360331117452,21.400934559032695,22.80350850198276,22.02271554554524,22.02271554554524,20.518284528683193,20.518284528683193,19.1049731745428,19.849433241279208,20.0,0.0,0.0,0.0,0.0,0.0,0.0,0.0,0.0,0.0,0.0,0.0,12.041594578792296,12.041594578792296,12.806248474865697,12.806248474865697,13.601470508735444,14.422205101855956,15.0,15.811388300841896,15.811388300841896,16.64331697709324,17.0,17.4928556845359,17.4928556845359,18.35755975068582,18.35755975068582,19.72308292331602,18.867962264113206,20.248456731316587,19.4164878389476,20.0,21.400934559032695,21.400934559032695,22.02271554554524,22.02271554554524,22.67156809750927,22.67156809750927
149.03690818049066,6.0,21.37755832643195,21.37755832643195,20.615528128088304,21.587033144922902,21.840329667841555,20.8806130178211,20.8806130178211,21.18962010041709,20.248456731316587,20.615528128088304,20.615528128088304,20.615528128088304,20.615528128088304,20.615528128088304,20.615528128088304,20.248456731316587,19.924858845171276,20.8806130178211,19.924858845171276,19.6468827043885,18.439088914585774,19.4164878389476,18.24828759089466,19.1049731745428,18.027756377319946,0.0,0.0,0.0,0.0,0.0,0.0,0.0,0.0,0.0,0.0,0.0,12.041594578792296,12.0,12.0,13.0,13.0,13.038404810405298,14.035668847618199,15.033296378372908,15.033296378372908,15.132745950421556,16.1245154965971,16.1245154965971,17.11724276862369,17.11724276862369,17.11724276862369,18.110770276274835,18.027756377319946,18.027756377319946,18.027756377319946,18.0,20.0,19.026297590440446,19.1049731745428,20.09975124224178,20.09975124224178,20.223748416156685
126.46343345014795,8.0,21.213203435596427,21.213203435596427,21.095023109728988,21.213203435596427,20.396078054371138,20.396078054371138,20.615528128088304,20.615528128088304,20.615528128088304,21.587033144922902,21.840329667841555,20.8806130178211,20.8806130178211,20.615528128088304,20.615528128088304,20.615528128088304,20.396078054371138,20.396078054371138,20.223748416156685,20.223748416156685,19.1049731745428,19.026297590440446,18.0,19.026297590440446,18.110770276274835,0.0,0.0,0.0,0.0,0.0,0.0,0.0,0.0,0.0,0.0,0.0,11.0,11.0,11.0,12.041594578792296,12.041594578792296,12.041594578792296,13.038404810405298,14.035668847618199,14.142135623730951,14.142135623730951,15.132745950421556,15.297058540778355,15.132745950421556,16.1245154965971,16.278820596099706,16.278820596099706,17.11724276862369,17.11724276862369,17.11724276862369,17.029386365926403,19.0,19.0,19.0,19.0,20.024984394500787,20.0
120.07081243999309,8.0,15.0,15.0,15.0,16.0312195418814,15.033296378372908,14.035668847618199,14.142135623730951,14.142135623730951,14.142135623730951,15.297058540778355,14.317821063276353,14.317821063276353,14.317821063276353,14.317821063276353,14.317821063276353,14.142135623730951,14.142135623730951,14.035668847618199,14.035668847618199,13.0,13.0,13.0,12.041594578792296,13.038404810405298,12.165525060596439,0.0,0.0,0.0,0.0,0.0,0.0,0.0,0.0,0.0,0.0,0.0,9.0,10.0,9.055385138137417,10.04987562112089,10.04987562112089,10.198039027185569,11.180339887498949,12.165525060596439,12.165525060596439,12.36931687685298,12.36931687685298,12.649110640673518,12.649110640673518,12.36931687685298,13.601470508735444,13.601470508735444,13.341664064126334,13.341664064126334,13.341664064126334,13.341664064126334,14.142135623730951,14.142135623730951,15.132745950421556,15.033296378372908,15.033296378372908,15.033296378372908
126.46343345014795,8.0,23.08679276123039,23.194827009486403,23.345235059857504,23.345235059857504,23.53720459187964,22.360679774997898,22.561028345356956,22.561028345356956,22.80350850198276,23.08679276123039,23.08679276123039,23.08679276123039,23.08679276123039,23.08679276123039,23.08679276123039,22.80350850198276,21.587033144922902,22.561028345356956,22.360679774997898,22.360679774997898,22.20360331117452,22.090722034374522,21.02379604162864,21.02379604162864,21.02379604162864,0.0,0.0,0.0,0.0,0.0,0.0,0.0,0.0,0.0,0.0,0.0,12.041594578792296,12.041594578792296,12.165525060596439,13.152946437965905,13.152946437965905,13.152946437965905,14.142135623730951,15.132745950421556,15.297058540778355,15.297058540778355,15.524174696260024,16.492422502470642,17.46424919657298,17.26267650163207,17.46424919657298,18.439088914585774,18.24828759089466,19.235384061671343,19.235384061671343,19.1049731745428,21.02379604162864,21.02379604162864,21.0,21.0,22.02271554554524,21.02379604162864
132.48396129343357,6.0,25.0,24.413111231467404,24.413111231467404,24.698178070456937,24.698178070456937,23.323807579381203,24.186773244895647,23.706539182259394,23.706539182259394,24.186773244895647,23.706539182259394,23.706539182259394,23.706539182259394,23.706539182259394,23.706539182259394,24.186773244895647,23.323807579381203,23.853720883753127,23.021728866442675,22.20360331117452,21.400934559032695,21.2602916254693,20.518284528683193,21.213203435596427,20.615528128088304,0.0,0.0,0.0,0.0,0.0,0.0,0.0,0.0,0.0,0.0,0.0,13.601470508735444,14.212670403551895,14.866068747318506,15.556349186104045,15.556349186104045,15.556349186104045,16.97056274847714,17.69180601295413,17.69180601295413,18.439088914585774,18.601075237738275,19.209372712298546,19.209372712298546,19.209372712298546,20.0,20.615528128088304,20.615528128088304,21.2602916254693,20.518284528683193,21.213203435596427,21.93171219946131,22.67156809750927,22.67156809750927,22.67156809750927,23.430749027719962,23.430749027719962
132.48396129343357,6.0,26.019223662515376,27.0,26.019223662515376,26.019223662515376,26.1725046566048,25.079872407968907,25.179356624028344,25.179356624028344,25.179356624028344,26.30589287593181,26.30589287593181,25.317977802344327,25.495097567963924,25.317977802344327,25.317977802344327,26.30589287593181,25.179356624028344,26.076809620810597,25.079872407968907,24.020824298928627,24.0,23.021728866442675,23.08679276123039,23.194827009486403,22.561028345356956,0.0,0.0,0.0,0.0,0.0,0.0,0.0,0.0,0.0,0.0,0.0,13.038404810405298,13.038404810405298,13.152946437965905,14.317821063276353,14.317821063276353,15.297058540778355,16.278820596099706,17.26267650163207,17.46424919657298,17.72004514666935,18.681541692269406,18.973665961010276,18.973665961010276,19.924858845171276,19.924858845171276,20.8806130178211,20.615528128088304,21.587033144922902,21.587033144922902,21.37755832643195,23.194827009486403,23.194827009486403,24.186773244895647,24.186773244895647,25.079872407968907,25.079872407968907
122.05326705991938,7.0,24.20743687382041,24.839484696748443,24.20743687382041,24.08318915758459,24.758836806279895,23.345235059857504,24.041630560342615,23.345235059857504,23.345235059857504,24.08318915758459,24.08318915758459,23.430749027719962,23.430749027719962,24.08318915758459,24.08318915758459,23.345235059857504,22.627416997969522,24.041630560342615,23.345235059857504,22.67156809750927,22.02271554554524,21.400934559032695,20.808652046684813,21.633307652783937,20.591260281974,0.0,0.0,0.0,0.0,0.0,0.0,0.0,0.0,0.0,0.0,0.0,12.206555615733702,12.206555615733702,12.529964086141668,13.892443989449804,13.892443989449804,13.416407864998739,14.317821063276353,15.652475842498529,16.55294535724685,16.15549442140351,17.46424919657298,17.08800749063506,18.384776310850235,18.384776310850235,18.384776310850235,19.313207915827967,18.788294228055936,19.697715603592208,20.12461179749811,20.12461179749811,21.470910553583888,21.95449840010015,22.47220505424423,22.47220505424423,23.021728866442675,23.021728866442675
122.05326705991938,7.0,24.839484696748443,25.612496949731394,25.0,25.80697580112788,25.238858928247925,25.238858928247925,24.698178070456937,24.698178070456937,24.186773244895647,25.059928172283335,25.059928172283335,24.596747752497688,25.059928172283335,25.059928172283335,25.553864678361276,24.698178070456937,23.853720883753127,24.413111231467404,24.413111231467404,23.600847442411894,22.80350850198276,22.67156809750927,21.213203435596427,21.93171219946131,22.02271554554524,0.0,0.0,0.0,0.0,0.0,0.0,0.0,0.0,0.0,0.0,0.0,13.601470508735444,14.212670403551895,14.142135623730951,15.556349186104045,15.556349186104045,16.278820596099706,16.278820596099706,17.69180601295413,17.029386365926403,17.804493814764857,18.601075237738275,18.601075237738275,18.601075237738275,20.0,20.808652046684813,20.0,20.615528128088304,20.615528128088304,21.2602916254693,22.02271554554524,22.67156809750927,23.345235059857504,22.627416997969522,24.041630560342615,24.08318915758459,24.08318915758459
149.03690818049066,6.0,28.0178514522438,27.073972741361768,28.071337695236398,27.16615541441225,28.284271247461902,27.294688127912362,27.459060435491963,26.476404589747453,27.65863337187866,27.65863337187866,27.65863337187866,26.68332812825267,25.709920264364882,26.92582403567252,26.68332812825267,26.476404589747453,25.317977802344327,26.30589287593181,26.30589287593181,25.179356624028344,24.08318915758459,24.020824298928627,23.021728866442675,23.021728866442675,23.08679276123039,0.0,0.0,0.0,0.0,0.0,0.0,0.0,0.0,0.0,0.0,0.0,14.035668847618199,14.0,15.033296378372908,15.033296378372908,15.033296378372908,15.132745950421556,16.1245154965971,18.110770276274835,18.24828759089466,19.235384061671343,18.439088914585774,20.615528128088304,20.396078054371138,21.37755832643195,21.587033144922902,22.561028345356956,22.360679774997898,23.345235059857504,23.194827009486403,23.08679276123039,24.08318915758459,25.019992006393608,25.019992006393608,26.019223662515376,27.0,27.0
149.03690818049066,6.0,26.92582403567252,25.298221281347036,26.248809496813376,24.351591323771842,26.0,25.079872407968907,24.698178070456937,24.596747752497688,25.942243542145693,25.495097567963924,25.495097567963924,24.596747752497688,23.706539182259394,25.553864678361276,23.706539182259394,25.942243542145693,23.259406699226016,24.166091947189145,24.166091947189145,23.769728648009426,22.47220505424423,23.08679276123039,21.840329667841555,22.561028345356956,21.37755832643195,0.0,0.0,0.0,0.0,0.0,0.0,0.0,0.0,0.0,0.0,0.0,13.152946437965905,13.152946437965905,14.035668847618199,14.035668847618199,15.033296378372908,14.035668847618199,16.0312195418814,17.029386365926403,17.029386365926403,18.0,18.027756377319946,19.026297590440446,20.024984394500787,19.026297590440446,20.024984394500787,22.0,20.024984394500787,22.02271554554524,21.02379604162864,22.090722034374522,23.194827009486403,23.345235059857504,24.331050121192877,24.331050121192877,24.515301344262525,24.515301344262525
149.03690818049066,6.0,25.317977802344327,24.331050121192877,25.317977802344327,25.495097567963924,24.515301344262525,23.53720459187964,24.73863375370596,24.041630560342615,24.041630560342615,24.041630560342615,25.0,24.041630560342615,24.041630560342615,24.351591323771842,24.041630560342615,23.769728648009426,23.53720459187964,23.53720459187964,23.53720459187964,22.360679774997898,22.20360331117452,22.090722034374522,21.02379604162864,21.0,20.024984394500787,0.0,0.0,0.0,0.0,0.0,0.0,0.0,0.0,0.0,0.0,0.0,12.041594578792296,12.041594578792296,12.0,13.0,13.0,14.035668847618199,14.035668847618199,15.033296378372908,16.0312195418814,16.1245154965971,16.1245154965971,17.26267650163207,18.24828759089466,18.24828759089466,19.235384061671343,19.235384061671343,19.1049731745428,20.09975124224178,20.024984394500787,21.02379604162864,22.0,22.0,22.02271554554524,23.021728866442675,24.020824298928627,24.020824298928627
120.07081243999309,8.0,25.942243542145693,26.40075756488817,25.495097567963924,26.0,25.632011235952593,25.632011235952593,25.632011235952593,25.298221281347036,25.298221281347036,25.298221281347036,26.248809496813376,25.0,25.96150997149434,25.0,25.0,25.298221281347036,24.698178070456937,25.632011235952593,24.698178070456937,24.166091947189145,23.259406699226016,22.825424421026653,22.47220505424423,23.021728866442675,22.20360331117452,0.0,0.0,0.0,0.0,0.0,0.0,0.0,0.0,0.0,0.0,0.0,14.7648230602334,15.264337522473747,15.264337522473747,15.811388300841896,15.811388300841896,16.401219466856727,17.204650534085253,18.601075237738275,17.804493814764857,18.439088914585774,19.1049731745428,19.849433241279208,20.518284528683193,20.518284528683193,21.2602916254693,21.2602916254693,22.02271554554524,22.02271554554524,22.80350850198276,22.20360331117452,23.021728866442675,23.853720883753127,23.853720883753127,24.698178070456937,25.553864678361276,24.186773244895647
120.07081243999309,8.0,21.470910553583888,21.470910553583888,22.360679774997898,21.93171219946131,21.93171219946131,21.540659228538015,21.540659228538015,21.540659228538015,21.18962010041709,21.18962010041709,22.135943621178654,20.8806130178211,21.18962010041709,21.18962010041709,21.18962010041709,21.540659228538015,19.697715603592208,20.615528128088304,21.02379604162864,20.12461179749811,19.235384061671343,19.72308292331602,18.601075237738275,19.4164878389476,18.439088914585774,0.0,0.0,0.0,0.0,0.0,0.0,0.0,0.0,0.0,0.0,0.0,10.295630140987,10.816653826391969,11.40175425099138,11.40175425099138,12.806248474865697,12.041594578792296,13.45362404707371,14.212670403551895,14.866068747318506,14.866068747318506,15.556349186104045,15.556349186104045,15.556349186104045,16.97056274847714,16.97056274847714,16.97056274847714,16.278820596099706,17.69180601295413,17.029386365926403,17.804493814764857,18.601075237738275,19.4164878389476,19.4164878389476,20.248456731316587,21.095023109728988,21.095023109728988
149.03690818049066,6.0,17.029386365926403,17.0,17.0,17.029386365926403,17.029386365926403,16.0312195418814,16.1245154965971,17.11724276862369,16.1245154965971,17.11724276862369,16.1245154965971,16.278820596099706,16.278820596099706,16.278820596099706,16.1245154965971,16.1245154965971,15.033296378372908,16.0312195418814,16.0312195418814,15.0,15.0,14.035668847618199,14.035668847618199,14.142135623730951,13.341664064126334,0.0,0.0,0.0,0.0,0.0,0.0,0.0,0.0,0.0,0.0,0.0,10.0,10.04987562112089,10.04987562112089,10.198039027185569,11.180339887498949,11.180339887498949,12.36931687685298,12.36931687685298,13.341664064126334,12.649110640673518,13.601470508735444,13.92838827718412,13.601470508735444,13.601470508735444,14.560219778561036,14.866068747318506,14.560219778561036,14.560219778561036,14.560219778561036,15.297058540778355,16.278820596099706,16.278820596099706,16.1245154965971,16.1245154965971,17.11724276862369,17.11724276862369
120.07081243999309,8.0,24.596747752497688,24.166091947189145,24.166091947189145,24.698178070456937,24.351591323771842,23.40939982143925,23.08679276123039,23.08679276123039,23.08679276123039,23.769728648009426,23.769728648009426,22.80350850198276,22.80350850198276,22.80350850198276,23.08679276123039,23.08679276123039,21.540659228538015,22.47220505424423,22.47220505424423,20.615528128088304,21.02379604162864,20.12461179749811,19.72308292331602,20.248456731316587,18.601075237738275,0.0,0.0,0.0,0.0,0.0,0.0,0.0,0.0,0.0,0.0,0.0,11.704699910719626,12.083045973594572,12.529964086141668,13.416407864998739,13.892443989449804,13.892443989449804,15.264337522473747,16.64331697709324,16.64331697709324,17.204650534085253,17.029386365926403,17.804493814764857,18.601075237738275,19.209372712298546,19.209372712298546,19.209372712298546,20.0,20.808652046684813,20.808652046684813,20.248456731316587,22.47220505424423,23.323807579381203,21.95449840010015,22.825424421026653,23.706539182259394,23.706539182259394
120.07081243999309,8.0,22.561028345356956,22.561028345356956,21.840329667841555,21.840329667841555,22.135943621178654,22.135943621178654,21.18962010041709,21.540659228538015,20.248456731316587,21.540659228538015,21.540659228538015,20.615528128088304,20.615528128088304,20.615528128088304,20.615528128088304,21.18962010041709,20.248456731316587,21.18962010041709,19.924858845171276,19.6468827043885,19.6468827043885,19.4164878389476,18.110770276274835,19.1049731745428,18.027756377319946,0.0,0.0,0.0,0.0,0.0,0.0,0.0,0.0,0.0,0.0,0.0,11.40175425099138,11.180339887498949,12.165525060596439,13.152946437965905,13.152946437965905,13.038404810405298,14.142135623730951,15.132745950421556,15.132745950421556,16.0,16.0,17.0,17.029386365926403,18.0,18.0,19.0,18.027756377319946,19.026297590440446,19.026297590440446,19.026297590440446,20.09975124224178,21.095023109728988,21.213203435596427,21.213203435596427,21.37755832643195,20.396078054371138
149.03690818049066,6.0,28.42534080710379,27.65863337187866,27.65863337187866,28.319604517012593,27.586228448267445,26.870057685088806,26.870057685088806,26.90724809414742,27.65863337187866,27.65863337187866,27.65863337187866,27.018512172212592,26.248809496813376,27.018512172212592,26.248809496813376,26.90724809414742,25.45584412271571,26.1725046566048,25.45584412271571,24.758836806279895,24.08318915758459,24.20743687382041,22.20360331117452,23.021728866442675,21.95449840010015,0.0,0.0,0.0,0.0,0.0,0.0,0.0,0.0,0.0,0.0,0.0,14.212670403551895,14.422205101855956,15.264337522473747,15.264337522473747,16.1245154965971,17.0,17.0,18.867962264113206,19.235384061671343,19.697715603592208,19.697715603592208,20.615528128088304,20.615528128088304,21.540659228538015,21.540659228538015,22.847319317591726,22.360679774997898,23.706539182259394,23.706539182259394,23.706539182259394,25.553864678361276,26.076809620810597,26.076809620810597,26.076809620810597,26.627053911388696,27.202941017470888
120.07081243999309,8.0,28.178005607210743,28.653097563788805,27.294688127912362,27.784887978899608,28.30194339616981,26.92582403567252,27.459060435491963,26.627053911388696,27.202941017470888,27.202941017470888,27.202941017470888,26.40075756488817,27.018512172212592,26.40075756488817,27.202941017470888,25.80697580112788,25.238858928247925,26.076809620810597,25.553864678361276,24.186773244895647,24.596747752497688,24.166091947189145,22.847319317591726,23.40939982143925,23.08679276123039,0.0,0.0,0.0,0.0,0.0,0.0,0.0,0.0,0.0,0.0,0.0,13.892443989449804,14.317821063276353,15.231546211727817,16.15549442140351,16.15549442140351,17.08800749063506,18.027756377319946,19.313207915827967,18.973665961010276,19.6468827043885,20.615528128088304,20.615528128088304,21.587033144922902,21.587033144922902,22.561028345356956,22.561028345356956,23.769728648009426,23.08679276123039,24.041630560342615,24.041630560342615,25.632011235952593,25.632011235952593,26.0,26.0,27.313000567495326,27.730849247724095
120.07081243999309,8.0,18.110770276274835,18.110770276274835,18.110770276274835,18.027756377319946,18.027756377319946,18.0,18.0,18.027756377319946,18.0,18.0,18.027756377319946,17.029386365926403,17.029386365926403,18.027756377319946,18.027756377319946,18.0,17.029386365926403,17.029386365926403,17.029386365926403,16.0312195418814,16.0312195418814,15.297058540778355,15.297058540778355,15.524174696260024,14.560219778561036,0.0,0.0,0.0,0.0,0.0,0.0,0.0,0.0,0.0,0.0,0.0,9.055385138137417,9.055385138137417,10.198039027185569,10.198039027185569,10.198039027185569,10.44030650891055,11.40175425099138,12.36931687685298,12.36931687685298,12.649110640673518,13.0,13.92838827718412,13.0,13.92838827718412,13.92838827718412,14.866068747318506,14.866068747318506,14.866068747318506,14.560219778561036,15.524174696260024,16.492422502470642,16.492422502470642,16.492422502470642,16.492422502470642,17.46424919657298,17.26267650163207
120.07081243999309,8.0,26.870057685088806,26.870057685088806,27.586228448267445,27.586228448267445,26.90724809414742,25.495097567963924,26.90724809414742,26.248809496813376,26.248809496813376,27.018512172212592,26.40075756488817,26.40075756488817,27.018512172212592,26.248809496813376,26.248809496813376,26.1725046566048,25.45584412271571,25.45584412271571,25.45584412271571,24.758836806279895,24.08318915758459,24.20743687382041,23.600847442411894,23.853720883753127,22.825424421026653,0.0,0.0,0.0,0.0,0.0,0.0,0.0,0.0,0.0,0.0,0.0,16.401219466856727,16.64331697709324,16.64331697709324,17.0,17.0,17.0,18.35755975068582,19.235384061671343,19.235384061671343,19.235384061671343,19.697715603592208,20.12461179749811,20.12461179749811,20.12461179749811,21.02379604162864,21.02379604162864,21.95449840010015,21.95449840010015,22.47220505424423,22.47220505424423,23.600847442411894,24.413111231467404,24.20743687382041,25.612496949731394,25.612496949731394,25.612496949731394
149.03690818049066,6.0,23.08679276123039,23.194827009486403,23.345235059857504,23.345235059857504,23.53720459187964,22.561028345356956,22.80350850198276,22.80350850198276,22.80350850198276,23.08679276123039,23.08679276123039,22.135943621178654,22.135943621178654,23.08679276123039,22.135943621178654,22.80350850198276,21.840329667841555,22.561028345356956,21.587033144922902,21.37755832643195,20.223748416156685,20.223748416156685,20.024984394500787,20.024984394500787,19.0,0.0,0.0,0.0,0.0,0.0,0.0,0.0,0.0,0.0,0.0,0.0,12.165525060596439,13.038404810405298,13.0,14.0,14.0,15.033296378372908,16.0312195418814,16.0312195418814,17.029386365926403,17.11724276862369,18.24828759089466,18.24828759089466,18.24828759089466,19.1049731745428,19.235384061671343,20.223748416156685,20.09975124224178,20.09975124224178,20.024984394500787,20.024984394500787,22.0,22.0,23.021728866442675,22.02271554554524,23.08679276123039,23.08679276123039
120.07081243999309,8.0,23.0,24.0,23.0,24.020824298928627,24.08318915758459,23.08679276123039,23.08679276123039,23.194827009486403,23.08679276123039,23.194827009486403,23.194827009486403,23.194827009486403,23.194827009486403,23.345235059857504,23.194827009486403,23.08679276123039,22.090722034374522,23.021728866442675,22.02271554554524,22.0,21.0,21.095023109728988,20.09975124224178,21.213203435596427,20.615528128088304,0.0,0.0,0.0,0.0,0.0,0.0,0.0,0.0,0.0,0.0,0.0,10.04987562112089,11.180339887498949,11.180339887498949,12.165525060596439,12.165525060596439,12.36931687685298,13.341664064126334,14.317821063276353,14.317821063276353,14.560219778561036,15.524174696260024,15.811388300841896,16.76305461424021,16.76305461424021,17.72004514666935,17.72004514666935,18.439088914585774,18.439088914585774,19.4164878389476,19.235384061671343,20.223748416156685,21.213203435596427,21.213203435596427,22.090722034374522,22.090722034374522,22.02271554554524
120.07081243999309,8.0,26.1725046566048,25.495097567963924,25.495097567963924,25.612496949731394,25.0,25.0,25.0,24.413111231467404,24.413111231467404,25.238858928247925,24.698178070456937,23.853720883753127,24.698178070456937,23.853720883753127,23.853720883753127,24.413111231467404,23.600847442411894,24.20743687382041,24.20743687382041,22.67156809750927,22.67156809750927,22.627416997969522,21.93171219946131,22.02271554554524,21.400934559032695,0.0,0.0,0.0,0.0,0.0,0.0,0.0,0.0,0.0,0.0,0.0,14.866068747318506,14.866068747318506,15.620499351813308,15.620499351813308,15.620499351813308,15.811388300841896,17.204650534085253,17.804493814764857,18.601075237738275,18.867962264113206,18.867962264113206,19.72308292331602,20.248456731316587,20.248456731316587,21.095023109728988,21.633307652783937,20.808652046684813,21.633307652783937,21.400934559032695,21.400934559032695,23.430749027719962,24.08318915758459,24.08318915758459,24.08318915758459,24.758836806279895,23.345235059857504
120.07081243999309,8.0,28.0,28.0178514522438,28.0178514522438,28.071337695236398,28.160255680657446,27.16615541441225,27.16615541441225,27.294688127912362,27.294688127912362,27.294688127912362,28.442925306655784,27.459060435491963,27.459060435491963,27.459060435491963,27.294688127912362,27.294688127912362,26.1725046566048,27.16615541441225,27.073972741361768,26.019223662515376,26.0,26.019223662515376,25.079872407968907,25.179356624028344,24.331050121192877,0.0,0.0,0.0,0.0,0.0,0.0,0.0,0.0,0.0,0.0,0.0,15.132745950421556,15.297058540778355,15.297058540778355,16.492422502470642,16.492422502470642,16.492422502470642,17.46424919657298,18.681541692269406,18.681541692269406,19.924858845171276,19.924858845171276,19.924858845171276,20.8806130178211,20.8806130178211,21.18962010041709,21.840329667841555,21.587033144922902,22.561028345356956,22.360679774997898,23.345235059857504,25.317977802344327,25.179356624028344,25.179356624028344,26.076809620810597,26.076809620810597,26.019223662515376
120.07081243999309,8.0,26.870057685088806,26.1725046566048,26.90724809414742,26.248809496813376,27.018512172212592,25.612496949731394,25.612496949731394,25.80697580112788,25.80697580112788,26.627053911388696,25.80697580112788,25.238858928247925,25.238858928247925,26.076809620810597,25.238858928247925,25.80697580112788,25.0,25.612496949731394,24.839484696748443,24.08318915758459,23.345235059857504,23.345235059857504,22.67156809750927,23.430749027719962,22.20360331117452,0.0,0.0,0.0,0.0,0.0,0.0,0.0,0.0,0.0,0.0,0.0,15.556349186104045,15.620499351813308,16.401219466856727,17.204650534085253,17.204650534085253,18.027756377319946,18.027756377319946,19.4164878389476,19.4164878389476,19.72308292331602,20.591260281974,21.470910553583888,20.591260281974,21.95449840010015,21.95449840010015,22.47220505424423,22.47220505424423,23.021728866442675,23.021728866442675,23.600847442411894,24.20743687382041,25.612496949731394,25.612496949731394,25.612496949731394,26.248809496813376,26.1725046566048
120.07081243999309,8.0,27.202941017470888,26.627053911388696,26.627053911388696,26.92582403567252,26.419689627245813,25.553864678361276,25.942243542145693,25.942243542145693,25.059928172283335,25.495097567963924,25.495097567963924,25.079872407968907,25.495097567963924,25.079872407968907,25.495097567963924,24.596747752497688,23.323807579381203,24.186773244895647,24.186773244895647,22.47220505424423,22.47220505424423,22.20360331117452,20.615528128088304,21.2602916254693,21.213203435596427,0.0,0.0,0.0,0.0,0.0,0.0,0.0,0.0,0.0,0.0,0.0,15.811388300841896,15.620499351813308,16.278820596099706,16.278820596099706,16.278820596099706,16.97056274847714,18.384776310850235,19.79898987322333,20.518284528683193,20.615528128088304,20.0,21.400934559032695,21.400934559032695,22.02271554554524,22.80350850198276,22.80350850198276,22.67156809750927,22.67156809750927,23.345235059857504,23.345235059857504,24.758836806279895,24.758836806279895,24.758836806279895,26.248809496813376,26.248809496813376,25.612496949731394
149.03690818049066,6.0,20.248456731316587,19.924858845171276,19.924858845171276,19.6468827043885,20.615528128088304,19.4164878389476,18.439088914585774,19.4164878389476,19.235384061671343,19.235384061671343,19.235384061671343,18.24828759089466,18.24828759089466,19.235384061671343,18.24828759089466,18.439088914585774,17.46424919657298,18.439088914585774,17.72004514666935,16.76305461424021,16.76305461424021,17.08800749063506,15.652475842498529,15.652475842498529,15.264337522473747,0.0,0.0,0.0,0.0,0.0,0.0,0.0,0.0,0.0,0.0,0.0,11.180339887498949,11.40175425099138,11.704699910719626,11.704699910719626,13.0,13.0,14.317821063276353,14.317821063276353,14.7648230602334,14.7648230602334,15.264337522473747,15.264337522473747,15.811388300841896,16.1245154965971,16.64331697709324,16.64331697709324,16.64331697709324,17.4928556845359,17.0,17.88854381999832,17.88854381999832,18.788294228055936,18.788294228055936,18.788294228055936,19.313207915827967,19.313207915827967
149.03690818049066,6.0,32.55764119219941,33.24154027718932,32.526911934581186,32.526911934581186,32.55764119219941,31.144823004794873,31.89043743820395,31.89043743820395,32.01562118716424,32.802438933713454,32.802438933713454,32.202484376209235,31.400636936215164,32.01562118716424,32.01562118716424,31.240998703626616,31.144823004794873,32.55764119219941,31.827660925679098,30.4138126514911,29.732137494637012,29.832867780352597,28.600699292150182,29.410882339705484,28.30194339616981,0.0,0.0,0.0,0.0,0.0,0.0,0.0,0.0,0.0,0.0,0.0,14.212670403551895,15.0,15.264337522473747,16.64331697709324,16.64331697709324,17.4928556845359,18.867962264113206,20.248456731316587,19.72308292331602,20.591260281974,21.470910553583888,22.360679774997898,23.706539182259394,23.706539182259394,24.596747752497688,24.596747752497688,25.553864678361276,25.553864678361276,26.92582403567252,26.92582403567252,28.844410203711913,29.410882339705484,29.410882339705484,30.0,30.610455730027933,31.240998703626616
132.03408650799233,7.0,16.278820596099706,17.029386365926403,16.278820596099706,16.401219466856727,16.401219466856727,15.811388300841896,15.811388300841896,15.811388300841896,17.204650534085253,16.64331697709324,16.64331697709324,16.1245154965971,16.1245154965971,16.1245154965971,16.1245154965971,16.64331697709324,15.811388300841896,15.811388300841896,15.811388300841896,15.0,15.0,14.866068747318506,14.142135623730951,14.866068747318506,14.212670403551895,0.0,0.0,0.0,0.0,0.0,0.0,0.0,0.0,0.0,0.0,0.0,7.810249675906654,7.810249675906654,7.810249675906654,8.602325267042627,8.602325267042627,8.602325267042627,10.0,10.0,10.0,10.295630140987,11.180339887498949,11.661903789690601,11.661903789690601,11.661903789690601,13.038404810405298,13.038404810405298,12.206555615733702,13.038404810405298,13.601470508735444,14.212670403551895,14.212670403551895,14.866068747318506,14.866068747318506,14.866068747318506,14.866068747318506,14.866068747318506
132.03408650799233,7.0,29.732137494637012,30.4138126514911,29.698484809834994,30.4138126514911,31.144823004794873,29.0,29.068883707497267,29.832867780352597,29.832867780352597,30.610455730027933,29.832867780352597,29.206163733020468,29.206163733020468,29.206163733020468,29.832867780352597,29.068883707497267,28.319604517012593,29.0,28.284271247461902,27.586228448267445,26.90724809414742,25.612496949731394,25.0,26.627053911388696,25.553864678361276,0.0,0.0,0.0,0.0,0.0,0.0,0.0,0.0,0.0,0.0,0.0,14.142135623730951,14.866068747318506,15.0,16.401219466856727,16.401219466856727,17.204650534085253,18.027756377319946,19.4164878389476,19.4164878389476,19.72308292331602,20.591260281974,21.95449840010015,21.95449840010015,22.825424421026653,22.825424421026653,24.186773244895647,24.698178070456937,24.698178070456937,25.238858928247925,25.238858928247925,27.202941017470888,27.202941017470888,27.80287754891569,28.42534080710379,29.206163733020468,29.732137494637012
146.0,8.0,23.706539182259394,23.706539182259394,24.596747752497688,24.186773244895647,24.186773244895647,22.825424421026653,22.47220505424423,22.47220505424423,23.021728866442675,22.80350850198276,22.80350850198276,22.20360331117452,21.400934559032695,22.20360331117452,22.20360331117452,21.633307652783937,21.095023109728988,21.095023109728988,21.095023109728988,20.591260281974,20.12461179749811,19.697715603592208,18.384776310850235,18.973665961010276,18.681541692269406,0.0,0.0,0.0,0.0,0.0,0.0,0.0,0.0,0.0,0.0,0.0,13.892443989449804,13.416407864998739,14.317821063276353,15.231546211727817,15.231546211727817,15.231546211727817,17.08800749063506,17.08800749063506,18.027756377319946,17.72004514666935,18.439088914585774,18.439088914585774,19.4164878389476,19.6468827043885,19.4164878389476,20.396078054371138,20.615528128088304,20.615528128088304,20.8806130178211,20.8806130178211,22.135943621178654,23.08679276123039,22.47220505424423,23.40939982143925,23.769728648009426,23.769728648009426
146.0,8.0,23.853720883753127,24.698178070456937,23.323807579381203,24.186773244895647,24.596747752497688,23.259406699226016,23.259406699226016,22.847319317591726,22.847319317591726,22.847319317591726,23.40939982143925,22.47220505424423,22.47220505424423,22.47220505424423,22.47220505424423,21.93171219946131,21.02379604162864,22.360679774997898,21.470910553583888,20.591260281974,20.591260281974,19.4164878389476,18.601075237738275,19.209372712298546,19.1049731745428,0.0,0.0,0.0,0.0,0.0,0.0,0.0,0.0,0.0,0.0,0.0,13.892443989449804,14.422205101855956,14.422205101855956,15.0,15.0,15.620499351813308,16.278820596099706,17.029386365926403,17.69180601295413,18.384776310850235,18.384776310850235,19.1049731745428,19.1049731745428,19.79898987322333,20.518284528683193,20.518284528683193,21.213203435596427,21.213203435596427,20.518284528683193,21.2602916254693,22.67156809750927,23.430749027719962,22.02271554554524,22.80350850198276,23.600847442411894,23.600847442411894
149.03690818049066,6.0,28.442925306655784,27.294688127912362,27.294688127912362,27.16615541441225,27.073972741361768,26.076809620810597,27.018512172212592,26.019223662515376,27.0,27.0,27.0,27.018512172212592,26.019223662515376,27.018512172212592,26.0,27.0,25.019992006393608,26.076809620810597,26.076809620810597,25.179356624028344,25.179356624028344,25.495097567963924,23.53720459187964,23.769728648009426,23.08679276123039,0.0,0.0,0.0,0.0,0.0,0.0,0.0,0.0,0.0,0.0,0.0,14.560219778561036,14.866068747318506,15.231546211727817,15.231546211727817,16.15549442140351,16.55294535724685,16.55294535724685,18.384776310850235,18.788294228055936,19.235384061671343,19.235384061671343,20.12461179749811,21.470910553583888,21.02379604162864,21.470910553583888,22.360679774997898,22.847319317591726,22.847319317591726,22.847319317591726,22.847319317591726,24.351591323771842,25.298221281347036,25.0,25.96150997149434,26.68332812825267,25.709920264364882
146.0,8.0,26.248809496813376,25.495097567963924,25.495097567963924,25.45584412271571,25.45584412271571,24.758836806279895,24.08318915758459,24.839484696748443,24.839484696748443,24.20743687382041,24.20743687382041,24.20743687382041,24.20743687382041,23.600847442411894,24.20743687382041,24.08318915758459,22.67156809750927,24.08318915758459,23.345235059857504,22.627416997969522,21.93171219946131,22.02271554554524,20.615528128088304,21.400934559032695,20.248456731316587,0.0,0.0,0.0,0.0,0.0,0.0,0.0,0.0,0.0,0.0,0.0,12.041594578792296,12.206555615733702,13.038404810405298,13.038404810405298,14.422205101855956,15.264337522473747,15.264337522473747,16.64331697709324,17.4928556845359,17.0,17.88854381999832,18.788294228055936,18.788294228055936,18.788294228055936,20.12461179749811,21.02379604162864,20.591260281974,21.95449840010015,21.095023109728988,21.095023109728988,23.021728866442675,23.021728866442675,23.021728866442675,24.413111231467404,25.0,24.20743687382041
146.0,8.0,16.278820596099706,16.278820596099706,16.278820596099706,16.278820596099706,16.1245154965971,16.1245154965971,16.0312195418814,16.0312195418814,17.029386365926403,16.0312195418814,16.0312195418814,16.0,16.0,16.0312195418814,16.0312195418814,16.0312195418814,15.132745950421556,16.0312195418814,15.132745950421556,15.132745950421556,14.142135623730951,14.317821063276353,13.341664064126334,14.560219778561036,13.601470508735444,0.0,0.0,0.0,0.0,0.0,0.0,0.0,0.0,0.0,0.0,0.0,8.246211251235321,8.246211251235321,8.246211251235321,8.54400374531753,9.486832980505138,9.486832980505138,9.848857801796104,10.770329614269007,10.770329614269007,11.180339887498949,11.180339887498949,11.180339887498949,12.529964086141668,12.529964086141668,12.529964086141668,13.416407864998739,13.416407864998739,14.317821063276353,13.92838827718412,13.92838827718412,14.866068747318506,15.811388300841896,14.866068747318506,14.866068747318506,15.811388300841896,15.811388300841896
149.03690818049066,6.0,24.698178070456937,23.853720883753127,24.186773244895647,23.706539182259394,23.706539182259394,23.259406699226016,22.847319317591726,22.847319317591726,22.847319317591726,22.47220505424423,22.47220505424423,22.47220505424423,22.47220505424423,22.47220505424423,21.540659228538015,21.93171219946131,21.02379604162864,21.02379604162864,21.02379604162864,20.591260281974,19.72308292331602,18.867962264113206,18.027756377319946,18.601075237738275,18.439088914585774,0.0,0.0,0.0,0.0,0.0,0.0,0.0,0.0,0.0,0.0,0.0,14.7648230602334,14.422205101855956,15.811388300841896,15.811388300841896,16.401219466856727,15.620499351813308,17.69180601295413,18.439088914585774,19.1049731745428,19.1049731745428,19.1049731745428,19.849433241279208,20.518284528683193,20.518284528683193,21.2602916254693,21.2602916254693,21.213203435596427,21.213203435596427,21.93171219946131,21.93171219946131,22.67156809750927,23.430749027719962,23.430749027719962,23.600847442411894,23.600847442411894,23.021728866442675
146.0,8.0,24.73863375370596,25.0,25.0,24.351591323771842,24.351591323771842,23.40939982143925,23.769728648009426,24.351591323771842,23.769728648009426,24.166091947189145,24.166091947189145,23.259406699226016,24.166091947189145,24.166091947189145,23.769728648009426,23.769728648009426,23.08679276123039,23.08679276123039,22.80350850198276,21.840329667841555,21.587033144922902,21.37755832643195,20.223748416156685,21.095023109728988,20.024984394500787,0.0,0.0,0.0,0.0,0.0,0.0,0.0,0.0,0.0,0.0,0.0,13.601470508735444,13.341664064126334,14.142135623730951,14.142135623730951,15.132745950421556,15.033296378372908,16.0312195418814,17.029386365926403,18.027756377319946,18.0,18.0,19.0,19.0,20.0,20.0,21.02379604162864,21.0,21.02379604162864,21.02379604162864,22.02271554554524,22.090722034374522,23.194827009486403,23.194827009486403,23.345235059857504,23.345235059857504,24.331050121192877
146.0,8.0,24.08318915758459,23.345235059857504,22.67156809750927,22.627416997969522,22.67156809750927,21.93171219946131,22.67156809750927,22.67156809750927,22.67156809750927,22.67156809750927,22.80350850198276,22.80350850198276,22.80350850198276,21.400934559032695,22.02271554554524,22.02271554554524,20.518284528683193,21.93171219946131,21.213203435596427,20.518284528683193,20.518284528683193,19.849433241279208,19.209372712298546,19.4164878389476,19.4164878389476,0.0,0.0,0.0,0.0,0.0,0.0,0.0,0.0,0.0,0.0,0.0,12.806248474865697,12.806248474865697,13.601470508735444,13.601470508735444,14.422205101855956,13.892443989449804,15.264337522473747,16.64331697709324,16.1245154965971,17.0,16.55294535724685,17.46424919657298,17.88854381999832,18.788294228055936,18.788294228055936,18.788294228055936,19.235384061671343,19.235384061671343,19.72308292331602,19.72308292331602,20.808652046684813,20.808652046684813,21.633307652783937,20.808652046684813,22.20360331117452,21.633307652783937
146.0,8.0,31.78049716414141,31.78049716414141,32.202484376209235,31.76476034853718,33.12099032335839,30.886890422961002,31.38470965295043,31.906112267087632,31.906112267087632,31.906112267087632,31.906112267087632,32.449961479175904,32.449961479175904,31.622776601683793,31.906112267087632,31.38470965295043,30.886890422961002,31.76476034853718,31.304951684997057,30.870698080866262,29.546573405388315,29.732137494637012,28.460498941515414,29.120439557122072,28.635642126552707,0.0,0.0,0.0,0.0,0.0,0.0,0.0,0.0,0.0,0.0,0.0,13.601470508735444,13.601470508735444,14.317821063276353,15.297058540778355,15.297058540778355,16.278820596099706,17.46424919657298,18.439088914585774,19.4164878389476,20.223748416156685,20.223748416156685,21.213203435596427,22.20360331117452,23.194827009486403,24.186773244895647,24.186773244895647,24.331050121192877,25.495097567963924,25.495097567963924,25.709920264364882,27.892651361962706,28.160255680657446,28.460498941515414,28.460498941515414,30.675723300355934,30.083217912982647
146.0,8.0,31.827660925679098,32.55764119219941,32.01562118716424,32.01562118716424,32.802438933713454,31.400636936215164,31.400636936215164,31.622776601683793,31.622776601683793,32.449961479175904,32.449961479175904,31.906112267087632,31.622776601683793,32.449961479175904,32.449961479175904,32.202484376209235,31.400636936215164,31.89043743820395,31.240998703626616,30.4138126514911,29.698484809834994,29.732137494637012,27.65863337187866,29.206163733020468,27.459060435491963,0.0,0.0,0.0,0.0,0.0,0.0,0.0,0.0,0.0,0.0,0.0,14.212670403551895,14.422205101855956,14.422205101855956,15.811388300841896,15.811388300841896,16.64331697709324,17.204650534085253,19.4164878389476,19.4164878389476,20.248456731316587,21.095023109728988,21.095023109728988,21.95449840010015,22.47220505424423,23.323807579381203,24.698178070456937,24.413111231467404,25.0,25.80697580112788,26.40075756488817,27.65863337187866,27.65863337187866,29.0,29.0,30.4138126514911,30.4138126514911
149.03690818049066,6.0,28.442925306655784,28.635642126552707,28.635642126552707,28.861739379323623,28.160255680657446,28.160255680657446,28.160255680657446,28.460498941515414,27.51363298439521,28.792360097775937,28.792360097775937,27.85677655436824,28.792360097775937,27.85677655436824,28.792360097775937,27.51363298439521,28.160255680657446,28.160255680657446,26.92582403567252,26.68332812825267,25.709920264364882,25.317977802344327,24.186773244895647,25.079872407968907,24.020824298928627,0.0,0.0,0.0,0.0,0.0,0.0,0.0,0.0,0.0,0.0,0.0,12.041594578792296,12.0,12.0,13.0,13.0,14.035668847618199,15.0,16.0,17.0,17.029386365926403,18.110770276274835,19.1049731745428,19.1049731745428,19.1049731745428,21.095023109728988,21.02379604162864,22.02271554554524,22.02271554554524,23.0,23.0,24.020824298928627,25.019992006393608,25.079872407968907,26.076809620810597,26.1725046566048,27.16615541441225
146.0,8.0,31.016124838541646,31.622776601683793,31.622776601683793,31.32091952673165,32.01562118716424,30.083217912982647,30.805843601498726,30.805843601498726,29.832867780352597,31.78049716414141,31.575306807693888,30.4138126514911,30.59411708155671,30.4138126514911,30.59411708155671,30.805843601498726,30.083217912982647,31.04834939252005,30.083217912982647,29.410882339705484,28.792360097775937,28.231188426986208,27.730849247724095,28.178005607210743,26.92582403567252,0.0,0.0,0.0,0.0,0.0,0.0,0.0,0.0,0.0,0.0,0.0,14.7648230602334,15.264337522473747,15.811388300841896,16.64331697709324,16.64331697709324,17.204650534085253,18.027756377319946,19.4164878389476,19.4164878389476,20.0,21.400934559032695,21.400934559032695,22.80350850198276,22.80350850198276,23.600847442411894,24.413111231467404,24.413111231467404,25.238858928247925,26.076809620810597,25.553864678361276,27.294688127912362,28.178005607210743,27.730849247724095,28.635642126552707,29.546573405388315,29.546573405388315
146.0,8.0,29.832867780352597,30.805843601498726,30.083217912982647,30.364452901377952,30.675723300355934,28.460498941515414,29.154759474226502,29.732137494637012,29.154759474226502,29.154759474226502,29.546573405388315,29.546573405388315,29.546573405388315,29.154759474226502,28.792360097775937,28.792360097775937,27.51363298439521,28.460498941515414,28.160255680657446,26.92582403567252,26.68332812825267,26.476404589747453,25.317977802344327,26.1725046566048,25.019992006393608,0.0,0.0,0.0,0.0,0.0,0.0,0.0,0.0,0.0,0.0,0.0,13.601470508735444,14.317821063276353,14.142135623730951,15.132745950421556,16.1245154965971,17.11724276862369,18.110770276274835,19.1049731745428,20.09975124224178,20.024984394500787,21.0,22.0,22.0,23.0,24.0,24.020824298928627,25.0,25.019992006393608,25.079872407968907,25.079872407968907,27.16615541441225,27.294688127912362,28.284271247461902,28.442925306655784,29.427877939124322,29.614185789921695
146.0,8.0,33.13608305156178,33.06055050963308,32.0624390837628,33.015148038438355,33.015148038438355,32.01562118716424,32.0624390837628,32.14031735997639,32.0624390837628,33.13608305156178,33.24154027718932,33.24154027718932,33.24154027718932,33.37663853655727,33.24154027718932,33.13608305156178,32.0624390837628,33.06055050963308,33.015148038438355,32.0,32.01562118716424,31.144823004794873,30.265491900843113,31.400636936215164,30.805843601498726,0.0,0.0,0.0,0.0,0.0,0.0,0.0,0.0,0.0,0.0,0.0,18.027756377319946,18.384776310850235,18.788294228055936,19.697715603592208,19.697715603592208,20.12461179749811,21.02379604162864,21.93171219946131,22.360679774997898,22.825424421026653,22.825424421026653,24.186773244895647,23.706539182259394,24.596747752497688,25.942243542145693,25.495097567963924,26.0,26.0,26.570660511172846,26.570660511172846,28.160255680657446,28.861739379323623,28.861739379323623,29.614185789921695,30.4138126514911,29.427877939124322
146.0,8.0,25.019992006393608,25.0,25.0,25.019992006393608,26.076809620810597,25.079872407968907,25.079872407968907,25.179356624028344,25.179356624028344,25.317977802344327,25.317977802344327,25.317977802344327,24.331050121192877,25.317977802344327,24.186773244895647,25.179356624028344,25.079872407968907,25.019992006393608,25.019992006393608,24.0,23.0,23.08679276123039,22.20360331117452,23.345235059857504,22.561028345356956,0.0,0.0,0.0,0.0,0.0,0.0,0.0,0.0,0.0,0.0,0.0,10.0,10.04987562112089,10.198039027185569,11.180339887498949,12.165525060596439,12.36931687685298,13.341664064126334,14.317821063276353,15.297058540778355,15.524174696260024,15.524174696260024,16.76305461424021,16.76305461424021,17.72004514666935,17.72004514666935,18.681541692269406,18.681541692269406,19.6468827043885,19.4164878389476,20.396078054371138,21.37755832643195,22.20360331117452,23.194827009486403,23.08679276123039,24.08318915758459,24.020824298928627
149.03690818049066,6.0,25.079872407968907,26.0,26.0,26.570660511172846,26.248809496813376,25.298221281347036,25.96150997149434,25.96150997149434,24.73863375370596,25.709920264364882,25.709920264364882,25.495097567963924,25.709920264364882,25.709920264364882,25.96150997149434,25.96150997149434,25.0,25.298221281347036,25.298221281347036,24.698178070456937,23.769728648009426,23.259406699226016,22.825424421026653,23.323807579381203,23.021728866442675,0.0,0.0,0.0,0.0,0.0,0.0,0.0,0.0,0.0,0.0,0.0,11.180339887498949,11.661903789690601,11.661903789690601,11.661903789690601,12.206555615733702,13.038404810405298,13.601470508735444,15.811388300841896,15.0,15.620499351813308,16.278820596099706,17.029386365926403,17.804493814764857,18.439088914585774,19.209372712298546,19.209372712298546,20.0,19.4164878389476,20.248456731316587,21.095023109728988,21.95449840010015,22.825424421026653,22.825424421026653,23.706539182259394,24.596747752497688,24.596747752497688
169.33103672983285,7.0,25.0,25.96150997149434,25.298221281347036,25.298221281347036,25.632011235952593,24.698178070456937,24.698178070456937,26.0,25.079872407968907,26.0,26.40075756488817,25.495097567963924,25.079872407968907,25.079872407968907,26.0,25.632011235952593,25.298221281347036,26.248809496813376,25.0,24.73863375370596,24.331050121192877,23.345235059857504,23.08679276123039,23.021728866442675,23.0,0.0,0.0,0.0,0.0,0.0,0.0,0.0,0.0,0.0,0.0,0.0,11.045361017187261,11.045361017187261,11.0,12.0,12.0,13.0,13.0,14.035668847618199,15.033296378372908,15.0,15.0,16.0,17.029386365926403,17.0,18.0,19.0,19.026297590440446,19.026297590440446,20.09975124224178,20.223748416156685,21.37755832643195,22.360679774997898,21.587033144922902,22.561028345356956,23.769728648009426,24.041630560342615
149.03690818049066,6.0,15.652475842498529,15.231546211727817,16.55294535724685,16.15549442140351,15.811388300841896,16.15549442140351,15.811388300841896,15.811388300841896,16.76305461424021,16.76305461424021,16.492422502470642,16.492422502470642,15.524174696260024,16.76305461424021,16.76305461424021,16.76305461424021,16.15549442140351,16.15549442140351,16.15549442140351,15.231546211727817,15.652475842498529,14.7648230602334,14.422205101855956,14.422205101855956,14.212670403551895,0.0,0.0,0.0,0.0,0.0,0.0,0.0,0.0,0.0,0.0,0.0,6.4031242374328485,7.0710678118654755,7.0710678118654755,7.810249675906654,7.0710678118654755,7.810249675906654,8.48528137423857,9.219544457292887,9.219544457292887,9.219544457292887,9.899494936611665,9.899494936611665,9.899494936611665,10.63014581273465,10.63014581273465,11.40175425099138,11.40175425099138,12.041594578792296,12.206555615733702,12.206555615733702,13.038404810405298,13.038404810405298,13.892443989449804,13.892443989449804,13.892443989449804,14.7648230602334
169.33103672983285,7.0,23.323807579381203,21.95449840010015,23.323807579381203,22.47220505424423,23.021728866442675,22.20360331117452,22.20360331117452,22.02271554554524,22.02271554554524,22.02271554554524,22.02271554554524,22.02271554554524,22.02271554554524,22.02271554554524,22.02271554554524,22.20360331117452,20.808652046684813,21.633307652783937,21.633307652783937,20.248456731316587,20.248456731316587,20.12461179749811,18.788294228055936,19.697715603592208,18.973665961010276,0.0,0.0,0.0,0.0,0.0,0.0,0.0,0.0,0.0,0.0,0.0,10.816653826391969,11.661903789690601,12.083045973594572,12.083045973594572,13.0,13.0,13.92838827718412,14.317821063276353,14.866068747318506,15.524174696260024,15.524174696260024,15.524174696260024,16.492422502470642,17.72004514666935,17.46424919657298,17.72004514666935,18.027756377319946,18.973665961010276,18.027756377319946,19.313207915827967,20.615528128088304,20.615528128088304,21.02379604162864,21.02379604162864,21.93171219946131,22.360679774997898
149.03690818049066,6.0,26.419689627245813,26.419689627245813,27.294688127912362,26.832815729997478,26.40075756488817,25.495097567963924,25.079872407968907,26.0,26.92582403567252,26.0,25.632011235952593,25.632011235952593,24.698178070456937,26.570660511172846,26.0,26.0,24.596747752497688,25.495097567963924,24.596747752497688,24.186773244895647,23.323807579381203,23.021728866442675,22.20360331117452,23.430749027719962,22.627416997969522,0.0,0.0,0.0,0.0,0.0,0.0,0.0,0.0,0.0,0.0,0.0,13.416407864998739,13.892443989449804,14.422205101855956,15.0,15.811388300841896,15.811388300841896,17.204650534085253,18.601075237738275,18.601075237738275,19.1049731745428,19.1049731745428,19.79898987322333,20.518284528683193,20.518284528683193,21.213203435596427,22.627416997969522,21.93171219946131,22.67156809750927,22.02271554554524,22.02271554554524,24.20743687382041,24.413111231467404,25.238858928247925,25.238858928247925,26.076809620810597,26.076809620810597
169.33103672983285,7.0,25.0,26.0,25.019992006393608,26.076809620810597,26.076809620810597,25.079872407968907,25.079872407968907,25.179356624028344,25.179356624028344,25.317977802344327,25.317977802344327,25.317977802344327,25.317977802344327,25.317977802344327,25.179356624028344,25.179356624028344,24.08318915758459,25.019992006393608,24.020824298928627,24.0,23.021728866442675,23.08679276123039,22.20360331117452,23.345235059857504,22.561028345356956,0.0,0.0,0.0,0.0,0.0,0.0,0.0,0.0,0.0,0.0,0.0,13.0,13.038404810405298,14.035668847618199,14.142135623730951,15.132745950421556,15.132745950421556,16.278820596099706,17.26267650163207,17.26267650163207,17.46424919657298,17.46424919657298,18.681541692269406,19.6468827043885,19.6468827043885,20.615528128088304,20.615528128088304,20.396078054371138,20.615528128088304,21.37755832643195,21.213203435596427,23.194827009486403,23.194827009486403,23.08679276123039,24.08318915758459,24.020824298928627,24.020824298928627
149.03690818049066,6.0,24.08318915758459,24.20743687382041,24.20743687382041,25.0,24.413111231467404,23.853720883753127,23.853720883753127,23.323807579381203,23.323807579381203,23.853720883753127,24.698178070456937,23.323807579381203,24.186773244895647,24.186773244895647,24.186773244895647,23.853720883753127,23.021728866442675,23.600847442411894,23.600847442411894,22.80350850198276,22.02271554554524,21.93171219946131,20.518284528683193,21.2602916254693,21.400934559032695,0.0,0.0,0.0,0.0,0.0,0.0,0.0,0.0,0.0,0.0,0.0,12.041594578792296,12.041594578792296,12.727922061357855,13.45362404707371,13.45362404707371,13.45362404707371,14.866068747318506,15.620499351813308,16.401219466856727,15.811388300841896,16.64331697709324,17.4928556845359,18.027756377319946,18.027756377319946,18.867962264113206,19.4164878389476,20.0,20.0,20.615528128088304,20.615528128088304,21.2602916254693,21.93171219946131,22.627416997969522,23.345235059857504,22.627416997969522,23.345235059857504
169.33103672983285,7.0,15.620499351813308,15.620499351813308,16.401219466856727,15.811388300841896,15.811388300841896,15.811388300841896,16.64331697709324,15.264337522473747,16.1245154965971,16.1245154965971,16.1245154965971,15.652475842498529,16.1245154965971,16.1245154965971,15.264337522473747,15.811388300841896,15.811388300841896,15.811388300841896,15.811388300841896,15.0,14.212670403551895,14.866068747318506,14.142135623730951,14.866068747318506,14.212670403551895,0.0,0.0,0.0,0.0,0.0,0.0,0.0,0.0,0.0,0.0,0.0,7.810249675906654,7.810249675906654,7.810249675906654,8.48528137423857,8.48528137423857,9.219544457292887,9.219544457292887,10.63014581273465,10.63014581273465,11.40175425099138,10.816653826391969,10.816653826391969,11.40175425099138,12.206555615733702,12.206555615733702,12.206555615733702,12.206555615733702,12.806248474865697,12.806248474865697,13.45362404707371,14.142135623730951,14.866068747318506,14.142135623730951,14.866068747318506,14.866068747318506,14.866068747318506
149.03690818049066,6.0,27.65863337187866,29.206163733020468,27.80287754891569,28.0178514522438,28.600699292150182,26.627053911388696,27.459060435491963,27.459060435491963,26.419689627245813,28.178005607210743,29.068883707497267,27.730849247724095,28.178005607210743,27.294688127912362,27.784887978899608,27.784887978899608,26.92582403567252,26.627053911388696,27.202941017470888,25.80697580112788,25.612496949731394,25.612496949731394,24.839484696748443,25.495097567963924,24.758836806279895,0.0,0.0,0.0,0.0,0.0,0.0,0.0,0.0,0.0,0.0,0.0,14.866068747318506,14.866068747318506,14.866068747318506,15.620499351813308,16.278820596099706,16.401219466856727,17.204650534085253,18.601075237738275,19.4164878389476,19.4164878389476,19.4164878389476,20.808652046684813,21.400934559032695,21.400934559032695,21.633307652783937,22.20360331117452,23.600847442411894,23.600847442411894,24.20743687382041,23.600847442411894,25.495097567963924,25.495097567963924,25.45584412271571,26.1725046566048,26.90724809414742,26.90724809414742
146.0,6.0,25.0,26.0,27.0,26.019223662515376,26.076809620810597,25.079872407968907,26.076809620810597,26.1725046566048,26.1725046566048,27.16615541441225,27.294688127912362,26.30589287593181,26.30589287593181,26.30589287593181,27.16615541441225,27.16615541441225,26.076809620810597,27.018512172212592,27.018512172212592,26.0,25.0,25.079872407968907,24.186773244895647,24.331050121192877,23.769728648009426,0.0,0.0,0.0,0.0,0.0,0.0,0.0,0.0,0.0,0.0,0.0,7.0710678118654755,7.280109889280518,8.246211251235321,9.219544457292887,9.219544457292887,10.44030650891055,11.40175425099138,12.36931687685298,13.341664064126334,13.601470508735444,14.560219778561036,14.866068747318506,14.560219778561036,16.76305461424021,16.76305461424021,17.72004514666935,18.681541692269406,19.4164878389476,19.4164878389476,19.4164878389476,21.213203435596427,22.20360331117452,23.194827009486403,23.194827009486403,24.08318915758459,24.08318915758459
149.03690818049066,6.0,25.238858928247925,26.076809620810597,25.553864678361276,25.942243542145693,25.942243542145693,24.596747752497688,25.079872407968907,25.079872407968907,25.079872407968907,24.698178070456937,25.632011235952593,24.698178070456937,25.632011235952593,25.079872407968907,25.079872407968907,25.079872407968907,24.596747752497688,24.596747752497688,24.596747752497688,22.825424421026653,23.323807579381203,22.47220505424423,21.400934559032695,22.02271554554524,21.2602916254693,0.0,0.0,0.0,0.0,0.0,0.0,0.0,0.0,0.0,0.0,0.0,12.206555615733702,12.206555615733702,12.806248474865697,12.806248474865697,13.45362404707371,13.45362404707371,14.866068747318506,16.278820596099706,16.97056274847714,16.97056274847714,17.69180601295413,18.439088914585774,19.1049731745428,19.1049731745428,19.849433241279208,19.849433241279208,20.518284528683193,20.518284528683193,20.518284528683193,21.93171219946131,22.02271554554524,23.430749027719962,22.80350850198276,23.600847442411894,24.413111231467404,24.413111231467404
149.03690818049066,6.0,24.73863375370596,25.0,25.0,25.298221281347036,25.632011235952593,24.698178070456937,24.698178070456937,25.079872407968907,24.698178070456937,26.40075756488817,25.495097567963924,25.495097567963924,25.495097567963924,25.495097567963924,26.40075756488817,26.0,25.632011235952593,26.570660511172846,25.298221281347036,25.0,25.0,24.515301344262525,23.345235059857504,24.186773244895647,24.08318915758459,0.0,0.0,0.0,0.0,0.0,0.0,0.0,0.0,0.0,0.0,0.0,11.045361017187261,11.045361017187261,12.0,12.0,12.0,13.0,14.0,15.0,15.0,15.033296378372908,16.0312195418814,16.0312195418814,17.029386365926403,17.029386365926403,18.027756377319946,18.0,18.027756377319946,19.026297590440446,19.026297590440446,20.024984394500787,21.095023109728988,21.213203435596427,21.213203435596427,22.360679774997898,23.345235059857504,23.53720459187964
149.03690818049066,6.0,26.570660511172846,26.92582403567252,26.0,26.40075756488817,26.832815729997478,25.942243542145693,25.942243542145693,25.059928172283335,24.698178070456937,26.076809620810597,26.076809620810597,25.238858928247925,24.698178070456937,24.698178070456937,25.553864678361276,25.059928172283335,23.706539182259394,24.596747752497688,24.166091947189145,22.847319317591726,22.47220505424423,22.47220505424423,20.8806130178211,21.840329667841555,20.396078054371138,0.0,0.0,0.0,0.0,0.0,0.0,0.0,0.0,0.0,0.0,0.0,15.231546211727817,15.811388300841896,15.524174696260024,16.492422502470642,16.492422502470642,17.26267650163207,18.24828759089466,19.4164878389476,19.235384061671343,19.1049731745428,19.1049731745428,21.095023109728988,21.095023109728988,21.095023109728988,22.090722034374522,22.090722034374522,22.20360331117452,22.20360331117452,23.345235059857504,23.345235059857504,24.515301344262525,25.709920264364882,25.0,25.0,26.248809496813376,26.248809496813376
132.03408650799233,7.0,22.360679774997898,21.37755832643195,22.20360331117452,21.213203435596427,21.095023109728988,21.095023109728988,20.024984394500787,21.0,21.02379604162864,21.02379604162864,20.024984394500787,21.02379604162864,20.0,21.0,20.0,21.02379604162864,19.1049731745428,20.09975124224178,20.09975124224178,19.235384061671343,18.24828759089466,18.681541692269406,17.72004514666935,18.027756377319946,17.46424919657298,0.0,0.0,0.0,0.0,0.0,0.0,0.0,0.0,0.0,0.0,0.0,12.165525060596439,12.36931687685298,12.649110640673518,12.649110640673518,13.92838827718412,13.92838827718412,14.866068747318506,16.15549442140351,16.15549442140351,16.55294535724685,17.0,17.0,17.0,17.88854381999832,17.88854381999832,19.235384061671343,18.788294228055936,18.788294228055936,18.384776310850235,19.313207915827967,20.248456731316587,19.924858845171276,20.8806130178211,20.8806130178211,20.8806130178211,20.615528128088304
132.03408650799233,7.0,15.652475842498529,15.652475842498529,16.55294535724685,16.15549442140351,16.15549442140351,14.866068747318506,14.866068747318506,15.811388300841896,15.811388300841896,15.811388300841896,15.811388300841896,15.811388300841896,15.524174696260024,15.811388300841896,15.811388300841896,14.866068747318506,15.231546211727817,16.15549442140351,15.231546211727817,14.317821063276353,14.317821063276353,13.892443989449804,13.038404810405298,13.601470508735444,12.806248474865697,0.0,0.0,0.0,0.0,0.0,0.0,0.0,0.0,0.0,0.0,0.0,7.615773105863909,7.615773105863909,8.06225774829855,8.06225774829855,9.433981132056603,8.602325267042627,9.433981132056603,10.816653826391969,10.816653826391969,10.0,11.40175425099138,12.041594578792296,12.041594578792296,12.041594578792296,12.041594578792296,12.041594578792296,12.806248474865697,12.806248474865697,12.806248474865697,13.601470508735444,14.422205101855956,14.422205101855956,14.422205101855956,14.422205101855956,15.264337522473747,15.264337522473747
146.0,8.0,25.317977802344327,26.1725046566048,25.179356624028344,25.079872407968907,25.019992006393608,24.020824298928627,24.020824298928627,25.0,25.0,25.019992006393608,25.019992006393608,24.020824298928627,24.020824298928627,25.019992006393608,25.0,25.0,24.020824298928627,25.079872407968907,24.08318915758459,23.194827009486403,22.360679774997898,22.360679774997898,21.587033144922902,21.840329667841555,21.540659228538015,0.0,0.0,0.0,0.0,0.0,0.0,0.0,0.0,0.0,0.0,0.0,12.36931687685298,12.649110640673518,13.0,13.0,14.317821063276353,14.317821063276353,14.317821063276353,16.15549442140351,16.55294535724685,17.0,17.0,17.88854381999832,18.788294228055936,18.788294228055936,19.235384061671343,20.12461179749811,19.697715603592208,20.615528128088304,20.248456731316587,21.18962010041709,22.135943621178654,23.08679276123039,22.80350850198276,23.769728648009426,23.53720459187964,24.515301344262525
146.0,8.0,17.46424919657298,17.72004514666935,17.72004514666935,16.76305461424021,17.08800749063506,16.15549442140351,17.08800749063506,17.08800749063506,17.46424919657298,17.46424919657298,17.46424919657298,16.55294535724685,16.55294535724685,17.46424919657298,17.08800749063506,17.08800749063506,16.76305461424021,16.76305461424021,16.76305461424021,16.492422502470642,15.524174696260024,15.297058540778355,15.132745950421556,15.033296378372908,15.0,0.0,0.0,0.0,0.0,0.0,0.0,0.0,0.0,0.0,0.0,0.0,9.219544457292887,10.198039027185569,10.04987562112089,10.04987562112089,10.04987562112089,11.045361017187261,11.045361017187261,12.041594578792296,12.041594578792296,12.0,13.0,13.0,13.0,13.0,13.0,14.0,14.035668847618199,15.033296378372908,14.035668847618199,14.035668847618199,15.132745950421556,15.132745950421556,16.278820596099706,16.278820596099706,16.278820596099706,16.278820596099706
149.03690818049066,6.0,21.213203435596427,21.37755832643195,21.37755832643195,21.587033144922902,21.587033144922902,20.615528128088304,20.615528128088304,20.8806130178211,20.8806130178211,20.8806130178211,20.8806130178211,21.18962010041709,19.924858845171276,20.8806130178211,20.8806130178211,20.615528128088304,20.615528128088304,20.615528128088304,20.615528128088304,19.235384061671343,19.235384061671343,18.110770276274835,18.027756377319946,18.0,17.029386365926403,0.0,0.0,0.0,0.0,0.0,0.0,0.0,0.0,0.0,0.0,0.0,10.44030650891055,11.180339887498949,11.180339887498949,12.165525060596439,12.041594578792296,13.038404810405298,14.0,14.035668847618199,15.0,16.0312195418814,15.033296378372908,17.11724276862369,16.0312195418814,17.11724276862369,17.11724276862369,17.11724276862369,17.029386365926403,18.027756377319946,18.027756377319946,18.0,19.0,20.0,20.0,20.024984394500787,21.02379604162864,21.095023109728988
146.72763884149435,8.0,7.810249675906654,11.40175425099138,9.219544457292887,8.48528137423857,10.0,11.40175425099138,9.219544457292887,2.8284271247461903,2.23606797749979,8.54400374531753,7.280109889280518,9.848857801796104,13.152946437965905,15.231546211727817,4.0,4.47213595499958,13.0,6.4031242374328485,11.180339887498949,8.0,9.0,9.848857801796104,7.280109889280518,6.082762530298219,5.0,0.0,0.0,0.0,0.0,0.0,0.0,0.0,0.0,0.0,0.0,0.0,4.242640687119285,7.0,3.605551275463989,6.4031242374328485,8.246211251235321,2.8284271247461903,2.23606797749979,5.0990195135927845,4.0,6.082762530298219,4.47213595499958,5.656854249492381,5.385164807134504,5.385164807134504,7.211102550927978,9.0,14.317821063276353,11.0,8.06225774829855,14.035668847618199,8.246211251235321,10.198039027185569,6.0,5.0990195135927845,8.602325267042627,5.0
146.0,8.0,26.40075756488817,26.40075756488817,25.80697580112788,25.80697580112788,26.92582403567252,25.238858928247925,25.553864678361276,25.553864678361276,25.059928172283335,25.942243542145693,25.942243542145693,25.495097567963924,25.495097567963924,25.942243542145693,25.942243542145693,25.059928172283335,24.186773244895647,25.553864678361276,25.238858928247925,24.413111231467404,23.600847442411894,23.430749027719962,22.02271554554524,23.345235059857504,21.93171219946131,0.0,0.0,0.0,0.0,0.0,0.0,0.0,0.0,0.0,0.0,0.0,13.45362404707371,14.142135623730951,14.142135623730951,14.866068747318506,14.866068747318506,15.620499351813308,16.401219466856727,17.69180601295413,17.804493814764857,18.601075237738275,18.601075237738275,19.4164878389476,20.0,20.0,20.808652046684813,22.20360331117452,21.400934559032695,22.02271554554524,22.02271554554524,22.02271554554524,23.345235059857504,24.041630560342615,24.041630560342615,24.758836806279895,25.495097567963924,24.839484696748443
146.0,8.0,27.294688127912362,27.16615541441225,27.16615541441225,26.076809620810597,27.073972741361768,26.019223662515376,26.019223662515376,26.0,26.0,27.0,26.019223662515376,26.019223662515376,26.019223662515376,26.019223662515376,26.019223662515376,26.0,25.019992006393608,26.076809620810597,25.079872407968907,24.186773244895647,24.186773244895647,23.345235059857504,22.561028345356956,22.80350850198276,22.135943621178654,0.0,0.0,0.0,0.0,0.0,0.0,0.0,0.0,0.0,0.0,0.0,13.038404810405298,14.142135623730951,14.317821063276353,15.297058540778355,15.524174696260024,15.524174696260024,16.492422502470642,17.72004514666935,18.681541692269406,18.027756377319946,19.313207915827967,19.313207915827967,19.313207915827967,20.248456731316587,20.615528128088304,21.540659228538015,21.18962010041709,22.135943621178654,22.135943621178654,22.135943621178654,24.041630560342615,24.73863375370596,24.73863375370596,24.73863375370596,25.495097567963924,25.495097567963924
149.03690818049066,6.0,25.495097567963924,25.45584412271571,26.1725046566048,25.45584412271571,24.758836806279895,24.758836806279895,24.08318915758459,24.839484696748443,23.430749027719962,25.0,24.413111231467404,24.413111231467404,23.600847442411894,23.600847442411894,24.20743687382041,24.20743687382041,22.67156809750927,24.08318915758459,23.345235059857504,22.627416997969522,22.627416997969522,21.93171219946131,20.615528128088304,21.400934559032695,20.248456731316587,0.0,0.0,0.0,0.0,0.0,0.0,0.0,0.0,0.0,0.0,0.0,12.806248474865697,13.601470508735444,13.892443989449804,13.892443989449804,15.264337522473747,15.652475842498529,16.55294535724685,17.0,17.88854381999832,17.88854381999832,18.384776310850235,19.697715603592208,19.697715603592208,19.697715603592208,20.615528128088304,20.615528128088304,21.02379604162864,21.470910553583888,20.591260281974,21.95449840010015,23.323807579381203,23.853720883753127,23.853720883753127,23.600847442411894,24.20743687382041,25.0
146.0,8.0,27.018512172212592,29.0,28.0,28.0,28.071337695236398,28.0178514522438,27.073972741361768,28.160255680657446,28.160255680657446,28.284271247461902,28.284271247461902,28.442925306655784,28.284271247461902,28.284271247461902,28.160255680657446,28.160255680657446,27.018512172212592,28.071337695236398,28.0178514522438,27.0,26.019223662515376,25.079872407968907,25.079872407968907,25.317977802344327,24.515301344262525,0.0,0.0,0.0,0.0,0.0,0.0,0.0,0.0,0.0,0.0,0.0,12.165525060596439,12.165525060596439,12.36931687685298,13.341664064126334,13.341664064126334,14.560219778561036,14.560219778561036,16.492422502470642,16.76305461424021,16.76305461424021,18.027756377319946,18.973665961010276,18.973665961010276,19.924858845171276,20.248456731316587,21.18962010041709,21.840329667841555,21.840329667841555,22.561028345356956,22.80350850198276,24.515301344262525,25.495097567963924,24.331050121192877,25.317977802344327,26.1725046566048,27.16615541441225
146.0,8.0,17.029386365926403,17.029386365926403,17.029386365926403,16.97056274847714,16.97056274847714,16.97056274847714,16.278820596099706,17.029386365926403,17.029386365926403,17.029386365926403,17.029386365926403,16.401219466856727,17.029386365926403,17.029386365926403,17.029386365926403,17.69180601295413,16.97056274847714,16.97056274847714,16.97056274847714,16.278820596099706,15.620499351813308,15.0,15.0,15.264337522473747,14.7648230602334,0.0,0.0,0.0,0.0,0.0,0.0,0.0,0.0,0.0,0.0,0.0,6.708203932499369,6.708203932499369,6.708203932499369,6.708203932499369,8.06225774829855,7.615773105863909,8.94427190999916,8.94427190999916,9.848857801796104,9.848857801796104,10.770329614269007,10.770329614269007,10.770329614269007,12.083045973594572,12.083045973594572,13.0,12.083045973594572,12.529964086141668,13.416407864998739,13.892443989449804,13.892443989449804,14.422205101855956,15.264337522473747,15.811388300841896,15.811388300841896,16.401219466856727
149.03690818049066,6.0,17.029386365926403,16.0312195418814,17.029386365926403,16.1245154965971,17.11724276862369,16.1245154965971,16.1245154965971,16.278820596099706,16.1245154965971,16.278820596099706,16.278820596099706,16.278820596099706,15.297058540778355,15.297058540778355,15.297058540778355,15.132745950421556,15.132745950421556,15.132745950421556,15.033296378372908,14.035668847618199,14.0,13.0,13.0,13.038404810405298,13.152946437965905,0.0,0.0,0.0,0.0,0.0,0.0,0.0,0.0,0.0,0.0,0.0,8.06225774829855,8.0,9.0,9.0,10.0,10.0,10.0,11.045361017187261,11.045361017187261,12.041594578792296,12.165525060596439,12.165525060596439,12.165525060596439,13.152946437965905,13.152946437965905,14.142135623730951,13.152946437965905,14.142135623730951,14.142135623730951,14.035668847618199,15.033296378372908,15.033296378372908,15.033296378372908,15.0,16.0,16.0
146.0,8.0,26.1725046566048,26.1725046566048,26.1725046566048,26.30589287593181,25.495097567963924,24.515301344262525,24.515301344262525,24.73863375370596,25.709920264364882,24.73863375370596,24.73863375370596,25.0,25.0,25.0,24.73863375370596,24.73863375370596,23.53720459187964,24.515301344262525,24.515301344262525,23.345235059857504,22.20360331117452,23.08679276123039,22.02271554554524,22.0,21.095023109728988,0.0,0.0,0.0,0.0,0.0,0.0,0.0,0.0,0.0,0.0,0.0,12.0,12.041594578792296,13.038404810405298,13.152946437965905,14.035668847618199,14.142135623730951,15.132745950421556,17.11724276862369,17.11724276862369,17.26267650163207,17.46424919657298,18.439088914585774,18.439088914585774,19.4164878389476,20.396078054371138,20.396078054371138,20.223748416156685,21.213203435596427,21.095023109728988,22.090722034374522,23.021728866442675,23.021728866442675,24.020824298928627,24.0,24.0,25.0
146.0,8.0,23.08679276123039,23.40939982143925,22.847319317591726,23.769728648009426,24.166091947189145,22.847319317591726,23.706539182259394,23.706539182259394,21.95449840010015,23.323807579381203,23.853720883753127,23.323807579381203,23.323807579381203,23.323807579381203,23.323807579381203,22.825424421026653,22.825424421026653,23.259406699226016,22.360679774997898,21.93171219946131,21.540659228538015,21.18962010041709,19.924858845171276,20.8806130178211,20.396078054371138,0.0,0.0,0.0,0.0,0.0,0.0,0.0,0.0,0.0,0.0,0.0,11.40175425099138,12.165525060596439,12.165525060596439,13.152946437965905,13.152946437965905,13.038404810405298,14.142135623730951,15.132745950421556,16.0312195418814,15.033296378372908,16.0312195418814,17.029386365926403,17.029386365926403,17.029386365926403,18.027756377319946,18.027756377319946,19.1049731745428,19.1049731745428,20.09975124224178,20.223748416156685,20.396078054371138,21.37755832643195,21.587033144922902,21.587033144922902,22.80350850198276,22.135943621178654
146.0,8.0,25.942243542145693,25.495097567963924,24.596747752497688,25.079872407968907,24.698178070456937,24.698178070456937,23.769728648009426,24.351591323771842,24.351591323771842,25.298221281347036,25.0,24.041630560342615,24.041630560342615,24.041630560342615,24.041630560342615,24.351591323771842,22.47220505424423,23.769728648009426,23.769728648009426,23.259406699226016,22.360679774997898,22.825424421026653,21.095023109728988,21.633307652783937,21.400934559032695,0.0,0.0,0.0,0.0,0.0,0.0,0.0,0.0,0.0,0.0,0.0,13.892443989449804,14.422205101855956,15.0,15.811388300841896,15.620499351813308,15.620499351813308,17.029386365926403,17.804493814764857,18.439088914585774,19.1049731745428,19.1049731745428,18.384776310850235,19.1049731745428,20.518284528683193,19.79898987322333,20.518284528683193,21.2602916254693,21.2602916254693,22.02271554554524,21.400934559032695,22.80350850198276,23.021728866442675,23.021728866442675,23.853720883753127,24.186773244895647,23.323807579381203
146.0,8.0,30.4138126514911,30.886890422961002,30.01666203960727,30.528675044947494,30.23243291566195,28.844410203711913,28.844410203711913,30.0,28.600699292150182,30.0,29.206163733020468,29.206163733020468,29.206163733020468,29.206163733020468,29.206163733020468,28.600699292150182,28.0178514522438,28.844410203711913,28.30194339616981,27.784887978899608,27.294688127912362,26.40075756488817,25.079872407968907,26.570660511172846,25.0,0.0,0.0,0.0,0.0,0.0,0.0,0.0,0.0,0.0,0.0,0.0,14.7648230602334,15.231546211727817,14.866068747318506,16.15549442140351,16.15549442140351,18.027756377319946,18.973665961010276,19.924858845171276,19.924858845171276,20.615528128088304,20.615528128088304,21.587033144922902,22.561028345356956,22.80350850198276,23.53720459187964,23.769728648009426,25.0,25.0,25.298221281347036,25.298221281347036,26.570660511172846,27.85677655436824,26.92582403567252,28.231188426986208,28.635642126552707,28.635642126552707
149.03690818049066,6.0,25.0,25.709920264364882,24.73863375370596,24.515301344262525,25.495097567963924,24.331050121192877,24.331050121192877,24.186773244895647,24.186773244895647,25.079872407968907,24.08318915758459,24.08318915758459,23.08679276123039,24.08318915758459,23.08679276123039,23.194827009486403,22.20360331117452,23.345235059857504,22.360679774997898,22.561028345356956,21.587033144922902,20.8806130178211,19.924858845171276,20.615528128088304,20.12461179749811,0.0,0.0,0.0,0.0,0.0,0.0,0.0,0.0,0.0,0.0,0.0,11.40175425099138,12.649110640673518,13.0,13.416407864998739,13.416407864998739,14.317821063276353,15.652475842498529,16.55294535724685,16.55294535724685,17.0,18.35755975068582,18.35755975068582,18.35755975068582,18.867962264113206,19.72308292331602,20.248456731316587,20.591260281974,21.470910553583888,21.02379604162864,21.02379604162864,21.93171219946131,22.847319317591726,23.40939982143925,23.40939982143925,24.351591323771842,23.08679276123039
146.0,8.0,23.345235059857504,24.515301344262525,23.53720459187964,23.769728648009426,23.769728648009426,22.80350850198276,23.08679276123039,23.08679276123039,23.08679276123039,23.40939982143925,22.47220505424423,22.47220505424423,23.40939982143925,23.40939982143925,22.47220505424423,23.08679276123039,22.561028345356956,22.561028345356956,22.561028345356956,21.37755832643195,21.213203435596427,21.095023109728988,20.024984394500787,20.0,19.026297590440446,0.0,0.0,0.0,0.0,0.0,0.0,0.0,0.0,0.0,0.0,0.0,13.152946437965905,14.035668847618199,14.035668847618199,15.0,15.0,15.033296378372908,16.0312195418814,17.0,17.029386365926403,17.029386365926403,18.110770276274835,19.1049731745428,19.1049731745428,20.09975124224178,19.1049731745428,20.09975124224178,20.024984394500787,21.02379604162864,20.0,20.0,22.02271554554524,22.02271554554524,23.08679276123039,22.20360331117452,23.194827009486403,23.194827009486403
146.0,8.0,24.515301344262525,23.53720459187964,23.53720459187964,23.769728648009426,23.08679276123039,22.135943621178654,22.135943621178654,22.47220505424423,22.135943621178654,22.47220505424423,22.47220505424423,21.540659228538015,21.93171219946131,21.540659228538015,21.540659228538015,22.47220505424423,21.18962010041709,22.135943621178654,20.8806130178211,20.8806130178211,20.615528128088304,20.396078054371138,19.235384061671343,19.1049731745428,19.026297590440446,0.0,0.0,0.0,0.0,0.0,0.0,0.0,0.0,0.0,0.0,0.0,12.36931687685298,12.165525060596439,13.152946437965905,13.038404810405298,14.142135623730951,14.035668847618199,15.033296378372908,16.0312195418814,16.0312195418814,17.0,17.029386365926403,18.027756377319946,19.026297590440446,19.026297590440446,19.026297590440446,20.024984394500787,20.024984394500787,20.0,20.0,21.02379604162864,21.02379604162864,22.090722034374522,22.090722034374522,22.20360331117452,22.20360331117452,22.20360331117452
121.16517651536682,5.0,28.284271247461902,25.495097567963924,25.0,24.186773244895647,22.360679774997898,22.561028345356956,21.37755832643195,22.360679774997898,21.37755832643195,21.37755832643195,19.924858845171276,19.924858845171276,19.924858845171276,19.4164878389476,19.4164878389476,18.027756377319946,17.46424919657298,17.46424919657298,16.278820596099706,15.297058540778355,14.560219778561036,13.601470508735444,13.601470508735444,13.152946437965905,13.152946437965905,0.0,0.0,0.0,0.0,0.0,0.0,0.0,0.0,0.0,0.0,0.0,18.027756377319946,18.0,19.026297590440446,19.026297590440446,20.0,21.02379604162864,22.090722034374522,23.08679276123039,24.08318915758459,24.020824298928627,24.186773244895647,24.186773244895647,24.020824298928627,25.079872407968907,26.076809620810597,25.179356624028344,25.179356624028344,26.076809620810597,25.0,26.0,25.019992006393608,26.076809620810597,26.019223662515376,25.079872407968907,25.079872407968907,25.019992006393608
95.88013350011565,5.0,19.1049731745428,18.439088914585774,17.029386365926403,16.278820596099706,15.297058540778355,15.524174696260024,15.524174696260024,15.524174696260024,14.560219778561036,14.560219778561036,13.92838827718412,13.92838827718412,13.92838827718412,13.601470508735444,13.601470508735444,13.0,11.704699910719626,12.649110640673518,11.40175425099138,10.44030650891055,10.770329614269007,9.848857801796104,9.486832980505138,9.486832980505138,9.486832980505138,0.0,0.0,0.0,0.0,0.0,0.0,0.0,0.0,0.0,0.0,0.0,12.041594578792296,12.0,13.038404810405298,13.038404810405298,14.035668847618199,14.0,15.033296378372908,15.033296378372908,16.0312195418814,16.0,17.029386365926403,17.029386365926403,17.0,17.0,17.029386365926403,17.029386365926403,17.029386365926403,18.027756377319946,17.029386365926403,17.029386365926403,17.029386365926403,18.110770276274835,18.0,18.24828759089466,17.26267650163207,16.0312195418814
146.72763884149435,8.0,9.219544457292887,10.770329614269007,12.041594578792296,11.40175425099138,11.40175425099138,9.219544457292887,12.806248474865697,11.0,17.029386365926403,5.385164807134504,7.615773105863909,9.055385138137417,8.602325267042627,7.211102550927978,9.055385138137417,6.082762530298219,10.04987562112089,7.0710678118654755,4.47213595499958,5.0990195135927845,8.246211251235321,8.06225774829855,10.04987562112089,5.0,6.082762530298219,0.0,0.0,0.0,0.0,0.0,0.0,0.0,0.0,0.0,0.0,0.0,5.0,7.0710678118654755,12.649110640673518,6.708203932499369,6.4031242374328485,8.602325267042627,6.324555320336759,7.211102550927978,4.123105625617661,7.810249675906654,6.324555320336759,7.0710678118654755,4.123105625617661,12.649110640673518,8.0,7.615773105863909,10.0,9.219544457292887,11.40175425099138,12.083045973594572,7.0,7.615773105863909,8.246211251235321,9.486832980505138,9.848857801796104,9.219544457292887
126.1269202034205,7.0,24.186773244895647,23.194827009486403,24.186773244895647,23.08679276123039,24.020824298928627,23.021728866442675,23.0,23.021728866442675,23.021728866442675,23.021728866442675,23.08679276123039,22.090722034374522,22.090722034374522,23.08679276123039,22.090722034374522,23.021728866442675,22.02271554554524,22.02271554554524,22.0,21.0,21.0,21.02379604162864,19.1049731745428,20.223748416156685,19.4164878389476,0.0,0.0,0.0,0.0,0.0,0.0,0.0,0.0,0.0,0.0,0.0,18.110770276274835,17.26267650163207,18.439088914585774,18.681541692269406,18.681541692269406,18.973665961010276,19.924858845171276,21.18962010041709,20.248456731316587,20.615528128088304,21.02379604162864,21.470910553583888,22.360679774997898,21.470910553583888,21.470910553583888,22.360679774997898,21.93171219946131,22.847319317591726,21.540659228538015,22.135943621178654,23.08679276123039,23.08679276123039,24.041630560342615,22.80350850198276,22.80350850198276,23.769728648009426
126.1269202034205,7.0,22.20360331117452,22.360679774997898,22.360679774997898,21.587033144922902,22.80350850198276,20.615528128088304,21.18962010041709,22.135943621178654,21.18962010041709,21.18962010041709,21.540659228538015,20.615528128088304,20.615528128088304,20.615528128088304,20.615528128088304,21.18962010041709,19.924858845171276,20.8806130178211,20.8806130178211,19.6468827043885,19.4164878389476,19.4164878389476,18.24828759089466,19.1049731745428,19.026297590440446,0.0,0.0,0.0,0.0,0.0,0.0,0.0,0.0,0.0,0.0,0.0,17.46424919657298,18.24828759089466,18.027756377319946,18.027756377319946,19.026297590440446,19.0,20.024984394500787,21.0,20.024984394500787,20.09975124224178,21.213203435596427,21.213203435596427,21.213203435596427,21.213203435596427,21.37755832643195,21.213203435596427,21.213203435596427,22.20360331117452,21.02379604162864,21.02379604162864,22.02271554554524,22.0,23.0,22.02271554554524,22.02271554554524,22.090722034374522
149.03690818049066,6.0,23.53720459187964,23.345235059857504,23.345235059857504,23.194827009486403,23.08679276123039,22.090722034374522,22.02271554554524,22.02271554554524,22.0,23.0,22.0,22.0,22.02271554554524,23.021728866442675,22.02271554554524,23.0,22.02271554554524,22.02271554554524,22.02271554554524,21.095023109728988,20.09975124224178,20.223748416156685,20.396078054371138,20.615528128088304,19.924858845171276,0.0,0.0,0.0,0.0,0.0,0.0,0.0,0.0,0.0,0.0,0.0,15.297058540778355,15.524174696260024,15.811388300841896,15.811388300841896,15.811388300841896,16.15549442140351,17.46424919657298,18.384776310850235,18.384776310850235,19.235384061671343,19.235384061671343,19.72308292331602,19.72308292331602,19.72308292331602,19.72308292331602,20.591260281974,20.591260281974,21.02379604162864,21.02379604162864,20.615528128088304,21.540659228538015,22.47220505424423,22.47220505424423,22.135943621178654,23.08679276123039,22.80350850198276
149.03690818049066,6.0,25.019992006393608,25.0,24.0,25.019992006393608,24.08318915758459,23.08679276123039,23.08679276123039,23.194827009486403,23.194827009486403,24.331050121192877,23.53720459187964,22.561028345356956,22.561028345356956,22.360679774997898,22.360679774997898,22.360679774997898,22.20360331117452,22.20360331117452,21.095023109728988,21.095023109728988,20.024984394500787,20.024984394500787,19.0,20.0,19.1049731745428,0.0,0.0,0.0,0.0,0.0,0.0,0.0,0.0,0.0,0.0,0.0,21.095023109728988,21.02379604162864,21.02379604162864,22.090722034374522,22.090722034374522,22.20360331117452,23.345235059857504,24.331050121192877,23.53720459187964,23.769728648009426,23.769728648009426,24.041630560342615,24.041630560342615,23.769728648009426,24.041630560342615,24.041630560342615,24.73863375370596,24.73863375370596,24.73863375370596,23.769728648009426,24.515301344262525,25.495097567963924,24.186773244895647,25.179356624028344,25.179356624028344,25.079872407968907
65.0,3.0,9.219544457292887,9.219544457292887,4.123105625617661,3.605551275463989,5.385164807134504,2.8284271247461903,5.656854249492381,11.40175425099138,10.44030650891055,14.422205101855956,11.40175425099138,13.416407864998739,5.830951894845301,11.180339887498949,12.727922061357855,7.0710678118654755,9.848857801796104,7.810249675906654,8.0,1.4142135623730951,2.23606797749979,1.0,2.0,2.23606797749979,2.8284271247461903,0.0,0.0,0.0,0.0,0.0,0.0,0.0,0.0,0.0,0.0,0.0,2.0,4.47213595499958,5.0,6.708203932499369,11.045361017187261,10.0,7.0710678118654755,12.0,9.0,15.297058540778355,8.54400374531753,11.045361017187261,6.082762530298219,8.06225774829855,3.0,2.8284271247461903,3.605551275463989,2.0,6.0,6.4031242374328485,12.36931687685298,9.0,14.317821063276353,14.142135623730951,13.92838827718412,19.313207915827967
65.0,3.0,6.324555320336759,6.324555320336759,6.0,5.385164807134504,5.385164807134504,6.4031242374328485,5.656854249492381,8.06225774829855,5.385164807134504,13.038404810405298,10.04987562112089,13.038404810405298,12.083045973594572,11.661903789690601,8.06225774829855,13.416407864998739,8.246211251235321,5.0,4.47213595499958,4.47213595499958,2.23606797749979,5.0,2.0,2.23606797749979,2.23606797749979,0.0,0.0,0.0,0.0,0.0,0.0,0.0,0.0,0.0,0.0,0.0,2.0,5.0990195135927845,5.830951894845301,5.830951894845301,8.54400374531753,7.810249675906654,10.770329614269007,8.94427190999916,7.0710678118654755,6.082762530298219,11.704699910719626,13.92838827718412,7.0,6.4031242374328485,2.8284271247461903,2.23606797749979,3.0,6.4031242374328485,7.211102550927978,9.0,13.416407864998739,10.770329614269007,9.219544457292887,9.899494936611665,14.212670403551895,16.401219466856727
149.03690818049066,6.0,20.248456731316587,19.313207915827967,20.615528128088304,18.788294228055936,19.235384061671343,19.235384061671343,18.35755975068582,18.35755975068582,19.72308292331602,19.4164878389476,19.4164878389476,18.601075237738275,18.027756377319946,19.4164878389476,18.027756377319946,19.4164878389476,17.4928556845359,18.35755975068582,18.35755975068582,17.88854381999832,17.88854381999832,17.46424919657298,17.08800749063506,17.08800749063506,16.492422502470642,0.0,0.0,0.0,0.0,0.0,0.0,0.0,0.0,0.0,0.0,0.0,15.231546211727817,14.560219778561036,15.524174696260024,14.317821063276353,16.278820596099706,15.132745950421556,17.11724276862369,17.11724276862369,17.11724276862369,18.027756377319946,18.0,18.0,18.0,18.027756377319946,18.0,19.026297590440446,18.027756377319946,19.1049731745428,18.110770276274835,19.235384061671343,19.235384061671343,19.4164878389476,19.4164878389476,19.6468827043885,19.6468827043885,19.6468827043885
146.72763884149435,8.0,7.0710678118654755,7.615773105863909,6.4031242374328485,8.54400374531753,8.94427190999916,3.1622776601683795,6.708203932499369,3.1622776601683795,4.123105625617661,7.211102550927978,6.082762530298219,2.23606797749979,6.324555320336759,6.324555320336759,7.810249675906654,4.0,8.06225774829855,8.94427190999916,9.848857801796104,5.830951894845301,10.0,5.0990195135927845,4.0,6.082762530298219,7.0710678118654755,0.0,0.0,0.0,0.0,0.0,0.0,0.0,0.0,0.0,0.0,0.0,3.605551275463989,4.0,6.4031242374328485,8.54400374531753,6.4031242374328485,6.4031242374328485,4.47213595499958,10.295630140987,5.0990195135927845,8.246211251235321,5.385164807134504,3.1622776601683795,9.055385138137417,6.4031242374328485,8.246211251235321,4.242640687119285,6.324555320336759,11.045361017187261,8.94427190999916,10.44030650891055,10.0,3.0,6.082762530298219,13.038404810405298,11.180339887498949,9.055385138137417
149.03690818049066,6.0,23.53720459187964,22.561028345356956,22.80350850198276,22.135943621178654,22.135943621178654,20.8806130178211,20.248456731316587,20.615528128088304,19.697715603592208,21.02379604162864,20.12461179749811,20.12461179749811,20.12461179749811,20.12461179749811,19.235384061671343,19.697715603592208,18.788294228055936,19.697715603592208,19.313207915827967,18.027756377319946,18.027756377319946,17.72004514666935,17.46424919657298,17.46424919657298,17.26267650163207,0.0,0.0,0.0,0.0,0.0,0.0,0.0,0.0,0.0,0.0,0.0,18.027756377319946,18.681541692269406,18.439088914585774,19.235384061671343,19.235384061671343,20.09975124224178,20.09975124224178,21.095023109728988,21.095023109728988,22.0,22.0,22.02271554554524,22.02271554554524,22.0,23.021728866442675,23.021728866442675,22.0,22.0,22.0,22.02271554554524,23.021728866442675,23.08679276123039,23.194827009486403,23.194827009486403,23.194827009486403,22.20360331117452
120.07081243999309,6.0,24.758836806279895,25.45584412271571,24.758836806279895,23.430749027719962,24.20743687382041,22.80350850198276,23.021728866442675,23.021728866442675,22.20360331117452,22.47220505424423,23.323807579381203,21.95449840010015,21.95449840010015,21.95449840010015,21.95449840010015,21.633307652783937,21.633307652783937,20.808652046684813,20.808652046684813,20.0,19.209372712298546,19.849433241279208,19.1049731745428,18.384776310850235,18.439088914585774,0.0,0.0,0.0,0.0,0.0,0.0,0.0,0.0,0.0,0.0,0.0,20.808652046684813,21.2602916254693,21.213203435596427,21.93171219946131,21.2602916254693,22.02271554554524,23.600847442411894,24.20743687382041,24.413111231467404,23.853720883753127,24.186773244895647,24.186773244895647,24.186773244895647,24.186773244895647,25.059928172283335,25.059928172283335,24.186773244895647,24.186773244895647,24.698178070456937,24.698178070456937,25.238858928247925,25.0,25.0,25.612496949731394,25.612496949731394,24.839484696748443
120.07081243999309,6.0,25.238858928247925,24.698178070456937,24.698178070456937,24.186773244895647,23.706539182259394,22.360679774997898,23.259406699226016,22.847319317591726,22.847319317591726,22.47220505424423,22.47220505424423,22.135943621178654,21.540659228538015,21.18962010041709,21.540659228538015,21.93171219946131,21.02379604162864,21.02379604162864,21.02379604162864,20.12461179749811,19.235384061671343,18.867962264113206,18.027756377319946,18.601075237738275,17.804493814764857,0.0,0.0,0.0,0.0,0.0,0.0,0.0,0.0,0.0,0.0,0.0,20.12461179749811,19.72308292331602,20.248456731316587,20.0,20.615528128088304,20.615528128088304,21.93171219946131,22.67156809750927,23.345235059857504,23.345235059857504,22.67156809750927,23.430749027719962,23.430749027719962,24.08318915758459,23.430749027719962,23.430749027719962,24.08318915758459,24.08318915758459,23.345235059857504,24.041630560342615,24.758836806279895,25.495097567963924,24.839484696748443,24.20743687382041,25.612496949731394,24.20743687382041
120.07081243999309,6.0,25.238858928247925,25.0,24.413111231467404,24.20743687382041,24.08318915758459,23.345235059857504,23.345235059857504,22.627416997969522,22.627416997969522,23.345235059857504,23.345235059857504,22.67156809750927,22.67156809750927,22.67156809750927,21.93171219946131,21.93171219946131,21.213203435596427,21.93171219946131,21.93171219946131,21.2602916254693,20.518284528683193,20.615528128088304,20.0,19.4164878389476,18.867962264113206,0.0,0.0,0.0,0.0,0.0,0.0,0.0,0.0,0.0,0.0,0.0,20.615528128088304,20.248456731316587,21.095023109728988,20.591260281974,21.470910553583888,21.02379604162864,21.93171219946131,23.259406699226016,22.847319317591726,23.40939982143925,23.08679276123039,24.041630560342615,24.041630560342615,24.041630560342615,24.041630560342615,24.041630560342615,23.40939982143925,24.351591323771842,23.769728648009426,23.769728648009426,24.596747752497688,24.596747752497688,24.596747752497688,24.186773244895647,25.059928172283335,24.186773244895647
120.07081243999309,6.0,15.132745950421556,15.132745950421556,15.132745950421556,15.297058540778355,15.524174696260024,14.560219778561036,14.560219778561036,14.866068747318506,14.866068747318506,15.811388300841896,15.231546211727817,15.231546211727817,15.231546211727817,14.866068747318506,14.866068747318506,14.866068747318506,14.866068747318506,15.811388300841896,14.560219778561036,14.560219778561036,13.601470508735444,14.317821063276353,13.152946437965905,14.142135623730951,13.038404810405298,0.0,0.0,0.0,0.0,0.0,0.0,0.0,0.0,0.0,0.0,0.0,13.152946437965905,13.038404810405298,13.038404810405298,13.0,13.0,13.0,14.035668847618199,14.035668847618199,14.035668847618199,14.142135623730951,14.317821063276353,14.317821063276353,14.317821063276353,14.317821063276353,14.317821063276353,14.317821063276353,14.142135623730951,15.132745950421556,15.132745950421556,14.035668847618199,15.033296378372908,15.033296378372908,15.0,15.0,15.0,15.033296378372908
120.07081243999309,6.0,22.561028345356956,22.360679774997898,23.345235059857504,22.20360331117452,22.090722034374522,21.095023109728988,21.02379604162864,22.02271554554524,22.0,22.0,21.02379604162864,21.02379604162864,21.02379604162864,21.02379604162864,21.02379604162864,21.0,20.0,21.02379604162864,21.02379604162864,20.09975124224178,19.1049731745428,19.235384061671343,18.24828759089466,19.4164878389476,18.681541692269406,0.0,0.0,0.0,0.0,0.0,0.0,0.0,0.0,0.0,0.0,0.0,17.11724276862369,17.46424919657298,17.72004514666935,17.72004514666935,18.973665961010276,18.027756377319946,19.313207915827967,20.615528128088304,20.615528128088304,20.12461179749811,21.470910553583888,21.470910553583888,20.591260281974,21.470910553583888,21.095023109728988,21.95449840010015,22.360679774997898,22.360679774997898,21.02379604162864,21.93171219946131,22.847319317591726,22.47220505424423,23.40939982143925,23.08679276123039,23.08679276123039,22.80350850198276
120.07081243999309,6.0,22.67156809750927,22.67156809750927,22.627416997969522,21.93171219946131,22.67156809750927,21.2602916254693,20.615528128088304,21.400934559032695,21.400934559032695,20.808652046684813,21.633307652783937,20.808652046684813,20.248456731316587,20.808652046684813,20.248456731316587,21.633307652783937,20.0,20.0,20.0,19.209372712298546,19.209372712298546,19.1049731745428,18.384776310850235,18.439088914585774,17.804493814764857,0.0,0.0,0.0,0.0,0.0,0.0,0.0,0.0,0.0,0.0,0.0,17.69180601295413,17.029386365926403,17.204650534085253,18.027756377319946,18.027756377319946,17.4928556845359,19.235384061671343,19.72308292331602,20.591260281974,19.697715603592208,20.615528128088304,20.248456731316587,20.615528128088304,20.615528128088304,21.540659228538015,21.540659228538015,21.02379604162864,21.02379604162864,21.470910553583888,20.591260281974,21.95449840010015,22.47220505424423,22.47220505424423,22.20360331117452,22.20360331117452,22.20360331117452
146.0,6.0,20.223748416156685,20.396078054371138,19.4164878389476,19.6468827043885,19.924858845171276,18.681541692269406,18.973665961010276,18.027756377319946,18.027756377319946,19.313207915827967,18.384776310850235,18.384776310850235,18.384776310850235,18.384776310850235,18.384776310850235,18.384776310850235,18.027756377319946,18.973665961010276,18.027756377319946,17.72004514666935,16.492422502470642,17.46424919657298,16.278820596099706,17.26267650163207,17.029386365926403,0.0,0.0,0.0,0.0,0.0,0.0,0.0,0.0,0.0,0.0,0.0,15.524174696260024,15.297058540778355,16.1245154965971,16.1245154965971,16.0312195418814,16.0312195418814,18.0,18.0,18.0,18.027756377319946,18.110770276274835,18.110770276274835,19.1049731745428,19.1049731745428,19.1049731745428,19.1049731745428,19.026297590440446,19.026297590440446,19.026297590440446,19.0,20.0,20.0,19.026297590440446,20.09975124224178,20.09975124224178,19.1049731745428
146.0,6.0,23.021728866442675,23.021728866442675,22.47220505424423,22.825424421026653,23.259406699226016,21.93171219946131,21.93171219946131,21.540659228538015,21.540659228538015,21.540659228538015,22.47220505424423,21.18962010041709,21.18962010041709,21.18962010041709,21.18962010041709,21.540659228538015,20.615528128088304,20.615528128088304,20.615528128088304,19.697715603592208,19.697715603592208,19.235384061671343,18.867962264113206,19.4164878389476,18.601075237738275,0.0,0.0,0.0,0.0,0.0,0.0,0.0,0.0,0.0,0.0,0.0,18.35755975068582,18.027756377319946,18.601075237738275,18.439088914585774,19.1049731745428,19.1049731745428,19.79898987322333,21.213203435596427,21.213203435596427,21.2602916254693,21.400934559032695,22.20360331117452,21.400934559032695,21.400934559032695,22.80350850198276,22.20360331117452,22.02271554554524,22.02271554554524,21.93171219946131,21.93171219946131,23.345235059857504,23.345235059857504,23.345235059857504,22.67156809750927,23.430749027719962,22.80350850198276
122.05326705991938,7.0,21.213203435596427,21.213203435596427,21.213203435596427,21.37755832643195,20.615528128088304,20.396078054371138,19.6468827043885,19.6468827043885,19.924858845171276,19.924858845171276,20.248456731316587,19.313207915827967,19.313207915827967,18.973665961010276,18.973665961010276,18.973665961010276,18.681541692269406,19.6468827043885,18.439088914585774,18.439088914585774,17.46424919657298,17.26267650163207,17.26267650163207,17.11724276862369,17.029386365926403,0.0,0.0,0.0,0.0,0.0,0.0,0.0,0.0,0.0,0.0,0.0,18.439088914585774,18.24828759089466,18.110770276274835,19.026297590440446,19.026297590440446,19.0,20.024984394500787,21.02379604162864,20.09975124224178,20.09975124224178,20.223748416156685,20.223748416156685,20.223748416156685,21.213203435596427,20.396078054371138,21.37755832643195,21.213203435596427,21.213203435596427,21.095023109728988,20.09975124224178,21.02379604162864,21.02379604162864,21.0,21.0,21.02379604162864,22.02271554554524
122.05326705991938,7.0,23.345235059857504,22.20360331117452,23.194827009486403,22.090722034374522,23.021728866442675,22.02271554554524,22.0,21.0,22.02271554554524,22.02271554554524,21.095023109728988,21.095023109728988,21.095023109728988,21.095023109728988,21.02379604162864,21.02379604162864,20.0,21.0,20.0,20.0,19.026297590440446,19.026297590440446,18.110770276274835,19.235384061671343,18.439088914585774,0.0,0.0,0.0,0.0,0.0,0.0,0.0,0.0,0.0,0.0,0.0,20.09975124224178,19.235384061671343,19.6468827043885,19.6468827043885,19.924858845171276,20.248456731316587,21.540659228538015,22.47220505424423,22.47220505424423,22.360679774997898,22.360679774997898,22.360679774997898,22.360679774997898,22.360679774997898,21.95449840010015,22.825424421026653,22.360679774997898,23.259406699226016,21.93171219946131,22.47220505424423,23.40939982143925,23.08679276123039,23.08679276123039,22.80350850198276,22.80350850198276,23.769728648009426
149.03690818049066,6.0,23.600847442411894,23.600847442411894,23.600847442411894,24.20743687382041,23.430749027719962,22.67156809750927,23.345235059857504,22.627416997969522,23.345235059857504,23.345235059857504,23.345235059857504,22.67156809750927,22.67156809750927,21.93171219946131,22.627416997969522,21.93171219946131,21.93171219946131,21.93171219946131,21.93171219946131,21.2602916254693,20.615528128088304,20.0,19.4164878389476,20.248456731316587,19.235384061671343,0.0,0.0,0.0,0.0,0.0,0.0,0.0,0.0,0.0,0.0,0.0,18.439088914585774,18.601075237738275,18.027756377319946,18.867962264113206,19.72308292331602,19.235384061671343,20.12461179749811,21.470910553583888,21.02379604162864,20.615528128088304,21.18962010041709,21.18962010041709,22.135943621178654,22.135943621178654,22.135943621178654,22.135943621178654,22.47220505424423,21.540659228538015,21.540659228538015,21.93171219946131,23.259406699226016,23.259406699226016,22.825424421026653,22.825424421026653,23.323807579381203,24.698178070456937
149.03690818049066,6.0,22.825424421026653,22.825424421026653,22.47220505424423,22.47220505424423,22.20360331117452,20.808652046684813,21.400934559032695,21.400934559032695,21.2602916254693,21.2602916254693,22.02271554554524,21.2602916254693,21.2602916254693,21.2602916254693,22.02271554554524,21.400934559032695,21.400934559032695,21.400934559032695,20.808652046684813,20.808652046684813,20.248456731316587,19.72308292331602,19.235384061671343,19.697715603592208,19.313207915827967,0.0,0.0,0.0,0.0,0.0,0.0,0.0,0.0,0.0,0.0,0.0,18.027756377319946,18.35755975068582,18.788294228055936,18.788294228055936,19.697715603592208,19.313207915827967,20.248456731316587,21.18962010041709,21.18962010041709,20.615528128088304,20.615528128088304,21.587033144922902,21.587033144922902,21.587033144922902,21.37755832643195,21.37755832643195,21.587033144922902,21.587033144922902,21.840329667841555,22.135943621178654,22.135943621178654,22.47220505424423,22.47220505424423,22.847319317591726,22.847319317591726,22.360679774997898
132.03408650799233,7.0,25.495097567963924,25.709920264364882,25.709920264364882,25.0,25.298221281347036,24.351591323771842,24.351591323771842,24.698178070456937,24.698178070456937,25.079872407968907,24.166091947189145,23.706539182259394,24.596747752497688,24.166091947189145,23.259406699226016,24.166091947189145,22.47220505424423,23.769728648009426,23.40939982143925,22.135943621178654,22.135943621178654,20.8806130178211,20.615528128088304,21.37755832643195,21.213203435596427,0.0,0.0,0.0,0.0,0.0,0.0,0.0,0.0,0.0,0.0,0.0,21.587033144922902,21.37755832643195,21.095023109728988,22.090722034374522,22.02271554554524,22.0,23.0,24.0,24.020824298928627,24.08318915758459,24.186773244895647,24.186773244895647,24.186773244895647,24.186773244895647,25.179356624028344,25.179356624028344,25.079872407968907,25.079872407968907,25.019992006393608,24.020824298928627,26.0,26.0,26.019223662515376,25.079872407968907,26.076809620810597,26.1725046566048
132.03408650799233,7.0,25.179356624028344,25.079872407968907,25.019992006393608,25.0,25.019992006393608,23.021728866442675,24.020824298928627,23.08679276123039,23.194827009486403,23.194827009486403,23.194827009486403,23.345235059857504,23.345235059857504,23.345235059857504,23.345235059857504,23.194827009486403,22.090722034374522,23.08679276123039,22.090722034374522,21.02379604162864,21.02379604162864,21.02379604162864,20.09975124224178,20.09975124224178,19.4164878389476,0.0,0.0,0.0,0.0,0.0,0.0,0.0,0.0,0.0,0.0,0.0,20.0,21.02379604162864,21.095023109728988,21.213203435596427,21.213203435596427,21.587033144922902,22.561028345356956,23.769728648009426,23.769728648009426,23.40939982143925,23.769728648009426,23.769728648009426,23.769728648009426,24.698178070456937,23.769728648009426,23.769728648009426,24.351591323771842,24.351591323771842,24.351591323771842,24.041630560342615,24.73863375370596,25.709920264364882,24.73863375370596,25.495097567963924,25.495097567963924,25.317977802344327
169.33103672983285,7.0,14.142135623730951,14.317821063276353,13.341664064126334,13.601470508735444,13.601470508735444,12.649110640673518,13.0,13.0,13.0,13.0,13.416407864998739,12.529964086141668,13.0,12.083045973594572,12.083045973594572,13.0,12.083045973594572,12.649110640673518,11.704699910719626,11.704699910719626,11.40175425099138,11.40175425099138,11.40175425099138,11.180339887498949,11.045361017187261,0.0,0.0,0.0,0.0,0.0,0.0,0.0,0.0,0.0,0.0,0.0,12.36931687685298,12.165525060596439,12.165525060596439,12.041594578792296,12.041594578792296,12.041594578792296,13.0,14.0,14.0,14.035668847618199,14.035668847618199,14.142135623730951,13.152946437965905,14.142135623730951,14.142135623730951,14.142135623730951,14.035668847618199,14.035668847618199,13.038404810405298,14.035668847618199,14.0,14.0,14.0,14.035668847618199,14.035668847618199,14.035668847618199
169.33103672983285,7.0,24.08318915758459,24.041630560342615,24.041630560342615,23.345235059857504,23.430749027719962,22.02271554554524,22.20360331117452,23.021728866442675,23.600847442411894,23.021728866442675,22.47220505424423,22.47220505424423,21.95449840010015,22.47220505424423,21.95449840010015,22.47220505424423,20.808652046684813,21.633307652783937,20.808652046684813,20.808652046684813,20.0,20.615528128088304,19.1049731745428,20.518284528683193,19.1049731745428,0.0,0.0,0.0,0.0,0.0,0.0,0.0,0.0,0.0,0.0,0.0,21.213203435596427,21.2602916254693,21.400934559032695,22.20360331117452,22.47220505424423,21.95449840010015,23.323807579381203,24.186773244895647,23.706539182259394,24.166091947189145,24.166091947189145,23.769728648009426,23.769728648009426,23.769728648009426,23.769728648009426,25.079872407968907,23.259406699226016,24.596747752497688,23.706539182259394,23.706539182259394,24.698178070456937,24.698178070456937,25.238858928247925,24.413111231467404,24.413111231467404,23.600847442411894
120.07081243999309,6.0,20.615528128088304,20.248456731316587,20.248456731316587,19.924858845171276,19.6468827043885,19.6468827043885,18.681541692269406,19.4164878389476,19.4164878389476,19.235384061671343,19.235384061671343,19.1049731745428,19.235384061671343,19.1049731745428,19.1049731745428,19.235384061671343,18.24828759089466,19.4164878389476,18.439088914585774,18.439088914585774,17.72004514666935,17.72004514666935,17.08800749063506,17.08800749063506,17.46424919657298,0.0,0.0,0.0,0.0,0.0,0.0,0.0,0.0,0.0,0.0,0.0,17.46424919657298,16.55294535724685,17.4928556845359,17.4928556845359,17.4928556845359,17.204650534085253,18.601075237738275,19.209372712298546,19.209372712298546,18.439088914585774,19.1049731745428,19.1049731745428,19.1049731745428,19.1049731745428,19.1049731745428,19.1049731745428,19.209372712298546,19.209372712298546,19.209372712298546,18.601075237738275,19.4164878389476,20.248456731316587,19.72308292331602,19.72308292331602,19.72308292331602,19.235384061671343
120.07081243999309,6.0,24.758836806279895,24.839484696748443,24.20743687382041,24.20743687382041,23.853720883753127,22.47220505424423,22.47220505424423,22.825424421026653,21.95449840010015,22.360679774997898,22.360679774997898,21.93171219946131,22.847319317591726,21.93171219946131,22.360679774997898,22.360679774997898,21.470910553583888,22.360679774997898,21.470910553583888,20.591260281974,19.72308292331602,20.248456731316587,20.0,20.615528128088304,19.849433241279208,0.0,0.0,0.0,0.0,0.0,0.0,0.0,0.0,0.0,0.0,0.0,22.02271554554524,22.627416997969522,22.67156809750927,23.430749027719962,22.80350850198276,23.021728866442675,23.853720883753127,24.413111231467404,24.698178070456937,24.186773244895647,24.596747752497688,24.596747752497688,24.596747752497688,24.596747752497688,24.596747752497688,25.059928172283335,24.186773244895647,24.186773244895647,23.323807579381203,23.853720883753127,24.413111231467404,25.0,24.20743687382041,24.08318915758459,24.839484696748443,24.08318915758459
120.07081243999309,6.0,20.223748416156685,20.09975124224178,20.024984394500787,20.024984394500787,20.024984394500787,19.0,19.026297590440446,19.1049731745428,19.1049731745428,19.1049731745428,20.223748416156685,19.235384061671343,19.235384061671343,19.235384061671343,19.235384061671343,19.235384061671343,19.1049731745428,19.1049731745428,19.1049731745428,18.027756377319946,18.027756377319946,18.0,17.029386365926403,18.110770276274835,17.26267650163207,0.0,0.0,0.0,0.0,0.0,0.0,0.0,0.0,0.0,0.0,0.0,17.11724276862369,17.26267650163207,17.46424919657298,17.72004514666935,17.72004514666935,17.08800749063506,18.027756377319946,19.313207915827967,18.384776310850235,18.788294228055936,18.788294228055936,19.235384061671343,19.235384061671343,18.788294228055936,19.235384061671343,18.788294228055936,19.697715603592208,19.313207915827967,19.313207915827967,19.313207915827967,19.924858845171276,19.924858845171276,19.6468827043885,19.4164878389476,19.4164878389476,19.235384061671343
120.07081243999309,6.0,16.0312195418814,15.0,16.0,15.0,15.0,14.035668847618199,15.033296378372908,15.132745950421556,14.142135623730951,15.132745950421556,15.033296378372908,14.142135623730951,15.132745950421556,15.297058540778355,15.132745950421556,15.132745950421556,15.033296378372908,15.033296378372908,15.033296378372908,14.0,14.0,14.035668847618199,13.152946437965905,14.142135623730951,13.341664064126334,0.0,0.0,0.0,0.0,0.0,0.0,0.0,0.0,0.0,0.0,0.0,12.0,12.041594578792296,12.165525060596439,12.165525060596439,12.36931687685298,12.36931687685298,13.341664064126334,14.560219778561036,14.560219778561036,13.92838827718412,14.317821063276353,14.317821063276353,14.317821063276353,14.317821063276353,14.317821063276353,14.317821063276353,13.92838827718412,14.866068747318506,13.92838827718412,14.560219778561036,15.524174696260024,14.317821063276353,15.524174696260024,15.297058540778355,15.297058540778355,15.132745950421556
146.0,6.0,16.278820596099706,16.278820596099706,16.492422502470642,16.492422502470642,15.811388300841896,15.524174696260024,15.811388300841896,15.811388300841896,15.811388300841896,16.15549442140351,16.15549442140351,16.15549442140351,15.231546211727817,15.652475842498529,16.15549442140351,16.15549442140351,15.811388300841896,16.15549442140351,15.811388300841896,14.866068747318506,14.560219778561036,14.317821063276353,14.142135623730951,15.132745950421556,14.035668847618199,0.0,0.0,0.0,0.0,0.0,0.0,0.0,0.0,0.0,0.0,0.0,13.152946437965905,13.152946437965905,13.0,14.0,14.0,14.035668847618199,14.035668847618199,15.033296378372908,15.033296378372908,15.132745950421556,15.132745950421556,15.297058540778355,15.297058540778355,15.297058540778355,15.297058540778355,15.132745950421556,15.033296378372908,16.1245154965971,15.033296378372908,15.033296378372908,16.0,16.0,16.0,16.0312195418814,16.0312195418814,16.0312195418814
146.0,6.0,25.612496949731394,25.80697580112788,25.0,26.076809620810597,25.553864678361276,25.553864678361276,25.059928172283335,25.059928172283335,23.706539182259394,25.495097567963924,25.079872407968907,24.166091947189145,25.079872407968907,25.079872407968907,25.495097567963924,24.596747752497688,23.706539182259394,24.186773244895647,24.186773244895647,23.323807579381203,23.323807579381203,23.021728866442675,22.20360331117452,22.80350850198276,22.67156809750927,0.0,0.0,0.0,0.0,0.0,0.0,0.0,0.0,0.0,0.0,0.0,21.400934559032695,21.2602916254693,21.213203435596427,21.93171219946131,21.93171219946131,22.02271554554524,22.02271554554524,24.20743687382041,23.600847442411894,23.021728866442675,23.853720883753127,23.853720883753127,23.853720883753127,23.853720883753127,23.853720883753127,24.698178070456937,24.413111231467404,24.413111231467404,24.20743687382041,23.430749027719962,24.839484696748443,24.758836806279895,24.758836806279895,25.45584412271571,25.45584412271571,24.758836806279895
122.05326705991938,7.0,24.515301344262525,24.73863375370596,24.73863375370596,24.041630560342615,24.351591323771842,23.40939982143925,23.40939982143925,23.769728648009426,23.769728648009426,24.166091947189145,24.596747752497688,22.360679774997898,22.360679774997898,23.259406699226016,23.259406699226016,23.259406699226016,21.93171219946131,22.847319317591726,22.47220505424423,21.540659228538015,21.18962010041709,20.8806130178211,20.615528128088304,20.615528128088304,20.396078054371138,0.0,0.0,0.0,0.0,0.0,0.0,0.0,0.0,0.0,0.0,0.0,20.615528128088304,20.223748416156685,21.095023109728988,21.095023109728988,21.095023109728988,21.0,22.0,23.0,23.0,23.08679276123039,23.08679276123039,23.194827009486403,23.194827009486403,23.194827009486403,24.186773244895647,24.186773244895647,23.08679276123039,24.08318915758459,23.021728866442675,23.0,24.020824298928627,25.019992006393608,25.079872407968907,24.08318915758459,25.179356624028344,25.179356624028344
122.05326705991938,7.0,24.166091947189145,24.596747752497688,23.706539182259394,24.186773244895647,23.853720883753127,22.47220505424423,23.021728866442675,23.021728866442675,22.20360331117452,23.600847442411894,22.80350850198276,22.80350850198276,22.02271554554524,22.02271554554524,22.80350850198276,22.80350850198276,21.633307652783937,22.20360331117452,22.20360331117452,21.095023109728988,20.248456731316587,20.591260281974,19.235384061671343,19.697715603592208,19.313207915827967,0.0,0.0,0.0,0.0,0.0,0.0,0.0,0.0,0.0,0.0,0.0,19.697715603592208,19.313207915827967,19.924858845171276,19.6468827043885,19.6468827043885,20.396078054371138,21.37755832643195,22.561028345356956,22.360679774997898,22.20360331117452,22.02271554554524,22.02271554554524,23.08679276123039,22.090722034374522,23.08679276123039,23.08679276123039,23.194827009486403,23.194827009486403,22.360679774997898,22.360679774997898,23.769728648009426,23.769728648009426,23.769728648009426,24.041630560342615,24.041630560342615,23.40939982143925
149.03690818049066,6.0,25.019992006393608,25.079872407968907,25.079872407968907,24.186773244895647,24.331050121192877,23.345235059857504,23.53720459187964,23.53720459187964,24.73863375370596,25.0,24.041630560342615,24.351591323771842,23.08679276123039,24.041630560342615,24.041630560342615,24.041630560342615,22.561028345356956,23.53720459187964,23.53720459187964,22.360679774997898,22.360679774997898,21.213203435596427,21.213203435596427,21.095023109728988,21.0,0.0,0.0,0.0,0.0,0.0,0.0,0.0,0.0,0.0,0.0,0.0,20.024984394500787,20.024984394500787,20.09975124224178,20.09975124224178,20.223748416156685,20.396078054371138,21.587033144922902,22.561028345356956,22.561028345356956,21.840329667841555,21.840329667841555,23.08679276123039,22.135943621178654,23.08679276123039,23.08679276123039,24.041630560342615,22.80350850198276,23.53720459187964,23.53720459187964,23.53720459187964,24.331050121192877,24.186773244895647,24.186773244895647,24.08318915758459,24.020824298928627,25.019992006393608
149.03690818049066,6.0,23.53720459187964,23.345235059857504,24.331050121192877,24.186773244895647,24.08318915758459,23.021728866442675,23.021728866442675,23.0,23.0,24.020824298928627,24.020824298928627,23.021728866442675,23.021728866442675,24.08318915758459,23.021728866442675,24.0,22.0,23.0,23.021728866442675,22.02271554554524,22.090722034374522,22.20360331117452,21.37755832643195,21.37755832643195,20.615528128088304,0.0,0.0,0.0,0.0,0.0,0.0,0.0,0.0,0.0,0.0,0.0,17.72004514666935,18.027756377319946,18.384776310850235,18.788294228055936,18.788294228055936,18.35755975068582,19.235384061671343,20.591260281974,20.591260281974,20.248456731316587,19.4164878389476,20.808652046684813,20.808652046684813,21.633307652783937,21.633307652783937,21.633307652783937,21.095023109728988,21.95449840010015,21.470910553583888,21.02379604162864,21.93171219946131,22.847319317591726,22.47220505424423,23.08679276123039,23.08679276123039,21.840329667841555
132.03408650799233,7.0,19.4164878389476,19.6468827043885,18.681541692269406,18.973665961010276,19.313207915827967,18.384776310850235,18.788294228055936,18.788294228055936,17.88854381999832,18.788294228055936,18.35755975068582,18.35755975068582,18.35755975068582,18.35755975068582,17.88854381999832,17.88854381999832,17.46424919657298,17.46424919657298,17.46424919657298,17.08800749063506,17.08800749063506,16.76305461424021,15.811388300841896,16.492422502470642,16.278820596099706,0.0,0.0,0.0,0.0,0.0,0.0,0.0,0.0,0.0,0.0,0.0,15.811388300841896,15.524174696260024,15.297058540778355,16.278820596099706,16.1245154965971,16.1245154965971,17.029386365926403,18.027756377319946,18.027756377319946,18.0,18.027756377319946,18.027756377319946,18.027756377319946,18.027756377319946,18.110770276274835,18.027756377319946,19.026297590440446,18.0,18.0,18.0,19.026297590440446,19.1049731745428,19.1049731745428,19.235384061671343,19.235384061671343,19.235384061671343
132.03408650799233,7.0,21.02379604162864,20.615528128088304,20.248456731316587,20.248456731316587,19.924858845171276,19.6468827043885,19.924858845171276,19.4164878389476,18.439088914585774,19.4164878389476,19.4164878389476,19.235384061671343,19.4164878389476,19.235384061671343,19.235384061671343,19.4164878389476,18.681541692269406,19.6468827043885,18.681541692269406,17.72004514666935,18.027756377319946,17.08800749063506,17.08800749063506,16.55294535724685,16.1245154965971,0.0,0.0,0.0,0.0,0.0,0.0,0.0,0.0,0.0,0.0,0.0,15.811388300841896,16.15549442140351,15.652475842498529,16.1245154965971,16.1245154965971,15.811388300841896,17.204650534085253,18.027756377319946,18.601075237738275,18.439088914585774,18.439088914585774,19.1049731745428,19.1049731745428,19.1049731745428,19.1049731745428,19.1049731745428,18.439088914585774,19.209372712298546,19.209372712298546,20.0,19.4164878389476,20.248456731316587,20.248456731316587,19.72308292331602,20.591260281974,20.591260281974
120.07081243999309,6.0,15.033296378372908,16.0,15.033296378372908,16.0312195418814,16.1245154965971,15.132745950421556,15.297058540778355,15.132745950421556,14.560219778561036,16.492422502470642,15.524174696260024,15.524174696260024,16.492422502470642,15.524174696260024,16.492422502470642,15.524174696260024,16.278820596099706,16.278820596099706,15.132745950421556,16.1245154965971,15.033296378372908,15.033296378372908,15.0,16.0312195418814,15.033296378372908,0.0,0.0,0.0,0.0,0.0,0.0,0.0,0.0,0.0,0.0,0.0,12.041594578792296,12.165525060596439,11.40175425099138,12.36931687685298,12.36931687685298,12.649110640673518,12.649110640673518,13.601470508735444,13.92838827718412,13.0,13.92838827718412,13.92838827718412,13.92838827718412,13.92838827718412,13.92838827718412,14.317821063276353,14.866068747318506,13.601470508735444,14.560219778561036,14.560219778561036,14.317821063276353,14.317821063276353,14.142135623730951,15.132745950421556,15.033296378372908,15.033296378372908
122.05326705991938,7.0,19.6468827043885,19.4164878389476,20.396078054371138,20.09975124224178,20.09975124224178,19.1049731745428,19.026297590440446,20.024984394500787,21.02379604162864,20.0,20.0,20.0,20.0,21.0,20.0,21.0,19.026297590440446,20.09975124224178,20.09975124224178,19.1049731745428,19.235384061671343,19.4164878389476,18.439088914585774,19.6468827043885,18.973665961010276,0.0,0.0,0.0,0.0,0.0,0.0,0.0,0.0,0.0,0.0,0.0,15.524174696260024,14.866068747318506,15.231546211727817,15.231546211727817,15.652475842498529,15.652475842498529,16.1245154965971,17.0,17.4928556845359,17.204650534085253,17.204650534085253,17.204650534085253,18.027756377319946,18.027756377319946,17.204650534085253,18.027756377319946,17.4928556845359,17.4928556845359,17.0,17.0,18.788294228055936,18.788294228055936,18.384776310850235,19.313207915827967,19.924858845171276,18.973665961010276
149.03690818049066,6.0,17.08800749063506,17.46424919657298,17.46424919657298,16.55294535724685,17.0,16.1245154965971,16.1245154965971,16.64331697709324,15.811388300841896,16.64331697709324,16.64331697709324,16.64331697709324,17.204650534085253,17.204650534085253,16.401219466856727,16.64331697709324,16.64331697709324,17.4928556845359,17.4928556845359,16.1245154965971,16.1245154965971,16.15549442140351,16.15549442140351,15.811388300841896,16.492422502470642,0.0,0.0,0.0,0.0,0.0,0.0,0.0,0.0,0.0,0.0,0.0,13.601470508735444,13.341664064126334,13.152946437965905,13.152946437965905,13.152946437965905,13.038404810405298,14.035668847618199,15.033296378372908,15.033296378372908,15.0,15.0,15.033296378372908,15.033296378372908,15.0,15.0,16.0,15.033296378372908,16.0312195418814,15.033296378372908,15.132745950421556,16.1245154965971,16.278820596099706,15.297058540778355,16.278820596099706,16.492422502470642,16.492422502470642
120.07081243999309,6.0,24.20743687382041,24.839484696748443,24.08318915758459,23.345235059857504,24.041630560342615,23.345235059857504,24.08318915758459,23.430749027719962,24.20743687382041,24.20743687382041,24.20743687382041,23.600847442411894,23.600847442411894,23.600847442411894,23.600847442411894,24.20743687382041,23.430749027719962,24.20743687382041,23.430749027719962,22.67156809750927,23.345235059857504,22.627416997969522,21.93171219946131,22.02271554554524,22.20360331117452,0.0,0.0,0.0,0.0,0.0,0.0,0.0,0.0,0.0,0.0,0.0,19.209372712298546,19.4164878389476,18.867962264113206,19.72308292331602,19.235384061671343,18.788294228055936,21.02379604162864,21.02379604162864,21.02379604162864,21.18962010041709,21.18962010041709,22.135943621178654,22.135943621178654,22.135943621178654,22.135943621178654,22.135943621178654,21.540659228538015,21.540659228538015,21.93171219946131,21.93171219946131,22.825424421026653,23.706539182259394,23.323807579381203,23.323807579381203,23.853720883753127,23.021728866442675
132.03408650799233,7.0,18.788294228055936,18.788294228055936,19.313207915827967,18.973665961010276,18.973665961010276,18.681541692269406,18.439088914585774,18.439088914585774,18.439088914585774,19.4164878389476,19.235384061671343,19.235384061671343,18.24828759089466,19.235384061671343,19.235384061671343,19.4164878389476,18.439088914585774,18.439088914585774,18.439088914585774,18.681541692269406,17.72004514666935,18.027756377319946,17.08800749063506,17.46424919657298,17.88854381999832,0.0,0.0,0.0,0.0,0.0,0.0,0.0,0.0,0.0,0.0,0.0,14.317821063276353,14.7648230602334,15.264337522473747,15.811388300841896,15.811388300841896,15.620499351813308,16.401219466856727,16.401219466856727,17.029386365926403,16.278820596099706,16.97056274847714,17.69180601295413,17.69180601295413,16.97056274847714,17.69180601295413,17.69180601295413,17.69180601295413,17.69180601295413,17.029386365926403,17.804493814764857,18.601075237738275,18.027756377319946,18.027756377319946,18.867962264113206,18.867962264113206,18.35755975068582
146.0,6.0,19.026297590440446,19.0,20.0,19.026297590440446,20.09975124224178,19.1049731745428,19.235384061671343,19.235384061671343,19.235384061671343,19.4164878389476,19.4164878389476,19.4164878389476,18.681541692269406,19.6468827043885,19.4164878389476,19.4164878389476,19.235384061671343,20.223748416156685,19.235384061671343,18.110770276274835,18.110770276274835,19.026297590440446,18.0,18.0,18.027756377319946,0.0,0.0,0.0,0.0,0.0,0.0,0.0,0.0,0.0,0.0,0.0,15.0,15.132745950421556,15.297058540778355,15.297058540778355,15.297058540778355,15.524174696260024,16.76305461424021,16.76305461424021,16.76305461424021,17.08800749063506,17.46424919657298,17.46424919657298,17.46424919657298,17.46424919657298,17.46424919657298,17.46424919657298,17.08800749063506,18.027756377319946,17.72004514666935,17.72004514666935,18.681541692269406,19.4164878389476,18.439088914585774,19.235384061671343,19.235384061671343,19.1049731745428
122.05326705991938,7.0,22.80350850198276,22.135943621178654,22.135943621178654,22.47220505424423,21.93171219946131,21.02379604162864,21.02379604162864,21.470910553583888,21.470910553583888,22.47220505424423,22.47220505424423,22.47220505424423,22.47220505424423,22.47220505424423,22.47220505424423,21.95449840010015,21.470910553583888,22.825424421026653,22.360679774997898,21.470910553583888,21.02379604162864,20.615528128088304,20.248456731316587,21.18962010041709,20.615528128088304,0.0,0.0,0.0,0.0,0.0,0.0,0.0,0.0,0.0,0.0,0.0,16.76305461424021,17.26267650163207,17.26267650163207,17.11724276862369,17.11724276862369,17.029386365926403,18.027756377319946,19.026297590440446,19.0,19.026297590440446,19.026297590440446,20.024984394500787,20.024984394500787,20.024984394500787,20.09975124224178,20.024984394500787,20.0,20.0,20.0,20.024984394500787,21.095023109728988,21.095023109728988,21.213203435596427,21.213203435596427,22.360679774997898,21.587033144922902
169.33103672983285,7.0,24.20743687382041,25.0,23.600847442411894,23.853720883753127,24.698178070456937,23.323807579381203,23.323807579381203,23.323807579381203,23.706539182259394,23.706539182259394,23.706539182259394,24.166091947189145,23.259406699226016,23.259406699226016,23.706539182259394,24.186773244895647,22.47220505424423,23.323807579381203,23.853720883753127,23.021728866442675,22.20360331117452,22.20360331117452,21.2602916254693,21.2602916254693,21.213203435596427,0.0,0.0,0.0,0.0,0.0,0.0,0.0,0.0,0.0,0.0,0.0,18.601075237738275,18.439088914585774,18.384776310850235,18.384776310850235,19.1049731745428,18.439088914585774,19.849433241279208,21.2602916254693,20.615528128088304,20.808652046684813,20.808652046684813,21.633307652783937,20.808652046684813,21.633307652783937,21.633307652783937,22.20360331117452,21.400934559032695,21.400934559032695,22.02271554554524,22.02271554554524,23.345235059857504,23.345235059857504,22.627416997969522,23.345235059857504,23.345235059857504,23.345235059857504
169.33103672983285,7.0,24.758836806279895,24.041630560342615,24.041630560342615,23.345235059857504,24.08318915758459,22.67156809750927,23.430749027719962,22.80350850198276,23.600847442411894,23.021728866442675,23.021728866442675,23.021728866442675,23.021728866442675,23.021728866442675,23.021728866442675,23.600847442411894,22.02271554554524,22.80350850198276,22.67156809750927,22.67156809750927,21.93171219946131,21.93171219946131,21.2602916254693,22.02271554554524,20.808652046684813,0.0,0.0,0.0,0.0,0.0,0.0,0.0,0.0,0.0,0.0,0.0,17.69180601295413,18.439088914585774,17.804493814764857,18.601075237738275,19.4164878389476,18.867962264113206,19.72308292331602,21.095023109728988,20.591260281974,20.591260281974,21.02379604162864,21.02379604162864,21.02379604162864,21.93171219946131,21.93171219946131,22.360679774997898,21.470910553583888,21.95449840010015,21.95449840010015,21.95449840010015,23.323807579381203,23.853720883753127,23.600847442411894,23.600847442411894,23.600847442411894,23.430749027719962
120.07081243999309,6.0,23.021728866442675,23.021728866442675,24.0,23.021728866442675,24.020824298928627,23.021728866442675,23.08679276123039,22.090722034374522,22.20360331117452,23.345235059857504,23.345235059857504,22.360679774997898,22.360679774997898,22.360679774997898,23.345235059857504,23.345235059857504,22.20360331117452,23.194827009486403,23.194827009486403,22.090722034374522,22.02271554554524,22.02271554554524,21.0,22.02271554554524,21.095023109728988,0.0,0.0,0.0,0.0,0.0,0.0,0.0,0.0,0.0,0.0,0.0,19.026297590440446,19.1049731745428,19.235384061671343,19.4164878389476,19.6468827043885,19.6468827043885,19.924858845171276,21.840329667841555,21.18962010041709,21.18962010041709,21.540659228538015,21.540659228538015,22.47220505424423,21.540659228538015,21.93171219946131,22.47220505424423,22.47220505424423,22.135943621178654,22.135943621178654,21.840329667841555,22.80350850198276,22.80350850198276,22.360679774997898,23.345235059857504,23.345235059857504,23.194827009486403
120.07081243999309,6.0,21.93171219946131,21.93171219946131,21.2602916254693,22.02271554554524,21.400934559032695,20.615528128088304,20.808652046684813,20.808652046684813,20.808652046684813,21.095023109728988,21.95449840010015,21.095023109728988,21.095023109728988,20.591260281974,21.095023109728988,21.095023109728988,20.248456731316587,20.808652046684813,20.808652046684813,20.0,20.0,19.849433241279208,19.1049731745428,19.79898987322333,19.1049731745428,0.0,0.0,0.0,0.0,0.0,0.0,0.0,0.0,0.0,0.0,0.0,17.029386365926403,16.97056274847714,17.029386365926403,17.804493814764857,17.804493814764857,18.027756377319946,18.601075237738275,19.4164878389476,18.867962264113206,19.72308292331602,19.235384061671343,19.235384061671343,19.235384061671343,20.12461179749811,20.12461179749811,20.591260281974,19.72308292331602,19.72308292331602,20.248456731316587,19.4164878389476,20.808652046684813,20.808652046684813,21.400934559032695,20.615528128088304,21.2602916254693,21.2602916254693
132.03408650799233,7.0,24.20743687382041,24.839484696748443,24.08318915758459,24.758836806279895,24.758836806279895,23.345235059857504,24.08318915758459,24.08318915758459,24.08318915758459,23.430749027719962,24.20743687382041,24.20743687382041,24.20743687382041,24.20743687382041,24.20743687382041,24.08318915758459,24.08318915758459,24.758836806279895,24.041630560342615,24.041630560342615,21.93171219946131,23.430749027719962,22.80350850198276,23.600847442411894,22.47220505424423,0.0,0.0,0.0,0.0,0.0,0.0,0.0,0.0,0.0,0.0,0.0,16.278820596099706,16.401219466856727,17.204650534085253,18.027756377319946,18.027756377319946,17.4928556845359,19.235384061671343,20.591260281974,20.12461179749811,21.02379604162864,20.615528128088304,20.615528128088304,20.615528128088304,21.540659228538015,21.540659228538015,21.540659228538015,21.93171219946131,21.93171219946131,22.360679774997898,21.470910553583888,23.323807579381203,23.323807579381203,23.853720883753127,23.853720883753127,24.413111231467404,23.600847442411894
146.0,6.0,24.698178070456937,24.166091947189145,25.079872407968907,23.706539182259394,24.186773244895647,24.186773244895647,23.323807579381203,23.600847442411894,24.413111231467404,23.853720883753127,23.853720883753127,23.021728866442675,23.021728866442675,25.0,23.600847442411894,25.238858928247925,23.323807579381203,24.698178070456937,23.853720883753127,22.825424421026653,22.825424421026653,24.166091947189145,22.47220505424423,23.08679276123039,22.80350850198276,0.0,0.0,0.0,0.0,0.0,0.0,0.0,0.0,0.0,0.0,0.0,17.08800749063506,16.76305461424021,17.72004514666935,17.46424919657298,18.439088914585774,17.26267650163207,19.235384061671343,20.223748416156685,20.223748416156685,21.02379604162864,21.0,21.0,21.0,21.02379604162864,21.0,22.02271554554524,21.095023109728988,23.08679276123039,21.213203435596427,22.360679774997898,23.53720459187964,23.53720459187964,24.515301344262525,23.769728648009426,23.769728648009426,23.08679276123039
169.33103672983285,7.0,17.0,17.0,16.1245154965971,16.64331697709324,15.811388300841896,15.811388300841896,15.811388300841896,15.620499351813308,15.0,16.401219466856727,16.401219466856727,15.620499351813308,15.620499351813308,15.620499351813308,16.278820596099706,16.401219466856727,15.620499351813308,16.401219466856727,16.401219466856727,15.811388300841896,15.811388300841896,15.264337522473747,15.652475842498529,15.652475842498529,15.231546211727817,0.0,0.0,0.0,0.0,0.0,0.0,0.0,0.0,0.0,0.0,0.0,11.180339887498949,11.704699910719626,11.704699910719626,11.40175425099138,12.36931687685298,12.36931687685298,13.601470508735444,13.341664064126334,13.341664064126334,14.142135623730951,14.142135623730951,14.142135623730951,14.035668847618199,14.142135623730951,14.142135623730951,15.132745950421556,14.317821063276353,15.297058540778355,14.317821063276353,14.560219778561036,15.811388300841896,15.811388300841896,15.811388300841896,15.811388300841896,15.811388300841896,15.231546211727817
120.07081243999309,6.0,17.08800749063506,16.15549442140351,16.15549442140351,16.55294535724685,16.55294535724685,16.55294535724685,15.652475842498529,17.0,17.0,16.1245154965971,16.64331697709324,16.64331697709324,16.64331697709324,16.64331697709324,16.1245154965971,16.64331697709324,15.652475842498529,16.55294535724685,16.55294535724685,16.55294535724685,16.15549442140351,16.15549442140351,14.866068747318506,15.811388300841896,15.524174696260024,0.0,0.0,0.0,0.0,0.0,0.0,0.0,0.0,0.0,0.0,0.0,11.704699910719626,11.40175425099138,11.40175425099138,11.40175425099138,12.165525060596439,12.165525060596439,13.152946437965905,13.152946437965905,13.152946437965905,13.038404810405298,14.035668847618199,14.035668847618199,14.035668847618199,14.035668847618199,14.035668847618199,14.035668847618199,14.035668847618199,15.033296378372908,14.142135623730951,15.132745950421556,15.132745950421556,15.297058540778355,15.524174696260024,15.524174696260024,15.524174696260024,16.492422502470642
122.05326705991938,7.0,25.0,25.0,25.96150997149434,25.709920264364882,25.709920264364882,24.515301344262525,24.331050121192877,25.317977802344327,25.179356624028344,26.1725046566048,25.079872407968907,25.079872407968907,25.079872407968907,25.179356624028344,25.179356624028344,25.317977802344327,24.331050121192877,25.317977802344327,25.495097567963924,24.515301344262525,23.769728648009426,23.08679276123039,22.135943621178654,23.40939982143925,23.259406699226016,0.0,0.0,0.0,0.0,0.0,0.0,0.0,0.0,0.0,0.0,0.0,16.76305461424021,17.08800749063506,17.46424919657298,17.46424919657298,17.88854381999832,18.35755975068582,18.35755975068582,19.235384061671343,19.72308292331602,20.248456731316587,20.248456731316587,20.808652046684813,20.808652046684813,20.808652046684813,22.20360331117452,21.633307652783937,21.95449840010015,22.47220505424423,21.95449840010015,21.95449840010015,22.825424421026653,23.706539182259394,24.166091947189145,24.166091947189145,24.166091947189145,25.079872407968907
122.05326705991938,7.0,25.0,25.019992006393608,25.019992006393608,25.079872407968907,25.179356624028344,24.186773244895647,24.331050121192877,24.331050121192877,24.331050121192877,25.495097567963924,24.73863375370596,24.515301344262525,24.515301344262525,24.515301344262525,24.331050121192877,24.331050121192877,24.186773244895647,24.186773244895647,24.08318915758459,24.020824298928627,23.021728866442675,23.0,22.02271554554524,23.08679276123039,22.360679774997898,0.0,0.0,0.0,0.0,0.0,0.0,0.0,0.0,0.0,0.0,0.0,16.0312195418814,16.0,17.029386365926403,17.11724276862369,17.11724276862369,17.11724276862369,18.24828759089466,19.235384061671343,19.235384061671343,19.6468827043885,20.615528128088304,20.8806130178211,20.615528128088304,20.615528128088304,20.8806130178211,21.840329667841555,21.587033144922902,21.587033144922902,21.37755832643195,22.360679774997898,23.194827009486403,23.194827009486403,24.186773244895647,24.08318915758459,24.020824298928627,24.020824298928627
169.33103672983285,7.0,15.0,15.0,15.0,16.0,15.033296378372908,15.132745950421556,15.132745950421556,15.132745950421556,16.278820596099706,16.278820596099706,15.524174696260024,15.297058540778355,16.492422502470642,15.297058540778355,16.278820596099706,16.278820596099706,16.1245154965971,16.1245154965971,16.1245154965971,16.1245154965971,15.033296378372908,15.0,15.0,16.0312195418814,15.132745950421556,0.0,0.0,0.0,0.0,0.0,0.0,0.0,0.0,0.0,0.0,0.0,11.045361017187261,11.180339887498949,11.180339887498949,11.40175425099138,11.40175425099138,11.40175425099138,11.40175425099138,12.649110640673518,12.649110640673518,12.649110640673518,13.0,13.0,13.0,13.0,13.0,13.0,13.601470508735444,13.601470508735444,13.601470508735444,13.601470508735444,14.317821063276353,14.317821063276353,14.317821063276353,14.142135623730951,15.132745950421556,14.142135623730951
132.03408650799233,7.0,23.430749027719962,25.0,23.600847442411894,23.021728866442675,24.186773244895647,23.323807579381203,22.825424421026653,23.706539182259394,23.706539182259394,24.166091947189145,24.166091947189145,24.166091947189145,24.166091947189145,25.079872407968907,24.166091947189145,24.166091947189145,23.706539182259394,25.059928172283335,25.059928172283335,24.186773244895647,23.323807579381203,24.413111231467404,22.80350850198276,24.20743687382041,23.345235059857504,0.0,0.0,0.0,0.0,0.0,0.0,0.0,0.0,0.0,0.0,0.0,17.69180601295413,17.69180601295413,17.804493814764857,17.804493814764857,18.601075237738275,18.027756377319946,19.4164878389476,20.248456731316587,19.4164878389476,19.72308292331602,20.591260281974,20.591260281974,20.591260281974,20.591260281974,20.591260281974,21.95449840010015,21.095023109728988,21.633307652783937,20.808652046684813,21.400934559032695,22.02271554554524,22.67156809750927,22.67156809750927,23.345235059857504,22.627416997969522,23.345235059857504
120.07081243999309,6.0,25.059928172283335,25.553864678361276,25.553864678361276,25.238858928247925,25.80697580112788,25.238858928247925,25.0,25.612496949731394,25.612496949731394,26.248809496813376,26.1725046566048,26.1725046566048,26.1725046566048,26.248809496813376,26.248809496813376,26.248809496813376,25.612496949731394,26.40075756488817,26.40075756488817,25.80697580112788,25.238858928247925,24.698178070456937,24.186773244895647,25.059928172283335,24.166091947189145,0.0,0.0,0.0,0.0,0.0,0.0,0.0,0.0,0.0,0.0,0.0,18.788294228055936,18.384776310850235,18.973665961010276,19.6468827043885,18.681541692269406,19.4164878389476,20.396078054371138,21.587033144922902,21.37755832643195,21.213203435596427,21.213203435596427,22.20360331117452,22.20360331117452,22.20360331117452,22.20360331117452,22.20360331117452,22.360679774997898,22.360679774997898,22.561028345356956,22.561028345356956,23.08679276123039,24.041630560342615,23.40939982143925,23.769728648009426,24.166091947189145,24.698178070456937
132.03408650799233,7.0,25.019992006393608,25.019992006393608,25.179356624028344,25.179356624028344,25.317977802344327,24.331050121192877,24.331050121192877,24.515301344262525,24.515301344262525,25.709920264364882,25.96150997149434,25.96150997149434,24.73863375370596,25.96150997149434,25.0,25.709920264364882,24.515301344262525,26.476404589747453,25.317977802344327,24.186773244895647,24.186773244895647,25.019992006393608,24.0,24.020824298928627,24.08318915758459,0.0,0.0,0.0,0.0,0.0,0.0,0.0,0.0,0.0,0.0,0.0,18.027756377319946,18.027756377319946,18.027756377319946,18.110770276274835,19.235384061671343,18.24828759089466,19.4164878389476,20.396078054371138,20.615528128088304,20.8806130178211,20.8806130178211,21.18962010041709,20.8806130178211,20.8806130178211,21.18962010041709,20.8806130178211,21.840329667841555,21.587033144922902,21.587033144922902,21.37755832643195,22.360679774997898,23.194827009486403,23.194827009486403,24.08318915758459,24.020824298928627,24.020824298928627
146.0,6.0,22.135943621178654,22.47220505424423,22.47220505424423,21.93171219946131,22.360679774997898,21.470910553583888,21.470910553583888,21.470910553583888,21.095023109728988,22.47220505424423,23.021728866442675,23.021728866442675,22.20360331117452,23.021728866442675,22.47220505424423,22.47220505424423,21.95449840010015,22.825424421026653,22.360679774997898,22.360679774997898,21.93171219946131,21.540659228538015,21.18962010041709,22.135943621178654,21.587033144922902,0.0,0.0,0.0,0.0,0.0,0.0,0.0,0.0,0.0,0.0,0.0,15.811388300841896,16.278820596099706,16.278820596099706,16.1245154965971,16.1245154965971,16.1245154965971,18.027756377319946,18.027756377319946,19.026297590440446,18.0,19.0,19.0,19.0,19.0,19.0,20.0,20.024984394500787,20.024984394500787,20.09975124224178,20.09975124224178,21.213203435596427,21.213203435596427,21.37755832643195,21.587033144922902,21.840329667841555,21.840329667841555
146.0,6.0,15.652475842498529,15.652475842498529,15.652475842498529,15.264337522473747,15.811388300841896,14.422205101855956,15.0,15.0,15.811388300841896,16.401219466856727,15.620499351813308,15.620499351813308,15.620499351813308,15.620499351813308,15.620499351813308,15.620499351813308,15.0,15.811388300841896,15.811388300841896,15.811388300841896,15.264337522473747,15.264337522473747,14.7648230602334,14.317821063276353,13.92838827718412,0.0,0.0,0.0,0.0,0.0,0.0,0.0,0.0,0.0,0.0,0.0,11.180339887498949,10.770329614269007,11.704699910719626,11.704699910719626,11.40175425099138,11.40175425099138,12.36931687685298,13.341664064126334,13.341664064126334,13.152946437965905,13.152946437965905,13.038404810405298,13.152946437965905,13.152946437965905,13.152946437965905,14.142135623730951,13.341664064126334,14.317821063276353,14.317821063276353,13.601470508735444,14.560219778561036,14.866068747318506,14.866068747318506,14.866068747318506,14.866068747318506,14.866068747318506
122.05326705991938,7.0,22.090722034374522,22.20360331117452,22.090722034374522,21.213203435596427,22.360679774997898,21.587033144922902,21.587033144922902,21.840329667841555,21.840329667841555,21.840329667841555,22.135943621178654,22.135943621178654,21.18962010041709,21.840329667841555,21.840329667841555,21.840329667841555,21.587033144922902,21.587033144922902,21.587033144922902,21.37755832643195,21.37755832643195,21.213203435596427,20.09975124224178,21.02379604162864,20.0,0.0,0.0,0.0,0.0,0.0,0.0,0.0,0.0,0.0,0.0,0.0,16.1245154965971,16.0312195418814,16.0,16.0312195418814,16.0312195418814,17.11724276862369,17.11724276862369,18.110770276274835,18.110770276274835,18.24828759089466,18.439088914585774,18.439088914585774,18.439088914585774,18.439088914585774,19.4164878389476,19.4164878389476,19.4164878389476,19.235384061671343,19.235384061671343,19.1049731745428,20.09975124224178,21.095023109728988,21.02379604162864,21.02379604162864,21.0,21.0
122.05326705991938,7.0,20.615528128088304,20.248456731316587,20.8806130178211,20.248456731316587,20.248456731316587,19.313207915827967,19.697715603592208,19.697715603592208,19.697715603592208,20.12461179749811,20.591260281974,20.591260281974,20.12461179749811,20.12461179749811,20.12461179749811,21.02379604162864,19.697715603592208,20.248456731316587,20.248456731316587,18.973665961010276,18.973665961010276,19.6468827043885,18.681541692269406,19.4164878389476,19.1049731745428,0.0,0.0,0.0,0.0,0.0,0.0,0.0,0.0,0.0,0.0,0.0,14.560219778561036,14.560219778561036,14.317821063276353,15.132745950421556,15.132745950421556,15.132745950421556,16.0312195418814,17.029386365926403,17.029386365926403,17.0,18.0,18.0,18.0,18.0,18.027756377319946,18.027756377319946,18.0,18.027756377319946,18.027756377319946,18.027756377319946,19.026297590440446,19.1049731745428,19.1049731745428,19.4164878389476,19.4164878389476,19.4164878389476
132.03408650799233,7.0,14.7648230602334,15.652475842498529,14.317821063276353,14.317821063276353,14.866068747318506,13.601470508735444,13.601470508735444,13.601470508735444,14.560219778561036,14.317821063276353,13.341664064126334,13.341664064126334,14.317821063276353,14.317821063276353,14.317821063276353,14.317821063276353,13.341664064126334,13.341664064126334,13.341664064126334,13.341664064126334,12.649110640673518,12.649110640673518,13.0,13.0,13.416407864998739,0.0,0.0,0.0,0.0,0.0,0.0,0.0,0.0,0.0,0.0,0.0,13.92838827718412,13.892443989449804,13.038404810405298,13.601470508735444,13.601470508735444,13.601470508735444,15.0,15.0,15.0,14.866068747318506,14.866068747318506,14.866068747318506,14.866068747318506,15.556349186104045,15.556349186104045,15.556349186104045,15.556349186104045,14.866068747318506,14.866068747318506,14.212670403551895,15.0,15.0,15.0,15.0,15.264337522473747,14.7648230602334
169.33103672983285,7.0,20.615528128088304,19.313207915827967,20.248456731316587,18.973665961010276,19.924858845171276,18.681541692269406,18.439088914585774,18.439088914585774,19.6468827043885,19.4164878389476,19.235384061671343,19.235384061671343,18.24828759089466,19.235384061671343,18.24828759089466,19.4164878389476,17.46424919657298,18.439088914585774,18.681541692269406,18.681541692269406,17.72004514666935,18.027756377319946,17.46424919657298,17.88854381999832,17.0,0.0,0.0,0.0,0.0,0.0,0.0,0.0,0.0,0.0,0.0,0.0,16.76305461424021,15.231546211727817,16.55294535724685,16.1245154965971,17.4928556845359,15.811388300841896,18.027756377319946,18.027756377319946,18.027756377319946,19.209372712298546,17.69180601295413,18.384776310850235,18.439088914585774,18.439088914585774,17.69180601295413,19.1049731745428,17.804493814764857,19.209372712298546,17.804493814764857,18.601075237738275,19.4164878389476,20.248456731316587,19.72308292331602,19.72308292331602,19.72308292331602,19.235384061671343
169.33103672983285,7.0,15.811388300841896,15.811388300841896,15.811388300841896,15.0,15.620499351813308,15.0,15.620499351813308,14.866068747318506,15.556349186104045,15.556349186104045,16.278820596099706,15.556349186104045,15.556349186104045,16.278820596099706,15.556349186104045,16.278820596099706,14.866068747318506,15.620499351813308,15.620499351813308,15.620499351813308,15.0,15.0,14.422205101855956,15.264337522473747,14.7648230602334,0.0,0.0,0.0,0.0,0.0,0.0,0.0,0.0,0.0,0.0,0.0,11.661903789690601,12.083045973594572,13.0,12.649110640673518,13.0,12.649110640673518,12.649110640673518,13.601470508735444,13.601470508735444,13.341664064126334,14.317821063276353,14.317821063276353,14.317821063276353,14.317821063276353,14.317821063276353,14.317821063276353,14.560219778561036,14.560219778561036,13.601470508735444,13.92838827718412,15.231546211727817,15.231546211727817,15.231546211727817,15.231546211727817,15.652475842498529,15.652475842498529
132.03408650799233,7.0,21.02379604162864,21.93171219946131,20.615528128088304,21.18962010041709,20.8806130178211,20.8806130178211,20.615528128088304,20.615528128088304,20.615528128088304,20.396078054371138,20.396078054371138,20.396078054371138,20.396078054371138,20.396078054371138,20.396078054371138,20.615528128088304,19.6468827043885,19.924858845171276,19.6468827043885,18.973665961010276,18.973665961010276,19.313207915827967,17.88854381999832,17.88854381999832,17.4928556845359,0.0,0.0,0.0,0.0,0.0,0.0,0.0,0.0,0.0,0.0,0.0,14.317821063276353,14.7648230602334,15.264337522473747,14.422205101855956,15.264337522473747,15.0,16.401219466856727,17.204650534085253,16.401219466856727,17.029386365926403,17.69180601295413,17.69180601295413,17.69180601295413,17.69180601295413,17.69180601295413,17.69180601295413,17.804493814764857,19.209372712298546,18.601075237738275,18.601075237738275,20.248456731316587,19.72308292331602,19.72308292331602,20.591260281974,20.591260281974,20.12461179749811
146.0,6.0,20.09975124224178,20.09975124224178,20.223748416156685,19.4164878389476,20.223748416156685,19.4164878389476,19.4164878389476,19.6468827043885,18.681541692269406,18.973665961010276,18.973665961010276,18.973665961010276,18.973665961010276,19.313207915827967,19.313207915827967,18.681541692269406,17.72004514666935,18.681541692269406,18.681541692269406,17.72004514666935,17.46424919657298,18.24828759089466,16.1245154965971,17.11724276862369,17.029386365926403,0.0,0.0,0.0,0.0,0.0,0.0,0.0,0.0,0.0,0.0,0.0,18.439088914585774,18.24828759089466,18.110770276274835,18.027756377319946,18.0,18.0,19.026297590440446,20.024984394500787,20.09975124224178,20.223748416156685,19.4164878389476,19.4164878389476,19.4164878389476,20.396078054371138,20.615528128088304,20.615528128088304,19.6468827043885,19.4164878389476,18.439088914585774,20.09975124224178,20.09975124224178,20.024984394500787,20.024984394500787,20.024984394500787,21.0,21.0
169.33103672983285,7.0,15.132745950421556,15.132745950421556,16.0312195418814,15.0,16.0,15.0,15.033296378372908,15.033296378372908,15.033296378372908,15.033296378372908,15.033296378372908,14.142135623730951,15.132745950421556,15.132745950421556,15.132745950421556,15.033296378372908,15.033296378372908,15.033296378372908,15.033296378372908,14.0,14.0,14.035668847618199,13.038404810405298,14.142135623730951,14.317821063276353,0.0,0.0,0.0,0.0,0.0,0.0,0.0,0.0,0.0,0.0,0.0,12.041594578792296,11.180339887498949,11.40175425099138,11.40175425099138,12.36931687685298,11.704699910719626,12.649110640673518,13.601470508735444,13.601470508735444,13.92838827718412,14.317821063276353,13.416407864998739,13.416407864998739,14.317821063276353,13.416407864998739,14.317821063276353,13.92838827718412,13.92838827718412,13.92838827718412,13.92838827718412,14.866068747318506,14.560219778561036,15.524174696260024,15.297058540778355,15.297058540778355,15.297058540778355
169.33103672983285,7.0,19.697715603592208,20.615528128088304,20.248456731316587,20.248456731316587,20.8806130178211,18.973665961010276,19.6468827043885,20.615528128088304,19.6468827043885,20.223748416156685,20.223748416156685,20.223748416156685,20.396078054371138,19.235384061671343,20.396078054371138,20.396078054371138,19.6468827043885,19.6468827043885,19.924858845171276,18.973665961010276,18.973665961010276,18.384776310850235,17.46424919657298,18.788294228055936,18.35755975068582,0.0,0.0,0.0,0.0,0.0,0.0,0.0,0.0,0.0,0.0,0.0,13.92838827718412,15.231546211727817,14.7648230602334,15.264337522473747,14.7648230602334,15.264337522473747,15.811388300841896,17.204650534085253,17.204650534085253,16.401219466856727,17.029386365926403,17.029386365926403,17.029386365926403,17.804493814764857,18.439088914585774,17.69180601295413,18.439088914585774,17.804493814764857,18.601075237738275,18.027756377319946,19.4164878389476,19.72308292331602,19.72308292331602,20.12461179749811,20.591260281974,20.12461179749811
122.05326705991938,7.0,20.615528128088304,20.615528128088304,20.248456731316587,21.18962010041709,20.8806130178211,19.6468827043885,19.6468827043885,19.4164878389476,18.681541692269406,20.396078054371138,20.396078054371138,19.4164878389476,20.396078054371138,20.396078054371138,20.396078054371138,19.6468827043885,19.6468827043885,19.6468827043885,19.924858845171276,18.973665961010276,18.973665961010276,18.788294228055936,17.88854381999832,18.35755975068582,18.027756377319946,0.0,0.0,0.0,0.0,0.0,0.0,0.0,0.0,0.0,0.0,0.0,14.560219778561036,13.92838827718412,14.317821063276353,14.7648230602334,14.7648230602334,15.264337522473747,16.1245154965971,16.64331697709324,16.64331697709324,16.401219466856727,17.029386365926403,17.69180601295413,17.69180601295413,17.029386365926403,18.439088914585774,18.439088914585774,17.804493814764857,18.601075237738275,18.601075237738275,18.027756377319946,18.867962264113206,19.72308292331602,19.72308292331602,19.72308292331602,19.72308292331602,20.12461179749811
132.03408650799233,7.0,20.09975124224178,20.223748416156685,20.223748416156685,20.396078054371138,20.396078054371138,19.4164878389476,19.4164878389476,19.6468827043885,19.6468827043885,19.924858845171276,20.248456731316587,19.924858845171276,19.924858845171276,19.924858845171276,19.924858845171276,19.6468827043885,18.681541692269406,19.6468827043885,19.4164878389476,18.439088914585774,18.24828759089466,18.110770276274835,18.110770276274835,18.027756377319946,18.0,0.0,0.0,0.0,0.0,0.0,0.0,0.0,0.0,0.0,0.0,0.0,13.341664064126334,13.152946437965905,14.0,15.0,15.0,15.033296378372908,16.1245154965971,16.0312195418814,17.11724276862369,17.26267650163207,16.278820596099706,17.26267650163207,17.26267650163207,17.26267650163207,17.46424919657298,17.26267650163207,18.24828759089466,18.24828759089466,18.110770276274835,18.110770276274835,19.026297590440446,19.026297590440446,19.0,20.0,20.024984394500787,20.024984394500787
146.0,6.0,25.298221281347036,25.632011235952593,25.632011235952593,26.0,25.079872407968907,25.079872407968907,24.596747752497688,24.596747752497688,24.596747752497688,25.059928172283335,25.553864678361276,25.553864678361276,25.553864678361276,25.059928172283335,25.059928172283335,25.059928172283335,24.596747752497688,25.495097567963924,25.079872407968907,24.166091947189145,23.769728648009426,23.40939982143925,22.135943621178654,23.769728648009426,22.561028345356956,0.0,0.0,0.0,0.0,0.0,0.0,0.0,0.0,0.0,0.0,0.0,18.027756377319946,18.681541692269406,18.439088914585774,19.4164878389476,19.235384061671343,19.1049731745428,20.223748416156685,21.213203435596427,21.095023109728988,21.02379604162864,21.0,22.02271554554524,22.02271554554524,22.0,22.0,23.021728866442675,23.08679276123039,23.021728866442675,23.08679276123039,23.194827009486403,24.331050121192877,24.331050121192877,23.53720459187964,24.515301344262525,24.73863375370596,24.73863375370596
122.05326705991938,7.0,15.0,15.620499351813308,14.866068747318506,14.866068747318506,14.866068747318506,14.142135623730951,14.866068747318506,14.866068747318506,14.212670403551895,14.212670403551895,14.212670403551895,14.212670403551895,14.212670403551895,14.212670403551895,15.0,14.212670403551895,14.212670403551895,14.142135623730951,14.142135623730951,13.45362404707371,13.45362404707371,13.601470508735444,12.806248474865697,13.601470508735444,13.038404810405298,0.0,0.0,0.0,0.0,0.0,0.0,0.0,0.0,0.0,0.0,0.0,11.313708498984761,12.041594578792296,11.40175425099138,12.206555615733702,12.206555615733702,13.038404810405298,12.529964086141668,13.038404810405298,13.416407864998739,13.416407864998739,13.416407864998739,13.92838827718412,14.317821063276353,14.317821063276353,14.317821063276353,14.7648230602334,13.416407864998739,13.416407864998739,13.892443989449804,13.416407864998739,14.7648230602334,14.7648230602334,14.422205101855956,14.422205101855956,15.0,15.0
132.03408650799233,7.0,16.1245154965971,16.0312195418814,16.1245154965971,16.0312195418814,16.0,16.0,15.0,16.0312195418814,16.1245154965971,16.0312195418814,16.0312195418814,15.132745950421556,15.132745950421556,15.132745950421556,15.132745950421556,15.033296378372908,15.033296378372908,15.033296378372908,15.033296378372908,15.033296378372908,14.0,14.0,14.035668847618199,14.035668847618199,14.142135623730951,0.0,0.0,0.0,0.0,0.0,0.0,0.0,0.0,0.0,0.0,0.0,12.165525060596439,12.36931687685298,11.40175425099138,12.36931687685298,12.649110640673518,12.649110640673518,12.649110640673518,13.92838827718412,13.92838827718412,13.416407864998739,13.416407864998739,13.892443989449804,13.892443989449804,14.317821063276353,13.416407864998739,15.264337522473747,14.317821063276353,15.231546211727817,13.92838827718412,13.92838827718412,14.866068747318506,15.811388300841896,15.524174696260024,15.524174696260024,15.524174696260024,15.524174696260024
169.33103672983285,7.0,25.079872407968907,25.019992006393608,24.0,25.0,25.019992006393608,24.08318915758459,24.08318915758459,23.194827009486403,23.194827009486403,24.186773244895647,24.331050121192877,23.345235059857504,24.515301344262525,23.345235059857504,23.53720459187964,23.345235059857504,23.194827009486403,24.186773244895647,23.194827009486403,23.194827009486403,22.090722034374522,22.02271554554524,22.0,22.02271554554524,22.090722034374522,0.0,0.0,0.0,0.0,0.0,0.0,0.0,0.0,0.0,0.0,0.0,19.026297590440446,19.235384061671343,19.4164878389476,19.4164878389476,19.4164878389476,20.8806130178211,20.8806130178211,21.840329667841555,21.840329667841555,21.18962010041709,21.540659228538015,21.540659228538015,22.847319317591726,22.47220505424423,22.847319317591726,22.47220505424423,23.40939982143925,23.08679276123039,23.08679276123039,22.80350850198276,23.769728648009426,24.515301344262525,23.53720459187964,24.331050121192877,24.331050121192877,24.186773244895647
122.05326705991938,7.0,21.633307652783937,22.47220505424423,21.95449840010015,21.470910553583888,21.93171219946131,21.02379604162864,20.615528128088304,21.93171219946131,21.540659228538015,22.47220505424423,22.47220505424423,22.135943621178654,22.135943621178654,22.135943621178654,22.47220505424423,22.47220505424423,21.93171219946131,22.847319317591726,22.847319317591726,22.360679774997898,21.470910553583888,21.95449840010015,21.633307652783937,22.20360331117452,22.02271554554524,0.0,0.0,0.0,0.0,0.0,0.0,0.0,0.0,0.0,0.0,0.0,15.620499351813308,15.556349186104045,15.556349186104045,16.278820596099706,16.278820596099706,16.401219466856727,17.029386365926403,17.804493814764857,17.804493814764857,17.204650534085253,18.027756377319946,18.027756377319946,18.027756377319946,18.027756377319946,18.601075237738275,18.601075237738275,19.209372712298546,19.209372712298546,18.439088914585774,19.1049731745428,19.79898987322333,19.79898987322333,19.849433241279208,20.615528128088304,20.615528128088304,20.0
122.05326705991938,7.0,20.615528128088304,19.6468827043885,21.840329667841555,21.18962010041709,21.18962010041709,20.615528128088304,20.615528128088304,20.12461179749811,21.02379604162864,21.02379604162864,21.02379604162864,21.02379604162864,20.12461179749811,22.360679774997898,21.02379604162864,21.93171219946131,20.615528128088304,21.93171219946131,21.93171219946131,21.18962010041709,20.248456731316587,21.587033144922902,20.396078054371138,20.223748416156685,20.09975124224178,0.0,0.0,0.0,0.0,0.0,0.0,0.0,0.0,0.0,0.0,0.0,15.132745950421556,15.033296378372908,15.0,15.0,16.0,15.033296378372908,16.0312195418814,17.029386365926403,17.029386365926403,17.26267650163207,17.26267650163207,17.46424919657298,17.26267650163207,17.26267650163207,17.26267650163207,18.24828759089466,17.11724276862369,18.110770276274835,18.027756377319946,18.0,19.0,19.026297590440446,20.024984394500787,20.024984394500787,20.09975124224178,20.223748416156685
146.0,6.0,23.021728866442675,23.021728866442675,23.021728866442675,23.194827009486403,23.194827009486403,22.360679774997898,23.345235059857504,21.587033144922902,22.561028345356956,22.80350850198276,22.80350850198276,23.08679276123039,22.80350850198276,23.08679276123039,22.80350850198276,22.80350850198276,22.561028345356956,22.561028345356956,22.561028345356956,22.360679774997898,21.37755832643195,22.090722034374522,21.02379604162864,21.02379604162864,21.02379604162864,0.0,0.0,0.0,0.0,0.0,0.0,0.0,0.0,0.0,0.0,0.0,20.09975124224178,20.0,20.024984394500787,20.09975124224178,20.09975124224178,20.223748416156685,21.213203435596427,21.37755832643195,22.360679774997898,21.840329667841555,22.135943621178654,22.135943621178654,22.135943621178654,23.08679276123039,22.135943621178654,23.08679276123039,21.840329667841555,22.80350850198276,22.561028345356956,22.561028345356956,23.345235059857504,23.194827009486403,23.194827009486403,23.194827009486403,23.08679276123039,23.08679276123039
146.0,6.0,15.033296378372908,15.033296378372908,15.0,15.0,15.033296378372908,14.035668847618199,14.035668847618199,15.033296378372908,14.142135623730951,15.132745950421556,14.317821063276353,14.317821063276353,14.317821063276353,14.317821063276353,14.317821063276353,15.297058540778355,14.142135623730951,15.132745950421556,15.132745950421556,14.035668847618199,14.035668847618199,14.0,13.0,14.0,14.035668847618199,0.0,0.0,0.0,0.0,0.0,0.0,0.0,0.0,0.0,0.0,0.0,13.0,13.038404810405298,12.165525060596439,12.36931687685298,13.341664064126334,13.341664064126334,13.601470508735444,14.560219778561036,14.560219778561036,13.92838827718412,13.92838827718412,14.317821063276353,14.317821063276353,15.231546211727817,14.317821063276353,15.231546211727817,14.866068747318506,14.866068747318506,14.866068747318506,14.560219778561036,15.524174696260024,15.524174696260024,15.297058540778355,15.297058540778355,15.297058540778355,15.132745950421556
169.33103672983285,7.0,16.1245154965971,15.264337522473747,17.0,15.652475842498529,15.231546211727817,15.231546211727817,14.866068747318506,14.866068747318506,14.866068747318506,15.811388300841896,14.866068747318506,14.560219778561036,13.601470508735444,15.524174696260024,14.560219778561036,15.811388300841896,14.866068747318506,15.811388300841896,14.866068747318506,14.866068747318506,13.92838827718412,14.7648230602334,13.892443989449804,14.422205101855956,14.422205101855956,0.0,0.0,0.0,0.0,0.0,0.0,0.0,0.0,0.0,0.0,0.0,13.416407864998739,13.038404810405298,13.601470508735444,12.806248474865697,14.212670403551895,13.45362404707371,14.212670403551895,14.866068747318506,14.866068747318506,15.620499351813308,15.620499351813308,15.0,15.0,15.0,15.0,15.620499351813308,14.866068747318506,15.556349186104045,14.866068747318506,14.866068747318506,16.278820596099706,15.620499351813308,15.620499351813308,15.620499351813308,15.620499351813308,15.0
122.05326705991938,7.0,20.615528128088304,20.8806130178211,19.924858845171276,20.248456731316587,20.248456731316587,20.248456731316587,19.697715603592208,21.02379604162864,20.12461179749811,20.12461179749811,21.470910553583888,20.591260281974,20.591260281974,20.12461179749811,21.02379604162864,21.02379604162864,20.615528128088304,21.540659228538015,20.615528128088304,20.248456731316587,19.924858845171276,19.924858845171276,19.6468827043885,20.396078054371138,20.223748416156685,0.0,0.0,0.0,0.0,0.0,0.0,0.0,0.0,0.0,0.0,0.0,13.341664064126334,14.142135623730951,14.035668847618199,14.035668847618199,15.033296378372908,15.0,15.0,16.0312195418814,16.0,16.0312195418814,16.0312195418814,17.029386365926403,17.029386365926403,17.029386365926403,17.029386365926403,18.027756377319946,18.0,18.0,18.027756377319946,17.029386365926403,18.110770276274835,19.1049731745428,19.235384061671343,19.235384061671343,19.4164878389476,19.4164878389476
146.0,6.0,22.360679774997898,22.360679774997898,21.93171219946131,22.47220505424423,22.47220505424423,22.135943621178654,21.840329667841555,21.840329667841555,21.840329667841555,22.80350850198276,22.561028345356956,21.587033144922902,21.587033144922902,21.587033144922902,21.587033144922902,21.840329667841555,22.135943621178654,22.135943621178654,22.135943621178654,21.18962010041709,20.248456731316587,21.02379604162864,20.12461179749811,20.591260281974,20.248456731316587,0.0,0.0,0.0,0.0,0.0,0.0,0.0,0.0,0.0,0.0,0.0,15.652475842498529,15.264337522473747,15.811388300841896,15.811388300841896,16.401219466856727,16.401219466856727,17.804493814764857,18.439088914585774,18.439088914585774,18.384776310850235,18.384776310850235,19.1049731745428,19.79898987322333,19.79898987322333,19.1049731745428,19.79898987322333,19.1049731745428,19.849433241279208,19.849433241279208,20.615528128088304,20.808652046684813,20.808652046684813,20.808652046684813,21.633307652783937,21.633307652783937,21.095023109728988
146.0,6.0,20.591260281974,21.095023109728988,21.095023109728988,20.248456731316587,20.808652046684813,20.808652046684813,20.0,20.615528128088304,20.615528128088304,21.2602916254693,21.2602916254693,20.518284528683193,20.518284528683193,20.518284528683193,20.615528128088304,20.615528128088304,20.0,21.400934559032695,20.0,20.808652046684813,20.248456731316587,19.72308292331602,19.235384061671343,20.12461179749811,19.313207915827967,0.0,0.0,0.0,0.0,0.0,0.0,0.0,0.0,0.0,0.0,0.0,13.892443989449804,14.7648230602334,15.231546211727817,15.231546211727817,16.15549442140351,15.811388300841896,16.76305461424021,18.027756377319946,16.76305461424021,17.46424919657298,17.46424919657298,18.439088914585774,18.439088914585774,18.439088914585774,18.439088914585774,19.4164878389476,18.681541692269406,18.681541692269406,18.681541692269406,18.973665961010276,20.248456731316587,20.248456731316587,19.697715603592208,20.615528128088304,20.615528128088304,20.12461179749811
132.03408650799233,7.0,22.02271554554524,21.400934559032695,20.808652046684813,21.633307652783937,21.095023109728988,20.591260281974,20.591260281974,20.12461179749811,20.591260281974,21.02379604162864,21.02379604162864,21.02379604162864,20.615528128088304,20.615528128088304,20.615528128088304,21.02379604162864,21.02379604162864,21.470910553583888,20.591260281974,19.72308292331602,19.72308292331602,19.4164878389476,19.4164878389476,19.209372712298546,19.1049731745428,0.0,0.0,0.0,0.0,0.0,0.0,0.0,0.0,0.0,0.0,0.0,15.620499351813308,15.556349186104045,15.556349186104045,16.278820596099706,16.278820596099706,16.401219466856727,17.804493814764857,17.804493814764857,17.804493814764857,18.027756377319946,18.867962264113206,18.867962264113206,18.867962264113206,18.867962264113206,18.867962264113206,19.4164878389476,19.4164878389476,20.0,20.0,19.849433241279208,19.849433241279208,20.518284528683193,20.518284528683193,20.518284528683193,21.213203435596427,20.518284528683193
132.03408650799233,7.0,22.847319317591726,22.47220505424423,22.47220505424423,22.135943621178654,21.840329667841555,20.8806130178211,21.587033144922902,21.587033144922902,22.561028345356956,22.360679774997898,21.213203435596427,21.213203435596427,21.213203435596427,22.20360331117452,21.213203435596427,22.360679774997898,21.37755832643195,21.587033144922902,21.587033144922902,20.8806130178211,19.924858845171276,20.248456731316587,19.313207915827967,20.615528128088304,19.235384061671343,0.0,0.0,0.0,0.0,0.0,0.0,0.0,0.0,0.0,0.0,0.0,16.76305461424021,17.08800749063506,17.0,17.0,17.4928556845359,17.4928556845359,18.867962264113206,19.72308292331602,19.4164878389476,20.0,20.0,20.615528128088304,20.615528128088304,20.615528128088304,20.615528128088304,20.615528128088304,20.0,20.808652046684813,20.808652046684813,20.808652046684813,21.633307652783937,21.95449840010015,21.95449840010015,21.470910553583888,22.360679774997898,21.93171219946131
122.05326705991938,7.0,18.027756377319946,17.204650534085253,17.204650534085253,17.804493814764857,17.029386365926403,17.029386365926403,16.278820596099706,16.97056274847714,16.278820596099706,16.97056274847714,16.97056274847714,17.029386365926403,17.029386365926403,17.029386365926403,16.278820596099706,16.97056274847714,16.278820596099706,16.97056274847714,16.97056274847714,16.278820596099706,16.278820596099706,15.620499351813308,15.811388300841896,15.811388300841896,15.264337522473747,0.0,0.0,0.0,0.0,0.0,0.0,0.0,0.0,0.0,0.0,0.0,13.892443989449804,14.317821063276353,14.317821063276353,13.92838827718412,14.866068747318506,14.560219778561036,14.866068747318506,15.811388300841896,15.524174696260024,15.524174696260024,15.297058540778355,16.278820596099706,16.278820596099706,16.278820596099706,16.278820596099706,16.278820596099706,15.524174696260024,16.492422502470642,15.811388300841896,15.811388300841896,17.08800749063506,17.46424919657298,17.46424919657298,16.55294535724685,16.55294535724685,17.46424919657298
146.0,6.0,24.413111231467404,25.0,24.20743687382041,24.839484696748443,24.758836806279895,23.345235059857504,24.041630560342615,24.041630560342615,24.041630560342615,24.758836806279895,24.839484696748443,24.08318915758459,23.430749027719962,24.08318915758459,24.08318915758459,24.08318915758459,23.345235059857504,24.041630560342615,24.041630560342615,23.345235059857504,22.67156809750927,22.67156809750927,21.400934559032695,22.20360331117452,21.095023109728988,0.0,0.0,0.0,0.0,0.0,0.0,0.0,0.0,0.0,0.0,0.0,19.4164878389476,18.867962264113206,19.235384061671343,19.235384061671343,18.788294228055936,19.697715603592208,20.615528128088304,21.540659228538015,21.540659228538015,21.18962010041709,21.840329667841555,21.840329667841555,21.840329667841555,22.135943621178654,22.80350850198276,22.80350850198276,22.135943621178654,23.40939982143925,22.47220505424423,22.847319317591726,23.259406699226016,23.706539182259394,23.706539182259394,24.186773244895647,24.186773244895647,24.186773244895647
146.0,6.0,25.179356624028344,25.079872407968907,24.08318915758459,24.020824298928627,25.0,24.0,24.020824298928627,24.020824298928627,24.020824298928627,24.08318915758459,25.179356624028344,24.186773244895647,24.186773244895647,24.186773244895647,24.08318915758459,24.08318915758459,23.021728866442675,24.020824298928627,24.0,23.0,23.021728866442675,23.08679276123039,22.090722034374522,22.20360331117452,22.360679774997898,0.0,0.0,0.0,0.0,0.0,0.0,0.0,0.0,0.0,0.0,0.0,18.110770276274835,18.439088914585774,18.439088914585774,18.681541692269406,19.6468827043885,18.973665961010276,20.248456731316587,21.18962010041709,21.540659228538015,21.540659228538015,21.93171219946131,21.93171219946131,21.93171219946131,21.93171219946131,21.93171219946131,23.259406699226016,22.847319317591726,22.847319317591726,22.47220505424423,22.135943621178654,24.041630560342615,24.041630560342615,23.769728648009426,23.53720459187964,24.515301344262525,23.345235059857504
132.03408650799233,7.0,24.331050121192877,24.186773244895647,24.08318915758459,24.020824298928627,24.0,23.0,23.0,23.021728866442675,24.08318915758459,24.08318915758459,24.08318915758459,24.08318915758459,24.08318915758459,24.186773244895647,24.08318915758459,24.08318915758459,23.021728866442675,24.020824298928627,24.0,23.0,23.021728866442675,23.08679276123039,22.20360331117452,22.360679774997898,22.561028345356956,0.0,0.0,0.0,0.0,0.0,0.0,0.0,0.0,0.0,0.0,0.0,18.24828759089466,17.46424919657298,17.72004514666935,18.973665961010276,18.027756377319946,18.384776310850235,19.313207915827967,20.615528128088304,20.615528128088304,20.12461179749811,20.591260281974,21.095023109728988,21.470910553583888,21.470910553583888,21.470910553583888,21.470910553583888,21.93171219946131,21.93171219946131,21.540659228538015,21.540659228538015,23.08679276123039,23.08679276123039,22.80350850198276,22.80350850198276,23.769728648009426,22.561028345356956
132.03408650799233,7.0,24.515301344262525,24.515301344262525,24.73863375370596,25.0,25.0,24.351591323771842,24.698178070456937,23.769728648009426,25.079872407968907,25.079872407968907,25.495097567963924,24.596747752497688,24.166091947189145,25.079872407968907,25.079872407968907,25.079872407968907,24.698178070456937,25.632011235952593,25.632011235952593,24.351591323771842,24.041630560342615,23.53720459187964,23.345235059857504,24.331050121192877,23.08679276123039,0.0,0.0,0.0,0.0,0.0,0.0,0.0,0.0,0.0,0.0,0.0,18.24828759089466,18.027756377319946,18.027756377319946,18.0,19.0,19.026297590440446,20.024984394500787,21.02379604162864,20.09975124224178,20.223748416156685,20.396078054371138,20.396078054371138,21.37755832643195,21.37755832643195,21.37755832643195,21.213203435596427,21.213203435596427,22.090722034374522,22.090722034374522,22.02271554554524,23.0,23.0,23.021728866442675,24.020824298928627,23.08679276123039,23.194827009486403
122.05326705991938,7.0,23.430749027719962,24.08318915758459,22.67156809750927,23.345235059857504,23.345235059857504,22.67156809750927,22.67156809750927,23.430749027719962,22.80350850198276,23.600847442411894,23.600847442411894,23.021728866442675,23.021728866442675,23.021728866442675,23.600847442411894,23.600847442411894,22.80350850198276,24.20743687382041,23.430749027719962,23.430749027719962,22.67156809750927,21.93171219946131,21.93171219946131,22.67156809750927,21.400934559032695,0.0,0.0,0.0,0.0,0.0,0.0,0.0,0.0,0.0,0.0,0.0,20.0,20.248456731316587,19.72308292331602,20.591260281974,20.12461179749811,21.02379604162864,21.02379604162864,21.93171219946131,21.540659228538015,22.135943621178654,22.135943621178654,22.135943621178654,22.135943621178654,22.135943621178654,23.08679276123039,22.135943621178654,22.47220505424423,22.47220505424423,21.93171219946131,21.93171219946131,22.825424421026653,22.825424421026653,21.95449840010015,22.47220505424423,23.021728866442675,23.021728866442675
132.03408650799233,7.0,24.08318915758459,24.758836806279895,24.041630560342615,24.041630560342615,24.08318915758459,22.67156809750927,23.430749027719962,22.80350850198276,23.600847442411894,23.600847442411894,24.413111231467404,23.021728866442675,23.853720883753127,24.413111231467404,24.413111231467404,25.0,24.20743687382041,24.839484696748443,24.839484696748443,24.08318915758459,23.345235059857504,23.345235059857504,22.67156809750927,23.430749027719962,23.600847442411894,0.0,0.0,0.0,0.0,0.0,0.0,0.0,0.0,0.0,0.0,0.0,19.1049731745428,20.0,19.4164878389476,20.248456731316587,19.72308292331602,20.591260281974,20.591260281974,21.470910553583888,21.02379604162864,21.93171219946131,21.540659228538015,21.540659228538015,21.540659228538015,21.540659228538015,21.540659228538015,22.47220505424423,21.93171219946131,21.93171219946131,21.93171219946131,21.470910553583888,23.323807579381203,23.323807579381203,23.021728866442675,23.021728866442675,23.600847442411894,23.430749027719962
132.03408650799233,7.0,15.811388300841896,16.15549442140351,16.15549442140351,15.652475842498529,15.652475842498529,15.652475842498529,14.7648230602334,15.264337522473747,16.1245154965971,16.1245154965971,15.811388300841896,15.811388300841896,15.0,15.811388300841896,15.811388300841896,15.811388300841896,15.264337522473747,15.811388300841896,15.264337522473747,15.264337522473747,15.264337522473747,14.7648230602334,14.317821063276353,15.231546211727817,14.866068747318506,0.0,0.0,0.0,0.0,0.0,0.0,0.0,0.0,0.0,0.0,0.0,13.341664064126334,14.142135623730951,14.142135623730951,14.142135623730951,14.035668847618199,14.035668847618199,15.033296378372908,15.033296378372908,15.0,15.033296378372908,15.033296378372908,15.033296378372908,15.033296378372908,15.033296378372908,15.033296378372908,15.033296378372908,15.0,15.0,15.033296378372908,15.033296378372908,15.132745950421556,15.132745950421556,15.132745950421556,15.132745950421556,15.297058540778355,15.297058540778355
169.33103672983285,7.0,15.0,15.620499351813308,14.866068747318506,15.556349186104045,15.556349186104045,14.866068747318506,15.620499351813308,14.866068747318506,14.866068747318506,15.0,15.0,15.0,15.0,15.0,15.0,15.0,14.212670403551895,14.866068747318506,14.866068747318506,14.866068747318506,13.45362404707371,14.142135623730951,13.45362404707371,14.212670403551895,13.601470508735444,0.0,0.0,0.0,0.0,0.0,0.0,0.0,0.0,0.0,0.0,0.0,12.806248474865697,13.038404810405298,13.038404810405298,12.529964086141668,13.416407864998739,13.416407864998739,14.317821063276353,14.317821063276353,14.317821063276353,14.866068747318506,14.560219778561036,14.560219778561036,14.560219778561036,14.560219778561036,14.560219778561036,14.560219778561036,14.866068747318506,14.866068747318506,14.317821063276353,14.317821063276353,15.652475842498529,15.652475842498529,14.7648230602334,15.264337522473747,15.264337522473747,15.264337522473747
169.33103672983285,7.0,24.73863375370596,24.515301344262525,24.515301344262525,24.331050121192877,24.186773244895647,24.186773244895647,24.08318915758459,24.020824298928627,25.019992006393608,25.019992006393608,24.0,24.0,24.020824298928627,25.0,24.0,25.0,24.020824298928627,25.019992006393608,24.08318915758459,24.08318915758459,23.194827009486403,23.345235059857504,22.360679774997898,22.561028345356956,21.840329667841555,0.0,0.0,0.0,0.0,0.0,0.0,0.0,0.0,0.0,0.0,0.0,18.973665961010276,19.313207915827967,19.697715603592208,19.235384061671343,20.12461179749811,20.591260281974,20.591260281974,21.95449840010015,21.095023109728988,21.633307652783937,21.400934559032695,22.20360331117452,21.400934559032695,22.20360331117452,22.20360331117452,23.021728866442675,22.47220505424423,23.323807579381203,21.95449840010015,21.95449840010015,23.259406699226016,23.259406699226016,23.769728648009426,23.769728648009426,24.351591323771842,24.351591323771842
139.54210834009928,7.0,25.298221281347036,25.0,25.0,24.73863375370596,25.495097567963924,24.515301344262525,24.331050121192877,25.179356624028344,25.179356624028344,25.179356624028344,25.079872407968907,25.079872407968907,24.08318915758459,25.079872407968907,25.179356624028344,25.179356624028344,24.331050121192877,25.317977802344327,25.495097567963924,24.515301344262525,23.53720459187964,24.041630560342615,23.08679276123039,23.40939982143925,22.847319317591726,0.0,0.0,0.0,0.0,0.0,0.0,0.0,0.0,0.0,0.0,0.0,18.027756377319946,17.46424919657298,17.88854381999832,17.88854381999832,18.35755975068582,18.35755975068582,18.867962264113206,19.72308292331602,20.248456731316587,20.808652046684813,20.0,20.0,21.400934559032695,21.400934559032695,21.400934559032695,22.20360331117452,21.633307652783937,22.47220505424423,21.95449840010015,21.95449840010015,22.825424421026653,23.706539182259394,23.259406699226016,23.259406699226016,23.769728648009426,23.769728648009426
139.54210834009928,7.0,26.076809620810597,25.238858928247925,25.238858928247925,25.0,25.612496949731394,24.839484696748443,24.839484696748443,25.495097567963924,25.495097567963924,25.495097567963924,25.45584412271571,25.45584412271571,25.45584412271571,25.45584412271571,24.758836806279895,26.1725046566048,24.839484696748443,26.248809496813376,25.612496949731394,25.0,24.20743687382041,24.413111231467404,23.323807579381203,24.186773244895647,23.259406699226016,0.0,0.0,0.0,0.0,0.0,0.0,0.0,0.0,0.0,0.0,0.0,17.4928556845359,17.88854381999832,18.384776310850235,18.384776310850235,18.384776310850235,18.973665961010276,19.924858845171276,19.924858845171276,19.924858845171276,20.615528128088304,20.615528128088304,21.587033144922902,21.587033144922902,21.587033144922902,21.587033144922902,22.561028345356956,21.840329667841555,22.80350850198276,22.135943621178654,22.47220505424423,22.847319317591726,23.769728648009426,24.166091947189145,23.259406699226016,23.706539182259394,23.706539182259394
149.03690818049066,6.0,22.47220505424423,22.47220505424423,23.323807579381203,22.825424421026653,22.825424421026653,22.360679774997898,22.360679774997898,22.847319317591726,22.847319317591726,22.47220505424423,22.47220505424423,22.135943621178654,22.135943621178654,23.40939982143925,22.47220505424423,22.47220505424423,21.93171219946131,22.847319317591726,23.259406699226016,22.360679774997898,22.360679774997898,21.95449840010015,21.095023109728988,21.633307652783937,21.400934559032695,0.0,0.0,0.0,0.0,0.0,0.0,0.0,0.0,0.0,0.0,0.0,18.027756377319946,17.804493814764857,18.439088914585774,17.69180601295413,19.1049731745428,18.384776310850235,19.1049731745428,20.518284528683193,19.849433241279208,20.0,20.0,20.808652046684813,20.808652046684813,20.0,20.808652046684813,21.400934559032695,20.615528128088304,21.2602916254693,20.518284528683193,21.2602916254693,21.93171219946131,21.213203435596427,21.93171219946131,21.93171219946131,22.02271554554524,22.67156809750927
148.4082207965583,7.0,26.92582403567252,26.40075756488817,26.40075756488817,26.832815729997478,26.419689627245813,25.942243542145693,25.553864678361276,26.076809620810597,26.076809620810597,26.627053911388696,26.627053911388696,25.80697580112788,26.627053911388696,26.627053911388696,26.627053911388696,27.459060435491963,26.076809620810597,27.784887978899608,27.294688127912362,25.942243542145693,25.495097567963924,26.0,24.698178070456937,25.632011235952593,25.0,0.0,0.0,0.0,0.0,0.0,0.0,0.0,0.0,0.0,0.0,0.0,17.08800749063506,16.76305461424021,17.46424919657298,17.26267650163207,18.439088914585774,18.24828759089466,19.235384061671343,20.223748416156685,20.09975124224178,20.09975124224178,20.024984394500787,21.02379604162864,21.02379604162864,22.090722034374522,22.090722034374522,23.08679276123039,22.090722034374522,23.194827009486403,22.360679774997898,22.360679774997898,23.53720459187964,24.73863375370596,23.769728648009426,25.0,25.298221281347036,24.351591323771842
148.4082207965583,7.0,24.166091947189145,23.769728648009426,25.079872407968907,24.698178070456937,24.351591323771842,23.40939982143925,24.041630560342615,23.769728648009426,24.73863375370596,25.709920264364882,24.515301344262525,24.515301344262525,24.515301344262525,25.495097567963924,25.709920264364882,24.73863375370596,24.041630560342615,25.96150997149434,25.298221281347036,24.351591323771842,24.351591323771842,24.166091947189145,23.259406699226016,23.706539182259394,23.323807579381203,0.0,0.0,0.0,0.0,0.0,0.0,0.0,0.0,0.0,0.0,0.0,15.652475842498529,15.264337522473747,15.811388300841896,16.401219466856727,16.401219466856727,17.029386365926403,17.029386365926403,17.804493814764857,18.439088914585774,18.384776310850235,18.384776310850235,19.1049731745428,19.1049731745428,19.79898987322333,19.79898987322333,19.79898987322333,19.849433241279208,20.615528128088304,20.615528128088304,20.615528128088304,21.400934559032695,22.20360331117452,22.47220505424423,22.47220505424423,23.323807579381203,23.323807579381203
146.0,6.0,22.360679774997898,22.847319317591726,22.847319317591726,22.47220505424423,22.135943621178654,21.18962010041709,22.135943621178654,21.840329667841555,21.840329667841555,21.587033144922902,22.561028345356956,21.587033144922902,21.587033144922902,22.561028345356956,21.587033144922902,21.840329667841555,20.8806130178211,22.135943621178654,22.135943621178654,20.615528128088304,20.615528128088304,21.02379604162864,20.12461179749811,20.591260281974,20.248456731316587,0.0,0.0,0.0,0.0,0.0,0.0,0.0,0.0,0.0,0.0,0.0,16.15549442140351,15.652475842498529,16.1245154965971,16.1245154965971,16.64331697709324,17.204650534085253,17.804493814764857,18.601075237738275,19.209372712298546,18.439088914585774,19.1049731745428,19.1049731745428,19.1049731745428,19.1049731745428,19.79898987322333,19.1049731745428,19.849433241279208,19.849433241279208,20.0,20.0,20.808652046684813,21.633307652783937,21.633307652783937,21.095023109728988,21.95449840010015,21.095023109728988
146.0,6.0,23.323807579381203,24.186773244895647,22.825424421026653,23.259406699226016,22.847319317591726,22.847319317591726,22.47220505424423,22.47220505424423,22.47220505424423,24.351591323771842,23.08679276123039,23.08679276123039,23.08679276123039,23.08679276123039,23.08679276123039,23.40939982143925,22.47220505424423,23.40939982143925,23.40939982143925,22.847319317591726,21.93171219946131,22.360679774997898,21.95449840010015,22.47220505424423,22.20360331117452,0.0,0.0,0.0,0.0,0.0,0.0,0.0,0.0,0.0,0.0,0.0,18.867962264113206,18.601075237738275,18.439088914585774,19.1049731745428,19.1049731745428,19.79898987322333,19.79898987322333,20.518284528683193,20.518284528683193,21.2602916254693,20.615528128088304,21.400934559032695,21.400934559032695,21.400934559032695,21.400934559032695,22.02271554554524,21.2602916254693,21.2602916254693,21.93171219946131,21.213203435596427,22.67156809750927,22.67156809750927,22.02271554554524,22.80350850198276,23.600847442411894,22.20360331117452
132.03408650799233,7.0,14.7648230602334,14.7648230602334,15.231546211727817,15.231546211727817,15.811388300841896,14.866068747318506,14.866068747318506,14.560219778561036,15.524174696260024,15.524174696260024,15.524174696260024,15.524174696260024,14.560219778561036,15.524174696260024,15.524174696260024,15.811388300841896,14.866068747318506,15.811388300841896,15.811388300841896,15.231546211727817,14.317821063276353,15.652475842498529,13.892443989449804,14.422205101855956,14.212670403551895,0.0,0.0,0.0,0.0,0.0,0.0,0.0,0.0,0.0,0.0,0.0,9.433981132056603,9.433981132056603,10.0,10.0,10.0,9.899494936611665,10.63014581273465,11.313708498984761,11.313708498984761,11.313708498984761,11.40175425099138,11.40175425099138,12.041594578792296,12.041594578792296,12.041594578792296,12.041594578792296,11.313708498984761,12.727922061357855,12.041594578792296,12.806248474865697,13.601470508735444,13.601470508735444,13.601470508735444,13.601470508735444,14.422205101855956,13.892443989449804
122.05326705991938,7.0,22.627416997969522,24.08318915758459,22.67156809750927,23.430749027719962,23.600847442411894,22.80350850198276,23.021728866442675,23.853720883753127,23.323807579381203,23.853720883753127,23.853720883753127,23.853720883753127,23.323807579381203,23.853720883753127,23.853720883753127,23.853720883753127,23.600847442411894,24.413111231467404,24.20743687382041,23.430749027719962,22.67156809750927,22.627416997969522,22.67156809750927,23.430749027719962,22.80350850198276,0.0,0.0,0.0,0.0,0.0,0.0,0.0,0.0,0.0,0.0,0.0,14.866068747318506,15.620499351813308,15.811388300841896,15.811388300841896,15.811388300841896,16.64331697709324,16.64331697709324,18.027756377319946,17.4928556845359,17.88854381999832,18.788294228055936,18.788294228055936,18.788294228055936,19.235384061671343,19.235384061671343,20.12461179749811,19.72308292331602,19.72308292331602,20.248456731316587,19.4164878389476,21.400934559032695,21.400934559032695,22.02271554554524,22.02271554554524,22.67156809750927,21.93171219946131
132.03408650799233,7.0,14.317821063276353,15.231546211727817,13.92838827718412,15.811388300841896,15.811388300841896,14.560219778561036,15.524174696260024,15.524174696260024,14.317821063276353,15.297058540778355,15.132745950421556,15.132745950421556,16.278820596099706,15.297058540778355,16.278820596099706,15.524174696260024,15.524174696260024,15.811388300841896,14.866068747318506,14.866068747318506,15.231546211727817,14.317821063276353,14.317821063276353,14.7648230602334,14.422205101855956,0.0,0.0,0.0,0.0,0.0,0.0,0.0,0.0,0.0,0.0,0.0,9.848857801796104,10.295630140987,9.433981132056603,10.295630140987,9.433981132056603,10.816653826391969,10.63014581273465,11.40175425099138,11.40175425099138,10.63014581273465,12.041594578792296,12.041594578792296,12.041594578792296,12.041594578792296,12.041594578792296,12.041594578792296,12.806248474865697,12.041594578792296,13.601470508735444,12.806248474865697,13.038404810405298,13.892443989449804,13.038404810405298,13.416407864998739,14.317821063276353,14.317821063276353
132.03408650799233,7.0,11.313708498984761,12.041594578792296,11.40175425099138,11.40175425099138,10.816653826391969,10.816653826391969,10.816653826391969,10.816653826391969,10.816653826391969,10.295630140987,11.661903789690601,11.180339887498949,11.180339887498949,11.180339887498949,11.180339887498949,11.180339887498949,11.180339887498949,11.661903789690601,10.295630140987,10.816653826391969,10.816653826391969,10.0,10.0,10.63014581273465,9.899494936611665,0.0,0.0,0.0,0.0,0.0,0.0,0.0,0.0,0.0,0.0,0.0,9.219544457292887,9.219544457292887,9.433981132056603,10.295630140987,9.433981132056603,9.433981132056603,10.295630140987,10.295630140987,10.295630140987,9.848857801796104,10.295630140987,10.770329614269007,11.180339887498949,11.180339887498949,10.770329614269007,11.180339887498949,11.180339887498949,11.180339887498949,10.295630140987,10.0,10.816653826391969,10.816653826391969,11.40175425099138,11.40175425099138,11.40175425099138,10.63014581273465
120.07081243999309,6.0,16.15549442140351,15.811388300841896,15.811388300841896,16.492422502470642,16.492422502470642,15.297058540778355,15.297058540778355,16.278820596099706,16.1245154965971,16.1245154965971,16.1245154965971,16.1245154965971,16.1245154965971,16.1245154965971,16.1245154965971,16.278820596099706,16.278820596099706,16.492422502470642,16.492422502470642,15.524174696260024,15.811388300841896,15.811388300841896,15.231546211727817,15.652475842498529,14.7648230602334,0.0,0.0,0.0,0.0,0.0,0.0,0.0,0.0,0.0,0.0,0.0,9.848857801796104,10.295630140987,10.295630140987,10.816653826391969,10.816653826391969,10.816653826391969,11.40175425099138,12.206555615733702,12.206555615733702,12.041594578792296,12.041594578792296,12.041594578792296,12.806248474865697,12.806248474865697,13.45362404707371,13.45362404707371,12.806248474865697,13.601470508735444,13.601470508735444,13.601470508735444,14.422205101855956,14.7648230602334,14.7648230602334,14.7648230602334,15.231546211727817,15.231546211727817
120.07081243999309,6.0,23.323807579381203,23.021728866442675,23.021728866442675,23.600847442411894,23.600847442411894,22.80350850198276,22.02271554554524,22.67156809750927,22.67156809750927,23.345235059857504,23.345235059857504,23.345235059857504,23.345235059857504,23.345235059857504,23.345235059857504,23.430749027719962,22.80350850198276,23.430749027719962,23.600847442411894,23.021728866442675,22.47220505424423,21.95449840010015,21.470910553583888,22.360679774997898,21.540659228538015,0.0,0.0,0.0,0.0,0.0,0.0,0.0,0.0,0.0,0.0,0.0,16.64331697709324,17.0,16.55294535724685,17.46424919657298,17.46424919657298,18.027756377319946,19.313207915827967,19.313207915827967,18.973665961010276,19.6468827043885,19.6468827043885,19.4164878389476,20.615528128088304,20.615528128088304,20.615528128088304,20.615528128088304,20.8806130178211,20.8806130178211,20.8806130178211,21.18962010041709,22.47220505424423,21.540659228538015,22.847319317591726,22.360679774997898,22.360679774997898,22.360679774997898
169.33103672983285,7.0,16.278820596099706,16.1245154965971,16.1245154965971,16.0312195418814,16.0312195418814,16.0312195418814,16.0,16.0,16.0312195418814,16.0312195418814,16.0312195418814,16.0312195418814,16.0312195418814,17.029386365926403,16.0312195418814,17.029386365926403,16.0,17.029386365926403,17.029386365926403,16.0312195418814,16.1245154965971,16.1245154965971,15.297058540778355,16.492422502470642,15.811388300841896,0.0,0.0,0.0,0.0,0.0,0.0,0.0,0.0,0.0,0.0,0.0,10.44030650891055,10.44030650891055,10.770329614269007,10.770329614269007,11.180339887498949,11.180339887498949,11.180339887498949,12.083045973594572,12.529964086141668,12.529964086141668,12.529964086141668,13.038404810405298,13.038404810405298,13.038404810405298,13.038404810405298,13.892443989449804,13.416407864998739,14.317821063276353,13.416407864998739,13.92838827718412,14.866068747318506,14.866068747318506,14.866068747318506,14.560219778561036,15.524174696260024,15.524174696260024
169.33103672983285,7.0,16.278820596099706,15.620499351813308,17.029386365926403,15.620499351813308,15.811388300841896,15.811388300841896,15.811388300841896,15.264337522473747,16.64331697709324,16.64331697709324,16.64331697709324,16.1245154965971,16.1245154965971,17.0,16.1245154965971,16.64331697709324,15.811388300841896,16.64331697709324,15.811388300841896,15.811388300841896,15.0,16.278820596099706,14.866068747318506,15.556349186104045,14.866068747318506,0.0,0.0,0.0,0.0,0.0,0.0,0.0,0.0,0.0,0.0,0.0,11.313708498984761,10.63014581273465,11.40175425099138,11.40175425099138,11.40175425099138,10.816653826391969,12.206555615733702,13.038404810405298,13.038404810405298,13.416407864998739,13.416407864998739,13.416407864998739,13.416407864998739,13.416407864998739,13.416407864998739,14.7648230602334,13.038404810405298,14.422205101855956,13.601470508735444,13.601470508735444,15.0,15.0,15.620499351813308,15.620499351813308,15.620499351813308,14.866068747318506
139.54210834009928,7.0,22.67156809750927,23.430749027719962,22.80350850198276,23.600847442411894,23.600847442411894,23.021728866442675,23.021728866442675,22.47220505424423,23.323807579381203,22.825424421026653,23.706539182259394,23.706539182259394,23.706539182259394,22.825424421026653,22.825424421026653,23.323807579381203,23.021728866442675,23.021728866442675,23.600847442411894,22.80350850198276,22.02271554554524,22.02271554554524,21.93171219946131,21.93171219946131,21.2602916254693,0.0,0.0,0.0,0.0,0.0,0.0,0.0,0.0,0.0,0.0,0.0,15.620499351813308,15.556349186104045,16.278820596099706,17.029386365926403,17.029386365926403,16.401219466856727,18.027756377319946,18.601075237738275,19.4164878389476,18.867962264113206,18.867962264113206,19.72308292331602,19.72308292331602,19.72308292331602,20.591260281974,19.72308292331602,20.248456731316587,20.248456731316587,20.808652046684813,20.808652046684813,21.400934559032695,22.02271554554524,22.02271554554524,21.93171219946131,22.627416997969522,22.627416997969522
139.54210834009928,7.0,24.041630560342615,24.73863375370596,24.041630560342615,24.73863375370596,24.515301344262525,23.345235059857504,24.331050121192877,24.186773244895647,24.186773244895647,24.186773244895647,24.186773244895647,24.08318915758459,24.08318915758459,24.186773244895647,25.179356624028344,24.186773244895647,23.345235059857504,24.331050121192877,24.515301344262525,23.53720459187964,22.80350850198276,23.08679276123039,22.135943621178654,22.847319317591726,22.360679774997898,0.0,0.0,0.0,0.0,0.0,0.0,0.0,0.0,0.0,0.0,0.0,16.76305461424021,17.08800749063506,16.15549442140351,17.46424919657298,17.46424919657298,17.88854381999832,18.35755975068582,20.12461179749811,19.72308292331602,18.867962264113206,19.4164878389476,20.808652046684813,20.808652046684813,20.808652046684813,20.808652046684813,20.808652046684813,21.633307652783937,21.095023109728988,21.095023109728988,20.591260281974,22.360679774997898,22.360679774997898,23.259406699226016,22.847319317591726,23.769728648009426,23.769728648009426
148.4082207965583,7.0,26.476404589747453,25.709920264364882,26.476404589747453,25.709920264364882,25.96150997149434,25.0,25.0,25.298221281347036,25.298221281347036,25.632011235952593,26.0,25.079872407968907,25.079872407968907,26.0,25.632011235952593,26.570660511172846,25.0,25.298221281347036,25.0,24.73863375370596,24.73863375370596,24.331050121192877,23.345235059857504,24.186773244895647,23.021728866442675,0.0,0.0,0.0,0.0,0.0,0.0,0.0,0.0,0.0,0.0,0.0,17.26267650163207,17.11724276862369,18.027756377319946,18.027756377319946,19.026297590440446,19.0,20.0,21.02379604162864,21.02379604162864,21.095023109728988,21.213203435596427,21.213203435596427,21.213203435596427,22.20360331117452,22.20360331117452,23.194827009486403,22.090722034374522,23.08679276123039,22.02271554554524,23.021728866442675,24.0,24.0,25.019992006393608,24.08318915758459,25.079872407968907,25.079872407968907
149.03690818049066,6.0,26.0,26.570660511172846,26.570660511172846,26.248809496813376,25.96150997149434,25.709920264364882,25.709920264364882,25.495097567963924,25.495097567963924,26.476404589747453,26.30589287593181,25.317977802344327,25.317977802344327,26.30589287593181,25.317977802344327,25.495097567963924,24.73863375370596,25.709920264364882,25.96150997149434,25.0,24.041630560342615,23.40939982143925,22.847319317591726,24.166091947189145,23.706539182259394,0.0,0.0,0.0,0.0,0.0,0.0,0.0,0.0,0.0,0.0,0.0,17.08800749063506,17.46424919657298,17.88854381999832,18.35755975068582,18.35755975068582,18.867962264113206,18.867962264113206,20.248456731316587,20.808652046684813,20.0,20.615528128088304,20.615528128088304,22.02271554554524,22.02271554554524,22.02271554554524,22.80350850198276,22.20360331117452,23.021728866442675,23.021728866442675,22.47220505424423,24.186773244895647,24.186773244895647,24.186773244895647,23.706539182259394,24.596747752497688,25.495097567963924
149.03690818049066,6.0,24.698178070456937,25.079872407968907,24.166091947189145,25.059928172283335,25.553864678361276,24.186773244895647,23.853720883753127,24.698178070456937,23.853720883753127,25.238858928247925,24.413111231467404,24.413111231467404,25.0,24.413111231467404,24.413111231467404,25.238858928247925,24.698178070456937,24.698178070456937,24.698178070456937,23.323807579381203,22.825424421026653,22.360679774997898,22.847319317591726,23.40939982143925,21.840329667841555,0.0,0.0,0.0,0.0,0.0,0.0,0.0,0.0,0.0,0.0,0.0,15.811388300841896,16.492422502470642,16.278820596099706,17.26267650163207,17.26267650163207,18.110770276274835,19.235384061671343,19.235384061671343,19.1049731745428,19.026297590440446,20.024984394500787,20.0,21.02379604162864,21.02379604162864,21.02379604162864,22.02271554554524,22.090722034374522,22.090722034374522,22.20360331117452,22.360679774997898,22.561028345356956,23.53720459187964,22.80350850198276,23.769728648009426,24.041630560342615,24.041630560342615
122.05326705991938,7.0,24.413111231467404,23.853720883753127,25.238858928247925,24.698178070456937,24.698178070456937,23.323807579381203,24.186773244895647,23.706539182259394,24.596747752497688,25.495097567963924,24.166091947189145,24.166091947189145,24.166091947189145,25.079872407968907,25.079872407968907,24.596747752497688,24.186773244895647,25.059928172283335,24.698178070456937,23.853720883753127,23.021728866442675,23.600847442411894,22.02271554554524,22.67156809750927,22.627416997969522,0.0,0.0,0.0,0.0,0.0,0.0,0.0,0.0,0.0,0.0,0.0,18.027756377319946,17.029386365926403,17.69180601295413,18.384776310850235,18.384776310850235,18.439088914585774,19.1049731745428,19.849433241279208,20.615528128088304,20.0,20.808652046684813,20.808652046684813,20.808652046684813,20.808652046684813,20.808652046684813,21.633307652783937,21.400934559032695,22.02271554554524,21.2602916254693,21.2602916254693,21.93171219946131,22.627416997969522,22.627416997969522,23.345235059857504,23.345235059857504,24.08318915758459
148.4082207965583,7.0,23.853720883753127,24.698178070456937,24.698178070456937,25.059928172283335,25.059928172283335,23.706539182259394,24.596747752497688,25.079872407968907,23.40939982143925,24.698178070456937,24.698178070456937,24.351591323771842,24.698178070456937,24.698178070456937,25.632011235952593,24.698178070456937,24.166091947189145,25.495097567963924,24.596747752497688,23.706539182259394,23.323807579381203,23.323807579381203,23.021728866442675,23.600847442411894,22.80350850198276,0.0,0.0,0.0,0.0,0.0,0.0,0.0,0.0,0.0,0.0,0.0,17.204650534085253,18.439088914585774,17.69180601295413,18.384776310850235,18.384776310850235,18.439088914585774,19.1049731745428,20.518284528683193,19.849433241279208,20.0,20.0,20.808652046684813,20.808652046684813,20.808652046684813,20.808652046684813,20.808652046684813,22.02271554554524,21.2602916254693,22.02271554554524,21.93171219946131,22.627416997969522,22.627416997969522,22.67156809750927,23.430749027719962,23.430749027719962,24.20743687382041
146.0,6.0,23.53720459187964,24.73863375370596,24.041630560342615,24.351591323771842,24.698178070456937,23.40939982143925,23.769728648009426,23.769728648009426,24.596747752497688,24.166091947189145,24.596747752497688,24.596747752497688,24.596747752497688,24.596747752497688,25.079872407968907,25.079872407968907,24.698178070456937,25.298221281347036,24.351591323771842,24.041630560342615,23.769728648009426,22.561028345356956,22.360679774997898,23.194827009486403,23.08679276123039,0.0,0.0,0.0,0.0,0.0,0.0,0.0,0.0,0.0,0.0,0.0,17.46424919657298,18.24828759089466,17.11724276862369,18.027756377319946,18.027756377319946,19.0,20.0,21.0,20.0,20.024984394500787,21.095023109728988,21.095023109728988,21.095023109728988,21.095023109728988,22.090722034374522,21.095023109728988,22.02271554554524,22.02271554554524,22.0,22.0,23.021728866442675,23.08679276123039,23.08679276123039,23.194827009486403,23.345235059857504,23.53720459187964
132.03408650799233,7.0,25.80697580112788,25.80697580112788,26.076809620810597,26.076809620810597,26.92582403567252,25.059928172283335,25.059928172283335,25.059928172283335,25.495097567963924,26.40075756488817,25.495097567963924,25.495097567963924,25.495097567963924,26.40075756488817,26.40075756488817,25.942243542145693,25.553864678361276,26.92582403567252,26.076809620810597,25.238858928247925,24.413111231467404,24.20743687382041,24.08318915758459,24.758836806279895,24.08318915758459,0.0,0.0,0.0,0.0,0.0,0.0,0.0,0.0,0.0,0.0,0.0,17.204650534085253,17.029386365926403,16.97056274847714,18.384776310850235,18.384776310850235,18.439088914585774,19.1049731745428,20.518284528683193,19.849433241279208,20.615528128088304,21.400934559032695,20.808652046684813,22.20360331117452,21.400934559032695,22.20360331117452,22.20360331117452,22.80350850198276,22.02271554554524,22.67156809750927,22.67156809750927,24.041630560342615,24.041630560342615,24.758836806279895,24.758836806279895,24.839484696748443,25.612496949731394
149.03690818049066,6.0,26.1725046566048,26.248809496813376,25.495097567963924,25.612496949731394,25.80697580112788,25.0,24.413111231467404,25.238858928247925,25.238858928247925,26.076809620810597,26.419689627245813,26.419689627245813,25.553864678361276,25.553864678361276,26.076809620810597,26.076809620810597,24.413111231467404,25.80697580112788,25.0,25.0,24.839484696748443,24.08318915758459,23.345235059857504,24.041630560342615,23.430749027719962,0.0,0.0,0.0,0.0,0.0,0.0,0.0,0.0,0.0,0.0,0.0,16.97056274847714,17.029386365926403,17.804493814764857,17.804493814764857,18.601075237738275,18.027756377319946,18.867962264113206,20.248456731316587,20.248456731316587,20.591260281974,20.591260281974,20.591260281974,21.95449840010015,21.95449840010015,22.825424421026653,21.95449840010015,21.95449840010015,22.47220505424423,22.47220505424423,23.021728866442675,23.600847442411894,23.600847442411894,23.430749027719962,24.08318915758459,24.758836806279895,24.758836806279895
120.07081243999309,6.0,12.165525060596439,11.180339887498949,12.36931687685298,12.165525060596439,11.045361017187261,12.165525060596439,12.041594578792296,12.041594578792296,12.0,13.0,12.0,12.0,12.0,12.0,12.0,12.0,12.041594578792296,12.041594578792296,12.041594578792296,11.045361017187261,11.045361017187261,11.180339887498949,11.180339887498949,11.40175425099138,10.44030650891055,0.0,0.0,0.0,0.0,0.0,0.0,0.0,0.0,0.0,0.0,0.0,7.280109889280518,7.615773105863909,7.615773105863909,8.06225774829855,8.06225774829855,8.06225774829855,8.06225774829855,9.433981132056603,9.433981132056603,9.433981132056603,9.433981132056603,10.0,10.0,10.0,9.433981132056603,10.0,10.295630140987,10.295630140987,10.295630140987,9.848857801796104,11.180339887498949,11.180339887498949,10.770329614269007,11.704699910719626,10.770329614269007,11.704699910719626
120.07081243999309,6.0,11.180339887498949,11.180339887498949,11.180339887498949,11.180339887498949,11.180339887498949,10.44030650891055,11.40175425099138,11.704699910719626,10.770329614269007,11.40175425099138,10.770329614269007,10.770329614269007,10.770329614269007,10.770329614269007,10.770329614269007,11.704699910719626,10.44030650891055,11.704699910719626,11.40175425099138,11.40175425099138,10.198039027185569,11.045361017187261,10.04987562112089,10.0,10.0,0.0,0.0,0.0,0.0,0.0,0.0,0.0,0.0,0.0,0.0,0.0,6.082762530298219,6.0,7.0,7.0710678118654755,7.0,7.0,7.0,8.0,9.219544457292887,8.246211251235321,8.06225774829855,8.246211251235321,8.246211251235321,9.219544457292887,9.219544457292887,9.219544457292887,9.055385138137417,9.055385138137417,9.055385138137417,10.04987562112089,10.0,10.0,10.0,10.0,11.0,11.0
132.03408650799233,7.0,11.313708498984761,11.313708498984761,12.041594578792296,12.041594578792296,11.40175425099138,11.40175425099138,11.40175425099138,11.40175425099138,10.816653826391969,12.206555615733702,11.661903789690601,12.206555615733702,11.661903789690601,12.206555615733702,12.206555615733702,12.206555615733702,11.40175425099138,12.041594578792296,11.40175425099138,12.041594578792296,11.313708498984761,11.313708498984761,10.63014581273465,11.40175425099138,10.816653826391969,0.0,0.0,0.0,0.0,0.0,0.0,0.0,0.0,0.0,0.0,0.0,7.0710678118654755,7.0710678118654755,7.810249675906654,7.0710678118654755,7.211102550927978,8.06225774829855,8.06225774829855,8.06225774829855,8.06225774829855,8.94427190999916,8.06225774829855,8.94427190999916,8.94427190999916,9.848857801796104,8.94427190999916,8.94427190999916,9.433981132056603,9.433981132056603,10.295630140987,10.0,10.816653826391969,10.816653826391969,11.40175425099138,10.63014581273465,10.0,11.40175425099138
122.05326705991938,7.0,26.076809620810597,26.076809620810597,26.019223662515376,26.0,26.0,26.019223662515376,26.019223662515376,26.076809620810597,26.076809620810597,26.1725046566048,26.1725046566048,26.30589287593181,26.30589287593181,27.294688127912362,26.30589287593181,27.16615541441225,26.076809620810597,27.073972741361768,26.019223662515376,26.019223662515376,25.0,25.079872407968907,25.079872407968907,25.179356624028344,24.515301344262525,0.0,0.0,0.0,0.0,0.0,0.0,0.0,0.0,0.0,0.0,0.0,17.26267650163207,17.46424919657298,17.72004514666935,18.027756377319946,18.027756377319946,18.973665961010276,19.313207915827967,20.248456731316587,20.248456731316587,21.02379604162864,21.02379604162864,21.02379604162864,21.93171219946131,21.93171219946131,21.93171219946131,21.93171219946131,22.47220505424423,22.47220505424423,23.40939982143925,23.08679276123039,24.041630560342615,23.769728648009426,24.515301344262525,24.515301344262525,25.495097567963924,24.331050121192877
122.05326705991938,7.0,26.476404589747453,25.495097567963924,26.476404589747453,25.709920264364882,25.96150997149434,25.0,25.298221281347036,25.298221281347036,26.570660511172846,26.570660511172846,26.0,26.0,26.0,26.0,25.632011235952593,26.570660511172846,25.0,25.96150997149434,25.96150997149434,25.709920264364882,24.73863375370596,25.317977802344327,24.186773244895647,25.079872407968907,24.020824298928627,0.0,0.0,0.0,0.0,0.0,0.0,0.0,0.0,0.0,0.0,0.0,18.24828759089466,17.11724276862369,18.027756377319946,18.027756377319946,19.0,18.0,20.0,21.02379604162864,21.02379604162864,21.095023109728988,21.213203435596427,21.213203435596427,21.213203435596427,21.213203435596427,21.213203435596427,23.194827009486403,22.090722034374522,23.08679276123039,22.02271554554524,22.02271554554524,24.0,24.020824298928627,24.020824298928627,24.08318915758459,25.079872407968907,25.079872407968907
169.33103672983285,7.0,14.7648230602334,14.7648230602334,14.7648230602334,14.317821063276353,15.231546211727817,14.317821063276353,14.866068747318506,14.866068747318506,13.92838827718412,14.560219778561036,14.560219778561036,14.560219778561036,14.560219778561036,14.560219778561036,14.560219778561036,14.866068747318506,13.92838827718412,13.92838827718412,14.866068747318506,14.317821063276353,14.317821063276353,13.416407864998739,13.892443989449804,13.601470508735444,13.601470508735444,0.0,0.0,0.0,0.0,0.0,0.0,0.0,0.0,0.0,0.0,0.0,9.433981132056603,9.433981132056603,9.219544457292887,9.219544457292887,9.899494936611665,9.899494936611665,10.63014581273465,11.313708498984761,11.313708498984761,11.313708498984761,11.40175425099138,11.40175425099138,12.041594578792296,12.041594578792296,12.806248474865697,12.806248474865697,12.041594578792296,12.727922061357855,12.727922061357855,12.727922061357855,13.45362404707371,13.45362404707371,14.212670403551895,13.601470508735444,14.422205101855956,13.601470508735444
139.54210834009928,7.0,24.166091947189145,25.079872407968907,23.769728648009426,24.351591323771842,24.041630560342615,24.041630560342615,23.769728648009426,24.73863375370596,23.53720459187964,24.515301344262525,24.515301344262525,24.515301344262525,24.515301344262525,24.515301344262525,24.515301344262525,24.515301344262525,23.769728648009426,25.0,24.041630560342615,23.08679276123039,22.47220505424423,22.47220505424423,21.93171219946131,22.825424421026653,22.47220505424423,0.0,0.0,0.0,0.0,0.0,0.0,0.0,0.0,0.0,0.0,0.0,15.231546211727817,15.652475842498529,16.1245154965971,16.64331697709324,16.64331697709324,17.204650534085253,18.027756377319946,19.4164878389476,19.4164878389476,19.209372712298546,19.849433241279208,20.518284528683193,20.518284528683193,21.2602916254693,21.2602916254693,21.2602916254693,22.02271554554524,21.400934559032695,21.400934559032695,22.20360331117452,22.47220505424423,23.323807579381203,23.323807579381203,23.323807579381203,23.706539182259394,24.596747752497688
149.03690818049066,6.0,26.1725046566048,26.019223662515376,25.019992006393608,25.0,26.019223662515376,25.019992006393608,25.079872407968907,25.179356624028344,24.08318915758459,25.179356624028344,25.179356624028344,25.317977802344327,25.317977802344327,25.317977802344327,25.317977802344327,25.179356624028344,24.08318915758459,25.179356624028344,25.079872407968907,24.020824298928627,24.020824298928627,24.0,23.08679276123039,24.08318915758459,23.345235059857504,0.0,0.0,0.0,0.0,0.0,0.0,0.0,0.0,0.0,0.0,0.0,16.278820596099706,16.492422502470642,16.76305461424021,16.76305461424021,17.72004514666935,17.08800749063506,18.973665961010276,19.313207915827967,19.313207915827967,19.697715603592208,20.12461179749811,20.12461179749811,21.02379604162864,21.93171219946131,21.93171219946131,21.93171219946131,21.540659228538015,21.540659228538015,22.135943621178654,22.135943621178654,23.769728648009426,23.769728648009426,23.53720459187964,24.515301344262525,24.515301344262525,24.331050121192877
122.05326705991938,7.0,24.758836806279895,25.495097567963924,24.839484696748443,25.612496949731394,25.80697580112788,25.0,24.413111231467404,24.413111231467404,24.698178070456937,25.553864678361276,25.553864678361276,24.186773244895647,24.698178070456937,25.059928172283335,25.553864678361276,25.238858928247925,24.413111231467404,25.80697580112788,25.0,24.20743687382041,23.430749027719962,23.345235059857504,23.345235059857504,23.345235059857504,23.430749027719962,0.0,0.0,0.0,0.0,0.0,0.0,0.0,0.0,0.0,0.0,0.0,17.69180601295413,18.384776310850235,18.439088914585774,19.209372712298546,19.209372712298546,20.0,20.0,20.808652046684813,20.808652046684813,21.095023109728988,21.95449840010015,21.95449840010015,21.95449840010015,21.95449840010015,21.95449840010015,22.825424421026653,22.47220505424423,22.47220505424423,23.021728866442675,23.021728866442675,23.600847442411894,24.20743687382041,23.430749027719962,24.08318915758459,24.758836806279895,24.041630560342615
149.03690818049066,6.0,17.204650534085253,15.811388300841896,16.401219466856727,15.620499351813308,16.278820596099706,16.278820596099706,16.278820596099706,16.278820596099706,16.278820596099706,16.278820596099706,16.278820596099706,16.278820596099706,14.866068747318506,16.278820596099706,15.556349186104045,17.029386365926403,14.866068747318506,15.620499351813308,15.620499351813308,15.0,15.0,15.264337522473747,14.7648230602334,15.652475842498529,14.317821063276353,0.0,0.0,0.0,0.0,0.0,0.0,0.0,0.0,0.0,0.0,0.0,11.40175425099138,11.40175425099138,12.206555615733702,11.661903789690601,12.529964086141668,11.180339887498949,13.416407864998739,13.416407864998739,13.416407864998739,13.92838827718412,13.92838827718412,13.92838827718412,13.92838827718412,13.92838827718412,13.601470508735444,14.866068747318506,13.92838827718412,14.866068747318506,13.92838827718412,14.317821063276353,15.652475842498529,15.652475842498529,16.1245154965971,15.264337522473747,16.1245154965971,15.264337522473747
148.4082207965583,7.0,24.08318915758459,24.020824298928627,24.020824298928627,24.0,24.020824298928627,23.021728866442675,23.08679276123039,24.08318915758459,23.194827009486403,24.186773244895647,24.186773244895647,23.194827009486403,24.186773244895647,24.186773244895647,24.08318915758459,24.08318915758459,23.021728866442675,24.020824298928627,24.0,23.0,22.02271554554524,22.090722034374522,22.20360331117452,22.360679774997898,21.587033144922902,0.0,0.0,0.0,0.0,0.0,0.0,0.0,0.0,0.0,0.0,0.0,16.0312195418814,16.1245154965971,16.278820596099706,17.26267650163207,17.46424919657298,17.46424919657298,18.681541692269406,19.6468827043885,19.924858845171276,19.924858845171276,20.248456731316587,20.248456731316587,20.248456731316587,20.248456731316587,20.615528128088304,21.540659228538015,21.18962010041709,21.18962010041709,20.8806130178211,20.8806130178211,22.561028345356956,22.561028345356956,23.345235059857504,22.360679774997898,23.194827009486403,23.194827009486403
132.03408650799233,7.0,11.704699910719626,11.704699910719626,11.180339887498949,11.180339887498949,11.180339887498949,11.180339887498949,11.180339887498949,11.180339887498949,10.295630140987,11.180339887498949,11.661903789690601,10.816653826391969,10.816653826391969,10.295630140987,11.661903789690601,10.295630140987,10.295630140987,11.180339887498949,10.295630140987,10.770329614269007,10.770329614269007,10.770329614269007,9.486832980505138,10.44030650891055,10.198039027185569,0.0,0.0,0.0,0.0,0.0,0.0,0.0,0.0,0.0,0.0,0.0,6.708203932499369,7.280109889280518,8.06225774829855,8.246211251235321,7.280109889280518,8.246211251235321,9.055385138137417,9.219544457292887,9.055385138137417,9.055385138137417,9.055385138137417,10.04987562112089,9.055385138137417,10.04987562112089,10.04987562112089,10.04987562112089,10.04987562112089,10.04987562112089,10.04987562112089,10.198039027185569,11.180339887498949,11.180339887498949,11.40175425099138,11.40175425099138,11.40175425099138,10.44030650891055
132.03408650799233,7.0,18.788294228055936,17.88854381999832,18.788294228055936,18.35755975068582,18.35755975068582,18.35755975068582,17.4928556845359,18.027756377319946,18.027756377319946,18.027756377319946,18.601075237738275,18.601075237738275,18.601075237738275,18.601075237738275,18.601075237738275,18.027756377319946,17.4928556845359,18.867962264113206,18.35755975068582,18.35755975068582,17.0,17.0,16.55294535724685,17.08800749063506,16.76305461424021,0.0,0.0,0.0,0.0,0.0,0.0,0.0,0.0,0.0,0.0,0.0,11.180339887498949,11.704699910719626,11.704699910719626,11.40175425099138,12.36931687685298,12.36931687685298,13.341664064126334,13.341664064126334,13.152946437965905,14.142135623730951,14.142135623730951,14.035668847618199,15.132745950421556,15.132745950421556,15.132745950421556,15.132745950421556,15.297058540778355,16.278820596099706,16.278820596099706,15.524174696260024,16.492422502470642,17.72004514666935,17.72004514666935,17.08800749063506,18.027756377319946,17.72004514666935
146.0,6.0,23.08679276123039,23.08679276123039,23.08679276123039,22.80350850198276,23.53720459187964,22.561028345356956,22.360679774997898,23.345235059857504,22.360679774997898,23.194827009486403,23.194827009486403,23.194827009486403,23.194827009486403,22.20360331117452,23.345235059857504,22.360679774997898,22.561028345356956,23.53720459187964,22.561028345356956,21.840329667841555,20.8806130178211,21.18962010041709,20.615528128088304,21.02379604162864,21.470910553583888,0.0,0.0,0.0,0.0,0.0,0.0,0.0,0.0,0.0,0.0,0.0,13.601470508735444,13.92838827718412,14.317821063276353,15.652475842498529,15.652475842498529,15.652475842498529,17.0,17.88854381999832,18.35755975068582,17.4928556845359,18.027756377319946,18.601075237738275,18.867962264113206,19.4164878389476,19.4164878389476,19.4164878389476,20.248456731316587,20.248456731316587,19.72308292331602,20.591260281974,21.470910553583888,21.470910553583888,21.93171219946131,21.93171219946131,22.847319317591726,22.847319317591726
146.0,6.0,25.612496949731394,25.0,25.80697580112788,25.238858928247925,25.553864678361276,24.698178070456937,25.059928172283335,25.059928172283335,25.059928172283335,25.495097567963924,25.079872407968907,25.079872407968907,24.166091947189145,25.495097567963924,24.596747752497688,25.059928172283335,24.186773244895647,25.059928172283335,24.186773244895647,23.853720883753127,23.853720883753127,23.600847442411894,22.80350850198276,23.430749027719962,22.627416997969522,0.0,0.0,0.0,0.0,0.0,0.0,0.0,0.0,0.0,0.0,0.0,15.811388300841896,14.866068747318506,16.278820596099706,16.278820596099706,16.97056274847714,16.278820596099706,18.439088914585774,18.439088914585774,19.209372712298546,20.0,20.248456731316587,20.248456731316587,20.808652046684813,21.633307652783937,21.633307652783937,21.633307652783937,20.808652046684813,22.80350850198276,22.02271554554524,22.02271554554524,23.345235059857504,23.345235059857504,24.041630560342615,24.041630560342615,24.758836806279895,24.08318915758459
120.07081243999309,6.0,16.64331697709324,17.204650534085253,17.204650534085253,17.029386365926403,17.029386365926403,17.029386365926403,16.278820596099706,16.97056274847714,16.97056274847714,16.97056274847714,16.97056274847714,17.029386365926403,17.029386365926403,17.029386365926403,17.69180601295413,16.97056274847714,16.278820596099706,17.69180601295413,17.029386365926403,17.029386365926403,17.029386365926403,16.401219466856727,15.811388300841896,16.64331697709324,15.652475842498529,0.0,0.0,0.0,0.0,0.0,0.0,0.0,0.0,0.0,0.0,0.0,10.816653826391969,10.816653826391969,10.295630140987,11.180339887498949,12.083045973594572,11.180339887498949,12.083045973594572,13.0,13.0,12.649110640673518,12.649110640673518,13.601470508735444,13.601470508735444,13.601470508735444,14.560219778561036,14.560219778561036,14.866068747318506,14.866068747318506,14.866068747318506,13.92838827718412,15.231546211727817,16.55294535724685,15.652475842498529,15.652475842498529,17.0,16.64331697709324
122.05326705991938,7.0,11.661903789690601,10.816653826391969,11.661903789690601,10.816653826391969,11.40175425099138,10.63014581273465,11.40175425099138,11.40175425099138,10.63014581273465,12.041594578792296,12.041594578792296,11.40175425099138,11.313708498984761,10.63014581273465,11.313708498984761,12.041594578792296,11.40175425099138,11.40175425099138,11.40175425099138,10.816653826391969,10.816653826391969,11.661903789690601,10.295630140987,11.180339887498949,10.770329614269007,0.0,0.0,0.0,0.0,0.0,0.0,0.0,0.0,0.0,0.0,0.0,6.708203932499369,8.54400374531753,8.54400374531753,7.280109889280518,7.615773105863909,8.246211251235321,8.54400374531753,9.219544457292887,8.54400374531753,8.246211251235321,9.219544457292887,9.219544457292887,9.219544457292887,9.219544457292887,9.219544457292887,10.198039027185569,9.219544457292887,10.44030650891055,9.486832980505138,9.486832980505138,10.44030650891055,10.770329614269007,10.770329614269007,11.180339887498949,10.295630140987,10.295630140987
122.05326705991938,7.0,23.40939982143925,23.08679276123039,23.08679276123039,22.80350850198276,23.53720459187964,22.561028345356956,22.360679774997898,23.345235059857504,22.20360331117452,23.194827009486403,23.194827009486403,23.194827009486403,23.194827009486403,23.194827009486403,23.194827009486403,23.345235059857504,22.561028345356956,23.53720459187964,23.53720459187964,22.80350850198276,22.80350850198276,22.47220505424423,21.540659228538015,21.93171219946131,21.470910553583888,0.0,0.0,0.0,0.0,0.0,0.0,0.0,0.0,0.0,0.0,0.0,14.317821063276353,14.7648230602334,14.7648230602334,15.264337522473747,15.264337522473747,15.811388300841896,15.811388300841896,17.204650534085253,17.204650534085253,17.029386365926403,17.029386365926403,17.69180601295413,18.439088914585774,18.439088914585774,19.209372712298546,18.439088914585774,19.209372712298546,19.4164878389476,19.4164878389476,19.4164878389476,20.248456731316587,20.591260281974,20.591260281974,21.02379604162864,21.93171219946131,21.93171219946131
120.07081243999309,6.0,23.769728648009426,23.769728648009426,23.40939982143925,23.08679276123039,24.041630560342615,22.80350850198276,22.80350850198276,22.561028345356956,23.53720459187964,23.345235059857504,24.331050121192877,23.345235059857504,23.345235059857504,24.331050121192877,23.345235059857504,24.515301344262525,23.53720459187964,23.769728648009426,23.769728648009426,23.08679276123039,23.08679276123039,23.40939982143925,22.47220505424423,23.259406699226016,22.825424421026653,0.0,0.0,0.0,0.0,0.0,0.0,0.0,0.0,0.0,0.0,0.0,15.652475842498529,16.1245154965971,16.64331697709324,16.64331697709324,17.204650534085253,17.204650534085253,17.804493814764857,19.209372712298546,18.439088914585774,19.1049731745428,19.1049731745428,19.1049731745428,19.1049731745428,19.849433241279208,20.518284528683193,20.518284528683193,20.615528128088304,20.615528128088304,20.0,20.808652046684813,21.633307652783937,22.47220505424423,21.95449840010015,21.95449840010015,22.825424421026653,22.360679774997898
132.03408650799233,7.0,17.029386365926403,17.029386365926403,17.029386365926403,17.69180601295413,16.97056274847714,16.97056274847714,16.97056274847714,17.029386365926403,17.029386365926403,18.439088914585774,17.804493814764857,17.804493814764857,17.804493814764857,17.804493814764857,17.804493814764857,18.439088914585774,17.69180601295413,17.69180601295413,17.69180601295413,16.97056274847714,16.97056274847714,17.029386365926403,16.401219466856727,17.204650534085253,16.64331697709324,0.0,0.0,0.0,0.0,0.0,0.0,0.0,0.0,0.0,0.0,0.0,11.661903789690601,11.661903789690601,12.529964086141668,12.529964086141668,12.083045973594572,12.083045973594572,13.0,13.92838827718412,13.92838827718412,13.92838827718412,14.560219778561036,14.560219778561036,14.866068747318506,14.560219778561036,14.560219778561036,14.866068747318506,14.866068747318506,16.15549442140351,15.231546211727817,15.652475842498529,15.652475842498529,16.1245154965971,16.1245154965971,16.64331697709324,16.64331697709324,16.64331697709324
146.0,6.0,16.278820596099706,15.620499351813308,15.620499351813308,15.620499351813308,16.401219466856727,15.0,15.811388300841896,15.811388300841896,15.811388300841896,16.1245154965971,16.1245154965971,16.1245154965971,16.1245154965971,16.1245154965971,16.1245154965971,16.64331697709324,15.811388300841896,16.64331697709324,16.401219466856727,16.401219466856727,15.620499351813308,16.278820596099706,15.556349186104045,16.278820596099706,15.620499351813308,0.0,0.0,0.0,0.0,0.0,0.0,0.0,0.0,0.0,0.0,0.0,10.63014581273465,10.63014581273465,10.63014581273465,10.816653826391969,11.40175425099138,10.816653826391969,11.661903789690601,12.206555615733702,13.038404810405298,12.529964086141668,12.529964086141668,13.416407864998739,13.416407864998739,13.416407864998739,13.416407864998739,13.416407864998739,13.892443989449804,13.892443989449804,13.892443989449804,14.422205101855956,14.422205101855956,15.0,15.0,14.866068747318506,14.866068747318506,15.556349186104045
146.0,6.0,24.020824298928627,24.08318915758459,24.08318915758459,24.186773244895647,24.331050121192877,23.194827009486403,23.345235059857504,22.360679774997898,22.80350850198276,23.769728648009426,23.769728648009426,24.041630560342615,23.769728648009426,24.041630560342615,23.769728648009426,24.73863375370596,23.53720459187964,24.515301344262525,24.331050121192877,23.194827009486403,23.08679276123039,24.08318915758459,23.021728866442675,23.0,23.021728866442675,0.0,0.0,0.0,0.0,0.0,0.0,0.0,0.0,0.0,0.0,0.0,16.0,16.0312195418814,16.1245154965971,16.278820596099706,17.11724276862369,17.46424919657298,18.439088914585774,18.439088914585774,18.439088914585774,18.681541692269406,18.681541692269406,19.924858845171276,19.6468827043885,19.924858845171276,19.924858845171276,20.8806130178211,20.615528128088304,21.587033144922902,20.396078054371138,20.396078054371138,22.20360331117452,22.20360331117452,22.090722034374522,22.02271554554524,23.021728866442675,22.0
122.05326705991938,7.0,24.758836806279895,24.758836806279895,24.041630560342615,24.758836806279895,24.08318915758459,24.08318915758459,23.430749027719962,24.20743687382041,24.20743687382041,25.0,24.413111231467404,24.413111231467404,24.413111231467404,24.413111231467404,24.413111231467404,25.0,24.20743687382041,24.20743687382041,24.839484696748443,24.08318915758459,24.08318915758459,23.345235059857504,23.345235059857504,23.430749027719962,22.80350850198276,0.0,0.0,0.0,0.0,0.0,0.0,0.0,0.0,0.0,0.0,0.0,16.401219466856727,16.64331697709324,16.64331697709324,17.0,17.0,17.88854381999832,17.88854381999832,19.235384061671343,18.788294228055936,19.697715603592208,19.313207915827967,20.248456731316587,20.248456731316587,20.248456731316587,21.540659228538015,21.540659228538015,21.02379604162864,21.02379604162864,21.470910553583888,21.470910553583888,22.47220505424423,23.323807579381203,22.47220505424423,23.021728866442675,23.600847442411894,23.021728866442675
122.05326705991938,7.0,25.317977802344327,25.495097567963924,25.495097567963924,24.73863375370596,25.709920264364882,24.73863375370596,24.041630560342615,24.351591323771842,25.298221281347036,24.698178070456937,24.698178070456937,24.698178070456937,24.698178070456937,25.632011235952593,24.698178070456937,25.298221281347036,24.041630560342615,25.96150997149434,24.73863375370596,24.73863375370596,23.53720459187964,24.331050121192877,23.194827009486403,24.08318915758459,23.0,0.0,0.0,0.0,0.0,0.0,0.0,0.0,0.0,0.0,0.0,0.0,16.1245154965971,16.0312195418814,17.029386365926403,17.0,18.0,17.029386365926403,19.026297590440446,19.026297590440446,19.026297590440446,20.223748416156685,20.223748416156685,20.223748416156685,20.223748416156685,21.213203435596427,21.213203435596427,22.20360331117452,21.095023109728988,22.090722034374522,22.02271554554524,22.02271554554524,23.021728866442675,24.0,24.020824298928627,24.020824298928627,24.08318915758459,23.08679276123039
120.07081243999309,6.0,25.238858928247925,25.80697580112788,25.0,25.612496949731394,25.495097567963924,24.08318915758459,24.758836806279895,25.45584412271571,24.758836806279895,25.45584412271571,25.45584412271571,24.758836806279895,24.758836806279895,25.495097567963924,24.758836806279895,25.45584412271571,24.758836806279895,25.45584412271571,25.495097567963924,24.839484696748443,23.430749027719962,23.600847442411894,23.853720883753127,24.186773244895647,23.706539182259394,0.0,0.0,0.0,0.0,0.0,0.0,0.0,0.0,0.0,0.0,0.0,16.64331697709324,17.0,16.55294535724685,17.46424919657298,17.46424919657298,17.46424919657298,19.313207915827967,19.313207915827967,19.313207915827967,19.924858845171276,19.6468827043885,20.615528128088304,20.615528128088304,20.8806130178211,20.8806130178211,21.840329667841555,22.135943621178654,22.47220505424423,22.47220505424423,21.93171219946131,23.259406699226016,23.259406699226016,23.706539182259394,23.706539182259394,24.186773244895647,24.186773244895647
120.07081243999309,6.0,17.46424919657298,16.76305461424021,17.72004514666935,16.76305461424021,18.027756377319946,17.08800749063506,17.08800749063506,17.08800749063506,18.384776310850235,17.46424919657298,17.88854381999832,17.88854381999832,17.0,17.88854381999832,17.46424919657298,17.46424919657298,17.08800749063506,17.08800749063506,17.08800749063506,16.76305461424021,16.76305461424021,16.492422502470642,16.278820596099706,16.278820596099706,16.1245154965971,0.0,0.0,0.0,0.0,0.0,0.0,0.0,0.0,0.0,0.0,0.0,11.40175425099138,11.180339887498949,12.165525060596439,11.045361017187261,12.041594578792296,12.041594578792296,13.038404810405298,14.035668847618199,13.0,14.0,14.035668847618199,14.035668847618199,14.035668847618199,14.035668847618199,14.035668847618199,15.033296378372908,15.0,16.0,15.0,15.033296378372908,16.0312195418814,16.1245154965971,16.1245154965971,16.1245154965971,17.11724276862369,17.26267650163207
132.03408650799233,7.0,23.40939982143925,23.08679276123039,23.08679276123039,22.80350850198276,23.53720459187964,22.561028345356956,22.360679774997898,23.345235059857504,23.194827009486403,23.194827009486403,23.194827009486403,23.194827009486403,23.194827009486403,23.194827009486403,23.194827009486403,23.345235059857504,22.561028345356956,23.53720459187964,23.53720459187964,22.80350850198276,21.840329667841555,22.135943621178654,21.540659228538015,21.93171219946131,21.470910553583888,0.0,0.0,0.0,0.0,0.0,0.0,0.0,0.0,0.0,0.0,0.0,13.92838827718412,13.892443989449804,13.892443989449804,15.264337522473747,15.264337522473747,15.811388300841896,15.811388300841896,16.64331697709324,17.204650534085253,16.401219466856727,17.804493814764857,17.804493814764857,18.439088914585774,18.601075237738275,19.209372712298546,19.209372712298546,20.0,19.4164878389476,19.4164878389476,19.72308292331602,20.591260281974,21.470910553583888,21.470910553583888,21.02379604162864,21.93171219946131,21.93171219946131
146.0,6.0,25.553864678361276,24.698178070456937,26.076809620810597,25.80697580112788,25.80697580112788,25.80697580112788,25.0,25.612496949731394,26.248809496813376,26.248809496813376,26.248809496813376,25.495097567963924,25.495097567963924,26.90724809414742,26.248809496813376,26.40075756488817,25.80697580112788,26.627053911388696,26.627053911388696,26.076809620810597,24.698178070456937,25.059928172283335,24.166091947189145,25.079872407968907,24.351591323771842,0.0,0.0,0.0,0.0,0.0,0.0,0.0,0.0,0.0,0.0,0.0,16.1245154965971,15.652475842498529,16.15549442140351,16.15549442140351,17.08800749063506,17.08800749063506,17.72004514666935,18.973665961010276,18.681541692269406,18.681541692269406,19.4164878389476,19.4164878389476,20.396078054371138,20.615528128088304,20.396078054371138,21.587033144922902,20.615528128088304,21.840329667841555,20.8806130178211,22.135943621178654,23.40939982143925,23.769728648009426,22.847319317591726,24.166091947189145,24.166091947189145,24.596747752497688
132.03408650799233,7.0,10.63014581273465,10.63014581273465,11.313708498984761,10.63014581273465,10.63014581273465,10.0,10.0,10.63014581273465,10.0,10.816653826391969,10.816653826391969,10.0,10.816653826391969,10.816653826391969,10.63014581273465,11.40175425099138,10.0,10.63014581273465,10.63014581273465,10.63014581273465,10.63014581273465,9.899494936611665,10.0,10.63014581273465,10.0,0.0,0.0,0.0,0.0,0.0,0.0,0.0,0.0,0.0,0.0,0.0,7.810249675906654,7.810249675906654,8.06225774829855,8.06225774829855,8.06225774829855,8.06225774829855,8.94427190999916,8.94427190999916,8.94427190999916,8.94427190999916,8.94427190999916,9.848857801796104,8.94427190999916,9.486832980505138,9.848857801796104,9.848857801796104,9.848857801796104,10.295630140987,10.295630140987,10.295630140987,10.295630140987,10.816653826391969,10.816653826391969,10.0,10.0,9.219544457292887
120.07081243999309,6.0,16.55294535724685,15.652475842498529,17.0,16.1245154965971,16.64331697709324,15.811388300841896,16.64331697709324,15.811388300841896,16.401219466856727,16.401219466856727,16.401219466856727,15.620499351813308,15.620499351813308,17.029386365926403,16.401219466856727,17.204650534085253,15.811388300841896,16.64331697709324,16.64331697709324,16.64331697709324,16.1245154965971,16.55294535724685,15.231546211727817,16.15549442140351,14.866068747318506,0.0,0.0,0.0,0.0,0.0,0.0,0.0,0.0,0.0,0.0,0.0,12.083045973594572,11.704699910719626,11.40175425099138,11.40175425099138,12.36931687685298,11.180339887498949,12.36931687685298,13.341664064126334,13.152946437965905,14.035668847618199,13.038404810405298,13.038404810405298,14.035668847618199,14.035668847618199,13.038404810405298,15.033296378372908,13.152946437965905,15.132745950421556,14.142135623730951,14.317821063276353,15.297058540778355,15.524174696260024,15.524174696260024,15.524174696260024,15.811388300841896,15.811388300841896
120.07081243999309,6.0,20.808652046684813,20.0,20.0,20.615528128088304,19.849433241279208,19.1049731745428,19.849433241279208,19.79898987322333,19.79898987322333,19.79898987322333,19.79898987322333,19.1049731745428,19.1049731745428,19.849433241279208,19.79898987322333,19.79898987322333,19.1049731745428,19.79898987322333,19.849433241279208,18.439088914585774,18.439088914585774,18.601075237738275,18.027756377319946,17.4928556845359,17.0,0.0,0.0,0.0,0.0,0.0,0.0,0.0,0.0,0.0,0.0,0.0,15.620499351813308,15.811388300841896,16.64331697709324,16.1245154965971,16.1245154965971,16.55294535724685,17.46424919657298,17.46424919657298,18.384776310850235,18.027756377319946,17.72004514666935,18.681541692269406,18.681541692269406,18.681541692269406,18.681541692269406,18.681541692269406,18.027756377319946,18.973665961010276,18.384776310850235,18.384776310850235,19.697715603592208,19.697715603592208,18.788294228055936,19.235384061671343,19.235384061671343,20.591260281974
146.0,6.0,22.80350850198276,22.20360331117452,22.20360331117452,22.47220505424423,22.825424421026653,21.470910553583888,22.360679774997898,21.470910553583888,21.470910553583888,22.360679774997898,21.93171219946131,21.93171219946131,21.93171219946131,21.93171219946131,21.93171219946131,22.360679774997898,21.470910553583888,21.470910553583888,21.470910553583888,21.095023109728988,20.248456731316587,20.0,19.209372712298546,19.849433241279208,19.1049731745428,0.0,0.0,0.0,0.0,0.0,0.0,0.0,0.0,0.0,0.0,0.0,17.4928556845359,17.804493814764857,17.029386365926403,17.69180601295413,18.384776310850235,18.384776310850235,19.1049731745428,20.518284528683193,19.849433241279208,20.0,20.0,20.808652046684813,20.808652046684813,20.808652046684813,20.808652046684813,20.808652046684813,20.808652046684813,21.400934559032695,21.2602916254693,21.2602916254693,21.93171219946131,22.627416997969522,21.93171219946131,21.93171219946131,22.67156809750927,22.02271554554524
120.07081243999309,6.0,12.806248474865697,13.601470508735444,12.806248474865697,13.038404810405298,13.038404810405298,12.529964086141668,11.661903789690601,12.083045973594572,12.083045973594572,12.529964086141668,12.083045973594572,13.0,12.083045973594572,13.0,12.083045973594572,12.083045973594572,12.083045973594572,12.529964086141668,12.083045973594572,11.180339887498949,12.206555615733702,11.661903789690601,10.816653826391969,11.40175425099138,11.313708498984761,0.0,0.0,0.0,0.0,0.0,0.0,0.0,0.0,0.0,0.0,0.0,9.899494936611665,9.219544457292887,10.0,9.219544457292887,10.0,10.0,10.0,10.816653826391969,10.816653826391969,10.816653826391969,10.816653826391969,11.661903789690601,10.816653826391969,11.661903789690601,10.816653826391969,10.816653826391969,12.206555615733702,12.206555615733702,11.40175425099138,11.40175425099138,12.041594578792296,12.041594578792296,12.727922061357855,12.041594578792296,12.041594578792296,12.727922061357855
120.07081243999309,6.0,26.076809620810597,25.80697580112788,25.0,25.0,25.612496949731394,24.839484696748443,24.08318915758459,24.758836806279895,24.041630560342615,24.758836806279895,25.45584412271571,24.758836806279895,24.758836806279895,24.758836806279895,25.45584412271571,24.758836806279895,24.758836806279895,25.495097567963924,24.839484696748443,24.20743687382041,23.600847442411894,23.021728866442675,22.47220505424423,24.186773244895647,23.259406699226016,0.0,0.0,0.0,0.0,0.0,0.0,0.0,0.0,0.0,0.0,0.0,17.204650534085253,17.4928556845359,17.88854381999832,18.788294228055936,18.788294228055936,18.384776310850235,19.313207915827967,20.615528128088304,20.248456731316587,20.8806130178211,20.8806130178211,20.8806130178211,21.840329667841555,22.135943621178654,21.840329667841555,22.135943621178654,22.135943621178654,22.47220505424423,22.47220505424423,22.47220505424423,24.166091947189145,24.166091947189145,23.706539182259394,24.186773244895647,25.059928172283335,24.698178070456937
149.03690818049066,6.0,27.073972741361768,26.076809620810597,28.071337695236398,27.018512172212592,28.0,27.0,27.0,27.018512172212592,28.0,28.0178514522438,28.0178514522438,27.073972741361768,28.0178514522438,28.0178514522438,28.0178514522438,28.0,27.018512172212592,28.0178514522438,28.071337695236398,27.073972741361768,26.1725046566048,26.30589287593181,25.495097567963924,26.68332812825267,25.298221281347036,0.0,0.0,0.0,0.0,0.0,0.0,0.0,0.0,0.0,0.0,0.0,14.560219778561036,13.92838827718412,13.92838827718412,13.92838827718412,14.317821063276353,14.317821063276353,15.652475842498529,16.55294535724685,16.55294535724685,17.0,17.0,17.88854381999832,17.88854381999832,18.788294228055936,18.788294228055936,18.788294228055936,19.313207915827967,20.248456731316587,19.924858845171276,19.924858845171276,21.840329667841555,22.561028345356956,23.53720459187964,23.345235059857504,24.515301344262525,25.317977802344327
122.05326705991938,7.0,26.832815729997478,26.832815729997478,27.730849247724095,28.231188426986208,28.231188426986208,26.92582403567252,26.92582403567252,28.231188426986208,27.85677655436824,28.792360097775937,29.410882339705484,28.460498941515414,28.460498941515414,28.792360097775937,27.85677655436824,28.231188426986208,28.231188426986208,28.635642126552707,28.635642126552707,27.730849247724095,27.294688127912362,26.92582403567252,26.076809620810597,27.202941017470888,27.018512172212592,0.0,0.0,0.0,0.0,0.0,0.0,0.0,0.0,0.0,0.0,0.0,15.0,14.866068747318506,15.556349186104045,15.556349186104045,15.556349186104045,16.278820596099706,16.278820596099706,17.69180601295413,17.69180601295413,18.439088914585774,17.804493814764857,17.804493814764857,18.439088914585774,18.439088914585774,19.849433241279208,19.1049731745428,19.79898987322333,20.518284528683193,20.518284528683193,21.2602916254693,21.400934559032695,22.80350850198276,23.021728866442675,23.021728866442675,24.413111231467404,24.698178070456937
122.05326705991938,7.0,26.68332812825267,27.202941017470888,27.202941017470888,27.51363298439521,27.85677655436824,26.92582403567252,26.92582403567252,27.313000567495326,27.85677655436824,28.231188426986208,28.635642126552707,28.635642126552707,27.313000567495326,28.635642126552707,28.231188426986208,28.231188426986208,27.85677655436824,28.792360097775937,28.460498941515414,27.202941017470888,27.202941017470888,26.68332812825267,26.476404589747453,27.294688127912362,26.076809620810597,0.0,0.0,0.0,0.0,0.0,0.0,0.0,0.0,0.0,0.0,0.0,15.033296378372908,15.0,15.033296378372908,16.0312195418814,16.0312195418814,16.1245154965971,17.029386365926403,18.027756377319946,18.027756377319946,18.110770276274835,18.24828759089466,19.235384061671343,19.235384061671343,19.235384061671343,19.235384061671343,21.213203435596427,20.024984394500787,21.02379604162864,21.0,21.0,23.08679276123039,23.08679276123039,23.194827009486403,24.186773244895647,24.331050121192877,24.515301344262525
149.03690818049066,6.0,26.0,25.079872407968907,24.166091947189145,24.596747752497688,25.553864678361276,25.059928172283335,24.698178070456937,25.238858928247925,25.238858928247925,25.238858928247925,25.238858928247925,25.238858928247925,25.238858928247925,25.80697580112788,25.238858928247925,26.076809620810597,25.059928172283335,26.419689627245813,25.059928172283335,25.059928172283335,25.079872407968907,24.698178070456937,24.351591323771842,24.041630560342615,23.769728648009426,0.0,0.0,0.0,0.0,0.0,0.0,0.0,0.0,0.0,0.0,0.0,16.492422502470642,16.278820596099706,16.1245154965971,16.1245154965971,16.1245154965971,17.029386365926403,18.027756377319946,19.1049731745428,18.027756377319946,19.026297590440446,19.0,19.0,20.0,20.0,20.0,20.024984394500787,20.09975124224178,20.09975124224178,20.09975124224178,20.223748416156685,21.37755832643195,22.561028345356956,22.80350850198276,22.80350850198276,23.08679276123039,23.40939982143925
122.05326705991938,7.0,24.331050121192877,25.179356624028344,24.186773244895647,25.079872407968907,25.019992006393608,24.020824298928627,24.020824298928627,24.0,24.020824298928627,24.020824298928627,25.019992006393608,25.079872407968907,25.019992006393608,24.08318915758459,25.019992006393608,24.0,24.0,24.020824298928627,24.020824298928627,23.08679276123039,23.194827009486403,23.345235059857504,22.360679774997898,22.561028345356956,21.840329667841555,0.0,0.0,0.0,0.0,0.0,0.0,0.0,0.0,0.0,0.0,0.0,17.46424919657298,16.76305461424021,17.08800749063506,18.027756377319946,18.027756377319946,18.384776310850235,18.384776310850235,19.697715603592208,19.697715603592208,20.12461179749811,20.12461179749811,20.591260281974,20.12461179749811,20.591260281974,21.470910553583888,21.02379604162864,21.02379604162864,20.615528128088304,21.540659228538015,21.540659228538015,22.135943621178654,23.08679276123039,22.80350850198276,23.53720459187964,23.53720459187964,23.53720459187964
