type,role,mac,rssi,rate,sig_mode,mcs,bandwidth,smoothing,not_sounding,aggregation,stbc,fec_coding,sgi,noise_floor,ampdu_cnt,channel,secondary_channel,local_timestamp,ant,sig_len,rx_state,real_time_set,real_timestamp,len,CSI_DATA
CSI_DATA,STA,E4:D1:24:F2:5E:80,-85,10,0,0,0,0,0,0,0,0,0,-96,0,9,0,9481,0,401,0,0,0.392554,128,[-111 17 25 0 35 8 33 6 39 13 38 9 36 11 30 9 26 10 25 8 21 6 15 2 12 2 2 2 0 2 -11 0 -11 1 -18 -2 -19 -2 -20 -4 -19 -4 -22 -4 -19 -9 -17 -9 -14 -11 -11 -7 -8 -8 0 0 0 0 0 0 0 0 0 0 0 0 0 0 0 0 0 0 0 0 0 0 15 6 14 -1 14 0 11 2 10 0 8 3 1 4 -2 -2 -3 -3 -3 -4 -11 -4 -13 -13 -16 -11 -18 -12 -23 -14 -25 -20 -24 -16 -25 -16 -24 -15 -27 -11 -23 -9 -11 -10 -12 -3 -5 2 1 3 17 -1 ]
CSI_DATA,STA,E4:D1:24:F2:5E:80,-85,10,0,0,0,0,0,0,0,0,0,-96,0,9,0,33629,0,389,0,0,0.450781,128,[-123 81 24 0 21 -27 21 -30 24 -33 26 -29 21 -30 18 -34 13 -27 15 -20 14 -18 7 -12 8 -5 8 -1 7 0 -1 4 -3 12 -3 10 -9 13 -4 21 -6 19 -12 20 -10 15 -13 15 -10 12 -13 7 -13 8 0 0 0 0 0 0 0 0 0 0 0 0 0 0 0 0 0 0 0 0 0 0 9 -12 11 -10 9 -8 14 -7 5 -4 4 -4 4 -7 -1 -2 -3 1 -6 7 -6 4 -13 5 -16 10 -24 8 -29 13 -24 14 -27 14 -24 19 -22 14 -19 15 -21 9 -18 11 -9 8 -7 5 -2 0 2 -9 ]
CSI_DATA,STA,E4:D1:24:F2:5E:80,-84,10,0,0,0,0,0,0,0,0,0,-96,0,9,0,121788,0,30,0,0,0.504377,128,[30 -32 1 0 15 32 16 29 12 39 13 36 8 31 11 32 9 31 12 22 7 20 3 12 5 9 2 4 -7 -5 -6 -4 -10 -6 -12 -11 -15 -14 -16 -15 -13 -17 -12 -19 -7 -12 -9 -15 -8 -17 -2 -14 -2 -12 0 0 0 0 0 0 0 0 0 0 0 0 0 0 0 0 0 0 0 0 0 0 -2 13 -3 15 -5 11 -6 10 -4 12 -3 7 -2 8 -1 1 0 -3 1 -14 1 -10 0 -11 5 -23 7 -20 5 -27 6 -26 6 -29 0 -26 5 -28 2 -23 -2 -16 2 -13 -1 -10 0 1 5 6 4 14 ]
CSI_DATA,STA,E4:D1:24:F2:5E:80,-84,10,0,0,0,0,0,0,0,0,0,-96,0,9,0,136031,0,389,0,0,0.543661,128,[-123 81 24 0 28 -24 20 -30 31 -29 22 -34 23 -31 25 -25 17 -28 19 -25 16 -17 7 -16 6 -10 4 3 2 -2 -1 10 -6 14 -5 17 -3 15 -7 21 -6 21 -5 24 -11 19 -11 17 -9 18 -9 11 -7 8 0 0 0 0 0 0 0 0 0 0 0 0 0 0 0 0 0 0 0 0 0 0 12 -6 14 -2 18 0 15 0 12 -4 4 -1 1 0 3 -1 -8 3 -7 0 -9 2 -16 1 -22 5 -20 3 -28 1 -30 3 -33 7 -32 14 -32 7 -24 8 -20 8 -17 6 -11 0 -4 -3 8 -2 9 -10 ]
CSI_DATA,STA,E4:D1:24:F2:5E:80,-83,10,0,0,0,0,0,0,0,0,0,-96,0,9,0,222449,0,401,0,0,0.605161,128,[-111 17 25 0 15 27 16 31 18 33 19 34 21 37 19 30 16 23 12 28 11 16 7 14 1 10 3 6 -2 2 -7 -7 -12 -10 -9 -7 -11 -16 -14 -13 -13 -16 -13 -19 -13 -19 -6 -19 -8 -15 -6 -15 0 -15 0 0 0 0 0 0 0 0 0 0 0 0 0 0 0 0 0 0 0 0 0 0 1 17 2 13 0 17 -1 11 -3 10 -1 9 0 5 -1 -1 -2 -1 1 -7 -4 -11 -1 -14 -2 -20 -1 -27 -1 -31 -1 -26 -2 -32 -7 -29 -6 -31 -3 -25 -7 -24 -3 -19 -1 -8 -4 0 7 6 9 7 ]
CSI_DATA,STA,E4:D1:24:F2:5E:80,-83,10,0,0,0,0,0,0,0,0,0,-96,0,9,0,223196,0,401,0,0,0.6413,128,[-111 17 25 0 -17 -26 -27 -33 -30 -37 -28 -21 -26 -24 -28 -26 -27 -25 -26 -19 -13 -26 -6 -19 3 -9 4 -9 3 1 4 -1 10 6 12 1 13 11 11 12 14 13 17 18 17 14 8 9 12 13 3 16 -2 7 0 0 0 0 0 0 0 0 0 0 0 0 0 0 0 0 0 0 0 0 0 0 -5 -9 -8 -14 -10 -15 -9 -7 0 -9 -6 -11 -9 -4 -2 4 -1 -7 -6 11 -2 9 6 12 4 16 7 24 11 30 10 27 12 30 9 25 10 34 12 17 9 26 13 15 8 10 -5 3 -11 1 -8 -10 ]
CSI_DATA,STA,E4:D1:24:F2:5E:80,-84,10,0,0,0,0,0,0,0,0,0,-96,0,9,0,238710,0,389,0,0,0.681524,128,[-123 81 24 0 12 34 15 38 12 44 15 36 10 38 12 35 9 30 15 22 10 17 5 14 2 10 -2 5 -6 -6 -7 -4 -10 -7 -14 -17 -7 -17 -9 -15 -10 -18 -9 -18 -7 -19 -10 -18 -5 -17 -4 -15 -2 -12 0 0 0 0 0 0 0 0 0 0 0 0 0 0 0 0 0 0 0 0 0 0 1 14 -1 16 -5 11 -5 9 -3 14 0 7 -3 2 -5 -3 1 -6 2 -11 -1 -9 -1 -17 3 -23 3 -21 7 -22 4 -31 6 -30 1 -32 -2 -34 -1 -23 1 -21 4 -17 -1 -10 -2 3 2 2 4 13 ]
CSI_DATA,STA,E4:D1:24:F2:5E:80,-84,10,0,0,0,0,0,0,0,0,0,-96,0,9,0,340836,0,389,0,0,0.723037,128,[-123 81 24 0 4 34 2 38 5 35 3 44 6 38 2 34 -1 30 7 25 -1 18 4 12 3 8 -3 7 1 -2 -9 -5 -5 -6 -4 -13 -5 -21 -1 -26 -3 -22 -3 -23 -3 -20 -1 -16 0 -15 -4 -15 8 -15 0 0 0 0 0 0 0 0 0 0 0 0 0 0 0 0 0 0 0 0 0 0 -3 14 -2 14 -7 7 -6 6 -4 9 -2 9 0 2 -7 2 -1 1 0 -6 6 -4 3 -17 8 -17 6 -19 9 -24 12 -24 5 -30 6 -29 2 -23 6 -26 12 -17 2 -24 13 -13 -2 -7 0 6 -4 11 ]
CSI_DATA,STA,FA:63:F3:7A:4A:19,-84,10,0,0,0,0,0,0,0,0,0,-96,0,6,0,1037614,0,331,0,0,1.42029,128,[75 -79 20 0 47 -2 34 -4 35 -10 24 -5 18 -8 8 -8 2 -7 -3 -8 -6 -3 -14 -9 -11 -2 -18 1 -17 -1 -21 0 -18 2 -18 2 -14 -2 -12 7 -15 3 -8 -1 -7 6 -10 4 -5 1 -3 1 0 1 0 0 0 0 0 0 0 0 0 0 0 0 0 0 0 0 0 0 0 0 0 0 10 -11 5 -3 4 4 -6 9 -8 4 -10 5 -18 8 -27 7 -27 10 -31 6 -36 1 -33 3 -34 -1 -31 -2 -28 -1 -25 -4 -16 -5 -13 5 -4 -1 7 1 13 6 24 3 29 5 39 3 44 2 51 6 ]
CSI_DATA,STA,E4:D1:24:F2:5E:80,-88,10,0,0,0,0,0,0,0,0,0,-96,0,9,0,2677040,0,401,0,0,3.05987,128,[-111 17 25 0 15 18 15 17 25 17 19 18 21 20 17 14 14 15 18 11 13 8 12 6 7 6 2 7 2 8 -6 9 -8 4 -6 11 -8 13 -7 12 -10 13 -5 12 -9 9 -9 9 -6 7 -7 9 -8 2 0 0 0 0 0 0 0 0 0 0 0 0 0 0 0 0 0 0 0 0 0 0 -6 -9 -1 -8 -7 -11 -3 -8 -2 -13 -6 -9 -2 -2 1 -4 4 -5 7 -2 7 1 13 -1 15 0 16 -6 13 -8 19 -9 15 -12 21 -11 18 -11 16 -12 15 -13 9 -4 8 -5 8 -6 7 2 3 7 ]
CSI_DATA,STA,E4:D1:24:F2:5E:80,-88,10,0,0,0,0,0,0,0,0,0,-96,0,9,0,2696090,0,389,0,0,3.09051,128,[-123 81 24 0 -16 27 -7 24 -9 23 -6 28 -8 19 -2 27 2 21 -4 21 0 17 -1 10 -3 6 -8 14 -10 8 -8 0 -8 3 -16 0 -13 -2 -17 0 -16 2 -16 3 -11 3 -15 -1 -12 3 -12 2 -9 1 0 0 0 0 0 0 0 0 0 0 0 0 0 0 0 0 0 0 0 0 0 0 7 -3 6 -3 8 -4 3 -8 7 -8 5 -1 3 -4 1 -4 3 1 2 4 -1 8 1 12 12 10 10 14 12 13 10 15 11 20 15 12 17 11 20 12 12 10 13 3 4 4 6 13 5 8 -4 10 ]
CSI_DATA,STA,E4:D1:24:F2:5E:80,-89,10,0,0,0,0,0,0,0,0,0,-96,0,9,0,2760302,0,34,0,0,3.14283,128,[34 32 2 0 22 -14 17 -14 17 -16 15 -16 15 -12 19 -13 14 -12 8 -15 8 -12 8 -3 4 -7 4 0 0 4 8 8 3 9 4 9 6 10 3 13 2 9 3 5 -1 13 4 12 -2 9 0 7 -2 7 0 0 0 0 0 0 0 0 0 0 0 0 0 0 0 0 0 0 0 0 0 0 -3 6 -3 9 1 6 -2 8 -2 6 -5 3 -2 3 -4 -1 -4 2 -6 -1 -5 -3 -12 -7 -6 -7 -8 -12 -11 -11 -15 -15 -10 -12 -20 -10 -17 -13 -20 -8 -11 -5 -8 -5 -12 -10 -4 -5 2 -6 5 -3 ]
CSI_DATA,STA,E4:D1:24:F2:5E:80,-89,10,0,0,0,0,0,0,0,0,0,-96,0,9,0,2805674,0,141,0,0,3.18803,128,[-115 -48 8 0 -10 17 -17 23 -12 20 -7 21 -4 26 -10 22 -6 20 -1 17 -5 11 -9 12 -10 6 -4 4 -2 4 -9 -5 -9 -7 -6 -3 -6 -6 -5 -14 -10 -11 -9 -8 -7 -12 -4 -11 -5 -7 -1 -7 -1 -6 0 0 0 0 0 0 0 0 0 0 0 0 0 0 0 0 0 0 0 0 0 0 -5 -7 -6 -7 -5 -10 -4 -4 1 -5 -2 -6 2 -6 -2 -3 0 2 1 3 5 -1 6 4 9 6 9 0 14 2 12 3 14 3 18 -1 20 -3 15 0 9 -4 11 3 7 2 6 -2 5 1 1 4 ]
CSI_DATA,STA,E4:D1:24:F2:5E:80,-89,10,0,0,0,0,0,0,0,0,0,-96,0,9,0,2901258,0,389,0,0,3.28417,128,[-123 81 24 0 20 -4 14 -16 23 -21 19 -16 19 -15 15 -21 15 -13 10 -22 9 -16 6 -6 10 -5 7 -4 0 1 4 -2 10 5 8 4 10 11 9 10 9 9 10 12 10 5 12 6 8 8 5 10 1 9 0 0 0 0 0 0 0 0 0 0 0 0 0 0 0 0 0 0 0 0 0 0 -9 5 -8 3 -8 1 -3 0 -5 2 -4 2 -2 -1 -6 2 -2 -3 1 -5 -3 -11 1 -12 -1 -7 4 -16 0 -12 -6 -16 -1 -15 -6 -13 -11 -15 -11 -11 -8 -12 -6 -10 -8 -12 -5 -12 1 -4 6 -3 ]
CSI_DATA,STA,E4:D1:24:F2:5E:80,-88,10,0,0,0,0,0,0,0,0,0,-96,0,9,0,2911169,0,368,0,0,3.31483,128,[112 1 23 0 -28 1 -23 6 -27 5 -30 5 -25 4 -23 5 -23 9 -15 10 -14 3 -10 5 -13 -3 -6 0 -7 -4 -8 -2 -8 -6 -11 -9 -8 -13 -8 -14 -8 -7 -10 -11 -8 -13 -10 -15 -6 -10 -4 -8 -1 -9 0 0 0 0 0 0 0 0 0 0 0 0 0 0 0 0 0 0 0 0 0 0 6 1 11 3 7 3 9 6 11 -1 7 4 6 3 3 4 4 2 -4 6 2 10 -8 6 -15 11 -4 13 -5 12 -10 10 -10 18 -7 18 2 24 -2 22 -6 13 2 15 0 12 -5 9 -7 4 -13 7 ]
CSI_DATA,STA,E4:D1:24:F2:5E:80,-86,10,0,0,0,0,0,0,0,0,0,-96,0,9,0,3003297,0,389,0,0,3.38602,128,[-123 81 24 0 3 -32 -2 -32 -3 -31 -2 -31 -6 -28 -4 -26 -4 -26 2 -20 -6 -18 -6 -13 -2 -12 4 -6 7 -3 6 0 11 1 15 -3 13 -2 17 2 16 0 15 -2 17 2 15 1 13 2 8 4 8 7 0 0 0 0 0 0 0 0 0 0 0 0 0 0 0 0 0 0 0 0 0 0 2 5 4 11 3 8 0 7 4 4 4 8 -6 5 -2 4 -5 0 -4 -5 -9 -6 -14 -3 -17 -1 -19 -3 -22 -3 -24 -7 -20 2 -18 -1 -25 -3 -20 3 -20 4 -18 -4 -12 -2 -11 -8 -5 -6 -3 -12 ]
CSI_DATA,STA,E4:D1:24:F2:5E:80,-88,10,0,0,0,0,0,0,0,0,0,-96,0,9,0,3030845,0,368,0,0,3.41662,128,[112 1 23 0 19 14 23 15 22 15 27 15 27 13 22 11 19 7 17 6 11 3 10 7 4 3 -1 2 0 7 1 9 -2 10 -7 12 -6 14 -8 14 -4 16 -7 13 -5 16 -3 11 -3 10 -3 7 -7 3 0 0 0 0 0 0 0 0 0 0 0 0 0 0 0 0 0 0 0 0 0 0 -11 -2 -8 -7 -10 -6 0 -8 -6 -4 -6 -2 -1 -7 -2 -5 -2 -4 2 -2 7 -9 5 -6 13 -11 11 -9 10 -14 10 -14 15 -9 13 -15 5 -14 13 -20 14 -17 4 -5 10 -6 10 -5 9 -1 9 0 ]
CSI_DATA,STA,E4:D1:24:F2:5E:80,-88,10,0,0,0,0,0,0,0,0,0,-97,0,9,0,3105699,0,389,0,0,3.48829,128,[-123 81 24 0 19 21 17 18 12 19 24 21 19 17 20 14 17 9 12 10 10 10 9 4 3 1 4 8 1 6 -8 14 -7 12 -5 8 -6 14 -8 15 -7 14 -6 9 -2 15 -4 12 -9 11 -9 7 -8 4 0 0 0 0 0 0 0 0 0 0 0 0 0 0 0 0 0 0 0 0 0 0 -4 -7 -3 -8 1 -9 -4 -6 -6 -5 1 -5 2 -9 5 -8 3 -4 9 -7 10 -2 8 0 10 -1 12 3 20 -2 12 -3 22 -8 17 -7 13 -10 17 -9 11 -5 9 -2 9 2 9 1 17 6 12 7 ]
CSI_DATA,STA,E4:D1:24:F2:5E:80,-86,10,0,0,0,0,0,0,0,0,0,-97,0,9,0,3412906,0,389,0,0,3.79558,128,[-123 81 24 0 21 8 25 9 28 13 25 14 22 12 25 9 24 3 23 6 12 4 13 6 6 6 4 5 2 8 4 5 -3 6 -4 11 -4 7 -13 11 -8 11 -7 10 -8 12 -11 12 -8 8 -3 4 -9 6 0 0 0 0 0 0 0 0 0 0 0 0 0 0 0 0 0 0 0 0 0 0 -6 -2 -9 -1 -8 3 -6 -3 -10 -4 -9 -2 -4 -2 -2 -3 -1 -4 1 -6 0 -6 5 -5 4 -7 6 -9 12 -18 6 -16 5 -18 5 -14 3 -14 8 -19 6 -20 2 -17 7 -15 3 -5 4 0 15 0 ]
CSI_DATA,STA,E4:D1:24:F2:5E:80,-87,10,0,0,0,0,0,0,0,0,0,-97,0,9,0,3617711,0,389,0,0,4.00011,128,[-123 81 24 0 -4 -29 -3 -26 -7 -20 -9 -25 -9 -21 -12 -19 -10 -20 -7 -15 -8 -12 -8 -14 3 -9 0 -9 -1 -5 6 -4 8 -3 13 -7 12 -3 14 -9 18 -7 14 -7 11 -11 12 -7 10 -2 10 -4 4 -1 0 0 0 0 0 0 0 0 0 0 0 0 0 0 0 0 0 0 0 0 0 0 -3 4 -3 4 -3 8 -3 4 -2 6 -2 6 -2 6 -2 -2 -3 3 -9 1 -5 -2 -14 -7 -12 -6 -14 -7 -12 -2 -16 -4 -11 1 -18 0 -13 -3 -17 2 -12 -3 -12 3 -10 -7 -7 1 -5 -8 -3 -20 ]
CSI_DATA,STA,E4:D1:24:F2:5E:80,-86,10,0,0,0,0,0,0,0,0,0,-97,0,9,0,3708689,0,64,0,0,4.09079,128,[64 0 4 0 -31 -8 -28 -4 -27 -1 -30 0 -27 3 -26 3 -19 0 -21 3 -15 3 -14 -4 -9 -5 -1 -5 -7 -6 2 -9 6 -10 10 -12 7 -12 15 -16 8 -12 10 -12 13 -10 12 -14 5 -7 6 -7 6 -2 0 0 0 0 0 0 0 0 0 0 0 0 0 0 0 0 0 0 0 0 0 0 -2 -6 3 -3 7 -7 1 -7 0 -2 2 -2 1 0 -2 -2 2 2 0 7 2 6 0 7 2 12 1 17 9 12 8 20 3 16 7 18 8 15 5 13 3 16 7 9 -3 7 -4 8 -11 3 -16 2 ]
CSI_DATA,STA,E4:D1:24:F2:5E:80,-86,10,0,0,0,0,0,0,0,0,0,-97,0,9,0,3720114,0,389,0,0,4.11934,128,[-123 81 24 0 -29 -6 -29 -4 -31 -6 -26 -5 -28 0 -30 4 -20 -4 -24 2 -12 0 -10 1 -9 1 -3 -8 3 -9 3 -8 2 -11 -2 -19 1 -15 0 -24 5 -19 2 -18 9 -18 3 -20 1 -13 1 -12 4 -8 0 0 0 0 0 0 0 0 0 0 0 0 0 0 0 0 0 0 0 0 0 0 9 0 8 -1 4 -2 7 -2 4 0 2 2 1 3 1 3 1 5 -2 10 -4 11 -1 9 -8 12 -4 15 -4 17 -2 20 -6 22 -5 19 -2 18 1 18 -1 11 -1 11 -8 5 -2 4 -9 -4 -16 -6 ]
CSI_DATA,STA,E4:D1:24:F2:5E:80,-84,10,0,0,0,0,0,0,0,0,0,-97,0,9,0,3822516,0,389,0,0,4.20518,128,[-123 81 24 0 29 4 40 5 38 5 38 6 35 0 30 -2 28 0 23 -1 18 -3 18 -2 11 5 1 4 -2 8 -2 7 -2 9 -3 13 -2 16 -4 18 -10 21 -8 21 0 17 -5 16 -9 12 -6 10 -4 10 0 0 0 0 0 0 0 0 0 0 0 0 0 0 0 0 0 0 0 0 0 0 -12 4 -12 4 -12 2 -9 -3 -12 0 -11 -5 -6 -4 -2 -2 1 -5 2 -6 3 -16 6 -13 7 -10 10 -19 7 -22 5 -21 6 -24 1 -27 -2 -27 4 -22 -4 -18 -2 -11 7 -17 9 -7 9 -5 19 3 ]
CSI_DATA,STA,E4:D1:24:F2:5E:80,-84,10,0,0,0,0,0,0,0,0,0,-97,0,9,0,3924918,0,389,0,0,4.3076,128,[-123 81 24 0 35 9 32 12 43 4 36 7 32 13 25 2 29 5 21 -4 17 -2 10 3 9 3 8 3 -4 7 1 10 -9 12 -8 16 -11 18 -8 15 -13 19 -12 16 -6 12 -7 14 -13 15 -9 9 -7 8 0 0 0 0 0 0 0 0 0 0 0 0 0 0 0 0 0 0 0 0 0 0 -13 6 -13 8 -16 5 -11 3 -13 1 -10 2 -8 0 -7 -4 -3 -7 4 -8 3 -13 4 -12 6 -21 6 -27 5 -28 9 -27 4 -26 5 -33 -2 -26 3 -26 1 -25 5 -17 8 -10 9 -3 16 8 16 7 ]
CSI_DATA,STA,E4:D1:24:F2:5E:80,-83,10,0,0,0,0,0,0,0,0,0,-97,0,9,0,4146285,0,37,0,0,4.52881,128,[37 80 2 0 -35 -21 -34 -24 -35 -28 -40 -25 -32 -20 -32 -20 -23 -17 -23 -19 -19 -9 -8 -7 -6 -5 2 -8 1 -8 11 -5 16 -7 15 -6 22 -5 17 -4 22 -6 17 -7 18 -2 19 -3 15 1 16 -1 13 0 0 0 0 0 0 0 0 0 0 0 0 0 0 0 0 0 0 0 0 0 0 0 3 -13 8 -13 7 -16 4 -11 5 -5 6 -6 2 -3 1 1 0 2 -1 8 -4 12 -3 14 0 21 -5 19 -2 28 1 27 2 32 5 27 -1 30 1 31 0 18 3 20 5 12 -8 4 -12 -4 -18 -6 ]
CSI_DATA,STA,E4:D1:24:F2:5E:80,-83,10,0,0,0,0,0,0,0,0,0,-97,0,9,0,4181975,0,66,0,0,4.56724,128,[66 32 4 0 22 -23 30 -30 26 -31 28 -31 29 -30 23 -31 18 -28 16 -19 11 -13 10 -8 4 -4 10 5 -1 7 3 9 3 12 -1 22 -3 16 1 19 7 15 4 21 0 18 -2 19 0 20 -3 12 -5 12 0 0 0 0 0 0 0 0 0 0 0 0 0 0 0 0 0 0 0 0 0 0 11 12 13 9 11 8 10 10 7 9 2 4 2 0 1 3 -4 -1 -5 1 -14 -5 -18 -9 -20 -10 -20 -12 -26 -7 -29 -10 -26 -7 -29 -11 -31 -3 -28 -8 -22 -7 -22 0 -10 -5 -1 -6 0 -9 15 -10 ]
CSI_DATA,STA,E4:D1:24:F2:5E:80,-84,10,0,0,0,0,0,0,0,0,0,-97,0,9,0,4229531,0,37,0,0,4.61185,128,[37 80 2 0 14 35 20 35 15 33 19 35 18 27 21 31 18 23 17 18 12 14 5 8 -3 6 -5 8 -6 5 -14 -6 -16 1 -21 -1 -20 -6 -27 -5 -21 -8 -23 -10 -20 -4 -20 -2 -15 -3 -15 -5 -10 -1 0 0 0 0 0 0 0 0 0 0 0 0 0 0 0 0 0 0 0 0 0 0 -12 4 -13 4 -13 2 -8 4 -12 2 -8 1 -9 0 2 -4 5 -5 9 -8 4 -9 8 -13 11 -19 13 -18 19 -21 11 -18 14 -26 18 -29 12 -23 5 -22 5 -20 7 -12 9 -7 11 1 7 7 5 15 ]
CSI_DATA,STA,E4:D1:24:F2:5E:80,-84,10,0,0,0,0,0,0,0,0,0,-97,0,9,0,4229824,0,37,0,0,4.64687,128,[37 80 2 0 24 -30 23 -28 33 -34 24 -36 24 -26 19 -35 17 -26 12 -17 6 -15 8 -14 6 -6 1 3 1 6 3 11 2 20 6 17 1 21 -1 21 12 16 6 19 -1 21 3 19 2 14 4 16 1 13 0 0 0 0 0 0 0 0 0 0 0 0 0 0 0 0 0 0 0 0 0 0 15 5 10 9 11 8 8 8 10 9 4 9 -2 -1 -2 2 -1 2 -5 -3 -16 -7 -12 -11 -13 -9 -19 -7 -24 -5 -25 -8 -30 -6 -23 -2 -24 -10 -26 -4 -20 -3 -16 -4 -6 -12 -1 -5 4 -8 16 -16 ]
CSI_DATA,STA,E4:D1:24:F2:5E:80,-84,10,0,0,0,0,0,0,0,0,0,-97,0,9,0,4232125,0,389,0,0,4.68661,128,[-123 81 24 0 -26 -16 -35 -23 -32 -21 -31 -16 -31 -15 -29 -13 -21 -9 -21 -8 -17 -8 -17 -8 -1 -3 -1 -7 2 -9 9 -11 10 -3 11 -7 15 -5 17 -4 16 -6 19 -8 15 -3 17 -1 13 -3 11 3 8 -2 0 0 0 0 0 0 0 0 0 0 0 0 0 0 0 0 0 0 0 0 0 0 6 -12 4 -13 4 -13 7 -13 8 -9 4 -7 4 -2 2 -2 3 6 -1 1 -2 11 0 13 -5 21 -2 22 -1 23 1 22 -2 21 6 23 6 26 3 19 3 13 -2 15 0 7 -6 6 -11 0 -16 -10 ]
CSI_DATA,STA,E4:D1:24:F2:5E:80,-84,10,0,0,0,0,0,0,0,0,0,-97,0,9,0,4436930,0,389,0,0,4.81967,128,[-123 81 24 0 19 -26 22 -27 29 -31 24 -31 20 -33 19 -30 16 -27 15 -19 8 -17 5 -15 8 -9 3 0 11 2 3 8 8 12 7 19 5 21 3 22 4 24 3 17 4 20 6 19 1 16 3 16 1 7 0 0 0 0 0 0 0 0 0 0 0 0 0 0 0 0 0 0 0 0 0 0 5 10 5 12 5 8 -2 10 1 5 0 7 0 7 -4 1 -3 0 -6 -3 -15 -4 -13 -16 -25 -8 -17 -13 -23 -22 -24 -12 -29 -13 -26 -14 -28 -11 -27 -9 -15 -6 -15 -10 -7 -6 -5 -6 6 -10 12 -14 ]
CSI_DATA,STA,E4:D1:24:F2:5E:80,-84,10,0,0,0,0,0,0,0,0,0,-97,0,9,0,4539333,0,389,0,0,4.922,128,[-123 81 24 0 20 -31 18 -35 17 -38 10 -36 13 -33 13 -32 8 -24 6 -19 7 -18 5 -10 2 -2 2 1 11 5 11 6 3 15 11 13 13 13 17 15 14 14 10 18 10 17 9 11 6 14 3 12 -2 5 0 0 0 0 0 0 0 0 0 0 0 0 0 0 0 0 0 0 0 0 0 0 6 8 5 9 7 9 5 7 5 11 5 6 4 5 -4 1 -6 0 -10 2 -8 -3 -16 -7 -19 -4 -23 -9 -26 -4 -20 -1 -29 -5 -27 -3 -26 -8 -23 -1 -22 -2 -21 -2 -6 -6 -4 -11 2 -12 -2 -26 ]
CSI_DATA,STA,E4:D1:24:F2:5E:80,-85,10,0,0,0,0,0,0,0,0,0,-97,0,9,0,4641735,0,389,0,0,5.02441,128,[-123 81 24 0 23 15 31 6 31 10 33 9 33 4 22 1 26 3 20 1 13 4 10 6 5 2 4 3 0 8 -2 11 -2 8 -5 10 -5 18 -10 14 -12 11 -5 15 -8 15 -6 8 -6 13 -9 11 -9 5 0 0 0 0 0 0 0 0 0 0 0 0 0 0 0 0 0 0 0 0 0 0 -8 4 -12 0 -11 0 -8 1 -9 -3 -2 -2 -3 -4 -9 -2 0 -5 6 -5 4 -6 6 -14 4 -10 4 -21 12 -18 4 -21 4 -21 4 -22 2 -23 3 -19 0 -14 -2 -11 6 -9 4 3 14 1 13 7 ]
CSI_DATA,STA,E4:D1:24:F2:5E:80,-84,10,0,0,0,0,0,0,0,0,0,-97,0,9,0,4723610,0,376,0,0,5.10623,128,[120 -127 23 0 31 -22 32 -25 30 -22 32 -17 29 -17 18 -17 21 -18 12 -15 10 -7 9 -7 7 0 4 3 0 9 4 7 4 16 -1 20 4 18 1 22 7 24 2 17 4 18 0 14 -1 11 -1 7 -1 6 0 0 0 0 0 0 0 0 0 0 0 0 0 0 0 0 0 0 0 0 0 0 -1 13 -1 10 -5 7 -3 8 -1 6 -2 5 -7 2 -8 -1 -5 -5 -7 -10 -8 -18 -7 -15 -9 -15 -15 -21 -13 -21 -20 -19 -16 -14 -16 -15 -15 -12 -16 -10 -12 -11 -6 -18 -5 -6 2 -10 11 -4 17 -9 ]
CSI_DATA,STA,E4:D1:24:F2:5E:80,-85,10,0,0,0,0,0,0,0,0,0,-97,0,9,0,4744137,0,389,0,0,5.13804,128,[-123 81 24 0 2 37 5 38 8 32 9 35 14 28 15 26 5 21 6 14 10 12 1 7 -2 3 -9 2 -11 3 -16 8 -16 4 -18 0 -20 2 -16 7 -23 5 -19 7 -21 8 -12 0 -12 1 -12 -2 -9 2 0 0 0 0 0 0 0 0 0 0 0 0 0 0 0 0 0 0 0 0 0 0 -5 -13 -2 -10 -3 -11 1 -11 0 -5 5 -5 0 -9 6 -3 4 -2 8 -3 11 0 16 -2 18 5 18 5 19 2 20 0 23 -1 20 -6 18 -2 18 -1 11 -1 6 0 10 4 5 9 2 16 1 23 ]
CSI_DATA,STA,E4:D1:24:F2:5E:80,-85,10,0,0,0,0,0,0,0,0,0,-97,0,9,0,4846540,0,389,0,0,5.22933,128,[-123 81 24 0 -24 -15 -25 -14 -32 -21 -32 -13 -26 -12 -22 -13 -26 -12 -29 -10 -19 -8 -12 -7 -10 -7 -11 -5 -3 -7 2 -13 1 -16 1 -17 6 -15 5 -20 4 -17 3 -20 4 -20 4 -15 0 -13 3 -8 3 -15 0 0 0 0 0 0 0 0 0 0 0 0 0 0 0 0 0 0 0 0 0 0 2 9 5 8 1 8 3 12 3 7 -4 10 -2 9 1 0 -1 9 -3 5 -9 7 -15 8 -13 3 -24 0 -15 7 -18 8 -17 6 -19 11 -22 9 -17 9 -19 10 -16 15 -15 3 -18 5 -9 0 -18 -6 ]
CSI_DATA,STA,E4:D1:24:F2:5E:80,-86,10,0,0,0,0,0,0,0,0,0,-97,0,9,0,4948942,0,389,0,0,5.33153,128,[-123 81 24 0 6 -19 9 -31 4 -29 -5 -26 -2 -22 1 -20 -5 -17 0 -18 0 -15 0 -15 1 -10 4 -4 6 5 7 2 10 2 6 3 9 5 13 4 13 5 14 7 11 5 12 6 6 4 9 6 1 2 0 0 0 0 0 0 0 0 0 0 0 0 0 0 0 0 0 0 0 0 0 0 6 8 5 10 2 6 2 7 2 3 -3 6 4 3 0 4 -4 7 -6 0 -10 -2 -8 -1 -13 0 -18 -2 -16 -5 -22 -2 -19 -3 -21 0 -17 0 -22 1 -14 -1 -11 2 -10 -5 -4 -5 -4 -10 -2 -13 ]
CSI_DATA,STA,E4:D1:24:F2:5E:80,-87,10,0,0,0,0,0,0,0,0,0,-97,0,9,0,5029515,0,64,0,0,5.41179,128,[64 0 4 0 16 7 22 11 24 7 18 12 24 13 21 8 18 3 18 -1 11 0 10 8 5 -1 0 4 2 7 -9 6 -6 6 -11 4 -11 2 -15 6 -8 5 -16 5 -14 6 -13 8 -8 2 -9 -3 -10 -3 0 0 0 0 0 0 0 0 0 0 0 0 0 0 0 0 0 0 0 0 0 0 -7 4 -2 5 -3 2 -3 6 -6 5 -2 0 -4 1 -3 0 1 -5 -1 -4 1 -4 -3 -7 0 -9 0 -13 1 -15 -2 -14 0 -16 0 -19 2 -13 -4 -15 1 -16 2 -13 -2 -9 7 -2 3 0 10 3 ]
CSI_DATA,STA,E4:D1:24:F2:5E:80,-89,10,0,0,0,0,0,0,0,0,0,-97,0,9,0,5043515,0,64,0,0,5.44017,128,[64 0 4 0 -11 12 -21 21 -15 18 -20 19 -18 18 -18 17 -9 13 -11 14 -5 13 -5 7 -4 6 -7 1 -6 -2 -4 -4 -6 -8 -4 -10 -2 -16 -4 -8 -3 -16 -4 -15 1 -20 -4 -13 1 -10 0 -7 -2 -7 0 0 0 0 0 0 0 0 0 0 0 0 0 0 0 0 0 0 0 0 0 0 -2 -8 -3 -10 -7 -7 -4 -7 1 -3 -2 -6 0 -3 -1 3 2 -3 6 1 2 6 9 2 13 3 10 6 13 5 19 5 17 5 15 1 18 3 13 1 16 3 7 2 6 6 2 2 1 0 0 9 ]
CSI_DATA,STA,E4:D1:24:F2:5E:80,-87,10,0,0,0,0,0,0,0,0,0,-97,0,9,0,5051345,0,389,0,0,5.47812,128,[-123 81 24 0 -16 11 -28 8 -21 9 -23 11 -24 11 -15 11 -22 8 -14 11 -15 4 -9 5 -9 1 -5 -1 0 -2 -1 -10 2 -11 -1 -11 2 -14 6 -17 8 -16 5 -17 1 -16 6 -13 8 -7 9 -15 5 -10 0 0 0 0 0 0 0 0 0 0 0 0 0 0 0 0 0 0 0 0 0 0 -2 -6 -4 -7 -6 -10 -2 -9 -1 -6 0 -9 -4 -4 3 -1 1 -6 8 2 6 3 4 7 9 3 9 10 14 9 10 8 17 12 12 12 17 4 17 7 13 0 12 1 6 6 4 1 -7 7 -12 8 ]
CSI_DATA,STA,E4:D1:24:F2:5E:80,-87,10,0,0,0,0,0,0,0,0,0,-97,0,9,0,5153747,0,389,0,0,5.53632,128,[-123 81 24 0 4 -25 8 -27 4 -24 -4 -27 3 -27 0 -21 -5 -16 1 -14 -2 -12 1 -12 0 -8 4 -5 2 -5 8 -1 8 -3 14 -3 14 2 13 5 12 3 13 3 11 1 10 -2 13 3 10 4 6 0 0 0 0 0 0 0 0 0 0 0 0 0 0 0 0 0 0 0 0 0 0 0 1 6 0 2 2 2 2 7 1 1 -4 6 -1 -1 -1 0 -3 -1 -4 -3 -8 -3 -10 -5 -7 -7 -10 -7 -14 -9 -17 -6 -14 -6 -17 -2 -20 -4 -17 -4 -16 -4 -8 -4 -6 -6 -7 2 3 -9 4 -11 ]
CSI_DATA,STA,E4:D1:24:F2:5E:80,-87,10,0,0,0,0,0,0,0,0,0,-97,0,9,0,5256149,0,389,0,0,5.63883,128,[-123 81 24 0 9 -11 15 -10 16 -16 16 -17 20 -12 11 -14 13 -16 10 -11 5 -9 7 -10 6 -5 7 -1 7 -7 11 0 10 -2 8 -1 9 -4 12 4 12 -2 7 5 8 2 10 4 11 1 8 2 5 2 0 0 0 0 0 0 0 0 0 0 0 0 0 0 0 0 0 0 0 0 0 0 -3 -2 -4 -1 -6 -5 -5 -6 -8 4 -6 -5 -4 -3 -1 -2 0 1 -4 -4 2 -9 2 -4 1 -4 6 -15 2 -10 4 -11 1 -13 -1 -16 1 -15 -3 -15 -1 -12 1 -20 -5 -10 2 -7 -5 -11 -1 -12 ]
CSI_DATA,STA,E4:D1:24:F2:5E:80,-88,10,0,0,0,0,0,0,0,0,0,-97,0,9,0,6382577,0,389,0,0,6.76538,128,[-123 81 24 0 -19 -2 -17 -8 -20 -9 -20 -3 -17 -2 -22 -3 -21 -3 -16 -5 -16 3 -9 -4 -14 -3 -5 -1 -5 1 -3 -7 -3 -5 2 -6 4 -7 8 -6 8 -11 8 -6 9 -7 8 -4 10 -5 7 -1 8 -3 0 0 0 0 0 0 0 0 0 0 0 0 0 0 0 0 0 0 0 0 0 0 -2 -6 2 -5 3 -6 1 -8 3 -9 2 -3 0 -7 -3 -4 0 -2 -3 0 -4 2 -6 8 -7 8 -2 10 2 12 1 8 9 13 4 15 9 17 11 14 11 13 6 15 5 12 6 9 1 8 -5 2 ]
CSI_DATA,STA,E4:D1:24:F2:5E:80,-89,10,0,0,0,0,0,0,0,0,0,-97,0,9,0,6484979,0,389,0,0,6.86753,128,[-123 81 24 0 -13 -4 -13 -10 -16 -12 -22 -11 -21 -7 -16 -7 -21 -9 -15 -8 -9 -8 -12 -3 -8 -3 -6 0 -2 -5 3 -4 7 -1 9 -4 3 -2 8 7 11 -1 8 1 9 4 7 10 9 7 3 6 0 8 0 0 0 0 0 0 0 0 0 0 0 0 0 0 0 0 0 0 0 0 0 0 -7 -4 -10 -3 -4 -3 -10 -6 -5 -1 -9 -8 -4 0 -3 -5 2 3 2 0 -4 -1 -1 7 7 6 9 12 8 6 10 8 9 8 13 9 13 8 14 10 15 7 16 9 1 7 2 -1 3 -2 -1 0 ]
CSI_DATA,STA,E4:D1:24:F2:5E:80,-87,10,0,0,0,0,0,0,0,0,0,-97,0,9,0,6587503,0,389,0,0,6.9702,128,[-123 81 24 0 0 19 0 21 2 23 2 21 2 20 7 25 1 20 4 19 1 16 -1 11 -3 9 -2 5 -7 6 -6 -5 0 -4 -7 -8 -5 -7 -8 -8 -7 -6 -10 -11 -5 -13 -9 -8 -7 -8 -1 -8 -5 -11 0 0 0 0 0 0 0 0 0 0 0 0 0 0 0 0 0 0 0 0 0 0 -11 1 -10 4 -10 0 -10 -1 -8 4 -7 0 -5 0 -4 0 3 -1 2 -5 4 -3 4 -1 13 -8 9 -12 12 -6 10 -11 13 -18 13 -15 14 -21 13 -17 9 -17 11 -13 9 -11 1 -5 4 4 5 4 ]
CSI_DATA,STA,E4:D1:24:F2:5E:80,-87,10,0,0,0,0,0,0,0,0,0,-97,0,9,0,6689784,0,389,0,0,7.07248,128,[-123 81 24 0 19 2 23 1 29 -3 26 2 30 -6 25 -1 24 -9 24 -2 21 -5 18 0 11 -2 10 -6 5 3 3 1 1 4 -1 7 0 12 -3 8 -7 7 -4 15 -8 10 -10 10 -4 11 -7 8 -4 12 0 0 0 0 0 0 0 0 0 0 0 0 0 0 0 0 0 0 0 0 0 0 -9 8 -3 7 -5 11 -8 10 -6 6 -4 4 -4 8 0 4 -2 0 -3 0 -3 -4 -3 -3 -3 -9 -5 -12 -2 -19 0 -22 -6 -24 -5 -20 -8 -22 -8 -20 -9 -19 -9 -14 -5 -18 -2 -7 0 -8 7 -7 ]
CSI_DATA,STA,E4:D1:24:F2:5E:80,-85,10,0,0,0,0,0,0,0,0,0,-97,0,9,0,6792186,0,389,0,0,7.17488,128,[-123 81 24 0 15 17 17 21 15 25 23 23 27 24 23 16 24 14 21 12 15 11 8 13 2 3 4 6 1 8 -2 8 -6 10 -8 4 -7 7 -9 9 -10 7 -8 8 -11 9 -13 10 -12 11 -9 2 -13 2 0 0 0 0 0 0 0 0 0 0 0 0 0 0 0 0 0 0 0 0 0 0 -9 -1 -5 -4 -11 -5 -14 -9 -14 -3 -7 -8 -10 -1 -7 -3 -3 -3 -2 -2 2 -5 5 -5 8 -5 12 -11 13 -13 18 -14 20 -11 21 -11 16 -19 16 -24 11 -20 13 -18 8 -17 9 -10 7 -6 8 -3 ]
CSI_DATA,STA,E4:D1:24:F2:5E:80,-88,10,0,0,0,0,0,0,0,0,0,-97,0,9,0,6841006,0,64,0,0,7.22331,128,[64 0 4 0 9 -19 7 -20 14 -24 11 -26 12 -23 9 -17 7 -22 5 -19 6 -18 6 -16 4 -12 6 -2 4 -3 8 0 8 -1 11 4 8 12 11 5 10 9 11 14 8 11 5 9 9 15 1 11 4 9 0 0 0 0 0 0 0 0 0 0 0 0 0 0 0 0 0 0 0 0 0 0 0 9 -1 6 -5 5 -2 9 -2 6 -7 12 -4 4 2 4 -2 0 -1 1 -4 -1 -9 -1 -5 -2 -8 -13 -14 -16 -14 -7 -16 -9 -19 -3 -21 -9 -19 -8 -18 -5 -21 -5 -15 3 -8 -2 -4 -7 1 -3 ]
CSI_DATA,STA,E4:D1:24:F2:5E:80,-85,10,0,0,0,0,0,0,0,0,0,-97,0,9,0,6894588,0,389,0,0,7.277,128,[-123 81 24 0 5 19 3 23 6 32 -2 33 4 29 5 28 7 29 4 27 6 20 -2 17 1 13 0 8 -5 5 -8 2 -10 -2 -13 -1 -15 -1 -14 -4 -17 -8 -14 -6 -15 -7 -14 -4 -11 -8 -11 -7 -13 -3 0 0 0 0 0 0 0 0 0 0 0 0 0 0 0 0 0 0 0 0 0 0 -11 -6 -10 -7 -8 -8 -9 -4 -12 -5 -7 -9 -8 -7 -7 -1 -4 -4 -1 -5 4 -4 3 -6 9 -3 15 -1 18 -1 19 -6 25 -10 20 -10 21 -8 20 -11 19 -14 12 -12 15 -7 12 -6 7 -2 9 8 ]
CSI_DATA,STA,E4:D1:24:F2:5E:80,-85,10,0,0,0,0,0,0,0,0,0,-97,0,9,0,6996991,0,389,0,0,7.37969,128,[-123 81 24 0 -31 0 -36 4 -32 4 -28 5 -35 4 -27 12 -27 0 -28 9 -16 7 -15 3 -7 -5 -7 -6 -4 -5 -6 -8 -3 -13 0 -16 2 -20 -2 -17 -3 -16 -2 -18 0 -21 2 -17 2 -14 4 -13 2 -10 0 0 0 0 0 0 0 0 0 0 0 0 0 0 0 0 0 0 0 0 0 0 11 -3 11 -9 12 -4 11 -9 8 -7 9 -5 7 -3 4 0 8 -3 -1 6 -3 11 -1 13 -5 11 -6 14 -5 19 -2 24 -5 26 5 26 4 21 3 25 4 21 -1 17 -4 11 -2 8 -9 12 -17 4 ]
CSI_DATA,STA,E4:D1:24:F2:5E:80,-86,10,0,0,0,0,0,0,0,0,0,-97,0,9,0,7027516,0,201,0,0,7.41069,128,[-55 -112 12 0 -4 29 -6 31 2 38 2 35 1 32 4 32 5 30 8 20 4 21 2 15 1 10 -5 8 -6 2 -8 4 -14 -8 -12 -4 -14 5 -17 -4 -18 -4 -23 -5 -16 1 -20 -5 -11 -3 -8 -6 -7 -5 0 0 0 0 0 0 0 0 0 0 0 0 0 0 0 0 0 0 0 0 0 0 -4 -6 -6 -13 -8 -14 -4 -6 -4 -12 0 -5 -3 -7 1 -8 2 3 5 -4 9 3 9 0 19 5 14 3 26 4 28 1 22 3 25 -3 27 -6 22 -1 16 -4 18 -3 11 -3 7 -1 8 7 0 15 ]
CSI_DATA,STA,E4:D1:24:F2:5E:80,-85,10,0,0,0,0,0,0,0,0,0,-97,0,9,0,7099393,0,389,0,0,7.48195,128,[-123 81 24 0 -21 -19 -24 -25 -25 -25 -30 -17 -26 -20 -22 -17 -26 -20 -18 -14 -19 -11 -16 -5 -9 -13 -3 -10 3 -2 2 -11 6 -4 14 -4 11 -8 13 -11 15 -5 15 -8 16 -11 15 -7 14 -6 11 -4 6 -3 0 0 0 0 0 0 0 0 0 0 0 0 0 0 0 0 0 0 0 0 0 0 8 -7 9 -5 9 -6 9 -1 9 -2 5 2 4 0 1 1 0 3 0 3 -3 6 -7 3 -9 12 -7 15 -13 18 -9 20 -14 19 -11 21 -14 26 -12 21 -5 20 -4 16 -5 13 -3 7 -7 -2 -6 -5 ]
CSI_DATA,STA,E4:D1:24:F2:5E:80,-84,10,0,0,0,0,0,0,0,0,0,-97,0,9,0,7201796,0,389,0,0,7.58435,128,[-123 81 24 0 -25 19 -26 18 -22 20 -24 24 -25 27 -14 24 -14 22 -11 26 -10 16 -4 14 -10 9 -6 9 -8 3 -9 -5 -13 -3 -9 -11 -12 -7 -16 -18 -7 -17 -14 -17 -10 -17 -8 -11 -13 -11 -6 -14 -5 -12 0 0 0 0 0 0 0 0 0 0 0 0 0 0 0 0 0 0 0 0 0 0 4 -13 3 -11 1 -15 4 -15 1 -12 2 -9 3 -7 -2 -3 3 -3 1 -1 7 3 6 8 10 10 14 16 19 21 16 22 16 17 23 14 25 17 26 10 25 9 19 8 15 9 13 9 3 8 -3 9 ]
CSI_DATA,STA,E4:D1:24:F2:5E:80,-84,10,0,0,0,0,0,0,0,0,0,-97,0,9,0,7304198,0,389,0,0,7.6869,128,[-123 81 24 0 -19 -28 -22 -31 -27 -26 -31 -26 -27 -22 -23 -21 -24 -18 -21 -12 -23 -13 -17 -10 -12 -9 -7 -14 2 -9 3 -6 10 -10 13 -6 12 -10 22 -6 20 -8 17 -7 16 -8 18 -10 21 -4 11 0 12 -2 0 0 0 0 0 0 0 0 0 0 0 0 0 0 0 0 0 0 0 0 0 0 12 -3 13 -4 15 -4 11 -7 10 -7 10 -1 7 1 2 1 -1 3 0 6 -3 7 -6 10 -8 11 -11 17 -13 25 -13 22 -14 24 -14 28 -14 22 -7 24 -11 20 -9 16 -4 15 -2 8 -4 -3 -11 -4 ]
CSI_DATA,STA,E4:D1:24:F2:5E:80,-83,10,0,0,0,0,0,0,0,0,0,-97,0,9,0,7406600,0,389,0,0,7.78926,128,[-123 81 24 0 -27 23 -29 26 -29 25 -31 27 -26 29 -22 32 -21 18 -20 23 -17 20 -8 16 -7 8 -12 4 -8 -3 -2 -11 -4 -9 -10 -15 -7 -21 -5 -19 -3 -23 -4 -20 -2 -18 -2 -16 1 -19 3 -19 4 -11 0 0 0 0 0 0 0 0 0 0 0 0 0 0 0 0 0 0 0 0 0 0 -6 -13 -8 -13 -6 -14 -2 -10 -9 -15 -3 -12 -3 -6 2 -6 -1 -3 3 -2 9 4 10 5 17 14 16 10 22 9 23 12 26 10 26 14 26 3 33 6 29 6 21 1 16 7 7 5 0 7 -6 7 ]
CSI_DATA,STA,E4:D1:24:F2:5E:80,-83,10,0,0,0,0,0,0,0,0,0,-97,0,9,0,7509003,0,389,0,0,7.89168,128,[-123 81 24 0 24 26 25 28 26 37 32 31 27 29 30 27 29 20 18 19 12 15 15 15 6 9 0 16 -3 6 -12 0 -12 -4 -16 -1 -18 -1 -17 -9 -19 -5 -20 -4 -19 -9 -22 -13 -16 -11 -18 -10 -7 -7 0 0 0 0 0 0 0 0 0 0 0 0 0 0 0 0 0 0 0 0 0 0 -3 12 -8 16 -9 12 -5 14 3 14 -2 10 -6 6 -2 5 -2 -1 3 -11 4 -13 1 -16 -1 -19 5 -26 6 -28 -2 -31 -4 -32 -2 -33 -10 -37 -4 -30 -3 -29 -2 -20 -2 -8 2 -9 6 -4 8 5 ]
CSI_DATA,STA,E4:D1:24:F2:5E:80,-82,10,0,0,0,0,0,0,0,0,0,-97,0,9,0,7611405,0,389,0,0,7.99409,128,[-123 81 24 0 20 21 25 24 28 25 23 22 30 21 25 21 23 12 19 13 14 12 14 13 8 6 3 7 -4 3 -8 6 -13 -1 -13 -2 -15 -1 -15 1 -19 -3 -24 -1 -15 -7 -15 -4 -15 -2 -10 -4 -12 -5 0 0 0 0 0 0 0 0 0 0 0 0 0 0 0 0 0 0 0 0 0 0 -5 12 -6 12 -11 11 -7 11 -4 9 -5 7 -5 1 -1 2 -4 -2 0 -5 0 -9 4 -11 5 -17 5 -19 6 -27 8 -24 4 -30 0 -27 3 -30 -1 -28 -4 -23 0 -21 1 -12 2 -5 5 3 6 5 ]
CSI_DATA,STA,E4:D1:24:F2:5E:80,-82,10,0,0,0,0,0,0,0,0,0,-97,0,9,0,7713807,0,389,0,0,8.09652,128,[-123 81 24 0 -8 -32 -13 -39 -8 -43 -6 -37 -10 -41 -11 -33 -9 -32 -10 -24 -7 -19 -6 -20 0 -6 1 -7 7 -4 9 3 11 5 16 7 17 9 16 7 20 9 17 8 11 7 14 11 14 9 8 9 9 10 0 0 0 0 0 0 0 0 0 0 0 0 0 0 0 0 0 0 0 0 0 0 13 -4 12 -3 11 -5 16 3 11 -2 12 -4 0 1 3 2 1 0 -6 4 -13 8 -13 10 -19 14 -21 15 -21 13 -22 19 -23 19 -22 25 -20 21 -20 20 -19 18 -12 15 -9 8 -7 0 -3 -10 -3 -20 ]
CSI_DATA,STA,E4:D1:24:F2:5E:80,-82,10,0,0,0,0,0,0,0,0,0,-97,0,9,0,7816210,0,389,0,0,8.19883,128,[-123 81 24 0 -32 20 -33 25 -35 29 -37 25 -35 23 -24 25 -30 20 -24 16 -20 18 -13 7 -10 5 -8 -2 -6 -3 3 -10 1 -15 -1 -18 -3 -16 14 -19 1 -23 2 -23 8 -22 8 -18 2 -16 9 -15 8 -10 0 0 0 0 0 0 0 0 0 0 0 0 0 0 0 0 0 0 0 0 0 0 -11 -13 -13 -14 -11 -16 -6 -12 -3 -11 -4 -2 -3 -8 0 -6 3 -2 11 1 7 4 16 9 21 8 24 15 23 13 27 14 33 10 38 7 26 9 27 9 20 4 25 5 16 7 1 4 -2 11 -13 12 ]
CSI_DATA,STA,E4:D1:24:F2:5E:80,-84,10,0,0,0,0,0,0,0,0,0,-97,0,9,0,7880806,0,64,0,0,8.26311,128,[64 0 4 0 33 18 35 17 32 21 40 12 34 18 29 13 31 9 23 5 18 2 11 6 3 3 1 4 -5 1 -8 6 -17 4 -14 6 -16 8 -21 5 -22 7 -19 8 -19 5 -16 5 -16 4 -10 1 -9 -3 0 0 0 0 0 0 0 0 0 0 0 0 0 0 0 0 0 0 0 0 0 0 -6 10 -5 14 -14 12 -6 8 -5 5 -3 6 1 3 0 -3 -5 -8 -1 -9 5 -16 -1 -17 -5 -20 0 -25 -2 -22 2 -28 -4 -33 -1 -28 -6 -28 -10 -23 -3 -17 -1 -20 0 -10 10 -4 12 6 12 11 ]
CSI_DATA,STA,E4:D1:24:F2:5E:80,-83,10,0,0,0,0,0,0,0,0,0,-97,0,9,0,7918612,0,389,0,0,8.30086,128,[-123 81 24 0 34 18 36 20 38 16 39 18 40 16 28 14 31 4 24 9 21 5 10 7 8 7 1 1 -8 3 -16 2 -19 7 -11 -5 -20 5 -19 4 -19 4 -19 4 -18 1 -18 1 -12 0 -12 1 -8 -5 0 0 0 0 0 0 0 0 0 0 0 0 0 0 0 0 0 0 0 0 0 0 -2 15 0 16 1 16 -1 11 -4 11 0 9 -2 1 0 2 -2 -4 1 -12 -6 -10 0 -15 0 -24 -7 -23 -7 -25 -12 -31 -7 -31 -15 -28 -9 -30 -16 -22 -8 -22 -5 -18 -9 -8 -2 -5 7 -2 17 12 ]
CSI_DATA,STA,E4:D1:24:F2:5E:80,-84,10,0,0,0,0,0,0,0,0,0,-97,0,9,0,8021015,0,389,0,0,8.4037,128,[-123 81 24 0 13 -37 12 -35 17 -33 8 -33 9 -36 11 -31 3 -29 1 -24 3 -20 3 -14 0 -10 1 -4 1 2 3 7 2 11 4 11 5 13 7 17 4 20 7 15 -3 19 1 14 1 13 -1 15 2 5 0 0 0 0 0 0 0 0 0 0 0 0 0 0 0 0 0 0 0 0 0 0 15 -3 16 0 14 -3 16 -7 12 -3 10 -2 6 0 0 -2 -3 4 -9 2 -10 1 -15 3 -24 1 -18 7 -23 13 -25 11 -30 10 -30 13 -25 12 -18 13 -16 10 -14 6 -9 3 -2 -4 1 -8 7 -12 ]
CSI_DATA,STA,E4:D1:24:F2:5E:80,-84,10,0,0,0,0,0,0,0,0,0,-97,0,9,0,8123417,0,389,0,0,8.5061,128,[-123 81 24 0 -21 -34 -18 -36 -22 -36 -21 -33 -11 -31 -18 -29 -16 -30 -17 -20 -9 -18 -8 -13 -2 -12 -1 -2 1 2 1 2 9 3 10 6 10 9 12 12 11 15 14 16 11 13 12 14 8 16 6 9 1 11 0 0 0 0 0 0 0 0 0 0 0 0 0 0 0 0 0 0 0 0 0 0 -7 -14 -5 -15 0 -13 0 -15 2 -7 0 -9 2 -6 -2 -2 -1 -1 -1 6 -3 8 2 19 3 20 -1 22 1 23 5 27 1 29 2 29 2 24 1 26 -1 25 2 16 7 8 0 1 -4 -7 -7 -15 ]
CSI_DATA,STA,E4:D1:24:F2:5E:80,-83,10,0,0,0,0,0,0,0,0,0,-97,0,9,0,8225819,0,389,0,0,8.60853,128,[-123 81 24 0 -15 32 -19 33 -18 35 -16 34 -14 33 -16 26 -14 26 -11 22 -12 18 -6 14 -6 4 -4 3 -4 -4 -7 -8 -5 -12 -3 -14 2 -14 -2 -24 -4 -19 -5 -19 -1 -20 1 -20 -1 -14 1 -12 5 -11 0 0 0 0 0 0 0 0 0 0 0 0 0 0 0 0 0 0 0 0 0 0 -17 0 -15 -1 -12 -3 -13 -1 -9 -3 -9 -3 -5 -3 -3 -3 5 -3 5 -1 8 -4 15 -2 14 -4 21 -3 26 -6 28 -6 30 -9 30 -9 28 -14 27 -7 18 -10 14 -8 11 -2 5 -1 -4 6 -7 15 ]
CSI_DATA,STA,E4:D1:24:F2:5E:80,-83,10,0,0,0,0,0,0,0,0,0,-97,0,9,0,8328222,0,389,0,0,8.71091,128,[-123 81 24 0 -12 -29 -12 -29 -16 -39 -14 -35 -14 -30 -16 -30 -9 -25 -12 -22 -13 -19 -9 -12 -1 -7 1 -4 2 -1 6 0 5 1 2 12 10 14 12 8 13 11 13 15 13 15 12 12 7 16 4 14 -2 9 0 0 0 0 0 0 0 0 0 0 0 0 0 0 0 0 0 0 0 0 0 0 0 -19 -2 -15 -2 -13 -4 -14 -3 -12 1 -9 -2 -8 0 0 1 4 -1 4 1 10 -1 7 -1 19 -1 23 -3 24 -4 24 -5 30 2 28 -1 27 0 26 4 20 -1 15 3 13 -4 8 -3 -1 -8 -14 ]
CSI_DATA,STA,E4:D1:24:F2:5E:80,-83,10,0,0,0,0,0,0,0,0,0,-97,0,9,0,8430624,0,389,0,0,8.81331,128,[-123 81 24 0 -36 -7 -42 -6 -36 -8 -37 -2 -37 0 -36 3 -36 -2 -27 1 -20 -1 -20 -1 -12 -2 -6 -6 0 -6 3 -3 11 -16 7 -11 14 -10 12 -12 15 -14 20 -13 17 -9 16 -9 16 -10 9 -6 12 -5 0 0 0 0 0 0 0 0 0 0 0 0 0 0 0 0 0 0 0 0 0 0 -6 -17 -6 -13 -2 -16 0 -20 -1 -13 -2 -10 -3 -5 4 -2 5 2 0 6 6 11 6 18 9 14 13 20 20 26 14 25 12 26 23 24 16 25 16 21 18 16 14 15 5 13 6 7 -5 1 -15 5 ]
CSI_DATA,STA,E4:D1:24:F2:5E:80,-84,10,0,0,0,0,0,0,0,0,0,-97,0,9,0,8533027,0,389,0,0,8.91571,128,[-123 81 24 0 30 12 32 10 34 15 36 12 34 12 35 8 29 5 22 5 22 5 13 7 10 3 5 4 1 5 -2 8 -6 2 -11 10 -15 9 -16 6 -16 5 -18 7 -19 7 -15 1 -8 4 -11 0 -10 -2 0 0 0 0 0 0 0 0 0 0 0 0 0 0 0 0 0 0 0 0 0 0 -8 16 -2 11 -9 17 -7 11 -3 12 -5 9 -6 5 -1 -1 -3 1 -4 -9 -2 -12 2 -10 -6 -21 0 -18 1 -30 -3 -27 -6 -24 -13 -27 -8 -23 -11 -28 -4 -25 -12 -20 -4 -13 -3 -9 4 -1 17 4 ]
CSI_DATA,STA,E4:D1:24:F2:5E:80,-85,10,0,0,0,0,0,0,0,0,0,-97,0,9,0,8635429,0,389,0,0,9.01797,128,[-123 81 24 0 22 -17 25 -18 24 -23 22 -20 26 -25 26 -19 22 -18 12 -21 12 -9 13 -12 6 -4 5 -5 0 7 4 5 0 16 -2 15 -5 13 -2 18 -1 13 0 16 -2 14 -8 14 -6 10 -6 6 -8 6 0 0 0 0 0 0 0 0 0 0 0 0 0 0 0 0 0 0 0 0 0 0 8 7 11 11 9 5 5 10 8 11 2 7 4 2 2 7 -2 2 -5 -4 -6 -3 -12 -7 -11 -8 -17 -8 -21 -7 -25 -10 -26 -4 -23 -5 -25 -9 -24 -8 -24 -2 -18 -5 -15 -7 -7 -4 -1 -5 4 -9 ]
CSI_DATA,STA,E4:D1:24:F2:5E:80,-84,10,0,0,0,0,0,0,0,0,0,-97,0,9,0,8738001,0,389,0,0,9.12073,128,[-123 81 24 0 -5 -34 -10 -32 -10 -29 -13 -42 -16 -40 -11 -33 -9 -29 -16 -21 -9 -18 -5 -14 -3 -11 -1 -6 7 -3 9 -8 13 -4 11 2 12 4 18 3 16 5 17 1 20 -2 15 5 14 7 15 5 6 4 0 0 0 0 0 0 0 0 0 0 0 0 0 0 0 0 0 0 0 0 0 0 15 4 13 3 12 4 13 6 9 5 14 2 13 -1 -1 2 -6 7 -4 10 -10 2 -14 10 -21 11 -22 11 -20 15 -24 7 -30 13 -25 13 -23 16 -20 15 -14 12 -12 16 -13 2 -10 -2 -1 -9 -4 -14 ]
CSI_DATA,STA,E4:D1:24:F2:5E:80,-83,10,0,0,0,0,0,0,0,0,0,-97,0,9,0,8840234,0,389,0,0,9.22302,128,[-123 81 24 0 -8 30 -10 42 -7 39 -4 40 0 37 -3 39 5 36 2 24 2 21 -5 16 -3 9 -6 9 -9 -4 -6 -6 -7 -12 -7 -11 -13 -13 -11 -10 -8 -16 -13 -18 -10 -21 -8 -17 -5 -15 1 -15 3 -15 0 0 0 0 0 0 0 0 0 0 0 0 0 0 0 0 0 0 0 0 0 0 -13 4 -16 1 -21 1 -14 0 -12 -5 -10 1 -7 0 -6 -4 -4 -4 6 -8 10 -3 14 -9 15 -8 18 -10 21 -13 29 -9 26 -16 22 -23 19 -25 17 -19 19 -12 14 -8 13 -10 0 -3 3 4 1 8 ]
CSI_DATA,STA,E4:D1:24:F2:5E:80,-84,10,0,0,0,0,0,0,0,0,0,-97,0,9,0,8942636,0,389,0,0,9.32533,128,[-123 81 24 0 28 23 25 21 34 24 30 25 32 21 25 20 23 14 19 11 14 12 7 8 7 9 -2 5 -2 11 -8 4 -7 10 -14 7 -14 8 -12 5 -18 6 -21 2 -21 7 -16 8 -17 3 -12 1 -10 1 0 0 0 0 0 0 0 0 0 0 0 0 0 0 0 0 0 0 0 0 0 0 -10 10 -12 6 -14 2 -11 7 -10 1 -6 4 -9 -5 0 -3 -1 -7 0 -9 2 -9 3 -14 9 -17 9 -21 13 -25 7 -26 8 -27 11 -21 3 -30 7 -25 5 -21 0 -23 -1 -9 0 -5 7 2 15 10 ]
CSI_DATA,STA,E4:D1:24:F2:5E:80,-83,10,0,0,0,0,0,0,0,0,0,-97,0,9,0,9045038,0,389,0,0,9.4277,128,[-123 81 24 0 -7 -37 -5 -33 -8 -42 -14 -39 -12 -37 -16 -34 -10 -28 -11 -22 -12 -19 -2 -16 -4 -13 2 -6 7 -5 8 -1 11 -2 17 4 16 4 18 4 20 4 18 5 21 10 15 7 13 7 11 6 7 9 0 0 0 0 0 0 0 0 0 0 0 0 0 0 0 0 0 0 0 0 0 0 16 2 15 -2 9 5 8 2 10 3 8 5 4 7 3 0 -2 1 -8 -1 -11 5 -10 9 -18 11 -19 12 -21 14 -26 7 -23 20 -22 17 -22 16 -15 9 -19 17 -19 17 -12 2 -6 3 -7 -8 -3 -15 ]
CSI_DATA,STA,E4:D1:24:F2:5E:80,-84,10,0,0,0,0,0,0,0,0,0,-97,0,9,0,9147441,0,389,0,0,9.53014,128,[-123 81 24 0 26 19 30 19 30 23 32 20 27 16 32 18 24 15 22 10 16 11 10 5 10 7 1 2 -3 6 -5 2 -8 1 -13 4 -15 5 -17 4 -24 4 -21 0 -25 4 -17 3 -18 -1 -14 3 -5 -2 0 0 0 0 0 0 0 0 0 0 0 0 0 0 0 0 0 0 0 0 0 0 -11 11 -9 15 -9 15 -8 8 -7 6 -10 1 -6 4 -2 0 -1 -3 1 -7 4 -15 -1 -14 0 -21 4 -24 -3 -29 0 -28 -1 -24 -4 -27 -1 -27 -3 -20 -3 -20 -2 -20 -1 -14 6 -3 6 1 18 7 ]
CSI_DATA,STA,E4:D1:24:F2:5E:80,-84,10,0,0,0,0,0,0,0,0,0,-97,0,9,0,9249843,0,389,0,0,9.63252,128,[-123 81 24 0 -31 0 -33 -4 -35 -1 -39 0 -33 4 -31 5 -32 0 -25 3 -19 2 -18 -4 -12 -5 -4 -7 -6 -5 6 -4 5 -15 5 -13 10 -17 11 -16 8 -15 7 -20 10 -14 5 -15 8 -13 4 -12 6 -11 0 0 0 0 0 0 0 0 0 0 0 0 0 0 0 0 0 0 0 0 0 0 9 -16 6 -13 9 -10 6 -12 5 -10 6 -6 8 -6 7 -3 -1 0 1 8 1 9 0 14 8 19 1 20 2 22 3 28 5 28 8 24 7 18 10 23 9 18 5 15 1 15 -6 7 -2 1 -17 3 ]
CSI_DATA,STA,E4:D1:24:F2:5E:80,-84,10,0,0,0,0,0,0,0,0,0,-97,0,9,0,9352246,0,389,0,0,9.73479,128,[-123 81 24 0 25 11 30 15 38 12 35 11 29 14 30 10 28 10 24 9 22 5 16 4 15 4 10 5 8 16 2 11 -3 11 -11 15 -13 14 -9 17 -7 10 -14 13 -15 14 -13 14 -16 11 -12 7 -9 10 0 0 0 0 0 0 0 0 0 0 0 0 0 0 0 0 0 0 0 0 0 0 -17 3 -17 3 -12 3 -15 4 -13 2 -10 0 -10 3 -6 -5 -5 -4 -1 -5 -1 -7 1 -17 2 -12 8 -19 8 -26 18 -26 12 -29 7 -32 3 -32 3 -25 -3 -29 2 -25 1 -18 2 -8 9 -6 11 -6 ]
CSI_DATA,STA,E4:D1:24:F2:5E:80,-83,10,0,0,0,0,0,0,0,0,0,-97,0,9,0,9454648,0,389,0,0,9.8372,128,[-123 81 24 0 26 -14 36 -17 36 -18 32 -22 29 -18 30 -22 21 -13 24 -16 18 -10 14 -8 4 -6 7 -4 8 1 9 10 2 9 3 10 0 15 5 15 1 22 -2 17 -4 23 -2 23 1 12 -1 12 -1 11 0 0 0 0 0 0 0 0 0 0 0 0 0 0 0 0 0 0 0 0 0 0 -3 12 -4 18 -4 14 -4 12 -5 14 -5 11 -2 5 0 4 -2 -1 -7 -3 -4 -9 -4 -11 -10 -16 -9 -22 -18 -24 -17 -20 -18 -21 -20 -26 -19 -26 -21 -16 -22 -15 -12 -11 -11 -17 -4 -15 6 -6 7 -11 ]
CSI_DATA,STA,E4:D1:24:F2:5E:80,-85,10,0,0,0,0,0,0,0,0,0,-97,0,9,0,9761855,0,389,0,0,10.1446,128,[-123 81 24 0 14 22 11 22 16 25 22 22 22 26 22 15 21 21 12 20 11 10 7 6 8 8 2 2 -4 6 -10 3 -13 0 -10 3 -18 5 -13 0 -19 0 -14 2 -19 3 -13 4 -11 2 -8 1 -11 2 0 0 0 0 0 0 0 0 0 0 0 0 0 0 0 0 0 0 0 0 0 0 -11 -1 -14 0 -15 -2 -9 3 -12 1 -9 -5 -4 -3 -7 -3 2 -5 1 -5 4 -8 9 -9 12 -10 10 -13 15 -15 14 -16 12 -21 13 -22 17 -26 8 -20 15 -21 9 -15 5 -12 4 -3 5 4 4 10 ]
CSI_DATA,STA,E4:D1:24:F2:5E:80,-84,10,0,0,0,0,0,0,0,0,0,-97,0,9,0,9864257,0,389,0,0,10.247,128,[-123 81 24 0 29 -20 28 -19 28 -20 36 -25 29 -23 26 -25 24 -21 16 -20 14 -12 6 -8 9 -1 5 -1 7 1 3 6 -2 6 -1 13 -3 16 1 13 -4 16 -8 15 -1 17 -6 19 0 16 -7 14 -6 7 0 0 0 0 0 0 0 0 0 0 0 0 0 0 0 0 0 0 0 0 0 0 7 13 6 11 8 11 5 9 2 10 2 2 2 6 1 1 -3 -3 -2 -2 -5 -5 -10 -9 -13 -11 -20 -15 -17 -12 -22 -11 -26 -10 -27 -12 -28 -12 -23 -12 -23 -3 -20 -9 -16 -13 -3 -9 -4 -6 7 -9 ]
CSI_DATA,STA,E4:D1:24:F2:5E:80,-84,10,0,0,0,0,0,0,0,0,0,-97,0,9,0,9966660,0,389,0,0,10.3494,128,[-123 81 24 0 -15 30 -15 26 -15 37 -14 29 -15 32 -10 35 -10 20 -11 24 -4 22 -7 14 -10 9 -5 4 -3 -5 -9 -6 -3 -11 -5 -15 -5 -17 -5 -18 -7 -17 -7 -21 -2 -18 -4 -14 -5 -17 3 -17 -3 -14 0 0 0 0 0 0 0 0 0 0 0 0 0 0 0 0 0 0 0 0 0 0 -14 -2 -15 -2 -14 -2 -12 -1 -8 -2 -9 -1 -3 -2 -6 1 0 -1 2 -6 8 -1 15 0 14 -4 22 -1 19 -7 26 -7 27 -11 28 -7 26 -13 23 -12 24 -8 20 -8 15 -1 12 1 -1 5 -1 9 ]
CSI_DATA,STA,E4:D1:24:F2:5E:80,-85,10,0,0,0,0,0,0,0,0,0,-97,0,9,0,10069062,0,389,0,0,10.4516,128,[-123 81 24 0 21 15 23 18 33 14 33 14 30 16 32 11 28 8 27 5 19 10 13 1 8 4 4 2 -7 6 -5 10 -6 7 -12 11 -15 12 -15 14 -14 9 -13 6 -13 13 -17 10 -14 7 -14 5 -11 3 0 0 0 0 0 0 0 0 0 0 0 0 0 0 0 0 0 0 0 0 0 0 -16 5 -15 6 -12 5 -11 3 -10 2 -8 5 -6 8 -3 1 -3 -3 -3 -4 4 -7 2 -15 5 -17 8 -18 9 -24 6 -28 9 -23 4 -29 2 -29 3 -26 1 -28 6 -21 1 -19 9 -12 10 -4 8 6 ]
CSI_DATA,STA,E4:D1:24:F2:5E:80,-84,10,0,0,0,0,0,0,0,0,0,-97,0,9,0,10171465,0,389,0,0,10.554,128,[-123 81 24 0 -22 -25 -24 -29 -28 -25 -24 -29 -23 -27 -25 -20 -26 -27 -22 -15 -18 -15 -14 -11 -11 -12 -2 -11 -1 -9 9 -5 12 -6 16 -4 16 -10 18 -2 19 -5 19 -3 19 -5 15 -2 19 0 13 -2 13 0 0 0 0 0 0 0 0 0 0 0 0 0 0 0 0 0 0 0 0 0 0 0 12 -6 12 -6 13 -5 15 -4 10 -4 4 0 6 -5 7 0 2 0 -3 2 -6 7 -11 9 -11 15 -15 22 -14 16 -20 23 -12 21 -7 27 -6 22 -12 29 -6 21 -2 19 -3 17 -8 3 -10 1 -17 -5 ]
CSI_DATA,STA,E4:D1:24:F2:5E:80,-85,10,0,0,0,0,0,0,0,0,0,-97,0,9,0,10273867,0,389,0,0,10.6566,128,[-123 81 24 0 -19 20 -19 27 -17 31 -19 33 -14 34 -15 28 -14 26 -10 17 -7 18 -11 10 -8 8 -2 1 -5 -5 -3 -6 -8 -8 -8 -10 -8 -17 -8 -16 -9 -15 -5 -16 -4 -19 -2 -14 -1 -15 -4 -15 -4 -9 0 0 0 0 0 0 0 0 0 0 0 0 0 0 0 0 0 0 0 0 0 0 -11 -8 -8 -5 -11 -8 -10 -15 -5 -10 -6 -11 -2 -7 0 -5 3 -3 2 -3 6 1 13 1 16 2 17 0 18 4 28 1 28 5 25 1 29 0 23 -1 24 1 21 2 11 0 6 1 1 8 -5 12 ]
CSI_DATA,STA,E4:D1:24:F2:5E:80,-84,10,0,0,0,0,0,0,0,0,0,-97,0,9,0,10376269,0,389,0,0,10.7589,128,[-123 81 24 0 -15 -22 -23 -23 -29 -25 -28 -20 -25 -22 -25 -16 -18 -13 -21 -10 -15 -12 -15 -6 -9 -10 -5 -5 -4 -9 0 -7 7 -5 12 -7 16 -6 13 -7 14 -6 13 -7 15 -4 12 -6 9 -7 12 -4 16 1 0 0 0 0 0 0 0 0 0 0 0 0 0 0 0 0 0 0 0 0 0 0 10 -2 12 -4 13 -4 11 -5 10 -5 4 -4 7 -1 2 1 3 -2 2 4 -6 11 -8 9 -9 6 -11 14 -14 19 -13 25 -8 26 -11 27 -14 27 -10 29 -6 21 -7 17 -8 9 -5 4 -5 -4 -10 -13 ]
CSI_DATA,STA,E4:D1:24:F2:5E:80,-85,10,0,0,0,0,0,0,0,0,0,-97,0,9,0,10478672,0,389,0,0,10.8614,128,[-123 81 24 0 -17 -17 -30 -13 -29 -18 -34 -13 -31 -14 -31 -11 -27 -10 -23 -9 -21 -12 -13 -9 -5 -5 -1 -7 -2 -8 5 -9 6 -8 7 -10 8 -10 9 -15 14 -9 18 -10 17 -9 10 -9 10 -6 10 -7 7 -2 0 0 0 0 0 0 0 0 0 0 0 0 0 0 0 0 0 0 0 0 0 0 8 -7 12 -9 11 -6 11 -8 10 -9 8 -5 4 -1 -1 -3 2 2 -5 7 -5 7 -10 14 -7 14 -6 15 -6 20 -2 21 -2 27 -5 21 -4 24 -4 22 -4 21 -1 18 7 15 0 11 -13 4 -6 -2 ]
CSI_DATA,STA,E4:D1:24:F2:5E:80,-85,10,0,0,0,0,0,0,0,0,0,-97,0,9,0,10581156,0,389,0,0,10.9638,128,[-123 81 24 0 24 0 31 -5 34 -3 35 -5 34 -3 32 1 28 -7 20 -5 25 -5 20 -5 10 -3 7 0 2 8 -1 8 -3 12 -5 9 -4 11 -10 15 -7 17 -7 22 -11 14 -4 16 -4 10 -10 11 -9 10 0 0 0 0 0 0 0 0 0 0 0 0 0 0 0 0 0 0 0 0 0 0 -8 11 -7 10 -9 10 -3 14 -6 12 -7 11 -2 6 -3 4 -5 2 0 -6 0 -6 -2 -13 -5 -15 -2 -18 -10 -19 -7 -19 -7 -28 -9 -28 -10 -22 -10 -27 -7 -23 -14 -19 -9 -16 1 -12 6 -3 4 1 ]
CSI_DATA,STA,E4:D1:24:F2:5E:80,-85,10,0,0,0,0,0,0,0,0,0,-97,0,9,0,10785879,0,389,0,0,11.1686,128,[-123 81 24 0 -20 -16 -25 -18 -28 -24 -26 -21 -32 -19 -25 -22 -24 -18 -23 -9 -17 -11 -15 -7 -3 -11 -4 -4 4 -4 3 -2 8 -6 11 -10 16 -5 17 0 21 -2 20 -1 14 2 17 -3 16 3 10 4 6 3 0 0 0 0 0 0 0 0 0 0 0 0 0 0 0 0 0 0 0 0 0 0 7 -12 5 -10 10 -9 5 -14 6 -10 5 -9 1 -5 0 -2 3 -1 3 -1 -8 4 -2 13 -4 12 -3 18 -8 21 -6 22 -3 29 0 22 3 27 2 26 5 26 -1 18 0 15 -3 4 -4 -3 -10 -8 ]
CSI_DATA,STA,E4:D1:24:F2:5E:80,-84,10,0,0,0,0,0,0,0,0,0,-97,0,9,0,10888281,0,389,0,0,11.2709,128,[-123 81 24 0 -6 23 -10 34 -2 34 -7 41 -5 30 0 33 -4 36 -3 22 1 14 -2 17 -1 11 -5 8 -9 3 -4 2 -12 -3 -9 -9 -11 -6 -7 -14 -16 -10 -14 -9 -13 -17 -10 -17 -6 -20 -7 -14 -3 -13 0 0 0 0 0 0 0 0 0 0 0 0 0 0 0 0 0 0 0 0 0 0 -16 -3 -14 0 -8 -1 -11 -4 -14 -2 -12 1 -11 -2 -3 3 1 1 0 -3 9 0 9 0 17 -4 19 -8 21 -9 25 -8 29 -12 24 -17 31 -10 23 -13 16 -17 12 -13 18 -7 5 -1 0 3 0 7 ]
CSI_DATA,STA,E4:D1:24:F2:5E:80,-84,10,0,0,0,0,0,0,0,0,0,-97,0,9,0,10990684,0,389,0,0,11.3734,128,[-123 81 24 0 27 -16 26 -21 27 -23 27 -20 27 -22 24 -20 16 -28 15 -19 14 -17 11 -11 9 -9 6 -3 6 0 7 9 0 7 7 11 11 15 7 18 1 13 5 14 4 17 1 17 1 16 2 13 -3 6 0 0 0 0 0 0 0 0 0 0 0 0 0 0 0 0 0 0 0 0 0 0 2 14 2 11 1 13 0 16 -5 13 0 10 -4 6 -1 -2 -2 -2 -1 -5 -5 -4 -9 -11 -5 -12 -12 -17 -13 -14 -17 -19 -20 -18 -21 -16 -23 -16 -20 -12 -23 -12 -21 -9 -11 -12 -10 -7 2 -11 2 -10 ]
CSI_DATA,STA,E4:D1:24:F2:5E:80,-85,10,0,0,0,0,0,0,0,0,0,-97,0,9,0,11093086,0,389,0,0,11.4758,128,[-123 81 24 0 -25 27 -28 23 -24 27 -24 28 -24 26 -17 24 -19 22 -15 20 -9 13 -3 8 -6 8 -3 -2 -4 -3 -2 -9 -3 -16 1 -18 3 -18 0 -18 1 -21 1 -15 3 -12 3 -12 2 -13 5 -9 2 -10 0 0 0 0 0 0 0 0 0 0 0 0 0 0 0 0 0 0 0 0 0 0 -14 1 -17 3 -16 -3 -14 -1 -9 -2 -8 -5 -2 -4 1 -2 8 2 6 -1 10 -3 13 -4 20 -1 26 -3 22 -5 23 -4 26 -4 28 -10 21 -10 22 -5 23 -6 16 -3 7 -2 1 -2 -9 12 -14 20 ]
CSI_DATA,STA,E4:D1:24:F2:5E:80,-83,10,0,0,0,0,0,0,0,0,0,-97,0,9,0,11195488,0,389,0,0,11.5782,128,[-123 81 24 0 -34 -11 -36 -12 -37 -13 -40 -4 -34 -5 -36 -9 -23 -6 -29 -8 -17 -5 -8 -4 -5 -6 -8 -3 2 -4 3 -2 15 -7 17 -10 18 -12 13 -11 14 -14 13 -16 10 -12 13 -7 14 -4 9 -3 14 -3 0 0 0 0 0 0 0 0 0 0 0 0 0 0 0 0 0 0 0 0 0 0 0 -15 4 -15 5 -12 -1 -10 4 -8 2 -9 2 -2 7 -3 0 3 0 11 -2 15 -1 13 0 26 9 21 2 26 1 28 1 30 7 26 12 26 7 24 6 18 5 16 3 12 -7 4 -8 -2 -14 -4 ]
CSI_DATA,STA,E4:D1:24:F2:5E:80,-85,10,0,0,0,0,0,0,0,0,0,-97,0,9,0,11297891,0,389,0,0,11.6806,128,[-123 81 24 0 2 -34 9 -31 5 -33 2 -38 0 -36 5 -35 2 -32 -1 -23 -6 -22 -1 -17 2 -10 1 -6 4 -3 9 -3 17 0 17 5 11 4 15 6 19 4 16 7 17 4 16 11 11 5 11 6 4 9 0 0 0 0 0 0 0 0 0 0 0 0 0 0 0 0 0 0 0 0 0 0 7 15 8 15 6 11 8 14 5 10 4 6 2 6 -4 -1 -4 1 -2 -2 -17 -5 -18 -5 -27 -9 -27 -6 -24 -9 -27 -3 -30 -7 -23 5 -27 7 -29 4 -23 -3 -19 1 -13 -2 -6 -8 -1 -7 7 -19 ]
CSI_DATA,STA,E4:D1:24:F2:5E:80,-84,10,0,0,0,0,0,0,0,0,0,-97,0,9,0,11400293,0,389,0,0,11.783,128,[-123 81 24 0 6 31 10 33 16 35 12 31 12 29 18 24 12 19 15 20 11 15 3 17 -5 9 -2 9 -6 4 -13 4 -11 3 -10 -1 -23 -4 -19 2 -19 -4 -15 -2 -17 -10 -19 -4 -12 -4 -10 -7 -4 -10 0 0 0 0 0 0 0 0 0 0 0 0 0 0 0 0 0 0 0 0 0 0 -15 2 -13 4 -21 -1 -13 -1 -12 1 -6 1 -6 -1 0 -4 -1 -3 3 -4 11 0 16 -13 13 -10 14 -14 24 -14 17 -18 15 -16 19 -22 19 -20 17 -24 14 -22 15 -17 3 -5 2 1 8 8 3 14 ]
CSI_DATA,STA,E4:D1:24:F2:5E:80,-84,10,0,0,0,0,0,0,0,0,0,-97,0,9,0,11502696,0,389,0,0,11.8854,128,[-123 81 24 0 1 -29 1 -40 6 -37 -1 -32 -6 -33 5 -32 3 -27 -6 -26 0 -22 1 -17 -3 -7 -1 -1 8 2 4 0 8 9 13 11 8 9 9 12 13 11 6 16 10 13 6 13 6 12 4 11 0 9 0 0 0 0 0 0 0 0 0 0 0 0 0 0 0 0 0 0 0 0 0 0 14 -8 14 -4 13 -4 10 -2 9 -4 8 -2 5 -4 2 -4 -3 -4 -5 4 -8 1 -12 8 -12 10 -22 11 -24 11 -23 16 -25 15 -24 19 -20 19 -18 13 -11 17 -9 10 -9 4 -4 2 -5 4 1 -13 ]
CSI_DATA,STA,E4:D1:24:F2:5E:80,-84,10,0,0,0,0,0,0,0,0,0,-97,0,9,0,11605098,0,389,0,0,11.9876,128,[-123 81 24 0 13 -31 16 -34 19 -40 20 -37 13 -35 18 -33 14 -29 8 -26 12 -22 8 -13 7 -8 5 -3 5 2 5 5 9 7 4 16 3 19 2 24 -1 21 2 21 1 12 -3 18 0 14 -5 11 -8 12 0 0 0 0 0 0 0 0 0 0 0 0 0 0 0 0 0 0 0 0 0 0 17 0 13 4 16 2 15 5 13 1 8 -4 2 0 0 2 -2 2 -9 0 -12 -5 -18 1 -21 0 -21 5 -30 1 -31 3 -33 6 -38 8 -32 10 -27 6 -24 5 -17 7 -13 2 -6 0 7 -2 10 -15 ]
CSI_DATA,STA,E4:D1:24:F2:5E:80,-84,10,0,0,0,0,0,0,0,0,0,-97,0,9,0,11707551,0,389,0,0,12.0902,128,[-123 81 24 0 31 -2 36 -4 34 -11 35 -3 35 -5 34 -9 28 -4 23 -8 21 -3 15 0 11 1 6 2 -2 2 -6 9 -5 9 -10 11 -7 12 -13 14 -11 15 -12 12 -16 15 -15 11 -10 11 -10 3 -7 4 0 0 0 0 0 0 0 0 0 0 0 0 0 0 0 0 0 0 0 0 0 0 6 14 3 18 4 17 5 13 0 6 -2 5 2 3 -1 -2 -4 -5 -9 -8 -3 -13 -9 -14 -13 -17 -11 -23 -14 -26 -17 -22 -18 -20 -19 -23 -18 -21 -18 -12 -18 -18 -14 -11 -1 -10 -3 -7 3 -4 13 0 ]
CSI_DATA,STA,E4:D1:24:F2:5E:80,-84,10,0,0,0,0,0,0,0,0,0,-97,0,9,0,11912305,0,389,0,0,12.2951,128,[-123 81 24 0 6 31 8 40 7 41 9 40 8 38 15 29 11 26 7 22 10 18 6 18 2 7 -4 6 -5 2 -5 -6 -7 -8 -14 -8 -10 -14 -10 -15 -15 -16 -14 -17 -14 -20 -11 -16 -8 -13 -5 -6 -6 -10 0 0 0 0 0 0 0 0 0 0 0 0 0 0 0 0 0 0 0 0 0 0 -8 11 -12 11 -11 10 -10 7 -10 4 -9 5 -3 -1 1 1 4 -6 -1 -7 0 -14 3 -13 10 -21 13 -15 18 -24 12 -23 10 -25 8 -22 14 -25 9 -19 5 -25 7 -16 1 -8 0 -5 4 4 5 9 ]
CSI_DATA,STA,E4:D1:24:F2:5E:80,-83,10,0,0,0,0,0,0,0,0,0,-97,0,9,0,12014707,0,389,0,0,12.3974,128,[-123 81 24 0 -6 26 -8 32 -11 33 -14 37 -7 34 -9 30 -9 32 -2 24 -3 18 -7 14 -3 5 -8 0 -7 -2 -4 -7 -7 -13 -8 -16 -4 -17 -10 -17 -7 -19 -4 -20 -3 -20 -4 -18 -2 -18 2 -15 -1 -13 0 0 0 0 0 0 0 0 0 0 0 0 0 0 0 0 0 0 0 0 0 0 -14 5 -14 1 -15 4 -13 2 -10 4 -7 9 -2 -1 -3 -2 0 -1 3 -2 12 0 13 -8 12 -11 19 -9 18 -13 22 -14 19 -16 21 -15 20 -15 19 -15 18 -15 13 -12 12 -8 6 2 5 5 -3 14 ]
CSI_DATA,STA,E4:D1:24:F2:5E:80,-84,10,0,0,0,0,0,0,0,0,0,-97,0,9,0,12117110,0,389,0,0,12.4998,128,[-123 81 24 0 18 10 29 17 39 10 36 8 32 6 38 7 31 6 23 7 24 2 17 1 12 -1 5 5 -5 7 -9 5 -13 -2 -10 6 -21 2 -20 5 -25 2 -17 0 -15 0 -15 -2 -16 -2 -14 -1 -13 -5 0 0 0 0 0 0 0 0 0 0 0 0 0 0 0 0 0 0 0 0 0 0 8 16 3 12 5 11 -1 12 1 7 0 6 4 6 -1 2 -6 -3 -9 -7 -4 -9 -11 -13 -12 -19 -12 -19 -6 -23 -12 -22 -16 -24 -19 -19 -19 -26 -19 -20 -15 -19 -14 -13 -5 -8 -5 -7 4 -7 13 1 ]
CSI_DATA,STA,E4:D1:24:F2:5E:80,-83,10,0,0,0,0,0,0,0,0,0,-97,0,9,0,12219512,0,389,0,0,12.6022,128,[-123 81 24 0 33 21 31 23 36 23 34 21 36 15 28 14 22 16 27 12 12 11 11 6 7 3 -2 9 -2 5 -14 -2 -15 0 -19 4 -14 4 -22 1 -17 3 -19 6 -20 3 -19 5 -18 2 -14 1 -7 -4 0 0 0 0 0 0 0 0 0 0 0 0 0 0 0 0 0 0 0 0 0 0 -9 17 -9 11 -12 14 -8 12 -7 12 -4 3 -6 1 -1 -2 1 -2 4 -6 3 -14 1 -17 1 -19 5 -24 2 -29 0 -27 -1 -31 3 -30 1 -31 -2 -28 -3 -14 2 -17 0 -13 3 -1 12 -1 16 4 ]
CSI_DATA,STA,E4:D1:24:F2:5E:80,-82,10,0,0,0,0,0,0,0,0,0,-97,0,9,0,12321915,0,389,0,0,12.7046,128,[-123 81 24 0 38 13 38 10 44 16 40 11 38 8 36 10 34 4 25 5 25 0 16 2 7 2 8 5 -3 6 -11 5 -9 3 -13 8 -16 9 -16 12 -17 9 -17 9 -19 9 -15 9 -14 11 -15 8 -14 1 0 0 0 0 0 0 0 0 0 0 0 0 0 0 0 0 0 0 0 0 0 0 0 17 -2 17 -2 13 -5 13 -1 13 -1 8 -3 7 -1 0 -1 -2 -3 -11 0 -11 -7 -21 -6 -19 -2 -22 -9 -28 -10 -29 -16 -30 -17 -32 -10 -29 -9 -28 -10 -15 -12 -15 -9 -12 1 -7 7 -8 13 4 ]
CSI_DATA,STA,E4:D1:24:F2:5E:80,-83,10,0,0,0,0,0,0,0,0,0,-97,0,9,0,12424322,0,389,0,0,12.8069,128,[-123 81 24 0 2 -33 0 -38 2 -40 0 -36 1 -33 1 -32 1 -28 1 -21 -1 -23 -1 -14 2 -10 1 -7 1 5 3 3 6 12 5 10 6 16 5 19 9 18 10 19 7 15 7 17 2 13 1 10 -1 11 0 0 0 0 0 0 0 0 0 0 0 0 0 0 0 0 0 0 0 0 0 0 7 -10 10 -10 11 -7 10 -6 4 -5 7 -8 3 -5 -2 -6 0 1 -4 4 -10 1 -10 10 -12 7 -14 15 -13 18 -19 20 -20 22 -20 27 -18 25 -19 17 -11 23 -10 16 -8 7 -7 3 -4 -2 2 -14 ]
CSI_DATA,STA,E4:D1:24:F2:5E:80,-84,10,0,0,0,0,0,0,0,0,0,-97,0,9,0,12526724,0,389,0,0,12.9093,128,[-123 81 24 0 18 30 14 32 15 34 17 37 15 30 10 31 10 26 9 22 7 14 2 14 2 5 -6 -3 -2 -5 -3 -11 -6 -11 -8 -17 -6 -15 -9 -24 -2 -24 -4 -19 -2 -19 1 -19 3 -13 2 -9 4 -11 0 0 0 0 0 0 0 0 0 0 0 0 0 0 0 0 0 0 0 0 0 0 11 11 12 10 7 6 8 10 8 7 4 7 3 2 0 -8 -2 -2 -4 -10 -6 -14 -10 -16 -4 -24 -4 -28 -12 -20 -7 -26 -10 -26 -9 -29 -11 -32 -12 -23 -9 -23 -3 -14 -7 -6 -4 0 -2 8 4 10 ]
CSI_DATA,STA,E4:D1:24:F2:5E:80,-84,10,0,0,0,0,0,0,0,0,0,-97,0,9,0,12629127,0,389,0,0,13.0118,128,[-123 81 24 0 25 -13 34 -15 40 -14 37 -15 34 -17 30 -12 32 -13 19 -8 18 -9 13 -1 9 0 -2 1 -2 9 -4 9 -10 6 -9 9 -14 14 -11 15 -12 13 -20 15 -15 11 -16 6 -16 5 -9 -2 -12 3 0 0 0 0 0 0 0 0 0 0 0 0 0 0 0 0 0 0 0 0 0 0 13 5 11 4 14 3 9 5 7 4 6 0 4 -3 1 2 -7 -2 -4 4 -11 -7 -12 -5 -20 -3 -23 -10 -26 -9 -27 -8 -31 -4 -30 -7 -30 -7 -25 -5 -26 0 -17 -3 -15 1 0 -3 7 -3 11 -5 ]
CSI_DATA,STA,E4:D1:24:F2:5E:80,-85,10,0,0,0,0,0,0,0,0,0,-97,0,9,0,12731529,0,389,0,0,13.1142,128,[-123 81 24 0 -13 25 -6 33 -7 36 -14 32 -10 32 -8 30 -8 21 -11 18 -10 11 -5 15 -4 5 -3 1 -2 3 3 -5 5 -4 6 -10 4 -14 2 -18 8 -18 10 -19 11 -14 11 -12 14 -7 12 -14 8 -3 0 0 0 0 0 0 0 0 0 0 0 0 0 0 0 0 0 0 0 0 0 0 2 12 -1 11 -1 11 -3 11 -4 6 0 4 0 1 1 -1 9 -3 3 -6 3 -9 4 -15 8 -21 5 -19 13 -18 10 -26 9 -24 6 -18 6 -26 3 -28 4 -23 10 -20 -1 -12 -7 -2 -2 4 -10 14 ]
CSI_DATA,STA,E4:D1:24:F2:5E:80,-85,10,0,0,0,0,0,0,0,0,0,-97,0,9,0,12833931,0,389,0,0,13.2167,128,[-123 81 24 0 7 -29 9 -31 7 -34 5 -32 10 -31 8 -29 8 -31 3 -23 0 -16 4 -13 9 -10 5 -2 -1 3 2 8 -1 11 -3 14 -2 15 -8 20 -2 15 -6 19 -5 14 -7 17 -11 9 -6 9 -6 7 0 0 0 0 0 0 0 0 0 0 0 0 0 0 0 0 0 0 0 0 0 0 3 -12 7 -6 7 -10 6 -11 4 -9 5 -4 3 -3 -3 0 -4 2 -3 -1 -8 10 -10 8 -10 6 -13 16 -11 17 -16 18 -18 24 -13 20 -17 19 -13 20 -10 19 -11 12 -7 11 -3 5 5 -2 7 -16 ]
CSI_DATA,STA,E4:D1:24:F2:5E:80,-84,10,0,0,0,0,0,0,0,0,0,-97,0,9,0,12936481,0,389,0,0,13.3191,128,[-123 81 24 0 -26 14 -24 16 -30 19 -33 19 -29 17 -26 20 -21 16 -20 16 -17 8 -14 9 -14 7 -10 1 -7 -8 -3 -10 -2 -7 3 -15 -2 -18 3 -17 7 -22 4 -17 5 -16 5 -15 6 -13 7 -10 6 -10 0 0 0 0 0 0 0 0 0 0 0 0 0 0 0 0 0 0 0 0 0 0 -11 -12 -8 -12 -10 -11 -7 -7 -5 -9 -10 -9 -4 -3 -7 -3 -3 0 5 3 1 6 8 4 10 8 14 6 22 7 19 9 21 6 29 9 26 8 25 6 26 4 12 7 21 0 9 1 0 4 -7 5 ]
CSI_DATA,STA,E4:D1:24:F2:5E:80,-85,10,0,0,0,0,0,0,0,0,0,-97,0,9,0,13038736,0,389,0,0,13.4214,128,[-123 81 24 0 19 16 29 22 29 22 31 15 26 16 28 16 24 14 20 12 20 8 15 5 5 5 5 4 -1 7 -12 4 -13 7 -11 1 -17 1 -20 5 -16 4 -19 5 -22 4 -18 1 -15 4 -14 -1 -9 -3 0 0 0 0 0 0 0 0 0 0 0 0 0 0 0 0 0 0 0 0 0 0 -9 6 -9 9 -9 9 -8 7 -5 8 -4 5 -2 7 2 -1 -2 -1 2 -4 -4 -5 -3 -10 0 -14 4 -15 5 -17 7 -25 2 -23 4 -28 1 -27 -1 -28 -4 -15 -2 -20 4 -12 0 -5 2 0 11 6 ]
CSI_DATA,STA,E4:D1:24:F2:5E:80,-83,10,0,0,0,0,0,0,0,0,0,-97,0,9,0,13141169,0,389,0,0,13.5238,128,[-123 81 24 0 -23 -27 -29 -31 -33 -29 -27 -32 -36 -23 -27 -24 -25 -17 -24 -18 -16 -13 -14 -9 -7 -9 -5 -11 3 -4 7 -5 11 -5 10 -4 21 -7 16 -6 18 -8 20 -7 18 -3 17 -4 16 -5 14 -2 11 -1 0 0 0 0 0 0 0 0 0 0 0 0 0 0 0 0 0 0 0 0 0 0 9 -9 13 -4 13 -3 9 -6 10 -3 8 -2 7 0 0 0 6 -1 -4 5 0 8 -9 12 -7 20 -12 24 -10 23 -10 28 -11 27 -10 28 -5 30 -6 20 -9 24 -2 16 -5 14 -8 6 -9 0 -14 -4 ]
CSI_DATA,STA,E4:D1:24:F2:5E:80,-83,10,0,0,0,0,0,0,0,0,0,-97,0,9,0,13243541,0,389,0,0,13.6261,128,[-123 81 24 0 -32 -2 -33 3 -41 13 -41 10 -38 14 -34 11 -31 8 -23 8 -21 12 -18 3 -17 11 -10 0 -4 -9 -3 -5 -2 -6 2 -14 9 -19 5 -18 4 -20 4 -23 6 -21 6 -21 4 -17 4 -12 9 -11 0 0 0 0 0 0 0 0 0 0 0 0 0 0 0 0 0 0 0 0 0 0 4 -13 0 -14 0 -14 5 -14 7 -13 1 -8 0 -10 2 -7 2 -3 1 5 7 1 0 8 8 9 5 19 6 21 11 20 13 23 17 23 14 25 16 21 19 22 8 16 9 11 9 13 -5 9 -8 1 ]
CSI_DATA,STA,E4:D1:24:F2:5E:80,-85,10,0,0,0,0,0,0,0,0,0,-97,0,9,0,13345943,0,389,0,0,13.7287,128,[-123 81 24 0 -27 21 -22 25 -27 27 -24 28 -27 24 -28 24 -22 24 -14 23 -17 16 -11 13 -11 10 -5 2 -9 0 -6 0 -6 -12 -12 -15 -8 -16 -10 -13 -17 -19 -9 -18 -11 -14 -11 -21 -6 -17 -7 -14 -9 -9 0 0 0 0 0 0 0 0 0 0 0 0 0 0 0 0 0 0 0 0 0 0 5 -12 1 -14 4 -15 0 -14 5 -9 2 -11 5 -13 5 -7 3 -6 3 -1 4 6 5 7 6 11 13 13 12 16 18 20 15 16 24 17 26 12 28 19 22 13 19 12 12 8 9 10 2 13 -8 22 ]
CSI_DATA,STA,E4:D1:24:F2:5E:80,-83,10,0,0,0,0,0,0,0,0,0,-97,0,9,0,13448346,0,389,0,0,13.8311,128,[-123 81 24 0 14 -31 10 -31 13 -34 12 -40 7 -36 5 -37 5 -33 3 -32 1 -24 -3 -22 0 -17 3 -15 9 -11 10 -3 11 0 18 -2 16 4 15 3 18 1 16 4 18 5 17 3 15 5 12 5 14 5 0 0 0 0 0 0 0 0 0 0 0 0 0 0 0 0 0 0 0 0 0 0 -4 7 -6 9 -8 12 -2 14 -6 10 0 14 0 11 0 9 -2 4 -7 1 -3 -1 -9 -5 -10 -7 -13 -9 -19 -13 -20 -20 -21 -14 -26 -14 -28 -15 -32 -11 -28 -8 -29 -12 -22 -10 -16 -11 -13 -7 -7 -10 ]
CSI_DATA,STA,E4:D1:24:F2:5E:80,-86,10,0,0,0,0,0,0,0,0,0,-97,0,9,0,13550748,0,389,0,0,13.9334,128,[-123 81 24 0 16 7 19 7 18 13 21 12 19 13 26 14 20 15 18 11 16 7 15 10 9 8 10 5 6 6 -3 1 -4 3 -7 0 -5 -2 -8 -5 -13 3 -13 -6 -15 -7 -14 -5 -14 -6 -8 -9 -8 -7 0 0 0 0 0 0 0 0 0 0 0 0 0 0 0 0 0 0 0 0 0 0 1 8 1 8 -4 9 2 8 -3 9 1 9 2 7 2 6 5 5 4 2 -1 -2 0 -4 -2 -10 -3 -10 -4 -18 -8 -19 -5 -19 -11 -22 -7 -21 -7 -23 -12 -16 -6 -26 -12 -17 -9 -16 -4 -7 -1 -2 ]
CSI_DATA,STA,E4:D1:24:F2:5E:80,-88,10,0,0,0,0,0,0,0,0,0,-97,0,9,0,13653150,0,389,0,0,14.0358,128,[-123 81 24 0 -8 3 -10 10 -16 10 -15 8 -17 15 -20 13 -15 12 -13 6 -18 7 -11 5 -9 3 -10 3 -4 -1 -2 -3 -3 3 3 -1 9 0 10 2 9 7 10 3 8 10 11 7 5 9 3 8 3 8 0 0 0 0 0 0 0 0 0 0 0 0 0 0 0 0 0 0 0 0 0 0 6 2 7 3 4 1 5 2 11 0 4 1 6 -6 6 -1 5 -4 5 -6 7 -2 3 -9 -1 -3 0 -9 1 -8 -1 -14 -1 -12 -2 -13 -6 -19 -3 -21 0 -20 -2 -20 -2 -22 -2 -15 -6 -10 -7 -4 ]
CSI_DATA,STA,E4:D1:24:F2:5E:80,-86,10,0,0,0,0,0,0,0,0,0,-97,0,9,0,13755553,0,389,0,0,14.1382,128,[-123 81 24 0 4 -18 -3 -33 0 -30 1 -26 -4 -30 -6 -24 -1 -18 0 -11 -3 -15 -1 -17 3 -6 3 -7 3 -4 10 0 13 3 9 3 9 2 13 -1 13 7 12 3 8 10 5 6 5 6 6 7 3 7 0 0 0 0 0 0 0 0 0 0 0 0 0 0 0 0 0 0 0 0 0 0 5 8 0 0 2 8 5 5 2 6 -1 2 1 2 -1 1 1 2 -4 -1 -7 -3 -13 0 -16 1 -14 0 -13 -3 -13 2 -15 2 -22 9 -16 1 -15 2 -18 1 -15 5 -5 0 -5 -4 -1 -10 -4 -9 ]
CSI_DATA,STA,E4:D1:24:F2:5E:80,-86,10,0,0,0,0,0,0,0,0,0,-97,0,9,0,13857955,0,389,0,0,14.2407,128,[-123 81 24 0 10 9 8 16 15 21 14 20 24 16 8 19 18 18 16 12 6 19 9 10 3 7 0 4 0 4 -10 8 -7 4 -6 4 -10 1 -12 -2 -14 -1 -12 -1 -9 -6 -14 -3 -6 -5 -9 -5 -11 -4 0 0 0 0 0 0 0 0 0 0 0 0 0 0 0 0 0 0 0 0 0 0 -6 3 -6 3 -10 2 -7 10 -6 1 -5 3 -6 0 0 -4 2 0 0 -4 1 0 3 -9 6 -16 7 -12 5 -15 8 -20 5 -15 4 -22 8 -15 9 -17 7 -19 -4 -11 0 -14 4 -2 10 1 10 0 ]
CSI_DATA,STA,E4:D1:24:F2:5E:80,-86,10,0,0,0,0,0,0,0,0,0,-97,0,9,0,13960358,0,389,0,0,14.3429,128,[-123 81 24 0 -12 -16 -15 -20 -15 -23 -15 -18 -18 -19 -19 -24 -12 -21 -10 -20 -8 -13 -8 -15 -5 -10 -2 -8 -6 -5 -1 -1 0 3 1 9 -3 10 -7 11 -8 11 -7 6 -4 9 -9 8 -12 10 -9 3 -5 5 0 0 0 0 0 0 0 0 0 0 0 0 0 0 0 0 0 0 0 0 0 0 -7 7 -7 6 -5 6 -7 5 -4 9 -1 4 -1 5 1 2 4 6 4 2 5 -1 8 1 13 3 20 3 19 6 17 5 27 8 21 5 15 6 17 4 16 3 21 4 11 2 5 -2 5 -4 1 -13 ]
CSI_DATA,STA,E4:D1:24:F2:5E:80,-87,10,0,0,0,0,0,0,0,0,0,-97,0,9,0,14165162,0,389,0,0,14.5479,128,[-123 81 24 0 4 21 4 25 3 23 5 21 4 22 8 21 2 17 4 14 1 9 2 10 -4 5 1 -3 0 -4 -6 -6 -7 -8 -4 -9 -3 -11 -3 -15 -4 -15 -1 -12 1 -16 -4 -9 -1 -6 1 -8 1 -5 0 0 0 0 0 0 0 0 0 0 0 0 0 0 0 0 0 0 0 0 0 0 -2 10 0 5 2 8 3 5 2 5 2 0 0 5 1 4 0 -3 5 -2 2 -7 5 -11 1 -16 -5 -12 4 -17 0 -19 0 -17 1 -15 -2 -17 -2 -13 -4 -13 0 -12 1 -4 2 -2 4 3 1 11 ]
CSI_DATA,STA,E4:D1:24:F2:5E:80,-86,10,0,0,0,0,0,0,0,0,0,-97,0,9,0,14369968,0,389,0,0,14.7527,128,[-123 81 24 0 -4 8 -13 7 -14 14 -14 10 -17 19 -17 19 -22 12 -14 12 -14 14 -14 11 -14 10 -10 4 -5 5 -6 0 -6 -6 -3 -8 2 -8 -4 -4 5 -8 0 -10 3 -10 6 -8 6 -11 8 -9 8 -9 0 0 0 0 0 0 0 0 0 0 0 0 0 0 0 0 0 0 0 0 0 0 -8 -4 -10 -3 -11 -2 -8 -2 -8 -3 -11 -2 -10 -4 -14 -3 -10 -1 -5 -2 0 -2 -4 0 1 7 6 2 8 -5 12 2 13 1 20 0 18 5 23 1 25 -4 23 -8 16 -6 21 -10 14 0 9 1 ]
CSI_DATA,STA,E4:D1:24:F2:5E:80,-86,10,0,0,0,0,0,0,0,0,0,-97,0,9,0,14984381,0,389,0,0,15.3672,128,[-123 81 24 0 20 7 21 11 23 12 14 13 16 10 18 13 17 10 13 12 11 8 14 6 16 9 18 9 11 9 12 1 16 4 13 8 7 7 7 6 7 11 11 10 5 6 6 5 -1 6 6 11 2 9 0 0 0 0 0 0 0 0 0 0 0 0 0 0 0 0 0 0 0 0 0 0 3 3 8 3 9 1 5 4 7 2 10 3 8 5 9 0 7 0 9 -1 0 2 10 -1 6 7 8 7 9 4 9 5 10 13 17 6 18 11 18 7 17 3 18 7 20 9 21 5 22 9 23 8 ]
CSI_DATA,STA,E4:D1:24:F2:5E:80,-88,10,0,0,0,0,0,0,0,0,0,-97,0,9,0,15086784,0,389,0,0,15.4695,128,[-123 81 24 0 19 11 13 12 22 12 21 8 20 11 19 11 19 6 10 7 9 0 10 4 4 4 5 5 -2 5 -2 6 0 3 -8 6 -11 10 -6 11 -6 4 -9 5 -10 9 -9 7 -8 5 -11 5 -6 1 0 0 0 0 0 0 0 0 0 0 0 0 0 0 0 0 0 0 0 0 0 0 -6 -3 -6 -2 -9 -1 -9 -2 -13 0 -10 -1 -3 -6 -8 -6 -1 -6 0 -2 6 -7 4 -8 2 -8 7 -10 11 -14 11 -7 9 -10 6 -14 11 -7 4 -14 9 -17 5 -15 6 -13 4 -6 6 -2 7 -1 ]
CSI_DATA,STA,E4:D1:24:F2:5E:80,-88,10,0,0,0,0,0,0,0,0,0,-97,0,9,0,15189186,0,389,0,0,15.5719,128,[-123 81 24 0 -7 -16 -1 -17 -2 -19 -1 -21 -1 -19 0 -18 3 -19 -2 -13 -6 -10 2 -6 4 -5 1 -6 3 0 1 -1 0 7 0 9 0 11 -4 10 -2 12 -2 11 -7 9 -3 8 -4 9 -3 3 -2 5 0 0 0 0 0 0 0 0 0 0 0 0 0 0 0 0 0 0 0 0 0 0 -5 -7 -1 -7 0 -3 -3 -5 -3 -3 -3 0 -1 -5 -5 -2 2 0 2 -1 -1 4 0 1 -3 9 0 9 -1 12 1 10 -2 14 -3 17 -1 19 -2 14 -6 13 -1 14 -2 7 -4 4 1 3 2 -1 ]
CSI_DATA,STA,E4:D1:24:F2:5E:80,-89,10,0,0,0,0,0,0,0,0,0,-97,0,9,0,15393991,0,389,0,0,15.7767,128,[-123 81 24 0 18 -15 16 -14 11 -20 9 -21 8 -16 7 -20 0 -15 7 -15 7 -14 5 -8 2 -10 3 -5 5 -7 8 -1 10 -3 14 -1 9 -2 11 -10 11 -2 5 -5 14 -6 12 -6 9 2 4 -1 3 -1 0 0 0 0 0 0 0 0 0 0 0 0 0 0 0 0 0 0 0 0 0 0 -4 -5 -11 -8 -3 -5 -2 -5 -1 -6 0 -7 -2 -4 -2 -6 3 -3 3 -9 1 -6 -1 -5 8 -10 9 -13 7 -16 7 -18 6 -15 1 -22 3 -18 -2 -17 -2 -14 4 -14 2 -11 3 -11 5 -6 13 -6 ]
CSI_DATA,STA,E4:D1:24:F2:5E:80,-89,10,0,0,0,0,0,0,0,0,0,-97,0,9,0,15598796,0,389,0,0,15.9815,128,[-123 81 24 0 -15 9 -19 7 -13 7 -19 4 -13 10 -19 5 -16 12 -11 11 -13 9 -9 5 -11 5 -10 -1 -8 -1 -7 2 -4 -3 -7 -4 -7 -4 -10 -7 -9 -2 -13 -6 -12 -7 -9 -12 -3 -8 -6 -11 -4 -5 0 0 0 0 0 0 0 0 0 0 0 0 0 0 0 0 0 0 0 0 0 0 6 1 6 0 1 2 6 1 8 -2 1 -1 3 2 1 -1 1 0 -1 1 -3 4 -1 3 -6 7 -7 6 -4 6 -5 9 -1 15 1 16 2 18 4 16 4 10 1 10 4 6 0 7 -6 7 -3 5 ]
CSI_DATA,STA,E4:D1:24:F2:5E:80,-88,10,0,0,0,0,0,0,0,0,0,-97,0,9,0,15701198,0,389,0,0,16.0839,128,[-123 81 24 0 2 20 2 22 1 23 1 25 -3 27 1 21 3 18 -1 16 -3 8 1 10 0 6 -4 3 -5 2 -5 0 -5 -10 -9 -7 -5 -8 -7 -14 -5 -11 -4 -15 -3 -11 -4 -10 -4 -15 -2 -8 4 -9 0 0 0 0 0 0 0 0 0 0 0 0 0 0 0 0 0 0 0 0 0 0 -8 2 -6 4 -6 6 -4 5 -4 3 -4 -1 0 0 -4 -5 0 -1 1 0 3 -1 5 -7 11 -11 10 -8 8 -8 8 -11 7 -15 10 -11 11 -13 9 -8 12 -14 8 -12 4 -4 4 -6 -2 2 3 5 ]
CSI_DATA,STA,E4:D1:24:F2:5E:80,-86,10,0,0,0,0,0,0,0,0,0,-97,0,9,0,15803600,0,389,0,0,16.1864,128,[-123 81 24 0 3 -30 -1 -30 1 -29 3 -31 3 -30 -1 -32 -3 -25 0 -20 -5 -16 3 -15 1 -15 1 -11 2 -6 4 -6 8 1 10 5 12 5 14 4 19 0 15 6 13 5 15 2 13 5 11 8 8 8 0 0 0 0 0 0 0 0 0 0 0 0 0 0 0 0 0 0 0 0 0 0 5 9 -1 9 3 9 3 8 5 11 4 9 4 10 2 4 0 4 -4 3 -7 3 -15 -8 -18 -3 -14 -5 -23 -2 -23 -5 -17 -4 -23 -7 -27 0 -22 1 -20 1 -18 -1 -16 -3 -8 -1 -9 -4 -6 -8 ]
CSI_DATA,STA,E4:D1:24:F2:5E:80,-84,10,0,0,0,0,0,0,0,0,0,-97,0,9,0,15906003,0,389,0,0,16.2887,128,[-123 81 24 0 -16 -32 -20 -28 -18 -31 -21 -24 -25 -23 -22 -21 -24 -19 -22 -15 -17 -10 -20 -16 -17 -13 -9 -10 -7 -6 -10 -9 -13 -14 -11 -18 -7 -12 -6 -10 -5 -12 -9 -13 -9 -13 -7 -18 -7 -11 -4 -12 -8 -11 0 0 0 0 0 0 0 0 0 0 0 0 0 0 0 0 0 0 0 0 0 0 -12 -4 -10 -3 -16 -6 -10 -5 -14 -5 -8 -3 -10 -6 -5 -7 -8 -4 -7 -6 -6 -5 -12 -7 -8 -14 -12 -19 -8 -9 -18 -16 -17 -10 -19 -17 -19 -22 -22 -14 -18 -18 -25 -16 -24 -10 -18 -17 -19 -16 -16 -18 ]
CSI_DATA,STA,E4:D1:24:F2:5E:80,-85,10,0,0,0,0,0,0,0,0,0,-97,0,9,0,16110807,0,389,0,0,16.4935,128,[-123 81 24 0 25 -21 25 -22 22 -21 21 -19 23 -26 19 -22 17 -21 9 -20 13 -12 7 -13 6 -3 4 2 6 -3 5 11 6 5 9 11 10 17 13 12 10 12 12 15 6 9 9 11 6 6 6 8 3 6 0 0 0 0 0 0 0 0 0 0 0 0 0 0 0 0 0 0 0 0 0 0 -7 14 -6 13 -6 9 -12 6 -9 7 -9 7 -8 4 -9 1 -4 1 -5 -5 0 -10 -6 -14 -9 -14 -13 -18 -13 -17 -14 -21 -13 -23 -18 -26 -17 -18 -10 -18 -15 -13 -13 -18 -8 -14 0 -11 4 -12 15 -14 ]
CSI_DATA,STA,E4:D1:24:F2:5E:80,-83,10,0,0,0,0,0,0,0,0,0,-97,0,9,0,16213210,0,389,0,0,16.5958,128,[-123 81 24 0 -27 -34 -27 -36 -27 -34 -29 -26 -20 -23 -24 -26 -23 -17 -16 -19 -4 -9 -2 -8 2 -8 6 -8 11 -6 11 -8 14 -12 17 -12 18 -12 15 -9 19 -14 14 -13 16 -11 9 -10 8 -9 6 -2 7 -1 0 0 0 0 0 0 0 0 0 0 0 0 0 0 0 0 0 0 0 0 0 0 15 0 19 4 15 3 12 6 4 3 6 2 -2 2 0 8 -3 11 -9 9 -15 11 -20 11 -19 11 -24 17 -25 19 -19 21 -23 19 -22 16 -18 17 -19 17 -11 12 -17 4 -9 3 -11 -7 -10 -19 -14 -24 ]
CSI_DATA,STA,E4:D1:24:F2:5E:80,-84,10,0,0,0,0,0,0,0,0,0,-97,0,9,0,16315612,0,389,0,0,16.6982,128,[-123 81 24 0 -40 -11 -50 -18 -43 -9 -46 -7 -42 -5 -37 -1 -31 -1 -24 -1 -18 0 -11 -3 -8 -7 -6 -5 -4 -5 -4 -19 -2 -20 1 -24 7 -17 2 -21 2 -23 1 -22 3 -20 -1 -17 3 -16 0 -15 5 -10 0 0 0 0 0 0 0 0 0 0 0 0 0 0 0 0 0 0 0 0 0 0 14 1 19 4 12 3 12 5 11 3 6 1 1 4 3 8 -5 9 -5 6 -6 14 -14 18 -13 17 -15 21 -17 25 -17 22 -14 33 -11 24 -7 29 -9 27 -4 19 -16 13 -11 7 -14 1 -20 -3 -33 -9 ]
CSI_DATA,STA,E4:D1:24:F2:5E:80,-84,10,0,0,0,0,0,0,0,0,0,-97,0,9,0,16418013,0,389,0,0,16.8007,128,[-123 81 24 0 32 -10 35 -16 35 -21 37 -20 29 -17 26 -22 29 -17 12 -14 12 -7 7 -4 8 -4 6 7 4 9 4 9 0 14 -5 17 -1 15 -1 18 4 19 -2 24 -1 17 1 17 -1 15 0 8 1 8 0 0 0 0 0 0 0 0 0 0 0 0 0 0 0 0 0 0 0 0 0 0 -4 17 -3 13 -1 14 -2 11 -2 11 -2 10 -5 2 -2 0 -7 -4 -7 -9 -7 -11 -10 -17 -13 -24 -14 -17 -17 -24 -17 -25 -23 -22 -20 -22 -20 -20 -20 -21 -14 -17 -9 -13 -7 -10 3 -10 12 -6 23 -8 ]
CSI_DATA,STA,E4:D1:24:F2:5E:80,-84,10,0,0,0,0,0,0,0,0,0,-97,0,9,0,16520415,0,389,0,0,16.9031,128,[-123 81 24 0 35 19 35 16 37 15 41 14 29 18 32 13 25 15 22 13 18 6 18 3 5 2 0 -1 -3 1 0 -7 -13 -11 -15 -9 -14 -9 -20 -14 -20 -17 -16 -13 -20 -17 -16 -15 -13 -13 -9 -14 -8 -7 0 0 0 0 0 0 0 0 0 0 0 0 0 0 0 0 0 0 0 0 0 0 8 -1 11 0 10 4 11 -3 5 2 7 -1 3 -2 4 1 -3 0 -7 -9 -9 -7 -15 -11 -17 -8 -23 -14 -26 -16 -23 -17 -27 -18 -25 -16 -24 -9 -20 -12 -15 -13 -10 -7 -9 -4 5 2 5 2 13 9 ]
CSI_DATA,STA,E4:D1:24:F2:5E:80,-84,10,0,0,0,0,0,0,0,0,0,-97,0,9,0,16622817,0,389,0,0,17.0055,128,[-123 81 24 0 28 -17 35 -16 32 -15 35 -20 34 -15 28 -14 24 -11 18 -8 12 -9 4 -5 4 1 3 5 -3 0 -8 9 -11 7 -14 10 -14 11 -15 16 -15 11 -18 11 -15 12 -11 7 -10 2 -8 5 -6 -2 0 0 0 0 0 0 0 0 0 0 0 0 0 0 0 0 0 0 0 0 0 0 11 0 11 -1 10 -4 14 0 13 2 6 3 6 -1 3 1 -5 1 -7 -2 -12 -5 -16 -4 -17 -1 -20 -5 -22 -5 -28 -3 -29 -2 -29 1 -26 0 -21 2 -20 -1 -15 -4 -6 -3 2 -7 12 0 14 -7 ]
CSI_DATA,STA,E4:D1:24:F2:5E:80,-84,10,0,0,0,0,0,0,0,0,0,-97,0,9,0,16725346,0,389,0,0,17.108,128,[-123 81 24 0 7 -38 4 -38 5 -44 3 -43 0 -33 -2 -30 -1 -24 -2 -22 -1 -21 -2 -7 2 -6 5 4 8 6 11 6 16 6 16 10 18 14 18 15 14 11 12 9 14 13 13 7 8 9 6 8 6 8 0 0 0 0 0 0 0 0 0 0 0 0 0 0 0 0 0 0 0 0 0 0 12 8 10 4 6 7 6 8 7 5 4 5 0 6 -3 3 -7 2 -12 1 -16 -5 -19 -5 -23 2 -29 0 -27 2 -30 1 -27 2 -28 5 -30 1 -16 1 -21 -1 -19 -6 -8 -4 -3 -9 1 -15 4 -16 ]
CSI_DATA,STA,E4:D1:24:F2:5E:80,-84,10,0,0,0,0,0,0,0,0,0,-97,0,9,0,16827622,0,389,0,0,17.2104,128,[-123 81 24 0 -28 -29 -26 -21 -27 -28 -30 -22 -27 -20 -26 -18 -22 -15 -16 -13 -15 -11 -14 -8 -6 -7 -3 -3 2 -11 10 -8 11 -10 16 -11 14 -14 12 -14 14 -10 18 -11 13 -14 13 -11 9 -9 11 -6 5 -3 0 0 0 0 0 0 0 0 0 0 0 0 0 0 0 0 0 0 0 0 0 0 11 0 14 4 11 1 12 2 13 -1 7 -1 2 1 1 3 -4 10 -7 8 -5 10 -11 7 -13 19 -18 13 -17 20 -19 22 -14 22 -14 30 -12 18 -10 18 -10 18 -7 9 -12 7 -10 -2 -8 -2 -13 -15 ]
CSI_DATA,STA,E4:D1:24:F2:5E:80,-84,10,0,0,0,0,0,0,0,0,0,-97,0,9,0,16930024,0,389,0,0,17.3126,128,[-123 81 24 0 2 36 -1 38 6 35 -5 39 7 36 4 34 4 26 1 24 5 17 1 10 0 6 -4 0 -6 -2 -7 -5 -5 -12 -2 -13 -2 -15 -7 -19 -3 -17 -7 -19 -1 -19 -8 -20 -3 -14 -1 -8 -3 -9 0 0 0 0 0 0 0 0 0 0 0 0 0 0 0 0 0 0 0 0 0 0 -6 13 -5 10 -2 11 -10 9 -7 8 -3 8 -5 2 -3 0 3 -3 -1 -7 0 -9 4 -19 6 -17 7 -20 8 -21 12 -22 14 -28 12 -25 9 -25 10 -26 4 -15 4 -14 8 -7 -5 -4 2 7 1 17 ]
CSI_DATA,STA,E4:D1:24:F2:5E:80,-85,10,0,0,0,0,0,0,0,0,0,-97,0,9,0,17032427,0,389,0,0,17.415,128,[-123 81 24 0 -24 -23 -30 -26 -24 -25 -30 -23 -28 -21 -24 -15 -24 -12 -13 -12 -10 -11 -5 -5 -7 -4 -5 -3 6 -4 11 1 12 1 15 -3 19 5 17 0 19 6 17 3 16 5 15 3 13 6 11 6 7 4 0 0 0 0 0 0 0 0 0 0 0 0 0 0 0 0 0 0 0 0 0 0 0 -13 3 -9 2 -10 0 -5 6 -8 5 -4 4 -3 4 2 3 4 6 5 -2 12 3 19 0 19 -3 23 0 28 2 25 8 31 1 21 6 23 3 19 3 23 2 12 -1 5 -7 -1 -13 -8 -19 -18 ]
CSI_DATA,STA,E4:D1:24:F2:5E:80,-86,10,0,0,0,0,0,0,0,0,0,-97,0,9,0,17134829,0,389,0,0,17.5175,128,[-123 81 24 0 9 -29 3 -31 6 -37 0 -32 3 -32 4 -26 0 -20 1 -19 0 -11 0 -9 -1 -3 -4 -1 -2 2 2 12 3 6 4 10 4 12 5 15 7 20 7 16 6 13 6 18 1 13 -2 8 -1 6 0 0 0 0 0 0 0 0 0 0 0 0 0 0 0 0 0 0 0 0 0 0 8 -8 7 -6 9 -8 7 -6 13 -1 5 1 2 0 2 2 -1 6 -6 4 -8 9 -14 5 -10 8 -16 10 -19 12 -17 16 -16 10 -18 16 -15 15 -16 12 -8 9 -6 8 -9 3 -3 -6 3 -9 0 -20 ]
CSI_DATA,STA,E4:D1:24:F2:5E:80,-86,10,0,0,0,0,0,0,0,0,0,-97,0,9,0,17237232,0,389,0,0,17.6199,128,[-123 81 24 0 -9 -29 -2 -32 -7 -36 -7 -30 -10 -30 -11 -28 -10 -22 -7 -19 -7 -18 -4 -13 -2 -9 3 -2 2 -1 10 -2 10 1 11 7 15 10 16 7 19 5 15 0 14 5 11 6 15 9 11 7 8 6 0 0 0 0 0 0 0 0 0 0 0 0 0 0 0 0 0 0 0 0 0 0 14 1 8 -1 11 1 6 -1 8 4 3 0 5 3 4 3 2 7 -3 3 -10 5 -12 3 -15 3 -18 8 -16 9 -15 12 -23 18 -19 14 -19 15 -16 14 -16 11 -13 10 -4 3 -8 -1 -1 -8 -4 -17 ]
CSI_DATA,STA,E4:D1:24:F2:5E:80,-86,10,0,0,0,0,0,0,0,0,0,-97,0,9,0,17339634,0,389,0,0,17.7223,128,[-123 81 24 0 -2 -32 1 -34 -5 -35 -4 -28 0 -29 -4 -24 -2 -26 -1 -24 -3 -14 -2 -11 2 -12 3 -3 -1 1 0 3 4 9 3 8 -1 15 3 20 3 12 8 16 1 18 -4 15 0 10 -1 10 -2 6 0 0 0 0 0 0 0 0 0 0 0 0 0 0 0 0 0 0 0 0 0 0 3 -9 4 -13 3 -9 7 -8 6 -5 1 -8 0 -2 -4 2 -2 2 0 6 -8 10 -8 13 -6 10 -6 13 -11 18 -13 25 -10 20 -10 15 -4 23 -12 22 1 18 -2 8 -3 9 -3 2 -4 -3 -1 -12 ]
CSI_DATA,STA,E4:D1:24:F2:5E:80,-85,10,0,0,0,0,0,0,0,0,0,-97,0,9,0,17442036,0,389,0,0,17.8247,128,[-123 81 24 0 -4 29 -2 27 -8 33 0 31 4 31 1 29 8 20 -3 16 4 8 -2 7 -6 3 -7 -1 -7 0 -9 -7 -10 -5 -14 -12 -15 -13 -16 -16 -13 -13 -10 -13 -12 -16 -9 -9 -9 -12 -6 -7 -2 -10 0 0 0 0 0 0 0 0 0 0 0 0 0 0 0 0 0 0 0 0 0 0 -14 1 -11 0 -13 1 -11 1 -12 0 -8 -1 -3 -5 2 -2 4 -4 12 -7 8 -6 13 -5 16 -9 16 -8 25 -15 24 -12 19 -15 20 -18 15 -11 16 -8 11 -11 12 -7 5 0 2 8 -1 12 0 21 ]
CSI_DATA,STA,E4:D1:24:F2:5E:80,-84,10,0,0,0,0,0,0,0,0,0,-97,0,9,0,17544439,0,389,0,0,17.9271,128,[-123 81 24 0 28 10 33 16 32 14 33 12 30 9 26 8 29 12 24 8 14 3 13 4 3 0 -1 9 -6 9 -9 2 -11 3 -10 6 -13 9 -15 10 -16 11 -17 9 -18 7 -16 4 -11 0 -9 1 -9 2 0 0 0 0 0 0 0 0 0 0 0 0 0 0 0 0 0 0 0 0 0 0 -6 11 -11 12 -9 6 -8 10 -9 10 -5 7 -2 1 -2 -2 -3 -5 -1 -11 -1 -6 -2 -11 1 -19 0 -22 1 -26 2 -29 0 -29 -3 -27 -7 -27 -3 -20 -5 -19 -6 -14 2 -13 6 -9 6 7 14 8 ]
CSI_DATA,STA,E4:D1:24:F2:5E:80,-86,10,0,0,0,0,0,0,0,0,0,-97,0,9,0,17646841,0,389,0,0,18.0294,128,[-123 81 24 0 -23 14 -24 22 -20 28 -21 22 -16 27 -14 16 -11 15 -7 8 -6 9 -2 2 1 1 -4 -4 2 -8 -2 -11 -5 -9 4 -13 -2 -14 -4 -18 -6 -13 -5 -15 -7 -16 -2 -14 -4 -8 -2 -9 1 -3 0 0 0 0 0 0 0 0 0 0 0 0 0 0 0 0 0 0 0 0 0 0 -10 -14 -12 -9 -6 -8 -7 -7 -7 -7 -3 -7 -3 -7 2 -2 9 -1 5 2 10 -3 17 2 13 7 21 3 28 1 22 7 24 1 23 -1 24 3 17 7 14 3 7 0 4 11 1 8 -5 8 -12 18 ]
CSI_DATA,STA,E4:D1:24:F2:5E:80,-85,10,0,0,0,0,0,0,0,0,0,-97,0,9,0,17749243,0,389,0,0,18.1318,128,[-123 81 24 0 37 1 33 10 34 4 33 6 32 8 33 5 21 7 14 4 7 0 5 4 1 0 -6 4 -7 7 -8 10 -16 9 -17 6 -18 7 -18 9 -18 9 -13 7 -13 7 -9 7 -12 3 -5 5 -7 1 0 0 0 0 0 0 0 0 0 0 0 0 0 0 0 0 0 0 0 0 0 0 1 16 -1 13 -2 12 -2 10 -4 10 -4 8 -4 1 -6 3 -6 -4 -5 -7 -8 -10 -6 -16 -6 -17 -8 -19 -10 -28 -14 -27 -16 -22 -8 -20 -9 -18 -8 -23 -6 -14 -9 -12 4 -5 11 -5 15 6 22 2 ]
CSI_DATA,STA,E4:D1:24:F2:5E:80,-85,10,0,0,0,0,0,0,0,0,0,-97,0,9,0,17954048,0,389,0,0,18.3368,128,[-123 81 24 0 -24 21 -23 22 -22 27 -23 22 -19 22 -22 24 -21 18 -18 15 -13 13 -7 5 -4 8 -3 3 -1 -4 -1 -7 4 -10 6 -17 9 -17 4 -14 9 -15 8 -17 9 -9 10 -12 7 -15 5 -11 9 -6 0 0 0 0 0 0 0 0 0 0 0 0 0 0 0 0 0 0 0 0 0 0 -10 -1 -13 -1 -12 2 -10 4 -8 0 -4 3 -2 0 -1 -3 4 -3 7 -4 13 0 12 -2 16 -2 23 -4 15 -1 20 -3 23 -9 29 -8 24 -5 18 -9 14 -7 14 -10 3 -3 1 -1 -6 1 -11 9 ]
CSI_DATA,STA,E4:D1:24:F2:5E:80,-87,10,0,0,0,0,0,0,0,0,0,-97,0,9,0,18056451,0,389,0,0,18.4391,128,[-123 81 24 0 14 24 19 23 17 29 14 23 12 28 14 26 9 16 8 12 6 13 3 8 1 5 -5 2 -4 -4 -4 -10 -6 -13 -10 -13 -7 -11 -9 -14 -9 -18 -7 -15 -3 -15 -6 -14 -2 -16 0 -13 0 -10 0 0 0 0 0 0 0 0 0 0 0 0 0 0 0 0 0 0 0 0 0 0 2 11 4 10 4 12 4 8 4 5 2 5 6 7 1 -1 -2 -4 2 -4 -3 -9 -6 -13 -5 -16 -9 -16 -6 -17 0 -22 -6 -21 -8 -24 -8 -17 -3 -15 -4 -15 -1 -10 1 -5 -2 1 1 5 7 9 ]
CSI_DATA,STA,E4:D1:24:F2:5E:80,-85,10,0,0,0,0,0,0,0,0,0,-97,0,9,0,18158853,0,389,0,0,18.5415,128,[-123 81 24 0 -24 -29 -33 -25 -30 -28 -29 -28 -26 -23 -15 -17 -25 -22 -15 -12 -12 -7 -9 -5 -8 -6 -1 -7 7 -2 14 -1 11 -3 18 0 15 1 21 -4 21 -4 19 0 12 -7 15 1 15 -4 8 1 10 4 0 0 0 0 0 0 0 0 0 0 0 0 0 0 0 0 0 0 0 0 0 0 12 -9 9 -6 16 -9 10 -9 11 -3 7 -2 2 1 5 4 -2 6 -10 7 -6 11 -8 14 -9 19 -7 21 -8 22 -10 22 -10 24 -11 26 -8 24 -10 21 -1 13 -6 11 -6 2 -6 -6 -12 -10 -8 -18 ]
CSI_DATA,STA,E4:D1:24:F2:5E:80,-84,10,0,0,0,0,0,0,0,0,0,-97,0,9,0,18261255,0,389,0,0,18.6439,128,[-123 81 24 0 -1 33 0 36 3 37 6 30 2 33 4 29 4 20 3 23 10 15 2 8 -5 6 0 2 -8 -1 -10 -10 -10 -9 -11 -11 -17 -14 -15 -11 -17 -12 -18 -10 -17 -16 -12 -10 -9 -15 -5 -11 -4 -8 0 0 0 0 0 0 0 0 0 0 0 0 0 0 0 0 0 0 0 0 0 0 -13 2 -13 4 -16 3 -11 -2 -10 0 -9 -1 -8 1 -2 -1 -1 -5 8 -6 10 -9 11 -8 14 -5 19 -13 17 -14 22 -17 22 -16 23 -24 17 -20 11 -12 17 -14 12 -10 5 -7 1 -1 1 12 -4 11 ]
CSI_DATA,STA,E4:D1:24:F2:5E:80,-84,10,0,0,0,0,0,0,0,0,0,-97,0,9,0,18363658,0,389,0,0,18.7464,128,[-123 81 24 0 -14 32 -18 36 -24 35 -14 36 -15 31 -12 28 -9 24 -8 19 -7 20 -2 8 -8 4 -3 -2 -7 -1 -8 -7 -6 -16 -6 -15 -3 -17 -9 -23 -6 -18 -5 -18 -5 -19 -3 -19 -4 -18 -4 -12 1 -9 0 0 0 0 0 0 0 0 0 0 0 0 0 0 0 0 0 0 0 0 0 0 -16 0 -16 -2 -15 -2 -11 -5 -9 -4 -7 0 -5 -3 -1 -3 1 1 4 -3 7 0 15 -4 19 -3 21 -7 26 -10 29 -8 30 -9 25 -7 22 -12 20 -9 16 -6 12 -4 6 2 11 2 -8 5 -7 13 ]
CSI_DATA,STA,E4:D1:24:F2:5E:80,-84,10,0,0,0,0,0,0,0,0,0,-97,0,9,0,18466060,0,389,0,0,18.8486,128,[-123 81 24 0 -31 4 -36 7 -38 9 -36 5 -32 12 -29 4 -28 11 -23 6 -17 6 -16 2 -13 0 -1 -3 4 -5 4 -6 9 -5 15 -13 11 -13 16 -16 13 -14 14 -9 16 -11 15 -7 15 -13 13 -4 6 -1 0 0 0 0 0 0 0 0 0 0 0 0 0 0 0 0 0 0 0 0 0 0 -15 -4 -16 -7 -12 -11 -10 -7 -9 -9 -1 -6 -7 -4 1 -5 0 0 7 3 9 5 13 8 17 11 22 14 20 13 22 10 27 14 30 8 26 7 19 9 19 7 17 2 9 7 4 9 -8 -3 -15 1 ]
CSI_DATA,STA,E4:D1:24:F2:5E:80,-85,10,0,0,0,0,0,0,0,0,0,-97,0,9,0,18569078,0,389,0,0,18.9518,128,[-123 81 24 0 -18 37 -22 38 -16 31 -16 31 -23 29 -5 19 -7 27 -10 13 -7 14 -4 2 0 3 -3 -3 -1 -2 -5 -12 -2 -11 -2 -16 -9 -21 -4 -17 -1 -22 -8 -22 -4 -19 -1 -18 2 -15 0 -10 2 -8 0 0 0 0 0 0 0 0 0 0 0 0 0 0 0 0 0 0 0 0 0 0 -16 1 -18 -3 -10 2 -10 2 -8 0 -6 -2 -3 1 -2 -3 4 0 14 2 9 -4 13 -7 16 -8 20 -1 19 -6 28 -10 33 -4 27 -8 15 -13 22 -5 16 -3 13 -5 8 0 6 2 -7 13 -14 13 ]
CSI_DATA,STA,E4:D1:24:F2:5E:80,-84,10,0,0,0,0,0,0,0,0,0,-97,0,9,0,18670865,0,389,0,0,19.0536,128,[-123 81 24 0 -44 -6 -45 -10 -41 -10 -39 -2 -38 0 -28 1 -23 -1 -23 3 -13 -6 -8 -1 -6 -5 4 -4 5 -6 13 -6 18 0 12 -3 20 -7 20 -9 18 -8 19 -5 17 -9 12 -5 17 -2 14 -4 9 -3 0 0 0 0 0 0 0 0 0 0 0 0 0 0 0 0 0 0 0 0 0 0 -9 -11 -7 -15 -9 -10 -4 -12 -6 -12 -7 -6 1 -5 3 -1 1 6 9 13 8 14 12 14 9 16 16 20 22 20 14 16 19 24 17 20 17 15 16 14 10 13 8 5 2 5 -2 -2 -17 -3 -18 -6 ]
CSI_DATA,STA,E4:D1:24:F2:5E:80,-84,10,0,0,0,0,0,0,0,0,0,-97,0,9,0,18691067,0,284,0,0,19.0849,128,[28 -63 17 0 38 6 42 5 37 9 36 6 33 3 35 -4 28 1 22 -2 17 -1 3 1 8 1 0 7 -10 0 -10 2 -15 4 -21 10 -20 6 -16 10 -17 9 -17 8 -19 1 -16 5 -17 8 -11 4 -8 -3 0 0 0 0 0 0 0 0 0 0 0 0 0 0 0 0 0 0 0 0 0 0 4 13 1 18 -1 14 2 12 2 10 -2 5 -5 3 -4 -1 -2 -4 -5 -8 -4 -12 -7 -16 -10 -28 -14 -25 -16 -23 -17 -27 -10 -22 -21 -26 -15 -23 -13 -14 -11 -15 -4 -10 0 -4 5 -3 11 2 20 5 ]
CSI_DATA,STA,E4:D1:24:F2:5E:80,-83,10,0,0,0,0,0,0,0,0,0,-97,0,9,0,18773267,0,389,0,0,19.156,128,[-123 81 24 0 31 23 38 18 34 13 41 11 29 21 28 9 26 9 22 9 14 6 10 1 1 6 2 2 -4 4 -9 -2 -10 0 -18 -3 -20 0 -18 2 -22 3 -20 1 -23 0 -16 1 -16 -5 -16 0 -10 -4 0 0 0 0 0 0 0 0 0 0 0 0 0 0 0 0 0 0 0 0 0 0 2 14 0 18 2 14 3 12 -3 13 -1 5 0 3 -3 1 -4 -1 -8 -12 -4 -14 -5 -19 -1 -22 -9 -25 -9 -24 -7 -20 -13 -26 -12 -31 -6 -22 -13 -24 -8 -20 -5 -12 2 -7 4 -2 7 3 19 10 ]
CSI_DATA,STA,E4:D1:24:F2:5E:80,-83,10,0,0,0,0,0,0,0,0,0,-97,0,9,0,18875670,0,389,0,0,19.2584,128,[-123 81 24 0 -5 40 -6 47 1 41 -2 44 -4 39 -3 33 1 28 -2 23 -3 18 2 9 -3 2 -2 -4 -6 -9 -11 -10 -8 -15 -14 -16 -7 -16 -13 -23 -14 -19 -15 -17 -11 -17 -12 -16 -7 -14 -5 -12 -4 -9 0 0 0 0 0 0 0 0 0 0 0 0 0 0 0 0 0 0 0 0 0 0 -15 5 -13 10 -13 3 -15 2 -11 3 -5 2 -3 1 -2 -5 1 -2 10 -6 14 -6 15 -14 17 -13 22 -13 25 -21 26 -21 23 -19 21 -21 22 -23 20 -16 15 -15 15 -8 9 -4 3 -1 3 11 -4 25 ]
CSI_DATA,STA,E4:D1:24:F2:5E:80,-83,10,0,0,0,0,0,0,0,0,0,-97,0,9,0,18978072,0,389,0,0,19.3608,128,[-123 81 24 0 7 -38 4 -37 3 -45 6 -37 3 -34 5 -32 2 -26 -2 -21 0 -18 5 -12 2 -7 3 2 4 4 4 13 7 10 10 17 10 19 11 18 6 20 10 14 8 16 11 14 3 10 4 10 2 10 0 0 0 0 0 0 0 0 0 0 0 0 0 0 0 0 0 0 0 0 0 0 11 -5 11 -7 11 -6 11 -1 7 0 9 -3 3 2 3 5 -8 7 -6 2 -10 7 -11 8 -19 11 -23 12 -18 14 -23 16 -27 19 -27 13 -24 14 -17 13 -14 15 -18 8 -5 -2 -2 -5 2 -15 4 -24 ]
CSI_DATA,STA,E4:D1:24:F2:5E:80,-83,10,0,0,0,0,0,0,0,0,0,-97,0,9,0,19080474,0,389,0,0,19.4632,128,[-123 81 24 0 -21 -34 -18 -33 -30 -38 -27 -32 -19 -28 -29 -26 -19 -28 -15 -15 -13 -14 -4 -13 -3 -6 1 -5 9 -5 14 3 10 2 18 7 20 0 22 4 19 5 16 5 20 5 17 7 14 5 9 5 7 2 0 0 0 0 0 0 0 0 0 0 0 0 0 0 0 0 0 0 0 0 0 0 6 -12 6 -13 9 -9 4 -10 6 -11 8 -9 6 -4 4 3 1 5 0 13 -3 11 -6 15 -6 16 -15 19 -7 28 -11 27 -12 33 -3 32 -5 26 -6 22 -8 19 -5 13 -8 6 -8 4 -5 -10 -13 -16 ]
CSI_DATA,STA,E4:D1:24:F2:5E:80,-83,10,0,0,0,0,0,0,0,0,0,-97,0,9,0,19182877,0,389,0,0,19.5654,128,[-123 81 24 0 -35 -2 -38 -6 -40 -3 -44 0 -38 2 -36 -1 -28 -2 -22 0 -19 -5 -9 -1 -6 2 5 -7 5 -5 10 -6 14 -11 15 -11 11 -15 15 -11 19 -15 18 -9 18 -14 15 -10 10 -7 13 -2 8 -3 0 0 0 0 0 0 0 0 0 0 0 0 0 0 0 0 0 0 0 0 0 0 -9 -18 -6 -14 -7 -10 -2 -12 -4 -12 -6 -6 2 -5 4 -1 8 2 4 2 6 12 10 14 14 19 15 24 15 22 19 21 20 26 19 27 19 23 17 18 12 13 10 8 -1 4 -8 8 -16 -2 -18 -2 ]
CSI_DATA,STA,E4:D1:24:F2:5E:80,-83,10,0,0,0,0,0,0,0,0,0,-97,0,9,0,19285279,0,389,0,0,19.6679,128,[-123 81 24 0 40 6 40 -4 41 -6 41 -8 38 -7 32 -8 27 -3 21 -5 16 -2 8 2 3 1 0 8 -12 10 -6 14 -6 14 -7 15 -10 13 -12 19 -15 15 -10 18 -9 14 -11 13 -10 13 -7 11 -5 3 0 0 0 0 0 0 0 0 0 0 0 0 0 0 0 0 0 0 0 0 0 0 0 15 -1 12 0 12 -1 10 -2 7 -3 9 -4 1 -5 -1 -7 -1 -8 -9 -8 -11 -5 -17 -10 -19 -7 -27 -9 -28 -17 -24 -17 -26 -17 -23 -16 -19 -17 -19 -11 -17 -7 -12 -6 -8 3 -7 13 -4 20 -2 ]
CSI_DATA,STA,E4:D1:24:F2:5E:80,-82,10,0,0,0,0,0,0,0,0,0,-97,0,9,0,19387681,0,389,0,0,19.7704,128,[-123 81 24 0 20 -34 25 -35 19 -35 16 -36 16 -33 14 -31 11 -29 10 -23 6 -14 8 -11 6 -3 5 1 6 5 8 11 9 11 12 14 11 16 11 7 16 17 10 18 11 15 10 14 7 13 3 8 -2 9 0 0 0 0 0 0 0 0 0 0 0 0 0 0 0 0 0 0 0 0 0 0 5 14 7 14 6 10 4 8 -3 12 -2 7 2 5 -4 2 -3 -1 -10 -5 -13 -6 -18 -11 -23 -11 -23 -13 -26 -15 -30 -15 -31 -10 -31 -11 -29 -10 -27 -7 -22 -5 -10 -1 -7 -9 2 -11 6 -13 16 -20 ]
CSI_DATA,STA,E4:D1:24:F2:5E:80,-83,10,0,0,0,0,0,0,0,0,0,-97,0,9,0,19490084,0,389,0,0,19.8728,128,[-123 81 24 0 -38 4 -47 2 -48 7 -44 0 -37 4 -31 13 -33 2 -23 11 -17 12 -12 -1 -6 -1 -5 -6 0 -12 2 -14 3 -17 6 -20 8 -20 6 -26 6 -24 4 -24 8 -21 8 -17 5 -14 1 -11 7 -7 0 0 0 0 0 0 0 0 0 0 0 0 0 0 0 0 0 0 0 0 0 0 6 -12 6 -10 9 -7 4 -10 4 -6 11 -1 3 -4 7 2 3 4 7 9 4 15 4 22 1 25 7 27 5 23 10 26 7 22 13 24 19 23 12 24 9 16 4 12 -3 7 -7 5 -15 4 -21 -4 ]
CSI_DATA,STA,E4:D1:24:F2:5E:80,-84,10,0,0,0,0,0,0,0,0,0,-97,0,9,0,19592486,0,389,0,0,19.9752,128,[-123 81 24 0 24 -28 23 -32 26 -33 20 -37 14 -32 11 -30 12 -28 9 -21 14 -17 9 -11 11 -10 5 -2 6 4 11 11 11 11 15 11 13 15 12 16 15 18 14 15 16 17 11 22 12 15 7 10 -1 8 0 0 0 0 0 0 0 0 0 0 0 0 0 0 0 0 0 0 0 0 0 0 1 10 3 13 -5 8 -3 10 -3 7 -5 7 -5 5 -3 8 -2 1 -6 -5 -13 -8 -11 -12 -16 -11 -18 -16 -19 -20 -21 -17 -27 -13 -28 -16 -21 -12 -26 -12 -22 -3 -17 -7 -12 -11 -6 -9 -1 -10 13 -12 ]
CSI_DATA,STA,E4:D1:24:F2:5E:80,-86,10,0,0,0,0,0,0,0,0,0,-97,0,9,0,19692608,0,284,0,0,20.0752,128,[28 -63 17 0 25 -13 26 -8 26 -10 30 -12 25 -12 21 -5 24 -14 17 -10 14 -5 12 -9 4 -3 2 3 3 5 -3 4 -10 9 -7 15 -8 13 -12 12 -15 10 -17 11 -14 12 -13 7 -14 11 -8 7 -11 -3 0 0 0 0 0 0 0 0 0 0 0 0 0 0 0 0 0 0 0 0 0 0 12 3 8 5 8 6 8 1 9 7 1 1 1 5 -1 1 -1 -1 -3 -3 -5 -1 -8 -7 -20 -4 -17 -6 -19 -12 -21 -5 -22 -12 -20 -10 -20 -4 -20 -5 -18 -7 -11 -2 -9 -3 -3 -1 8 -1 9 -2 ]
CSI_DATA,STA,E4:D1:24:F2:5E:80,-86,10,0,0,0,0,0,0,0,0,0,-97,0,9,0,19797291,0,389,0,0,20.1798,128,[-123 81 24 0 -21 -14 -25 -9 -31 -8 -29 -8 -29 -10 -27 -6 -28 -4 -21 -1 -14 0 -13 1 -6 -1 -4 -6 2 -5 5 -6 4 -6 9 -10 10 -10 13 -11 12 -11 8 -12 13 -9 12 -13 11 -7 9 -7 8 -3 0 0 0 0 0 0 0 0 0 0 0 0 0 0 0 0 0 0 0 0 0 0 6 -8 6 -8 8 -5 6 -1 6 -4 3 -5 -4 -5 -1 1 -3 1 0 3 -6 8 -4 11 2 14 -4 13 -2 14 -2 23 -9 14 1 20 -1 19 -1 20 0 24 -4 14 -5 9 -4 5 -9 -3 -7 -4 ]
CSI_DATA,STA,E4:D1:24:F2:5E:80,-86,10,0,0,0,0,0,0,0,0,0,-97,0,9,0,19899693,0,389,0,0,20.2822,128,[-123 81 24 0 -14 -25 -19 -26 -19 -23 -21 -24 -15 -24 -20 -20 -13 -19 -18 -17 -12 -12 -10 -7 -3 -6 -7 -9 0 -11 5 -3 8 -12 11 -11 10 -8 9 -12 6 -12 10 -12 7 -8 3 -9 9 -11 11 -3 4 -2 0 0 0 0 0 0 0 0 0 0 0 0 0 0 0 0 0 0 0 0 0 0 4 5 1 10 0 9 1 3 0 6 0 6 -3 6 1 7 -5 3 -3 3 -9 1 -10 -3 -13 -1 -21 -6 -22 2 -23 8 -21 6 -23 4 -23 6 -17 7 -19 8 -15 7 -10 2 -13 -2 -11 -1 -10 -14 ]
CSI_DATA,STA,E4:D1:24:F2:5E:80,-88,10,0,0,0,0,0,0,0,0,0,-97,0,9,0,20002096,0,389,0,0,20.3846,128,[-123 81 24 0 15 5 19 4 17 3 23 -1 17 -2 22 -2 23 -10 17 -3 15 -2 10 -4 10 -1 5 3 6 3 3 8 0 5 -1 7 1 14 1 7 1 14 1 11 -2 13 3 14 -2 14 0 9 1 8 0 0 0 0 0 0 0 0 0 0 0 0 0 0 0 0 0 0 0 0 0 0 -6 -2 -5 1 -3 -4 -5 0 -9 -1 -1 -4 -3 -3 -5 -3 -5 -2 2 -4 2 -3 4 -3 4 -3 7 -10 10 -12 6 -10 7 -14 9 -15 12 -16 6 -12 2 -14 0 -15 3 -15 6 -6 5 -1 13 6 ]
CSI_DATA,STA,E4:D1:24:F2:5E:80,-85,10,0,0,0,0,0,0,0,0,0,-97,0,9,0,21026119,0,389,0,0,21.4089,128,[-123 81 24 0 -24 3 -25 8 -29 1 -27 6 -27 10 -18 9 -21 7 -22 3 -16 6 -12 2 -5 2 1 -1 -7 -4 -5 -11 -2 -8 2 -9 4 -14 6 -9 -2 -10 6 -10 4 -16 4 -11 7 -11 7 -13 4 -8 0 0 0 0 0 0 0 0 0 0 0 0 0 0 0 0 0 0 0 0 0 0 1 -12 -1 -11 -1 -12 3 -8 2 -10 2 -7 4 -6 -4 -4 2 3 3 4 3 4 4 8 5 13 6 16 6 17 11 18 16 16 14 16 17 18 15 18 12 11 8 16 5 10 -5 7 -5 5 -12 6 ]
CSI_DATA,STA,E4:D1:24:F2:5E:80,-86,10,0,0,0,0,0,0,0,0,0,-97,0,9,0,21333327,0,389,0,0,21.716,128,[-123 81 24 0 -13 -17 -9 -26 -18 -23 -16 -24 -16 -26 -18 -24 -14 -22 -17 -14 -9 -18 -10 -14 -12 -8 -3 -5 2 -5 2 -2 0 -1 15 3 13 2 11 4 10 2 16 6 15 6 15 6 10 8 9 6 8 8 0 0 0 0 0 0 0 0 0 0 0 0 0 0 0 0 0 0 0 0 0 0 6 -6 5 -10 8 -7 2 -7 6 -3 2 -6 1 0 0 -3 -2 1 -3 2 -5 3 -4 8 -13 9 -4 9 -5 15 -3 18 -2 18 -5 21 -3 15 -2 22 3 15 -5 19 -4 12 -1 -3 -2 0 -6 -3 ]
CSI_DATA,STA,E4:D1:24:F2:5E:80,-87,10,0,0,0,0,0,0,0,0,0,-97,0,9,0,21435733,0,389,0,0,21.8183,128,[-123 81 24 0 -11 13 -12 19 -17 17 -15 19 -12 20 -13 23 -8 14 -9 16 -9 17 -9 6 -3 11 -5 4 -5 2 4 -4 -7 -5 -1 -9 -1 -10 -6 -9 0 -13 -2 -14 -2 -12 2 -14 4 -8 5 -10 4 -7 0 0 0 0 0 0 0 0 0 0 0 0 0 0 0 0 0 0 0 0 0 0 -8 -3 -10 -2 -7 -1 -7 -1 -6 -3 -6 -3 -6 -3 -8 0 -6 -2 3 1 2 2 7 -3 7 0 13 -3 11 -3 17 -3 16 -4 18 -8 17 -4 17 -3 20 -6 15 -4 10 -5 3 0 4 2 0 6 ]
CSI_DATA,STA,E4:D1:24:F2:5E:80,-82,10,0,0,0,0,0,0,0,0,0,-97,0,9,0,21640538,0,389,0,0,22.0233,128,[-123 81 24 0 -31 10 -39 7 -37 13 -39 14 -35 12 -33 11 -27 15 -21 13 -17 9 -12 5 -3 5 -10 -6 -4 -8 0 -11 -3 -16 -3 -15 -3 -18 6 -22 2 -18 1 -15 2 -20 1 -14 2 -13 3 -13 3 -7 0 0 0 0 0 0 0 0 0 0 0 0 0 0 0 0 0 0 0 0 0 0 -4 -15 0 -14 -4 -16 2 -14 3 -9 -1 -10 -1 -6 8 -2 5 2 5 3 8 9 10 10 13 18 10 21 16 22 15 24 18 23 18 22 20 19 19 14 14 13 10 17 2 13 4 4 -10 7 -15 8 ]
CSI_DATA,STA,E4:D1:24:F2:5E:80,-83,10,0,0,0,0,0,0,0,0,0,-97,0,9,0,21693398,0,284,0,0,22.0757,128,[28 -63 17 0 39 -9 42 -14 35 -19 33 -18 32 -17 31 -13 26 -15 17 -7 21 -13 8 -9 6 -9 3 0 -6 1 -2 8 -7 5 -10 9 -15 14 -16 12 -15 14 -16 12 -19 10 -12 9 -14 6 -10 8 -10 1 0 0 0 0 0 0 0 0 0 0 0 0 0 0 0 0 0 0 0 0 0 0 16 0 16 4 12 3 13 0 4 7 10 2 0 1 -3 3 -4 -2 -6 5 -15 1 -19 -1 -24 -1 -22 -4 -30 0 -32 -5 -28 -4 -32 -2 -30 -3 -24 -1 -22 -6 -16 3 -7 -2 0 -2 11 -4 21 -11 ]
CSI_DATA,STA,E4:D1:24:F2:5E:80,-83,10,0,0,0,0,0,0,0,0,0,-97,0,9,0,21742940,0,389,0,0,22.1254,128,[-123 81 24 0 14 -33 14 -37 14 -36 7 -31 13 -34 10 -30 8 -27 6 -22 4 -14 6 -14 5 -8 1 -2 4 3 7 8 8 12 4 12 9 15 8 16 7 15 6 18 6 17 4 12 0 15 0 10 -3 8 0 0 0 0 0 0 0 0 0 0 0 0 0 0 0 0 0 0 0 0 0 0 16 -1 15 0 13 3 12 6 12 0 9 -1 5 3 1 3 -2 3 -6 2 -13 2 -14 4 -21 4 -26 7 -25 4 -24 9 -29 7 -32 6 -26 9 -23 7 -20 8 -13 2 -6 0 -8 -1 2 -8 8 -16 ]
CSI_DATA,STA,E4:D1:24:F2:5E:80,-84,10,0,0,0,0,0,0,0,0,0,-97,0,9,0,21845342,0,389,0,0,22.2281,128,[-123 81 24 0 -7 -33 -5 -37 -8 -42 -12 -42 -13 -36 -10 -33 -18 -31 -11 -21 -9 -18 -7 -16 1 -12 1 -10 8 -2 8 -5 11 -2 17 1 18 3 13 -1 20 2 18 7 15 2 12 1 11 -3 14 3 9 5 0 0 0 0 0 0 0 0 0 0 0 0 0 0 0 0 0 0 0 0 0 0 13 9 13 5 11 9 8 7 9 7 2 6 3 5 3 6 -2 2 -5 0 -11 1 -19 2 -27 1 -21 4 -27 5 -26 5 -28 8 -26 12 -24 12 -24 16 -19 12 -18 9 -14 -5 -9 -2 -7 -8 -4 -21 ]
CSI_DATA,STA,E4:D1:24:F2:5E:80,-82,10,0,0,0,0,0,0,0,0,0,-97,0,9,0,21947745,0,389,0,0,22.3304,128,[-123 81 24 0 28 14 34 14 37 22 37 17 35 13 28 9 32 14 23 6 16 5 17 6 8 5 3 6 -5 8 -8 7 -12 6 -19 6 -19 10 -20 13 -21 4 -16 7 -17 5 -16 2 -18 4 -14 2 -9 1 0 0 0 0 0 0 0 0 0 0 0 0 0 0 0 0 0 0 0 0 0 0 -7 13 -14 8 -10 13 -14 9 -8 7 -10 4 -6 2 -3 0 3 -2 4 -4 1 -11 4 -13 2 -19 6 -25 9 -27 7 -30 -1 -31 0 -36 -2 -31 1 -29 -2 -26 2 -18 2 -10 1 -11 13 0 17 10 ]
CSI_DATA,STA,E4:D1:24:F2:5E:80,-83,10,0,0,0,0,0,0,0,0,0,-97,0,9,0,22050147,0,389,0,0,22.4329,128,[-123 81 24 0 35 -13 39 -16 39 -19 38 -13 37 -7 31 -15 23 -18 24 -12 23 -8 20 -6 9 -5 6 -1 3 2 -2 9 -6 15 -7 15 -6 19 -5 19 -4 19 -5 24 -9 18 -13 13 -13 14 -13 7 -11 7 0 0 0 0 0 0 0 0 0 0 0 0 0 0 0 0 0 0 0 0 0 0 8 13 6 12 5 15 6 11 5 12 4 10 1 9 -2 6 -4 -2 -4 -6 -8 -8 -10 -13 -19 -15 -19 -19 -25 -21 -23 -18 -24 -22 -24 -13 -24 -15 -26 -16 -21 -12 -16 -9 -12 -8 -2 -5 6 -6 15 -12 ]
CSI_DATA,STA,E4:D1:24:F2:5E:80,-83,10,0,0,0,0,0,0,0,0,0,-97,0,9,0,22152550,0,389,0,0,22.5351,128,[-123 81 24 0 -2 -34 -4 -35 -3 -39 -1 -35 0 -41 -4 -37 -2 -31 -6 -26 -5 -23 -2 -14 2 -11 5 -11 6 0 4 7 11 6 10 11 15 6 13 13 14 12 18 13 7 14 12 14 9 14 7 13 3 16 0 0 0 0 0 0 0 0 0 0 0 0 0 0 0 0 0 0 0 0 0 0 16 -4 12 -2 15 -3 13 -2 9 -2 7 -7 3 -2 1 0 2 0 -6 1 -7 1 -18 5 -20 7 -20 8 -26 13 -25 11 -24 18 -23 16 -20 15 -22 19 -27 16 -18 13 -11 7 -12 4 -2 -7 -3 -7 ]
CSI_DATA,STA,E4:D1:24:F2:5E:80,-82,10,0,0,0,0,0,0,0,0,0,-97,0,9,0,22254985,0,389,0,0,22.6375,128,[-123 81 24 0 -33 12 -32 4 -37 12 -40 16 -34 14 -33 15 -24 14 -20 14 -23 10 -16 4 -11 4 -10 -6 -5 -3 -2 -15 -6 -10 1 -15 -3 -19 0 -23 1 -23 -1 -18 -1 -18 1 -21 0 -16 3 -13 4 -12 0 0 0 0 0 0 0 0 0 0 0 0 0 0 0 0 0 0 0 0 0 0 4 -13 4 -16 5 -15 4 -12 5 -7 5 -6 5 -8 0 -2 5 3 6 2 2 12 3 12 9 13 4 21 12 24 10 26 11 25 18 24 17 22 17 24 15 17 11 14 8 13 -1 8 -12 7 -13 7 ]
CSI_DATA,STA,E4:D1:24:F2:5E:80,-83,10,0,0,0,0,0,0,0,0,0,-97,0,9,0,22357354,0,389,0,0,22.7401,128,[-123 81 24 0 -21 23 -29 30 -24 33 -22 34 -23 32 -21 29 -18 30 -11 24 -9 20 -3 11 -8 11 -10 5 -9 -3 -1 -12 -10 -9 -5 -15 -9 -14 -10 -19 -9 -21 -10 -19 -11 -17 -9 -18 -7 -15 -5 -12 -5 -8 0 0 0 0 0 0 0 0 0 0 0 0 0 0 0 0 0 0 0 0 0 0 -7 -15 -7 -12 -8 -20 -4 -18 -2 -15 -4 -11 2 -7 1 -6 4 -1 4 2 7 4 11 7 14 9 20 11 25 12 25 15 27 11 28 10 24 12 34 8 24 5 17 3 16 7 3 12 -3 11 -12 9 ]
CSI_DATA,STA,E4:D1:24:F2:5E:80,-83,10,0,0,0,0,0,0,0,0,0,-97,0,9,0,22459757,0,389,0,0,22.8424,128,[-123 81 24 0 23 -19 26 -21 28 -26 28 -23 27 -23 23 -23 27 -22 17 -20 15 -15 14 -13 7 -7 3 -2 3 1 4 9 1 8 1 13 0 15 0 19 -2 21 1 16 -3 20 -5 18 -5 17 -3 15 -7 9 0 0 0 0 0 0 0 0 0 0 0 0 0 0 0 0 0 0 0 0 0 0 8 9 11 11 6 12 8 9 3 7 7 7 5 5 3 2 -1 2 -7 -5 -10 -7 -11 -5 -16 -10 -19 -11 -24 -12 -24 -14 -26 -8 -29 -5 -29 -8 -29 -6 -26 -2 -20 -8 -20 -4 -4 -5 2 -7 12 -11 ]
CSI_DATA,STA,E4:D1:24:F2:5E:80,-83,10,0,0,0,0,0,0,0,0,0,-97,0,9,0,22562159,0,389,0,0,22.9449,128,[-123 81 24 0 23 -21 29 -26 32 -28 26 -28 30 -34 18 -27 18 -27 18 -18 13 -19 13 -11 11 -8 9 -8 2 1 -2 5 -1 12 -3 16 -1 15 -1 14 -5 20 -5 18 -4 22 -6 19 -5 15 -6 12 -4 9 0 0 0 0 0 0 0 0 0 0 0 0 0 0 0 0 0 0 0 0 0 0 12 5 11 4 12 7 13 10 6 5 6 4 1 1 1 1 -5 3 -6 0 -11 -1 -14 -2 -18 -2 -21 -6 -27 -2 -32 -6 -27 -7 -34 1 -29 -1 -29 -2 -23 1 -22 0 -14 -3 -5 -4 -1 -3 11 -14 ]
CSI_DATA,STA,E4:D1:24:F2:5E:80,-83,10,0,0,0,0,0,0,0,0,0,-97,0,9,0,22766964,0,389,0,0,23.1497,128,[-123 81 24 0 30 -14 32 -19 33 -24 34 -24 28 -21 32 -23 22 -21 20 -16 20 -13 18 -11 15 -5 2 2 3 5 2 8 -2 12 6 16 2 17 0 23 5 22 1 22 -4 22 -3 18 -5 17 -2 15 -2 12 0 0 0 0 0 0 0 0 0 0 0 0 0 0 0 0 0 0 0 0 0 0 3 14 -1 15 -2 11 2 15 -4 11 0 8 1 9 0 2 -4 -1 -2 0 -11 -7 -9 -11 -19 -21 -15 -24 -15 -18 -21 -23 -25 -21 -28 -17 -26 -19 -23 -19 -20 -14 -15 -13 -15 -7 -2 -7 0 -3 17 -8 ]
CSI_DATA,STA,E4:D1:24:F2:5E:80,-83,10,0,0,0,0,0,0,0,0,0,-97,0,9,0,22869366,0,389,0,0,23.252,128,[-123 81 24 0 3 28 6 40 7 37 13 43 11 39 6 33 7 33 10 28 5 21 5 17 0 10 -3 11 -6 7 -4 1 -13 9 -20 -1 -18 2 -17 -2 -22 0 -24 -4 -22 2 -18 -1 -15 -4 -16 -6 -9 -3 0 0 0 0 0 0 0 0 0 0 0 0 0 0 0 0 0 0 0 0 0 0 -12 -12 -12 -12 -8 -13 -16 -13 -6 -8 -5 -12 -3 -10 -3 -6 6 -5 3 1 11 -5 14 -4 18 0 18 4 25 -2 30 -3 24 -5 24 -10 27 -14 25 -11 23 -8 24 -6 15 -4 10 -1 4 7 7 15 ]
CSI_DATA,STA,E4:D1:24:F2:5E:80,-84,10,0,0,0,0,0,0,0,0,0,-97,0,9,0,22971769,0,389,0,0,23.3543,128,[-123 81 24 0 -9 26 -7 36 -12 39 -8 37 -9 36 -3 34 -10 31 0 23 -7 24 -4 14 -4 12 -9 9 -10 0 -12 -3 -16 -2 -15 -8 -18 -8 -20 -10 -18 -6 -17 -12 -18 -5 -15 -6 -13 -7 -12 -7 -8 -7 0 0 0 0 0 0 0 0 0 0 0 0 0 0 0 0 0 0 0 0 0 0 -4 -13 -5 -12 -1 -16 -3 -11 2 -11 -3 -10 -1 -5 3 -8 3 2 6 -2 5 4 9 6 9 11 22 11 24 6 24 8 27 15 29 4 32 5 28 2 31 3 26 7 13 0 6 6 6 13 0 16 ]
CSI_DATA,STA,E4:D1:24:F2:5E:80,-84,10,0,0,0,0,0,0,0,0,0,-97,0,9,0,23074171,0,389,0,0,23.4569,128,[-123 81 24 0 -18 34 -21 33 -20 31 -16 35 -13 41 -13 31 -3 28 -7 24 -7 20 -7 14 -6 4 -4 4 -8 -4 -11 -1 -8 -12 -11 -9 -17 -15 -17 -12 -15 -12 -13 -10 -15 -12 -14 -11 -9 -17 -9 -7 -7 -9 0 0 0 0 0 0 0 0 0 0 0 0 0 0 0 0 0 0 0 0 0 0 -6 -15 -7 -14 -5 -15 -6 -13 -4 -13 -5 -8 0 -5 1 -5 1 -2 5 2 10 4 16 6 12 11 16 14 27 8 23 14 28 9 30 7 28 7 27 6 22 0 21 8 16 1 10 9 9 13 -2 10 ]
CSI_DATA,STA,E4:D1:24:F2:5E:80,-84,10,0,0,0,0,0,0,0,0,0,-97,0,9,0,23176573,0,389,0,0,23.5593,128,[-123 81 24 0 29 -12 34 -15 42 -19 37 -18 37 -20 30 -16 25 -18 20 -14 20 -14 12 -8 10 -9 7 -5 6 1 8 7 6 12 1 17 -2 17 2 17 0 15 0 20 -3 18 -2 17 -2 16 -1 11 -3 10 0 0 0 0 0 0 0 0 0 0 0 0 0 0 0 0 0 0 0 0 0 0 -4 15 -9 16 -7 18 -6 13 -5 8 -7 8 -5 4 -4 2 1 -1 -6 -6 -8 -6 -8 -11 -8 -18 -6 -22 -12 -21 -15 -25 -16 -25 -19 -24 -20 -23 -15 -26 -19 -20 -11 -15 -8 -12 -3 -10 4 -10 9 -7 ]
CSI_DATA,STA,E4:D1:24:F2:5E:80,-83,10,0,0,0,0,0,0,0,0,0,-97,0,9,0,23279098,0,389,0,0,23.6618,128,[-123 81 24 0 13 31 17 25 18 37 22 33 23 34 20 20 20 17 20 18 17 13 8 19 4 10 -3 11 -4 5 -15 11 -10 6 -18 1 -18 9 -19 5 -17 6 -21 5 -22 7 -18 5 -12 6 -15 2 -9 -11 0 0 0 0 0 0 0 0 0 0 0 0 0 0 0 0 0 0 0 0 0 0 -16 -6 -17 -9 -14 -7 -13 -6 -9 -6 -7 -3 -6 -6 -6 -1 1 -1 5 -5 11 -2 15 -6 12 -8 18 -9 26 -10 19 -17 22 -15 25 -20 26 -23 24 -20 18 -20 15 -12 7 -9 7 0 8 0 11 13 ]
CSI_DATA,STA,E4:D1:24:F2:5E:80,-84,10,0,0,0,0,0,0,0,0,0,-97,0,9,0,23483780,0,389,0,0,23.8665,128,[-123 81 24 0 -2 -35 2 -40 1 -41 -3 -38 -2 -33 -3 -36 0 -30 -7 -29 0 -21 -3 -14 2 -11 -3 -7 4 -1 8 0 13 4 12 6 19 8 19 11 16 7 20 9 20 9 12 10 9 15 7 10 5 10 0 0 0 0 0 0 0 0 0 0 0 0 0 0 0 0 0 0 0 0 0 0 10 4 17 1 13 2 11 5 6 0 7 5 3 1 6 4 -3 2 -4 5 -7 3 -12 2 -21 3 -21 4 -25 7 -24 9 -25 14 -26 9 -27 8 -21 14 -20 14 -13 8 -7 1 -5 1 -6 -12 -2 -17 ]
CSI_DATA,STA,E4:D1:24:F2:5E:80,-84,10,0,0,0,0,0,0,0,0,0,-97,0,9,0,23586183,0,389,0,0,23.9689,128,[-123 81 24 0 -26 18 -28 19 -28 27 -26 19 -29 27 -23 22 -20 18 -15 11 -13 14 -13 12 -8 2 -4 2 -5 -8 -5 -9 -5 -11 0 -14 -7 -14 -6 -16 -7 -16 -10 -17 -5 -19 -3 -16 -1 -11 -2 -12 2 -9 0 0 0 0 0 0 0 0 0 0 0 0 0 0 0 0 0 0 0 0 0 0 -4 -14 3 -14 -6 -15 -6 -10 1 -12 -2 -9 -2 -12 7 -4 1 0 8 2 6 11 5 11 16 16 16 14 18 12 20 20 25 17 23 16 20 16 22 11 16 4 18 8 11 5 7 8 -2 6 -10 10 ]
CSI_DATA,STA,E4:D1:24:F2:5E:80,-84,10,0,0,0,0,0,0,0,0,0,-97,0,9,0,23688585,0,389,0,0,24.0711,128,[-123 81 24 0 5 28 9 33 19 36 13 29 20 34 16 26 16 26 12 24 6 20 10 16 4 5 -5 8 -4 6 -5 2 -13 5 -12 -2 -11 -2 -23 7 -19 0 -19 -1 -31 -7 -28 -4 -15 -3 -9 2 -7 -14 0 0 0 0 0 0 0 0 0 0 0 0 0 0 0 0 0 0 0 0 0 0 -13 -3 -15 -5 -16 -6 -12 -1 -12 -7 -7 -3 -9 -3 -10 -3 -2 0 3 -3 9 -7 11 -5 12 -11 21 -8 22 -10 17 -15 25 -13 22 -18 22 -18 21 -18 18 -17 13 -7 13 -9 4 -1 8 8 12 10 ]
CSI_DATA,STA,E4:D1:24:F2:5E:80,-84,10,0,0,0,0,0,0,0,0,0,-97,0,9,0,23790988,0,389,0,0,24.1737,128,[-123 81 24 0 27 14 35 12 38 12 36 5 32 8 35 7 24 4 28 1 21 0 15 0 11 3 4 3 -1 5 -3 14 -9 10 -9 14 -8 15 -9 15 -12 11 -13 12 -16 12 -14 14 -13 13 -9 8 -11 9 0 0 0 0 0 0 0 0 0 0 0 0 0 0 0 0 0 0 0 0 0 0 -11 11 -12 7 -13 7 -12 7 -11 7 -7 3 -7 3 -6 -1 1 0 -2 -3 0 -8 3 -12 0 -18 4 -20 4 -26 5 -25 3 -22 2 -23 1 -32 3 -27 0 -25 1 -21 2 -14 7 -11 10 -4 19 3 ]
CSI_DATA,STA,E4:D1:24:F2:5E:80,-84,10,0,0,0,0,0,0,0,0,0,-97,0,9,0,23893390,0,389,0,0,24.2761,128,[-123 81 24 0 25 12 30 6 35 13 29 15 35 12 33 6 30 6 23 1 22 -3 16 7 10 4 10 2 0 7 -2 11 -8 14 -7 16 -4 14 -11 15 -14 16 -11 18 -8 13 -10 12 -8 12 -10 11 -9 7 0 0 0 0 0 0 0 0 0 0 0 0 0 0 0 0 0 0 0 0 0 0 -12 5 -20 6 -9 7 -18 -1 -11 -4 -11 1 -4 1 -4 2 -1 -4 0 -7 6 -6 8 -11 8 -21 8 -20 7 -25 12 -27 9 -25 7 -30 3 -27 0 -26 4 -24 2 -16 1 -12 3 -11 11 -1 9 10 ]
CSI_DATA,STA,E4:D1:24:F2:5E:80,-84,10,0,0,0,0,0,0,0,0,0,-97,0,9,0,23995792,0,389,0,0,24.3785,128,[-123 81 24 0 8 -33 12 -29 8 -39 5 -35 6 -36 3 -35 2 -28 2 -23 -3 -19 -6 -18 -2 -12 2 -8 5 -7 9 2 10 3 12 9 17 16 10 8 14 16 13 17 11 16 11 12 8 15 7 10 3 15 0 0 0 0 0 0 0 0 0 0 0 0 0 0 0 0 0 0 0 0 0 0 13 6 16 4 13 7 9 4 8 2 3 10 -2 2 2 -1 -3 4 -8 -2 -9 -1 -15 4 -23 3 -21 -2 -25 5 -28 4 -28 1 -24 7 -24 11 -21 12 -20 6 -23 4 -10 5 -12 -4 0 -3 -8 -12 ]
CSI_DATA,STA,E4:D1:24:F2:5E:80,-83,10,0,0,0,0,0,0,0,0,0,-97,0,9,0,24098195,0,389,0,0,24.4809,128,[-123 81 24 0 29 0 28 -7 39 -8 35 -9 30 -12 25 -11 31 -11 19 -11 24 -12 20 -4 9 6 9 -3 -4 4 2 6 -2 12 -10 15 -11 20 0 5 -14 14 -5 17 -11 14 -4 13 -7 14 -5 7 -7 5 0 0 0 0 0 0 0 0 0 0 0 0 0 0 0 0 0 0 0 0 0 0 -6 15 2 13 0 18 -2 12 -3 9 -2 8 -2 8 1 4 -4 -2 -3 -1 -6 -13 -4 -11 -10 -12 -10 -22 -18 -18 -14 -22 -12 -22 -21 -23 -18 -19 -15 -18 -16 -17 -13 -9 -11 -12 -2 -5 3 -5 14 -6 ]
CSI_DATA,STA,E4:D1:24:F2:5E:80,-85,10,0,0,0,0,0,0,0,0,0,-97,0,9,0,24200597,0,389,0,0,24.5833,128,[-123 81 24 0 -17 22 -16 30 -18 30 -19 33 -19 32 -14 28 -11 25 -6 24 -9 20 -7 16 -8 9 -9 3 -7 -3 -7 -15 -10 -8 -4 -13 -6 -15 0 -17 -5 -17 -6 -16 -3 -17 1 -18 0 -16 1 -12 2 -13 0 0 0 0 0 0 0 0 0 0 0 0 0 0 0 0 0 0 0 0 0 0 -15 -4 -17 -6 -15 -3 -12 -4 -15 -6 -10 -3 -4 -1 -6 -2 -4 1 1 0 6 3 10 1 17 2 21 1 23 -6 24 -6 29 -3 25 -6 30 -8 28 -5 24 -10 22 -7 16 2 6 3 -2 4 -7 8 ]
CSI_DATA,STA,E4:D1:24:F2:5E:80,-83,10,0,0,0,0,0,0,0,0,0,-97,0,9,0,24302999,0,389,0,0,24.6857,128,[-123 81 24 0 8 31 13 32 18 34 21 30 20 31 18 31 17 25 17 24 13 17 7 15 7 11 3 8 -7 3 -9 -1 -13 -1 -12 0 -18 -5 -19 -5 -21 -7 -21 -8 -21 -9 -18 -13 -12 -9 -16 -9 -9 -11 0 0 0 0 0 0 0 0 0 0 0 0 0 0 0 0 0 0 0 0 0 0 -11 7 -13 8 -14 6 -11 5 -6 4 -7 4 -4 1 -2 -3 -3 1 2 -8 3 -5 10 -12 20 -10 13 -17 13 -20 13 -25 18 -24 19 -24 14 -23 12 -27 7 -26 10 -18 4 -16 -5 -5 6 1 2 10 ]
CSI_DATA,STA,E4:D1:24:F2:5E:80,-84,10,0,0,0,0,0,0,0,0,0,-97,0,9,0,24405400,0,389,0,0,24.788,128,[-123 81 24 0 -32 -7 -34 -11 -33 -10 -33 -12 -36 -13 -29 -6 -30 -6 -24 -6 -21 -8 -14 0 -10 -7 -7 -4 1 -3 -2 -5 10 -10 10 -9 13 -7 13 -12 16 -13 15 -9 17 -8 17 -11 13 -8 10 -7 10 -2 0 0 0 0 0 0 0 0 0 0 0 0 0 0 0 0 0 0 0 0 0 0 3 -13 1 -15 0 -15 5 -11 2 -14 -1 -11 1 -8 -1 -5 5 0 0 5 3 8 0 12 8 21 -3 24 4 26 2 26 5 29 7 27 9 24 10 25 11 25 9 19 2 14 7 6 -3 3 -10 -5 ]
CSI_DATA,STA,E4:D1:24:F2:5E:80,-83,10,0,0,0,0,0,0,0,0,0,-97,0,9,0,24507802,0,389,0,0,24.8905,128,[-123 81 24 0 30 7 35 5 33 3 39 2 37 2 29 2 30 -2 18 -5 15 -4 10 1 10 2 4 4 4 4 -4 3 -4 7 -12 10 -13 11 -13 12 -17 11 -12 9 -20 10 -16 11 -13 11 -12 3 -10 3 0 0 0 0 0 0 0 0 0 0 0 0 0 0 0 0 0 0 0 0 0 0 0 12 -1 15 -4 14 -3 14 -3 7 -5 14 -2 4 -2 3 -5 -3 -4 -5 -1 -9 -6 -18 -6 -20 0 -21 0 -27 -4 -23 -10 -24 -13 -26 -14 -24 -10 -21 -9 -25 -5 -30 -3 -8 -2 -10 5 -4 16 1 ]
CSI_DATA,STA,E4:D1:24:F2:5E:80,-84,10,0,0,0,0,0,0,0,0,0,-97,0,9,0,24610205,0,389,0,0,24.9929,128,[-123 81 24 0 30 -15 30 -12 34 -16 31 -17 31 -19 27 -16 24 -16 15 -13 17 -11 8 -12 12 -5 3 0 5 5 -2 8 -6 16 -5 12 -12 18 -14 11 -14 18 -16 19 -14 18 -11 14 -10 11 -11 5 -7 3 0 0 0 0 0 0 0 0 0 0 0 0 0 0 0 0 0 0 0 0 0 0 18 4 11 6 12 6 12 7 11 6 8 10 2 2 -2 -1 1 -1 -10 2 -7 -8 -10 -6 -20 -6 -22 -8 -23 -9 -29 -6 -27 -10 -32 -11 -32 -10 -29 -5 -26 -3 -15 -3 -10 -7 -3 -2 6 -3 14 -7 ]
CSI_DATA,STA,E4:D1:24:F2:5E:80,-84,10,0,0,0,0,0,0,0,0,0,-97,0,9,0,24712692,0,389,0,0,25.0954,128,[-123 81 24 0 -15 -32 -24 -35 -29 -35 -17 -31 -24 -34 -23 -34 -19 -25 -16 -23 -11 -20 -6 -13 -5 -15 -3 -7 3 -1 11 -1 10 -2 17 4 20 -1 17 6 21 2 20 3 17 5 18 7 13 9 15 5 7 8 0 0 0 0 0 0 0 0 0 0 0 0 0 0 0 0 0 0 0 0 0 0 13 -9 8 -10 13 -12 15 -7 8 -5 7 -4 5 -2 1 4 -2 5 -4 6 -10 11 -5 8 -17 24 -15 29 -17 22 -15 25 -15 30 -12 26 -15 23 -8 27 -9 23 -8 16 -8 11 -1 3 -1 -7 -10 -15 ]
CSI_DATA,STA,E4:D1:24:F2:5E:80,-84,10,0,0,0,0,0,0,0,0,0,-97,0,9,0,24917412,0,389,0,0,25.3002,128,[-123 81 24 0 33 10 33 18 37 13 36 16 39 14 34 14 30 10 25 7 21 5 15 5 10 7 0 2 -6 1 -2 1 -13 -2 -17 -1 -18 0 -18 2 -22 2 -22 -1 -23 -5 -23 -2 -12 -4 -16 -7 -14 -6 0 0 0 0 0 0 0 0 0 0 0 0 0 0 0 0 0 0 0 0 0 0 12 11 8 10 6 10 6 8 6 9 4 7 1 5 -2 0 -2 -5 -6 -8 -8 -9 -11 -15 -12 -16 -13 -20 -17 -25 -17 -23 -14 -23 -19 -22 -19 -20 -17 -26 -17 -13 -9 -12 -10 -10 0 -1 10 1 15 1 ]
CSI_DATA,STA,E4:D1:24:F2:5E:80,-84,10,0,0,0,0,0,0,0,0,0,-97,0,9,0,25019814,0,389,0,0,25.4025,128,[-123 81 24 0 -34 -11 -35 -7 -39 -13 -39 -6 -38 -8 -27 -8 -32 -3 -22 -13 -23 -4 -16 1 -8 -5 -2 -6 3 -5 7 -4 11 -6 12 2 15 -6 18 0 20 -1 19 -5 19 -4 16 2 19 6 14 5 9 5 0 0 0 0 0 0 0 0 0 0 0 0 0 0 0 0 0 0 0 0 0 0 -12 -10 -10 -4 1 -3 -13 -11 -9 -6 -4 -10 -5 -5 0 -2 8 4 7 6 5 5 7 10 13 14 15 18 12 17 21 22 20 17 20 12 25 13 19 14 20 13 14 12 9 3 -1 7 -4 3 -18 -5 ]
CSI_DATA,STA,E4:D1:24:F2:5E:80,-83,10,0,0,0,0,0,0,0,0,0,-97,0,9,0,25122217,0,389,0,0,25.5048,128,[-123 81 24 0 30 -9 34 -12 41 -10 39 -4 43 -11 35 -10 26 -10 22 -8 21 -9 18 -6 9 -3 8 1 0 7 -7 10 -2 11 -9 14 -9 11 -14 14 -13 16 -18 19 -16 17 -14 17 -14 9 -12 7 -9 1 0 0 0 0 0 0 0 0 0 0 0 0 0 0 0 0 0 0 0 0 0 0 13 14 9 12 9 14 7 18 5 9 5 8 1 9 -1 1 -3 -2 -5 -5 -5 -8 -12 -12 -17 -18 -22 -16 -24 -14 -29 -20 -24 -21 -27 -14 -28 -19 -30 -14 -26 -9 -16 -9 -6 -7 -6 -6 4 1 18 -3 ]
CSI_DATA,STA,E4:D1:24:F2:5E:80,-84,10,0,0,0,0,0,0,0,0,0,-97,0,9,0,25224619,0,389,0,0,25.6072,128,[-123 81 24 0 26 -18 27 -20 26 -23 33 -29 28 -21 19 -25 19 -25 15 -22 21 -16 10 -14 5 -7 7 -6 11 3 6 4 5 14 4 11 7 15 6 14 7 17 8 17 3 12 8 15 7 13 9 14 1 16 0 0 0 0 0 0 0 0 0 0 0 0 0 0 0 0 0 0 0 0 0 0 -10 12 -5 13 -7 13 -5 14 -6 13 -5 5 -3 4 -2 2 -2 3 -2 1 -9 -8 -8 -10 -5 -15 -6 -16 -10 -14 -15 -26 -17 -21 -17 -25 -18 -25 -23 -20 -16 -21 -18 -14 -12 -13 -3 -14 -3 -11 6 -9 ]
CSI_DATA,STA,E4:D1:24:F2:5E:80,-85,10,0,0,0,0,0,0,0,0,0,-97,0,9,0,25327021,0,389,0,0,25.7097,128,[-123 81 24 0 -29 22 -28 19 -28 21 -29 23 -29 22 -19 20 -23 18 -15 16 -12 9 -13 7 -8 1 -8 0 -5 -2 -8 -14 -3 -10 -3 -13 -6 -19 1 -16 4 -22 3 -20 -1 -19 4 -16 6 -18 3 -15 8 -11 0 0 0 0 0 0 0 0 0 0 0 0 0 0 0 0 0 0 0 0 0 0 -6 -11 -9 -9 -7 -14 -3 -13 -7 -13 -6 -6 -5 -8 -1 -4 0 0 3 1 7 5 11 7 9 6 19 14 17 10 19 12 22 12 26 6 24 8 23 4 21 8 14 1 15 0 5 4 -4 4 -16 8 ]
CSI_DATA,STA,E4:D1:24:F2:5E:80,-83,10,0,0,0,0,0,0,0,0,0,-97,0,9,0,25429424,0,389,0,0,25.8121,128,[-123 81 24 0 11 32 8 35 8 38 15 35 12 34 13 28 12 28 11 25 6 19 8 13 3 11 -1 7 -5 1 -9 1 -12 -3 -16 -4 -15 -6 -19 -9 -19 -7 -20 -8 -18 -7 -15 -9 -14 -4 -14 -6 -8 -13 0 0 0 0 0 0 0 0 0 0 0 0 0 0 0 0 0 0 0 0 0 0 -15 2 -16 2 -14 2 -15 3 -11 1 -10 -3 -11 1 -1 0 0 -3 5 -9 7 -8 9 -8 14 -9 17 -15 19 -18 20 -20 24 -21 21 -18 16 -25 17 -22 14 -17 13 -11 4 -8 7 -2 6 3 6 13 ]
CSI_DATA,STA,E4:D1:24:F2:5E:80,-83,10,0,0,0,0,0,0,0,0,0,-97,0,9,0,25531856,0,389,0,0,25.9145,128,[-123 81 24 0 32 -19 38 -14 38 -20 31 -22 29 -21 30 -13 24 -16 25 -14 16 -12 8 -5 9 -4 7 -1 1 7 3 5 -8 7 -4 12 -7 13 -11 17 -8 17 -18 13 -13 17 -11 11 -10 10 -9 7 -13 3 0 0 0 0 0 0 0 0 0 0 0 0 0 0 0 0 0 0 0 0 0 0 13 2 11 6 11 7 12 8 10 2 7 1 1 3 2 0 -4 1 -5 -1 -6 -1 -12 -1 -18 -9 -22 -10 -25 -4 -29 -7 -30 -2 -28 -4 -29 -2 -28 -3 -25 -3 -14 -4 -12 3 -6 -7 0 0 13 -7 ]
CSI_DATA,STA,E4:D1:24:F2:5E:80,-83,10,0,0,0,0,0,0,0,0,0,-97,0,9,0,25581993,0,145,0,0,25.9642,128,[-111 16 9 0 -27 -24 -30 -22 -32 -29 -36 -24 -29 -19 -32 -20 -30 -15 -22 -11 -22 -5 -10 -8 -13 -8 0 -3 2 -3 11 -2 13 -3 17 -2 16 -1 19 -3 24 6 22 -3 15 -1 19 2 15 3 14 -2 8 1 0 0 0 0 0 0 0 0 0 0 0 0 0 0 0 0 0 0 0 0 0 0 2 -14 -1 -14 2 -14 0 -9 -2 -14 -2 -12 3 -5 -1 -3 2 6 -2 4 3 12 -3 10 3 18 1 24 0 26 4 19 8 28 4 32 4 31 7 29 4 22 3 15 0 13 -9 11 -6 -2 -10 -10 ]
CSI_DATA,STA,E4:D1:24:F2:5E:80,-84,10,0,0,0,0,0,0,0,0,0,-97,0,9,0,25634228,0,389,0,0,26.0167,128,[-123 81 24 0 -28 -20 -34 -26 -35 -30 -33 -23 -31 -19 -31 -21 -25 -19 -20 -15 -19 -5 -14 -11 -5 -6 0 0 4 3 8 -4 13 5 17 0 21 1 20 3 19 4 17 4 21 4 17 1 20 4 7 1 10 5 0 0 0 0 0 0 0 0 0 0 0 0 0 0 0 0 0 0 0 0 0 0 -2 -15 0 -13 1 -14 1 -11 1 -8 0 -8 0 -3 -2 -4 2 6 -1 4 0 14 3 12 1 18 2 22 4 22 6 30 0 25 7 28 5 23 5 27 -2 24 6 18 1 6 6 4 -8 -5 -17 -12 ]
CSI_DATA,STA,E4:D1:24:F2:5E:80,-85,10,0,0,0,0,0,0,0,0,0,-97,0,9,0,25694771,0,284,0,0,26.0774,128,[28 -63 17 0 -29 18 -24 26 -26 24 -22 26 -21 21 -25 20 -21 13 -23 17 -13 10 -9 8 -9 7 -3 0 -2 -3 1 -8 8 -9 7 -11 9 -16 12 -17 10 -16 11 -16 11 -14 13 -10 9 -11 12 -5 7 -5 0 0 0 0 0 0 0 0 0 0 0 0 0 0 0 0 0 0 0 0 0 0 -9 8 -13 5 -13 5 -11 4 -8 1 -6 1 -1 1 3 -1 1 -2 8 -4 11 -1 16 1 12 -8 21 -5 19 -11 21 -12 23 -9 23 -10 27 -12 22 -9 19 -5 8 -4 5 -2 5 -7 -8 3 -12 10 ]
CSI_DATA,STA,E4:D1:24:F2:5E:80,-86,10,0,0,0,0,0,0,0,0,0,-97,0,9,0,25736631,0,389,0,0,26.1189,128,[-123 81 24 0 -10 -28 -8 -34 -9 -31 -12 -32 -8 -33 -8 -33 -12 -28 -7 -25 -8 -19 -5 -18 -4 -6 -2 -5 4 1 2 6 8 7 14 6 16 11 12 14 12 13 11 13 13 17 8 15 6 12 1 13 0 7 0 0 0 0 0 0 0 0 0 0 0 0 0 0 0 0 0 0 0 0 0 0 6 -12 3 -12 5 -9 5 -9 3 -9 1 -9 0 -5 1 0 0 2 -8 4 -2 10 -6 14 -7 12 -10 21 -11 24 -10 24 -10 24 -13 24 -9 27 -7 22 -1 15 -7 12 -4 6 -3 -6 -2 -5 -4 -12 ]
CSI_DATA,STA,E4:D1:24:F2:5E:80,-83,10,0,0,0,0,0,0,0,0,0,-97,0,9,0,25839033,0,389,0,0,26.2217,128,[-123 81 24 0 17 29 20 29 20 31 26 32 27 33 26 23 27 22 15 21 14 17 9 8 9 4 -1 3 -8 3 -12 2 -12 -2 -15 -4 -19 -7 -23 -6 -25 -7 -25 -5 -18 -5 -16 -11 -18 -7 -13 -10 -8 -7 0 0 0 0 0 0 0 0 0 0 0 0 0 0 0 0 0 0 0 0 0 0 -5 12 -4 14 -7 9 -3 11 -10 12 -5 7 -7 -1 -2 -4 -3 -1 4 -6 1 -9 4 -10 4 -23 8 -22 4 -21 8 -28 8 -33 10 -38 3 -30 3 -27 2 -20 -3 -25 0 -17 5 -6 8 -2 17 12 ]
CSI_DATA,STA,E4:D1:24:F2:5E:80,-82,10,0,0,0,0,0,0,0,0,0,-97,0,9,0,25941436,0,389,0,0,26.324,128,[-123 81 24 0 32 -5 31 -11 44 -11 35 -11 36 -11 30 -10 30 -14 23 -13 16 -11 14 -9 8 -5 2 1 -1 8 -1 7 -4 15 -9 16 -10 14 -11 16 -9 19 -10 17 -10 17 -11 12 -11 15 -8 9 -6 6 0 0 0 0 0 0 0 0 0 0 0 0 0 0 0 0 0 0 0 0 0 0 6 12 3 17 2 14 3 15 1 9 -2 11 2 6 -2 3 -8 -2 -10 -3 -10 -9 -9 -12 -16 -14 -19 -16 -19 -19 -21 -18 -19 -21 -22 -26 -19 -21 -24 -18 -21 -16 -18 -12 -9 -6 -2 -5 -2 -6 14 -5 ]
CSI_DATA,STA,E4:D1:24:F2:5E:80,-82,10,0,0,0,0,0,0,0,0,0,-97,0,9,0,26043838,0,389,0,0,26.4265,128,[-123 81 24 0 24 -33 21 -33 23 -41 16 -41 22 -39 16 -32 17 -30 12 -21 9 -18 9 -14 8 -14 7 -3 4 -1 4 5 6 13 11 13 5 17 5 22 3 20 6 23 5 19 3 17 2 20 -2 12 0 11 0 0 0 0 0 0 0 0 0 0 0 0 0 0 0 0 0 0 0 0 0 0 13 6 14 9 14 9 12 8 11 6 7 4 3 0 2 9 -3 2 -10 2 -8 1 -16 -5 -18 -2 -25 -3 -26 -2 -33 -4 -31 -3 -34 2 -33 -1 -33 5 -26 5 -27 2 -14 3 -7 0 -3 -11 11 -16 ]
CSI_DATA,STA,E4:D1:24:F2:5E:80,-82,10,0,0,0,0,0,0,0,0,0,-97,0,9,0,26146240,0,389,0,0,26.5289,128,[-123 81 24 0 -7 34 -6 37 -5 40 -3 38 -1 36 0 31 1 27 0 27 1 20 0 12 -3 7 -5 4 -5 2 -9 -2 -13 -6 -15 -9 -16 -9 -16 -9 -17 -14 -16 -12 -15 -13 -13 -10 -15 -8 -8 -11 -5 -9 0 0 0 0 0 0 0 0 0 0 0 0 0 0 0 0 0 0 0 0 0 0 -15 -7 -14 -6 -16 -7 -14 -8 -12 -7 -9 -3 -6 -3 -4 -5 1 -2 6 -1 8 0 15 -2 18 -5 24 -3 28 -5 23 -6 28 -9 28 -9 31 -7 26 -14 24 -9 15 -8 11 -8 4 1 5 6 -3 14 ]
CSI_DATA,STA,E4:D1:24:F2:5E:80,-82,10,0,0,0,0,0,0,0,0,0,-97,0,9,0,26351045,0,389,0,0,26.7338,128,[-123 81 24 0 31 -24 33 -30 32 -28 28 -29 25 -30 25 -23 23 -22 16 -23 9 -17 7 -10 9 -3 4 5 2 5 -1 12 -5 10 -2 18 -4 16 0 19 -2 22 -7 18 -4 20 -1 16 -4 16 -2 8 -8 7 0 0 0 0 0 0 0 0 0 0 0 0 0 0 0 0 0 0 0 0 0 0 13 8 14 7 16 9 8 9 8 8 5 7 7 3 -1 0 -3 4 -8 -3 -11 1 -18 -6 -20 -4 -26 -11 -25 -5 -31 -10 -32 -6 -33 -8 -31 1 -29 -3 -23 2 -18 -6 -14 -8 -5 -6 5 -7 16 -17 ]
CSI_DATA,STA,E4:D1:24:F2:5E:80,-82,10,0,0,0,0,0,0,0,0,0,-97,0,9,0,26453447,0,389,0,0,26.8361,128,[-123 81 24 0 -37 0 -43 5 -43 3 -31 6 -33 9 -29 7 -30 8 -23 3 -23 -1 -13 2 -8 1 -3 -6 2 -6 4 -7 4 -11 9 -9 11 -12 17 -18 16 -18 15 -16 11 -15 13 -16 9 -12 10 -8 10 -9 0 0 0 0 0 0 0 0 0 0 0 0 0 0 0 0 0 0 0 0 0 0 -5 -16 -2 -13 -5 -14 -5 -12 -3 -11 2 -10 -2 -6 -1 -4 5 -2 7 8 9 8 13 13 14 17 15 18 17 23 20 23 20 19 16 22 23 19 18 13 16 13 13 14 6 9 3 7 -7 0 -13 -1 ]
CSI_DATA,STA,E4:D1:24:F2:5E:80,-83,10,0,0,0,0,0,0,0,0,0,-97,0,9,0,26555850,0,389,0,0,26.9385,128,[-123 81 24 0 -33 -15 -36 -15 -37 -12 -36 -10 -36 -9 -32 -10 -34 -4 -24 -8 -20 -8 -16 -10 -9 -1 0 -7 2 -4 7 -2 11 -8 12 -2 12 -8 18 -4 22 -1 17 -6 15 2 20 1 15 2 15 1 10 2 0 0 0 0 0 0 0 0 0 0 0 0 0 0 0 0 0 0 0 0 0 0 -12 -9 -9 -14 -9 -13 -5 -11 -6 -14 -2 -9 -4 -6 0 0 -1 4 2 9 4 8 4 20 9 18 10 28 12 26 12 23 12 23 19 25 15 22 16 21 16 17 12 9 3 3 0 10 -6 1 -22 -5 ]
CSI_DATA,STA,E4:D1:24:F2:5E:80,-85,10,0,0,0,0,0,0,0,0,0,-97,0,9,0,26658252,0,389,0,0,27.0408,128,[-123 81 24 0 -18 -23 -22 -28 -27 -24 -23 -24 -17 -28 -25 -23 -19 -21 -18 -20 -16 -14 -7 -6 -4 -7 -4 -1 2 -1 5 2 6 5 8 8 14 11 9 12 11 16 12 11 13 18 10 15 7 17 7 10 5 10 0 0 0 0 0 0 0 0 0 0 0 0 0 0 0 0 0 0 0 0 0 0 -10 -11 -10 -15 -8 -11 -5 -12 -1 -9 -3 -8 -7 -6 2 1 -2 2 8 6 3 6 3 13 3 14 7 17 8 21 9 19 7 24 9 21 12 22 7 19 10 12 6 15 4 4 1 0 2 -3 -7 -8 ]
CSI_DATA,STA,E4:D1:24:F2:5E:80,-84,10,0,0,0,0,0,0,0,0,0,-97,0,9,0,26760655,0,389,0,0,27.1433,128,[-123 81 24 0 15 -25 10 -26 13 -31 13 -31 15 -33 14 -26 11 -25 9 -20 5 -17 7 -14 2 -8 5 -3 0 0 3 3 -2 11 -2 13 1 14 -7 15 -1 12 -7 18 -1 20 -2 13 -4 13 -7 10 -11 1 0 0 0 0 0 0 0 0 0 0 0 0 0 0 0 0 0 0 0 0 0 0 10 -7 13 -7 12 -8 9 -4 8 -5 5 -3 8 0 -1 -1 -3 4 -7 5 -11 11 -19 8 -18 7 -19 9 -20 12 -20 17 -18 14 -19 13 -22 13 -19 12 -11 10 -13 7 -3 10 -3 -1 5 0 13 -7 ]
CSI_DATA,STA,E4:D1:24:F2:5E:80,-85,10,0,0,0,0,0,0,0,0,0,-97,0,9,0,26863057,0,389,0,0,27.2458,128,[-123 81 24 0 -19 28 -25 23 -24 30 -26 24 -20 23 -19 27 -16 22 -13 19 -14 16 -9 8 -11 6 -2 -1 -4 -5 6 -8 4 -11 7 -15 8 -13 13 -12 9 -16 15 -16 15 -12 15 -14 6 -11 6 -8 7 -3 0 0 0 0 0 0 0 0 0 0 0 0 0 0 0 0 0 0 0 0 0 0 -7 7 -10 5 -8 4 -8 6 -6 3 -5 4 -2 4 -2 0 3 -4 7 -5 8 -10 18 -7 15 -11 21 -11 18 -14 21 -13 18 -16 22 -19 19 -13 24 -17 15 -18 11 -9 5 -4 5 -1 -5 5 -13 13 ]
CSI_DATA,STA,E4:D1:24:F2:5E:80,-84,10,0,0,0,0,0,0,0,0,0,-97,0,9,0,26965532,0,389,0,0,27.3483,128,[-123 81 24 0 11 33 13 35 9 37 13 34 9 33 8 28 10 28 12 24 4 20 8 9 -2 3 -1 5 -4 0 -1 -7 -12 -11 -8 -13 -7 -18 -10 -16 -7 -19 -9 -21 -5 -12 -7 -16 -4 -16 -1 -12 2 -13 0 0 0 0 0 0 0 0 0 0 0 0 0 0 0 0 0 0 0 0 0 0 6 11 5 13 -1 12 1 11 0 11 -2 10 1 4 -4 -5 -4 -6 3 -8 4 -14 2 -11 -1 -17 -4 -29 -1 -22 0 -24 -8 -25 -5 -24 0 -22 -1 -22 -5 -25 -3 -9 -4 -7 0 0 7 6 10 12 ]
CSI_DATA,STA,E4:D1:24:F2:5E:80,-84,10,0,0,0,0,0,0,0,0,0,-97,0,9,0,27170264,0,389,0,0,27.553,128,[-123 81 24 0 -28 -20 -36 -20 -34 -20 -35 -21 -34 -23 -35 -15 -29 -15 -21 -7 -15 -13 -10 -7 -8 -9 0 -3 4 -6 9 -2 9 1 14 -1 17 1 22 2 18 3 18 4 14 8 19 5 13 5 14 6 8 4 0 0 0 0 0 0 0 0 0 0 0 0 0 0 0 0 0 0 0 0 0 0 -8 -12 -7 -13 -3 -16 -3 -12 -3 -11 -3 -5 3 -4 -1 -4 0 2 5 4 3 7 1 19 2 22 4 20 9 26 13 23 11 25 7 23 15 26 11 23 15 21 9 12 3 12 -7 6 1 -4 -17 -8 ]
CSI_DATA,STA,E4:D1:24:F2:5E:80,-84,10,0,0,0,0,0,0,0,0,0,-97,0,9,0,27272666,0,389,0,0,27.6554,128,[-123 81 24 0 38 11 37 4 42 2 35 5 36 -2 34 0 24 0 25 0 17 0 14 2 4 0 4 -1 2 10 -5 5 -11 7 -12 10 -16 11 -18 12 -17 14 -23 14 -15 10 -11 11 -14 7 -11 7 -13 -2 0 0 0 0 0 0 0 0 0 0 0 0 0 0 0 0 0 0 0 0 0 0 0 14 -4 14 0 10 0 11 1 14 2 6 1 0 0 0 -5 -8 -5 -11 -3 -13 -11 -12 -9 -21 -16 -28 -10 -27 -16 -27 -20 -26 -15 -25 -19 -22 -16 -18 -14 -15 -2 -13 -6 -6 0 -7 11 2 11 8 ]
CSI_DATA,STA,E4:D1:24:F2:5E:80,-84,10,0,0,0,0,0,0,0,0,0,-97,0,9,0,27375069,0,389,0,0,27.7576,128,[-123 81 24 0 -13 28 -20 34 -19 36 -20 39 -17 32 -17 28 -13 26 -10 23 -13 23 -8 11 -8 5 -3 5 -1 -8 -3 -12 -6 -11 -1 -15 -3 -16 0 -17 4 -24 1 -21 4 -18 6 -15 5 -11 5 -11 6 -9 0 0 0 0 0 0 0 0 0 0 0 0 0 0 0 0 0 0 0 0 0 0 -16 8 -14 6 -14 2 -13 1 -11 2 -7 2 0 -1 -4 4 2 0 8 -1 10 -6 9 -7 20 -10 18 -12 23 -12 23 -14 25 -11 29 -17 21 -18 22 -13 18 -14 15 -9 9 -8 2 -5 -1 7 -5 13 ]
CSI_DATA,STA,E4:D1:24:F2:5E:80,-84,10,0,0,0,0,0,0,0,0,0,-97,0,9,0,27477471,0,389,0,0,27.8601,128,[-123 81 24 0 17 24 20 32 18 29 26 30 30 24 22 21 17 24 17 24 14 16 9 7 1 8 -7 11 -6 1 -13 -3 -16 -1 -14 -4 -9 -5 -18 -7 -20 -6 -19 -15 -14 -12 -13 -13 -12 -11 -9 -11 -4 -6 0 0 0 0 0 0 0 0 0 0 0 0 0 0 0 0 0 0 0 0 0 0 0 11 5 14 -3 11 3 14 2 5 -1 6 9 2 1 -5 -2 -9 -3 -5 1 -11 -7 -21 -2 -21 -2 -17 -1 -22 -12 -27 -4 -27 -1 -26 -5 -30 -7 -23 -3 -27 -6 -13 -9 -7 2 -5 -2 4 15 13 ]
CSI_DATA,STA,E4:D1:24:F2:5E:80,-83,10,0,0,0,0,0,0,0,0,0,-97,0,9,0,27579874,0,389,0,0,27.9626,128,[-123 81 24 0 24 22 25 26 31 32 33 27 30 23 26 18 24 19 23 15 19 17 7 10 5 10 -1 4 -6 9 -8 4 -14 0 -18 0 -17 3 -20 -4 -20 -7 -22 3 -20 0 -23 -3 -15 -4 -13 -8 -11 -6 0 0 0 0 0 0 0 0 0 0 0 0 0 0 0 0 0 0 0 0 0 0 -11 13 -11 10 -14 15 -9 11 -6 9 -5 5 -2 0 -3 0 -3 -10 0 -7 8 -14 7 -17 10 -17 7 -24 8 -24 7 -32 3 -31 2 -34 2 -31 4 -32 -1 -23 2 -21 3 -11 2 -4 11 5 14 10 ]
CSI_DATA,STA,E4:D1:24:F2:5E:80,-83,10,0,0,0,0,0,0,0,0,0,-97,0,9,0,27582515,0,145,0,0,27.994,128,[-111 16 9 0 29 13 31 15 33 18 29 18 31 20 27 14 30 13 23 10 17 3 9 2 4 5 2 4 -3 2 -10 3 -14 3 -16 6 -17 3 -17 5 -20 3 -25 1 -19 0 -17 0 -14 1 -12 -4 -8 -5 0 0 0 0 0 0 0 0 0 0 0 0 0 0 0 0 0 0 0 0 0 0 1 15 0 12 -4 9 0 10 -3 6 -1 2 -4 5 -5 -2 -1 0 -1 -10 -5 -10 -6 -15 -6 -22 -2 -23 -6 -25 -4 -30 -10 -27 -12 -27 -11 -27 -10 -23 -10 -22 -8 -16 -3 -8 2 -4 7 4 14 3 ]
CSI_DATA,STA,E4:D1:24:F2:5E:80,-84,10,0,0,0,0,0,0,0,0,0,-97,0,9,0,27682276,0,389,0,0,28.065,128,[-123 81 24 0 -28 23 -29 26 -41 27 -32 30 -26 29 -25 24 -29 23 -18 18 -14 13 -10 6 -6 3 3 1 1 -11 0 -9 3 -12 10 -17 9 -15 10 -17 9 -20 13 -21 14 -19 11 -17 13 -11 8 -8 14 -3 0 0 0 0 0 0 0 0 0 0 0 0 0 0 0 0 0 0 0 0 0 0 -16 5 -16 2 -13 1 -10 0 -13 0 -7 -2 -5 2 1 -1 7 -4 6 0 10 -3 14 3 19 -5 24 -2 50 -5 24 -8 28 -7 28 -8 26 -6 21 -8 21 -6 20 -4 8 -3 1 7 -8 4 -14 14 ]
CSI_DATA,STA,E4:D1:24:F2:5E:80,-83,10,0,0,0,0,0,0,0,0,0,-97,0,9,0,27784678,0,389,0,0,28.1674,128,[-123 81 24 0 -35 -9 -41 -16 -40 -15 -38 -12 -40 -11 -30 -7 -30 -8 -22 -9 -24 -6 -13 -1 -12 -7 -5 -2 0 -2 5 -5 9 -6 14 -6 17 -4 18 -9 21 -12 19 -3 20 -4 17 -3 16 0 13 0 9 -4 0 0 0 0 0 0 0 0 0 0 0 0 0 0 0 0 0 0 0 0 0 0 -7 -12 -6 -15 -5 -15 -2 -13 -4 -10 -1 -7 -6 -1 -3 -4 4 1 0 4 4 5 2 7 11 15 11 17 11 23 12 27 14 27 17 24 14 16 19 17 11 16 11 14 10 6 -2 2 -4 1 -17 -6 ]
CSI_DATA,STA,E4:D1:24:F2:5E:80,-84,10,0,0,0,0,0,0,0,0,0,-97,0,9,0,27887081,0,389,0,0,28.2698,128,[-123 81 24 0 31 -15 26 -11 32 -12 31 -10 29 -9 26 -10 20 -15 21 -9 15 -11 9 -7 7 -4 1 -1 -3 2 -3 5 -2 8 -7 9 -10 9 -15 11 -12 7 -15 6 -15 8 -13 5 -12 3 -7 4 -14 1 0 0 0 0 0 0 0 0 0 0 0 0 0 0 0 0 0 0 0 0 0 0 10 0 10 5 6 6 13 5 6 3 7 -3 2 4 0 15 -9 -4 -6 -6 -7 -3 -14 -4 -19 -8 -20 -5 -25 -2 -26 -4 -26 -6 -25 -6 -25 -1 -19 -1 -19 -1 -18 -2 -4 4 -2 -3 4 -3 11 -4 ]
CSI_DATA,STA,E4:D1:24:F2:5E:80,-85,10,0,0,0,0,0,0,0,0,0,-97,0,9,0,27989483,0,389,0,0,28.3722,128,[-123 81 24 0 7 -24 12 -34 15 -34 6 -43 10 -33 5 -33 6 -29 7 -28 4 -22 3 -16 3 -7 -1 -3 4 2 -1 6 3 10 0 16 1 15 -4 22 1 17 -1 18 1 19 -2 17 -1 18 -9 12 -3 7 0 0 0 0 0 0 0 0 0 0 0 0 0 0 0 0 0 0 0 0 0 0 8 -9 7 -8 11 -2 6 -10 7 -5 1 -2 5 -4 4 3 -4 0 -1 2 -8 11 -9 9 -11 9 -17 16 -18 17 -18 19 -16 18 -16 21 -18 18 -19 15 -11 16 -13 14 -9 7 -6 1 3 -1 -6 -13 ]
CSI_DATA,STA,E4:D1:24:F2:5E:80,-84,10,0,0,0,0,0,0,0,0,0,-97,0,9,0,28091885,0,389,0,0,28.4746,128,[-123 81 24 0 -34 -5 -43 0 -41 -3 -38 -6 -34 -3 -34 -4 -32 -4 -28 0 -26 -1 -16 -3 -14 2 -9 -10 5 3 4 -8 13 -9 11 -15 13 -4 17 -9 17 -12 19 -11 13 -7 18 -12 15 -7 15 -6 8 3 0 0 0 0 0 0 0 0 0 0 0 0 0 0 0 0 0 0 0 0 0 0 -8 -13 -4 -16 -7 -14 -3 -13 -6 -11 -2 -12 -2 -12 3 0 0 0 2 8 5 7 7 10 8 17 14 21 22 20 18 21 19 24 22 24 18 14 21 19 17 15 19 14 13 6 5 5 -9 1 -13 1 ]
CSI_DATA,STA,E4:D1:24:F2:5E:80,-83,10,0,0,0,0,0,0,0,0,0,-97,0,9,0,28194288,0,389,0,0,28.5768,128,[-123 81 24 0 -29 15 -32 14 -33 10 -34 10 -32 12 -31 16 -29 11 -20 14 -19 7 -13 8 -13 5 -9 6 -2 -6 -3 -7 6 -9 10 -10 9 -10 13 -15 11 -14 14 -15 13 -13 13 -10 12 -14 10 -10 14 0 0 0 0 0 0 0 0 0 0 0 0 0 0 0 0 0 0 0 0 0 0 0 -15 -4 -16 -4 -13 -6 -11 -2 -12 -4 -4 0 -3 -2 -3 0 0 -6 5 4 8 3 14 3 18 4 19 8 22 7 25 8 29 1 30 6 27 10 28 7 24 2 21 2 15 1 6 -3 4 3 -14 8 ]
CSI_DATA,STA,E4:D1:24:F2:5E:80,-83,10,0,0,0,0,0,0,0,0,0,-97,0,9,0,28296690,0,389,0,0,28.6793,128,[-123 81 24 0 -31 -19 -34 -16 -40 -14 -34 -12 -39 -10 -31 -11 -36 -13 -28 -10 -23 -6 -21 -6 -13 -9 -5 -5 0 -8 9 -2 10 -2 10 -1 16 -9 13 -2 18 -3 21 -5 18 -6 20 -3 17 2 15 -2 9 2 0 0 0 0 0 0 0 0 0 0 0 0 0 0 0 0 0 0 0 0 0 0 -3 -13 -5 -13 -5 -17 -3 -15 -3 -11 0 -13 -2 -5 1 -2 2 1 6 5 1 11 5 15 5 13 9 21 15 26 13 26 13 26 18 28 10 21 16 20 11 19 16 18 8 9 6 6 4 2 -13 -4 ]
CSI_DATA,STA,E4:D1:24:F2:5E:80,-83,10,0,0,0,0,0,0,0,0,0,-97,0,9,0,28399120,0,389,0,0,28.7818,128,[-123 81 24 0 35 -11 44 -8 32 -10 37 -11 35 -15 36 -9 25 -6 24 -14 22 -8 16 -13 11 0 5 4 3 -3 -1 12 -4 13 -11 13 -7 17 -13 13 -7 20 -13 17 -10 15 -7 16 -8 14 -9 11 -6 10 0 0 0 0 0 0 0 0 0 0 0 0 0 0 0 0 0 0 0 0 0 0 13 13 7 15 5 16 7 10 6 9 0 9 2 7 2 3 0 -6 -9 -8 -10 -6 -11 -10 -21 -13 -23 -18 -24 -19 -25 -17 -30 -18 -30 -16 -32 -15 -24 -13 -30 -12 -26 -9 -11 -8 -8 -4 -5 -4 6 -11 ]
CSI_DATA,STA,E4:D1:24:F2:5E:80,-83,10,0,0,0,0,0,0,0,0,0,-97,0,9,0,28501539,0,389,0,0,28.8842,128,[-123 81 24 0 -6 -30 -9 -32 -15 -36 -11 -39 -12 -34 -15 -31 -14 -31 -15 -19 -13 -22 -6 -11 -6 -10 1 -6 6 -5 6 1 9 2 14 3 14 6 19 3 18 11 18 5 15 9 14 4 11 7 11 4 3 5 0 0 0 0 0 0 0 0 0 0 0 0 0 0 0 0 0 0 0 0 0 0 10 -6 12 -1 15 -3 13 -1 10 3 8 0 9 -4 1 3 -1 -1 -11 1 -12 7 -11 10 -18 13 -17 9 -21 17 -21 16 -18 22 -22 18 -22 16 -16 25 -14 16 -14 18 -12 7 -6 6 -8 -6 -8 -16 ]
CSI_DATA,STA,E4:D1:24:F2:5E:80,-84,10,0,0,0,0,0,0,0,0,0,-97,0,9,0,28808702,0,389,0,0,29.1915,128,[-123 81 24 0 3 26 2 19 0 6 2 1 -3 -4 -10 -9 -11 -19 -17 -19 -19 -24 -25 -19 -22 -22 -21 -24 -19 -20 -16 -18 -18 -19 -17 -17 -12 -11 -12 -12 -6 -7 1 -5 1 0 3 0 6 6 11 12 10 11 0 0 0 0 0 0 0 0 0 0 0 0 0 0 0 0 0 0 0 0 0 0 0 -8 2 -9 1 -7 6 -13 7 -13 9 -19 10 -27 9 -19 7 -23 8 -18 5 -22 6 -17 4 -18 2 -15 -1 -3 -1 -4 0 3 -3 7 -1 20 0 23 -2 34 6 36 1 43 6 45 8 47 6 53 ]
CSI_DATA,STA,E4:D1:24:F2:5E:80,-83,10,0,0,0,0,0,0,0,0,0,-97,0,9,0,28911105,0,389,0,0,29.2938,128,[-123 81 24 0 -12 28 -11 16 -6 11 0 1 -8 -7 -6 -15 -1 -21 -4 -27 -12 -27 -9 -29 -10 -25 -7 -35 -14 -30 -9 -25 -7 -19 -5 -20 1 -17 -2 -14 4 -8 -2 -5 2 0 5 5 6 6 7 7 7 13 0 0 0 0 0 0 0 0 0 0 0 0 0 0 0 0 0 0 0 0 0 0 -1 -2 3 -3 7 1 14 -3 13 -6 13 -11 18 -9 21 -11 22 -9 23 -12 15 -8 19 -12 18 -4 12 -4 8 -3 4 1 -2 5 -5 12 -13 14 -12 18 -19 28 -22 25 -28 41 -23 47 -26 49 -24 45 ]
CSI_DATA,STA,E4:D1:24:F2:5E:80,-83,10,0,0,0,0,0,0,0,0,0,-97,0,9,0,29013521,0,389,0,0,29.3961,128,[-123 81 24 0 -16 -29 -8 -20 -2 -11 2 -4 7 5 12 10 14 6 20 17 24 10 24 14 20 16 25 15 23 12 23 10 21 14 20 15 15 9 -21 6 -1 9 3 6 -2 3 -8 1 -13 3 -15 -5 -19 -7 0 0 0 0 0 0 0 0 0 0 0 0 0 0 0 0 0 0 0 0 0 0 0 0 -5 7 -3 4 -6 13 -1 13 -5 19 -5 20 -10 21 -5 17 -7 20 -6 23 -3 17 -6 17 -6 13 -1 5 1 -5 -1 -10 1 -10 -3 -23 -3 -27 -11 -33 -14 -35 -12 -45 -11 -48 -17 -41 -19 -45 ]
CSI_DATA,STA,E4:D1:24:F2:5E:80,-83,10,0,0,0,0,0,0,0,0,0,-97,0,9,0,29115909,0,389,0,0,29.4986,128,[-123 81 24 0 -11 31 -14 20 -6 12 -7 2 -5 0 -5 -10 -6 -15 -11 -24 -12 -22 -14 -30 -9 -27 -16 -25 -10 -25 -14 -21 -8 -23 -11 -15 -6 -13 -5 -12 0 -8 3 -3 5 -1 4 -2 9 2 11 6 12 9 0 0 0 0 0 0 0 0 0 0 0 0 0 0 0 0 0 0 0 0 0 0 4 -7 4 -6 7 -3 13 -1 17 -7 16 -3 21 -4 24 -4 24 -2 22 -5 20 -4 19 -1 15 -5 16 -4 3 -4 5 1 -5 6 -7 10 -14 11 -12 16 -21 23 -24 31 -17 29 -24 35 -21 43 -21 43 ]
CSI_DATA,STA,E4:D1:24:F2:5E:80,-84,10,0,0,0,0,0,0,0,0,0,-97,0,9,0,29218312,0,389,0,0,29.601,128,[-123 81 24 0 17 -40 13 -25 10 -14 8 -4 7 4 1 15 1 15 -1 24 3 28 0 29 -3 27 -5 27 1 30 -3 23 0 18 0 23 1 20 -15 15 -13 16 -7 4 -2 0 -6 -4 -5 -4 -6 -11 -1 -12 0 0 0 0 0 0 0 0 0 0 0 0 0 0 0 0 0 0 0 0 0 0 1 2 -6 -1 -9 3 -10 8 -12 9 -9 11 -16 14 -21 14 -22 17 -21 16 -18 19 -16 18 -11 7 -9 6 -7 4 -7 4 -2 5 8 -8 12 -15 16 -25 19 -27 25 -32 26 -35 27 -43 30 -47 26 -50 ]
CSI_DATA,STA,E4:D1:24:F2:5E:80,-84,10,0,0,0,0,0,0,0,0,0,-97,0,9,0,29320714,0,389,0,0,29.7034,128,[-123 81 24 0 23 -7 15 -6 9 2 2 -2 -9 -3 -12 2 -15 2 -18 5 -21 7 -26 4 -30 6 -27 7 -33 3 -24 6 -25 6 -18 0 -16 1 -10 -1 -6 -2 -6 -4 3 -1 4 -3 10 0 11 2 13 -1 0 0 0 0 0 0 0 0 0 0 0 0 0 0 0 0 0 0 0 0 0 0 -3 -1 -7 0 -12 5 -14 4 -13 3 -15 3 -20 8 -17 1 -21 1 -21 2 -22 5 -19 1 -15 7 -11 -2 -2 0 -5 1 7 0 13 -3 19 1 27 -1 28 -7 32 -2 37 -6 43 -6 48 -9 48 -6 ]
CSI_DATA,STA,E4:D1:24:F2:5E:80,-84,10,0,0,0,0,0,0,0,0,0,-97,0,9,0,29423117,0,389,0,0,29.8058,128,[-123 81 24 0 26 4 20 2 11 1 0 2 -11 6 -8 6 -19 1 -16 11 -24 9 -25 8 -26 10 -23 13 -25 9 -17 6 -18 2 -17 7 -11 1 -11 1 -7 0 -6 -1 -1 -2 4 -5 9 -6 9 -7 12 -1 0 0 0 0 0 0 0 0 0 0 0 0 0 0 0 0 0 0 0 0 0 0 -3 1 -5 -7 -7 -9 -7 -8 -12 -9 -12 -17 -15 -16 -17 -14 -18 -19 -12 -12 -16 -12 -13 -13 -10 -13 -6 -12 -3 -6 1 -3 6 3 7 0 16 5 23 11 27 12 30 13 37 6 40 7 42 10 44 8 ]
CSI_DATA,STA,E4:D1:24:F2:5E:80,-85,10,0,0,0,0,0,0,0,0,0,-97,0,9,0,29525520,0,389,0,0,29.9082,128,[-123 81 24 0 -32 -11 -18 -6 -14 -11 -7 -4 -1 -7 9 -7 17 -5 11 -11 23 -11 21 -10 29 -11 24 -12 24 -9 20 -11 15 -6 16 -4 14 -6 12 -5 10 0 2 4 2 3 -4 7 -6 6 -8 11 -12 9 0 0 0 0 0 0 0 0 0 0 0 0 0 0 0 0 0 0 0 0 0 0 4 0 6 5 6 6 7 6 9 11 10 17 7 20 11 15 17 16 13 22 9 17 12 15 8 15 6 12 7 1 2 2 -5 -6 -9 -4 -12 -12 -22 -8 -31 -15 -32 -12 -34 -20 -41 -11 -46 -17 -47 -9 ]
CSI_DATA,STA,E4:D1:24:F2:5E:80,-83,10,0,0,0,0,0,0,0,0,0,-97,0,9,0,29586991,0,145,0,0,29.9695,128,[-111 16 9 0 -19 31 -13 14 -11 12 -4 5 -12 -9 -9 -8 -7 -20 -4 -23 -3 -21 -2 -24 -8 -31 -8 -29 -4 -27 -5 -21 -5 -19 0 -17 1 -14 -3 -9 0 -5 1 -3 3 -1 5 0 6 7 10 7 11 13 0 0 0 0 0 0 0 0 0 0 0 0 0 0 0 0 0 0 0 0 0 0 -1 1 4 -1 8 -2 10 -3 12 0 19 1 21 0 18 -3 25 0 26 -3 21 -2 16 -2 14 0 11 -1 14 -6 2 4 -6 8 -9 6 -13 10 -17 11 -26 25 -24 26 -31 26 -29 33 -25 33 -35 42 ]
CSI_DATA,STA,E4:D1:24:F2:5E:80,-84,10,0,0,0,0,0,0,0,0,0,-97,0,9,0,29627922,0,389,0,0,30.0101,128,[-123 81 24 0 -9 18 -3 17 -2 4 -3 -2 -3 -8 -5 -13 -3 -20 -5 -21 -1 -22 -1 -26 -2 -23 1 -27 -2 -24 1 -20 0 -15 -1 -18 1 -9 4 -10 0 -3 2 0 0 2 4 5 -1 11 0 8 -2 16 0 0 0 0 0 0 0 0 0 0 0 0 0 0 0 0 0 0 0 0 0 0 -1 0 -3 -4 -1 -9 2 -11 8 -17 6 -16 4 -18 10 -18 9 -19 12 -20 9 -19 3 -15 6 -10 4 -9 -4 -6 -4 1 -1 4 -7 12 -9 13 -12 22 -13 24 -10 34 -13 37 -12 38 -12 40 -9 35 ]
CSI_DATA,STA,E4:D1:24:F2:5E:80,-85,10,0,0,0,0,0,0,0,0,0,-97,0,9,0,29730325,0,389,0,0,30.1129,128,[-123 81 24 0 31 13 20 8 6 5 0 -1 -8 0 -9 5 -20 -3 -14 0 -24 -2 -24 -6 -30 -4 -30 -4 -26 -6 -24 -5 -22 -8 -18 -6 -14 -8 -14 -6 -7 -9 -4 -4 4 -7 7 -2 11 0 12 3 14 4 0 0 0 0 0 0 0 0 0 0 0 0 0 0 0 0 0 0 0 0 0 0 -2 -4 -5 0 -7 -4 -8 -8 -13 -9 -13 -7 -17 -12 -14 -10 -21 -17 -18 -14 -14 -7 -16 -9 -14 -6 -8 -4 -1 -2 -1 -1 2 1 6 5 14 8 19 10 21 19 29 15 35 16 48 18 40 24 40 11 ]
CSI_DATA,STA,E4:D1:24:F2:5E:80,-84,10,0,0,0,0,0,0,0,0,0,-97,0,9,0,29832727,0,389,0,0,30.2153,128,[-123 81 24 0 26 -18 21 -12 16 -5 10 -6 4 0 1 8 -4 11 -7 19 -12 23 -7 22 -12 21 -12 25 -14 26 -12 23 -9 18 -10 16 -13 14 -12 12 -13 3 -7 -4 -10 -2 -7 -9 -2 -7 2 -11 2 -13 0 0 0 0 0 0 0 0 0 0 0 0 0 0 0 0 0 0 0 0 0 0 0 1 -4 2 -9 -6 -9 -4 -8 -2 -14 -9 -15 -8 -18 -7 -20 -10 -18 -11 -21 -1 -17 -6 -18 -6 -13 -4 -7 1 -6 3 2 -1 7 -2 14 -1 18 -3 27 -6 31 -4 36 -9 39 -16 46 -15 43 -17 ]
CSI_DATA,STA,E4:D1:24:F2:5E:80,-86,10,0,0,0,0,0,0,0,0,0,-97,0,9,0,29935129,0,389,0,0,30.3178,128,[-123 81 24 0 2 -17 4 -18 3 -11 0 -3 7 2 7 2 7 12 5 16 7 18 6 17 11 20 7 17 10 25 4 18 6 14 6 17 6 17 1 12 -1 10 -2 2 -6 1 -7 1 -7 -3 -7 -7 -10 -10 0 0 0 0 0 0 0 0 0 0 0 0 0 0 0 0 0 0 0 0 0 0 2 1 -3 -1 -7 -1 -15 0 -11 1 -13 4 -15 5 -20 2 -13 1 -17 3 -19 2 -17 4 -15 4 -13 1 -6 -1 0 -4 -4 -5 5 -6 7 -9 14 -10 19 -16 19 -21 15 -27 17 -33 18 -32 19 -33 ]
CSI_DATA,STA,E4:D1:24:F2:5E:80,-87,10,0,0,0,0,0,0,0,0,0,-97,0,9,0,30037532,0,389,0,0,30.4202,128,[-123 81 24 0 -21 11 -17 12 -10 9 -12 2 -6 -5 -9 -12 -12 -13 -1 -14 -11 -17 -8 -15 -13 -18 -15 -16 -15 -18 -8 -13 -15 -16 -8 -13 -3 -7 -4 -8 0 -3 -1 -7 -1 -3 0 -5 8 -6 11 -6 10 0 0 0 0 0 0 0 0 0 0 0 0 0 0 0 0 0 0 0 0 0 0 0 1 1 -1 4 1 4 -1 10 -5 7 -5 13 -3 14 -2 17 -3 15 2 19 0 14 1 12 0 11 2 6 -3 5 -2 6 -7 1 -5 0 -18 3 -16 0 -20 -2 -27 4 -30 1 -34 3 -32 14 -34 11 ]
CSI_DATA,STA,E4:D1:24:F2:5E:80,-86,10,0,0,0,0,0,0,0,0,0,-97,0,9,0,30447141,0,389,0,0,30.8299,128,[-123 81 24 0 -23 -5 -18 -6 -15 -3 -11 -4 -1 -8 -2 -11 1 -9 4 -19 -3 -17 -1 -16 -1 -19 -8 -21 1 -15 -5 -22 -4 -16 -1 -18 -2 -12 1 -17 -4 -7 4 -8 5 -3 5 -6 8 -3 0 -4 10 7 0 0 0 0 0 0 0 0 0 0 0 0 0 0 0 0 0 0 0 0 0 0 0 0 1 5 -5 6 -5 4 -6 7 -8 2 -13 6 -12 6 -11 9 -11 10 -13 6 -12 9 -8 11 -9 11 -5 8 -10 2 -9 -1 -11 -1 -8 -12 -13 -10 -12 -11 -16 -12 -19 -13 -30 -15 -32 -12 -30 -13 ]
CSI_DATA,STA,E4:D1:24:F2:5E:80,-86,10,0,0,0,0,0,0,0,0,0,-97,0,9,0,30549544,0,389,0,0,30.9321,128,[-123 81 24 0 4 -23 9 -20 3 -18 3 -16 1 -5 5 -4 12 4 13 2 13 3 19 5 18 7 19 6 24 3 24 6 17 7 16 3 14 2 10 3 8 5 4 5 5 6 1 8 1 6 -4 7 -6 8 0 0 0 0 0 0 0 0 0 0 0 0 0 0 0 0 0 0 0 0 0 0 -2 1 -2 -3 -4 -4 -5 0 -8 -7 -7 -10 -11 -9 -11 -6 -13 -9 -10 -6 -17 -9 -19 -5 -20 -10 -12 -5 -13 -8 -7 -5 -2 -2 -4 -4 0 -8 8 -14 14 -17 12 -24 14 -20 21 -31 12 -31 15 -38 ]
CSI_DATA,STA,E4:D1:24:F2:5E:80,-88,10,0,0,0,0,0,0,0,0,0,-97,0,9,0,31880775,0,389,0,0,32.2635,128,[-123 81 24 0 -5 16 -9 13 -6 4 -2 0 -7 1 -10 -9 -8 -10 -7 -12 -12 -8 -14 -13 -10 -7 -6 -16 -11 -10 -4 -14 -10 -11 -7 -7 -9 -5 -3 -8 0 -6 -2 -9 7 -2 5 2 11 -2 7 -6 7 -2 0 0 0 0 0 0 0 0 0 0 0 0 0 0 0 0 0 0 0 0 0 0 2 0 6 -2 3 4 5 4 9 3 10 7 5 6 3 3 8 6 11 4 10 4 12 0 8 4 4 5 -1 2 4 3 -7 2 -7 10 -8 8 -11 9 -13 10 -15 8 -19 21 -12 18 -13 19 -9 17 ]
CSI_DATA,STA,E4:D1:24:F2:5E:80,-86,10,0,0,0,0,0,0,0,0,0,-97,0,9,0,31983177,0,389,0,0,32.3657,128,[-123 81 24 0 -22 -11 -20 -5 -16 -8 -7 -9 1 -9 5 -7 12 -11 9 -16 8 -10 18 -17 14 -14 18 -17 14 -19 14 -10 13 -14 13 -9 10 -9 8 -11 7 -3 7 2 3 5 3 8 0 6 0 6 2 10 0 0 0 0 0 0 0 0 0 0 0 0 0 0 0 0 0 0 0 0 0 0 3 3 -2 3 0 6 -3 8 -3 9 -3 11 -5 15 -5 10 -5 13 -5 13 0 15 1 8 -4 15 -8 11 -2 11 -3 2 -2 1 -6 -10 -4 -8 -16 -11 -16 -14 -25 -17 -22 -18 -28 -25 -30 -19 -34 -17 ]
CSI_DATA,STA,E4:D1:24:F2:5E:80,-84,10,0,0,0,0,0,0,0,0,0,-97,0,9,0,32085579,0,389,0,0,32.4681,128,[-123 81 24 0 -28 -22 -17 -10 -13 -15 -10 -16 2 -15 7 -14 13 -16 15 -16 16 -22 12 -20 15 -20 12 -23 13 -25 9 -28 12 -21 11 -20 5 -18 7 -11 10 -5 10 -3 8 -2 5 2 6 9 6 10 9 10 0 0 0 0 0 0 0 0 0 0 0 0 0 0 0 0 0 0 0 0 0 0 -2 4 -1 7 -4 6 -10 2 -11 9 -17 9 -16 10 -20 11 -26 11 -18 10 -23 6 -15 8 -19 10 -14 7 -9 2 -3 0 -9 -4 -10 -14 -8 -20 -13 -21 -12 -24 -15 -28 -19 -40 -24 -30 -32 -39 -37 -33 ]
CSI_DATA,STA,E4:D1:24:F2:5E:80,-85,10,0,0,0,0,0,0,0,0,0,-97,0,9,0,32187982,0,389,0,0,32.5707,128,[-123 81 24 0 16 16 10 9 4 6 -6 13 -11 5 -18 9 -20 13 -29 11 -25 14 -23 21 -21 22 -22 17 -18 21 -18 13 -8 14 -13 11 -10 5 -7 4 -5 4 -3 -3 -3 -12 -1 -8 -4 -14 1 -16 4 -16 0 0 0 0 0 0 0 0 0 0 0 0 0 0 0 0 0 0 0 0 0 0 1 -4 1 -11 0 -9 5 -17 4 -18 7 -15 13 -20 12 -21 7 -15 12 -15 9 -11 10 -12 4 -5 2 -1 6 0 4 5 5 6 7 13 16 15 15 28 17 26 26 29 28 27 35 28 29 21 30 25 ]
CSI_DATA,STA,E4:D1:24:F2:5E:80,-83,10,0,0,0,0,0,0,0,0,0,-97,0,9,0,32290384,0,389,0,0,32.6731,128,[-123 81 24 0 -22 -14 -13 -12 -4 -10 -1 -3 7 -2 17 6 24 -2 26 4 28 4 25 3 33 -1 27 3 24 4 29 3 21 2 18 1 14 3 13 5 6 3 -3 4 -7 1 -11 4 -9 7 -15 3 -14 -2 0 0 0 0 0 0 0 0 0 0 0 0 0 0 0 0 0 0 0 0 0 0 -1 5 1 9 2 11 0 11 1 13 -1 17 4 20 6 24 -1 21 7 20 1 21 -1 17 4 12 -5 8 1 4 -2 -3 -6 -9 -11 -8 -12 -19 -21 -22 -19 -29 -20 -31 -29 -34 -28 -37 -29 -37 -32 -33 ]
CSI_DATA,STA,E4:D1:24:F2:5E:80,-84,10,0,0,0,0,0,0,0,0,0,-97,0,9,0,32392782,0,389,0,0,32.7755,128,[-123 81 24 0 -9 23 -1 20 -6 7 -10 3 -13 -2 -13 -9 -20 -6 -19 -10 -31 -13 -28 -8 -29 -10 -29 -12 -30 -8 -26 -4 -25 0 -22 -2 -16 -6 -8 -4 -6 -4 -6 -9 -1 -3 4 -8 8 -14 8 -10 21 -6 0 0 0 0 0 0 0 0 0 0 0 0 0 0 0 0 0 0 0 0 0 0 7 -1 10 -1 8 4 15 7 15 5 17 10 18 9 22 4 21 4 19 3 16 6 18 0 14 4 8 -1 3 1 -5 7 -4 5 -6 14 -12 9 -12 17 -18 27 -13 29 -15 42 -10 42 -12 44 -13 48 ]
CSI_DATA,STA,E4:D1:24:F2:5E:80,-85,10,0,0,0,0,0,0,0,0,0,-97,0,9,0,32495184,0,389,0,0,32.8779,128,[-123 81 24 0 -23 -14 -6 -16 -1 -3 0 0 14 1 20 3 17 9 24 4 27 7 27 4 24 11 25 8 25 11 19 9 15 4 9 7 9 1 2 6 4 2 -3 0 -10 0 -9 0 -11 -7 -13 -2 -12 -7 0 0 0 0 0 0 0 0 0 0 0 0 0 0 0 0 0 0 0 0 0 0 4 2 4 6 9 5 6 10 6 13 5 16 9 16 6 18 2 19 2 17 4 14 0 11 2 8 0 5 -1 7 -2 -3 -10 -6 -8 -14 -11 -17 -19 -21 -23 -25 -29 -29 -25 -29 -26 -31 -34 -28 -33 -25 ]
CSI_DATA,STA,E4:D1:24:F2:5E:80,-85,10,0,0,0,0,0,0,0,0,0,-97,0,9,0,32597586,0,389,0,0,32.9803,128,[-123 81 24 0 2 -23 0 -13 5 -5 6 1 7 8 11 9 14 16 16 16 17 15 16 16 20 17 23 18 19 13 18 13 14 9 15 9 8 6 4 9 4 2 0 3 -9 4 -6 1 -11 -1 -14 -5 -18 -6 0 0 0 0 0 0 0 0 0 0 0 0 0 0 0 0 0 0 0 0 0 0 -4 1 -7 -1 -10 2 -16 3 -20 0 -16 2 -22 4 -17 9 -22 4 -22 5 -15 5 -16 3 -15 2 -6 -5 -2 -1 -3 -7 -1 -11 1 -15 9 -16 14 -25 10 -26 16 -37 16 -41 13 -34 14 -41 8 -41 ]
CSI_DATA,STA,E4:D1:24:F2:5E:80,-86,10,0,0,0,0,0,0,0,0,0,-97,0,9,0,32699989,0,389,0,0,33.0825,128,[-123 81 24 0 -17 -16 -6 -11 -8 -7 5 -8 9 -5 16 1 23 4 28 6 25 -4 30 1 26 0 25 -4 23 -1 21 -4 18 -6 20 1 12 -4 9 -5 1 3 1 3 -6 7 -8 8 -13 3 -9 10 -11 2 0 0 0 0 0 0 0 0 0 0 0 0 0 0 0 0 0 0 0 0 0 0 3 2 -4 7 -2 9 -3 11 -2 12 -5 14 -6 15 -8 20 -5 14 -1 17 -7 16 -9 12 -7 8 -4 6 -3 1 -4 -6 -6 -11 1 -17 -11 -15 -16 -23 -14 -24 -17 -33 -16 -34 -19 -36 -21 -32 -22 -27 ]
CSI_DATA,STA,E4:D1:24:F2:5E:80,-84,10,0,0,0,0,0,0,0,0,0,-97,0,9,0,32802391,0,389,0,0,33.185,128,[-123 81 24 0 6 22 5 13 1 11 -5 8 -10 2 -14 -4 -18 -5 -23 -10 -29 -8 -27 -7 -26 -10 -29 -8 -22 -5 -23 -5 -21 2 -19 0 -18 -3 -10 -6 -7 -6 -1 -2 2 -6 5 -7 12 -5 14 -5 13 -8 0 0 0 0 0 0 0 0 0 0 0 0 0 0 0 0 0 0 0 0 0 0 0 -3 2 -3 4 -8 12 -8 16 -6 12 -12 14 -9 21 -15 19 -12 20 -16 16 -12 12 -10 9 -12 8 -8 5 -3 10 5 5 4 -2 15 2 21 0 30 -4 31 1 31 3 41 6 43 7 38 12 42 ]
CSI_DATA,STA,E4:D1:24:F2:5E:80,-85,10,0,0,0,0,0,0,0,0,0,-97,0,9,0,32904793,0,389,0,0,33.2875,128,[-123 81 24 0 28 -9 16 -1 10 3 1 12 -4 11 -4 11 -14 18 -13 17 -16 21 -17 20 -13 21 -18 25 -7 25 -13 19 -13 12 -7 11 -7 11 -4 5 -3 4 1 -5 -1 -3 -3 -5 -1 -11 -1 -14 5 -16 0 0 0 0 0 0 0 0 0 0 0 0 0 0 0 0 0 0 0 0 0 0 -7 3 -7 -3 -5 -7 -9 -11 -14 -11 -12 -11 -20 -12 -15 -12 -13 -19 -17 -15 -16 -15 -11 -9 -9 -10 -6 -12 -6 -7 -1 -4 8 -2 11 0 15 2 22 4 30 -2 33 -2 37 -8 45 -9 41 -10 40 -7 ]
CSI_DATA,STA,E4:D1:24:F2:5E:80,-84,10,0,0,0,0,0,0,0,0,0,-97,0,9,0,33007196,0,389,0,0,33.3899,128,[-123 81 24 0 13 -26 8 -19 5 -4 4 -5 -1 8 -1 17 -1 19 0 23 2 24 2 30 -2 30 -1 28 3 23 5 20 -2 19 2 17 0 13 -4 8 -2 3 1 3 -3 -7 -2 -5 -6 -12 -1 -10 -4 -17 0 0 0 0 0 0 0 0 0 0 0 0 0 0 0 0 0 0 0 0 0 0 -2 3 -2 6 -9 2 -12 0 -16 5 -15 3 -14 5 -19 6 -20 11 -21 7 -18 9 -17 4 -16 3 -7 -2 -8 1 1 0 1 -10 6 -8 17 -14 19 -20 23 -23 27 -26 24 -29 28 -33 29 -28 29 -31 ]
CSI_DATA,STA,E4:D1:24:F2:5E:80,-84,10,0,0,0,0,0,0,0,0,0,-97,0,9,0,33109598,0,389,0,0,33.4923,128,[-123 81 24 0 25 -3 20 -3 9 0 0 5 -8 -2 -13 3 -19 2 -29 3 -22 7 -26 7 -31 6 -28 2 -26 6 -26 8 -19 5 -24 6 -9 2 -23 -8 -15 -10 -8 4 0 -6 9 -3 9 -3 10 -3 14 2 0 0 0 0 0 0 0 0 0 0 0 0 0 0 0 0 0 0 0 0 0 0 -5 1 -9 4 -11 -2 -10 6 -21 -1 -18 1 -25 -3 -24 4 -25 -2 -21 -3 -16 -4 -13 -5 -12 -1 -12 0 -6 -1 6 4 5 -1 16 -3 15 -1 24 -1 28 1 37 -1 43 1 44 -5 49 -9 47 -8 ]
CSI_DATA,STA,E4:D1:24:F2:5E:80,-84,10,0,0,0,0,0,0,0,0,0,-97,0,9,0,33212001,0,389,0,0,33.5947,128,[-123 81 24 0 -2 25 -4 18 -2 15 -7 3 -7 -10 -7 -8 -10 -13 -13 -23 -15 -26 -19 -23 -19 -20 -17 -27 -17 -23 -16 -20 -13 -20 -12 -15 -8 -12 -13 -11 -1 -3 -3 -6 4 -3 6 1 5 -3 14 3 12 6 0 0 0 0 0 0 0 0 0 0 0 0 0 0 0 0 0 0 0 0 0 0 1 -1 5 -3 7 -5 13 -6 18 -7 14 -9 19 -6 19 -4 21 -8 20 -5 16 -6 21 -1 15 -4 10 0 6 -5 1 3 0 8 -7 10 -11 17 -10 22 -15 27 -18 30 -17 39 -16 43 -16 41 -16 42 ]
CSI_DATA,STA,E4:D1:24:F2:5E:80,-85,10,0,0,0,0,0,0,0,0,0,-97,0,9,0,33314403,0,389,0,0,33.6971,128,[-123 81 24 0 20 -11 11 -6 11 -7 5 -5 -3 9 -9 13 -9 13 -11 19 -17 24 -20 25 -14 24 -12 26 -10 25 -12 24 -10 14 -11 15 -10 3 -7 9 -9 5 0 -4 1 -7 0 -10 1 -8 8 -8 9 -10 0 0 0 0 0 0 0 0 0 0 0 0 0 0 0 0 0 0 0 0 0 0 -3 -1 -9 2 -7 -2 -13 0 -20 -1 -19 1 -18 3 -21 0 -22 1 -22 -4 -21 -3 -15 -2 -10 0 -13 1 -11 -1 -1 -4 3 -5 12 -7 17 -9 21 -9 25 -12 33 -19 33 -18 39 -22 31 -18 33 -24 ]
CSI_DATA,STA,E4:D1:24:F2:5E:80,-84,10,0,0,0,0,0,0,0,0,0,-97,0,9,0,33416805,0,389,0,0,33.7994,128,[-123 81 24 0 -28 0 -21 2 -7 -1 -5 -5 6 -11 6 -12 8 -17 14 -17 14 -25 15 -30 20 -25 13 -26 6 -24 11 -21 8 -21 3 -17 8 -13 4 -3 1 -3 1 -2 1 7 1 7 0 8 0 12 -6 15 0 0 0 0 0 0 0 0 0 0 0 0 0 0 0 0 0 0 0 0 0 0 4 -1 1 4 8 6 8 10 7 13 6 15 7 15 9 23 14 17 11 24 11 14 9 14 4 14 2 10 3 10 -5 2 -9 0 -15 1 -16 -7 -26 -6 -31 -12 -38 -7 -44 -4 -43 -5 -50 -2 -43 -2 ]
CSI_DATA,STA,E4:D1:24:F2:5E:80,-84,10,0,0,0,0,0,0,0,0,0,-97,0,9,0,33519208,0,389,0,0,33.9017,128,[-123 81 24 0 9 -32 4 -23 9 -13 2 -2 2 3 2 17 5 19 4 20 2 29 4 26 6 27 3 28 8 27 9 27 3 22 4 17 2 18 0 11 0 10 -4 -3 -2 -4 -4 -8 -7 -14 -4 -13 -2 -13 0 0 0 0 0 0 0 0 0 0 0 0 0 0 0 0 0 0 0 0 0 0 -2 -2 -5 4 -10 5 -12 9 -11 8 -16 12 -17 14 -17 14 -23 9 -20 13 -20 8 -17 19 -14 7 -12 3 -7 1 -3 -1 0 -5 5 -7 12 -16 7 -22 12 -31 14 -36 16 -42 18 -49 14 -39 15 -48 ]
CSI_DATA,STA,E4:D1:24:F2:5E:80,-85,10,0,0,0,0,0,0,0,0,0,-97,0,9,0,33621610,0,389,0,0,34.0043,128,[-123 81 24 0 -24 -16 -12 -16 -13 -7 1 -2 7 1 14 5 17 8 23 14 28 15 26 10 20 11 24 15 19 14 17 13 16 13 10 10 7 8 6 6 1 3 0 2 -4 6 -6 -3 -9 -10 -8 -7 -12 -7 0 0 0 0 0 0 0 0 0 0 0 0 0 0 0 0 0 0 0 0 0 0 0 1 3 0 10 6 4 9 9 9 13 12 13 15 12 14 5 21 9 19 8 18 8 15 9 11 5 11 1 3 3 5 0 -2 -14 -9 -12 -11 -21 -15 -21 -22 -25 -24 -29 -33 -38 -32 -34 -28 -40 -29 ]
CSI_DATA,STA,E4:D1:24:F2:5E:80,-86,10,0,0,0,0,0,0,0,0,0,-97,0,9,0,33724012,0,389,0,0,34.1067,128,[-123 81 24 0 20 -6 11 -6 9 -4 -1 1 -7 6 -13 9 -16 9 -22 12 -17 9 -20 13 -23 10 -25 12 -24 13 -20 12 -15 8 -17 2 -13 3 -10 0 -6 4 -2 -5 2 -5 8 -6 8 -4 11 -3 16 -5 0 0 0 0 0 0 0 0 0 0 0 0 0 0 0 0 0 0 0 0 0 0 -7 3 -4 1 -13 0 -13 4 -17 0 -19 0 -18 1 -18 -3 -19 1 -17 2 -19 -4 -16 -5 -15 -5 -10 -3 -5 -4 -3 -3 6 -1 16 -3 12 -5 21 -1 31 -6 28 -8 37 -2 38 -8 41 -11 40 -14 ]
CSI_DATA,STA,E4:D1:24:F2:5E:80,-85,10,0,0,0,0,0,0,0,0,0,-97,0,9,0,33826424,0,389,0,0,34.2092,128,[-123 81 24 0 23 -1 12 3 10 4 1 6 -6 8 -16 7 -22 11 -23 16 -24 12 -18 15 -21 11 -20 19 -18 17 -17 14 -9 16 -10 9 -13 8 -7 4 -4 0 -5 1 -1 -3 6 -4 5 -8 4 -11 9 -12 0 0 0 0 0 0 0 0 0 0 0 0 0 0 0 0 0 0 0 0 0 0 -4 -1 -5 -3 -9 -9 -13 -8 -13 -12 -10 -11 -15 -13 -14 -11 -17 -14 -14 -14 -14 -17 -11 -10 -6 -11 1 -5 2 -3 -3 -4 10 1 7 5 22 6 25 5 29 5 36 8 42 5 43 4 43 -1 41 1 ]
CSI_DATA,STA,E4:D1:24:F2:5E:80,-84,10,0,0,0,0,0,0,0,0,0,-97,0,9,0,33928817,0,389,0,0,34.3115,128,[-123 81 24 0 17 7 17 5 8 10 -1 6 -14 12 -16 6 -16 9 -23 6 -26 13 -22 13 -26 13 -20 11 -21 8 -19 14 -17 7 -11 7 -13 8 -11 4 -7 -3 -3 -7 4 -6 2 -9 8 -9 5 -8 7 -10 0 0 0 0 0 0 0 0 0 0 0 0 0 0 0 0 0 0 0 0 0 0 -3 -3 -7 -3 -4 -10 -3 -13 -4 -15 -5 -19 -4 -15 -10 -19 -8 -17 -6 -18 -4 -16 -9 -10 -5 -18 -6 -14 -3 -9 2 1 5 2 14 6 14 11 20 10 31 14 30 22 32 16 38 16 38 16 40 7 ]
CSI_DATA,STA,E4:D1:24:F2:5E:80,-86,10,0,0,0,0,0,0,0,0,0,-97,0,9,0,34031220,0,389,0,0,34.4139,128,[-123 81 24 0 1 -27 5 -21 0 -11 3 -6 0 4 6 13 7 9 8 9 11 20 11 20 8 26 10 23 7 21 11 19 8 16 3 14 8 11 2 9 1 5 -2 3 -6 -1 -5 -3 -6 -14 -9 -9 -3 -8 0 0 0 0 0 0 0 0 0 0 0 0 0 0 0 0 0 0 0 0 0 0 -2 4 -4 5 -4 5 -7 5 -11 9 -13 4 -12 9 -6 7 -9 9 -14 11 -13 14 -13 8 -9 8 -10 4 -6 2 -2 -1 0 -6 3 -7 4 -19 7 -23 10 -20 7 -27 10 -31 4 -34 5 -36 3 -38 ]
CSI_DATA,STA,E4:D1:24:F2:5E:80,-87,10,0,0,0,0,0,0,0,0,0,-97,0,9,0,34133622,0,389,0,0,34.5163,128,[-123 81 24 0 18 -11 8 -3 3 -2 3 2 -1 8 -6 9 -5 10 -13 15 -13 13 -10 18 -15 25 -11 18 -7 17 -8 17 -6 10 2 11 -4 15 -5 4 -5 10 2 -2 0 -8 1 -5 6 -8 1 -9 7 -13 0 0 0 0 0 0 0 0 0 0 0 0 0 0 0 0 0 0 0 0 0 0 -1 2 -5 1 -10 0 -8 2 -10 3 -11 3 -13 6 -14 3 -18 5 -13 0 -13 1 -13 6 -10 4 -5 -3 0 -2 2 -6 5 -3 12 -8 9 -7 21 -3 20 -10 25 -14 28 -14 29 -15 30 -16 28 -21 ]
CSI_DATA,STA,E4:D1:24:F2:5E:80,-88,10,0,0,0,0,0,0,0,0,0,-97,0,9,0,34440829,0,389,0,0,34.8235,128,[-123 81 24 0 17 9 10 8 6 13 -5 1 -8 2 -11 -2 -19 -1 -16 1 -19 1 -17 1 -22 5 -22 5 -16 7 -14 0 -17 1 -13 3 -10 -1 -4 2 -7 3 -2 0 5 -4 4 -1 7 -7 8 -6 10 2 0 0 0 0 0 0 0 0 0 0 0 0 0 0 0 0 0 0 0 0 0 0 -3 0 0 -7 -2 -9 -1 -10 -1 -12 -2 -13 -2 -12 -1 -17 -2 -15 -1 -14 -4 -10 0 -16 -1 -11 -2 -6 4 -6 0 -5 1 0 4 4 5 10 13 10 13 15 17 18 19 20 24 23 26 24 24 24 ]
CSI_DATA,STA,E4:D1:24:F2:5E:80,-87,10,0,0,0,0,0,0,0,0,0,-97,0,9,0,34543232,0,389,0,0,34.9259,128,[-123 81 24 0 -19 -8 -8 -11 -7 -5 3 -1 8 -4 7 0 15 2 22 -3 20 0 18 2 27 0 22 -2 25 1 19 1 12 -2 15 1 12 5 7 -1 1 3 0 2 -2 5 -6 3 -13 4 -13 4 -13 -2 0 0 0 0 0 0 0 0 0 0 0 0 0 0 0 0 0 0 0 0 0 0 3 -1 4 4 4 6 5 12 6 7 5 7 5 12 5 17 6 17 1 11 3 11 5 11 3 9 4 5 8 4 3 -1 -6 -2 -5 -6 -12 -7 -13 -13 -19 -16 -19 -23 -24 -15 -26 -21 -28 -21 -34 -18 ]
CSI_DATA,STA,E4:D1:24:F2:5E:80,-85,10,0,0,0,0,0,0,0,0,0,-97,0,9,0,34645634,0,389,0,0,35.0283,128,[-123 81 24 0 -19 3 -12 3 -9 -2 4 -2 7 -7 6 -10 9 -17 7 -21 2 -20 7 -23 7 -23 8 -29 2 -22 3 -19 3 -16 1 -15 5 -9 3 -5 4 -3 -2 1 4 3 0 10 2 9 4 8 -4 14 0 0 0 0 0 0 0 0 0 0 0 0 0 0 0 0 0 0 0 0 0 0 -1 -1 6 3 6 6 8 6 8 11 13 10 14 8 15 14 7 12 11 9 14 15 7 8 5 7 5 8 -2 1 2 5 -8 -2 -11 3 -13 -6 -21 6 -30 4 -26 9 -35 5 -33 1 -33 6 -35 8 ]
CSI_DATA,STA,E4:D1:24:F2:5E:80,-85,10,0,0,0,0,0,0,0,0,0,-97,0,9,0,34748036,0,389,0,0,35.1307,128,[-123 81 24 0 4 17 5 13 0 8 -2 2 -8 -3 -11 -7 -22 -11 -20 -12 -21 -13 -24 -14 -27 -10 -26 -7 -25 -7 -26 -6 -15 -4 -17 -5 -14 -3 -8 0 -7 0 2 -2 4 -3 5 -5 9 -2 14 1 14 4 0 0 0 0 0 0 0 0 0 0 0 0 0 0 0 0 0 0 0 0 0 0 -1 -4 2 -6 3 -7 3 -13 8 -13 9 -13 5 -17 10 -17 9 -20 5 -15 10 -15 6 -18 6 -11 6 -8 6 -5 4 5 -1 7 1 11 3 18 4 25 7 32 10 30 9 36 10 42 16 35 14 41 ]
CSI_DATA,STA,E4:D1:24:F2:5E:80,-86,10,0,0,0,0,0,0,0,0,0,-97,0,9,0,34952841,0,389,0,0,35.3356,128,[-123 81 24 0 18 3 4 -2 2 1 -4 3 -15 5 -10 3 -18 3 -22 5 -25 3 -22 8 -23 5 -29 14 -22 8 -18 3 -16 12 -9 -1 -9 3 -10 1 -2 0 -2 0 5 -7 8 -5 10 -7 9 -11 11 -7 0 0 0 0 0 0 0 0 0 0 0 0 0 0 0 0 0 0 0 0 0 0 -3 0 -6 -6 -9 -6 -7 -13 -11 -8 -14 -17 -11 -10 -11 -6 -12 -16 -9 -14 -13 -12 -7 -11 -5 -17 -5 -3 -2 -6 2 0 13 4 9 1 23 11 20 13 27 6 30 9 30 11 36 9 43 1 35 8 ]
CSI_DATA,STA,E4:D1:24:F2:5E:80,-87,10,0,0,0,0,0,0,0,0,0,-97,0,9,0,35055243,0,389,0,0,35.4378,128,[-123 81 24 0 12 10 0 3 1 3 -4 -1 -11 -7 -7 -2 -11 -9 -19 -6 -21 -7 -19 -7 -20 0 -22 -4 -20 -3 -17 -7 -12 -5 -10 0 -4 0 -5 -3 -2 -1 0 -3 4 2 12 0 6 1 11 0 12 2 0 0 0 0 0 0 0 0 0 0 0 0 0 0 0 0 0 0 0 0 0 0 -1 -3 -4 -5 -5 -7 -4 -11 -6 -10 -4 -16 -6 -14 -2 -21 -1 -21 0 -13 -7 -16 0 -9 -5 -9 2 -5 2 -4 4 2 10 7 9 13 8 11 13 16 14 15 18 18 23 18 21 24 19 23 23 16 ]
CSI_DATA,STA,E4:D1:24:F2:5E:80,-85,10,0,0,0,0,0,0,0,0,0,-97,0,9,0,35157646,0,389,0,0,35.5403,128,[-123 81 24 0 -7 17 -9 10 -5 8 -3 -4 -5 -14 3 -13 -3 -18 -1 -26 -4 -24 -2 -32 -3 -28 0 -27 -5 -23 -4 -21 -2 -19 -2 -19 -2 -12 3 -12 1 -3 0 -1 3 3 3 13 3 13 5 11 -1 16 0 0 0 0 0 0 0 0 0 0 0 0 0 0 0 0 0 0 0 0 0 0 -2 -2 -1 -3 5 -6 8 -10 11 -10 11 -13 19 -13 17 -14 17 -15 17 -8 15 -17 14 -9 10 -6 5 -4 6 -6 2 3 -2 9 -11 8 -9 17 -14 20 -20 26 -16 32 -21 44 -20 42 -22 42 -14 43 ]
CSI_DATA,STA,E4:D1:24:F2:5E:80,-83,10,0,0,0,0,0,0,0,0,0,-97,0,9,0,35260048,0,389,0,0,35.6427,128,[-123 81 24 0 23 6 14 4 2 3 -7 2 -13 0 -14 6 -20 5 -33 6 -25 6 -32 2 -29 2 -28 4 -26 0 -21 4 -20 1 -17 -1 -11 4 -8 -1 -4 4 0 -5 5 -3 6 -8 12 -3 18 -6 16 -6 0 0 0 0 0 0 0 0 0 0 0 0 0 0 0 0 0 0 0 0 0 0 -6 -3 -9 -2 -9 -10 -11 -9 -12 -6 -13 -15 -11 -13 -20 -14 -16 -15 -13 -14 -14 -12 -15 -9 -10 -5 -8 -4 1 -4 2 3 6 9 18 7 22 10 28 5 34 18 35 13 42 19 40 16 42 18 42 16 ]
CSI_DATA,STA,E4:D1:24:F2:5E:80,-85,10,0,0,0,0,0,0,0,0,0,-97,0,9,0,35362451,0,389,0,0,35.7451,128,[-123 81 24 0 -30 -7 -21 -4 -19 -9 -8 -9 -4 -18 1 -22 1 -17 5 -23 2 -26 2 -24 -3 -24 -1 -24 -6 -26 -5 -21 -3 -18 0 -12 -5 -13 0 -11 2 -10 4 -5 7 -3 14 1 14 -1 15 6 14 7 0 0 0 0 0 0 0 0 0 0 0 0 0 0 0 0 0 0 0 0 0 0 -2 3 0 6 -6 5 -8 5 -10 12 -9 12 -12 10 -13 12 -11 15 -9 13 -12 17 -5 12 -9 12 -7 10 -11 8 -7 3 -7 -2 -15 -8 -15 -9 -22 -16 -22 -15 -31 -21 -32 -17 -40 -16 -43 -11 -45 -12 ]
CSI_DATA,STA,E4:D1:24:F2:5E:80,-86,10,0,0,0,0,0,0,0,0,0,-97,0,9,0,35464853,0,389,0,0,35.8475,128,[-123 81 24 0 -8 -19 1 -15 2 -5 -2 -4 7 2 12 5 12 9 10 13 12 12 18 18 12 13 14 14 11 9 17 12 11 8 11 9 8 12 5 2 1 0 2 6 -6 -1 -6 -1 -1 -1 -6 -6 -8 -10 0 0 0 0 0 0 0 0 0 0 0 0 0 0 0 0 0 0 0 0 0 0 2 3 -1 8 -3 10 3 9 -6 9 -5 7 -9 14 -10 16 -11 14 -14 11 -13 12 -11 7 -5 4 -8 5 -7 -1 -3 0 1 -7 2 -8 5 -15 -1 -26 -3 -29 1 -33 -4 -34 2 -35 5 -36 -6 -33 ]
CSI_DATA,STA,E4:D1:24:F2:5E:80,-88,10,0,0,0,0,0,0,0,0,0,-97,0,9,0,35567255,0,389,0,0,35.95,128,[-123 81 24 0 -2 -18 -2 -7 3 -6 3 -2 -2 5 1 6 1 14 -1 15 0 16 2 19 0 19 1 20 0 11 -1 17 -1 13 -3 9 -3 6 -7 3 -7 1 -2 2 -2 -4 -4 -4 4 -7 -2 -10 -2 -9 0 0 0 0 0 0 0 0 0 0 0 0 0 0 0 0 0 0 0 0 0 0 2 2 -4 2 0 3 -5 6 -5 10 -3 10 -6 7 -6 10 -5 7 -5 2 -5 5 -4 8 -7 8 -3 0 -5 -4 0 0 5 -4 1 -11 5 -11 9 -16 5 -17 12 -20 5 -21 6 -24 7 -28 6 -26 ]
CSI_DATA,STA,E4:D1:24:F2:5E:80,-88,10,0,0,0,0,0,0,0,0,0,-97,0,9,0,37615303,0,389,0,0,37.9981,128,[-123 81 24 0 14 -16 9 -16 8 -8 -3 -6 0 -1 -6 5 -11 5 -6 7 -10 8 -17 8 -13 9 -14 10 -15 8 -18 9 -11 3 -14 2 -9 -1 -11 -2 -4 -1 -6 -1 4 -4 5 -5 11 -1 6 0 14 4 0 0 0 0 0 0 0 0 0 0 0 0 0 0 0 0 0 0 0 0 0 0 1 0 -1 5 0 3 1 2 0 7 5 9 4 4 1 8 4 7 -3 10 3 8 -3 8 0 5 2 6 0 6 3 1 3 0 4 -7 0 -7 5 -9 9 -15 4 -18 6 -24 11 -22 9 -23 9 -29 ]
CSI_DATA,STA,E4:D1:24:F2:5E:80,-86,10,0,0,0,0,0,0,0,0,0,-97,0,9,0,37717705,0,389,0,0,38.1004,128,[-123 81 24 0 -24 11 -19 8 -7 1 -6 -2 4 -7 7 -9 8 -10 15 -20 12 -16 12 -22 11 -21 9 -17 7 -20 13 -20 13 -13 8 -10 8 -9 5 -7 4 -1 3 0 0 1 1 6 -3 9 -6 12 -5 10 0 0 0 0 0 0 0 0 0 0 0 0 0 0 0 0 0 0 0 0 0 0 3 -2 3 3 7 0 6 2 7 5 5 4 10 5 15 3 15 3 11 4 16 5 14 0 8 2 3 -5 0 2 0 -1 -7 -3 -6 5 -14 -2 -24 2 -24 6 -27 7 -30 11 -32 11 -33 14 -36 14 ]
CSI_DATA,STA,E4:D1:24:F2:5E:80,-85,10,0,0,0,0,0,0,0,0,0,-97,0,9,0,37820108,0,389,0,0,38.2029,128,[-123 81 24 0 4 -23 3 -14 3 -10 -1 -2 4 2 -1 9 -4 11 -5 19 -8 26 -6 23 -5 27 -2 25 -13 21 -4 19 -8 19 -2 18 -6 14 -3 5 -6 6 -4 -7 0 -5 -1 -7 -4 -9 0 -9 5 -15 0 0 0 0 0 0 0 0 0 0 0 0 0 0 0 0 0 0 0 0 0 0 -5 5 -1 4 -6 6 -5 4 -5 10 -12 14 -9 14 -4 16 -2 10 -8 15 -2 10 -6 12 -7 15 -3 7 1 6 2 -1 1 -7 7 -5 4 -15 11 -19 8 -26 14 -27 12 -33 13 -31 12 -39 15 -36 ]
CSI_DATA,STA,E4:D1:24:F2:5E:80,-85,10,0,0,0,0,0,0,0,0,0,-97,0,9,0,37922510,0,389,0,0,38.3051,128,[-123 81 24 0 -11 29 -10 23 -3 10 -2 3 -2 -6 -1 -12 4 -15 4 -25 0 -28 2 -27 1 -25 3 -24 4 -24 5 -24 0 -23 5 -22 3 -14 1 -9 6 -6 3 -5 2 2 1 13 -1 9 -3 10 -4 15 0 0 0 0 0 0 0 0 0 0 0 0 0 0 0 0 0 0 0 0 0 0 2 -4 0 -2 4 -8 4 -11 8 -14 7 -15 9 -20 9 -20 9 -15 8 -17 7 -18 8 -13 4 -13 3 -13 -1 -11 -3 -3 -2 6 -7 11 -4 14 -10 21 -10 30 -13 27 -20 40 -20 39 -12 44 -16 48 ]
CSI_DATA,STA,E4:D1:24:F2:5E:80,-86,10,0,0,0,0,0,0,0,0,0,-97,0,9,0,38024913,0,389,0,0,38.4075,128,[-123 81 24 0 -5 16 -1 21 -1 4 0 4 -3 -8 -3 -16 -4 -16 -7 -18 -8 -22 -6 -23 -8 -28 -6 -26 -8 -30 -3 -19 -3 -19 0 -13 -5 -16 1 -10 -3 -4 -1 -1 2 4 5 3 8 7 4 8 0 10 0 0 0 0 0 0 0 0 0 0 0 0 0 0 0 0 0 0 0 0 0 0 -3 -4 1 -3 1 -5 4 -11 7 -11 9 -13 8 -14 16 -10 13 -16 14 -13 7 -12 4 -18 9 -12 3 -1 -1 -6 -4 1 0 3 -7 12 -5 13 -8 20 -10 24 -15 27 -11 31 -17 35 -11 35 -10 40 ]
CSI_DATA,STA,E4:D1:24:F2:5E:80,-84,10,0,0,0,0,0,0,0,0,0,-97,0,9,0,38127315,0,389,0,0,38.51,128,[-123 81 24 0 -20 17 -15 13 -9 7 -13 2 -5 -4 -8 -9 -3 -18 -7 -25 -5 -25 -9 -25 -7 -29 -9 -34 -9 -26 -10 -23 -7 -22 -6 -23 -6 -11 -2 -9 1 -3 5 -2 6 -4 7 3 9 4 9 8 13 8 0 0 0 0 0 0 0 0 0 0 0 0 0 0 0 0 0 0 0 0 0 0 2 1 2 2 7 6 3 7 14 12 14 9 14 13 15 12 17 9 16 8 14 10 19 6 11 6 11 1 8 10 5 0 -6 6 -11 4 -15 6 -19 6 -32 12 -37 17 -37 20 -38 24 -38 24 -36 22 ]
CSI_DATA,STA,E4:D1:24:F2:5E:80,-84,10,0,0,0,0,0,0,0,0,0,-97,0,9,0,38229717,0,389,0,0,38.6124,128,[-123 81 24 0 -20 21 -23 15 -18 9 -8 0 -4 -4 6 -11 0 -17 8 -18 7 -20 -3 -19 3 -29 4 -26 4 -25 4 -27 6 -19 3 -23 0 -14 4 -8 5 -5 9 -2 8 -1 4 4 3 6 -1 10 4 13 0 0 0 0 0 0 0 0 0 0 0 0 0 0 0 0 0 0 0 0 0 0 3 4 3 1 5 -2 12 -1 11 1 17 0 15 1 21 0 16 0 18 -5 18 -4 20 -3 16 -2 12 0 10 -2 5 -6 0 -6 -12 6 -19 9 -16 12 -20 13 -28 17 -33 21 -31 23 -34 28 -37 28 ]
CSI_DATA,STA,E4:D1:24:F2:5E:80,-85,10,0,0,0,0,0,0,0,0,0,-97,0,9,0,38332120,0,389,0,0,38.7148,128,[-123 81 24 0 33 14 25 12 13 9 3 12 3 1 -12 6 -13 4 -16 -1 -22 0 -24 9 -31 5 -30 3 -30 6 -24 11 -20 8 -18 -1 -17 4 -15 2 -11 0 -5 -1 -1 -9 3 -8 5 -9 8 -7 8 -10 0 0 0 0 0 0 0 0 0 0 0 0 0 0 0 0 0 0 0 0 0 0 -3 -1 1 -2 -2 -6 -3 -11 -7 -14 -5 -13 -2 -16 -10 -18 -6 -16 -3 -19 -9 -18 -3 -15 -2 -16 -6 -14 -3 -9 -1 -4 -2 -5 3 4 11 4 15 10 23 17 24 20 32 24 38 24 37 20 45 25 ]
CSI_DATA,STA,E4:D1:24:F2:5E:80,-86,10,0,0,0,0,0,0,0,0,0,-97,0,9,0,38434522,0,389,0,0,38.8172,128,[-123 81 24 0 -19 -23 -13 -19 -9 -14 -4 -12 7 -6 11 -8 17 -2 18 -5 22 -4 20 -9 28 -9 22 -9 19 -8 22 -12 28 -5 18 -4 17 -8 5 0 4 -1 4 4 7 11 -1 8 -1 14 -4 14 -9 13 0 0 0 0 0 0 0 0 0 0 0 0 0 0 0 0 0 0 0 0 0 0 0 1 1 3 -9 4 -9 5 -12 6 -9 11 -13 11 -15 11 -15 14 -10 15 -12 12 -13 13 -12 8 -10 13 -10 5 -5 5 -4 -2 -6 -5 -3 -12 -5 -20 -10 -29 -12 -33 -14 -30 -18 -39 -21 -37 -26 -32 ]
CSI_DATA,STA,E4:D1:24:F2:5E:80,-85,10,0,0,0,0,0,0,0,0,0,-97,0,9,0,38536925,0,389,0,0,38.9196,128,[-123 81 24 0 24 20 19 17 7 10 7 7 -5 8 -16 0 -17 0 -22 2 -25 5 -30 8 -31 9 -22 6 -27 7 -29 7 -27 6 -21 6 -11 -1 -10 0 -4 2 -2 -7 2 -6 0 -11 7 -11 9 -8 15 -7 0 0 0 0 0 0 0 0 0 0 0 0 0 0 0 0 0 0 0 0 0 0 0 2 1 -9 1 -10 2 -12 4 -12 3 -18 2 -20 2 -22 4 -23 0 -18 1 -19 2 -27 0 -15 -2 -12 2 -14 4 -3 5 2 6 6 11 15 14 17 19 24 21 32 28 30 34 32 34 29 37 30 ]
CSI_DATA,STA,E4:D1:24:F2:5E:80,-85,10,0,0,0,0,0,0,0,0,0,-97,0,9,0,38639327,0,389,0,0,39.0219,128,[-123 81 24 0 25 -14 20 -9 10 -3 6 3 4 3 -2 13 -1 15 -4 22 -5 24 -3 21 -6 25 -2 25 -1 26 2 21 1 21 3 21 0 16 -3 15 -2 6 -4 2 -7 7 -6 -4 -11 -10 -4 -10 -9 -14 0 0 0 0 0 0 0 0 0 0 0 0 0 0 0 0 0 0 0 0 0 0 1 0 -5 -5 -6 -5 -7 -12 -10 -9 -9 -18 -10 -16 -12 -18 -12 -17 -10 -13 -12 -14 -11 -12 -13 -7 -8 -10 -7 -8 -1 -8 7 -4 12 1 17 -4 22 0 28 -2 31 -9 39 -6 42 -13 42 -13 43 -16 ]
CSI_DATA,STA,E4:D1:24:F2:5E:80,-84,10,0,0,0,0,0,0,0,0,0,-97,0,9,0,38741729,0,389,0,0,39.1243,128,[-123 81 24 0 -31 0 -20 0 -13 -5 -3 -11 5 -9 14 -10 12 -10 15 -16 16 -22 16 -23 18 -25 14 -24 15 -23 15 -15 20 -19 9 -12 9 -11 11 -2 9 -7 -1 1 4 6 2 8 -5 14 -3 14 -4 18 0 0 0 0 0 0 0 0 0 0 0 0 0 0 0 0 0 0 0 0 0 0 0 0 4 5 3 6 4 12 3 11 9 12 8 15 10 20 8 20 3 18 5 21 3 16 5 12 -2 10 -3 7 1 4 -7 -7 -10 -8 -17 -8 -22 -7 -29 -7 -37 -11 -34 -14 -39 -13 -43 -11 -38 -4 ]
CSI_DATA,STA,E4:D1:24:F2:5E:80,-86,10,0,0,0,0,0,0,0,0,0,-97,0,9,0,38844132,0,389,0,0,39.2269,128,[-123 81 24 0 22 0 16 4 7 2 -3 2 -4 8 -11 4 -8 12 -20 17 -18 17 -16 22 -13 17 -20 20 -20 17 -11 13 -17 8 -8 10 -9 10 -8 7 -1 2 -3 -7 -4 -7 0 -8 -1 -6 3 -13 4 -12 0 0 0 0 0 0 0 0 0 0 0 0 0 0 0 0 0 0 0 0 0 0 0 -4 -6 -10 -5 -10 -3 -12 -7 -15 -8 -12 -6 -15 -5 -18 -9 -17 -7 -16 -9 -13 -10 -18 -6 -17 -10 -11 -2 -7 3 -1 3 0 9 5 14 3 20 6 30 9 30 7 35 7 36 11 37 7 34 2 ]
CSI_DATA,STA,E4:D1:24:F2:5E:80,-85,10,0,0,0,0,0,0,0,0,0,-97,0,9,0,38845279,0,201,0,0,39.2583,128,[-55 -112 12 0 -17 30 -8 11 1 3 -6 5 -5 -8 -6 -7 -7 -20 -8 -25 -11 -16 -15 -24 -7 -24 -13 -22 -7 -24 -8 -14 -8 -16 -6 -13 -1 -11 -5 -8 -7 -4 7 -7 7 0 4 1 10 5 12 0 7 8 0 0 0 0 0 0 0 0 0 0 0 0 0 0 0 0 0 0 0 0 0 0 2 -3 1 -1 8 2 10 8 13 5 15 8 16 1 25 9 23 15 16 5 10 7 20 3 12 -4 9 1 6 0 -1 9 -3 -1 -11 5 -12 17 -26 17 -26 11 -29 27 -27 23 -36 30 -23 38 -24 30 ]
CSI_DATA,STA,E4:D1:24:F2:5E:80,-84,10,0,0,0,0,0,0,0,0,0,-97,0,9,0,38946534,0,389,0,0,39.3292,128,[-123 81 24 0 -27 -6 -26 -8 -14 -8 -7 -7 -4 -8 9 -14 15 -17 14 -14 18 -23 16 -25 14 -22 11 -25 13 -23 7 -18 9 -23 10 -17 9 -13 10 -13 5 -8 11 0 7 3 11 6 7 7 3 12 5 13 0 0 0 0 0 0 0 0 0 0 0 0 0 0 0 0 0 0 0 0 0 0 0 1 -2 6 -3 10 -4 12 -5 10 -7 18 -4 19 -9 21 -6 15 -8 20 -1 21 -9 17 -5 15 0 11 -4 5 -3 3 -8 0 -13 -1 -16 -13 -19 -21 -27 -27 -27 -21 -33 -22 -42 -23 -44 -21 -45 -19 ]
CSI_DATA,STA,E4:D1:24:F2:5E:80,-84,10,0,0,0,0,0,0,0,0,0,-97,0,9,0,39048937,0,389,0,0,39.4316,128,[-123 81 24 0 32 -11 22 -2 15 4 9 7 3 8 1 12 -1 18 2 21 -1 26 2 25 -5 24 0 24 8 25 1 20 4 15 -2 18 -2 15 0 7 -6 10 -5 0 -3 3 -9 2 -9 -3 -14 -6 -14 -8 0 0 0 0 0 0 0 0 0 0 0 0 0 0 0 0 0 0 0 0 0 0 -2 -1 -1 -6 3 -11 2 -13 4 -14 3 -16 6 -18 4 -23 4 -23 2 -29 -2 -24 2 -20 -5 -14 0 -11 4 -11 1 -5 3 -4 12 -5 19 12 18 9 25 2 32 3 38 9 48 5 46 6 48 -2 ]
CSI_DATA,STA,E4:D1:24:F2:5E:80,-86,10,0,0,0,0,0,0,0,0,0,-97,0,9,0,39151339,0,389,0,0,39.534,128,[-123 81 24 0 -12 -31 -11 -19 -6 -18 2 -15 4 -6 10 -4 11 -2 19 -1 19 4 23 1 22 2 20 9 24 -2 21 1 21 10 17 1 8 3 5 6 -2 7 -2 6 -5 7 -3 7 -7 5 -11 7 -10 5 0 0 0 0 0 0 0 0 0 0 0 0 0 0 0 0 0 0 0 0 0 0 0 3 -1 5 -3 7 -8 9 -11 11 -15 12 -12 13 -10 16 -12 13 -15 16 -12 14 -6 18 -12 10 -10 11 -4 9 -4 3 -6 -5 -5 -3 -5 -15 1 -19 -4 -24 -6 -30 -9 -34 -12 -38 -10 -40 -18 -47 ]
CSI_DATA,STA,E4:D1:24:F2:5E:80,-84,10,0,0,0,0,0,0,0,0,0,-97,0,9,0,39253741,0,389,0,0,39.6364,128,[-123 81 24 0 -31 -11 -28 -6 -12 -14 -6 -11 -6 -12 4 -14 8 -22 11 -16 14 -24 6 -21 9 -29 6 -26 6 -23 8 -24 7 -19 1 -21 6 -18 7 -7 5 -9 9 -2 9 -2 6 0 11 7 9 6 13 8 0 0 0 0 0 0 0 0 0 0 0 0 0 0 0 0 0 0 0 0 0 0 -1 0 -3 3 -6 3 -16 7 -15 7 -16 7 -18 9 -14 16 -18 18 -18 13 -16 15 -14 14 -8 12 -9 9 -5 5 -7 -3 -7 -5 -11 -6 -8 -17 -8 -21 -14 -21 -27 -27 -27 -25 -41 -25 -41 -23 -39 -27 ]
CSI_DATA,STA,E4:D1:24:F2:5E:80,-85,10,0,0,0,0,0,0,0,0,0,-97,0,9,0,39356144,0,389,0,0,39.7387,128,[-123 81 24 0 -30 -5 -29 -5 -12 -3 -9 -9 -1 -14 5 -14 6 -16 6 -19 4 -22 5 -23 7 -24 5 -26 3 -31 5 -26 4 -21 -1 -16 5 -17 3 -13 4 -6 7 -5 8 -1 12 -1 10 0 11 12 13 8 0 0 0 0 0 0 0 0 0 0 0 0 0 0 0 0 0 0 0 0 0 0 -2 4 -4 2 -3 6 -10 4 -10 12 -11 13 -14 16 -9 19 -13 15 -11 16 -9 18 -6 10 -10 17 -10 8 -9 7 -9 7 -7 -1 -9 -8 -10 -9 -26 -13 -21 -15 -29 -25 -38 -25 -37 -13 -44 -9 -40 -12 ]
CSI_DATA,STA,E4:D1:24:F2:5E:80,-86,10,0,0,0,0,0,0,0,0,0,-97,0,9,0,39458549,0,389,0,0,39.8411,128,[-123 81 24 0 3 28 0 22 -5 15 -3 9 -13 0 -13 -4 -18 -1 -23 -3 -25 -8 -29 -1 -27 -9 -27 -1 -17 0 -24 -1 -23 -2 -21 -4 -13 1 -9 1 -6 -5 -7 -7 -4 -9 4 -7 7 -8 9 -8 12 -7 0 0 0 0 0 0 0 0 0 0 0 0 0 0 0 0 0 0 0 0 0 0 1 -2 3 0 5 1 8 -2 11 1 12 -5 16 -5 18 -1 17 -9 19 -11 17 -9 21 -6 16 -3 9 -10 12 -3 4 -3 4 5 -3 3 -2 12 -4 25 -4 24 -11 30 -2 36 -7 40 4 51 2 47 ]
CSI_DATA,STA,E4:D1:24:F2:5E:80,-85,10,0,0,0,0,0,0,0,0,0,-97,0,9,0,39560951,0,389,0,0,39.9437,128,[-123 81 24 0 -31 -15 -16 -11 -11 -9 -8 -7 1 -7 6 -6 11 -11 15 -12 14 -17 16 -13 20 -17 23 -22 18 -18 15 -13 8 -17 8 -14 8 -9 8 -1 9 -2 3 2 0 7 1 3 0 5 -4 11 -2 12 0 0 0 0 0 0 0 0 0 0 0 0 0 0 0 0 0 0 0 0 0 0 -2 0 0 2 -2 8 2 6 -6 12 -1 19 -4 18 -3 18 -6 20 -8 19 -7 17 0 17 -3 14 -2 12 -3 9 -3 3 -10 -4 -12 -1 -13 -13 -14 -13 -23 -22 -27 -21 -31 -22 -37 -24 -28 -28 -40 -19 ]
CSI_DATA,STA,E4:D1:24:F2:5E:80,-85,10,0,0,0,0,0,0,0,0,0,-97,0,9,0,39663354,0,389,0,0,40.046,128,[-123 81 24 0 10 19 2 18 0 13 0 3 -5 5 -16 -3 -18 -2 -21 -1 -28 -1 -29 1 -24 1 -28 -3 -28 3 -25 1 -20 2 -21 -3 -11 1 -11 -3 -7 -4 -1 -4 -3 -4 6 -4 5 -12 10 -9 12 -5 0 0 0 0 0 0 0 0 0 0 0 0 0 0 0 0 0 0 0 0 0 0 0 -2 2 -7 1 -4 10 -8 9 -12 8 -7 8 -15 11 -14 16 -12 9 -18 11 -14 5 -15 14 -14 9 -15 3 -7 -2 -3 1 2 0 11 4 15 8 25 -1 22 10 30 11 29 14 33 16 38 18 35 ]
CSI_DATA,STA,E4:D1:24:F2:5E:80,-86,10,0,0,0,0,0,0,0,0,0,-97,0,9,0,39765756,0,389,0,0,40.1484,128,[-123 81 24 0 -25 3 -21 5 -14 1 1 -5 -2 -9 -1 -12 6 -12 5 -14 16 -19 8 -22 9 -24 20 -20 12 -25 12 -15 10 -19 9 -14 9 -11 10 -10 3 -1 6 -2 2 2 4 7 1 7 -2 8 -3 12 0 0 0 0 0 0 0 0 0 0 0 0 0 0 0 0 0 0 0 0 0 0 2 -1 4 0 0 5 6 7 8 15 7 12 9 13 12 15 6 12 9 9 10 9 3 16 10 11 7 5 -1 2 0 4 -1 0 -14 -3 -14 -6 -20 -4 -24 -2 -33 -8 -32 -2 -35 -4 -40 -1 -35 2 ]
CSI_DATA,STA,E4:D1:24:F2:5E:80,-85,10,0,0,0,0,0,0,0,0,0,-97,0,9,0,39868159,0,389,0,0,40.2509,128,[-123 81 24 0 14 -26 10 -12 9 -3 3 -5 7 9 4 11 3 19 4 21 7 21 5 24 2 25 7 25 5 19 7 17 5 20 3 14 1 9 -3 7 -5 2 -4 2 -4 -2 -4 -5 -10 -11 -7 -11 -8 -12 0 0 0 0 0 0 0 0 0 0 0 0 0 0 0 0 0 0 0 0 0 0 -2 -1 -4 -1 -6 2 -10 3 -13 0 -13 -1 -21 2 -20 -2 -23 0 -23 1 -19 -6 -17 -1 -20 2 -12 0 -10 -8 -4 -5 1 0 6 -10 10 -9 15 -17 19 -20 24 -18 22 -27 29 -30 29 -34 23 -33 ]
CSI_DATA,STA,E4:D1:24:F2:5E:80,-85,10,0,0,0,0,0,0,0,0,0,-97,0,9,0,39970561,0,389,0,0,40.3533,128,[-123 81 24 0 27 -16 17 -9 18 -2 7 -1 2 4 -1 11 3 14 1 20 1 26 2 21 4 27 6 30 1 23 4 19 -1 22 -1 14 -2 11 0 10 0 9 -4 4 -7 3 -7 -2 -12 -4 -12 -11 -6 -11 0 0 0 0 0 0 0 0 0 0 0 0 0 0 0 0 0 0 0 0 0 0 0 1 -2 -4 -5 -4 -9 -5 -6 -7 -13 -11 -12 -18 -14 -12 -15 -9 -23 -1 -14 -12 -17 -14 -13 -8 -14 -7 -16 -7 -6 2 4 -1 3 -1 14 -6 15 -4 24 -8 33 -8 30 -13 34 -17 39 -21 39 -24 ]
CSI_DATA,STA,E4:D1:24:F2:5E:80,-85,10,0,0,0,0,0,0,0,0,0,-97,0,9,0,40175366,0,389,0,0,40.5581,128,[-123 81 24 0 19 -25 15 -22 5 -9 4 -2 8 0 3 9 10 14 12 14 11 22 13 20 8 19 18 19 16 18 12 17 15 15 13 13 8 8 5 10 5 8 -2 6 1 6 -7 3 -8 -1 -15 -1 -12 -5 0 0 0 0 0 0 0 0 0 0 0 0 0 0 0 0 0 0 0 0 0 0 2 1 0 -3 -4 -3 -6 -5 -11 -10 -12 -7 -13 -9 -19 -10 -18 -7 -16 -7 -18 -11 -16 -8 -15 -8 -12 -7 -8 -4 1 -1 4 -10 8 -6 14 -10 14 -11 22 -14 26 -21 26 -25 23 -33 23 -26 28 -32 ]
CSI_DATA,STA,E4:D1:24:F2:5E:80,-84,10,0,0,0,0,0,0,0,0,0,-97,0,9,0,40277768,0,389,0,0,40.6605,128,[-123 81 24 0 27 3 18 0 22 10 6 2 -3 9 0 9 -9 2 -9 18 -15 21 -20 11 -18 18 -18 19 -13 21 -7 21 -9 17 -14 13 -11 16 -2 0 -4 3 -6 -2 -9 4 -6 -10 -8 -12 4 -12 3 -10 0 0 0 0 0 0 0 0 0 0 0 0 0 0 0 0 0 0 0 0 0 0 -1 0 -1 -2 -1 -9 1 -10 0 -12 -2 -17 -2 -18 -2 -17 5 -26 0 -23 -2 -16 -4 -16 -4 -17 0 -17 -2 -7 -1 -11 2 -3 3 3 5 11 22 7 23 13 22 11 30 18 34 22 37 11 47 12 ]
CSI_DATA,STA,E4:D1:24:F2:5E:80,-85,10,0,0,0,0,0,0,0,0,0,-97,0,9,0,40380170,0,389,0,0,40.7629,128,[-123 81 24 0 5 29 4 24 1 14 -8 4 -7 -2 -5 -8 -14 -9 -13 -13 -17 -15 -19 -20 -19 -20 -15 -20 -21 -17 -14 -18 -14 -22 -12 -14 -7 -16 -2 -12 -1 -4 0 -9 3 -2 7 0 8 4 6 8 15 10 0 0 0 0 0 0 0 0 0 0 0 0 0 0 0 0 0 0 0 0 0 0 -1 -3 1 -2 2 -8 3 -6 3 -13 6 -11 4 -14 8 -15 11 -20 13 -16 5 -18 11 -13 6 -13 4 -14 2 -6 -2 -9 7 1 -4 8 -5 10 1 15 4 23 1 28 4 36 3 38 7 45 14 49 ]
CSI_DATA,STA,E4:D1:24:F2:5E:80,-85,10,0,0,0,0,0,0,0,0,0,-97,0,9,0,40482573,0,389,0,0,40.8653,128,[-123 81 24 0 21 -9 23 -9 17 -4 5 3 -2 6 3 6 -5 13 -12 20 -8 20 -6 23 -9 21 -10 20 -12 20 -9 19 -6 18 -8 17 -7 14 -6 8 -4 3 -7 -1 -5 -2 -4 -6 -2 -11 -4 -11 -2 -13 0 0 0 0 0 0 0 0 0 0 0 0 0 0 0 0 0 0 0 0 0 0 -1 0 -1 -3 -3 -4 -5 -10 -8 -8 -9 -12 -9 -12 -13 -14 -12 -14 -17 -11 -13 -15 -14 -11 -8 -12 -7 -7 -6 -4 -5 -2 1 0 9 -2 10 -2 14 6 20 -4 24 -3 33 -2 34 -4 39 -6 36 -10 ]
CSI_DATA,STA,E4:D1:24:F2:5E:80,-86,10,0,0,0,0,0,0,0,0,0,-97,0,9,0,40584975,0,389,0,0,40.9677,128,[-123 81 24 0 -16 22 -17 17 -12 4 -9 0 -2 -2 -3 -10 -8 -18 4 -17 -9 -19 -4 -20 -7 -15 -8 -27 -6 -23 -11 -18 -14 -12 -6 -12 -4 -12 -7 -9 0 -4 3 -3 2 0 8 4 10 3 10 5 7 8 0 0 0 0 0 0 0 0 0 0 0 0 0 0 0 0 0 0 0 0 0 0 -1 -2 4 -2 8 2 6 3 7 4 14 5 12 -1 12 5 16 3 17 5 15 3 16 1 11 3 8 2 8 2 3 0 -1 2 -8 2 -13 7 -16 9 -16 16 -24 17 -22 14 -22 13 -27 29 -24 26 ]
CSI_DATA,STA,E4:D1:24:F2:5E:80,-86,10,0,0,0,0,0,0,0,0,0,-97,0,9,0,40789780,0,389,0,0,41.1725,128,[-123 81 24 0 25 -10 19 -5 12 -7 4 -4 2 5 -2 13 -2 12 -11 10 -11 16 -14 25 -8 20 -8 23 -12 22 -10 14 -15 15 -8 15 -9 4 -5 6 -3 4 -4 -2 -4 -5 -6 -8 -1 -10 0 -13 1 -13 0 0 0 0 0 0 0 0 0 0 0 0 0 0 0 0 0 0 0 0 0 0 2 -2 -3 -2 -6 -5 -9 -5 -9 -13 -10 -9 -14 -11 -19 -9 -12 -14 -17 -9 -18 -8 -14 -8 -10 -5 -10 -2 -7 -3 1 -6 -3 -1 6 -6 9 -1 19 1 19 -8 30 0 32 -3 38 -10 40 -6 37 -14 ]
CSI_DATA,STA,E4:D1:24:F2:5E:80,-84,10,0,0,0,0,0,0,0,0,0,-97,0,9,0,41096987,0,389,0,0,41.4797,128,[-123 81 24 0 16 15 10 11 11 11 1 9 -3 4 -8 1 -13 6 -21 5 -16 5 -23 8 -25 7 -19 7 -23 9 -22 6 -18 6 -16 7 -13 0 -11 5 -8 3 -6 -1 -1 -5 3 -8 3 -8 1 -9 7 -11 0 0 0 0 0 0 0 0 0 0 0 0 0 0 0 0 0 0 0 0 0 0 -1 -2 -1 -6 6 -7 5 -10 5 -12 7 -17 11 -15 11 -21 10 -16 8 -17 7 -19 2 -16 5 -16 7 -13 6 -7 2 1 1 3 5 6 3 9 13 16 8 22 11 30 20 24 15 30 23 32 29 33 ]
CSI_DATA,STA,E4:D1:24:F2:5E:80,-85,10,0,0,0,0,0,0,0,0,0,-97,0,9,0,41199390,0,389,0,0,41.5821,128,[-123 81 24 0 -12 25 -9 18 -7 13 -6 1 -8 -5 -4 -7 -12 -11 -12 -18 -15 -15 -19 -23 -23 -18 -19 -18 -17 -20 -15 -16 -19 -17 -15 -11 -10 -11 -8 -5 -6 -5 -2 -7 4 -6 7 -2 12 -1 11 -2 12 -2 0 0 0 0 0 0 0 0 0 0 0 0 0 0 0 0 0 0 0 0 0 0 -2 0 3 5 6 4 7 5 11 5 10 4 15 9 16 9 17 9 17 10 17 4 14 2 10 3 10 3 10 3 0 3 -2 -2 -4 6 -8 8 -15 13 -18 18 -25 15 -27 30 -29 31 -19 32 -28 31 ]
CSI_DATA,STA,E4:D1:24:F2:5E:80,-86,10,0,0,0,0,0,0,0,0,0,-97,0,9,0,41301792,0,389,0,0,41.6845,128,[-123 81 24 0 -6 26 -9 15 -7 7 -11 2 -10 -4 -5 -6 -13 -11 -12 -20 -16 -20 -12 -15 -19 -19 -18 -18 -16 -17 -16 -14 -12 -13 -15 -12 -6 -11 -8 -7 -1 -13 -3 -5 1 -6 6 0 8 0 10 1 12 1 0 0 0 0 0 0 0 0 0 0 0 0 0 0 0 0 0 0 0 0 0 0 -1 -1 2 2 6 -1 11 -1 10 -1 13 -4 18 -4 18 -5 15 -1 19 -4 10 -2 15 -4 13 -5 16 1 2 -2 2 1 -3 0 -4 4 -8 13 -11 15 -14 23 -15 27 -16 32 -16 31 -16 35 -8 41 ]
CSI_DATA,STA,E4:D1:24:F2:5E:80,-86,10,0,0,0,0,0,0,0,0,0,-97,0,9,0,41404194,0,389,0,0,41.7869,128,[-123 81 24 0 -11 -20 -6 -22 4 -9 -1 -7 5 -7 11 3 17 5 16 2 17 9 22 10 22 10 25 5 19 8 16 6 19 7 16 6 6 8 5 3 5 0 1 -1 -3 -1 -8 2 -9 3 -9 2 -18 -2 0 0 0 0 0 0 0 0 0 0 0 0 0 0 0 0 0 0 0 0 0 0 2 -2 -3 4 -3 3 -5 9 -12 7 -11 9 -10 13 -13 13 -11 15 -9 14 -12 10 -10 17 -3 11 -4 13 -4 4 -1 0 5 -2 -4 -7 0 -15 0 -19 -3 -21 -2 -32 0 -34 -8 -33 -10 -38 -12 -36 ]
CSI_DATA,STA,E4:D1:24:F2:5E:80,-86,10,0,0,0,0,0,0,0,0,0,-97,0,9,0,41608999,0,389,0,0,41.9917,128,[-123 81 24 0 23 6 18 7 8 6 0 5 -4 2 -7 3 -13 0 -13 -7 -20 4 -28 1 -23 3 -23 0 -23 -1 -23 -3 -17 3 -20 -4 -14 -4 -6 -3 -1 -4 -1 -2 0 -2 6 -2 9 -7 11 -3 12 -3 0 0 0 0 0 0 0 0 0 0 0 0 0 0 0 0 0 0 0 0 0 0 -2 -4 -5 -7 -4 -6 -2 -9 -1 -11 -4 -12 -6 -14 0 -16 -10 -13 -3 -15 -10 -15 -8 -13 -8 -12 -1 -10 0 -6 0 0 2 -3 4 3 4 6 12 13 18 13 18 16 22 17 25 24 30 16 28 18 ]
CSI_DATA,STA,E4:D1:24:F2:5E:80,-86,10,0,0,0,0,0,0,0,0,0,-97,0,9,0,41711401,0,389,0,0,42.094,128,[-123 81 24 0 5 27 2 18 -2 12 3 8 -2 1 -11 -12 -15 -13 -13 -12 -16 -12 -18 -13 -16 -17 -12 -15 -14 -20 -13 -12 -15 -13 -9 -16 -5 -14 -7 -10 -5 -9 0 -6 2 0 9 0 9 7 11 7 12 7 0 0 0 0 0 0 0 0 0 0 0 0 0 0 0 0 0 0 0 0 0 0 0 -4 2 -5 0 -4 1 -10 4 -9 6 -17 6 -15 4 -17 0 -16 1 -14 4 -16 8 -15 2 -14 3 -11 -1 -3 2 -3 3 0 -1 4 1 14 -3 14 0 17 -3 29 0 32 6 32 6 37 7 37 ]
CSI_DATA,STA,E4:D1:24:F2:5E:80,-85,10,0,0,0,0,0,0,0,0,0,-97,0,9,0,41813804,0,389,0,0,42.1966,128,[-123 81 24 0 13 -22 8 -13 4 -12 6 -4 6 1 -2 9 1 15 -1 15 0 19 2 21 2 22 0 23 4 27 -1 19 -2 18 -4 19 -5 10 0 10 -3 2 -5 0 -7 -3 -6 -6 -1 -10 -2 -13 -2 -14 0 0 0 0 0 0 0 0 0 0 0 0 0 0 0 0 0 0 0 0 0 0 -4 -3 -4 0 -5 0 -8 3 -13 3 -15 -1 -14 0 -18 2 -16 1 -20 4 -18 6 -16 6 -13 1 -11 4 -5 -1 -5 1 5 -2 5 -5 6 -8 11 -13 13 -23 19 -19 20 -27 21 -30 25 -26 26 -36 ]
CSI_DATA,STA,E4:D1:24:F2:5E:80,-87,10,0,0,0,0,0,0,0,0,0,-97,0,9,0,41831928,0,201,0,0,42.2273,128,[-55 -112 12 0 18 14 13 9 7 6 1 5 -4 0 -10 2 -18 -4 -19 -1 -20 5 -22 4 -26 7 -20 9 -23 2 -22 4 -19 4 -17 -4 -9 -1 -10 -5 -8 -6 -5 -3 -1 -4 4 -4 7 -2 11 -4 13 -6 0 0 0 0 0 0 0 0 0 0 0 0 0 0 0 0 0 0 0 0 0 0 -2 -2 -1 -6 4 -8 3 -9 3 -13 -2 -16 -2 -16 -1 -18 -4 -15 -5 -16 -3 -18 -3 -15 -1 -16 -1 -9 -2 -10 3 -3 -1 0 4 2 4 10 17 12 20 15 19 21 23 20 35 27 29 19 36 25 ]
CSI_DATA,STA,E4:D1:24:F2:5E:80,-86,10,0,0,0,0,0,0,0,0,0,-97,0,9,0,41916206,0,389,0,0,42.2989,128,[-123 81 24 0 -22 -11 -15 -10 -7 -4 1 -9 6 -4 12 -4 21 -6 19 2 24 -3 16 -5 22 -6 21 -10 22 -5 21 -3 20 1 13 5 12 1 5 2 6 4 -2 6 -6 3 -3 3 -7 1 -9 5 -13 5 0 0 0 0 0 0 0 0 0 0 0 0 0 0 0 0 0 0 0 0 0 0 0 1 5 7 -3 6 6 10 0 11 6 11 1 14 2 16 8 18 8 14 0 18 6 17 6 6 2 9 2 5 1 2 1 -2 -8 -5 -7 -15 -15 -15 -17 -17 -22 -22 -24 -23 -30 -21 -27 -21 -33 -19 ]
CSI_DATA,STA,E4:D1:24:F2:5E:80,-85,10,0,0,0,0,0,0,0,0,0,-97,0,9,0,42018609,0,389,0,0,42.4013,128,[-123 81 24 0 14 17 11 17 3 2 5 7 -5 4 -10 -3 -10 -6 -23 -8 -19 -9 -27 -16 -22 -14 -21 -15 -22 -8 -19 -14 -14 -10 -12 -9 -13 -11 -8 -7 -7 -8 -3 -5 5 -2 10 -3 9 -2 7 6 15 9 0 0 0 0 0 0 0 0 0 0 0 0 0 0 0 0 0 0 0 0 0 0 -9 -5 -6 0 1 -1 -2 -5 -1 -12 -2 -15 -4 -17 -4 -19 1 -17 -2 -24 -5 -21 -3 -15 -2 -12 -6 -5 -6 -11 -1 -4 2 -1 1 7 3 13 4 18 13 23 12 23 15 27 16 32 20 29 18 30 ]
CSI_DATA,STA,E4:D1:24:F2:5E:80,-86,10,0,0,0,0,0,0,0,0,0,-97,0,9,0,42121011,0,389,0,0,42.5037,128,[-123 81 24 0 -8 28 0 21 -1 12 -5 6 -1 -3 -7 -11 -10 -11 -12 -10 -11 -16 -18 -16 -18 -20 -12 -16 -19 -17 -18 -20 -18 -14 -10 -14 -11 -13 -5 -2 -8 -6 2 -4 2 -8 5 4 10 -1 11 5 9 8 0 0 0 0 0 0 0 0 0 0 0 0 0 0 0 0 0 0 0 0 0 0 -1 1 5 -5 3 -2 6 -5 10 -4 14 -7 14 -24 18 -5 23 -4 18 -8 15 -8 18 -14 11 -9 10 -3 9 -4 3 -3 -5 0 -4 7 -6 8 0 19 -8 24 -12 28 -8 31 -12 36 -8 39 -4 37 ]
CSI_DATA,STA,E4:D1:24:F2:5E:80,-86,10,0,0,0,0,0,0,0,0,0,-97,0,9,0,42223413,0,389,0,0,42.6061,128,[-123 81 24 0 -4 -28 -2 -18 -1 -11 -2 -8 7 5 6 5 9 8 11 14 17 15 14 14 18 16 16 13 13 9 14 13 13 10 8 11 6 11 5 10 -1 6 -2 8 -3 4 -8 -1 -11 -2 -14 -3 -12 -5 0 0 0 0 0 0 0 0 0 0 0 0 0 0 0 0 0 0 0 0 0 0 -2 -1 -3 4 -10 5 -9 8 -11 6 -14 6 -16 6 -14 10 -18 13 -14 11 -16 8 -13 10 -12 5 -9 8 -1 3 1 2 1 -3 3 -5 8 -11 8 -20 7 -23 4 -27 6 -33 9 -35 3 -41 6 -36 ]
CSI_DATA,STA,E4:D1:24:F2:5E:80,-87,10,0,0,0,0,0,0,0,0,0,-97,0,9,0,42325816,0,389,0,0,42.7085,128,[-123 81 24 0 -24 -13 -15 -7 -11 -8 -3 -4 4 -7 10 -3 11 1 13 -1 25 1 21 -1 24 1 22 4 22 4 16 6 23 5 13 4 10 4 12 5 3 3 1 6 1 4 -3 1 -9 0 -12 -3 -12 -6 0 0 0 0 0 0 0 0 0 0 0 0 0 0 0 0 0 0 0 0 0 0 2 1 0 2 6 2 5 3 6 7 13 10 12 7 12 13 11 12 11 6 14 12 9 13 6 8 8 2 4 3 -1 -1 -7 -4 -9 -8 -14 -6 -13 -10 -20 -9 -24 -20 -29 -18 -28 -18 -33 -16 -33 -11 ]
CSI_DATA,STA,E4:D1:24:F2:5E:80,-86,10,0,0,0,0,0,0,0,0,0,-97,0,9,0,42428215,0,389,0,0,42.8108,128,[-123 81 24 0 15 23 4 19 -3 7 1 5 -6 -3 -12 -6 -12 -11 -15 -14 -16 -16 -18 -13 -21 -21 -21 -11 -19 -18 -21 -14 -12 -14 -12 -10 -12 -14 -6 -8 -3 -5 3 -5 3 -5 1 -1 10 6 10 9 15 11 0 0 0 0 0 0 0 0 0 0 0 0 0 0 0 0 0 0 0 0 0 0 -1 -5 -2 -5 6 -6 2 -11 9 -7 4 -14 3 -9 5 -17 5 -17 12 -15 4 -13 5 -16 5 -13 7 -9 -1 -4 0 -2 2 4 -4 6 -6 13 -2 11 0 20 0 27 -2 29 3 28 0 31 5 36 ]
CSI_DATA,STA,E4:D1:24:F2:5E:80,-86,10,0,0,0,0,0,0,0,0,0,-97,0,9,0,42530618,0,389,0,0,42.9133,128,[-123 81 24 0 12 25 9 15 9 6 -2 8 -4 7 -9 -5 -18 -5 -13 -3 -21 -8 -21 -5 -22 -12 -26 -7 -21 -5 -19 -7 -18 -10 -17 -5 -20 -12 -10 -7 -7 -10 -1 -4 4 -2 7 -3 7 -6 10 -2 14 -2 0 0 0 0 0 0 0 0 0 0 0 0 0 0 0 0 0 0 0 0 0 0 1 -1 3 -1 2 -7 3 -11 8 -11 8 -13 5 -16 9 -14 8 -22 10 -13 9 -14 4 -15 6 -12 1 -11 2 -11 0 -4 3 0 -3 2 2 7 4 15 6 25 5 27 9 31 11 33 12 35 16 36 ]
CSI_DATA,STA,E4:D1:24:F2:5E:80,-87,10,0,0,0,0,0,0,0,0,0,-97,0,9,0,42633020,0,389,0,0,43.0157,128,[-123 81 24 0 -21 5 -18 7 -9 0 -8 3 0 0 4 -6 10 -11 10 -11 14 -15 14 -11 17 -17 14 -14 17 -15 15 -10 12 -10 13 -8 14 -2 6 -7 5 -1 2 -1 -3 1 -4 7 -3 6 -10 3 -7 8 0 0 0 0 0 0 0 0 0 0 0 0 0 0 0 0 0 0 0 0 0 0 0 2 3 1 6 -1 7 0 9 4 12 5 12 -1 15 8 14 8 12 7 12 7 12 9 9 6 8 1 2 2 2 -3 -6 -3 -10 -2 -14 1 -14 1 -26 0 -24 2 -34 7 -30 1 -32 9 -32 9 ]
CSI_DATA,STA,E4:D1:24:F2:5E:80,-85,10,0,0,0,0,0,0,0,0,0,-97,0,9,0,42735422,0,389,0,0,43.1181,128,[-123 81 24 0 8 23 4 17 1 15 -4 6 -5 2 -11 -2 -15 -2 -16 -10 -19 -8 -20 -9 -21 -6 -22 -8 -26 -4 -18 -6 -18 -3 -16 -5 -11 -5 -9 -6 -6 -2 -2 -4 0 -2 6 -7 5 -4 10 -5 9 -6 0 0 0 0 0 0 0 0 0 0 0 0 0 0 0 0 0 0 0 0 0 0 2 2 3 -1 8 -3 11 1 13 -3 15 -2 23 -5 16 -3 22 -5 21 1 17 -8 14 -7 15 -4 12 -3 5 0 3 0 2 7 -1 8 -3 12 -5 17 -7 25 -4 24 -6 30 -2 34 -4 43 -4 35 ]
CSI_DATA,STA,E4:D1:24:F2:5E:80,-85,10,0,0,0,0,0,0,0,0,0,-97,0,9,0,42837825,0,389,0,0,43.2206,128,[-123 81 24 0 22 20 13 12 8 3 2 7 -4 6 -14 6 -17 7 -22 7 -22 7 -26 9 -19 8 -24 12 -22 9 -23 8 -17 6 -16 6 -11 3 -7 1 -5 -1 -6 -1 0 -5 1 -9 4 -11 8 -10 8 -11 0 0 0 0 0 0 0 0 0 0 0 0 0 0 0 0 0 0 0 0 0 0 0 1 1 -4 1 -7 5 -8 4 -14 7 -13 2 -19 3 -16 6 -18 4 -16 9 -18 7 -18 5 -14 0 -11 0 -5 2 -5 5 3 -1 13 7 8 11 16 13 21 22 24 19 31 27 26 30 26 29 23 ]
CSI_DATA,STA,E4:D1:24:F2:5E:80,-85,10,0,0,0,0,0,0,0,0,0,-97,0,9,0,42940227,0,389,0,0,43.3229,128,[-123 81 24 0 -17 16 -10 12 -8 6 -8 -2 1 -5 -1 -7 4 -19 6 -16 7 -30 3 -24 3 -24 4 -28 4 -26 2 -23 8 -17 1 -15 9 -13 2 -9 2 -4 -1 4 -2 3 3 8 1 9 -4 7 -3 11 0 0 0 0 0 0 0 0 0 0 0 0 0 0 0 0 0 0 0 0 0 0 0 -2 4 -5 6 -6 8 -2 13 -9 15 -12 14 -10 15 -12 15 -9 19 -6 15 -12 12 -5 4 -3 4 -4 -1 1 -4 2 -4 7 -11 4 -3 9 -13 10 -13 13 -23 20 -26 23 -29 29 -22 24 -23 31 ]
CSI_DATA,STA,E4:D1:24:F2:5E:80,-88,10,0,0,0,0,0,0,0,0,0,-97,0,9,0,43042629,0,389,0,0,43.4253,128,[-123 81 24 0 -7 -19 -17 -15 0 -12 1 -6 1 8 8 6 10 3 15 9 17 4 16 9 17 12 19 5 20 13 14 9 14 9 11 7 8 4 7 3 7 4 1 -1 -3 2 -7 0 -12 -4 -9 -5 -12 -2 0 0 0 0 0 0 0 0 0 0 0 0 0 0 0 0 0 0 0 0 0 0 2 2 1 3 2 5 7 5 4 13 1 16 0 15 6 16 5 15 7 16 1 17 5 13 5 12 3 5 2 6 4 -1 -2 2 -3 -7 -5 -17 -9 -17 -7 -18 -13 -26 -18 -24 -21 -25 -22 -24 -19 -23 ]
CSI_DATA,STA,E4:D1:24:F2:5E:80,-85,10,0,0,0,0,0,0,0,0,0,-97,0,9,0,43145032,0,389,0,0,43.5276,128,[-123 81 24 0 -14 -15 -15 -11 -5 -1 1 -6 8 4 10 10 14 8 11 13 22 9 21 11 25 12 19 13 19 15 17 13 18 5 8 8 8 7 9 7 3 3 -3 -2 -6 -4 -8 -2 -9 -4 -14 -6 -6 -8 0 0 0 0 0 0 0 0 0 0 0 0 0 0 0 0 0 0 0 0 0 0 1 5 5 6 5 9 3 11 7 12 4 17 5 18 7 23 4 16 6 17 4 17 0 13 5 11 3 11 -1 8 -5 -3 0 -3 -10 -15 -9 -18 -14 -23 -16 -19 -14 -27 -18 -32 -24 -32 -23 -38 -23 -30 ]
CSI_DATA,STA,E4:D1:24:F2:5E:80,-85,10,0,0,0,0,0,0,0,0,0,-97,0,9,0,43247434,0,389,0,0,43.6302,128,[-123 81 24 0 -6 30 -1 18 -5 11 -6 2 -5 -6 -9 -17 -14 -17 -16 -15 -16 -25 -17 -22 -25 -17 -18 -8 -21 -22 -19 -12 -11 -14 -9 -6 -7 -7 -6 -4 -8 1 1 -4 8 -5 6 -1 11 2 14 1 16 -1 0 0 0 0 0 0 0 0 0 0 0 0 0 0 0 0 0 0 0 0 0 0 -1 -3 7 -2 9 -1 17 -2 12 -5 25 0 18 -9 26 -12 21 -5 16 -10 16 -10 15 -4 16 -5 8 3 4 -2 -6 4 -2 -1 -1 15 -11 14 -3 21 -22 25 -22 35 -13 28 -21 37 -9 45 -15 36 ]
CSI_DATA,STA,E4:D1:24:F2:5E:80,-85,10,0,0,0,0,0,0,0,0,0,-97,0,9,0,43349837,0,389,0,0,43.7325,128,[-123 81 24 0 5 33 -4 27 0 13 -5 7 -2 -3 -4 -8 -4 -17 -9 -20 -3 -24 -8 -28 -4 -24 -7 -23 -5 -22 -4 -25 -6 -23 -4 -21 1 -22 2 -14 0 -12 5 -5 3 -5 7 2 3 6 3 7 0 16 0 0 0 0 0 0 0 0 0 0 0 0 0 0 0 0 0 0 0 0 0 0 2 3 2 -8 5 -8 7 -12 2 -15 3 -16 4 -17 10 -19 7 -21 4 -20 6 -21 3 -16 4 -15 3 -10 -1 -5 -3 -5 0 2 -5 6 -9 8 -5 22 -10 20 -10 30 -4 38 -7 41 -9 41 -3 39 ]
CSI_DATA,STA,E4:D1:24:F2:5E:80,-87,10,0,0,0,0,0,0,0,0,0,-97,0,9,0,43452239,0,389,0,0,43.8349,128,[-123 81 24 0 22 4 14 6 11 3 9 0 -7 -6 -8 1 -16 2 -16 -5 -19 -4 -25 -1 -23 -2 -24 -3 -29 -7 -22 -4 -19 0 -12 -8 -13 -5 -8 -8 -2 -3 -1 -4 0 -2 2 -2 9 3 9 6 9 7 0 0 0 0 0 0 0 0 0 0 0 0 0 0 0 0 0 0 0 0 0 0 -2 -2 -5 -2 -8 -5 -9 -1 -17 -2 -17 1 -15 -2 -12 0 -18 -6 -16 -5 -17 -2 -17 -5 -14 -1 -9 -4 -8 -1 -4 -3 -3 1 7 -1 10 0 19 3 21 8 29 2 28 8 31 9 40 9 34 5 ]
CSI_DATA,STA,E4:D1:24:F2:5E:80,-85,10,0,0,0,0,0,0,0,0,0,-97,0,9,0,43554641,0,389,0,0,43.9373,128,[-123 81 24 0 -4 25 -1 16 -2 14 -4 -1 -5 -5 -11 -11 -11 -11 -7 -19 -11 -15 -15 -26 -12 -22 -15 -20 -14 -19 -13 -17 -6 -16 -9 -14 -6 -15 -4 -8 0 -4 2 -2 4 5 5 0 4 5 7 5 8 12 0 0 0 0 0 0 0 0 0 0 0 0 0 0 0 0 0 0 0 0 0 0 2 -3 4 -2 9 -7 8 -8 10 -11 15 -7 13 -10 18 -11 16 -11 19 -14 13 -13 8 -10 12 -10 9 -6 5 -9 0 6 -2 4 -5 6 -10 16 -9 18 -7 21 -14 29 -9 37 -11 34 -3 38 -11 42 ]
CSI_DATA,STA,E4:D1:24:F2:5E:80,-85,10,0,0,0,0,0,0,0,0,0,-97,0,9,0,43657044,0,389,0,0,44.0398,128,[-123 81 24 0 -6 28 -5 18 -6 16 -7 5 -17 2 -9 -2 -12 -14 -13 -12 -24 -16 -26 -20 -17 -20 -24 -15 -26 -14 -24 -8 -18 -11 -14 -6 -13 -11 -10 -9 0 -6 -2 -3 3 -8 8 -7 8 -7 11 -1 10 -2 0 0 0 0 0 0 0 0 0 0 0 0 0 0 0 0 0 0 0 0 0 0 2 0 4 -4 5 2 14 -1 13 5 16 6 21 4 24 2 20 4 24 2 22 2 20 1 15 2 9 -3 9 2 0 2 -5 5 -5 10 -9 15 -13 20 -15 25 -20 26 -20 32 -21 42 -19 45 -16 41 ]
CSI_DATA,STA,E4:D1:24:F2:5E:80,-86,10,0,0,0,0,0,0,0,0,0,-97,0,9,0,43759446,0,389,0,0,44.1421,128,[-123 81 24 0 -15 -21 -14 -22 -8 -10 0 -10 7 -4 9 -4 12 -2 15 -8 22 -5 21 -2 18 -9 25 -3 23 -7 11 -1 19 -8 13 -3 14 -6 12 0 4 -2 1 1 2 2 -3 7 -2 10 -5 10 -5 12 0 0 0 0 0 0 0 0 0 0 0 0 0 0 0 0 0 0 0 0 0 0 -1 -2 -6 4 -2 4 -11 4 -11 5 -11 9 -13 10 -10 10 -17 10 -12 11 -14 10 -14 12 -9 10 -6 8 -5 12 -2 -1 -2 0 -6 -9 0 -15 -6 -26 -4 -20 -9 -29 -20 -32 -16 -34 -20 -30 -15 -32 ]
CSI_DATA,STA,E4:D1:24:F2:5E:80,-85,10,0,0,0,0,0,0,0,0,0,-97,0,9,0,43861849,0,389,0,0,44.2446,128,[-123 81 24 0 -9 32 -5 16 -7 9 -2 1 -4 -10 -4 -8 -7 -18 -9 -18 -12 -20 -10 -27 -7 -27 -10 -25 -5 -24 -11 -23 -8 -16 -5 -13 -2 -14 3 -8 1 -7 4 1 4 0 5 3 7 5 7 10 8 10 0 0 0 0 0 0 0 0 0 0 0 0 0 0 0 0 0 0 0 0 0 0 1 -1 6 -4 6 -2 10 -9 9 -6 14 0 14 -5 14 -7 22 -9 18 -7 10 -8 15 -8 17 -7 10 -5 4 -5 -1 1 -7 7 -8 2 -3 8 -7 17 -12 18 -18 29 -18 31 -16 33 -16 39 -15 35 ]
CSI_DATA,STA,E4:D1:24:F2:5E:80,-84,10,0,0,0,0,0,0,0,0,0,-97,0,9,0,43964251,0,389,0,0,44.3468,128,[-123 81 24 0 2 -30 -1 -19 -4 -15 6 3 4 8 7 15 0 20 -3 20 4 26 5 30 3 21 4 28 1 28 5 24 0 21 2 13 4 18 -1 15 -1 9 -2 3 -1 -3 -3 -8 -2 -7 0 -14 1 -16 0 0 0 0 0 0 0 0 0 0 0 0 0 0 0 0 0 0 0 0 0 0 -4 5 -2 6 -5 10 -7 7 -5 12 -4 13 -7 13 -7 17 -7 19 -7 22 -7 19 -9 16 -4 12 -5 9 2 0 -2 1 4 -6 4 -11 4 -15 5 -23 7 -31 6 -35 0 -41 5 -44 5 -48 4 -48 ]
CSI_DATA,STA,E4:D1:24:F2:5E:80,-85,10,0,0,0,0,0,0,0,0,0,-97,0,9,0,44169056,0,389,0,0,44.5518,128,[-123 81 24 0 -10 -25 -9 -23 -5 -8 -4 -5 4 3 3 6 9 15 10 20 14 18 6 23 5 29 3 22 7 21 6 22 2 19 2 20 1 16 -7 9 -1 7 -10 1 -3 -8 1 -9 -5 -12 -2 -16 3 -16 0 0 0 0 0 0 0 0 0 0 0 0 0 0 0 0 0 0 0 0 0 0 3 1 6 6 7 11 1 9 9 11 9 11 10 12 11 12 15 14 8 20 7 17 4 14 7 7 11 4 4 -2 -1 1 3 -6 -4 -14 -1 -18 -7 -19 -9 -32 -9 -29 -17 -35 -18 -45 -14 -38 -27 -35 ]
CSI_DATA,STA,E4:D1:24:F2:5E:80,-84,10,0,0,0,0,0,0,0,0,0,-97,0,9,0,44373860,0,389,0,0,44.7565,128,[-123 81 24 0 -22 -23 -18 -22 -12 -16 -6 -14 1 -8 5 -9 12 -5 21 -5 21 -2 23 1 28 -6 32 0 29 2 23 -2 27 3 15 0 21 -3 14 2 11 8 12 1 1 8 -1 7 -7 6 -12 6 -15 5 0 0 0 0 0 0 0 0 0 0 0 0 0 0 0 0 0 0 0 0 0 0 -2 0 -3 1 -7 4 -9 8 -9 7 -7 14 -6 14 -11 16 -12 14 -9 17 -8 20 -6 17 -6 16 -6 11 -2 7 -3 2 -1 1 0 -6 -10 -11 -5 -23 -10 -27 -12 -31 -12 -38 -18 -37 -23 -43 -27 -42 ]
CSI_DATA,STA,E4:D1:24:F2:5E:80,-84,10,0,0,0,0,0,0,0,0,0,-97,0,9,0,44476263,0,389,0,0,44.8589,128,[-123 81 24 0 23 -18 26 -9 11 -12 14 0 0 4 -6 5 -13 9 -14 14 -17 20 -16 16 -21 19 -20 20 -19 19 -20 15 -21 16 -17 16 -15 11 -20 4 -14 1 -5 -3 -3 -2 -3 -4 7 -7 6 -8 8 -7 0 0 0 0 0 0 0 0 0 0 0 0 0 0 0 0 0 0 0 0 0 0 -1 -2 -6 -1 -8 -3 -9 -3 -13 -1 -18 4 -16 1 -26 2 -20 5 -17 0 -18 4 -22 0 -17 -1 -14 0 -10 1 -7 4 4 -3 6 -4 15 -6 22 -7 29 -2 34 -12 36 -14 46 -14 40 -21 45 -19 ]
CSI_DATA,STA,E4:D1:24:F2:5E:80,-86,10,0,0,0,0,0,0,0,0,0,-97,0,9,0,44681068,0,389,0,0,45.0638,128,[-123 81 24 0 -3 -24 1 -13 -4 -5 5 -1 10 3 8 6 13 11 16 16 16 16 14 15 19 16 22 15 23 12 16 9 18 9 12 7 12 6 6 5 4 5 -4 3 -3 0 -6 -1 -13 0 -12 -2 -16 -4 0 0 0 0 0 0 0 0 0 0 0 0 0 0 0 0 0 0 0 0 0 0 1 3 -7 3 -9 4 -9 3 -10 4 -15 1 -15 1 -14 3 -18 4 -22 3 -12 0 -16 5 -16 1 -10 -2 -7 0 -1 -8 -5 -1 6 -11 0 -14 10 -20 10 -28 6 -30 8 -31 5 -39 5 -38 4 -36 ]
CSI_DATA,STA,E4:D1:24:F2:5E:80,-86,10,0,0,0,0,0,0,0,0,0,-97,0,9,0,44783470,0,389,0,0,45.1661,128,[-123 81 24 0 -30 -10 -19 -8 -9 -5 -8 -7 5 -4 9 -12 10 -10 18 -10 24 -18 22 -18 22 -17 23 -16 24 -18 16 -16 15 -17 20 -9 11 -9 7 -7 8 -5 -1 -3 3 3 4 8 -2 11 -4 13 -6 10 0 0 0 0 0 0 0 0 0 0 0 0 0 0 0 0 0 0 0 0 0 0 2 2 1 1 -2 3 -4 7 -1 15 -1 18 -2 16 -4 14 -2 15 -2 17 -2 18 -1 18 0 14 0 12 -3 9 -8 1 -9 -1 -10 -1 -14 -8 -14 -14 -19 -19 -22 -15 -27 -22 -42 -19 -32 -20 -32 -18 ]
CSI_DATA,STA,E4:D1:24:F2:5E:80,-86,10,0,0,0,0,0,0,0,0,0,-97,0,9,0,44885872,0,389,0,0,45.2686,128,[-123 81 24 0 20 -16 14 -11 12 -1 7 0 7 5 6 7 5 15 6 14 7 23 6 24 5 23 6 25 7 20 6 17 6 18 4 15 8 16 -1 9 4 11 -4 5 -6 -2 -10 0 -9 -4 -13 -8 -9 -5 0 0 0 0 0 0 0 0 0 0 0 0 0 0 0 0 0 0 0 0 0 0 -3 2 -2 -5 -2 -5 -4 -9 -7 -6 -4 -7 -6 -13 -10 -16 -12 -16 -7 -11 -8 -18 -11 -9 -11 -13 -8 -7 -4 -9 3 -3 -1 -7 9 0 9 -4 19 -5 22 -11 27 -8 25 -9 29 -14 29 -15 32 -18 ]
CSI_DATA,STA,E4:D1:24:F2:5E:80,-87,10,0,0,0,0,0,0,0,0,0,-97,0,9,0,44889693,0,201,0,0,45.2993,128,[-55 -112 12 0 19 -21 13 -19 9 -5 6 -2 6 5 8 11 6 12 8 16 12 19 10 19 13 20 12 22 13 23 12 16 7 14 7 11 3 12 4 10 -2 5 -5 4 -1 -1 -6 -3 -13 3 -12 -3 -16 -3 0 0 0 0 0 0 0 0 0 0 0 0 0 0 0 0 0 0 0 0 0 0 -4 0 -2 1 1 -4 -10 -12 -5 -7 -7 -9 -8 -8 -10 -12 -10 -8 -15 -8 -13 -8 -12 -4 -12 -7 -9 -1 -5 -8 0 -2 4 -5 6 -5 12 -7 16 -2 12 -12 22 -10 23 -13 24 -22 21 -26 23 -24 ]
CSI_DATA,STA,E4:D1:24:F2:5E:80,-88,10,0,0,0,0,0,0,0,0,0,-97,0,9,0,44988275,0,389,0,0,45.371,128,[-123 81 24 0 17 15 14 7 7 8 -1 9 0 8 -5 7 -9 9 -10 12 -8 11 -13 15 -9 17 -6 14 -9 12 -5 10 -3 9 -3 14 -3 5 -3 8 -5 1 -1 1 -9 3 -6 -4 -8 -2 -11 -3 -9 -5 0 0 0 0 0 0 0 0 0 0 0 0 0 0 0 0 0 0 0 0 0 0 3 -4 5 0 2 0 7 0 5 1 5 6 8 2 9 0 8 3 10 0 14 0 10 -2 7 -4 5 -2 6 -1 6 3 7 0 6 7 7 8 6 18 4 12 2 14 1 16 12 13 7 19 17 13 ]
CSI_DATA,STA,E4:D1:24:F2:5E:80,-88,10,0,0,0,0,0,0,0,0,0,-97,0,9,0,45010606,0,64,0,0,45.3983,128,[64 0 4 0 14 -20 7 -3 9 -8 6 -2 3 8 4 6 11 8 11 9 10 9 16 10 12 10 15 11 8 11 11 11 11 10 10 5 5 4 10 8 8 4 -2 4 -7 4 -3 2 -7 3 -7 0 -11 5 0 0 0 0 0 0 0 0 0 0 0 0 0 0 0 0 0 0 0 0 0 0 -7 2 -1 -5 -6 -4 -1 -5 -6 -9 -2 -9 -2 -12 -3 -6 -2 -14 -1 -13 -5 -8 0 -15 -4 -11 -4 -2 -3 -5 -3 -3 1 -4 10 0 8 -7 13 -9 14 -7 17 -15 19 -13 24 -15 20 -17 20 -14 ]
CSI_DATA,STA,E4:D1:24:F2:5E:80,-87,10,0,0,0,0,0,0,0,0,0,-97,0,9,0,45090677,0,389,0,0,45.4734,128,[-123 81 24 0 4 -19 1 -15 11 -13 6 -6 7 -7 10 -5 13 -2 13 -7 11 -12 14 -3 14 -10 19 -7 20 -7 12 -5 15 -7 9 -5 10 -7 9 -4 5 2 7 0 5 1 8 3 9 5 2 3 4 10 0 0 0 0 0 0 0 0 0 0 0 0 0 0 0 0 0 0 0 0 0 0 -1 -2 -4 -4 2 -8 0 -8 1 -5 2 -11 3 -10 3 -10 2 -9 -2 -12 -3 -6 -2 -10 0 -12 -5 -8 0 -11 -1 -10 0 -5 4 -4 6 -5 7 -8 19 -9 16 -10 18 -17 16 -15 13 -23 22 -26 ]
CSI_DATA,STA,E4:D1:24:F2:5E:80,-87,10,0,0,0,0,0,0,0,0,0,-97,0,9,0,46831521,0,389,0,0,47.2143,128,[-123 81 24 0 -3 -24 1 -17 6 -9 2 -6 8 -4 11 -1 12 3 11 3 16 7 21 6 21 0 21 -2 24 1 16 1 16 2 12 3 8 7 10 1 7 3 1 2 1 10 -3 6 -1 8 -7 9 -7 10 0 0 0 0 0 0 0 0 0 0 0 0 0 0 0 0 0 0 0 0 0 0 1 -2 -1 -1 -2 -4 -6 -7 -6 -6 -6 -3 -9 -4 -9 -3 -10 -9 -10 -7 -14 -6 -12 -6 -9 -5 -7 -6 -7 -3 2 -3 0 -2 4 -10 6 -5 2 -12 12 -13 15 -17 11 -17 13 -24 6 -28 10 -34 ]
CSI_DATA,STA,E4:D1:24:F2:5E:80,-85,10,0,0,0,0,0,0,0,0,0,-97,0,9,0,47036325,0,389,0,0,47.4191,128,[-123 81 24 0 -16 25 -9 18 -10 7 -10 7 -10 -7 -15 -10 -15 -10 -12 -17 -19 -21 -23 -16 -15 -20 -17 -21 -19 -17 -16 -20 -14 -17 -15 -14 -10 -17 -11 -10 -6 -7 0 -9 5 -8 5 -2 5 -7 13 0 15 0 0 0 0 0 0 0 0 0 0 0 0 0 0 0 0 0 0 0 0 0 0 0 3 -2 4 1 2 6 4 8 7 14 11 11 8 11 11 8 15 11 11 11 9 12 10 9 7 1 9 8 2 6 -6 7 -8 4 -10 6 -9 4 -17 8 -25 11 -26 19 -28 29 -31 24 -29 33 -26 25 ]
CSI_DATA,STA,E4:D1:24:F2:5E:80,-86,10,0,0,0,0,0,0,0,0,0,-97,0,9,0,47081485,0,64,0,0,47.4638,128,[64 0 4 0 8 19 5 19 4 15 -3 6 -7 1 -14 -3 -21 -9 -23 0 -30 0 -29 -1 -33 1 -28 -5 -25 -2 -27 -5 -25 -3 -19 2 -20 -9 -11 -7 -1 -7 -6 -9 5 -7 1 -3 7 -8 5 -6 7 -7 0 0 0 0 0 0 0 0 0 0 0 0 0 0 0 0 0 0 0 0 0 0 4 -1 3 -4 5 -8 3 -8 8 -11 8 -12 12 -8 14 -12 16 -8 11 -11 13 -15 8 -14 10 -11 4 -6 7 -4 4 -2 2 9 -1 9 0 16 5 18 3 28 3 30 7 32 12 38 13 38 15 36 ]
CSI_DATA,STA,E4:D1:24:F2:5E:80,-84,10,0,0,0,0,0,0,0,0,0,-97,0,9,0,47138728,0,389,0,0,47.5213,128,[-123 81 24 0 26 11 18 4 14 8 6 8 0 10 -14 9 -12 13 -16 16 -24 16 -21 16 -25 19 -19 21 -25 21 -20 19 -19 15 -17 13 -13 7 -10 5 -12 -2 -8 -4 -3 -11 -5 -8 -1 -11 -2 -13 4 -19 0 0 0 0 0 0 0 0 0 0 0 0 0 0 0 0 0 0 0 0 0 0 -3 -8 -3 -5 -5 -8 2 -16 3 -14 4 -12 4 -18 0 -18 8 -21 6 -17 5 -15 7 -12 1 -14 -4 -9 5 -4 3 -2 11 -4 11 4 10 11 18 13 22 17 26 21 31 24 36 22 42 25 44 18 ]
CSI_DATA,STA,E4:D1:24:F2:5E:80,-84,10,0,0,0,0,0,0,0,0,0,-97,0,9,0,47241130,0,389,0,0,47.6238,128,[-123 81 24 0 22 -16 22 -6 15 -4 11 1 4 11 2 12 1 11 4 24 -2 21 11 28 1 29 5 32 6 31 7 22 3 21 3 19 -1 13 -5 11 -5 6 -6 5 -7 -4 -12 -2 -13 -3 -15 -7 -12 -9 0 0 0 0 0 0 0 0 0 0 0 0 0 0 0 0 0 0 0 0 0 0 -3 4 -4 -6 -8 -5 -4 -11 -11 -13 -13 -17 -11 -15 -11 -16 -15 -17 -13 -13 -15 -17 -15 -13 -4 -7 -7 -10 1 -10 3 -9 1 -7 10 -1 19 -5 21 -6 30 -6 32 -8 40 -12 41 -16 42 -19 42 -25 ]
CSI_DATA,STA,E4:D1:24:F2:5E:80,-85,10,0,0,0,0,0,0,0,0,0,-97,0,9,0,47343533,0,389,0,0,47.7262,128,[-123 81 24 0 -12 26 -12 12 -4 9 -6 -3 -7 -6 -14 -14 -13 -19 -17 -24 -15 -26 -20 -26 -17 -15 -18 -18 -20 -17 -19 -17 -13 -11 -14 -11 -5 -12 -1 -8 -1 -7 3 -4 10 -3 6 -3 16 2 13 3 14 4 0 0 0 0 0 0 0 0 0 0 0 0 0 0 0 0 0 0 0 0 0 0 6 -3 6 -1 12 -3 14 -1 11 -2 16 0 17 -5 18 -9 19 -2 18 -4 14 0 14 -6 7 -4 7 1 1 2 -9 2 -6 3 -11 10 -13 11 -18 22 -20 24 -19 34 -17 36 -19 43 -15 46 -15 42 ]
CSI_DATA,STA,E4:D1:24:F2:5E:80,-83,10,0,0,0,0,0,0,0,0,0,-97,0,9,0,47445934,0,389,0,0,47.8286,128,[-123 81 24 0 -19 19 -17 9 -12 5 -11 -6 -9 -12 -11 -20 -7 -23 -10 -29 -12 -27 -12 -34 -9 -28 -19 -27 -18 -27 -10 -19 -13 -20 -6 -16 -6 -17 1 -7 3 -5 6 -3 9 2 9 -1 12 2 17 7 14 6 0 0 0 0 0 0 0 0 0 0 0 0 0 0 0 0 0 0 0 0 0 0 2 1 7 2 7 7 11 6 11 11 17 7 22 10 19 9 18 8 17 6 11 14 11 11 13 3 7 4 8 5 -2 5 -10 7 -13 10 -19 10 -23 11 -31 16 -31 21 -39 27 -42 29 -35 30 -32 34 ]
CSI_DATA,STA,E4:D1:24:F2:5E:80,-82,10,0,0,0,0,0,0,0,0,0,-97,0,9,0,47548336,0,389,0,0,47.931,128,[-123 81 24 0 -12 -23 -5 -13 2 -9 8 -8 12 -3 18 -2 24 0 25 -7 30 -3 31 -3 25 -2 27 -3 26 -2 23 0 20 -8 14 -6 12 1 6 4 3 2 -3 5 -5 7 -9 13 -10 11 -9 11 -11 14 0 0 0 0 0 0 0 0 0 0 0 0 0 0 0 0 0 0 0 0 0 0 -2 3 -7 4 -9 6 -12 11 -13 11 -17 8 -16 14 -16 16 -14 14 -16 12 -14 12 -16 9 -13 9 -8 5 -9 -1 -4 -2 -4 -9 -7 -15 -11 -20 -9 -28 -8 -32 -15 -34 -15 -41 -20 -41 -16 -40 -23 -36 ]
CSI_DATA,STA,E4:D1:24:F2:5E:80,-82,10,0,0,0,0,0,0,0,0,0,-97,0,9,0,47650739,0,389,0,0,48.0333,128,[-123 81 24 0 -23 -17 -14 -12 -9 -11 3 -6 9 -5 16 -13 20 -8 23 -12 24 -13 28 -14 24 -18 25 -15 25 -14 24 -19 19 -14 12 -10 10 -9 5 -5 6 -5 5 4 2 7 0 10 -4 9 -7 15 -8 15 0 0 0 0 0 0 0 0 0 0 0 0 0 0 0 0 0 0 0 0 0 0 0 3 -3 7 -4 10 -1 13 -6 17 -5 17 -5 20 -5 25 -7 22 -5 20 -3 20 -8 17 -3 15 -3 11 -5 6 -7 -3 -7 -3 -12 -6 -20 -16 -17 -24 -26 -30 -31 -30 -32 -31 -39 -29 -38 -29 -41 -25 ]
CSI_DATA,STA,E4:D1:24:F2:5E:80,-83,10,0,0,0,0,0,0,0,0,0,-97,0,9,0,47753141,0,389,0,0,48.1357,128,[-123 81 24 0 -4 -20 -3 -18 0 -13 6 -3 10 4 17 9 16 16 21 15 22 14 20 14 24 16 24 14 24 11 22 17 13 13 12 7 12 5 4 4 2 2 -4 3 -7 -2 -7 -2 -10 -2 -13 -7 -14 -3 0 0 0 0 0 0 0 0 0 0 0 0 0 0 0 0 0 0 0 0 0 0 -1 4 -1 7 -6 7 -6 9 -9 12 -12 17 -10 17 -13 21 -11 17 -11 15 -11 9 -10 13 -13 9 -10 7 -1 2 -6 -1 3 -8 1 -16 1 -23 0 -26 0 -29 -5 -37 0 -46 -4 -46 -5 -43 -12 -47 ]
CSI_DATA,STA,E4:D1:24:F2:5E:80,-82,10,0,0,0,0,0,0,0,0,0,-97,0,9,0,47855544,0,389,0,0,48.2383,128,[-123 81 24 0 -12 -25 -6 -14 -1 -14 4 -5 12 -1 15 3 24 8 22 4 28 3 27 5 28 7 26 10 28 2 22 3 22 4 21 4 8 4 8 4 7 -1 -2 2 -2 4 -3 3 -12 8 -10 4 -16 3 0 0 0 0 0 0 0 0 0 0 0 0 0 0 0 0 0 0 0 0 0 0 -1 4 -4 4 -8 8 -9 10 -12 11 -10 13 -18 14 -17 15 -18 16 -18 12 -18 9 -12 15 -11 10 -9 4 -9 -1 -5 -5 -3 -9 -1 -19 -1 -21 -2 -23 0 -33 0 -39 -5 -40 -14 -46 -12 -48 -14 -45 ]
CSI_DATA,STA,E4:D1:24:F2:5E:80,-85,10,0,0,0,0,0,0,0,0,0,-97,0,9,0,47957946,0,389,0,0,48.3406,128,[-123 81 24 0 8 26 10 21 -6 13 -3 1 -10 0 -14 -9 -17 -12 -21 -11 -21 -16 -31 -16 -28 -10 -27 -12 -27 -16 -27 -7 -16 -9 -12 -6 -9 -6 -8 -5 -1 -8 -3 -6 2 -4 7 -3 7 -2 18 -1 14 2 0 0 0 0 0 0 0 0 0 0 0 0 0 0 0 0 0 0 0 0 0 0 1 -5 2 -6 5 -10 6 -11 10 -12 15 -14 12 -20 11 -15 15 -15 12 -16 12 -14 14 -13 9 -3 8 -5 -1 -2 2 4 2 5 2 14 -2 24 0 30 -2 34 -2 40 8 39 11 46 10 43 9 42 ]
CSI_DATA,STA,E4:D1:24:F2:5E:80,-84,10,0,0,0,0,0,0,0,0,0,-97,0,9,0,48060348,0,389,0,0,48.443,128,[-123 81 24 0 -15 27 -13 13 -9 4 -4 -2 -9 -7 -9 -12 -10 -21 -10 -25 -9 -22 -13 -27 -11 -26 -13 -24 -11 -17 -8 -25 -9 -21 -5 -15 -6 -10 -5 -9 -1 -7 0 -4 4 1 10 4 13 1 8 5 10 2 0 0 0 0 0 0 0 0 0 0 0 0 0 0 0 0 0 0 0 0 0 0 1 -1 5 -1 8 2 7 5 14 3 19 7 20 3 20 4 25 3 16 0 14 5 14 2 11 6 14 2 6 3 3 6 -3 1 -10 9 -13 8 -17 9 -21 22 -26 27 -30 30 -33 31 -29 35 -29 35 ]
CSI_DATA,STA,E4:D1:24:F2:5E:80,-85,10,0,0,0,0,0,0,0,0,0,-97,0,9,0,48162751,0,389,0,0,48.5455,128,[-123 81 24 0 23 11 14 3 5 7 0 2 -2 1 -7 -3 -17 -10 -21 -11 -22 -12 -22 -11 -24 -8 -26 -14 -26 -9 -25 -12 -22 -11 -8 -5 -12 -9 -12 -7 -1 0 -3 -1 2 0 4 2 7 5 8 9 8 10 0 0 0 0 0 0 0 0 0 0 0 0 0 0 0 0 0 0 0 0 0 0 -3 -2 -6 -3 -10 -3 -9 -6 -15 -3 -13 -9 -14 -10 -17 -8 -12 -7 -12 -12 -13 -8 -12 -6 -12 -5 -6 -9 -10 -7 -2 2 1 0 12 3 13 14 15 12 25 17 25 21 31 19 31 18 36 21 38 23 ]
CSI_DATA,STA,E4:D1:24:F2:5E:80,-83,10,0,0,0,0,0,0,0,0,0,-97,0,9,0,48265153,0,389,0,0,48.6478,128,[-123 81 24 0 31 -11 18 -5 11 0 7 2 -1 8 -1 17 -8 18 -1 23 -10 24 -13 28 -7 24 -8 29 -9 28 -5 26 -3 20 -7 15 -4 11 -1 6 -3 9 -1 -1 -2 -5 -3 -8 -8 -11 -1 -14 0 -19 0 0 0 0 0 0 0 0 0 0 0 0 0 0 0 0 0 0 0 0 0 0 -4 -3 -6 -5 -6 -7 -10 -12 -10 -10 -11 -17 -16 -18 -16 -15 -12 -15 -17 -13 -10 -14 -13 -11 -15 -8 -4 -10 -3 -7 2 -5 5 -6 12 1 16 -2 26 3 33 -2 32 0 38 -6 39 -5 38 -11 41 -12 ]
CSI_DATA,STA,E4:D1:24:F2:5E:80,-84,10,0,0,0,0,0,0,0,0,0,-97,0,9,0,48367555,0,389,0,0,48.7501,128,[-123 81 24 0 -25 -9 -17 -10 -10 -6 -3 -5 6 -6 11 -11 14 -6 24 -12 27 -14 26 -22 26 -19 14 -20 18 -16 17 -16 16 -14 14 -12 13 -10 5 -4 2 -1 5 -1 -1 6 -7 10 -7 13 -5 14 -13 11 0 0 0 0 0 0 0 0 0 0 0 0 0 0 0 0 0 0 0 0 0 0 5 3 5 3 -1 8 1 5 4 15 8 15 7 16 2 14 5 21 3 18 -1 19 1 18 3 10 4 5 -4 7 -2 3 -8 0 -6 -8 -15 -4 -16 -12 -27 -14 -30 -19 -36 -20 -41 -16 -43 -12 -37 -16 ]
CSI_DATA,STA,E4:D1:24:F2:5E:80,-84,10,0,0,0,0,0,0,0,0,0,-97,0,9,0,48469958,0,389,0,0,48.8525,128,[-123 81 24 0 31 18 16 13 12 2 -3 -2 -6 1 -15 2 -19 -1 -23 -1 -28 -1 -29 -1 -29 5 -28 2 -29 4 -26 2 -22 -1 -19 1 -14 -1 -13 -2 -7 -2 -2 -2 0 -4 4 -3 9 0 16 -4 15 1 0 0 0 0 0 0 0 0 0 0 0 0 0 0 0 0 0 0 0 0 0 0 -3 0 -6 -5 -6 -8 -8 -11 -10 -15 -7 -16 -10 -20 -13 -22 -9 -17 -5 -20 -14 -22 -5 -18 -8 -16 -7 -11 0 -5 2 -6 4 0 9 6 14 3 18 16 30 21 32 19 35 26 36 24 42 28 35 19 ]
CSI_DATA,STA,E4:D1:24:F2:5E:80,-84,10,0,0,0,0,0,0,0,0,0,-97,0,9,0,48572360,0,389,0,0,48.955,128,[-123 81 24 0 16 -26 16 -17 8 -8 1 -6 0 1 1 15 -3 23 -4 21 -6 25 -12 18 -9 31 -7 30 -7 27 -8 17 -6 18 -6 14 -8 17 -5 5 -6 1 -2 1 -1 -9 4 -6 -2 -14 4 -15 10 -18 0 0 0 0 0 0 0 0 0 0 0 0 0 0 0 0 0 0 0 0 0 0 1 1 -3 3 -5 7 -7 11 -9 9 -17 15 -13 14 -16 15 -17 16 -17 16 -16 14 -11 11 -10 7 -9 2 -7 4 -2 4 4 -3 9 -14 5 -14 11 -22 24 -24 22 -25 25 -39 25 -39 28 -34 24 -44 ]
CSI_DATA,STA,E4:D1:24:F2:5E:80,-84,10,0,0,0,0,0,0,0,0,0,-97,0,9,0,48674763,0,389,0,0,49.0575,128,[-123 81 24 0 20 12 14 8 4 6 -5 1 -11 0 -17 0 -27 3 -28 -1 -30 -3 -27 3 -30 -1 -31 4 -27 3 -22 1 -21 0 -17 7 -13 2 -7 -4 0 -2 1 -3 5 -2 9 -4 11 -3 10 -3 11 0 0 0 0 0 0 0 0 0 0 0 0 0 0 0 0 0 0 0 0 0 0 0 -4 -1 -8 -8 -9 -11 -7 -9 -12 -17 -11 -16 -10 -17 -13 -17 -17 -19 -11 -18 -11 -19 -5 -18 -10 -14 -2 -6 1 -11 0 0 5 3 8 6 19 12 22 20 27 16 35 19 38 21 39 24 46 25 42 20 ]
CSI_DATA,STA,E4:D1:24:F2:5E:80,-84,10,0,0,0,0,0,0,0,0,0,-97,0,9,0,48777165,0,389,0,0,49.1599,128,[-123 81 24 0 13 18 10 20 -1 10 -8 8 -13 2 -13 -5 -22 -10 -26 -7 -29 -5 -33 -9 -32 -1 -26 -8 -31 -4 -24 -6 -17 -4 -20 -1 -10 -7 -7 -2 -6 -5 0 -6 6 -3 11 -6 10 -2 14 -2 15 -5 0 0 0 0 0 0 0 0 0 0 0 0 0 0 0 0 0 0 0 0 0 0 1 -4 0 -6 5 -8 5 -12 8 -17 10 -18 12 -18 10 -28 11 -17 9 -21 8 -17 9 -18 4 -14 6 -8 1 -2 4 -1 2 10 -1 15 10 20 9 30 10 31 15 44 12 39 16 41 21 46 20 43 ]
CSI_DATA,STA,E4:D1:24:F2:5E:80,-82,10,0,0,0,0,0,0,0,0,0,-97,0,9,0,48879567,0,389,0,0,49.2622,128,[-123 81 24 0 -5 -24 -2 -23 0 -13 10 -5 8 1 11 7 23 7 23 14 28 13 29 11 31 9 29 9 26 6 26 6 21 5 20 3 11 1 6 0 8 2 1 4 -3 7 -10 6 -12 7 -14 7 -13 3 0 0 0 0 0 0 0 0 0 0 0 0 0 0 0 0 0 0 0 0 0 0 -6 1 -7 1 -12 5 -14 5 -17 4 -22 6 -21 7 -22 9 -26 5 -24 9 -22 6 -17 6 -17 7 -15 3 -10 0 -10 -3 0 -10 4 -12 1 -20 10 -33 4 -37 5 -40 0 -45 -1 -49 -2 -49 -3 -47 ]
CSI_DATA,STA,E4:D1:24:F2:5E:80,-83,10,0,0,0,0,0,0,0,0,0,-97,0,9,0,48981970,0,389,0,0,49.3647,128,[-123 81 24 0 29 8 22 4 14 8 0 10 -7 11 -11 7 -19 14 -19 12 -21 19 -24 19 -23 17 -22 22 -20 21 -15 21 -20 17 -11 15 -8 11 -3 7 -10 0 -2 0 -5 -8 -4 -9 -2 -15 -1 -13 1 -16 0 0 0 0 0 0 0 0 0 0 0 0 0 0 0 0 0 0 0 0 0 0 -3 -1 -4 -9 6 -14 5 -16 1 -17 -1 -17 3 -20 2 -22 1 -27 1 -24 -2 -24 1 -21 -2 -19 0 -16 6 -4 5 -4 9 3 9 8 20 13 18 15 21 20 34 25 37 20 46 24 43 18 47 22 ]
CSI_DATA,STA,E4:D1:24:F2:5E:80,-84,10,0,0,0,0,0,0,0,0,0,-97,0,9,0,49084372,0,389,0,0,49.4671,128,[-123 81 24 0 -24 -17 -11 -14 -4 -8 7 0 9 0 16 6 20 13 18 12 25 8 25 15 30 7 28 14 30 11 19 12 19 15 17 9 14 8 6 5 2 5 -1 0 -4 -3 -8 -5 -10 -9 -10 -10 -13 -14 0 0 0 0 0 0 0 0 0 0 0 0 0 0 0 0 0 0 0 0 0 0 2 -3 3 -2 12 1 11 4 11 9 12 13 16 15 18 10 17 16 17 13 15 14 17 9 13 9 7 8 2 4 1 -2 -4 -4 -13 -12 -21 -17 -22 -14 -29 -19 -26 -21 -30 -24 -41 -24 -45 -26 -41 -19 ]
CSI_DATA,STA,E4:D1:24:F2:5E:80,-84,10,0,0,0,0,0,0,0,0,0,-97,0,9,0,49107938,0,64,0,0,49.4988,128,[64 0 4 0 -14 19 -11 14 -3 4 -4 -2 2 -8 0 -18 7 -23 8 -28 5 -28 9 -33 8 -38 1 -34 4 -29 5 -26 5 -24 4 -18 7 -15 3 -8 3 -3 2 3 1 7 -2 9 -5 14 -1 15 -5 19 0 0 0 0 0 0 0 0 0 0 0 0 0 0 0 0 0 0 0 0 0 0 2 -4 5 -3 11 -4 12 -4 15 -5 18 -6 15 -5 18 -11 21 -10 22 -5 20 -3 18 -9 7 -6 10 -4 4 -3 0 1 -4 5 -9 9 -21 16 -17 18 -23 28 -30 28 -31 31 -30 31 -34 37 -34 36 ]
CSI_DATA,STA,E4:D1:24:F2:5E:80,-85,10,0,0,0,0,0,0,0,0,0,-97,0,9,0,49289177,0,389,0,0,49.6719,128,[-123 81 24 0 5 -22 0 -18 0 -9 6 1 13 4 9 15 10 9 16 21 18 19 19 23 20 20 18 17 20 18 12 20 13 12 8 11 8 11 5 7 3 10 -3 6 -5 2 -12 2 -10 -6 -15 -6 -17 -9 0 0 0 0 0 0 0 0 0 0 0 0 0 0 0 0 0 0 0 0 0 0 -2 -1 -5 5 -6 3 -12 0 -12 7 -15 8 -16 4 -18 7 -11 13 -17 8 -18 12 -14 11 -17 -3 -9 0 0 1 -4 -3 3 -4 4 -12 5 -18 10 -25 9 -28 6 -33 10 -40 4 -43 8 -43 -1 -45 ]
CSI_DATA,STA,E4:D1:24:F2:5E:80,-86,10,0,0,0,0,0,0,0,0,0,-97,0,9,0,49391579,0,389,0,0,49.7743,128,[-123 81 24 0 -22 1 -16 -4 -6 -1 -7 -2 7 -5 8 -10 16 -9 18 -8 13 -14 16 -19 15 -19 17 -20 16 -18 15 -13 14 -15 12 -9 8 -7 7 -5 3 -3 3 -1 0 6 -1 8 -7 8 -5 14 -10 8 0 0 0 0 0 0 0 0 0 0 0 0 0 0 0 0 0 0 0 0 0 0 4 -1 1 2 6 3 9 7 7 11 6 11 8 14 12 14 8 13 7 11 12 10 5 5 5 6 3 6 5 1 -5 7 -2 1 -10 3 -17 -5 -19 -10 -25 -5 -26 -8 -32 -4 -35 -10 -33 0 -35 -3 ]
CSI_DATA,STA,E4:D1:24:F2:5E:80,-88,10,0,0,0,0,0,0,0,0,0,-97,0,9,0,49493982,0,389,0,0,49.8767,128,[-123 81 24 0 -8 -9 -4 -8 -5 -6 2 -4 8 0 7 1 11 8 10 14 14 6 15 3 15 6 19 7 13 9 15 9 12 2 9 6 4 2 3 -4 1 2 -6 0 -5 -3 -8 -2 -6 -5 -7 -8 -11 -8 0 0 0 0 0 0 0 0 0 0 0 0 0 0 0 0 0 0 0 0 0 0 4 1 7 4 2 3 2 9 1 8 6 11 5 9 5 11 4 13 4 9 5 10 4 9 -3 8 -1 8 -1 4 -4 0 -3 -4 -5 -7 -5 -12 -10 -12 -9 -17 -12 -22 -18 -19 -12 -25 -18 -15 -24 -24 ]
CSI_DATA,STA,E4:D1:24:F2:5E:80,-87,10,0,0,0,0,0,0,0,0,0,-97,0,9,0,49596384,0,389,0,0,49.9791,128,[-123 81 24 0 -15 17 -10 8 -6 3 -6 1 -11 -7 -7 -5 -4 -11 -12 -13 -14 -15 -16 -14 -17 -21 -12 -14 -17 -16 -12 -8 -13 -8 -10 -3 -4 -2 -5 -9 -1 -3 -2 -5 0 -4 4 1 12 -3 9 -2 15 0 0 0 0 0 0 0 0 0 0 0 0 0 0 0 0 0 0 0 0 0 0 0 3 -1 4 0 7 4 9 2 5 1 8 7 10 11 11 4 8 6 7 5 9 3 3 5 6 -1 6 2 3 1 -2 2 -3 1 -7 5 -8 6 -14 8 -21 15 -12 13 -17 18 -18 22 -22 20 -19 26 ]
CSI_DATA,STA,E4:D1:24:F2:5E:80,-87,10,0,0,0,0,0,0,0,0,0,-97,0,9,0,51866665,0,239,0,0,52.2494,128,[-17 -16 14 0 -24 -7 -12 1 -11 -2 -11 1 1 -4 4 -10 7 -8 4 -11 5 -14 12 -13 9 -16 9 -16 6 -16 12 -11 9 -14 2 -15 2 -14 5 -10 5 -7 5 -2 1 0 2 3 -2 6 2 7 -2 8 0 0 0 0 0 0 0 0 0 0 0 0 0 0 0 0 0 0 0 0 0 0 0 -2 1 0 -3 4 -7 3 -3 7 -2 9 4 9 -2 13 0 14 2 15 -4 13 0 3 2 14 2 11 3 7 0 3 -7 2 -4 -1 -13 -5 -15 -4 -21 -13 -19 -8 -26 -13 -25 -10 -25 -10 -25 -6 ]
CSI_DATA,STA,E4:D1:24:F2:5E:80,-87,10,0,0,0,0,0,0,0,0,0,-97,0,9,0,51951639,0,389,0,0,52.334,128,[-123 81 24 0 12 -11 10 -8 6 -4 5 -5 -6 2 -10 0 -11 7 -14 6 -17 9 -18 4 -21 5 -26 7 -16 4 -18 1 -15 3 -11 3 -15 0 -7 -3 -5 -4 0 3 4 -2 5 -1 5 3 5 6 12 6 0 0 0 0 0 0 0 0 0 0 0 0 0 0 0 0 0 0 0 0 0 0 -3 0 -1 5 -6 6 -5 8 -5 6 -10 10 -10 11 -9 9 -5 14 -8 8 -9 11 -6 3 -4 4 -8 0 0 1 3 5 1 -1 7 -4 12 -2 17 -5 9 -12 17 -10 23 -13 25 -16 29 -10 26 -15 ]
CSI_DATA,STA,E4:D1:24:F2:5E:80,-84,10,0,0,0,0,0,0,0,0,0,-97,0,9,0,52054041,0,389,0,0,52.4367,128,[-123 81 24 0 27 17 25 11 15 4 2 2 -2 -2 -11 1 -15 0 -20 0 -22 -6 -26 -6 -29 4 -28 -3 -29 -5 -24 -5 -25 -4 -22 -5 -15 -4 -15 -6 -9 -5 0 0 1 -4 9 -4 5 0 14 0 14 3 0 0 0 0 0 0 0 0 0 0 0 0 0 0 0 0 0 0 0 0 0 0 1 -6 -7 -7 -3 -2 -11 -8 -13 -7 -8 -10 -13 -14 -18 -12 -16 -14 -18 -15 -14 -15 -11 -10 -12 -11 -9 -11 -6 -6 -6 -7 4 -1 8 -1 16 6 14 10 20 12 32 16 33 18 41 21 44 18 45 14 ]
CSI_DATA,STA,E4:D1:24:F2:5E:80,-83,10,0,0,0,0,0,0,0,0,0,-97,0,9,0,52156444,0,389,0,0,52.539,128,[-123 81 24 0 -22 -26 -15 -17 -11 -8 -6 -5 4 1 19 5 18 7 23 11 27 11 29 14 27 13 32 13 30 15 27 13 22 11 19 8 15 11 7 6 8 2 -3 6 -2 1 -10 0 -15 -4 -8 -11 -13 -11 0 0 0 0 0 0 0 0 0 0 0 0 0 0 0 0 0 0 0 0 0 0 3 -3 5 4 10 5 13 12 9 15 12 19 12 20 12 25 15 22 11 21 5 19 6 20 2 13 6 12 2 6 -2 -1 -2 -8 -8 -10 -15 -14 -16 -24 -19 -31 -28 -35 -32 -34 -36 -40 -33 -40 -40 -42 ]
CSI_DATA,STA,E4:D1:24:F2:5E:80,-83,10,0,0,0,0,0,0,0,0,0,-97,0,9,0,52361248,0,389,0,0,52.744,128,[-123 81 24 0 25 -18 20 -12 14 -9 6 2 -2 8 -1 9 -5 16 -5 16 -6 19 -9 24 -7 29 -9 31 -3 28 -4 26 -3 20 -7 18 -4 16 -1 7 -7 5 -4 3 -5 0 -5 -7 -3 -11 2 -12 -4 -11 0 0 0 0 0 0 0 0 0 0 0 0 0 0 0 0 0 0 0 0 0 0 -5 2 -6 -1 -10 -3 -12 -5 -13 -8 -17 -9 -21 -5 -19 -8 -21 -4 -21 -8 -18 -6 -18 -5 -13 -4 -13 -9 -5 -3 -4 -5 4 -4 7 -5 18 -1 19 -10 27 -9 30 -16 39 -21 37 -22 37 -22 38 -25 ]
CSI_DATA,STA,E4:D1:24:F2:5E:80,-83,10,0,0,0,0,0,0,0,0,0,-97,0,9,0,52463656,0,389,0,0,52.8463,128,[-123 81 24 0 15 20 13 24 4 20 1 4 -6 -5 -13 -6 -14 -9 -25 -15 -24 -13 -24 -14 -29 -14 -31 -15 -27 -17 -25 -16 -21 -17 -17 -7 -10 -11 -13 -5 -8 -12 -3 -6 1 -2 6 -5 8 2 10 5 10 8 0 0 0 0 0 0 0 0 0 0 0 0 0 0 0 0 0 0 0 0 0 0 -1 -5 0 -8 3 -9 -2 -15 4 -20 7 -21 6 -21 8 -26 5 -24 2 -22 0 -26 4 -21 0 -18 0 -13 2 -5 -1 -3 4 4 2 7 0 19 9 23 3 28 14 40 18 44 10 44 18 51 23 55 ]
CSI_DATA,STA,E4:D1:24:F2:5E:80,-84,10,0,0,0,0,0,0,0,0,0,-97,0,9,0,52566058,0,389,0,0,52.9488,128,[-123 81 24 0 33 4 24 2 8 5 1 1 -4 2 -15 7 -20 4 -27 5 -25 6 -30 8 -34 10 -32 7 -27 9 -24 7 -23 7 -21 0 -16 2 -11 1 -12 0 -2 -5 5 -6 8 -6 11 -9 11 -9 14 -5 0 0 0 0 0 0 0 0 0 0 0 0 0 0 0 0 0 0 0 0 0 0 -3 1 -1 -2 -9 -8 -10 -10 -14 -11 -14 -16 -15 -20 -16 -18 -18 -17 -15 -20 -15 -17 -7 -17 -13 -14 -8 -10 -5 -8 -5 2 6 3 12 4 18 6 23 6 32 16 36 10 38 17 49 11 48 7 43 14 ]
CSI_DATA,STA,E4:D1:24:F2:5E:80,-83,10,0,0,0,0,0,0,0,0,0,-97,0,9,0,52668460,0,389,0,0,53.0511,128,[-123 81 24 0 -13 -31 -6 -21 1 -17 -1 -11 5 1 8 9 17 12 14 16 22 19 22 19 25 19 24 21 26 18 19 19 18 12 17 15 17 11 4 6 1 7 0 5 -6 2 -12 -4 -11 -4 -9 -8 -17 -9 0 0 0 0 0 0 0 0 0 0 0 0 0 0 0 0 0 0 0 0 0 0 0 0 1 2 4 15 0 16 -3 19 0 21 -5 23 -2 22 -5 22 -3 22 -2 23 -4 24 -4 22 -2 4 -4 1 -3 0 -3 -7 0 -12 -5 -20 -6 -28 -3 -38 -15 -42 -11 -47 -14 -52 -12 -55 -21 -57 ]
CSI_DATA,STA,E4:D1:24:F2:5E:80,-82,10,0,0,0,0,0,0,0,0,0,-97,0,9,0,52770863,0,389,0,0,53.1536,128,[-123 81 24 0 18 28 13 17 7 11 0 6 -9 3 -9 -7 -16 -5 -23 -9 -26 -3 -22 -11 -32 -8 -30 -11 -27 -7 -30 -8 -23 -10 -19 -9 -15 -5 -12 -7 -3 -7 -2 -4 5 -4 5 -4 8 -2 12 -4 12 5 0 0 0 0 0 0 0 0 0 0 0 0 0 0 0 0 0 0 0 0 0 0 0 -5 -1 -5 3 -12 -1 -15 3 -15 4 -19 4 -21 6 -22 4 -19 5 -20 1 -26 -3 -19 3 -18 0 -13 3 -7 -2 0 6 3 5 12 1 14 12 27 9 31 15 33 22 40 20 40 24 37 27 43 ]
CSI_DATA,STA,E4:D1:24:F2:5E:80,-83,10,0,0,0,0,0,0,0,0,0,-97,0,9,0,52870483,0,239,0,0,53.253,128,[-17 -16 14 0 -35 2 -28 10 -15 -6 -5 -1 1 -2 9 -10 16 -8 19 -16 23 -12 31 -22 23 -16 28 -17 22 -18 26 -18 19 -12 16 -10 16 -6 10 -9 7 -2 9 -3 2 1 -5 5 -5 9 -13 6 -11 7 0 0 0 0 0 0 0 0 0 0 0 0 0 0 0 0 0 0 0 0 0 0 -1 -1 7 -5 11 3 12 7 14 9 18 7 20 11 20 9 25 12 22 7 20 10 20 9 19 12 10 4 5 -1 4 0 -3 2 -14 0 -20 -3 -25 -4 -33 -5 -45 -2 -47 -3 -54 1 -55 6 -56 4 ]
CSI_DATA,STA,E4:D1:24:F2:5E:80,-83,10,0,0,0,0,0,0,0,0,0,-97,0,9,0,52873265,0,389,0,0,53.2839,128,[-123 81 24 0 -33 -15 -28 -8 -14 -5 -3 -2 1 -3 13 -8 14 -4 20 -7 25 -8 29 -10 28 -13 25 -5 26 -7 27 -9 21 -4 25 -3 16 -8 14 -2 8 7 1 1 0 5 -5 2 -11 7 -15 9 -15 -4 0 0 0 0 0 0 0 0 0 0 0 0 0 0 0 0 0 0 0 0 0 0 1 5 2 1 2 4 14 10 9 5 15 15 13 20 13 18 20 15 15 17 17 9 12 13 8 7 7 9 6 5 -2 0 -5 -2 -7 -7 -16 -9 -23 -13 -32 -17 -33 -21 -37 -15 -49 -14 -44 -13 -51 -12 ]
CSI_DATA,STA,E4:D1:24:F2:5E:80,-84,10,0,0,0,0,0,0,0,0,0,-97,0,9,0,52975668,0,389,0,0,53.3583,128,[-123 81 24 0 36 -1 26 2 11 1 6 1 -2 3 -11 1 -15 6 -23 3 -28 5 -31 5 -31 10 -33 8 -31 7 -30 2 -23 7 -22 3 -17 1 -16 0 -8 -4 -1 -2 -2 -6 4 -3 10 -6 12 -2 14 1 0 0 0 0 0 0 0 0 0 0 0 0 0 0 0 0 0 0 0 0 0 0 -4 0 -5 -2 -10 -3 -13 -1 -16 -4 -23 -5 -19 -6 -16 -6 -22 -4 -23 -5 -26 -9 -18 -3 -19 -5 -13 -2 -11 -6 -2 -4 3 0 9 2 20 3 25 5 32 6 36 7 50 6 44 5 56 6 54 1 ]
CSI_DATA,STA,E4:D1:24:F2:5E:80,-83,10,0,0,0,0,0,0,0,0,0,-97,0,9,0,53078070,0,389,0,0,53.4608,128,[-123 81 24 0 25 -29 17 -16 7 -8 10 -4 5 8 -2 17 2 21 -3 22 -3 23 -2 27 -4 33 3 33 2 35 5 28 2 21 0 20 -3 19 -5 15 -3 2 -2 2 -6 1 -2 -10 -6 -8 -10 -13 -6 -17 0 0 0 0 0 0 0 0 0 0 0 0 0 0 0 0 0 0 0 0 0 0 -3 1 -9 5 -7 0 -13 0 -15 5 -20 3 -25 4 -24 1 -18 6 -24 3 -23 2 -28 0 -21 3 -12 3 -7 5 -5 2 -2 -6 10 -4 14 -10 22 -14 26 -19 27 -30 33 -27 37 -39 35 -38 34 -43 ]
CSI_DATA,STA,E4:D1:24:F2:5E:80,-83,10,0,0,0,0,0,0,0,0,0,-97,0,9,0,53180472,0,389,0,0,53.5632,128,[-123 81 24 0 -26 -28 -18 -20 -11 -13 -4 -9 7 -3 6 6 12 7 17 9 22 8 28 15 28 10 27 16 27 18 21 21 22 12 20 11 17 12 7 12 4 8 -3 5 -4 2 -9 3 -11 -1 -11 -9 -13 -7 0 0 0 0 0 0 0 0 0 0 0 0 0 0 0 0 0 0 0 0 0 0 -2 3 1 5 2 4 5 13 7 12 4 18 5 19 5 19 6 20 6 23 9 21 8 18 5 20 4 11 3 9 -2 5 0 2 -3 -8 -7 -15 -10 -23 -14 -23 -21 -32 -27 -39 -28 -38 -31 -42 -37 -44 ]
CSI_DATA,STA,E4:D1:24:F2:5E:80,-83,10,0,0,0,0,0,0,0,0,0,-97,0,9,0,53204046,0,64,0,0,53.5937,128,[64 0 4 0 24 -23 14 -24 14 -16 5 -6 0 5 0 7 -5 15 -5 23 -10 22 -7 25 -11 27 -11 25 -11 27 -11 25 -11 22 -11 22 -3 16 -6 13 -6 7 -2 0 -5 -1 1 -6 5 -11 2 -14 4 -14 0 0 0 0 0 0 0 0 0 0 0 0 0 0 0 0 0 0 0 0 0 0 -2 2 -7 4 -11 7 -13 4 -11 7 -16 14 -18 13 -20 11 -20 9 -25 14 -22 13 -19 15 -9 7 -10 6 -6 8 -1 7 5 2 8 -10 13 -16 14 -22 20 -24 25 -31 27 -33 28 -39 31 -41 33 -41 ]
CSI_DATA,STA,E4:D1:24:F2:5E:80,-85,10,0,0,0,0,0,0,0,0,0,-97,0,9,0,53282875,0,389,0,0,53.6655,128,[-123 81 24 0 -1 27 -2 22 -5 13 -1 9 -4 -8 -4 -9 -2 -15 -5 -23 -4 -24 0 -27 1 -25 2 -27 -4 -24 -3 -26 -1 -25 3 -20 5 -17 3 -12 5 -6 2 -4 2 0 5 11 -1 8 -4 8 -5 12 0 0 0 0 0 0 0 0 0 0 0 0 0 0 0 0 0 0 0 0 0 0 -4 -3 1 -7 2 -8 -5 -15 3 -16 -2 -18 6 -17 7 -23 0 -20 3 -23 5 -15 4 -23 4 -13 -2 -15 1 -6 -4 -3 -2 -1 -6 11 -4 17 -3 28 -7 34 -6 34 -8 39 -9 39 -3 45 2 47 ]
CSI_DATA,STA,E4:D1:24:F2:5E:80,-83,10,0,0,0,0,0,0,0,0,0,-97,0,9,0,53385277,0,389,0,0,53.768,128,[-123 81 24 0 21 -25 19 -16 9 -10 3 -5 1 2 -6 8 -10 16 -13 19 -12 30 -18 29 -15 26 -13 30 -16 27 -12 20 -16 21 -12 13 -12 12 -10 9 -3 5 -6 -1 0 -2 -1 -4 2 -11 4 -12 9 -16 0 0 0 0 0 0 0 0 0 0 0 0 0 0 0 0 0 0 0 0 0 0 -3 -1 -7 1 -11 1 -13 4 -16 2 -22 1 -22 2 -30 7 -28 2 -23 7 -24 2 -18 2 -15 2 -13 1 -7 -1 -3 2 7 -11 11 -7 17 -10 20 -16 33 -13 36 -21 43 -23 41 -29 42 -30 46 -30 ]
CSI_DATA,STA,E4:D1:24:F2:5E:80,-83,10,0,0,0,0,0,0,0,0,0,-97,0,9,0,53487679,0,389,0,0,53.8704,128,[-123 81 24 0 -15 24 -10 16 -5 5 -4 -2 -3 -11 -3 -17 -1 -21 0 -28 4 -33 -3 -32 -1 -36 -1 -32 4 -35 -2 -29 5 -27 0 -22 0 -13 -1 -10 -1 -7 -1 -2 5 3 2 7 1 11 -4 15 -3 14 0 0 0 0 0 0 0 0 0 0 0 0 0 0 0 0 0 0 0 0 0 0 1 -3 7 -6 7 -12 10 -11 10 -11 16 -14 16 -10 17 -19 23 -15 22 -15 14 -12 12 -11 7 -8 10 -7 0 -2 4 -2 -6 9 -7 11 -15 20 -21 27 -24 23 -23 34 -24 41 -26 42 -24 50 -19 48 ]
CSI_DATA,STA,E4:D1:24:F2:5E:80,-83,10,0,0,0,0,0,0,0,0,0,-97,0,9,0,53590082,0,389,0,0,53.9726,128,[-123 81 24 0 17 -24 13 -17 6 -6 -1 6 3 8 4 15 6 20 5 24 1 29 4 26 8 27 8 29 3 30 7 24 6 21 5 18 1 13 5 11 -5 6 -1 3 -7 -4 -4 -5 -8 -10 -7 -15 -7 -12 0 0 0 0 0 0 0 0 0 0 0 0 0 0 0 0 0 0 0 0 0 0 -5 1 -10 -1 -11 0 -15 0 -15 -2 -19 -5 -23 0 -26 -2 -27 3 -26 -2 -17 -3 -22 -1 -16 -2 -8 -3 -7 0 -2 -6 5 -2 9 -5 17 -11 21 -18 25 -21 29 -24 31 -30 34 -31 28 -36 33 -36 ]
CSI_DATA,STA,E4:D1:24:F2:5E:80,-83,10,0,0,0,0,0,0,0,0,0,-97,0,9,0,53692484,0,389,0,0,54.075,128,[-123 81 24 0 28 -4 23 -1 13 0 3 4 -4 7 -9 14 -9 17 -18 24 -14 27 -25 22 -19 25 -14 27 -18 23 -15 24 -15 19 -10 17 -12 18 -10 12 -8 5 2 -1 -5 -4 5 -10 -7 -6 -2 -18 -1 -17 0 0 0 0 0 0 0 0 0 0 0 0 0 0 0 0 0 0 0 0 0 0 -7 -1 -2 -3 -6 -9 -12 -9 -9 -12 -11 -12 -15 -12 -18 -19 -16 -14 -16 -15 -19 -17 -17 -12 -15 -17 -9 -11 -8 -8 3 -5 7 -2 12 -1 18 3 30 1 38 0 46 6 45 2 44 -5 53 -5 50 -7 ]
CSI_DATA,STA,E4:D1:24:F2:5E:80,-84,10,0,0,0,0,0,0,0,0,0,-97,0,9,0,53794887,0,389,0,0,54.1776,128,[-123 81 24 0 -29 -16 -23 -12 -12 -13 -8 -9 1 -14 10 -8 17 -12 16 -13 26 -15 29 -13 25 -18 25 -20 25 -20 21 -18 19 -17 19 -11 14 -7 9 -3 7 -4 3 2 0 5 -3 6 -2 11 -4 14 -8 12 0 0 0 0 0 0 0 0 0 0 0 0 0 0 0 0 0 0 0 0 0 0 1 3 5 8 -1 9 -3 11 0 15 -2 21 5 23 -1 26 2 25 3 24 3 22 0 23 -1 20 2 13 6 7 -3 5 -6 -7 -16 -12 -13 -11 -25 -20 -24 -22 -29 -22 -37 -22 -46 -25 -50 -23 -48 -21 ]
CSI_DATA,STA,E4:D1:24:F2:5E:80,-84,10,0,0,0,0,0,0,0,0,0,-97,0,9,0,53873336,0,239,0,0,54.2556,128,[-17 -16 14 0 -12 26 -9 20 -8 8 -7 -4 -3 -2 -5 -13 -11 -16 -6 -21 -10 -25 -10 -27 -15 -31 -11 -25 -17 -24 -10 -26 -8 -24 -8 -16 -7 -19 -3 -16 -1 -6 2 -6 5 0 3 2 7 5 9 10 10 9 0 0 0 0 0 0 0 0 0 0 0 0 0 0 0 0 0 0 0 0 0 0 0 2 5 -2 8 -4 12 -2 16 -2 15 -5 22 -3 22 -7 24 -4 22 -8 21 -8 16 -3 19 -7 11 1 5 0 3 0 -2 3 -9 8 -16 11 -21 19 -21 23 -27 33 -29 36 -30 31 -27 39 -26 43 ]
CSI_DATA,STA,E4:D1:24:F2:5E:80,-84,10,0,0,0,0,0,0,0,0,0,-97,0,9,0,53897289,0,389,0,0,54.2877,128,[-123 81 24 0 19 24 16 12 8 12 7 6 -2 6 -9 4 -18 3 -19 -4 -24 -3 -30 3 -31 0 -29 0 -27 2 -25 3 -18 0 -24 4 -15 1 -11 1 -8 -3 -6 -3 -2 -4 8 -7 6 -10 8 -11 13 -9 0 0 0 0 0 0 0 0 0 0 0 0 0 0 0 0 0 0 0 0 0 0 -2 -1 2 -6 1 -7 6 -11 8 -11 8 -14 9 -18 8 -18 9 -23 9 -20 9 -23 6 -21 1 -19 3 -14 4 -9 3 -4 5 6 7 7 3 17 10 20 13 29 12 31 20 40 26 36 30 42 30 45 ]
CSI_DATA,STA,E4:D1:24:F2:5E:80,-84,10,0,0,0,0,0,0,0,0,0,-97,0,9,0,54102094,0,389,0,0,54.4848,128,[-123 81 24 0 -9 27 -8 20 -9 14 1 6 -1 -6 3 -8 3 -14 3 -19 6 -22 6 -21 2 -28 4 -24 2 -23 5 -23 6 -22 5 -20 7 -14 3 -9 5 -4 5 -3 1 -1 1 10 -1 10 -3 9 -11 10 0 0 0 0 0 0 0 0 0 0 0 0 0 0 0 0 0 0 0 0 0 0 -2 -3 1 -3 3 -8 6 -11 5 -15 10 -16 15 -20 6 -19 16 -16 16 -19 13 -14 11 -13 7 -10 5 -15 2 -3 1 -4 -2 6 -4 13 -9 15 -11 24 -15 27 -16 33 -13 38 -20 39 -14 39 -17 42 ]
CSI_DATA,STA,E4:D1:24:F2:5E:80,-85,10,0,0,0,0,0,0,0,0,0,-97,0,9,0,54204496,0,389,0,0,54.5872,128,[-123 81 24 0 -23 -13 -14 -9 -15 0 -1 -1 4 0 7 -2 16 8 13 5 21 6 23 8 23 8 22 11 23 3 23 4 24 -3 18 0 13 3 10 5 4 -1 1 4 -3 3 -9 0 -6 -3 -7 -1 -14 -6 0 0 0 0 0 0 0 0 0 0 0 0 0 0 0 0 0 0 0 0 0 0 2 -3 4 -1 7 2 11 3 10 4 11 9 10 11 18 11 20 6 16 11 15 10 12 8 14 12 8 9 5 9 -1 1 -6 1 -6 -9 -16 -6 -23 -14 -22 -15 -28 -19 -32 -14 -33 -19 -40 -20 -39 -18 ]
CSI_DATA,STA,E4:D1:24:F2:5E:80,-86,10,0,0,0,0,0,0,0,0,0,-97,0,9,0,54281488,0,64,0,0,54.6639,128,[64 0 4 0 10 -23 6 -13 7 -13 4 -8 3 3 5 8 1 4 2 14 2 21 -1 20 8 23 5 23 7 17 4 20 8 20 4 16 0 16 1 13 0 9 -4 3 -4 0 -2 -4 -4 -5 -5 -6 -3 -17 0 0 0 0 0 0 0 0 0 0 0 0 0 0 0 0 0 0 0 0 0 0 -4 0 -5 3 -7 0 -6 4 -12 6 -17 4 -15 4 -20 8 -17 12 -14 9 -14 10 -11 9 -14 8 -12 1 -7 6 -7 1 0 -1 5 -7 2 -2 8 -7 11 -17 15 -27 19 -29 13 -34 13 -38 13 -42 ]
CSI_DATA,STA,E4:D1:24:F2:5E:80,-86,10,0,0,0,0,0,0,0,0,0,-97,0,9,0,54306899,0,389,0,0,54.693,128,[-123 81 24 0 13 -22 6 -12 8 -5 2 -5 1 8 -8 8 -7 17 -9 17 -7 19 -17 16 -14 21 -13 17 -10 20 -11 17 -9 16 -8 13 -10 12 -7 7 -4 9 -3 -1 3 -6 3 -5 5 -3 5 -6 8 -8 0 0 0 0 0 0 0 0 0 0 0 0 0 0 0 0 0 0 0 0 0 0 -1 -1 -6 4 -6 9 -8 9 -8 9 -12 10 -10 13 -14 14 -19 13 -14 8 -11 15 -10 8 -8 12 -11 6 -6 1 -2 2 1 2 7 -5 9 -11 15 -16 23 -18 21 -21 25 -22 23 -31 29 -31 26 -30 ]
CSI_DATA,STA,E4:D1:24:F2:5E:80,-85,10,0,0,0,0,0,0,0,0,0,-97,0,9,0,54409299,0,389,0,0,54.7919,128,[-123 81 24 0 23 -16 16 -14 12 -9 5 -2 -2 -2 -3 4 -8 10 -9 12 -17 13 -14 16 -21 14 -18 19 -23 12 -22 11 -16 13 -18 7 -14 8 -8 0 -7 -1 -6 -1 -1 -2 1 0 9 -4 9 -7 12 1 0 0 0 0 0 0 0 0 0 0 0 0 0 0 0 0 0 0 0 0 0 0 -4 2 -3 3 -3 6 -6 6 -12 4 -13 16 -10 11 -15 11 -11 11 -14 14 -18 15 -12 11 -13 8 -11 7 -6 11 1 1 -2 0 4 -1 11 -9 16 -10 13 -16 18 -20 23 -19 27 -23 27 -26 27 -32 ]
CSI_DATA,STA,E4:D1:24:F2:5E:80,-86,10,0,0,0,0,0,0,0,0,0,-97,0,9,0,54511701,0,389,0,0,54.8944,128,[-123 81 24 0 -6 -22 -8 -22 -3 -8 -1 -3 0 1 1 3 1 14 5 16 9 14 8 20 4 21 3 19 6 17 6 20 5 19 1 12 4 12 -1 7 1 4 1 2 -1 -1 -2 -5 -2 -8 3 -10 2 -14 0 0 0 0 0 0 0 0 0 0 0 0 0 0 0 0 0 0 0 0 0 0 1 2 2 0 2 2 3 8 2 8 2 9 5 13 9 17 6 16 8 13 5 13 5 15 7 8 -1 4 3 9 0 -3 -2 -8 -6 -11 -6 -14 -7 -14 -8 -23 -8 -29 -13 -27 -8 -34 -15 -34 -9 -34 ]
CSI_DATA,STA,E4:D1:24:F2:5E:80,-89,10,0,0,0,0,0,0,0,0,0,-97,0,9,0,54716506,0,389,0,0,55.0992,128,[-123 81 24 0 1 -17 -2 -13 -1 -13 -1 -3 -6 0 3 5 2 9 -3 17 0 19 6 15 3 20 1 18 4 13 1 13 5 9 0 13 -1 8 -2 8 3 4 -6 -1 -2 -2 -5 -2 -1 -4 -5 -5 -3 -8 0 0 0 0 0 0 0 0 0 0 0 0 0 0 0 0 0 0 0 0 0 0 -4 0 -4 2 -8 6 -3 5 -8 5 -9 6 -7 8 -10 8 -14 11 -12 10 -6 9 -2 9 -4 6 -2 4 1 6 3 0 -2 -2 2 -8 5 -8 4 -10 11 -16 6 -19 6 -29 10 -26 7 -31 15 -23 ]
CSI_DATA,STA,E4:D1:24:F2:5E:80,-86,10,0,0,0,0,0,0,0,0,0,-97,0,9,0,54818908,0,389,0,0,55.2017,128,[-123 81 24 0 -3 22 -5 15 -4 12 1 3 -6 1 -1 -6 10 -11 6 -12 9 -8 10 -15 8 -17 11 -17 10 -10 11 -10 12 -8 6 -7 9 -5 9 0 5 3 0 1 -4 0 -2 5 0 -1 -6 -2 -11 -2 0 0 0 0 0 0 0 0 0 0 0 0 0 0 0 0 0 0 0 0 0 0 -6 -6 -6 -4 -6 -2 -9 -6 -8 -10 -8 -11 -11 -11 -13 -16 -14 -13 -7 -8 -10 -11 -3 -9 -9 -7 -4 -8 -8 -4 -2 3 -2 2 -5 7 -6 10 -2 17 3 15 2 28 0 23 1 36 -8 30 3 32 ]
CSI_DATA,STA,E4:D1:24:F2:5E:80,-86,10,0,0,0,0,0,0,0,0,0,-97,0,9,0,54886400,0,239,0,0,55.269,128,[-17 -16 14 0 27 6 19 5 8 5 4 1 -3 1 -3 2 -15 -5 -13 -5 -15 -4 -22 2 -17 -4 -21 -4 -19 -2 -18 -2 -19 -9 -16 -3 -11 -5 -5 -9 -1 -7 -2 -3 -1 2 6 -1 7 0 8 4 10 8 0 0 0 0 0 0 0 0 0 0 0 0 0 0 0 0 0 0 0 0 0 0 -1 0 -3 -3 -6 1 -12 -2 -15 1 -15 -1 -15 -3 -16 -3 -17 -2 -14 -1 -14 -4 -11 -3 -14 -6 -8 -1 -7 -2 0 0 -5 -4 -3 1 10 7 12 2 19 6 20 1 21 4 27 12 31 2 37 1 ]
CSI_DATA,STA,E4:D1:24:F2:5E:80,-88,10,0,0,0,0,0,0,0,0,0,-97,0,9,0,55126116,0,389,0,0,55.5087,128,[-123 81 24 0 19 5 14 6 6 8 0 0 -7 5 -6 0 -12 1 -15 1 -12 5 -15 5 -18 2 -21 9 -18 -1 -19 6 -11 8 -14 5 -12 -1 -6 3 -8 -2 -1 -1 -5 -4 1 -2 0 -6 3 -6 5 -11 0 0 0 0 0 0 0 0 0 0 0 0 0 0 0 0 0 0 0 0 0 0 0 -1 0 -8 1 -8 -2 -7 3 -11 5 -14 5 -11 3 -11 2 -17 4 -14 0 -11 -2 -14 1 -6 -1 -5 -1 -2 -2 1 0 3 0 7 5 5 6 11 14 12 11 18 15 10 21 14 24 13 19 15 ]
CSI_DATA,STA,E4:D1:24:F2:5E:80,-88,10,0,0,0,0,0,0,0,0,0,-97,0,9,0,55330920,0,389,0,0,55.7136,128,[-123 81 24 0 21 -4 13 -12 11 -3 5 -2 4 4 -3 13 -4 9 -3 12 -5 9 -5 15 -13 16 -8 15 -3 18 -3 14 -8 17 -6 11 -2 8 -1 7 -3 -1 -6 -3 -3 -1 -3 -5 0 -4 2 -4 2 -10 0 0 0 0 0 0 0 0 0 0 0 0 0 0 0 0 0 0 0 0 0 0 -3 4 -5 -3 -5 -1 -7 -1 -4 -6 -13 -1 -10 1 -9 -6 -11 -3 -12 -9 -16 -6 -12 0 -8 -6 -5 0 -3 0 -2 -7 -2 -1 4 -7 6 0 13 -3 15 -5 18 -5 23 -12 28 -4 21 -11 21 -13 ]
CSI_DATA,STA,E4:D1:24:F2:5E:80,-88,10,0,0,0,0,0,0,0,0,0,-97,0,9,0,57378965,0,389,0,0,57.7618,128,[-123 81 24 0 15 14 8 11 8 7 -2 5 0 4 -7 -2 -9 -8 -10 -4 -14 -6 -16 -9 -21 -7 -18 -10 -20 -5 -18 -6 -14 -6 -16 -12 -13 -2 -12 -10 -6 -5 -2 -8 0 -3 -1 -4 3 3 4 2 9 5 0 0 0 0 0 0 0 0 0 0 0 0 0 0 0 0 0 0 0 0 0 0 3 -2 -1 -2 -1 -4 0 -4 -3 -5 0 -11 -5 -16 -5 -14 2 -17 -5 -15 -5 -14 -4 -12 -1 -13 3 -7 -2 -3 -3 -1 -5 1 1 2 1 6 8 7 7 10 11 12 17 26 11 23 20 23 20 26 ]
CSI_DATA,STA,E4:D1:24:F2:5E:80,-89,10,0,0,0,0,0,0,0,0,0,-97,0,9,0,57686172,0,389,0,0,58.0689,128,[-123 81 24 0 -2 -19 0 -16 -3 -7 0 -2 1 0 -3 2 2 7 2 10 5 10 0 13 -2 16 1 17 -3 17 -4 17 -2 17 -1 16 0 10 -6 8 -5 7 -2 4 0 -2 -4 -10 -4 -5 2 -8 1 -9 0 0 0 0 0 0 0 0 0 0 0 0 0 0 0 0 0 0 0 0 0 0 1 3 -5 1 -4 3 -3 8 -4 5 -1 7 1 11 -5 11 2 14 0 14 -5 8 0 6 -1 7 1 7 4 5 1 1 4 0 -2 -4 2 -8 2 -12 0 -16 4 -19 -5 -23 2 -25 1 -25 0 -29 ]
CSI_DATA,STA,E4:D1:24:F2:5E:80,-89,10,0,0,0,0,0,0,0,0,0,-97,0,9,0,57890977,0,389,0,0,58.2738,128,[-123 81 24 0 16 12 15 12 7 9 -1 4 -1 1 -11 -3 -13 0 -16 -1 -15 -5 -21 -3 -18 -3 -22 -6 -20 -1 -18 -4 -14 -5 -15 -4 -11 -3 -8 -6 -2 -3 -1 -1 3 -2 5 -7 5 -2 9 0 13 -1 0 0 0 0 0 0 0 0 0 0 0 0 0 0 0 0 0 0 0 0 0 0 0 -3 -1 -3 2 -8 -2 -7 0 -6 0 -6 -1 -11 1 -11 -3 -9 -2 -17 -2 -13 1 -11 -6 -9 -4 -8 -2 -8 -4 -1 -1 1 0 6 1 12 4 15 10 11 11 17 13 20 14 19 18 21 18 28 ]
CSI_DATA,STA,E4:D1:24:F2:5E:80,-87,10,0,0,0,0,0,0,0,0,0,-97,0,9,0,57993379,0,389,0,0,58.3761,128,[-123 81 24 0 15 -11 10 -10 10 -13 10 3 -1 -1 -10 6 -9 11 -14 8 -17 13 -18 15 -14 14 -15 18 -16 15 -17 12 -17 8 -15 11 -10 8 -8 3 -8 2 -4 -3 -3 -1 7 -3 6 -2 9 -4 8 -4 0 0 0 0 0 0 0 0 0 0 0 0 0 0 0 0 0 0 0 0 0 0 1 1 -3 -1 -4 1 -6 2 -10 8 -8 9 -8 10 -12 12 -5 10 -16 9 -8 13 -9 7 -13 6 -8 4 0 8 -6 -1 -4 3 11 -7 7 -6 15 -5 17 -11 24 -17 23 -19 28 -23 25 -22 30 -22 ]
CSI_DATA,STA,E4:D1:24:F2:5E:80,-85,10,0,0,0,0,0,0,0,0,0,-97,0,9,0,58095782,0,389,0,0,58.4783,128,[-123 81 24 0 -21 24 -12 19 -9 7 2 0 -6 -4 1 -14 4 -20 4 -20 4 -26 6 -28 5 -29 3 -27 0 -22 2 -23 2 -19 5 -20 0 -11 6 -7 2 0 0 -7 -2 5 -2 5 -2 9 1 7 -2 15 0 0 0 0 0 0 0 0 0 0 0 0 0 0 0 0 0 0 0 0 0 0 1 2 4 -2 9 -5 13 -8 13 -10 13 -10 19 -10 23 -9 18 -8 21 -14 17 -8 16 -10 12 -6 12 -9 1 -4 -1 -4 0 1 -11 3 -13 9 -19 13 -23 23 -23 26 -28 26 -25 24 -31 34 -28 28 ]
CSI_DATA,STA,E4:D1:24:F2:5E:80,-84,10,0,0,0,0,0,0,0,0,0,-97,0,9,0,58198283,0,389,0,0,58.581,128,[-123 81 24 0 -27 8 -19 6 -15 -3 -3 -1 8 -11 13 -8 13 -14 14 -16 23 -17 25 -19 20 -19 18 -22 18 -23 17 -15 12 -15 15 -21 10 -11 11 -11 5 -3 4 2 -3 7 -4 8 -5 8 -7 11 -12 9 0 0 0 0 0 0 0 0 0 0 0 0 0 0 0 0 0 0 0 0 0 0 4 -2 5 0 13 2 14 4 12 5 17 9 18 11 19 9 25 17 20 8 21 12 17 4 10 13 9 9 1 2 -3 3 -11 5 -20 -1 -19 -6 -32 -3 -38 1 -40 4 -49 4 -54 2 -45 -1 -49 5 ]
CSI_DATA,STA,E4:D1:24:F2:5E:80,-84,10,0,0,0,0,0,0,0,0,0,-97,0,9,0,58300587,0,389,0,0,58.6833,128,[-123 81 24 0 -23 -22 -16 -13 -9 -8 -3 -6 5 2 8 15 14 11 15 16 18 16 26 19 20 18 25 18 17 24 14 19 14 14 7 19 10 16 5 9 2 4 4 -1 -3 -3 -7 -5 -8 -4 -7 -13 -8 -13 0 0 0 0 0 0 0 0 0 0 0 0 0 0 0 0 0 0 0 0 0 0 1 2 4 6 4 6 10 8 12 11 11 13 15 13 11 18 12 18 12 15 7 16 7 15 9 9 8 7 3 4 -5 -1 -3 -9 -11 -12 -4 -15 -14 -21 -19 -25 -24 -26 -29 -34 -27 -35 -34 -35 -33 -37 ]
CSI_DATA,STA,E4:D1:24:F2:5E:80,-84,10,0,0,0,0,0,0,0,0,0,-97,0,9,0,58361487,0,64,0,0,58.7436,128,[64 0 4 0 28 10 19 8 9 6 2 5 -8 4 -14 4 -15 2 -28 2 -23 8 -29 3 -28 1 -27 4 -26 11 -29 7 -24 7 -18 6 -16 0 -13 1 -4 -4 1 -3 1 0 7 -7 6 -6 13 -4 14 -1 0 0 0 0 0 0 0 0 0 0 0 0 0 0 0 0 0 0 0 0 0 0 -2 -2 -4 -3 -5 -12 -5 -12 -8 -14 -16 -14 -10 -16 -13 -20 -14 -25 -11 -14 -16 -14 -8 -15 -9 -8 -6 -13 -9 -7 0 3 3 0 9 3 9 8 21 13 22 20 29 21 43 14 39 16 42 23 44 21 ]
CSI_DATA,STA,E4:D1:24:F2:5E:80,-85,10,0,0,0,0,0,0,0,0,0,-97,0,9,0,58505391,0,389,0,0,58.888,128,[-123 81 24 0 16 -31 8 -17 7 -13 3 -6 -2 1 -1 8 -8 13 -2 22 -7 23 -9 24 -6 20 -11 26 -11 17 -9 17 -11 11 -7 14 -7 7 -6 7 -3 3 -4 -4 0 0 0 -4 1 -9 4 -13 8 -10 0 0 0 0 0 0 0 0 0 0 0 0 0 0 0 0 0 0 0 0 0 0 -1 1 -2 9 -5 7 -5 9 -7 11 -10 12 -12 19 -12 19 -16 15 -14 17 -10 16 -11 16 -12 9 -2 8 -3 3 -1 0 0 -2 5 -5 11 -12 12 -20 13 -27 19 -24 19 -34 23 -37 21 -38 19 -45 ]
CSI_DATA,STA,E4:D1:24:F2:5E:80,-84,10,0,0,0,0,0,0,0,0,0,-97,0,9,0,58607794,0,389,0,0,58.9905,128,[-123 81 24 0 4 33 4 24 3 10 -2 10 -7 -1 -8 -11 -13 -18 -12 -20 -10 -27 -15 -23 -22 -27 -17 -22 -18 -23 -15 -24 -14 -17 -12 -17 -10 -17 -3 -16 -2 -7 1 -6 0 0 7 4 5 7 5 10 6 11 0 0 0 0 0 0 0 0 0 0 0 0 0 0 0 0 0 0 0 0 0 0 -1 -1 -1 -6 -1 -12 4 -13 7 -18 7 -16 4 -21 2 -23 9 -29 4 -19 4 -23 7 -22 1 -18 3 -15 -5 -8 -3 -4 -3 3 -3 6 -5 13 1 21 -3 33 0 39 3 45 8 46 4 48 1 45 ]
CSI_DATA,STA,E4:D1:24:F2:5E:80,-84,10,0,0,0,0,0,0,0,0,0,-97,0,9,0,58710196,0,389,0,0,59.0929,128,[-123 81 24 0 2 35 -3 20 0 14 -5 5 -2 -2 -3 -13 -1 -19 -6 -19 -7 -28 -4 -30 -12 -32 -12 -30 -8 -31 -8 -31 -5 -22 -1 -22 -3 -15 -1 -12 2 -13 4 -8 0 2 1 6 2 15 2 13 -4 11 0 0 0 0 0 0 0 0 0 0 0 0 0 0 0 0 0 0 0 0 0 0 4 -3 2 -3 2 -8 1 -13 9 -15 5 -24 7 -19 11 -24 7 -21 6 -18 12 -18 2 -26 6 -17 -1 -14 3 -4 0 -6 -8 9 -1 6 -8 18 -4 20 -10 32 0 36 -5 46 -1 48 -8 52 -9 46 ]
CSI_DATA,STA,E4:D1:24:F2:5E:80,-85,10,0,0,0,0,0,0,0,0,0,-97,0,9,0,58812598,0,389,0,0,59.1952,128,[-123 81 24 0 28 -2 20 -6 11 0 5 0 0 2 -8 3 -13 1 -17 8 -21 3 -20 7 -26 4 -25 7 -23 6 -21 5 -19 5 -17 0 -13 -2 -11 -1 -11 0 -3 -3 -1 -4 4 -1 7 -3 11 -4 14 1 0 0 0 0 0 0 0 0 0 0 0 0 0 0 0 0 0 0 0 0 0 0 -3 1 -5 -2 -5 -1 -11 1 -17 -3 -14 3 -23 -2 -18 -3 -20 -2 -23 2 -20 1 -14 0 -16 0 -10 -1 -9 -4 -2 2 4 1 14 -3 18 0 21 1 28 0 30 2 36 0 40 -1 48 -2 43 -5 ]
CSI_DATA,STA,E4:D1:24:F2:5E:80,-85,10,0,0,0,0,0,0,0,0,0,-97,0,9,0,58915001,0,389,0,0,59.2976,128,[-123 81 24 0 -22 -29 -11 -18 -5 -12 -2 -4 0 0 8 3 10 10 16 9 20 11 23 9 26 16 29 18 27 19 19 17 16 7 15 9 13 7 7 9 6 9 6 5 -5 -3 -3 2 -8 -2 -7 -6 -13 -7 0 0 0 0 0 0 0 0 0 0 0 0 0 0 0 0 0 0 0 0 0 0 -4 0 1 0 0 6 0 7 2 9 -1 18 2 15 -2 23 0 21 0 21 -2 16 -1 17 3 13 -2 12 -4 13 -3 7 -5 -2 -6 -7 -5 -18 -5 -22 -9 -25 -16 -32 -20 -38 -18 -43 -19 -47 -21 -47 ]
CSI_DATA,STA,E4:D1:24:F2:5E:80,-85,10,0,0,0,0,0,0,0,0,0,-97,0,9,0,59017403,0,389,0,0,59.4001,128,[-123 81 24 0 -25 -15 -19 -3 -11 -8 -5 -6 4 4 10 -3 20 -3 22 4 28 4 27 2 27 1 30 1 26 0 28 4 20 3 22 6 13 4 16 7 8 0 0 1 -4 4 -2 -3 -6 -4 -14 -8 -13 -5 0 0 0 0 0 0 0 0 0 0 0 0 0 0 0 0 0 0 0 0 0 0 4 2 6 1 6 4 10 9 16 9 10 10 14 12 20 13 16 10 17 17 17 16 14 14 11 8 6 6 3 2 3 1 -2 -4 -11 -4 -13 -9 -24 -13 -25 -15 -34 -16 -38 -17 -44 -17 -45 -18 -48 -17 ]
CSI_DATA,STA,E4:D1:24:F2:5E:80,-83,10,0,0,0,0,0,0,0,0,0,-97,0,9,0,59119806,0,389,0,0,59.5025,128,[-123 81 24 0 9 29 4 23 -1 13 -4 2 -6 1 -10 -11 -10 -17 -16 -21 -22 -24 -18 -24 -22 -24 -23 -20 -17 -21 -19 -18 -17 -16 -14 -18 -10 -15 -4 -8 3 -9 -1 -4 4 -1 6 0 10 7 7 11 10 11 0 0 0 0 0 0 0 0 0 0 0 0 0 0 0 0 0 0 0 0 0 0 -3 -3 0 -5 -1 -13 0 -15 -2 -18 4 -21 0 -22 0 -21 2 -23 4 -23 4 -25 2 -23 1 -18 3 -13 -4 -10 -2 -5 0 2 2 9 2 17 8 25 6 34 6 40 7 47 11 46 12 49 17 38 ]
CSI_DATA,STA,E4:D1:24:F2:5E:80,-83,10,0,0,0,0,0,0,0,0,0,-97,0,9,0,59248068,0,182,0,0,59.6306,128,[-74 96 11 0 3 -30 2 -29 5 -18 5 -10 7 1 5 8 8 16 11 20 12 18 11 20 14 23 18 28 11 22 14 25 15 21 14 19 11 13 2 11 1 9 -1 4 -4 6 -5 -4 -10 -7 -11 -7 -8 -9 0 0 0 0 0 0 0 0 0 0 0 0 0 0 0 0 0 0 0 0 0 0 -4 2 -6 0 -5 5 -11 7 -13 6 -14 10 -16 15 -19 6 -21 15 -23 12 -17 9 -20 8 -14 13 -15 7 -11 4 -5 5 2 -4 2 -8 5 -15 11 -24 7 -33 8 -39 13 -47 10 -45 13 -43 7 -51 ]
CSI_DATA,STA,E4:D1:24:F2:5E:80,-84,10,0,0,0,0,0,0,0,0,0,-97,0,9,0,59324610,0,389,0,0,59.707,128,[-123 81 24 0 27 9 29 6 19 6 9 5 -2 1 -6 3 -14 2 -20 0 -22 0 -29 5 -31 0 -31 1 -28 -4 -25 -5 -25 -4 -21 1 -18 1 -17 0 -11 -9 -5 -6 1 -3 1 -5 8 -4 10 2 12 0 0 0 0 0 0 0 0 0 0 0 0 0 0 0 0 0 0 0 0 0 0 0 -1 -1 -1 -2 -10 -4 -8 -4 -11 -9 -13 -10 -17 -16 -15 -9 -17 -15 -20 -13 -17 -11 -19 -10 -18 -10 -13 -11 -4 -4 -3 -1 -2 2 3 6 14 3 22 11 25 14 31 10 37 19 44 19 41 19 50 16 ]
CSI_DATA,STA,E4:D1:24:F2:5E:80,-84,10,0,0,0,0,0,0,0,0,0,-97,0,9,0,59410687,0,64,0,0,59.7932,128,[64 0 4 0 -34 -3 -37 -8 -39 -7 -31 -11 -36 -11 -30 1 -32 -7 -26 -1 -23 -4 -19 -3 -10 -2 -5 -2 2 -7 6 -4 10 -2 12 3 19 6 15 -2 21 4 20 5 12 11 11 10 15 11 8 11 4 10 0 0 0 0 0 0 0 0 0 0 0 0 0 0 0 0 0 0 0 0 0 0 -9 7 -13 4 -17 3 -12 6 -11 1 -7 2 1 4 0 2 0 4 11 2 5 1 13 1 17 3 20 2 22 3 31 -4 27 -3 26 2 28 -1 25 6 27 0 14 0 8 5 11 6 -2 -11 -13 -7 ]
CSI_DATA,STA,E4:D1:24:F2:5E:80,-85,10,0,0,0,0,0,0,0,0,0,-97,0,9,0,59427013,0,389,0,0,59.8229,128,[-123 81 24 0 -34 6 -31 1 -33 9 -34 8 -37 3 -29 0 -29 6 -25 4 -18 9 -13 3 -8 -1 -5 -2 0 1 3 -3 7 -5 13 -6 14 -8 18 0 20 -4 18 -4 19 -2 18 2 18 4 16 1 9 7 0 0 0 0 0 0 0 0 0 0 0 0 0 0 0 0 0 0 0 0 0 0 -15 3 -14 0 -14 2 -9 0 -12 0 -11 -2 -6 -1 0 5 5 -4 5 2 8 -2 13 8 17 3 17 5 26 7 21 1 34 -1 23 1 24 0 20 4 22 2 19 4 8 2 4 -4 -4 2 -10 2 ]
CSI_DATA,STA,E4:D1:24:F2:5E:80,-85,10,0,0,0,0,0,0,0,0,0,-97,0,9,0,59451534,0,194,0,0,59.8621,128,[-62 32 12 0 -34 8 -39 7 -37 0 -41 8 -33 9 -35 7 -25 -1 -26 4 -18 -1 -18 3 -14 0 -5 4 4 -1 1 -6 9 -5 14 -4 17 -1 18 -3 23 3 18 -2 15 7 17 8 15 6 9 8 4 8 0 0 0 0 0 0 0 0 0 0 0 0 0 0 0 0 0 0 0 0 0 0 -10 10 -13 9 -8 5 -10 8 -10 4 -6 2 -7 2 1 6 0 -3 5 2 9 -4 17 1 18 -3 24 -1 26 -2 26 -11 29 -2 27 -1 24 -3 21 -2 18 -9 12 -9 9 -4 8 -6 -9 0 -11 -2 ]
CSI_DATA,STA,E4:D1:24:F2:5E:80,-84,10,0,0,0,0,0,0,0,0,0,-97,0,9,0,59529415,0,389,0,0,59.9119,128,[-123 81 24 0 -27 -25 -37 -27 -33 -27 -37 -31 -32 -27 -27 -20 -25 -25 -18 -15 -15 -17 -8 -13 -7 -6 -1 -4 4 1 7 -1 16 2 10 2 15 4 15 9 20 13 17 12 8 10 16 12 13 9 3 13 5 4 0 0 0 0 0 0 0 0 0 0 0 0 0 0 0 0 0 0 0 0 0 0 -7 -10 -10 -15 -5 -16 -6 -12 -7 -10 -4 -8 -5 -6 1 -3 1 5 2 7 0 7 8 13 8 19 6 20 11 25 14 27 10 26 16 22 12 23 19 22 17 20 7 13 5 9 8 3 3 -6 -11 -6 ]
CSI_DATA,STA,E4:D1:24:F2:5E:80,-83,10,0,0,0,0,0,0,0,0,0,-97,0,9,0,59631818,0,389,0,0,60.0144,128,[-123 81 24 0 26 -18 33 -22 30 -28 33 -25 26 -28 28 -26 24 -22 22 -19 11 -13 14 -14 12 -6 3 -1 3 4 -3 10 3 11 -2 14 -6 16 -4 21 -1 16 -5 20 -7 23 -9 18 -8 13 -7 10 -7 7 0 0 0 0 0 0 0 0 0 0 0 0 0 0 0 0 0 0 0 0 0 0 11 9 8 10 8 6 6 6 8 5 3 3 6 4 4 2 -6 -2 -5 0 -9 -8 -17 -10 -21 -9 -24 -10 -26 -6 -26 -9 -28 -9 -33 -8 -33 -9 -28 -10 -24 -5 -15 0 -9 -7 -8 -8 1 -5 11 -8 ]
CSI_DATA,STA,E4:D1:24:F2:5E:80,-84,10,0,0,0,0,0,0,0,0,0,-97,0,9,0,59702453,0,194,0,0,60.0848,128,[-62 32 12 0 -35 -17 -32 -18 -40 -15 -40 -16 -32 -12 -36 -14 -31 -14 -23 -15 -18 -11 -12 -5 -14 -6 -6 -4 -1 -5 8 -4 11 -5 19 -4 15 -8 18 -1 18 -2 19 -1 23 1 16 -3 15 3 11 3 9 2 0 0 0 0 0 0 0 0 0 0 0 0 0 0 0 0 0 0 0 0 0 0 0 -15 -4 -16 -2 -14 -2 -15 3 -11 1 -9 3 0 1 3 1 3 5 4 3 15 0 8 0 16 7 23 3 27 8 23 10 25 7 28 2 25 4 22 4 21 8 16 2 13 -1 3 -4 -6 -14 -9 ]
CSI_DATA,STA,E4:D1:24:F2:5E:80,-84,10,0,0,0,0,0,0,0,0,0,-97,0,9,0,59734220,0,389,0,0,60.1165,128,[-123 81 24 0 -12 25 -10 38 -10 43 -4 45 -6 46 -5 33 1 31 -2 27 -3 19 2 20 -2 8 -11 6 -5 -6 1 -10 -9 -9 -2 -24 -5 -16 -12 -21 -7 -22 1 -25 3 -22 3 -16 1 -18 4 -20 8 -14 0 0 0 0 0 0 0 0 0 0 0 0 0 0 0 0 0 0 0 0 0 0 -8 11 -14 9 -12 10 -7 7 -1 6 -8 6 -6 1 -7 1 3 -8 9 -12 2 -3 8 -11 16 -15 17 -16 18 -24 18 -20 18 -24 16 -28 10 -24 10 -32 5 -19 10 -24 1 -9 2 -13 -2 -1 0 14 ]
CSI_DATA,STA,E4:D1:24:F2:5E:80,-85,10,0,0,0,0,0,0,0,0,0,-97,0,9,0,59836622,0,389,0,0,60.2194,128,[-123 81 24 0 -14 33 -13 33 -12 34 -7 35 -9 31 -11 27 -5 27 -6 26 -10 19 -2 13 -4 8 -8 6 -6 0 -8 -7 -4 -8 -9 -13 -8 -17 -9 -22 -8 -19 -3 -20 0 -22 -3 -21 3 -17 -1 -16 1 -10 0 0 0 0 0 0 0 0 0 0 0 0 0 0 0 0 0 0 0 0 0 0 -13 2 -15 1 -14 2 -12 1 -9 4 -5 0 -1 1 -3 -1 0 -4 5 -2 14 -3 15 -3 20 -8 16 -4 25 -9 26 -13 24 -17 26 -17 20 -14 20 -13 17 -15 12 -8 5 -5 -1 -3 3 3 -10 10 ]
CSI_DATA,STA,E4:D1:24:F2:5E:80,-85,10,0,0,0,0,0,0,0,0,0,-97,0,9,0,59939025,0,389,0,0,60.3217,128,[-123 81 24 0 26 6 36 6 33 7 37 7 30 6 30 3 32 3 20 1 16 6 13 6 4 0 1 -1 -2 5 -5 5 -10 8 -14 12 -14 8 -15 6 -16 7 -20 7 -13 4 -21 3 -16 0 -14 0 -8 -2 0 0 0 0 0 0 0 0 0 0 0 0 0 0 0 0 0 0 0 0 0 0 3 13 2 11 3 9 0 11 0 11 0 9 0 7 -3 -3 0 -3 -5 -6 -6 -9 -4 -15 -6 -22 -10 -21 -9 -19 -12 -23 -11 -23 -14 -22 -14 -20 -12 -22 -17 -18 -5 -16 -3 -9 4 0 10 2 16 7 ]
CSI_DATA,STA,E4:D1:24:F2:5E:80,-85,10,0,0,0,0,0,0,0,0,0,-97,0,9,0,59954442,0,194,0,0,60.3521,128,[-62 32 12 0 30 -6 27 -7 33 -8 35 -7 33 -7 25 -6 24 -5 21 -11 21 -7 14 -5 7 -2 5 5 -1 5 0 8 -5 10 -6 11 -5 12 -8 13 -12 13 -11 12 -12 14 -12 11 -11 8 -11 8 -7 2 0 0 0 0 0 0 0 0 0 0 0 0 0 0 0 0 0 0 0 0 0 0 2 11 1 13 1 13 2 5 2 5 1 5 -3 5 -2 -4 -4 -3 -5 -9 -6 -10 -9 -15 -12 -16 -12 -17 -8 -24 -16 -20 -18 -17 -15 -19 -20 -11 -18 -13 -19 -11 -11 -9 -3 -5 -1 -10 7 -4 18 -2 ]
CSI_DATA,STA,E4:D1:24:F2:5E:80,-85,10,0,0,0,0,0,0,0,0,0,-97,0,9,0,60041427,0,389,0,0,60.424,128,[-123 81 24 0 7 -28 8 -33 -1 -38 5 -37 -1 -32 7 -27 -1 -30 -5 -23 -5 -19 -3 -19 5 -11 1 -7 3 -4 3 -2 12 -5 15 1 13 3 13 7 15 6 15 9 11 4 13 6 11 7 12 9 7 8 0 0 0 0 0 0 0 0 0 0 0 0 0 0 0 0 0 0 0 0 0 0 7 7 7 10 4 13 5 11 6 8 3 6 1 6 -3 6 3 3 -6 0 -7 0 -10 -6 -18 -4 -16 -3 -22 -3 -24 -3 -26 -2 -21 0 -25 1 -23 7 -18 5 -20 5 -12 0 -10 1 -4 -14 3 -8 ]
CSI_DATA,STA,E4:D1:24:F2:5E:80,-85,10,0,0,0,0,0,0,0,0,0,-97,0,9,0,60143829,0,389,0,0,60.5265,128,[-123 81 24 0 17 23 16 22 16 25 19 23 16 16 17 18 18 16 19 11 15 11 9 10 9 6 3 4 -3 8 -6 8 -3 9 -8 15 -7 9 -4 13 -6 11 -7 13 -9 8 -8 11 -7 10 -8 8 -5 2 0 0 0 0 0 0 0 0 0 0 0 0 0 0 0 0 0 0 0 0 0 0 -4 -9 -3 -11 -5 -10 -1 -9 -4 -11 -2 -10 -2 -6 -1 -6 3 -8 4 -3 10 -1 10 1 13 1 13 0 18 -1 24 -1 21 -4 18 -11 20 -12 15 -14 23 -9 14 -9 14 -5 9 3 9 2 11 7 ]
CSI_DATA,STA,E4:D1:24:F2:5E:80,-88,10,0,0,0,0,0,0,0,0,0,-97,0,9,0,60205631,0,268,0,0,60.5882,128,[12 -63 16 0 12 -17 10 -20 6 -21 10 -23 12 -25 6 -21 7 -19 7 -16 0 -11 0 -12 7 -9 0 -2 4 -3 5 3 4 3 2 11 5 12 -1 12 3 10 0 14 0 11 -1 12 -3 13 -3 12 -2 5 0 0 0 0 0 0 0 0 0 0 0 0 0 0 0 0 0 0 0 0 0 0 5 3 9 0 5 2 4 2 7 2 5 4 6 3 4 1 -1 1 -3 0 -6 -1 -9 1 -10 0 -13 -1 -18 -2 -14 3 -17 1 -19 0 -20 -1 -15 11 -15 2 -10 1 -10 4 -9 2 -4 1 0 -3 ]
CSI_DATA,STA,E4:D1:24:F2:5E:80,-87,10,0,0,0,0,0,0,0,0,0,-97,0,9,0,60246232,0,389,0,0,60.6285,128,[-123 81 24 0 -9 18 -6 17 -4 24 -15 26 -6 22 -9 22 -4 19 -6 17 0 13 0 11 -3 7 -2 6 -7 -1 -4 -2 -3 1 -5 -6 -12 -8 -12 -7 -11 -11 -11 -10 -14 -11 -13 -11 -7 -5 -9 -7 -6 -8 0 0 0 0 0 0 0 0 0 0 0 0 0 0 0 0 0 0 0 0 0 0 -2 -8 -1 -5 1 -8 0 -10 0 -8 -4 -3 1 -5 5 -4 1 -5 6 0 4 7 5 6 9 4 11 5 17 8 11 4 20 5 17 -1 18 0 17 1 16 3 9 1 11 2 6 3 5 5 0 13 ]
CSI_DATA,STA,E4:D1:24:F2:5E:80,-87,10,0,0,0,0,0,0,0,0,0,-97,0,9,0,60305679,0,182,0,0,60.6881,128,[-74 96 11 0 -10 -20 -4 -20 -15 -20 -15 -20 -16 -24 -19 -15 -16 -19 -14 -10 -14 -8 -8 -9 -7 -7 -16 -6 -2 -7 4 -6 5 -4 6 -2 4 -11 11 -7 7 -10 11 -8 11 -12 8 -5 8 -9 11 -7 6 -3 0 0 0 0 0 0 0 0 0 0 0 0 0 0 0 0 0 0 0 0 0 0 1 10 2 8 5 9 4 9 2 8 7 4 2 6 2 2 -1 -1 -3 1 -6 2 -8 1 -13 -6 -13 -1 -14 3 -16 -7 -17 -1 -15 2 -14 6 -16 2 -16 3 -16 -2 -4 2 -8 2 -9 0 -4 -4 ]
CSI_DATA,STA,E4:D1:24:F2:5E:80,-89,10,0,0,0,0,0,0,0,0,0,-97,0,9,0,60348634,0,389,0,0,60.7308,128,[-123 81 24 0 -16 -6 -16 -8 -19 -2 -23 -9 -25 -4 -21 -4 -20 -1 -18 -5 -19 4 -7 -2 -11 4 -10 -5 -8 -5 -1 -4 2 -7 0 -9 5 -8 4 -6 6 -10 8 -10 10 -12 9 -11 8 -5 6 -12 8 -9 0 0 0 0 0 0 0 0 0 0 0 0 0 0 0 0 0 0 0 0 0 0 7 -6 6 -7 10 -5 7 -4 4 0 5 -2 5 -4 5 -2 3 3 2 -4 -2 5 -2 6 -4 8 -8 5 -4 12 -5 7 0 16 -5 19 -5 17 -6 18 -3 14 4 13 -1 10 -1 12 -1 2 1 5 ]
CSI_DATA,STA,E4:D1:24:F2:5E:80,-89,10,0,0,0,0,0,0,0,0,0,-97,0,9,0,60758244,0,389,0,0,61.141,128,[-123 81 24 0 -5 -13 -6 -24 -6 -24 -1 -24 -11 -21 -6 -24 -4 -19 0 -15 -2 -19 -2 -18 0 -14 -6 -5 3 -5 -3 -4 -1 1 3 4 2 10 2 6 2 10 -1 11 0 12 -2 11 -6 9 -3 8 -4 7 0 0 0 0 0 0 0 0 0 0 0 0 0 0 0 0 0 0 0 0 0 0 -1 -9 -3 -5 -3 -7 -1 -9 -2 -8 -3 -8 -1 -4 -1 -3 -1 -1 -4 0 -1 2 2 9 -1 11 2 10 -4 13 -7 16 -6 16 -1 19 2 17 -2 14 -2 20 -1 14 1 11 5 6 -1 1 1 -3 ]
CSI_DATA,STA,E4:D1:24:F2:5E:80,-88,10,0,0,0,0,0,0,0,0,0,-97,0,9,0,60963049,0,389,0,0,61.3458,128,[-123 81 24 0 4 -16 11 -18 12 -25 10 -19 11 -16 4 -18 4 -18 4 -16 5 -20 6 -10 6 -9 7 -8 1 -8 2 2 0 2 0 4 1 7 -2 8 0 8 1 10 0 8 -1 6 -9 8 -6 8 -2 7 0 0 0 0 0 0 0 0 0 0 0 0 0 0 0 0 0 0 0 0 0 0 8 -2 9 2 9 -1 7 0 8 -3 6 -1 8 -4 2 5 5 1 -2 3 -5 -3 -5 4 -7 -4 -16 0 -14 1 -17 6 -18 9 -20 4 -17 4 -18 6 -14 3 -18 3 -14 6 -9 4 -6 -2 -1 -5 ]
CSI_DATA,STA,E4:D1:24:F2:5E:80,-87,10,0,0,0,0,0,0,0,0,0,-97,0,9,0,61065451,0,389,0,0,61.448,128,[-123 81 24 0 -13 -10 -18 -17 -16 -15 -18 -10 -21 -12 -17 -9 -19 -6 -19 -6 -12 -5 -10 -8 -8 -10 -5 -12 -3 3 -2 -8 5 -4 3 -3 5 -5 6 1 8 -7 8 -2 13 -4 9 -2 10 -4 6 -3 9 -1 0 0 0 0 0 0 0 0 0 0 0 0 0 0 0 0 0 0 0 0 0 0 9 -5 8 -7 9 -5 9 -8 4 -9 8 -4 5 -11 -1 -8 3 0 -2 1 1 1 -3 7 -5 5 -7 10 -6 9 -1 11 -10 15 1 14 -3 16 -6 15 -3 12 0 11 6 11 -4 10 -3 5 -6 -1 ]
CSI_DATA,STA,E4:D1:24:F2:5E:80,-87,10,0,0,0,0,0,0,0,0,0,-97,0,9,0,61372656,0,389,0,0,61.7554,128,[-123 81 24 0 -6 15 -6 20 0 19 2 28 2 23 1 19 1 19 5 12 7 12 6 9 2 11 9 11 -1 10 -3 8 -1 2 -9 8 -6 7 -5 8 -11 12 -3 11 -7 9 -1 11 -7 8 -8 5 -4 8 0 0 0 0 0 0 0 0 0 0 0 0 0 0 0 0 0 0 0 0 0 0 6 4 5 2 9 2 4 3 5 3 3 8 2 -2 7 1 1 2 6 -3 5 8 0 9 -1 10 3 13 2 12 4 13 5 15 10 18 7 10 16 11 9 8 12 10 8 14 4 10 7 4 5 14 ]
CSI_DATA,STA,E4:D1:24:F2:5E:80,-88,10,0,0,0,0,0,0,0,0,0,-97,0,9,0,61395102,0,64,0,0,61.7821,128,[64 0 4 0 -19 -3 -22 -7 -23 -3 -18 2 -23 1 -21 4 -21 0 -22 1 -18 1 -12 1 -12 6 -13 2 -11 0 -6 -9 -6 -5 -4 -4 -7 -6 -10 -4 -9 -9 -14 -5 -5 -8 -6 -9 -4 -6 -4 -10 -6 -9 0 0 0 0 0 0 0 0 0 0 0 0 0 0 0 0 0 0 0 0 0 0 3 5 -6 10 0 6 0 7 0 9 -1 8 0 3 -1 5 -2 0 1 3 -3 5 -5 2 -8 -2 -11 2 -12 2 -19 5 -15 6 -13 6 -11 5 -8 14 -9 11 -12 14 -7 11 -10 8 -11 9 -10 5 ]
CSI_DATA,STA,E4:D1:24:F2:5E:80,-88,10,0,0,0,0,0,0,0,0,0,-97,0,9,0,61475058,0,389,0,0,61.8576,128,[-123 81 24 0 15 12 16 12 18 10 20 16 18 8 18 6 20 6 17 8 17 -1 7 4 9 2 3 6 4 8 9 8 0 8 3 8 0 11 -1 14 0 10 -2 8 1 9 -2 12 -5 10 -7 9 -4 6 0 0 0 0 0 0 0 0 0 0 0 0 0 0 0 0 0 0 0 0 0 0 -5 -8 -5 -8 -6 -7 -6 -6 -1 -5 -6 -9 -3 -2 -7 -9 -1 -2 1 0 3 -4 9 -4 8 1 11 -6 8 -3 14 -2 15 -5 12 -8 7 -8 11 -14 8 -11 12 -12 6 -11 2 -3 12 -5 13 3 ]
CSI_DATA,STA,E4:D1:24:F2:5E:80,-88,10,0,0,0,0,0,0,0,0,0,-97,0,9,0,62089473,0,389,0,0,62.4723,128,[-123 81 24 0 7 15 9 19 10 17 10 18 16 14 4 15 12 18 13 10 10 10 8 6 7 7 5 7 1 13 -5 5 -7 10 -6 8 -6 7 -6 9 -12 12 -9 6 -7 12 -10 9 -12 7 -10 5 -7 4 0 0 0 0 0 0 0 0 0 0 0 0 0 0 0 0 0 0 0 0 0 0 4 -6 4 -11 3 -8 -2 -6 3 -5 -1 -1 -4 -5 0 -3 2 -5 -1 -1 0 -1 6 1 2 1 9 1 8 -1 17 -2 14 -1 13 -3 18 -1 14 -3 13 -10 14 -4 4 4 7 2 3 0 5 8 ]
CSI_DATA,STA,E4:D1:24:F2:5E:80,-86,10,0,0,0,0,0,0,0,0,0,-97,0,9,0,62191875,0,389,0,0,62.5746,128,[-123 81 24 0 -19 -15 -21 -11 -26 -12 -27 -13 -27 -12 -24 -4 -24 -13 -18 -6 -12 -12 -15 -9 -7 -7 -3 -9 -4 -6 -2 -3 4 -6 13 -7 9 -13 9 -12 12 -12 10 -9 8 -7 9 -6 12 -7 9 -4 7 -1 0 0 0 0 0 0 0 0 0 0 0 0 0 0 0 0 0 0 0 0 0 0 4 -2 11 -3 10 -2 8 -4 6 -5 3 -3 1 5 -1 2 0 2 -4 4 -7 9 -2 3 -9 14 -12 16 -11 14 -9 18 -4 14 -5 19 -8 20 -1 18 -4 19 -5 17 -3 10 -4 6 -7 0 -14 -1 ]
CSI_DATA,STA,E4:D1:24:F2:5E:80,-85,10,0,0,0,0,0,0,0,0,0,-97,0,9,0,62294278,0,389,0,0,62.677,128,[-123 81 24 0 9 22 4 30 9 31 8 33 9 20 12 27 9 20 8 19 8 22 1 16 -1 8 -4 7 -8 2 -9 6 -8 0 -10 7 -11 7 -16 1 -12 9 -12 11 -9 8 -14 5 -14 4 -11 4 -8 -1 0 0 0 0 0 0 0 0 0 0 0 0 0 0 0 0 0 0 0 0 0 0 -2 -8 -2 -9 -3 -11 -1 -10 -1 -7 0 -9 0 -7 -1 -3 5 -2 8 1 11 -4 7 1 11 4 16 3 17 4 20 3 24 2 18 4 22 -3 23 -3 21 2 15 -1 18 -5 7 -3 6 5 10 10 ]
CSI_DATA,STA,E4:D1:24:F2:5E:80,-87,10,0,0,0,0,0,0,0,0,0,-97,0,9,0,62307467,0,332,0,0,62.7058,128,[76 -63 20 0 15 14 13 17 21 17 20 16 15 20 21 11 22 10 15 8 12 8 12 4 10 7 3 7 1 7 1 11 -9 7 -6 8 -8 16 -8 16 -4 12 -10 12 -3 11 -7 8 -5 6 -7 14 -8 7 0 0 0 0 0 0 0 0 0 0 0 0 0 0 0 0 0 0 0 0 0 0 -2 -7 -3 -7 -5 -11 -4 -10 1 -8 0 -7 -3 -6 2 -3 0 -1 6 -4 5 -1 6 -5 14 -7 10 1 21 -2 21 -9 15 -7 23 -8 17 -14 22 -7 15 -5 11 -6 6 -4 6 -1 15 -2 3 12 ]
CSI_DATA,STA,E4:D1:24:F2:5E:80,-86,10,0,0,0,0,0,0,0,0,0,-97,0,9,0,62396680,0,389,0,0,62.7793,128,[-123 81 24 0 -27 5 -29 1 -30 7 -29 10 -28 9 -28 5 -21 8 -16 5 -18 1 -11 2 -11 -3 -5 -1 -3 -5 3 -8 3 -11 8 -10 10 -6 11 -14 9 -16 11 -11 10 -12 11 -7 7 -6 11 -9 8 -2 0 0 0 0 0 0 0 0 0 0 0 0 0 0 0 0 0 0 0 0 0 0 -4 -10 -4 -10 -1 -9 -1 -12 -1 -9 -4 -2 0 -2 -4 -4 3 0 0 5 2 3 8 8 6 9 9 6 14 13 14 12 12 14 18 16 18 14 10 11 14 4 5 4 5 6 5 1 -9 4 -11 0 ]
CSI_DATA,STA,E4:D1:24:F2:5E:80,-86,10,0,0,0,0,0,0,0,0,0,-97,0,9,0,62441546,0,64,0,0,62.8239,128,[64 0 4 0 -1 24 -9 28 -10 33 -8 34 -7 37 -4 22 -4 26 0 21 1 16 -5 16 2 9 -4 3 -4 1 -3 -3 -10 -2 -3 -6 -19 -10 -13 -10 -8 -12 -16 -9 -13 -14 -15 -13 -11 -11 -6 -10 -3 -14 0 0 0 0 0 0 0 0 0 0 0 0 0 0 0 0 0 0 0 0 0 0 -9 -5 -12 -5 -6 -3 -9 -3 -10 -6 -6 -1 -5 -1 0 0 -1 0 1 -5 6 -2 13 -3 11 1 15 0 15 -3 15 -9 22 -7 21 -10 23 -10 22 -6 11 -6 12 -7 10 -2 1 3 3 11 -3 13 ]
CSI_DATA,STA,E4:D1:24:F2:5E:80,-86,10,0,0,0,0,0,0,0,0,0,-97,0,9,0,62499082,0,389,0,0,62.8813,128,[-123 81 24 0 2 27 1 31 0 31 4 30 -2 31 4 24 5 26 2 17 -1 16 2 10 1 11 -4 4 -12 2 -5 -8 -17 -3 -10 -7 -18 -6 -15 -5 -17 -6 -17 -11 -15 -6 -17 -9 -13 -10 -10 -12 -9 -9 0 0 0 0 0 0 0 0 0 0 0 0 0 0 0 0 0 0 0 0 0 0 -9 -4 -9 -4 -13 -5 -6 -2 -3 -3 -8 -3 0 1 -4 -2 4 -3 7 2 13 3 11 -5 14 -3 18 -5 18 -6 19 -10 20 -14 20 -12 15 -13 15 -9 13 -6 14 -8 7 -6 2 -1 3 6 -4 5 ]
CSI_DATA,STA,E4:D1:24:F2:5E:80,-86,10,0,0,0,0,0,0,0,0,0,-97,0,9,0,62601485,0,389,0,0,62.984,128,[-123 81 24 0 -18 28 -20 29 -16 31 -16 30 -11 36 -5 24 -4 24 -4 25 -4 16 -7 10 -6 6 -2 3 -10 -1 -6 -10 -8 -7 -11 -16 -11 -17 -17 -18 -11 -14 -9 -17 -9 -22 -7 -16 -7 -14 1 -14 -2 -10 0 0 0 0 0 0 0 0 0 0 0 0 0 0 0 0 0 0 0 0 0 0 -10 -7 -10 -7 -3 -10 -8 -6 -3 -11 -6 -6 3 -4 -1 -4 2 -1 5 5 15 5 13 1 18 3 22 4 18 5 21 4 23 3 27 -1 22 1 19 -1 17 2 12 -7 7 -1 8 5 -4 8 -8 14 ]
CSI_DATA,STA,E4:D1:24:F2:5E:80,-84,10,0,0,0,0,0,0,0,0,0,-97,0,9,0,62703887,0,389,0,0,63.0866,128,[-123 81 24 0 -27 -29 -27 -26 -35 -23 -27 -22 -32 -25 -29 -18 -24 -19 -18 -15 -11 -10 -13 -6 -5 -12 -3 -9 9 -6 9 -6 11 -11 14 -8 12 -7 19 -7 17 -14 17 -12 16 -7 17 -8 12 -8 11 -1 10 -5 0 0 0 0 0 0 0 0 0 0 0 0 0 0 0 0 0 0 0 0 0 0 12 -3 15 -2 13 1 10 2 10 -1 8 6 1 0 4 4 -1 5 -11 2 -7 5 -12 14 -12 12 -15 18 -20 17 -19 22 -19 20 -11 20 -15 21 -11 22 -9 20 -9 16 -6 9 -4 2 -14 -7 -13 -8 ]
CSI_DATA,STA,E4:D1:24:F2:5E:80,-85,10,0,0,0,0,0,0,0,0,0,-97,0,9,0,62806289,0,389,0,0,63.189,128,[-123 81 24 0 -2 -34 -3 -38 -7 -33 -11 -36 -5 -35 -7 -32 -9 -25 -4 -20 -6 -14 2 -11 0 -7 1 -3 8 0 10 4 9 10 9 9 12 12 15 20 12 11 10 20 10 15 6 12 12 10 6 11 3 9 0 0 0 0 0 0 0 0 0 0 0 0 0 0 0 0 0 0 0 0 0 0 6 -8 14 -10 7 -6 6 -8 8 -1 8 -2 2 3 4 3 -1 -2 -8 10 -3 8 -5 13 -15 15 -8 20 -14 20 -13 17 -15 20 -11 18 -8 21 -11 18 -7 14 -10 16 -5 1 -1 0 -2 -6 -1 -14 ]
CSI_DATA,STA,E4:D1:24:F2:5E:80,-85,10,0,0,0,0,0,0,0,0,0,-97,0,9,0,62908692,0,389,0,0,63.2914,128,[-123 81 24 0 26 -22 17 -26 25 -28 22 -28 19 -24 18 -22 18 -19 8 -25 7 -15 5 -12 -1 4 1 2 5 6 -1 9 5 13 5 13 5 13 4 17 0 19 3 13 2 15 5 17 4 12 1 10 -2 7 0 0 0 0 0 0 0 0 0 0 0 0 0 0 0 0 0 0 0 0 0 0 6 8 4 9 4 9 1 10 -1 2 2 7 -6 3 -4 0 -9 1 -14 -4 -8 -11 -15 -3 -14 -10 -20 -11 -18 -11 -23 -9 -20 -3 -21 -2 -23 -4 -16 -5 -14 -7 -15 -4 -7 -7 1 -10 3 -8 9 -15 ]
CSI_DATA,STA,E4:D1:24:F2:5E:80,-86,10,0,0,0,0,0,0,0,0,0,-97,0,9,0,63011094,0,389,0,0,63.3938,128,[-123 81 24 0 -25 10 -26 9 -33 7 -27 9 -30 11 -27 13 -17 8 -17 5 -16 4 -10 2 -3 4 -2 -5 -4 -9 -5 -9 -1 -11 1 -13 1 -11 0 -18 -1 -15 2 -12 1 -17 8 -17 4 -13 8 -6 2 -9 0 0 0 0 0 0 0 0 0 0 0 0 0 0 0 0 0 0 0 0 0 0 4 -10 4 -6 2 -11 1 -11 8 -8 1 -6 3 -6 -1 2 3 0 3 5 6 6 6 14 6 13 11 15 7 15 12 12 12 20 11 15 12 16 9 19 11 15 9 15 1 3 -4 14 -5 4 -15 5 ]
CSI_DATA,STA,E4:D1:24:F2:5E:80,-86,10,0,0,0,0,0,0,0,0,0,-97,0,9,0,63113497,0,389,0,0,63.4962,128,[-123 81 24 0 9 26 18 25 10 27 16 29 22 25 15 18 14 16 8 14 13 6 5 6 1 7 -4 8 -9 4 -6 2 -9 4 -11 6 -11 7 -20 3 -21 9 -14 9 -17 4 -16 1 -9 2 -8 2 -8 0 0 0 0 0 0 0 0 0 0 0 0 0 0 0 0 0 0 0 0 0 0 0 -6 -5 -7 -5 -12 -7 -8 -2 -8 -7 -8 -3 2 -2 -4 -5 4 0 8 -7 9 -7 12 -7 9 -7 14 -13 18 -8 21 -14 17 -10 19 -20 12 -15 19 -17 12 -9 8 -13 14 -6 10 6 1 5 5 6 ]
CSI_DATA,STA,E4:D1:24:F2:5E:80,-85,10,0,0,0,0,0,0,0,0,0,-97,0,9,0,63215899,0,389,0,0,63.5986,128,[-123 81 24 0 17 -21 12 -23 9 -31 19 -24 13 -28 7 -25 10 -25 5 -17 8 -16 4 -11 2 -14 8 3 2 0 2 1 0 6 2 10 1 19 2 14 0 18 2 19 3 18 0 17 -4 15 -2 12 0 7 0 0 0 0 0 0 0 0 0 0 0 0 0 0 0 0 0 0 0 0 0 0 9 1 9 6 8 3 8 2 4 6 4 4 3 2 -1 -1 -1 6 -8 1 -7 0 -11 2 -16 0 -15 0 -16 3 -21 2 -23 -1 -24 2 -21 7 -18 3 -18 6 -15 3 -7 1 -6 -4 3 -6 3 -15 ]
CSI_DATA,STA,E4:D1:24:F2:5E:80,-86,10,0,0,0,0,0,0,0,0,0,-97,0,9,0,63318301,0,389,0,0,63.7009,128,[-123 81 24 0 3 -29 0 -27 5 -33 -1 -27 2 -28 -3 -27 -1 -25 -5 -20 -1 -16 -2 -8 1 -10 4 -5 8 -1 3 3 5 4 9 10 11 9 16 8 12 11 17 14 12 12 13 9 9 10 11 8 7 8 0 0 0 0 0 0 0 0 0 0 0 0 0 0 0 0 0 0 0 0 0 0 9 6 7 5 8 6 10 8 5 5 3 2 5 5 3 4 -2 5 -4 6 -6 -5 -14 -4 -18 -1 -19 -4 -15 -2 -21 0 -27 0 -21 -2 -19 3 -18 9 -16 1 -17 4 -9 -1 -12 -2 -1 -6 4 -12 ]
CSI_DATA,STA,E4:D1:24:F2:5E:80,-86,10,0,0,0,0,0,0,0,0,0,-97,0,9,0,63420704,0,389,0,0,63.8034,128,[-123 81 24 0 15 17 19 20 19 17 24 23 19 15 15 13 18 10 11 8 11 4 8 5 7 12 1 5 -2 7 -5 7 -8 3 -12 -1 -13 1 -18 4 -15 1 -16 4 -16 3 -17 -4 -17 3 -7 -1 -6 -1 0 0 0 0 0 0 0 0 0 0 0 0 0 0 0 0 0 0 0 0 0 0 -10 0 -13 0 -9 2 -9 1 -10 4 -8 2 -6 1 -6 -3 -3 -2 -2 -3 2 -6 5 -7 10 -10 12 -15 11 -16 14 -13 14 -16 8 -19 7 -18 9 -22 12 -13 8 -15 4 -9 4 -4 8 -2 10 6 ]
CSI_DATA,STA,E4:D1:24:F2:5E:80,-89,10,0,0,0,0,0,0,0,0,0,-97,0,9,0,63481804,0,64,0,0,63.8639,128,[64 0 4 0 17 -9 22 -14 23 -18 21 -7 15 -15 19 -13 12 -13 11 -11 8 -8 6 -4 5 -4 3 1 6 0 0 8 -6 7 -3 13 -5 16 -2 13 -1 16 1 15 3 14 -3 8 0 13 -2 9 2 8 0 0 0 0 0 0 0 0 0 0 0 0 0 0 0 0 0 0 0 0 0 0 -4 13 -5 9 -7 7 -1 5 -5 6 -4 8 -1 7 -1 5 -6 4 -8 -4 -3 -4 -6 -6 -7 -10 -6 -13 -10 -17 -8 -13 -13 -17 -13 -15 -13 -17 -13 -13 -9 -14 -8 -7 -4 -14 -6 -8 1 -7 11 -8 ]
CSI_DATA,STA,E4:D1:24:F2:5E:80,-86,10,0,0,0,0,0,0,0,0,0,-97,0,9,0,63523106,0,389,0,0,63.9055,128,[-123 81 24 0 -19 9 -19 11 -18 14 -19 15 -21 16 -17 12 -15 18 -9 10 -10 11 -5 9 -5 0 -4 1 -3 -3 -2 -9 -5 -9 1 -14 0 -13 -3 -19 1 -16 0 -14 -2 -11 2 -15 -2 -13 2 -11 3 -8 0 0 0 0 0 0 0 0 0 0 0 0 0 0 0 0 0 0 0 0 0 0 -4 -12 -3 -14 -7 -11 -7 -11 -5 -9 -3 -10 -1 -5 4 -6 -1 4 4 3 4 3 11 3 13 9 16 6 14 12 16 5 16 8 20 7 20 11 9 8 15 1 11 -1 6 4 -2 5 2 2 -10 6 ]
CSI_DATA,STA,E4:D1:24:F2:5E:80,-88,10,0,0,0,0,0,0,0,0,0,-97,0,9,0,63625508,0,389,0,0,64.0082,128,[-123 81 24 0 -9 -25 -8 -18 -6 -22 -9 -28 -8 -26 -7 -21 -10 -18 -5 -10 1 -8 -3 -2 0 -2 6 -1 5 1 5 2 8 5 5 7 6 13 11 14 10 11 2 11 9 9 5 10 5 9 4 4 6 5 0 0 0 0 0 0 0 0 0 0 0 0 0 0 0 0 0 0 0 0 0 0 3 -12 2 -12 4 -8 3 -11 2 -5 2 -7 -1 -6 0 1 -1 5 2 0 3 6 -1 7 -6 13 -6 13 -6 14 -3 13 -4 19 -3 16 -3 18 -7 15 2 15 -4 2 -2 5 -8 1 -1 -5 -7 -14 ]
CSI_DATA,STA,E4:D1:24:F2:5E:80,-88,10,0,0,0,0,0,0,0,0,0,-97,0,9,0,63727911,0,389,0,0,64.1106,128,[-123 81 24 0 18 8 17 11 16 9 21 7 19 9 19 10 15 4 10 10 9 2 3 -1 4 3 -2 0 -3 3 -6 -9 -10 -4 -9 -4 -11 -2 -10 -8 -9 -6 -15 -7 -13 -13 -9 -8 -10 -11 -8 -2 -1 -10 0 0 0 0 0 0 0 0 0 0 0 0 0 0 0 0 0 0 0 0 0 0 4 2 2 6 0 5 3 5 1 6 -3 -1 1 4 -3 -2 -1 -2 -6 -6 -10 -6 -3 -11 -4 -13 -8 -8 -7 -12 -5 -12 -5 -9 -9 -11 -4 -14 -7 -8 -8 -6 -6 -1 4 1 3 -1 2 0 6 6 ]
CSI_DATA,STA,E4:D1:24:F2:5E:80,-87,10,0,0,0,0,0,0,0,0,0,-97,0,9,0,63932716,0,389,0,0,64.3155,128,[-123 81 24 0 -14 -23 -24 -20 -18 -26 -24 -23 -19 -16 -15 -15 -17 -13 -14 -11 -9 -6 -8 -5 -6 -6 -2 -4 7 -1 5 -3 11 -1 9 -4 13 -2 12 -7 13 -3 13 0 13 -3 14 -4 11 -3 13 -2 9 1 0 0 0 0 0 0 0 0 0 0 0 0 0 0 0 0 0 0 0 0 0 0 7 -7 8 -4 10 -3 9 -4 5 -2 4 -2 7 1 1 -3 1 -1 1 4 -2 5 -6 12 -6 11 -7 14 -11 16 -6 18 -5 15 -11 14 -3 18 -3 14 -6 11 2 14 -8 4 -1 -4 -5 -3 -3 -10 ]
CSI_DATA,STA,E4:D1:24:F2:5E:80,-88,10,0,0,0,0,0,0,0,0,0,-97,0,9,0,64649532,0,389,0,0,65.0323,128,[-123 81 24 0 9 -9 14 -13 14 -14 16 -15 23 -14 17 -14 13 -11 12 -12 9 -11 2 -4 7 -3 5 -3 4 -4 -4 1 -4 2 -1 1 -7 5 -2 8 -12 5 -8 9 -13 4 -11 7 -6 1 -9 3 -5 -1 0 0 0 0 0 0 0 0 0 0 0 0 0 0 0 0 0 0 0 0 0 0 8 -5 8 -5 9 -5 10 1 7 -2 7 2 5 -4 3 -3 -1 -2 -2 -2 -11 -3 -6 -1 -11 6 -11 1 -14 1 -17 5 -20 4 -16 5 -18 5 -19 4 -17 1 -15 5 -9 5 -8 0 -10 5 3 2 ]
CSI_DATA,STA,E4:D1:24:F2:5E:80,-88,10,0,0,0,0,0,0,0,0,0,-97,0,9,0,64751935,0,389,0,0,65.1345,128,[-123 81 24 0 -3 -10 -3 -18 -3 -18 -8 -19 -3 -14 -5 -12 -3 -20 0 -20 -2 -14 -1 -13 -4 -9 0 -7 -5 -2 -2 0 0 1 -1 3 -4 5 -1 10 -3 11 -5 9 -8 10 -10 9 -10 10 -6 8 -6 1 0 0 0 0 0 0 0 0 0 0 0 0 0 0 0 0 0 0 0 0 0 0 -9 -7 -8 -6 -5 -4 -6 -6 -5 -3 -6 -1 -3 -1 -5 -5 -4 -1 -4 -2 3 3 -2 6 0 9 3 11 6 10 4 12 1 14 6 15 7 11 7 12 6 13 4 10 10 8 7 9 2 3 0 2 ]
CSI_DATA,STA,E4:D1:24:F2:5E:80,-87,10,0,0,0,0,0,0,0,0,0,-97,0,9,0,64854337,0,389,0,0,65.237,128,[-123 81 24 0 7 -9 14 -4 14 -12 15 -10 20 -12 16 -13 13 -10 14 -8 16 -9 18 -8 11 -2 7 -3 5 3 -1 0 -2 -3 -7 -1 -6 1 -9 -3 -9 2 -13 -4 -10 -4 -11 -5 -9 -3 -7 -8 -6 -8 0 0 0 0 0 0 0 0 0 0 0 0 0 0 0 0 0 0 0 0 0 0 -10 -10 -5 -10 0 -6 0 -8 -1 -7 3 -11 -4 -5 -6 -4 -1 -3 -5 -6 -1 -4 -3 4 -5 5 -8 3 -11 8 -11 11 -11 11 -4 11 -7 16 -11 17 -10 11 -7 13 -5 12 -1 8 0 10 7 -4 ]
CSI_DATA,STA,E4:D1:24:F2:5E:80,-89,10,0,0,0,0,0,0,0,0,0,-97,0,9,0,64956739,0,389,0,0,65.3394,128,[-123 81 24 0 -7 -9 -3 -13 -9 -16 -6 -18 -8 -23 -6 -18 -5 -13 -3 -13 -5 -19 -2 -5 -1 -8 -1 -9 -3 -6 -1 4 -4 0 3 1 0 1 -4 10 -7 9 -6 6 -7 6 -7 3 -11 6 -13 1 -6 -1 0 0 0 0 0 0 0 0 0 0 0 0 0 0 0 0 0 0 0 0 0 0 -6 6 -6 5 -4 5 2 4 -3 2 -5 3 -7 2 -4 6 0 5 5 4 2 1 1 4 7 3 5 4 6 1 12 6 14 8 12 7 16 7 13 9 14 4 13 -1 14 7 9 0 13 4 3 -2 ]
CSI_DATA,STA,E4:D1:24:F2:5E:80,-89,10,0,0,0,0,0,0,0,0,0,-97,0,9,0,65263947,0,389,0,0,65.6466,128,[-123 81 24 0 -13 2 -13 3 -18 0 -19 0 -20 1 -12 5 -17 -1 -19 -3 -10 -2 -10 0 -6 -6 -5 -1 1 -2 -2 -4 2 2 4 4 5 5 8 2 5 5 4 7 4 6 2 12 3 2 -2 11 -1 9 0 0 0 0 0 0 0 0 0 0 0 0 0 0 0 0 0 0 0 0 0 0 2 2 5 6 4 4 0 4 3 5 4 7 0 0 6 4 0 -1 4 -4 2 -2 7 0 9 -8 7 -6 4 -10 6 -7 9 -10 2 -13 8 -11 7 -17 5 -11 6 -13 5 -13 2 -9 3 -10 2 -9 ]
CSI_DATA,STA,E4:D1:24:F2:5E:80,-88,10,0,0,0,0,0,0,0,0,0,-97,0,9,0,65468751,0,389,0,0,65.8515,128,[-123 81 24 0 -8 -8 -8 -21 -10 -15 -9 -21 -6 -21 -11 -19 -11 -19 -7 -20 -6 -10 -6 -13 -6 -11 -2 -7 1 -1 2 3 0 0 9 3 4 8 5 11 5 11 1 10 4 13 0 13 -2 11 -2 14 -2 10 0 0 0 0 0 0 0 0 0 0 0 0 0 0 0 0 0 0 0 0 0 0 -3 -6 1 -9 1 -8 -2 -9 0 -6 -10 -5 -2 -5 -7 2 -3 -2 -4 1 -3 2 -5 5 -5 3 -6 11 -3 10 0 14 -2 13 2 15 10 13 3 14 0 12 3 8 4 8 9 12 8 9 1 5 ]
CSI_DATA,STA,E4:D1:24:F2:5E:80,-89,10,0,0,0,0,0,0,0,0,0,-97,0,9,0,65491417,0,64,0,0,65.8813,128,[64 0 4 0 8 10 12 12 17 8 18 11 24 6 18 15 16 10 13 10 18 6 8 7 4 7 1 4 3 -4 1 -1 -2 0 1 -5 -11 -10 -4 -6 -1 -11 -4 -12 -4 -14 2 -9 1 -9 -1 -11 2 -9 0 0 0 0 0 0 0 0 0 0 0 0 0 0 0 0 0 0 0 0 0 0 3 -4 6 -7 0 -8 5 -8 6 -5 -1 -6 3 -7 -2 -3 3 -5 -2 -6 -6 -2 -5 2 -11 -1 -7 -4 -15 2 -16 -2 -18 -4 -11 6 -14 5 -17 6 -17 -1 -13 2 -10 2 -10 3 -9 4 -5 0 ]
CSI_DATA,STA,E4:D1:24:F2:5E:80,-89,10,0,0,0,0,0,0,0,0,0,-97,0,9,0,65571154,0,389,0,0,65.9537,128,[-123 81 24 0 8 4 12 -3 15 -3 13 -7 18 1 19 -3 14 -4 16 0 12 5 11 -1 8 4 7 4 -1 -2 -1 -1 -3 -3 0 -3 -9 -8 -1 -7 -6 -10 -4 -9 -7 -11 1 -10 0 -14 8 -10 2 -8 0 0 0 0 0 0 0 0 0 0 0 0 0 0 0 0 0 0 0 0 0 0 -3 -7 -3 -4 -8 -7 -4 -5 -1 -2 -7 -5 -5 -2 -5 -4 -4 -1 -5 1 -6 9 -6 1 -7 8 -9 4 -7 7 -4 14 -2 15 -6 13 -9 15 -4 20 -9 8 -3 9 -9 12 -1 8 3 5 5 9 ]
CSI_DATA,STA,E4:D1:24:F2:5E:80,-89,10,0,0,0,0,0,0,0,0,0,-97,0,9,0,65775958,0,389,0,0,66.1587,128,[-123 81 24 0 -11 2 -11 3 -16 11 -8 8 -18 14 -12 8 -16 7 -15 12 -11 9 -9 5 -5 5 -6 7 -3 2 2 1 -3 -4 5 -3 4 -2 10 -5 10 0 11 3 11 -1 12 4 8 8 10 6 3 5 0 0 0 0 0 0 0 0 0 0 0 0 0 0 0 0 0 0 0 0 0 0 -2 6 -2 8 -1 6 0 4 -2 5 3 5 1 1 2 6 2 2 2 0 3 1 6 -4 10 -4 10 -7 11 -4 5 -3 5 -10 13 -12 10 -9 6 -16 7 -12 7 -15 3 -12 4 -11 2 -5 -3 -6 ]
CSI_DATA,STA,E4:D1:24:F2:5E:80,-89,10,0,0,0,0,0,0,0,0,0,-97,0,9,0,65878361,0,389,0,0,66.2611,128,[-123 81 24 0 -6 -12 -14 -12 -12 -7 -15 -11 -12 -15 -15 -15 -15 -14 -6 -14 -11 -9 -7 -14 -8 -12 -4 -7 -1 -5 0 -3 2 5 -5 5 -3 3 -2 8 -8 9 -6 13 -5 11 -9 8 -10 7 -9 2 -7 6 0 0 0 0 0 0 0 0 0 0 0 0 0 0 0 0 0 0 0 0 0 0 2 3 3 10 2 2 -2 4 0 2 3 8 2 7 6 7 1 5 4 1 9 2 5 0 7 2 8 5 14 1 13 1 12 -2 13 -5 13 -2 13 -6 12 -3 13 -5 16 -4 10 -5 6 -9 7 -2 ]
CSI_DATA,STA,E4:D1:24:F2:5E:80,-90,10,0,0,0,0,0,0,0,0,0,-97,0,9,0,65980763,0,389,0,0,66.3635,128,[-123 81 24 0 8 -5 6 -10 13 -17 11 -14 20 -11 9 -14 15 -14 15 -12 7 -13 11 -6 9 -3 9 -5 1 -3 0 0 -5 -2 -6 0 -7 -2 -12 1 -8 -6 -8 -6 -12 -7 -8 -5 -13 -7 -9 -3 -6 -9 0 0 0 0 0 0 0 0 0 0 0 0 0 0 0 0 0 0 0 0 0 0 -6 -6 -5 -9 -5 -11 0 0 -3 -6 -1 -4 -6 -4 -4 0 -7 4 -4 1 -5 6 -4 5 -7 5 -8 5 -5 6 -8 7 -7 12 -8 14 -2 12 -9 12 -7 7 -4 13 -1 12 -2 9 -1 6 3 2 ]
CSI_DATA,STA,E4:D1:24:F2:5E:80,-89,10,0,0,0,0,0,0,0,0,0,-97,0,9,0,66287970,0,389,0,0,66.6707,128,[-123 81 24 0 -7 1 -12 3 -11 4 -18 8 -20 7 -12 8 -16 6 -16 3 -15 4 -14 6 -9 1 -8 1 -7 3 -5 0 0 -1 4 5 4 7 6 10 5 7 4 10 8 9 4 11 1 11 -1 9 -1 10 0 0 0 0 0 0 0 0 0 0 0 0 0 0 0 0 0 0 0 0 0 0 10 5 3 4 5 4 9 1 10 0 4 4 5 -3 7 -4 8 -3 9 -1 2 0 2 -2 5 -4 6 -8 4 -9 1 -11 -2 -12 4 -9 0 -14 3 -18 -5 -12 3 -10 -2 -11 -1 -13 -2 -9 2 -9 ]
CSI_DATA,STA,E4:D1:24:F2:5E:80,-88,10,0,0,0,0,0,0,0,0,0,-97,0,9,0,66492775,0,389,0,0,66.8755,128,[-123 81 24 0 -11 6 -9 14 -6 13 -9 10 -6 18 -13 7 -9 15 -13 12 -15 7 -2 12 -9 3 -9 -1 -6 -1 -3 2 3 4 1 1 8 0 7 3 10 4 4 8 7 7 7 7 6 9 1 8 3 8 0 0 0 0 0 0 0 0 0 0 0 0 0 0 0 0 0 0 0 0 0 0 5 -6 1 -8 3 -4 7 -8 4 -8 6 -3 7 -6 0 -7 0 -4 -5 -7 -8 -5 -3 -4 -4 -5 -8 -4 -8 -3 -5 -12 -5 -7 -13 -10 -8 -11 -9 -11 -9 -12 -8 -10 -4 -1 -9 -10 -7 0 -1 -5 ]
CSI_DATA,STA,E4:D1:24:F2:5E:80,-87,10,0,0,0,0,0,0,0,0,0,-97,0,9,0,67209592,0,389,0,0,67.5924,128,[-123 81 24 0 9 15 13 20 16 22 17 24 17 21 16 19 13 17 14 16 12 14 5 8 6 8 1 2 3 5 -3 0 -8 0 -11 3 -12 -2 -10 0 -10 -5 -17 -10 -12 -10 -13 -4 -13 -8 -9 -5 -7 -4 0 0 0 0 0 0 0 0 0 0 0 0 0 0 0 0 0 0 0 0 0 0 -5 5 -4 7 -5 6 -7 8 -6 3 -1 3 -3 4 -2 -1 1 -3 0 -4 -1 -5 -1 -13 4 -10 6 -13 5 -14 -1 -16 5 -16 4 -20 2 -25 2 -20 5 -21 2 -12 2 -5 2 -7 3 0 2 5 ]
CSI_DATA,STA,E4:D1:24:F2:5E:80,-87,10,0,0,0,0,0,0,0,0,0,-97,0,9,0,67311994,0,389,0,0,67.6947,128,[-123 81 24 0 -27 -7 -20 -9 -28 -6 -26 -7 -29 -7 -27 -6 -23 -2 -22 3 -19 -8 -15 1 -13 -6 -6 0 -1 -1 -1 -1 2 -4 6 0 12 -4 12 -9 14 -7 15 -9 14 -9 10 -5 16 -4 11 -1 11 -3 0 0 0 0 0 0 0 0 0 0 0 0 0 0 0 0 0 0 0 0 0 0 -3 -9 0 -10 -1 -9 -1 -9 5 -12 1 -5 -4 -8 1 -4 -1 -3 2 1 3 11 3 8 0 7 2 13 3 18 6 16 8 13 10 15 11 16 11 14 7 12 12 6 6 6 10 10 5 6 -7 4 ]
CSI_DATA,STA,E4:D1:24:F2:5E:80,-85,10,0,0,0,0,0,0,0,0,0,-97,0,9,0,67516799,0,389,0,0,67.8995,128,[-123 81 24 0 -10 20 -9 24 -11 24 -14 27 -7 30 -4 27 -10 25 -8 22 -6 25 -3 12 -4 6 -8 1 -5 2 -4 1 -9 -7 0 -8 -1 -9 -2 -17 -2 -17 1 -15 3 -15 5 -19 4 -10 0 -13 8 -7 0 0 0 0 0 0 0 0 0 0 0 0 0 0 0 0 0 0 0 0 0 0 -13 3 -7 5 -14 9 -11 0 -11 1 -9 3 -7 1 -5 -2 2 -1 2 -1 10 0 6 -4 13 -3 13 1 13 -11 23 -9 20 -11 15 -16 20 -18 21 -14 8 -14 12 -19 11 -14 6 -10 -3 -3 3 8 ]
CSI_DATA,STA,E4:D1:24:F2:5E:80,-87,10,0,0,0,0,0,0,0,0,0,-97,0,9,0,67721604,0,389,0,0,68.1043,128,[-123 81 24 0 -8 19 1 21 -1 25 -1 24 0 23 -4 22 -2 18 -4 17 -3 12 -2 4 -3 8 0 6 -3 -1 1 -3 1 -4 3 -6 2 -13 1 -9 5 -14 2 -15 5 -14 9 -10 7 -9 6 -9 8 -4 0 0 0 0 0 0 0 0 0 0 0 0 0 0 0 0 0 0 0 0 0 0 -2 9 6 7 5 10 1 7 -1 3 5 4 2 -1 1 0 -1 -2 -1 -3 6 -5 -1 -6 4 -14 2 -13 -3 -15 2 -15 1 -21 0 -22 2 -19 1 -19 -1 -13 5 -18 -1 -8 -2 -5 -2 0 -5 3 ]
CSI_DATA,STA,E4:D1:24:F2:5E:80,-87,10,0,0,0,0,0,0,0,0,0,-97,0,9,0,67824006,0,389,0,0,68.2066,128,[-123 81 24 0 -17 23 -17 29 -12 26 -17 26 -17 27 -17 26 -16 21 -12 19 -7 16 -12 12 4 5 -5 1 -2 0 -4 -10 8 -7 0 -17 2 -12 13 -14 7 -16 10 -18 8 -11 14 -10 14 -10 11 -8 14 -4 0 0 0 0 0 0 0 0 0 0 0 0 0 0 0 0 0 0 0 0 0 0 -4 11 -7 7 -3 9 -7 8 1 11 -5 6 2 2 -2 2 1 -2 5 0 3 -2 12 -5 7 -12 13 -13 11 -15 14 -20 10 -14 13 -24 15 -22 15 -19 10 -15 6 -13 8 -11 1 -6 2 0 -8 3 ]
CSI_DATA,STA,E4:D1:24:F2:5E:80,-83,10,0,0,0,0,0,0,0,0,0,-97,0,9,0,67926408,0,389,0,0,68.3091,128,[-123 81 24 0 18 23 20 26 24 27 31 21 24 23 27 19 23 16 18 19 15 18 14 6 8 7 2 4 0 0 -4 -3 -11 -10 -14 -8 -16 -7 -17 -11 -13 -14 -14 -13 -15 -12 -10 -13 -12 -17 -6 -16 -3 -10 0 0 0 0 0 0 0 0 0 0 0 0 0 0 0 0 0 0 0 0 0 0 9 9 9 12 8 10 2 8 4 13 4 8 6 3 0 3 -4 -1 -3 -7 -4 -10 -7 -12 -9 -14 -8 -25 -11 -21 -12 -24 -13 -27 -11 -25 -18 -24 -13 -22 -11 -20 -10 -19 -5 -11 -4 -4 0 -1 7 6 ]
CSI_DATA,STA,E4:D1:24:F2:5E:80,-83,10,0,0,0,0,0,0,0,0,0,-97,0,9,0,68028811,0,389,0,0,68.4115,128,[-123 81 24 0 -31 11 -37 11 -37 14 -37 15 -31 16 -30 10 -32 12 -24 10 -18 8 -13 8 -8 -4 -9 1 -6 -2 0 -8 5 -10 12 -12 12 -12 12 -8 17 -13 17 -11 14 -13 18 -10 19 -6 11 -5 11 -1 0 0 0 0 0 0 0 0 0 0 0 0 0 0 0 0 0 0 0 0 0 0 -15 -6 -14 -4 -15 -8 -10 -4 -11 -1 -8 -5 -7 -1 -5 -2 4 -1 3 -1 5 2 11 2 16 3 20 7 25 4 27 11 33 7 24 5 23 2 28 2 24 4 21 0 14 0 5 0 0 2 -15 5 ]
CSI_DATA,STA,E4:D1:24:F2:5E:80,-82,10,0,0,0,0,0,0,0,0,0,-97,0,9,0,68132146,0,389,0,0,68.5149,128,[-123 81 24 0 24 -23 31 -20 31 -26 29 -25 25 -26 23 -24 18 -24 12 -17 13 -17 12 -13 5 -6 4 1 3 1 -1 5 -1 10 -4 14 -3 16 -4 22 -2 15 -7 18 -7 18 -6 16 -10 13 -3 13 -5 7 0 0 0 0 0 0 0 0 0 0 0 0 0 0 0 0 0 0 0 0 0 0 14 4 15 2 12 7 11 7 11 4 5 6 4 6 0 3 -6 2 -9 1 -12 -2 -17 -1 -19 -4 -20 -2 -26 -5 -32 -5 -27 -4 -31 1 -29 0 -28 0 -23 0 -20 1 -13 -3 -4 -3 6 -9 10 -12 ]
CSI_DATA,STA,E4:D1:24:F2:5E:80,-84,10,0,0,0,0,0,0,0,0,0,-97,0,9,0,68233616,0,389,0,0,68.6163,128,[-123 81 24 0 19 -27 21 -32 20 -33 25 -35 15 -30 15 -25 14 -21 9 -21 7 -16 1 -11 4 -5 0 1 6 1 8 6 5 10 8 17 8 13 8 16 7 17 8 18 8 17 2 14 6 11 6 10 1 14 0 0 0 0 0 0 0 0 0 0 0 0 0 0 0 0 0 0 0 0 0 0 8 12 10 15 10 13 5 10 4 8 -1 6 1 3 0 0 -6 0 -6 -6 -11 -2 -13 -7 -18 -5 -23 -11 -28 -10 -27 -10 -26 -7 -26 -4 -29 -5 -22 1 -21 -5 -18 -7 -10 0 0 -3 0 -12 9 -16 ]
CSI_DATA,STA,E4:D1:24:F2:5E:80,-84,10,0,0,0,0,0,0,0,0,0,-97,0,9,0,68336018,0,389,0,0,68.7187,128,[-123 81 24 0 -15 19 -24 24 -23 27 -22 26 -19 27 -18 25 -17 18 -18 14 -9 12 -8 10 -3 3 -4 -1 -3 -5 1 -6 0 -14 -2 -19 3 -21 4 -16 4 -15 7 -18 8 -14 1 -20 1 -11 6 -12 4 -9 0 0 0 0 0 0 0 0 0 0 0 0 0 0 0 0 0 0 0 0 0 0 -13 4 -8 0 -13 -3 -11 -1 -11 -2 -7 -3 -3 -1 -2 -3 4 1 10 3 9 -5 18 -2 13 -3 24 0 21 -6 19 -3 25 -3 23 -3 20 -6 14 -8 16 -7 13 0 6 -1 -3 -1 -4 4 -13 8 ]
CSI_DATA,STA,E4:D1:24:F2:5E:80,-83,10,0,0,0,0,0,0,0,0,0,-97,0,9,0,68438423,0,389,0,0,68.821,128,[-123 81 24 0 22 22 28 23 28 22 29 25 30 19 28 20 21 12 23 13 15 12 12 9 9 7 1 7 -5 1 -5 0 -11 -2 -15 -4 -17 -8 -20 -8 -17 -5 -23 -10 -20 -7 -19 -9 -10 -8 -12 -10 -10 -12 0 0 0 0 0 0 0 0 0 0 0 0 0 0 0 0 0 0 0 0 0 0 5 16 0 11 5 16 -2 10 2 12 -1 9 -5 0 -4 1 -3 -6 -5 -7 1 -11 -1 -16 0 -17 -3 -25 -5 -28 -7 -25 -9 -31 -6 -24 -9 -24 -9 -19 -9 -19 -8 -15 -8 -10 1 -3 3 5 8 11 ]
CSI_DATA,STA,E4:D1:24:F2:5E:80,-82,10,0,0,0,0,0,0,0,0,0,-97,0,9,0,68540826,0,389,0,0,68.9234,128,[-123 81 24 0 -28 21 -36 21 -37 30 -39 21 -32 24 -30 20 -27 19 -20 18 -18 16 -14 11 -14 5 -7 3 -2 0 -1 -6 5 -14 4 -15 4 -21 7 -22 7 -24 9 -24 7 -18 5 -18 8 -19 8 -18 8 -9 0 0 0 0 0 0 0 0 0 0 0 0 0 0 0 0 0 0 0 0 0 0 -13 -6 -18 -11 -12 -12 -10 -12 -9 -11 -5 -8 -4 -6 2 -4 0 -2 1 -1 12 6 11 8 16 3 18 9 21 12 24 11 26 8 28 12 32 8 32 5 24 4 22 2 16 0 5 4 -4 2 -7 6 ]
CSI_DATA,STA,E4:D1:24:F2:5E:80,-83,10,0,0,0,0,0,0,0,0,0,-97,0,9,0,68643228,0,389,0,0,69.0259,128,[-123 81 24 0 -31 5 -39 9 -37 8 -37 10 -35 10 -32 11 -27 5 -24 7 -18 5 -16 6 -9 -3 -10 0 -1 -8 4 -8 3 -11 7 -8 12 -14 10 -15 13 -14 13 -16 14 -16 14 -15 10 -9 10 -9 6 -7 0 0 0 0 0 0 0 0 0 0 0 0 0 0 0 0 0 0 0 0 0 0 -9 -11 -10 -10 -5 -11 -7 -7 -6 -9 -7 -7 -4 -6 3 0 -1 -1 5 3 5 -3 11 11 16 17 17 13 21 14 19 16 20 17 27 15 20 13 19 8 21 8 17 8 9 2 6 6 -5 3 -13 4 ]
CSI_DATA,STA,E4:D1:24:F2:5E:80,-83,10,0,0,0,0,0,0,0,0,0,-97,0,9,0,68745630,0,389,0,0,69.1283,128,[-123 81 24 0 28 -4 34 -11 32 -18 37 -19 33 -19 26 -20 24 -14 22 -14 20 -16 13 -6 7 -2 4 0 2 8 -1 10 -3 15 -1 17 -2 16 -2 20 -5 19 -6 22 -7 19 -4 17 -9 16 -6 16 -6 7 0 0 0 0 0 0 0 0 0 0 0 0 0 0 0 0 0 0 0 0 0 0 6 13 8 17 1 15 3 16 4 16 1 9 4 6 -3 6 -7 0 -6 -5 -8 -6 -10 -11 -17 -18 -16 -18 -24 -17 -20 -19 -18 -28 -21 -22 -22 -14 -24 -19 -22 -12 -15 -10 -9 -10 0 -10 5 -5 17 -4 ]
CSI_DATA,STA,E4:D1:24:F2:5E:80,-83,10,0,0,0,0,0,0,0,0,0,-97,0,9,0,68848033,0,389,0,0,69.2308,128,[-123 81 24 0 33 13 40 6 39 10 41 7 35 8 33 1 31 4 27 -2 21 -1 19 1 9 -3 10 0 3 10 -3 16 -8 10 -9 7 -6 14 -11 16 -10 17 -13 21 -14 17 -8 14 -12 14 -10 10 -7 7 0 0 0 0 0 0 0 0 0 0 0 0 0 0 0 0 0 0 0 0 0 0 -15 9 -18 9 -14 6 -15 10 -11 5 -13 0 -6 1 -4 -4 1 -7 1 -9 3 -11 7 -17 5 -17 4 -26 1 -24 4 -27 0 -30 -1 -30 1 -32 -2 -28 -6 -28 2 -20 1 -12 6 -6 6 -4 16 6 ]
CSI_DATA,STA,E4:D1:24:F2:5E:80,-83,10,0,0,0,0,0,0,0,0,0,-97,0,9,0,68950435,0,389,0,0,69.3331,128,[-123 81 24 0 -32 14 -36 17 -31 20 -33 22 -35 17 -30 20 -23 19 -22 19 -17 16 -14 7 -15 10 -10 2 -10 -6 -9 -8 -7 -13 -10 -17 -8 -22 -5 -19 -6 -20 -6 -19 -8 -20 -3 -19 -1 -16 -1 -17 -5 -10 0 0 0 0 0 0 0 0 0 0 0 0 0 0 0 0 0 0 0 0 0 0 5 -12 5 -18 4 -16 5 -15 5 -8 6 -12 6 -13 2 -3 4 -5 0 -1 4 3 4 9 6 15 8 21 12 27 11 25 14 25 22 24 21 25 21 22 18 15 17 14 6 17 4 11 -2 8 -6 5 ]
CSI_DATA,STA,E4:D1:24:F2:5E:80,-84,10,0,0,0,0,0,0,0,0,0,-97,0,9,0,69155240,0,389,0,0,69.538,128,[-123 81 24 0 16 -28 18 -29 18 -36 20 -34 16 -37 14 -29 14 -26 6 -29 10 -16 6 -13 5 -3 3 1 8 5 0 3 4 9 2 12 6 18 5 17 9 18 7 20 2 21 0 18 0 16 0 14 0 7 0 0 0 0 0 0 0 0 0 0 0 0 0 0 0 0 0 0 0 0 0 0 12 2 17 3 15 3 12 6 15 4 9 4 2 5 -1 4 -3 8 -3 3 -12 1 -15 4 -21 1 -28 -1 -26 0 -31 -3 -31 -1 -35 3 -24 4 -27 4 -23 5 -22 3 -16 1 -2 0 -1 -6 3 -16 ]
CSI_DATA,STA,E4:D1:24:F2:5E:80,-82,10,0,0,0,0,0,0,0,0,0,-97,0,9,0,69257642,0,389,0,0,69.6402,128,[-123 81 24 0 -34 8 -36 5 -41 12 -38 10 -36 10 -31 16 -29 14 -21 11 -16 12 -14 6 -11 0 -6 -2 -3 -7 -3 -10 0 -11 1 -16 1 -18 4 -18 0 -19 2 -20 0 -18 3 -14 1 -15 4 -16 4 -10 0 0 0 0 0 0 0 0 0 0 0 0 0 0 0 0 0 0 0 0 0 0 5 -15 8 -13 4 -14 4 -14 2 -17 6 -7 3 -7 8 -8 2 -1 3 8 2 9 7 13 3 17 8 15 6 25 7 23 17 23 17 24 15 25 12 18 10 19 8 16 3 5 1 10 -5 5 -16 -1 ]
CSI_DATA,STA,E4:D1:24:F2:5E:80,-84,10,0,0,0,0,0,0,0,0,0,-97,0,9,0,69360045,0,389,0,0,69.7428,128,[-123 81 24 0 -35 -6 -34 -4 -37 -9 -38 -3 -35 -5 -34 -2 -30 -5 -25 2 -21 1 -18 1 -12 -2 -7 -9 -4 -4 -1 -5 5 -9 11 -16 9 -11 11 -18 11 -14 12 -18 12 -19 13 -10 6 -11 12 -14 9 -8 0 0 0 0 0 0 0 0 0 0 0 0 0 0 0 0 0 0 0 0 0 0 10 -12 11 -13 10 -12 9 -11 6 -10 9 -13 8 -5 2 1 3 1 -1 5 1 9 -5 13 -6 18 -5 23 -3 27 2 29 -1 28 -1 27 3 32 4 26 7 25 5 20 0 9 1 13 -9 5 -15 -2 ]
CSI_DATA,STA,E4:D1:24:F2:5E:80,-83,10,0,0,0,0,0,0,0,0,0,-97,0,9,0,69462447,0,389,0,0,69.8452,128,[-123 81 24 0 25 20 32 20 33 23 35 16 29 16 28 17 25 15 22 10 21 2 9 3 9 2 2 5 -3 6 -6 6 -8 3 -15 8 -18 4 -19 8 -20 9 -22 12 -20 6 -20 6 -16 8 -12 1 -12 0 0 0 0 0 0 0 0 0 0 0 0 0 0 0 0 0 0 0 0 0 0 0 -15 7 -12 4 -13 3 -14 4 -14 4 -7 2 -3 -3 -4 -1 0 -5 1 -10 5 -7 4 -17 7 -15 8 -19 10 -27 12 -26 8 -21 8 -32 7 -28 1 -24 7 -21 11 -23 3 -9 5 -4 9 1 17 11 ]
CSI_DATA,STA,E4:D1:24:F2:5E:80,-83,10,0,0,0,0,0,0,0,0,0,-97,0,9,0,69564849,0,389,0,0,69.9476,128,[-123 81 24 0 4 -34 0 -41 7 -46 1 -43 -5 -42 -3 -35 -6 -35 -3 -32 -6 -30 -6 -21 4 -10 5 -9 4 -2 11 -2 9 3 16 6 19 11 22 10 18 7 18 10 18 10 18 12 14 8 10 13 8 10 0 0 0 0 0 0 0 0 0 0 0 0 0 0 0 0 0 0 0 0 0 0 17 6 16 8 13 9 14 11 9 6 7 5 3 7 2 6 -5 2 -4 1 -14 4 -18 4 -22 -1 -29 3 -27 7 -34 6 -30 5 -36 9 -29 10 -26 9 -26 8 -23 9 -16 0 -12 -5 -10 -6 -6 -11 ]
CSI_DATA,STA,E4:D1:24:F2:5E:80,-83,10,0,0,0,0,0,0,0,0,0,-97,0,9,0,69587265,0,64,0,0,69.9781,128,[64 0 4 0 -34 9 -37 12 -41 11 -38 10 -35 14 -35 19 -30 14 -28 10 -19 8 -15 7 -13 3 -8 -2 -4 -8 -6 -14 0 -11 4 -21 5 -20 1 -27 6 -20 0 -22 3 -21 6 -19 8 -17 8 -11 6 -7 0 0 0 0 0 0 0 0 0 0 0 0 0 0 0 0 0 0 0 0 0 0 2 -17 6 -18 6 -17 6 -14 6 -13 2 -11 4 -4 2 -1 1 2 7 9 6 10 10 18 9 23 10 18 13 24 13 24 22 24 12 20 22 23 21 20 14 19 18 16 3 8 -2 5 -11 8 -16 6 ]
CSI_DATA,STA,E4:D1:24:F2:5E:80,-84,10,0,0,0,0,0,0,0,0,0,-97,0,9,0,69667388,0,389,0,0,70.05,128,[-123 81 24 0 -29 21 -30 20 -30 25 -32 25 -29 25 -28 24 -21 20 -17 23 -10 18 -12 8 -11 3 -5 -3 -8 -6 1 -11 -3 -10 -4 -18 -5 -21 -1 -24 2 -19 0 -18 -1 -21 1 -22 8 -18 5 -15 6 -13 0 0 0 0 0 0 0 0 0 0 0 0 0 0 0 0 0 0 0 0 0 0 -9 -13 -6 -16 -7 -15 -9 -12 -5 -11 -7 -11 -1 -5 -1 -5 1 1 4 2 10 5 15 6 18 10 21 19 23 13 24 12 30 11 28 8 27 7 22 11 21 4 16 6 10 3 4 3 -2 6 -11 7 ]
CSI_DATA,STA,E4:D1:24:F2:5E:80,-83,10,0,0,0,0,0,0,0,0,0,-97,0,9,0,69769654,0,389,0,0,70.1524,128,[-123 81 24 0 27 -16 28 -21 36 -21 34 -21 27 -27 26 -24 21 -22 15 -22 18 -15 12 -10 9 -11 3 -3 4 6 6 10 -1 13 -1 16 5 15 -4 17 -2 21 -2 25 -4 22 -5 16 -2 16 -5 11 -5 8 0 0 0 0 0 0 0 0 0 0 0 0 0 0 0 0 0 0 0 0 0 0 8 12 11 13 13 12 11 18 4 11 2 7 4 2 0 4 -5 0 -5 -5 -13 -3 -14 -3 -20 -12 -22 -12 -26 -13 -31 -13 -32 -10 -31 -10 -33 -9 -27 -13 -24 -12 -16 -8 -10 -6 -8 -6 5 -11 7 -8 ]
CSI_DATA,STA,E4:D1:24:F2:5E:80,-85,10,0,0,0,0,0,0,0,0,0,-97,0,9,0,69872057,0,389,0,0,70.2548,128,[-123 81 24 0 18 -23 21 -25 23 -29 26 -30 21 -28 15 -19 16 -23 13 -18 13 -21 8 -17 8 -10 3 4 -2 6 5 5 -1 12 -1 15 -1 16 5 15 -5 17 1 13 -4 17 -5 16 -6 16 -8 10 -5 6 0 0 0 0 0 0 0 0 0 0 0 0 0 0 0 0 0 0 0 0 0 0 12 7 13 7 7 6 8 4 6 6 3 5 1 6 1 1 -4 1 -9 3 -11 -3 -19 -2 -18 -3 -24 -5 -26 -7 -26 -2 -34 -5 -25 4 -31 -3 -25 1 -21 3 -21 0 -9 1 -4 1 2 -9 5 -13 ]
CSI_DATA,STA,E4:D1:24:F2:5E:80,-84,10,0,0,0,0,0,0,0,0,0,-97,0,9,0,69974459,0,389,0,0,70.357,128,[-123 81 24 0 -1 34 -7 39 -7 42 -5 38 -6 38 -4 39 -4 34 -4 25 -6 22 3 17 -3 6 -2 2 -7 -3 -11 -8 -1 -10 -7 -16 -10 -15 -7 -19 -11 -16 -8 -19 -9 -22 -7 -17 -3 -17 -5 -14 -2 -15 0 0 0 0 0 0 0 0 0 0 0 0 0 0 0 0 0 0 0 0 0 0 -14 8 -17 4 -18 7 -14 1 -14 5 -12 3 -9 2 -3 0 0 -10 8 -3 9 -3 12 -11 17 -12 21 -18 23 -15 24 -21 28 -20 25 -19 28 -21 17 -17 15 -19 14 -13 5 -11 0 -3 -1 3 -4 11 ]
CSI_DATA,STA,E4:D1:24:F2:5E:80,-83,10,0,0,0,0,0,0,0,0,0,-97,0,9,0,70076861,0,389,0,0,70.4595,128,[-123 81 24 0 35 12 38 10 41 7 40 7 34 6 34 6 31 4 27 6 22 2 18 0 10 3 9 10 4 6 -7 5 -12 8 -14 7 -15 6 -24 8 -19 8 -22 9 -18 6 -19 5 -17 6 -15 3 -13 0 0 0 0 0 0 0 0 0 0 0 0 0 0 0 0 0 0 0 0 0 0 0 3 16 2 19 4 13 -3 13 0 12 0 9 -1 6 0 2 -4 1 -5 -7 -1 -12 -5 -16 -7 -20 -10 -24 -13 -29 -13 -26 -15 -32 -15 -27 -17 -28 -14 -21 -12 -21 -12 -21 -8 -18 -4 -5 2 -5 13 -4 ]
CSI_DATA,STA,E4:D1:24:F2:5E:80,-85,10,0,0,0,0,0,0,0,0,0,-97,0,9,0,70281666,0,389,0,0,70.6644,128,[-123 81 24 0 -6 -31 1 -35 -5 -41 -6 -36 -13 -34 -6 -35 -5 -30 -3 -24 -8 -13 -2 -17 -2 -13 2 -5 8 -8 7 2 12 5 16 6 10 9 18 9 14 16 13 13 15 14 12 12 9 14 8 14 0 9 0 0 0 0 0 0 0 0 0 0 0 0 0 0 0 0 0 0 0 0 0 0 18 -4 13 1 16 -4 9 -3 12 -1 10 1 4 2 2 -3 0 0 -9 0 -9 4 -8 7 -20 8 -20 10 -23 13 -26 9 -21 16 -24 20 -25 19 -22 17 -20 14 -16 16 -6 10 -9 2 -3 -9 0 -12 ]
CSI_DATA,STA,E4:D1:24:F2:5E:80,-84,10,0,0,0,0,0,0,0,0,0,-97,0,9,0,70384069,0,389,0,0,70.7668,128,[-123 81 24 0 -22 16 -22 20 -26 20 -28 24 -25 25 -22 16 -18 17 -16 18 -8 13 -10 9 -10 9 -8 4 -7 -5 0 -9 -1 -11 -3 -12 -2 -17 1 -19 -7 -21 -1 -20 3 -19 0 -19 -2 -14 0 -15 7 -12 0 0 0 0 0 0 0 0 0 0 0 0 0 0 0 0 0 0 0 0 0 0 -8 -13 -5 -14 -6 -11 -8 -10 -8 -12 -5 -9 -6 -1 2 -8 -2 -2 -1 -1 5 3 10 7 11 11 13 13 16 13 17 11 23 15 19 11 22 9 29 7 26 4 18 7 13 3 8 9 5 6 -7 7 ]
CSI_DATA,STA,E4:D1:24:F2:5E:80,-84,10,0,0,0,0,0,0,0,0,0,-97,0,9,0,70486471,0,389,0,0,70.8692,128,[-123 81 24 0 19 -19 25 -36 19 -33 18 -33 17 -32 13 -30 19 -30 17 -24 8 -14 3 -16 1 -12 4 -6 5 -4 5 0 5 7 4 12 -1 17 1 11 0 19 1 20 5 17 0 15 -8 17 -1 13 -8 8 0 0 0 0 0 0 0 0 0 0 0 0 0 0 0 0 0 0 0 0 0 0 12 6 11 8 11 2 11 3 7 7 8 8 9 -1 4 3 4 2 -9 -3 -15 1 -15 -2 -20 -6 -19 -3 -26 -3 -27 -4 -33 0 -27 5 -32 1 -27 5 -28 4 -21 5 -20 3 -7 1 -8 -5 2 -13 ]
CSI_DATA,STA,E4:D1:24:F2:5E:80,-83,10,0,0,0,0,0,0,0,0,0,-97,0,9,0,70588873,0,389,0,0,70.9716,128,[-123 81 24 0 -10 36 -9 32 -8 39 -7 30 -1 33 -5 32 -4 30 -3 27 -2 22 -1 18 -7 12 -3 7 0 2 -4 -10 -3 -9 -7 -19 -7 -14 -6 -16 -12 -21 -7 -19 0 -17 -2 -18 -3 -19 -1 -13 3 -10 0 0 0 0 0 0 0 0 0 0 0 0 0 0 0 0 0 0 0 0 0 0 -14 12 -15 8 -12 6 -12 5 -15 6 -3 4 -10 3 -2 -1 4 -4 2 3 11 -7 10 -7 18 -15 18 -13 19 -10 20 -18 24 -21 20 -25 20 -17 19 -19 15 -26 15 -18 9 -15 4 -2 0 -1 -5 2 ]
CSI_DATA,STA,E4:D1:24:F2:5E:80,-83,10,0,0,0,0,0,0,0,0,0,-97,0,9,0,70601746,0,64,0,0,71.004,128,[64 0 4 0 31 0 43 4 39 5 40 0 33 2 31 0 30 3 29 2 22 -3 20 2 9 2 3 0 -3 1 -5 5 -7 8 -11 12 -11 7 -18 7 -17 16 -19 11 -22 12 -21 9 -18 10 -11 5 -11 1 0 0 0 0 0 0 0 0 0 0 0 0 0 0 0 0 0 0 0 0 0 0 6 15 2 15 2 17 4 15 0 12 0 9 -1 12 -3 6 -4 -2 -4 -5 -3 -9 -4 -9 -8 -13 -6 -20 -12 -24 -12 -24 -14 -27 -20 -26 -14 -22 -15 -22 -17 -19 -14 -21 -11 -10 -4 -8 0 -4 11 6 ]
CSI_DATA,STA,E4:D1:24:F2:5E:80,-83,10,0,0,0,0,0,0,0,0,0,-97,0,9,0,70691276,0,389,0,0,71.0739,128,[-123 81 24 0 -31 15 -37 13 -35 20 -37 17 -43 19 -32 20 -27 15 -22 9 -16 11 -11 7 -12 4 -7 -2 -1 0 2 -7 7 -11 14 -8 10 -15 11 -17 14 -12 20 -15 18 -16 18 -8 17 -7 15 -10 12 -5 0 0 0 0 0 0 0 0 0 0 0 0 0 0 0 0 0 0 0 0 0 0 -16 0 -12 -2 -12 -3 -13 -7 -10 -4 -9 -6 -9 -5 -2 0 -2 2 4 1 14 3 10 3 13 4 19 4 21 2 24 6 25 7 30 6 30 8 27 1 27 4 19 3 14 1 6 3 -2 7 -8 7 ]
CSI_DATA,STA,E4:D1:24:F2:5E:80,-83,10,0,0,0,0,0,0,0,0,0,-97,0,9,0,70793678,0,389,0,0,71.1762,128,[-123 81 24 0 -30 -12 -32 -15 -36 -18 -40 -12 -35 -9 -28 -14 -33 -8 -27 -7 -21 -3 -15 -6 -9 -3 -3 -9 -2 -6 6 -5 7 -8 12 -12 12 -7 18 -8 17 -7 18 -4 18 -7 15 -1 13 0 11 0 8 2 0 0 0 0 0 0 0 0 0 0 0 0 0 0 0 0 0 0 0 0 0 0 -3 -14 -1 -13 2 -19 -2 -15 -1 -15 2 -10 -1 -5 2 -4 4 1 -1 4 1 6 -1 14 -2 21 7 23 1 21 3 27 10 25 10 27 6 26 13 24 4 20 7 21 2 13 -1 5 -3 3 -16 -2 ]
CSI_DATA,STA,E4:D1:24:F2:5E:80,-84,10,0,0,0,0,0,0,0,0,0,-97,0,9,0,70896080,0,389,0,0,71.2788,128,[-123 81 24 0 -24 26 -20 27 -24 33 -21 32 -21 25 -15 29 -15 24 -9 26 -7 19 -9 15 -7 4 -5 1 -5 -6 -2 -3 -6 -8 -8 -11 -12 -24 -9 -24 -9 -14 -10 -19 -10 -18 -8 -21 -13 -19 -3 -15 -1 -12 0 0 0 0 0 0 0 0 0 0 0 0 0 0 0 0 0 0 0 0 0 0 -8 -15 -6 -14 -11 -12 -9 -14 -5 -8 -6 -9 -3 -6 -5 0 -4 -1 6 0 8 7 14 4 18 10 19 12 22 9 28 4 28 5 30 6 25 10 24 4 23 2 26 4 12 3 9 9 -1 14 -1 10 ]
CSI_DATA,STA,E4:D1:24:F2:5E:80,-84,10,0,0,0,0,0,0,0,0,0,-97,0,9,0,70998483,0,389,0,0,71.3812,128,[-123 81 24 0 34 18 34 10 40 18 37 14 43 13 33 11 28 12 28 13 22 6 13 8 4 7 6 5 -10 9 -6 1 -11 3 -16 3 -19 3 -17 5 -24 4 -22 3 -22 -4 -22 -2 -17 -5 -16 -4 -13 -9 0 0 0 0 0 0 0 0 0 0 0 0 0 0 0 0 0 0 0 0 0 0 3 14 2 18 1 16 3 9 4 11 7 7 4 5 3 0 -4 -3 -1 -5 -3 -16 -4 -14 -5 -22 -8 -26 -12 -30 -15 -25 -14 -24 -16 -28 -14 -23 -14 -19 -16 -21 -11 -18 -10 -13 0 -7 8 3 16 3 ]
CSI_DATA,STA,E4:D1:24:F2:5E:80,-83,10,0,0,0,0,0,0,0,0,0,-97,0,9,0,71100885,0,389,0,0,71.4836,128,[-123 81 24 0 -32 5 -44 7 -45 6 -34 8 -44 6 -34 13 -29 10 -25 9 -17 3 -10 6 -11 3 -1 0 -1 -4 3 -5 9 -16 8 -13 10 -17 13 -14 12 -18 14 -15 17 -14 10 -12 12 -7 10 -9 9 -9 0 0 0 0 0 0 0 0 0 0 0 0 0 0 0 0 0 0 0 0 0 0 -14 -15 -14 -13 -12 -16 -9 -11 -5 -10 -8 -15 -1 -6 -3 -6 4 2 6 2 15 10 15 12 16 11 21 13 21 15 21 18 20 20 19 18 27 13 25 10 19 11 21 8 6 3 7 4 -7 1 -19 1 ]
CSI_DATA,STA,E4:D1:24:F2:5E:80,-84,10,0,0,0,0,0,0,0,0,0,-97,0,9,0,71305690,0,389,0,0,71.6884,128,[-123 81 24 0 35 -12 35 -8 38 -13 41 -9 38 -12 35 -5 33 -8 26 -3 18 -4 21 -4 8 1 2 3 -1 2 -8 -3 -7 -3 -17 -2 -19 -3 -20 -3 -19 -6 -20 -5 -21 -9 -14 -10 -14 -12 -16 -9 -10 -9 0 0 0 0 0 0 0 0 0 0 0 0 0 0 0 0 0 0 0 0 0 0 10 -14 5 -16 9 -15 2 -9 7 -10 3 -4 2 -6 0 -3 -2 -1 -8 5 -7 0 -16 5 -20 8 -21 11 -28 12 -31 3 -28 9 -26 12 -29 8 -22 12 -23 16 -12 8 -9 8 -7 3 8 -5 10 -4 ]
CSI_DATA,STA,E4:D1:24:F2:5E:80,-82,10,0,0,0,0,0,0,0,0,0,-97,0,9,0,71408092,0,389,0,0,71.7908,128,[-123 81 24 0 38 -12 38 -14 34 -18 38 -15 30 -15 30 -15 25 -10 21 -12 19 -10 10 -9 9 0 5 2 0 4 -5 7 -7 7 -9 6 -13 11 -17 14 -18 13 -21 12 -17 9 -17 11 -16 6 -13 7 -11 4 0 0 0 0 0 0 0 0 0 0 0 0 0 0 0 0 0 0 0 0 0 0 14 1 13 5 15 7 12 5 9 0 9 3 3 3 -2 2 -2 -1 -8 -3 -13 -5 -16 -2 -22 -6 -29 -7 -24 -8 -31 -8 -32 -9 -33 -3 -32 -4 -28 -1 -20 1 -14 1 -8 -4 -1 -3 6 0 14 -3 ]
CSI_DATA,STA,E4:D1:24:F2:5E:80,-84,10,0,0,0,0,0,0,0,0,0,-97,0,9,0,71510495,0,389,0,0,71.8931,128,[-123 81 24 0 -30 16 -32 16 -38 20 -29 18 -34 20 -27 21 -24 18 -25 18 -17 13 -15 12 -17 9 -5 4 -3 -7 -1 -4 0 -11 4 -18 6 -19 3 -19 4 -20 7 -21 9 -18 9 -19 4 -13 8 -13 6 -12 0 0 0 0 0 0 0 0 0 0 0 0 0 0 0 0 0 0 0 0 0 0 -12 -12 -8 -10 -7 -15 -7 -14 -5 -10 -6 -9 -6 -5 -2 -7 4 0 2 2 2 3 10 7 12 13 19 12 24 11 22 11 26 13 30 9 24 10 21 1 27 9 15 6 8 2 1 -1 -1 5 -18 8 ]
CSI_DATA,STA,E4:D1:24:F2:5E:80,-83,10,0,0,0,0,0,0,0,0,0,-97,0,9,0,71612897,0,389,0,0,71.9955,128,[-123 81 24 0 -31 -19 -28 -24 -33 -28 -32 -21 -33 -18 -32 -15 -26 -12 -24 -13 -15 -8 -12 -8 -14 -7 -5 -6 -1 -4 7 -4 13 -1 10 -2 16 3 17 3 14 1 17 6 17 4 16 9 15 8 11 9 7 9 0 0 0 0 0 0 0 0 0 0 0 0 0 0 0 0 0 0 0 0 0 0 -5 -11 -7 -11 -9 -16 -5 -12 -3 -11 0 -13 2 -5 3 -3 0 -1 3 4 3 9 7 15 3 13 6 14 7 20 12 23 14 24 13 27 12 22 15 22 14 18 13 14 9 11 2 2 4 6 -13 -7 ]
CSI_DATA,STA,E4:D1:24:F2:5E:80,-84,10,0,0,0,0,0,0,0,0,0,-97,0,9,0,71641815,0,64,0,0,72.027,128,[64 0 4 0 26 13 34 20 31 23 32 23 28 20 31 22 28 17 22 18 18 12 11 5 4 7 2 3 2 0 -2 0 -10 -4 -9 -5 -18 -12 -15 -7 -17 -13 -15 -12 -19 -16 -14 -15 -13 -11 -6 -12 -9 -10 0 0 0 0 0 0 0 0 0 0 0 0 0 0 0 0 0 0 0 0 0 0 7 10 11 12 6 8 4 10 5 6 3 4 -3 0 2 -1 -5 2 -5 -5 -5 -10 -5 -7 -9 -13 -9 -19 -13 -20 -15 -21 -18 -27 -12 -21 -20 -24 -18 -20 -17 -22 -12 -18 -9 -10 -2 -6 -1 1 13 -1 ]
CSI_DATA,STA,E4:D1:24:F2:5E:80,-84,10,0,0,0,0,0,0,0,0,0,-97,0,9,0,71715299,0,389,0,0,72.098,128,[-123 81 24 0 32 0 42 -2 40 -3 36 -1 34 -3 30 -2 27 -3 22 -3 18 -4 12 -2 8 5 4 -2 -7 7 -8 10 -10 8 -13 7 -18 11 -17 7 -19 12 -18 4 -18 10 -18 4 -15 1 -13 2 -11 0 0 0 0 0 0 0 0 0 0 0 0 0 0 0 0 0 0 0 0 0 0 0 8 10 8 9 6 9 5 8 6 8 7 5 2 3 -1 -1 -2 -1 -4 -4 -5 -5 -9 -9 -11 -11 -13 -16 -23 -17 -20 -19 -19 -13 -20 -18 -21 -17 -22 -11 -21 -9 -19 -7 -9 -8 -2 -4 4 -1 14 -2 ]
CSI_DATA,STA,E4:D1:24:F2:5E:80,-84,10,0,0,0,0,0,0,0,0,0,-97,0,9,0,71817702,0,389,0,0,72.2005,128,[-123 81 24 0 31 -20 31 -15 34 -17 41 -17 33 -16 31 -6 28 -12 25 -9 17 -9 15 -11 13 -1 5 2 1 3 -5 3 -8 7 -8 8 -13 9 -19 7 -19 6 -18 9 -17 7 -15 7 -15 4 -13 1 -14 -4 0 0 0 0 0 0 0 0 0 0 0 0 0 0 0 0 0 0 0 0 0 0 16 -7 14 -1 12 -3 12 -5 4 -4 10 -1 6 0 -1 -2 -5 -4 -6 1 -12 -2 -15 0 -16 -3 -21 -4 -24 -2 -28 2 -28 2 -29 5 -24 1 -29 3 -22 4 -21 7 -14 6 -8 1 3 -2 8 -5 ]
CSI_DATA,STA,E4:D1:24:F2:5E:80,-84,10,0,0,0,0,0,0,0,0,0,-97,0,9,0,71920104,0,389,0,0,72.3028,128,[-123 81 24 0 14 -30 14 -40 15 -38 18 -40 10 -41 11 -34 11 -35 11 -27 10 -18 4 -20 2 -15 -2 0 5 4 1 3 3 10 -4 16 5 19 3 19 -2 19 -1 20 -4 19 -6 17 -3 17 -9 12 -8 13 0 0 0 0 0 0 0 0 0 0 0 0 0 0 0 0 0 0 0 0 0 0 12 -9 13 -8 8 -6 10 -5 8 -1 7 -8 8 2 5 -3 -4 4 -8 5 -9 5 -10 6 -15 8 -19 7 -20 15 -21 17 -29 15 -29 20 -26 18 -28 17 -20 13 -18 16 -11 9 -10 5 0 -4 1 -13 ]
CSI_DATA,STA,E4:D1:24:F2:5E:80,-83,10,0,0,0,0,0,0,0,0,0,-97,0,9,0,72124909,0,389,0,0,72.5076,128,[-123 81 24 0 -32 2 -43 8 -42 4 -41 11 -44 8 -39 6 -34 15 -28 9 -23 6 -22 0 -14 -2 -7 2 -4 -11 2 -11 0 -10 6 -11 15 -15 15 -18 15 -17 13 -11 16 -18 17 -10 19 -11 12 -9 7 -5 0 0 0 0 0 0 0 0 0 0 0 0 0 0 0 0 0 0 0 0 0 0 -13 -14 -11 -14 -11 -12 -9 -16 -8 -14 -6 -8 -7 -4 -1 -4 2 1 1 0 9 8 10 8 16 15 14 19 25 17 22 16 25 16 28 20 29 20 26 15 23 13 18 8 11 10 7 5 -4 6 -8 4 ]
CSI_DATA,STA,E4:D1:24:F2:5E:80,-84,10,0,0,0,0,0,0,0,0,0,-97,0,9,0,72227311,0,389,0,0,72.6099,128,[-123 81 24 0 21 15 28 18 32 20 33 20 29 18 28 21 25 14 24 14 16 11 19 10 7 9 5 3 5 -1 -2 -2 -7 -3 -12 0 -16 -5 -19 -2 -23 -4 -20 -7 -21 -5 -20 -10 -15 -12 -13 -16 -5 -5 0 0 0 0 0 0 0 0 0 0 0 0 0 0 0 0 0 0 0 0 0 0 6 12 2 16 3 13 4 11 6 10 1 7 1 6 3 2 -1 0 -2 -1 -2 -8 -4 -13 -5 -19 -10 -15 -7 -23 -12 -25 -10 -32 -7 -31 -13 -32 -13 -25 -13 -25 -11 -22 -11 -15 -3 -6 -1 -1 9 7 ]
CSI_DATA,STA,E4:D1:24:F2:5E:80,-87,10,0,0,0,0,0,0,0,0,0,-97,0,9,0,72432120,0,389,0,0,72.8148,128,[-123 81 24 0 -21 -13 -19 -19 -24 -18 -25 -18 -22 -20 -20 -18 -22 -15 -18 -12 -14 -12 -10 -6 -9 -4 -5 -4 3 -4 3 -6 6 5 14 -2 9 -1 14 4 13 0 17 3 17 5 16 8 15 3 8 7 8 5 0 0 0 0 0 0 0 0 0 0 0 0 0 0 0 0 0 0 0 0 0 0 0 -12 3 -14 0 -12 -1 -7 -1 -8 -1 -6 6 -5 -1 3 -2 0 -3 -1 -4 8 -2 7 -1 14 4 12 -5 20 3 19 3 19 3 17 4 17 1 20 -1 17 4 12 -3 10 -1 6 -4 -2 -10 2 ]
CSI_DATA,STA,E4:D1:24:F2:5E:80,-86,10,0,0,0,0,0,0,0,0,0,-97,0,9,0,72534522,0,389,0,0,72.9172,128,[-123 81 24 0 25 1 27 8 27 2 28 3 30 1 26 7 31 -1 20 1 18 7 16 1 12 1 3 -2 4 8 -3 6 -6 1 -8 7 -12 11 -11 10 -15 7 -14 8 -14 5 -15 7 -14 4 -10 2 -11 0 0 0 0 0 0 0 0 0 0 0 0 0 0 0 0 0 0 0 0 0 0 0 3 10 3 13 -2 10 -1 8 3 12 -7 7 -8 7 -7 2 -4 1 -6 -1 -3 0 -6 -5 -8 -13 -8 -12 -5 -17 -10 -21 -14 -21 -11 -17 -16 -18 -8 -20 -9 -17 -7 -13 -8 -15 -4 -2 4 4 11 -9 ]
CSI_DATA,STA,E4:D1:24:F2:5E:80,-88,10,0,0,0,0,0,0,0,0,0,-97,0,9,0,72636925,0,389,0,0,73.0196,128,[-123 81 24 0 -18 9 -17 9 -24 13 -23 13 -22 11 -17 14 -16 8 -18 9 -15 10 -10 8 -7 4 -9 6 -6 -1 -3 -11 -2 -5 -3 -11 2 -12 2 -14 -4 -10 1 -9 -3 -15 -5 -12 1 -14 3 -9 2 -9 0 0 0 0 0 0 0 0 0 0 0 0 0 0 0 0 0 0 0 0 0 0 3 -12 7 -13 4 -14 0 -6 1 -10 3 -2 1 -7 4 -3 2 -3 2 1 4 1 4 3 2 6 7 9 5 9 7 11 12 15 4 13 12 16 13 12 9 7 5 8 5 6 7 1 5 3 -9 9 ]
CSI_DATA,STA,E4:D1:24:F2:5E:80,-88,10,0,0,0,0,0,0,0,0,0,-97,0,9,0,72739327,0,389,0,0,73.122,128,[-123 81 24 0 15 10 17 15 15 12 16 16 17 11 19 8 10 6 14 8 13 4 2 2 9 2 1 5 -3 3 0 2 -4 6 -3 11 -6 11 -11 13 -5 15 -6 9 -7 8 -6 7 -6 13 -4 9 -3 3 0 0 0 0 0 0 0 0 0 0 0 0 0 0 0 0 0 0 0 0 0 0 -6 -8 -7 -7 -3 -7 -5 -4 -2 -8 -4 -6 -2 -6 -3 -6 0 3 4 -6 3 -4 10 -4 9 -3 13 -3 12 -3 10 -4 16 -10 11 -9 12 -10 6 -3 14 -12 12 -5 11 -8 7 -4 8 1 11 0 ]
CSI_DATA,STA,E4:D1:24:F2:5E:80,-88,10,0,0,0,0,0,0,0,0,0,-97,0,9,0,72841730,0,389,0,0,73.2245,128,[-123 81 24 0 -18 -5 -26 -7 -25 -10 -27 -7 -21 -4 -19 -6 -25 -1 -16 0 -16 1 -15 -1 -16 -3 -4 0 -4 -11 -2 -4 2 -4 -3 -8 -3 -11 0 -14 3 -19 1 -17 4 -16 2 -16 2 -12 4 -14 1 -10 0 0 0 0 0 0 0 0 0 0 0 0 0 0 0 0 0 0 0 0 0 0 2 3 8 6 1 2 9 4 7 4 7 7 5 7 0 5 4 4 2 3 0 5 -1 4 -10 5 -8 10 -14 12 -15 11 -10 15 -13 14 -13 18 -15 18 -9 12 -9 13 -10 11 -6 9 -7 -1 -14 5 ]
CSI_DATA,STA,E4:D1:24:F2:5E:80,-87,10,0,0,0,0,0,0,0,0,0,-97,0,9,0,73660948,0,389,0,0,74.0437,128,[-123 81 24 0 17 -2 19 -12 20 -5 18 -13 24 -9 24 -13 19 -16 20 -7 12 -11 17 -12 8 -6 8 -3 9 -2 7 -1 8 3 6 10 6 12 7 6 7 8 5 12 6 14 4 9 -3 12 1 10 -3 6 0 0 0 0 0 0 0 0 0 0 0 0 0 0 0 0 0 0 0 0 0 0 -5 -3 -6 -3 -8 -6 -9 0 -10 -2 -5 -6 -11 0 -6 1 -2 -2 -5 -2 -1 0 -3 -7 1 -9 -4 -13 0 -11 3 -10 1 -18 2 -16 -2 -18 -3 -21 -6 -17 -4 -15 -2 -16 -7 -11 -4 -14 3 -7 ]
CSI_DATA,STA,E4:D1:24:F2:5E:80,-87,10,0,0,0,0,0,0,0,0,0,-97,0,9,0,73683557,0,64,0,0,74.0744,128,[64 0 4 0 -15 15 -13 15 -18 22 -15 13 -15 17 -10 21 -15 18 -8 17 -9 21 -10 17 -1 11 -8 10 -3 6 -5 5 -7 2 -16 8 -11 4 -16 -1 -19 -5 -11 1 -14 0 -15 -4 -13 -4 -13 -1 -13 -3 0 0 0 0 0 0 0 0 0 0 0 0 0 0 0 0 0 0 0 0 0 0 9 3 2 6 8 3 5 3 5 6 5 0 4 3 5 1 5 5 -1 5 -6 5 -3 -2 -6 10 -12 11 -7 9 -4 15 -4 15 -4 20 -3 17 5 19 6 15 8 12 6 13 1 9 4 6 -1 13 ]
CSI_DATA,STA,E4:D1:24:F2:5E:80,-85,10,0,0,0,0,0,0,0,0,0,-97,0,9,0,73865752,0,389,0,0,74.2487,128,[-123 81 24 0 -19 -24 -15 -27 -22 -28 -18 -23 -21 -22 -22 -23 -18 -23 -13 -13 -14 -12 -9 -6 -7 -10 -1 -6 2 -10 11 -4 5 -7 14 -7 6 -7 10 -10 15 -7 12 -5 13 -6 10 -11 10 -9 10 -7 10 -6 0 0 0 0 0 0 0 0 0 0 0 0 0 0 0 0 0 0 0 0 0 0 7 7 8 7 8 7 7 5 4 5 5 1 3 3 1 2 2 3 -4 3 -10 4 -13 5 -13 11 -15 6 -17 8 -21 9 -18 11 -19 12 -19 14 -17 11 -13 14 -14 10 -10 5 -10 1 -10 -6 -12 -14 ]
CSI_DATA,STA,E4:D1:24:F2:5E:80,-85,10,0,0,0,0,0,0,0,0,0,-97,0,9,0,73968155,0,389,0,0,74.3509,128,[-123 81 24 0 -20 24 -22 28 -27 32 -21 28 -22 24 -19 27 -16 16 -13 16 -8 6 -11 6 -12 3 -8 -3 -11 0 -2 -8 -7 -16 2 -17 -1 -25 -3 -11 0 -19 -2 -23 -1 -22 -2 -19 4 -14 4 -11 2 -9 0 0 0 0 0 0 0 0 0 0 0 0 0 0 0 0 0 0 0 0 0 0 -12 -7 -11 -9 -10 -7 -6 -7 2 -3 -2 2 -1 -7 1 -1 6 -2 8 -1 11 0 12 4 18 5 19 0 20 6 25 2 25 0 23 -1 22 -4 17 -1 16 -3 13 0 8 1 -2 2 -6 5 -5 13 ]
CSI_DATA,STA,E4:D1:24:F2:5E:80,-83,10,0,0,0,0,0,0,0,0,0,-97,0,9,0,74070557,0,389,0,0,74.4533,128,[-123 81 24 0 -25 -27 -25 -23 -25 -27 -29 -24 -31 -28 -30 -14 -24 -19 -22 -10 -16 -9 -11 -11 -2 -12 -2 -7 10 -5 8 -10 9 -11 12 -10 10 -11 10 -14 15 -14 12 -14 13 -11 15 -12 8 -9 11 -5 9 -6 0 0 0 0 0 0 0 0 0 0 0 0 0 0 0 0 0 0 0 0 0 0 16 7 16 6 12 7 12 10 10 6 8 4 2 7 -4 9 -3 7 -5 3 -12 7 -13 12 -19 7 -21 16 -24 13 -18 17 -25 24 -17 23 -17 20 -18 16 -16 14 -15 14 -10 8 -11 -3 -14 -7 -14 -14 ]
CSI_DATA,STA,E4:D1:24:F2:5E:80,-83,10,0,0,0,0,0,0,0,0,0,-97,0,9,0,74172959,0,389,0,0,74.5557,128,[-123 81 24 0 6 38 5 40 11 37 8 35 6 36 10 33 9 27 8 19 3 15 6 13 -2 7 -6 2 -7 0 -8 -1 -5 -6 -17 -8 -16 -8 -19 -8 -17 -11 -14 -17 -17 -14 -12 -9 -11 -8 -8 -7 -6 -9 0 0 0 0 0 0 0 0 0 0 0 0 0 0 0 0 0 0 0 0 0 0 -15 4 -13 5 -15 5 -12 0 -10 2 -8 1 -7 -2 -5 -1 2 -4 4 -12 6 -10 7 -9 15 -13 16 -15 21 -17 19 -21 19 -23 22 -20 14 -23 21 -21 19 -17 10 -8 6 -10 5 0 10 13 4 10 ]
CSI_DATA,STA,E4:D1:24:F2:5E:80,-83,10,0,0,0,0,0,0,0,0,0,-97,0,9,0,74275362,0,389,0,0,74.658,128,[-123 81 24 0 21 24 22 27 22 28 29 31 25 26 19 23 22 19 19 19 15 11 8 11 5 5 1 4 -6 1 -4 0 -11 -3 -14 -8 -17 -10 -20 -9 -16 -10 -17 -10 -16 -16 -10 -11 -13 -11 -9 -12 -3 -8 0 0 0 0 0 0 0 0 0 0 0 0 0 0 0 0 0 0 0 0 0 0 5 13 3 16 5 13 5 10 -2 7 1 10 3 5 1 -2 1 -2 -2 -6 -1 -12 -8 -16 -3 -17 -5 -22 -9 -28 -7 -30 -6 -32 -8 -29 -6 -29 -5 -27 -11 -20 -3 -16 0 -6 1 -2 3 5 5 14 ]
CSI_DATA,STA,E4:D1:24:F2:5E:80,-83,10,0,0,0,0,0,0,0,0,0,-97,0,9,0,74377764,0,389,0,0,74.7605,128,[-123 81 24 0 7 -31 0 -40 4 -37 0 -36 -2 -33 -1 -36 -2 -29 -3 -21 -6 -21 -3 -12 2 -11 3 -4 11 1 10 1 5 4 11 8 17 2 18 9 16 12 15 11 10 16 16 8 16 13 6 13 4 7 0 0 0 0 0 0 0 0 0 0 0 0 0 0 0 0 0 0 0 0 0 0 12 2 11 4 12 4 9 5 6 3 7 2 1 3 -1 4 -4 4 -10 2 -11 2 -10 4 -25 2 -25 9 -22 7 -24 5 -28 8 -26 7 -24 12 -18 11 -21 4 -16 7 -14 2 0 -10 -1 -9 -5 -18 ]
CSI_DATA,STA,E4:D1:24:F2:5E:80,-83,10,0,0,0,0,0,0,0,0,0,-97,0,9,0,74480167,0,389,0,0,74.8627,128,[-123 81 24 0 -6 -33 -11 -38 -11 -42 -13 -37 -17 -35 -9 -29 -13 -25 -8 -28 -9 -16 -6 -14 -7 -10 3 -8 6 -1 12 3 11 3 14 4 17 11 16 5 20 13 17 13 16 13 14 10 13 14 8 9 4 7 0 0 0 0 0 0 0 0 0 0 0 0 0 0 0 0 0 0 0 0 0 0 9 -12 11 -9 13 -10 12 -5 7 -4 6 -2 1 -2 2 2 0 8 -3 10 -12 10 -8 14 -17 13 -17 21 -15 23 -23 18 -18 26 -14 23 -11 26 -15 21 -6 16 -5 13 -8 2 -6 -2 1 -9 -8 -20 ]
CSI_DATA,STA,E4:D1:24:F2:5E:80,-84,10,0,0,0,0,0,0,0,0,0,-97,0,9,0,74582569,0,389,0,0,74.9651,128,[-123 81 24 0 -37 -2 -39 0 -47 0 -35 -2 -34 2 -32 6 -29 8 -27 3 -21 7 -16 0 -8 0 -5 -4 1 -10 5 -11 8 -6 12 -13 14 -14 14 -16 15 -15 12 -13 12 -16 14 -12 7 -5 10 -6 6 -7 0 0 0 0 0 0 0 0 0 0 0 0 0 0 0 0 0 0 0 0 0 0 -4 -18 -2 -14 2 -15 0 -14 1 -9 2 -9 3 -3 1 -4 7 3 5 4 8 9 1 14 8 17 7 21 12 25 11 24 16 25 13 21 22 21 17 20 11 20 12 9 5 8 -4 3 -11 4 -19 -7 ]
CSI_DATA,STA,E4:D1:24:F2:5E:80,-84,10,0,0,0,0,0,0,0,0,0,-97,0,9,0,74684971,0,389,0,0,75.0677,128,[-123 81 24 0 9 34 13 37 7 39 6 35 11 31 12 33 9 20 6 21 3 18 8 12 0 5 -8 -1 -2 -2 -2 -8 -6 -14 -9 -14 -7 -17 -9 -17 -9 -21 -2 -21 -6 -16 -4 -15 -2 -18 -1 -13 -3 -7 0 0 0 0 0 0 0 0 0 0 0 0 0 0 0 0 0 0 0 0 0 0 3 13 5 15 1 13 1 12 -1 10 0 7 -5 5 -3 -2 -1 -5 3 -9 -1 -15 1 -18 3 -21 1 -23 1 -30 2 -33 0 -29 -2 -28 2 -29 0 -21 -5 -21 2 -17 0 -4 4 0 0 8 3 20 ]
CSI_DATA,STA,E4:D1:24:F2:5E:80,-84,10,0,0,0,0,0,0,0,0,0,-97,0,9,0,74770370,0,64,0,0,75.1528,128,[64 0 4 0 -33 23 -35 16 -39 28 -35 24 -32 23 -29 21 -19 18 -21 19 -14 11 -11 8 -12 4 -1 -1 2 -7 6 -8 5 -14 7 -14 8 -15 10 -15 12 -20 8 -14 15 -15 14 -16 13 -9 10 -12 8 -6 0 0 0 0 0 0 0 0 0 0 0 0 0 0 0 0 0 0 0 0 0 0 -18 0 -15 -5 -17 -1 -12 -4 -11 -2 -9 -1 -5 -5 -3 2 3 -8 9 -1 11 2 14 -1 24 1 28 2 30 6 31 2 29 0 30 -5 29 -4 26 -3 21 -1 12 -1 9 -2 5 -2 -9 11 -16 9 ]
CSI_DATA,STA,E4:D1:24:F2:5E:80,-85,10,0,0,0,0,0,0,0,0,0,-97,0,9,0,74889776,0,389,0,0,75.2725,128,[-123 81 24 0 -42 4 -30 7 -36 4 -34 6 -35 8 -34 7 -24 10 -25 5 -18 0 -13 3 -10 -3 -4 -8 0 -5 9 -5 8 -11 10 -9 16 -10 11 -12 14 -14 13 -12 17 -8 10 -11 9 -5 11 -6 10 -1 0 0 0 0 0 0 0 0 0 0 0 0 0 0 0 0 0 0 0 0 0 0 -8 -9 -6 -11 -3 -12 -6 -7 -7 -9 -5 -8 -6 -1 0 -3 11 4 2 6 9 11 13 8 11 14 14 14 16 14 22 14 24 16 22 14 20 12 22 14 13 4 15 7 5 6 -6 6 -4 3 -15 1 ]
CSI_DATA,STA,E4:D1:24:F2:5E:80,-84,10,0,0,0,0,0,0,0,0,0,-97,0,9,0,74992178,0,389,0,0,75.3749,128,[-123 81 24 0 34 14 33 12 39 10 35 14 39 10 35 8 26 5 22 4 24 4 12 5 8 4 0 5 -7 4 -6 1 -12 0 -19 4 -15 2 -19 2 -20 -1 -20 1 -17 1 -21 -3 -17 0 -16 -4 -9 -4 0 0 0 0 0 0 0 0 0 0 0 0 0 0 0 0 0 0 0 0 0 0 5 11 4 14 2 7 -1 12 3 11 3 2 -1 1 0 -1 -4 -4 -4 -10 -5 -12 -6 -14 -8 -19 -11 -21 -14 -25 -14 -20 -17 -25 -16 -23 -20 -22 -18 -23 -14 -13 -8 -15 -6 -6 4 -9 12 5 7 3 ]
CSI_DATA,STA,E4:D1:24:F2:5E:80,-84,10,0,0,0,0,0,0,0,0,0,-97,0,9,0,75094581,0,389,0,0,75.4773,128,[-123 81 24 0 25 22 24 27 31 26 25 33 33 28 25 20 25 18 21 19 12 19 10 14 6 5 1 -1 -2 -2 -7 -5 -8 -11 -10 -10 -18 -12 -18 -13 -16 -18 -14 -16 -11 -16 -13 -14 -6 -14 -3 -10 0 -15 0 0 0 0 0 0 0 0 0 0 0 0 0 0 0 0 0 0 0 0 0 0 12 7 11 8 11 9 7 4 7 12 4 8 2 4 0 1 0 2 -2 -7 -5 -12 -11 -19 -13 -16 -11 -23 -13 -19 -14 -21 -15 -24 -13 -22 -22 -23 -16 -22 -15 -21 -18 -12 -7 -2 -5 -4 2 1 8 2 ]
CSI_DATA,STA,E4:D1:24:F2:5E:80,-84,10,0,0,0,0,0,0,0,0,0,-97,0,9,0,75196983,0,389,0,0,75.5795,128,[-123 81 24 0 -26 29 -20 29 -16 32 -19 34 -17 33 -13 32 -8 31 -9 18 -9 22 -6 19 -4 7 -3 3 -5 -6 4 -5 3 -8 1 -13 2 -17 2 -20 6 -21 1 -19 7 -17 7 -12 2 -14 9 -10 2 -8 0 0 0 0 0 0 0 0 0 0 0 0 0 0 0 0 0 0 0 0 0 0 -11 11 -7 9 -14 7 -14 8 -6 3 -7 4 -6 1 -4 -4 3 -4 0 -4 7 -15 3 -5 12 -16 22 -16 21 -16 16 -13 22 -13 24 -19 16 -15 16 -10 16 -14 11 -10 5 -10 0 -4 1 3 -9 11 ]
CSI_DATA,STA,E4:D1:24:F2:5E:80,-85,10,0,0,0,0,0,0,0,0,0,-97,0,9,0,75299385,0,389,0,0,75.682,128,[-123 81 24 0 -28 -17 -32 -12 -34 -12 -32 -10 -31 -8 -30 -10 -31 -11 -24 -3 -17 -3 -14 -3 -10 -4 -3 -4 2 -5 2 -7 12 -5 11 -6 16 -2 19 -8 16 -7 17 -4 16 -7 14 -4 15 -5 11 3 12 3 0 0 0 0 0 0 0 0 0 0 0 0 0 0 0 0 0 0 0 0 0 0 4 -13 2 -13 3 -14 4 -11 6 -10 3 -3 0 -4 2 1 6 2 5 4 3 12 -2 10 4 16 -5 21 4 17 7 24 4 26 6 21 13 22 6 21 8 17 6 12 8 7 -2 6 -11 2 -15 -2 ]
CSI_DATA,STA,E4:D1:24:F2:5E:80,-85,10,0,0,0,0,0,0,0,0,0,-97,0,9,0,75401786,0,389,0,0,75.7845,128,[-123 81 24 0 -31 2 -32 -2 -32 -8 -36 0 -33 2 -26 0 -22 1 -20 0 -17 1 -14 -2 0 3 -5 -2 -1 -6 4 -2 9 -10 11 -8 13 -7 11 -14 13 -9 12 -9 13 -7 11 -6 9 -2 13 -2 8 0 0 0 0 0 0 0 0 0 0 0 0 0 0 0 0 0 0 0 0 0 0 0 -5 -12 -7 -13 -6 -14 -9 -11 -5 -6 -4 -5 0 -3 4 -4 3 3 4 1 5 2 13 13 10 15 12 17 18 18 19 16 20 15 15 20 13 12 12 13 14 12 9 4 6 2 0 3 -10 1 -11 -2 ]
CSI_DATA,STA,E4:D1:24:F2:5E:80,-85,10,0,0,0,0,0,0,0,0,0,-97,0,9,0,75504188,0,389,0,0,75.8869,128,[-123 81 24 0 -18 22 -16 27 -9 33 -14 32 -12 26 -9 25 -11 28 -5 24 -3 15 -6 8 -4 10 -3 1 -5 -2 -5 -5 -4 -9 -7 -14 -3 -17 -3 -18 -6 -20 -7 -16 -4 -21 -2 -13 -3 -14 -4 -16 0 -10 0 0 0 0 0 0 0 0 0 0 0 0 0 0 0 0 0 0 0 0 0 0 -14 -4 -15 -4 -14 -8 -14 -4 -12 1 -4 -7 -5 -3 -2 -3 -5 1 6 -5 16 1 15 -3 16 4 18 -4 27 -6 22 -6 24 -7 22 -7 20 -4 12 -6 18 -4 12 -2 6 -6 2 2 -4 13 -11 12 ]
CSI_DATA,STA,E4:D1:24:F2:5E:80,-85,10,0,0,0,0,0,0,0,0,0,-97,0,9,0,75606591,0,389,0,0,75.9893,128,[-123 81 24 0 -22 -24 -19 -26 -27 -30 -24 -28 -25 -22 -23 -19 -18 -18 -17 -13 -14 -10 -6 -6 -2 -3 -3 -6 3 -1 3 1 11 3 13 5 18 9 9 5 17 9 14 11 15 7 13 8 7 11 8 9 7 9 0 0 0 0 0 0 0 0 0 0 0 0 0 0 0 0 0 0 0 0 0 0 -5 -15 -1 -14 -1 -15 2 -14 -1 -12 0 -5 -1 -4 2 2 2 4 1 8 -1 12 1 12 -3 18 -1 20 2 23 2 22 2 30 0 28 6 24 1 22 5 19 1 10 -3 7 -4 2 -5 -10 -9 -6 ]
CSI_DATA,STA,E4:D1:24:F2:5E:80,-85,10,0,0,0,0,0,0,0,0,0,-97,0,9,0,75708993,0,389,0,0,76.0917,128,[-123 81 24 0 -32 7 -31 16 -35 21 -37 13 -31 16 -29 11 -18 16 -20 10 -21 6 -8 -2 -5 4 -5 0 -7 -12 -2 -11 -2 -13 5 -15 7 -16 5 -18 1 -16 1 -23 4 -17 11 -17 6 -12 5 -11 3 -9 0 0 0 0 0 0 0 0 0 0 0 0 0 0 0 0 0 0 0 0 0 0 -6 -16 -6 -15 -3 -12 -7 -16 -3 -11 -6 -10 0 -8 -3 2 1 -2 6 4 8 5 10 7 11 13 14 18 19 16 16 19 21 19 23 18 20 17 23 13 17 8 11 7 4 8 4 -1 -8 6 -10 1 ]
CSI_DATA,STA,E4:D1:24:F2:5E:80,-84,10,0,0,0,0,0,0,0,0,0,-97,0,9,0,75801887,0,64,0,0,76.1843,128,[64 0 4 0 -31 16 -33 15 -39 12 -34 11 -38 12 -29 2 -29 7 -24 7 -16 8 -11 -1 -4 3 -7 -7 1 -5 5 -9 11 -11 7 -13 7 -22 11 -17 15 -15 12 -18 11 -8 10 -12 15 -5 12 -1 8 -3 0 0 0 0 0 0 0 0 0 0 0 0 0 0 0 0 0 0 0 0 0 0 -16 -7 -13 -12 -8 -8 -8 -13 -10 -8 -8 -3 -2 -3 -2 -2 4 -3 4 2 4 7 16 8 12 14 21 13 18 7 26 13 21 3 23 23 25 8 18 0 21 5 13 4 6 3 -2 6 -12 3 -15 7 ]
CSI_DATA,STA,E4:D1:24:F2:5E:80,-85,10,0,0,0,0,0,0,0,0,0,-97,0,9,0,75812348,0,389,0,0,76.215,128,[-123 81 24 0 24 -20 27 -25 20 -26 24 -29 22 -26 16 -25 11 -17 9 -21 12 -17 4 -13 5 -5 6 -4 5 2 5 5 5 12 0 15 4 19 5 20 4 20 1 17 2 20 5 17 2 16 -1 14 -3 5 0 0 0 0 0 0 0 0 0 0 0 0 0 0 0 0 0 0 0 0 0 0 6 9 6 7 5 12 7 9 6 6 8 0 -1 5 2 -3 -3 1 -8 -1 -10 -3 -13 -8 -18 -7 -18 -5 -22 -8 -20 -8 -27 -9 -28 2 -31 -4 -20 -3 -21 -5 -18 -2 -5 -6 -1 -6 3 -16 12 -13 ]
CSI_DATA,STA,E4:D1:24:F2:5E:80,-85,10,0,0,0,0,0,0,0,0,0,-97,0,9,0,75913798,0,389,0,0,76.2964,128,[-123 81 24 0 -8 -28 -15 -30 -9 -27 -14 -33 -12 -28 -11 -24 -11 -15 -12 -21 -10 -10 -6 -10 -3 -9 -1 -5 6 -6 11 -6 10 1 12 -4 14 3 19 1 19 2 14 3 16 4 16 3 11 4 9 2 7 5 0 0 0 0 0 0 0 0 0 0 0 0 0 0 0 0 0 0 0 0 0 0 14 -2 15 -2 8 -1 7 1 10 -3 4 2 4 -2 5 1 -3 2 -7 1 -10 2 -13 5 -13 5 -19 13 -22 12 -17 16 -22 16 -16 12 -15 14 -15 19 -10 15 -10 11 -8 2 0 -5 0 -5 3 -13 ]
CSI_DATA,STA,E4:D1:24:F2:5E:80,-84,10,0,0,0,0,0,0,0,0,0,-97,0,9,0,76016200,0,389,0,0,76.3988,128,[-123 81 24 0 -7 -30 -3 -31 -7 -32 -4 -33 -1 -31 -4 -32 -2 -25 -2 -18 -1 -21 -8 -16 -3 -8 -2 0 3 -2 8 0 12 5 10 8 9 13 9 14 13 14 9 16 7 14 9 8 2 11 3 11 -2 12 0 0 0 0 0 0 0 0 0 0 0 0 0 0 0 0 0 0 0 0 0 0 12 -12 9 -11 7 -6 6 -7 8 -7 4 -6 4 1 1 1 2 2 -2 7 -5 9 -7 9 -10 11 -11 11 -13 19 -14 14 -18 24 -13 16 -13 17 -12 13 -5 18 -8 15 -11 15 -2 3 -6 -8 -4 -13 ]
CSI_DATA,STA,E4:D1:24:F2:5E:80,-85,10,0,0,0,0,0,0,0,0,0,-97,0,9,0,76118602,0,389,0,0,76.5013,128,[-123 81 24 0 -24 24 -20 22 -22 27 -15 24 -21 22 -16 24 -14 16 -13 14 -7 12 -11 8 -5 5 -2 -3 -3 -2 1 -11 -5 -10 1 -12 -3 -16 -4 -18 4 -20 1 -17 6 -13 2 -16 7 -15 4 -10 3 -4 0 0 0 0 0 0 0 0 0 0 0 0 0 0 0 0 0 0 0 0 0 0 -12 -1 -11 0 -13 -1 -11 -6 -5 1 -9 3 -3 -1 3 -2 2 -1 6 2 6 4 11 3 18 -1 17 1 23 -7 20 -5 25 -5 20 -4 24 -5 18 -7 16 -1 11 0 2 -7 -2 6 -3 6 -13 7 ]
CSI_DATA,STA,E4:D1:24:F2:5E:80,-85,10,0,0,0,0,0,0,0,0,0,-97,0,9,0,76221005,0,389,0,0,76.6037,128,[-123 81 24 0 -25 15 -32 24 -31 24 -25 18 -25 18 -14 19 -19 14 -16 12 -9 9 -9 9 -8 4 -5 -4 -2 -6 -3 -13 -6 -11 1 -14 5 -16 2 -19 4 -14 4 -21 8 -15 6 -13 -3 -13 3 -8 5 -11 0 0 0 0 0 0 0 0 0 0 0 0 0 0 0 0 0 0 0 0 0 0 -14 -11 -9 -9 -10 -7 -9 -7 -9 -5 -3 -5 -3 -2 3 1 4 1 11 0 10 5 16 4 14 8 19 9 24 6 21 7 23 7 24 2 23 0 17 -2 14 4 20 8 2 4 -9 4 -4 7 -11 13 ]
CSI_DATA,STA,E4:D1:24:F2:5E:80,-84,10,0,0,0,0,0,0,0,0,0,-97,0,9,0,76323407,0,389,0,0,76.7061,128,[-123 81 24 0 -19 31 -17 33 -16 28 -16 28 -13 32 -16 31 -6 28 -9 24 -2 16 -6 8 -7 8 -6 -1 -3 -7 -2 -7 -7 -11 -4 -9 -7 -14 -7 -14 -8 -20 -6 -16 -7 -15 -10 -14 -7 -16 -8 -10 -8 -13 0 0 0 0 0 0 0 0 0 0 0 0 0 0 0 0 0 0 0 0 0 0 -11 -9 -13 -10 -9 -13 -8 -9 -6 -10 -2 -3 -4 -5 0 -9 1 -1 3 -4 11 1 14 -1 15 6 20 0 23 0 24 4 27 0 25 -2 25 -1 22 2 19 -2 11 -3 13 2 -2 3 -6 12 -11 13 ]
CSI_DATA,STA,E4:D1:24:F2:5E:80,-84,10,0,0,0,0,0,0,0,0,0,-97,0,9,0,76528212,0,389,0,0,76.9109,128,[-123 81 24 0 -37 -3 -36 -1 -35 1 -35 8 -35 10 -29 11 -28 12 -16 7 -17 6 -10 0 -8 2 -3 -3 -7 -8 2 -16 -2 -13 -5 -17 3 -19 -1 -21 -4 -15 -2 -20 -6 -14 -1 -16 2 -15 2 -15 1 -8 0 0 0 0 0 0 0 0 0 0 0 0 0 0 0 0 0 0 0 0 0 0 10 -7 10 -9 13 -7 11 -7 7 -5 4 -4 4 -3 4 7 5 -1 0 4 -9 12 1 16 -3 23 -1 15 1 26 -2 21 -1 27 6 23 7 26 3 21 7 15 0 16 -2 10 -8 8 -12 9 -25 -4 ]
CSI_DATA,STA,E4:D1:24:F2:5E:80,-85,10,0,0,0,0,0,0,0,0,0,-97,0,9,0,76630614,0,389,0,0,77.0133,128,[-123 81 24 0 -29 -11 -36 -8 -30 -10 -37 -13 -34 -6 -30 -1 -25 0 -21 -6 -15 -1 -14 -3 -6 -3 -9 -3 0 -11 6 -11 3 -11 5 -14 12 -16 11 -18 11 -20 8 -17 6 -14 4 -13 7 -15 6 -9 4 -5 0 0 0 0 0 0 0 0 0 0 0 0 0 0 0 0 0 0 0 0 0 0 8 -5 11 -3 12 -4 11 -3 11 -3 5 1 6 2 2 1 -3 6 4 12 -4 10 -7 17 -6 18 -2 20 -5 22 -7 24 -2 25 0 24 -5 19 4 19 -2 19 -6 15 -4 9 -6 5 -7 -5 -17 -10 ]
CSI_DATA,STA,E4:D1:24:F2:5E:80,-84,10,0,0,0,0,0,0,0,0,0,-97,0,9,0,76733017,0,389,0,0,77.1156,128,[-123 81 24 0 24 28 26 33 23 27 26 29 25 28 27 25 21 19 17 17 10 11 10 8 5 9 -1 0 -7 9 -12 3 -15 2 -16 7 -15 6 -21 0 -23 6 -18 0 -23 -1 -24 0 -16 -3 -17 0 -11 -2 0 0 0 0 0 0 0 0 0 0 0 0 0 0 0 0 0 0 0 0 0 0 -14 4 -18 7 -13 4 -13 2 -14 2 -10 -1 -3 0 -3 -4 -1 -8 1 -11 8 -3 4 -17 7 -15 11 -21 16 -21 11 -28 10 -27 9 -23 11 -24 6 -19 7 -23 4 -13 6 -4 10 3 3 11 11 8 ]
CSI_DATA,STA,E4:D1:24:F2:5E:80,-85,10,0,0,0,0,0,0,0,0,0,-97,0,9,0,76835419,0,389,0,0,77.2181,128,[-123 81 24 0 -15 -34 -15 -32 -9 -34 -17 -33 -16 -32 -15 -26 -11 -27 -9 -13 -8 -13 -4 -12 3 -9 3 -4 7 -1 9 0 15 7 11 6 17 9 16 4 12 9 11 16 15 4 13 9 11 10 6 10 9 6 0 0 0 0 0 0 0 0 0 0 0 0 0 0 0 0 0 0 0 0 0 0 14 -6 14 -5 10 -9 9 -4 7 -4 7 -1 0 1 -3 1 -4 5 -5 8 -8 12 -14 5 -13 12 -13 18 -16 18 -18 17 -19 23 -12 20 -8 16 -7 13 -14 10 -5 8 -3 -1 -6 -2 -8 -14 -7 -17 ]
CSI_DATA,STA,E4:D1:24:F2:5E:80,-83,10,0,0,0,0,0,0,0,0,0,-97,0,9,0,76937821,0,389,0,0,77.3206,128,[-123 81 24 0 37 17 33 13 48 13 46 12 40 14 30 12 33 3 25 4 21 0 11 -3 3 4 -2 3 -1 5 -9 8 -12 4 -15 5 -19 6 -16 11 -22 11 -22 9 -15 8 -17 9 -14 8 -21 2 -14 0 0 0 0 0 0 0 0 0 0 0 0 0 0 0 0 0 0 0 0 0 0 0 -5 15 -3 12 -7 13 -7 13 -6 9 -2 7 -2 0 -2 -2 -4 -2 -6 -7 -3 -14 -2 -13 -6 -20 -5 -24 -10 -30 -9 -28 -7 -29 -6 -29 -9 -31 -12 -25 -4 -21 -4 -16 0 -9 1 -4 9 1 12 9 ]
CSI_DATA,STA,E4:D1:24:F2:5E:80,-84,10,0,0,0,0,0,0,0,0,0,-97,0,9,0,77040224,0,389,0,0,77.4229,128,[-123 81 24 0 -38 23 -38 16 -40 18 -33 16 -30 13 -32 16 -24 11 -20 9 -18 3 -7 0 -10 2 -2 -4 1 -9 7 -10 15 -9 10 -14 18 -15 16 -17 16 -17 18 -15 13 -10 15 -11 14 -8 13 -3 14 -2 0 0 0 0 0 0 0 0 0 0 0 0 0 0 0 0 0 0 0 0 0 0 -11 -5 -12 -6 -13 -7 -7 -5 -11 -3 -8 -3 -6 -4 5 -2 8 4 11 4 13 0 21 6 13 11 23 9 23 10 25 4 24 3 23 5 27 5 22 1 19 4 12 4 2 1 -7 6 -12 6 -8 6 ]
CSI_DATA,STA,E4:D1:24:F2:5E:80,-85,10,0,0,0,0,0,0,0,0,0,-97,0,9,0,77142626,0,389,0,0,77.5253,128,[-123 81 24 0 33 4 40 -1 43 -5 33 -2 31 -7 31 -5 25 -8 18 -9 14 -6 12 -1 8 5 5 7 0 9 5 10 2 19 -3 18 -3 17 2 19 2 19 2 19 -2 17 1 15 -2 16 4 8 -8 8 0 0 0 0 0 0 0 0 0 0 0 0 0 0 0 0 0 0 0 0 0 0 -10 10 -6 8 -16 5 -8 4 -5 3 -4 -1 -3 -4 -4 -1 1 -8 2 -14 0 -13 1 -17 7 -20 2 -24 -3 -29 -1 -27 -8 -20 -3 -23 -7 -21 -7 -22 -3 -20 -2 -15 1 -8 8 -6 14 -2 18 9 ]
CSI_DATA,STA,E4:D1:24:F2:5E:80,-84,10,0,0,0,0,0,0,0,0,0,-97,0,9,0,77245029,0,389,0,0,77.6277,128,[-123 81 24 0 -23 -29 -28 -26 -26 -26 -30 -26 -25 -20 -24 -22 -18 -14 -19 -13 -10 -8 -8 -4 0 -8 6 -5 4 -5 10 -12 14 -11 15 -13 18 -12 18 -11 12 -14 18 -13 15 -13 13 -13 14 -8 11 -4 6 -1 0 0 0 0 0 0 0 0 0 0 0 0 0 0 0 0 0 0 0 0 0 0 13 3 15 1 13 3 9 0 6 0 6 0 5 3 -2 6 -4 5 -8 4 -12 10 -11 5 -14 10 -16 12 -18 16 -14 22 -19 18 -16 21 -15 21 -11 16 -9 15 -11 13 -8 3 -9 -2 -12 -8 -11 -17 ]
CSI_DATA,STA,E4:D1:24:F2:5E:80,-85,10,0,0,0,0,0,0,0,0,0,-97,0,9,0,77347431,0,389,0,0,77.7301,128,[-123 81 24 0 33 -15 33 -17 29 -19 27 -23 28 -23 26 -18 17 -15 19 -18 14 -9 8 -11 9 -8 8 6 4 7 8 11 3 15 4 19 4 18 7 19 6 23 6 17 6 20 6 15 3 18 3 18 -1 11 0 0 0 0 0 0 0 0 0 0 0 0 0 0 0 0 0 0 0 0 0 0 -6 10 -7 9 -12 9 -6 8 -8 5 -9 2 -10 3 -1 -1 -5 -7 -5 -9 -4 -11 -3 -15 -6 -17 -10 -20 -8 -27 -10 -28 -11 -22 -10 -25 -15 -18 -14 -19 -12 -16 -5 -13 -1 -7 7 -7 11 -11 18 -5 ]
CSI_DATA,STA,E4:D1:24:F2:5E:80,-86,10,0,0,0,0,0,0,0,0,0,-97,0,9,0,77449833,0,389,0,0,77.8324,128,[-123 81 24 0 13 -31 16 -26 15 -34 10 -31 9 -30 3 -28 2 -22 -2 -21 3 -20 3 -7 -1 -7 2 -2 8 0 7 3 7 6 14 10 11 12 17 12 12 14 15 14 13 7 9 13 11 12 9 12 2 10 0 0 0 0 0 0 0 0 0 0 0 0 0 0 0 0 0 0 0 0 0 0 7 9 4 14 3 9 4 8 2 11 1 6 -2 3 0 0 -5 0 -6 -2 -14 -3 -11 -9 -18 -6 -21 -7 -19 -3 -22 -11 -21 -8 -18 -4 -23 -9 -22 -2 -8 -2 -11 -3 -10 -3 -5 -9 3 -11 10 -12 ]
CSI_DATA,STA,E4:D1:24:F2:5E:80,-86,10,0,0,0,0,0,0,0,0,0,-97,0,9,0,77552236,0,389,0,0,77.9348,128,[-123 81 24 0 -14 -25 -21 -29 -19 -29 -21 -24 -21 -27 -19 -19 -18 -17 -14 -14 -15 -13 -13 -6 1 -8 2 -6 1 -2 7 1 8 -1 13 2 19 -3 15 0 18 4 16 0 18 3 16 2 14 4 14 6 5 4 0 0 0 0 0 0 0 0 0 0 0 0 0 0 0 0 0 0 0 0 0 0 9 -6 8 -7 12 -6 10 -6 7 -5 8 -1 7 -4 4 4 -1 4 2 3 -5 12 -6 13 -10 9 -10 13 -6 14 -12 19 -11 22 -8 18 -11 24 -9 17 -2 19 -5 14 -4 11 -4 0 -3 -5 -8 -6 ]
CSI_DATA,STA,E4:D1:24:F2:5E:80,-85,10,0,0,0,0,0,0,0,0,0,-97,0,9,0,77654638,0,389,0,0,78.0373,128,[-123 81 24 0 25 8 30 8 33 4 31 8 36 5 31 6 26 -2 19 0 13 -1 13 2 9 5 8 2 -6 3 -7 3 -11 4 -14 10 -18 6 -17 6 -18 7 -21 6 -17 10 -19 5 -13 2 -13 -4 -9 -3 0 0 0 0 0 0 0 0 0 0 0 0 0 0 0 0 0 0 0 0 0 0 -4 11 1 11 -3 13 1 10 -2 7 -4 8 -6 3 -1 3 -3 3 -1 -7 -1 -4 -8 -12 -9 -16 -8 -18 -5 -17 -5 -20 -8 -18 -6 -22 -11 -20 -11 -19 -8 -17 -9 -12 -8 -6 -3 -10 10 -3 9 -1 ]
CSI_DATA,STA,E4:D1:24:F2:5E:80,-85,10,0,0,0,0,0,0,0,0,0,-97,0,9,0,77757040,0,389,0,0,78.1397,128,[-123 81 24 0 -15 -29 -8 -27 -15 -34 -14 -28 -15 -26 -20 -23 -11 -26 -14 -21 -9 -8 -6 -12 -2 -6 0 -7 5 3 9 -2 13 0 12 2 18 -2 17 5 14 4 20 1 19 4 17 3 15 3 10 10 9 8 0 0 0 0 0 0 0 0 0 0 0 0 0 0 0 0 0 0 0 0 0 0 11 -4 16 -6 11 -1 11 1 9 0 9 -4 8 -1 4 -1 -5 -4 -4 4 -8 6 -10 3 -9 7 -12 14 -19 14 -13 15 -20 19 -16 18 -14 23 -18 19 -10 15 -10 17 -3 9 -12 6 -5 -1 -9 -5 ]
CSI_DATA,STA,E4:D1:24:F2:5E:80,-85,10,0,0,0,0,0,0,0,0,0,-97,0,9,0,77779887,0,64,0,0,78.1712,128,[64 0 4 0 -23 -21 -23 -23 -33 -19 -23 -20 -28 -22 -24 -20 -24 -17 -18 -17 -12 -10 -14 -11 -9 -15 -1 -2 0 -5 9 -4 10 -2 12 1 14 -4 18 -4 19 -1 17 -5 22 -4 19 0 13 1 11 0 11 -2 0 0 0 0 0 0 0 0 0 0 0 0 0 0 0 0 0 0 0 0 0 0 9 -8 4 -11 7 -8 6 -11 8 -8 6 -2 4 -6 5 0 2 2 0 4 3 6 -6 9 -10 13 -9 20 -9 19 -11 18 -8 18 -1 27 -5 24 -9 25 -3 23 -2 18 -3 9 -1 6 -6 -1 -10 -8 ]
CSI_DATA,STA,E4:D1:24:F2:5E:80,-85,10,0,0,0,0,0,0,0,0,0,-97,0,9,0,77859443,0,389,0,0,78.2421,128,[-123 81 24 0 -29 4 -29 0 -32 2 -37 3 -29 4 -29 2 -24 7 -20 8 -16 3 -15 6 -10 -4 -9 0 -2 0 4 -8 2 -2 11 -9 8 -13 14 -11 14 -13 16 -16 18 -13 16 -6 13 -11 17 -7 8 -2 0 0 0 0 0 0 0 0 0 0 0 0 0 0 0 0 0 0 0 0 0 0 -6 -10 -3 -9 -7 -8 -4 -11 -7 -12 -1 -4 -1 -4 -2 -4 -2 4 -2 1 7 8 6 6 8 11 17 18 9 13 13 13 18 18 22 16 13 10 19 12 12 11 11 8 7 9 -1 3 0 1 -9 -3 ]
CSI_DATA,STA,E4:D1:24:F2:5E:80,-88,10,0,0,0,0,0,0,0,0,0,-97,0,9,0,77961845,0,389,0,0,78.3446,128,[-123 81 24 0 -17 14 -14 20 -13 18 -15 23 -10 20 -13 22 -10 16 -6 17 -3 8 -13 8 -4 3 -5 3 -6 -1 -6 -5 -7 -5 -6 -11 -10 -10 -8 -14 -3 -9 -6 -14 -6 -12 -4 -9 -1 -15 -2 -8 1 -7 0 0 0 0 0 0 0 0 0 0 0 0 0 0 0 0 0 0 0 0 0 0 -1 -5 -4 -5 -6 -6 -5 -9 -5 -8 -3 -4 -5 -3 -10 -1 -4 1 0 -1 4 0 4 2 8 4 12 3 14 4 12 3 14 5 15 1 17 -1 13 7 16 -4 16 1 9 -3 4 0 -4 7 -1 2 ]
CSI_DATA,STA,E4:D1:24:F2:5E:80,-90,10,0,0,0,0,0,0,0,0,0,-97,0,9,0,79293074,0,389,0,0,79.6759,128,[-123 81 24 0 -19 -9 -22 -3 -18 -2 -21 -6 -19 -3 -18 -1 -18 2 -16 0 -16 0 -6 -3 2 0 -6 5 2 1 0 0 5 -1 5 0 10 3 13 3 10 -1 9 7 9 3 10 7 7 6 8 4 6 3 0 0 0 0 0 0 0 0 0 0 0 0 0 0 0 0 0 0 0 0 0 0 -13 -2 -8 0 -8 1 -6 -1 -9 1 -6 -4 -3 0 0 -2 1 4 3 0 1 2 10 1 9 -1 13 3 20 2 13 0 11 5 14 1 16 -1 11 2 7 0 11 -1 6 6 -2 1 -8 -4 -2 -1 ]
CSI_DATA,STA,E4:D1:24:F2:5E:80,-87,10,0,0,0,0,0,0,0,0,0,-97,0,9,0,79600281,0,389,0,0,79.983,128,[-123 81 24 0 9 -19 3 -21 2 -19 3 -23 9 -17 1 -16 6 -19 4 -12 3 -16 2 -11 0 -8 -5 0 -1 4 -1 2 -4 3 -7 1 -4 8 -5 7 -10 11 -9 9 -6 11 -8 5 -7 4 -7 6 -11 1 0 0 0 0 0 0 0 0 0 0 0 0 0 0 0 0 0 0 0 0 0 0 -2 -9 -6 -10 -2 -10 -1 -9 0 -4 0 -4 1 -2 -1 -7 -3 2 -3 3 -3 8 0 5 -1 9 -5 12 -4 11 -7 14 -9 13 -7 14 -3 10 -6 13 -2 12 -4 10 -3 4 0 2 1 0 3 -8 ]
CSI_DATA,STA,E4:D1:24:F2:5E:80,-88,10,0,0,0,0,0,0,0,0,0,-97,0,9,0,79702683,0,389,0,0,80.0853,128,[-123 81 24 0 18 -7 12 -15 17 -12 14 -15 15 -11 14 -13 15 -6 11 -12 8 -8 2 -9 8 -4 2 -3 0 2 -1 2 -5 2 -9 8 -8 3 -8 7 -8 4 -9 2 -11 7 -11 2 -8 1 -8 3 -12 2 0 0 0 0 0 0 0 0 0 0 0 0 0 0 0 0 0 0 0 0 0 0 7 -7 4 -5 8 -7 6 -1 6 -3 4 -3 0 -3 4 -4 -4 3 -1 -1 -7 3 -11 4 -11 5 -13 1 -18 5 -18 0 -17 4 -20 4 -15 5 -11 4 -7 3 -7 4 -7 2 -5 2 4 0 6 0 ]
CSI_DATA,STA,E4:D1:24:F2:5E:80,-87,10,0,0,0,0,0,0,0,0,0,-97,0,9,0,79805086,0,389,0,0,80.1877,128,[-123 81 24 0 -24 1 -16 3 -20 8 -23 8 -19 11 -19 11 -12 9 -22 5 -11 -1 -9 2 -3 3 -5 1 -1 -6 1 -1 4 -4 5 -8 7 -4 9 -8 6 -14 6 -12 10 -8 10 -7 8 -7 6 -4 8 -2 0 0 0 0 0 0 0 0 0 0 0 0 0 0 0 0 0 0 0 0 0 0 -7 -5 -10 -8 -4 -6 -7 -4 -8 -3 -7 -4 0 -3 -3 -3 2 -2 2 -1 2 2 5 4 9 0 19 5 12 6 18 8 16 5 13 8 17 3 14 5 8 -1 9 0 8 1 4 -5 1 -4 -9 -4 ]
CSI_DATA,STA,E4:D1:24:F2:5E:80,-89,10,0,0,0,0,0,0,0,0,0,-97,0,9,0,79881866,0,64,0,0,80.2642,128,[64 0 4 0 1 23 0 17 4 20 5 19 4 27 3 20 8 21 3 16 6 13 -2 10 1 8 4 6 -3 3 -1 -3 2 -6 -7 -12 -5 -13 -4 -14 -7 -9 -3 -16 -5 -15 -4 -17 0 -12 -2 -11 1 -11 0 0 0 0 0 0 0 0 0 0 0 0 0 0 0 0 0 0 0 0 0 0 -6 9 -7 5 -6 9 -6 6 -4 5 -6 5 -2 3 0 -3 2 -1 6 -7 -1 -6 5 -6 2 -11 5 -10 4 -15 10 -19 8 -10 8 -21 10 -16 12 -15 5 -16 0 -11 3 -11 -1 1 -2 5 -4 6 ]
CSI_DATA,STA,E4:D1:24:F2:5E:80,-88,10,0,0,0,0,0,0,0,0,0,-97,0,9,0,79907488,0,389,0,0,80.2937,128,[-123 81 24 0 -8 -19 -10 -19 -4 -25 -8 -23 -4 -20 -9 -21 -6 -18 -6 -18 -6 -15 -7 -6 -4 -9 0 -2 -2 2 3 1 2 4 -2 8 2 7 3 12 0 8 1 11 3 9 2 14 2 13 -1 6 -4 5 0 0 0 0 0 0 0 0 0 0 0 0 0 0 0 0 0 0 0 0 0 0 -5 -10 -2 -9 -2 -12 -3 -13 0 -10 -3 -6 1 -8 4 -2 1 0 1 5 -5 8 3 9 -2 13 -3 13 -2 13 0 15 -10 16 -4 18 -3 19 -5 16 1 18 -3 11 0 8 -6 -1 -5 -1 -5 -9 ]
CSI_DATA,STA,E4:D1:24:F2:5E:80,-88,10,0,0,0,0,0,0,0,0,0,-97,0,9,0,80009891,0,389,0,0,80.3927,128,[-123 81 24 0 0 25 -7 20 -1 27 -4 18 -3 21 2 23 -1 13 2 11 -3 11 -2 2 5 6 -2 5 -2 2 -1 -5 2 -11 2 -10 1 -10 1 -9 1 -13 0 -10 -3 -10 0 -13 3 -9 -3 -7 5 -7 0 0 0 0 0 0 0 0 0 0 0 0 0 0 0 0 0 0 0 0 0 0 -3 4 -1 8 -2 8 -6 10 -2 6 2 4 -5 5 0 -2 4 -5 -1 -8 6 -6 3 -5 5 -15 5 -7 7 -11 4 -16 3 -14 7 -16 3 -15 8 -15 6 -10 6 -7 0 -7 0 -3 -3 2 -3 8 ]
CSI_DATA,STA,E4:D1:24:F2:5E:80,-89,10,0,0,0,0,0,0,0,0,0,-97,0,9,0,80112293,0,389,0,0,80.495,128,[-123 81 24 0 16 4 24 8 21 2 23 6 18 2 16 6 13 4 9 5 15 3 6 1 0 0 7 -1 0 -5 -9 0 -7 1 -12 2 -9 1 -8 -1 -12 5 -12 2 -14 -2 -13 0 -11 -3 -14 1 -7 -3 0 0 0 0 0 0 0 0 0 0 0 0 0 0 0 0 0 0 0 0 0 0 10 4 5 5 7 4 6 7 2 8 7 5 2 2 2 -1 -3 0 -1 -3 0 -9 -7 -3 -9 -8 -9 -13 -12 -13 -10 -9 -16 -14 -20 -14 -18 -11 -11 -6 -13 -7 -14 -9 -6 -4 -6 -8 2 -3 3 1 ]
CSI_DATA,STA,E4:D1:24:F2:5E:80,-89,10,0,0,0,0,0,0,0,0,0,-97,0,9,0,80214695,0,389,0,0,80.5974,128,[-123 81 24 0 -17 8 -22 8 -17 7 -20 8 -15 9 -16 17 -14 6 -9 8 -12 9 -10 3 -4 5 -4 0 -3 -2 6 -2 6 -3 5 -4 12 -4 8 -6 9 -8 14 -1 12 -2 10 -4 13 -4 9 -3 10 0 0 0 0 0 0 0 0 0 0 0 0 0 0 0 0 0 0 0 0 0 0 0 -7 2 -9 3 -7 3 -4 2 -5 5 0 5 -1 2 -2 -1 -5 -2 6 -6 11 -2 8 0 14 -11 11 -3 10 -4 12 -2 15 -6 15 -5 9 -9 14 -5 11 -4 9 -9 8 -8 -2 -3 3 1 -9 0 ]
CSI_DATA,STA,E4:D1:24:F2:5E:80,-87,10,0,0,0,0,0,0,0,0,0,-97,0,9,0,80317098,0,389,0,0,80.6998,128,[-123 81 24 0 16 21 18 20 14 23 18 21 18 25 17 19 15 20 14 14 11 13 4 11 5 8 6 -1 -1 -2 -5 -2 -1 -5 2 -11 -5 -12 -2 -17 -4 -18 -1 -21 -3 -17 1 -15 3 -17 3 -12 5 -5 0 0 0 0 0 0 0 0 0 0 0 0 0 0 0 0 0 0 0 0 0 0 12 -1 11 -1 15 -3 9 0 11 1 6 0 -1 -2 3 1 -3 -5 -2 -5 -7 -7 -13 -3 -14 -8 -18 -9 -14 -17 -14 -16 -14 -13 -15 -11 -18 -12 -14 -15 -15 -13 -11 -7 -7 -7 -5 1 -2 10 -1 9 ]
CSI_DATA,STA,E4:D1:24:F2:5E:80,-85,10,0,0,0,0,0,0,0,0,0,-97,0,9,0,80419500,0,389,0,0,80.8021,128,[-123 81 24 0 -24 -1 -31 7 -32 4 -33 7 -32 1 -28 5 -20 1 -21 3 -9 3 -11 3 -6 4 -7 4 -2 -1 2 1 5 -2 12 -1 11 5 12 4 16 3 13 4 13 6 14 3 12 9 9 4 12 9 0 0 0 0 0 0 0 0 0 0 0 0 0 0 0 0 0 0 0 0 0 0 -9 11 -8 8 -8 12 -6 7 -5 2 -6 5 -5 2 -3 1 3 -1 9 -1 7 -6 11 -4 18 -4 20 -4 24 -8 23 -10 24 -10 23 -7 24 -9 17 -2 20 -8 7 -6 11 -8 2 -4 -2 2 -3 -3 ]
CSI_DATA,STA,E4:D1:24:F2:5E:80,-86,10,0,0,0,0,0,0,0,0,0,-97,0,9,0,80521902,0,389,0,0,80.9045,128,[-123 81 24 0 -2 -28 -6 -28 -4 -24 -9 -37 -8 -32 -2 -26 -9 -26 -4 -19 -3 -20 -5 -15 -1 -11 0 -11 2 -8 -2 3 1 5 1 8 1 7 1 16 3 10 2 15 -1 17 -3 14 -2 14 -4 14 -5 8 0 0 0 0 0 0 0 0 0 0 0 0 0 0 0 0 0 0 0 0 0 0 1 -12 0 -16 -1 -18 0 -12 -1 -12 -1 -10 -2 -7 0 -4 0 -4 -5 3 -5 5 -1 11 -9 13 -6 22 -7 22 -10 20 -4 22 -8 25 -2 29 -8 20 -2 15 2 15 2 12 2 11 -2 1 -3 -10 ]
CSI_DATA,STA,E4:D1:24:F2:5E:80,-85,10,0,0,0,0,0,0,0,0,0,-97,0,9,0,80624305,0,389,0,0,81.007,128,[-123 81 24 0 18 7 25 7 25 12 29 10 29 10 28 1 26 8 22 7 19 5 15 4 11 -3 6 2 -2 6 -3 0 -7 -2 -12 1 -12 -4 -13 2 -11 -8 -11 -3 -13 -8 -14 -6 -9 -4 -14 -9 -8 -8 0 0 0 0 0 0 0 0 0 0 0 0 0 0 0 0 0 0 0 0 0 0 15 -2 14 3 14 -1 11 4 11 4 10 0 9 2 5 -1 -6 -4 -8 1 -7 -4 -12 -6 -14 -8 -14 -6 -20 -14 -19 -17 -22 -9 -22 -13 -22 -10 -22 -7 -21 -7 -18 -7 -15 0 -9 -3 -2 -4 4 6 ]
CSI_DATA,STA,E4:D1:24:F2:5E:80,-86,10,0,0,0,0,0,0,0,0,0,-97,0,9,0,80726707,0,389,0,0,81.1094,128,[-123 81 24 0 -1 -21 3 -29 1 -22 1 -28 4 -24 1 -25 -3 -25 0 -22 4 -17 1 -11 -4 -13 -5 -6 0 -3 4 4 -5 4 -1 10 -3 11 -1 11 -2 13 -3 13 -5 11 -6 12 -9 10 -5 9 -5 5 0 0 0 0 0 0 0 0 0 0 0 0 0 0 0 0 0 0 0 0 0 0 -10 -11 -5 -18 -5 -12 -6 -14 -2 -10 -5 -11 -1 -9 -3 -1 0 4 0 8 -1 3 1 15 2 16 -8 18 -6 21 -1 21 -4 23 -6 19 -9 25 2 19 4 22 5 18 0 8 2 6 1 -5 2 -4 ]
CSI_DATA,STA,E4:D1:24:F2:5E:80,-86,10,0,0,0,0,0,0,0,0,0,-97,0,9,0,80829110,0,389,0,0,81.2119,128,[-123 81 24 0 -23 6 -31 8 -29 10 -28 14 -26 7 -29 12 -24 12 -22 7 -17 9 -11 8 -8 0 -5 1 -4 0 1 -3 8 -5 7 -7 11 -9 11 -8 13 -5 15 -5 10 -4 14 -8 12 -7 12 -3 10 -4 0 0 0 0 0 0 0 0 0 0 0 0 0 0 0 0 0 0 0 0 0 0 -14 5 -17 1 -17 -2 -13 -1 -16 -3 -8 -2 -8 -6 -7 -4 -4 1 6 1 8 2 7 -2 16 0 19 3 21 5 24 -5 27 1 19 -2 21 5 18 4 17 0 15 -2 8 -1 0 -3 -2 1 -3 8 ]
CSI_DATA,STA,E4:D1:24:F2:5E:80,-84,10,0,0,0,0,0,0,0,0,0,-97,0,9,0,80931512,0,389,0,0,81.3142,128,[-123 81 24 0 -1 -28 -2 -31 0 -35 -3 -30 1 -33 -2 -33 -8 -30 -7 -25 -6 -22 -8 -19 -3 -12 -1 -4 2 -3 5 1 6 2 10 8 6 9 15 6 13 10 17 12 12 11 9 15 8 13 4 12 4 8 0 0 0 0 0 0 0 0 0 0 0 0 0 0 0 0 0 0 0 0 0 0 16 -5 14 -4 15 -4 13 -8 9 -6 11 -6 9 3 5 -2 0 2 -3 1 -7 6 -11 4 -16 8 -18 8 -19 15 -17 18 -22 16 -22 20 -18 20 -16 15 -15 16 -9 13 -7 10 -9 6 -9 -2 -5 -14 ]
CSI_DATA,STA,E4:D1:24:F2:5E:80,-84,10,0,0,0,0,0,0,0,0,0,-97,0,9,0,81033914,0,389,0,0,81.4166,128,[-123 81 24 0 -25 -4 -35 -5 -33 4 -36 0 -33 3 -30 -1 -25 7 -26 4 -15 3 -14 4 -12 3 -10 3 -7 -5 1 -4 0 -12 7 -12 7 -17 8 -17 10 -16 6 -17 13 -18 6 -14 9 -14 3 -13 8 -8 0 0 0 0 0 0 0 0 0 0 0 0 0 0 0 0 0 0 0 0 0 0 1 -13 7 -14 8 -14 6 -8 5 -9 6 -10 7 -4 1 -3 2 0 2 8 4 14 3 12 1 21 1 18 2 23 9 28 6 24 7 23 13 24 9 24 8 20 9 15 5 10 0 12 -8 3 -13 1 ]
CSI_DATA,STA,E4:D1:24:F2:5E:80,-83,10,0,0,0,0,0,0,0,0,0,-97,0,9,0,81238719,0,389,0,0,81.6214,128,[-123 81 24 0 4 36 10 37 16 43 14 35 13 39 14 35 20 30 11 28 6 20 9 11 2 9 4 7 -1 3 -4 -4 -9 -10 -14 -13 -8 -18 -11 -15 -11 -25 -9 -24 -8 -20 -10 -22 -3 -17 -5 -18 0 -17 0 0 0 0 0 0 0 0 0 0 0 0 0 0 0 0 0 0 0 0 0 0 4 20 -1 15 0 17 -6 13 -3 12 -3 9 -7 1 1 3 0 -2 3 -10 1 -13 1 -18 1 -20 1 -28 7 -23 1 -33 5 -31 1 -33 1 -31 -2 -31 -2 -26 -1 -20 -1 -14 -4 -5 4 3 8 10 ]
CSI_DATA,STA,E4:D1:24:F2:5E:80,-83,10,0,0,0,0,0,0,0,0,0,-97,0,9,0,81341121,0,389,0,0,81.7239,128,[-123 81 24 0 -10 -29 -8 -32 -9 -36 -16 -36 -11 -34 -14 -34 -13 -31 -10 -27 -3 -21 -8 -14 -4 -9 -1 -3 3 1 6 6 5 8 7 9 7 15 4 16 1 13 4 14 7 20 3 12 0 12 2 15 0 9 0 0 0 0 0 0 0 0 0 0 0 0 0 0 0 0 0 0 0 0 0 0 -6 -17 0 -14 0 -16 -3 -11 -3 -10 -3 -11 -1 -5 0 -1 3 5 -1 10 -2 13 0 15 -1 18 -1 22 -1 24 -1 29 -1 31 -1 27 7 25 -2 23 -2 13 1 16 3 11 -6 0 0 -1 -10 -15 ]
CSI_DATA,STA,E4:D1:24:F2:5E:80,-83,10,0,0,0,0,0,0,0,0,0,-97,0,9,0,81443524,0,389,0,0,81.8262,128,[-123 81 24 0 -27 -23 -30 -24 -31 -20 -37 -27 -31 -26 -32 -21 -30 -14 -23 -17 -15 -11 -11 -13 -13 0 -2 -8 4 -1 4 1 12 4 15 3 15 2 21 1 16 4 22 7 18 10 15 12 17 10 13 9 12 8 0 0 0 0 0 0 0 0 0 0 0 0 0 0 0 0 0 0 0 0 0 0 -8 -13 -10 -19 -7 -17 -5 -14 -4 -12 -2 -5 1 -5 3 2 0 5 3 3 6 15 8 19 9 24 8 26 12 27 10 22 12 30 13 32 13 29 15 18 13 20 10 15 5 9 4 3 -10 -8 -10 -11 ]
CSI_DATA,STA,E4:D1:24:F2:5E:80,-83,10,0,0,0,0,0,0,0,0,0,-97,0,9,0,81545926,0,389,0,0,81.9286,128,[-123 81 24 0 9 35 10 41 9 43 14 43 12 44 10 35 11 29 12 22 7 21 7 18 1 1 -1 2 -6 0 -9 -7 -5 -5 -11 -9 -14 -19 -8 -18 -14 -21 -12 -20 -8 -20 -9 -19 -7 -20 -4 -12 -1 -11 0 0 0 0 0 0 0 0 0 0 0 0 0 0 0 0 0 0 0 0 0 0 -9 15 -8 15 -6 13 -5 15 -8 11 -6 5 -2 4 0 0 2 -3 -2 -9 10 -12 2 -12 8 -24 9 -23 9 -27 8 -35 10 -33 7 -32 5 -29 3 -29 6 -25 4 -20 3 -9 1 -3 3 3 0 18 ]
CSI_DATA,STA,E4:D1:24:F2:5E:80,-84,10,0,0,0,0,0,0,0,0,0,-97,0,9,0,81648328,0,389,0,0,82.031,128,[-123 81 24 0 27 -21 26 -23 30 -24 22 -31 25 -25 27 -29 21 -22 17 -16 10 -14 5 -12 3 -8 -1 -4 0 -1 2 9 1 13 -1 11 -1 18 -2 16 0 19 -6 19 -4 15 2 19 -3 9 -9 12 -7 8 0 0 0 0 0 0 0 0 0 0 0 0 0 0 0 0 0 0 0 0 0 0 14 7 15 6 14 3 7 5 7 6 10 5 4 1 0 1 -4 1 -13 1 -11 -1 -17 -3 -21 -2 -24 1 -34 -3 -27 -6 -33 -2 -29 -3 -25 -2 -21 -4 -22 3 -18 0 -14 -1 -6 -9 2 -3 14 -12 ]
CSI_DATA,STA,E4:D1:24:F2:5E:80,-86,10,0,0,0,0,0,0,0,0,0,-97,0,9,0,81853133,0,389,0,0,82.2359,128,[-123 81 24 0 18 -15 24 -19 21 -15 22 -16 23 -18 23 -17 18 -16 18 -19 11 -15 10 -14 9 -7 3 -3 1 4 0 1 1 5 1 4 -3 9 -10 11 -4 11 -13 16 -6 9 -10 12 -9 9 -12 4 -6 4 0 0 0 0 0 0 0 0 0 0 0 0 0 0 0 0 0 0 0 0 0 0 17 1 13 1 10 1 9 0 13 2 14 1 6 4 5 -1 1 2 -1 -3 -4 2 -10 2 -10 -7 -16 1 -22 -1 -22 -3 -31 1 -27 -5 -29 2 -24 2 -23 2 -21 3 -13 4 -11 -7 -5 2 8 -2 ]
CSI_DATA,STA,E4:D1:24:F2:5E:80,-86,10,0,0,0,0,0,0,0,0,0,-97,0,9,0,81876513,0,64,0,0,82.2664,128,[64 0 4 0 -15 16 -20 20 -24 23 -20 22 -19 22 -20 18 -20 18 -11 16 -14 11 -10 12 -11 5 -4 1 0 -2 1 -7 3 -5 7 -10 14 -8 9 -10 11 -8 10 -12 14 -8 16 -8 13 -2 7 -2 10 -4 0 0 0 0 0 0 0 0 0 0 0 0 0 0 0 0 0 0 0 0 0 0 -3 13 -7 11 -9 9 -8 8 -9 11 -3 3 -3 2 -3 2 -2 -3 1 1 5 2 8 -4 11 -7 15 -11 18 -9 19 -11 16 -11 24 -16 14 -16 18 -15 14 -16 16 -9 4 -12 5 -5 2 -1 -3 6 ]
CSI_DATA,STA,E4:D1:24:F2:5E:80,-86,10,0,0,0,0,0,0,0,0,0,-97,0,9,0,81955536,0,389,0,0,82.3382,128,[-123 81 24 0 5 -18 9 -22 12 -30 11 -23 11 -25 11 -25 13 -26 15 -21 9 -18 3 -20 2 -10 0 -4 2 -1 3 0 -3 2 -2 5 -7 6 -5 10 -13 10 -12 11 -5 13 -10 6 -12 7 -11 6 -11 3 0 0 0 0 0 0 0 0 0 0 0 0 0 0 0 0 0 0 0 0 0 0 -2 -12 1 -12 -3 -15 1 -11 3 -11 -2 -9 -1 -6 0 -2 -1 -3 -6 1 -8 3 -5 1 -11 10 -9 13 -14 14 -17 15 -9 18 -15 23 -13 22 -15 16 -7 20 -15 22 -6 15 -11 6 2 2 -2 -5 ]
CSI_DATA,STA,E4:D1:24:F2:5E:80,-86,10,0,0,0,0,0,0,0,0,0,-97,0,9,0,82160340,0,389,0,0,82.5431,128,[-123 81 24 0 -28 0 -30 -2 -28 -2 -32 -2 -29 -10 -30 -8 -25 -3 -21 -6 -18 1 -17 0 -7 -3 -4 0 1 -1 4 0 5 7 6 1 5 4 15 7 15 13 13 11 16 11 7 10 10 12 5 12 -1 9 0 0 0 0 0 0 0 0 0 0 0 0 0 0 0 0 0 0 0 0 0 0 -2 11 -3 11 -6 14 -5 13 -4 9 1 5 -6 -2 3 0 2 3 6 -3 10 -2 13 -4 12 -9 19 -5 21 -5 19 -7 15 -8 21 -7 23 -7 20 -9 16 -6 13 -4 5 -9 3 -4 -6 -7 -6 0 ]
CSI_DATA,STA,E4:D1:24:F2:5E:80,-84,10,0,0,0,0,0,0,0,0,0,-97,0,9,0,82262743,0,389,0,0,82.6454,128,[-123 81 24 0 31 -1 29 8 37 5 35 7 39 8 29 6 31 11 22 9 27 4 17 2 8 5 3 -1 -3 3 -9 1 -10 1 -18 -2 -16 -3 -18 -1 -18 -7 -14 -8 -17 -12 -17 -6 -14 -6 -12 -13 -7 -11 0 0 0 0 0 0 0 0 0 0 0 0 0 0 0 0 0 0 0 0 0 0 12 -1 15 -1 14 -2 13 1 13 -3 12 1 4 -1 3 -3 2 0 -10 -6 -8 -3 -15 -4 -16 -11 -23 -5 -25 -11 -25 -13 -27 -12 -32 -15 -31 -14 -26 -9 -26 -9 -19 -5 -7 -4 -5 -3 -3 1 13 4 ]
CSI_DATA,STA,E4:D1:24:F2:5E:80,-86,10,0,0,0,0,0,0,0,0,0,-97,0,9,0,82365145,0,389,0,0,82.7479,128,[-123 81 24 0 -15 -6 -24 -11 -27 -6 -31 -12 -25 -6 -25 -7 -25 -9 -17 -8 -16 -5 -14 -9 -8 -3 -7 -3 -2 -2 1 3 5 -2 11 5 11 3 11 4 17 10 8 8 11 12 10 12 8 6 7 11 6 8 0 0 0 0 0 0 0 0 0 0 0 0 0 0 0 0 0 0 0 0 0 0 -11 0 -8 -1 -11 -2 -9 -1 -9 -4 -3 2 -8 -2 -2 -1 2 0 4 6 8 2 7 0 12 7 9 9 14 10 13 4 19 5 14 8 18 5 18 5 8 2 12 3 10 -4 4 -3 -2 -1 -12 -7 ]
CSI_DATA,STA,E4:D1:24:F2:5E:80,-87,10,0,0,0,0,0,0,0,0,0,-97,0,9,0,82569946,0,389,0,0,82.9527,128,[-123 81 24 0 -25 3 -31 -3 -32 -2 -26 6 -30 7 -25 8 -25 8 -22 6 -12 6 -9 4 -8 1 -8 -3 1 -2 2 -9 5 -7 1 -9 7 -11 10 -12 8 -13 7 -12 8 -9 11 -11 6 -9 8 -4 11 -4 0 0 0 0 0 0 0 0 0 0 0 0 0 0 0 0 0 0 0 0 0 0 -7 -9 -1 -8 -4 -12 -2 -10 0 -10 -1 -3 -2 -8 -4 0 -1 -3 4 1 3 4 2 7 3 9 8 10 8 10 9 14 10 15 13 12 16 7 19 13 18 9 9 9 12 7 -2 9 7 -1 0 1 ]
CSI_DATA,STA,E4:D1:24:F2:5E:80,-86,10,0,0,0,0,0,0,0,0,0,-97,0,9,0,82774751,0,389,0,0,83.1575,128,[-123 81 24 0 11 -10 18 -19 19 -22 13 -23 15 -23 13 -19 16 -22 10 -19 11 -12 12 -11 5 -13 0 -4 3 -2 3 2 -7 2 -1 5 -8 4 -10 9 -9 10 -10 7 -11 8 -14 7 -14 3 -11 4 -12 -1 0 0 0 0 0 0 0 0 0 0 0 0 0 0 0 0 0 0 0 0 0 0 6 -11 4 -8 3 -11 6 -7 6 -6 2 -8 2 -8 5 -1 2 -4 -7 2 0 2 -9 7 -11 8 -9 8 -15 10 -11 12 -11 10 -13 13 -18 15 -11 10 -14 15 -14 13 -7 9 -9 1 -1 -1 5 -7 ]
CSI_DATA,STA,E4:D1:24:F2:5E:80,-86,10,0,0,0,0,0,0,0,0,0,-97,0,9,0,82922109,0,64,0,0,83.3046,128,[64 0 4 0 3 -24 1 -24 4 -26 3 -30 3 -29 4 -23 2 -26 1 -20 0 -19 4 -18 1 -11 0 -6 1 -4 -1 3 0 4 -4 5 -4 12 3 12 -9 10 -5 9 -13 9 -7 16 -6 7 -14 13 -11 -1 0 0 0 0 0 0 0 0 0 0 0 0 0 0 0 0 0 0 0 0 0 0 -4 -12 -3 -11 -2 -11 1 -11 -4 -8 0 -7 -4 -1 -1 -5 -1 3 -4 5 0 7 -6 9 -2 10 -7 18 -9 15 -5 17 -3 20 2 16 -1 24 -2 17 -3 16 -3 14 0 13 1 12 2 2 1 -7 ]
CSI_DATA,STA,E4:D1:24:F2:5E:80,-85,10,0,0,0,0,0,0,0,0,0,-97,0,9,0,82979555,0,389,0,0,83.3621,128,[-123 81 24 0 -14 -21 -19 -26 -20 -30 -19 -30 -20 -26 -21 -24 -14 -28 -17 -22 -17 -17 -8 -12 -9 -8 -2 -10 4 -1 5 0 4 1 8 9 10 7 11 8 6 15 6 14 5 15 8 13 4 12 4 13 2 8 0 0 0 0 0 0 0 0 0 0 0 0 0 0 0 0 0 0 0 0 0 0 -5 -13 -3 -12 -3 -11 -3 -8 -4 -11 -7 -9 -2 -6 -1 0 0 1 -1 0 1 7 -1 12 0 10 4 14 1 19 5 25 3 23 18 20 6 23 5 18 11 14 1 15 4 10 5 5 1 -2 -8 -5 ]
CSI_DATA,STA,E4:D1:24:F2:5E:80,-86,10,0,0,0,0,0,0,0,0,0,-97,0,9,0,83081958,0,389,0,0,83.4647,128,[-123 81 24 0 -8 -20 -12 -23 -11 -33 -10 -32 -17 -34 -16 -24 -13 -24 -10 -21 -9 -17 -4 -18 -8 -9 -2 -5 -6 -1 -2 -4 3 5 8 7 5 5 1 16 4 16 0 20 2 19 0 18 0 14 -1 15 -6 9 0 0 0 0 0 0 0 0 0 0 0 0 0 0 0 0 0 0 0 0 0 0 -10 -12 -7 -13 -8 -10 -3 -9 -5 -10 -7 -9 -4 -7 -1 -4 0 2 1 7 4 10 0 14 4 12 3 19 2 18 1 20 7 22 9 25 5 23 2 22 -1 17 4 13 8 11 5 6 3 1 -3 -5 ]
CSI_DATA,STA,E4:D1:24:F2:5E:80,-84,10,0,0,0,0,0,0,0,0,0,-97,0,9,0,83184360,0,389,0,0,83.5671,128,[-123 81 24 0 -12 -16 -17 -21 -23 -23 -21 -23 -24 -25 -22 -21 -21 -19 -22 -13 -15 -15 -12 -15 -6 -10 -9 -9 2 -6 4 -4 4 -2 6 -1 9 5 9 8 14 4 17 9 21 8 14 12 13 7 9 5 9 9 0 0 0 0 0 0 0 0 0 0 0 0 0 0 0 0 0 0 0 0 0 0 2 -16 0 -18 2 -17 2 -14 2 -12 4 -11 -3 -7 3 -2 -5 -1 -1 1 0 3 -4 12 -3 15 -3 18 -1 16 -2 27 1 26 -1 26 5 20 2 26 0 23 7 20 5 14 2 10 2 7 -7 -3 ]
CSI_DATA,STA,E4:D1:24:F2:5E:80,-87,10,0,0,0,0,0,0,0,0,0,-97,0,9,0,83286762,0,389,0,0,83.6695,128,[-123 81 24 0 -12 10 -13 20 -20 13 -17 18 -22 22 -18 16 -19 20 -15 12 -15 14 -8 6 -10 5 -9 1 2 0 -2 -2 3 -7 -2 -8 2 -7 1 -11 6 -14 4 -12 3 -11 5 -15 4 -12 7 -8 9 -4 0 0 0 0 0 0 0 0 0 0 0 0 0 0 0 0 0 0 0 0 0 0 -11 -7 -9 -2 -11 -6 -7 -2 -9 -2 -7 -2 -7 -5 -7 -3 -1 0 7 3 3 4 9 2 10 3 13 1 14 5 16 3 23 4 19 7 21 -1 16 1 19 -5 16 0 7 -5 5 1 0 1 0 1 ]
CSI_DATA,STA,E4:D1:24:F2:5E:80,-86,10,0,0,0,0,0,0,0,0,0,-97,0,9,0,83491567,0,389,0,0,83.8743,128,[-123 81 24 0 22 5 20 10 22 4 23 0 23 4 24 2 23 -1 20 0 17 8 16 0 10 3 11 0 4 7 -1 4 -3 7 -5 7 -6 1 -11 8 -11 9 -14 5 -13 0 -12 3 -11 -1 -10 1 -9 2 0 0 0 0 0 0 0 0 0 0 0 0 0 0 0 0 0 0 0 0 0 0 3 9 0 7 -7 12 -6 9 7 -10 -4 6 -3 4 -1 5 3 -2 -6 3 -3 0 1 -12 -1 -10 -4 -10 -1 -15 -1 -19 -7 -24 -7 -17 -13 -18 -11 -21 -13 -17 -13 -10 -12 -15 -4 -11 -4 -6 -3 -9 ]
CSI_DATA,STA,E4:D1:24:F2:5E:80,-86,10,0,0,0,0,0,0,0,0,0,-97,0,9,0,83593969,0,389,0,0,83.9767,128,[-123 81 24 0 -17 21 -19 22 -14 23 -18 28 -13 26 -7 24 -5 20 -6 19 -8 17 -6 12 -5 6 -4 2 -4 -1 -11 -3 -8 -1 -10 -10 -11 -11 -11 -8 -9 -8 -11 -8 -7 -8 -13 -10 -10 -14 -8 -8 -5 -13 0 0 0 0 0 0 0 0 0 0 0 0 0 0 0 0 0 0 0 0 0 0 -1 -11 -4 -15 -6 -13 0 -11 -3 -10 -3 -9 -2 -11 1 -3 2 -3 2 1 7 6 9 6 10 6 9 9 17 7 17 8 19 12 17 3 20 10 21 5 24 5 17 2 9 6 3 8 2 4 -1 6 ]
CSI_DATA,STA,E4:D1:24:F2:5E:80,-83,10,0,0,0,0,0,0,0,0,0,-97,0,9,0,83696372,0,389,0,0,84.0791,128,[-123 81 24 0 -28 16 -32 19 -35 20 -28 26 -24 22 -29 19 -25 18 -17 13 -14 13 -12 12 -9 4 -5 0 -10 -3 -1 -9 -8 -12 -6 -14 -2 -15 -6 -21 -3 -19 -3 -17 -2 -21 -2 -13 1 -16 0 -15 1 -9 0 0 0 0 0 0 0 0 0 0 0 0 0 0 0 0 0 0 0 0 0 0 0 -13 2 -16 -2 -15 3 -11 1 -13 -3 -10 3 -6 3 -5 0 -1 4 3 4 8 6 12 10 19 12 16 16 20 18 17 20 21 24 16 14 15 16 15 18 12 10 10 7 8 3 10 -7 9 -15 7 ]
CSI_DATA,STA,E4:D1:24:F2:5E:80,-84,10,0,0,0,0,0,0,0,0,0,-97,0,9,0,83798774,0,389,0,0,84.1815,128,[-123 81 24 0 -17 29 -23 36 -16 34 -20 29 -18 35 -16 34 -9 30 -10 21 -10 17 -10 10 -8 8 -6 -2 2 -3 -9 -11 -2 -8 -7 -18 -1 -19 -1 -19 -8 -21 -3 -20 -4 -25 -1 -18 3 -17 -2 -15 0 -12 0 0 0 0 0 0 0 0 0 0 0 0 0 0 0 0 0 0 0 0 0 0 -15 -3 -17 -8 -14 0 -15 -3 -12 -8 -7 -6 -7 -2 -1 -1 -1 -5 8 -1 11 -2 17 -1 24 -3 23 -5 34 -7 29 -4 32 -1 30 -3 27 -8 24 -4 25 -6 15 -5 6 2 0 5 2 8 -13 17 ]
CSI_DATA,STA,E4:D1:24:F2:5E:80,-82,10,0,0,0,0,0,0,0,0,0,-97,0,9,0,83901177,0,389,0,0,84.2839,128,[-123 81 24 0 16 33 19 33 22 35 21 35 20 34 16 30 18 23 14 16 13 16 10 10 2 7 0 4 -2 5 -8 -3 -9 -5 -14 -7 -18 -5 -20 -5 -19 -13 -21 -12 -18 -13 -16 -10 -11 -13 -9 -9 -6 -9 0 0 0 0 0 0 0 0 0 0 0 0 0 0 0 0 0 0 0 0 0 0 -8 16 -6 12 -3 10 -5 14 -6 6 -10 7 -3 5 -2 3 -2 -3 -2 -5 4 -12 2 -17 9 -19 4 -24 9 -25 9 -30 7 -29 9 -35 10 -35 4 -28 4 -25 4 -22 -1 -18 5 -4 1 8 8 8 ]
CSI_DATA,STA,E4:D1:24:F2:5E:80,-83,10,0,0,0,0,0,0,0,0,0,-97,0,9,0,83961945,0,64,0,0,84.3444,128,[64 0 4 0 -31 11 -37 17 -35 19 -36 16 -35 20 -30 19 -21 17 -28 14 -19 11 -15 8 -11 7 -4 -1 -3 -3 -5 -7 0 -13 2 -13 3 -16 5 -20 8 -18 4 -21 1 -18 7 -18 9 -17 9 -16 7 -11 0 0 0 0 0 0 0 0 0 0 0 0 0 0 0 0 0 0 0 0 0 0 -10 -11 -12 -17 -9 -14 -7 -18 -5 -9 -5 -9 -7 -8 -2 -10 4 -1 4 1 4 8 9 12 9 7 23 14 23 17 26 15 21 11 28 14 29 9 27 13 27 5 22 9 16 5 3 6 2 8 -5 5 ]
CSI_DATA,STA,E4:D1:24:F2:5E:80,-84,10,0,0,0,0,0,0,0,0,0,-97,0,9,0,84105981,0,389,0,0,84.4886,128,[-123 81 24 0 21 28 21 25 24 30 26 23 36 20 26 22 28 19 20 17 18 10 11 10 10 4 6 4 4 11 -3 6 -8 7 -14 10 -13 10 -9 10 -14 14 -14 13 -17 10 -12 15 -12 8 -13 8 -8 4 0 0 0 0 0 0 0 0 0 0 0 0 0 0 0 0 0 0 0 0 0 0 -13 -8 -17 -7 -11 -6 -15 -9 -15 -10 -8 -4 -6 0 -4 1 -1 -2 2 -7 9 -3 11 -7 11 -8 15 -12 20 -14 21 -19 22 -20 23 -19 20 -17 17 -18 10 -22 9 -16 7 -15 8 -7 13 2 14 11 ]
CSI_DATA,STA,E4:D1:24:F2:5E:80,-83,10,0,0,0,0,0,0,0,0,0,-97,0,9,0,84208384,0,389,0,0,84.5909,128,[-123 81 24 0 -5 32 -1 33 -6 42 -3 40 1 42 4 37 3 31 4 25 5 20 4 14 1 14 -3 3 -8 8 -11 -1 -12 -4 -17 1 -16 -4 -22 -5 -19 -8 -19 -5 -21 -8 -21 -7 -11 -7 -8 -9 -11 -7 0 0 0 0 0 0 0 0 0 0 0 0 0 0 0 0 0 0 0 0 0 0 -9 -9 -8 -12 -13 -11 -8 -12 -13 -10 -6 -12 -3 -6 -2 -6 0 0 7 1 8 -3 10 0 15 0 24 0 22 1 28 -2 30 1 26 -4 29 -6 27 -10 23 -5 19 -8 18 -2 8 1 4 4 -2 9 ]
CSI_DATA,STA,E4:D1:24:F2:5E:80,-83,10,0,0,0,0,0,0,0,0,0,-97,0,9,0,84310786,0,389,0,0,84.6935,128,[-123 81 24 0 -6 33 -6 36 -5 39 -3 38 -5 40 -5 35 -3 30 -2 26 1 23 -1 15 -4 12 -3 5 -5 3 -7 -8 -6 -3 -6 -16 -12 -12 -7 -19 -10 -17 -2 -19 -3 -18 -2 -18 -1 -15 0 -15 2 -10 0 0 0 0 0 0 0 0 0 0 0 0 0 0 0 0 0 0 0 0 0 0 -12 4 -12 8 -12 8 -14 2 -8 5 -10 9 -7 1 -4 1 0 -1 3 0 4 -8 10 -9 10 -6 20 -12 25 -20 20 -21 21 -21 17 -23 18 -26 18 -21 16 -21 14 -17 8 -10 0 -9 3 0 2 11 ]
CSI_DATA,STA,E4:D1:24:F2:5E:80,-83,10,0,0,0,0,0,0,0,0,0,-97,0,9,0,84413188,0,389,0,0,84.7959,128,[-123 81 24 0 35 -3 40 -2 42 -5 42 -9 42 -8 36 -11 30 -8 27 -2 17 -2 19 -6 10 -1 4 -1 -1 7 -1 14 -4 12 -7 18 -8 17 -8 17 -5 22 -7 19 -6 19 -10 17 -8 13 -5 9 -6 2 0 0 0 0 0 0 0 0 0 0 0 0 0 0 0 0 0 0 0 0 0 0 0 14 1 14 -3 17 -6 11 0 12 -4 11 -3 7 -7 1 -3 -3 -4 -7 1 -13 -3 -16 -8 -20 -5 -22 -9 -24 -17 -26 -15 -30 -18 -26 -23 -32 -13 -27 -16 -16 -11 -10 -9 -13 0 -8 5 -5 12 3 ]
CSI_DATA,STA,E4:D1:24:F2:5E:80,-83,10,0,0,0,0,0,0,0,0,0,-97,0,9,0,84515591,0,389,0,0,84.8983,128,[-123 81 24 0 20 23 23 25 23 23 31 24 26 26 30 18 24 11 18 15 13 13 9 14 6 8 -3 7 -2 3 -9 0 -8 1 -12 0 -18 2 -18 -4 -19 -5 -18 1 -18 -5 -19 -3 -12 -3 -13 -4 -8 -5 0 0 0 0 0 0 0 0 0 0 0 0 0 0 0 0 0 0 0 0 0 0 -3 14 -6 14 -6 12 -8 9 -4 8 -9 7 -5 5 -5 3 1 -3 2 -4 -3 -11 3 -13 4 -16 4 -18 3 -19 5 -28 3 -24 -3 -27 0 -28 -2 -25 -3 -20 -3 -10 0 -10 3 -4 6 1 9 11 ]
CSI_DATA,STA,E4:D1:24:F2:5E:80,-83,10,0,0,0,0,0,0,0,0,0,-97,0,9,0,84617993,0,389,0,0,85.0007,128,[-123 81 24 0 -33 -2 -36 6 -35 1 -41 3 -36 -1 -30 3 -32 6 -25 8 -21 4 -17 2 -11 2 -7 -6 -5 -3 -3 -6 8 -10 6 -8 11 -15 16 -16 12 -14 14 -16 15 -15 12 -15 13 -9 14 -8 10 -2 0 0 0 0 0 0 0 0 0 0 0 0 0 0 0 0 0 0 0 0 0 0 -6 -13 -6 -13 0 -15 -4 -12 -4 -12 -2 -13 -3 -10 0 -1 1 1 3 1 6 7 4 10 7 15 9 17 12 21 19 20 16 22 19 20 20 20 21 17 15 16 14 13 10 10 7 3 -4 5 -16 3 ]
CSI_DATA,STA,E4:D1:24:F2:5E:80,-84,10,0,0,0,0,0,0,0,0,0,-97,0,9,0,84822904,0,389,0,0,85.2057,128,[-123 81 24 0 -30 11 -34 21 -37 24 -28 27 -31 25 -27 21 -28 19 -22 14 -20 13 -13 8 -7 2 -3 1 -4 -8 0 -9 2 -9 8 -16 8 -17 8 -22 14 -19 11 -14 14 -16 15 -17 14 -10 12 -7 11 -7 0 0 0 0 0 0 0 0 0 0 0 0 0 0 0 0 0 0 0 0 0 0 -18 -2 -17 -1 -16 -6 -15 -5 -12 -4 -6 -4 -8 1 -1 9 0 -5 3 -1 11 0 15 0 21 -1 19 0 27 4 30 3 30 0 23 0 29 -1 24 0 21 -3 14 -2 7 -2 5 2 -7 2 -7 6 ]
CSI_DATA,STA,E4:D1:24:F2:5E:80,-84,10,0,0,0,0,0,0,0,0,0,-97,0,9,0,84925200,0,389,0,0,85.3078,128,[-123 81 24 0 -21 -25 -25 -29 -27 -29 -29 -28 -28 -20 -30 -22 -26 -15 -21 -18 -15 -12 -17 -11 -3 -9 -5 -5 3 1 5 -1 12 3 14 -6 17 -3 20 8 16 3 20 1 18 3 20 4 14 8 12 5 6 4 0 0 0 0 0 0 0 0 0 0 0 0 0 0 0 0 0 0 0 0 0 0 7 -15 7 -14 3 -15 4 -16 6 -6 2 -7 2 -6 1 -3 0 3 -2 3 -7 12 -3 16 -2 21 -4 21 -4 26 -7 25 -4 25 -1 23 -3 27 -3 21 4 16 7 17 -2 16 -1 1 -10 -8 -14 -15 ]
CSI_DATA,STA,E4:D1:24:F2:5E:80,-85,10,0,0,0,0,0,0,0,0,0,-97,0,9,0,85130005,0,389,0,0,85.5127,128,[-123 81 24 0 30 -11 27 -9 33 -16 32 -18 33 -16 26 -14 26 -11 22 -10 10 -8 10 -11 9 -5 6 3 3 3 -2 10 -3 14 -6 19 -11 14 -7 11 -10 11 -15 20 -10 15 -12 16 -9 14 -13 8 -7 2 0 0 0 0 0 0 0 0 0 0 0 0 0 0 0 0 0 0 0 0 0 0 9 7 6 8 7 9 9 8 5 3 2 9 4 7 -4 2 -4 -2 -7 0 -10 -5 -9 -7 -10 -10 -17 -11 -14 -15 -26 -10 -25 -17 -23 -8 -24 -6 -23 -10 -16 -6 -17 -9 -11 -5 -1 -3 4 1 14 -3 ]
CSI_DATA,STA,E4:D1:24:F2:5E:80,-84,10,0,0,0,0,0,0,0,0,0,-97,0,9,0,85232407,0,389,0,0,85.6151,128,[-123 81 24 0 30 6 36 6 37 2 40 3 35 0 36 -2 29 -3 22 -6 16 0 17 2 13 2 6 6 -5 7 -2 6 -7 8 -11 11 -11 12 -17 9 -11 14 -19 12 -18 9 -12 8 -16 9 -14 9 -10 1 0 0 0 0 0 0 0 0 0 0 0 0 0 0 0 0 0 0 0 0 0 0 2 10 5 12 1 8 -2 10 1 12 0 10 -2 -1 1 -1 -7 -4 -3 -4 -4 -7 -7 -12 -10 -18 -6 -20 -11 -24 -17 -25 -21 -21 -18 -19 -14 -23 -17 -17 -12 -17 -13 -11 -5 -9 2 -5 5 -3 13 -5 ]
CSI_DATA,STA,E4:D1:24:F2:5E:80,-84,10,0,0,0,0,0,0,0,0,0,-97,0,9,0,85334810,0,389,0,0,85.7175,128,[-123 81 24 0 -12 26 -22 29 -19 42 -22 31 -19 35 -16 31 -9 27 -13 26 -10 22 -10 17 -10 13 -8 5 -8 3 -3 -3 -10 -9 -11 -16 -6 -18 -9 -20 -7 -16 -5 -16 -7 -22 -6 -19 -5 -17 -3 -13 -2 -13 0 0 0 0 0 0 0 0 0 0 0 0 0 0 0 0 0 0 0 0 0 0 -10 -11 -6 -10 -8 -12 -7 -8 -10 -12 -6 -7 -6 -4 -4 -3 -1 -2 3 2 6 2 9 4 10 10 20 5 22 6 27 6 28 -3 29 1 30 -4 29 1 18 1 18 -3 15 3 9 0 2 6 0 14 ]
CSI_DATA,STA,E4:D1:24:F2:5E:80,-84,10,0,0,0,0,0,0,0,0,0,-97,0,9,0,85437212,0,389,0,0,85.8199,128,[-123 81 24 0 -22 12 -21 11 -32 19 -32 21 -29 24 -31 22 -22 17 -17 14 -18 12 -11 13 -12 0 -8 1 -8 -2 -5 -8 3 -12 1 -18 9 -19 -2 -13 1 -13 8 -18 3 -23 5 -20 6 -16 8 -13 8 -6 0 0 0 0 0 0 0 0 0 0 0 0 0 0 0 0 0 0 0 0 0 0 -8 -15 -9 -12 -9 -11 -4 -14 -4 -10 -6 -5 -4 -7 -2 -1 -2 -1 2 1 6 5 11 6 11 8 16 15 19 16 19 16 27 7 25 10 25 8 27 4 28 9 19 4 11 5 8 6 1 4 -8 4 ]
CSI_DATA,STA,E4:D1:24:F2:5E:80,-84,10,0,0,0,0,0,0,0,0,0,-97,0,9,0,85539614,0,389,0,0,85.9223,128,[-123 81 24 0 -31 5 -34 1 -38 6 -35 2 -35 11 -29 8 -26 8 -22 3 -17 7 -15 2 -10 1 -10 -7 -6 -2 -6 -9 0 -7 -3 -17 1 -14 1 -17 3 -17 4 -20 5 -19 8 -18 5 -10 4 -11 4 -7 0 0 0 0 0 0 0 0 0 0 0 0 0 0 0 0 0 0 0 0 0 0 8 -14 11 -11 9 -13 10 -12 10 -10 6 -8 3 -5 0 -2 3 1 3 2 2 8 -4 12 -1 13 -2 21 5 23 4 23 8 27 6 26 9 20 7 28 9 18 9 18 7 13 8 8 -5 6 -9 -1 ]
CSI_DATA,STA,E4:D1:24:F2:5E:80,-84,10,0,0,0,0,0,0,0,0,0,-97,0,9,0,85642017,0,389,0,0,86.0246,128,[-123 81 24 0 -26 18 -29 14 -26 21 -30 20 -31 26 -26 21 -25 21 -15 19 -16 8 -12 13 -12 5 -5 -1 -5 -4 -3 -9 2 -14 -4 -12 -1 -21 0 -20 -1 -21 5 -23 2 -18 0 -22 1 -15 -1 -16 2 -15 0 0 0 0 0 0 0 0 0 0 0 0 0 0 0 0 0 0 0 0 0 0 -6 -13 -6 -15 -3 -17 -4 -12 2 -14 -2 -11 -3 -12 -4 -2 -3 -3 6 -1 -1 8 8 4 12 12 11 13 13 15 23 18 22 15 26 13 26 5 23 10 22 11 18 6 20 10 5 5 -5 14 -7 9 ]
CSI_DATA,STA,E4:D1:24:F2:5E:80,-83,10,0,0,0,0,0,0,0,0,0,-97,0,9,0,85744419,0,389,0,0,86.127,128,[-123 81 24 0 -19 -31 -10 -37 -18 -34 -13 -34 -13 -35 -21 -31 -14 -23 -20 -23 -14 -21 -9 -8 -2 -8 -1 -12 1 -8 13 -10 8 -5 14 -7 15 -2 18 -5 20 -1 21 2 16 -4 20 3 17 2 10 4 8 3 0 0 0 0 0 0 0 0 0 0 0 0 0 0 0 0 0 0 0 0 0 0 16 4 13 6 12 4 14 6 11 2 12 6 6 1 3 4 -1 1 -7 5 -11 -4 -13 5 -19 9 -23 3 -24 10 -26 11 -21 12 -29 17 -22 14 -17 20 -19 21 -15 16 -13 8 -9 3 -5 -5 -8 -10 ]
CSI_DATA,STA,E4:D1:24:F2:5E:80,-84,10,0,0,0,0,0,0,0,0,0,-97,0,9,0,85846822,0,389,0,0,86.2296,128,[-123 81 24 0 26 -20 32 -19 35 -19 33 -24 28 -20 30 -22 26 -21 24 -16 19 -8 9 -12 13 -3 6 0 5 0 3 9 -3 13 0 17 -3 17 1 20 -3 22 -6 19 -6 18 -4 17 -5 12 -7 12 -11 9 0 0 0 0 0 0 0 0 0 0 0 0 0 0 0 0 0 0 0 0 0 0 3 11 2 17 5 19 4 14 5 14 5 11 1 5 1 2 0 3 -9 -3 -9 -6 -8 -14 -17 -10 -17 -14 -17 -20 -25 -13 -25 -19 -28 -17 -27 -13 -23 -15 -17 -11 -20 -12 -11 -11 0 -5 5 -4 14 -15 ]
CSI_DATA,STA,E4:D1:24:F2:5E:80,-84,10,0,0,0,0,0,0,0,0,0,-97,0,9,0,85949224,0,389,0,0,86.332,128,[-123 81 24 0 21 22 24 25 29 25 30 26 29 22 23 19 27 21 20 16 15 7 12 10 5 2 1 11 -4 1 -5 4 -17 5 -14 8 -23 5 -17 3 -19 5 -21 6 -20 6 -19 1 -20 5 -15 1 -13 -2 0 0 0 0 0 0 0 0 0 0 0 0 0 0 0 0 0 0 0 0 0 0 -14 4 -14 6 -16 4 -14 4 -9 6 -10 9 -7 -1 -6 1 -2 -3 1 -10 5 -4 2 -13 11 -14 11 -18 10 -20 15 -27 10 -28 13 -22 7 -27 4 -22 6 -21 6 -21 1 -11 10 -6 10 6 10 9 ]
CSI_DATA,STA,E4:D1:24:F2:5E:80,-85,10,0,0,0,0,0,0,0,0,0,-97,0,9,0,85950668,0,64,0,0,86.3629,128,[64 0 4 0 -18 -26 -21 -25 -21 -38 -23 -36 -22 -28 -17 -26 -14 -23 -15 -20 -14 -12 -7 -12 -5 -10 -1 -7 7 -5 7 -5 13 -3 16 2 19 2 20 4 18 6 18 3 20 7 16 1 7 5 10 4 5 7 0 0 0 0 0 0 0 0 0 0 0 0 0 0 0 0 0 0 0 0 0 0 10 -13 8 -11 11 -13 8 -6 6 -8 8 -3 3 -5 4 -4 -4 4 -3 7 -7 6 -9 13 -12 14 -10 19 -8 27 -10 27 -9 23 -1 29 -8 24 -6 27 -8 22 -5 18 -1 10 -1 8 -11 -7 -11 -11 ]
CSI_DATA,STA,E4:D1:24:F2:5E:80,-85,10,0,0,0,0,0,0,0,0,0,-97,0,9,0,85971615,0,64,0,0,86.4032,128,[64 0 4 0 -21 20 -20 24 -20 29 -23 28 -25 33 -12 32 -14 23 -14 24 -12 20 -11 11 -9 12 -12 1 -8 -2 -12 -9 -8 -9 -12 -18 -10 -14 -13 -15 -9 -18 -13 -18 -13 -18 -9 -15 -10 -18 -6 -15 -4 -17 0 0 0 0 0 0 0 0 0 0 0 0 0 0 0 0 0 0 0 0 0 0 2 -19 3 -14 -3 -15 -1 -16 1 -13 -1 -14 2 -9 0 -7 -1 -4 5 -1 6 9 9 12 10 13 14 16 16 20 17 17 25 19 23 14 18 11 22 12 21 10 15 5 12 6 8 5 -1 11 -8 11 ]
CSI_DATA,STA,E4:D1:24:F2:5E:80,-84,10,0,0,0,0,0,0,0,0,0,-97,0,9,0,86051626,0,389,0,0,86.447,128,[-123 81 24 0 19 21 26 20 29 22 27 25 25 23 23 14 25 19 19 18 18 11 11 10 3 6 5 9 -3 9 -4 6 -11 9 -8 4 -19 5 -21 5 -18 0 -20 4 -19 8 -20 6 -17 2 -13 6 -6 1 0 0 0 0 0 0 0 0 0 0 0 0 0 0 0 0 0 0 0 0 0 0 -13 6 -13 3 -15 1 -16 5 -10 9 -9 3 -2 0 -8 -2 0 -3 0 -8 4 -6 5 -12 9 -20 10 -19 12 -26 12 -27 12 -28 9 -31 7 -26 5 -22 8 -20 2 -21 3 -4 3 -14 10 5 7 3 ]
CSI_DATA,STA,E4:D1:24:F2:5E:80,-84,10,0,0,0,0,0,0,0,0,0,-97,0,9,0,86154029,0,389,0,0,86.5367,128,[-123 81 24 0 11 35 11 30 12 39 16 34 13 29 15 35 14 25 12 24 8 18 9 14 2 10 -5 7 -3 -3 -4 0 -9 -4 -15 -7 -15 -6 -17 -11 -20 -9 -16 -11 -14 -15 -14 -12 -8 -14 -8 -13 -3 -8 0 0 0 0 0 0 0 0 0 0 0 0 0 0 0 0 0 0 0 0 0 0 -13 11 -10 10 -13 7 -7 10 -7 8 -6 5 -9 4 -3 -1 -2 -5 5 -6 -1 -6 4 -7 12 -15 7 -20 13 -22 13 -22 11 -25 16 -25 6 -24 7 -20 9 -21 2 -18 3 -13 4 -6 8 -2 5 11 ]
CSI_DATA,STA,E4:D1:24:F2:5E:80,-84,10,0,0,0,0,0,0,0,0,0,-97,0,9,0,86256431,0,389,0,0,86.6391,128,[-123 81 24 0 16 -29 19 -34 19 -33 22 -34 16 -35 13 -34 16 -29 14 -26 8 -25 8 -12 6 -9 12 -2 10 1 5 2 6 7 6 9 9 15 5 18 6 17 10 20 8 20 7 15 1 15 0 10 -3 7 0 0 0 0 0 0 0 0 0 0 0 0 0 0 0 0 0 0 0 0 0 0 10 11 10 10 16 8 13 10 9 6 5 8 5 1 6 2 2 2 -14 -4 -13 -1 -12 -4 -16 -9 -20 -9 -22 -10 -27 -2 -30 -3 -28 0 -31 -2 -26 -3 -21 0 -21 -3 -10 -1 -6 -7 5 -5 4 -12 ]
CSI_DATA,STA,E4:D1:24:F2:5E:80,-84,10,0,0,0,0,0,0,0,0,0,-97,0,9,0,86358833,0,389,0,0,86.7414,128,[-123 81 24 0 13 28 15 29 16 32 21 26 15 28 16 21 17 22 14 20 12 13 14 14 3 11 0 3 -6 4 -10 4 -11 5 -17 6 -22 6 -21 6 -17 5 -25 6 -22 5 -19 5 -15 3 -15 0 -8 -4 0 0 0 0 0 0 0 0 0 0 0 0 0 0 0 0 0 0 0 0 0 0 -14 -7 -12 -6 -10 -7 -11 -3 -8 -7 -5 -3 -5 0 -6 -4 3 -3 1 -1 10 -2 19 -4 15 -9 19 -6 23 -9 23 -12 22 -15 25 -14 17 -17 20 -16 19 -13 13 -9 6 -11 11 -4 9 2 6 10 ]
CSI_DATA,STA,E4:D1:24:F2:5E:80,-84,10,0,0,0,0,0,0,0,0,0,-97,0,9,0,86461236,0,389,0,0,86.8438,128,[-123 81 24 0 23 -23 28 -23 29 -25 27 -22 31 -25 24 -25 16 -19 14 -22 18 -9 14 -9 10 -1 6 2 2 3 4 3 -2 9 -3 14 -6 16 -6 18 -9 18 -5 20 -5 17 -9 18 -9 15 -5 11 -10 9 0 0 0 0 0 0 0 0 0 0 0 0 0 0 0 0 0 0 0 0 0 0 13 10 9 8 12 11 8 11 10 5 5 5 6 4 0 1 -1 2 -4 -2 -8 -5 -16 -3 -22 -8 -21 -5 -23 -7 -19 -4 -24 -9 -29 -13 -31 -2 -27 -4 -24 1 -17 -3 -13 -4 -6 -4 2 -12 12 -10 ]
CSI_DATA,STA,E4:D1:24:F2:5E:80,-83,10,0,0,0,0,0,0,0,0,0,-97,0,9,0,86563638,0,389,0,0,86.9463,128,[-123 81 24 0 36 -19 33 -18 37 -22 36 -22 35 -21 24 -25 19 -20 19 -17 15 -14 12 -15 12 -9 3 -2 5 8 -1 7 2 12 -3 14 -1 21 -5 20 -3 23 -6 22 -6 18 -3 18 -10 17 -3 10 -7 10 0 0 0 0 0 0 0 0 0 0 0 0 0 0 0 0 0 0 0 0 0 0 10 15 8 12 8 15 1 13 7 6 4 8 -1 4 4 2 -7 1 -8 -5 -14 -8 -12 -10 -16 -16 -15 -13 -24 -13 -29 -19 -24 -18 -30 -17 -27 -10 -28 -11 -17 -12 -14 -6 -13 -5 -5 -4 4 -9 18 -11 ]
CSI_DATA,STA,E4:D1:24:F2:5E:80,-83,10,0,0,0,0,0,0,0,0,0,-97,0,9,0,86666041,0,389,0,0,87.0488,128,[-123 81 24 0 -35 -16 -36 -18 -39 -16 -39 -19 -38 -12 -35 -13 -29 -10 -22 -14 -20 -12 -17 -2 -11 -6 -2 -2 4 -11 3 -2 11 -1 14 -8 17 -3 22 -8 20 -5 18 -2 21 -5 19 1 13 -1 18 -3 11 4 0 0 0 0 0 0 0 0 0 0 0 0 0 0 0 0 0 0 0 0 0 0 -1 -14 1 -15 0 -15 1 -14 1 -9 3 -9 4 -8 3 -5 -2 4 -2 5 -2 14 -1 14 4 18 7 22 3 28 8 23 8 30 16 23 13 29 14 27 6 23 7 15 3 8 -2 5 -4 -1 -13 -1 ]
CSI_DATA,STA,E4:D1:24:F2:5E:80,-83,10,0,0,0,0,0,0,0,0,0,-97,0,9,0,86768443,0,389,0,0,87.1512,128,[-123 81 24 0 -37 -8 -41 -8 -46 -7 -45 -7 -42 -10 -42 -4 -34 -2 -32 -2 -23 -2 -15 -2 -10 -3 -5 -3 1 -7 2 -7 9 -9 14 -11 18 -11 15 -13 19 -7 17 -6 18 -9 19 -4 17 -7 13 -3 12 2 0 0 0 0 0 0 0 0 0 0 0 0 0 0 0 0 0 0 0 0 0 0 -4 -14 -5 -16 -7 -18 1 -14 -1 -14 -4 -6 0 -5 0 -6 4 0 4 10 3 10 5 9 10 19 10 23 14 24 7 25 14 23 12 26 15 20 17 23 13 19 15 11 8 12 -1 2 -7 -1 -20 -6 ]
CSI_DATA,STA,E4:D1:24:F2:5E:80,-83,10,0,0,0,0,0,0,0,0,0,-97,0,9,0,86769869,0,64,0,0,87.183,128,[64 0 4 0 34 -4 34 -1 41 -8 40 -6 36 -5 34 -4 27 -5 24 -2 20 -4 14 -3 8 5 5 2 -4 2 -9 8 -9 10 -18 11 -21 15 -15 9 -14 5 -23 12 -19 11 -17 8 -16 6 -16 5 -10 5 0 0 0 0 0 0 0 0 0 0 0 0 0 0 0 0 0 0 0 0 0 0 9 9 8 10 9 12 10 9 7 6 2 5 5 3 -1 0 -1 3 -6 -2 -9 -5 -6 -11 -11 -14 -12 -15 -20 -20 -19 -22 -23 -18 -25 -16 -24 -18 -25 -14 -22 -19 -16 -12 -10 -6 1 -10 7 -9 11 -3 ]
CSI_DATA,STA,E4:D1:24:F2:5E:80,-83,10,0,0,0,0,0,0,0,0,0,-97,0,9,0,86870845,0,389,0,0,87.2535,128,[-123 81 24 0 31 -10 36 -7 42 -10 40 -9 33 -11 33 -10 29 -13 28 -11 14 -6 16 -4 11 -6 4 0 0 6 1 8 -3 15 -7 10 -6 17 -10 17 -10 17 -8 16 -8 16 -9 16 -9 13 -8 12 -12 7 0 0 0 0 0 0 0 0 0 0 0 0 0 0 0 0 0 0 0 0 0 0 2 16 3 11 1 15 -1 13 -2 12 -1 7 -2 8 -6 3 -1 4 -4 -4 -1 -11 -8 -13 -8 -13 -11 -21 -12 -21 -12 -24 -13 -21 -17 -22 -18 -22 -17 -16 -16 -16 -18 -11 -11 -10 -2 -6 1 -5 13 -3 ]
CSI_DATA,STA,E4:D1:24:F2:5E:80,-83,10,0,0,0,0,0,0,0,0,0,-97,0,9,0,86973248,0,389,0,0,87.356,128,[-123 81 24 0 7 -33 5 -32 3 -41 3 -38 1 -39 2 -33 -3 -33 0 -23 1 -21 7 -16 0 -10 2 -8 7 2 7 5 10 7 13 14 6 12 9 13 10 17 15 16 10 15 9 14 7 14 1 14 1 10 0 0 0 0 0 0 0 0 0 0 0 0 0 0 0 0 0 0 0 0 0 0 12 0 14 1 12 4 17 2 13 2 8 -2 7 1 2 2 -3 2 -10 -1 -10 4 -10 5 -15 3 -22 5 -26 8 -28 12 -24 7 -30 11 -23 11 -25 16 -22 11 -16 5 -10 5 -6 4 -3 -9 -6 -15 ]
CSI_DATA,STA,E4:D1:24:F2:5E:80,-83,10,0,0,0,0,0,0,0,0,0,-97,0,9,0,87002494,0,64,0,0,87.3859,128,[64 0 4 0 28 20 31 25 34 16 33 20 33 21 36 20 29 18 26 7 20 11 14 10 8 6 2 3 2 9 -5 4 -12 7 -14 7 -15 9 -18 8 -23 13 -22 10 -23 5 -21 5 -17 5 -18 3 -14 3 0 0 0 0 0 0 0 0 0 0 0 0 0 0 0 0 0 0 0 0 0 0 -13 10 -13 10 -13 9 -10 7 -10 7 -5 3 -3 3 -3 0 0 -1 -2 -6 5 -7 3 -19 5 -19 6 -25 5 -27 6 -30 8 -32 6 -31 2 -34 1 -27 3 -22 -2 -26 6 -12 4 -6 0 0 9 5 ]
CSI_DATA,STA,E4:D1:24:F2:5E:80,-85,10,0,0,0,0,0,0,0,0,0,-97,0,9,0,87075650,0,389,0,0,87.4583,128,[-123 81 24 0 -12 29 -24 30 -17 35 -14 36 -15 33 -13 33 -8 27 -10 25 -8 16 -4 8 -4 10 -7 7 -10 1 -15 -5 -13 -7 -8 -13 -14 -10 -11 -21 -11 -14 -12 -18 -11 -19 -12 -19 -7 -17 -4 -13 -4 -10 0 0 0 0 0 0 0 0 0 0 0 0 0 0 0 0 0 0 0 0 0 0 -8 -15 -7 -14 -9 -8 -8 -12 -2 -14 -7 -12 -8 -4 0 -3 1 -6 9 1 9 9 15 4 13 6 19 11 22 5 25 7 21 6 25 7 30 -2 28 7 25 2 20 1 12 -2 8 6 -3 3 -6 16 ]
CSI_DATA,STA,E4:D1:24:F2:5E:80,-84,10,0,0,0,0,0,0,0,0,0,-97,0,9,0,87178052,0,389,0,0,87.5606,128,[-123 81 24 0 -31 4 -35 12 -35 17 -33 16 -32 12 -29 16 -33 17 -25 10 -17 9 -15 8 -11 2 -4 -3 -8 -5 -5 -11 0 -13 -3 -16 -4 -20 -2 -13 1 -25 0 -19 2 -21 -1 -16 -2 -17 2 -17 1 -15 0 0 0 0 0 0 0 0 0 0 0 0 0 0 0 0 0 0 0 0 0 0 0 -18 3 -14 3 -13 2 -13 5 -11 4 -10 5 -2 4 1 -1 0 3 5 2 8 4 15 2 19 4 22 7 21 9 24 11 24 14 21 17 24 18 22 15 12 11 15 9 9 3 12 -4 7 -10 3 ]
CSI_DATA,STA,E4:D1:24:F2:5E:80,-83,10,0,0,0,0,0,0,0,0,0,-97,0,9,0,87280455,0,389,0,0,87.6632,128,[-123 81 24 0 31 15 35 19 37 17 38 14 36 16 34 13 31 9 27 8 22 5 15 5 11 4 1 4 1 5 -6 11 -12 7 -13 15 -13 10 -13 12 -17 8 -14 10 -18 13 -15 10 -14 9 -13 5 -18 5 0 0 0 0 0 0 0 0 0 0 0 0 0 0 0 0 0 0 0 0 0 0 -13 9 -13 8 -12 12 -14 5 -6 6 -7 8 -11 -1 -5 0 -5 -3 -3 -8 0 -11 2 -17 0 -18 7 -25 2 -25 7 -26 3 -29 5 -26 -1 -32 -10 -35 0 -28 -8 -23 -1 -15 5 -5 13 -9 15 6 ]
CSI_DATA,STA,E4:D1:24:F2:5E:80,-85,10,0,0,0,0,0,0,0,0,0,-97,0,9,0,87382965,0,389,0,0,87.7657,128,[-123 81 24 0 -28 18 -30 22 -30 21 -30 24 -31 25 -30 19 -17 22 -17 19 -16 19 -10 8 -7 0 -11 -7 -3 -5 -4 -5 -1 -14 0 -12 -1 -17 5 -17 3 -26 3 -18 -2 -20 6 -21 3 -21 4 -16 9 -11 0 0 0 0 0 0 0 0 0 0 0 0 0 0 0 0 0 0 0 0 0 0 -15 -11 -10 -12 -13 -7 -10 -10 -6 -11 -5 -8 -6 -5 1 -3 2 -2 4 -1 7 5 11 7 18 8 19 6 19 14 23 7 28 5 25 6 26 8 24 2 20 -2 20 -2 8 1 5 6 -2 4 -14 9 ]
CSI_DATA,STA,E4:D1:24:F2:5E:80,-84,10,0,0,0,0,0,0,0,0,0,-97,0,9,0,87485259,0,389,0,0,87.868,128,[-123 81 24 0 6 -32 14 -34 7 -38 12 -41 6 -34 1 -28 0 -30 -2 -25 3 -22 6 -15 3 -12 8 -5 7 1 5 1 12 3 9 12 11 11 15 15 13 16 14 12 15 13 9 13 10 13 7 9 5 11 0 0 0 0 0 0 0 0 0 0 0 0 0 0 0 0 0 0 0 0 0 0 10 9 12 10 7 6 11 6 5 6 5 7 4 7 0 1 -4 1 -4 -1 -13 1 -8 -2 -21 -6 -24 -3 -21 0 -25 -2 -23 0 -30 2 -24 4 -23 7 -24 4 -15 8 -13 4 -7 -5 -5 -7 0 -18 ]
CSI_DATA,STA,E4:D1:24:F2:5E:80,-84,10,0,0,0,0,0,0,0,0,0,-97,0,9,0,87690064,0,389,0,0,88.0728,128,[-123 81 24 0 -28 19 -32 26 -33 24 -33 24 -34 28 -29 17 -25 22 -24 21 -18 11 -13 9 -16 5 -8 6 -5 -5 1 -10 -2 -9 4 -11 6 -13 8 -18 15 -18 10 -17 12 -16 12 -13 15 -12 12 -11 11 -5 0 0 0 0 0 0 0 0 0 0 0 0 0 0 0 0 0 0 0 0 0 0 -19 -3 -11 1 -17 -3 -10 -4 -10 -8 -10 -4 -5 -1 -5 -4 2 1 3 1 7 0 10 6 14 6 18 3 29 5 28 1 29 3 28 0 28 -4 24 3 25 -3 18 2 13 -1 4 0 -1 -1 -9 7 ]
CSI_DATA,STA,E4:D1:24:F2:5E:80,-84,10,0,0,0,0,0,0,0,0,0,-97,0,9,0,87792466,0,389,0,0,88.1752,128,[-123 81 24 0 -24 -26 -24 -29 -25 -27 -29 -26 -30 -27 -25 -18 -26 -20 -20 -21 -17 -13 -7 -12 -7 -13 1 -9 4 -5 7 -2 17 0 17 0 19 0 16 5 17 2 19 8 20 4 18 10 14 9 13 5 11 6 0 0 0 0 0 0 0 0 0 0 0 0 0 0 0 0 0 0 0 0 0 0 1 -13 0 -15 6 -15 3 -12 4 -12 1 -9 3 -3 -1 -6 -1 0 -4 0 2 4 -3 12 -4 18 -3 17 -6 20 -2 26 2 24 2 28 0 27 5 19 2 23 6 14 2 14 3 2 -6 3 -5 -7 ]
CSI_DATA,STA,E4:D1:24:F2:5E:80,-84,10,0,0,0,0,0,0,0,0,0,-97,0,9,0,87793731,0,64,0,0,88.2058,128,[64 0 4 0 25 -11 20 -12 29 -27 33 -22 30 -19 26 -24 19 -21 16 -18 21 -6 14 -11 4 -5 1 1 2 3 2 13 2 9 1 17 -4 18 -6 25 1 23 3 19 -2 14 -4 21 -2 13 -5 8 -10 1 0 0 0 0 0 0 0 0 0 0 0 0 0 0 0 0 0 0 0 0 0 0 6 12 2 8 4 17 2 11 7 9 6 14 -3 4 -1 8 -6 -2 -8 0 -8 -4 -7 -14 -13 -13 -18 -15 -18 -13 -16 -15 -17 -16 -23 -21 -14 -14 -19 -15 -21 -6 -23 0 -22 -6 -6 -5 5 -7 8 -4 ]
CSI_DATA,STA,E4:D1:24:F2:5E:80,-84,10,0,0,0,0,0,0,0,0,0,-97,0,9,0,87894869,0,389,0,0,88.2775,128,[-123 81 24 0 15 -18 19 -26 17 -29 18 -39 14 -29 13 -29 10 -28 12 -17 8 -17 7 -14 3 -10 3 0 5 3 0 7 6 9 2 11 8 17 7 23 4 16 7 18 8 19 6 17 4 16 2 16 1 9 0 0 0 0 0 0 0 0 0 0 0 0 0 0 0 0 0 0 0 0 0 0 10 7 10 9 6 7 6 6 7 8 5 4 2 3 -1 0 -2 1 0 3 -10 -5 -9 -3 -18 -8 -16 -5 -24 -5 -26 -1 -30 -3 -27 -3 -26 3 -23 2 -21 -1 -17 -2 -12 -2 -4 -5 1 -6 5 -14 ]
CSI_DATA,STA,E4:D1:24:F2:5E:80,-84,10,0,0,0,0,0,0,0,0,0,-97,0,9,0,87997271,0,389,0,0,88.3801,128,[-123 81 24 0 28 4 33 2 37 -1 34 7 32 2 26 0 24 -3 22 0 16 1 13 0 3 3 3 10 3 9 -1 12 -1 10 -7 2 -10 12 -11 16 -6 22 -10 20 -11 14 -13 19 -11 10 -10 6 -8 12 0 0 0 0 0 0 0 0 0 0 0 0 0 0 0 0 0 0 0 0 0 0 -11 14 -9 14 -9 10 -5 11 -3 7 -7 14 -2 10 -5 2 -11 1 6 -10 -2 -4 2 -10 -5 -21 4 -21 2 -22 -1 -30 -5 -22 5 -35 -7 -32 -9 -26 -9 -24 -13 -17 -1 -18 4 -19 9 -9 16 -1 ]
CSI_DATA,STA,E4:D1:24:F2:5E:80,-85,10,0,0,0,0,0,0,0,0,0,-97,0,9,0,88041983,0,64,0,0,88.4243,128,[64 0 4 0 19 21 21 25 27 26 28 18 22 22 23 26 18 19 17 21 16 18 9 14 8 7 -3 3 -1 3 -1 6 -11 2 -11 0 -20 7 -10 -3 -17 -3 -24 3 -17 -6 -11 -10 -15 -4 -13 -2 -16 -10 0 0 0 0 0 0 0 0 0 0 0 0 0 0 0 0 0 0 0 0 0 0 -14 4 -13 10 -15 7 -9 4 -11 7 -4 3 -8 3 -7 0 3 -1 1 -1 2 -5 9 -13 5 -16 9 -17 14 -18 4 -20 4 -23 11 -25 7 -22 8 -29 4 -25 4 -15 2 -9 5 -8 4 -1 10 2 ]
CSI_DATA,STA,E4:D1:24:F2:5E:80,-84,10,0,0,0,0,0,0,0,0,0,-97,0,9,0,88099674,0,389,0,0,88.4823,128,[-123 81 24 0 -33 14 -32 14 -31 17 -35 13 -28 15 -24 10 -24 11 -22 8 -14 6 -11 -1 -8 2 -10 2 -3 -8 -3 -6 4 -16 2 -16 6 -13 4 -19 4 -16 13 -20 6 -18 9 -17 4 -16 8 -13 6 -3 0 0 0 0 0 0 0 0 0 0 0 0 0 0 0 0 0 0 0 0 0 0 -5 -12 -8 -13 -7 -10 -4 -11 -5 -10 -3 -5 -4 -5 0 -1 4 4 3 5 6 10 5 14 14 11 16 12 17 16 19 14 16 12 17 14 24 13 22 11 15 7 13 7 11 5 1 5 -7 2 -21 5 ]
CSI_DATA,STA,E4:D1:24:F2:5E:80,-83,10,0,0,0,0,0,0,0,0,0,-97,0,9,0,88145519,0,234,0,0,88.5277,128,[-22 -96 14 0 -7 -35 -7 -38 -11 -36 -20 -33 -16 -30 -16 -29 -12 -23 -12 -20 -10 -12 -4 -13 0 -5 -1 -4 7 -5 4 -7 13 -8 11 -4 17 -9 16 -9 16 -12 20 -10 16 -10 16 -11 14 -3 14 -5 11 -1 0 0 0 0 0 0 0 0 0 0 0 0 0 0 0 0 0 0 0 0 0 0 2 11 3 9 4 16 5 11 1 9 5 6 2 6 0 4 -7 1 -8 -3 -11 -2 -16 -6 -17 -5 -22 -4 -22 -4 -30 -3 -26 -5 -25 7 -30 5 -26 2 -21 5 -19 -3 -13 4 -14 -6 -8 -6 3 -16 ]
CSI_DATA,STA,E4:D1:24:F2:5E:80,-84,10,0,0,0,0,0,0,0,0,0,-97,0,9,0,88153582,0,234,0,0,88.56,128,[-22 -96 14 0 -32 -10 -32 -9 -38 -8 -35 -1 -33 -3 -30 0 -24 -1 -26 0 -21 1 -14 -6 -12 -5 -3 -4 -2 -7 0 -13 6 -20 2 -14 3 -19 3 -16 3 -20 -2 -19 2 -19 3 -22 2 -16 1 -8 5 -8 0 0 0 0 0 0 0 0 0 0 0 0 0 0 0 0 0 0 0 0 0 0 16 -1 12 2 13 -1 11 -1 12 -2 14 4 8 2 3 0 0 5 -6 12 -8 8 -11 10 -9 9 -12 12 -14 21 -12 22 -9 24 -4 26 -6 25 -8 23 -3 22 -7 15 -9 11 -8 9 -13 0 -18 -6 ]
CSI_DATA,STA,E4:D1:24:F2:5E:80,-85,10,0,0,0,0,0,0,0,0,0,-97,0,9,0,88202076,0,389,0,0,88.6011,128,[-123 81 24 0 -14 26 -14 27 -14 36 -12 37 -13 26 -10 29 -7 25 -3 22 -8 12 -4 11 -6 1 -7 0 -9 -3 -6 -7 -13 -5 -13 -7 -9 -12 -11 -20 -17 -13 -18 -21 -12 -14 -8 -13 -9 -13 -8 -12 -2 -5 0 0 0 0 0 0 0 0 0 0 0 0 0 0 0 0 0 0 0 0 0 0 -7 -11 -7 -10 -4 -15 -3 -12 -7 -10 -1 -12 -1 -5 2 -6 0 -4 0 -2 6 5 10 5 15 5 19 11 17 6 22 2 21 7 24 2 18 2 23 10 19 3 17 6 10 9 2 8 1 14 -1 18 ]
CSI_DATA,STA,E4:D1:24:F2:5E:80,-84,10,0,0,0,0,0,0,0,0,0,-97,0,9,0,88304478,0,389,0,0,88.6872,128,[-123 81 24 0 9 34 2 37 12 33 9 36 14 30 13 24 11 28 7 24 4 17 4 12 1 13 -9 9 -7 2 -12 1 -14 -1 -19 -4 -17 -5 -18 -6 -22 -3 -17 -6 -23 -11 -14 -5 -12 -6 -14 -7 -10 -6 0 0 0 0 0 0 0 0 0 0 0 0 0 0 0 0 0 0 0 0 0 0 -15 -7 -14 -5 -14 -7 -10 -5 -12 -1 -6 -6 -4 -5 -2 -3 2 -2 0 -3 1 -2 11 -6 14 -3 18 -14 21 -8 24 -10 26 -13 29 -11 27 -16 22 -19 20 -14 15 -11 13 -5 9 5 6 5 5 11 ]
CSI_DATA,STA,E4:D1:24:F2:5E:80,-84,10,0,0,0,0,0,0,0,0,0,-97,0,9,0,88406881,0,389,0,0,88.7896,128,[-123 81 24 0 -7 31 0 32 -3 30 -3 32 -5 40 1 33 0 26 0 28 5 15 0 15 -1 9 -8 4 -10 4 -9 -3 -12 -8 -15 -5 -13 -11 -16 -12 -13 -18 -16 -11 -12 -13 -12 -11 -10 -13 -8 -10 -1 -11 0 0 0 0 0 0 0 0 0 0 0 0 0 0 0 0 0 0 0 0 0 0 -11 -4 -15 -5 -15 -4 -10 -4 -10 -1 -11 -5 -9 -3 -2 -8 -1 -1 5 -1 5 -2 14 -2 12 -2 13 1 22 -4 19 -3 22 -7 24 -11 23 -11 20 -14 20 -8 17 -8 15 -6 12 -2 6 5 4 13 ]
CSI_DATA,STA,E4:D1:24:F2:5E:80,-84,10,0,0,0,0,0,0,0,0,0,-97,0,9,0,88509283,0,389,0,0,88.892,128,[-123 81 24 0 -16 19 -22 25 -28 23 -25 30 -25 24 -22 26 -16 19 -17 18 -11 13 -10 10 -9 6 -8 4 -4 -2 -6 -1 -8 -13 -3 -12 -11 -14 -8 -17 -6 -21 -6 -17 -5 -15 -8 -12 -7 -10 -6 -8 1 -9 0 0 0 0 0 0 0 0 0 0 0 0 0 0 0 0 0 0 0 0 0 0 -2 -14 -6 -17 -5 -13 -2 -8 -2 -8 -1 -13 0 -5 2 -1 2 1 3 0 10 3 9 8 12 13 14 11 16 16 16 13 26 18 20 9 21 15 23 13 20 11 17 10 9 8 3 8 -4 14 -5 16 ]
CSI_DATA,STA,E4:D1:24:F2:5E:80,-85,10,0,0,0,0,0,0,0,0,0,-97,0,9,0,88611685,0,389,0,0,88.9944,128,[-123 81 24 0 14 -18 17 -29 18 -26 16 -33 17 -27 14 -22 10 -21 9 -21 5 -17 6 -15 3 -7 2 -5 5 0 8 8 11 9 9 9 6 9 10 11 9 10 12 12 6 14 8 8 8 19 8 11 5 8 0 0 0 0 0 0 0 0 0 0 0 0 0 0 0 0 0 0 0 0 0 0 -1 12 1 13 1 15 -6 9 -5 4 2 9 -2 4 -2 7 -3 -1 -6 -2 -4 -8 -9 -12 -15 -15 -14 -18 -8 -19 -20 -15 -15 -15 -19 -12 -26 -9 -18 -10 -19 -7 -18 -8 -9 -6 -1 -6 -2 -8 16 -9 ]
CSI_DATA,STA,E4:D1:24:F2:5E:80,-86,10,0,0,0,0,0,0,0,0,0,-97,0,9,0,88714088,0,389,0,0,89.0966,128,[-123 81 24 0 18 13 19 21 18 21 27 24 20 23 22 18 21 11 20 10 17 11 10 12 8 2 2 7 -3 9 -5 6 -6 2 -10 7 -13 3 -18 13 -13 11 -11 8 -14 8 -11 7 -16 4 -8 5 -10 -1 0 0 0 0 0 0 0 0 0 0 0 0 0 0 0 0 0 0 0 0 0 0 -14 -4 -11 -6 -14 -3 -13 -1 -8 -5 -7 -7 -4 -5 -7 -2 5 -6 1 -1 5 -5 11 -10 14 -10 15 -8 19 -13 9 -12 15 -20 14 -19 17 -16 5 -20 11 -16 10 -12 7 -6 4 -7 6 0 5 10 ]
CSI_DATA,STA,E4:D1:24:F2:5E:80,-86,10,0,0,0,0,0,0,0,0,0,-97,0,9,0,88816490,0,389,0,0,89.1993,128,[-123 81 24 0 -25 -5 -25 -5 -33 -7 -35 -1 -27 -2 -30 1 -22 2 -18 2 -12 0 -14 1 -11 -2 -3 -4 -3 -8 -2 -8 -1 -15 4 -15 7 -15 1 -16 3 -15 1 -20 5 -17 5 -11 4 -14 3 -12 4 -9 0 0 0 0 0 0 0 0 0 0 0 0 0 0 0 0 0 0 0 0 0 0 10 -3 11 0 12 -1 7 1 9 -6 8 0 6 -1 2 5 -4 4 -1 -2 -5 5 -9 9 -7 17 -12 9 -9 21 -6 15 -10 21 1 22 -3 20 3 20 3 25 0 13 1 11 -5 11 -12 4 -14 -9 ]
CSI_DATA,STA,E4:D1:24:F2:5E:80,-86,10,0,0,0,0,0,0,0,0,0,-97,0,9,0,88918893,0,389,0,0,89.3016,128,[-123 81 24 0 -6 -23 -7 -28 -8 -26 -9 -28 -7 -25 -9 -34 -11 -22 -7 -17 -10 -16 4 -7 2 -10 4 -8 3 -5 8 1 13 0 13 -1 15 2 15 1 18 1 14 0 19 2 15 2 10 4 5 4 7 2 0 0 0 0 0 0 0 0 0 0 0 0 0 0 0 0 0 0 0 0 0 0 11 4 14 6 11 5 10 4 9 3 6 3 8 3 3 0 -2 -4 -7 0 -7 3 -13 6 -14 2 -19 5 -20 10 -24 11 -21 10 -22 8 -17 9 -18 6 -23 13 -13 2 -11 6 -4 2 -7 -5 -7 -18 ]
CSI_DATA,STA,E4:D1:24:F2:5E:80,-84,10,0,0,0,0,0,0,0,0,0,-97,0,9,0,89021295,0,389,0,0,89.404,128,[-123 81 24 0 -18 19 -26 20 -27 27 -29 25 -28 20 -20 23 -15 23 -19 19 -10 17 -12 11 -14 8 -6 0 -2 -5 -9 -9 -3 -17 -3 -10 -8 -17 -5 -19 -2 -22 -1 -21 -4 -17 -2 -19 -3 -17 1 -14 -1 -10 0 0 0 0 0 0 0 0 0 0 0 0 0 0 0 0 0 0 0 0 0 0 -1 -14 -4 -14 -4 -14 0 -13 -1 -10 -5 -12 2 -5 3 -4 0 -8 5 0 6 4 9 11 15 11 13 14 13 17 18 10 22 14 21 14 24 11 18 4 21 10 13 8 12 8 7 9 -3 3 -8 10 ]
CSI_DATA,STA,E4:D1:24:F2:5E:80,-84,10,0,0,0,0,0,0,0,0,0,-97,0,9,0,89123697,0,389,0,0,89.5064,128,[-123 81 24 0 -22 -27 -27 -27 -30 -25 -26 -25 -29 -25 -33 -25 -26 -19 -21 -17 -13 -14 -13 -13 -9 -5 -1 -10 5 -7 3 -7 8 -5 15 -3 14 -9 17 -2 15 -6 15 -6 16 -6 19 -6 16 -4 13 -4 13 1 0 0 0 0 0 0 0 0 0 0 0 0 0 0 0 0 0 0 0 0 0 0 14 -6 10 -9 12 -2 12 -3 16 -3 11 -3 6 -4 2 1 5 2 0 4 -5 11 -6 13 -10 14 -13 19 -13 12 -16 21 -11 25 -13 32 -8 26 -11 27 -12 25 -12 19 -5 11 -6 6 -7 -3 -14 -4 ]
CSI_DATA,STA,E4:D1:24:F2:5E:80,-85,10,0,0,0,0,0,0,0,0,0,-97,0,9,0,89155285,0,234,0,0,89.5394,128,[-22 -96 14 0 14 19 19 26 21 27 21 23 19 23 18 19 19 17 19 26 10 15 12 7 4 6 4 6 -5 4 -5 7 -13 8 -13 4 -12 -1 -21 3 -23 2 -21 1 -14 -1 -17 2 -15 3 -11 -1 -8 -6 0 0 0 0 0 0 0 0 0 0 0 0 0 0 0 0 0 0 0 0 0 0 -13 -1 -15 3 -14 3 -10 1 -11 1 -7 -2 -8 3 -9 1 -2 -1 0 -2 7 -6 6 -6 6 -12 11 -14 15 -13 15 -20 14 -19 16 -16 13 -19 12 -21 9 -22 8 -20 3 -19 7 -8 5 1 11 -1 ]
CSI_DATA,STA,E4:D1:24:F2:5E:80,-86,10,0,0,0,0,0,0,0,0,0,-97,0,9,0,89164339,0,234,0,0,89.581,128,[-22 -96 14 0 -9 28 -9 31 -5 30 -3 27 -3 25 -4 27 -3 23 3 14 -1 15 -2 12 4 9 -4 5 -6 6 -11 -1 -11 -7 -11 -1 -10 -6 -15 -5 -19 -6 -11 -7 -13 -9 -13 -7 -12 -12 -13 -7 -7 -6 0 0 0 0 0 0 0 0 0 0 0 0 0 0 0 0 0 0 0 0 0 0 -8 -12 -11 -13 -4 -15 -6 -11 -5 -9 -1 -14 -2 -6 -1 -5 1 -3 4 -3 7 1 13 2 11 3 12 2 15 -1 19 5 25 1 24 1 29 -2 23 -4 28 -3 19 -9 12 3 8 -1 8 -1 1 12 ]
CSI_DATA,STA,E4:D1:24:F2:5E:80,-85,10,0,0,0,0,0,0,0,0,0,-97,0,9,0,89226100,0,389,0,0,89.6198,128,[-123 81 24 0 8 -22 18 -24 10 -25 11 -32 9 -27 5 -25 5 -24 9 -21 7 -17 6 -10 3 -8 3 -7 1 4 6 4 2 3 2 7 8 12 6 11 10 16 6 17 4 17 7 14 4 15 4 8 -1 8 0 0 0 0 0 0 0 0 0 0 0 0 0 0 0 0 0 0 0 0 0 0 9 4 9 6 7 6 9 9 9 3 9 4 5 3 -3 3 -2 0 -4 1 -8 0 -14 -5 -10 4 -18 0 -17 4 -23 3 -22 6 -22 4 -24 6 -22 4 -21 5 -16 5 -16 6 -4 -2 -3 -7 -6 -6 ]
CSI_DATA,STA,E4:D1:24:F2:5E:80,-84,10,0,0,0,0,0,0,0,0,0,-97,0,9,0,89328502,0,389,0,0,89.7111,128,[-123 81 24 0 -24 21 -28 24 -23 32 -22 31 -19 36 -17 33 -16 19 -9 21 -9 20 -4 7 -7 9 -7 5 -6 -5 -3 -9 -12 -6 -6 -16 -3 -20 -12 -14 -8 -20 -4 -16 -6 -14 -5 -14 -2 -16 -2 -14 1 -12 0 0 0 0 0 0 0 0 0 0 0 0 0 0 0 0 0 0 0 0 0 0 -10 -13 -11 -14 -3 -11 -4 -12 -4 -10 -3 -7 -1 -4 3 -5 2 -3 4 0 9 2 13 5 16 8 21 8 23 10 25 8 21 11 27 1 26 6 20 4 19 4 20 0 13 3 5 1 -5 6 -8 10 ]
CSI_DATA,STA,E4:D1:24:F2:5E:80,-87,10,0,0,0,0,0,0,0,0,0,-97,0,9,0,89430904,0,389,0,0,89.8135,128,[-123 81 24 0 -22 -2 -24 3 -20 0 -29 -2 -19 1 -22 8 -17 -2 -21 3 -11 0 -11 0 -11 -5 -7 -5 -4 -5 -4 -6 -6 -11 1 -12 0 -10 0 -12 1 -13 -4 -11 1 -8 -8 -16 -2 -8 -2 -8 -1 -7 0 0 0 0 0 0 0 0 0 0 0 0 0 0 0 0 0 0 0 0 0 0 10 -5 11 -1 10 -1 7 -3 5 -2 4 -5 2 3 2 2 1 1 -1 2 -4 5 -4 9 -7 3 1 11 -7 13 -7 15 -2 19 -3 17 1 22 0 16 2 22 1 13 0 10 5 7 -7 8 -5 1 ]
CSI_DATA,STA,E4:D1:24:F2:5E:80,-86,10,0,0,0,0,0,0,0,0,0,-97,0,9,0,89533307,0,389,0,0,89.9159,128,[-123 81 24 0 10 -5 21 -8 24 -4 29 -15 23 -11 22 -8 24 -14 20 -6 16 -9 18 -7 15 -4 6 -3 4 -2 3 3 -1 6 0 7 -5 6 -3 11 -5 11 -4 10 -6 14 -7 12 -3 11 -8 7 -4 6 0 0 0 0 0 0 0 0 0 0 0 0 0 0 0 0 0 0 0 0 0 0 0 10 -1 12 5 14 -3 11 1 8 -2 10 1 11 2 3 1 5 -1 -3 -3 -6 -7 -13 -8 -10 -6 -10 -13 -15 -13 -18 -16 -14 -17 -18 -16 -13 -16 -13 -16 -13 -14 -10 -10 -7 -8 -8 -1 -7 3 -7 ]
CSI_DATA,STA,E4:D1:24:F2:5E:80,-87,10,0,0,0,0,0,0,0,0,0,-97,0,9,0,89635709,0,389,0,0,90.0184,128,[-123 81 24 0 -23 -9 -28 -8 -29 -5 -30 -4 -18 -5 -23 -7 -16 -2 -13 0 -7 6 -7 -1 -6 -2 -8 0 0 -10 -1 -5 3 -8 9 -9 2 -9 10 -10 9 -12 6 -9 5 -13 4 -9 3 -10 3 -9 4 -3 0 0 0 0 0 0 0 0 0 0 0 0 0 0 0 0 0 0 0 0 0 0 9 -9 9 -8 7 -10 8 -4 8 -4 10 -5 6 -3 -1 -3 2 -1 3 5 -2 7 -6 10 1 12 -4 10 -6 16 -2 22 -7 17 0 21 -4 16 0 20 -2 18 -2 11 1 7 -5 8 -9 0 -11 -4 ]
CSI_DATA,STA,E4:D1:24:F2:5E:80,-85,10,0,0,0,0,0,0,0,0,0,-97,0,9,0,89738111,0,389,0,0,90.1208,128,[-123 81 24 0 -30 0 -31 0 -31 -1 -27 2 -30 6 -27 -2 -25 11 -21 2 -21 0 -15 3 -12 -4 -14 1 -7 -2 -11 -6 -4 -9 2 -10 -6 -15 -1 -15 -1 -16 -3 -17 -1 -15 0 -16 1 -11 2 -12 1 -13 0 0 0 0 0 0 0 0 0 0 0 0 0 0 0 0 0 0 0 0 0 0 7 1 10 4 13 2 9 3 8 4 5 -1 7 -2 7 -2 3 3 6 7 1 7 -3 11 -7 13 -9 9 -12 13 -7 20 -9 24 -8 22 -7 24 3 20 -6 19 -3 16 -2 16 -4 14 -6 12 -10 8 ]
CSI_DATA,STA,E4:D1:24:F2:5E:80,-85,10,0,0,0,0,0,0,0,0,0,-97,0,9,0,89838193,0,145,0,0,90.2208,128,[-111 16 9 0 -16 19 -19 21 -10 19 -16 28 -10 23 -14 16 -10 20 -7 16 -6 16 -8 11 -3 10 -6 3 -9 -4 -12 -2 -6 -10 -6 -6 -12 -1 -14 -6 -15 -6 -13 -11 -11 -7 -13 -9 -10 -10 -10 -7 -6 -7 0 0 0 0 0 0 0 0 0 0 0 0 0 0 0 0 0 0 0 0 0 0 4 -12 5 -5 6 -8 3 -7 1 -6 2 -6 -1 0 -1 -3 2 4 0 0 0 9 1 9 1 6 6 9 7 16 11 13 14 16 12 12 17 5 15 12 12 8 13 6 3 3 5 5 1 10 -11 7 ]
CSI_DATA,STA,E4:D1:24:F2:5E:80,-87,10,0,0,0,0,0,0,0,0,0,-97,0,9,0,89840514,0,389,0,0,90.2514,128,[-123 81 24 0 23 14 24 14 20 17 26 16 26 11 26 7 24 7 19 5 12 9 13 1 7 4 2 1 0 1 -8 8 -7 8 -11 9 -12 3 -17 5 -16 4 -19 3 -10 8 -12 4 -11 2 -10 0 -9 -3 0 0 0 0 0 0 0 0 0 0 0 0 0 0 0 0 0 0 0 0 0 0 -7 7 -6 10 -9 4 -5 6 -5 1 -2 4 -4 0 1 -2 -1 -5 -2 1 2 -5 -5 -7 3 -9 5 -18 1 -20 2 -14 2 -23 2 -19 6 -22 1 -21 -4 -11 3 -14 0 -15 5 -5 2 -6 7 4 ]
CSI_DATA,STA,E4:D1:24:F2:5E:80,-85,10,0,0,0,0,0,0,0,0,0,-97,0,9,0,89942916,0,389,0,0,90.3256,128,[-123 81 24 0 -19 2 -26 6 -25 8 -28 8 -27 12 -22 5 -22 6 -23 10 -20 11 -16 2 -6 1 -8 -4 -8 -3 -1 -5 -2 -8 -2 -9 -1 -7 8 -9 6 -15 5 -7 7 -11 9 -8 9 -11 10 -11 10 -5 0 0 0 0 0 0 0 0 0 0 0 0 0 0 0 0 0 0 0 0 0 0 -9 -13 -4 -12 -5 -12 -5 -11 -5 -10 -3 -8 -3 -5 -3 -4 2 4 0 2 2 3 9 6 5 9 14 12 12 12 13 13 15 12 20 18 19 14 17 12 17 11 18 13 11 4 5 6 3 6 -4 6 ]
CSI_DATA,STA,E4:D1:24:F2:5E:80,-87,10,0,0,0,0,0,0,0,0,0,-97,0,9,0,90045318,0,389,0,0,90.4281,128,[-123 81 24 0 0 23 8 26 0 28 6 25 12 21 6 16 8 14 6 11 2 8 7 7 -1 0 0 1 -8 3 -10 1 -10 -6 -15 -5 -7 -8 -12 -7 -16 -5 -12 -6 -11 -8 -12 -6 -16 -2 -11 -3 -7 -7 0 0 0 0 0 0 0 0 0 0 0 0 0 0 0 0 0 0 0 0 0 0 -9 -4 -9 -6 -10 -6 -6 -2 -3 -3 -5 -5 -4 -7 -1 -3 3 -4 7 -2 7 -3 7 -2 13 -8 18 -2 15 2 14 -5 14 -5 15 -6 8 -11 7 -9 9 -8 8 -2 3 -1 6 3 1 12 2 14 ]
CSI_DATA,STA,E4:D1:24:F2:5E:80,-87,10,0,0,0,0,0,0,0,0,0,-97,0,9,0,90067731,0,64,0,0,90.4579,128,[64 0 4 0 -11 -24 -8 -20 -11 -20 -11 -25 -13 -23 -15 -24 -9 -20 -8 -12 -8 -11 -3 -7 -4 -6 0 0 2 0 6 1 2 2 10 3 7 6 17 8 13 5 16 2 12 4 9 6 9 5 6 5 4 2 0 0 0 0 0 0 0 0 0 0 0 0 0 0 0 0 0 0 0 0 0 0 6 -5 6 -6 7 -3 9 -3 6 -3 4 2 3 -1 -1 2 -5 0 -7 7 -9 4 -9 9 -5 8 -7 10 -17 13 -14 14 -5 9 -11 9 -7 8 -6 5 -1 11 -7 11 -4 1 4 1 -3 -5 -4 -8 ]
CSI_DATA,STA,E4:D1:24:F2:5E:80,-88,10,0,0,0,0,0,0,0,0,0,-97,0,9,0,90183449,0,234,0,0,90.5661,128,[-22 -96 14 0 -3 -17 -9 -21 -5 -20 -9 -22 -8 -18 -4 -21 -4 -14 -3 -14 -6 -13 -4 -6 -1 -6 0 0 0 -1 2 2 5 8 -2 6 4 8 -1 12 1 11 4 11 3 13 -2 15 3 9 -1 9 -3 2 0 0 0 0 0 0 0 0 0 0 0 0 0 0 0 0 0 0 0 0 0 0 0 -7 -3 -6 0 -4 -1 -5 -1 -4 2 -4 -2 -4 -4 5 0 9 0 3 -3 10 -5 8 1 15 -6 14 -4 10 -4 13 -5 14 -4 13 -2 10 4 13 -4 7 -4 7 0 5 1 -1 -1 -5 3 -9 ]
CSI_DATA,STA,E4:D1:24:F2:5E:80,-89,10,0,0,0,0,0,0,0,0,0,-97,0,9,0,90864542,0,389,0,0,91.2472,128,[-123 81 24 0 -14 -2 -13 6 -16 6 -17 9 -21 10 -14 5 -18 6 -16 6 -20 2 -17 3 -8 3 -8 2 -3 -1 -6 1 -3 2 5 -3 6 -1 8 4 7 7 6 6 6 7 4 7 9 10 4 12 1 12 0 0 0 0 0 0 0 0 0 0 0 0 0 0 0 0 0 0 0 0 0 0 4 3 1 7 1 8 5 8 0 5 2 4 4 4 -2 6 -2 1 5 0 4 -3 4 -2 6 -4 8 -9 13 -7 6 -10 7 -8 7 -12 4 -15 8 -6 12 -13 2 -9 4 -11 8 -6 1 -7 -11 -6 ]
CSI_DATA,STA,E4:D1:24:F2:5E:80,-88,10,0,0,0,0,0,0,0,0,0,-97,0,9,0,90966945,0,389,0,0,91.3496,128,[-123 81 24 0 -3 16 2 11 -6 16 -8 21 -13 18 -8 16 -7 16 -8 15 -11 12 -3 16 -8 6 -4 0 -6 6 3 3 2 4 3 0 8 -2 7 -1 7 -2 17 0 10 1 15 3 7 6 4 4 4 11 0 0 0 0 0 0 0 0 0 0 0 0 0 0 0 0 0 0 0 0 0 0 6 -3 11 -4 8 -2 5 -3 3 0 5 -1 3 -5 0 -6 6 -4 -1 -5 -1 -6 -7 -10 -4 -10 -1 -12 -8 -11 -9 -17 -8 -15 -7 -12 -8 -10 -9 -13 -3 -16 -9 -10 -11 -6 -10 -9 -10 -1 -10 9 ]
CSI_DATA,STA,E4:D1:24:F2:5E:80,-88,10,0,0,0,0,0,0,0,0,0,-97,0,9,0,91069347,0,389,0,0,91.452,128,[-123 81 24 0 2 14 1 14 4 16 6 15 4 14 -5 20 -3 17 2 17 1 13 2 11 2 9 -4 8 3 1 -1 -2 8 -2 1 1 5 -7 6 -8 12 -5 9 -2 9 -5 18 -1 11 2 7 -1 9 3 0 0 0 0 0 0 0 0 0 0 0 0 0 0 0 0 0 0 0 0 0 0 3 -9 6 -5 4 -2 7 -6 3 -3 4 -2 2 -2 -3 -7 3 -3 -5 -5 -8 -3 -7 -6 -10 -7 -12 -11 -11 -8 -14 -3 -11 -5 -12 -8 -10 -7 -14 -6 -22 -9 -10 -8 -14 -3 -10 0 -6 2 -3 7 ]
CSI_DATA,STA,E4:D1:24:F2:5E:80,-88,10,0,0,0,0,0,0,0,0,0,-97,0,9,0,91082372,0,64,0,0,91.4814,128,[64 0 4 0 -12 6 -7 9 -12 13 -12 13 -11 21 -4 18 -9 17 -16 12 -10 5 -12 5 -5 0 -3 7 1 6 1 2 0 -2 8 1 7 -3 7 3 6 2 8 3 6 8 10 9 7 14 2 13 4 11 0 0 0 0 0 0 0 0 0 0 0 0 0 0 0 0 0 0 0 0 0 0 3 1 8 -3 5 -2 1 -3 3 -6 3 -2 4 -3 2 -2 0 -2 0 -3 4 -6 -2 -4 2 -14 -5 -7 -3 -10 -4 -12 -4 -13 1 -15 -9 -12 -6 -12 -6 -4 -5 -16 -5 -9 -7 -7 -3 -8 -7 -3 ]
CSI_DATA,STA,E4:D1:24:F2:5E:80,-89,10,0,0,0,0,0,0,0,0,0,-97,0,9,0,91171749,0,389,0,0,91.5545,128,[-123 81 24 0 -1 -4 -3 -18 -5 -17 -3 -17 -7 -14 -2 -28 -6 -17 -4 -18 -1 -20 -2 -11 -1 -12 5 -10 0 -3 -3 -5 -2 0 -3 2 -8 5 -5 6 -9 6 -14 13 -11 9 -11 2 -15 3 -13 -2 -8 1 0 0 0 0 0 0 0 0 0 0 0 0 0 0 0 0 0 0 0 0 0 0 -8 -4 -7 0 -5 1 -6 2 -7 1 -5 1 -8 6 -2 1 5 1 -2 2 3 2 0 3 2 7 2 8 -1 6 8 9 8 14 5 9 6 8 8 12 8 10 11 3 8 8 7 -1 8 -2 3 -3 ]
CSI_DATA,STA,E4:D1:24:F2:5E:80,-88,10,0,0,0,0,0,0,0,0,0,-97,0,9,0,91185907,0,234,0,0,91.5834,128,[-22 -96 14 0 0 -13 1 -10 4 -21 2 -19 1 -13 4 -22 6 -14 8 -13 9 -14 4 -10 6 -12 2 -4 0 -2 -4 -1 -2 -2 -3 -3 -7 -2 -13 1 -6 -2 -8 -8 -6 -2 -8 -13 -9 -10 -5 -7 -4 -11 0 0 0 0 0 0 0 0 0 0 0 0 0 0 0 0 0 0 0 0 0 0 -5 9 -2 7 -6 7 -5 5 -4 4 -1 2 -3 2 -2 4 3 3 1 0 8 3 8 4 12 5 8 8 3 10 14 5 9 9 11 8 8 8 10 5 9 4 8 9 14 8 10 4 8 1 4 -8 ]
CSI_DATA,STA,E4:D1:24:F2:5E:80,-88,10,0,0,0,0,0,0,0,0,0,-97,0,9,0,91187436,0,234,0,0,91.6205,128,[-22 -96 14 0 -1 -15 -2 -17 -6 -20 -2 -18 -7 -19 1 -14 1 -20 2 -18 1 -16 3 -14 -2 -7 2 -6 2 -3 -4 0 -7 -2 -3 -2 -2 -4 -9 -3 -13 -3 -13 -2 -15 -5 -12 -11 -8 -8 -3 -8 -3 -11 0 0 0 0 0 0 0 0 0 0 0 0 0 0 0 0 0 0 0 0 0 0 3 3 5 5 0 5 3 3 2 7 -1 8 -1 6 4 3 0 -1 5 1 3 3 6 6 10 -2 9 -1 8 0 11 2 12 -1 19 -1 11 -1 15 3 16 -3 16 -3 10 0 15 -4 4 -3 3 -6 ]
CSI_DATA,STA,E4:D1:24:F2:5E:80,-90,10,0,0,0,0,0,0,0,0,0,-97,0,9,0,91376554,0,389,0,0,91.7593,128,[-123 81 24 0 -4 -10 -7 -11 -7 -8 -10 -17 -14 -12 -11 -13 -13 -15 -10 -15 -14 -13 -7 -16 -5 -12 -2 -10 -6 -2 -3 0 -6 2 -9 1 -7 1 -10 4 -12 0 -9 0 -14 -2 -16 1 -14 -4 -12 -8 -9 -4 0 0 0 0 0 0 0 0 0 0 0 0 0 0 0 0 0 0 0 0 0 0 6 4 5 0 5 1 -1 -1 0 4 3 -6 4 0 5 2 2 -1 6 1 6 0 4 -8 7 -6 14 -8 9 -2 9 0 10 -6 9 -12 12 -6 8 -5 8 -12 3 -8 5 -9 9 -12 8 -9 0 -11 ]
CSI_DATA,STA,E4:D1:24:F2:5E:80,-89,10,0,0,0,0,0,0,0,0,0,-97,0,9,0,91683761,0,389,0,0,92.0665,128,[-123 81 24 0 5 -11 8 -11 8 -15 4 -12 11 -19 10 -16 10 -19 6 -17 11 -12 11 -7 6 -11 3 -5 0 -5 -1 -5 1 -5 -2 1 -8 -2 -10 -1 -11 -1 -8 -3 -12 -5 -8 -4 -9 -8 -12 -13 -2 -12 0 0 0 0 0 0 0 0 0 0 0 0 0 0 0 0 0 0 0 0 0 0 -4 -2 -4 -3 -9 -1 -7 -2 -12 -2 -6 -1 -5 0 -2 3 -3 2 0 2 0 3 1 4 -2 6 1 11 -1 10 4 13 -2 14 1 13 2 13 4 14 6 11 -3 17 5 16 4 8 1 0 1 -3 ]
CSI_DATA,STA,E4:D1:24:F2:5E:80,-89,10,0,0,0,0,0,0,0,0,0,-97,0,9,0,91834169,0,145,0,0,92.2168,128,[-111 16 9 0 0 -13 -7 -16 -4 -23 0 -22 -5 -20 -8 -16 -7 -22 -4 -17 0 -12 -5 -16 1 -6 -3 -9 -7 -5 -2 -2 -4 3 -3 2 2 5 0 7 -8 9 -5 11 -5 9 -6 3 -8 7 -8 2 -8 7 0 0 0 0 0 0 0 0 0 0 0 0 0 0 0 0 0 0 0 0 0 0 -7 -2 -11 -4 -9 -7 -3 -4 -9 -4 -6 -6 -5 -1 -5 -3 0 -1 1 2 -1 7 5 10 2 6 -2 13 -1 9 2 8 4 12 2 11 6 10 2 8 7 9 7 6 10 10 2 7 1 5 6 -1 ]
CSI_DATA,STA,E4:D1:24:F2:5E:80,-89,10,0,0,0,0,0,0,0,0,0,-97,0,9,0,91990968,0,389,0,0,92.3736,128,[-123 81 24 0 5 -10 2 -19 8 -19 5 -20 6 -23 6 -22 4 -20 6 -24 2 -14 7 -20 5 -15 4 -8 1 -4 0 -2 -6 3 -3 4 -7 5 -6 9 -10 6 -12 3 -11 2 -12 2 -10 5 -13 1 -9 -3 0 0 0 0 0 0 0 0 0 0 0 0 0 0 0 0 0 0 0 0 0 0 -5 -5 -7 -9 -4 -7 -6 -3 -3 -8 -4 -4 -4 -2 -4 -1 -8 3 -4 0 3 4 -2 5 -2 7 -1 10 3 4 -3 12 -1 12 2 16 2 12 2 13 0 16 3 18 4 12 3 6 -2 9 0 -3 ]
CSI_DATA,STA,E4:D1:24:F2:5E:80,-90,10,0,0,0,0,0,0,0,0,0,-97,0,9,0,92093371,0,389,0,0,92.4761,128,[-123 81 24 0 -12 7 -19 8 -20 10 -22 7 -17 3 -17 5 -16 8 -13 3 -15 3 -11 5 -7 -2 -10 0 -11 1 -2 2 3 2 -1 2 6 9 4 5 1 7 5 7 2 13 2 7 -1 13 -1 14 -5 11 0 0 0 0 0 0 0 0 0 0 0 0 0 0 0 0 0 0 0 0 0 0 4 4 4 2 8 3 6 2 2 4 2 2 1 5 0 0 -1 -2 2 -5 1 -2 -1 -5 3 -7 3 -10 4 -11 2 -11 3 -9 3 -14 2 -19 3 -9 2 -14 2 -17 1 -11 -1 -8 -5 -8 -12 -4 ]
CSI_DATA,STA,E4:D1:24:F2:5E:80,-88,10,0,0,0,0,0,0,0,0,0,-97,0,9,0,92122376,0,64,0,0,92.5045,128,[64 0 4 0 12 -7 16 -8 19 -12 15 -10 15 -10 17 -11 17 -11 13 -4 11 -5 15 -8 6 -13 4 -5 2 -4 -4 3 -11 -1 -7 -4 -6 -2 -10 1 -12 -2 -7 -5 -15 -4 -12 -6 -12 -6 -9 -9 -3 -7 0 0 0 0 0 0 0 0 0 0 0 0 0 0 0 0 0 0 0 0 0 0 -4 -8 -3 -7 -2 -7 -2 -4 -1 -12 1 -5 -1 -2 -4 -3 -2 -2 -2 2 -3 6 -7 4 -3 1 -2 9 -7 9 -8 8 -7 10 -8 14 -8 6 -6 13 -7 13 -6 11 -1 13 -2 8 5 6 5 1 ]
CSI_DATA,STA,E4:D1:24:F2:5E:80,-90,10,0,0,0,0,0,0,0,0,0,-97,0,9,0,92195773,0,389,0,0,92.5784,128,[-123 81 24 0 17 3 15 8 22 5 18 7 17 6 23 6 14 9 19 10 8 7 9 4 5 0 4 2 -2 -1 0 -6 4 -5 -1 -8 3 -9 2 -6 -4 -13 2 -14 4 -11 2 -12 3 -14 2 -9 6 -7 0 0 0 0 0 0 0 0 0 0 0 0 0 0 0 0 0 0 0 0 0 0 -4 -6 0 -9 -6 -8 -2 -7 2 -7 -3 -6 -6 -6 -2 -2 -6 1 -1 3 -5 -1 -4 2 -13 5 -12 3 -10 5 -16 0 -18 6 -17 7 -11 8 -14 12 -12 4 -9 4 -9 2 2 7 -1 4 5 2 ]
CSI_DATA,STA,E4:D1:24:F2:5E:80,-88,10,0,0,0,0,0,0,0,0,0,-97,0,9,0,92298175,0,389,0,0,92.6809,128,[-123 81 24 0 -6 -9 -15 -16 -12 -12 -13 -21 -7 -19 -9 -13 -7 -15 -9 -17 -9 -15 -7 -13 -5 -8 -4 -4 2 0 0 -1 -2 -2 -6 6 -2 2 -6 9 -7 3 -10 9 -10 7 -6 8 -7 6 -12 6 -9 2 0 0 0 0 0 0 0 0 0 0 0 0 0 0 0 0 0 0 0 0 0 0 -7 4 -5 4 -4 5 -9 3 -6 3 -4 2 1 0 -2 7 0 3 2 3 2 4 3 0 4 1 8 0 13 5 13 1 9 -2 12 6 14 2 16 3 16 3 8 4 7 0 8 2 4 -11 5 -7 ]
CSI_DATA,STA,E4:D1:24:F2:5E:80,-89,10,0,0,0,0,0,0,0,0,0,-97,0,9,0,92400578,0,389,0,0,92.7832,128,[-123 81 24 0 -6 9 -18 11 -6 18 -11 11 -17 13 -11 13 -12 9 -11 16 -13 8 -11 4 -8 4 -5 2 -4 3 0 -2 2 3 4 4 6 3 7 8 4 7 11 6 6 8 5 11 8 8 4 11 3 11 0 0 0 0 0 0 0 0 0 0 0 0 0 0 0 0 0 0 0 0 0 0 7 -5 10 -1 6 1 5 -2 2 -3 9 -1 0 -1 -1 -1 4 0 0 -9 -1 1 0 -4 -2 -6 -4 -6 -9 -11 -5 -9 -8 -13 -6 -14 -2 -16 -5 -14 -6 -19 -3 -14 -6 -9 -5 -4 -6 -10 -5 6 ]
CSI_DATA,STA,E4:D1:24:F2:5E:80,-88,10,0,0,0,0,0,0,0,0,0,-97,0,9,0,92502980,0,389,0,0,92.8856,128,[-123 81 24 0 -10 10 -12 15 -9 17 -8 18 -15 20 -10 16 -7 13 -7 15 -7 16 -8 6 -6 3 -7 1 -5 2 0 8 7 1 7 0 7 3 13 -5 12 0 12 -1 11 6 12 5 4 4 7 4 4 5 0 0 0 0 0 0 0 0 0 0 0 0 0 0 0 0 0 0 0 0 0 0 8 -4 8 -4 7 -3 3 1 5 0 6 0 2 0 4 -3 -4 0 -3 -7 -4 -8 -3 -5 -4 -13 -3 -10 -5 -12 -10 -15 -9 -13 0 -15 -4 -10 -8 -13 -4 -13 -4 -8 -7 -9 -7 -1 -2 -3 -3 7 ]
CSI_DATA,STA,E4:D1:24:F2:5E:80,-89,10,0,0,0,0,0,0,0,0,0,-97,0,9,0,92605382,0,389,0,0,92.9881,128,[-123 81 24 0 -14 -12 -17 -6 -17 -11 -15 -12 -22 -4 -17 -10 -12 -8 -13 -8 -17 -8 -7 -9 -9 -5 -5 0 -2 4 0 4 0 1 -3 8 3 8 -1 8 -1 11 -3 9 -4 8 -5 15 -3 10 -6 5 -11 5 0 0 0 0 0 0 0 0 0 0 0 0 0 0 0 0 0 0 0 0 0 0 2 8 0 4 4 3 3 6 -2 4 -2 4 -3 6 3 4 4 -4 6 -2 7 -4 8 -3 6 -5 6 -4 9 -4 10 -4 10 -7 9 -6 11 1 9 -6 9 -3 8 -3 4 -1 5 -6 1 -5 -4 -7 ]
CSI_DATA,STA,E4:D1:24:F2:5E:80,-87,10,0,0,0,0,0,0,0,0,0,-97,0,9,0,93424601,0,389,0,0,93.8074,128,[-123 81 24 0 5 -16 5 -18 2 -19 12 -15 5 -22 9 -18 11 -19 3 -21 8 -14 6 -18 3 -11 4 -10 0 -2 -2 -2 -4 3 -2 10 -10 6 -4 11 -5 13 -8 14 -6 15 -9 13 -8 7 -6 5 -4 6 0 0 0 0 0 0 0 0 0 0 0 0 0 0 0 0 0 0 0 0 0 0 6 -7 3 -11 6 -6 0 -3 0 -8 -1 -5 -1 -4 1 -5 -4 2 -3 0 -4 0 -5 9 -7 3 -8 12 -10 10 -13 14 -8 13 -10 13 -14 11 -4 17 -9 12 -2 9 -7 6 -2 6 -5 -1 5 -10 ]
CSI_DATA,STA,E4:D1:24:F2:5E:80,-88,10,0,0,0,0,0,0,0,0,0,-97,0,9,0,93527004,0,389,0,0,93.9097,128,[-123 81 24 0 -7 14 -7 19 -5 22 -11 23 -9 24 -10 21 -6 19 -5 17 -5 18 -2 15 -8 12 -1 4 -2 1 -3 -4 4 -3 7 -2 7 -8 7 -7 10 -8 12 -9 14 -8 10 -11 15 -6 6 -5 14 0 0 0 0 0 0 0 0 0 0 0 0 0 0 0 0 0 0 0 0 0 0 0 7 7 9 5 9 6 6 8 0 5 2 10 1 -1 3 3 4 1 1 -1 2 -4 -1 -5 3 -12 2 -16 -2 -12 -3 -17 -1 -23 -3 -19 -1 -20 -2 -20 -4 -16 -9 -14 0 -8 2 -8 -7 -1 -8 0 ]
CSI_DATA,STA,E4:D1:24:F2:5E:80,-88,10,0,0,0,0,0,0,0,0,0,-97,0,9,0,93629406,0,389,0,0,94.0121,128,[-123 81 24 0 14 4 13 4 24 3 20 4 21 4 19 3 21 4 16 4 10 4 11 5 11 1 5 4 3 -3 4 -4 -6 -2 -2 -6 -7 -11 -6 -10 -8 -8 -2 -14 -1 -14 1 -11 4 -13 -2 -13 5 -12 0 0 0 0 0 0 0 0 0 0 0 0 0 0 0 0 0 0 0 0 0 0 -4 -10 -7 -8 -1 -13 -1 -8 0 -8 -3 -6 -3 -4 -1 -7 -3 -1 0 6 -2 0 -11 2 -10 2 -9 5 -12 7 -14 3 -19 7 -16 6 -15 9 -9 6 -11 8 -9 4 -8 8 -3 7 -2 0 -1 1 ]
CSI_DATA,STA,E4:D1:24:F2:5E:80,-88,10,0,0,0,0,0,0,0,0,0,-97,0,9,0,93731808,0,389,0,0,94.1145,128,[-123 81 24 0 -12 -16 -16 -20 -20 -14 -21 -19 -21 -12 -18 -20 -16 -10 -16 -13 -8 -8 -12 -7 -5 -8 -4 1 2 -7 -1 0 2 1 2 4 7 4 5 4 6 9 6 9 4 11 5 7 2 10 4 11 0 11 0 0 0 0 0 0 0 0 0 0 0 0 0 0 0 0 0 0 0 0 0 0 -11 -6 -5 -8 -10 -5 -7 -6 -2 -3 -3 -6 -4 -5 -6 -5 -1 -3 -1 2 7 8 4 7 11 11 1 13 5 9 5 12 7 9 13 13 13 10 6 10 9 16 14 8 10 6 3 2 5 2 -2 -2 ]
CSI_DATA,STA,E4:D1:24:F2:5E:80,-87,10,0,0,0,0,0,0,0,0,0,-97,0,9,0,93834211,0,389,0,0,94.217,128,[-123 81 24 0 -7 -16 -9 -21 -3 -21 -10 -20 -8 -19 -3 -25 -3 -21 -9 -16 -4 -14 -7 -11 0 -8 -6 -4 -2 -3 -2 0 -1 2 0 6 2 7 0 12 3 12 0 14 -2 15 -3 13 -2 11 -7 8 -6 8 0 0 0 0 0 0 0 0 0 0 0 0 0 0 0 0 0 0 0 0 0 0 -10 -8 -4 -7 -6 -9 -5 -7 -3 -9 -6 -2 -1 -3 -4 -1 3 -4 -3 4 0 5 -1 8 -3 10 -2 9 0 14 6 15 0 14 5 18 3 14 3 21 6 17 4 12 2 8 5 4 -1 4 0 -1 ]
CSI_DATA,STA,E4:D1:24:F2:5E:80,-88,10,0,0,0,0,0,0,0,0,0,-97,0,9,0,93837536,0,145,0,0,94.2466,128,[-111 16 9 0 -6 -19 -7 -21 -6 -19 -10 -22 -7 -20 -12 -25 -12 -21 -12 -16 -8 -19 -4 -17 -2 -8 -5 -3 -1 -3 -2 5 1 1 -2 6 -2 12 5 10 3 12 4 16 4 12 -1 15 0 10 -2 9 -3 10 0 0 0 0 0 0 0 0 0 0 0 0 0 0 0 0 0 0 0 0 0 0 -10 -9 -7 -9 -5 -8 -5 -8 -7 -9 -3 -7 -2 -3 1 -6 -3 1 1 3 -1 6 -2 6 -2 8 -1 16 3 14 5 19 1 12 7 18 3 12 5 16 3 12 6 14 5 6 1 4 -6 0 1 -7 ]
CSI_DATA,STA,E4:D1:24:F2:5E:80,-87,10,0,0,0,0,0,0,0,0,0,-97,0,9,0,93936613,0,389,0,0,94.3192,128,[-123 81 24 0 -13 17 -10 15 -12 19 -15 24 -13 22 -15 18 -5 14 -11 14 -10 13 -8 17 -6 6 -2 0 1 1 -1 2 2 -5 2 -3 6 -3 10 -11 8 -8 14 -4 15 -2 12 -3 13 1 10 5 11 1 0 0 0 0 0 0 0 0 0 0 0 0 0 0 0 0 0 0 0 0 0 0 5 10 5 9 2 7 2 9 6 9 3 3 4 1 0 0 3 3 -3 -7 -2 -4 1 -5 3 -10 4 -10 1 -10 2 -19 -2 -16 4 -16 6 -14 2 -15 4 -14 1 -9 6 -10 -4 -9 -8 -8 -8 5 ]
CSI_DATA,STA,E4:D1:24:F2:5E:80,-87,10,0,0,0,0,0,0,0,0,0,-97,0,9,0,94039015,0,389,0,0,94.4218,128,[-123 81 24 0 -18 10 -18 15 -20 16 -20 14 -17 14 -21 15 -12 9 -14 12 -14 10 -8 5 -6 8 -1 0 2 3 1 -3 6 -9 6 -5 11 -5 8 -9 11 -6 12 -5 14 -5 14 -1 14 -5 7 -1 8 2 0 0 0 0 0 0 0 0 0 0 0 0 0 0 0 0 0 0 0 0 0 0 -5 8 -6 10 -10 4 -7 7 -7 3 -4 2 0 -2 -1 3 5 -3 -2 2 3 -4 7 -4 7 -5 12 -4 12 -5 12 -4 17 -9 11 -9 10 -10 13 -5 9 -11 7 -8 4 -9 3 -12 -1 -1 -4 -2 ]
CSI_DATA,STA,E4:D1:24:F2:5E:80,-89,10,0,0,0,0,0,0,0,0,0,-97,0,9,0,94141418,0,389,0,0,94.5241,128,[-123 81 24 0 -17 8 -19 11 -17 12 -14 14 -21 15 -15 12 -20 10 -17 7 -13 3 -11 7 -6 7 -4 4 1 -3 5 5 2 -3 10 -4 10 -6 12 -3 14 -5 12 -3 14 -3 13 3 11 1 10 4 7 3 0 0 0 0 0 0 0 0 0 0 0 0 0 0 0 0 0 0 0 0 0 0 -6 11 -1 10 -2 3 -5 7 -10 6 -3 1 -1 3 -4 6 -3 1 3 1 3 0 8 -1 9 -8 9 -7 15 -9 14 -8 18 -12 14 -12 15 -7 8 -9 11 -12 9 -13 2 -11 5 -7 -1 -5 -4 -6 ]
CSI_DATA,STA,E4:D1:24:F2:5E:80,-88,10,0,0,0,0,0,0,0,0,0,-97,0,9,0,94163681,0,64,0,0,94.5541,128,[64 0 4 0 -12 -10 -16 -3 -12 -9 -18 -10 -23 -14 -19 -5 -21 -6 -19 -18 -17 -11 -15 -9 -7 -3 -5 -4 0 -2 1 -2 5 4 2 3 5 12 6 7 2 12 3 12 -2 11 -3 12 -4 14 -6 9 -6 11 0 0 0 0 0 0 0 0 0 0 0 0 0 0 0 0 0 0 0 0 0 0 -5 6 -5 8 -6 7 -8 6 -6 6 -7 5 -8 1 3 6 -2 0 4 3 8 6 7 -3 7 -5 12 2 11 -2 14 1 18 -2 15 -1 15 3 17 1 11 -4 14 0 6 -7 8 -4 2 -5 -3 -2 ]
CSI_DATA,STA,E4:D1:24:F2:5E:80,-85,10,0,0,0,0,0,0,0,0,0,-97,0,9,0,96906282,0,389,0,0,97.2891,128,[-123 81 24 0 23 -23 20 -27 28 -26 28 -26 25 -25 27 -27 18 -26 11 -21 10 -12 13 -10 5 -3 6 -2 3 8 2 8 3 12 2 11 -3 16 -2 18 -3 18 -6 16 -4 17 -4 12 -4 11 -4 9 -3 5 0 0 0 0 0 0 0 0 0 0 0 0 0 0 0 0 0 0 0 0 0 0 14 5 8 5 12 8 8 4 3 8 3 3 3 4 1 -1 -7 1 -5 0 -9 -4 -18 -5 -19 -7 -21 -1 -17 -6 -30 -3 -29 -4 -26 -2 -27 -6 -18 1 -18 5 -14 -2 -7 3 -4 -6 2 -4 15 -11 ]
CSI_DATA,STA,E4:D1:24:F2:5E:80,-85,10,0,0,0,0,0,0,0,0,0,-97,0,9,0,97008685,0,389,0,0,97.3914,128,[-123 81 24 0 15 -24 12 -31 15 -26 15 -28 11 -26 7 -28 1 -26 4 -21 6 -12 8 -13 3 -9 3 -5 10 1 5 -2 11 4 13 -1 14 3 17 6 15 6 14 4 13 4 11 5 15 -2 10 3 7 8 0 0 0 0 0 0 0 0 0 0 0 0 0 0 0 0 0 0 0 0 0 0 -6 8 -9 4 -7 7 -8 9 -8 4 -4 5 0 5 -6 1 -2 1 -6 -5 -6 -11 -8 -11 -11 -16 -12 -18 -8 -17 -12 -17 -14 -15 -22 -15 -19 -16 -20 -12 -19 -12 -12 -7 -13 -7 -3 -4 0 -12 9 -9 ]
CSI_DATA,STA,E4:D1:24:F2:5E:80,-87,10,0,0,0,0,0,0,0,0,0,-97,0,9,0,97111087,0,389,0,0,97.4938,128,[-123 81 24 0 19 4 26 -4 24 2 29 -9 23 -10 19 -8 20 -11 16 -12 11 -8 7 -4 3 -1 6 -2 8 2 0 5 3 5 2 12 3 8 3 16 4 10 5 11 2 9 8 8 4 7 3 8 2 6 0 0 0 0 0 0 0 0 0 0 0 0 0 0 0 0 0 0 0 0 0 0 -7 -3 -10 -4 -10 0 -10 -3 -6 -5 -7 -5 -4 -5 -6 -5 -2 -5 -2 -7 2 -9 6 -6 5 -12 7 -16 7 -15 6 -18 4 -20 3 -23 7 -21 -1 -18 -1 -12 0 -17 3 -11 6 -7 9 -10 10 -2 ]
CSI_DATA,STA,E4:D1:24:F2:5E:80,-87,10,0,0,0,0,0,0,0,0,0,-97,0,9,0,97213490,0,389,0,0,97.5962,128,[-123 81 24 0 -21 -9 -19 -6 -20 -12 -24 -11 -27 -7 -24 -9 -17 -7 -15 -5 -13 -9 -11 -4 -6 1 -7 -4 -2 -4 5 -6 6 -6 5 -5 7 -4 11 -4 9 -3 17 -3 10 -5 12 -3 12 -2 14 -1 9 1 0 0 0 0 0 0 0 0 0 0 0 0 0 0 0 0 0 0 0 0 0 0 0 -11 2 -9 6 -7 2 -10 0 -7 1 -1 2 -3 -2 -1 3 0 3 7 -1 5 7 6 5 8 1 16 2 15 0 14 0 15 7 19 7 13 4 17 5 13 2 10 1 6 3 2 -4 -1 -8 -3 ]
CSI_DATA,STA,E4:D1:24:F2:5E:80,-87,10,0,0,0,0,0,0,0,0,0,-97,0,9,0,97315892,0,389,0,0,97.6986,128,[-123 81 24 0 -15 -11 -14 -12 -16 -12 -21 -13 -21 -20 -14 -13 -16 -9 -13 -15 -13 -15 -9 -7 -3 -5 0 -5 -1 -3 -2 3 7 2 7 0 7 3 11 4 11 3 14 2 11 2 13 6 10 3 11 7 5 5 0 0 0 0 0 0 0 0 0 0 0 0 0 0 0 0 0 0 0 0 0 0 2 -7 0 -10 -1 -9 4 -6 4 -4 3 -3 1 -8 -1 -2 1 5 4 5 -3 1 -2 3 -3 9 -6 12 -7 13 0 11 -6 14 -1 15 3 17 -7 17 3 16 3 7 0 10 0 7 -4 0 -2 -2 ]
CSI_DATA,STA,E4:D1:24:F2:5E:80,-87,10,0,0,0,0,0,0,0,0,0,-97,0,9,0,97418295,0,389,0,0,97.801,128,[-123 81 24 0 -12 11 -16 12 -13 15 -15 17 -17 19 -19 15 -16 10 -16 9 -16 13 -8 13 -8 7 -6 3 -4 0 -4 -2 2 -6 -1 -5 3 -12 3 -7 8 -11 9 -13 8 -12 9 -10 8 -8 11 -5 6 -1 0 0 0 0 0 0 0 0 0 0 0 0 0 0 0 0 0 0 0 0 0 0 -11 1 -8 5 -12 0 -10 0 -10 1 -4 0 -1 4 -4 1 -3 -3 3 2 3 0 6 1 11 -1 14 -2 19 -1 20 -6 16 -5 21 -1 17 -9 17 -8 18 -9 12 -11 9 -7 11 -6 3 -1 4 4 ]
CSI_DATA,STA,E4:D1:24:F2:5E:80,-84,10,0,0,0,0,0,0,0,0,0,-97,0,9,0,97520698,0,389,0,0,97.9034,128,[-123 81 24 0 9 23 7 30 15 29 12 31 9 29 14 26 12 24 11 20 12 17 9 11 0 7 6 6 -5 2 -9 4 -12 2 -11 -2 -17 3 -19 0 -15 -3 -16 -1 -18 -1 -19 3 -14 -5 -16 -3 -7 -1 0 0 0 0 0 0 0 0 0 0 0 0 0 0 0 0 0 0 0 0 0 0 -12 -5 -10 -3 -10 -3 -10 -3 -12 -3 -8 0 -4 -2 -1 -7 -3 -8 3 -5 9 0 8 -6 11 -10 14 -8 20 -7 16 -12 15 -12 18 -18 21 -13 14 -15 17 -14 17 -13 8 -13 14 -9 5 -2 10 2 ]
CSI_DATA,STA,E4:D1:24:F2:5E:80,-82,10,0,0,0,0,0,0,0,0,0,-97,0,9,0,97623100,0,389,0,0,98.0057,128,[-123 81 24 0 36 2 40 5 38 4 41 -1 35 -4 35 -1 27 -2 23 -5 21 -4 12 -1 10 1 4 4 -3 7 -7 4 -10 3 -13 5 -20 6 -22 8 -17 9 -17 11 -18 3 -21 7 -20 4 -17 2 -12 1 0 0 0 0 0 0 0 0 0 0 0 0 0 0 0 0 0 0 0 0 0 0 10 15 9 14 6 13 5 11 2 9 3 8 1 5 -3 -2 -3 -2 -10 -7 -6 -9 -14 -11 -16 -19 -16 -20 -16 -20 -20 -25 -23 -23 -22 -17 -24 -19 -21 -19 -18 -19 -16 -10 -6 -6 -4 1 1 -4 13 2 ]
CSI_DATA,STA,E4:D1:24:F2:5E:80,-83,10,0,0,0,0,0,0,0,0,0,-97,0,9,0,97725502,0,389,0,0,98.1081,128,[-123 81 24 0 24 25 24 28 28 27 27 25 32 27 27 20 22 20 18 14 17 13 9 8 9 6 -1 10 -1 5 -5 9 -10 6 -10 7 -12 9 -19 8 -18 7 -22 14 -19 6 -15 8 -15 8 -13 7 -8 -3 0 0 0 0 0 0 0 0 0 0 0 0 0 0 0 0 0 0 0 0 0 0 -15 -2 -19 -4 -16 -1 -17 -1 -14 1 -11 -4 -9 -4 -3 -6 -2 -4 -2 -5 5 -7 7 -11 15 -12 18 -16 21 -19 19 -19 16 -22 19 -25 19 -25 15 -21 13 -20 8 -22 6 -17 13 -8 9 -3 13 12 ]
CSI_DATA,STA,E4:D1:24:F2:5E:80,-81,10,0,0,0,0,0,0,0,0,0,-97,0,9,0,97827905,0,389,0,0,98.2107,128,[-123 81 24 0 20 -25 24 -26 25 -32 24 -31 20 -31 16 -32 17 -31 8 -23 11 -24 11 -17 5 -11 7 -6 4 -3 7 4 6 5 8 6 14 8 14 11 17 14 14 15 11 11 12 11 10 13 8 10 8 10 0 0 0 0 0 0 0 0 0 0 0 0 0 0 0 0 0 0 0 0 0 0 -6 17 -7 15 -8 15 -6 13 -6 11 -7 9 -4 8 -4 5 -5 -3 -5 -8 -6 -9 -9 -14 -15 -15 -13 -21 -15 -23 -17 -20 -20 -23 -22 -26 -22 -20 -26 -16 -21 -16 -17 -16 -15 -15 -6 -15 6 -15 11 -12 ]
CSI_DATA,STA,E4:D1:24:F2:5E:80,-82,10,0,0,0,0,0,0,0,0,0,-97,0,9,0,97930307,0,389,0,0,98.313,128,[-123 81 24 0 -31 9 -40 11 -39 12 -38 13 -35 18 -34 17 -33 17 -24 15 -22 14 -15 13 -17 7 -12 -2 -9 -1 -6 -7 -8 -12 -4 -16 -2 -18 -4 -16 -4 -22 2 -20 -2 -18 -3 -20 1 -15 4 -17 0 -9 0 0 0 0 0 0 0 0 0 0 0 0 0 0 0 0 0 0 0 0 0 0 8 -14 11 -11 9 -14 10 -14 10 -12 7 -8 7 -12 4 -6 2 1 3 2 3 13 2 15 5 15 6 19 8 27 7 25 8 27 13 27 19 30 14 24 15 24 14 19 8 14 3 10 -2 7 -12 8 ]
CSI_DATA,STA,E4:D1:24:F2:5E:80,-82,10,0,0,0,0,0,0,0,0,0,-97,0,9,0,98032709,0,389,0,0,98.4154,128,[-123 81 24 0 -33 -5 -36 -12 -38 -9 -38 -10 -40 -8 -35 -5 -27 -1 -34 -3 -23 -1 -20 -7 -14 -3 -11 -7 -4 -4 2 -5 4 -10 8 -11 11 -11 5 -18 13 -14 13 -13 9 -17 11 -11 12 -12 12 -7 10 -5 0 0 0 0 0 0 0 0 0 0 0 0 0 0 0 0 0 0 0 0 0 0 9 -13 8 -15 10 -14 7 -13 9 -11 5 -12 9 -7 4 -6 3 0 3 5 -3 11 2 14 -1 19 -1 24 2 25 4 32 3 31 8 31 5 34 8 34 8 25 4 19 7 19 3 10 -9 8 -10 2 ]
CSI_DATA,STA,E4:D1:24:F2:5E:80,-82,10,0,0,0,0,0,0,0,0,0,-97,0,9,0,98135112,0,389,0,0,98.5178,128,[-123 81 24 0 -24 15 -25 20 -30 22 -26 25 -27 25 -21 25 -17 19 -17 19 -12 17 -14 12 -4 7 -7 2 -7 -2 -10 -5 -12 -10 -13 -8 -14 -11 -10 -13 -19 -13 -15 -11 -14 -16 -14 -12 -10 -13 -10 -10 -3 -9 0 0 0 0 0 0 0 0 0 0 0 0 0 0 0 0 0 0 0 0 0 0 11 -8 12 -6 12 -7 4 -8 10 -5 5 -6 9 -3 7 2 8 4 4 8 1 9 3 12 2 15 2 18 8 23 6 19 11 20 9 24 16 23 17 19 14 19 12 13 6 12 1 11 -3 9 -16 14 ]
CSI_DATA,STA,E4:D1:24:F2:5E:80,-82,10,0,0,0,0,0,0,0,0,0,-97,0,9,0,98259925,0,64,0,0,98.6424,128,[64 0 4 0 15 -30 16 -25 21 -32 20 -37 18 -31 12 -27 8 -31 10 -23 8 -21 5 -19 4 -12 9 -7 10 -4 5 -8 9 1 12 2 19 5 17 7 16 5 19 3 21 6 15 7 10 6 11 6 11 7 0 0 0 0 0 0 0 0 0 0 0 0 0 0 0 0 0 0 0 0 0 0 -14 9 -12 12 -12 9 -14 7 -11 8 -13 8 -8 2 -7 3 -8 0 -5 -5 -4 -9 -3 -18 -6 -17 -10 -25 -12 -22 -15 -25 -12 -25 -13 -24 -21 -20 -18 -24 -18 -17 -14 -20 -13 -16 -8 -15 -1 -14 3 -12 ]
CSI_DATA,STA,E4:D1:24:F2:5E:80,-83,10,0,0,0,0,0,0,0,0,0,-97,0,9,0,98339916,0,389,0,0,98.7224,128,[-123 81 24 0 -26 -22 -26 -29 -25 -26 -35 -19 -33 -20 -30 -20 -30 -14 -28 -15 -17 -11 -17 -9 -14 -9 -8 -14 -3 -9 4 -15 3 -11 7 -18 14 -21 5 -16 11 -14 12 -17 14 -13 12 -13 10 -13 9 -6 8 -8 0 0 0 0 0 0 0 0 0 0 0 0 0 0 0 0 0 0 0 0 0 0 15 7 12 6 15 7 9 9 10 8 9 3 5 5 4 7 -4 7 -5 -1 -4 7 -15 2 -13 8 -22 15 -22 11 -19 16 -23 16 -22 22 -21 27 -21 26 -20 23 -20 22 -11 17 -10 8 -11 3 -16 -6 ]
CSI_DATA,STA,E4:D1:24:F2:5E:80,-83,10,0,0,0,0,0,0,0,0,0,-97,0,9,0,98442319,0,389,0,0,98.8249,128,[-123 81 24 0 -32 8 -33 10 -40 8 -39 11 -35 14 -31 13 -33 14 -25 14 -19 13 -18 9 -14 0 -14 -3 -14 0 -10 -3 -12 -12 -10 -12 -10 -16 -12 -15 -5 -19 -8 -18 -6 -17 -9 -15 -5 -14 -5 -11 1 -11 0 0 0 0 0 0 0 0 0 0 0 0 0 0 0 0 0 0 0 0 0 0 14 1 13 1 13 -3 15 -1 16 0 16 -3 8 1 9 -1 3 2 -2 4 -3 8 -6 11 -4 12 -6 23 -5 28 -7 26 -8 27 -4 29 -3 29 0 32 8 29 3 27 5 19 -4 18 -7 13 -17 5 ]
CSI_DATA,STA,E4:D1:24:F2:5E:80,-83,10,0,0,0,0,0,0,0,0,0,-97,0,9,0,98544721,0,389,0,0,98.9274,128,[-123 81 24 0 -37 0 -32 -3 -36 -1 -39 7 -35 8 -33 7 -29 8 -28 7 -22 6 -19 0 -13 5 -12 -4 -6 -9 -6 -11 -5 -13 -7 -16 -6 -23 -7 -19 -6 -16 -7 -17 -8 -17 -6 -19 -5 -16 -5 -14 1 -11 0 0 0 0 0 0 0 0 0 0 0 0 0 0 0 0 0 0 0 0 0 0 16 6 16 5 17 7 16 3 13 1 11 9 7 3 5 1 5 1 -1 3 -4 7 -10 7 -10 11 -9 14 -11 18 -13 22 -13 25 -10 30 -8 24 -5 32 -8 25 -5 23 -7 18 -4 14 -13 8 -18 3 ]
CSI_DATA,STA,E4:D1:24:F2:5E:80,-82,10,0,0,0,0,0,0,0,0,0,-97,0,9,0,98647124,0,389,0,0,99.0298,128,[-123 81 24 0 -29 -12 -32 -13 -40 -12 -34 -12 -37 -10 -32 -7 -30 -8 -29 -1 -26 0 -17 -5 -13 -6 -4 -4 -5 -10 2 -9 1 -9 4 -18 7 -15 6 -16 7 -16 5 -18 8 -16 10 -17 7 -14 10 -7 11 -7 0 0 0 0 0 0 0 0 0 0 0 0 0 0 0 0 0 0 0 0 0 0 13 -5 15 0 13 0 14 -3 11 -2 10 -3 7 -1 4 2 4 0 2 7 -7 7 -8 9 -7 14 -8 18 -7 21 -12 22 -8 22 -10 27 2 28 -3 26 -3 28 -1 21 -2 20 -6 14 -10 4 -14 7 ]
CSI_DATA,STA,E4:D1:24:F2:5E:80,-83,10,0,0,0,0,0,0,0,0,0,-97,0,9,0,98749526,0,389,0,0,99.1322,128,[-123 81 24 0 -27 -6 -33 -4 -37 -5 -37 -4 -30 -5 -36 -1 -26 4 -26 -5 -25 -2 -15 -6 -11 -4 -9 -3 -4 -9 -3 -8 0 -13 7 -12 7 -17 5 -15 12 -14 8 -17 8 -19 9 -15 6 -12 9 -9 8 -9 0 0 0 0 0 0 0 0 0 0 0 0 0 0 0 0 0 0 0 0 0 0 7 -11 10 -9 10 -7 12 -10 12 -8 7 -5 5 -5 2 -2 0 -6 0 9 3 8 -3 11 -8 15 -2 17 -3 23 -3 23 -1 26 0 30 4 22 4 26 5 21 4 21 1 13 -2 10 -6 7 -15 3 ]
CSI_DATA,STA,E4:D1:24:F2:5E:80,-82,10,0,0,0,0,0,0,0,0,0,-97,0,9,0,98954331,0,389,0,0,99.3371,128,[-123 81 24 0 33 0 33 2 36 -1 37 0 33 -8 28 -7 27 -1 23 -6 17 -2 13 1 5 2 6 8 0 8 -2 10 -5 14 -5 12 -8 17 -7 17 -10 14 -9 19 -5 16 -6 12 -9 14 -6 10 -8 7 0 0 0 0 0 0 0 0 0 0 0 0 0 0 0 0 0 0 0 0 0 0 -10 7 -8 8 -14 8 -10 12 -10 5 -6 7 -6 5 -7 0 -5 -2 -2 -6 0 -8 0 -14 -1 -17 0 -21 -2 -25 -2 -25 -3 -27 -4 -26 -6 -24 -7 -23 -6 -21 -1 -18 0 -13 3 -10 5 -8 17 -7 ]
CSI_DATA,STA,E4:D1:24:F2:5E:80,-82,10,0,0,0,0,0,0,0,0,0,-97,0,9,0,99056733,0,389,0,0,99.4393,128,[-123 81 24 0 -35 -10 -40 -17 -43 -10 -46 -4 -40 -4 -38 -1 -33 -1 -30 2 -23 1 -18 -3 -11 -1 -7 -6 -3 -10 -2 -7 0 -13 4 -15 5 -18 8 -20 3 -23 5 -21 8 -22 7 -20 6 -16 5 -13 8 -10 0 0 0 0 0 0 0 0 0 0 0 0 0 0 0 0 0 0 0 0 0 0 15 -5 15 -7 18 -4 16 -4 14 -2 14 -3 12 -2 4 0 0 1 1 3 -3 12 -4 15 -6 16 -5 20 -6 20 -10 29 -4 27 -2 33 1 30 3 27 2 26 -2 23 3 20 -9 11 -9 8 -23 3 ]
CSI_DATA,STA,E4:D1:24:F2:5E:80,-82,10,0,0,0,0,0,0,0,0,0,-97,0,9,0,99159135,0,389,0,0,99.5417,128,[-123 81 24 0 -26 -19 -32 -18 -36 -16 -37 -16 -30 -16 -28 -9 -27 -10 -23 -5 -19 -7 -18 -9 -13 -5 -9 -10 1 -10 6 -6 4 -10 5 -16 12 -10 10 -13 12 -15 9 -18 11 -13 14 -11 11 -13 9 -9 8 -7 0 0 0 0 0 0 0 0 0 0 0 0 0 0 0 0 0 0 0 0 0 0 14 -1 11 -1 14 0 14 0 15 2 9 -1 9 3 7 1 1 -1 -2 3 -2 5 -7 11 -8 13 -12 15 -12 20 -14 25 -10 22 -13 21 -11 27 -10 23 -5 25 -11 19 -8 12 -8 12 -7 4 -11 -1 ]
CSI_DATA,STA,E4:D1:24:F2:5E:80,-82,10,0,0,0,0,0,0,0,0,0,-97,0,9,0,99261538,0,389,0,0,99.6443,128,[-123 81 24 0 -10 29 -12 29 -10 38 -6 35 -5 40 0 36 0 31 -2 29 -7 19 0 13 -4 10 -3 6 -5 3 -7 -5 -16 -10 -13 -4 -18 -10 -19 -8 -18 -12 -17 -13 -15 -10 -13 -11 -10 -10 -12 -10 -7 -10 0 0 0 0 0 0 0 0 0 0 0 0 0 0 0 0 0 0 0 0 0 0 -10 -14 -10 -13 -9 -15 -13 -11 -9 -12 -6 -9 -2 -6 -2 -3 2 -7 5 -4 5 -1 13 1 18 3 23 6 23 6 24 2 26 1 31 3 31 0 30 -3 21 -5 27 -1 12 -2 9 5 2 9 -5 16 ]
CSI_DATA,STA,E4:D1:24:F2:5E:80,-83,10,0,0,0,0,0,0,0,0,0,-97,0,9,0,99322443,0,64,0,0,99.7045,128,[64 0 4 0 -16 -29 -18 -30 -17 -38 -17 -32 -19 -30 -22 -25 -19 -23 -21 -20 -14 -14 -13 -10 -10 -18 0 -10 1 -4 9 -3 9 -9 13 -6 16 -5 20 -3 19 -2 18 -2 18 -1 20 -4 15 2 11 -2 11 3 0 0 0 0 0 0 0 0 0 0 0 0 0 0 0 0 0 0 0 0 0 0 15 4 13 2 12 3 17 2 13 1 11 0 7 1 6 0 -1 3 -7 3 -8 7 -12 7 -16 9 -15 8 -16 13 -24 13 -25 20 -24 19 -22 21 -18 22 -17 22 -15 16 -10 8 -7 6 -12 -7 -8 -13 ]
CSI_DATA,STA,E4:D1:24:F2:5E:80,-83,10,0,0,0,0,0,0,0,0,0,-97,0,9,0,99363940,0,389,0,0,99.7465,128,[-123 81 24 0 -33 -15 -27 -5 -36 -6 -36 -3 -34 -3 -39 0 -28 0 -26 2 -23 -1 -13 -1 -16 1 -9 -2 -4 -9 0 -8 1 -10 2 -11 9 -12 10 -21 11 -16 6 -16 8 -21 6 -12 9 -11 8 -9 5 -6 0 0 0 0 0 0 0 0 0 0 0 0 0 0 0 0 0 0 0 0 0 0 10 -12 11 -6 9 -12 11 -11 9 -11 9 -6 6 -7 7 -4 4 -3 0 2 1 4 -2 11 -3 12 -1 22 -4 18 -3 28 3 23 4 29 5 31 3 26 11 22 7 21 2 15 0 13 -10 7 -11 0 ]
CSI_DATA,STA,E4:D1:24:F2:5E:80,-82,10,0,0,0,0,0,0,0,0,0,-97,0,9,0,99466340,0,389,0,0,99.849,128,[-123 81 24 0 26 21 26 32 32 29 27 27 28 27 30 25 23 21 25 18 20 14 17 14 12 8 6 7 -1 6 -9 6 -13 2 -12 8 -17 6 -17 6 -17 9 -19 5 -23 6 -16 3 -21 2 -15 -1 -11 -1 0 0 0 0 0 0 0 0 0 0 0 0 0 0 0 0 0 0 0 0 0 0 -20 7 -12 7 -18 9 -17 8 -18 5 -12 1 -10 2 -5 2 -6 -2 -2 -6 6 -5 8 -13 15 -17 15 -15 14 -23 16 -26 9 -27 14 -32 11 -31 9 -35 9 -32 3 -24 8 -16 11 -13 7 -3 18 4 ]
CSI_DATA,STA,E4:D1:24:F2:5E:80,-83,10,0,0,0,0,0,0,0,0,0,-97,0,9,0,99568743,0,389,0,0,99.9514,128,[-123 81 24 0 -29 -23 -26 -24 -33 -27 -29 -20 -29 -21 -27 -23 -24 -17 -24 -13 -21 -9 -17 -17 -7 -5 -5 -6 -1 -6 4 -8 8 -8 12 -8 18 -4 19 -12 18 -9 16 -8 13 -5 16 -8 17 -5 13 -5 12 -3 0 0 0 0 0 0 0 0 0 0 0 0 0 0 0 0 0 0 0 0 0 0 12 -4 14 -5 12 -8 16 -8 13 -1 11 -1 7 -2 5 -5 3 6 -2 5 -5 4 -8 8 -10 13 -15 16 -11 23 -15 25 -13 25 -10 26 -10 25 -15 33 -10 22 -5 25 -7 12 -4 9 -10 2 -16 -7 ]
CSI_DATA,STA,E4:D1:24:F2:5E:80,-83,10,0,0,0,0,0,0,0,0,0,-97,0,9,0,99645081,0,64,0,0,100.028,128,[64 0 4 0 -10 34 -6 33 -15 31 -10 35 -5 33 -7 33 -3 26 -1 26 -3 22 -3 15 -7 10 -4 2 -7 0 -13 1 -15 -7 -12 -9 -12 -10 -15 -4 -14 -12 -18 -10 -12 -12 -15 -11 -15 -10 -12 -10 -10 -6 0 0 0 0 0 0 0 0 0 0 0 0 0 0 0 0 0 0 0 0 0 0 -8 -13 -7 -14 -10 -13 -3 -18 -10 -13 -4 -8 -4 -3 -2 -8 3 -4 4 -1 6 0 8 4 14 4 17 4 24 7 26 5 32 2 27 2 29 3 27 -1 25 -4 25 -4 19 0 9 6 6 11 -3 16 ]
CSI_DATA,STA,E4:D1:24:F2:5E:80,-82,10,0,0,0,0,0,0,0,0,0,-97,0,9,0,99671145,0,389,0,0,100.059,128,[-123 81 24 0 -26 5 -34 9 -35 11 -36 11 -34 13 -29 12 -27 12 -23 13 -24 9 -18 8 -13 1 -9 3 -7 -8 -4 -6 -2 -11 -4 -15 -5 -18 -5 -21 0 -19 0 -15 -4 -16 -2 -17 -1 -14 3 -13 1 -10 0 0 0 0 0 0 0 0 0 0 0 0 0 0 0 0 0 0 0 0 0 0 11 -13 9 -10 11 -14 9 -12 8 -12 3 -10 8 -3 4 0 6 2 0 4 0 7 4 14 0 15 5 16 2 19 5 28 8 21 11 24 12 27 13 25 11 21 14 19 3 15 5 10 -11 10 -12 6 ]
CSI_DATA,STA,E4:D1:24:F2:5E:80,-82,10,0,0,0,0,0,0,0,0,0,-97,0,9,0,99978352,0,389,0,0,100.361,128,[-123 81 24 0 22 32 24 29 25 36 32 29 27 30 23 25 22 27 17 17 17 13 15 13 -1 13 1 10 -5 10 -7 10 -17 8 -15 4 -19 9 -20 4 -22 9 -20 3 -22 8 -22 7 -15 4 -18 -1 -14 5 0 0 0 0 0 0 0 0 0 0 0 0 0 0 0 0 0 0 0 0 0 0 -15 -6 -18 -3 -21 -4 -17 -3 -15 -6 -14 -4 -12 -2 -11 -5 7 -4 2 -6 3 -8 14 -8 15 -12 17 -15 15 -16 23 -20 19 -30 15 -28 20 -25 24 -24 19 -22 12 -16 8 -15 12 -4 10 3 18 8 ]
CSI_DATA,STA,E4:D1:24:F2:5E:80,-82,10,0,0,0,0,0,0,0,0,0,-97,0,9,0,100080754,0,389,0,0,100.463,128,[-123 81 24 0 21 -27 26 -29 30 -30 26 -36 28 -36 20 -26 20 -24 18 -24 11 -25 9 -16 3 -8 7 0 7 7 6 10 14 14 9 19 12 14 10 16 12 19 13 22 12 18 11 14 12 17 4 10 5 14 0 0 0 0 0 0 0 0 0 0 0 0 0 0 0 0 0 0 0 0 0 0 3 14 -2 15 -4 19 1 16 -5 17 1 11 -1 9 -5 5 -6 -1 -3 -2 -4 -4 -14 -9 -16 -13 -16 -14 -24 -20 -26 -17 -28 -16 -29 -17 -33 -14 -33 -15 -27 -10 -27 -6 -14 -13 -11 -13 -6 -18 7 -20 ]
CSI_DATA,STA,E4:D1:24:F2:5E:80,-82,10,0,0,0,0,0,0,0,0,0,-97,0,9,0,100183273,0,389,0,0,100.566,128,[-123 81 24 0 -31 11 -35 15 -39 17 -35 21 -36 19 -32 15 -26 18 -22 14 -16 14 -16 10 -9 6 -11 0 -7 -4 -3 -9 -7 -15 -7 -16 -3 -23 -6 -20 -4 -22 -2 -18 -4 -21 -5 -17 1 -19 1 -16 0 -13 0 0 0 0 0 0 0 0 0 0 0 0 0 0 0 0 0 0 0 0 0 0 6 -16 10 -13 8 -12 7 -13 9 -12 6 -7 5 -8 5 -3 4 2 5 2 2 10 3 8 3 15 4 20 5 25 11 23 16 28 17 24 16 30 12 24 12 18 12 14 10 13 6 10 -4 11 -14 7 ]
CSI_DATA,STA,E4:D1:24:F2:5E:80,-82,10,0,0,0,0,0,0,0,0,0,-97,0,9,0,100214703,0,64,0,0,100.598,128,[64 0 4 0 -28 -24 -31 -25 -30 -22 -37 -19 -31 -17 -28 -17 -29 -14 -23 -15 -17 -12 -14 -10 -8 -12 -3 -3 2 -6 5 -9 11 -12 12 -12 11 -7 16 -13 20 -11 16 -10 15 -10 14 -9 12 -9 10 -5 7 -6 0 0 0 0 0 0 0 0 0 0 0 0 0 0 0 0 0 0 0 0 0 0 15 -1 18 -5 17 -1 14 -4 10 3 11 -3 5 -1 8 1 4 5 -6 8 -6 8 -8 10 -8 13 -12 19 -14 26 -13 22 -14 25 -15 29 -13 30 -14 26 -7 25 -6 22 -9 14 -8 6 -12 2 -11 -6 ]
CSI_DATA,STA,E4:D1:24:F2:5E:80,-82,10,0,0,0,0,0,0,0,0,0,-97,0,9,0,100285559,0,389,0,0,100.668,128,[-123 81 24 0 -17 38 -19 36 -9 43 -12 40 -13 41 -9 32 -1 35 -9 26 -7 23 -7 21 -4 10 -6 6 -10 -4 -12 -6 -17 -7 -11 -7 -11 -14 -17 -12 -21 -13 -15 -21 -16 -14 -16 -18 -12 -13 -9 -10 -6 -10 0 0 0 0 0 0 0 0 0 0 0 0 0 0 0 0 0 0 0 0 0 0 -9 -14 -13 -16 -10 -17 -11 -14 -7 -17 -5 -13 -6 -9 5 -5 -1 -2 6 -4 10 5 15 7 20 7 28 1 27 10 30 7 32 3 34 6 34 0 35 -2 25 0 27 2 14 0 7 7 11 14 -2 11 ]
CSI_DATA,STA,E4:D1:24:F2:5E:80,-83,10,0,0,0,0,0,0,0,0,0,-97,0,9,0,100362211,0,64,0,0,100.745,128,[64 0 4 0 30 -14 34 -20 37 -16 34 -24 31 -23 22 -20 26 -22 18 -21 23 -11 16 -13 9 -9 13 4 5 3 4 5 6 14 6 12 7 15 8 17 8 18 7 12 6 18 4 14 2 14 4 9 3 9 0 0 0 0 0 0 0 0 0 0 0 0 0 0 0 0 0 0 0 0 0 0 -9 12 -10 13 -12 12 -10 10 -10 11 -10 8 -4 6 -5 2 -6 1 -5 -4 -5 -13 -2 -16 -9 -23 -5 -16 -6 -24 -11 -24 -13 -30 -17 -29 -22 -30 -15 -24 -14 -24 -11 -20 -9 -13 -1 -9 7 -12 14 -9 ]
CSI_DATA,STA,E4:D1:24:F2:5E:80,-83,10,0,0,0,0,0,0,0,0,0,-97,0,9,0,100388028,0,389,0,0,100.777,128,[-123 81 24 0 -18 -33 -17 -35 -18 -33 -23 -31 -26 -33 -20 -29 -21 -24 -15 -20 -13 -19 -6 -15 -2 -10 1 -8 7 -5 12 -8 6 -9 18 -4 19 -4 18 -10 18 -10 19 -4 18 -6 15 -6 12 -5 12 -2 6 -1 0 0 0 0 0 0 0 0 0 0 0 0 0 0 0 0 0 0 0 0 0 0 16 9 14 8 13 9 14 6 10 8 9 4 6 3 0 5 -4 3 -7 5 -14 3 -16 3 -20 7 -21 9 -24 8 -28 11 -23 14 -27 15 -25 22 -20 18 -18 12 -11 9 -10 6 -16 0 -14 -5 -15 -13 ]
CSI_DATA,STA,E4:D1:24:F2:5E:80,-82,10,0,0,0,0,0,0,0,0,0,-97,0,9,0,100490364,0,389,0,0,100.873,128,[-123 81 24 0 -18 -34 -19 -33 -22 -34 -22 -35 -24 -35 -20 -31 -21 -19 -18 -25 -14 -17 -13 -12 -2 -9 1 -9 4 -7 8 -3 13 -6 15 -5 22 0 18 -3 18 -5 20 -5 19 0 16 -4 18 -2 15 -2 8 4 0 0 0 0 0 0 0 0 0 0 0 0 0 0 0 0 0 0 0 0 0 0 15 -3 17 0 14 3 15 4 14 1 8 1 6 4 2 1 0 0 -4 7 -11 7 -13 9 -20 10 -17 13 -25 15 -26 16 -24 22 -22 18 -22 24 -18 20 -19 20 -13 16 -12 7 -11 3 -11 -4 -13 -13 ]
CSI_DATA,STA,E4:D1:24:F2:5E:80,-83,10,0,0,0,0,0,0,0,0,0,-97,0,9,0,100592766,0,389,0,0,100.975,128,[-123 81 24 0 33 9 34 9 35 3 37 1 36 1 32 0 29 0 21 0 18 -4 14 1 8 1 4 1 2 6 5 7 1 9 -1 11 -2 19 -4 16 -2 18 -1 17 -1 16 -3 16 1 11 -4 13 -3 13 0 0 0 0 0 0 0 0 0 0 0 0 0 0 0 0 0 0 0 0 0 0 -16 0 -15 -1 -14 -3 -12 0 -12 -2 -12 -2 -9 -1 -5 -2 0 -1 1 -4 1 -7 8 -9 7 -19 11 -20 11 -24 14 -22 9 -28 5 -28 7 -30 6 -29 1 -21 1 -22 5 -16 9 -10 12 -6 12 1 ]
CSI_DATA,STA,E4:D1:24:F2:5E:80,-82,10,0,0,0,0,0,0,0,0,0,-97,0,9,0,100695169,0,389,0,0,101.078,128,[-123 81 24 0 -2 -34 -1 -38 -6 -35 -3 -37 -6 -34 -8 -33 -11 -28 -12 -25 -7 -19 -4 -13 -2 -11 3 -9 7 -4 10 -2 14 -1 9 -2 15 -5 18 -1 20 -1 21 1 16 -2 14 -2 12 0 10 3 10 1 0 0 0 0 0 0 0 0 0 0 0 0 0 0 0 0 0 0 0 0 0 0 7 12 7 13 8 14 7 14 5 9 1 11 1 6 3 5 -6 1 -5 0 -12 -2 -14 -2 -18 -4 -22 -2 -25 -2 -27 -4 -27 5 -29 3 -28 6 -27 1 -22 4 -19 0 -12 -3 -14 0 -9 -4 -3 -16 ]
CSI_DATA,STA,E4:D1:24:F2:5E:80,-82,10,0,0,0,0,0,0,0,0,0,-97,0,9,0,100797571,0,389,0,0,101.18,128,[-123 81 24 0 32 9 35 7 37 7 43 7 38 4 37 0 32 -1 29 -3 21 2 15 0 8 3 7 7 2 8 1 13 3 11 -1 10 -1 15 -4 17 -5 19 -3 17 -4 20 -6 18 -10 15 -9 12 -10 7 0 0 0 0 0 0 0 0 0 0 0 0 0 0 0 0 0 0 0 0 0 0 -19 2 -17 2 -16 1 -17 2 -11 0 -11 0 -9 -1 -6 -4 -3 -1 -1 -8 4 -14 8 -11 6 -21 13 -23 7 -23 13 -29 5 -32 6 -31 4 -29 5 -29 2 -31 6 -23 0 -19 6 -15 5 -3 15 -2 ]
CSI_DATA,STA,E4:D1:24:F2:5E:80,-82,10,0,0,0,0,0,0,0,0,0,-97,0,9,0,100899973,0,389,0,0,101.283,128,[-123 81 24 0 -7 -39 -11 -37 -14 -42 -15 -35 -15 -32 -17 -35 -16 -28 -17 -22 -10 -23 -7 -19 -7 -12 3 -12 5 -11 12 -4 13 -7 9 -5 16 -7 17 -3 21 -2 21 -3 18 -5 15 0 16 3 12 0 10 2 0 0 0 0 0 0 0 0 0 0 0 0 0 0 0 0 0 0 0 0 0 0 10 15 8 11 14 9 11 8 5 8 8 9 6 12 5 3 -8 2 -5 2 -13 1 -11 1 -19 -3 -21 0 -28 6 -28 9 -32 7 -33 8 -26 9 -30 13 -25 12 -20 10 -20 10 -13 6 -13 -6 -12 -13 ]
CSI_DATA,STA,E4:D1:24:F2:5E:80,-82,10,0,0,0,0,0,0,0,0,0,-97,0,9,0,101002376,0,389,0,0,101.385,128,[-123 81 24 0 26 -21 29 -19 33 -28 31 -23 25 -26 23 -27 20 -20 15 -22 13 -18 13 -11 6 -8 6 -4 2 2 6 10 5 11 7 17 5 16 11 18 5 18 6 18 6 17 2 17 2 17 1 10 -2 10 0 0 0 0 0 0 0 0 0 0 0 0 0 0 0 0 0 0 0 0 0 0 0 14 -3 14 -7 14 -2 14 -5 14 -4 12 -1 7 -6 2 -5 0 -7 -4 -6 -7 -10 -12 -6 -17 -15 -18 -14 -21 -21 -19 -16 -21 -25 -20 -25 -15 -22 -16 -20 -14 -17 -19 -14 -10 -6 -11 -2 -11 10 -14 ]
CSI_DATA,STA,E4:D1:24:F2:5E:80,-83,10,0,0,0,0,0,0,0,0,0,-97,0,9,0,101104778,0,389,0,0,101.487,128,[-123 81 24 0 -30 1 -33 -3 -36 1 -37 0 -34 4 -31 2 -27 0 -22 6 -13 5 -14 1 -14 1 -7 -3 -6 -8 -3 -8 -1 -12 -2 -10 2 -21 0 -17 -1 -22 0 -20 -1 -17 2 -15 1 -12 2 -13 3 -9 0 0 0 0 0 0 0 0 0 0 0 0 0 0 0 0 0 0 0 0 0 0 11 -5 13 -7 12 -3 14 -2 9 -2 10 0 8 -2 5 1 2 3 0 5 -4 6 -1 12 -4 19 -4 21 -8 28 -3 24 0 31 -3 26 0 26 4 24 0 22 2 19 1 15 0 10 -7 4 -14 0 ]
CSI_DATA,STA,E4:D1:24:F2:5E:80,-83,10,0,0,0,0,0,0,0,0,0,-97,0,9,0,101197163,0,64,0,0,101.58,128,[64 0 4 0 -19 -31 -21 -30 -20 -33 -23 -29 -23 -29 -24 -27 -22 -25 -20 -21 -19 -20 -12 -15 -10 -13 -3 -8 2 -5 5 -12 14 -7 13 -6 15 -8 14 -11 15 -11 18 -10 13 -11 13 -6 10 -5 14 -5 8 1 0 0 0 0 0 0 0 0 0 0 0 0 0 0 0 0 0 0 0 0 0 0 14 11 12 8 15 8 11 6 7 8 6 6 9 2 4 1 -2 0 -3 4 -10 8 -16 3 -20 11 -25 7 -23 10 -25 16 -24 12 -29 14 -22 22 -19 21 -19 20 -20 13 -12 10 -12 7 -12 -4 -11 -9 ]
CSI_DATA,STA,E4:D1:24:F2:5E:80,-83,10,0,0,0,0,0,0,0,0,0,-97,0,9,0,101207180,0,389,0,0,101.612,128,[-123 81 24 0 29 -4 42 -7 41 -7 44 -6 38 -14 33 -12 29 -11 27 -12 23 -10 21 -5 8 -3 7 2 -1 9 3 8 2 16 0 17 0 22 0 20 3 22 -3 20 0 19 -2 17 -4 15 -1 10 -2 9 0 0 0 0 0 0 0 0 0 0 0 0 0 0 0 0 0 0 0 0 0 0 -11 8 -14 10 -17 9 -13 10 -13 6 -12 3 -6 4 -5 2 -9 -3 -2 -3 0 -9 -4 -15 -1 -21 -5 -29 -6 -30 0 -30 -4 -37 -3 -33 -5 -36 -11 -30 -11 -25 -10 -21 -3 -14 4 -16 10 -8 16 -7 ]
CSI_DATA,STA,E4:D1:24:F2:5E:80,-83,10,0,0,0,0,0,0,0,0,0,-97,0,9,0,101309583,0,389,0,0,101.692,128,[-123 81 24 0 -19 27 -19 31 -22 35 -22 36 -16 29 -13 34 -11 27 -5 22 -1 18 -5 17 -9 9 -3 6 -9 -1 -8 -6 -13 -4 -13 -7 -19 -6 -21 -9 -20 -9 -15 -6 -16 -7 -14 -9 -12 -5 -10 -7 -10 -9 0 0 0 0 0 0 0 0 0 0 0 0 0 0 0 0 0 0 0 0 0 0 4 -12 7 -15 6 -11 4 -10 5 -10 4 -12 1 -9 1 -10 0 0 4 0 8 7 7 5 10 12 12 18 18 20 16 22 25 17 23 16 23 15 24 15 22 4 19 12 17 9 6 12 3 13 -5 15 ]
CSI_DATA,STA,E4:D1:24:F2:5E:80,-82,10,0,0,0,0,0,0,0,0,0,-97,0,9,0,101411985,0,389,0,0,101.795,128,[-123 81 24 0 27 -18 36 -21 37 -26 29 -28 29 -25 22 -28 24 -23 20 -23 12 -12 13 -11 9 -12 10 -2 13 4 8 9 6 8 10 13 10 16 10 17 8 20 10 21 5 15 12 16 3 17 4 13 -1 9 0 0 0 0 0 0 0 0 0 0 0 0 0 0 0 0 0 0 0 0 0 0 -8 16 -9 18 -7 16 -8 12 -10 12 -4 10 -8 7 -7 5 -3 2 -5 -4 -7 -6 -4 -16 -11 -17 -8 -23 -17 -28 -17 -24 -21 -20 -22 -26 -24 -24 -23 -22 -18 -18 -18 -16 -15 -15 -7 -11 1 -11 9 -14 ]
CSI_DATA,STA,E4:D1:24:F2:5E:80,-83,10,0,0,0,0,0,0,0,0,0,-97,0,9,0,101514388,0,389,0,0,101.897,128,[-123 81 24 0 15 -29 26 -27 28 -32 29 -30 25 -31 21 -30 14 -30 14 -20 13 -17 7 -15 6 -5 8 -6 7 1 11 5 5 8 10 8 9 14 10 18 14 16 10 17 8 17 7 15 7 10 7 10 1 7 0 0 0 0 0 0 0 0 0 0 0 0 0 0 0 0 0 0 0 0 0 0 -3 20 -9 18 -5 18 -8 20 -2 16 -5 7 -4 8 -3 6 -4 -1 -6 -7 -11 -9 -10 -8 -9 -15 -13 -16 -14 -22 -22 -19 -28 -19 -23 -18 -26 -19 -23 -19 -22 -17 -16 -13 -14 -16 -6 -8 1 -11 4 -21 ]
CSI_DATA,STA,E4:D1:24:F2:5E:80,-84,10,0,0,0,0,0,0,0,0,0,-97,0,9,0,101616791,0,389,0,0,101.999,128,[-123 81 24 0 -25 -21 -29 -24 -26 -29 -26 -24 -30 -23 -29 -22 -24 -11 -27 -10 -15 -10 -9 -11 -10 -11 -2 -12 2 -13 5 -13 3 -14 4 -15 6 -15 4 -16 6 -18 8 -17 3 -17 3 -18 6 -13 4 -8 4 -7 0 0 0 0 0 0 0 0 0 0 0 0 0 0 0 0 0 0 0 0 0 0 11 14 2 13 5 12 6 14 11 11 4 9 2 7 0 11 3 4 -8 2 -7 1 -9 2 -20 1 -21 7 -26 7 -18 6 -26 9 -27 18 -28 13 -22 18 -23 17 -20 11 -18 4 -15 0 -15 -5 -15 -11 ]
CSI_DATA,STA,E4:D1:24:F2:5E:80,-86,10,0,0,0,0,0,0,0,0,0,-97,0,9,0,101719193,0,389,0,0,102.102,128,[-123 81 24 0 -6 32 -2 32 1 34 3 32 4 27 -1 25 0 23 4 21 3 16 -5 7 -2 8 -5 3 -3 5 -10 -4 -10 -1 -16 -4 -16 -2 -14 -4 -16 -2 -15 -5 -16 -3 -12 -5 -9 -3 -6 -7 -6 -1 0 0 0 0 0 0 0 0 0 0 0 0 0 0 0 0 0 0 0 0 0 0 -11 -9 -13 -11 -8 -12 -9 -8 -6 -11 -6 -9 -4 -6 -3 -6 -1 -5 4 -2 10 -2 9 -1 15 -2 22 2 21 2 22 -4 23 -2 24 -9 19 -2 21 -13 24 -7 17 -11 13 -1 11 0 -1 13 8 17 ]
CSI_DATA,STA,E4:D1:24:F2:5E:80,-84,10,0,0,0,0,0,0,0,0,0,-97,0,9,0,101821595,0,389,0,0,102.204,128,[-123 81 24 0 16 -27 20 -21 21 -28 23 -27 19 -24 15 -26 18 -32 12 -16 13 -16 11 -11 2 -9 7 2 10 5 8 4 12 10 5 13 11 13 8 14 8 16 9 13 11 14 8 10 7 10 4 11 3 7 0 0 0 0 0 0 0 0 0 0 0 0 0 0 0 0 0 0 0 0 0 0 1 17 0 15 2 13 -1 12 0 12 2 10 3 6 0 4 -3 4 -5 1 -3 -5 -10 -5 -10 -12 -13 -13 -18 -15 -19 -12 -26 -14 -19 -11 -25 -10 -22 -10 -20 -13 -17 -6 -14 -5 -1 -9 -2 -7 7 -10 ]
CSI_DATA,STA,E4:D1:24:F2:5E:80,-83,10,0,0,0,0,0,0,0,0,0,-97,0,9,0,101923998,0,389,0,0,102.307,128,[-123 81 24 0 -40 2 -40 1 -44 3 -39 2 -33 9 -31 14 -33 12 -25 7 -21 6 -14 0 -11 1 -3 -4 -2 -13 3 -9 0 -13 7 -20 4 -18 7 -23 8 -20 2 -19 6 -17 7 -15 6 -18 5 -11 6 -6 0 0 0 0 0 0 0 0 0 0 0 0 0 0 0 0 0 0 0 0 0 0 7 -17 9 -16 9 -16 8 -11 9 -15 4 -7 3 -9 5 -3 3 -2 2 6 -3 11 3 18 1 20 3 18 9 28 7 28 9 25 13 26 13 25 14 26 10 24 8 19 3 15 -3 10 -10 8 -15 3 ]
CSI_DATA,STA,E4:D1:24:F2:5E:80,-84,10,0,0,0,0,0,0,0,0,0,-97,0,9,0,102026400,0,389,0,0,102.409,128,[-123 81 24 0 -27 17 -29 23 -32 27 -26 28 -28 25 -27 27 -22 24 -19 15 -14 16 -10 14 -10 2 -9 -5 -8 -7 -4 -11 -4 -11 -7 -15 -5 -22 -5 -20 -8 -20 -2 -18 -8 -19 -6 -16 -6 -13 0 -13 -1 -11 0 0 0 0 0 0 0 0 0 0 0 0 0 0 0 0 0 0 0 0 0 0 -2 -14 -2 -17 0 -17 0 -16 -1 -11 0 -14 -2 -7 1 -8 4 3 1 5 6 3 10 9 15 15 14 15 18 17 26 17 25 16 24 17 22 17 24 14 19 10 13 10 8 9 0 8 -2 10 -13 9 ]
CSI_DATA,STA,E4:D1:24:F2:5E:80,-83,10,0,0,0,0,0,0,0,0,0,-97,0,9,0,102128803,0,389,0,0,102.511,128,[-123 81 24 0 -18 28 -15 31 -23 35 -19 35 -16 35 -17 29 -12 26 -9 28 -10 20 -9 18 -6 4 -10 5 -7 3 -7 -3 -15 -5 -13 -11 -14 -12 -15 -15 -16 -16 -14 -12 -12 -12 -14 -14 -10 -12 -8 -13 -5 -7 0 0 0 0 0 0 0 0 0 0 0 0 0 0 0 0 0 0 0 0 0 0 -4 -15 0 -18 1 -18 -4 -15 -5 -11 0 -13 -1 -9 4 -6 5 -6 2 3 4 3 13 8 16 12 14 18 22 16 21 12 28 17 26 11 27 8 24 9 23 8 18 10 11 7 3 12 0 11 -1 9 ]
CSI_DATA,STA,E4:D1:24:F2:5E:80,-83,10,0,0,0,0,0,0,0,0,0,-97,0,9,0,102231205,0,389,0,0,102.614,128,[-123 81 24 0 0 34 -8 33 -3 36 -3 41 1 38 3 35 5 30 2 26 5 19 -2 15 -2 11 -5 8 -7 3 -11 1 -14 2 -15 1 -20 3 -19 3 -20 2 -22 -1 -17 0 -16 4 -16 -2 -12 -1 -9 -2 0 0 0 0 0 0 0 0 0 0 0 0 0 0 0 0 0 0 0 0 0 0 1 -15 1 -17 3 -16 2 -17 5 -13 3 -13 1 -9 2 -7 4 -5 2 4 7 2 13 7 15 6 19 13 21 12 23 9 26 11 29 11 31 6 29 6 24 4 22 3 16 5 17 3 7 12 1 11 ]
CSI_DATA,STA,E4:D1:24:F2:5E:80,-83,10,0,0,0,0,0,0,0,0,0,-97,0,9,0,102333607,0,389,0,0,102.716,128,[-123 81 24 0 -27 -25 -22 -31 -28 -27 -25 -34 -29 -25 -30 -23 -27 -20 -26 -15 -18 -12 -19 -12 -7 -9 -4 -11 6 -11 4 -11 8 -16 11 -12 14 -16 16 -14 11 -15 11 -17 13 -14 13 -13 11 -9 14 -7 7 -5 0 0 0 0 0 0 0 0 0 0 0 0 0 0 0 0 0 0 0 0 0 0 11 11 8 11 10 12 11 12 7 8 4 8 3 6 0 5 -1 6 -7 6 -13 5 -13 0 -17 4 -22 4 -26 9 -25 9 -31 11 -30 14 -32 17 -25 17 -23 14 -19 16 -14 9 -16 3 -12 -3 -17 -10 ]
CSI_DATA,STA,E4:D1:24:F2:5E:80,-82,10,0,0,0,0,0,0,0,0,0,-97,0,9,0,102356770,0,64,0,0,102.75,128,[64 0 4 0 -38 -4 -38 -1 -40 -7 -42 -2 -35 4 -37 2 -33 1 -27 5 -24 2 -14 3 -10 -4 -7 -6 -6 -7 -3 -10 -2 -16 1 -18 -1 -21 -5 -21 -2 -20 3 -21 -6 -17 -1 -21 0 -14 -2 -12 4 -11 0 0 0 0 0 0 0 0 0 0 0 0 0 0 0 0 0 0 0 0 0 0 17 0 17 0 20 2 17 1 7 1 13 -2 5 2 1 1 -1 4 -1 3 -3 9 -8 16 -9 14 -15 17 -9 21 -9 23 -11 26 -10 32 -5 28 0 26 -3 24 -6 21 -5 13 -8 8 -18 8 -18 -4 ]
CSI_DATA,STA,E4:D1:24:F2:5E:80,-83,10,0,0,0,0,0,0,0,0,0,-97,0,9,0,102538412,0,389,0,0,102.921,128,[-123 81 24 0 26 17 30 16 30 21 31 17 31 20 29 13 26 9 23 5 16 6 12 8 8 5 -1 9 -3 7 -6 6 -11 14 -13 9 -19 15 -16 11 -15 14 -21 11 -14 8 -14 8 -13 4 -11 6 -10 0 0 0 0 0 0 0 0 0 0 0 0 0 0 0 0 0 0 0 0 0 0 0 -18 4 -16 5 -16 4 -16 1 -10 2 -13 -1 -7 -3 -5 -3 -2 -1 4 -3 6 -5 10 -12 9 -18 17 -19 12 -22 12 -23 12 -28 12 -30 6 -28 6 -25 4 -21 11 -20 5 -15 8 -6 12 -1 13 3 ]
CSI_DATA,STA,E4:D1:24:F2:5E:80,-83,10,0,0,0,0,0,0,0,0,0,-97,0,9,0,102640814,0,389,0,0,103.024,128,[-123 81 24 0 -34 3 -39 10 -37 5 -36 11 -34 10 -30 10 -27 9 -22 8 -17 7 -15 -1 -9 -1 -10 -7 -2 -7 -3 -10 -4 -13 2 -20 0 -18 2 -21 -1 -20 -2 -22 -3 -19 0 -19 2 -16 2 -16 6 -9 0 0 0 0 0 0 0 0 0 0 0 0 0 0 0 0 0 0 0 0 0 0 10 -10 12 -10 10 -12 9 -10 8 -10 9 -8 7 -7 3 -5 1 2 -2 8 -1 9 -2 12 0 15 2 18 4 22 9 25 5 28 6 28 15 26 8 25 8 24 5 20 0 10 -4 11 -7 9 -14 9 ]
CSI_DATA,STA,E4:D1:24:F2:5E:80,-84,10,0,0,0,0,0,0,0,0,0,-97,0,9,0,102845619,0,389,0,0,103.228,128,[-123 81 24 0 31 -4 35 -3 36 -5 42 -11 35 -10 34 -10 30 -12 25 -10 22 -7 11 -8 10 -1 5 1 4 9 1 10 -2 12 -3 16 1 18 -4 19 1 18 0 19 -2 17 -6 13 -5 16 -2 13 -5 8 0 0 0 0 0 0 0 0 0 0 0 0 0 0 0 0 0 0 0 0 0 0 -11 12 -14 11 -11 9 -11 11 -8 7 -8 7 -9 3 -2 4 -2 -3 0 -5 -4 -8 0 -11 -3 -18 0 -24 -1 -25 0 -26 -8 -23 -10 -27 -10 -31 -9 -19 -6 -21 -9 -18 -11 -16 3 -9 4 -6 13 -2 ]
CSI_DATA,STA,E4:D1:24:F2:5E:80,-82,10,0,0,0,0,0,0,0,0,0,-97,0,9,0,103050424,0,389,0,0,103.433,128,[-123 81 24 0 -20 -24 -25 -34 -21 -27 -30 -30 -27 -25 -21 -27 -23 -18 -16 -15 -14 -13 -13 -11 -5 -12 -1 -8 3 -10 10 -9 10 -6 11 -10 12 -6 17 -6 18 -13 16 -12 17 -12 17 -6 13 -8 12 -6 8 -2 0 0 0 0 0 0 0 0 0 0 0 0 0 0 0 0 0 0 0 0 0 0 13 5 13 5 14 4 12 8 13 5 9 4 6 6 7 3 -4 5 -3 2 -7 5 -12 6 -15 6 -23 8 -19 13 -21 19 -22 19 -25 23 -19 23 -20 23 -19 19 -9 13 -13 11 -10 3 -10 -2 -15 -14 ]
CSI_DATA,STA,E4:D1:24:F2:5E:80,-82,10,0,0,0,0,0,0,0,0,0,-97,0,9,0,103152826,0,389,0,0,103.536,128,[-123 81 24 0 4 -33 7 -35 9 -40 3 -40 1 -36 4 -32 6 -32 1 -25 3 -21 2 -13 2 -10 6 -6 7 -2 8 -3 10 4 14 4 13 8 16 13 19 12 17 11 19 11 12 9 10 12 6 8 3 5 0 0 0 0 0 0 0 0 0 0 0 0 0 0 0 0 0 0 0 0 0 0 12 11 10 9 9 14 13 7 4 8 5 12 4 6 2 3 -6 3 -6 -1 -9 -2 -16 -2 -16 -2 -23 -2 -23 -1 -23 -4 -28 2 -28 2 -33 2 -31 0 -25 7 -24 4 -16 -4 -8 -6 0 -11 3 -17 ]
CSI_DATA,STA,E4:D1:24:F2:5E:80,-83,10,0,0,0,0,0,0,0,0,0,-97,0,9,0,103255228,0,389,0,0,103.638,128,[-123 81 24 0 2 33 4 34 6 38 10 36 11 37 11 30 9 28 9 25 6 18 2 15 -2 14 -5 7 -7 1 -8 -1 -16 -2 -19 -5 -17 -4 -18 -5 -21 -6 -18 -7 -21 -5 -16 -6 -11 -3 -11 -7 -11 -9 0 0 0 0 0 0 0 0 0 0 0 0 0 0 0 0 0 0 0 0 0 0 -16 0 -15 -9 -15 -5 -11 -3 -15 -3 -10 -6 -6 -4 -1 -2 2 -5 4 -6 9 -3 13 -5 19 -7 22 -8 19 -10 30 -14 28 -19 27 -15 26 -17 21 -16 20 -20 20 -15 9 -9 7 -3 9 0 5 11 ]
CSI_DATA,STA,E4:D1:24:F2:5E:80,-83,10,0,0,0,0,0,0,0,0,0,-97,0,9,0,103357631,0,389,0,0,103.74,128,[-123 81 24 0 2 -32 4 -41 5 -42 5 -42 2 -36 1 -33 2 -32 -2 -25 0 -21 -4 -20 -2 -10 5 -5 6 -1 9 0 10 4 16 4 15 10 16 7 15 6 17 2 15 8 14 8 12 11 9 8 4 10 0 0 0 0 0 0 0 0 0 0 0 0 0 0 0 0 0 0 0 0 0 0 9 11 9 8 7 13 7 10 5 13 6 9 3 2 3 3 0 4 -7 1 -8 1 -17 -2 -19 1 -21 -2 -29 1 -33 -1 -34 -1 -34 2 -28 4 -26 3 -23 4 -18 7 -15 -2 -12 1 -8 -9 2 -20 ]
CSI_DATA,STA,E4:D1:24:F2:5E:80,-83,10,0,0,0,0,0,0,0,0,0,-97,0,9,0,103402221,0,64,0,0,103.785,128,[64 0 4 0 -8 34 -14 43 -9 41 -5 44 -3 45 0 38 2 35 -2 31 -6 23 1 13 -4 8 -7 8 -12 0 -11 -3 -13 -7 -13 -9 -15 -8 -15 -13 -20 -14 -15 -14 -12 -19 -12 -16 -14 -10 -11 -12 -6 -9 0 0 0 0 0 0 0 0 0 0 0 0 0 0 0 0 0 0 0 0 0 0 -15 -14 -15 -14 -11 -11 -16 -14 -12 -12 -6 -12 -8 -9 3 -4 4 1 7 -3 10 -2 16 0 18 -1 28 0 27 1 32 -2 35 -4 35 1 34 -4 32 -8 25 -5 21 -6 11 -2 8 6 6 10 2 16 ]
CSI_DATA,STA,E4:D1:24:F2:5E:80,-82,10,0,0,0,0,0,0,0,0,0,-97,0,9,0,103460033,0,389,0,0,103.842,128,[-123 81 24 0 12 -37 12 -40 10 -40 14 -37 7 -35 5 -34 0 -34 4 -27 -2 -24 5 -15 6 -13 4 -9 13 2 8 3 10 1 12 7 20 7 14 13 15 10 16 7 16 9 12 12 13 9 11 7 4 9 0 0 0 0 0 0 0 0 0 0 0 0 0 0 0 0 0 0 0 0 0 0 3 15 0 17 2 17 3 18 4 14 2 9 2 10 -2 5 -7 0 -8 -3 -9 -3 -13 -8 -18 -9 -25 -7 -22 -8 -24 -9 -29 -9 -28 -8 -32 -6 -33 -4 -27 -2 -21 -5 -17 -8 -11 -2 -3 -12 3 -21 ]
CSI_DATA,STA,E4:D1:24:F2:5E:80,-82,10,0,0,0,0,0,0,0,0,0,-97,0,9,0,103562435,0,389,0,0,103.945,128,[-123 81 24 0 32 4 34 7 40 2 40 3 38 5 33 2 30 0 22 -2 18 -2 14 2 13 0 7 6 3 5 -7 6 -3 9 -8 18 -7 14 -8 19 -11 17 -11 17 -12 15 -9 12 -9 9 -11 7 -8 6 0 0 0 0 0 0 0 0 0 0 0 0 0 0 0 0 0 0 0 0 0 0 -16 10 -14 10 -11 10 -13 6 -12 8 -7 -1 -5 2 -9 1 -4 -5 -4 -8 -1 -12 -1 -17 5 -18 8 -19 1 -28 0 -29 -6 -30 -2 -27 -4 -32 -2 -28 -8 -23 -4 -21 -2 -16 4 -13 14 -4 16 3 ]
CSI_DATA,STA,E4:D1:24:F2:5E:80,-83,10,0,0,0,0,0,0,0,0,0,-97,0,9,0,103664838,0,389,0,0,104.047,128,[-123 81 24 0 23 -28 25 -30 22 -30 19 -29 20 -29 20 -31 10 -28 10 -20 7 -20 4 -16 6 -13 9 -7 5 1 16 1 9 7 12 3 14 7 15 8 20 6 17 8 13 12 11 8 12 6 8 7 5 7 0 0 0 0 0 0 0 0 0 0 0 0 0 0 0 0 0 0 0 0 0 0 -10 10 -13 12 -12 12 -11 10 -10 7 -7 5 -4 0 -2 4 -4 -1 -6 -6 -5 -9 -10 -13 -8 -17 -8 -17 -16 -24 -8 -23 -17 -22 -22 -20 -21 -20 -21 -19 -19 -18 -17 -12 -13 -7 1 -11 3 -14 10 -13 ]
CSI_DATA,STA,E4:D1:24:F2:5E:80,-83,10,0,0,0,0,0,0,0,0,0,-97,0,9,0,103767240,0,389,0,0,104.15,128,[-123 81 24 0 -17 34 -15 31 -20 38 -17 37 -12 32 -6 33 -9 27 -5 21 -5 22 -1 18 -10 13 -7 4 -8 3 -11 0 -11 -5 -15 -7 -14 -6 -15 -8 -16 -7 -19 -8 -15 -9 -15 -7 -14 -6 -12 -5 -11 -7 0 0 0 0 0 0 0 0 0 0 0 0 0 0 0 0 0 0 0 0 0 0 6 -14 5 -11 6 -18 5 -13 6 -10 1 -10 4 -10 4 -5 1 -1 9 4 3 8 9 6 12 11 12 15 19 15 26 16 22 16 21 15 24 10 21 19 22 10 16 11 11 8 9 12 1 11 -9 13 ]
CSI_DATA,STA,E4:D1:24:F2:5E:80,-83,10,0,0,0,0,0,0,0,0,0,-97,0,9,0,103972045,0,389,0,0,104.355,128,[-123 81 24 0 34 2 45 -1 42 2 41 -2 38 -3 34 -4 30 -2 24 -3 20 0 17 -3 8 1 8 5 2 7 -1 13 -5 8 -5 12 -8 22 -4 21 -10 19 0 18 -5 20 -3 22 0 13 -6 10 -8 12 0 0 0 0 0 0 0 0 0 0 0 0 0 0 0 0 0 0 0 0 0 0 -20 10 -18 8 -18 10 -15 1 -12 6 -9 6 -7 5 -1 -3 -2 -6 -4 -7 5 -14 4 -12 3 -22 5 -24 4 -27 2 -26 -1 -34 1 -31 -5 -31 -10 -26 -6 -25 -3 -20 0 -16 5 -13 10 -7 16 5 ]
CSI_DATA,STA,E4:D1:24:F2:5E:80,-83,10,0,0,0,0,0,0,0,0,0,-97,0,9,0,104074447,0,389,0,0,104.457,128,[-123 81 24 0 -9 28 -3 32 -5 33 -5 34 -1 34 5 29 0 23 0 20 5 15 -3 11 -1 6 -4 5 -8 0 -13 -3 -12 -7 -14 -6 -17 -5 -13 -7 -14 -8 -13 -8 -16 -4 -15 -6 -11 -9 -11 -7 -7 -7 0 0 0 0 0 0 0 0 0 0 0 0 0 0 0 0 0 0 0 0 0 0 -10 -10 -7 -10 -9 -13 -8 -11 -6 -10 -4 -8 -3 -6 0 -5 4 -4 8 -3 11 0 16 2 16 4 20 -1 24 -2 24 -1 26 -2 24 0 26 -5 23 -5 20 -1 16 -3 10 0 4 4 6 10 2 17 ]
CSI_DATA,STA,E4:D1:24:F2:5E:80,-83,10,0,0,0,0,0,0,0,0,0,-97,0,9,0,104176849,0,389,0,0,104.56,128,[-123 81 24 0 -3 38 -2 35 -5 36 0 40 3 33 1 29 4 23 2 25 2 19 1 17 -1 13 0 1 -11 4 -12 -2 -15 -3 -15 -7 -19 -7 -19 -5 -21 -5 -20 -3 -19 -4 -15 -7 -16 -5 -11 -5 -5 -5 0 0 0 0 0 0 0 0 0 0 0 0 0 0 0 0 0 0 0 0 0 0 -8 -14 -7 -18 -8 -15 -5 -19 -5 -14 -3 -10 -1 -11 5 -6 4 -5 8 4 10 -3 12 3 20 3 20 4 23 5 24 2 29 3 28 -1 30 -3 25 -6 24 -5 20 -4 12 1 9 2 3 13 -4 18 ]
CSI_DATA,STA,E4:D1:24:F2:5E:80,-83,10,0,0,0,0,0,0,0,0,0,-97,0,9,0,104205879,0,64,0,0,104.59,128,[64 0 4 0 29 20 35 23 33 22 38 18 32 12 33 15 26 11 24 12 19 8 14 6 10 6 6 10 -4 11 -8 8 -13 15 -5 19 -12 13 -14 14 -13 17 -16 19 -11 15 -11 11 -11 9 -9 9 -9 6 0 0 0 0 0 0 0 0 0 0 0 0 0 0 0 0 0 0 0 0 0 0 -17 -4 -15 -4 -16 -6 -13 -1 -14 -1 -13 -8 -9 -2 -2 -4 4 -6 5 -4 4 -10 14 -9 17 -17 19 -22 19 -21 13 -24 14 -27 16 -25 6 -26 11 -26 7 -21 -1 -21 8 -15 7 -6 10 -4 8 6 ]
CSI_DATA,STA,E4:D1:24:F2:5E:80,-84,10,0,0,0,0,0,0,0,0,0,-97,0,9,0,104279252,0,389,0,0,104.662,128,[-123 81 24 0 24 23 23 25 31 27 29 26 27 20 26 20 23 17 24 15 16 13 15 7 8 8 6 7 -4 9 -6 4 -11 7 -11 8 -14 14 -12 9 -15 13 -14 14 -13 11 -13 8 -14 7 -15 5 -10 3 0 0 0 0 0 0 0 0 0 0 0 0 0 0 0 0 0 0 0 0 0 0 -9 -4 -14 -1 -18 -2 -17 -4 -11 0 -14 -3 -12 0 -7 -5 0 -9 -2 -8 5 -10 10 -6 12 -12 15 -17 14 -14 14 -19 19 -22 15 -27 17 -25 9 -19 10 -25 8 -22 11 -12 12 -5 8 1 13 7 ]
CSI_DATA,STA,E4:D1:24:F2:5E:80,-83,10,0,0,0,0,0,0,0,0,0,-97,0,9,0,104381654,0,389,0,0,104.764,128,[-123 81 24 0 13 33 12 38 12 38 12 34 14 32 14 33 11 20 19 22 8 13 5 9 1 9 -3 9 -5 4 -9 0 -13 4 -13 0 -18 -1 -22 2 -18 -6 -21 -4 -17 -5 -16 -4 -15 -6 -10 -1 -8 -6 0 0 0 0 0 0 0 0 0 0 0 0 0 0 0 0 0 0 0 0 0 0 -15 -4 -15 -3 -12 -3 -16 -5 -11 -2 -11 -4 -6 -5 -5 4 0 -5 0 -5 8 -4 18 -6 16 -9 20 -8 21 -17 23 -14 25 -15 23 -19 23 -20 20 -16 19 -20 16 -8 11 -6 10 -2 9 4 5 13 ]
CSI_DATA,STA,E4:D1:24:F2:5E:80,-84,10,0,0,0,0,0,0,0,0,0,-97,0,9,0,104442213,0,64,0,0,104.825,128,[64 0 4 0 28 20 28 24 28 25 27 19 29 19 22 11 22 12 17 9 17 6 10 5 10 6 2 3 -3 6 -8 6 -8 7 -15 5 -11 7 -14 11 -15 10 -14 8 -16 8 -13 8 -10 8 -11 6 -11 1 0 0 0 0 0 0 0 0 0 0 0 0 0 0 0 0 0 0 0 0 0 0 -15 1 -15 2 -16 4 -13 -2 -9 -1 -9 6 -5 2 -3 0 0 -3 1 -7 2 -8 0 -14 9 -18 9 -17 15 -19 14 -23 11 -28 12 -30 12 -26 5 -26 4 -19 9 -19 4 -16 7 -12 5 -3 10 7 ]
CSI_DATA,STA,E4:D1:24:F2:5E:80,-83,10,0,0,0,0,0,0,0,0,0,-97,0,9,0,104484057,0,389,0,0,104.867,128,[-123 81 24 0 10 -36 6 -42 5 -46 6 -37 -1 -38 -1 -34 -4 -28 2 -25 -6 -24 -4 -20 0 -11 3 -13 6 -4 9 2 13 1 11 -1 16 0 19 0 23 1 18 5 18 4 11 3 8 2 12 6 8 4 0 0 0 0 0 0 0 0 0 0 0 0 0 0 0 0 0 0 0 0 0 0 -1 16 0 17 -2 16 -1 12 2 15 -1 14 2 9 -2 3 -2 6 -6 1 -7 -3 -13 -4 -18 -10 -14 -14 -22 -11 -26 -11 -32 -10 -31 -9 -31 -3 -28 -1 -27 1 -23 -6 -16 -4 -13 -5 -12 -14 1 -13 ]
CSI_DATA,STA,E4:D1:24:F2:5E:80,-84,10,0,0,0,0,0,0,0,0,0,-97,0,9,0,104586459,0,389,0,0,104.969,128,[-123 81 24 0 32 -9 37 -7 42 -7 36 -9 39 -14 37 -12 27 -11 22 -7 20 -9 13 -7 14 -1 4 6 7 7 5 8 -2 13 3 14 0 19 3 16 5 23 1 16 5 16 2 20 -3 14 0 10 -5 7 0 0 0 0 0 0 0 0 0 0 0 0 0 0 0 0 0 0 0 0 0 0 -13 7 -14 9 -12 8 -17 11 -9 6 -7 8 -6 5 -4 0 -2 -6 0 -3 -3 -13 2 -18 -2 -19 2 -27 0 -25 -5 -33 -6 -26 -11 -30 -10 -34 -10 -28 -6 -25 -7 -26 -7 -16 1 -15 0 -12 17 -5 ]
CSI_DATA,STA,E4:D1:24:F2:5E:80,-83,10,0,0,0,0,0,0,0,0,0,-97,0,9,0,104688861,0,389,0,0,105.072,128,[-123 81 24 0 37 -2 42 4 39 -4 39 -2 40 -4 32 -5 33 -4 29 1 24 -7 15 2 16 2 6 2 3 8 -2 16 -1 11 -5 17 -6 15 -11 15 -16 18 -10 20 -13 17 -12 18 -13 13 -10 12 -8 8 0 0 0 0 0 0 0 0 0 0 0 0 0 0 0 0 0 0 0 0 0 0 -10 17 -7 16 -8 16 -10 12 -6 8 -7 5 -6 10 -3 2 -3 -3 2 -5 -2 -8 -2 -17 -7 -21 -4 -23 -8 -30 -7 -31 -14 -30 -13 -32 -13 -26 -15 -24 -11 -19 -11 -19 -6 -17 0 -10 13 -7 17 -7 ]
CSI_DATA,STA,E4:D1:24:F2:5E:80,-83,10,0,0,0,0,0,0,0,0,0,-97,0,9,0,104791264,0,389,0,0,105.174,128,[-123 81 24 0 31 21 28 20 31 20 31 17 29 18 25 12 24 11 20 10 16 7 15 6 13 8 2 7 -2 6 -2 10 -6 4 -7 10 -9 12 -14 10 -11 12 -12 14 -16 10 -15 13 -13 9 -10 5 -8 4 0 0 0 0 0 0 0 0 0 0 0 0 0 0 0 0 0 0 0 0 0 0 -13 1 -14 1 -16 -3 -14 -4 -12 -2 -9 -2 -3 -2 0 -3 1 0 -1 -8 5 -4 10 -12 10 -13 18 -16 17 -22 11 -22 14 -28 11 -24 12 -24 11 -21 7 -23 6 -20 4 -14 8 -7 6 -2 10 7 ]
CSI_DATA,STA,E4:D1:24:F2:5E:80,-84,10,0,0,0,0,0,0,0,0,0,-97,0,9,0,104893666,0,389,0,0,105.276,128,[-123 81 24 0 32 -4 34 -3 36 -7 39 -11 30 -15 30 -18 29 -15 20 -7 18 -5 12 -8 11 4 6 1 2 10 1 10 -2 18 -1 14 1 25 -2 17 2 16 0 16 0 21 0 15 -6 11 -7 13 -7 9 0 0 0 0 0 0 0 0 0 0 0 0 0 0 0 0 0 0 0 0 0 0 -6 9 -10 16 -10 13 -7 13 -11 10 -3 7 -1 -2 -3 -4 -5 -4 -7 -6 -2 -10 -8 -13 -6 -19 -10 -25 -9 -23 -12 -28 -14 -27 -14 -23 -8 -28 -15 -15 -14 -23 -8 -12 -1 -14 7 -11 7 -7 18 -12 ]
CSI_DATA,STA,E4:D1:24:F2:5E:80,-83,10,0,0,0,0,0,0,0,0,0,-97,0,9,0,104996068,0,389,0,0,105.379,128,[-123 81 24 0 16 25 24 32 25 35 29 29 29 25 26 21 19 22 21 21 17 8 13 8 8 8 2 12 -1 6 -9 5 -16 6 -16 6 -14 10 -22 4 -20 6 -21 6 -20 7 -15 7 -16 3 -15 -1 -15 -3 0 0 0 0 0 0 0 0 0 0 0 0 0 0 0 0 0 0 0 0 0 0 -16 0 -16 -3 -17 -7 -14 -2 -13 -3 -8 -4 -10 -3 -3 -4 0 -1 2 -3 9 -7 14 -10 17 -10 17 -15 20 -18 14 -23 20 -21 17 -24 22 -25 16 -21 15 -21 10 -22 11 -11 11 -10 12 6 14 10 ]
CSI_DATA,STA,E4:D1:24:F2:5E:80,-84,10,0,0,0,0,0,0,0,0,0,-97,0,9,0,105098471,0,389,0,0,105.481,128,[-123 81 24 0 -38 -21 -32 -23 -34 -27 -33 -16 -40 -14 -24 -15 -27 -13 -25 -7 -20 -6 -15 -4 -3 -11 -3 -11 3 -7 5 -12 6 -11 12 -10 14 -10 15 -8 18 -12 18 -10 16 -13 12 -3 15 -5 11 -3 9 -1 0 0 0 0 0 0 0 0 0 0 0 0 0 0 0 0 0 0 0 0 0 0 14 -6 19 -7 15 -4 12 -3 12 0 7 -2 3 2 4 -2 1 5 -2 7 -8 8 -4 15 -13 16 -10 19 -10 20 -9 24 -9 25 -9 29 -10 26 -1 22 -8 20 -5 21 -5 9 -10 6 -9 -1 -15 -12 ]
CSI_DATA,STA,E4:D1:24:F2:5E:80,-84,10,0,0,0,0,0,0,0,0,0,-97,0,9,0,105196710,0,64,0,0,105.579,128,[64 0 4 0 31 -20 33 -11 33 -21 34 -25 30 -24 31 -17 28 -19 16 -17 15 -16 13 -8 14 -2 10 0 7 10 2 10 9 12 9 14 9 15 5 14 8 23 11 17 4 17 6 18 3 14 5 15 -2 10 0 0 0 0 0 0 0 0 0 0 0 0 0 0 0 0 0 0 0 0 0 0 -15 8 -16 6 -16 10 -15 4 -11 5 -12 5 -9 7 -8 2 -7 -2 -3 -9 -4 -9 0 -13 -2 -17 -3 -20 1 -21 -10 -25 -10 -25 -14 -29 -10 -26 -19 -25 -19 -26 -10 -18 -7 -14 5 -13 6 -9 15 -8 ]
CSI_DATA,STA,E4:D1:24:F2:5E:80,-83,10,0,0,0,0,0,0,0,0,0,-97,0,9,0,105200873,0,389,0,0,105.612,128,[-123 81 24 0 4 -34 8 -41 6 -37 5 -40 3 -36 0 -33 -3 -34 -2 -24 -3 -22 0 -15 3 -14 8 -4 7 -5 11 -4 13 -2 17 0 15 1 21 0 19 2 17 2 14 0 15 -1 13 0 13 3 10 5 0 0 0 0 0 0 0 0 0 0 0 0 0 0 0 0 0 0 0 0 0 0 -4 13 -3 15 -2 17 -2 15 -4 15 -2 14 -2 8 -5 4 -7 0 -4 -2 -10 -5 -13 -9 -15 -12 -25 -10 -21 -13 -23 -11 -30 -16 -29 -11 -32 -8 -28 -10 -20 -4 -22 -5 -16 -8 -8 -12 -6 -18 -5 -22 ]
CSI_DATA,STA,E4:D1:24:F2:5E:80,-83,10,0,0,0,0,0,0,0,0,0,-97,0,9,0,105303275,0,389,0,0,105.686,128,[-123 81 24 0 -26 -20 -26 -17 -33 -24 -33 -16 -32 -16 -33 -12 -29 -15 -22 -10 -17 -11 -12 -6 -7 -7 -6 -6 -2 -9 8 -10 7 -8 9 -14 15 -13 21 -9 17 -12 15 -8 17 -11 13 -8 11 -10 14 -6 10 -1 0 0 0 0 0 0 0 0 0 0 0 0 0 0 0 0 0 0 0 0 0 0 11 -8 10 -5 12 -6 14 -6 9 -7 6 -4 4 -1 7 -3 4 -2 0 6 -4 6 -4 11 -10 14 -8 17 -7 21 -4 25 -8 24 -9 25 1 23 -3 23 -2 18 -2 20 -1 8 -6 9 -12 -6 -22 -4 ]
CSI_DATA,STA,E4:D1:24:F2:5E:80,-84,10,0,0,0,0,0,0,0,0,0,-97,0,9,0,105405678,0,389,0,0,105.788,128,[-123 81 24 0 -26 21 -29 25 -23 29 -27 30 -25 27 -22 24 -23 24 -13 18 -8 15 -11 8 -7 3 -7 3 -11 -6 -8 -9 -7 -12 -10 -15 -10 -14 -8 -18 -8 -18 -10 -17 -10 -19 -10 -14 -6 -13 -5 -13 -1 -8 0 0 0 0 0 0 0 0 0 0 0 0 0 0 0 0 0 0 0 0 0 0 0 -18 4 -19 -3 -15 3 -16 5 -16 5 -12 2 -10 -2 -2 3 0 4 6 9 6 9 12 13 14 13 17 23 19 23 16 18 25 19 17 21 12 22 14 19 9 16 7 13 7 0 7 -5 7 -17 8 ]
CSI_DATA,STA,E4:D1:24:F2:5E:80,-84,10,0,0,0,0,0,0,0,0,0,-97,0,9,0,105610482,0,389,0,0,105.993,128,[-123 81 24 0 18 -25 13 -19 12 -9 2 -1 1 9 0 11 2 15 7 21 10 25 7 26 8 29 16 26 13 27 9 21 10 22 8 17 4 14 1 10 -1 5 -2 2 -7 2 -8 -7 -9 -6 -12 -7 -14 -12 0 0 0 0 0 0 0 0 0 0 0 0 0 0 0 0 0 0 0 0 0 0 -3 2 -7 -1 -8 -2 -10 -7 -18 -3 -19 -2 -21 -5 -20 -5 -18 -3 -20 -2 -19 -2 -17 -1 -16 -7 -12 -6 -12 -6 -1 -3 -4 -11 10 -7 14 -12 19 -16 21 -25 22 -26 24 -29 28 -37 21 -33 23 -38 ]
CSI_DATA,STA,E4:D1:24:F2:5E:80,-85,10,0,0,0,0,0,0,0,0,0,-97,0,9,0,105712885,0,389,0,0,106.096,128,[-123 81 24 0 17 -27 14 -17 13 -11 7 -4 6 3 3 8 4 13 3 20 2 21 2 25 1 28 3 22 4 21 2 22 3 24 0 21 2 13 -6 10 -3 6 -6 3 -2 -1 -6 -6 -9 -7 -8 -12 -7 -16 0 0 0 0 0 0 0 0 0 0 0 0 0 0 0 0 0 0 0 0 0 0 2 -2 -8 -1 -10 -3 -11 2 -10 1 -20 -1 -17 0 -20 -2 -16 -4 -18 0 -21 5 -18 -1 -18 1 -14 -2 -7 -3 -10 -5 -2 -9 0 -11 10 -10 15 -11 21 -19 19 -22 30 -26 28 -30 30 -35 24 -39 ]
CSI_DATA,STA,E4:D1:24:F2:5E:80,-86,10,0,0,0,0,0,0,0,0,0,-97,0,9,0,105815287,0,389,0,0,106.198,128,[-123 81 24 0 -18 17 -22 9 -15 3 -12 -2 -1 -5 1 -10 -2 -15 2 -18 8 -23 9 -23 8 -28 11 -28 6 -26 7 -22 4 -15 6 -16 10 -12 8 -10 4 -3 5 0 4 5 2 7 3 9 5 11 1 12 0 0 0 0 0 0 0 0 0 0 0 0 0 0 0 0 0 0 0 0 0 0 -1 -3 2 2 8 2 6 3 9 5 11 10 16 11 16 12 16 6 19 8 16 10 18 9 12 6 10 1 2 5 3 3 -2 2 -10 4 -14 1 -18 1 -25 4 -36 6 -34 9 -42 14 -35 13 -40 20 ]
CSI_DATA,STA,E4:D1:24:F2:5E:80,-85,10,0,0,0,0,0,0,0,0,0,-97,0,9,0,105917689,0,389,0,0,106.3,128,[-123 81 24 0 4 -31 0 -21 0 -11 8 -6 7 6 7 5 14 9 17 11 14 13 19 15 13 16 21 19 21 16 20 14 13 13 12 10 10 7 1 6 1 7 0 0 -1 -1 -7 7 -2 1 -10 -2 -19 -9 0 0 0 0 0 0 0 0 0 0 0 0 0 0 0 0 0 0 0 0 0 0 -4 -2 -1 4 -9 1 -7 10 -13 7 -14 1 -20 4 -16 6 -17 5 -16 11 -24 9 -16 8 -12 5 -12 4 -14 3 -2 5 -2 -12 0 -19 -1 -15 2 -17 8 -25 11 -27 5 -33 10 -40 1 -37 0 -49 ]
CSI_DATA,STA,E4:D1:24:F2:5E:80,-84,10,0,0,0,0,0,0,0,0,0,-97,0,9,0,106122494,0,389,0,0,106.505,128,[-123 81 24 0 26 -14 22 -13 8 -3 7 2 -1 6 -5 13 -7 14 -11 19 -11 18 -12 20 -10 20 -14 19 -9 21 -13 20 -11 12 -6 15 -9 8 -6 6 -6 0 -7 0 -7 -8 -3 -13 -1 -7 0 -12 0 -11 0 0 0 0 0 0 0 0 0 0 0 0 0 0 0 0 0 0 0 0 0 0 2 3 -4 -3 -5 1 -12 -2 -13 -5 -15 -5 -13 -7 -17 -6 -21 -5 -20 -5 -17 -5 -19 -5 -13 -1 -13 -4 -6 -3 -3 -5 2 -3 9 -1 13 -6 18 -6 23 -7 27 -5 37 -10 33 -14 37 -18 40 -16 ]
CSI_DATA,STA,E4:D1:24:F2:5E:80,-86,10,0,0,0,0,0,0,0,0,0,-97,0,9,0,106224896,0,389,0,0,106.608,128,[-123 81 24 0 11 -22 4 -15 3 -13 4 0 5 2 6 9 3 19 4 18 11 19 11 26 15 26 16 22 12 19 11 22 7 16 9 13 5 14 7 10 1 8 -2 5 -7 3 -10 2 -9 -5 -11 -4 -13 -9 0 0 0 0 0 0 0 0 0 0 0 0 0 0 0 0 0 0 0 0 0 0 -3 -1 -8 -1 -8 -3 -11 0 -16 -1 -23 4 -17 -7 -21 -3 -23 -5 -19 0 -18 -1 -14 -1 -15 4 -13 1 -9 3 -6 -5 -2 -6 6 -9 9 -12 13 -12 15 -21 23 -26 22 -29 27 -36 19 -33 21 -33 ]
CSI_DATA,STA,E4:D1:24:F2:5E:80,-84,10,0,0,0,0,0,0,0,0,0,-97,0,9,0,106429703,0,389,0,0,106.812,128,[-123 81 24 0 -21 -25 -12 -21 -5 -20 -2 -12 8 -2 14 -4 19 0 25 0 23 5 30 4 28 2 31 -1 29 2 25 3 23 -1 25 4 19 6 11 3 8 3 2 5 0 1 -8 8 -13 9 -14 12 -17 7 0 0 0 0 0 0 0 0 0 0 0 0 0 0 0 0 0 0 0 0 0 0 -6 0 -3 2 -5 7 -7 7 -11 11 -10 9 -10 12 -13 14 -13 15 -15 15 -17 16 -11 15 -10 10 -8 9 -8 6 -5 2 -2 -3 -8 -13 0 -17 -5 -21 -3 -26 -9 -35 -11 -45 -18 -45 -20 -47 -21 -44 ]
CSI_DATA,STA,E4:D1:24:F2:5E:80,-84,10,0,0,0,0,0,0,0,0,0,-97,0,9,0,106451997,0,64,0,0,106.844,128,[64 0 4 0 29 10 20 8 11 7 4 11 -6 10 -13 9 -14 9 -26 8 -24 18 -25 11 -19 16 -20 13 -24 15 -21 10 -17 14 -14 11 -14 12 -11 4 -10 4 -1 -1 -3 -8 1 -7 8 -12 6 -12 9 -12 0 0 0 0 0 0 0 0 0 0 0 0 0 0 0 0 0 0 0 0 0 0 -3 1 1 -3 0 -2 0 -13 1 -18 3 -16 -1 -20 1 -22 0 -19 -2 -24 2 -19 0 -17 4 -17 2 -16 -1 -7 5 -4 3 -2 8 15 11 10 11 15 20 22 27 26 28 24 41 22 35 28 38 25 ]
CSI_DATA,STA,E4:D1:24:F2:5E:80,-84,10,0,0,0,0,0,0,0,0,0,-97,0,9,0,106532105,0,389,0,0,106.915,128,[-123 81 24 0 15 28 12 20 2 15 -2 7 -8 5 -10 3 -20 -4 -26 -2 -30 1 -31 3 -26 -1 -25 3 -26 1 -26 5 -24 -2 -20 1 -16 3 -14 -1 -10 -3 -4 -2 1 -8 7 -8 8 -5 12 -9 16 -7 0 0 0 0 0 0 0 0 0 0 0 0 0 0 0 0 0 0 0 0 0 0 1 -1 3 -2 0 -7 8 -10 5 -17 10 -14 10 -11 8 -19 10 -20 12 -17 4 -17 5 -17 7 -15 2 -13 6 -10 1 -4 -1 0 0 5 7 15 8 26 10 28 12 34 18 37 17 38 21 44 24 43 ]
CSI_DATA,STA,E4:D1:24:F2:5E:80,-85,10,0,0,0,0,0,0,0,0,0,-97,0,9,0,106634508,0,389,0,0,107.017,128,[-123 81 24 0 26 0 20 -2 14 -3 7 6 -1 9 -3 9 -3 17 -8 23 -6 21 -8 29 -8 20 -8 27 -8 23 -5 20 -6 15 -5 13 -3 12 -2 3 -4 2 -5 1 -5 -4 -11 -6 -6 -11 -5 -14 -8 -18 0 0 0 0 0 0 0 0 0 0 0 0 0 0 0 0 0 0 0 0 0 0 -1 0 -2 -5 -1 -8 1 -8 3 -17 -2 -12 -5 -18 -7 -19 -4 -18 -6 -16 -6 -14 -9 -18 -7 -16 -4 -8 -7 -4 -3 -5 4 -3 7 5 10 -1 19 6 22 6 34 11 38 3 38 0 45 -2 43 -3 ]
CSI_DATA,STA,E4:D1:24:F2:5E:80,-86,10,0,0,0,0,0,0,0,0,0,-97,0,9,0,106736910,0,389,0,0,107.12,128,[-123 81 24 0 20 -13 16 -10 11 -6 8 3 7 1 9 11 6 12 7 16 12 15 12 22 15 15 8 21 12 16 8 14 8 9 9 12 7 9 3 9 4 6 -7 11 -7 5 -9 4 -9 1 -10 8 -16 4 0 0 0 0 0 0 0 0 0 0 0 0 0 0 0 0 0 0 0 0 0 0 -2 -5 0 -4 4 -9 1 -9 0 -12 4 -15 5 -15 -2 -15 5 -17 -5 -17 1 -17 -5 -16 -1 -12 -1 -9 -3 -7 0 -3 5 -4 14 1 10 5 17 1 24 -2 29 2 26 -4 33 -6 33 -12 39 -10 ]
CSI_DATA,STA,E4:D1:24:F2:5E:80,-85,10,0,0,0,0,0,0,0,0,0,-97,0,9,0,106839313,0,389,0,0,107.222,128,[-123 81 24 0 21 -16 18 -14 6 0 2 2 4 10 0 10 1 20 0 21 -3 17 -5 27 1 28 2 22 0 26 3 21 -1 16 -3 13 1 14 -1 12 -8 8 -9 4 -7 2 -7 -3 -10 -6 -14 -8 -8 -9 0 0 0 0 0 0 0 0 0 0 0 0 0 0 0 0 0 0 0 0 0 0 -2 1 -3 -3 -4 -5 -4 -9 -11 -11 -6 -10 -7 -17 -12 -18 -13 -18 -8 -10 -14 -15 -12 -17 -9 -9 -8 -11 -7 -7 -3 -2 1 -3 5 -7 13 -3 20 -4 24 -7 30 -3 34 -5 32 -12 35 -12 41 -16 ]
CSI_DATA,STA,E4:D1:24:F2:5E:80,-86,10,0,0,0,0,0,0,0,0,0,-97,0,9,0,106941715,0,389,0,0,107.324,128,[-123 81 24 0 -29 -9 -19 -8 -15 -4 -4 -7 -1 -10 4 -15 12 -16 12 -20 12 -16 13 -21 19 -21 9 -23 10 -18 8 -24 10 -16 6 -11 9 -9 6 -11 7 -8 10 -1 10 0 7 8 5 7 6 10 7 6 0 0 0 0 0 0 0 0 0 0 0 0 0 0 0 0 0 0 0 0 0 0 2 0 2 5 -3 6 -12 8 -8 13 -10 13 -4 16 -10 14 -10 18 -10 18 -3 19 -7 16 -7 14 -3 7 -4 7 -4 6 -3 -5 -9 -5 -12 -4 -16 -16 -19 -19 -25 -18 -30 -20 -30 -21 -31 -22 -35 -12 ]
CSI_DATA,STA,E4:D1:24:F2:5E:80,-84,10,0,0,0,0,0,0,0,0,0,-97,0,9,0,107044346,0,389,0,0,107.427,128,[-123 81 24 0 -11 31 -5 15 -12 10 -12 0 -11 0 -17 -6 -17 -10 -13 -13 -23 -18 -22 -16 -24 -14 -24 -14 -22 -14 -23 -14 -17 -10 -16 -10 -11 -9 -10 -7 -6 -6 1 -9 3 -9 8 -12 10 -6 15 -10 15 -6 0 0 0 0 0 0 0 0 0 0 0 0 0 0 0 0 0 0 0 0 0 0 3 -1 3 2 7 5 7 5 14 6 14 6 16 13 19 7 19 6 19 7 19 3 18 5 19 7 7 5 3 -1 -1 4 0 3 -7 6 -10 11 -13 16 -20 26 -19 27 -24 28 -20 37 -19 43 -14 41 ]
CSI_DATA,STA,E4:D1:24:F2:5E:80,-84,10,0,0,0,0,0,0,0,0,0,-97,0,9,0,107146520,0,389,0,0,107.529,128,[-123 81 24 0 25 4 25 7 12 8 9 7 -5 10 -8 13 -10 20 -11 16 -20 18 -21 24 -16 22 -13 20 -21 23 -18 21 -16 16 -10 10 -15 14 -10 1 -8 2 -9 -1 -3 -10 -6 -7 -2 -12 -6 -15 -1 -17 0 0 0 0 0 0 0 0 0 0 0 0 0 0 0 0 0 0 0 0 0 0 -3 -1 -4 -5 -2 -5 1 -15 1 -15 0 -17 1 -24 3 -21 0 -19 3 -23 -1 -22 -4 -21 0 -18 -1 -14 -2 -10 4 -6 2 1 9 3 18 10 20 13 28 14 32 17 38 9 43 18 42 17 49 7 ]
CSI_DATA,STA,E4:D1:24:F2:5E:80,-83,10,0,0,0,0,0,0,0,0,0,-97,0,9,0,107248922,0,389,0,0,107.632,128,[-123 81 24 0 21 21 14 16 8 11 3 8 -6 6 -9 6 -17 10 -18 7 -25 14 -29 13 -22 20 -23 16 -22 12 -17 14 -20 11 -13 10 -13 6 -12 7 -8 -1 -6 1 -6 -9 -2 -14 0 -10 1 -15 1 -13 0 0 0 0 0 0 0 0 0 0 0 0 0 0 0 0 0 0 0 0 0 0 -1 -6 2 -6 9 -4 4 -8 10 -7 11 -9 13 -12 13 -14 14 -15 16 -13 12 -15 7 -12 14 -13 13 -11 5 -3 4 0 5 7 3 6 7 18 15 21 8 25 13 32 22 35 26 35 19 35 25 29 ]
CSI_DATA,STA,E4:D1:24:F2:5E:80,-84,10,0,0,0,0,0,0,0,0,0,-97,0,9,0,107351324,0,389,0,0,107.734,128,[-123 81 24 0 23 8 16 9 12 5 1 11 -4 7 -11 10 -12 13 -14 16 -18 20 -21 23 -20 19 -22 21 -15 17 -15 17 -14 14 -10 12 -12 9 -5 4 -6 -4 -10 -6 -9 -7 -4 -9 0 -11 -4 -17 2 -16 0 0 0 0 0 0 0 0 0 0 0 0 0 0 0 0 0 0 0 0 0 0 -3 -1 -2 -7 -1 -12 2 -11 3 -18 7 -13 7 -18 2 -19 3 -18 5 -19 -1 -19 1 -18 4 -17 3 -14 7 -8 0 -2 8 0 10 5 13 9 22 13 25 18 27 16 29 23 39 22 41 17 40 15 ]
CSI_DATA,STA,E4:D1:24:F2:5E:80,-84,10,0,0,0,0,0,0,0,0,0,-97,0,9,0,107453727,0,389,0,0,107.836,128,[-123 81 24 0 28 0 28 7 15 13 11 9 4 10 -10 16 -6 19 -10 23 -8 22 -10 25 -8 30 -16 30 -4 29 -10 22 -9 22 -7 14 -4 15 -4 8 -2 4 -13 4 -10 -3 -8 -4 -15 -7 -11 -9 -13 -12 0 0 0 0 0 0 0 0 0 0 0 0 0 0 0 0 0 0 0 0 0 0 -2 -5 1 -5 2 -8 7 -10 10 -14 11 -12 8 -15 10 -19 9 -18 5 -17 9 -17 7 -17 5 -10 4 -18 5 -7 5 -9 11 6 9 4 14 12 21 14 24 16 30 19 26 25 40 17 38 15 43 8 ]
CSI_DATA,STA,E4:D1:24:F2:5E:80,-84,10,0,0,0,0,0,0,0,0,0,-97,0,9,0,107482250,0,64,0,0,107.868,128,[64 0 4 0 -5 32 -5 24 -7 15 -6 6 -9 0 -16 -5 -16 -12 -20 -13 -22 -14 -26 -12 -26 -15 -23 -13 -27 -7 -23 -11 -23 -14 -20 -11 -13 -9 -7 -9 -8 -7 0 -9 2 -6 7 -5 12 -9 13 -5 18 -2 0 0 0 0 0 0 0 0 0 0 0 0 0 0 0 0 0 0 0 0 0 0 7 0 6 -2 13 -1 9 -2 16 0 17 5 18 0 19 1 18 -1 25 -3 15 0 19 -2 15 0 8 -4 8 0 2 4 1 6 -9 10 -15 14 -9 16 -15 30 -12 35 -20 37 -13 41 -11 38 -6 46 ]
CSI_DATA,STA,E4:D1:24:F2:5E:80,-85,10,0,0,0,0,0,0,0,0,0,-97,0,9,0,107556129,0,389,0,0,107.939,128,[-123 81 24 0 3 28 0 21 -2 15 -8 8 -11 2 -11 -2 -16 -15 -17 -14 -15 -17 -20 -22 -22 -17 -21 -16 -21 -18 -20 -16 -17 -16 -16 -12 -12 -15 -10 -8 -1 -5 -3 -7 5 -5 7 -2 10 -4 10 -1 15 2 0 0 0 0 0 0 0 0 0 0 0 0 0 0 0 0 0 0 0 0 0 0 1 -1 4 -3 8 -3 11 -2 11 -4 13 -3 19 -5 21 -5 19 -3 19 -12 14 -9 15 -7 16 -9 9 -4 5 2 2 1 -3 3 -3 9 -4 22 -7 18 -13 24 -11 31 -10 32 -12 38 -10 43 -6 37 ]
CSI_DATA,STA,E4:D1:24:F2:5E:80,-85,10,0,0,0,0,0,0,0,0,0,-97,0,9,0,107658531,0,389,0,0,108.041,128,[-123 81 24 0 -3 29 1 17 0 6 -6 9 -11 -3 -12 -8 -21 -10 -19 -12 -28 -11 -25 -16 -23 -17 -30 -11 -22 -7 -19 -9 -16 -11 -17 -6 -10 -7 -7 -7 -2 -10 2 -5 10 -8 9 -4 11 -3 11 -2 14 -4 0 0 0 0 0 0 0 0 0 0 0 0 0 0 0 0 0 0 0 0 0 0 0 -4 5 -1 3 -4 11 -5 12 -5 12 -5 19 -9 17 -11 16 -7 18 -6 18 -8 14 -7 14 -3 11 -1 8 -3 -1 0 0 4 -7 11 -3 18 -8 25 -14 27 -4 30 -4 38 -2 37 -1 48 -1 45 ]
CSI_DATA,STA,E4:D1:24:F2:5E:80,-85,10,0,0,0,0,0,0,0,0,0,-97,0,9,0,107760934,0,389,0,0,108.144,128,[-123 81 24 0 6 19 2 17 -5 13 -5 11 -12 -3 -14 -1 -12 -6 -20 -6 -22 -4 -23 -7 -23 -10 -22 -4 -20 -11 -18 -6 -14 -5 -14 -7 -8 -5 -5 -4 -4 -4 1 -4 2 -13 1 -8 7 -9 11 -6 14 -8 0 0 0 0 0 0 0 0 0 0 0 0 0 0 0 0 0 0 0 0 0 0 5 -2 4 -3 7 -4 9 -4 11 -2 20 -4 16 -3 16 -2 17 -4 14 -7 17 -4 12 -6 12 0 13 -3 -1 0 1 3 -3 5 3 5 -6 20 -2 27 -5 20 -6 30 -4 32 -6 34 2 38 0 40 ]
CSI_DATA,STA,E4:D1:24:F2:5E:80,-84,10,0,0,0,0,0,0,0,0,0,-97,0,9,0,107965738,0,389,0,0,108.349,128,[-123 81 24 0 -18 31 -16 25 -16 11 -6 6 -12 -7 -13 -11 -14 -18 -14 -21 -14 -26 -21 -29 -24 -19 -23 -25 -24 -24 -20 -14 -21 -17 -14 -14 -15 -13 -11 -8 -7 -15 2 -9 7 -13 7 -4 11 -5 13 -1 20 2 0 0 0 0 0 0 0 0 0 0 0 0 0 0 0 0 0 0 0 0 0 0 4 0 8 2 7 4 6 9 8 9 14 12 19 11 18 12 21 10 24 11 20 9 19 5 16 8 12 9 12 5 2 -1 -1 4 -10 3 -13 6 -21 20 -27 18 -24 27 -32 31 -31 30 -33 39 -28 36 ]
CSI_DATA,STA,E4:D1:24:F2:5E:80,-85,10,0,0,0,0,0,0,0,0,0,-97,0,9,0,108068141,0,389,0,0,108.451,128,[-123 81 24 0 -14 34 -12 21 -10 12 -8 9 -12 1 -14 -10 -13 -8 -18 -7 -14 -17 -24 -19 -23 -23 -22 -14 -19 -18 -20 -16 -19 -11 -18 -12 -15 -8 -9 -9 -6 -7 -5 -9 8 -5 3 -9 8 -8 10 -3 13 -6 0 0 0 0 0 0 0 0 0 0 0 0 0 0 0 0 0 0 0 0 0 0 1 -3 5 2 7 1 8 1 14 4 11 7 15 6 20 0 16 6 19 3 17 3 21 2 14 2 11 -5 12 5 3 0 1 4 -6 4 -6 12 -13 19 -16 26 -22 27 -22 30 -19 39 -20 45 -18 48 ]
CSI_DATA,STA,E4:D1:24:F2:5E:80,-84,10,0,0,0,0,0,0,0,0,0,-97,0,9,0,108170543,0,389,0,0,108.553,128,[-123 81 24 0 21 24 15 14 10 15 -3 12 -3 8 -14 9 -18 4 -22 7 -25 10 -24 13 -22 13 -24 13 -26 10 -22 7 -20 11 -17 12 -16 6 -17 -1 -9 -2 -9 -3 -5 -7 -3 -9 -4 -11 1 -13 3 -19 0 0 0 0 0 0 0 0 0 0 0 0 0 0 0 0 0 0 0 0 0 0 2 -6 2 -3 1 -3 8 -5 11 -6 12 -8 16 -8 17 -10 17 -15 16 -12 14 -10 15 -15 8 -18 6 -13 6 -9 1 -3 5 -3 11 6 8 12 7 20 3 20 16 29 15 36 22 38 23 35 33 36 ]
CSI_DATA,STA,E4:D1:24:F2:5E:80,-85,10,0,0,0,0,0,0,0,0,0,-97,0,9,0,108272945,0,389,0,0,108.656,128,[-123 81 24 0 -31 -19 -22 -16 -13 -14 -3 -11 7 -12 10 -9 14 -12 20 -8 20 -13 26 -13 20 -18 21 -22 22 -16 16 -15 13 -18 14 -7 12 -10 10 -3 6 0 8 3 4 9 1 10 -5 11 -2 13 -7 9 0 0 0 0 0 0 0 0 0 0 0 0 0 0 0 0 0 0 0 0 0 0 1 0 2 1 -2 6 -2 9 -6 7 -12 13 -7 14 -7 16 -11 17 -11 17 -5 16 -4 19 -4 12 -6 13 -1 7 -7 5 -2 -3 -7 -6 -10 -15 -15 -14 -22 -16 -22 -27 -30 -29 -31 -28 -41 -26 -49 -26 ]
