type,role,mac,rssi,rate,sig_mode,mcs,bandwidth,smoothing,not_sounding,aggregation,stbc,fec_coding,sgi,noise_floor,ampdu_cnt,channel,secondary_channel,local_timestamp,ant,sig_len,rx_state,real_time_set,real_timestamp,len,CSI_DATA
CSI_DATA,STA,E4:D1:24:F2:5E:80,-84,10,0,0,0,0,0,0,0,0,0,-96,0,9,0,9420,0,401,0,0,0.391726,128,[-111 17 25 0 19 -34 19 -40 17 -34 15 -36 10 -33 9 -35 4 -29 11 -28 10 -18 4 -14 3 -12 6 -2 9 -4 12 3 10 8 13 12 17 13 20 10 15 15 18 12 15 10 8 10 9 10 5 7 4 9 0 0 0 0 0 0 0 0 0 0 0 0 0 0 0 0 0 0 0 0 0 0 7 19 8 19 7 19 6 17 1 14 4 18 2 10 -3 2 0 0 -6 -8 -17 -7 -10 -8 -19 -7 -28 -10 -22 -15 -31 -16 -36 -11 -34 -11 -33 -10 -31 -8 -31 -7 -24 -10 -12 -6 -4 -10 -2 -11 10 -22 ]
CSI_DATA,STA,E4:D1:24:F2:5E:80,-85,10,0,0,0,0,0,0,0,0,0,-96,0,9,0,23314,0,389,0,0,0.450009,128,[-123 81 24 0 -20 36 -20 38 -13 37 -14 36 -17 36 -10 38 -7 28 -6 23 -9 19 0 13 -7 12 -10 -1 -11 -2 -12 -10 -16 -10 -21 -10 -16 -12 -20 -16 -15 -16 -16 -16 -15 -14 -12 -11 -11 -11 -12 -8 -8 -12 0 0 0 0 0 0 0 0 0 0 0 0 0 0 0 0 0 0 0 0 0 0 -10 -20 -6 -18 -4 -18 -6 -17 -2 -22 -4 -15 -1 -10 1 -2 4 -5 9 -1 12 5 13 8 14 9 23 10 26 8 29 14 30 12 33 10 31 8 29 5 27 0 22 4 19 10 9 6 1 11 -4 20 ]
CSI_DATA,STA,E4:D1:24:F2:5E:80,-85,10,0,0,0,0,0,0,0,0,0,-96,0,9,0,123417,0,30,0,0,0.50522,128,[30 -32 1 0 35 12 36 11 38 9 40 9 38 11 36 7 26 3 21 1 16 -1 10 3 10 7 4 5 -7 7 -7 11 -9 10 -5 15 -14 10 -16 12 -18 17 -14 15 -13 13 -14 8 -10 10 -11 8 -6 1 0 0 0 0 0 0 0 0 0 0 0 0 0 0 0 0 0 0 0 0 0 0 -10 15 -15 13 -10 12 -10 11 -6 8 -7 9 -2 4 -3 -5 0 -4 0 -10 3 -11 -1 -21 0 -21 0 -22 -4 -30 -1 -33 0 -28 -4 -30 -3 -31 1 -29 -7 -27 -1 -19 7 -15 4 -8 14 -1 16 3 ]
CSI_DATA,STA,E4:D1:24:F2:5E:80,-85,10,0,0,0,0,0,0,0,0,0,-96,0,9,0,125717,0,389,0,0,0.544183,128,[-123 81 24 0 -4 -36 -9 -39 2 -34 -6 -41 -8 -38 -11 -35 -11 -25 -5 -25 -4 -14 -4 -15 0 -12 6 -6 6 0 10 -2 13 3 21 -1 18 2 15 8 22 4 18 6 15 8 16 9 8 5 8 8 5 5 0 0 0 0 0 0 0 0 0 0 0 0 0 0 0 0 0 0 0 0 0 0 17 6 16 9 16 5 12 4 7 6 5 4 4 6 1 7 -8 -2 -11 5 -10 0 -16 1 -19 -1 -23 8 -24 8 -37 3 -32 11 -35 9 -26 13 -20 10 -18 6 -17 2 -10 -3 -9 -4 -4 -11 -4 -19 ]
CSI_DATA,STA,E4:D1:24:F2:5E:80,-85,10,0,0,0,0,0,0,0,0,0,-96,0,9,0,224891,0,401,0,0,0.606817,128,[-111 17 25 0 19 -28 16 -38 16 -37 12 -35 12 -31 11 -27 7 -24 0 -25 5 -19 -1 -19 6 -10 7 -1 8 1 8 9 12 8 16 4 17 11 14 11 14 8 16 6 17 8 14 4 12 4 7 6 7 5 0 0 0 0 0 0 0 0 0 0 0 0 0 0 0 0 0 0 0 0 0 0 1 16 -2 20 -3 20 -6 20 -4 15 -5 8 -3 4 -3 6 -4 1 -8 -2 -6 -8 -9 -13 -14 -18 -16 -18 -20 -21 -25 -20 -28 -16 -29 -17 -25 -12 -22 -15 -23 -10 -19 -9 -17 -12 -9 -12 1 -17 7 -19 ]
CSI_DATA,STA,E4:D1:24:F2:5E:80,-85,10,0,0,0,0,0,0,0,0,0,-96,0,9,0,228119,0,389,0,0,0.641049,128,[-123 81 24 0 29 -12 33 -15 37 -19 38 -17 29 -14 27 -17 25 -19 20 -15 17 -8 8 -10 3 -5 11 3 6 10 5 9 6 11 9 12 7 19 5 15 6 14 3 16 6 16 1 16 3 18 2 12 3 9 0 0 0 0 0 0 0 0 0 0 0 0 0 0 0 0 0 0 0 0 0 0 -10 17 -15 17 -14 9 -15 14 -14 12 -7 6 -10 7 -6 2 -8 -4 -5 -10 -2 -15 -5 -20 -2 -22 1 -24 -7 -29 -15 -25 -11 -30 -14 -23 -13 -26 -19 -22 -13 -23 -12 -16 -6 -13 0 -12 8 -9 15 -15 ]
CSI_DATA,STA,E4:D1:24:F2:5E:80,-85,10,0,0,0,0,0,0,0,0,0,-96,0,9,0,330522,0,389,0,0,0.711958,128,[-123 81 24 0 -28 -16 -39 -6 -41 -13 -39 -6 -38 -7 -36 -7 -31 -8 -28 3 -18 -2 -12 -4 -8 -3 -5 -9 3 -11 5 -15 5 -11 6 -14 9 -15 12 -16 11 -16 13 -12 11 -16 11 -12 8 -12 8 -6 10 -10 0 0 0 0 0 0 0 0 0 0 0 0 0 0 0 0 0 0 0 0 0 0 16 -18 10 -14 12 -10 8 -11 11 -12 10 -6 10 -7 8 -2 0 1 -3 2 -3 16 -3 16 -9 19 -3 21 -9 27 -2 32 1 30 0 31 2 28 6 26 4 26 3 19 4 15 -12 13 -8 6 -16 -1 ]
CSI_DATA,STA,E4:D1:24:F2:5E:80,-85,10,0,0,0,0,0,0,0,0,0,-96,0,9,0,2658795,0,401,0,0,3.04093,128,[-111 17 25 0 13 33 14 32 18 33 19 32 18 36 19 32 21 26 21 24 14 16 10 18 2 10 4 12 2 7 -6 3 -10 0 -18 -2 -15 -6 -21 -3 -16 -8 -18 -9 -16 -11 -20 -10 -15 -11 -11 -10 -5 -10 0 0 0 0 0 0 0 0 0 0 0 0 0 0 0 0 0 0 0 0 0 0 -15 12 -10 10 -15 14 -10 8 -6 12 -9 8 -4 8 1 -2 -7 2 2 -5 4 -8 7 -16 7 -22 14 -18 18 -26 11 -28 11 -34 9 -31 13 -30 5 -31 6 -24 3 -22 4 -12 4 -6 5 1 4 12 ]
CSI_DATA,STA,E4:D1:24:F2:5E:80,-84,10,0,0,0,0,0,0,0,0,0,-96,0,9,0,2659583,0,401,0,0,3.07479,128,[-111 17 25 0 6 -26 8 -35 12 -38 6 -36 5 -28 9 -22 3 -33 2 -25 -1 -12 2 -17 3 -15 3 -6 -1 -5 1 1 2 10 4 11 2 12 4 17 5 16 9 14 6 14 -4 19 -2 12 -3 11 -2 8 0 0 0 0 0 0 0 0 0 0 0 0 0 0 0 0 0 0 0 0 0 0 12 -12 18 -8 13 -8 18 -5 10 -4 8 -4 17 -1 1 2 -3 -4 -6 10 -9 14 -8 10 -18 11 -18 13 -18 10 -16 15 -23 17 -22 20 -21 16 -23 19 -23 14 -14 17 -7 11 -11 6 6 -5 3 -12 ]
CSI_DATA,STA,E4:D1:24:F2:5E:80,-85,10,0,0,0,0,0,0,0,0,0,-96,0,9,0,2685780,0,389,0,0,3.11474,128,[-123 81 24 0 -11 33 -6 35 -10 39 -4 35 -6 40 -3 36 -3 30 -8 30 -6 24 -5 16 -7 12 -5 7 -2 2 -6 -2 -8 -7 -10 -9 -8 -15 -8 -19 -7 -17 -10 -16 -7 -16 -4 -18 -2 -15 -2 -15 0 -13 0 0 0 0 0 0 0 0 0 0 0 0 0 0 0 0 0 0 0 0 0 0 -17 5 -16 5 -18 5 -18 1 -16 3 -11 2 -9 0 -7 2 2 -1 4 -6 11 -7 14 -11 18 -12 22 -7 24 -11 28 -13 29 -21 29 -18 24 -21 20 -16 22 -20 17 -14 12 -13 10 -1 0 2 -6 19 ]
CSI_DATA,STA,E4:D1:24:F2:5E:80,-85,10,0,0,0,0,0,0,0,0,0,-96,0,9,0,2788183,0,389,0,0,3.17018,128,[-123 81 24 0 22 21 25 23 31 19 28 18 30 20 25 16 24 19 23 16 21 13 12 13 11 5 3 6 -5 5 -7 3 -5 1 -14 7 -13 9 -17 5 -19 5 -19 1 -18 4 -18 2 -16 1 -12 4 -11 2 0 0 0 0 0 0 0 0 0 0 0 0 0 0 0 0 0 0 0 0 0 0 -9 9 -14 10 -13 9 -15 6 -13 6 -11 9 -7 6 -5 2 -6 -7 0 -2 2 -10 6 -13 8 -17 8 -18 6 -20 10 -27 7 -28 5 -29 3 -33 5 -31 -3 -26 0 -23 2 -13 4 -6 6 -5 11 1 ]
CSI_DATA,STA,E4:D1:24:F2:5E:80,-86,10,0,0,0,0,0,0,0,0,0,-96,0,9,0,2790059,0,34,0,0,3.20502,128,[34 32 2 0 31 -3 33 -6 31 -6 41 -18 35 -9 32 -8 28 -9 30 -14 18 -2 11 -7 14 -4 3 3 2 2 7 5 -4 9 -1 13 -9 21 -13 21 -10 19 -13 11 -10 7 -11 5 -6 12 -3 10 -10 9 0 0 0 0 0 0 0 0 0 0 0 0 0 0 0 0 0 0 0 0 0 0 5 20 0 20 3 14 3 12 0 11 2 11 0 6 -5 4 -1 -2 -4 -7 -1 4 -9 -15 -8 -18 -14 -20 -14 -28 -15 -30 -22 -23 -23 -24 -20 -21 -18 -21 -26 -15 -13 -9 -5 -13 -9 -11 4 -7 7 -11 ]
CSI_DATA,STA,E4:D1:24:F2:5E:80,-85,10,0,0,0,0,0,0,0,0,0,-96,0,9,0,2875157,0,141,0,0,3.25673,128,[-115 -48 8 0 20 -30 16 -33 11 -37 16 -38 18 -33 16 -36 12 -28 8 -23 10 -24 10 -12 3 -11 8 -7 11 -3 6 7 11 13 6 17 10 11 5 18 8 16 6 21 6 15 6 14 3 13 4 16 2 9 0 0 0 0 0 0 0 0 0 0 0 0 0 0 0 0 0 0 0 0 0 0 17 9 16 4 17 4 16 7 11 5 7 4 1 9 7 2 2 4 -8 -2 -8 -1 -16 -2 -19 -6 -27 -4 -30 3 -31 1 -32 1 -36 4 -32 5 -29 3 -26 4 -20 4 -17 3 -16 6 -5 -7 5 -12 ]
CSI_DATA,STA,E4:D1:24:F2:5E:80,-84,10,0,0,0,0,0,0,0,0,0,-96,0,9,0,2875547,0,141,0,0,3.28801,128,[-115 -48 8 0 18 -20 15 -28 21 -32 19 -30 13 -30 9 -33 15 -25 5 -20 7 -23 6 -18 5 -6 6 1 5 0 6 7 7 8 8 11 7 13 8 16 2 17 10 14 11 15 0 11 5 17 2 8 2 7 0 0 0 0 0 0 0 0 0 0 0 0 0 0 0 0 0 0 0 0 0 0 11 9 9 9 9 13 4 11 8 14 1 4 2 6 2 3 0 -3 -2 -1 -13 -6 -10 -7 -14 -8 -24 -8 -19 -11 -34 -10 -26 -11 -30 -7 -31 2 -24 -6 -24 -1 -23 -5 -14 -12 -6 -7 5 -6 3 -14 ]
CSI_DATA,STA,E4:D1:24:F2:5E:80,-85,10,0,0,0,0,0,0,0,0,0,-96,0,9,0,2890585,0,389,0,0,3.32734,128,[-123 81 24 0 -22 20 -28 33 -26 31 -31 33 -27 34 -19 25 -14 27 -14 20 -12 22 -9 11 -12 7 -9 5 -1 -1 -6 -10 -4 -8 -6 -15 1 -15 -3 -20 0 -23 -2 -20 -1 -21 -4 -19 4 -18 2 -13 7 -11 0 0 0 0 0 0 0 0 0 0 0 0 0 0 0 0 0 0 0 0 0 0 -13 -8 -14 -16 -16 -10 -12 -11 -6 -7 -11 -8 -5 -5 -6 -6 1 1 8 1 9 2 13 7 21 6 24 8 26 6 30 7 32 4 36 3 32 1 36 -1 31 2 24 -3 16 -2 12 6 4 7 -4 13 ]
CSI_DATA,STA,E4:D1:24:F2:5E:80,-85,10,0,0,0,0,0,0,0,0,0,-96,0,9,0,2992987,0,389,0,0,3.39446,128,[-123 81 24 0 31 -1 34 5 43 1 39 -2 40 -1 33 -2 33 -1 31 -5 29 2 16 -4 11 0 6 1 1 5 -4 9 -7 6 -13 9 -11 16 -15 13 -11 10 -17 8 -15 12 -11 12 -12 9 -12 6 -15 3 0 0 0 0 0 0 0 0 0 0 0 0 0 0 0 0 0 0 0 0 0 0 -2 17 -2 18 -2 18 -8 14 -6 11 -6 8 2 6 1 2 -2 1 -5 -4 -3 -2 -7 -13 -11 -20 -5 -21 -8 -26 -11 -24 -9 -29 -9 -29 -12 -32 -12 -28 -16 -27 -16 -17 -10 -15 -2 -9 5 -5 9 3 ]
CSI_DATA,STA,E4:D1:24:F2:5E:80,-85,10,0,0,0,0,0,0,0,0,0,-96,0,9,0,3095390,0,389,0,0,3.4773,128,[-123 81 24 0 31 3 34 3 40 4 41 0 34 3 30 -2 31 0 27 -4 20 -1 16 2 12 0 7 0 1 6 -2 7 -3 11 -8 12 -11 13 -12 15 -13 13 -12 12 -11 14 -13 10 -11 13 -10 9 -10 6 0 0 0 0 0 0 0 0 0 0 0 0 0 0 0 0 0 0 0 0 0 0 -2 14 -3 15 -3 15 -2 15 -4 16 -2 11 1 6 -3 3 1 -3 0 -5 -4 -10 -4 -18 -4 -18 -10 -29 -8 -25 -9 -28 -14 -30 -16 -28 -17 -31 -17 -29 -12 -27 -12 -19 -10 -16 -4 -7 4 -9 10 -1 ]
CSI_DATA,STA,E4:D1:24:F2:5E:80,-85,10,0,0,0,0,0,0,0,0,0,-96,0,9,0,3161636,0,368,0,0,3.54321,128,[112 1 23 0 29 -7 33 -12 44 -13 37 -17 33 -14 28 -19 29 -16 24 -14 21 -6 14 -7 10 -3 8 -1 -1 2 -2 5 0 13 -5 15 -10 18 -8 17 -11 18 -12 18 -9 19 -10 17 -13 11 -12 11 -12 4 0 0 0 0 0 0 0 0 0 0 0 0 0 0 0 0 0 0 0 0 0 0 8 13 11 16 5 16 9 11 5 13 1 8 2 5 -8 3 -2 4 -3 3 -6 -8 -9 -13 -19 -14 -18 -21 -19 -16 -23 -23 -25 -20 -24 -25 -24 -20 -28 -14 -22 -15 -23 -11 -20 -12 -10 -6 3 -12 7 -9 ]
CSI_DATA,STA,E4:D1:24:F2:5E:80,-85,10,0,0,0,0,0,0,0,0,0,-96,0,9,0,3197792,0,389,0,0,3.5795,128,[-123 81 24 0 -6 38 -14 35 -14 41 -6 34 -7 42 -2 38 -3 37 2 28 -2 21 0 14 -4 16 -14 4 -6 5 -8 -6 -11 -7 -11 -7 -13 -12 -14 -11 -17 -12 -13 -14 -16 -13 -14 -14 -11 -14 -8 -15 -8 -11 0 0 0 0 0 0 0 0 0 0 0 0 0 0 0 0 0 0 0 0 0 0 -18 -11 -17 -6 -20 -13 -14 -7 -13 -6 -9 -4 -11 -5 -4 -5 -1 -3 5 3 12 -1 15 1 20 -1 21 -1 32 -1 28 -2 27 -7 28 -8 26 -16 26 -14 20 -16 25 -11 22 -6 13 4 4 2 3 16 ]
CSI_DATA,STA,E4:D1:24:F2:5E:80,-84,10,0,0,0,0,0,0,0,0,0,-96,0,9,0,3261582,0,368,0,0,3.64315,128,[112 1 23 0 16 28 24 30 24 34 25 31 17 28 19 27 17 22 22 21 14 13 13 7 9 9 0 7 -5 8 -4 2 -9 4 -15 4 -15 -1 -19 3 -19 1 -22 6 -18 0 -18 -1 -14 -4 -13 -3 -10 -6 0 0 0 0 0 0 0 0 0 0 0 0 0 0 0 0 0 0 0 0 0 0 -17 13 -19 12 -18 5 -18 6 -14 5 -12 3 -9 -2 -4 1 -4 -5 1 -4 4 -4 11 -16 13 -23 13 -22 11 -27 16 -26 12 -36 19 -31 12 -28 14 -29 2 -25 3 -23 5 -20 7 -9 3 -4 10 7 ]
CSI_DATA,STA,E4:D1:24:F2:5E:80,-83,10,0,0,0,0,0,0,0,0,0,-97,0,9,0,3300194,0,389,0,0,3.68193,128,[-123 81 24 0 31 14 36 16 32 17 36 18 40 17 33 8 30 6 28 7 26 7 12 7 12 10 2 7 2 10 2 9 -6 8 -13 10 -15 7 -15 9 -19 2 -16 2 -23 7 -21 3 -13 4 -11 -1 -15 -3 0 0 0 0 0 0 0 0 0 0 0 0 0 0 0 0 0 0 0 0 0 0 -7 19 -6 19 -2 17 -5 15 -3 14 -4 12 -5 7 -3 5 -1 2 0 -3 -4 -10 -1 -18 -1 -27 -2 -24 -1 -26 -3 -34 -9 -34 -11 -33 -5 -31 -8 -34 -8 -28 -12 -26 -3 -13 0 -8 -2 -4 12 6 ]
CSI_DATA,STA,E4:D1:24:F2:5E:80,-84,10,0,0,0,0,0,0,0,0,0,-97,0,9,0,3402599,0,389,0,0,3.78422,128,[-123 81 24 0 -17 -23 -19 -23 -25 -27 -23 -27 -25 -21 -23 -18 -21 -19 -21 -17 -15 -14 -7 -12 -12 -9 -5 -11 -1 -8 5 -1 6 -1 11 -3 17 -1 14 -1 20 1 20 2 15 4 12 1 12 3 10 3 11 5 0 0 0 0 0 0 0 0 0 0 0 0 0 0 0 0 0 0 0 0 0 0 6 -15 8 -14 13 -12 9 -10 11 -8 8 -8 6 -6 -2 -3 6 0 -3 2 -1 11 -11 17 -7 19 -9 21 -7 27 -15 26 -9 28 -11 33 -6 32 -1 28 0 21 -2 19 -2 13 -3 12 -3 -5 -9 -9 ]
CSI_DATA,STA,E4:D1:24:F2:5E:80,-83,10,0,0,0,0,0,0,0,0,0,-97,0,9,0,3505001,0,389,0,0,3.88661,128,[-123 81 24 0 9 28 15 30 15 33 17 32 20 32 15 25 17 24 11 20 9 13 8 10 7 8 -1 7 -4 4 -10 2 -16 2 -14 2 -15 -2 -20 1 -18 -1 -21 -1 -13 -2 -20 -3 -15 -1 -13 -5 -9 -5 0 0 0 0 0 0 0 0 0 0 0 0 0 0 0 0 0 0 0 0 0 0 -19 4 -19 -2 -19 1 -13 0 -15 1 -14 -1 -4 2 -3 -2 -3 -4 1 -8 6 -10 10 -5 13 -7 17 -13 18 -17 20 -20 20 -18 18 -23 14 -23 14 -21 11 -24 9 -19 11 -11 4 -6 8 1 8 7 ]
CSI_DATA,STA,E4:D1:24:F2:5E:80,-82,10,0,0,0,0,0,0,0,0,0,-97,0,9,0,3607404,0,389,0,0,3.98934,128,[-123 81 24 0 -12 24 -13 25 -13 35 -13 34 -11 33 -8 34 -5 30 -8 27 -7 15 -7 15 -4 11 -9 6 -5 -1 -5 -4 -8 -7 -6 -8 -4 -18 -7 -19 -11 -13 -4 -16 -7 -20 -4 -17 -1 -16 -1 -12 2 -11 0 0 0 0 0 0 0 0 0 0 0 0 0 0 0 0 0 0 0 0 0 0 -18 0 -14 -3 -16 -6 -16 -3 -13 -2 -10 -2 -10 -3 -3 -3 -2 -3 5 -3 9 -3 15 -2 18 -2 24 -4 24 -7 28 -9 26 -9 30 -10 29 -6 29 -13 25 -8 19 -6 15 -7 11 -1 -1 4 1 13 ]
CSI_DATA,STA,E4:D1:24:F2:5E:80,-84,10,0,0,0,0,0,0,0,0,0,-97,0,9,0,3621993,0,145,0,0,4.02241,128,[-111 16 9 0 -17 25 -21 22 -23 26 -23 33 -21 26 -19 27 -16 23 -10 22 -10 18 -6 16 -7 6 -5 1 -5 0 -9 -4 -8 -9 -7 -10 -8 -12 -4 -17 -4 -12 -7 -15 -6 -19 -2 -17 -2 -13 -4 -13 0 -10 0 0 0 0 0 0 0 0 0 0 0 0 0 0 0 0 0 0 0 0 0 0 -14 -8 -14 -8 -17 -6 -11 -11 -8 -8 -8 -8 -7 -7 -3 -6 -3 3 4 1 7 1 12 0 17 4 23 2 25 8 28 5 33 1 30 1 28 -4 27 -4 22 -4 15 1 18 1 7 3 3 8 -6 8 ]
CSI_DATA,STA,E4:D1:24:F2:5E:80,-83,10,0,0,0,0,0,0,0,0,0,-97,0,9,0,3709806,0,389,0,0,4.09149,128,[-123 81 24 0 -12 29 -12 34 -13 39 -8 41 -10 34 -3 36 -9 33 -9 28 -3 22 -7 14 -2 9 -7 7 -7 1 -7 -3 -9 -11 -12 -9 -12 -12 -17 -14 -10 -19 -13 -17 -10 -18 -11 -17 -10 -10 -9 -13 -2 -11 0 0 0 0 0 0 0 0 0 0 0 0 0 0 0 0 0 0 0 0 0 0 -16 -7 -20 -8 -16 -13 -15 -6 -11 -10 -13 -3 -10 -4 0 -4 -1 0 -1 -1 9 -3 5 1 19 -1 22 2 25 -6 33 -3 34 -7 34 -5 32 -6 27 -10 27 -15 15 -9 18 -8 8 -1 -1 8 -4 13 ]
CSI_DATA,STA,E4:D1:24:F2:5E:80,-83,10,0,0,0,0,0,0,0,0,0,-97,0,9,0,3812208,0,389,0,0,4.19412,128,[-123 81 24 0 -18 -26 -21 -31 -17 -27 -21 -29 -20 -26 -21 -28 -16 -26 -16 -17 -16 -16 -9 -9 -6 -11 -3 -8 2 -7 7 -5 7 -3 10 0 16 1 14 0 18 3 17 5 13 6 16 9 13 5 9 3 8 0 0 0 0 0 0 0 0 0 0 0 0 0 0 0 0 0 0 0 0 0 0 0 8 -13 13 -13 11 -8 11 -11 9 -9 5 -7 7 -3 0 -1 2 0 -2 6 -5 6 -7 11 -14 15 -7 16 -10 23 -10 26 -5 24 -13 29 -9 29 -9 26 -8 24 -8 17 -4 18 -3 10 -3 0 -13 -12 ]
CSI_DATA,STA,E4:D1:24:F2:5E:80,-83,10,0,0,0,0,0,0,0,0,0,-97,0,9,0,3914611,0,389,0,0,4.29626,128,[-123 81 24 0 -31 -8 -34 -6 -43 -11 -42 -7 -32 -8 -42 -6 -36 -4 -26 0 -26 -7 -22 -1 -14 -5 -11 -6 -8 -8 -3 -10 2 -6 13 -11 9 -15 13 -14 14 -13 18 -15 14 -16 14 -15 14 -8 12 -11 14 -1 0 0 0 0 0 0 0 0 0 0 0 0 0 0 0 0 0 0 0 0 0 0 2 -17 3 -16 2 -15 3 -14 4 -13 5 -13 -2 -9 5 1 -2 3 0 3 5 9 4 13 1 16 1 20 3 27 3 24 13 29 10 33 14 29 7 29 10 26 6 21 7 15 -1 10 -5 -1 -14 -2 ]
CSI_DATA,STA,E4:D1:24:F2:5E:80,-83,10,0,0,0,0,0,0,0,0,0,-97,0,9,0,4017013,0,389,0,0,4.39863,128,[-123 81 24 0 27 28 25 27 27 23 34 26 29 23 32 15 30 16 20 13 23 10 15 14 9 7 1 10 -4 5 -7 6 -10 11 -15 9 -13 7 -14 7 -18 7 -23 7 -22 8 -15 10 -17 3 -15 4 -10 -1 0 0 0 0 0 0 0 0 0 0 0 0 0 0 0 0 0 0 0 0 0 0 -20 6 -16 4 -20 6 -16 4 -12 0 -11 4 -11 2 -7 2 2 -2 3 -5 3 -13 6 -14 9 -19 15 -19 17 -23 18 -32 14 -30 8 -33 11 -34 11 -30 1 -31 0 -24 4 -19 3 -14 11 -2 10 10 ]
CSI_DATA,STA,E4:D1:24:F2:5E:80,-83,10,0,0,0,0,0,0,0,0,0,-97,0,9,0,4119415,0,389,0,0,4.50136,128,[-123 81 24 0 -18 24 -12 31 -9 38 -13 38 -11 33 -2 31 -5 29 -5 23 -5 14 -2 11 -5 10 -2 2 -8 0 -5 -7 -6 -9 -6 -9 -8 -12 -10 -16 -5 -15 -7 -16 -2 -17 -2 -13 -2 -15 -1 -12 2 -13 0 0 0 0 0 0 0 0 0 0 0 0 0 0 0 0 0 0 0 0 0 0 -18 0 -15 -1 -20 -1 -12 -3 -13 -3 -10 1 -11 0 -5 -6 -5 -1 1 -3 7 -6 8 -7 16 -5 22 -4 28 -6 26 -11 28 -11 30 -19 28 -16 26 -13 19 -14 19 -11 15 -6 7 -2 5 3 -10 5 ]
CSI_DATA,STA,E4:D1:24:F2:5E:80,-83,10,0,0,0,0,0,0,0,0,0,-97,0,9,0,4162170,0,37,0,0,4.5439,128,[37 80 2 0 -27 -21 -32 -22 -32 -21 -37 -23 -33 -19 -29 -16 -30 -17 -26 -16 -15 -12 -12 -11 -12 -4 -6 -6 1 -9 7 -10 10 -6 10 -6 15 -3 16 -8 16 -7 21 -7 17 -5 18 -4 18 -1 16 0 8 0 0 0 0 0 0 0 0 0 0 0 0 0 0 0 0 0 0 0 0 0 0 0 12 -16 11 -15 12 -14 9 -13 7 -10 5 -9 7 -8 3 -4 -2 6 2 7 -7 12 -3 14 -10 22 -8 27 -6 23 -9 31 -6 30 -1 29 -1 29 -1 29 1 23 -4 17 -2 12 -2 7 -7 -3 -16 -9 ]
CSI_DATA,STA,E4:D1:24:F2:5E:80,-83,10,0,0,0,0,0,0,0,0,0,-97,0,9,0,4202562,0,66,0,0,4.58737,128,[66 32 4 0 -34 -1 -38 2 -41 8 -39 3 -37 2 -32 13 -29 9 -27 3 -16 7 -17 1 -12 -1 -9 -5 -3 -6 -4 -10 7 -12 7 -18 7 -14 10 -20 10 -19 10 -13 11 -20 10 -12 10 -13 9 -10 11 -3 0 0 0 0 0 0 0 0 0 0 0 0 0 0 0 0 0 0 0 0 0 0 -6 -18 -3 -19 -4 -16 4 -16 -3 -13 -4 -10 -1 -9 3 -6 6 -3 7 6 3 9 5 14 10 22 14 25 12 26 25 29 15 22 20 26 19 24 27 22 19 17 15 18 9 13 3 7 -2 5 -11 4 ]
CSI_DATA,STA,E4:D1:24:F2:5E:80,-85,10,0,0,0,0,0,0,0,0,0,-97,0,9,0,4203957,0,66,0,0,4.62706,128,[66 32 4 0 -13 29 -21 33 -12 34 -12 36 -15 34 -16 35 -13 31 -5 25 -11 16 -5 17 -5 9 -6 0 -8 3 -6 -1 -11 -12 -9 -15 -5 -21 -1 -20 -1 -20 -1 -16 3 -19 -5 -21 -1 -15 2 -11 0 -10 0 0 0 0 0 0 0 0 0 0 0 0 0 0 0 0 0 0 0 0 0 0 -19 2 -19 6 -19 -3 -19 3 -18 6 -14 1 -12 -2 -3 0 3 -2 1 -1 7 0 13 -9 16 -4 25 -5 26 -6 28 -10 29 -13 29 -9 28 -13 24 -15 25 -11 18 -8 17 -1 4 -6 0 5 1 10 ]
CSI_DATA,STA,E4:D1:24:F2:5E:80,-83,10,0,0,0,0,0,0,0,0,0,-97,0,9,0,4206022,0,66,0,0,4.66791,128,[66 32 4 0 35 5 31 -1 35 -1 40 -1 36 -4 28 2 24 3 24 3 18 2 14 0 13 3 1 7 -3 7 -3 8 -9 16 -14 6 -13 12 -17 6 -14 8 -16 8 -19 7 -16 10 -12 1 -9 -2 -11 -2 0 0 0 0 0 0 0 0 0 0 0 0 0 0 0 0 0 0 0 0 0 0 5 12 -1 11 2 18 5 13 1 11 0 8 0 9 -1 6 -8 2 -4 -13 -7 -7 -2 -16 -14 -18 -14 -21 -16 -21 -19 -27 -23 -24 -21 -23 -28 -29 -23 -22 -17 -11 -6 -7 -16 -5 -7 -11 -1 -1 7 6 ]
CSI_DATA,STA,E4:D1:24:F2:5E:80,-83,10,0,0,0,0,0,0,0,0,0,-97,0,9,0,4221855,0,389,0,0,4.70793,128,[-123 81 24 0 -26 -7 -38 -3 -38 -6 -39 -6 -31 -7 -32 -3 -31 -4 -24 -5 -20 -1 -14 -3 -10 -1 -4 -5 -2 -7 1 -9 3 -11 13 -7 11 -9 13 -6 19 -9 15 -8 14 -6 13 -7 11 -5 11 -2 11 1 0 0 0 0 0 0 0 0 0 0 0 0 0 0 0 0 0 0 0 0 0 0 -8 -13 -9 -18 -7 -18 -4 -14 -5 -11 -1 -6 -4 -10 -3 -5 4 0 2 5 12 9 7 12 6 12 12 23 13 19 13 21 15 22 19 23 19 23 19 19 10 16 14 14 9 9 4 6 -7 2 -14 2 ]
CSI_DATA,STA,E4:D1:24:F2:5E:80,-83,10,0,0,0,0,0,0,0,0,0,-97,0,9,0,4324220,0,389,0,0,4.74838,128,[-123 81 24 0 30 7 39 5 40 11 41 10 39 7 37 6 27 6 32 4 20 1 22 3 13 3 6 7 1 8 -5 3 -6 9 -12 13 -19 9 -16 12 -13 9 -17 13 -15 10 -17 6 -17 10 -17 2 -12 0 0 0 0 0 0 0 0 0 0 0 0 0 0 0 0 0 0 0 0 0 0 0 -2 19 -10 19 -6 20 -5 18 -6 14 -5 14 -3 7 -2 6 -4 -1 -1 -5 -2 -12 -5 -14 -5 -26 -5 -24 -7 -31 -9 -32 -10 -36 -10 -35 -12 -30 -17 -28 -14 -33 -4 -19 -7 -15 -7 -4 4 -2 16 -2 ]
CSI_DATA,STA,E4:D1:24:F2:5E:80,-83,10,0,0,0,0,0,0,0,0,0,-97,0,9,0,4412737,0,37,0,0,4.79443,128,[37 80 2 0 -32 1 -41 11 -37 2 -41 5 -37 2 -32 9 -31 8 -28 7 -20 5 -23 3 -12 -1 -7 -6 -5 -6 1 -5 5 -16 7 -12 6 -17 6 -20 8 -22 10 -17 10 -16 12 -14 11 -17 8 -12 3 -6 0 0 0 0 0 0 0 0 0 0 0 0 0 0 0 0 0 0 0 0 0 0 -3 -18 -1 -20 -2 -17 3 -18 -4 -13 -1 -13 -1 -6 2 -4 3 -2 6 4 0 9 5 14 6 20 13 22 13 21 16 26 17 25 20 25 23 27 20 26 24 17 11 12 11 12 7 8 -7 4 -14 3 ]
CSI_DATA,STA,E4:D1:24:F2:5E:80,-84,10,0,0,0,0,0,0,0,0,0,-97,0,9,0,4426623,0,389,0,0,4.82887,128,[-123 81 24 0 10 -33 9 -34 14 -38 8 -40 7 -38 6 -31 4 -32 3 -30 7 -25 8 -14 4 -9 1 0 3 -4 7 1 10 7 4 13 6 16 9 14 7 19 9 20 7 14 4 19 3 21 0 14 -4 12 0 0 0 0 0 0 0 0 0 0 0 0 0 0 0 0 0 0 0 0 0 0 19 2 19 2 15 0 17 -1 12 -2 9 3 4 1 -3 2 -1 0 -10 -2 -9 5 -17 5 -19 8 -25 4 -32 5 -31 16 -28 9 -29 13 -29 9 -32 19 -23 12 -20 12 -14 3 -9 2 -5 -5 4 -9 ]
CSI_DATA,STA,E4:D1:24:F2:5E:80,-83,10,0,0,0,0,0,0,0,0,0,-97,0,9,0,4529069,0,389,0,0,4.91103,128,[-123 81 24 0 -1 -31 0 -35 2 -37 -2 -37 -1 -38 -3 -34 -2 -25 -5 -22 -3 -19 -1 -17 4 -6 5 -1 4 -1 6 2 13 2 8 9 10 7 13 12 14 11 13 8 10 11 11 10 5 9 6 8 7 7 0 0 0 0 0 0 0 0 0 0 0 0 0 0 0 0 0 0 0 0 0 0 17 -3 15 -2 13 -4 15 -2 8 -1 10 -1 8 1 1 3 -1 0 -10 7 -8 6 -18 8 -17 12 -19 7 -25 11 -19 14 -29 15 -27 20 -22 18 -18 17 -20 15 -18 12 -8 6 -9 7 -3 -2 0 -17 ]
CSI_DATA,STA,E4:D1:24:F2:5E:80,-83,10,0,0,0,0,0,0,0,0,0,-97,0,9,0,4631427,0,389,0,0,5.01339,128,[-123 81 24 0 -14 -34 -18 -37 -18 -37 -24 -35 -26 -28 -24 -29 -20 -24 -23 -22 -18 -18 -10 -13 -12 -9 -4 -13 4 -11 6 -3 13 0 15 2 15 -7 18 1 17 -5 23 -1 18 -4 17 1 15 5 12 1 6 1 0 0 0 0 0 0 0 0 0 0 0 0 0 0 0 0 0 0 0 0 0 0 20 -5 17 -7 19 -5 15 -4 13 -1 11 -5 9 -1 -1 2 -3 5 -6 7 -7 9 -9 10 -16 14 -20 17 -24 21 -22 20 -21 23 -26 29 -18 24 -20 28 -11 19 -12 25 -12 14 -8 5 -15 0 -13 -4 ]
CSI_DATA,STA,E4:D1:24:F2:5E:80,-83,10,0,0,0,0,0,0,0,0,0,-97,0,9,0,4733830,0,389,0,0,5.11575,128,[-123 81 24 0 -36 5 -39 8 -44 5 -42 8 -36 6 -38 4 -30 10 -27 3 -19 4 -15 3 -16 3 -8 0 -3 2 2 -6 3 -9 5 -14 14 -20 9 -19 13 -17 13 -14 15 -13 15 -13 10 -10 13 -7 8 -2 0 0 0 0 0 0 0 0 0 0 0 0 0 0 0 0 0 0 0 0 0 0 -11 -16 -9 -16 -5 -15 -8 -16 -8 -16 -8 -10 -5 -6 -2 -7 1 0 7 8 7 12 11 11 21 13 22 17 24 19 26 21 25 20 26 19 27 18 20 14 16 10 18 14 17 11 7 0 -3 2 -10 1 ]
CSI_DATA,STA,E4:D1:24:F2:5E:80,-84,10,0,0,0,0,0,0,0,0,0,-97,0,9,0,4836232,0,389,0,0,5.21833,128,[-123 81 24 0 -3 31 -10 35 -8 32 -3 41 -4 41 -7 37 0 36 -2 23 0 20 -4 11 -8 10 -5 2 -6 1 -6 1 -9 -11 -11 -12 -9 -14 -10 -17 -7 -16 -10 -20 -9 -19 -7 -20 -8 -17 -5 -12 0 -11 0 0 0 0 0 0 0 0 0 0 0 0 0 0 0 0 0 0 0 0 0 0 -17 1 -20 1 -15 0 -18 1 -14 0 -14 0 -10 -7 -7 -2 0 -2 8 -2 13 -9 17 -3 21 -8 19 -5 30 -13 26 -14 29 -15 29 -19 28 -17 24 -15 20 -18 16 -15 11 -3 12 -4 4 4 -4 15 ]
CSI_DATA,STA,E4:D1:24:F2:5E:80,-83,10,0,0,0,0,0,0,0,0,0,-97,0,9,0,4938634,0,389,0,0,5.32058,128,[-123 81 24 0 33 5 36 12 38 5 39 9 37 4 36 4 33 4 23 0 24 0 18 -2 8 3 4 2 -4 7 -6 6 -7 9 -11 12 -14 15 -17 8 -13 9 -19 13 -14 12 -17 10 -15 4 -12 5 -14 2 0 0 0 0 0 0 0 0 0 0 0 0 0 0 0 0 0 0 0 0 0 0 -4 20 -6 22 -4 18 -5 18 -5 16 -5 10 -6 2 -4 3 -2 -2 1 -5 0 -12 -4 -19 -2 -22 -6 -25 -3 -32 -7 -31 -8 -34 -11 -33 -12 -30 -10 -29 -14 -24 -9 -19 0 -10 6 -10 10 0 17 3 ]
CSI_DATA,STA,E4:D1:24:F2:5E:80,-83,10,0,0,0,0,0,0,0,0,0,-97,0,9,0,5041037,0,389,0,0,5.42296,128,[-123 81 24 0 -39 4 -39 6 -41 10 -39 11 -42 8 -35 12 -30 8 -26 6 -24 2 -8 2 -13 2 -7 -2 2 -9 4 -7 2 -9 4 -17 7 -13 8 -16 11 -19 11 -20 8 -20 7 -13 10 -12 6 -11 5 -3 0 0 0 0 0 0 0 0 0 0 0 0 0 0 0 0 0 0 0 0 0 0 -4 -17 -1 -17 -3 -15 -3 -14 -2 -15 1 -9 2 -7 2 -1 5 0 5 8 12 8 9 15 12 21 14 34 18 19 17 23 24 21 26 25 25 17 23 20 18 15 14 9 9 11 -1 11 -6 5 -10 1 ]
CSI_DATA,STA,E4:D1:24:F2:5E:80,-83,10,0,0,0,0,0,0,0,0,0,-97,0,9,0,5245842,0,389,0,0,5.62782,128,[-123 81 24 0 31 -19 31 -17 35 -24 37 -29 33 -22 26 -23 25 -22 22 -20 18 -19 15 -9 13 -5 9 -4 8 2 3 9 3 15 4 19 5 15 3 26 3 20 -2 20 3 22 2 18 3 15 3 13 -6 6 0 0 0 0 0 0 0 0 0 0 0 0 0 0 0 0 0 0 0 0 0 0 0 22 -1 19 0 18 2 16 -2 14 0 9 -1 3 -2 2 -3 -3 -7 -9 -8 -11 -10 -14 -11 -19 -14 -21 -17 -23 -21 -25 -26 -30 -22 -22 -29 -17 -23 -22 -23 -12 -15 -14 -14 -11 -9 -3 5 -12 14 -9 ]
CSI_DATA,STA,E4:D1:24:F2:5E:80,-84,10,0,0,0,0,0,0,0,0,0,-97,0,9,0,5348244,0,389,0,0,5.73018,128,[-123 81 24 0 -31 19 -31 16 -38 25 -35 20 -32 25 -26 19 -22 16 -20 15 -18 14 -14 10 -12 7 -5 1 -5 -5 -8 -10 3 -13 -4 -18 0 -21 -2 -16 11 -22 10 -21 5 -18 5 -17 5 -16 4 -12 6 -10 0 0 0 0 0 0 0 0 0 0 0 0 0 0 0 0 0 0 0 0 0 0 -16 -16 -11 -15 -15 -14 -10 -14 -8 -12 -4 -12 -2 -6 -1 -3 3 0 3 4 11 7 17 3 19 12 22 13 24 15 25 15 31 15 24 10 24 14 25 9 28 4 18 4 12 5 9 6 -6 4 -16 14 ]
CSI_DATA,STA,E4:D1:24:F2:5E:80,-83,10,0,0,0,0,0,0,0,0,0,-97,0,9,0,5450646,0,389,0,0,5.83256,128,[-123 81 24 0 -28 -22 -33 -21 -28 -29 -37 -25 -28 -23 -29 -19 -29 -16 -28 -19 -18 -10 -14 -8 -12 -6 -6 -9 4 -2 9 -7 11 -3 13 -4 15 -4 20 -3 20 -8 22 -6 19 -2 20 -5 16 2 11 2 11 4 0 0 0 0 0 0 0 0 0 0 0 0 0 0 0 0 0 0 0 0 0 0 8 -12 12 -18 13 -15 9 -11 5 -9 10 -12 5 -6 2 -2 -4 3 -4 14 -7 10 -10 14 -7 19 -7 22 -3 27 -4 31 -9 34 -3 30 -1 28 0 29 -4 25 2 22 -1 20 0 9 -11 1 -15 -8 ]
CSI_DATA,STA,E4:D1:24:F2:5E:80,-83,10,0,0,0,0,0,0,0,0,0,-97,0,9,0,5623697,0,145,0,0,6.00547,128,[-111 16 9 0 36 -7 41 -8 41 -6 38 -9 39 -14 30 -11 30 -12 25 -12 13 -10 16 -12 6 -7 9 1 4 1 0 16 -1 14 -5 17 -7 14 -9 19 -8 21 -8 21 -9 19 -12 18 -9 14 -8 10 -8 7 0 0 0 0 0 0 0 0 0 0 0 0 0 0 0 0 0 0 0 0 0 0 6 19 7 20 -2 18 0 18 -3 12 -5 8 0 7 -4 5 -1 2 -5 -6 -7 -14 -11 -13 -12 -17 -12 -20 -16 -23 -16 -27 -21 -26 -20 -18 -27 -23 -13 -25 -18 -20 -11 -13 -9 -11 -1 -6 3 -5 9 -10 ]
CSI_DATA,STA,E4:D1:24:F2:5E:80,-83,10,0,0,0,0,0,0,0,0,0,-97,0,9,0,5655451,0,389,0,0,6.03794,128,[-123 81 24 0 30 -14 33 -15 38 -17 37 -14 32 -18 36 -17 26 -15 22 -14 17 -9 10 -8 14 -4 2 -1 0 5 0 10 -2 7 -6 19 -6 18 -10 16 -10 19 -14 17 -13 17 -11 16 -9 14 -10 10 -5 6 0 0 0 0 0 0 0 0 0 0 0 0 0 0 0 0 0 0 0 0 0 0 13 15 13 14 9 16 7 13 10 9 5 9 3 6 2 -2 -3 1 -5 -2 -12 -6 -14 -10 -22 -15 -18 -14 -27 -19 -29 -21 -30 -18 -31 -15 -31 -13 -29 -9 -25 -13 -12 -6 -8 -9 -1 -7 4 -7 16 -6 ]
CSI_DATA,STA,E4:D1:24:F2:5E:80,-83,10,0,0,0,0,0,0,0,0,0,-97,0,9,0,5757853,0,389,0,0,6.13968,128,[-123 81 24 0 18 29 19 34 24 34 23 31 24 26 22 30 24 23 20 21 15 18 11 15 8 9 0 4 -3 6 -13 4 -10 2 -15 -2 -18 -4 -26 -2 -17 -4 -18 -6 -18 -3 -18 -6 -18 -3 -11 -10 -3 -11 0 0 0 0 0 0 0 0 0 0 0 0 0 0 0 0 0 0 0 0 0 0 -14 9 -14 12 -15 12 -13 6 -11 9 -8 3 -6 2 -1 -2 1 -6 -1 -11 2 -11 8 -16 7 -18 11 -22 15 -25 12 -25 11 -32 12 -33 12 -33 12 -29 3 -27 12 -22 7 -11 -1 -6 8 9 9 14 ]
CSI_DATA,STA,E4:D1:24:F2:5E:80,-83,10,0,0,0,0,0,0,0,0,0,-97,0,9,0,5860256,0,389,0,0,6.24226,128,[-123 81 24 0 27 4 39 3 35 0 37 1 41 -4 32 2 24 -5 26 -5 17 -6 17 0 17 5 3 -1 4 3 0 8 -8 8 -7 14 -7 13 -11 15 -9 16 -9 15 -12 18 -11 15 -9 12 -11 7 -11 10 0 0 0 0 0 0 0 0 0 0 0 0 0 0 0 0 0 0 0 0 0 0 -5 16 -10 16 -9 17 -4 15 -5 13 -7 10 -7 9 -5 3 -6 -2 -6 -5 -3 -8 -5 -18 0 -20 -8 -24 -5 -29 -2 -35 -7 -30 -12 -34 -9 -27 -15 -26 -12 -24 -7 -18 -6 -18 -3 -10 5 -3 7 1 ]
CSI_DATA,STA,E4:D1:24:F2:5E:80,-83,10,0,0,0,0,0,0,0,0,0,-97,0,9,0,5962658,0,389,0,0,6.34445,128,[-123 81 24 0 -13 28 -11 38 -10 37 -6 34 -5 35 -2 35 -2 36 -6 29 -1 19 -6 17 -2 12 -5 9 -5 -2 -7 -8 -12 -6 -12 -4 -13 -13 -17 -12 -17 -14 -19 -17 -14 -10 -17 -13 -14 -15 -10 -12 -6 -7 0 0 0 0 0 0 0 0 0 0 0 0 0 0 0 0 0 0 0 0 0 0 -18 -12 -17 -9 -13 -9 -14 -8 -11 -8 -9 -7 -6 -1 -2 -6 6 3 1 3 10 -1 22 -2 18 3 25 1 34 2 30 -2 31 -5 27 -8 26 -7 29 -7 23 -9 19 -5 9 -6 10 -1 2 10 -6 11 ]
CSI_DATA,STA,E4:D1:24:F2:5E:80,-83,10,0,0,0,0,0,0,0,0,0,-97,0,9,0,6065061,0,389,0,0,6.44704,128,[-123 81 24 0 24 -23 21 -24 25 -31 26 -30 20 -35 15 -33 9 -30 10 -24 14 -17 6 -12 4 -8 4 -2 4 2 7 5 7 10 0 10 1 15 1 25 1 19 2 20 3 18 2 22 1 14 -3 12 -6 7 0 0 0 0 0 0 0 0 0 0 0 0 0 0 0 0 0 0 0 0 0 0 11 13 12 9 12 9 13 12 8 9 7 7 7 7 -1 4 -4 -3 -11 2 -14 0 -19 -8 -14 -9 -30 -12 -33 -6 -27 -8 -34 -1 -38 -1 -35 -1 -26 -1 -31 0 -22 -1 -14 -6 -7 -3 1 -12 10 -11 ]
CSI_DATA,STA,E4:D1:24:F2:5E:80,-83,10,0,0,0,0,0,0,0,0,0,-97,0,9,0,6269865,0,389,0,0,6.65182,128,[-123 81 24 0 -21 27 -30 29 -28 37 -24 28 -21 34 -23 31 -17 24 -13 21 -17 20 -8 15 -12 9 -7 2 -10 0 -7 -10 -6 -10 -6 -16 -7 -18 -6 -23 -8 -18 -2 -20 -5 -20 -1 -18 -4 -18 4 -11 4 -13 0 0 0 0 0 0 0 0 0 0 0 0 0 0 0 0 0 0 0 0 0 0 -13 -14 -13 -12 -16 -14 -13 -12 -12 -14 -10 -11 0 -7 -3 -3 6 -5 7 3 14 2 13 6 17 6 24 13 26 13 29 6 33 7 27 12 30 1 26 0 28 2 22 1 12 3 1 3 -5 10 -10 14 ]
CSI_DATA,STA,E4:D1:24:F2:5E:80,-84,10,0,0,0,0,0,0,0,0,0,-97,0,9,0,6372268,0,389,0,0,6.75418,128,[-123 81 24 0 -20 -37 -23 -35 -24 -32 -27 -32 -24 -28 -27 -26 -20 -26 -21 -18 -15 -13 -7 -11 -8 -8 0 -7 0 -2 8 -2 17 1 17 0 20 -1 21 -3 20 1 15 2 20 4 19 3 10 6 8 9 8 3 0 0 0 0 0 0 0 0 0 0 0 0 0 0 0 0 0 0 0 0 0 0 11 -14 11 -12 14 -13 14 -7 5 -6 7 1 6 -4 7 3 -2 9 -2 11 -12 13 -8 16 -14 17 -10 22 -18 27 -11 28 -14 30 -12 30 -10 27 -7 30 -5 24 -12 19 -7 8 -6 2 -2 -3 -8 -19 ]
CSI_DATA,STA,E4:D1:24:F2:5E:80,-83,10,0,0,0,0,0,0,0,0,0,-97,0,9,0,6474670,0,389,0,0,6.85664,128,[-123 81 24 0 -21 28 -28 31 -24 33 -21 36 -19 42 -17 30 -8 25 -9 24 -6 16 -2 11 -8 4 -7 1 -11 -2 -5 -10 -7 -6 -11 -15 -6 -16 -13 -17 -8 -19 -8 -17 -11 -16 -3 -18 -2 -19 0 -12 1 -9 0 0 0 0 0 0 0 0 0 0 0 0 0 0 0 0 0 0 0 0 0 0 -13 -10 -16 -12 -12 -9 -10 -10 -12 -13 -11 -5 -6 -9 -5 1 5 -2 8 0 10 0 14 7 21 2 29 7 30 6 31 3 32 5 31 -4 31 5 31 0 24 -2 23 -5 13 3 10 4 -6 7 -9 13 ]
CSI_DATA,STA,E4:D1:24:F2:5E:80,-83,10,0,0,0,0,0,0,0,0,0,-97,0,9,0,6577072,0,389,0,0,6.95887,128,[-123 81 24 0 -2 29 0 41 -3 38 0 34 1 32 4 33 6 29 3 24 6 13 0 14 -1 8 -7 7 -10 3 -8 -3 -12 -3 -10 -7 -17 -10 -17 -8 -16 -11 -11 -12 -14 -11 -14 -14 -11 -10 -10 -11 -4 -13 0 0 0 0 0 0 0 0 0 0 0 0 0 0 0 0 0 0 0 0 0 0 -14 -2 -17 -1 -13 -1 -15 -3 -12 -5 -10 -1 -5 -5 -2 -7 3 -2 3 -3 5 -6 13 -4 17 -8 20 -8 20 -11 23 -11 26 -12 29 -18 19 -16 21 -16 21 -13 14 -13 11 -11 6 -4 5 5 3 12 ]
CSI_DATA,STA,E4:D1:24:F2:5E:80,-83,10,0,0,0,0,0,0,0,0,0,-97,0,9,0,6679475,0,389,0,0,7.06132,128,[-123 81 24 0 -32 17 -31 22 -37 26 -26 22 -31 25 -24 20 -21 18 -24 16 -16 13 -8 9 -12 8 -9 -4 -3 -10 -5 -8 -3 -14 -1 -16 -2 -20 5 -21 0 -22 5 -20 7 -14 3 -20 8 -19 7 -10 6 -9 0 0 0 0 0 0 0 0 0 0 0 0 0 0 0 0 0 0 0 0 0 0 -17 -14 -13 -14 -12 -15 -10 -16 -10 -10 -8 -6 -6 -3 0 0 4 1 8 2 11 6 17 8 17 8 24 10 30 12 28 14 28 12 29 12 30 7 29 7 25 1 20 2 12 4 -1 4 -9 2 -14 10 ]
CSI_DATA,STA,E4:D1:24:F2:5E:80,-83,10,0,0,0,0,0,0,0,0,0,-97,0,9,0,6781877,0,389,0,0,7.16383,128,[-123 81 24 0 11 -29 8 -35 12 -38 6 -38 10 -39 5 -35 7 -30 4 -25 -4 -21 5 -18 -1 -11 4 -8 4 0 6 2 8 7 8 11 11 8 12 19 10 18 12 16 12 18 9 13 4 17 6 11 5 13 0 0 0 0 0 0 0 0 0 0 0 0 0 0 0 0 0 0 0 0 0 0 21 3 19 5 13 7 11 5 13 5 13 3 8 6 0 0 -1 3 -9 3 -12 4 -13 4 -20 5 -21 3 -30 1 -27 8 -35 1 -32 8 -32 11 -32 6 -27 11 -20 7 -16 4 -6 -1 -1 -7 -2 -17 ]
CSI_DATA,STA,E4:D1:24:F2:5E:80,-83,10,0,0,0,0,0,0,0,0,0,-97,0,9,0,6884279,0,389,0,0,7.26622,128,[-123 81 24 0 36 7 37 14 39 7 40 5 41 0 34 3 30 9 25 7 20 5 16 2 14 4 7 2 -5 3 -9 4 -10 5 -15 4 -17 12 -14 4 -18 7 -20 8 -24 5 -20 2 -18 4 -13 0 -9 -3 0 0 0 0 0 0 0 0 0 0 0 0 0 0 0 0 0 0 0 0 0 0 8 19 0 19 4 12 6 16 3 15 -4 13 1 8 -3 4 -2 -4 -4 -9 -4 -11 -4 -13 -4 -20 -9 -25 -19 -26 -16 -30 -15 -29 -23 -28 -19 -23 -18 -22 -18 -21 -12 -15 -11 -13 -1 -6 1 -3 19 1 ]
CSI_DATA,STA,E4:D1:24:F2:5E:80,-84,10,0,0,0,0,0,0,0,0,0,-97,0,9,0,6986682,0,389,0,0,7.36859,128,[-123 81 24 0 2 -37 -2 -32 -5 -41 -6 -43 -7 -41 -3 -31 -8 -28 -8 -34 -1 -18 -5 -19 -3 -14 2 -7 6 -2 7 2 13 8 14 14 9 5 12 12 20 16 8 17 11 18 10 14 7 13 7 10 5 11 0 0 0 0 0 0 0 0 0 0 0 0 0 0 0 0 0 0 0 0 0 0 16 -11 15 -10 17 -10 13 -6 10 -4 9 -6 4 -1 1 0 -1 5 -11 3 -8 8 -15 10 -14 12 -15 16 -20 18 -21 20 -22 24 -24 25 -17 28 -15 19 -17 23 -10 19 -11 13 -10 7 0 -4 -2 -12 ]
CSI_DATA,STA,E4:D1:24:F2:5E:80,-84,10,0,0,0,0,0,0,0,0,0,-97,0,9,0,7191487,0,389,0,0,7.57344,128,[-123 81 24 0 8 40 12 38 5 40 10 36 11 37 8 42 13 30 12 21 4 17 5 16 1 11 -1 6 -9 4 -12 -3 -17 -4 -15 -9 -15 -8 -20 -7 -21 -12 -21 -15 -16 -14 -13 -8 -14 -12 -9 -11 -3 -7 0 0 0 0 0 0 0 0 0 0 0 0 0 0 0 0 0 0 0 0 0 0 -15 8 -19 5 -15 5 -17 3 -12 4 -7 3 -5 0 -5 0 2 0 7 -7 12 -10 9 -10 10 -16 13 -21 22 -17 21 -22 20 -25 17 -27 21 -19 14 -21 15 -19 12 -18 6 -10 5 -5 4 -2 3 12 ]
CSI_DATA,STA,E4:D1:24:F2:5E:80,-83,10,0,0,0,0,0,0,0,0,0,-97,0,9,0,7396291,0,389,0,0,7.77826,128,[-123 81 24 0 -31 3 -36 2 -37 -2 -38 3 -37 6 -34 3 -29 3 -24 -1 -17 3 -15 5 -9 -4 -3 -8 1 -6 2 -10 6 -10 5 -13 5 -16 4 -18 11 -19 12 -16 8 -12 8 -15 14 -14 7 -10 9 -6 0 0 0 0 0 0 0 0 0 0 0 0 0 0 0 0 0 0 0 0 0 0 5 -19 5 -18 8 -16 4 -16 5 -11 2 -9 2 -6 -1 -5 1 3 -1 6 -1 9 5 15 3 15 3 21 5 26 6 29 9 29 12 32 12 25 14 25 15 18 11 18 1 12 0 10 -7 2 -17 0 ]
CSI_DATA,STA,E4:D1:24:F2:5E:80,-84,10,0,0,0,0,0,0,0,0,0,-97,0,9,0,7498694,0,389,0,0,7.88063,128,[-123 81 24 0 -16 -29 -20 -32 -26 -38 -30 -39 -25 -36 -26 -25 -18 -27 -17 -18 -15 -15 -13 -18 -3 -14 -5 -8 1 -5 7 -10 19 -4 16 -2 13 0 21 2 20 -1 21 -1 24 -4 19 2 11 -3 10 1 9 7 0 0 0 0 0 0 0 0 0 0 0 0 0 0 0 0 0 0 0 0 0 0 21 -7 22 -2 18 -2 14 -5 18 2 12 2 7 4 -4 3 -3 3 0 6 -21 8 -12 12 -14 22 -15 16 -26 22 -20 17 -18 24 -14 25 -17 21 -9 32 -8 24 -4 22 -7 10 -9 14 -14 -5 -8 -6 ]
CSI_DATA,STA,E4:D1:24:F2:5E:80,-83,10,0,0,0,0,0,0,0,0,0,-97,0,9,0,7601096,0,389,0,0,7.98302,128,[-123 81 24 0 30 -10 34 -10 35 -7 35 -13 31 -12 28 -12 26 -7 23 -10 16 -6 17 -7 8 -7 5 2 0 4 0 6 -4 11 -6 14 -8 16 -5 16 -9 20 -11 19 -10 15 -10 12 -7 12 -12 11 -9 5 0 0 0 0 0 0 0 0 0 0 0 0 0 0 0 0 0 0 0 0 0 0 3 15 5 17 5 14 2 15 4 15 -1 7 4 8 -1 2 -3 -2 -9 -7 -9 -10 -12 -12 -12 -14 -14 -21 -16 -17 -24 -23 -24 -19 -22 -19 -24 -21 -22 -17 -24 -14 -18 -12 -8 -10 -3 -9 8 -7 16 -5 ]
CSI_DATA,STA,E4:D1:24:F2:5E:80,-82,10,0,0,0,0,0,0,0,0,0,-97,0,9,0,7703498,0,389,0,0,8.08544,128,[-123 81 24 0 20 35 24 37 24 35 22 33 22 30 25 26 18 23 16 16 13 13 11 11 9 11 -2 5 -6 2 -12 1 -12 7 -16 -2 -19 -1 -22 -5 -20 -2 -18 -1 -20 -4 -19 -3 -17 0 -15 -6 -7 -7 0 0 0 0 0 0 0 0 0 0 0 0 0 0 0 0 0 0 0 0 0 0 -18 9 -18 10 -18 5 -17 1 -18 5 -10 3 -7 -2 -3 -1 1 -2 3 -4 10 -12 9 -14 15 -16 14 -24 20 -21 20 -28 20 -28 16 -22 19 -31 14 -29 13 -22 6 -22 0 -16 3 -12 6 -4 6 12 ]
CSI_DATA,STA,E4:D1:24:F2:5E:80,-84,10,0,0,0,0,0,0,0,0,0,-97,0,9,0,7908303,0,389,0,0,8.29033,128,[-123 81 24 0 -28 -15 -19 -14 -12 -10 -1 -12 3 -9 10 -5 23 -5 19 -7 28 -12 25 -9 27 -13 26 -10 26 -14 24 -7 21 -8 18 -6 14 -3 12 0 12 0 4 3 -2 3 -3 7 -6 13 -7 6 -12 9 0 0 0 0 0 0 0 0 0 0 0 0 0 0 0 0 0 0 0 0 0 0 3 4 1 4 2 9 2 18 1 16 2 18 2 24 3 23 2 24 5 25 1 24 4 20 3 19 2 10 -1 6 -4 5 -4 1 -11 -11 -10 -14 -18 -21 -27 -16 -26 -27 -34 -30 -40 -23 -44 -29 -43 -24 ]
CSI_DATA,STA,E4:D1:24:F2:5E:80,-84,10,0,0,0,0,0,0,0,0,0,-97,0,9,0,8010706,0,389,0,0,8.39263,128,[-123 81 24 0 15 -29 14 -21 9 -12 10 -2 11 2 11 12 6 9 8 13 8 22 15 18 11 21 20 21 16 17 18 19 13 20 14 16 11 11 5 5 1 8 -1 6 -7 7 -10 1 -14 2 -14 1 -11 -2 0 0 0 0 0 0 0 0 0 0 0 0 0 0 0 0 0 0 0 0 0 0 -3 -1 -7 -3 -8 -6 -10 -10 -16 -13 -16 -14 -18 -13 -21 -13 -12 -12 -19 -9 -22 -15 -23 -8 -12 -3 -17 -6 -4 -4 -3 -6 4 1 3 -9 17 -7 19 -11 24 -16 28 -23 30 -25 37 -31 32 -33 33 -35 ]
CSI_DATA,STA,E4:D1:24:F2:5E:80,-84,10,0,0,0,0,0,0,0,0,0,-97,0,9,0,8113108,0,389,0,0,8.4949,128,[-123 81 24 0 -31 3 -19 1 -18 -3 -6 -2 -1 -8 6 -15 3 -17 9 -25 11 -23 12 -25 12 -24 8 -28 8 -25 14 -27 2 -21 5 -20 8 -12 6 -10 7 -8 5 -2 6 0 5 7 6 11 0 10 2 15 0 0 0 0 0 0 0 0 0 0 0 0 0 0 0 0 0 0 0 0 0 0 1 1 4 3 6 7 10 9 6 14 7 14 11 16 13 16 13 19 7 23 18 21 13 15 16 18 8 8 5 6 -2 1 -7 2 -11 -4 -16 -5 -22 -1 -32 -1 -37 3 -43 -4 -42 4 -45 6 -48 8 ]
CSI_DATA,STA,E4:D1:24:F2:5E:80,-84,10,0,0,0,0,0,0,0,0,0,-97,0,9,0,8215510,0,389,0,0,8.5973,128,[-123 81 24 0 1 -36 6 -21 6 -15 12 -5 8 3 8 7 8 14 9 17 12 22 9 22 9 23 8 25 12 25 8 20 11 18 6 19 4 15 2 10 0 6 -1 3 -8 2 -7 -1 -10 -9 -3 -6 -8 -14 0 0 0 0 0 0 0 0 0 0 0 0 0 0 0 0 0 0 0 0 0 0 -1 -2 -1 0 -6 8 -8 8 -16 9 -13 10 -17 16 -19 15 -18 21 -15 17 -16 11 -17 13 -18 8 -9 8 -6 5 -2 3 -3 -6 2 -8 2 -13 5 -22 14 -25 5 -31 13 -42 11 -41 10 -46 2 -46 ]
CSI_DATA,STA,E4:D1:24:F2:5E:80,-84,10,0,0,0,0,0,0,0,0,0,-97,0,9,0,8317911,0,389,0,0,8.69987,128,[-123 81 24 0 -20 -23 -18 -19 -5 -14 -1 -10 7 -3 13 -4 20 -1 24 6 26 1 29 0 31 3 26 2 30 0 20 -2 19 -2 19 -2 14 -1 8 -1 10 1 -2 3 -2 9 -3 4 -8 8 -13 7 -10 0 0 0 0 0 0 0 0 0 0 0 0 0 0 0 0 0 0 0 0 0 0 0 -1 1 -3 5 -3 9 -5 13 -10 13 -5 19 -10 23 -10 20 -12 20 -6 21 -7 22 -7 20 -9 13 -6 13 -6 10 -9 -4 -4 -2 -8 -10 -10 -17 -10 -27 -11 -32 -15 -34 -19 -36 -26 -45 -29 -33 -28 -37 ]
CSI_DATA,STA,E4:D1:24:F2:5E:80,-84,10,0,0,0,0,0,0,0,0,0,-97,0,9,0,8420313,0,389,0,0,8.80221,128,[-123 81 24 0 -16 24 -11 18 -10 17 -8 1 -6 -4 -10 -12 -9 -22 -5 -23 0 -25 -8 -27 -10 -23 -9 -23 -10 -25 -7 -25 -8 -23 -5 -15 -3 -12 2 -11 2 -8 -1 -2 5 0 7 0 9 7 6 8 7 9 0 0 0 0 0 0 0 0 0 0 0 0 0 0 0 0 0 0 0 0 0 0 1 -1 10 -1 8 -5 11 -2 13 2 20 -4 25 -7 21 -3 24 -6 26 -7 20 -4 19 -2 17 -3 20 -3 11 0 2 0 -5 -1 -11 9 -11 13 -23 16 -21 21 -21 27 -29 26 -35 34 -33 35 -25 36 ]
CSI_DATA,STA,E4:D1:24:F2:5E:80,-84,10,0,0,0,0,0,0,0,0,0,-97,0,9,0,8522715,0,389,0,0,8.90466,128,[-123 81 24 0 -8 -28 -4 -20 3 -12 11 -9 10 -2 15 -1 20 5 17 6 21 6 22 5 27 3 28 3 22 -2 23 4 16 4 17 1 12 5 5 6 3 4 3 4 -5 5 -4 5 -5 6 -10 4 -16 7 0 0 0 0 0 0 0 0 0 0 0 0 0 0 0 0 0 0 0 0 0 0 -2 2 -4 -2 -8 -1 -11 -1 -13 4 -16 5 -17 6 -20 11 -18 8 -17 12 -16 5 -20 8 -14 6 -6 2 -7 2 -1 -4 1 -7 -1 -16 -1 -18 6 -22 7 -34 0 -38 3 -39 -3 -43 -7 -40 -5 -46 ]
CSI_DATA,STA,E4:D1:24:F2:5E:80,-84,10,0,0,0,0,0,0,0,0,0,-97,0,9,0,8557099,0,97,0,0,8.93846,128,[97 16 6 0 -7 28 -4 18 -3 10 -6 8 -13 -5 -7 -10 -16 -14 -20 -14 -21 -12 -22 -17 -23 -21 -25 -16 -20 -11 -21 -14 -12 -12 -13 -13 -14 -9 -6 -2 1 -7 2 -2 3 -6 6 -3 12 -1 13 0 14 0 0 0 0 0 0 0 0 0 0 0 0 0 0 0 0 0 0 0 0 0 0 0 1 -3 5 1 3 -3 12 -5 16 -6 14 -3 20 0 20 -2 22 -5 18 -10 21 -8 23 -5 20 -2 10 -5 9 0 1 1 -5 0 -6 9 -4 12 -9 21 -13 24 -14 31 -15 40 -12 36 -8 41 -7 49 ]
CSI_DATA,STA,E4:D1:24:F2:5E:80,-83,10,0,0,0,0,0,0,0,0,0,-97,0,9,0,8625118,0,389,0,0,9.00685,128,[-123 81 24 0 12 -24 10 -18 9 -10 8 -7 4 3 11 10 4 14 8 18 4 22 5 22 10 24 8 18 8 18 7 25 9 21 2 14 8 13 -1 6 -1 5 -7 3 -5 -1 -8 -4 -13 -5 -11 -8 -8 -10 0 0 0 0 0 0 0 0 0 0 0 0 0 0 0 0 0 0 0 0 0 0 -4 -1 -6 -1 -12 -1 -9 -1 -18 0 -17 -9 -23 -4 -22 -5 -21 -9 -23 -6 -16 -6 -17 -3 -19 -6 -16 -6 -12 -5 -3 -10 2 -3 7 -7 16 -8 22 -11 23 -15 30 -25 31 -26 27 -32 28 -30 32 -35 ]
CSI_DATA,STA,E4:D1:24:F2:5E:80,-85,10,0,0,0,0,0,0,0,0,0,-97,0,9,0,8727520,0,389,0,0,9.10949,128,[-123 81 24 0 17 -22 8 -20 11 -8 3 -3 4 7 8 9 2 15 10 17 8 29 7 25 5 26 15 24 7 24 8 18 11 17 4 15 -2 9 1 8 -1 3 -6 3 -8 -2 -9 -8 -8 -3 -10 -7 -12 -12 0 0 0 0 0 0 0 0 0 0 0 0 0 0 0 0 0 0 0 0 0 0 -1 0 -3 3 -8 2 -13 6 -12 3 -16 8 -19 11 -22 6 -22 11 -24 8 -17 8 -25 8 -15 7 -8 9 -6 0 3 -2 4 -2 6 -9 7 -17 6 -21 14 -27 18 -27 21 -32 19 -38 15 -44 13 -43 ]
CSI_DATA,STA,E4:D1:24:F2:5E:80,-85,10,0,0,0,0,0,0,0,0,0,-97,0,9,0,8829923,0,389,0,0,9.21189,128,[-123 81 24 0 17 27 12 16 -1 14 -3 11 -9 6 -13 1 -24 -2 -21 3 -22 1 -28 2 -25 2 -21 4 -25 3 -19 5 -17 1 -15 -4 -11 -2 -11 -4 -7 -8 0 -5 1 -11 2 -3 9 -8 7 -7 9 -8 0 0 0 0 0 0 0 0 0 0 0 0 0 0 0 0 0 0 0 0 0 0 1 -2 2 -6 6 -11 8 -13 7 -10 11 -14 12 -16 12 -18 10 -16 16 -20 9 -15 11 -16 8 -12 9 -7 9 -5 4 -2 -2 6 4 8 4 16 12 26 9 26 10 34 9 36 17 39 19 40 20 38 ]
CSI_DATA,STA,E4:D1:24:F2:5E:80,-84,10,0,0,0,0,0,0,0,0,0,-97,0,9,0,8932325,0,389,0,0,9.31416,128,[-123 81 24 0 24 22 13 22 3 15 -2 10 -4 6 -11 4 -17 8 -21 6 -19 7 -22 11 -24 15 -22 16 -15 14 -20 9 -19 14 -13 6 -11 6 -10 4 -8 1 -5 -3 -4 -8 -3 -8 -1 -13 3 -15 4 -14 0 0 0 0 0 0 0 0 0 0 0 0 0 0 0 0 0 0 0 0 0 0 0 -2 5 -5 5 -9 9 -9 7 -9 11 -15 11 -14 19 -17 16 -17 8 -15 13 -16 11 -20 9 -14 7 -10 3 -5 -1 -2 5 5 3 3 3 11 13 22 15 25 15 31 18 30 20 33 26 38 30 29 ]
CSI_DATA,STA,E4:D1:24:F2:5E:80,-85,10,0,0,0,0,0,0,0,0,0,-97,0,9,0,9034727,0,389,0,0,9.41667,128,[-123 81 24 0 -20 26 -9 12 -10 10 -12 -2 -11 -2 -11 -14 -11 -19 -12 -19 -7 -20 -15 -21 -18 -27 -12 -24 -14 -21 -16 -16 -17 -16 -9 -14 -9 -8 -6 -12 -2 -10 4 -3 3 -5 12 -2 10 1 10 -1 14 2 0 0 0 0 0 0 0 0 0 0 0 0 0 0 0 0 0 0 0 0 0 0 2 -2 3 1 12 2 10 9 13 7 15 13 12 11 19 8 23 12 20 9 23 4 16 4 14 6 12 6 7 7 5 7 -1 3 -7 9 -16 11 -21 14 -28 17 -33 23 -28 22 -35 31 -33 32 -27 35 ]
CSI_DATA,STA,E4:D1:24:F2:5E:80,-84,10,0,0,0,0,0,0,0,0,0,-97,0,9,0,9059188,0,182,0,0,9.44898,128,[-74 96 11 0 -22 -29 -8 -20 -7 -9 2 -10 10 -8 15 -2 19 -2 19 -3 20 -6 21 -9 24 -3 19 -10 23 -11 17 -3 17 -7 13 -7 12 -7 8 2 7 2 4 1 0 7 -3 8 -5 8 -7 11 -10 9 0 0 0 0 0 0 0 0 0 0 0 0 0 0 0 0 0 0 0 0 0 0 -1 0 -10 3 -6 2 -13 7 -16 9 -16 7 -20 10 -21 16 -19 8 -16 9 -16 14 -13 11 -14 13 -11 10 -4 3 -7 -3 -3 -3 -6 -12 0 -22 -3 -24 -4 -32 -7 -32 -11 -39 -17 -35 -23 -39 -20 -39 ]
CSI_DATA,STA,E4:D1:24:F2:5E:80,-85,10,0,0,0,0,0,0,0,0,0,-97,0,9,0,9137130,0,389,0,0,9.51907,128,[-123 81 24 0 20 -14 13 -9 11 -1 7 5 5 10 -2 14 -2 14 -7 22 -5 22 -4 23 -4 24 -2 28 -4 25 -2 21 -6 22 -1 20 0 16 -2 5 -6 -1 -4 -4 -6 -10 -7 -9 -2 -6 -4 -7 -2 -11 0 0 0 0 0 0 0 0 0 0 0 0 0 0 0 0 0 0 0 0 0 0 -4 2 -8 -3 -10 -6 -13 -11 -15 -13 -15 -12 -21 -12 -21 -13 -14 -19 -14 -12 -17 -10 -19 -10 -13 -7 -12 -5 -5 -8 -4 -2 12 -2 10 2 15 -5 27 -6 28 -7 33 -14 36 -10 41 -15 43 -15 43 -20 ]
CSI_DATA,STA,E4:D1:24:F2:5E:80,-85,10,0,0,0,0,0,0,0,0,0,-97,0,9,0,9215418,0,194,0,0,9.59721,128,[-62 32 12 0 -5 27 0 22 -3 11 -8 1 -15 1 -17 -7 -12 -14 -14 -10 -25 -17 -22 -20 -26 -16 -21 -14 -20 -11 -16 -15 -14 -11 -12 -5 -11 -8 -7 -4 -3 -5 -1 -5 7 -1 12 -3 10 -2 15 -1 12 -3 0 0 0 0 0 0 0 0 0 0 0 0 0 0 0 0 0 0 0 0 0 0 1 -6 8 -3 7 -1 10 -5 14 -4 19 -1 22 -1 16 -1 21 -5 26 -9 22 -8 19 -8 15 -8 11 -12 11 -4 4 -4 0 3 -5 11 -7 17 -11 22 -7 31 -14 38 -12 33 -10 37 -8 43 -6 42 ]
CSI_DATA,STA,E4:D1:24:F2:5E:80,-85,10,0,0,0,0,0,0,0,0,0,-97,0,9,0,9239532,0,389,0,0,9.62986,128,[-123 81 24 0 -5 28 0 16 -2 7 -8 8 -8 -3 -21 -7 -15 -12 -20 -14 -25 -15 -25 -20 -20 -20 -24 -11 -24 -15 -18 -13 -14 -10 -11 -13 -7 -8 -2 -7 -9 -2 1 -4 5 2 7 -5 12 -3 16 3 14 2 0 0 0 0 0 0 0 0 0 0 0 0 0 0 0 0 0 0 0 0 0 0 1 -3 3 -1 10 -4 14 -7 17 -5 15 -9 22 -11 20 -12 20 -12 16 -13 17 -13 10 -9 14 -8 5 -6 7 -8 5 3 1 7 -2 11 -8 17 -5 24 -12 24 -9 32 -2 35 -7 43 -5 45 2 42 ]
CSI_DATA,STA,E4:D1:24:F2:5E:80,-85,10,0,0,0,0,0,0,0,0,0,-97,0,9,0,9341934,0,389,0,0,9.72389,128,[-123 81 24 0 -18 -22 -5 -18 -3 -11 -4 -1 1 -1 10 -6 16 -2 21 -2 18 -5 21 -8 27 -9 23 -6 19 -9 16 -8 14 -9 12 -3 11 -4 6 -4 4 3 6 2 4 3 -5 8 -7 13 -1 10 -6 13 0 0 0 0 0 0 0 0 0 0 0 0 0 0 0 0 0 0 0 0 0 0 1 0 -2 6 -8 2 -7 6 -15 6 -19 8 -15 7 -19 11 -19 13 -19 16 -15 10 -15 13 -10 9 -7 7 -8 6 -5 2 -5 -4 -6 -4 -4 -21 -4 -19 -7 -26 -12 -33 -13 -42 -18 -43 -25 -39 -16 -43 ]
CSI_DATA,STA,E4:D1:24:F2:5E:80,-84,10,0,0,0,0,0,0,0,0,0,-97,0,9,0,9444337,0,389,0,0,9.8263,128,[-123 81 24 0 -27 -10 -21 -7 -11 -9 -4 -17 0 -12 10 -8 9 -14 24 -14 17 -15 21 -17 18 -19 18 -18 13 -19 11 -13 12 -17 11 -9 6 -7 6 -6 10 -1 6 4 3 3 2 8 0 12 0 14 -3 13 0 0 0 0 0 0 0 0 0 0 0 0 0 0 0 0 0 0 0 0 0 0 -2 4 -3 5 -7 9 -5 15 -7 17 -5 19 -6 16 -8 21 -6 20 -6 21 -8 19 1 14 -6 15 -1 12 -1 12 -2 1 -6 -3 -6 -12 -12 -11 -14 -16 -21 -21 -21 -21 -27 -23 -34 -29 -36 -21 -39 -22 ]
CSI_DATA,STA,E4:D1:24:F2:5E:80,-84,10,0,0,0,0,0,0,0,0,0,-97,0,9,0,9465626,0,194,0,0,9.85882,128,[-62 32 12 0 11 -27 6 -14 2 -13 8 -5 9 2 10 13 12 14 12 16 16 19 20 20 20 16 19 14 19 16 17 12 16 10 13 9 10 8 4 8 6 8 -4 3 -6 2 -9 2 -8 1 -11 1 -11 -3 0 0 0 0 0 0 0 0 0 0 0 0 0 0 0 0 0 0 0 0 0 0 -6 -1 -4 2 -10 -2 -11 -1 -18 -4 -18 -1 -21 -1 -20 -4 -27 -3 -24 -2 -17 0 -19 0 -15 1 -18 1 -8 -2 -6 -6 1 -6 11 -11 8 -14 9 -20 19 -24 18 -29 19 -41 16 -34 17 -39 12 -39 ]
CSI_DATA,STA,E4:D1:24:F2:5E:80,-84,10,0,0,0,0,0,0,0,0,0,-97,0,9,0,9546949,0,389,0,0,9.92879,128,[-123 81 24 0 -26 3 -18 2 -15 -1 -8 -5 -7 -10 -3 -10 2 -19 0 -22 3 -23 3 -29 1 -31 -2 -21 0 -25 -7 -23 -2 -18 1 -15 1 -14 4 -6 -2 -5 1 2 9 -1 4 7 10 6 7 4 10 9 0 0 0 0 0 0 0 0 0 0 0 0 0 0 0 0 0 0 0 0 0 0 -1 0 4 8 -2 6 2 9 -1 15 0 19 -5 24 2 16 1 24 1 18 4 18 1 19 6 14 2 12 -1 9 -6 -2 -8 2 -9 -2 -21 1 -24 -7 -19 -4 -31 -7 -37 -6 -38 -3 -48 -3 -37 1 ]
CSI_DATA,STA,E4:D1:24:F2:5E:80,-85,10,0,0,0,0,0,0,0,0,0,-97,0,9,0,9568443,0,97,0,0,9.95917,128,[97 16 6 0 0 -28 -2 -19 7 -9 11 -7 14 3 10 2 17 6 16 9 25 11 21 6 24 11 24 10 20 13 21 10 15 4 15 1 12 4 8 3 1 1 -7 4 -3 4 -5 5 -7 4 -15 4 -14 1 0 0 0 0 0 0 0 0 0 0 0 0 0 0 0 0 0 0 0 0 0 0 1 1 -7 -1 -9 1 -16 4 -18 0 -17 3 -21 4 -22 5 -23 9 -13 8 -17 5 -18 7 -16 5 -13 0 -12 -2 -4 -2 0 -5 6 -11 7 -19 9 -28 6 -25 11 -39 4 -37 6 -43 0 -45 3 -47 ]
CSI_DATA,STA,E4:D1:24:F2:5E:80,-85,10,0,0,0,0,0,0,0,0,0,-97,0,9,0,9649142,0,389,0,0,10.031,128,[-123 81 24 0 -30 4 -18 1 -10 -5 -10 -5 0 -12 0 -15 10 -20 13 -21 11 -21 10 -24 11 -23 11 -22 10 -23 12 -18 7 -15 5 -8 3 -13 4 -4 6 -1 5 -3 1 6 1 4 0 9 -2 7 -2 13 0 0 0 0 0 0 0 0 0 0 0 0 0 0 0 0 0 0 0 0 0 0 2 2 1 2 6 11 10 6 8 13 12 14 11 17 13 14 14 16 13 16 12 21 16 13 12 14 10 11 4 1 -1 6 -3 0 -13 0 -17 -5 -22 0 -31 -2 -31 -2 -39 0 -45 0 -48 0 -45 9 ]
CSI_DATA,STA,E4:D1:24:F2:5E:80,-85,10,0,0,0,0,0,0,0,0,0,-97,0,9,0,9720431,0,194,0,0,10.1021,128,[-62 32 12 0 -20 12 -18 9 -15 1 -7 0 -7 -9 -2 -14 -3 -18 -4 -23 -5 -20 -5 -29 -1 -30 -4 -20 -4 -22 -4 -22 -3 -22 -3 -16 -4 -11 -1 -8 3 2 2 -5 8 0 9 6 9 0 8 12 4 10 0 0 0 0 0 0 0 0 0 0 0 0 0 0 0 0 0 0 0 0 0 0 7 1 6 6 4 3 9 5 15 7 13 11 14 7 14 13 23 15 22 12 15 16 16 4 12 9 10 5 7 7 2 5 -4 6 -8 8 -14 5 -25 5 -26 6 -34 13 -37 17 -33 22 -39 21 -39 30 ]
CSI_DATA,STA,E4:D1:24:F2:5E:80,-84,10,0,0,0,0,0,0,0,0,0,-97,0,9,0,9751544,0,389,0,0,10.1331,128,[-123 81 24 0 -13 -27 -14 -19 -4 -10 7 -11 13 -2 13 -3 22 2 23 -5 28 -3 23 -2 29 -3 24 -6 22 -3 17 -3 21 4 14 -1 13 -6 6 -1 2 2 6 1 -4 3 -1 2 -7 11 -9 6 -12 12 0 0 0 0 0 0 0 0 0 0 0 0 0 0 0 0 0 0 0 0 0 0 -3 4 -6 1 -9 4 -8 8 -15 9 -12 7 -12 13 -15 14 -19 17 -19 19 -13 14 -15 14 -10 12 -7 9 -6 6 -1 -4 -3 -6 -4 -13 -7 -10 -6 -19 -3 -28 -13 -35 -16 -30 -13 -36 -21 -42 -20 -39 ]
CSI_DATA,STA,E4:D1:24:F2:5E:80,-86,10,0,0,0,0,0,0,0,0,0,-97,0,9,0,9853946,0,389,0,0,10.2359,128,[-123 81 24 0 3 23 0 23 2 8 -8 3 -7 -2 -16 -5 -21 -5 -22 -8 -18 -9 -26 -7 -21 -8 -24 -14 -25 -7 -19 -8 -19 -7 -16 -1 -9 -8 -6 -8 -5 -3 0 -4 3 0 5 -4 8 -3 11 3 16 -2 0 0 0 0 0 0 0 0 0 0 0 0 0 0 0 0 0 0 0 0 0 0 -1 -2 3 -5 10 -4 10 -6 13 -12 13 -11 21 -9 21 -9 17 -11 13 -15 11 -12 12 -13 9 -8 2 -12 6 -2 5 1 -1 6 -3 11 -9 20 2 21 0 28 -5 35 -1 37 3 38 3 44 2 40 ]
CSI_DATA,STA,E4:D1:24:F2:5E:80,-85,10,0,0,0,0,0,0,0,0,0,-97,0,9,0,9956349,0,389,0,0,10.3383,128,[-123 81 24 0 -29 -9 -19 -10 -7 -5 -1 -11 4 -12 9 -15 10 -15 6 -20 13 -24 12 -25 11 -24 10 -25 10 -22 6 -21 8 -12 3 -13 2 -3 3 -6 4 -1 2 -1 7 2 6 8 7 7 8 9 7 11 0 0 0 0 0 0 0 0 0 0 0 0 0 0 0 0 0 0 0 0 0 0 -3 2 -7 4 -6 8 -4 9 -7 11 -9 14 -11 17 -7 15 -12 22 -12 18 -2 20 -4 17 -5 14 -6 8 -2 9 -4 -2 -5 -1 -7 -10 -15 -15 -17 -19 -25 -14 -26 -17 -29 -20 -33 -17 -34 -18 -37 -12 ]
CSI_DATA,STA,E4:D1:24:F2:5E:80,-85,10,0,0,0,0,0,0,0,0,0,-97,0,9,0,9969587,0,332,0,0,10.3705,128,[76 -63 20 0 -3 23 -9 19 -7 11 -1 2 -7 -9 -5 -10 -13 -19 -11 -18 -17 -16 -15 -19 -15 -22 -16 -20 -16 -18 -13 -19 -14 -19 -11 -10 -7 -15 -6 -8 -1 -5 5 -1 4 0 6 1 6 7 12 9 7 6 0 0 0 0 0 0 0 0 0 0 0 0 0 0 0 0 0 0 0 0 0 0 4 -5 -1 -5 4 -12 8 -10 10 -12 12 -11 12 -19 15 -17 10 -17 12 -18 12 -14 17 -14 10 -11 8 -11 10 -6 2 5 2 6 -5 10 3 11 -11 17 -8 26 -7 35 -9 38 -14 41 -5 41 -4 37 ]
CSI_DATA,STA,E4:D1:24:F2:5E:80,-85,10,0,0,0,0,0,0,0,0,0,-97,0,9,0,10058751,0,389,0,0,10.4406,128,[-123 81 24 0 6 -22 4 -16 11 -9 3 -3 5 8 7 10 10 15 12 21 13 18 11 22 16 20 12 24 11 14 17 17 10 10 10 5 5 10 0 4 1 3 -4 7 -6 2 -8 1 -11 -2 -10 -5 -11 -3 0 0 0 0 0 0 0 0 0 0 0 0 0 0 0 0 0 0 0 0 0 0 -2 3 -5 -3 -9 -5 -6 -3 -15 -7 -15 -6 -17 -5 -19 -9 -19 -5 -21 -10 -20 -6 -21 -4 -13 -3 -13 -3 -7 -4 -2 -6 3 -9 10 -8 8 -9 19 -15 13 -19 19 -26 22 -27 25 -36 25 -31 24 -39 ]
CSI_DATA,STA,E4:D1:24:F2:5E:80,-85,10,0,0,0,0,0,0,0,0,0,-97,0,9,0,10070120,0,182,0,0,10.4724,128,[-74 96 11 0 14 12 8 12 3 9 -3 5 -4 7 -14 1 -18 2 -25 4 -25 1 -24 3 -25 5 -24 3 -24 8 -20 4 -18 4 -15 0 -10 6 -10 1 -2 -3 0 -3 -2 -6 4 -7 6 -9 10 -12 8 -12 0 0 0 0 0 0 0 0 0 0 0 0 0 0 0 0 0 0 0 0 0 0 -2 -5 -3 -7 1 -8 4 -11 7 -16 3 -17 5 -22 2 -23 4 -20 4 -21 3 -17 2 -12 7 -18 0 -12 5 -4 1 -4 3 5 7 5 9 12 12 17 16 23 20 27 19 32 25 28 25 30 30 27 ]
CSI_DATA,STA,E4:D1:24:F2:5E:80,-84,10,0,0,0,0,0,0,0,0,0,-97,0,9,0,10468359,0,389,0,0,10.8503,128,[-123 81 24 0 -16 -23 -2 -19 -6 -7 6 -15 8 -1 18 -14 14 -4 21 -8 26 -10 26 -7 25 -11 25 -6 18 -11 24 -8 19 -4 14 -6 8 -2 -1 -5 2 3 8 2 -9 5 -3 9 -2 9 -7 13 -8 9 0 0 0 0 0 0 0 0 0 0 0 0 0 0 0 0 0 0 0 0 0 0 -8 1 -2 2 -10 1 -13 -1 -17 2 -23 1 -26 6 -24 9 -26 4 -18 6 -16 5 -22 8 -18 13 -9 9 -9 1 -6 -1 -7 -3 6 -18 -8 -23 0 -26 -8 -34 -12 -37 1 -36 -14 -41 -14 -45 -14 -38 ]
CSI_DATA,STA,E4:D1:24:F2:5E:80,-84,10,0,0,0,0,0,0,0,0,0,-97,0,9,0,10570762,0,389,0,0,10.9527,128,[-123 81 24 0 22 13 21 13 9 13 3 6 -10 12 -11 9 -17 13 -20 15 -22 10 -23 15 -22 21 -25 17 -23 18 -14 16 -19 9 -11 9 -8 8 -6 6 -9 3 -2 4 -6 -9 -4 -7 -3 -13 3 -13 -3 -11 0 0 0 0 0 0 0 0 0 0 0 0 0 0 0 0 0 0 0 0 0 0 -1 -4 4 -6 10 -8 11 -9 12 -9 12 -17 12 -15 10 -19 9 -22 10 -18 8 -16 9 -18 12 -13 5 -6 -1 1 2 5 3 3 2 14 9 15 14 19 21 29 18 28 25 25 30 27 30 20 31 28 ]
CSI_DATA,STA,E4:D1:24:F2:5E:80,-84,10,0,0,0,0,0,0,0,0,0,-97,0,9,0,10673164,0,389,0,0,11.0551,128,[-123 81 24 0 -22 17 -10 15 -15 7 -8 -2 -6 -7 -4 -13 -6 -21 -5 -20 -4 -25 -6 -30 -4 -24 -4 -29 -3 -25 -4 -26 -4 -17 -2 -10 1 -14 5 -8 1 -4 2 -6 2 -2 8 2 9 2 7 6 12 13 0 0 0 0 0 0 0 0 0 0 0 0 0 0 0 0 0 0 0 0 0 0 4 -1 8 3 11 2 13 3 14 4 15 5 19 10 25 9 24 8 17 9 20 6 20 8 16 5 11 5 5 3 3 4 -7 4 -7 10 -16 3 -22 14 -29 17 -34 17 -29 21 -39 27 -40 22 -37 34 ]
CSI_DATA,STA,E4:D1:24:F2:5E:80,-84,10,0,0,0,0,0,0,0,0,0,-97,0,9,0,10775567,0,389,0,0,11.1575,128,[-123 81 24 0 -26 14 -19 7 -10 3 -3 0 -3 -7 -2 -15 -1 -17 -2 -22 0 -28 -6 -25 -8 -28 -7 -27 -6 -23 -4 -26 -5 -14 5 -16 -3 -12 -2 -11 1 -5 3 -3 6 -1 5 7 11 4 10 9 10 10 0 0 0 0 0 0 0 0 0 0 0 0 0 0 0 0 0 0 0 0 0 0 1 1 5 1 10 4 7 7 14 10 15 13 19 11 17 14 21 9 20 12 17 12 15 8 16 9 13 6 7 6 3 2 -4 2 -10 5 -12 6 -29 6 -28 10 -34 16 -37 20 -38 19 -37 19 -40 28 ]
CSI_DATA,STA,E4:D1:24:F2:5E:80,-85,10,0,0,0,0,0,0,0,0,0,-97,0,9,0,10877969,0,389,0,0,11.2599,128,[-123 81 24 0 24 -15 19 -3 13 1 5 0 11 11 2 19 3 20 -3 20 -4 24 -7 24 -7 29 -6 29 -5 22 -3 22 -2 21 0 16 -4 12 -5 11 -6 3 -8 3 -6 -2 -8 -7 -6 -5 -10 -8 -9 -14 0 0 0 0 0 0 0 0 0 0 0 0 0 0 0 0 0 0 0 0 0 0 -4 -2 -2 -6 -9 -8 -5 -14 -11 -16 -9 -14 -13 -18 -9 -20 -11 -21 -9 -18 -14 -18 -10 -13 -5 -11 -7 -10 -3 -6 0 -6 5 -4 10 -1 16 3 17 0 30 -2 37 1 34 -8 41 -7 43 -10 44 -13 ]
CSI_DATA,STA,E4:D1:24:F2:5E:80,-84,10,0,0,0,0,0,0,0,0,0,-97,0,9,0,10972931,0,268,0,0,11.3547,128,[12 -63 16 0 -25 1 -17 0 -11 -9 -8 -12 -2 -9 4 -11 5 -12 6 -25 11 -23 10 -25 6 -22 13 -27 9 -24 11 -21 8 -17 6 -17 5 -16 5 -6 2 0 7 2 8 4 7 7 1 10 2 12 2 15 0 0 0 0 0 0 0 0 0 0 0 0 0 0 0 0 0 0 0 0 0 0 4 0 6 3 0 8 4 7 1 15 3 22 5 21 1 25 3 24 3 21 7 25 2 21 0 18 1 11 -2 9 -7 2 -10 -3 -12 -2 -19 -5 -22 -9 -27 -5 -38 -12 -48 -8 -48 -8 -44 -9 -52 -1 ]
CSI_DATA,STA,E4:D1:24:F2:5E:80,-84,10,0,0,0,0,0,0,0,0,0,-97,0,9,0,10980371,0,389,0,0,11.3847,128,[-123 81 24 0 7 23 3 23 -2 14 -6 7 -11 0 -14 -5 -17 -6 -27 -7 -25 -8 -29 -8 -30 -6 -21 -9 -26 -3 -19 -5 -21 -7 -12 -6 -14 -3 -7 -7 -2 -4 4 -5 3 -9 7 -6 12 -7 12 -5 15 -6 0 0 0 0 0 0 0 0 0 0 0 0 0 0 0 0 0 0 0 0 0 0 3 -3 5 -4 4 -4 9 -6 11 -9 18 -9 20 -13 16 -10 19 -15 14 -10 20 -13 12 -12 15 -11 11 -7 9 -5 6 1 3 4 2 9 -4 16 2 25 -4 28 -4 31 0 37 4 37 10 49 11 40 ]
CSI_DATA,STA,E4:D1:24:F2:5E:80,-83,10,0,0,0,0,0,0,0,0,0,-97,0,9,0,11082774,0,389,0,0,11.4646,128,[-123 81 24 0 28 2 23 0 13 6 6 8 0 7 -7 14 -10 22 -14 16 -14 21 -12 24 -15 21 -9 20 -10 23 -5 18 -10 13 -6 12 -4 8 -6 4 -10 2 -5 -3 -7 -6 -4 -6 -3 -10 -4 -15 -3 -16 0 0 0 0 0 0 0 0 0 0 0 0 0 0 0 0 0 0 0 0 0 0 -3 -2 -1 -5 -5 -12 -4 -13 -5 -17 -5 -21 -3 -19 -7 -23 -12 -22 -9 -20 -9 -22 -6 -23 -4 -19 -4 -12 -3 -9 1 -2 7 -3 8 9 18 4 22 9 33 8 32 11 43 10 47 5 40 4 42 3 ]
CSI_DATA,STA,E4:D1:24:F2:5E:80,-84,10,0,0,0,0,0,0,0,0,0,-97,0,9,0,11287578,0,389,0,0,11.6695,128,[-123 81 24 0 -2 -27 5 -17 6 -9 4 -7 9 -4 18 0 21 6 23 5 25 5 27 1 31 3 25 -3 24 -2 23 0 12 -6 17 -3 13 1 6 0 1 2 4 2 -3 5 -2 5 -8 11 -8 15 -8 9 0 0 0 0 0 0 0 0 0 0 0 0 0 0 0 0 0 0 0 0 0 0 -4 -2 -4 -1 -13 -5 -10 -6 -18 -11 -18 -12 -17 -15 -22 -6 -21 -13 -18 -8 -19 -8 -19 -9 -15 -6 -14 -5 -6 -6 -2 -4 0 -12 7 -12 9 -18 12 -24 11 -28 19 -32 16 -33 14 -41 10 -36 11 -44 ]
CSI_DATA,STA,E4:D1:24:F2:5E:80,-84,10,0,0,0,0,0,0,0,0,0,-97,0,9,0,11389981,0,389,0,0,11.7719,128,[-123 81 24 0 27 7 14 7 12 10 3 11 0 13 -6 10 -10 20 -12 22 -14 20 -14 24 -12 22 -11 27 -11 23 -10 22 -7 20 -7 14 0 7 -6 10 -9 5 -3 -4 -5 -6 -8 -8 -8 -10 -9 -16 -6 -18 0 0 0 0 0 0 0 0 0 0 0 0 0 0 0 0 0 0 0 0 0 0 -4 -3 3 -4 2 -8 4 -13 5 -15 8 -10 10 -19 10 -18 10 -22 3 -23 5 -25 2 -18 1 -17 0 -14 2 -7 3 -6 6 6 10 8 17 10 17 15 21 15 27 24 41 17 40 23 45 20 45 18 ]
CSI_DATA,STA,E4:D1:24:F2:5E:80,-84,10,0,0,0,0,0,0,0,0,0,-97,0,9,0,11492383,0,389,0,0,11.8743,128,[-123 81 24 0 4 26 1 18 -5 12 -9 5 -9 3 -19 -1 -20 -2 -26 -5 -28 -3 -28 -9 -26 -4 -26 -3 -27 -7 -21 -4 -22 -3 -12 3 -11 0 -10 -3 -4 -6 4 -7 0 -7 6 -5 7 -10 11 -8 15 -7 0 0 0 0 0 0 0 0 0 0 0 0 0 0 0 0 0 0 0 0 0 0 1 -2 6 -3 5 -7 10 -4 14 -2 18 -5 23 -5 21 -13 18 -14 17 -11 17 -9 21 -9 15 -10 12 -2 6 0 -1 8 1 7 -1 10 -2 19 0 23 -6 31 1 31 -3 42 6 38 6 44 13 44 ]
CSI_DATA,STA,E4:D1:24:F2:5E:80,-84,10,0,0,0,0,0,0,0,0,0,-97,0,9,0,11594786,0,389,0,0,11.9767,128,[-123 81 24 0 13 24 5 18 -5 17 -5 12 -10 2 -20 5 -22 -4 -26 -3 -24 -5 -28 -4 -21 -2 -23 0 -23 0 -23 7 -13 -4 -10 1 -12 3 -6 -5 -7 -1 -2 -7 1 -11 4 -9 3 -8 8 -12 6 -14 0 0 0 0 0 0 0 0 0 0 0 0 0 0 0 0 0 0 0 0 0 0 1 -1 1 -4 7 -5 13 -1 16 -13 14 -4 18 -8 18 -10 20 -8 16 -13 17 -5 21 -9 10 -12 12 0 10 -2 8 2 2 5 -2 12 -1 21 -1 26 -2 28 1 32 3 39 7 42 10 43 11 39 ]
CSI_DATA,STA,E4:D1:24:F2:5E:80,-85,10,0,0,0,0,0,0,0,0,0,-97,0,9,0,11697188,0,389,0,0,12.0792,128,[-123 81 24 0 23 -10 16 -8 10 -1 7 -1 -5 8 -6 14 -10 16 -6 20 -6 19 -5 26 -10 25 -3 25 -7 24 -4 22 -4 9 -2 18 -9 13 -7 8 -5 3 -2 -2 1 -8 -1 -8 -3 -10 -5 -15 1 -12 0 0 0 0 0 0 0 0 0 0 0 0 0 0 0 0 0 0 0 0 0 0 -4 -3 -8 -2 -8 -9 -9 -7 -12 -9 -10 -9 -13 -12 -19 -17 -15 -11 -21 -14 -12 -11 -15 -13 -13 -10 -10 -11 -5 -3 0 -3 6 -10 11 -5 10 -4 29 -1 29 -2 26 -8 42 -7 38 -13 41 -13 40 -16 ]
CSI_DATA,STA,E4:D1:24:F2:5E:80,-84,10,0,0,0,0,0,0,0,0,0,-97,0,9,0,11901993,0,389,0,0,12.284,128,[-123 81 24 0 10 24 7 21 3 10 -5 9 -10 3 -14 -6 -21 -6 -28 -3 -27 -2 -27 -4 -28 -7 -28 -5 -28 3 -23 -9 -15 -3 -17 -3 -12 -6 -8 -3 -4 -1 0 -4 3 -3 2 -4 8 -4 13 -5 18 -5 0 0 0 0 0 0 0 0 0 0 0 0 0 0 0 0 0 0 0 0 0 0 -1 -3 5 -7 4 -10 9 -10 13 -14 11 -16 15 -11 13 -19 11 -22 16 -20 15 -15 13 -15 12 -13 7 -9 2 -3 3 -6 7 6 6 11 -1 18 4 22 5 33 7 36 11 39 6 42 22 41 19 45 ]
CSI_DATA,STA,E4:D1:24:F2:5E:80,-84,10,0,0,0,0,0,0,0,0,0,-97,0,9,0,12004395,0,389,0,0,12.3864,128,[-123 81 24 0 24 -12 19 -17 15 -1 3 4 3 11 -2 16 -3 18 -6 23 -2 26 0 27 -1 28 -4 25 1 27 -1 27 -3 25 0 17 2 15 -3 12 -2 4 -5 5 -4 -7 -7 -5 -9 -7 -11 -12 -8 -16 0 0 0 0 0 0 0 0 0 0 0 0 0 0 0 0 0 0 0 0 0 0 -1 0 -6 -1 -6 -9 -10 -8 -13 -9 -18 -14 -15 -15 -19 -19 -16 -15 -18 -21 -18 -12 -16 -10 -13 -13 -5 -3 -5 -9 1 -4 7 -4 10 3 20 -5 28 -7 33 -8 41 -11 39 -14 46 -19 41 -22 45 -22 ]
CSI_DATA,STA,E4:D1:24:F2:5E:80,-83,10,0,0,0,0,0,0,0,0,0,-97,0,9,0,12072068,0,332,0,0,12.4537,128,[76 -63 20 0 25 -10 16 -9 11 -2 8 5 0 7 -6 7 -15 20 -10 24 -14 34 -13 23 -14 29 -12 22 -11 20 -11 23 -8 20 -15 16 -10 10 -4 7 -6 -3 -6 -1 -7 -6 -1 -7 -4 -10 3 -15 -2 -15 0 0 0 0 0 0 0 0 0 0 0 0 0 0 0 0 0 0 0 0 0 0 -4 -4 -2 -7 -11 -7 -6 -7 -13 -11 -15 -17 -14 -12 -19 -17 -18 -15 -17 -14 -19 -15 -17 -20 -17 -15 -7 -6 -4 -8 1 -6 6 2 11 1 21 -4 25 -3 30 -7 33 -3 42 -11 40 -10 51 -6 44 -10 ]
CSI_DATA,STA,E4:D1:24:F2:5E:80,-84,10,0,0,0,0,0,0,0,0,0,-97,0,9,0,12209200,0,389,0,0,12.5911,128,[-123 81 24 0 -32 -2 -28 0 -13 -2 -5 -5 1 -11 7 -9 7 -16 10 -21 16 -24 12 -25 17 -27 14 -26 10 -24 7 -21 9 -18 10 -15 5 -13 7 -3 4 -5 0 -4 3 3 0 12 5 11 -3 12 0 15 0 0 0 0 0 0 0 0 0 0 0 0 0 0 0 0 0 0 0 0 0 0 3 1 1 9 6 7 7 10 8 15 10 16 12 15 10 18 8 19 12 21 13 16 12 19 9 14 5 12 -1 8 0 2 -4 0 -10 -6 -18 -3 -30 -7 -31 -5 -38 -6 -43 -5 -43 -1 -49 1 -45 2 ]
CSI_DATA,STA,E4:D1:24:F2:5E:80,-84,10,0,0,0,0,0,0,0,0,0,-97,0,9,0,12311602,0,389,0,0,12.6935,128,[-123 81 24 0 -27 9 -20 3 -18 -6 -14 -12 -1 -9 7 -17 7 -19 10 -24 6 -28 13 -27 10 -30 3 -29 6 -27 5 -20 9 -20 6 -13 6 -13 5 -6 11 -4 4 -2 3 1 7 6 7 12 3 15 2 10 0 0 0 0 0 0 0 0 0 0 0 0 0 0 0 0 0 0 0 0 0 0 0 2 6 5 7 6 5 10 6 15 12 17 9 15 12 18 14 20 14 17 13 13 10 15 10 18 6 9 9 11 -4 3 -10 7 -13 1 -19 -4 -28 2 -31 -1 -41 2 -48 7 -45 1 -49 3 -44 13 ]
CSI_DATA,STA,E4:D1:24:F2:5E:80,-84,10,0,0,0,0,0,0,0,0,0,-97,0,9,0,12414007,0,389,0,0,12.7959,128,[-123 81 24 0 22 -12 20 0 15 -1 9 6 1 7 -3 12 -9 20 -8 23 -11 20 -11 26 -8 29 -5 29 -2 33 -6 23 -5 22 -4 20 -3 11 -2 7 -4 6 -5 0 -6 -5 -5 -7 -6 -8 -3 -10 -5 -15 0 0 0 0 0 0 0 0 0 0 0 0 0 0 0 0 0 0 0 0 0 0 -4 -2 -3 -3 -6 -8 -10 -10 -8 -14 -12 -16 -11 -17 -15 -17 -17 -19 -17 -19 -12 -18 -12 -13 -12 -12 -10 -13 -3 -10 2 -1 7 -2 10 -2 18 -1 26 0 31 -6 35 -1 42 -9 45 -6 47 -12 53 -12 ]
CSI_DATA,STA,E4:D1:24:F2:5E:80,-84,10,0,0,0,0,0,0,0,0,0,-97,0,9,0,12516409,0,389,0,0,12.8982,128,[-123 81 24 0 11 28 11 18 4 12 -3 7 -10 5 -18 3 -19 0 -21 -6 -32 -2 -30 0 -29 -3 -29 -1 -28 -2 -23 -1 -20 -4 -18 -3 -10 0 -8 -5 -7 -2 -3 -6 6 -6 4 -7 11 -5 8 -9 16 -4 0 0 0 0 0 0 0 0 0 0 0 0 0 0 0 0 0 0 0 0 0 0 0 -3 3 -8 7 -7 6 -8 7 -15 11 -12 13 -18 15 -18 14 -20 10 -21 12 -19 8 -18 11 -10 11 -15 3 -8 2 3 2 2 6 6 -1 15 3 20 6 35 10 31 20 38 23 38 20 41 19 42 ]
CSI_DATA,STA,E4:D1:24:F2:5E:80,-84,10,0,0,0,0,0,0,0,0,0,-97,0,9,0,12618811,0,389,0,0,13.0006,128,[-123 81 24 0 -23 -18 -16 -15 -7 -9 -2 -8 7 -2 14 2 18 0 21 2 24 -1 29 1 25 -2 34 0 24 2 23 0 16 2 17 -1 13 2 6 -1 5 2 -1 0 -8 0 -10 2 -14 6 -12 3 -16 6 0 0 0 0 0 0 0 0 0 0 0 0 0 0 0 0 0 0 0 0 0 0 3 0 2 5 0 7 4 13 2 16 4 19 3 19 0 26 6 21 0 21 -2 23 0 21 3 15 3 12 -3 10 1 2 -6 2 -11 -15 -8 -15 -17 -17 -20 -28 -20 -25 -27 -30 -26 -31 -34 -32 -34 -31 ]
CSI_DATA,STA,E4:D1:24:F2:5E:80,-83,10,0,0,0,0,0,0,0,0,0,-97,0,9,0,12721214,0,389,0,0,13.1031,128,[-123 81 24 0 -24 23 -14 22 -7 4 -8 -1 -6 -7 -5 -16 -4 -22 -4 -26 -9 -29 -13 -30 -15 -33 -8 -30 -10 -29 -15 -25 -7 -21 -8 -18 1 -10 -3 -7 -4 -7 5 1 5 2 4 7 11 11 10 9 6 10 0 0 0 0 0 0 0 0 0 0 0 0 0 0 0 0 0 0 0 0 0 0 8 -3 7 1 6 0 13 4 17 1 19 0 21 3 24 -2 24 -7 28 1 22 -2 20 -2 20 2 14 -5 10 4 6 3 -8 5 -12 3 -19 15 -23 18 -33 20 -30 30 -34 32 -32 37 -30 38 -28 32 ]
CSI_DATA,STA,E4:D1:24:F2:5E:80,-84,10,0,0,0,0,0,0,0,0,0,-97,0,9,0,12823810,0,389,0,0,13.2058,128,[-123 81 24 0 12 -23 6 -25 9 -17 9 -5 4 6 8 10 10 17 8 19 14 22 16 19 13 21 15 26 12 23 11 23 12 16 8 13 9 13 6 8 -4 4 -9 1 -4 -1 -8 0 -8 -9 -9 -8 -14 -6 0 0 0 0 0 0 0 0 0 0 0 0 0 0 0 0 0 0 0 0 0 0 -4 -2 -9 5 -6 2 -12 0 -19 -3 -22 -2 -21 -7 -20 -4 -20 1 -23 -4 -23 -3 -21 0 -16 -4 -13 0 -11 -1 -3 2 6 -7 9 -8 12 -9 21 -21 22 -25 22 -22 23 -35 29 -32 29 -37 28 -40 ]
CSI_DATA,STA,E4:D1:24:F2:5E:80,-85,10,0,0,0,0,0,0,0,0,0,-97,0,9,0,13028421,0,389,0,0,13.4104,128,[-123 81 24 0 -15 -28 -10 -21 2 -15 -1 -5 9 -2 15 4 13 7 20 3 22 5 26 10 26 10 25 12 24 8 21 10 18 7 16 7 9 2 6 9 6 4 1 4 -4 3 -6 -2 -10 2 -14 3 -16 0 0 0 0 0 0 0 0 0 0 0 0 0 0 0 0 0 0 0 0 0 0 0 2 3 -6 4 -7 6 -7 12 -11 12 -16 11 -13 17 -16 17 -15 18 -14 17 -17 16 -12 15 -17 16 -6 10 -8 6 -4 4 -6 -8 1 -12 -1 -19 1 -25 -3 -34 1 -35 1 -41 -5 -42 -8 -46 -11 -50 ]
CSI_DATA,STA,E4:D1:24:F2:5E:80,-85,10,0,0,0,0,0,0,0,0,0,-97,0,9,0,13130823,0,389,0,0,13.5127,128,[-123 81 24 0 28 -5 22 -3 14 -2 6 5 0 3 -4 11 -8 15 -6 16 -11 25 -12 27 -10 24 -9 25 -11 26 -7 23 -9 17 -5 17 -8 7 -8 10 -3 8 -8 0 -3 -4 -4 -4 -5 -11 -7 -11 -4 -14 0 0 0 0 0 0 0 0 0 0 0 0 0 0 0 0 0 0 0 0 0 0 -2 -2 0 -9 -4 -3 -6 -14 -8 -18 -11 -15 -14 -15 -13 -17 -11 -22 -15 -18 -13 -16 -10 -10 -13 -18 -6 -12 -6 -2 -2 -5 3 -1 9 -3 17 -1 18 2 28 0 36 2 39 2 40 -7 48 -9 46 -9 ]
CSI_DATA,STA,E4:D1:24:F2:5E:80,-84,10,0,0,0,0,0,0,0,0,0,-97,0,9,0,13233225,0,389,0,0,13.6152,128,[-123 81 24 0 32 4 22 5 13 4 8 6 -4 11 -11 10 -12 9 -20 14 -21 16 -19 14 -26 9 -26 9 -24 12 -18 17 -17 9 -17 5 -15 7 -8 4 -8 3 -7 -4 -3 -3 -1 -8 5 -9 10 -9 5 -13 0 0 0 0 0 0 0 0 0 0 0 0 0 0 0 0 0 0 0 0 0 0 1 0 0 -6 -4 -3 -3 -11 -4 -15 -7 -18 -11 -18 -7 -21 -9 -18 -11 -27 -9 -17 -7 -15 -9 -17 -4 -13 -3 -6 5 -6 1 -2 7 8 13 8 18 11 26 9 38 17 35 21 44 14 43 16 44 11 ]
CSI_DATA,STA,E4:D1:24:F2:5E:80,-84,10,0,0,0,0,0,0,0,0,0,-97,0,9,0,13335628,0,389,0,0,13.7174,128,[-123 81 24 0 1 -31 5 -24 3 -12 4 -7 3 0 7 3 12 10 14 15 9 22 19 18 16 20 17 18 11 19 10 18 11 12 8 15 8 13 2 12 2 7 -4 7 -4 -2 -6 3 -13 -2 -8 -5 -15 -6 0 0 0 0 0 0 0 0 0 0 0 0 0 0 0 0 0 0 0 0 0 0 -3 0 -2 -1 -5 4 -14 4 -15 7 -13 8 -17 10 -21 10 -20 16 -18 14 -16 14 -16 8 -15 12 -13 9 -9 5 0 -1 0 -2 6 -8 10 -14 8 -21 5 -26 10 -35 14 -34 8 -42 12 -46 7 -44 ]
CSI_DATA,STA,E4:D1:24:F2:5E:80,-84,10,0,0,0,0,0,0,0,0,0,-97,0,9,0,13540510,0,389,0,0,13.9224,128,[-123 81 24 0 27 -4 19 -8 8 -1 7 4 1 10 2 16 -9 17 -14 22 -16 26 -14 28 -11 24 -8 29 -16 27 -9 24 -8 16 -6 14 -7 11 1 7 -8 9 -8 1 -6 -2 -1 -6 -5 -10 -10 -13 -3 -13 0 0 0 0 0 0 0 0 0 0 0 0 0 0 0 0 0 0 0 0 0 0 -2 -2 -3 -6 -3 -12 -8 -14 -7 -14 -9 -17 -13 -21 -9 -20 -12 -21 -15 -20 -15 -22 -10 -16 -9 -11 -16 -17 2 -7 0 -6 5 -1 3 -2 18 5 29 8 30 0 36 2 38 1 46 2 47 -4 48 -4 ]
CSI_DATA,STA,E4:D1:24:F2:5E:80,-84,10,0,0,0,0,0,0,0,0,0,-97,0,9,0,13642835,0,389,0,0,14.0247,128,[-123 81 24 0 -18 -25 -12 -18 -6 -14 -2 -11 8 -2 13 0 18 1 18 2 31 0 20 4 22 3 26 2 28 2 22 2 17 4 18 2 7 4 13 1 8 2 -1 3 -5 5 -6 5 -7 8 -10 4 -14 5 0 0 0 0 0 0 0 0 0 0 0 0 0 0 0 0 0 0 0 0 0 0 -1 2 -5 3 -6 10 -4 11 -7 16 -8 18 -13 17 -5 23 -12 19 -13 22 -9 17 -11 15 -11 18 -8 8 -4 6 0 2 -5 0 -3 -14 -4 -17 -10 -20 -8 -28 -4 -34 -17 -43 -14 -48 -26 -44 -19 -43 ]
CSI_DATA,STA,E4:D1:24:F2:5E:80,-84,10,0,0,0,0,0,0,0,0,0,-97,0,9,0,13745237,0,389,0,0,14.1272,128,[-123 81 24 0 -8 29 0 20 -12 10 -5 5 -7 -5 -13 -6 -14 -19 -15 -21 -14 -27 -15 -24 -18 -21 -16 -19 -16 -20 -14 -18 -10 -22 -13 -15 -7 -14 -4 -12 2 -3 4 -5 5 -6 14 -3 8 2 9 4 8 7 0 0 0 0 0 0 0 0 0 0 0 0 0 0 0 0 0 0 0 0 0 0 1 -4 3 -2 4 -3 11 -4 9 -8 20 -7 13 -8 19 -6 24 -10 22 -8 15 -5 17 -9 13 -9 14 -4 7 -5 1 0 1 5 -5 7 -8 12 -17 17 -9 28 -21 35 -19 40 -19 42 -21 43 -12 52 ]
CSI_DATA,STA,E4:D1:24:F2:5E:80,-84,10,0,0,0,0,0,0,0,0,0,-97,0,9,0,13847640,0,389,0,0,14.2296,128,[-123 81 24 0 -34 -8 -27 -8 -14 -6 -5 -5 -2 -8 7 -8 9 -16 19 -17 20 -17 16 -19 14 -18 15 -23 11 -24 16 -17 14 -18 12 -12 10 -14 4 -9 6 -7 6 -1 2 1 2 9 1 11 1 13 0 12 0 0 0 0 0 0 0 0 0 0 0 0 0 0 0 0 0 0 0 0 0 0 1 -1 -3 4 -2 7 0 13 -3 17 1 25 -1 21 1 25 3 22 1 29 6 20 6 22 4 20 -2 13 1 6 -3 3 -3 -2 -9 -8 -16 -10 -22 -12 -26 -15 -31 -16 -38 -16 -42 -19 -47 -16 -48 -14 ]
CSI_DATA,STA,E4:D1:24:F2:5E:80,-83,10,0,0,0,0,0,0,0,0,0,-97,0,9,0,13950042,0,389,0,0,14.332,128,[-123 81 24 0 26 -16 22 -14 12 -4 6 4 -1 7 0 17 -5 15 -2 24 -7 23 -7 22 -6 28 -8 24 -6 24 -4 26 3 22 -7 20 -7 6 -8 9 -9 4 -5 0 -6 -4 -1 -7 -3 -7 -3 -9 -7 -14 0 0 0 0 0 0 0 0 0 0 0 0 0 0 0 0 0 0 0 0 0 0 -2 -1 -9 -4 -9 -3 -12 -9 -15 -9 -18 -6 -20 -10 -22 -15 -25 -7 -21 -14 -19 -9 -18 -10 -15 -12 -15 -9 -4 -8 -2 -1 -2 0 13 2 21 1 22 -11 31 -12 35 -13 40 -14 43 -15 45 -24 40 -22 ]
CSI_DATA,STA,E4:D1:24:F2:5E:80,-84,10,0,0,0,0,0,0,0,0,0,-97,0,9,0,14052444,0,389,0,0,14.4342,128,[-123 81 24 0 -31 -9 -21 -10 -17 -9 -6 -8 -2 -10 16 -11 7 -7 23 -13 20 -16 25 -17 21 -15 24 -18 20 -12 17 -15 17 -10 14 -11 12 -3 6 -3 2 -2 3 -1 2 4 1 11 -3 6 -7 13 -9 14 0 0 0 0 0 0 0 0 0 0 0 0 0 0 0 0 0 0 0 0 0 0 -2 4 0 6 2 11 0 13 1 18 -1 19 4 19 2 23 2 25 6 31 3 22 1 24 3 17 1 10 -1 13 -4 3 -9 -4 -12 -2 -15 -13 -21 -16 -26 -18 -25 -24 -36 -22 -42 -29 -40 -23 -44 -18 ]
CSI_DATA,STA,E4:D1:24:F2:5E:80,-84,10,0,0,0,0,0,0,0,0,0,-97,0,9,0,14154847,0,389,0,0,14.5367,128,[-123 81 24 0 -25 0 -27 -1 -10 -1 -8 -10 -2 -7 4 -9 3 -18 14 -17 17 -15 14 -18 16 -22 17 -19 17 -24 11 -21 11 -16 9 -14 4 -16 10 -5 6 -1 5 0 2 6 -1 4 -7 9 -8 15 -1 16 0 0 0 0 0 0 0 0 0 0 0 0 0 0 0 0 0 0 0 0 0 0 1 0 8 2 6 2 9 7 10 9 11 11 16 9 19 15 21 9 14 19 18 10 12 12 9 14 10 11 9 6 0 1 -8 2 -13 -1 -23 -5 -23 -5 -30 -3 -36 -2 -41 -5 -46 -2 -49 2 -44 4 ]
CSI_DATA,STA,E4:D1:24:F2:5E:80,-84,10,0,0,0,0,0,0,0,0,0,-97,0,9,0,14257249,0,389,0,0,14.6392,128,[-123 81 24 0 24 11 24 11 10 7 3 4 -8 4 -12 8 -21 6 -26 8 -22 4 -26 12 -25 8 -26 10 -20 10 -20 7 -16 6 -17 6 -15 4 -7 2 -11 -2 -7 -4 3 -11 6 -5 8 -13 8 -12 12 -10 0 0 0 0 0 0 0 0 0 0 0 0 0 0 0 0 0 0 0 0 0 0 -1 -3 0 -5 -6 -10 -1 -14 -2 -13 0 -20 -5 -23 -7 -25 -5 -21 -7 -22 -2 -26 -1 -20 -5 -18 -2 -19 -7 -11 -1 -8 9 4 11 6 14 13 22 17 25 19 31 20 31 22 39 27 42 23 42 21 ]
CSI_DATA,STA,E4:D1:24:F2:5E:80,-84,10,0,0,0,0,0,0,0,0,0,-97,0,9,0,14462052,0,389,0,0,14.844,128,[-123 81 24 0 -30 -2 -21 -3 -12 -6 -3 -6 1 -11 5 -16 15 -16 10 -9 10 -18 14 -23 14 -24 15 -28 15 -23 7 -20 5 -18 11 -13 8 -12 3 -10 4 -4 8 1 6 3 0 2 0 10 3 11 1 12 0 0 0 0 0 0 0 0 0 0 0 0 0 0 0 0 0 0 0 0 0 0 3 5 1 6 1 8 1 16 5 14 0 22 0 18 3 18 -1 23 5 26 9 21 6 22 3 14 5 12 0 11 1 2 -5 2 -10 -6 -18 -9 -23 -9 -26 -16 -40 -10 -36 -13 -43 -8 -48 -12 -46 -9 ]
CSI_DATA,STA,E4:D1:24:F2:5E:80,-84,10,0,0,0,0,0,0,0,0,0,-97,0,9,0,14564454,0,389,0,0,14.9463,128,[-123 81 24 0 30 2 18 -3 10 4 7 7 4 11 -6 8 -11 15 -17 21 -16 17 -16 26 -14 21 -12 24 -9 20 -12 23 -12 18 -8 9 -9 14 -7 8 -2 4 -7 -4 -5 -5 -9 -10 -2 -9 -2 -14 -6 -15 0 0 0 0 0 0 0 0 0 0 0 0 0 0 0 0 0 0 0 0 0 0 -2 1 -1 -4 -1 -10 -2 -14 -3 -14 -5 -14 -2 -21 -5 -25 -7 -24 -7 -22 -5 -26 -10 -17 -8 -18 -5 -15 -1 -12 1 -8 7 -4 10 1 11 5 20 8 29 9 32 10 39 7 41 9 43 5 48 5 ]
CSI_DATA,STA,E4:D1:24:F2:5E:80,-84,10,0,0,0,0,0,0,0,0,0,-97,0,9,0,14666857,0,389,0,0,15.0488,128,[-123 81 24 0 -27 -4 -23 -9 -11 -7 -5 -8 4 -10 8 -9 13 -14 16 -13 13 -16 22 -18 23 -19 19 -24 20 -18 18 -15 16 -20 16 -14 14 -11 10 -4 14 1 5 -1 0 5 -1 7 -1 10 -3 13 -1 14 0 0 0 0 0 0 0 0 0 0 0 0 0 0 0 0 0 0 0 0 0 0 -3 -2 -1 5 -3 8 0 10 -2 15 -1 19 0 17 -5 25 -2 20 2 25 1 21 6 22 6 17 0 15 1 6 -1 3 -5 2 -8 -6 -17 -9 -22 -17 -24 -19 -27 -23 -31 -19 -43 -17 -43 -19 -44 -19 ]
CSI_DATA,STA,E4:D1:24:F2:5E:80,-85,10,0,0,0,0,0,0,0,0,0,-97,0,9,0,14769259,0,389,0,0,15.151,128,[-123 81 24 0 -24 16 -23 12 -15 5 -6 -4 -3 -3 1 -11 3 -16 6 -23 5 -22 4 -25 7 -27 3 -24 4 -26 4 -25 8 -19 0 -15 3 -12 3 -7 5 -6 3 -3 11 -1 1 7 2 11 1 7 2 8 0 0 0 0 0 0 0 0 0 0 0 0 0 0 0 0 0 0 0 0 0 0 1 1 4 1 7 0 15 3 14 1 17 2 20 -1 24 8 23 0 22 3 24 -1 19 7 13 -3 12 2 14 0 3 2 -6 1 -7 2 -16 6 -19 9 -26 18 -35 16 -38 18 -36 16 -37 27 -35 28 ]
CSI_DATA,STA,E4:D1:24:F2:5E:80,-84,10,0,0,0,0,0,0,0,0,0,-97,0,9,0,14871661,0,389,0,0,15.2535,128,[-123 81 24 0 -30 -7 -22 0 -10 -5 -4 -9 3 -12 13 -14 12 -11 16 -18 15 -18 19 -16 19 -23 16 -19 15 -24 14 -16 12 -12 12 -8 5 -13 10 -2 2 -1 2 1 1 7 -2 8 -2 8 -5 13 -5 13 0 0 0 0 0 0 0 0 0 0 0 0 0 0 0 0 0 0 0 0 0 0 0 3 1 4 7 8 6 5 10 13 6 12 8 20 14 17 14 23 14 23 11 15 4 16 6 14 5 7 -1 8 -6 9 -3 0 -11 -6 -21 -5 -17 -8 -26 -18 -33 -8 -33 -13 -41 -15 -41 -10 -42 -6 ]
CSI_DATA,STA,E4:D1:24:F2:5E:80,-84,10,0,0,0,0,0,0,0,0,0,-97,0,9,0,15076466,0,389,0,0,15.4584,128,[-123 81 24 0 26 16 20 13 14 8 3 4 -8 8 -14 3 -17 2 -25 11 -28 6 -24 12 -27 12 -23 8 -27 15 -24 8 -20 11 -14 12 -16 3 -12 5 -8 2 -4 -5 0 -7 4 -6 3 -10 2 -7 11 -14 0 0 0 0 0 0 0 0 0 0 0 0 0 0 0 0 0 0 0 0 0 0 -3 -3 -1 -4 5 -9 7 -16 7 -15 6 -21 8 -21 8 -20 7 -23 5 -23 5 -21 7 -19 5 -18 -4 -14 0 -11 2 -8 -2 3 4 9 11 16 12 23 14 24 22 27 25 29 34 35 29 29 30 36 ]
CSI_DATA,STA,E4:D1:24:F2:5E:80,-84,10,0,0,0,0,0,0,0,0,0,-97,0,9,0,15178868,0,389,0,0,15.5608,128,[-123 81 24 0 -8 31 -11 19 -12 8 -5 2 -5 0 -1 -7 -4 -20 -9 -21 -11 -22 -10 -25 -14 -24 -9 -26 -13 -24 -8 -19 -6 -17 -6 -15 -7 -10 -4 -6 -4 -5 4 -6 3 0 4 5 8 8 9 10 5 9 0 0 0 0 0 0 0 0 0 0 0 0 0 0 0 0 0 0 0 0 0 0 0 -4 7 -3 6 -4 12 -6 15 -5 15 -4 19 -2 22 -3 25 -10 18 -6 18 -8 21 -5 18 -6 11 -3 5 -6 3 6 -1 2 -7 5 -13 13 -17 20 -18 23 -23 28 -24 33 -21 37 -23 40 -25 43 ]
CSI_DATA,STA,E4:D1:24:F2:5E:80,-84,10,0,0,0,0,0,0,0,0,0,-97,0,9,0,15281271,0,389,0,0,15.6632,128,[-123 81 24 0 -25 -13 -18 -10 -11 -3 3 -5 1 -8 10 -7 19 -10 25 -9 26 -9 24 -14 21 -10 26 -16 21 -11 20 -9 17 -11 13 -10 10 -1 13 -2 5 2 6 1 4 3 -1 6 -5 10 -2 10 -7 14 0 0 0 0 0 0 0 0 0 0 0 0 0 0 0 0 0 0 0 0 0 0 1 2 1 7 1 11 1 9 4 16 -2 21 -1 19 3 26 2 19 0 23 -2 24 3 18 1 17 -1 18 -1 9 -2 1 -12 0 -11 -8 -11 -16 -19 -14 -24 -17 -24 -21 -36 -21 -42 -24 -40 -22 -42 -20 ]
CSI_DATA,STA,E4:D1:24:F2:5E:80,-84,10,0,0,0,0,0,0,0,0,0,-97,0,9,0,15383673,0,389,0,0,15.7656,128,[-123 81 24 0 2 31 3 22 -1 12 -7 3 -9 -4 -12 -9 -12 -17 -16 -14 -19 -19 -20 -19 -19 -20 -20 -21 -23 -20 -14 -17 -16 -16 -9 -9 -10 -12 -6 -4 1 -8 3 -2 4 -7 8 -1 8 6 6 3 13 4 0 0 0 0 0 0 0 0 0 0 0 0 0 0 0 0 0 0 0 0 0 0 -2 -2 1 -5 8 -5 9 -7 11 -10 12 -15 15 -13 20 -14 16 -18 18 -21 19 -17 16 -10 12 -10 9 -12 10 -9 9 -1 -3 4 -3 13 -9 16 -2 26 -7 27 -4 36 -1 44 -4 43 -5 51 4 52 ]
CSI_DATA,STA,E4:D1:24:F2:5E:80,-84,10,0,0,0,0,0,0,0,0,0,-97,0,9,0,15486076,0,389,0,0,15.8679,128,[-123 81 24 0 5 27 1 24 -6 11 -2 1 -8 -2 -10 -10 -16 -20 -22 -19 -18 -18 -22 -17 -22 -21 -22 -21 -14 -16 -14 -15 -16 -12 -10 -11 -9 -12 -3 -11 -3 -4 1 -3 3 -3 8 0 11 3 11 5 11 2 0 0 0 0 0 0 0 0 0 0 0 0 0 0 0 0 0 0 0 0 0 0 -3 -5 -1 -7 5 -10 3 -17 3 -17 10 -15 3 -27 4 -24 9 -24 11 -26 7 -20 6 -17 8 -16 7 -10 6 -6 2 -2 3 4 -4 10 3 17 1 23 0 29 1 33 6 38 12 46 7 43 16 46 ]
CSI_DATA,STA,E4:D1:24:F2:5E:80,-85,10,0,0,0,0,0,0,0,0,0,-97,0,9,0,15588478,0,389,0,0,15.9703,128,[-123 81 24 0 26 -12 17 -13 15 -7 5 2 3 8 -5 13 -6 17 -6 24 -14 25 -6 24 -5 27 -1 30 -3 21 -4 22 -6 24 -4 18 0 12 1 7 -7 5 -7 -1 -4 -4 -4 -11 -7 -8 -1 -18 -3 -15 0 0 0 0 0 0 0 0 0 0 0 0 0 0 0 0 0 0 0 0 0 0 -7 1 -9 -3 -9 -2 -14 -4 -18 -7 -24 -7 -20 -11 -28 -13 -20 -6 -25 -6 -20 -8 -15 -5 -16 -7 -13 -5 -6 -1 -1 -9 5 -3 15 1 17 -5 20 -5 32 -15 34 -11 40 -16 44 -18 41 -23 40 -22 ]
CSI_DATA,STA,E4:D1:24:F2:5E:80,-84,10,0,0,0,0,0,0,0,0,0,-97,0,9,0,15690880,0,389,0,0,16.0728,128,[-123 81 24 0 25 12 16 13 8 9 -5 11 -6 9 -8 -1 -19 8 -24 12 -24 5 -21 16 -26 9 -23 12 -20 11 -19 11 -14 11 -14 4 -11 5 -10 1 -5 -3 2 -6 -1 -8 -3 -8 5 -10 7 -16 12 -13 0 0 0 0 0 0 0 0 0 0 0 0 0 0 0 0 0 0 0 0 0 0 -3 -2 0 -9 -3 -9 2 -12 3 -15 4 -20 1 -24 5 -23 1 -22 -1 -24 2 -22 5 -18 -1 -16 0 -14 3 -8 3 -5 7 5 4 10 9 15 15 21 20 19 22 28 25 29 38 35 32 29 36 27 ]
CSI_DATA,STA,E4:D1:24:F2:5E:80,-84,10,0,0,0,0,0,0,0,0,0,-97,0,9,0,15793283,0,389,0,0,16.1752,128,[-123 81 24 0 -31 -11 -19 -1 -16 -10 -4 -10 5 -7 11 -7 20 -12 18 -14 24 -14 23 -16 22 -24 25 -18 16 -14 21 -16 15 -10 9 -14 13 -6 6 -6 6 -1 6 6 2 2 -2 5 -2 9 -5 7 -2 14 0 0 0 0 0 0 0 0 0 0 0 0 0 0 0 0 0 0 0 0 0 0 -2 5 -1 2 1 9 -2 8 -4 18 -4 21 -6 21 -2 22 0 24 -3 24 -8 16 1 18 -1 16 -5 12 1 3 -2 0 -4 -3 -14 -7 -14 -17 -22 -14 -24 -21 -25 -24 -32 -24 -35 -22 -44 -20 -46 -25 ]
CSI_DATA,STA,E4:D1:24:F2:5E:80,-84,10,0,0,0,0,0,0,0,0,0,-97,0,9,0,15895685,0,389,0,0,16.2776,128,[-123 81 24 0 -23 -1 -21 -14 -11 -7 -6 -6 11 -5 7 -6 17 -11 20 -11 18 -10 22 -6 20 -14 24 -12 22 -8 19 -7 20 -10 18 -5 12 -7 8 -3 5 1 4 0 -1 0 -6 6 -5 8 -9 4 -12 11 0 0 0 0 0 0 0 0 0 0 0 0 0 0 0 0 0 0 0 0 0 0 1 0 3 3 5 11 5 10 6 10 7 18 9 20 10 21 9 21 12 19 10 19 11 16 5 13 6 9 4 10 -3 1 -6 -3 -10 -5 -13 -9 -22 -15 -24 -18 -29 -17 -34 -18 -39 -14 -46 -16 -39 -15 ]
CSI_DATA,STA,E4:D1:24:F2:5E:80,-84,10,0,0,0,0,0,0,0,0,0,-97,0,9,0,15998087,0,389,0,0,16.38,128,[-123 81 24 0 31 9 20 12 7 10 -3 10 1 5 -12 5 -19 13 -23 8 -18 11 -25 12 -20 13 -21 13 -18 14 -20 13 -16 13 -14 10 -11 4 1 2 -2 4 -5 -3 -4 -4 -1 -6 -3 -12 4 -12 6 -10 0 0 0 0 0 0 0 0 0 0 0 0 0 0 0 0 0 0 0 0 0 0 -5 -3 4 -4 4 -8 8 -17 10 -16 13 -17 13 -21 3 -20 9 -21 6 -25 11 -18 8 -17 8 -14 7 -13 2 -9 2 0 11 4 6 10 16 19 10 22 20 24 22 23 26 32 31 35 30 25 34 26 ]
CSI_DATA,STA,E4:D1:24:F2:5E:80,-84,10,0,0,0,0,0,0,0,0,0,-97,0,9,0,16074437,0,332,0,0,16.4563,128,[76 -63 20 0 -23 -2 -23 -6 -11 1 3 -10 1 -12 11 -10 12 -16 19 -15 16 -23 20 -18 19 -19 18 -22 14 -21 10 -17 8 -17 14 -10 9 -13 3 -7 1 -2 5 3 0 4 -5 9 -3 6 -2 12 -6 14 0 0 0 0 0 0 0 0 0 0 0 0 0 0 0 0 0 0 0 0 0 0 -2 1 -1 4 8 10 7 12 8 16 4 14 1 20 9 20 12 21 8 21 9 20 7 12 6 19 2 10 1 6 -1 5 -7 2 -6 -4 -20 -10 -25 -4 -29 -12 -40 -12 -36 -10 -41 -6 -46 -11 -39 -11 ]
CSI_DATA,STA,E4:D1:24:F2:5E:80,-83,10,0,0,0,0,0,0,0,0,0,-97,0,9,0,16100599,0,389,0,0,16.4876,128,[-123 81 24 0 29 -9 21 0 10 1 11 0 -3 8 -7 12 -9 17 -12 15 -12 18 -12 16 -16 22 -17 23 -14 21 -16 24 -9 16 -10 8 -8 14 -7 10 -3 0 -8 -1 0 -5 -5 -7 -1 -12 3 -16 7 -10 0 0 0 0 0 0 0 0 0 0 0 0 0 0 0 0 0 0 0 0 0 0 -1 3 -5 -1 -7 -8 -11 -11 -12 -11 -23 -11 -15 -14 -16 -17 -15 -16 -15 -20 -16 -17 -17 -9 -10 -6 -8 -6 -7 -9 -1 -3 -2 -3 10 -1 16 9 22 4 30 3 38 4 34 -2 48 -3 43 -3 45 -5 ]
CSI_DATA,STA,E4:D1:24:F2:5E:80,-85,10,0,0,0,0,0,0,0,0,0,-97,0,9,0,16202892,0,389,0,0,16.5847,128,[-123 81 24 0 22 -15 21 -13 11 -2 8 2 2 7 2 10 2 21 -2 23 2 23 -3 28 0 27 -3 26 4 25 0 21 7 19 4 19 -3 11 -2 13 -3 3 -3 4 -7 1 -5 -9 -7 -7 -12 -9 -9 -8 0 0 0 0 0 0 0 0 0 0 0 0 0 0 0 0 0 0 0 0 0 0 -5 -2 -6 -6 -8 -8 -8 -9 -9 -12 -15 -18 -16 -17 -15 -16 -20 -15 -22 -15 -20 -15 -20 -13 -15 -16 -12 -12 -4 -9 -3 -1 5 -4 7 1 12 -6 21 -5 32 -8 40 -5 35 -10 44 -14 38 -27 45 -19 ]
CSI_DATA,STA,E4:D1:24:F2:5E:80,-85,10,0,0,0,0,0,0,0,0,0,-97,0,9,0,16305295,0,389,0,0,16.6871,128,[-123 81 24 0 -8 -27 -11 -21 -5 -16 2 -3 8 -1 15 8 16 10 24 6 23 6 22 6 24 11 26 11 24 4 20 7 14 3 16 -1 13 1 6 5 4 7 -1 7 -5 2 -8 0 -11 2 -14 1 -15 2 0 0 0 0 0 0 0 0 0 0 0 0 0 0 0 0 0 0 0 0 0 0 -4 2 1 6 -3 11 -9 15 -9 16 -15 19 -11 19 -9 18 -9 24 -11 19 -9 21 -11 16 -7 16 0 12 -6 6 -3 4 -3 -6 -2 -8 1 -17 -5 -22 -2 -30 -6 -39 -10 -39 -12 -38 -19 -47 -12 -40 ]
CSI_DATA,STA,E4:D1:24:F2:5E:80,-84,10,0,0,0,0,0,0,0,0,0,-97,0,9,0,16407698,0,389,0,0,16.7895,128,[-123 81 24 0 -20 15 -13 10 -12 5 -9 -2 -4 -9 -1 -19 -4 -20 -2 -24 0 -25 -5 -28 1 -30 -4 -32 -4 -25 -5 -24 -6 -19 -5 -19 0 -11 -1 -14 2 -4 -2 -2 6 -3 6 8 9 5 12 12 8 11 0 0 0 0 0 0 0 0 0 0 0 0 0 0 0 0 0 0 0 0 0 0 4 0 7 1 11 6 11 2 16 1 18 5 18 -2 21 0 22 9 23 6 23 6 23 2 15 1 9 3 7 3 0 0 -5 2 -14 7 -16 7 -22 15 -24 19 -32 17 -30 24 -39 31 -32 27 -32 29 ]
CSI_DATA,STA,E4:D1:24:F2:5E:80,-85,10,0,0,0,0,0,0,0,0,0,-97,0,9,0,16510100,0,389,0,0,16.892,128,[-123 81 24 0 3 27 2 23 -7 10 -2 1 -7 -3 -13 -7 -15 -11 -14 -18 -18 -15 -23 -18 -20 -19 -17 -19 -28 -16 -14 -17 -14 -18 -10 -10 -7 -7 -5 -9 -4 -8 4 -1 5 -4 9 4 12 0 10 1 11 12 0 0 0 0 0 0 0 0 0 0 0 0 0 0 0 0 0 0 0 0 0 0 0 0 1 -5 1 -10 8 -10 11 -13 8 -19 12 -17 14 -22 16 -24 11 -20 9 -19 9 -17 16 -17 11 -11 6 -9 2 4 0 5 -6 9 -4 20 -5 27 -2 29 -8 37 1 44 0 45 10 45 7 48 ]
CSI_DATA,STA,E4:D1:24:F2:5E:80,-85,10,0,0,0,0,0,0,0,0,0,-97,0,9,0,16612503,0,389,0,0,16.9944,128,[-123 81 24 0 18 -22 15 -17 13 -7 6 -2 3 5 2 11 3 12 -5 26 2 24 -1 18 -2 22 3 29 -1 25 -4 20 -1 18 5 14 -2 17 2 9 -1 6 -2 5 -4 -4 -8 -9 -3 -9 -2 -12 -7 -14 0 0 0 0 0 0 0 0 0 0 0 0 0 0 0 0 0 0 0 0 0 0 0 0 -5 -1 -8 2 -14 6 -18 1 -18 7 -18 8 -18 2 -22 2 -21 6 -15 3 -19 4 -18 -5 -16 -3 -7 4 -5 0 3 0 12 -3 10 -15 19 -11 25 -20 28 -23 25 -27 28 -32 30 -30 29 -37 ]
CSI_DATA,STA,E4:D1:24:F2:5E:80,-84,10,0,0,0,0,0,0,0,0,0,-97,0,9,0,16714905,0,389,0,0,17.0968,128,[-123 81 24 0 26 -11 20 -13 11 -7 5 2 1 9 -2 8 -3 17 -6 20 -3 26 0 24 -2 26 -2 26 -6 25 -3 19 -3 20 -7 17 -5 9 -2 5 -4 4 -7 0 -2 -1 -7 -4 -9 -9 -9 -11 -11 -15 0 0 0 0 0 0 0 0 0 0 0 0 0 0 0 0 0 0 0 0 0 0 -4 -1 -6 -2 -9 -9 -9 -8 -8 -13 -15 -12 -13 -12 -17 -18 -15 -13 -19 -16 -19 -13 -13 -15 -13 -11 -12 -10 -13 -13 2 -7 1 -9 11 0 19 -2 19 -4 26 -2 34 -4 44 -14 42 -15 43 -13 43 -18 ]
CSI_DATA,STA,E4:D1:24:F2:5E:80,-85,10,0,0,0,0,0,0,0,0,0,-97,0,9,0,16919710,0,389,0,0,17.3017,128,[-123 81 24 0 -13 29 -4 17 -8 9 -8 6 -3 -2 -7 -13 -7 -17 -8 -21 -8 -26 -15 -25 -16 -25 -13 -26 -10 -23 -14 -23 -9 -17 -9 -14 -6 -14 -5 -12 4 -3 0 -8 2 0 4 0 10 3 8 4 11 12 0 0 0 0 0 0 0 0 0 0 0 0 0 0 0 0 0 0 0 0 0 0 -1 -3 11 -5 11 -4 9 -6 13 -8 21 -9 22 -10 24 -5 22 -5 26 -5 19 -8 15 -8 16 -8 12 -10 8 -3 3 2 -4 8 -5 10 -13 16 -17 13 -21 26 -21 30 -20 37 -19 38 -20 43 -22 43 ]
CSI_DATA,STA,E4:D1:24:F2:5E:80,-84,10,0,0,0,0,0,0,0,0,0,-97,0,9,0,17022112,0,389,0,0,17.404,128,[-123 81 24 0 25 0 21 0 17 4 -1 0 -5 4 -9 8 -14 7 -17 16 -13 16 -15 24 -22 19 -22 21 -15 19 -16 12 -11 12 -3 6 -12 13 -5 7 -5 0 -4 -1 -5 -2 -4 -10 1 -9 5 -15 1 -9 0 0 0 0 0 0 0 0 0 0 0 0 0 0 0 0 0 0 0 0 0 0 -4 -2 -2 -6 -6 -10 -8 -14 -12 -13 -14 -23 -9 -19 -13 -20 -9 -19 -15 -21 -12 -18 -7 -14 -10 -14 -3 -12 -7 -9 -2 -2 4 -2 10 3 19 5 26 5 26 5 37 8 32 3 44 5 41 9 46 2 ]
CSI_DATA,STA,E4:D1:24:F2:5E:80,-84,10,0,0,0,0,0,0,0,0,0,-97,0,9,0,17226917,0,389,0,0,17.6089,128,[-123 81 24 0 -36 -1 -17 -2 -8 -1 -6 -10 -2 -12 9 -11 18 -16 15 -17 12 -18 18 -20 23 -21 16 -24 15 -19 13 -18 15 -16 4 -11 11 -14 3 -6 4 -4 3 3 2 0 2 6 1 10 -4 15 -4 15 0 0 0 0 0 0 0 0 0 0 0 0 0 0 0 0 0 0 0 0 0 0 2 0 5 0 6 9 8 9 7 12 12 15 9 21 10 14 14 22 6 19 13 16 9 20 8 11 11 9 6 5 -7 4 -7 -3 -13 -3 -22 -6 -21 -13 -35 -11 -40 -5 -41 -4 -36 -10 -46 -7 -43 -4 ]
CSI_DATA,STA,E4:D1:24:F2:5E:80,-84,10,0,0,0,0,0,0,0,0,0,-97,0,9,0,17329318,0,389,0,0,17.7112,128,[-123 81 24 0 31 2 22 0 13 0 6 2 -1 8 -8 12 -11 15 -12 21 -19 21 -19 20 -14 22 -17 24 -10 15 -14 26 -15 18 -8 12 -9 7 -7 10 -5 0 -6 -3 -6 -4 -3 -8 2 -10 -1 -9 3 -16 0 0 0 0 0 0 0 0 0 0 0 0 0 0 0 0 0 0 0 0 0 0 -1 -1 -4 -5 -8 -7 -6 -11 -13 -15 -10 -20 -14 -19 -14 -18 -16 -17 -15 -17 -17 -15 -16 -14 -12 -9 -10 -11 -9 -9 -3 -6 5 1 12 2 18 0 22 1 29 1 39 -2 39 -2 45 1 39 -4 44 -12 ]
CSI_DATA,STA,E4:D1:24:F2:5E:80,-84,10,0,0,0,0,0,0,0,0,0,-97,0,9,0,17431721,0,389,0,0,17.8136,128,[-123 81 24 0 -19 26 -9 15 -7 7 -7 0 -7 -8 -6 -10 -9 -13 -9 -20 -13 -27 -13 -27 -12 -26 -14 -26 -15 -18 -11 -23 -10 -20 -8 -15 -4 -13 -6 -10 0 -8 3 -7 6 -2 4 2 8 6 13 6 8 7 0 0 0 0 0 0 0 0 0 0 0 0 0 0 0 0 0 0 0 0 0 0 0 -1 6 0 11 0 10 0 18 2 20 1 22 4 22 3 27 0 27 2 27 4 18 -1 16 2 14 0 6 1 3 2 1 4 -12 8 -11 10 -17 18 -21 17 -25 30 -26 31 -24 33 -28 38 -24 44 ]
CSI_DATA,STA,E4:D1:24:F2:5E:80,-84,10,0,0,0,0,0,0,0,0,0,-97,0,9,0,17534123,0,389,0,0,17.916,128,[-123 81 24 0 -29 5 -21 -3 -11 0 -9 -5 0 -6 7 -12 13 -14 13 -18 15 -20 17 -24 18 -19 14 -25 18 -23 15 -16 16 -17 16 -15 7 -9 7 -6 6 -3 3 0 0 7 3 8 -1 8 -4 10 -2 12 0 0 0 0 0 0 0 0 0 0 0 0 0 0 0 0 0 0 0 0 0 0 4 0 2 3 4 7 3 9 10 9 10 15 10 18 12 20 14 21 11 20 14 19 9 14 12 12 11 12 5 6 -1 5 -5 -1 -10 -3 -13 -4 -25 -12 -27 -9 -36 -7 -36 -7 -44 -6 -46 -11 -41 -6 ]
CSI_DATA,STA,E4:D1:24:F2:5E:80,-84,10,0,0,0,0,0,0,0,0,0,-97,0,9,0,17636525,0,389,0,0,18.0184,128,[-123 81 24 0 27 8 10 6 10 9 3 6 -1 -3 -9 1 -19 2 -18 -2 -25 2 -29 -3 -31 4 -27 3 -31 3 -21 -3 -22 -1 -20 0 -16 -7 -14 -4 -7 -6 -1 0 0 -8 4 -8 12 -2 17 1 16 -3 0 0 0 0 0 0 0 0 0 0 0 0 0 0 0 0 0 0 0 0 0 0 -2 0 -8 -2 -6 -6 -11 -7 -12 -12 -13 -16 -13 -14 -16 -15 -15 -19 -16 -18 -15 -18 -14 -19 -8 -16 -12 -9 -6 -6 -1 -4 -1 -1 7 6 13 8 23 10 23 17 34 18 35 17 45 21 37 18 45 18 ]
CSI_DATA,STA,E4:D1:24:F2:5E:80,-84,10,0,0,0,0,0,0,0,0,0,-97,0,9,0,17738928,0,389,0,0,18.1208,128,[-123 81 24 0 -15 -24 -12 -14 -6 -15 -3 -8 10 -2 10 -1 19 6 19 3 23 8 22 10 31 6 24 5 27 6 20 4 20 8 12 8 7 -1 9 8 2 5 3 6 -8 2 -8 -1 -11 2 -9 2 -13 2 0 0 0 0 0 0 0 0 0 0 0 0 0 0 0 0 0 0 0 0 0 0 0 3 -2 6 -2 7 -4 11 -11 17 -8 18 -8 18 -7 21 -10 24 -13 25 -12 19 -9 22 -9 13 -7 12 -6 10 -2 -4 -1 -6 -3 -13 -3 -24 -7 -25 -11 -29 -14 -36 -11 -41 -14 -48 -17 -36 -18 -42 ]
CSI_DATA,STA,E4:D1:24:F2:5E:80,-85,10,0,0,0,0,0,0,0,0,0,-97,0,9,0,17841330,0,389,0,0,18.2232,128,[-123 81 24 0 -25 17 -17 11 -14 1 -9 3 -7 -6 -1 -14 -2 -18 0 -26 1 -24 -1 -22 2 -28 1 -29 0 -23 -4 -25 2 -21 1 -15 3 -18 3 -13 7 -4 5 -4 6 2 5 5 3 8 2 7 4 15 0 0 0 0 0 0 0 0 0 0 0 0 0 0 0 0 0 0 0 0 0 0 3 -2 6 2 9 4 16 5 17 5 16 10 22 8 18 8 21 11 21 9 22 8 19 12 15 6 17 4 4 3 -1 5 -6 1 -11 -1 -16 9 -25 5 -30 10 -31 12 -42 16 -45 15 -37 22 -38 26 ]
CSI_DATA,STA,E4:D1:24:F2:5E:80,-84,10,0,0,0,0,0,0,0,0,0,-97,0,9,0,17943732,0,389,0,0,18.3256,128,[-123 81 24 0 -19 15 -19 9 -12 -1 -9 -3 3 -4 4 -15 9 -21 12 -15 10 -21 12 -26 10 -23 10 -29 11 -25 10 -24 10 -22 7 -15 11 -8 2 4 5 2 3 0 9 4 2 4 0 8 -3 13 -4 10 0 0 0 0 0 0 0 0 0 0 0 0 0 0 0 0 0 0 0 0 0 0 4 -2 6 3 7 2 13 3 16 6 15 6 22 7 20 8 19 11 19 10 13 11 13 7 16 7 8 2 8 -1 -1 0 -1 1 -8 3 -20 0 -19 8 -29 6 -36 8 -43 14 -38 9 -45 12 -43 18 ]
CSI_DATA,STA,E4:D1:24:F2:5E:80,-84,10,0,0,0,0,0,0,0,0,0,-97,0,9,0,18046135,0,389,0,0,18.4281,128,[-123 81 24 0 28 -2 19 -6 11 1 8 2 1 3 -7 7 -15 12 -15 15 -16 15 -23 18 -21 23 -20 24 -20 22 -13 19 -16 11 -13 11 -12 7 -10 5 -8 3 -3 0 -7 -8 0 -10 0 -10 10 -8 5 -11 0 0 0 0 0 0 0 0 0 0 0 0 0 0 0 0 0 0 0 0 0 0 -1 3 -11 -2 -7 -8 -13 -6 -11 -10 -16 -11 -19 -8 -19 -11 -23 -11 -20 -5 -20 -6 -20 -8 -10 -13 -16 -7 -6 -5 -1 -5 1 -1 12 2 14 0 20 3 31 1 40 4 44 -1 41 -6 45 -5 45 -3 ]
CSI_DATA,STA,E4:D1:24:F2:5E:80,-84,10,0,0,0,0,0,0,0,0,0,-97,0,9,0,18148537,0,389,0,0,18.5305,128,[-123 81 24 0 22 26 10 17 4 10 -1 6 -3 3 -7 3 -16 -1 -22 0 -29 -1 -32 -6 -30 0 -27 -3 -26 -4 -21 0 -20 3 -18 2 -18 -2 -11 -2 -8 -6 -2 -7 -3 -5 7 -6 8 -7 8 -4 16 -5 0 0 0 0 0 0 0 0 0 0 0 0 0 0 0 0 0 0 0 0 0 0 0 1 -1 -6 2 -7 3 -14 5 -16 3 -18 5 -22 7 -23 6 -24 7 -17 5 -23 5 -17 0 -18 -2 -8 -1 -7 1 0 0 4 -1 6 4 15 10 28 13 28 21 27 17 40 22 29 27 36 27 32 ]
CSI_DATA,STA,E4:D1:24:F2:5E:80,-84,10,0,0,0,0,0,0,0,0,0,-97,0,9,0,18250940,0,389,0,0,18.6329,128,[-123 81 24 0 -18 24 -14 15 -10 11 -8 0 -8 -4 -4 -13 -5 -15 -4 -17 -8 -24 -3 -22 -9 -37 -4 -28 -5 -23 -4 -24 -1 -16 -3 -18 -5 -14 -6 -16 2 -4 1 -3 7 -1 8 0 6 7 6 8 7 9 0 0 0 0 0 0 0 0 0 0 0 0 0 0 0 0 0 0 0 0 0 0 0 1 8 -2 6 -1 9 0 16 -1 16 3 18 0 16 -4 21 2 22 -2 20 0 21 -4 15 2 13 -2 5 1 7 4 -5 1 -8 3 -17 11 -16 13 -21 16 -27 25 -26 26 -31 31 -27 34 -29 38 ]
CSI_DATA,STA,E4:D1:24:F2:5E:80,-84,10,0,0,0,0,0,0,0,0,0,-97,0,9,0,18353342,0,389,0,0,18.7353,128,[-123 81 24 0 26 7 19 9 13 7 6 2 -4 3 -13 4 -17 5 -14 5 -22 8 -24 10 -29 9 -28 11 -27 8 -23 10 -20 5 -14 4 -12 1 -13 3 -4 3 -6 -4 -1 -5 5 -9 6 -6 9 -10 8 -9 0 0 0 0 0 0 0 0 0 0 0 0 0 0 0 0 0 0 0 0 0 0 -4 -4 -3 -7 -6 -8 -3 -10 -9 -17 -8 -19 -15 -20 -11 -18 -11 -17 -12 -19 -13 -20 -10 -16 -8 -16 -7 -10 -10 -9 -6 -12 7 3 6 0 18 8 22 4 26 17 30 21 40 16 41 17 47 15 46 15 ]
CSI_DATA,STA,E4:D1:24:F2:5E:80,-84,10,0,0,0,0,0,0,0,0,0,-97,0,9,0,18455744,0,389,0,0,18.8376,128,[-123 81 24 0 -15 30 -9 25 -5 18 -6 0 -6 -3 -2 -10 -6 -16 -3 -18 -4 -24 -3 -26 -5 -34 -3 -30 -8 -28 -3 -24 -3 -23 2 -19 3 -9 2 -12 3 -12 8 -3 5 1 3 5 8 4 3 9 2 10 0 0 0 0 0 0 0 0 0 0 0 0 0 0 0 0 0 0 0 0 0 0 -1 -3 6 -3 6 -4 14 -9 13 -5 16 -7 14 -10 18 -11 20 -13 21 -10 17 -9 16 -15 12 -10 13 -3 6 1 0 -3 -5 5 -2 8 -10 12 -19 16 -21 14 -21 28 -20 30 -25 37 -21 39 -20 38 ]
CSI_DATA,STA,E4:D1:24:F2:5E:80,-84,10,0,0,0,0,0,0,0,0,0,-97,0,9,0,18558147,0,389,0,0,18.94,128,[-123 81 24 0 31 -2 21 -3 7 2 7 2 -1 4 -8 6 -15 6 -21 13 -19 17 -24 14 -21 17 -22 19 -20 17 -22 16 -22 14 -15 13 -11 10 -11 1 -11 0 -2 -2 2 -6 0 -6 5 -9 5 -9 8 -10 0 0 0 0 0 0 0 0 0 0 0 0 0 0 0 0 0 0 0 0 0 0 1 -1 -8 -3 -6 -8 -9 -8 -16 -10 -18 -9 -20 -13 -19 -15 -19 -18 -11 -16 -19 -11 -11 -18 -16 -13 -8 -14 -6 -8 -1 -8 1 3 13 0 18 6 24 3 29 9 37 2 41 7 44 4 49 2 52 2 ]
CSI_DATA,STA,E4:D1:24:F2:5E:80,-84,10,0,0,0,0,0,0,0,0,0,-97,0,9,0,18660549,0,389,0,0,19.0423,128,[-123 81 24 0 -13 -26 -11 -18 -1 -13 4 -8 1 -4 10 4 14 2 24 0 28 4 26 3 29 7 25 1 25 4 21 4 21 0 16 -4 13 1 9 1 2 5 3 5 -5 5 -4 6 -10 5 -12 6 -14 8 0 0 0 0 0 0 0 0 0 0 0 0 0 0 0 0 0 0 0 0 0 0 1 1 -5 0 -7 9 -9 8 -12 11 -14 15 -15 20 -19 16 -16 19 -17 17 -16 15 -13 17 -9 17 -8 12 -6 5 -5 2 -2 -1 -4 -10 -4 -19 0 -21 -4 -32 -9 -37 -13 -40 -16 -46 -18 -45 -12 -46 ]
CSI_DATA,STA,E4:D1:24:F2:5E:80,-85,10,0,0,0,0,0,0,0,0,0,-97,0,9,0,18762951,0,389,0,0,19.1449,128,[-123 81 24 0 26 -16 16 -9 15 -10 9 1 4 5 0 14 -3 16 -3 22 -2 25 -8 26 -7 32 -5 28 -4 28 -9 22 -1 22 -4 21 -1 14 -7 12 0 6 -6 1 -8 -5 -7 -11 -11 -11 -7 -12 -4 -15 0 0 0 0 0 0 0 0 0 0 0 0 0 0 0 0 0 0 0 0 0 0 0 -2 -6 -3 -8 -6 -14 -6 -15 -8 -19 -10 -22 -10 -22 -12 -25 -11 -21 -14 -18 -15 -17 -10 -13 -8 -12 -13 -3 -4 0 0 1 -3 10 -3 22 -9 25 -14 30 -9 36 -10 38 -15 41 -16 46 -25 38 -29 ]
CSI_DATA,STA,E4:D1:24:F2:5E:80,-83,10,0,0,0,0,0,0,0,0,0,-97,0,9,0,18865354,0,389,0,0,19.2473,128,[-123 81 24 0 21 -25 12 -21 16 -4 8 3 7 4 5 10 6 22 9 26 5 23 8 22 7 24 8 22 10 24 9 22 11 20 10 18 3 8 1 13 -3 10 -8 5 -7 2 -10 -6 -9 -6 -13 -5 -12 -9 0 0 0 0 0 0 0 0 0 0 0 0 0 0 0 0 0 0 0 0 0 0 -2 0 -6 0 -11 -6 -14 -9 -14 -9 -18 -10 -21 -9 -24 -9 -16 -11 -19 -11 -22 -8 -17 -7 -17 -8 -15 -2 -10 -5 -3 -5 1 -1 10 -8 11 -13 18 -9 31 -18 31 -21 32 -23 37 -30 37 -31 36 -33 ]
CSI_DATA,STA,E4:D1:24:F2:5E:80,-84,10,0,0,0,0,0,0,0,0,0,-97,0,9,0,18967756,0,389,0,0,19.3497,128,[-123 81 24 0 20 -27 10 -21 13 -7 13 -1 7 8 6 2 4 18 2 15 6 24 6 24 2 24 4 28 9 21 1 21 0 19 4 18 0 16 3 10 -1 8 -4 3 -8 2 -7 -4 -8 -7 -7 -13 -13 -11 0 0 0 0 0 0 0 0 0 0 0 0 0 0 0 0 0 0 0 0 0 0 0 1 -3 -2 -9 -6 -10 -2 -13 -4 -19 -7 -20 -2 -26 -6 -23 -3 -26 -6 -24 -8 -20 0 -20 -1 -13 -4 -13 -4 -4 -4 4 -5 5 -7 8 -10 18 -11 20 -16 33 -17 30 -21 31 -30 33 -35 32 -36 ]
CSI_DATA,STA,E4:D1:24:F2:5E:80,-83,10,0,0,0,0,0,0,0,0,0,-97,0,9,0,19070159,0,389,0,0,19.4521,128,[-123 81 24 0 -32 16 -23 14 -21 8 -8 -3 -5 -6 5 -12 6 -18 6 -23 6 -25 5 -26 8 -26 11 -23 9 -26 9 -27 9 -18 0 -17 5 -15 0 -11 5 -8 11 0 6 7 4 2 6 5 2 10 4 14 0 0 0 0 0 0 0 0 0 0 0 0 0 0 0 0 0 0 0 0 0 0 2 2 3 3 7 0 9 4 11 14 17 13 16 10 20 12 21 10 18 11 20 10 19 10 15 10 13 5 7 3 -1 3 -5 1 -12 4 -17 3 -22 2 -28 2 -37 11 -44 8 -46 14 -51 14 -40 17 ]
CSI_DATA,STA,E4:D1:24:F2:5E:80,-84,10,0,0,0,0,0,0,0,0,0,-97,0,9,0,19172561,0,389,0,0,19.5545,128,[-123 81 24 0 -27 20 -23 12 -17 3 -6 2 -3 -6 -1 -15 7 -18 8 -21 9 -27 12 -28 11 -23 14 -28 12 -24 7 -21 9 -22 4 -16 11 -10 4 -4 7 -5 8 -1 1 1 0 8 -2 11 -1 13 -5 6 0 0 0 0 0 0 0 0 0 0 0 0 0 0 0 0 0 0 0 0 0 0 0 -3 7 0 7 -3 13 1 18 -1 19 6 19 0 25 3 24 3 21 -3 20 2 25 -5 24 -1 17 0 13 -1 4 3 -2 -2 -12 1 -15 7 -23 8 -25 18 -38 15 -37 18 -41 16 -44 23 -46 31 ]
CSI_DATA,STA,E4:D1:24:F2:5E:80,-84,10,0,0,0,0,0,0,0,0,0,-97,0,9,0,19274963,0,389,0,0,19.6569,128,[-123 81 24 0 2 -32 0 -19 9 -13 6 -3 1 2 10 6 10 18 11 18 11 25 9 21 13 25 9 24 14 27 8 19 10 12 2 16 4 15 1 11 -3 8 -4 5 -5 -1 -7 -4 -11 -9 -7 -7 -11 -11 0 0 0 0 0 0 0 0 0 0 0 0 0 0 0 0 0 0 0 0 0 0 -4 -2 -7 5 -7 6 -11 10 -11 8 -13 11 -17 9 -17 15 -18 12 -20 14 -19 13 -18 13 -14 7 -10 7 -9 3 -1 -1 -1 -5 0 -12 6 -18 6 -21 12 -23 14 -40 11 -37 14 -47 8 -51 8 -50 ]
CSI_DATA,STA,E4:D1:24:F2:5E:80,-84,10,0,0,0,0,0,0,0,0,0,-97,0,9,0,19377363,0,389,0,0,19.7592,128,[-123 81 24 0 14 23 11 18 1 14 -3 7 -9 1 -14 -3 -18 -4 -21 -7 -24 -5 -27 -4 -28 -3 -30 0 -27 -4 -19 -5 -21 -3 -21 -1 -13 -2 -12 -5 -6 -4 -5 -7 0 -7 6 -7 5 -6 10 -7 16 -2 0 0 0 0 0 0 0 0 0 0 0 0 0 0 0 0 0 0 0 0 0 0 0 -3 -1 -6 3 -9 5 -13 4 -13 10 -20 13 -17 12 -21 11 -24 12 -23 10 -23 13 -18 5 -20 6 -12 1 -8 2 -4 5 6 3 6 1 15 3 28 10 29 11 39 11 41 21 44 20 44 20 42 ]
CSI_DATA,STA,E4:D1:24:F2:5E:80,-84,10,0,0,0,0,0,0,0,0,0,-97,0,9,0,19479765,0,389,0,0,19.8617,128,[-123 81 24 0 -29 4 -21 1 -17 -2 -10 -6 -1 -5 8 -14 4 -13 17 -16 21 -22 15 -22 17 -25 16 -22 13 -19 15 -20 14 -15 10 -16 6 -15 6 -8 4 -3 2 -4 2 4 1 7 0 9 -4 11 -6 11 0 0 0 0 0 0 0 0 0 0 0 0 0 0 0 0 0 0 0 0 0 0 0 0 3 5 2 9 4 7 5 11 8 16 10 17 10 22 9 27 9 19 13 19 14 15 6 15 6 18 -1 11 2 4 -10 2 -16 -5 -16 -5 -21 -3 -28 -10 -33 -11 -46 -10 -49 -8 -46 -8 -50 -5 ]
CSI_DATA,STA,E4:D1:24:F2:5E:80,-83,10,0,0,0,0,0,0,0,0,0,-97,0,9,0,19582167,0,389,0,0,19.9641,128,[-123 81 24 0 -8 -25 -3 -25 -3 -17 3 -9 5 -5 12 -3 12 10 19 13 18 16 18 14 25 19 20 20 21 16 14 21 15 14 12 16 7 16 3 7 -4 4 -3 4 0 -2 -8 -1 -12 -1 -14 -1 -15 -7 0 0 0 0 0 0 0 0 0 0 0 0 0 0 0 0 0 0 0 0 0 0 -2 1 -2 3 2 9 -1 13 -4 14 -5 18 -6 21 -5 18 -10 20 -10 23 -4 26 -11 20 -8 22 -7 12 0 9 -5 2 0 0 0 -12 1 -20 -6 -24 -8 -38 -2 -40 -9 -41 -10 -45 -4 -45 -20 -49 ]
CSI_DATA,STA,E4:D1:24:F2:5E:80,-84,10,0,0,0,0,0,0,0,0,0,-97,0,9,0,19684570,0,389,0,0,20.0665,128,[-123 81 24 0 23 -22 19 -8 12 -12 8 -4 -1 11 0 13 -4 16 -6 17 1 22 -3 30 -6 31 -9 26 -8 26 2 24 -2 23 -5 14 -5 19 -6 11 -3 4 -7 2 -4 -3 -4 -6 -6 -10 -5 -11 1 -13 0 0 0 0 0 0 0 0 0 0 0 0 0 0 0 0 0 0 0 0 0 0 1 -1 -7 1 -7 -3 -10 -5 -14 1 -17 -6 -20 -6 -25 -6 -23 -8 -27 -6 -24 -2 -22 -6 -19 -3 -13 -4 -8 -3 -10 0 -1 0 9 -2 10 -11 16 -10 24 -18 27 -20 34 -23 39 -25 38 -27 34 -30 ]
CSI_DATA,STA,E4:D1:24:F2:5E:80,-84,10,0,0,0,0,0,0,0,0,0,-97,0,9,0,19786972,0,389,0,0,20.1689,128,[-123 81 24 0 18 29 13 22 3 11 -3 9 -2 1 -8 -3 -18 -1 -27 -3 -22 -2 -25 -4 -27 -3 -35 -8 -26 -2 -23 -4 -21 -9 -19 -9 -17 -3 -11 -3 -8 -8 1 -8 2 -5 6 -7 11 -2 9 -7 13 1 0 0 0 0 0 0 0 0 0 0 0 0 0 0 0 0 0 0 0 0 0 0 -3 -1 -1 -7 3 -7 3 -12 2 -13 1 -19 6 -22 -2 -20 5 -26 6 -21 1 -23 2 -18 2 -16 -1 -15 5 -11 -5 -6 0 3 4 6 1 11 8 21 14 22 18 32 18 29 24 34 26 41 28 36 ]
CSI_DATA,STA,E4:D1:24:F2:5E:80,-84,10,0,0,0,0,0,0,0,0,0,-97,0,9,0,19889374,0,389,0,0,20.2713,128,[-123 81 24 0 -31 1 -29 -2 -15 -2 -5 -6 -2 -5 1 -12 8 -15 11 -23 10 -21 14 -27 9 -25 8 -27 8 -26 11 -24 11 -20 6 -15 7 -10 6 -9 7 -5 9 0 5 1 4 4 3 10 1 10 -2 11 0 0 0 0 0 0 0 0 0 0 0 0 0 0 0 0 0 0 0 0 0 0 0 -1 1 8 2 6 1 7 2 16 7 19 7 24 4 18 9 20 12 16 11 20 9 20 11 16 6 14 4 8 1 6 -6 3 -4 -2 -25 -8 -24 -11 -27 -12 -35 -6 -39 -7 -47 -1 -47 -4 -53 -1 ]
CSI_DATA,STA,E4:D1:24:F2:5E:80,-85,10,0,0,0,0,0,0,0,0,0,-97,0,9,0,19991777,0,389,0,0,20.3737,128,[-123 81 24 0 34 7 24 7 11 6 4 5 -4 9 -13 2 -16 8 -24 5 -26 9 -28 10 -25 10 -25 3 -25 9 -24 7 -18 8 -19 5 -15 6 -9 2 -7 0 -4 -5 -3 -6 2 -8 2 -7 8 -9 11 -9 0 0 0 0 0 0 0 0 0 0 0 0 0 0 0 0 0 0 0 0 0 0 -5 -2 -4 -4 -3 -9 -7 -14 -6 -13 -7 -15 -12 -16 -11 -20 -13 -21 -14 -21 -9 -19 -12 -18 -8 -14 -9 -9 -2 -12 -2 -3 1 -6 9 3 15 6 14 6 32 20 36 12 38 16 40 16 44 17 46 13 ]
CSI_DATA,STA,E4:D1:24:F2:5E:80,-84,10,0,0,0,0,0,0,0,0,0,-97,0,9,0,20094179,0,389,0,0,20.476,128,[-123 81 24 0 14 -22 15 -20 6 -8 5 3 4 1 0 11 2 18 -1 20 4 19 1 24 5 26 -1 30 -2 26 0 26 2 19 0 18 -3 16 -2 7 -4 7 -7 4 -7 -2 -7 -4 -7 -8 -7 -11 -6 -13 0 0 0 0 0 0 0 0 0 0 0 0 0 0 0 0 0 0 0 0 0 0 -4 0 -6 6 -11 4 -13 -1 -12 4 -17 1 -19 3 -23 1 -21 4 -23 9 -23 3 -19 8 -17 3 -14 3 -11 0 -2 1 -1 -8 9 -14 12 -14 22 -20 21 -21 24 -28 30 -30 31 -34 29 -43 25 -40 ]
CSI_DATA,STA,E4:D1:24:F2:5E:80,-84,10,0,0,0,0,0,0,0,0,0,-97,0,9,0,20196601,0,389,0,0,20.5785,128,[-123 81 24 0 13 -25 11 -15 11 -16 2 -1 3 3 2 13 10 15 7 17 10 21 9 25 11 23 9 25 16 29 9 29 8 2 5 23 4 4 6 13 0 5 -1 4 -7 0 -10 -3 -7 -6 -8 -7 -16 -10 0 0 0 0 0 0 0 0 0 0 0 0 0 0 0 0 0 0 0 0 0 0 -2 1 -4 -1 -8 1 -11 3 -17 0 -18 -1 -22 3 -22 3 -25 4 -23 1 -24 3 -17 2 -18 6 -14 4 -10 1 -8 -1 3 -4 10 -10 11 -14 12 -13 16 -27 25 -25 21 -37 26 -37 24 -40 21 -39 ]
CSI_DATA,STA,E4:D1:24:F2:5E:80,-84,10,0,0,0,0,0,0,0,0,0,-97,0,9,0,20298984,0,389,0,0,20.6809,128,[-123 81 24 0 -30 -3 -22 1 -13 -5 -13 -5 -10 -9 7 -16 12 -11 11 -19 16 -21 16 -21 18 -24 18 -24 14 -23 10 -20 7 -18 10 -15 11 -16 6 -3 7 -3 5 0 -2 5 2 5 3 5 -4 15 -2 10 0 0 0 0 0 0 0 0 0 0 0 0 0 0 0 0 0 0 0 0 0 0 3 1 4 5 4 11 4 11 1 18 12 17 11 22 9 17 15 25 8 19 7 18 7 17 4 15 5 13 2 10 0 3 -5 -1 -9 -2 -21 -7 -22 -8 -30 -10 -39 -10 -39 -15 -41 -4 -52 -7 -48 -5 ]
CSI_DATA,STA,E4:D1:24:F2:5E:80,-85,10,0,0,0,0,0,0,0,0,0,-97,0,9,0,20401386,0,389,0,0,20.7833,128,[-123 81 24 0 29 0 23 11 13 3 5 8 1 10 -5 17 -7 15 -15 19 -8 25 -14 22 -13 29 -11 24 -11 23 -7 25 -8 18 -6 15 -9 9 -2 10 -8 4 -4 0 -5 -3 -6 -7 -7 -6 -6 -13 -6 -16 0 0 0 0 0 0 0 0 0 0 0 0 0 0 0 0 0 0 0 0 0 0 1 -1 -1 -7 0 -7 1 -9 -1 -18 3 -18 2 -23 3 -23 -2 -25 -1 -26 -2 -28 -4 -22 2 -19 -1 -19 -2 -10 -1 -6 4 3 8 -4 17 13 20 11 32 13 32 16 39 12 41 14 48 15 48 14 ]
CSI_DATA,STA,E4:D1:24:F2:5E:80,-85,10,0,0,0,0,0,0,0,0,0,-97,0,9,0,20503789,0,389,0,0,20.8857,128,[-123 81 24 0 27 -21 23 -12 17 -3 9 5 7 6 -2 8 -1 17 2 22 -3 23 3 31 -1 29 3 23 -2 28 6 21 5 18 4 16 -3 16 2 14 -3 7 -2 6 -7 2 -9 -4 -9 -6 -9 -5 -11 -11 0 0 0 0 0 0 0 0 0 0 0 0 0 0 0 0 0 0 0 0 0 0 0 0 -3 -3 -6 -5 -7 -10 -12 -10 -16 -15 -16 -13 -22 -15 -22 -12 -17 -13 -18 -10 -20 -14 -19 -11 -12 -8 -5 -4 -4 -6 2 -2 7 -3 21 -7 23 -4 25 -9 32 -8 37 -7 41 -20 41 -24 45 -22 ]
CSI_DATA,STA,E4:D1:24:F2:5E:80,-84,10,0,0,0,0,0,0,0,0,0,-97,0,9,0,20696565,0,205,0,0,21.0784,128,[-51 -48 12 0 -15 29 -20 20 -19 8 -7 8 -5 -3 -7 -12 -2 -14 -6 -21 -3 -26 -2 -26 -10 -28 -4 -26 -5 -29 -5 -22 -1 -19 -2 -24 -3 -14 1 -9 1 -8 9 6 6 0 8 2 4 6 13 8 12 10 0 0 0 0 0 0 0 0 0 0 0 0 0 0 0 0 0 0 0 0 0 0 0 2 4 -3 6 0 11 -3 15 3 20 0 18 4 22 2 24 6 23 -4 20 1 24 4 21 2 12 0 14 0 5 0 2 6 -6 4 -17 10 -18 11 -23 16 -33 23 -26 27 -34 31 -36 29 -31 33 ]
CSI_DATA,STA,E4:D1:24:F2:5E:80,-84,10,0,0,0,0,0,0,0,0,0,-97,0,9,0,20708593,0,389,0,0,21.109,128,[-123 81 24 0 36 -4 25 -2 11 3 7 9 0 8 -11 11 -9 13 -18 16 -18 23 -20 21 -20 21 -19 19 -22 26 -16 17 -16 16 -14 11 -14 10 -8 5 -6 -1 -8 -3 1 -4 0 -7 3 -14 1 -14 1 -16 0 0 0 0 0 0 0 0 0 0 0 0 0 0 0 0 0 0 0 0 0 0 -3 3 -4 -3 -5 -7 -9 -11 -11 -14 -9 -15 -12 -19 -14 -22 -17 -20 -15 -16 -10 -23 -13 -17 -10 -17 -10 -15 -9 -8 -3 0 4 -8 7 -3 15 3 28 2 28 4 35 6 47 10 42 6 45 3 50 0 ]
CSI_DATA,STA,E4:D1:24:F2:5E:80,-84,10,0,0,0,0,0,0,0,0,0,-97,0,9,0,20810996,0,389,0,0,21.1929,128,[-123 81 24 0 9 33 8 23 1 5 -3 17 -6 2 -15 -2 -14 -4 -17 -6 -25 -2 -22 -6 -27 -4 -29 -5 -33 -4 -24 0 -23 -3 -15 -6 -16 -2 -13 -3 -7 -6 -4 -8 0 -9 4 -9 9 -7 14 -11 14 -6 0 0 0 0 0 0 0 0 0 0 0 0 0 0 0 0 0 0 0 0 0 0 2 -1 1 -2 5 -5 4 -9 6 -11 14 -14 16 -19 19 -15 21 -20 14 -18 18 -15 10 -16 8 -13 11 -15 4 -6 4 -4 2 0 4 13 4 15 1 24 8 29 8 41 5 37 14 42 12 46 24 45 ]
CSI_DATA,STA,E4:D1:24:F2:5E:80,-84,10,0,0,0,0,0,0,0,0,0,-97,0,9,0,20913400,0,389,0,0,21.2952,128,[-123 81 24 0 -32 3 -23 6 -15 2 -15 -5 -1 -8 7 -9 8 -13 12 -18 14 -21 15 -21 11 -23 11 -24 7 -23 7 -21 9 -15 8 -17 5 -12 9 -12 6 -6 3 5 3 -2 8 6 1 7 0 11 -1 12 0 0 0 0 0 0 0 0 0 0 0 0 0 0 0 0 0 0 0 0 0 0 2 1 2 5 4 7 13 9 8 10 10 14 14 12 18 15 15 16 14 18 14 14 16 13 14 15 12 8 2 6 0 0 -4 0 -13 0 -19 -3 -21 -6 -29 2 -38 -6 -44 -3 -44 -4 -45 9 -44 4 ]
CSI_DATA,STA,E4:D1:24:F2:5E:80,-84,10,0,0,0,0,0,0,0,0,0,-97,0,9,0,21015801,0,389,0,0,21.3977,128,[-123 81 24 0 -26 -10 -20 -14 -15 -11 -5 -8 5 -6 10 -5 11 -9 17 -10 22 -12 25 -10 25 -9 26 -10 27 -7 21 -11 21 -4 13 -6 13 -3 10 -2 6 -3 5 2 -1 3 -4 5 -6 9 -11 9 -9 8 0 0 0 0 0 0 0 0 0 0 0 0 0 0 0 0 0 0 0 0 0 0 1 4 -2 5 0 6 3 8 0 17 0 20 -1 23 0 24 2 20 3 19 -2 23 3 18 4 13 -2 14 -2 11 -3 5 1 0 -6 -8 -10 -10 -20 -14 -24 -21 -30 -23 -34 -26 -38 -33 -41 -24 -40 -23 ]
CSI_DATA,STA,E4:D1:24:F2:5E:80,-84,10,0,0,0,0,0,0,0,0,0,-97,0,9,0,21220605,0,389,0,0,21.6025,128,[-123 81 24 0 23 18 20 15 12 9 6 10 -6 6 -12 -1 -18 1 -20 -3 -26 -2 -27 -3 -26 -4 -27 -1 -29 -4 -27 2 -19 -8 -14 -2 -14 -5 -12 -7 -5 -4 -3 -7 2 -5 4 -8 10 -5 12 -6 14 -3 0 0 0 0 0 0 0 0 0 0 0 0 0 0 0 0 0 0 0 0 0 0 0 -1 -3 -4 -6 -7 -3 -7 -4 -18 -6 -19 -3 -26 -7 -22 -1 -24 -7 -21 -7 -19 -5 -22 -5 -18 4 -15 2 -8 5 -3 5 -1 7 4 7 18 18 17 16 23 25 29 26 31 31 35 32 34 39 29 ]
CSI_DATA,STA,E4:D1:24:F2:5E:80,-85,10,0,0,0,0,0,0,0,0,0,-97,0,9,0,21323008,0,389,0,0,21.7049,128,[-123 81 24 0 28 -15 25 -7 14 -6 6 2 4 9 -5 11 -6 12 -7 18 -6 25 -7 31 -12 28 -8 25 -7 23 -5 21 -1 19 -6 18 -6 16 -7 10 -4 4 -3 1 -7 -4 -5 -8 -1 -11 -2 -15 -4 -13 0 0 0 0 0 0 0 0 0 0 0 0 0 0 0 0 0 0 0 0 0 0 -1 0 -8 -3 -7 -4 -12 -10 -12 -13 -18 -12 -21 -15 -22 -11 -14 -15 -20 -13 -18 -10 -17 -8 -13 -6 -10 -7 -6 -3 0 -3 0 -3 12 0 21 0 26 -6 31 -1 34 -12 43 -14 39 -10 43 -15 47 -16 ]
CSI_DATA,STA,E4:D1:24:F2:5E:80,-84,10,0,0,0,0,0,0,0,0,0,-97,0,9,0,21425410,0,389,0,0,21.8074,128,[-123 81 24 0 -27 -23 -21 -19 -8 -19 -5 -7 7 -8 9 3 17 -3 20 -3 26 0 25 -6 31 -7 26 -9 26 -5 20 -2 22 -1 19 -7 16 1 5 -1 9 6 2 6 1 2 -1 8 -7 9 -8 8 -11 9 0 0 0 0 0 0 0 0 0 0 0 0 0 0 0 0 0 0 0 0 0 0 -1 3 -1 7 -5 7 -3 12 -1 19 -7 18 -4 25 -6 16 -4 25 -4 23 -4 22 -3 18 -3 17 -1 11 -5 11 -8 2 -5 -5 -5 -12 -7 -15 -9 -19 -17 -31 -20 -29 -22 -33 -29 -34 -37 -33 -37 -37 ]
CSI_DATA,STA,E4:D1:24:F2:5E:80,-84,10,0,0,0,0,0,0,0,0,0,-97,0,9,0,21527812,0,389,0,0,21.9096,128,[-123 81 24 0 -3 34 1 27 1 13 -1 2 -2 -2 -19 -6 -13 -10 -18 -9 -21 -18 -22 -19 -24 -18 -21 -20 -24 -17 -17 -19 -23 -15 -18 -12 -13 -11 -11 -10 -5 -4 3 -8 8 -7 9 -3 9 1 9 -2 11 1 0 0 0 0 0 0 0 0 0 0 0 0 0 0 0 0 0 0 0 0 0 0 0 0 2 -1 5 -2 12 -3 12 -7 8 -7 20 -8 17 -10 21 -12 20 -14 16 -14 17 -11 12 -11 10 -7 6 -3 3 -4 -1 -4 -2 9 -3 17 -6 21 -12 29 -11 37 -5 40 -7 48 1 49 -6 48 ]
CSI_DATA,STA,E4:D1:24:F2:5E:80,-84,10,0,0,0,0,0,0,0,0,0,-97,0,9,0,21630215,0,389,0,0,22.012,128,[-123 81 24 0 -2 -28 -4 -22 4 -15 8 -5 9 -4 10 3 14 4 15 14 19 12 25 15 23 12 24 15 21 15 25 10 19 11 18 11 10 9 7 8 6 9 2 4 0 2 -8 4 -11 7 -9 -1 -15 -6 0 0 0 0 0 0 0 0 0 0 0 0 0 0 0 0 0 0 0 0 0 0 -2 3 -4 2 -12 0 -11 -2 -19 7 -17 5 -18 3 -21 10 -23 8 -23 7 -21 10 -20 10 -17 3 -13 4 -11 2 -4 -3 -3 -5 -1 -8 5 -19 5 -26 17 -27 11 -34 12 -45 5 -47 -1 -45 4 -55 ]
CSI_DATA,STA,E4:D1:24:F2:5E:80,-84,10,0,0,0,0,0,0,0,0,0,-97,0,9,0,21732617,0,389,0,0,22.1145,128,[-123 81 24 0 32 -4 25 4 20 6 11 10 -1 3 -9 10 -4 13 -7 17 -10 24 -11 24 -7 30 -5 31 -10 22 -6 23 -6 16 -6 18 -3 10 -4 12 -7 6 -8 0 -9 3 -8 -6 -6 -8 -7 -15 -12 -12 0 0 0 0 0 0 0 0 0 0 0 0 0 0 0 0 0 0 0 0 0 0 -1 -6 -2 -7 -1 -5 1 -10 1 -17 4 -21 5 -20 5 -26 1 -23 -3 -28 0 -20 -2 -22 -2 -18 -5 -16 2 -14 0 -7 3 0 7 8 15 3 19 8 25 12 37 12 36 16 40 14 46 4 46 11 ]
CSI_DATA,STA,E4:D1:24:F2:5E:80,-84,10,0,0,0,0,0,0,0,0,0,-97,0,9,0,21835020,0,389,0,0,22.217,128,[-123 81 24 0 16 32 9 18 -1 15 -1 11 -1 7 -15 -1 -20 -4 -21 -7 -23 -14 -28 -14 -26 -11 -26 -13 -24 -9 -21 -5 -20 -8 -17 -11 -11 -4 -10 -5 -3 -6 -1 -4 2 -2 2 -5 8 -5 12 0 16 -2 0 0 0 0 0 0 0 0 0 0 0 0 0 0 0 0 0 0 0 0 0 0 2 -3 1 -4 5 -10 7 -14 11 -15 8 -19 8 -15 9 -22 14 -19 14 -23 10 -21 11 -20 5 -21 1 -14 4 -7 4 -3 5 6 1 10 5 16 3 23 5 31 7 36 9 42 12 42 11 42 20 43 ]
CSI_DATA,STA,E4:D1:24:F2:5E:80,-83,10,0,0,0,0,0,0,0,0,0,-97,0,9,0,21937422,0,389,0,0,22.3193,128,[-123 81 24 0 26 22 20 11 8 8 2 5 -3 4 -16 2 -13 1 -23 -2 -25 5 -30 -6 -30 -5 -29 -1 -30 -1 -23 -5 -22 -3 -16 -5 -13 -4 -8 -4 -9 -5 -1 -4 2 -5 6 -1 7 -4 9 -2 15 -3 0 0 0 0 0 0 0 0 0 0 0 0 0 0 0 0 0 0 0 0 0 0 -1 -3 -2 -6 -4 -6 -2 -18 -7 -17 -6 -21 -5 -19 -6 -20 -4 -25 -9 -23 -7 -22 -3 -22 -7 -19 -3 -10 1 -10 1 -1 2 2 6 5 14 13 17 19 23 26 29 28 29 25 34 31 40 33 36 26 ]
CSI_DATA,STA,E4:D1:24:F2:5E:80,-84,10,0,0,0,0,0,0,0,0,0,-97,0,9,0,22039824,0,389,0,0,22.4218,128,[-123 81 24 0 34 9 21 8 9 12 5 1 -5 6 -13 10 -19 9 -18 11 -20 13 -27 14 -26 16 -24 17 -24 15 -17 12 -14 12 -13 10 -9 11 -11 6 -6 0 -7 -5 2 -9 -2 -10 0 -14 6 -13 6 -10 0 0 0 0 0 0 0 0 0 0 0 0 0 0 0 0 0 0 0 0 0 0 0 -2 1 -3 0 -3 -3 -10 -3 -13 0 -21 1 -23 -1 -25 0 -25 -1 -24 -1 -28 -5 -21 0 -20 -5 -15 2 -10 1 -7 7 2 11 2 15 8 21 15 24 23 32 24 33 23 39 18 42 19 47 15 ]
CSI_DATA,STA,E4:D1:24:F2:5E:80,-84,10,0,0,0,0,0,0,0,0,0,-97,0,9,0,22142227,0,389,0,0,22.5241,128,[-123 81 24 0 18 -26 16 -14 12 -4 6 -2 7 8 3 15 1 18 -4 28 0 23 -1 27 4 25 1 27 4 29 1 25 -2 18 2 17 -1 14 -2 11 -4 7 -1 0 -2 -4 -3 -7 -7 -10 -9 -10 -3 -14 0 0 0 0 0 0 0 0 0 0 0 0 0 0 0 0 0 0 0 0 0 0 -2 1 -7 0 -9 2 -10 0 -16 -3 -18 1 -21 2 -21 -1 -25 2 -28 -1 -24 2 -17 -2 -16 1 -12 -2 -7 2 -10 -6 -1 -4 12 -6 19 -13 19 -13 23 -22 30 -32 28 -27 35 -39 31 -38 31 -42 ]
CSI_DATA,STA,E4:D1:24:F2:5E:80,-84,10,0,0,0,0,0,0,0,0,0,-97,0,9,0,22244629,0,389,0,0,22.6265,128,[-123 81 24 0 -2 32 -12 32 -5 16 -6 -1 -8 0 -9 -9 -8 -11 -9 -21 -16 -22 -15 -29 -9 -22 -15 -26 -16 -25 -14 -24 -16 -22 -8 -19 -7 -13 -5 -13 0 -10 3 -6 8 2 11 1 9 -1 11 6 8 8 0 0 0 0 0 0 0 0 0 0 0 0 0 0 0 0 0 0 0 0 0 0 -2 0 3 -1 4 -7 9 -5 11 -11 13 -6 16 -13 20 -16 18 -20 22 -9 15 -12 19 -14 14 -9 13 -8 9 -8 5 0 -5 2 -8 11 -7 15 -10 21 -14 30 -13 31 -20 36 -11 42 -16 41 -8 45 ]
CSI_DATA,STA,E4:D1:24:F2:5E:80,-84,10,0,0,0,0,0,0,0,0,0,-97,0,9,0,22347031,0,389,0,0,22.7288,128,[-123 81 24 0 -10 29 -17 22 -11 12 -7 3 -5 -1 -7 -9 -3 -18 -6 -16 -9 -24 -16 -25 -11 -29 -8 -23 -13 -23 -7 -22 -5 -25 -10 -17 -4 -16 -6 -8 -2 -10 0 -7 2 -3 9 0 6 2 11 8 9 9 0 0 0 0 0 0 0 0 0 0 0 0 0 0 0 0 0 0 0 0 0 0 0 -2 1 0 6 1 10 -5 15 -4 17 -4 19 -5 22 -5 21 -9 24 -5 21 -9 20 -6 13 -5 16 -3 9 0 -1 1 -2 1 -3 5 -11 14 -16 21 -20 19 -21 30 -24 29 -29 38 -17 41 -21 44 ]
CSI_DATA,STA,E4:D1:24:F2:5E:80,-84,10,0,0,0,0,0,0,0,0,0,-97,0,9,0,22551836,0,389,0,0,22.9338,128,[-123 81 24 0 13 22 4 23 4 14 -5 7 -8 -1 -11 -5 -18 -6 -22 -9 -26 -16 -24 -14 -28 -9 -28 -14 -26 -9 -28 -11 -23 -9 -22 -5 -13 -10 -12 -7 -2 -8 1 -9 6 -8 8 -2 8 -4 9 -1 12 -1 0 0 0 0 0 0 0 0 0 0 0 0 0 0 0 0 0 0 0 0 0 0 0 -2 3 -4 3 -10 4 -7 9 -16 12 -20 9 -17 14 -17 10 -16 12 -25 12 -20 12 -21 10 -16 3 -13 3 -9 5 -6 -2 -3 -1 10 2 17 1 21 4 30 3 42 9 42 9 39 15 40 16 46 ]
CSI_DATA,STA,E4:D1:24:F2:5E:80,-85,10,0,0,0,0,0,0,0,0,0,-97,0,9,0,22654238,0,389,0,0,23.0361,128,[-123 81 24 0 -34 -6 -22 -8 -13 -4 -11 -6 1 -8 7 -9 9 -13 17 -12 12 -18 19 -17 19 -18 24 -16 15 -15 17 -16 18 -15 15 -14 4 -4 8 -6 4 1 1 2 4 0 -2 4 -5 9 -4 8 -8 14 0 0 0 0 0 0 0 0 0 0 0 0 0 0 0 0 0 0 0 0 0 0 0 5 2 7 5 10 3 10 4 15 6 17 9 16 4 14 10 19 10 19 8 16 10 16 7 12 10 15 0 10 0 1 -3 -1 -12 -5 -18 -7 -18 -14 -27 -16 -36 -14 -42 -12 -43 -16 -49 -15 -43 -7 ]
CSI_DATA,STA,E4:D1:24:F2:5E:80,-84,10,0,0,0,0,0,0,0,0,0,-97,0,9,0,22756641,0,389,0,0,23.1386,128,[-123 81 24 0 2 -32 0 -23 0 -16 2 -6 3 5 8 4 18 11 16 15 18 17 20 18 25 20 21 10 26 13 16 10 16 10 15 12 8 6 4 4 5 4 2 4 -6 3 -8 2 -9 -2 -13 1 -17 -2 0 0 0 0 0 0 0 0 0 0 0 0 0 0 0 0 0 0 0 0 0 0 -5 -3 -10 4 -9 -2 -13 5 -18 2 -21 7 -19 2 -25 3 -24 8 -15 6 -25 8 -18 12 -17 4 -16 6 -9 1 -7 -2 -2 -2 1 -14 7 -13 3 -26 14 -28 17 -33 6 -36 8 -46 3 -47 10 -44 ]
CSI_DATA,STA,E4:D1:24:F2:5E:80,-84,10,0,0,0,0,0,0,0,0,0,-97,0,9,0,22859043,0,389,0,0,23.241,128,[-123 81 24 0 -17 24 -12 11 -10 11 -7 3 -7 -7 -3 -7 -4 -15 -2 -21 -3 -18 -3 -26 -3 -31 -4 -28 -8 -23 -6 -24 -3 -26 -2 -14 -3 -15 3 -14 4 -6 6 -7 4 5 7 1 4 6 8 13 3 12 0 0 0 0 0 0 0 0 0 0 0 0 0 0 0 0 0 0 0 0 0 0 -2 -6 4 -5 7 0 9 -2 12 -1 21 -1 23 -4 21 -2 20 -1 26 -1 15 -5 19 5 17 2 18 -4 7 -1 9 8 -2 3 -8 7 -10 10 -9 20 -24 20 -25 26 -33 29 -35 32 -33 39 -27 39 ]
CSI_DATA,STA,E4:D1:24:F2:5E:80,-85,10,0,0,0,0,0,0,0,0,0,-97,0,9,0,22961446,0,389,0,0,23.3434,128,[-123 81 24 0 -15 -28 -13 -19 2 -14 3 -6 7 -2 11 1 13 0 17 7 22 10 28 10 21 11 29 6 25 7 24 4 18 3 13 5 14 4 5 2 6 4 0 5 -5 4 -9 0 -9 -1 -10 -2 -16 -3 0 0 0 0 0 0 0 0 0 0 0 0 0 0 0 0 0 0 0 0 0 0 -3 -1 -2 2 -1 6 2 9 0 13 -3 16 -2 22 -4 22 -3 17 1 20 -5 21 -4 22 -9 15 1 14 0 5 -1 2 -2 0 -4 -12 -3 -21 -7 -21 -7 -25 -18 -27 -20 -34 -18 -41 -20 -44 -27 -40 ]
CSI_DATA,STA,E4:D1:24:F2:5E:80,-84,10,0,0,0,0,0,0,0,0,0,-97,0,9,0,23063848,0,389,0,0,23.4456,128,[-123 81 24 0 -2 27 4 18 5 8 -4 4 -11 1 -15 -9 -20 -5 -21 -13 -22 -6 -23 -5 -25 -9 -28 -12 -31 -8 -18 -8 -21 -5 -15 -5 -15 -8 -5 -6 -5 -3 -3 -5 4 -5 5 -5 9 -6 11 -4 18 -6 0 0 0 0 0 0 0 0 0 0 0 0 0 0 0 0 0 0 0 0 0 0 1 -6 2 -2 3 -4 12 -6 9 -7 15 -11 14 -9 16 -11 17 -12 19 -11 14 -11 15 -13 18 -17 10 -3 10 -4 0 -1 3 4 -6 5 2 18 -5 25 0 27 -6 36 0 39 2 43 7 42 9 45 ]
CSI_DATA,STA,E4:D1:24:F2:5E:80,-84,10,0,0,0,0,0,0,0,0,0,-97,0,9,0,23268653,0,389,0,0,23.6506,128,[-123 81 24 0 -31 -10 -19 -7 -12 -14 -2 -9 2 -11 7 -5 14 -8 15 -10 17 -15 20 -18 17 -20 16 -17 19 -16 11 -20 16 -13 10 -11 12 -8 7 -3 3 -3 0 -1 3 3 5 4 -3 7 -5 12 -3 15 0 0 0 0 0 0 0 0 0 0 0 0 0 0 0 0 0 0 0 0 0 0 2 -1 -3 5 2 6 -2 9 -2 14 -2 20 -1 20 -1 22 2 22 -1 23 0 20 -1 19 -1 15 1 12 3 10 3 3 -5 4 -6 -3 -13 -14 -22 -16 -21 -17 -29 -17 -39 -22 -39 -19 -43 -18 -38 -20 ]
CSI_DATA,STA,E4:D1:24:F2:5E:80,-85,10,0,0,0,0,0,0,0,0,0,-97,0,9,0,23371058,0,389,0,0,23.753,128,[-123 81 24 0 19 20 10 6 7 17 0 8 -5 4 -13 4 -16 3 -20 3 -23 2 -28 -2 -28 0 -25 1 -27 -4 -23 4 -20 3 -16 4 -13 -1 -13 0 -8 0 -9 -1 3 -10 3 -4 3 -7 9 -7 14 -7 0 0 0 0 0 0 0 0 0 0 0 0 0 0 0 0 0 0 0 0 0 0 -1 -1 -2 -4 1 -9 3 -11 5 -11 5 -22 8 -23 4 -24 2 -24 6 -21 4 -24 4 -20 5 -16 8 -14 6 -7 7 -6 4 3 3 11 4 15 9 21 14 25 16 27 22 36 26 35 31 33 33 37 ]
CSI_DATA,STA,E4:D1:24:F2:5E:80,-84,10,0,0,0,0,0,0,0,0,0,-97,0,9,0,23473460,0,389,0,0,23.8554,128,[-123 81 24 0 -30 5 -18 8 -19 2 -5 -4 -3 -9 2 -10 6 -23 7 -24 7 -24 4 -29 2 -28 4 -26 2 -23 4 -27 7 -20 6 -16 1 -10 6 -12 5 -4 5 -3 3 3 5 3 2 8 4 11 2 15 0 0 0 0 0 0 0 0 0 0 0 0 0 0 0 0 0 0 0 0 0 0 3 3 6 -1 8 3 7 9 15 9 15 10 14 11 17 15 16 14 17 19 12 13 21 11 14 10 9 9 6 4 0 2 -10 7 -12 -3 -18 1 -22 -1 -30 5 -34 8 -45 8 -42 13 -43 17 -42 18 ]
CSI_DATA,STA,E4:D1:24:F2:5E:80,-84,10,0,0,0,0,0,0,0,0,0,-97,0,9,0,23678265,0,389,0,0,24.0602,128,[-123 81 24 0 -31 -11 -26 -8 -15 -6 -5 -4 -5 -6 8 -9 16 -10 15 -13 19 -17 21 -14 18 -17 18 -22 17 -15 13 -13 13 -15 10 -12 10 -11 10 -10 7 -8 7 2 6 3 3 9 0 9 -2 12 -5 10 0 0 0 0 0 0 0 0 0 0 0 0 0 0 0 0 0 0 0 0 0 0 1 -1 -2 4 -1 8 -4 13 -4 11 -1 12 -3 22 -6 17 -4 28 -8 17 -1 19 -3 19 0 21 -3 13 -4 8 -7 5 1 -7 -6 -6 -10 -13 -14 -21 -27 -23 -34 -20 -32 -23 -38 -24 -43 -24 -39 -24 ]
CSI_DATA,STA,E4:D1:24:F2:5E:80,-84,10,0,0,0,0,0,0,0,0,0,-97,0,9,0,23780668,0,389,0,0,24.1625,128,[-123 81 24 0 -5 -37 0 -16 0 -11 3 -12 9 -3 12 4 11 7 20 7 16 7 21 10 24 9 26 11 28 7 22 3 18 8 15 5 11 5 8 5 5 2 -2 4 -5 7 -7 4 -11 5 -14 2 -11 2 0 0 0 0 0 0 0 0 0 0 0 0 0 0 0 0 0 0 0 0 0 0 2 2 -1 4 -5 5 -10 5 -14 7 -16 9 -17 11 -20 9 -20 15 -25 13 -20 15 -23 12 -17 11 -11 6 -12 8 -3 -2 -4 -9 0 -11 4 -16 -1 -24 4 -33 1 -40 0 -39 -6 -45 -7 -45 -10 -45 ]
CSI_DATA,STA,E4:D1:24:F2:5E:80,-85,10,0,0,0,0,0,0,0,0,0,-97,0,9,0,23883070,0,389,0,0,24.2649,128,[-123 81 24 0 5 -31 3 -24 1 -15 8 -11 5 -2 8 9 13 12 14 18 15 19 15 21 16 13 15 15 12 21 16 16 16 18 7 12 7 6 5 7 4 4 -4 10 -6 1 -9 -4 -10 -3 -10 -7 -15 -1 0 0 0 0 0 0 0 0 0 0 0 0 0 0 0 0 0 0 0 0 0 0 2 0 -6 4 -7 3 -9 7 -13 6 -20 10 -21 6 -22 9 -22 1 -18 3 -16 7 -19 5 -15 6 -17 0 -10 0 -7 0 0 -7 3 -9 10 -12 13 -19 8 -25 15 -32 15 -40 15 -40 15 -45 11 -50 ]
CSI_DATA,STA,E4:D1:24:F2:5E:80,-85,10,0,0,0,0,0,0,0,0,0,-97,0,9,0,23985472,0,389,0,0,24.3674,128,[-123 81 24 0 24 -16 20 -6 15 -5 9 -1 2 12 -3 9 -5 17 -2 20 -5 22 -7 25 -3 27 -2 23 -4 25 2 19 0 18 -7 16 -1 15 -2 12 -2 11 -5 -1 -5 1 -2 -7 -5 -11 -9 -9 -5 -10 0 0 0 0 0 0 0 0 0 0 0 0 0 0 0 0 0 0 0 0 0 0 -3 1 -4 -3 -8 -3 -10 -6 -11 -10 -16 -11 -19 -7 -21 -13 -23 -14 -26 -13 -13 -14 -12 -6 -19 -10 -13 -7 -9 -7 -4 -3 1 -9 7 -9 13 -3 14 -8 31 -7 31 -13 34 -15 40 -14 45 -15 43 -22 ]
CSI_DATA,STA,E4:D1:24:F2:5E:80,-84,10,0,0,0,0,0,0,0,0,0,-97,0,9,0,24087875,0,389,0,0,24.4698,128,[-123 81 24 0 27 7 17 10 13 5 1 9 -10 10 -10 12 -14 4 -19 12 -20 10 -25 13 -23 14 -23 14 -18 15 -18 14 -14 9 -13 8 -10 7 -12 -2 -9 1 -5 -6 -3 -4 -1 -3 1 -9 7 -4 6 -13 0 0 0 0 0 0 0 0 0 0 0 0 0 0 0 0 0 0 0 0 0 0 0 -4 0 -9 -3 -7 -6 -11 -9 -17 -6 -19 -10 -17 -6 -22 -11 -19 -12 -26 -6 -17 -4 -16 -8 -14 -4 -11 -1 -13 1 -3 1 2 8 3 15 7 21 9 23 17 33 16 36 15 37 17 38 17 50 13 ]
CSI_DATA,STA,E4:D1:24:F2:5E:80,-85,10,0,0,0,0,0,0,0,0,0,-97,0,9,0,24190277,0,389,0,0,24.5722,128,[-123 81 24 0 -16 18 -14 13 -13 9 -8 1 -6 -5 -3 -6 -5 -18 -5 -15 -4 -26 -6 -26 -7 -24 -5 -28 -7 -26 -13 -25 -9 -15 -6 -19 -4 -12 -7 -10 -2 -8 3 -3 2 -1 8 5 5 7 6 10 11 11 0 0 0 0 0 0 0 0 0 0 0 0 0 0 0 0 0 0 0 0 0 0 3 -2 5 0 10 5 11 3 13 4 15 3 21 7 24 5 21 5 19 4 21 2 16 6 19 3 9 6 4 7 -1 6 0 1 -6 6 -17 7 -18 12 -28 16 -29 26 -34 22 -31 28 -36 27 -34 30 ]
CSI_DATA,STA,E4:D1:24:F2:5E:80,-84,10,0,0,0,0,0,0,0,0,0,-97,0,9,0,24292697,0,389,0,0,24.6746,128,[-123 81 24 0 32 -11 22 -13 16 -5 8 2 1 2 -4 8 -6 12 -13 17 -10 21 -12 24 -8 31 -8 22 -12 25 -8 25 -6 21 -7 16 -4 12 -2 10 -3 6 -1 2 -9 -2 -4 -6 -7 -6 -5 -14 -2 -17 0 0 0 0 0 0 0 0 0 0 0 0 0 0 0 0 0 0 0 0 0 0 -3 0 -5 0 -7 -4 -7 -11 -14 -9 -17 -15 -14 -14 -17 -22 -16 -17 -22 -17 -18 -18 -14 -16 -13 -13 -13 -8 -5 -2 2 -4 4 -4 9 -5 18 -3 20 -6 28 -7 36 -7 45 -6 41 -11 44 -9 41 -14 ]
CSI_DATA,STA,E4:D1:24:F2:5E:80,-85,10,0,0,0,0,0,0,0,0,0,-97,0,9,0,24395082,0,389,0,0,24.777,128,[-123 81 24 0 -32 -5 -22 0 -16 -2 -4 -5 -3 -5 4 -13 13 -13 15 -15 18 -18 19 -22 17 -23 18 -20 19 -23 18 -20 9 -15 8 -9 12 -15 6 -4 0 -4 2 -1 -1 3 0 8 -5 13 -8 11 -8 12 0 0 0 0 0 0 0 0 0 0 0 0 0 0 0 0 0 0 0 0 0 0 1 3 3 5 0 9 5 7 11 15 7 16 7 11 13 18 11 17 8 20 14 16 12 18 9 14 7 12 3 0 4 4 -7 -1 -11 -4 -17 -7 -19 -5 -35 -7 -35 -8 -40 -9 -45 -4 -46 -9 -44 -3 ]
CSI_DATA,STA,E4:D1:24:F2:5E:80,-84,10,0,0,0,0,0,0,0,0,0,-97,0,9,0,24599887,0,389,0,0,24.9818,128,[-123 81 24 0 -26 21 -13 20 -15 3 -10 2 -9 -5 -2 -11 0 -18 -1 -25 -3 -22 -4 -24 -5 -28 -8 -27 -3 -23 -6 -19 -8 -20 -3 -23 -1 -15 -3 -10 0 -6 2 -5 7 0 6 3 6 10 3 6 7 10 0 0 0 0 0 0 0 0 0 0 0 0 0 0 0 0 0 0 0 0 0 0 3 -3 1 0 6 5 8 3 15 4 12 7 17 9 15 7 17 10 14 7 19 7 17 8 15 5 7 2 6 5 3 4 0 0 -8 9 -17 2 -22 8 -26 13 -31 19 -35 24 -39 23 -38 34 -35 25 ]
CSI_DATA,STA,E4:D1:24:F2:5E:80,-86,10,0,0,0,0,0,0,0,0,0,-97,0,9,0,24702289,0,389,0,0,25.0842,128,[-123 81 24 0 19 -25 11 -15 7 -8 3 2 0 7 3 15 6 16 3 23 -3 22 0 17 -4 27 -3 28 -3 23 0 22 1 23 -4 16 -3 14 -3 9 -3 3 -5 3 -6 4 -4 -5 -10 -12 1 -11 0 -15 0 0 0 0 0 0 0 0 0 0 0 0 0 0 0 0 0 0 0 0 0 0 -2 3 -4 2 -4 2 -14 6 -17 1 -22 3 -23 7 -18 9 -22 3 -27 11 -20 8 -17 5 -20 2 -14 5 -11 3 -7 2 1 -3 3 -4 13 -11 17 -20 23 -23 24 -30 26 -29 28 -37 25 -40 24 -41 ]
CSI_DATA,STA,E4:D1:24:F2:5E:80,-84,10,0,0,0,0,0,0,0,0,0,-97,0,9,0,24907094,0,389,0,0,25.2891,128,[-123 81 24 0 3 27 3 22 0 8 -7 7 -10 2 -12 -7 -17 -10 -19 -9 -21 -9 -27 -11 -23 -10 -24 -16 -23 -8 -21 -12 -23 -9 -18 -4 -15 -3 -10 -8 -8 -5 -4 -5 8 -4 6 -5 7 -8 9 -7 13 0 0 0 0 0 0 0 0 0 0 0 0 0 0 0 0 0 0 0 0 0 0 0 1 -2 4 -4 5 -7 6 -7 13 -12 19 -18 15 -13 17 -13 16 -10 16 -14 15 -12 19 -14 9 -10 16 -9 10 -6 6 3 2 6 4 13 -2 14 -5 26 -2 31 0 35 -2 39 2 48 -2 41 6 41 ]
CSI_DATA,STA,E4:D1:24:F2:5E:80,-84,10,0,0,0,0,0,0,0,0,0,-97,0,9,0,25009496,0,389,0,0,25.3914,128,[-123 81 24 0 -26 -3 -22 1 -15 -5 -10 -5 -3 -9 8 -12 6 -18 12 -18 16 -12 14 -16 15 -23 16 -23 11 -21 12 -20 14 -17 7 -17 11 -10 6 -5 5 -5 11 -1 5 3 3 4 1 8 -3 12 -1 12 0 0 0 0 0 0 0 0 0 0 0 0 0 0 0 0 0 0 0 0 0 0 0 -1 2 5 3 8 6 10 10 11 9 12 8 17 12 20 10 17 12 19 15 14 12 15 9 19 7 12 4 10 1 5 -2 -1 -12 0 -18 -3 -22 -6 -27 -8 -33 -6 -43 -5 -46 -4 -45 -6 -42 4 ]
CSI_DATA,STA,E4:D1:24:F2:5E:80,-84,10,0,0,0,0,0,0,0,0,0,-97,0,9,0,25111898,0,389,0,0,25.4938,128,[-123 81 24 0 -20 -24 -11 -23 -9 -13 -2 -9 3 -4 12 -7 14 -2 14 -2 23 -3 23 -3 22 -5 29 -10 27 -7 21 -10 18 -13 15 -6 14 -3 9 1 8 1 4 2 4 5 -2 8 -3 10 -5 8 -8 15 0 0 0 0 0 0 0 0 0 0 0 0 0 0 0 0 0 0 0 0 0 0 -1 7 -2 -1 -9 4 -12 6 -13 10 -20 9 -17 10 -21 11 -21 12 -25 15 -20 10 -17 14 -15 8 -7 10 -9 3 -11 2 -3 -7 -4 -13 -1 -16 -2 -24 -6 -36 -8 -33 -15 -34 -14 -41 -20 -42 -17 -40 ]
CSI_DATA,STA,E4:D1:24:F2:5E:80,-85,10,0,0,0,0,0,0,0,0,0,-97,0,9,0,25316703,0,389,0,0,25.6986,128,[-123 81 24 0 -23 -27 -19 -21 0 -18 1 -7 0 -2 8 0 14 2 21 0 19 2 26 4 32 1 24 2 25 3 23 5 20 1 19 8 16 4 11 3 9 3 1 2 -2 6 -6 1 -8 9 -14 6 -12 1 0 0 0 0 0 0 0 0 0 0 0 0 0 0 0 0 0 0 0 0 0 0 2 -1 -1 8 -2 6 -2 10 -1 14 -5 21 -6 17 -3 26 -4 25 -4 26 -1 24 -3 18 -6 20 -5 13 -5 7 -5 4 -3 -1 -7 -10 -8 -19 -8 -20 -15 -27 -14 -36 -20 -39 -27 -39 -24 -43 -35 -41 ]
CSI_DATA,STA,E4:D1:24:F2:5E:80,-84,10,0,0,0,0,0,0,0,0,0,-97,0,9,0,25419105,0,389,0,0,25.801,128,[-123 81 24 0 -23 -21 -11 -18 -8 -12 2 -3 16 3 15 1 14 2 18 5 19 9 27 15 22 13 26 9 23 16 20 11 16 12 18 10 11 3 -1 2 3 6 -3 3 -1 -3 -7 5 -7 2 -12 -2 -16 -2 0 0 0 0 0 0 0 0 0 0 0 0 0 0 0 0 0 0 0 0 0 0 1 3 3 -1 7 8 9 11 9 11 3 13 4 16 14 21 11 25 12 25 12 22 7 20 6 9 6 13 0 15 -4 2 -9 0 -6 -11 -12 -11 -15 -21 -15 -24 -21 -28 -23 -39 -32 -37 -30 -35 -34 -30 ]
CSI_DATA,STA,E4:D1:24:F2:5E:80,-84,10,0,0,0,0,0,0,0,0,0,-97,0,9,0,25521508,0,389,0,0,25.9034,128,[-123 81 24 0 17 21 12 16 7 6 -3 2 -7 3 -10 1 -13 -2 -15 1 -20 1 -23 4 -27 5 -23 2 -23 4 -20 7 -19 6 -17 3 -14 3 -10 2 -6 1 -6 1 0 -3 0 -8 5 -10 6 -10 12 -9 0 0 0 0 0 0 0 0 0 0 0 0 0 0 0 0 0 0 0 0 0 0 -1 -4 0 -5 4 -8 5 -9 6 -10 9 -15 9 -19 7 -18 7 -23 7 -19 9 -19 6 -15 6 -16 2 -12 1 -3 5 -6 5 1 7 11 3 12 10 17 8 27 17 25 15 30 20 37 25 38 22 34 ]
CSI_DATA,STA,E4:D1:24:F2:5E:80,-84,10,0,0,0,0,0,0,0,0,0,-97,0,9,0,25623910,0,389,0,0,26.0058,128,[-123 81 24 0 14 -26 13 -26 4 -9 6 -4 4 -3 6 10 2 16 8 21 1 32 5 26 7 22 7 25 8 20 6 21 5 22 11 15 2 13 7 13 -3 12 -4 7 -5 -2 -6 -7 -5 -5 -10 -7 -9 -13 0 0 0 0 0 0 0 0 0 0 0 0 0 0 0 0 0 0 0 0 0 0 1 1 -3 -5 -10 3 -17 4 -16 1 -17 7 -25 3 -25 5 -25 5 -25 4 -24 2 -21 4 -13 4 -14 -3 -12 -3 -7 -5 1 -7 2 -8 13 -17 16 -20 21 -29 21 -26 31 -32 27 -34 23 -42 20 -40 ]
CSI_DATA,STA,E4:D1:24:F2:5E:80,-84,10,0,0,0,0,0,0,0,0,0,-97,0,9,0,25726313,0,389,0,0,26.1082,128,[-123 81 24 0 -6 28 -10 20 -6 12 -3 2 -7 -4 -4 -12 -6 -10 -3 -22 -7 -22 -8 -21 -13 -22 -12 -24 -12 -24 -10 -19 -7 -24 -5 -14 -5 -9 -7 -9 1 -5 1 -6 1 -2 9 0 9 5 7 9 6 10 0 0 0 0 0 0 0 0 0 0 0 0 0 0 0 0 0 0 0 0 0 0 3 -2 5 -3 7 -4 12 -6 11 -3 16 -9 19 -7 22 -12 19 -10 21 -6 20 -9 21 -8 14 -6 8 -1 10 -5 7 0 -3 7 -6 6 -6 10 -12 15 -16 23 -21 27 -21 28 -22 36 -18 40 -21 42 ]
CSI_DATA,STA,E4:D1:24:F2:5E:80,-84,10,0,0,0,0,0,0,0,0,0,-97,0,9,0,25828715,0,389,0,0,26.2107,128,[-123 81 24 0 -20 18 -20 14 -20 3 -9 0 -8 -9 -5 -9 -8 -23 -7 -16 -1 -18 -6 -26 -10 -27 -5 -28 -5 -21 -10 -24 -6 -25 -5 -18 -7 -13 3 -8 3 -7 4 -4 4 2 8 0 8 8 9 4 9 12 0 0 0 0 0 0 0 0 0 0 0 0 0 0 0 0 0 0 0 0 0 0 1 -1 5 5 5 6 7 8 15 9 17 16 16 11 16 15 19 16 17 13 19 13 16 12 16 8 11 7 4 4 8 7 -4 6 -6 -1 -20 3 -21 6 -31 6 -33 6 -39 19 -42 24 -43 20 -39 22 ]
CSI_DATA,STA,E4:D1:24:F2:5E:80,-84,10,0,0,0,0,0,0,0,0,0,-97,0,9,0,26033520,0,389,0,0,26.4155,128,[-123 81 24 0 -11 -28 -6 -25 -2 -12 1 -9 3 -8 10 3 14 5 16 14 22 8 23 15 23 16 18 17 26 13 20 11 16 14 18 7 13 15 6 10 6 6 1 7 -4 6 -9 1 -10 0 -9 1 -14 -4 0 0 0 0 0 0 0 0 0 0 0 0 0 0 0 0 0 0 0 0 0 0 3 2 -3 3 -2 12 -7 5 -8 14 -9 14 -13 15 -15 21 -15 19 -13 24 -17 16 -13 15 -9 15 -6 13 -4 7 -4 -1 3 2 -1 -11 3 -16 -3 -24 -1 -31 -2 -36 -1 -40 -6 -47 -6 -46 -13 -43 ]
CSI_DATA,STA,E4:D1:24:F2:5E:80,-85,10,0,0,0,0,0,0,0,0,0,-97,0,9,0,26135922,0,389,0,0,26.5177,128,[-123 81 24 0 11 28 5 19 0 14 -3 9 -8 2 -7 -5 -15 -10 -21 -13 -19 -11 -26 -14 -26 -10 -28 -9 -28 -10 -24 -9 -23 -11 -18 -11 -13 -9 -12 -9 -6 -5 -3 -3 3 -5 4 -3 6 2 10 -4 13 -2 0 0 0 0 0 0 0 0 0 0 0 0 0 0 0 0 0 0 0 0 0 0 1 -5 1 -2 5 -9 3 -11 9 -9 12 -17 8 -17 9 -19 14 -17 15 -21 2 -14 11 -17 11 -15 1 -13 4 -11 0 -7 1 3 0 6 0 17 3 21 2 32 0 34 5 42 8 40 13 44 11 45 ]
CSI_DATA,STA,E4:D1:24:F2:5E:80,-84,10,0,0,0,0,0,0,0,0,0,-97,0,9,0,26238324,0,389,0,0,26.6202,128,[-123 81 24 0 -23 12 -21 17 -12 8 -4 -3 -4 -8 3 -14 6 -19 8 -21 6 -20 13 -24 10 -29 9 -29 17 -26 9 -25 6 -24 6 -11 9 -12 3 -8 5 -4 4 -3 3 0 2 6 -1 9 0 11 -3 13 0 0 0 0 0 0 0 0 0 0 0 0 0 0 0 0 0 0 0 0 0 0 1 0 7 -3 7 -2 11 -1 15 1 15 -4 21 -3 19 1 28 4 23 -2 19 -1 21 0 15 -4 15 0 7 3 -6 0 -1 2 -11 3 -15 11 -25 9 -28 14 -37 19 -36 20 -36 23 -38 23 -36 26 ]
CSI_DATA,STA,E4:D1:24:F2:5E:80,-85,10,0,0,0,0,0,0,0,0,0,-97,0,9,0,26443132,0,389,0,0,26.8251,128,[-123 81 24 0 -28 5 -24 2 -15 2 -6 0 -4 -7 5 -15 3 -11 8 -20 14 -18 14 -21 6 -22 14 -19 9 -23 14 -22 5 -18 6 -19 6 -16 1 -9 4 -11 4 -6 0 2 5 4 1 7 -1 11 0 13 0 0 0 0 0 0 0 0 0 0 0 0 0 0 0 0 0 0 0 0 0 0 0 0 0 6 9 4 12 7 12 12 11 13 16 15 16 13 16 9 19 14 15 18 14 9 14 6 11 2 5 4 -4 3 -4 3 -8 1 -19 -4 -18 -1 -27 2 -36 3 -45 2 -44 7 -52 3 -44 11 ]
CSI_DATA,STA,E4:D1:24:F2:5E:80,-84,10,0,0,0,0,0,0,0,0,0,-97,0,9,0,26545534,0,389,0,0,26.9274,128,[-123 81 24 0 -17 20 -17 18 -12 9 -7 4 -4 -3 -2 -13 -5 -14 -10 -23 -4 -29 -12 -27 -12 -25 -9 -26 -2 -28 -14 -22 -10 -19 0 -15 -4 -17 0 -7 -1 -6 4 -3 3 -7 10 2 7 3 8 6 6 6 0 0 0 0 0 0 0 0 0 0 0 0 0 0 0 0 0 0 0 0 0 0 3 0 5 1 6 -1 9 0 16 2 22 2 20 3 23 7 21 4 22 -1 18 3 20 0 18 1 11 2 4 4 1 -1 -2 2 -6 11 -12 8 -15 14 -21 20 -28 24 -31 27 -27 33 -28 33 -26 38 ]
CSI_DATA,STA,E4:D1:24:F2:5E:80,-85,10,0,0,0,0,0,0,0,0,0,-97,0,9,0,26647937,0,389,0,0,27.0299,128,[-123 81 24 0 -36 -6 -21 -4 -13 -3 -10 -2 2 -8 5 -6 18 -11 19 -13 23 -13 16 -13 20 -18 19 -19 22 -20 20 -14 16 -15 14 -6 12 -6 7 -4 10 0 1 2 1 2 -2 4 -1 8 -7 8 -7 11 0 0 0 0 0 0 0 0 0 0 0 0 0 0 0 0 0 0 0 0 0 0 -2 -1 0 4 4 10 0 9 5 10 10 15 11 21 8 20 8 22 10 19 6 16 14 14 16 14 11 13 6 6 1 3 -4 5 -9 -2 -20 -8 -23 -11 -28 -9 -28 -13 -39 -11 -39 -12 -47 -9 -45 -8 ]
CSI_DATA,STA,E4:D1:24:F2:5E:80,-85,10,0,0,0,0,0,0,0,0,0,-97,0,9,0,26852742,0,389,0,0,27.2347,128,[-123 81 24 0 -9 -26 -2 -20 -1 -16 -2 -8 1 -5 6 8 12 17 6 19 12 23 16 21 11 28 7 24 9 27 8 22 6 20 1 18 1 13 0 9 -3 6 -6 1 -3 -1 -3 -4 -4 -11 -5 -12 -4 -13 0 0 0 0 0 0 0 0 0 0 0 0 0 0 0 0 0 0 0 0 0 0 0 1 -3 5 -2 7 -3 10 -4 15 -6 15 -7 20 -8 19 -7 24 -5 23 -4 23 -5 16 -6 14 -6 12 -5 9 -3 -2 -2 -4 -3 -10 0 -14 1 -22 0 -30 0 -34 -3 -43 -5 -49 -2 -44 -7 -52 ]
CSI_DATA,STA,E4:D1:24:F2:5E:80,-85,10,0,0,0,0,0,0,0,0,0,-97,0,9,0,26955144,0,389,0,0,27.3371,128,[-123 81 24 0 4 -35 0 -25 5 -15 4 -6 2 -1 6 12 6 18 11 13 7 22 12 28 15 26 13 24 12 24 7 21 9 17 5 17 -1 10 5 8 -1 5 -1 1 -7 -4 -5 -3 -7 -5 -6 -10 -11 -15 0 0 0 0 0 0 0 0 0 0 0 0 0 0 0 0 0 0 0 0 0 0 0 1 -3 5 -6 6 -7 6 -6 12 -11 15 -14 16 -16 16 -16 19 -17 18 -11 15 -14 12 -13 11 -7 10 -8 6 -5 2 1 -11 4 -11 6 -18 5 -28 7 -29 12 -36 11 -38 8 -39 13 -43 6 -48 ]
CSI_DATA,STA,E4:D1:24:F2:5E:80,-84,10,0,0,0,0,0,0,0,0,0,-97,0,9,0,27057546,0,389,0,0,27.4394,128,[-123 81 24 0 -12 29 -12 20 -6 10 -10 4 -7 -6 -3 -7 -7 -12 -4 -22 -4 -23 -2 -28 -6 -26 0 -30 -3 -27 -2 -22 -5 -20 1 -18 1 -17 -3 -11 4 -8 3 -5 5 -2 8 4 5 2 1 10 1 16 0 0 0 0 0 0 0 0 0 0 0 0 0 0 0 0 0 0 0 0 0 0 3 1 0 -6 5 -10 10 -8 13 -13 17 -11 16 -12 19 -12 22 -14 14 -11 17 -15 17 -14 14 -11 12 -6 6 -6 3 -4 -5 2 -11 10 -5 16 -11 17 -16 23 -19 29 -15 39 -17 41 -19 45 -11 44 ]
CSI_DATA,STA,E4:D1:24:F2:5E:80,-84,10,0,0,0,0,0,0,0,0,0,-97,0,9,0,27159949,0,389,0,0,27.5419,128,[-123 81 24 0 6 -27 8 -21 8 -12 0 -4 3 1 5 12 3 14 6 19 2 22 4 25 6 25 2 23 3 24 2 22 0 20 5 16 3 7 3 10 -5 5 -5 3 0 2 2 -6 -5 -6 -6 -19 -1 -11 0 0 0 0 0 0 0 0 0 0 0 0 0 0 0 0 0 0 0 0 0 0 1 2 -2 1 -6 5 -13 10 -12 10 -17 8 -15 12 -12 10 -16 17 -19 16 -13 16 -14 13 -17 9 -7 3 -9 6 -3 -3 2 1 8 -8 11 -11 12 -19 6 -24 18 -30 15 -38 15 -38 12 -39 15 -41 ]
CSI_DATA,STA,E4:D1:24:F2:5E:80,-84,10,0,0,0,0,0,0,0,0,0,-97,0,9,0,27364753,0,389,0,0,27.7467,128,[-123 81 24 0 -11 -32 -7 -23 -4 -14 -1 -13 3 0 10 1 18 3 19 4 22 7 21 8 20 6 24 1 24 4 19 3 19 6 20 1 14 4 13 2 6 0 3 5 -2 5 -5 3 -4 7 -8 4 -13 7 0 0 0 0 0 0 0 0 0 0 0 0 0 0 0 0 0 0 0 0 0 0 -2 0 -3 2 -4 2 -12 5 -11 8 -11 9 -14 13 -15 14 -18 16 -20 16 -19 14 -13 15 -16 12 -7 9 -10 8 -6 0 -7 -6 2 -11 2 -17 -3 -25 4 -28 -9 -29 -8 -40 -12 -49 -8 -43 -17 -48 ]
CSI_DATA,STA,E4:D1:24:F2:5E:80,-84,10,0,0,0,0,0,0,0,0,0,-97,0,9,0,27467156,0,389,0,0,27.8491,128,[-123 81 24 0 -32 -12 -19 -10 -14 -5 -1 -6 0 -8 12 -7 16 -1 19 -5 20 -8 25 -6 26 -7 32 -2 24 -5 21 -6 18 -1 12 -4 11 -1 7 -2 6 2 4 4 -7 3 -6 -2 -11 2 -13 -3 -13 1 0 0 0 0 0 0 0 0 0 0 0 0 0 0 0 0 0 0 0 0 0 0 -2 1 1 3 5 5 4 11 6 9 10 17 10 19 8 17 12 18 12 15 12 20 8 18 4 13 3 11 0 8 0 2 -2 -5 -11 -10 -14 -12 -20 -16 -26 -20 -33 -22 -37 -25 -41 -23 -39 -24 -46 -24 ]
CSI_DATA,STA,E4:D1:24:F2:5E:80,-85,10,0,0,0,0,0,0,0,0,0,-97,0,9,0,27569558,0,389,0,0,27.9514,128,[-123 81 24 0 -29 -17 -27 -13 -11 -11 -3 -11 3 0 10 -5 12 1 18 4 24 4 22 1 29 3 25 -2 27 2 20 -4 20 5 16 -1 12 5 11 2 8 3 3 3 -1 0 -8 -1 -6 3 -8 3 -13 -4 0 0 0 0 0 0 0 0 0 0 0 0 0 0 0 0 0 0 0 0 0 0 1 -2 -1 5 4 8 5 12 2 15 3 20 11 19 7 20 6 23 2 22 9 18 8 16 6 13 5 9 -5 15 -2 -1 -5 -1 -6 -1 -12 -12 -16 -21 -19 -20 -22 -22 -32 -26 -33 -27 -33 -25 -34 -26 ]
CSI_DATA,STA,E4:D1:24:F2:5E:80,-85,10,0,0,0,0,0,0,0,0,0,-97,0,9,0,27671961,0,389,0,0,28.0539,128,[-123 81 24 0 -27 14 -18 5 -10 6 -10 0 2 -7 3 -11 7 -21 7 -20 5 -22 13 -24 15 -27 13 -28 14 -22 12 -20 9 -21 9 -15 8 -9 5 -9 2 -5 2 0 1 0 1 4 1 13 -2 9 -8 12 0 0 0 0 0 0 0 0 0 0 0 0 0 0 0 0 0 0 0 0 0 0 1 -1 3 -2 9 2 10 5 14 4 22 1 19 3 24 4 25 5 24 7 16 -1 20 0 13 10 13 0 6 6 3 -3 -5 7 -10 2 -18 3 -21 5 -26 6 -31 4 -32 14 -43 16 -45 19 -43 19 ]
CSI_DATA,STA,E4:D1:24:F2:5E:80,-84,10,0,0,0,0,0,0,0,0,0,-97,0,9,0,27774363,0,389,0,0,28.1563,128,[-123 81 24 0 1 -27 6 -20 -3 -11 0 -5 6 1 7 3 8 15 9 17 1 26 6 25 11 28 5 26 5 21 7 19 5 22 5 18 2 11 -3 9 0 4 -5 4 -2 0 -5 -6 -8 -6 -10 -11 -3 -13 0 0 0 0 0 0 0 0 0 0 0 0 0 0 0 0 0 0 0 0 0 0 -4 1 -2 6 -10 8 -10 10 -12 10 -15 16 -16 12 -12 14 -19 17 -21 17 -17 12 -15 16 -17 11 -11 9 -10 8 -5 5 -1 -5 -1 -8 5 -11 11 -21 13 -22 12 -28 18 -38 15 -40 12 -45 13 -55 ]
CSI_DATA,STA,E4:D1:24:F2:5E:80,-85,10,0,0,0,0,0,0,0,0,0,-97,0,9,0,27876765,0,389,0,0,28.2587,128,[-123 81 24 0 -28 -10 -18 -10 -14 -2 -9 -6 3 -5 7 -5 7 -6 18 -5 21 -1 20 -4 27 -8 20 -4 26 -6 22 -1 21 -4 19 -1 19 0 7 3 6 -2 -1 3 0 6 -1 1 -11 3 -9 9 -10 6 0 0 0 0 0 0 0 0 0 0 0 0 0 0 0 0 0 0 0 0 0 0 -3 0 4 5 5 4 4 10 6 14 11 18 10 15 7 22 10 20 11 22 14 23 11 14 13 11 8 10 7 4 3 3 -3 1 -9 -9 -16 -3 -18 -12 -24 -19 -33 -15 -30 -18 -41 -15 -42 -21 -39 -17 ]
CSI_DATA,STA,E4:D1:24:F2:5E:80,-84,10,0,0,0,0,0,0,0,0,0,-97,0,9,0,27979168,0,389,0,0,28.3611,128,[-123 81 24 0 -24 15 -21 7 -14 5 -6 2 1 -8 3 -10 6 -15 8 -21 11 -23 10 -26 13 -29 7 -26 11 -24 9 -17 10 -16 8 -16 4 -14 8 -8 5 -4 4 -4 -3 3 -1 7 -1 9 -2 9 0 12 0 0 0 0 0 0 0 0 0 0 0 0 0 0 0 0 0 0 0 0 0 0 0 -1 1 3 7 0 9 1 13 5 20 5 20 8 16 10 21 5 21 6 16 3 16 8 20 4 16 5 6 2 2 3 -5 1 -10 3 -14 3 -24 7 -28 8 -30 8 -37 13 -43 12 -45 12 -45 18 ]
CSI_DATA,STA,E4:D1:24:F2:5E:80,-84,10,0,0,0,0,0,0,0,0,0,-97,0,9,0,28081570,0,389,0,0,28.4635,128,[-123 81 24 0 33 -6 23 -9 15 2 6 1 1 6 -10 11 -11 11 -13 16 -13 15 -17 17 -18 17 -16 23 -18 21 -14 17 -13 13 -12 11 -7 10 -7 6 -4 -1 -3 -2 -3 -6 -1 -5 4 -11 5 -13 11 -12 0 0 0 0 0 0 0 0 0 0 0 0 0 0 0 0 0 0 0 0 0 0 -2 1 -7 0 -10 -7 -10 -8 -15 -11 -10 -9 -15 -10 -16 -12 -15 -8 -16 -13 -23 -12 -20 -6 -17 -8 -16 -5 -7 -5 -3 -1 3 -4 8 -1 18 0 21 5 25 0 35 -2 35 -4 47 -1 45 -6 41 -8 ]
CSI_DATA,STA,E4:D1:24:F2:5E:80,-85,10,0,0,0,0,0,0,0,0,0,-97,0,9,0,28183972,0,389,0,0,28.5659,128,[-123 81 24 0 -19 -19 -18 -14 -10 -10 2 -6 4 -6 9 0 15 2 16 -2 24 -2 22 -2 25 1 30 -3 26 5 24 0 21 -3 16 -3 18 2 11 0 11 0 2 5 -2 5 -4 5 -9 6 -14 7 -14 3 0 0 0 0 0 0 0 0 0 0 0 0 0 0 0 0 0 0 0 0 0 0 -1 0 -3 5 -5 9 -5 8 -8 13 -7 16 -9 20 -6 23 -6 23 -5 22 -6 18 -6 20 -3 19 -6 11 -1 7 -1 1 -6 -4 0 -12 -12 -15 -10 -19 -11 -26 -17 -34 -16 -38 -19 -39 -28 -33 -26 -40 ]
CSI_DATA,STA,E4:D1:24:F2:5E:80,-85,10,0,0,0,0,0,0,0,0,0,-97,0,9,0,28286375,0,389,0,0,28.6681,128,[-123 81 24 0 -27 13 -17 16 -15 0 -5 3 -9 -8 0 -10 4 -14 5 -14 11 -23 13 -21 8 -25 8 -25 5 -22 7 -21 11 -17 4 -16 5 -11 7 -7 8 -5 1 -2 2 3 3 6 -2 7 0 12 -7 13 0 0 0 0 0 0 0 0 0 0 0 0 0 0 0 0 0 0 0 0 0 0 2 -5 4 1 8 0 11 0 15 1 19 1 18 -1 18 -1 22 1 27 3 19 3 19 3 15 -1 12 2 6 -1 1 -3 -4 -1 -3 1 -14 4 -23 5 -23 11 -32 10 -39 12 -38 22 -43 21 -40 25 ]
CSI_DATA,STA,E4:D1:24:F2:5E:80,-85,10,0,0,0,0,0,0,0,0,0,-97,0,9,0,28388886,0,389,0,0,28.7708,128,[-123 81 24 0 -24 9 -21 7 -13 1 -7 -2 0 -9 0 -10 10 -26 6 -22 16 -18 12 -23 7 -23 9 -27 13 -21 11 -21 10 -20 8 -18 12 -17 3 -11 8 -6 0 -2 5 3 3 5 0 9 0 13 1 11 0 0 0 0 0 0 0 0 0 0 0 0 0 0 0 0 0 0 0 0 0 0 2 4 6 0 6 4 14 8 13 9 16 15 19 10 19 15 20 8 17 12 22 12 19 11 12 9 10 5 9 2 -3 4 -5 1 -6 -1 -13 -3 -27 -3 -26 2 -33 -1 -38 9 -48 14 -42 12 -42 13 ]
CSI_DATA,STA,E4:D1:24:F2:5E:80,-84,10,0,0,0,0,0,0,0,0,0,-97,0,9,0,28593582,0,389,0,0,28.9755,128,[-123 81 24 0 17 27 12 18 3 16 0 7 -3 5 -14 1 -19 -8 -20 -6 -27 -7 -24 -8 -27 -7 -29 -3 -22 -4 -25 -3 -17 -6 -13 -11 -11 -5 -11 -7 -8 -4 -3 -8 2 -8 7 -5 8 0 12 -2 11 -2 0 0 0 0 0 0 0 0 0 0 0 0 0 0 0 0 0 0 0 0 0 0 -2 0 1 -7 4 -7 7 -11 7 -13 12 -15 12 -20 9 -15 9 -20 9 -18 10 -19 7 -14 4 -17 3 -13 -2 -5 -3 0 0 -1 2 9 2 17 1 22 3 22 5 30 6 34 13 38 16 38 17 43 ]
CSI_DATA,STA,E4:D1:24:F2:5E:80,-84,10,0,0,0,0,0,0,0,0,0,-97,0,9,0,28695984,0,389,0,0,29.0779,128,[-123 81 24 0 -15 25 -9 18 -10 11 -6 5 -5 -9 -4 -9 -10 -16 -6 -25 -9 -28 -6 -24 -13 -28 -9 -27 -9 -27 -8 -28 -5 -23 -3 -13 -1 -14 0 -11 1 -11 5 -1 8 0 7 4 9 4 5 8 5 12 0 0 0 0 0 0 0 0 0 0 0 0 0 0 0 0 0 0 0 0 0 0 1 -2 4 1 9 -5 11 -7 17 -7 15 -6 16 -9 17 -9 24 -8 20 -12 19 -9 18 -5 18 -7 9 -11 8 -6 4 2 -3 4 -6 4 -11 14 -19 16 -14 24 -19 30 -20 33 -22 36 -21 42 -16 48 ]
CSI_DATA,STA,E4:D1:24:F2:5E:80,-85,10,0,0,0,0,0,0,0,0,0,-97,0,9,0,28798387,0,389,0,0,29.1803,128,[-123 81 24 0 13 28 11 21 4 17 -5 7 -12 2 -8 0 -17 -2 -15 -9 -20 -11 -25 -8 -28 -5 -26 -10 -26 -5 -22 -14 -31 -14 -30 -2 -20 -10 -8 -5 -4 -8 -2 -4 0 0 7 -4 11 -8 10 -2 12 -4 0 0 0 0 0 0 0 0 0 0 0 0 0 0 0 0 0 0 0 0 0 0 0 -4 5 -6 3 -6 4 -12 10 -14 7 -17 9 -16 7 -14 11 -17 9 -20 7 -16 5 -18 1 -17 6 -18 5 -13 2 -5 6 1 4 11 0 17 4 20 9 26 5 25 17 37 17 39 19 41 24 41 ]
CSI_DATA,STA,E4:D1:24:F2:5E:80,-85,10,0,0,0,0,0,0,0,0,0,-97,0,9,0,28900789,0,389,0,0,29.2827,128,[-123 81 24 0 -14 26 -11 17 -4 12 -5 7 -5 -6 -1 -7 -5 -13 -3 -21 -7 -22 -9 -26 -6 -26 -10 -27 -5 -28 -2 -23 -3 -24 -3 -18 -1 -16 0 -17 2 -7 6 -2 6 -1 7 5 7 7 6 11 -2 10 0 0 0 0 0 0 0 0 0 0 0 0 0 0 0 0 0 0 0 0 0 0 0 2 3 -2 7 0 14 -2 14 -7 17 -6 16 -9 20 -4 23 -3 17 -5 20 -10 16 -8 18 -5 12 -5 4 -5 7 -5 -2 4 -6 7 -8 16 -15 13 -20 22 -18 24 -22 28 -26 36 -25 39 -21 39 ]
CSI_DATA,STA,E4:D1:24:F2:5E:80,-84,10,0,0,0,0,0,0,0,0,0,-97,0,9,0,29003191,0,389,0,0,29.385,128,[-123 81 24 0 1 -31 0 -25 -1 -16 1 -10 6 1 9 14 9 14 8 18 13 21 12 22 12 18 9 22 9 18 13 23 6 19 3 13 4 16 -2 12 4 7 -1 2 -4 0 -6 -4 -8 -7 -3 -9 -7 -12 0 0 0 0 0 0 0 0 0 0 0 0 0 0 0 0 0 0 0 0 0 0 -3 0 -6 7 -4 8 -6 7 -10 10 -18 16 -14 19 -14 12 -12 18 -13 10 -18 18 -12 14 -12 10 -10 11 -6 8 -2 2 -4 -2 -2 -5 6 -14 7 -25 8 -29 3 -35 4 -36 8 -38 10 -41 4 -48 ]
CSI_DATA,STA,E4:D1:24:F2:5E:80,-84,10,0,0,0,0,0,0,0,0,0,-97,0,9,0,29105594,0,389,0,0,29.4874,128,[-123 81 24 0 17 -21 16 -20 10 -13 7 -1 2 4 1 11 1 13 2 19 1 26 4 27 8 25 7 27 2 22 4 18 3 17 6 16 0 16 -1 8 -1 9 -2 5 -9 2 -8 -6 -3 -9 -8 -10 -8 -15 0 0 0 0 0 0 0 0 0 0 0 0 0 0 0 0 0 0 0 0 0 0 -3 1 -10 -3 -8 0 -10 -1 -18 -2 -17 -2 -21 -5 -18 -1 -22 -1 -24 3 -24 -2 -21 1 -17 -5 -15 -2 -7 -5 0 -1 1 -2 11 -4 14 -6 19 -12 23 -19 26 -21 30 -27 27 -32 32 -34 27 -35 ]
CSI_DATA,STA,E4:D1:24:F2:5E:80,-85,10,0,0,0,0,0,0,0,0,0,-97,0,9,0,29310398,0,389,0,0,29.6923,128,[-123 81 24 0 28 -22 15 -13 9 -12 6 -1 8 9 -5 8 -3 18 -10 16 -9 18 -10 21 -8 25 -9 24 -11 23 -16 23 -13 20 -7 14 -8 8 -7 7 -5 5 -4 -3 -4 -1 -4 -2 1 -11 2 -15 8 -9 0 0 0 0 0 0 0 0 0 0 0 0 0 0 0 0 0 0 0 0 0 0 1 3 -7 -1 -8 0 -11 2 -16 2 -19 7 -24 1 -24 0 -22 6 -21 2 -22 4 -20 1 -14 -1 -11 -2 -8 -1 -1 -4 5 -6 13 -7 17 -7 19 -12 25 -16 35 -15 23 -32 36 -26 35 -27 35 -35 ]
CSI_DATA,STA,E4:D1:24:F2:5E:80,-84,10,0,0,0,0,0,0,0,0,0,-97,0,9,0,29412796,0,389,0,0,29.7947,128,[-123 81 24 0 -14 -25 -8 -23 -4 -16 3 -8 6 -7 14 -7 18 1 18 -1 26 -2 30 0 29 -2 24 -2 23 -3 25 -1 18 -2 17 0 10 -5 9 -1 6 3 3 1 0 4 -6 10 -1 8 -10 9 -10 10 0 0 0 0 0 0 0 0 0 0 0 0 0 0 0 0 0 0 0 0 0 0 -1 1 -5 5 -8 2 -8 8 -12 10 -20 10 -18 13 -19 8 -18 16 -18 14 -22 14 -12 12 -9 17 -3 7 -6 1 -6 5 -4 -7 1 -9 -1 -18 -7 -22 -6 -33 -11 -32 -8 -41 -11 -42 -22 -40 -17 -42 ]
CSI_DATA,STA,E4:D1:24:F2:5E:80,-84,10,0,0,0,0,0,0,0,0,0,-97,0,9,0,29515198,0,389,0,0,29.8971,128,[-123 81 24 0 27 -20 23 -8 17 -10 10 -1 3 11 3 13 1 12 0 20 0 25 -3 27 4 31 0 27 5 30 6 24 2 22 -3 19 2 12 1 12 -2 3 -1 6 -13 -1 -9 -3 -9 -6 -9 -11 -9 -9 0 0 0 0 0 0 0 0 0 0 0 0 0 0 0 0 0 0 0 0 0 0 -6 -5 -4 -3 -10 -6 -9 -10 -13 -12 -15 -13 -13 -14 -18 -15 -16 -14 -23 -17 -23 -15 -17 -11 -16 -12 -13 -8 -11 -7 -3 -2 -5 2 12 -8 13 -9 23 -6 30 -9 33 -11 39 -15 39 -15 49 -22 42 -21 ]
CSI_DATA,STA,E4:D1:24:F2:5E:80,-83,10,0,0,0,0,0,0,0,0,0,-97,0,9,0,29617601,0,389,0,0,29.9995,128,[-123 81 24 0 -40 8 -26 6 -15 3 -11 1 -5 -7 1 -12 4 -17 5 -20 11 -22 9 -30 10 -30 9 -30 3 -30 8 -27 5 -27 7 -20 8 -15 2 -7 4 -8 5 -2 7 2 7 5 7 12 7 12 5 13 0 0 0 0 0 0 0 0 0 0 0 0 0 0 0 0 0 0 0 0 0 0 -4 -1 2 3 5 8 8 11 8 12 10 17 13 22 16 21 17 19 16 19 15 19 15 16 12 10 7 17 2 6 1 5 0 -3 -6 -2 -18 -2 -26 -1 -29 -2 -39 2 -40 8 -51 2 -49 3 -53 10 ]
CSI_DATA,STA,E4:D1:24:F2:5E:80,-85,10,0,0,0,0,0,0,0,0,0,-97,0,9,0,29720003,0,389,0,0,30.1018,128,[-123 81 24 0 -22 -24 -13 -15 -16 -13 -4 -8 4 -8 9 1 14 -3 20 -5 26 -10 24 -3 25 -6 26 -2 25 -10 26 2 18 -2 19 -3 15 4 7 2 7 6 1 4 -2 8 -2 5 -6 7 -13 10 -11 3 0 0 0 0 0 0 0 0 0 0 0 0 0 0 0 0 0 0 0 0 0 0 -1 0 -2 7 -3 10 1 9 -2 17 -3 18 -5 19 2 16 -6 24 -5 18 -2 28 -7 18 3 22 -2 14 2 9 -4 4 -5 -1 -10 -9 -9 -8 -12 -19 -11 -27 -17 -32 -27 -33 -29 -36 -32 -34 -35 -31 ]
CSI_DATA,STA,E4:D1:24:F2:5E:80,-84,10,0,0,0,0,0,0,0,0,0,-97,0,9,0,29822432,0,389,0,0,30.2043,128,[-123 81 24 0 6 35 0 19 -4 15 -1 11 -4 0 -6 -9 -18 -4 -16 -14 -21 -17 -24 -24 -23 -20 -23 -15 -24 -15 -21 -14 -15 -13 -16 -14 -10 -15 -10 -10 -4 -5 -1 -5 3 -4 4 1 11 3 14 3 9 7 0 0 0 0 0 0 0 0 0 0 0 0 0 0 0 0 0 0 0 0 0 0 -1 -6 2 -6 6 -8 9 -8 10 -9 14 -12 12 -15 15 -16 20 -25 16 -19 14 -19 15 -16 9 -14 11 -8 7 -6 -3 -2 3 1 3 10 -4 15 0 27 -3 26 -1 37 -1 38 -5 44 8 45 5 54 ]
CSI_DATA,STA,E4:D1:24:F2:5E:80,-84,10,0,0,0,0,0,0,0,0,0,-97,0,9,0,29924808,0,389,0,0,30.3067,128,[-123 81 24 0 21 19 25 19 6 13 1 7 -9 8 -10 5 -17 4 -24 6 -25 4 -34 5 -32 7 -34 6 -28 3 -27 4 -20 1 -19 8 -15 4 -11 5 -11 -1 -10 -2 0 -5 3 -11 5 -8 7 -12 10 -9 0 0 0 0 0 0 0 0 0 0 0 0 0 0 0 0 0 0 0 0 0 0 -1 1 3 -4 5 -9 2 -12 6 -17 11 -16 7 -20 10 -21 14 -23 12 -22 10 -22 10 -21 8 -18 4 -22 6 -12 5 -6 4 2 4 8 4 18 14 27 16 31 16 36 21 36 19 41 26 42 30 40 ]
CSI_DATA,STA,E4:D1:24:F2:5E:80,-84,10,0,0,0,0,0,0,0,0,0,-97,0,9,0,30027210,0,389,0,0,30.4091,128,[-123 81 24 0 -32 9 -23 1 -18 -1 -6 -1 -8 -4 4 -12 8 -14 12 -18 14 -23 23 -21 17 -22 16 -26 15 -26 14 -21 16 -20 12 -8 13 -11 14 -10 8 0 5 1 3 3 2 6 -3 6 -7 12 -9 16 0 0 0 0 0 0 0 0 0 0 0 0 0 0 0 0 0 0 0 0 0 0 3 -3 3 0 7 2 10 0 19 8 23 6 21 10 24 6 26 6 24 9 20 7 17 6 20 12 16 5 8 -1 7 -3 -5 -3 -8 2 -19 0 -29 5 -32 8 -41 4 -46 7 -47 3 -52 13 -50 18 ]
CSI_DATA,STA,E4:D1:24:F2:5E:80,-82,10,0,0,0,0,0,0,0,0,0,-97,0,9,0,30129612,0,389,0,0,30.5115,128,[-123 81 24 0 15 35 10 23 5 10 -4 8 -10 -2 -14 1 -23 -1 -27 2 -27 -5 -30 -6 -32 -3 -31 -3 -32 -7 -23 -7 -26 -4 -19 -7 -14 -2 -10 -3 -7 -10 -5 -11 1 -6 4 -9 7 -10 11 -9 9 -11 0 0 0 0 0 0 0 0 0 0 0 0 0 0 0 0 0 0 0 0 0 0 -1 -3 2 -5 3 -10 7 -12 10 -16 16 -17 13 -19 14 -26 12 -25 10 -18 10 -23 13 -16 14 -20 6 -17 9 -13 8 -7 2 0 7 10 6 23 5 24 10 37 16 33 14 41 19 42 22 47 25 42 ]
CSI_DATA,STA,E4:D1:24:F2:5E:80,-83,10,0,0,0,0,0,0,0,0,0,-97,0,9,0,30232015,0,389,0,0,30.6139,128,[-123 81 24 0 -3 25 -1 24 -5 14 -8 11 -8 0 -21 -1 -19 -2 -19 -11 -27 -8 -27 -10 -27 -9 -27 -7 -29 -6 -21 -8 -17 -8 -18 -1 -9 -5 -17 -4 -12 -3 -2 -4 1 -4 0 -9 3 -9 8 -8 12 -5 0 0 0 0 0 0 0 0 0 0 0 0 0 0 0 0 0 0 0 0 0 0 4 -1 5 4 5 -1 8 0 12 2 17 2 20 0 22 5 22 5 23 3 21 -6 21 0 14 1 13 -4 9 -3 3 3 0 5 -6 9 -7 19 -8 22 -13 26 -9 34 -13 37 -12 44 -7 48 -5 44 ]
CSI_DATA,STA,E4:D1:24:F2:5E:80,-84,10,0,0,0,0,0,0,0,0,0,-97,0,9,0,30436819,0,389,0,0,30.8188,128,[-123 81 24 0 -1 41 0 23 -2 13 -9 4 -10 -5 -8 -9 -14 -15 -12 -14 -21 -18 -25 -18 -21 -24 -19 -23 -23 -24 -19 -12 -15 -16 -8 -16 -11 -10 -5 -12 -2 -8 5 -11 3 -8 11 0 8 5 13 2 14 4 0 0 0 0 0 0 0 0 0 0 0 0 0 0 0 0 0 0 0 0 0 0 -1 -1 4 -6 7 -7 11 -9 18 -10 19 -7 21 -13 19 -11 22 -11 18 -19 18 -15 17 -14 15 -11 11 -8 4 -6 3 3 1 1 -6 16 -4 18 -15 25 -11 34 -7 41 -12 45 -11 46 -6 51 -5 53 ]
CSI_DATA,STA,E4:D1:24:F2:5E:80,-83,10,0,0,0,0,0,0,0,0,0,-97,0,9,0,30539222,0,389,0,0,30.921,128,[-123 81 24 0 -25 -25 -12 -21 -5 -16 5 -8 9 -1 13 0 16 3 26 6 28 5 31 11 29 8 27 6 24 4 29 4 21 4 20 3 15 3 10 2 5 3 0 2 -2 2 -7 1 -10 1 -15 0 -17 1 0 0 0 0 0 0 0 0 0 0 0 0 0 0 0 0 0 0 0 0 0 0 -1 -1 2 6 -5 7 -7 15 -4 20 -6 23 -8 22 -8 18 -12 22 -9 21 -8 26 -7 21 -8 13 -7 14 -7 7 -10 0 -7 0 -8 -16 -7 -18 -9 -25 -10 -35 -13 -36 -22 -48 -15 -46 -23 -48 -26 -42 ]
CSI_DATA,STA,E4:D1:24:F2:5E:80,-84,10,0,0,0,0,0,0,0,0,0,-97,0,9,0,30641624,0,389,0,0,31.0235,128,[-123 81 24 0 -15 25 -8 15 -8 13 -10 3 -10 -11 -6 -16 -8 -16 -11 -25 -10 -24 -12 -29 -10 -33 -17 -26 -16 -25 -9 -24 -8 -21 -7 -19 -6 -16 -6 -8 -3 -5 0 -7 0 0 7 1 7 4 12 7 10 7 0 0 0 0 0 0 0 0 0 0 0 0 0 0 0 0 0 0 0 0 0 0 0 -4 3 -3 7 -4 17 -7 17 -8 17 -3 21 0 27 -7 23 2 25 -8 19 -5 18 -1 20 -3 11 0 11 -3 1 6 -2 6 -6 12 -8 15 -16 18 -20 30 -19 25 -21 34 -25 44 -27 40 -19 48 ]
CSI_DATA,STA,E4:D1:24:F2:5E:80,-83,10,0,0,0,0,0,0,0,0,0,-97,0,9,0,30744027,0,389,0,0,31.1259,128,[-123 81 24 0 -15 -26 -14 -16 -4 -17 -2 -4 3 -3 12 -2 15 0 23 0 21 -1 25 0 26 -4 25 3 27 -8 25 -4 19 -6 14 -1 14 0 10 1 7 0 0 -1 -2 4 0 9 -9 4 -9 8 -14 3 0 0 0 0 0 0 0 0 0 0 0 0 0 0 0 0 0 0 0 0 0 0 -1 6 -6 4 -5 7 -7 5 -14 14 -13 11 -11 21 -14 13 -12 19 -13 21 -10 18 -9 16 -6 10 -4 8 -5 8 -8 0 -8 -2 -8 -10 -6 -19 -9 -26 -10 -31 -15 -30 -20 -36 -17 -43 -18 -39 -23 -38 ]
CSI_DATA,STA,E4:D1:24:F2:5E:80,-83,10,0,0,0,0,0,0,0,0,0,-97,0,9,0,30846429,0,389,0,0,31.2284,128,[-123 81 24 0 -10 -29 -7 -22 0 -17 -4 -6 6 2 13 7 18 12 15 15 24 16 21 20 25 17 19 23 28 17 22 19 15 12 11 10 13 12 6 9 6 10 4 1 -5 4 -8 -3 -13 0 -12 -2 -13 -4 0 0 0 0 0 0 0 0 0 0 0 0 0 0 0 0 0 0 0 0 0 0 5 3 -1 7 -4 6 -9 11 -8 10 -13 14 -13 18 -19 20 -15 21 -13 18 -16 19 -14 17 -10 16 -11 8 -5 4 -7 4 2 -5 2 -11 3 -24 1 -27 -6 -37 3 -43 -4 -45 -5 -42 -2 -50 -5 -49 ]
CSI_DATA,STA,E4:D1:24:F2:5E:80,-83,10,0,0,0,0,0,0,0,0,0,-97,0,9,0,30948831,0,389,0,0,31.3308,128,[-123 81 24 0 -28 19 -25 16 -13 10 -11 -4 -2 -11 -3 -13 0 -16 3 -27 4 -26 2 -33 3 -30 6 -32 1 -26 5 -28 3 -27 4 -18 1 -17 8 -9 4 -2 4 -2 5 4 6 2 6 3 4 12 6 10 0 0 0 0 0 0 0 0 0 0 0 0 0 0 0 0 0 0 0 0 0 0 -3 -6 8 -1 8 3 14 2 19 4 18 6 17 8 20 5 22 10 26 8 21 6 20 8 14 6 12 6 15 3 4 4 -2 3 -5 7 -15 4 -24 12 -29 13 -35 16 -38 17 -36 22 -36 29 -36 31 ]
CSI_DATA,STA,E4:D1:24:F2:5E:80,-84,10,0,0,0,0,0,0,0,0,0,-97,0,9,0,31051234,0,389,0,0,31.4332,128,[-123 81 24 0 -22 -29 -13 -24 -9 -15 0 -6 4 -4 8 1 20 6 20 2 26 3 26 -1 28 0 26 5 32 1 22 0 25 5 14 2 17 1 11 2 11 3 3 4 0 4 -3 5 -6 5 -10 4 -18 0 0 0 0 0 0 0 0 0 0 0 0 0 0 0 0 0 0 0 0 0 0 0 -1 0 -5 5 -4 7 -2 9 -3 13 -10 19 -13 21 -10 21 -9 21 -9 29 -10 24 -8 21 -7 20 -5 15 -1 9 -5 2 -2 -1 -5 -5 -6 -12 -9 -24 -12 -28 -22 -36 -20 -42 -28 -34 -28 -43 -32 -47 ]
CSI_DATA,STA,E4:D1:24:F2:5E:80,-84,10,0,0,0,0,0,0,0,0,0,-97,0,9,0,31256416,0,389,0,0,31.6384,128,[-123 81 24 0 16 28 16 18 6 15 0 14 -9 8 -11 4 -21 -4 -25 -3 -25 -8 -27 1 -29 -5 -29 -5 -32 -1 -29 0 -24 -2 -16 -3 -19 -1 -11 -9 -10 -4 -6 -5 1 -2 4 -9 8 -8 9 -5 12 -7 0 0 0 0 0 0 0 0 0 0 0 0 0 0 0 0 0 0 0 0 0 0 -3 -3 2 -5 1 -9 1 -11 7 -16 9 -20 8 -19 10 -24 11 -25 9 -23 7 -21 8 -21 4 -17 4 -17 4 -11 4 -4 0 0 2 9 5 16 7 23 8 30 10 34 20 36 23 41 22 44 29 42 ]
CSI_DATA,STA,E4:D1:24:F2:5E:80,-85,10,0,0,0,0,0,0,0,0,0,-97,0,9,0,31358443,0,389,0,0,31.7404,128,[-123 81 24 0 -1 34 -2 20 -1 12 -8 7 -6 0 -10 -8 -14 -12 -14 -15 -21 -16 -24 -13 -20 -18 -21 -19 -24 -20 -21 -14 -27 -6 -13 -17 -12 -6 0 -12 -2 -8 1 -7 5 -7 11 -2 8 4 13 -1 12 0 0 0 0 0 0 0 0 0 0 0 0 0 0 0 0 0 0 0 0 0 0 0 -4 -3 3 -4 7 -5 8 -6 15 -14 11 -4 18 -14 17 -14 14 -8 21 -14 26 -16 20 -6 14 -10 11 -16 6 -5 8 6 -1 8 5 4 -2 14 -12 23 -2 31 0 31 -9 35 -4 42 -7 47 -2 54 ]
CSI_DATA,STA,E4:D1:24:F2:5E:80,-84,10,0,0,0,0,0,0,0,0,0,-97,0,9,0,31460845,0,389,0,0,31.8428,128,[-123 81 24 0 31 13 19 10 12 9 6 9 -4 7 -10 10 -9 10 -15 6 -18 16 -21 17 -15 22 -19 21 -22 16 -21 17 -17 7 -15 13 -13 6 -10 4 -5 1 -4 -3 -3 -6 -2 -10 0 -14 -3 -13 5 -11 0 0 0 0 0 0 0 0 0 0 0 0 0 0 0 0 0 0 0 0 0 0 -2 1 3 -8 -1 -10 1 -14 1 -11 4 -17 2 -21 3 -22 -2 -21 0 -25 3 -21 3 -20 0 -20 1 -13 -1 -11 5 -6 5 1 10 2 9 6 14 11 21 21 30 19 31 20 36 23 42 22 45 19 ]
CSI_DATA,STA,E4:D1:24:F2:5E:80,-85,10,0,0,0,0,0,0,0,0,0,-97,0,9,0,31563248,0,389,0,0,31.9452,128,[-123 81 24 0 24 -4 25 -2 13 -1 9 4 1 8 -5 13 -6 14 -8 17 -10 20 -8 22 -17 26 -13 30 -11 21 -8 20 -4 22 -9 22 -8 13 -4 9 -10 5 -7 1 -9 -4 -8 -6 -5 -9 -4 -13 -4 -19 0 0 0 0 0 0 0 0 0 0 0 0 0 0 0 0 0 0 0 0 0 0 -1 0 0 -5 -4 -7 -2 -11 -1 -17 -7 -18 -6 -20 -6 -19 -9 -18 -9 -29 -8 -21 -7 -21 -4 -18 -7 -16 -5 -8 1 -6 4 1 5 4 14 0 20 3 30 3 34 3 42 6 46 6 48 2 39 -4 ]
CSI_DATA,STA,E4:D1:24:F2:5E:80,-84,10,0,0,0,0,0,0,0,0,0,-97,0,9,0,31665650,0,389,0,0,32.0476,128,[-123 81 24 0 -17 20 -7 10 -10 7 -7 2 -10 -6 -11 -12 -10 -19 -12 -17 -9 -23 -10 -25 -14 -27 -12 -22 -7 -27 -12 -19 -10 -15 -7 -17 -4 -13 -3 -8 -3 -10 1 -7 5 4 8 -2 9 1 10 7 11 8 0 0 0 0 0 0 0 0 0 0 0 0 0 0 0 0 0 0 0 0 0 0 0 -2 2 -1 10 -2 13 0 12 1 21 -1 25 0 26 1 24 0 24 0 18 -5 22 0 15 1 16 -1 6 2 6 5 -4 2 -8 10 -14 9 -19 15 -22 19 -24 22 -28 29 -23 34 -28 36 -20 36 ]
CSI_DATA,STA,E4:D1:24:F2:5E:80,-85,10,0,0,0,0,0,0,0,0,0,-97,0,9,0,31768052,0,389,0,0,32.15,128,[-123 81 24 0 25 -2 26 0 15 -3 7 3 1 9 -4 12 -12 16 -15 17 -15 22 -11 20 -18 23 -11 21 -13 19 -9 17 -9 16 -15 7 -12 8 -9 1 -7 5 -3 2 -3 -3 -4 -9 -1 -12 -2 -12 1 -13 0 0 0 0 0 0 0 0 0 0 0 0 0 0 0 0 0 0 0 0 0 0 -1 3 -7 -2 -6 -10 -7 -11 -8 -16 -8 -17 -8 -18 -12 -21 -14 -25 -11 -23 -18 -19 -13 -17 -11 -15 -11 -9 -7 -5 1 -7 5 0 6 3 14 5 26 -1 29 2 34 1 39 4 37 2 46 0 45 -5 ]
CSI_DATA,STA,E4:D1:24:F2:5E:80,-85,10,0,0,0,0,0,0,0,0,0,-97,0,9,0,31871231,0,389,0,0,32.2532,128,[-123 81 24 0 13 -25 12 -21 10 -5 4 -6 3 6 3 12 3 12 2 20 -1 27 5 25 1 24 0 26 -1 28 0 21 3 19 2 18 1 12 -5 6 -5 6 -6 0 -6 -2 -7 -9 -5 -10 0 -12 -9 -16 0 0 0 0 0 0 0 0 0 0 0 0 0 0 0 0 0 0 0 0 0 0 -1 0 -8 5 -8 2 -13 2 -12 3 -15 5 -23 9 -20 7 -22 7 -22 7 -22 10 -13 2 -22 1 -12 1 -10 7 -7 1 -2 -4 2 -7 8 -16 14 -20 18 -27 22 -28 23 -32 29 -39 24 -38 21 -43 ]
CSI_DATA,STA,E4:D1:24:F2:5E:80,-84,10,0,0,0,0,0,0,0,0,0,-97,0,9,0,31972857,0,389,0,0,32.3548,128,[-123 81 24 0 -9 -31 -5 -20 -1 -16 1 -14 5 -3 9 5 14 5 23 16 20 10 22 14 26 18 22 11 23 11 19 13 18 13 16 7 10 6 8 6 5 6 2 4 -9 4 -8 4 -10 -1 -12 2 -15 1 0 0 0 0 0 0 0 0 0 0 0 0 0 0 0 0 0 0 0 0 0 0 3 2 -9 0 -10 5 -9 7 -13 8 -15 13 -16 16 -21 18 -17 14 -17 17 -16 15 -12 14 -13 10 -11 10 -9 3 -4 -3 -6 -2 1 -10 2 -17 2 -20 4 -31 -3 -36 0 -43 -1 -43 -4 -50 -8 -51 ]
CSI_DATA,STA,E4:D1:24:F2:5E:80,-83,10,0,0,0,0,0,0,0,0,0,-97,0,9,0,32075259,0,389,0,0,32.457,128,[-123 81 24 0 31 8 20 6 13 3 7 8 0 8 -7 11 -15 11 -10 13 -18 21 -17 19 -18 20 -17 21 -12 22 -11 17 -16 18 -9 14 -14 9 -13 13 -8 4 -4 -2 -4 -6 -2 -10 -3 -12 -5 -17 0 -13 0 0 0 0 0 0 0 0 0 0 0 0 0 0 0 0 0 0 0 0 0 0 -6 -4 -3 -5 0 -10 1 -17 2 -18 4 -18 -3 -20 0 -26 0 -23 3 -25 3 -22 -3 -21 -1 -19 1 -12 0 -10 0 -2 7 -5 10 4 12 8 19 12 28 14 34 14 36 21 43 18 45 16 47 10 ]
CSI_DATA,STA,E4:D1:24:F2:5E:80,-85,10,0,0,0,0,0,0,0,0,0,-97,0,9,0,32150313,0,265,0,0,32.532,128,[9 -111 16 0 25 -12 22 -6 13 -1 7 3 2 4 1 11 -3 14 -11 17 -8 24 -14 22 -11 23 -11 23 -13 24 -11 25 -3 24 -6 15 -10 12 -7 9 -6 4 -3 0 -8 -8 -4 -3 -7 -11 -8 -14 -1 -13 0 0 0 0 0 0 0 0 0 0 0 0 0 0 0 0 0 0 0 0 0 0 -2 0 -6 -4 -5 -9 -9 -11 -7 -14 -12 -13 -12 -15 -18 -17 -15 -22 -19 -22 -17 -17 -15 -19 -9 -18 -12 -8 -10 -8 -6 -4 2 0 11 3 20 5 19 2 33 2 39 5 36 -4 42 -4 44 -6 47 -5 ]
CSI_DATA,STA,E4:D1:24:F2:5E:80,-84,10,0,0,0,0,0,0,0,0,0,-97,0,9,0,32177662,0,389,0,0,32.5646,128,[-123 81 24 0 23 16 3 17 17 11 3 10 -8 5 -6 7 -16 -3 -24 5 -28 9 -26 3 -32 10 -28 6 -29 11 -24 10 -20 1 -25 12 -12 2 -17 -1 -5 1 -2 -1 1 -7 -1 -9 7 -11 9 -9 7 -10 0 0 0 0 0 0 0 0 0 0 0 0 0 0 0 0 0 0 0 0 0 0 0 -2 6 -5 5 -10 3 -14 7 -9 5 -20 12 -13 16 -20 10 -25 13 -20 12 -19 2 -8 12 -18 14 -15 10 -6 6 -2 -4 7 4 16 7 12 17 29 21 34 14 34 23 39 22 42 22 45 27 39 ]
CSI_DATA,STA,E4:D1:24:F2:5E:80,-84,10,0,0,0,0,0,0,0,0,0,-97,0,9,0,32187849,0,114,0,0,32.6063,128,[114 32 7 0 -24 -24 -18 -22 -5 -11 -5 -7 8 -10 13 0 16 1 19 2 24 1 23 3 26 4 25 -6 26 -2 20 -2 23 -2 17 -3 13 -3 11 1 6 0 3 5 4 5 -6 7 -8 7 -14 7 -10 3 0 0 0 0 0 0 0 0 0 0 0 0 0 0 0 0 0 0 0 0 0 0 -1 2 -1 3 -4 8 -4 12 -10 12 -7 17 -12 17 -10 19 -14 22 -9 13 -6 19 -6 19 -9 10 -3 12 -6 6 -4 2 -3 -6 -2 -14 -7 -17 -11 -27 -5 -27 -11 -30 -16 -35 -22 -40 -21 -47 -28 -41 ]
CSI_DATA,STA,E4:D1:24:F2:5E:80,-85,10,0,0,0,0,0,0,0,0,0,-97,0,9,0,32484869,0,389,0,0,32.8668,128,[-123 81 24 0 24 -10 18 -6 14 -4 4 0 3 5 -5 9 -6 7 -16 13 -12 18 -17 18 -20 24 -21 19 -16 21 -16 17 -12 11 -14 14 -12 10 -9 9 -6 1 -2 -6 -2 -3 0 -3 5 -10 2 -12 11 -10 0 0 0 0 0 0 0 0 0 0 0 0 0 0 0 0 0 0 0 0 0 0 -3 3 -7 -2 -7 -3 -11 -2 -15 -1 -19 -5 -16 0 -15 0 -21 -4 -19 -2 -21 -1 -20 0 -13 -5 -12 3 -7 -2 -6 3 5 -3 5 -5 16 -6 18 -5 25 -5 26 -10 37 -12 39 -15 36 -16 39 -25 ]
CSI_DATA,STA,E4:D1:24:F2:5E:80,-85,10,0,0,0,0,0,0,0,0,0,-97,0,9,0,32587271,0,389,0,0,32.9692,128,[-123 81 24 0 -4 28 2 24 -4 13 2 5 -7 -1 -2 -9 -9 -10 -12 -16 -8 -18 -9 -21 -11 -26 -16 -28 -11 -27 -11 -20 -9 -16 -5 -18 -2 -16 0 -10 -1 -8 1 -6 2 1 6 1 8 7 8 6 6 12 0 0 0 0 0 0 0 0 0 0 0 0 0 0 0 0 0 0 0 0 0 0 2 4 5 -5 6 -8 6 -7 7 -10 8 -11 9 -17 12 -20 9 -16 13 -16 9 -20 8 -16 7 -13 5 -10 7 -9 6 -4 -5 0 -1 13 -4 12 -8 22 -5 23 -4 30 -7 38 -2 39 -4 39 -1 41 ]
CSI_DATA,STA,E4:D1:24:F2:5E:80,-85,10,0,0,0,0,0,0,0,0,0,-97,0,9,0,32689674,0,389,0,0,33.0716,128,[-123 81 24 0 -27 -7 -20 -6 -13 -4 0 -6 0 -7 7 -6 12 -12 19 -10 19 -10 21 -9 21 -12 19 -11 19 -19 17 -14 17 -13 10 -11 15 -6 8 -1 5 -2 5 -2 0 7 -7 5 -1 6 -6 8 -11 11 0 0 0 0 0 0 0 0 0 0 0 0 0 0 0 0 0 0 0 0 0 0 0 3 4 4 5 8 2 10 3 16 5 14 4 20 7 22 7 20 10 21 8 16 8 16 8 10 8 11 4 5 0 4 -5 -1 -7 -6 -12 -11 -14 -13 -25 -15 -24 -14 -38 -15 -30 -16 -36 -15 -39 -16 ]
CSI_DATA,STA,E4:D1:24:F2:5E:80,-85,10,0,0,0,0,0,0,0,0,0,-97,0,9,0,32792479,0,389,0,0,33.1743,128,[-123 81 24 0 -16 16 -18 13 -14 9 -3 -2 -5 -7 3 -8 8 -15 12 -19 8 -22 15 -22 14 -21 14 -24 12 -28 11 -21 9 -22 10 -17 7 -14 13 -10 7 -7 1 0 0 3 1 10 -2 8 -4 12 -6 8 0 0 0 0 0 0 0 0 0 0 0 0 0 0 0 0 0 0 0 0 0 0 -2 1 1 -2 10 -6 15 -6 14 -5 15 -5 17 -6 16 -11 22 -4 20 -5 19 -7 18 -8 15 -4 11 -1 7 -6 3 1 -7 -2 -10 3 -12 7 -25 11 -25 12 -26 14 -35 18 -34 21 -32 24 -31 25 ]
CSI_DATA,STA,E4:D1:24:F2:5E:80,-85,10,0,0,0,0,0,0,0,0,0,-97,0,9,0,32894478,0,389,0,0,33.2763,128,[-123 81 24 0 -11 -26 -14 -15 -4 -15 0 -8 -2 2 7 6 13 4 18 7 19 7 24 9 23 7 25 7 24 7 23 10 19 8 10 10 19 1 7 5 2 4 -1 2 -2 4 -11 1 -10 -2 -13 0 -8 -2 0 0 0 0 0 0 0 0 0 0 0 0 0 0 0 0 0 0 0 0 0 0 -3 5 -3 5 -2 5 -7 9 -1 12 -6 15 -6 15 -6 18 -7 20 -7 15 -9 16 -8 19 -8 12 -4 11 0 5 -2 4 -1 -5 -2 -9 -4 -16 -6 -22 -7 -30 -7 -34 -14 -38 -16 -40 -18 -40 -16 -42 ]
CSI_DATA,STA,E4:D1:24:F2:5E:80,-85,10,0,0,0,0,0,0,0,0,0,-97,0,9,0,32996881,0,389,0,0,33.3788,128,[-123 81 24 0 -12 21 -6 14 -3 13 -5 2 2 -2 -6 -6 -3 -14 7 -16 5 -26 5 -18 8 -25 6 -26 3 -23 8 -22 5 -20 4 -18 7 -16 3 -10 1 -4 3 -3 1 3 0 7 -2 7 -4 13 -10 7 0 0 0 0 0 0 0 0 0 0 0 0 0 0 0 0 0 0 0 0 0 0 -3 -2 3 -8 3 -12 4 -11 8 -15 11 -14 8 -14 11 -18 14 -18 16 -17 9 -15 9 -17 12 -9 7 -8 4 -8 -1 -2 -6 1 -7 7 -9 13 -13 15 -14 24 -18 28 -18 28 -19 30 -20 37 -15 40 ]
CSI_DATA,STA,E4:D1:24:F2:5E:80,-86,10,0,0,0,0,0,0,0,0,0,-97,0,9,0,33099283,0,389,0,0,33.4812,128,[-123 81 24 0 -3 -31 1 -25 -2 -6 1 -5 3 1 7 5 7 13 7 15 10 20 10 17 17 14 16 18 16 14 13 15 13 8 10 9 6 12 7 7 6 5 2 5 -9 5 -6 -5 -5 -4 -11 -4 -9 -6 0 0 0 0 0 0 0 0 0 0 0 0 0 0 0 0 0 0 0 0 0 0 -3 1 -6 4 -12 3 -9 5 -11 4 -19 12 -16 13 -17 9 -19 12 -15 12 -12 11 -10 11 -11 7 -11 6 -8 1 -2 -3 -2 -4 -3 -6 8 -11 8 -21 6 -22 8 -28 7 -34 4 -36 4 -42 6 -42 ]
CSI_DATA,STA,E4:D1:24:F2:5E:80,-84,10,0,0,0,0,0,0,0,0,0,-97,0,9,0,33201685,0,389,0,0,33.5836,128,[-123 81 24 0 -18 22 -17 13 -8 5 -6 2 -1 -7 -2 -9 -2 -13 3 -21 2 -25 0 -27 2 -24 4 -24 5 -19 8 -24 3 -16 0 -15 6 -11 6 -8 1 -5 7 -4 3 -1 0 7 1 7 -2 8 0 14 0 0 0 0 0 0 0 0 0 0 0 0 0 0 0 0 0 0 0 0 0 0 5 -3 8 -1 9 -5 11 1 17 0 20 -3 19 1 20 -4 22 -5 16 -7 16 -2 19 -2 10 -2 11 1 10 3 7 -1 -4 1 -10 5 -12 4 -14 10 -26 22 -27 14 -30 20 -28 29 -33 25 -31 30 ]
CSI_DATA,STA,E4:D1:24:F2:5E:80,-85,10,0,0,0,0,0,0,0,0,0,-97,0,9,0,33304088,0,389,0,0,33.686,128,[-123 81 24 0 -4 -27 -1 -20 5 -18 7 -4 7 4 8 1 13 13 13 11 10 22 10 22 11 19 13 20 10 20 12 18 7 17 7 17 4 15 0 11 -2 6 -2 -3 -6 0 -8 -6 -7 2 -1 -11 -8 -16 0 0 0 0 0 0 0 0 0 0 0 0 0 0 0 0 0 0 0 0 0 0 0 -3 -1 4 -7 7 -8 10 -10 9 -9 17 -7 10 -14 15 -11 13 -13 10 -8 17 -7 11 -5 8 -8 11 -7 8 -6 6 0 -3 0 -4 1 -11 4 -21 3 -26 6 -37 6 -37 8 -43 -9 -44 0 -44 ]
CSI_DATA,STA,E4:D1:24:F2:5E:80,-84,10,0,0,0,0,0,0,0,0,0,-97,0,9,0,33406492,0,389,0,0,33.7884,128,[-123 81 24 0 0 30 0 27 -1 17 -3 8 -4 -1 -10 -3 -11 -12 -13 -14 -14 -20 -14 -25 -16 -24 -19 -21 -17 -19 -14 7 -13 -13 -12 -13 1 -13 -3 -9 1 -8 0 -5 3 -1 6 1 8 5 6 8 7 10 0 0 0 0 0 0 0 0 0 0 0 0 0 0 0 0 0 0 0 0 0 0 1 -2 -3 -4 6 -4 8 -11 11 -16 13 -19 8 -18 8 -20 14 -21 5 -19 7 -21 11 -13 4 -10 1 -15 6 -10 1 0 1 4 1 7 -1 17 -8 19 -5 28 -1 35 2 43 -3 42 1 43 3 44 ]
CSI_DATA,STA,E4:D1:24:F2:5E:80,-84,10,0,0,0,0,0,0,0,0,0,-97,0,9,0,33508895,0,389,0,0,33.8907,128,[-123 81 24 0 -20 -28 -15 -21 -9 -9 -2 -6 9 -2 9 -6 13 5 18 1 20 9 21 4 24 7 28 8 20 6 16 7 22 4 16 2 12 6 4 4 11 2 8 4 1 6 -4 4 -10 4 -9 0 -13 -2 0 0 0 0 0 0 0 0 0 0 0 0 0 0 0 0 0 0 0 0 0 0 -1 -3 -5 3 -5 8 -5 11 -7 14 -11 19 -6 22 -10 19 -11 24 -10 23 -7 20 -5 16 -3 16 -8 11 1 10 -1 3 -6 -5 -5 -6 0 -10 -7 -25 -5 -30 -13 -32 -12 -36 -16 -37 -21 -45 -17 -37 ]
CSI_DATA,STA,E4:D1:24:F2:5E:80,-84,10,0,0,0,0,0,0,0,0,0,-97,0,9,0,33611297,0,389,0,0,33.9931,128,[-123 81 24 0 -15 31 -12 18 -8 16 -14 4 -8 -2 -4 -9 -4 -14 -11 -21 -12 -21 -9 -21 -12 -21 -11 -26 -11 -22 -11 -29 -10 -18 -11 -18 -4 -11 -2 -10 1 -11 1 -6 6 -5 5 -2 8 4 6 4 9 9 0 0 0 0 0 0 0 0 0 0 0 0 0 0 0 0 0 0 0 0 0 0 3 -5 3 -2 10 0 11 -1 14 -2 18 3 20 -1 22 0 23 -3 22 -1 22 -2 16 -3 14 -6 11 -6 2 3 2 6 -3 5 -8 6 -13 8 -16 19 -24 22 -29 24 -29 27 -28 36 -25 37 -26 37 ]
CSI_DATA,STA,E4:D1:24:F2:5E:80,-85,10,0,0,0,0,0,0,0,0,0,-97,0,9,0,33713699,0,389,0,0,34.0955,128,[-123 81 24 0 12 26 4 18 10 12 -2 8 -10 4 -15 -4 -17 -3 -21 -6 -20 -10 -26 -11 -24 -9 -23 -9 -25 -7 -22 -11 -19 -14 -16 -9 -14 -8 -5 -8 -8 -11 -2 -5 2 -4 4 -3 7 0 10 0 13 0 0 0 0 0 0 0 0 0 0 0 0 0 0 0 0 0 0 0 0 0 0 0 2 -1 5 -9 7 -9 9 -13 13 -10 10 -11 15 -13 13 -15 12 -15 12 -18 12 -15 13 -14 13 -14 5 -11 11 -7 3 -6 0 11 4 6 -5 18 0 24 2 30 3 32 2 37 7 43 7 40 15 44 ]
CSI_DATA,STA,E4:D1:24:F2:5E:80,-84,10,0,0,0,0,0,0,0,0,0,-97,0,9,0,33816102,0,389,0,0,34.1981,128,[-123 81 24 0 16 -21 13 -20 13 -11 9 -4 8 4 3 12 2 13 -4 13 3 22 0 25 -6 33 4 30 5 28 -1 24 0 21 -2 20 -4 12 -2 6 -4 6 -9 1 -3 -4 -6 -11 -6 -6 -5 -13 -4 -12 0 0 0 0 0 0 0 0 0 0 0 0 0 0 0 0 0 0 0 0 0 0 -1 2 -7 -1 -8 0 -12 -5 -15 -2 -21 -1 -21 1 -20 -2 -21 2 -23 0 -18 0 -24 -1 -18 5 -11 -2 -12 1 -7 0 2 -5 6 -3 12 -12 23 -14 21 -20 32 -23 29 -26 32 -28 31 -30 31 -36 ]
CSI_DATA,STA,E4:D1:24:F2:5E:80,-85,10,0,0,0,0,0,0,0,0,0,-97,0,9,0,33840651,0,239,0,0,34.2297,128,[-17 -16 14 0 -31 6 -24 1 -18 -5 -3 -7 1 -8 5 -9 7 -14 15 -13 13 -19 16 -14 14 -14 14 -17 16 -20 16 -16 12 -14 12 -13 13 -10 14 -5 13 -4 8 -2 3 5 2 5 0 5 -5 9 -2 10 0 0 0 0 0 0 0 0 0 0 0 0 0 0 0 0 0 0 0 0 0 0 3 0 6 2 1 3 8 6 14 10 13 18 18 16 20 12 19 16 18 16 17 13 14 15 12 12 11 7 1 6 0 7 -6 -3 -5 -1 -15 0 -25 -1 -27 -4 -35 -4 -35 -6 -48 0 -45 6 -44 6 ]
CSI_DATA,STA,E4:D1:24:F2:5E:80,-84,10,0,0,0,0,0,0,0,0,0,-97,0,9,0,34020906,0,389,0,0,34.4029,128,[-123 81 24 0 -30 -4 -18 -4 -14 -10 -6 -5 1 -11 7 -11 15 -10 13 -14 17 -16 20 -15 19 -14 16 -14 14 -16 18 -15 13 -16 14 -10 11 -7 5 -8 8 -4 4 0 3 6 3 6 2 9 -2 11 -4 13 0 0 0 0 0 0 0 0 0 0 0 0 0 0 0 0 0 0 0 0 0 0 1 -2 3 2 0 11 0 8 -1 11 5 18 2 21 -1 22 1 28 1 26 4 20 5 20 2 13 1 14 -1 8 -3 1 -1 -3 -10 -4 -13 -14 -12 -9 -27 -17 -31 -18 -36 -18 -41 -19 -39 -18 -39 -17 ]
CSI_DATA,STA,E4:D1:24:F2:5E:80,-84,10,0,0,0,0,0,0,0,0,0,-97,0,9,0,34123309,0,389,0,0,34.5052,128,[-123 81 24 0 29 -20 17 -10 18 -7 11 -2 -1 8 -1 17 -5 15 -7 19 -5 21 -2 26 -7 25 -3 28 -6 25 -9 26 -6 19 -3 18 -3 15 -5 14 1 7 -7 -2 -8 0 -7 -5 -3 -10 -5 -10 -4 -16 0 0 0 0 0 0 0 0 0 0 0 0 0 0 0 0 0 0 0 0 0 0 -6 -1 -6 -2 -8 -4 -6 -8 -9 -7 -15 -7 -15 -14 -16 -17 -19 -14 -17 -14 -20 -7 -16 -10 -13 -7 -13 -9 -8 -1 -2 -6 3 -7 5 -4 15 -5 20 -7 28 -7 31 -11 40 -9 39 -16 44 -15 37 -19 ]
CSI_DATA,STA,E4:D1:24:F2:5E:80,-85,10,0,0,0,0,0,0,0,0,0,-97,0,9,0,34328114,0,389,0,0,34.7101,128,[-123 81 24 0 11 -31 5 -21 12 -14 6 -8 9 8 7 5 11 14 6 18 8 24 9 24 9 23 6 24 9 18 12 18 10 18 3 16 8 14 2 10 2 7 -4 7 -7 1 -10 -3 -7 -2 -11 -6 -5 -8 0 0 0 0 0 0 0 0 0 0 0 0 0 0 0 0 0 0 0 0 0 0 -1 -2 -6 -1 -10 -2 -10 -2 -16 -1 -19 7 -24 -1 -24 3 -25 2 -22 5 -25 3 -28 3 -20 1 -18 -2 -12 2 -2 -7 2 -10 10 -11 9 -13 17 -16 19 -19 20 -28 27 -32 25 -38 25 -39 18 -39 ]
CSI_DATA,STA,E4:D1:24:F2:5E:80,-84,10,0,0,0,0,0,0,0,0,0,-97,0,9,0,34430516,0,389,0,0,34.8125,128,[-123 81 24 0 -21 -14 -17 -17 -11 -3 1 -8 7 -7 8 3 18 -5 27 -10 23 -7 30 -3 30 -2 22 -1 24 0 26 -2 16 -9 15 -1 13 4 8 -4 6 2 2 4 -2 5 -5 6 -9 6 -11 7 -11 5 0 0 0 0 0 0 0 0 0 0 0 0 0 0 0 0 0 0 0 0 0 0 -1 1 2 3 5 10 3 10 -1 16 3 20 1 23 2 25 5 18 2 26 0 25 2 14 4 17 -1 15 1 7 -6 4 0 5 -10 -7 -9 -12 -18 -18 -19 -23 -25 -26 -28 -29 -32 -27 -33 -29 -37 -27 ]
CSI_DATA,STA,E4:D1:24:F2:5E:80,-84,10,0,0,0,0,0,0,0,0,0,-97,0,9,0,34532918,0,389,0,0,34.9148,128,[-123 81 24 0 -32 15 -21 5 -11 3 -10 -2 -5 -11 -7 -9 -4 -20 -1 -16 1 -27 -2 -28 -2 -30 -4 -32 -8 -29 -6 -27 2 -20 -2 -18 0 -14 0 -17 4 -9 5 -4 8 -4 9 3 9 4 10 5 9 6 0 0 0 0 0 0 0 0 0 0 0 0 0 0 0 0 0 0 0 0 0 0 0 0 3 5 1 7 2 14 7 15 5 22 7 23 6 24 12 27 13 18 6 24 5 18 10 12 8 11 4 6 -2 1 0 0 -8 -1 -19 -3 -25 -3 -33 -6 -36 0 -41 4 -46 4 -46 9 -54 6 ]
CSI_DATA,STA,E4:D1:24:F2:5E:80,-84,10,0,0,0,0,0,0,0,0,0,-97,0,9,0,34635321,0,389,0,0,35.0173,128,[-123 81 24 0 15 -26 17 -16 12 -8 4 0 8 5 5 13 4 15 2 24 3 20 2 27 4 29 10 25 3 25 3 26 4 22 4 16 -1 15 1 12 0 7 -4 2 -6 -1 -7 -2 -9 -4 -7 -15 -6 -12 0 0 0 0 0 0 0 0 0 0 0 0 0 0 0 0 0 0 0 0 0 0 -4 0 -7 3 -9 -2 -11 -3 -15 2 -20 -3 -21 -1 -27 0 -24 0 -29 -3 -19 -6 -22 4 -13 -2 -13 -1 -8 1 -4 1 -1 -3 3 -5 14 -7 12 -14 25 -25 30 -29 24 -29 30 -34 31 -35 24 -39 ]
CSI_DATA,STA,E4:D1:24:F2:5E:80,-84,10,0,0,0,0,0,0,0,0,0,-97,0,9,0,34737723,0,389,0,0,35.1197,128,[-123 81 24 0 -31 0 -26 6 -19 3 -12 -7 0 -9 1 -14 2 -21 7 -19 8 -21 11 -21 9 -27 2 -26 7 -33 1 -26 4 -25 8 -20 2 -15 3 -12 6 -7 2 0 6 -1 10 -1 8 6 8 7 8 12 0 0 0 0 0 0 0 0 0 0 0 0 0 0 0 0 0 0 0 0 0 0 -2 2 0 7 0 9 -1 11 -1 16 2 21 3 15 3 20 6 19 8 25 5 20 5 20 3 16 5 14 -3 13 -3 2 -6 3 -10 -4 -18 -6 -24 -12 -27 -6 -32 -6 -44 -6 -47 -4 -56 -8 -44 -1 ]
CSI_DATA,STA,E4:D1:24:F2:5E:80,-84,10,0,0,0,0,0,0,0,0,0,-97,0,9,0,34840125,0,389,0,0,35.2221,128,[-123 81 24 0 15 27 9 18 4 15 -3 7 -7 5 -13 1 -22 -4 -17 0 -24 -5 -26 0 -28 -4 -28 0 -27 -2 -26 -3 -25 -5 -15 -2 -13 -5 -9 -7 -4 0 -4 -5 2 -4 6 -6 7 -7 7 -7 15 -4 0 0 0 0 0 0 0 0 0 0 0 0 0 0 0 0 0 0 0 0 0 0 0 -3 2 -10 0 -10 3 -11 6 -17 10 -15 9 -20 5 -23 8 -23 8 -23 8 -19 2 -19 4 -20 4 -9 4 -13 3 -4 2 -2 10 6 3 14 4 24 11 25 11 31 18 38 20 39 26 41 30 44 ]
CSI_DATA,STA,E4:D1:24:F2:5E:80,-84,10,0,0,0,0,0,0,0,0,0,-97,0,9,0,34846180,0,239,0,0,35.2529,128,[-17 -16 14 0 -20 24 -21 15 -21 10 -10 -2 -6 -5 -5 -12 -8 -15 0 -19 -6 -24 -10 -28 -6 -31 0 -27 -8 -24 -9 -23 -4 -20 -6 -15 -3 -12 -3 -14 1 -9 -4 -9 4 -1 7 3 9 3 8 2 7 9 0 0 0 0 0 0 0 0 0 0 0 0 0 0 0 0 0 0 0 0 0 0 1 -5 4 0 10 3 11 2 11 11 16 9 21 8 22 8 20 7 25 5 21 13 20 6 19 13 14 6 10 5 10 -2 3 -1 -8 7 -14 5 -20 10 -33 13 -34 19 -41 20 -40 25 -34 26 -35 30 ]
CSI_DATA,STA,E4:D1:24:F2:5E:80,-84,10,0,0,0,0,0,0,0,0,0,-97,0,9,0,35044930,0,389,0,0,35.4269,128,[-123 81 24 0 -27 -28 -15 -18 -8 -11 -8 -14 3 -7 8 -3 14 1 22 1 22 3 31 2 25 -4 25 -2 26 3 21 2 17 0 17 9 18 2 10 4 5 5 5 3 -2 1 -1 5 -8 3 -12 5 -13 1 0 0 0 0 0 0 0 0 0 0 0 0 0 0 0 0 0 0 0 0 0 0 1 -1 4 2 2 11 -1 15 -2 15 1 21 -1 25 -4 23 0 26 5 29 0 20 4 18 -2 16 -1 15 -3 6 -3 9 -5 -3 -8 -7 -10 -13 -18 -22 -18 -31 -24 -30 -25 -33 -27 -38 -35 -35 -31 -33 ]
CSI_DATA,STA,E4:D1:24:F2:5E:80,-84,10,0,0,0,0,0,0,0,0,0,-97,0,9,0,35147332,0,389,0,0,35.5292,128,[-123 81 24 0 -22 -29 -17 -18 -11 -15 -4 -11 9 -3 12 -5 19 -1 26 -5 20 -4 26 -1 29 -6 27 -3 25 -5 21 -6 21 -7 15 -3 14 -3 8 -1 4 1 7 4 3 5 -3 9 -5 10 -3 14 -8 8 0 0 0 0 0 0 0 0 0 0 0 0 0 0 0 0 0 0 0 0 0 0 0 3 -6 6 -10 3 -10 8 -14 9 -14 13 -20 15 -12 15 -21 15 -17 21 -20 19 -12 12 -10 14 -17 15 -3 4 0 0 -4 -2 -7 -15 -7 -19 -7 -25 -5 -28 -11 -38 -17 -40 -21 -44 -25 -39 -24 -47 ]
CSI_DATA,STA,E4:D1:24:F2:5E:80,-84,10,0,0,0,0,0,0,0,0,0,-97,0,9,0,35249735,0,389,0,0,35.6317,128,[-123 81 24 0 -1 -34 0 -23 7 -16 11 -8 12 -2 13 4 18 -2 18 10 26 10 25 11 30 9 26 9 30 9 27 8 19 6 17 6 16 9 14 5 3 0 4 1 -6 3 -7 5 -10 4 -13 8 -14 5 0 0 0 0 0 0 0 0 0 0 0 0 0 0 0 0 0 0 0 0 0 0 -1 4 -7 2 -15 -4 -14 4 -17 0 -21 -2 -26 -1 -26 3 -25 4 -25 6 -25 7 -18 2 -19 5 -17 4 -9 1 -6 2 0 -1 3 -7 4 -20 9 -23 8 -31 9 -33 9 -47 10 -45 5 -47 6 -52 ]
CSI_DATA,STA,E4:D1:24:F2:5E:80,-84,10,0,0,0,0,0,0,0,0,0,-97,0,9,0,35352133,0,389,0,0,35.7341,128,[-123 81 24 0 1 34 1 24 -1 13 -3 3 -7 1 -10 -7 -13 -12 -19 -13 -22 -17 -21 -15 -26 -17 -23 -17 -18 -19 -21 -12 -18 -20 -19 -11 -13 -14 -10 -11 -5 -12 -4 -9 7 -3 8 -3 7 -4 12 2 13 7 0 0 0 0 0 0 0 0 0 0 0 0 0 0 0 0 0 0 0 0 0 0 -1 0 1 -7 4 -5 5 -13 10 -12 16 -17 14 -21 14 -17 15 -17 18 -21 13 -16 12 -16 13 -17 4 -12 2 -8 2 -1 -1 -1 0 9 -3 18 -5 25 0 32 -7 35 0 44 4 46 2 49 4 53 ]
CSI_DATA,STA,E4:D1:24:F2:5E:80,-84,10,0,0,0,0,0,0,0,0,0,-97,0,9,0,35454536,0,389,0,0,35.8365,128,[-123 81 24 0 -10 30 -10 19 -10 17 -3 11 -10 -1 -7 -12 -13 -15 -12 -21 -11 -25 -6 -22 -16 -19 -15 -26 -14 -21 -7 -22 -11 -22 -8 -19 -7 -11 -2 -10 -4 -9 1 -7 6 -4 7 7 7 2 3 9 8 11 0 0 0 0 0 0 0 0 0 0 0 0 0 0 0 0 0 0 0 0 0 0 -1 -4 2 -1 8 -5 12 -8 11 -11 14 -12 15 -11 16 -6 23 -15 18 -13 17 -14 15 -13 15 -10 13 -5 9 -6 4 -3 1 4 -3 10 -6 9 -11 18 -16 25 -10 34 -15 40 -19 42 -12 47 -10 50 ]
CSI_DATA,STA,E4:D1:24:F2:5E:80,-84,10,0,0,0,0,0,0,0,0,0,-97,0,9,0,35556938,0,389,0,0,35.9389,128,[-123 81 24 0 -26 -15 -14 -15 -8 -8 -7 -11 -4 -2 16 -6 15 -9 18 -2 21 -9 20 -6 24 -9 25 -12 18 -8 17 -8 20 -9 16 -7 14 -5 11 -1 3 0 6 2 2 5 2 4 -3 10 -6 10 -11 12 0 0 0 0 0 0 0 0 0 0 0 0 0 0 0 0 0 0 0 0 0 0 -1 1 3 1 0 10 2 9 -3 16 -5 20 -6 20 -2 21 -3 25 3 25 -3 23 -2 18 0 16 2 17 -6 11 -1 5 -4 1 -4 -9 -8 -9 -16 -18 -22 -22 -21 -25 -31 -28 -35 -28 -33 -27 -34 -29 ]
CSI_DATA,STA,E4:D1:24:F2:5E:80,-85,10,0,0,0,0,0,0,0,0,0,-97,0,9,0,35659340,0,389,0,0,36.0413,128,[-123 81 24 0 10 27 8 24 -1 16 -11 14 -10 -1 -10 -2 -15 -3 -22 -8 -23 -14 -24 -9 -27 -4 -27 -8 -29 -1 -25 -3 -19 0 -19 0 -10 -2 -11 -3 -10 -6 -3 -7 5 -5 3 -11 8 -11 11 -10 10 -5 0 0 0 0 0 0 0 0 0 0 0 0 0 0 0 0 0 0 0 0 0 0 -1 0 3 -3 6 -3 14 -2 14 -5 18 -2 19 -12 24 -12 25 -11 21 -12 21 -7 21 -9 18 -6 17 -7 11 -2 6 1 2 -1 0 13 -3 17 -2 22 -4 32 0 38 -2 40 2 47 3 51 9 45 ]
CSI_DATA,STA,E4:D1:24:F2:5E:80,-84,10,0,0,0,0,0,0,0,0,0,-97,0,9,0,35761743,0,389,0,0,36.1435,128,[-123 81 24 0 -3 -29 5 -26 -2 -15 6 -7 10 2 10 6 13 11 19 17 19 17 24 16 23 15 22 23 17 19 20 20 18 18 19 10 10 8 9 11 5 4 -2 1 -8 4 -7 7 -11 -2 -14 0 -17 -1 0 0 0 0 0 0 0 0 0 0 0 0 0 0 0 0 0 0 0 0 0 0 -3 1 -6 1 -6 5 -14 2 -17 4 -20 10 -21 11 -25 5 -22 6 -18 8 -21 7 -16 13 -18 10 -14 3 -10 3 -8 0 -1 -8 1 -8 7 -13 9 -18 4 -26 12 -32 4 -45 15 -45 6 -45 3 -54 ]
CSI_DATA,STA,E4:D1:24:F2:5E:80,-84,10,0,0,0,0,0,0,0,0,0,-97,0,9,0,35849017,0,239,0,0,36.2307,128,[-17 -16 14 0 31 -3 21 -2 16 3 7 -2 0 9 -5 6 -11 13 -20 21 -20 18 -23 22 -21 18 -22 20 -20 21 -20 15 -14 15 -13 13 -12 7 -7 4 -11 2 -7 -6 -3 -7 2 -7 2 -13 3 -16 7 -12 0 0 0 0 0 0 0 0 0 0 0 0 0 0 0 0 0 0 0 0 0 0 -4 -3 -9 -5 -9 -10 -11 -8 -15 -15 -19 -9 -21 -15 -20 -15 -19 -20 -22 -11 -16 -12 -20 -9 -17 -16 -16 -4 -5 -9 -5 -7 0 -2 10 9 15 -2 26 4 28 2 39 -3 45 0 46 -3 42 -10 47 -8 ]
CSI_DATA,STA,E4:D1:24:F2:5E:80,-84,10,0,0,0,0,0,0,0,0,0,-97,0,9,0,35864145,0,389,0,0,36.2637,128,[-123 81 24 0 27 16 22 3 11 7 4 1 -3 5 -13 2 -21 -4 -23 -3 -24 -2 -31 -1 -28 -6 -25 -5 -27 3 -28 -5 -22 1 -16 -1 -16 -5 -13 -2 -5 -7 -1 -2 -1 -4 5 -2 10 -2 9 -2 12 2 0 0 0 0 0 0 0 0 0 0 0 0 0 0 0 0 0 0 0 0 0 0 -3 2 -10 1 -8 -5 -8 -11 -11 -11 -12 -18 -16 -18 -14 -17 -14 -17 -16 -20 -16 -15 -15 -17 -10 -12 -5 -11 -9 -6 0 -5 0 0 5 1 12 13 23 11 29 13 36 16 37 18 36 19 39 21 44 17 ]
CSI_DATA,STA,E4:D1:24:F2:5E:80,-85,10,0,0,0,0,0,0,0,0,0,-97,0,9,0,35966547,0,389,0,0,36.3485,128,[-123 81 24 0 -2 -33 -2 -24 2 -13 8 -10 3 0 6 8 17 13 16 14 19 17 18 20 20 16 25 13 18 14 21 15 10 16 15 9 7 9 9 12 4 9 -5 5 -3 4 -5 1 -9 -1 -19 -4 -15 -7 0 0 0 0 0 0 0 0 0 0 0 0 0 0 0 0 0 0 0 0 0 0 2 0 -4 5 -6 7 -10 13 -13 7 -15 12 -16 15 -17 16 -19 14 -13 18 -16 17 -12 11 -12 13 -12 14 -7 3 -5 2 -4 -4 -2 -7 3 -18 6 -27 4 -32 3 -38 2 -40 4 -45 -5 -49 -4 -53 ]
CSI_DATA,STA,E4:D1:24:F2:5E:80,-84,10,0,0,0,0,0,0,0,0,0,-97,0,9,0,36068950,0,389,0,0,36.4509,128,[-123 81 24 0 6 35 5 26 1 14 -4 5 -9 0 -14 -4 -19 -6 -13 -15 -16 -17 -22 -15 -26 -16 -24 -9 -23 -9 -23 -8 -18 -14 -18 -12 -14 -12 -6 -6 -5 -6 -3 -9 2 -8 6 -4 10 -3 13 -1 9 2 0 0 0 0 0 0 0 0 0 0 0 0 0 0 0 0 0 0 0 0 0 0 4 -2 4 -3 5 -4 8 -9 12 -11 20 -11 18 -11 21 -13 19 -14 19 -12 17 -15 10 -16 12 -12 10 -8 3 -4 1 -4 4 3 -4 11 -5 14 -2 20 -5 28 -9 37 -4 39 2 41 3 52 3 46 ]
CSI_DATA,STA,E4:D1:24:F2:5E:80,-84,10,0,0,0,0,0,0,0,0,0,-97,0,9,0,36171352,0,389,0,0,36.5533,128,[-123 81 24 0 22 13 20 15 8 9 3 3 -4 7 -10 5 -13 6 -19 10 -19 9 -26 10 -25 6 -26 12 -29 13 -21 5 -18 9 -16 6 -11 2 -11 3 -6 2 -2 -3 -1 -2 3 -8 2 -11 4 -5 13 -9 0 0 0 0 0 0 0 0 0 0 0 0 0 0 0 0 0 0 0 0 0 0 -1 1 1 -6 -2 -10 2 -11 4 -17 3 -25 6 -24 2 -21 5 -23 4 -23 2 -21 -2 -18 1 -17 0 -14 1 -12 -2 0 4 1 5 4 6 15 19 18 18 21 25 26 32 27 35 29 40 26 39 29 ]
CSI_DATA,STA,E4:D1:24:F2:5E:80,-85,10,0,0,0,0,0,0,0,0,0,-97,0,9,0,36273755,0,389,0,0,36.6557,128,[-123 81 24 0 -19 23 -13 18 -12 11 -13 3 -5 -4 -3 -9 -6 -9 -2 -22 -8 -29 -9 -27 -13 -30 -9 -26 -8 -27 -4 -28 -11 -19 -3 -23 -2 -17 1 -15 2 -9 2 -7 6 1 6 7 10 6 10 13 7 7 0 0 0 0 0 0 0 0 0 0 0 0 0 0 0 0 0 0 0 0 0 0 1 -3 2 -2 5 1 15 -3 16 -1 18 1 20 -3 23 -5 28 -2 24 -2 20 -5 22 -5 17 4 14 -3 8 -2 4 4 -5 0 -7 8 -14 7 -18 16 -23 19 -22 24 -30 33 -30 34 -32 39 -28 42 ]
CSI_DATA,STA,E4:D1:24:F2:5E:80,-84,10,0,0,0,0,0,0,0,0,0,-97,0,9,0,36478559,0,389,0,0,36.8605,128,[-123 81 24 0 -8 -33 -6 -23 2 -22 5 -7 7 1 8 2 16 7 21 9 19 14 25 20 24 14 24 10 21 14 20 14 16 8 13 12 6 4 4 10 5 2 1 5 -2 3 -11 1 -9 -2 -12 -3 -13 -2 0 0 0 0 0 0 0 0 0 0 0 0 0 0 0 0 0 0 0 0 0 0 -4 0 -5 2 -5 6 -9 8 -15 9 -14 13 -15 12 -19 10 -24 14 -19 15 -14 21 -16 13 -10 13 -12 10 -7 3 -4 4 -5 -3 -2 -7 -2 -18 4 -26 4 -37 2 -37 -3 -41 -6 -42 -6 -49 -6 -49 ]
CSI_DATA,STA,E4:D1:24:F2:5E:80,-85,10,0,0,0,0,0,0,0,0,0,-97,0,9,0,36581036,0,389,0,0,36.9628,128,[-123 81 24 0 -28 -6 -30 -10 -15 -6 -5 -4 -2 -8 8 -7 12 -5 18 -13 21 -11 20 -14 22 -14 25 -10 21 -11 21 -10 15 -11 18 -9 14 -5 13 -2 4 0 8 2 2 8 0 10 -9 7 -8 10 -8 9 0 0 0 0 0 0 0 0 0 0 0 0 0 0 0 0 0 0 0 0 0 0 0 -4 3 6 0 6 1 11 4 16 1 14 8 23 14 20 8 27 8 23 6 16 6 15 9 16 5 12 4 5 -1 4 -7 1 -11 -7 -14 -10 -26 -8 -21 -16 -35 -11 -38 -18 -45 -20 -46 -19 -48 -14 ]
CSI_DATA,STA,E4:D1:24:F2:5E:80,-83,10,0,0,0,0,0,0,0,0,0,-97,0,9,0,36683364,0,389,0,0,37.0653,128,[-123 81 24 0 28 19 20 11 11 5 2 9 -6 6 -9 4 -20 2 -25 1 -23 5 -24 5 -29 2 -33 4 -30 3 -29 7 -22 0 -14 -4 -14 -5 -13 -3 -6 -1 0 -8 -1 -7 -1 -2 10 0 14 -4 9 -6 0 0 0 0 0 0 0 0 0 0 0 0 0 0 0 0 0 0 0 0 0 0 -3 0 -8 -6 -7 -9 -9 -12 -11 -15 -9 -18 -16 -22 -11 -19 -11 -23 -16 -20 -12 -23 -17 -17 -10 -20 -7 -17 -5 -8 2 -3 7 1 7 8 14 13 18 15 26 20 30 23 33 24 40 22 41 24 43 18 ]
CSI_DATA,STA,E4:D1:24:F2:5E:80,-85,10,0,0,0,0,0,0,0,0,0,-97,0,9,0,36785766,0,389,0,0,37.1677,128,[-123 81 24 0 -31 0 -20 2 -17 -6 -11 -4 -4 -9 10 -14 11 -11 19 -12 16 -15 15 -23 21 -22 16 -22 17 -19 15 -22 12 -15 13 -17 10 -12 12 -5 7 -4 6 2 1 5 2 7 3 8 -1 10 -5 12 0 0 0 0 0 0 0 0 0 0 0 0 0 0 0 0 0 0 0 0 0 0 -1 1 6 6 8 5 7 9 12 11 13 16 7 15 15 17 15 20 16 16 17 18 8 17 10 16 10 14 6 5 4 -1 -8 -1 -10 -2 -17 -8 -24 -12 -30 -5 -38 -15 -41 -4 -41 -9 -45 -1 -50 -1 ]
CSI_DATA,STA,E4:D1:24:F2:5E:80,-84,10,0,0,0,0,0,0,0,0,0,-97,0,9,0,36850816,0,239,0,0,37.2323,128,[-17 -16 14 0 -14 -28 -7 -20 -7 -17 -4 -7 4 2 12 1 13 9 19 11 18 14 22 10 24 11 24 14 19 17 19 12 19 12 14 8 12 11 11 5 2 7 -4 6 -3 1 -5 4 -10 2 -13 -2 -13 -5 0 0 0 0 0 0 0 0 0 0 0 0 0 0 0 0 0 0 0 0 0 0 -2 3 -3 2 1 7 -3 9 -6 14 -7 21 -9 20 -7 21 -11 26 -7 25 -7 18 -2 18 -7 15 -4 14 -3 10 -3 2 0 -8 -5 -13 -1 -15 -1 -26 -2 -27 -10 -41 -15 -40 -11 -45 -11 -46 -17 -49 ]
CSI_DATA,STA,E4:D1:24:F2:5E:80,-84,10,0,0,0,0,0,0,0,0,0,-97,0,9,0,36888169,0,389,0,0,37.2699,128,[-123 81 24 0 4 -31 5 -25 3 -15 7 -5 6 0 8 7 8 14 10 24 14 20 12 24 16 22 11 22 15 19 7 21 10 21 5 17 7 16 7 11 0 8 -1 7 -7 0 -7 -2 -8 -4 -12 -13 -10 -10 0 0 0 0 0 0 0 0 0 0 0 0 0 0 0 0 0 0 0 0 0 0 0 1 -6 6 -6 5 -9 5 -16 13 -15 13 -18 14 -18 16 -20 17 -19 14 -16 18 -18 12 -12 15 -12 12 -7 4 -5 2 -2 -9 2 -11 2 -16 6 -29 6 -25 7 -33 11 -42 14 -49 11 -51 5 -56 ]
CSI_DATA,STA,E4:D1:24:F2:5E:80,-84,10,0,0,0,0,0,0,0,0,0,-97,0,9,0,36990571,0,389,0,0,37.3725,128,[-123 81 24 0 8 32 4 24 0 16 -2 7 -6 6 -7 -8 -10 -10 -18 -7 -20 -17 -23 -16 -28 -17 -21 -16 -20 -20 -17 -16 -17 -13 -19 -17 -12 -11 -12 -8 -5 -5 2 -5 0 -4 6 2 10 2 14 2 10 6 0 0 0 0 0 0 0 0 0 0 0 0 0 0 0 0 0 0 0 0 0 0 -1 1 2 -8 6 -10 6 -12 14 -14 15 -18 11 -18 15 -22 14 -19 13 -17 8 -20 7 -22 3 -15 8 -10 5 -6 3 -4 2 4 5 8 -3 12 0 24 -10 25 4 41 3 41 0 42 5 41 3 45 ]
CSI_DATA,STA,E4:D1:24:F2:5E:80,-84,10,0,0,0,0,0,0,0,0,0,-97,0,9,0,37092973,0,389,0,0,37.4749,128,[-123 81 24 0 -25 -15 -22 -16 -10 -8 -2 -8 0 -5 9 -4 15 0 23 -1 20 -3 21 3 23 3 26 -6 26 1 28 2 20 0 17 1 14 4 8 3 8 5 1 4 -3 5 -6 4 -9 1 -11 2 -12 2 0 0 0 0 0 0 0 0 0 0 0 0 0 0 0 0 0 0 0 0 0 0 0 4 2 2 3 3 5 11 5 14 7 14 6 16 9 17 5 20 12 20 4 20 6 19 6 16 2 13 1 11 4 6 -4 2 -10 -7 -11 -14 -21 -19 -24 -16 -29 -25 -32 -25 -40 -24 -47 -25 -44 -24 ]
CSI_DATA,STA,E4:D1:24:F2:5E:80,-85,10,0,0,0,0,0,0,0,0,0,-97,0,9,0,37195376,0,389,0,0,37.5773,128,[-123 81 24 0 17 -24 18 -14 14 -17 10 -4 7 4 -3 13 4 16 4 18 2 22 1 25 5 25 3 25 5 24 7 22 0 18 5 25 1 18 -3 10 -2 9 -3 0 -3 -5 -7 -5 -7 -9 -9 -7 -4 -11 0 0 0 0 0 0 0 0 0 0 0 0 0 0 0 0 0 0 0 0 0 0 -6 1 -6 0 -11 -3 -12 -3 -14 -3 -19 1 -20 -1 -26 2 -24 -3 -20 -2 -18 -1 -20 1 -18 -2 -14 -1 -8 4 -1 2 0 -3 6 -9 9 -6 22 -16 25 -17 24 -24 33 -29 29 -30 25 -33 34 -38 ]
CSI_DATA,STA,E4:D1:24:F2:5E:80,-84,10,0,0,0,0,0,0,0,0,0,-97,0,9,0,37297778,0,389,0,0,37.6796,128,[-123 81 24 0 -27 -22 -17 -21 -11 -8 -4 -5 4 -11 9 -3 15 2 22 -5 22 4 27 -4 27 -4 30 -1 22 0 25 1 19 -3 15 0 19 4 11 -3 6 2 1 6 -1 -1 -7 7 -8 7 -11 1 -15 9 0 0 0 0 0 0 0 0 0 0 0 0 0 0 0 0 0 0 0 0 0 0 -4 1 -2 8 -3 7 -6 12 0 18 -7 17 -7 18 -6 28 -3 30 -3 22 -3 22 -4 20 -7 18 -2 17 0 6 -5 4 -5 -4 -4 -10 -4 -11 -8 -19 -13 -24 -17 -28 -26 -35 -30 -35 -27 -37 -30 -41 ]
CSI_DATA,STA,E4:D1:24:F2:5E:80,-84,10,0,0,0,0,0,0,0,0,0,-97,0,9,0,37400181,0,389,0,0,37.7821,128,[-123 81 24 0 -39 -2 -21 -9 -12 -4 -12 -6 3 -9 7 -7 16 -10 17 -12 22 -13 24 -17 22 -12 24 -16 24 -11 20 -16 17 -9 13 -8 12 -9 8 -1 5 -2 3 1 1 3 -1 5 -2 6 -6 8 -8 11 0 0 0 0 0 0 0 0 0 0 0 0 0 0 0 0 0 0 0 0 0 0 0 -1 2 3 6 11 8 10 7 15 15 17 16 18 11 17 14 17 18 19 16 18 16 15 15 10 9 14 4 5 2 3 -2 2 -12 -5 -16 -10 -21 -7 -32 -11 -35 -11 -40 -15 -49 -9 -46 -8 -49 -8 ]
CSI_DATA,STA,E4:D1:24:F2:5E:80,-85,10,0,0,0,0,0,0,0,0,0,-97,0,9,0,37604985,0,389,0,0,37.9869,128,[-123 81 24 0 -12 31 -9 22 -8 11 -6 5 -10 0 -14 -7 -13 -12 -14 -15 -18 -18 -26 -16 -25 -14 -24 -14 -19 -14 -18 -12 -16 -6 -19 -10 -10 -6 -8 -6 -7 -3 -2 -3 1 -6 8 -6 10 -8 11 -2 13 -3 0 0 0 0 0 0 0 0 0 0 0 0 0 0 0 0 0 0 0 0 0 0 0 -2 5 4 6 6 10 6 15 6 16 2 22 7 23 2 25 2 22 4 14 -1 23 -2 11 -3 14 1 4 2 0 0 2 5 -14 7 -12 13 -10 8 -4 19 -17 36 -19 34 -25 43 -17 40 -15 47 ]
CSI_DATA,STA,E4:D1:24:F2:5E:80,-84,10,0,0,0,0,0,0,0,0,0,-97,0,9,0,37707388,0,389,0,0,38.0893,128,[-123 81 24 0 31 1 24 2 6 4 9 7 -5 8 -8 6 -19 9 -20 9 -21 14 -21 16 -26 15 -26 20 -24 14 -17 11 -20 14 -12 10 -20 2 -11 0 -3 -1 -1 -1 -1 -7 1 -9 3 -10 2 -9 11 -8 0 0 0 0 0 0 0 0 0 0 0 0 0 0 0 0 0 0 0 0 0 0 -5 -2 -4 -2 -8 -2 -9 -9 -8 -11 -14 -14 -14 -13 -20 -14 -19 -16 -18 -15 -17 -14 -14 -15 -14 -16 -8 -8 -7 -8 -3 -3 4 3 10 4 19 5 23 7 35 11 39 13 44 7 41 7 40 -1 46 3 ]
CSI_DATA,STA,E4:D1:24:F2:5E:80,-85,10,0,0,0,0,0,0,0,0,0,-97,0,9,0,37912192,0,389,0,0,38.2942,128,[-123 81 24 0 29 -4 23 -3 17 0 4 6 -2 6 -6 4 -8 14 -17 10 -22 18 -15 17 -21 18 -18 16 -22 15 -16 13 -16 12 -14 15 -11 4 -12 0 -6 4 -9 0 -4 -6 -1 -9 4 -10 9 -13 8 -9 0 0 0 0 0 0 0 0 0 0 0 0 0 0 0 0 0 0 0 0 0 0 -5 -3 1 -2 -6 -7 -11 -5 -15 -6 -18 -11 -13 -12 -23 -14 -17 -13 -19 -11 -17 -9 -18 -12 -15 -9 -15 -9 -8 -5 -6 -2 5 -4 10 0 13 1 20 0 29 5 33 -2 46 -4 47 -2 43 -6 45 -9 ]
CSI_DATA,STA,E4:D1:24:F2:5E:80,-84,10,0,0,0,0,0,0,0,0,0,-97,0,9,0,38014595,0,389,0,0,38.3964,128,[-123 81 24 0 33 0 25 2 13 2 4 7 -1 4 -8 14 -12 9 -17 10 -18 17 -19 17 -21 22 -19 19 -22 17 -20 18 -14 14 -13 9 -15 11 -11 5 -6 7 -6 2 3 -7 -1 -5 0 -12 3 -9 7 -13 0 0 0 0 0 0 0 0 0 0 0 0 0 0 0 0 0 0 0 0 0 0 -4 -1 -1 -2 -11 -10 -4 -11 -7 -12 -9 -11 -11 -18 -16 -17 -10 -20 -15 -19 -12 -19 -13 -16 -12 -13 -13 -12 -5 -6 -5 -6 -2 1 9 -3 12 5 25 8 27 10 36 8 43 9 48 16 46 -1 53 4 ]
CSI_DATA,STA,E4:D1:24:F2:5E:80,-83,10,0,0,0,0,0,0,0,0,0,-97,0,9,0,38116997,0,389,0,0,38.4989,128,[-123 81 24 0 6 -29 -1 -30 9 -8 7 -9 5 1 8 10 12 19 14 12 13 22 20 24 18 18 15 20 16 20 17 18 14 13 15 15 6 5 5 12 0 6 -4 1 -8 4 -6 2 -9 -1 -13 -5 -14 -7 0 0 0 0 0 0 0 0 0 0 0 0 0 0 0 0 0 0 0 0 0 0 -2 1 -7 1 -10 8 -14 3 -16 3 -20 2 -19 5 -22 7 -24 11 -25 8 -20 9 -21 9 -16 6 -15 3 -6 4 -8 1 -1 -5 2 -10 12 -18 10 -21 15 -27 11 -35 11 -37 15 -46 17 -46 14 -48 ]
CSI_DATA,STA,E4:D1:24:F2:5E:80,-83,10,0,0,0,0,0,0,0,0,0,-97,0,9,0,38219400,0,389,0,0,38.6014,128,[-123 81 24 0 27 11 17 9 12 9 3 7 -5 7 -9 7 -22 10 -18 4 -23 14 -22 16 -30 18 -22 18 -26 15 -20 12 -22 11 -13 10 -10 7 -8 4 -8 1 -4 -2 -4 -6 -3 -8 3 -6 7 -12 6 -12 0 0 0 0 0 0 0 0 0 0 0 0 0 0 0 0 0 0 0 0 0 0 -1 -1 0 -6 1 -8 3 -17 3 -16 5 -19 1 -22 4 -26 3 -25 4 -24 -1 -17 -4 -20 2 -20 -2 -10 0 -12 2 -2 7 -4 5 8 12 10 15 20 21 25 30 29 32 28 38 32 40 25 40 31 ]
CSI_DATA,STA,E4:D1:24:F2:5E:80,-84,10,0,0,0,0,0,0,0,0,0,-97,0,9,0,38321802,0,389,0,0,38.7037,128,[-123 81 24 0 -17 -22 -16 -15 -7 -14 -3 -10 5 -2 6 -3 14 1 22 -3 24 -3 23 3 32 -3 27 0 26 -5 24 -5 17 1 19 0 9 1 12 -1 14 -6 4 2 3 7 2 7 -5 2 -8 8 -10 8 0 0 0 0 0 0 0 0 0 0 0 0 0 0 0 0 0 0 0 0 0 0 -3 2 -3 8 -5 7 -6 10 -8 14 -9 19 -13 18 -11 21 -13 20 -14 19 -10 20 -11 19 -4 17 -8 12 -3 10 -2 9 -2 -1 -9 -12 -9 -17 -9 -23 -9 -30 -17 -41 -21 -35 -22 -42 -22 -38 -23 -40 ]
CSI_DATA,STA,E4:D1:24:F2:5E:80,-84,10,0,0,0,0,0,0,0,0,0,-97,0,9,0,38424204,0,389,0,0,38.8061,128,[-123 81 24 0 25 -16 21 -9 12 -6 11 -5 2 10 2 10 -6 19 -8 18 -7 21 -7 25 -2 26 -5 23 -3 30 -1 21 -4 25 -4 17 -4 14 -3 13 -3 8 0 0 -6 1 -7 -2 -8 -9 -6 -15 -5 -14 0 0 0 0 0 0 0 0 0 0 0 0 0 0 0 0 0 0 0 0 0 0 1 1 -8 -3 -5 -10 -9 -9 -12 -13 -17 -17 -20 -15 -15 -15 -17 -14 -21 -14 -20 -16 -17 -12 -17 -12 -10 -14 -7 -9 -1 -6 3 -6 11 -9 17 2 21 -2 28 -6 30 -7 43 -13 45 -17 43 -19 43 -21 ]
CSI_DATA,STA,E4:D1:24:F2:5E:80,-84,10,0,0,0,0,0,0,0,0,0,-97,0,9,0,38526607,0,389,0,0,38.9086,128,[-123 81 24 0 -33 -4 -25 -2 -14 -5 -6 -4 -1 -4 10 -7 6 -12 17 -14 18 -25 18 -22 15 -21 15 -21 15 -22 18 -25 11 -17 9 -14 10 -10 4 -9 6 -4 4 1 0 1 1 7 -1 9 -2 9 -3 14 0 0 0 0 0 0 0 0 0 0 0 0 0 0 0 0 0 0 0 0 0 0 2 2 1 1 1 6 3 11 3 16 5 15 11 19 6 21 9 19 7 16 9 21 15 19 7 19 7 12 3 12 -3 1 -2 0 -6 -6 -17 -7 -22 -8 -26 -12 -28 -14 -39 -10 -40 -6 -45 -1 -44 -8 ]
CSI_DATA,STA,E4:D1:24:F2:5E:80,-84,10,0,0,0,0,0,0,0,0,0,-97,0,9,0,38629009,0,389,0,0,39.0109,128,[-123 81 24 0 -20 -25 -19 -22 -10 -16 1 -11 7 -6 13 -1 15 -5 20 -4 24 -1 25 -6 29 -2 28 -5 25 -7 24 -6 15 -3 20 -4 15 0 11 1 10 5 2 1 2 6 -3 3 -7 11 -9 11 -10 5 0 0 0 0 0 0 0 0 0 0 0 0 0 0 0 0 0 0 0 0 0 0 -5 -1 -3 4 -5 8 -8 9 -13 14 -13 13 -17 17 -20 18 -14 18 -16 17 -15 17 -11 16 -8 15 -7 7 -5 7 -7 0 -1 -9 -4 -10 -5 -17 -8 -21 -10 -26 -18 -37 -7 -43 -25 -36 -29 -41 -28 -41 ]
CSI_DATA,STA,E4:D1:24:F2:5E:80,-84,10,0,0,0,0,0,0,0,0,0,-97,0,9,0,38731411,0,389,0,0,39.1132,128,[-123 81 24 0 12 28 11 15 8 20 0 7 -3 8 -13 0 -17 -4 -17 -5 -22 0 -23 -8 -27 -8 -29 -10 -28 -3 -25 -5 -23 -7 -21 -3 -10 -8 -10 -3 -6 -3 -2 -3 3 -4 9 -9 7 -3 9 -8 11 -6 0 0 0 0 0 0 0 0 0 0 0 0 0 0 0 0 0 0 0 0 0 0 -2 -2 -2 -3 4 -8 8 -9 6 -13 7 -16 11 -19 12 -18 14 -22 12 -23 10 -23 10 -17 8 -16 9 -15 1 -7 6 -4 2 5 2 6 0 12 0 21 15 27 6 35 9 37 14 40 22 49 22 46 ]
CSI_DATA,STA,E4:D1:24:F2:5E:80,-85,10,0,0,0,0,0,0,0,0,0,-97,0,9,0,38833814,0,389,0,0,39.2157,128,[-123 81 24 0 25 21 18 11 9 13 4 7 -7 3 -15 2 -14 -4 -22 2 -19 1 -27 3 -24 -4 -24 1 -26 1 -21 2 -19 0 -17 -6 -13 1 -11 -5 -7 -3 -1 -7 2 -5 3 -5 7 -8 11 -6 11 -5 0 0 0 0 0 0 0 0 0 0 0 0 0 0 0 0 0 0 0 0 0 0 -3 -4 2 -6 -2 -13 1 -13 -4 -16 -4 -16 -1 -17 -1 -17 -4 -26 -9 -15 -1 -19 -9 -18 -4 -13 -2 -13 -1 -8 -1 -2 0 -5 8 6 7 12 20 18 17 22 21 22 26 24 32 26 27 31 31 22 ]
CSI_DATA,STA,E4:D1:24:F2:5E:80,-84,10,0,0,0,0,0,0,0,0,0,-97,0,9,0,38936216,0,389,0,0,39.3182,128,[-123 81 24 0 -13 30 -9 18 -5 20 -3 7 -8 -5 -7 -6 -9 -21 -10 -16 -13 -22 -16 -25 -13 -25 -12 -21 -14 -26 -16 -20 -12 -17 -5 -15 -13 -13 -1 -8 -1 -6 -5 -5 2 -4 8 1 8 2 12 4 10 5 0 0 0 0 0 0 0 0 0 0 0 0 0 0 0 0 0 0 0 0 0 0 2 -1 1 -2 9 -2 9 -6 16 -3 19 -2 19 -1 19 -8 21 -6 27 -5 23 -9 17 -8 17 -8 12 -3 5 -4 7 0 6 5 -7 4 -10 10 -14 17 -19 26 -23 26 -19 36 -20 37 -21 47 -23 47 ]
CSI_DATA,STA,E4:D1:24:F2:5E:80,-84,10,0,0,0,0,0,0,0,0,0,-97,0,9,0,39038619,0,389,0,0,39.4205,128,[-123 81 24 0 26 -13 16 -10 11 -2 4 5 -1 11 -5 12 -7 12 -10 20 -14 23 -19 19 -17 16 -17 16 -16 24 -9 20 -13 21 -10 20 -13 8 -6 2 -5 0 -5 -2 -2 -1 -1 -7 -3 -10 1 -12 2 -9 0 0 0 0 0 0 0 0 0 0 0 0 0 0 0 0 0 0 0 0 0 0 -1 3 -4 -2 -8 -6 -14 -5 -16 -10 -16 -12 -21 -10 -20 -9 -21 -12 -25 -13 -18 -14 -23 -13 -12 -10 -15 1 -8 -5 -4 -1 1 -2 11 -5 11 1 21 -3 29 -5 37 -4 37 -5 41 -13 53 -11 46 -14 ]
CSI_DATA,STA,E4:D1:24:F2:5E:80,-84,10,0,0,0,0,0,0,0,0,0,-97,0,9,0,39141021,0,389,0,0,39.523,128,[-123 81 24 0 -25 16 -23 14 -12 11 -7 -6 1 -6 0 -9 1 -14 -8 -20 -4 -26 -1 -24 -8 -28 -3 -31 -5 -22 -6 -20 -4 -22 -5 -18 -3 -17 2 -11 2 -7 3 -3 4 -1 7 3 6 4 9 10 8 7 0 0 0 0 0 0 0 0 0 0 0 0 0 0 0 0 0 0 0 0 0 0 2 -1 4 2 6 3 10 7 14 7 14 11 16 14 20 10 16 10 18 13 19 12 19 9 13 9 8 5 11 1 0 5 -5 1 -12 4 -22 3 -26 5 -30 10 -36 15 -44 21 -46 28 -38 27 -41 27 ]
CSI_DATA,STA,E4:D1:24:F2:5E:80,-84,10,0,0,0,0,0,0,0,0,0,-97,0,9,0,39243423,0,389,0,0,39.6253,128,[-123 81 24 0 -27 14 -20 12 -15 1 -9 -4 -7 -6 -5 -10 0 -15 0 -23 -6 -24 -9 -28 -9 -28 -10 -29 -9 -26 -8 -23 -5 -20 -4 -18 -10 -14 -3 -7 0 -6 -1 -9 6 -4 9 1 7 1 12 7 10 12 0 0 0 0 0 0 0 0 0 0 0 0 0 0 0 0 0 0 0 0 0 0 1 2 -3 6 2 7 1 13 -1 12 9 18 9 19 10 23 13 16 13 19 10 18 13 14 7 13 8 8 5 7 -1 4 -3 2 -9 0 -17 -4 -24 4 -32 3 -34 9 -43 10 -47 13 -38 14 -50 16 ]
CSI_DATA,STA,E4:D1:24:F2:5E:80,-84,10,0,0,0,0,0,0,0,0,0,-97,0,9,0,39345829,0,389,0,0,39.7278,128,[-123 81 24 0 -26 -26 -15 -16 -10 -12 -1 -9 9 -5 13 -2 18 -1 21 -2 24 2 24 -4 26 -5 28 -7 26 -3 24 -3 21 -4 20 1 15 5 9 0 6 -1 3 1 2 6 -5 4 -11 7 -9 5 -12 3 0 0 0 0 0 0 0 0 0 0 0 0 0 0 0 0 0 0 0 0 0 0 -2 3 -1 8 -3 8 -5 12 -3 14 -2 16 -3 21 -4 21 -4 20 -2 25 -2 23 -3 20 -2 19 0 13 -2 8 -3 2 0 -4 -7 -9 -7 -13 -15 -19 -19 -17 -20 -30 -25 -33 -27 -37 -33 -36 -41 -41 ]
CSI_DATA,STA,E4:D1:24:F2:5E:80,-84,10,0,0,0,0,0,0,0,0,0,-97,0,9,0,39448231,0,389,0,0,39.83,128,[-123 81 24 0 -22 14 -21 13 -10 9 -8 2 -4 -5 4 -8 0 -14 2 -20 2 -25 3 -25 1 -32 8 -26 3 -29 2 -25 1 -25 2 -20 2 -21 3 -13 5 -6 3 -1 2 1 4 4 10 4 6 10 3 12 0 0 0 0 0 0 0 0 0 0 0 0 0 0 0 0 0 0 0 0 0 0 3 -2 3 2 7 7 5 5 15 11 12 13 18 8 17 12 18 11 17 8 19 6 13 11 14 10 13 7 3 6 4 -2 -4 9 -10 3 -13 4 -25 4 -28 8 -30 10 -44 13 -43 16 -41 20 -40 17 ]
CSI_DATA,STA,E4:D1:24:F2:5E:80,-84,10,0,0,0,0,0,0,0,0,0,-97,0,9,0,39550633,0,389,0,0,39.9325,128,[-123 81 24 0 -7 -26 -5 -26 1 -17 1 -10 7 -3 12 1 10 2 23 9 24 5 20 12 25 6 26 6 20 9 21 4 18 9 14 6 12 3 10 5 5 2 1 2 -2 4 -7 7 -10 8 -9 0 -12 -1 0 0 0 0 0 0 0 0 0 0 0 0 0 0 0 0 0 0 0 0 0 0 -4 5 -6 1 -6 -2 -9 5 -12 3 -16 12 -17 17 -17 11 -21 13 -16 13 -14 16 -16 10 -14 11 -16 8 -9 2 -4 2 -5 -6 -2 -6 3 -17 4 -25 -4 -33 2 -35 -1 -36 -3 -44 -7 -46 -12 -47 ]
CSI_DATA,STA,E4:D1:24:F2:5E:80,-84,10,0,0,0,0,0,0,0,0,0,-97,0,9,0,39561401,0,145,0,0,39.9635,128,[-111 16 9 0 -17 -30 -11 -21 -5 -15 -3 -8 8 -3 6 4 10 1 23 8 24 10 22 12 28 6 27 12 20 11 21 6 24 12 17 10 17 7 12 5 2 0 2 3 -1 -1 -9 4 -9 -1 -13 1 -12 -3 0 0 0 0 0 0 0 0 0 0 0 0 0 0 0 0 0 0 0 0 0 0 -1 1 -2 5 -2 10 -5 13 -5 15 -4 19 -3 17 -3 19 -10 26 -5 19 -3 23 -6 21 -7 11 1 14 -5 11 -6 4 0 -6 -4 -6 3 -19 -10 -20 -14 -30 -12 -33 -12 -39 -20 -41 -26 -40 -25 -39 ]
CSI_DATA,STA,E4:D1:24:F2:5E:80,-84,10,0,0,0,0,0,0,0,0,0,-97,0,9,0,39653036,0,389,0,0,40.035,128,[-123 81 24 0 -33 9 -21 5 -14 0 -4 -4 -3 -5 7 -8 10 -23 11 -19 12 -17 12 -24 16 -19 17 -21 17 -23 15 -20 10 -17 11 -14 7 -9 11 -5 7 -3 4 2 4 1 -2 7 -2 11 -7 8 -7 13 0 0 0 0 0 0 0 0 0 0 0 0 0 0 0 0 0 0 0 0 0 0 5 -4 9 1 6 1 15 2 12 7 20 7 21 4 23 7 25 7 22 6 19 4 14 5 13 5 11 3 5 7 1 1 -9 0 -15 0 -20 0 -21 0 -31 3 -37 4 -40 8 -45 3 -47 13 -47 16 ]
CSI_DATA,STA,E4:D1:24:F2:5E:80,-84,10,0,0,0,0,0,0,0,0,0,-97,0,9,0,39755438,0,389,0,0,40.1374,128,[-123 81 24 0 26 10 16 10 3 5 -1 3 -5 4 -13 1 -19 6 -26 4 -26 1 -26 3 -30 1 -24 2 -31 3 -26 2 -21 0 -20 -2 -12 1 -7 0 -2 -4 -4 -2 0 -10 6 -8 4 -4 11 -9 10 -3 0 0 0 0 0 0 0 0 0 0 0 0 0 0 0 0 0 0 0 0 0 0 1 -2 -3 -8 -4 -6 -8 -15 -5 -14 -10 -16 -9 -21 -8 -24 -10 -23 -8 -20 -10 -19 -5 -23 -5 -12 -2 -12 -5 -6 -4 -6 6 0 10 11 20 14 16 14 28 21 28 22 33 25 39 23 42 29 40 22 ]
CSI_DATA,STA,E4:D1:24:F2:5E:80,-84,10,0,0,0,0,0,0,0,0,0,-97,0,9,0,39857841,0,389,0,0,40.2398,128,[-123 81 24 0 23 -24 15 -10 11 -6 7 -2 6 1 9 13 6 14 8 20 9 19 7 19 11 23 16 21 8 22 6 18 8 12 7 16 3 5 5 11 4 7 -2 5 -6 2 -11 0 -9 -4 -12 -2 -11 -6 0 0 0 0 0 0 0 0 0 0 0 0 0 0 0 0 0 0 0 0 0 0 -2 0 -8 -7 -6 -7 -7 -10 -11 -10 -11 -16 -18 -14 -17 -10 -20 -18 -19 -7 -14 -11 -15 -8 -13 -11 -10 -3 -5 -7 -1 -6 7 -4 12 -8 18 -4 24 -9 25 -15 34 -12 36 -23 31 -27 35 -35 33 -30 ]
CSI_DATA,STA,E4:D1:24:F2:5E:80,-85,10,0,0,0,0,0,0,0,0,0,-97,0,9,0,39960243,0,389,0,0,40.3422,128,[-123 81 24 0 -23 -22 -20 -13 -14 -10 -6 -17 0 -14 9 -11 9 -13 11 -19 14 -22 11 -23 16 -25 11 -27 6 -21 10 -19 6 -21 6 -19 7 -15 5 -9 3 -4 2 -1 6 0 8 4 7 6 4 8 10 8 0 0 0 0 0 0 0 0 0 0 0 0 0 0 0 0 0 0 0 0 0 0 -2 -1 -4 3 -7 3 -13 4 -12 7 -18 6 -17 7 -19 16 -19 14 -19 14 -21 11 -16 16 -12 9 -12 12 -9 4 -6 2 -9 -1 -7 -10 -8 -14 -8 -23 -14 -28 -20 -27 -23 -37 -27 -28 -35 -29 -39 -34 ]
CSI_DATA,STA,E4:D1:24:F2:5E:80,-83,10,0,0,0,0,0,0,0,0,0,-97,0,9,0,40062645,0,389,0,0,40.4446,128,[-123 81 24 0 -35 -15 -26 -14 -16 -7 -13 -12 -6 -10 4 -15 10 -20 12 -18 17 -23 11 -24 7 -28 15 -30 8 -28 7 -19 7 -26 5 -21 7 -14 6 -12 5 -8 5 -3 8 0 5 4 7 8 10 9 12 11 0 0 0 0 0 0 0 0 0 0 0 0 0 0 0 0 0 0 0 0 0 0 0 2 -2 3 -4 8 -11 8 -11 15 -13 15 -8 16 -15 21 -9 23 -13 25 -11 20 -8 21 -7 18 -9 10 -3 12 -3 6 -13 0 -10 -4 -11 -10 -20 -13 -28 -16 -32 -25 -41 -25 -39 -20 -52 -22 -45 -19 ]
CSI_DATA,STA,E4:D1:24:F2:5E:80,-83,10,0,0,0,0,0,0,0,0,0,-97,0,9,0,40165048,0,389,0,0,40.5468,128,[-123 81 24 0 -22 -21 -17 -20 -12 -17 -1 -10 7 -10 14 -9 16 -8 19 -9 24 -5 29 -10 29 -6 30 -14 25 -9 24 -14 19 -12 15 -2 13 -3 12 -4 7 -2 4 5 3 5 -2 12 -1 12 -3 12 -7 11 0 0 0 0 0 0 0 0 0 0 0 0 0 0 0 0 0 0 0 0 0 0 -3 4 0 4 -10 3 -13 7 -10 10 -17 11 -21 13 -25 13 -15 14 -16 14 -20 15 -18 14 -12 13 -9 11 -7 5 -8 -3 -8 -4 -5 -13 -5 -19 -6 -25 -11 -34 -14 -35 -15 -42 -17 -43 -24 -51 -22 -43 ]
CSI_DATA,STA,E4:D1:24:F2:5E:80,-85,10,0,0,0,0,0,0,0,0,0,-97,0,9,0,40267450,0,389,0,0,40.6492,128,[-123 81 24 0 25 -14 21 -11 12 -9 8 1 4 7 5 13 6 19 2 22 0 20 4 28 0 27 -1 25 6 23 3 19 2 20 3 16 2 15 2 9 -3 5 -6 2 -5 -5 -7 -4 -9 -7 -10 -6 -11 -11 0 0 0 0 0 0 0 0 0 0 0 0 0 0 0 0 0 0 0 0 0 0 -1 -1 -6 -2 -10 -7 -11 -9 -11 -8 -14 -15 -14 -16 -19 -14 -17 -11 -20 -12 -14 -12 -16 -11 -12 -12 -5 -13 -5 -8 -2 -4 4 -7 9 -2 16 -7 26 -9 32 -10 34 -9 29 -12 38 -16 37 -21 28 -21 ]
CSI_DATA,STA,E4:D1:24:F2:5E:80,-85,10,0,0,0,0,0,0,0,0,0,-97,0,9,0,40369853,0,389,0,0,40.7518,128,[-123 81 24 0 -13 -33 -6 -19 -8 -19 6 -10 8 -3 12 -1 20 -6 20 -3 24 -2 27 -4 27 -4 26 -1 28 -2 18 -2 17 -4 16 -3 15 1 9 1 5 5 5 3 -1 8 -2 5 -6 7 -5 12 -10 10 0 0 0 0 0 0 0 0 0 0 0 0 0 0 0 0 0 0 0 0 0 0 -5 -2 -5 3 -9 4 -13 4 -15 5 -17 7 -18 7 -16 9 -21 5 -21 9 -17 10 -15 5 -16 8 -10 9 -13 0 -6 1 -4 -2 0 -11 -1 -17 0 -20 -4 -27 -2 -36 -6 -40 -6 -47 -12 -42 -13 -50 ]
CSI_DATA,STA,E4:D1:24:F2:5E:80,-84,10,0,0,0,0,0,0,0,0,0,-97,0,9,0,40472255,0,389,0,0,40.8542,128,[-123 81 24 0 13 -21 8 -22 10 -11 8 -4 10 7 11 9 14 19 10 19 10 18 16 21 18 23 14 21 18 17 15 22 14 16 10 15 4 16 3 8 3 8 -5 4 -4 6 -9 7 -12 -5 -11 -2 -18 -5 0 0 0 0 0 0 0 0 0 0 0 0 0 0 0 0 0 0 0 0 0 0 -6 2 -8 -1 -11 -6 -9 -7 -14 -13 -17 -13 -16 -10 -22 -12 -18 -10 -16 -12 -21 -7 -16 -11 -15 -12 -14 -9 -9 -6 -2 -3 5 -5 6 -10 20 -13 20 -9 28 -17 31 -25 33 -25 30 -29 31 -32 34 -36 ]
CSI_DATA,STA,E4:D1:24:F2:5E:80,-84,10,0,0,0,0,0,0,0,0,0,-97,0,9,0,40779462,0,389,0,0,41.1614,128,[-123 81 24 0 0 -24 4 -15 3 -12 11 -5 11 0 18 6 18 9 16 10 19 10 25 13 21 8 23 6 23 6 20 7 17 11 13 6 8 7 5 1 6 7 0 9 -3 9 -10 6 -11 2 -12 7 -13 6 0 0 0 0 0 0 0 0 0 0 0 0 0 0 0 0 0 0 0 0 0 0 -6 0 -8 -2 -11 -1 -16 -3 -14 -1 -18 -10 -18 -5 -21 -8 -23 -2 -20 0 -22 -3 -16 -1 -17 0 -10 -7 -9 -10 -5 -4 -3 -11 8 -8 10 -16 13 -18 12 -22 16 -34 14 -38 14 -38 16 -39 9 -45 ]
CSI_DATA,STA,E4:D1:24:F2:5E:80,-85,10,0,0,0,0,0,0,0,0,0,-97,0,9,0,40881864,0,389,0,0,41.2638,128,[-123 81 24 0 -19 -18 -10 -15 -7 -11 -3 -12 3 -13 9 -10 12 -9 18 -12 25 -15 18 -13 23 -22 20 -17 20 -14 11 -10 13 -13 7 -9 8 -11 11 -5 12 1 6 1 1 7 2 15 -1 9 4 14 2 13 0 0 0 0 0 0 0 0 0 0 0 0 0 0 0 0 0 0 0 0 0 0 -4 0 -13 3 -10 3 -17 3 -16 4 -19 9 -21 9 -19 7 -23 8 -17 6 -17 6 -17 10 -10 8 -12 13 -10 3 -7 -3 -6 -8 -1 -16 -4 -18 -3 -26 -10 -27 -13 -30 -10 -31 -20 -39 -24 -35 -24 -38 ]
CSI_DATA,STA,E4:D1:24:F2:5E:80,-84,10,0,0,0,0,0,0,0,0,0,-97,0,9,0,40984267,0,389,0,0,41.3661,128,[-123 81 24 0 10 16 5 12 0 12 1 11 -11 7 -12 -1 -18 1 -22 -3 -25 1 -33 2 -24 -2 -23 5 -22 -2 -18 -1 -20 -3 -14 2 -11 3 -8 -5 -4 0 -1 -7 0 -6 2 -8 9 -6 10 -14 8 -8 0 0 0 0 0 0 0 0 0 0 0 0 0 0 0 0 0 0 0 0 0 0 3 -3 3 -6 5 -8 4 -12 12 -11 10 -10 14 -16 19 -18 16 -16 15 -17 10 -15 14 -17 11 -12 9 -7 6 -3 2 0 -3 7 6 13 3 17 4 23 7 28 11 39 10 36 18 34 22 40 21 41 ]
CSI_DATA,STA,E4:D1:24:F2:5E:80,-84,10,0,0,0,0,0,0,0,0,0,-97,0,9,0,41086669,0,389,0,0,41.4686,128,[-123 81 24 0 -1 24 -2 18 -7 12 -10 2 -15 0 -14 1 -11 -10 -25 -15 -22 -6 -22 -10 -23 -7 -23 -13 -23 -7 -20 -6 -18 -8 -17 -6 -9 -7 -10 -4 -4 -7 7 -5 5 -4 11 -2 6 -8 10 -8 14 -6 0 0 0 0 0 0 0 0 0 0 0 0 0 0 0 0 0 0 0 0 0 0 0 -9 2 -3 11 -7 8 -2 12 -10 14 -10 16 -8 23 -7 22 -11 21 -15 19 -8 18 -10 15 -5 9 1 8 -4 2 0 -3 2 -2 12 -5 18 -5 18 -5 24 -5 37 -7 36 -2 39 5 41 5 39 ]
CSI_DATA,STA,E4:D1:24:F2:5E:80,-85,10,0,0,0,0,0,0,0,0,0,-97,0,9,0,41189072,0,389,0,0,41.571,128,[-123 81 24 0 -5 -26 0 -22 3 -15 3 -5 10 -5 11 0 17 4 21 4 23 7 24 -2 23 3 22 4 23 1 22 0 17 2 11 1 12 0 6 4 0 4 4 5 -5 6 -6 7 -5 6 -12 5 -10 6 0 0 0 0 0 0 0 0 0 0 0 0 0 0 0 0 0 0 0 0 0 0 -2 0 -4 3 -5 1 -12 5 -14 4 -18 7 -15 4 -21 4 -17 4 -19 13 -22 7 -14 10 -15 7 -16 6 -10 1 -9 1 1 -6 -1 -11 4 -19 -1 -25 2 -30 6 -38 -1 -39 -3 -42 -4 -37 -6 -39 ]
CSI_DATA,STA,E4:D1:24:F2:5E:80,-84,10,0,0,0,0,0,0,0,0,0,-97,0,9,0,41291474,0,389,0,0,41.6734,128,[-123 81 24 0 22 6 17 5 14 7 2 10 0 12 -11 5 -9 13 -16 17 -22 24 -21 19 -14 22 -19 22 -12 24 -15 16 -9 16 -11 9 -8 9 -7 2 -7 1 -5 1 -5 -3 -3 -9 -5 -9 -4 -16 -3 -14 0 0 0 0 0 0 0 0 0 0 0 0 0 0 0 0 0 0 0 0 0 0 -1 -8 -2 -6 2 -5 3 -17 2 -15 3 -18 1 -20 2 -21 0 -20 1 -19 -2 -26 6 -17 8 -14 -1 -15 -3 -6 4 -6 2 -2 11 3 9 13 21 14 26 17 28 15 34 21 37 18 30 15 42 15 ]
CSI_DATA,STA,E4:D1:24:F2:5E:80,-85,10,0,0,0,0,0,0,0,0,0,-97,0,9,0,41393875,0,389,0,0,41.7759,128,[-123 81 24 0 13 -22 8 -19 11 -9 6 -5 10 3 12 11 10 13 13 14 12 22 14 16 15 22 17 17 19 13 9 14 14 8 14 12 8 11 4 7 3 3 0 7 -8 2 -7 0 -7 2 -11 0 -14 -2 0 0 0 0 0 0 0 0 0 0 0 0 0 0 0 0 0 0 0 0 0 0 -6 1 -6 -3 -12 -2 -13 -2 -15 -9 -12 -10 -12 -10 -18 -8 -20 -3 -18 -4 -19 -2 -14 -6 -10 -4 -8 -5 -7 -3 -3 -4 5 -5 7 -10 11 -14 14 -15 14 -23 19 -27 24 -30 25 -36 21 -39 18 -39 ]
CSI_DATA,STA,E4:D1:24:F2:5E:80,-84,10,0,0,0,0,0,0,0,0,0,-97,0,9,0,41496278,0,389,0,0,41.8782,128,[-123 81 24 0 -6 -25 -10 -20 -2 -9 2 -8 8 0 16 -3 22 -4 21 -3 25 3 25 -3 27 -6 26 -7 25 -4 17 -6 17 2 11 1 8 2 9 -3 8 0 1 7 -8 9 3 7 -6 9 -9 12 -11 9 0 0 0 0 0 0 0 0 0 0 0 0 0 0 0 0 0 0 0 0 0 0 -4 2 -6 1 -9 -1 -15 2 -11 3 -16 1 -21 9 -23 3 -16 6 -20 10 -18 9 -15 6 -17 7 -12 3 -8 0 -4 -3 -3 -6 -1 -10 2 -16 -1 -26 -2 -22 0 -35 -5 -36 -11 -40 -12 -39 -13 -44 ]
CSI_DATA,STA,E4:D1:24:F2:5E:80,-85,10,0,0,0,0,0,0,0,0,0,-97,0,9,0,41560174,0,145,0,0,41.9419,128,[-111 16 9 0 -29 -7 -12 -8 -12 -10 -2 -8 3 -15 7 -14 7 -16 10 -22 12 -25 9 -18 5 -19 7 -30 7 -24 6 -16 -1 -16 1 -9 3 -8 0 -10 2 -5 4 0 5 2 2 8 5 8 6 8 9 12 0 0 0 0 0 0 0 0 0 0 0 0 0 0 0 0 0 0 0 0 0 0 2 4 -2 3 -6 9 -8 6 -13 8 -8 15 -12 18 -10 14 -9 14 -10 16 -2 15 -9 11 -4 12 -7 7 -4 5 -6 0 -2 -4 -7 -12 -10 -12 -15 -13 -18 -25 -22 -21 -28 -21 -32 -19 -37 -14 -38 -22 ]
CSI_DATA,STA,E4:D1:24:F2:5E:80,-86,10,0,0,0,0,0,0,0,0,0,-97,0,9,0,41598680,0,389,0,0,41.9801,128,[-123 81 24 0 -24 4 -23 5 -7 2 0 -5 2 -14 0 -10 -3 -19 0 -22 2 -21 3 -23 6 -23 3 -26 -3 -27 0 -23 -5 -18 -1 -12 3 -14 7 -8 6 -5 4 -1 4 -1 9 10 12 5 10 6 9 12 0 0 0 0 0 0 0 0 0 0 0 0 0 0 0 0 0 0 0 0 0 0 6 0 3 2 4 7 8 13 8 8 9 11 10 13 11 16 14 14 11 11 10 14 7 11 13 11 7 7 -1 4 -3 7 -5 0 -8 3 -16 -1 -20 1 -29 1 -34 9 -38 4 -44 12 -33 14 -36 12 ]
CSI_DATA,STA,E4:D1:24:F2:5E:80,-84,10,0,0,0,0,0,0,0,0,0,-97,0,9,0,41701082,0,389,0,0,42.0829,128,[-123 81 24 0 20 12 13 16 7 9 4 9 -8 8 -14 8 -13 7 -23 5 -18 6 -21 12 -24 8 -19 11 -21 7 -20 6 -16 11 -14 6 -10 7 -9 -3 -5 -3 -3 -7 3 -6 2 -9 3 -10 0 -7 6 -15 0 0 0 0 0 0 0 0 0 0 0 0 0 0 0 0 0 0 0 0 0 0 0 -7 1 -5 -1 -11 3 -14 2 -15 6 -19 5 -19 6 -21 3 -17 -1 -18 7 -17 0 -17 -2 -12 7 -14 5 -4 4 6 1 2 5 7 13 10 11 18 16 22 22 24 31 27 31 25 34 30 37 25 ]
CSI_DATA,STA,E4:D1:24:F2:5E:80,-85,10,0,0,0,0,0,0,0,0,0,-97,0,9,0,41803485,0,389,0,0,42.1854,128,[-123 81 24 0 -29 2 -17 -4 -11 -5 -12 0 1 -7 2 -18 4 -21 10 -23 0 -25 2 -23 -1 -25 3 -26 0 -23 0 -23 -2 -16 6 -14 3 -12 -2 -7 2 -9 3 0 2 3 4 1 9 5 11 8 7 14 0 0 0 0 0 0 0 0 0 0 0 0 0 0 0 0 0 0 0 0 0 0 -1 2 1 6 -3 10 -3 11 -2 12 -2 19 1 17 -3 20 -3 16 1 15 2 18 7 13 -3 12 1 9 -3 3 -3 0 -4 2 -8 -8 -18 -8 -19 -9 -22 -8 -32 -7 -39 -10 -38 -4 -38 -12 -42 -4 ]
CSI_DATA,STA,E4:D1:24:F2:5E:80,-86,10,0,0,0,0,0,0,0,0,0,-97,0,9,0,41905887,0,389,0,0,42.2879,128,[-123 81 24 0 -23 3 -13 -1 -11 -4 -1 -12 -3 -11 -3 -11 8 -18 3 -21 5 -20 2 -25 3 -22 3 -19 -1 -21 0 -20 -4 -22 0 -14 3 -11 0 -7 4 -4 5 -4 7 -4 8 1 9 11 6 3 7 9 0 0 0 0 0 0 0 0 0 0 0 0 0 0 0 0 0 0 0 0 0 0 -1 2 2 2 3 7 -4 10 -2 10 -3 15 4 21 2 17 6 19 1 16 7 18 2 15 6 11 2 7 -1 6 -5 0 -8 2 -15 -6 -15 1 -20 -7 -27 -5 -32 -5 -36 -9 -34 0 -38 1 -39 4 ]
CSI_DATA,STA,E4:D1:24:F2:5E:80,-85,10,0,0,0,0,0,0,0,0,0,-97,0,9,0,42008290,0,389,0,0,42.3902,128,[-123 81 24 0 17 22 7 12 2 12 -9 12 -12 3 -12 5 -11 4 -20 12 -22 6 -26 15 -20 11 -19 12 -18 12 -19 8 -12 10 -11 5 -7 0 -12 -1 -7 1 -8 -2 -2 -5 -2 -12 -2 -15 -1 -12 -2 -15 0 0 0 0 0 0 0 0 0 0 0 0 0 0 0 0 0 0 0 0 0 0 -1 -3 3 -4 7 -4 7 -7 17 -5 16 -8 12 -10 12 -4 18 -11 16 -13 15 -7 11 -10 12 -14 11 -7 10 -3 2 -1 0 4 2 12 4 14 1 15 4 27 2 26 9 33 16 38 15 35 17 37 ]
CSI_DATA,STA,E4:D1:24:F2:5E:80,-86,10,0,0,0,0,0,0,0,0,0,-97,0,9,0,42111679,0,389,0,0,42.4936,128,[-123 81 24 0 21 12 12 8 10 8 2 2 -9 6 -12 6 -15 7 -28 3 -24 7 -24 6 -25 7 -28 5 -27 4 -18 2 -20 2 -13 4 -17 1 -8 -4 -4 -3 -2 -6 2 -5 5 -10 6 -7 9 -9 13 -7 0 0 0 0 0 0 0 0 0 0 0 0 0 0 0 0 0 0 0 0 0 0 1 -3 -1 -9 -4 -7 -5 -13 -4 -12 -4 -20 -4 -19 -9 -21 -4 -21 0 -14 -4 -14 -7 -19 -8 -13 0 -16 -1 -4 -2 3 5 2 6 4 12 10 15 13 18 15 22 19 31 21 33 20 35 22 35 16 ]
CSI_DATA,STA,E4:D1:24:F2:5E:80,-86,10,0,0,0,0,0,0,0,0,0,-97,0,9,0,42213094,0,389,0,0,42.595,128,[-123 81 24 0 -25 -7 -18 -3 -5 -5 -2 -6 1 -7 4 -11 8 -13 18 -19 14 -20 20 -20 9 -21 15 -19 11 -17 8 -20 11 -13 8 -13 5 -10 6 -7 1 -2 2 3 1 4 0 7 3 9 -1 13 1 13 0 0 0 0 0 0 0 0 0 0 0 0 0 0 0 0 0 0 0 0 0 0 4 0 -2 5 0 10 -1 11 -1 14 -2 18 -4 16 -4 19 0 20 1 15 -5 19 -3 18 -8 13 8 8 -3 3 -4 0 -8 3 -12 -6 -18 -9 -19 -13 -20 -12 -25 -21 -28 -11 -38 -17 -39 -13 -34 -11 ]
CSI_DATA,STA,E4:D1:24:F2:5E:80,-86,10,0,0,0,0,0,0,0,0,0,-97,0,9,0,42315497,0,389,0,0,42.6975,128,[-123 81 24 0 17 -9 16 1 10 -1 -2 6 -1 11 -5 9 -9 10 -14 15 -13 17 -13 23 -10 21 -15 18 -12 22 -12 11 -14 16 -12 15 -3 8 -10 3 -2 -1 0 -1 -2 -9 2 -9 1 -8 -1 -8 2 -17 0 0 0 0 0 0 0 0 0 0 0 0 0 0 0 0 0 0 0 0 0 0 -3 -4 -9 -1 -11 -4 -11 -5 -13 -7 -16 -9 -18 -5 -14 -11 -12 -9 -21 -9 -16 -7 -12 -8 -9 -6 -10 -10 -6 -3 1 0 9 2 9 -2 17 1 20 0 26 -3 28 -9 39 -5 32 -7 31 -7 43 -7 ]
CSI_DATA,STA,E4:D1:24:F2:5E:80,-85,10,0,0,0,0,0,0,0,0,0,-97,0,9,0,42417899,0,389,0,0,42.7997,128,[-123 81 24 0 19 -7 12 -4 16 -5 1 9 2 15 1 14 -2 20 -8 19 -5 24 -8 21 -6 22 -6 22 -4 24 -6 22 -1 16 -3 16 -6 13 -5 12 -7 2 0 0 -7 -5 -5 -7 -5 -9 -6 -9 -2 -18 0 0 0 0 0 0 0 0 0 0 0 0 0 0 0 0 0 0 0 0 0 0 -5 0 -4 -7 -7 -9 -6 -12 -5 -13 -8 -17 -10 -18 -11 -18 -7 -15 -11 -20 -6 -20 -8 -12 -7 -9 3 -8 -3 -3 4 -1 1 4 10 2 21 6 20 3 24 6 32 4 37 -4 41 -1 40 0 41 -6 ]
CSI_DATA,STA,E4:D1:24:F2:5E:80,-84,10,0,0,0,0,0,0,0,0,0,-97,0,9,0,42520301,0,389,0,0,42.9021,128,[-123 81 24 0 27 3 18 5 10 4 5 8 1 12 -5 15 -10 19 -10 22 -14 23 -14 24 -12 24 -7 19 -8 23 -10 17 -3 18 -8 15 -7 7 -6 8 -2 5 -8 1 -4 -4 -7 -10 -10 -8 -5 -12 -3 -14 0 0 0 0 0 0 0 0 0 0 0 0 0 0 0 0 0 0 0 0 0 0 -2 -4 -1 -2 4 -8 1 -16 0 -13 3 -18 2 -19 4 -21 0 -23 1 -19 1 -23 0 -22 1 -14 1 -16 -2 -10 3 -1 13 -2 11 7 12 9 13 10 24 11 33 15 37 11 41 12 43 12 43 7 ]
CSI_DATA,STA,E4:D1:24:F2:5E:80,-85,10,0,0,0,0,0,0,0,0,0,-97,0,9,0,42622704,0,389,0,0,43.0047,128,[-123 81 24 0 10 21 1 18 0 10 -4 3 -12 0 -17 3 -21 -2 -21 -4 -28 2 -21 -1 -28 -3 -23 -3 -27 -1 -22 -3 -18 -2 -16 -6 -15 -2 -8 -7 -8 -8 -6 -8 -3 -8 5 -5 4 -13 8 -7 10 -9 0 0 0 0 0 0 0 0 0 0 0 0 0 0 0 0 0 0 0 0 0 0 3 -4 4 -4 9 0 13 -1 11 -2 19 -2 19 -4 21 -8 21 -6 18 -7 16 -8 16 -14 13 -6 5 -9 6 3 1 2 -1 0 -1 10 -6 15 -10 28 -1 28 -2 34 0 33 3 40 0 43 1 39 ]
CSI_DATA,STA,E4:D1:24:F2:5E:80,-84,10,0,0,0,0,0,0,0,0,0,-97,0,9,0,42725106,0,389,0,0,43.107,128,[-123 81 24 0 -12 -24 -6 -16 3 -13 0 -11 9 -11 14 -6 19 -1 24 -5 24 -4 25 -5 25 -4 20 -2 18 -5 17 -4 23 -6 12 -1 12 -4 9 -1 5 2 4 8 1 9 -4 8 -6 9 -8 15 -9 9 0 0 0 0 0 0 0 0 0 0 0 0 0 0 0 0 0 0 0 0 0 0 -1 3 -7 5 -9 3 -15 5 -17 5 -22 5 -18 10 -20 8 -17 10 -15 11 -16 5 -16 4 -17 0 -12 4 -7 -2 -3 -6 -1 -7 1 -15 0 -18 -3 -26 2 -28 -3 -32 -4 -41 -17 -37 -14 -43 -17 -38 ]
CSI_DATA,STA,E4:D1:24:F2:5E:80,-85,10,0,0,0,0,0,0,0,0,0,-97,0,9,0,42827509,0,389,0,0,43.2095,128,[-123 81 24 0 -32 -7 -24 -9 -12 -9 -3 -10 1 -12 8 -13 11 -19 10 -21 12 -20 13 -18 8 -25 12 -26 14 -21 8 -19 6 -16 8 -12 7 -10 6 -10 3 1 1 2 3 4 7 9 8 11 6 12 5 16 0 0 0 0 0 0 0 0 0 0 0 0 0 0 0 0 0 0 0 0 0 0 3 4 0 8 -1 8 -4 11 -5 14 -9 15 -7 17 -8 18 -6 17 -4 22 -5 19 -5 17 0 12 -4 13 0 3 -2 6 -7 -1 -7 -8 -20 -11 -21 -8 -25 -15 -34 -16 -37 -17 -36 -18 -44 -18 -37 -10 ]
CSI_DATA,STA,E4:D1:24:F2:5E:80,-84,10,0,0,0,0,0,0,0,0,0,-97,0,9,0,42929911,0,389,0,0,43.3118,128,[-123 81 24 0 -23 14 -27 8 -10 3 -11 -3 -10 -11 -8 -11 -6 -19 -7 -19 -5 -25 -11 -23 -11 -24 -12 -26 -11 -24 -10 -18 -10 -16 -5 -12 -1 -15 -4 -7 0 -3 0 -5 3 -2 8 1 9 -2 15 1 15 2 0 0 0 0 0 0 0 0 0 0 0 0 0 0 0 0 0 0 0 0 0 0 2 2 2 4 3 10 3 9 5 12 10 14 8 18 11 16 7 18 9 14 7 21 8 12 8 14 10 9 3 4 -2 4 -5 0 -13 5 -17 5 -25 4 -32 12 -38 7 -37 15 -37 14 -39 18 -38 18 ]
CSI_DATA,STA,E4:D1:24:F2:5E:80,-86,10,0,0,0,0,0,0,0,0,0,-97,0,9,0,43032313,0,389,0,0,43.4143,128,[-123 81 24 0 0 23 2 19 -4 9 -5 9 -12 8 -14 -4 -19 -2 -25 0 -21 -2 -25 -4 -26 0 -25 0 -22 2 -20 5 -16 4 -13 1 -13 0 -9 -1 -5 -2 -6 -7 1 -5 7 -8 -2 -11 4 -15 5 -11 0 0 0 0 0 0 0 0 0 0 0 0 0 0 0 0 0 0 0 0 0 0 3 -6 6 -1 9 2 12 1 12 4 17 1 21 -2 20 -3 19 2 16 4 19 -2 18 2 14 -1 11 -3 4 2 1 1 1 9 -1 7 -7 14 -8 18 -4 27 -8 38 -2 41 -4 40 0 40 1 41 ]
CSI_DATA,STA,E4:D1:24:F2:5E:80,-86,10,0,0,0,0,0,0,0,0,0,-97,0,9,0,43134716,0,389,0,0,43.5167,128,[-123 81 24 0 8 20 4 16 -2 7 -9 2 -9 -3 -12 -1 -19 -4 -21 -2 -23 -7 -25 -1 -25 -5 -25 -4 -23 -10 -22 -2 -13 -2 -11 -4 -10 -1 -5 -3 -2 1 5 -5 4 -9 8 -10 7 -9 12 -3 14 -6 0 0 0 0 0 0 0 0 0 0 0 0 0 0 0 0 0 0 0 0 0 0 0 -5 5 -2 1 -11 7 -12 5 -14 13 -19 10 -11 12 -19 9 -19 10 -17 9 -18 8 -17 9 -11 7 -10 5 -7 4 2 -2 8 1 13 9 16 6 19 8 30 9 29 11 37 16 32 16 43 16 31 ]
CSI_DATA,STA,E4:D1:24:F2:5E:80,-85,10,0,0,0,0,0,0,0,0,0,-97,0,9,0,43237118,0,389,0,0,43.6189,128,[-123 81 24 0 -29 3 -16 -1 -13 0 -11 -6 3 -13 -2 -15 3 -18 2 -23 4 -27 5 -28 -1 -27 5 -23 7 -20 1 -21 -2 -14 3 -13 2 -12 0 -12 -3 1 5 -6 9 -1 9 0 11 4 10 8 7 8 0 0 0 0 0 0 0 0 0 0 0 0 0 0 0 0 0 0 0 0 0 0 4 3 1 3 -2 10 -2 14 -8 12 -1 15 0 18 -3 20 4 20 0 21 -1 21 2 19 0 15 0 12 -4 3 -5 7 -10 -3 -5 -7 -12 -8 -24 -7 -23 -8 -33 -9 -38 -11 -39 -6 -43 -3 -43 -4 ]
CSI_DATA,STA,E4:D1:24:F2:5E:80,-84,10,0,0,0,0,0,0,0,0,0,-97,0,9,0,43441920,0,389,0,0,43.8239,128,[-123 81 24 0 -2 23 -6 12 -11 10 -10 6 -15 3 -16 -6 -15 -8 -17 -15 -21 -15 -19 -21 -24 -18 -20 -15 -23 -16 -16 -13 -16 -13 -10 -7 -5 -10 -4 -8 -3 -10 5 -5 4 -6 7 -3 17 -3 16 1 20 1 0 0 0 0 0 0 0 0 0 0 0 0 0 0 0 0 0 0 0 0 0 0 1 -1 5 -1 7 -5 8 -1 14 -8 16 -4 19 -4 22 -8 18 -9 19 -4 16 -9 17 -6 15 -3 10 -2 10 0 0 2 -2 0 -3 13 -9 20 -10 22 -10 22 -14 32 -8 36 -10 40 -9 46 2 35 ]
CSI_DATA,STA,E4:D1:24:F2:5E:80,-84,10,0,0,0,0,0,0,0,0,0,-97,0,9,0,43544322,0,389,0,0,43.9262,128,[-123 81 24 0 5 29 -1 23 3 12 -4 8 -9 5 -18 -1 -15 1 -28 -3 -23 -2 -30 -5 -27 -5 -25 2 -24 -1 -22 2 -19 0 -15 5 -15 2 -10 -6 -2 -4 -4 -8 -1 -3 0 -12 6 -11 7 -13 9 -14 0 0 0 0 0 0 0 0 0 0 0 0 0 0 0 0 0 0 0 0 0 0 2 -1 5 0 9 -1 13 -1 17 4 18 0 19 1 22 1 19 4 18 1 16 1 15 2 18 -2 18 -2 5 4 5 4 -3 6 -1 12 -5 18 -11 16 -9 22 -9 30 -13 39 -6 37 -6 45 -3 45 ]
CSI_DATA,STA,E4:D1:24:F2:5E:80,-84,10,0,0,0,0,0,0,0,0,0,-97,0,9,0,43646725,0,389,0,0,44.0287,128,[-123 81 24 0 29 -17 16 -13 11 -6 12 -3 5 7 6 10 8 17 9 23 3 20 13 28 6 26 9 28 6 27 9 25 8 13 8 12 7 17 5 9 0 13 -9 4 -7 5 -12 -4 -13 -4 -14 -4 -9 -5 0 0 0 0 0 0 0 0 0 0 0 0 0 0 0 0 0 0 0 0 0 0 -1 -6 -4 -3 -3 -13 -4 -9 -10 -9 -11 -15 -12 -15 -11 -16 -15 -20 -16 -17 -14 -17 -14 -16 -13 -9 -12 -12 -5 -8 -2 -7 3 -8 10 -6 15 -4 18 -7 26 -5 31 -15 34 -10 37 -21 38 -27 41 -28 ]
CSI_DATA,STA,E4:D1:24:F2:5E:80,-84,10,0,0,0,0,0,0,0,0,0,-97,0,9,0,43749127,0,389,0,0,44.1311,128,[-123 81 24 0 -34 8 -29 6 -21 2 -13 -3 -10 -9 -6 -15 -3 -17 -4 -21 1 -25 -2 -26 -2 -27 -2 -32 -3 -23 -14 -25 -4 -23 -3 -23 -3 -17 -2 -14 0 -8 6 -7 4 -7 8 -3 7 0 11 3 10 1 0 0 0 0 0 0 0 0 0 0 0 0 0 0 0 0 0 0 0 0 0 0 0 0 -4 4 -1 9 -4 8 -2 14 -1 19 -5 21 -1 20 -1 26 -2 26 1 24 0 19 9 19 2 17 1 14 -4 12 -4 3 -13 -2 -13 -9 -20 -4 -27 -7 -40 -2 -41 -1 -49 -1 -51 3 -52 4 ]
CSI_DATA,STA,E4:D1:24:F2:5E:80,-84,10,0,0,0,0,0,0,0,0,0,-97,0,9,0,44056334,0,389,0,0,44.4384,128,[-123 81 24 0 17 -29 12 -16 9 -17 16 -5 7 1 12 12 15 12 12 21 16 19 16 19 21 21 21 22 19 20 12 17 13 20 14 13 9 11 0 6 6 5 -3 8 -9 5 -8 6 -12 5 -13 2 -19 0 0 0 0 0 0 0 0 0 0 0 0 0 0 0 0 0 0 0 0 0 0 0 -3 2 -1 0 -10 -1 -12 -2 -12 -5 -21 -7 -21 -5 -27 -6 -27 -7 -19 -5 -21 -6 -22 -2 -23 -3 -17 0 -12 -2 -10 -4 0 -9 4 -10 9 -15 20 -16 22 -28 22 -32 23 -36 26 -40 30 -46 23 -50 ]
CSI_DATA,STA,E4:D1:24:F2:5E:80,-83,10,0,0,0,0,0,0,0,0,0,-97,0,9,0,44158737,0,389,0,0,44.5407,128,[-123 81 24 0 -1 33 -5 24 -2 15 -9 5 -15 6 -21 0 -23 -9 -25 -3 -23 -7 -28 -8 -30 -6 -28 -8 -33 -4 -31 -3 -24 -4 -19 -6 -14 -4 -10 -4 -3 -8 -2 -12 4 -7 6 -11 10 -14 7 -10 20 -9 0 0 0 0 0 0 0 0 0 0 0 0 0 0 0 0 0 0 0 0 0 0 -1 -2 8 -5 11 0 11 -1 15 2 16 3 26 3 28 0 26 -1 25 -1 27 -3 19 -1 21 -7 14 -2 13 -2 9 5 3 6 -3 12 -11 20 -6 28 -11 34 -13 38 -10 43 -7 46 -4 47 4 53 ]
CSI_DATA,STA,E4:D1:24:F2:5E:80,-83,10,0,0,0,0,0,0,0,0,0,-97,0,9,0,44261139,0,389,0,0,44.6431,128,[-123 81 24 0 -33 3 -22 7 -19 -2 -10 -8 -6 -7 -3 -18 -2 -22 1 -24 2 -30 5 -29 6 -29 0 -30 0 -22 1 -27 3 -22 0 -18 4 -11 5 -11 2 -9 7 -3 3 6 7 4 8 8 12 8 6 12 0 0 0 0 0 0 0 0 0 0 0 0 0 0 0 0 0 0 0 0 0 0 1 3 4 6 9 4 8 11 3 14 8 17 6 20 11 21 10 19 12 24 10 16 7 16 11 19 8 12 11 9 -3 5 -5 -1 -12 -1 -11 -4 -26 -2 -29 -3 -32 0 -45 -5 -53 3 -47 4 -50 8 ]
CSI_DATA,STA,E4:D1:24:F2:5E:80,-84,10,0,0,0,0,0,0,0,0,0,-97,0,9,0,44363541,0,389,0,0,44.7455,128,[-123 81 24 0 -22 -17 -23 -14 -12 -18 -6 -14 5 -13 9 -18 13 -17 12 -22 20 -20 18 -24 17 -28 17 -21 11 -21 4 -19 7 -20 7 -16 5 -13 5 -10 7 -5 6 -1 9 1 8 6 11 5 8 9 13 8 0 0 0 0 0 0 0 0 0 0 0 0 0 0 0 0 0 0 0 0 0 0 -2 4 -5 1 -8 1 -13 5 -12 5 -16 7 -17 8 -20 14 -23 10 -19 16 -22 12 -13 13 -15 9 -14 11 -12 3 -8 4 -9 -6 -15 -10 -8 -15 -14 -23 -20 -23 -21 -30 -30 -34 -26 -39 -35 -37 -38 -31 ]
CSI_DATA,STA,E4:D1:24:F2:5E:80,-83,10,0,0,0,0,0,0,0,0,0,-97,0,9,0,44465944,0,389,0,0,44.8479,128,[-123 81 24 0 -22 -30 -18 -20 -9 -14 -2 -18 1 -17 9 -9 18 -19 18 -16 21 -19 22 -21 26 -19 22 -19 18 -21 22 -19 16 -18 10 -15 12 -11 11 -10 8 -1 7 3 8 5 6 7 10 9 3 19 5 14 0 0 0 0 0 0 0 0 0 0 0 0 0 0 0 0 0 0 0 0 0 0 0 5 -5 5 -12 2 -11 2 -15 7 -17 8 -22 8 -20 4 -26 15 -28 14 -13 17 -21 10 -14 11 -14 3 -8 2 -8 -3 -7 -6 -9 -8 -7 -19 -9 -24 -10 -31 -11 -41 -21 -41 -17 -45 -25 -46 -26 -39 ]
CSI_DATA,STA,E4:D1:24:F2:5E:80,-84,10,0,0,0,0,0,0,0,0,0,-97,0,9,0,44773151,0,389,0,0,45.1551,128,[-123 81 24 0 26 19 13 18 5 7 3 9 -1 12 -14 13 -13 16 -19 19 -19 21 -24 16 -21 18 -18 18 -17 20 -16 13 -11 17 -14 18 -13 8 -10 5 -7 -1 -7 -2 -8 -4 -5 -6 -7 -10 -8 -15 -10 -16 0 0 0 0 0 0 0 0 0 0 0 0 0 0 0 0 0 0 0 0 0 0 2 -4 2 -7 2 -12 1 -9 9 -15 18 -15 12 -19 12 -19 14 -18 13 -21 13 -20 11 -17 7 -20 9 -12 9 -7 5 -1 6 5 12 15 11 15 12 18 20 25 27 25 28 33 36 29 38 32 42 26 ]
CSI_DATA,STA,E4:D1:24:F2:5E:80,-84,10,0,0,0,0,0,0,0,0,0,-97,0,9,0,44875553,0,389,0,0,45.2575,128,[-123 81 24 0 -12 31 -9 17 -10 7 -12 5 -15 1 -19 -7 -19 -11 -26 -14 -25 -13 -28 -14 -26 -9 -26 -9 -29 -6 -19 -11 -15 -4 -17 2 -13 -1 -11 -2 -8 -3 -3 -6 2 -14 5 -13 7 -14 8 -13 11 -10 0 0 0 0 0 0 0 0 0 0 0 0 0 0 0 0 0 0 0 0 0 0 4 1 4 4 8 4 5 11 7 12 8 18 15 16 16 14 14 19 16 17 16 13 13 13 14 12 12 8 2 9 2 5 -9 7 -9 10 -18 18 -24 14 -19 24 -20 25 -25 30 -24 37 -32 36 -20 41 ]
CSI_DATA,STA,E4:D1:24:F2:5E:80,-83,10,0,0,0,0,0,0,0,0,0,-97,0,9,0,44977956,0,389,0,0,45.3599,128,[-123 81 24 0 8 -34 14 -23 9 -17 10 -8 11 2 13 7 21 8 20 8 27 11 24 14 25 13 24 10 26 11 21 12 20 0 19 5 12 10 10 1 7 5 1 9 1 6 -11 7 -11 6 -11 4 -16 9 0 0 0 0 0 0 0 0 0 0 0 0 0 0 0 0 0 0 0 0 0 0 -3 0 -6 0 -12 -3 -12 -6 -16 -8 -17 -11 -22 -12 -23 -7 -24 -6 -27 -10 -23 -8 -22 -1 -19 -7 -19 -6 -14 -10 -3 0 3 -7 5 -9 15 -16 18 -21 17 -27 15 -33 21 -43 25 -48 17 -44 15 -48 ]
CSI_DATA,STA,E4:D1:24:F2:5E:80,-84,10,0,0,0,0,0,0,0,0,0,-97,0,9,0,45080358,0,389,0,0,45.4623,128,[-123 81 24 0 17 -30 8 -25 13 -9 10 -8 11 -1 19 8 18 16 15 17 16 25 25 21 21 20 20 11 23 11 19 14 17 12 15 10 5 8 5 8 2 3 0 8 -3 7 -9 7 -11 1 -15 8 -18 6 0 0 0 0 0 0 0 0 0 0 0 0 0 0 0 0 0 0 0 0 0 0 -6 2 -7 -4 -9 -8 -10 -12 -8 -17 -13 -14 -16 -18 -16 -21 -17 -21 -21 -15 -11 -12 -15 -17 -15 -13 -12 -16 -10 -9 3 -8 7 -7 10 -9 17 -11 21 -14 29 -15 31 -18 32 -29 30 -29 37 -33 34 -37 ]
CSI_DATA,STA,E4:D1:24:F2:5E:80,-84,10,0,0,0,0,0,0,0,0,0,-97,0,9,0,45182760,0,389,0,0,45.5647,128,[-123 81 24 0 6 -25 7 -25 4 -16 8 -8 17 -2 11 1 20 7 23 5 22 5 25 5 26 6 23 1 20 1 22 -3 15 2 17 3 12 -1 11 6 5 8 6 5 0 5 2 9 -8 9 -3 10 -6 10 0 0 0 0 0 0 0 0 0 0 0 0 0 0 0 0 0 0 0 0 0 0 -5 0 -9 1 -9 -7 -9 -8 -12 -12 -16 -14 -15 -16 -18 -12 -18 -14 -15 -14 -17 -13 -16 -10 -17 -10 -9 -8 -7 -7 0 -6 -1 -5 3 -14 15 -10 16 -19 18 -24 15 -26 20 -32 18 -40 14 -36 14 -39 ]
CSI_DATA,STA,E4:D1:24:F2:5E:80,-83,10,0,0,0,0,0,0,0,0,0,-97,0,9,0,45285163,0,389,0,0,45.6671,128,[-123 81 24 0 26 -16 19 -9 19 -12 10 0 13 4 13 12 13 15 21 19 17 23 15 26 15 20 20 22 22 18 14 19 13 13 11 11 11 4 6 10 -5 5 -6 8 -7 6 -4 5 -13 4 -12 1 -14 11 0 0 0 0 0 0 0 0 0 0 0 0 0 0 0 0 0 0 0 0 0 0 -6 -2 -3 -8 -4 -11 1 -14 3 -20 -1 -23 -1 -24 -4 -22 -3 -27 0 -23 -2 -28 -8 -20 0 -15 1 -16 -1 -10 5 -3 10 -4 7 -5 26 -5 33 -1 30 -2 35 -6 38 -12 42 -21 47 -23 37 -21 ]
CSI_DATA,STA,E4:D1:24:F2:5E:80,-83,10,0,0,0,0,0,0,0,0,0,-97,0,9,0,45387565,0,389,0,0,45.7693,128,[-123 81 24 0 -12 -29 -8 -22 -7 -15 0 -11 8 -13 16 -4 17 -1 22 -3 23 -6 26 -5 21 -4 20 -8 25 -11 20 -11 19 -1 13 -5 14 0 8 1 3 1 7 10 1 6 -3 9 -2 11 -7 12 -1 15 0 0 0 0 0 0 0 0 0 0 0 0 0 0 0 0 0 0 0 0 0 0 -3 5 -3 2 -8 4 -14 1 -14 1 -22 6 -21 5 -27 7 -25 9 -21 7 -21 10 -20 5 -22 5 -12 6 -10 3 -6 0 -4 -7 -3 -16 -2 -18 1 -25 -5 -31 -3 -40 -6 -34 -9 -37 -14 -43 -20 -42 ]
CSI_DATA,STA,E4:D1:24:F2:5E:80,-84,10,0,0,0,0,0,0,0,0,0,-97,0,9,0,45489967,0,389,0,0,45.8718,128,[-123 81 24 0 9 -27 17 -20 14 -8 9 -7 12 2 8 10 13 12 12 13 18 17 22 14 18 20 18 19 19 18 21 9 19 13 11 11 9 12 7 8 3 7 -2 5 -5 7 -7 8 -9 8 -11 5 -17 6 0 0 0 0 0 0 0 0 0 0 0 0 0 0 0 0 0 0 0 0 0 0 -2 3 -9 -2 -11 -7 -16 -7 -19 -15 -18 -10 -23 -14 -21 -12 -23 -20 -25 -11 -22 -13 -24 -9 -22 -10 -14 -5 -7 -10 3 -8 6 -13 2 -12 10 -13 25 -12 21 -23 27 -29 27 -28 27 -37 25 -39 23 -47 ]
CSI_DATA,STA,E4:D1:24:F2:5E:80,-83,10,0,0,0,0,0,0,0,0,0,-97,0,9,0,45592370,0,389,0,0,45.9744,128,[-123 81 24 0 3 27 2 17 -2 18 -4 11 -13 3 -13 4 -20 1 -22 -4 -26 -2 -25 1 -24 1 -25 0 -19 3 -26 5 -18 3 -15 2 -13 -1 -9 1 -4 -3 -1 -6 -2 -7 4 -9 1 -8 6 -12 5 -12 0 0 0 0 0 0 0 0 0 0 0 0 0 0 0 0 0 0 0 0 0 0 4 -2 5 -3 8 -2 16 -3 15 -5 16 -1 18 -1 23 2 26 -2 24 -1 18 -1 16 0 16 -4 13 0 8 2 5 4 4 8 -5 13 -8 14 -3 25 -9 31 -8 36 -3 39 -2 40 0 42 3 42 ]
CSI_DATA,STA,E4:D1:24:F2:5E:80,-83,10,0,0,0,0,0,0,0,0,0,-97,0,9,0,45694772,0,389,0,0,46.0767,128,[-123 81 24 0 12 29 1 22 3 12 -2 12 -9 10 -15 4 -20 6 -19 8 -25 7 -22 9 -25 13 -22 10 -21 11 -20 12 -21 10 -12 6 -11 5 -9 -2 -9 -3 -3 -5 -6 -11 -5 -6 -3 -13 -4 -12 0 -13 0 0 0 0 0 0 0 0 0 0 0 0 0 0 0 0 0 0 0 0 0 0 4 -4 5 1 13 -1 12 1 21 -2 17 0 21 1 25 -2 24 1 18 -1 23 -5 17 -3 19 -4 14 -1 11 2 6 0 3 10 -1 11 -2 20 -2 27 -1 30 1 35 2 41 6 40 8 44 11 38 ]
CSI_DATA,STA,E4:D1:24:F2:5E:80,-83,10,0,0,0,0,0,0,0,0,0,-97,0,9,0,45797175,0,389,0,0,46.1791,128,[-123 81 24 0 -2 30 -10 21 -6 18 -16 7 -9 3 -20 -5 -23 -8 -24 -8 -27 -9 -31 -10 -28 -7 -26 -5 -29 -7 -24 1 -27 -7 -19 -6 -16 -6 -12 -3 -5 -9 -2 -7 3 -9 6 -11 5 -10 8 -10 12 -9 0 0 0 0 0 0 0 0 0 0 0 0 0 0 0 0 0 0 0 0 0 0 3 -2 7 1 12 0 17 3 20 7 20 8 19 8 26 7 23 5 24 4 22 3 20 5 17 -2 14 10 12 1 4 4 -1 8 -7 12 -12 16 -15 20 -17 29 -21 35 -24 43 -15 50 -16 47 -12 49 ]
CSI_DATA,STA,E4:D1:24:F2:5E:80,-83,10,0,0,0,0,0,0,0,0,0,-97,0,9,0,45899577,0,389,0,0,46.2815,128,[-123 81 24 0 17 21 17 20 5 12 3 11 -6 11 -8 8 -19 16 -19 17 -18 14 -20 13 -19 19 -17 16 -20 17 -15 18 -16 13 -6 13 -10 10 -10 2 -8 3 -6 -2 -5 -7 -8 -5 -4 -12 1 -14 -4 -12 0 0 0 0 0 0 0 0 0 0 0 0 0 0 0 0 0 0 0 0 0 0 0 -8 5 -3 9 -5 11 -7 11 -7 18 -8 14 -12 20 -13 18 -17 15 -16 15 -13 14 -12 14 -13 12 -6 6 -3 8 1 3 5 7 7 2 17 9 25 21 27 14 30 21 32 26 32 26 30 29 36 ]
CSI_DATA,STA,E4:D1:24:F2:5E:80,-84,10,0,0,0,0,0,0,0,0,0,-97,0,9,0,46001979,0,389,0,0,46.384,128,[-123 81 24 0 -6 22 -9 24 -7 16 -14 4 -14 1 -16 2 -21 -6 -21 -8 -23 -8 -24 -5 -24 -3 -25 -5 -23 -4 -20 -2 -20 -1 -18 -2 -12 -3 -7 -5 -4 -4 -1 -8 0 -10 1 -11 4 -15 3 -10 7 -10 0 0 0 0 0 0 0 0 0 0 0 0 0 0 0 0 0 0 0 0 0 0 2 0 5 4 11 2 13 8 12 8 15 12 22 9 19 10 16 14 18 8 19 9 15 8 16 5 15 7 8 11 7 8 0 6 -9 9 -12 13 -15 19 -17 24 -21 29 -18 32 -15 32 -14 41 -10 40 ]
CSI_DATA,STA,E4:D1:24:F2:5E:80,-83,10,0,0,0,0,0,0,0,0,0,-97,0,9,0,46104382,0,389,0,0,46.4863,128,[-123 81 24 0 0 32 1 32 -5 15 -5 12 -12 8 -19 4 -26 2 -22 4 -26 6 -31 1 -26 3 -31 1 -22 5 -22 4 -19 0 -20 0 -15 1 -11 1 -9 -4 -8 -6 -2 -10 -6 -12 1 -11 4 -17 1 -18 0 0 0 0 0 0 0 0 0 0 0 0 0 0 0 0 0 0 0 0 0 0 2 -6 8 -3 11 0 14 2 16 6 18 6 24 5 25 5 26 7 22 6 21 0 18 1 23 3 13 0 13 9 8 9 3 8 -7 11 -9 18 -11 27 -11 26 -8 36 -7 44 -7 43 1 46 2 52 ]
CSI_DATA,STA,E4:D1:24:F2:5E:80,-84,10,0,0,0,0,0,0,0,0,0,-97,0,9,0,46206784,0,389,0,0,46.5886,128,[-123 81 24 0 -31 2 -24 0 -13 -10 -11 -11 -5 -14 2 -18 5 -23 4 -25 5 -28 9 -28 4 -29 2 -31 2 -27 5 -23 2 -22 -1 -20 2 -18 4 -11 1 -7 9 -7 6 -2 10 2 13 6 11 6 9 12 0 0 0 0 0 0 0 0 0 0 0 0 0 0 0 0 0 0 0 0 0 0 4 8 0 7 -2 11 -4 11 -7 17 -7 18 -6 23 -10 25 -9 22 -10 25 -7 19 -5 21 -2 20 -7 14 -2 11 -6 2 -9 -2 -13 -8 -16 -7 -22 -16 -24 -14 -41 -18 -44 -14 -43 -14 -46 -12 -50 -9 ]
CSI_DATA,STA,E4:D1:24:F2:5E:80,-84,10,0,0,0,0,0,0,0,0,0,-97,0,9,0,46309187,0,389,0,0,46.6911,128,[-123 81 24 0 -31 3 -25 -3 -14 -7 -7 -6 -7 -10 0 -17 0 -20 0 -30 -2 -26 2 -27 -1 -30 0 -30 -2 -26 1 -23 -2 -19 -6 -16 -3 -11 2 -8 7 -10 2 -4 4 -3 12 0 11 0 14 0 13 5 0 0 0 0 0 0 0 0 0 0 0 0 0 0 0 0 0 0 0 0 0 0 -1 5 -3 5 -3 7 -8 12 -4 17 -15 20 -7 20 -12 21 -10 19 -13 27 -3 20 -10 19 -7 16 -7 14 -8 7 -5 3 -8 0 -12 -8 -17 -7 -23 -10 -29 -16 -32 -17 -41 -13 -41 -11 -46 -8 -44 -8 ]
CSI_DATA,STA,E4:D1:24:F2:5E:80,-84,10,0,0,0,0,0,0,0,0,0,-97,0,9,0,46411589,0,389,0,0,46.7935,128,[-123 81 24 0 9 26 7 14 5 16 -9 9 -14 7 -20 2 -23 5 -23 7 -34 5 -29 12 -29 7 -26 6 -28 6 -23 8 -17 6 -14 6 -13 3 -15 0 -11 -4 -7 -3 -4 -8 0 -10 2 -15 1 -15 6 -15 0 0 0 0 0 0 0 0 0 0 0 0 0 0 0 0 0 0 0 0 0 0 4 -6 4 -9 8 -6 13 -7 18 -2 19 -7 21 -9 19 -8 22 -7 24 -10 17 -10 16 -9 19 -10 13 -5 11 -2 7 7 4 8 1 11 1 19 -6 23 6 31 3 38 7 43 4 40 15 47 17 39 ]
CSI_DATA,STA,E4:D1:24:F2:5E:80,-84,10,0,0,0,0,0,0,0,0,0,-97,0,9,0,46513991,0,389,0,0,46.8959,128,[-123 81 24 0 -23 15 -16 11 -17 3 -14 -3 -10 -12 -16 -20 -15 -21 -9 -19 -19 -23 -17 -27 -20 -23 -23 -20 -19 -16 -14 -17 -19 -12 -15 -9 -10 -10 -5 -9 -3 -9 2 -11 4 -7 6 -7 11 -7 12 -6 14 -7 0 0 0 0 0 0 0 0 0 0 0 0 0 0 0 0 0 0 0 0 0 0 2 2 1 5 3 13 -2 13 -2 12 -4 20 -4 22 -5 26 -1 23 0 20 3 23 1 21 0 22 -3 14 -4 7 -3 7 -9 4 -20 7 -20 1 -26 -1 -34 2 -41 3 -43 10 -44 9 -40 13 -44 16 ]
CSI_DATA,STA,E4:D1:24:F2:5E:80,-83,10,0,0,0,0,0,0,0,0,0,-97,0,9,0,46616394,0,389,0,0,46.9983,128,[-123 81 24 0 -29 1 -21 -1 -19 -4 -5 -9 -6 -9 4 -20 -1 -14 0 -28 3 -23 4 -27 0 -24 1 -26 1 -25 -1 -21 3 -21 0 -19 3 -16 2 -14 1 -6 8 0 9 -1 10 4 9 3 11 9 8 11 0 0 0 0 0 0 0 0 0 0 0 0 0 0 0 0 0 0 0 0 0 0 2 5 0 5 -2 9 -1 10 -6 16 -6 20 -5 22 -7 23 -9 20 -7 22 -9 19 -3 20 -3 20 -5 11 -4 10 -4 3 -7 -1 -14 -3 -18 -7 -20 -11 -26 -13 -39 -12 -33 -13 -41 -14 -41 -12 -46 -4 ]
CSI_DATA,STA,E4:D1:24:F2:5E:80,-83,10,0,0,0,0,0,0,0,0,0,-97,0,9,0,46718796,0,389,0,0,47.1007,128,[-123 81 24 0 1 23 -7 23 -3 13 -12 14 -19 6 -18 4 -22 3 -23 2 -28 -4 -28 -1 -31 0 -29 6 -30 0 -27 4 -26 4 -19 2 -14 -3 -9 2 -12 -5 -6 -6 0 -11 0 -8 3 -15 4 -16 9 -9 0 0 0 0 0 0 0 0 0 0 0 0 0 0 0 0 0 0 0 0 0 0 4 -7 8 0 7 7 10 9 16 8 20 10 20 9 21 11 27 3 20 7 19 5 19 3 14 1 12 3 9 7 9 2 4 9 -8 14 -7 18 -13 19 -16 28 -14 37 -14 37 -11 44 -7 49 -3 45 ]
CSI_DATA,STA,E4:D1:24:F2:5E:80,-84,10,0,0,0,0,0,0,0,0,0,-97,0,9,0,46821198,0,389,0,0,47.2032,128,[-123 81 24 0 15 -29 16 -21 6 -9 10 -6 17 1 15 3 20 5 19 12 26 13 23 13 23 8 23 6 26 6 20 2 16 2 22 1 9 3 9 3 5 10 -1 10 -1 9 2 10 -5 11 -10 13 -10 13 0 0 0 0 0 0 0 0 0 0 0 0 0 0 0 0 0 0 0 0 0 0 -6 -3 -6 -6 -8 -9 -5 -9 -11 -13 -7 -21 -16 -21 -10 -20 -14 -19 -15 -21 -15 -18 -18 -17 -13 -11 -5 -13 -11 -10 0 -9 1 -7 9 -8 17 -15 19 -10 25 -23 26 -22 30 -30 29 -34 22 -40 26 -40 ]
CSI_DATA,STA,E4:D1:24:F2:5E:80,-83,10,0,0,0,0,0,0,0,0,0,-97,0,9,0,46923714,0,389,0,0,47.3055,128,[-123 81 24 0 -31 -19 -22 -15 -19 -14 -7 -14 -1 -10 5 -16 4 -17 5 -24 7 -26 5 -32 3 -29 1 -30 3 -28 1 -23 0 -22 -1 -18 -2 -10 5 -18 5 -14 9 -5 5 -8 9 0 12 5 13 6 16 3 0 0 0 0 0 0 0 0 0 0 0 0 0 0 0 0 0 0 0 0 0 0 1 2 -3 6 -9 10 -8 3 -19 7 -19 11 -22 13 -17 10 -23 16 -20 12 -19 15 -12 15 -17 14 -12 9 -9 7 -10 -1 -6 0 -14 -7 -15 -15 -19 -19 -20 -25 -31 -25 -32 -24 -34 -27 -40 -22 -41 -20 ]
CSI_DATA,STA,E4:D1:24:F2:5E:80,-83,10,0,0,0,0,0,0,0,0,0,-97,0,9,0,47026003,0,389,0,0,47.4078,128,[-123 81 24 0 28 -24 23 -12 16 -7 13 0 10 4 11 10 14 17 10 20 16 25 18 20 16 25 16 23 13 15 16 18 15 15 12 10 12 8 5 13 3 8 -3 5 -10 7 -11 5 -12 7 -12 9 -16 3 0 0 0 0 0 0 0 0 0 0 0 0 0 0 0 0 0 0 0 0 0 0 -5 -6 -4 -6 2 -13 -3 -14 -2 -20 -3 -27 -2 -20 -4 -23 -5 -22 -9 -31 -8 -22 -10 -26 -8 -25 -5 -15 -3 -15 5 -9 9 -3 17 -4 19 -5 27 -5 31 -5 37 -10 39 -15 37 -17 44 -21 46 -22 ]
CSI_DATA,STA,E4:D1:24:F2:5E:80,-83,10,0,0,0,0,0,0,0,0,0,-97,0,9,0,47128406,0,389,0,0,47.5104,128,[-123 81 24 0 31 3 19 11 8 14 4 13 -2 9 -10 8 -10 17 -15 20 -18 21 -17 25 -13 27 -12 26 -7 26 -10 21 -9 21 -10 16 -7 11 -7 7 -7 4 -8 -1 -11 -7 -8 -5 -5 -9 -8 -13 -5 -13 0 0 0 0 0 0 0 0 0 0 0 0 0 0 0 0 0 0 0 0 0 0 -2 -3 -4 -6 2 -9 5 -15 6 -17 6 -23 4 -24 7 -19 4 -27 7 -25 7 -23 5 -26 4 -16 2 -15 2 -8 3 -5 3 -1 11 11 15 10 21 16 26 21 33 18 42 21 44 17 45 17 44 15 ]
CSI_DATA,STA,E4:D1:24:F2:5E:80,-84,10,0,0,0,0,0,0,0,0,0,-97,0,9,0,47231518,0,389,0,0,47.6134,128,[-123 81 24 0 24 -18 20 -9 11 -3 8 0 9 10 13 14 12 20 6 22 13 23 9 24 12 23 14 28 17 25 6 15 7 17 7 15 7 12 1 13 -2 8 -5 4 -11 0 -9 1 -12 -4 -13 -3 -16 -3 0 0 0 0 0 0 0 0 0 0 0 0 0 0 0 0 0 0 0 0 0 0 -4 -3 -10 -9 -8 -8 -8 -15 -12 -15 -10 -17 -8 -24 -16 -23 -14 -21 -14 -23 -18 -21 -12 -16 -9 -14 -9 -14 -1 -13 1 -4 7 -3 10 -1 17 -7 25 -7 32 -10 37 -10 35 -19 39 -15 46 -23 46 -27 ]
CSI_DATA,STA,E4:D1:24:F2:5E:80,-83,10,0,0,0,0,0,0,0,0,0,-97,0,9,0,47333211,0,389,0,0,47.7151,128,[-123 81 24 0 -25 3 -20 3 -16 -7 -9 -8 -11 -13 -7 -17 2 -22 -7 -24 -3 -24 -5 -26 -5 -29 -9 -27 3 -30 -9 -24 -7 -21 -8 -16 -2 -10 5 -4 8 -5 6 -4 5 -2 10 0 15 4 13 2 12 6 0 0 0 0 0 0 0 0 0 0 0 0 0 0 0 0 0 0 0 0 0 0 0 6 2 4 -2 11 -7 15 -2 18 -7 19 -8 22 -8 21 -4 23 -4 25 -5 22 -3 23 -4 19 -5 11 -4 11 -7 2 -8 4 -15 -2 -22 -6 -26 -12 -31 -7 -43 -13 -41 -9 -42 -9 -47 0 -47 2 ]
CSI_DATA,STA,E4:D1:24:F2:5E:80,-83,10,0,0,0,0,0,0,0,0,0,-97,0,9,0,47435614,0,389,0,0,47.8175,128,[-123 81 24 0 -32 -2 -26 -8 -12 -9 -12 -8 -7 -14 8 -19 11 -23 15 -20 13 -27 15 -29 14 -30 17 -27 19 -25 11 -23 7 -15 12 -14 10 -9 8 -3 3 -2 4 1 10 5 7 5 6 11 0 11 4 15 0 0 0 0 0 0 0 0 0 0 0 0 0 0 0 0 0 0 0 0 0 0 6 0 -1 5 1 9 3 14 3 17 0 19 5 20 1 22 5 24 3 30 2 21 0 17 -2 21 0 17 -1 9 -4 6 -4 -2 -20 -7 -17 -5 -25 -8 -25 -16 -38 -20 -43 -16 -52 -10 -53 -15 -49 -4 ]
CSI_DATA,STA,E4:D1:24:F2:5E:80,-84,10,0,0,0,0,0,0,0,0,0,-97,0,9,0,47538016,0,389,0,0,47.92,128,[-123 81 24 0 -10 -27 2 -19 1 -12 8 -4 12 -4 9 -1 18 1 21 5 26 3 23 1 25 -3 22 1 24 -5 16 0 17 2 15 2 11 -4 4 0 3 3 4 3 2 8 -5 9 -4 10 -5 12 -8 11 0 0 0 0 0 0 0 0 0 0 0 0 0 0 0 0 0 0 0 0 0 0 -3 2 -7 3 -12 1 -12 -3 -17 0 -18 3 -24 2 -26 4 -21 4 -30 7 -19 2 -19 3 -19 1 -13 0 -7 3 -8 -5 -2 -11 4 -13 6 -15 5 -22 5 -26 4 -32 -4 -38 3 -41 -5 -38 -5 -42 ]
CSI_DATA,STA,E4:D1:24:F2:5E:80,-84,10,0,0,0,0,0,0,0,0,0,-97,0,9,0,47640419,0,389,0,0,48.0222,128,[-123 81 24 0 -30 10 -23 5 -18 3 -11 -4 -12 -12 -8 -13 -11 -19 -6 -22 -10 -24 -11 -31 -17 -22 -10 -20 -9 -23 -8 -23 -9 -21 -11 -19 -3 -14 2 -14 4 -5 2 -10 13 -5 10 -1 12 -1 15 2 13 5 0 0 0 0 0 0 0 0 0 0 0 0 0 0 0 0 0 0 0 0 0 0 1 0 3 9 5 7 2 11 4 17 1 16 6 20 9 23 6 20 8 23 12 21 5 21 5 17 -1 19 2 10 -6 4 -8 6 -11 2 -18 -1 -32 1 -37 3 -37 1 -46 9 -49 7 -47 13 -40 19 ]
CSI_DATA,STA,E4:D1:24:F2:5E:80,-84,10,0,0,0,0,0,0,0,0,0,-97,0,9,0,47742821,0,389,0,0,48.1246,128,[-123 81 24 0 14 28 6 20 0 18 -4 13 -12 8 -16 8 -16 15 -24 9 -27 16 -25 11 -30 15 -18 24 -21 16 -22 11 -14 14 -16 12 -13 6 -11 2 -9 -2 -7 -3 -8 -6 -5 -10 -14 -7 -10 -14 -7 -18 0 0 0 0 0 0 0 0 0 0 0 0 0 0 0 0 0 0 0 0 0 0 3 -6 7 -1 13 0 14 0 16 1 20 3 24 1 25 -2 24 -4 24 1 25 -6 20 -5 16 -7 15 2 14 1 11 4 1 11 7 12 -3 15 1 29 0 36 2 36 8 39 13 41 6 42 21 47 ]
CSI_DATA,STA,E4:D1:24:F2:5E:80,-84,10,0,0,0,0,0,0,0,0,0,-97,0,9,0,47845223,0,389,0,0,48.2272,128,[-123 81 24 0 27 -10 27 -5 17 -2 13 1 5 11 9 13 11 14 10 24 5 26 10 24 15 32 11 23 17 20 13 22 15 16 11 17 5 16 4 10 0 9 -4 7 -6 8 -11 6 -7 3 -17 2 -16 2 0 0 0 0 0 0 0 0 0 0 0 0 0 0 0 0 0 0 0 0 0 0 -3 -7 -2 -6 3 -11 7 -13 4 -19 6 -21 8 -25 3 -28 7 -28 3 -21 0 -27 3 -18 -2 -22 2 -17 5 -7 7 -9 10 -3 15 3 16 3 26 6 29 2 40 8 39 2 50 -1 48 -4 48 -10 ]
CSI_DATA,STA,E4:D1:24:F2:5E:80,-84,10,0,0,0,0,0,0,0,0,0,-97,0,9,0,47947626,0,389,0,0,48.3296,128,[-123 81 24 0 -21 -29 -15 -20 -2 -15 1 -13 10 -9 9 -12 20 -7 19 -9 21 -12 27 -17 26 -16 26 -19 23 -15 18 -12 17 -11 11 -2 17 -8 8 -1 9 2 9 3 6 6 1 10 1 12 -1 14 0 13 0 0 0 0 0 0 0 0 0 0 0 0 0 0 0 0 0 0 0 0 0 0 0 4 -5 2 -9 7 -14 10 -16 11 -13 10 -20 13 -21 15 -20 18 -21 15 -17 12 -16 15 -13 11 -13 12 -13 7 -14 2 -7 -6 -6 -14 -6 -21 -8 -29 -11 -33 -20 -32 -24 -40 -24 -34 -28 -39 -38 -37 ]
CSI_DATA,STA,E4:D1:24:F2:5E:80,-84,10,0,0,0,0,0,0,0,0,0,-97,0,9,0,48050028,0,389,0,0,48.432,128,[-123 81 24 0 -11 24 -19 20 -17 10 -14 4 -15 -3 -20 -12 -21 -18 -23 -13 -21 -12 -25 -18 -26 -20 -26 -13 -26 -13 -18 -15 -21 -13 -15 -11 -13 -10 -3 -8 -3 -7 4 -9 6 -7 7 -9 11 -9 14 -10 13 -7 0 0 0 0 0 0 0 0 0 0 0 0 0 0 0 0 0 0 0 0 0 0 4 -2 3 4 8 8 8 7 10 13 15 14 15 21 16 22 19 16 19 19 20 14 17 12 15 8 13 12 3 4 2 10 -3 11 -11 4 -17 12 -22 11 -31 14 -33 28 -27 28 -40 30 -31 41 -29 39 ]
CSI_DATA,STA,E4:D1:24:F2:5E:80,-84,10,0,0,0,0,0,0,0,0,0,-97,0,9,0,48152430,0,389,0,0,48.5343,128,[-123 81 24 0 8 28 5 24 2 18 -7 10 -10 10 -20 3 -22 8 -23 6 -27 3 -26 8 -28 11 -26 5 -22 10 -22 7 -21 10 -11 5 -11 3 -10 -3 -9 -1 -8 -5 -1 -3 -6 -13 -1 -15 -3 -17 8 -15 0 0 0 0 0 0 0 0 0 0 0 0 0 0 0 0 0 0 0 0 0 0 2 -7 4 -1 12 -7 12 -2 17 -2 21 1 26 -1 27 -4 23 -4 21 -4 23 -5 18 -4 23 2 11 -4 12 -1 11 2 3 10 -2 15 -8 16 -2 26 -8 27 -1 43 1 40 8 44 7 47 13 43 ]
CSI_DATA,STA,E4:D1:24:F2:5E:80,-84,10,0,0,0,0,0,0,0,0,0,-97,0,9,0,48254833,0,389,0,0,48.6368,128,[-123 81 24 0 -17 30 -10 19 -13 9 -13 6 -14 -3 -13 -7 -20 -14 -20 -11 -19 -13 -22 -14 -24 -15 -22 -14 -23 -17 -20 -11 -15 -15 -15 -13 -13 -12 -5 -10 -3 -5 4 -12 6 -12 7 -7 13 -13 12 -7 13 -6 0 0 0 0 0 0 0 0 0 0 0 0 0 0 0 0 0 0 0 0 0 0 1 -1 4 -3 5 9 4 6 11 11 16 9 13 12 19 13 19 17 19 10 21 13 15 13 16 11 15 10 8 8 -4 2 -4 8 -10 8 -12 13 -25 15 -24 22 -27 22 -25 33 -26 36 -27 37 -21 45 ]
CSI_DATA,STA,E4:D1:24:F2:5E:80,-84,10,0,0,0,0,0,0,0,0,0,-97,0,9,0,48357235,0,389,0,0,48.739,128,[-123 81 24 0 -31 -17 -21 -18 -10 -12 -6 -13 2 -11 7 -11 12 -18 17 -18 17 -20 16 -22 13 -25 13 -28 13 -23 11 -23 12 -18 8 -15 8 -7 6 -9 12 -3 8 -1 11 3 6 4 6 12 7 13 6 12 0 0 0 0 0 0 0 0 0 0 0 0 0 0 0 0 0 0 0 0 0 0 1 2 -4 6 -5 6 -10 8 -14 10 -16 14 -16 16 -21 17 -18 20 -15 15 -16 17 -17 15 -12 15 -10 17 -11 4 -4 1 -8 -3 -9 -8 -13 -20 -15 -18 -19 -23 -22 -31 -27 -35 -34 -31 -35 -33 -36 -29 ]
CSI_DATA,STA,E4:D1:24:F2:5E:80,-84,10,0,0,0,0,0,0,0,0,0,-97,0,9,0,48459638,0,389,0,0,48.8414,128,[-123 81 24 0 -6 28 -9 24 -9 11 -10 8 -13 2 -20 1 -18 -5 -22 -5 -26 -5 -23 -3 -26 -2 -22 -5 -23 4 -20 0 -18 4 -16 4 -12 1 -10 -2 -9 -5 -9 -4 -3 -7 -4 -10 1 -15 0 -15 3 -10 0 0 0 0 0 0 0 0 0 0 0 0 0 0 0 0 0 0 0 0 0 0 3 2 3 2 2 7 5 11 6 11 9 14 6 18 11 21 14 20 10 19 13 16 13 17 11 13 7 13 1 6 3 9 -2 6 -10 12 -13 11 -17 12 -20 14 -21 25 -22 35 -21 29 -23 34 -19 35 ]
CSI_DATA,STA,E4:D1:24:F2:5E:80,-83,10,0,0,0,0,0,0,0,0,0,-97,0,9,0,48562040,0,389,0,0,48.944,128,[-123 81 24 0 -22 18 -21 14 -12 6 -18 0 -11 -6 -9 -9 -14 -15 -14 -21 -16 -21 -21 -27 -20 -21 -19 -20 -20 -15 -18 -15 -12 -10 -8 -10 -15 -12 -5 -9 -2 -8 1 -7 10 -9 8 -6 8 -6 16 -5 16 -4 0 0 0 0 0 0 0 0 0 0 0 0 0 0 0 0 0 0 0 0 0 0 3 -3 4 5 3 8 3 8 6 16 6 16 8 20 14 18 11 20 9 21 16 17 5 8 9 8 7 12 -1 11 -1 6 -5 2 -10 6 -19 6 -21 4 -27 10 -34 13 -37 14 -39 19 -45 27 -40 31 ]
CSI_DATA,STA,E4:D1:24:F2:5E:80,-85,10,0,0,0,0,0,0,0,0,0,-97,0,9,0,48664442,0,389,0,0,49.0464,128,[-123 81 24 0 -28 5 -22 -3 -15 -2 -5 -10 0 -9 2 -18 7 -22 6 -20 1 -29 1 -25 6 -25 -2 -32 2 -27 3 -24 5 -16 5 -19 -2 -10 4 -11 5 -7 7 2 8 1 9 7 10 9 9 10 7 11 0 0 0 0 0 0 0 0 0 0 0 0 0 0 0 0 0 0 0 0 0 0 0 1 -3 4 0 9 -2 13 2 13 -1 17 4 24 3 27 2 21 3 24 -2 22 -1 17 0 15 2 11 3 7 -1 7 -2 1 -12 -7 -18 -11 -28 -8 -32 -8 -37 -6 -44 -10 -44 -7 -43 1 -47 -2 ]
CSI_DATA,STA,E4:D1:24:F2:5E:80,-84,10,0,0,0,0,0,0,0,0,0,-97,0,9,0,48766845,0,389,0,0,49.1488,128,[-123 81 24 0 1 -31 8 -19 8 -16 8 0 13 4 17 4 17 8 20 6 26 10 25 9 25 8 28 9 25 8 19 10 19 5 17 6 4 7 4 5 2 6 -6 5 -3 7 -10 3 -13 6 -11 11 -13 8 0 0 0 0 0 0 0 0 0 0 0 0 0 0 0 0 0 0 0 0 0 0 -4 1 -5 -1 -10 -2 -16 -8 -16 -10 -18 -6 -20 -12 -23 -16 -25 -12 -18 -9 -19 -12 -19 -7 -20 -6 -15 -6 -5 -5 -3 -4 4 -10 6 -16 13 -15 21 -25 20 -27 23 -30 21 -35 16 -38 21 -44 19 -49 ]
CSI_DATA,STA,E4:D1:24:F2:5E:80,-83,10,0,0,0,0,0,0,0,0,0,-97,0,9,0,48869247,0,389,0,0,49.2513,128,[-123 81 24 0 25 16 17 13 11 8 1 6 -3 8 -8 18 -10 16 -12 23 -14 21 -19 26 -13 26 -11 20 -13 26 -5 18 -8 18 -5 12 -6 11 -8 9 -6 6 -4 -2 -7 -9 -13 -9 -9 -11 -11 -11 -10 -15 0 0 0 0 0 0 0 0 0 0 0 0 0 0 0 0 0 0 0 0 0 0 2 -4 1 -9 6 -8 9 -14 12 -12 12 -13 16 -16 16 -19 21 -20 18 -19 11 -20 11 -16 9 -14 10 -10 11 -6 9 3 6 7 8 7 13 10 12 20 18 23 21 34 23 28 24 29 29 24 35 29 ]
CSI_DATA,STA,E4:D1:24:F2:5E:80,-83,10,0,0,0,0,0,0,0,0,0,-97,0,9,0,48971650,0,389,0,0,49.3536,128,[-123 81 24 0 -31 -12 -20 -11 -16 -14 0 -11 -1 -17 4 -15 13 -18 13 -20 13 -19 10 -24 12 -27 11 -27 7 -26 4 -25 8 -21 5 -18 9 -12 9 -11 8 -4 7 -4 6 2 11 7 8 7 12 13 10 10 0 0 0 0 0 0 0 0 0 0 0 0 0 0 0 0 0 0 0 0 0 0 2 2 -7 6 -5 9 -9 8 -8 10 -14 13 -16 17 -15 17 -17 19 -17 16 -14 20 -14 18 -14 14 -12 15 -2 5 -10 2 -11 -1 -9 -11 -9 -13 -12 -22 -18 -24 -28 -26 -35 -29 -40 -32 -41 -20 -41 -25 ]
CSI_DATA,STA,E4:D1:24:F2:5E:80,-84,10,0,0,0,0,0,0,0,0,0,-97,0,9,0,49074052,0,389,0,0,49.456,128,[-123 81 24 0 10 -35 9 -22 5 -13 12 -11 10 2 14 4 18 5 17 9 20 8 22 13 31 10 24 11 28 3 26 6 20 4 17 6 11 3 7 2 7 3 -1 5 2 12 -4 10 -7 12 -10 13 -13 14 0 0 0 0 0 0 0 0 0 0 0 0 0 0 0 0 0 0 0 0 0 0 -3 -2 -5 -3 -9 -4 -10 -10 -10 -12 -18 -15 -15 -16 -18 -18 -24 -20 -21 -18 -16 -20 -16 -16 -20 -13 -9 -10 -6 -6 0 -8 4 -9 8 -14 12 -14 20 -19 21 -18 22 -31 26 -33 26 -35 29 -37 25 -42 ]
CSI_DATA,STA,E4:D1:24:F2:5E:80,-83,10,0,0,0,0,0,0,0,0,0,-97,0,9,0,49176454,0,389,0,0,49.5582,128,[-123 81 24 0 1 -30 1 -24 6 -15 9 -6 8 -5 15 -1 17 3 26 2 27 3 29 3 29 -1 26 1 29 1 26 -2 20 -2 22 -1 13 -2 5 3 8 4 6 3 1 13 -5 14 -6 6 -10 10 -4 13 0 0 0 0 0 0 0 0 0 0 0 0 0 0 0 0 0 0 0 0 0 0 -4 4 -6 -1 -10 -4 -12 -5 -15 -5 -17 -3 -20 -7 -27 -7 -28 -6 -28 -12 -25 -7 -24 -5 -23 -6 -15 -5 -14 -5 -5 -3 -4 -4 1 -14 7 -18 8 -25 16 -26 13 -30 11 -50 15 -44 7 -41 6 -51 ]
CSI_DATA,STA,E4:D1:24:F2:5E:80,-83,10,0,0,0,0,0,0,0,0,0,-97,0,9,0,49278857,0,389,0,0,49.6608,128,[-123 81 24 0 -4 21 1 17 0 18 -6 3 -17 0 -17 1 -12 0 -15 4 -23 -1 -24 -2 -27 -2 -29 3 -20 -1 -24 -4 -16 5 -16 0 -13 1 -7 -2 -10 -5 -8 -9 4 -7 2 -8 5 -13 3 -14 7 -13 0 0 0 0 0 0 0 0 0 0 0 0 0 0 0 0 0 0 0 0 0 0 3 -2 7 1 5 1 13 -3 13 8 22 12 17 7 23 2 19 4 24 7 14 0 15 8 20 -1 9 -1 5 -1 4 9 2 7 5 9 -1 19 -7 14 -13 23 -22 35 -10 34 -8 35 -4 40 -2 42 ]
CSI_DATA,STA,E4:D1:24:F2:5E:80,-84,10,0,0,0,0,0,0,0,0,0,-97,0,9,0,49381260,0,389,0,0,49.7632,128,[-123 81 24 0 18 -25 11 -17 12 -10 13 -3 13 8 12 6 20 15 14 11 17 19 17 17 26 16 21 15 25 15 24 12 15 15 16 8 10 7 8 10 5 7 3 10 -6 8 -7 5 -6 8 -13 13 -13 8 0 0 0 0 0 0 0 0 0 0 0 0 0 0 0 0 0 0 0 0 0 0 -2 -2 -5 -7 -2 -10 -2 -8 -4 -19 -5 -17 -8 -23 -7 -21 -14 -23 -11 -30 -10 -19 -7 -22 -8 -17 -2 -15 3 -12 1 -8 4 -8 9 -9 17 -6 22 -11 33 -16 33 -18 33 -18 33 -26 38 -28 30 -31 ]
CSI_DATA,STA,E4:D1:24:F2:5E:80,-84,10,0,0,0,0,0,0,0,0,0,-97,0,9,0,49483662,0,389,0,0,49.8656,128,[-123 81 24 0 -26 -16 -22 -13 -6 -8 -5 -8 4 -14 7 -19 13 -13 13 -19 21 -19 18 -28 17 -21 12 -25 14 -24 15 -20 12 -19 10 -15 8 -11 9 -6 3 -3 5 -3 8 4 6 8 1 9 5 13 5 13 0 0 0 0 0 0 0 0 0 0 0 0 0 0 0 0 0 0 0 0 0 0 0 7 -3 10 -5 8 -5 7 -13 11 -16 17 -14 17 -13 17 -16 20 -12 25 -12 18 -7 12 -6 18 -7 7 -13 10 -7 -3 -9 -3 -16 -13 -14 -15 -21 -20 -19 -25 -25 -28 -33 -36 -31 -27 -40 -28 -43 -26 ]
CSI_DATA,STA,E4:D1:24:F2:5E:80,-84,10,0,0,0,0,0,0,0,0,0,-97,0,9,0,49586065,0,389,0,0,49.968,128,[-123 81 24 0 -15 -30 -8 -19 -8 -19 3 -14 7 -11 16 -9 23 -7 20 -6 21 -15 25 -13 28 -13 22 -18 21 -16 16 -14 17 -15 17 -10 14 -10 10 -6 6 0 4 -5 5 3 11 8 3 10 5 16 4 19 0 0 0 0 0 0 0 0 0 0 0 0 0 0 0 0 0 0 0 0 0 0 -3 4 -5 0 -10 -3 -14 -1 -18 -2 -17 -3 -21 -5 -24 -3 -27 3 -25 -3 -26 -2 -17 -3 -16 3 -11 -1 -9 0 -7 -4 -3 -11 1 -11 2 -19 5 -26 -4 -27 -4 -39 -7 -42 -14 -48 -12 -46 -18 -44 ]
CSI_DATA,STA,E4:D1:24:F2:5E:80,-83,10,0,0,0,0,0,0,0,0,0,-97,0,9,0,49617767,0,182,0,0,50.0011,128,[-74 96 11 0 11 -27 13 -22 3 -12 11 -11 16 0 18 3 18 10 24 12 21 5 27 7 23 5 30 1 24 3 21 4 18 9 19 1 12 6 14 6 8 -1 6 7 2 8 -5 11 -2 11 -7 15 -10 7 0 0 0 0 0 0 0 0 0 0 0 0 0 0 0 0 0 0 0 0 0 0 -5 -2 -5 -2 -7 -12 -7 -15 -7 -14 -10 -19 -10 -23 -16 -23 -11 -21 -14 -26 -16 -14 -15 -17 -11 -16 -11 -15 -8 -17 0 -4 8 -7 4 -6 16 -12 15 -17 24 -24 25 -27 30 -34 30 -38 25 -39 21 -40 ]
CSI_DATA,STA,E4:D1:24:F2:5E:80,-83,10,0,0,0,0,0,0,0,0,0,-97,0,9,0,49688467,0,389,0,0,50.0703,128,[-123 81 24 0 -6 33 -1 24 -12 18 -11 4 -15 0 -18 -5 -26 -3 -25 -11 -24 -6 -28 -13 -29 -10 -28 -10 -26 -9 -26 -6 -20 -3 -22 -6 -12 -8 -9 -9 -5 -7 -3 -5 2 -12 7 -13 7 -7 14 -11 14 -7 0 0 0 0 0 0 0 0 0 0 0 0 0 0 0 0 0 0 0 0 0 0 5 -1 10 -3 11 -4 10 3 16 2 18 3 22 3 25 1 25 5 29 4 21 7 22 1 16 -2 18 2 11 4 0 0 1 13 -7 11 -9 21 -15 20 -14 27 -12 30 -20 40 -17 44 -15 45 -6 49 ]
CSI_DATA,STA,E4:D1:24:F2:5E:80,-84,10,0,0,0,0,0,0,0,0,0,-97,0,9,0,49790870,0,389,0,0,50.1728,128,[-123 81 24 0 -24 22 -15 21 -14 3 -10 -3 -11 -6 -7 -18 -8 -19 -16 -19 -13 -25 -19 -26 -15 -28 -16 -26 -14 -29 -16 -21 -13 -19 -11 -11 -4 -12 -3 -15 -1 -8 -1 -7 6 -3 10 -7 10 3 16 1 15 4 0 0 0 0 0 0 0 0 0 0 0 0 0 0 0 0 0 0 0 0 0 0 1 -2 6 0 9 8 15 8 13 12 14 16 18 13 18 19 18 17 16 22 13 13 13 10 9 11 11 7 7 9 -5 2 -5 8 -10 4 -20 5 -26 13 -26 17 -30 21 -36 24 -36 32 -31 26 -26 33 ]
CSI_DATA,STA,E4:D1:24:F2:5E:80,-83,10,0,0,0,0,0,0,0,0,0,-97,0,9,0,49858176,0,194,0,0,50.2398,128,[-62 32 12 0 23 -1 23 -4 19 3 11 3 7 6 0 18 -1 20 -2 24 -8 26 -1 26 -2 22 -1 26 -6 27 0 26 0 21 -4 17 -1 12 -1 10 -4 6 -9 -2 -10 -3 -14 -5 -8 -8 -12 -10 -12 -13 0 0 0 0 0 0 0 0 0 0 0 0 0 0 0 0 0 0 0 0 0 0 -3 -2 -9 -8 -6 -11 -1 -14 -4 -16 -4 -20 -3 -20 -3 -31 -4 -24 -3 -26 -2 -25 -5 -22 -3 -21 -4 -19 3 -13 7 -3 10 -2 14 0 17 3 26 2 36 8 39 7 45 6 42 1 51 2 49 -8 ]
CSI_DATA,STA,E4:D1:24:F2:5E:80,-83,10,0,0,0,0,0,0,0,0,0,-97,0,9,0,49893272,0,389,0,0,50.2747,128,[-123 81 24 0 27 -3 24 -1 16 5 5 7 5 12 1 13 -5 24 0 26 0 22 -1 28 -1 34 3 27 1 26 1 27 -7 16 1 18 -4 13 -7 11 -5 7 -10 1 -6 5 -13 0 -14 1 -10 -12 -15 -11 0 0 0 0 0 0 0 0 0 0 0 0 0 0 0 0 0 0 0 0 0 0 -6 -3 2 -7 4 -10 4 -10 6 -20 13 -22 8 -22 2 -25 10 -25 9 -26 2 -24 6 -26 0 -19 0 -13 5 -10 8 -7 7 -1 10 8 15 4 27 13 27 14 36 12 37 12 41 11 43 9 41 4 ]
CSI_DATA,STA,E4:D1:24:F2:5E:80,-84,10,0,0,0,0,0,0,0,0,0,-97,0,9,0,49995674,0,389,0,0,50.3776,128,[-123 81 24 0 -29 10 -19 7 -19 1 -14 -3 -5 -7 -10 -13 -10 -16 -3 -20 -4 -27 -10 -25 -10 -29 -14 -28 -12 -26 -10 -24 -11 -20 -4 -15 -6 -14 -4 -8 4 -12 6 -8 5 -4 12 1 8 1 13 3 11 5 0 0 0 0 0 0 0 0 0 0 0 0 0 0 0 0 0 0 0 0 0 0 3 -1 -1 6 0 9 6 12 3 11 7 13 8 18 6 23 7 19 3 21 10 22 4 19 3 17 2 12 -2 11 2 6 -6 -1 -11 2 -15 1 -23 2 -31 4 -39 8 -44 11 -44 15 -47 5 -45 21 ]
CSI_DATA,STA,E4:D1:24:F2:5E:80,-85,10,0,0,0,0,0,0,0,0,0,-97,0,9,0,50098077,0,389,0,0,50.48,128,[-123 81 24 0 -7 -22 -12 -22 -1 -19 3 -10 4 -16 12 -10 17 -9 19 -7 18 -13 20 -11 19 -15 18 -17 19 -20 21 -12 16 -13 11 -14 6 -14 11 -7 6 -2 6 2 7 5 3 7 5 11 3 11 3 11 0 0 0 0 0 0 0 0 0 0 0 0 0 0 0 0 0 0 0 0 0 0 -3 1 -5 3 -9 1 -11 -4 -17 -4 -22 -4 -21 1 -21 1 -22 -2 -26 1 -23 -2 -24 0 -22 8 -15 1 -6 3 -11 -2 -5 -5 -4 -14 0 -17 0 -29 -5 -28 -1 -30 -8 -37 -10 -45 -8 -39 -15 -37 ]
CSI_DATA,STA,E4:D1:24:F2:5E:80,-84,10,0,0,0,0,0,0,0,0,0,-97,0,9,0,50108458,0,194,0,0,50.5124,128,[-62 32 12 0 -17 23 -17 12 -14 10 -13 -1 -17 -2 -11 -11 -13 -13 -16 -19 -20 -17 -18 -21 -19 -23 -23 -21 -22 -17 -17 -18 -15 -12 -13 -18 -9 -10 -2 -10 -5 -5 -2 -9 6 -8 11 -7 11 -6 13 -5 16 -3 0 0 0 0 0 0 0 0 0 0 0 0 0 0 0 0 0 0 0 0 0 0 6 1 3 6 7 4 5 13 8 16 9 19 10 20 14 18 11 19 14 22 9 16 12 15 11 16 10 13 1 10 1 5 -9 3 -12 6 -14 3 -25 5 -30 5 -31 13 -34 24 -39 19 -37 25 -38 32 ]
CSI_DATA,STA,E4:D1:24:F2:5E:80,-84,10,0,0,0,0,0,0,0,0,0,-97,0,9,0,50200479,0,389,0,0,50.5825,128,[-123 81 24 0 -1 30 0 19 -8 16 -7 6 -15 9 -20 -3 -18 -3 -23 1 -23 -6 -28 0 -29 -4 -28 -1 -24 1 -24 -2 -25 -1 -18 0 -15 -1 -10 -2 -8 -3 -1 -10 -1 -7 0 -10 7 -11 6 -14 8 -15 0 0 0 0 0 0 0 0 0 0 0 0 0 0 0 0 0 0 0 0 0 0 5 -2 5 -3 11 1 17 6 19 5 20 5 21 1 21 9 24 6 26 2 24 2 25 1 20 2 16 -2 7 2 5 5 4 8 -8 12 -8 14 -14 24 -12 30 -8 35 -13 42 -14 49 -4 44 -5 48 ]
CSI_DATA,STA,E4:D1:24:F2:5E:80,-83,10,0,0,0,0,0,0,0,0,0,-97,0,9,0,50302882,0,389,0,0,50.6848,128,[-123 81 24 0 -8 29 -9 23 -8 13 -10 8 -9 5 -13 -1 -21 -6 -24 -4 -23 -6 -30 -6 -29 -6 -25 -1 -29 -3 -26 -3 -19 0 -19 0 -14 0 -11 -6 -5 -6 -6 -3 -2 -10 2 -11 2 -17 4 -13 8 -17 0 0 0 0 0 0 0 0 0 0 0 0 0 0 0 0 0 0 0 0 0 0 4 -1 6 4 9 8 6 9 13 12 17 9 15 14 18 16 20 13 20 16 18 12 14 13 15 11 10 9 9 2 2 6 -2 12 -13 8 -17 14 -12 18 -26 26 -26 33 -22 37 -20 34 -18 42 -17 44 ]
CSI_DATA,STA,E4:D1:24:F2:5E:80,-83,10,0,0,0,0,0,0,0,0,0,-97,0,9,0,50360622,0,194,0,0,50.7424,128,[-62 32 12 0 5 -31 9 -20 8 -14 1 -7 11 -2 13 6 28 7 27 1 30 8 24 9 31 7 29 4 24 3 27 8 19 1 16 1 14 6 12 11 6 4 0 9 0 5 -4 12 -4 10 -9 12 -11 7 0 0 0 0 0 0 0 0 0 0 0 0 0 0 0 0 0 0 0 0 0 0 -3 4 -5 2 -10 -9 -10 -10 -12 -16 -18 -10 -13 -17 -22 -19 -19 -17 -19 -16 -21 -9 -19 -13 -14 -13 -14 -11 -9 -4 -2 -12 2 -11 6 -14 13 -14 16 -18 21 -23 26 -31 22 -34 23 -44 15 -43 17 -42 ]
CSI_DATA,STA,E4:D1:24:F2:5E:80,-83,10,0,0,0,0,0,0,0,0,0,-97,0,9,0,50405284,0,389,0,0,50.7867,128,[-123 81 24 0 -33 18 -20 8 -14 8 -11 -1 -9 -4 -10 -15 -15 -12 -17 -22 -20 -24 -15 -19 -23 -22 -21 -15 -22 -21 -23 -15 -22 -14 -10 -15 -16 -8 -7 -11 -6 -8 0 -7 2 -9 5 -13 8 -8 10 -12 11 -6 0 0 0 0 0 0 0 0 0 0 0 0 0 0 0 0 0 0 0 0 0 0 2 2 -1 6 0 8 -2 11 -7 20 -1 18 -4 24 0 29 -2 25 3 27 1 23 4 21 0 18 3 13 -4 13 -6 5 -12 1 -13 -3 -20 6 -22 -1 -30 3 -37 4 -41 11 -51 14 -43 14 -45 17 ]
CSI_DATA,STA,E4:D1:24:F2:5E:80,-83,10,0,0,0,0,0,0,0,0,0,-97,0,9,0,50507686,0,389,0,0,50.8896,128,[-123 81 24 0 -4 32 -10 15 -4 14 -9 10 -13 4 -15 -9 -20 -8 -21 -6 -23 -12 -25 -12 -25 -11 -26 -9 -24 -8 -19 -12 -20 -7 -14 -8 -9 -5 -8 -4 -7 -8 -2 -12 -2 -8 5 -8 6 -8 9 -9 15 -5 0 0 0 0 0 0 0 0 0 0 0 0 0 0 0 0 0 0 0 0 0 0 -1 -2 5 0 8 7 8 2 21 7 14 9 19 15 23 11 21 7 24 9 25 7 18 7 11 5 14 6 8 4 1 6 -1 8 -5 6 -8 12 -11 14 -20 22 -21 27 -21 34 -25 37 -20 36 -15 43 ]
CSI_DATA,STA,E4:D1:24:F2:5E:80,-84,10,0,0,0,0,0,0,0,0,0,-97,0,9,0,50610089,0,389,0,0,50.9919,128,[-123 81 24 0 9 -26 12 -19 5 -9 13 -4 13 -1 19 0 22 15 19 16 19 16 25 12 27 11 21 11 25 11 22 8 26 10 15 8 12 7 5 6 2 4 3 5 -3 8 -2 8 -8 9 -6 11 -11 8 0 0 0 0 0 0 0 0 0 0 0 0 0 0 0 0 0 0 0 0 0 0 -6 3 -5 -1 -9 -5 -11 -7 -9 -17 -9 -13 -11 -16 -12 -17 -16 -14 -17 -18 -18 -17 -18 -17 -19 -15 -11 -13 -7 -11 -3 -5 2 -6 12 -12 16 -9 24 -15 24 -23 21 -23 29 -29 30 -36 26 -45 27 -40 ]
CSI_DATA,STA,E4:D1:24:F2:5E:80,-84,10,0,0,0,0,0,0,0,0,0,-97,0,9,0,50613596,0,268,0,0,51.0243,128,[12 -63 16 0 30 -4 26 5 16 8 12 8 4 12 3 15 0 17 3 21 2 23 8 25 4 30 6 25 5 25 5 21 8 23 6 22 2 15 -2 9 -2 8 -4 6 -7 2 -10 2 -15 3 -18 -1 -14 -2 0 0 0 0 0 0 0 0 0 0 0 0 0 0 0 0 0 0 0 0 0 0 0 -3 0 -5 2 -11 2 -10 6 -17 6 -21 5 -24 10 -22 6 -26 10 -24 8 -23 2 -21 1 -21 2 -17 3 -15 4 -9 9 2 13 5 23 7 23 11 31 7 37 9 44 5 43 3 48 -1 47 -7 ]
CSI_DATA,STA,E4:D1:24:F2:5E:80,-84,10,0,0,0,0,0,0,0,0,0,-97,0,9,0,50711931,0,182,0,0,51.0937,128,[-74 96 11 0 -12 -33 -8 -27 2 -18 0 -8 6 -6 14 -6 18 0 20 -5 27 -6 28 -8 26 -3 20 -3 23 -5 20 -5 20 -9 18 -3 12 -2 11 -2 10 -1 6 5 3 6 -4 6 -6 10 -6 9 -9 16 0 0 0 0 0 0 0 0 0 0 0 0 0 0 0 0 0 0 0 0 0 0 -5 2 -5 -1 -12 5 -12 2 -13 4 -25 5 -23 -2 -22 7 -27 5 -23 8 -23 7 -20 9 -16 5 -16 2 -9 -2 -7 -3 3 -9 -1 -13 12 -20 2 -24 0 -26 0 -43 -5 -44 -3 -42 -12 -43 -10 -43 ]
CSI_DATA,STA,E4:D1:24:F2:5E:80,-82,10,0,0,0,0,0,0,0,0,0,-97,0,9,0,50712491,0,389,0,0,51.125,128,[-123 81 24 0 -27 -4 -22 -7 -21 -5 -8 -2 -5 -18 -6 -13 5 -21 3 -19 -1 -25 6 -24 -3 -28 -2 -25 0 -21 -3 -25 -2 -24 0 -19 -1 -17 7 -13 4 -7 4 -6 4 4 14 3 9 4 12 5 13 4 0 0 0 0 0 0 0 0 0 0 0 0 0 0 0 0 0 0 0 0 0 0 3 3 0 4 -8 7 -9 9 -6 12 -9 12 -14 16 -7 19 -10 19 -13 21 -15 20 -7 14 -1 11 -4 12 -6 11 -7 3 -6 2 -9 -12 -8 -7 -22 -16 -22 -13 -28 -11 -41 -17 -39 -16 -45 -16 -38 -7 ]
CSI_DATA,STA,E4:D1:24:F2:5E:80,-83,10,0,0,0,0,0,0,0,0,0,-97,0,9,0,50814894,0,389,0,0,51.1969,128,[-123 81 24 0 -8 33 -8 21 -8 19 -13 5 -15 4 -16 -1 -22 -3 -22 -7 -20 1 -29 1 -24 -3 -32 -1 -29 -1 -27 1 -25 3 -19 -1 -16 -2 -16 3 -7 -7 -6 -6 -3 -8 2 -7 3 -11 -2 -20 4 -18 0 0 0 0 0 0 0 0 0 0 0 0 0 0 0 0 0 0 0 0 0 0 2 4 4 4 6 7 7 11 9 14 11 17 12 18 8 18 16 16 15 16 14 16 12 13 15 17 10 12 3 11 1 10 -7 13 -6 5 -14 15 -21 16 -28 16 -26 21 -29 33 -29 43 -23 36 -26 45 ]
CSI_DATA,STA,E4:D1:24:F2:5E:80,-83,10,0,0,0,0,0,0,0,0,0,-97,0,9,0,50824955,0,182,0,0,51.2287,128,[-74 96 11 0 9 34 5 22 2 14 -5 11 -5 13 -15 9 -25 9 -24 11 -22 11 -27 5 -23 15 -25 11 -22 15 -19 17 -14 12 -13 12 -12 6 -11 4 -12 0 -12 -3 -5 -8 -8 -7 -4 -11 -6 -16 -1 -14 0 0 0 0 0 0 0 0 0 0 0 0 0 0 0 0 0 0 0 0 0 0 1 -6 2 -3 10 -1 12 -5 14 -1 17 -3 20 -2 24 -5 26 -4 22 1 24 -3 20 0 18 -8 14 -2 9 1 8 2 2 5 6 8 2 22 -3 22 5 36 3 34 4 46 12 45 10 47 18 42 ]
CSI_DATA,STA,E4:D1:24:F2:5E:80,-83,10,0,0,0,0,0,0,0,0,0,-97,0,9,0,50917296,0,389,0,0,51.2992,128,[-123 81 24 0 -1 32 -1 16 -8 12 -5 6 -11 0 -17 -1 -20 -6 -22 -8 -25 -12 -31 -8 -22 -5 -30 -7 -27 -4 -23 -6 -20 -4 -17 -7 -13 -7 -12 -5 -7 -3 -2 -7 1 -9 6 -9 12 -7 9 -12 11 -8 0 0 0 0 0 0 0 0 0 0 0 0 0 0 0 0 0 0 0 0 0 0 -1 -4 2 -4 12 -3 12 -4 17 3 19 1 22 -2 25 0 29 -3 26 -4 22 -6 19 -7 16 2 17 -3 8 3 5 7 0 8 0 15 -6 22 -12 22 -9 30 -10 39 -10 43 -8 42 -8 42 0 51 ]
CSI_DATA,STA,E4:D1:24:F2:5E:80,-84,10,0,0,0,0,0,0,0,0,0,-97,0,9,0,51019698,0,389,0,0,51.4016,128,[-123 81 24 0 -21 23 -19 21 -13 12 -13 5 -11 -4 -17 -10 -18 -13 -19 -14 -21 -14 -29 -11 -26 -18 -24 -12 -27 -11 -23 -3 -23 -10 -14 -7 -13 -7 -13 -10 -6 -11 -6 -8 -1 -11 5 -12 9 -12 11 -13 9 -10 0 0 0 0 0 0 0 0 0 0 0 0 0 0 0 0 0 0 0 0 0 0 2 4 1 5 -1 14 -2 11 -2 14 4 20 4 20 2 22 5 22 7 18 11 25 9 16 4 14 4 9 4 10 0 8 -12 7 -17 5 -18 2 -25 8 -28 12 -32 17 -40 20 -33 22 -33 29 -36 31 ]
CSI_DATA,STA,E4:D1:24:F2:5E:80,-83,10,0,0,0,0,0,0,0,0,0,-97,0,9,0,51122101,0,389,0,0,51.504,128,[-123 81 24 0 9 -31 14 -29 8 -16 9 -8 19 -3 14 6 18 9 20 17 19 15 22 16 27 14 29 12 23 18 20 15 20 10 13 11 13 8 9 10 0 5 2 8 -3 7 -11 7 -12 6 -15 8 -17 9 0 0 0 0 0 0 0 0 0 0 0 0 0 0 0 0 0 0 0 0 0 0 -3 5 -3 -3 -8 -4 -15 -5 -19 -9 -22 -13 -22 -11 -27 -11 -27 -17 -22 -11 -20 -11 -19 -10 -18 -9 -13 -5 -10 -10 1 -4 -1 -11 5 -8 14 -16 15 -19 21 -22 27 -30 22 -33 21 -36 24 -48 21 -52 ]
CSI_DATA,STA,E4:D1:24:F2:5E:80,-84,10,0,0,0,0,0,0,0,0,0,-97,0,9,0,51224503,0,389,0,0,51.6065,128,[-123 81 24 0 9 26 12 19 1 11 -1 14 -12 8 -12 2 -19 7 -22 6 -23 7 -33 5 -28 7 -29 12 -28 11 -25 11 -22 6 -17 8 -19 6 -11 1 -7 -3 -2 -6 -5 -9 0 -10 1 -11 4 -10 2 -17 0 0 0 0 0 0 0 0 0 0 0 0 0 0 0 0 0 0 0 0 0 0 1 -5 8 -6 10 -3 13 -3 17 -3 19 -5 21 -4 27 -7 27 -1 25 -4 24 -7 23 -4 17 -6 17 -5 13 2 5 3 1 11 -1 11 1 19 -2 24 -2 30 5 39 4 44 10 47 6 44 14 41 ]
CSI_DATA,STA,E4:D1:24:F2:5E:80,-84,10,0,0,0,0,0,0,0,0,0,-97,0,9,0,51326907,0,389,0,0,51.7088,128,[-123 81 24 0 -27 12 -18 11 -20 4 -14 -1 -7 -6 -6 -13 -7 -25 -13 -22 -12 -26 -18 -26 -18 -27 -18 -25 -11 -28 -18 -20 -15 -18 -8 -17 -8 -12 -3 -7 -2 -9 2 -8 4 -8 12 -6 11 -8 15 -6 14 0 0 0 0 0 0 0 0 0 0 0 0 0 0 0 0 0 0 0 0 0 0 0 2 3 3 8 2 10 3 13 -2 16 2 22 3 26 0 27 4 24 4 26 7 18 5 22 4 20 2 14 1 13 -3 2 -8 3 -13 0 -22 5 -28 2 -30 4 -37 3 -40 8 -39 8 -49 17 -49 17 ]
CSI_DATA,STA,E4:D1:24:F2:5E:80,-84,10,0,0,0,0,0,0,0,0,0,-97,0,9,0,51430490,0,389,0,0,51.8123,128,[-123 81 24 0 -33 2 -24 4 -19 -6 -13 -1 -7 -11 -3 -18 -1 -18 -6 -24 -5 -23 -4 -32 -12 -28 -13 -23 -7 -25 -11 -22 -12 -24 -8 -17 -5 -17 -4 -10 -1 -11 5 -8 7 -1 13 -3 13 -5 15 -2 14 5 0 0 0 0 0 0 0 0 0 0 0 0 0 0 0 0 0 0 0 0 0 0 3 6 0 4 -3 9 -4 13 -3 11 -11 18 -7 20 -10 23 -8 21 -6 21 -5 24 -6 26 -4 16 -4 18 -4 11 -1 7 -8 7 -14 -4 -15 -10 -27 -12 -32 -10 -35 -10 -41 -6 -40 -2 -46 -5 -41 -1 ]
CSI_DATA,STA,E4:D1:24:F2:5E:80,-84,10,0,0,0,0,0,0,0,0,0,-97,0,9,0,51531712,0,389,0,0,51.9137,128,[-123 81 24 0 -24 11 -26 11 -19 0 -16 -9 -8 -10 -9 -16 -7 -16 -4 -22 -8 -24 -9 -27 -11 -21 -9 -27 -10 -20 -9 -18 -8 -13 -9 -14 -8 -15 -6 -11 2 -7 0 -5 6 -2 10 -3 8 -4 14 -1 12 0 0 0 0 0 0 0 0 0 0 0 0 0 0 0 0 0 0 0 0 0 0 0 4 2 -1 4 -2 13 1 14 -4 15 -1 16 -1 21 -3 24 -2 18 -1 21 -2 18 4 18 -1 15 2 15 -8 10 -4 9 -8 7 -11 3 -16 -4 -22 -3 -27 -7 -33 -2 -36 -2 -41 -3 -47 10 -41 8 ]
CSI_DATA,STA,E4:D1:24:F2:5E:80,-83,10,0,0,0,0,0,0,0,0,0,-97,0,9,0,51615746,0,268,0,0,51.9972,128,[12 -63 16 0 12 28 6 23 -7 21 -10 11 -10 3 -19 5 -19 3 -24 5 -25 7 -34 4 -27 6 -28 10 -30 4 -28 7 -21 10 -14 1 -14 1 -8 0 -9 -6 -9 -3 -2 -10 -3 -10 -1 -13 -2 -15 5 -16 0 0 0 0 0 0 0 0 0 0 0 0 0 0 0 0 0 0 0 0 0 0 1 -5 2 1 11 -5 12 0 15 6 18 2 17 4 26 3 23 2 22 0 23 -4 20 1 15 2 13 1 10 1 10 6 4 9 1 11 -4 17 -7 22 -7 33 -2 40 -6 42 1 49 5 47 8 50 ]
CSI_DATA,STA,E4:D1:24:F2:5E:80,-83,10,0,0,0,0,0,0,0,0,0,-97,0,9,0,51634115,0,389,0,0,52.0273,128,[-123 81 24 0 7 27 1 20 3 16 -3 12 -12 8 -20 1 -19 0 -25 -4 -28 3 -28 1 -29 5 -29 5 -29 5 -25 1 -22 6 -20 1 -15 0 -17 -4 -10 -6 -5 -4 2 -12 -2 -9 2 -16 2 -15 4 -15 0 0 0 0 0 0 0 0 0 0 0 0 0 0 0 0 0 0 0 0 0 0 4 -7 6 -3 9 2 12 -1 15 2 20 2 18 1 22 2 27 0 27 0 22 2 19 -3 21 -7 14 -4 9 5 1 4 0 7 -6 13 -12 18 -11 25 -12 25 -6 39 -3 46 -5 45 4 51 0 46 ]
CSI_DATA,STA,E4:D1:24:F2:5E:80,-84,10,0,0,0,0,0,0,0,0,0,-97,0,9,0,51736517,0,389,0,0,52.1185,128,[-123 81 24 0 -19 -22 -19 -22 -4 -14 0 -10 12 -12 18 -13 14 -10 18 -12 20 -15 23 -13 25 -20 20 -13 22 -14 15 -15 22 -11 13 -16 10 -12 13 -11 7 0 5 3 4 3 0 12 8 10 1 15 3 21 0 0 0 0 0 0 0 0 0 0 0 0 0 0 0 0 0 0 0 0 0 0 -3 3 -8 5 -14 5 -16 1 -16 2 -20 2 -24 5 -22 4 -20 9 -23 7 -23 11 -21 9 -20 1 -16 -2 -12 -1 -9 0 -6 -7 0 -12 -1 -19 -5 -27 -8 -34 -9 -39 -9 -47 -16 -46 -21 -41 -22 -45 ]
CSI_DATA,STA,E4:D1:24:F2:5E:80,-83,10,0,0,0,0,0,0,0,0,0,-97,0,9,0,51838919,0,389,0,0,52.2209,128,[-123 81 24 0 29 17 17 12 9 11 7 10 -4 10 -9 15 -15 19 -14 20 -16 21 -19 25 -17 21 -16 20 -15 21 -9 20 -15 14 -11 19 -11 9 -10 6 -10 2 -6 1 -7 -2 -9 -11 -14 -12 -10 -12 -8 -14 0 0 0 0 0 0 0 0 0 0 0 0 0 0 0 0 0 0 0 0 0 0 0 -5 5 -11 10 -7 13 -10 11 -14 12 -15 17 -17 18 -19 22 -13 15 -16 22 -14 13 -18 11 -15 7 -12 11 -7 7 2 6 3 5 10 9 20 9 22 23 24 24 34 28 31 34 32 38 35 35 27 ]
CSI_DATA,STA,E4:D1:24:F2:5E:80,-83,10,0,0,0,0,0,0,0,0,0,-97,0,9,0,51941322,0,389,0,0,52.3233,128,[-123 81 24 0 -23 -20 -15 -21 -11 -15 -6 -15 1 -14 10 -16 16 -10 16 -16 22 -17 20 -18 19 -23 25 -20 23 -17 13 -16 15 -16 15 -15 8 -13 11 -4 7 -3 1 2 4 7 4 10 8 10 4 14 5 13 0 0 0 0 0 0 0 0 0 0 0 0 0 0 0 0 0 0 0 0 0 0 -3 1 -8 7 -7 5 -8 8 -14 10 -16 11 -17 13 -24 12 -20 9 -22 17 -22 12 -17 9 -14 15 -13 5 -7 6 -9 -1 -6 -8 -7 -16 -7 -16 -9 -24 -12 -30 -15 -34 -21 -42 -32 -37 -26 -43 -33 -32 ]
CSI_DATA,STA,E4:D1:24:F2:5E:80,-83,10,0,0,0,0,0,0,0,0,0,-97,0,9,0,52043724,0,389,0,0,52.4256,128,[-123 81 24 0 35 0 22 -3 16 -5 14 7 6 12 5 16 6 14 1 25 3 24 4 23 9 27 1 28 6 28 10 24 4 17 7 21 2 16 -2 13 -7 5 -5 8 -5 6 -13 -1 -12 3 -12 -4 -17 -4 0 0 0 0 0 0 0 0 0 0 0 0 0 0 0 0 0 0 0 0 0 0 -2 -8 1 -6 5 -11 1 -15 5 -16 7 -18 10 -21 5 -23 8 -28 6 -30 3 -24 4 -23 7 -22 2 -15 4 -8 4 -8 7 -1 10 2 18 4 25 10 26 8 36 2 44 7 49 2 42 1 49 1 ]
CSI_DATA,STA,E4:D1:24:F2:5E:80,-83,10,0,0,0,0,0,0,0,0,0,-97,0,9,0,52146127,0,389,0,0,52.5279,128,[-123 81 24 0 -37 -3 -24 -7 -20 -13 -13 -8 -4 -8 -3 -16 4 -23 10 -24 3 -28 8 -26 7 -33 1 -24 -2 -32 1 -19 6 -22 2 -18 3 -10 -2 -11 6 -6 5 -6 5 1 13 5 14 2 15 9 11 9 0 0 0 0 0 0 0 0 0 0 0 0 0 0 0 0 0 0 0 0 0 0 1 5 -3 10 -2 11 -4 11 -5 16 -9 18 -5 20 -9 24 -8 25 -12 24 -6 25 -4 17 -8 15 -6 12 -10 6 -5 3 -9 3 -15 -3 -17 -7 -23 -9 -26 -15 -38 -17 -35 -20 -48 -15 -45 -11 -53 -9 ]
CSI_DATA,STA,E4:D1:24:F2:5E:80,-83,10,0,0,0,0,0,0,0,0,0,-97,0,9,0,52248529,0,389,0,0,52.6305,128,[-123 81 24 0 29 4 19 5 14 10 6 5 3 13 -8 11 -11 20 -17 15 -10 21 -10 18 -8 27 -10 21 -7 19 -10 15 -7 19 -8 13 -5 11 -7 7 -10 10 -4 2 -8 -4 -8 -3 -9 -10 -9 -11 -3 -15 0 0 0 0 0 0 0 0 0 0 0 0 0 0 0 0 0 0 0 0 0 0 1 -6 0 -7 0 -7 2 -13 6 -16 3 -16 5 -21 9 -25 5 -20 1 -18 7 -18 6 -20 2 -17 5 -16 3 -11 0 -3 9 3 8 5 14 9 21 15 30 16 29 14 34 15 37 19 48 12 38 15 ]
CSI_DATA,STA,E4:D1:24:F2:5E:80,-83,10,0,0,0,0,0,0,0,0,0,-97,0,9,0,52350931,0,389,0,0,52.7329,128,[-123 81 24 0 19 -28 10 -14 14 -3 11 -3 17 6 10 10 11 19 11 19 13 21 13 24 16 25 17 25 11 20 18 22 7 13 9 14 11 11 0 9 2 8 -3 8 -10 4 -8 5 -14 0 -16 -3 -16 1 0 0 0 0 0 0 0 0 0 0 0 0 0 0 0 0 0 0 0 0 0 0 -4 3 -7 -1 -15 -5 -11 -7 -14 -10 -17 -13 -22 -17 -24 -16 -23 -11 -24 -13 -20 -16 -22 -13 -14 -14 -18 -14 -9 -9 0 -6 4 -6 7 -10 13 -11 20 -17 26 -22 32 -20 32 -30 36 -36 35 -34 33 -42 ]
CSI_DATA,STA,E4:D1:24:F2:5E:80,-84,10,0,0,0,0,0,0,0,0,0,-97,0,9,0,52453334,0,389,0,0,52.8353,128,[-123 81 24 0 -20 -24 -14 -20 -7 -15 -1 -12 12 -10 12 -13 16 -11 23 -16 13 -14 27 -20 18 -20 24 -16 22 -19 16 -18 12 -13 14 -13 8 -10 10 -5 12 -5 6 3 4 5 6 9 9 13 4 13 4 14 0 0 0 0 0 0 0 0 0 0 0 0 0 0 0 0 0 0 0 0 0 0 -3 6 -7 -1 -10 2 -13 3 -19 2 -21 5 -26 1 -26 5 -27 3 -24 4 -23 8 -24 10 -21 3 -18 4 -11 -3 -8 -4 -7 -10 -7 -14 -5 -19 -7 -31 -4 -35 -7 -39 -14 -46 -16 -42 -28 -41 -24 -42 ]
CSI_DATA,STA,E4:D1:24:F2:5E:80,-83,10,0,0,0,0,0,0,0,0,0,-97,0,9,0,52555736,0,389,0,0,52.9377,128,[-123 81 24 0 -30 -4 -20 -4 -16 -8 -10 -6 -2 -10 2 -17 9 -14 6 -22 5 -23 4 -26 7 -29 2 -26 6 -28 2 -24 1 -19 4 -17 2 -16 0 -12 2 -4 8 -1 5 2 8 4 11 5 9 10 4 11 0 0 0 0 0 0 0 0 0 0 0 0 0 0 0 0 0 0 0 0 0 0 1 5 0 8 -2 10 -3 9 -1 14 -5 16 -5 18 -5 23 -6 23 -5 25 1 20 -2 19 0 16 -6 10 -5 8 -7 2 -3 -2 -10 -4 -13 -6 -26 -8 -24 -17 -31 -11 -36 -12 -44 -8 -41 -10 -44 -5 ]
CSI_DATA,STA,E4:D1:24:F2:5E:80,-84,10,0,0,0,0,0,0,0,0,0,-97,0,9,0,52658139,0,389,0,0,53.0401,128,[-123 81 24 0 -18 -22 -15 -25 -5 -17 9 -15 2 -8 14 -4 21 -12 22 -9 25 -5 28 -9 29 -12 22 -14 22 -10 22 -7 14 -4 8 -4 13 -5 9 -1 13 4 6 6 5 11 1 10 -4 14 -3 10 -6 13 0 0 0 0 0 0 0 0 0 0 0 0 0 0 0 0 0 0 0 0 0 0 -2 3 -3 1 -10 9 -11 12 -14 6 -19 8 -22 11 -22 12 -22 12 -21 18 -20 16 -19 14 -15 5 -14 11 -8 7 -5 -4 -7 -7 -4 -16 -3 -22 -7 -26 -7 -31 -5 -35 -14 -44 -11 -42 -20 -43 -23 -37 ]
CSI_DATA,STA,E4:D1:24:F2:5E:80,-84,10,0,0,0,0,0,0,0,0,0,-97,0,9,0,52714041,0,332,0,0,53.0959,128,[76 -63 20 0 1 27 -6 21 -7 14 -8 0 -15 -7 -12 -5 -16 -2 -22 -9 -24 -14 -23 -14 -26 -13 -23 -7 -24 -8 -15 -8 -22 -5 -13 -4 -8 -9 -5 -5 -5 -6 -1 -6 5 -11 6 -6 6 -11 11 -5 13 -8 0 0 0 0 0 0 0 0 0 0 0 0 0 0 0 0 0 0 0 0 0 0 1 -5 5 -2 7 -3 10 1 15 -1 17 0 20 0 20 -2 22 0 17 -3 20 1 18 -2 18 4 9 2 12 2 5 -4 -4 13 -8 11 -6 16 -10 22 -10 24 -11 28 -13 35 -13 37 -12 37 -7 41 ]
CSI_DATA,STA,E4:D1:24:F2:5E:80,-83,10,0,0,0,0,0,0,0,0,0,-97,0,9,0,52760541,0,389,0,0,53.142,128,[-123 81 24 0 30 -4 26 2 19 1 12 9 6 10 1 18 -1 21 7 24 -1 25 -1 30 4 30 3 27 6 27 5 27 4 21 3 15 4 13 3 10 -3 5 -3 3 -10 5 -11 1 -11 -6 -18 -6 -13 -4 0 0 0 0 0 0 0 0 0 0 0 0 0 0 0 0 0 0 0 0 0 0 -1 -3 1 -7 1 -8 2 -13 8 -21 5 -19 7 -19 1 -22 4 -24 12 -25 6 -23 6 -22 5 -19 0 -12 2 -10 10 -1 9 -3 10 1 16 8 28 8 30 10 39 8 45 9 53 4 44 11 47 -1 ]
CSI_DATA,STA,E4:D1:24:F2:5E:80,-84,10,0,0,0,0,0,0,0,0,0,-97,0,9,0,52862943,0,389,0,0,53.2448,128,[-123 81 24 0 -4 33 -7 26 -10 15 -14 7 -7 7 -16 2 -20 -2 -22 1 -28 0 -31 0 -31 -1 -28 6 -29 5 -24 4 -21 3 -12 0 -12 -4 -14 0 -7 0 -9 -4 2 -10 -4 -9 -1 -14 3 -11 -2 -18 0 0 0 0 0 0 0 0 0 0 0 0 0 0 0 0 0 0 0 0 0 0 3 -1 6 1 7 8 10 9 10 14 12 18 12 16 13 18 17 18 20 16 20 20 16 18 15 9 6 6 4 6 1 8 -7 9 -9 18 -12 11 -12 19 -13 24 -22 28 -21 36 -17 43 -9 45 -17 44 ]
CSI_DATA,STA,E4:D1:24:F2:5E:80,-84,10,0,0,0,0,0,0,0,0,0,-97,0,9,0,52965346,0,389,0,0,53.3472,128,[-123 81 24 0 30 -11 24 -13 21 -3 13 6 9 6 8 14 4 17 3 25 4 27 6 22 5 28 9 29 9 25 13 20 2 17 7 19 2 16 -2 10 -7 9 -6 8 -6 4 -9 1 -9 -7 -16 -6 -17 -4 0 0 0 0 0 0 0 0 0 0 0 0 0 0 0 0 0 0 0 0 0 0 -3 -1 -9 -6 -6 -10 -8 -12 -10 -15 -17 -24 -12 -20 -18 -20 -18 -22 -16 -20 -14 -18 -14 -20 -15 -15 -11 -12 -1 -14 0 -10 2 -1 10 -5 17 -5 24 -2 34 -11 36 -11 43 -16 39 -15 45 -15 43 -27 ]
CSI_DATA,STA,E4:D1:24:F2:5E:80,-84,10,0,0,0,0,0,0,0,0,0,-97,0,9,0,53067748,0,389,0,0,53.4497,128,[-123 81 24 0 -1 30 -1 20 -10 16 -10 9 -18 1 -19 -1 -22 -4 -23 -3 -28 0 -30 -4 -35 -3 -26 3 -26 1 -26 1 -19 -1 -21 3 -16 0 -13 -2 -6 -4 -5 -8 1 -3 0 -13 -1 -11 5 -12 1 -15 0 0 0 0 0 0 0 0 0 0 0 0 0 0 0 0 0 0 0 0 0 0 3 -5 5 -4 11 1 13 2 18 4 22 3 20 3 25 5 23 1 23 3 24 3 22 0 20 2 12 4 7 3 6 5 1 7 -4 15 -12 19 -9 25 -9 32 -6 42 -11 43 -7 44 -6 47 3 44 ]
CSI_DATA,STA,E4:D1:24:F2:5E:80,-84,10,0,0,0,0,0,0,0,0,0,-97,0,9,0,53170150,0,389,0,0,53.5521,128,[-123 81 24 0 -13 -24 -6 -24 -6 -14 6 -11 12 -7 16 -6 22 -7 25 -3 23 -7 28 -8 32 -14 28 -9 24 -8 20 -10 19 -6 15 -8 16 -4 9 -3 10 1 6 6 2 7 3 12 -4 11 -4 11 -9 16 0 0 0 0 0 0 0 0 0 0 0 0 0 0 0 0 0 0 0 0 0 0 0 8 -6 -1 -11 2 -15 3 -17 2 -23 5 -24 4 -21 8 -27 7 -21 3 -21 9 -20 10 -19 4 -14 6 -11 -1 -9 -3 -4 -11 -8 -13 -3 -19 -4 -30 3 -34 -3 -43 -6 -41 -12 -45 -16 -44 -20 -47 ]
CSI_DATA,STA,E4:D1:24:F2:5E:80,-83,10,0,0,0,0,0,0,0,0,0,-97,0,9,0,53272553,0,389,0,0,53.6545,128,[-123 81 24 0 21 19 16 17 6 12 0 9 -5 9 -11 13 -17 15 -19 21 -18 19 -25 19 -16 24 -14 19 -11 25 -13 23 -12 15 -15 12 -7 16 -7 5 -7 5 -10 -1 -9 -2 -10 -7 -9 -11 -8 -12 -7 -16 0 0 0 0 0 0 0 0 0 0 0 0 0 0 0 0 0 0 0 0 0 0 3 -6 7 -3 9 -6 12 -5 18 -4 18 -7 23 -10 24 -7 24 -12 24 -10 22 -13 17 -11 19 -10 9 -8 11 -2 6 0 5 10 1 9 8 18 9 18 11 31 17 34 17 39 20 37 34 35 30 39 ]
CSI_DATA,STA,E4:D1:24:F2:5E:80,-83,10,0,0,0,0,0,0,0,0,0,-97,0,9,0,53374955,0,389,0,0,53.7569,128,[-123 81 24 0 29 13 23 11 6 9 3 13 -2 14 -11 14 -18 18 -23 20 -16 16 -20 21 -22 21 -20 21 -22 25 -16 17 -17 20 -10 12 -12 8 -9 5 -8 1 -6 -4 -5 -7 -3 -15 -5 -14 0 -17 0 -18 0 0 0 0 0 0 0 0 0 0 0 0 0 0 0 0 0 0 0 0 0 0 -5 -5 0 -8 3 -11 -3 -14 8 -14 8 -15 12 -25 12 -23 14 -30 10 -24 9 -23 8 -19 8 -15 4 -14 5 -8 5 -5 7 1 9 6 12 14 15 17 23 21 28 27 31 30 36 27 44 31 42 22 ]
CSI_DATA,STA,E4:D1:24:F2:5E:80,-84,10,0,0,0,0,0,0,0,0,0,-97,0,9,0,53477358,0,389,0,0,53.8593,128,[-123 81 24 0 -24 -20 -15 -15 -6 -16 -5 -7 10 -11 16 -10 19 -14 18 -15 18 -10 26 -18 30 -12 23 -17 16 -15 18 -12 13 -11 12 -8 15 -7 13 -1 11 2 6 2 6 7 3 12 0 12 -1 16 -2 17 0 0 0 0 0 0 0 0 0 0 0 0 0 0 0 0 0 0 0 0 0 0 1 0 -2 6 -6 8 -9 9 -15 14 -17 16 -15 13 -18 14 -16 21 -18 22 -14 17 -17 15 -14 14 -13 5 -16 13 -9 4 -10 -4 -8 -14 -10 -12 -10 -25 -17 -27 -21 -37 -26 -39 -29 -38 -32 -39 -33 -32 ]
CSI_DATA,STA,E4:D1:24:F2:5E:80,-84,10,0,0,0,0,0,0,0,0,0,-97,0,9,0,53579760,0,389,0,0,53.9616,128,[-123 81 24 0 -4 24 -2 22 0 16 -8 8 -11 2 -14 1 -16 -3 -22 -2 -25 -2 -27 -1 -26 0 -26 -3 -18 -3 -22 1 -14 3 -12 4 -13 -2 -9 2 -8 -3 -6 -5 -3 -12 3 -11 -1 -10 5 -14 8 -14 0 0 0 0 0 0 0 0 0 0 0 0 0 0 0 0 0 0 0 0 0 0 2 1 8 2 13 5 11 4 12 8 13 9 21 8 19 11 18 11 23 10 20 5 19 7 14 5 12 6 8 1 3 8 1 5 -6 8 -8 13 -10 19 -15 25 -16 27 -17 36 -12 38 -11 38 -8 43 ]
CSI_DATA,STA,E4:D1:24:F2:5E:80,-83,10,0,0,0,0,0,0,0,0,0,-97,0,9,0,53625345,0,64,0,0,54.0069,128,[64 0 4 0 -29 -15 -13 -17 -13 -14 0 -11 5 -13 9 -11 15 -16 16 -15 18 -14 16 -24 22 -25 17 -24 16 -22 15 -21 11 -16 10 -16 10 -11 11 -8 13 -5 1 2 3 -1 6 7 5 10 10 14 3 16 0 0 0 0 0 0 0 0 0 0 0 0 0 0 0 0 0 0 0 0 0 0 -3 2 -4 7 -7 6 -11 12 -14 8 -17 15 -14 15 -16 21 -18 19 -15 21 -14 16 -11 16 -7 15 -6 9 -9 5 -12 0 -7 -9 -10 -15 -14 -21 -13 -19 -19 -30 -24 -32 -32 -36 -29 -34 -33 -29 -39 -34 ]
CSI_DATA,STA,E4:D1:24:F2:5E:80,-84,10,0,0,0,0,0,0,0,0,0,-97,0,9,0,53682162,0,389,0,0,54.0637,128,[-123 81 24 0 -1 -34 -7 -23 5 -16 7 -8 7 -3 15 -1 20 8 26 5 26 7 29 1 28 2 25 5 26 1 22 3 24 1 19 -1 14 0 7 5 7 2 0 8 1 7 -1 10 -7 10 -11 14 -11 11 0 0 0 0 0 0 0 0 0 0 0 0 0 0 0 0 0 0 0 0 0 0 -4 2 -7 2 -11 2 -15 -3 -18 -5 -24 -4 -19 -8 -27 -5 -24 -2 -28 2 -23 -2 -25 -2 -18 0 -16 -4 -9 -6 -8 -6 -4 -11 5 -13 6 -17 13 -24 10 -32 12 -37 12 -45 8 -45 3 -48 5 -48 ]
CSI_DATA,STA,E4:D1:24:F2:5E:80,-84,10,0,0,0,0,0,0,0,0,0,-97,0,9,0,53784565,0,389,0,0,54.1665,128,[-123 81 24 0 28 9 22 4 11 10 3 4 -4 10 -7 15 -6 15 -13 23 -13 26 -9 27 -14 25 -9 26 -3 22 -5 21 -3 15 2 16 -9 13 -6 7 -5 5 -11 4 -16 -1 -11 -7 -10 -8 -13 -10 -13 -11 0 0 0 0 0 0 0 0 0 0 0 0 0 0 0 0 0 0 0 0 0 0 -4 -2 2 -8 6 -7 5 -11 13 -16 10 -17 14 -16 11 -22 13 -17 13 -25 16 -23 11 -16 8 -18 10 -13 8 -8 0 -4 8 0 8 11 17 11 16 11 25 20 31 25 33 26 41 25 34 27 41 18 ]
CSI_DATA,STA,E4:D1:24:F2:5E:80,-83,10,0,0,0,0,0,0,0,0,0,-97,0,9,0,53886967,0,389,0,0,54.2689,128,[-123 81 24 0 -29 -9 -27 -8 -14 -7 -4 -9 0 -16 6 -19 5 -14 8 -23 10 -25 5 -29 2 -30 1 -27 4 -25 2 -25 3 -20 1 -19 4 -12 2 -7 5 -7 5 1 12 -1 14 6 4 6 12 6 13 11 0 0 0 0 0 0 0 0 0 0 0 0 0 0 0 0 0 0 0 0 0 0 0 5 0 3 -10 5 -11 11 -13 13 -12 17 -12 19 -13 18 -12 24 -12 19 -12 20 -10 17 -8 20 -4 15 -11 11 -12 3 -12 -3 -11 -10 -16 -12 -26 -18 -25 -23 -33 -21 -41 -22 -43 -16 -45 -21 -45 -15 ]
CSI_DATA,STA,E4:D1:24:F2:5E:80,-83,10,0,0,0,0,0,0,0,0,0,-97,0,9,0,53989370,0,389,0,0,54.3713,128,[-123 81 24 0 30 0 23 1 12 8 11 11 2 11 2 18 0 24 -7 26 -1 23 4 30 -2 32 2 24 8 25 1 24 1 23 -2 15 2 14 -4 8 -2 4 -7 3 -9 1 -10 -3 -11 -3 -14 -6 -17 -8 0 0 0 0 0 0 0 0 0 0 0 0 0 0 0 0 0 0 0 0 0 0 -4 -7 2 -9 4 -12 6 -19 2 -17 4 -19 10 -21 4 -26 11 -25 5 -26 5 -24 5 -22 1 -18 -1 -15 7 -7 4 -2 7 -1 13 4 17 6 17 8 31 13 32 13 47 5 48 9 49 3 43 -1 ]
CSI_DATA,STA,E4:D1:24:F2:5E:80,-83,10,0,0,0,0,0,0,0,0,0,-97,0,9,0,54091772,0,389,0,0,54.4737,128,[-123 81 24 0 -11 29 -12 21 -14 11 -7 2 -15 0 -11 -9 -18 -14 -20 -18 -26 -9 -27 -17 -25 -20 -30 -16 -28 -13 -21 -15 -21 -14 -10 -11 -9 -9 -8 -9 0 -9 4 -10 3 -6 5 -5 7 -8 13 -4 19 -4 0 0 0 0 0 0 0 0 0 0 0 0 0 0 0 0 0 0 0 0 0 0 2 -1 7 1 11 4 9 1 13 8 21 8 21 7 23 11 21 7 21 9 24 10 18 3 17 6 12 2 6 3 4 7 -8 11 -8 10 -11 17 -17 22 -21 27 -25 30 -26 34 -25 37 -25 46 -20 49 ]
CSI_DATA,STA,E4:D1:24:F2:5E:80,-83,10,0,0,0,0,0,0,0,0,0,-97,0,9,0,54194174,0,389,0,0,54.5761,128,[-123 81 24 0 15 -30 11 -21 12 -14 7 -6 10 3 11 9 12 10 19 10 23 20 19 18 25 14 23 17 18 12 16 13 17 6 19 11 14 4 9 9 6 8 2 13 -3 6 -7 7 -13 9 -14 6 -13 9 0 0 0 0 0 0 0 0 0 0 0 0 0 0 0 0 0 0 0 0 0 0 -2 1 -6 -4 -10 -7 -14 -5 -16 -8 -17 -13 -18 -12 -19 -18 -20 -19 -19 -11 -23 -16 -11 -12 -14 -12 -12 -11 -13 -6 -3 -4 2 -12 9 -7 19 -16 18 -17 21 -23 31 -23 24 -32 29 -41 29 -38 23 -42 ]
CSI_DATA,STA,E4:D1:24:F2:5E:80,-84,10,0,0,0,0,0,0,0,0,0,-97,0,9,0,54209538,0,64,0,0,54.6091,128,[64 0 4 0 -5 -29 -4 -23 1 -16 4 -11 16 -3 13 -5 18 -2 24 -2 26 -4 27 -2 28 -8 28 -11 24 -10 22 -14 19 -11 19 -14 18 -6 12 -1 6 6 7 2 4 5 2 10 4 14 -1 11 1 16 0 0 0 0 0 0 0 0 0 0 0 0 0 0 0 0 0 0 0 0 0 0 -6 2 -9 -4 -11 -7 -14 -7 -17 -8 -18 -13 -21 -12 -26 -8 -24 -8 -24 -9 -26 -3 -21 -3 -18 -4 -16 -9 -14 -6 -6 -7 -2 -6 2 -13 8 -15 13 -21 7 -34 9 -45 6 -44 4 -44 4 -49 4 -47 ]
CSI_DATA,STA,E4:D1:24:F2:5E:80,-83,10,0,0,0,0,0,0,0,0,0,-97,0,9,0,54296577,0,389,0,0,54.6784,128,[-123 81 24 0 22 -20 25 -19 11 -3 15 -2 8 0 14 13 14 11 13 20 18 18 21 18 20 23 20 14 21 18 16 19 18 10 10 15 8 11 6 13 5 9 0 6 -1 5 -2 3 -12 8 -17 4 -15 5 0 0 0 0 0 0 0 0 0 0 0 0 0 0 0 0 0 0 0 0 0 0 -4 0 -8 -5 -4 -7 -8 -9 -10 -12 -10 -16 -12 -19 -11 -23 -11 -24 -9 -24 -17 -20 -5 -18 -11 -18 -6 -11 -4 -7 -1 -10 6 -1 12 -6 15 -7 27 -11 28 -13 34 -18 39 -17 38 -27 38 -27 37 -34 ]
CSI_DATA,STA,E4:D1:24:F2:5E:80,-84,10,0,0,0,0,0,0,0,0,0,-97,0,9,0,54398981,0,389,0,0,54.7808,128,[-123 81 24 0 26 -20 20 -14 15 -6 10 2 14 5 8 17 15 18 10 23 8 25 15 21 13 28 14 24 15 18 14 16 13 16 10 16 4 11 4 13 2 7 -3 8 -5 7 -8 4 -14 7 -19 5 -13 4 0 0 0 0 0 0 0 0 0 0 0 0 0 0 0 0 0 0 0 0 0 0 -6 0 -7 -4 1 -13 0 -15 -3 -18 -4 -20 -3 -22 -9 -23 -6 -25 -5 -22 -11 -19 -7 -21 -7 -16 -6 -14 -2 -9 -1 -8 9 -3 12 -6 19 -3 21 -6 34 -6 35 -6 42 -11 44 -21 43 -24 41 -25 ]
CSI_DATA,STA,E4:D1:24:F2:5E:80,-84,10,0,0,0,0,0,0,0,0,0,-97,0,9,0,54501384,0,389,0,0,54.8833,128,[-123 81 24 0 23 -21 21 -15 13 -5 8 0 16 8 11 11 10 17 10 22 15 26 20 23 23 22 17 23 18 19 15 12 14 13 18 8 13 9 5 10 -1 3 -5 9 -4 5 -8 6 -12 10 -10 7 -19 5 0 0 0 0 0 0 0 0 0 0 0 0 0 0 0 0 0 0 0 0 0 0 -4 2 -4 -4 -7 -8 -5 -16 -4 -15 -2 -17 -7 -23 -6 -25 -10 -23 -10 -22 -10 -20 -9 -23 -8 -17 -8 -18 -6 -9 -4 -8 4 -8 13 -2 18 -6 19 -8 36 -8 35 -14 40 -17 39 -18 39 -26 37 -26 ]
CSI_DATA,STA,E4:D1:24:F2:5E:80,-83,10,0,0,0,0,0,0,0,0,0,-97,0,9,0,54603786,0,389,0,0,54.9857,128,[-123 81 24 0 13 -22 14 -17 13 -9 11 -1 17 5 12 8 17 6 17 18 19 14 20 18 21 10 20 14 24 11 20 14 19 12 9 8 13 8 9 5 1 3 0 7 -4 7 -11 8 -7 11 -18 5 -12 5 0 0 0 0 0 0 0 0 0 0 0 0 0 0 0 0 0 0 0 0 0 0 -3 -4 -5 -6 -7 -11 -6 -17 -10 -15 -10 -21 -11 -22 -16 -25 -16 -24 -9 -22 -15 -16 -14 -14 -13 -17 -10 -15 -5 -12 -2 -7 1 -5 12 -12 24 -10 18 -10 29 -15 34 -24 33 -24 35 -25 31 -36 28 -34 ]
CSI_DATA,STA,E4:D1:24:F2:5E:80,-84,10,0,0,0,0,0,0,0,0,0,-97,0,9,0,54706188,0,389,0,0,55.0881,128,[-123 81 24 0 25 -18 17 -3 17 -3 11 -2 10 14 11 13 9 17 7 27 8 24 11 30 16 26 16 24 16 20 14 22 13 11 10 17 8 13 3 10 -3 7 -3 6 -6 5 -11 2 -13 6 -15 3 -15 -1 0 0 0 0 0 0 0 0 0 0 0 0 0 0 0 0 0 0 0 0 0 0 -2 -5 -3 -6 -3 -8 -2 -13 -5 -18 -7 -21 -5 -20 -11 -22 -10 -25 -13 -22 -9 -20 -6 -19 -5 -17 -4 -19 -2 -13 4 -5 8 -5 15 -6 17 -4 24 -2 36 -2 38 -7 38 -4 43 -13 44 -14 48 -17 ]
CSI_DATA,STA,E4:D1:24:F2:5E:80,-83,10,0,0,0,0,0,0,0,0,0,-97,0,9,0,54808591,0,389,0,0,55.1906,128,[-123 81 24 0 -9 -25 2 -24 -2 -13 6 -9 11 -6 15 -1 21 -3 20 1 21 -4 29 2 25 1 25 1 23 -3 20 -1 18 -2 13 -2 15 -3 6 -1 7 3 3 2 2 7 -3 8 -5 9 -6 13 -8 12 0 0 0 0 0 0 0 0 0 0 0 0 0 0 0 0 0 0 0 0 0 0 -1 1 -9 1 -11 0 -14 -1 -14 -2 -18 -2 -22 -3 -22 -3 -23 0 -23 0 -22 2 -20 -1 -15 3 -11 2 -11 -1 -7 -7 0 -11 4 -11 5 -20 7 -20 10 -30 4 -32 7 -39 0 -38 -4 -42 -4 -40 ]
CSI_DATA,STA,E4:D1:24:F2:5E:80,-84,10,0,0,0,0,0,0,0,0,0,-97,0,9,0,54910993,0,389,0,0,55.2929,128,[-123 81 24 0 -22 -15 -24 -12 -8 -14 -4 -6 5 -10 7 -13 18 -16 19 -19 20 -19 18 -26 16 -25 17 -23 17 -22 17 -17 15 -15 12 -13 5 -6 10 -4 8 -2 4 -1 5 4 4 7 6 12 6 10 4 14 0 0 0 0 0 0 0 0 0 0 0 0 0 0 0 0 0 0 0 0 0 0 0 5 -1 5 -5 8 -12 9 -8 14 -12 16 -12 16 -15 20 -17 19 -11 25 -13 21 -10 21 -5 23 -7 11 -6 10 -13 2 -10 -2 -7 -7 -7 -17 -16 -24 -21 -22 -25 -26 -32 -31 -31 -32 -33 -31 -36 -28 ]
CSI_DATA,STA,E4:D1:24:F2:5E:80,-84,10,0,0,0,0,0,0,0,0,0,-97,0,9,0,55013396,0,389,0,0,55.3953,128,[-123 81 24 0 13 -28 12 -20 8 -7 10 -3 17 6 16 3 17 5 21 12 25 12 19 16 26 9 25 11 22 8 21 2 20 4 12 6 10 5 8 10 5 1 5 7 -2 6 -5 11 -6 9 -6 16 -7 14 0 0 0 0 0 0 0 0 0 0 0 0 0 0 0 0 0 0 0 0 0 0 -9 -6 -6 -6 -8 -9 -3 -14 -7 -16 -12 -18 -15 -21 -12 -25 -15 -20 -11 -24 -13 -19 -16 -23 -12 -13 -12 -12 -2 -12 -2 -9 3 -9 10 -10 19 -11 21 -13 26 -25 28 -25 29 -27 32 -33 29 -37 28 -39 ]
CSI_DATA,STA,E4:D1:24:F2:5E:80,-84,10,0,0,0,0,0,0,0,0,0,-97,0,9,0,55115798,0,389,0,0,55.4976,128,[-123 81 24 0 -19 -29 -9 -21 -5 -20 2 -13 10 -10 12 -11 20 -12 14 -10 21 -10 22 -16 17 -17 21 -15 18 -20 16 -16 16 -12 9 -10 12 -9 7 -5 5 1 3 -1 6 6 2 10 7 13 3 15 0 12 0 0 0 0 0 0 0 0 0 0 0 0 0 0 0 0 0 0 0 0 0 0 -5 1 -2 0 -12 6 -17 2 -15 4 -19 3 -21 7 -19 4 -27 7 -19 6 -22 8 -18 10 -16 4 -9 4 -13 1 -13 -4 -2 -8 -7 -15 -4 -18 -5 -22 -9 -34 -16 -39 -14 -39 -13 -46 -22 -43 -23 -40 ]
CSI_DATA,STA,E4:D1:24:F2:5E:80,-83,10,0,0,0,0,0,0,0,0,0,-97,0,9,0,55218200,0,389,0,0,55.6002,128,[-123 81 24 0 23 -31 12 -22 10 -17 7 -4 7 -2 21 3 24 6 25 16 23 20 25 13 26 12 25 6 27 7 30 0 20 5 19 5 13 -1 -1 7 2 3 3 8 1 10 -7 5 -8 15 -6 13 -11 8 0 0 0 0 0 0 0 0 0 0 0 0 0 0 0 0 0 0 0 0 0 0 -3 -3 -6 -7 -11 -14 -7 -9 -3 -20 -8 -17 -10 -17 -12 -22 -10 -23 -8 -26 -15 -21 -12 -29 -10 -17 -4 -17 -13 -11 2 -5 3 -12 10 -10 20 -12 25 -14 19 -13 27 -19 23 -26 41 -34 29 -34 26 -33 ]
CSI_DATA,STA,E4:D1:24:F2:5E:80,-83,10,0,0,0,0,0,0,0,0,0,-97,0,9,0,55320603,0,389,0,0,55.7026,128,[-123 81 24 0 16 16 12 19 2 14 -2 7 -6 11 -10 14 -19 6 -14 10 -18 15 -19 13 -17 17 -16 17 -13 15 -9 19 -9 14 -13 10 -9 9 -10 4 -2 -3 -8 -1 -9 -9 -4 -7 -10 -13 -7 -11 -6 -18 0 0 0 0 0 0 0 0 0 0 0 0 0 0 0 0 0 0 0 0 0 0 -1 -5 4 -3 7 -4 13 -4 16 -6 18 -7 18 -8 19 -7 23 -11 20 -13 19 -9 16 -5 12 -9 14 -4 9 0 8 2 5 10 0 10 -2 12 3 20 7 29 6 31 11 36 20 33 22 39 23 36 ]
CSI_DATA,STA,E4:D1:24:F2:5E:80,-84,10,0,0,0,0,0,0,0,0,0,-97,0,9,0,55423005,0,389,0,0,55.805,128,[-123 81 24 0 -31 -11 -22 -2 -14 -7 -11 -13 2 -17 2 -19 7 -22 6 -26 4 -25 4 -25 4 -36 -3 -31 4 -28 -1 -27 -4 -20 -1 -16 3 -15 -2 -8 4 -9 10 -7 10 0 10 3 9 8 12 4 14 10 0 0 0 0 0 0 0 0 0 0 0 0 0 0 0 0 0 0 0 0 0 0 1 4 -4 3 -5 8 -11 12 -11 10 -14 18 -10 18 -15 20 -12 23 -7 24 -13 21 -15 23 -10 16 -6 17 -9 9 -9 1 -13 0 -15 -8 -14 -10 -18 -14 -32 -15 -33 -21 -42 -16 -48 -13 -46 -7 -46 -13 ]
CSI_DATA,STA,E4:D1:24:F2:5E:80,-83,10,0,0,0,0,0,0,0,0,0,-97,0,9,0,55525407,0,389,0,0,55.9074,128,[-123 81 24 0 -5 -31 -2 -27 1 -16 7 -8 10 -8 12 -9 17 5 25 0 33 0 26 -3 33 3 28 -4 25 -4 24 -5 24 0 17 -5 15 0 10 1 8 5 4 9 2 8 1 14 -6 12 -7 12 -5 12 0 0 0 0 0 0 0 0 0 0 0 0 0 0 0 0 0 0 0 0 0 0 -1 0 -7 1 -12 -4 -17 -4 -17 -4 -20 -3 -26 -6 -28 -2 -30 -5 -27 -4 -20 0 -24 4 -22 -2 -12 0 -7 -2 -12 -6 -3 -5 2 -15 6 -18 3 -29 8 -32 2 -37 1 -39 0 -42 -4 -48 -9 -50 ]
CSI_DATA,STA,E4:D1:24:F2:5E:80,-83,10,0,0,0,0,0,0,0,0,0,-97,0,9,0,55627810,0,389,0,0,56.0097,128,[-123 81 24 0 9 -31 5 -18 10 -9 14 2 7 7 17 0 25 14 17 14 25 18 25 1 27 7 22 12 14 8 20 15 16 5 13 4 15 4 10 1 1 6 4 7 -3 11 -4 8 -10 1 -13 9 -10 10 0 0 0 0 0 0 0 0 0 0 0 0 0 0 0 0 0 0 0 0 0 0 -7 2 -4 -4 -6 -5 -8 -8 -10 -11 -14 -13 -15 -15 -17 -12 -16 -13 -15 -13 -16 -11 -19 -9 -15 -8 -9 -6 -6 -7 -1 -4 0 -7 7 -10 15 -12 17 -16 15 -21 22 -26 22 -29 24 -30 19 -32 19 -35 ]
CSI_DATA,STA,E4:D1:24:F2:5E:80,-84,10,0,0,0,0,0,0,0,0,0,-97,0,9,0,55730212,0,389,0,0,56.1122,128,[-123 81 24 0 15 25 6 22 -6 16 -7 9 -12 9 -15 3 -23 2 -27 -1 -24 9 -29 5 -28 4 -26 5 -26 6 -19 8 -22 4 -17 1 -14 0 -11 -3 -6 -7 -2 -9 3 -9 -2 -11 5 -11 3 -13 4 -14 0 0 0 0 0 0 0 0 0 0 0 0 0 0 0 0 0 0 0 0 0 0 -1 -5 0 -6 12 -9 13 -11 11 -5 17 -9 18 -7 22 -10 20 -12 23 -9 20 -9 21 -13 14 -8 14 -3 12 -3 0 0 0 6 2 16 4 17 2 26 0 31 2 41 13 40 11 41 12 42 16 43 ]
CSI_DATA,STA,E4:D1:24:F2:5E:80,-83,10,0,0,0,0,0,0,0,0,0,-97,0,9,0,55832615,0,389,0,0,56.2146,128,[-123 81 24 0 -19 23 -18 18 -14 8 -13 4 -14 -2 -14 -17 -17 -14 -16 -17 -22 -13 -23 -15 -24 -20 -23 -15 -28 -14 -20 -13 -17 -12 -14 -10 -11 -8 -12 -8 -8 -7 4 -6 1 -12 5 -11 8 -7 7 -11 13 -10 0 0 0 0 0 0 0 0 0 0 0 0 0 0 0 0 0 0 0 0 0 0 3 0 0 5 2 6 2 13 5 14 6 20 8 19 11 20 10 27 9 17 11 22 14 18 9 17 5 12 0 8 2 5 -3 6 -9 5 -19 7 -16 10 -27 12 -34 21 -36 14 -37 25 -38 31 -37 35 ]
CSI_DATA,STA,E4:D1:24:F2:5E:80,-84,10,0,0,0,0,0,0,0,0,0,-97,0,9,0,55935017,0,389,0,0,56.3168,128,[-123 81 24 0 -35 -1 -27 4 -20 -1 -12 -9 -4 -12 -6 -18 -8 -21 -7 -28 2 -31 0 -28 -8 -28 -9 -32 -10 -28 -9 -26 -3 -20 -10 -13 -7 -12 -3 -12 -1 -7 5 -4 8 -1 9 -6 15 1 15 2 14 -3 0 0 0 0 0 0 0 0 0 0 0 0 0 0 0 0 0 0 0 0 0 0 1 5 -2 3 -2 12 -8 9 -9 12 -12 13 -12 17 -13 21 -9 25 -11 27 -5 23 -6 20 -7 17 -2 15 -6 10 -11 3 -9 -2 -15 -4 -16 -11 -23 -8 -32 -10 -33 -15 -43 -11 -49 -6 -46 -3 -49 -4 ]
CSI_DATA,STA,E4:D1:24:F2:5E:80,-83,10,0,0,0,0,0,0,0,0,0,-97,0,9,0,56037419,0,389,0,0,56.4192,128,[-123 81 24 0 -26 18 -21 13 -15 5 -15 -5 -14 -6 -10 -12 -14 -15 -13 -20 -16 -20 -18 -27 -19 -20 -21 -21 -21 -23 -20 -11 -16 -17 -9 -12 -8 -11 -5 -12 -4 -8 0 -6 5 -2 10 -8 9 -6 16 -5 15 -4 0 0 0 0 0 0 0 0 0 0 0 0 0 0 0 0 0 0 0 0 0 0 0 -3 5 4 8 8 8 13 9 15 10 17 10 16 8 23 15 25 14 22 11 18 12 15 11 18 6 11 6 11 -3 8 -7 4 -17 3 -19 7 -21 12 -34 13 -31 17 -43 20 -40 24 -40 28 -37 32 ]
CSI_DATA,STA,E4:D1:24:F2:5E:80,-83,10,0,0,0,0,0,0,0,0,0,-97,0,9,0,56139822,0,389,0,0,56.5218,128,[-123 81 24 0 -28 3 -22 1 -15 0 -9 -9 -9 -12 -5 -13 -10 -19 -3 -30 -6 -27 -3 -26 -7 -29 -12 -28 -8 -23 -10 -22 -8 -19 -2 -13 -2 -12 -2 -9 6 -6 4 -4 8 -7 9 -2 12 -1 18 1 15 0 0 0 0 0 0 0 0 0 0 0 0 0 0 0 0 0 0 0 0 0 0 0 2 3 4 3 0 12 -5 14 3 17 0 20 0 22 0 24 -4 29 -5 25 5 18 1 21 1 18 -2 11 -3 15 -7 4 -9 6 -16 1 -19 0 -24 -5 -35 -6 -37 -4 -44 0 -46 6 -48 10 -45 14 ]
CSI_DATA,STA,E4:D1:24:F2:5E:80,-83,10,0,0,0,0,0,0,0,0,0,-97,0,9,0,56242224,0,389,0,0,56.6242,128,[-123 81 24 0 -15 25 -14 21 -13 16 -15 5 -18 -2 -16 -7 -22 -11 -22 -13 -27 -14 -28 -13 -27 -13 -28 -12 -26 -7 -20 -9 -19 -7 -14 -12 -10 -6 -10 -10 -6 -4 -2 -9 3 -8 6 -8 11 -13 12 -9 13 -8 0 0 0 0 0 0 0 0 0 0 0 0 0 0 0 0 0 0 0 0 0 0 3 2 4 3 6 5 11 11 9 13 15 14 14 10 16 21 19 15 14 15 18 12 13 9 17 16 17 10 5 7 -4 9 -8 5 -12 9 -18 13 -18 11 -27 21 -30 25 -32 33 -37 36 -30 41 -26 42 ]
CSI_DATA,STA,E4:D1:24:F2:5E:80,-84,10,0,0,0,0,0,0,0,0,0,-97,0,9,0,56344625,0,389,0,0,56.7265,128,[-123 81 24 0 -31 -2 -28 -6 -15 -4 -10 -7 -3 -14 -3 -22 3 -19 5 -21 -6 -29 -7 -30 -2 -30 -6 -28 0 -28 -6 -21 -5 -20 -2 -17 0 -16 -2 -10 4 -7 8 1 8 -9 12 2 9 1 18 0 14 6 0 0 0 0 0 0 0 0 0 0 0 0 0 0 0 0 0 0 0 0 0 0 -1 3 -7 4 -7 4 -13 13 -12 9 -14 15 -13 15 -19 21 -16 18 -12 19 -14 18 -4 15 -13 11 -8 12 -6 12 -6 3 -9 -2 -11 -11 -19 -16 -23 -13 -26 -23 -34 -21 -36 -20 -45 -18 -47 -9 -49 -17 ]
CSI_DATA,STA,E4:D1:24:F2:5E:80,-83,10,0,0,0,0,0,0,0,0,0,-97,0,9,0,56447027,0,389,0,0,56.829,128,[-123 81 24 0 -5 29 -1 21 -8 16 -7 6 -14 -1 -13 -2 -20 -4 -23 -6 -20 -3 -29 -7 -22 -1 -26 0 -31 2 -21 2 -20 3 -9 4 -9 -2 -8 -7 -7 -6 -7 -7 1 -7 0 -7 1 -16 4 -10 4 -16 0 0 0 0 0 0 0 0 0 0 0 0 0 0 0 0 0 0 0 0 0 0 4 0 4 3 7 4 8 7 10 9 14 12 17 13 18 12 18 16 19 7 17 9 16 6 15 8 12 3 9 10 3 8 -1 10 -2 5 -13 15 -13 22 -13 23 -19 31 -13 30 -15 44 -14 40 -13 39 ]
CSI_DATA,STA,E4:D1:24:F2:5E:80,-83,10,0,0,0,0,0,0,0,0,0,-97,0,9,0,56549429,0,389,0,0,56.9314,128,[-123 81 24 0 -33 -13 -21 -13 -16 -11 -9 -6 -5 -10 3 -16 2 -20 3 -24 0 -25 0 -30 6 -29 -5 -29 -1 -31 -2 -25 -6 -17 -3 -16 0 -15 0 -13 3 -10 6 -4 9 -2 13 -1 14 0 11 4 12 3 0 0 0 0 0 0 0 0 0 0 0 0 0 0 0 0 0 0 0 0 0 0 -1 5 -6 4 -8 6 -13 9 -11 9 -16 7 -19 11 -20 11 -19 14 -20 20 -18 16 -13 11 -12 17 -5 11 -14 9 -12 1 -6 -6 -13 -13 -13 -11 -19 -14 -24 -24 -28 -25 -40 -24 -36 -24 -42 -20 -37 -16 ]
CSI_DATA,STA,E4:D1:24:F2:5E:80,-83,10,0,0,0,0,0,0,0,0,0,-97,0,9,0,56651832,0,389,0,0,57.0338,128,[-123 81 24 0 29 -14 22 -8 13 -2 15 6 5 14 6 12 10 20 6 24 6 23 13 27 13 28 18 24 13 28 8 23 11 17 9 16 8 13 4 9 -2 10 -6 2 -7 9 -6 3 -10 4 -15 0 -19 -1 0 0 0 0 0 0 0 0 0 0 0 0 0 0 0 0 0 0 0 0 0 0 -4 -2 -2 -6 -2 -11 -5 -14 -1 -18 -2 -23 -5 -25 -5 -23 -5 -24 -10 -28 -5 -22 -8 -21 -4 -17 0 -15 -4 -10 4 -4 6 -8 17 0 16 1 23 0 36 0 39 -3 41 -9 43 -11 41 -18 45 -18 ]
CSI_DATA,STA,E4:D1:24:F2:5E:80,-83,10,0,0,0,0,0,0,0,0,0,-97,0,9,0,56715746,0,332,0,0,57.0975,128,[76 -63 20 0 -29 -8 -17 -10 -17 -8 -9 -11 -1 -7 3 -20 6 -23 3 -23 7 -27 3 -26 0 -30 1 -30 0 -31 1 -28 -1 -24 1 -20 3 -15 2 -12 2 -4 7 -3 10 -3 11 -1 13 3 16 3 14 3 0 0 0 0 0 0 0 0 0 0 0 0 0 0 0 0 0 0 0 0 0 0 -1 5 -4 5 -11 6 -13 8 -16 9 -17 10 -18 9 -23 17 -19 16 -20 13 -20 13 -18 16 -15 14 -13 8 -13 4 -6 1 -10 -1 -13 -9 -15 -13 -16 -20 -25 -21 -29 -23 -32 -28 -34 -30 -42 -22 -38 -23 ]
CSI_DATA,STA,E4:D1:24:F2:5E:80,-84,10,0,0,0,0,0,0,0,0,0,-97,0,9,0,56754234,0,389,0,0,57.1357,128,[-123 81 24 0 -15 25 -17 16 -11 9 -8 3 -11 -1 -20 -14 -17 -17 -19 -18 -19 -17 -22 -19 -21 -19 -21 -17 -16 -21 -18 -13 -18 -16 -11 -15 -10 -8 -11 -8 -5 -3 2 -6 1 -7 4 -6 14 -3 10 -8 11 -8 0 0 0 0 0 0 0 0 0 0 0 0 0 0 0 0 0 0 0 0 0 0 1 -2 7 4 5 8 8 12 7 10 14 17 14 21 17 21 19 16 15 22 10 15 15 14 13 17 11 7 5 7 0 7 -7 4 -10 10 -20 7 -23 10 -29 14 -33 16 -36 22 -31 35 -34 34 -31 30 ]
CSI_DATA,STA,E4:D1:24:F2:5E:80,-84,10,0,0,0,0,0,0,0,0,0,-97,0,9,0,56856637,0,389,0,0,57.2387,128,[-123 81 24 0 -27 -6 -21 -4 -18 -7 -5 -15 -5 -11 3 -18 4 -24 6 -29 5 -30 6 -30 3 -27 0 -29 0 -26 1 -16 4 -20 -2 -14 4 -15 -2 -3 6 0 8 -3 5 4 10 2 13 7 14 11 14 10 0 0 0 0 0 0 0 0 0 0 0 0 0 0 0 0 0 0 0 0 0 0 0 3 -4 6 -5 9 -8 9 -9 13 -13 14 -8 20 -12 22 -13 20 -14 21 -8 24 -5 14 -11 17 -6 12 -6 10 -11 8 -9 -4 -14 -10 -23 -11 -22 -15 -27 -14 -32 -20 -43 -22 -41 -17 -41 -15 -47 -14 ]
CSI_DATA,STA,E4:D1:24:F2:5E:80,-83,10,0,0,0,0,0,0,0,0,0,-97,0,9,0,56959039,0,389,0,0,57.341,128,[-123 81 24 0 -16 27 -8 20 -10 11 -7 6 -17 -3 -24 -5 -18 -7 -23 -6 -26 -10 -30 -7 -35 -6 -30 -4 -24 0 -21 -1 -24 5 -16 1 -14 -5 -8 -2 -8 -4 -6 -10 0 -12 3 -8 0 -17 4 -17 6 -18 0 0 0 0 0 0 0 0 0 0 0 0 0 0 0 0 0 0 0 0 0 0 2 0 1 5 5 10 6 13 9 13 13 15 11 19 10 19 13 16 14 14 13 19 13 14 8 13 8 12 1 8 -1 2 -2 7 -15 13 -17 13 -20 15 -25 21 -24 26 -24 33 -28 37 -27 37 -27 45 ]
CSI_DATA,STA,E4:D1:24:F2:5E:80,-83,10,0,0,0,0,0,0,0,0,0,-97,0,9,0,57061441,0,389,0,0,57.4434,128,[-123 81 24 0 31 12 18 8 12 6 7 8 -2 16 -6 16 -9 17 -15 22 -13 25 -16 27 -13 29 -10 26 -9 26 -8 24 -12 18 -5 19 -6 10 -4 9 -4 6 -6 -1 -11 -6 -5 -6 -12 -11 -10 -15 -4 -13 0 0 0 0 0 0 0 0 0 0 0 0 0 0 0 0 0 0 0 0 0 0 -1 -1 2 -10 6 -10 5 -12 5 -15 10 -21 10 -20 8 -20 13 -22 13 -18 8 -21 11 -21 7 -20 5 -19 7 -9 7 -4 8 6 9 5 16 13 19 14 28 21 31 24 34 24 37 27 41 22 43 17 ]
CSI_DATA,STA,E4:D1:24:F2:5E:80,-83,10,0,0,0,0,0,0,0,0,0,-97,0,9,0,57163844,0,389,0,0,57.5458,128,[-123 81 24 0 -31 1 -25 -5 -16 -6 -9 -10 -2 -15 2 -17 0 -23 6 -20 6 -28 5 -30 5 -29 2 -29 4 -28 5 -25 6 -24 4 -16 3 -14 4 -7 11 -7 8 -6 6 3 4 3 13 7 11 9 11 8 0 0 0 0 0 0 0 0 0 0 0 0 0 0 0 0 0 0 0 0 0 0 3 3 3 5 -1 9 -4 13 -3 14 -4 22 -5 21 -2 28 -2 26 -4 25 2 21 2 18 0 17 -1 17 -5 10 -7 5 -9 -2 -12 -4 -14 -11 -27 -7 -33 -13 -34 -10 -43 -10 -46 -13 -50 -6 -48 -2 ]
CSI_DATA,STA,E4:D1:24:F2:5E:80,-84,10,0,0,0,0,0,0,0,0,0,-97,0,9,0,57266246,0,389,0,0,57.6482,128,[-123 81 24 0 -9 -23 -14 -18 -1 -10 4 -11 8 -7 11 -11 14 -9 17 -12 19 -11 19 -14 16 -14 23 -17 22 -13 15 -8 15 -12 14 -5 12 -4 12 -5 10 -1 6 4 6 4 5 8 4 11 0 13 5 18 0 0 0 0 0 0 0 0 0 0 0 0 0 0 0 0 0 0 0 0 0 0 -3 1 -6 -1 -13 0 -15 0 -15 0 -17 -2 -18 0 -23 -4 -24 4 -20 3 -19 2 -17 4 -15 6 -13 2 -10 0 -8 -6 -6 -10 0 -12 1 -20 1 -26 -2 -28 -7 -34 -5 -32 -11 -38 -15 -38 -18 -39 ]
CSI_DATA,STA,E4:D1:24:F2:5E:80,-85,10,0,0,0,0,0,0,0,0,0,-97,0,9,0,57368647,0,389,0,0,57.7506,128,[-123 81 24 0 24 -17 24 -13 14 -6 16 -3 10 9 9 12 14 11 10 25 10 20 15 21 14 27 17 24 17 19 16 23 14 20 14 19 5 11 1 9 1 7 -2 5 -8 3 -13 2 -15 4 -16 -2 -18 -1 0 0 0 0 0 0 0 0 0 0 0 0 0 0 0 0 0 0 0 0 0 0 -2 -3 -2 -9 -2 -13 0 -16 -4 -16 -9 -19 -11 -22 -7 -21 -15 -23 -13 -20 -13 -21 -8 -21 -9 -13 -9 -11 -1 -8 -2 -8 6 -2 12 -3 17 0 24 -1 29 -9 37 -8 40 -15 40 -20 39 -23 41 -27 ]
CSI_DATA,STA,E4:D1:24:F2:5E:80,-84,10,0,0,0,0,0,0,0,0,0,-97,0,9,0,57573452,0,389,0,0,57.9554,128,[-123 81 24 0 32 14 19 9 14 10 2 8 -5 16 -13 14 -9 15 -11 24 -14 24 -10 23 -12 22 -9 23 -11 20 -8 23 -8 23 -5 16 -4 10 -7 7 -6 0 -2 -1 -7 -5 -10 -5 -8 -11 -11 -11 -11 -17 0 0 0 0 0 0 0 0 0 0 0 0 0 0 0 0 0 0 0 0 0 0 0 -2 1 -6 6 -8 2 -11 4 -12 13 -17 16 -23 14 -18 16 -21 13 -21 12 -23 8 -15 8 -16 7 -13 4 -6 7 -6 10 4 13 11 13 16 16 22 23 22 25 23 35 25 37 24 43 20 39 20 ]
CSI_DATA,STA,E4:D1:24:F2:5E:80,-84,10,0,0,0,0,0,0,0,0,0,-97,0,9,0,57675855,0,389,0,0,58.0578,128,[-123 81 24 0 20 -15 16 -8 9 -3 11 1 7 10 1 20 6 22 6 23 5 22 9 28 9 24 12 21 12 27 14 22 9 22 5 12 2 14 -2 6 -3 6 -4 5 -7 2 -10 1 -19 0 -16 -6 -17 -3 0 0 0 0 0 0 0 0 0 0 0 0 0 0 0 0 0 0 0 0 0 0 -4 -1 -5 -1 -8 -7 -9 -9 -11 -15 -11 -16 -9 -18 -13 -22 -11 -18 -13 -18 -11 -14 -10 -18 -9 -14 -12 -13 -4 -11 -3 -2 6 -3 15 -7 16 -1 23 -7 34 -9 31 -14 38 -17 41 -22 44 -22 38 -24 ]
CSI_DATA,STA,E4:D1:24:F2:5E:80,-83,10,0,0,0,0,0,0,0,0,0,-97,0,9,0,57778257,0,389,0,0,58.1602,128,[-123 81 24 0 16 26 12 17 2 11 -3 12 -2 10 -11 15 -16 10 -21 14 -21 17 -20 17 -23 20 -21 19 -21 17 -17 18 -9 17 -9 16 -11 9 -12 5 -10 -1 -6 0 -6 -7 -8 -5 -7 -12 -12 -13 -11 -16 0 0 0 0 0 0 0 0 0 0 0 0 0 0 0 0 0 0 0 0 0 0 2 -3 3 -4 10 6 11 0 16 4 24 3 20 0 21 1 24 4 26 2 22 -1 22 5 19 1 16 0 8 3 4 8 4 7 -3 15 2 19 -9 30 0 28 2 34 5 44 13 36 17 46 16 46 ]
CSI_DATA,STA,E4:D1:24:F2:5E:80,-84,10,0,0,0,0,0,0,0,0,0,-97,0,9,0,57880659,0,389,0,0,58.2626,128,[-123 81 24 0 -14 -27 -6 -18 -4 -16 3 -14 8 -11 11 -11 17 -10 25 -11 27 -12 26 -11 26 -18 24 -15 22 -15 18 -11 15 -13 16 -9 12 -2 8 -6 10 -3 3 7 5 6 4 10 -2 13 -1 11 0 18 0 0 0 0 0 0 0 0 0 0 0 0 0 0 0 0 0 0 0 0 0 0 -3 6 -9 1 -11 1 -12 -1 -18 -2 -23 -1 -29 -2 -26 -1 -22 4 -22 4 -26 5 -22 5 -16 3 -15 -4 -12 1 -10 -5 1 -13 -3 -16 4 -19 -1 -27 2 -30 -5 -40 -3 -43 -10 -44 -15 -47 -14 -46 ]
CSI_DATA,STA,E4:D1:24:F2:5E:80,-83,10,0,0,0,0,0,0,0,0,0,-97,0,9,0,57983062,0,389,0,0,58.365,128,[-123 81 24 0 -25 -14 -23 -11 -11 -12 -3 -15 2 -16 2 -20 9 -19 13 -18 12 -21 13 -32 11 -27 15 -24 10 -16 18 -23 10 -19 5 -14 6 -10 7 -3 4 -4 8 0 9 5 12 3 6 9 7 14 7 12 0 0 0 0 0 0 0 0 0 0 0 0 0 0 0 0 0 0 0 0 0 0 -1 4 -9 7 -7 4 -10 5 -13 9 -18 12 -25 12 -21 15 -17 16 -13 16 -15 15 -15 14 -13 10 -8 9 -14 9 -8 1 -7 1 -12 -10 -12 -18 -16 -21 -16 -21 -25 -24 -32 -30 -37 -30 -37 -23 -41 -26 ]
CSI_DATA,STA,E4:D1:24:F2:5E:80,-84,10,0,0,0,0,0,0,0,0,0,-97,0,9,0,58085464,0,389,0,0,58.4674,128,[-123 81 24 0 10 28 5 23 -2 16 -10 8 -11 8 -14 5 -22 7 -26 5 -23 4 -29 6 -25 7 -30 10 -27 12 -21 9 -21 7 -20 8 -15 8 -12 -3 -7 2 -10 -11 -4 -12 -5 -7 -3 -16 -2 -17 -1 -18 0 0 0 0 0 0 0 0 0 0 0 0 0 0 0 0 0 0 0 0 0 0 1 -3 9 0 11 -3 13 3 12 2 16 3 21 5 25 3 22 4 22 -1 19 -1 19 -2 11 -6 14 1 12 1 0 3 4 7 -2 10 -6 21 -2 26 -8 33 -6 37 -3 39 0 46 -2 41 11 44 ]
CSI_DATA,STA,E4:D1:24:F2:5E:80,-83,10,0,0,0,0,0,0,0,0,0,-97,0,9,0,58290269,0,389,0,0,58.6722,128,[-123 81 24 0 24 5 19 7 9 8 7 7 -3 13 -4 20 -7 17 -14 20 -16 20 -13 27 -10 30 -11 26 -13 20 -10 19 -6 10 0 14 -6 8 -9 6 -5 1 -7 -2 -9 -2 -9 -11 -12 -11 -8 -9 -9 -12 0 0 0 0 0 0 0 0 0 0 0 0 0 0 0 0 0 0 0 0 0 0 -1 -6 -2 -9 5 -13 4 -14 7 -16 11 -16 11 -20 9 -21 11 -22 10 -21 10 -23 7 -17 12 -18 7 -11 0 -8 3 -9 8 0 6 7 15 9 18 17 23 20 31 23 32 26 37 25 40 24 40 16 ]
CSI_DATA,STA,E4:D1:24:F2:5E:80,-83,10,0,0,0,0,0,0,0,0,0,-97,0,9,0,58495085,0,389,0,0,58.877,128,[-123 81 24 0 -7 -37 3 -21 2 -16 7 -8 9 -10 18 -3 17 0 25 -6 24 -5 26 -9 30 -9 23 -6 26 -12 20 -8 18 -11 10 -8 10 -4 9 -2 5 -2 6 3 2 3 3 6 0 14 1 16 -2 15 0 0 0 0 0 0 0 0 0 0 0 0 0 0 0 0 0 0 0 0 0 0 -4 -1 -5 -4 -10 -4 -13 -7 -17 -12 -17 -12 -16 -14 -21 -14 -22 -16 -18 -13 -22 -14 -21 -6 -16 -8 -17 -8 -11 -7 -2 -8 0 -8 2 -12 9 -17 6 -21 12 -28 10 -35 13 -42 5 -44 4 -47 4 -49 ]
CSI_DATA,STA,E4:D1:24:F2:5E:80,-84,10,0,0,0,0,0,0,0,0,0,-97,0,9,0,58597476,0,389,0,0,58.9794,128,[-123 81 24 0 -23 -21 -16 -16 -8 -14 -1 -13 6 -16 12 -16 13 -16 17 -14 21 -20 22 -21 19 -19 20 -16 15 -20 12 -19 15 -18 15 -15 12 -9 10 -7 10 -1 5 -2 8 6 8 7 6 13 0 15 0 14 0 0 0 0 0 0 0 0 0 0 0 0 0 0 0 0 0 0 0 0 0 0 0 2 -6 5 -4 5 -15 8 -13 16 -17 9 -20 10 -22 15 -21 13 -23 18 -17 14 -18 12 -17 10 -11 9 -16 5 -4 1 -7 -8 -11 -11 -6 -20 -12 -25 -17 -28 -18 -36 -23 -34 -22 -37 -29 -38 -38 -37 ]
CSI_DATA,STA,E4:D1:24:F2:5E:80,-83,10,0,0,0,0,0,0,0,0,0,-97,0,9,0,58699879,0,389,0,0,59.0818,128,[-123 81 24 0 19 -21 18 -17 13 -11 13 0 7 5 11 13 10 16 11 25 13 21 11 18 18 26 20 21 19 17 18 20 11 16 10 16 4 10 6 8 4 7 -1 7 -8 5 -8 8 -12 4 -14 1 -18 3 0 0 0 0 0 0 0 0 0 0 0 0 0 0 0 0 0 0 0 0 0 0 -3 -3 -5 -6 -6 -7 -9 -18 -6 -16 -9 -19 -10 -24 -9 -21 -12 -24 -10 -23 -10 -15 -9 -17 -11 -15 -12 -12 -4 -14 -1 -12 4 -4 14 -9 16 -8 20 -5 34 -13 31 -7 41 -13 42 -22 40 -21 36 -27 ]
CSI_DATA,STA,E4:D1:24:F2:5E:80,-84,10,0,0,0,0,0,0,0,0,0,-97,0,9,0,58802281,0,389,0,0,59.1842,128,[-123 81 24 0 -29 21 -22 10 -16 5 -14 3 -6 -9 -9 -17 -9 -20 -9 -28 -12 -30 -11 -33 -12 -26 -12 -29 -12 -24 -6 -28 -10 -23 -6 -20 -4 -16 2 -12 -1 -8 6 -6 9 -3 12 -5 8 0 14 5 20 7 0 0 0 0 0 0 0 0 0 0 0 0 0 0 0 0 0 0 0 0 0 0 4 2 2 6 7 3 7 10 9 14 11 20 13 20 14 19 17 18 16 20 16 15 12 19 8 14 5 13 7 8 -7 5 -5 3 -10 6 -19 0 -28 7 -34 15 -35 12 -38 21 -44 19 -43 21 -42 26 ]
CSI_DATA,STA,E4:D1:24:F2:5E:80,-84,10,0,0,0,0,0,0,0,0,0,-97,0,9,0,58904683,0,389,0,0,59.2866,128,[-123 81 24 0 11 24 8 17 3 13 -5 8 -9 8 -13 6 -18 7 -22 6 -24 5 -26 6 -29 6 -22 6 -23 8 -22 6 -19 4 -11 1 -12 3 -9 -1 -8 -1 -3 -7 0 -10 0 -11 2 -10 2 -16 5 -13 0 0 0 0 0 0 0 0 0 0 0 0 0 0 0 0 0 0 0 0 0 0 1 -5 5 -6 8 0 9 -6 13 -6 16 -6 17 -7 20 -7 17 -13 21 -10 21 -10 14 -10 17 -7 11 -6 9 -2 8 0 3 6 5 11 -1 12 1 21 3 26 5 29 7 38 11 42 21 42 17 36 ]
CSI_DATA,STA,E4:D1:24:F2:5E:80,-83,10,0,0,0,0,0,0,0,0,0,-97,0,9,0,59007086,0,389,0,0,59.3889,128,[-123 81 24 0 -27 -4 -20 -8 -14 -8 -6 -12 -5 -11 1 -19 5 -20 4 -26 9 -25 4 -31 1 -31 0 -28 0 -24 7 -23 4 -21 1 -18 3 -11 5 -12 3 -7 9 -7 14 3 9 1 11 6 10 7 13 7 0 0 0 0 0 0 0 0 0 0 0 0 0 0 0 0 0 0 0 0 0 0 5 3 -2 10 -4 6 -8 14 -5 16 -11 19 -12 20 -10 15 -11 23 -11 21 -14 24 -6 16 -13 19 -7 9 -4 8 -10 -3 -11 -7 -16 -11 -19 -11 -18 -16 -30 -13 -33 -17 -35 -25 -41 -18 -45 -21 -44 -8 ]
CSI_DATA,STA,E4:D1:24:F2:5E:80,-84,10,0,0,0,0,0,0,0,0,0,-97,0,9,0,59109488,0,389,0,0,59.4914,128,[-123 81 24 0 17 28 10 19 6 16 -6 10 -9 8 -16 7 -18 8 -22 16 -24 11 -29 18 -31 17 -22 21 -19 21 -21 14 -17 11 -15 8 -7 8 -12 5 -8 -2 -3 -8 -7 -6 -6 -14 -5 -12 -3 -15 -4 -16 0 0 0 0 0 0 0 0 0 0 0 0 0 0 0 0 0 0 0 0 0 0 0 -1 6 -3 10 -5 12 -4 19 -1 22 -5 20 -2 26 -8 18 -8 18 -7 25 -8 20 -11 14 -5 11 -7 13 -4 8 2 6 7 4 15 8 19 0 21 5 33 4 42 14 41 9 43 20 38 19 39 ]
CSI_DATA,STA,E4:D1:24:F2:5E:80,-83,10,0,0,0,0,0,0,0,0,0,-97,0,9,0,59211890,0,389,0,0,59.5939,128,[-123 81 24 0 11 20 14 18 6 17 -3 12 -4 10 -15 8 -18 5 -22 8 -18 19 -22 18 -26 16 -21 20 -22 13 -15 20 -16 14 -12 7 -14 7 -9 4 -7 -4 -7 -5 -10 -4 -5 -9 -6 -11 -5 -14 -4 -14 0 0 0 0 0 0 0 0 0 0 0 0 0 0 0 0 0 0 0 0 0 0 -1 -8 -1 -6 7 -5 8 -13 15 -5 12 -8 16 -7 18 -6 20 -12 21 -10 18 -15 16 -8 15 -9 12 -7 3 -6 9 1 7 -2 5 12 6 14 8 20 10 33 21 35 20 39 22 36 25 40 30 30 ]
CSI_DATA,STA,E4:D1:24:F2:5E:80,-84,10,0,0,0,0,0,0,0,0,0,-97,0,9,0,59314293,0,389,0,0,59.6962,128,[-123 81 24 0 9 -27 13 -21 17 -11 10 -10 10 -5 17 5 18 5 23 9 22 13 27 11 29 5 22 8 24 9 22 6 22 0 15 4 9 6 8 5 5 3 1 6 1 10 -6 11 -8 10 -7 8 -13 12 0 0 0 0 0 0 0 0 0 0 0 0 0 0 0 0 0 0 0 0 0 0 -4 0 -5 -3 -10 -7 -14 -9 -13 -12 -11 -15 -17 -18 -19 -16 -20 -17 -23 -14 -20 -11 -14 -14 -14 -12 -13 -11 -6 -4 -3 -6 0 -9 5 -12 13 -11 19 -24 22 -23 23 -30 24 -39 25 -35 18 -40 18 -43 ]
CSI_DATA,STA,E4:D1:24:F2:5E:80,-84,10,0,0,0,0,0,0,0,0,0,-97,0,9,0,59416696,0,389,0,0,59.7986,128,[-123 81 24 0 -33 -15 -18 -8 -14 -13 -5 -11 -3 -7 7 -10 6 -14 9 -19 11 -20 6 -28 9 -25 9 -30 6 -28 6 -27 5 -19 2 -16 1 -13 8 -13 5 -6 5 -3 8 4 7 1 8 6 13 6 14 8 0 0 0 0 0 0 0 0 0 0 0 0 0 0 0 0 0 0 0 0 0 0 -1 2 -7 3 -9 4 -12 4 -14 7 -17 6 -20 10 -15 14 -18 17 -24 12 -18 11 -16 15 -12 10 -9 3 -12 3 -8 7 -13 -4 -11 -15 -15 -16 -9 -18 -20 -24 -26 -22 -28 -28 -36 -27 -32 -26 -41 -26 ]
CSI_DATA,STA,E4:D1:24:F2:5E:80,-84,10,0,0,0,0,0,0,0,0,0,-97,0,9,0,59519099,0,389,0,0,59.901,128,[-123 81 24 0 28 4 18 13 7 12 7 12 -2 11 -10 15 -1 15 -9 24 -13 25 -12 28 -9 23 -11 28 -8 27 -2 25 -7 21 -3 15 -10 14 -2 9 -7 6 -7 4 -4 -4 -12 0 -11 -3 -11 -14 -14 -5 0 0 0 0 0 0 0 0 0 0 0 0 0 0 0 0 0 0 0 0 0 0 3 -3 7 -6 11 -4 12 -11 19 -6 19 -10 21 -7 22 -12 22 -14 16 -12 20 -14 13 -9 20 -16 15 -9 7 -4 10 -3 7 2 9 9 11 14 18 23 14 26 24 27 25 32 26 33 41 28 34 31 ]
CSI_DATA,STA,E4:D1:24:F2:5E:80,-84,10,0,0,0,0,0,0,0,0,0,-97,0,9,0,59723903,0,389,0,0,60.1058,128,[-123 81 24 0 -7 -33 -1 -22 1 -15 9 -11 15 0 16 -2 19 -1 27 -3 29 3 28 1 31 2 26 -3 26 1 19 -2 20 -7 20 0 12 -2 7 5 3 6 4 6 -3 9 -5 11 -3 14 -2 12 -7 14 0 0 0 0 0 0 0 0 0 0 0 0 0 0 0 0 0 0 0 0 0 0 -4 6 -8 -2 -9 -1 -18 -2 -20 -5 -18 -5 -22 -6 -25 0 -24 -3 -27 -3 -25 0 -24 2 -19 -1 -15 -1 -8 -3 -8 -9 3 -3 2 -17 5 -21 3 -23 11 -30 5 -42 3 -36 5 -45 2 -46 -3 -51 ]
CSI_DATA,STA,E4:D1:24:F2:5E:80,-83,10,0,0,0,0,0,0,0,0,0,-97,0,9,0,59826306,0,389,0,0,60.2083,128,[-123 81 24 0 -7 31 -7 20 -10 15 -7 8 -11 2 -21 -1 -24 -7 -22 0 -30 -4 -29 -6 -31 -7 -26 -3 -26 -1 -23 3 -26 1 -22 -2 -17 -3 -9 0 -8 -3 -7 -5 -2 -9 -3 -10 1 -14 1 -15 5 -16 0 0 0 0 0 0 0 0 0 0 0 0 0 0 0 0 0 0 0 0 0 0 6 -1 5 3 3 7 10 12 2 16 9 15 17 22 17 19 15 19 13 17 16 13 15 12 11 16 8 11 5 8 1 1 -1 7 -6 10 -17 13 -19 22 -23 22 -28 29 -19 30 -28 40 -16 39 -22 43 ]
CSI_DATA,STA,E4:D1:24:F2:5E:80,-84,10,0,0,0,0,0,0,0,0,0,-97,0,9,0,59928708,0,389,0,0,60.3107,128,[-123 81 24 0 -23 -22 -19 -22 -8 -18 7 -11 7 -11 13 -9 20 -8 16 -12 23 -13 22 -17 24 -17 22 -17 21 -15 24 -16 15 -15 15 -9 12 -7 8 -1 6 1 8 0 6 5 5 8 2 13 4 14 -4 17 0 0 0 0 0 0 0 0 0 0 0 0 0 0 0 0 0 0 0 0 0 0 0 1 -5 2 -10 6 -11 7 -15 7 -20 7 -20 7 -20 10 -23 9 -22 13 -23 11 -18 10 -15 8 -15 7 -9 3 -11 -2 -8 -6 -7 -14 -4 -18 -9 -25 -10 -28 -8 -35 -16 -41 -20 -41 -19 -37 -27 -41 ]
CSI_DATA,STA,E4:D1:24:F2:5E:80,-84,10,0,0,0,0,0,0,0,0,0,-97,0,9,0,60031111,0,389,0,0,60.413,128,[-123 81 24 0 -20 -21 -11 -19 -10 -14 0 -16 10 -15 17 -6 14 -8 26 -6 22 -16 22 -11 22 -16 23 -13 21 -18 20 -10 13 -16 14 -13 12 -4 11 -3 10 4 3 7 3 4 2 7 0 13 0 14 -3 12 0 0 0 0 0 0 0 0 0 0 0 0 0 0 0 0 0 0 0 0 0 0 -1 1 0 8 -7 10 -7 7 -16 8 -13 8 -20 14 -17 12 -18 17 -15 16 -14 21 -18 13 -10 10 -8 10 -9 10 -6 2 -9 -5 -8 -8 -8 -20 -13 -25 -20 -32 -15 -35 -20 -37 -25 -39 -28 -39 -36 -35 ]
CSI_DATA,STA,E4:D1:24:F2:5E:80,-84,10,0,0,0,0,0,0,0,0,0,-97,0,9,0,60133513,0,389,0,0,60.5155,128,[-123 81 24 0 -27 -17 -18 -8 -14 -10 -2 -8 0 -13 11 -11 13 -12 15 -19 15 -19 20 -19 18 -23 15 -24 13 -21 14 -20 12 -19 10 -18 6 -4 6 -12 9 -8 2 0 9 2 7 6 2 11 7 11 2 10 0 0 0 0 0 0 0 0 0 0 0 0 0 0 0 0 0 0 0 0 0 0 -1 2 -5 6 -6 9 -10 9 -12 11 -16 16 -10 18 -14 19 -16 21 -16 15 -14 16 -9 17 -12 14 -11 9 -9 9 -8 0 -4 -5 -6 -8 -11 -10 -15 -19 -20 -24 -27 -27 -32 -28 -31 -35 -38 -26 -35 -28 ]
CSI_DATA,STA,E4:D1:24:F2:5E:80,-83,10,0,0,0,0,0,0,0,0,0,-97,0,9,0,60235915,0,389,0,0,60.6178,128,[-123 81 24 0 3 29 -2 22 -2 17 -8 8 -9 2 -15 -2 -20 -2 -24 -9 -30 -8 -28 -9 -31 -4 -29 -4 -25 -4 -31 1 -20 -4 -19 -6 -12 0 -7 -9 -5 -3 0 -4 -3 -7 6 -13 11 -14 14 -13 14 -12 0 0 0 0 0 0 0 0 0 0 0 0 0 0 0 0 0 0 0 0 0 0 1 -2 7 -2 13 1 13 0 18 1 17 1 21 1 25 1 23 -5 23 -2 24 3 17 1 20 -3 11 0 13 0 2 6 3 8 0 9 -4 15 -13 29 -6 30 -5 36 -5 37 -6 43 -5 45 1 50 ]
CSI_DATA,STA,E4:D1:24:F2:5E:80,-84,10,0,0,0,0,0,0,0,0,0,-97,0,9,0,60338318,0,389,0,0,60.7203,128,[-123 81 24 0 -12 27 -9 24 -12 12 -7 3 -11 3 -14 -6 -21 -8 -23 -6 -28 -10 -32 -9 -33 -4 -28 -3 -24 -3 -28 -1 -21 -2 -17 3 -11 -3 -9 -5 -11 -2 -4 -8 -1 -10 3 -12 5 -9 9 -13 7 -17 0 0 0 0 0 0 0 0 0 0 0 0 0 0 0 0 0 0 0 0 0 0 7 -1 8 3 6 4 11 9 15 13 15 12 19 16 13 10 18 16 18 13 14 11 15 11 19 10 13 3 8 9 -1 8 -6 7 -10 9 -13 13 -16 21 -26 25 -20 32 -20 36 -23 38 -15 46 -16 40 ]
CSI_DATA,STA,E4:D1:24:F2:5E:80,-84,10,0,0,0,0,0,0,0,0,0,-97,0,9,0,60440720,0,389,0,0,60.8225,128,[-123 81 24 0 0 25 2 19 -6 14 -8 9 -13 0 -16 1 -24 -1 -26 -5 -33 -8 -24 2 -32 4 -29 -5 -31 2 -26 -2 -17 0 -22 0 -13 -2 -10 -5 -9 -4 -6 -11 2 -9 3 -7 5 -12 7 -11 11 -10 0 0 0 0 0 0 0 0 0 0 0 0 0 0 0 0 0 0 0 0 0 0 2 -3 9 -3 13 -3 14 -3 17 0 18 -3 21 1 28 -1 22 -4 24 -6 23 -6 18 -6 17 -4 13 -3 10 2 7 0 2 9 -4 13 -10 15 -7 24 -4 29 -6 42 -7 47 -1 52 -2 48 7 49 ]
CSI_DATA,STA,E4:D1:24:F2:5E:80,-83,10,0,0,0,0,0,0,0,0,0,-97,0,9,0,60543123,0,389,0,0,60.9249,128,[-123 81 24 0 26 18 19 16 7 12 -1 10 -7 11 -6 11 -13 10 -20 19 -21 14 -23 15 -28 20 -20 19 -20 19 -16 18 -15 11 -17 8 -13 11 -8 1 -9 3 -9 -3 -11 -8 -7 -8 -2 -12 -3 -14 -1 -17 0 0 0 0 0 0 0 0 0 0 0 0 0 0 0 0 0 0 0 0 0 0 0 -1 3 -4 3 -10 11 -8 14 -13 14 -16 16 -11 19 -13 17 -16 14 -22 19 -16 12 -17 11 -17 9 -6 6 -9 6 1 8 3 6 8 10 18 8 22 11 29 17 32 23 37 29 44 29 36 35 40 ]
CSI_DATA,STA,E4:D1:24:F2:5E:80,-84,10,0,0,0,0,0,0,0,0,0,-97,0,9,0,60645525,0,389,0,0,61.0275,128,[-123 81 24 0 -20 -27 -18 -21 -4 -10 4 -10 4 -14 17 -7 18 -7 21 -11 21 -12 23 -16 24 -14 22 -12 20 -15 15 -10 14 -14 15 -12 9 -3 8 -6 6 0 8 1 6 7 2 8 4 12 -5 10 -1 12 0 0 0 0 0 0 0 0 0 0 0 0 0 0 0 0 0 0 0 0 0 0 -3 5 -5 9 -9 7 -13 8 -12 10 -15 12 -16 10 -22 17 -18 13 -14 11 -20 18 -18 14 -13 10 -14 9 -7 4 -6 2 -8 -9 -10 -12 -9 -15 -8 -17 -11 -33 -14 -35 -19 -37 -20 -36 -22 -39 -30 -36 ]
CSI_DATA,STA,E4:D1:24:F2:5E:80,-84,10,0,0,0,0,0,0,0,0,0,-97,0,9,0,60747927,0,389,0,0,61.1299,128,[-123 81 24 0 -36 -2 -17 1 -13 -6 -13 -7 -5 -12 -1 -18 -1 -26 4 -28 6 -25 8 -28 3 -26 2 -28 3 -25 -1 -26 4 -20 1 -17 6 -16 6 -9 3 -7 7 -4 10 -2 8 6 10 3 14 7 11 8 0 0 0 0 0 0 0 0 0 0 0 0 0 0 0 0 0 0 0 0 0 0 3 3 1 2 -4 6 -6 17 -12 11 -7 21 -8 23 -5 19 -8 22 -2 22 -6 18 -7 21 -8 17 -8 13 -7 9 -7 5 -11 0 -15 -5 -18 -8 -23 -12 -25 -15 -35 -15 -38 -11 -46 -14 -45 -11 -43 -5 ]
CSI_DATA,STA,E4:D1:24:F2:5E:80,-82,10,0,0,0,0,0,0,0,0,0,-97,0,9,0,60850330,0,389,0,0,61.2323,128,[-123 81 24 0 -30 8 -23 -2 -19 -1 -12 -6 -7 -16 3 -17 4 -15 -3 -22 1 -25 2 -31 1 -31 3 -29 -7 -29 -3 -28 -2 -23 0 -18 -2 -13 0 -14 6 -11 2 -6 5 3 10 5 11 4 13 10 12 10 0 0 0 0 0 0 0 0 0 0 0 0 0 0 0 0 0 0 0 0 0 0 8 2 -1 1 1 12 1 11 -2 15 0 20 -4 16 -1 23 0 24 3 26 2 21 2 23 3 18 -2 10 0 9 -1 6 -4 2 -8 -3 -20 -5 -30 -1 -36 -9 -36 -7 -39 -5 -51 -3 -49 -1 -40 6 ]
CSI_DATA,STA,E4:D1:24:F2:5E:80,-84,10,0,0,0,0,0,0,0,0,0,-97,0,9,0,60952732,0,389,0,0,61.3347,128,[-123 81 24 0 -36 -1 -24 -1 -18 -7 -11 -12 -8 -11 -9 -17 1 -23 -5 -20 -6 -26 -7 -29 -10 -25 -7 -27 -12 -18 -11 -23 -7 -15 -8 -17 -10 -10 -2 -8 1 -11 5 -10 4 -8 8 -4 11 -8 13 -6 13 -5 0 0 0 0 0 0 0 0 0 0 0 0 0 0 0 0 0 0 0 0 0 0 -1 7 -8 5 -11 4 -11 3 -11 3 -16 9 -17 7 -21 12 -15 15 -14 21 -12 16 -19 10 -9 12 -9 14 -11 7 -8 9 -10 4 -9 -5 -13 -9 -26 -15 -25 -19 -34 -20 -39 -17 -39 -18 -48 -16 -42 -15 ]
CSI_DATA,STA,E4:D1:24:F2:5E:80,-84,10,0,0,0,0,0,0,0,0,0,-97,0,9,0,61055134,0,389,0,0,61.4371,128,[-123 81 24 0 -8 -22 -5 -19 -3 -14 3 -9 9 -5 12 -5 21 -4 19 -5 27 -3 25 -1 34 -7 29 -6 23 -7 29 -10 19 -2 19 3 10 -3 11 1 5 2 1 6 2 9 -2 6 -2 7 -7 11 -9 12 0 0 0 0 0 0 0 0 0 0 0 0 0 0 0 0 0 0 0 0 0 0 4 7 -7 1 -10 6 -15 2 -15 8 -20 7 -23 15 -24 8 -23 14 -17 9 -18 9 -18 8 -16 8 -15 4 -13 -1 -5 1 -1 -1 -7 -12 -1 -22 -6 -25 -5 -32 -5 -38 -7 -44 -12 -43 -10 -41 -22 -44 ]
CSI_DATA,STA,E4:D1:24:F2:5E:80,-83,10,0,0,0,0,0,0,0,0,0,-97,0,9,0,61157537,0,389,0,0,61.5393,128,[-123 81 24 0 -18 21 -12 20 -12 8 -12 2 -11 2 -19 -12 -20 -14 -20 -12 -22 -15 -24 -15 -27 -9 -31 -10 -26 -11 -22 -7 -17 -7 -14 -8 -14 -5 -11 -5 -7 -6 -2 -9 4 -8 8 -14 5 -13 11 -12 12 -15 0 0 0 0 0 0 0 0 0 0 0 0 0 0 0 0 0 0 0 0 0 0 1 -1 4 5 7 5 10 10 10 11 11 15 18 16 13 20 15 16 18 17 18 11 10 13 16 6 7 10 8 8 -3 7 -8 10 -14 12 -18 16 -23 14 -26 23 -30 22 -28 30 -32 34 -26 39 -25 43 ]
CSI_DATA,STA,E4:D1:24:F2:5E:80,-84,10,0,0,0,0,0,0,0,0,0,-97,0,9,0,61259939,0,389,0,0,61.6417,128,[-123 81 24 0 34 -13 23 -12 20 -2 13 5 6 7 4 18 3 23 7 24 9 28 8 29 13 22 18 23 12 23 12 17 15 16 11 16 5 11 4 12 2 8 -2 14 -6 5 -12 4 -11 7 -13 4 -19 -1 0 0 0 0 0 0 0 0 0 0 0 0 0 0 0 0 0 0 0 0 0 0 -5 -4 -3 -9 0 -9 6 -12 3 -16 5 -21 9 -23 3 -20 4 -24 0 -24 4 -24 3 -21 2 -16 5 -18 1 -8 3 -5 6 -6 15 1 17 4 23 2 29 8 39 4 46 1 46 -5 48 -9 41 -6 ]
CSI_DATA,STA,E4:D1:24:F2:5E:80,-84,10,0,0,0,0,0,0,0,0,0,-97,0,9,0,61362339,0,389,0,0,61.7443,128,[-123 81 24 0 32 -4 19 2 16 3 6 9 1 9 -1 14 3 18 2 29 -1 28 0 25 7 29 9 26 4 29 3 23 1 20 4 18 2 15 -3 10 -2 8 -5 3 -9 4 -13 0 -8 -2 -14 -6 -11 -9 0 0 0 0 0 0 0 0 0 0 0 0 0 0 0 0 0 0 0 0 0 0 2 -5 -2 -5 3 -12 3 -11 5 -16 6 -17 9 -23 8 -23 7 -26 2 -25 7 -23 3 -18 3 -19 2 -16 2 -11 8 0 1 0 9 7 14 7 23 6 27 10 33 13 39 12 44 7 45 6 50 3 ]
CSI_DATA,STA,E4:D1:24:F2:5E:80,-83,10,0,0,0,0,0,0,0,0,0,-97,0,9,0,61464741,0,389,0,0,61.8467,128,[-123 81 24 0 33 -8 18 -7 14 5 15 4 5 13 1 20 3 20 6 25 1 24 2 28 4 26 2 24 2 23 5 23 4 15 3 10 3 13 0 6 -6 6 -9 1 -7 2 -9 -3 -11 -3 -15 -10 -15 -12 0 0 0 0 0 0 0 0 0 0 0 0 0 0 0 0 0 0 0 0 0 0 -4 -8 -4 -7 1 -9 -2 -12 1 -21 -2 -16 -3 -20 -3 -28 -1 -22 -2 -23 -5 -22 -3 -20 1 -16 -3 -15 0 -9 1 -2 7 -1 13 -5 16 1 26 5 29 11 41 4 37 0 49 -1 49 -8 46 -5 ]
CSI_DATA,STA,E4:D1:24:F2:5E:80,-83,10,0,0,0,0,0,0,0,0,0,-97,0,9,0,61567143,0,389,0,0,61.9491,128,[-123 81 24 0 20 26 10 23 0 20 -3 15 -12 8 -13 7 -24 6 -28 9 -20 10 -25 9 -31 15 -25 17 -22 16 -19 13 -19 8 -14 7 -21 9 -9 2 -9 -1 -6 1 -3 -8 -6 -13 -1 -13 -6 -17 3 -15 0 0 0 0 0 0 0 0 0 0 0 0 0 0 0 0 0 0 0 0 0 0 0 -6 5 -3 7 -4 13 -8 13 -8 21 -6 20 -5 21 -8 20 -7 23 -10 21 -10 18 -9 11 -9 13 -8 11 -4 6 1 1 6 2 8 5 15 2 24 3 27 15 37 11 38 23 42 22 45 23 37 ]
CSI_DATA,STA,E4:D1:24:F2:5E:80,-83,10,0,0,0,0,0,0,0,0,0,-97,0,9,0,61669546,0,389,0,0,62.0515,128,[-123 81 24 0 -28 -3 -25 -2 -23 -6 -10 -1 -8 -15 -8 -14 3 -26 2 -26 3 -32 3 -29 0 -32 -3 -25 -4 -30 2 -26 3 -25 1 -15 -4 -17 1 -13 4 -8 2 1 8 -1 11 0 15 6 10 6 14 9 0 0 0 0 0 0 0 0 0 0 0 0 0 0 0 0 0 0 0 0 0 0 3 3 -4 3 -4 6 -6 17 -3 17 -5 15 -6 23 -8 24 1 27 -8 25 -6 23 -2 20 -5 14 2 13 0 8 -11 4 -9 -3 -15 2 -13 -8 -27 -12 -23 -6 -33 -10 -42 -7 -46 -12 -49 -10 -48 -3 ]
CSI_DATA,STA,E4:D1:24:F2:5E:80,-84,10,0,0,0,0,0,0,0,0,0,-97,0,9,0,61771948,0,389,0,0,62.1539,128,[-123 81 24 0 -29 -15 -17 -14 -7 -15 1 -10 1 -10 14 -14 14 -16 18 -15 16 -21 23 -17 23 -21 17 -24 20 -23 19 -14 14 -17 12 -19 9 -12 7 -2 7 -4 3 1 7 2 4 6 7 12 4 17 4 17 0 0 0 0 0 0 0 0 0 0 0 0 0 0 0 0 0 0 0 0 0 0 -1 4 -6 3 -8 5 -18 8 -17 7 -22 10 -17 11 -21 11 -16 17 -16 10 -20 19 -19 13 -11 9 -12 13 -8 0 -8 -6 -9 -4 -6 -12 -7 -16 -8 -24 -20 -26 -19 -30 -22 -32 -31 -35 -32 -39 -34 -31 ]
CSI_DATA,STA,E4:D1:24:F2:5E:80,-84,10,0,0,0,0,0,0,0,0,0,-97,0,9,0,61874351,0,389,0,0,62.2564,128,[-123 81 24 0 22 -17 16 -13 14 -7 15 -1 12 8 14 13 17 11 17 16 21 16 20 22 18 15 25 19 22 11 19 14 18 9 17 12 14 9 2 7 5 9 1 5 -6 10 -6 7 -11 9 -8 8 -12 7 0 0 0 0 0 0 0 0 0 0 0 0 0 0 0 0 0 0 0 0 0 0 -5 -3 0 -10 -2 -11 2 -14 1 -15 -4 -21 1 -22 -4 -27 0 -25 -5 -25 -4 -22 -3 -18 -6 -12 -2 -16 2 -11 3 -6 6 -7 8 -6 21 -2 22 -2 31 -5 36 -10 43 -16 41 -21 43 -23 38 -25 ]
CSI_DATA,STA,E4:D1:24:F2:5E:80,-83,10,0,0,0,0,0,0,0,0,0,-97,0,9,0,61976753,0,389,0,0,62.3586,128,[-123 81 24 0 14 -29 14 -23 10 -16 13 -10 18 1 20 8 21 9 23 11 20 7 28 13 22 11 29 7 24 12 22 5 16 7 17 8 17 2 8 3 6 9 1 6 -4 7 -3 11 -7 11 -10 10 -14 13 0 0 0 0 0 0 0 0 0 0 0 0 0 0 0 0 0 0 0 0 0 0 -5 1 -7 -6 -8 -6 -12 -11 -13 -13 -17 -15 -18 -17 -18 -14 -19 -20 -20 -12 -14 -15 -17 -13 -15 -9 -11 -7 -6 -6 -2 -8 3 -6 7 -9 13 -20 19 -16 17 -22 28 -25 26 -35 25 -40 28 -41 19 -49 ]
CSI_DATA,STA,E4:D1:24:F2:5E:80,-84,10,0,0,0,0,0,0,0,0,0,-97,0,9,0,62079155,0,389,0,0,62.4611,128,[-123 81 24 0 11 30 6 22 -2 11 -8 13 -12 9 -16 8 -19 1 -26 0 -29 6 -24 6 -24 10 -26 9 -29 8 -25 9 -18 8 -17 6 -14 10 -9 1 -8 -5 -7 -7 -4 -9 -1 -11 1 -13 -2 -18 4 -16 0 0 0 0 0 0 0 0 0 0 0 0 0 0 0 0 0 0 0 0 0 0 0 -2 9 -1 8 0 10 2 13 5 21 3 20 3 25 2 21 4 22 -1 22 1 21 1 19 1 15 -3 14 -1 4 1 7 8 -2 12 -8 19 -9 22 -5 29 -6 35 -3 41 4 45 2 45 5 45 ]
CSI_DATA,STA,E4:D1:24:F2:5E:80,-83,10,0,0,0,0,0,0,0,0,0,-97,0,9,0,62181558,0,389,0,0,62.5635,128,[-123 81 24 0 -35 -10 -25 -3 -12 -8 -8 -13 -2 -14 2 -19 10 -20 9 -23 11 -24 9 -28 13 -24 8 -25 4 -27 12 -21 6 -19 5 -18 5 -12 7 -7 6 -5 4 0 9 -1 9 6 7 10 11 12 6 11 0 0 0 0 0 0 0 0 0 0 0 0 0 0 0 0 0 0 0 0 0 0 1 6 0 4 -3 8 -4 15 -7 17 -6 23 -2 25 -5 24 -8 24 -8 21 -4 23 -5 19 -7 21 -1 16 -10 8 -7 10 -10 2 -12 -8 -16 -8 -22 -11 -30 -22 -40 -16 -40 -17 -44 -17 -46 -8 -49 -7 ]
CSI_DATA,STA,E4:D1:24:F2:5E:80,-84,10,0,0,0,0,0,0,0,0,0,-97,0,9,0,62283960,0,389,0,0,62.6659,128,[-123 81 24 0 -12 -27 -3 -26 4 -14 10 -14 11 -4 16 -7 14 -9 23 -6 25 -6 23 -10 27 -13 21 -11 21 -11 19 -10 20 -10 16 -11 11 -8 13 -2 7 -2 4 3 3 5 2 8 2 16 2 14 4 15 0 0 0 0 0 0 0 0 0 0 0 0 0 0 0 0 0 0 0 0 0 0 -2 0 -6 1 -10 -5 -11 -5 -17 -11 -20 -11 -19 -12 -20 -7 -23 -12 -23 -7 -22 -4 -23 -6 -13 -6 -14 -5 -13 -6 -4 -4 -1 -9 1 -14 5 -16 12 -19 10 -30 3 -39 6 -41 2 -45 -8 -43 -1 -47 ]
CSI_DATA,STA,E4:D1:24:F2:5E:80,-84,10,0,0,0,0,0,0,0,0,0,-97,0,9,0,62386363,0,389,0,0,62.7683,128,[-123 81 24 0 -27 -7 -21 1 -16 -11 -13 -5 -10 -14 -3 -23 -2 -21 0 -22 0 -28 0 -30 -4 -27 -5 -29 -8 -28 -9 -20 -14 -24 -3 -20 -3 -13 1 -12 0 -10 1 -5 3 -4 10 -2 14 -2 14 0 12 1 0 0 0 0 0 0 0 0 0 0 0 0 0 0 0 0 0 0 0 0 0 0 -1 4 -8 7 -10 7 -12 5 -13 8 -17 9 -24 10 -21 9 -14 11 -22 14 -18 14 -17 16 -17 13 -16 9 -10 2 -5 -2 -6 0 -10 -8 -10 -16 -19 -25 -23 -20 -30 -24 -40 -26 -39 -23 -44 -22 -41 -19 ]
CSI_DATA,STA,E4:D1:24:F2:5E:80,-83,10,0,0,0,0,0,0,0,0,0,-97,0,9,0,62488765,0,389,0,0,62.8707,128,[-123 81 24 0 -28 -3 -25 -6 -12 -3 -9 -12 0 -12 4 -19 6 -18 6 -24 6 -29 6 -26 2 -33 5 -29 4 -27 5 -22 2 -22 0 -16 2 -14 2 -12 2 -11 2 -2 5 0 7 3 16 5 11 6 10 11 0 0 0 0 0 0 0 0 0 0 0 0 0 0 0 0 0 0 0 0 0 0 1 3 1 5 -2 12 -9 10 -9 13 -8 19 -9 18 -8 24 -8 23 -7 26 -6 24 -6 15 -4 22 -4 12 -1 11 0 3 -7 3 -13 -11 -17 -12 -25 -11 -28 -11 -32 -19 -36 -15 -44 -13 -41 -13 -43 -10 ]
CSI_DATA,STA,E4:D1:24:F2:5E:80,-84,10,0,0,0,0,0,0,0,0,0,-97,0,9,0,62591210,0,389,0,0,62.9732,128,[-123 81 24 0 5 -34 7 -19 8 -11 7 -4 10 2 14 5 19 15 23 8 21 11 29 14 26 12 26 10 27 9 21 7 18 8 8 6 13 8 7 1 2 6 -4 4 -4 8 -9 11 -12 9 -11 8 -15 8 0 0 0 0 0 0 0 0 0 0 0 0 0 0 0 0 0 0 0 0 0 0 -16 4 1 -3 -23 2 -13 -3 -11 -8 -17 -5 -25 -7 -25 -6 -23 -1 -22 -7 -25 -3 -23 -7 -18 -4 -14 -5 -14 -7 -3 -7 2 -5 8 -12 14 -13 16 -21 17 -24 23 -28 16 -36 17 -42 13 -44 16 -42 ]
CSI_DATA,STA,E4:D1:24:F2:5E:80,-84,10,0,0,0,0,0,0,0,0,0,-97,0,9,0,62693570,0,389,0,0,63.0754,128,[-123 81 24 0 -21 -24 -14 -16 -6 -16 -2 -10 5 -10 11 -10 8 -19 21 -20 17 -20 15 -23 15 -25 18 -23 11 -23 10 -23 9 -18 3 -16 7 -13 10 -9 6 -7 6 -3 7 5 12 6 10 8 6 9 9 15 0 0 0 0 0 0 0 0 0 0 0 0 0 0 0 0 0 0 0 0 0 0 -3 0 -4 3 -6 2 -15 8 -20 6 -21 3 -19 10 -26 9 -21 10 -20 12 -18 13 -22 11 -16 4 -13 6 -9 5 -4 -6 -10 -2 -9 -14 -8 -21 -9 -23 -19 -30 -17 -35 -17 -33 -21 -36 -32 -32 -35 -32 ]
CSI_DATA,STA,E4:D1:24:F2:5E:80,-84,10,0,0,0,0,0,0,0,0,0,-97,0,9,0,62795972,0,389,0,0,63.1778,128,[-123 81 24 0 -23 -20 -20 -14 -9 -9 -6 -7 6 -11 8 -11 11 -13 17 -15 19 -18 19 -21 24 -27 16 -18 16 -22 19 -16 13 -17 11 -11 10 -9 11 1 9 -4 5 2 6 5 4 10 2 13 2 15 -1 13 0 0 0 0 0 0 0 0 0 0 0 0 0 0 0 0 0 0 0 0 0 0 -2 4 0 4 -9 8 -11 12 -15 10 -9 14 -16 17 -15 18 -13 19 -18 15 -8 17 -12 12 -8 14 -13 16 -9 10 -6 0 -7 -1 -7 -10 -17 -17 -15 -22 -17 -26 -28 -29 -34 -34 -41 -34 -38 -36 -39 -25 ]
CSI_DATA,STA,E4:D1:24:F2:5E:80,-83,10,0,0,0,0,0,0,0,0,0,-97,0,9,0,62898375,0,389,0,0,63.2803,128,[-123 81 24 0 27 -13 20 -8 14 -5 11 -4 7 4 3 13 13 14 6 27 5 24 9 21 9 25 10 25 13 27 10 21 10 21 4 13 4 9 -2 8 -4 3 -4 4 -8 1 -12 -2 -8 -1 -18 -4 -15 -2 0 0 0 0 0 0 0 0 0 0 0 0 0 0 0 0 0 0 0 0 0 0 -3 -3 -6 -6 -5 -13 -5 -12 -7 -13 -8 -21 -9 -25 -7 -22 -8 -23 -9 -22 -10 -16 -13 -20 -8 -19 -7 -13 -2 -16 -4 -10 11 -6 13 -4 22 1 24 1 32 -8 36 -6 38 -8 39 -11 46 -18 43 -20 ]
CSI_DATA,STA,E4:D1:24:F2:5E:80,-84,10,0,0,0,0,0,0,0,0,0,-97,0,9,0,63000777,0,389,0,0,63.3827,128,[-123 81 24 0 2 -31 3 -17 6 -17 9 -6 11 2 13 -1 22 2 24 4 24 8 26 6 27 6 27 2 29 7 26 2 21 0 17 4 13 5 4 5 8 6 -1 9 -4 9 -6 9 -7 7 -5 10 -10 6 0 0 0 0 0 0 0 0 0 0 0 0 0 0 0 0 0 0 0 0 0 0 -9 2 -10 0 -7 -6 -13 -6 -14 -7 -14 -9 -20 -9 -20 -10 -22 -8 -20 -9 -20 -7 -18 -4 -18 -4 -17 -8 -10 -7 -5 -3 5 -11 3 -15 11 -16 14 -21 15 -31 18 -33 13 -36 20 -39 18 -42 12 -47 ]
CSI_DATA,STA,E4:D1:24:F2:5E:80,-84,10,0,0,0,0,0,0,0,0,0,-97,0,9,0,63103179,0,389,0,0,63.4851,128,[-123 81 24 0 35 -4 18 -2 10 5 13 13 5 10 -1 14 -2 18 0 22 1 28 2 32 -6 25 1 29 3 27 6 23 -2 20 1 19 0 9 -1 11 -3 7 -7 0 -5 -3 -10 -5 -13 -7 -15 -9 -11 -10 0 0 0 0 0 0 0 0 0 0 0 0 0 0 0 0 0 0 0 0 0 0 2 -3 -1 -8 3 -12 6 -12 1 -13 9 -19 5 -18 5 -24 6 -18 1 -22 1 -25 0 -18 -5 -17 -1 -12 6 -12 9 -4 9 -1 15 0 17 5 21 10 27 12 35 9 40 7 42 10 47 1 44 2 ]
CSI_DATA,STA,E4:D1:24:F2:5E:80,-84,10,0,0,0,0,0,0,0,0,0,-97,0,9,0,63205582,0,389,0,0,63.5875,128,[-123 81 24 0 -36 -11 -22 -10 -14 -13 -8 -11 0 -13 -3 -20 4 -14 3 -23 6 -26 5 -27 1 -27 5 -30 1 -25 -2 -23 -2 -22 -5 -15 2 -11 1 -10 1 -1 8 -3 9 0 9 6 11 1 19 6 11 8 0 0 0 0 0 0 0 0 0 0 0 0 0 0 0 0 0 0 0 0 0 0 1 3 -7 4 -11 4 -11 5 -16 11 -16 10 -17 14 -16 17 -15 17 -17 21 -18 16 -12 16 -12 11 -7 5 -11 6 -7 0 -7 -2 -12 -11 -13 -16 -16 -22 -24 -25 -28 -24 -33 -23 -40 -20 -43 -18 -43 -23 ]
CSI_DATA,STA,E4:D1:24:F2:5E:80,-84,10,0,0,0,0,0,0,0,0,0,-97,0,9,0,63307984,0,389,0,0,63.6899,128,[-123 81 24 0 8 -24 7 -22 6 -13 11 -6 15 6 17 5 24 6 21 7 26 11 25 8 20 5 27 8 29 1 21 3 17 7 19 4 9 4 7 8 5 8 -2 9 -5 9 -5 5 -7 15 -10 13 -12 9 0 0 0 0 0 0 0 0 0 0 0 0 0 0 0 0 0 0 0 0 0 0 -5 5 -9 -2 -11 -3 -14 -5 -19 -8 -21 -12 -21 -9 -22 -9 -25 -11 -21 -12 -25 -4 -16 -8 -20 -9 -15 0 -5 -8 -2 -8 -4 -16 3 -11 14 -14 16 -23 16 -26 18 -29 19 -36 18 -40 15 -45 11 -44 ]
CSI_DATA,STA,E4:D1:24:F2:5E:80,-83,10,0,0,0,0,0,0,0,0,0,-97,0,9,0,63410388,0,389,0,0,63.7922,128,[-123 81 24 0 26 7 16 10 13 10 3 16 2 11 -4 21 -10 21 -12 26 -11 24 -9 31 -8 31 -10 27 -6 27 -6 21 1 21 -3 20 -5 13 -3 7 -7 8 -8 3 -12 -1 -11 -6 -15 -3 -13 -9 -14 -9 0 0 0 0 0 0 0 0 0 0 0 0 0 0 0 0 0 0 0 0 0 0 2 -4 4 -4 9 -10 11 -7 14 -4 18 -13 20 -12 22 -14 19 -11 19 -12 21 -12 13 -7 13 -9 12 -3 12 -9 9 -6 7 5 5 11 11 15 16 20 20 26 24 25 25 28 33 29 38 24 32 19 ]
CSI_DATA,STA,E4:D1:24:F2:5E:80,-82,10,0,0,0,0,0,0,0,0,0,-97,0,9,0,63512791,0,389,0,0,63.8946,128,[-123 81 24 0 -15 22 -17 13 -15 8 -13 4 -13 -2 -14 -10 -17 -9 -21 -18 -23 -19 -23 -20 -27 -16 -24 -19 -22 -17 -17 -10 -22 -15 -21 -8 -15 -12 -9 -8 -4 -7 -4 -7 4 -9 6 -9 6 -12 9 -8 11 -14 0 0 0 0 0 0 0 0 0 0 0 0 0 0 0 0 0 0 0 0 0 0 6 5 3 7 3 8 6 12 5 18 5 20 8 21 9 19 10 21 7 21 8 24 4 20 6 13 8 11 2 10 1 7 -3 7 -13 6 -19 8 -22 9 -31 14 -36 15 -35 21 -37 29 -41 34 -36 34 ]
CSI_DATA,STA,E4:D1:24:F2:5E:80,-84,10,0,0,0,0,0,0,0,0,0,-97,0,9,0,63615193,0,389,0,0,63.9971,128,[-123 81 24 0 10 -27 8 -23 6 -8 15 -4 12 3 15 4 20 11 18 12 25 12 23 11 27 9 23 12 21 7 20 10 18 7 15 6 15 7 3 6 2 5 0 6 -6 11 -7 10 -9 8 -11 12 -11 8 0 0 0 0 0 0 0 0 0 0 0 0 0 0 0 0 0 0 0 0 0 0 -7 -1 -8 -4 -10 -6 -5 -13 -13 -15 -12 -18 -10 -19 -10 -20 -15 -16 -14 -16 -14 -20 -12 -16 -10 -11 -8 -7 -8 -13 -3 -8 2 0 14 -5 17 -13 26 -16 25 -20 29 -23 27 -27 30 -30 20 -32 27 -37 ]
CSI_DATA,STA,E4:D1:24:F2:5E:80,-84,10,0,0,0,0,0,0,0,0,0,-97,0,9,0,63717596,0,389,0,0,64.0995,128,[-123 81 24 0 14 -27 8 -19 10 -8 9 -7 11 7 16 8 18 12 15 14 25 15 24 13 27 15 25 5 26 8 24 11 12 6 15 8 7 4 8 6 4 5 -2 6 -5 7 -10 6 -9 10 -17 7 -13 8 0 0 0 0 0 0 0 0 0 0 0 0 0 0 0 0 0 0 0 0 0 0 -5 2 -4 -1 -7 -4 -11 -8 -13 -13 -13 -18 -15 -20 -16 -16 -15 -15 -16 -16 -16 -15 -16 -13 -14 -12 -12 -7 -7 -5 -5 -9 0 -9 10 -5 12 -8 19 -18 21 -24 26 -26 28 -28 34 -34 26 -35 28 -34 ]
CSI_DATA,STA,E4:D1:24:F2:5E:80,-84,10,0,0,0,0,0,0,0,0,0,-97,0,9,0,63922400,0,389,0,0,64.3044,128,[-123 81 24 0 11 25 3 25 -3 18 -11 11 -13 8 -16 9 -21 8 -29 5 -27 10 -28 6 -29 5 -30 8 -24 10 -25 8 -17 9 -14 8 -13 8 -13 0 -10 -6 -8 0 -3 -12 -5 -8 -5 -15 -2 -13 -1 -14 0 0 0 0 0 0 0 0 0 0 0 0 0 0 0 0 0 0 0 0 0 0 5 -3 6 -1 13 5 7 2 19 12 18 7 17 2 22 9 26 7 23 2 22 3 17 0 17 -1 12 3 10 6 7 6 8 7 -5 9 -9 16 -7 24 -9 27 -6 36 -2 47 -3 52 4 51 0 49 ]
CSI_DATA,STA,E4:D1:24:F2:5E:80,-84,10,0,0,0,0,0,0,0,0,0,-97,0,9,0,64024803,0,389,0,0,64.4067,128,[-123 81 24 0 6 29 6 20 3 15 -4 7 -10 3 -18 1 -21 5 -23 -1 -30 1 -31 1 -30 5 -22 1 -26 2 -20 6 -25 -1 -17 0 -13 -1 -8 -2 -10 -4 -6 -6 -3 -10 2 -13 3 -13 1 -13 6 -18 0 0 0 0 0 0 0 0 0 0 0 0 0 0 0 0 0 0 0 0 0 0 7 -6 7 -1 11 0 15 5 16 -2 18 3 23 5 24 -4 25 0 24 -4 27 -3 20 0 20 -2 14 0 12 -2 0 2 2 8 0 14 -8 23 -2 25 -9 34 -3 40 -1 36 3 42 3 45 4 48 ]
CSI_DATA,STA,E4:D1:24:F2:5E:80,-83,10,0,0,0,0,0,0,0,0,0,-97,0,9,0,64127205,0,389,0,0,64.5092,128,[-123 81 24 0 -22 17 -16 16 -12 7 -17 -1 -14 -10 -12 -17 -15 -17 -14 -25 -21 -22 -15 -24 -18 -22 -18 -24 -18 -17 -17 -15 -20 -16 -9 -6 -9 -13 -9 -14 0 -10 1 -8 8 -11 11 -6 14 -7 12 -8 18 -1 0 0 0 0 0 0 0 0 0 0 0 0 0 0 0 0 0 0 0 0 0 0 2 4 5 4 6 4 3 8 10 16 11 16 13 16 13 22 13 26 15 17 10 20 9 15 12 10 2 13 5 15 -8 6 -10 7 -17 2 -20 7 -25 10 -31 15 -36 14 -40 19 -34 22 -35 28 -32 32 ]
CSI_DATA,STA,E4:D1:24:F2:5E:80,-83,10,0,0,0,0,0,0,0,0,0,-97,0,9,0,64229608,0,389,0,0,64.6114,128,[-123 81 24 0 15 -32 8 -21 11 -9 11 0 12 1 14 5 16 8 19 13 25 13 24 15 25 15 25 10 24 8 23 8 21 5 18 7 13 3 5 6 6 4 3 12 0 6 -9 11 -8 10 -14 9 -14 11 0 0 0 0 0 0 0 0 0 0 0 0 0 0 0 0 0 0 0 0 0 0 -3 2 -7 -2 -8 -10 -7 -11 -13 -14 -11 -23 -16 -15 -19 -21 -17 -22 -14 -13 -14 -17 -16 -13 -17 -11 -12 -11 -5 -6 1 -9 4 -9 9 -11 17 -8 22 -18 20 -24 25 -27 31 -31 27 -38 26 -34 22 -41 ]
CSI_DATA,STA,E4:D1:24:F2:5E:80,-84,10,0,0,0,0,0,0,0,0,0,-97,0,9,0,64332010,0,389,0,0,64.7139,128,[-123 81 24 0 -23 14 -14 6 -20 1 -11 -4 -10 -7 -4 -16 -10 -18 -9 -23 -9 -24 -10 -21 -14 -28 -10 -24 -6 -19 -13 -19 -12 -15 -7 -16 -10 -16 -4 -10 0 -8 2 -9 5 -8 8 -3 13 2 14 2 13 2 0 0 0 0 0 0 0 0 0 0 0 0 0 0 0 0 0 0 0 0 0 0 2 1 6 6 5 7 9 9 5 16 11 20 11 21 9 19 7 18 8 17 9 17 6 17 10 11 9 12 -1 6 -4 9 -10 4 -12 4 -19 2 -26 4 -30 6 -36 2 -37 14 -43 20 -42 17 -38 24 ]
CSI_DATA,STA,E4:D1:24:F2:5E:80,-84,10,0,0,0,0,0,0,0,0,0,-97,0,9,0,64434412,0,389,0,0,64.8164,128,[-123 81 24 0 -19 23 -14 17 -11 11 -16 2 -19 -3 -16 -4 -21 -12 -23 -14 -24 -18 -24 -16 -26 -14 -25 -11 -25 -9 -23 -7 -16 -14 -14 -6 -10 -5 -4 -7 -8 -1 -4 -5 -1 -13 8 -10 7 -11 11 -13 9 -11 0 0 0 0 0 0 0 0 0 0 0 0 0 0 0 0 0 0 0 0 0 0 9 -2 5 5 3 11 6 12 8 17 7 18 10 21 12 21 10 22 16 24 10 19 14 15 9 16 5 19 6 5 -2 11 -9 6 -10 13 -19 11 -20 12 -27 13 -31 19 -35 29 -33 34 -28 40 -27 38 ]
CSI_DATA,STA,E4:D1:24:F2:5E:80,-85,10,0,0,0,0,0,0,0,0,0,-97,0,9,0,64536815,0,389,0,0,64.9187,128,[-123 81 24 0 -1 -24 1 -21 4 -18 10 -8 10 -8 12 -5 23 -3 22 0 23 -3 27 -6 27 -11 31 -8 28 -5 16 -7 16 -7 17 -9 11 3 9 0 7 4 0 5 2 12 -2 13 -3 12 -1 15 0 15 0 0 0 0 0 0 0 0 0 0 0 0 0 0 0 0 0 0 0 0 0 0 -4 0 -7 -2 -12 -6 -14 -10 -19 -11 -18 -9 -21 -8 -21 -15 -20 -11 -20 -12 -18 -7 -20 -10 -17 -7 -19 -6 -13 -9 -9 -5 -1 -5 5 -13 7 -17 11 -23 9 -24 11 -30 7 -38 10 -53 4 -50 0 -46 ]
CSI_DATA,STA,E4:D1:24:F2:5E:80,-84,10,0,0,0,0,0,0,0,0,0,-97,0,9,0,64741620,0,389,0,0,65.1236,128,[-123 81 24 0 -5 -27 -1 -20 0 -18 2 -6 11 -6 14 -2 19 -3 21 -7 25 -3 28 -4 29 -14 30 -11 25 -10 24 -15 16 -8 19 -6 11 -6 9 -2 5 -1 4 5 6 8 3 11 2 13 1 14 0 14 0 0 0 0 0 0 0 0 0 0 0 0 0 0 0 0 0 0 0 0 0 0 -4 3 -5 -4 -12 -1 -15 -1 -22 -4 -23 -8 -19 -4 -22 -7 -26 -2 -25 -7 -23 -5 -20 -3 -17 -1 -12 -1 -10 -2 -8 -3 -8 -8 5 -17 7 -16 7 -26 7 -29 1 -36 1 -40 3 -42 -2 -45 -4 -46 ]
CSI_DATA,STA,E4:D1:24:F2:5E:80,-84,10,0,0,0,0,0,0,0,0,0,-97,0,9,0,64844022,0,389,0,0,65.226,128,[-123 81 24 0 -17 -29 -10 -18 -5 -14 2 -9 6 -5 18 -10 22 -3 23 -12 25 -13 28 -14 25 -11 24 -11 24 -12 17 -14 14 -13 18 -9 12 -6 16 -2 6 1 5 5 2 6 5 10 4 15 0 13 -4 11 0 0 0 0 0 0 0 0 0 0 0 0 0 0 0 0 0 0 0 0 0 0 -4 3 -10 1 -9 2 -17 0 -16 0 -21 -4 -20 0 -25 -1 -27 -4 -23 1 -18 -1 -23 -1 -18 3 -12 -7 -10 1 -7 -6 -5 -9 2 -14 -2 -20 2 -30 -1 -39 2 -43 -2 -44 -4 -46 -10 -42 -12 -49 ]
CSI_DATA,STA,E4:D1:24:F2:5E:80,-84,10,0,0,0,0,0,0,0,0,0,-97,0,9,0,64946424,0,389,0,0,65.3282,128,[-123 81 24 0 -21 -20 -11 -24 -5 -19 4 -12 9 -11 13 -6 16 -13 27 -8 26 -18 29 -18 21 -19 26 -18 20 -17 17 -14 11 -8 13 -11 10 -7 5 -3 6 -1 7 0 5 3 3 10 2 14 1 14 -3 17 0 0 0 0 0 0 0 0 0 0 0 0 0 0 0 0 0 0 0 0 0 0 -1 2 -9 6 -12 8 -15 6 -13 6 -19 4 -25 10 -22 5 -25 6 -23 9 -26 8 -18 5 -17 6 -17 5 -10 -2 -7 -2 -8 -8 -5 -13 -2 -19 -6 -29 -8 -31 -14 -36 -20 -37 -17 -40 -23 -40 -26 -41 ]
CSI_DATA,STA,E4:D1:24:F2:5E:80,-84,10,0,0,0,0,0,0,0,0,0,-97,0,9,0,65151229,0,389,0,0,65.5332,128,[-123 81 24 0 9 24 10 23 8 11 -4 14 -9 5 -17 7 -19 7 -23 13 -20 9 -28 8 -24 12 -22 12 -20 15 -18 18 -15 9 -17 7 -15 3 -7 1 -14 1 -8 3 -3 -8 -6 -10 -1 -14 0 -12 3 -16 0 0 0 0 0 0 0 0 0 0 0 0 0 0 0 0 0 0 0 0 0 0 2 -7 10 -4 11 -1 11 2 12 0 27 -5 19 -1 26 -5 25 -5 23 -6 25 -5 20 -2 15 -2 14 1 12 -2 10 -2 2 5 0 10 3 18 -1 26 0 33 4 37 11 36 11 42 16 41 15 37 ]
CSI_DATA,STA,E4:D1:24:F2:5E:80,-83,10,0,0,0,0,0,0,0,0,0,-97,0,9,0,65250155,0,64,0,0,65.6319,128,[64 0 4 0 -17 -27 -8 -24 -6 -21 5 -14 13 -5 18 -9 20 -2 23 -4 26 -6 26 -3 27 -11 24 -10 22 -11 25 -14 18 -3 17 -5 10 -1 10 -1 7 -5 6 4 3 10 3 7 -2 14 -4 12 -3 15 0 0 0 0 0 0 0 0 0 0 0 0 0 0 0 0 0 0 0 0 0 0 -1 -2 -6 3 -9 1 -14 -4 -15 3 -18 0 -26 2 -23 2 -24 4 -21 1 -18 1 -21 2 -23 1 -13 0 -9 0 -12 -3 -2 -10 -4 -17 8 -20 -1 -26 0 -36 -2 -36 -4 -40 -2 -40 -9 -46 -16 -38 ]
CSI_DATA,STA,E4:D1:24:F2:5E:80,-84,10,0,0,0,0,0,0,0,0,0,-97,0,9,0,65253632,0,389,0,0,65.6637,128,[-123 81 24 0 -34 3 -24 5 -13 0 -16 -8 -9 -10 -6 -18 -1 -26 3 -27 2 -30 0 -30 0 -34 -4 -34 -7 -27 1 -22 -2 -23 -3 -22 2 -14 1 -10 6 -5 6 -7 6 -3 11 2 13 3 16 10 12 4 0 0 0 0 0 0 0 0 0 0 0 0 0 0 0 0 0 0 0 0 0 0 0 3 5 5 -3 14 -2 13 -1 16 -4 18 -4 19 -3 24 -1 21 -1 17 1 24 -4 20 2 15 -1 16 -6 10 -1 6 -9 -2 -14 -4 -18 -2 -28 -8 -30 -8 -39 -10 -39 -5 -50 -10 -51 -8 -48 0 ]
CSI_DATA,STA,E4:D1:24:F2:5E:80,-83,10,0,0,0,0,0,0,0,0,0,-97,0,9,0,65356034,0,389,0,0,65.7379,128,[-123 81 24 0 -22 -19 -20 -14 -14 -15 -1 -16 4 -14 2 -15 12 -12 16 -18 17 -23 17 -22 15 -19 16 -25 12 -22 10 -22 10 -17 9 -16 6 -11 11 -6 5 -4 7 0 5 5 4 4 4 8 4 15 5 11 0 0 0 0 0 0 0 0 0 0 0 0 0 0 0 0 0 0 0 0 0 0 -1 4 -5 4 -9 4 -8 5 -18 11 -20 10 -19 17 -21 11 -23 11 -22 14 -18 14 -16 14 -9 8 -15 8 -6 3 -6 -3 2 -8 -5 -12 -11 -13 -8 -24 -15 -28 -21 -33 -24 -34 -27 -36 -34 -35 -30 -36 ]
CSI_DATA,STA,E4:D1:24:F2:5E:80,-83,10,0,0,0,0,0,0,0,0,0,-97,0,9,0,65458436,0,389,0,0,65.8404,128,[-123 81 24 0 4 37 -2 21 -1 11 -9 7 -8 7 -14 1 -23 4 -26 -1 -30 -1 -30 8 -25 9 -24 11 -28 14 -24 8 -20 6 -15 9 -15 4 -12 0 -5 4 -7 -2 -4 -8 -9 -9 -2 -13 -1 -13 3 -10 0 0 0 0 0 0 0 0 0 0 0 0 0 0 0 0 0 0 0 0 0 0 6 -4 6 4 9 3 10 5 17 9 18 11 21 13 26 6 20 6 19 5 23 6 18 4 15 2 10 2 5 5 3 5 1 5 -5 11 -8 18 -8 22 -9 31 -9 32 -8 36 -7 41 2 49 0 49 ]
CSI_DATA,STA,E4:D1:24:F2:5E:80,-84,10,0,0,0,0,0,0,0,0,0,-97,0,9,0,65560839,0,389,0,0,65.9428,128,[-123 81 24 0 -37 -2 -27 6 -16 4 -13 -7 -7 -7 -4 -18 -3 -19 -3 -24 2 -29 -6 -24 -3 -29 1 -28 1 -27 -7 -26 -2 -24 -2 -17 1 -15 -1 -11 3 -6 3 -4 7 -3 8 4 14 0 14 4 16 1 0 0 0 0 0 0 0 0 0 0 0 0 0 0 0 0 0 0 0 0 0 0 5 4 -1 9 -2 10 -3 10 -6 17 -3 20 -8 24 -3 28 -4 22 -2 24 -1 23 -3 18 0 17 1 15 -10 9 -6 3 -12 3 -12 1 -21 -11 -22 -10 -33 -9 -40 -7 -45 -8 -48 -3 -50 -1 -44 1 ]
CSI_DATA,STA,E4:D1:24:F2:5E:80,-83,10,0,0,0,0,0,0,0,0,0,-97,0,9,0,65663241,0,389,0,0,66.045,128,[-123 81 24 0 -30 -9 -19 -8 -13 -6 -9 -4 -4 -12 5 -18 7 -24 12 -20 10 -28 16 -30 11 -27 9 -27 11 -25 8 -26 8 -17 10 -16 7 -14 10 -7 8 -5 4 1 9 6 8 6 10 12 9 10 9 15 0 0 0 0 0 0 0 0 0 0 0 0 0 0 0 0 0 0 0 0 0 0 -1 6 0 3 1 6 -4 13 -5 18 -5 18 -11 20 -9 20 -6 29 -7 28 -5 21 -9 25 -5 15 -5 11 -6 12 -11 3 -11 3 -17 -11 -16 -7 -23 -23 -26 -17 -32 -25 -35 -20 -44 -18 -51 -21 -44 -15 ]
CSI_DATA,STA,E4:D1:24:F2:5E:80,-84,10,0,0,0,0,0,0,0,0,0,-97,0,9,0,65765643,0,389,0,0,66.1474,128,[-123 81 24 0 -16 -24 -19 -20 -8 -12 -5 -14 3 -13 13 -14 19 -8 17 -17 19 -20 16 -22 16 -26 20 -22 14 -19 13 -24 11 -20 12 -20 6 -12 8 -12 5 -8 4 3 6 7 10 3 8 12 9 11 12 12 0 0 0 0 0 0 0 0 0 0 0 0 0 0 0 0 0 0 0 0 0 0 -3 4 -6 1 -12 -1 -15 2 -15 1 -22 2 -26 4 -25 1 -20 3 -22 9 -25 7 -25 6 -21 8 -16 6 -12 6 -8 -8 -6 -7 -2 -17 0 -17 -9 -25 -6 -31 -17 -32 -18 -43 -23 -39 -27 -39 -25 -39 ]
CSI_DATA,STA,E4:D1:24:F2:5E:80,-83,10,0,0,0,0,0,0,0,0,0,-97,0,9,0,65868046,0,389,0,0,66.25,128,[-123 81 24 0 -33 -7 -26 -7 -18 -8 -7 -7 -5 -12 -1 -19 -1 -27 0 -25 1 -28 1 -26 0 -30 -2 -26 -3 -26 1 -19 -3 -22 -1 -17 -1 -15 4 -14 6 -9 4 -7 9 -4 10 -4 14 0 13 1 18 5 0 0 0 0 0 0 0 0 0 0 0 0 0 0 0 0 0 0 0 0 0 0 -4 4 -4 6 -8 4 -13 7 -13 8 -16 9 -14 7 -16 17 -22 20 -15 18 -11 16 -19 17 -16 20 -13 9 -9 11 -12 3 -7 -5 -10 -8 -10 -13 -12 -13 -25 -24 -33 -21 -39 -23 -41 -21 -43 -22 -49 -21 ]
CSI_DATA,STA,E4:D1:24:F2:5E:80,-84,10,0,0,0,0,0,0,0,0,0,-97,0,9,0,65970448,0,389,0,0,66.3524,128,[-123 81 24 0 35 -14 22 0 14 -1 17 3 10 10 5 13 4 19 5 26 8 20 9 27 11 29 13 25 11 20 11 17 10 18 10 15 4 15 1 11 0 7 -6 6 -6 4 -10 2 -13 2 -18 1 -12 -1 0 0 0 0 0 0 0 0 0 0 0 0 0 0 0 0 0 0 0 0 0 0 -1 -5 2 -8 5 -9 9 -10 8 -15 9 -14 11 -21 10 -21 8 -25 7 -24 9 -22 8 -20 4 -20 5 -14 6 -14 3 -8 8 -1 13 2 18 4 20 10 25 7 36 9 40 6 44 3 47 4 48 -1 ]
CSI_DATA,STA,E4:D1:24:F2:5E:80,-82,10,0,0,0,0,0,0,0,0,0,-97,0,9,0,66072851,0,389,0,0,66.4548,128,[-123 81 24 0 -9 30 -4 25 -6 14 -7 8 -14 1 -19 -10 -16 -8 -22 -7 -24 -12 -28 -6 -24 -9 -31 -9 -28 -6 -22 -5 -20 -3 -15 -7 -15 -2 -10 -6 -8 -10 -5 -14 0 -7 6 -11 10 -10 9 -8 7 -10 0 0 0 0 0 0 0 0 0 0 0 0 0 0 0 0 0 0 0 0 0 0 5 -8 3 2 10 8 10 4 12 11 18 12 24 9 25 14 22 12 25 10 22 8 21 8 17 7 12 11 16 8 -5 5 -2 6 -4 13 -8 14 -14 15 -20 27 -24 33 -21 38 -22 40 -23 40 -18 48 ]
CSI_DATA,STA,E4:D1:24:F2:5E:80,-83,10,0,0,0,0,0,0,0,0,0,-97,0,9,0,66198331,0,64,0,0,66.58,128,[64 0 4 0 30 2 24 0 17 4 7 12 6 16 -2 20 -5 20 -3 26 -5 27 -2 28 -5 31 -2 27 -2 27 1 24 -1 20 -1 15 -2 17 -1 9 -5 10 -6 2 -6 -2 -12 -3 -15 -2 -16 -8 -21 -7 0 0 0 0 0 0 0 0 0 0 0 0 0 0 0 0 0 0 0 0 0 0 -2 -6 -2 -8 4 -10 7 -10 11 -16 10 -13 12 -19 14 -20 10 -19 12 -22 12 -16 10 -18 6 -18 7 -12 9 -6 9 -10 2 2 15 8 20 11 19 14 30 11 30 20 36 20 44 22 48 20 44 13 ]
CSI_DATA,STA,E4:D1:24:F2:5E:80,-83,10,0,0,0,0,0,0,0,0,0,-97,0,9,0,66277655,0,389,0,0,66.6594,128,[-123 81 24 0 -9 29 -6 20 -9 12 -6 8 -12 -3 -11 -4 -19 -4 -19 -6 -25 -12 -29 -8 -25 -4 -25 -8 -26 -8 -23 -3 -20 -3 -16 -1 -14 -2 -13 -8 -2 -5 -1 -6 4 -8 6 -9 4 -11 8 -11 7 -11 0 0 0 0 0 0 0 0 0 0 0 0 0 0 0 0 0 0 0 0 0 0 2 -4 6 -1 9 3 11 4 12 5 15 8 21 8 20 8 20 9 21 7 16 10 16 5 15 9 13 7 8 6 -1 5 1 10 -3 12 -13 13 -14 21 -14 22 -16 28 -13 38 -11 38 -18 34 -10 38 ]
CSI_DATA,STA,E4:D1:24:F2:5E:80,-83,10,0,0,0,0,0,0,0,0,0,-97,0,9,0,66380058,0,389,0,0,66.7619,128,[-123 81 24 0 10 30 6 24 1 13 -2 8 -15 12 -18 4 -19 -2 -23 3 -23 8 -31 6 -26 12 -29 11 -23 13 -27 8 -19 4 -18 10 -16 4 -13 1 -11 -1 -4 -2 -4 -9 -1 -16 1 -15 2 -15 0 -19 0 0 0 0 0 0 0 0 0 0 0 0 0 0 0 0 0 0 0 0 0 0 0 -4 5 -2 9 -3 13 -2 16 -4 22 0 22 -2 19 -3 24 -2 24 -9 21 -5 19 -12 18 -1 10 -2 13 -6 4 5 7 11 2 11 -7 19 -2 21 -1 33 1 36 3 44 7 48 9 47 11 44 ]
CSI_DATA,STA,E4:D1:24:F2:5E:80,-84,10,0,0,0,0,0,0,0,0,0,-97,0,9,0,66584863,0,389,0,0,66.9668,128,[-123 81 24 0 -32 -15 -21 -14 -15 -9 -8 -16 2 -9 8 -17 12 -16 12 -17 24 -20 18 -25 12 -25 21 -22 18 -18 14 -23 11 -18 11 -15 12 -12 9 -13 8 1 6 3 4 5 6 8 4 6 4 13 5 14 0 0 0 0 0 0 0 0 0 0 0 0 0 0 0 0 0 0 0 0 0 0 1 2 2 1 -3 5 -8 8 -11 12 -13 15 -15 17 -12 18 -12 19 -8 22 -7 22 -8 20 -6 18 -8 12 -11 4 -11 1 -11 -1 -13 -7 -16 -11 -17 -15 -17 -19 -31 -25 -27 -30 -34 -29 -36 -32 -42 -26 ]
CSI_DATA,STA,E4:D1:24:F2:5E:80,-84,10,0,0,0,0,0,0,0,0,0,-97,0,9,0,66687265,0,389,0,0,67.0692,128,[-123 81 24 0 5 -27 7 -23 10 -15 9 -6 10 3 18 0 21 10 25 14 23 9 26 13 30 6 31 4 21 4 25 4 20 -3 16 4 13 1 12 5 6 4 3 10 -1 5 -5 11 -5 10 -8 16 -14 10 0 0 0 0 0 0 0 0 0 0 0 0 0 0 0 0 0 0 0 0 0 0 -7 -1 -8 0 -8 -7 -9 -8 -13 -10 -11 -14 -18 -15 -16 -18 -18 -17 -24 -14 -20 -16 -14 -14 -13 -5 -12 -14 -8 -11 -5 -9 0 -8 9 -8 9 -13 17 -10 16 -28 26 -29 25 -33 28 -43 25 -42 23 -46 ]
CSI_DATA,STA,E4:D1:24:F2:5E:80,-84,10,0,0,0,0,0,0,0,0,0,-97,0,9,0,66789667,0,389,0,0,67.1716,128,[-123 81 24 0 25 19 17 15 9 13 3 11 -1 11 -8 15 -10 11 -16 18 -17 18 -22 22 -18 24 -22 27 -18 21 -15 20 -10 17 -14 13 -14 10 -11 6 -7 5 -9 -1 -10 0 -8 -8 -10 -11 -6 -12 -8 -19 0 0 0 0 0 0 0 0 0 0 0 0 0 0 0 0 0 0 0 0 0 0 -4 -7 4 -5 6 -10 5 -9 8 -12 14 -15 17 -15 15 -14 18 -20 14 -21 9 -21 11 -21 10 -16 4 -13 7 -9 9 -2 3 0 9 9 9 18 12 17 14 28 24 29 24 29 33 34 32 31 40 25 ]
CSI_DATA,STA,E4:D1:24:F2:5E:80,-84,10,0,0,0,0,0,0,0,0,0,-97,0,9,0,66892070,0,389,0,0,67.274,128,[-123 81 24 0 -28 3 -25 11 -19 -4 -10 -4 1 -9 0 -14 3 -15 5 -23 7 -28 5 -31 -1 -28 2 -24 3 -23 -2 -22 0 -26 -1 -19 0 -12 7 -16 10 -4 5 -6 9 -3 12 3 7 6 10 12 11 11 0 0 0 0 0 0 0 0 0 0 0 0 0 0 0 0 0 0 0 0 0 0 3 0 0 5 2 12 -2 13 2 16 2 18 -3 23 2 20 5 25 2 19 -1 21 0 20 0 17 1 12 -4 12 -2 3 -12 2 -12 -1 -17 -6 -24 -11 -28 -11 -35 -8 -42 -6 -48 -11 -46 -2 -38 3 ]
CSI_DATA,STA,E4:D1:24:F2:5E:80,-83,10,0,0,0,0,0,0,0,0,0,-97,0,9,0,66994472,0,389,0,0,67.3764,128,[-123 81 24 0 32 0 24 -3 20 3 11 4 4 14 -2 12 -6 20 -8 23 -6 33 -8 27 -3 28 -6 35 3 27 -1 30 3 21 -2 23 -6 12 -4 8 -7 7 -5 2 -2 3 -6 2 -11 -3 -10 -5 -11 -12 0 0 0 0 0 0 0 0 0 0 0 0 0 0 0 0 0 0 0 0 0 0 -5 -4 1 -9 2 -10 4 -13 4 -21 5 -22 5 -23 7 -23 5 -22 7 -27 7 -25 2 -21 0 -20 4 -12 3 -9 6 -2 8 -1 10 7 22 8 24 9 27 15 39 14 42 15 43 9 52 2 46 8 ]
CSI_DATA,STA,E4:D1:24:F2:5E:80,-83,10,0,0,0,0,0,0,0,0,0,-97,0,9,0,67096875,0,389,0,0,67.4788,128,[-123 81 24 0 8 -29 10 -25 13 -14 10 -4 6 5 13 7 21 11 21 14 21 9 26 13 28 16 27 15 24 14 23 11 24 11 19 13 12 11 14 7 10 9 0 6 -3 7 -7 7 -9 4 -11 2 -14 6 0 0 0 0 0 0 0 0 0 0 0 0 0 0 0 0 0 0 0 0 0 0 -2 1 -7 1 -9 -2 -14 -5 -16 -5 -20 -8 -29 -12 -23 -8 -27 -14 -26 -9 -26 -8 -27 -11 -16 -3 -15 -4 -11 -5 -5 -7 -2 -8 10 -14 14 -11 17 -22 22 -27 23 -32 30 -36 28 -44 26 -49 20 -51 ]
CSI_DATA,STA,E4:D1:24:F2:5E:80,-84,10,0,0,0,0,0,0,0,0,0,-97,0,9,0,67200745,0,389,0,0,67.5826,128,[-123 81 24 0 8 29 0 18 -1 10 -11 6 -9 0 -15 -2 -19 -6 -22 0 -27 -8 -29 -2 -32 1 -29 -2 -28 2 -27 1 -24 2 -18 2 -11 -3 -14 -3 -10 -6 -2 -5 2 -6 7 -10 5 -14 8 -8 12 -12 0 0 0 0 0 0 0 0 0 0 0 0 0 0 0 0 0 0 0 0 0 0 1 -4 7 -3 8 -3 13 -6 14 0 21 -6 24 -8 24 -4 24 -2 18 -9 22 -8 22 -11 15 -8 12 -3 6 -5 6 1 5 10 -2 7 -3 17 1 19 0 30 -3 39 0 37 8 41 3 44 7 43 ]
CSI_DATA,STA,E4:D1:24:F2:5E:80,-83,10,0,0,0,0,0,0,0,0,0,-97,0,9,0,67268470,0,64,0,0,67.65,128,[64 0 4 0 -9 30 -10 16 -8 13 -5 1 -7 -9 -12 -15 -18 -17 -14 -18 -18 -20 -16 -23 -20 -23 -22 -25 -20 -14 -21 -17 -17 -16 -15 -13 -9 -13 -5 -9 -2 -5 5 -9 6 -4 10 -2 13 -2 16 1 17 -2 0 0 0 0 0 0 0 0 0 0 0 0 0 0 0 0 0 0 0 0 0 0 1 -6 6 0 8 1 14 0 19 6 18 2 18 3 22 6 19 3 24 3 23 2 19 5 18 5 13 5 1 0 -1 5 0 9 -6 12 -10 12 -15 16 -20 24 -20 33 -27 32 -25 41 -21 43 -23 43 ]
CSI_DATA,STA,E4:D1:24:F2:5E:80,-84,10,0,0,0,0,0,0,0,0,0,-97,0,9,0,67301679,0,389,0,0,67.6834,128,[-123 81 24 0 4 -29 11 -21 5 -13 9 -4 5 3 15 6 14 5 23 20 25 9 31 20 25 13 27 9 25 13 18 10 18 8 13 13 16 7 3 6 7 4 4 4 -12 5 -10 1 -10 1 -17 6 -9 3 0 0 0 0 0 0 0 0 0 0 0 0 0 0 0 0 0 0 0 0 0 0 0 4 -2 4 -10 -1 -13 -5 -16 3 -20 -1 -21 -2 -27 1 -21 5 -31 5 -23 4 -16 -5 -20 4 -19 0 -17 -3 -5 -10 -1 -7 7 -13 7 -8 11 -18 15 -24 24 -29 14 -32 13 -39 12 -48 9 -53 ]
CSI_DATA,STA,E4:D1:24:F2:5E:80,-84,10,0,0,0,0,0,0,0,0,0,-97,0,9,0,67404081,0,389,0,0,67.786,128,[-123 81 24 0 12 21 2 17 3 17 -4 11 -9 3 -17 6 -21 9 -23 8 -28 11 -23 11 -24 17 -26 15 -25 8 -23 8 -18 13 -15 12 -10 5 -12 1 -7 -6 -8 -3 0 -6 -2 -8 -3 -12 -5 -13 4 -19 0 0 0 0 0 0 0 0 0 0 0 0 0 0 0 0 0 0 0 0 0 0 0 -4 4 -7 7 -6 13 -2 15 -7 18 -1 21 0 24 -3 25 -3 20 -9 20 -11 16 -7 14 -4 12 -1 8 0 5 3 2 9 -1 9 -7 16 2 20 3 30 3 30 4 37 13 36 12 42 18 40 ]
CSI_DATA,STA,E4:D1:24:F2:5E:80,-85,10,0,0,0,0,0,0,0,0,0,-97,0,9,0,67506483,0,389,0,0,67.8884,128,[-123 81 24 0 23 24 11 20 4 12 0 11 -4 4 -16 2 -18 11 -20 3 -24 7 -26 4 -23 8 -23 11 -20 9 -22 7 -18 10 -16 5 -10 6 -8 -3 -9 -3 -5 -4 -4 -10 2 -9 5 -10 6 -14 8 -13 0 0 0 0 0 0 0 0 0 0 0 0 0 0 0 0 0 0 0 0 0 0 0 -4 2 -10 6 -8 8 -11 11 -12 15 -15 14 -16 18 -17 16 -17 13 -18 9 -12 10 -15 5 -16 7 -9 8 -3 5 -2 4 3 6 8 13 14 3 19 8 30 15 29 19 31 24 36 21 32 22 33 ]
CSI_DATA,STA,E4:D1:24:F2:5E:80,-84,10,0,0,0,0,0,0,0,0,0,-97,0,9,0,67608886,0,389,0,0,67.9908,128,[-123 81 24 0 9 25 8 18 5 11 -3 4 -9 7 -17 1 -16 -1 -24 2 -30 0 -28 -2 -29 2 -31 4 -31 3 -17 1 -20 -2 -21 -3 -15 -1 -5 0 -9 -5 -4 -4 1 -4 5 -10 10 -13 9 -12 10 -8 0 0 0 0 0 0 0 0 0 0 0 0 0 0 0 0 0 0 0 0 0 0 -4 -1 5 -7 7 -10 8 -15 9 -15 13 -15 13 -15 15 -14 13 -16 14 -15 13 -17 15 -17 9 -12 11 -11 9 -5 2 1 2 1 0 12 2 15 2 25 7 27 13 32 11 32 17 39 20 42 21 33 ]
CSI_DATA,STA,E4:D1:24:F2:5E:80,-84,10,0,0,0,0,0,0,0,0,0,-97,0,9,0,67711288,0,389,0,0,68.0933,128,[-123 81 24 0 -28 -6 -21 -3 -15 -5 -8 -11 -1 -10 1 -15 8 -18 8 -28 8 -27 12 -24 7 -24 4 -25 6 -27 5 -21 4 -22 2 -21 2 -16 4 -10 8 -6 5 -1 10 3 7 1 10 7 7 12 11 12 0 0 0 0 0 0 0 0 0 0 0 0 0 0 0 0 0 0 0 0 0 0 2 4 -3 5 -7 9 -5 12 -9 11 -8 17 -6 18 -8 17 -11 18 -6 19 -9 19 -6 15 -2 19 -2 8 -5 7 -5 4 -7 -3 -13 -5 -15 -14 -15 -13 -24 -13 -31 -19 -37 -15 -35 -20 -38 -11 -40 -8 ]
CSI_DATA,STA,E4:D1:24:F2:5E:80,-84,10,0,0,0,0,0,0,0,0,0,-97,0,9,0,67813690,0,389,0,0,68.1957,128,[-123 81 24 0 -24 -11 -21 -13 -16 -10 -2 -8 4 -9 6 -12 11 -18 14 -21 15 -26 19 -24 16 -25 15 -26 14 -25 11 -23 15 -18 5 -14 8 -14 8 -9 5 -5 5 -2 4 1 8 11 5 11 8 14 3 13 0 0 0 0 0 0 0 0 0 0 0 0 0 0 0 0 0 0 0 0 0 0 1 1 -2 5 -6 6 -4 10 -10 14 -4 14 -14 16 -8 18 -5 23 -5 23 -3 17 -6 14 -7 11 -10 12 -5 6 -3 -2 -8 -6 -10 -6 -14 -17 -17 -17 -19 -19 -30 -19 -36 -20 -41 -26 -37 -24 -43 -18 ]
CSI_DATA,STA,E4:D1:24:F2:5E:80,-84,10,0,0,0,0,0,0,0,0,0,-97,0,9,0,67916093,0,389,0,0,68.2979,128,[-123 81 24 0 10 -20 6 -15 6 -16 8 -6 9 4 15 5 18 12 17 13 20 14 20 12 23 10 23 14 25 14 18 8 16 10 12 7 11 3 8 5 0 9 2 8 -3 5 -11 5 -5 7 -17 11 -15 4 0 0 0 0 0 0 0 0 0 0 0 0 0 0 0 0 0 0 0 0 0 0 -6 2 -5 -2 -8 -3 -9 -12 -11 -14 -13 -12 -17 -18 -14 -14 -24 -17 -17 -12 -17 -17 -13 -7 -12 -8 -13 -9 2 -9 -9 -3 6 -11 10 -4 14 -12 18 -15 23 -22 24 -23 25 -28 26 -30 26 -36 25 -40 ]
CSI_DATA,STA,E4:D1:24:F2:5E:80,-84,10,0,0,0,0,0,0,0,0,0,-97,0,9,0,68018495,0,389,0,0,68.4004,128,[-123 81 24 0 21 2 18 8 5 10 7 7 -3 5 -11 21 -16 17 -18 16 -16 16 -18 19 -16 21 -15 16 -17 24 -17 24 -14 18 -11 13 -11 9 -11 8 -7 4 -3 0 -4 -7 -11 -7 -8 -7 0 -14 -5 -14 0 0 0 0 0 0 0 0 0 0 0 0 0 0 0 0 0 0 0 0 0 0 0 -5 -5 -8 5 -5 7 -16 7 -21 15 -19 11 -18 11 -21 13 -20 12 -22 9 -16 14 -23 4 -22 11 -11 6 -11 5 -6 10 7 7 13 14 12 17 19 12 20 26 26 23 28 34 29 33 32 32 21 ]
CSI_DATA,STA,E4:D1:24:F2:5E:80,-85,10,0,0,0,0,0,0,0,0,0,-97,0,9,0,68120898,0,389,0,0,68.5029,128,[-123 81 24 0 18 -19 12 -16 8 -4 11 3 6 5 8 13 7 15 10 19 13 26 9 21 11 24 11 25 14 26 10 17 9 15 7 13 7 12 -1 6 -1 10 -4 3 -7 5 -8 0 -11 -1 -11 -2 -12 -4 0 0 0 0 0 0 0 0 0 0 0 0 0 0 0 0 0 0 0 0 0 0 -6 0 -6 -7 -10 -9 -11 -9 -12 -13 -15 -16 -11 -15 -12 -19 -18 -13 -20 -16 -16 -18 -15 -14 -13 -17 -11 -10 -4 -5 1 -7 4 -4 10 -7 17 -6 23 -11 26 -8 33 -19 37 -17 29 -20 34 -28 29 -22 ]
CSI_DATA,STA,E4:D1:24:F2:5E:80,-85,10,0,0,0,0,0,0,0,0,0,-97,0,9,0,68223300,0,389,0,0,68.6052,128,[-123 81 24 0 23 -13 18 -8 8 -4 7 4 1 13 -4 19 3 21 -1 25 4 22 0 27 5 28 5 19 9 22 9 23 5 18 4 19 -3 15 2 8 -5 2 0 6 -9 -2 -10 -2 -11 -4 -15 -9 -17 -8 0 0 0 0 0 0 0 0 0 0 0 0 0 0 0 0 0 0 0 0 0 0 -3 -1 -3 -10 -5 -5 -4 -13 -5 -18 -6 -15 -5 -19 -5 -22 -7 -23 -14 -20 -7 -21 -4 -20 -5 -17 -7 -11 -7 -7 1 -5 10 -8 15 -4 22 -3 19 -5 30 -5 35 -3 35 -8 42 -17 45 -10 42 -15 ]
CSI_DATA,STA,E4:D1:24:F2:5E:80,-83,10,0,0,0,0,0,0,0,0,0,-97,0,9,0,68250804,0,64,0,0,68.6368,128,[64 0 4 0 -12 25 -8 24 -8 11 -8 3 -8 -1 -12 -8 -19 -8 -21 -12 -25 -20 -21 -11 -20 -16 -27 -16 -28 -12 -18 -10 -15 -16 -16 -5 -12 -11 -3 -10 -5 -7 0 -4 -1 -9 12 -8 8 -6 12 -5 15 -6 0 0 0 0 0 0 0 0 0 0 0 0 0 0 0 0 0 0 0 0 0 0 4 -4 8 -1 7 -1 10 2 14 4 20 7 24 9 22 2 21 5 21 8 22 1 22 6 15 7 10 0 4 6 0 3 -3 10 -8 8 -13 13 -13 20 -16 22 -20 32 -14 33 -20 36 -21 40 -13 45 ]
CSI_DATA,STA,E4:D1:24:F2:5E:80,-84,10,0,0,0,0,0,0,0,0,0,-97,0,9,0,68325702,0,389,0,0,68.7076,128,[-123 81 24 0 -20 18 -14 14 -17 4 -10 -2 -13 -1 -13 -9 -11 -18 -20 -19 -16 -15 -21 -16 -22 -18 -28 -20 -23 -13 -22 -8 -19 -11 -14 -6 -8 -6 -11 -8 -5 -7 3 -6 4 -6 2 -7 10 -8 10 -9 12 -9 0 0 0 0 0 0 0 0 0 0 0 0 0 0 0 0 0 0 0 0 0 0 3 0 5 5 0 3 0 12 2 16 -2 17 -4 23 2 24 -5 23 2 19 9 23 -3 25 6 18 1 16 -3 11 -2 7 -4 3 -16 3 -19 -1 -24 4 -27 5 -33 9 -31 10 -34 17 -31 22 -39 22 ]
CSI_DATA,STA,E4:D1:24:F2:5E:80,-83,10,0,0,0,0,0,0,0,0,0,-97,0,9,0,68428105,0,389,0,0,68.8101,128,[-123 81 24 0 23 -20 15 -12 12 -1 4 0 2 8 3 12 2 20 5 28 2 27 0 30 2 24 6 30 10 27 6 20 8 17 0 21 0 11 -4 8 -6 5 -3 4 -10 0 -7 -4 -14 -7 -13 -10 -11 -11 0 0 0 0 0 0 0 0 0 0 0 0 0 0 0 0 0 0 0 0 0 0 -4 -1 -3 -3 -12 -9 -11 -10 -11 -8 -10 -12 -14 -12 -18 -14 -18 -17 -18 -17 -19 -13 -16 -14 -13 -11 -8 -10 -5 -10 5 -8 7 -3 10 -3 20 -7 25 -10 31 -9 34 -12 38 -18 42 -15 35 -22 36 -25 ]
CSI_DATA,STA,E4:D1:24:F2:5E:80,-83,10,0,0,0,0,0,0,0,0,0,-97,0,9,0,68530507,0,389,0,0,68.9124,128,[-123 81 24 0 29 10 19 9 11 2 5 8 -2 10 -12 13 -15 17 -19 16 -16 20 -15 26 -17 25 -21 22 -14 26 -17 20 -10 16 -13 18 -9 8 -9 6 -6 5 -12 -3 -4 -4 -6 -11 -7 -13 -4 -13 -5 -17 0 0 0 0 0 0 0 0 0 0 0 0 0 0 0 0 0 0 0 0 0 0 -3 -5 -2 -9 2 -10 3 -16 7 -11 15 -21 10 -21 10 -21 9 -22 9 -29 8 -27 5 -23 10 -16 9 -13 3 -11 6 -5 11 4 12 10 18 12 20 22 25 18 28 22 39 26 40 22 44 20 47 21 ]
CSI_DATA,STA,E4:D1:24:F2:5E:80,-83,10,0,0,0,0,0,0,0,0,0,-97,0,9,0,68632909,0,389,0,0,69.0147,128,[-123 81 24 0 26 10 16 7 16 7 7 11 -4 14 2 17 -6 17 -5 26 -9 28 -5 25 -1 29 -1 27 -7 24 -6 22 -1 22 -2 17 -3 13 -2 9 -5 9 -4 3 -7 -1 -10 -2 -12 -7 -19 -7 -14 -9 0 0 0 0 0 0 0 0 0 0 0 0 0 0 0 0 0 0 0 0 0 0 0 -1 -1 -9 6 -7 9 -10 19 -13 13 -15 16 -19 19 -16 15 -22 16 -19 13 -18 11 -19 9 -10 13 -15 3 -7 11 0 9 2 9 8 11 9 18 17 20 29 29 24 32 23 40 19 44 22 42 17 ]
CSI_DATA,STA,E4:D1:24:F2:5E:80,-83,10,0,0,0,0,0,0,0,0,0,-97,0,9,0,68735312,0,389,0,0,69.1171,128,[-123 81 24 0 11 -28 9 -26 15 -17 12 -5 15 1 15 7 18 11 22 11 21 15 27 15 27 17 27 11 26 7 21 11 21 9 17 3 18 6 15 4 6 2 6 11 -4 5 -3 9 -10 9 -11 8 -14 9 0 0 0 0 0 0 0 0 0 0 0 0 0 0 0 0 0 0 0 0 0 0 -8 -1 -7 -4 -9 -7 -7 -10 -14 -15 -16 -19 -16 -21 -19 -20 -18 -20 -22 -18 -17 -13 -22 -16 -20 -14 -14 -13 -6 -13 -4 -6 4 -14 9 -13 22 -13 23 -15 23 -26 36 -27 28 -27 30 -36 30 -42 27 -42 ]
CSI_DATA,STA,E4:D1:24:F2:5E:80,-84,10,0,0,0,0,0,0,0,0,0,-97,0,9,0,68837714,0,389,0,0,69.2197,128,[-123 81 24 0 -10 33 -12 19 -9 10 -14 11 -12 5 -17 -6 -14 -9 -23 -8 -26 -13 -32 -11 -27 -10 -26 -11 -31 -11 -28 -9 -23 -4 -22 0 -19 -8 -11 -6 -9 -11 -5 -8 -2 -9 7 -11 3 -12 8 -15 11 -8 0 0 0 0 0 0 0 0 0 0 0 0 0 0 0 0 0 0 0 0 0 0 6 -3 5 1 9 5 9 6 16 11 14 14 18 14 22 12 18 12 16 12 20 13 14 11 15 7 14 5 6 10 7 7 -1 7 -9 14 -14 14 -19 16 -19 25 -27 26 -25 29 -26 41 -20 43 -16 41 ]
CSI_DATA,STA,E4:D1:24:F2:5E:80,-83,10,0,0,0,0,0,0,0,0,0,-97,0,9,0,68940117,0,389,0,0,69.322,128,[-123 81 24 0 14 21 12 18 3 13 -3 9 -9 7 -17 6 -18 4 -23 3 -26 3 -32 6 -28 6 -28 6 -22 12 -21 8 -26 5 -16 2 -16 2 -11 2 -7 -5 -3 -3 1 -8 -1 -10 6 -12 8 -11 6 -18 0 0 0 0 0 0 0 0 0 0 0 0 0 0 0 0 0 0 0 0 0 0 2 -2 4 -2 5 -4 9 -7 12 -8 15 -10 20 -5 19 -9 18 -9 18 -14 21 -12 17 -13 13 -6 9 -10 8 -5 2 -2 3 6 9 11 0 14 0 20 4 27 9 35 10 36 17 42 19 36 16 41 ]
CSI_DATA,STA,E4:D1:24:F2:5E:80,-84,10,0,0,0,0,0,0,0,0,0,-97,0,9,0,69042519,0,389,0,0,69.4245,128,[-123 81 24 0 -6 -22 1 -17 -2 -11 8 -5 12 3 15 4 19 2 17 6 25 7 23 8 26 12 26 11 21 3 25 7 20 4 17 4 13 5 7 3 2 1 -2 6 -5 6 -9 6 -8 4 -11 1 -13 2 0 0 0 0 0 0 0 0 0 0 0 0 0 0 0 0 0 0 0 0 0 0 -2 1 -4 6 -5 6 -9 4 -14 10 -13 9 -14 10 -18 12 -17 11 -21 12 -19 7 -16 6 -15 7 -10 6 -8 5 -6 -4 -4 -5 4 -9 5 -18 1 -27 -1 -28 3 -36 -3 -40 -4 -41 -3 -40 -8 -37 ]
CSI_DATA,STA,E4:D1:24:F2:5E:80,-84,10,0,0,0,0,0,0,0,0,0,-97,0,9,0,69144921,0,389,0,0,69.5268,128,[-123 81 24 0 3 24 -1 22 -4 12 -8 10 -10 0 -15 -3 -16 -5 -16 -1 -19 -11 -19 -9 -31 -6 -28 -13 -22 -10 -24 -3 -21 -3 -20 -6 -18 -7 -14 -4 -5 -7 -2 -4 6 -4 5 -8 7 -8 11 -13 15 -8 0 0 0 0 0 0 0 0 0 0 0 0 0 0 0 0 0 0 0 0 0 0 -1 -4 4 -4 6 -4 12 -2 16 -3 18 0 17 2 21 -6 21 -2 21 -9 21 0 19 -7 16 -1 9 -6 8 -1 3 9 4 7 0 15 -2 10 -8 24 -12 26 -5 34 -9 37 -11 40 -5 46 -1 39 ]
CSI_DATA,STA,E4:D1:24:F2:5E:80,-84,10,0,0,0,0,0,0,0,0,0,-97,0,9,0,69207975,0,64,0,0,69.5897,128,[64 0 4 0 22 9 15 11 7 9 1 10 -2 8 -11 12 -11 17 -15 16 -11 22 -15 25 -17 30 -12 22 -10 27 -8 20 -8 22 -4 16 -6 15 -6 11 -7 8 -5 1 -7 -1 -11 -5 -6 -12 -11 -12 -4 -14 0 0 0 0 0 0 0 0 0 0 0 0 0 0 0 0 0 0 0 0 0 0 0 -7 4 -5 5 -8 7 -12 9 -12 14 -8 12 -18 13 -17 16 -16 15 -15 14 -19 7 -16 8 -12 8 -9 7 -3 6 6 6 4 6 7 17 19 15 17 19 23 25 24 31 22 34 24 43 21 34 22 ]
CSI_DATA,STA,E4:D1:24:F2:5E:80,-85,10,0,0,0,0,0,0,0,0,0,-97,0,9,0,69282118,0,64,0,0,69.6637,128,[64 0 4 0 -7 -30 -4 -19 0 -20 2 -5 8 -4 15 -1 14 -1 23 5 29 6 24 2 29 4 21 2 23 0 25 1 13 0 20 -4 14 4 11 4 3 5 1 4 0 10 -5 7 -6 7 -8 9 -14 9 0 0 0 0 0 0 0 0 0 0 0 0 0 0 0 0 0 0 0 0 0 0 -4 5 -8 2 -10 2 -10 4 -15 5 -14 1 -20 5 -22 9 -18 9 -20 10 -21 2 -16 6 -16 3 -12 4 -6 1 -4 -5 -5 -8 3 -11 5 -20 3 -20 -3 -26 -3 -37 -3 -37 -5 -38 -7 -42 -11 -38 ]
CSI_DATA,STA,E4:D1:24:F2:5E:80,-83,10,0,0,0,0,0,0,0,0,0,-97,0,9,0,69452129,0,389,0,0,69.834,128,[-123 81 24 0 -33 11 -26 8 -15 3 -13 -1 -12 -8 -8 -15 -5 -19 -5 -20 -12 -18 -6 -24 -11 -25 -13 -26 -8 -28 -13 -18 -10 -16 -6 -13 -7 -12 -5 -5 -2 -3 5 -2 9 -4 8 -1 12 -1 14 -3 12 3 0 0 0 0 0 0 0 0 0 0 0 0 0 0 0 0 0 0 0 0 0 0 5 3 -1 5 2 4 0 14 -1 17 0 14 -5 17 2 25 0 27 -1 19 -1 19 2 14 2 22 -1 18 -3 12 -4 5 -11 3 -11 -2 -16 -6 -18 0 -26 -1 -37 -7 -39 4 -43 4 -46 11 -43 12 ]
CSI_DATA,STA,E4:D1:24:F2:5E:80,-83,10,0,0,0,0,0,0,0,0,0,-97,0,9,0,69554531,0,389,0,0,69.9365,128,[-123 81 24 0 29 -17 18 -12 15 -10 10 0 5 10 0 14 5 24 0 23 1 29 3 29 5 30 4 29 9 25 8 27 4 18 0 21 3 12 0 9 0 8 -3 1 -6 -1 -12 0 -10 -8 -15 -7 -15 -12 0 0 0 0 0 0 0 0 0 0 0 0 0 0 0 0 0 0 0 0 0 0 -2 0 -4 -6 -4 -8 -7 -8 -9 -13 -12 -13 -14 -18 -12 -17 -16 -21 -16 -18 -17 -16 -12 -21 -14 -11 -10 -11 -2 -11 -7 -9 1 -5 12 -8 19 -6 27 -6 30 -4 39 -8 41 -10 43 -13 40 -27 45 -22 ]
CSI_DATA,STA,E4:D1:24:F2:5E:80,-84,10,0,0,0,0,0,0,0,0,0,-97,0,9,0,69656933,0,389,0,0,70.0389,128,[-123 81 24 0 20 -23 12 -19 15 -10 7 1 12 7 7 9 3 14 8 22 13 23 19 21 12 22 13 17 15 26 15 22 13 18 9 11 11 12 4 8 -4 8 -5 3 -4 0 -9 0 -8 -1 -16 0 -18 -3 0 0 0 0 0 0 0 0 0 0 0 0 0 0 0 0 0 0 0 0 0 0 -3 3 -6 -4 -6 -4 -9 -9 -14 -10 -17 -18 -13 -14 -16 -16 -17 -22 -19 -13 -19 -14 -12 -16 -12 -11 -17 -6 -11 -10 -1 -4 7 -6 12 -7 19 -12 18 -10 26 -14 26 -14 39 -22 35 -28 39 -29 35 -32 ]
CSI_DATA,STA,E4:D1:24:F2:5E:80,-84,10,0,0,0,0,0,0,0,0,0,-97,0,9,0,69759336,0,389,0,0,70.1413,128,[-123 81 24 0 16 -28 11 -22 10 -14 6 -3 7 1 7 10 11 14 11 19 15 19 15 22 16 21 16 21 18 17 17 17 18 15 12 11 6 10 4 9 3 5 -4 5 -6 0 -10 0 -14 -3 -15 2 -13 -9 0 0 0 0 0 0 0 0 0 0 0 0 0 0 0 0 0 0 0 0 0 0 -1 3 -9 -1 -10 -8 -13 -6 -13 -7 -20 -6 -18 -8 -21 -8 -22 -9 -16 -12 -21 -9 -22 -5 -17 -9 -14 -8 -10 -9 -2 -7 4 -5 9 -11 11 -9 19 -17 24 -20 26 -27 25 -28 26 -32 27 -34 21 -40 ]
CSI_DATA,STA,E4:D1:24:F2:5E:80,-84,10,0,0,0,0,0,0,0,0,0,-97,0,9,0,69861738,0,389,0,0,70.2437,128,[-123 81 24 0 -4 24 -7 23 -4 14 -5 6 -11 -3 -15 -9 -18 -11 -21 -10 -22 -11 -27 -10 -24 -11 -27 -18 -28 -8 -22 -8 -17 -11 -16 -11 -14 -9 -9 -9 -1 -8 -2 -10 2 -3 2 -5 12 -8 13 -5 10 -2 0 0 0 0 0 0 0 0 0 0 0 0 0 0 0 0 0 0 0 0 0 0 -3 -4 4 -8 8 -4 10 -7 11 -5 17 -8 16 -2 21 -5 22 -7 20 -7 18 -8 17 -6 13 4 10 -3 7 -4 5 2 -2 3 -7 11 -6 23 -11 19 -11 30 -11 30 -10 40 -8 35 -5 47 1 39 ]
CSI_DATA,STA,E4:D1:24:F2:5E:80,-85,10,0,0,0,0,0,0,0,0,0,-97,0,9,0,69964141,0,389,0,0,70.3461,128,[-123 81 24 0 11 29 6 22 2 16 -2 12 -6 6 -13 7 -21 3 -20 5 -24 4 -27 6 -25 10 -31 11 -26 8 -19 4 -20 2 -21 8 -10 8 -16 1 -5 0 -3 -2 -3 -7 -3 -10 -1 -15 1 -13 2 -19 0 0 0 0 0 0 0 0 0 0 0 0 0 0 0 0 0 0 0 0 0 0 2 -3 5 -4 10 -1 14 -5 13 -2 15 0 19 -3 18 0 21 -1 22 -9 22 -5 22 -4 14 -4 12 -5 8 -5 9 5 -3 9 1 7 -4 14 -4 20 -2 28 1 32 4 37 6 44 10 39 15 44 ]
CSI_DATA,STA,E4:D1:24:F2:5E:80,-85,10,0,0,0,0,0,0,0,0,0,-97,0,9,0,70066543,0,389,0,0,70.4485,128,[-123 81 24 0 -29 11 -24 6 -20 0 -12 -5 -4 -10 1 -11 -1 -19 4 -19 -2 -22 0 -30 3 -28 -1 -27 -1 -30 -4 -23 -4 -19 -1 -17 -5 -15 2 -10 -1 -6 4 -1 8 -4 6 7 10 6 8 7 10 10 0 0 0 0 0 0 0 0 0 0 0 0 0 0 0 0 0 0 0 0 0 0 0 2 5 6 1 9 -2 13 3 12 3 16 5 19 7 17 8 19 5 21 7 20 2 17 1 13 2 12 2 7 -1 0 -7 -5 -8 2 -15 -1 -27 -2 -30 -5 -30 5 -38 1 -41 -1 -40 7 -45 10 ]
CSI_DATA,STA,E4:D1:24:F2:5E:80,-84,10,0,0,0,0,0,0,0,0,0,-97,0,9,0,70115841,0,234,0,0,70.4975,128,[-22 -96 14 0 23 13 19 9 11 9 4 5 -4 5 -7 11 -14 13 -22 16 -23 18 -13 19 -20 17 -17 17 -16 19 -18 11 -12 15 -11 14 -8 16 -10 5 -10 3 -8 -5 -5 -1 -7 -7 -5 -12 -7 -15 -4 -14 0 0 0 0 0 0 0 0 0 0 0 0 0 0 0 0 0 0 0 0 0 0 -3 -4 2 -5 8 -5 9 -8 14 -8 14 -9 18 -10 19 -13 17 -19 16 -15 17 -13 7 -13 8 -15 7 -13 9 -2 4 -3 3 6 5 3 5 10 7 14 16 22 19 28 20 32 24 29 30 35 24 29 ]
CSI_DATA,STA,E4:D1:24:F2:5E:80,-85,10,0,0,0,0,0,0,0,0,0,-97,0,9,0,70126762,0,234,0,0,70.5289,128,[-22 -96 14 0 -27 -4 -20 1 -17 0 -1 -10 -5 -9 4 -11 8 -12 4 -21 12 -27 11 -24 7 -28 10 -24 8 -25 6 -20 6 -22 3 -17 3 -13 3 -7 6 -4 9 0 4 1 4 4 1 4 2 10 9 9 0 0 0 0 0 0 0 0 0 0 0 0 0 0 0 0 0 0 0 0 0 0 1 0 1 3 -1 7 0 13 1 13 1 19 3 21 3 23 3 21 6 23 4 21 3 18 5 13 1 16 1 5 -6 0 -9 -3 -9 -3 -16 -7 -24 -4 -28 -9 -30 -10 -31 -9 -38 -6 -39 -2 -41 -1 ]
CSI_DATA,STA,E4:D1:24:F2:5E:80,-84,10,0,0,0,0,0,0,0,0,0,-97,0,9,0,70168945,0,389,0,0,70.5681,128,[-123 81 24 0 -14 24 -12 15 -12 10 -9 2 -13 -6 -9 -8 -13 -13 -15 -23 -14 -21 -22 -25 -13 -18 -17 -18 -17 -23 -11 -20 -14 -11 -11 -14 -11 -9 -2 -7 -5 -5 4 -8 7 -3 5 -5 11 -4 13 -2 15 3 0 0 0 0 0 0 0 0 0 0 0 0 0 0 0 0 0 0 0 0 0 0 1 -3 6 2 8 2 7 8 10 10 15 12 16 13 17 12 20 15 22 11 22 9 14 5 14 11 9 10 5 3 0 5 1 10 -11 7 -16 8 -24 11 -29 15 -26 18 -30 24 -27 32 -35 26 -25 28 ]
CSI_DATA,STA,E4:D1:24:F2:5E:80,-85,10,0,0,0,0,0,0,0,0,0,-97,0,9,0,70373752,0,389,0,0,70.7557,128,[-123 81 24 0 -27 -2 -18 -7 -12 -4 -3 -9 6 -12 5 -9 10 -16 10 -18 10 -23 11 -20 12 -28 15 -22 9 -22 14 -20 7 -20 9 -21 5 -15 5 -13 0 -8 5 -2 7 0 3 5 5 11 4 16 3 10 0 0 0 0 0 0 0 0 0 0 0 0 0 0 0 0 0 0 0 0 0 0 1 2 1 5 1 9 -2 9 -2 18 -2 19 -1 19 -2 19 -3 22 0 22 2 15 -7 21 -3 15 -2 8 -5 10 -5 2 -8 -3 -5 1 -17 -13 -24 -15 -29 -12 -29 -15 -40 -15 -39 -15 -43 -16 -41 -13 ]
CSI_DATA,STA,E4:D1:24:F2:5E:80,-84,10,0,0,0,0,0,0,0,0,0,-97,0,9,0,70476154,0,389,0,0,70.8581,128,[-123 81 24 0 14 19 11 12 2 10 -8 8 -7 4 -16 -1 -22 1 -23 -1 -26 2 -28 -2 -22 -1 -22 6 -27 -1 -22 3 -17 7 -22 -4 -14 2 -4 -3 -5 -3 1 -2 8 -4 4 -9 2 -9 10 -8 11 -7 0 0 0 0 0 0 0 0 0 0 0 0 0 0 0 0 0 0 0 0 0 0 -3 -4 2 -7 3 -15 4 -17 7 -14 11 -17 11 -20 14 -20 17 -19 13 -18 12 -14 9 -9 12 -13 8 -7 8 -4 6 -2 3 4 8 14 4 17 6 25 11 30 5 35 9 29 13 34 13 39 21 37 ]
CSI_DATA,STA,E4:D1:24:F2:5E:80,-84,10,0,0,0,0,0,0,0,0,0,-97,0,9,0,70578557,0,389,0,0,70.9605,128,[-123 81 24 0 -22 9 -16 6 -17 -1 -11 -6 -6 -13 -4 -17 -7 -25 -10 -26 -3 -26 -10 -29 -10 -24 -12 -30 -8 -25 -7 -24 -12 -17 -6 -17 -4 -17 -1 -8 3 -7 5 -1 11 -1 10 -1 9 4 14 3 13 7 0 0 0 0 0 0 0 0 0 0 0 0 0 0 0 0 0 0 0 0 0 0 4 3 6 5 2 9 7 12 4 14 6 17 4 21 10 22 10 17 8 18 8 17 6 14 0 15 3 13 -2 7 -6 8 -11 2 -12 -4 -18 -2 -24 -3 -31 1 -39 6 -40 5 -41 11 -43 15 -36 16 ]
CSI_DATA,STA,E4:D1:24:F2:5E:80,-84,10,0,0,0,0,0,0,0,0,0,-97,0,9,0,70680959,0,389,0,0,71.0629,128,[-123 81 24 0 -21 -19 -16 -13 -8 -18 -5 -8 13 -9 13 -9 15 -9 19 -5 27 -8 26 -12 23 -11 29 -11 27 -19 21 -13 14 -7 12 -13 13 -1 10 -3 6 1 3 3 3 3 1 12 -3 7 -7 12 -4 12 0 0 0 0 0 0 0 0 0 0 0 0 0 0 0 0 0 0 0 0 0 0 -2 6 -1 5 -7 6 -10 11 -13 11 -16 16 -21 12 -21 13 -16 18 -17 11 -19 18 -15 13 -13 12 -5 9 -9 1 -12 1 -7 -10 -7 -13 -5 -18 -10 -20 -15 -30 -18 -32 -16 -35 -26 -35 -26 -38 -28 -40 ]
CSI_DATA,STA,E4:D1:24:F2:5E:80,-84,10,0,0,0,0,0,0,0,0,0,-97,0,9,0,70988166,0,389,0,0,71.3702,128,[-123 81 24 0 -25 13 -22 10 -10 3 -11 -2 -6 -13 -9 -11 -10 -21 -11 -19 -9 -26 -17 -23 -19 -23 -12 -23 -18 -23 -10 -23 -19 -15 -11 -9 -6 -12 -7 -12 -6 -6 4 -7 4 -8 7 -4 12 -3 16 -4 15 0 0 0 0 0 0 0 0 0 0 0 0 0 0 0 0 0 0 0 0 0 0 0 5 0 -1 5 0 9 0 16 -1 16 -2 20 2 20 3 20 4 23 8 17 7 16 6 17 9 10 1 8 -4 7 -4 6 -6 2 -16 0 -17 3 -26 -5 -29 3 -33 7 -31 9 -35 13 -38 15 -32 14 ]
