type,role,mac,rssi,rate,sig_mode,mcs,bandwidth,smoothing,not_sounding,aggregation,stbc,fec_coding,sgi,noise_floor,ampdu_cnt,channel,secondary_channel,local_timestamp,ant,sig_len,rx_state,real_time_set,real_timestamp,len,CSI_DATA
CSI_DATA,STA,E4:D1:24:F0:BE:00,-66,10,0,0,0,0,0,0,0,0,0,-96,0,5,0,10255,0,411,0,0,0.402909,128,[-101 -79 25 0 27 -9 26 -10 25 -10 25 -10 24 -10 23 -11 23 -10 22 -10 22 -10 21 -9 20 -9 20 -8 19 -7 18 -6 17 -6 17 -5 16 -5 16 -5 15 -3 14 -3 13 -3 12 -2 12 -1 11 0 10 -1 0 0 0 0 0 0 0 0 0 0 0 0 0 0 0 0 0 0 0 0 0 0 22 -7 22 -5 22 -5 21 -4 21 -3 21 -3 21 -2 21 -2 21 -3 21 -1 21 -1 22 -2 22 -1 23 -1 23 -1 24 -2 23 -2 24 -2 25 -2 25 -3 25 -3 26 -3 27 -4 27 -5 27 -5 29 -7 ]
CSI_DATA,STA,E4:D1:24:F0:BE:00,-65,10,0,0,0,0,0,0,0,0,0,-96,0,5,0,19670,0,399,0,0,0.460282,128,[-113 -15 24 0 27 -8 26 -9 25 -9 23 -9 24 -10 23 -10 22 -10 21 -10 21 -10 20 -9 20 -10 19 -9 19 -9 17 -7 17 -7 16 -6 16 -6 16 -5 15 -5 14 -5 13 -4 13 -3 12 -2 12 -2 11 0 0 0 0 0 0 0 0 0 0 0 0 0 0 0 0 0 0 0 0 0 0 0 21 -7 20 -4 20 -4 20 -3 20 -2 19 -2 20 -1 20 -2 20 -1 20 -1 20 -1 20 0 20 0 21 0 21 0 22 0 22 0 23 -1 23 0 23 -1 25 -1 25 -2 25 -3 26 -3 26 -4 28 -5 ]
CSI_DATA,STA,E4:D1:24:F0:BE:00,-64,10,0,0,0,0,0,0,0,0,0,-96,0,5,0,121727,0,30,0,0,0.513892,128,[30 -32 1 0 -20 -25 -20 -24 -20 -24 -20 -22 -20 -22 -19 -21 -19 -20 -19 -20 -18 -20 -17 -20 -17 -19 -16 -18 -15 -18 -15 -18 -13 -17 -13 -17 -12 -17 -11 -17 -10 -17 -10 -17 -8 -16 -8 -16 -6 -15 -5 -15 -4 -15 0 0 0 0 0 0 0 0 0 0 0 0 0 0 0 0 0 0 0 0 0 0 -11 -17 -10 -18 -9 -18 -9 -18 -9 -18 -8 -18 -9 -19 -9 -19 -9 -19 -9 -19 -8 -20 -8 -20 -9 -21 -9 -21 -9 -21 -10 -22 -10 -22 -11 -23 -11 -23 -12 -22 -13 -23 -13 -24 -15 -25 -15 -25 -16 -26 -18 -27 ]
CSI_DATA,STA,E4:D1:24:F0:BE:00,-64,10,0,0,0,0,0,0,0,0,0,-96,0,5,0,122072,0,399,0,0,0.559715,128,[-113 -15 24 0 19 -25 18 -26 15 -24 16 -25 15 -24 15 -25 15 -23 13 -23 12 -23 13 -21 13 -22 12 -21 12 -21 13 -19 13 -18 12 -17 12 -17 12 -16 13 -15 12 -14 11 -13 11 -12 12 -10 12 -8 9 -4 0 0 0 0 0 0 0 0 0 0 0 0 0 0 0 0 0 0 0 0 0 0 14 -14 15 -13 15 -12 16 -12 15 -11 15 -12 15 -13 15 -12 16 -12 16 -12 15 -12 16 -12 18 -13 18 -13 19 -14 18 -14 19 -15 18 -15 19 -16 18 -16 18 -19 20 -20 19 -19 20 -21 20 -22 20 -24 ]
CSI_DATA,STA,E4:D1:24:F0:BE:00,-65,10,0,0,0,0,0,0,0,0,0,-96,0,5,0,238525,0,411,0,0,0.630794,128,[-101 -79 25 0 14 28 15 27 14 26 14 25 15 25 14 25 14 24 14 23 13 24 12 23 12 22 11 22 10 21 9 21 7 20 7 20 6 19 6 18 5 18 4 17 3 16 2 15 2 15 1 14 1 14 0 0 0 0 0 0 0 0 0 0 0 0 0 0 0 0 0 0 0 0 0 0 9 21 8 21 7 20 6 20 5 21 5 21 6 21 5 21 5 22 4 21 5 21 5 22 5 22 5 23 4 22 5 24 5 24 5 25 6 25 6 25 8 25 7 26 9 26 9 27 11 28 13 29 ]
CSI_DATA,STA,E4:D1:24:F0:BE:00,-62,10,0,0,0,0,0,0,0,0,0,-96,0,5,0,326875,0,399,0,0,0.718648,128,[-113 -15 24 0 25 -21 25 -21 24 -22 23 -21 22 -21 22 -21 21 -20 20 -21 21 -20 19 -20 19 -19 19 -18 18 -17 17 -17 17 -16 17 -15 17 -14 17 -14 16 -12 16 -12 16 -10 16 -9 15 -9 15 -7 14 -6 0 0 0 0 0 0 0 0 0 0 0 0 0 0 0 0 0 0 0 0 0 0 10 -10 10 -10 11 -9 11 -8 12 -8 11 -8 12 -8 12 -7 13 -7 12 -7 13 -7 14 -7 14 -8 15 -8 15 -8 16 -9 17 -9 18 -10 19 -11 20 -11 20 -12 22 -14 23 -15 24 -15 25 -17 26 -19 ]
CSI_DATA,STA,E4:D1:24:F0:BE:00,-60,10,0,0,0,0,0,0,0,0,0,-96,0,5,0,2660517,0,411,0,0,3.05299,128,[-101 -79 25 0 -37 -8 -35 -7 -34 -6 -34 -5 -32 -4 -32 -5 -31 -4 -30 -4 -29 -3 -28 -3 -28 -4 -26 -4 -25 -4 -24 -4 -23 -5 -22 -5 -21 -5 -21 -6 -19 -6 -19 -6 -18 -7 -17 -7 -16 -8 -14 -8 -13 -8 0 0 0 0 0 0 0 0 0 0 0 0 0 0 0 0 0 0 0 0 0 0 -18 -3 -17 -4 -18 -6 -17 -6 -17 -7 -17 -7 -18 -8 -18 -8 -18 -9 -18 -9 -18 -10 -19 -10 -20 -11 -20 -11 -21 -11 -22 -12 -23 -12 -23 -13 -25 -12 -25 -12 -27 -12 -29 -12 -30 -11 -32 -11 -33 -11 -35 -10 ]
CSI_DATA,STA,E4:D1:24:F0:BE:00,-60,10,0,0,0,0,0,0,0,0,0,-96,0,5,0,2682117,0,399,0,0,3.09044,128,[-113 -15 24 0 -18 24 -17 24 -16 24 -15 24 -14 23 -14 23 -13 22 -13 23 -13 22 -12 21 -12 20 -12 19 -11 19 -11 18 -12 17 -12 16 -12 15 -12 15 -12 13 -12 12 -12 11 -12 10 -12 10 -12 8 -13 7 0 0 0 0 0 0 0 0 0 0 0 0 0 0 0 0 0 0 0 0 0 0 -9 13 -10 12 -11 11 -11 11 -12 10 -12 11 -13 10 -13 10 -14 10 -14 10 -14 10 -15 10 -15 10 -16 10 -16 10 -17 11 -17 12 -18 12 -18 13 -18 13 -18 15 -19 16 -19 18 -19 19 -19 21 -19 22 ]
CSI_DATA,STA,E4:D1:24:F0:BE:00,-61,10,0,0,0,0,0,0,0,0,0,-96,0,5,0,2760109,0,34,0,0,3.15217,128,[34 32 2 0 0 -37 -1 -37 -1 -35 -1 -35 -2 -34 -2 -33 -2 -32 -2 -31 -1 -30 -1 -30 -1 -28 0 -27 0 -26 0 -25 0 -24 1 -23 2 -23 2 -22 2 -21 3 -20 3 -19 4 -18 4 -17 5 -17 6 -16 0 0 0 0 0 0 0 0 0 0 0 0 0 0 0 0 0 0 0 0 0 0 1 -17 2 -17 4 -16 4 -16 4 -16 4 -17 4 -17 5 -17 5 -17 5 -17 6 -18 7 -18 6 -19 7 -20 7 -21 6 -21 6 -23 6 -23 6 -25 5 -26 5 -27 5 -29 4 -29 4 -32 4 -34 3 -36 ]
CSI_DATA,STA,E4:D1:24:F0:BE:00,-61,10,0,0,0,0,0,0,0,0,0,-96,0,5,0,2784519,0,399,0,0,3.1851,128,[-113 -15 24 0 13 -31 13 -30 12 -30 11 -29 11 -29 10 -28 10 -27 10 -27 10 -26 10 -25 9 -24 9 -22 9 -21 10 -20 9 -19 9 -18 10 -18 10 -17 10 -16 10 -15 10 -14 10 -13 10 -12 11 -11 10 -11 0 0 0 0 0 0 0 0 0 0 0 0 0 0 0 0 0 0 0 0 0 0 7 -15 7 -13 8 -13 8 -13 9 -13 9 -13 10 -12 10 -13 10 -13 10 -13 10 -13 10 -14 11 -14 12 -14 12 -15 12 -16 13 -16 13 -18 13 -19 13 -20 13 -21 14 -23 13 -24 14 -25 14 -27 14 -30 ]
CSI_DATA,STA,E4:D1:24:F0:BE:00,-61,10,0,0,0,0,0,0,0,0,0,-96,0,5,0,2850211,0,148,0,0,3.24212,128,[-108 64 9 0 10 -34 9 -33 9 -32 9 -32 8 -31 8 -30 7 -29 7 -29 7 -28 7 -27 7 -26 7 -25 7 -23 8 -22 7 -21 7 -21 8 -20 8 -19 8 -18 8 -17 9 -16 8 -15 9 -14 9 -13 10 -12 0 0 0 0 0 0 0 0 0 0 0 0 0 0 0 0 0 0 0 0 0 0 4 -19 5 -18 6 -18 7 -18 8 -17 8 -17 9 -17 9 -18 10 -18 10 -17 10 -17 12 -18 12 -18 13 -18 13 -19 13 -20 13 -20 13 -21 13 -22 13 -22 13 -24 13 -25 13 -26 13 -28 13 -30 13 -33 ]
CSI_DATA,STA,E4:D1:24:F0:BE:00,-61,10,0,0,0,0,0,0,0,0,0,-96,0,5,0,2886922,0,399,0,0,3.29877,128,[-113 -15 24 0 -28 22 -27 21 -25 22 -24 21 -23 21 -23 20 -22 20 -22 20 -21 19 -21 18 -20 17 -20 16 -19 15 -19 14 -18 13 -18 12 -17 11 -17 10 -17 9 -16 9 -16 8 -15 7 -15 6 -15 5 -15 4 0 0 0 0 0 0 0 0 0 0 0 0 0 0 0 0 0 0 0 0 0 0 -14 12 -15 11 -16 10 -16 9 -16 9 -17 8 -17 8 -18 9 -19 9 -19 8 -19 8 -20 8 -21 8 -22 9 -22 8 -23 9 -23 9 -24 9 -24 11 -24 11 -25 12 -26 13 -27 15 -27 16 -28 18 -28 19 ]
CSI_DATA,STA,E4:D1:24:F0:BE:00,-62,10,0,0,0,0,0,0,0,0,0,-96,0,5,0,2989324,0,399,0,0,3.38167,128,[-113 -15 24 0 -16 25 -15 25 -14 24 -14 24 -13 23 -13 23 -12 22 -12 21 -12 20 -11 19 -11 18 -12 17 -11 17 -11 15 -10 14 -11 14 -10 13 -11 12 -10 11 -10 10 -10 10 -10 9 -10 8 -10 7 -10 6 0 0 0 0 0 0 0 0 0 0 0 0 0 0 0 0 0 0 0 0 0 0 -8 13 -9 13 -9 12 -10 12 -11 12 -11 12 -11 12 -12 12 -12 12 -12 11 -12 12 -13 12 -14 12 -15 13 -15 13 -15 14 -15 14 -16 15 -16 15 -16 16 -16 17 -17 18 -16 20 -17 21 -17 23 -17 24 ]
CSI_DATA,STA,E4:D1:24:F0:BE:00,-62,10,0,0,0,0,0,0,0,0,0,-96,0,5,0,3012363,0,368,0,0,3.41699,128,[112 1 23 0 16 27 16 25 16 24 16 23 15 22 15 22 15 21 14 20 14 20 13 19 12 18 12 18 11 17 10 17 9 16 8 15 7 15 7 15 6 14 5 14 4 13 4 12 3 12 2 12 1 11 0 0 0 0 0 0 0 0 0 0 0 0 0 0 0 0 0 0 0 0 0 0 11 14 9 15 8 16 7 16 7 16 7 16 6 17 6 17 6 18 6 18 5 18 5 19 5 19 5 20 5 21 5 22 5 22 6 23 6 23 7 24 8 24 8 25 10 25 10 26 12 27 13 28 ]
CSI_DATA,STA,E4:D1:24:F0:BE:00,-61,10,0,0,0,0,0,0,0,0,0,-96,0,5,0,3091726,0,399,0,0,3.48395,128,[-113 -15 24 0 -12 26 -11 26 -10 25 -9 24 -8 24 -7 24 -7 23 -6 22 -7 22 -6 21 -7 20 -6 19 -6 18 -6 18 -6 17 -6 17 -7 16 -7 15 -7 14 -7 14 -7 12 -8 12 -8 11 -8 10 -9 9 0 0 0 0 0 0 0 0 0 0 0 0 0 0 0 0 0 0 0 0 0 0 -5 15 -6 14 -7 14 -8 14 -9 14 -9 14 -9 15 -10 15 -10 15 -11 15 -12 14 -12 15 -13 14 -14 15 -14 15 -14 17 -15 16 -15 17 -15 18 -15 18 -15 19 -14 20 -15 22 -15 22 -15 24 -14 26 ]
CSI_DATA,STA,E4:D1:24:F0:BE:00,-60,10,0,0,0,0,0,0,0,0,0,-96,0,5,0,3122343,0,368,0,0,3.51993,128,[112 1 23 0 24 20 23 18 23 17 23 16 23 15 22 14 22 14 21 13 20 13 20 12 19 12 18 12 17 12 17 11 15 11 15 12 14 12 13 11 12 11 11 11 10 11 10 11 8 10 7 10 7 11 0 0 0 0 0 0 0 0 0 0 0 0 0 0 0 0 0 0 0 0 0 0 14 7 14 9 13 10 13 10 13 11 12 12 13 12 12 13 13 14 12 15 12 15 12 16 12 17 12 17 12 18 13 18 13 19 13 20 14 20 15 20 16 21 17 21 18 21 20 22 21 22 22 22 ]
CSI_DATA,STA,E4:D1:24:F0:BE:00,-62,10,0,0,0,0,0,0,0,0,0,-96,0,5,0,3194128,0,399,0,0,3.58631,128,[-113 -15 24 0 -8 34 -7 33 -6 33 -5 31 -4 31 -4 30 -3 29 -3 29 -2 28 -2 27 -3 26 -2 25 -2 24 -3 24 -3 22 -4 22 -4 21 -4 20 -4 19 -5 19 -5 17 -5 16 -6 15 -6 14 -8 14 0 0 0 0 0 0 0 0 0 0 0 0 0 0 0 0 0 0 0 0 0 0 0 18 -1 18 -3 18 -4 17 -5 17 -5 18 -5 18 -6 19 -7 19 -7 19 -8 19 -9 20 -10 20 -10 21 -11 22 -12 22 -12 23 -13 24 -12 25 -12 25 -13 27 -13 28 -13 29 -13 30 -12 31 -12 34 ]
CSI_DATA,STA,E4:D1:24:F0:BE:00,-61,10,0,0,0,0,0,0,0,0,0,-96,0,5,0,3296529,0,399,0,0,3.68849,128,[-113 -15 24 0 -31 -2 -31 -1 -29 0 -29 1 -29 1 -28 1 -27 0 -26 1 -25 0 -24 -1 -24 0 -23 -2 -22 -1 -21 -2 -19 -2 -19 -3 -18 -3 -17 -3 -16 -3 -15 -3 -15 -4 -14 -4 -13 -4 -12 -5 -12 -5 0 0 0 0 0 0 0 0 0 0 0 0 0 0 0 0 0 0 0 0 0 0 -18 0 -17 0 -18 -2 -18 -3 -18 -3 -18 -4 -19 -4 -19 -4 -18 -5 -19 -6 -19 -6 -19 -7 -20 -7 -20 -7 -21 -8 -21 -8 -22 -8 -22 -8 -23 -8 -23 -8 -24 -7 -25 -7 -26 -5 -28 -5 -29 -4 -31 -3 ]
CSI_DATA,STA,E4:D1:24:F0:BE:00,-63,10,0,0,0,0,0,0,0,0,0,-96,0,5,0,3398931,0,399,0,0,3.79089,128,[-113 -15 24 0 32 7 31 5 30 4 29 4 29 3 29 3 27 2 27 1 26 2 25 2 24 2 23 1 22 1 21 2 20 2 20 2 19 2 19 2 18 3 17 3 17 3 16 4 16 4 15 4 14 6 0 0 0 0 0 0 0 0 0 0 0 0 0 0 0 0 0 0 0 0 0 0 16 -1 16 0 16 2 16 2 16 3 17 3 17 4 17 4 18 5 18 5 18 6 18 7 19 8 20 8 20 8 21 9 21 9 22 10 23 10 23 10 25 9 26 10 27 10 28 9 30 9 31 9 ]
CSI_DATA,STA,E4:D1:24:F0:BE:00,-59,10,0,0,0,0,0,0,0,0,0,-97,0,5,0,3501333,0,399,0,0,3.89369,128,[-113 -15 24 0 -18 -31 -18 -29 -17 -29 -18 -28 -18 -27 -18 -27 -17 -25 -18 -25 -17 -25 -17 -24 -16 -23 -15 -22 -14 -22 -14 -22 -13 -21 -12 -21 -11 -20 -11 -21 -9 -20 -9 -20 -8 -19 -7 -19 -5 -19 -4 -18 -3 -18 0 0 0 0 0 0 0 0 0 0 0 0 0 0 0 0 0 0 0 0 0 0 -11 -17 -10 -17 -9 -18 -8 -18 -8 -19 -7 -20 -7 -20 -6 -21 -6 -21 -6 -22 -5 -22 -5 -23 -5 -24 -4 -25 -4 -25 -4 -26 -4 -26 -5 -27 -5 -27 -6 -28 -6 -28 -8 -29 -9 -30 -10 -30 -11 -32 -13 -33 ]
CSI_DATA,STA,E4:D1:24:F0:BE:00,-60,10,0,0,0,0,0,0,0,0,0,-97,0,5,0,3603735,0,399,0,0,3.99569,128,[-113 -15 24 0 28 7 28 6 28 5 27 4 27 4 27 3 27 3 26 2 25 2 25 2 24 2 23 2 23 2 22 3 20 3 21 3 20 3 20 4 19 4 18 4 18 5 17 5 16 5 15 6 14 8 0 0 0 0 0 0 0 0 0 0 0 0 0 0 0 0 0 0 0 0 0 0 14 0 14 2 14 2 14 3 14 4 14 4 14 5 14 5 15 6 15 7 14 7 15 8 16 9 17 9 16 10 17 10 17 10 18 11 19 11 20 12 20 11 22 11 22 11 24 11 26 11 27 10 ]
CSI_DATA,STA,E4:D1:24:F0:BE:00,-58,10,0,0,0,0,0,0,0,0,0,-97,0,5,0,3706137,0,399,0,0,4.0981,128,[-113 -15 24 0 16 26 16 25 16 24 17 22 17 22 17 21 17 20 17 20 17 19 16 19 16 19 15 18 15 18 14 18 13 17 12 17 12 18 11 17 10 17 9 17 8 16 8 16 6 16 5 16 4 16 0 0 0 0 0 0 0 0 0 0 0 0 0 0 0 0 0 0 0 0 0 0 10 10 9 11 8 12 8 12 8 13 7 13 7 14 7 14 6 15 6 15 6 16 5 17 6 17 5 18 5 19 5 20 5 21 5 21 6 22 6 23 7 23 8 24 9 24 10 25 12 26 13 27 ]
CSI_DATA,STA,E4:D1:24:F0:BE:00,-60,10,0,0,0,0,0,0,0,0,0,-97,0,5,0,3808539,0,399,0,0,4.20082,128,[-113 -15 24 0 -28 23 -26 23 -24 23 -24 22 -23 23 -23 22 -21 22 -21 22 -20 21 -20 21 -19 20 -19 19 -18 18 -18 17 -17 16 -17 15 -17 15 -17 14 -17 13 -16 12 -16 11 -15 11 -15 10 -15 8 -16 8 0 0 0 0 0 0 0 0 0 0 0 0 0 0 0 0 0 0 0 0 0 0 -11 13 -12 12 -13 12 -13 11 -14 11 -14 11 -15 10 -16 11 -16 10 -16 10 -17 10 -18 10 -19 10 -20 10 -20 9 -21 10 -22 10 -23 11 -23 11 -24 12 -25 13 -26 14 -26 15 -27 16 -27 18 -28 20 ]
CSI_DATA,STA,E4:D1:24:F0:BE:00,-60,10,0,0,0,0,0,0,0,0,0,-97,0,5,0,3910941,0,399,0,0,4.3029,128,[-113 -15 24 0 24 22 25 21 24 19 24 19 25 17 24 16 24 15 23 15 23 14 23 13 22 13 22 13 21 12 20 12 19 12 19 12 19 12 19 12 17 12 17 12 16 12 15 12 14 12 13 13 11 14 0 0 0 0 0 0 0 0 0 0 0 0 0 0 0 0 0 0 0 0 0 0 14 4 13 5 13 6 12 7 13 8 12 9 13 9 13 10 13 11 12 12 12 12 12 14 13 15 13 16 13 16 13 18 14 19 15 19 15 20 15 21 17 21 17 22 18 23 20 23 21 24 22 25 ]
CSI_DATA,STA,E4:D1:24:F0:BE:00,-61,10,0,0,0,0,0,0,0,0,0,-97,0,5,0,4013343,0,399,0,0,4.40569,128,[-113 -15 24 0 22 25 23 23 22 22 22 21 23 20 22 20 22 18 22 18 21 17 21 17 20 17 20 16 19 16 17 15 17 14 16 15 16 15 15 14 14 14 12 14 12 13 11 13 11 13 9 13 8 14 0 0 0 0 0 0 0 0 0 0 0 0 0 0 0 0 0 0 0 0 0 0 15 8 14 9 13 9 13 10 12 11 12 11 12 12 12 13 12 14 12 14 12 14 12 15 12 16 12 18 12 19 12 19 13 20 13 20 14 21 13 22 14 22 16 24 16 24 17 25 19 26 20 27 ]
CSI_DATA,STA,E4:D1:24:F0:BE:00,-61,10,0,0,0,0,0,0,0,0,0,-97,0,5,0,4115744,0,399,0,0,4.50771,128,[-113 -15 24 0 -23 24 -21 24 -20 24 -19 24 -17 24 -17 24 -16 24 -15 24 -14 24 -14 24 -14 23 -14 23 -13 22 -13 22 -12 20 -12 20 -13 19 -13 18 -13 18 -13 17 -13 16 -13 15 -13 13 -13 12 -14 12 0 0 0 0 0 0 0 0 0 0 0 0 0 0 0 0 0 0 0 0 0 0 -5 14 -7 13 -8 13 -8 12 -9 12 -10 12 -11 12 -11 12 -12 12 -13 12 -14 11 -16 11 -16 11 -17 11 -18 12 -19 12 -20 12 -20 13 -22 13 -22 13 -23 14 -23 15 -24 16 -24 18 -25 19 -26 21 ]
CSI_DATA,STA,E4:D1:24:F0:BE:00,-62,10,0,0,0,0,0,0,0,0,0,-97,0,5,0,4161338,0,37,0,0,4.55345,128,[37 80 2 0 -30 -16 -29 -14 -28 -13 -28 -12 -28 -10 -28 -10 -27 -9 -27 -8 -26 -8 -26 -7 -26 -7 -25 -7 -24 -6 -24 -6 -22 -6 -22 -6 -22 -7 -21 -6 -20 -7 -19 -7 -19 -8 -17 -7 -17 -7 -16 -8 -14 -7 0 0 0 0 0 0 0 0 0 0 0 0 0 0 0 0 0 0 0 0 0 0 -19 -1 -19 -3 -19 -4 -18 -4 -18 -5 -18 -7 -18 -7 -18 -8 -18 -9 -18 -10 -18 -10 -19 -12 -19 -12 -19 -13 -19 -14 -20 -15 -19 -16 -20 -17 -20 -17 -21 -18 -22 -18 -22 -18 -24 -18 -25 -18 -27 -18 -28 -19 ]
CSI_DATA,STA,E4:D1:24:F0:BE:00,-61,10,0,0,0,0,0,0,0,0,0,-97,0,5,0,4207706,0,66,0,0,4.6015,128,[66 32 4 0 21 -26 20 -26 19 -25 18 -26 17 -25 16 -25 16 -25 15 -25 14 -24 14 -23 13 -22 13 -22 13 -21 13 -20 13 -19 13 -18 13 -17 13 -17 13 -16 12 -15 12 -14 12 -13 12 -12 12 -12 13 -10 0 0 0 0 0 0 0 0 0 0 0 0 0 0 0 0 0 0 0 0 0 0 11 -18 12 -17 12 -16 13 -16 14 -15 15 -15 15 -15 15 -15 16 -14 16 -15 17 -14 18 -14 19 -14 19 -15 20 -14 20 -14 20 -14 21 -15 22 -16 23 -16 23 -17 23 -18 23 -19 23 -21 24 -22 24 -24 ]
CSI_DATA,STA,E4:D1:24:F0:BE:00,-61,10,0,0,0,0,0,0,0,0,0,-97,0,5,0,4218146,0,399,0,0,4.64533,128,[-113 -15 24 0 30 -17 29 -17 28 -18 27 -17 26 -18 25 -18 24 -17 24 -17 22 -17 22 -17 21 -16 20 -16 20 -15 19 -14 19 -13 18 -12 17 -12 17 -11 17 -10 17 -9 16 -9 16 -8 15 -7 15 -7 15 -4 0 0 0 0 0 0 0 0 0 0 0 0 0 0 0 0 0 0 0 0 0 0 15 -13 17 -12 17 -11 18 -10 18 -10 19 -9 19 -9 19 -9 20 -8 20 -8 20 -7 21 -7 23 -7 23 -7 23 -7 24 -7 25 -7 26 -7 26 -7 27 -8 27 -10 29 -9 29 -11 30 -11 31 -13 32 -15 ]
CSI_DATA,STA,E4:D1:24:F0:BE:00,-63,10,0,0,0,0,0,0,0,0,0,-97,0,5,0,4301371,0,37,0,0,4.69338,128,[37 80 2 0 15 28 16 27 16 27 17 25 17 26 17 25 18 23 17 24 18 22 18 22 18 22 17 22 16 21 16 21 15 20 14 20 14 20 13 20 13 20 12 19 11 18 10 18 9 18 8 18 5 17 0 0 0 0 0 0 0 0 0 0 0 0 0 0 0 0 0 0 0 0 0 0 13 8 12 9 11 10 10 10 10 11 10 12 10 12 9 13 9 13 8 14 7 14 8 15 7 16 7 17 7 18 6 19 6 20 6 21 6 21 7 22 7 23 8 24 9 25 10 27 11 28 13 29 ]
CSI_DATA,STA,E4:D1:24:F0:BE:00,-65,10,0,0,0,0,0,0,0,0,0,-97,0,5,0,4320548,0,399,0,0,4.7265,128,[-113 -15 24 0 -23 -11 -24 -10 -24 -8 -25 -9 -25 -7 -26 -7 -26 -6 -26 -6 -26 -5 -26 -7 -26 -5 -26 -6 -26 -6 -26 -5 -25 -5 -24 -5 -25 -6 -24 -6 -24 -6 -23 -7 -22 -7 -22 -7 -21 -8 -20 -9 -19 -10 0 0 0 0 0 0 0 0 0 0 0 0 0 0 0 0 0 0 0 0 0 0 -17 -9 -15 -10 -15 -10 -14 -10 -14 -10 -13 -10 -14 -11 -13 -12 -13 -10 -12 -10 -12 -11 -11 -12 -12 -11 -11 -12 -12 -12 -12 -12 -13 -13 -12 -13 -12 -13 -12 -12 -14 -13 -14 -13 -15 -12 -16 -12 -18 -13 -19 -13 ]
CSI_DATA,STA,E4:D1:24:F0:BE:00,-60,10,0,0,0,0,0,0,0,0,0,-97,0,5,0,4422950,0,399,0,0,4.81523,128,[-113 -15 24 0 4 37 4 34 4 33 5 33 6 31 7 31 7 29 7 29 7 28 7 27 6 26 7 26 7 25 6 24 6 23 5 23 5 22 5 22 4 22 4 21 3 21 3 21 1 20 0 19 0 20 0 0 0 0 0 0 0 0 0 0 0 0 0 0 0 0 0 0 0 0 0 0 6 15 5 16 4 15 3 16 3 16 2 16 2 17 1 17 1 18 0 18 0 18 -1 19 -1 20 -2 21 -2 21 -2 23 -2 23 -2 25 -2 25 -2 27 -2 28 -1 30 -2 31 -2 32 -1 33 0 37 ]
CSI_DATA,STA,E4:D1:24:F0:BE:00,-62,10,0,0,0,0,0,0,0,0,0,-97,0,5,0,4525352,0,399,0,0,4.91758,128,[-113 -15 24 0 25 15 25 13 23 13 24 11 24 11 24 11 24 10 23 11 22 10 22 10 21 9 21 10 20 10 19 10 18 10 17 10 17 10 16 11 15 11 14 11 14 11 13 11 12 11 10 11 10 12 0 0 0 0 0 0 0 0 0 0 0 0 0 0 0 0 0 0 0 0 0 0 14 9 13 10 12 11 12 11 11 11 11 12 11 12 11 12 11 13 10 12 11 13 11 13 11 14 12 14 12 14 12 14 13 15 13 15 14 15 14 16 15 15 17 16 18 16 19 16 20 16 22 17 ]
CSI_DATA,STA,E4:D1:24:F0:BE:00,-62,10,0,0,0,0,0,0,0,0,0,-97,0,5,0,4627754,0,399,0,0,5.02013,128,[-113 -15 24 0 -25 22 -23 23 -22 24 -21 24 -21 25 -20 25 -20 25 -20 25 -19 25 -19 25 -20 25 -19 25 -19 24 -19 23 -19 23 -19 21 -19 21 -19 20 -19 19 -19 18 -20 17 -19 15 -20 14 -20 12 -20 11 0 0 0 0 0 0 0 0 0 0 0 0 0 0 0 0 0 0 0 0 0 0 -10 12 -10 11 -11 10 -12 9 -12 8 -12 9 -12 8 -13 9 -14 8 -14 8 -14 8 -15 8 -16 8 -16 8 -17 9 -18 9 -19 9 -19 9 -20 9 -21 10 -22 11 -23 12 -23 13 -24 14 -24 15 -25 18 ]
CSI_DATA,STA,E4:D1:24:F0:BE:00,-62,10,0,0,0,0,0,0,0,0,0,-97,0,5,0,4730156,0,399,0,0,5.1225,128,[-113 -15 24 0 -30 15 -28 14 -27 15 -26 15 -25 16 -24 15 -23 15 -23 16 -23 16 -23 15 -22 14 -22 15 -22 14 -21 13 -20 12 -20 12 -20 11 -20 11 -19 9 -20 9 -19 8 -19 7 -18 6 -18 5 -16 3 0 0 0 0 0 0 0 0 0 0 0 0 0 0 0 0 0 0 0 0 0 0 -18 10 -18 8 -18 8 -18 7 -19 6 -19 7 -20 7 -20 7 -20 7 -20 7 -21 6 -22 6 -22 6 -23 6 -23 6 -25 6 -25 6 -25 6 -25 6 -27 6 -27 7 -28 7 -29 8 -29 9 -30 10 -30 11 ]
CSI_DATA,STA,E4:D1:24:F0:BE:00,-63,10,0,0,0,0,0,0,0,0,0,-97,0,5,0,4832555,0,399,0,0,5.225,128,[-113 -15 24 0 -11 -30 -12 -28 -13 -29 -14 -27 -14 -27 -15 -26 -15 -26 -16 -25 -15 -25 -15 -25 -14 -24 -14 -24 -13 -23 -12 -23 -11 -22 -10 -23 -10 -23 -9 -23 -8 -22 -7 -22 -6 -21 -5 -21 -4 -20 -3 -20 -1 -19 0 0 0 0 0 0 0 0 0 0 0 0 0 0 0 0 0 0 0 0 0 0 -10 -18 -8 -17 -7 -18 -6 -18 -5 -18 -5 -19 -5 -18 -5 -19 -4 -19 -4 -19 -4 -20 -3 -21 -3 -21 -3 -22 -2 -23 -2 -25 -3 -25 -2 -25 -2 -26 -3 -27 -3 -27 -3 -28 -3 -29 -4 -30 -6 -31 -7 -33 ]
CSI_DATA,STA,E4:D1:24:F0:BE:00,-62,10,0,0,0,0,0,0,0,0,0,-97,0,5,0,4934957,0,399,0,0,5.32732,128,[-113 -15 24 0 -14 26 -13 26 -12 26 -11 25 -11 25 -11 24 -10 24 -10 24 -10 23 -11 22 -10 21 -10 20 -10 19 -10 18 -10 17 -10 17 -11 16 -11 15 -10 14 -10 14 -11 12 -10 11 -10 10 -11 10 -11 9 0 0 0 0 0 0 0 0 0 0 0 0 0 0 0 0 0 0 0 0 0 0 -11 13 -12 13 -12 13 -12 13 -13 12 -13 13 -12 13 -13 13 -13 14 -14 14 -14 14 -14 14 -15 14 -16 15 -16 15 -17 16 -16 16 -16 17 -17 17 -17 18 -16 18 -17 20 -16 20 -16 22 -16 23 -16 25 ]
CSI_DATA,STA,E4:D1:24:F0:BE:00,-61,10,0,0,0,0,0,0,0,0,0,-97,0,5,0,5037359,0,399,0,0,5.42967,128,[-113 -15 24 0 30 -8 28 -9 28 -10 27 -10 26 -12 26 -11 26 -11 25 -11 25 -11 24 -10 24 -9 23 -8 22 -8 22 -7 21 -6 21 -5 20 -4 20 -4 19 -3 18 -2 18 -1 17 0 16 0 14 1 15 3 0 0 0 0 0 0 0 0 0 0 0 0 0 0 0 0 0 0 0 0 0 0 19 -4 19 -3 19 -2 19 -1 19 0 19 0 19 0 19 0 20 1 20 1 19 1 20 1 21 2 21 2 22 2 22 2 22 2 24 2 24 1 25 1 26 0 27 0 26 -1 28 -2 29 -3 30 -4 ]
CSI_DATA,STA,E4:D1:24:F0:BE:00,-62,10,0,0,0,0,0,0,0,0,0,-97,0,5,0,5139761,0,399,0,0,5.53198,128,[-113 -15 24 0 15 30 16 30 16 28 16 28 16 28 16 28 16 27 16 27 16 26 15 26 15 25 15 24 14 24 12 23 11 22 10 22 10 22 9 22 8 21 7 20 6 20 5 19 5 18 3 17 3 18 0 0 0 0 0 0 0 0 0 0 0 0 0 0 0 0 0 0 0 0 0 0 8 13 7 13 6 13 6 13 6 13 6 14 5 15 6 15 5 15 5 16 5 17 5 18 5 19 4 19 4 20 4 21 5 22 4 23 5 23 5 24 5 25 6 25 6 27 9 28 9 28 11 31 ]
CSI_DATA,STA,E4:D1:24:F0:BE:00,-62,10,0,0,0,0,0,0,0,0,0,-97,0,5,0,5242163,0,399,0,0,5.63438,128,[-113 -15 24 0 33 2 32 1 31 0 30 0 30 -1 30 -1 30 -2 28 -2 29 -2 28 -1 27 -1 26 -1 25 0 24 0 23 1 23 1 21 2 21 2 19 3 19 3 18 4 17 4 16 5 14 5 14 6 0 0 0 0 0 0 0 0 0 0 0 0 0 0 0 0 0 0 0 0 0 0 20 2 20 3 20 4 20 5 20 4 20 5 20 7 21 6 21 6 21 7 20 7 21 8 21 8 22 9 22 9 22 9 23 9 24 10 24 10 25 10 25 9 27 8 27 8 28 7 29 6 32 6 ]
CSI_DATA,STA,E4:D1:24:F0:BE:00,-60,10,0,0,0,0,0,0,0,0,0,-97,0,5,0,5344565,0,399,0,0,5.7369,128,[-113 -15 24 0 -31 -5 -30 -5 -28 -4 -28 -3 -27 -2 -26 -2 -25 -2 -24 -1 -24 -2 -23 -2 -22 -2 -22 -2 -21 -2 -20 -2 -18 -2 -18 -2 -17 -3 -17 -3 -16 -3 -15 -3 -14 -4 -14 -4 -13 -5 -12 -6 -11 -5 0 0 0 0 0 0 0 0 0 0 0 0 0 0 0 0 0 0 0 0 0 0 -15 -2 -15 -2 -15 -3 -15 -4 -15 -4 -15 -4 -16 -4 -17 -4 -17 -4 -17 -5 -17 -5 -18 -6 -18 -6 -19 -7 -20 -7 -21 -7 -21 -8 -22 -8 -23 -8 -24 -8 -25 -8 -26 -8 -27 -8 -28 -8 -29 -8 -30 -7 ]
CSI_DATA,STA,E4:D1:24:F0:BE:00,-62,10,0,0,0,0,0,0,0,0,0,-97,0,5,0,5446967,0,399,0,0,5.83927,128,[-113 -15 24 0 0 32 0 32 1 31 1 30 2 30 2 28 2 28 2 27 2 26 2 26 2 25 3 24 2 24 1 23 1 22 1 22 0 21 0 21 -1 20 -1 19 -2 18 -2 17 -3 16 -5 16 -4 15 0 0 0 0 0 0 0 0 0 0 0 0 0 0 0 0 0 0 0 0 0 0 4 14 3 14 2 14 2 14 1 15 2 15 2 16 1 16 1 17 0 17 -1 18 -1 19 -1 20 -2 21 -2 21 -4 22 -4 23 -4 24 -4 25 -5 26 -5 27 -4 28 -4 29 -5 30 -4 32 -3 34 ]
CSI_DATA,STA,E4:D1:24:F0:BE:00,-62,10,0,0,0,0,0,0,0,0,0,-97,0,5,0,5549368,0,399,0,0,5.94168,128,[-113 -15 24 0 21 -25 19 -25 20 -25 19 -25 18 -25 18 -25 17 -24 16 -25 16 -25 16 -23 16 -23 16 -23 15 -22 16 -21 15 -20 15 -20 16 -19 16 -18 16 -17 16 -17 16 -15 16 -14 16 -12 16 -11 18 -9 0 0 0 0 0 0 0 0 0 0 0 0 0 0 0 0 0 0 0 0 0 0 12 -15 12 -14 12 -14 13 -13 13 -13 14 -12 13 -13 14 -13 15 -13 15 -12 16 -12 16 -13 18 -13 19 -13 19 -13 20 -14 19 -14 21 -14 21 -15 21 -15 21 -16 22 -18 22 -18 23 -18 24 -20 24 -22 ]
CSI_DATA,STA,E4:D1:24:F0:BE:00,-63,10,0,0,0,0,0,0,0,0,0,-97,0,5,0,5651770,0,399,0,0,6.04407,128,[-113 -15 24 0 -16 -28 -16 -27 -17 -26 -16 -25 -17 -24 -17 -24 -16 -23 -17 -23 -15 -23 -15 -22 -16 -21 -15 -20 -14 -20 -13 -19 -12 -19 -11 -19 -11 -18 -10 -18 -9 -17 -8 -17 -7 -16 -7 -15 -6 -15 -5 -15 -3 -15 0 0 0 0 0 0 0 0 0 0 0 0 0 0 0 0 0 0 0 0 0 0 -14 -16 -12 -17 -11 -17 -10 -18 -9 -17 -9 -18 -9 -18 -9 -19 -8 -19 -7 -19 -7 -19 -7 -20 -7 -21 -7 -22 -6 -22 -6 -23 -7 -23 -7 -24 -7 -24 -7 -25 -8 -26 -9 -26 -10 -26 -11 -28 -12 -29 -13 -29 ]
CSI_DATA,STA,E4:D1:24:F0:BE:00,-65,10,0,0,0,0,0,0,0,0,0,-97,0,5,0,5754172,0,399,0,0,6.14647,128,[-113 -15 24 0 -5 -28 -6 -29 -6 -28 -7 -27 -9 -27 -9 -28 -9 -27 -9 -27 -9 -27 -9 -27 -10 -25 -10 -26 -9 -26 -9 -25 -8 -25 -7 -24 -7 -24 -7 -24 -6 -24 -6 -23 -4 -23 -4 -22 -3 -22 -1 -21 1 -21 0 0 0 0 0 0 0 0 0 0 0 0 0 0 0 0 0 0 0 0 0 0 -2 -19 -1 -18 0 -18 0 -18 0 -17 1 -17 0 -17 1 -17 1 -17 1 -17 2 -17 2 -17 2 -18 3 -19 3 -18 3 -20 3 -19 3 -20 4 -21 2 -20 3 -22 3 -23 2 -23 1 -24 0 -25 -1 -27 ]
CSI_DATA,STA,E4:D1:24:F0:BE:00,-63,10,0,0,0,0,0,0,0,0,0,-97,0,5,0,5856574,0,399,0,0,6.24896,128,[-113 -15 24 0 17 29 17 28 17 28 17 27 17 27 17 26 17 26 17 26 17 25 15 25 16 24 15 24 13 24 12 23 12 22 11 22 10 22 10 22 9 21 8 20 8 19 6 19 5 19 4 18 3 18 0 0 0 0 0 0 0 0 0 0 0 0 0 0 0 0 0 0 0 0 0 0 5 15 3 15 3 15 2 14 3 15 3 14 2 15 2 15 2 15 3 16 2 16 3 17 3 17 2 18 2 18 2 20 3 20 4 21 4 21 5 22 6 22 7 24 7 25 9 26 11 27 13 29 ]
CSI_DATA,STA,E4:D1:24:F0:BE:00,-62,10,0,0,0,0,0,0,0,0,0,-97,0,5,0,5958976,0,399,0,0,6.35114,128,[-113 -15 24 0 -5 34 -5 34 -4 33 -4 31 -3 31 -3 31 -2 30 -3 29 -3 29 -3 28 -3 27 -4 26 -3 25 -4 24 -4 22 -4 23 -5 21 -6 21 -6 20 -6 19 -7 17 -7 17 -6 16 -8 16 -8 14 0 0 0 0 0 0 0 0 0 0 0 0 0 0 0 0 0 0 0 0 0 0 -5 18 -6 17 -7 17 -7 17 -8 17 -7 17 -8 17 -8 17 -9 17 -9 17 -9 17 -10 18 -9 19 -10 19 -10 19 -10 21 -10 20 -10 23 -10 22 -10 23 -10 25 -9 26 -9 28 -8 29 -9 31 -8 33 ]
CSI_DATA,STA,E4:D1:24:F0:BE:00,-60,10,0,0,0,0,0,0,0,0,0,-97,0,5,0,6061378,0,399,0,0,6.45365,128,[-113 -15 24 0 12 32 13 31 13 30 13 29 13 28 13 28 13 27 12 26 12 25 11 25 11 24 11 23 9 23 9 22 8 21 8 21 7 20 6 20 5 19 5 19 4 18 3 18 2 17 1 17 0 16 0 0 0 0 0 0 0 0 0 0 0 0 0 0 0 0 0 0 0 0 0 0 6 13 5 13 4 14 4 14 4 14 4 15 4 15 4 16 3 17 3 17 3 17 3 18 3 19 3 20 3 20 3 22 4 22 4 23 4 24 5 25 5 26 6 27 7 29 8 30 9 31 10 33 ]
CSI_DATA,STA,E4:D1:24:F0:BE:00,-62,10,0,0,0,0,0,0,0,0,0,-97,0,5,0,6163780,0,399,0,0,6.55608,128,[-113 -15 24 0 -35 9 -33 10 -33 9 -31 10 -31 11 -30 11 -29 11 -29 11 -28 10 -27 10 -27 9 -26 9 -25 9 -24 9 -23 7 -23 7 -22 6 -23 6 -21 4 -20 4 -20 3 -20 3 -19 1 -18 0 -17 -1 0 0 0 0 0 0 0 0 0 0 0 0 0 0 0 0 0 0 0 0 0 0 -17 4 -17 3 -17 2 -17 2 -17 2 -17 1 -17 1 -18 1 -18 1 -19 1 -19 1 -20 1 -21 1 -22 1 -22 0 -24 0 -24 1 -25 1 -26 1 -27 2 -28 3 -29 2 -30 3 -32 4 -33 5 -34 5 ]
CSI_DATA,STA,E4:D1:24:F0:BE:00,-64,10,0,0,0,0,0,0,0,0,0,-97,0,5,0,6266181,0,399,0,0,6.65847,128,[-113 -15 24 0 18 23 18 22 18 21 18 20 18 19 18 19 18 18 17 18 17 18 16 18 16 18 15 18 15 17 14 17 13 15 12 16 12 15 10 16 10 15 9 15 8 14 8 14 6 14 6 13 5 12 0 0 0 0 0 0 0 0 0 0 0 0 0 0 0 0 0 0 0 0 0 0 15 15 13 16 12 16 11 16 11 17 10 16 10 16 10 17 10 16 9 17 9 17 9 18 9 18 10 19 10 20 9 20 10 21 9 22 10 22 10 22 11 23 12 23 12 24 13 25 14 25 15 25 ]
CSI_DATA,STA,E4:D1:24:F0:BE:00,-63,10,0,0,0,0,0,0,0,0,0,-97,0,5,0,6368583,0,399,0,0,6.76092,128,[-113 -15 24 0 -33 3 -33 4 -32 4 -31 4 -31 5 -31 4 -30 4 -29 4 -29 4 -28 2 -28 2 -26 2 -25 1 -25 1 -22 1 -23 0 -21 -1 -21 -1 -20 -2 -19 -2 -18 -3 -18 -3 -17 -4 -16 -4 -15 -6 0 0 0 0 0 0 0 0 0 0 0 0 0 0 0 0 0 0 0 0 0 0 -16 -5 -16 -6 -15 -6 -15 -6 -15 -7 -14 -6 -15 -6 -14 -6 -14 -6 -15 -6 -15 -6 -15 -6 -16 -6 -16 -6 -16 -6 -18 -5 -18 -5 -19 -5 -20 -4 -21 -4 -23 -3 -24 -2 -25 -1 -27 0 -29 0 -30 1 ]
CSI_DATA,STA,E4:D1:24:F0:BE:00,-63,10,0,0,0,0,0,0,0,0,0,-97,0,5,0,6470985,0,399,0,0,6.86331,128,[-113 -15 24 0 27 -7 26 -8 26 -9 26 -9 26 -10 26 -9 25 -9 24 -9 24 -9 25 -8 24 -8 23 -7 22 -7 22 -6 21 -5 21 -4 20 -3 20 -3 19 -2 18 -1 17 -1 16 0 15 0 15 1 14 1 0 0 0 0 0 0 0 0 0 0 0 0 0 0 0 0 0 0 0 0 0 0 15 1 15 2 14 2 13 2 14 3 14 3 13 3 13 3 13 3 14 3 14 3 14 3 14 3 15 3 15 2 15 2 16 2 17 2 18 1 18 1 19 0 20 0 21 -1 23 -2 24 -3 25 -4 ]
CSI_DATA,STA,E4:D1:24:F0:BE:00,-61,10,0,0,0,0,0,0,0,0,0,-97,0,5,0,6573387,0,399,0,0,6.96574,128,[-113 -15 24 0 -1 33 1 32 0 32 0 32 0 31 0 31 0 29 0 30 0 29 0 29 -1 27 -1 27 -2 26 -2 25 -2 24 -4 23 -4 22 -5 21 -5 21 -5 20 -5 19 -6 18 -7 17 -8 16 -8 14 0 0 0 0 0 0 0 0 0 0 0 0 0 0 0 0 0 0 0 0 0 0 -5 14 -6 14 -6 14 -6 14 -7 14 -7 13 -7 14 -7 14 -7 14 -8 15 -8 14 -9 15 -9 16 -9 15 -8 16 -8 17 -8 17 -8 19 -8 19 -6 20 -6 22 -5 23 -5 25 -4 26 -4 28 -3 31 ]
CSI_DATA,STA,E4:D1:24:F0:BE:00,-64,10,0,0,0,0,0,0,0,0,0,-97,0,5,0,6675789,0,399,0,0,7.06794,128,[-113 -15 24 0 -24 -18 -25 -17 -26 -18 -26 -18 -27 -17 -28 -18 -27 -17 -28 -18 -27 -18 -28 -18 -28 -18 -27 -18 -27 -18 -25 -18 -23 -18 -24 -18 -23 -18 -22 -19 -20 -20 -19 -19 -19 -19 -17 -19 -17 -19 -15 -20 -13 -20 0 0 0 0 0 0 0 0 0 0 0 0 0 0 0 0 0 0 0 0 0 0 -4 -16 -2 -16 -2 -15 -2 -15 -2 -15 -2 -15 -2 -14 -2 -15 -2 -14 -2 -15 -2 -14 -2 -15 -2 -15 -2 -14 -3 -15 -4 -15 -4 -16 -5 -17 -6 -15 -7 -16 -8 -16 -9 -17 -11 -17 -13 -16 -16 -17 -18 -18 ]
CSI_DATA,STA,E4:D1:24:F0:BE:00,-61,10,0,0,0,0,0,0,0,0,0,-97,0,5,0,6778191,0,399,0,0,7.17048,128,[-113 -15 24 0 30 -3 30 -4 29 -5 29 -5 29 -6 28 -6 28 -6 28 -5 26 -5 26 -5 25 -4 26 -4 25 -4 24 -2 22 -2 22 -1 22 -1 21 0 20 0 20 1 18 1 17 2 17 3 17 5 12 5 0 0 0 0 0 0 0 0 0 0 0 0 0 0 0 0 0 0 0 0 0 0 19 -2 18 -1 18 0 18 1 18 2 18 2 18 3 18 2 18 5 17 4 17 4 18 5 19 5 19 5 19 5 19 5 20 5 20 5 21 4 21 4 23 2 25 3 25 2 25 2 28 1 31 -2 ]
CSI_DATA,STA,E4:D1:24:F0:BE:00,-62,10,0,0,0,0,0,0,0,0,0,-97,0,5,0,6880595,0,399,0,0,7.2729,128,[-113 -15 24 0 -34 8 -33 9 -33 9 -32 9 -31 10 -31 10 -30 9 -29 10 -30 9 -29 8 -28 8 -27 7 -26 6 -26 6 -24 5 -25 5 -24 4 -24 3 -23 3 -22 2 -21 0 -21 0 -20 -1 -18 -2 -18 -4 0 0 0 0 0 0 0 0 0 0 0 0 0 0 0 0 0 0 0 0 0 0 -19 3 -18 1 -19 1 -19 0 -20 -1 -19 -1 -19 -1 -19 -1 -20 -1 -20 -2 -20 -3 -21 -3 -21 -3 -21 -4 -21 -3 -23 -2 -22 -2 -24 -2 -24 -2 -26 -1 -26 0 -28 0 -29 1 -30 2 -32 3 -32 4 ]
CSI_DATA,STA,E4:D1:24:F0:BE:00,-64,10,0,0,0,0,0,0,0,0,0,-97,0,5,0,6982997,0,399,0,0,7.37528,128,[-113 -15 24 0 17 26 18 26 19 26 19 26 20 26 20 26 20 25 20 25 19 26 18 25 18 25 17 25 16 25 14 24 14 23 12 23 12 24 11 23 10 22 9 22 8 21 7 20 5 19 4 19 2 18 0 0 0 0 0 0 0 0 0 0 0 0 0 0 0 0 0 0 0 0 0 0 3 19 2 19 1 19 1 19 0 19 -1 19 0 19 -1 19 -1 19 -2 19 -2 19 -1 19 -1 18 -2 19 -2 20 -2 20 -1 20 0 20 1 20 3 20 4 21 5 22 6 22 9 24 10 25 13 26 ]
CSI_DATA,STA,E4:D1:24:F0:BE:00,-61,10,0,0,0,0,0,0,0,0,0,-97,0,5,0,7085398,0,399,0,0,7.47772,128,[-113 -15 24 0 9 -30 7 -29 7 -29 6 -29 5 -28 4 -28 4 -28 4 -27 3 -27 4 -27 3 -26 4 -25 4 -24 4 -24 4 -22 5 -22 5 -21 6 -21 6 -20 6 -19 6 -18 7 -17 7 -16 8 -15 8 -14 0 0 0 0 0 0 0 0 0 0 0 0 0 0 0 0 0 0 0 0 0 0 2 -15 3 -14 4 -14 4 -14 5 -14 5 -14 6 -14 6 -15 7 -15 7 -15 8 -15 8 -16 10 -16 10 -16 10 -16 11 -18 11 -18 12 -19 11 -19 12 -20 11 -21 12 -22 12 -23 12 -25 12 -25 11 -28 ]
CSI_DATA,STA,E4:D1:24:F0:BE:00,-63,10,0,0,0,0,0,0,0,0,0,-97,0,5,0,7187800,0,399,0,0,7.58008,128,[-113 -15 24 0 6 -33 5 -32 5 -33 4 -32 4 -33 3 -33 4 -32 3 -33 2 -33 3 -32 4 -31 4 -32 4 -30 4 -31 5 -28 6 -28 6 -26 6 -26 7 -26 7 -24 7 -23 8 -22 9 -21 9 -20 11 -20 0 0 0 0 0 0 0 0 0 0 0 0 0 0 0 0 0 0 0 0 0 0 5 -20 6 -18 7 -19 8 -18 9 -18 9 -17 10 -18 10 -17 11 -18 11 -17 12 -17 13 -17 13 -17 14 -17 14 -17 14 -18 14 -16 14 -18 13 -18 13 -18 13 -20 12 -21 11 -23 11 -24 11 -26 11 -29 ]
CSI_DATA,STA,E4:D1:24:F0:BE:00,-63,10,0,0,0,0,0,0,0,0,0,-97,0,5,0,7290202,0,399,0,0,7.6825,128,[-113 -15 24 0 33 -1 33 -2 32 -2 32 -2 32 -3 31 -3 31 -3 30 -3 30 -2 29 -2 29 -1 28 0 27 0 26 0 24 0 24 2 23 2 22 2 21 3 21 3 19 3 19 4 18 4 17 5 16 5 0 0 0 0 0 0 0 0 0 0 0 0 0 0 0 0 0 0 0 0 0 0 15 3 15 3 15 4 15 5 16 5 15 5 16 5 15 5 16 6 16 6 16 6 16 7 17 7 17 7 18 7 18 7 18 6 19 7 20 6 21 5 21 5 24 4 24 3 26 3 29 2 31 1 ]
CSI_DATA,STA,E4:D1:24:F0:BE:00,-60,10,0,0,0,0,0,0,0,0,0,-97,0,5,0,7392604,0,399,0,0,7.7849,128,[-113 -15 24 0 -20 21 -19 21 -19 21 -19 21 -18 21 -18 20 -17 19 -17 19 -16 19 -16 19 -16 17 -16 17 -16 16 -15 15 -15 14 -15 14 -15 13 -15 12 -15 11 -14 11 -14 10 -14 9 -14 8 -14 7 -14 6 0 0 0 0 0 0 0 0 0 0 0 0 0 0 0 0 0 0 0 0 0 0 -10 10 -11 9 -11 9 -12 9 -13 8 -13 8 -13 8 -13 8 -14 8 -14 7 -15 8 -15 7 -16 7 -16 8 -16 8 -17 9 -17 9 -17 10 -18 10 -18 11 -18 12 -19 13 -19 14 -20 16 -21 17 -21 19 ]
CSI_DATA,STA,E4:D1:24:F0:BE:00,-61,10,0,0,0,0,0,0,0,0,0,-97,0,5,0,7495006,0,399,0,0,7.88716,128,[-113 -15 24 0 -13 32 -11 32 -11 31 -11 30 -9 30 -9 30 -8 29 -8 29 -9 27 -8 26 -8 26 -8 25 -8 24 -8 23 -8 21 -9 21 -9 20 -8 20 -9 18 -8 18 -8 17 -9 16 -9 15 -10 14 -11 12 0 0 0 0 0 0 0 0 0 0 0 0 0 0 0 0 0 0 0 0 0 0 -6 16 -7 15 -8 15 -9 15 -10 15 -10 15 -10 16 -11 16 -11 15 -11 15 -12 15 -12 15 -14 15 -14 16 -14 16 -15 18 -14 17 -14 19 -15 19 -15 21 -15 22 -15 24 -15 24 -16 26 -15 28 -15 30 ]
CSI_DATA,STA,E4:D1:24:F0:BE:00,-62,10,0,0,0,0,0,0,0,0,0,-97,0,5,0,7699810,0,399,0,0,8.09211,128,[-113 -15 24 0 31 -18 30 -19 30 -19 29 -18 28 -19 28 -19 27 -19 27 -19 27 -18 26 -17 26 -16 26 -16 25 -15 25 -15 23 -13 24 -12 23 -11 23 -11 23 -10 22 -9 22 -7 22 -7 21 -5 21 -4 20 -3 0 0 0 0 0 0 0 0 0 0 0 0 0 0 0 0 0 0 0 0 0 0 14 -8 14 -7 14 -6 14 -6 15 -6 15 -6 15 -6 16 -6 16 -6 18 -6 17 -5 18 -5 19 -6 20 -6 21 -5 22 -7 22 -6 23 -7 23 -7 24 -8 25 -9 26 -10 27 -11 28 -12 30 -13 30 -15 ]
CSI_DATA,STA,E4:D1:24:F0:BE:00,-62,10,0,0,0,0,0,0,0,0,0,-97,0,5,0,7802211,0,399,0,0,8.1946,128,[-113 -15 24 0 -9 29 -7 28 -7 28 -6 27 -6 26 -5 26 -4 26 -4 25 -4 25 -4 25 -4 24 -4 23 -4 22 -4 21 -4 20 -4 20 -4 20 -6 19 -6 18 -6 17 -6 16 -6 15 -6 15 -7 14 -8 12 0 0 0 0 0 0 0 0 0 0 0 0 0 0 0 0 0 0 0 0 0 0 0 17 -1 16 -2 16 -3 16 -4 16 -4 16 -4 17 -5 17 -5 17 -5 17 -6 17 -7 18 -8 18 -9 19 -9 19 -10 20 -11 20 -11 20 -11 21 -12 21 -12 22 -12 24 -12 25 -12 26 -12 27 -12 29 ]
CSI_DATA,STA,E4:D1:24:F0:BE:00,-61,10,0,0,0,0,0,0,0,0,0,-97,0,5,0,7904613,0,399,0,0,8.29693,128,[-113 -15 24 0 15 -34 14 -32 14 -32 12 -31 12 -31 12 -30 11 -29 11 -29 10 -28 10 -28 10 -26 9 -25 9 -23 10 -24 9 -21 9 -21 10 -20 10 -20 10 -19 10 -17 10 -17 10 -16 10 -15 11 -14 10 -14 0 0 0 0 0 0 0 0 0 0 0 0 0 0 0 0 0 0 0 0 0 0 6 -14 6 -14 7 -15 7 -15 8 -15 9 -15 9 -15 9 -16 10 -16 10 -16 11 -17 11 -17 13 -18 13 -18 13 -18 14 -20 14 -20 15 -21 15 -22 16 -22 16 -24 16 -26 16 -26 16 -28 17 -29 17 -31 ]
CSI_DATA,STA,E4:D1:24:F0:BE:00,-62,10,0,0,0,0,0,0,0,0,0,-97,0,5,0,8007015,0,399,0,0,8.39933,128,[-113 -15 24 0 -13 33 -12 32 -11 32 -10 30 -9 31 -8 30 -9 29 -8 29 -8 29 -8 28 -8 27 -8 26 -8 25 -7 24 -8 23 -8 23 -9 22 -9 21 -9 21 -9 20 -9 19 -10 18 -10 17 -11 16 -11 14 0 0 0 0 0 0 0 0 0 0 0 0 0 0 0 0 0 0 0 0 0 0 -6 13 -6 13 -6 13 -7 13 -7 13 -7 14 -8 15 -8 15 -8 15 -9 16 -9 16 -10 16 -11 16 -12 18 -13 18 -13 19 -14 20 -14 21 -14 21 -15 23 -15 23 -15 25 -15 26 -15 27 -15 29 -15 30 ]
CSI_DATA,STA,E4:D1:24:F0:BE:00,-62,10,0,0,0,0,0,0,0,0,0,-97,0,5,0,8109417,0,399,0,0,8.50172,128,[-113 -15 24 0 4 -35 3 -33 4 -34 3 -33 2 -32 1 -32 2 -30 2 -30 1 -30 1 -29 2 -28 2 -27 1 -26 2 -26 2 -24 3 -24 4 -24 3 -23 4 -22 4 -21 4 -20 5 -19 6 -19 6 -18 7 -18 0 0 0 0 0 0 0 0 0 0 0 0 0 0 0 0 0 0 0 0 0 0 1 -18 3 -17 3 -18 4 -17 4 -18 4 -17 4 -18 5 -18 5 -18 6 -18 6 -19 7 -19 8 -20 8 -21 8 -21 9 -21 8 -22 8 -24 9 -24 9 -25 8 -26 9 -27 8 -28 8 -30 9 -31 8 -34 ]
CSI_DATA,STA,E4:D1:24:F0:BE:00,-62,10,0,0,0,0,0,0,0,0,0,-97,0,5,0,8211819,0,399,0,0,8.60403,128,[-113 -15 24 0 -12 -33 -12 -33 -12 -31 -12 -31 -13 -30 -12 -29 -12 -28 -12 -28 -10 -27 -11 -27 -11 -25 -10 -24 -10 -23 -8 -23 -7 -22 -7 -21 -7 -21 -6 -21 -5 -20 -5 -19 -4 -19 -3 -18 -3 -17 -2 -17 -1 -17 0 0 0 0 0 0 0 0 0 0 0 0 0 0 0 0 0 0 0 0 0 0 -8 -17 -6 -17 -6 -17 -5 -18 -5 -18 -5 -18 -5 -18 -5 -19 -4 -19 -4 -20 -4 -20 -4 -20 -4 -22 -4 -22 -4 -23 -4 -24 -4 -25 -4 -26 -5 -27 -5 -28 -6 -28 -7 -30 -7 -31 -8 -33 -9 -34 -10 -35 ]
CSI_DATA,STA,E4:D1:24:F0:BE:00,-60,10,0,0,0,0,0,0,0,0,0,-97,0,5,0,8314221,0,399,0,0,8.70638,128,[-113 -15 24 0 30 18 29 16 29 15 28 14 29 13 28 12 27 12 27 11 26 11 26 10 25 10 24 10 23 10 23 10 21 9 21 10 20 10 19 10 18 10 17 11 16 10 15 11 14 11 13 11 11 11 0 0 0 0 0 0 0 0 0 0 0 0 0 0 0 0 0 0 0 0 0 0 15 7 14 8 14 9 14 9 14 10 14 11 14 11 14 11 15 12 15 13 14 13 15 13 16 14 16 15 16 15 17 17 17 16 18 18 19 17 20 18 21 18 23 19 24 19 26 19 27 19 28 20 ]
CSI_DATA,STA,E4:D1:24:F0:BE:00,-61,10,0,0,0,0,0,0,0,0,0,-97,0,5,0,8416623,0,399,0,0,8.8089,128,[-113 -15 24 0 18 30 17 29 18 28 17 27 18 26 18 26 17 25 16 24 15 24 15 23 14 23 13 22 13 22 12 21 11 20 10 20 9 20 8 19 7 19 6 18 6 17 5 18 4 17 3 16 1 16 0 0 0 0 0 0 0 0 0 0 0 0 0 0 0 0 0 0 0 0 0 0 9 13 8 14 7 15 7 14 7 15 7 16 7 16 7 17 7 17 6 17 6 18 6 19 7 20 6 20 7 21 7 22 7 23 8 24 8 23 9 25 10 25 11 26 11 28 12 28 14 30 15 31 ]
CSI_DATA,STA,E4:D1:24:F0:BE:00,-61,10,0,0,0,0,0,0,0,0,0,-97,0,5,0,8519024,0,399,0,0,8.91137,128,[-113 -15 24 0 18 -27 17 -26 17 -25 15 -25 14 -25 14 -26 13 -24 13 -24 12 -24 12 -23 12 -22 12 -21 11 -21 11 -20 10 -18 11 -18 11 -17 11 -16 11 -16 11 -15 11 -14 11 -13 11 -12 11 -11 11 -11 0 0 0 0 0 0 0 0 0 0 0 0 0 0 0 0 0 0 0 0 0 0 8 -16 9 -15 10 -15 10 -15 11 -15 11 -14 12 -14 12 -14 13 -14 12 -14 12 -14 13 -14 14 -14 14 -15 15 -15 16 -16 16 -16 17 -17 16 -18 17 -18 17 -19 18 -21 18 -22 19 -22 19 -24 21 -25 ]
CSI_DATA,STA,E4:D1:24:F0:BE:00,-63,10,0,0,0,0,0,0,0,0,0,-97,0,5,0,8621426,0,399,0,0,9.01374,128,[-113 -15 24 0 -22 -21 -22 -19 -22 -18 -22 -17 -22 -16 -22 -16 -21 -15 -21 -14 -21 -15 -21 -15 -21 -15 -20 -14 -19 -14 -18 -14 -17 -13 -17 -14 -16 -14 -15 -13 -14 -14 -13 -13 -13 -13 -12 -13 -11 -12 -10 -12 -10 -13 0 0 0 0 0 0 0 0 0 0 0 0 0 0 0 0 0 0 0 0 0 0 -13 -9 -13 -10 -13 -11 -12 -11 -12 -11 -12 -12 -12 -12 -11 -12 -12 -14 -11 -14 -11 -14 -11 -14 -11 -16 -12 -16 -11 -16 -12 -17 -12 -17 -12 -18 -13 -18 -13 -19 -15 -19 -15 -20 -15 -20 -17 -22 -18 -21 -19 -21 ]
CSI_DATA,STA,E4:D1:24:F0:BE:00,-62,10,0,0,0,0,0,0,0,0,0,-97,0,5,0,8723828,0,399,0,0,9.11613,128,[-113 -15 24 0 -35 -2 -34 -1 -33 0 -33 1 -32 1 -32 1 -31 2 -31 2 -30 2 -29 2 -29 2 -28 1 -27 1 -26 1 -25 0 -25 0 -24 0 -24 -1 -23 -2 -22 -2 -21 -3 -20 -3 -20 -4 -18 -4 -18 -6 0 0 0 0 0 0 0 0 0 0 0 0 0 0 0 0 0 0 0 0 0 0 -16 -1 -16 -1 -17 -2 -16 -3 -16 -3 -17 -3 -17 -4 -17 -4 -17 -4 -18 -4 -18 -4 -18 -4 -19 -5 -19 -5 -20 -5 -21 -6 -22 -6 -22 -6 -24 -6 -24 -6 -26 -5 -27 -6 -28 -5 -30 -5 -31 -4 -33 -3 ]
CSI_DATA,STA,E4:D1:24:F0:BE:00,-63,10,0,0,0,0,0,0,0,0,0,-97,0,5,0,8826229,0,399,0,0,9.21865,128,[-113 -15 24 0 -22 27 -20 27 -20 27 -19 26 -18 26 -18 27 -17 26 -17 25 -16 25 -16 24 -16 23 -16 22 -15 21 -15 20 -15 19 -14 18 -14 17 -15 16 -13 15 -14 15 -13 13 -13 12 -13 11 -12 11 -13 9 0 0 0 0 0 0 0 0 0 0 0 0 0 0 0 0 0 0 0 0 0 0 -10 9 -11 9 -11 9 -11 8 -11 9 -11 9 -11 9 -11 9 -12 10 -13 10 -12 10 -13 10 -13 10 -14 12 -15 12 -15 14 -16 13 -17 15 -17 15 -18 16 -18 17 -18 19 -20 19 -21 21 -21 23 -22 25 ]
CSI_DATA,STA,E4:D1:24:F0:BE:00,-62,10,0,0,0,0,0,0,0,0,0,-97,0,5,0,8928631,0,399,0,0,9.32085,128,[-113 -15 24 0 6 33 6 32 6 32 6 31 6 30 5 29 6 29 6 28 5 28 4 26 4 25 3 24 3 24 3 22 2 20 2 21 1 20 0 19 1 18 0 18 0 16 -1 16 -1 15 -1 14 -3 14 0 0 0 0 0 0 0 0 0 0 0 0 0 0 0 0 0 0 0 0 0 0 2 14 2 13 1 14 1 14 1 14 1 15 1 15 2 15 1 16 0 16 1 17 1 17 1 19 1 20 1 20 0 21 0 22 1 23 1 24 1 25 1 27 2 27 2 29 2 30 3 31 5 34 ]
CSI_DATA,STA,E4:D1:24:F0:BE:00,-61,10,0,0,0,0,0,0,0,0,0,-97,0,5,0,9031033,0,399,0,0,9.42327,128,[-113 -15 24 0 30 -5 28 -5 27 -5 27 -5 26 -5 25 -5 24 -5 23 -5 23 -4 21 -4 21 -4 20 -3 19 -3 18 -2 17 -2 16 -1 16 -1 15 -1 14 0 13 0 13 0 12 1 11 2 10 2 9 2 0 0 0 0 0 0 0 0 0 0 0 0 0 0 0 0 0 0 0 0 0 0 14 -3 13 -3 14 -2 14 -2 15 -2 15 -2 15 -2 16 -2 16 -2 17 -2 17 -2 18 -1 18 -1 19 -1 20 -1 21 -1 21 -1 22 -1 23 -2 23 -1 24 -2 26 -2 27 -3 28 -2 29 -3 30 -3 ]
CSI_DATA,STA,E4:D1:24:F0:BE:00,-61,10,0,0,0,0,0,0,0,0,0,-97,0,5,0,9133435,0,399,0,0,9.52562,128,[-113 -15 24 0 37 -4 36 -4 34 -4 32 -4 32 -5 31 -6 30 -5 29 -5 28 -5 27 -4 26 -4 25 -3 24 -3 23 -2 22 -2 21 -1 19 -1 19 -1 18 0 17 0 17 0 15 1 14 1 14 2 13 2 0 0 0 0 0 0 0 0 0 0 0 0 0 0 0 0 0 0 0 0 0 0 16 -4 16 -3 16 -3 17 -2 17 -2 18 -2 18 -2 18 -2 19 -2 20 -2 20 -1 21 -1 22 -1 23 -1 24 -1 25 -1 26 0 28 0 28 -1 29 -1 30 -1 32 -1 32 -1 35 -1 36 -2 38 -2 ]
CSI_DATA,STA,E4:D1:24:F0:BE:00,-62,10,0,0,0,0,0,0,0,0,0,-97,0,5,0,9235836,0,399,0,0,9.62815,128,[-113 -15 24 0 27 -11 26 -11 25 -11 24 -11 24 -12 23 -12 22 -11 22 -11 21 -10 20 -10 21 -9 20 -9 19 -8 18 -8 17 -7 17 -6 16 -6 16 -5 16 -5 15 -4 15 -4 14 -3 13 -2 12 -1 12 -1 0 0 0 0 0 0 0 0 0 0 0 0 0 0 0 0 0 0 0 0 0 0 13 -4 12 -3 13 -3 12 -3 13 -3 12 -3 13 -3 13 -3 14 -4 14 -3 14 -4 16 -3 17 -3 17 -3 18 -4 19 -4 19 -4 19 -4 21 -5 21 -5 22 -6 23 -6 24 -6 25 -7 26 -8 27 -9 ]
CSI_DATA,STA,E4:D1:24:F0:BE:00,-61,10,0,0,0,0,0,0,0,0,0,-97,0,5,0,9338238,0,399,0,0,9.73053,128,[-113 -15 24 0 -9 -34 -10 -32 -10 -31 -10 -30 -10 -29 -10 -28 -10 -27 -10 -27 -10 -26 -10 -25 -10 -24 -9 -23 -8 -22 -7 -21 -7 -20 -7 -20 -5 -19 -5 -19 -4 -19 -5 -17 -4 -17 -3 -16 -3 -15 -2 -14 -1 -15 0 0 0 0 0 0 0 0 0 0 0 0 0 0 0 0 0 0 0 0 0 0 -7 -17 -6 -17 -5 -17 -5 -17 -5 -18 -5 -19 -5 -19 -4 -20 -4 -20 -4 -21 -4 -20 -3 -21 -3 -23 -3 -23 -3 -24 -3 -25 -3 -26 -4 -27 -3 -28 -3 -28 -3 -29 -4 -31 -5 -31 -6 -32 -6 -34 -7 -36 ]
CSI_DATA,STA,E4:D1:24:F0:BE:00,-60,10,0,0,0,0,0,0,0,0,0,-97,0,5,0,9440640,0,399,0,0,9.83293,128,[-113 -15 24 0 -5 -38 -6 -38 -6 -36 -6 -35 -6 -34 -6 -33 -6 -31 -6 -31 -6 -31 -5 -29 -6 -28 -5 -27 -5 -26 -4 -25 -3 -24 -3 -24 -2 -23 -2 -22 -1 -21 0 -21 0 -20 0 -19 1 -18 2 -18 3 -18 0 0 0 0 0 0 0 0 0 0 0 0 0 0 0 0 0 0 0 0 0 0 -5 -16 -4 -17 -3 -17 -3 -18 -2 -18 -2 -18 -2 -18 -2 -19 -2 -20 -1 -20 -2 -20 -1 -22 -1 -23 -1 -24 -1 -24 -1 -26 -1 -27 -1 -28 0 -29 -1 -30 -2 -31 -1 -33 -2 -33 -3 -35 -3 -37 -4 -40 ]
CSI_DATA,STA,E4:D1:24:F0:BE:00,-62,10,0,0,0,0,0,0,0,0,0,-97,0,5,0,9543042,0,399,0,0,9.93535,128,[-113 -15 24 0 30 -10 29 -11 28 -10 28 -11 27 -11 27 -11 26 -10 25 -11 24 -10 23 -11 23 -10 22 -9 22 -9 21 -7 20 -7 20 -7 19 -6 18 -5 18 -4 18 -4 17 -3 16 -3 15 -2 14 -1 14 0 0 0 0 0 0 0 0 0 0 0 0 0 0 0 0 0 0 0 0 0 0 0 17 -7 18 -6 17 -5 17 -4 18 -3 18 -2 17 -3 18 -2 18 -1 18 -1 18 -1 18 -1 19 -2 20 -1 20 -1 20 -1 21 -1 22 -2 23 -2 23 -2 24 -4 26 -4 26 -5 27 -6 29 -7 30 -8 ]
CSI_DATA,STA,E4:D1:24:F0:BE:00,-62,10,0,0,0,0,0,0,0,0,0,-97,0,5,0,9645444,0,399,0,0,10.0378,128,[-113 -15 24 0 -30 -10 -29 -9 -28 -7 -28 -7 -27 -6 -26 -6 -26 -5 -26 -5 -24 -5 -24 -4 -23 -4 -23 -4 -22 -4 -21 -4 -19 -4 -19 -5 -18 -4 -18 -5 -17 -5 -17 -5 -16 -6 -15 -5 -14 -6 -14 -6 -13 -8 0 0 0 0 0 0 0 0 0 0 0 0 0 0 0 0 0 0 0 0 0 0 -18 -5 -18 -6 -18 -7 -17 -7 -16 -8 -16 -8 -16 -8 -17 -9 -16 -9 -16 -9 -16 -9 -17 -10 -17 -10 -18 -10 -18 -11 -19 -11 -20 -11 -20 -11 -21 -12 -22 -12 -22 -11 -24 -12 -25 -11 -26 -11 -28 -12 -29 -11 ]
CSI_DATA,STA,E4:D1:24:F0:BE:00,-62,10,0,0,0,0,0,0,0,0,0,-97,0,5,0,9747846,0,399,0,0,10.14,128,[-113 -15 24 0 -32 9 -31 10 -29 10 -29 11 -28 12 -29 12 -27 12 -27 12 -26 12 -25 11 -26 11 -25 10 -25 9 -24 9 -23 7 -22 7 -21 6 -22 5 -21 5 -20 4 -20 3 -19 2 -18 2 -17 1 -17 -1 0 0 0 0 0 0 0 0 0 0 0 0 0 0 0 0 0 0 0 0 0 0 -19 4 -19 2 -19 1 -20 1 -20 0 -20 0 -20 -1 -20 -1 -20 -1 -20 -1 -20 -2 -20 -2 -22 -2 -22 -2 -23 -1 -23 -1 -23 -2 -25 -2 -25 -1 -25 0 -27 1 -28 1 -28 2 -30 4 -30 5 -32 6 ]
CSI_DATA,STA,E4:D1:24:F0:BE:00,-61,10,0,0,0,0,0,0,0,0,0,-97,0,5,0,9850248,0,399,0,0,10.2426,128,[-113 -15 24 0 -9 -34 -10 -32 -10 -31 -10 -30 -12 -29 -11 -29 -11 -28 -11 -28 -11 -28 -11 -27 -11 -26 -10 -25 -9 -25 -8 -24 -7 -22 -7 -22 -6 -22 -5 -22 -4 -20 -4 -20 -3 -19 -3 -18 -2 -17 -1 -17 0 -17 0 0 0 0 0 0 0 0 0 0 0 0 0 0 0 0 0 0 0 0 0 0 -9 -20 -7 -20 -6 -21 -5 -20 -4 -21 -4 -21 -4 -21 -2 -22 -2 -23 -2 -23 -1 -22 -1 -23 0 -24 -1 -25 0 -25 0 -26 -1 -26 0 -27 0 -27 -1 -28 -1 -29 -1 -31 -2 -32 -3 -31 -4 -33 -5 -34 ]
CSI_DATA,STA,E4:D1:24:F0:BE:00,-62,10,0,0,0,0,0,0,0,0,0,-97,0,5,0,9952649,0,399,0,0,10.345,128,[-113 -15 24 0 22 24 22 21 24 21 22 19 23 19 23 18 23 18 22 18 23 17 22 17 22 16 21 17 20 16 19 16 17 16 17 16 16 16 16 15 14 15 13 16 13 15 12 15 10 15 9 15 7 14 0 0 0 0 0 0 0 0 0 0 0 0 0 0 0 0 0 0 0 0 0 0 15 13 13 14 13 14 12 15 11 16 11 15 11 16 11 17 11 17 11 18 10 18 11 19 10 20 10 20 10 21 10 22 10 22 11 23 11 23 12 23 12 23 14 25 15 25 15 25 17 25 18 26 ]
CSI_DATA,STA,E4:D1:24:F0:BE:00,-61,10,0,0,0,0,0,0,0,0,0,-97,0,5,0,10055051,0,399,0,0,10.4473,128,[-113 -15 24 0 -30 -16 -30 -15 -28 -13 -28 -12 -28 -11 -27 -11 -26 -11 -26 -10 -25 -10 -25 -10 -24 -9 -23 -9 -22 -9 -21 -9 -20 -9 -19 -9 -18 -10 -18 -9 -16 -9 -16 -10 -15 -10 -13 -9 -13 -10 -12 -9 -11 -11 0 0 0 0 0 0 0 0 0 0 0 0 0 0 0 0 0 0 0 0 0 0 -17 -8 -16 -8 -16 -9 -16 -10 -16 -10 -16 -11 -16 -11 -17 -12 -16 -12 -16 -13 -16 -12 -17 -13 -17 -14 -18 -15 -18 -15 -19 -15 -19 -16 -20 -17 -20 -16 -21 -17 -23 -17 -23 -18 -24 -18 -26 -18 -27 -18 -29 -18 ]
CSI_DATA,STA,E4:D1:24:F0:BE:00,-61,10,0,0,0,0,0,0,0,0,0,-97,0,5,0,10157453,0,399,0,0,10.5498,128,[-113 -15 24 0 32 6 31 4 30 3 30 3 30 2 30 1 29 1 28 1 27 1 27 1 26 1 25 2 24 2 23 2 22 3 22 3 21 4 20 4 19 4 18 4 17 4 16 5 15 5 14 6 13 6 0 0 0 0 0 0 0 0 0 0 0 0 0 0 0 0 0 0 0 0 0 0 16 1 16 2 16 3 16 3 16 4 16 4 16 5 17 5 17 6 17 7 17 7 18 7 18 8 19 9 19 9 20 9 21 10 21 10 22 10 23 10 24 10 26 10 26 9 28 9 29 9 31 9 ]
CSI_DATA,STA,E4:D1:24:F0:BE:00,-63,10,0,0,0,0,0,0,0,0,0,-97,0,5,0,10259855,0,399,0,0,10.6521,128,[-113 -15 24 0 -29 -11 -29 -9 -28 -9 -28 -8 -28 -7 -28 -7 -28 -7 -27 -6 -27 -7 -26 -6 -26 -7 -25 -7 -24 -7 -23 -7 -21 -7 -21 -7 -20 -8 -19 -8 -19 -8 -18 -9 -16 -8 -15 -8 -15 -8 -13 -9 -13 -10 0 0 0 0 0 0 0 0 0 0 0 0 0 0 0 0 0 0 0 0 0 0 -20 -8 -19 -9 -18 -10 -18 -10 -18 -11 -18 -12 -18 -11 -18 -12 -17 -12 -17 -13 -17 -13 -17 -14 -17 -15 -18 -15 -18 -16 -19 -16 -19 -16 -19 -16 -20 -17 -20 -16 -21 -17 -22 -16 -22 -16 -23 -16 -25 -15 -26 -14 ]
CSI_DATA,STA,E4:D1:24:F0:BE:00,-62,10,0,0,0,0,0,0,0,0,0,-97,0,5,0,10362257,0,399,0,0,10.7545,128,[-113 -15 24 0 -25 -25 -25 -23 -24 -23 -24 -21 -24 -21 -24 -20 -23 -20 -22 -19 -22 -19 -20 -18 -20 -18 -20 -18 -18 -17 -18 -16 -16 -16 -16 -16 -15 -16 -14 -16 -13 -15 -12 -15 -11 -15 -10 -14 -9 -13 -8 -13 -7 -13 0 0 0 0 0 0 0 0 0 0 0 0 0 0 0 0 0 0 0 0 0 0 -14 -13 -13 -14 -13 -14 -12 -14 -12 -15 -12 -15 -12 -16 -12 -16 -12 -16 -12 -17 -12 -17 -12 -17 -12 -18 -13 -19 -12 -20 -14 -21 -13 -20 -14 -22 -15 -22 -16 -22 -17 -23 -18 -23 -19 -24 -20 -24 -21 -26 -22 -27 ]
CSI_DATA,STA,E4:D1:24:F0:BE:00,-63,10,0,0,0,0,0,0,0,0,0,-97,0,5,0,10464659,0,399,0,0,10.8568,128,[-113 -15 24 0 29 -17 29 -18 29 -17 28 -17 28 -18 27 -17 27 -17 26 -17 26 -17 26 -17 25 -16 24 -15 24 -14 24 -13 22 -12 23 -12 22 -11 22 -9 21 -8 21 -7 20 -6 19 -5 19 -4 18 -2 17 -2 0 0 0 0 0 0 0 0 0 0 0 0 0 0 0 0 0 0 0 0 0 0 18 -5 18 -4 18 -4 18 -3 18 -3 18 -3 18 -2 18 -3 18 -2 17 -2 18 -2 19 -2 19 -2 20 -2 20 -2 20 -3 21 -4 21 -4 22 -4 23 -4 24 -6 24 -7 25 -7 26 -9 27 -11 29 -12 ]
CSI_DATA,STA,E4:D1:24:F0:BE:00,-63,10,0,0,0,0,0,0,0,0,0,-97,0,5,0,10567061,0,399,0,0,10.9593,128,[-113 -15 24 0 -27 19 -27 19 -25 20 -24 20 -24 21 -23 21 -22 20 -22 21 -22 21 -22 20 -21 19 -21 18 -20 17 -20 17 -19 15 -19 15 -20 14 -19 13 -19 13 -19 12 -19 11 -18 9 -18 9 -17 8 -19 5 0 0 0 0 0 0 0 0 0 0 0 0 0 0 0 0 0 0 0 0 0 0 -18 12 -18 10 -18 9 -18 8 -19 8 -19 7 -20 7 -19 6 -19 6 -20 6 -20 5 -21 5 -21 5 -21 5 -22 5 -23 5 -22 6 -23 6 -24 7 -25 7 -25 8 -26 8 -26 10 -28 11 -27 12 -28 14 ]
CSI_DATA,STA,E4:D1:24:F0:BE:00,-62,10,0,0,0,0,0,0,0,0,0,-97,0,5,0,10669462,0,399,0,0,11.0617,128,[-113 -15 24 0 -21 -29 -20 -28 -20 -28 -20 -27 -20 -27 -19 -26 -20 -26 -19 -26 -18 -25 -19 -25 -17 -24 -16 -24 -16 -24 -14 -23 -13 -23 -12 -22 -11 -23 -10 -22 -10 -21 -8 -21 -7 -20 -7 -19 -6 -19 -4 -17 -3 -18 0 0 0 0 0 0 0 0 0 0 0 0 0 0 0 0 0 0 0 0 0 0 -7 -20 -6 -20 -5 -20 -4 -19 -4 -19 -4 -19 -4 -19 -4 -19 -4 -19 -4 -18 -4 -19 -4 -20 -5 -20 -4 -20 -6 -21 -6 -21 -6 -22 -7 -23 -7 -23 -8 -24 -9 -25 -10 -25 -12 -26 -13 -27 -15 -28 -16 -30 ]
CSI_DATA,STA,E4:D1:24:F0:BE:00,-62,10,0,0,0,0,0,0,0,0,0,-97,0,5,0,10771864,0,399,0,0,11.1642,128,[-113 -15 24 0 15 29 15 27 15 26 15 25 16 25 15 25 15 23 15 24 15 23 14 22 14 22 13 21 12 21 10 20 11 19 10 19 9 18 8 18 8 17 7 17 6 17 6 16 5 16 4 16 2 15 0 0 0 0 0 0 0 0 0 0 0 0 0 0 0 0 0 0 0 0 0 0 9 14 8 14 7 15 6 15 6 15 5 15 5 16 5 16 4 16 5 16 4 16 5 17 4 18 5 18 5 19 5 20 5 20 5 21 6 22 6 23 8 23 8 24 9 24 10 26 11 27 13 29 ]
CSI_DATA,STA,E4:D1:24:F0:BE:00,-62,10,0,0,0,0,0,0,0,0,0,-97,0,5,0,10874266,0,399,0,0,11.2666,128,[-113 -15 24 0 26 -18 25 -17 24 -17 23 -17 23 -16 22 -16 21 -15 21 -16 20 -15 20 -15 18 -14 18 -13 17 -12 17 -12 16 -11 16 -10 15 -10 15 -8 14 -8 13 -7 13 -7 12 -6 12 -6 11 -5 11 -5 0 0 0 0 0 0 0 0 0 0 0 0 0 0 0 0 0 0 0 0 0 0 15 -9 14 -8 15 -7 15 -6 15 -6 15 -6 15 -6 15 -6 15 -6 15 -6 15 -6 16 -6 16 -6 17 -6 17 -7 18 -8 19 -8 20 -9 20 -10 21 -10 21 -11 23 -12 23 -13 25 -14 26 -15 27 -16 ]
CSI_DATA,STA,E4:D1:24:F0:BE:00,-61,10,0,0,0,0,0,0,0,0,0,-97,0,5,0,10976668,0,399,0,0,11.369,128,[-113 -15 24 0 -24 -27 -24 -25 -24 -24 -25 -23 -25 -22 -25 -22 -24 -21 -23 -21 -23 -20 -23 -19 -22 -19 -21 -19 -20 -18 -19 -18 -18 -18 -17 -17 -16 -17 -16 -17 -15 -17 -14 -16 -13 -16 -13 -16 -12 -16 -10 -16 -10 -17 0 0 0 0 0 0 0 0 0 0 0 0 0 0 0 0 0 0 0 0 0 0 -14 -15 -13 -15 -12 -16 -11 -16 -10 -16 -10 -17 -10 -17 -10 -17 -10 -17 -10 -18 -9 -18 -10 -18 -10 -19 -11 -20 -10 -21 -11 -22 -11 -22 -12 -23 -13 -23 -14 -24 -15 -24 -15 -26 -16 -26 -18 -26 -20 -27 -21 -28 ]
CSI_DATA,STA,E4:D1:24:F0:BE:00,-63,10,0,0,0,0,0,0,0,0,0,-97,0,5,0,11079070,0,399,0,0,11.4712,128,[-113 -15 24 0 32 -6 32 -7 29 -8 30 -8 28 -9 28 -9 27 -9 26 -9 26 -9 26 -9 25 -8 24 -8 23 -7 22 -6 21 -5 21 -5 19 -4 20 -4 19 -3 18 -3 17 -3 16 -2 15 -1 15 -1 14 -1 0 0 0 0 0 0 0 0 0 0 0 0 0 0 0 0 0 0 0 0 0 0 17 -7 18 -6 17 -5 17 -5 17 -4 18 -4 17 -3 18 -3 18 -2 18 -3 19 -3 20 -2 21 -3 21 -2 23 -2 22 -2 23 -1 25 -2 26 -2 27 -2 28 -2 29 -1 29 -3 31 -3 32 -3 33 -5 ]
CSI_DATA,STA,E4:D1:24:F0:BE:00,-63,10,0,0,0,0,0,0,0,0,0,-97,0,5,0,11181472,0,399,0,0,11.5736,128,[-113 -15 24 0 -25 22 -24 22 -23 22 -22 21 -21 22 -21 22 -20 21 -20 21 -20 21 -19 20 -19 20 -19 18 -18 18 -18 17 -17 16 -17 16 -17 15 -17 14 -16 13 -16 13 -16 11 -15 11 -14 10 -15 9 -15 8 0 0 0 0 0 0 0 0 0 0 0 0 0 0 0 0 0 0 0 0 0 0 -13 11 -13 10 -14 9 -14 9 -15 9 -14 8 -15 8 -15 8 -15 8 -15 8 -16 8 -16 8 -17 9 -18 9 -18 9 -18 10 -19 10 -20 10 -21 11 -21 11 -22 12 -23 13 -23 15 -24 16 -25 18 -25 20 ]
CSI_DATA,STA,E4:D1:24:F0:BE:00,-64,10,0,0,0,0,0,0,0,0,0,-97,0,5,0,11283874,0,399,0,0,11.6761,128,[-113 -15 24 0 4 27 5 27 5 27 5 26 6 26 6 26 5 26 6 25 5 25 4 24 4 24 3 23 3 23 3 22 2 20 1 20 2 20 1 19 0 18 0 18 0 17 -1 16 -1 15 -2 15 -3 13 0 0 0 0 0 0 0 0 0 0 0 0 0 0 0 0 0 0 0 0 0 0 1 15 1 15 0 14 0 14 -1 14 0 14 -1 15 0 15 0 15 -2 15 -1 15 -2 16 -2 16 -2 17 -2 18 -2 19 -2 19 -2 19 -2 20 -2 21 -1 22 -1 22 -2 23 0 25 -1 26 0 27 ]
CSI_DATA,STA,E4:D1:24:F0:BE:00,-63,10,0,0,0,0,0,0,0,0,0,-97,0,5,0,11386275,0,399,0,0,11.7786,128,[-113 -15 24 0 14 28 12 28 14 27 14 28 14 27 14 27 14 26 14 26 12 26 12 25 12 25 11 24 10 24 9 23 8 22 8 22 7 22 6 21 5 20 4 19 4 18 2 18 2 17 1 16 -1 16 0 0 0 0 0 0 0 0 0 0 0 0 0 0 0 0 0 0 0 0 0 0 0 13 -1 12 -1 12 -1 13 -1 12 -1 12 0 12 0 12 0 12 0 12 0 13 0 13 1 14 1 15 2 15 2 17 2 17 3 18 3 18 4 19 4 20 6 22 7 23 8 24 9 26 10 28 ]
CSI_DATA,STA,E4:D1:24:F0:BE:00,-62,10,0,0,0,0,0,0,0,0,0,-97,0,5,0,11488677,0,399,0,0,11.881,128,[-113 -15 24 0 -22 -28 -23 -27 -22 -26 -22 -26 -22 -25 -22 -25 -21 -25 -21 -24 -20 -24 -19 -24 -19 -24 -18 -23 -17 -22 -15 -22 -15 -21 -14 -21 -13 -21 -12 -21 -11 -20 -10 -19 -9 -19 -8 -18 -7 -17 -6 -17 -5 -18 0 0 0 0 0 0 0 0 0 0 0 0 0 0 0 0 0 0 0 0 0 0 -10 -13 -9 -13 -8 -13 -8 -13 -8 -14 -8 -14 -8 -14 -8 -15 -8 -15 -8 -15 -8 -16 -8 -17 -9 -17 -9 -18 -9 -19 -9 -20 -10 -20 -11 -21 -11 -22 -12 -23 -13 -23 -13 -24 -14 -25 -15 -27 -17 -28 -18 -28 ]
CSI_DATA,STA,E4:D1:24:F0:BE:00,-63,10,0,0,0,0,0,0,0,0,0,-97,0,5,0,11591079,0,399,0,0,11.9834,128,[-113 -15 24 0 30 0 29 -1 28 -2 28 -2 28 -2 28 -3 27 -2 26 -3 26 -3 25 -2 25 -2 24 -2 23 -1 23 0 22 -1 21 0 20 1 19 1 18 1 18 2 16 2 16 3 15 3 14 4 13 4 0 0 0 0 0 0 0 0 0 0 0 0 0 0 0 0 0 0 0 0 0 0 18 -1 17 1 17 2 16 2 17 3 16 3 17 3 16 4 17 4 16 5 17 4 17 5 18 5 18 6 18 5 19 6 19 5 20 6 21 6 22 6 23 5 24 5 24 4 26 4 27 4 29 3 ]
CSI_DATA,STA,E4:D1:24:F0:BE:00,-61,10,0,0,0,0,0,0,0,0,0,-97,0,5,0,11693481,0,399,0,0,12.0858,128,[-113 -15 24 0 10 33 10 33 11 32 11 31 10 31 11 30 11 29 10 28 9 27 10 27 9 25 8 25 7 24 6 23 5 22 5 22 4 22 3 21 2 20 2 19 1 18 0 18 -1 17 -1 16 -3 15 0 0 0 0 0 0 0 0 0 0 0 0 0 0 0 0 0 0 0 0 0 0 3 16 3 15 2 16 1 16 1 16 1 15 1 16 1 16 1 17 1 17 1 17 1 18 1 19 1 19 1 20 1 21 1 22 2 23 3 24 3 25 4 26 4 27 5 29 6 30 7 32 9 34 ]
CSI_DATA,STA,E4:D1:24:F0:BE:00,-62,10,0,0,0,0,0,0,0,0,0,-97,0,5,0,11795883,0,399,0,0,12.1882,128,[-113 -15 24 0 34 5 35 4 34 3 35 2 34 2 34 1 33 1 32 0 31 0 31 0 30 0 29 1 28 2 27 1 26 3 25 3 25 4 25 4 23 5 22 5 21 5 20 6 19 6 18 7 16 7 0 0 0 0 0 0 0 0 0 0 0 0 0 0 0 0 0 0 0 0 0 0 18 2 18 4 17 5 17 4 17 6 17 5 17 6 17 6 16 7 16 7 16 6 17 7 18 7 19 8 20 8 19 8 21 8 21 9 23 9 24 9 25 9 27 8 27 8 30 8 31 8 34 8 ]
CSI_DATA,STA,E4:D1:24:F0:BE:00,-63,10,0,0,0,0,0,0,0,0,0,-97,0,5,0,11898286,0,399,0,0,12.2906,128,[-113 -15 24 0 -3 29 -2 29 -1 28 0 29 1 28 1 28 1 27 1 27 1 27 1 27 1 26 1 25 0 24 1 24 0 23 -1 22 -1 22 -2 21 -3 20 -3 20 -3 18 -4 17 -4 17 -5 16 -7 15 0 0 0 0 0 0 0 0 0 0 0 0 0 0 0 0 0 0 0 0 0 0 -1 18 -2 18 -4 17 -4 17 -5 17 -5 17 -5 17 -6 16 -6 16 -7 16 -7 16 -7 16 -8 17 -8 17 -8 17 -8 18 -8 18 -8 19 -8 20 -7 21 -8 21 -7 23 -7 25 -7 25 -6 27 -6 29 ]
CSI_DATA,STA,E4:D1:24:F0:BE:00,-63,10,0,0,0,0,0,0,0,0,0,-97,0,5,0,12000688,0,399,0,0,12.3929,128,[-113 -15 24 0 9 27 9 27 10 26 10 25 11 25 10 24 10 23 10 24 9 23 9 23 8 22 8 21 7 21 6 20 6 20 5 20 4 19 4 19 3 18 3 18 2 17 1 16 1 16 0 15 -3 15 0 0 0 0 0 0 0 0 0 0 0 0 0 0 0 0 0 0 0 0 0 0 4 17 3 17 2 17 1 17 0 17 1 18 0 18 1 18 1 18 0 17 0 18 0 19 0 19 0 20 0 20 0 20 0 21 1 21 1 22 1 23 3 23 3 24 4 25 4 25 6 27 7 29 ]
CSI_DATA,STA,E4:D1:24:F0:BE:00,-63,10,0,0,0,0,0,0,0,0,0,-97,0,5,0,12103089,0,399,0,0,12.4954,128,[-113 -15 24 0 -29 -5 -30 -3 -28 -2 -29 -2 -28 -1 -28 -1 -26 -1 -27 -1 -26 -2 -26 -2 -25 -2 -24 -3 -24 -2 -22 -3 -21 -4 -20 -3 -20 -4 -20 -5 -18 -5 -18 -5 -17 -6 -16 -5 -15 -6 -14 -7 -14 -8 0 0 0 0 0 0 0 0 0 0 0 0 0 0 0 0 0 0 0 0 0 0 -19 -4 -18 -5 -18 -7 -17 -7 -17 -8 -18 -8 -17 -8 -17 -9 -16 -9 -17 -9 -17 -9 -17 -9 -18 -9 -18 -9 -19 -10 -19 -9 -19 -10 -20 -10 -21 -10 -21 -10 -22 -9 -23 -9 -24 -8 -26 -8 -27 -6 -28 -6 ]
CSI_DATA,STA,E4:D1:24:F0:BE:00,-61,10,0,0,0,0,0,0,0,0,0,-97,0,5,0,12205491,0,399,0,0,12.5978,128,[-113 -15 24 0 -23 -26 -24 -24 -23 -23 -23 -22 -23 -22 -24 -21 -23 -20 -23 -20 -21 -20 -21 -19 -21 -19 -21 -19 -20 -18 -18 -18 -17 -17 -16 -18 -16 -17 -14 -18 -14 -17 -13 -17 -11 -17 -11 -16 -10 -16 -9 -16 -8 -16 0 0 0 0 0 0 0 0 0 0 0 0 0 0 0 0 0 0 0 0 0 0 -13 -14 -11 -15 -11 -16 -10 -16 -9 -17 -9 -17 -9 -17 -9 -18 -8 -18 -8 -18 -8 -18 -8 -19 -9 -20 -8 -21 -8 -21 -8 -22 -9 -21 -9 -22 -10 -23 -11 -23 -12 -23 -14 -25 -15 -25 -17 -25 -18 -26 -19 -27 ]
CSI_DATA,STA,E4:D1:24:F0:BE:00,-62,10,0,0,0,0,0,0,0,0,0,-97,0,5,0,12307893,0,399,0,0,12.7002,128,[-113 -15 24 0 -30 -7 -29 -6 -29 -5 -29 -4 -29 -2 -30 -2 -28 -2 -29 -2 -29 -2 -28 -3 -28 -3 -27 -3 -27 -3 -26 -3 -24 -4 -24 -4 -24 -5 -23 -5 -22 -6 -21 -6 -21 -7 -20 -7 -19 -8 -17 -8 -17 -10 0 0 0 0 0 0 0 0 0 0 0 0 0 0 0 0 0 0 0 0 0 0 -18 -6 -17 -7 -17 -8 -16 -8 -16 -9 -16 -10 -16 -9 -15 -10 -16 -10 -15 -10 -15 -11 -15 -11 -16 -12 -16 -12 -16 -13 -17 -13 -17 -12 -17 -13 -18 -13 -19 -13 -21 -13 -22 -12 -22 -11 -24 -12 -25 -11 -27 -11 ]
CSI_DATA,STA,E4:D1:24:F0:BE:00,-63,10,0,0,0,0,0,0,0,0,0,-97,0,5,0,12410295,0,399,0,0,12.8026,128,[-113 -15 24 0 -9 -32 -10 -32 -11 -31 -11 -32 -12 -31 -12 -31 -11 -31 -12 -31 -11 -32 -11 -31 -11 -30 -10 -30 -9 -29 -8 -28 -8 -28 -7 -27 -5 -28 -5 -27 -4 -26 -4 -26 -2 -25 -1 -24 0 -24 2 -23 2 -22 0 0 0 0 0 0 0 0 0 0 0 0 0 0 0 0 0 0 0 0 0 0 0 -21 1 -20 2 -20 3 -20 3 -19 3 -20 3 -19 4 -19 3 -20 4 -20 4 -19 5 -20 5 -20 4 -21 5 -21 4 -22 4 -22 4 -22 3 -23 2 -23 2 -24 1 -25 -1 -26 -1 -28 -3 -28 -4 -32 ]
CSI_DATA,STA,E4:D1:24:F0:BE:00,-61,10,0,0,0,0,0,0,0,0,0,-97,0,5,0,12512697,0,399,0,0,12.905,128,[-113 -15 24 0 -29 12 -27 13 -26 13 -25 13 -24 13 -24 13 -23 13 -22 14 -22 13 -21 13 -21 12 -21 12 -20 11 -19 11 -18 10 -18 9 -19 8 -19 8 -18 7 -18 7 -17 5 -17 4 -17 4 -16 3 -17 1 0 0 0 0 0 0 0 0 0 0 0 0 0 0 0 0 0 0 0 0 0 0 -16 7 -17 6 -17 5 -17 4 -18 4 -17 3 -18 3 -18 2 -19 3 -19 2 -19 2 -19 1 -20 2 -21 2 -21 2 -22 2 -22 3 -23 3 -24 3 -24 4 -25 4 -27 6 -27 6 -28 7 -30 8 -30 9 ]
CSI_DATA,STA,E4:D1:24:F0:BE:00,-59,10,0,0,0,0,0,0,0,0,0,-97,0,5,0,12615099,0,399,0,0,13.0073,128,[-113 -15 24 0 -22 -33 -22 -31 -21 -30 -21 -29 -21 -27 -21 -27 -20 -26 -20 -26 -19 -25 -19 -23 -19 -24 -18 -23 -17 -22 -16 -21 -14 -21 -14 -21 -13 -20 -12 -21 -11 -20 -10 -19 -9 -20 -8 -19 -7 -19 -6 -18 -5 -18 0 0 0 0 0 0 0 0 0 0 0 0 0 0 0 0 0 0 0 0 0 0 -12 -14 -11 -15 -10 -16 -10 -16 -9 -17 -9 -17 -9 -18 -9 -18 -8 -19 -9 -20 -8 -20 -8 -21 -8 -22 -9 -23 -9 -24 -9 -24 -10 -25 -10 -27 -11 -27 -11 -27 -13 -28 -13 -30 -15 -30 -16 -32 -17 -33 -19 -35 ]
CSI_DATA,STA,E4:D1:24:F0:BE:00,-60,10,0,0,0,0,0,0,0,0,0,-97,0,5,0,12717501,0,399,0,0,13.1097,128,[-113 -15 24 0 -5 29 -4 29 -3 28 -3 27 -2 26 -2 26 -1 25 -2 24 -2 23 -2 23 -2 22 -2 21 -2 20 -2 19 -3 18 -3 18 -3 17 -4 17 -4 16 -4 15 -4 14 -5 14 -5 13 -6 12 -7 11 0 0 0 0 0 0 0 0 0 0 0 0 0 0 0 0 0 0 0 0 0 0 -1 14 -2 14 -3 14 -4 14 -4 14 -5 14 -5 15 -5 15 -6 15 -6 15 -6 15 -7 15 -7 16 -8 16 -8 17 -8 18 -8 18 -9 19 -8 20 -8 21 -8 22 -8 23 -7 25 -7 25 -7 27 -7 29 ]
CSI_DATA,STA,E4:D1:24:F0:BE:00,-60,10,0,0,0,0,0,0,0,0,0,-97,0,5,0,12819903,0,399,0,0,13.2123,128,[-113 -15 24 0 23 -17 23 -17 22 -18 21 -17 20 -17 20 -17 20 -16 18 -16 19 -16 18 -15 18 -15 17 -14 17 -13 16 -12 15 -11 16 -10 16 -10 15 -9 15 -8 14 -7 14 -7 13 -6 13 -5 13 -4 12 -3 0 0 0 0 0 0 0 0 0 0 0 0 0 0 0 0 0 0 0 0 0 0 12 -10 13 -9 13 -8 13 -8 14 -7 15 -7 15 -6 16 -6 16 -6 16 -5 16 -4 17 -5 18 -5 18 -4 18 -5 18 -5 19 -5 19 -6 20 -6 20 -7 20 -8 21 -9 22 -10 23 -11 24 -12 24 -14 ]
CSI_DATA,STA,E4:D1:24:F0:BE:00,-61,10,0,0,0,0,0,0,0,0,0,-97,0,5,0,12922304,0,399,0,0,13.3146,128,[-113 -15 24 0 23 25 23 23 23 23 23 22 23 21 23 20 23 20 22 19 22 20 21 20 20 19 20 19 19 19 18 18 16 18 16 18 15 18 14 18 13 17 12 17 12 17 10 17 9 17 8 17 6 17 0 0 0 0 0 0 0 0 0 0 0 0 0 0 0 0 0 0 0 0 0 0 9 11 8 11 7 11 6 12 6 12 7 13 6 13 6 13 7 14 6 14 6 14 6 15 7 16 7 17 7 17 7 18 7 18 8 19 9 19 10 21 11 21 13 22 14 23 15 24 17 24 18 25 ]
CSI_DATA,STA,E4:D1:24:F0:BE:00,-59,10,0,0,0,0,0,0,0,0,0,-97,0,5,0,13024706,0,399,0,0,13.417,128,[-113 -15 24 0 -7 34 -5 33 -4 32 -3 32 -1 31 -1 30 0 30 0 29 0 29 0 28 0 27 0 26 -1 26 -1 24 -1 24 -2 23 -2 23 -2 22 -2 21 -3 20 -4 19 -4 18 -5 18 -6 17 -7 16 0 0 0 0 0 0 0 0 0 0 0 0 0 0 0 0 0 0 0 0 0 0 3 17 2 17 0 17 -1 18 -2 17 -2 18 -3 18 -4 19 -5 20 -6 20 -6 20 -7 20 -8 21 -9 22 -9 22 -10 23 -11 24 -11 25 -11 25 -11 27 -11 27 -11 29 -11 30 -11 31 -11 33 -10 34 ]
CSI_DATA,STA,E4:D1:24:F0:BE:00,-60,10,0,0,0,0,0,0,0,0,0,-97,0,5,0,13127108,0,399,0,0,13.5194,128,[-113 -15 24 0 -32 -8 -31 -7 -30 -6 -30 -5 -30 -4 -29 -4 -29 -4 -29 -3 -28 -4 -27 -4 -27 -4 -26 -4 -25 -4 -23 -4 -22 -4 -22 -5 -22 -5 -21 -6 -20 -6 -19 -6 -18 -7 -17 -7 -16 -8 -15 -9 -15 -9 0 0 0 0 0 0 0 0 0 0 0 0 0 0 0 0 0 0 0 0 0 0 -18 -7 -18 -8 -17 -9 -17 -10 -17 -10 -17 -10 -17 -11 -16 -12 -17 -11 -17 -12 -16 -12 -17 -13 -17 -13 -17 -13 -18 -14 -19 -14 -19 -14 -20 -14 -21 -14 -21 -13 -23 -13 -24 -13 -25 -13 -27 -13 -28 -12 -29 -11 ]
CSI_DATA,STA,E4:D1:24:F0:BE:00,-61,10,0,0,0,0,0,0,0,0,0,-97,0,5,0,13229510,0,399,0,0,13.6218,128,[-113 -15 24 0 -34 3 -32 4 -32 4 -30 4 -30 4 -30 4 -29 4 -28 4 -28 4 -27 3 -26 3 -25 2 -25 2 -24 1 -22 0 -22 0 -21 -1 -21 -2 -20 -2 -20 -3 -19 -3 -18 -4 -17 -4 -16 -5 -15 -6 0 0 0 0 0 0 0 0 0 0 0 0 0 0 0 0 0 0 0 0 0 0 -20 -1 -19 -3 -20 -4 -19 -4 -19 -5 -18 -5 -19 -5 -20 -6 -19 -6 -20 -6 -19 -6 -19 -7 -20 -7 -20 -7 -20 -7 -21 -6 -22 -6 -23 -6 -23 -6 -24 -5 -25 -4 -26 -3 -27 -3 -29 -1 -30 -1 -31 0 ]
CSI_DATA,STA,E4:D1:24:F0:BE:00,-62,10,0,0,0,0,0,0,0,0,0,-97,0,5,0,13434314,0,399,0,0,13.8266,128,[-113 -15 24 0 -32 1 -30 2 -30 3 -28 3 -28 3 -27 3 -26 4 -25 4 -25 4 -24 3 -23 2 -23 3 -21 2 -21 2 -19 1 -19 1 -18 1 -17 2 -17 1 -16 1 -15 0 -15 0 -15 -1 -14 -1 -14 -1 0 0 0 0 0 0 0 0 0 0 0 0 0 0 0 0 0 0 0 0 0 0 -23 3 -22 1 -22 -1 -22 -2 -22 -2 -22 -3 -22 -3 -22 -3 -22 -3 -22 -4 -21 -4 -22 -5 -23 -6 -23 -6 -24 -5 -24 -6 -25 -5 -25 -6 -26 -5 -27 -5 -28 -4 -28 -4 -29 -4 -30 -4 -31 -3 -32 -2 ]
CSI_DATA,STA,E4:D1:24:F0:BE:00,-59,10,0,0,0,0,0,0,0,0,0,-97,0,5,0,13536716,0,399,0,0,13.9291,128,[-113 -15 24 0 -1 -38 -2 -36 -1 -35 -2 -34 -3 -32 -3 -31 -2 -30 -3 -29 -2 -28 -2 -27 -3 -26 -2 -25 -2 -24 -1 -23 -1 -21 0 -21 0 -20 0 -20 1 -19 1 -18 2 -18 2 -17 3 -16 3 -15 4 -14 0 0 0 0 0 0 0 0 0 0 0 0 0 0 0 0 0 0 0 0 0 0 -1 -23 1 -22 2 -22 3 -22 3 -21 4 -21 4 -21 4 -21 5 -21 4 -22 5 -22 5 -22 5 -23 5 -24 6 -25 5 -26 5 -26 5 -27 5 -28 5 -29 4 -30 4 -32 3 -33 3 -34 2 -36 3 -39 ]
CSI_DATA,STA,E4:D1:24:F0:BE:00,-61,10,0,0,0,0,0,0,0,0,0,-97,0,5,0,13639117,0,399,0,0,14.0314,128,[-113 -15 24 0 19 26 19 25 19 24 19 23 19 23 18 22 17 22 16 21 16 20 16 20 15 20 14 19 13 18 12 18 11 17 10 16 9 16 9 16 8 15 7 15 7 14 6 14 5 14 4 13 3 14 0 0 0 0 0 0 0 0 0 0 0 0 0 0 0 0 0 0 0 0 0 0 14 18 12 18 11 18 9 19 9 19 8 19 8 20 8 19 8 20 7 19 7 19 7 20 6 20 7 21 7 21 7 22 8 22 8 23 9 23 9 24 11 24 12 25 12 26 14 26 15 27 17 28 ]
CSI_DATA,STA,E4:D1:24:F0:BE:00,-60,10,0,0,0,0,0,0,0,0,0,-97,0,5,0,13741519,0,399,0,0,14.1338,128,[-113 -15 24 0 -18 -30 -18 -29 -17 -28 -17 -27 -17 -25 -17 -25 -16 -24 -15 -23 -15 -23 -15 -22 -14 -22 -13 -21 -12 -19 -10 -19 -10 -18 -9 -18 -9 -17 -8 -17 -8 -16 -7 -16 -7 -15 -6 -15 -5 -15 -4 -14 -4 -14 0 0 0 0 0 0 0 0 0 0 0 0 0 0 0 0 0 0 0 0 0 0 -12 -19 -10 -20 -9 -21 -8 -21 -7 -21 -7 -21 -6 -21 -6 -21 -6 -21 -5 -21 -5 -21 -5 -22 -5 -23 -5 -23 -5 -24 -6 -25 -7 -25 -6 -26 -8 -26 -9 -26 -9 -27 -10 -28 -11 -29 -12 -30 -13 -31 -14 -32 ]
CSI_DATA,STA,E4:D1:24:F0:BE:00,-60,10,0,0,0,0,0,0,0,0,0,-97,0,5,0,13843921,0,399,0,0,14.2363,128,[-113 -15 24 0 -39 1 -38 2 -36 2 -35 3 -34 3 -33 3 -32 2 -31 3 -30 3 -29 2 -28 2 -26 2 -25 1 -24 1 -22 0 -22 1 -21 1 -21 0 -19 0 -19 -1 -18 -1 -18 -2 -17 -2 -16 -3 -17 -3 0 0 0 0 0 0 0 0 0 0 0 0 0 0 0 0 0 0 0 0 0 0 -22 0 -21 -1 -21 -2 -21 -4 -20 -4 -20 -4 -20 -4 -21 -4 -20 -4 -21 -5 -21 -4 -22 -4 -23 -4 -24 -5 -24 -4 -26 -4 -27 -5 -28 -5 -30 -4 -30 -4 -32 -3 -34 -3 -34 -1 -36 -2 -38 -1 -39 0 ]
CSI_DATA,STA,E4:D1:24:F0:BE:00,-61,10,0,0,0,0,0,0,0,0,0,-97,0,5,0,13946323,0,399,0,0,14.3386,128,[-113 -15 24 0 -10 29 -9 27 -8 27 -8 25 -7 25 -6 24 -6 23 -6 23 -6 22 -5 20 -6 20 -6 19 -5 18 -6 17 -5 16 -6 16 -5 15 -6 15 -6 14 -6 14 -5 13 -6 12 -6 11 -6 11 -8 11 0 0 0 0 0 0 0 0 0 0 0 0 0 0 0 0 0 0 0 0 0 0 -6 20 -7 19 -9 19 -9 17 -10 18 -10 17 -11 17 -11 17 -11 17 -12 17 -11 17 -11 17 -12 17 -13 18 -13 18 -14 20 -13 20 -13 21 -12 21 -13 22 -13 22 -13 24 -13 25 -13 26 -13 27 -12 29 ]
CSI_DATA,STA,E4:D1:24:F0:BE:00,-60,10,0,0,0,0,0,0,0,0,0,-97,0,5,0,14048725,0,399,0,0,14.441,128,[-113 -15 24 0 13 27 13 26 13 25 12 23 13 23 12 23 12 22 12 21 11 21 10 20 10 19 9 18 8 17 8 18 6 16 6 16 5 15 5 15 5 15 4 14 3 14 3 14 2 12 1 12 0 12 0 0 0 0 0 0 0 0 0 0 0 0 0 0 0 0 0 0 0 0 0 0 8 15 6 15 6 15 5 15 5 16 4 15 4 16 5 16 4 16 4 17 4 16 4 17 4 18 4 19 4 19 5 20 5 20 6 22 5 22 6 23 7 23 8 24 9 25 9 26 10 27 11 28 ]
CSI_DATA,STA,E4:D1:24:F0:BE:00,-60,10,0,0,0,0,0,0,0,0,0,-97,0,5,0,14151127,0,399,0,0,14.5433,128,[-113 -15 24 0 -24 25 -23 25 -21 24 -20 23 -19 23 -18 23 -18 22 -17 21 -16 21 -16 20 -16 20 -16 19 -15 18 -15 17 -14 16 -14 15 -14 15 -15 14 -14 13 -14 13 -14 11 -13 11 -14 10 -14 9 -15 8 0 0 0 0 0 0 0 0 0 0 0 0 0 0 0 0 0 0 0 0 0 0 -13 16 -14 15 -15 14 -16 13 -16 12 -16 12 -17 12 -17 12 -17 11 -17 11 -17 10 -18 11 -19 11 -19 12 -19 12 -20 12 -21 14 -22 14 -22 15 -23 16 -23 17 -23 17 -24 19 -25 20 -25 22 -25 23 ]
CSI_DATA,STA,E4:D1:24:F0:BE:00,-59,10,0,0,0,0,0,0,0,0,0,-97,0,5,0,14253529,0,399,0,0,14.6457,128,[-113 -15 24 0 15 32 16 30 16 29 15 28 15 27 15 26 15 26 14 25 14 24 13 23 13 22 12 22 11 21 9 20 9 19 8 19 8 18 7 19 6 18 5 17 4 17 4 16 4 15 3 15 1 15 0 0 0 0 0 0 0 0 0 0 0 0 0 0 0 0 0 0 0 0 0 0 11 17 10 17 9 18 7 18 7 18 7 19 6 19 6 19 6 20 5 20 5 20 5 21 6 22 5 23 5 24 5 24 6 25 6 26 7 26 7 27 8 28 8 29 10 30 10 30 12 32 14 33 ]
CSI_DATA,STA,E4:D1:24:F0:BE:00,-60,10,0,0,0,0,0,0,0,0,0,-97,0,5,0,14355930,0,399,0,0,14.7482,128,[-113 -15 24 0 -27 -18 -26 -17 -25 -16 -25 -15 -24 -15 -24 -14 -23 -14 -22 -13 -21 -13 -21 -12 -20 -12 -19 -12 -18 -11 -17 -11 -15 -10 -15 -10 -14 -11 -13 -11 -12 -10 -12 -10 -11 -10 -11 -9 -10 -9 -9 -10 -9 -10 0 0 0 0 0 0 0 0 0 0 0 0 0 0 0 0 0 0 0 0 0 0 -16 -10 -15 -11 -14 -12 -14 -12 -13 -12 -13 -13 -13 -13 -13 -14 -13 -14 -13 -14 -13 -14 -13 -15 -14 -15 -14 -16 -15 -17 -15 -17 -16 -18 -17 -18 -17 -18 -18 -19 -19 -19 -20 -19 -21 -19 -23 -19 -24 -20 -25 -20 ]
CSI_DATA,STA,E4:D1:24:F0:BE:00,-61,10,0,0,0,0,0,0,0,0,0,-97,0,5,0,14458332,0,399,0,0,14.8507,128,[-113 -15 24 0 -29 -18 -29 -16 -27 -15 -28 -14 -27 -13 -26 -12 -25 -12 -24 -11 -24 -11 -23 -11 -23 -11 -22 -10 -20 -10 -19 -9 -18 -9 -17 -9 -17 -9 -16 -9 -16 -9 -15 -9 -14 -9 -13 -9 -13 -9 -11 -10 -11 -9 0 0 0 0 0 0 0 0 0 0 0 0 0 0 0 0 0 0 0 0 0 0 -19 -10 -18 -12 -17 -12 -17 -13 -16 -13 -16 -14 -17 -14 -16 -15 -16 -15 -16 -15 -15 -16 -16 -17 -17 -17 -17 -18 -17 -18 -18 -19 -19 -19 -19 -20 -20 -20 -21 -20 -21 -20 -23 -21 -23 -20 -24 -20 -26 -20 -27 -21 ]
CSI_DATA,STA,E4:D1:24:F0:BE:00,-61,10,0,0,0,0,0,0,0,0,0,-97,0,5,0,14560734,0,399,0,0,14.9531,128,[-113 -15 24 0 34 5 33 4 32 3 31 3 31 1 30 2 29 1 28 1 27 1 26 1 25 2 25 3 23 2 23 2 21 2 21 3 20 3 19 4 19 4 18 3 17 4 16 5 15 5 14 5 13 6 0 0 0 0 0 0 0 0 0 0 0 0 0 0 0 0 0 0 0 0 0 0 21 -1 21 1 21 2 20 3 21 4 20 4 21 5 21 5 22 6 21 6 20 7 22 8 22 8 23 9 23 10 23 10 24 10 25 10 26 10 27 10 27 10 28 9 29 10 31 9 31 9 34 7 ]
CSI_DATA,STA,E4:D1:24:F0:BE:00,-60,10,0,0,0,0,0,0,0,0,0,-97,0,5,0,14663136,0,399,0,0,15.0554,128,[-113 -15 24 0 25 -25 22 -25 22 -25 21 -23 20 -23 20 -23 19 -22 18 -22 17 -22 17 -21 17 -19 16 -18 16 -17 16 -16 15 -16 15 -15 14 -13 14 -13 14 -12 13 -11 13 -10 12 -9 12 -8 12 -8 12 -5 0 0 0 0 0 0 0 0 0 0 0 0 0 0 0 0 0 0 0 0 0 0 13 -18 14 -16 15 -16 15 -15 16 -15 16 -14 17 -14 17 -14 17 -13 18 -13 18 -12 19 -13 20 -13 21 -14 21 -14 22 -15 22 -14 24 -15 23 -16 24 -16 25 -17 26 -18 26 -19 26 -20 27 -21 27 -23 ]
CSI_DATA,STA,E4:D1:24:F0:BE:00,-61,10,0,0,0,0,0,0,0,0,0,-97,0,5,0,14765538,0,399,0,0,15.1579,128,[-113 -15 24 0 30 -19 29 -18 27 -19 26 -18 25 -18 25 -17 24 -18 23 -17 23 -16 22 -15 21 -14 20 -13 19 -12 19 -12 17 -11 18 -10 17 -9 16 -9 15 -7 15 -7 15 -6 14 -5 13 -5 13 -5 13 -2 0 0 0 0 0 0 0 0 0 0 0 0 0 0 0 0 0 0 0 0 0 0 18 -11 19 -10 19 -9 19 -8 19 -8 20 -8 20 -8 20 -7 21 -7 21 -7 21 -7 22 -6 23 -7 24 -7 24 -7 25 -8 24 -8 25 -9 26 -10 26 -10 27 -12 28 -11 29 -13 30 -14 31 -16 31 -17 ]
CSI_DATA,STA,E4:D1:24:F0:BE:00,-62,10,0,0,0,0,0,0,0,0,0,-97,0,5,0,14867937,0,399,0,0,15.2601,128,[-113 -15 24 0 -15 28 -13 28 -13 28 -12 27 -12 26 -11 26 -11 24 -11 25 -11 23 -12 23 -11 22 -11 21 -11 20 -12 19 -12 18 -11 17 -12 17 -12 16 -12 15 -13 14 -12 13 -12 12 -12 11 -13 10 -14 10 0 0 0 0 0 0 0 0 0 0 0 0 0 0 0 0 0 0 0 0 0 0 -13 19 -14 18 -15 17 -16 16 -16 15 -16 15 -17 15 -17 15 -18 14 -18 14 -17 14 -18 14 -19 15 -18 15 -19 15 -19 15 -19 15 -19 16 -19 17 -19 17 -18 19 -18 20 -17 21 -17 22 -17 24 -17 26 ]
CSI_DATA,STA,E4:D1:24:F0:BE:00,-62,10,0,0,0,0,0,0,0,0,0,-97,0,5,0,14970339,0,399,0,0,15.3626,128,[-113 -15 24 0 -10 30 -9 31 -7 28 -8 29 -6 28 -5 28 -5 27 -5 26 -5 25 -5 25 -5 24 -5 23 -5 22 -4 22 -5 21 -5 20 -6 20 -6 19 -6 18 -6 17 -7 17 -7 16 -7 15 -8 14 -10 14 0 0 0 0 0 0 0 0 0 0 0 0 0 0 0 0 0 0 0 0 0 0 -5 22 -7 22 -8 21 -10 21 -10 20 -10 20 -11 20 -11 20 -12 21 -12 20 -13 19 -13 20 -15 20 -15 20 -15 21 -15 21 -16 22 -15 22 -15 22 -16 23 -15 24 -14 25 -14 25 -15 27 -13 29 -13 30 ]
CSI_DATA,STA,E4:D1:24:F0:BE:00,-60,10,0,0,0,0,0,0,0,0,0,-97,0,5,0,15072740,0,399,0,0,15.4651,128,[-113 -15 24 0 -29 -13 -28 -11 -26 -10 -26 -9 -26 -8 -25 -8 -24 -7 -24 -7 -23 -7 -23 -6 -22 -7 -21 -6 -20 -7 -20 -6 -18 -6 -18 -6 -17 -7 -17 -7 -16 -7 -16 -8 -15 -8 -14 -8 -13 -8 -13 -9 -11 -9 0 0 0 0 0 0 0 0 0 0 0 0 0 0 0 0 0 0 0 0 0 0 -17 -5 -17 -6 -17 -7 -17 -8 -16 -8 -16 -9 -16 -9 -17 -10 -17 -10 -17 -11 -16 -11 -17 -12 -17 -12 -17 -13 -18 -13 -18 -14 -19 -14 -20 -14 -20 -15 -20 -15 -22 -14 -23 -15 -23 -15 -25 -15 -26 -15 -27 -15 ]
CSI_DATA,STA,E4:D1:24:F0:BE:00,-61,10,0,0,0,0,0,0,0,0,0,-97,0,5,0,15175142,0,399,0,0,15.5674,128,[-113 -15 24 0 -27 -17 -27 -15 -26 -14 -25 -13 -25 -13 -24 -12 -24 -12 -23 -11 -23 -11 -22 -11 -22 -10 -20 -10 -20 -10 -19 -9 -18 -9 -18 -10 -17 -9 -16 -9 -16 -9 -15 -9 -14 -9 -14 -10 -12 -10 -12 -10 -11 -10 0 0 0 0 0 0 0 0 0 0 0 0 0 0 0 0 0 0 0 0 0 0 -21 -8 -19 -9 -19 -11 -18 -11 -18 -12 -17 -12 -17 -13 -17 -14 -17 -14 -17 -15 -17 -15 -16 -16 -17 -17 -17 -17 -17 -17 -17 -18 -18 -18 -18 -19 -18 -18 -19 -19 -20 -19 -21 -19 -22 -20 -23 -20 -24 -20 -25 -19 ]
CSI_DATA,STA,E4:D1:24:F0:BE:00,-61,10,0,0,0,0,0,0,0,0,0,-97,0,5,0,15277544,0,399,0,0,15.6698,128,[-113 -15 24 0 28 -12 28 -12 26 -12 25 -13 25 -13 25 -13 23 -12 22 -12 22 -12 21 -11 21 -11 20 -10 19 -9 19 -8 18 -8 17 -7 17 -7 16 -6 16 -6 15 -5 14 -4 14 -4 14 -4 13 -3 13 -1 0 0 0 0 0 0 0 0 0 0 0 0 0 0 0 0 0 0 0 0 0 0 19 -10 19 -8 20 -7 20 -5 20 -5 20 -4 21 -3 21 -3 21 -3 21 -3 21 -3 21 -2 22 -2 23 -2 23 -2 23 -2 24 -2 24 -2 25 -2 25 -3 26 -4 27 -4 27 -6 28 -7 29 -8 30 -9 ]
CSI_DATA,STA,E4:D1:24:F0:BE:00,-62,10,0,0,0,0,0,0,0,0,0,-97,0,5,0,15379946,0,399,0,0,15.7723,128,[-113 -15 24 0 18 25 18 24 18 23 18 22 18 22 18 21 18 20 17 19 16 20 16 19 15 19 15 18 14 17 13 17 12 15 12 16 11 15 10 16 10 15 10 15 8 14 8 14 7 13 6 13 6 14 0 0 0 0 0 0 0 0 0 0 0 0 0 0 0 0 0 0 0 0 0 0 14 14 13 15 12 15 11 16 11 16 11 17 10 17 10 18 10 18 9 19 9 19 8 20 9 20 9 21 8 22 9 22 9 22 9 23 9 23 10 24 10 24 11 25 12 26 13 26 14 27 16 28 ]
CSI_DATA,STA,E4:D1:24:F0:BE:00,-60,10,0,0,0,0,0,0,0,0,0,-97,0,5,0,15482348,0,399,0,0,15.8746,128,[-113 -15 24 0 -26 -25 -25 -23 -25 -22 -25 -20 -25 -19 -25 -18 -24 -17 -24 -17 -23 -16 -22 -16 -22 -15 -21 -14 -20 -14 -19 -14 -18 -13 -17 -13 -16 -13 -16 -13 -15 -13 -14 -12 -13 -12 -13 -12 -12 -12 -11 -12 -9 -11 0 0 0 0 0 0 0 0 0 0 0 0 0 0 0 0 0 0 0 0 0 0 -18 -12 -16 -13 -16 -14 -16 -14 -15 -15 -15 -15 -15 -16 -15 -16 -15 -17 -15 -18 -15 -18 -15 -19 -15 -20 -15 -21 -15 -22 -16 -22 -16 -23 -17 -23 -17 -23 -18 -24 -19 -24 -19 -25 -21 -26 -21 -26 -23 -27 -24 -27 ]
CSI_DATA,STA,E4:D1:24:F0:BE:00,-61,10,0,0,0,0,0,0,0,0,0,-97,0,5,0,15584750,0,399,0,0,15.9769,128,[-113 -15 24 0 7 -34 6 -33 6 -31 5 -30 3 -29 3 -29 3 -27 2 -27 2 -26 2 -26 1 -24 1 -23 1 -22 2 -22 2 -20 2 -20 2 -19 2 -18 3 -18 2 -17 2 -16 3 -15 3 -14 4 -14 5 -13 0 0 0 0 0 0 0 0 0 0 0 0 0 0 0 0 0 0 0 0 0 0 -2 -21 -1 -21 0 -22 1 -21 2 -22 3 -22 3 -22 4 -23 4 -23 6 -23 6 -23 7 -23 8 -24 9 -24 9 -25 9 -26 10 -26 10 -27 10 -28 10 -28 10 -29 10 -30 10 -31 11 -32 11 -33 10 -34 ]
CSI_DATA,STA,E4:D1:24:F0:BE:00,-61,10,0,0,0,0,0,0,0,0,0,-97,0,5,0,15687152,0,399,0,0,16.0794,128,[-113 -15 24 0 -29 23 -27 23 -26 23 -25 22 -24 22 -23 22 -21 21 -21 20 -21 20 -20 18 -19 18 -19 17 -18 16 -17 16 -17 14 -16 13 -16 13 -15 12 -15 11 -14 11 -14 10 -14 9 -13 8 -13 8 -13 7 0 0 0 0 0 0 0 0 0 0 0 0 0 0 0 0 0 0 0 0 0 0 -13 13 -13 12 -14 11 -14 11 -15 11 -15 11 -16 11 -16 12 -16 11 -17 11 -17 11 -19 11 -19 12 -20 11 -21 12 -22 12 -23 13 -23 13 -24 14 -24 14 -25 15 -26 17 -27 18 -28 18 -29 20 -29 22 ]
CSI_DATA,STA,E4:D1:24:F0:BE:00,-63,10,0,0,0,0,0,0,0,0,0,-97,0,5,0,15789553,0,399,0,0,16.1819,128,[-113 -15 24 0 -15 28 -14 28 -13 26 -13 25 -11 25 -11 25 -10 25 -10 24 -10 24 -10 23 -9 22 -9 22 -9 20 -10 20 -9 18 -9 18 -10 17 -10 16 -10 15 -9 15 -9 14 -9 13 -9 12 -9 11 -9 12 0 0 0 0 0 0 0 0 0 0 0 0 0 0 0 0 0 0 0 0 0 0 -6 18 -7 17 -8 18 -9 17 -9 17 -9 17 -10 17 -11 17 -11 17 -12 17 -12 17 -13 18 -13 18 -14 18 -15 19 -15 19 -16 20 -17 20 -17 21 -17 21 -17 22 -17 22 -18 24 -18 24 -18 26 -18 27 ]
CSI_DATA,STA,E4:D1:24:F0:BE:00,-64,10,0,0,0,0,0,0,0,0,0,-97,0,5,0,15891955,0,399,0,0,16.2843,128,[-113 -15 24 0 -5 -31 -5 -31 -6 -30 -7 -29 -7 -29 -7 -29 -7 -28 -7 -27 -7 -27 -6 -27 -6 -25 -6 -26 -6 -25 -5 -24 -4 -22 -4 -22 -4 -21 -2 -20 -2 -19 -2 -19 -2 -18 -1 -17 -1 -16 -1 -15 1 -14 0 0 0 0 0 0 0 0 0 0 0 0 0 0 0 0 0 0 0 0 0 0 -2 -19 0 -19 0 -19 0 -18 1 -18 0 -18 0 -19 1 -19 1 -19 1 -20 1 -19 1 -20 1 -22 2 -22 2 -22 2 -23 2 -24 2 -25 2 -25 2 -26 1 -26 1 -28 0 -28 0 -28 -1 -30 -1 -32 ]
CSI_DATA,STA,E4:D1:24:F0:BE:00,-62,10,0,0,0,0,0,0,0,0,0,-97,0,5,0,15994357,0,399,0,0,16.3867,128,[-113 -15 24 0 7 -29 7 -27 6 -27 6 -25 5 -25 5 -25 4 -24 4 -23 5 -23 4 -22 4 -21 4 -20 4 -19 4 -18 5 -17 4 -17 4 -16 4 -15 5 -15 4 -14 4 -13 4 -13 4 -12 4 -12 5 -10 0 0 0 0 0 0 0 0 0 0 0 0 0 0 0 0 0 0 0 0 0 0 1 -17 2 -17 3 -17 4 -17 4 -17 4 -17 5 -17 5 -18 5 -18 6 -18 6 -18 7 -19 8 -19 8 -19 9 -19 9 -20 10 -21 10 -22 10 -22 10 -23 10 -23 11 -24 10 -25 10 -26 11 -27 11 -28 ]
CSI_DATA,STA,E4:D1:24:F0:BE:00,-61,10,0,0,0,0,0,0,0,0,0,-97,0,5,0,16096759,0,399,0,0,16.489,128,[-113 -15 24 0 9 -37 7 -35 8 -35 7 -33 6 -32 5 -31 6 -30 5 -30 5 -29 5 -28 5 -26 5 -25 5 -24 5 -23 5 -21 5 -20 5 -19 5 -18 5 -17 5 -17 4 -16 5 -15 4 -15 4 -14 6 -12 0 0 0 0 0 0 0 0 0 0 0 0 0 0 0 0 0 0 0 0 0 0 0 -17 1 -17 2 -17 2 -17 3 -18 3 -18 3 -19 3 -20 4 -20 5 -20 6 -21 6 -22 7 -23 8 -23 8 -24 8 -26 9 -26 11 -27 11 -27 11 -29 10 -30 12 -31 12 -32 12 -34 13 -35 12 -36 ]
CSI_DATA,STA,E4:D1:24:F0:BE:00,-60,10,0,0,0,0,0,0,0,0,0,-97,0,5,0,16199161,0,399,0,0,16.5915,128,[-113 -15 24 0 28 -26 26 -26 25 -25 24 -24 22 -24 21 -24 21 -23 19 -23 19 -22 18 -21 18 -20 17 -18 16 -17 15 -17 15 -15 15 -14 14 -13 13 -13 13 -12 12 -11 11 -9 11 -9 10 -8 9 -7 10 -6 0 0 0 0 0 0 0 0 0 0 0 0 0 0 0 0 0 0 0 0 0 0 9 -13 9 -13 10 -12 10 -12 11 -12 12 -13 12 -13 12 -13 13 -14 14 -13 15 -14 16 -14 17 -14 18 -14 19 -15 20 -16 21 -16 22 -16 23 -19 24 -18 25 -19 26 -20 26 -21 28 -22 29 -23 30 -25 ]
CSI_DATA,STA,E4:D1:24:F0:BE:00,-62,10,0,0,0,0,0,0,0,0,0,-97,0,5,0,16301563,0,399,0,0,16.6939,128,[-113 -15 24 0 -30 -17 -30 -16 -29 -15 -29 -15 -28 -14 -28 -14 -26 -13 -26 -13 -25 -13 -24 -13 -23 -13 -22 -13 -21 -12 -20 -12 -19 -11 -18 -12 -17 -12 -16 -12 -16 -12 -14 -11 -14 -11 -13 -11 -11 -10 -11 -10 -9 -10 0 0 0 0 0 0 0 0 0 0 0 0 0 0 0 0 0 0 0 0 0 0 -12 -8 -11 -8 -11 -8 -11 -8 -11 -8 -12 -8 -12 -8 -12 -9 -13 -9 -13 -10 -14 -9 -15 -10 -15 -11 -16 -12 -16 -13 -18 -13 -18 -13 -19 -15 -20 -15 -21 -16 -22 -16 -23 -17 -24 -17 -26 -17 -27 -18 -28 -19 ]
CSI_DATA,STA,E4:D1:24:F0:BE:00,-62,10,0,0,0,0,0,0,0,0,0,-97,0,5,0,16403965,0,399,0,0,16.7961,128,[-113 -15 24 0 8 -36 8 -36 8 -36 7 -35 7 -35 7 -34 7 -32 8 -32 7 -31 7 -30 7 -29 7 -28 7 -27 7 -25 8 -23 8 -22 8 -23 8 -21 8 -20 8 -19 8 -18 8 -17 8 -17 8 -16 9 -15 0 0 0 0 0 0 0 0 0 0 0 0 0 0 0 0 0 0 0 0 0 0 3 -10 4 -10 3 -10 4 -10 4 -11 3 -11 4 -12 4 -12 4 -13 4 -13 4 -14 5 -15 6 -16 6 -17 7 -18 7 -18 8 -19 8 -20 8 -21 8 -22 9 -24 9 -26 8 -27 8 -29 9 -32 9 -35 ]
CSI_DATA,STA,E4:D1:24:F0:BE:00,-62,10,0,0,0,0,0,0,0,0,0,-97,0,5,0,16506367,0,399,0,0,16.8986,128,[-113 -15 24 0 12 -33 12 -32 13 -33 12 -31 11 -31 11 -31 12 -30 11 -30 11 -30 11 -28 11 -27 11 -26 11 -25 11 -23 11 -22 10 -21 11 -20 11 -20 11 -19 10 -17 10 -16 10 -15 10 -15 10 -14 11 -12 0 0 0 0 0 0 0 0 0 0 0 0 0 0 0 0 0 0 0 0 0 0 6 -10 6 -10 6 -9 6 -10 6 -10 6 -10 6 -10 6 -11 8 -12 7 -12 8 -12 9 -13 10 -13 11 -15 11 -15 11 -16 12 -16 12 -17 12 -17 13 -18 13 -20 14 -21 14 -23 14 -24 14 -26 16 -29 ]
CSI_DATA,STA,E4:D1:24:F0:BE:00,-61,10,0,0,0,0,0,0,0,0,0,-97,0,5,0,16608768,0,399,0,0,17.0011,128,[-113 -15 24 0 25 27 25 26 25 26 25 26 25 26 25 26 23 24 23 24 22 24 22 24 21 23 19 23 18 22 17 21 15 21 14 21 13 20 12 20 11 19 10 18 9 18 8 17 7 17 6 16 5 16 0 0 0 0 0 0 0 0 0 0 0 0 0 0 0 0 0 0 0 0 0 0 8 10 7 11 7 11 7 12 7 12 7 13 7 13 7 13 8 14 8 14 7 15 8 16 7 17 8 18 8 19 9 20 8 20 9 21 10 21 10 22 12 22 13 24 15 24 17 24 19 26 21 27 ]
CSI_DATA,STA,E4:D1:24:F0:BE:00,-60,10,0,0,0,0,0,0,0,0,0,-97,0,5,0,16711170,0,399,0,0,17.1035,128,[-113 -15 24 0 -12 -31 -12 -29 -11 -29 -11 -28 -11 -27 -11 -27 -10 -26 -10 -25 -10 -25 -10 -25 -9 -23 -8 -23 -7 -22 -7 -21 -6 -20 -5 -20 -5 -19 -4 -19 -3 -18 -3 -18 -2 -17 -2 -17 -1 -16 -1 -15 1 -15 0 0 0 0 0 0 0 0 0 0 0 0 0 0 0 0 0 0 0 0 0 0 -4 -12 -3 -12 -3 -12 -3 -13 -3 -13 -3 -14 -3 -14 -2 -15 -2 -16 -2 -16 -2 -17 -2 -18 -1 -18 -2 -19 -1 -20 -2 -21 -2 -21 -2 -22 -2 -22 -2 -23 -3 -24 -4 -25 -5 -26 -6 -27 -7 -28 -8 -30 ]
CSI_DATA,STA,E4:D1:24:F0:BE:00,-61,10,0,0,0,0,0,0,0,0,0,-97,0,5,0,16813572,0,399,0,0,17.2059,128,[-113 -15 24 0 -18 30 -17 30 -16 29 -16 30 -15 29 -15 29 -15 27 -15 27 -15 26 -15 25 -15 24 -15 23 -15 23 -15 22 -14 20 -14 19 -15 19 -15 18 -14 16 -14 15 -14 14 -14 12 -15 12 -15 10 -14 9 0 0 0 0 0 0 0 0 0 0 0 0 0 0 0 0 0 0 0 0 0 0 -9 9 -10 9 -10 8 -10 9 -11 9 -11 9 -11 10 -12 10 -12 10 -13 11 -13 11 -14 11 -15 12 -15 12 -15 12 -16 13 -16 13 -17 15 -17 15 -17 16 -17 17 -16 19 -18 21 -17 23 -18 24 -18 27 ]
CSI_DATA,STA,E4:D1:24:F0:BE:00,-60,10,0,0,0,0,0,0,0,0,0,-97,0,5,0,16915976,0,399,0,0,17.3083,128,[-113 -15 24 0 -30 8 -29 9 -28 9 -27 9 -27 9 -26 9 -25 8 -25 9 -24 8 -23 8 -22 7 -22 7 -21 7 -20 6 -19 5 -19 5 -18 4 -18 4 -17 3 -17 3 -16 2 -15 2 -15 1 -14 0 -14 -1 0 0 0 0 0 0 0 0 0 0 0 0 0 0 0 0 0 0 0 0 0 0 -12 4 -13 3 -13 3 -13 2 -14 3 -14 3 -15 2 -16 2 -16 2 -17 2 -17 2 -18 2 -19 2 -20 1 -20 0 -21 1 -22 1 -23 1 -23 1 -24 1 -25 2 -26 2 -27 4 -28 4 -29 5 -30 6 ]
CSI_DATA,STA,E4:D1:24:F0:BE:00,-59,10,0,0,0,0,0,0,0,0,0,-97,0,5,0,17018378,0,399,0,0,17.4107,128,[-113 -15 24 0 -17 -27 -17 -26 -16 -25 -16 -24 -16 -23 -16 -23 -15 -21 -15 -21 -15 -20 -15 -20 -14 -19 -14 -18 -13 -18 -12 -17 -11 -17 -11 -16 -10 -16 -10 -16 -9 -16 -8 -15 -8 -15 -7 -15 -6 -15 -5 -14 -3 -14 0 0 0 0 0 0 0 0 0 0 0 0 0 0 0 0 0 0 0 0 0 0 -9 -10 -8 -11 -8 -11 -8 -12 -8 -12 -8 -13 -8 -14 -8 -15 -8 -15 -7 -16 -7 -16 -7 -17 -8 -18 -7 -19 -7 -20 -7 -21 -7 -21 -7 -22 -8 -23 -8 -23 -9 -24 -10 -25 -11 -25 -12 -26 -13 -27 -14 -29 ]
CSI_DATA,STA,E4:D1:24:F0:BE:00,-59,10,0,0,0,0,0,0,0,0,0,-97,0,5,0,17120780,0,399,0,0,17.5129,128,[-113 -15 24 0 -35 -15 -33 -14 -32 -13 -31 -12 -31 -11 -31 -11 -29 -10 -28 -10 -27 -10 -26 -10 -25 -10 -24 -10 -23 -10 -22 -9 -20 -9 -20 -9 -19 -10 -18 -10 -17 -10 -16 -10 -15 -10 -13 -10 -12 -10 -12 -11 -10 -10 0 0 0 0 0 0 0 0 0 0 0 0 0 0 0 0 0 0 0 0 0 0 -18 -7 -18 -8 -18 -9 -17 -10 -17 -11 -17 -11 -17 -12 -18 -12 -18 -13 -18 -13 -18 -14 -18 -15 -19 -16 -19 -17 -20 -17 -21 -17 -21 -17 -22 -18 -22 -18 -24 -18 -25 -18 -26 -18 -27 -19 -29 -18 -31 -18 -32 -18 ]
CSI_DATA,STA,E4:D1:24:F0:BE:00,-63,10,0,0,0,0,0,0,0,0,0,-97,0,5,0,17223182,0,399,0,0,17.6153,128,[-113 -15 24 0 4 33 4 31 5 31 5 29 6 29 6 30 6 29 6 29 6 28 5 27 5 26 5 26 4 25 4 24 3 23 3 23 2 22 1 23 1 21 -1 21 -1 20 -2 19 -2 18 -4 17 -4 16 0 0 0 0 0 0 0 0 0 0 0 0 0 0 0 0 0 0 0 0 0 0 1 17 0 16 0 17 -1 17 -1 17 -1 17 -1 18 -2 18 -2 19 -2 19 -3 19 -3 20 -4 20 -4 21 -4 22 -4 23 -4 23 -5 24 -5 24 -4 25 -4 26 -3 27 -3 28 -2 28 -1 31 0 32 ]
CSI_DATA,STA,E4:D1:24:F0:BE:00,-63,10,0,0,0,0,0,0,0,0,0,-97,0,5,0,17325583,0,399,0,0,17.7179,128,[-113 -15 24 0 0 31 0 29 1 28 2 26 2 26 2 25 2 25 2 24 2 23 1 22 1 22 1 21 0 19 -1 19 -1 18 -1 18 -1 17 -2 16 -3 14 -2 15 -3 13 -4 12 -4 11 -5 11 -5 10 0 0 0 0 0 0 0 0 0 0 0 0 0 0 0 0 0 0 0 0 0 0 1 23 0 22 -1 21 -2 21 -2 22 -2 22 -3 22 -2 23 -3 23 -3 23 -4 24 -4 25 -5 25 -6 25 -6 27 -6 27 -7 27 -7 28 -7 27 -7 28 -7 28 -7 29 -6 30 -5 30 -5 31 -3 32 ]
CSI_DATA,STA,E4:D1:24:F0:BE:00,-62,10,0,0,0,0,0,0,0,0,0,-97,0,5,0,17427985,0,399,0,0,17.8203,128,[-113 -15 24 0 -32 2 -30 4 -30 4 -29 4 -28 5 -28 5 -27 4 -27 5 -26 5 -26 5 -25 4 -25 4 -23 4 -23 3 -22 2 -21 2 -21 1 -21 0 -19 0 -19 0 -18 -1 -18 -2 -17 -2 -17 -3 -15 -4 0 0 0 0 0 0 0 0 0 0 0 0 0 0 0 0 0 0 0 0 0 0 -19 0 -19 -1 -19 -2 -18 -3 -19 -3 -19 -3 -19 -4 -18 -4 -19 -4 -19 -4 -19 -4 -19 -5 -21 -5 -21 -5 -21 -6 -22 -6 -22 -6 -23 -6 -24 -6 -23 -6 -25 -6 -26 -5 -27 -4 -27 -3 -28 -2 -29 -1 ]
CSI_DATA,STA,E4:D1:24:F0:BE:00,-63,10,0,0,0,0,0,0,0,0,0,-97,0,5,0,17530387,0,399,0,0,17.9227,128,[-113 -15 24 0 14 -24 14 -24 13 -24 12 -24 11 -23 11 -23 11 -23 11 -23 10 -23 10 -22 10 -21 10 -19 10 -18 10 -18 10 -17 10 -15 10 -15 10 -14 10 -13 9 -12 9 -11 9 -11 9 -9 8 -9 9 -8 0 0 0 0 0 0 0 0 0 0 0 0 0 0 0 0 0 0 0 0 0 0 9 -17 11 -15 11 -15 11 -14 11 -14 11 -14 12 -14 12 -14 12 -14 12 -14 12 -14 13 -14 14 -15 14 -15 16 -15 16 -16 17 -16 17 -17 18 -17 18 -18 18 -18 18 -19 18 -18 18 -20 18 -21 19 -23 ]
CSI_DATA,STA,E4:D1:24:F0:BE:00,-63,10,0,0,0,0,0,0,0,0,0,-97,0,5,0,17632789,0,399,0,0,18.0251,128,[-113 -15 24 0 -2 36 -1 34 0 34 0 33 -1 33 -1 33 0 33 -1 32 -1 31 -2 30 -2 28 -4 27 -4 26 -4 25 -4 23 -5 23 -5 22 -6 21 -7 20 -7 19 -7 18 -7 16 -9 15 -9 14 -8 12 0 0 0 0 0 0 0 0 0 0 0 0 0 0 0 0 0 0 0 0 0 0 -6 20 -8 18 -8 18 -8 17 -8 17 -8 17 -8 17 -8 17 -8 18 -9 19 -9 18 -9 19 -9 20 -9 20 -9 21 -10 22 -9 22 -10 23 -9 23 -9 25 -8 25 -8 27 -7 28 -7 29 -6 31 -4 34 ]
CSI_DATA,STA,E4:D1:24:F0:BE:00,-62,10,0,0,0,0,0,0,0,0,0,-97,0,5,0,17735191,0,399,0,0,18.1275,128,[-113 -15 24 0 25 -26 24 -25 23 -26 22 -25 21 -25 21 -25 20 -25 20 -25 20 -24 19 -24 19 -22 18 -21 18 -20 17 -19 17 -17 17 -17 16 -15 16 -15 15 -13 15 -13 14 -12 13 -11 13 -9 13 -8 13 -7 0 0 0 0 0 0 0 0 0 0 0 0 0 0 0 0 0 0 0 0 0 0 13 -17 14 -15 14 -14 14 -13 15 -13 15 -12 16 -12 16 -12 16 -12 17 -12 17 -11 18 -12 19 -12 20 -12 21 -12 21 -13 21 -13 22 -13 23 -14 24 -14 24 -15 25 -16 25 -17 26 -18 26 -20 27 -22 ]
CSI_DATA,STA,E4:D1:24:F0:BE:00,-63,10,0,0,0,0,0,0,0,0,0,-97,0,5,0,17837593,0,399,0,0,18.2298,128,[-113 -15 24 0 27 -21 25 -21 25 -21 25 -21 24 -21 24 -21 24 -21 23 -20 23 -21 22 -19 23 -18 22 -17 21 -16 21 -16 20 -14 20 -14 19 -13 19 -12 19 -11 19 -10 18 -9 18 -8 17 -7 17 -6 17 -5 0 0 0 0 0 0 0 0 0 0 0 0 0 0 0 0 0 0 0 0 0 0 17 -10 17 -9 18 -8 17 -7 18 -6 17 -6 17 -5 17 -6 17 -5 18 -5 18 -5 18 -6 19 -5 19 -6 19 -6 20 -6 20 -7 21 -7 21 -7 23 -8 23 -9 24 -10 24 -12 25 -14 26 -15 26 -16 ]
CSI_DATA,STA,E4:D1:24:F0:BE:00,-63,10,0,0,0,0,0,0,0,0,0,-97,0,5,0,17939995,0,399,0,0,18.3322,128,[-113 -15 24 0 30 3 29 2 29 1 28 0 28 0 27 0 27 -1 26 -1 26 0 25 -1 24 0 23 0 22 1 22 0 20 1 21 1 19 1 18 1 17 2 17 2 17 2 16 3 15 3 14 4 14 4 0 0 0 0 0 0 0 0 0 0 0 0 0 0 0 0 0 0 0 0 0 0 21 1 20 2 20 4 18 5 19 5 18 6 19 6 19 6 19 6 19 8 18 8 18 9 19 9 19 10 19 9 20 10 20 10 21 10 22 10 22 10 22 9 24 9 24 8 26 8 25 7 28 7 ]
CSI_DATA,STA,E4:D1:24:F0:BE:00,-64,10,0,0,0,0,0,0,0,0,0,-97,0,5,0,18042396,0,399,0,0,18.4347,128,[-113 -15 24 0 -15 -26 -16 -26 -17 -24 -17 -24 -18 -23 -17 -23 -18 -23 -18 -22 -17 -23 -17 -23 -15 -23 -15 -22 -14 -21 -13 -21 -12 -20 -11 -20 -11 -19 -10 -19 -9 -19 -9 -18 -8 -18 -6 -17 -6 -16 -5 -16 -2 -17 0 0 0 0 0 0 0 0 0 0 0 0 0 0 0 0 0 0 0 0 0 0 -7 -21 -5 -21 -4 -21 -4 -21 -3 -20 -3 -20 -3 -20 -3 -21 -3 -21 -2 -20 -3 -20 -2 -22 -2 -22 -2 -23 -2 -23 -2 -24 -3 -24 -2 -25 -3 -25 -3 -24 -5 -25 -5 -25 -6 -25 -7 -25 -8 -25 -10 -27 ]
CSI_DATA,STA,E4:D1:24:F0:BE:00,-64,10,0,0,0,0,0,0,0,0,0,-97,0,5,0,18144798,0,399,0,0,18.5371,128,[-113 -15 24 0 -3 27 -3 27 -2 26 -1 25 0 25 0 25 0 24 0 24 -1 23 -1 22 0 22 -1 21 -1 20 -1 19 -2 19 -2 18 -2 18 -3 17 -3 17 -3 16 -4 16 -3 15 -5 14 -5 14 -5 13 0 0 0 0 0 0 0 0 0 0 0 0 0 0 0 0 0 0 0 0 0 0 -2 21 -5 21 -6 21 -7 21 -8 20 -8 20 -8 20 -9 20 -10 20 -10 19 -10 19 -11 20 -11 19 -12 20 -12 20 -12 20 -12 20 -12 20 -12 21 -11 21 -11 22 -11 22 -9 23 -9 24 -7 25 -6 26 ]
CSI_DATA,STA,E4:D1:24:F0:BE:00,-64,10,0,0,0,0,0,0,0,0,0,-97,0,5,0,18247200,0,399,0,0,18.6395,128,[-113 -15 24 0 18 21 19 20 19 18 19 17 21 16 20 16 20 14 20 15 20 14 18 14 18 14 17 13 17 13 16 13 14 12 14 13 13 13 13 13 12 12 11 12 11 12 9 12 9 12 8 11 7 11 0 0 0 0 0 0 0 0 0 0 0 0 0 0 0 0 0 0 0 0 0 0 18 15 17 17 16 17 14 17 13 18 13 19 14 18 13 19 13 20 13 20 11 21 11 21 12 23 11 23 11 23 11 24 11 26 11 26 12 26 12 26 12 26 12 26 13 26 14 25 14 25 16 25 ]
CSI_DATA,STA,E4:D1:24:F0:BE:00,-62,10,0,0,0,0,0,0,0,0,0,-97,0,5,0,18349602,0,399,0,0,18.7419,128,[-113 -15 24 0 24 11 24 10 23 8 23 7 23 7 22 6 21 6 20 5 20 5 19 5 18 5 17 5 16 5 16 4 15 4 14 4 13 4 12 4 12 4 12 4 11 4 10 4 10 4 9 5 9 4 0 0 0 0 0 0 0 0 0 0 0 0 0 0 0 0 0 0 0 0 0 0 19 3 18 4 19 5 18 6 19 7 19 8 19 8 19 9 19 9 19 10 19 11 19 12 20 12 20 13 20 14 20 14 21 15 21 15 21 15 21 16 22 16 23 16 23 15 24 15 24 15 26 14 ]
CSI_DATA,STA,E4:D1:24:F0:BE:00,-61,10,0,0,0,0,0,0,0,0,0,-97,0,5,0,18452004,0,399,0,0,18.8443,128,[-113 -15 24 0 30 -5 28 -5 27 -7 26 -6 26 -7 25 -7 24 -7 23 -7 24 -7 22 -6 21 -6 20 -5 19 -5 19 -4 17 -3 17 -3 16 -2 16 -2 15 -1 14 -1 13 -1 13 0 12 0 11 1 11 1 0 0 0 0 0 0 0 0 0 0 0 0 0 0 0 0 0 0 0 0 0 0 16 -5 16 -4 17 -4 17 -3 18 -2 18 -2 18 -1 19 -2 20 -1 21 0 20 0 21 1 22 1 23 2 23 2 25 2 24 3 25 3 26 2 25 3 27 2 28 2 27 1 29 0 29 -1 31 -2 ]
CSI_DATA,STA,E4:D1:24:F0:BE:00,-61,10,0,0,0,0,0,0,0,0,0,-97,0,5,0,18554406,0,399,0,0,18.9467,128,[-113 -15 24 0 -22 22 -21 22 -19 21 -19 21 -18 21 -18 21 -16 19 -16 19 -16 18 -16 17 -15 15 -15 15 -15 14 -14 13 -13 11 -13 11 -12 10 -12 10 -12 9 -11 8 -11 7 -10 6 -10 6 -10 6 -9 4 0 0 0 0 0 0 0 0 0 0 0 0 0 0 0 0 0 0 0 0 0 0 -11 15 -11 14 -13 13 -13 13 -14 13 -15 13 -15 13 -16 13 -16 13 -18 12 -17 12 -18 12 -19 12 -20 11 -21 12 -21 13 -21 13 -22 13 -22 14 -23 15 -23 15 -23 16 -23 16 -24 17 -24 19 -24 20 ]
CSI_DATA,STA,E4:D1:24:F0:BE:00,-62,10,0,0,0,0,0,0,0,0,0,-97,0,5,0,18656808,0,399,0,0,19.049,128,[-113 -15 24 0 -36 4 -34 5 -32 6 -32 6 -31 7 -30 7 -29 7 -29 7 -28 6 -27 6 -26 5 -25 4 -24 4 -23 4 -21 3 -21 2 -20 2 -20 3 -19 2 -18 2 -17 1 -17 0 -16 0 -16 -1 -15 -3 0 0 0 0 0 0 0 0 0 0 0 0 0 0 0 0 0 0 0 0 0 0 -18 2 -18 1 -19 1 -19 0 -19 0 -19 0 -21 0 -21 0 -21 -1 -22 -1 -22 -2 -23 -2 -24 -3 -24 -4 -25 -3 -27 -3 -27 -3 -28 -3 -28 -3 -29 -3 -30 -2 -32 -2 -32 -1 -33 -1 -34 0 -35 1 ]
CSI_DATA,STA,E4:D1:24:F0:BE:00,-61,10,0,0,0,0,0,0,0,0,0,-97,0,5,0,18759209,0,399,0,0,19.1515,128,[-113 -15 24 0 -23 -23 -23 -21 -23 -20 -22 -19 -23 -19 -22 -18 -22 -17 -21 -17 -20 -17 -20 -16 -19 -16 -18 -16 -17 -15 -16 -15 -14 -14 -14 -14 -13 -14 -12 -13 -11 -13 -11 -13 -10 -12 -9 -12 -8 -12 -7 -12 -6 -12 0 0 0 0 0 0 0 0 0 0 0 0 0 0 0 0 0 0 0 0 0 0 -14 -11 -13 -12 -13 -13 -12 -13 -12 -14 -12 -14 -12 -14 -12 -15 -12 -15 -12 -16 -13 -16 -12 -17 -13 -18 -13 -19 -12 -19 -13 -21 -13 -20 -13 -22 -14 -22 -14 -22 -15 -22 -16 -24 -17 -24 -18 -24 -19 -25 -21 -25 ]
CSI_DATA,STA,E4:D1:24:F0:BE:00,-62,10,0,0,0,0,0,0,0,0,0,-97,0,5,0,18861611,0,399,0,0,19.2539,128,[-113 -15 24 0 -8 29 -7 29 -6 28 -7 27 -6 27 -6 26 -6 26 -6 25 -6 24 -7 23 -7 22 -7 21 -8 19 -8 19 -7 17 -8 16 -8 14 -8 14 -8 12 -8 12 -8 10 -8 10 -8 8 -8 8 -7 6 0 0 0 0 0 0 0 0 0 0 0 0 0 0 0 0 0 0 0 0 0 0 -6 16 -7 15 -8 15 -8 15 -9 15 -8 14 -9 15 -9 15 -9 15 -10 15 -10 15 -10 15 -11 16 -11 16 -11 17 -12 18 -11 18 -12 19 -11 19 -11 20 -12 21 -11 23 -11 24 -10 25 -10 26 -9 28 ]
CSI_DATA,STA,E4:D1:24:F0:BE:00,-62,10,0,0,0,0,0,0,0,0,0,-97,0,5,0,18964013,0,399,0,0,19.3563,128,[-113 -15 24 0 4 -34 3 -33 2 -33 3 -32 1 -31 1 -30 1 -29 1 -29 2 -28 2 -27 2 -27 2 -25 3 -24 3 -23 3 -22 4 -20 4 -20 5 -19 5 -18 5 -17 5 -16 5 -15 5 -14 5 -13 6 -13 0 0 0 0 0 0 0 0 0 0 0 0 0 0 0 0 0 0 0 0 0 0 3 -23 4 -22 5 -22 6 -21 6 -22 7 -21 8 -21 8 -21 8 -21 8 -22 9 -22 10 -23 9 -23 11 -23 11 -24 11 -24 11 -24 11 -25 11 -26 11 -27 11 -27 10 -28 9 -30 9 -30 8 -32 9 -33 ]
CSI_DATA,STA,E4:D1:24:F0:BE:00,-62,10,0,0,0,0,0,0,0,0,0,-97,0,5,0,19066415,0,399,0,0,19.4587,128,[-113 -15 24 0 -21 27 -20 25 -19 25 -18 24 -17 24 -17 23 -16 22 -16 22 -16 21 -15 20 -15 18 -15 17 -14 16 -14 15 -13 14 -13 13 -12 12 -12 12 -12 10 -11 10 -11 9 -11 8 -11 8 -10 7 -10 5 0 0 0 0 0 0 0 0 0 0 0 0 0 0 0 0 0 0 0 0 0 0 -10 17 -11 15 -12 15 -13 14 -14 14 -13 14 -14 14 -15 14 -16 13 -16 13 -16 13 -17 14 -18 13 -18 13 -19 13 -19 14 -20 14 -21 15 -20 16 -22 16 -22 17 -21 18 -22 19 -23 21 -22 23 -23 24 ]
CSI_DATA,STA,E4:D1:24:F0:BE:00,-61,10,0,0,0,0,0,0,0,0,0,-97,0,5,0,19168817,0,399,0,0,19.5611,128,[-113 -15 24 0 33 4 33 2 31 2 31 2 30 1 29 1 28 1 27 1 26 1 25 2 24 2 23 3 21 3 20 3 19 3 18 4 17 4 16 3 15 3 14 4 13 4 12 4 11 4 11 5 10 4 0 0 0 0 0 0 0 0 0 0 0 0 0 0 0 0 0 0 0 0 0 0 16 2 16 2 16 3 17 4 17 5 16 5 18 5 17 5 18 6 18 6 18 7 19 7 20 7 21 8 21 8 21 8 22 8 24 9 24 8 25 8 26 8 28 8 29 7 30 7 32 6 33 5 ]
CSI_DATA,STA,E4:D1:24:F0:BE:00,-60,10,0,0,0,0,0,0,0,0,0,-97,0,5,0,19271219,0,399,0,0,19.6635,128,[-113 -15 24 0 38 -17 36 -16 35 -16 33 -15 33 -15 32 -14 30 -14 29 -13 29 -13 27 -12 26 -11 25 -10 23 -9 23 -8 21 -7 21 -7 19 -6 19 -5 18 -4 16 -4 16 -3 15 -3 14 -2 14 -2 14 -1 0 0 0 0 0 0 0 0 0 0 0 0 0 0 0 0 0 0 0 0 0 0 15 -7 15 -5 16 -5 16 -5 17 -5 17 -5 17 -4 18 -4 18 -4 18 -4 19 -5 20 -5 21 -5 23 -5 23 -5 25 -6 24 -6 27 -6 27 -7 29 -7 30 -9 32 -9 33 -11 34 -12 36 -13 37 -15 ]
CSI_DATA,STA,E4:D1:24:F0:BE:00,-60,10,0,0,0,0,0,0,0,0,0,-97,0,5,0,19373621,0,399,0,0,19.7658,128,[-113 -15 24 0 -15 -38 -15 -37 -14 -36 -14 -35 -14 -33 -14 -33 -13 -32 -12 -30 -11 -29 -9 -28 -9 -27 -8 -26 -8 -25 -6 -23 -5 -22 -5 -21 -4 -20 -4 -20 -3 -18 -2 -18 -2 -17 -1 -15 -1 -14 -1 -13 1 -13 0 0 0 0 0 0 0 0 0 0 0 0 0 0 0 0 0 0 0 0 0 0 -6 -15 -5 -16 -4 -16 -4 -16 -4 -17 -4 -17 -3 -18 -4 -18 -3 -18 -3 -19 -3 -20 -2 -20 -3 -21 -3 -22 -3 -23 -4 -24 -4 -25 -5 -25 -6 -27 -7 -27 -8 -29 -9 -30 -10 -32 -11 -34 -11 -36 -13 -38 ]
CSI_DATA,STA,E4:D1:24:F0:BE:00,-62,10,0,0,0,0,0,0,0,0,0,-97,0,5,0,19476022,0,399,0,0,19.8682,128,[-113 -15 24 0 -29 -21 -29 -21 -27 -20 -27 -19 -26 -19 -25 -19 -24 -18 -23 -17 -22 -16 -20 -17 -20 -17 -18 -16 -17 -15 -16 -15 -14 -14 -13 -14 -12 -13 -11 -13 -10 -12 -9 -11 -9 -10 -8 -9 -7 -9 -6 -8 -5 -9 0 0 0 0 0 0 0 0 0 0 0 0 0 0 0 0 0 0 0 0 0 0 -13 -13 -12 -14 -12 -14 -12 -14 -11 -15 -11 -15 -11 -15 -11 -15 -11 -16 -11 -16 -12 -16 -12 -17 -13 -18 -13 -18 -13 -18 -14 -19 -15 -19 -16 -20 -17 -19 -18 -20 -19 -20 -21 -21 -22 -21 -24 -22 -25 -22 -27 -23 ]
CSI_DATA,STA,E4:D1:24:F0:BE:00,-61,10,0,0,0,0,0,0,0,0,0,-97,0,5,0,19578424,0,399,0,0,19.9707,128,[-113 -15 24 0 11 -38 10 -38 10 -37 10 -35 9 -34 9 -34 10 -33 9 -32 10 -32 10 -30 9 -29 9 -27 10 -25 10 -24 10 -22 11 -20 10 -20 10 -19 10 -17 10 -16 9 -15 9 -13 9 -12 9 -10 8 -10 0 0 0 0 0 0 0 0 0 0 0 0 0 0 0 0 0 0 0 0 0 0 5 -15 6 -15 7 -15 7 -16 8 -16 8 -15 8 -16 9 -16 10 -16 10 -17 10 -17 11 -18 12 -18 12 -19 13 -20 13 -21 13 -21 14 -22 13 -24 14 -25 13 -26 14 -28 13 -30 13 -31 14 -34 14 -36 ]
CSI_DATA,STA,E4:D1:24:F0:BE:00,-62,10,0,0,0,0,0,0,0,0,0,-97,0,5,0,19680826,0,399,0,0,20.0731,128,[-113 -15 24 0 -30 21 -28 21 -27 21 -26 20 -26 20 -26 19 -25 18 -24 18 -23 17 -22 15 -22 15 -21 13 -21 12 -20 11 -18 10 -18 9 -18 8 -17 7 -16 6 -16 5 -15 4 -14 3 -13 3 -12 2 -12 1 0 0 0 0 0 0 0 0 0 0 0 0 0 0 0 0 0 0 0 0 0 0 -16 10 -16 9 -17 9 -17 8 -18 8 -18 7 -18 8 -19 8 -19 8 -19 7 -20 8 -21 7 -21 7 -21 7 -22 7 -23 9 -23 9 -24 9 -24 11 -26 10 -25 12 -27 13 -27 14 -28 16 -29 17 -29 19 ]
CSI_DATA,STA,E4:D1:24:F0:BE:00,-61,10,0,0,0,0,0,0,0,0,0,-97,0,5,0,19783228,0,399,0,0,20.1755,128,[-113 -15 24 0 33 0 32 -1 30 -1 30 -1 28 -1 27 -1 27 -1 25 -1 24 -1 22 0 21 0 20 1 19 1 17 1 16 1 15 2 14 3 13 2 12 2 11 2 10 2 9 2 8 2 8 2 7 2 0 0 0 0 0 0 0 0 0 0 0 0 0 0 0 0 0 0 0 0 0 0 16 0 16 1 16 2 16 2 16 2 16 2 17 3 17 2 17 3 17 3 18 4 19 3 19 4 20 4 21 4 21 4 23 4 23 4 25 3 26 3 27 3 28 3 29 2 31 2 32 1 34 0 ]
CSI_DATA,STA,E4:D1:24:F0:BE:00,-61,10,0,0,0,0,0,0,0,0,0,-97,0,5,0,19885628,0,399,0,0,20.2779,128,[-113 -15 24 0 38 -1 36 -1 36 -2 35 -1 34 -2 33 -1 31 -1 30 -1 29 0 28 0 27 0 26 0 24 1 23 1 21 2 20 3 19 3 19 3 18 3 16 4 15 4 14 4 14 4 13 5 12 4 0 0 0 0 0 0 0 0 0 0 0 0 0 0 0 0 0 0 0 0 0 0 16 0 15 1 16 1 16 2 16 2 16 1 17 2 17 2 18 2 18 1 18 2 20 2 21 2 22 3 23 3 24 3 24 3 26 3 27 3 28 3 30 2 31 2 32 2 34 1 36 0 38 0 ]
CSI_DATA,STA,E4:D1:24:F0:BE:00,-62,10,0,0,0,0,0,0,0,0,0,-97,0,5,0,19988030,0,399,0,0,20.3803,128,[-113 -15 24 0 35 -12 33 -12 31 -12 30 -12 29 -12 28 -12 27 -11 26 -10 25 -10 23 -9 23 -8 22 -7 20 -6 20 -6 18 -5 17 -4 16 -3 15 -3 14 -2 13 -2 12 -1 11 -1 10 0 9 -1 9 -1 0 0 0 0 0 0 0 0 0 0 0 0 0 0 0 0 0 0 0 0 0 0 20 -7 19 -6 19 -6 19 -6 20 -5 21 -6 21 -5 21 -5 22 -5 23 -5 22 -5 24 -5 25 -5 26 -5 27 -5 28 -5 28 -6 29 -6 30 -6 31 -6 31 -7 33 -8 34 -8 35 -9 36 -10 37 -11 ]
CSI_DATA,STA,E4:D1:24:F0:BE:00,-62,10,0,0,0,0,0,0,0,0,0,-97,0,5,0,20090432,0,399,0,0,20.4826,128,[-113 -15 24 0 -36 -1 -35 0 -34 0 -33 0 -32 0 -32 0 -30 0 -30 1 -29 0 -28 1 -27 -1 -26 -1 -25 0 -24 0 -22 -1 -22 -2 -21 -2 -21 -3 -20 -3 -19 -3 -18 -4 -17 -4 -17 -4 -16 -4 -15 -6 0 0 0 0 0 0 0 0 0 0 0 0 0 0 0 0 0 0 0 0 0 0 -18 -2 -19 -3 -18 -4 -19 -4 -19 -3 -20 -4 -20 -5 -20 -5 -20 -4 -20 -5 -20 -5 -21 -5 -23 -6 -23 -6 -24 -6 -24 -6 -25 -6 -26 -6 -26 -5 -28 -6 -29 -5 -30 -5 -31 -4 -33 -4 -35 -3 -35 -3 ]
CSI_DATA,STA,E4:D1:24:F0:BE:00,-63,10,0,0,0,0,0,0,0,0,0,-97,0,5,0,20192833,0,399,0,0,20.585,128,[-113 -15 24 0 22 -25 22 -25 21 -23 21 -23 18 -22 18 -22 17 -20 17 -19 16 -18 16 -18 15 -17 14 -15 14 -15 13 -13 13 -12 13 -11 12 -11 12 -10 11 -9 11 -9 10 -7 9 -7 9 -7 9 -5 8 -6 0 0 0 0 0 0 0 0 0 0 0 0 0 0 0 0 0 0 0 0 0 0 14 -14 14 -13 14 -13 14 -13 15 -12 14 -14 15 -13 15 -14 15 -14 16 -14 16 -14 17 -14 18 -15 18 -15 19 -16 19 -16 20 -17 20 -17 21 -19 21 -19 22 -20 22 -21 22 -21 24 -22 24 -23 25 -26 ]
CSI_DATA,STA,E4:D1:24:F0:BE:00,-61,10,0,0,0,0,0,0,0,0,0,-97,0,5,0,20295235,0,399,0,0,20.6876,128,[-113 -15 24 0 8 -32 7 -31 7 -30 7 -29 6 -28 6 -27 5 -26 4 -25 5 -24 5 -24 5 -22 4 -20 5 -20 5 -19 5 -18 5 -17 6 -17 5 -16 6 -15 5 -14 5 -14 5 -12 6 -12 6 -11 7 -11 0 0 0 0 0 0 0 0 0 0 0 0 0 0 0 0 0 0 0 0 0 0 3 -21 4 -21 5 -20 6 -21 6 -21 7 -21 7 -21 7 -22 8 -21 9 -21 9 -21 9 -22 10 -22 11 -22 11 -23 11 -23 11 -24 11 -24 11 -26 12 -26 11 -27 11 -29 10 -28 11 -30 11 -31 11 -33 ]
CSI_DATA,STA,E4:D1:24:F0:BE:00,-61,10,0,0,0,0,0,0,0,0,0,-97,0,5,0,20397637,0,399,0,0,20.7899,128,[-113 -15 24 0 -5 -35 -6 -33 -5 -32 -6 -31 -6 -30 -6 -30 -6 -28 -6 -28 -6 -27 -6 -26 -6 -25 -5 -24 -5 -23 -4 -22 -3 -21 -3 -21 -3 -20 -2 -19 -1 -19 -1 -18 -1 -17 0 -16 0 -16 1 -15 2 -14 0 0 0 0 0 0 0 0 0 0 0 0 0 0 0 0 0 0 0 0 0 0 -6 -21 -4 -21 -4 -21 -3 -22 -2 -22 -2 -22 -1 -23 -1 -23 0 -24 0 -24 0 -24 1 -24 2 -25 1 -26 2 -26 2 -27 2 -28 2 -29 2 -29 2 -29 1 -31 1 -31 0 -32 -1 -34 -1 -34 -1 -37 ]
CSI_DATA,STA,E4:D1:24:F0:BE:00,-62,10,0,0,0,0,0,0,0,0,0,-97,0,5,0,20500039,0,399,0,0,20.8923,128,[-113 -15 24 0 -36 3 -34 4 -33 4 -33 5 -31 6 -31 6 -29 6 -29 7 -29 6 -28 5 -28 5 -27 5 -26 5 -24 5 -23 4 -23 3 -22 3 -22 3 -21 3 -21 2 -20 1 -20 0 -18 -1 -18 -1 -18 -3 0 0 0 0 0 0 0 0 0 0 0 0 0 0 0 0 0 0 0 0 0 0 -22 4 -22 3 -22 1 -22 0 -22 0 -22 0 -22 -1 -23 -1 -23 -1 -23 -2 -23 -3 -23 -3 -24 -4 -25 -4 -25 -3 -26 -4 -26 -4 -27 -4 -27 -4 -29 -3 -30 -3 -31 -3 -32 -2 -33 -2 -34 -1 -35 -1 ]
CSI_DATA,STA,E4:D1:24:F0:BE:00,-62,10,0,0,0,0,0,0,0,0,0,-97,0,5,0,20602441,0,399,0,0,20.9948,128,[-113 -15 24 0 -20 -19 -21 -18 -20 -17 -21 -17 -22 -16 -22 -16 -21 -15 -21 -15 -21 -15 -20 -15 -21 -14 -20 -15 -19 -14 -18 -14 -17 -14 -17 -14 -16 -14 -16 -14 -15 -14 -14 -13 -12 -14 -12 -13 -11 -13 -10 -13 -9 -14 0 0 0 0 0 0 0 0 0 0 0 0 0 0 0 0 0 0 0 0 0 0 -12 -10 -11 -11 -10 -12 -10 -12 -9 -13 -9 -13 -10 -13 -9 -13 -8 -14 -8 -13 -8 -14 -9 -15 -8 -15 -8 -16 -8 -15 -9 -17 -9 -17 -9 -17 -10 -17 -10 -17 -12 -18 -12 -19 -13 -18 -15 -19 -16 -20 -17 -20 ]
CSI_DATA,STA,E4:D1:24:F0:BE:00,-60,10,0,0,0,0,0,0,0,0,0,-97,0,5,0,20704843,0,399,0,0,21.0972,128,[-113 -15 24 0 16 -27 14 -27 13 -26 12 -25 11 -25 11 -25 10 -24 9 -24 9 -24 9 -23 8 -23 8 -23 8 -21 8 -21 8 -19 8 -19 8 -18 8 -18 9 -17 8 -17 9 -15 8 -15 9 -14 9 -13 10 -12 0 0 0 0 0 0 0 0 0 0 0 0 0 0 0 0 0 0 0 0 0 0 2 -13 3 -12 3 -12 4 -12 5 -13 5 -13 5 -13 6 -13 7 -13 7 -13 7 -14 8 -14 9 -14 10 -15 11 -15 11 -16 12 -16 13 -17 13 -18 14 -18 14 -20 15 -21 15 -22 15 -23 16 -24 17 -26 ]
CSI_DATA,STA,E4:D1:24:F0:BE:00,-60,10,0,0,0,0,0,0,0,0,0,-97,0,5,0,20807245,0,399,0,0,21.1995,128,[-113 -15 24 0 32 -13 30 -13 29 -14 27 -14 27 -15 26 -15 25 -16 24 -16 24 -15 23 -15 22 -15 22 -14 21 -14 21 -13 20 -12 20 -12 20 -11 20 -11 19 -10 19 -9 18 -8 18 -7 17 -6 17 -5 17 -4 0 0 0 0 0 0 0 0 0 0 0 0 0 0 0 0 0 0 0 0 0 0 11 -11 12 -10 13 -9 14 -8 15 -8 15 -8 16 -7 16 -7 17 -6 17 -6 17 -5 19 -5 20 -5 21 -4 21 -4 22 -5 23 -5 24 -5 25 -5 26 -5 27 -6 28 -7 29 -7 30 -8 31 -8 33 -10 ]
CSI_DATA,STA,E4:D1:24:F0:BE:00,-60,10,0,0,0,0,0,0,0,0,0,-97,0,5,0,20909646,0,399,0,0,21.3018,128,[-113 -15 24 0 -23 -28 -23 -26 -22 -25 -22 -23 -23 -22 -23 -22 -22 -21 -22 -21 -22 -20 -22 -19 -21 -18 -22 -19 -20 -18 -19 -18 -18 -17 -18 -18 -17 -18 -16 -18 -15 -18 -14 -18 -13 -18 -12 -18 -11 -17 -10 -17 -8 -18 0 0 0 0 0 0 0 0 0 0 0 0 0 0 0 0 0 0 0 0 0 0 -12 -8 -11 -9 -11 -10 -11 -10 -11 -11 -10 -12 -11 -13 -11 -14 -11 -14 -11 -15 -10 -15 -11 -16 -11 -17 -11 -18 -11 -19 -11 -21 -11 -21 -12 -22 -12 -23 -12 -24 -13 -24 -14 -26 -15 -26 -17 -27 -18 -28 -20 -29 ]
CSI_DATA,STA,E4:D1:24:F0:BE:00,-59,10,0,0,0,0,0,0,0,0,0,-97,0,5,0,21012048,0,399,0,0,21.4043,128,[-113 -15 24 0 -15 25 -14 24 -12 24 -12 24 -11 24 -10 23 -10 23 -9 23 -9 23 -8 22 -8 21 -8 21 -9 20 -9 20 -8 19 -9 18 -9 18 -10 17 -10 16 -10 16 -10 14 -10 13 -10 12 -11 12 -11 10 0 0 0 0 0 0 0 0 0 0 0 0 0 0 0 0 0 0 0 0 0 0 -5 13 -6 12 -7 12 -7 12 -8 12 -8 12 -9 11 -10 12 -10 12 -11 12 -11 11 -11 12 -12 12 -13 13 -14 12 -14 13 -15 14 -15 15 -15 15 -16 15 -16 17 -17 18 -17 19 -17 20 -17 22 -17 23 ]
CSI_DATA,STA,E4:D1:24:F0:BE:00,-58,10,0,0,0,0,0,0,0,0,0,-97,0,5,0,21114450,0,399,0,0,21.5067,128,[-113 -15 24 0 20 30 21 29 19 27 20 26 20 25 20 24 20 22 20 22 19 21 18 21 18 20 17 19 17 19 15 18 14 17 14 17 13 18 12 17 11 16 11 16 10 16 9 15 8 15 7 15 6 15 0 0 0 0 0 0 0 0 0 0 0 0 0 0 0 0 0 0 0 0 0 0 11 9 10 10 9 10 9 12 9 12 9 13 9 14 9 14 9 15 8 15 8 16 9 18 8 19 9 20 9 21 9 22 9 23 10 23 10 25 11 26 12 27 13 28 13 28 15 29 16 30 18 32 ]
CSI_DATA,STA,E4:D1:24:F0:BE:00,-59,10,0,0,0,0,0,0,0,0,0,-97,0,5,0,21216852,0,399,0,0,21.6092,128,[-113 -15 24 0 -39 -9 -37 -7 -36 -6 -35 -6 -34 -4 -34 -4 -33 -3 -33 -3 -31 -3 -31 -2 -30 -2 -29 -2 -28 -2 -27 -2 -26 -3 -26 -3 -24 -4 -24 -4 -23 -5 -22 -5 -21 -6 -21 -6 -20 -6 -19 -7 -17 -8 0 0 0 0 0 0 0 0 0 0 0 0 0 0 0 0 0 0 0 0 0 0 -13 1 -13 0 -14 -1 -13 -2 -14 -2 -14 -3 -14 -3 -15 -3 -16 -4 -17 -5 -17 -5 -18 -5 -19 -7 -20 -7 -20 -8 -22 -8 -23 -9 -24 -10 -25 -10 -26 -11 -29 -11 -29 -12 -31 -11 -33 -11 -35 -11 -37 -11 ]
CSI_DATA,STA,E4:D1:24:F0:BE:00,-61,10,0,0,0,0,0,0,0,0,0,-97,0,5,0,21319254,0,399,0,0,21.7115,128,[-113 -15 24 0 -20 -31 -20 -30 -20 -29 -20 -27 -21 -26 -20 -26 -20 -25 -20 -24 -19 -23 -17 -23 -17 -23 -16 -22 -16 -21 -15 -20 -13 -19 -13 -19 -12 -19 -12 -18 -11 -18 -10 -17 -10 -16 -8 -16 -7 -15 -6 -15 -5 -15 0 0 0 0 0 0 0 0 0 0 0 0 0 0 0 0 0 0 0 0 0 0 -13 -11 -11 -12 -11 -13 -11 -13 -10 -14 -10 -15 -10 -15 -10 -15 -9 -16 -9 -17 -9 -18 -9 -19 -9 -20 -8 -21 -9 -21 -9 -22 -9 -23 -10 -25 -10 -25 -11 -26 -12 -26 -13 -28 -13 -29 -14 -30 -15 -31 -16 -33 ]
CSI_DATA,STA,E4:D1:24:F0:BE:00,-59,10,0,0,0,0,0,0,0,0,0,-97,0,5,0,21421656,0,399,0,0,21.814,128,[-113 -15 24 0 -38 -8 -37 -6 -35 -5 -33 -5 -33 -4 -32 -3 -31 -3 -30 -3 -29 -3 -28 -3 -28 -3 -27 -3 -25 -3 -25 -3 -23 -3 -23 -3 -22 -4 -21 -4 -20 -4 -19 -5 -18 -5 -18 -5 -17 -6 -16 -6 -15 -7 0 0 0 0 0 0 0 0 0 0 0 0 0 0 0 0 0 0 0 0 0 0 -15 1 -15 0 -15 -1 -15 -2 -15 -2 -16 -2 -16 -3 -17 -3 -17 -4 -18 -5 -18 -5 -19 -5 -20 -6 -21 -7 -21 -7 -23 -8 -23 -8 -25 -9 -26 -9 -27 -9 -29 -9 -30 -10 -32 -10 -33 -10 -35 -9 -36 -9 ]
CSI_DATA,STA,E4:D1:24:F0:BE:00,-58,10,0,0,0,0,0,0,0,0,0,-97,0,5,0,21524058,0,399,0,0,21.9162,128,[-113 -15 24 0 32 23 32 21 31 19 30 18 30 17 30 16 29 15 28 15 27 14 27 13 25 13 25 12 24 12 23 12 21 12 21 12 20 12 19 12 18 13 17 12 16 13 16 13 14 13 12 14 11 14 0 0 0 0 0 0 0 0 0 0 0 0 0 0 0 0 0 0 0 0 0 0 13 4 12 5 12 6 12 6 12 7 12 7 12 8 13 8 13 9 14 10 14 10 14 11 16 12 15 13 16 14 17 15 18 15 19 17 21 17 21 19 23 19 24 21 26 21 28 22 29 23 31 24 ]
CSI_DATA,STA,E4:D1:24:F0:BE:00,-59,10,0,0,0,0,0,0,0,0,0,-97,0,5,0,21626460,0,399,0,0,22.0186,128,[-113 -15 24 0 11 37 11 35 11 34 11 33 11 32 11 31 11 31 10 29 10 29 9 28 9 27 8 25 7 24 6 24 6 22 5 23 4 22 3 21 3 21 2 20 2 19 0 18 -1 17 -2 16 -2 15 0 0 0 0 0 0 0 0 0 0 0 0 0 0 0 0 0 0 0 0 0 0 8 14 6 14 6 14 5 14 4 15 4 16 4 16 4 16 4 17 4 17 3 18 3 18 3 19 3 21 3 22 3 24 3 24 3 26 3 27 4 28 4 29 5 31 5 33 6 34 7 36 8 38 ]
CSI_DATA,STA,E4:D1:24:F0:BE:00,-60,10,0,0,0,0,0,0,0,0,0,-97,0,5,0,21728861,0,399,0,0,22.1211,128,[-113 -15 24 0 -10 32 -10 32 -9 31 -8 30 -7 30 -7 29 -6 28 -7 28 -6 27 -6 26 -6 25 -6 24 -6 23 -6 22 -6 21 -6 20 -7 20 -7 19 -7 18 -7 17 -8 16 -8 15 -8 14 -8 13 -8 11 0 0 0 0 0 0 0 0 0 0 0 0 0 0 0 0 0 0 0 0 0 0 -2 15 -2 15 -3 15 -4 14 -5 15 -5 15 -6 15 -6 16 -7 16 -7 16 -8 17 -8 17 -9 18 -10 18 -10 19 -11 20 -12 20 -12 21 -13 22 -13 23 -13 24 -14 25 -13 27 -13 28 -14 30 -13 32 ]
CSI_DATA,STA,E4:D1:24:F0:BE:00,-60,10,0,0,0,0,0,0,0,0,0,-97,0,5,0,21831259,0,399,0,0,22.2237,128,[-113 -15 24 0 32 -12 31 -13 30 -13 29 -13 29 -13 28 -13 27 -12 26 -12 26 -12 25 -11 24 -11 23 -11 22 -10 22 -9 20 -8 21 -7 20 -7 19 -6 19 -5 18 -5 17 -4 16 -3 16 -2 15 -2 15 -1 0 0 0 0 0 0 0 0 0 0 0 0 0 0 0 0 0 0 0 0 0 0 13 -7 13 -6 14 -6 13 -6 14 -5 14 -4 15 -4 15 -4 16 -4 16 -3 17 -3 18 -3 19 -3 20 -2 20 -2 21 -3 21 -2 23 -3 23 -3 24 -3 25 -4 27 -4 27 -6 29 -7 30 -8 31 -9 ]
CSI_DATA,STA,E4:D1:24:F0:BE:00,-59,10,0,0,0,0,0,0,0,0,0,-97,0,5,0,21933661,0,399,0,0,22.326,128,[-113 -15 24 0 27 -16 26 -17 26 -17 25 -17 24 -17 24 -17 23 -17 22 -17 22 -16 21 -16 20 -15 20 -14 19 -13 19 -13 18 -12 18 -12 18 -10 18 -10 17 -9 17 -8 16 -7 16 -6 16 -5 15 -4 15 -3 0 0 0 0 0 0 0 0 0 0 0 0 0 0 0 0 0 0 0 0 0 0 11 -8 12 -7 12 -7 12 -6 13 -6 13 -6 13 -6 14 -6 14 -6 15 -6 15 -6 16 -6 17 -5 18 -5 18 -5 19 -6 20 -6 21 -6 21 -7 23 -7 23 -8 24 -9 25 -9 26 -10 27 -12 27 -14 ]
CSI_DATA,STA,E4:D1:24:F0:BE:00,-61,10,0,0,0,0,0,0,0,0,0,-97,0,5,0,22036063,0,399,0,0,22.4284,128,[-113 -15 24 0 29 -12 28 -13 26 -13 26 -13 25 -14 25 -14 24 -14 23 -14 23 -13 22 -13 22 -13 22 -12 20 -11 21 -11 19 -10 20 -9 20 -9 19 -9 19 -7 18 -7 18 -6 18 -5 17 -4 17 -2 17 -2 0 0 0 0 0 0 0 0 0 0 0 0 0 0 0 0 0 0 0 0 0 0 13 -7 13 -6 13 -5 13 -5 14 -4 14 -4 14 -4 14 -4 15 -4 15 -4 15 -3 17 -3 18 -3 19 -3 19 -3 20 -3 20 -3 21 -3 23 -4 23 -4 24 -5 25 -5 25 -6 27 -6 28 -8 30 -9 ]
CSI_DATA,STA,E4:D1:24:F0:BE:00,-60,10,0,0,0,0,0,0,0,0,0,-97,0,5,0,22138465,0,399,0,0,22.5308,128,[-113 -15 24 0 19 -25 19 -26 17 -25 17 -25 16 -25 16 -25 15 -23 14 -23 14 -23 13 -23 13 -21 13 -21 13 -20 12 -19 12 -18 12 -17 13 -17 12 -16 12 -15 12 -15 12 -13 12 -12 12 -12 12 -10 13 -9 0 0 0 0 0 0 0 0 0 0 0 0 0 0 0 0 0 0 0 0 0 0 6 -10 6 -9 7 -9 7 -9 8 -9 8 -9 8 -10 9 -10 9 -10 10 -10 10 -11 11 -11 12 -12 13 -11 14 -12 14 -12 15 -13 16 -13 16 -15 17 -15 18 -17 18 -17 18 -18 19 -20 20 -21 21 -24 ]
CSI_DATA,STA,E4:D1:24:F0:BE:00,-60,10,0,0,0,0,0,0,0,0,0,-97,0,5,0,22240867,0,399,0,0,22.6332,128,[-113 -15 24 0 -4 -34 -4 -33 -4 -32 -5 -31 -6 -31 -6 -31 -6 -30 -6 -29 -6 -30 -6 -28 -5 -27 -5 -26 -4 -26 -4 -25 -3 -23 -2 -23 -2 -22 -1 -22 -1 -21 0 -20 0 -19 1 -18 1 -17 2 -16 4 -16 0 0 0 0 0 0 0 0 0 0 0 0 0 0 0 0 0 0 0 0 0 0 0 -15 1 -15 2 -14 2 -14 3 -15 2 -15 3 -15 2 -15 3 -16 3 -16 3 -16 4 -17 4 -17 4 -18 4 -19 4 -20 4 -21 4 -22 4 -22 3 -23 2 -25 3 -27 1 -28 1 -29 0 -31 0 -33 ]
CSI_DATA,STA,E4:D1:24:F0:BE:00,-60,10,0,0,0,0,0,0,0,0,0,-97,0,5,0,22343269,0,399,0,0,22.7354,128,[-113 -15 24 0 37 -1 36 -2 36 -3 35 -3 34 -4 34 -4 34 -3 32 -4 32 -4 31 -2 30 -2 28 -2 28 -1 27 -1 26 0 25 0 24 1 23 1 22 2 21 3 20 3 19 4 17 5 16 6 15 6 0 0 0 0 0 0 0 0 0 0 0 0 0 0 0 0 0 0 0 0 0 0 16 -1 15 0 16 1 15 1 16 2 16 2 17 2 17 3 18 3 17 4 18 4 19 5 19 5 20 6 21 6 21 5 22 6 23 6 24 6 26 6 26 5 29 4 30 4 31 4 34 3 35 2 ]
CSI_DATA,STA,E4:D1:24:F0:BE:00,-59,10,0,0,0,0,0,0,0,0,0,-97,0,5,0,22445670,0,399,0,0,22.8379,128,[-113 -15 24 0 0 37 1 36 1 36 2 34 2 34 2 33 2 32 2 32 1 32 2 30 1 29 1 28 0 27 0 26 -1 24 -1 24 -2 23 -2 23 -3 21 -4 21 -3 20 -5 18 -5 18 -6 17 -6 16 0 0 0 0 0 0 0 0 0 0 0 0 0 0 0 0 0 0 0 0 0 0 1 15 -1 15 -2 15 -2 15 -3 15 -3 16 -4 16 -4 16 -5 17 -5 17 -5 17 -6 18 -6 18 -6 19 -6 20 -7 21 -7 22 -6 22 -6 23 -6 25 -6 26 -5 27 -5 29 -4 30 -4 33 -3 35 ]
CSI_DATA,STA,E4:D1:24:F0:BE:00,-60,10,0,0,0,0,0,0,0,0,0,-97,0,5,0,22548072,0,399,0,0,22.9404,128,[-113 -15 24 0 14 32 14 30 16 30 16 28 16 29 15 28 16 28 15 28 15 28 15 26 14 26 13 25 12 25 11 24 10 22 10 24 8 23 7 22 6 22 4 22 4 20 3 20 2 19 1 18 0 18 0 0 0 0 0 0 0 0 0 0 0 0 0 0 0 0 0 0 0 0 0 0 9 14 7 14 6 15 5 16 5 16 4 16 4 17 3 18 3 18 3 18 3 18 3 19 2 21 2 21 2 21 2 23 2 23 2 24 2 24 3 25 4 27 4 27 6 28 7 29 8 31 11 32 ]
CSI_DATA,STA,E4:D1:24:F0:BE:00,-59,10,0,0,0,0,0,0,0,0,0,-97,0,5,0,22650474,0,399,0,0,23.0428,128,[-113 -15 24 0 -37 2 -36 2 -34 3 -34 4 -33 5 -33 5 -32 4 -31 5 -30 5 -30 4 -29 4 -28 3 -27 3 -26 2 -24 2 -24 1 -23 1 -23 0 -22 0 -21 -1 -20 -2 -19 -2 -18 -3 -17 -3 -16 -5 0 0 0 0 0 0 0 0 0 0 0 0 0 0 0 0 0 0 0 0 0 0 -17 3 -18 1 -17 0 -18 -1 -19 -1 -18 -2 -19 -2 -19 -3 -20 -3 -20 -4 -20 -5 -20 -5 -21 -6 -22 -7 -23 -7 -24 -7 -24 -7 -25 -7 -26 -7 -27 -6 -28 -6 -30 -6 -31 -5 -32 -4 -34 -3 -36 -3 ]
CSI_DATA,STA,E4:D1:24:F0:BE:00,-60,10,0,0,0,0,0,0,0,0,0,-97,0,5,0,22752876,0,399,0,0,23.1452,128,[-113 -15 24 0 -32 -11 -32 -9 -30 -7 -31 -7 -31 -6 -31 -6 -29 -5 -30 -5 -28 -5 -28 -6 -27 -5 -26 -6 -26 -6 -24 -6 -22 -6 -22 -6 -22 -7 -21 -7 -20 -7 -19 -7 -18 -8 -17 -8 -16 -9 -15 -9 -14 -10 0 0 0 0 0 0 0 0 0 0 0 0 0 0 0 0 0 0 0 0 0 0 -16 -5 -16 -6 -16 -7 -15 -8 -16 -8 -16 -8 -15 -9 -16 -9 -16 -10 -16 -10 -16 -11 -17 -12 -17 -13 -17 -13 -18 -13 -19 -14 -19 -14 -20 -14 -21 -15 -22 -15 -23 -15 -24 -15 -25 -14 -27 -14 -28 -14 -30 -14 ]
CSI_DATA,STA,E4:D1:24:F0:BE:00,-59,10,0,0,0,0,0,0,0,0,0,-97,0,5,0,22855278,0,399,0,0,23.2476,128,[-113 -15 24 0 -25 25 -23 25 -22 24 -21 24 -20 24 -19 23 -18 22 -18 22 -17 21 -16 20 -17 19 -16 18 -15 17 -15 16 -14 15 -14 14 -14 14 -14 13 -13 12 -13 11 -13 11 -12 10 -12 9 -13 8 -12 7 0 0 0 0 0 0 0 0 0 0 0 0 0 0 0 0 0 0 0 0 0 0 -8 13 -9 12 -10 12 -11 12 -12 11 -12 11 -13 11 -13 12 -14 12 -14 11 -15 12 -16 12 -17 12 -17 12 -18 13 -19 13 -19 14 -20 14 -21 15 -22 17 -22 18 -23 19 -23 20 -25 21 -25 22 -26 24 ]
CSI_DATA,STA,E4:D1:24:F0:BE:00,-59,10,0,0,0,0,0,0,0,0,0,-97,0,5,0,22957680,0,399,0,0,23.35,128,[-113 -15 24 0 1 32 3 31 3 30 3 29 4 29 3 28 4 27 4 27 4 26 4 25 3 24 4 24 3 23 2 22 2 21 1 20 1 20 -1 19 -1 19 -1 18 -2 17 -2 16 -3 15 -4 14 -4 13 0 0 0 0 0 0 0 0 0 0 0 0 0 0 0 0 0 0 0 0 0 0 3 12 2 12 1 13 1 13 0 14 -1 14 -1 15 -2 15 -2 15 -2 16 -3 16 -3 16 -3 17 -4 18 -4 18 -4 19 -5 20 -5 21 -4 22 -5 22 -4 24 -3 25 -3 27 -1 28 -1 30 0 31 ]
CSI_DATA,STA,E4:D1:24:F0:BE:00,-60,10,0,0,0,0,0,0,0,0,0,-97,0,5,0,23060082,0,399,0,0,23.4522,128,[-113 -15 24 0 -35 4 -34 5 -33 5 -32 5 -31 6 -32 6 -30 6 -30 6 -29 6 -28 5 -28 5 -27 5 -26 4 -25 4 -23 3 -23 2 -22 2 -22 1 -21 1 -21 0 -20 0 -19 -1 -18 -2 -18 -2 -16 -4 0 0 0 0 0 0 0 0 0 0 0 0 0 0 0 0 0 0 0 0 0 0 -16 2 -16 0 -17 0 -17 -1 -17 -2 -17 -2 -17 -2 -18 -3 -18 -3 -18 -4 -18 -4 -19 -5 -19 -5 -20 -5 -20 -5 -21 -5 -21 -5 -23 -5 -23 -5 -24 -4 -26 -4 -27 -3 -28 -2 -29 -1 -32 0 -33 0 ]
CSI_DATA,STA,E4:D1:24:F0:BE:00,-60,10,0,0,0,0,0,0,0,0,0,-97,0,5,0,23162483,0,399,0,0,23.5546,128,[-113 -15 24 0 -9 34 -9 34 -8 32 -8 32 -6 31 -6 31 -5 31 -5 30 -5 30 -6 29 -5 28 -5 27 -6 27 -6 25 -7 24 -7 24 -7 23 -8 22 -8 21 -8 20 -9 19 -9 18 -10 17 -10 16 -11 15 0 0 0 0 0 0 0 0 0 0 0 0 0 0 0 0 0 0 0 0 0 0 -1 13 -3 13 -3 13 -4 13 -5 14 -5 14 -6 14 -6 14 -6 15 -7 14 -8 15 -8 16 -9 16 -10 16 -11 18 -11 18 -11 19 -12 20 -12 21 -12 22 -12 23 -12 24 -12 26 -12 28 -13 29 -12 32 ]
CSI_DATA,STA,E4:D1:24:F0:BE:00,-59,10,0,0,0,0,0,0,0,0,0,-97,0,5,0,23264885,0,399,0,0,23.6572,128,[-113 -15 24 0 -9 33 -7 33 -7 32 -7 32 -6 32 -6 32 -5 31 -5 31 -5 30 -5 29 -6 28 -6 28 -5 26 -6 25 -6 24 -7 24 -7 23 -7 22 -8 21 -8 20 -9 19 -9 18 -10 17 -11 16 -11 15 0 0 0 0 0 0 0 0 0 0 0 0 0 0 0 0 0 0 0 0 0 0 -3 11 -4 11 -4 11 -5 11 -5 11 -6 11 -6 11 -6 12 -7 12 -7 12 -7 13 -8 13 -8 14 -9 15 -10 15 -10 16 -10 17 -11 18 -10 19 -11 20 -10 22 -11 23 -10 25 -10 27 -11 29 -10 31 ]
CSI_DATA,STA,E4:D1:24:F0:BE:00,-59,10,0,0,0,0,0,0,0,0,0,-97,0,5,0,23367287,0,399,0,0,23.7596,128,[-113 -15 24 0 0 -37 -1 -35 -1 -35 -3 -32 -3 -32 -4 -31 -4 -30 -5 -30 -5 -30 -4 -29 -5 -27 -4 -27 -4 -26 -4 -25 -4 -23 -3 -24 -2 -23 -2 -23 -2 -22 -1 -21 -1 -20 0 -20 1 -19 2 -19 3 -18 0 0 0 0 0 0 0 0 0 0 0 0 0 0 0 0 0 0 0 0 0 0 -3 -15 -2 -15 -1 -16 -1 -15 0 -16 0 -17 1 -17 1 -17 2 -18 3 -18 3 -19 4 -19 4 -20 5 -21 5 -22 5 -23 5 -23 6 -25 5 -25 5 -27 5 -28 5 -30 5 -31 4 -32 4 -34 4 -35 ]
CSI_DATA,STA,E4:D1:24:F0:BE:00,-58,10,0,0,0,0,0,0,0,0,0,-97,0,5,0,23469689,0,399,0,0,23.862,128,[-113 -15 24 0 38 6 36 5 36 4 35 3 34 2 34 2 32 2 32 2 31 2 30 2 29 2 28 2 27 3 27 3 24 2 25 3 24 4 23 4 22 5 21 5 20 5 20 6 19 6 18 8 17 8 0 0 0 0 0 0 0 0 0 0 0 0 0 0 0 0 0 0 0 0 0 0 14 0 14 0 14 1 14 1 15 2 15 3 15 3 16 4 16 4 17 5 17 5 18 6 19 7 20 7 20 7 22 7 22 8 24 9 24 8 26 9 27 9 29 9 31 9 33 9 35 8 36 8 ]
CSI_DATA,STA,E4:D1:24:F0:BE:00,-59,10,0,0,0,0,0,0,0,0,0,-97,0,5,0,23572091,0,399,0,0,23.9644,128,[-113 -15 24 0 -3 37 -2 36 -2 35 -2 34 -1 33 -1 32 0 30 -1 30 0 28 0 28 0 27 0 26 -1 25 -2 23 -2 22 -2 22 -3 21 -3 20 -3 19 -4 18 -4 17 -4 16 -4 15 -5 14 -5 14 0 0 0 0 0 0 0 0 0 0 0 0 0 0 0 0 0 0 0 0 0 0 2 16 1 16 0 16 -1 16 -1 16 -2 17 -2 17 -3 17 -3 17 -3 17 -3 18 -4 18 -4 19 -4 20 -5 21 -5 23 -6 24 -6 25 -6 26 -6 27 -5 29 -6 30 -5 32 -6 33 -5 35 -5 38 ]
CSI_DATA,STA,E4:D1:24:F0:BE:00,-60,10,0,0,0,0,0,0,0,0,0,-97,0,5,0,23674493,0,399,0,0,24.0668,128,[-113 -15 24 0 -32 12 -30 13 -30 13 -29 13 -27 13 -27 13 -26 13 -25 13 -25 12 -24 12 -24 11 -23 11 -22 10 -22 10 -21 8 -20 8 -20 7 -20 7 -19 6 -18 5 -18 4 -17 4 -16 3 -16 2 -15 1 0 0 0 0 0 0 0 0 0 0 0 0 0 0 0 0 0 0 0 0 0 0 -12 4 -12 3 -13 3 -13 3 -13 3 -13 2 -14 2 -14 3 -14 3 -15 2 -15 2 -15 2 -17 2 -18 2 -18 3 -19 3 -20 4 -21 4 -22 5 -23 5 -25 5 -26 5 -27 7 -28 8 -30 9 -31 9 ]
CSI_DATA,STA,E4:D1:24:F0:BE:00,-61,10,0,0,0,0,0,0,0,0,0,-97,0,5,0,23776895,0,399,0,0,24.1691,128,[-113 -15 24 0 37 -7 35 -7 35 -7 33 -6 32 -7 32 -7 30 -6 29 -7 29 -7 27 -7 26 -6 26 -6 24 -5 24 -5 22 -4 23 -3 21 -2 20 -2 19 -1 18 -1 17 0 17 0 15 0 15 1 14 1 0 0 0 0 0 0 0 0 0 0 0 0 0 0 0 0 0 0 0 0 0 0 12 -5 12 -4 13 -4 12 -3 13 -3 13 -3 14 -3 14 -3 15 -2 15 -2 15 -2 16 -2 18 -2 19 -2 19 -2 21 -2 21 -2 24 -2 24 -2 25 -1 27 -2 29 -3 31 -3 32 -4 34 -4 36 -5 ]
CSI_DATA,STA,E4:D1:24:F0:BE:00,-58,10,0,0,0,0,0,0,0,0,0,-97,0,5,0,23879296,0,399,0,0,24.2714,128,[-113 -15 24 0 33 12 33 10 32 9 31 9 30 8 30 8 28 7 28 7 27 7 26 6 25 7 24 6 22 6 22 6 20 6 20 7 18 7 17 7 16 7 15 7 14 7 13 7 12 7 11 7 11 7 0 0 0 0 0 0 0 0 0 0 0 0 0 0 0 0 0 0 0 0 0 0 16 3 15 4 16 5 15 6 15 7 15 7 15 8 15 8 15 9 16 9 15 10 16 10 17 11 17 11 18 12 19 11 19 12 20 13 22 12 23 13 24 13 26 13 27 14 29 13 31 13 33 13 ]
CSI_DATA,STA,E4:D1:24:F0:BE:00,-58,10,0,0,0,0,0,0,0,0,0,-97,0,5,0,23975786,0,34,0,0,24.3677,128,[34 32 2 0 -28 -22 -28 -21 -26 -20 -26 -19 -26 -18 -25 -17 -24 -16 -24 -16 -22 -15 -22 -15 -21 -14 -20 -14 -19 -13 -17 -13 -16 -13 -16 -13 -15 -12 -14 -12 -13 -12 -12 -12 -11 -11 -10 -11 -10 -10 -9 -10 -8 -10 0 0 0 0 0 0 0 0 0 0 0 0 0 0 0 0 0 0 0 0 0 0 -14 -8 -13 -9 -13 -11 -13 -11 -12 -11 -13 -12 -13 -12 -13 -13 -13 -13 -13 -13 -13 -14 -13 -15 -14 -15 -14 -16 -15 -17 -16 -18 -16 -18 -17 -19 -18 -19 -18 -20 -20 -20 -21 -22 -23 -21 -24 -22 -26 -23 -27 -24 ]
CSI_DATA,STA,E4:D1:24:F0:BE:00,-58,10,0,0,0,0,0,0,0,0,0,-97,0,5,0,23976958,0,34,0,0,24.4074,128,[34 32 2 0 -20 28 -18 27 -18 26 -17 25 -16 25 -15 24 -15 23 -14 23 -14 21 -14 20 -14 19 -14 18 -13 17 -13 17 -11 16 -12 15 -12 14 -12 13 -11 12 -11 11 -11 10 -11 9 -10 8 -9 7 -12 7 0 0 0 0 0 0 0 0 0 0 0 0 0 0 0 0 0 0 0 0 0 0 -8 14 -8 13 -9 13 -10 12 -10 12 -11 12 -11 13 -11 13 -12 14 -13 12 -13 13 -14 13 -15 12 -15 14 -16 15 -16 15 -16 16 -17 17 -17 17 -17 19 -18 20 -19 21 -20 21 -21 22 -22 24 -23 26 ]
CSI_DATA,STA,E4:D1:24:F0:BE:00,-59,10,0,0,0,0,0,0,0,0,0,-97,0,5,0,23981698,0,399,0,0,24.4511,128,[-113 -15 24 0 -32 -26 -33 -24 -31 -22 -30 -22 -30 -20 -29 -20 -27 -18 -27 -18 -26 -17 -25 -16 -24 -16 -22 -16 -21 -15 -20 -14 -19 -14 -18 -14 -16 -13 -16 -13 -15 -13 -14 -12 -13 -12 -12 -11 -11 -11 -11 -11 -9 -11 0 0 0 0 0 0 0 0 0 0 0 0 0 0 0 0 0 0 0 0 0 0 -16 -10 -15 -11 -15 -12 -15 -12 -15 -13 -15 -13 -14 -14 -14 -15 -15 -15 -15 -16 -15 -16 -15 -17 -16 -18 -17 -19 -17 -19 -19 -20 -19 -20 -20 -22 -21 -22 -22 -22 -23 -23 -25 -24 -26 -25 -27 -25 -30 -27 -30 -27 ]
CSI_DATA,STA,E4:D1:24:F0:BE:00,-59,10,0,0,0,0,0,0,0,0,0,-97,0,5,0,24084100,0,399,0,0,24.5019,128,[-113 -15 24 0 -35 -18 -34 -15 -33 -15 -32 -14 -32 -13 -32 -13 -30 -11 -30 -11 -29 -12 -29 -11 -27 -11 -26 -11 -25 -11 -24 -11 -22 -10 -22 -11 -20 -11 -20 -11 -19 -11 -18 -11 -17 -11 -16 -11 -15 -11 -14 -11 -12 -11 0 0 0 0 0 0 0 0 0 0 0 0 0 0 0 0 0 0 0 0 0 0 -17 -7 -16 -8 -16 -9 -15 -9 -15 -11 -15 -10 -15 -11 -15 -11 -15 -12 -15 -12 -15 -13 -16 -14 -16 -13 -17 -14 -17 -15 -19 -15 -19 -15 -20 -16 -21 -16 -22 -17 -23 -17 -26 -18 -27 -18 -29 -18 -30 -19 -32 -19 ]
CSI_DATA,STA,E4:D1:24:F0:BE:00,-58,10,0,0,0,0,0,0,0,0,0,-97,0,5,0,24186502,0,399,0,0,24.5786,128,[-113 -15 24 0 14 35 16 33 15 32 15 30 15 29 15 29 14 28 15 27 14 26 14 25 13 24 13 23 12 23 11 22 10 20 9 21 8 20 7 20 7 19 6 18 5 17 5 16 4 16 3 16 3 15 0 0 0 0 0 0 0 0 0 0 0 0 0 0 0 0 0 0 0 0 0 0 10 15 8 16 7 16 7 16 6 18 5 17 5 18 4 19 4 19 4 19 4 20 4 21 3 21 4 22 3 23 4 24 4 25 5 26 5 26 5 27 6 28 7 30 8 30 10 32 11 33 12 35 ]
CSI_DATA,STA,E4:D1:24:F0:BE:00,-58,10,0,0,0,0,0,0,0,0,0,-97,0,5,0,24289603,0,399,0,0,24.6819,128,[-113 -15 24 0 -22 30 -20 30 -19 29 -18 29 -17 28 -17 27 -16 26 -14 26 -14 25 -14 25 -14 24 -13 23 -13 22 -13 20 -12 19 -13 19 -13 18 -13 17 -13 16 -13 15 -13 14 -12 12 -12 11 -13 11 -13 9 0 0 0 0 0 0 0 0 0 0 0 0 0 0 0 0 0 0 0 0 0 0 -9 16 -10 16 -11 15 -12 15 -13 14 -14 14 -14 14 -15 14 -15 14 -16 14 -16 13 -17 14 -18 14 -18 14 -19 15 -20 16 -20 16 -21 17 -21 18 -22 19 -22 21 -23 22 -23 23 -23 25 -24 27 -24 29 ]
CSI_DATA,STA,E4:D1:24:F0:BE:00,-58,10,0,0,0,0,0,0,0,0,0,-97,0,5,0,24391306,0,399,0,0,24.7836,128,[-113 -15 24 0 -27 18 -25 18 -24 19 -24 18 -22 19 -22 19 -20 18 -20 19 -19 18 -19 17 -19 17 -18 16 -17 15 -17 15 -17 14 -17 14 -17 13 -17 12 -16 11 -16 10 -16 9 -16 8 -15 7 -15 5 -15 4 0 0 0 0 0 0 0 0 0 0 0 0 0 0 0 0 0 0 0 0 0 0 -12 12 -13 10 -14 10 -14 8 -15 8 -15 8 -17 8 -17 7 -17 8 -18 6 -18 6 -19 6 -19 5 -20 5 -20 6 -22 7 -22 7 -23 7 -23 8 -23 9 -25 10 -25 11 -26 11 -27 13 -28 14 -28 15 ]
CSI_DATA,STA,E4:D1:24:F0:BE:00,-59,10,0,0,0,0,0,0,0,0,0,-97,0,5,0,24493708,0,399,0,0,24.886,128,[-113 -15 24 0 -36 7 -35 8 -33 8 -32 9 -31 9 -31 9 -29 9 -29 9 -27 9 -27 8 -27 8 -26 7 -25 7 -23 6 -23 6 -22 5 -22 4 -21 4 -20 3 -19 3 -19 2 -18 1 -18 1 -17 0 -16 -2 0 0 0 0 0 0 0 0 0 0 0 0 0 0 0 0 0 0 0 0 0 0 -19 5 -20 3 -20 2 -20 1 -20 0 -20 0 -21 0 -21 -1 -21 -1 -21 -2 -21 -2 -21 -3 -23 -3 -23 -4 -24 -3 -24 -3 -25 -3 -26 -2 -27 -2 -28 -1 -29 0 -31 0 -31 1 -33 2 -34 3 -36 4 ]
CSI_DATA,STA,E4:D1:24:F0:BE:00,-61,10,0,0,0,0,0,0,0,0,0,-97,0,5,0,24596109,0,399,0,0,24.9883,128,[-113 -15 24 0 -34 0 -34 2 -31 3 -31 3 -31 4 -31 4 -30 5 -30 5 -29 5 -29 5 -29 5 -28 5 -28 4 -26 3 -26 3 -25 2 -24 2 -24 1 -23 0 -22 0 -22 -1 -21 -1 -20 -2 -20 -3 -18 -5 0 0 0 0 0 0 0 0 0 0 0 0 0 0 0 0 0 0 0 0 0 0 -19 2 -19 0 -19 -1 -19 -2 -19 -4 -19 -4 -19 -5 -19 -5 -19 -7 -19 -6 -19 -7 -19 -7 -20 -8 -20 -9 -21 -9 -21 -9 -22 -9 -22 -9 -23 -9 -24 -9 -25 -8 -26 -8 -27 -7 -29 -6 -30 -5 -32 -4 ]
CSI_DATA,STA,E4:D1:24:F0:BE:00,-58,10,0,0,0,0,0,0,0,0,0,-97,0,5,0,24698511,0,399,0,0,25.0908,128,[-113 -15 24 0 39 -9 37 -9 37 -10 35 -10 34 -10 33 -10 32 -10 31 -10 31 -10 30 -9 28 -9 28 -8 26 -7 26 -6 24 -6 24 -5 23 -4 22 -3 21 -3 21 -2 19 -2 19 0 18 0 17 1 17 2 0 0 0 0 0 0 0 0 0 0 0 0 0 0 0 0 0 0 0 0 0 0 16 -5 16 -4 16 -3 16 -2 17 -1 17 -1 17 0 18 0 18 0 18 0 18 1 19 1 21 1 21 1 22 1 23 0 23 0 25 0 27 -1 28 -1 29 -2 32 -3 32 -3 34 -4 36 -5 38 -7 ]
CSI_DATA,STA,E4:D1:24:F0:BE:00,-58,10,0,0,0,0,0,0,0,0,0,-97,0,5,0,24800913,0,399,0,0,25.1933,128,[-113 -15 24 0 -19 -34 -19 -32 -18 -32 -18 -30 -17 -29 -17 -29 -16 -27 -16 -27 -15 -27 -15 -26 -14 -25 -13 -24 -12 -23 -11 -22 -9 -21 -9 -21 -7 -20 -8 -20 -6 -19 -5 -19 -5 -18 -4 -17 -3 -16 -2 -16 -1 -15 0 0 0 0 0 0 0 0 0 0 0 0 0 0 0 0 0 0 0 0 0 0 -10 -15 -9 -15 -8 -16 -8 -16 -7 -17 -7 -17 -7 -18 -7 -18 -6 -18 -6 -19 -6 -19 -6 -20 -6 -21 -6 -22 -7 -22 -7 -24 -7 -24 -7 -25 -8 -26 -9 -26 -10 -28 -11 -29 -12 -30 -14 -31 -15 -33 -16 -35 ]
CSI_DATA,STA,E4:D1:24:F0:BE:00,-59,10,0,0,0,0,0,0,0,0,0,-97,0,5,0,24903315,0,399,0,0,25.2956,128,[-113 -15 24 0 30 12 30 11 29 9 29 9 28 8 28 8 26 7 26 7 25 7 24 7 24 7 23 7 22 7 20 7 19 7 19 7 18 7 17 8 16 7 15 8 14 8 14 8 13 8 11 9 11 9 0 0 0 0 0 0 0 0 0 0 0 0 0 0 0 0 0 0 0 0 0 0 16 5 15 7 14 8 13 8 13 9 13 9 13 10 13 10 13 11 13 11 13 11 13 11 14 12 14 12 14 13 15 13 16 13 17 13 18 12 19 14 21 13 22 14 23 13 25 13 27 13 29 13 ]
CSI_DATA,STA,E4:D1:24:F0:BE:00,-58,10,0,0,0,0,0,0,0,0,0,-97,0,5,0,25005717,0,399,0,0,25.398,128,[-113 -15 24 0 35 10 34 9 33 8 32 7 32 6 32 7 30 6 29 6 28 5 28 6 26 6 25 6 24 6 23 6 21 6 21 7 20 7 19 7 18 7 17 7 16 7 15 8 13 8 12 8 12 9 0 0 0 0 0 0 0 0 0 0 0 0 0 0 0 0 0 0 0 0 0 0 17 2 17 3 17 4 17 5 17 6 17 6 17 7 17 7 18 8 18 9 18 9 18 10 19 11 20 11 20 11 21 12 21 12 22 13 24 13 24 13 26 13 28 13 29 13 30 13 32 13 34 12 ]
CSI_DATA,STA,E4:D1:24:F0:BE:00,-60,10,0,0,0,0,0,0,0,0,0,-97,0,5,0,25108119,0,399,0,0,25.5005,128,[-113 -15 24 0 -26 -28 -26 -25 -26 -25 -26 -24 -26 -23 -26 -22 -24 -22 -25 -21 -24 -20 -23 -19 -23 -19 -21 -19 -21 -19 -20 -18 -18 -17 -18 -18 -16 -17 -16 -17 -15 -17 -14 -16 -13 -16 -12 -16 -11 -16 -10 -16 -8 -16 0 0 0 0 0 0 0 0 0 0 0 0 0 0 0 0 0 0 0 0 0 0 -14 -15 -13 -15 -12 -16 -11 -16 -11 -17 -10 -17 -10 -18 -10 -19 -9 -19 -9 -19 -9 -20 -9 -20 -9 -20 -9 -21 -10 -22 -10 -23 -10 -23 -11 -24 -12 -24 -13 -24 -14 -25 -16 -26 -17 -26 -19 -27 -20 -27 -22 -29 ]
CSI_DATA,STA,E4:D1:24:F0:BE:00,-60,10,0,0,0,0,0,0,0,0,0,-97,0,5,0,25183713,0,380,0,0,25.5758,128,[124 -63 23 0 -10 36 -9 36 -8 34 -8 33 -6 34 -6 32 -5 32 -4 32 -5 30 -5 29 -5 28 -5 27 -5 27 -5 25 -5 24 -6 23 -6 23 -6 22 -7 21 -7 20 -7 19 -8 18 -9 17 -9 16 -11 14 0 0 0 0 0 0 0 0 0 0 0 0 0 0 0 0 0 0 0 0 0 0 -5 17 -6 16 -7 16 -8 15 -8 16 -8 16 -8 16 -9 16 -9 17 -10 17 -10 16 -11 17 -12 18 -12 19 -12 20 -12 21 -12 21 -13 23 -13 23 -13 25 -13 26 -13 28 -13 29 -13 30 -13 33 -13 35 ]
CSI_DATA,STA,E4:D1:24:F0:BE:00,-61,10,0,0,0,0,0,0,0,0,0,-97,0,5,0,25210521,0,399,0,0,25.6087,128,[-113 -15 24 0 30 6 30 5 28 4 28 4 28 3 27 3 26 2 25 2 24 2 24 2 23 3 22 2 21 3 21 2 20 3 19 3 19 3 18 3 16 4 16 4 15 4 14 5 13 5 12 6 12 6 0 0 0 0 0 0 0 0 0 0 0 0 0 0 0 0 0 0 0 0 0 0 14 1 14 2 14 3 14 3 13 4 14 4 13 4 14 5 14 4 14 5 14 6 15 6 16 6 17 7 17 6 18 7 18 7 19 8 21 8 22 8 23 7 25 7 25 8 27 8 29 8 30 7 ]
CSI_DATA,STA,E4:D1:24:F0:BE:00,-60,10,0,0,0,0,0,0,0,0,0,-97,0,5,0,25242857,0,364,0,0,25.6467,128,[108 -63 22 0 21 -30 21 -29 19 -29 18 -28 17 -28 17 -28 16 -27 15 -27 14 -27 14 -26 14 -25 13 -25 13 -24 13 -22 13 -21 13 -20 13 -19 14 -18 14 -17 13 -16 13 -15 13 -14 13 -13 13 -12 13 -10 0 0 0 0 0 0 0 0 0 0 0 0 0 0 0 0 0 0 0 0 0 0 8 -16 9 -15 10 -15 11 -14 12 -14 12 -14 13 -13 13 -14 14 -14 13 -14 15 -13 15 -14 16 -14 18 -14 18 -15 19 -15 19 -15 19 -17 21 -18 21 -18 21 -20 23 -20 23 -22 23 -24 24 -26 24 -28 ]
CSI_DATA,STA,E4:D1:24:F0:BE:00,-60,10,0,0,0,0,0,0,0,0,0,-97,0,5,0,25312922,0,399,0,0,25.705,128,[-113 -15 24 0 27 -25 26 -26 25 -25 24 -24 22 -25 21 -24 20 -23 20 -23 20 -23 19 -22 19 -21 18 -20 17 -19 17 -18 16 -17 16 -15 16 -15 15 -14 15 -13 14 -12 15 -11 14 -10 14 -9 13 -8 14 -7 0 0 0 0 0 0 0 0 0 0 0 0 0 0 0 0 0 0 0 0 0 0 10 -15 11 -14 12 -14 12 -13 14 -12 14 -12 15 -12 15 -12 16 -12 16 -12 16 -11 18 -12 19 -12 19 -12 20 -13 21 -13 21 -13 23 -14 23 -14 24 -15 24 -17 26 -18 26 -18 27 -21 29 -22 29 -24 ]
CSI_DATA,STA,E4:D1:24:F0:BE:00,-60,10,0,0,0,0,0,0,0,0,0,-97,0,5,0,25352819,0,368,0,0,25.7448,128,[112 1 23 0 -2 -36 -2 -34 -2 -34 -3 -32 -4 -31 -4 -30 -4 -29 -4 -29 -5 -29 -4 -28 -4 -27 -3 -25 -2 -25 -2 -24 -1 -22 -1 -22 0 -21 0 -21 1 -19 1 -18 2 -18 2 -16 3 -15 4 -15 5 -14 0 0 0 0 0 0 0 0 0 0 0 0 0 0 0 0 0 0 0 0 0 0 -4 -19 -2 -18 -2 -19 -1 -18 0 -18 0 -19 1 -19 1 -19 2 -19 2 -20 3 -20 3 -21 4 -22 4 -22 4 -23 4 -25 4 -25 5 -27 4 -27 4 -28 4 -29 4 -30 3 -32 4 -33 3 -35 2 -36 ]
CSI_DATA,STA,E4:D1:24:F0:BE:00,-58,10,0,0,0,0,0,0,0,0,0,-97,0,5,0,25402541,0,386,0,0,25.7944,128,[-126 33 24 0 -26 27 -24 27 -23 26 -22 26 -20 26 -21 26 -19 24 -19 24 -19 23 -18 22 -19 21 -18 20 -17 19 -16 18 -16 17 -16 16 -16 15 -16 14 -16 13 -15 12 -15 11 -14 10 -15 9 -14 7 -15 7 0 0 0 0 0 0 0 0 0 0 0 0 0 0 0 0 0 0 0 0 0 0 -12 13 -13 12 -14 12 -14 11 -15 10 -15 10 -15 11 -16 10 -16 10 -17 10 -17 10 -18 10 -19 10 -19 11 -20 11 -21 12 -21 13 -22 13 -22 14 -23 15 -23 17 -24 18 -25 19 -25 20 -27 23 -27 25 ]
CSI_DATA,STA,E4:D1:24:F0:BE:00,-59,10,0,0,0,0,0,0,0,0,0,-97,0,5,0,25415324,0,399,0,0,25.8297,128,[-113 -15 24 0 -4 35 -4 34 -3 32 -2 32 -1 31 -1 30 -1 29 -1 28 -1 28 -1 27 -2 25 -2 24 -2 23 -3 21 -3 21 -3 20 -4 20 -4 19 -5 18 -5 17 -5 16 -5 15 -6 14 -7 13 -7 12 0 0 0 0 0 0 0 0 0 0 0 0 0 0 0 0 0 0 0 0 0 0 -1 17 -2 17 -3 17 -4 17 -5 17 -5 17 -6 17 -6 17 -6 18 -7 18 -7 17 -8 19 -8 19 -9 19 -9 20 -9 21 -9 22 -9 23 -8 24 -9 25 -8 26 -8 28 -7 29 -7 30 -7 32 -6 34 ]
CSI_DATA,STA,E4:D1:24:F0:BE:00,-60,10,0,0,0,0,0,0,0,0,0,-97,0,5,0,25452665,0,368,0,0,25.8719,128,[112 1 23 0 -25 26 -24 27 -23 26 -21 26 -21 26 -21 25 -20 24 -19 24 -19 23 -18 22 -18 21 -17 20 -17 19 -17 18 -17 16 -17 16 -17 15 -17 13 -16 12 -16 12 -15 10 -15 9 -14 8 -15 7 -15 7 0 0 0 0 0 0 0 0 0 0 0 0 0 0 0 0 0 0 0 0 0 0 -13 16 -14 15 -15 13 -15 12 -16 12 -16 12 -17 12 -17 12 -18 11 -18 11 -18 11 -19 11 -19 11 -20 12 -20 12 -21 13 -21 13 -22 14 -23 14 -22 15 -23 17 -24 18 -24 20 -25 21 -26 23 -26 25 ]
CSI_DATA,STA,E4:D1:24:F0:BE:00,-60,10,0,0,0,0,0,0,0,0,0,-97,0,5,0,25498985,0,64,0,0,25.9146,128,[64 0 4 0 -19 -26 -19 -25 -18 -24 -17 -23 -18 -22 -17 -22 -17 -21 -17 -21 -15 -20 -15 -20 -14 -19 -14 -18 -13 -18 -11 -17 -10 -16 -10 -16 -9 -16 -8 -15 -8 -14 -7 -14 -6 -14 -5 -13 -5 -12 -4 -12 -4 -12 0 0 0 0 0 0 0 0 0 0 0 0 0 0 0 0 0 0 0 0 0 0 -9 -13 -8 -14 -7 -15 -7 -14 -6 -15 -6 -15 -6 -15 -6 -15 -6 -15 -6 -15 -6 -15 -6 -16 -6 -16 -6 -17 -7 -18 -7 -18 -8 -19 -8 -20 -9 -20 -9 -21 -11 -21 -12 -23 -12 -23 -14 -24 -15 -25 -16 -26 ]
CSI_DATA,STA,E4:D1:24:F0:BE:00,-61,10,0,0,0,0,0,0,0,0,0,-97,0,5,0,25517730,0,399,0,0,25.9604,128,[-113 -15 24 0 -35 -15 -34 -14 -33 -13 -32 -12 -32 -12 -31 -12 -30 -11 -29 -10 -29 -11 -27 -11 -27 -11 -25 -11 -24 -10 -23 -11 -21 -10 -21 -11 -20 -11 -19 -11 -17 -12 -16 -11 -15 -11 -15 -11 -13 -11 -12 -11 -10 -12 0 0 0 0 0 0 0 0 0 0 0 0 0 0 0 0 0 0 0 0 0 0 -16 -8 -15 -9 -15 -10 -14 -10 -14 -10 -13 -11 -14 -11 -14 -12 -14 -11 -14 -12 -14 -12 -15 -12 -15 -13 -16 -13 -17 -13 -18 -14 -18 -14 -20 -15 -21 -15 -22 -16 -23 -15 -25 -16 -26 -16 -28 -16 -30 -16 -32 -17 ]
CSI_DATA,STA,E4:D1:24:F0:BE:00,-58,10,0,0,0,0,0,0,0,0,0,-97,0,5,0,25620128,0,399,0,0,26.0123,128,[-113 -15 24 0 15 29 15 27 15 27 15 26 15 25 14 25 14 24 14 23 13 23 12 22 11 21 11 21 10 20 9 20 7 18 7 18 6 17 5 17 4 16 3 15 3 15 2 14 1 13 0 13 0 12 0 0 0 0 0 0 0 0 0 0 0 0 0 0 0 0 0 0 0 0 0 0 8 13 7 13 6 14 5 14 5 14 5 14 5 15 4 16 4 16 4 17 3 17 4 17 4 18 3 19 4 19 4 20 4 21 5 22 5 22 6 23 7 24 8 25 9 27 10 27 11 29 13 30 ]
CSI_DATA,STA,E4:D1:24:F0:BE:00,-60,10,0,0,0,0,0,0,0,0,0,-97,0,5,0,25722530,0,399,0,0,26.1149,128,[-113 -15 24 0 -36 17 -35 18 -34 18 -32 18 -31 18 -32 18 -30 18 -30 17 -29 16 -29 16 -27 15 -26 14 -26 13 -25 12 -23 11 -24 10 -23 9 -22 9 -21 7 -20 7 -20 6 -19 4 -18 4 -18 3 -17 1 0 0 0 0 0 0 0 0 0 0 0 0 0 0 0 0 0 0 0 0 0 0 -15 9 -15 8 -16 7 -16 6 -17 5 -17 5 -17 5 -18 5 -18 5 -19 5 -19 5 -20 5 -21 5 -21 4 -23 5 -24 5 -25 5 -26 6 -26 6 -28 7 -29 8 -30 10 -32 11 -33 11 -34 13 -36 14 ]
CSI_DATA,STA,E4:D1:24:F0:BE:00,-60,10,0,0,0,0,0,0,0,0,0,-97,0,5,0,25824932,0,399,0,0,26.2173,128,[-113 -15 24 0 9 31 9 30 9 29 10 28 10 27 10 27 9 25 9 25 8 24 8 23 7 23 7 22 6 21 6 20 5 19 4 19 4 18 4 17 3 16 2 16 2 15 1 14 1 14 0 14 -1 13 0 0 0 0 0 0 0 0 0 0 0 0 0 0 0 0 0 0 0 0 0 0 5 12 5 13 4 13 3 14 3 14 3 15 2 14 2 15 2 16 1 16 1 17 0 18 0 19 0 19 0 19 0 20 0 21 0 22 1 22 1 24 2 24 3 26 3 27 4 28 5 30 6 31 ]
CSI_DATA,STA,E4:D1:24:F0:BE:00,-59,10,0,0,0,0,0,0,0,0,0,-97,0,5,0,25927334,0,399,0,0,26.3197,128,[-113 -15 24 0 -27 -28 -26 -25 -27 -24 -25 -23 -26 -23 -25 -22 -25 -21 -24 -21 -23 -21 -22 -20 -21 -20 -20 -19 -19 -19 -18 -19 -16 -17 -16 -18 -15 -17 -13 -17 -13 -17 -12 -16 -11 -16 -10 -16 -9 -15 -8 -15 -5 -15 0 0 0 0 0 0 0 0 0 0 0 0 0 0 0 0 0 0 0 0 0 0 -14 -13 -13 -13 -12 -15 -12 -14 -11 -16 -11 -16 -11 -16 -11 -16 -11 -17 -10 -18 -10 -18 -10 -18 -10 -19 -11 -20 -11 -20 -12 -21 -13 -21 -13 -22 -14 -22 -15 -23 -17 -24 -18 -24 -19 -26 -21 -26 -22 -27 -24 -28 ]
CSI_DATA,STA,E4:D1:24:F0:BE:00,-60,10,0,0,0,0,0,0,0,0,0,-97,0,5,0,26029735,0,399,0,0,26.4219,128,[-113 -15 24 0 34 2 34 0 32 0 32 -1 31 -2 30 -2 29 -2 29 -2 27 -2 27 -2 26 -2 25 -1 24 -1 22 -1 21 0 20 1 20 1 19 1 18 1 17 1 16 2 15 2 14 2 13 3 14 3 0 0 0 0 0 0 0 0 0 0 0 0 0 0 0 0 0 0 0 0 0 0 20 -2 20 0 19 1 20 2 20 3 20 4 20 5 21 6 21 6 20 7 20 7 21 8 21 8 22 9 23 9 22 9 23 9 23 10 25 9 25 9 26 8 28 8 29 8 30 7 33 6 34 5 ]
CSI_DATA,STA,E4:D1:24:F0:BE:00,-58,10,0,0,0,0,0,0,0,0,0,-97,0,5,0,26132137,0,399,0,0,26.5243,128,[-113 -15 24 0 20 30 20 28 20 28 20 27 20 26 20 25 19 24 18 24 17 23 17 23 16 22 15 21 14 21 13 20 12 19 11 19 10 19 10 18 8 17 8 17 7 16 6 16 5 16 4 15 3 15 0 0 0 0 0 0 0 0 0 0 0 0 0 0 0 0 0 0 0 0 0 0 11 15 9 16 8 17 7 17 7 18 6 18 6 19 5 19 5 19 4 20 4 20 3 21 4 21 3 21 4 22 4 23 5 23 6 24 6 24 7 25 9 25 10 26 11 27 13 28 14 30 16 30 ]
CSI_DATA,STA,E4:D1:24:F0:BE:00,-58,10,0,0,0,0,0,0,0,0,0,-97,0,5,0,26234539,0,399,0,0,26.6268,128,[-113 -15 24 0 -4 -32 -5 -32 -5 -30 -4 -30 -5 -28 -5 -28 -5 -27 -5 -26 -4 -25 -5 -24 -4 -23 -4 -22 -3 -22 -2 -20 -2 -20 -2 -19 -1 -19 0 -18 0 -17 1 -16 1 -15 1 -14 2 -14 2 -13 4 -12 0 0 0 0 0 0 0 0 0 0 0 0 0 0 0 0 0 0 0 0 0 0 -1 -19 0 -19 1 -19 2 -19 3 -19 3 -19 4 -19 4 -19 5 -19 5 -19 5 -19 6 -19 6 -19 6 -20 6 -21 6 -21 5 -22 4 -22 4 -23 4 -24 3 -25 3 -26 1 -27 1 -29 -1 -30 -1 -32 ]
CSI_DATA,STA,E4:D1:24:F0:BE:00,-57,10,0,0,0,0,0,0,0,0,0,-97,0,5,0,26238210,0,64,0,0,26.6601,128,[64 0 4 0 -33 -19 -32 -18 -31 -17 -30 -16 -30 -15 -29 -15 -28 -15 -27 -14 -26 -14 -25 -14 -24 -13 -23 -13 -21 -13 -20 -13 -19 -12 -18 -12 -17 -12 -16 -13 -15 -12 -14 -12 -13 -12 -12 -12 -11 -12 -10 -12 -9 -12 0 0 0 0 0 0 0 0 0 0 0 0 0 0 0 0 0 0 0 0 0 0 -19 -11 -18 -12 -17 -14 -17 -14 -16 -15 -16 -16 -16 -16 -16 -17 -15 -17 -15 -17 -14 -18 -15 -19 -15 -18 -15 -20 -16 -20 -17 -20 -17 -20 -18 -21 -20 -20 -20 -20 -22 -20 -23 -20 -25 -20 -26 -21 -29 -21 -30 -21 ]
CSI_DATA,STA,E4:D1:24:F0:BE:00,-59,10,0,0,0,0,0,0,0,0,0,-97,0,5,0,26336941,0,399,0,0,26.7291,128,[-113 -15 24 0 -28 -25 -28 -24 -27 -22 -26 -21 -25 -20 -26 -20 -25 -19 -25 -18 -23 -18 -22 -17 -22 -17 -21 -16 -20 -16 -18 -16 -17 -16 -17 -15 -15 -15 -15 -15 -13 -15 -13 -15 -12 -15 -11 -14 -10 -14 -9 -14 -7 -15 0 0 0 0 0 0 0 0 0 0 0 0 0 0 0 0 0 0 0 0 0 0 -18 -13 -16 -14 -16 -16 -16 -16 -15 -16 -14 -17 -14 -17 -14 -17 -14 -18 -14 -18 -14 -18 -13 -20 -14 -20 -14 -21 -15 -21 -15 -21 -16 -22 -17 -22 -17 -23 -18 -23 -20 -23 -21 -25 -21 -25 -23 -25 -25 -26 -26 -26 ]
CSI_DATA,STA,E4:D1:24:F0:BE:00,-59,10,0,0,0,0,0,0,0,0,0,-97,0,5,0,26439343,0,399,0,0,26.8317,128,[-113 -15 24 0 33 8 33 6 31 6 32 5 31 5 30 5 29 4 28 4 27 4 26 4 25 4 24 4 23 4 22 4 21 4 21 5 20 5 19 5 18 5 17 5 17 5 15 6 15 6 14 7 14 8 0 0 0 0 0 0 0 0 0 0 0 0 0 0 0 0 0 0 0 0 0 0 16 2 16 3 16 4 16 5 15 6 16 6 16 7 16 7 16 8 15 8 15 8 16 9 17 9 17 10 18 10 18 10 19 10 20 10 21 11 22 11 23 10 25 10 26 10 29 10 30 10 32 9 ]
CSI_DATA,STA,E4:D1:24:F0:BE:00,-58,10,0,0,0,0,0,0,0,0,0,-97,0,5,0,26541745,0,399,0,0,26.934,128,[-113 -15 24 0 -39 -13 -37 -11 -35 -11 -34 -11 -33 -10 -33 -9 -31 -9 -30 -8 -29 -8 -28 -8 -27 -8 -25 -8 -24 -8 -23 -7 -21 -7 -21 -8 -20 -7 -20 -8 -18 -7 -18 -8 -17 -8 -16 -8 -15 -8 -14 -9 -13 -9 0 0 0 0 0 0 0 0 0 0 0 0 0 0 0 0 0 0 0 0 0 0 -18 -4 -17 -5 -17 -6 -16 -7 -16 -8 -17 -8 -17 -8 -17 -9 -17 -8 -17 -10 -17 -10 -18 -10 -19 -11 -19 -11 -20 -12 -21 -11 -22 -12 -23 -13 -25 -13 -26 -13 -28 -12 -30 -12 -31 -13 -33 -13 -35 -14 -37 -14 ]
CSI_DATA,STA,E4:D1:24:F0:BE:00,-59,10,0,0,0,0,0,0,0,0,0,-97,0,5,0,26644147,0,399,0,0,27.0365,128,[-113 -15 24 0 8 -32 7 -31 7 -30 6 -28 4 -27 4 -27 4 -26 3 -25 3 -24 2 -24 1 -22 2 -22 2 -20 2 -19 2 -19 2 -18 2 -17 2 -17 2 -16 3 -15 2 -14 3 -14 3 -13 3 -13 4 -12 0 0 0 0 0 0 0 0 0 0 0 0 0 0 0 0 0 0 0 0 0 0 -1 -17 1 -16 2 -17 3 -17 4 -17 4 -17 5 -17 5 -18 6 -18 7 -18 7 -18 8 -19 9 -19 9 -20 9 -20 9 -22 10 -22 11 -23 10 -23 11 -25 11 -25 11 -27 11 -28 11 -29 12 -30 11 -32 ]
CSI_DATA,STA,E4:D1:24:F0:BE:00,-61,10,0,0,0,0,0,0,0,0,0,-97,0,5,0,26746548,0,399,0,0,27.1387,128,[-113 -15 24 0 -34 -16 -32 -15 -30 -14 -30 -13 -29 -12 -29 -11 -28 -11 -27 -9 -26 -9 -26 -8 -25 -8 -24 -8 -22 -8 -22 -8 -21 -7 -20 -7 -20 -7 -19 -7 -18 -7 -17 -7 -17 -7 -16 -7 -15 -7 -15 -7 -13 -7 0 0 0 0 0 0 0 0 0 0 0 0 0 0 0 0 0 0 0 0 0 0 -20 -5 -19 -6 -19 -8 -19 -8 -19 -8 -19 -8 -19 -9 -19 -9 -19 -10 -19 -10 -19 -11 -20 -11 -20 -12 -20 -12 -21 -13 -22 -13 -22 -14 -23 -15 -24 -15 -25 -16 -26 -16 -27 -16 -28 -16 -30 -17 -31 -17 -32 -18 ]
CSI_DATA,STA,E4:D1:24:F0:BE:00,-60,10,0,0,0,0,0,0,0,0,0,-97,0,5,0,26848950,0,399,0,0,27.2412,128,[-113 -15 24 0 14 31 13 31 14 30 14 28 14 28 14 27 14 26 14 26 14 25 13 25 13 23 12 23 12 22 11 22 10 21 9 21 9 20 8 20 8 19 7 19 6 18 5 17 4 17 3 17 3 17 0 0 0 0 0 0 0 0 0 0 0 0 0 0 0 0 0 0 0 0 0 0 10 10 9 10 8 11 8 11 7 12 7 12 7 13 7 13 7 14 6 14 6 15 6 16 6 17 6 18 6 18 6 20 6 21 7 22 7 22 7 24 8 26 8 27 9 28 10 29 11 32 13 34 ]
CSI_DATA,STA,E4:D1:24:F0:BE:00,-61,10,0,0,0,0,0,0,0,0,0,-97,0,5,0,26951352,0,399,0,0,27.3437,128,[-113 -15 24 0 -30 19 -28 19 -27 19 -26 19 -24 19 -23 19 -22 19 -21 19 -20 19 -21 18 -20 17 -19 17 -18 17 -18 16 -17 15 -17 15 -17 14 -16 13 -16 12 -16 12 -15 11 -15 10 -15 9 -14 8 -14 7 0 0 0 0 0 0 0 0 0 0 0 0 0 0 0 0 0 0 0 0 0 0 -12 13 -13 12 -13 11 -14 10 -14 10 -14 10 -15 10 -16 9 -15 9 -17 9 -17 9 -18 9 -19 9 -19 9 -20 9 -21 10 -22 10 -22 10 -24 11 -25 12 -25 13 -26 13 -28 14 -29 15 -30 16 -31 18 ]
CSI_DATA,STA,E4:D1:24:F0:BE:00,-60,10,0,0,0,0,0,0,0,0,0,-97,0,5,0,27053754,0,399,0,0,27.4461,128,[-113 -15 24 0 -38 -9 -37 -7 -36 -7 -35 -6 -35 -5 -35 -5 -33 -5 -33 -4 -33 -4 -32 -4 -31 -5 -29 -5 -28 -4 -28 -4 -26 -4 -26 -5 -24 -6 -24 -6 -22 -6 -22 -6 -20 -6 -19 -7 -18 -7 -17 -7 -16 -8 0 0 0 0 0 0 0 0 0 0 0 0 0 0 0 0 0 0 0 0 0 0 -15 -1 -14 -2 -15 -3 -15 -3 -15 -4 -14 -4 -15 -4 -15 -5 -16 -5 -16 -6 -16 -6 -17 -7 -18 -7 -19 -8 -19 -8 -21 -9 -21 -9 -23 -10 -23 -10 -25 -10 -26 -11 -28 -11 -30 -11 -31 -11 -33 -11 -34 -11 ]
CSI_DATA,STA,E4:D1:24:F0:BE:00,-58,10,0,0,0,0,0,0,0,0,0,-97,0,5,0,27156156,0,399,0,0,27.5485,128,[-113 -15 24 0 33 -11 31 -11 30 -12 29 -11 28 -11 27 -11 26 -11 25 -12 24 -12 23 -12 22 -11 21 -10 21 -9 20 -9 19 -8 19 -8 18 -7 18 -7 17 -6 17 -5 16 -5 15 -4 15 -3 14 -3 15 -1 0 0 0 0 0 0 0 0 0 0 0 0 0 0 0 0 0 0 0 0 0 0 11 -8 11 -7 12 -6 12 -6 13 -6 13 -6 14 -5 14 -5 15 -4 15 -4 15 -4 17 -4 18 -4 18 -4 19 -4 21 -4 21 -4 23 -4 24 -5 25 -5 26 -6 28 -6 29 -7 31 -8 33 -9 34 -10 ]
CSI_DATA,STA,E4:D1:24:F0:BE:00,-58,10,0,0,0,0,0,0,0,0,0,-97,0,5,0,27258558,0,399,0,0,27.6509,128,[-113 -15 24 0 -22 31 -20 30 -19 29 -18 28 -17 28 -17 27 -16 27 -15 26 -15 26 -14 25 -14 23 -14 23 -14 22 -13 21 -13 19 -14 19 -14 18 -14 17 -14 15 -14 14 -13 13 -13 12 -13 11 -13 10 -13 9 0 0 0 0 0 0 0 0 0 0 0 0 0 0 0 0 0 0 0 0 0 0 -6 12 -7 11 -8 11 -8 11 -9 11 -9 11 -10 11 -10 11 -10 12 -11 12 -12 12 -12 13 -13 13 -14 14 -14 14 -15 16 -16 16 -17 17 -18 19 -19 19 -20 21 -20 22 -21 24 -22 26 -23 27 -23 29 ]
CSI_DATA,STA,E4:D1:24:F0:BE:00,-58,10,0,0,0,0,0,0,0,0,0,-97,0,5,0,27360960,0,399,0,0,27.7533,128,[-113 -15 24 0 40 -1 38 -2 36 -2 35 -2 34 -3 33 -3 32 -3 31 -3 29 -3 28 -3 28 -3 27 -2 25 -2 24 -1 22 -1 22 0 21 0 20 0 19 0 18 1 17 1 17 2 15 2 15 3 15 3 0 0 0 0 0 0 0 0 0 0 0 0 0 0 0 0 0 0 0 0 0 0 13 -3 13 -2 14 -2 14 -1 14 -1 15 0 15 0 16 0 16 0 16 1 17 1 18 1 19 1 20 2 21 2 23 2 24 2 25 2 27 2 28 2 30 1 33 2 33 1 36 1 38 1 40 1 ]
CSI_DATA,STA,E4:D1:24:F0:BE:00,-58,10,0,0,0,0,0,0,0,0,0,-97,0,5,0,27362021,0,64,0,0,27.782,128,[64 0 4 0 -9 -35 -10 -34 -9 -32 -9 -31 -10 -29 -10 -29 -10 -28 -10 -27 -9 -26 -9 -25 -9 -24 -8 -24 -8 -23 -7 -22 -6 -21 -6 -20 -5 -20 -5 -19 -4 -18 -4 -18 -3 -17 -2 -16 -2 -15 0 -13 2 -12 0 0 0 0 0 0 0 0 0 0 0 0 0 0 0 0 0 0 0 0 0 0 -5 -13 -4 -13 -3 -13 -3 -13 -3 -14 -2 -14 -3 -15 -3 -15 -3 -16 -2 -16 -3 -16 -1 -18 -2 -17 -2 -19 -2 -20 -2 -21 -3 -22 -2 -24 -3 -25 -3 -27 -3 -28 -4 -29 -5 -30 -5 -32 -6 -34 -6 -36 ]
CSI_DATA,STA,E4:D1:24:F0:BE:00,-58,10,0,0,0,0,0,0,0,0,0,-97,0,5,0,27463361,0,399,0,0,27.8556,128,[-113 -15 24 0 -14 28 -13 27 -12 27 -11 26 -10 25 -10 25 -10 23 -9 23 -9 23 -9 22 -8 21 -8 20 -8 19 -8 18 -8 16 -8 16 -8 16 -9 15 -8 13 -9 13 -9 12 -8 11 -8 10 -8 9 -9 9 0 0 0 0 0 0 0 0 0 0 0 0 0 0 0 0 0 0 0 0 0 0 -4 11 -6 11 -6 11 -6 10 -7 10 -7 10 -7 11 -8 11 -8 11 -9 11 -9 12 -10 12 -10 12 -11 13 -11 14 -11 15 -12 16 -13 17 -12 18 -13 19 -13 20 -14 21 -14 23 -15 24 -15 26 -15 27 ]
CSI_DATA,STA,E4:D1:24:F0:BE:00,-59,10,0,0,0,0,0,0,0,0,0,-97,0,5,0,27565763,0,399,0,0,27.9579,128,[-113 -15 24 0 20 26 20 25 19 23 19 22 19 21 18 20 18 20 17 19 16 18 15 18 14 17 14 17 13 16 12 16 10 15 10 15 9 15 8 14 7 13 7 13 5 12 5 12 4 11 3 10 3 11 0 0 0 0 0 0 0 0 0 0 0 0 0 0 0 0 0 0 0 0 0 0 10 9 9 10 9 10 8 11 8 11 8 12 8 12 8 13 8 13 8 14 8 14 8 15 9 15 9 16 9 17 10 18 10 18 11 19 12 20 12 21 14 21 15 23 16 24 17 25 18 26 19 27 ]
CSI_DATA,STA,E4:D1:24:F0:BE:00,-59,10,0,0,0,0,0,0,0,0,0,-97,0,5,0,27668165,0,399,0,0,28.0604,128,[-113 -15 24 0 13 -33 12 -32 12 -31 11 -31 11 -30 10 -29 10 -28 9 -28 9 -27 9 -26 8 -25 9 -24 9 -22 9 -21 9 -20 10 -19 9 -18 10 -17 9 -16 9 -15 9 -14 9 -13 10 -12 9 -11 11 -7 0 0 0 0 0 0 0 0 0 0 0 0 0 0 0 0 0 0 0 0 0 0 4 -14 5 -14 5 -14 6 -14 6 -14 6 -14 7 -14 8 -15 9 -15 8 -14 9 -15 9 -15 10 -16 10 -17 12 -17 11 -19 12 -20 13 -20 12 -21 13 -22 13 -24 14 -25 14 -26 14 -28 14 -30 16 -32 ]
CSI_DATA,STA,E4:D1:24:F0:BE:00,-59,10,0,0,0,0,0,0,0,0,0,-97,0,5,0,27770567,0,399,0,0,28.1629,128,[-113 -15 24 0 10 -39 8 -37 9 -37 8 -35 7 -35 7 -34 7 -33 6 -32 6 -32 5 -30 5 -29 6 -28 6 -26 6 -25 6 -23 7 -23 7 -22 8 -21 7 -20 7 -19 8 -18 7 -17 7 -16 8 -15 9 -13 0 0 0 0 0 0 0 0 0 0 0 0 0 0 0 0 0 0 0 0 0 0 1 -17 3 -16 3 -17 4 -16 5 -16 5 -16 6 -16 6 -17 6 -17 7 -18 7 -18 8 -18 8 -19 9 -20 9 -21 10 -22 10 -23 11 -25 11 -25 12 -26 11 -28 12 -30 11 -32 12 -33 12 -36 12 -37 ]
CSI_DATA,STA,E4:D1:24:F0:BE:00,-58,10,0,0,0,0,0,0,0,0,0,-97,0,5,0,27872969,0,399,0,0,28.2653,128,[-113 -15 24 0 -31 14 -29 14 -27 14 -27 14 -25 15 -25 15 -24 14 -24 14 -22 13 -22 13 -22 12 -21 11 -21 11 -20 10 -19 9 -19 8 -18 7 -18 7 -17 5 -16 5 -16 4 -16 3 -15 2 -15 2 -14 1 0 0 0 0 0 0 0 0 0 0 0 0 0 0 0 0 0 0 0 0 0 0 -12 8 -12 7 -14 7 -14 6 -14 6 -14 5 -15 5 -16 5 -16 5 -17 5 -17 4 -18 4 -19 4 -19 4 -20 4 -21 5 -21 5 -23 5 -23 6 -24 6 -25 8 -27 8 -27 9 -29 10 -30 11 -31 13 ]
CSI_DATA,STA,E4:D1:24:F0:BE:00,-57,10,0,0,0,0,0,0,0,0,0,-97,0,5,0,27975371,0,399,0,0,28.3677,128,[-113 -15 24 0 -26 -32 -26 -30 -24 -29 -25 -28 -24 -26 -24 -26 -23 -24 -23 -23 -22 -23 -21 -22 -21 -21 -19 -20 -19 -20 -17 -19 -16 -19 -16 -19 -14 -19 -14 -18 -12 -18 -12 -17 -11 -17 -10 -16 -9 -16 -8 -16 -6 -15 0 0 0 0 0 0 0 0 0 0 0 0 0 0 0 0 0 0 0 0 0 0 -11 -11 -11 -12 -10 -13 -10 -13 -10 -14 -10 -14 -10 -15 -9 -16 -10 -16 -10 -17 -10 -17 -10 -19 -10 -19 -11 -20 -11 -21 -12 -22 -13 -23 -13 -25 -14 -25 -15 -26 -16 -27 -18 -28 -19 -29 -20 -30 -22 -32 -23 -33 ]
CSI_DATA,STA,E4:D1:24:F0:BE:00,-57,10,0,0,0,0,0,0,0,0,0,-97,0,5,0,28077773,0,399,0,0,28.4701,128,[-113 -15 24 0 -36 13 -34 13 -32 13 -31 13 -30 14 -29 13 -27 13 -27 14 -26 13 -25 12 -25 12 -24 12 -23 11 -22 11 -21 9 -21 9 -20 8 -20 8 -19 7 -19 6 -19 5 -18 4 -18 4 -17 2 -17 2 0 0 0 0 0 0 0 0 0 0 0 0 0 0 0 0 0 0 0 0 0 0 -14 7 -14 6 -15 5 -15 5 -16 4 -16 4 -17 4 -17 3 -18 4 -18 3 -19 3 -20 3 -21 3 -22 3 -23 3 -24 3 -24 4 -26 4 -27 4 -28 5 -29 6 -31 6 -32 7 -34 8 -35 9 -36 10 ]
CSI_DATA,STA,E4:D1:24:F0:BE:00,-57,10,0,0,0,0,0,0,0,0,0,-97,0,5,0,28180174,0,399,0,0,28.5725,128,[-113 -15 24 0 11 35 11 33 11 33 11 32 12 31 11 30 11 29 11 28 10 28 10 26 10 25 9 25 8 24 8 23 7 22 6 23 6 22 5 21 4 20 3 20 2 19 1 18 0 18 -1 17 -2 17 0 0 0 0 0 0 0 0 0 0 0 0 0 0 0 0 0 0 0 0 0 0 8 12 7 13 6 13 5 14 5 14 5 15 4 16 4 16 4 17 3 17 3 18 2 19 2 20 2 20 2 21 2 23 1 23 3 25 3 25 3 26 4 28 5 29 5 31 6 32 7 34 8 36 ]
CSI_DATA,STA,E4:D1:24:F0:BE:00,-58,10,0,0,0,0,0,0,0,0,0,-97,0,5,0,28282576,0,399,0,0,28.6747,128,[-113 -15 24 0 33 -15 32 -16 30 -16 30 -15 29 -16 28 -16 27 -15 25 -16 25 -15 24 -15 23 -15 23 -15 22 -14 21 -13 21 -12 21 -11 20 -10 20 -10 19 -9 19 -9 18 -7 18 -7 17 -6 17 -5 17 -3 0 0 0 0 0 0 0 0 0 0 0 0 0 0 0 0 0 0 0 0 0 0 10 -8 11 -7 11 -7 12 -6 12 -6 13 -6 13 -6 14 -5 14 -5 14 -5 15 -5 16 -5 17 -5 18 -4 19 -4 20 -5 21 -5 22 -6 23 -7 24 -7 26 -8 27 -9 27 -10 30 -11 31 -12 33 -14 ]
CSI_DATA,STA,E4:D1:24:F0:BE:00,-58,10,0,0,0,0,0,0,0,0,0,-97,0,5,0,28384978,0,399,0,0,28.7772,128,[-113 -15 24 0 -38 -10 -37 -8 -36 -8 -35 -7 -34 -6 -34 -6 -32 -6 -32 -5 -31 -4 -30 -4 -29 -4 -28 -4 -27 -5 -27 -4 -25 -5 -25 -5 -24 -5 -23 -6 -22 -6 -22 -6 -21 -7 -20 -7 -19 -8 -18 -8 -17 -9 0 0 0 0 0 0 0 0 0 0 0 0 0 0 0 0 0 0 0 0 0 0 -14 0 -14 -2 -14 -2 -14 -3 -14 -3 -14 -4 -15 -4 -15 -5 -16 -5 -16 -6 -16 -6 -17 -6 -18 -7 -18 -7 -19 -8 -21 -8 -22 -9 -23 -9 -24 -9 -25 -10 -27 -10 -29 -11 -30 -11 -32 -11 -34 -11 -36 -11 ]
CSI_DATA,STA,E4:D1:24:F0:BE:00,-58,10,0,0,0,0,0,0,0,0,0,-97,0,5,0,28385724,0,64,0,0,28.8136,128,[64 0 4 0 -28 21 -26 21 -25 21 -24 20 -22 21 -22 20 -21 20 -20 20 -20 19 -19 18 -19 18 -18 17 -18 17 -17 17 -16 15 -17 15 -17 14 -17 14 -16 13 -16 12 -16 11 -16 10 -16 9 -16 8 -16 7 0 0 0 0 0 0 0 0 0 0 0 0 0 0 0 0 0 0 0 0 0 0 -8 9 -9 8 -10 8 -10 8 -11 8 -11 8 -11 8 -12 8 -12 8 -13 7 -14 7 -14 8 -16 8 -16 8 -16 8 -18 9 -18 9 -19 10 -20 11 -21 12 -22 12 -23 13 -24 15 -25 16 -26 17 -27 19 ]
CSI_DATA,STA,E4:D1:24:F0:BE:00,-60,10,0,0,0,0,0,0,0,0,0,-97,0,5,0,28487380,0,399,0,0,28.8797,128,[-113 -15 24 0 14 32 14 31 15 31 14 29 14 28 15 28 14 27 14 26 14 26 14 25 14 24 13 24 12 23 12 23 11 21 11 22 10 21 9 22 9 21 8 21 7 21 7 21 6 20 4 20 3 21 0 0 0 0 0 0 0 0 0 0 0 0 0 0 0 0 0 0 0 0 0 0 9 9 7 10 7 10 6 10 6 11 6 11 6 12 6 12 6 13 5 14 5 14 5 15 5 16 6 17 5 17 5 19 6 20 6 21 6 22 7 23 8 25 8 26 9 28 10 29 11 31 12 33 ]
CSI_DATA,STA,E4:D1:24:F0:BE:00,-61,10,0,0,0,0,0,0,0,0,0,-97,0,5,0,28589782,0,399,0,0,28.9821,128,[-113 -15 24 0 33 -7 33 -7 31 -8 31 -8 30 -9 30 -10 29 -9 28 -10 28 -9 27 -10 26 -9 26 -8 25 -8 24 -8 24 -7 23 -7 23 -7 22 -6 22 -5 21 -5 20 -4 20 -3 20 -3 19 -2 20 1 0 0 0 0 0 0 0 0 0 0 0 0 0 0 0 0 0 0 0 0 0 0 12 -7 13 -6 13 -5 13 -4 14 -4 14 -4 14 -3 15 -2 15 -2 15 -2 15 -1 16 -1 17 -2 18 -1 19 0 19 -1 20 -1 21 0 23 -1 23 -1 24 -1 27 -2 27 -2 29 -3 31 -3 32 -5 ]
CSI_DATA,STA,E4:D1:24:F0:BE:00,-59,10,0,0,0,0,0,0,0,0,0,-97,0,5,0,28794586,0,399,0,0,29.187,128,[-113 -15 24 0 24 25 25 25 24 23 24 22 24 21 24 20 23 20 23 19 22 18 21 18 20 17 19 17 19 17 18 16 17 15 16 16 15 15 14 15 14 15 13 15 12 14 11 14 10 14 9 15 7 15 0 0 0 0 0 0 0 0 0 0 0 0 0 0 0 0 0 0 0 0 0 0 13 10 12 11 12 11 11 12 11 13 10 13 10 14 10 14 10 15 9 15 9 16 9 17 10 18 10 18 10 19 11 19 12 20 12 20 13 21 14 22 15 22 17 23 17 24 19 25 21 26 22 27 ]
CSI_DATA,STA,E4:D1:24:F0:BE:00,-59,10,0,0,0,0,0,0,0,0,0,-97,0,5,0,28896992,0,399,0,0,29.2893,128,[-113 -15 24 0 -35 -5 -35 -4 -33 -4 -32 -3 -32 -2 -32 -2 -30 -2 -30 -1 -29 -2 -28 -1 -28 -2 -27 -2 -26 -3 -25 -2 -23 -3 -23 -3 -22 -3 -22 -4 -20 -4 -20 -4 -19 -5 -18 -5 -18 -6 -17 -7 -16 -7 0 0 0 0 0 0 0 0 0 0 0 0 0 0 0 0 0 0 0 0 0 0 -15 -2 -15 -3 -15 -4 -15 -4 -15 -5 -15 -6 -15 -5 -15 -6 -16 -6 -16 -7 -16 -7 -17 -7 -18 -8 -18 -8 -18 -8 -19 -9 -20 -9 -21 -9 -22 -9 -23 -8 -25 -8 -26 -8 -28 -7 -30 -8 -31 -7 -33 -7 ]
CSI_DATA,STA,E4:D1:24:F0:BE:00,-60,10,0,0,0,0,0,0,0,0,0,-97,0,5,0,28999394,0,399,0,0,29.3915,128,[-113 -15 24 0 -20 -32 -20 -30 -20 -29 -19 -28 -20 -27 -20 -27 -19 -25 -18 -25 -18 -25 -17 -24 -17 -23 -16 -23 -15 -22 -14 -22 -13 -20 -13 -20 -11 -20 -11 -19 -10 -19 -9 -18 -9 -18 -8 -18 -7 -17 -6 -17 -4 -16 0 0 0 0 0 0 0 0 0 0 0 0 0 0 0 0 0 0 0 0 0 0 -8 -14 -7 -15 -7 -16 -6 -15 -6 -16 -6 -15 -5 -16 -6 -16 -5 -17 -5 -17 -5 -17 -6 -18 -5 -18 -5 -19 -6 -20 -7 -21 -7 -21 -8 -23 -9 -23 -9 -24 -10 -25 -12 -26 -12 -28 -14 -28 -15 -30 -16 -32 ]
CSI_DATA,STA,E4:D1:24:F0:BE:00,-60,10,0,0,0,0,0,0,0,0,0,-97,0,5,0,29061436,0,34,0,0,29.4534,128,[34 32 2 0 8 -37 7 -36 7 -35 6 -35 5 -35 5 -34 5 -33 5 -32 5 -32 5 -31 5 -30 5 -28 5 -28 6 -26 6 -25 6 -23 7 -23 7 -22 7 -21 7 -20 8 -19 7 -17 8 -16 8 -15 9 -13 0 0 0 0 0 0 0 0 0 0 0 0 0 0 0 0 0 0 0 0 0 0 5 -17 5 -17 6 -16 7 -16 7 -15 8 -16 8 -16 8 -16 9 -16 9 -16 9 -16 10 -16 10 -17 10 -18 11 -18 10 -19 11 -20 11 -21 11 -23 12 -23 11 -25 11 -27 11 -28 11 -30 11 -33 11 -35 ]
CSI_DATA,STA,E4:D1:24:F0:BE:00,-61,10,0,0,0,0,0,0,0,0,0,-97,0,5,0,29101912,0,399,0,0,29.4937,128,[-113 -15 24 0 12 -28 11 -28 11 -27 10 -27 9 -27 9 -27 9 -26 9 -26 8 -25 9 -25 9 -24 8 -23 9 -22 9 -21 9 -20 9 -19 9 -19 9 -18 10 -17 9 -16 10 -15 10 -14 10 -13 10 -12 11 -10 0 0 0 0 0 0 0 0 0 0 0 0 0 0 0 0 0 0 0 0 0 0 5 -13 6 -13 7 -12 7 -13 7 -12 8 -12 9 -12 8 -12 9 -12 10 -12 10 -12 10 -12 11 -13 11 -13 12 -13 12 -14 12 -15 13 -15 12 -16 13 -17 14 -18 14 -19 14 -21 14 -22 14 -24 14 -25 ]
CSI_DATA,STA,E4:D1:24:F0:BE:00,-62,10,0,0,0,0,0,0,0,0,0,-97,0,5,0,29144400,0,64,0,0,29.5363,128,[64 0 4 0 -9 -34 -9 -33 -10 -32 -10 -32 -10 -31 -10 -30 -10 -29 -10 -28 -9 -28 -10 -27 -9 -26 -8 -25 -9 -24 -8 -23 -7 -22 -6 -22 -6 -22 -5 -22 -4 -20 -4 -20 -3 -19 -3 -18 -2 -17 -1 -16 0 -17 0 0 0 0 0 0 0 0 0 0 0 0 0 0 0 0 0 0 0 0 0 0 -7 -15 -6 -15 -5 -15 -4 -15 -4 -16 -3 -16 -3 -16 -3 -16 -3 -17 -3 -17 -2 -17 -2 -18 -2 -19 -2 -19 -3 -20 -2 -21 -2 -22 -3 -23 -2 -24 -3 -25 -3 -26 -4 -28 -5 -29 -5 -30 -6 -32 -7 -34 ]
CSI_DATA,STA,E4:D1:24:F0:BE:00,-63,10,0,0,0,0,0,0,0,0,0,-97,0,5,0,29204198,0,399,0,0,29.5965,128,[-113 -15 24 0 -13 29 -11 29 -10 28 -9 27 -7 28 -8 27 -7 26 -7 26 -7 26 -6 25 -7 24 -7 23 -6 23 -6 22 -7 21 -7 21 -7 20 -7 19 -8 18 -8 17 -8 16 -9 15 -9 13 -9 12 -10 12 0 0 0 0 0 0 0 0 0 0 0 0 0 0 0 0 0 0 0 0 0 0 -4 16 -5 14 -6 14 -7 13 -7 13 -7 12 -8 13 -8 13 -8 13 -8 13 -9 13 -9 13 -9 14 -10 14 -10 14 -11 16 -11 17 -11 17 -12 18 -12 19 -12 21 -13 22 -13 23 -14 24 -14 26 -13 27 ]
CSI_DATA,STA,E4:D1:24:F0:BE:00,-62,10,0,0,0,0,0,0,0,0,0,-97,0,5,0,29306600,0,399,0,0,29.6989,128,[-113 -15 24 0 -32 3 -29 4 -29 6 -28 6 -27 6 -26 7 -26 6 -25 7 -24 6 -24 6 -23 6 -22 6 -21 5 -21 5 -19 4 -19 4 -18 3 -18 3 -17 2 -16 1 -16 1 -15 1 -14 0 -13 -2 -13 -1 0 0 0 0 0 0 0 0 0 0 0 0 0 0 0 0 0 0 0 0 0 0 -19 4 -19 3 -19 1 -19 1 -19 0 -19 0 -19 -1 -19 -1 -19 -1 -19 -2 -19 -2 -20 -2 -21 -3 -21 -3 -21 -3 -22 -2 -22 -2 -24 -3 -24 -3 -25 -2 -25 -2 -27 -1 -28 -1 -29 0 -30 0 -31 1 ]
CSI_DATA,STA,E4:D1:24:F0:BE:00,-61,10,0,0,0,0,0,0,0,0,0,-97,0,5,0,29409002,0,399,0,0,29.8013,128,[-113 -15 24 0 -10 -32 -10 -31 -10 -30 -10 -28 -10 -28 -10 -27 -10 -26 -9 -25 -9 -25 -9 -24 -8 -24 -8 -23 -7 -21 -6 -21 -6 -19 -5 -20 -4 -19 -4 -18 -4 -18 -3 -17 -2 -16 -2 -16 -1 -15 0 -15 1 -13 0 0 0 0 0 0 0 0 0 0 0 0 0 0 0 0 0 0 0 0 0 0 -5 -18 -3 -18 -2 -18 -2 -18 -1 -18 -1 -18 -1 -18 0 -18 0 -18 0 -18 1 -18 1 -18 0 -19 0 -20 0 -20 0 -21 -1 -21 -1 -23 -2 -23 -2 -23 -3 -25 -4 -27 -4 -27 -6 -28 -6 -30 -7 -31 ]
CSI_DATA,STA,E4:D1:24:F0:BE:00,-61,10,0,0,0,0,0,0,0,0,0,-97,0,5,0,29409955,0,64,0,0,29.8369,128,[64 0 4 0 -15 -30 -16 -31 -15 -28 -15 -29 -15 -28 -14 -28 -14 -27 -14 -27 -13 -24 -14 -24 -13 -23 -12 -23 -11 -23 -9 -21 -9 -21 -8 -20 -6 -20 -6 -20 -5 -18 -4 -18 -4 -18 -4 -16 -3 -16 -3 -17 -2 -12 0 0 0 0 0 0 0 0 0 0 0 0 0 0 0 0 0 0 0 0 0 0 -9 -18 -8 -18 -6 -19 -6 -19 -5 -18 -4 -19 -4 -19 -4 -19 -3 -19 -4 -19 -5 -19 -5 -18 -5 -21 -4 -20 -4 -21 -5 -22 -5 -23 -6 -22 -7 -24 -6 -25 -8 -26 -8 -28 -11 -27 -13 -28 -13 -30 -15 -32 ]
CSI_DATA,STA,E4:D1:24:F0:BE:00,-60,10,0,0,0,0,0,0,0,0,0,-97,0,5,0,29511404,0,399,0,0,29.9036,128,[-113 -15 24 0 -20 25 -19 25 -18 25 -17 23 -16 24 -16 24 -14 23 -14 22 -14 21 -14 21 -14 19 -14 18 -13 17 -13 17 -12 15 -12 15 -12 14 -12 13 -12 12 -11 11 -11 10 -11 9 -11 8 -10 8 -11 7 0 0 0 0 0 0 0 0 0 0 0 0 0 0 0 0 0 0 0 0 0 0 -12 15 -12 14 -14 14 -14 13 -14 12 -14 12 -15 12 -15 12 -15 12 -16 11 -16 11 -17 11 -18 11 -18 12 -18 12 -18 13 -19 13 -19 14 -19 15 -20 16 -19 17 -20 18 -21 20 -21 21 -22 22 -22 24 ]
CSI_DATA,STA,E4:D1:24:F0:BE:00,-60,10,0,0,0,0,0,0,0,0,0,-97,0,5,0,29613805,0,399,0,0,30.0061,128,[-113 -15 24 0 -28 21 -27 22 -25 21 -25 20 -24 20 -23 19 -22 18 -22 18 -21 17 -20 17 -20 15 -19 15 -19 14 -18 13 -17 12 -17 11 -17 10 -16 9 -16 8 -15 7 -15 6 -14 6 -14 5 -13 4 -14 4 0 0 0 0 0 0 0 0 0 0 0 0 0 0 0 0 0 0 0 0 0 0 -15 10 -15 9 -15 9 -16 8 -16 7 -16 8 -16 7 -17 7 -17 8 -17 7 -17 8 -18 8 -19 8 -19 8 -20 9 -21 10 -22 11 -22 11 -23 12 -24 13 -24 14 -25 15 -25 15 -27 17 -28 18 -29 20 ]
CSI_DATA,STA,E4:D1:24:F0:BE:00,-59,10,0,0,0,0,0,0,0,0,0,-97,0,5,0,29716207,0,399,0,0,30.1084,128,[-113 -15 24 0 -6 33 -5 31 -5 30 -4 29 -3 28 -4 27 -3 26 -3 25 -3 24 -3 23 -3 22 -4 21 -4 19 -4 19 -4 17 -4 17 -4 16 -5 15 -5 14 -5 14 -5 12 -5 12 -5 11 -6 10 -7 10 0 0 0 0 0 0 0 0 0 0 0 0 0 0 0 0 0 0 0 0 0 0 -3 17 -4 16 -5 16 -5 16 -6 16 -6 16 -6 17 -7 17 -6 17 -7 17 -7 18 -8 18 -8 19 -8 19 -8 20 -8 21 -9 21 -9 23 -9 24 -9 25 -8 26 -8 27 -8 29 -8 30 -8 31 -7 33 ]
CSI_DATA,STA,E4:D1:24:F0:BE:00,-59,10,0,0,0,0,0,0,0,0,0,-97,0,5,0,29818609,0,399,0,0,30.2108,128,[-113 -15 24 0 -24 19 -22 19 -20 19 -20 18 -19 18 -18 17 -17 17 -17 16 -16 15 -16 15 -16 14 -15 13 -14 12 -14 11 -13 11 -13 10 -13 9 -13 8 -12 8 -12 7 -12 6 -11 6 -11 5 -11 4 -11 4 0 0 0 0 0 0 0 0 0 0 0 0 0 0 0 0 0 0 0 0 0 0 -13 10 -14 9 -14 9 -14 8 -15 8 -15 8 -15 8 -16 8 -16 8 -16 8 -16 8 -17 8 -18 8 -19 8 -19 9 -19 9 -20 10 -20 10 -21 11 -22 12 -22 13 -22 13 -23 15 -24 16 -24 17 -24 18 ]
CSI_DATA,STA,E4:D1:24:F0:BE:00,-60,10,0,0,0,0,0,0,0,0,0,-97,0,5,0,29921113,0,399,0,0,30.3135,128,[-113 -15 24 0 32 -19 29 -18 27 -18 26 -17 25 -17 24 -17 23 -16 22 -16 21 -15 19 -14 19 -13 18 -12 16 -11 16 -11 15 -9 15 -9 14 -8 14 -8 13 -7 12 -6 11 -5 11 -5 11 -4 11 -5 6 -3 0 0 0 0 0 0 0 0 0 0 0 0 0 0 0 0 0 0 0 0 0 0 18 -13 18 -10 18 -10 19 -8 19 -9 19 -8 19 -8 20 -8 20 -7 21 -7 20 -8 21 -9 22 -9 23 -9 24 -8 25 -10 25 -9 27 -11 27 -10 28 -11 29 -13 30 -13 31 -14 32 -15 33 -16 33 -17 ]
CSI_DATA,STA,E4:D1:24:F0:BE:00,-58,10,0,0,0,0,0,0,0,0,0,-97,0,5,0,30023412,0,399,0,0,30.4157,128,[-113 -15 24 0 -6 -37 -6 -35 -6 -34 -6 -33 -6 -31 -6 -30 -6 -29 -6 -28 -6 -27 -6 -26 -5 -25 -5 -24 -5 -22 -4 -21 -4 -20 -3 -19 -2 -19 -1 -18 -1 -18 -1 -17 -1 -16 0 -15 0 -15 1 -14 2 -13 0 0 0 0 0 0 0 0 0 0 0 0 0 0 0 0 0 0 0 0 0 0 -5 -20 -4 -20 -3 -20 -3 -20 -2 -20 -2 -21 -1 -21 -1 -22 -1 -22 0 -22 0 -23 0 -24 0 -25 0 -26 1 -26 1 -28 0 -28 0 -30 0 -31 0 -32 0 -33 -1 -34 -1 -35 -2 -36 -2 -37 -2 -39 ]
CSI_DATA,STA,E4:D1:24:F0:BE:00,-60,10,0,0,0,0,0,0,0,0,0,-97,0,5,0,30125814,0,399,0,0,30.5181,128,[-113 -15 24 0 34 -8 32 -8 31 -8 29 -8 28 -8 28 -8 26 -8 25 -8 24 -7 23 -7 22 -7 21 -6 20 -5 19 -5 18 -4 17 -4 17 -3 16 -3 15 -3 14 -2 14 -2 13 -1 13 0 12 0 11 1 0 0 0 0 0 0 0 0 0 0 0 0 0 0 0 0 0 0 0 0 0 0 18 -8 18 -6 18 -6 18 -5 19 -4 19 -4 20 -3 19 -3 20 -3 20 -3 20 -3 22 -2 22 -2 23 -2 23 -2 25 -2 25 -2 26 -2 27 -3 28 -2 29 -4 30 -4 31 -5 33 -5 34 -6 35 -7 ]
CSI_DATA,STA,E4:D1:24:F0:BE:00,-61,10,0,0,0,0,0,0,0,0,0,-97,0,5,0,30182260,0,165,0,0,30.574,128,[-91 80 10 0 22 26 23 26 21 23 22 23 22 22 21 20 20 19 20 18 18 18 18 18 17 17 17 17 16 16 14 15 13 15 13 15 12 15 12 15 11 14 10 14 9 13 8 13 7 13 6 13 4 13 0 0 0 0 0 0 0 0 0 0 0 0 0 0 0 0 0 0 0 0 0 0 14 12 13 13 12 13 12 14 12 14 12 15 11 16 12 16 11 16 11 17 11 17 11 18 12 18 12 19 12 21 12 20 13 22 13 23 15 23 15 24 16 24 18 25 18 25 19 26 20 28 22 29 ]
CSI_DATA,STA,E4:D1:24:F0:BE:00,-62,10,0,0,0,0,0,0,0,0,0,-97,0,5,0,30228216,0,399,0,0,30.6203,128,[-113 -15 24 0 30 12 30 10 28 9 28 9 27 7 27 6 26 7 25 5 25 5 24 6 23 5 22 5 21 5 20 5 19 5 18 6 18 6 17 6 16 6 15 7 15 7 14 6 12 7 12 7 10 8 0 0 0 0 0 0 0 0 0 0 0 0 0 0 0 0 0 0 0 0 0 0 19 5 18 5 18 7 17 8 17 8 17 8 17 9 17 9 17 9 17 10 17 10 18 10 18 11 18 12 19 12 20 13 20 13 21 14 22 14 23 14 24 14 25 14 26 15 27 15 29 14 30 14 ]
CSI_DATA,STA,E4:D1:24:F0:BE:00,-62,10,0,0,0,0,0,0,0,0,0,-97,0,5,0,30330617,0,399,0,0,30.7229,128,[-113 -15 24 0 -13 35 -12 34 -10 32 -10 31 -8 31 -8 30 -7 29 -7 28 -7 27 -7 26 -7 25 -7 24 -7 23 -7 22 -7 20 -8 20 -7 18 -8 17 -7 17 -8 16 -8 14 -8 14 -8 13 -8 12 -9 11 0 0 0 0 0 0 0 0 0 0 0 0 0 0 0 0 0 0 0 0 0 0 -7 19 -8 19 -9 18 -10 18 -10 19 -11 18 -10 19 -11 20 -11 19 -12 20 -12 20 -13 21 -13 21 -14 21 -15 22 -14 23 -15 23 -16 25 -15 25 -16 26 -15 28 -16 29 -16 30 -16 31 -15 33 -15 34 ]
CSI_DATA,STA,E4:D1:24:F0:BE:00,-60,10,0,0,0,0,0,0,0,0,0,-97,0,5,0,30433019,0,399,0,0,30.8253,128,[-113 -15 24 0 -29 -15 -28 -14 -27 -13 -26 -12 -26 -10 -25 -11 -24 -10 -24 -9 -23 -9 -22 -9 -22 -8 -21 -9 -20 -8 -19 -8 -17 -8 -18 -8 -16 -8 -16 -9 -15 -9 -14 -9 -14 -9 -13 -9 -12 -9 -10 -9 -10 -10 0 0 0 0 0 0 0 0 0 0 0 0 0 0 0 0 0 0 0 0 0 0 -15 -6 -14 -6 -14 -7 -14 -8 -14 -8 -14 -8 -13 -9 -14 -9 -14 -10 -14 -10 -14 -10 -15 -11 -16 -11 -17 -12 -17 -12 -18 -13 -18 -13 -19 -15 -20 -15 -21 -15 -22 -15 -23 -15 -24 -15 -26 -16 -27 -16 -28 -16 ]
CSI_DATA,STA,E4:D1:24:F0:BE:00,-60,10,0,0,0,0,0,0,0,0,0,-97,0,5,0,30433765,0,64,0,0,30.8635,128,[64 0 4 0 -32 13 -31 14 -28 13 -28 14 -27 14 -25 13 -25 13 -24 13 -24 12 -22 12 -23 11 -21 11 -21 10 -20 9 -19 8 -19 8 -19 8 -19 7 -18 6 -18 6 -17 4 -16 4 -16 3 -14 2 -18 1 0 0 0 0 0 0 0 0 0 0 0 0 0 0 0 0 0 0 0 0 0 0 -14 9 -15 8 -15 7 -16 7 -16 6 -16 6 -17 7 -18 6 -18 6 -18 6 -19 5 -19 6 -20 5 -22 5 -22 6 -23 6 -23 6 -24 6 -26 8 -27 7 -27 8 -28 9 -29 9 -31 11 -32 11 -33 13 ]
CSI_DATA,STA,E4:D1:24:F0:BE:00,-61,10,0,0,0,0,0,0,0,0,0,-97,0,5,0,30535421,0,399,0,0,30.9276,128,[-113 -15 24 0 25 -22 23 -22 22 -22 21 -21 20 -21 19 -21 18 -20 17 -20 17 -19 17 -19 16 -17 16 -17 15 -16 15 -16 14 -14 14 -13 14 -12 14 -12 13 -11 13 -10 13 -9 12 -8 12 -7 12 -6 11 -4 0 0 0 0 0 0 0 0 0 0 0 0 0 0 0 0 0 0 0 0 0 0 13 -15 14 -14 15 -14 15 -13 15 -13 16 -12 16 -12 17 -12 17 -12 17 -11 18 -12 18 -12 20 -12 20 -12 21 -12 22 -13 22 -13 23 -14 23 -14 24 -14 24 -16 25 -17 25 -17 26 -18 26 -19 27 -21 ]
CSI_DATA,STA,E4:D1:24:F0:BE:00,-61,10,0,0,0,0,0,0,0,0,0,-97,0,5,0,30637823,0,399,0,0,31.0302,128,[-113 -15 24 0 28 15 26 13 28 12 26 12 26 11 25 10 25 10 24 10 24 9 23 8 22 8 21 8 20 8 19 8 18 7 17 9 17 8 16 8 15 9 14 8 13 8 12 9 12 7 10 7 7 11 0 0 0 0 0 0 0 0 0 0 0 0 0 0 0 0 0 0 0 0 0 0 15 8 14 8 14 9 13 9 14 10 13 10 14 11 14 11 13 12 14 12 14 12 15 12 15 13 15 14 15 14 16 15 16 14 17 15 17 15 18 16 19 15 21 17 22 16 24 16 25 17 26 17 ]
CSI_DATA,STA,E4:D1:24:F0:BE:00,-61,10,0,0,0,0,0,0,0,0,0,-97,0,5,0,30740225,0,399,0,0,31.1325,128,[-113 -15 24 0 -38 -6 -36 -4 -34 -2 -33 -2 -33 0 -32 0 -31 -1 -31 0 -30 0 -29 0 -29 -1 -28 -1 -27 -2 -25 -1 -24 -2 -23 -2 -22 -3 -22 -3 -20 -4 -20 -4 -19 -5 -18 -5 -17 -5 -15 -6 -16 -6 0 0 0 0 0 0 0 0 0 0 0 0 0 0 0 0 0 0 0 0 0 0 -20 0 -19 -2 -19 -3 -19 -3 -20 -4 -20 -4 -20 -4 -20 -5 -20 -5 -21 -6 -21 -6 -21 -6 -22 -7 -23 -8 -24 -8 -25 -8 -25 -8 -27 -8 -27 -8 -28 -9 -30 -8 -31 -9 -32 -8 -34 -8 -35 -8 -36 -7 ]
CSI_DATA,STA,E4:D1:24:F0:BE:00,-62,10,0,0,0,0,0,0,0,0,0,-97,0,5,0,30842627,0,399,0,0,31.235,128,[-113 -15 24 0 -9 -35 -9 -33 -10 -33 -9 -31 -10 -31 -8 -30 -9 -29 -8 -28 -8 -27 -8 -26 -7 -25 -7 -24 -6 -22 -5 -22 -5 -19 -4 -19 -4 -18 -3 -18 -3 -17 -3 -16 -2 -15 -2 -14 -1 -13 0 -13 -1 -12 0 0 0 0 0 0 0 0 0 0 0 0 0 0 0 0 0 0 0 0 0 0 -10 -19 -8 -19 -8 -19 -7 -19 -6 -20 -5 -19 -5 -20 -4 -20 -4 -21 -4 -21 -4 -21 -3 -22 -3 -23 -2 -24 -2 -24 -3 -25 -3 -26 -3 -27 -4 -27 -3 -28 -4 -29 -5 -31 -4 -32 -5 -33 -6 -35 -7 -36 ]
CSI_DATA,STA,E4:D1:24:F0:BE:00,-61,10,0,0,0,0,0,0,0,0,0,-97,0,5,0,30945029,0,399,0,0,31.3373,128,[-113 -15 24 0 23 -22 22 -22 21 -22 19 -21 19 -22 19 -21 18 -20 17 -21 16 -20 16 -20 15 -19 15 -18 15 -17 15 -16 14 -15 14 -14 14 -14 14 -13 14 -11 13 -11 13 -10 13 -9 12 -8 12 -7 11 -6 0 0 0 0 0 0 0 0 0 0 0 0 0 0 0 0 0 0 0 0 0 0 8 -14 9 -13 10 -13 10 -11 11 -12 12 -11 12 -11 13 -11 13 -11 14 -10 14 -11 15 -11 16 -10 16 -11 17 -11 18 -12 18 -12 19 -12 20 -12 20 -13 21 -14 22 -16 23 -16 24 -17 24 -19 25 -20 ]
CSI_DATA,STA,E4:D1:24:F0:BE:00,-62,10,0,0,0,0,0,0,0,0,0,-97,0,5,0,31047430,0,399,0,0,31.4397,128,[-113 -15 24 0 -20 -31 -21 -29 -21 -29 -21 -28 -21 -27 -21 -27 -20 -26 -20 -26 -19 -25 -19 -24 -19 -24 -18 -23 -16 -23 -15 -22 -14 -21 -13 -21 -12 -20 -11 -20 -10 -19 -9 -19 -7 -18 -7 -17 -6 -16 -5 -16 -5 -14 0 0 0 0 0 0 0 0 0 0 0 0 0 0 0 0 0 0 0 0 0 0 -11 -17 -10 -17 -9 -18 -8 -17 -8 -18 -7 -18 -7 -18 -6 -19 -7 -18 -6 -18 -6 -18 -6 -19 -6 -19 -7 -19 -7 -20 -7 -22 -8 -22 -8 -23 -9 -23 -10 -24 -11 -25 -11 -26 -13 -27 -14 -27 -16 -29 -18 -31 ]
CSI_DATA,STA,E4:D1:24:F0:BE:00,-60,10,0,0,0,0,0,0,0,0,0,-97,0,5,0,31149862,0,399,0,0,31.5422,128,[-113 -15 24 0 36 -8 35 -9 34 -9 33 -10 32 -10 31 -9 30 -9 29 -9 29 -10 28 -9 27 -9 26 -8 25 -6 24 -6 23 -5 23 -4 22 -4 21 -3 20 -2 19 -2 18 -1 17 0 16 1 16 1 14 2 0 0 0 0 0 0 0 0 0 0 0 0 0 0 0 0 0 0 0 0 0 0 17 -7 17 -5 18 -4 17 -3 18 -3 18 -2 18 -1 19 -2 19 -1 19 -1 19 0 20 0 20 0 21 0 22 0 22 0 23 0 25 0 25 -1 26 -1 28 -2 29 -2 31 -3 32 -3 34 -5 35 -6 ]
CSI_DATA,STA,E4:D1:24:F0:BE:00,-60,10,0,0,0,0,0,0,0,0,0,-97,0,5,0,31252234,0,399,0,0,31.6446,128,[-113 -15 24 0 -35 -13 -35 -11 -33 -10 -33 -10 -32 -9 -31 -8 -30 -7 -29 -7 -28 -7 -28 -7 -27 -7 -26 -7 -25 -7 -23 -7 -21 -7 -21 -7 -20 -7 -20 -7 -18 -7 -17 -8 -16 -8 -15 -7 -14 -7 -13 -8 -12 -8 0 0 0 0 0 0 0 0 0 0 0 0 0 0 0 0 0 0 0 0 0 0 -19 -4 -19 -5 -19 -6 -18 -7 -18 -8 -18 -8 -18 -8 -18 -9 -18 -10 -19 -10 -19 -11 -19 -11 -19 -11 -20 -12 -20 -13 -21 -13 -22 -13 -23 -14 -24 -14 -25 -14 -27 -14 -28 -14 -29 -14 -31 -14 -33 -14 -34 -14 ]
CSI_DATA,STA,E4:D1:24:F0:BE:00,-60,10,0,0,0,0,0,0,0,0,0,-97,0,5,0,31354636,0,399,0,0,31.7468,128,[-113 -15 24 0 -21 31 -20 30 -19 29 -18 29 -17 28 -17 28 -15 27 -15 26 -14 25 -14 24 -14 23 -13 22 -14 21 -13 19 -13 18 -13 17 -12 16 -12 15 -12 14 -12 14 -11 12 -11 11 -11 10 -10 9 -12 8 0 0 0 0 0 0 0 0 0 0 0 0 0 0 0 0 0 0 0 0 0 0 -8 15 -9 14 -10 13 -10 14 -11 13 -11 14 -12 13 -12 14 -13 14 -13 14 -14 14 -14 14 -15 14 -16 15 -16 16 -17 17 -18 17 -18 17 -18 19 -19 20 -19 22 -20 23 -20 24 -21 26 -21 28 -21 30 ]
CSI_DATA,STA,E4:D1:24:F0:BE:00,-62,10,0,0,0,0,0,0,0,0,0,-97,0,5,0,31457038,0,399,0,0,31.8493,128,[-113 -15 24 0 -18 27 -17 26 -16 26 -16 25 -15 25 -15 25 -14 24 -13 23 -13 23 -13 21 -13 21 -12 20 -12 19 -12 18 -11 16 -12 15 -11 15 -12 14 -11 13 -11 12 -11 11 -11 10 -10 9 -10 8 -11 7 0 0 0 0 0 0 0 0 0 0 0 0 0 0 0 0 0 0 0 0 0 0 -8 12 -9 11 -10 12 -9 11 -10 11 -10 11 -10 11 -11 11 -11 12 -11 12 -12 12 -12 12 -13 13 -13 13 -14 14 -15 14 -15 15 -15 15 -16 15 -17 17 -17 18 -17 20 -17 20 -17 22 -18 24 -18 26 ]
CSI_DATA,STA,E4:D1:24:F0:BE:00,-62,10,0,0,0,0,0,0,0,0,0,-97,0,5,0,31458027,0,64,0,0,31.8849,128,[64 0 4 0 19 -25 19 -26 17 -24 17 -25 17 -24 17 -23 16 -22 15 -22 15 -21 14 -21 14 -20 13 -18 14 -19 13 -16 14 -16 12 -14 13 -14 13 -13 12 -12 12 -11 11 -10 11 -10 11 -8 9 -7 7 -4 0 0 0 0 0 0 0 0 0 0 0 0 0 0 0 0 0 0 0 0 0 0 8 -13 9 -13 9 -11 10 -12 10 -12 11 -12 10 -11 12 -12 11 -11 11 -12 12 -13 12 -12 13 -13 13 -13 15 -13 14 -13 15 -14 15 -14 16 -16 17 -15 17 -17 19 -18 18 -19 18 -21 19 -23 20 -25 ]
CSI_DATA,STA,E4:D1:24:F0:BE:00,-59,10,0,0,0,0,0,0,0,0,0,-97,0,5,0,31559440,0,399,0,0,31.9518,128,[-113 -15 24 0 28 -19 27 -19 25 -18 25 -17 23 -17 22 -17 22 -16 20 -16 20 -15 19 -15 18 -13 17 -13 17 -12 16 -11 15 -10 15 -9 15 -9 14 -8 13 -7 12 -6 11 -5 11 -4 10 -4 10 -3 8 -2 0 0 0 0 0 0 0 0 0 0 0 0 0 0 0 0 0 0 0 0 0 0 13 -11 14 -10 15 -9 15 -9 16 -9 16 -8 16 -8 16 -8 17 -8 17 -8 17 -8 19 -8 20 -8 20 -8 20 -8 21 -9 21 -9 22 -9 23 -10 24 -10 24 -12 26 -13 26 -13 27 -14 28 -15 29 -17 ]
CSI_DATA,STA,E4:D1:24:F0:BE:00,-60,10,0,0,0,0,0,0,0,0,0,-97,0,5,0,31661842,0,399,0,0,32.0541,128,[-113 -15 24 0 -9 -39 -9 -38 -9 -37 -9 -35 -10 -35 -9 -33 -9 -32 -9 -31 -7 -30 -7 -30 -7 -28 -6 -27 -6 -26 -4 -25 -4 -23 -3 -23 -2 -21 -2 -21 -1 -20 0 -18 0 -17 1 -16 1 -15 2 -14 2 -13 0 0 0 0 0 0 0 0 0 0 0 0 0 0 0 0 0 0 0 0 0 0 -6 -18 -4 -18 -4 -19 -3 -18 -2 -19 -3 -19 -2 -19 -2 -20 -2 -21 -1 -21 -1 -22 -1 -23 -1 -24 -1 -24 -1 -25 -1 -27 -1 -27 -1 -29 -2 -29 -2 -31 -3 -32 -3 -33 -4 -35 -4 -36 -6 -38 -6 -40 ]
CSI_DATA,STA,E4:D1:24:F0:BE:00,-60,10,0,0,0,0,0,0,0,0,0,-97,0,5,0,31764243,0,399,0,0,32.1565,128,[-113 -15 24 0 8 -33 7 -32 7 -31 6 -29 6 -29 6 -28 6 -27 5 -27 5 -26 5 -25 5 -24 5 -22 5 -21 5 -20 6 -18 6 -18 6 -17 6 -16 6 -14 6 -13 6 -12 5 -11 5 -10 6 -9 5 -8 0 0 0 0 0 0 0 0 0 0 0 0 0 0 0 0 0 0 0 0 0 0 4 -18 5 -17 6 -17 7 -17 7 -17 8 -17 8 -17 8 -17 9 -17 9 -17 9 -18 10 -18 10 -18 10 -19 11 -19 11 -20 11 -21 12 -21 12 -22 12 -22 11 -24 12 -26 11 -27 11 -28 11 -30 11 -32 ]
CSI_DATA,STA,E4:D1:24:F0:BE:00,-61,10,0,0,0,0,0,0,0,0,0,-97,0,5,0,31866647,0,399,0,0,32.259,128,[-113 -15 24 0 22 20 22 19 22 18 21 18 21 17 21 16 20 16 19 15 18 15 17 14 16 14 16 14 14 14 14 13 12 13 11 13 11 12 9 12 8 12 7 11 7 11 6 10 5 10 4 10 2 9 0 0 0 0 0 0 0 0 0 0 0 0 0 0 0 0 0 0 0 0 0 0 13 10 11 10 12 11 10 11 10 12 10 12 10 13 10 13 10 13 10 13 10 14 10 14 10 15 10 16 11 16 11 16 11 16 12 17 13 18 13 18 14 18 16 18 17 19 18 20 20 20 21 21 ]
CSI_DATA,STA,E4:D1:24:F0:BE:00,-61,10,0,0,0,0,0,0,0,0,0,-97,0,5,0,31969049,0,399,0,0,32.3614,128,[-113 -15 24 0 -32 19 -31 20 -29 19 -28 18 -27 19 -27 18 -25 18 -25 17 -23 17 -23 16 -23 15 -21 14 -21 13 -20 12 -19 11 -18 9 -18 9 -18 8 -17 7 -16 6 -15 5 -14 4 -14 4 -13 3 -13 1 0 0 0 0 0 0 0 0 0 0 0 0 0 0 0 0 0 0 0 0 0 0 -17 9 -17 7 -18 6 -18 6 -18 5 -19 5 -19 5 -19 5 -20 5 -20 5 -20 5 -21 4 -22 5 -22 5 -23 5 -24 6 -24 6 -25 7 -25 8 -26 8 -27 9 -28 11 -29 12 -30 13 -31 15 -31 16 ]
CSI_DATA,STA,E4:D1:24:F0:BE:00,-60,10,0,0,0,0,0,0,0,0,0,-97,0,5,0,32071451,0,399,0,0,32.4636,128,[-113 -15 24 0 -23 -32 -22 -31 -22 -30 -21 -29 -22 -28 -22 -27 -20 -26 -20 -25 -19 -24 -18 -24 -17 -23 -17 -23 -16 -22 -14 -21 -12 -20 -12 -20 -11 -19 -10 -19 -9 -18 -8 -18 -7 -17 -6 -16 -4 -15 -3 -15 -2 -14 0 0 0 0 0 0 0 0 0 0 0 0 0 0 0 0 0 0 0 0 0 0 -12 -17 -11 -18 -10 -19 -10 -19 -9 -20 -9 -20 -9 -20 -8 -20 -9 -21 -8 -21 -8 -21 -8 -22 -8 -23 -9 -24 -9 -24 -9 -25 -9 -25 -10 -27 -11 -27 -12 -28 -14 -29 -14 -29 -16 -30 -17 -31 -19 -33 -20 -34 ]
CSI_DATA,STA,E4:D1:24:F0:BE:00,-60,10,0,0,0,0,0,0,0,0,0,-97,0,5,0,32173853,0,399,0,0,32.5661,128,[-113 -15 24 0 35 7 34 6 32 5 31 5 31 4 30 4 29 4 27 3 26 3 26 3 25 3 24 3 22 4 22 4 20 4 19 4 19 5 17 6 16 6 15 6 14 6 13 6 12 6 10 6 9 7 0 0 0 0 0 0 0 0 0 0 0 0 0 0 0 0 0 0 0 0 0 0 18 4 17 5 17 6 17 7 17 7 17 8 17 8 17 9 18 8 18 9 18 9 18 9 19 10 20 10 19 10 21 10 21 10 23 11 23 10 25 11 26 10 28 10 29 9 31 9 32 8 34 9 ]
CSI_DATA,STA,E4:D1:24:F0:BE:00,-59,10,0,0,0,0,0,0,0,0,0,-97,0,5,0,32276255,0,399,0,0,32.6686,128,[-113 -15 24 0 14 -32 13 -32 12 -31 12 -30 11 -30 10 -29 10 -28 10 -27 10 -27 9 -26 9 -25 9 -23 9 -22 10 -21 9 -20 9 -19 10 -18 10 -17 10 -16 10 -15 10 -14 10 -12 10 -11 10 -10 10 -9 0 0 0 0 0 0 0 0 0 0 0 0 0 0 0 0 0 0 0 0 0 0 5 -16 6 -16 7 -16 7 -15 8 -15 8 -16 9 -16 9 -16 10 -16 10 -16 11 -16 11 -17 12 -17 12 -17 13 -18 13 -19 13 -20 14 -21 14 -21 14 -22 14 -23 15 -24 14 -26 15 -27 15 -30 15 -32 ]
CSI_DATA,STA,E4:D1:24:F0:BE:00,-61,10,0,0,0,0,0,0,0,0,0,-97,0,5,0,32378657,0,399,0,0,32.771,128,[-113 -15 24 0 24 17 24 16 24 15 23 15 24 14 23 14 23 14 22 13 21 13 21 13 20 12 19 12 18 12 18 12 16 11 15 12 14 12 14 12 13 12 11 12 10 11 9 11 8 11 7 11 5 10 0 0 0 0 0 0 0 0 0 0 0 0 0 0 0 0 0 0 0 0 0 0 11 9 10 10 10 10 10 10 10 11 10 11 9 12 10 12 10 12 10 12 9 12 10 13 10 13 11 13 11 14 12 14 12 14 12 15 13 15 14 15 15 15 17 16 18 16 19 16 21 17 22 17 ]
CSI_DATA,STA,E4:D1:24:F0:BE:00,-62,10,0,0,0,0,0,0,0,0,0,-97,0,5,0,32481058,0,399,0,0,32.8734,128,[-113 -15 24 0 -12 -33 -12 -32 -12 -31 -13 -31 -12 -31 -13 -30 -13 -29 -12 -28 -12 -29 -11 -28 -11 -27 -10 -26 -10 -25 -8 -25 -8 -24 -7 -23 -7 -22 -6 -21 -5 -21 -4 -20 -3 -19 -3 -18 -1 -17 0 -16 0 -15 0 0 0 0 0 0 0 0 0 0 0 0 0 0 0 0 0 0 0 0 0 0 -7 -16 -6 -17 -5 -17 -5 -17 -4 -17 -4 -17 -4 -17 -4 -17 -3 -17 -3 -18 -3 -18 -2 -18 -3 -19 -3 -19 -3 -20 -3 -21 -3 -21 -3 -22 -4 -23 -4 -24 -5 -25 -6 -27 -7 -27 -7 -29 -8 -31 -10 -33 ]
CSI_DATA,STA,E4:D1:24:F0:BE:00,-62,10,0,0,0,0,0,0,0,0,0,-97,0,5,0,32481787,0,64,0,0,32.9105,128,[64 0 4 0 8 -34 8 -33 7 -33 6 -31 6 -32 5 -32 6 -31 4 -30 6 -31 5 -30 6 -28 6 -27 5 -26 6 -25 6 -23 6 -23 6 -22 8 -21 6 -20 7 -18 7 -17 6 -16 7 -14 8 -11 5 -15 0 0 0 0 0 0 0 0 0 0 0 0 0 0 0 0 0 0 0 0 0 0 3 -17 4 -15 5 -16 6 -15 6 -16 5 -15 6 -15 6 -16 7 -15 7 -16 8 -15 8 -17 8 -16 9 -17 9 -17 8 -19 8 -18 9 -20 8 -20 9 -21 8 -22 9 -24 10 -26 10 -27 10 -29 10 -31 ]
CSI_DATA,STA,E4:D1:24:F0:BE:00,-61,10,0,0,0,0,0,0,0,0,0,-97,0,5,0,32583460,0,399,0,0,32.9757,128,[-113 -15 24 0 33 -3 32 -4 30 -4 30 -4 29 -5 28 -5 27 -5 26 -5 25 -5 24 -5 23 -5 23 -4 22 -4 21 -3 19 -3 19 -2 18 -2 17 -1 16 -1 15 -1 14 0 13 0 13 1 12 1 11 1 0 0 0 0 0 0 0 0 0 0 0 0 0 0 0 0 0 0 0 0 0 0 13 -4 13 -2 14 -2 13 -2 14 -1 14 -1 14 0 15 0 15 0 16 0 15 1 16 1 17 1 18 1 18 2 20 1 20 2 21 1 22 1 23 2 24 1 25 0 26 0 28 -1 30 -1 32 -2 ]
CSI_DATA,STA,E4:D1:24:F0:BE:00,-62,10,0,0,0,0,0,0,0,0,0,-97,0,5,0,32685862,0,399,0,0,33.0782,128,[-113 -15 24 0 -35 -14 -34 -13 -33 -13 -32 -12 -31 -11 -31 -11 -30 -10 -30 -10 -28 -10 -27 -9 -26 -10 -25 -9 -24 -8 -23 -9 -21 -9 -20 -8 -19 -9 -18 -8 -17 -8 -16 -8 -15 -8 -14 -8 -13 -7 -12 -7 -12 -9 0 0 0 0 0 0 0 0 0 0 0 0 0 0 0 0 0 0 0 0 0 0 -13 -4 -12 -5 -13 -5 -13 -6 -12 -7 -13 -7 -13 -7 -13 -7 -13 -8 -14 -8 -14 -8 -14 -8 -15 -10 -16 -10 -17 -10 -18 -11 -19 -11 -20 -12 -21 -12 -21 -12 -23 -13 -25 -14 -27 -14 -28 -15 -31 -15 -32 -15 ]
CSI_DATA,STA,E4:D1:24:F0:BE:00,-64,10,0,0,0,0,0,0,0,0,0,-97,0,5,0,32788264,0,399,0,0,33.1804,128,[-113 -15 24 0 27 22 27 23 27 21 27 20 27 20 27 18 27 18 26 17 25 16 26 17 25 16 23 15 22 15 21 15 20 14 19 15 18 15 17 15 16 15 15 14 14 14 13 14 11 13 11 14 9 13 0 0 0 0 0 0 0 0 0 0 0 0 0 0 0 0 0 0 0 0 0 0 12 0 11 1 11 2 11 3 11 4 11 4 11 5 11 7 12 7 12 8 12 9 12 10 12 11 13 12 14 13 14 13 15 16 15 17 16 17 17 19 18 20 19 21 20 22 22 23 23 24 26 26 ]
CSI_DATA,STA,E4:D1:24:F0:BE:00,-63,10,0,0,0,0,0,0,0,0,0,-97,0,5,0,32890666,0,399,0,0,33.2828,128,[-113 -15 24 0 -25 20 -24 20 -23 20 -22 19 -22 19 -22 19 -20 18 -20 18 -20 16 -19 16 -19 15 -18 14 -17 14 -16 12 -16 12 -15 11 -15 10 -14 9 -13 8 -13 8 -12 7 -12 6 -11 6 -11 5 -10 4 0 0 0 0 0 0 0 0 0 0 0 0 0 0 0 0 0 0 0 0 0 0 -8 8 -8 8 -9 7 -9 7 -9 7 -9 7 -10 8 -10 8 -10 8 -11 7 -12 8 -13 8 -13 8 -14 8 -15 9 -15 9 -16 9 -17 10 -18 11 -19 12 -19 12 -20 13 -21 14 -22 16 -23 17 -24 19 ]
CSI_DATA,STA,E4:D1:24:F0:BE:00,-61,10,0,0,0,0,0,0,0,0,0,-97,0,5,0,32993068,0,399,0,0,33.3854,128,[-113 -15 24 0 11 -38 10 -37 10 -36 10 -33 9 -33 8 -32 9 -29 9 -28 9 -27 8 -25 9 -23 8 -22 9 -20 8 -19 8 -17 8 -16 8 -15 8 -14 7 -12 6 -11 7 -10 6 -9 6 -8 6 -7 5 -7 0 0 0 0 0 0 0 0 0 0 0 0 0 0 0 0 0 0 0 0 0 0 7 -19 7 -18 8 -18 9 -18 10 -17 9 -17 9 -18 9 -18 10 -19 10 -19 11 -19 10 -20 11 -21 12 -21 12 -22 12 -23 12 -24 12 -26 12 -26 12 -27 11 -29 12 -30 11 -32 12 -34 11 -36 12 -39 ]
CSI_DATA,STA,E4:D1:24:F0:BE:00,-64,10,0,0,0,0,0,0,0,0,0,-97,0,5,0,33095474,0,399,0,0,33.4878,128,[-113 -15 24 0 -3 -37 -3 -36 -3 -36 -4 -35 -4 -36 -4 -35 -4 -33 -3 -33 -3 -33 -3 -32 -2 -31 -2 -30 -1 -28 1 -27 1 -25 1 -25 1 -24 1 -23 2 -22 2 -21 2 -20 2 -18 3 -17 4 -17 5 -17 0 0 0 0 0 0 0 0 0 0 0 0 0 0 0 0 0 0 0 0 0 0 -1 -20 1 -20 2 -19 2 -19 2 -19 3 -18 3 -18 4 -19 4 -18 4 -20 4 -19 5 -19 5 -20 5 -22 4 -22 5 -22 5 -23 5 -24 4 -24 5 -25 4 -27 4 -29 3 -29 2 -31 2 -33 1 -36 ]
CSI_DATA,STA,E4:D1:24:F0:BE:00,-65,10,0,0,0,0,0,0,0,0,0,-97,0,5,0,33197871,0,399,0,0,33.5902,128,[-113 -15 24 0 -24 16 -23 18 -22 18 -23 19 -22 20 -23 21 -22 21 -22 22 -22 22 -22 22 -23 21 -22 21 -21 20 -23 19 -21 18 -22 17 -22 17 -21 17 -21 15 -20 15 -20 13 -20 12 -20 10 -19 10 -19 7 0 0 0 0 0 0 0 0 0 0 0 0 0 0 0 0 0 0 0 0 0 0 -12 7 -12 6 -12 5 -11 4 -11 4 -11 4 -11 4 -11 4 -11 4 -11 3 -12 3 -13 3 -13 3 -13 3 -14 3 -15 4 -15 3 -16 3 -17 3 -17 4 -18 4 -19 5 -19 7 -21 7 -22 9 -22 10 ]
CSI_DATA,STA,E4:D1:24:F0:BE:00,-68,10,0,0,0,0,0,0,0,0,0,-97,0,5,0,33300273,0,399,0,0,33.6926,128,[-113 -15 24 0 13 -25 13 -25 13 -26 11 -27 11 -27 10 -28 11 -28 11 -28 10 -29 10 -27 11 -27 11 -27 10 -26 10 -25 10 -23 10 -23 10 -23 10 -23 10 -22 8 -21 9 -21 8 -19 7 -18 8 -18 8 -18 0 0 0 0 0 0 0 0 0 0 0 0 0 0 0 0 0 0 0 0 0 0 8 -19 9 -18 9 -17 9 -16 9 -16 10 -15 10 -15 10 -14 10 -15 9 -14 10 -13 10 -14 11 -14 11 -14 13 -14 13 -14 13 -14 14 -14 14 -15 14 -14 13 -15 14 -16 14 -17 14 -18 15 -18 15 -21 ]
CSI_DATA,STA,E4:D1:24:F0:BE:00,-64,10,0,0,0,0,0,0,0,0,0,-97,0,5,0,33402675,0,399,0,0,33.795,128,[-113 -15 24 0 -32 13 -32 13 -30 13 -30 13 -30 13 -31 12 -30 12 -30 11 -29 11 -29 10 -27 9 -27 8 -26 7 -25 6 -24 5 -23 5 -23 4 -22 3 -21 2 -21 2 -20 1 -19 1 -18 1 -18 0 -17 -1 0 0 0 0 0 0 0 0 0 0 0 0 0 0 0 0 0 0 0 0 0 0 -18 -2 -17 -3 -17 -3 -16 -3 -16 -3 -17 -3 -16 -3 -17 -4 -17 -3 -17 -3 -18 -3 -18 -4 -18 -4 -19 -4 -19 -3 -20 -3 -20 -2 -20 -2 -22 -1 -22 0 -22 2 -22 3 -24 4 -25 5 -26 7 -29 9 ]
CSI_DATA,STA,E4:D1:24:F0:BE:00,-65,10,0,0,0,0,0,0,0,0,0,-97,0,5,0,33505077,0,399,0,0,33.8972,128,[-113 -15 24 0 -15 26 -13 26 -14 25 -14 24 -13 24 -13 24 -13 23 -13 23 -13 22 -13 21 -14 21 -13 20 -13 19 -13 18 -12 17 -12 17 -11 16 -12 15 -11 14 -11 14 -10 13 -10 12 -10 12 -10 12 -10 10 0 0 0 0 0 0 0 0 0 0 0 0 0 0 0 0 0 0 0 0 0 0 -15 20 -16 19 -17 19 -17 18 -17 19 -18 19 -18 18 -18 18 -18 18 -19 18 -18 17 -18 18 -19 17 -18 18 -19 18 -18 18 -19 18 -18 18 -17 18 -18 19 -17 19 -17 20 -17 20 -15 22 -16 23 -15 24 ]
CSI_DATA,STA,E4:D1:24:F0:BE:00,-64,10,0,0,0,0,0,0,0,0,0,-97,0,5,0,33607479,0,399,0,0,33.9996,128,[-113 -15 24 0 -12 -29 -13 -29 -13 -27 -13 -26 -12 -26 -11 -26 -10 -25 -9 -25 -9 -25 -10 -24 -7 -23 -7 -22 -5 -22 -4 -21 -3 -19 -2 -19 -1 -19 0 -19 1 -18 1 -17 1 -16 2 -15 2 -15 3 -14 5 -14 0 0 0 0 0 0 0 0 0 0 0 0 0 0 0 0 0 0 0 0 0 0 -1 -26 0 -25 1 -24 2 -24 2 -24 2 -24 2 -24 2 -24 1 -24 1 -24 1 -24 1 -25 1 -25 0 -26 1 -26 0 -26 -1 -26 -1 -26 -2 -27 -2 -27 -4 -28 -4 -27 -6 -28 -7 -28 -9 -29 -10 -30 ]
CSI_DATA,STA,E4:D1:24:F0:BE:00,-64,10,0,0,0,0,0,0,0,0,0,-97,0,5,0,33608171,0,64,0,0,34.0343,128,[64 0 4 0 14 27 14 25 13 25 13 24 12 24 12 24 11 23 9 23 9 22 9 22 7 20 6 20 5 20 3 19 2 18 1 18 0 18 0 17 -2 16 -2 16 -3 15 -4 13 -3 13 -6 14 0 9 0 0 0 0 0 0 0 0 0 0 0 0 0 0 0 0 0 0 0 0 0 0 4 24 2 23 1 24 1 23 0 22 1 22 0 23 1 23 1 22 0 23 1 23 1 23 1 23 2 23 2 24 2 26 2 25 3 25 3 24 5 25 5 24 6 24 8 26 9 25 10 26 12 27 ]
CSI_DATA,STA,E4:D1:24:F0:BE:00,-64,10,0,0,0,0,0,0,0,0,0,-97,0,5,0,33609957,0,158,0,0,34.0709,128,[-98 -32 9 0 29 -8 28 -8 28 -8 27 -8 27 -8 26 -8 24 -7 25 -6 24 -5 23 -4 23 -3 21 -2 21 -1 20 0 18 0 19 2 17 2 17 3 17 3 15 4 14 5 13 6 12 5 12 6 10 7 0 0 0 0 0 0 0 0 0 0 0 0 0 0 0 0 0 0 0 0 0 0 23 4 22 5 22 5 21 6 22 6 21 5 21 6 21 5 22 5 21 4 21 5 22 5 23 4 23 4 23 4 24 4 23 3 24 3 25 1 24 1 25 0 26 -1 26 -3 28 -3 28 -5 29 -6 ]
CSI_DATA,STA,E4:D1:24:F0:BE:00,-59,10,0,0,0,0,0,0,0,0,0,-97,0,5,0,33709881,0,399,0,0,34.1102,128,[-113 -15 24 0 -39 4 -38 4 -36 5 -35 5 -34 6 -33 5 -32 5 -31 5 -29 5 -29 5 -28 5 -27 4 -25 3 -25 3 -23 2 -23 2 -22 1 -22 0 -21 0 -20 -1 -19 -1 -18 -2 -18 -3 -17 -4 -16 -5 0 0 0 0 0 0 0 0 0 0 0 0 0 0 0 0 0 0 0 0 0 0 -20 2 -20 0 -20 -1 -20 -1 -20 -2 -20 -2 -20 -2 -21 -3 -21 -3 -22 -3 -22 -3 -23 -3 -24 -4 -25 -4 -25 -4 -27 -4 -27 -3 -28 -4 -29 -3 -31 -3 -32 -2 -33 -2 -34 -1 -36 -1 -38 0 -39 1 ]
CSI_DATA,STA,E4:D1:24:F0:BE:00,-59,10,0,0,0,0,0,0,0,0,0,-97,0,5,0,33710969,0,64,0,0,34.151,128,[64 0 4 0 -40 5 -37 5 -36 7 -34 6 -34 7 -33 6 -31 7 -30 7 -30 6 -28 5 -28 5 -27 5 -25 4 -25 4 -23 3 -23 3 -22 2 -22 2 -20 1 -20 1 -19 0 -18 -1 -18 -2 -17 -3 -16 -5 0 0 0 0 0 0 0 0 0 0 0 0 0 0 0 0 0 0 0 0 0 0 -20 2 -20 0 -20 -1 -20 -1 -20 -2 -21 -2 -21 -2 -21 -2 -21 -2 -22 -2 -22 -3 -23 -3 -24 -3 -25 -4 -26 -3 -27 -3 -28 -3 -29 -3 -30 -3 -31 -2 -32 -1 -34 0 -35 0 -36 0 -38 1 -39 2 ]
CSI_DATA,STA,E4:D1:24:F0:BE:00,-62,10,0,0,0,0,0,0,0,0,0,-97,0,5,0,33812283,0,399,0,0,34.2046,128,[-113 -15 24 0 31 14 30 12 31 12 30 11 30 10 31 9 30 8 29 8 29 8 29 8 28 9 28 7 26 8 26 7 25 7 25 7 24 7 23 8 23 8 22 8 21 9 20 9 19 9 19 10 18 11 0 0 0 0 0 0 0 0 0 0 0 0 0 0 0 0 0 0 0 0 0 0 13 1 13 3 12 4 12 4 12 5 12 5 13 6 12 6 12 6 12 6 12 8 13 7 13 8 14 9 14 10 15 10 15 10 16 11 16 12 18 13 19 13 21 14 23 14 23 15 25 15 27 14 ]
CSI_DATA,STA,E4:D1:24:F0:BE:00,-62,10,0,0,0,0,0,0,0,0,0,-97,0,5,0,33812993,0,158,0,0,34.2333,128,[-98 -32 9 0 -17 25 -17 26 -14 25 -15 25 -14 26 -14 25 -12 25 -13 25 -12 25 -11 24 -11 24 -11 24 -11 23 -10 22 -11 21 -11 20 -10 21 -11 21 -11 18 -11 18 -11 18 -11 16 -13 15 -12 16 -11 12 0 0 0 0 0 0 0 0 0 0 0 0 0 0 0 0 0 0 0 0 0 0 -3 12 -5 11 -5 11 -6 10 -6 10 -7 10 -7 9 -7 11 -8 9 -8 9 -7 11 -8 11 -9 12 -10 11 -11 11 -12 12 -12 12 -13 13 -14 14 -15 14 -15 16 -17 17 -15 17 -15 19 -16 21 -17 23 ]
CSI_DATA,STA,E4:D1:24:F0:BE:00,-62,10,0,0,0,0,0,0,0,0,0,-97,0,5,0,33814379,0,158,0,0,34.2764,128,[-98 -32 9 0 -28 17 -26 17 -26 18 -26 19 -25 19 -25 19 -24 20 -23 20 -23 20 -22 20 -22 19 -21 18 -21 17 -21 18 -19 16 -20 16 -20 16 -20 15 -19 15 -19 13 -18 13 -20 13 -18 11 -20 12 -23 7 0 0 0 0 0 0 0 0 0 0 0 0 0 0 0 0 0 0 0 0 0 0 -11 9 -11 8 -11 7 -11 6 -11 7 -11 7 -13 6 -12 6 -13 5 -13 5 -13 5 -14 5 -16 6 -15 5 -17 6 -17 5 -18 6 -20 6 -20 6 -21 7 -22 7 -23 9 -25 8 -25 11 -26 11 -27 13 ]
CSI_DATA,STA,E4:D1:24:F0:BE:00,-62,10,0,0,0,0,0,0,0,0,0,-97,0,5,0,33822354,0,64,0,0,34.319,128,[64 0 4 0 -22 28 -21 29 -18 28 -19 29 -17 29 -17 30 -16 29 -15 30 -15 29 -16 28 -15 28 -15 26 -14 27 -14 26 -14 24 -14 24 -14 23 -14 23 -14 22 -15 21 -15 20 -15 19 -15 18 -16 16 -16 16 0 0 0 0 0 0 0 0 0 0 0 0 0 0 0 0 0 0 0 0 0 0 -5 13 -6 11 -8 11 -8 11 -8 11 -8 10 -9 11 -9 10 -10 11 -10 10 -10 10 -12 11 -13 11 -13 11 -14 12 -15 12 -16 13 -17 14 -17 14 -18 15 -18 16 -20 18 -20 19 -21 19 -22 22 -22 24 ]
CSI_DATA,STA,E4:D1:24:F0:BE:00,-63,10,0,0,0,0,0,0,0,0,0,-97,0,5,0,33914239,0,362,0,0,34.3625,128,[106 -95 22 0 -3 27 -2 27 -1 25 -1 25 0 25 0 24 0 24 -1 23 -1 22 -1 22 -1 22 -1 20 -2 20 -2 19 -2 18 -2 18 -2 18 -3 18 -3 16 -3 16 -4 15 -4 15 -5 14 -5 14 -5 13 0 0 0 0 0 0 0 0 0 0 0 0 0 0 0 0 0 0 0 0 0 0 -3 16 -4 15 -4 15 -5 14 -5 15 -5 15 -5 15 -5 16 -5 15 -5 15 -6 15 -5 16 -6 17 -6 17 -6 17 -6 18 -6 19 -7 19 -7 19 -6 20 -6 21 -6 21 -6 22 -6 23 -5 25 -4 26 ]
CSI_DATA,STA,E4:D1:24:F0:BE:00,-63,10,0,0,0,0,0,0,0,0,0,-97,0,5,0,33914683,0,399,0,0,34.4025,128,[-113 -15 24 0 17 -31 15 -30 15 -29 15 -29 14 -28 14 -28 14 -27 14 -28 14 -27 13 -25 13 -24 13 -24 13 -22 13 -21 12 -20 14 -20 13 -19 13 -18 13 -18 13 -17 13 -16 13 -15 13 -13 14 -13 15 -12 0 0 0 0 0 0 0 0 0 0 0 0 0 0 0 0 0 0 0 0 0 0 10 -18 10 -17 12 -16 11 -16 12 -16 12 -16 12 -16 12 -16 12 -16 13 -16 13 -17 13 -17 15 -17 15 -17 15 -17 16 -19 16 -18 18 -19 17 -20 17 -20 17 -21 18 -22 18 -23 18 -25 19 -26 19 -28 ]
CSI_DATA,STA,E4:D1:24:F0:BE:00,-61,10,0,0,0,0,0,0,0,0,0,-97,0,5,0,33952765,0,368,0,0,34.4472,128,[112 1 23 0 2 -28 2 -28 1 -27 1 -27 1 -27 0 -26 0 -25 0 -26 0 -25 0 -24 0 -24 0 -23 0 -22 1 -22 1 -21 1 -20 1 -21 2 -20 2 -19 2 -19 3 -18 3 -18 4 -17 5 -17 6 -16 0 0 0 0 0 0 0 0 0 0 0 0 0 0 0 0 0 0 0 0 0 0 3 -14 4 -13 4 -13 4 -13 4 -13 5 -13 4 -13 4 -14 4 -14 5 -15 5 -15 6 -15 6 -16 7 -17 6 -17 6 -18 6 -18 7 -20 7 -19 6 -20 6 -21 6 -22 6 -23 5 -24 5 -26 5 -27 ]
CSI_DATA,STA,E4:D1:24:F0:BE:00,-60,10,0,0,0,0,0,0,0,0,0,-97,0,5,0,34017085,0,399,0,0,34.4874,128,[-113 -15 24 0 33 14 32 13 30 12 29 11 28 10 27 10 26 9 25 9 24 9 23 8 22 9 21 8 20 7 18 8 17 7 16 8 16 7 15 7 15 7 14 7 13 7 13 7 12 7 11 7 11 7 0 0 0 0 0 0 0 0 0 0 0 0 0 0 0 0 0 0 0 0 0 0 19 5 18 6 17 7 18 8 18 8 18 9 18 9 19 9 19 10 19 10 19 10 20 11 20 12 21 13 22 13 22 14 23 14 24 15 24 14 25 15 26 15 28 15 29 15 30 15 31 16 33 15 ]
CSI_DATA,STA,E4:D1:24:F0:BE:00,-60,10,0,0,0,0,0,0,0,0,0,-97,0,5,0,34029026,0,372,0,0,34.5254,128,[116 65 23 0 19 -31 18 -29 17 -28 16 -27 15 -26 15 -25 14 -24 13 -23 13 -22 12 -21 12 -20 11 -19 10 -18 10 -17 10 -15 10 -15 9 -14 9 -14 9 -13 9 -12 8 -12 8 -11 8 -11 8 -10 8 -10 0 0 0 0 0 0 0 0 0 0 0 0 0 0 0 0 0 0 0 0 0 0 10 -21 11 -20 11 -19 12 -19 13 -19 13 -19 14 -19 15 -19 14 -19 16 -18 16 -19 17 -19 18 -19 19 -20 18 -20 19 -21 19 -21 20 -23 20 -23 21 -23 20 -24 21 -26 21 -27 21 -28 22 -29 22 -30 ]
CSI_DATA,STA,E4:D1:24:F0:BE:00,-61,10,0,0,0,0,0,0,0,0,0,-97,0,5,0,34072744,0,368,0,0,34.5692,128,[112 1 23 0 -24 -26 -23 -24 -22 -23 -22 -22 -21 -21 -20 -20 -19 -19 -19 -17 -18 -18 -17 -17 -17 -16 -16 -15 -15 -15 -14 -14 -13 -13 -13 -13 -12 -13 -13 -13 -11 -13 -11 -12 -11 -12 -10 -12 -10 -12 -10 -12 -8 -12 0 0 0 0 0 0 0 0 0 0 0 0 0 0 0 0 0 0 0 0 0 0 -16 -14 -15 -15 -14 -16 -14 -17 -13 -17 -13 -18 -14 -18 -14 -19 -13 -18 -13 -20 -13 -20 -13 -21 -13 -22 -13 -22 -13 -23 -14 -24 -15 -24 -15 -25 -15 -25 -16 -25 -17 -26 -18 -26 -19 -26 -20 -27 -21 -27 -22 -28 ]
CSI_DATA,STA,E4:D1:24:F0:BE:00,-60,10,0,0,0,0,0,0,0,0,0,-97,0,5,0,34119487,0,399,0,0,34.6181,128,[-113 -15 24 0 -22 -32 -21 -30 -19 -28 -19 -26 -19 -25 -18 -24 -18 -23 -17 -22 -16 -21 -16 -20 -15 -19 -15 -18 -14 -17 -13 -16 -13 -15 -13 -15 -12 -15 -12 -15 -11 -14 -11 -14 -11 -14 -10 -14 -9 -14 -9 -14 -8 -15 0 0 0 0 0 0 0 0 0 0 0 0 0 0 0 0 0 0 0 0 0 0 -14 -15 -13 -15 -13 -17 -12 -16 -12 -17 -12 -17 -12 -18 -13 -19 -12 -19 -12 -20 -13 -21 -13 -22 -13 -23 -13 -24 -13 -24 -14 -26 -14 -26 -15 -28 -15 -29 -15 -29 -16 -29 -17 -31 -17 -31 -18 -32 -20 -33 -21 -34 ]
CSI_DATA,STA,E4:D1:24:F0:BE:00,-62,10,0,0,0,0,0,0,0,0,0,-97,0,5,0,34204925,0,64,0,0,34.667,128,[64 0 4 0 -14 29 -13 28 -13 26 -11 26 -11 25 -10 24 -10 24 -9 23 -9 22 -9 22 -9 21 -8 20 -8 20 -8 19 -7 18 -7 18 -8 17 -7 17 -7 17 -7 16 -6 15 -7 15 -7 15 -7 15 -7 14 0 0 0 0 0 0 0 0 0 0 0 0 0 0 0 0 0 0 0 0 0 0 -7 21 -8 20 -9 21 -10 20 -10 20 -10 21 -10 21 -10 22 -11 22 -11 22 -12 22 -12 23 -13 23 -13 23 -14 23 -14 24 -14 24 -15 25 -15 24 -15 25 -15 26 -14 27 -15 28 -15 28 -15 29 -15 30 ]
CSI_DATA,STA,E4:D1:24:F0:BE:00,-60,10,0,0,0,0,0,0,0,0,0,-97,0,5,0,34221889,0,399,0,0,34.7094,128,[-113 -15 24 0 -22 -25 -21 -23 -20 -22 -20 -21 -20 -20 -19 -19 -19 -18 -18 -18 -17 -17 -17 -16 -17 -16 -16 -15 -15 -14 -15 -13 -14 -13 -14 -13 -13 -13 -13 -12 -12 -12 -12 -12 -11 -11 -11 -11 -11 -11 -10 -11 -9 -11 0 0 0 0 0 0 0 0 0 0 0 0 0 0 0 0 0 0 0 0 0 0 -12 -10 -11 -10 -12 -11 -11 -11 -11 -12 -12 -13 -11 -13 -12 -13 -12 -14 -12 -15 -12 -15 -12 -16 -13 -16 -13 -17 -13 -18 -13 -19 -13 -19 -14 -20 -14 -20 -14 -21 -16 -21 -17 -22 -17 -23 -18 -23 -19 -24 -21 -25 ]
CSI_DATA,STA,E4:D1:24:F0:BE:00,-61,10,0,0,0,0,0,0,0,0,0,-97,0,5,0,34324291,0,399,0,0,34.7628,128,[-113 -15 24 0 -32 -15 -31 -14 -29 -12 -28 -13 -27 -12 -27 -12 -25 -12 -24 -11 -23 -11 -23 -11 -22 -11 -21 -10 -20 -10 -19 -10 -17 -9 -17 -10 -17 -10 -16 -9 -16 -9 -15 -9 -14 -9 -14 -9 -13 -8 -13 -9 -11 -10 0 0 0 0 0 0 0 0 0 0 0 0 0 0 0 0 0 0 0 0 0 0 -15 -11 -14 -11 -14 -12 -15 -11 -15 -12 -15 -11 -16 -11 -16 -12 -16 -12 -17 -12 -18 -12 -18 -13 -19 -13 -20 -14 -20 -14 -21 -13 -21 -14 -22 -14 -23 -14 -24 -14 -25 -14 -26 -14 -27 -14 -28 -14 -30 -14 -31 -15 ]
CSI_DATA,STA,E4:D1:24:F0:BE:00,-59,10,0,0,0,0,0,0,0,0,0,-97,0,5,0,34426693,0,399,0,0,34.819,128,[-113 -15 24 0 31 21 31 20 30 19 30 18 30 17 29 16 29 15 27 14 28 14 26 15 26 13 24 13 24 12 23 12 22 11 22 13 21 12 20 12 20 12 19 12 18 12 17 12 17 13 16 13 15 14 0 0 0 0 0 0 0 0 0 0 0 0 0 0 0 0 0 0 0 0 0 0 15 8 14 8 14 9 13 9 13 10 13 10 14 10 14 11 15 11 14 12 14 12 16 13 16 13 17 14 17 15 18 16 18 16 19 18 21 17 21 19 23 19 25 20 25 21 27 22 28 23 30 22 ]
CSI_DATA,STA,E4:D1:24:F0:BE:00,-64,10,0,0,0,0,0,0,0,0,0,-97,0,5,0,34534139,0,399,0,0,34.9265,128,[-113 -15 24 0 -6 -31 -7 -30 -6 -30 -5 -29 -6 -28 -6 -29 -5 -29 -6 -28 -5 -28 -5 -27 -5 -27 -5 -26 -5 -26 -4 -24 -4 -23 -3 -23 -3 -24 -3 -23 -3 -22 -2 -22 -1 -22 -2 -21 -2 -21 -1 -21 1 -21 0 0 0 0 0 0 0 0 0 0 0 0 0 0 0 0 0 0 0 0 0 0 2 -26 3 -25 3 -24 3 -23 3 -24 2 -23 2 -22 2 -23 2 -23 1 -23 1 -23 1 -23 0 -24 1 -25 0 -26 0 -25 -1 -25 -1 -26 -1 -26 0 -27 -2 -27 -2 -28 -3 -28 -2 -29 -3 -30 -3 -32 ]
CSI_DATA,STA,E4:D1:24:F0:BE:00,-64,10,0,0,0,0,0,0,0,0,0,-97,0,5,0,34544783,0,64,0,0,34.9609,128,[64 0 4 0 -1 -28 -1 -27 0 -27 -1 -27 0 -26 0 -27 0 -26 1 -26 1 -26 0 -26 0 -25 1 -24 1 -25 2 -23 1 -22 2 -22 2 -22 2 -21 2 -21 3 -20 2 -20 3 -19 3 -19 4 -18 6 -18 0 0 0 0 0 0 0 0 0 0 0 0 0 0 0 0 0 0 0 0 0 0 6 -21 6 -20 6 -19 5 -19 5 -18 5 -19 5 -18 4 -18 3 -19 4 -19 3 -19 4 -19 3 -20 4 -20 3 -22 3 -21 3 -22 2 -22 3 -22 3 -23 2 -24 2 -24 2 -24 2 -25 2 -26 2 -28 ]
CSI_DATA,STA,E4:D1:24:F0:BE:00,-62,10,0,0,0,0,0,0,0,0,0,-97,0,5,0,34631497,0,399,0,0,35.0237,128,[-113 -15 24 0 3 34 2 33 3 33 2 32 3 32 2 32 2 30 1 30 2 30 2 28 1 28 1 27 0 26 0 25 0 23 -1 24 -2 24 -2 23 -2 22 -2 21 -3 20 -3 20 -4 19 -5 19 -6 18 0 0 0 0 0 0 0 0 0 0 0 0 0 0 0 0 0 0 0 0 0 0 -4 13 -4 12 -4 11 -4 11 -4 11 -4 10 -3 12 -3 11 -2 12 -2 11 -2 13 -3 13 -2 14 -2 15 -2 16 -3 17 -2 18 -2 19 -1 20 -1 21 0 23 -1 25 0 26 0 28 1 29 1 32 ]
CSI_DATA,STA,E4:D1:24:F0:BE:00,-60,10,0,0,0,0,0,0,0,0,0,-97,0,5,0,34733898,0,399,0,0,35.1262,128,[-113 -15 24 0 33 12 32 11 31 10 31 10 30 9 30 8 29 7 28 7 27 7 27 7 26 7 25 6 24 7 23 7 22 6 22 7 21 7 20 7 20 7 19 7 18 8 18 8 17 9 16 9 16 10 0 0 0 0 0 0 0 0 0 0 0 0 0 0 0 0 0 0 0 0 0 0 19 5 18 6 18 7 17 8 17 8 17 9 17 10 17 10 17 10 17 11 17 11 18 12 18 12 18 13 19 13 20 13 20 14 21 15 22 14 23 15 24 15 26 15 27 15 29 15 30 15 32 15 ]
CSI_DATA,STA,E4:D1:24:F0:BE:00,-60,10,0,0,0,0,0,0,0,0,0,-97,0,5,0,34836300,0,399,0,0,35.2287,128,[-113 -15 24 0 -39 -1 -36 0 -34 0 -32 0 -31 0 -31 0 -29 0 -28 1 -27 1 -25 1 -24 1 -23 1 -22 1 -21 1 -20 0 -20 0 -19 -1 -18 -1 -18 -1 -17 -1 -17 -2 -16 -1 -16 -1 -15 -2 -14 -3 0 0 0 0 0 0 0 0 0 0 0 0 0 0 0 0 0 0 0 0 0 0 -19 2 -19 1 -19 0 -19 -1 -20 -1 -19 -1 -20 -1 -20 -2 -21 -2 -21 -1 -21 -2 -22 -2 -23 -2 -24 -3 -25 -3 -26 -3 -27 -2 -29 -3 -29 -3 -30 -3 -32 -3 -34 -2 -35 -2 -36 -2 -38 -2 -39 -2 ]
CSI_DATA,STA,E4:D1:24:F0:BE:00,-60,10,0,0,0,0,0,0,0,0,0,-97,0,5,0,34938702,0,399,0,0,35.331,128,[-113 -15 24 0 -32 -10 -30 -9 -29 -9 -28 -9 -28 -8 -28 -8 -26 -8 -26 -7 -25 -7 -24 -8 -24 -7 -22 -7 -22 -8 -21 -7 -20 -7 -20 -8 -18 -8 -18 -8 -17 -8 -17 -8 -16 -8 -15 -8 -14 -9 -14 -9 -13 -10 0 0 0 0 0 0 0 0 0 0 0 0 0 0 0 0 0 0 0 0 0 0 -17 -6 -16 -8 -16 -8 -15 -8 -15 -9 -15 -9 -15 -9 -15 -10 -15 -10 -16 -10 -15 -10 -16 -10 -16 -10 -17 -11 -16 -11 -18 -11 -18 -11 -19 -11 -20 -11 -21 -11 -22 -11 -23 -11 -25 -11 -26 -11 -28 -11 -29 -11 ]
CSI_DATA,STA,E4:D1:24:F0:BE:00,-61,10,0,0,0,0,0,0,0,0,0,-97,0,5,0,35041104,0,399,0,0,35.4332,128,[-113 -15 24 0 -11 31 -10 31 -9 30 -8 29 -8 29 -8 29 -7 28 -7 27 -7 27 -7 26 -7 25 -7 24 -7 23 -7 23 -7 22 -7 22 -8 21 -8 21 -8 20 -9 20 -9 19 -10 18 -10 17 -12 17 -12 16 0 0 0 0 0 0 0 0 0 0 0 0 0 0 0 0 0 0 0 0 0 0 -7 17 -8 16 -8 16 -9 16 -10 16 -10 16 -10 16 -11 16 -11 15 -11 15 -10 15 -11 16 -12 16 -12 17 -12 17 -12 18 -12 19 -12 20 -12 21 -12 21 -12 23 -13 24 -12 26 -12 26 -12 29 -12 30 ]
CSI_DATA,STA,E4:D1:24:F0:BE:00,-62,10,0,0,0,0,0,0,0,0,0,-97,0,5,0,35143506,0,399,0,0,35.5357,128,[-113 -15 24 0 -30 -17 -28 -16 -26 -15 -25 -14 -25 -14 -23 -14 -22 -14 -22 -14 -20 -13 -19 -13 -19 -13 -18 -13 -17 -12 -14 -13 -14 -12 -13 -12 -12 -12 -12 -12 -11 -12 -10 -12 -10 -12 -9 -11 -8 -11 -8 -11 -6 -11 0 0 0 0 0 0 0 0 0 0 0 0 0 0 0 0 0 0 0 0 0 0 -22 -21 -20 -21 -19 -22 -18 -23 -17 -23 -17 -23 -17 -23 -18 -23 -17 -23 -17 -23 -17 -21 -17 -23 -18 -22 -18 -22 -18 -22 -19 -22 -19 -22 -20 -22 -21 -21 -22 -21 -23 -21 -24 -20 -25 -19 -26 -18 -27 -19 -29 -20 ]
CSI_DATA,STA,E4:D1:24:F0:BE:00,-62,10,0,0,0,0,0,0,0,0,0,-97,0,5,0,35245908,0,399,0,0,35.6382,128,[-113 -15 24 0 -30 11 -28 11 -26 10 -26 9 -24 10 -24 10 -24 9 -23 10 -22 9 -22 9 -21 8 -20 7 -20 7 -20 7 -18 6 -18 5 -17 5 -18 5 -17 4 -17 4 -17 4 -16 3 -16 3 -16 2 -15 1 0 0 0 0 0 0 0 0 0 0 0 0 0 0 0 0 0 0 0 0 0 0 -27 7 -27 4 -28 3 -27 3 -26 2 -26 2 -26 2 -26 1 -26 2 -26 2 -25 2 -26 2 -26 2 -26 3 -27 3 -28 3 -27 4 -28 4 -27 5 -28 5 -29 6 -29 7 -30 7 -30 8 -31 9 -31 10 ]
CSI_DATA,STA,E4:D1:24:F0:BE:00,-60,10,0,0,0,0,0,0,0,0,0,-97,0,5,0,35348310,0,399,0,0,35.7406,128,[-113 -15 24 0 -28 23 -26 23 -25 23 -24 22 -23 23 -23 22 -21 21 -21 21 -21 20 -20 19 -20 18 -19 18 -18 17 -18 16 -17 15 -18 14 -17 14 -17 14 -17 13 -17 12 -17 11 -17 10 -17 9 -17 8 -17 7 0 0 0 0 0 0 0 0 0 0 0 0 0 0 0 0 0 0 0 0 0 0 -15 11 -15 10 -16 10 -17 9 -17 8 -17 9 -18 8 -19 8 -19 8 -19 8 -19 7 -20 7 -21 7 -21 8 -21 8 -23 9 -23 9 -23 10 -24 11 -25 11 -25 13 -26 14 -26 15 -27 17 -28 19 -28 21 ]
CSI_DATA,STA,E4:D1:24:F0:BE:00,-62,10,0,0,0,0,0,0,0,0,0,-97,0,5,0,35450711,0,399,0,0,35.843,128,[-113 -15 24 0 -11 -35 -10 -34 -10 -33 -9 -31 -9 -31 -7 -29 -6 -28 -6 -27 -5 -27 -4 -25 -3 -24 -2 -23 -1 -22 0 -21 0 -19 2 -19 3 -19 3 -18 4 -17 4 -16 5 -15 5 -14 6 -13 6 -13 8 -11 0 0 0 0 0 0 0 0 0 0 0 0 0 0 0 0 0 0 0 0 0 0 3 -26 5 -25 5 -25 6 -24 6 -25 6 -24 7 -25 6 -25 6 -25 7 -24 6 -24 6 -26 6 -25 5 -26 4 -25 3 -27 2 -27 1 -28 1 -28 0 -29 -3 -29 -3 -31 -5 -31 -7 -33 -8 -34 -9 -35 ]
CSI_DATA,STA,E4:D1:24:F0:BE:00,-62,10,0,0,0,0,0,0,0,0,0,-97,0,5,0,35553113,0,399,0,0,35.9454,128,[-113 -15 24 0 31 9 31 8 31 6 31 5 31 4 30 4 30 4 30 3 30 3 30 4 28 4 28 3 27 4 26 3 25 3 25 4 25 4 24 4 23 5 23 5 22 5 21 6 21 7 19 8 19 10 0 0 0 0 0 0 0 0 0 0 0 0 0 0 0 0 0 0 0 0 0 0 16 2 15 3 15 5 15 5 15 6 15 7 15 8 15 8 15 9 14 10 14 11 15 11 15 12 15 13 15 13 16 13 16 13 17 14 18 14 19 14 20 14 21 13 22 13 24 13 26 13 28 13 ]
CSI_DATA,STA,E4:D1:24:F0:BE:00,-62,10,0,0,0,0,0,0,0,0,0,-97,0,5,0,35655515,0,399,0,0,36.0479,128,[-113 -15 24 0 32 5 31 5 30 4 28 5 26 4 25 5 24 5 22 6 21 6 20 7 19 7 18 7 17 8 16 8 15 9 14 9 13 9 12 10 12 10 11 10 10 10 9 11 8 11 7 11 7 12 0 0 0 0 0 0 0 0 0 0 0 0 0 0 0 0 0 0 0 0 0 0 18 11 17 12 17 13 17 13 17 13 17 13 18 13 18 12 19 14 18 13 19 13 20 13 21 13 21 13 22 12 22 12 23 11 24 11 24 10 25 10 27 8 28 8 29 7 31 7 32 6 33 6 ]
CSI_DATA,STA,E4:D1:24:F0:BE:00,-62,10,0,0,0,0,0,0,0,0,0,-97,0,5,0,35656270,0,64,0,0,36.077,128,[64 0 4 0 -5 29 -5 28 -5 26 -4 26 -5 24 -6 23 -6 21 -7 21 -6 20 -6 19 -6 18 -7 17 -8 16 -8 14 -8 14 -8 13 -8 12 -10 12 -9 11 -10 10 -10 9 -10 9 -11 8 -13 6 -14 7 0 0 0 0 0 0 0 0 0 0 0 0 0 0 0 0 0 0 0 0 0 0 -11 16 -12 16 -12 16 -13 16 -13 16 -13 16 -13 16 -13 16 -13 17 -12 18 -12 17 -12 19 -12 19 -11 19 -12 19 -12 20 -12 21 -11 21 -10 23 -8 22 -10 24 -8 25 -6 26 -6 27 -5 29 -5 31 ]
CSI_DATA,STA,E4:D1:24:F0:BE:00,-57,10,0,0,0,0,0,0,0,0,0,-97,0,5,0,35777754,0,399,0,0,36.1702,128,[-113 -15 24 0 -12 32 -11 30 -10 31 -9 29 -10 28 -10 27 -9 26 -9 25 -8 25 -7 24 -8 22 -8 21 -8 20 -9 20 -9 18 -9 18 -9 17 -10 16 -10 15 -11 14 -11 13 -11 12 -11 11 -11 11 -11 7 0 0 0 0 0 0 0 0 0 0 0 0 0 0 0 0 0 0 0 0 0 0 -5 15 -5 15 -7 14 -7 15 -8 15 -8 15 -10 15 -10 15 -10 15 -11 16 -11 15 -11 16 -12 17 -12 17 -12 17 -13 19 -12 19 -13 20 -13 21 -14 21 -14 23 -13 24 -13 27 -13 28 -12 30 -12 32 ]
CSI_DATA,STA,E4:D1:24:F0:BE:00,-64,10,0,0,0,0,0,0,0,0,0,-97,0,5,0,35860321,0,399,0,0,36.2525,128,[-113 -15 24 0 -8 32 -8 33 -7 33 -7 33 -7 34 -7 34 -8 34 -7 34 -7 34 -8 34 -7 33 -8 33 -7 32 -7 32 -6 30 -6 31 -7 31 -6 30 -6 30 -6 29 -6 29 -8 28 -8 27 -9 27 -9 26 0 0 0 0 0 0 0 0 0 0 0 0 0 0 0 0 0 0 0 0 0 0 -11 14 -12 14 -11 13 -11 13 -11 13 -11 13 -11 13 -11 13 -10 12 -10 13 -9 12 -9 13 -8 14 -9 13 -8 14 -8 15 -8 15 -6 16 -6 17 -6 18 -6 19 -5 21 -6 22 -7 23 -7 26 -7 29 ]
CSI_DATA,STA,E4:D1:24:F0:BE:00,-63,10,0,0,0,0,0,0,0,0,0,-97,0,5,0,35962723,0,399,0,0,36.3549,128,[-113 -15 24 0 -20 26 -18 26 -18 26 -18 24 -17 25 -17 24 -15 22 -15 22 -15 22 -15 21 -15 20 -15 19 -15 19 -14 18 -14 18 -14 17 -14 16 -14 16 -14 15 -14 15 -15 14 -15 13 -15 13 -16 12 -15 11 0 0 0 0 0 0 0 0 0 0 0 0 0 0 0 0 0 0 0 0 0 0 -14 12 -14 11 -15 11 -15 11 -16 11 -16 11 -16 12 -17 13 -16 12 -17 12 -17 12 -18 13 -18 13 -19 13 -19 14 -19 15 -19 15 -20 16 -20 16 -20 17 -20 18 -20 20 -21 20 -20 21 -21 23 -21 25 ]
CSI_DATA,STA,E4:D1:24:F0:BE:00,-60,10,0,0,0,0,0,0,0,0,0,-97,0,5,0,36065125,0,399,0,0,36.4574,128,[-113 -15 24 0 -25 15 -24 15 -23 15 -22 15 -21 15 -21 14 -19 14 -19 14 -18 13 -18 13 -17 12 -17 11 -16 10 -15 10 -15 9 -15 9 -15 8 -14 8 -14 7 -14 7 -14 5 -13 5 -13 4 -13 4 -12 3 0 0 0 0 0 0 0 0 0 0 0 0 0 0 0 0 0 0 0 0 0 0 -14 9 -14 8 -16 8 -16 7 -16 7 -17 6 -17 6 -18 6 -18 6 -18 6 -18 6 -19 6 -20 5 -20 5 -20 5 -21 6 -21 7 -22 7 -22 8 -23 8 -23 9 -23 10 -24 11 -25 12 -26 13 -26 14 ]
CSI_DATA,STA,E4:D1:24:F0:BE:00,-62,10,0,0,0,0,0,0,0,0,0,-97,0,5,0,36167526,0,399,0,0,36.5598,128,[-113 -15 24 0 -14 30 -12 29 -12 30 -11 30 -10 30 -11 30 -10 29 -10 30 -10 29 -10 29 -10 28 -11 27 -10 26 -10 26 -10 25 -11 25 -11 25 -11 24 -12 23 -12 22 -12 21 -12 21 -13 20 -14 19 -15 19 0 0 0 0 0 0 0 0 0 0 0 0 0 0 0 0 0 0 0 0 0 0 -5 14 -6 13 -6 13 -7 12 -7 13 -8 13 -8 13 -9 14 -9 14 -10 14 -10 14 -10 14 -11 14 -12 15 -13 15 -13 16 -14 17 -14 17 -15 18 -15 18 -15 20 -15 21 -16 22 -16 23 -15 26 -16 28 ]
CSI_DATA,STA,E4:D1:24:F0:BE:00,-65,10,0,0,0,0,0,0,0,0,0,-97,0,5,0,36269928,0,399,0,0,36.6622,128,[-113 -15 24 0 -18 -16 -18 -15 -18 -16 -18 -16 -19 -16 -20 -16 -20 -16 -19 -16 -19 -17 -20 -17 -20 -17 -20 -17 -20 -16 -20 -17 -19 -16 -19 -17 -18 -18 -18 -18 -18 -18 -17 -17 -17 -17 -16 -17 -16 -17 -15 -17 -12 -17 0 0 0 0 0 0 0 0 0 0 0 0 0 0 0 0 0 0 0 0 0 0 -13 -22 -12 -22 -12 -22 -11 -22 -11 -22 -11 -21 -11 -20 -11 -21 -11 -19 -10 -19 -11 -18 -10 -19 -11 -18 -11 -18 -11 -18 -12 -18 -11 -17 -12 -16 -11 -16 -13 -16 -12 -16 -13 -16 -14 -16 -13 -16 -15 -16 -15 -17 ]
CSI_DATA,STA,E4:D1:24:F0:BE:00,-60,10,0,0,0,0,0,0,0,0,0,-97,0,5,0,36372330,0,399,0,0,36.7646,128,[-113 -15 24 0 -28 -26 -28 -24 -26 -22 -27 -21 -27 -20 -27 -19 -26 -18 -25 -18 -24 -17 -25 -17 -24 -16 -23 -16 -22 -16 -20 -16 -20 -15 -19 -15 -18 -15 -18 -15 -16 -15 -16 -15 -15 -15 -14 -15 -13 -15 -12 -15 -10 -15 0 0 0 0 0 0 0 0 0 0 0 0 0 0 0 0 0 0 0 0 0 0 -15 -10 -15 -11 -14 -12 -14 -12 -14 -13 -14 -13 -14 -14 -14 -14 -14 -15 -14 -15 -14 -16 -14 -16 -15 -18 -15 -19 -15 -19 -16 -20 -17 -21 -17 -22 -18 -23 -18 -23 -20 -23 -21 -24 -22 -25 -23 -26 -25 -27 -26 -27 ]
CSI_DATA,STA,E4:D1:24:F0:BE:00,-61,10,0,0,0,0,0,0,0,0,0,-97,0,5,0,36474732,0,399,0,0,36.867,128,[-113 -15 24 0 24 26 24 24 24 24 23 22 24 21 23 21 23 19 24 19 23 19 23 18 22 18 22 17 20 17 20 17 18 16 18 16 16 16 16 16 15 15 14 15 13 15 12 14 11 14 10 13 9 14 0 0 0 0 0 0 0 0 0 0 0 0 0 0 0 0 0 0 0 0 0 0 13 10 12 11 11 11 11 11 10 12 10 11 10 12 11 13 11 12 10 13 10 13 12 14 11 15 12 16 12 17 13 18 13 18 14 20 14 20 14 22 15 23 17 24 18 25 19 25 21 26 21 28 ]
CSI_DATA,STA,E4:D1:24:F0:BE:00,-61,10,0,0,0,0,0,0,0,0,0,-97,0,5,0,36577134,0,399,0,0,36.9693,128,[-113 -15 24 0 -25 24 -23 24 -23 24 -22 23 -21 24 -19 24 -19 24 -18 24 -18 23 -18 23 -17 22 -17 21 -17 20 -16 20 -16 18 -16 18 -16 17 -17 16 -16 15 -16 14 -16 13 -15 12 -15 11 -15 9 -15 9 0 0 0 0 0 0 0 0 0 0 0 0 0 0 0 0 0 0 0 0 0 0 -7 12 -8 11 -8 11 -9 10 -10 10 -10 10 -11 10 -11 10 -11 10 -12 10 -12 10 -13 10 -15 10 -16 10 -15 11 -17 12 -17 12 -19 13 -19 14 -20 15 -21 16 -22 17 -23 18 -24 19 -26 20 -26 22 ]
CSI_DATA,STA,E4:D1:24:F0:BE:00,-70,10,0,0,0,0,0,0,0,0,0,-97,0,5,0,36679536,0,399,0,0,37.0718,128,[-113 -15 24 0 8 9 9 11 9 14 9 16 12 18 14 18 14 20 15 21 18 23 19 24 18 24 19 26 19 26 19 27 19 25 20 28 19 28 18 29 18 27 19 27 17 27 16 27 14 26 14 26 13 28 0 0 0 0 0 0 0 0 0 0 0 0 0 0 0 0 0 0 0 0 0 0 10 21 9 18 8 18 9 15 9 16 10 14 12 12 12 10 12 10 13 9 13 8 12 7 13 6 13 5 14 5 13 4 12 2 11 2 12 1 9 3 10 2 8 2 7 3 8 3 7 5 6 6 ]
CSI_DATA,STA,E4:D1:24:F0:BE:00,-70,10,0,0,0,0,0,0,0,0,0,-97,0,5,0,36680264,0,64,0,0,37.1005,128,[64 0 4 0 -3 10 -5 11 -6 15 -5 17 -9 19 -7 18 -8 22 -8 24 -8 24 -10 27 -11 29 -9 31 -10 30 -9 32 -9 30 -11 32 -11 32 -10 32 -12 30 -12 30 -10 31 -12 31 -12 30 -13 31 -15 17 0 0 0 0 0 0 0 0 0 0 0 0 0 0 0 0 0 0 0 0 0 0 -14 19 -13 17 -12 16 -12 16 -9 18 -7 16 -7 17 -3 15 -3 17 -2 16 0 16 -2 16 -1 16 0 15 4 13 3 14 3 11 5 10 7 10 4 9 7 6 4 7 3 8 2 5 0 6 1 7 ]
CSI_DATA,STA,E4:D1:24:F0:BE:00,-60,10,0,0,0,0,0,0,0,0,0,-97,0,5,0,36781938,0,399,0,0,37.1743,128,[-113 -15 24 0 35 -5 34 -6 33 -6 33 -6 32 -6 31 -7 30 -6 30 -7 29 -6 28 -6 27 -6 26 -5 26 -5 24 -4 24 -4 23 -3 22 -2 22 -2 21 -1 20 -1 19 -1 18 0 18 0 17 1 17 3 0 0 0 0 0 0 0 0 0 0 0 0 0 0 0 0 0 0 0 0 0 0 17 -3 16 -2 17 -2 16 -2 16 -2 16 -1 16 -1 17 0 17 -1 17 -1 17 0 18 -1 20 -1 21 0 21 0 22 -1 22 0 24 0 26 -1 26 0 27 -1 29 -1 30 -1 32 -2 33 -3 36 -4 ]
CSI_DATA,STA,E4:D1:24:F0:BE:00,-64,10,0,0,0,0,0,0,0,0,0,-97,0,5,0,36884339,0,399,0,0,37.2767,128,[-113 -15 24 0 28 21 28 20 28 21 27 20 28 20 28 19 27 20 27 19 26 20 25 19 25 20 23 18 22 18 22 18 20 17 20 17 19 17 18 17 16 16 16 15 15 15 15 15 13 14 12 14 12 15 0 0 0 0 0 0 0 0 0 0 0 0 0 0 0 0 0 0 0 0 0 0 7 14 5 12 6 12 6 12 6 12 6 11 6 11 6 11 7 10 7 11 7 10 7 12 9 12 10 12 10 12 10 13 12 12 13 14 14 14 14 15 16 16 18 16 18 17 20 18 22 19 24 21 ]
CSI_DATA,STA,E4:D1:24:F0:BE:00,-66,10,0,0,0,0,0,0,0,0,0,-97,0,5,0,36986741,0,399,0,0,37.3791,128,[-113 -15 24 0 -7 26 -8 27 -8 28 -8 28 -7 29 -8 28 -8 29 -7 29 -8 30 -7 30 -7 30 -8 30 -7 28 -7 29 -6 28 -6 28 -7 27 -7 27 -6 26 -6 25 -6 24 -6 25 -6 23 -7 23 -7 23 0 0 0 0 0 0 0 0 0 0 0 0 0 0 0 0 0 0 0 0 0 0 -3 17 -3 16 -2 16 -3 15 -3 16 -2 15 -1 15 -1 15 -1 15 -1 15 0 15 -1 15 0 15 0 16 0 16 0 16 -1 15 -1 17 -1 17 -1 16 -2 17 -3 18 -3 19 -3 20 -5 21 -6 24 ]
CSI_DATA,STA,E4:D1:24:F0:BE:00,-64,10,0,0,0,0,0,0,0,0,0,-97,0,5,0,37089143,0,399,0,0,37.4815,128,[-113 -15 24 0 28 -11 28 -11 29 -11 27 -11 27 -11 27 -11 27 -10 26 -10 26 -9 25 -9 25 -8 24 -8 23 -7 22 -6 21 -5 21 -4 20 -4 18 -4 18 -3 17 -3 16 -2 16 -2 15 -1 14 -1 13 0 0 0 0 0 0 0 0 0 0 0 0 0 0 0 0 0 0 0 0 0 0 0 14 0 13 1 13 2 12 2 11 2 11 2 11 2 10 2 11 2 11 2 10 1 10 1 11 0 12 0 13 -1 13 -1 14 -2 15 -2 16 -3 17 -4 18 -5 20 -6 21 -6 23 -7 24 -7 26 -9 ]
CSI_DATA,STA,E4:D1:24:F0:BE:00,-62,10,0,0,0,0,0,0,0,0,0,-97,0,5,0,37191545,0,399,0,0,37.5838,128,[-113 -15 24 0 -21 -29 -21 -27 -20 -27 -20 -26 -20 -25 -20 -24 -19 -23 -19 -22 -18 -23 -17 -22 -17 -21 -16 -20 -16 -20 -16 -19 -14 -18 -14 -19 -13 -18 -12 -17 -12 -17 -11 -17 -10 -16 -9 -16 -9 -16 -7 -16 -6 -15 0 0 0 0 0 0 0 0 0 0 0 0 0 0 0 0 0 0 0 0 0 0 -9 -16 -9 -16 -8 -16 -8 -16 -8 -17 -8 -17 -9 -17 -9 -17 -9 -18 -9 -18 -9 -18 -9 -19 -10 -20 -9 -20 -11 -21 -12 -22 -12 -22 -12 -24 -13 -24 -14 -24 -15 -24 -15 -26 -16 -27 -17 -28 -18 -30 -19 -31 ]
CSI_DATA,STA,E4:D1:24:F0:BE:00,-63,10,0,0,0,0,0,0,0,0,0,-97,0,5,0,37293947,0,399,0,0,37.6861,128,[-113 -15 24 0 -5 -32 -6 -30 -6 -31 -7 -31 -8 -31 -9 -31 -8 -31 -10 -31 -9 -31 -10 -31 -9 -30 -10 -30 -9 -28 -8 -28 -8 -27 -7 -28 -6 -27 -5 -26 -5 -26 -5 -25 -4 -24 -3 -23 -2 -23 -1 -22 0 -20 0 0 0 0 0 0 0 0 0 0 0 0 0 0 0 0 0 0 0 0 0 0 -7 -14 -5 -14 -4 -14 -4 -13 -3 -13 -2 -13 -2 -13 -2 -13 -1 -13 -1 -13 -1 -14 0 -14 0 -15 1 -15 1 -16 1 -17 2 -17 2 -18 2 -19 2 -19 2 -21 2 -23 2 -24 1 -25 0 -27 1 -30 ]
CSI_DATA,STA,E4:D1:24:F0:BE:00,-64,10,0,0,0,0,0,0,0,0,0,-97,0,5,0,37396349,0,399,0,0,37.7885,128,[-113 -15 24 0 32 -4 32 -5 31 -6 30 -5 30 -6 29 -6 29 -6 28 -5 26 -6 27 -5 26 -4 26 -3 24 -3 23 -2 22 -1 22 0 21 0 20 0 19 0 18 0 17 1 16 0 15 1 14 1 13 3 0 0 0 0 0 0 0 0 0 0 0 0 0 0 0 0 0 0 0 0 0 0 24 0 22 2 22 3 22 3 22 3 23 3 23 4 23 3 23 3 23 3 23 3 23 3 24 3 25 4 24 3 25 3 25 3 26 2 27 2 26 2 27 1 29 0 28 -1 29 -2 30 -2 33 -4 ]
CSI_DATA,STA,E4:D1:24:F0:BE:00,-62,10,0,0,0,0,0,0,0,0,0,-97,0,5,0,37498751,0,399,0,0,37.891,128,[-113 -15 24 0 -3 -32 -5 -31 -5 -31 -6 -30 -6 -30 -6 -30 -6 -29 -7 -29 -7 -29 -7 -28 -7 -28 -6 -27 -5 -26 -5 -25 -4 -24 -4 -24 -3 -23 -3 -23 -2 -22 -1 -21 -1 -20 -1 -20 0 -19 1 -18 2 -17 0 0 0 0 0 0 0 0 0 0 0 0 0 0 0 0 0 0 0 0 0 0 -2 -17 -1 -16 0 -16 0 -16 1 -16 1 -16 2 -16 2 -16 3 -17 2 -17 2 -17 3 -17 3 -17 3 -18 4 -18 3 -19 4 -19 3 -21 3 -21 3 -22 3 -23 2 -24 1 -25 0 -26 0 -28 -1 -29 ]
CSI_DATA,STA,E4:D1:24:F0:BE:00,-67,10,0,0,0,0,0,0,0,0,0,-97,0,5,0,37601152,0,399,0,0,37.9934,128,[-113 -15 24 0 24 -4 24 -5 27 -7 26 -8 28 -9 28 -11 28 -10 29 -13 29 -13 30 -12 30 -12 30 -12 29 -11 30 -12 28 -11 29 -11 28 -11 28 -11 28 -10 27 -8 25 -8 25 -7 25 -7 24 -6 23 -3 0 0 0 0 0 0 0 0 0 0 0 0 0 0 0 0 0 0 0 0 0 0 19 -4 18 -2 17 -2 17 -1 16 -1 16 0 16 -1 15 0 16 0 14 0 15 2 15 2 14 3 13 3 13 3 14 3 13 5 14 4 14 4 14 4 15 4 16 4 16 4 17 4 19 3 20 1 ]
CSI_DATA,STA,E4:D1:24:F0:BE:00,-66,10,0,0,0,0,0,0,0,0,0,-97,0,5,0,37703554,0,399,0,0,38.0959,128,[-113 -15 24 0 23 14 24 15 26 14 26 13 27 13 27 13 27 13 27 13 26 13 26 13 26 14 25 14 25 15 25 13 23 14 21 15 21 15 20 15 19 14 18 14 17 14 16 14 14 13 13 13 11 15 0 0 0 0 0 0 0 0 0 0 0 0 0 0 0 0 0 0 0 0 0 0 15 15 15 16 14 17 13 16 13 17 13 17 13 17 13 17 13 16 13 16 12 17 12 16 12 17 12 17 12 15 13 17 11 16 13 17 14 15 14 15 15 15 16 16 16 15 17 16 18 16 21 16 ]
CSI_DATA,STA,E4:D1:24:F0:BE:00,-65,10,0,0,0,0,0,0,0,0,0,-97,0,5,0,37704624,0,64,0,0,38.1273,128,[64 0 4 0 9 22 11 23 11 21 11 22 11 24 12 23 12 22 13 23 12 23 12 23 12 24 11 22 10 23 9 23 8 21 8 22 7 22 6 22 5 21 5 21 4 19 3 18 3 16 -1 17 2 21 0 0 0 0 0 0 0 0 0 0 0 0 0 0 0 0 0 0 0 0 0 0 4 20 3 19 2 18 2 19 1 18 2 19 1 18 2 20 1 18 2 17 2 18 2 19 1 18 1 17 0 18 1 17 1 17 2 18 1 16 1 17 1 17 3 19 4 18 6 18 7 20 8 20 ]
CSI_DATA,STA,E4:D1:24:F0:BE:00,-64,10,0,0,0,0,0,0,0,0,0,-97,0,5,0,37805956,0,399,0,0,38.1983,128,[-113 -15 24 0 -33 12 -33 13 -32 12 -31 12 -31 13 -30 12 -30 11 -30 12 -30 11 -29 10 -29 9 -28 9 -27 7 -25 8 -24 6 -24 5 -23 6 -23 5 -21 4 -20 4 -18 3 -18 2 -18 2 -17 2 -16 1 0 0 0 0 0 0 0 0 0 0 0 0 0 0 0 0 0 0 0 0 0 0 -19 4 -18 3 -19 3 -17 2 -19 2 -19 2 -18 2 -19 2 -20 2 -20 2 -20 2 -22 1 -21 1 -22 1 -22 1 -24 1 -23 2 -25 2 -24 2 -24 3 -25 4 -26 4 -27 5 -29 7 -30 8 -31 8 ]
CSI_DATA,STA,E4:D1:24:F0:BE:00,-63,10,0,0,0,0,0,0,0,0,0,-97,0,5,0,37908358,0,399,0,0,38.3007,128,[-113 -15 24 0 -9 34 -7 33 -6 32 -6 31 -5 31 -4 30 -4 29 -3 29 -3 29 -3 28 -3 27 -4 26 -4 25 -4 24 -4 23 -4 21 -4 21 -5 20 -5 19 -5 18 -5 16 -5 15 -5 14 -5 13 -6 13 0 0 0 0 0 0 0 0 0 0 0 0 0 0 0 0 0 0 0 0 0 0 1 16 0 16 -1 16 -1 16 -2 16 -3 16 -3 17 -4 17 -4 17 -5 17 -5 18 -6 18 -7 19 -7 20 -8 20 -8 21 -10 21 -10 23 -11 23 -11 24 -11 25 -12 26 -12 28 -12 30 -12 31 -11 33 ]
CSI_DATA,STA,E4:D1:24:F0:BE:00,-64,10,0,0,0,0,0,0,0,0,0,-97,0,5,0,38010760,0,399,0,0,38.4031,128,[-113 -15 24 0 -5 30 -4 29 -1 31 0 29 0 30 0 30 2 30 2 30 3 30 3 29 3 29 2 28 2 28 1 27 1 26 0 25 0 25 -1 25 -2 23 -2 23 -3 21 -3 20 -4 19 -5 18 -7 17 0 0 0 0 0 0 0 0 0 0 0 0 0 0 0 0 0 0 0 0 0 0 3 12 3 13 2 13 2 13 0 14 0 13 -1 14 -1 14 -2 14 -3 14 -3 14 -4 15 -4 17 -5 17 -6 17 -6 18 -7 19 -8 19 -9 19 -9 21 -9 21 -10 24 -10 24 -10 25 -9 28 -9 30 ]
CSI_DATA,STA,E4:D1:24:F0:BE:00,-65,10,0,0,0,0,0,0,0,0,0,-97,0,5,0,38113162,0,399,0,0,38.5054,128,[-113 -15 24 0 -29 -8 -29 -6 -29 -5 -29 -4 -31 -4 -31 -3 -31 -3 -31 -2 -30 -2 -31 -1 -31 -1 -31 -1 -31 -1 -29 -1 -28 -2 -28 -2 -28 -2 -28 -3 -26 -4 -25 -4 -24 -5 -23 -5 -21 -5 -21 -7 -20 -7 0 0 0 0 0 0 0 0 0 0 0 0 0 0 0 0 0 0 0 0 0 0 -18 -2 -17 -4 -17 -4 -17 -5 -16 -5 -17 -6 -16 -5 -16 -6 -16 -6 -15 -6 -15 -7 -15 -8 -16 -8 -15 -8 -16 -9 -16 -10 -16 -10 -16 -10 -17 -11 -16 -10 -18 -12 -19 -12 -19 -11 -21 -11 -23 -11 -24 -12 ]
CSI_DATA,STA,E4:D1:24:F0:BE:00,-65,10,0,0,0,0,0,0,0,0,0,-97,0,5,0,38215564,0,399,0,0,38.6077,128,[-113 -15 24 0 -8 -33 -8 -31 -9 -33 -10 -31 -11 -31 -13 -31 -13 -31 -13 -30 -13 -31 -13 -30 -12 -31 -12 -30 -12 -29 -11 -29 -11 -28 -10 -28 -9 -27 -8 -26 -7 -26 -6 -25 -6 -24 -5 -24 -3 -23 -1 -22 -1 -21 0 0 0 0 0 0 0 0 0 0 0 0 0 0 0 0 0 0 0 0 0 0 -9 -13 -9 -13 -8 -13 -7 -13 -7 -14 -7 -14 -7 -14 -6 -14 -6 -15 -5 -16 -4 -17 -4 -16 -3 -18 -3 -18 -2 -19 -2 -20 -2 -20 -1 -21 -1 -22 -1 -23 -1 -24 -1 -26 -1 -27 -1 -27 -2 -30 -3 -32 ]
CSI_DATA,STA,E4:D1:24:F0:BE:00,-65,10,0,0,0,0,0,0,0,0,0,-97,0,5,0,38317965,0,399,0,0,38.7103,128,[-113 -15 24 0 -29 24 -27 25 -27 25 -25 25 -24 26 -24 27 -23 27 -23 28 -21 28 -21 27 -22 26 -21 26 -20 25 -20 24 -19 23 -20 22 -20 22 -19 21 -19 19 -19 18 -20 17 -18 16 -18 13 -18 12 -20 11 0 0 0 0 0 0 0 0 0 0 0 0 0 0 0 0 0 0 0 0 0 0 -4 13 -5 12 -5 12 -6 11 -5 11 -6 11 -7 11 -7 11 -8 11 -8 10 -9 10 -10 10 -11 10 -13 11 -13 10 -15 10 -16 11 -17 11 -18 12 -18 12 -21 14 -22 15 -24 16 -25 16 -27 17 -28 20 ]
CSI_DATA,STA,E4:D1:24:F0:BE:00,-65,10,0,0,0,0,0,0,0,0,0,-97,0,5,0,38420367,0,399,0,0,38.8127,128,[-113 -15 24 0 -9 -33 -11 -32 -11 -30 -13 -31 -14 -30 -14 -30 -14 -29 -15 -29 -14 -28 -16 -29 -15 -28 -15 -27 -15 -27 -13 -26 -12 -25 -12 -25 -11 -25 -10 -24 -9 -24 -9 -23 -8 -22 -6 -21 -6 -20 -4 -19 -4 -18 0 0 0 0 0 0 0 0 0 0 0 0 0 0 0 0 0 0 0 0 0 0 -10 -16 -9 -16 -7 -17 -7 -17 -6 -16 -6 -17 -6 -16 -5 -17 -5 -17 -5 -18 -4 -18 -3 -18 -4 -18 -3 -19 -3 -20 -3 -21 -3 -20 -2 -22 -3 -23 -2 -23 -3 -24 -3 -26 -4 -27 -4 -28 -6 -30 -6 -32 ]
CSI_DATA,STA,E4:D1:24:F0:BE:00,-65,10,0,0,0,0,0,0,0,0,0,-97,0,5,0,38522769,0,399,0,0,38.9151,128,[-113 -15 24 0 11 30 10 30 12 30 12 29 13 29 14 29 15 28 15 28 15 29 14 27 14 27 14 27 13 26 13 26 12 25 12 24 10 24 10 24 10 24 8 22 8 21 7 21 6 20 5 19 2 19 0 0 0 0 0 0 0 0 0 0 0 0 0 0 0 0 0 0 0 0 0 0 6 12 5 12 5 12 5 12 4 12 4 12 5 12 5 13 5 13 4 14 4 13 4 14 4 14 5 15 4 16 4 17 4 17 4 18 5 19 4 20 5 21 5 22 5 24 6 25 6 27 7 29 ]
CSI_DATA,STA,E4:D1:24:F0:BE:00,-65,10,0,0,0,0,0,0,0,0,0,-97,0,5,0,38625171,0,399,0,0,39.0175,128,[-113 -15 24 0 20 -33 18 -32 19 -33 18 -32 16 -34 16 -35 16 -34 15 -35 15 -35 15 -35 14 -34 14 -34 15 -32 15 -32 14 -30 15 -30 14 -29 14 -28 15 -27 15 -25 15 -23 14 -22 14 -21 14 -19 14 -17 0 0 0 0 0 0 0 0 0 0 0 0 0 0 0 0 0 0 0 0 0 0 5 -9 5 -8 4 -8 4 -8 4 -9 3 -9 3 -9 2 -10 3 -10 4 -11 4 -12 4 -11 5 -13 6 -13 8 -13 7 -15 8 -14 9 -16 10 -16 13 -17 14 -18 16 -20 16 -21 18 -23 19 -25 21 -27 ]
CSI_DATA,STA,E4:D1:24:F0:BE:00,-65,10,0,0,0,0,0,0,0,0,0,-97,0,5,0,38712126,0,64,0,0,39.1042,128,[64 0 4 0 -4 32 -4 31 -2 31 -2 31 -1 32 0 30 1 30 0 31 1 31 1 30 0 30 1 30 1 28 0 28 0 27 -1 27 -1 26 -2 26 -3 24 -2 24 -4 21 -4 21 -4 20 -6 17 -5 18 0 0 0 0 0 0 0 0 0 0 0 0 0 0 0 0 0 0 0 0 0 0 3 13 3 12 2 13 2 12 3 13 3 13 3 14 3 14 3 14 3 15 2 15 1 15 1 16 0 17 0 17 -1 19 -1 18 -2 19 -2 20 -3 22 -3 23 -4 23 -4 25 -5 27 -5 28 -4 30 ]
CSI_DATA,STA,E4:D1:24:F0:BE:00,-64,10,0,0,0,0,0,0,0,0,0,-97,0,5,0,38727573,0,399,0,0,39.1329,128,[-113 -15 24 0 27 -9 27 -9 26 -10 25 -10 25 -10 26 -10 25 -11 24 -11 24 -11 24 -11 23 -12 23 -11 22 -10 22 -11 20 -10 21 -10 20 -9 19 -8 19 -8 19 -7 17 -7 16 -6 15 -5 15 -4 14 -3 0 0 0 0 0 0 0 0 0 0 0 0 0 0 0 0 0 0 0 0 0 0 10 -4 10 -4 10 -5 10 -5 12 -5 11 -5 12 -6 12 -6 12 -6 13 -6 13 -6 14 -6 15 -6 15 -6 15 -5 16 -6 16 -5 17 -5 17 -6 18 -6 19 -6 20 -5 21 -6 23 -6 24 -7 26 -8 ]
CSI_DATA,STA,E4:D1:24:F0:BE:00,-66,10,0,0,0,0,0,0,0,0,0,-97,0,5,0,38829975,0,399,0,0,39.2223,128,[-113 -15 24 0 16 -26 15 -26 16 -27 16 -26 16 -26 15 -26 15 -26 15 -26 14 -26 15 -26 14 -25 15 -24 14 -24 15 -23 15 -22 15 -21 16 -20 14 -20 15 -19 15 -18 15 -16 13 -14 14 -13 14 -12 12 -10 0 0 0 0 0 0 0 0 0 0 0 0 0 0 0 0 0 0 0 0 0 0 14 -6 14 -6 13 -6 14 -7 13 -7 13 -8 13 -9 12 -10 13 -10 13 -10 13 -10 13 -12 14 -13 13 -13 14 -13 13 -14 14 -14 12 -15 13 -16 13 -16 12 -17 14 -19 14 -19 14 -20 15 -23 16 -24 ]
CSI_DATA,STA,E4:D1:24:F0:BE:00,-65,10,0,0,0,0,0,0,0,0,0,-97,0,5,0,38932377,0,399,0,0,39.3246,128,[-113 -15 24 0 -31 -14 -31 -13 -30 -12 -30 -11 -31 -10 -30 -11 -29 -11 -29 -11 -29 -10 -29 -11 -28 -10 -27 -11 -27 -11 -25 -11 -24 -11 -23 -11 -22 -11 -22 -11 -20 -11 -19 -10 -18 -12 -17 -10 -15 -10 -14 -10 -13 -11 0 0 0 0 0 0 0 0 0 0 0 0 0 0 0 0 0 0 0 0 0 0 -14 -10 -13 -10 -13 -10 -14 -10 -14 -10 -14 -10 -15 -9 -16 -10 -15 -9 -16 -10 -16 -10 -16 -10 -17 -11 -17 -11 -17 -11 -19 -12 -19 -11 -19 -12 -20 -12 -21 -12 -21 -12 -22 -12 -23 -13 -25 -13 -28 -13 -28 -13 ]
CSI_DATA,STA,E4:D1:24:F0:BE:00,-66,10,0,0,0,0,0,0,0,0,0,-97,0,5,0,39034778,0,399,0,0,39.4271,128,[-113 -15 24 0 -5 32 -4 32 -4 33 -4 32 -2 34 -3 34 -3 33 -3 33 -2 33 -2 33 -2 31 -2 31 -2 30 -3 30 -4 28 -4 27 -4 26 -5 26 -4 25 -5 23 -5 21 -5 20 -6 19 -6 17 -7 17 0 0 0 0 0 0 0 0 0 0 0 0 0 0 0 0 0 0 0 0 0 0 -4 14 -3 13 -3 14 -4 14 -3 14 -2 14 -2 14 -2 15 -2 15 -3 16 -3 15 -3 17 -3 17 -4 18 -4 17 -3 19 -4 18 -5 20 -5 20 -5 21 -5 22 -6 23 -6 25 -5 26 -5 29 -5 31 ]
CSI_DATA,STA,E4:D1:24:F0:BE:00,-64,10,0,0,0,0,0,0,0,0,0,-97,0,5,0,39137180,0,399,0,0,39.5295,128,[-113 -15 24 0 -2 -33 -2 -33 -3 -33 -3 -32 -4 -32 -4 -32 -4 -32 -4 -32 -4 -32 -4 -32 -4 -30 -4 -30 -3 -30 -2 -28 -2 -28 -2 -26 0 -26 0 -25 1 -24 1 -24 1 -23 2 -21 2 -20 3 -19 2 -17 0 0 0 0 0 0 0 0 0 0 0 0 0 0 0 0 0 0 0 0 0 0 -2 -18 -1 -18 -1 -18 -1 -18 0 -18 -1 -19 0 -18 1 -20 1 -20 2 -20 2 -21 2 -21 3 -21 2 -22 3 -23 4 -22 4 -23 5 -23 3 -24 4 -24 4 -24 4 -26 3 -27 2 -28 2 -30 2 -31 ]
CSI_DATA,STA,E4:D1:24:F0:BE:00,-68,10,0,0,0,0,0,0,0,0,0,-97,0,5,0,39239582,0,399,0,0,39.6319,128,[-113 -15 24 0 -27 -1 -27 -1 -29 -1 -29 -1 -30 1 -29 0 -31 1 -31 1 -31 1 -31 0 -31 0 -31 -1 -30 0 -29 -1 -27 -1 -28 -1 -27 -2 -26 -2 -26 -2 -25 -3 -23 -3 -23 -3 -21 -3 -20 -3 -21 -5 0 0 0 0 0 0 0 0 0 0 0 0 0 0 0 0 0 0 0 0 0 0 -13 -4 -12 -4 -12 -4 -12 -4 -13 -3 -13 -3 -13 -3 -12 -4 -12 -3 -13 -4 -13 -4 -12 -4 -12 -4 -13 -6 -12 -5 -13 -5 -12 -5 -13 -6 -14 -6 -14 -6 -15 -5 -16 -5 -17 -6 -19 -6 -20 -6 -22 -6 ]
CSI_DATA,STA,E4:D1:24:F0:BE:00,-64,10,0,0,0,0,0,0,0,0,0,-97,0,5,0,39341984,0,399,0,0,39.7343,128,[-113 -15 24 0 20 -22 19 -22 19 -22 18 -22 17 -23 18 -23 17 -23 17 -23 17 -23 16 -22 16 -21 17 -20 16 -20 17 -19 15 -17 15 -17 15 -15 15 -15 14 -14 14 -14 14 -13 13 -11 12 -11 13 -9 11 -8 0 0 0 0 0 0 0 0 0 0 0 0 0 0 0 0 0 0 0 0 0 0 12 -16 12 -15 13 -14 13 -14 14 -13 14 -13 14 -12 14 -12 14 -12 16 -11 15 -11 15 -11 15 -11 17 -11 16 -10 16 -10 17 -11 18 -11 18 -12 18 -12 19 -13 19 -13 19 -14 20 -16 21 -17 21 -18 ]
CSI_DATA,STA,E4:D1:24:F0:BE:00,-64,10,0,0,0,0,0,0,0,0,0,-97,0,5,0,39444386,0,399,0,0,39.8367,128,[-113 -15 24 0 16 22 17 21 17 20 18 19 19 19 19 19 19 17 19 18 19 18 19 17 19 17 18 17 18 16 17 16 16 15 15 15 15 15 15 16 14 15 14 14 12 14 12 14 11 14 10 14 7 13 0 0 0 0 0 0 0 0 0 0 0 0 0 0 0 0 0 0 0 0 0 0 11 8 10 8 10 8 10 8 10 9 10 10 10 11 10 10 10 12 10 12 10 12 9 13 9 14 9 14 9 15 8 16 9 17 9 18 8 18 9 18 9 19 10 19 10 20 11 21 13 22 13 23 ]
CSI_DATA,STA,E4:D1:24:F0:BE:00,-64,10,0,0,0,0,0,0,0,0,0,-97,0,5,0,39546788,0,399,0,0,39.9391,128,[-113 -15 24 0 -29 10 -28 11 -27 11 -26 12 -26 14 -26 14 -25 14 -26 15 -25 15 -25 14 -24 14 -23 14 -24 14 -24 14 -22 13 -22 13 -22 12 -22 12 -22 11 -21 11 -21 10 -21 9 -21 8 -20 7 -21 5 0 0 0 0 0 0 0 0 0 0 0 0 0 0 0 0 0 0 0 0 0 0 -12 8 -13 8 -14 7 -13 6 -15 6 -15 6 -15 6 -15 5 -16 6 -17 5 -16 5 -17 5 -18 3 -18 4 -19 4 -20 3 -20 2 -21 2 -22 3 -23 2 -23 2 -24 3 -26 3 -26 4 -27 4 -28 5 ]
CSI_DATA,STA,E4:D1:24:F0:BE:00,-63,10,0,0,0,0,0,0,0,0,0,-97,0,5,0,39649190,0,399,0,0,40.0414,128,[-113 -15 24 0 -20 25 -18 26 -18 26 -17 25 -16 26 -16 26 -15 25 -15 25 -15 25 -15 25 -15 24 -15 23 -15 22 -15 22 -14 20 -14 20 -14 19 -14 18 -14 17 -14 16 -14 15 -14 15 -14 13 -14 13 -15 11 0 0 0 0 0 0 0 0 0 0 0 0 0 0 0 0 0 0 0 0 0 0 -8 11 -9 10 -9 11 -9 10 -10 11 -10 11 -10 11 -12 12 -11 11 -12 12 -12 12 -13 13 -14 12 -15 12 -15 13 -16 13 -16 13 -18 14 -17 14 -18 15 -19 16 -19 17 -19 18 -19 20 -20 20 -21 22 ]
CSI_DATA,STA,E4:D1:24:F0:BE:00,-66,10,0,0,0,0,0,0,0,0,0,-97,0,5,0,39742696,0,64,0,0,40.1346,128,[64 0 4 0 4 -30 4 -30 4 -31 3 -31 2 -32 2 -30 2 -31 1 -30 2 -32 2 -30 2 -30 2 -29 2 -28 2 -28 1 -27 2 -26 3 -26 3 -26 3 -24 3 -24 3 -23 4 -22 4 -21 5 -21 7 -19 0 0 0 0 0 0 0 0 0 0 0 0 0 0 0 0 0 0 0 0 0 0 1 -18 1 -17 2 -17 2 -17 3 -17 2 -17 3 -17 3 -17 4 -17 5 -16 5 -17 6 -17 6 -17 6 -17 7 -17 7 -17 7 -19 8 -19 8 -19 8 -19 8 -20 8 -21 8 -22 8 -23 8 -25 8 -27 ]
CSI_DATA,STA,E4:D1:24:F0:BE:00,-66,10,0,0,0,0,0,0,0,0,0,-97,0,5,0,39751591,0,399,0,0,40.1659,128,[-113 -15 24 0 -3 -31 -4 -31 -4 -31 -5 -31 -6 -31 -5 -32 -6 -31 -5 -31 -7 -32 -5 -31 -6 -30 -5 -30 -5 -29 -4 -29 -4 -27 -4 -26 -3 -26 -3 -25 -3 -25 -3 -24 -2 -24 -2 -23 -2 -22 0 -21 0 -21 0 0 0 0 0 0 0 0 0 0 0 0 0 0 0 0 0 0 0 0 0 0 -3 -18 -2 -18 -1 -19 -2 -19 -2 -18 -1 -18 -1 -18 -2 -19 -1 -19 -1 -19 1 -18 0 -19 1 -20 1 -20 2 -20 2 -21 2 -21 2 -21 3 -22 3 -22 2 -23 2 -23 1 -25 1 -25 -1 -27 -1 -29 ]
CSI_DATA,STA,E4:D1:24:F0:BE:00,-62,10,0,0,0,0,0,0,0,0,0,-97,0,5,0,39853991,0,399,0,0,40.2463,128,[-113 -15 24 0 -30 14 -29 15 -28 15 -27 15 -26 16 -26 16 -26 15 -25 16 -24 16 -24 16 -23 15 -22 15 -22 14 -21 14 -21 13 -21 13 -20 12 -19 11 -19 11 -19 10 -18 9 -18 9 -17 8 -17 7 -18 5 0 0 0 0 0 0 0 0 0 0 0 0 0 0 0 0 0 0 0 0 0 0 -13 9 -13 9 -14 8 -14 8 -15 8 -15 7 -16 7 -16 7 -16 7 -17 6 -17 7 -18 6 -19 5 -19 5 -20 6 -20 6 -21 5 -22 6 -22 6 -23 6 -24 6 -25 7 -26 8 -27 9 -29 10 -30 11 ]
CSI_DATA,STA,E4:D1:24:F0:BE:00,-65,10,0,0,0,0,0,0,0,0,0,-97,0,5,0,39956393,0,399,0,0,40.3487,128,[-113 -15 24 0 19 23 19 23 20 23 21 23 21 22 20 22 21 22 21 22 20 21 20 21 20 21 20 20 20 20 18 20 18 19 17 19 17 19 16 18 15 18 15 18 14 17 14 17 13 17 12 17 10 17 0 0 0 0 0 0 0 0 0 0 0 0 0 0 0 0 0 0 0 0 0 0 12 10 12 12 12 13 11 13 11 13 11 14 11 14 11 14 11 15 10 15 10 15 9 16 9 16 9 16 9 17 9 16 9 17 9 17 10 17 10 18 11 18 12 19 12 19 14 21 15 21 17 22 ]
CSI_DATA,STA,E4:D1:24:F0:BE:00,-66,10,0,0,0,0,0,0,0,0,0,-97,0,5,0,40058795,0,399,0,0,40.4511,128,[-113 -15 24 0 -21 -11 -22 -9 -22 -7 -23 -7 -24 -6 -25 -6 -27 -5 -28 -3 -28 -4 -29 -4 -29 -4 -28 -4 -28 -3 -28 -2 -28 -2 -28 -3 -28 -3 -27 -3 -27 -4 -26 -4 -25 -5 -23 -6 -23 -6 -21 -6 -21 -9 0 0 0 0 0 0 0 0 0 0 0 0 0 0 0 0 0 0 0 0 0 0 -16 -6 -16 -7 -16 -8 -16 -9 -16 -9 -16 -9 -15 -9 -16 -10 -15 -10 -15 -11 -15 -11 -13 -13 -14 -13 -13 -13 -14 -14 -13 -14 -13 -15 -12 -15 -12 -16 -12 -14 -13 -15 -13 -15 -13 -14 -13 -15 -15 -15 -16 -14 ]
CSI_DATA,STA,E4:D1:24:F0:BE:00,-68,10,0,0,0,0,0,0,0,0,0,-97,0,5,0,40161197,0,399,0,0,40.5535,128,[-113 -15 24 0 -2 22 0 24 2 25 3 24 4 26 6 27 6 27 6 27 8 29 8 28 7 29 8 27 7 27 7 28 6 25 6 27 6 26 6 24 6 25 5 24 5 22 5 22 4 21 3 20 -1 19 0 0 0 0 0 0 0 0 0 0 0 0 0 0 0 0 0 0 0 0 0 0 -5 23 -7 22 -8 22 -8 21 -8 21 -9 20 -10 20 -9 19 -9 19 -11 18 -10 16 -10 17 -12 17 -11 17 -11 14 -12 15 -12 15 -12 14 -11 14 -11 14 -11 15 -11 15 -10 17 -9 16 -8 18 -8 19 ]
CSI_DATA,STA,E4:D1:24:F0:BE:00,-65,10,0,0,0,0,0,0,0,0,0,-97,0,5,0,40263599,0,399,0,0,40.6559,128,[-113 -15 24 0 -16 -22 -18 -21 -18 -21 -20 -20 -20 -19 -20 -20 -22 -19 -21 -19 -21 -18 -21 -18 -21 -19 -21 -18 -20 -18 -19 -18 -19 -17 -17 -17 -17 -17 -17 -18 -16 -17 -15 -17 -13 -16 -12 -16 -11 -16 -9 -16 -8 -17 0 0 0 0 0 0 0 0 0 0 0 0 0 0 0 0 0 0 0 0 0 0 -15 -17 -14 -17 -12 -18 -11 -18 -11 -19 -10 -19 -10 -19 -9 -19 -8 -19 -8 -18 -7 -19 -7 -20 -7 -20 -6 -20 -5 -20 -5 -21 -5 -21 -5 -21 -5 -22 -5 -22 -6 -22 -6 -23 -7 -22 -8 -23 -9 -23 -11 -24 ]
CSI_DATA,STA,E4:D1:24:F0:BE:00,-64,10,0,0,0,0,0,0,0,0,0,-97,0,5,0,40366001,0,399,0,0,40.7581,128,[-113 -15 24 0 -9 29 -8 30 -7 31 -8 32 -8 32 -8 33 -7 32 -7 32 -8 32 -8 32 -8 32 -9 31 -8 31 -9 30 -9 27 -9 27 -9 26 -9 26 -9 25 -9 24 -9 23 -10 22 -10 21 -11 20 -12 18 0 0 0 0 0 0 0 0 0 0 0 0 0 0 0 0 0 0 0 0 0 0 -6 9 -6 8 -6 9 -7 8 -7 8 -7 8 -7 9 -7 8 -7 9 -7 8 -7 9 -8 8 -9 8 -9 8 -9 9 -9 10 -9 10 -10 11 -10 11 -10 13 -10 14 -10 16 -10 17 -11 19 -11 22 -10 25 ]
CSI_DATA,STA,E4:D1:24:F0:BE:00,-63,10,0,0,0,0,0,0,0,0,0,-97,0,5,0,40468402,0,399,0,0,40.8607,128,[-113 -15 24 0 18 26 18 24 19 25 19 24 20 23 19 22 19 22 18 22 17 21 17 21 16 20 15 19 14 18 14 17 13 17 13 18 11 16 11 16 10 14 10 14 9 13 8 13 8 13 7 11 2 14 0 0 0 0 0 0 0 0 0 0 0 0 0 0 0 0 0 0 0 0 0 0 7 10 6 10 7 10 7 10 7 11 7 12 7 11 7 12 7 12 7 13 7 12 6 14 7 15 7 16 8 16 7 17 8 18 8 18 8 18 9 20 10 21 10 21 11 23 12 25 13 25 14 27 ]
CSI_DATA,STA,E4:D1:24:F0:BE:00,-63,10,0,0,0,0,0,0,0,0,0,-97,0,5,0,40570804,0,399,0,0,40.9631,128,[-113 -15 24 0 -4 -34 -5 -33 -4 -32 -5 -32 -5 -32 -3 -30 -3 -30 -3 -30 -3 -28 -2 -28 -1 -27 -1 -25 -1 -24 0 -22 1 -21 2 -21 2 -19 3 -19 3 -17 4 -16 4 -15 4 -14 4 -13 4 -11 5 -12 0 0 0 0 0 0 0 0 0 0 0 0 0 0 0 0 0 0 0 0 0 0 2 -18 4 -17 4 -17 4 -17 4 -17 4 -17 5 -18 5 -18 5 -18 5 -18 4 -19 5 -19 5 -20 4 -20 5 -20 5 -21 4 -22 4 -23 3 -23 3 -24 2 -25 2 -26 1 -27 0 -29 -2 -30 -2 -32 ]
CSI_DATA,STA,E4:D1:24:F0:BE:00,-65,10,0,0,0,0,0,0,0,0,0,-97,0,5,0,40673206,0,399,0,0,41.0655,128,[-113 -15 24 0 -28 -6 -28 -5 -27 -5 -27 -5 -26 -5 -28 -5 -27 -5 -27 -5 -26 -6 -26 -5 -25 -6 -25 -7 -25 -7 -23 -7 -21 -7 -22 -8 -20 -8 -20 -9 -20 -9 -18 -9 -17 -10 -16 -9 -16 -9 -14 -9 -14 -11 0 0 0 0 0 0 0 0 0 0 0 0 0 0 0 0 0 0 0 0 0 0 -17 -12 -16 -14 -16 -14 -16 -14 -16 -14 -16 -13 -17 -12 -16 -14 -16 -13 -16 -13 -16 -12 -16 -13 -17 -13 -18 -13 -18 -13 -18 -13 -18 -12 -18 -12 -19 -11 -19 -12 -20 -11 -21 -11 -21 -10 -22 -9 -24 -9 -25 -8 ]
CSI_DATA,STA,E4:D1:24:F0:BE:00,-63,10,0,0,0,0,0,0,0,0,0,-97,0,5,0,40775608,0,399,0,0,41.1679,128,[-113 -15 24 0 18 -34 16 -32 16 -33 16 -32 15 -31 16 -31 15 -30 14 -28 15 -28 14 -27 14 -25 14 -24 13 -22 13 -21 12 -19 13 -19 12 -18 12 -18 11 -16 12 -16 11 -14 11 -13 11 -12 11 -11 11 -11 0 0 0 0 0 0 0 0 0 0 0 0 0 0 0 0 0 0 0 0 0 0 12 -13 12 -13 13 -13 12 -12 13 -12 13 -12 12 -12 13 -14 13 -13 14 -14 13 -14 14 -14 15 -15 15 -15 16 -16 16 -17 16 -17 17 -19 16 -20 17 -20 17 -23 18 -24 18 -25 18 -26 18 -28 20 -30 ]
CSI_DATA,STA,E4:D1:24:F0:BE:00,-63,10,0,0,0,0,0,0,0,0,0,-97,0,5,0,40782690,0,64,0,0,41.2038,128,[64 0 4 0 5 34 5 33 5 33 5 31 5 31 4 31 3 30 3 29 2 28 2 27 2 26 1 25 0 23 0 22 0 20 -1 19 -1 19 -2 18 -2 17 -3 16 -3 15 -3 14 -3 14 -3 13 -5 12 0 0 0 0 0 0 0 0 0 0 0 0 0 0 0 0 0 0 0 0 0 0 0 16 -1 15 -2 15 -2 15 -2 15 -2 16 -2 16 -2 15 -2 16 -2 17 -2 17 -2 18 -2 19 -3 19 -1 20 -2 22 -2 21 -2 23 -1 23 -1 25 0 25 0 27 1 28 2 30 2 32 3 34 ]
CSI_DATA,STA,E4:D1:24:F0:BE:00,-65,10,0,0,0,0,0,0,0,0,0,-97,0,5,0,40878010,0,399,0,0,41.2702,128,[-113 -15 24 0 3 27 3 27 3 26 4 25 3 25 2 23 2 23 1 22 0 22 0 21 -1 19 -1 19 -2 18 -2 16 -2 15 -3 14 -4 14 -4 13 -5 13 -6 12 -5 10 -5 9 -6 8 -6 8 -6 6 0 0 0 0 0 0 0 0 0 0 0 0 0 0 0 0 0 0 0 0 0 0 -4 18 -4 18 -4 18 -5 17 -4 18 -4 19 -3 19 -3 20 -3 20 -3 20 -3 21 -2 22 -3 22 -3 23 -3 24 -2 25 -3 25 -2 25 -3 25 -1 27 -1 26 -1 27 -1 27 0 28 0 29 1 30 ]
CSI_DATA,STA,E4:D1:24:F0:BE:00,-68,10,0,0,0,0,0,0,0,0,0,-97,0,5,0,40980412,0,399,0,0,41.3727,128,[-113 -15 24 0 20 11 22 12 23 11 24 11 27 12 26 12 27 12 27 11 27 12 29 11 28 12 27 13 29 13 27 12 26 11 26 13 26 11 26 12 26 12 25 12 24 13 23 13 23 13 21 14 20 13 0 0 0 0 0 0 0 0 0 0 0 0 0 0 0 0 0 0 0 0 0 0 23 4 21 5 20 6 18 5 18 5 18 4 17 5 17 4 15 4 16 4 16 3 16 4 16 5 16 4 14 5 15 6 15 6 14 6 15 8 14 9 14 9 14 8 13 11 15 12 16 12 18 11 ]
CSI_DATA,STA,E4:D1:24:F0:BE:00,-62,10,0,0,0,0,0,0,0,0,0,-97,0,5,0,41082814,0,399,0,0,41.475,128,[-113 -15 24 0 22 -29 20 -28 19 -29 18 -28 18 -28 18 -30 17 -29 17 -28 17 -28 16 -27 15 -26 16 -26 15 -25 15 -23 15 -22 15 -22 14 -21 14 -20 14 -19 14 -19 13 -17 14 -16 13 -14 13 -14 14 -14 0 0 0 0 0 0 0 0 0 0 0 0 0 0 0 0 0 0 0 0 0 0 7 -17 7 -16 8 -16 9 -15 9 -14 9 -14 9 -14 10 -15 10 -14 11 -15 11 -15 12 -15 13 -14 14 -15 14 -15 15 -16 16 -16 17 -17 17 -17 18 -17 18 -19 19 -19 20 -21 21 -21 22 -24 22 -25 ]
CSI_DATA,STA,E4:D1:24:F0:BE:00,-63,10,0,0,0,0,0,0,0,0,0,-97,0,5,0,41185215,0,399,0,0,41.5775,128,[-113 -15 24 0 -28 -21 -28 -19 -28 -17 -27 -17 -27 -16 -26 -15 -25 -15 -24 -14 -23 -14 -23 -14 -21 -13 -20 -13 -19 -12 -18 -12 -16 -11 -15 -11 -14 -10 -13 -10 -12 -10 -12 -10 -11 -9 -10 -9 -9 -9 -8 -8 -7 -9 0 0 0 0 0 0 0 0 0 0 0 0 0 0 0 0 0 0 0 0 0 0 -18 -14 -16 -15 -16 -16 -15 -16 -15 -16 -15 -16 -15 -16 -15 -16 -15 -17 -15 -17 -15 -17 -15 -18 -16 -19 -15 -19 -16 -19 -17 -21 -17 -21 -18 -21 -19 -21 -20 -22 -20 -21 -21 -22 -22 -22 -23 -22 -25 -21 -26 -23 ]
CSI_DATA,STA,E4:D1:24:F0:BE:00,-63,10,0,0,0,0,0,0,0,0,0,-97,0,5,0,41287617,0,399,0,0,41.6799,128,[-113 -15 24 0 -23 -28 -22 -27 -21 -25 -20 -25 -20 -24 -19 -23 -17 -22 -17 -22 -16 -21 -16 -20 -14 -19 -13 -18 -12 -18 -11 -17 -10 -16 -9 -16 -8 -15 -8 -15 -7 -15 -7 -15 -6 -14 -5 -12 -5 -13 -4 -13 -3 -13 0 0 0 0 0 0 0 0 0 0 0 0 0 0 0 0 0 0 0 0 0 0 -13 -19 -11 -19 -11 -19 -10 -19 -11 -19 -11 -19 -11 -19 -11 -20 -11 -20 -11 -20 -12 -20 -12 -21 -13 -23 -12 -23 -13 -24 -13 -24 -14 -25 -14 -26 -15 -26 -15 -27 -16 -26 -17 -27 -18 -27 -20 -28 -20 -29 -22 -30 ]
CSI_DATA,STA,E4:D1:24:F0:BE:00,-65,10,0,0,0,0,0,0,0,0,0,-97,0,5,0,41390019,0,399,0,0,41.7823,128,[-113 -15 24 0 3 -31 4 -30 3 -29 2 -29 2 -28 2 -27 3 -26 3 -26 4 -25 4 -25 4 -24 5 -23 5 -22 6 -21 6 -20 6 -19 7 -18 8 -18 8 -16 7 -16 7 -15 7 -15 8 -14 8 -12 8 -12 0 0 0 0 0 0 0 0 0 0 0 0 0 0 0 0 0 0 0 0 0 0 10 -25 12 -24 13 -24 13 -23 12 -22 12 -22 13 -23 13 -23 12 -23 12 -22 12 -22 12 -23 12 -23 13 -24 12 -25 11 -24 12 -24 11 -25 10 -25 10 -25 9 -26 10 -27 7 -27 8 -28 9 -28 7 -30 ]
CSI_DATA,STA,E4:D1:24:F0:BE:00,-65,10,0,0,0,0,0,0,0,0,0,-97,0,5,0,41492421,0,399,0,0,41.8847,128,[-113 -15 24 0 21 17 20 17 21 16 21 15 22 16 22 15 22 16 22 15 22 15 22 15 22 15 22 15 20 16 21 16 19 14 19 16 18 16 17 16 18 16 17 16 16 16 15 16 13 16 12 17 11 16 0 0 0 0 0 0 0 0 0 0 0 0 0 0 0 0 0 0 0 0 0 0 12 17 11 17 11 17 10 17 10 18 11 16 10 17 11 16 11 17 11 17 10 16 12 17 11 18 11 17 12 17 12 17 12 17 12 17 13 17 13 17 13 17 14 17 14 17 16 17 17 18 18 18 ]
CSI_DATA,STA,E4:D1:24:F0:BE:00,-70,10,0,0,0,0,0,0,0,0,0,-97,0,5,0,41594823,0,399,0,0,41.9871,128,[-113 -15 24 0 -19 3 -19 3 -20 4 -18 5 -19 7 -20 8 -21 7 -21 8 -21 7 -22 9 -22 8 -22 8 -21 9 -22 9 -19 8 -20 7 -20 8 -20 7 -18 7 -18 6 -17 6 -17 5 -16 4 -14 4 -14 1 0 0 0 0 0 0 0 0 0 0 0 0 0 0 0 0 0 0 0 0 0 0 -28 0 -25 -1 -26 -2 -24 -2 -24 -2 -22 -2 -21 0 -22 -2 -21 0 -21 -2 -20 -1 -20 -1 -19 -1 -19 -2 -19 -2 -19 -2 -19 -2 -19 -3 -19 -2 -18 -2 -17 -4 -17 -3 -16 -3 -17 -3 -17 -2 -17 -1 ]
CSI_DATA,STA,E4:D1:24:F0:BE:00,-65,10,0,0,0,0,0,0,0,0,0,-97,0,5,0,41697225,0,399,0,0,42.0896,128,[-113 -15 24 0 -14 23 -12 23 -12 23 -11 22 -10 22 -10 22 -10 21 -9 22 -9 21 -9 20 -8 20 -8 20 -7 18 -8 19 -8 18 -7 18 -7 18 -9 17 -8 16 -9 16 -8 15 -8 13 -9 13 -9 13 -9 10 0 0 0 0 0 0 0 0 0 0 0 0 0 0 0 0 0 0 0 0 0 0 -12 19 -13 18 -14 18 -14 17 -14 17 -14 17 -15 17 -15 17 -15 17 -15 17 -15 16 -15 16 -16 16 -16 16 -16 16 -16 18 -17 17 -17 17 -16 17 -16 18 -16 18 -16 19 -16 20 -17 21 -16 22 -16 22 ]
CSI_DATA,STA,E4:D1:24:F0:BE:00,-65,10,0,0,0,0,0,0,0,0,0,-97,0,5,0,41799627,0,399,0,0,42.1919,128,[-113 -15 24 0 -21 19 -20 20 -19 19 -19 19 -18 19 -16 19 -17 20 -18 19 -17 18 -17 18 -17 17 -16 17 -16 16 -16 15 -16 14 -16 12 -16 13 -16 13 -16 11 -15 9 -15 8 -14 7 -15 6 -14 5 -13 2 0 0 0 0 0 0 0 0 0 0 0 0 0 0 0 0 0 0 0 0 0 0 -28 14 -29 11 -29 10 -28 9 -28 9 -28 8 -28 8 -27 8 -28 7 -27 7 -27 7 -27 6 -27 7 -27 7 -27 6 -27 6 -27 8 -27 7 -27 7 -26 8 -26 9 -26 9 -25 10 -24 12 -24 14 -24 16 ]
CSI_DATA,STA,E4:D1:24:F0:BE:00,-63,10,0,0,0,0,0,0,0,0,0,-97,0,5,0,41832026,0,64,0,0,42.226,128,[64 0 4 0 -11 -31 -11 -30 -11 -30 -11 -29 -10 -29 -10 -28 -9 -27 -9 -27 -9 -26 -9 -26 -8 -25 -7 -24 -6 -23 -5 -23 -5 -22 -4 -21 -2 -21 -1 -20 -1 -19 0 -18 1 -18 1 -17 2 -16 2 -15 4 -13 0 0 0 0 0 0 0 0 0 0 0 0 0 0 0 0 0 0 0 0 0 0 -4 -27 -2 -26 -1 -26 0 -26 0 -25 0 -25 1 -25 1 -25 1 -24 1 -25 0 -24 1 -25 0 -26 0 -26 1 -26 0 -27 0 -27 0 -28 -1 -28 -1 -28 -2 -28 -2 -30 -4 -29 -6 -30 -7 -31 -8 -34 ]
CSI_DATA,STA,E4:D1:24:F0:BE:00,-66,10,0,0,0,0,0,0,0,0,0,-97,0,5,0,41902029,0,399,0,0,42.2943,128,[-113 -15 24 0 -19 -18 -17 -16 -16 -16 -14 -15 -13 -15 -11 -15 -10 -15 -9 -15 -7 -13 -6 -13 -5 -13 -4 -14 -3 -13 -1 -11 0 -10 0 -11 2 -10 2 -9 3 -8 4 -8 4 -8 4 -7 4 -6 4 -5 5 -5 0 0 0 0 0 0 0 0 0 0 0 0 0 0 0 0 0 0 0 0 0 0 -14 -25 -13 -24 -13 -24 -12 -24 -11 -24 -11 -24 -12 -24 -12 -24 -12 -24 -12 -23 -12 -22 -13 -23 -13 -24 -12 -24 -14 -24 -14 -24 -14 -23 -15 -22 -16 -22 -16 -21 -18 -22 -18 -21 -18 -20 -19 -20 -19 -20 -21 -20 ]
CSI_DATA,STA,E4:D1:24:F0:BE:00,-65,10,0,0,0,0,0,0,0,0,0,-97,0,5,0,42004431,0,399,0,0,42.3968,128,[-113 -15 24 0 -28 -13 -30 -12 -29 -13 -30 -11 -30 -12 -29 -12 -30 -11 -30 -11 -28 -11 -29 -11 -29 -11 -27 -11 -27 -11 -26 -10 -25 -9 -26 -9 -25 -10 -24 -10 -23 -9 -22 -10 -22 -9 -21 -8 -20 -8 -19 -8 -18 -10 0 0 0 0 0 0 0 0 0 0 0 0 0 0 0 0 0 0 0 0 0 0 -18 -10 -18 -12 -17 -12 -17 -12 -15 -12 -16 -12 -16 -12 -14 -12 -15 -12 -14 -12 -14 -12 -13 -13 -14 -14 -14 -13 -15 -14 -14 -13 -15 -14 -15 -13 -15 -14 -16 -13 -16 -13 -17 -13 -19 -13 -20 -13 -22 -14 -24 -14 ]
CSI_DATA,STA,E4:D1:24:F0:BE:00,-60,10,0,0,0,0,0,0,0,0,0,-97,0,5,0,42106833,0,399,0,0,42.4991,128,[-113 -15 24 0 -21 -25 -21 -24 -20 -23 -20 -23 -20 -21 -20 -22 -19 -21 -18 -20 -18 -19 -18 -18 -17 -18 -16 -17 -15 -17 -14 -16 -13 -15 -13 -15 -12 -15 -11 -15 -11 -14 -10 -14 -9 -14 -9 -13 -8 -12 -7 -12 -6 -13 0 0 0 0 0 0 0 0 0 0 0 0 0 0 0 0 0 0 0 0 0 0 -10 -11 -9 -12 -9 -13 -8 -13 -8 -13 -7 -14 -7 -14 -7 -15 -7 -15 -7 -15 -6 -15 -7 -16 -7 -16 -7 -17 -7 -18 -8 -18 -8 -19 -9 -19 -9 -20 -10 -21 -11 -21 -12 -22 -14 -23 -16 -23 -16 -24 -18 -26 ]
CSI_DATA,STA,E4:D1:24:F0:BE:00,-60,10,0,0,0,0,0,0,0,0,0,-97,0,5,0,42209235,0,399,0,0,42.6015,128,[-113 -15 24 0 16 29 16 27 15 26 14 25 14 24 14 23 13 22 12 21 11 21 10 20 10 19 9 17 8 17 7 16 7 15 5 15 5 14 4 13 4 13 3 12 3 11 2 10 1 10 1 9 1 8 0 0 0 0 0 0 0 0 0 0 0 0 0 0 0 0 0 0 0 0 0 0 10 15 9 16 8 17 7 17 7 18 6 17 6 18 6 18 6 18 5 19 6 19 5 20 5 21 5 21 6 21 6 22 7 22 8 23 7 24 9 24 10 25 10 26 11 27 12 28 13 29 14 30 ]
CSI_DATA,STA,E4:D1:24:F0:BE:00,-61,10,0,0,0,0,0,0,0,0,0,-97,0,5,0,42311637,0,399,0,0,42.7039,128,[-113 -15 24 0 -20 -35 -18 -33 -18 -32 -17 -30 -17 -29 -16 -28 -15 -27 -15 -25 -14 -25 -13 -23 -12 -22 -11 -20 -11 -20 -10 -19 -9 -17 -8 -17 -8 -16 -7 -16 -6 -15 -6 -14 -5 -13 -5 -13 -5 -12 -4 -11 -3 -11 0 0 0 0 0 0 0 0 0 0 0 0 0 0 0 0 0 0 0 0 0 0 -13 -18 -11 -19 -11 -20 -10 -20 -9 -20 -9 -21 -9 -22 -9 -22 -9 -22 -8 -22 -8 -23 -9 -24 -8 -25 -8 -25 -9 -26 -10 -28 -9 -28 -11 -29 -10 -29 -11 -29 -13 -31 -14 -32 -15 -33 -16 -33 -17 -35 -17 -37 ]
CSI_DATA,STA,E4:D1:24:F0:BE:00,-62,10,0,0,0,0,0,0,0,0,0,-97,0,5,0,42414039,0,399,0,0,42.8064,128,[-113 -15 24 0 -13 -33 -12 -32 -13 -32 -11 -30 -12 -30 -11 -29 -10 -28 -10 -27 -10 -27 -10 -26 -9 -24 -9 -23 -8 -23 -7 -22 -6 -20 -6 -20 -5 -19 -5 -18 -4 -18 -4 -18 -4 -16 -3 -15 -3 -15 -3 -14 -1 -14 0 0 0 0 0 0 0 0 0 0 0 0 0 0 0 0 0 0 0 0 0 0 -6 -17 -4 -18 -3 -19 -3 -18 -3 -18 -3 -18 -2 -19 -3 -19 -3 -19 -3 -20 -2 -20 -2 -21 -3 -21 -2 -22 -2 -22 -3 -23 -4 -23 -4 -25 -4 -25 -5 -26 -6 -27 -6 -28 -7 -29 -8 -31 -9 -31 -10 -35 ]
CSI_DATA,STA,E4:D1:24:F0:BE:00,-63,10,0,0,0,0,0,0,0,0,0,-97,0,5,0,42516441,0,399,0,0,42.9086,128,[-113 -15 24 0 24 19 24 19 23 18 23 17 23 17 23 17 21 17 20 17 20 16 19 16 18 15 16 14 16 14 15 14 14 14 13 13 12 13 11 13 11 12 10 11 10 11 9 10 8 11 8 10 8 9 0 0 0 0 0 0 0 0 0 0 0 0 0 0 0 0 0 0 0 0 0 0 14 12 13 12 12 12 11 12 11 13 11 13 11 13 11 13 11 13 11 13 11 13 11 13 11 14 12 15 12 15 12 15 13 15 14 16 15 15 16 16 16 16 17 17 18 18 20 17 20 19 23 20 ]
CSI_DATA,STA,E4:D1:24:F0:BE:00,-63,10,0,0,0,0,0,0,0,0,0,-97,0,5,0,42618842,0,399,0,0,43.011,128,[-113 -15 24 0 -24 9 -25 10 -23 10 -23 10 -22 11 -22 10 -21 10 -21 9 -21 9 -20 9 -20 8 -20 8 -19 8 -18 8 -17 7 -17 7 -17 6 -16 6 -16 5 -15 4 -15 4 -15 4 -14 3 -14 3 -13 1 0 0 0 0 0 0 0 0 0 0 0 0 0 0 0 0 0 0 0 0 0 0 -19 7 -19 6 -19 5 -19 4 -19 4 -19 3 -19 3 -19 3 -18 3 -18 2 -18 2 -19 2 -19 2 -20 2 -19 3 -20 2 -19 2 -20 3 -20 2 -21 3 -21 4 -22 5 -22 5 -23 6 -24 6 -24 8 ]
CSI_DATA,STA,E4:D1:24:F0:BE:00,-62,10,0,0,0,0,0,0,0,0,0,-97,0,5,0,42721244,0,399,0,0,43.1136,128,[-113 -15 24 0 10 29 10 29 10 28 10 27 10 26 9 26 9 24 9 24 8 24 7 23 7 21 7 21 6 20 5 19 4 18 4 17 4 17 3 17 3 16 3 15 2 14 2 14 1 14 -1 13 0 13 0 0 0 0 0 0 0 0 0 0 0 0 0 0 0 0 0 0 0 0 0 0 8 22 6 22 5 22 4 22 3 22 3 22 2 22 2 22 2 22 1 23 2 22 1 23 1 23 1 24 1 23 1 25 2 25 2 25 2 25 3 25 4 26 5 27 5 27 7 28 7 30 9 31 ]
CSI_DATA,STA,E4:D1:24:F0:BE:00,-60,10,0,0,0,0,0,0,0,0,0,-97,0,5,0,42823646,0,399,0,0,43.216,128,[-113 -15 24 0 -34 14 -32 15 -31 14 -30 14 -29 15 -28 13 -26 13 -25 12 -25 12 -24 11 -23 10 -22 9 -21 9 -20 8 -19 7 -19 7 -18 6 -17 6 -17 5 -16 4 -15 3 -15 3 -14 2 -14 2 -13 0 0 0 0 0 0 0 0 0 0 0 0 0 0 0 0 0 0 0 0 0 0 0 -23 8 -23 7 -23 5 -23 4 -24 4 -23 4 -24 3 -24 4 -24 3 -24 3 -24 3 -25 2 -26 3 -26 2 -27 3 -28 4 -28 4 -28 4 -29 5 -29 6 -30 7 -31 8 -32 9 -33 9 -34 11 -35 13 ]
CSI_DATA,STA,E4:D1:24:F0:BE:00,-60,10,0,0,0,0,0,0,0,0,0,-97,0,5,0,42862823,0,64,0,0,43.2545,128,[64 0 4 0 24 -18 23 -18 23 -18 22 -17 21 -18 20 -17 20 -17 19 -17 19 -16 18 -15 17 -14 16 -14 15 -13 15 -12 14 -11 15 -11 14 -10 14 -10 14 -9 13 -9 12 -8 12 -7 12 -6 11 -6 12 -5 0 0 0 0 0 0 0 0 0 0 0 0 0 0 0 0 0 0 0 0 0 0 12 -10 13 -9 13 -9 13 -8 14 -7 14 -7 14 -7 15 -7 15 -7 15 -7 15 -6 16 -6 17 -7 17 -7 18 -7 18 -7 18 -8 19 -8 19 -9 20 -10 21 -11 22 -12 22 -13 23 -14 24 -16 25 -17 ]
CSI_DATA,STA,E4:D1:24:F0:BE:00,-60,10,0,0,0,0,0,0,0,0,0,-97,0,5,0,42926048,0,399,0,0,43.3182,128,[-113 -15 24 0 16 32 16 30 16 30 15 29 15 28 14 27 14 26 13 25 13 25 12 23 11 23 11 21 10 21 9 20 8 19 8 19 7 18 6 17 5 17 4 16 4 15 3 15 2 14 1 14 1 12 0 0 0 0 0 0 0 0 0 0 0 0 0 0 0 0 0 0 0 0 0 0 9 16 8 16 7 17 7 17 7 17 6 17 6 18 6 18 6 19 6 19 5 19 5 21 5 21 5 21 5 22 6 24 6 24 7 25 7 25 8 25 9 27 10 28 12 29 12 31 13 32 15 34 ]
CSI_DATA,STA,E4:D1:24:F0:BE:00,-61,10,0,0,0,0,0,0,0,0,0,-97,0,5,0,43028450,0,399,0,0,43.4208,128,[-113 -15 24 0 18 29 18 28 18 27 17 25 18 25 18 24 17 23 17 23 17 22 16 21 16 20 15 20 14 19 13 19 13 17 12 18 11 17 10 17 9 17 9 16 7 15 7 15 7 14 5 14 5 13 0 0 0 0 0 0 0 0 0 0 0 0 0 0 0 0 0 0 0 0 0 0 12 12 11 13 11 14 9 14 9 15 9 15 7 16 8 16 7 17 7 17 7 17 7 18 7 19 7 19 7 19 7 21 7 21 7 22 8 22 8 23 9 23 11 25 12 26 13 27 14 27 15 29 ]
CSI_DATA,STA,E4:D1:24:F0:BE:00,-63,10,0,0,0,0,0,0,0,0,0,-97,0,5,0,43130852,0,399,0,0,43.5232,128,[-113 -15 24 0 20 -27 18 -26 18 -26 17 -25 16 -25 15 -26 15 -24 14 -23 15 -24 14 -23 13 -22 13 -21 12 -19 12 -20 12 -17 12 -18 12 -17 12 -17 11 -15 11 -14 10 -14 11 -13 10 -12 10 -11 10 -10 0 0 0 0 0 0 0 0 0 0 0 0 0 0 0 0 0 0 0 0 0 0 9 -17 10 -16 11 -16 11 -15 12 -15 11 -14 12 -15 13 -15 13 -15 14 -15 14 -14 14 -15 16 -15 16 -15 16 -16 17 -17 17 -16 18 -17 18 -17 19 -18 19 -19 20 -20 20 -22 21 -22 22 -23 22 -24 ]
CSI_DATA,STA,E4:D1:24:F0:BE:00,-62,10,0,0,0,0,0,0,0,0,0,-97,0,5,0,43233254,0,399,0,0,43.6255,128,[-113 -15 24 0 -29 6 -28 7 -26 7 -26 8 -25 8 -24 7 -23 8 -22 8 -22 8 -22 7 -21 7 -20 7 -20 7 -18 6 -18 5 -18 5 -17 5 -17 4 -16 4 -16 4 -15 3 -14 3 -14 3 -13 2 -13 1 0 0 0 0 0 0 0 0 0 0 0 0 0 0 0 0 0 0 0 0 0 0 -16 5 -16 4 -17 3 -17 3 -17 3 -17 2 -17 2 -18 2 -17 2 -18 2 -18 2 -19 1 -19 1 -20 1 -20 1 -22 1 -22 0 -22 0 -23 1 -24 1 -24 1 -25 2 -26 2 -27 3 -28 3 -29 4 ]
CSI_DATA,STA,E4:D1:24:F0:BE:00,-63,10,0,0,0,0,0,0,0,0,0,-97,0,5,0,43335655,0,399,0,0,43.7278,128,[-113 -15 24 0 -30 15 -29 14 -28 15 -26 16 -26 16 -26 17 -25 17 -24 17 -24 18 -24 17 -24 16 -24 16 -23 16 -22 16 -21 14 -22 14 -21 14 -21 14 -21 11 -21 12 -21 11 -20 10 -20 9 -20 9 -19 7 0 0 0 0 0 0 0 0 0 0 0 0 0 0 0 0 0 0 0 0 0 0 -15 11 -15 10 -16 9 -16 8 -17 8 -17 8 -17 8 -17 7 -18 7 -19 6 -19 6 -19 6 -21 5 -21 5 -22 5 -22 5 -23 4 -24 5 -24 4 -25 5 -25 5 -27 6 -27 7 -29 7 -29 9 -30 10 ]
CSI_DATA,STA,E4:D1:24:F0:BE:00,-62,10,0,0,0,0,0,0,0,0,0,-97,0,5,0,43438057,0,399,0,0,43.8304,128,[-113 -15 24 0 0 31 0 29 1 30 2 28 2 28 3 28 3 27 3 27 2 27 2 26 2 25 2 25 2 24 2 24 2 22 1 22 1 22 1 22 1 21 0 20 -1 19 -2 18 -2 18 -3 17 -3 16 0 0 0 0 0 0 0 0 0 0 0 0 0 0 0 0 0 0 0 0 0 0 2 15 2 14 1 14 0 14 0 14 -1 14 0 15 -1 14 -1 15 -1 15 -3 15 -3 15 -4 16 -4 17 -4 17 -4 18 -5 18 -5 19 -4 19 -4 21 -4 22 -4 23 -4 24 -5 25 -4 27 -3 29 ]
CSI_DATA,STA,E4:D1:24:F0:BE:00,-62,10,0,0,0,0,0,0,0,0,0,-97,0,5,0,43540459,0,399,0,0,43.9327,128,[-113 -15 24 0 6 -30 4 -30 5 -29 5 -29 5 -28 4 -28 4 -27 4 -27 4 -26 4 -26 4 -24 4 -24 4 -22 5 -22 4 -21 4 -20 4 -19 4 -19 5 -18 5 -17 5 -16 5 -16 5 -15 5 -14 6 -14 0 0 0 0 0 0 0 0 0 0 0 0 0 0 0 0 0 0 0 0 0 0 4 -18 5 -17 6 -17 6 -16 7 -16 7 -16 7 -16 7 -16 8 -15 8 -16 8 -15 8 -16 9 -16 9 -16 10 -16 10 -17 10 -17 10 -19 10 -19 10 -19 9 -21 9 -22 9 -23 9 -25 9 -26 9 -28 ]
CSI_DATA,STA,E4:D1:24:F0:BE:00,-62,10,0,0,0,0,0,0,0,0,0,-97,0,5,0,43642861,0,399,0,0,44.0352,128,[-113 -15 24 0 33 10 32 9 32 8 31 9 31 7 31 7 30 8 29 6 28 7 28 6 27 6 26 7 25 6 24 6 22 6 22 7 21 7 21 7 20 6 19 7 18 7 17 7 16 7 15 8 15 7 0 0 0 0 0 0 0 0 0 0 0 0 0 0 0 0 0 0 0 0 0 0 17 3 16 4 16 5 16 5 17 6 16 6 16 6 16 7 17 7 17 7 17 8 18 8 18 9 18 9 18 10 19 10 20 11 21 11 21 11 23 11 24 11 24 12 26 11 28 12 29 12 31 12 ]
CSI_DATA,STA,E4:D1:24:F0:BE:00,-62,10,0,0,0,0,0,0,0,0,0,-97,0,5,0,43745263,0,399,0,0,44.1375,128,[-113 -15 24 0 -31 -20 -31 -18 -30 -17 -30 -17 -29 -15 -28 -15 -28 -14 -28 -13 -27 -13 -27 -12 -26 -12 -25 -12 -24 -12 -23 -11 -22 -11 -21 -11 -20 -11 -20 -11 -19 -11 -18 -11 -18 -11 -17 -11 -15 -11 -15 -11 -13 -12 0 0 0 0 0 0 0 0 0 0 0 0 0 0 0 0 0 0 0 0 0 0 -14 -8 -13 -9 -13 -9 -13 -9 -13 -10 -13 -10 -13 -10 -14 -11 -14 -11 -15 -11 -14 -12 -15 -12 -16 -13 -16 -14 -16 -14 -18 -16 -18 -16 -19 -17 -20 -17 -20 -18 -21 -18 -23 -19 -24 -20 -26 -20 -27 -21 -29 -21 ]
CSI_DATA,STA,E4:D1:24:F0:BE:00,-63,10,0,0,0,0,0,0,0,0,0,-97,0,5,0,43847665,0,399,0,0,44.24,128,[-113 -15 24 0 34 0 33 -2 32 -2 31 -2 31 -3 30 -2 30 -2 29 -4 29 -3 28 -3 27 -2 26 -3 26 -2 25 -2 23 -1 23 -1 22 -1 21 0 21 0 20 1 19 1 18 1 17 2 16 3 16 3 0 0 0 0 0 0 0 0 0 0 0 0 0 0 0 0 0 0 0 0 0 0 16 -1 16 0 16 1 16 0 16 1 17 1 16 2 17 2 18 2 17 2 18 2 19 2 19 3 20 3 21 4 21 4 22 4 22 5 24 4 24 4 25 3 27 3 28 3 29 2 31 2 33 2 ]
CSI_DATA,STA,E4:D1:24:F0:BE:00,-63,10,0,0,0,0,0,0,0,0,0,-97,0,5,0,43904664,0,64,0,0,44.2967,128,[64 0 4 0 11 -33 10 -32 9 -32 8 -31 7 -32 6 -32 5 -30 5 -31 6 -31 5 -29 5 -29 4 -28 5 -28 5 -27 5 -25 5 -25 6 -24 6 -24 6 -23 6 -22 6 -21 6 -21 7 -20 8 -18 9 -18 0 0 0 0 0 0 0 0 0 0 0 0 0 0 0 0 0 0 0 0 0 0 1 -18 2 -17 2 -17 3 -17 4 -17 4 -17 5 -18 5 -18 5 -18 6 -19 6 -19 7 -19 8 -20 9 -20 10 -21 11 -21 10 -21 12 -23 12 -23 12 -23 12 -24 13 -25 13 -27 14 -28 14 -30 14 -32 ]
CSI_DATA,STA,E4:D1:24:F0:BE:00,-62,10,0,0,0,0,0,0,0,0,0,-97,0,5,0,43950067,0,399,0,0,44.3419,128,[-113 -15 24 0 -30 13 -29 13 -27 13 -26 13 -25 14 -25 13 -24 14 -23 14 -22 13 -22 13 -21 12 -20 12 -20 11 -19 11 -19 10 -18 9 -18 9 -18 8 -17 8 -16 7 -16 6 -16 6 -15 5 -15 4 -14 3 0 0 0 0 0 0 0 0 0 0 0 0 0 0 0 0 0 0 0 0 0 0 -14 10 -14 10 -15 9 -15 9 -16 8 -16 8 -16 9 -17 8 -17 8 -18 7 -19 7 -20 7 -20 7 -21 7 -22 7 -23 7 -24 7 -25 7 -26 7 -27 7 -27 8 -28 8 -28 8 -30 9 -31 10 -32 11 ]
CSI_DATA,STA,E4:D1:24:F0:BE:00,-62,10,0,0,0,0,0,0,0,0,0,-97,0,5,0,44052468,0,399,0,0,44.4448,128,[-113 -15 24 0 -29 1 -29 1 -27 2 -27 3 -26 4 -26 4 -25 4 -24 5 -24 6 -23 6 -23 5 -22 6 -22 6 -21 5 -21 5 -20 5 -20 5 -20 4 -19 4 -19 3 -19 3 -18 2 -17 2 -17 1 -16 0 0 0 0 0 0 0 0 0 0 0 0 0 0 0 0 0 0 0 0 0 0 0 -13 4 -13 3 -13 2 -13 2 -13 1 -13 1 -14 1 -14 1 -14 0 -15 0 -15 -1 -16 -1 -16 -1 -17 -2 -17 -2 -19 -2 -19 -2 -20 -2 -21 -3 -22 -3 -23 -2 -24 -3 -24 -3 -26 -2 -27 -3 -28 -2 ]
CSI_DATA,STA,E4:D1:24:F0:BE:00,-63,10,0,0,0,0,0,0,0,0,0,-97,0,5,0,44078453,0,34,0,0,44.4782,128,[34 32 2 0 -28 -19 -27 -18 -27 -17 -27 -17 -27 -16 -27 -16 -26 -14 -27 -14 -27 -14 -27 -13 -26 -13 -25 -12 -25 -13 -24 -13 -22 -12 -23 -13 -21 -13 -22 -13 -20 -13 -20 -13 -19 -13 -18 -13 -16 -13 -15 -14 -15 -14 0 0 0 0 0 0 0 0 0 0 0 0 0 0 0 0 0 0 0 0 0 0 -14 -5 -14 -6 -14 -7 -13 -7 -13 -7 -13 -8 -13 -8 -13 -9 -13 -9 -13 -10 -13 -10 -14 -11 -14 -11 -15 -13 -15 -13 -16 -13 -16 -14 -16 -16 -17 -16 -17 -17 -18 -18 -21 -19 -21 -20 -22 -20 -23 -21 -24 -21 ]
CSI_DATA,STA,E4:D1:24:F0:BE:00,-63,10,0,0,0,0,0,0,0,0,0,-97,0,5,0,44080129,0,34,0,0,44.5256,128,[34 32 2 0 -33 -6 -32 -5 -32 -4 -31 -3 -31 -1 -31 -1 -30 -1 -30 0 -29 0 -29 0 -29 0 -28 0 -27 1 -27 0 -25 0 -25 -1 -24 0 -24 -1 -24 -2 -23 -1 -22 -3 -21 -3 -21 -4 -20 -5 -18 -6 0 0 0 0 0 0 0 0 0 0 0 0 0 0 0 0 0 0 0 0 0 0 -16 1 -15 -1 -16 -2 -15 -2 -16 -3 -15 -2 -15 -3 -15 -3 -15 -3 -16 -4 -15 -4 -17 -5 -17 -5 -18 -6 -18 -7 -19 -7 -19 -7 -21 -8 -21 -8 -23 -9 -24 -8 -26 -8 -26 -9 -29 -8 -29 -9 -32 -9 ]
CSI_DATA,STA,E4:D1:24:F0:BE:00,-64,10,0,0,0,0,0,0,0,0,0,-97,0,5,0,44154870,0,399,0,0,44.5709,128,[-113 -15 24 0 27 -16 27 -15 26 -17 26 -17 25 -17 25 -17 24 -16 22 -17 23 -17 23 -15 22 -16 22 -16 21 -14 20 -14 20 -13 20 -13 19 -12 19 -12 18 -11 18 -10 17 -10 17 -9 17 -8 16 -7 17 -7 0 0 0 0 0 0 0 0 0 0 0 0 0 0 0 0 0 0 0 0 0 0 13 -12 13 -11 13 -10 14 -9 14 -9 13 -9 14 -8 15 -9 14 -9 15 -8 15 -8 16 -8 17 -8 17 -8 18 -8 18 -8 19 -9 20 -8 21 -9 21 -9 22 -10 23 -11 24 -11 26 -11 27 -12 29 -14 ]
CSI_DATA,STA,E4:D1:24:F0:BE:00,-64,10,0,0,0,0,0,0,0,0,0,-97,0,5,0,44190830,0,64,0,0,44.613,128,[64 0 4 0 -2 33 -1 33 0 31 0 31 1 31 2 30 3 30 3 29 3 30 2 29 3 28 2 27 1 27 2 26 1 25 0 25 1 24 0 23 0 23 -1 23 -2 21 -3 21 -3 20 -4 19 -5 18 0 0 0 0 0 0 0 0 0 0 0 0 0 0 0 0 0 0 0 0 0 0 4 17 3 17 1 17 1 17 1 16 0 16 0 16 0 17 0 17 -1 17 -1 17 -2 18 -2 19 -2 20 -2 20 -3 21 -4 21 -4 22 -4 23 -4 24 -5 25 -4 26 -5 28 -6 28 -6 30 -4 32 ]
CSI_DATA,STA,E4:D1:24:F0:BE:00,-65,10,0,0,0,0,0,0,0,0,0,-97,0,5,0,44257272,0,399,0,0,44.6522,128,[-113 -15 24 0 15 -25 13 -26 13 -25 11 -25 12 -25 11 -26 10 -26 9 -26 9 -27 9 -26 8 -26 9 -25 8 -25 7 -24 7 -23 7 -23 8 -23 8 -22 7 -22 8 -21 8 -20 7 -19 8 -18 8 -17 9 -17 0 0 0 0 0 0 0 0 0 0 0 0 0 0 0 0 0 0 0 0 0 0 2 -17 2 -17 3 -16 3 -16 3 -16 4 -16 4 -15 4 -15 4 -15 5 -15 5 -15 6 -15 7 -15 7 -16 7 -16 8 -16 9 -17 10 -17 10 -17 11 -18 12 -18 13 -19 14 -20 15 -20 15 -21 16 -23 ]
CSI_DATA,STA,E4:D1:24:F0:BE:00,-65,10,0,0,0,0,0,0,0,0,0,-97,0,5,0,44359674,0,399,0,0,44.752,128,[-113 -15 24 0 14 30 14 29 15 28 15 27 15 27 15 27 15 26 15 25 14 25 14 24 14 24 14 23 13 22 12 22 13 20 12 21 11 20 11 20 10 19 9 18 9 18 8 17 7 17 6 17 6 15 0 0 0 0 0 0 0 0 0 0 0 0 0 0 0 0 0 0 0 0 0 0 11 14 9 14 8 14 8 14 9 15 8 15 9 15 8 15 9 15 8 15 7 15 8 16 9 17 8 17 8 18 8 19 8 19 8 20 8 21 9 22 9 22 10 24 11 25 11 26 12 28 13 29 ]
CSI_DATA,STA,E4:D1:24:F0:BE:00,-63,10,0,0,0,0,0,0,0,0,0,-97,0,5,0,44462076,0,399,0,0,44.8544,128,[-113 -15 24 0 31 5 29 5 29 4 28 4 27 3 26 2 25 2 25 2 23 2 22 2 22 3 21 3 19 3 20 1 18 2 18 2 17 2 16 2 16 2 15 3 14 3 13 3 12 3 11 3 11 3 0 0 0 0 0 0 0 0 0 0 0 0 0 0 0 0 0 0 0 0 0 0 22 2 21 4 21 5 21 5 20 6 20 6 20 6 20 6 20 6 20 6 20 6 21 6 21 7 21 7 22 7 23 7 23 7 24 7 24 7 26 7 26 6 28 6 28 7 29 7 30 7 32 6 ]
CSI_DATA,STA,E4:D1:24:F0:BE:00,-63,10,0,0,0,0,0,0,0,0,0,-97,0,5,0,44564478,0,399,0,0,44.9568,128,[-113 -15 24 0 -3 32 -3 30 -3 30 -3 28 -2 28 -3 27 -2 25 -2 25 -2 24 -2 23 -2 22 -2 21 -2 20 -3 19 -3 18 -3 18 -3 17 -3 16 -4 16 -3 14 -3 14 -4 13 -4 12 -4 12 -4 10 0 0 0 0 0 0 0 0 0 0 0 0 0 0 0 0 0 0 0 0 0 0 -1 22 -2 21 -3 21 -4 21 -4 21 -4 21 -4 22 -5 21 -5 21 -5 22 -6 22 -6 22 -6 22 -7 23 -7 23 -7 25 -7 24 -7 25 -7 26 -7 27 -7 27 -7 28 -7 29 -6 29 -7 31 -6 33 ]
CSI_DATA,STA,E4:D1:24:F0:BE:00,-63,10,0,0,0,0,0,0,0,0,0,-97,0,5,0,44666880,0,399,0,0,45.0592,128,[-113 -15 24 0 -31 15 -30 16 -28 16 -27 15 -26 17 -25 16 -24 15 -24 16 -23 15 -22 15 -21 14 -21 14 -19 14 -19 13 -18 12 -17 12 -17 12 -17 11 -16 11 -15 11 -15 10 -14 9 -14 9 -14 8 -13 7 0 0 0 0 0 0 0 0 0 0 0 0 0 0 0 0 0 0 0 0 0 0 -12 13 -13 12 -14 11 -13 11 -14 11 -14 10 -14 11 -14 11 -15 11 -15 10 -15 10 -17 10 -18 10 -19 10 -20 10 -20 10 -21 10 -21 10 -23 11 -23 11 -25 12 -26 13 -28 13 -29 13 -30 14 -31 15 ]
CSI_DATA,STA,E4:D1:24:F0:BE:00,-66,10,0,0,0,0,0,0,0,0,0,-97,0,5,0,44769281,0,399,0,0,45.1616,128,[-113 -15 24 0 -23 16 -22 18 -22 16 -21 17 -21 17 -22 16 -20 17 -21 17 -21 17 -20 16 -19 17 -19 16 -18 16 -18 15 -18 14 -18 14 -17 14 -18 13 -17 13 -18 13 -16 12 -16 12 -16 11 -16 10 -16 9 0 0 0 0 0 0 0 0 0 0 0 0 0 0 0 0 0 0 0 0 0 0 -15 9 -15 7 -14 8 -14 7 -14 7 -14 8 -13 8 -13 8 -13 8 -13 8 -13 8 -13 9 -14 9 -14 9 -14 10 -16 9 -16 10 -16 10 -17 10 -17 11 -18 10 -19 11 -19 13 -19 13 -21 14 -21 14 ]
CSI_DATA,STA,E4:D1:24:F0:BE:00,-62,10,0,0,0,0,0,0,0,0,0,-97,0,5,0,44871682,0,399,0,0,45.2639,128,[-113 -15 24 0 18 -27 17 -26 16 -25 16 -24 15 -23 15 -22 14 -21 14 -21 13 -19 12 -19 12 -18 12 -17 11 -15 11 -14 10 -13 10 -12 10 -12 10 -11 9 -10 9 -9 9 -8 8 -8 7 -8 8 -7 8 -7 0 0 0 0 0 0 0 0 0 0 0 0 0 0 0 0 0 0 0 0 0 0 10 -15 10 -14 11 -14 11 -13 11 -13 11 -13 12 -13 12 -13 12 -14 12 -14 12 -14 13 -15 13 -16 14 -16 14 -16 14 -17 15 -18 16 -19 16 -19 17 -20 17 -21 18 -22 18 -23 18 -24 19 -26 19 -28 ]
CSI_DATA,STA,E4:D1:24:F0:BE:00,-63,10,0,0,0,0,0,0,0,0,0,-97,0,5,0,44974084,0,399,0,0,45.3663,128,[-113 -15 24 0 -20 -25 -19 -24 -19 -23 -19 -22 -19 -21 -18 -21 -17 -21 -17 -20 -17 -20 -15 -20 -15 -19 -13 -18 -13 -17 -12 -17 -11 -16 -10 -16 -9 -16 -9 -15 -9 -14 -8 -14 -7 -14 -7 -13 -6 -12 -5 -12 -4 -12 0 0 0 0 0 0 0 0 0 0 0 0 0 0 0 0 0 0 0 0 0 0 -13 -17 -12 -17 -11 -18 -11 -17 -10 -18 -9 -17 -10 -18 -10 -18 -9 -18 -9 -18 -9 -18 -9 -19 -9 -19 -10 -20 -10 -20 -11 -22 -11 -20 -12 -21 -11 -21 -12 -22 -14 -23 -14 -23 -15 -24 -15 -25 -16 -26 -18 -27 ]
CSI_DATA,STA,E4:D1:24:F0:BE:00,-64,10,0,0,0,0,0,0,0,0,0,-97,0,5,0,44975397,0,64,0,0,45.4053,128,[64 0 4 0 -29 -8 -28 -6 -27 -6 -28 -5 -27 -5 -26 -6 -25 -5 -24 -5 -24 -6 -23 -5 -22 -6 -21 -5 -20 -6 -19 -6 -18 -6 -17 -6 -17 -7 -16 -6 -15 -6 -14 -7 -13 -7 -13 -6 -12 -5 -10 -7 -12 -9 0 0 0 0 0 0 0 0 0 0 0 0 0 0 0 0 0 0 0 0 0 0 -20 -5 -19 -5 -19 -7 -19 -7 -19 -8 -18 -8 -18 -8 -18 -8 -18 -9 -18 -8 -18 -9 -19 -9 -19 -9 -19 -10 -20 -9 -21 -10 -20 -10 -22 -10 -22 -10 -22 -10 -24 -9 -24 -10 -25 -9 -26 -10 -27 -8 -28 -9 ]
CSI_DATA,STA,E4:D1:24:F0:BE:00,-66,10,0,0,0,0,0,0,0,0,0,-97,0,5,0,45076486,0,399,0,0,45.4688,128,[-113 -15 24 0 -21 -24 -21 -24 -22 -23 -21 -22 -22 -23 -21 -22 -20 -22 -21 -21 -21 -22 -19 -21 -20 -20 -19 -21 -19 -20 -18 -19 -17 -18 -17 -19 -16 -18 -15 -17 -15 -17 -15 -16 -14 -16 -13 -16 -13 -15 -11 -14 -9 -16 0 0 0 0 0 0 0 0 0 0 0 0 0 0 0 0 0 0 0 0 0 0 -13 -20 -11 -20 -10 -19 -10 -19 -10 -19 -10 -18 -11 -18 -11 -17 -11 -17 -10 -17 -12 -17 -12 -17 -12 -17 -13 -17 -13 -18 -13 -18 -14 -17 -14 -18 -15 -18 -16 -19 -16 -19 -17 -20 -17 -21 -18 -21 -19 -23 -19 -24 ]
CSI_DATA,STA,E4:D1:24:F0:BE:00,-64,10,0,0,0,0,0,0,0,0,0,-97,0,5,0,45178888,0,399,0,0,45.5712,128,[-113 -15 24 0 18 -26 17 -25 18 -25 16 -24 16 -24 16 -24 15 -22 15 -23 15 -22 14 -22 14 -20 14 -19 13 -18 14 -17 13 -16 14 -17 13 -15 14 -14 13 -13 13 -13 13 -12 13 -11 12 -10 12 -10 14 -9 0 0 0 0 0 0 0 0 0 0 0 0 0 0 0 0 0 0 0 0 0 0 16 -17 16 -15 16 -14 17 -13 18 -13 17 -13 17 -13 18 -13 18 -12 17 -12 17 -12 17 -12 18 -13 18 -13 19 -13 19 -14 19 -14 20 -15 18 -16 20 -16 19 -17 20 -18 20 -19 20 -19 20 -21 21 -23 ]
CSI_DATA,STA,E4:D1:24:F0:BE:00,-64,10,0,0,0,0,0,0,0,0,0,-97,0,5,0,45218781,0,165,0,0,45.6105,128,[-91 80 10 0 29 -19 27 -19 26 -18 25 -18 25 -18 24 -18 23 -17 22 -16 21 -16 21 -15 20 -15 19 -13 19 -12 18 -11 18 -10 17 -10 18 -10 17 -9 16 -8 16 -7 15 -6 14 -6 14 -5 14 -4 15 -4 0 0 0 0 0 0 0 0 0 0 0 0 0 0 0 0 0 0 0 0 0 0 17 -11 17 -10 17 -9 17 -9 17 -8 18 -9 18 -9 18 -9 18 -9 18 -9 19 -9 20 -9 20 -9 21 -10 22 -9 22 -10 23 -10 24 -11 25 -12 26 -12 26 -13 27 -13 27 -14 29 -16 29 -16 30 -18 ]
CSI_DATA,STA,E4:D1:24:F0:BE:00,-62,10,0,0,0,0,0,0,0,0,0,-97,0,5,0,45281290,0,399,0,0,45.6734,128,[-113 -15 24 0 8 -34 7 -33 7 -32 6 -31 6 -31 6 -30 6 -28 6 -28 6 -28 5 -26 6 -26 6 -25 6 -24 6 -23 6 -21 6 -21 6 -20 6 -20 7 -19 7 -18 7 -17 7 -16 7 -15 7 -15 9 -14 0 0 0 0 0 0 0 0 0 0 0 0 0 0 0 0 0 0 0 0 0 0 6 -16 6 -15 7 -15 7 -15 7 -15 8 -15 8 -15 8 -15 8 -16 8 -16 8 -16 9 -17 9 -17 10 -18 10 -18 10 -21 9 -20 10 -22 10 -23 10 -23 10 -25 10 -26 10 -27 10 -28 10 -30 10 -32 ]
CSI_DATA,STA,E4:D1:24:F0:BE:00,-62,10,0,0,0,0,0,0,0,0,0,-97,0,5,0,45383692,0,399,0,0,45.776,128,[-113 -15 24 0 -35 -2 -34 -1 -33 0 -32 0 -31 1 -30 1 -29 0 -29 2 -27 1 -27 0 -27 0 -26 0 -24 1 -23 0 -22 0 -22 -1 -21 -2 -20 -1 -19 -2 -18 -2 -18 -2 -17 -3 -17 -3 -15 -3 -15 -4 0 0 0 0 0 0 0 0 0 0 0 0 0 0 0 0 0 0 0 0 0 0 -20 1 -19 0 -19 -2 -19 -2 -19 -3 -19 -3 -19 -3 -19 -3 -19 -4 -19 -4 -19 -5 -20 -5 -21 -5 -21 -5 -22 -5 -23 -5 -23 -5 -24 -5 -25 -5 -25 -4 -27 -4 -29 -4 -30 -3 -31 -4 -33 -4 -34 -3 ]
CSI_DATA,STA,E4:D1:24:F0:BE:00,-63,10,0,0,0,0,0,0,0,0,0,-97,0,5,0,45486093,0,399,0,0,45.8784,128,[-113 -15 24 0 -17 -27 -16 -26 -17 -26 -16 -25 -17 -25 -17 -24 -16 -24 -16 -23 -16 -24 -15 -24 -15 -23 -14 -23 -14 -22 -12 -22 -12 -21 -12 -21 -10 -21 -10 -20 -9 -20 -9 -20 -8 -19 -7 -19 -6 -19 -5 -19 -3 -19 0 0 0 0 0 0 0 0 0 0 0 0 0 0 0 0 0 0 0 0 0 0 -6 -18 -5 -18 -5 -18 -4 -17 -4 -17 -4 -17 -5 -17 -5 -17 -5 -17 -4 -17 -4 -17 -5 -18 -5 -17 -5 -18 -6 -19 -7 -19 -7 -20 -7 -20 -8 -21 -8 -21 -10 -22 -10 -23 -11 -24 -11 -25 -12 -27 -14 -28 ]
CSI_DATA,STA,E4:D1:24:F0:BE:00,-63,10,0,0,0,0,0,0,0,0,0,-97,0,5,0,45588495,0,399,0,0,45.9806,128,[-113 -15 24 0 1 35 1 35 1 34 1 32 1 32 1 31 1 29 0 29 -1 29 -1 28 -1 26 -2 25 -1 25 -2 24 -2 22 -2 22 -2 22 -3 21 -3 20 -4 19 -4 19 -5 18 -5 17 -6 17 -6 16 0 0 0 0 0 0 0 0 0 0 0 0 0 0 0 0 0 0 0 0 0 0 -4 19 -4 18 -5 18 -6 18 -5 18 -6 18 -5 19 -5 19 -5 19 -5 19 -5 20 -6 20 -6 21 -6 21 -5 22 -5 23 -5 23 -4 24 -4 25 -5 26 -3 27 -3 28 -3 29 -3 31 -3 32 -2 35 ]
CSI_DATA,STA,E4:D1:24:F0:BE:00,-62,10,0,0,0,0,0,0,0,0,0,-97,0,5,0,45690897,0,399,0,0,46.0831,128,[-113 -15 24 0 -34 5 -33 6 -32 6 -31 6 -31 6 -30 5 -28 5 -28 5 -27 5 -26 4 -26 4 -25 4 -24 3 -23 3 -22 2 -21 1 -20 1 -20 1 -20 0 -18 0 -18 0 -17 -1 -17 -1 -17 -2 -15 -3 0 0 0 0 0 0 0 0 0 0 0 0 0 0 0 0 0 0 0 0 0 0 -18 1 -18 0 -18 -1 -18 -1 -19 -2 -19 -2 -20 -2 -20 -2 -20 -2 -21 -2 -21 -2 -21 -3 -22 -2 -23 -3 -24 -3 -24 -2 -24 -2 -25 -2 -26 -2 -27 -1 -27 0 -29 0 -29 1 -31 2 -32 3 -34 3 ]
CSI_DATA,STA,E4:D1:24:F0:BE:00,-61,10,0,0,0,0,0,0,0,0,0,-97,0,5,0,45793299,0,399,0,0,46.1856,128,[-113 -15 24 0 -13 36 -12 35 -12 33 -11 32 -10 32 -10 31 -10 29 -10 29 -10 28 -10 26 -10 25 -9 24 -9 23 -9 22 -9 21 -10 20 -10 19 -10 19 -10 18 -10 17 -10 15 -10 15 -11 14 -11 13 -11 11 0 0 0 0 0 0 0 0 0 0 0 0 0 0 0 0 0 0 0 0 0 0 -12 17 -12 17 -13 16 -13 15 -14 16 -14 15 -14 16 -14 16 -13 16 -13 16 -14 16 -14 17 -14 18 -14 18 -14 19 -15 20 -14 20 -14 22 -14 23 -14 24 -14 25 -14 27 -14 29 -14 30 -14 32 -15 34 ]
CSI_DATA,STA,E4:D1:24:F0:BE:00,-62,10,0,0,0,0,0,0,0,0,0,-97,0,5,0,45895701,0,399,0,0,46.288,128,[-113 -15 24 0 15 -28 14 -28 14 -27 14 -26 12 -25 12 -25 12 -23 11 -23 11 -22 11 -22 11 -20 11 -19 11 -18 11 -17 11 -16 11 -15 11 -14 11 -13 11 -13 10 -12 10 -11 9 -10 10 -9 10 -8 10 -7 0 0 0 0 0 0 0 0 0 0 0 0 0 0 0 0 0 0 0 0 0 0 10 -15 11 -14 11 -14 12 -13 12 -13 12 -14 12 -13 12 -13 13 -14 13 -14 13 -13 13 -14 14 -14 15 -14 15 -15 15 -15 15 -16 15 -17 15 -18 16 -19 15 -20 16 -21 16 -22 16 -24 17 -25 16 -27 ]
CSI_DATA,STA,E4:D1:24:F0:BE:00,-64,10,0,0,0,0,0,0,0,0,0,-97,0,5,0,45998103,0,399,0,0,46.3905,128,[-113 -15 24 0 5 -34 3 -33 4 -32 3 -32 3 -30 2 -30 2 -28 2 -28 3 -27 3 -27 3 -24 4 -23 3 -22 3 -21 4 -20 4 -19 4 -18 4 -18 4 -17 4 -16 4 -14 4 -14 4 -14 4 -12 6 -12 0 0 0 0 0 0 0 0 0 0 0 0 0 0 0 0 0 0 0 0 0 0 4 -20 5 -19 6 -19 6 -19 6 -19 6 -19 7 -19 7 -19 7 -20 7 -20 7 -20 8 -21 8 -21 8 -22 9 -23 9 -24 9 -24 9 -26 9 -26 9 -27 9 -28 9 -29 8 -30 8 -31 8 -32 10 -35 ]
CSI_DATA,STA,E4:D1:24:F0:BE:00,-64,10,0,0,0,0,0,0,0,0,0,-97,0,5,0,45999173,0,64,0,0,46.4221,128,[64 0 4 0 30 -3 28 -3 29 -3 26 -4 27 -4 25 -4 25 -4 23 -3 24 -3 22 -3 21 -3 20 -2 18 -1 18 -2 17 -1 16 0 15 0 14 0 14 0 13 0 13 1 12 2 12 1 13 1 7 2 0 0 0 0 0 0 0 0 0 0 0 0 0 0 0 0 0 0 0 0 0 0 18 -1 16 -1 18 1 17 1 16 2 16 2 17 2 17 2 18 2 18 1 18 2 18 2 19 3 19 2 20 3 22 3 21 2 24 3 23 1 24 2 25 1 26 2 27 0 28 1 29 0 30 -1 ]
CSI_DATA,STA,E4:D1:24:F0:BE:00,-63,10,0,0,0,0,0,0,0,0,0,-97,0,5,0,46100505,0,399,0,0,46.4928,128,[-113 -15 24 0 -36 -7 -34 -6 -33 -5 -32 -6 -32 -4 -31 -4 -30 -5 -29 -4 -28 -4 -27 -5 -26 -5 -26 -4 -24 -4 -23 -5 -22 -5 -21 -6 -20 -5 -19 -5 -18 -6 -18 -5 -17 -5 -17 -6 -16 -6 -16 -7 -14 -8 0 0 0 0 0 0 0 0 0 0 0 0 0 0 0 0 0 0 0 0 0 0 -15 -4 -14 -4 -15 -4 -14 -5 -15 -6 -15 -6 -16 -6 -16 -7 -17 -7 -16 -7 -17 -7 -18 -8 -19 -8 -19 -8 -19 -8 -21 -8 -21 -8 -23 -8 -24 -9 -25 -9 -26 -9 -28 -9 -29 -8 -31 -9 -32 -8 -35 -9 ]
CSI_DATA,STA,E4:D1:24:F0:BE:00,-63,10,0,0,0,0,0,0,0,0,0,-97,0,5,0,46202906,0,399,0,0,46.5952,128,[-113 -15 24 0 -33 15 -33 15 -31 15 -30 14 -29 14 -29 15 -27 13 -27 13 -27 12 -26 12 -25 11 -24 11 -23 10 -22 9 -21 8 -21 8 -20 7 -20 7 -19 6 -18 6 -17 4 -17 4 -17 3 -17 2 -15 0 0 0 0 0 0 0 0 0 0 0 0 0 0 0 0 0 0 0 0 0 0 0 -13 4 -13 3 -14 3 -14 3 -14 3 -14 4 -15 3 -15 4 -15 4 -17 4 -17 4 -18 4 -19 4 -20 4 -20 4 -22 5 -22 5 -24 6 -24 7 -25 8 -26 8 -28 10 -29 10 -31 10 -32 12 -34 14 ]
CSI_DATA,STA,E4:D1:24:F0:BE:00,-64,10,0,0,0,0,0,0,0,0,0,-97,0,5,0,46305308,0,399,0,0,46.6975,128,[-113 -15 24 0 3 32 3 30 4 31 4 30 4 29 4 28 4 27 3 27 3 27 2 26 2 25 1 23 1 23 1 22 0 20 0 20 -1 19 -1 19 -1 19 -2 17 -2 16 -2 16 -2 15 -3 15 -2 14 0 0 0 0 0 0 0 0 0 0 0 0 0 0 0 0 0 0 0 0 0 0 1 12 1 12 0 12 0 12 0 13 0 13 0 14 0 14 0 14 -1 14 -1 15 -1 16 -1 17 -1 17 -1 18 -2 19 -1 20 -1 21 -1 22 -1 23 0 24 -1 26 -1 26 0 27 1 30 1 31 ]
CSI_DATA,STA,E4:D1:24:F0:BE:00,-63,10,0,0,0,0,0,0,0,0,0,-97,0,5,0,46407710,0,399,0,0,46.7999,128,[-113 -15 24 0 -34 -8 -33 -7 -32 -6 -32 -6 -33 -6 -33 -6 -31 -6 -31 -5 -31 -7 -30 -6 -29 -5 -28 -6 -27 -6 -27 -6 -24 -7 -25 -7 -23 -7 -22 -8 -21 -7 -21 -8 -20 -8 -19 -7 -18 -7 -18 -8 -16 -8 0 0 0 0 0 0 0 0 0 0 0 0 0 0 0 0 0 0 0 0 0 0 -12 -5 -11 -6 -11 -6 -11 -6 -11 -6 -12 -6 -11 -6 -12 -6 -12 -7 -12 -7 -12 -7 -13 -7 -13 -8 -14 -8 -15 -8 -16 -9 -16 -8 -17 -9 -18 -9 -20 -9 -22 -9 -23 -9 -24 -8 -26 -9 -28 -9 -30 -9 ]
CSI_DATA,STA,E4:D1:24:F0:BE:00,-65,10,0,0,0,0,0,0,0,0,0,-97,0,5,0,46510112,0,399,0,0,46.9024,128,[-113 -15 24 0 17 27 18 27 17 26 17 25 18 25 18 25 16 24 16 24 15 23 15 23 14 23 14 22 13 21 12 20 11 20 11 19 10 18 9 18 9 17 8 16 7 15 7 14 7 14 6 14 7 13 0 0 0 0 0 0 0 0 0 0 0 0 0 0 0 0 0 0 0 0 0 0 5 9 5 9 5 9 5 10 5 9 6 10 6 10 6 10 6 11 6 11 6 12 6 13 6 13 8 14 8 15 7 16 7 16 7 17 9 17 9 18 10 19 11 21 11 21 13 23 14 24 16 25 ]
CSI_DATA,STA,E4:D1:24:F0:BE:00,-63,10,0,0,0,0,0,0,0,0,0,-97,0,5,0,46612514,0,399,0,0,47.0048,128,[-113 -15 24 0 16 26 15 26 15 25 15 24 15 24 14 23 14 22 14 22 14 22 13 21 13 21 12 20 11 19 11 18 10 17 9 17 9 16 8 16 8 15 7 15 7 14 6 13 6 12 5 12 5 12 0 0 0 0 0 0 0 0 0 0 0 0 0 0 0 0 0 0 0 0 0 0 3 6 3 6 3 6 3 6 4 7 4 7 5 7 5 8 5 9 6 8 5 9 6 10 6 10 7 12 7 12 8 13 8 14 9 15 9 16 10 17 10 18 11 19 12 20 13 22 14 23 15 25 ]
CSI_DATA,STA,E4:D1:24:F0:BE:00,-64,10,0,0,0,0,0,0,0,0,0,-97,0,5,0,46714916,0,399,0,0,47.1072,128,[-113 -15 24 0 -32 13 -31 15 -30 14 -29 14 -28 14 -28 13 -27 13 -26 13 -26 13 -25 13 -25 12 -23 10 -22 10 -21 10 -20 8 -20 8 -20 7 -18 7 -17 6 -16 6 -15 6 -14 6 -14 6 -13 5 -12 4 0 0 0 0 0 0 0 0 0 0 0 0 0 0 0 0 0 0 0 0 0 0 -14 2 -14 1 -13 2 -13 2 -14 3 -13 3 -14 3 -14 3 -15 4 -16 4 -15 4 -16 4 -18 5 -19 5 -19 5 -20 6 -20 7 -21 6 -23 8 -24 8 -25 8 -25 9 -26 10 -28 11 -30 12 -31 12 ]
CSI_DATA,STA,E4:D1:24:F0:BE:00,-65,10,0,0,0,0,0,0,0,0,0,-97,0,5,0,46817318,0,399,0,0,47.2097,128,[-113 -15 24 0 17 -33 16 -32 17 -31 16 -32 15 -30 16 -29 16 -28 15 -28 15 -27 15 -26 15 -24 16 -24 15 -22 14 -21 14 -19 14 -19 14 -18 14 -16 13 -15 12 -16 12 -15 11 -13 10 -13 11 -13 11 -13 0 0 0 0 0 0 0 0 0 0 0 0 0 0 0 0 0 0 0 0 0 0 10 -14 10 -13 11 -14 10 -15 11 -15 10 -16 10 -15 11 -16 11 -16 12 -16 12 -17 13 -17 13 -18 14 -19 13 -20 14 -20 15 -20 15 -22 16 -23 15 -23 15 -24 16 -26 17 -26 17 -28 18 -29 18 -31 ]
CSI_DATA,STA,E4:D1:24:F0:BE:00,-67,10,0,0,0,0,0,0,0,0,0,-97,0,5,0,46919720,0,399,0,0,47.3121,128,[-113 -15 24 0 17 30 16 29 16 30 14 28 14 29 14 28 12 27 11 26 9 26 9 25 7 24 7 25 5 22 5 21 4 18 3 19 3 19 3 18 3 17 2 16 2 15 3 15 2 14 2 14 3 13 0 0 0 0 0 0 0 0 0 0 0 0 0 0 0 0 0 0 0 0 0 0 4 16 4 15 3 16 4 15 5 16 4 16 5 17 6 16 6 18 7 18 6 17 6 19 8 20 8 19 8 20 8 21 9 22 9 22 10 22 12 23 13 24 13 24 14 26 15 27 15 28 17 30 ]
CSI_DATA,STA,E4:D1:24:F0:BE:00,-65,10,0,0,0,0,0,0,0,0,0,-97,0,5,0,47022121,0,399,0,0,47.4144,128,[-113 -15 24 0 -23 -29 -23 -28 -22 -26 -20 -26 -22 -26 -21 -25 -20 -24 -19 -25 -17 -23 -17 -23 -16 -23 -15 -22 -14 -22 -13 -21 -11 -20 -11 -20 -10 -20 -9 -19 -9 -17 -8 -17 -7 -17 -7 -16 -6 -15 -6 -15 -4 -15 0 0 0 0 0 0 0 0 0 0 0 0 0 0 0 0 0 0 0 0 0 0 -7 -17 -6 -18 -6 -17 -7 -18 -8 -18 -7 -17 -7 -18 -8 -19 -8 -18 -8 -20 -9 -20 -9 -20 -10 -21 -11 -22 -11 -21 -12 -22 -13 -22 -13 -23 -14 -23 -14 -24 -16 -23 -18 -25 -18 -26 -19 -27 -21 -28 -22 -29 ]
CSI_DATA,STA,E4:D1:24:F0:BE:00,-65,10,0,0,0,0,0,0,0,0,0,-97,0,5,0,47023974,0,64,0,0,47.4531,128,[64 0 4 0 -23 23 -22 22 -21 23 -21 22 -20 21 -19 20 -20 19 -19 18 -20 18 -19 17 -19 15 -19 14 -18 13 -17 13 -16 11 -16 11 -16 9 -16 9 -15 8 -14 7 -13 7 -14 6 -13 4 -16 5 -8 6 0 0 0 0 0 0 0 0 0 0 0 0 0 0 0 0 0 0 0 0 0 0 -14 8 -13 7 -14 8 -14 7 -15 8 -14 8 -15 8 -14 10 -15 10 -16 10 -15 10 -16 11 -16 11 -17 11 -17 12 -17 14 -18 14 -18 15 -18 16 -19 16 -19 18 -19 19 -20 20 -20 20 -22 22 -21 23 ]
CSI_DATA,STA,E4:D1:24:F0:BE:00,-64,10,0,0,0,0,0,0,0,0,0,-97,0,5,0,47124523,0,399,0,0,47.5168,128,[-113 -15 24 0 34 12 33 11 32 11 31 10 30 10 29 10 28 10 27 9 25 10 25 9 22 10 22 10 21 10 19 9 18 10 17 10 16 10 15 9 14 9 14 9 13 8 12 8 11 8 10 8 11 8 0 0 0 0 0 0 0 0 0 0 0 0 0 0 0 0 0 0 0 0 0 0 19 9 17 9 18 10 17 10 18 10 19 10 19 11 19 11 19 10 19 12 19 11 20 11 21 12 21 11 22 12 22 12 23 11 24 12 24 12 26 12 28 12 29 12 29 12 31 12 33 13 34 13 ]
CSI_DATA,STA,E4:D1:24:F0:BE:00,-64,10,0,0,0,0,0,0,0,0,0,-97,0,5,0,47226925,0,399,0,0,47.6192,128,[-113 -15 24 0 -14 -34 -14 -33 -13 -33 -13 -31 -13 -31 -12 -30 -12 -29 -11 -28 -10 -28 -9 -27 -9 -26 -9 -25 -8 -24 -6 -23 -5 -22 -5 -22 -4 -20 -4 -18 -3 -19 -3 -17 -3 -17 -3 -17 -3 -15 -2 -14 0 -14 0 0 0 0 0 0 0 0 0 0 0 0 0 0 0 0 0 0 0 0 0 0 -5 -21 -5 -20 -4 -20 -4 -19 -4 -20 -4 -19 -4 -20 -5 -20 -4 -20 -4 -20 -5 -20 -5 -21 -4 -22 -6 -23 -6 -23 -5 -24 -6 -25 -6 -25 -7 -27 -7 -27 -10 -27 -9 -29 -11 -30 -12 -32 -13 -34 -13 -34 ]
CSI_DATA,STA,E4:D1:24:F0:BE:00,-63,10,0,0,0,0,0,0,0,0,0,-97,0,5,0,47329327,0,399,0,0,47.7216,128,[-113 -15 24 0 32 2 32 2 30 1 30 1 28 0 28 1 27 1 26 1 26 1 25 0 23 1 23 1 21 2 21 2 19 2 19 3 18 3 18 3 17 2 16 3 15 3 14 3 13 3 12 3 13 4 0 0 0 0 0 0 0 0 0 0 0 0 0 0 0 0 0 0 0 0 0 0 15 2 15 3 16 3 15 3 16 4 16 4 16 4 17 4 17 4 17 4 17 4 19 5 19 5 20 5 20 5 20 5 22 5 22 5 23 5 24 6 24 4 27 4 27 4 29 4 30 3 32 4 ]
CSI_DATA,STA,E4:D1:24:F0:BE:00,-64,10,0,0,0,0,0,0,0,0,0,-97,0,5,0,47431729,0,399,0,0,47.824,128,[-113 -15 24 0 17 28 17 28 17 26 16 25 17 25 16 25 16 23 16 23 14 22 13 22 13 22 12 21 11 20 10 19 9 19 8 18 7 18 7 18 6 17 6 16 4 15 4 15 3 14 3 14 3 13 0 0 0 0 0 0 0 0 0 0 0 0 0 0 0 0 0 0 0 0 0 0 12 15 10 15 10 16 10 16 10 16 9 17 9 17 10 17 10 18 10 18 9 18 10 19 10 21 10 21 10 22 10 23 10 23 10 23 11 24 12 25 12 25 13 26 14 27 14 29 16 29 18 31 ]
CSI_DATA,STA,E4:D1:24:F0:BE:00,-63,10,0,0,0,0,0,0,0,0,0,-97,0,5,0,47534131,0,399,0,0,47.9264,128,[-113 -15 24 0 -17 22 -17 22 -15 21 -15 21 -15 21 -14 21 -13 20 -13 20 -13 19 -13 18 -13 17 -13 17 -13 16 -12 15 -12 14 -12 14 -12 13 -12 12 -12 12 -11 11 -12 10 -11 9 -11 8 -11 8 -10 6 0 0 0 0 0 0 0 0 0 0 0 0 0 0 0 0 0 0 0 0 0 0 -11 11 -11 11 -12 10 -12 10 -12 10 -12 10 -12 10 -12 10 -12 11 -12 10 -13 11 -13 11 -13 11 -14 12 -15 11 -15 13 -15 13 -15 14 -16 14 -16 15 -16 16 -17 16 -17 17 -18 18 -18 20 -18 21 ]
CSI_DATA,STA,E4:D1:24:F0:BE:00,-65,10,0,0,0,0,0,0,0,0,0,-97,0,5,0,47636533,0,399,0,0,48.0288,128,[-113 -15 24 0 -15 31 -15 30 -15 29 -14 28 -15 27 -14 27 -14 25 -14 24 -13 24 -14 23 -13 21 -15 20 -14 19 -13 17 -13 16 -13 16 -12 15 -13 14 -13 13 -12 12 -12 11 -11 10 -12 10 -12 9 -10 8 0 0 0 0 0 0 0 0 0 0 0 0 0 0 0 0 0 0 0 0 0 0 -14 16 -15 15 -15 14 -16 14 -15 14 -16 14 -16 15 -16 15 -16 15 -16 14 -15 14 -17 15 -16 15 -17 16 -17 16 -17 17 -16 17 -17 18 -16 19 -17 20 -16 22 -16 22 -16 24 -15 25 -16 28 -16 29 ]
CSI_DATA,STA,E4:D1:24:F0:BE:00,-63,10,0,0,0,0,0,0,0,0,0,-97,0,5,0,47738934,0,399,0,0,48.1312,128,[-113 -15 24 0 20 24 20 22 20 21 19 21 20 21 19 20 18 19 17 19 16 19 16 18 15 18 14 18 13 16 11 17 11 16 10 16 9 15 9 16 8 14 7 14 6 14 6 14 5 13 4 13 4 13 0 0 0 0 0 0 0 0 0 0 0 0 0 0 0 0 0 0 0 0 0 0 12 18 10 18 9 18 9 18 9 19 8 19 7 19 8 19 8 19 7 19 8 19 8 20 8 20 9 19 8 20 9 21 9 21 9 21 10 21 11 22 12 22 13 22 14 22 16 24 18 24 20 24 ]
CSI_DATA,STA,E4:D1:24:F0:BE:00,-64,10,0,0,0,0,0,0,0,0,0,-97,0,5,0,47841336,0,399,0,0,48.2336,128,[-113 -15 24 0 19 -25 18 -25 19 -25 17 -24 17 -23 17 -23 17 -22 16 -22 16 -21 16 -20 16 -18 15 -18 15 -17 15 -16 13 -14 14 -14 13 -13 13 -12 13 -12 12 -11 12 -10 12 -9 11 -8 11 -8 12 -6 0 0 0 0 0 0 0 0 0 0 0 0 0 0 0 0 0 0 0 0 0 0 19 -13 20 -12 20 -11 20 -10 21 -10 20 -10 21 -9 21 -9 21 -9 21 -9 21 -8 21 -9 21 -9 22 -9 22 -10 22 -10 22 -10 22 -10 21 -11 21 -12 21 -13 20 -16 21 -16 22 -18 22 -20 22 -22 ]
CSI_DATA,STA,E4:D1:24:F0:BE:00,-64,10,0,0,0,0,0,0,0,0,0,-97,0,5,0,47943738,0,399,0,0,48.336,128,[-113 -15 24 0 32 -6 31 -5 31 -6 30 -5 31 -5 30 -5 28 -4 27 -3 27 -3 25 -3 24 -2 24 -1 23 -1 21 0 20 0 20 1 19 1 18 2 18 2 16 2 15 3 15 3 14 3 13 4 13 5 0 0 0 0 0 0 0 0 0 0 0 0 0 0 0 0 0 0 0 0 0 0 26 6 25 8 25 8 24 10 24 10 23 10 23 11 22 11 22 11 22 10 21 10 21 10 22 10 22 10 22 9 23 7 22 7 24 6 24 6 25 5 25 4 26 3 28 1 29 -1 31 -1 33 -3 ]
CSI_DATA,STA,E4:D1:24:F0:BE:00,-64,10,0,0,0,0,0,0,0,0,0,-97,0,5,0,48046140,0,399,0,0,48.4385,128,[-113 -15 24 0 29 10 28 10 28 10 27 10 27 10 26 10 24 10 23 10 23 10 22 10 21 10 19 10 18 10 17 11 16 10 15 10 14 10 13 10 12 10 11 10 10 10 10 10 9 9 8 9 8 10 0 0 0 0 0 0 0 0 0 0 0 0 0 0 0 0 0 0 0 0 0 0 14 14 12 14 12 15 11 15 11 15 11 15 11 15 11 15 11 15 11 15 11 15 12 15 12 15 12 14 13 15 14 14 13 14 16 14 16 13 18 13 19 12 20 12 23 12 24 11 26 12 27 12 ]
CSI_DATA,STA,E4:D1:24:F0:BE:00,-64,10,0,0,0,0,0,0,0,0,0,-97,0,5,0,48148542,0,399,0,0,48.5408,128,[-113 -15 24 0 19 -26 18 -26 19 -26 18 -25 18 -24 18 -23 17 -22 17 -22 16 -22 16 -20 16 -19 16 -18 15 -17 15 -15 15 -15 15 -13 14 -12 14 -11 14 -11 13 -10 12 -9 12 -8 12 -8 11 -6 12 -5 0 0 0 0 0 0 0 0 0 0 0 0 0 0 0 0 0 0 0 0 0 0 16 -13 16 -12 17 -12 16 -11 17 -11 17 -11 17 -11 17 -11 17 -11 17 -11 17 -10 17 -11 18 -11 19 -11 19 -12 19 -13 18 -14 18 -14 18 -15 19 -15 18 -17 18 -17 19 -19 19 -20 20 -22 20 -24 ]
CSI_DATA,STA,E4:D1:24:F0:BE:00,-64,10,0,0,0,0,0,0,0,0,0,-97,0,5,0,48150323,0,64,0,0,48.5764,128,[64 0 4 0 -24 18 -22 17 -24 17 -22 16 -21 16 -22 16 -22 15 -21 15 -22 14 -20 13 -21 12 -20 10 -18 10 -20 11 -17 9 -17 9 -17 7 -16 6 -16 7 -15 5 -15 3 -14 4 -13 2 -10 1 -17 3 0 0 0 0 0 0 0 0 0 0 0 0 0 0 0 0 0 0 0 0 0 0 -20 6 -19 5 -21 5 -19 4 -20 5 -19 4 -21 4 -20 4 -20 4 -21 5 -20 3 -21 4 -20 3 -20 4 -20 4 -21 5 -20 5 -21 5 -19 5 -21 7 -21 8 -21 10 -22 10 -22 11 -23 13 -23 13 ]
CSI_DATA,STA,E4:D1:24:F0:BE:00,-65,10,0,0,0,0,0,0,0,0,0,-97,0,5,0,48250944,0,399,0,0,48.6431,128,[-113 -15 24 0 24 17 24 18 24 17 25 17 25 17 24 17 24 16 24 17 23 16 22 17 22 17 20 17 19 17 18 16 17 16 16 17 15 15 13 16 13 15 12 15 11 14 10 13 9 14 8 13 8 14 0 0 0 0 0 0 0 0 0 0 0 0 0 0 0 0 0 0 0 0 0 0 16 15 14 14 13 15 13 15 12 15 12 15 12 16 11 16 11 16 10 16 10 16 10 16 11 17 10 16 11 17 11 17 11 18 12 17 12 17 13 18 15 17 15 18 16 18 18 18 20 18 23 20 ]
CSI_DATA,STA,E4:D1:24:F0:BE:00,-64,10,0,0,0,0,0,0,0,0,0,-97,0,5,0,48353346,0,399,0,0,48.7457,128,[-113 -15 24 0 -28 -21 -28 -19 -27 -19 -26 -18 -27 -17 -27 -17 -26 -17 -25 -16 -25 -17 -25 -17 -23 -16 -22 -16 -21 -15 -19 -15 -18 -14 -17 -15 -17 -14 -16 -14 -15 -14 -13 -13 -14 -13 -12 -12 -11 -12 -10 -12 -8 -11 0 0 0 0 0 0 0 0 0 0 0 0 0 0 0 0 0 0 0 0 0 0 -15 -17 -13 -17 -13 -17 -12 -17 -12 -18 -12 -17 -11 -17 -11 -18 -11 -17 -11 -18 -10 -18 -10 -19 -12 -18 -11 -18 -11 -18 -12 -18 -12 -19 -13 -19 -15 -19 -15 -19 -17 -19 -18 -20 -19 -21 -21 -21 -22 -22 -24 -23 ]
CSI_DATA,STA,E4:D1:24:F0:BE:00,-64,10,0,0,0,0,0,0,0,0,0,-97,0,5,0,48455747,0,399,0,0,48.848,128,[-113 -15 24 0 27 -9 27 -10 26 -10 26 -10 25 -10 26 -9 25 -9 24 -10 25 -9 23 -8 23 -8 22 -6 21 -6 21 -5 19 -4 18 -3 18 -3 18 -2 17 -1 16 -1 15 -1 14 0 14 0 12 0 12 2 0 0 0 0 0 0 0 0 0 0 0 0 0 0 0 0 0 0 0 0 0 0 18 -3 18 -2 18 -1 17 0 16 0 17 0 17 0 17 1 17 0 17 1 16 1 18 1 18 1 18 1 19 1 19 1 19 0 20 0 20 -1 21 -1 22 -2 23 -3 23 -3 25 -4 26 -5 27 -7 ]
CSI_DATA,STA,E4:D1:24:F0:BE:00,-65,10,0,0,0,0,0,0,0,0,0,-97,0,5,0,48558149,0,399,0,0,48.9504,128,[-113 -15 24 0 -32 -18 -30 -17 -30 -17 -29 -17 -29 -17 -28 -17 -27 -16 -25 -16 -25 -17 -24 -17 -24 -17 -22 -17 -21 -16 -19 -16 -17 -15 -16 -16 -15 -15 -15 -15 -13 -14 -13 -15 -11 -13 -10 -13 -9 -12 -8 -12 -6 -12 0 0 0 0 0 0 0 0 0 0 0 0 0 0 0 0 0 0 0 0 0 0 -10 -16 -8 -16 -8 -16 -8 -16 -8 -15 -8 -15 -9 -15 -9 -15 -9 -15 -10 -15 -10 -15 -10 -14 -11 -15 -12 -16 -12 -15 -12 -16 -14 -15 -15 -16 -16 -17 -17 -17 -19 -16 -20 -17 -22 -18 -23 -18 -26 -18 -27 -19 ]
CSI_DATA,STA,E4:D1:24:F0:BE:00,-66,10,0,0,0,0,0,0,0,0,0,-97,0,5,0,48660551,0,399,0,0,49.0527,128,[-113 -15 24 0 -32 3 -33 3 -32 4 -32 3 -32 3 -32 3 -32 3 -31 3 -31 3 -30 2 -30 1 -29 1 -28 0 -27 0 -26 -1 -24 -1 -24 -2 -23 -2 -21 -4 -21 -3 -19 -4 -18 -3 -16 -4 -17 -6 -15 -4 0 0 0 0 0 0 0 0 0 0 0 0 0 0 0 0 0 0 0 0 0 0 -19 -7 -18 -8 -17 -8 -16 -8 -17 -7 -16 -8 -16 -7 -17 -7 -16 -7 -16 -6 -15 -6 -16 -6 -16 -6 -17 -5 -17 -5 -19 -5 -19 -5 -20 -5 -20 -5 -22 -4 -23 -4 -24 -2 -26 -2 -26 -2 -29 0 -31 0 ]
CSI_DATA,STA,E4:D1:24:F0:BE:00,-64,10,0,0,0,0,0,0,0,0,0,-97,0,5,0,48762953,0,399,0,0,49.1553,128,[-113 -15 24 0 -1 34 -1 32 -1 33 -1 32 -1 32 -1 31 -2 30 -2 30 -2 28 -3 28 -4 27 -4 26 -4 25 -4 24 -4 22 -5 21 -5 21 -5 19 -5 19 -5 17 -6 15 -5 15 -6 15 -6 13 -6 14 0 0 0 0 0 0 0 0 0 0 0 0 0 0 0 0 0 0 0 0 0 0 -4 16 -5 15 -6 14 -6 14 -6 14 -6 14 -6 14 -6 14 -5 13 -6 14 -6 13 -6 14 -6 15 -6 15 -7 17 -6 17 -6 17 -6 19 -6 20 -5 21 -5 22 -5 23 -4 25 -4 27 -4 29 -4 32 ]
CSI_DATA,STA,E4:D1:24:F0:BE:00,-64,10,0,0,0,0,0,0,0,0,0,-97,0,5,0,48865353,0,399,0,0,49.2577,128,[-113 -15 24 0 -24 -22 -24 -21 -23 -20 -22 -19 -22 -19 -21 -18 -21 -17 -20 -17 -19 -17 -19 -17 -19 -16 -17 -15 -16 -14 -15 -14 -13 -14 -13 -13 -12 -12 -11 -13 -11 -12 -10 -12 -9 -12 -9 -11 -9 -10 -8 -10 -7 -9 0 0 0 0 0 0 0 0 0 0 0 0 0 0 0 0 0 0 0 0 0 0 -14 -14 -12 -15 -12 -15 -12 -15 -11 -15 -11 -16 -10 -15 -11 -16 -9 -15 -10 -15 -10 -16 -10 -16 -11 -17 -11 -17 -11 -18 -12 -18 -12 -18 -13 -19 -14 -19 -14 -20 -15 -20 -16 -20 -17 -21 -19 -21 -20 -22 -22 -23 ]
CSI_DATA,STA,E4:D1:24:F0:BE:00,-64,10,0,0,0,0,0,0,0,0,0,-97,0,5,0,48967755,0,399,0,0,49.3601,128,[-113 -15 24 0 -25 25 -24 25 -24 24 -23 22 -23 23 -23 22 -23 20 -23 21 -23 19 -22 18 -22 17 -21 16 -20 14 -20 13 -19 12 -18 11 -18 9 -17 8 -16 8 -16 7 -15 6 -15 6 -13 4 -13 4 -12 4 0 0 0 0 0 0 0 0 0 0 0 0 0 0 0 0 0 0 0 0 0 0 -18 4 -18 3 -18 2 -17 3 -17 1 -17 3 -17 3 -17 4 -16 3 -17 4 -16 4 -17 4 -17 5 -17 6 -18 6 -18 7 -18 9 -19 9 -19 11 -19 11 -19 13 -21 15 -21 16 -21 18 -22 20 -24 22 ]
CSI_DATA,STA,E4:D1:24:F0:BE:00,-63,10,0,0,0,0,0,0,0,0,0,-97,0,5,0,49070157,0,399,0,0,49.4625,128,[-113 -15 24 0 -11 -35 -11 -35 -11 -33 -11 -32 -12 -32 -11 -31 -10 -30 -10 -30 -9 -30 -8 -28 -9 -28 -8 -27 -7 -26 -6 -25 -4 -23 -3 -23 -3 -23 -3 -22 -3 -20 -2 -20 -2 -19 -1 -18 0 -17 0 -17 2 -15 0 0 0 0 0 0 0 0 0 0 0 0 0 0 0 0 0 0 0 0 0 0 -4 -20 -2 -20 -2 -20 -1 -20 -1 -20 -1 -19 -1 -19 -1 -20 -2 -20 -1 -21 -1 -21 -2 -22 -2 -22 -2 -23 -1 -23 -2 -24 -4 -25 -3 -26 -4 -26 -5 -27 -6 -29 -6 -31 -7 -31 -7 -32 -9 -34 -10 -37 ]
CSI_DATA,STA,E4:D1:24:F0:BE:00,-67,10,0,0,0,0,0,0,0,0,0,-97,0,5,0,49165626,0,64,0,0,49.5576,128,[64 0 4 0 17 23 17 23 17 23 17 24 16 24 16 24 16 24 15 24 15 24 14 23 13 24 12 23 12 22 10 22 9 21 9 21 10 20 8 20 8 18 8 17 6 18 7 17 6 16 6 16 3 17 0 0 0 0 0 0 0 0 0 0 0 0 0 0 0 0 0 0 0 0 0 0 4 19 3 18 3 18 2 18 2 17 4 18 3 17 4 17 4 18 5 17 5 17 5 18 4 18 6 18 5 19 5 19 5 19 6 18 7 19 7 18 8 19 10 19 10 20 11 21 14 22 14 24 ]
CSI_DATA,STA,E4:D1:24:F0:BE:00,-67,10,0,0,0,0,0,0,0,0,0,-97,0,5,0,49172558,0,399,0,0,49.5859,128,[-113 -15 24 0 22 -22 21 -22 22 -22 20 -21 21 -21 22 -22 22 -21 20 -22 23 -22 21 -21 23 -20 21 -19 21 -18 21 -17 20 -16 20 -16 20 -15 20 -14 19 -13 18 -13 17 -13 17 -11 17 -11 16 -10 17 -8 0 0 0 0 0 0 0 0 0 0 0 0 0 0 0 0 0 0 0 0 0 0 19 -8 17 -6 18 -6 17 -7 17 -7 17 -8 17 -8 17 -8 17 -9 18 -10 16 -9 18 -9 17 -10 19 -10 18 -9 18 -11 18 -9 19 -11 18 -12 18 -11 18 -13 18 -14 20 -15 19 -15 20 -17 21 -18 ]
CSI_DATA,STA,E4:D1:24:F0:BE:00,-65,10,0,0,0,0,0,0,0,0,0,-97,0,5,0,49274960,0,399,0,0,49.6672,128,[-113 -15 24 0 -4 -32 -5 -32 -6 -31 -5 -31 -6 -31 -5 -31 -5 -30 -5 -30 -4 -29 -4 -28 -3 -27 -4 -27 -2 -26 -2 -25 -2 -23 -1 -22 0 -22 -1 -21 1 -20 0 -20 0 -19 1 -18 0 -17 2 -16 3 -15 0 0 0 0 0 0 0 0 0 0 0 0 0 0 0 0 0 0 0 0 0 0 -3 -22 -2 -22 0 -22 0 -21 0 -21 1 -21 1 -21 1 -21 2 -20 2 -21 2 -21 3 -22 3 -22 4 -22 3 -22 3 -23 3 -22 3 -24 3 -24 3 -24 2 -26 2 -27 1 -27 0 -29 -1 -30 -2 -32 ]
CSI_DATA,STA,E4:D1:24:F0:BE:00,-68,10,0,0,0,0,0,0,0,0,0,-97,0,5,0,49377362,0,399,0,0,49.7696,128,[-113 -15 24 0 -9 -27 -8 -28 -8 -29 -9 -28 -8 -28 -8 -29 -8 -28 -7 -28 -8 -29 -6 -29 -5 -27 -5 -27 -5 -27 -2 -26 -3 -25 -2 -24 -1 -25 -2 -25 1 -23 1 -23 1 -21 2 -21 2 -20 3 -19 5 -16 0 0 0 0 0 0 0 0 0 0 0 0 0 0 0 0 0 0 0 0 0 0 14 -22 14 -21 13 -20 12 -19 13 -20 12 -19 11 -19 11 -19 10 -19 11 -19 9 -18 9 -18 9 -19 8 -19 7 -19 6 -18 5 -18 5 -20 4 -19 3 -20 2 -19 -1 -22 -1 -21 -3 -22 -4 -24 -4 -26 ]
CSI_DATA,STA,E4:D1:24:F0:BE:00,-66,10,0,0,0,0,0,0,0,0,0,-97,0,5,0,49479764,0,399,0,0,49.872,128,[-113 -15 24 0 -28 -8 -28 -8 -27 -7 -26 -7 -26 -7 -25 -8 -23 -9 -23 -8 -22 -9 -19 -10 -18 -11 -18 -11 -16 -11 -15 -11 -14 -10 -13 -11 -12 -11 -10 -12 -9 -11 -9 -11 -8 -11 -8 -11 -7 -10 -6 -10 -5 -9 0 0 0 0 0 0 0 0 0 0 0 0 0 0 0 0 0 0 0 0 0 0 -16 -19 -15 -20 -15 -20 -15 -19 -14 -20 -14 -19 -15 -19 -14 -19 -14 -18 -14 -19 -14 -18 -14 -18 -15 -18 -15 -18 -15 -17 -16 -17 -16 -15 -17 -15 -18 -15 -18 -13 -19 -13 -21 -11 -22 -11 -23 -10 -25 -10 -27 -8 ]
CSI_DATA,STA,E4:D1:24:F0:BE:00,-64,10,0,0,0,0,0,0,0,0,0,-97,0,5,0,49582166,0,399,0,0,49.9745,128,[-113 -15 24 0 21 -27 20 -26 19 -25 20 -26 20 -25 20 -25 20 -23 19 -23 19 -22 20 -21 19 -20 19 -19 19 -18 20 -18 19 -16 20 -14 19 -14 19 -12 19 -12 19 -10 18 -10 18 -8 17 -7 17 -6 18 -4 0 0 0 0 0 0 0 0 0 0 0 0 0 0 0 0 0 0 0 0 0 0 23 -9 23 -8 22 -7 23 -7 22 -6 22 -7 22 -6 22 -6 21 -6 21 -7 21 -7 21 -7 21 -8 21 -8 21 -9 21 -10 21 -11 20 -12 20 -13 21 -14 19 -15 21 -17 20 -18 21 -20 20 -22 21 -24 ]
CSI_DATA,STA,E4:D1:24:F0:BE:00,-62,10,0,0,0,0,0,0,0,0,0,-97,0,5,0,49684568,0,399,0,0,50.0768,128,[-113 -15 24 0 32 2 31 1 29 1 29 1 29 0 28 0 27 1 26 1 25 1 25 1 24 2 23 2 22 2 21 3 20 3 19 4 18 3 17 4 17 4 16 4 15 4 14 4 13 5 12 5 12 7 0 0 0 0 0 0 0 0 0 0 0 0 0 0 0 0 0 0 0 0 0 0 18 2 17 4 17 4 17 5 17 5 17 5 17 6 18 5 17 6 18 6 17 6 18 7 19 7 19 7 20 7 20 7 21 7 22 7 22 6 23 7 24 6 26 6 26 6 28 5 29 5 31 4 ]
CSI_DATA,STA,E4:D1:24:F0:BE:00,-62,10,0,0,0,0,0,0,0,0,0,-97,0,5,0,49786970,0,399,0,0,50.1793,128,[-113 -15 24 0 -29 12 -27 12 -26 12 -25 12 -24 12 -24 12 -23 11 -22 12 -22 11 -21 11 -20 10 -20 9 -19 9 -18 7 -17 7 -17 6 -16 5 -16 5 -15 4 -15 3 -14 2 -13 2 -13 1 -12 1 -11 1 0 0 0 0 0 0 0 0 0 0 0 0 0 0 0 0 0 0 0 0 0 0 -19 6 -19 5 -20 4 -20 4 -20 3 -20 3 -20 3 -21 3 -21 2 -21 2 -21 1 -21 1 -22 2 -22 1 -23 1 -24 2 -23 3 -24 2 -25 3 -25 4 -26 5 -26 5 -27 7 -27 7 -28 9 -29 10 ]
CSI_DATA,STA,E4:D1:24:F0:BE:00,-65,10,0,0,0,0,0,0,0,0,0,-97,0,5,0,49991773,0,399,0,0,50.384,128,[-113 -15 24 0 -29 -13 -29 -12 -26 -12 -26 -12 -24 -12 -23 -11 -21 -12 -21 -11 -19 -11 -19 -11 -17 -12 -15 -11 -14 -10 -12 -10 -11 -11 -10 -10 -8 -10 -8 -9 -7 -9 -6 -8 -5 -8 -5 -8 -5 -6 -3 -7 -3 -5 0 0 0 0 0 0 0 0 0 0 0 0 0 0 0 0 0 0 0 0 0 0 -20 -15 -19 -16 -19 -16 -19 -17 -18 -17 -19 -17 -19 -18 -20 -17 -19 -18 -19 -19 -20 -18 -20 -19 -20 -19 -20 -19 -20 -19 -21 -19 -21 -19 -21 -18 -22 -18 -23 -17 -24 -17 -25 -17 -25 -16 -27 -15 -28 -15 -29 -16 ]
CSI_DATA,STA,E4:D1:24:F0:BE:00,-66,10,0,0,0,0,0,0,0,0,0,-97,0,5,0,50094175,0,399,0,0,50.4864,128,[-113 -15 24 0 -4 28 -3 26 -3 26 -3 23 -3 24 -4 22 -5 21 -6 18 -6 18 -7 17 -7 14 -7 13 -8 12 -8 11 -8 9 -8 8 -8 7 -8 5 -8 5 -7 4 -7 2 -6 2 -5 1 -5 1 -5 1 0 0 0 0 0 0 0 0 0 0 0 0 0 0 0 0 0 0 0 0 0 0 -15 27 -17 25 -18 24 -19 23 -18 22 -18 23 -18 22 -19 21 -18 22 -18 21 -18 21 -18 21 -17 21 -18 21 -17 21 -16 21 -15 21 -15 22 -12 23 -12 23 -10 25 -9 25 -9 26 -8 26 -7 26 -6 30 ]
CSI_DATA,STA,E4:D1:24:F0:BE:00,-65,10,0,0,0,0,0,0,0,0,0,-97,0,5,0,50142836,0,64,0,0,50.5347,128,[64 0 4 0 -27 17 -25 18 -25 16 -25 16 -23 16 -23 15 -22 14 -21 14 -21 13 -20 13 -20 12 -19 10 -19 9 -18 7 -17 6 -16 6 -16 6 -16 5 -14 4 -13 3 -13 2 -11 3 -11 2 -11 2 -10 0 0 0 0 0 0 0 0 0 0 0 0 0 0 0 0 0 0 0 0 0 0 0 -24 9 -24 8 -24 6 -24 7 -24 6 -24 6 -25 6 -24 6 -25 6 -25 6 -24 6 -25 5 -25 6 -25 6 -26 6 -26 6 -25 6 -26 6 -27 8 -26 8 -26 9 -26 10 -26 12 -26 12 -26 14 -28 15 ]
CSI_DATA,STA,E4:D1:24:F0:BE:00,-67,10,0,0,0,0,0,0,0,0,0,-97,0,5,0,50196577,0,399,0,0,50.5885,128,[-113 -15 24 0 -2 -35 -3 -34 -2 -32 -2 -32 -4 -32 -2 -32 -1 -30 -1 -31 1 -29 1 -28 2 -26 1 -26 3 -23 3 -22 3 -22 4 -21 6 -19 5 -18 6 -18 7 -17 6 -16 6 -15 6 -13 7 -13 6 -10 0 0 0 0 0 0 0 0 0 0 0 0 0 0 0 0 0 0 0 0 0 0 9 -19 10 -19 8 -20 9 -19 9 -17 7 -20 7 -19 7 -21 6 -21 8 -22 7 -20 7 -23 7 -23 7 -23 7 -23 6 -25 5 -24 5 -26 4 -25 2 -27 4 -28 1 -30 0 -30 0 -30 -2 -33 -2 -33 ]
CSI_DATA,STA,E4:D1:24:F0:BE:00,-65,10,0,0,0,0,0,0,0,0,0,-97,0,5,0,50298979,0,399,0,0,50.6912,128,[-113 -15 24 0 29 -7 28 -6 28 -6 27 -6 26 -6 27 -5 26 -4 24 -4 24 -4 23 -3 22 -2 21 -1 20 0 20 0 18 0 17 1 17 2 17 2 15 3 14 3 13 3 13 3 12 4 11 4 10 5 0 0 0 0 0 0 0 0 0 0 0 0 0 0 0 0 0 0 0 0 0 0 21 4 20 4 20 4 19 5 20 5 19 4 19 5 20 4 20 5 20 4 20 4 20 4 21 4 21 3 21 4 22 4 21 2 22 2 22 1 23 1 24 -1 25 -1 26 -2 26 -3 28 -4 29 -5 ]
CSI_DATA,STA,E4:D1:24:F0:BE:00,-64,10,0,0,0,0,0,0,0,0,0,-97,0,5,0,50401381,0,399,0,0,50.7937,128,[-113 -15 24 0 -11 -31 -11 -30 -10 -29 -10 -28 -10 -28 -11 -28 -10 -27 -9 -26 -8 -26 -8 -26 -7 -25 -6 -24 -6 -23 -4 -22 -3 -21 -3 -21 -2 -21 -1 -19 -1 -19 -1 -18 0 -17 1 -17 1 -15 2 -15 2 -13 0 0 0 0 0 0 0 0 0 0 0 0 0 0 0 0 0 0 0 0 0 0 -2 -21 -1 -20 -1 -20 -1 -19 0 -20 0 -20 0 -20 0 -20 0 -20 -1 -20 0 -20 -1 -21 -1 -21 -1 -22 -1 -22 -1 -23 -2 -23 -2 -24 -3 -23 -3 -24 -4 -26 -5 -27 -6 -27 -6 -27 -8 -29 -9 -30 ]
CSI_DATA,STA,E4:D1:24:F0:BE:00,-66,10,0,0,0,0,0,0,0,0,0,-97,0,5,0,50503783,0,399,0,0,50.8961,128,[-113 -15 24 0 30 8 30 6 31 7 31 7 30 8 30 8 29 8 28 8 28 9 27 9 27 9 25 10 24 9 23 10 22 9 22 11 20 10 19 11 19 11 16 12 16 11 15 11 13 11 13 11 11 13 0 0 0 0 0 0 0 0 0 0 0 0 0 0 0 0 0 0 0 0 0 0 15 15 14 15 14 15 12 14 12 14 13 13 12 13 13 13 13 12 13 13 13 12 15 13 15 12 16 12 15 12 16 12 17 11 17 11 18 10 19 11 20 11 22 10 23 10 24 10 26 9 29 9 ]
CSI_DATA,STA,E4:D1:24:F0:BE:00,-64,10,0,0,0,0,0,0,0,0,0,-97,0,5,0,50606184,0,399,0,0,50.9985,128,[-113 -15 24 0 19 -28 19 -28 18 -27 18 -26 17 -27 17 -26 17 -24 17 -24 17 -24 17 -22 17 -21 16 -20 17 -19 17 -19 16 -17 16 -16 16 -15 15 -15 16 -13 15 -12 14 -11 14 -10 13 -9 14 -8 12 -6 0 0 0 0 0 0 0 0 0 0 0 0 0 0 0 0 0 0 0 0 0 0 15 -7 14 -7 14 -7 14 -7 14 -7 14 -8 14 -7 14 -8 15 -9 15 -9 15 -10 15 -10 15 -10 16 -11 16 -11 17 -12 17 -13 18 -13 17 -15 17 -15 17 -17 18 -18 17 -20 18 -21 19 -23 19 -25 ]
CSI_DATA,STA,E4:D1:24:F0:BE:00,-65,10,0,0,0,0,0,0,0,0,0,-97,0,5,0,50708586,0,399,0,0,51.1009,128,[-113 -15 24 0 6 -33 5 -30 6 -31 6 -30 7 -29 7 -29 6 -28 7 -28 7 -27 8 -26 7 -25 7 -24 8 -23 9 -22 9 -20 9 -19 10 -18 10 -17 10 -17 10 -15 10 -14 9 -13 10 -12 10 -11 10 -9 0 0 0 0 0 0 0 0 0 0 0 0 0 0 0 0 0 0 0 0 0 0 15 -19 16 -17 16 -17 16 -15 16 -15 15 -15 15 -14 14 -15 15 -15 14 -15 14 -15 14 -16 14 -16 14 -16 13 -17 13 -18 12 -18 13 -20 11 -20 12 -20 11 -21 11 -23 10 -24 9 -26 9 -28 10 -30 ]
CSI_DATA,STA,E4:D1:24:F0:BE:00,-66,10,0,0,0,0,0,0,0,0,0,-97,0,5,0,50810988,0,399,0,0,51.2032,128,[-113 -15 24 0 28 -13 28 -11 28 -11 28 -11 26 -10 26 -10 26 -9 26 -9 26 -8 25 -7 25 -6 24 -5 23 -4 23 -4 22 -2 21 -1 20 0 19 0 19 1 17 1 16 3 16 3 14 3 13 3 12 5 0 0 0 0 0 0 0 0 0 0 0 0 0 0 0 0 0 0 0 0 0 0 23 2 22 3 23 3 21 3 21 4 22 4 20 3 21 3 21 2 21 3 20 3 21 2 22 2 22 1 22 1 22 1 22 0 23 -1 23 -3 23 -4 23 -4 24 -6 23 -7 25 -6 28 -9 29 -10 ]
CSI_DATA,STA,E4:D1:24:F0:BE:00,-65,10,0,0,0,0,0,0,0,0,0,-97,0,5,0,50913390,0,399,0,0,51.3055,128,[-113 -15 24 0 18 30 18 29 16 27 15 26 15 25 13 25 12 23 11 22 10 21 10 21 8 20 7 19 6 18 4 17 4 16 3 16 2 15 0 14 1 13 0 12 -1 11 0 10 -1 9 -3 9 -3 8 0 0 0 0 0 0 0 0 0 0 0 0 0 0 0 0 0 0 0 0 0 0 7 25 6 25 4 24 6 25 5 25 5 25 5 25 5 26 5 26 5 25 5 25 7 25 7 26 7 26 7 27 8 27 9 28 10 28 11 28 12 28 13 28 14 29 16 29 17 30 18 30 19 32 ]
CSI_DATA,STA,E4:D1:24:F0:BE:00,-67,10,0,0,0,0,0,0,0,0,0,-97,0,5,0,51015792,0,399,0,0,51.4081,128,[-113 -15 24 0 -10 20 -9 19 -8 19 -9 19 -8 19 -9 19 -9 18 -10 18 -10 18 -11 17 -10 17 -11 16 -12 16 -11 16 -13 14 -13 13 -12 13 -13 12 -13 11 -13 10 -13 10 -12 9 -12 7 -12 7 -12 7 0 0 0 0 0 0 0 0 0 0 0 0 0 0 0 0 0 0 0 0 0 0 -20 15 -21 14 -21 14 -20 13 -20 13 -20 13 -20 13 -19 14 -19 14 -18 13 -18 14 -19 13 -18 13 -17 14 -17 14 -17 15 -16 14 -15 15 -15 14 -14 15 -13 15 -12 16 -12 16 -10 17 -10 18 -10 21 ]
CSI_DATA,STA,E4:D1:24:F0:BE:00,-64,10,0,0,0,0,0,0,0,0,0,-97,0,5,0,51118194,0,399,0,0,51.5105,128,[-113 -15 24 0 30 -16 28 -16 27 -16 27 -16 26 -17 25 -17 26 -16 25 -16 25 -15 25 -14 24 -14 24 -12 23 -12 23 -11 22 -11 21 -9 20 -8 21 -8 20 -6 19 -6 18 -5 17 -3 17 -2 16 -2 14 1 0 0 0 0 0 0 0 0 0 0 0 0 0 0 0 0 0 0 0 0 0 0 21 -9 21 -7 21 -7 21 -6 21 -6 21 -6 21 -5 21 -5 22 -5 22 -5 21 -5 22 -3 22 -4 24 -5 24 -4 24 -4 24 -5 25 -5 25 -5 26 -6 27 -7 27 -8 27 -9 28 -9 29 -10 31 -14 ]
CSI_DATA,STA,E4:D1:24:F0:BE:00,-64,10,0,0,0,0,0,0,0,0,0,-97,0,5,0,51220596,0,399,0,0,51.6129,128,[-113 -15 24 0 -16 24 -16 25 -14 24 -15 24 -15 23 -15 23 -15 23 -15 22 -15 21 -15 20 -15 20 -16 19 -15 18 -15 17 -15 16 -15 15 -15 15 -15 14 -15 13 -15 12 -14 10 -14 9 -14 8 -14 8 -14 7 0 0 0 0 0 0 0 0 0 0 0 0 0 0 0 0 0 0 0 0 0 0 -18 12 -19 12 -19 11 -19 11 -19 11 -19 11 -19 11 -20 11 -20 11 -20 11 -19 11 -20 11 -20 11 -20 11 -20 12 -20 12 -19 13 -19 13 -19 14 -18 15 -17 15 -17 16 -17 17 -18 19 -18 21 -18 23 ]
CSI_DATA,STA,E4:D1:24:F0:BE:00,-64,10,0,0,0,0,0,0,0,0,0,-97,0,5,0,51322997,0,399,0,0,51.7154,128,[-113 -15 24 0 -33 -10 -34 -9 -32 -9 -33 -9 -32 -7 -34 -8 -32 -7 -33 -7 -32 -7 -31 -6 -31 -7 -30 -7 -29 -8 -27 -8 -27 -8 -25 -9 -25 -9 -23 -10 -22 -10 -21 -10 -19 -11 -18 -10 -17 -10 -16 -11 -15 -11 0 0 0 0 0 0 0 0 0 0 0 0 0 0 0 0 0 0 0 0 0 0 -18 -8 -18 -9 -17 -9 -17 -10 -17 -10 -17 -10 -17 -10 -17 -10 -17 -10 -17 -11 -17 -10 -17 -11 -18 -12 -18 -12 -18 -13 -19 -13 -19 -13 -19 -14 -20 -14 -21 -14 -21 -13 -23 -14 -24 -12 -27 -12 -28 -13 -30 -11 ]
CSI_DATA,STA,E4:D1:24:F0:BE:00,-64,10,0,0,0,0,0,0,0,0,0,-97,0,5,0,51425399,0,399,0,0,51.8177,128,[-113 -15 24 0 -23 -24 -24 -24 -25 -23 -24 -23 -24 -23 -24 -22 -23 -22 -21 -22 -21 -22 -20 -22 -19 -21 -18 -21 -17 -21 -15 -20 -14 -20 -12 -19 -12 -19 -10 -19 -9 -18 -8 -17 -7 -17 -7 -15 -6 -15 -4 -15 -4 -13 0 0 0 0 0 0 0 0 0 0 0 0 0 0 0 0 0 0 0 0 0 0 -9 -19 -7 -19 -7 -19 -6 -19 -6 -19 -6 -18 -6 -18 -6 -18 -6 -19 -6 -18 -6 -18 -7 -19 -6 -19 -7 -19 -8 -19 -8 -20 -9 -20 -9 -21 -11 -21 -11 -21 -13 -21 -14 -21 -16 -22 -17 -23 -19 -24 -21 -24 ]
CSI_DATA,STA,E4:D1:24:F0:BE:00,-63,10,0,0,0,0,0,0,0,0,0,-97,0,5,0,51527801,0,399,0,0,51.92,128,[-113 -15 24 0 33 -9 33 -9 33 -11 32 -10 32 -10 32 -9 31 -9 31 -9 30 -9 30 -8 28 -7 28 -6 26 -6 26 -5 24 -4 24 -3 23 -3 22 -2 21 -1 20 -1 19 0 18 1 16 2 16 2 14 4 0 0 0 0 0 0 0 0 0 0 0 0 0 0 0 0 0 0 0 0 0 0 16 1 15 2 16 2 15 3 16 2 15 2 16 3 16 3 16 3 15 3 16 3 16 3 17 3 17 3 18 3 19 2 19 2 20 1 21 1 22 0 23 -1 25 -1 25 -3 28 -3 29 -5 31 -6 ]
CSI_DATA,STA,E4:D1:24:F0:BE:00,-62,10,0,0,0,0,0,0,0,0,0,-97,0,5,0,51630203,0,399,0,0,52.0224,128,[-113 -15 24 0 -31 13 -30 14 -30 14 -29 13 -28 14 -28 14 -28 13 -27 13 -27 12 -26 11 -26 10 -26 9 -24 9 -23 8 -22 7 -22 6 -21 5 -21 5 -20 4 -19 4 -19 2 -17 2 -16 1 -15 1 -15 0 0 0 0 0 0 0 0 0 0 0 0 0 0 0 0 0 0 0 0 0 0 0 -19 4 -18 3 -19 2 -18 1 -18 1 -18 1 -18 1 -19 0 -19 1 -18 0 -18 0 -19 0 -19 0 -20 0 -20 1 -20 1 -21 1 -22 2 -22 3 -23 3 -24 4 -24 5 -25 6 -27 7 -28 9 -29 9 ]
CSI_DATA,STA,E4:D1:24:F0:BE:00,-63,10,0,0,0,0,0,0,0,0,0,-97,0,5,0,51732605,0,399,0,0,52.1249,128,[-113 -15 24 0 -24 19 -23 19 -22 19 -22 18 -20 18 -20 17 -19 16 -19 15 -19 14 -19 13 -18 11 -17 11 -17 10 -16 9 -15 7 -15 7 -14 6 -14 6 -13 5 -13 5 -12 3 -11 3 -11 2 -10 1 -10 1 0 0 0 0 0 0 0 0 0 0 0 0 0 0 0 0 0 0 0 0 0 0 -19 10 -19 9 -20 8 -19 7 -20 7 -19 7 -19 7 -19 7 -19 7 -20 6 -19 7 -19 7 -20 7 -20 7 -20 8 -21 8 -21 9 -21 10 -21 10 -21 11 -22 12 -22 13 -23 15 -24 15 -24 17 -25 19 ]
CSI_DATA,STA,E4:D1:24:F0:BE:00,-64,10,0,0,0,0,0,0,0,0,0,-97,0,5,0,51835010,0,399,0,0,52.2274,128,[-113 -15 24 0 -27 -21 -26 -21 -27 -22 -26 -21 -26 -21 -26 -21 -25 -21 -25 -21 -25 -22 -23 -22 -22 -21 -21 -21 -19 -21 -19 -21 -17 -19 -16 -21 -15 -19 -15 -19 -13 -19 -13 -18 -12 -17 -10 -17 -9 -16 -7 -15 -8 -14 0 0 0 0 0 0 0 0 0 0 0 0 0 0 0 0 0 0 0 0 0 0 -5 -16 -4 -15 -4 -16 -4 -15 -4 -15 -4 -14 -5 -14 -5 -14 -5 -13 -5 -14 -5 -13 -7 -14 -7 -14 -7 -14 -8 -14 -9 -16 -9 -14 -10 -15 -11 -15 -12 -15 -14 -16 -16 -16 -17 -17 -18 -18 -20 -19 -23 -20 ]
CSI_DATA,STA,E4:D1:24:F0:BE:00,-64,10,0,0,0,0,0,0,0,0,0,-97,0,5,0,51937412,0,399,0,0,52.3297,128,[-113 -15 24 0 31 -12 31 -12 31 -13 31 -13 31 -15 31 -15 31 -14 30 -14 30 -14 29 -13 29 -12 28 -11 28 -11 27 -10 25 -9 25 -8 25 -7 23 -7 23 -6 22 -5 20 -4 19 -3 19 -3 18 -2 17 0 0 0 0 0 0 0 0 0 0 0 0 0 0 0 0 0 0 0 0 0 0 0 17 -5 16 -4 16 -3 17 -2 17 -2 16 -2 16 -1 16 -1 16 -1 16 -1 16 0 16 -1 17 1 17 1 18 0 18 1 18 0 20 0 20 0 21 0 21 -2 24 -2 25 -4 25 -4 28 -6 29 -7 ]
CSI_DATA,STA,E4:D1:24:F0:BE:00,-64,10,0,0,0,0,0,0,0,0,0,-97,0,5,0,52039813,0,399,0,0,52.4321,128,[-113 -15 24 0 -7 -35 -7 -34 -8 -33 -8 -32 -8 -31 -8 -30 -7 -29 -8 -29 -7 -28 -7 -27 -6 -25 -6 -25 -5 -23 -4 -22 -3 -20 -3 -19 -2 -19 -2 -18 -1 -17 -2 -16 -1 -15 -2 -14 -1 -13 -1 -11 -1 -11 0 0 0 0 0 0 0 0 0 0 0 0 0 0 0 0 0 0 0 0 0 0 -8 -16 -7 -17 -6 -18 -5 -18 -5 -18 -5 -18 -4 -18 -4 -20 -3 -20 -2 -20 -3 -20 -2 -21 -2 -22 -1 -23 -1 -24 -1 -24 -1 -26 0 -26 0 -27 0 -27 -2 -29 -1 -30 -2 -30 -3 -32 -3 -34 -4 -36 ]
CSI_DATA,STA,E4:D1:24:F0:BE:00,-64,10,0,0,0,0,0,0,0,0,0,-97,0,5,0,52142215,0,399,0,0,52.5345,128,[-113 -15 24 0 -34 -6 -33 -5 -31 -5 -30 -5 -29 -6 -28 -6 -26 -7 -25 -7 -24 -7 -23 -7 -22 -8 -20 -8 -19 -8 -17 -8 -15 -8 -14 -9 -13 -9 -11 -10 -9 -9 -9 -9 -8 -9 -7 -8 -6 -8 -5 -8 -5 -6 0 0 0 0 0 0 0 0 0 0 0 0 0 0 0 0 0 0 0 0 0 0 -18 -14 -18 -15 -17 -15 -17 -15 -16 -15 -17 -15 -17 -15 -16 -15 -18 -15 -18 -14 -18 -13 -18 -14 -19 -15 -19 -15 -20 -15 -20 -14 -20 -14 -22 -13 -23 -12 -23 -12 -24 -12 -25 -10 -27 -9 -29 -8 -31 -8 -31 -8 ]
CSI_DATA,STA,E4:D1:24:F0:BE:00,-68,10,0,0,0,0,0,0,0,0,0,-97,0,5,0,52222816,0,64,0,0,52.6147,128,[64 0 4 0 16 17 16 16 16 17 16 16 16 17 16 17 16 17 15 17 15 18 14 17 13 18 13 17 11 18 11 15 10 15 10 16 8 16 8 15 7 13 7 12 7 12 6 12 7 10 5 9 5 11 0 0 0 0 0 0 0 0 0 0 0 0 0 0 0 0 0 0 0 0 0 0 11 18 11 18 10 19 10 18 10 19 11 18 10 19 10 19 12 19 10 19 10 18 12 19 11 19 11 19 11 18 11 19 11 17 11 18 10 16 12 18 12 17 12 16 12 16 13 17 15 17 15 17 ]
CSI_DATA,STA,E4:D1:24:F0:BE:00,-67,10,0,0,0,0,0,0,0,0,0,-97,0,5,0,52244617,0,399,0,0,52.6447,128,[-113 -15 24 0 -15 -24 -15 -24 -16 -25 -16 -24 -15 -24 -16 -25 -15 -25 -15 -25 -14 -26 -13 -25 -13 -26 -12 -25 -11 -24 -10 -23 -9 -23 -9 -23 -9 -22 -8 -21 -7 -21 -6 -20 -7 -19 -6 -18 -5 -17 -4 -16 -5 -15 0 0 0 0 0 0 0 0 0 0 0 0 0 0 0 0 0 0 0 0 0 0 -7 -21 -5 -20 -5 -20 -5 -20 -5 -19 -4 -19 -5 -19 -5 -19 -5 -19 -5 -19 -6 -18 -5 -19 -5 -20 -6 -18 -5 -19 -5 -20 -7 -19 -6 -19 -6 -18 -7 -19 -7 -19 -7 -19 -8 -21 -10 -21 -10 -22 -13 -23 ]
CSI_DATA,STA,E4:D1:24:F0:BE:00,-65,10,0,0,0,0,0,0,0,0,0,-97,0,5,0,52347019,0,399,0,0,52.7392,128,[-113 -15 24 0 -19 -21 -19 -20 -20 -19 -20 -19 -21 -17 -20 -18 -20 -16 -20 -17 -19 -16 -20 -16 -19 -17 -18 -16 -17 -16 -15 -14 -15 -15 -14 -15 -13 -14 -13 -14 -12 -13 -11 -13 -10 -12 -10 -12 -8 -11 -7 -11 -7 -10 0 0 0 0 0 0 0 0 0 0 0 0 0 0 0 0 0 0 0 0 0 0 -16 -17 -15 -18 -14 -18 -14 -19 -13 -19 -13 -19 -12 -19 -12 -20 -12 -20 -12 -19 -12 -20 -12 -21 -12 -21 -12 -21 -12 -21 -11 -21 -12 -22 -11 -23 -12 -22 -13 -22 -13 -22 -13 -23 -14 -21 -15 -22 -16 -22 -17 -23 ]
CSI_DATA,STA,E4:D1:24:F0:BE:00,-67,10,0,0,0,0,0,0,0,0,0,-97,0,5,0,52449421,0,399,0,0,52.8417,128,[-113 -15 24 0 -6 20 -6 20 -5 19 -7 19 -8 19 -9 19 -10 17 -11 18 -13 18 -14 18 -15 16 -16 16 -16 15 -17 15 -16 14 -17 13 -18 13 -18 13 -19 12 -18 11 -18 10 -18 9 -18 8 -18 6 -18 6 0 0 0 0 0 0 0 0 0 0 0 0 0 0 0 0 0 0 0 0 0 0 -24 13 -24 12 -24 12 -22 12 -23 13 -22 13 -21 14 -21 15 -20 14 -21 15 -19 15 -19 16 -17 15 -17 16 -16 15 -15 16 -13 17 -12 17 -11 18 -9 18 -8 16 -7 18 -6 18 -6 19 -4 20 -3 21 ]
CSI_DATA,STA,E4:D1:24:F0:BE:00,-70,10,0,0,0,0,0,0,0,0,0,-97,0,5,0,52551823,0,399,0,0,52.9442,128,[-113 -15 24 0 -7 -22 -8 -20 -11 -20 -14 -17 -18 -17 -21 -17 -22 -16 -25 -16 -27 -17 -28 -18 -29 -18 -31 -20 -30 -19 -30 -21 -30 -21 -30 -23 -29 -23 -29 -24 -27 -27 -27 -26 -24 -28 -23 -28 -20 -29 -16 -30 -15 -31 0 0 0 0 0 0 0 0 0 0 0 0 0 0 0 0 0 0 0 0 0 0 6 14 5 13 5 12 4 12 5 12 5 11 6 12 6 9 6 9 6 8 5 7 5 5 5 5 5 2 4 1 4 0 4 -3 4 -5 4 -7 2 -9 2 -12 3 -15 1 -18 1 -19 0 -21 -1 -24 ]
CSI_DATA,STA,E4:D1:24:F0:BE:00,-65,10,0,0,0,0,0,0,0,0,0,-97,0,5,0,52654225,0,399,0,0,53.0466,128,[-113 -15 24 0 4 28 4 28 8 29 9 28 10 29 12 29 13 29 14 31 15 30 15 31 16 31 15 30 15 30 14 31 14 29 12 31 11 31 10 31 10 30 8 30 6 29 5 29 4 28 2 27 -2 27 0 0 0 0 0 0 0 0 0 0 0 0 0 0 0 0 0 0 0 0 0 0 8 3 7 4 6 4 4 5 4 5 3 5 2 4 2 5 1 6 1 5 0 6 -1 6 -1 6 -1 8 -2 8 -3 9 -4 10 -4 12 -4 12 -5 14 -4 16 -3 17 -4 19 -2 20 -3 22 -1 26 ]
CSI_DATA,STA,E4:D1:24:F0:BE:00,-65,10,0,0,0,0,0,0,0,0,0,-97,0,5,0,52756626,0,399,0,0,53.1489,128,[-113 -15 24 0 3 30 4 31 7 31 8 31 9 32 11 33 11 32 12 33 12 34 11 34 12 33 11 34 10 32 9 32 9 30 8 31 7 31 7 30 6 30 5 28 5 27 4 27 2 27 1 25 -2 25 0 0 0 0 0 0 0 0 0 0 0 0 0 0 0 0 0 0 0 0 0 0 5 11 4 10 3 10 2 10 2 10 1 10 0 10 0 11 -2 10 -2 10 -2 10 -3 11 -3 11 -4 12 -5 12 -4 13 -6 13 -7 15 -6 15 -7 16 -6 18 -6 19 -6 20 -5 21 -4 24 -2 26 ]
CSI_DATA,STA,E4:D1:24:F0:BE:00,-62,10,0,0,0,0,0,0,0,0,0,-97,0,5,0,52859028,0,399,0,0,53.2514,128,[-113 -15 24 0 15 -29 13 -29 12 -29 11 -28 10 -29 10 -29 9 -28 9 -28 9 -28 8 -27 8 -26 8 -25 7 -25 8 -23 8 -22 8 -22 8 -21 8 -20 8 -20 8 -19 8 -18 8 -17 9 -16 9 -15 9 -14 0 0 0 0 0 0 0 0 0 0 0 0 0 0 0 0 0 0 0 0 0 0 1 -16 2 -15 3 -15 4 -15 5 -15 6 -15 7 -15 8 -15 9 -14 9 -15 10 -15 11 -15 12 -15 13 -15 13 -15 14 -16 14 -16 15 -17 16 -17 15 -18 16 -19 17 -20 16 -21 17 -23 18 -24 18 -27 ]
CSI_DATA,STA,E4:D1:24:F0:BE:00,-60,10,0,0,0,0,0,0,0,0,0,-97,0,5,0,52961430,0,399,0,0,53.3537,128,[-113 -15 24 0 -35 -13 -34 -11 -33 -11 -33 -10 -32 -8 -32 -8 -31 -8 -30 -7 -30 -7 -28 -7 -28 -7 -26 -8 -25 -7 -24 -7 -22 -7 -22 -7 -20 -7 -20 -7 -19 -8 -18 -7 -17 -7 -16 -7 -15 -8 -14 -8 -14 -8 0 0 0 0 0 0 0 0 0 0 0 0 0 0 0 0 0 0 0 0 0 0 -19 0 -18 -2 -19 -3 -18 -4 -18 -5 -18 -6 -19 -6 -18 -7 -19 -8 -19 -9 -19 -10 -20 -10 -20 -11 -20 -12 -21 -12 -22 -13 -22 -13 -23 -14 -24 -14 -25 -15 -26 -15 -27 -15 -29 -15 -30 -15 -32 -15 -33 -14 ]
CSI_DATA,STA,E4:D1:24:F0:BE:00,-62,10,0,0,0,0,0,0,0,0,0,-97,0,5,0,53063832,0,399,0,0,53.456,128,[-113 -15 24 0 18 26 19 25 20 24 19 23 20 22 20 22 20 21 20 21 20 21 19 20 18 20 18 20 16 19 15 19 14 18 14 18 13 17 12 17 11 16 9 16 9 16 8 15 7 15 6 14 4 14 0 0 0 0 0 0 0 0 0 0 0 0 0 0 0 0 0 0 0 0 0 0 12 8 11 8 11 9 10 10 10 11 9 11 8 12 8 12 8 13 7 13 7 14 7 15 8 16 7 17 7 17 7 18 7 19 8 21 9 20 9 21 9 22 11 24 11 24 13 25 14 27 16 27 ]
CSI_DATA,STA,E4:D1:24:F0:BE:00,-60,10,0,0,0,0,0,0,0,0,0,-97,0,5,0,53166234,0,399,0,0,53.5585,128,[-113 -15 24 0 18 -33 17 -31 16 -31 15 -30 15 -30 14 -30 13 -29 12 -29 13 -28 12 -27 11 -26 12 -25 11 -23 11 -23 11 -21 11 -20 11 -19 11 -19 11 -17 11 -16 10 -16 10 -14 10 -14 10 -12 10 -11 0 0 0 0 0 0 0 0 0 0 0 0 0 0 0 0 0 0 0 0 0 0 2 -13 3 -13 4 -13 5 -13 5 -13 6 -13 6 -13 7 -14 8 -14 9 -14 9 -14 10 -15 11 -15 12 -16 13 -16 13 -17 14 -18 15 -19 15 -20 17 -20 17 -22 18 -24 18 -25 19 -26 20 -28 20 -30 ]
CSI_DATA,STA,E4:D1:24:F0:BE:00,-60,10,0,0,0,0,0,0,0,0,0,-97,0,5,0,53268636,0,399,0,0,53.6609,128,[-113 -15 24 0 27 -26 26 -25 25 -25 24 -25 23 -25 23 -23 22 -22 21 -22 20 -21 20 -20 19 -19 17 -18 17 -17 16 -16 15 -14 15 -14 14 -13 14 -12 13 -11 12 -11 11 -10 11 -9 10 -8 10 -7 9 -7 0 0 0 0 0 0 0 0 0 0 0 0 0 0 0 0 0 0 0 0 0 0 6 -10 7 -9 8 -9 8 -9 9 -10 9 -10 10 -10 10 -10 11 -11 12 -11 12 -11 13 -12 15 -12 15 -12 16 -13 17 -14 18 -14 19 -15 20 -15 21 -16 22 -18 24 -19 24 -19 26 -21 26 -23 28 -25 ]
CSI_DATA,STA,E4:D1:24:F0:BE:00,-60,10,0,0,0,0,0,0,0,0,0,-97,0,5,0,53269364,0,64,0,0,53.6956,128,[64 0 4 0 39 -1 34 -2 36 -2 32 -2 34 -2 32 -2 31 -2 29 -2 29 -2 27 -2 26 -1 25 0 22 0 23 -1 19 1 20 1 18 0 17 1 16 1 16 1 14 2 14 1 12 2 10 1 14 2 0 0 0 0 0 0 0 0 0 0 0 0 0 0 0 0 0 0 0 0 0 0 12 -4 11 -3 13 -3 11 -2 14 -2 13 -1 14 -1 14 -1 15 -1 16 0 16 -1 18 0 19 1 20 0 19 1 22 1 21 2 25 1 24 1 27 2 27 1 30 1 32 2 33 1 35 0 36 0 ]
CSI_DATA,STA,E4:D1:24:F0:BE:00,-62,10,0,0,0,0,0,0,0,0,0,-97,0,5,0,53371038,0,399,0,0,53.7634,128,[-113 -15 24 0 -11 -33 -11 -32 -11 -31 -11 -31 -11 -29 -11 -28 -11 -28 -11 -27 -10 -26 -9 -25 -9 -25 -8 -23 -8 -22 -7 -21 -6 -20 -5 -19 -4 -18 -4 -17 -4 -16 -3 -15 -3 -14 -3 -13 -3 -13 -2 -12 -2 -11 0 0 0 0 0 0 0 0 0 0 0 0 0 0 0 0 0 0 0 0 0 0 -5 -11 -4 -11 -4 -12 -4 -12 -4 -12 -4 -12 -4 -13 -4 -13 -4 -14 -3 -15 -3 -15 -3 -16 -3 -17 -3 -18 -4 -18 -3 -20 -3 -21 -4 -22 -4 -22 -5 -23 -5 -25 -6 -27 -6 -28 -7 -30 -8 -31 -8 -34 ]
CSI_DATA,STA,E4:D1:24:F0:BE:00,-61,10,0,0,0,0,0,0,0,0,0,-97,0,5,0,53473439,0,399,0,0,53.8657,128,[-113 -15 24 0 -32 20 -30 20 -28 20 -27 19 -26 20 -26 20 -24 19 -24 19 -23 18 -23 17 -22 16 -21 15 -20 14 -19 13 -18 12 -17 11 -17 11 -17 10 -16 9 -15 9 -14 8 -14 7 -13 6 -12 6 -13 5 0 0 0 0 0 0 0 0 0 0 0 0 0 0 0 0 0 0 0 0 0 0 -10 11 -11 10 -12 10 -12 9 -12 9 -12 9 -13 9 -14 9 -14 9 -15 8 -15 9 -17 9 -18 9 -19 9 -19 10 -21 10 -22 10 -23 11 -24 12 -25 12 -26 13 -28 14 -28 15 -31 16 -31 17 -32 19 ]
CSI_DATA,STA,E4:D1:24:F0:BE:00,-61,10,0,0,0,0,0,0,0,0,0,-97,0,5,0,53575841,0,399,0,0,53.9682,128,[-113 -15 24 0 -40 -6 -40 -5 -37 -4 -37 -3 -37 -2 -36 -3 -34 -2 -33 -2 -32 -2 -31 -2 -30 -3 -28 -3 -28 -2 -26 -3 -24 -3 -23 -3 -22 -4 -21 -4 -19 -4 -18 -4 -17 -4 -16 -4 -16 -4 -14 -4 -14 -4 0 0 0 0 0 0 0 0 0 0 0 0 0 0 0 0 0 0 0 0 0 0 -14 2 -14 2 -15 1 -15 0 -15 0 -16 -1 -16 -1 -17 -1 -17 -2 -17 -2 -18 -3 -19 -3 -20 -5 -21 -5 -22 -6 -23 -6 -24 -6 -25 -7 -28 -7 -29 -7 -31 -8 -32 -8 -33 -8 -36 -9 -37 -8 -39 -8 ]
CSI_DATA,STA,E4:D1:24:F0:BE:00,-61,10,0,0,0,0,0,0,0,0,0,-97,0,5,0,53678243,0,399,0,0,54.0705,128,[-113 -15 24 0 12 31 13 30 13 29 13 28 13 28 13 27 13 26 13 25 12 25 12 24 11 23 10 23 9 22 9 21 8 20 7 20 7 19 6 18 6 17 5 16 4 15 3 15 3 15 2 14 1 13 0 0 0 0 0 0 0 0 0 0 0 0 0 0 0 0 0 0 0 0 0 0 6 9 5 9 5 9 4 9 4 10 4 10 4 11 4 11 4 12 4 12 4 13 4 14 3 14 3 16 4 17 4 18 4 19 4 20 5 21 5 22 5 23 6 25 7 26 8 28 8 29 9 31 ]
CSI_DATA,STA,E4:D1:24:F0:BE:00,-63,10,0,0,0,0,0,0,0,0,0,-97,0,5,0,53780645,0,399,0,0,54.1728,128,[-113 -15 24 0 9 -35 7 -36 7 -36 6 -35 5 -36 6 -36 5 -35 5 -34 5 -35 6 -33 5 -32 5 -31 5 -30 5 -30 6 -28 5 -27 7 -26 6 -25 7 -24 7 -23 8 -22 8 -21 8 -19 10 -18 9 -17 0 0 0 0 0 0 0 0 0 0 0 0 0 0 0 0 0 0 0 0 0 0 0 -11 1 -10 1 -10 2 -10 2 -10 2 -10 3 -10 2 -11 3 -11 3 -12 3 -11 4 -13 4 -14 5 -14 6 -15 7 -17 7 -17 7 -19 8 -20 9 -21 9 -23 10 -24 10 -26 10 -28 11 -30 10 -33 ]
CSI_DATA,STA,E4:D1:24:F0:BE:00,-62,10,0,0,0,0,0,0,0,0,0,-97,0,5,0,53883046,0,399,0,0,54.2752,128,[-113 -15 24 0 15 -30 14 -29 13 -29 13 -30 12 -30 12 -30 12 -29 11 -29 11 -29 10 -29 10 -27 10 -27 10 -26 10 -25 10 -24 10 -23 10 -22 11 -21 11 -20 11 -20 11 -18 11 -18 11 -17 11 -16 11 -14 0 0 0 0 0 0 0 0 0 0 0 0 0 0 0 0 0 0 0 0 0 0 1 -9 1 -8 1 -8 2 -8 2 -8 3 -8 3 -8 3 -9 4 -8 4 -9 5 -10 5 -11 6 -11 7 -12 8 -12 9 -13 9 -14 10 -15 12 -16 12 -16 12 -18 13 -19 14 -20 15 -22 15 -24 16 -27 ]
CSI_DATA,STA,E4:D1:24:F0:BE:00,-64,10,0,0,0,0,0,0,0,0,0,-97,0,5,0,53985448,0,399,0,0,54.3778,128,[-113 -15 24 0 -6 31 -3 31 -3 32 -1 31 0 32 1 33 2 32 2 33 2 33 2 33 1 33 1 32 1 32 1 31 0 30 -1 30 -1 29 -1 28 -2 28 -3 27 -3 26 -4 26 -5 24 -6 23 -9 22 0 0 0 0 0 0 0 0 0 0 0 0 0 0 0 0 0 0 0 0 0 0 3 10 2 9 1 10 0 9 0 9 -1 9 -1 10 -2 9 -2 10 -3 9 -3 9 -4 9 -5 10 -6 11 -6 11 -7 13 -7 13 -8 14 -8 15 -9 16 -9 17 -9 19 -10 21 -10 22 -9 24 -9 26 ]
CSI_DATA,STA,E4:D1:24:F0:BE:00,-63,10,0,0,0,0,0,0,0,0,0,-97,0,5,0,54087850,0,399,0,0,54.4802,128,[-113 -15 24 0 -24 21 -23 22 -22 23 -22 25 -21 26 -22 27 -21 27 -21 28 -20 29 -21 29 -21 28 -21 28 -21 28 -21 27 -20 25 -20 26 -22 26 -21 24 -21 23 -21 23 -21 21 -21 20 -22 18 -22 17 -24 15 0 0 0 0 0 0 0 0 0 0 0 0 0 0 0 0 0 0 0 0 0 0 -3 9 -4 7 -4 7 -5 7 -5 6 -5 5 -5 6 -6 5 -6 5 -7 4 -7 5 -8 5 -9 4 -10 4 -11 4 -11 5 -12 5 -14 5 -15 5 -16 5 -16 7 -18 8 -19 9 -20 11 -21 12 -23 15 ]
CSI_DATA,STA,E4:D1:24:F0:BE:00,-66,10,0,0,0,0,0,0,0,0,0,-97,0,5,0,54190251,0,399,0,0,54.5826,128,[-113 -15 24 0 18 6 22 5 24 4 25 5 27 3 30 3 31 3 33 3 34 1 35 1 35 1 36 2 36 2 36 2 35 2 36 4 35 4 36 3 35 3 34 4 33 5 33 6 31 6 32 7 29 10 0 0 0 0 0 0 0 0 0 0 0 0 0 0 0 0 0 0 0 0 0 0 2 -9 1 -8 1 -9 1 -8 0 -9 0 -8 -1 -9 0 -8 -1 -8 -1 -8 -1 -8 -1 -7 -2 -7 -1 -5 -1 -5 -1 -5 -1 -2 -1 -2 -1 -1 0 0 1 0 2 3 3 3 5 4 7 5 11 6 ]
CSI_DATA,STA,E4:D1:24:F0:BE:00,-66,10,0,0,0,0,0,0,0,0,0,-97,0,5,0,54292653,0,399,0,0,54.685,128,[-113 -15 24 0 9 -16 10 -17 12 -16 13 -18 15 -17 16 -17 17 -17 17 -20 18 -20 18 -21 18 -21 19 -21 20 -22 19 -21 19 -22 19 -21 19 -22 19 -22 19 -21 19 -22 18 -21 18 -20 18 -20 18 -19 18 -17 0 0 0 0 0 0 0 0 0 0 0 0 0 0 0 0 0 0 0 0 0 0 13 -12 12 -12 12 -13 11 -13 12 -13 11 -14 11 -14 11 -15 10 -15 9 -15 9 -15 8 -16 7 -15 7 -16 6 -16 6 -16 5 -16 5 -16 3 -16 3 -15 2 -15 3 -15 3 -15 3 -15 4 -15 6 -16 ]
CSI_DATA,STA,E4:D1:24:F0:BE:00,-66,10,0,0,0,0,0,0,0,0,0,-97,0,5,0,54312264,0,64,0,0,54.7193,128,[64 0 4 0 -6 21 -6 21 -8 23 -8 25 -9 26 -9 27 -10 29 -9 30 -10 31 -10 31 -10 32 -10 32 -10 32 -9 33 -9 32 -9 33 -10 33 -9 33 -9 32 -9 32 -9 31 -10 31 -10 29 -11 29 -10 27 0 0 0 0 0 0 0 0 0 0 0 0 0 0 0 0 0 0 0 0 0 0 -4 16 -4 16 -4 16 -4 17 -4 16 -2 16 -2 16 -1 16 -1 16 0 15 0 15 1 16 0 15 1 15 1 14 2 14 2 15 2 14 2 13 1 13 1 13 1 13 -1 13 -2 13 -3 14 -4 16 ]
CSI_DATA,STA,E4:D1:24:F0:BE:00,-68,10,0,0,0,0,0,0,0,0,0,-97,0,5,0,54395055,0,399,0,0,54.7873,128,[-113 -15 24 0 0 14 -2 13 -4 10 -6 9 -9 7 -11 7 -13 5 -15 4 -17 4 -19 2 -20 2 -22 0 -22 0 -23 -2 -24 -3 -24 -3 -24 -3 -24 -4 -24 -5 -24 -5 -24 -5 -23 -5 -21 -7 -21 -8 -22 -8 0 0 0 0 0 0 0 0 0 0 0 0 0 0 0 0 0 0 0 0 0 0 -15 24 -16 22 -15 23 -15 23 -15 23 -15 24 -14 24 -12 25 -12 26 -12 25 -11 25 -11 26 -10 26 -10 26 -9 26 -7 26 -6 25 -4 25 -2 23 0 24 0 23 2 22 3 21 3 21 3 20 5 20 ]
CSI_DATA,STA,E4:D1:24:F0:BE:00,-68,10,0,0,0,0,0,0,0,0,0,-97,0,5,0,54497457,0,399,0,0,54.8897,128,[-113 -15 24 0 6 -27 6 -26 7 -26 6 -27 6 -26 7 -27 7 -27 6 -26 8 -27 9 -26 8 -25 9 -26 9 -25 9 -25 9 -24 10 -24 10 -23 10 -24 10 -23 10 -22 10 -21 9 -20 10 -20 10 -19 10 -16 0 0 0 0 0 0 0 0 0 0 0 0 0 0 0 0 0 0 0 0 0 0 15 -15 15 -14 15 -14 14 -14 14 -14 12 -14 13 -14 13 -16 12 -16 12 -16 10 -15 10 -16 10 -17 10 -17 10 -17 10 -17 8 -17 9 -19 7 -18 6 -18 6 -19 6 -19 6 -20 6 -21 5 -22 6 -24 ]
CSI_DATA,STA,E4:D1:24:F0:BE:00,-67,10,0,0,0,0,0,0,0,0,0,-97,0,5,0,54599859,0,399,0,0,54.992,128,[-113 -15 24 0 10 -25 10 -24 10 -24 8 -22 9 -23 9 -23 9 -22 9 -22 8 -22 9 -22 10 -21 10 -20 10 -19 11 -18 10 -17 11 -16 11 -16 10 -16 10 -15 9 -15 10 -14 9 -13 9 -12 10 -11 8 -8 0 0 0 0 0 0 0 0 0 0 0 0 0 0 0 0 0 0 0 0 0 0 18 -21 17 -20 18 -19 18 -19 18 -18 18 -18 18 -18 17 -18 18 -18 18 -17 17 -16 17 -17 17 -18 16 -18 15 -16 15 -17 15 -17 15 -18 14 -17 14 -17 13 -20 13 -19 11 -19 12 -20 12 -22 11 -23 ]
CSI_DATA,STA,E4:D1:24:F0:BE:00,-65,10,0,0,0,0,0,0,0,0,0,-97,0,5,0,54702261,0,399,0,0,55.0945,128,[-113 -15 24 0 -28 5 -28 6 -26 7 -27 7 -27 8 -26 8 -25 8 -25 9 -25 9 -25 9 -24 8 -24 8 -24 7 -23 8 -22 6 -21 7 -22 6 -21 5 -21 5 -20 5 -20 4 -20 3 -19 3 -18 2 -19 1 0 0 0 0 0 0 0 0 0 0 0 0 0 0 0 0 0 0 0 0 0 0 -18 2 -18 1 -18 1 -18 0 -18 0 -18 -1 -18 -1 -18 -2 -17 -2 -17 -2 -17 -2 -18 -2 -17 -3 -17 -3 -17 -3 -18 -3 -19 -3 -18 -3 -19 -2 -20 -2 -20 -1 -21 -1 -23 0 -22 0 -24 1 -25 2 ]
CSI_DATA,STA,E4:D1:24:F0:BE:00,-65,10,0,0,0,0,0,0,0,0,0,-97,0,5,0,54804663,0,399,0,0,55.197,128,[-113 -15 24 0 21 -15 22 -17 21 -17 22 -16 22 -17 23 -17 22 -17 22 -15 22 -16 22 -16 21 -15 22 -14 21 -14 20 -12 20 -11 19 -11 19 -11 18 -11 18 -10 18 -10 17 -9 17 -9 17 -8 17 -8 16 -6 0 0 0 0 0 0 0 0 0 0 0 0 0 0 0 0 0 0 0 0 0 0 14 -4 14 -2 14 -2 14 -1 14 -1 14 -1 13 -1 13 -1 13 0 13 0 13 -1 13 0 13 1 13 0 14 -1 13 -1 13 -1 14 -2 14 -3 14 -3 15 -5 16 -6 16 -8 17 -9 18 -11 19 -13 ]
CSI_DATA,STA,E4:D1:24:F0:BE:00,-70,10,0,0,0,0,0,0,0,0,0,-97,0,5,0,54907064,0,399,0,0,55.2994,128,[-113 -15 24 0 -18 12 -17 14 -18 15 -18 19 -18 20 -20 22 -20 23 -20 23 -20 25 -20 24 -21 24 -20 24 -20 23 -21 23 -20 22 -20 22 -20 21 -20 20 -19 19 -19 19 -18 17 -18 17 -16 16 -16 14 -18 13 0 0 0 0 0 0 0 0 0 0 0 0 0 0 0 0 0 0 0 0 0 0 -17 6 -17 5 -17 5 -16 5 -16 3 -15 3 -16 2 -16 1 -15 1 -15 1 -14 0 -15 -1 -14 -2 -14 -3 -14 -4 -13 -3 -15 -3 -14 -5 -13 -5 -13 -3 -14 -3 -14 -3 -14 -1 -15 -1 -16 1 -14 5 ]
CSI_DATA,STA,E4:D1:24:F0:BE:00,-65,10,0,0,0,0,0,0,0,0,0,-97,0,5,0,55009466,0,399,0,0,55.4018,128,[-113 -15 24 0 5 -31 2 -31 2 -31 0 -33 -3 -32 -3 -33 -3 -34 -4 -33 -4 -34 -4 -33 -4 -33 -4 -33 -5 -32 -3 -31 -2 -30 -3 -29 -1 -29 -2 -28 0 -27 0 -27 1 -25 2 -24 3 -22 4 -21 3 -20 0 0 0 0 0 0 0 0 0 0 0 0 0 0 0 0 0 0 0 0 0 0 -4 -20 -2 -19 -1 -19 0 -20 1 -19 2 -18 1 -18 2 -19 3 -18 3 -18 4 -17 6 -18 6 -17 7 -19 8 -19 8 -19 9 -19 10 -20 9 -19 10 -20 11 -22 11 -23 10 -23 12 -25 10 -25 11 -29 ]
CSI_DATA,STA,E4:D1:24:F0:BE:00,-64,10,0,0,0,0,0,0,0,0,0,-97,0,5,0,55111868,0,399,0,0,55.5042,128,[-113 -15 24 0 26 -14 25 -16 24 -15 24 -16 24 -16 23 -17 23 -18 22 -18 22 -18 21 -17 21 -18 21 -17 20 -17 20 -16 19 -16 19 -16 19 -15 19 -16 19 -14 18 -14 18 -14 18 -12 17 -11 18 -10 17 -8 0 0 0 0 0 0 0 0 0 0 0 0 0 0 0 0 0 0 0 0 0 0 18 -14 18 -13 18 -12 18 -11 18 -10 18 -10 17 -10 18 -9 18 -9 17 -9 17 -8 18 -9 18 -8 18 -7 18 -8 19 -8 18 -8 19 -8 20 -8 20 -8 21 -8 22 -9 23 -9 23 -9 24 -11 25 -11 ]
CSI_DATA,STA,E4:D1:24:F0:BE:00,-65,10,0,0,0,0,0,0,0,0,0,-97,0,5,0,55214270,0,399,0,0,55.6065,128,[-113 -15 24 0 -28 14 -27 13 -27 12 -26 11 -25 11 -25 11 -25 10 -24 11 -24 9 -23 8 -23 7 -22 6 -23 6 -22 5 -20 4 -20 4 -20 4 -20 2 -20 1 -19 1 -18 0 -18 0 -17 -1 -16 -1 -17 -2 0 0 0 0 0 0 0 0 0 0 0 0 0 0 0 0 0 0 0 0 0 0 -28 3 -28 1 -28 1 -26 0 -27 0 -27 0 -26 1 -26 2 -27 2 -27 2 -25 2 -26 4 -26 3 -26 4 -27 4 -27 6 -26 5 -27 6 -27 6 -27 7 -27 8 -27 9 -28 10 -27 11 -27 12 -29 12 ]
CSI_DATA,STA,E4:D1:24:F0:BE:00,-65,10,0,0,0,0,0,0,0,0,0,-97,0,5,0,55316672,0,399,0,0,55.7089,128,[-113 -15 24 0 -26 14 -25 15 -24 15 -24 16 -23 15 -23 14 -23 14 -22 13 -23 12 -21 12 -21 12 -20 11 -20 9 -19 8 -19 7 -18 7 -18 6 -17 5 -16 4 -16 4 -15 3 -14 2 -13 2 -12 2 -13 0 0 0 0 0 0 0 0 0 0 0 0 0 0 0 0 0 0 0 0 0 0 0 -24 8 -24 6 -23 5 -24 5 -24 5 -24 5 -24 4 -24 4 -25 4 -25 4 -25 4 -25 4 -25 3 -26 2 -26 2 -26 2 -25 4 -26 3 -25 4 -26 4 -26 6 -26 6 -25 8 -26 9 -27 10 -26 12 ]
CSI_DATA,STA,E4:D1:24:F0:BE:00,-65,10,0,0,0,0,0,0,0,0,0,-97,0,5,0,55419074,0,399,0,0,55.8114,128,[-113 -15 24 0 5 27 6 26 7 25 8 24 9 24 9 24 9 23 9 23 8 23 8 22 8 21 8 21 7 20 6 20 5 19 5 19 4 17 4 17 4 16 3 16 2 15 2 14 2 13 1 13 -1 12 0 0 0 0 0 0 0 0 0 0 0 0 0 0 0 0 0 0 0 0 0 0 5 20 4 20 2 20 2 19 1 20 1 20 0 19 0 20 0 20 -1 19 -1 19 -3 20 -3 21 -2 21 -2 21 -3 22 -3 21 -3 23 -3 22 -3 23 -1 24 -1 25 -1 25 0 25 2 27 3 27 ]
CSI_DATA,STA,E4:D1:24:F0:BE:00,-64,10,0,0,0,0,0,0,0,0,0,-97,0,5,0,55419901,0,64,0,0,55.8398,128,[64 0 4 0 -17 -23 -18 -23 -17 -20 -19 -20 -19 -20 -19 -19 -18 -19 -19 -19 -17 -17 -17 -19 -18 -18 -17 -17 -17 -16 -14 -16 -13 -17 -13 -15 -13 -15 -11 -16 -10 -15 -10 -14 -9 -13 -9 -12 -7 -11 -6 -14 -4 -11 0 0 0 0 0 0 0 0 0 0 0 0 0 0 0 0 0 0 0 0 0 0 -14 -17 -12 -18 -10 -18 -10 -19 -9 -19 -9 -19 -8 -19 -9 -20 -8 -19 -8 -19 -8 -20 -7 -20 -8 -19 -7 -22 -6 -22 -7 -22 -8 -22 -8 -22 -7 -23 -6 -23 -8 -24 -9 -24 -11 -23 -12 -25 -13 -24 -14 -26 ]
CSI_DATA,STA,E4:D1:24:F0:BE:00,-65,10,0,0,0,0,0,0,0,0,0,-97,0,5,0,55521476,0,399,0,0,55.9138,128,[-113 -15 24 0 20 -25 18 -25 17 -25 15 -26 14 -26 13 -28 13 -27 13 -28 13 -27 12 -27 12 -26 12 -26 12 -25 12 -25 12 -23 12 -22 12 -21 13 -21 12 -19 12 -19 13 -17 13 -16 12 -15 14 -14 13 -13 0 0 0 0 0 0 0 0 0 0 0 0 0 0 0 0 0 0 0 0 0 0 11 -18 12 -16 13 -16 14 -15 14 -14 14 -14 15 -13 15 -13 16 -13 16 -13 16 -12 17 -12 18 -12 18 -12 19 -12 19 -12 21 -12 20 -14 21 -13 21 -14 22 -15 23 -15 22 -17 23 -17 23 -19 24 -20 ]
CSI_DATA,STA,E4:D1:24:F0:BE:00,-66,10,0,0,0,0,0,0,0,0,0,-97,0,5,0,55623877,0,399,0,0,56.0161,128,[-113 -15 24 0 12 -25 10 -25 8 -27 8 -26 6 -29 6 -28 4 -29 4 -30 4 -30 4 -29 3 -29 3 -29 4 -29 4 -28 4 -26 5 -27 6 -26 6 -25 6 -24 6 -22 6 -22 7 -20 7 -19 7 -18 6 -16 0 0 0 0 0 0 0 0 0 0 0 0 0 0 0 0 0 0 0 0 0 0 4 -23 6 -21 7 -21 8 -20 9 -19 9 -18 10 -18 11 -17 12 -18 12 -17 12 -16 13 -16 15 -15 14 -15 16 -16 17 -16 16 -15 18 -16 18 -16 19 -16 19 -16 20 -17 19 -17 18 -18 18 -20 17 -21 ]
CSI_DATA,STA,E4:D1:24:F0:BE:00,-66,10,0,0,0,0,0,0,0,0,0,-97,0,5,0,55726279,0,399,0,0,56.1186,128,[-113 -15 24 0 23 -13 23 -15 23 -16 23 -17 23 -17 24 -18 24 -18 23 -18 24 -19 24 -19 24 -18 23 -17 22 -17 23 -16 22 -16 23 -14 22 -13 22 -14 22 -12 21 -11 20 -10 20 -9 19 -9 19 -8 18 -6 0 0 0 0 0 0 0 0 0 0 0 0 0 0 0 0 0 0 0 0 0 0 17 -7 17 -5 17 -4 16 -4 17 -3 16 -4 16 -3 15 -3 16 -3 16 -3 16 -3 16 -2 16 -3 17 -2 16 -2 18 -2 18 -3 18 -3 18 -3 18 -2 18 -4 19 -5 19 -4 20 -6 21 -7 22 -8 ]
CSI_DATA,STA,E4:D1:24:F0:BE:00,-70,10,0,0,0,0,0,0,0,0,0,-97,0,5,0,55828681,0,399,0,0,56.221,128,[-113 -15 24 0 -14 -13 -14 -13 -16 -13 -17 -13 -19 -13 -21 -14 -22 -15 -23 -14 -24 -15 -25 -14 -25 -16 -26 -15 -26 -15 -24 -16 -24 -16 -24 -15 -24 -17 -22 -16 -22 -16 -20 -15 -21 -15 -19 -15 -18 -14 -15 -15 -16 -13 0 0 0 0 0 0 0 0 0 0 0 0 0 0 0 0 0 0 0 0 0 0 -14 -19 -12 -18 -12 -18 -12 -17 -12 -16 -11 -15 -12 -15 -12 -14 -11 -14 -12 -14 -12 -14 -10 -14 -10 -13 -11 -13 -11 -14 -10 -15 -8 -15 -8 -14 -8 -14 -7 -14 -6 -13 -5 -13 -6 -13 -6 -13 -7 -13 -8 -13 ]
CSI_DATA,STA,E4:D1:24:F0:BE:00,-69,10,0,0,0,0,0,0,0,0,0,-97,0,5,0,55931084,0,399,0,0,56.3233,128,[-113 -15 24 0 -15 19 -15 20 -14 20 -14 20 -16 22 -16 22 -18 20 -18 23 -17 23 -19 20 -19 22 -19 21 -19 19 -19 19 -19 18 -20 17 -18 17 -20 16 -19 15 -18 14 -18 13 -17 12 -17 12 -16 11 -17 9 0 0 0 0 0 0 0 0 0 0 0 0 0 0 0 0 0 0 0 0 0 0 -26 8 -25 7 -23 6 -22 7 -23 7 -21 8 -21 8 -21 9 -21 8 -21 9 -20 9 -21 10 -20 10 -20 11 -20 10 -20 11 -20 11 -18 11 -18 10 -18 11 -17 10 -17 12 -16 12 -16 13 -15 14 -15 16 ]
CSI_DATA,STA,E4:D1:24:F0:BE:00,-70,10,0,0,0,0,0,0,0,0,0,-97,0,5,0,56033486,0,399,0,0,56.4257,128,[-113 -15 24 0 8 14 9 14 10 15 11 15 11 18 12 18 11 20 13 22 13 22 11 22 11 23 11 23 10 23 9 24 7 23 7 23 6 23 5 23 5 22 3 21 4 20 4 19 3 18 2 17 -1 18 0 0 0 0 0 0 0 0 0 0 0 0 0 0 0 0 0 0 0 0 0 0 -17 27 -16 27 -17 25 -17 25 -15 24 -13 25 -14 25 -13 25 -13 24 -11 24 -10 23 -9 22 -10 23 -9 23 -8 22 -8 21 -8 21 -7 19 -6 17 -6 16 -4 16 -2 15 -1 14 1 13 2 14 2 15 ]
CSI_DATA,STA,E4:D1:24:F0:BE:00,-73,10,0,0,0,0,0,0,0,0,0,-97,0,5,0,56135888,0,399,0,0,56.5281,128,[-113 -15 24 0 -7 1 -9 3 -7 5 -9 7 -8 10 -9 10 -8 12 -10 15 -10 18 -11 20 -11 20 -12 20 -13 23 -14 22 -16 23 -15 23 -16 24 -15 24 -15 21 -16 19 -15 18 -15 17 -16 15 -14 13 -18 14 0 0 0 0 0 0 0 0 0 0 0 0 0 0 0 0 0 0 0 0 0 0 -34 21 -33 19 -32 19 -31 19 -30 20 -28 20 -28 20 -26 21 -25 21 -22 20 -21 20 -21 18 -21 18 -19 19 -19 17 -19 15 -16 13 -14 14 -13 10 -14 8 -12 5 -9 3 -10 4 -11 3 -9 1 -7 1 ]
CSI_DATA,STA,E4:D1:24:F0:BE:00,-69,10,0,0,0,0,0,0,0,0,0,-97,0,5,0,56238290,0,399,0,0,56.6306,128,[-113 -15 24 0 11 -17 10 -17 10 -18 10 -17 10 -16 11 -16 11 -15 11 -15 12 -13 12 -13 13 -10 12 -10 12 -8 13 -7 12 -7 12 -6 11 -5 11 -4 9 -4 9 -3 9 -2 9 -1 7 -1 7 -1 4 -1 0 0 0 0 0 0 0 0 0 0 0 0 0 0 0 0 0 0 0 0 0 0 28 -12 29 -10 28 -9 28 -9 28 -8 28 -8 27 -8 27 -9 27 -8 25 -8 25 -8 25 -8 25 -9 24 -9 24 -9 23 -10 20 -11 21 -10 20 -11 19 -11 17 -11 17 -13 15 -14 14 -15 14 -16 13 -17 ]
CSI_DATA,STA,E4:D1:24:F0:BE:00,-73,10,0,0,0,0,0,0,0,0,0,-97,0,5,0,56340692,0,399,0,0,56.733,128,[-113 -15 24 0 6 9 10 8 10 9 10 10 13 12 11 14 14 14 12 14 15 16 15 18 12 16 14 17 11 16 11 17 12 18 11 17 9 16 9 15 8 14 7 14 6 12 5 10 7 9 6 8 1 8 0 0 0 0 0 0 0 0 0 0 0 0 0 0 0 0 0 0 0 0 0 0 0 40 0 40 -3 37 -2 37 0 34 -1 34 -1 34 1 34 0 32 1 31 2 30 2 28 2 28 3 27 -1 25 1 24 1 23 2 21 1 19 -1 18 2 17 2 15 2 12 3 12 4 12 5 12 ]
CSI_DATA,STA,E4:D1:24:F0:BE:00,-73,10,0,0,0,0,0,0,0,0,0,-97,0,5,0,56443093,0,399,0,0,56.8354,128,[-113 -15 24 0 3 18 2 17 4 19 7 22 5 21 7 24 8 28 8 28 10 30 10 31 7 30 9 32 8 32 6 32 8 32 6 31 6 29 5 32 4 29 5 28 4 26 3 25 4 24 2 23 -4 22 0 0 0 0 0 0 0 0 0 0 0 0 0 0 0 0 0 0 0 0 0 0 -18 20 -17 20 -14 17 -14 18 -12 18 -10 18 -10 18 -8 17 -6 17 -6 15 -4 16 -4 15 -4 14 -3 13 -1 14 -3 13 -1 11 1 9 -1 10 2 10 1 9 2 9 -1 7 0 9 -1 9 2 12 ]
CSI_DATA,STA,E4:D1:24:F0:BE:00,-73,10,0,0,0,0,0,0,0,0,0,-97,0,5,0,56443839,0,64,0,0,56.8646,128,[64 0 4 0 11 2 14 -2 17 -2 20 -4 20 -1 23 -5 23 -6 26 -3 29 -5 28 -3 29 -8 29 -6 33 -6 31 -6 30 -5 31 -7 32 -3 28 -6 32 -5 28 -5 26 -7 27 0 26 -6 25 -3 9 11 0 0 0 0 0 0 0 0 0 0 0 0 0 0 0 0 0 0 0 0 0 0 10 27 9 25 8 20 9 21 11 18 11 17 13 14 15 12 14 13 12 12 14 10 14 8 13 7 13 5 14 5 10 6 10 1 9 0 11 2 7 -1 6 -3 10 0 9 -1 7 -2 7 0 10 -1 ]
CSI_DATA,STA,E4:D1:24:F0:BE:00,-68,10,0,0,0,0,0,0,0,0,0,-97,0,5,0,56545495,0,399,0,0,56.9378,128,[-113 -15 24 0 -22 -25 -22 -24 -22 -23 -22 -24 -22 -23 -22 -25 -20 -24 -20 -25 -19 -25 -18 -24 -18 -25 -16 -25 -13 -23 -13 -24 -11 -22 -11 -23 -9 -22 -7 -22 -6 -20 -6 -19 -5 -19 -3 -18 -2 -17 -1 -15 -2 -14 0 0 0 0 0 0 0 0 0 0 0 0 0 0 0 0 0 0 0 0 0 0 2 -23 2 -22 2 -22 1 -21 2 -22 1 -22 -1 -21 -1 -21 -1 -21 -2 -22 -2 -21 -2 -21 -3 -20 -4 -21 -4 -22 -5 -22 -5 -20 -6 -20 -7 -21 -9 -20 -11 -20 -11 -21 -13 -21 -14 -21 -17 -22 -19 -22 ]
CSI_DATA,STA,E4:D1:24:F0:BE:00,-67,10,0,0,0,0,0,0,0,0,0,-97,0,5,0,56647897,0,399,0,0,57.0402,128,[-113 -15 24 0 -9 21 -9 22 -8 23 -7 24 -7 25 -8 27 -7 27 -7 28 -7 29 -6 29 -8 29 -7 30 -8 30 -8 28 -8 27 -9 26 -9 26 -9 25 -9 24 -9 23 -9 22 -9 21 -9 19 -9 19 -11 17 0 0 0 0 0 0 0 0 0 0 0 0 0 0 0 0 0 0 0 0 0 0 -7 9 -7 9 -7 9 -6 8 -6 9 -7 9 -7 8 -6 9 -7 9 -7 9 -7 8 -7 8 -6 8 -8 9 -8 9 -8 8 -9 8 -8 8 -8 9 -9 8 -10 9 -10 10 -10 9 -9 12 -11 14 -10 15 ]
CSI_DATA,STA,E4:D1:24:F0:BE:00,-66,10,0,0,0,0,0,0,0,0,0,-97,0,5,0,56750299,0,399,0,0,57.1425,128,[-113 -15 24 0 23 -25 23 -28 24 -28 24 -28 24 -30 24 -29 25 -30 24 -30 23 -30 24 -30 24 -28 24 -28 23 -25 23 -25 23 -24 22 -22 23 -22 22 -20 21 -18 20 -17 20 -15 18 -14 18 -12 18 -11 16 -10 0 0 0 0 0 0 0 0 0 0 0 0 0 0 0 0 0 0 0 0 0 0 17 -2 17 -2 15 -1 15 0 14 -1 14 -2 14 -3 13 -3 12 -3 13 -2 12 -4 12 -4 13 -4 13 -5 13 -6 13 -6 14 -7 14 -8 15 -9 16 -10 16 -11 17 -13 17 -13 19 -16 21 -19 21 -22 ]
CSI_DATA,STA,E4:D1:24:F0:BE:00,-67,10,0,0,0,0,0,0,0,0,0,-97,0,5,0,56852700,0,399,0,0,57.2449,128,[-113 -15 24 0 -29 -1 -30 0 -32 1 -33 3 -34 2 -34 4 -35 5 -35 6 -35 6 -35 6 -37 6 -36 6 -35 6 -35 5 -33 4 -33 4 -32 2 -31 2 -30 1 -29 -1 -27 -1 -26 -2 -24 -3 -23 -3 -22 -5 0 0 0 0 0 0 0 0 0 0 0 0 0 0 0 0 0 0 0 0 0 0 -8 4 -7 3 -6 3 -6 3 -6 3 -5 3 -5 4 -5 3 -6 3 -5 2 -6 3 -6 2 -5 1 -6 1 -6 -1 -7 -1 -9 -1 -9 -1 -10 -3 -11 -4 -13 -3 -14 -5 -17 -5 -18 -5 -22 -5 -23 -5 ]
CSI_DATA,STA,E4:D1:24:F0:BE:00,-69,10,0,0,0,0,0,0,0,0,0,-97,0,5,0,56955102,0,399,0,0,57.3474,128,[-113 -15 24 0 -11 24 -11 27 -10 29 -9 31 -10 32 -10 34 -8 35 -9 37 -8 36 -8 37 -7 39 -8 38 -8 36 -9 36 -9 34 -9 34 -10 33 -11 31 -11 29 -11 28 -9 25 -11 24 -10 23 -10 21 -12 17 0 0 0 0 0 0 0 0 0 0 0 0 0 0 0 0 0 0 0 0 0 0 -5 13 -4 12 -4 10 -4 10 -3 9 -3 8 -2 8 -3 8 -3 7 -2 7 -3 7 -3 6 -4 7 -3 5 -4 5 -5 6 -6 6 -7 5 -7 5 -8 6 -8 7 -10 7 -10 9 -11 11 -11 15 -12 17 ]
CSI_DATA,STA,E4:D1:24:F0:BE:00,-66,10,0,0,0,0,0,0,0,0,0,-97,0,5,0,57057503,0,399,0,0,57.4498,128,[-113 -15 24 0 -25 -17 -26 -16 -26 -14 -28 -14 -29 -13 -31 -12 -31 -11 -32 -11 -33 -11 -33 -10 -33 -11 -33 -10 -33 -10 -31 -10 -31 -11 -30 -11 -30 -11 -29 -11 -27 -12 -26 -12 -25 -12 -24 -12 -22 -13 -20 -12 -19 -15 0 0 0 0 0 0 0 0 0 0 0 0 0 0 0 0 0 0 0 0 0 0 -12 3 -11 2 -11 1 -10 1 -9 1 -8 0 -7 0 -7 0 -7 -1 -6 -1 -6 -2 -6 -2 -6 -2 -5 -3 -5 -5 -5 -6 -7 -7 -6 -8 -7 -8 -9 -10 -8 -11 -10 -12 -12 -14 -13 -15 -15 -16 -16 -17 ]
CSI_DATA,STA,E4:D1:24:F0:BE:00,-67,10,0,0,0,0,0,0,0,0,0,-97,0,5,0,57159905,0,399,0,0,57.5522,128,[-113 -15 24 0 -15 27 -16 29 -15 28 -14 31 -14 32 -15 33 -14 33 -14 35 -13 35 -13 35 -13 35 -13 35 -13 35 -13 33 -12 31 -12 30 -13 30 -13 29 -13 28 -12 27 -12 25 -11 24 -13 24 -12 22 -14 19 0 0 0 0 0 0 0 0 0 0 0 0 0 0 0 0 0 0 0 0 0 0 -1 9 -1 8 -1 7 0 7 -1 6 0 6 0 6 -1 4 0 4 1 4 0 4 0 4 -1 4 0 4 -2 4 -2 4 -3 5 -4 6 -5 7 -5 8 -8 8 -9 9 -10 11 -10 14 -11 16 -13 18 ]
CSI_DATA,STA,E4:D1:24:F0:BE:00,-70,10,0,0,0,0,0,0,0,0,0,-97,0,5,0,57262307,0,399,0,0,57.6547,128,[-113 -15 24 0 -5 16 -2 19 -1 21 2 23 3 27 4 28 5 29 4 31 6 32 4 35 6 33 4 34 3 35 3 35 1 35 0 35 -1 34 -3 34 -4 33 -4 30 -6 30 -8 28 -9 26 -9 26 -11 22 0 0 0 0 0 0 0 0 0 0 0 0 0 0 0 0 0 0 0 0 0 0 8 -20 7 -19 8 -18 6 -18 7 -16 5 -16 4 -15 2 -15 3 -15 2 -16 2 -16 -1 -16 -2 -15 -1 -14 -3 -15 -4 -14 -4 -13 -4 -13 -6 -10 -7 -8 -8 -7 -7 -3 -8 -1 -6 1 -7 4 -5 9 ]
CSI_DATA,STA,E4:D1:24:F0:BE:00,-73,10,0,0,0,0,0,0,0,0,0,-97,0,5,0,57364709,0,399,0,0,57.757,128,[-113 -15 24 0 10 -8 13 -8 16 -7 18 -7 20 -8 21 -8 25 -6 24 -6 28 -6 29 -6 28 -7 30 -6 29 -6 31 -5 27 -6 29 -4 27 -4 28 -4 27 -4 25 -2 24 -1 23 -2 22 -2 21 0 18 -1 0 0 0 0 0 0 0 0 0 0 0 0 0 0 0 0 0 0 0 0 0 0 29 -1 27 -1 26 -1 24 -1 23 0 23 -2 21 -4 20 -5 19 -4 17 -4 15 -5 15 -8 14 -7 12 -8 11 -9 12 -7 7 -10 7 -8 5 -9 5 -9 3 -9 3 -8 2 -7 4 -7 3 -6 5 -6 ]
CSI_DATA,STA,E4:D1:24:F0:BE:00,-67,10,0,0,0,0,0,0,0,0,0,-97,0,5,0,57467111,0,399,0,0,57.8594,128,[-113 -15 24 0 -20 -20 -22 -20 -23 -21 -26 -21 -26 -21 -28 -22 -28 -22 -29 -21 -29 -23 -30 -23 -30 -23 -31 -23 -29 -21 -27 -21 -27 -20 -26 -21 -26 -21 -25 -21 -23 -20 -22 -21 -22 -21 -20 -20 -19 -19 -18 -19 -16 -22 0 0 0 0 0 0 0 0 0 0 0 0 0 0 0 0 0 0 0 0 0 0 -6 -1 -6 -1 -5 -1 -4 -1 -4 -1 -4 0 -3 0 -2 0 -2 0 -2 -1 -2 0 -2 0 -2 -1 -2 -2 -1 -2 -1 -2 -1 -4 -1 -5 -1 -6 -3 -7 -3 -9 -5 -10 -6 -11 -8 -13 -11 -16 -13 -17 ]
CSI_DATA,STA,E4:D1:24:F0:BE:00,-67,10,0,0,0,0,0,0,0,0,0,-97,0,5,0,57467794,0,64,0,0,57.8954,128,[64 0 4 0 -10 -25 -12 -25 -14 -27 -16 -29 -15 -29 -16 -31 -18 -31 -18 -30 -18 -30 -21 -30 -21 -29 -21 -30 -18 -30 -18 -30 -16 -29 -16 -29 -15 -29 -14 -30 -12 -28 -13 -27 -12 -28 -10 -25 -9 -26 -5 -23 -5 -32 0 0 0 0 0 0 0 0 0 0 0 0 0 0 0 0 0 0 0 0 0 0 -6 -1 -5 -1 -5 -1 -4 -1 -4 -1 -2 0 -3 0 -1 0 -1 -1 -2 0 -1 1 0 -2 1 0 1 0 1 -2 1 -2 2 -3 1 -5 2 -5 1 -5 3 -8 1 -10 0 -11 -2 -14 -4 -17 -3 -19 ]
CSI_DATA,STA,E4:D1:24:F0:BE:00,-66,10,0,0,0,0,0,0,0,0,0,-97,0,5,0,57569513,0,399,0,0,57.9617,128,[-113 -15 24 0 -11 26 -12 27 -9 29 -9 31 -8 32 -7 33 -6 35 -7 35 -7 37 -8 36 -7 36 -9 36 -9 34 -9 34 -10 32 -11 32 -11 31 -12 30 -13 29 -13 27 -14 25 -14 24 -15 22 -16 21 -16 17 0 0 0 0 0 0 0 0 0 0 0 0 0 0 0 0 0 0 0 0 0 0 -1 5 -2 4 -1 3 -2 3 -3 3 -2 2 -4 2 -4 2 -4 2 -5 1 -4 1 -6 2 -7 2 -8 2 -9 3 -9 3 -10 4 -11 5 -12 6 -13 7 -13 8 -14 10 -14 11 -15 13 -16 16 -15 20 ]
CSI_DATA,STA,E4:D1:24:F0:BE:00,-69,10,0,0,0,0,0,0,0,0,0,-97,0,5,0,57671915,0,399,0,0,58.0642,128,[-113 -15 24 0 19 -17 18 -18 16 -20 14 -23 13 -23 12 -25 10 -26 11 -27 10 -29 10 -30 9 -30 11 -30 10 -30 11 -30 11 -29 12 -28 14 -27 15 -27 15 -25 16 -23 16 -22 16 -20 16 -18 17 -15 17 -14 0 0 0 0 0 0 0 0 0 0 0 0 0 0 0 0 0 0 0 0 0 0 -7 -13 -5 -11 -4 -11 -3 -10 -2 -10 -1 -9 0 -9 1 -9 1 -6 2 -7 4 -5 5 -6 5 -6 7 -5 7 -5 9 -4 10 -4 11 -4 12 -4 15 -4 15 -4 17 -6 17 -5 19 -7 20 -9 21 -11 ]
CSI_DATA,STA,E4:D1:24:F0:BE:00,-64,10,0,0,0,0,0,0,0,0,0,-97,0,5,0,57774316,0,399,0,0,58.1666,128,[-113 -15 24 0 24 -11 23 -13 22 -14 22 -14 21 -16 21 -16 20 -16 20 -18 20 -18 20 -17 19 -17 18 -16 18 -16 18 -15 18 -14 18 -13 17 -12 17 -11 17 -10 16 -8 16 -7 14 -6 14 -5 13 -4 13 -3 0 0 0 0 0 0 0 0 0 0 0 0 0 0 0 0 0 0 0 0 0 0 8 -13 9 -11 10 -10 11 -9 11 -9 12 -8 13 -8 13 -7 14 -6 14 -6 14 -5 15 -4 15 -4 17 -4 18 -3 18 -3 18 -3 20 -3 20 -3 21 -3 22 -3 24 -4 24 -4 24 -5 25 -7 27 -8 ]
CSI_DATA,STA,E4:D1:24:F0:BE:00,-68,10,0,0,0,0,0,0,0,0,0,-97,0,5,0,57876718,0,399,0,0,58.269,128,[-113 -15 24 0 -15 24 -10 25 -8 25 -5 24 -2 26 0 25 2 26 3 27 4 28 6 28 7 29 7 28 7 29 6 29 5 28 4 28 4 28 3 28 2 28 1 25 -1 25 -1 23 -4 22 -5 20 -6 18 0 0 0 0 0 0 0 0 0 0 0 0 0 0 0 0 0 0 0 0 0 0 8 12 6 13 4 13 3 13 1 14 -1 14 -3 14 -4 16 -7 16 -8 16 -11 15 -12 16 -14 16 -15 16 -17 17 -19 18 -20 18 -21 18 -23 18 -24 19 -24 20 -25 21 -26 21 -25 22 -25 23 -24 25 ]
CSI_DATA,STA,E4:D1:24:F0:BE:00,-67,10,0,0,0,0,0,0,0,0,0,-97,0,5,0,57979120,0,399,0,0,58.3714,128,[-113 -15 24 0 -6 -28 -8 -25 -11 -23 -13 -21 -15 -20 -18 -20 -19 -18 -22 -18 -23 -18 -25 -16 -25 -16 -26 -17 -25 -16 -25 -16 -25 -15 -24 -17 -23 -17 -22 -18 -21 -18 -21 -18 -19 -18 -18 -18 -16 -18 -14 -19 -10 -19 0 0 0 0 0 0 0 0 0 0 0 0 0 0 0 0 0 0 0 0 0 0 -16 -8 -14 -9 -12 -10 -12 -12 -10 -13 -9 -14 -8 -15 -7 -17 -5 -18 -4 -19 -3 -19 0 -21 0 -22 2 -22 2 -24 4 -24 5 -25 5 -27 6 -27 7 -28 7 -29 7 -30 6 -30 5 -31 5 -32 3 -32 ]
CSI_DATA,STA,E4:D1:24:F0:BE:00,-71,10,0,0,0,0,0,0,0,0,0,-97,0,5,0,58081522,0,399,0,0,58.4738,128,[-113 -15 24 0 20 -3 20 -7 20 -10 24 -11 24 -15 27 -16 27 -18 27 -20 29 -22 30 -21 31 -23 30 -23 29 -22 30 -21 29 -21 31 -19 28 -18 27 -16 27 -17 23 -15 24 -14 23 -12 19 -11 20 -8 18 -9 0 0 0 0 0 0 0 0 0 0 0 0 0 0 0 0 0 0 0 0 0 0 23 -13 22 -11 23 -10 21 -7 21 -6 19 -6 20 -4 18 -3 18 -1 15 0 15 1 13 3 13 6 13 6 10 6 9 7 9 8 9 11 9 10 9 11 9 11 9 12 11 12 11 11 13 9 14 7 ]
CSI_DATA,STA,E4:D1:24:F0:BE:00,-70,10,0,0,0,0,0,0,0,0,0,-97,0,5,0,58183924,0,399,0,0,58.5763,128,[-113 -15 24 0 -9 19 -6 19 -2 19 1 20 5 21 7 23 8 23 9 25 10 25 11 26 13 26 12 27 11 26 11 26 9 26 10 26 9 26 8 25 6 23 6 24 6 22 5 21 3 20 2 18 1 15 0 0 0 0 0 0 0 0 0 0 0 0 0 0 0 0 0 0 0 0 0 0 7 18 4 17 2 17 0 17 -2 16 -4 15 -5 15 -7 15 -9 15 -9 13 -10 15 -12 13 -15 13 -15 12 -18 11 -18 11 -20 11 -21 11 -21 11 -23 11 -21 12 -22 12 -20 14 -21 13 -19 15 -19 16 ]
CSI_DATA,STA,E4:D1:24:F0:BE:00,-69,10,0,0,0,0,0,0,0,0,0,-97,0,5,0,58286326,0,399,0,0,58.6785,128,[-113 -15 24 0 22 -11 22 -12 23 -14 25 -14 25 -16 27 -18 26 -17 26 -17 27 -17 26 -16 26 -15 27 -15 24 -13 25 -14 22 -13 24 -11 22 -10 23 -11 20 -9 18 -8 17 -7 16 -5 15 -5 13 -5 12 -5 0 0 0 0 0 0 0 0 0 0 0 0 0 0 0 0 0 0 0 0 0 0 25 5 24 7 22 7 20 7 22 8 21 8 21 9 19 8 18 8 17 9 16 8 16 9 17 8 15 9 14 9 14 9 14 8 16 8 15 7 15 7 14 6 15 4 15 3 16 1 17 0 18 -3 ]
CSI_DATA,STA,E4:D1:24:F0:BE:00,-67,10,0,0,0,0,0,0,0,0,0,-97,0,5,0,58388763,0,399,0,0,58.781,128,[-113 -15 24 0 13 19 15 18 17 18 19 18 21 19 20 19 20 18 21 18 21 18 21 18 20 20 19 19 17 20 18 20 16 16 16 20 13 17 12 17 11 16 10 15 7 15 7 13 5 12 1 11 10 12 0 0 0 0 0 0 0 0 0 0 0 0 0 0 0 0 0 0 0 0 0 0 12 20 9 20 8 20 6 18 5 20 4 19 3 20 4 19 2 18 2 21 -1 20 -1 19 -1 19 -2 18 -2 17 -2 19 -1 18 -1 19 0 17 -1 20 0 18 1 18 3 21 3 20 4 20 8 19 ]
CSI_DATA,STA,E4:D1:24:F0:BE:00,-66,10,0,0,0,0,0,0,0,0,0,-97,0,5,0,58462983,0,64,0,0,58.8547,128,[64 0 4 0 22 8 25 7 26 7 26 6 28 6 27 6 28 6 28 7 28 7 28 8 27 8 26 8 26 9 24 9 22 10 22 10 20 10 19 10 17 10 15 10 14 11 12 10 10 9 9 10 7 8 0 0 0 0 0 0 0 0 0 0 0 0 0 0 0 0 0 0 0 0 0 0 14 20 13 20 12 20 10 20 9 19 9 19 8 19 8 20 8 19 7 19 7 17 7 18 6 19 6 18 6 18 6 18 7 18 7 17 6 16 8 15 8 15 10 14 11 14 13 13 16 13 18 12 ]
CSI_DATA,STA,E4:D1:24:F0:BE:00,-70,10,0,0,0,0,0,0,0,0,0,-97,0,5,0,58491130,0,399,0,0,58.8836,128,[-113 -15 24 0 2 15 4 17 5 16 8 18 11 20 13 20 15 20 16 23 16 24 17 21 18 23 17 24 18 23 17 23 16 22 16 22 15 22 15 23 13 22 11 20 13 20 11 18 6 17 4 18 -3 9 0 0 0 0 0 0 0 0 0 0 0 0 0 0 0 0 0 0 0 0 0 0 -19 16 -19 14 -18 14 -18 13 -17 12 -17 11 -15 10 -15 12 -16 13 -14 10 -13 10 -16 10 -13 10 -14 8 -14 8 -13 9 -12 5 -13 7 -11 6 -12 6 -11 7 -11 9 -9 6 -7 8 -7 8 -5 12 ]
CSI_DATA,STA,E4:D1:24:F0:BE:00,-66,10,0,0,0,0,0,0,0,0,0,-97,0,5,0,58593531,0,399,0,0,58.9858,128,[-113 -15 24 0 16 -20 17 -22 18 -23 18 -24 18 -24 17 -24 17 -25 18 -24 18 -24 17 -24 18 -24 17 -22 17 -22 17 -21 17 -19 17 -18 18 -17 17 -16 17 -14 16 -13 15 -12 14 -10 14 -9 13 -9 13 -7 0 0 0 0 0 0 0 0 0 0 0 0 0 0 0 0 0 0 0 0 0 0 20 -8 20 -6 19 -4 18 -3 18 -3 17 -2 18 -2 18 -1 17 -1 16 -1 16 -1 16 0 16 0 17 -1 17 0 16 0 17 -1 16 -2 16 -2 17 -3 16 -3 17 -5 17 -7 18 -9 18 -11 18 -14 ]
CSI_DATA,STA,E4:D1:24:F0:BE:00,-64,10,0,0,0,0,0,0,0,0,0,-97,0,5,0,58695933,0,399,0,0,59.0882,128,[-113 -15 24 0 -14 -27 -17 -27 -16 -26 -19 -26 -19 -26 -20 -24 -19 -24 -20 -25 -19 -24 -19 -25 -19 -24 -19 -23 -17 -24 -16 -22 -15 -23 -14 -22 -12 -22 -11 -21 -10 -20 -9 -20 -8 -19 -7 -18 -6 -18 -5 -16 -2 -16 0 0 0 0 0 0 0 0 0 0 0 0 0 0 0 0 0 0 0 0 0 0 -9 -26 -6 -25 -5 -25 -4 -25 -3 -25 -3 -25 -1 -24 0 -24 1 -24 1 -24 1 -23 2 -24 2 -24 2 -24 2 -24 2 -24 2 -24 1 -25 1 -25 1 -25 -1 -25 -2 -26 -3 -26 -5 -26 -6 -27 -9 -29 ]
CSI_DATA,STA,E4:D1:24:F0:BE:00,-66,10,0,0,0,0,0,0,0,0,0,-97,0,5,0,58798335,0,399,0,0,59.1907,128,[-113 -15 24 0 -11 23 -9 23 -9 23 -8 23 -8 24 -8 25 -7 24 -8 24 -8 24 -8 23 -8 23 -9 22 -9 21 -9 20 -9 19 -9 18 -10 17 -10 16 -10 15 -10 13 -10 12 -9 11 -9 10 -9 9 -7 7 0 0 0 0 0 0 0 0 0 0 0 0 0 0 0 0 0 0 0 0 0 0 -18 18 -19 16 -19 14 -19 13 -20 12 -19 11 -19 10 -20 10 -19 9 -19 9 -18 8 -18 8 -18 8 -18 7 -18 8 -18 8 -17 8 -17 8 -17 9 -16 10 -16 11 -14 12 -15 13 -13 14 -14 16 -14 19 ]
CSI_DATA,STA,E4:D1:24:F0:BE:00,-68,10,0,0,0,0,0,0,0,0,0,-97,0,5,0,58900739,0,399,0,0,59.2931,128,[-113 -15 24 0 -22 -3 -23 -1 -24 1 -24 2 -26 3 -26 4 -26 5 -28 6 -28 6 -26 6 -27 5 -28 6 -27 5 -27 4 -25 3 -24 2 -23 3 -22 2 -20 1 -19 1 -19 0 -17 -1 -16 -1 -15 -1 -11 -2 0 0 0 0 0 0 0 0 0 0 0 0 0 0 0 0 0 0 0 0 0 0 -25 -16 -21 -17 -21 -19 -19 -19 -18 -19 -16 -18 -17 -18 -15 -19 -15 -19 -14 -18 -13 -18 -13 -18 -12 -20 -12 -20 -12 -19 -12 -20 -12 -19 -11 -19 -11 -19 -11 -18 -12 -17 -13 -17 -13 -15 -15 -14 -16 -12 -18 -12 ]
CSI_DATA,STA,E4:D1:24:F0:BE:00,-67,10,0,0,0,0,0,0,0,0,0,-97,0,5,0,59003141,0,399,0,0,59.3954,128,[-113 -15 24 0 -16 17 -15 17 -15 21 -13 22 -13 23 -12 25 -12 26 -12 26 -13 26 -13 25 -13 25 -14 26 -14 24 -15 23 -14 21 -14 22 -14 19 -14 19 -13 17 -13 16 -13 14 -13 13 -13 11 -12 9 -10 9 0 0 0 0 0 0 0 0 0 0 0 0 0 0 0 0 0 0 0 0 0 0 -19 15 -19 13 -20 11 -20 10 -20 8 -20 8 -21 7 -20 6 -20 6 -21 4 -20 4 -21 3 -22 2 -21 2 -20 2 -22 1 -21 2 -22 2 -22 1 -22 3 -22 4 -22 3 -21 5 -21 5 -21 8 -21 10 ]
CSI_DATA,STA,E4:D1:24:F0:BE:00,-68,10,0,0,0,0,0,0,0,0,0,-97,0,5,0,59105543,0,399,0,0,59.4977,128,[-113 -15 24 0 -24 -23 -24 -24 -23 -23 -24 -23 -23 -24 -22 -24 -22 -24 -22 -25 -20 -24 -19 -26 -18 -25 -18 -23 -15 -23 -12 -22 -12 -21 -11 -20 -9 -20 -8 -19 -7 -17 -5 -16 -5 -14 -6 -13 -4 -12 -5 -10 -2 -9 0 0 0 0 0 0 0 0 0 0 0 0 0 0 0 0 0 0 0 0 0 0 2 -25 2 -24 2 -23 3 -23 3 -22 3 -21 3 -22 3 -22 2 -21 2 -20 1 -19 1 -20 0 -19 0 -18 -1 -19 -2 -18 -3 -19 -4 -18 -5 -18 -6 -17 -8 -17 -10 -19 -11 -18 -14 -19 -17 -19 -18 -20 ]
CSI_DATA,STA,E4:D1:24:F0:BE:00,-67,10,0,0,0,0,0,0,0,0,0,-97,0,5,0,59207944,0,399,0,0,59.6003,128,[-113 -15 24 0 -18 -16 -20 -15 -20 -12 -22 -11 -23 -9 -24 -9 -24 -8 -25 -7 -26 -7 -26 -6 -26 -6 -26 -7 -25 -7 -24 -7 -23 -6 -22 -7 -22 -7 -21 -8 -20 -7 -19 -7 -18 -8 -17 -8 -15 -8 -15 -9 -12 -8 0 0 0 0 0 0 0 0 0 0 0 0 0 0 0 0 0 0 0 0 0 0 -21 -12 -19 -13 -17 -15 -16 -15 -15 -17 -14 -17 -14 -18 -12 -17 -11 -19 -10 -19 -10 -19 -9 -20 -9 -21 -8 -21 -7 -22 -7 -23 -6 -22 -7 -23 -8 -22 -8 -23 -8 -23 -8 -24 -8 -21 -10 -21 -12 -22 -13 -21 ]
CSI_DATA,STA,E4:D1:24:F0:BE:00,-67,10,0,0,0,0,0,0,0,0,0,-97,0,5,0,59310346,0,399,0,0,59.7027,128,[-113 -15 24 0 -21 -24 -20 -25 -22 -24 -21 -23 -23 -22 -22 -23 -22 -22 -22 -22 -20 -23 -20 -23 -20 -23 -18 -21 -16 -21 -15 -20 -13 -19 -12 -18 -10 -17 -10 -17 -8 -16 -8 -14 -7 -12 -6 -12 -6 -10 -5 -9 -4 -8 0 0 0 0 0 0 0 0 0 0 0 0 0 0 0 0 0 0 0 0 0 0 -12 -24 -10 -24 -8 -24 -7 -24 -7 -25 -5 -23 -5 -23 -6 -24 -4 -23 -4 -23 -2 -23 -2 -22 -2 -24 -2 -23 -2 -22 -3 -23 -3 -22 -4 -22 -5 -23 -6 -23 -8 -22 -8 -24 -10 -23 -11 -24 -14 -26 -15 -25 ]
CSI_DATA,STA,E4:D1:24:F0:BE:00,-70,10,0,0,0,0,0,0,0,0,0,-97,0,5,0,59412748,0,399,0,0,59.8051,128,[-113 -15 24 0 2 -22 0 -21 1 -23 0 -24 0 -25 1 -25 0 -25 0 -25 1 -26 0 -25 2 -26 1 -24 3 -22 3 -22 3 -19 4 -20 5 -18 5 -18 4 -16 5 -14 5 -12 4 -11 3 -9 3 -9 4 -7 0 0 0 0 0 0 0 0 0 0 0 0 0 0 0 0 0 0 0 0 0 0 24 -17 23 -15 24 -14 23 -13 24 -11 22 -11 22 -11 21 -11 22 -9 21 -9 19 -8 17 -8 19 -9 17 -8 17 -8 16 -7 13 -8 14 -9 13 -9 12 -9 11 -11 11 -12 10 -11 9 -14 6 -15 5 -17 ]
CSI_DATA,STA,E4:D1:24:F0:BE:00,-65,10,0,0,0,0,0,0,0,0,0,-97,0,5,0,59502942,0,64,0,0,59.895,128,[64 0 4 0 24 8 25 7 26 6 27 5 28 5 28 3 28 3 28 3 28 2 28 2 28 3 28 4 26 4 26 4 25 5 24 6 23 6 21 6 21 7 20 7 18 7 16 8 15 8 14 8 12 10 0 0 0 0 0 0 0 0 0 0 0 0 0 0 0 0 0 0 0 0 0 0 17 9 16 11 14 11 14 11 13 12 12 12 13 13 12 13 12 13 11 13 11 13 11 14 10 14 10 15 10 14 10 14 9 16 11 14 11 15 12 15 12 15 14 14 14 13 16 13 18 13 21 13 ]
CSI_DATA,STA,E4:D1:24:F0:BE:00,-66,10,0,0,0,0,0,0,0,0,0,-97,0,5,0,59515150,0,399,0,0,59.9235,128,[-113 -15 24 0 22 -14 21 -16 20 -16 20 -17 19 -18 19 -19 20 -20 19 -20 19 -20 19 -20 19 -19 18 -18 19 -18 19 -17 18 -15 18 -15 18 -14 17 -13 17 -13 16 -11 16 -9 15 -9 14 -8 14 -6 14 -4 0 0 0 0 0 0 0 0 0 0 0 0 0 0 0 0 0 0 0 0 0 0 18 -11 18 -9 18 -8 18 -7 18 -6 18 -6 18 -5 18 -5 18 -4 18 -3 17 -3 17 -2 18 -3 18 -2 19 -1 18 -1 18 -2 19 -2 20 -2 19 -2 20 -4 21 -5 21 -5 21 -6 22 -8 23 -9 ]
CSI_DATA,STA,E4:D1:24:F0:BE:00,-66,10,0,0,0,0,0,0,0,0,0,-97,0,5,0,59617552,0,399,0,0,60.0098,128,[-113 -15 24 0 -2 -27 -5 -27 -6 -25 -7 -24 -9 -24 -10 -25 -10 -24 -11 -24 -11 -25 -11 -25 -11 -24 -11 -24 -10 -23 -9 -22 -9 -22 -9 -22 -7 -22 -7 -22 -6 -21 -6 -20 -4 -19 -3 -18 -2 -18 -1 -16 1 -15 0 0 0 0 0 0 0 0 0 0 0 0 0 0 0 0 0 0 0 0 0 0 -6 -24 -3 -24 -2 -23 0 -23 1 -23 2 -22 3 -22 3 -21 5 -20 6 -21 6 -20 6 -20 7 -20 8 -19 7 -19 8 -21 8 -20 8 -20 8 -21 8 -21 7 -23 7 -24 7 -24 5 -26 4 -25 3 -26 ]
CSI_DATA,STA,E4:D1:24:F0:BE:00,-63,10,0,0,0,0,0,0,0,0,0,-97,0,5,0,59719954,0,399,0,0,60.1121,128,[-113 -15 24 0 26 -10 26 -12 23 -14 24 -17 23 -16 22 -16 23 -17 21 -17 21 -18 20 -16 20 -16 21 -16 20 -16 20 -14 20 -13 19 -12 19 -12 19 -12 19 -10 18 -9 17 -8 17 -7 16 -6 16 -5 16 -3 0 0 0 0 0 0 0 0 0 0 0 0 0 0 0 0 0 0 0 0 0 0 15 -13 16 -11 16 0 17 -9 17 -6 23 -1 19 -5 16 -6 21 -5 19 -6 18 -4 18 -5 21 3 22 0 24 0 31 1 23 -2 22 -2 33 -10 23 -3 25 -4 21 3 25 -2 27 -4 28 -6 31 -7 ]
CSI_DATA,STA,E4:D1:24:F0:BE:00,-64,10,0,0,0,0,0,0,0,0,0,-97,0,5,0,59822356,0,399,0,0,60.2146,128,[-113 -15 24 0 17 -20 16 -21 16 -21 15 -21 15 -21 13 -22 13 -21 12 -21 12 -21 11 -21 12 -20 12 -19 11 -18 12 -17 11 -16 11 -15 11 -15 11 -14 11 -13 11 -12 10 -10 9 -9 9 -8 9 -7 9 -5 0 0 0 0 0 0 0 0 0 0 0 0 0 0 0 0 0 0 0 0 0 0 14 -18 15 -15 16 -14 15 -13 16 -12 16 -12 17 -11 17 -10 18 -9 17 -9 17 -8 18 -8 18 -8 18 -8 19 -8 18 -8 18 -9 19 -9 18 -10 19 -10 19 -11 20 -12 19 -13 20 -15 20 -16 21 -18 ]
CSI_DATA,STA,E4:D1:24:F0:BE:00,-63,10,0,0,0,0,0,0,0,0,0,-97,0,5,0,59924756,0,399,0,0,60.3171,128,[-113 -15 24 0 -34 0 -32 1 -32 2 -30 3 -30 4 -30 4 -28 4 -28 5 -28 4 -27 4 -26 4 -26 3 -24 3 -24 3 -22 2 -23 2 -21 1 -21 0 -19 -1 -19 -1 -17 -2 -16 -3 -15 -3 -14 -4 -12 -4 0 0 0 0 0 0 0 0 0 0 0 0 0 0 0 0 0 0 0 0 0 0 -22 2 -21 0 -22 -1 -21 -2 -21 -3 -20 -4 -20 -4 -20 -5 -21 -5 -20 -6 -19 -7 -20 -7 -20 -8 -21 -8 -21 -8 -23 -7 -22 -7 -23 -8 -24 -7 -24 -7 -25 -7 -27 -5 -28 -7 -29 -5 -31 -4 -32 -3 ]
CSI_DATA,STA,E4:D1:24:F0:BE:00,-65,10,0,0,0,0,0,0,0,0,0,-97,0,5,0,60027158,0,399,0,0,60.4195,128,[-113 -15 24 0 15 25 16 24 16 23 16 22 16 22 16 21 16 20 14 20 15 19 14 19 13 18 12 18 11 17 11 17 9 16 9 16 7 15 6 15 5 14 4 13 3 12 2 11 1 10 0 8 -1 9 0 0 0 0 0 0 0 0 0 0 0 0 0 0 0 0 0 0 0 0 0 0 12 16 11 17 10 17 8 18 8 18 7 18 6 18 6 18 6 18 5 18 4 18 5 19 5 19 5 19 5 19 5 20 6 20 5 20 6 21 7 22 8 22 8 23 9 24 10 24 11 26 13 26 ]
CSI_DATA,STA,E4:D1:24:F0:BE:00,-64,10,0,0,0,0,0,0,0,0,0,-97,0,5,0,60129560,0,399,0,0,60.5219,128,[-113 -15 24 0 29 -2 28 -3 25 -4 25 -5 24 -6 23 -7 23 -7 22 -7 21 -7 20 -7 20 -6 18 -6 18 -5 17 -5 15 -4 16 -4 15 -3 14 -3 13 -2 12 -2 11 -1 10 -1 9 0 8 0 7 1 0 0 0 0 0 0 0 0 0 0 0 0 0 0 0 0 0 0 0 0 0 0 18 -6 19 -4 19 -3 19 -2 19 -1 19 0 19 0 19 0 19 1 20 2 19 2 19 3 20 3 21 3 21 3 22 3 22 4 22 4 23 4 25 3 25 3 26 3 26 3 28 3 29 2 30 1 ]
CSI_DATA,STA,E4:D1:24:F0:BE:00,-64,10,0,0,0,0,0,0,0,0,0,-97,0,5,0,60231962,0,399,0,0,60.6243,128,[-113 -15 24 0 -33 -10 -31 -9 -30 -8 -29 -8 -28 -6 -28 -6 -27 -5 -27 -4 -26 -5 -26 -4 -25 -4 -24 -4 -23 -3 -22 -3 -21 -4 -20 -4 -19 -4 -19 -4 -18 -4 -17 -4 -15 -5 -15 -4 -13 -5 -13 -5 -12 -4 0 0 0 0 0 0 0 0 0 0 0 0 0 0 0 0 0 0 0 0 0 0 -19 -2 -19 -4 -18 -5 -17 -6 -17 -7 -17 -7 -17 -7 -17 -8 -17 -9 -17 -9 -16 -9 -17 -9 -17 -10 -18 -11 -18 -12 -19 -12 -20 -12 -21 -13 -22 -13 -23 -13 -24 -13 -25 -14 -26 -13 -28 -14 -29 -14 -31 -14 ]
CSI_DATA,STA,E4:D1:24:F0:BE:00,-63,10,0,0,0,0,0,0,0,0,0,-97,0,5,0,60334364,0,399,0,0,60.7267,128,[-113 -15 24 0 -17 32 -15 32 -14 29 -13 29 -11 28 -11 28 -9 27 -9 26 -8 25 -9 25 -8 24 -8 23 -8 22 -7 21 -7 20 -7 18 -6 19 -7 18 -7 16 -7 16 -7 14 -6 13 -6 12 -7 11 -7 11 0 0 0 0 0 0 0 0 0 0 0 0 0 0 0 0 0 0 0 0 0 0 0 15 -1 16 -2 16 -3 16 -4 16 -5 16 -5 17 -6 17 -6 17 -7 17 -7 18 -9 19 -10 19 -11 19 -12 20 -12 21 -13 22 -14 22 -15 24 -16 24 -16 25 -17 26 -17 27 -18 29 -18 31 -19 33 ]
CSI_DATA,STA,E4:D1:24:F0:BE:00,-62,10,0,0,0,0,0,0,0,0,0,-97,0,5,0,60436766,0,399,0,0,60.8289,128,[-113 -15 24 0 -31 -8 -30 -6 -28 -5 -28 -5 -28 -4 -27 -4 -26 -4 -26 -3 -25 -3 -25 -2 -24 -2 -23 -3 -22 -3 -22 -3 -19 -3 -19 -3 -18 -4 -18 -4 -17 -4 -16 -4 -15 -4 -13 -5 -13 -5 -11 -5 -11 -5 0 0 0 0 0 0 0 0 0 0 0 0 0 0 0 0 0 0 0 0 0 0 -13 1 -13 0 -13 -1 -13 -2 -13 -1 -14 -2 -14 -2 -14 -3 -14 -3 -15 -4 -15 -4 -16 -5 -17 -5 -18 -6 -18 -7 -19 -7 -20 -7 -20 -8 -21 -8 -22 -9 -23 -9 -25 -9 -26 -9 -28 -9 -29 -9 -29 -9 ]
CSI_DATA,STA,E4:D1:24:F0:BE:00,-63,10,0,0,0,0,0,0,0,0,0,-97,0,5,0,60539168,0,399,0,0,60.9313,128,[-113 -15 24 0 -37 9 -35 10 -34 10 -33 9 -32 10 -33 10 -31 10 -30 10 -30 9 -29 9 -28 8 -27 8 -26 7 -25 7 -23 6 -23 5 -22 4 -21 4 -21 3 -19 3 -18 2 -17 2 -16 1 -15 0 -15 1 0 0 0 0 0 0 0 0 0 0 0 0 0 0 0 0 0 0 0 0 0 0 -14 3 -14 2 -15 2 -15 2 -15 2 -15 2 -15 3 -16 1 -16 3 -17 1 -17 1 -18 2 -19 2 -19 1 -20 1 -22 2 -22 2 -24 2 -25 2 -26 3 -27 3 -29 4 -30 4 -32 5 -34 7 -35 7 ]
CSI_DATA,STA,E4:D1:24:F0:BE:00,-63,10,0,0,0,0,0,0,0,0,0,-97,0,5,0,60552523,0,64,0,0,60.9636,128,[64 0 4 0 33 -21 32 -20 31 -21 31 -20 29 -19 29 -20 28 -20 27 -20 26 -19 27 -18 25 -17 24 -16 24 -15 23 -14 22 -14 22 -12 20 -11 20 -11 19 -10 19 -9 18 -9 17 -7 16 -7 15 -6 16 -5 0 0 0 0 0 0 0 0 0 0 0 0 0 0 0 0 0 0 0 0 0 0 13 -8 13 -7 13 -6 13 -6 14 -6 13 -6 13 -6 14 -6 14 -6 15 -6 15 -6 17 -6 17 -6 17 -7 18 -7 19 -8 19 -8 21 -9 22 -9 22 -10 24 -11 26 -12 27 -13 29 -14 30 -17 32 -18 ]
CSI_DATA,STA,E4:D1:24:F0:BE:00,-63,10,0,0,0,0,0,0,0,0,0,-97,0,5,0,60641569,0,399,0,0,61.0339,128,[-113 -15 24 0 -27 16 -26 17 -25 16 -24 16 -23 17 -23 16 -22 16 -21 15 -21 15 -20 14 -20 13 -19 13 -18 11 -17 11 -16 9 -17 9 -15 8 -16 8 -14 7 -13 6 -13 5 -12 5 -11 4 -10 3 -11 3 0 0 0 0 0 0 0 0 0 0 0 0 0 0 0 0 0 0 0 0 0 0 -10 7 -10 6 -11 6 -11 6 -11 6 -12 6 -12 7 -12 6 -12 7 -13 7 -14 7 -14 7 -16 7 -16 7 -17 8 -18 8 -18 8 -20 8 -21 9 -21 10 -22 10 -23 11 -24 12 -25 13 -26 14 -26 15 ]
CSI_DATA,STA,E4:D1:24:F0:BE:00,-62,10,0,0,0,0,0,0,0,0,0,-97,0,5,0,60743971,0,399,0,0,61.1362,128,[-113 -15 24 0 -6 -40 -6 -39 -6 -38 -6 -37 -7 -37 -5 -36 -6 -35 -5 -34 -5 -34 -5 -33 -5 -31 -4 -30 -3 -28 -2 -28 -2 -26 0 -25 0 -24 0 -23 1 -22 1 -21 2 -19 3 -18 3 -17 4 -15 4 -14 0 0 0 0 0 0 0 0 0 0 0 0 0 0 0 0 0 0 0 0 0 0 -2 -14 -2 -14 -1 -14 -2 -14 -1 -15 -2 -14 -2 -16 -2 -16 -1 -17 -1 -17 0 -18 -1 -19 -1 -19 0 -21 -1 -21 0 -23 -1 -24 -1 -25 0 -26 0 -28 -1 -29 -1 -31 -3 -33 -3 -34 -3 -38 -4 -39 ]
CSI_DATA,STA,E4:D1:24:F0:BE:00,-62,10,0,0,0,0,0,0,0,0,0,-97,0,5,0,60846373,0,399,0,0,61.2388,128,[-113 -15 24 0 20 31 20 31 20 29 20 28 21 27 20 26 20 26 19 26 19 25 18 24 18 23 16 23 15 23 14 21 12 21 11 21 10 20 9 20 8 19 7 18 6 17 5 16 3 15 2 14 1 14 0 0 0 0 0 0 0 0 0 0 0 0 0 0 0 0 0 0 0 0 0 0 9 10 8 11 8 11 8 12 7 12 7 12 7 13 7 13 7 14 7 14 6 15 7 16 8 17 7 17 7 18 7 19 8 20 8 21 9 21 10 23 12 24 13 26 13 26 15 28 17 30 19 31 ]
CSI_DATA,STA,E4:D1:24:F0:BE:00,-62,10,0,0,0,0,0,0,0,0,0,-97,0,5,0,60948775,0,399,0,0,61.3411,128,[-113 -15 24 0 37 1 37 0 36 0 35 -1 35 -1 34 -1 33 -1 32 -1 31 -1 29 -2 29 -1 28 -1 27 -1 25 0 24 0 23 1 22 1 21 2 20 2 19 2 18 3 17 3 15 3 15 4 12 5 0 0 0 0 0 0 0 0 0 0 0 0 0 0 0 0 0 0 0 0 0 0 10 -1 11 -1 11 0 11 0 11 0 12 0 12 0 12 0 13 1 13 1 13 1 15 2 15 2 16 2 17 3 18 2 19 2 20 3 22 3 23 3 25 3 27 3 28 3 31 2 33 2 36 2 ]
CSI_DATA,STA,E4:D1:24:F0:BE:00,-61,10,0,0,0,0,0,0,0,0,0,-97,0,5,0,61051177,0,399,0,0,61.4435,128,[-113 -15 24 0 5 -32 4 -32 4 -31 4 -31 3 -31 3 -31 3 -29 3 -29 3 -29 3 -28 3 -27 3 -26 3 -24 4 -24 4 -22 5 -21 4 -20 5 -19 5 -18 5 -17 5 -16 5 -15 5 -14 6 -13 5 -12 0 0 0 0 0 0 0 0 0 0 0 0 0 0 0 0 0 0 0 0 0 0 2 -10 2 -10 3 -10 3 -10 3 -10 3 -10 3 -10 4 -11 4 -10 4 -10 4 -11 5 -11 5 -12 5 -13 5 -13 5 -15 5 -15 6 -17 7 -17 6 -18 6 -20 7 -21 6 -23 7 -25 6 -27 6 -30 ]
CSI_DATA,STA,E4:D1:24:F0:BE:00,-61,10,0,0,0,0,0,0,0,0,0,-97,0,5,0,61153579,0,399,0,0,61.5459,128,[-113 -15 24 0 -37 -12 -37 -11 -36 -10 -34 -10 -34 -9 -33 -9 -31 -9 -31 -8 -30 -8 -29 -8 -28 -8 -26 -8 -25 -8 -24 -8 -22 -7 -21 -8 -20 -8 -19 -8 -18 -8 -17 -8 -15 -8 -15 -7 -13 -7 -12 -8 -12 -7 0 0 0 0 0 0 0 0 0 0 0 0 0 0 0 0 0 0 0 0 0 0 -11 -5 -11 -6 -11 -6 -11 -6 -11 -6 -11 -6 -12 -6 -11 -7 -12 -7 -14 -7 -13 -7 -15 -7 -15 -8 -16 -8 -17 -9 -18 -9 -19 -9 -21 -10 -21 -10 -23 -10 -25 -10 -27 -11 -29 -11 -31 -10 -33 -11 -35 -12 ]
CSI_DATA,STA,E4:D1:24:F0:BE:00,-62,10,0,0,0,0,0,0,0,0,0,-97,0,5,0,61255981,0,399,0,0,61.6481,128,[-113 -15 24 0 31 22 31 21 30 20 30 20 30 19 28 19 27 17 27 17 26 16 25 16 24 16 22 15 21 15 20 14 18 13 18 13 16 13 16 12 14 12 13 11 12 11 11 10 10 10 9 9 7 10 0 0 0 0 0 0 0 0 0 0 0 0 0 0 0 0 0 0 0 0 0 0 8 7 8 7 8 7 8 7 8 8 8 8 9 9 9 9 10 9 10 10 11 11 11 11 12 12 13 13 14 14 14 14 15 14 16 15 18 16 18 17 20 18 22 18 24 19 25 20 27 21 29 23 ]
CSI_DATA,STA,E4:D1:24:F0:BE:00,-65,10,0,0,0,0,0,0,0,0,0,-97,0,5,0,61358382,0,399,0,0,61.7507,128,[-113 -15 24 0 38 -2 38 -3 35 -2 36 -2 36 -4 35 -3 33 -3 33 -3 31 -2 30 -1 29 -1 28 0 26 0 25 2 24 1 22 1 21 2 19 1 19 3 16 2 16 2 14 2 13 2 12 3 10 3 0 0 0 0 0 0 0 0 0 0 0 0 0 0 0 0 0 0 0 0 0 0 15 3 15 4 15 3 15 4 15 3 15 3 16 3 17 4 17 3 18 2 17 3 19 3 19 4 20 3 21 4 21 3 22 3 24 3 25 2 26 2 28 1 30 2 31 1 34 1 35 1 38 0 ]
CSI_DATA,STA,E4:D1:24:F0:BE:00,-61,10,0,0,0,0,0,0,0,0,0,-97,0,5,0,61460784,0,399,0,0,61.8531,128,[-113 -15 24 0 38 -2 37 -2 36 -3 36 -3 36 -4 34 -4 33 -4 33 -4 32 -4 31 -4 31 -3 29 -3 27 -2 27 -1 25 -1 25 0 24 1 23 1 22 2 20 2 19 3 18 4 17 4 16 5 14 6 0 0 0 0 0 0 0 0 0 0 0 0 0 0 0 0 0 0 0 0 0 0 13 1 13 1 13 2 13 2 13 2 13 2 14 2 14 2 14 3 15 2 15 3 16 3 17 3 18 4 18 3 20 4 20 3 23 3 23 3 25 3 26 2 29 3 30 2 32 2 34 1 37 0 ]
CSI_DATA,STA,E4:D1:24:F0:BE:00,-63,10,0,0,0,0,0,0,0,0,0,-97,0,5,0,61563186,0,399,0,0,61.9555,128,[-113 -15 24 0 32 1 33 0 31 -1 31 -1 30 -1 29 -1 28 -1 28 -1 26 -1 26 0 25 0 24 0 23 0 21 1 20 1 19 1 19 2 18 2 17 2 15 2 15 2 14 2 13 3 13 4 11 3 0 0 0 0 0 0 0 0 0 0 0 0 0 0 0 0 0 0 0 0 0 0 12 0 13 1 13 0 13 1 13 2 14 1 14 2 14 2 15 2 16 3 16 3 17 3 17 3 18 4 19 4 19 3 20 4 20 4 22 4 23 4 24 3 25 3 26 3 28 3 30 2 32 2 ]
CSI_DATA,STA,E4:D1:24:F0:BE:00,-63,10,0,0,0,0,0,0,0,0,0,-97,0,5,0,61636097,0,64,0,0,62.0281,128,[64 0 4 0 -36 -9 -35 -8 -34 -7 -34 -7 -34 -6 -33 -7 -32 -6 -32 -6 -30 -7 -30 -7 -28 -6 -28 -6 -26 -7 -25 -5 -23 -6 -22 -6 -22 -6 -21 -6 -20 -6 -19 -6 -18 -6 -17 -6 -17 -6 -15 -7 -16 -8 0 0 0 0 0 0 0 0 0 0 0 0 0 0 0 0 0 0 0 0 0 0 -11 -5 -10 -6 -11 -6 -11 -6 -11 -6 -12 -6 -13 -7 -13 -7 -13 -7 -14 -7 -14 -8 -15 -8 -15 -9 -16 -9 -16 -9 -18 -10 -18 -10 -19 -10 -21 -10 -21 -11 -23 -10 -25 -11 -26 -10 -29 -10 -30 -10 -32 -11 ]
CSI_DATA,STA,E4:D1:24:F0:BE:00,-65,10,0,0,0,0,0,0,0,0,0,-97,0,5,0,61665588,0,399,0,0,62.0645,128,[-113 -15 24 0 31 5 30 5 30 3 29 4 29 3 28 3 28 3 27 3 26 3 25 3 24 4 23 5 21 3 21 4 20 4 17 5 17 4 16 4 15 4 14 4 13 3 12 3 11 4 11 3 9 3 0 0 0 0 0 0 0 0 0 0 0 0 0 0 0 0 0 0 0 0 0 0 10 2 10 2 11 2 11 2 11 2 11 3 12 2 12 3 13 3 14 3 14 3 15 4 15 4 17 4 17 5 18 5 18 5 19 6 20 7 21 6 23 6 23 7 24 6 27 6 28 6 29 6 ]
CSI_DATA,STA,E4:D1:24:F0:BE:00,-67,10,0,0,0,0,0,0,0,0,0,-97,0,5,0,61767990,0,399,0,0,62.1604,128,[-113 -15 24 0 5 30 7 30 7 31 7 30 8 31 8 32 9 31 9 32 9 32 9 31 9 32 9 31 9 30 8 29 8 27 8 29 8 27 6 26 5 26 5 26 5 23 4 23 3 21 3 21 -1 20 0 0 0 0 0 0 0 0 0 0 0 0 0 0 0 0 0 0 0 0 0 0 1 9 1 10 2 10 1 11 2 12 2 11 3 12 2 12 3 13 2 12 2 13 2 14 2 14 2 15 1 15 1 16 1 16 1 16 2 17 1 17 1 18 2 20 2 20 2 23 3 24 4 26 ]
CSI_DATA,STA,E4:D1:24:F0:BE:00,-63,10,0,0,0,0,0,0,0,0,0,-97,0,5,0,61870392,0,399,0,0,62.2628,128,[-113 -15 24 0 22 24 22 24 23 24 22 23 23 22 22 22 23 21 22 21 21 20 20 20 19 20 19 19 18 18 17 18 16 17 15 18 14 17 13 16 13 17 12 15 10 15 10 15 9 15 8 14 5 14 0 0 0 0 0 0 0 0 0 0 0 0 0 0 0 0 0 0 0 0 0 0 7 9 6 8 7 9 7 9 8 9 7 9 8 11 8 11 9 12 9 12 9 13 9 14 10 14 10 16 10 16 10 17 11 18 11 19 12 19 13 20 14 20 14 22 15 23 17 23 18 25 20 26 ]
CSI_DATA,STA,E4:D1:24:F0:BE:00,-65,10,0,0,0,0,0,0,0,0,0,-97,0,5,0,61972794,0,399,0,0,62.365,128,[-113 -15 24 0 -30 -1 -30 -1 -30 0 -30 1 -31 1 -30 1 -30 1 -30 1 -29 1 -29 0 -28 0 -28 -1 -27 -1 -25 -2 -24 -2 -23 -2 -21 -2 -21 -3 -20 -3 -20 -3 -19 -4 -18 -3 -17 -4 -16 -4 -16 -6 0 0 0 0 0 0 0 0 0 0 0 0 0 0 0 0 0 0 0 0 0 0 -13 -1 -13 -2 -13 -2 -13 -3 -13 -3 -13 -2 -14 -3 -15 -3 -14 -3 -15 -3 -15 -4 -16 -5 -16 -5 -17 -6 -17 -6 -18 -6 -18 -6 -20 -7 -20 -7 -20 -7 -21 -6 -23 -7 -24 -5 -25 -5 -26 -4 -28 -4 ]
CSI_DATA,STA,E4:D1:24:F0:BE:00,-67,10,0,0,0,0,0,0,0,0,0,-97,0,5,0,62075195,0,399,0,0,62.4674,128,[-113 -15 24 0 30 12 30 12 32 12 31 12 32 12 32 12 31 13 30 13 30 14 30 15 28 16 27 15 26 15 25 15 22 14 21 15 21 14 19 14 19 13 17 13 16 12 14 12 13 12 12 11 10 10 0 0 0 0 0 0 0 0 0 0 0 0 0 0 0 0 0 0 0 0 0 0 7 10 6 9 7 9 8 9 8 9 9 8 10 8 10 9 11 9 11 9 11 10 12 12 12 11 13 11 13 12 13 13 14 11 14 12 15 13 15 12 17 12 19 12 19 13 22 13 23 13 26 12 ]
CSI_DATA,STA,E4:D1:24:F0:BE:00,-69,10,0,0,0,0,0,0,0,0,0,-97,0,5,0,62177597,0,399,0,0,62.57,128,[-113 -15 24 0 19 -8 19 -10 19 -11 20 -12 21 -14 22 -15 21 -15 22 -15 22 -16 24 -15 22 -15 23 -14 22 -14 22 -13 22 -12 20 -11 20 -10 20 -10 19 -10 19 -8 19 -7 16 -6 16 -5 15 -4 13 -4 0 0 0 0 0 0 0 0 0 0 0 0 0 0 0 0 0 0 0 0 0 0 17 -2 18 -2 15 -2 16 -1 16 -1 16 -2 16 -2 16 -2 16 -2 17 -2 16 -2 16 0 17 -1 18 0 18 0 18 0 17 1 16 2 16 1 18 1 17 2 17 0 17 0 17 0 18 -1 19 -4 ]
CSI_DATA,STA,E4:D1:24:F0:BE:00,-70,10,0,0,0,0,0,0,0,0,0,-97,0,5,0,62279999,0,399,0,0,62.6723,128,[-113 -15 24 0 24 -9 24 -9 26 -11 28 -12 29 -10 29 -11 30 -11 30 -8 30 -9 30 -7 28 -6 28 -7 27 -5 26 -5 25 -3 25 -4 23 -4 23 -2 21 -2 20 -1 20 -2 18 -2 18 -3 18 -2 17 -3 0 0 0 0 0 0 0 0 0 0 0 0 0 0 0 0 0 0 0 0 0 0 13 2 11 1 9 2 10 1 8 0 9 -1 8 -1 8 -2 9 0 10 -2 11 -3 12 -3 13 -3 12 -3 14 -1 14 -1 15 -1 15 0 16 0 16 1 17 -1 17 0 17 -1 19 -2 21 -4 23 -5 ]
CSI_DATA,STA,E4:D1:24:F0:BE:00,-70,10,0,0,0,0,0,0,0,0,0,-97,0,5,0,62382401,0,399,0,0,62.7747,128,[-113 -15 24 0 16 20 16 20 17 21 19 20 20 22 20 23 20 23 20 22 19 23 17 23 16 22 14 22 14 21 13 21 12 19 12 19 11 18 11 17 10 16 9 15 10 15 9 14 10 14 8 13 7 11 0 0 0 0 0 0 0 0 0 0 0 0 0 0 0 0 0 0 0 0 0 0 7 16 6 15 5 16 4 15 5 15 5 14 5 16 6 15 6 16 5 16 4 15 4 17 4 18 3 17 3 15 2 19 2 17 3 19 2 17 3 18 3 18 4 18 5 18 7 18 9 19 10 21 ]
CSI_DATA,STA,E4:D1:24:F0:BE:00,-69,10,0,0,0,0,0,0,0,0,0,-97,0,5,0,62484803,0,399,0,0,62.8771,128,[-113 -15 24 0 -15 28 -15 27 -15 26 -16 26 -15 25 -17 24 -17 23 -19 22 -17 22 -18 20 -19 19 -17 18 -17 16 -18 16 -16 14 -16 14 -15 13 -14 11 -14 11 -13 10 -11 9 -11 8 -10 8 -9 7 -9 5 0 0 0 0 0 0 0 0 0 0 0 0 0 0 0 0 0 0 0 0 0 0 -13 1 -13 2 -13 4 -13 4 -15 6 -14 7 -14 8 -16 9 -16 10 -17 11 -16 9 -18 10 -18 11 -17 11 -18 11 -17 13 -17 14 -18 14 -16 15 -17 15 -15 16 -14 18 -15 20 -13 21 -14 23 -15 24 ]
CSI_DATA,STA,E4:D1:24:F0:BE:00,-66,10,0,0,0,0,0,0,0,0,0,-97,0,5,0,62587205,0,399,0,0,62.9795,128,[-113 -15 24 0 -5 -34 -6 -34 -6 -33 -5 -33 -5 -33 -5 -34 -5 -32 -4 -31 -2 -31 -3 -31 -2 -29 0 -28 -1 -27 0 -25 0 -24 0 -23 2 -22 1 -21 2 -20 2 -19 1 -18 2 -17 1 -16 2 -15 3 -16 0 0 0 0 0 0 0 0 0 0 0 0 0 0 0 0 0 0 0 0 0 0 2 -14 2 -14 1 -14 1 -14 1 -13 0 -13 0 -14 0 -14 0 -16 0 -17 0 -17 0 -17 1 -19 1 -19 1 -20 1 -20 0 -20 2 -21 1 -22 1 -23 0 -24 -1 -25 -1 -27 -1 -29 -3 -30 -4 -32 ]
CSI_DATA,STA,E4:D1:24:F0:BE:00,-67,10,0,0,0,0,0,0,0,0,0,-97,0,5,0,62622970,0,64,0,0,63.0148,128,[64 0 4 0 27 -10 29 -10 28 -10 29 -10 28 -10 29 -10 29 -10 28 -9 27 -9 28 -9 27 -9 26 -8 26 -6 24 -6 23 -6 21 -4 21 -4 21 -4 20 -3 18 -3 18 -2 17 -1 17 -2 17 -1 15 1 0 0 0 0 0 0 0 0 0 0 0 0 0 0 0 0 0 0 0 0 0 0 17 0 15 1 14 1 14 1 14 2 14 1 14 -1 14 0 15 1 15 0 16 -1 16 0 17 1 17 -1 19 1 18 1 19 1 20 1 20 1 21 1 21 0 22 0 22 -1 24 -2 24 -3 27 -4 ]
CSI_DATA,STA,E4:D1:24:F0:BE:00,-66,10,0,0,0,0,0,0,0,0,0,-97,0,5,0,62689607,0,399,0,0,63.0816,128,[-113 -15 24 0 -28 12 -27 12 -27 14 -25 15 -24 15 -25 15 -25 15 -24 16 -24 15 -23 15 -23 14 -23 13 -22 12 -21 11 -20 11 -19 10 -19 10 -18 9 -17 8 -16 8 -16 7 -16 6 -15 5 -15 5 -15 2 0 0 0 0 0 0 0 0 0 0 0 0 0 0 0 0 0 0 0 0 0 0 -17 8 -18 7 -18 6 -18 6 -18 6 -19 6 -18 6 -19 5 -19 6 -21 5 -22 5 -23 4 -24 3 -24 3 -26 3 -26 3 -27 2 -28 1 -28 1 -28 1 -28 2 -29 1 -28 2 -29 2 -30 4 -29 5 ]
CSI_DATA,STA,E4:D1:24:F0:BE:00,-66,10,0,0,0,0,0,0,0,0,0,-97,0,5,0,62792008,0,399,0,0,63.1842,128,[-113 -15 24 0 -5 -29 -7 -30 -6 -28 -7 -30 -6 -29 -6 -30 -6 -29 -6 -29 -5 -28 -5 -28 -4 -27 -4 -27 -3 -25 -3 -24 -2 -24 -1 -22 -1 -21 -1 -21 0 -19 1 -19 0 -17 0 -16 1 -15 1 -14 1 -14 0 0 0 0 0 0 0 0 0 0 0 0 0 0 0 0 0 0 0 0 0 0 -1 -16 -1 -17 0 -17 0 -18 0 -17 -1 -18 1 -18 1 -19 0 -19 1 -20 1 -19 2 -21 2 -21 2 -21 3 -21 3 -22 3 -22 4 -23 2 -22 3 -22 2 -23 1 -24 1 -25 0 -25 -1 -27 -1 -29 ]
CSI_DATA,STA,E4:D1:24:F0:BE:00,-64,10,0,0,0,0,0,0,0,0,0,-97,0,5,0,62894409,0,399,0,0,63.2868,128,[-113 -15 24 0 -26 13 -25 13 -24 15 -24 16 -23 17 -24 17 -23 17 -22 18 -22 18 -23 18 -23 17 -22 17 -22 16 -21 15 -20 14 -21 15 -20 14 -20 13 -20 11 -19 10 -19 9 -18 8 -18 8 -18 7 -18 4 0 0 0 0 0 0 0 0 0 0 0 0 0 0 0 0 0 0 0 0 0 0 -15 7 -14 6 -15 5 -14 5 -14 5 -14 4 -15 5 -15 5 -15 4 -16 4 -16 4 -17 3 -17 4 -18 3 -18 3 -19 3 -20 2 -21 2 -21 2 -21 2 -22 2 -22 3 -23 4 -24 5 -24 6 -26 8 ]
CSI_DATA,STA,E4:D1:24:F0:BE:00,-63,10,0,0,0,0,0,0,0,0,0,-97,0,5,0,62996811,0,399,0,0,63.3891,128,[-113 -15 24 0 -31 -15 -29 -13 -29 -12 -28 -11 -29 -10 -27 -10 -27 -9 -27 -9 -26 -9 -25 -9 -25 -9 -24 -10 -22 -9 -22 -9 -19 -8 -20 -9 -18 -9 -18 -9 -17 -9 -16 -9 -15 -9 -14 -9 -13 -8 -12 -8 -11 -9 0 0 0 0 0 0 0 0 0 0 0 0 0 0 0 0 0 0 0 0 0 0 -17 -8 -16 -10 -17 -10 -17 -10 -17 -11 -17 -10 -18 -11 -18 -11 -18 -12 -18 -13 -18 -13 -19 -14 -20 -16 -19 -16 -20 -16 -21 -18 -20 -17 -21 -19 -21 -18 -21 -18 -22 -18 -23 -19 -23 -19 -25 -18 -26 -18 -27 -18 ]
CSI_DATA,STA,E4:D1:24:F0:BE:00,-66,10,0,0,0,0,0,0,0,0,0,-97,0,5,0,63099213,0,399,0,0,63.4915,128,[-113 -15 24 0 -19 22 -19 23 -18 23 -18 24 -18 23 -18 24 -19 24 -19 24 -19 24 -19 23 -19 22 -19 22 -19 21 -19 20 -19 19 -19 19 -19 17 -18 16 -19 15 -18 14 -17 12 -17 11 -16 11 -15 9 -16 6 0 0 0 0 0 0 0 0 0 0 0 0 0 0 0 0 0 0 0 0 0 0 -14 4 -14 3 -14 4 -14 4 -14 6 -14 6 -14 6 -15 6 -15 7 -14 6 -15 7 -16 7 -15 7 -16 7 -17 8 -17 7 -17 8 -17 8 -17 8 -17 9 -17 9 -18 11 -17 11 -17 13 -18 15 -19 17 ]
CSI_DATA,STA,E4:D1:24:F0:BE:00,-64,10,0,0,0,0,0,0,0,0,0,-97,0,5,0,63201615,0,399,0,0,63.594,128,[-113 -15 24 0 34 -9 33 -9 33 -9 33 -10 32 -10 33 -10 32 -9 32 -9 31 -8 30 -8 29 -6 28 -6 26 -5 26 -5 24 -4 24 -2 23 -2 22 -2 20 -1 20 0 19 1 17 1 15 2 14 3 13 3 0 0 0 0 0 0 0 0 0 0 0 0 0 0 0 0 0 0 0 0 0 0 13 0 12 2 12 2 11 1 12 1 11 1 12 1 12 0 13 0 13 0 13 1 14 0 16 0 17 0 17 1 19 0 19 0 21 1 21 0 23 0 24 0 25 -1 26 -2 28 -2 29 -2 32 -5 ]
CSI_DATA,STA,E4:D1:24:F0:BE:00,-71,10,0,0,0,0,0,0,0,0,0,-97,0,5,0,63304017,0,399,0,0,63.6963,128,[-113 -15 24 0 14 -6 16 -4 17 -4 15 -2 13 -1 15 1 15 2 15 4 14 6 13 7 12 8 12 9 11 11 9 11 8 13 7 14 6 13 4 13 4 13 2 13 1 13 -1 12 -3 12 -4 10 -6 7 0 0 0 0 0 0 0 0 0 0 0 0 0 0 0 0 0 0 0 0 0 0 21 15 21 14 21 14 21 12 22 12 25 12 26 11 27 10 28 10 28 9 28 9 27 10 30 10 28 9 27 8 28 9 27 8 26 6 26 6 24 5 23 4 21 2 20 0 18 0 18 -2 18 -5 ]
CSI_DATA,STA,E4:D1:24:F0:BE:00,-69,10,0,0,0,0,0,0,0,0,0,-97,0,5,0,63406419,0,399,0,0,63.7988,128,[-113 -15 24 0 -19 22 -14 21 -13 25 -10 26 -8 27 -6 28 -5 30 -4 30 -5 31 -4 32 -4 32 -4 30 -3 30 -5 31 -5 30 -6 30 -5 28 -6 28 -7 27 -8 25 -8 23 -9 22 -10 20 -11 19 -10 14 0 0 0 0 0 0 0 0 0 0 0 0 0 0 0 0 0 0 0 0 0 0 2 15 1 15 -1 13 -1 12 -2 13 -1 13 -4 13 -4 13 -3 14 -6 14 -7 13 -8 14 -11 14 -12 15 -13 15 -16 14 -17 15 -20 15 -20 13 -22 15 -24 14 -25 15 -25 16 -27 16 -26 17 -26 19 ]
CSI_DATA,STA,E4:D1:24:F0:BE:00,-72,10,0,0,0,0,0,0,0,0,0,-97,0,5,0,63508820,0,399,0,0,63.901,128,[-113 -15 24 0 15 19 18 21 17 22 15 20 14 21 13 21 12 22 12 22 10 22 7 20 6 20 5 21 2 18 1 19 1 17 0 16 -2 15 -1 15 -2 11 -4 11 -2 8 -6 8 -5 6 -5 6 -7 1 0 0 0 0 0 0 0 0 0 0 0 0 0 0 0 0 0 0 0 0 0 0 -6 21 -4 19 -4 20 -2 19 0 20 -1 21 1 22 1 22 2 23 0 23 1 24 1 25 0 25 1 25 -1 25 1 25 1 25 1 23 1 22 3 21 4 22 5 21 8 19 10 19 11 19 13 20 ]
CSI_DATA,STA,E4:D1:24:F0:BE:00,-66,10,0,0,0,0,0,0,0,0,0,-97,0,5,0,63611222,0,399,0,0,64.0035,128,[-113 -15 24 0 -8 35 -8 33 -10 30 -9 28 -10 28 -10 24 -10 21 -10 18 -11 17 -10 14 -10 12 -11 10 -9 9 -9 6 -9 5 -8 4 -8 3 -7 1 -6 0 -5 0 -4 0 -4 0 -3 -1 -3 0 -1 -1 0 0 0 0 0 0 0 0 0 0 0 0 0 0 0 0 0 0 0 0 0 0 -13 21 -15 20 -16 19 -17 19 -17 19 -18 19 -19 19 -19 18 -19 18 -20 18 -19 18 -19 17 -19 17 -19 18 -18 18 -17 19 -15 19 -15 20 -13 21 -12 23 -11 24 -10 26 -9 28 -8 31 -7 33 -8 36 ]
CSI_DATA,STA,E4:D1:24:F0:BE:00,-68,10,0,0,0,0,0,0,0,0,0,-97,0,5,0,63713624,0,399,0,0,64.106,128,[-113 -15 24 0 20 -27 21 -24 22 -23 20 -20 19 -17 19 -16 19 -13 18 -11 18 -10 19 -8 18 -5 16 -3 17 -2 16 0 16 0 15 2 14 4 14 3 14 6 12 6 12 7 10 7 9 8 8 10 7 8 0 0 0 0 0 0 0 0 0 0 0 0 0 0 0 0 0 0 0 0 0 0 24 -2 24 -2 26 -2 25 -1 26 -3 26 -3 28 -3 27 -3 27 -4 27 -4 26 -4 27 -4 27 -6 26 -6 25 -6 26 -10 24 -11 23 -13 23 -15 22 -16 20 -19 22 -21 20 -23 22 -25 23 -26 23 -29 ]
CSI_DATA,STA,E4:D1:24:F0:BE:00,-68,10,0,0,0,0,0,0,0,0,0,-97,0,5,0,63714352,0,64,0,0,64.1379,128,[64 0 4 0 24 -20 22 -19 23 -18 20 -14 20 -11 19 -10 18 -8 17 -5 18 -4 15 -4 15 -3 15 0 12 3 13 3 11 3 10 6 9 7 8 7 7 8 7 10 6 8 7 10 6 11 3 8 -3 16 0 0 0 0 0 0 0 0 0 0 0 0 0 0 0 0 0 0 0 0 0 0 23 1 22 2 21 2 23 2 25 2 24 2 24 4 26 1 23 1 24 3 25 -1 24 -1 24 -2 25 -2 24 -4 24 -5 23 -7 22 -7 22 -10 23 -10 23 -15 21 -15 22 -17 24 -20 22 -22 26 -23 ]
CSI_DATA,STA,E4:D1:24:F0:BE:00,-71,10,0,0,0,0,0,0,0,0,0,-97,0,5,0,63816026,0,399,0,0,64.2084,128,[-113 -15 24 0 30 15 27 15 24 16 21 15 16 15 13 14 8 14 6 13 4 12 -1 11 -3 10 -6 10 -7 8 -9 5 -10 4 -12 6 -14 3 -13 1 -12 0 -13 -2 -13 -3 -11 -3 -10 -6 -11 -6 -9 -9 0 0 0 0 0 0 0 0 0 0 0 0 0 0 0 0 0 0 0 0 0 0 12 21 11 22 11 24 13 24 12 26 12 27 14 28 14 28 14 29 13 28 14 28 13 30 13 29 15 27 16 27 18 26 17 23 21 21 22 22 25 20 27 15 30 16 30 15 33 15 36 15 37 14 ]
CSI_DATA,STA,E4:D1:24:F0:BE:00,-67,10,0,0,0,0,0,0,0,0,0,-97,0,5,0,63918428,0,399,0,0,64.3107,128,[-113 -15 24 0 27 -8 28 -8 27 -7 28 -8 28 -7 27 -7 26 -7 28 -6 27 -7 27 -6 26 -5 25 -4 25 -4 24 -4 23 -3 23 -3 22 -1 22 -3 21 -1 20 -1 19 0 17 0 17 0 15 2 14 2 0 0 0 0 0 0 0 0 0 0 0 0 0 0 0 0 0 0 0 0 0 0 17 3 17 4 18 4 19 4 19 5 20 3 20 4 21 3 20 3 21 2 21 3 21 2 21 3 21 2 22 1 22 1 22 1 23 0 23 0 23 -1 23 -3 24 -3 24 -4 25 -5 27 -4 27 -7 ]
CSI_DATA,STA,E4:D1:24:F0:BE:00,-68,10,0,0,0,0,0,0,0,0,0,-97,0,5,0,64020830,0,399,0,0,64.4131,128,[-113 -15 24 0 -28 -14 -26 -14 -27 -14 -25 -15 -24 -15 -24 -16 -22 -16 -21 -16 -21 -17 -19 -16 -18 -17 -17 -16 -15 -16 -15 -16 -14 -15 -12 -16 -10 -14 -9 -14 -8 -14 -7 -14 -7 -12 -6 -11 -6 -10 -5 -9 -4 -10 0 0 0 0 0 0 0 0 0 0 0 0 0 0 0 0 0 0 0 0 0 0 -5 -15 -5 -16 -6 -18 -5 -16 -6 -17 -6 -17 -7 -17 -7 -18 -9 -19 -9 -19 -8 -19 -9 -19 -10 -19 -10 -18 -11 -18 -11 -18 -12 -18 -12 -17 -14 -17 -15 -16 -16 -15 -18 -15 -19 -15 -21 -14 -22 -14 -24 -15 ]
CSI_DATA,STA,E4:D1:24:F0:BE:00,-67,10,0,0,0,0,0,0,0,0,0,-97,0,5,0,64123232,0,399,0,0,64.5154,128,[-113 -15 24 0 -26 24 -25 22 -25 20 -24 18 -24 17 -23 16 -23 13 -23 12 -23 10 -22 8 -21 6 -20 4 -19 3 -19 2 -18 0 -17 0 -15 -1 -15 -2 -15 -3 -13 -3 -12 -4 -11 -5 -10 -4 -9 -5 -8 -7 0 0 0 0 0 0 0 0 0 0 0 0 0 0 0 0 0 0 0 0 0 0 -24 1 -23 1 -23 0 -23 0 -24 0 -23 1 -24 1 -25 2 -25 2 -24 2 -25 2 -24 4 -25 4 -24 4 -24 6 -25 7 -25 8 -25 10 -24 11 -24 13 -25 15 -25 17 -23 18 -24 20 -24 22 -27 23 ]
CSI_DATA,STA,E4:D1:24:F0:BE:00,-64,10,0,0,0,0,0,0,0,0,0,-97,0,5,0,64225633,0,399,0,0,64.6178,128,[-113 -15 24 0 -2 36 -3 34 -4 32 -3 30 -4 28 -4 26 -5 24 -5 22 -6 21 -7 18 -7 17 -7 15 -7 14 -7 12 -7 10 -7 10 -7 8 -7 8 -6 6 -6 5 -6 4 -6 4 -6 3 -6 3 -4 2 0 0 0 0 0 0 0 0 0 0 0 0 0 0 0 0 0 0 0 0 0 0 -7 21 -9 20 -9 21 -10 20 -10 21 -10 22 -10 22 -11 23 -10 23 -11 23 -11 23 -11 24 -11 24 -11 25 -10 26 -11 27 -10 27 -9 28 -8 29 -7 30 -6 31 -5 32 -4 34 -4 35 -5 36 -4 38 ]
CSI_DATA,STA,E4:D1:24:F0:BE:00,-69,10,0,0,0,0,0,0,0,0,0,-97,0,5,0,64328035,0,399,0,0,64.7204,128,[-113 -15 24 0 11 20 9 20 8 20 7 21 6 19 4 20 3 20 2 20 1 20 0 21 -1 20 -3 19 -3 21 -4 19 -5 19 -6 19 -6 19 -8 17 -7 17 -9 15 -9 14 -9 13 -9 12 -10 12 -10 8 0 0 0 0 0 0 0 0 0 0 0 0 0 0 0 0 0 0 0 0 0 0 -8 21 -9 21 -8 21 -7 22 -7 22 -6 21 -5 23 -5 23 -4 24 -2 23 -2 23 -1 25 0 26 1 24 1 24 2 24 4 24 5 24 5 23 6 21 8 21 10 21 10 21 12 19 12 21 12 22 ]
CSI_DATA,STA,E4:D1:24:F0:BE:00,-69,10,0,0,0,0,0,0,0,0,0,-97,0,5,0,64430437,0,399,0,0,64.8227,128,[-113 -15 24 0 -4 23 -5 23 -6 22 -6 22 -6 23 -6 21 -8 20 -10 20 -12 20 -12 18 -12 17 -13 17 -13 16 -15 15 -14 12 -14 13 -14 11 -13 11 -14 10 -14 9 -12 7 -12 7 -12 6 -12 6 -9 3 0 0 0 0 0 0 0 0 0 0 0 0 0 0 0 0 0 0 0 0 0 0 -18 20 -18 19 -19 19 -16 19 -17 20 -17 20 -17 21 -17 22 -16 22 -16 20 -15 21 -15 22 -15 22 -14 22 -14 22 -13 23 -12 22 -11 22 -11 22 -9 21 -8 24 -7 23 -6 22 -5 24 -5 23 -4 24 ]
CSI_DATA,STA,E4:D1:24:F0:BE:00,-68,10,0,0,0,0,0,0,0,0,0,-97,0,5,0,64532839,0,399,0,0,64.9251,128,[-113 -15 24 0 -3 -23 -3 -22 0 -22 0 -21 1 -21 4 -23 5 -22 5 -22 6 -22 9 -22 9 -21 10 -22 10 -22 10 -22 10 -22 11 -22 12 -22 13 -21 12 -20 12 -21 11 -20 12 -19 13 -18 13 -16 14 -17 0 0 0 0 0 0 0 0 0 0 0 0 0 0 0 0 0 0 0 0 0 0 11 -17 11 -18 10 -18 10 -19 10 -20 9 -21 9 -21 8 -22 7 -23 7 -24 6 -23 7 -25 5 -26 4 -26 4 -25 2 -25 0 -26 0 -25 -1 -25 -2 -25 -5 -25 -4 -25 -7 -24 -6 -24 -5 -24 -6 -25 ]
CSI_DATA,STA,E4:D1:24:F0:BE:00,-66,10,0,0,0,0,0,0,0,0,0,-97,0,5,0,64635241,0,399,0,0,65.0276,128,[-113 -15 24 0 29 -16 26 -12 29 -12 25 -10 27 -10 27 -9 27 -7 27 -7 28 -7 27 -5 26 -6 26 -4 25 -4 26 -3 23 -2 24 -2 23 -3 23 -2 21 -2 21 -2 20 -1 20 -2 19 -1 18 -1 18 -1 0 0 0 0 0 0 0 0 0 0 0 0 0 0 0 0 0 0 0 0 0 0 17 0 16 0 18 0 18 -1 20 -2 20 -2 22 -2 21 -3 22 -5 23 -5 22 -7 23 -6 23 -7 24 -7 23 -8 23 -10 22 -10 24 -11 23 -11 23 -13 23 -15 24 -15 24 -16 25 -15 26 -17 27 -17 ]
CSI_DATA,STA,E4:D1:24:F0:BE:00,-67,10,0,0,0,0,0,0,0,0,0,-97,0,5,0,64737643,0,399,0,0,65.13,128,[-113 -15 24 0 -19 -13 -20 -13 -20 -14 -20 -16 -23 -15 -23 -15 -24 -16 -25 -16 -25 -16 -27 -16 -27 -16 -28 -16 -28 -15 -28 -15 -25 -14 -27 -14 -26 -14 -26 -13 -25 -13 -25 -12 -23 -12 -24 -12 -21 -12 -20 -12 -19 -12 0 0 0 0 0 0 0 0 0 0 0 0 0 0 0 0 0 0 0 0 0 0 -13 -2 -13 -1 -14 -1 -15 -1 -16 0 -16 0 -17 1 -17 1 -17 1 -18 2 -17 2 -18 2 -17 2 -18 2 -17 2 -17 2 -15 2 -15 1 -15 1 -14 1 -14 0 -14 0 -14 -2 -15 -3 -15 -5 -16 -7 ]
CSI_DATA,STA,E4:D1:24:F0:BE:00,-67,10,0,0,0,0,0,0,0,0,0,-97,0,5,0,64738650,0,64,0,0,65.1664,128,[64 0 4 0 21 1 24 0 24 0 25 1 27 0 28 0 28 0 30 -2 30 -1 30 -3 30 -2 30 -4 30 -2 30 -3 30 -4 28 -3 29 -3 27 -3 28 -3 26 -3 24 -2 25 -2 25 0 25 1 22 0 0 0 0 0 0 0 0 0 0 0 0 0 0 0 0 0 0 0 0 0 0 0 8 -8 9 -8 9 -9 8 -10 9 -10 9 -12 9 -11 9 -13 10 -12 9 -12 11 -12 10 -14 9 -13 10 -12 10 -12 9 -12 9 -11 8 -9 9 -9 8 -7 9 -8 10 -5 10 -5 12 -4 14 -3 16 -4 ]
CSI_DATA,STA,E4:D1:24:F0:BE:00,-67,10,0,0,0,0,0,0,0,0,0,-97,0,5,0,64840043,0,399,0,0,65.2323,128,[-113 -15 24 0 -24 16 -26 18 -27 17 -28 19 -28 19 -28 21 -27 23 -29 22 -30 24 -30 25 -29 24 -28 26 -27 25 -27 24 -25 24 -26 23 -26 23 -25 23 -24 22 -23 21 -22 20 -22 19 -22 17 -21 15 -21 13 0 0 0 0 0 0 0 0 0 0 0 0 0 0 0 0 0 0 0 0 0 0 -6 6 -5 6 -5 8 -4 8 -4 9 -3 10 -2 11 -1 11 -2 11 -1 12 -1 12 -1 13 -1 12 -2 13 -1 12 -2 12 -3 12 -4 11 -4 12 -5 10 -7 13 -8 12 -10 12 -11 12 -15 13 -18 13 ]
CSI_DATA,STA,E4:D1:24:F0:BE:00,-67,10,0,0,0,0,0,0,0,0,0,-97,0,5,0,64942445,0,399,0,0,65.3348,128,[-113 -15 24 0 22 -1 21 2 21 3 22 4 21 4 24 4 23 5 25 4 25 6 25 5 26 7 25 6 25 7 25 6 25 6 25 7 24 6 25 5 23 6 23 6 22 6 20 5 19 6 18 7 18 6 0 0 0 0 0 0 0 0 0 0 0 0 0 0 0 0 0 0 0 0 0 0 11 7 12 6 13 5 13 4 14 3 14 2 15 2 16 0 17 0 17 -1 17 -2 17 -2 18 -3 19 -4 18 -5 18 -5 19 -6 17 -7 18 -7 18 -7 17 -7 18 -7 18 -7 18 -7 19 -5 21 -4 ]
CSI_DATA,STA,E4:D1:24:F0:BE:00,-66,10,0,0,0,0,0,0,0,0,0,-97,0,5,0,65044846,0,399,0,0,65.437,128,[-113 -15 24 0 6 -30 6 -29 8 -30 9 -29 7 -29 8 -29 9 -29 9 -29 9 -29 10 -29 10 -28 10 -27 10 -27 10 -27 10 -25 10 -24 9 -25 10 -24 9 -22 9 -21 8 -20 8 -19 9 -17 8 -16 9 -15 0 0 0 0 0 0 0 0 0 0 0 0 0 0 0 0 0 0 0 0 0 0 12 -14 12 -14 11 -15 11 -15 10 -16 10 -17 9 -17 8 -18 8 -18 8 -19 7 -18 6 -20 6 -20 5 -20 5 -20 5 -21 3 -20 5 -22 3 -22 3 -22 2 -24 3 -23 2 -25 4 -26 4 -27 5 -29 ]
CSI_DATA,STA,E4:D1:24:F0:BE:00,-68,10,0,0,0,0,0,0,0,0,0,-97,0,5,0,65147248,0,399,0,0,65.5395,128,[-113 -15 24 0 3 16 1 15 -3 15 -6 15 -7 16 -9 16 -11 17 -13 18 -14 19 -15 19 -16 20 -16 21 -18 20 -17 20 -17 20 -18 20 -18 20 -18 20 -19 18 -18 17 -18 16 -16 16 -16 15 -18 15 -16 11 0 0 0 0 0 0 0 0 0 0 0 0 0 0 0 0 0 0 0 0 0 0 -4 16 -5 16 -3 19 -3 18 -3 20 -2 20 0 21 1 23 2 23 3 23 3 23 5 24 6 24 8 25 8 24 9 25 10 22 12 22 12 20 13 21 14 20 13 19 13 18 13 16 11 17 10 17 ]
CSI_DATA,STA,E4:D1:24:F0:BE:00,-67,10,0,0,0,0,0,0,0,0,0,-97,0,5,0,65249650,0,399,0,0,65.642,128,[-113 -15 24 0 18 22 17 21 15 21 15 20 13 21 12 21 12 22 11 21 11 21 10 21 9 21 8 21 7 22 6 21 6 20 6 21 4 20 3 20 2 20 2 18 2 17 1 17 0 15 -1 15 -1 12 0 0 0 0 0 0 0 0 0 0 0 0 0 0 0 0 0 0 0 0 0 0 0 17 -1 17 1 17 1 16 2 17 3 17 5 19 6 19 6 20 7 18 9 18 11 20 11 20 12 20 13 20 14 20 15 19 15 20 16 19 18 20 18 19 19 18 20 19 21 19 21 20 21 20 ]
CSI_DATA,STA,E4:D1:24:F0:BE:00,-66,10,0,0,0,0,0,0,0,0,0,-97,0,5,0,65352052,0,399,0,0,65.7443,128,[-113 -15 24 0 -26 -14 -26 -14 -27 -15 -26 -15 -27 -15 -27 -16 -27 -17 -28 -16 -28 -16 -29 -16 -29 -16 -29 -15 -27 -15 -28 -15 -27 -14 -27 -14 -26 -14 -25 -14 -24 -15 -24 -14 -23 -14 -22 -13 -20 -13 -19 -13 -17 -14 0 0 0 0 0 0 0 0 0 0 0 0 0 0 0 0 0 0 0 0 0 0 -4 -13 -4 -12 -6 -12 -7 -12 -7 -11 -8 -10 -9 -11 -11 -10 -10 -10 -12 -9 -12 -9 -14 -9 -14 -9 -14 -9 -14 -10 -16 -9 -16 -7 -16 -8 -16 -9 -17 -8 -18 -9 -19 -10 -19 -10 -20 -10 -22 -11 -22 -13 ]
CSI_DATA,STA,E4:D1:24:F0:BE:00,-66,10,0,0,0,0,0,0,0,0,0,-97,0,5,0,65454454,0,399,0,0,65.8467,128,[-113 -15 24 0 -19 24 -19 23 -19 21 -19 20 -20 19 -19 18 -19 18 -20 17 -20 17 -19 16 -20 15 -20 15 -20 14 -20 13 -19 12 -19 12 -19 11 -19 11 -19 10 -18 10 -17 8 -17 7 -17 7 -17 6 -15 4 0 0 0 0 0 0 0 0 0 0 0 0 0 0 0 0 0 0 0 0 0 0 -17 2 -18 2 -18 3 -17 4 -17 5 -19 6 -19 8 -18 10 -19 11 -18 11 -18 13 -19 13 -18 14 -19 15 -19 16 -19 17 -19 18 -18 18 -18 20 -18 21 -17 21 -17 21 -17 22 -18 23 -18 24 -19 24 ]
CSI_DATA,STA,E4:D1:24:F0:BE:00,-66,10,0,0,0,0,0,0,0,0,0,-97,0,5,0,65556856,0,399,0,0,65.9492,128,[-113 -15 24 0 -15 21 -16 20 -16 20 -16 21 -16 22 -17 22 -16 23 -17 23 -18 24 -18 23 -18 24 -17 24 -17 24 -17 24 -16 23 -17 23 -17 23 -16 23 -16 22 -15 21 -16 20 -14 20 -15 19 -15 18 -14 16 0 0 0 0 0 0 0 0 0 0 0 0 0 0 0 0 0 0 0 0 0 0 -10 8 -10 8 -10 9 -10 10 -9 11 -10 12 -10 13 -9 14 -9 15 -10 14 -9 15 -9 16 -8 16 -8 16 -9 17 -8 17 -9 17 -8 17 -8 16 -9 16 -8 17 -9 16 -9 18 -10 18 -11 18 -12 19 ]
CSI_DATA,STA,E4:D1:24:F0:BE:00,-67,10,0,0,0,0,0,0,0,0,0,-97,0,5,0,65659258,0,399,0,0,66.0515,128,[-113 -15 24 0 -11 -24 -11 -23 -9 -23 -8 -22 -8 -21 -5 -20 -4 -20 -3 -19 -1 -18 -1 -18 0 -18 2 -17 3 -17 4 -16 4 -15 5 -15 5 -14 5 -14 6 -13 6 -12 6 -11 7 -10 7 -10 7 -9 8 -7 0 0 0 0 0 0 0 0 0 0 0 0 0 0 0 0 0 0 0 0 0 0 4 -15 4 -15 3 -15 1 -16 0 -17 1 -18 -2 -19 -2 -20 -3 -21 -4 -21 -4 -22 -4 -23 -5 -24 -7 -24 -7 -24 -8 -25 -8 -25 -10 -25 -10 -25 -12 -25 -12 -26 -13 -26 -13 -26 -14 -26 -14 -27 -15 -27 ]
CSI_DATA,STA,E4:D1:24:F0:BE:00,-70,10,0,0,0,0,0,0,0,0,0,-97,0,5,0,65761659,0,399,0,0,66.154,128,[-113 -15 24 0 -8 -21 -5 -20 -2 -19 1 -19 3 -18 4 -17 8 -17 9 -16 10 -16 13 -16 15 -15 17 -16 17 -15 18 -14 18 -13 20 -13 20 -14 19 -12 21 -11 19 -10 19 -9 19 -9 17 -7 18 -5 19 -5 0 0 0 0 0 0 0 0 0 0 0 0 0 0 0 0 0 0 0 0 0 0 9 -16 8 -17 6 -17 7 -19 5 -21 5 -23 5 -23 3 -24 3 -26 3 -27 1 -28 -1 -28 -2 -29 -2 -30 -2 -30 -4 -30 -5 -29 -7 -29 -7 -28 -8 -28 -10 -29 -12 -27 -14 -25 -13 -25 -13 -25 -13 -26 ]
CSI_DATA,STA,E4:D1:24:F0:BE:00,-70,10,0,0,0,0,0,0,0,0,0,-97,0,5,0,65762693,0,64,0,0,66.1885,128,[64 0 4 0 2 17 2 16 -1 17 -4 12 -6 12 -9 12 -10 12 -14 12 -13 12 -14 11 -17 11 -17 9 -19 9 -19 7 -19 8 -20 6 -21 6 -22 4 -20 4 -21 2 -20 2 -19 2 -19 3 -18 -3 -24 0 0 0 0 0 0 0 0 0 0 0 0 0 0 0 0 0 0 0 0 0 0 0 -8 12 -7 13 -6 15 -6 16 -5 17 -3 19 -5 21 -4 20 -4 21 -2 22 0 22 -1 24 1 22 1 25 1 24 3 24 6 25 5 24 5 23 4 23 7 24 8 22 9 22 11 22 9 21 10 20 ]
CSI_DATA,STA,E4:D1:24:F0:BE:00,-68,10,0,0,0,0,0,0,0,0,0,-97,0,5,0,65864061,0,399,0,0,66.2563,128,[-113 -15 24 0 5 33 4 31 3 28 1 26 1 25 0 23 -2 21 -2 19 -4 17 -4 14 -6 14 -6 12 -7 9 -7 8 -7 7 -7 6 -8 5 -7 3 -7 2 -6 1 -6 1 -5 0 -4 0 -3 0 -2 0 0 0 0 0 0 0 0 0 0 0 0 0 0 0 0 0 0 0 0 0 0 0 -5 17 -5 17 -5 17 -5 18 -5 19 -4 20 -4 21 -4 22 -4 23 -4 24 -4 24 -5 25 -4 26 -4 25 -3 26 -3 28 -2 28 -1 29 0 29 2 30 4 31 4 31 5 33 5 34 6 35 7 35 ]
CSI_DATA,STA,E4:D1:24:F0:BE:00,-70,10,0,0,0,0,0,0,0,0,0,-97,0,5,0,65966463,0,399,0,0,66.3588,128,[-113 -15 24 0 25 -22 23 -19 22 -16 20 -14 20 -11 18 -9 18 -7 17 -6 15 -2 14 -1 12 2 11 4 10 6 8 4 6 6 6 6 4 7 3 7 3 7 1 7 1 7 2 8 0 6 0 5 1 6 0 0 0 0 0 0 0 0 0 0 0 0 0 0 0 0 0 0 0 0 0 0 26 -4 24 -3 25 -3 27 -4 27 -4 27 -3 27 -3 28 -4 29 -5 28 -4 28 -4 29 -4 29 -4 29 -6 29 -6 27 -7 27 -8 26 -10 27 -11 26 -12 24 -15 26 -18 23 -18 25 -20 26 -23 26 -25 ]
CSI_DATA,STA,E4:D1:24:F0:BE:00,-68,10,0,0,0,0,0,0,0,0,0,-97,0,5,0,66068865,0,399,0,0,66.4612,128,[-113 -15 24 0 6 26 5 24 4 22 2 21 1 21 -1 20 -3 20 -3 18 -5 19 -7 17 -8 16 -9 16 -10 14 -10 13 -10 12 -12 11 -11 11 -11 10 -12 9 -12 8 -11 8 -12 6 -12 6 -12 4 -10 4 0 0 0 0 0 0 0 0 0 0 0 0 0 0 0 0 0 0 0 0 0 0 -10 14 -9 13 -9 14 -9 15 -8 16 -8 16 -8 18 -7 18 -7 18 -6 19 -6 19 -6 21 -5 21 -4 23 -4 22 -3 22 -3 22 -2 24 0 22 2 22 4 23 4 24 5 25 6 26 6 26 7 26 ]
CSI_DATA,STA,E4:D1:24:F0:BE:00,-67,10,0,0,0,0,0,0,0,0,0,-97,0,5,0,66171267,0,399,0,0,66.5636,128,[-113 -15 24 0 -23 -21 -23 -21 -22 -21 -22 -21 -21 -21 -21 -22 -20 -21 -19 -21 -20 -21 -20 -21 -19 -21 -18 -20 -18 -21 -17 -20 -15 -19 -16 -19 -14 -20 -14 -19 -12 -19 -12 -18 -11 -17 -10 -16 -10 -17 -9 -15 -6 -15 0 0 0 0 0 0 0 0 0 0 0 0 0 0 0 0 0 0 0 0 0 0 -7 -19 -6 -18 -8 -19 -7 -19 -8 -19 -9 -19 -9 -19 -10 -19 -11 -19 -12 -19 -12 -20 -11 -19 -12 -19 -12 -21 -13 -20 -15 -21 -14 -20 -15 -19 -15 -19 -15 -19 -17 -19 -17 -19 -19 -19 -19 -20 -21 -20 -22 -22 ]
CSI_DATA,STA,E4:D1:24:F0:BE:00,-68,10,0,0,0,0,0,0,0,0,0,-97,0,5,0,66273669,0,399,0,0,66.666,128,[-113 -15 24 0 -3 26 -3 25 -3 26 -3 25 -4 24 -6 24 -5 24 -7 23 -8 23 -9 22 -9 21 -10 21 -11 20 -11 19 -12 17 -12 18 -12 17 -14 17 -14 15 -13 15 -14 14 -12 13 -12 12 -13 11 -13 9 0 0 0 0 0 0 0 0 0 0 0 0 0 0 0 0 0 0 0 0 0 0 -16 17 -16 17 -16 18 -16 18 -15 18 -14 20 -15 20 -15 21 -14 22 -14 21 -13 22 -14 22 -12 23 -12 24 -11 23 -12 24 -11 24 -9 25 -8 25 -6 23 -6 25 -6 26 -5 25 -4 26 -3 27 -3 28 ]
CSI_DATA,STA,E4:D1:24:F0:BE:00,-65,10,0,0,0,0,0,0,0,0,0,-97,0,5,0,66376071,0,399,0,0,66.7684,128,[-113 -15 24 0 16 25 17 24 17 22 17 22 18 21 16 21 16 20 15 20 14 20 13 19 13 18 11 18 11 17 10 17 8 16 8 16 7 15 6 15 5 14 4 14 5 13 4 13 3 11 3 10 1 11 0 0 0 0 0 0 0 0 0 0 0 0 0 0 0 0 0 0 0 0 0 0 10 18 9 18 7 18 7 18 8 18 8 18 9 18 8 18 9 19 9 19 10 19 10 20 10 21 10 22 10 22 11 22 10 23 11 24 10 24 11 25 12 25 13 25 13 25 14 26 15 26 16 27 ]
CSI_DATA,STA,E4:D1:24:F0:BE:00,-66,10,0,0,0,0,0,0,0,0,0,-97,0,5,0,66478472,0,399,0,0,66.8708,128,[-113 -15 24 0 5 26 7 27 8 26 9 28 10 28 11 29 12 29 12 29 12 29 12 29 12 29 11 29 10 29 10 27 9 27 9 27 9 27 7 27 7 27 6 25 5 25 5 23 4 23 2 22 2 23 0 0 0 0 0 0 0 0 0 0 0 0 0 0 0 0 0 0 0 0 0 0 4 11 3 10 3 10 2 10 3 10 3 10 3 10 2 11 2 11 2 11 2 12 1 12 1 14 0 14 0 14 -2 14 -2 16 -2 16 -2 17 -3 18 -3 19 -3 20 -3 19 -1 21 0 23 2 24 ]
CSI_DATA,STA,E4:D1:24:F0:BE:00,-70,10,0,0,0,0,0,0,0,0,0,-97,0,5,0,66580874,0,399,0,0,66.973,128,[-113 -15 24 0 10 14 11 15 13 15 13 16 13 16 13 17 13 18 13 18 13 19 13 20 12 20 12 21 11 22 11 21 9 21 9 21 9 22 6 20 6 21 6 20 4 20 4 18 4 17 1 17 2 18 0 0 0 0 0 0 0 0 0 0 0 0 0 0 0 0 0 0 0 0 0 0 -1 30 -1 30 -1 28 -1 28 -1 27 1 27 1 28 1 26 2 27 3 26 3 27 3 25 4 25 4 26 4 24 4 24 3 22 4 22 4 21 4 21 5 18 6 16 5 17 5 17 7 16 9 16 ]
CSI_DATA,STA,E4:D1:24:F0:BE:00,-65,10,0,0,0,0,0,0,0,0,0,-97,0,5,0,66683276,0,399,0,0,67.0755,128,[-113 -15 24 0 15 27 15 26 15 26 16 25 17 25 16 24 16 23 15 24 14 24 13 24 12 23 11 22 11 21 9 21 8 20 8 20 6 19 5 19 5 18 4 17 4 16 3 15 1 14 0 13 0 13 0 0 0 0 0 0 0 0 0 0 0 0 0 0 0 0 0 0 0 0 0 0 5 19 5 18 4 19 4 18 4 19 4 19 5 19 5 19 5 20 4 20 4 20 4 22 4 23 3 23 4 23 4 24 5 24 5 25 4 25 5 25 6 25 7 26 8 26 9 26 10 28 12 28 ]
CSI_DATA,STA,E4:D1:24:F0:BE:00,-63,10,0,0,0,0,0,0,0,0,0,-97,0,5,0,66785678,0,399,0,0,67.178,128,[-113 -15 24 0 32 -1 31 -2 30 -2 30 -3 29 -4 28 -4 28 -4 26 -5 26 -5 25 -5 24 -4 24 -4 23 -4 22 -4 21 -3 21 -3 20 -2 19 -2 18 -2 17 -1 16 -1 16 -1 16 0 15 0 14 2 0 0 0 0 0 0 0 0 0 0 0 0 0 0 0 0 0 0 0 0 0 0 11 -4 10 -3 11 -2 11 -2 11 -2 12 -2 12 -1 12 -1 13 -1 13 0 13 0 14 0 16 1 16 2 17 2 18 2 19 2 20 3 21 2 22 4 23 3 25 3 25 3 27 2 29 2 30 1 ]
CSI_DATA,STA,E4:D1:24:F0:BE:00,-69,10,0,0,0,0,0,0,0,0,0,-97,0,5,0,66888082,0,399,0,0,67.2804,128,[-113 -15 24 0 14 17 16 17 16 19 19 19 20 19 21 18 23 20 24 20 25 21 26 20 26 20 25 22 25 21 26 20 24 21 25 20 25 20 23 19 23 20 22 19 21 19 20 19 19 20 17 19 16 21 0 0 0 0 0 0 0 0 0 0 0 0 0 0 0 0 0 0 0 0 0 0 11 16 10 14 10 14 9 14 10 13 8 12 8 12 8 11 8 12 7 11 8 10 8 12 7 11 8 11 7 12 4 11 5 11 5 12 3 11 3 12 3 13 4 13 4 13 4 14 5 15 6 17 ]
CSI_DATA,STA,E4:D1:24:F0:BE:00,-69,10,0,0,0,0,0,0,0,0,0,-97,0,5,0,66888801,0,64,0,0,67.31,128,[64 0 4 0 5 -18 3 -21 2 -22 1 -23 2 -26 1 -26 -2 -27 0 -27 -2 -28 -3 -29 -3 -31 -3 -30 -3 -30 -3 -30 -4 -29 -2 -29 -2 -30 -4 -29 -2 -28 -2 -27 -2 -26 -2 -26 -3 -27 -2 -25 8 -20 0 0 0 0 0 0 0 0 0 0 0 0 0 0 0 0 0 0 0 0 0 0 7 -16 9 -15 7 -13 7 -13 5 -12 6 -14 6 -13 4 -14 5 -12 4 -11 5 -12 5 -11 4 -11 6 -10 5 -10 5 -8 6 -11 6 -10 6 -10 7 -9 7 -11 7 -10 6 -10 7 -10 7 -11 6 -14 ]
CSI_DATA,STA,E4:D1:24:F0:BE:00,-65,10,0,0,0,0,0,0,0,0,0,-97,0,5,0,66990484,0,399,0,0,67.3827,128,[-113 -15 24 0 8 -32 9 -32 8 -30 8 -31 8 -30 8 -30 8 -29 8 -29 9 -29 9 -28 9 -26 9 -26 9 -25 10 -23 10 -22 10 -21 11 -20 11 -19 11 -19 11 -17 11 -16 11 -14 12 -14 12 -13 13 -10 0 0 0 0 0 0 0 0 0 0 0 0 0 0 0 0 0 0 0 0 0 0 14 -15 14 -15 14 -14 14 -14 14 -15 13 -15 13 -15 13 -15 13 -15 13 -16 13 -16 14 -17 13 -18 13 -18 13 -18 13 -19 13 -19 13 -20 12 -21 12 -21 12 -23 11 -23 10 -25 10 -26 11 -29 11 -31 ]
CSI_DATA,STA,E4:D1:24:F0:BE:00,-65,10,0,0,0,0,0,0,0,0,0,-97,0,5,0,67092886,0,399,0,0,67.4852,128,[-113 -15 24 0 -31 18 -30 18 -30 16 -28 15 -28 15 -28 15 -28 14 -28 13 -28 13 -27 11 -27 10 -25 8 -25 7 -25 7 -23 6 -23 4 -22 4 -21 3 -21 2 -20 2 -19 1 -18 0 -17 -1 -16 -2 -14 -1 0 0 0 0 0 0 0 0 0 0 0 0 0 0 0 0 0 0 0 0 0 0 -23 -3 -21 -4 -21 -4 -20 -3 -21 -3 -21 -3 -21 -1 -21 -1 -21 0 -22 0 -21 1 -22 0 -21 1 -23 2 -23 3 -24 4 -23 4 -25 5 -23 6 -24 7 -25 8 -25 9 -27 11 -28 12 -29 14 -29 15 ]
CSI_DATA,STA,E4:D1:24:F0:BE:00,-63,10,0,0,0,0,0,0,0,0,0,-97,0,5,0,67195287,0,399,0,0,67.5876,128,[-113 -15 24 0 -10 -39 -9 -37 -8 -36 -8 -34 -7 -33 -5 -32 -5 -30 -5 -30 -3 -29 -2 -28 -2 -26 0 -24 0 -23 1 -23 3 -21 3 -20 4 -19 4 -18 5 -17 5 -16 5 -15 6 -14 6 -13 7 -12 8 -10 0 0 0 0 0 0 0 0 0 0 0 0 0 0 0 0 0 0 0 0 0 0 4 -22 4 -21 5 -21 5 -21 5 -20 5 -21 4 -22 4 -22 3 -22 3 -23 2 -23 2 -24 2 -25 2 -25 1 -27 0 -28 -1 -28 -1 -29 -2 -30 -2 -30 -4 -32 -5 -33 -7 -34 -7 -36 -8 -37 -9 -39 ]
CSI_DATA,STA,E4:D1:24:F0:BE:00,-67,10,0,0,0,0,0,0,0,0,0,-97,0,5,0,67297689,0,399,0,0,67.6898,128,[-113 -15 24 0 24 -13 23 -13 24 -10 23 -11 24 -10 24 -9 23 -8 22 -8 22 -7 22 -8 21 -7 21 -5 20 -4 19 -3 19 -3 18 -1 17 0 17 0 16 0 15 1 14 1 13 2 12 2 12 2 11 4 0 0 0 0 0 0 0 0 0 0 0 0 0 0 0 0 0 0 0 0 0 0 21 2 20 2 20 2 20 2 21 2 21 2 20 2 20 1 21 1 21 0 20 0 20 -1 21 -1 21 -2 21 -1 21 -2 21 -3 21 -4 21 -5 21 -4 21 -6 23 -7 21 -9 22 -9 23 -10 24 -11 ]
CSI_DATA,STA,E4:D1:24:F0:BE:00,-65,10,0,0,0,0,0,0,0,0,0,-97,0,5,0,67400091,0,399,0,0,67.7923,128,[-113 -15 24 0 12 31 13 31 11 30 12 28 11 29 11 28 10 27 9 27 8 27 7 25 6 25 5 24 4 24 3 23 3 22 2 22 1 22 1 21 0 19 0 19 -1 18 -1 16 -2 16 -3 15 -2 16 0 0 0 0 0 0 0 0 0 0 0 0 0 0 0 0 0 0 0 0 0 0 -1 19 -1 18 0 19 0 19 1 20 0 21 0 21 2 22 2 23 2 22 2 23 3 24 3 25 4 25 5 26 4 26 5 26 5 27 7 27 7 27 9 28 9 29 9 29 10 30 12 31 14 32 ]
CSI_DATA,STA,E4:D1:24:F0:BE:00,-66,10,0,0,0,0,0,0,0,0,0,-97,0,5,0,67502493,0,399,0,0,67.8948,128,[-113 -15 24 0 12 -34 11 -32 12 -30 13 -30 12 -29 13 -29 13 -26 13 -25 13 -24 14 -23 15 -22 14 -21 14 -20 15 -19 14 -17 14 -16 14 -16 14 -15 13 -13 13 -14 13 -13 13 -11 12 -10 12 -10 13 -8 0 0 0 0 0 0 0 0 0 0 0 0 0 0 0 0 0 0 0 0 0 0 18 -8 17 -7 17 -8 16 -8 17 -9 16 -10 15 -11 15 -13 15 -13 15 -14 14 -14 15 -16 15 -17 15 -18 14 -19 14 -20 13 -22 13 -23 13 -24 12 -25 12 -27 13 -28 12 -29 12 -30 13 -32 13 -34 ]
CSI_DATA,STA,E4:D1:24:F0:BE:00,-63,10,0,0,0,0,0,0,0,0,0,-97,0,5,0,67604895,0,399,0,0,67.9972,128,[-113 -15 24 0 -14 29 -13 28 -13 28 -13 27 -12 26 -12 26 -12 26 -12 26 -12 25 -12 24 -12 23 -12 23 -13 22 -12 21 -12 19 -12 19 -12 18 -13 17 -12 17 -12 15 -13 14 -12 13 -12 12 -13 11 -12 11 0 0 0 0 0 0 0 0 0 0 0 0 0 0 0 0 0 0 0 0 0 0 -13 9 -13 9 -13 9 -13 9 -13 9 -12 10 -12 10 -12 11 -12 11 -12 12 -12 12 -12 13 -12 14 -13 13 -13 14 -13 16 -12 16 -13 17 -13 18 -13 19 -12 20 -13 21 -12 23 -13 24 -13 26 -14 27 ]
CSI_DATA,STA,E4:D1:24:F0:BE:00,-66,10,0,0,0,0,0,0,0,0,0,-97,0,5,0,67707297,0,399,0,0,68.0996,128,[-113 -15 24 0 29 -1 29 -2 27 -3 26 -2 26 -1 26 -1 26 -1 26 -1 25 -1 23 0 23 1 22 1 21 2 21 3 19 3 19 3 18 3 18 4 16 5 15 5 14 5 13 5 12 5 10 5 10 7 0 0 0 0 0 0 0 0 0 0 0 0 0 0 0 0 0 0 0 0 0 0 12 8 12 8 12 7 13 7 14 6 14 6 16 6 16 5 17 5 18 5 18 4 19 5 20 5 21 5 20 5 22 3 22 3 22 3 23 3 24 2 25 2 25 1 25 0 27 0 28 -1 29 -1 ]
CSI_DATA,STA,E4:D1:24:F0:BE:00,-66,10,0,0,0,0,0,0,0,0,0,-97,0,5,0,67809699,0,399,0,0,68.2021,128,[-113 -15 24 0 -24 -21 -23 -19 -21 -21 -21 -19 -20 -20 -20 -19 -18 -19 -18 -19 -17 -19 -16 -19 -15 -18 -15 -19 -14 -18 -12 -18 -10 -17 -10 -18 -10 -17 -9 -17 -8 -18 -8 -16 -6 -16 -5 -15 -5 -15 -3 -14 -2 -12 0 0 0 0 0 0 0 0 0 0 0 0 0 0 0 0 0 0 0 0 0 0 -7 -21 -6 -20 -6 -21 -6 -20 -7 -21 -8 -20 -9 -20 -9 -21 -10 -22 -10 -21 -11 -20 -12 -21 -13 -21 -13 -21 -14 -21 -14 -22 -16 -21 -15 -22 -16 -20 -17 -21 -18 -20 -19 -21 -20 -20 -21 -20 -22 -20 -23 -22 ]
CSI_DATA,STA,E4:D1:24:F0:BE:00,-64,10,0,0,0,0,0,0,0,0,0,-97,0,5,0,67912100,0,399,0,0,68.3044,128,[-113 -15 24 0 -32 4 -31 4 -30 4 -30 3 -28 4 -28 4 -26 3 -27 4 -26 2 -26 1 -25 1 -24 0 -23 1 -21 0 -20 0 -20 0 -19 -1 -19 -1 -18 -1 -18 -1 -16 -1 -16 -2 -15 -3 -14 -3 -13 -3 0 0 0 0 0 0 0 0 0 0 0 0 0 0 0 0 0 0 0 0 0 0 -17 -3 -17 -3 -17 -4 -17 -3 -18 -2 -18 -2 -18 -2 -19 -2 -19 -1 -19 -1 -19 -2 -20 -2 -22 -2 -22 -2 -23 -1 -23 -1 -24 -1 -25 0 -25 0 -26 1 -27 1 -28 1 -28 2 -29 2 -30 2 -31 3 ]
CSI_DATA,STA,E4:D1:24:F0:BE:00,-64,10,0,0,0,0,0,0,0,0,0,-97,0,5,0,68014502,0,399,0,0,68.4067,128,[-113 -15 24 0 32 -18 31 -18 30 -17 29 -16 28 -16 27 -16 27 -15 27 -14 27 -14 25 -12 25 -11 25 -10 23 -9 23 -9 22 -8 22 -7 20 -6 19 -6 19 -4 18 -5 18 -3 17 -3 16 -2 15 -1 15 1 0 0 0 0 0 0 0 0 0 0 0 0 0 0 0 0 0 0 0 0 0 0 19 -1 19 -1 19 -1 19 -1 19 -2 19 -2 19 -3 19 -4 20 -4 20 -4 20 -4 21 -4 21 -6 22 -6 22 -7 23 -8 23 -8 24 -10 24 -10 24 -11 25 -12 27 -13 27 -14 29 -15 31 -16 32 -17 ]
CSI_DATA,STA,E4:D1:24:F0:BE:00,-64,10,0,0,0,0,0,0,0,0,0,-97,0,5,0,68116904,0,399,0,0,68.5091,128,[-113 -15 24 0 -13 -37 -12 -36 -13 -36 -12 -34 -11 -35 -10 -34 -10 -32 -9 -32 -8 -32 -7 -31 -6 -30 -6 -28 -5 -27 -5 -26 -4 -23 -3 -24 -2 -22 -2 -22 -1 -21 -1 -19 -1 -19 -1 -17 -1 -16 0 -16 1 -14 0 0 0 0 0 0 0 0 0 0 0 0 0 0 0 0 0 0 0 0 0 0 1 -14 1 -14 0 -14 0 -14 -1 -16 -2 -16 -2 -16 -2 -18 -3 -17 -4 -19 -3 -20 -4 -21 -4 -22 -5 -22 -5 -23 -6 -25 -6 -24 -6 -26 -6 -26 -8 -28 -8 -28 -8 -29 -11 -32 -10 -33 -12 -34 -12 -35 ]
CSI_DATA,STA,E4:D1:24:F0:BE:00,-64,10,0,0,0,0,0,0,0,0,0,-97,0,5,0,68219306,0,399,0,0,68.6116,128,[-113 -15 24 0 18 -29 17 -28 18 -27 17 -27 17 -26 16 -26 17 -26 17 -26 16 -25 17 -24 16 -24 16 -23 16 -21 16 -20 16 -19 15 -18 15 -17 16 -16 15 -15 15 -15 14 -13 13 -12 13 -11 13 -11 12 -8 0 0 0 0 0 0 0 0 0 0 0 0 0 0 0 0 0 0 0 0 0 0 12 -8 12 -8 12 -8 12 -8 12 -9 12 -10 12 -10 13 -11 12 -11 13 -12 13 -13 13 -14 14 -14 14 -14 14 -15 15 -15 15 -16 15 -16 15 -18 15 -18 15 -19 16 -21 15 -22 16 -23 17 -25 18 -27 ]
CSI_DATA,STA,E4:D1:24:F0:BE:00,-63,10,0,0,0,0,0,0,0,0,0,-97,0,5,0,68321708,0,399,0,0,68.714,128,[-113 -15 24 0 -32 14 -33 16 -32 16 -33 17 -32 18 -32 19 -32 18 -32 19 -31 18 -32 17 -31 16 -31 16 -31 16 -29 15 -28 14 -28 13 -28 12 -28 12 -26 11 -26 9 -24 8 -24 8 -23 7 -22 5 -22 5 0 0 0 0 0 0 0 0 0 0 0 0 0 0 0 0 0 0 0 0 0 0 -9 0 -9 0 -8 0 -8 0 -8 0 -9 0 -8 1 -8 1 -8 2 -9 2 -9 2 -10 2 -11 2 -12 2 -13 3 -13 2 -15 2 -15 3 -17 3 -18 4 -19 4 -21 5 -22 7 -25 8 -28 9 -29 11 ]
CSI_DATA,STA,E4:D1:24:F0:BE:00,-65,10,0,0,0,0,0,0,0,0,0,-97,0,5,0,68424110,0,399,0,0,68.8164,128,[-113 -15 24 0 -32 9 -30 9 -28 8 -27 7 -26 6 -25 4 -23 4 -22 3 -21 2 -20 2 -20 0 -18 0 -17 -2 -16 -2 -14 -4 -13 -4 -12 -4 -11 -5 -10 -5 -9 -5 -8 -6 -7 -5 -5 -5 -4 -5 -4 -4 0 0 0 0 0 0 0 0 0 0 0 0 0 0 0 0 0 0 0 0 0 0 -15 -2 -15 -2 -16 -2 -16 -1 -18 -1 -18 0 -19 0 -20 1 -21 1 -22 0 -22 2 -24 0 -25 2 -26 2 -27 2 -27 2 -27 2 -28 4 -29 4 -29 5 -30 6 -30 7 -30 7 -32 8 -32 9 -32 10 ]
CSI_DATA,STA,E4:D1:24:F0:BE:00,-61,10,0,0,0,0,0,0,0,0,0,-97,0,5,0,68526512,0,399,0,0,68.9188,128,[-113 -15 24 0 -31 10 -29 10 -29 11 -28 10 -27 11 -27 11 -26 11 -25 11 -25 11 -24 10 -24 9 -24 9 -22 9 -22 8 -20 7 -21 7 -20 6 -20 6 -19 5 -19 4 -18 2 -18 3 -16 2 -16 1 -16 0 0 0 0 0 0 0 0 0 0 0 0 0 0 0 0 0 0 0 0 0 0 0 -10 3 -10 3 -11 2 -10 2 -11 2 -10 2 -11 2 -11 2 -12 2 -12 2 -13 1 -14 1 -15 1 -15 2 -16 2 -17 2 -17 2 -19 2 -20 3 -22 3 -23 4 -23 4 -25 5 -27 6 -28 6 -29 7 ]
CSI_DATA,STA,E4:D1:24:F0:BE:00,-68,10,0,0,0,0,0,0,0,0,0,-97,0,5,0,68628913,0,399,0,0,69.0212,128,[-113 -15 24 0 -13 20 -11 21 -13 20 -12 22 -14 23 -12 24 -13 25 -14 26 -13 26 -15 26 -14 25 -14 25 -14 25 -14 25 -13 22 -14 24 -14 22 -14 22 -14 21 -14 19 -13 19 -13 18 -12 17 -12 15 -13 15 0 0 0 0 0 0 0 0 0 0 0 0 0 0 0 0 0 0 0 0 0 0 -10 10 -9 9 -8 8 -8 8 -6 9 -7 9 -6 8 -7 9 -5 9 -5 7 -4 8 -5 9 -5 8 -5 7 -4 8 -5 8 -5 7 -6 8 -5 8 -6 8 -6 9 -6 8 -7 10 -7 12 -9 14 -10 15 ]
CSI_DATA,STA,E4:D1:24:F0:BE:00,-66,10,0,0,0,0,0,0,0,0,0,-97,0,5,0,68731315,0,399,0,0,69.1236,128,[-113 -15 24 0 20 20 22 21 22 22 23 23 25 22 25 23 25 22 25 23 25 23 26 23 24 23 25 22 25 22 25 21 24 20 24 21 23 20 23 20 22 19 21 19 21 18 19 18 18 17 17 18 15 19 0 0 0 0 0 0 0 0 0 0 0 0 0 0 0 0 0 0 0 0 0 0 5 10 5 9 6 9 5 8 6 7 6 7 6 7 6 7 7 6 7 5 7 7 7 6 7 6 8 7 9 7 7 6 8 6 8 7 9 8 9 8 10 9 11 10 11 12 13 13 14 14 17 16 ]
CSI_DATA,STA,E4:D1:24:F0:BE:00,-61,10,0,0,0,0,0,0,0,0,0,-97,0,5,0,68833717,0,399,0,0,69.2259,128,[-113 -15 24 0 -28 24 -27 23 -25 22 -24 20 -24 20 -24 20 -22 18 -22 18 -21 17 -20 16 -20 15 -20 14 -18 13 -18 12 -16 10 -17 10 -16 9 -17 9 -15 8 -15 7 -15 6 -14 6 -14 5 -14 4 -14 4 0 0 0 0 0 0 0 0 0 0 0 0 0 0 0 0 0 0 0 0 0 0 -20 12 -20 10 -21 10 -20 9 -21 9 -20 8 -22 8 -21 8 -22 8 -22 8 -22 7 -22 8 -23 9 -23 9 -23 9 -24 11 -24 11 -24 12 -25 13 -25 14 -25 15 -26 16 -27 18 -27 19 -28 20 -28 22 ]
CSI_DATA,STA,E4:D1:24:F0:BE:00,-59,10,0,0,0,0,0,0,0,0,0,-97,0,5,0,68936118,0,399,0,0,69.3284,128,[-113 -15 24 0 -27 -24 -28 -24 -26 -22 -26 -21 -26 -20 -26 -19 -24 -18 -24 -18 -23 -18 -23 -17 -22 -16 -21 -16 -21 -16 -19 -15 -18 -15 -17 -14 -16 -14 -16 -15 -15 -14 -14 -14 -13 -14 -12 -13 -11 -14 -10 -14 -9 -14 0 0 0 0 0 0 0 0 0 0 0 0 0 0 0 0 0 0 0 0 0 0 -14 -11 -12 -12 -12 -13 -12 -13 -11 -14 -11 -14 -11 -15 -11 -15 -11 -15 -10 -16 -11 -16 -11 -16 -11 -18 -11 -18 -12 -19 -12 -19 -13 -19 -14 -20 -16 -21 -16 -21 -17 -21 -19 -22 -19 -22 -22 -23 -23 -25 -25 -26 ]
CSI_DATA,STA,E4:D1:24:F0:BE:00,-59,10,0,0,0,0,0,0,0,0,0,-97,0,5,0,68936819,0,64,0,0,69.3687,128,[64 0 4 0 -36 -4 -33 -4 -35 -4 -32 -4 -32 -3 -31 -3 -30 -3 -29 -3 -29 -3 -28 -3 -27 -3 -26 -3 -24 -3 -24 -4 -21 -3 -22 -4 -21 -5 -20 -5 -19 -6 -18 -6 -18 -6 -17 -7 -16 -7 -16 -8 -12 -6 0 0 0 0 0 0 0 0 0 0 0 0 0 0 0 0 0 0 0 0 0 0 -18 0 -17 -2 -18 -2 -17 -3 -17 -5 -17 -4 -17 -5 -17 -5 -17 -6 -19 -6 -17 -6 -19 -6 -20 -7 -19 -8 -20 -8 -21 -8 -21 -8 -23 -8 -23 -8 -25 -9 -26 -8 -27 -8 -29 -8 -31 -7 -33 -7 -34 -7 ]
CSI_DATA,STA,E4:D1:24:F0:BE:00,-63,10,0,0,0,0,0,0,0,0,0,-97,0,5,0,69038520,0,399,0,0,69.4308,128,[-113 -15 24 0 27 -18 26 -17 26 -19 25 -18 24 -19 25 -20 24 -19 23 -20 24 -20 24 -19 23 -18 22 -17 22 -17 22 -17 21 -17 22 -15 21 -15 20 -15 21 -14 20 -13 20 -13 20 -12 19 -11 19 -10 19 -8 0 0 0 0 0 0 0 0 0 0 0 0 0 0 0 0 0 0 0 0 0 0 20 -11 19 -11 20 -9 20 -7 20 -8 19 -7 19 -7 19 -7 19 -7 19 -6 18 -6 18 -6 20 -6 19 -6 19 -5 19 -6 19 -7 21 -8 20 -8 21 -8 22 -9 23 -10 23 -11 25 -11 26 -13 26 -14 ]
CSI_DATA,STA,E4:D1:24:F0:BE:00,-60,10,0,0,0,0,0,0,0,0,0,-97,0,5,0,69140922,0,399,0,0,69.5332,128,[-113 -15 24 0 34 1 33 0 33 -1 32 -2 32 -3 31 -3 31 -3 30 -4 30 -4 29 -5 29 -4 28 -4 27 -3 27 -3 26 -2 26 -1 25 -1 25 0 24 1 24 1 23 2 22 2 22 3 21 4 20 5 0 0 0 0 0 0 0 0 0 0 0 0 0 0 0 0 0 0 0 0 0 0 14 -5 13 -4 14 -3 14 -2 14 -1 14 0 15 1 15 1 16 2 16 2 16 2 17 3 18 4 18 4 19 5 20 5 20 5 22 6 23 5 24 6 25 6 26 6 28 6 29 5 31 4 33 3 ]
CSI_DATA,STA,E4:D1:24:F0:BE:00,-60,10,0,0,0,0,0,0,0,0,0,-97,0,5,0,69243324,0,399,0,0,69.6356,128,[-113 -15 24 0 11 26 10 24 10 23 9 22 9 21 8 19 7 18 6 17 5 16 5 14 4 13 4 12 3 11 2 11 2 10 1 8 1 9 1 7 1 7 0 6 0 5 0 5 0 5 -1 5 -1 4 0 0 0 0 0 0 0 0 0 0 0 0 0 0 0 0 0 0 0 0 0 0 9 19 8 20 6 20 6 20 5 21 5 21 4 21 4 21 4 22 3 22 4 22 4 23 4 23 4 23 4 24 4 24 4 25 5 25 5 25 6 26 7 26 7 28 8 28 9 28 9 28 10 30 ]
CSI_DATA,STA,E4:D1:24:F0:BE:00,-62,10,0,0,0,0,0,0,0,0,0,-97,0,5,0,69345725,0,399,0,0,69.738,128,[-113 -15 24 0 -14 -26 -15 -26 -14 -25 -14 -25 -14 -24 -15 -24 -14 -24 -14 -23 -13 -23 -13 -23 -13 -23 -12 -22 -12 -22 -12 -21 -11 -21 -10 -20 -10 -20 -11 -20 -10 -19 -9 -19 -9 -18 -8 -18 -7 -18 -7 -18 -7 -18 0 0 0 0 0 0 0 0 0 0 0 0 0 0 0 0 0 0 0 0 0 0 -7 -17 -5 -17 -6 -17 -5 -17 -5 -17 -5 -16 -5 -17 -5 -16 -5 -16 -5 -16 -5 -16 -5 -17 -5 -17 -5 -17 -6 -17 -6 -17 -7 -17 -7 -18 -8 -19 -8 -19 -9 -20 -9 -20 -10 -21 -11 -23 -12 -24 -13 -25 ]
CSI_DATA,STA,E4:D1:24:F0:BE:00,-59,10,0,0,0,0,0,0,0,0,0,-97,0,5,0,69448127,0,399,0,0,69.8404,128,[-113 -15 24 0 25 25 26 24 25 22 25 21 25 20 25 20 25 19 25 18 24 17 24 17 24 16 23 16 23 16 22 14 21 14 21 15 21 15 20 15 19 15 19 15 18 14 17 15 16 15 15 16 14 16 0 0 0 0 0 0 0 0 0 0 0 0 0 0 0 0 0 0 0 0 0 0 11 6 11 6 10 7 10 8 10 8 11 9 11 9 11 10 11 11 11 11 11 12 11 13 12 14 12 14 12 16 12 16 13 17 13 18 14 19 14 20 15 20 17 22 18 22 19 24 21 24 23 26 ]
CSI_DATA,STA,E4:D1:24:F0:BE:00,-58,10,0,0,0,0,0,0,0,0,0,-97,0,5,0,69550529,0,399,0,0,69.9427,128,[-113 -15 24 0 -40 6 -38 8 -36 8 -36 8 -35 9 -34 8 -32 8 -31 8 -30 8 -29 8 -28 7 -27 7 -26 6 -25 6 -24 5 -24 4 -23 4 -23 3 -22 2 -21 2 -21 1 -20 0 -20 0 -19 -1 -19 -3 0 0 0 0 0 0 0 0 0 0 0 0 0 0 0 0 0 0 0 0 0 0 -16 3 -17 2 -17 1 -17 0 -17 0 -18 0 -18 -1 -18 -1 -19 -1 -19 -1 -19 -1 -20 -2 -22 -1 -22 -1 -23 -2 -24 -2 -25 -2 -26 -2 -28 -1 -29 0 -31 1 -32 1 -33 2 -35 3 -37 5 -38 5 ]
CSI_DATA,STA,E4:D1:24:F0:BE:00,-61,10,0,0,0,0,0,0,0,0,0,-97,0,5,0,69652931,0,399,0,0,70.0451,128,[-113 -15 24 0 -1 38 0 36 -2 35 -2 33 -2 32 -2 30 -3 28 -3 26 -4 25 -5 24 -5 21 -5 20 -6 18 -6 18 -6 15 -6 14 -6 13 -6 13 -6 11 -6 10 -6 9 -6 8 -7 8 -6 7 -7 6 0 0 0 0 0 0 0 0 0 0 0 0 0 0 0 0 0 0 0 0 0 0 -7 19 -8 18 -8 18 -9 17 -10 17 -9 17 -10 17 -9 18 -9 18 -9 18 -9 18 -9 18 -9 19 -9 20 -8 20 -8 22 -7 23 -7 24 -6 25 -5 26 -4 28 -3 29 -3 32 -2 34 -3 36 -2 38 ]
CSI_DATA,STA,E4:D1:24:F0:BE:00,-64,10,0,0,0,0,0,0,0,0,0,-97,0,5,0,69755333,0,399,0,0,70.1477,128,[-113 -15 24 0 -3 -20 -2 -19 -1 -20 -1 -19 -1 -20 -1 -20 -1 -20 -1 -19 -1 -21 -2 -21 -2 -20 -2 -21 -2 -20 -3 -21 -2 -20 -2 -20 -2 -20 -2 -20 -2 -21 -2 -20 -3 -19 -2 -20 -2 -19 -1 -19 -1 -19 0 0 0 0 0 0 0 0 0 0 0 0 0 0 0 0 0 0 0 0 0 0 -6 -25 -4 -25 -5 -25 -4 -24 -4 -24 -4 -23 -5 -23 -5 -23 -5 -22 -5 -22 -5 -22 -6 -21 -5 -21 -5 -21 -6 -21 -6 -21 -6 -20 -6 -20 -6 -18 -5 -19 -6 -19 -6 -19 -5 -19 -4 -19 -4 -20 -3 -21 ]
CSI_DATA,STA,E4:D1:24:F0:BE:00,-59,10,0,0,0,0,0,0,0,0,0,-97,0,5,0,69857735,0,399,0,0,70.2501,128,[-113 -15 24 0 -30 21 -29 21 -28 21 -27 21 -26 22 -26 21 -25 21 -25 21 -24 21 -23 20 -23 20 -23 19 -22 18 -22 17 -21 16 -21 15 -21 15 -21 14 -20 13 -20 12 -20 11 -20 10 -19 9 -19 8 -20 6 0 0 0 0 0 0 0 0 0 0 0 0 0 0 0 0 0 0 0 0 0 0 -9 8 -9 7 -10 7 -10 7 -11 6 -11 6 -11 7 -12 6 -13 7 -13 6 -13 7 -15 7 -15 7 -16 7 -17 7 -18 8 -19 9 -20 9 -21 10 -22 10 -23 11 -24 12 -25 14 -27 15 -28 17 -29 19 ]
CSI_DATA,STA,E4:D1:24:F0:BE:00,-60,10,0,0,0,0,0,0,0,0,0,-97,0,5,0,69960137,0,399,0,0,70.3525,128,[-113 -15 24 0 -36 -12 -34 -12 -32 -11 -31 -11 -30 -9 -28 -10 -26 -9 -25 -9 -23 -9 -22 -9 -21 -9 -19 -8 -18 -9 -16 -8 -14 -9 -13 -8 -12 -8 -11 -8 -10 -7 -9 -7 -8 -7 -8 -6 -7 -6 -7 -6 -6 -7 0 0 0 0 0 0 0 0 0 0 0 0 0 0 0 0 0 0 0 0 0 0 -19 -9 -19 -10 -19 -11 -19 -12 -18 -12 -18 -12 -18 -12 -19 -13 -19 -14 -19 -14 -19 -14 -19 -15 -20 -15 -21 -15 -21 -16 -22 -15 -22 -16 -24 -16 -25 -15 -26 -15 -28 -15 -29 -15 -30 -14 -32 -14 -34 -14 -35 -14 ]
CSI_DATA,STA,E4:D1:24:F0:BE:00,-60,10,0,0,0,0,0,0,0,0,0,-97,0,5,0,69960874,0,64,0,0,70.3906,128,[64 0 4 0 33 -2 31 -2 31 -3 28 -2 27 -2 26 -2 25 -2 23 -1 23 -1 21 0 20 0 18 1 16 2 16 2 13 2 13 2 12 2 11 1 10 2 9 2 8 3 7 3 6 3 6 5 6 0 0 0 0 0 0 0 0 0 0 0 0 0 0 0 0 0 0 0 0 0 0 0 18 -1 17 0 19 1 18 2 19 2 18 3 19 3 20 3 19 3 20 5 19 5 20 5 21 5 21 5 22 5 24 5 23 4 25 4 24 3 26 3 28 1 29 2 31 1 32 1 33 0 34 -1 ]
CSI_DATA,STA,E4:D1:24:F0:BE:00,-64,10,0,0,0,0,0,0,0,0,0,-97,0,5,0,70062538,0,399,0,0,70.4548,128,[-113 -15 24 0 -2 30 -3 28 -3 26 -4 22 -3 21 -4 19 -3 16 -3 15 -3 12 -3 11 -3 8 -3 6 -3 6 -2 5 -2 3 -1 3 0 2 0 1 1 0 0 0 0 1 0 0 1 0 1 0 1 0 0 0 0 0 0 0 0 0 0 0 0 0 0 0 0 0 0 0 0 0 0 0 -2 26 -3 25 -5 26 -7 25 -8 26 -8 25 -8 26 -9 25 -9 25 -10 25 -10 24 -11 25 -10 25 -11 25 -11 25 -11 26 -10 26 -9 27 -8 27 -8 28 -7 29 -5 30 -6 30 -4 31 -4 33 -4 34 ]
CSI_DATA,STA,E4:D1:24:F0:BE:00,-65,10,0,0,0,0,0,0,0,0,0,-97,0,5,0,70164940,0,399,0,0,70.5573,128,[-113 -15 24 0 28 -2 25 -2 21 -2 19 -2 15 -3 13 -3 10 -4 8 -6 6 -6 4 -7 2 -7 2 -8 1 -9 0 -10 0 -11 0 -12 1 -13 1 -12 2 -13 3 -14 3 -13 4 -12 4 -13 5 -11 7 -11 0 0 0 0 0 0 0 0 0 0 0 0 0 0 0 0 0 0 0 0 0 0 17 -4 18 -3 17 -2 18 -2 18 -2 19 -3 19 -3 20 -2 21 -2 20 -2 21 -2 22 -2 24 -2 24 -1 25 -2 26 -3 27 -3 28 -3 29 -4 29 -4 31 -4 33 -5 32 -5 33 -4 34 -4 35 -4 ]
CSI_DATA,STA,E4:D1:24:F0:BE:00,-65,10,0,0,0,0,0,0,0,0,0,-97,0,5,0,70267342,0,399,0,0,70.6595,128,[-113 -15 24 0 -12 24 -10 21 -9 15 -6 12 -5 8 -4 4 -2 0 0 -2 2 -4 3 -7 5 -10 6 -11 6 -13 9 -14 10 -14 12 -15 13 -15 14 -16 16 -16 16 -15 17 -15 18 -15 19 -13 20 -11 21 -11 0 0 0 0 0 0 0 0 0 0 0 0 0 0 0 0 0 0 0 0 0 0 -16 24 -17 24 -19 24 -20 24 -21 24 -22 23 -23 24 -23 25 -24 24 -24 25 -24 24 -25 24 -25 26 -25 26 -24 26 -26 28 -23 29 -23 29 -22 30 -21 31 -20 32 -19 34 -17 33 -18 33 -17 33 -17 34 ]
CSI_DATA,STA,E4:D1:24:F0:BE:00,-61,10,0,0,0,0,0,0,0,0,0,-97,0,5,0,70369744,0,399,0,0,70.762,128,[-113 -15 24 0 -14 -25 -15 -23 -16 -22 -17 -21 -19 -19 -19 -18 -21 -18 -22 -18 -23 -18 -23 -18 -23 -17 -24 -18 -23 -19 -23 -19 -21 -19 -22 -21 -20 -22 -20 -23 -19 -24 -17 -24 -16 -25 -14 -25 -12 -26 -10 -26 -6 -27 0 0 0 0 0 0 0 0 0 0 0 0 0 0 0 0 0 0 0 0 0 0 -4 -10 -3 -11 -3 -12 -3 -12 -3 -13 -3 -13 -2 -14 -2 -15 -2 -15 -2 -16 -1 -16 -2 -17 -1 -19 -1 -19 -2 -20 -2 -22 -2 -22 -3 -23 -3 -25 -3 -25 -4 -26 -4 -27 -5 -28 -6 -28 -7 -29 -9 -29 ]
CSI_DATA,STA,E4:D1:24:F0:BE:00,-58,10,0,0,0,0,0,0,0,0,0,-97,0,5,0,70472146,0,399,0,0,70.8645,128,[-113 -15 24 0 18 -25 17 -26 15 -26 14 -26 14 -27 13 -27 13 -27 12 -28 12 -28 12 -28 12 -28 12 -27 12 -26 13 -26 14 -25 15 -25 15 -24 16 -23 16 -22 17 -20 18 -19 18 -18 19 -17 19 -15 21 -13 0 0 0 0 0 0 0 0 0 0 0 0 0 0 0 0 0 0 0 0 0 0 4 -5 5 -5 6 -5 6 -5 7 -5 7 -5 8 -5 9 -6 9 -6 10 -6 10 -6 11 -7 12 -7 13 -8 13 -8 14 -9 15 -10 15 -11 17 -11 17 -12 18 -14 19 -15 18 -17 19 -18 19 -20 20 -23 ]
CSI_DATA,STA,E4:D1:24:F0:BE:00,-56,10,0,0,0,0,0,0,0,0,0,-97,0,5,0,70574548,0,399,0,0,70.9668,128,[-113 -15 24 0 33 18 32 17 31 16 31 15 31 14 30 13 29 13 29 12 28 12 27 12 26 11 25 11 24 11 23 11 22 11 22 11 21 12 20 12 19 12 18 12 17 12 16 13 15 13 13 14 12 15 0 0 0 0 0 0 0 0 0 0 0 0 0 0 0 0 0 0 0 0 0 0 9 2 8 3 9 4 9 5 9 5 9 6 10 7 10 7 11 8 11 8 11 9 12 9 12 10 13 11 14 12 15 13 16 13 17 14 19 14 20 15 21 16 23 16 24 17 27 18 28 19 30 19 ]
CSI_DATA,STA,E4:D1:24:F0:BE:00,-60,10,0,0,0,0,0,0,0,0,0,-97,0,5,0,70676950,0,399,0,0,71.0693,128,[-113 -15 24 0 25 31 25 30 25 29 26 28 26 27 26 27 25 26 25 26 24 25 24 25 23 24 22 24 21 23 21 23 19 22 19 22 18 22 17 22 16 22 16 21 15 21 14 21 13 21 11 21 10 21 0 0 0 0 0 0 0 0 0 0 0 0 0 0 0 0 0 0 0 0 0 0 2 1 2 2 2 2 2 2 3 2 3 3 3 4 4 4 4 5 5 5 5 6 6 7 6 9 7 10 7 11 8 12 8 13 9 15 11 16 11 18 13 19 15 21 16 23 18 25 20 27 22 29 ]
CSI_DATA,STA,E4:D1:24:F0:BE:00,-59,10,0,0,0,0,0,0,0,0,0,-97,0,5,0,70779351,0,399,0,0,71.1717,128,[-113 -15 24 0 -6 37 -4 37 -3 35 -3 34 -2 34 -3 33 -1 32 -1 32 -2 31 -1 31 -1 30 -2 29 -2 28 -2 27 -2 26 -2 26 -3 26 -4 25 -4 24 -4 24 -6 23 -6 22 -7 21 -8 20 -9 20 0 0 0 0 0 0 0 0 0 0 0 0 0 0 0 0 0 0 0 0 0 0 -1 4 -1 4 -2 4 -1 4 -2 5 -2 5 -2 6 -2 6 -2 7 -2 8 -2 9 -2 10 -3 11 -3 12 -3 13 -4 15 -4 16 -5 18 -5 20 -5 22 -5 24 -6 26 -6 27 -7 30 -6 33 -6 35 ]
CSI_DATA,STA,E4:D1:24:F0:BE:00,-59,10,0,0,0,0,0,0,0,0,0,-97,0,5,0,70881755,0,399,0,0,71.2741,128,[-113 -15 24 0 41 3 41 2 40 1 39 0 38 0 38 0 37 0 36 -1 36 -2 35 -2 34 -2 33 -1 32 -1 31 -1 30 0 30 0 29 1 29 1 28 2 27 3 26 4 25 4 25 5 24 6 24 9 0 0 0 0 0 0 0 0 0 0 0 0 0 0 0 0 0 0 0 0 0 0 1 2 1 2 1 1 1 1 2 1 3 1 3 1 4 0 5 1 6 1 7 1 9 1 10 1 12 1 13 2 15 2 16 2 18 3 21 3 23 4 25 4 27 4 30 4 33 3 36 4 38 4 ]
CSI_DATA,STA,E4:D1:24:F0:BE:00,-60,10,0,0,0,0,0,0,0,0,0,-97,0,5,0,70984157,0,399,0,0,71.3765,128,[-113 -15 24 0 15 30 15 29 15 29 15 28 16 28 15 27 16 26 16 26 15 25 15 24 15 24 14 23 13 23 13 22 12 21 12 22 11 22 11 21 10 21 9 21 8 21 8 21 6 20 5 21 4 21 0 0 0 0 0 0 0 0 0 0 0 0 0 0 0 0 0 0 0 0 0 0 -3 4 -4 4 -3 4 -3 3 -3 3 -2 3 -2 4 -2 4 -1 4 -1 5 0 6 0 7 1 7 1 8 2 10 2 11 3 13 3 14 5 15 5 17 6 18 8 20 8 22 10 24 11 26 11 28 ]
CSI_DATA,STA,E4:D1:24:F0:BE:00,-60,10,0,0,0,0,0,0,0,0,0,-97,0,5,0,70984903,0,64,0,0,71.405,128,[64 0 4 0 33 1 33 1 33 1 32 0 32 0 31 -1 31 0 30 -2 30 0 29 0 28 0 27 0 25 0 26 0 24 0 25 2 24 1 24 1 23 2 22 3 22 3 22 6 21 7 21 8 17 7 0 0 0 0 0 0 0 0 0 0 0 0 0 0 0 0 0 0 0 0 0 0 2 4 1 4 2 4 1 3 2 3 2 3 3 3 3 3 4 2 4 2 5 3 6 3 7 3 8 2 9 2 11 3 12 3 14 3 16 3 18 3 19 3 21 2 24 4 27 4 28 4 31 3 ]
CSI_DATA,STA,E4:D1:24:F0:BE:00,-59,10,0,0,0,0,0,0,0,0,0,-97,0,5,0,71086559,0,399,0,0,71.4788,128,[-113 -15 24 0 17 24 17 24 18 23 18 23 19 22 18 22 19 21 18 22 19 21 19 20 19 19 18 19 18 19 17 19 16 18 17 19 16 19 14 19 15 19 14 19 13 19 13 18 12 18 11 19 10 19 0 0 0 0 0 0 0 0 0 0 0 0 0 0 0 0 0 0 0 0 0 0 2 1 2 1 2 1 2 2 2 2 3 2 3 3 3 3 3 4 3 3 4 5 4 5 4 6 4 6 4 8 5 9 5 10 6 11 7 12 6 13 7 14 9 16 10 18 12 19 13 20 14 22 ]
CSI_DATA,STA,E4:D1:24:F0:BE:00,-67,10,0,0,0,0,0,0,0,0,0,-97,0,5,0,71188961,0,399,0,0,71.5813,128,[-113 -15 24 0 26 5 28 5 29 5 30 4 32 4 33 4 33 4 34 1 34 4 35 3 35 2 34 3 32 2 32 2 32 1 32 2 32 2 31 2 31 1 30 1 30 1 30 2 29 4 28 4 29 4 0 0 0 0 0 0 0 0 0 0 0 0 0 0 0 0 0 0 0 0 0 0 -1 -6 -2 -6 -1 -6 -1 -7 -1 -7 0 -7 0 -7 0 -7 -1 -7 1 -7 1 -6 2 -5 3 -4 3 -5 4 -4 3 -4 4 -2 5 -2 6 -1 7 0 10 1 11 1 13 3 15 4 17 5 20 5 ]
CSI_DATA,STA,E4:D1:24:F0:BE:00,-65,10,0,0,0,0,0,0,0,0,0,-97,0,5,0,71291363,0,399,0,0,71.6837,128,[-113 -15 24 0 -27 -14 -29 -14 -30 -14 -30 -13 -31 -13 -31 -15 -31 -13 -32 -14 -32 -14 -32 -13 -31 -11 -32 -13 -31 -13 -30 -12 -29 -12 -31 -12 -30 -12 -29 -13 -29 -13 -28 -12 -28 -13 -27 -14 -27 -14 -26 -16 -24 -17 0 0 0 0 0 0 0 0 0 0 0 0 0 0 0 0 0 0 0 0 0 0 0 -4 1 -4 0 -3 0 -2 1 -3 1 -3 0 -2 0 -2 0 -2 0 -3 -1 -2 -1 -3 -2 -3 -2 -4 -4 -4 -4 -6 -4 -5 -6 -7 -7 -7 -8 -7 -9 -7 -11 -9 -13 -10 -16 -11 -18 -12 -21 -12 ]
CSI_DATA,STA,E4:D1:24:F0:BE:00,-63,10,0,0,0,0,0,0,0,0,0,-97,0,5,0,71393764,0,399,0,0,71.7861,128,[-113 -15 24 0 14 22 15 23 15 21 16 21 17 20 17 20 18 19 18 18 18 19 18 18 17 18 17 18 17 18 17 18 16 18 16 18 16 18 15 19 14 19 14 20 13 20 12 20 11 20 9 21 9 23 0 0 0 0 0 0 0 0 0 0 0 0 0 0 0 0 0 0 0 0 0 0 4 5 4 5 4 6 3 6 3 7 3 7 3 8 3 8 3 8 2 9 2 10 2 10 3 11 2 12 3 13 3 14 3 15 3 16 4 17 5 17 5 18 6 19 7 20 8 21 9 23 11 23 ]
CSI_DATA,STA,E4:D1:24:F0:BE:00,-62,10,0,0,0,0,0,0,0,0,0,-97,0,5,0,71496166,0,399,0,0,71.8885,128,[-113 -15 24 0 -25 22 -25 24 -23 24 -23 24 -22 25 -22 25 -21 25 -21 25 -21 25 -20 26 -20 25 -20 25 -19 24 -20 23 -19 22 -19 22 -20 21 -20 21 -20 19 -20 19 -20 18 -20 17 -20 16 -21 15 -21 14 0 0 0 0 0 0 0 0 0 0 0 0 0 0 0 0 0 0 0 0 0 0 0 5 -1 5 -2 5 -2 5 -2 6 -3 6 -4 6 -5 6 -6 6 -7 7 -8 6 -9 7 -11 7 -12 7 -13 7 -14 8 -15 8 -17 8 -18 9 -19 9 -20 10 -21 11 -22 13 -23 14 -24 16 -26 18 ]
CSI_DATA,STA,E4:D1:24:F0:BE:00,-69,10,0,0,0,0,0,0,0,0,0,-97,0,5,0,71598568,0,399,0,0,71.9909,128,[-113 -15 24 0 -16 -16 -17 -13 -20 -10 -21 -8 -22 -5 -25 -4 -26 -3 -29 -1 -30 -1 -32 -1 -34 -2 -33 -2 -34 -2 -34 -3 -34 -4 -34 -6 -35 -7 -34 -8 -34 -10 -34 -10 -33 -12 -31 -14 -29 -16 -29 -18 -27 -19 0 0 0 0 0 0 0 0 0 0 0 0 0 0 0 0 0 0 0 0 0 0 4 -12 5 -11 4 -11 7 -11 7 -10 6 -9 6 -10 6 -9 5 -10 4 -9 4 -9 2 -9 0 -10 0 -12 -2 -12 -5 -14 -5 -15 -6 -17 -7 -20 -7 -21 -10 -23 -9 -23 -9 -24 -10 -26 -12 -24 -13 -24 ]
CSI_DATA,STA,E4:D1:24:F0:BE:00,-73,10,0,0,0,0,0,0,0,0,0,-97,0,5,0,71700970,0,399,0,0,72.0933,128,[-113 -15 24 0 -14 -17 -11 -14 -12 -9 -11 -5 -11 -3 -8 -1 -8 3 -8 5 -8 8 -8 12 -8 13 -9 15 -8 17 -7 18 -9 16 -8 21 -8 20 -11 20 -10 22 -11 21 -10 22 -12 23 -12 23 -14 20 -14 21 0 0 0 0 0 0 0 0 0 0 0 0 0 0 0 0 0 0 0 0 0 0 37 -11 36 -9 36 -6 35 -5 34 -4 33 -3 33 -3 31 -1 29 -1 29 1 26 2 24 3 22 1 17 0 15 -1 11 -1 10 -2 6 -4 0 -6 -1 -7 -2 -9 -8 -13 -9 -14 -11 -16 -12 -17 -14 -20 ]
CSI_DATA,STA,E4:D1:24:F0:BE:00,-64,10,0,0,0,0,0,0,0,0,0,-97,0,5,0,71803372,0,399,0,0,72.1956,128,[-113 -15 24 0 6 -29 5 -28 4 -29 4 -28 3 -28 3 -28 4 -28 4 -27 5 -28 4 -26 4 -25 5 -24 4 -24 6 -23 6 -22 6 -21 6 -21 7 -21 8 -20 7 -19 8 -18 8 -17 9 -17 10 -16 11 -14 0 0 0 0 0 0 0 0 0 0 0 0 0 0 0 0 0 0 0 0 0 0 12 -18 12 -17 14 -16 14 -15 15 -16 15 -15 16 -15 15 -16 16 -15 17 -15 16 -15 17 -15 17 -15 17 -15 17 -15 17 -15 15 -15 17 -16 15 -16 14 -17 14 -18 14 -19 12 -21 11 -22 11 -23 11 -25 ]
CSI_DATA,STA,E4:D1:24:F0:BE:00,-71,10,0,0,0,0,0,0,0,0,0,-97,0,5,0,71905774,0,399,0,0,72.2979,128,[-113 -15 24 0 7 -13 6 -15 7 -18 8 -21 8 -23 10 -24 9 -25 10 -27 10 -28 10 -28 10 -29 9 -28 10 -30 10 -29 9 -30 10 -29 10 -30 11 -29 8 -29 7 -27 6 -27 6 -27 6 -27 6 -27 9 -25 0 0 0 0 0 0 0 0 0 0 0 0 0 0 0 0 0 0 0 0 0 0 19 -27 17 -23 18 -22 18 -21 18 -20 17 -19 16 -18 15 -17 14 -17 11 -15 11 -15 11 -14 11 -14 10 -11 12 -12 8 -10 10 -8 8 -8 8 -6 8 -5 8 -4 6 -5 5 -5 7 -6 7 -7 6 -8 ]
CSI_DATA,STA,E4:D1:24:F0:BE:00,-70,10,0,0,0,0,0,0,0,0,0,-97,0,5,0,72008176,0,399,0,0,72.4005,128,[-113 -15 24 0 -13 -24 -14 -22 -11 -22 -8 -19 -9 -18 -5 -18 -3 -14 -2 -13 -1 -11 1 -8 0 -6 2 -6 3 -3 3 -1 2 0 2 1 2 1 1 2 2 4 1 4 1 3 1 5 0 4 1 3 -1 4 0 0 0 0 0 0 0 0 0 0 0 0 0 0 0 0 0 0 0 0 0 0 11 -36 13 -34 15 -32 15 -31 14 -30 14 -29 15 -29 14 -28 14 -27 12 -26 12 -25 12 -26 12 -25 10 -23 11 -22 7 -23 7 -22 4 -21 2 -21 0 -21 -3 -21 -5 -21 -9 -23 -10 -21 -12 -23 -13 -25 ]
CSI_DATA,STA,E4:D1:24:F0:BE:00,-70,10,0,0,0,0,0,0,0,0,0,-97,0,5,0,72008868,0,64,0,0,72.4329,128,[64 0 4 0 19 24 15 22 14 22 13 18 10 18 8 15 4 14 6 13 1 11 -1 8 -1 6 -2 4 -2 1 -1 2 -2 -1 -2 0 -2 0 -2 -3 -2 -3 -2 -6 -3 -3 -1 -4 0 -3 -3 -1 8 -10 0 0 0 0 0 0 0 0 0 0 0 0 0 0 0 0 0 0 0 0 0 0 -6 37 -8 32 -11 34 -11 31 -13 32 -10 28 -12 30 -12 29 -11 30 -12 28 -11 27 -9 25 -10 26 -8 24 -6 22 -7 25 -4 22 0 24 1 21 4 22 7 20 7 22 11 23 13 22 15 22 17 23 ]
CSI_DATA,STA,E4:D1:24:F0:BE:00,-65,10,0,0,0,0,0,0,0,0,0,-97,0,5,0,72110578,0,399,0,0,72.5029,128,[-113 -15 24 0 -25 -32 -24 -32 -24 -31 -22 -31 -21 -30 -18 -30 -17 -30 -14 -28 -14 -27 -11 -27 -11 -25 -8 -24 -8 -22 -6 -22 -5 -20 -4 -18 -4 -18 -3 -17 -2 -16 -2 -15 -2 -14 -1 -13 -2 -12 -1 -12 0 -11 0 0 0 0 0 0 0 0 0 0 0 0 0 0 0 0 0 0 0 0 0 0 0 -27 1 -25 1 -25 2 -23 1 -23 1 -23 1 -22 -1 -22 -1 -22 0 -22 -1 -22 -2 -23 -2 -24 -3 -23 -3 -23 -6 -24 -7 -23 -7 -24 -9 -24 -11 -25 -13 -24 -14 -26 -17 -27 -18 -28 -21 -29 -23 -31 ]
CSI_DATA,STA,E4:D1:24:F0:BE:00,-64,10,0,0,0,0,0,0,0,0,0,-97,0,5,0,72212979,0,399,0,0,72.6053,128,[-113 -15 24 0 -28 -20 -27 -20 -27 -19 -27 -19 -26 -20 -26 -20 -25 -19 -24 -19 -22 -19 -22 -19 -21 -18 -20 -19 -19 -19 -17 -18 -15 -18 -14 -17 -14 -18 -13 -16 -12 -15 -11 -15 -10 -15 -10 -14 -10 -13 -8 -13 -8 -13 0 0 0 0 0 0 0 0 0 0 0 0 0 0 0 0 0 0 0 0 0 0 -11 -17 -10 -17 -9 -17 -9 -17 -8 -17 -7 -17 -8 -16 -8 -16 -9 -17 -9 -15 -9 -15 -10 -16 -9 -16 -10 -16 -11 -16 -11 -16 -12 -16 -13 -17 -14 -16 -15 -17 -17 -17 -18 -17 -20 -16 -21 -17 -24 -19 -26 -19 ]
CSI_DATA,STA,E4:D1:24:F0:BE:00,-65,10,0,0,0,0,0,0,0,0,0,-97,0,5,0,72315381,0,399,0,0,72.7077,128,[-113 -15 24 0 20 -22 18 -22 19 -21 18 -21 17 -20 17 -20 16 -19 16 -19 16 -18 17 -18 15 -16 16 -16 14 -15 15 -15 15 -14 15 -13 14 -13 14 -12 13 -11 13 -11 13 -10 13 -10 12 -9 13 -9 12 -6 0 0 0 0 0 0 0 0 0 0 0 0 0 0 0 0 0 0 0 0 0 0 21 -16 20 -15 21 -15 20 -14 21 -13 21 -14 21 -14 21 -14 21 -14 21 -14 21 -13 23 -14 22 -14 23 -15 24 -15 22 -14 23 -15 23 -15 23 -15 23 -15 24 -17 22 -17 22 -18 22 -18 23 -20 23 -21 ]
CSI_DATA,STA,E4:D1:24:F0:BE:00,-63,10,0,0,0,0,0,0,0,0,0,-97,0,5,0,72417783,0,399,0,0,72.8101,128,[-113 -15 24 0 -4 -35 -3 -34 -3 -32 -2 -31 -2 -30 -1 -28 -1 -26 0 -25 1 -24 1 -22 1 -21 1 -19 2 -18 3 -16 3 -15 3 -15 3 -14 3 -13 4 -12 3 -11 3 -11 3 -10 3 -9 4 -9 4 -8 0 0 0 0 0 0 0 0 0 0 0 0 0 0 0 0 0 0 0 0 0 0 1 -25 2 -24 3 -23 4 -24 4 -23 5 -23 5 -23 4 -24 5 -23 5 -24 5 -23 5 -24 5 -25 6 -26 5 -26 5 -26 5 -27 4 -27 3 -28 3 -28 1 -29 2 -31 0 -31 -1 -32 -1 -34 -2 -37 ]
CSI_DATA,STA,E4:D1:24:F0:BE:00,-64,10,0,0,0,0,0,0,0,0,0,-97,0,5,0,72520185,0,399,0,0,72.9123,128,[-113 -15 24 0 -22 19 -21 19 -21 20 -20 19 -19 20 -19 21 -18 20 -18 20 -18 20 -18 19 -19 19 -18 18 -17 17 -17 17 -16 15 -16 15 -16 14 -16 14 -16 13 -16 12 -15 12 -15 11 -14 10 -14 9 -15 9 0 0 0 0 0 0 0 0 0 0 0 0 0 0 0 0 0 0 0 0 0 0 -12 12 -13 10 -14 9 -14 9 -15 9 -15 8 -15 8 -16 8 -15 8 -17 7 -17 8 -17 8 -18 7 -18 7 -19 7 -20 7 -20 8 -21 8 -21 8 -21 9 -22 9 -22 10 -22 11 -22 12 -24 14 -24 15 ]
CSI_DATA,STA,E4:D1:24:F0:BE:00,-65,10,0,0,0,0,0,0,0,0,0,-97,0,5,0,72622587,0,399,0,0,73.0148,128,[-113 -15 24 0 -16 -26 -15 -23 -14 -24 -13 -23 -12 -22 -12 -21 -11 -20 -10 -20 -9 -20 -7 -19 -7 -18 -6 -18 -6 -17 -4 -16 -5 -16 -3 -15 -3 -14 -4 -14 -3 -13 -3 -12 -3 -12 -4 -11 -3 -11 -4 -11 -4 -10 0 0 0 0 0 0 0 0 0 0 0 0 0 0 0 0 0 0 0 0 0 0 -12 -25 -10 -25 -10 -27 -10 -25 -9 -27 -9 -25 -9 -26 -9 -26 -9 -26 -10 -26 -9 -25 -9 -26 -10 -26 -10 -26 -10 -25 -11 -26 -11 -26 -12 -26 -12 -26 -13 -26 -15 -26 -14 -26 -15 -26 -15 -27 -16 -28 -17 -28 ]
CSI_DATA,STA,E4:D1:24:F0:BE:00,-64,10,0,0,0,0,0,0,0,0,0,-97,0,5,0,72724989,0,399,0,0,73.1173,128,[-113 -15 24 0 21 22 20 21 19 20 18 19 18 18 17 18 15 16 14 16 13 15 12 15 11 14 10 13 9 13 8 12 8 11 7 11 6 11 5 10 5 9 5 9 4 8 5 7 4 7 5 6 3 7 0 0 0 0 0 0 0 0 0 0 0 0 0 0 0 0 0 0 0 0 0 0 13 14 13 15 12 16 12 15 12 16 12 18 12 18 12 18 13 18 12 19 12 19 12 20 13 21 13 21 13 22 12 22 14 23 14 22 14 23 15 24 16 23 16 23 18 24 20 24 20 24 21 25 ]
CSI_DATA,STA,E4:D1:24:F0:BE:00,-65,10,0,0,0,0,0,0,0,0,0,-97,0,5,0,72827390,0,399,0,0,73.2198,128,[-113 -15 24 0 -35 -20 -33 -17 -32 -18 -30 -19 -29 -17 -27 -16 -26 -16 -25 -15 -23 -16 -22 -16 -21 -14 -19 -14 -18 -13 -17 -12 -16 -12 -17 -11 -15 -10 -16 -10 -14 -9 -15 -8 -15 -9 -15 -9 -16 -9 -14 -10 -15 -9 0 0 0 0 0 0 0 0 0 0 0 0 0 0 0 0 0 0 0 0 0 0 -17 -10 -17 -11 -18 -12 -17 -11 -18 -12 -18 -12 -18 -13 -18 -13 -19 -12 -20 -14 -19 -13 -20 -14 -21 -15 -21 -16 -23 -16 -23 -15 -24 -15 -26 -16 -26 -17 -26 -16 -29 -16 -29 -18 -30 -17 -32 -19 -33 -18 -35 -20 ]
CSI_DATA,STA,E4:D1:24:F0:BE:00,-65,10,0,0,0,0,0,0,0,0,0,-97,0,5,0,72929792,0,399,0,0,73.3221,128,[-113 -15 24 0 -33 10 -31 10 -31 9 -29 8 -28 8 -28 7 -27 6 -26 6 -26 5 -25 4 -24 2 -23 2 -22 3 -21 2 -20 1 -19 1 -18 0 -18 1 -16 0 -16 0 -15 -1 -15 0 -14 -1 -13 0 -14 0 0 0 0 0 0 0 0 0 0 0 0 0 0 0 0 0 0 0 0 0 0 0 -26 0 -25 0 -25 -1 -24 -1 -25 -1 -25 -2 -26 -1 -26 -1 -25 0 -25 -1 -25 -1 -26 0 -26 -1 -26 1 -26 2 -28 3 -27 3 -27 4 -27 4 -28 6 -28 6 -30 7 -31 8 -31 8 -32 9 -35 10 ]
CSI_DATA,STA,E4:D1:24:F0:BE:00,-64,10,0,0,0,0,0,0,0,0,0,-97,0,5,0,73032194,0,399,0,0,73.4245,128,[-113 -15 24 0 13 -36 12 -35 13 -34 13 -32 12 -31 13 -30 13 -28 11 -27 11 -27 11 -25 11 -24 10 -22 10 -21 10 -20 9 -18 9 -17 9 -16 8 -15 8 -14 7 -13 7 -12 5 -11 5 -11 5 -11 4 -9 0 0 0 0 0 0 0 0 0 0 0 0 0 0 0 0 0 0 0 0 0 0 7 -13 7 -13 7 -12 7 -13 8 -13 8 -13 7 -14 7 -14 8 -14 8 -15 7 -15 8 -16 8 -17 9 -18 9 -20 9 -20 8 -21 9 -23 10 -24 10 -25 10 -26 10 -29 10 -31 11 -32 12 -34 13 -36 ]
CSI_DATA,STA,E4:D1:24:F0:BE:00,-64,10,0,0,0,0,0,0,0,0,0,-97,0,5,0,73033386,0,64,0,0,73.4578,128,[64 0 4 0 -5 36 -5 35 -5 33 -4 31 -4 31 -4 30 -4 28 -4 27 -5 26 -5 25 -5 23 -5 22 -5 21 -3 19 -3 17 -5 17 -4 17 -4 15 -3 13 -3 13 -3 12 -3 12 -1 12 1 9 -6 13 0 0 0 0 0 0 0 0 0 0 0 0 0 0 0 0 0 0 0 0 0 0 -7 12 -7 11 -6 12 -7 13 -6 13 -7 13 -6 14 -7 14 -6 15 -7 15 -7 15 -6 16 -6 17 -6 17 -6 19 -6 20 -5 20 -6 22 -6 23 -4 25 -3 26 -4 28 -6 30 -5 31 -5 34 -6 34 ]
CSI_DATA,STA,E4:D1:24:F0:BE:00,-61,10,0,0,0,0,0,0,0,0,0,-97,0,5,0,73134596,0,399,0,0,73.5268,128,[-113 -15 24 0 20 -35 20 -34 18 -31 18 -29 16 -28 16 -26 16 -25 14 -23 14 -22 14 -21 13 -20 12 -18 12 -17 11 -16 11 -15 10 -14 11 -13 11 -13 10 -12 9 -12 9 -12 10 -11 10 -11 10 -10 10 -10 0 0 0 0 0 0 0 0 0 0 0 0 0 0 0 0 0 0 0 0 0 0 11 -15 12 -15 13 -15 13 -15 14 -16 14 -17 15 -17 15 -17 16 -18 16 -18 17 -18 18 -19 19 -20 19 -21 19 -21 19 -22 19 -23 20 -24 20 -26 20 -27 20 -28 21 -30 21 -30 21 -32 22 -33 23 -35 ]
CSI_DATA,STA,E4:D1:24:F0:BE:00,-61,10,0,0,0,0,0,0,0,0,0,-97,0,5,0,73236998,0,399,0,0,73.6292,128,[-113 -15 24 0 -35 2 -34 3 -32 3 -31 3 -30 3 -30 3 -28 3 -28 3 -26 2 -26 3 -25 2 -24 2 -23 1 -22 1 -20 1 -20 0 -19 0 -19 0 -17 -1 -17 -1 -16 -1 -15 -1 -15 -1 -14 -2 -14 -2 0 0 0 0 0 0 0 0 0 0 0 0 0 0 0 0 0 0 0 0 0 0 -13 -1 -13 -1 -13 -2 -13 -1 -13 -2 -13 -1 -14 -1 -14 -1 -15 -1 -16 -1 -16 -1 -17 -1 -17 -1 -18 -1 -19 -1 -20 -1 -20 0 -22 -1 -23 0 -24 0 -26 0 -27 1 -28 1 -30 2 -32 2 -33 2 ]
CSI_DATA,STA,E4:D1:24:F0:BE:00,-64,10,0,0,0,0,0,0,0,0,0,-97,0,5,0,73339400,0,399,0,0,73.7316,128,[-113 -15 24 0 -31 -13 -30 -12 -28 -13 -26 -11 -25 -11 -25 -11 -24 -10 -23 -10 -21 -11 -20 -11 -19 -11 -18 -11 -18 -10 -16 -10 -15 -10 -13 -9 -13 -10 -12 -8 -11 -9 -11 -8 -10 -8 -10 -7 -8 -7 -8 -6 -9 -6 0 0 0 0 0 0 0 0 0 0 0 0 0 0 0 0 0 0 0 0 0 0 -22 -11 -20 -11 -22 -12 -21 -12 -22 -13 -22 -13 -23 -13 -23 -13 -24 -14 -24 -14 -24 -14 -24 -15 -24 -16 -25 -16 -26 -17 -26 -16 -26 -16 -27 -16 -26 -16 -28 -16 -28 -15 -29 -16 -28 -15 -30 -16 -30 -15 -31 -15 ]
CSI_DATA,STA,E4:D1:24:F0:BE:00,-61,10,0,0,0,0,0,0,0,0,0,-97,0,5,0,73441802,0,399,0,0,73.8341,128,[-113 -15 24 0 -7 -40 -7 -38 -6 -37 -6 -36 -6 -35 -5 -35 -4 -33 -4 -33 -4 -32 -3 -30 -3 -29 -2 -28 -1 -26 -1 -25 0 -23 0 -22 1 -21 1 -21 1 -19 2 -19 1 -17 1 -16 2 -16 2 -15 1 -15 0 0 0 0 0 0 0 0 0 0 0 0 0 0 0 0 0 0 0 0 0 0 -1 -16 -1 -16 0 -16 0 -16 0 -17 0 -17 -1 -17 0 -18 -1 -18 -1 -19 -1 -19 0 -19 0 -21 0 -22 0 -23 -1 -24 0 -24 -1 -26 -1 -27 -1 -28 -2 -29 -2 -31 -3 -32 -3 -34 -4 -36 -5 -39 ]
CSI_DATA,STA,E4:D1:24:F0:BE:00,-66,10,0,0,0,0,0,0,0,0,0,-97,0,5,0,73544203,0,399,0,0,73.9366,128,[-113 -15 24 0 -22 -22 -20 -22 -20 -22 -20 -22 -18 -21 -18 -22 -18 -21 -17 -22 -16 -21 -16 -22 -16 -21 -15 -21 -13 -20 -14 -20 -13 -18 -11 -18 -11 -18 -11 -18 -10 -16 -9 -15 -9 -15 -8 -14 -7 -13 -6 -12 -7 -11 0 0 0 0 0 0 0 0 0 0 0 0 0 0 0 0 0 0 0 0 0 0 -8 -15 -8 -15 -9 -15 -10 -15 -11 -15 -12 -16 -14 -17 -14 -17 -15 -16 -15 -17 -16 -17 -16 -17 -17 -19 -18 -19 -18 -19 -19 -19 -19 -19 -20 -19 -20 -19 -20 -19 -21 -18 -21 -19 -21 -19 -22 -20 -21 -21 -23 -22 ]
CSI_DATA,STA,E4:D1:24:F0:BE:00,-63,10,0,0,0,0,0,0,0,0,0,-97,0,5,0,73646605,0,399,0,0,74.0389,128,[-113 -15 24 0 -37 -6 -35 -6 -33 -5 -32 -6 -32 -5 -30 -6 -28 -6 -27 -6 -26 -7 -24 -7 -22 -8 -21 -7 -20 -7 -18 -7 -16 -7 -16 -7 -14 -7 -13 -7 -12 -6 -11 -6 -11 -6 -10 -4 -9 -4 -9 -5 -8 -5 0 0 0 0 0 0 0 0 0 0 0 0 0 0 0 0 0 0 0 0 0 0 -20 -6 -20 -8 -20 -9 -19 -8 -20 -9 -20 -9 -20 -9 -21 -9 -20 -10 -21 -10 -21 -10 -22 -11 -23 -10 -23 -11 -23 -10 -24 -11 -25 -10 -26 -11 -26 -10 -28 -9 -30 -9 -31 -9 -31 -8 -33 -8 -34 -7 -35 -7 ]
CSI_DATA,STA,E4:D1:24:F0:BE:00,-63,10,0,0,0,0,0,0,0,0,0,-97,0,5,0,73749007,0,399,0,0,74.1413,128,[-113 -15 24 0 -34 15 -33 14 -32 14 -31 13 -30 13 -30 12 -28 11 -28 10 -28 10 -26 9 -26 8 -24 7 -23 6 -23 5 -20 5 -20 4 -19 4 -19 3 -18 3 -17 3 -16 2 -15 3 -15 2 -14 2 -14 1 0 0 0 0 0 0 0 0 0 0 0 0 0 0 0 0 0 0 0 0 0 0 -16 4 -16 3 -17 3 -16 3 -17 3 -17 4 -18 4 -19 4 -18 4 -19 4 -19 4 -20 5 -20 5 -21 6 -21 5 -23 6 -22 7 -23 7 -24 8 -24 9 -26 11 -27 10 -28 12 -29 13 -30 14 -33 16 ]
CSI_DATA,STA,E4:D1:24:F0:BE:00,-63,10,0,0,0,0,0,0,0,0,0,-97,0,5,0,73851408,0,399,0,0,74.2438,128,[-113 -15 24 0 24 25 23 24 22 24 20 23 19 22 18 21 17 21 16 20 14 20 13 19 11 19 11 18 9 16 8 16 7 15 7 15 6 14 5 13 4 12 4 12 4 10 4 10 4 10 3 9 3 8 0 0 0 0 0 0 0 0 0 0 0 0 0 0 0 0 0 0 0 0 0 0 14 16 12 16 13 18 12 17 13 18 12 18 12 20 12 20 13 20 13 21 12 21 13 22 13 22 13 22 13 22 14 23 14 23 16 24 16 23 18 24 18 25 20 24 20 26 22 25 22 27 24 28 ]
CSI_DATA,STA,E4:D1:24:F0:BE:00,-63,10,0,0,0,0,0,0,0,0,0,-97,0,5,0,73953810,0,399,0,0,74.3461,128,[-113 -15 24 0 -22 25 -20 25 -19 23 -19 22 -18 22 -18 22 -18 21 -17 20 -17 19 -16 18 -16 17 -16 16 -15 15 -14 14 -13 13 -13 13 -13 12 -13 11 -12 10 -12 10 -11 10 -10 9 -10 9 -9 9 -10 8 0 0 0 0 0 0 0 0 0 0 0 0 0 0 0 0 0 0 0 0 0 0 -9 12 -9 11 -10 11 -10 11 -11 12 -11 12 -11 12 -13 12 -12 13 -13 13 -13 13 -14 14 -15 14 -15 15 -16 15 -16 15 -17 16 -18 16 -18 17 -19 18 -19 18 -19 19 -20 21 -21 22 -21 22 -21 24 ]
CSI_DATA,STA,E4:D1:24:F0:BE:00,-65,10,0,0,0,0,0,0,0,0,0,-97,0,5,0,74056212,0,399,0,0,74.4484,128,[-113 -15 24 0 13 -34 13 -33 14 -32 13 -31 13 -31 14 -29 14 -27 14 -27 15 -26 15 -25 15 -23 15 -23 14 -21 14 -20 13 -18 14 -17 14 -16 13 -16 13 -16 13 -14 13 -14 12 -12 11 -14 11 -12 12 -13 0 0 0 0 0 0 0 0 0 0 0 0 0 0 0 0 0 0 0 0 0 0 13 -15 13 -15 12 -15 12 -15 13 -15 12 -16 12 -17 13 -18 13 -18 13 -18 13 -18 15 -19 15 -21 16 -20 15 -21 15 -22 15 -22 15 -22 14 -24 15 -25 14 -26 14 -27 15 -28 15 -29 15 -31 15 -34 ]
CSI_DATA,STA,E4:D1:24:F0:BE:00,-64,10,0,0,0,0,0,0,0,0,0,-97,0,5,0,74063172,0,64,0,0,74.4842,128,[64 0 4 0 26 26 24 25 25 25 23 25 22 24 21 24 20 23 18 23 17 23 17 22 14 22 13 21 12 20 12 20 11 19 10 19 9 19 9 18 8 18 8 16 7 16 7 16 7 15 6 16 4 15 0 0 0 0 0 0 0 0 0 0 0 0 0 0 0 0 0 0 0 0 0 0 7 14 6 14 7 14 8 13 8 14 9 15 9 16 10 16 11 17 10 18 11 19 11 19 12 21 12 21 13 20 14 21 14 21 14 23 16 22 16 22 17 23 19 24 20 25 21 26 23 27 25 27 ]
CSI_DATA,STA,E4:D1:24:F0:BE:00,-63,10,0,0,0,0,0,0,0,0,0,-97,0,5,0,74158614,0,399,0,0,74.5509,128,[-113 -15 24 0 32 15 32 15 30 15 30 15 28 15 28 15 26 14 25 14 23 15 21 14 20 15 18 14 17 14 16 13 14 13 14 13 12 12 12 12 11 12 10 11 10 10 9 10 9 10 8 10 8 9 0 0 0 0 0 0 0 0 0 0 0 0 0 0 0 0 0 0 0 0 0 0 11 9 11 9 11 9 11 10 12 10 13 10 13 11 14 11 14 12 14 12 15 12 15 13 16 14 17 14 17 14 18 14 19 14 20 14 21 14 22 14 24 14 25 14 26 14 29 15 31 15 33 15 ]
CSI_DATA,STA,E4:D1:24:F0:BE:00,-64,10,0,0,0,0,0,0,0,0,0,-97,0,5,0,74261015,0,399,0,0,74.6533,128,[-113 -15 24 0 15 -34 14 -32 15 -32 14 -30 13 -29 14 -29 14 -27 14 -26 14 -25 14 -23 13 -22 14 -21 13 -19 13 -19 12 -17 12 -17 12 -16 11 -15 11 -15 11 -14 10 -13 10 -13 11 -13 11 -12 12 -13 0 0 0 0 0 0 0 0 0 0 0 0 0 0 0 0 0 0 0 0 0 0 11 -17 12 -17 12 -17 11 -17 13 -17 13 -18 13 -18 13 -18 14 -19 15 -19 14 -18 16 -19 16 -19 17 -19 17 -19 17 -21 16 -21 16 -22 16 -22 16 -24 16 -24 16 -25 15 -28 15 -28 15 -29 16 -32 ]
CSI_DATA,STA,E4:D1:24:F0:BE:00,-62,10,0,0,0,0,0,0,0,0,0,-97,0,5,0,74363417,0,399,0,0,74.7557,128,[-113 -15 24 0 -36 -8 -35 -7 -33 -8 -32 -7 -31 -6 -31 -7 -29 -7 -27 -6 -26 -7 -26 -7 -24 -8 -23 -8 -22 -8 -20 -7 -19 -7 -19 -8 -18 -7 -17 -8 -17 -8 -17 -7 -16 -7 -16 -7 -15 -8 -15 -8 -14 -10 0 0 0 0 0 0 0 0 0 0 0 0 0 0 0 0 0 0 0 0 0 0 -18 -8 -17 -9 -18 -10 -18 -10 -18 -10 -19 -11 -19 -12 -19 -12 -19 -12 -20 -13 -20 -13 -20 -13 -21 -14 -21 -15 -22 -14 -23 -14 -23 -14 -24 -14 -24 -13 -26 -13 -28 -12 -29 -12 -30 -12 -31 -11 -33 -11 -34 -10 ]
CSI_DATA,STA,E4:D1:24:F0:BE:00,-62,10,0,0,0,0,0,0,0,0,0,-97,0,5,0,74465819,0,399,0,0,74.8581,128,[-113 -15 24 0 -36 8 -34 9 -33 8 -32 8 -32 8 -31 8 -29 8 -29 7 -28 6 -28 5 -27 4 -25 4 -24 4 -24 3 -22 3 -23 2 -21 1 -21 2 -20 1 -20 1 -20 0 -19 0 -19 -1 -19 -2 -17 -3 0 0 0 0 0 0 0 0 0 0 0 0 0 0 0 0 0 0 0 0 0 0 -21 -1 -20 -1 -21 -2 -21 -3 -21 -3 -21 -3 -22 -3 -22 -3 -22 -3 -22 -3 -23 -4 -23 -4 -25 -4 -25 -4 -25 -4 -26 -3 -26 -2 -27 -2 -28 -1 -29 -1 -29 0 -30 1 -31 3 -32 4 -34 5 -34 6 ]
CSI_DATA,STA,E4:D1:24:F0:BE:00,-65,10,0,0,0,0,0,0,0,0,0,-97,0,5,0,74568221,0,399,0,0,74.9605,128,[-113 -15 24 0 20 -25 18 -24 19 -25 18 -23 18 -23 19 -23 19 -22 19 -22 18 -21 19 -19 18 -18 18 -17 18 -17 18 -15 16 -14 18 -15 17 -14 18 -13 18 -13 18 -13 17 -12 18 -11 18 -10 18 -10 20 -8 0 0 0 0 0 0 0 0 0 0 0 0 0 0 0 0 0 0 0 0 0 0 18 -8 18 -7 19 -7 19 -6 19 -6 19 -6 20 -6 20 -7 20 -6 20 -5 20 -6 19 -6 20 -6 21 -6 20 -8 21 -8 19 -8 19 -10 19 -11 19 -12 18 -12 19 -15 19 -16 19 -17 19 -20 19 -22 ]
CSI_DATA,STA,E4:D1:24:F0:BE:00,-64,10,0,0,0,0,0,0,0,0,0,-97,0,5,0,74670623,0,399,0,0,75.063,128,[-113 -15 24 0 21 25 20 25 19 24 18 24 17 24 16 23 14 22 13 22 12 21 10 21 10 20 8 20 7 19 7 19 5 18 5 18 4 18 3 17 2 17 2 17 1 16 0 16 0 16 -2 16 -2 15 0 0 0 0 0 0 0 0 0 0 0 0 0 0 0 0 0 0 0 0 0 0 3 14 3 14 3 14 2 14 3 15 3 15 3 15 4 15 4 16 4 16 4 17 4 17 5 17 5 18 6 18 7 18 9 19 9 20 10 19 12 20 13 20 14 21 16 22 17 24 19 25 22 25 ]
CSI_DATA,STA,E4:D1:24:F0:BE:00,-64,10,0,0,0,0,0,0,0,0,0,-97,0,5,0,74875427,0,399,0,0,75.2678,128,[-113 -15 24 0 -21 -27 -21 -26 -19 -26 -19 -26 -18 -25 -18 -26 -16 -24 -16 -24 -15 -24 -14 -23 -13 -22 -12 -23 -11 -22 -9 -21 -9 -20 -8 -21 -7 -20 -7 -20 -6 -20 -5 -19 -5 -19 -4 -18 -4 -18 -2 -18 0 -18 0 0 0 0 0 0 0 0 0 0 0 0 0 0 0 0 0 0 0 0 0 0 3 -15 3 -15 3 -14 3 -15 3 -15 3 -16 3 -15 2 -16 2 -16 1 -16 2 -16 1 -16 0 -17 -1 -17 -2 -18 -3 -18 -5 -18 -5 -19 -7 -19 -8 -20 -10 -20 -12 -22 -13 -22 -15 -24 -17 -25 -18 -27 ]
CSI_DATA,STA,E4:D1:24:F0:BE:00,-64,10,0,0,0,0,0,0,0,0,0,-97,0,5,0,74977828,0,399,0,0,75.3701,128,[-113 -15 24 0 18 -23 16 -22 17 -22 17 -22 16 -22 16 -22 16 -20 15 -20 16 -20 16 -19 16 -17 15 -17 15 -16 15 -15 15 -14 15 -15 15 -13 15 -13 15 -12 16 -11 15 -10 16 -9 16 -9 16 -8 16 -6 0 0 0 0 0 0 0 0 0 0 0 0 0 0 0 0 0 0 0 0 0 0 16 -10 16 -8 16 -8 17 -8 17 -8 17 -8 18 -7 18 -7 18 -8 18 -8 18 -7 18 -7 18 -8 19 -8 18 -8 18 -9 19 -10 19 -11 18 -11 19 -12 19 -14 18 -15 19 -16 19 -17 19 -19 19 -21 ]
CSI_DATA,STA,E4:D1:24:F0:BE:00,-63,10,0,0,0,0,0,0,0,0,0,-97,0,5,0,75080230,0,399,0,0,75.4725,128,[-113 -15 24 0 -32 -8 -31 -7 -30 -7 -31 -7 -30 -6 -29 -7 -28 -6 -28 -6 -27 -7 -26 -7 -25 -7 -24 -8 -24 -8 -22 -8 -21 -8 -21 -9 -20 -9 -19 -9 -18 -9 -18 -9 -18 -10 -16 -10 -16 -11 -15 -12 -14 -11 0 0 0 0 0 0 0 0 0 0 0 0 0 0 0 0 0 0 0 0 0 0 -16 -8 -16 -9 -16 -9 -16 -10 -16 -10 -17 -11 -17 -10 -18 -11 -18 -12 -18 -12 -18 -12 -18 -13 -19 -13 -19 -13 -20 -12 -20 -13 -20 -12 -21 -12 -22 -12 -23 -12 -24 -11 -25 -11 -26 -10 -29 -10 -29 -10 -31 -9 ]
CSI_DATA,STA,E4:D1:24:F0:BE:00,-62,10,0,0,0,0,0,0,0,0,0,-97,0,5,0,75182632,0,399,0,0,75.5749,128,[-113 -15 24 0 -3 -32 -3 -31 -3 -30 -3 -29 -4 -28 -4 -28 -3 -27 -3 -27 -2 -26 -2 -25 -2 -24 -1 -23 -2 -23 -1 -22 0 -20 0 -21 1 -19 1 -19 1 -18 1 -18 2 -18 3 -17 3 -16 4 -15 5 -15 0 0 0 0 0 0 0 0 0 0 0 0 0 0 0 0 0 0 0 0 0 0 0 -18 1 -18 2 -18 1 -18 2 -19 3 -19 2 -19 3 -20 3 -21 4 -21 4 -21 4 -22 5 -22 4 -23 5 -24 5 -25 4 -24 4 -25 4 -25 4 -26 2 -27 3 -28 2 -29 2 -30 1 -32 0 -33 ]
CSI_DATA,STA,E4:D1:24:F0:BE:00,-62,10,0,0,0,0,0,0,0,0,0,-97,0,5,0,75183684,0,64,0,0,75.6077,128,[64 0 4 0 30 -2 28 -2 29 -2 27 -2 26 -3 27 -3 26 -2 24 -2 24 -2 24 -1 22 0 20 0 19 0 19 0 18 1 19 2 17 2 18 2 16 3 16 2 15 3 14 5 13 6 13 7 13 2 0 0 0 0 0 0 0 0 0 0 0 0 0 0 0 0 0 0 0 0 0 0 16 -1 15 -1 17 1 16 1 17 1 17 1 19 1 18 1 19 1 19 2 19 3 20 4 20 3 20 5 20 4 23 4 22 4 24 4 23 4 25 2 25 3 26 2 27 2 28 3 29 1 30 0 ]
CSI_DATA,STA,E4:D1:24:F0:BE:00,-63,10,0,0,0,0,0,0,0,0,0,-97,0,5,0,75285034,0,399,0,0,75.6772,128,[-113 -15 24 0 30 16 29 14 28 14 27 13 26 13 26 13 25 12 24 12 23 12 22 11 21 12 20 11 18 11 18 11 17 11 17 11 16 12 15 11 14 10 14 10 13 11 13 10 11 10 11 10 10 12 0 0 0 0 0 0 0 0 0 0 0 0 0 0 0 0 0 0 0 0 0 0 15 8 15 9 15 10 15 10 15 10 16 11 16 11 17 11 18 12 18 12 17 13 18 13 19 14 19 14 19 15 21 15 21 15 22 16 22 16 23 16 24 15 25 17 27 16 27 16 28 16 29 16 ]
CSI_DATA,STA,E4:D1:24:F0:BE:00,-65,10,0,0,0,0,0,0,0,0,0,-97,0,5,0,75387436,0,399,0,0,75.7798,128,[-113 -15 24 0 -21 -26 -21 -26 -20 -25 -19 -25 -18 -25 -17 -24 -16 -24 -15 -24 -13 -23 -13 -23 -13 -22 -12 -22 -10 -21 -10 -21 -9 -20 -7 -19 -7 -19 -7 -18 -5 -18 -6 -17 -5 -16 -5 -15 -4 -16 -4 -16 -4 -13 0 0 0 0 0 0 0 0 0 0 0 0 0 0 0 0 0 0 0 0 0 0 -9 -16 -8 -17 -9 -17 -9 -17 -8 -17 -9 -18 -9 -18 -9 -19 -10 -19 -10 -19 -9 -19 -10 -20 -11 -21 -10 -22 -10 -21 -11 -23 -12 -21 -11 -23 -12 -23 -14 -23 -15 -23 -15 -24 -16 -24 -18 -25 -18 -26 -20 -27 ]
CSI_DATA,STA,E4:D1:24:F0:BE:00,-64,10,0,0,0,0,0,0,0,0,0,-97,0,5,0,75489838,0,399,0,0,75.882,128,[-113 -15 24 0 -1 -30 -2 -31 -2 -29 -1 -29 -2 -29 -1 -29 0 -27 0 -27 0 -26 0 -26 0 -25 1 -24 1 -24 2 -22 2 -22 3 -21 3 -21 3 -21 4 -20 4 -19 4 -19 5 -17 5 -17 6 -17 6 -16 0 0 0 0 0 0 0 0 0 0 0 0 0 0 0 0 0 0 0 0 0 0 5 -21 5 -20 6 -20 7 -20 8 -20 8 -21 7 -21 9 -22 9 -22 8 -22 8 -21 9 -23 9 -22 9 -23 10 -23 10 -23 9 -24 9 -24 8 -25 7 -24 6 -25 6 -26 5 -27 4 -27 3 -29 2 -31 ]
CSI_DATA,STA,E4:D1:24:F0:BE:00,-64,10,0,0,0,0,0,0,0,0,0,-97,0,5,0,75592240,0,399,0,0,75.9844,128,[-113 -15 24 0 30 2 30 1 28 1 29 0 28 0 26 1 26 1 26 1 25 2 23 2 22 3 22 4 21 4 20 4 18 4 17 5 18 5 17 5 17 6 15 5 14 5 14 7 14 6 13 6 12 8 0 0 0 0 0 0 0 0 0 0 0 0 0 0 0 0 0 0 0 0 0 0 21 6 21 8 21 8 21 8 21 9 22 9 22 9 23 9 23 9 23 10 23 9 24 10 24 11 24 11 25 11 25 11 26 11 25 10 26 11 26 10 26 9 27 8 27 7 28 6 30 6 30 4 ]
CSI_DATA,STA,E4:D1:24:F0:BE:00,-64,10,0,0,0,0,0,0,0,0,0,-97,0,5,0,75694641,0,399,0,0,76.087,128,[-113 -15 24 0 -28 -12 -26 -11 -25 -11 -25 -10 -24 -10 -24 -10 -23 -10 -22 -11 -21 -10 -20 -11 -20 -11 -19 -11 -18 -10 -17 -10 -15 -10 -16 -10 -15 -10 -15 -10 -14 -10 -14 -10 -13 -11 -13 -10 -13 -11 -11 -12 -12 -12 0 0 0 0 0 0 0 0 0 0 0 0 0 0 0 0 0 0 0 0 0 0 -17 -11 -17 -11 -17 -12 -16 -12 -16 -13 -16 -13 -17 -13 -17 -14 -17 -14 -18 -14 -17 -14 -17 -15 -18 -16 -19 -16 -18 -16 -20 -17 -19 -17 -20 -17 -20 -16 -20 -16 -21 -16 -21 -16 -23 -15 -23 -14 -24 -14 -26 -14 ]
CSI_DATA,STA,E4:D1:24:F0:BE:00,-63,10,0,0,0,0,0,0,0,0,0,-97,0,5,0,75797043,0,399,0,0,76.1894,128,[-113 -15 24 0 30 11 30 10 29 10 29 9 28 8 29 9 26 9 26 9 25 9 24 8 23 9 22 9 21 9 20 9 19 9 19 9 19 10 18 10 17 9 17 10 17 10 16 10 15 11 14 12 12 13 0 0 0 0 0 0 0 0 0 0 0 0 0 0 0 0 0 0 0 0 0 0 12 11 12 11 11 12 11 11 11 12 12 12 12 12 13 12 12 12 13 13 13 13 14 13 14 13 15 14 16 14 15 14 15 13 16 14 18 14 19 14 20 13 21 14 22 12 24 12 26 12 28 12 ]
CSI_DATA,STA,E4:D1:24:F0:BE:00,-64,10,0,0,0,0,0,0,0,0,0,-97,0,5,0,75899443,0,399,0,0,76.2918,128,[-113 -15 24 0 7 -25 6 -23 6 -24 6 -23 6 -23 6 -23 6 -22 6 -22 6 -21 6 -21 6 -20 6 -19 6 -19 6 -18 7 -17 6 -17 6 -16 6 -16 7 -16 6 -15 6 -15 7 -14 7 -14 7 -14 8 -13 0 0 0 0 0 0 0 0 0 0 0 0 0 0 0 0 0 0 0 0 0 0 8 -16 9 -15 10 -16 9 -15 10 -16 10 -16 10 -16 10 -16 11 -16 12 -16 12 -15 13 -16 13 -16 14 -15 14 -16 13 -16 13 -16 13 -16 13 -16 13 -17 12 -17 10 -17 10 -18 10 -20 9 -21 9 -22 ]
CSI_DATA,STA,E4:D1:24:F0:BE:00,-64,10,0,0,0,0,0,0,0,0,0,-97,0,5,0,76001845,0,399,0,0,76.3942,128,[-113 -15 24 0 20 28 19 28 19 27 18 27 17 27 16 25 15 24 14 24 13 24 10 23 10 22 8 22 7 20 7 19 6 18 5 17 4 16 4 15 4 15 3 15 3 14 3 13 2 13 2 13 1 12 0 0 0 0 0 0 0 0 0 0 0 0 0 0 0 0 0 0 0 0 0 0 9 20 8 20 7 20 7 21 7 21 7 21 7 22 8 22 8 23 7 23 7 23 6 24 7 25 7 26 7 26 7 26 8 26 8 26 9 26 10 26 11 26 13 27 13 27 15 28 17 28 19 30 ]
CSI_DATA,STA,E4:D1:24:F0:BE:00,-63,10,0,0,0,0,0,0,0,0,0,-97,0,5,0,76104247,0,399,0,0,76.4965,128,[-113 -15 24 0 27 11 25 11 25 11 24 10 23 9 23 10 21 9 21 9 20 8 18 8 18 8 17 9 15 8 14 7 14 7 13 8 12 7 11 7 11 6 10 6 9 5 9 5 9 5 9 5 8 5 0 0 0 0 0 0 0 0 0 0 0 0 0 0 0 0 0 0 0 0 0 0 17 6 17 6 17 7 16 8 17 8 18 8 17 9 18 10 18 11 18 11 18 11 18 13 19 13 19 14 19 14 19 15 18 14 21 15 20 15 20 15 21 14 22 15 22 14 24 14 25 13 26 14 ]
CSI_DATA,STA,E4:D1:24:F0:BE:00,-65,10,0,0,0,0,0,0,0,0,0,-97,0,5,0,76206649,0,399,0,0,76.599,128,[-113 -15 24 0 28 13 27 13 26 13 26 12 26 13 26 13 25 14 23 13 23 14 22 13 21 13 20 14 18 13 18 14 16 12 16 14 15 12 14 13 13 12 13 12 12 10 11 10 10 10 10 10 8 9 0 0 0 0 0 0 0 0 0 0 0 0 0 0 0 0 0 0 0 0 0 0 15 16 13 16 13 18 13 18 12 18 12 18 12 19 13 19 13 19 13 19 12 19 12 19 13 20 12 19 12 19 12 19 13 18 14 18 14 18 15 17 17 16 18 16 18 15 20 14 22 13 24 15 ]
CSI_DATA,STA,E4:D1:24:F0:BE:00,-65,10,0,0,0,0,0,0,0,0,0,-97,0,5,0,76207728,0,64,0,0,76.6303,128,[64 0 4 0 -33 -11 -30 -10 -31 -11 -30 -10 -29 -11 -29 -11 -27 -12 -27 -12 -27 -14 -25 -13 -23 -13 -22 -13 -20 -12 -20 -12 -17 -12 -18 -14 -15 -12 -16 -13 -15 -12 -13 -11 -14 -11 -13 -12 -13 -11 -14 -11 -7 -7 0 0 0 0 0 0 0 0 0 0 0 0 0 0 0 0 0 0 0 0 0 0 -20 -13 -19 -14 -19 -16 -18 -15 -19 -16 -18 -15 -19 -17 -18 -17 -19 -19 -19 -18 -18 -17 -17 -17 -18 -17 -17 -16 -17 -17 -20 -17 -18 -16 -19 -17 -19 -16 -20 -15 -21 -15 -22 -13 -24 -12 -26 -12 -27 -12 -29 -12 ]
CSI_DATA,STA,E4:D1:24:F0:BE:00,-64,10,0,0,0,0,0,0,0,0,0,-97,0,5,0,76309051,0,399,0,0,76.7012,128,[-113 -15 24 0 26 16 26 16 25 15 23 16 23 16 21 15 20 15 18 14 17 14 16 14 15 13 13 13 13 13 11 12 10 11 9 11 8 11 8 10 7 10 7 9 6 9 5 9 5 9 5 8 4 8 0 0 0 0 0 0 0 0 0 0 0 0 0 0 0 0 0 0 0 0 0 0 16 16 15 17 15 17 15 18 15 18 15 19 14 20 15 20 15 21 14 20 13 21 14 22 14 22 14 22 14 23 14 22 14 22 15 22 15 21 16 20 16 20 19 19 19 19 21 19 23 18 25 19 ]
CSI_DATA,STA,E4:D1:24:F0:BE:00,-65,10,0,0,0,0,0,0,0,0,0,-97,0,5,0,76411494,0,399,0,0,76.8038,128,[-113 -15 24 0 21 -25 21 -26 21 -24 22 -23 20 -23 19 -22 19 -20 18 -19 19 -18 18 -17 17 -15 16 -14 16 -14 15 -13 14 -11 13 -11 13 -10 13 -10 12 -9 11 -9 11 -9 11 -9 11 -10 10 -10 13 -5 0 0 0 0 0 0 0 0 0 0 0 0 0 0 0 0 0 0 0 0 0 0 19 -13 20 -11 21 -12 21 -11 22 -11 23 -11 23 -10 23 -10 23 -10 24 -9 24 -9 25 -9 26 -9 25 -9 25 -9 24 -10 24 -10 24 -12 23 -13 24 -13 23 -15 22 -16 22 -18 23 -21 23 -21 24 -24 ]
CSI_DATA,STA,E4:D1:24:F0:BE:00,-63,10,0,0,0,0,0,0,0,0,0,-97,0,5,0,76513854,0,399,0,0,76.9062,128,[-113 -15 24 0 29 11 27 9 27 10 25 9 24 9 24 8 22 8 21 8 20 9 18 8 17 8 16 8 14 8 14 7 13 7 12 7 12 7 11 7 10 7 10 7 10 6 9 7 9 7 8 7 7 7 0 0 0 0 0 0 0 0 0 0 0 0 0 0 0 0 0 0 0 0 0 0 21 11 19 13 20 14 19 14 19 16 19 16 19 17 19 17 19 18 18 19 18 18 19 19 18 19 19 19 18 19 19 19 18 18 20 18 20 17 21 17 22 16 24 15 24 14 26 14 27 14 28 13 ]
CSI_DATA,STA,E4:D1:24:F0:BE:00,-63,10,0,0,0,0,0,0,0,0,0,-97,0,5,0,76616256,0,399,0,0,77.0086,128,[-113 -15 24 0 -30 -14 -28 -13 -27 -12 -26 -12 -26 -10 -25 -11 -23 -10 -23 -10 -22 -10 -21 -10 -20 -10 -19 -10 -18 -10 -17 -9 -16 -9 -15 -9 -14 -9 -14 -9 -13 -8 -12 -8 -13 -9 -12 -8 -11 -9 -11 -9 -10 -10 0 0 0 0 0 0 0 0 0 0 0 0 0 0 0 0 0 0 0 0 0 0 -20 -11 -19 -12 -19 -14 -19 -14 -19 -15 -18 -15 -19 -16 -18 -16 -19 -17 -19 -18 -18 -17 -18 -18 -18 -19 -18 -19 -18 -20 -19 -20 -20 -19 -20 -19 -20 -19 -21 -18 -22 -17 -23 -18 -24 -17 -25 -17 -27 -17 -27 -17 ]
CSI_DATA,STA,E4:D1:24:F0:BE:00,-65,10,0,0,0,0,0,0,0,0,0,-97,0,5,0,76718658,0,399,0,0,77.111,128,[-113 -15 24 0 -26 14 -25 15 -24 16 -25 15 -24 15 -24 14 -23 13 -24 14 -23 13 -23 12 -23 12 -22 11 -21 10 -21 10 -20 9 -20 9 -20 8 -20 7 -20 7 -19 6 -19 5 -19 5 -19 5 -18 4 -19 2 0 0 0 0 0 0 0 0 0 0 0 0 0 0 0 0 0 0 0 0 0 0 -18 3 -19 2 -18 2 -19 2 -20 2 -20 2 -20 2 -21 2 -21 1 -21 1 -21 1 -21 0 -22 1 -22 1 -22 1 -22 1 -22 2 -22 2 -22 3 -22 4 -22 5 -23 7 -23 7 -23 9 -24 10 -24 12 ]
CSI_DATA,STA,E4:D1:24:F0:BE:00,-66,10,0,0,0,0,0,0,0,0,0,-97,0,5,0,76821060,0,399,0,0,77.2134,128,[-113 -15 24 0 18 -26 18 -26 18 -25 17 -25 17 -25 17 -24 18 -23 17 -22 18 -22 17 -20 17 -20 17 -18 16 -17 16 -17 16 -16 16 -15 16 -15 16 -14 16 -14 16 -14 15 -13 16 -13 17 -12 17 -11 20 -12 0 0 0 0 0 0 0 0 0 0 0 0 0 0 0 0 0 0 0 0 0 0 19 -11 20 -11 21 -10 21 -9 23 -10 23 -10 24 -9 24 -9 25 -9 25 -9 25 -9 25 -8 26 -8 25 -8 24 -9 24 -9 24 -9 23 -10 22 -11 22 -12 21 -13 20 -14 20 -16 20 -18 19 -19 20 -23 ]
CSI_DATA,STA,E4:D1:24:F0:BE:00,-64,10,0,0,0,0,0,0,0,0,0,-97,0,5,0,76923462,0,399,0,0,77.3156,128,[-113 -15 24 0 28 15 26 14 26 13 24 12 24 13 22 12 22 12 20 11 19 12 18 12 17 11 15 11 14 10 14 10 12 9 11 10 11 10 10 9 10 10 9 9 9 9 8 9 8 9 7 9 7 9 0 0 0 0 0 0 0 0 0 0 0 0 0 0 0 0 0 0 0 0 0 0 18 13 18 14 18 15 18 16 18 16 18 16 18 17 18 17 19 19 18 19 18 20 18 20 18 21 18 21 18 21 19 21 18 21 20 21 19 20 20 20 21 19 23 18 23 19 24 19 26 18 28 18 ]
CSI_DATA,STA,E4:D1:24:F0:BE:00,-63,10,0,0,0,0,0,0,0,0,0,-97,0,5,0,77025864,0,399,0,0,77.418,128,[-113 -15 24 0 -29 10 -28 11 -26 12 -25 11 -24 11 -24 12 -23 11 -22 11 -22 10 -21 9 -21 9 -20 8 -20 8 -19 7 -18 6 -18 6 -18 6 -18 5 -17 5 -17 4 -17 4 -17 4 -17 2 -17 2 -16 0 0 0 0 0 0 0 0 0 0 0 0 0 0 0 0 0 0 0 0 0 0 0 -24 6 -25 4 -25 4 -25 3 -26 2 -26 2 -27 1 -27 1 -27 0 -28 0 -28 0 -29 -1 -29 -2 -30 -2 -29 -2 -30 -2 -30 -2 -30 -2 -30 -1 -30 -1 -30 0 -30 2 -30 2 -29 3 -30 4 -30 7 ]
CSI_DATA,STA,E4:D1:24:F0:BE:00,-63,10,0,0,0,0,0,0,0,0,0,-97,0,5,0,77128265,0,399,0,0,77.5206,128,[-113 -15 24 0 19 -21 18 -21 17 -21 16 -20 16 -20 15 -19 14 -18 14 -17 14 -17 13 -16 12 -15 13 -13 12 -13 12 -13 11 -12 11 -11 11 -11 10 -10 9 -10 10 -10 10 -9 10 -9 10 -8 11 -8 14 -5 0 0 0 0 0 0 0 0 0 0 0 0 0 0 0 0 0 0 0 0 0 0 14 -16 14 -15 15 -14 15 -14 17 -15 18 -14 18 -13 18 -14 18 -14 20 -14 20 -13 20 -12 22 -13 22 -13 23 -13 23 -12 22 -13 22 -13 21 -14 22 -15 22 -16 21 -16 21 -16 20 -18 21 -19 21 -21 ]
CSI_DATA,STA,E4:D1:24:F0:BE:00,-63,10,0,0,0,0,0,0,0,0,0,-97,0,5,0,77230667,0,399,0,0,77.623,128,[-113 -15 24 0 10 -24 10 -23 10 -23 9 -21 8 -22 8 -21 8 -21 7 -21 7 -20 7 -19 7 -18 6 -18 6 -16 6 -16 6 -15 6 -15 6 -14 6 -14 5 -14 6 -13 5 -12 5 -12 6 -12 6 -12 7 -11 0 0 0 0 0 0 0 0 0 0 0 0 0 0 0 0 0 0 0 0 0 0 6 -16 6 -16 7 -16 7 -16 8 -16 8 -16 9 -17 10 -17 11 -17 11 -17 12 -17 13 -18 13 -18 15 -18 15 -18 15 -18 15 -18 15 -18 15 -18 15 -18 15 -19 15 -20 15 -21 14 -21 14 -22 14 -24 ]
CSI_DATA,STA,E4:D1:24:F0:BE:00,-63,10,0,0,0,0,0,0,0,0,0,-97,0,5,0,77231404,0,64,0,0,77.6564,128,[64 0 4 0 6 27 5 26 7 26 6 24 7 24 7 23 6 22 6 21 6 22 5 21 4 20 3 18 3 18 3 17 3 15 2 16 2 15 2 15 2 15 2 14 1 14 1 13 -1 13 -2 12 4 14 0 0 0 0 0 0 0 0 0 0 0 0 0 0 0 0 0 0 0 0 0 0 7 17 5 16 5 18 5 19 4 19 5 19 4 21 3 21 4 22 2 22 2 22 2 24 0 25 0 24 0 24 -1 26 -1 25 -1 26 -1 26 0 25 0 26 1 26 1 28 2 28 2 28 3 29 ]
CSI_DATA,STA,E4:D1:24:F0:BE:00,-63,10,0,0,0,0,0,0,0,0,0,-97,0,5,0,77333069,0,399,0,0,77.7254,128,[-113 -15 24 0 34 -7 33 -7 31 -7 30 -7 29 -7 29 -7 28 -6 26 -6 25 -6 25 -6 24 -5 24 -5 23 -4 21 -4 19 -4 19 -3 19 -2 19 -3 18 -2 18 -2 18 -1 17 -1 16 -1 16 -1 17 0 0 0 0 0 0 0 0 0 0 0 0 0 0 0 0 0 0 0 0 0 0 0 19 -4 19 -2 19 -2 19 -2 20 -1 21 -1 21 -1 22 0 23 -1 23 0 23 0 24 1 25 1 25 1 26 2 26 1 27 1 27 1 28 0 29 1 28 0 30 -1 30 -2 32 -2 33 -4 35 -4 ]
CSI_DATA,STA,E4:D1:24:F0:BE:00,-63,10,0,0,0,0,0,0,0,0,0,-97,0,5,0,77435471,0,399,0,0,77.8278,128,[-113 -15 24 0 25 -21 24 -21 24 -19 22 -18 21 -17 20 -17 20 -16 19 -15 18 -15 17 -14 16 -13 15 -12 14 -11 14 -11 13 -9 12 -9 12 -9 12 -8 11 -9 11 -8 10 -7 10 -7 10 -7 9 -7 10 -5 0 0 0 0 0 0 0 0 0 0 0 0 0 0 0 0 0 0 0 0 0 0 14 -12 15 -12 16 -12 16 -12 18 -12 18 -13 20 -12 20 -12 21 -13 21 -12 21 -13 22 -12 23 -13 24 -13 25 -13 25 -14 25 -14 25 -15 26 -15 26 -16 26 -16 27 -17 26 -18 27 -19 28 -19 28 -21 ]
CSI_DATA,STA,E4:D1:24:F0:BE:00,-63,10,0,0,0,0,0,0,0,0,0,-97,0,5,0,77537873,0,399,0,0,77.9302,128,[-113 -15 24 0 -30 19 -27 19 -26 19 -25 18 -23 18 -23 17 -22 16 -21 15 -20 14 -19 13 -18 13 -17 12 -17 11 -16 10 -15 9 -14 9 -14 9 -14 8 -13 8 -12 8 -12 7 -12 8 -11 7 -12 7 -11 8 0 0 0 0 0 0 0 0 0 0 0 0 0 0 0 0 0 0 0 0 0 0 -18 15 -18 14 -19 14 -19 13 -20 12 -20 13 -21 13 -23 14 -23 14 -23 13 -25 12 -25 13 -27 12 -27 12 -28 12 -28 13 -29 12 -29 13 -30 13 -29 14 -30 14 -30 15 -29 15 -30 17 -31 18 -31 19 ]
CSI_DATA,STA,E4:D1:24:F0:BE:00,-62,10,0,0,0,0,0,0,0,0,0,-97,0,5,0,77640275,0,399,0,0,78.0326,128,[-113 -15 24 0 -30 -10 -29 -9 -26 -9 -26 -8 -24 -7 -23 -7 -22 -7 -21 -7 -19 -8 -18 -7 -17 -7 -16 -6 -15 -6 -13 -6 -12 -5 -11 -5 -10 -4 -10 -4 -9 -3 -9 -3 -9 -2 -8 -2 -8 -2 -8 -1 -8 -1 0 0 0 0 0 0 0 0 0 0 0 0 0 0 0 0 0 0 0 0 0 0 -16 -5 -16 -6 -16 -6 -16 -7 -16 -8 -17 -8 -18 -8 -18 -8 -19 -9 -18 -9 -19 -9 -19 -11 -20 -11 -20 -11 -21 -11 -21 -11 -22 -11 -22 -11 -23 -12 -24 -11 -25 -10 -26 -11 -26 -11 -28 -11 -29 -11 -30 -11 ]
CSI_DATA,STA,E4:D1:24:F0:BE:00,-64,10,0,0,0,0,0,0,0,0,0,-97,0,5,0,77742677,0,399,0,0,78.1348,128,[-113 -15 24 0 15 -34 15 -31 16 -31 14 -29 14 -28 14 -27 14 -26 14 -25 14 -24 13 -21 13 -20 12 -18 11 -17 12 -16 10 -15 10 -15 10 -13 9 -13 8 -13 8 -12 7 -12 7 -12 6 -12 6 -12 7 -11 0 0 0 0 0 0 0 0 0 0 0 0 0 0 0 0 0 0 0 0 0 0 8 -14 9 -13 9 -15 9 -15 10 -16 11 -17 11 -17 12 -18 13 -18 14 -19 13 -20 15 -20 15 -20 17 -20 16 -21 17 -23 16 -22 17 -23 16 -24 17 -24 16 -26 16 -27 16 -28 16 -29 17 -31 18 -33 ]
CSI_DATA,STA,E4:D1:24:F0:BE:00,-62,10,0,0,0,0,0,0,0,0,0,-97,0,5,0,77845078,0,399,0,0,78.2373,128,[-113 -15 24 0 34 -17 32 -17 30 -15 30 -14 27 -14 27 -13 25 -11 24 -12 23 -11 22 -10 20 -9 18 -8 18 -8 17 -7 15 -6 15 -6 14 -6 13 -6 12 -5 12 -5 11 -5 10 -5 10 -5 9 -6 9 -4 0 0 0 0 0 0 0 0 0 0 0 0 0 0 0 0 0 0 0 0 0 0 14 -9 15 -9 16 -9 17 -9 18 -9 18 -9 19 -10 20 -10 21 -9 22 -10 22 -9 23 -9 25 -10 25 -10 27 -9 27 -10 28 -11 29 -12 30 -12 30 -12 32 -13 32 -14 31 -14 33 -15 34 -16 35 -18 ]
CSI_DATA,STA,E4:D1:24:F0:BE:00,-63,10,0,0,0,0,0,0,0,0,0,-97,0,5,0,77947480,0,399,0,0,78.3398,128,[-113 -15 24 0 -39 -14 -37 -13 -35 -12 -33 -11 -32 -10 -30 -11 -29 -10 -28 -10 -27 -10 -25 -10 -24 -10 -22 -9 -22 -9 -20 -8 -19 -8 -18 -8 -18 -8 -17 -8 -16 -7 -16 -6 -16 -6 -16 -6 -15 -6 -14 -6 -15 -6 0 0 0 0 0 0 0 0 0 0 0 0 0 0 0 0 0 0 0 0 0 0 -17 -5 -16 -6 -18 -6 -17 -7 -18 -7 -19 -8 -20 -8 -20 -9 -21 -10 -22 -10 -21 -11 -23 -11 -23 -12 -24 -12 -25 -13 -26 -13 -26 -13 -27 -14 -27 -14 -29 -13 -30 -12 -32 -14 -33 -13 -34 -14 -36 -14 -37 -14 ]
CSI_DATA,STA,E4:D1:24:F0:BE:00,-63,10,0,0,0,0,0,0,0,0,0,-97,0,5,0,78049882,0,399,0,0,78.4422,128,[-113 -15 24 0 -10 -32 -9 -31 -9 -30 -8 -27 -7 -27 -7 -26 -6 -24 -6 -24 -5 -23 -5 -21 -4 -20 -3 -19 -3 -18 -3 -17 -2 -15 -2 -14 -1 -14 -2 -13 -2 -12 -2 -12 -1 -12 -2 -10 -2 -10 -1 -10 -2 -9 0 0 0 0 0 0 0 0 0 0 0 0 0 0 0 0 0 0 0 0 0 0 -6 -18 -5 -17 -5 -19 -5 -19 -5 -20 -4 -20 -5 -21 -4 -22 -4 -22 -4 -23 -3 -23 -4 -24 -3 -26 -4 -26 -3 -26 -4 -28 -3 -27 -4 -29 -4 -28 -4 -29 -6 -30 -6 -31 -7 -32 -7 -32 -7 -33 -8 -34 ]
CSI_DATA,STA,E4:D1:24:F0:BE:00,-64,10,0,0,0,0,0,0,0,0,0,-97,0,5,0,78152284,0,399,0,0,78.5446,128,[-113 -15 24 0 -29 24 -27 23 -26 21 -25 20 -25 19 -24 18 -22 17 -21 16 -20 16 -19 14 -19 14 -18 13 -16 12 -15 11 -15 10 -15 10 -14 10 -14 10 -13 9 -13 9 -12 8 -11 9 -11 9 -11 9 -13 9 0 0 0 0 0 0 0 0 0 0 0 0 0 0 0 0 0 0 0 0 0 0 -14 12 -14 12 -15 12 -15 13 -16 14 -17 14 -18 14 -19 14 -20 15 -20 14 -20 15 -22 15 -22 15 -23 16 -25 17 -25 17 -26 17 -26 17 -26 18 -27 18 -28 19 -28 21 -29 21 -29 22 -30 24 -31 25 ]
CSI_DATA,STA,E4:D1:24:F0:BE:00,-65,10,0,0,0,0,0,0,0,0,0,-97,0,5,0,78254686,0,399,0,0,78.647,128,[-113 -15 24 0 -31 11 -30 11 -28 10 -27 9 -26 9 -24 8 -23 7 -23 6 -21 5 -20 4 -19 4 -18 3 -16 3 -16 2 -15 2 -15 2 -13 2 -13 2 -12 2 -12 2 -12 1 -11 2 -11 2 -11 2 -12 2 0 0 0 0 0 0 0 0 0 0 0 0 0 0 0 0 0 0 0 0 0 0 -15 2 -15 2 -15 1 -15 1 -16 1 -16 2 -16 3 -17 2 -17 3 -17 3 -18 3 -19 3 -20 3 -20 5 -21 5 -22 6 -22 6 -24 7 -24 7 -24 8 -25 9 -26 9 -27 10 -29 11 -30 12 -31 12 ]
CSI_DATA,STA,E4:D1:24:F0:BE:00,-65,10,0,0,0,0,0,0,0,0,0,-97,0,5,0,78255504,0,64,0,0,78.679,128,[64 0 4 0 -26 23 -26 22 -24 21 -24 20 -23 18 -22 17 -21 16 -20 15 -19 14 -19 12 -18 11 -16 11 -16 10 -15 8 -14 8 -13 8 -13 7 -13 7 -11 6 -11 8 -11 7 -11 7 -10 7 -10 7 -11 8 0 0 0 0 0 0 0 0 0 0 0 0 0 0 0 0 0 0 0 0 0 0 -15 6 -15 6 -16 6 -16 6 -16 8 -16 8 -17 7 -17 9 -17 9 -18 9 -18 9 -19 10 -19 10 -19 11 -20 12 -21 12 -21 13 -21 14 -21 15 -22 17 -22 17 -24 19 -23 20 -24 21 -25 23 -27 24 ]
CSI_DATA,STA,E4:D1:24:F0:BE:00,-62,10,0,0,0,0,0,0,0,0,0,-97,0,5,0,78357088,0,399,0,0,78.7493,128,[-113 -15 24 0 7 34 6 33 7 31 6 30 6 29 5 28 5 26 4 25 3 24 3 23 3 22 3 21 3 20 1 19 1 17 1 17 1 17 1 15 1 15 0 15 1 14 0 14 0 13 0 13 -2 13 0 0 0 0 0 0 0 0 0 0 0 0 0 0 0 0 0 0 0 0 0 0 5 17 4 17 3 17 3 18 2 18 2 19 2 19 2 19 1 19 1 20 1 20 0 21 1 21 1 22 1 22 1 23 1 24 2 25 2 25 3 26 4 27 4 29 5 29 5 31 6 33 8 35 ]
CSI_DATA,STA,E4:D1:24:F0:BE:00,-65,10,0,0,0,0,0,0,0,0,0,-97,0,5,0,78459489,0,399,0,0,78.8518,128,[-113 -15 24 0 -12 -27 -12 -27 -12 -26 -11 -25 -11 -25 -11 -25 -9 -25 -9 -24 -8 -24 -9 -23 -8 -22 -7 -21 -7 -21 -5 -20 -6 -20 -4 -19 -4 -19 -4 -19 -3 -18 -3 -18 -4 -18 -4 -17 -4 -18 -2 -17 -3 -17 0 0 0 0 0 0 0 0 0 0 0 0 0 0 0 0 0 0 0 0 0 0 -6 -24 -3 -24 -3 -24 -3 -25 -2 -24 -1 -24 -1 -24 -2 -23 -2 -24 -1 -23 -1 -22 -1 -23 0 -24 -2 -23 -1 -23 -2 -23 -3 -23 -3 -23 -4 -24 -5 -24 -5 -24 -7 -24 -8 -25 -9 -25 -10 -26 -11 -27 ]
CSI_DATA,STA,E4:D1:24:F0:BE:00,-63,10,0,0,0,0,0,0,0,0,0,-97,0,5,0,78561891,0,399,0,0,78.954,128,[-113 -15 24 0 -35 8 -34 9 -32 8 -31 7 -31 6 -30 6 -28 5 -27 5 -26 3 -25 3 -24 2 -23 2 -22 1 -21 0 -20 1 -19 0 -19 0 -18 -1 -18 -2 -17 -1 -17 -2 -17 -2 -16 -3 -15 -4 -16 -5 0 0 0 0 0 0 0 0 0 0 0 0 0 0 0 0 0 0 0 0 0 0 -23 0 -23 -2 -23 -2 -22 -3 -23 -3 -22 -3 -23 -4 -22 -4 -22 -4 -23 -4 -22 -4 -23 -4 -23 -3 -24 -4 -25 -4 -25 -3 -25 -3 -25 -2 -26 -1 -27 0 -28 2 -29 2 -29 4 -31 6 -33 7 -33 8 ]
CSI_DATA,STA,E4:D1:24:F0:BE:00,-64,10,0,0,0,0,0,0,0,0,0,-97,0,5,0,78664293,0,399,0,0,79.0566,128,[-113 -15 24 0 -27 16 -26 16 -25 15 -24 15 -23 15 -23 15 -22 14 -22 14 -21 13 -21 12 -20 11 -19 10 -18 10 -18 9 -17 8 -16 8 -15 7 -15 7 -14 6 -14 6 -13 6 -12 5 -12 5 -11 5 -12 5 0 0 0 0 0 0 0 0 0 0 0 0 0 0 0 0 0 0 0 0 0 0 -23 11 -23 10 -23 8 -23 7 -24 7 -23 6 -23 6 -23 6 -23 5 -23 4 -23 4 -23 3 -24 3 -24 3 -23 3 -24 4 -23 5 -25 5 -24 6 -25 7 -24 8 -25 8 -25 10 -26 10 -27 11 -27 13 ]
CSI_DATA,STA,E4:D1:24:F0:BE:00,-64,10,0,0,0,0,0,0,0,0,0,-97,0,5,0,78766695,0,399,0,0,79.159,128,[-113 -15 24 0 -40 7 -39 7 -38 6 -37 5 -36 5 -36 3 -34 3 -33 3 -32 2 -30 1 -29 0 -28 0 -27 -1 -26 -2 -25 -1 -25 -4 -23 -3 -22 -3 -22 -3 -22 -4 -20 -4 -20 -4 -19 -4 -19 -5 -20 -6 0 0 0 0 0 0 0 0 0 0 0 0 0 0 0 0 0 0 0 0 0 0 -17 -12 -17 -12 -17 -12 -16 -13 -15 -12 -16 -12 -16 -11 -16 -11 -16 -10 -16 -10 -16 -9 -16 -8 -17 -8 -18 -8 -17 -7 -19 -6 -20 -5 -21 -3 -23 -2 -24 -1 -25 1 -27 2 -30 3 -31 4 -33 5 -36 7 ]
CSI_DATA,STA,E4:D1:24:F0:BE:00,-66,10,0,0,0,0,0,0,0,0,0,-97,0,5,0,78869097,0,399,0,0,79.2614,128,[-113 -15 24 0 -2 29 -2 28 -3 27 -3 26 -3 26 -3 25 -4 24 -3 23 -4 22 -5 21 -5 20 -6 20 -5 19 -6 17 -6 17 -6 16 -6 16 -7 16 -7 14 -7 14 -7 14 -6 13 -7 13 -8 13 -9 12 0 0 0 0 0 0 0 0 0 0 0 0 0 0 0 0 0 0 0 0 0 0 -12 19 -12 18 -13 16 -13 15 -13 15 -13 14 -12 15 -13 15 -12 15 -12 15 -11 14 -12 16 -12 15 -12 15 -11 16 -11 16 -9 17 -9 17 -8 19 -7 19 -6 20 -5 22 -5 23 -4 24 -4 25 -4 28 ]
CSI_DATA,STA,E4:D1:24:F0:BE:00,-64,10,0,0,0,0,0,0,0,0,0,-97,0,5,0,78971499,0,399,0,0,79.3638,128,[-113 -15 24 0 -6 33 -6 32 -6 32 -6 30 -6 30 -6 28 -7 27 -7 26 -8 25 -8 24 -8 22 -9 21 -10 21 -9 19 -9 18 -10 17 -10 16 -10 16 -10 15 -10 14 -10 13 -10 13 -10 12 -11 12 -12 10 0 0 0 0 0 0 0 0 0 0 0 0 0 0 0 0 0 0 0 0 0 0 -14 16 -14 15 -14 15 -14 14 -14 13 -14 13 -13 13 -14 14 -13 14 -13 13 -12 13 -12 14 -12 15 -12 15 -11 17 -12 17 -10 18 -10 19 -10 19 -8 21 -8 22 -7 25 -7 26 -7 27 -7 30 -5 32 ]
CSI_DATA,STA,E4:D1:24:F0:BE:00,-65,10,0,0,0,0,0,0,0,0,0,-97,0,5,0,79073901,0,399,0,0,79.4662,128,[-113 -15 24 0 37 2 35 2 35 3 34 3 33 4 31 5 31 5 28 6 28 5 26 6 25 7 23 7 22 7 21 7 20 7 18 8 17 8 16 8 15 8 15 7 14 7 13 8 12 7 13 7 11 7 0 0 0 0 0 0 0 0 0 0 0 0 0 0 0 0 0 0 0 0 0 0 18 15 17 16 16 17 15 17 14 18 14 17 14 17 14 17 14 16 13 16 13 15 14 15 14 15 14 14 15 13 16 12 16 11 18 10 19 9 21 9 22 7 24 6 25 5 29 4 31 3 33 2 ]
CSI_DATA,STA,E4:D1:24:F0:BE:00,-66,10,0,0,0,0,0,0,0,0,0,-97,0,5,0,79176302,0,399,0,0,79.5686,128,[-113 -15 24 0 28 10 29 9 28 8 28 8 28 8 28 8 27 8 27 8 26 9 25 9 24 9 23 9 21 9 21 9 19 9 19 9 20 10 19 10 18 8 17 8 17 8 16 9 16 9 15 10 16 10 0 0 0 0 0 0 0 0 0 0 0 0 0 0 0 0 0 0 0 0 0 0 19 20 17 20 16 21 14 22 14 21 14 22 12 23 12 22 11 21 10 21 9 21 10 20 9 20 10 20 10 19 10 18 10 17 11 16 12 14 14 15 15 13 17 12 18 11 21 12 23 11 25 11 ]
CSI_DATA,STA,E4:D1:24:F0:BE:00,-68,10,0,0,0,0,0,0,0,0,0,-97,0,5,0,79278704,0,399,0,0,79.6709,128,[-113 -15 24 0 -25 -7 -25 -7 -26 -8 -26 -8 -26 -9 -26 -9 -26 -9 -26 -10 -26 -10 -25 -11 -24 -11 -24 -12 -23 -10 -22 -12 -22 -11 -21 -12 -19 -11 -20 -11 -19 -12 -18 -11 -18 -11 -17 -10 -16 -10 -17 -11 -15 -12 0 0 0 0 0 0 0 0 0 0 0 0 0 0 0 0 0 0 0 0 0 0 -4 -23 -2 -22 -1 -21 -1 -20 0 -20 -1 -19 0 -18 0 -18 -1 -18 0 -16 -2 -15 -2 -15 -2 -14 -4 -14 -4 -13 -5 -12 -6 -11 -7 -12 -8 -10 -9 -9 -11 -8 -13 -9 -14 -8 -16 -8 -18 -8 -20 -7 ]
CSI_DATA,STA,E4:D1:24:F0:BE:00,-68,10,0,0,0,0,0,0,0,0,0,-97,0,5,0,79279729,0,64,0,0,79.7079,128,[64 0 4 0 -21 -18 -22 -19 -22 -18 -21 -19 -22 -20 -22 -20 -20 -21 -21 -19 -20 -19 -20 -21 -20 -21 -19 -21 -18 -19 -16 -19 -16 -20 -16 -18 -15 -20 -13 -20 -14 -19 -14 -19 -11 -19 -12 -15 -13 -14 -8 -15 -13 -24 0 0 0 0 0 0 0 0 0 0 0 0 0 0 0 0 0 0 0 0 0 0 6 -23 5 -23 6 -20 9 -21 8 -19 7 -19 6 -18 6 -16 7 -17 5 -17 5 -16 4 -15 5 -15 3 -12 2 -15 0 -14 -1 -13 -2 -13 -4 -12 -6 -13 -7 -13 -8 -15 -10 -15 -13 -14 -15 -15 -16 -17 ]
CSI_DATA,STA,E4:D1:24:F0:BE:00,-69,10,0,0,0,0,0,0,0,0,0,-97,0,5,0,79381106,0,399,0,0,79.7734,128,[-113 -15 24 0 4 26 4 26 3 26 3 26 3 25 2 26 1 25 0 25 -2 23 -3 24 -4 22 -3 20 -5 21 -4 20 -5 19 -5 19 -6 20 -6 19 -6 17 -7 16 -7 16 -6 16 -8 16 -8 14 -7 13 0 0 0 0 0 0 0 0 0 0 0 0 0 0 0 0 0 0 0 0 0 0 -10 22 -11 21 -12 20 -13 20 -12 19 -12 19 -11 19 -11 19 -10 19 -10 18 -9 18 -9 18 -8 19 -7 18 -7 18 -6 19 -6 18 -4 19 -3 18 -2 20 -1 20 1 21 1 22 1 24 2 24 4 25 ]
CSI_DATA,STA,E4:D1:24:F0:BE:00,-68,10,0,0,0,0,0,0,0,0,0,-97,0,5,0,79483508,0,399,0,0,79.8758,128,[-113 -15 24 0 -9 26 -9 28 -9 27 -9 27 -9 27 -11 25 -10 25 -11 24 -11 23 -11 24 -12 22 -12 21 -12 21 -11 20 -11 18 -12 18 -11 18 -11 19 -11 17 -11 16 -12 17 -11 15 -12 13 -12 14 -12 12 0 0 0 0 0 0 0 0 0 0 0 0 0 0 0 0 0 0 0 0 0 0 -25 20 -25 18 -25 15 -24 15 -25 14 -25 14 -24 14 -24 12 -23 12 -23 11 -21 10 -22 11 -21 11 -21 12 -19 11 -18 12 -18 12 -17 13 -18 13 -14 14 -14 16 -13 17 -12 18 -12 20 -12 21 -11 25 ]
CSI_DATA,STA,E4:D1:24:F0:BE:00,-66,10,0,0,0,0,0,0,0,0,0,-97,0,5,0,79585910,0,399,0,0,79.9782,128,[-113 -15 24 0 -4 -39 -3 -38 -2 -36 -2 -36 -1 -36 0 -34 1 -33 1 -32 2 -31 2 -30 2 -28 3 -28 3 -26 4 -25 5 -23 5 -23 4 -22 5 -22 5 -21 4 -21 5 -19 5 -20 6 -19 6 -18 9 -19 0 0 0 0 0 0 0 0 0 0 0 0 0 0 0 0 0 0 0 0 0 0 13 -16 14 -15 14 -15 13 -14 13 -15 13 -14 12 -13 12 -14 12 -16 11 -14 10 -14 10 -15 9 -16 9 -16 8 -17 8 -18 6 -18 6 -19 4 -20 4 -22 1 -23 1 -26 0 -27 0 -29 -2 -32 -3 -35 ]
CSI_DATA,STA,E4:D1:24:F0:BE:00,-68,10,0,0,0,0,0,0,0,0,0,-97,0,5,0,79688312,0,399,0,0,80.0806,128,[-113 -15 24 0 22 12 22 12 20 12 21 12 22 13 21 13 21 13 20 13 20 14 18 13 17 13 16 13 16 14 15 12 14 13 14 13 14 12 12 12 12 13 11 12 12 11 12 11 11 12 10 11 11 11 0 0 0 0 0 0 0 0 0 0 0 0 0 0 0 0 0 0 0 0 0 0 4 29 2 29 1 28 0 27 -1 27 -1 25 -1 25 -2 24 -2 23 -3 22 -3 21 -1 21 -1 20 -1 19 -1 19 0 19 1 18 2 17 3 17 4 16 6 16 8 14 10 13 13 13 13 13 16 14 ]
CSI_DATA,STA,E4:D1:24:F0:BE:00,-66,10,0,0,0,0,0,0,0,0,0,-97,0,5,0,79790714,0,399,0,0,80.183,128,[-113 -15 24 0 -14 24 -13 25 -13 24 -13 22 -13 23 -13 22 -13 21 -13 20 -13 20 -14 18 -14 17 -13 17 -12 16 -13 15 -12 14 -12 14 -12 12 -12 12 -11 12 -11 11 -11 10 -11 10 -11 10 -11 9 -10 9 0 0 0 0 0 0 0 0 0 0 0 0 0 0 0 0 0 0 0 0 0 0 -18 16 -18 15 -19 13 -19 12 -19 13 -19 12 -19 12 -19 12 -19 12 -19 11 -18 11 -18 12 -18 12 -18 12 -18 13 -18 12 -18 13 -17 13 -16 14 -17 14 -15 15 -15 16 -15 18 -14 18 -14 21 -15 23 ]
CSI_DATA,STA,E4:D1:24:F0:BE:00,-65,10,0,0,0,0,0,0,0,0,0,-97,0,5,0,79893118,0,399,0,0,80.2853,128,[-113 -15 24 0 25 -12 23 -13 24 -13 24 -13 23 -13 23 -13 22 -12 22 -13 22 -12 22 -12 20 -10 20 -10 20 -9 20 -8 18 -9 19 -8 18 -8 18 -8 18 -7 18 -7 17 -6 17 -6 16 -5 16 -4 18 -3 0 0 0 0 0 0 0 0 0 0 0 0 0 0 0 0 0 0 0 0 0 0 24 -7 23 -4 24 -4 23 -3 24 -2 23 -1 23 -1 23 -1 24 -1 23 0 22 1 23 1 23 1 23 1 23 1 24 1 22 1 24 0 23 0 23 -2 22 -2 23 -3 24 -4 25 -4 24 -6 25 -8 ]
CSI_DATA,STA,E4:D1:24:F0:BE:00,-66,10,0,0,0,0,0,0,0,0,0,-97,0,5,0,79995520,0,399,0,0,80.3877,128,[-113 -15 24 0 18 21 17 20 17 20 17 20 17 19 16 20 16 19 15 20 15 19 14 18 13 18 12 17 10 18 9 18 9 16 9 17 7 16 7 16 6 16 5 16 5 15 4 14 4 13 2 12 3 12 0 0 0 0 0 0 0 0 0 0 0 0 0 0 0 0 0 0 0 0 0 0 11 23 8 23 8 23 7 23 7 24 6 23 5 23 5 23 5 23 5 23 5 23 5 23 3 23 4 23 4 21 4 23 5 22 5 22 6 21 6 21 9 21 9 21 10 21 11 21 13 22 15 21 ]
CSI_DATA,STA,E4:D1:24:F0:BE:00,-66,10,0,0,0,0,0,0,0,0,0,-97,0,5,0,80097922,0,399,0,0,80.4902,128,[-113 -15 24 0 6 29 5 27 6 28 5 26 5 26 5 25 3 24 2 24 2 25 2 23 1 23 0 22 0 20 0 20 -1 18 -2 18 -2 17 -2 16 -2 16 -2 15 -3 15 -1 14 -2 13 -3 10 -4 16 0 0 0 0 0 0 0 0 0 0 0 0 0 0 0 0 0 0 0 0 0 0 -2 21 -3 20 -3 19 -3 19 -4 19 -4 19 -4 20 -3 20 -3 20 -4 21 -4 20 -4 20 -3 20 -3 20 -2 20 -3 22 -3 21 -2 22 -1 21 -1 23 0 22 3 24 1 24 3 25 2 27 5 28 ]
CSI_DATA,STA,E4:D1:24:F0:BE:00,-65,10,0,0,0,0,0,0,0,0,0,-97,0,5,0,80200324,0,399,0,0,80.5926,128,[-113 -15 24 0 -28 22 -26 22 -26 20 -26 19 -25 19 -25 18 -25 17 -24 16 -24 16 -24 14 -23 12 -22 11 -22 10 -22 9 -20 9 -20 7 -19 6 -19 6 -19 5 -17 4 -16 3 -16 2 -15 2 -14 0 -13 1 0 0 0 0 0 0 0 0 0 0 0 0 0 0 0 0 0 0 0 0 0 0 -22 1 -22 0 -21 0 -21 0 -21 0 -21 1 -21 0 -21 1 -21 1 -21 1 -21 2 -21 2 -22 3 -22 3 -22 4 -23 6 -22 7 -22 8 -23 8 -23 10 -23 11 -23 13 -24 14 -25 16 -26 18 -27 19 ]
CSI_DATA,STA,E4:D1:24:F0:BE:00,-63,10,0,0,0,0,0,0,0,0,0,-97,0,5,0,80302726,0,399,0,0,80.695,128,[-113 -15 24 0 1 -31 0 -29 1 -28 1 -28 1 -26 0 -25 1 -25 2 -24 2 -23 2 -22 2 -21 2 -20 2 -19 3 -17 3 -16 3 -16 3 -15 3 -14 3 -13 3 -13 3 -12 2 -11 2 -11 3 -11 3 -10 0 0 0 0 0 0 0 0 0 0 0 0 0 0 0 0 0 0 0 0 0 0 3 -17 4 -16 4 -16 5 -16 5 -17 5 -16 5 -17 5 -17 5 -18 6 -18 5 -17 6 -18 6 -18 6 -20 6 -20 5 -21 5 -21 5 -22 4 -23 4 -23 3 -24 3 -26 3 -27 3 -27 2 -29 2 -30 ]
CSI_DATA,STA,E4:D1:24:F0:BE:00,-64,10,0,0,0,0,0,0,0,0,0,-97,0,5,0,80405128,0,399,0,0,80.7975,128,[-113 -15 24 0 32 6 31 4 29 4 28 4 27 4 26 4 25 4 23 4 22 3 21 4 20 4 19 4 18 4 17 4 16 4 15 4 14 4 14 4 13 4 12 3 12 3 12 4 11 3 11 3 11 5 0 0 0 0 0 0 0 0 0 0 0 0 0 0 0 0 0 0 0 0 0 0 22 5 21 6 21 7 21 7 21 8 21 9 22 10 22 9 22 10 22 10 22 10 22 10 22 11 23 11 23 11 24 10 24 11 24 10 25 9 26 9 27 8 28 8 29 8 30 7 32 7 33 6 ]
CSI_DATA,STA,E4:D1:24:F0:BE:00,-64,10,0,0,0,0,0,0,0,0,0,-97,0,5,0,80405901,0,64,0,0,80.8254,128,[64 0 4 0 31 2 28 2 28 2 26 3 25 3 24 3 23 2 22 3 22 3 21 3 19 3 17 3 16 4 16 5 14 3 14 4 13 3 13 3 11 4 12 4 11 4 11 3 11 4 11 6 12 -1 0 0 0 0 0 0 0 0 0 0 0 0 0 0 0 0 0 0 0 0 0 0 22 -1 21 1 23 2 22 3 23 3 22 4 23 5 23 5 23 6 24 6 23 6 24 6 24 6 24 6 23 7 25 7 23 7 26 7 25 6 26 7 27 5 28 5 29 5 29 3 31 3 30 3 ]
CSI_DATA,STA,E4:D1:24:F0:BE:00,-63,10,0,0,0,0,0,0,0,0,0,-97,0,5,0,80507530,0,399,0,0,80.8997,128,[-113 -15 24 0 6 34 7 33 7 31 6 30 6 29 5 28 5 26 3 27 3 25 3 24 2 23 1 22 0 20 1 19 0 18 -1 18 -1 17 -2 16 -2 15 -2 15 -3 14 -3 14 -3 13 -3 13 -4 14 0 0 0 0 0 0 0 0 0 0 0 0 0 0 0 0 0 0 0 0 0 0 1 20 0 20 -1 21 -2 20 -2 22 -2 22 -3 22 -3 22 -3 23 -3 22 -3 23 -3 24 -3 24 -2 25 -3 25 -3 26 -2 26 -2 27 0 27 0 28 1 28 2 30 3 31 4 32 5 34 7 36 ]
CSI_DATA,STA,E4:D1:24:F0:BE:00,-63,10,0,0,0,0,0,0,0,0,0,-97,0,5,0,80609931,0,399,0,0,81.0022,128,[-113 -15 24 0 11 -28 10 -27 11 -26 10 -25 9 -24 9 -23 9 -22 9 -21 9 -20 9 -19 8 -18 8 -17 8 -16 8 -16 8 -15 8 -14 8 -13 8 -13 8 -12 8 -12 8 -11 8 -10 7 -10 8 -9 9 -8 0 0 0 0 0 0 0 0 0 0 0 0 0 0 0 0 0 0 0 0 0 0 9 -19 11 -17 11 -17 12 -17 12 -18 13 -17 13 -17 13 -17 14 -17 14 -17 14 -17 13 -18 15 -17 14 -18 15 -18 14 -19 14 -19 14 -20 14 -20 14 -21 13 -22 14 -23 13 -24 12 -25 13 -27 13 -29 ]
CSI_DATA,STA,E4:D1:24:F0:BE:00,-62,10,0,0,0,0,0,0,0,0,0,-97,0,5,0,80712333,0,399,0,0,81.1046,128,[-113 -15 24 0 -39 4 -37 4 -35 4 -34 4 -33 4 -32 3 -31 3 -30 2 -29 2 -27 2 -27 1 -25 0 -24 0 -22 0 -21 -1 -20 -1 -19 -2 -19 -3 -18 -3 -17 -2 -17 -3 -17 -3 -16 -3 -15 -3 -16 -4 0 0 0 0 0 0 0 0 0 0 0 0 0 0 0 0 0 0 0 0 0 0 -20 2 -20 1 -21 0 -21 0 -22 -1 -22 -1 -23 -1 -23 -2 -23 -2 -24 -2 -24 -3 -25 -3 -25 -3 -26 -3 -27 -3 -28 -3 -28 -2 -29 -2 -30 -2 -30 -1 -31 0 -33 -1 -33 1 -35 2 -37 4 -38 4 ]
CSI_DATA,STA,E4:D1:24:F0:BE:00,-64,10,0,0,0,0,0,0,0,0,0,-97,0,5,0,80814735,0,399,0,0,81.207,128,[-113 -15 24 0 12 -31 12 -30 12 -30 12 -28 11 -27 11 -26 11 -25 11 -23 11 -23 10 -22 10 -20 11 -19 10 -18 9 -17 9 -16 9 -14 9 -14 9 -13 8 -13 9 -12 8 -11 8 -10 8 -10 8 -9 6 -8 0 0 0 0 0 0 0 0 0 0 0 0 0 0 0 0 0 0 0 0 0 0 12 -19 13 -18 13 -19 13 -18 14 -18 14 -18 14 -18 15 -18 15 -19 15 -18 15 -18 16 -18 16 -19 17 -19 16 -20 16 -20 16 -20 15 -22 15 -23 15 -23 15 -25 15 -25 15 -27 14 -28 14 -30 15 -31 ]
CSI_DATA,STA,E4:D1:24:F0:BE:00,-63,10,0,0,0,0,0,0,0,0,0,-97,0,5,0,80917137,0,399,0,0,81.3093,128,[-113 -15 24 0 22 -27 22 -27 21 -26 21 -25 20 -24 21 -24 20 -23 19 -23 19 -21 19 -21 19 -20 17 -18 17 -18 16 -17 16 -16 16 -15 16 -14 15 -15 15 -14 14 -13 14 -12 14 -12 13 -11 14 -11 13 -10 0 0 0 0 0 0 0 0 0 0 0 0 0 0 0 0 0 0 0 0 0 0 13 -14 14 -13 15 -13 15 -13 16 -12 17 -13 17 -12 18 -12 19 -12 18 -11 19 -12 20 -11 21 -12 20 -12 21 -12 21 -12 21 -13 22 -14 21 -14 21 -15 21 -16 22 -17 21 -18 23 -20 23 -23 23 -25 ]
CSI_DATA,STA,E4:D1:24:F0:BE:00,-63,10,0,0,0,0,0,0,0,0,0,-97,0,5,0,81019539,0,399,0,0,81.4119,128,[-113 -15 24 0 31 -13 29 -13 28 -12 27 -13 26 -12 25 -11 24 -11 23 -11 22 -11 21 -10 21 -10 19 -9 19 -9 18 -8 17 -7 17 -7 17 -6 16 -6 15 -5 15 -5 14 -4 14 -4 13 -4 13 -3 12 -3 0 0 0 0 0 0 0 0 0 0 0 0 0 0 0 0 0 0 0 0 0 0 16 -10 17 -9 18 -8 19 -7 19 -7 20 -7 21 -8 22 -7 23 -6 23 -6 23 -6 25 -5 26 -5 26 -5 27 -5 27 -4 26 -5 27 -5 28 -6 29 -5 28 -7 30 -8 29 -8 31 -8 32 -10 32 -11 ]
CSI_DATA,STA,E4:D1:24:F0:BE:00,-62,10,0,0,0,0,0,0,0,0,0,-97,0,5,0,81121941,0,399,0,0,81.5143,128,[-113 -15 24 0 1 30 1 28 3 27 2 26 2 25 2 24 2 23 2 22 1 22 0 20 0 19 0 18 0 17 0 17 -1 16 -1 16 -1 15 -2 14 -2 14 -2 13 -2 13 -3 12 -3 12 -3 11 -4 10 0 0 0 0 0 0 0 0 0 0 0 0 0 0 0 0 0 0 0 0 0 0 -1 19 -1 19 -3 20 -4 20 -4 21 -5 21 -6 22 -6 22 -6 23 -7 22 -8 22 -8 22 -9 23 -9 23 -9 23 -9 24 -8 24 -8 25 -7 24 -6 26 -6 25 -5 27 -4 27 -4 27 -3 28 -2 30 ]
CSI_DATA,STA,E4:D1:24:F0:BE:00,-63,10,0,0,0,0,0,0,0,0,0,-97,0,5,0,81224343,0,399,0,0,81.6167,128,[-113 -15 24 0 -2 -32 -2 -31 -2 -31 -2 -30 -2 -30 -1 -29 -1 -29 -1 -27 0 -27 0 -26 0 -25 1 -24 1 -23 2 -22 2 -21 2 -21 3 -20 2 -19 3 -19 3 -18 3 -17 3 -16 4 -15 4 -15 4 -15 0 0 0 0 0 0 0 0 0 0 0 0 0 0 0 0 0 0 0 0 0 0 -1 -16 -1 -16 0 -17 0 -18 1 -18 1 -19 2 -19 2 -20 2 -20 3 -20 4 -20 4 -20 5 -21 4 -22 5 -21 5 -23 5 -22 5 -23 4 -23 4 -23 2 -25 2 -26 2 -26 1 -28 0 -30 0 -32 ]
CSI_DATA,STA,E4:D1:24:F0:BE:00,-66,10,0,0,0,0,0,0,0,0,0,-97,0,5,0,81326744,0,399,0,0,81.719,128,[-113 -15 24 0 17 18 17 18 18 18 18 18 18 17 19 19 19 18 19 17 18 18 18 19 18 18 16 19 16 18 15 18 14 17 14 18 13 17 13 17 13 16 12 16 10 15 10 15 9 15 9 15 7 14 0 0 0 0 0 0 0 0 0 0 0 0 0 0 0 0 0 0 0 0 0 0 11 14 10 15 9 16 10 17 9 18 9 18 9 18 8 18 8 19 7 19 6 19 6 20 7 20 5 20 5 20 5 21 5 20 6 18 6 19 7 18 8 18 9 18 9 19 11 19 12 19 15 19 ]
CSI_DATA,STA,E4:D1:24:F0:BE:00,-63,10,0,0,0,0,0,0,0,0,0,-97,0,5,0,81429146,0,399,0,0,81.8215,128,[-113 -15 24 0 24 25 22 23 23 22 21 21 21 20 21 20 19 19 20 19 19 18 18 18 17 18 17 18 16 16 15 16 14 15 14 16 12 15 12 16 12 15 11 15 10 15 9 15 8 15 8 15 7 14 0 0 0 0 0 0 0 0 0 0 0 0 0 0 0 0 0 0 0 0 0 0 13 14 12 14 12 15 11 15 12 17 11 17 11 17 11 18 11 18 11 19 10 18 11 20 11 20 11 21 11 21 12 22 12 22 12 22 13 22 14 22 15 22 17 24 18 24 18 24 20 24 21 25 ]
CSI_DATA,STA,E4:D1:24:F0:BE:00,-63,10,0,0,0,0,0,0,0,0,0,-97,0,5,0,81429865,0,64,0,0,81.8526,128,[64 0 4 0 -8 -29 -8 -29 -8 -28 -7 -27 -8 -26 -6 -26 -7 -25 -6 -25 -6 -24 -7 -22 -5 -22 -6 -22 -5 -21 -3 -20 -4 -19 -3 -19 -3 -19 -2 -19 -1 -17 -2 -16 0 -17 -1 -16 0 -14 0 -14 -1 -19 0 0 0 0 0 0 0 0 0 0 0 0 0 0 0 0 0 0 0 0 0 0 -5 -17 -4 -18 -3 -19 -3 -18 -2 -19 -2 -19 -2 -20 -1 -20 -2 -20 -1 -21 -1 -20 0 -21 0 -22 -1 -22 0 -23 -1 -23 -1 -23 0 -24 -1 -24 -2 -24 -3 -25 -4 -27 -3 -26 -5 -28 -6 -29 -6 -30 ]
CSI_DATA,STA,E4:D1:24:F0:BE:00,-62,10,0,0,0,0,0,0,0,0,0,-97,0,5,0,81531548,0,399,0,0,81.9238,128,[-113 -15 24 0 -15 27 -14 28 -14 26 -14 26 -13 25 -13 25 -13 24 -12 24 -12 23 -12 22 -12 21 -12 20 -12 20 -12 19 -12 18 -12 17 -12 17 -12 16 -11 15 -12 14 -11 14 -12 13 -12 13 -12 12 -13 10 0 0 0 0 0 0 0 0 0 0 0 0 0 0 0 0 0 0 0 0 0 0 -9 11 -10 11 -10 10 -10 10 -11 11 -11 11 -11 12 -12 11 -12 12 -12 12 -12 12 -13 12 -14 13 -13 13 -13 14 -14 14 -14 15 -14 16 -14 16 -15 17 -14 19 -15 20 -14 21 -15 23 -16 24 -16 27 ]
CSI_DATA,STA,E4:D1:24:F0:BE:00,-63,10,0,0,0,0,0,0,0,0,0,-97,0,5,0,81633950,0,399,0,0,82.0261,128,[-113 -15 24 0 24 -15 22 -14 22 -14 21 -14 21 -14 20 -14 20 -13 19 -13 19 -12 18 -12 18 -11 18 -10 17 -9 17 -9 16 -8 16 -7 16 -7 15 -6 15 -5 14 -5 14 -4 14 -4 13 -3 12 -2 12 -3 0 0 0 0 0 0 0 0 0 0 0 0 0 0 0 0 0 0 0 0 0 0 17 -9 18 -8 18 -7 18 -6 19 -6 19 -6 19 -6 20 -5 20 -5 20 -5 19 -4 20 -4 21 -3 21 -4 21 -4 22 -5 21 -5 22 -5 22 -6 22 -7 22 -7 22 -9 22 -9 23 -10 24 -11 24 -13 ]
CSI_DATA,STA,E4:D1:24:F0:BE:00,-63,10,0,0,0,0,0,0,0,0,0,-97,0,5,0,81736352,0,399,0,0,82.1286,128,[-113 -15 24 0 21 19 21 19 21 19 20 18 21 17 19 16 19 17 18 16 17 16 17 16 16 15 15 15 15 15 14 15 13 15 13 15 12 15 12 15 11 15 10 15 9 14 8 15 8 15 7 15 5 15 0 0 0 0 0 0 0 0 0 0 0 0 0 0 0 0 0 0 0 0 0 0 8 12 8 13 7 13 7 14 7 14 7 14 7 15 6 15 8 16 7 15 6 16 7 16 7 16 7 17 7 17 8 18 8 18 9 17 10 18 10 18 12 18 14 18 14 19 16 19 17 19 19 20 ]
CSI_DATA,STA,E4:D1:24:F0:BE:00,-64,10,0,0,0,0,0,0,0,0,0,-97,0,5,0,81838754,0,399,0,0,82.2311,128,[-113 -15 24 0 -34 -13 -33 -12 -32 -10 -30 -10 -29 -10 -29 -11 -27 -12 -27 -11 -25 -12 -24 -11 -23 -12 -22 -12 -21 -12 -21 -12 -19 -11 -18 -13 -17 -13 -17 -12 -16 -13 -15 -13 -14 -14 -14 -14 -13 -14 -12 -14 -9 -16 0 0 0 0 0 0 0 0 0 0 0 0 0 0 0 0 0 0 0 0 0 0 -18 -16 -17 -17 -18 -19 -17 -18 -17 -20 -17 -20 -17 -21 -18 -21 -17 -20 -17 -21 -16 -21 -17 -22 -17 -22 -17 -21 -18 -21 -19 -21 -19 -20 -20 -19 -20 -18 -23 -18 -24 -17 -25 -16 -26 -15 -28 -15 -30 -14 -31 -14 ]
CSI_DATA,STA,E4:D1:24:F0:BE:00,-63,10,0,0,0,0,0,0,0,0,0,-97,0,5,0,81941155,0,399,0,0,82.3335,128,[-113 -15 24 0 -31 13 -30 14 -28 14 -28 14 -27 14 -27 14 -26 12 -25 12 -24 12 -24 12 -24 10 -23 10 -22 9 -22 9 -22 8 -21 6 -21 7 -21 5 -20 4 -20 3 -20 2 -18 1 -18 1 -18 0 -17 -1 0 0 0 0 0 0 0 0 0 0 0 0 0 0 0 0 0 0 0 0 0 0 -16 4 -16 2 -17 2 -17 2 -18 2 -18 2 -19 2 -19 1 -20 2 -20 2 -20 2 -21 2 -22 2 -22 2 -23 2 -24 2 -24 3 -24 3 -25 4 -26 4 -27 6 -27 7 -27 8 -29 9 -30 10 -30 11 ]
CSI_DATA,STA,E4:D1:24:F0:BE:00,-64,10,0,0,0,0,0,0,0,0,0,-97,0,5,0,82043556,0,399,0,0,82.4359,128,[-113 -15 24 0 -11 -30 -12 -29 -12 -30 -12 -29 -13 -29 -13 -28 -12 -28 -12 -28 -11 -28 -11 -27 -11 -27 -10 -28 -10 -26 -10 -26 -9 -25 -8 -25 -8 -25 -7 -25 -7 -25 -6 -25 -6 -24 -5 -24 -4 -23 -3 -23 -1 -23 0 0 0 0 0 0 0 0 0 0 0 0 0 0 0 0 0 0 0 0 0 0 -2 -19 0 -19 0 -20 0 -19 1 -20 1 -20 1 -21 1 -21 2 -21 2 -21 2 -21 2 -21 2 -22 2 -23 2 -23 2 -23 1 -23 1 -23 0 -24 1 -24 -1 -24 -2 -24 -3 -25 -4 -26 -6 -27 -7 -29 ]
CSI_DATA,STA,E4:D1:24:F0:BE:00,-62,10,0,0,0,0,0,0,0,0,0,-97,0,5,0,82145958,0,399,0,0,82.5383,128,[-113 -15 24 0 31 -20 29 -19 29 -18 28 -18 27 -17 26 -16 25 -15 24 -14 24 -14 23 -13 22 -12 21 -11 21 -10 20 -9 19 -8 19 -8 19 -7 19 -6 18 -5 18 -5 17 -4 17 -3 16 -2 16 -1 17 0 0 0 0 0 0 0 0 0 0 0 0 0 0 0 0 0 0 0 0 0 0 0 15 -7 15 -6 16 -6 16 -6 17 -6 17 -6 17 -6 18 -6 19 -6 19 -6 20 -6 20 -5 21 -6 21 -6 22 -6 23 -7 22 -7 24 -8 24 -9 25 -9 26 -11 27 -13 27 -14 29 -14 29 -16 30 -18 ]
CSI_DATA,STA,E4:D1:24:F0:BE:00,-65,10,0,0,0,0,0,0,0,0,0,-97,0,5,0,82248360,0,399,0,0,82.6407,128,[-113 -15 24 0 16 -31 16 -29 16 -28 15 -26 15 -25 16 -24 17 -23 16 -22 17 -21 16 -20 16 -19 16 -17 16 -16 16 -15 15 -14 17 -14 16 -12 17 -12 17 -11 16 -10 15 -10 16 -9 15 -7 15 -7 17 -7 0 0 0 0 0 0 0 0 0 0 0 0 0 0 0 0 0 0 0 0 0 0 16 -8 15 -8 16 -7 16 -8 17 -9 17 -8 18 -9 18 -9 19 -10 19 -10 19 -10 19 -11 19 -12 19 -13 19 -14 19 -15 19 -15 18 -17 18 -18 17 -19 17 -21 17 -23 17 -24 17 -25 18 -28 18 -29 ]
CSI_DATA,STA,E4:D1:24:F0:BE:00,-62,10,0,0,0,0,0,0,0,0,0,-97,0,5,0,82350762,0,399,0,0,82.743,128,[-113 -15 24 0 -17 -32 -16 -31 -17 -30 -16 -29 -16 -28 -15 -27 -14 -27 -14 -27 -13 -27 -12 -26 -11 -24 -10 -24 -10 -23 -9 -23 -7 -21 -6 -22 -5 -21 -5 -20 -4 -20 -3 -19 -2 -19 -2 -19 -1 -18 0 -18 2 -17 0 0 0 0 0 0 0 0 0 0 0 0 0 0 0 0 0 0 0 0 0 0 -6 -18 -5 -17 -5 -19 -4 -18 -4 -19 -4 -19 -4 -20 -4 -21 -4 -21 -3 -22 -3 -22 -3 -22 -3 -23 -3 -24 -3 -24 -4 -26 -4 -25 -5 -26 -5 -26 -6 -26 -8 -27 -9 -28 -10 -29 -11 -30 -13 -31 -14 -33 ]
CSI_DATA,STA,E4:D1:24:F0:BE:00,-63,10,0,0,0,0,0,0,0,0,0,-97,0,5,0,82453164,0,399,0,0,82.8453,128,[-113 -15 24 0 20 -20 19 -19 20 -19 18 -18 18 -19 18 -18 18 -17 17 -17 18 -17 17 -16 17 -15 17 -15 16 -14 16 -13 16 -12 17 -12 16 -11 16 -10 16 -9 15 -9 15 -8 15 -7 15 -6 14 -5 15 -4 0 0 0 0 0 0 0 0 0 0 0 0 0 0 0 0 0 0 0 0 0 0 13 -6 13 -6 13 -6 13 -5 14 -5 14 -6 14 -5 15 -6 15 -6 15 -6 15 -6 16 -6 16 -6 16 -7 16 -7 17 -7 16 -8 17 -9 17 -10 18 -10 18 -12 19 -13 18 -14 19 -15 20 -16 21 -18 ]
CSI_DATA,STA,E4:D1:24:F0:BE:00,-63,10,0,0,0,0,0,0,0,0,0,-97,0,5,0,82454225,0,64,0,0,82.879,128,[64 0 4 0 -31 -7 -31 -7 -30 -6 -30 -5 -30 -5 -29 -6 -29 -6 -28 -6 -27 -5 -26 -7 -26 -6 -25 -6 -24 -7 -22 -7 -22 -8 -21 -7 -21 -8 -21 -9 -20 -9 -18 -10 -19 -10 -16 -9 -17 -10 -14 -11 -10 -12 0 0 0 0 0 0 0 0 0 0 0 0 0 0 0 0 0 0 0 0 0 0 -13 -10 -12 -11 -13 -11 -14 -11 -12 -11 -14 -11 -14 -12 -14 -12 -14 -13 -14 -11 -14 -12 -17 -11 -17 -12 -18 -12 -18 -12 -18 -12 -19 -12 -19 -11 -21 -11 -21 -11 -23 -10 -24 -10 -25 -8 -26 -9 -29 -8 -31 -7 ]
CSI_DATA,STA,E4:D1:24:F0:BE:00,-63,10,0,0,0,0,0,0,0,0,0,-97,0,5,0,82555566,0,399,0,0,82.9479,128,[-113 -15 24 0 18 -25 17 -25 17 -24 15 -23 15 -22 15 -21 15 -20 15 -20 14 -19 14 -18 14 -17 14 -16 14 -15 14 -15 13 -13 14 -12 14 -12 13 -11 14 -10 13 -9 13 -8 13 -7 12 -7 13 -6 13 -4 0 0 0 0 0 0 0 0 0 0 0 0 0 0 0 0 0 0 0 0 0 0 12 -11 13 -10 13 -10 13 -10 14 -10 14 -10 15 -10 15 -11 16 -11 15 -11 16 -11 16 -11 16 -12 18 -12 18 -12 18 -13 18 -14 18 -14 18 -15 19 -15 19 -17 18 -18 19 -19 18 -20 19 -22 18 -24 ]
CSI_DATA,STA,E4:D1:24:F0:BE:00,-64,10,0,0,0,0,0,0,0,0,0,-97,0,5,0,82657968,0,399,0,0,83.0503,128,[-113 -15 24 0 -13 31 -12 31 -12 30 -13 28 -12 29 -12 27 -12 26 -12 25 -13 24 -13 24 -14 22 -13 21 -13 21 -14 19 -13 18 -14 17 -14 17 -15 16 -15 15 -14 15 -14 13 -15 12 -14 11 -15 10 -15 10 0 0 0 0 0 0 0 0 0 0 0 0 0 0 0 0 0 0 0 0 0 0 -15 12 -15 12 -17 12 -16 13 -17 13 -17 13 -17 14 -17 14 -18 15 -18 14 -18 14 -18 15 -18 16 -19 16 -18 17 -18 17 -17 19 -17 19 -17 20 -16 20 -16 23 -15 24 -15 25 -15 26 -14 28 -15 31 ]
CSI_DATA,STA,E4:D1:24:F0:BE:00,-63,10,0,0,0,0,0,0,0,0,0,-97,0,5,0,82760369,0,399,0,0,83.1527,128,[-113 -15 24 0 -39 -7 -38 -7 -37 -7 -36 -7 -36 -7 -35 -7 -33 -7 -33 -7 -31 -7 -31 -8 -29 -8 -28 -9 -26 -9 -25 -8 -24 -9 -23 -9 -22 -9 -22 -10 -20 -10 -19 -9 -18 -10 -17 -10 -16 -11 -15 -11 -14 -11 0 0 0 0 0 0 0 0 0 0 0 0 0 0 0 0 0 0 0 0 0 0 -12 -12 -13 -12 -13 -13 -13 -12 -13 -13 -14 -13 -14 -14 -14 -13 -15 -13 -16 -14 -16 -14 -16 -14 -16 -15 -17 -14 -18 -14 -19 -14 -21 -13 -21 -13 -23 -12 -24 -11 -26 -10 -27 -10 -30 -9 -32 -9 -34 -8 -36 -8 ]
CSI_DATA,STA,E4:D1:24:F0:BE:00,-63,10,0,0,0,0,0,0,0,0,0,-97,0,5,0,82862771,0,399,0,0,83.2551,128,[-113 -15 24 0 13 -38 12 -38 13 -36 13 -36 11 -35 12 -34 12 -33 12 -32 13 -31 13 -30 13 -28 12 -27 12 -26 12 -24 12 -23 12 -22 12 -21 12 -21 13 -19 13 -18 12 -17 12 -16 13 -15 13 -14 13 -12 0 0 0 0 0 0 0 0 0 0 0 0 0 0 0 0 0 0 0 0 0 0 11 -9 12 -9 11 -9 12 -10 12 -10 12 -11 12 -11 12 -12 13 -13 14 -13 13 -14 14 -15 15 -16 15 -16 15 -17 15 -19 14 -19 15 -21 15 -22 15 -24 13 -24 14 -27 14 -28 14 -30 14 -33 14 -35 ]
CSI_DATA,STA,E4:D1:24:F0:BE:00,-64,10,0,0,0,0,0,0,0,0,0,-97,0,5,0,82965173,0,399,0,0,83.3575,128,[-113 -15 24 0 25 21 24 21 25 21 24 20 24 20 24 20 22 19 21 19 21 19 20 20 19 20 17 20 17 19 15 17 15 17 14 19 13 19 11 19 11 18 10 18 9 18 9 18 7 18 5 18 3 18 0 0 0 0 0 0 0 0 0 0 0 0 0 0 0 0 0 0 0 0 0 0 11 19 9 19 9 19 8 19 8 20 8 20 9 21 8 20 8 20 8 20 8 20 8 22 8 22 8 22 8 22 8 22 9 22 11 22 11 22 12 22 15 21 15 22 16 22 18 22 20 22 22 22 ]
CSI_DATA,STA,E4:D1:24:F0:BE:00,-63,10,0,0,0,0,0,0,0,0,0,-97,0,5,0,83067575,0,399,0,0,83.4599,128,[-113 -15 24 0 29 -18 27 -18 28 -18 26 -17 25 -17 24 -18 24 -16 23 -16 23 -16 22 -15 21 -14 21 -13 20 -13 20 -12 19 -11 19 -11 18 -11 19 -10 19 -10 18 -9 18 -8 18 -7 18 -7 18 -6 17 -4 0 0 0 0 0 0 0 0 0 0 0 0 0 0 0 0 0 0 0 0 0 0 18 -9 18 -7 19 -7 19 -6 19 -6 19 -6 20 -6 20 -6 20 -6 21 -5 20 -5 21 -6 22 -5 22 -6 22 -5 23 -7 23 -6 24 -7 24 -7 25 -7 25 -9 26 -10 27 -11 28 -12 28 -13 30 -15 ]
CSI_DATA,STA,E4:D1:24:F0:BE:00,-61,10,0,0,0,0,0,0,0,0,0,-97,0,5,0,83169977,0,399,0,0,83.5622,128,[-113 -15 24 0 -23 -28 -22 -26 -22 -27 -21 -26 -21 -24 -20 -24 -20 -23 -19 -23 -19 -23 -18 -22 -17 -22 -16 -21 -16 -20 -15 -20 -14 -19 -13 -18 -13 -19 -12 -19 -11 -19 -11 -18 -10 -18 -9 -18 -8 -18 -7 -18 -6 -18 0 0 0 0 0 0 0 0 0 0 0 0 0 0 0 0 0 0 0 0 0 0 -12 -17 -11 -18 -9 -19 -9 -19 -8 -19 -8 -20 -8 -20 -8 -21 -8 -21 -7 -21 -7 -21 -7 -22 -7 -22 -7 -23 -7 -23 -7 -23 -8 -24 -8 -24 -9 -25 -11 -25 -12 -25 -13 -26 -14 -25 -15 -27 -18 -28 -19 -29 ]
CSI_DATA,STA,E4:D1:24:F0:BE:00,-63,10,0,0,0,0,0,0,0,0,0,-97,0,5,0,83272379,0,399,0,0,83.6647,128,[-113 -15 24 0 -24 -26 -24 -26 -23 -24 -21 -23 -22 -22 -19 -22 -19 -21 -18 -21 -17 -21 -16 -20 -15 -18 -14 -18 -13 -18 -12 -17 -11 -16 -11 -16 -10 -16 -10 -16 -9 -15 -8 -15 -8 -16 -7 -15 -7 -14 -6 -15 -5 -16 0 0 0 0 0 0 0 0 0 0 0 0 0 0 0 0 0 0 0 0 0 0 -15 -21 -14 -22 -12 -23 -12 -23 -11 -24 -12 -24 -11 -24 -11 -25 -10 -26 -10 -25 -10 -25 -10 -26 -10 -26 -11 -26 -11 -26 -11 -26 -11 -26 -12 -27 -13 -26 -15 -26 -16 -26 -18 -26 -18 -26 -19 -27 -21 -28 -23 -29 ]
CSI_DATA,STA,E4:D1:24:F0:BE:00,-65,10,0,0,0,0,0,0,0,0,0,-97,0,5,0,83374780,0,399,0,0,83.7671,128,[-113 -15 24 0 19 -26 19 -27 20 -28 19 -27 18 -26 20 -27 20 -26 20 -25 19 -24 20 -24 19 -23 19 -21 20 -20 20 -20 19 -19 20 -17 21 -17 20 -17 21 -17 20 -15 20 -14 20 -13 21 -11 21 -9 20 -9 0 0 0 0 0 0 0 0 0 0 0 0 0 0 0 0 0 0 0 0 0 0 21 -7 21 -6 21 -5 21 -5 21 -5 21 -4 22 -4 22 -5 21 -5 21 -4 20 -4 21 -5 21 -5 20 -5 22 -4 20 -7 20 -8 20 -8 19 -10 20 -10 18 -12 19 -14 19 -16 19 -17 20 -20 20 -23 ]
CSI_DATA,STA,E4:D1:24:F0:BE:00,-60,10,0,0,0,0,0,0,0,0,0,-97,0,5,0,83477182,0,399,0,0,83.8695,128,[-113 -15 24 0 -5 37 -4 35 -4 35 -4 33 -3 32 -3 31 -3 30 -3 29 -3 29 -3 27 -3 26 -4 25 -4 24 -4 23 -5 21 -6 22 -5 20 -6 20 -6 19 -7 18 -7 17 -8 17 -8 16 -9 15 -10 13 0 0 0 0 0 0 0 0 0 0 0 0 0 0 0 0 0 0 0 0 0 0 -2 17 -3 17 -4 18 -5 18 -6 19 -6 18 -6 19 -7 20 -7 20 -8 21 -8 20 -9 21 -9 22 -10 22 -10 22 -11 24 -10 24 -10 25 -9 25 -10 27 -9 28 -9 29 -8 31 -8 33 -7 34 -6 35 ]
CSI_DATA,STA,E4:D1:24:F0:BE:00,-60,10,0,0,0,0,0,0,0,0,0,-97,0,5,0,83477919,0,64,0,0,83.9016,128,[64 0 4 0 -14 -31 -14 -30 -14 -30 -13 -28 -13 -27 -13 -27 -11 -25 -12 -26 -12 -24 -11 -23 -10 -22 -9 -22 -9 -20 -8 -21 -7 -19 -6 -19 -6 -19 -5 -19 -4 -18 -3 -17 -2 -17 -2 -16 -1 -16 0 -15 -2 -18 0 0 0 0 0 0 0 0 0 0 0 0 0 0 0 0 0 0 0 0 0 0 -8 -15 -7 -15 -7 -17 -7 -17 -6 -17 -6 -18 -5 -19 -5 -19 -5 -20 -5 -21 -4 -21 -4 -21 -4 -21 -5 -22 -4 -23 -5 -24 -5 -24 -4 -26 -6 -25 -6 -27 -8 -27 -8 -28 -10 -29 -10 -29 -12 -30 -13 -32 ]
CSI_DATA,STA,E4:D1:24:F0:BE:00,-64,10,0,0,0,0,0,0,0,0,0,-97,0,5,0,83579584,0,399,0,0,83.9718,128,[-113 -15 24 0 -33 1 -31 1 -29 2 -28 0 -27 0 -26 -1 -25 -1 -24 -2 -23 -2 -21 -2 -20 -4 -20 -5 -19 -5 -17 -5 -16 -5 -16 -6 -14 -6 -14 -7 -13 -7 -13 -7 -12 -8 -11 -8 -11 -8 -10 -8 -10 -9 0 0 0 0 0 0 0 0 0 0 0 0 0 0 0 0 0 0 0 0 0 0 -19 -8 -18 -9 -19 -9 -18 -10 -18 -10 -18 -10 -19 -10 -19 -11 -19 -11 -19 -10 -18 -10 -19 -11 -20 -10 -20 -10 -20 -10 -21 -9 -21 -8 -21 -7 -22 -6 -23 -5 -24 -5 -26 -3 -26 -1 -27 0 -29 0 -31 1 ]
CSI_DATA,STA,E4:D1:24:F0:BE:00,-64,10,0,0,0,0,0,0,0,0,0,-97,0,5,0,83681986,0,399,0,0,84.0743,128,[-113 -15 24 0 15 -33 13 -31 15 -31 15 -30 15 -29 15 -28 16 -27 15 -26 16 -25 16 -24 15 -22 16 -22 16 -20 15 -20 15 -18 16 -17 16 -16 16 -17 16 -14 15 -14 15 -13 15 -12 14 -11 15 -10 14 -10 0 0 0 0 0 0 0 0 0 0 0 0 0 0 0 0 0 0 0 0 0 0 15 -10 15 -11 16 -11 16 -10 17 -11 17 -11 18 -11 19 -12 19 -12 19 -12 18 -13 18 -14 20 -13 19 -15 20 -15 19 -16 18 -17 19 -17 17 -18 17 -20 16 -22 15 -23 15 -25 15 -27 15 -29 17 -30 ]
CSI_DATA,STA,E4:D1:24:F0:BE:00,-64,10,0,0,0,0,0,0,0,0,0,-97,0,5,0,83784388,0,399,0,0,84.1765,128,[-113 -15 24 0 -19 -23 -21 -22 -22 -22 -22 -21 -24 -21 -24 -21 -24 -21 -25 -21 -25 -21 -25 -22 -25 -21 -24 -21 -24 -21 -24 -21 -23 -20 -22 -20 -22 -20 -21 -21 -21 -21 -20 -20 -19 -21 -19 -21 -18 -21 -16 -21 -16 -22 0 0 0 0 0 0 0 0 0 0 0 0 0 0 0 0 0 0 0 0 0 0 -9 -12 -8 -12 -8 -13 -7 -13 -6 -14 -7 -14 -6 -15 -6 -15 -6 -15 -5 -15 -5 -16 -5 -16 -4 -17 -4 -17 -4 -17 -4 -17 -4 -17 -4 -18 -6 -17 -6 -18 -7 -18 -8 -19 -9 -20 -11 -20 -12 -21 -14 -22 ]
CSI_DATA,STA,E4:D1:24:F0:BE:00,-61,10,0,0,0,0,0,0,0,0,0,-97,0,5,0,83886790,0,399,0,0,84.2789,128,[-113 -15 24 0 35 5 34 5 34 4 32 4 31 4 31 3 29 4 28 3 27 4 26 4 24 5 23 5 22 5 20 5 19 5 19 6 17 6 17 6 15 7 15 7 14 7 13 7 11 7 10 8 10 7 0 0 0 0 0 0 0 0 0 0 0 0 0 0 0 0 0 0 0 0 0 0 22 6 21 7 22 8 21 8 21 10 20 10 21 11 21 11 21 11 21 12 21 12 22 12 22 13 23 13 23 13 24 13 24 12 25 13 26 12 26 11 27 11 29 10 30 10 31 9 33 8 35 8 ]
CSI_DATA,STA,E4:D1:24:F0:BE:00,-64,10,0,0,0,0,0,0,0,0,0,-97,0,5,0,83989918,0,399,0,0,84.3823,128,[-113 -15 24 0 -1 30 0 31 0 29 1 28 3 29 2 28 2 28 2 28 3 27 2 28 2 26 2 26 2 26 3 24 1 23 1 24 1 23 1 23 1 22 1 23 -1 23 0 21 -1 20 0 23 -3 25 0 0 0 0 0 0 0 0 0 0 0 0 0 0 0 0 0 0 0 0 0 0 -2 22 -5 21 -5 21 -6 22 -6 20 -6 22 -6 21 -6 22 -7 22 -6 21 -6 20 -7 22 -7 22 -7 23 -7 24 -8 23 -8 24 -8 23 -7 25 -7 24 -6 25 -5 26 -6 26 -4 28 -4 29 -4 30 ]
CSI_DATA,STA,E4:D1:24:F0:BE:00,-65,10,0,0,0,0,0,0,0,0,0,-97,0,5,0,84091595,0,399,0,0,84.4839,128,[-113 -15 24 0 -22 -21 -23 -17 -22 -15 -22 -15 -23 -13 -23 -12 -23 -11 -23 -10 -24 -9 -24 -10 -24 -8 -23 -8 -23 -7 -23 -7 -22 -7 -22 -8 -22 -7 -21 -7 -21 -7 -21 -7 -20 -7 -21 -7 -20 -8 -20 -8 -18 -10 0 0 0 0 0 0 0 0 0 0 0 0 0 0 0 0 0 0 0 0 0 0 -22 -11 -21 -12 -21 -14 -20 -15 -19 -16 -19 -16 -19 -16 -18 -17 -18 -17 -18 -18 -17 -20 -17 -20 -18 -21 -17 -21 -17 -21 -16 -22 -17 -23 -17 -22 -17 -24 -17 -24 -18 -23 -17 -24 -18 -23 -19 -24 -20 -24 -21 -23 ]
CSI_DATA,STA,E4:D1:24:F0:BE:00,-63,10,0,0,0,0,0,0,0,0,0,-97,0,5,0,84193997,0,399,0,0,84.5863,128,[-113 -15 24 0 29 -3 28 -4 26 -4 25 -3 24 -4 23 -5 23 -5 22 -4 21 -3 20 -3 20 -3 20 -2 18 -2 18 -1 17 -1 17 -1 17 0 15 0 15 0 15 1 14 2 14 2 14 2 13 3 14 3 0 0 0 0 0 0 0 0 0 0 0 0 0 0 0 0 0 0 0 0 0 0 26 -1 26 0 26 2 26 2 26 2 26 3 26 3 26 3 26 3 26 5 26 4 27 4 26 4 27 5 27 4 27 4 28 4 28 4 29 3 29 3 29 2 30 2 29 1 30 0 30 0 31 -2 ]
CSI_DATA,STA,E4:D1:24:F0:BE:00,-61,10,0,0,0,0,0,0,0,0,0,-97,0,5,0,84296399,0,399,0,0,84.6887,128,[-113 -15 24 0 6 -37 6 -37 6 -35 6 -35 6 -33 6 -33 6 -31 6 -30 7 -30 7 -28 7 -27 8 -25 8 -24 9 -23 8 -21 9 -20 10 -20 10 -19 10 -17 10 -17 10 -15 11 -14 11 -13 12 -12 13 -10 0 0 0 0 0 0 0 0 0 0 0 0 0 0 0 0 0 0 0 0 0 0 15 -18 15 -17 16 -16 16 -16 17 -16 17 -15 17 -15 16 -15 17 -15 16 -15 15 -15 16 -15 15 -16 16 -17 16 -17 15 -19 14 -20 14 -21 13 -22 13 -24 12 -25 11 -26 10 -28 10 -30 9 -32 9 -35 ]
CSI_DATA,STA,E4:D1:24:F0:BE:00,-61,10,0,0,0,0,0,0,0,0,0,-97,0,5,0,84398801,0,399,0,0,84.7911,128,[-113 -15 24 0 -31 -13 -31 -11 -30 -10 -30 -10 -31 -9 -31 -9 -30 -8 -30 -8 -30 -8 -30 -8 -30 -7 -28 -7 -28 -8 -27 -8 -26 -7 -27 -8 -25 -8 -25 -9 -24 -9 -23 -10 -22 -10 -22 -10 -21 -11 -20 -12 -18 -13 0 0 0 0 0 0 0 0 0 0 0 0 0 0 0 0 0 0 0 0 0 0 -15 -6 -14 -7 -14 -7 -14 -8 -14 -8 -14 -9 -13 -9 -14 -10 -14 -10 -13 -11 -13 -11 -13 -12 -14 -12 -14 -13 -14 -13 -15 -13 -16 -13 -16 -14 -18 -14 -18 -14 -19 -14 -21 -14 -22 -15 -24 -15 -26 -15 -27 -15 ]
CSI_DATA,STA,E4:D1:24:F0:BE:00,-61,10,0,0,0,0,0,0,0,0,0,-97,0,5,0,84501203,0,399,0,0,84.8934,128,[-113 -15 24 0 -27 -22 -27 -20 -26 -19 -26 -19 -26 -17 -26 -17 -25 -16 -25 -15 -25 -16 -25 -15 -25 -15 -24 -14 -24 -14 -22 -14 -22 -13 -22 -14 -21 -14 -20 -14 -20 -14 -19 -14 -19 -14 -18 -14 -17 -14 -16 -15 -14 -16 0 0 0 0 0 0 0 0 0 0 0 0 0 0 0 0 0 0 0 0 0 0 -17 -11 -16 -12 -16 -13 -15 -13 -15 -14 -15 -14 -15 -14 -14 -14 -15 -14 -15 -15 -15 -15 -15 -16 -15 -16 -15 -17 -15 -17 -16 -18 -16 -18 -17 -19 -18 -19 -18 -19 -19 -19 -20 -21 -21 -20 -22 -21 -23 -21 -24 -23 ]
CSI_DATA,STA,E4:D1:24:F0:BE:00,-62,10,0,0,0,0,0,0,0,0,0,-97,0,5,0,84501931,0,64,0,0,84.9337,128,[64 0 4 0 -24 -15 -27 -15 -23 -13 -25 -14 -25 -12 -25 -11 -23 -10 -24 -10 -24 -10 -23 -9 -23 -9 -24 -9 -24 -9 -21 -9 -22 -9 -20 -8 -21 -9 -21 -9 -19 -9 -20 -8 -18 -10 -18 -8 -18 -9 -18 -11 -18 -15 0 0 0 0 0 0 0 0 0 0 0 0 0 0 0 0 0 0 0 0 0 0 -15 -10 -16 -11 -13 -11 -14 -12 -14 -11 -14 -13 -14 -12 -14 -12 -14 -12 -14 -12 -14 -12 -14 -12 -15 -14 -15 -13 -16 -14 -15 -14 -16 -14 -16 -15 -18 -16 -18 -15 -19 -15 -19 -17 -19 -15 -22 -16 -22 -16 -24 -17 ]
CSI_DATA,STA,E4:D1:24:F0:BE:00,-59,10,0,0,0,0,0,0,0,0,0,-97,0,5,0,84603605,0,399,0,0,84.9958,128,[-113 -15 24 0 -1 -37 -2 -36 -3 -35 -3 -33 -4 -34 -4 -33 -4 -32 -5 -31 -4 -31 -5 -30 -5 -29 -5 -28 -4 -27 -4 -26 -4 -25 -3 -25 -2 -24 -1 -24 -1 -23 -1 -22 0 -21 1 -21 1 -20 2 -19 4 -18 0 0 0 0 0 0 0 0 0 0 0 0 0 0 0 0 0 0 0 0 0 0 -5 -16 -3 -16 -2 -17 -2 -16 -1 -17 0 -17 0 -17 0 -18 1 -18 2 -18 2 -18 2 -20 2 -20 3 -21 3 -21 3 -23 3 -23 4 -25 3 -25 3 -27 3 -28 3 -29 2 -31 2 -32 2 -35 1 -37 ]
CSI_DATA,STA,E4:D1:24:F0:BE:00,-63,10,0,0,0,0,0,0,0,0,0,-97,0,5,0,84706007,0,399,0,0,85.0982,128,[-113 -15 24 0 -14 -30 -13 -30 -14 -29 -14 -28 -15 -28 -15 -27 -16 -27 -16 -26 -16 -25 -17 -25 -17 -24 -17 -24 -17 -23 -17 -23 -17 -23 -16 -22 -16 -23 -16 -22 -15 -22 -15 -22 -14 -21 -14 -22 -14 -22 -12 -22 -11 -22 0 0 0 0 0 0 0 0 0 0 0 0 0 0 0 0 0 0 0 0 0 0 -13 -7 -12 -8 -12 -8 -12 -9 -11 -9 -11 -10 -10 -10 -10 -11 -10 -11 -10 -12 -9 -13 -9 -13 -9 -13 -8 -14 -8 -15 -7 -17 -8 -17 -8 -18 -8 -19 -7 -20 -7 -21 -8 -23 -8 -24 -9 -26 -9 -27 -10 -30 ]
CSI_DATA,STA,E4:D1:24:F0:BE:00,-63,10,0,0,0,0,0,0,0,0,0,-97,0,5,0,84808408,0,399,0,0,85.2008,128,[-113 -15 24 0 27 13 27 12 27 13 26 12 25 12 25 11 24 12 24 12 22 13 22 13 21 12 21 13 19 12 20 13 18 11 17 13 17 14 16 13 15 13 15 13 13 13 13 13 12 14 11 13 10 15 0 0 0 0 0 0 0 0 0 0 0 0 0 0 0 0 0 0 0 0 0 0 18 15 17 16 16 16 16 16 16 17 15 17 16 17 15 17 16 17 16 17 15 17 16 17 16 17 16 17 17 17 18 17 17 16 18 17 18 16 20 17 20 16 21 16 22 16 23 15 24 15 26 16 ]
CSI_DATA,STA,E4:D1:24:F0:BE:00,-62,10,0,0,0,0,0,0,0,0,0,-97,0,5,0,84910810,0,399,0,0,85.3031,128,[-113 -15 24 0 29 8 28 7 28 6 26 6 26 6 26 6 25 6 24 6 24 6 23 6 22 6 21 6 19 6 19 5 17 5 17 7 16 6 16 6 14 6 14 6 13 6 13 7 11 6 10 6 10 7 0 0 0 0 0 0 0 0 0 0 0 0 0 0 0 0 0 0 0 0 0 0 14 5 14 5 13 6 13 6 13 6 13 6 14 7 14 7 13 7 13 7 14 8 14 8 15 8 15 9 15 8 16 9 16 9 18 9 18 9 19 9 20 9 22 9 22 9 24 9 25 9 27 9 ]
CSI_DATA,STA,E4:D1:24:F0:BE:00,-63,10,0,0,0,0,0,0,0,0,0,-97,0,5,0,85013212,0,399,0,0,85.4055,128,[-113 -15 24 0 -18 -31 -17 -30 -16 -30 -16 -28 -16 -28 -15 -27 -14 -26 -13 -25 -12 -25 -12 -24 -11 -24 -10 -22 -10 -21 -9 -21 -8 -19 -7 -18 -6 -18 -6 -17 -5 -17 -5 -17 -4 -16 -4 -15 -4 -15 -2 -14 -3 -13 0 0 0 0 0 0 0 0 0 0 0 0 0 0 0 0 0 0 0 0 0 0 -9 -17 -7 -18 -7 -18 -7 -18 -7 -19 -6 -18 -7 -19 -7 -19 -7 -20 -6 -20 -7 -20 -6 -21 -7 -21 -7 -22 -7 -22 -8 -23 -8 -24 -9 -25 -10 -25 -10 -25 -11 -27 -12 -28 -13 -28 -14 -30 -15 -31 -16 -32 ]
CSI_DATA,STA,E4:D1:24:F0:BE:00,-61,10,0,0,0,0,0,0,0,0,0,-97,0,5,0,85115614,0,399,0,0,85.5079,128,[-113 -15 24 0 3 -33 2 -32 2 -31 2 -30 1 -29 1 -28 1 -27 1 -27 2 -26 1 -25 1 -24 1 -23 2 -22 2 -21 2 -19 3 -19 3 -19 3 -18 4 -17 4 -16 4 -15 4 -14 5 -13 5 -13 5 -11 0 0 0 0 0 0 0 0 0 0 0 0 0 0 0 0 0 0 0 0 0 0 1 -17 3 -17 3 -17 4 -17 4 -16 5 -17 4 -17 5 -17 5 -17 5 -17 5 -17 6 -19 6 -19 6 -19 7 -20 6 -21 6 -21 7 -22 6 -23 6 -24 6 -26 6 -27 5 -28 5 -29 5 -31 5 -33 ]
CSI_DATA,STA,E4:D1:24:F0:BE:00,-64,10,0,0,0,0,0,0,0,0,0,-97,0,5,0,85218016,0,399,0,0,85.6104,128,[-113 -15 24 0 13 -32 11 -31 11 -31 10 -31 10 -30 9 -31 9 -29 9 -30 8 -29 9 -28 8 -27 8 -26 8 -25 9 -23 9 -22 8 -22 8 -20 8 -20 8 -18 8 -17 8 -16 8 -15 8 -14 8 -13 7 -12 0 0 0 0 0 0 0 0 0 0 0 0 0 0 0 0 0 0 0 0 0 0 5 -19 6 -19 8 -18 8 -17 9 -17 9 -17 10 -17 10 -17 10 -17 11 -16 11 -17 12 -17 12 -17 12 -17 13 -18 14 -19 13 -19 14 -19 14 -20 15 -21 14 -23 15 -23 14 -24 15 -26 15 -28 15 -30 ]
CSI_DATA,STA,E4:D1:24:F0:BE:00,-66,10,0,0,0,0,0,0,0,0,0,-97,0,5,0,85320418,0,399,0,0,85.7126,128,[-113 -15 24 0 28 7 28 7 31 7 31 9 30 10 31 9 31 9 31 10 31 8 33 8 33 9 31 8 31 8 30 9 29 8 29 10 29 8 27 9 26 9 25 8 24 8 24 8 23 6 21 6 20 9 0 0 0 0 0 0 0 0 0 0 0 0 0 0 0 0 0 0 0 0 0 0 17 7 16 7 16 7 17 6 16 6 16 6 17 5 16 5 17 4 16 4 17 3 17 3 18 2 18 3 19 2 18 3 18 2 19 2 20 3 20 2 21 4 21 4 21 3 22 3 24 5 27 6 ]
CSI_DATA,STA,E4:D1:24:F0:BE:00,-62,10,0,0,0,0,0,0,0,0,0,-97,0,5,0,85422820,0,399,0,0,85.815,128,[-113 -15 24 0 23 -18 22 -17 21 -16 20 -15 19 -15 18 -14 17 -13 16 -13 16 -12 15 -11 14 -10 14 -9 13 -9 13 -8 12 -7 12 -6 11 -6 11 -5 10 -4 10 -4 9 -4 8 -2 8 -2 8 -2 6 -2 0 0 0 0 0 0 0 0 0 0 0 0 0 0 0 0 0 0 0 0 0 0 15 -11 16 -10 16 -10 16 -9 17 -9 17 -9 18 -9 18 -9 19 -10 18 -10 18 -10 19 -10 20 -11 20 -11 21 -12 21 -13 21 -13 22 -13 22 -14 23 -15 23 -15 24 -16 24 -17 25 -17 26 -18 26 -19 ]
CSI_DATA,STA,E4:D1:24:F0:BE:00,-66,10,0,0,0,0,0,0,0,0,0,-97,0,5,0,85525221,0,399,0,0,85.9176,128,[-113 -15 24 0 7 25 6 24 7 22 7 21 5 20 5 19 5 19 4 18 2 18 2 17 1 17 1 16 -1 15 -1 14 -2 14 -3 12 -3 12 -5 11 -5 9 -5 8 -6 7 -6 6 -5 5 -6 3 -6 2 0 0 0 0 0 0 0 0 0 0 0 0 0 0 0 0 0 0 0 0 0 0 -1 22 -2 21 -2 21 -3 21 -2 22 -2 22 -1 22 -2 22 -1 23 -1 23 -1 23 0 24 0 24 0 25 1 25 1 26 2 25 1 26 2 26 3 26 3 27 5 27 5 26 5 27 5 27 6 28 ]
CSI_DATA,STA,E4:D1:24:F0:BE:00,-65,10,0,0,0,0,0,0,0,0,0,-97,0,5,0,85627623,0,399,0,0,86.0199,128,[-113 -15 24 0 -33 14 -29 13 -28 11 -25 9 -24 8 -22 7 -21 5 -20 4 -18 2 -16 1 -16 -1 -14 -2 -13 -2 -11 -3 -10 -3 -8 -3 -8 -4 -7 -4 -6 -4 -4 -4 -4 -4 -3 -3 -3 -2 -2 -2 -3 -2 0 0 0 0 0 0 0 0 0 0 0 0 0 0 0 0 0 0 0 0 0 0 -22 4 -23 5 -24 4 -24 4 -26 5 -26 5 -27 6 -29 5 -29 6 -30 6 -30 5 -32 6 -32 7 -34 7 -34 7 -34 8 -34 9 -36 10 -35 10 -36 11 -36 12 -37 12 -37 14 -36 14 -37 14 -37 15 ]
CSI_DATA,STA,E4:D1:24:F0:BE:00,-67,10,0,0,0,0,0,0,0,0,0,-97,0,5,0,85730025,0,399,0,0,86.1224,128,[-113 -15 24 0 24 -7 22 -6 22 -6 21 -3 19 -2 18 -2 16 1 16 1 15 3 14 3 13 5 11 6 11 6 9 6 9 6 7 8 7 9 6 8 5 7 3 8 3 7 2 8 1 6 1 6 -1 4 0 0 0 0 0 0 0 0 0 0 0 0 0 0 0 0 0 0 0 0 0 0 25 1 25 2 25 3 25 2 26 3 27 1 28 2 28 2 29 2 29 0 29 1 30 0 31 1 31 -1 31 -2 31 -2 31 -2 32 -3 31 -4 32 -5 31 -5 30 -6 30 -8 30 -8 30 -7 31 -8 ]
CSI_DATA,STA,E4:D1:24:F0:BE:00,-65,10,0,0,0,0,0,0,0,0,0,-97,0,5,0,85832427,0,399,0,0,86.2248,128,[-113 -15 24 0 -9 31 -7 30 -8 29 -8 29 -8 29 -7 28 -8 28 -8 27 -8 28 -8 27 -8 26 -8 26 -8 25 -7 25 -7 23 -8 23 -7 23 -7 22 -7 21 -7 20 -6 19 -6 19 -6 18 -6 17 -6 16 0 0 0 0 0 0 0 0 0 0 0 0 0 0 0 0 0 0 0 0 0 0 -7 15 -7 15 -7 16 -7 16 -7 17 -6 18 -7 18 -8 20 -6 20 -7 20 -6 21 -6 21 -6 22 -6 22 -6 23 -7 24 -6 23 -6 25 -6 24 -6 25 -6 26 -6 27 -7 27 -7 27 -7 30 -8 30 ]
CSI_DATA,STA,E4:D1:24:F0:BE:00,-66,10,0,0,0,0,0,0,0,0,0,-97,0,5,0,85934827,0,399,0,0,86.3272,128,[-113 -15 24 0 0 29 1 29 0 27 0 27 0 27 0 27 0 26 0 27 -2 26 -1 26 -1 25 -2 25 -2 25 -1 23 -2 22 -3 22 -2 22 -2 21 -3 20 -3 20 -2 19 -2 17 -2 17 -3 17 -4 15 0 0 0 0 0 0 0 0 0 0 0 0 0 0 0 0 0 0 0 0 0 0 -2 16 -4 16 -3 17 -3 18 -3 18 -2 20 -2 20 -2 21 -2 21 0 21 -1 21 -1 22 0 23 0 23 0 24 1 24 0 25 1 25 2 25 1 26 2 26 1 26 2 26 2 28 2 29 2 29 ]
CSI_DATA,STA,E4:D1:24:F0:BE:00,-65,10,0,0,0,0,0,0,0,0,0,-97,0,5,0,86037229,0,399,0,0,86.4295,128,[-113 -15 24 0 17 25 17 24 18 25 18 23 18 23 18 23 18 24 18 23 18 23 17 21 18 21 17 21 17 20 17 19 17 18 17 19 17 18 17 17 17 17 16 17 16 16 16 16 15 16 15 16 14 16 0 0 0 0 0 0 0 0 0 0 0 0 0 0 0 0 0 0 0 0 0 0 9 7 10 6 10 7 10 8 11 8 12 9 12 9 12 9 13 10 13 10 13 10 14 12 14 12 14 12 14 13 14 13 14 13 14 15 14 14 15 16 14 17 15 19 15 19 16 20 17 22 18 24 ]
CSI_DATA,STA,E4:D1:24:F0:BE:00,-65,10,0,0,0,0,0,0,0,0,0,-97,0,5,0,86139631,0,399,0,0,86.5318,128,[-113 -15 24 0 9 28 9 28 9 29 8 28 10 29 9 29 10 28 8 29 9 28 9 28 9 28 10 27 9 27 10 25 9 24 9 24 9 24 9 22 9 21 9 20 9 19 9 19 9 18 9 18 9 17 0 0 0 0 0 0 0 0 0 0 0 0 0 0 0 0 0 0 0 0 0 0 9 10 9 11 10 13 9 12 10 13 10 13 10 14 11 14 10 16 10 15 10 15 10 16 11 17 10 18 10 17 10 19 10 19 8 19 9 18 8 19 8 20 8 20 9 21 8 23 10 25 10 26 ]
CSI_DATA,STA,E4:D1:24:F0:BE:00,-65,10,0,0,0,0,0,0,0,0,0,-97,0,5,0,86242032,0,399,0,0,86.6343,128,[-113 -15 24 0 -29 5 -28 5 -27 5 -27 5 -27 6 -26 5 -25 6 -25 6 -24 6 -24 6 -24 6 -23 6 -22 6 -21 5 -20 5 -19 4 -18 5 -18 5 -17 5 -16 5 -15 5 -15 5 -14 5 -13 5 -12 4 0 0 0 0 0 0 0 0 0 0 0 0 0 0 0 0 0 0 0 0 0 0 -11 4 -11 4 -12 3 -12 4 -12 4 -13 5 -13 5 -13 4 -14 5 -14 5 -15 5 -15 4 -16 5 -17 4 -17 4 -18 4 -19 5 -19 4 -20 4 -20 4 -21 4 -24 3 -23 4 -25 5 -25 4 -28 5 ]
CSI_DATA,STA,E4:D1:24:F0:BE:00,-62,10,0,0,0,0,0,0,0,0,0,-97,0,5,0,86344434,0,399,0,0,86.7368,128,[-113 -15 24 0 13 30 14 31 13 29 14 29 13 28 13 28 13 27 13 27 11 26 11 24 10 24 10 24 9 22 9 21 8 20 8 20 7 20 6 18 7 18 5 17 6 17 5 16 5 15 4 15 4 15 0 0 0 0 0 0 0 0 0 0 0 0 0 0 0 0 0 0 0 0 0 0 6 10 5 10 5 10 5 10 5 11 5 11 5 12 6 13 7 14 6 13 6 14 6 15 6 16 7 17 7 18 7 18 7 19 7 20 8 21 7 22 9 23 10 25 10 25 10 27 12 29 13 31 ]
CSI_DATA,STA,E4:D1:24:F0:BE:00,-65,10,0,0,0,0,0,0,0,0,0,-97,0,5,0,86446836,0,399,0,0,86.8391,128,[-113 -15 24 0 -6 -31 -7 -30 -7 -29 -8 -30 -8 -29 -8 -29 -8 -29 -9 -29 -9 -28 -10 -28 -10 -27 -8 -27 -8 -26 -8 -25 -8 -24 -7 -24 -7 -24 -6 -23 -6 -23 -6 -22 -5 -21 -6 -21 -4 -20 -3 -20 -2 -19 0 0 0 0 0 0 0 0 0 0 0 0 0 0 0 0 0 0 0 0 0 0 -5 -9 -4 -9 -4 -9 -4 -9 -4 -9 -4 -9 -3 -9 -4 -10 -3 -10 -3 -10 -3 -10 -3 -11 -2 -11 -3 -12 -3 -13 -2 -14 -2 -15 -2 -17 -1 -17 -1 -18 -1 -19 -2 -20 -2 -22 -3 -24 -2 -25 -3 -27 ]
CSI_DATA,STA,E4:D1:24:F0:BE:00,-65,10,0,0,0,0,0,0,0,0,0,-97,0,5,0,86549238,0,399,0,0,86.9416,128,[-113 -15 24 0 23 -26 22 -25 21 -25 21 -25 21 -25 20 -24 20 -24 19 -24 19 -23 18 -23 18 -22 17 -21 17 -20 16 -19 16 -18 16 -18 15 -17 15 -16 15 -16 15 -15 14 -14 13 -14 12 -13 12 -13 14 -11 0 0 0 0 0 0 0 0 0 0 0 0 0 0 0 0 0 0 0 0 0 0 14 -10 14 -8 13 -8 13 -8 13 -8 13 -7 14 -7 13 -7 13 -7 12 -8 12 -8 12 -8 13 -10 13 -9 14 -10 14 -11 14 -11 15 -12 15 -13 15 -14 16 -15 18 -17 18 -19 19 -20 21 -21 22 -23 ]
CSI_DATA,STA,E4:D1:24:F0:BE:00,-65,10,0,0,0,0,0,0,0,0,0,-97,0,5,0,86550209,0,64,0,0,86.9765,128,[64 0 4 0 -34 -4 -33 -5 -34 -2 -33 -3 -32 -1 -31 -1 -31 -3 -30 0 -30 -1 -29 -1 -28 -2 -26 -2 -25 -1 -25 -2 -23 -2 -24 -2 -22 -1 -21 0 -22 -1 -20 -1 -19 -1 -20 -2 -20 -1 -18 -1 -13 -9 0 0 0 0 0 0 0 0 0 0 0 0 0 0 0 0 0 0 0 0 0 0 -17 -9 -15 -9 -15 -10 -13 -9 -15 -10 -13 -9 -15 -8 -13 -7 -13 -8 -15 -7 -14 -7 -15 -7 -16 -9 -16 -7 -16 -6 -18 -7 -18 -6 -19 -7 -20 -6 -21 -6 -23 -5 -25 -5 -26 -5 -28 -5 -31 -5 -32 -4 ]
CSI_DATA,STA,E4:D1:24:F0:BE:00,-66,10,0,0,0,0,0,0,0,0,0,-97,0,5,0,86651642,0,399,0,0,87.0438,128,[-113 -15 24 0 23 19 24 19 25 18 25 18 26 18 26 18 27 18 26 17 24 18 25 17 24 18 23 16 22 16 23 16 21 16 21 16 21 15 20 16 19 16 18 15 18 16 17 15 15 16 14 16 14 17 0 0 0 0 0 0 0 0 0 0 0 0 0 0 0 0 0 0 0 0 0 0 14 10 14 11 14 12 13 12 12 12 12 11 12 12 12 11 13 12 12 12 11 12 11 13 12 13 11 15 12 13 12 13 12 14 12 15 13 15 15 15 15 15 16 16 17 17 18 17 20 18 23 20 ]
CSI_DATA,STA,E4:D1:24:F0:BE:00,-64,10,0,0,0,0,0,0,0,0,0,-97,0,5,0,86754042,0,399,0,0,87.1464,128,[-113 -15 24 0 -21 -22 -21 -22 -20 -22 -21 -21 -21 -21 -20 -20 -20 -20 -19 -20 -19 -20 -18 -20 -19 -19 -17 -19 -16 -19 -15 -18 -14 -18 -14 -18 -13 -18 -12 -19 -11 -18 -10 -17 -10 -17 -9 -17 -8 -17 -6 -16 -5 -15 0 0 0 0 0 0 0 0 0 0 0 0 0 0 0 0 0 0 0 0 0 0 -14 -20 -12 -20 -10 -20 -10 -20 -10 -21 -9 -20 -9 -20 -9 -20 -9 -20 -8 -20 -8 -19 -8 -20 -8 -20 -9 -22 -9 -21 -9 -22 -10 -21 -10 -21 -10 -21 -11 -22 -12 -22 -13 -22 -13 -23 -15 -23 -16 -23 -18 -24 ]
CSI_DATA,STA,E4:D1:24:F0:BE:00,-65,10,0,0,0,0,0,0,0,0,0,-97,0,5,0,86856444,0,399,0,0,87.2487,128,[-113 -15 24 0 -27 8 -26 9 -25 9 -24 9 -25 9 -25 8 -25 8 -24 8 -24 8 -23 7 -23 6 -22 5 -22 5 -21 5 -19 3 -20 3 -18 3 -18 2 -17 2 -17 1 -16 1 -15 1 -14 0 -13 -1 -12 0 0 0 0 0 0 0 0 0 0 0 0 0 0 0 0 0 0 0 0 0 0 0 -17 1 -17 1 -18 0 -17 0 -18 -1 -17 -1 -17 -1 -18 -1 -18 -1 -17 -1 -17 -1 -16 -1 -17 -1 -17 -1 -18 -1 -19 -1 -18 -1 -19 0 -19 0 -19 1 -20 2 -21 2 -22 4 -22 4 -24 6 -24 6 ]
CSI_DATA,STA,E4:D1:24:F0:BE:00,-63,10,0,0,0,0,0,0,0,0,0,-97,0,5,0,86958845,0,399,0,0,87.3512,128,[-113 -15 24 0 32 -10 31 -11 31 -11 30 -12 29 -12 28 -12 28 -12 27 -12 26 -12 25 -12 25 -11 24 -10 23 -10 22 -9 21 -8 21 -7 20 -7 20 -6 19 -6 18 -5 17 -4 17 -4 16 -3 14 -2 14 0 0 0 0 0 0 0 0 0 0 0 0 0 0 0 0 0 0 0 0 0 0 0 17 -7 16 -5 17 -5 16 -4 17 -4 17 -4 17 -3 18 -3 17 -3 18 -2 18 -2 19 -2 19 -2 20 -2 20 -2 21 -2 22 -2 24 -2 24 -2 25 -2 25 -2 27 -4 28 -4 29 -5 30 -6 32 -7 ]
CSI_DATA,STA,E4:D1:24:F0:BE:00,-62,10,0,0,0,0,0,0,0,0,0,-97,0,5,0,87061247,0,399,0,0,87.4535,128,[-113 -15 24 0 1 32 2 30 3 30 3 28 4 28 4 27 4 26 4 26 4 25 4 24 4 23 3 22 3 21 3 21 2 19 2 20 2 18 2 18 1 17 1 16 0 15 0 15 0 14 -1 13 -2 13 0 0 0 0 0 0 0 0 0 0 0 0 0 0 0 0 0 0 0 0 0 0 7 17 5 17 4 17 3 17 2 18 2 18 1 18 0 18 0 19 -1 19 -1 19 -2 20 -3 20 -3 21 -3 21 -4 22 -4 22 -4 24 -4 23 -4 25 -4 25 -4 27 -3 28 -3 29 -2 31 -2 32 ]
CSI_DATA,STA,E4:D1:24:F0:BE:00,-62,10,0,0,0,0,0,0,0,0,0,-97,0,5,0,87163649,0,399,0,0,87.5559,128,[-113 -15 24 0 24 20 25 20 26 19 26 18 26 17 26 17 26 16 25 16 25 16 26 15 25 15 24 15 23 15 23 14 22 14 22 15 20 16 19 15 19 16 17 15 17 15 15 15 15 15 14 15 11 17 0 0 0 0 0 0 0 0 0 0 0 0 0 0 0 0 0 0 0 0 0 0 13 12 11 13 11 13 10 14 10 15 9 14 10 15 9 15 9 16 9 16 9 16 8 17 9 17 9 18 8 18 9 19 9 19 10 20 10 20 11 20 12 20 14 20 14 21 16 21 18 21 20 22 ]
CSI_DATA,STA,E4:D1:24:F0:BE:00,-65,10,0,0,0,0,0,0,0,0,0,-97,0,5,0,87266051,0,399,0,0,87.6583,128,[-113 -15 24 0 25 19 26 17 26 16 26 16 26 16 26 16 26 16 25 15 25 16 24 16 24 15 23 16 21 16 20 15 19 15 18 15 17 15 16 15 15 14 14 14 13 14 12 13 11 13 11 12 8 13 0 0 0 0 0 0 0 0 0 0 0 0 0 0 0 0 0 0 0 0 0 0 15 13 14 14 13 15 12 15 12 16 13 16 13 17 12 17 12 17 12 18 12 17 11 18 12 19 12 19 12 19 11 20 13 19 12 20 13 20 13 20 15 20 16 21 17 19 19 20 21 20 22 20 ]
CSI_DATA,STA,E4:D1:24:F0:BE:00,-65,10,0,0,0,0,0,0,0,0,0,-97,0,5,0,87368453,0,399,0,0,87.7608,128,[-113 -15 24 0 -29 -15 -29 -13 -30 -15 -29 -14 -29 -14 -30 -14 -29 -14 -29 -14 -28 -15 -28 -16 -27 -16 -27 -16 -25 -15 -25 -16 -23 -15 -23 -16 -21 -16 -21 -15 -19 -17 -18 -16 -18 -16 -16 -15 -15 -16 -13 -16 -13 -16 0 0 0 0 0 0 0 0 0 0 0 0 0 0 0 0 0 0 0 0 0 0 -13 -15 -12 -16 -12 -16 -12 -16 -11 -17 -11 -17 -11 -16 -11 -17 -11 -17 -10 -18 -10 -17 -11 -18 -10 -18 -11 -19 -10 -18 -11 -19 -11 -19 -11 -18 -12 -17 -13 -17 -14 -17 -16 -16 -16 -17 -19 -17 -20 -17 -24 -17 ]
CSI_DATA,STA,E4:D1:24:F0:BE:00,-64,10,0,0,0,0,0,0,0,0,0,-97,0,5,0,87470855,0,399,0,0,87.863,128,[-113 -15 24 0 31 -11 30 -11 29 -12 29 -12 28 -12 28 -12 27 -11 26 -12 27 -12 26 -10 25 -10 24 -9 23 -9 22 -9 21 -7 21 -7 21 -6 20 -6 19 -5 19 -5 19 -5 18 -4 18 -3 17 -2 16 -2 0 0 0 0 0 0 0 0 0 0 0 0 0 0 0 0 0 0 0 0 0 0 18 -7 18 -6 18 -6 19 -5 19 -3 20 -4 20 -3 21 -3 21 -2 21 -2 21 -1 22 -1 22 -1 24 0 23 0 24 0 24 -1 25 -1 26 -1 26 -2 25 -2 27 -3 28 -3 29 -5 30 -6 31 -7 ]
CSI_DATA,STA,E4:D1:24:F0:BE:00,-64,10,0,0,0,0,0,0,0,0,0,-97,0,5,0,87573256,0,399,0,0,87.9655,128,[-113 -15 24 0 -26 17 -24 18 -22 18 -22 17 -21 19 -21 19 -21 18 -21 18 -20 19 -19 18 -20 17 -19 17 -19 15 -18 15 -18 13 -17 13 -17 13 -17 12 -16 11 -17 11 -16 10 -15 9 -15 8 -15 8 -15 6 0 0 0 0 0 0 0 0 0 0 0 0 0 0 0 0 0 0 0 0 0 0 -17 12 -17 11 -19 10 -19 9 -20 9 -20 9 -21 8 -21 8 -22 8 -22 7 -23 7 -23 7 -24 7 -25 5 -26 5 -26 5 -25 5 -25 6 -26 6 -26 6 -26 7 -26 8 -25 9 -25 11 -27 11 -26 14 ]
CSI_DATA,STA,E4:D1:24:F0:BE:00,-64,10,0,0,0,0,0,0,0,0,0,-97,0,5,0,87574533,0,64,0,0,87.9993,128,[64 0 4 0 -27 -1 -26 0 -26 1 -25 1 -26 3 -26 2 -25 2 -25 2 -25 1 -24 1 -23 1 -22 0 -21 1 -21 1 -20 1 -19 0 -19 -1 -19 0 -18 -1 -17 -1 -17 -1 -16 -2 -16 -3 -16 -3 -11 -4 0 0 0 0 0 0 0 0 0 0 0 0 0 0 0 0 0 0 0 0 0 0 -19 -2 -19 -3 -19 -4 -19 -4 -20 -5 -19 -6 -20 -6 -20 -6 -20 -7 -21 -8 -20 -8 -20 -10 -21 -10 -21 -11 -20 -9 -22 -10 -21 -9 -22 -10 -21 -10 -21 -10 -22 -9 -22 -8 -24 -8 -24 -8 -24 -7 -25 -6 ]
CSI_DATA,STA,E4:D1:24:F0:BE:00,-63,10,0,0,0,0,0,0,0,0,0,-97,0,5,0,87675658,0,399,0,0,88.0679,128,[-113 -15 24 0 15 26 16 25 16 24 17 23 16 23 16 22 16 22 15 21 14 22 14 20 14 20 13 20 12 19 12 18 10 18 10 18 10 17 9 16 8 16 7 15 7 14 7 14 6 14 5 14 4 13 0 0 0 0 0 0 0 0 0 0 0 0 0 0 0 0 0 0 0 0 0 0 11 16 10 16 9 17 8 17 8 18 8 18 8 19 7 19 7 20 6 20 6 20 5 21 5 22 6 22 5 23 5 24 5 24 5 24 6 24 6 25 7 25 8 25 8 26 9 26 11 27 12 28 ]
CSI_DATA,STA,E4:D1:24:F0:BE:00,-63,10,0,0,0,0,0,0,0,0,0,-97,0,5,0,87676872,0,64,0,0,88.0969,128,[64 0 4 0 -28 14 -26 14 -25 14 -25 13 -25 14 -24 14 -23 14 -23 14 -22 14 -20 14 -21 13 -20 13 -20 12 -18 12 -18 11 -17 10 -18 10 -17 8 -17 7 -17 7 -16 7 -15 7 -14 8 -12 6 -18 2 0 0 0 0 0 0 0 0 0 0 0 0 0 0 0 0 0 0 0 0 0 0 -17 9 -18 8 -18 7 -18 7 -19 6 -19 7 -20 5 -21 5 -21 5 -21 5 -22 5 -22 5 -24 4 -23 4 -23 3 -25 3 -23 3 -25 3 -25 5 -27 4 -24 5 -26 5 -25 7 -27 9 -27 10 -28 11 ]
CSI_DATA,STA,E4:D1:24:F0:BE:00,-63,10,0,0,0,0,0,0,0,0,0,-97,0,5,0,87778060,0,399,0,0,88.1704,128,[-113 -15 24 0 -6 -32 -6 -31 -5 -30 -6 -31 -7 -30 -6 -29 -6 -28 -5 -28 -5 -28 -5 -27 -5 -26 -4 -25 -4 -25 -3 -23 -2 -22 -2 -22 -2 -21 -2 -20 -1 -19 -1 -18 0 -18 0 -16 0 -16 1 -16 2 -16 0 0 0 0 0 0 0 0 0 0 0 0 0 0 0 0 0 0 0 0 0 0 -2 -17 -1 -18 0 -17 0 -17 0 -17 0 -18 0 -17 1 -18 1 -19 1 -19 1 -18 2 -19 3 -20 2 -21 3 -21 3 -22 3 -22 3 -23 3 -23 3 -23 2 -24 1 -26 1 -26 0 -27 -1 -28 -1 -31 ]
CSI_DATA,STA,E4:D1:24:F0:BE:00,-65,10,0,0,0,0,0,0,0,0,0,-97,0,5,0,87880462,0,399,0,0,88.2728,128,[-113 -15 24 0 12 31 14 30 15 29 15 29 16 30 16 28 16 28 16 28 16 29 16 27 15 27 14 26 14 26 13 26 12 24 12 25 11 24 10 23 10 23 9 21 8 21 8 20 7 20 5 20 5 19 0 0 0 0 0 0 0 0 0 0 0 0 0 0 0 0 0 0 0 0 0 0 6 11 5 11 5 11 5 11 5 11 5 11 5 12 6 12 6 13 5 14 5 15 5 16 5 16 5 17 4 17 4 18 4 19 3 21 4 20 4 22 5 22 6 24 7 25 8 26 9 28 11 29 ]
CSI_DATA,STA,E4:D1:24:F0:BE:00,-65,10,0,0,0,0,0,0,0,0,0,-97,0,5,0,87982863,0,399,0,0,88.3752,128,[-113 -15 24 0 -18 27 -17 28 -16 27 -16 27 -17 28 -15 27 -15 27 -16 27 -16 26 -16 24 -16 25 -15 23 -16 22 -16 21 -15 19 -15 19 -15 18 -15 17 -15 16 -15 15 -15 14 -14 13 -14 13 -14 12 -13 10 0 0 0 0 0 0 0 0 0 0 0 0 0 0 0 0 0 0 0 0 0 0 -7 16 -7 16 -8 14 -9 14 -9 13 -9 14 -9 14 -10 14 -11 15 -11 14 -11 14 -12 14 -14 14 -14 15 -15 15 -15 15 -16 15 -16 16 -17 17 -17 16 -17 17 -18 19 -18 20 -18 21 -19 23 -19 25 ]
CSI_DATA,STA,E4:D1:24:F0:BE:00,-66,10,0,0,0,0,0,0,0,0,0,-97,0,5,0,88085265,0,399,0,0,88.4776,128,[-113 -15 24 0 -17 23 -17 24 -15 24 -15 25 -14 25 -14 27 -15 26 -14 26 -14 26 -14 26 -13 25 -14 24 -13 24 -14 23 -13 23 -13 22 -12 21 -13 20 -12 19 -12 19 -13 18 -12 18 -12 17 -13 16 -12 15 0 0 0 0 0 0 0 0 0 0 0 0 0 0 0 0 0 0 0 0 0 0 -4 8 -4 8 -5 7 -5 7 -5 7 -5 7 -5 8 -5 8 -5 9 -6 8 -7 8 -7 9 -8 10 -8 9 -10 10 -10 10 -12 10 -12 11 -13 11 -13 12 -15 12 -15 14 -16 15 -16 15 -17 17 -17 19 ]
CSI_DATA,STA,E4:D1:24:F0:BE:00,-66,10,0,0,0,0,0,0,0,0,0,-97,0,5,0,88187667,0,399,0,0,88.58,128,[-113 -15 24 0 -30 -2 -30 -3 -29 -2 -29 -2 -29 -1 -29 -2 -28 -2 -27 -2 -26 -1 -26 -2 -25 -2 -25 -2 -24 -2 -22 -2 -21 -3 -19 -3 -20 -3 -19 -3 -18 -3 -17 -3 -16 -3 -15 -3 -15 -3 -15 -3 -13 -4 0 0 0 0 0 0 0 0 0 0 0 0 0 0 0 0 0 0 0 0 0 0 -15 -3 -15 -3 -15 -4 -16 -4 -15 -4 -16 -5 -16 -5 -16 -4 -16 -5 -16 -6 -17 -5 -18 -5 -18 -7 -18 -7 -19 -7 -20 -8 -20 -8 -20 -8 -20 -8 -22 -7 -21 -8 -23 -7 -23 -6 -25 -6 -26 -5 -28 -5 ]
CSI_DATA,STA,E4:D1:24:F0:BE:00,-63,10,0,0,0,0,0,0,0,0,0,-97,0,5,0,88290068,0,399,0,0,88.6823,128,[-113 -15 24 0 17 -30 17 -28 16 -28 16 -28 15 -27 15 -28 15 -27 14 -26 14 -26 14 -24 14 -24 14 -23 14 -21 13 -22 12 -20 12 -20 13 -18 13 -18 12 -17 12 -16 12 -15 12 -14 11 -13 12 -12 12 -11 0 0 0 0 0 0 0 0 0 0 0 0 0 0 0 0 0 0 0 0 0 0 8 -11 8 -11 9 -10 9 -10 9 -10 8 -10 9 -10 9 -10 10 -10 10 -11 10 -10 10 -12 12 -12 13 -12 12 -13 13 -13 13 -14 14 -15 14 -15 15 -17 15 -18 16 -19 16 -20 17 -22 18 -24 19 -26 ]
CSI_DATA,STA,E4:D1:24:F0:BE:00,-64,10,0,0,0,0,0,0,0,0,0,-97,0,5,0,88291543,0,165,0,0,88.7175,128,[-91 80 10 0 -16 -28 -17 -27 -16 -27 -17 -26 -16 -26 -16 -26 -16 -25 -15 -24 -14 -26 -14 -25 -13 -24 -13 -23 -12 -23 -12 -22 -11 -20 -11 -21 -9 -20 -8 -19 -8 -19 -7 -18 -7 -17 -6 -16 -5 -17 -5 -16 -3 -11 0 0 0 0 0 0 0 0 0 0 0 0 0 0 0 0 0 0 0 0 0 0 -5 -13 -5 -12 -4 -12 -4 -12 -5 -12 -4 -12 -5 -14 -4 -12 -4 -13 -4 -15 -4 -15 -4 -15 -4 -15 -5 -16 -5 -16 -6 -18 -6 -18 -6 -20 -7 -20 -8 -21 -8 -21 -9 -22 -10 -25 -11 -25 -11 -27 -13 -27 ]
CSI_DATA,STA,E4:D1:24:F0:BE:00,-64,10,0,0,0,0,0,0,0,0,0,-97,0,5,0,88392470,0,399,0,0,88.7847,128,[-113 -15 24 0 -26 -23 -26 -21 -25 -21 -25 -20 -25 -19 -25 -19 -25 -18 -24 -18 -24 -18 -22 -18 -22 -17 -21 -16 -21 -16 -20 -16 -18 -15 -17 -15 -16 -15 -16 -15 -15 -14 -14 -14 -13 -13 -13 -13 -11 -13 -11 -13 -9 -12 0 0 0 0 0 0 0 0 0 0 0 0 0 0 0 0 0 0 0 0 0 0 -10 -10 -10 -10 -11 -11 -11 -10 -10 -11 -10 -11 -11 -12 -12 -12 -12 -12 -12 -14 -12 -14 -12 -15 -13 -15 -13 -17 -12 -17 -14 -17 -13 -18 -14 -19 -15 -20 -16 -20 -18 -20 -18 -22 -19 -22 -20 -22 -21 -23 -22 -25 ]
CSI_DATA,STA,E4:D1:24:F0:BE:00,-62,10,0,0,0,0,0,0,0,0,0,-97,0,5,0,88494996,0,399,0,0,88.8873,128,[-113 -15 24 0 -16 -33 -15 -32 -14 -32 -15 -31 -15 -30 -14 -30 -13 -29 -13 -28 -13 -28 -12 -27 -12 -25 -11 -25 -9 -23 -9 -23 -8 -21 -7 -21 -6 -20 -6 -20 -5 -19 -4 -18 -4 -17 -4 -17 -3 -16 -2 -15 -1 -15 0 0 0 0 0 0 0 0 0 0 0 0 0 0 0 0 0 0 0 0 0 0 -7 -12 -6 -12 -7 -13 -6 -13 -5 -14 -5 -13 -6 -14 -5 -15 -5 -15 -5 -16 -5 -16 -5 -17 -5 -18 -5 -19 -5 -19 -5 -21 -6 -21 -6 -22 -6 -23 -7 -24 -8 -25 -9 -27 -9 -28 -11 -29 -12 -31 -13 -33 ]
CSI_DATA,STA,E4:D1:24:F0:BE:00,-62,10,0,0,0,0,0,0,0,0,0,-97,0,5,0,88597274,0,399,0,0,88.9896,128,[-113 -15 24 0 -24 30 -23 29 -23 30 -22 29 -21 30 -21 30 -20 28 -21 28 -20 28 -20 26 -19 25 -20 24 -19 23 -18 22 -18 20 -18 20 -16 18 -17 17 -16 16 -16 15 -15 13 -15 13 -14 11 -14 11 -14 10 0 0 0 0 0 0 0 0 0 0 0 0 0 0 0 0 0 0 0 0 0 0 -10 10 -9 9 -10 9 -11 9 -11 9 -11 9 -12 9 -12 10 -13 10 -13 10 -14 9 -14 10 -16 10 -17 10 -17 11 -18 11 -18 11 -19 12 -19 13 -20 14 -20 16 -22 18 -21 20 -22 21 -22 24 -24 26 ]
CSI_DATA,STA,E4:D1:24:F0:BE:00,-63,10,0,0,0,0,0,0,0,0,0,-97,0,5,0,88699676,0,399,0,0,89.092,128,[-113 -15 24 0 19 -33 20 -33 19 -32 19 -33 19 -32 18 -32 18 -30 17 -30 17 -29 18 -28 17 -27 16 -26 16 -24 15 -23 16 -22 15 -21 15 -20 16 -19 15 -17 13 -16 13 -15 13 -13 12 -13 12 -12 12 -10 0 0 0 0 0 0 0 0 0 0 0 0 0 0 0 0 0 0 0 0 0 0 10 -9 10 -9 10 -8 10 -9 10 -8 10 -9 10 -9 10 -9 11 -10 11 -11 11 -10 11 -10 12 -12 13 -12 13 -12 13 -14 14 -14 14 -15 14 -17 16 -17 16 -19 17 -21 17 -23 18 -25 18 -27 19 -31 ]
CSI_DATA,STA,E4:D1:24:F0:BE:00,-62,10,0,0,0,0,0,0,0,0,0,-97,0,5,0,88802078,0,399,0,0,89.1944,128,[-113 -15 24 0 -38 5 -38 5 -36 5 -36 5 -35 5 -35 5 -33 4 -33 4 -31 3 -31 3 -29 2 -28 1 -27 1 -25 0 -25 0 -23 -1 -22 -1 -21 -2 -20 -2 -18 -2 -18 -2 -17 -2 -16 -3 -15 -3 -14 -3 0 0 0 0 0 0 0 0 0 0 0 0 0 0 0 0 0 0 0 0 0 0 -13 -4 -13 -4 -13 -4 -13 -5 -13 -4 -14 -4 -14 -5 -14 -4 -14 -4 -15 -5 -15 -4 -16 -4 -17 -4 -17 -5 -19 -4 -20 -3 -20 -4 -21 -3 -22 -3 -24 -2 -25 -2 -27 -1 -28 1 -30 1 -33 2 -35 3 ]
CSI_DATA,STA,E4:D1:24:F0:BE:00,-62,10,0,0,0,0,0,0,0,0,0,-97,0,5,0,88904480,0,399,0,0,89.2968,128,[-113 -15 24 0 -35 13 -34 14 -32 14 -33 13 -31 15 -31 14 -30 14 -29 14 -28 13 -28 12 -27 11 -27 10 -26 9 -24 8 -23 7 -22 7 -22 6 -21 5 -20 4 -19 4 -18 3 -17 2 -16 1 -15 0 -15 0 0 0 0 0 0 0 0 0 0 0 0 0 0 0 0 0 0 0 0 0 0 0 -15 2 -14 1 -15 1 -15 1 -15 0 -16 0 -16 1 -16 1 -16 1 -16 0 -16 0 -18 1 -19 0 -19 0 -20 1 -21 1 -21 2 -22 2 -23 3 -24 4 -25 5 -27 7 -28 7 -29 8 -31 10 -33 12 ]
CSI_DATA,STA,E4:D1:24:F0:BE:00,-61,10,0,0,0,0,0,0,0,0,0,-97,0,5,0,89006881,0,399,0,0,89.399,128,[-113 -15 24 0 -32 18 -31 17 -30 17 -29 16 -28 16 -27 15 -26 14 -26 14 -25 13 -25 12 -23 10 -22 9 -22 8 -20 7 -19 6 -19 6 -18 5 -17 4 -16 3 -15 3 -15 3 -13 2 -12 1 -11 1 -11 1 0 0 0 0 0 0 0 0 0 0 0 0 0 0 0 0 0 0 0 0 0 0 -15 6 -15 5 -15 4 -16 4 -16 4 -16 4 -17 4 -17 3 -17 4 -18 4 -18 3 -18 4 -19 4 -20 5 -20 5 -21 6 -21 6 -23 6 -23 7 -23 9 -24 9 -26 11 -27 12 -28 13 -30 14 -31 16 ]
CSI_DATA,STA,E4:D1:24:F0:BE:00,-62,10,0,0,0,0,0,0,0,0,0,-97,0,5,0,89109283,0,399,0,0,89.5015,128,[-113 -15 24 0 33 14 33 14 32 13 31 12 31 11 30 11 29 11 27 11 27 10 26 10 26 10 24 10 22 10 21 10 20 9 19 10 19 10 17 10 16 10 15 10 14 9 13 9 12 10 11 9 9 9 0 0 0 0 0 0 0 0 0 0 0 0 0 0 0 0 0 0 0 0 0 0 12 5 12 5 12 6 12 6 12 7 12 7 12 8 13 8 13 8 13 8 13 9 14 10 15 10 16 11 16 11 17 12 18 13 19 13 20 13 21 14 23 14 25 14 26 15 28 15 30 15 31 15 ]
CSI_DATA,STA,E4:D1:24:F0:BE:00,-62,10,0,0,0,0,0,0,0,0,0,-97,0,5,0,89211685,0,399,0,0,89.604,128,[-113 -15 24 0 -2 -33 -2 -32 -1 -31 -2 -30 -3 -29 -3 -29 -2 -28 -2 -26 -2 -26 -1 -25 -2 -24 -1 -23 -1 -21 0 -21 0 -19 1 -18 0 -18 1 -17 1 -16 1 -15 1 -14 1 -14 1 -13 2 -13 2 -12 0 0 0 0 0 0 0 0 0 0 0 0 0 0 0 0 0 0 0 0 0 0 -2 -14 -1 -15 -1 -15 0 -15 1 -16 0 -16 1 -16 1 -17 2 -17 2 -17 2 -18 3 -18 3 -19 3 -19 3 -20 3 -22 3 -22 3 -23 3 -24 3 -24 2 -25 2 -27 2 -28 2 -30 1 -31 0 -33 ]
CSI_DATA,STA,E4:D1:24:F0:BE:00,-61,10,0,0,0,0,0,0,0,0,0,-97,0,5,0,89314087,0,399,0,0,89.7064,128,[-113 -15 24 0 -23 -33 -22 -31 -21 -31 -20 -30 -20 -29 -20 -28 -18 -27 -18 -26 -17 -26 -16 -25 -15 -24 -13 -22 -13 -21 -12 -21 -10 -19 -10 -19 -9 -17 -9 -17 -8 -16 -8 -15 -7 -15 -7 -14 -6 -14 -5 -13 -5 -13 0 0 0 0 0 0 0 0 0 0 0 0 0 0 0 0 0 0 0 0 0 0 -9 -13 -8 -13 -8 -14 -8 -14 -7 -15 -7 -15 -8 -16 -8 -17 -8 -17 -8 -18 -8 -18 -8 -19 -8 -20 -8 -20 -9 -21 -9 -23 -10 -23 -11 -24 -12 -24 -13 -25 -15 -26 -15 -27 -16 -29 -18 -30 -19 -32 -21 -34 ]
CSI_DATA,STA,E4:D1:24:F0:BE:00,-62,10,0,0,0,0,0,0,0,0,0,-97,0,5,0,89416489,0,399,0,0,89.8088,128,[-113 -15 24 0 -33 -27 -30 -25 -29 -24 -28 -24 -28 -22 -27 -23 -26 -21 -25 -21 -23 -20 -22 -20 -21 -19 -20 -18 -19 -17 -18 -17 -16 -15 -16 -15 -14 -15 -13 -14 -12 -13 -12 -12 -11 -11 -10 -11 -10 -10 -9 -9 -8 -10 0 0 0 0 0 0 0 0 0 0 0 0 0 0 0 0 0 0 0 0 0 0 -12 -8 -12 -9 -12 -10 -12 -10 -12 -11 -12 -11 -12 -12 -13 -13 -13 -13 -13 -14 -13 -14 -13 -15 -13 -16 -14 -17 -15 -17 -16 -18 -16 -18 -17 -19 -18 -20 -20 -21 -21 -21 -23 -22 -24 -23 -27 -24 -27 -25 -30 -26 ]
CSI_DATA,STA,E4:D1:24:F0:BE:00,-61,10,0,0,0,0,0,0,0,0,0,-97,0,5,0,89518891,0,399,0,0,89.9112,128,[-113 -15 24 0 31 22 30 20 29 20 28 19 28 17 27 17 26 15 24 15 24 15 23 14 22 13 21 13 19 12 19 12 17 11 16 12 15 11 14 10 13 10 12 10 12 9 11 8 10 8 9 8 8 7 0 0 0 0 0 0 0 0 0 0 0 0 0 0 0 0 0 0 0 0 0 0 15 4 14 5 15 6 14 6 15 7 15 8 15 9 16 10 15 10 15 12 16 12 16 12 17 13 17 14 17 16 18 17 18 17 20 18 20 18 22 19 23 19 24 20 25 22 27 22 28 23 30 24 ]
CSI_DATA,STA,E4:D1:24:F0:BE:00,-63,10,0,0,0,0,0,0,0,0,0,-97,0,5,0,89621293,0,399,0,0,90.0136,128,[-113 -15 24 0 -38 11 -37 12 -36 12 -33 10 -33 11 -31 11 -31 10 -30 10 -28 9 -27 9 -26 9 -25 8 -24 7 -23 7 -21 6 -21 5 -19 5 -18 4 -18 4 -17 3 -15 3 -15 2 -14 2 -13 2 -12 0 0 0 0 0 0 0 0 0 0 0 0 0 0 0 0 0 0 0 0 0 0 0 -17 8 -17 7 -18 6 -18 6 -19 6 -18 6 -20 6 -20 6 -21 5 -21 4 -21 4 -23 5 -23 4 -24 4 -24 5 -26 5 -26 4 -27 4 -28 5 -30 5 -30 6 -32 7 -33 7 -33 9 -36 10 -38 11 ]
