type,role,mac,rssi,rate,sig_mode,mcs,bandwidth,smoothing,not_sounding,aggregation,stbc,fec_coding,sgi,noise_floor,ampdu_cnt,channel,secondary_channel,local_timestamp,ant,sig_len,rx_state,real_time_set,real_timestamp,len,CSI_DATA
CSI_DATA,STA,E4:D1:24:F0:BE:00,-67,10,0,0,0,0,0,0,0,0,0,-96,0,5,0,13051,0,411,0,0,0.405727,128,[-101 -79 25 0 -11 -31 -12 -31 -13 -30 -13 -30 -14 -30 -15 -30 -14 -29 -13 -28 -14 -28 -13 -29 -14 -29 -12 -27 -12 -26 -11 -25 -11 -25 -10 -24 -9 -24 -10 -24 -8 -23 -8 -22 -8 -22 -7 -22 -5 -22 -4 -21 -1 -20 0 0 0 0 0 0 0 0 0 0 0 0 0 0 0 0 0 0 0 0 0 0 -5 -17 -4 -18 -4 -18 -3 -18 -3 -19 -3 -18 -3 -18 -3 -19 -3 -19 -3 -18 -2 -19 -2 -20 -3 -20 -2 -21 -2 -22 -2 -23 -3 -23 -2 -23 -3 -24 -5 -24 -4 -26 -5 -25 -5 -27 -6 -29 -6 -30 -7 -31 ]
CSI_DATA,STA,E4:D1:24:F0:BE:00,-66,10,0,0,0,0,0,0,0,0,0,-96,0,5,0,84619,0,399,0,0,0.4771,128,[-113 -15 24 0 24 -26 22 -24 23 -24 22 -22 21 -23 22 -22 21 -21 21 -21 21 -20 21 -18 20 -17 20 -16 19 -15 19 -13 18 -12 18 -11 17 -10 16 -9 17 -7 15 -8 15 -6 14 -5 12 -4 12 -4 11 -3 0 0 0 0 0 0 0 0 0 0 0 0 0 0 0 0 0 0 0 0 0 0 15 -9 15 -8 16 -7 16 -7 17 -8 17 -8 17 -8 18 -8 17 -9 18 -9 19 -10 19 -9 20 -10 20 -10 20 -10 21 -11 20 -12 21 -12 21 -14 22 -15 22 -15 23 -16 22 -19 22 -19 24 -21 25 -23 ]
CSI_DATA,STA,E4:D1:24:F0:BE:00,-65,10,0,0,0,0,0,0,0,0,0,-96,0,5,0,90440,0,30,0,0,0.520731,128,[30 -32 1 0 -29 -21 -30 -21 -27 -19 -27 -19 -27 -19 -26 -19 -25 -19 -23 -18 -22 -17 -21 -18 -21 -17 -20 -18 -17 -17 -16 -16 -14 -15 -13 -15 -13 -15 -12 -15 -11 -15 -10 -14 -9 -14 -8 -13 -7 -13 -6 -12 -5 -13 0 0 0 0 0 0 0 0 0 0 0 0 0 0 0 0 0 0 0 0 0 0 -13 -13 -12 -14 -12 -15 -12 -16 -12 -15 -12 -16 -13 -16 -13 -17 -12 -16 -13 -16 -13 -17 -14 -18 -14 -19 -14 -20 -15 -20 -16 -21 -16 -20 -17 -21 -18 -21 -18 -21 -20 -21 -21 -22 -22 -21 -24 -22 -26 -22 -29 -23 ]
CSI_DATA,STA,E4:D1:24:F0:BE:00,-65,10,0,0,0,0,0,0,0,0,0,-96,0,5,0,187021,0,399,0,0,0.579415,128,[-113 -15 24 0 -30 -8 -29 -7 -29 -7 -27 -7 -27 -6 -25 -7 -23 -7 -23 -6 -22 -7 -21 -8 -19 -7 -18 -7 -16 -7 -16 -7 -14 -8 -14 -8 -12 -7 -12 -7 -10 -8 -10 -7 -9 -7 -8 -7 -8 -7 -6 -8 -7 -7 0 0 0 0 0 0 0 0 0 0 0 0 0 0 0 0 0 0 0 0 0 0 -15 -7 -14 -7 -15 -8 -15 -8 -15 -9 -15 -8 -15 -9 -17 -9 -16 -9 -16 -10 -17 -10 -18 -10 -19 -11 -18 -11 -19 -11 -21 -11 -21 -11 -22 -11 -22 -11 -23 -11 -24 -10 -25 -10 -27 -10 -28 -10 -29 -9 -30 -10 ]
CSI_DATA,STA,E4:D1:24:F0:BE:00,-65,10,0,0,0,0,0,0,0,0,0,-96,0,5,0,245107,0,411,0,0,0.637272,128,[-101 -79 25 0 21 -29 19 -28 20 -26 19 -25 18 -24 17 -22 17 -21 16 -20 16 -19 16 -18 15 -16 14 -15 13 -13 13 -13 13 -11 12 -10 12 -9 12 -9 11 -8 10 -7 10 -6 9 -6 8 -4 9 -4 8 -4 0 0 0 0 0 0 0 0 0 0 0 0 0 0 0 0 0 0 0 0 0 0 11 -13 12 -12 13 -12 13 -12 13 -12 14 -13 14 -13 14 -13 14 -14 15 -14 14 -14 16 -15 17 -16 17 -16 17 -17 18 -17 19 -18 19 -19 19 -20 20 -21 19 -22 20 -23 21 -25 21 -25 22 -27 23 -30 ]
CSI_DATA,STA,E4:D1:24:F0:BE:00,-65,10,0,0,0,0,0,0,0,0,0,-96,0,5,0,289423,0,399,0,0,0.681221,128,[-113 -15 24 0 -35 -6 -34 -4 -32 -5 -30 -6 -30 -5 -29 -5 -26 -6 -26 -5 -24 -6 -23 -7 -21 -7 -20 -6 -18 -7 -17 -7 -16 -7 -14 -7 -13 -7 -13 -7 -12 -7 -11 -7 -10 -7 -9 -7 -8 -7 -7 -7 -6 -7 0 0 0 0 0 0 0 0 0 0 0 0 0 0 0 0 0 0 0 0 0 0 -19 -9 -18 -10 -19 -11 -18 -11 -19 -11 -19 -11 -20 -11 -20 -11 -20 -11 -20 -12 -21 -11 -22 -12 -22 -12 -23 -12 -23 -12 -25 -12 -25 -11 -26 -11 -27 -11 -28 -11 -29 -9 -30 -8 -31 -8 -33 -9 -34 -9 -37 -8 ]
CSI_DATA,STA,E4:D1:24:F0:BE:00,-65,10,0,0,0,0,0,0,0,0,0,-96,0,5,0,2659335,0,411,0,0,3.05183,128,[-101 -79 25 0 15 28 14 28 14 26 13 26 12 25 11 24 10 23 10 22 8 21 7 21 6 20 4 19 3 18 3 17 2 16 0 16 0 14 -1 14 -1 13 -2 12 -2 12 -3 11 -3 10 -4 10 -4 7 0 0 0 0 0 0 0 0 0 0 0 0 0 0 0 0 0 0 0 0 0 0 4 20 3 20 3 20 2 20 2 20 2 20 3 21 3 21 2 21 2 22 2 22 2 22 3 22 3 23 3 23 4 24 5 24 5 24 6 25 8 24 9 25 10 26 11 26 12 28 13 29 16 29 ]
CSI_DATA,STA,E4:D1:24:F0:BE:00,-65,10,0,0,0,0,0,0,0,0,0,-96,0,5,0,2704903,0,34,0,0,3.09699,128,[34 32 2 0 -23 -26 -22 -25 -22 -23 -21 -23 -21 -23 -20 -22 -19 -21 -18 -21 -17 -20 -16 -20 -16 -20 -14 -19 -13 -18 -12 -18 -10 -17 -9 -18 -8 -17 -7 -17 -6 -16 -6 -15 -5 -16 -4 -15 -3 -14 -2 -13 0 -14 0 0 0 0 0 0 0 0 0 0 0 0 0 0 0 0 0 0 0 0 0 0 -9 -25 -7 -25 -7 -27 -6 -27 -5 -27 -6 -26 -6 -27 -6 -27 -6 -27 -6 -27 -6 -27 -6 -27 -7 -29 -6 -28 -8 -28 -9 -28 -9 -27 -10 -29 -11 -28 -12 -28 -13 -28 -15 -28 -16 -28 -17 -28 -19 -28 -20 -29 ]
CSI_DATA,STA,E4:D1:24:F0:BE:00,-65,10,0,0,0,0,0,0,0,0,0,-96,0,5,0,2747065,0,399,0,0,3.14091,128,[-113 -15 24 0 27 -6 25 -7 25 -7 23 -6 23 -6 22 -6 21 -5 20 -5 20 -5 19 -4 18 -3 17 -3 16 -2 16 -2 15 -1 15 -1 14 0 14 0 13 1 12 1 11 1 11 2 10 3 10 3 8 4 0 0 0 0 0 0 0 0 0 0 0 0 0 0 0 0 0 0 0 0 0 0 18 -2 18 -1 17 -1 18 0 18 0 19 0 19 1 20 1 20 0 20 1 20 0 20 0 21 1 22 0 22 1 22 0 23 0 24 -1 24 -1 24 -1 25 -2 25 -2 26 -3 26 -4 27 -5 28 -6 ]
CSI_DATA,STA,E4:D1:24:F0:BE:00,-64,10,0,0,0,0,0,0,0,0,0,-96,0,5,0,2793971,0,148,0,0,3.18577,128,[-108 64 9 0 -36 -9 -34 -9 -33 -9 -31 -9 -30 -7 -30 -8 -28 -8 -27 -8 -25 -8 -24 -8 -23 -8 -22 -8 -20 -9 -19 -7 -18 -8 -17 -8 -16 -8 -16 -8 -14 -8 -13 -8 -13 -8 -12 -8 -11 -8 -10 -9 -10 -8 0 0 0 0 0 0 0 0 0 0 0 0 0 0 0 0 0 0 0 0 0 0 -22 -9 -21 -10 -20 -11 -21 -11 -21 -11 -22 -11 -22 -12 -22 -12 -23 -12 -23 -12 -23 -12 -24 -13 -25 -13 -25 -14 -26 -14 -27 -14 -27 -13 -28 -14 -29 -14 -29 -14 -30 -13 -32 -13 -32 -12 -33 -12 -35 -12 -37 -12 ]
CSI_DATA,STA,E4:D1:24:F0:BE:00,-66,10,0,0,0,0,0,0,0,0,0,-96,0,5,0,2849467,0,399,0,0,3.24725,128,[-113 -15 24 0 -31 9 -29 8 -28 9 -27 8 -27 8 -27 7 -25 6 -25 6 -24 5 -24 4 -23 4 -23 3 -22 2 -21 2 -19 1 -19 0 -18 0 -18 -1 -17 -2 -16 -1 -15 -3 -15 -4 -14 -3 -13 -4 -14 -5 0 0 0 0 0 0 0 0 0 0 0 0 0 0 0 0 0 0 0 0 0 0 -27 -1 -26 -2 -26 -3 -26 -3 -26 -4 -27 -4 -26 -4 -26 -5 -26 -5 -26 -5 -26 -4 -27 -4 -27 -4 -27 -4 -27 -3 -27 -3 -27 -3 -29 -2 -28 -1 -28 0 -28 1 -29 2 -29 3 -30 3 -30 5 -32 7 ]
CSI_DATA,STA,E4:D1:24:F0:BE:00,-65,10,0,0,0,0,0,0,0,0,0,-96,0,5,0,2951869,0,399,0,0,3.34429,128,[-113 -15 24 0 -11 -32 -10 -31 -10 -30 -10 -29 -11 -28 -9 -29 -8 -27 -7 -26 -6 -25 -5 -25 -5 -24 -4 -23 -3 -22 -3 -21 -2 -20 -1 -20 0 -19 0 -19 1 -18 1 -17 2 -16 3 -15 3 -14 4 -14 5 -13 0 0 0 0 0 0 0 0 0 0 0 0 0 0 0 0 0 0 0 0 0 0 0 -20 1 -19 1 -20 2 -20 2 -20 2 -20 2 -21 2 -21 2 -21 2 -21 2 -21 2 -22 2 -23 1 -23 1 -23 1 -24 0 -24 0 -25 -2 -26 -2 -25 -4 -27 -4 -28 -6 -28 -7 -29 -8 -31 -10 -31 ]
CSI_DATA,STA,E4:D1:24:F0:BE:00,-64,10,0,0,0,0,0,0,0,0,0,-96,0,5,0,2978256,0,368,0,0,3.37841,128,[112 1 23 0 33 1 32 -1 31 0 30 0 29 0 29 1 27 1 27 1 26 1 25 2 23 3 22 4 21 4 20 4 19 5 18 5 18 5 17 6 16 6 14 6 14 7 13 7 12 7 11 8 11 9 0 0 0 0 0 0 0 0 0 0 0 0 0 0 0 0 0 0 0 0 0 0 19 7 19 7 18 9 18 9 18 9 18 9 19 10 19 9 19 9 19 9 19 9 20 9 20 10 21 10 21 10 21 10 22 9 23 8 24 7 24 8 26 7 27 5 27 5 28 4 30 3 32 3 ]
CSI_DATA,STA,E4:D1:24:F0:BE:00,-65,10,0,0,0,0,0,0,0,0,0,-96,0,5,0,3054271,0,399,0,0,3.44651,128,[-113 -15 24 0 -5 33 -5 31 -5 30 -5 29 -5 28 -6 27 -6 25 -6 25 -7 23 -7 22 -7 21 -8 19 -9 18 -9 16 -9 15 -9 14 -9 13 -9 12 -9 11 -9 10 -10 9 -9 8 -9 7 -9 7 -9 4 0 0 0 0 0 0 0 0 0 0 0 0 0 0 0 0 0 0 0 0 0 0 -12 21 -13 20 -14 19 -14 19 -14 19 -15 19 -15 19 -15 20 -15 20 -15 20 -15 19 -15 20 -15 21 -15 21 -14 21 -15 23 -14 23 -14 24 -12 24 -11 24 -10 27 -10 28 -9 28 -9 30 -8 31 -7 33 ]
CSI_DATA,STA,E4:D1:24:F0:BE:00,-65,10,0,0,0,0,0,0,0,0,0,-96,0,5,0,3088254,0,368,0,0,3.48224,128,[112 1 23 0 -19 27 -19 27 -19 26 -18 24 -17 22 -17 22 -17 20 -17 19 -17 18 -16 16 -17 15 -16 14 -15 12 -15 11 -14 10 -14 9 -14 8 -13 7 -13 6 -12 5 -12 4 -12 3 -11 3 -11 2 -10 0 0 0 0 0 0 0 0 0 0 0 0 0 0 0 0 0 0 0 0 0 0 0 -21 14 -21 12 -21 11 -22 11 -22 11 -23 11 -23 10 -24 10 -23 11 -23 11 -23 10 -23 11 -24 11 -24 11 -24 12 -23 13 -23 14 -23 15 -22 15 -22 17 -21 17 -22 20 -21 20 -21 23 -20 23 -22 26 ]
CSI_DATA,STA,E4:D1:24:F0:BE:00,-67,10,0,0,0,0,0,0,0,0,0,-96,0,5,0,3156673,0,399,0,0,3.54894,128,[-113 -15 24 0 -27 -12 -25 -12 -24 -12 -23 -13 -23 -12 -21 -12 -19 -13 -19 -13 -17 -13 -16 -14 -15 -14 -13 -15 -13 -15 -11 -14 -10 -14 -9 -14 -8 -14 -8 -14 -7 -14 -6 -13 -6 -13 -4 -14 -3 -12 -3 -12 -1 -13 0 0 0 0 0 0 0 0 0 0 0 0 0 0 0 0 0 0 0 0 0 0 -11 -18 -10 -18 -11 -19 -11 -18 -12 -18 -11 -18 -13 -18 -12 -18 -13 -18 -13 -18 -14 -17 -15 -18 -15 -18 -16 -19 -16 -17 -17 -17 -18 -17 -19 -18 -19 -16 -20 -16 -22 -15 -22 -14 -22 -14 -24 -14 -25 -13 -26 -13 ]
CSI_DATA,STA,E4:D1:24:F0:BE:00,-67,10,0,0,0,0,0,0,0,0,0,-96,0,5,0,3259074,0,399,0,0,3.65105,128,[-113 -15 24 0 10 -25 9 -24 9 -25 9 -24 9 -24 9 -24 9 -23 10 -22 10 -22 10 -21 9 -20 10 -19 9 -19 10 -17 10 -16 10 -16 11 -15 10 -14 11 -13 11 -12 10 -11 9 -11 9 -10 10 -9 11 -8 0 0 0 0 0 0 0 0 0 0 0 0 0 0 0 0 0 0 0 0 0 0 12 -12 13 -12 12 -12 13 -12 12 -12 12 -12 12 -12 13 -12 12 -13 12 -13 12 -13 13 -13 13 -14 14 -15 12 -15 13 -16 13 -16 14 -16 13 -17 13 -18 13 -18 13 -19 12 -19 11 -20 12 -22 12 -23 ]
CSI_DATA,STA,E4:D1:24:F0:BE:00,-66,10,0,0,0,0,0,0,0,0,0,-96,0,5,0,3361476,0,399,0,0,3.75345,128,[-113 -15 24 0 29 -5 28 -5 27 -5 26 -4 25 -4 25 -2 23 -3 23 -3 22 -2 21 -1 20 0 18 1 18 2 17 2 16 3 15 4 14 3 14 4 13 5 12 5 11 6 9 5 9 5 8 6 7 7 0 0 0 0 0 0 0 0 0 0 0 0 0 0 0 0 0 0 0 0 0 0 23 2 23 4 23 4 22 4 22 5 22 4 23 5 23 5 24 4 24 4 23 4 24 4 24 4 25 5 26 3 26 4 26 3 27 2 26 2 27 1 27 1 28 -1 28 -1 29 -2 30 -3 31 -4 ]
CSI_DATA,STA,E4:D1:24:F0:BE:00,-67,10,0,0,0,0,0,0,0,0,0,-96,0,5,0,3463878,0,399,0,0,3.85623,128,[-113 -15 24 0 23 -20 23 -20 24 -19 22 -19 22 -19 22 -18 21 -18 22 -18 22 -17 22 -16 21 -15 20 -15 20 -13 20 -13 19 -12 19 -11 19 -11 19 -10 19 -9 18 -8 17 -8 16 -6 17 -5 16 -5 17 -2 0 0 0 0 0 0 0 0 0 0 0 0 0 0 0 0 0 0 0 0 0 0 20 -8 19 -7 20 -7 19 -7 20 -8 20 -8 20 -8 20 -8 20 -9 21 -8 21 -9 21 -9 21 -10 22 -10 22 -11 23 -10 22 -10 23 -11 23 -13 23 -12 23 -14 23 -14 24 -16 24 -16 25 -16 27 -19 ]
CSI_DATA,STA,E4:D1:24:F0:BE:00,-67,10,0,0,0,0,0,0,0,0,0,-96,0,5,0,3566280,0,399,0,0,3.95826,128,[-113 -15 24 0 -28 -16 -26 -14 -24 -14 -24 -15 -23 -14 -23 -14 -21 -14 -20 -14 -20 -14 -19 -14 -19 -15 -17 -15 -16 -15 -14 -14 -14 -15 -13 -15 -12 -14 -11 -15 -10 -15 -9 -14 -8 -15 -8 -14 -7 -14 -6 -13 -4 -12 0 0 0 0 0 0 0 0 0 0 0 0 0 0 0 0 0 0 0 0 0 0 -18 -18 -17 -18 -16 -19 -16 -19 -16 -19 -17 -19 -16 -19 -16 -19 -16 -19 -16 -18 -16 -18 -17 -19 -18 -18 -18 -18 -19 -19 -19 -19 -19 -18 -20 -18 -21 -18 -21 -17 -22 -18 -23 -17 -24 -17 -25 -16 -26 -16 -28 -16 ]
CSI_DATA,STA,E4:D1:24:F0:BE:00,-67,10,0,0,0,0,0,0,0,0,0,-96,0,5,0,3668682,0,399,0,0,4.06066,128,[-113 -15 24 0 -18 26 -16 25 -16 24 -15 23 -15 23 -15 22 -14 20 -15 19 -16 19 -15 17 -15 17 -15 16 -13 14 -14 13 -14 11 -14 10 -14 11 -14 8 -13 8 -14 8 -13 6 -12 5 -12 5 -11 4 -12 4 0 0 0 0 0 0 0 0 0 0 0 0 0 0 0 0 0 0 0 0 0 0 -20 13 -20 11 -20 11 -19 10 -20 10 -19 11 -19 11 -20 11 -19 11 -20 12 -20 13 -19 12 -20 13 -21 14 -20 14 -20 14 -21 15 -20 16 -19 16 -19 17 -19 18 -19 20 -19 22 -19 22 -18 24 -19 25 ]
CSI_DATA,STA,E4:D1:24:F0:BE:00,-64,10,0,0,0,0,0,0,0,0,0,-97,0,5,0,3771085,0,399,0,0,4.16307,128,[-113 -15 24 0 12 25 12 23 11 23 10 23 10 22 9 21 9 20 8 20 7 19 6 18 6 18 5 17 3 17 3 16 2 16 1 15 1 15 0 14 0 13 -1 12 -1 12 -2 11 -2 10 -3 9 -5 9 0 0 0 0 0 0 0 0 0 0 0 0 0 0 0 0 0 0 0 0 0 0 2 19 1 19 0 18 0 19 0 18 0 19 0 19 1 19 1 19 1 19 1 19 1 20 1 20 2 21 2 21 3 21 4 22 4 22 4 22 6 23 7 23 8 24 9 24 9 25 11 26 11 27 ]
CSI_DATA,STA,E4:D1:24:F0:BE:00,-62,10,0,0,0,0,0,0,0,0,0,-97,0,5,0,3873487,0,399,0,0,4.26568,128,[-113 -15 24 0 -37 0 -35 0 -33 0 -33 0 -31 0 -31 0 -29 -1 -29 -1 -28 -2 -27 -2 -25 -3 -24 -3 -23 -4 -22 -4 -21 -5 -20 -5 -18 -6 -18 -6 -16 -7 -16 -7 -15 -7 -14 -8 -12 -8 -11 -8 -11 -9 0 0 0 0 0 0 0 0 0 0 0 0 0 0 0 0 0 0 0 0 0 0 -20 -5 -20 -6 -20 -7 -19 -7 -19 -8 -19 -7 -20 -7 -20 -7 -20 -7 -21 -7 -21 -7 -22 -7 -22 -7 -22 -8 -23 -8 -24 -8 -25 -7 -26 -7 -26 -6 -27 -6 -29 -5 -30 -4 -31 -4 -32 -2 -35 -2 -36 -1 ]
CSI_DATA,STA,E4:D1:24:F0:BE:00,-64,10,0,0,0,0,0,0,0,0,0,-97,0,5,0,3975888,0,399,0,0,4.36815,128,[-113 -15 24 0 -20 -27 -20 -26 -19 -24 -18 -25 -19 -24 -18 -24 -17 -23 -16 -23 -15 -22 -15 -22 -13 -22 -12 -21 -12 -21 -10 -20 -9 -19 -8 -19 -7 -19 -6 -19 -5 -18 -5 -17 -4 -16 -3 -16 -2 -15 -1 -15 -1 -15 0 0 0 0 0 0 0 0 0 0 0 0 0 0 0 0 0 0 0 0 0 0 -5 -21 -5 -21 -3 -21 -3 -21 -3 -20 -3 -21 -4 -21 -4 -21 -4 -21 -4 -21 -5 -20 -5 -21 -5 -23 -6 -22 -6 -22 -7 -23 -7 -24 -8 -24 -9 -24 -10 -24 -12 -24 -12 -25 -13 -25 -16 -26 -16 -27 -19 -28 ]
CSI_DATA,STA,E4:D1:24:F0:BE:00,-63,10,0,0,0,0,0,0,0,0,0,-97,0,5,0,4078290,0,399,0,0,4.47028,128,[-113 -15 24 0 23 25 22 24 22 23 20 23 19 22 18 22 17 22 17 21 16 21 14 20 12 19 12 19 10 18 9 18 8 16 7 17 6 16 6 15 5 15 3 14 3 13 2 13 1 12 1 12 0 10 0 0 0 0 0 0 0 0 0 0 0 0 0 0 0 0 0 0 0 0 0 0 7 17 7 17 6 17 6 17 6 18 6 18 7 19 7 19 8 19 7 19 7 18 8 20 8 20 9 21 9 20 11 22 11 22 12 22 12 21 14 23 15 23 16 24 17 25 18 25 20 26 22 26 ]
CSI_DATA,STA,E4:D1:24:F0:BE:00,-63,10,0,0,0,0,0,0,0,0,0,-97,0,5,0,4117876,0,37,0,0,4.50999,128,[37 80 2 0 -2 -36 -2 -34 -1 -34 -1 -32 -1 -32 -1 -30 -1 -30 0 -28 1 -27 2 -26 2 -25 3 -24 3 -23 4 -22 4 -19 5 -19 6 -17 6 -17 6 -16 7 -14 7 -14 7 -12 7 -12 8 -10 8 -10 0 0 0 0 0 0 0 0 0 0 0 0 0 0 0 0 0 0 0 0 0 0 5 -24 5 -23 6 -23 6 -23 7 -23 7 -22 7 -23 7 -23 8 -23 7 -23 8 -23 7 -24 7 -25 8 -25 7 -25 7 -26 7 -26 7 -27 6 -28 5 -29 4 -30 4 -30 3 -32 2 -33 2 -34 1 -36 ]
CSI_DATA,STA,E4:D1:24:F0:BE:00,-64,10,0,0,0,0,0,0,0,0,0,-97,0,5,0,4156827,0,66,0,0,4.55191,128,[66 32 4 0 -31 -1 -29 -1 -28 0 -28 -1 -27 -1 -26 -1 -25 -2 -24 -2 -23 -3 -22 -3 -21 -4 -20 -4 -19 -5 -18 -5 -17 -6 -15 -6 -14 -6 -14 -6 -13 -6 -12 -6 -11 -6 -10 -7 -9 -7 -9 -7 -7 -7 0 0 0 0 0 0 0 0 0 0 0 0 0 0 0 0 0 0 0 0 0 0 -21 -8 -20 -10 -19 -10 -19 -10 -18 -10 -19 -10 -19 -10 -20 -10 -19 -10 -20 -10 -19 -10 -20 -10 -21 -11 -21 -11 -22 -10 -22 -9 -22 -10 -23 -9 -23 -9 -24 -7 -25 -7 -26 -7 -27 -6 -27 -6 -29 -4 -30 -4 ]
CSI_DATA,STA,E4:D1:24:F0:BE:00,-65,10,0,0,0,0,0,0,0,0,0,-97,0,5,0,4180692,0,399,0,0,4.59675,128,[-113 -15 24 0 -23 19 -21 18 -21 17 -21 17 -20 17 -20 15 -19 14 -20 13 -19 12 -19 11 -18 10 -18 9 -18 8 -17 6 -16 5 -15 4 -16 4 -15 3 -15 2 -13 1 -12 0 -12 -1 -11 -1 -10 -2 -9 -3 0 0 0 0 0 0 0 0 0 0 0 0 0 0 0 0 0 0 0 0 0 0 -23 6 -23 4 -22 4 -22 4 -22 3 -22 3 -22 4 -22 4 -21 4 -21 4 -21 5 -21 5 -22 5 -22 6 -22 5 -22 6 -22 7 -22 7 -21 9 -22 10 -22 10 -22 11 -22 14 -22 15 -22 16 -23 18 ]
CSI_DATA,STA,E4:D1:24:F0:BE:00,-63,10,0,0,0,0,0,0,0,0,0,-97,0,5,0,4252031,0,37,0,0,4.6441,128,[37 80 2 0 -3 -35 -2 -36 -1 -32 -1 -32 -1 -31 0 -30 1 -29 2 -28 2 -26 2 -26 2 -24 4 -22 5 -21 6 -19 5 -17 6 -16 7 -16 7 -15 9 -13 7 -11 8 -12 7 -10 8 -9 7 -9 2 -7 0 0 0 0 0 0 0 0 0 0 0 0 0 0 0 0 0 0 0 0 0 0 1 -23 2 -23 3 -22 4 -23 4 -23 5 -23 5 -22 5 -23 5 -23 4 -24 3 -24 4 -25 5 -27 4 -26 5 -27 4 -27 4 -29 5 -28 3 -30 3 -30 2 -32 2 -32 0 -32 -2 -34 -1 -35 -2 -38 ]
CSI_DATA,STA,E4:D1:24:F0:BE:00,-64,10,0,0,0,0,0,0,0,0,0,-97,0,5,0,4283094,0,399,0,0,4.67949,128,[-113 -15 24 0 24 -23 23 -22 23 -22 21 -20 21 -18 21 -19 20 -17 20 -17 20 -15 19 -14 18 -13 17 -11 16 -10 17 -9 16 -8 15 -8 15 -6 15 -4 15 -4 14 -4 13 -2 12 -2 12 -1 11 0 11 0 0 0 0 0 0 0 0 0 0 0 0 0 0 0 0 0 0 0 0 0 0 0 21 -8 20 -7 21 -7 21 -6 22 -6 21 -6 22 -6 22 -7 21 -7 22 -7 22 -7 23 -7 23 -8 23 -8 23 -8 23 -10 22 -10 24 -11 23 -11 23 -12 23 -14 24 -16 24 -17 24 -19 25 -20 26 -21 ]
CSI_DATA,STA,E4:D1:24:F0:BE:00,-64,10,0,0,0,0,0,0,0,0,0,-97,0,5,0,4385496,0,399,0,0,4.7778,128,[-113 -15 24 0 -8 28 -7 25 -8 25 -7 23 -7 22 -7 22 -8 20 -8 19 -8 19 -8 18 -8 17 -8 15 -9 14 -8 14 -8 12 -9 11 -9 10 -9 9 -9 9 -9 7 -8 7 -8 6 -8 5 -8 5 -7 3 0 0 0 0 0 0 0 0 0 0 0 0 0 0 0 0 0 0 0 0 0 0 -10 17 -11 16 -11 16 -11 15 -12 15 -12 15 -12 15 -12 16 -12 16 -13 17 -12 16 -12 17 -12 17 -13 18 -12 18 -13 19 -12 19 -12 20 -11 19 -11 21 -11 22 -10 24 -10 25 -9 25 -9 26 -9 27 ]
CSI_DATA,STA,E4:D1:24:F0:BE:00,-63,10,0,0,0,0,0,0,0,0,0,-97,0,5,0,4487898,0,399,0,0,4.88038,128,[-113 -15 24 0 4 -33 2 -31 3 -29 3 -29 2 -27 3 -26 2 -25 3 -24 4 -23 4 -21 4 -21 4 -20 4 -19 5 -17 5 -16 6 -15 5 -14 5 -14 6 -14 6 -12 5 -12 6 -11 7 -10 7 -11 13 -7 0 0 0 0 0 0 0 0 0 0 0 0 0 0 0 0 0 0 0 0 0 0 11 -18 12 -17 12 -18 13 -18 13 -18 12 -16 12 -17 13 -18 12 -18 13 -18 12 -18 12 -19 13 -19 13 -20 11 -22 11 -22 10 -22 11 -23 10 -25 9 -25 8 -27 8 -28 7 -27 7 -29 7 -30 6 -32 ]
CSI_DATA,STA,E4:D1:24:F0:BE:00,-63,10,0,0,0,0,0,0,0,0,0,-97,0,5,0,4590615,0,399,0,0,4.98297,128,[-113 -15 24 0 33 8 31 8 31 8 29 8 28 8 27 8 25 8 24 8 23 8 22 7 20 8 19 8 18 8 17 8 15 8 15 9 13 8 12 9 12 9 10 8 10 9 9 9 8 8 7 8 6 9 0 0 0 0 0 0 0 0 0 0 0 0 0 0 0 0 0 0 0 0 0 0 18 10 17 11 17 11 16 12 17 12 17 12 17 13 17 12 17 12 17 12 17 12 18 12 19 12 19 12 20 12 22 13 22 12 23 12 23 11 25 12 25 11 27 11 29 10 30 10 32 10 33 9 ]
CSI_DATA,STA,E4:D1:24:F0:BE:00,-63,10,0,0,0,0,0,0,0,0,0,-97,0,5,0,4692701,0,399,0,0,5.08506,128,[-113 -15 24 0 -22 -29 -20 -29 -20 -27 -18 -26 -18 -26 -17 -26 -15 -25 -14 -24 -13 -24 -12 -23 -11 -22 -9 -22 -9 -21 -7 -20 -6 -18 -5 -19 -3 -18 -3 -17 -1 -16 -1 -15 0 -15 0 -14 1 -13 2 -12 2 -11 0 0 0 0 0 0 0 0 0 0 0 0 0 0 0 0 0 0 0 0 0 0 -6 -24 -4 -23 -4 -24 -4 -23 -4 -24 -4 -23 -4 -24 -4 -23 -5 -24 -5 -24 -4 -24 -5 -24 -6 -25 -7 -25 -7 -25 -8 -26 -9 -25 -10 -26 -11 -27 -12 -27 -14 -28 -15 -28 -17 -28 -18 -29 -19 -31 -20 -31 ]
CSI_DATA,STA,E4:D1:24:F0:BE:00,-64,10,0,0,0,0,0,0,0,0,0,-97,0,5,0,4795103,0,399,0,0,5.18755,128,[-113 -15 24 0 12 -29 11 -29 10 -27 10 -26 9 -25 10 -24 10 -23 9 -21 10 -21 10 -20 9 -19 10 -17 9 -16 10 -15 9 -14 9 -13 10 -13 10 -12 10 -11 10 -11 9 -9 9 -8 9 -7 9 -6 8 -6 0 0 0 0 0 0 0 0 0 0 0 0 0 0 0 0 0 0 0 0 0 0 13 -15 13 -14 14 -14 14 -14 15 -14 15 -14 15 -14 15 -14 16 -14 15 -14 15 -15 15 -15 15 -15 16 -16 15 -16 15 -18 15 -18 15 -19 14 -20 14 -21 13 -22 14 -23 13 -24 13 -26 12 -27 13 -28 ]
CSI_DATA,STA,E4:D1:24:F0:BE:00,-62,10,0,0,0,0,0,0,0,0,0,-97,0,5,0,4897505,0,399,0,0,5.28984,128,[-113 -15 24 0 32 -17 30 -16 30 -15 28 -14 26 -14 26 -13 25 -12 24 -11 23 -11 22 -9 21 -8 20 -7 19 -6 19 -5 18 -4 17 -3 16 -3 16 -2 15 -1 14 0 13 0 12 1 12 2 11 2 9 3 0 0 0 0 0 0 0 0 0 0 0 0 0 0 0 0 0 0 0 0 0 0 21 -6 21 -5 21 -4 20 -4 21 -4 21 -3 21 -4 22 -4 22 -4 23 -5 22 -5 23 -4 24 -5 24 -6 24 -6 25 -8 25 -8 27 -9 26 -10 28 -10 28 -12 29 -13 30 -14 31 -15 32 -15 34 -17 ]
CSI_DATA,STA,E4:D1:24:F0:BE:00,-63,10,0,0,0,0,0,0,0,0,0,-97,0,5,0,4999907,0,399,0,0,5.39222,128,[-113 -15 24 0 -33 -12 -32 -12 -32 -11 -31 -12 -30 -11 -29 -12 -27 -12 -27 -11 -26 -12 -25 -12 -24 -13 -23 -13 -21 -13 -20 -13 -19 -13 -18 -14 -17 -13 -16 -14 -14 -14 -13 -13 -12 -14 -11 -14 -10 -13 -8 -13 -8 -14 0 0 0 0 0 0 0 0 0 0 0 0 0 0 0 0 0 0 0 0 0 0 -16 -17 -14 -17 -14 -17 -14 -17 -14 -18 -15 -18 -15 -18 -15 -18 -15 -17 -15 -18 -16 -17 -16 -18 -17 -18 -17 -17 -18 -18 -19 -17 -19 -17 -21 -17 -21 -17 -22 -16 -24 -15 -25 -15 -27 -15 -28 -14 -30 -15 -32 -14 ]
CSI_DATA,STA,E4:D1:24:F0:BE:00,-63,10,0,0,0,0,0,0,0,0,0,-97,0,5,0,5102309,0,399,0,0,5.49447,128,[-113 -15 24 0 -38 6 -37 6 -35 5 -34 5 -32 5 -31 4 -29 2 -29 3 -28 2 -26 1 -25 0 -24 -1 -23 -1 -21 -2 -20 -2 -19 -3 -18 -3 -17 -4 -16 -5 -15 -4 -14 -5 -13 -5 -11 -6 -11 -6 -9 -7 0 0 0 0 0 0 0 0 0 0 0 0 0 0 0 0 0 0 0 0 0 0 -21 -6 -21 -7 -21 -7 -21 -7 -21 -7 -23 -7 -22 -8 -23 -7 -23 -6 -24 -7 -23 -6 -25 -7 -25 -6 -26 -5 -27 -5 -28 -5 -29 -3 -29 -4 -30 -3 -31 -1 -32 1 -33 1 -35 2 -35 2 -38 4 -39 4 ]
CSI_DATA,STA,E4:D1:24:F0:BE:00,-64,10,0,0,0,0,0,0,0,0,0,-97,0,5,0,5204711,0,399,0,0,5.59697,128,[-113 -15 24 0 -34 -7 -34 -7 -32 -8 -32 -8 -30 -7 -30 -8 -29 -8 -27 -8 -26 -9 -25 -10 -23 -10 -22 -10 -20 -10 -19 -10 -18 -11 -17 -12 -15 -12 -15 -12 -13 -13 -12 -12 -11 -13 -10 -13 -9 -12 -7 -12 -5 -13 0 0 0 0 0 0 0 0 0 0 0 0 0 0 0 0 0 0 0 0 0 0 -12 -15 -12 -16 -12 -16 -12 -15 -11 -15 -11 -16 -12 -15 -13 -15 -13 -15 -13 -15 -14 -14 -15 -14 -16 -14 -16 -14 -18 -14 -19 -14 -20 -13 -21 -13 -22 -11 -24 -11 -25 -11 -27 -9 -28 -9 -29 -10 -32 -9 -34 -9 ]
CSI_DATA,STA,E4:D1:24:F0:BE:00,-62,10,0,0,0,0,0,0,0,0,0,-97,0,5,0,5307112,0,399,0,0,5.69934,128,[-113 -15 24 0 -13 31 -12 30 -12 27 -12 27 -11 25 -11 25 -10 23 -11 22 -11 20 -11 19 -10 17 -11 16 -10 15 -10 14 -10 12 -10 11 -10 11 -11 9 -10 9 -10 8 -10 7 -9 6 -9 5 -9 4 -9 3 0 0 0 0 0 0 0 0 0 0 0 0 0 0 0 0 0 0 0 0 0 0 -11 15 -11 14 -12 14 -12 14 -12 14 -13 15 -12 15 -13 16 -13 16 -13 16 -14 16 -14 17 -14 18 -14 18 -15 19 -15 20 -15 21 -15 21 -14 22 -14 24 -14 25 -14 26 -13 28 -14 29 -14 30 -14 32 ]
CSI_DATA,STA,E4:D1:24:F0:BE:00,-63,10,0,0,0,0,0,0,0,0,0,-97,0,5,0,5409514,0,399,0,0,5.80186,128,[-113 -15 24 0 7 30 7 29 6 29 6 27 5 27 4 26 4 25 3 24 2 24 2 23 1 21 1 21 -1 19 -1 19 -1 17 -2 17 -3 16 -3 16 -4 15 -5 14 -5 13 -5 12 -6 11 -7 10 -6 9 0 0 0 0 0 0 0 0 0 0 0 0 0 0 0 0 0 0 0 0 0 0 -2 18 -3 17 -3 18 -4 17 -4 18 -4 18 -4 18 -4 18 -4 18 -4 18 -4 18 -3 19 -3 20 -2 21 -2 21 -2 21 -1 22 -1 23 0 24 1 25 2 25 3 26 4 28 4 28 5 30 6 32 ]
CSI_DATA,STA,E4:D1:24:F0:BE:00,-62,10,0,0,0,0,0,0,0,0,0,-97,0,5,0,5511916,0,399,0,0,5.90426,128,[-113 -15 24 0 -38 1 -37 2 -35 2 -34 1 -32 1 -31 0 -29 0 -28 -1 -26 -1 -25 -2 -24 -2 -22 -3 -20 -3 -19 -4 -18 -4 -17 -4 -16 -4 -16 -4 -14 -5 -13 -5 -13 -6 -11 -6 -11 -6 -10 -6 -8 -7 0 0 0 0 0 0 0 0 0 0 0 0 0 0 0 0 0 0 0 0 0 0 -19 -6 -19 -6 -19 -7 -19 -8 -19 -8 -20 -8 -20 -8 -21 -8 -21 -8 -21 -7 -21 -7 -22 -8 -23 -7 -24 -7 -24 -8 -26 -7 -26 -6 -28 -5 -28 -5 -29 -4 -30 -3 -32 -2 -34 -1 -35 -1 -36 0 -39 0 ]
CSI_DATA,STA,E4:D1:24:F0:BE:00,-63,10,0,0,0,0,0,0,0,0,0,-97,0,5,0,5614318,0,399,0,0,6.00663,128,[-113 -15 24 0 -29 -23 -28 -22 -26 -21 -25 -21 -23 -20 -22 -20 -21 -19 -20 -19 -19 -18 -17 -18 -15 -18 -13 -17 -12 -16 -11 -16 -10 -14 -9 -15 -8 -14 -8 -13 -6 -13 -6 -12 -6 -13 -4 -12 -3 -11 -2 -11 -1 -9 0 0 0 0 0 0 0 0 0 0 0 0 0 0 0 0 0 0 0 0 0 0 -15 -19 -14 -20 -13 -21 -13 -21 -13 -21 -12 -21 -13 -21 -13 -21 -14 -21 -13 -22 -13 -21 -13 -21 -14 -22 -14 -23 -16 -22 -17 -23 -16 -22 -18 -23 -18 -23 -21 -23 -22 -22 -24 -24 -25 -23 -26 -24 -27 -24 -29 -25 ]
CSI_DATA,STA,E4:D1:24:F0:BE:00,-64,10,0,0,0,0,0,0,0,0,0,-97,0,5,0,5716720,0,399,0,0,6.10903,128,[-113 -15 24 0 -19 25 -18 24 -17 23 -17 22 -16 22 -16 22 -16 19 -16 19 -16 18 -16 17 -16 16 -16 15 -16 13 -15 12 -15 11 -15 11 -15 10 -15 10 -14 8 -15 8 -13 5 -13 5 -13 5 -13 3 -14 2 0 0 0 0 0 0 0 0 0 0 0 0 0 0 0 0 0 0 0 0 0 0 -20 11 -20 10 -20 9 -20 9 -20 9 -20 10 -21 10 -20 9 -20 9 -21 10 -21 10 -21 10 -21 11 -21 11 -21 12 -21 13 -21 13 -22 14 -21 15 -21 16 -20 17 -20 18 -20 19 -20 20 -21 21 -22 23 ]
CSI_DATA,STA,E4:D1:24:F0:BE:00,-63,10,0,0,0,0,0,0,0,0,0,-97,0,5,0,5819122,0,399,0,0,6.21151,128,[-113 -15 24 0 -29 23 -28 23 -27 21 -26 20 -25 18 -24 17 -23 15 -23 14 -22 13 -21 11 -21 10 -20 8 -19 7 -18 6 -16 5 -16 4 -15 3 -15 2 -15 2 -13 1 -12 -1 -11 -1 -10 -2 -9 -2 -9 -3 0 0 0 0 0 0 0 0 0 0 0 0 0 0 0 0 0 0 0 0 0 0 -22 7 -22 5 -22 4 -23 5 -23 5 -24 5 -24 6 -23 6 -24 6 -23 6 -24 6 -25 7 -25 8 -25 8 -26 9 -26 10 -26 11 -27 11 -27 13 -26 14 -27 15 -28 17 -27 18 -28 20 -28 21 -30 23 ]
CSI_DATA,STA,E4:D1:24:F0:BE:00,-62,10,0,0,0,0,0,0,0,0,0,-97,0,5,0,5921523,0,399,0,0,6.31384,128,[-113 -15 24 0 25 22 24 21 23 19 22 19 21 18 20 17 19 17 18 16 17 15 16 15 15 15 14 15 13 14 12 14 11 13 10 14 9 14 8 13 7 12 6 12 6 12 4 12 3 12 2 12 0 11 0 0 0 0 0 0 0 0 0 0 0 0 0 0 0 0 0 0 0 0 0 0 14 15 13 16 13 17 12 17 12 18 12 18 12 18 12 19 12 19 12 19 12 19 12 20 13 20 13 21 13 21 14 21 15 21 15 21 17 21 18 22 18 22 20 23 20 22 22 22 24 23 25 23 ]
CSI_DATA,STA,E4:D1:24:F0:BE:00,-62,10,0,0,0,0,0,0,0,0,0,-97,0,5,0,6023925,0,399,0,0,6.41608,128,[-113 -15 24 0 20 -29 19 -27 19 -26 17 -25 18 -24 17 -23 16 -22 16 -21 16 -20 15 -19 15 -17 14 -16 14 -15 14 -14 13 -12 13 -12 14 -10 13 -10 13 -9 13 -8 12 -7 12 -6 11 -5 12 -4 11 -4 0 0 0 0 0 0 0 0 0 0 0 0 0 0 0 0 0 0 0 0 0 0 14 -13 14 -12 14 -12 14 -12 15 -12 14 -12 15 -13 15 -13 15 -13 15 -14 16 -14 16 -14 17 -15 18 -15 17 -16 19 -17 18 -18 20 -19 18 -19 19 -20 19 -22 20 -23 20 -24 20 -25 21 -26 21 -28 ]
CSI_DATA,STA,E4:D1:24:F0:BE:00,-62,10,0,0,0,0,0,0,0,0,0,-97,0,5,0,6126327,0,399,0,0,6.51863,128,[-113 -15 24 0 34 -10 32 -11 31 -10 30 -10 29 -10 29 -9 27 -8 26 -8 26 -8 25 -7 24 -5 22 -5 21 -4 21 -3 20 -3 20 -2 19 -1 19 -1 17 0 17 0 16 1 15 2 14 3 14 4 12 3 0 0 0 0 0 0 0 0 0 0 0 0 0 0 0 0 0 0 0 0 0 0 19 0 19 1 19 2 19 2 20 2 20 3 20 3 20 2 21 2 20 3 21 3 22 2 22 2 22 1 23 2 24 1 24 0 25 0 26 -1 26 -2 27 -3 28 -4 30 -5 31 -6 32 -7 34 -9 ]
CSI_DATA,STA,E4:D1:24:F0:BE:00,-61,10,0,0,0,0,0,0,0,0,0,-97,0,5,0,6228729,0,399,0,0,6.62103,128,[-113 -15 24 0 -35 11 -35 11 -32 10 -32 10 -30 9 -29 9 -27 8 -27 8 -25 7 -24 6 -23 5 -23 5 -22 4 -20 3 -19 2 -18 2 -17 1 -17 0 -16 0 -16 -1 -14 -1 -14 -2 -12 -1 -12 -2 -11 -4 0 0 0 0 0 0 0 0 0 0 0 0 0 0 0 0 0 0 0 0 0 0 -22 3 -23 1 -22 1 -23 0 -22 -1 -23 -1 -23 -1 -23 0 -23 -1 -24 -1 -24 -1 -24 0 -25 -1 -26 0 -27 -1 -27 0 -28 1 -28 1 -29 3 -30 2 -31 4 -32 5 -32 6 -34 8 -34 8 -36 10 ]
CSI_DATA,STA,E4:D1:24:F0:BE:00,-61,10,0,0,0,0,0,0,0,0,0,-97,0,5,0,6331131,0,399,0,0,6.72347,128,[-113 -15 24 0 -11 -33 -11 -33 -11 -30 -11 -30 -10 -29 -9 -29 -9 -27 -8 -26 -7 -26 -7 -25 -6 -24 -5 -23 -5 -22 -4 -21 -4 -20 -3 -20 -2 -19 -2 -19 -1 -19 0 -17 0 -17 1 -17 1 -16 2 -15 4 -15 0 0 0 0 0 0 0 0 0 0 0 0 0 0 0 0 0 0 0 0 0 0 -5 -19 -4 -19 -3 -19 -3 -19 -2 -19 -3 -20 -3 -20 -3 -20 -2 -20 -2 -21 -2 -21 -2 -21 -2 -23 -3 -23 -3 -23 -3 -24 -3 -25 -3 -25 -4 -27 -5 -27 -6 -27 -6 -30 -7 -29 -8 -31 -9 -32 -11 -34 ]
CSI_DATA,STA,E4:D1:24:F0:BE:00,-61,10,0,0,0,0,0,0,0,0,0,-97,0,5,0,6433533,0,399,0,0,6.82587,128,[-113 -15 24 0 24 -26 23 -24 22 -24 21 -22 20 -22 20 -22 19 -20 19 -18 18 -18 17 -17 16 -15 16 -14 16 -12 15 -12 14 -10 15 -10 15 -9 14 -8 14 -7 13 -6 13 -5 12 -4 12 -3 11 -2 11 0 0 0 0 0 0 0 0 0 0 0 0 0 0 0 0 0 0 0 0 0 0 0 16 -13 16 -11 17 -11 17 -11 18 -11 18 -11 19 -11 19 -11 19 -11 19 -11 20 -11 20 -12 20 -12 22 -12 21 -13 22 -14 21 -14 23 -15 23 -15 23 -17 23 -18 24 -19 25 -20 25 -22 25 -24 26 -24 ]
CSI_DATA,STA,E4:D1:24:F0:BE:00,-64,10,0,0,0,0,0,0,0,0,0,-97,0,5,0,6535935,0,399,0,0,6.92825,128,[-113 -15 24 0 19 23 20 22 19 21 19 21 19 21 18 21 17 20 17 19 15 20 15 20 14 19 13 18 12 19 11 18 9 17 9 17 8 17 8 16 7 16 5 15 4 15 4 14 3 14 2 13 2 14 0 0 0 0 0 0 0 0 0 0 0 0 0 0 0 0 0 0 0 0 0 0 10 18 10 18 8 19 8 18 9 20 8 19 8 20 8 20 9 20 8 19 8 19 8 20 8 20 8 21 9 22 8 21 10 22 10 21 11 23 11 22 12 22 13 23 14 22 15 24 17 24 18 24 ]
CSI_DATA,STA,E4:D1:24:F0:BE:00,-64,10,0,0,0,0,0,0,0,0,0,-97,0,5,0,6638336,0,399,0,0,7.0307,128,[-113 -15 24 0 21 16 21 15 20 14 19 13 18 13 17 13 16 13 14 12 13 12 12 11 11 11 10 11 8 11 8 11 6 10 6 10 5 10 4 10 3 9 2 9 1 9 0 9 0 8 -1 8 -2 8 0 0 0 0 0 0 0 0 0 0 0 0 0 0 0 0 0 0 0 0 0 0 14 17 13 17 13 17 12 18 12 18 12 17 12 19 12 18 12 18 12 19 12 18 13 19 13 20 13 20 13 20 14 19 15 19 15 19 16 19 16 20 17 19 18 19 19 18 20 18 21 17 22 18 ]
CSI_DATA,STA,E4:D1:24:F0:BE:00,-63,10,0,0,0,0,0,0,0,0,0,-97,0,5,0,6740738,0,399,0,0,7.13299,128,[-113 -15 24 0 17 -29 15 -27 16 -26 15 -26 14 -25 15 -24 14 -23 14 -23 15 -22 13 -21 14 -20 13 -18 13 -18 14 -16 13 -14 14 -14 13 -13 13 -12 13 -11 13 -9 13 -9 13 -8 12 -7 13 -6 12 -4 0 0 0 0 0 0 0 0 0 0 0 0 0 0 0 0 0 0 0 0 0 0 17 -16 17 -15 17 -14 17 -14 18 -14 18 -13 18 -13 19 -13 19 -13 19 -13 18 -12 19 -13 19 -14 20 -15 19 -15 20 -15 18 -15 20 -16 19 -17 19 -18 18 -19 19 -20 18 -21 18 -23 19 -25 19 -27 ]
CSI_DATA,STA,E4:D1:24:F0:BE:00,-65,10,0,0,0,0,0,0,0,0,0,-97,0,5,0,6843140,0,399,0,0,7.23553,128,[-113 -15 24 0 -29 2 -28 2 -28 2 -26 1 -27 2 -26 0 -25 0 -25 0 -24 0 -24 -1 -23 -2 -22 -3 -22 -3 -21 -3 -19 -3 -19 -4 -19 -5 -18 -6 -17 -7 -16 -7 -15 -7 -15 -8 -14 -8 -13 -9 -12 -9 0 0 0 0 0 0 0 0 0 0 0 0 0 0 0 0 0 0 0 0 0 0 -25 -7 -24 -8 -23 -9 -23 -10 -23 -10 -23 -9 -23 -10 -23 -10 -23 -10 -23 -10 -22 -9 -23 -10 -22 -10 -23 -9 -23 -9 -24 -9 -24 -8 -25 -8 -24 -7 -25 -6 -25 -5 -25 -5 -26 -4 -27 -4 -28 -2 -30 -1 ]
CSI_DATA,STA,E4:D1:24:F0:BE:00,-63,10,0,0,0,0,0,0,0,0,0,-97,0,5,0,6945542,0,399,0,0,7.33789,128,[-113 -15 24 0 35 -9 32 -8 32 -8 31 -7 29 -7 29 -6 28 -6 27 -6 27 -5 25 -4 24 -3 23 -2 21 -2 22 -2 19 -1 20 0 18 0 18 0 17 1 16 2 15 2 14 3 13 4 13 4 11 5 0 0 0 0 0 0 0 0 0 0 0 0 0 0 0 0 0 0 0 0 0 0 20 1 19 2 20 2 19 3 20 4 19 4 19 4 20 3 20 3 20 4 20 3 21 4 21 4 21 3 22 3 23 2 23 1 24 1 24 0 26 -1 27 -2 28 -3 29 -3 30 -4 33 -5 34 -7 ]
CSI_DATA,STA,E4:D1:24:F0:BE:00,-63,10,0,0,0,0,0,0,0,0,0,-97,0,5,0,7047944,0,399,0,0,7.44026,128,[-113 -15 24 0 -29 -16 -28 -16 -27 -16 -25 -15 -24 -15 -22 -14 -21 -14 -21 -14 -19 -13 -17 -13 -16 -13 -15 -13 -14 -13 -12 -12 -11 -11 -10 -12 -9 -12 -8 -11 -7 -11 -6 -11 -5 -11 -4 -10 -3 -10 -2 -9 -2 -9 0 0 0 0 0 0 0 0 0 0 0 0 0 0 0 0 0 0 0 0 0 0 -14 -16 -14 -16 -13 -17 -13 -17 -13 -17 -13 -17 -13 -17 -14 -17 -14 -17 -14 -18 -14 -17 -16 -18 -15 -18 -16 -19 -17 -20 -18 -19 -18 -19 -19 -20 -20 -19 -21 -20 -22 -19 -23 -19 -25 -18 -26 -19 -27 -18 -29 -19 ]
CSI_DATA,STA,E4:D1:24:F0:BE:00,-65,10,0,0,0,0,0,0,0,0,0,-97,0,5,0,7150346,0,399,0,0,7.54271,128,[-113 -15 24 0 27 5 27 4 27 4 26 3 25 3 25 3 25 3 24 3 24 3 23 3 22 4 21 5 20 4 19 5 19 5 18 6 17 6 16 7 16 7 15 7 13 8 13 8 12 8 10 9 8 9 0 0 0 0 0 0 0 0 0 0 0 0 0 0 0 0 0 0 0 0 0 0 21 10 19 12 19 12 18 12 18 12 19 12 19 13 19 13 19 13 19 13 20 12 20 12 20 13 21 12 20 12 22 12 22 12 22 12 22 11 23 11 24 11 24 10 25 10 26 9 27 8 28 7 ]
CSI_DATA,STA,E4:D1:24:F0:BE:00,-64,10,0,0,0,0,0,0,0,0,0,-97,0,5,0,7252747,0,399,0,0,7.64506,128,[-113 -15 24 0 0 34 0 32 -1 30 -1 28 -2 27 -2 26 -3 23 -4 22 -5 20 -5 18 -5 17 -5 16 -6 14 -6 12 -6 11 -6 10 -6 9 -6 8 -6 7 -5 6 -5 5 -5 4 -5 4 -5 3 -4 2 0 0 0 0 0 0 0 0 0 0 0 0 0 0 0 0 0 0 0 0 0 0 -5 22 -6 22 -7 22 -7 22 -8 22 -8 21 -8 22 -8 22 -9 23 -8 23 -8 22 -8 23 -8 24 -8 25 -7 24 -7 25 -7 25 -6 26 -5 27 -4 29 -4 29 -3 31 -2 31 -2 33 0 34 0 36 ]
CSI_DATA,STA,E4:D1:24:F0:BE:00,-66,10,0,0,0,0,0,0,0,0,0,-97,0,5,0,7355149,0,399,0,0,7.74752,128,[-113 -15 24 0 2 -34 2 -33 3 -31 4 -29 4 -28 4 -27 5 -25 5 -23 6 -22 7 -21 7 -18 8 -17 7 -15 8 -13 9 -12 8 -11 8 -10 8 -9 8 -7 7 -7 7 -7 6 -5 5 -5 6 -3 6 -4 0 0 0 0 0 0 0 0 0 0 0 0 0 0 0 0 0 0 0 0 0 0 9 -26 9 -26 10 -24 11 -24 11 -25 12 -25 13 -24 12 -25 13 -23 12 -25 11 -24 12 -25 11 -26 11 -26 11 -25 11 -26 10 -27 10 -27 8 -28 7 -29 7 -29 6 -30 5 -31 3 -33 3 -34 4 -36 ]
CSI_DATA,STA,E4:D1:24:F0:BE:00,-64,10,0,0,0,0,0,0,0,0,0,-97,0,5,0,7457551,0,399,0,0,7.84973,128,[-113 -15 24 0 22 21 20 20 20 20 19 20 18 19 16 18 14 17 13 17 11 16 10 15 9 15 8 14 6 13 5 13 5 12 3 11 3 11 2 10 1 9 1 8 0 8 0 7 0 7 -1 6 0 5 0 0 0 0 0 0 0 0 0 0 0 0 0 0 0 0 0 0 0 0 0 0 9 17 9 16 8 17 7 17 8 17 7 18 8 18 9 18 9 18 8 18 8 18 9 18 10 19 10 19 10 20 11 20 11 20 13 20 14 20 15 20 16 20 18 21 18 21 20 22 21 22 23 23 ]
CSI_DATA,STA,E4:D1:24:F0:BE:00,-65,10,0,0,0,0,0,0,0,0,0,-97,0,5,0,7559953,0,399,0,0,7.95212,128,[-113 -15 24 0 -26 -24 -25 -24 -24 -22 -22 -22 -21 -22 -21 -22 -19 -21 -18 -20 -16 -20 -15 -21 -15 -20 -12 -19 -11 -19 -10 -18 -8 -18 -7 -18 -6 -17 -5 -16 -4 -15 -4 -15 -3 -15 -2 -14 -1 -13 -1 -12 2 -11 0 0 0 0 0 0 0 0 0 0 0 0 0 0 0 0 0 0 0 0 0 0 -11 -24 -9 -24 -8 -25 -8 -24 -8 -24 -7 -24 -8 -23 -8 -24 -8 -23 -8 -23 -8 -23 -9 -23 -10 -24 -10 -23 -11 -24 -12 -23 -12 -23 -14 -23 -15 -24 -16 -23 -18 -23 -19 -23 -21 -23 -22 -25 -24 -24 -26 -25 ]
CSI_DATA,STA,E4:D1:24:F0:BE:00,-62,10,0,0,0,0,0,0,0,0,0,-97,0,5,0,7662355,0,399,0,0,8.05466,128,[-113 -15 24 0 -37 11 -35 11 -34 11 -33 10 -31 9 -30 8 -28 8 -28 6 -26 6 -25 5 -23 4 -22 3 -21 2 -20 1 -19 1 -18 0 -17 -1 -16 -1 -15 -2 -14 -2 -13 -3 -12 -3 -12 -4 -11 -4 -9 -4 0 0 0 0 0 0 0 0 0 0 0 0 0 0 0 0 0 0 0 0 0 0 -22 0 -22 -1 -23 -2 -22 -1 -23 -2 -23 -2 -23 -2 -23 -2 -24 -2 -24 -2 -24 -1 -25 0 -26 0 -27 -1 -27 0 -28 0 -29 1 -30 2 -30 4 -31 3 -32 5 -34 6 -34 8 -35 9 -36 10 -38 11 ]
CSI_DATA,STA,E4:D1:24:F0:BE:00,-64,10,0,0,0,0,0,0,0,0,0,-97,0,5,0,7764759,0,399,0,0,8.15707,128,[-113 -15 24 0 -34 -7 -33 -8 -32 -8 -31 -7 -28 -7 -28 -7 -26 -8 -26 -8 -24 -7 -23 -9 -22 -10 -21 -10 -20 -9 -17 -10 -17 -10 -15 -11 -15 -10 -14 -11 -13 -11 -13 -11 -12 -11 -10 -11 -9 -12 -7 -12 -7 -10 0 0 0 0 0 0 0 0 0 0 0 0 0 0 0 0 0 0 0 0 0 0 -20 -12 -19 -13 -19 -14 -19 -14 -19 -14 -20 -14 -19 -14 -21 -14 -21 -14 -21 -14 -21 -14 -22 -14 -22 -14 -22 -15 -23 -14 -24 -13 -25 -14 -26 -13 -26 -13 -28 -12 -29 -11 -30 -11 -31 -10 -32 -10 -33 -9 -36 -8 ]
CSI_DATA,STA,E4:D1:24:F0:BE:00,-63,10,0,0,0,0,0,0,0,0,0,-97,0,5,0,7867161,0,399,0,0,8.25947,128,[-113 -15 24 0 24 -27 22 -26 21 -24 20 -23 19 -22 19 -21 19 -20 19 -19 18 -19 17 -17 16 -15 16 -14 16 -13 16 -11 15 -10 15 -9 14 -8 14 -8 14 -7 13 -6 13 -5 12 -4 11 -3 11 -3 10 -1 0 0 0 0 0 0 0 0 0 0 0 0 0 0 0 0 0 0 0 0 0 0 16 -10 16 -9 17 -9 16 -9 17 -10 17 -9 18 -10 18 -11 19 -11 19 -12 19 -12 20 -13 21 -14 21 -14 22 -15 22 -16 23 -16 23 -17 24 -18 24 -19 24 -20 24 -21 24 -22 25 -24 26 -25 26 -27 ]
CSI_DATA,STA,E4:D1:24:F0:BE:00,-63,10,0,0,0,0,0,0,0,0,0,-97,0,5,0,7969562,0,399,0,0,8.36188,128,[-113 -15 24 0 33 2 30 2 29 2 28 2 27 3 25 4 24 4 23 4 21 5 20 5 19 6 17 6 16 6 15 6 14 6 12 7 11 7 11 7 10 7 9 7 8 7 7 8 6 8 5 8 4 8 0 0 0 0 0 0 0 0 0 0 0 0 0 0 0 0 0 0 0 0 0 0 19 7 18 8 17 8 18 8 18 9 18 9 19 9 19 9 19 9 20 8 20 9 20 8 21 9 22 9 22 8 23 8 24 8 25 7 25 7 26 6 28 6 28 5 29 4 31 4 32 4 33 3 ]
CSI_DATA,STA,E4:D1:24:F0:BE:00,-63,10,0,0,0,0,0,0,0,0,0,-97,0,5,0,8071964,0,399,0,0,8.46428,128,[-113 -15 24 0 14 27 14 27 13 26 12 25 12 25 10 24 10 23 9 22 8 21 7 20 6 20 5 19 4 18 4 17 3 16 3 16 1 15 1 15 0 15 -1 14 -1 13 -2 13 -2 12 -3 12 -5 11 0 0 0 0 0 0 0 0 0 0 0 0 0 0 0 0 0 0 0 0 0 0 1 16 1 16 1 17 0 16 0 17 0 16 0 17 0 17 1 18 1 18 1 18 1 19 2 20 2 20 3 20 3 21 3 21 4 21 5 22 6 23 8 23 9 24 9 25 11 26 11 27 13 29 ]
CSI_DATA,STA,E4:D1:24:F0:BE:00,-63,10,0,0,0,0,0,0,0,0,0,-97,0,5,0,8174366,0,399,0,0,8.56667,128,[-113 -15 24 0 25 -22 24 -22 23 -20 23 -19 22 -18 21 -17 21 -15 20 -14 20 -13 19 -11 18 -10 17 -9 16 -8 16 -7 15 -6 14 -5 14 -4 13 -4 12 -3 11 -2 11 -2 11 -1 10 0 10 0 8 -1 0 0 0 0 0 0 0 0 0 0 0 0 0 0 0 0 0 0 0 0 0 0 20 -7 20 -6 20 -5 19 -5 20 -5 20 -4 20 -5 20 -5 20 -5 20 -5 20 -5 20 -5 20 -6 21 -6 21 -7 21 -8 20 -9 22 -10 21 -11 22 -12 22 -14 23 -16 23 -17 24 -18 25 -19 26 -21 ]
CSI_DATA,STA,E4:D1:24:F0:BE:00,-63,10,0,0,0,0,0,0,0,0,0,-97,0,5,0,8276768,0,399,0,0,8.66897,128,[-113 -15 24 0 13 -35 12 -33 13 -32 13 -30 12 -29 12 -28 12 -26 12 -25 13 -23 13 -22 12 -20 12 -19 11 -18 13 -16 11 -15 12 -14 12 -13 12 -12 12 -11 11 -10 11 -9 10 -8 11 -7 11 -7 11 -6 0 0 0 0 0 0 0 0 0 0 0 0 0 0 0 0 0 0 0 0 0 0 15 -18 15 -17 16 -16 16 -15 16 -16 16 -16 16 -16 16 -15 16 -16 16 -16 16 -16 16 -17 16 -17 16 -18 16 -19 16 -20 15 -20 16 -22 14 -23 15 -24 14 -25 15 -27 15 -29 15 -30 15 -32 15 -33 ]
CSI_DATA,STA,E4:D1:24:F0:BE:00,-63,10,0,0,0,0,0,0,0,0,0,-97,0,5,0,8379170,0,399,0,0,8.77149,128,[-113 -15 24 0 32 -18 31 -17 29 -18 29 -17 29 -16 29 -16 27 -15 27 -14 27 -14 26 -12 25 -11 24 -10 23 -8 22 -8 21 -7 20 -6 21 -5 20 -5 19 -4 18 -4 18 -2 16 -1 16 0 16 0 15 1 0 0 0 0 0 0 0 0 0 0 0 0 0 0 0 0 0 0 0 0 0 0 22 -3 22 -1 22 -1 22 0 22 1 22 1 22 0 22 0 22 0 22 1 22 0 22 0 22 0 23 -1 24 -1 24 -2 25 -3 25 -4 25 -5 25 -6 26 -8 27 -9 28 -11 29 -12 31 -14 32 -16 ]
CSI_DATA,STA,E4:D1:24:F0:BE:00,-65,10,0,0,0,0,0,0,0,0,0,-97,0,5,0,8481572,0,399,0,0,8.87392,128,[-113 -15 24 0 16 22 16 22 16 20 16 20 15 20 15 20 14 19 13 19 12 19 11 18 11 19 10 18 9 18 8 17 6 17 7 17 6 17 5 16 3 15 2 15 2 15 2 15 0 14 -1 14 -1 12 0 0 0 0 0 0 0 0 0 0 0 0 0 0 0 0 0 0 0 0 0 0 7 23 5 23 5 24 3 23 4 24 4 24 3 23 3 24 4 23 3 23 3 23 3 23 3 24 4 24 5 23 5 24 6 23 6 23 7 22 8 23 9 23 10 22 11 22 13 23 14 23 16 23 ]
CSI_DATA,STA,E4:D1:24:F0:BE:00,-64,10,0,0,0,0,0,0,0,0,0,-97,0,5,0,8583973,0,399,0,0,8.97631,128,[-113 -15 24 0 18 -24 17 -24 17 -22 17 -22 16 -21 16 -21 15 -19 15 -18 15 -17 15 -16 14 -15 14 -14 13 -13 13 -12 13 -11 13 -10 13 -9 13 -8 13 -7 12 -6 11 -5 12 -5 11 -5 10 -4 11 -2 0 0 0 0 0 0 0 0 0 0 0 0 0 0 0 0 0 0 0 0 0 0 16 -13 17 -11 18 -11 18 -11 19 -10 18 -10 19 -10 18 -11 18 -10 19 -10 19 -10 19 -10 19 -11 19 -11 20 -11 20 -12 20 -12 21 -13 20 -14 20 -15 19 -16 20 -18 19 -19 19 -20 20 -22 20 -23 ]
CSI_DATA,STA,E4:D1:24:F0:BE:00,-63,10,0,0,0,0,0,0,0,0,0,-97,0,5,0,8686375,0,399,0,0,9.07872,128,[-113 -15 24 0 34 3 33 2 31 1 30 2 29 2 28 2 27 3 26 2 24 3 22 3 22 4 22 5 19 5 18 5 17 5 16 6 15 6 15 6 13 7 12 7 12 7 11 8 10 8 9 7 8 9 0 0 0 0 0 0 0 0 0 0 0 0 0 0 0 0 0 0 0 0 0 0 22 5 21 6 21 7 21 8 21 9 21 9 22 9 23 8 22 10 22 9 22 10 23 10 24 11 25 10 25 10 25 10 26 9 27 9 27 9 28 8 30 7 30 7 31 6 32 5 34 4 35 4 ]
CSI_DATA,STA,E4:D1:24:F0:BE:00,-62,10,0,0,0,0,0,0,0,0,0,-97,0,5,0,8788777,0,399,0,0,9.18113,128,[-113 -15 24 0 -29 22 -27 21 -26 19 -24 18 -22 18 -21 17 -20 14 -20 14 -19 13 -19 12 -17 10 -16 9 -16 9 -15 7 -14 6 -13 6 -13 4 -12 4 -11 4 -11 3 -10 2 -9 2 -8 1 -9 1 -7 1 0 0 0 0 0 0 0 0 0 0 0 0 0 0 0 0 0 0 0 0 0 0 -21 12 -21 11 -22 10 -22 10 -23 9 -23 10 -24 9 -24 10 -25 10 -25 10 -24 10 -26 10 -26 10 -27 11 -27 11 -27 12 -27 12 -28 13 -28 13 -28 15 -28 17 -29 17 -30 17 -29 19 -30 20 -31 21 ]
CSI_DATA,STA,E4:D1:24:F0:BE:00,-65,10,0,0,0,0,0,0,0,0,0,-97,0,5,0,8891179,0,399,0,0,9.28355,128,[-113 -15 24 0 -27 18 -27 18 -26 17 -24 16 -23 15 -23 14 -22 13 -22 13 -22 11 -21 10 -20 9 -19 7 -18 6 -18 5 -17 4 -15 3 -15 3 -15 1 -13 1 -13 1 -12 -1 -11 -1 -10 -1 -10 -2 -10 -1 0 0 0 0 0 0 0 0 0 0 0 0 0 0 0 0 0 0 0 0 0 0 -22 7 -24 7 -23 6 -24 5 -24 5 -24 5 -24 5 -25 5 -25 5 -25 5 -25 4 -26 5 -26 5 -26 5 -26 6 -28 7 -28 7 -27 7 -27 8 -27 9 -27 11 -28 12 -28 13 -28 14 -29 16 -29 18 ]
CSI_DATA,STA,E4:D1:24:F0:BE:00,-65,10,0,0,0,0,0,0,0,0,0,-97,0,5,0,8993581,0,399,0,0,9.38575,128,[-113 -15 24 0 -26 -6 -24 -5 -24 -5 -22 -5 -22 -5 -21 -5 -19 -6 -18 -5 -18 -6 -17 -6 -16 -5 -15 -6 -14 -7 -14 -6 -12 -7 -12 -7 -11 -7 -11 -7 -9 -7 -9 -8 -8 -8 -7 -7 -7 -8 -6 -8 -5 -7 0 0 0 0 0 0 0 0 0 0 0 0 0 0 0 0 0 0 0 0 0 0 -21 -10 -19 -11 -19 -12 -19 -12 -19 -12 -19 -12 -20 -12 -19 -13 -19 -12 -20 -13 -19 -13 -20 -13 -20 -13 -21 -13 -20 -13 -21 -13 -21 -11 -22 -12 -22 -11 -22 -10 -23 -10 -23 -10 -25 -9 -25 -8 -26 -8 -26 -7 ]
CSI_DATA,STA,E4:D1:24:F0:BE:00,-62,10,0,0,0,0,0,0,0,0,0,-97,0,5,0,9095983,0,399,0,0,9.48825,128,[-113 -15 24 0 -29 -4 -28 -4 -26 -3 -25 -3 -24 -3 -23 -3 -22 -3 -21 -3 -20 -3 -19 -3 -17 -4 -17 -4 -15 -5 -15 -5 -13 -4 -12 -5 -12 -5 -11 -5 -10 -5 -9 -5 -8 -6 -8 -5 -7 -5 -6 -5 -6 -5 0 0 0 0 0 0 0 0 0 0 0 0 0 0 0 0 0 0 0 0 0 0 -19 -4 -18 -5 -18 -6 -18 -7 -18 -7 -18 -7 -19 -8 -19 -8 -19 -9 -19 -9 -19 -9 -20 -9 -20 -9 -21 -9 -21 -9 -21 -10 -22 -9 -23 -10 -23 -9 -23 -9 -25 -8 -25 -8 -26 -7 -27 -6 -28 -6 -29 -5 ]
CSI_DATA,STA,E4:D1:24:F0:BE:00,-64,10,0,0,0,0,0,0,0,0,0,-97,0,5,0,9198385,0,399,0,0,9.59071,128,[-113 -15 24 0 -1 29 0 28 0 27 0 25 1 25 0 24 0 23 -1 22 -2 21 -2 19 -2 19 -2 18 -3 17 -4 15 -3 14 -4 14 -4 14 -4 12 -4 12 -4 11 -4 10 -4 9 -5 8 -5 8 -6 7 0 0 0 0 0 0 0 0 0 0 0 0 0 0 0 0 0 0 0 0 0 0 -4 18 -4 18 -5 17 -5 18 -5 18 -5 18 -5 19 -5 19 -6 20 -6 19 -5 20 -6 21 -6 20 -6 21 -6 22 -6 22 -6 23 -6 23 -5 24 -5 24 -4 26 -4 26 -3 27 -3 27 -2 29 -1 29 ]
CSI_DATA,STA,E4:D1:24:F0:BE:00,-63,10,0,0,0,0,0,0,0,0,0,-97,0,5,0,9300786,0,399,0,0,9.69308,128,[-113 -15 24 0 -33 12 -30 11 -28 11 -28 9 -25 10 -25 9 -23 7 -23 7 -22 6 -21 6 -20 4 -18 4 -18 3 -17 2 -16 2 -15 1 -15 0 -14 1 -13 -1 -12 -1 -11 -2 -10 -2 -10 -2 -10 -2 -9 -4 0 0 0 0 0 0 0 0 0 0 0 0 0 0 0 0 0 0 0 0 0 0 -23 3 -24 2 -24 2 -24 0 -24 0 -25 -1 -25 -1 -25 -1 -26 -1 -26 -1 -25 0 -26 -1 -27 -1 -27 -1 -28 0 -28 1 -28 1 -29 2 -28 3 -29 4 -29 5 -31 6 -31 7 -32 8 -33 9 -34 10 ]
CSI_DATA,STA,E4:D1:24:F0:BE:00,-62,10,0,0,0,0,0,0,0,0,0,-97,0,5,0,9403188,0,399,0,0,9.79551,128,[-113 -15 24 0 -9 31 -8 29 -8 28 -8 26 -7 25 -7 24 -7 22 -7 21 -8 20 -8 19 -7 17 -7 16 -7 15 -8 14 -7 12 -7 12 -7 11 -7 10 -7 8 -7 8 -7 8 -6 7 -6 6 -7 6 -7 5 0 0 0 0 0 0 0 0 0 0 0 0 0 0 0 0 0 0 0 0 0 0 -7 18 -8 17 -9 17 -10 17 -10 16 -10 16 -10 17 -10 17 -11 17 -11 17 -11 17 -12 18 -12 18 -12 19 -12 19 -12 20 -11 20 -12 21 -11 22 -10 23 -10 24 -10 26 -10 26 -10 28 -10 29 -9 30 ]
CSI_DATA,STA,E4:D1:24:F0:BE:00,-64,10,0,0,0,0,0,0,0,0,0,-97,0,5,0,9505590,0,399,0,0,9.89791,128,[-113 -15 24 0 -21 -20 -21 -18 -19 -18 -19 -17 -18 -16 -17 -17 -16 -16 -15 -15 -14 -15 -13 -15 -12 -15 -11 -14 -10 -14 -9 -13 -8 -12 -7 -12 -7 -12 -6 -12 -5 -12 -5 -11 -5 -11 -4 -11 -3 -10 -3 -10 -2 -10 0 0 0 0 0 0 0 0 0 0 0 0 0 0 0 0 0 0 0 0 0 0 -11 -18 -9 -18 -9 -19 -9 -19 -9 -20 -9 -20 -9 -20 -9 -20 -9 -20 -9 -20 -9 -20 -10 -20 -10 -21 -10 -21 -11 -21 -11 -21 -12 -21 -13 -21 -13 -21 -14 -20 -15 -21 -16 -21 -18 -20 -19 -20 -19 -20 -21 -21 ]
CSI_DATA,STA,E4:D1:24:F0:BE:00,-63,10,0,0,0,0,0,0,0,0,0,-97,0,5,0,9607992,0,399,0,0,10.0003,128,[-113 -15 24 0 -5 35 -5 33 -5 31 -5 29 -5 28 -5 27 -5 25 -5 24 -6 22 -6 21 -6 20 -6 18 -6 16 -6 15 -6 14 -6 13 -6 12 -6 11 -6 10 -7 10 -6 9 -6 8 -6 7 -6 6 -5 7 0 0 0 0 0 0 0 0 0 0 0 0 0 0 0 0 0 0 0 0 0 0 -5 23 -6 22 -8 22 -9 21 -9 21 -10 21 -10 21 -10 21 -11 22 -11 22 -11 22 -12 22 -11 22 -11 23 -11 23 -12 24 -11 25 -10 26 -10 26 -9 27 -8 28 -9 30 -8 30 -6 32 -6 34 -5 35 ]
CSI_DATA,STA,E4:D1:24:F0:BE:00,-66,10,0,0,0,0,0,0,0,0,0,-97,0,5,0,9710394,0,399,0,0,10.1026,128,[-113 -15 24 0 -2 27 -2 25 -3 25 -3 23 -2 23 -3 21 -3 21 -4 20 -5 18 -6 18 -6 17 -6 16 -6 15 -7 14 -7 13 -7 11 -7 12 -8 10 -8 10 -8 9 -8 8 -9 8 -8 7 -9 6 -8 6 0 0 0 0 0 0 0 0 0 0 0 0 0 0 0 0 0 0 0 0 0 0 -11 20 -11 19 -12 18 -13 18 -12 18 -12 18 -12 18 -12 18 -11 18 -11 18 -11 18 -10 19 -11 19 -11 20 -11 20 -9 21 -10 21 -10 21 -8 22 -7 23 -6 23 -6 24 -6 25 -5 26 -4 27 -4 27 ]
CSI_DATA,STA,E4:D1:24:F0:BE:00,-62,10,0,0,0,0,0,0,0,0,0,-97,0,5,0,9812795,0,399,0,0,10.2051,128,[-113 -15 24 0 29 16 27 15 27 14 26 14 25 13 24 14 22 13 21 13 21 12 19 12 18 12 17 12 15 11 15 11 13 11 13 11 12 11 11 11 10 10 9 10 8 10 7 10 7 10 6 10 5 11 0 0 0 0 0 0 0 0 0 0 0 0 0 0 0 0 0 0 0 0 0 0 15 11 13 12 13 13 13 13 12 14 13 14 13 14 13 14 13 15 13 15 14 15 14 15 14 16 15 17 15 17 16 17 17 17 18 17 18 17 19 17 21 16 22 17 24 16 25 16 26 16 28 16 ]
CSI_DATA,STA,E4:D1:24:F0:BE:00,-63,10,0,0,0,0,0,0,0,0,0,-97,0,5,0,9915197,0,399,0,0,10.3075,128,[-113 -15 24 0 22 -26 21 -25 21 -24 20 -24 19 -23 19 -24 18 -22 18 -21 18 -21 18 -20 17 -18 17 -17 17 -16 17 -15 16 -14 16 -13 17 -12 16 -11 16 -10 15 -10 15 -8 14 -7 14 -7 14 -6 13 -4 0 0 0 0 0 0 0 0 0 0 0 0 0 0 0 0 0 0 0 0 0 0 18 -12 18 -11 19 -10 18 -11 19 -10 19 -10 19 -10 20 -11 20 -10 20 -11 20 -11 21 -11 21 -11 22 -11 22 -11 23 -12 22 -12 22 -13 22 -15 23 -15 23 -17 23 -18 23 -19 23 -20 23 -22 24 -23 ]
CSI_DATA,STA,E4:D1:24:F0:BE:00,-63,10,0,0,0,0,0,0,0,0,0,-97,0,5,0,10017598,0,399,0,0,10.41,128,[-113 -15 24 0 -26 -17 -25 -16 -24 -16 -23 -16 -22 -15 -21 -16 -20 -15 -19 -15 -17 -14 -16 -14 -14 -15 -14 -14 -12 -14 -11 -13 -10 -13 -9 -12 -8 -12 -7 -13 -6 -12 -6 -12 -4 -12 -4 -11 -3 -11 -2 -11 -2 -10 0 0 0 0 0 0 0 0 0 0 0 0 0 0 0 0 0 0 0 0 0 0 -13 -18 -12 -18 -11 -19 -11 -19 -11 -19 -11 -19 -11 -19 -12 -19 -11 -19 -11 -19 -11 -19 -12 -19 -12 -21 -13 -21 -13 -21 -14 -21 -15 -21 -15 -20 -16 -20 -18 -20 -18 -19 -20 -19 -21 -19 -22 -19 -24 -19 -25 -19 ]
CSI_DATA,STA,E4:D1:24:F0:BE:00,-62,10,0,0,0,0,0,0,0,0,0,-97,0,5,0,10120000,0,399,0,0,10.5123,128,[-113 -15 24 0 -36 -9 -35 -8 -33 -8 -31 -8 -30 -7 -29 -7 -27 -7 -26 -7 -25 -7 -23 -7 -22 -8 -21 -7 -19 -7 -18 -7 -16 -8 -15 -7 -15 -7 -14 -7 -13 -7 -13 -7 -12 -8 -10 -7 -10 -7 -9 -6 -9 -7 0 0 0 0 0 0 0 0 0 0 0 0 0 0 0 0 0 0 0 0 0 0 -21 -6 -21 -7 -21 -8 -20 -8 -21 -9 -21 -9 -21 -9 -21 -9 -22 -10 -22 -10 -22 -10 -23 -11 -23 -11 -24 -12 -24 -12 -25 -12 -26 -12 -27 -12 -28 -12 -29 -12 -30 -10 -31 -11 -32 -10 -33 -11 -35 -10 -36 -10 ]
CSI_DATA,STA,E4:D1:24:F0:BE:00,-64,10,0,0,0,0,0,0,0,0,0,-97,0,5,0,10222402,0,399,0,0,10.6147,128,[-113 -15 24 0 -14 28 -12 28 -12 26 -12 25 -12 26 -12 24 -11 23 -12 22 -12 22 -12 21 -12 20 -12 19 -12 18 -12 17 -12 16 -12 15 -12 15 -13 14 -13 13 -13 12 -13 11 -13 9 -13 9 -13 8 -14 7 0 0 0 0 0 0 0 0 0 0 0 0 0 0 0 0 0 0 0 0 0 0 -16 14 -16 13 -17 12 -17 13 -17 13 -16 12 -16 13 -17 13 -16 14 -17 13 -16 14 -16 15 -16 15 -16 15 -16 16 -16 17 -15 18 -16 18 -15 20 -15 20 -15 21 -14 23 -15 24 -14 26 -14 27 -14 28 ]
CSI_DATA,STA,E4:D1:24:F0:BE:00,-62,10,0,0,0,0,0,0,0,0,0,-97,0,5,0,10324804,0,399,0,0,10.7171,128,[-113 -15 24 0 25 23 26 22 25 21 24 21 23 19 22 20 21 19 20 19 19 18 18 18 17 17 15 17 14 16 13 16 12 15 11 16 11 15 10 15 9 14 8 14 8 14 6 13 6 14 4 13 3 13 0 0 0 0 0 0 0 0 0 0 0 0 0 0 0 0 0 0 0 0 0 0 13 15 12 15 11 16 11 16 11 16 10 16 10 17 11 17 11 17 11 16 10 17 11 17 12 18 11 19 12 18 13 20 13 19 14 20 15 20 16 21 18 21 19 21 20 22 22 23 23 23 25 23 ]
CSI_DATA,STA,E4:D1:24:F0:BE:00,-63,10,0,0,0,0,0,0,0,0,0,-97,0,5,0,10427206,0,399,0,0,10.8194,128,[-113 -15 24 0 -22 -27 -21 -26 -19 -25 -18 -25 -18 -23 -15 -23 -14 -22 -14 -20 -12 -20 -11 -20 -10 -19 -9 -18 -9 -18 -7 -17 -6 -16 -5 -16 -4 -16 -3 -15 -2 -15 -1 -13 -1 -14 -1 -13 0 -12 1 -12 2 -12 0 0 0 0 0 0 0 0 0 0 0 0 0 0 0 0 0 0 0 0 0 0 -8 -21 -7 -22 -7 -22 -7 -22 -6 -22 -6 -22 -6 -23 -7 -22 -7 -23 -6 -24 -7 -23 -7 -24 -8 -24 -9 -25 -9 -25 -11 -25 -11 -25 -12 -26 -13 -27 -14 -27 -15 -27 -17 -27 -17 -27 -19 -29 -20 -29 -22 -30 ]
CSI_DATA,STA,E4:D1:24:F0:BE:00,-63,10,0,0,0,0,0,0,0,0,0,-97,0,5,0,10529608,0,399,0,0,10.9218,128,[-113 -15 24 0 1 37 2 36 2 34 2 33 1 32 -1 31 0 30 -1 29 -2 28 -2 27 -2 26 -3 24 -4 23 -4 22 -5 20 -5 19 -5 19 -6 17 -6 16 -6 15 -6 14 -6 13 -6 13 -7 12 -6 11 0 0 0 0 0 0 0 0 0 0 0 0 0 0 0 0 0 0 0 0 0 0 -3 20 -3 20 -4 20 -5 19 -5 20 -5 20 -6 19 -7 20 -6 21 -6 20 -5 20 -6 21 -5 22 -6 22 -6 23 -5 23 -5 24 -5 24 -4 26 -4 27 -3 28 -1 29 -1 30 -1 32 1 34 2 36 ]
CSI_DATA,STA,E4:D1:24:F0:BE:00,-64,10,0,0,0,0,0,0,0,0,0,-97,0,5,0,10632009,0,399,0,0,11.0243,128,[-113 -15 24 0 -23 17 -23 17 -21 16 -21 15 -21 14 -20 13 -19 13 -19 12 -19 11 -19 11 -17 10 -17 9 -16 8 -15 7 -15 6 -14 6 -14 6 -14 5 -12 4 -13 4 -12 3 -11 4 -11 3 -11 2 -10 1 0 0 0 0 0 0 0 0 0 0 0 0 0 0 0 0 0 0 0 0 0 0 -18 9 -18 8 -19 8 -19 7 -19 7 -19 7 -19 7 -20 8 -20 7 -20 8 -20 8 -21 8 -21 8 -22 9 -22 9 -23 9 -22 10 -23 10 -23 10 -23 11 -23 13 -23 13 -23 14 -24 15 -24 17 -25 18 ]
CSI_DATA,STA,E4:D1:24:F0:BE:00,-63,10,0,0,0,0,0,0,0,0,0,-97,0,5,0,10734411,0,399,0,0,11.1267,128,[-113 -15 24 0 -27 -23 -25 -22 -24 -22 -23 -21 -22 -20 -20 -20 -18 -19 -18 -19 -17 -18 -16 -18 -15 -17 -13 -17 -12 -16 -11 -15 -10 -14 -9 -14 -8 -14 -7 -14 -6 -13 -6 -13 -6 -12 -4 -12 -4 -11 -4 -11 -2 -10 0 0 0 0 0 0 0 0 0 0 0 0 0 0 0 0 0 0 0 0 0 0 -15 -18 -13 -18 -13 -19 -13 -19 -13 -20 -13 -20 -13 -21 -12 -21 -13 -21 -13 -21 -12 -22 -13 -22 -13 -23 -14 -23 -14 -23 -16 -24 -15 -24 -17 -24 -17 -24 -18 -24 -19 -24 -21 -24 -22 -24 -24 -25 -24 -26 -26 -26 ]
CSI_DATA,STA,E4:D1:24:F0:BE:00,-63,10,0,0,0,0,0,0,0,0,0,-97,0,5,0,10836813,0,399,0,0,11.2292,128,[-113 -15 24 0 -6 -33 -6 -31 -5 -30 -5 -29 -5 -28 -5 -27 -4 -26 -4 -25 -3 -24 -3 -23 -3 -22 -2 -21 -1 -20 -1 -19 -1 -18 0 -17 1 -16 1 -15 1 -15 2 -14 2 -13 2 -12 3 -12 3 -11 3 -10 0 0 0 0 0 0 0 0 0 0 0 0 0 0 0 0 0 0 0 0 0 0 0 -17 1 -16 1 -17 1 -17 1 -18 1 -18 1 -18 1 -19 2 -20 2 -19 2 -20 2 -21 2 -22 2 -23 3 -23 2 -24 1 -25 1 -25 0 -26 -1 -26 -1 -27 -2 -28 -2 -29 -3 -31 -4 -32 -4 -34 ]
CSI_DATA,STA,E4:D1:24:F0:BE:00,-65,10,0,0,0,0,0,0,0,0,0,-97,0,5,0,10939215,0,399,0,0,11.3315,128,[-113 -15 24 0 34 -9 32 -9 32 -8 30 -9 29 -7 29 -7 28 -6 27 -5 27 -5 26 -4 24 -3 23 -2 22 -2 22 -1 19 0 19 1 18 1 17 1 17 1 15 2 14 1 13 2 12 3 12 2 10 4 0 0 0 0 0 0 0 0 0 0 0 0 0 0 0 0 0 0 0 0 0 0 20 2 20 2 20 3 19 3 20 3 21 2 21 3 21 2 22 2 23 2 22 2 23 3 23 2 24 2 24 2 25 1 25 1 26 0 26 -1 27 -1 28 -3 30 -3 30 -4 31 -6 33 -6 34 -7 ]
CSI_DATA,STA,E4:D1:24:F0:BE:00,-66,10,0,0,0,0,0,0,0,0,0,-97,0,5,0,11041617,0,399,0,0,11.434,128,[-113 -15 24 0 28 4 28 4 27 3 26 5 25 5 24 5 22 6 21 6 21 6 19 6 18 7 16 7 15 7 14 7 13 7 13 8 11 8 10 8 9 8 9 7 8 8 7 8 6 7 6 8 4 8 0 0 0 0 0 0 0 0 0 0 0 0 0 0 0 0 0 0 0 0 0 0 21 11 19 12 18 13 18 13 18 14 18 13 18 14 18 13 17 14 17 13 18 13 18 13 18 14 19 13 19 12 19 13 19 12 21 10 21 11 22 10 22 8 24 8 25 7 26 6 27 6 30 5 ]
CSI_DATA,STA,E4:D1:24:F0:BE:00,-63,10,0,0,0,0,0,0,0,0,0,-97,0,5,0,11144019,0,399,0,0,11.5363,128,[-113 -15 24 0 2 -39 2 -37 2 -37 2 -34 2 -34 2 -32 3 -31 4 -30 4 -29 5 -28 5 -26 5 -25 6 -23 7 -22 7 -21 7 -20 7 -18 8 -17 9 -16 8 -15 8 -14 8 -13 9 -12 9 -11 9 -10 0 0 0 0 0 0 0 0 0 0 0 0 0 0 0 0 0 0 0 0 0 0 8 -20 8 -19 9 -19 9 -18 9 -19 10 -18 10 -19 9 -20 10 -20 9 -20 9 -20 9 -22 9 -23 9 -23 9 -24 9 -24 8 -25 7 -27 7 -28 6 -29 5 -30 5 -32 4 -33 4 -35 4 -37 3 -39 ]
CSI_DATA,STA,E4:D1:24:F0:BE:00,-62,10,0,0,0,0,0,0,0,0,0,-97,0,5,0,11246421,0,399,0,0,11.6386,128,[-113 -15 24 0 -16 -35 -15 -35 -15 -32 -14 -32 -15 -30 -13 -29 -12 -28 -12 -27 -10 -26 -10 -26 -9 -24 -8 -24 -8 -23 -6 -21 -6 -20 -5 -20 -4 -19 -3 -18 -3 -18 -3 -17 -2 -16 -2 -15 -1 -15 0 -14 0 -14 0 0 0 0 0 0 0 0 0 0 0 0 0 0 0 0 0 0 0 0 0 0 -5 -20 -5 -20 -4 -21 -4 -21 -4 -22 -4 -22 -4 -23 -3 -22 -3 -23 -3 -24 -4 -24 -3 -24 -4 -26 -4 -26 -4 -26 -5 -27 -6 -28 -6 -29 -7 -29 -8 -29 -9 -30 -10 -32 -12 -32 -13 -33 -14 -35 -15 -36 ]
CSI_DATA,STA,E4:D1:24:F0:BE:00,-64,10,0,0,0,0,0,0,0,0,0,-97,0,5,0,11348822,0,399,0,0,11.7411,128,[-113 -15 24 0 -1 30 -1 30 -1 28 -1 28 -2 27 -2 26 -3 25 -3 24 -4 23 -4 22 -4 21 -5 20 -6 19 -6 17 -6 16 -6 16 -7 15 -7 13 -8 13 -8 12 -8 11 -8 10 -9 10 -9 9 -9 6 0 0 0 0 0 0 0 0 0 0 0 0 0 0 0 0 0 0 0 0 0 0 -9 21 -10 20 -11 20 -11 20 -11 20 -12 20 -12 20 -12 21 -11 20 -11 20 -12 20 -12 21 -12 22 -12 22 -11 23 -10 24 -10 23 -10 24 -10 24 -8 25 -8 26 -7 26 -7 27 -5 29 -4 30 -4 32 ]
CSI_DATA,STA,E4:D1:24:F0:BE:00,-63,10,0,0,0,0,0,0,0,0,0,-97,0,5,0,11451224,0,399,0,0,11.8435,128,[-113 -15 24 0 -11 29 -10 28 -10 26 -9 26 -8 25 -9 24 -8 23 -8 23 -9 22 -9 21 -8 21 -8 19 -8 18 -9 17 -9 16 -9 16 -9 15 -10 15 -10 13 -10 12 -10 11 -10 10 -10 10 -10 9 -10 7 0 0 0 0 0 0 0 0 0 0 0 0 0 0 0 0 0 0 0 0 0 0 -11 14 -11 13 -12 13 -12 13 -12 14 -13 14 -13 14 -13 15 -13 15 -13 16 -13 16 -14 17 -14 17 -14 18 -14 18 -15 19 -15 19 -15 20 -14 21 -14 22 -13 22 -13 24 -13 25 -13 27 -13 28 -13 28 ]
CSI_DATA,STA,E4:D1:24:F0:BE:00,-65,10,0,0,0,0,0,0,0,0,0,-97,0,5,0,11553626,0,399,0,0,11.946,128,[-113 -15 24 0 -10 27 -9 27 -9 26 -8 25 -8 24 -7 24 -8 23 -9 22 -9 21 -10 21 -10 19 -10 18 -10 17 -11 16 -11 15 -11 14 -11 14 -12 13 -11 12 -11 11 -11 11 -11 9 -11 9 -12 7 -10 6 0 0 0 0 0 0 0 0 0 0 0 0 0 0 0 0 0 0 0 0 0 0 -14 18 -15 17 -16 17 -17 17 -17 17 -17 17 -18 18 -17 19 -17 19 -17 19 -17 19 -18 19 -17 19 -17 19 -17 20 -18 21 -17 21 -17 22 -16 23 -15 24 -15 23 -14 24 -15 25 -14 26 -13 27 -13 28 ]
CSI_DATA,STA,E4:D1:24:F0:BE:00,-65,10,0,0,0,0,0,0,0,0,0,-97,0,5,0,11656028,0,399,0,0,12.0484,128,[-113 -15 24 0 -18 29 -16 28 -16 26 -14 24 -15 23 -14 22 -14 21 -14 21 -14 20 -15 18 -14 17 -15 16 -14 15 -14 14 -14 12 -14 12 -14 11 -14 10 -14 10 -14 9 -13 7 -12 6 -13 6 -12 5 -12 4 0 0 0 0 0 0 0 0 0 0 0 0 0 0 0 0 0 0 0 0 0 0 -19 15 -20 14 -21 14 -20 15 -21 15 -21 15 -20 16 -21 16 -21 17 -20 16 -21 17 -21 18 -21 18 -22 19 -22 20 -21 21 -21 22 -21 21 -20 22 -20 23 -21 24 -19 25 -18 25 -18 26 -19 27 -19 28 ]
CSI_DATA,STA,E4:D1:24:F0:BE:00,-67,10,0,0,0,0,0,0,0,0,0,-97,0,5,0,11758430,0,399,0,0,12.1507,128,[-113 -15 24 0 20 -22 18 -21 19 -20 19 -20 18 -18 18 -16 19 -15 18 -13 19 -13 18 -13 18 -9 19 -9 17 -8 17 -5 16 -5 16 -4 15 -4 16 -1 15 -1 14 0 13 1 13 2 12 3 11 3 10 5 0 0 0 0 0 0 0 0 0 0 0 0 0 0 0 0 0 0 0 0 0 0 26 -5 26 -3 26 -3 24 -3 25 -2 25 -3 25 -4 26 -4 25 -4 25 -4 24 -5 24 -5 24 -6 25 -6 24 -7 25 -8 23 -7 24 -9 23 -11 22 -11 22 -12 21 -15 21 -15 20 -17 22 -18 22 -20 ]
CSI_DATA,STA,E4:D1:24:F0:BE:00,-65,10,0,0,0,0,0,0,0,0,0,-97,0,5,0,11860832,0,399,0,0,12.2532,128,[-113 -15 24 0 -34 -10 -33 -10 -32 -10 -31 -10 -29 -11 -29 -11 -25 -11 -24 -11 -23 -12 -21 -12 -20 -13 -18 -12 -16 -13 -15 -12 -14 -13 -12 -12 -11 -13 -11 -12 -8 -12 -8 -12 -7 -11 -6 -11 -5 -10 -4 -10 -3 -8 0 0 0 0 0 0 0 0 0 0 0 0 0 0 0 0 0 0 0 0 0 0 -20 -18 -19 -18 -17 -18 -18 -18 -18 -19 -19 -18 -18 -19 -19 -18 -20 -18 -19 -18 -19 -18 -20 -18 -20 -18 -21 -18 -22 -18 -22 -18 -24 -17 -23 -17 -25 -16 -27 -15 -27 -14 -29 -14 -31 -13 -32 -12 -34 -11 -36 -12 ]
CSI_DATA,STA,E4:D1:24:F0:BE:00,-63,10,0,0,0,0,0,0,0,0,0,-97,0,5,0,11963233,0,399,0,0,12.3554,128,[-113 -15 24 0 28 11 28 11 27 10 25 10 24 10 23 10 21 10 20 9 19 9 18 9 17 9 15 9 14 9 14 9 12 8 12 9 11 9 10 9 9 9 8 8 8 8 7 8 6 9 6 8 4 9 0 0 0 0 0 0 0 0 0 0 0 0 0 0 0 0 0 0 0 0 0 0 18 11 18 12 17 13 16 13 17 13 17 14 17 14 17 14 18 15 18 15 17 15 17 15 18 15 19 16 19 16 20 15 20 15 22 15 22 15 23 15 24 14 26 14 26 14 27 14 28 14 30 13 ]
CSI_DATA,STA,E4:D1:24:F0:BE:00,-62,10,0,0,0,0,0,0,0,0,0,-97,0,5,0,12065635,0,399,0,0,12.4578,128,[-113 -15 24 0 27 20 25 18 24 17 23 17 22 16 21 15 19 15 18 15 17 13 17 13 15 13 14 12 13 12 12 12 11 11 10 12 10 11 9 11 8 11 7 10 7 10 7 10 6 10 5 10 4 10 0 0 0 0 0 0 0 0 0 0 0 0 0 0 0 0 0 0 0 0 0 0 17 15 15 16 15 16 14 17 15 17 15 18 15 18 15 18 16 18 15 20 15 19 16 19 16 21 17 21 17 22 18 22 18 21 20 22 19 21 20 22 22 21 24 22 24 21 25 22 26 22 27 23 ]
CSI_DATA,STA,E4:D1:24:F0:BE:00,-62,10,0,0,0,0,0,0,0,0,0,-97,0,5,0,12168037,0,399,0,0,12.5603,128,[-113 -15 24 0 20 -28 19 -28 19 -26 17 -25 17 -24 17 -24 16 -22 16 -21 16 -21 15 -20 15 -18 15 -17 15 -15 15 -14 15 -13 15 -12 14 -11 14 -11 14 -9 13 -9 13 -8 12 -7 13 -6 13 -5 12 -5 0 0 0 0 0 0 0 0 0 0 0 0 0 0 0 0 0 0 0 0 0 0 14 -13 15 -12 15 -12 16 -12 16 -12 16 -12 16 -12 17 -13 17 -13 18 -13 18 -13 18 -14 18 -14 19 -14 20 -15 20 -16 19 -16 21 -17 20 -18 20 -18 20 -20 20 -21 20 -22 20 -24 21 -26 21 -27 ]
CSI_DATA,STA,E4:D1:24:F0:BE:00,-64,10,0,0,0,0,0,0,0,0,0,-97,0,5,0,12270439,0,399,0,0,12.6628,128,[-113 -15 24 0 -29 15 -29 15 -28 14 -27 13 -26 13 -24 12 -23 10 -23 10 -23 8 -22 8 -21 6 -21 6 -20 5 -19 4 -18 3 -17 2 -17 2 -16 1 -16 0 -15 0 -15 0 -14 -1 -13 -1 -13 -2 -12 -4 0 0 0 0 0 0 0 0 0 0 0 0 0 0 0 0 0 0 0 0 0 0 -23 3 -24 3 -23 2 -23 2 -24 1 -24 1 -25 1 -24 1 -24 2 -25 2 -25 2 -25 2 -26 2 -26 2 -27 3 -26 4 -27 5 -27 6 -28 6 -28 8 -28 8 -29 10 -28 10 -29 11 -29 12 -31 14 ]
CSI_DATA,STA,E4:D1:24:F0:BE:00,-65,10,0,0,0,0,0,0,0,0,0,-97,0,5,0,12372841,0,399,0,0,12.7652,128,[-113 -15 24 0 8 -31 8 -30 9 -29 8 -27 8 -25 9 -25 8 -23 10 -22 11 -21 11 -20 10 -18 11 -17 11 -15 12 -15 11 -13 12 -12 12 -11 12 -10 12 -9 12 -8 11 -7 11 -6 12 -5 11 -4 11 -4 0 0 0 0 0 0 0 0 0 0 0 0 0 0 0 0 0 0 0 0 0 0 15 -18 15 -17 16 -17 16 -16 15 -16 16 -16 16 -17 16 -16 16 -17 17 -18 16 -17 16 -17 16 -20 16 -19 15 -20 15 -21 15 -21 15 -23 13 -23 13 -25 13 -26 12 -26 11 -27 11 -28 10 -30 11 -33 ]
CSI_DATA,STA,E4:D1:24:F0:BE:00,-63,10,0,0,0,0,0,0,0,0,0,-97,0,5,0,12475243,0,399,0,0,12.8676,128,[-113 -15 24 0 -33 8 -30 8 -30 7 -28 6 -26 6 -26 5 -24 4 -23 4 -23 2 -22 2 -21 1 -19 0 -18 -1 -18 -1 -16 -2 -15 -3 -14 -3 -14 -4 -12 -4 -12 -5 -11 -5 -11 -5 -9 -5 -9 -6 -7 -7 0 0 0 0 0 0 0 0 0 0 0 0 0 0 0 0 0 0 0 0 0 0 -19 -2 -18 -2 -19 -3 -20 -3 -20 -3 -20 -3 -20 -2 -20 -3 -22 -1 -21 -2 -22 -2 -22 -1 -23 -1 -23 -1 -24 0 -26 1 -26 1 -27 2 -27 3 -28 4 -29 4 -30 5 -31 7 -32 7 -33 8 -33 9 ]
CSI_DATA,STA,E4:D1:24:F0:BE:00,-63,10,0,0,0,0,0,0,0,0,0,-97,0,5,0,12577645,0,399,0,0,12.97,128,[-113 -15 24 0 -5 -33 -5 -31 -4 -30 -4 -28 -4 -28 -3 -26 -3 -25 -2 -24 -1 -23 0 -21 0 -20 1 -19 1 -19 2 -17 2 -16 3 -15 4 -15 4 -14 5 -13 5 -12 5 -11 5 -11 6 -10 6 -9 7 -8 0 0 0 0 0 0 0 0 0 0 0 0 0 0 0 0 0 0 0 0 0 0 1 -22 2 -22 2 -22 3 -21 3 -23 3 -22 3 -22 3 -24 3 -23 3 -24 3 -24 3 -25 3 -25 3 -26 3 -26 2 -27 2 -27 1 -28 1 -28 0 -30 -1 -30 -1 -31 -2 -32 -3 -32 -4 -34 -4 -35 ]
CSI_DATA,STA,E4:D1:24:F0:BE:00,-62,10,0,0,0,0,0,0,0,0,0,-97,0,5,0,12680046,0,399,0,0,13.0723,128,[-113 -15 24 0 -28 23 -26 22 -26 20 -24 19 -23 17 -23 17 -22 16 -22 14 -21 13 -21 13 -20 11 -19 10 -18 9 -18 8 -17 6 -17 6 -17 5 -16 4 -15 3 -15 2 -14 2 -14 1 -13 0 -13 -1 -12 -1 0 0 0 0 0 0 0 0 0 0 0 0 0 0 0 0 0 0 0 0 0 0 -20 9 -21 8 -21 7 -21 7 -22 7 -22 7 -23 7 -23 8 -23 8 -23 7 -23 8 -24 7 -24 8 -24 9 -24 9 -25 10 -25 11 -26 12 -26 13 -26 13 -26 14 -27 17 -28 17 -27 18 -28 20 -29 21 ]
CSI_DATA,STA,E4:D1:24:F0:BE:00,-63,10,0,0,0,0,0,0,0,0,0,-97,0,5,0,12782449,0,399,0,0,13.1747,128,[-113 -15 24 0 -24 29 -24 29 -23 26 -22 25 -21 24 -21 23 -20 21 -20 19 -20 18 -20 17 -19 15 -18 14 -18 12 -17 10 -16 9 -16 9 -15 8 -16 6 -14 5 -15 5 -13 4 -12 2 -12 2 -12 1 -11 1 0 0 0 0 0 0 0 0 0 0 0 0 0 0 0 0 0 0 0 0 0 0 -19 12 -20 11 -20 10 -21 10 -22 10 -21 10 -22 11 -22 10 -21 11 -22 12 -22 12 -23 12 -22 13 -23 14 -24 15 -24 15 -24 16 -24 17 -24 19 -24 19 -23 22 -24 23 -24 24 -24 27 -25 28 -26 29 ]
CSI_DATA,STA,E4:D1:24:F0:BE:00,-63,10,0,0,0,0,0,0,0,0,0,-97,0,5,0,12884851,0,399,0,0,13.2772,128,[-113 -15 24 0 27 -17 26 -17 25 -16 24 -14 23 -14 23 -13 22 -12 21 -11 21 -10 20 -9 19 -8 18 -7 17 -6 17 -5 15 -5 15 -3 14 -3 14 -2 13 -1 13 -1 12 -1 11 0 11 0 10 1 9 2 0 0 0 0 0 0 0 0 0 0 0 0 0 0 0 0 0 0 0 0 0 0 15 -3 15 -2 15 -3 15 -2 16 -2 16 -2 17 -2 17 -3 17 -3 17 -3 18 -3 18 -4 18 -5 20 -5 20 -5 20 -6 21 -7 21 -8 21 -9 22 -9 23 -11 24 -12 24 -13 26 -14 26 -15 27 -17 ]
CSI_DATA,STA,E4:D1:24:F0:BE:00,-64,10,0,0,0,0,0,0,0,0,0,-97,0,5,0,12987253,0,399,0,0,13.3796,128,[-113 -15 24 0 4 -36 4 -34 5 -33 4 -30 4 -29 4 -28 4 -26 5 -25 6 -24 7 -23 6 -21 7 -20 7 -17 8 -17 7 -15 7 -14 8 -13 8 -12 7 -11 7 -10 8 -9 7 -9 7 -8 7 -7 6 -6 0 0 0 0 0 0 0 0 0 0 0 0 0 0 0 0 0 0 0 0 0 0 7 -22 8 -21 9 -21 10 -20 10 -21 10 -21 10 -21 10 -21 11 -22 10 -22 11 -22 11 -22 11 -23 11 -24 11 -24 10 -25 10 -25 10 -26 10 -26 9 -28 7 -29 7 -31 7 -32 6 -33 6 -34 6 -36 ]
CSI_DATA,STA,E4:D1:24:F0:BE:00,-63,10,0,0,0,0,0,0,0,0,0,-97,0,5,0,13089655,0,399,0,0,13.482,128,[-113 -15 24 0 18 21 17 20 18 19 16 18 16 19 15 18 14 17 12 17 11 17 10 15 9 15 8 14 7 14 6 14 5 13 4 13 3 12 3 12 2 11 2 11 2 11 1 10 1 10 0 9 -1 8 0 0 0 0 0 0 0 0 0 0 0 0 0 0 0 0 0 0 0 0 0 0 9 16 8 17 7 18 7 17 6 18 6 18 6 19 6 19 6 19 6 19 6 18 6 19 7 19 7 20 7 20 8 20 9 19 9 19 10 20 11 20 12 20 13 20 15 20 16 22 16 21 18 22 ]
CSI_DATA,STA,E4:D1:24:F0:BE:00,-63,10,0,0,0,0,0,0,0,0,0,-97,0,5,0,13192057,0,399,0,0,13.5844,128,[-113 -15 24 0 38 -8 37 -8 35 -8 34 -7 33 -7 32 -6 30 -4 28 -5 27 -3 26 -3 25 -1 24 0 23 0 21 1 19 2 19 3 19 2 17 3 16 4 15 4 14 5 13 6 12 6 11 6 10 6 0 0 0 0 0 0 0 0 0 0 0 0 0 0 0 0 0 0 0 0 0 0 19 5 19 5 19 6 18 6 19 6 20 6 20 6 20 5 21 6 21 6 21 5 22 5 23 5 23 5 24 4 25 3 26 2 28 1 28 0 29 -1 30 -2 31 -4 33 -4 35 -5 37 -6 38 -7 ]
CSI_DATA,STA,E4:D1:24:F0:BE:00,-64,10,0,0,0,0,0,0,0,0,0,-97,0,5,0,13294458,0,399,0,0,13.6868,128,[-113 -15 24 0 31 15 30 15 28 14 28 14 26 14 25 13 23 13 22 13 21 12 20 12 18 14 16 13 15 13 14 12 12 12 11 12 10 12 10 11 9 12 7 11 7 11 6 10 6 10 5 10 3 9 0 0 0 0 0 0 0 0 0 0 0 0 0 0 0 0 0 0 0 0 0 0 14 16 13 17 12 17 13 18 13 18 12 17 13 18 13 17 13 18 13 18 14 17 14 18 15 18 16 18 16 17 17 17 19 17 19 17 21 17 22 17 24 16 26 16 26 16 28 16 29 17 32 16 ]
CSI_DATA,STA,E4:D1:24:F0:BE:00,-63,10,0,0,0,0,0,0,0,0,0,-97,0,5,0,13396860,0,399,0,0,13.789,128,[-113 -15 24 0 -35 8 -34 8 -33 7 -30 7 -30 7 -29 7 -29 6 -27 5 -27 4 -26 2 -24 2 -23 1 -22 1 -21 0 -20 -1 -19 -2 -19 -2 -18 -2 -16 -3 -16 -3 -15 -5 -14 -5 -13 -5 -12 -5 -11 -7 0 0 0 0 0 0 0 0 0 0 0 0 0 0 0 0 0 0 0 0 0 0 -22 -4 -20 -4 -21 -5 -21 -6 -22 -6 -22 -5 -23 -6 -23 -5 -23 -5 -22 -5 -22 -5 -23 -5 -24 -5 -25 -5 -24 -4 -27 -4 -26 -3 -27 -2 -27 -1 -28 0 -29 1 -30 2 -31 3 -32 4 -34 5 -34 6 ]
CSI_DATA,STA,E4:D1:24:F0:BE:00,-63,10,0,0,0,0,0,0,0,0,0,-97,0,5,0,13499262,0,399,0,0,13.8915,128,[-113 -15 24 0 23 -24 22 -23 21 -21 21 -21 19 -21 19 -18 19 -17 19 -17 19 -17 18 -15 17 -14 17 -13 17 -12 16 -11 16 -9 16 -9 16 -8 15 -7 15 -6 14 -5 14 -4 13 -3 13 -3 12 -2 12 -1 0 0 0 0 0 0 0 0 0 0 0 0 0 0 0 0 0 0 0 0 0 0 20 -7 19 -6 19 -6 19 -6 20 -6 20 -6 20 -6 21 -7 21 -7 20 -7 21 -7 21 -8 21 -8 21 -9 22 -9 22 -11 22 -11 22 -12 22 -14 22 -14 22 -16 23 -17 23 -18 24 -20 24 -21 25 -23 ]
CSI_DATA,STA,E4:D1:24:F0:BE:00,-62,10,0,0,0,0,0,0,0,0,0,-97,0,5,0,13601664,0,399,0,0,13.994,128,[-113 -15 24 0 34 -9 33 -9 32 -9 30 -8 28 -8 28 -8 27 -7 27 -6 25 -6 24 -5 23 -3 22 -2 21 -2 20 -1 19 0 18 1 18 1 17 2 16 2 15 3 14 3 13 4 12 5 12 5 11 6 0 0 0 0 0 0 0 0 0 0 0 0 0 0 0 0 0 0 0 0 0 0 23 3 22 4 22 5 22 5 22 6 22 6 22 6 23 6 22 7 23 6 23 6 23 6 24 5 25 5 25 5 25 4 25 3 26 3 27 1 27 1 28 -1 29 -1 30 -3 31 -4 33 -6 35 -7 ]
CSI_DATA,STA,E4:D1:24:F0:BE:00,-63,10,0,0,0,0,0,0,0,0,0,-97,0,5,0,13704066,0,399,0,0,14.0964,128,[-113 -15 24 0 11 -35 9 -33 10 -32 11 -30 10 -29 10 -28 11 -26 11 -25 10 -24 11 -23 11 -21 11 -19 11 -18 12 -17 10 -15 11 -14 11 -13 11 -12 11 -11 11 -10 10 -9 10 -8 9 -8 10 -6 10 -4 0 0 0 0 0 0 0 0 0 0 0 0 0 0 0 0 0 0 0 0 0 0 13 -18 12 -17 13 -17 13 -16 14 -16 14 -17 14 -17 14 -17 14 -17 13 -17 14 -17 15 -18 14 -19 14 -19 14 -20 14 -21 14 -21 14 -23 13 -24 13 -25 12 -26 12 -28 12 -29 11 -30 12 -32 12 -34 ]
CSI_DATA,STA,E4:D1:24:F0:BE:00,-63,10,0,0,0,0,0,0,0,0,0,-97,0,5,0,13806468,0,399,0,0,14.1989,128,[-113 -15 24 0 -32 13 -32 12 -30 11 -29 10 -27 10 -27 9 -26 7 -26 7 -25 6 -24 6 -23 5 -22 4 -21 2 -21 1 -19 1 -18 0 -18 0 -17 -1 -16 -2 -15 -2 -14 -3 -14 -3 -13 -3 -12 -4 -12 -4 0 0 0 0 0 0 0 0 0 0 0 0 0 0 0 0 0 0 0 0 0 0 -23 1 -23 -1 -23 -1 -23 -1 -24 -1 -23 -2 -24 -2 -24 -2 -25 -1 -24 -1 -24 -1 -25 0 -25 0 -26 0 -27 0 -27 1 -27 2 -27 3 -28 4 -29 4 -29 6 -30 7 -30 8 -31 9 -32 10 -34 12 ]
CSI_DATA,STA,E4:D1:24:F0:BE:00,-64,10,0,0,0,0,0,0,0,0,0,-97,0,5,0,13908870,0,399,0,0,14.3012,128,[-113 -15 24 0 16 25 15 24 15 23 13 23 13 23 12 22 12 21 10 21 8 20 9 20 7 19 6 18 4 18 3 17 2 16 1 15 1 14 0 14 0 13 -1 13 -2 11 -2 12 -2 10 -3 10 -4 10 0 0 0 0 0 0 0 0 0 0 0 0 0 0 0 0 0 0 0 0 0 0 6 19 5 19 4 20 4 20 4 21 4 21 4 21 5 21 5 22 5 21 4 22 5 22 5 23 5 24 6 24 7 24 7 24 8 24 9 25 10 25 11 25 12 25 12 25 14 26 15 27 16 27 ]
CSI_DATA,STA,E4:D1:24:F0:BE:00,-63,10,0,0,0,0,0,0,0,0,0,-97,0,5,0,14011271,0,399,0,0,14.4036,128,[-113 -15 24 0 -33 -10 -31 -9 -30 -8 -28 -8 -27 -8 -27 -8 -25 -8 -25 -8 -23 -9 -21 -9 -20 -9 -19 -9 -18 -9 -16 -9 -15 -9 -14 -10 -13 -9 -13 -10 -11 -9 -10 -9 -10 -10 -9 -9 -8 -9 -7 -9 -8 -9 0 0 0 0 0 0 0 0 0 0 0 0 0 0 0 0 0 0 0 0 0 0 -17 -12 -16 -14 -16 -14 -15 -14 -16 -15 -16 -14 -16 -13 -17 -14 -17 -14 -17 -14 -18 -13 -18 -13 -18 -14 -19 -14 -20 -14 -21 -13 -21 -13 -23 -13 -23 -13 -25 -13 -26 -12 -27 -12 -28 -11 -29 -11 -31 -10 -32 -10 ]
CSI_DATA,STA,E4:D1:24:F0:BE:00,-63,10,0,0,0,0,0,0,0,0,0,-97,0,5,0,14113673,0,399,0,0,14.5059,128,[-113 -15 24 0 31 13 30 13 29 13 27 13 26 13 25 13 23 12 22 13 21 13 18 13 17 12 16 13 14 13 13 12 12 12 11 12 9 12 9 11 7 11 7 11 6 10 5 11 4 10 4 10 2 9 0 0 0 0 0 0 0 0 0 0 0 0 0 0 0 0 0 0 0 0 0 0 15 15 14 15 14 16 13 15 13 16 13 15 13 16 14 16 14 16 14 16 14 16 15 15 16 17 17 17 17 16 18 17 19 15 20 16 21 15 22 16 24 15 25 14 26 15 27 14 29 14 31 14 ]
CSI_DATA,STA,E4:D1:24:F0:BE:00,-64,10,0,0,0,0,0,0,0,0,0,-97,0,5,0,14216075,0,399,0,0,14.6083,128,[-113 -15 24 0 32 1 30 1 29 1 28 2 27 2 26 2 24 3 23 4 22 4 21 6 19 6 17 6 16 6 14 7 13 7 13 7 12 7 11 8 10 7 8 7 8 8 7 7 6 8 5 7 4 6 0 0 0 0 0 0 0 0 0 0 0 0 0 0 0 0 0 0 0 0 0 0 22 8 21 8 21 9 21 10 22 10 21 10 22 10 22 10 22 10 22 10 22 9 23 10 24 9 25 9 24 9 25 9 25 8 27 7 26 6 28 6 28 5 30 4 30 3 31 3 31 2 34 2 ]
CSI_DATA,STA,E4:D1:24:F0:BE:00,-65,10,0,0,0,0,0,0,0,0,0,-97,0,5,0,14420879,0,399,0,0,14.8132,128,[-113 -15 24 0 32 4 31 4 29 5 28 6 28 5 25 6 25 6 23 6 22 7 20 8 19 9 17 9 16 9 15 10 13 9 12 11 12 9 11 10 9 10 9 10 7 11 6 10 5 10 5 8 4 8 0 0 0 0 0 0 0 0 0 0 0 0 0 0 0 0 0 0 0 0 0 0 23 13 21 14 22 15 20 15 21 15 21 15 21 15 21 15 22 14 21 15 21 14 22 14 22 14 22 14 23 13 23 13 24 12 25 12 25 11 26 10 28 8 29 8 29 7 30 6 31 6 34 5 ]
CSI_DATA,STA,E4:D1:24:F0:BE:00,-64,10,0,0,0,0,0,0,0,0,0,-97,0,5,0,14523281,0,399,0,0,14.9156,128,[-113 -15 24 0 31 15 29 12 29 13 26 12 25 12 24 11 22 12 21 12 20 11 19 10 17 11 16 12 13 11 13 11 11 10 10 11 9 10 9 10 8 10 7 9 6 10 5 9 5 8 3 8 3 8 0 0 0 0 0 0 0 0 0 0 0 0 0 0 0 0 0 0 0 0 0 0 22 16 21 17 19 19 19 19 19 19 19 19 19 20 19 20 19 20 19 20 19 20 19 20 19 21 20 21 19 22 20 20 20 20 22 20 22 19 23 19 24 18 25 18 26 17 28 17 30 17 32 16 ]
CSI_DATA,STA,E4:D1:24:F0:BE:00,-63,10,0,0,0,0,0,0,0,0,0,-97,0,5,0,14625682,0,399,0,0,15.018,128,[-113 -15 24 0 -33 -19 -31 -18 -30 -18 -27 -17 -25 -16 -25 -16 -23 -16 -21 -15 -20 -14 -18 -14 -17 -14 -16 -13 -14 -13 -13 -13 -11 -12 -12 -12 -10 -12 -9 -12 -8 -11 -7 -10 -7 -11 -6 -11 -5 -10 -4 -10 -3 -9 0 0 0 0 0 0 0 0 0 0 0 0 0 0 0 0 0 0 0 0 0 0 -17 -17 -16 -18 -15 -19 -15 -19 -15 -19 -15 -19 -15 -20 -16 -20 -16 -20 -16 -20 -16 -21 -17 -21 -18 -21 -18 -22 -19 -22 -20 -22 -20 -21 -22 -22 -23 -21 -24 -22 -26 -21 -27 -21 -29 -21 -30 -21 -31 -21 -33 -22 ]
CSI_DATA,STA,E4:D1:24:F0:BE:00,-63,10,0,0,0,0,0,0,0,0,0,-97,0,5,0,14728084,0,399,0,0,15.1204,128,[-113 -15 24 0 -36 -12 -35 -11 -32 -11 -31 -11 -30 -10 -28 -11 -26 -10 -26 -10 -24 -10 -22 -10 -21 -11 -19 -11 -18 -10 -17 -11 -16 -10 -14 -10 -14 -10 -13 -10 -12 -10 -11 -10 -10 -10 -9 -10 -8 -10 -8 -10 -6 -9 0 0 0 0 0 0 0 0 0 0 0 0 0 0 0 0 0 0 0 0 0 0 -16 -14 -15 -14 -15 -15 -14 -15 -14 -15 -15 -15 -15 -15 -15 -15 -15 -15 -16 -15 -17 -15 -17 -15 -17 -16 -18 -15 -19 -15 -21 -15 -22 -15 -23 -14 -24 -14 -25 -13 -27 -12 -28 -12 -29 -12 -32 -12 -33 -12 -35 -12 ]
CSI_DATA,STA,E4:D1:24:F0:BE:00,-63,10,0,0,0,0,0,0,0,0,0,-97,0,5,0,14830483,0,399,0,0,15.2227,128,[-113 -15 24 0 -26 20 -25 19 -24 17 -23 16 -22 16 -22 14 -20 14 -20 13 -19 12 -19 11 -17 9 -17 8 -15 8 -15 7 -14 5 -14 5 -13 5 -13 4 -12 3 -12 3 -11 3 -11 2 -10 2 -10 2 -11 1 0 0 0 0 0 0 0 0 0 0 0 0 0 0 0 0 0 0 0 0 0 0 -16 7 -17 6 -18 6 -18 6 -18 6 -18 6 -19 6 -19 6 -20 7 -20 6 -20 6 -21 7 -22 7 -21 8 -22 8 -23 9 -22 10 -24 10 -23 11 -24 11 -24 13 -25 14 -25 15 -26 16 -27 19 -27 19 ]
CSI_DATA,STA,E4:D1:24:F0:BE:00,-63,10,0,0,0,0,0,0,0,0,0,-97,0,5,0,14932885,0,399,0,0,15.3251,128,[-113 -15 24 0 38 -2 37 -2 36 -1 34 -1 32 -1 31 0 29 1 27 1 26 2 25 2 23 3 22 3 20 4 20 4 17 4 17 5 15 4 14 5 13 5 13 5 11 5 11 6 10 6 9 6 7 7 0 0 0 0 0 0 0 0 0 0 0 0 0 0 0 0 0 0 0 0 0 0 21 4 20 5 20 5 20 5 20 6 20 6 21 5 22 5 22 5 22 6 22 6 24 6 24 5 25 6 26 5 28 5 28 4 29 3 29 3 31 2 32 2 33 1 35 0 36 0 38 0 40 -1 ]
CSI_DATA,STA,E4:D1:24:F0:BE:00,-62,10,0,0,0,0,0,0,0,0,0,-97,0,5,0,15035287,0,399,0,0,15.4275,128,[-113 -15 24 0 -33 -22 -31 -21 -30 -21 -28 -20 -27 -19 -26 -19 -24 -18 -23 -18 -22 -17 -20 -18 -19 -17 -17 -17 -16 -16 -15 -16 -13 -15 -12 -15 -11 -15 -10 -14 -9 -14 -8 -13 -8 -13 -7 -13 -6 -12 -5 -12 -5 -12 0 0 0 0 0 0 0 0 0 0 0 0 0 0 0 0 0 0 0 0 0 0 -12 -15 -12 -15 -12 -16 -11 -16 -11 -17 -11 -17 -12 -17 -13 -17 -13 -17 -14 -18 -14 -17 -14 -19 -14 -19 -15 -19 -16 -19 -17 -19 -19 -20 -19 -20 -20 -19 -21 -20 -23 -20 -25 -21 -26 -20 -28 -21 -29 -21 -32 -22 ]
CSI_DATA,STA,E4:D1:24:F0:BE:00,-65,10,0,0,0,0,0,0,0,0,0,-97,0,5,0,15137689,0,399,0,0,15.53,128,[-113 -15 24 0 29 24 27 25 27 24 25 23 23 23 21 22 19 22 17 20 16 20 14 19 13 18 11 18 9 16 8 16 7 15 6 14 5 14 5 12 5 12 4 11 3 10 4 10 3 10 3 10 2 9 0 0 0 0 0 0 0 0 0 0 0 0 0 0 0 0 0 0 0 0 0 0 11 21 10 21 9 21 9 21 8 21 9 20 9 20 10 21 10 20 10 21 10 19 11 20 12 21 12 21 13 21 14 21 15 21 16 21 17 21 19 21 21 22 22 22 24 22 26 23 27 24 30 22 ]
CSI_DATA,STA,E4:D1:24:F0:BE:00,-64,10,0,0,0,0,0,0,0,0,0,-97,0,5,0,15240091,0,399,0,0,15.6324,128,[-113 -15 24 0 34 1 34 1 33 2 30 2 28 2 28 2 26 3 25 3 23 4 22 4 21 4 19 5 17 6 16 5 15 5 13 6 13 5 11 5 11 5 10 6 9 6 8 6 8 5 7 6 7 5 0 0 0 0 0 0 0 0 0 0 0 0 0 0 0 0 0 0 0 0 0 0 18 6 17 7 17 7 17 7 18 8 19 8 19 8 19 7 20 8 20 7 20 7 21 7 22 7 23 7 23 8 24 7 24 6 25 6 26 5 27 5 28 4 30 4 31 4 32 2 34 3 36 2 ]
CSI_DATA,STA,E4:D1:24:F0:BE:00,-63,10,0,0,0,0,0,0,0,0,0,-97,0,5,0,15342492,0,399,0,0,15.7348,128,[-113 -15 24 0 29 -27 29 -26 27 -24 27 -24 25 -23 25 -22 23 -19 23 -19 23 -17 21 -16 21 -14 20 -12 19 -12 17 -10 17 -10 16 -9 16 -8 16 -8 15 -7 14 -6 14 -5 13 -5 13 -4 13 -3 13 -3 0 0 0 0 0 0 0 0 0 0 0 0 0 0 0 0 0 0 0 0 0 0 18 -8 18 -8 18 -7 17 -8 18 -8 18 -7 18 -8 19 -8 19 -9 18 -9 20 -9 21 -10 21 -11 22 -12 22 -13 23 -13 23 -14 24 -16 25 -17 24 -18 25 -21 26 -21 27 -22 29 -23 29 -25 31 -27 ]
CSI_DATA,STA,E4:D1:24:F0:BE:00,-62,10,0,0,0,0,0,0,0,0,0,-97,0,5,0,15444894,0,399,0,0,15.8372,128,[-113 -15 24 0 -21 33 -20 30 -20 29 -19 28 -18 26 -18 25 -17 23 -17 22 -17 20 -16 19 -15 17 -16 17 -15 15 -14 14 -14 12 -13 12 -14 11 -13 10 -13 9 -13 8 -13 7 -12 6 -12 5 -12 5 -11 3 0 0 0 0 0 0 0 0 0 0 0 0 0 0 0 0 0 0 0 0 0 0 -16 12 -16 11 -17 10 -17 11 -17 11 -17 11 -18 12 -18 12 -18 12 -18 13 -17 13 -19 14 -19 15 -19 15 -19 17 -20 17 -20 19 -20 19 -20 21 -20 22 -20 24 -21 26 -21 27 -20 29 -22 31 -23 32 ]
CSI_DATA,STA,E4:D1:24:F0:BE:00,-62,10,0,0,0,0,0,0,0,0,0,-97,0,5,0,15547296,0,399,0,0,15.9397,128,[-113 -15 24 0 31 21 29 20 28 20 26 19 26 18 24 18 22 17 21 17 19 16 18 16 16 15 15 15 13 14 13 14 11 14 10 13 8 13 8 13 6 12 7 12 6 11 5 11 4 11 3 10 3 11 0 0 0 0 0 0 0 0 0 0 0 0 0 0 0 0 0 0 0 0 0 0 14 15 13 15 12 16 12 16 13 16 12 16 12 16 13 16 14 17 14 17 13 17 14 18 15 18 16 19 16 19 17 19 18 19 20 19 20 19 21 19 23 19 25 19 27 20 27 20 30 21 31 21 ]
CSI_DATA,STA,E4:D1:24:F0:BE:00,-64,10,0,0,0,0,0,0,0,0,0,-97,0,5,0,15649698,0,399,0,0,16.0419,128,[-113 -15 24 0 -37 8 -36 8 -33 6 -33 6 -31 6 -29 5 -27 4 -27 3 -27 3 -25 2 -24 0 -23 -1 -21 -1 -20 -2 -18 -3 -18 -3 -17 -3 -16 -3 -15 -5 -14 -4 -13 -5 -12 -6 -11 -6 -11 -6 -9 -5 0 0 0 0 0 0 0 0 0 0 0 0 0 0 0 0 0 0 0 0 0 0 -24 -3 -22 -3 -22 -5 -22 -4 -22 -4 -22 -4 -23 -4 -23 -4 -23 -4 -23 -4 -23 -4 -24 -3 -25 -3 -25 -2 -26 -2 -26 -1 -27 -1 -28 0 -29 1 -30 2 -30 3 -32 4 -32 5 -34 6 -36 7 -38 8 ]
CSI_DATA,STA,E4:D1:24:F0:BE:00,-63,10,0,0,0,0,0,0,0,0,0,-97,0,5,0,15752100,0,399,0,0,16.1443,128,[-113 -15 24 0 -31 14 -30 14 -29 13 -28 12 -27 12 -26 11 -24 9 -23 8 -23 8 -22 7 -21 5 -19 5 -19 4 -18 3 -17 2 -16 2 -16 2 -15 1 -14 0 -14 0 -13 -1 -12 -1 -11 -2 -11 -2 -11 -2 0 0 0 0 0 0 0 0 0 0 0 0 0 0 0 0 0 0 0 0 0 0 -20 3 -20 2 -20 1 -20 1 -20 1 -20 1 -21 1 -21 1 -21 1 -21 1 -21 1 -22 2 -23 2 -24 3 -23 3 -24 3 -25 4 -25 5 -25 5 -26 7 -27 9 -28 10 -28 10 -29 11 -30 12 -32 14 ]
CSI_DATA,STA,E4:D1:24:F0:BE:00,-64,10,0,0,0,0,0,0,0,0,0,-97,0,5,0,15854502,0,399,0,0,16.2469,128,[-113 -15 24 0 -33 -5 -31 -5 -30 -5 -28 -5 -27 -6 -26 -6 -25 -6 -24 -6 -22 -7 -21 -7 -20 -7 -19 -7 -17 -7 -16 -7 -14 -7 -13 -7 -12 -7 -11 -7 -10 -8 -10 -8 -9 -8 -8 -8 -7 -8 -6 -8 -6 -7 0 0 0 0 0 0 0 0 0 0 0 0 0 0 0 0 0 0 0 0 0 0 -17 -9 -17 -9 -17 -9 -17 -9 -17 -10 -17 -10 -17 -10 -18 -10 -18 -10 -18 -10 -18 -10 -19 -10 -20 -11 -20 -10 -21 -10 -22 -10 -22 -10 -23 -10 -23 -9 -24 -9 -25 -8 -26 -7 -28 -7 -29 -7 -30 -6 -32 -6 ]
CSI_DATA,STA,E4:D1:24:F0:BE:00,-63,10,0,0,0,0,0,0,0,0,0,-97,0,5,0,15956903,0,399,0,0,16.3492,128,[-113 -15 24 0 32 -5 32 -4 30 -4 28 -4 27 -4 26 -3 25 -3 24 -3 23 -3 22 -2 21 -1 20 -1 19 -1 18 0 17 1 16 1 15 2 15 2 14 2 13 2 13 3 12 3 11 3 11 4 9 4 0 0 0 0 0 0 0 0 0 0 0 0 0 0 0 0 0 0 0 0 0 0 20 -1 19 0 19 1 19 2 19 1 20 2 20 2 20 1 21 2 20 1 21 2 22 2 22 2 23 1 24 1 24 1 24 1 25 1 26 1 26 0 27 -1 30 -1 29 -2 31 -3 32 -3 33 -4 ]
CSI_DATA,STA,E4:D1:24:F0:BE:00,-62,10,0,0,0,0,0,0,0,0,0,-97,0,5,0,16059305,0,399,0,0,16.4516,128,[-113 -15 24 0 16 -33 15 -31 14 -30 14 -29 12 -28 12 -27 12 -26 12 -25 12 -23 11 -21 12 -20 12 -19 10 -18 11 -16 10 -15 10 -14 11 -13 10 -12 10 -12 9 -10 9 -9 9 -8 9 -8 9 -6 8 -6 0 0 0 0 0 0 0 0 0 0 0 0 0 0 0 0 0 0 0 0 0 0 13 -18 14 -18 15 -18 15 -18 16 -17 16 -18 16 -18 17 -19 17 -18 17 -18 17 -18 18 -18 19 -19 19 -19 19 -20 19 -21 19 -21 19 -22 19 -24 19 -24 18 -25 18 -27 18 -27 18 -29 19 -31 19 -32 ]
CSI_DATA,STA,E4:D1:24:F0:BE:00,-63,10,0,0,0,0,0,0,0,0,0,-97,0,5,0,16161707,0,399,0,0,16.554,128,[-113 -15 24 0 -30 13 -28 13 -27 13 -26 11 -25 11 -24 10 -22 9 -22 8 -21 8 -20 7 -20 5 -19 5 -18 5 -17 4 -16 3 -15 2 -15 2 -14 1 -13 0 -13 0 -12 -1 -11 -1 -10 -1 -10 -2 -10 -4 0 0 0 0 0 0 0 0 0 0 0 0 0 0 0 0 0 0 0 0 0 0 -20 4 -20 2 -20 2 -20 1 -20 1 -21 1 -21 1 -21 1 -21 1 -21 1 -21 2 -22 1 -22 1 -22 2 -23 2 -24 2 -25 4 -25 4 -25 5 -26 5 -26 7 -27 8 -27 9 -28 10 -29 11 -31 12 ]
CSI_DATA,STA,E4:D1:24:F0:BE:00,-63,10,0,0,0,0,0,0,0,0,0,-97,0,5,0,16264109,0,399,0,0,16.6565,128,[-113 -15 24 0 -32 20 -31 20 -29 19 -28 17 -27 17 -27 16 -25 15 -25 14 -24 12 -22 10 -22 9 -20 8 -20 8 -19 6 -17 5 -17 5 -16 4 -16 4 -14 3 -14 2 -13 1 -12 1 -12 1 -12 0 -11 -1 0 0 0 0 0 0 0 0 0 0 0 0 0 0 0 0 0 0 0 0 0 0 -22 5 -22 4 -22 3 -22 3 -22 2 -22 2 -22 3 -22 3 -22 2 -21 3 -22 3 -23 4 -24 5 -23 5 -24 5 -24 7 -25 7 -25 8 -26 10 -26 11 -27 13 -28 14 -28 16 -30 17 -30 19 -32 20 ]
CSI_DATA,STA,E4:D1:24:F0:BE:00,-63,10,0,0,0,0,0,0,0,0,0,-97,0,5,0,16366511,0,399,0,0,16.7587,128,[-113 -15 24 0 -17 35 -16 33 -16 32 -15 29 -15 29 -15 27 -14 26 -14 25 -14 23 -14 22 -15 21 -14 19 -14 17 -14 17 -13 15 -14 14 -14 13 -13 12 -13 10 -12 9 -13 9 -12 8 -12 7 -12 6 -11 4 0 0 0 0 0 0 0 0 0 0 0 0 0 0 0 0 0 0 0 0 0 0 -16 17 -17 15 -17 15 -17 14 -18 14 -17 14 -17 15 -17 15 -18 15 -17 16 -18 16 -17 17 -17 17 -18 18 -18 18 -18 19 -18 20 -18 21 -17 23 -17 24 -17 26 -17 27 -17 28 -18 30 -18 31 -18 33 ]
CSI_DATA,STA,E4:D1:24:F0:BE:00,-63,10,0,0,0,0,0,0,0,0,0,-97,0,5,0,16468913,0,399,0,0,16.8611,128,[-113 -15 24 0 28 -17 26 -16 26 -15 25 -15 24 -15 23 -14 23 -13 22 -12 22 -12 20 -10 19 -9 19 -7 18 -7 18 -6 17 -5 16 -4 15 -3 15 -2 14 -2 13 -1 13 -1 11 0 11 0 10 1 10 2 0 0 0 0 0 0 0 0 0 0 0 0 0 0 0 0 0 0 0 0 0 0 19 -8 19 -7 19 -7 19 -6 19 -5 20 -5 21 -5 21 -6 21 -6 20 -5 22 -5 22 -5 22 -5 23 -5 23 -6 24 -6 24 -7 25 -7 25 -8 25 -9 25 -9 26 -11 27 -11 27 -12 28 -13 30 -15 ]
CSI_DATA,STA,E4:D1:24:F0:BE:00,-63,10,0,0,0,0,0,0,0,0,0,-97,0,5,0,16571315,0,399,0,0,16.9637,128,[-113 -15 24 0 -29 23 -27 22 -26 20 -25 20 -24 19 -24 18 -22 16 -22 15 -21 14 -20 12 -19 12 -19 10 -18 10 -17 8 -17 6 -16 6 -15 5 -15 4 -14 4 -13 2 -12 1 -11 1 -11 0 -10 0 -9 0 0 0 0 0 0 0 0 0 0 0 0 0 0 0 0 0 0 0 0 0 0 0 -20 12 -20 10 -21 10 -21 9 -21 9 -21 10 -22 10 -22 10 -22 10 -22 11 -22 10 -23 11 -24 11 -25 11 -25 12 -25 13 -25 13 -26 14 -26 15 -26 16 -26 17 -27 19 -28 19 -28 20 -29 21 -29 23 ]
CSI_DATA,STA,E4:D1:24:F0:BE:00,-64,10,0,0,0,0,0,0,0,0,0,-97,0,5,0,16673716,0,399,0,0,17.0661,128,[-113 -15 24 0 1 -33 1 -31 1 -30 1 -29 1 -27 1 -26 2 -25 2 -24 3 -23 4 -22 3 -20 4 -20 4 -18 5 -16 5 -16 5 -14 5 -14 5 -12 5 -12 6 -11 5 -10 5 -10 5 -9 6 -7 5 -6 0 0 0 0 0 0 0 0 0 0 0 0 0 0 0 0 0 0 0 0 0 0 6 -24 7 -24 8 -24 8 -23 9 -23 10 -23 10 -23 10 -23 10 -23 10 -22 10 -22 10 -23 11 -23 10 -24 9 -24 9 -25 8 -25 8 -27 7 -26 7 -27 5 -28 6 -30 4 -29 4 -31 3 -33 3 -34 ]
CSI_DATA,STA,E4:D1:24:F0:BE:00,-64,10,0,0,0,0,0,0,0,0,0,-97,0,5,0,16776119,0,399,0,0,17.1684,128,[-113 -15 24 0 13 31 12 29 11 28 11 27 10 27 9 26 7 25 7 24 7 23 5 21 5 20 4 19 3 19 1 17 1 16 0 16 0 15 -1 13 -2 13 -2 12 -2 10 -2 10 -3 9 -3 8 -4 8 0 0 0 0 0 0 0 0 0 0 0 0 0 0 0 0 0 0 0 0 0 0 4 23 3 22 1 23 1 22 1 23 1 22 0 23 0 23 0 23 0 24 0 23 0 24 1 24 1 24 1 25 2 25 2 25 3 26 4 27 4 27 5 28 6 29 8 29 9 30 10 31 11 33 ]
CSI_DATA,STA,E4:D1:24:F0:BE:00,-63,10,0,0,0,0,0,0,0,0,0,-97,0,5,0,16878521,0,399,0,0,17.2709,128,[-113 -15 24 0 35 4 33 4 33 4 32 4 30 4 29 4 26 4 26 5 24 5 22 6 21 7 18 7 17 7 16 7 14 7 13 8 11 7 11 7 9 8 8 7 7 7 6 7 5 7 4 6 3 6 0 0 0 0 0 0 0 0 0 0 0 0 0 0 0 0 0 0 0 0 0 0 23 7 22 8 22 9 21 9 22 10 21 10 23 11 23 10 23 11 23 11 22 11 23 11 24 11 25 12 24 11 26 11 26 10 28 10 27 10 29 9 30 8 32 8 33 7 34 7 35 6 37 6 ]
CSI_DATA,STA,E4:D1:24:F0:BE:00,-63,10,0,0,0,0,0,0,0,0,0,-97,0,5,0,16980923,0,399,0,0,17.3732,128,[-113 -15 24 0 -31 14 -30 14 -29 13 -28 12 -26 11 -25 10 -24 9 -23 9 -23 8 -21 7 -20 5 -19 5 -19 4 -17 3 -16 2 -15 1 -15 0 -14 0 -12 0 -12 -1 -11 -1 -10 -2 -9 -2 -8 -2 -8 -3 0 0 0 0 0 0 0 0 0 0 0 0 0 0 0 0 0 0 0 0 0 0 -22 2 -21 1 -21 1 -22 0 -22 0 -22 0 -23 0 -23 0 -22 0 -23 0 -23 1 -24 0 -24 0 -25 1 -25 2 -26 3 -27 3 -27 4 -27 5 -28 6 -28 7 -29 8 -30 9 -31 10 -31 11 -32 12 ]
CSI_DATA,STA,E4:D1:24:F0:BE:00,-63,10,0,0,0,0,0,0,0,0,0,-97,0,5,0,17083325,0,399,0,0,17.4756,128,[-113 -15 24 0 -27 26 -26 25 -25 23 -24 22 -23 20 -22 19 -21 17 -21 16 -21 15 -19 13 -18 11 -17 11 -17 9 -15 7 -15 6 -15 6 -14 5 -13 4 -13 3 -12 2 -10 2 -10 1 -10 1 -9 0 -9 -1 0 0 0 0 0 0 0 0 0 0 0 0 0 0 0 0 0 0 0 0 0 0 -20 12 -20 10 -21 10 -20 10 -21 10 -22 10 -22 10 -23 9 -23 9 -23 10 -23 10 -23 10 -24 11 -24 11 -25 12 -25 14 -25 14 -25 15 -25 15 -26 17 -26 18 -27 20 -26 21 -27 23 -27 25 -28 26 ]
CSI_DATA,STA,E4:D1:24:F0:BE:00,-63,10,0,0,0,0,0,0,0,0,0,-97,0,5,0,17185727,0,399,0,0,17.5779,128,[-113 -15 24 0 -17 -31 -16 -29 -16 -30 -15 -28 -14 -28 -13 -27 -11 -26 -11 -25 -10 -24 -9 -23 -7 -22 -6 -21 -5 -20 -4 -19 -4 -17 -2 -17 -1 -16 -1 -15 0 -14 0 -13 0 -12 1 -12 1 -11 2 -10 2 -10 0 0 0 0 0 0 0 0 0 0 0 0 0 0 0 0 0 0 0 0 0 0 -5 -20 -4 -20 -4 -20 -4 -20 -3 -21 -3 -21 -3 -21 -3 -21 -3 -22 -3 -22 -3 -22 -3 -23 -3 -23 -4 -24 -4 -25 -5 -26 -5 -25 -6 -26 -7 -26 -8 -26 -9 -27 -10 -28 -12 -28 -13 -29 -14 -30 -16 -31 ]
CSI_DATA,STA,E4:D1:24:F0:BE:00,-63,10,0,0,0,0,0,0,0,0,0,-97,0,5,0,17288128,0,399,0,0,17.6804,128,[-113 -15 24 0 -14 -35 -13 -32 -12 -33 -11 -30 -10 -29 -10 -28 -9 -27 -7 -25 -7 -25 -6 -23 -6 -23 -4 -21 -4 -19 -3 -19 -2 -17 -1 -17 -1 -15 0 -14 0 -13 0 -12 0 -12 1 -12 0 -12 -2 -9 6 -10 0 0 0 0 0 0 0 0 0 0 0 0 0 0 0 0 0 0 0 0 0 0 -5 -22 -4 -21 -3 -22 -3 -22 -2 -24 -1 -23 -1 -23 -1 -24 -1 -24 -1 -24 -1 -24 -1 -25 -2 -27 -1 -27 -2 -27 -3 -28 -3 -28 -4 -29 -4 -29 -5 -30 -6 -32 -8 -33 -9 -33 -9 -34 -10 -35 -12 -36 ]
CSI_DATA,STA,E4:D1:24:F0:BE:00,-63,10,0,0,0,0,0,0,0,0,0,-97,0,5,0,17390530,0,399,0,0,17.7828,128,[-113 -15 24 0 33 -5 32 -5 31 -5 29 -3 29 -4 27 -4 26 -4 25 -3 24 -2 23 -2 21 0 20 0 19 0 18 1 16 1 16 2 15 2 14 2 13 3 12 3 11 4 11 4 10 4 9 4 9 5 0 0 0 0 0 0 0 0 0 0 0 0 0 0 0 0 0 0 0 0 0 0 20 1 20 2 21 3 20 4 21 4 20 5 22 5 22 5 22 5 22 5 22 6 22 5 23 6 24 5 24 5 25 5 24 4 26 3 26 3 27 3 28 0 30 1 30 -1 31 -1 33 -2 35 -4 ]
CSI_DATA,STA,E4:D1:24:F0:BE:00,-63,10,0,0,0,0,0,0,0,0,0,-97,0,5,0,17492932,0,399,0,0,17.8853,128,[-113 -15 24 0 -19 -25 -18 -24 -17 -23 -15 -22 -15 -21 -15 -21 -13 -20 -13 -19 -11 -19 -11 -18 -9 -17 -9 -17 -7 -15 -7 -15 -5 -14 -5 -14 -4 -13 -3 -12 -2 -11 -2 -11 -1 -10 -1 -10 -1 -9 0 -9 1 -8 0 0 0 0 0 0 0 0 0 0 0 0 0 0 0 0 0 0 0 0 0 0 -7 -17 -6 -17 -6 -18 -5 -18 -5 -18 -5 -18 -5 -18 -5 -19 -6 -19 -6 -19 -5 -19 -6 -19 -6 -20 -7 -20 -7 -21 -8 -21 -8 -20 -9 -22 -10 -22 -10 -22 -12 -22 -13 -24 -14 -24 -15 -24 -16 -26 -17 -25 ]
CSI_DATA,STA,E4:D1:24:F0:BE:00,-63,10,0,0,0,0,0,0,0,0,0,-97,0,5,0,17595334,0,399,0,0,17.9877,128,[-113 -15 24 0 8 -31 7 -30 8 -29 7 -27 6 -26 6 -25 7 -24 7 -23 7 -21 7 -20 7 -19 7 -18 8 -16 8 -15 8 -14 8 -13 8 -12 8 -11 8 -10 8 -8 8 -8 7 -7 7 -6 8 -5 8 -4 0 0 0 0 0 0 0 0 0 0 0 0 0 0 0 0 0 0 0 0 0 0 10 -21 11 -20 11 -20 11 -19 12 -19 12 -19 12 -19 12 -20 13 -20 12 -19 12 -19 13 -19 13 -19 13 -20 12 -21 13 -22 11 -23 12 -23 12 -24 11 -25 10 -26 10 -28 10 -27 10 -29 10 -30 10 -32 ]
CSI_DATA,STA,E4:D1:24:F0:BE:00,-61,10,0,0,0,0,0,0,0,0,0,-97,0,5,0,17697736,0,399,0,0,18.0901,128,[-113 -15 24 0 30 -11 27 -11 26 -11 25 -10 24 -9 23 -9 21 -9 20 -8 20 -7 19 -7 17 -5 17 -5 16 -4 15 -4 13 -3 13 -2 13 -2 12 -1 11 -1 10 -1 9 0 8 0 8 1 8 1 7 2 0 0 0 0 0 0 0 0 0 0 0 0 0 0 0 0 0 0 0 0 0 0 18 -5 18 -4 19 -3 19 -3 19 -3 20 -3 20 -3 20 -3 21 -3 21 -3 21 -3 22 -2 23 -3 24 -3 24 -3 25 -4 25 -4 27 -5 27 -5 28 -6 28 -6 28 -8 30 -8 30 -8 31 -9 32 -10 ]
CSI_DATA,STA,E4:D1:24:F0:BE:00,-63,10,0,0,0,0,0,0,0,0,0,-97,0,5,0,17800138,0,399,0,0,18.1926,128,[-113 -15 24 0 -7 32 -7 31 -6 30 -5 28 -6 28 -5 26 -5 25 -6 23 -5 22 -6 21 -6 20 -6 18 -6 17 -6 16 -6 14 -7 14 -6 13 -7 12 -6 11 -7 10 -6 9 -6 9 -6 8 -6 7 -7 7 0 0 0 0 0 0 0 0 0 0 0 0 0 0 0 0 0 0 0 0 0 0 -8 21 -9 20 -10 20 -11 19 -11 20 -11 19 -12 20 -11 20 -12 21 -12 21 -12 20 -12 21 -13 22 -13 22 -12 23 -12 23 -13 24 -13 25 -12 26 -11 27 -11 28 -10 29 -9 30 -11 31 -10 32 -9 33 ]
CSI_DATA,STA,E4:D1:24:F0:BE:00,-62,10,0,0,0,0,0,0,0,0,0,-97,0,5,0,17902540,0,399,0,0,18.2949,128,[-113 -15 24 0 -30 -3 -29 -3 -27 -2 -26 -2 -25 -2 -24 -3 -23 -2 -22 -2 -22 -3 -20 -3 -19 -4 -18 -4 -17 -4 -16 -3 -15 -4 -14 -4 -14 -4 -13 -4 -12 -5 -12 -5 -11 -5 -10 -5 -10 -5 -9 -5 -9 -6 0 0 0 0 0 0 0 0 0 0 0 0 0 0 0 0 0 0 0 0 0 0 -17 -5 -17 -6 -17 -7 -16 -7 -17 -7 -17 -7 -17 -7 -18 -8 -18 -7 -18 -8 -18 -8 -19 -8 -19 -8 -20 -9 -20 -9 -22 -9 -22 -8 -23 -8 -23 -8 -24 -7 -25 -7 -27 -7 -27 -6 -28 -6 -29 -5 -30 -5 ]
CSI_DATA,STA,E4:D1:24:F0:BE:00,-62,10,0,0,0,0,0,0,0,0,0,-97,0,5,0,18004941,0,399,0,0,18.3972,128,[-113 -15 24 0 -30 -7 -29 -7 -28 -7 -27 -5 -26 -5 -25 -6 -23 -5 -23 -5 -22 -6 -20 -6 -19 -6 -19 -6 -17 -6 -16 -7 -15 -6 -15 -7 -13 -7 -13 -7 -12 -7 -11 -7 -10 -7 -10 -7 -9 -7 -8 -7 -7 -8 0 0 0 0 0 0 0 0 0 0 0 0 0 0 0 0 0 0 0 0 0 0 -19 -7 -18 -8 -18 -9 -18 -9 -17 -10 -18 -10 -18 -10 -18 -10 -18 -11 -18 -10 -18 -11 -18 -11 -19 -11 -19 -12 -20 -12 -21 -12 -21 -11 -22 -11 -22 -10 -23 -11 -24 -9 -26 -10 -27 -9 -27 -10 -29 -9 -30 -7 ]
CSI_DATA,STA,E4:D1:24:F0:BE:00,-62,10,0,0,0,0,0,0,0,0,0,-97,0,5,0,18107343,0,399,0,0,18.4996,128,[-113 -15 24 0 -19 -27 -20 -26 -18 -23 -17 -24 -17 -22 -17 -22 -15 -20 -15 -20 -13 -18 -13 -18 -12 -18 -11 -17 -10 -16 -8 -15 -7 -15 -6 -14 -6 -14 -5 -13 -4 -12 -4 -11 -2 -12 -2 -10 -3 -11 -3 -9 -2 -8 0 0 0 0 0 0 0 0 0 0 0 0 0 0 0 0 0 0 0 0 0 0 -11 -17 -10 -17 -9 -18 -9 -18 -9 -19 -10 -20 -8 -19 -9 -20 -8 -21 -9 -20 -10 -20 -10 -21 -11 -21 -9 -22 -11 -23 -11 -23 -12 -24 -12 -24 -13 -25 -13 -26 -15 -26 -15 -27 -17 -26 -19 -26 -20 -27 -21 -28 ]
CSI_DATA,STA,E4:D1:24:F0:BE:00,-62,10,0,0,0,0,0,0,0,0,0,-97,0,5,0,18209745,0,399,0,0,18.602,128,[-113 -15 24 0 -34 -15 -33 -15 -31 -13 -29 -13 -28 -12 -27 -12 -25 -12 -24 -11 -22 -11 -22 -11 -20 -11 -19 -10 -18 -11 -17 -10 -15 -10 -14 -9 -13 -10 -12 -10 -11 -10 -11 -9 -10 -9 -9 -9 -9 -9 -8 -9 -6 -10 0 0 0 0 0 0 0 0 0 0 0 0 0 0 0 0 0 0 0 0 0 0 -15 -11 -14 -12 -14 -13 -14 -13 -15 -13 -15 -14 -15 -14 -15 -14 -15 -14 -16 -14 -17 -14 -17 -15 -18 -15 -19 -16 -19 -16 -20 -16 -22 -16 -23 -16 -24 -16 -25 -16 -26 -16 -28 -16 -29 -15 -31 -16 -32 -16 -34 -16 ]
CSI_DATA,STA,E4:D1:24:F0:BE:00,-62,10,0,0,0,0,0,0,0,0,0,-97,0,5,0,18312147,0,399,0,0,18.7045,128,[-113 -15 24 0 23 -21 23 -20 21 -19 21 -18 20 -17 20 -16 18 -14 18 -13 17 -13 16 -12 15 -11 15 -10 14 -9 14 -8 13 -6 12 -6 12 -6 12 -4 11 -4 11 -3 10 -3 9 -2 9 -2 9 -2 9 -1 0 0 0 0 0 0 0 0 0 0 0 0 0 0 0 0 0 0 0 0 0 0 15 -12 16 -11 16 -10 17 -10 17 -9 17 -9 17 -8 18 -9 18 -8 18 -8 18 -9 19 -9 19 -10 19 -10 20 -11 20 -11 20 -11 21 -12 21 -13 22 -13 22 -15 22 -16 23 -17 23 -18 24 -19 25 -21 ]
CSI_DATA,STA,E4:D1:24:F0:BE:00,-62,10,0,0,0,0,0,0,0,0,0,-97,0,5,0,18414549,0,399,0,0,18.8069,128,[-113 -15 24 0 37 -4 36 -4 35 -3 32 -3 32 -2 30 -2 28 -1 27 -1 26 0 24 1 23 2 21 2 20 2 19 3 17 3 17 3 16 4 15 4 13 4 13 4 12 5 10 5 10 5 9 5 9 6 0 0 0 0 0 0 0 0 0 0 0 0 0 0 0 0 0 0 0 0 0 0 19 2 18 3 18 4 18 4 19 4 19 4 19 4 19 4 20 4 20 5 20 4 21 5 22 5 23 4 24 4 25 3 25 3 27 2 27 2 28 1 30 0 32 -1 32 -1 34 -1 36 -2 38 -3 ]
CSI_DATA,STA,E4:D1:24:F0:BE:00,-63,10,0,0,0,0,0,0,0,0,0,-97,0,5,0,18516951,0,399,0,0,18.9093,128,[-113 -15 24 0 14 -30 14 -28 13 -26 12 -25 12 -24 12 -23 11 -22 11 -21 11 -20 10 -19 10 -17 10 -16 10 -15 10 -14 9 -12 9 -12 8 -11 9 -10 8 -9 8 -8 8 -8 8 -7 7 -6 7 -6 8 -4 0 0 0 0 0 0 0 0 0 0 0 0 0 0 0 0 0 0 0 0 0 0 11 -19 12 -18 13 -19 13 -18 14 -18 14 -18 15 -17 16 -18 16 -19 16 -19 16 -18 16 -18 17 -19 17 -20 17 -20 18 -21 18 -20 18 -22 17 -23 17 -23 18 -24 18 -25 17 -26 16 -28 16 -28 17 -30 ]
CSI_DATA,STA,E4:D1:24:F0:BE:00,-63,10,0,0,0,0,0,0,0,0,0,-97,0,5,0,18619352,0,399,0,0,19.0117,128,[-113 -15 24 0 -32 0 -31 0 -29 0 -28 0 -27 0 -26 -1 -24 -1 -24 -1 -23 -2 -22 -2 -21 -3 -19 -3 -18 -3 -17 -4 -16 -4 -15 -5 -14 -4 -14 -5 -13 -6 -12 -5 -11 -5 -10 -6 -10 -6 -9 -6 -8 -6 0 0 0 0 0 0 0 0 0 0 0 0 0 0 0 0 0 0 0 0 0 0 -18 -4 -18 -6 -18 -6 -18 -7 -18 -7 -19 -7 -19 -7 -19 -7 -19 -7 -19 -8 -19 -7 -21 -7 -20 -7 -21 -8 -22 -7 -23 -7 -23 -6 -24 -6 -24 -6 -25 -5 -26 -4 -27 -4 -28 -3 -29 -3 -30 -2 -32 -1 ]
CSI_DATA,STA,E4:D1:24:F0:BE:00,-64,10,0,0,0,0,0,0,0,0,0,-97,0,5,0,18721754,0,399,0,0,19.1141,128,[-113 -15 24 0 -20 -31 -19 -29 -17 -28 -16 -27 -16 -27 -14 -26 -13 -25 -12 -24 -11 -23 -10 -22 -9 -21 -7 -19 -6 -19 -5 -17 -4 -16 -3 -16 -2 -15 -2 -14 -1 -13 -1 -12 0 -11 0 -10 1 -10 2 -9 1 -7 0 0 0 0 0 0 0 0 0 0 0 0 0 0 0 0 0 0 0 0 0 0 -6 -22 -4 -22 -5 -22 -4 -22 -3 -22 -3 -22 -4 -22 -4 -22 -4 -23 -5 -23 -5 -22 -4 -23 -6 -24 -6 -24 -6 -24 -7 -25 -8 -25 -9 -26 -10 -26 -11 -27 -13 -27 -14 -29 -15 -28 -17 -29 -18 -31 -20 -32 ]
CSI_DATA,STA,E4:D1:24:F0:BE:00,-63,10,0,0,0,0,0,0,0,0,0,-97,0,5,0,18824154,0,399,0,0,19.2165,128,[-113 -15 24 0 5 -35 4 -34 5 -32 4 -30 3 -29 4 -28 4 -27 4 -26 4 -25 5 -23 4 -22 4 -21 5 -20 5 -18 6 -17 6 -16 7 -16 6 -15 7 -14 7 -13 6 -12 7 -11 7 -10 8 -8 7 -8 0 0 0 0 0 0 0 0 0 0 0 0 0 0 0 0 0 0 0 0 0 0 5 -21 6 -20 7 -20 7 -20 8 -20 8 -20 9 -20 9 -21 9 -21 9 -22 10 -21 10 -22 10 -23 11 -23 11 -25 10 -25 9 -25 10 -26 10 -27 10 -28 8 -29 9 -31 8 -31 8 -32 7 -34 7 -35 ]
CSI_DATA,STA,E4:D1:24:F0:BE:00,-64,10,0,0,0,0,0,0,0,0,0,-97,0,5,0,18926556,0,399,0,0,19.3189,128,[-113 -15 24 0 -25 -25 -24 -23 -24 -22 -22 -22 -21 -20 -20 -20 -18 -20 -18 -19 -16 -19 -15 -18 -14 -18 -12 -17 -11 -17 -10 -15 -9 -15 -9 -14 -7 -13 -6 -13 -5 -12 -5 -11 -5 -11 -4 -10 -3 -10 -2 -9 -2 -9 0 0 0 0 0 0 0 0 0 0 0 0 0 0 0 0 0 0 0 0 0 0 -14 -24 -12 -24 -11 -25 -11 -24 -10 -25 -10 -25 -10 -25 -9 -25 -10 -25 -10 -25 -10 -25 -10 -25 -10 -26 -11 -27 -12 -27 -12 -26 -12 -27 -12 -27 -13 -26 -15 -26 -16 -26 -17 -26 -19 -25 -20 -26 -21 -27 -24 -27 ]
CSI_DATA,STA,E4:D1:24:F0:BE:00,-64,10,0,0,0,0,0,0,0,0,0,-97,0,5,0,19028958,0,399,0,0,19.4213,128,[-113 -15 24 0 -2 36 -3 34 -3 33 -2 32 -2 31 -3 30 -4 28 -4 27 -5 26 -5 25 -6 23 -7 22 -7 20 -7 19 -8 17 -8 17 -8 16 -9 14 -9 14 -9 12 -9 10 -10 10 -9 9 -9 7 -10 5 0 0 0 0 0 0 0 0 0 0 0 0 0 0 0 0 0 0 0 0 0 0 -11 21 -12 19 -13 20 -13 19 -14 19 -13 18 -14 19 -13 19 -13 19 -13 19 -13 18 -13 19 -13 20 -12 21 -12 20 -12 22 -11 21 -9 23 -9 24 -9 25 -7 27 -5 28 -6 29 -5 32 -4 33 -4 36 ]
CSI_DATA,STA,E4:D1:24:F0:BE:00,-63,10,0,0,0,0,0,0,0,0,0,-97,0,5,0,19131360,0,399,0,0,19.5237,128,[-113 -15 24 0 -14 -34 -14 -33 -13 -32 -12 -31 -12 -30 -11 -29 -9 -27 -9 -25 -7 -24 -6 -24 -5 -23 -4 -21 -4 -20 -3 -18 -2 -17 -2 -17 -1 -16 0 -15 0 -14 1 -13 1 -13 1 -11 1 -11 2 -10 3 -10 0 0 0 0 0 0 0 0 0 0 0 0 0 0 0 0 0 0 0 0 0 0 -5 -20 -3 -20 -3 -21 -3 -22 -2 -22 -2 -22 -2 -23 -2 -23 -3 -23 -2 -23 -1 -23 -2 -25 -2 -25 -2 -26 -3 -27 -4 -27 -5 -28 -5 -29 -6 -29 -7 -30 -8 -31 -9 -32 -9 -33 -10 -34 -11 -35 -13 -37 ]
CSI_DATA,STA,E4:D1:24:F0:BE:00,-62,10,0,0,0,0,0,0,0,0,0,-97,0,5,0,19233762,0,399,0,0,19.6261,128,[-113 -15 24 0 14 31 14 29 14 27 13 26 12 26 11 25 10 23 9 23 8 21 7 21 6 19 5 18 4 17 4 16 2 15 2 15 1 14 0 13 0 12 0 12 -1 11 -1 11 -2 10 -2 9 -3 8 0 0 0 0 0 0 0 0 0 0 0 0 0 0 0 0 0 0 0 0 0 0 7 18 5 18 5 18 4 18 4 19 4 18 4 19 4 19 5 20 4 20 4 20 5 21 5 22 6 23 6 23 7 24 7 24 7 25 8 25 8 26 10 27 11 28 12 28 12 30 14 31 16 32 ]
CSI_DATA,STA,E4:D1:24:F0:BE:00,-62,10,0,0,0,0,0,0,0,0,0,-97,0,5,0,19336163,0,399,0,0,19.7285,128,[-113 -15 24 0 -28 12 -28 12 -26 11 -25 10 -23 10 -22 9 -21 8 -20 8 -20 6 -18 5 -18 5 -17 4 -16 3 -14 3 -13 2 -13 1 -12 1 -12 0 -11 0 -10 0 -9 0 -9 -1 -9 -1 -8 -1 -7 -2 0 0 0 0 0 0 0 0 0 0 0 0 0 0 0 0 0 0 0 0 0 0 -16 4 -16 3 -17 2 -17 2 -18 2 -18 2 -19 2 -19 2 -19 3 -19 2 -20 3 -21 3 -21 3 -22 4 -22 4 -23 4 -24 5 -24 5 -25 6 -25 7 -26 8 -27 9 -27 9 -28 10 -30 11 -30 12 ]
CSI_DATA,STA,E4:D1:24:F0:BE:00,-62,10,0,0,0,0,0,0,0,0,0,-97,0,5,0,19438565,0,399,0,0,19.8309,128,[-113 -15 24 0 -33 18 -32 17 -30 16 -29 15 -28 14 -27 14 -25 12 -25 12 -24 11 -22 9 -21 8 -20 7 -19 6 -18 5 -17 4 -16 4 -15 3 -15 2 -14 2 -13 2 -12 1 -12 1 -11 0 -10 0 -9 0 0 0 0 0 0 0 0 0 0 0 0 0 0 0 0 0 0 0 0 0 0 0 -21 6 -22 5 -22 4 -22 4 -22 3 -23 4 -23 4 -24 4 -25 4 -24 4 -25 4 -26 4 -27 4 -27 4 -27 5 -29 6 -29 6 -30 7 -30 8 -30 8 -31 9 -31 11 -33 12 -33 14 -34 15 -35 15 ]
CSI_DATA,STA,E4:D1:24:F0:BE:00,-63,10,0,0,0,0,0,0,0,0,0,-97,0,5,0,19540967,0,399,0,0,19.9332,128,[-113 -15 24 0 -31 5 -29 5 -29 5 -27 4 -26 5 -25 4 -24 3 -23 3 -22 2 -21 1 -20 0 -19 0 -18 0 -17 -1 -15 -1 -15 -1 -14 -2 -14 -2 -12 -3 -12 -3 -11 -3 -11 -4 -10 -4 -9 -3 -8 -4 0 0 0 0 0 0 0 0 0 0 0 0 0 0 0 0 0 0 0 0 0 0 -18 -2 -18 -3 -18 -4 -18 -4 -18 -5 -18 -4 -19 -4 -19 -4 -19 -4 -20 -4 -19 -4 -20 -4 -21 -4 -21 -4 -22 -4 -23 -3 -23 -3 -24 -3 -24 -1 -25 -1 -26 0 -27 1 -28 1 -28 3 -30 3 -31 4 ]
CSI_DATA,STA,E4:D1:24:F0:BE:00,-63,10,0,0,0,0,0,0,0,0,0,-97,0,5,0,19643369,0,399,0,0,20.0355,128,[-113 -15 24 0 -8 31 -7 30 -7 27 -7 27 -6 26 -7 24 -7 22 -7 21 -7 19 -8 18 -7 17 -7 16 -8 15 -7 13 -7 12 -7 11 -8 10 -7 9 -7 8 -7 8 -7 7 -6 6 -6 6 -6 5 -6 5 0 0 0 0 0 0 0 0 0 0 0 0 0 0 0 0 0 0 0 0 0 0 -8 17 -9 17 -9 17 -10 17 -10 17 -11 17 -11 18 -11 18 -11 19 -11 19 -12 19 -12 19 -12 20 -12 21 -12 21 -13 22 -12 23 -12 22 -12 24 -10 25 -11 26 -11 27 -9 27 -10 30 -10 31 -9 32 ]
CSI_DATA,STA,E4:D1:24:F0:BE:00,-64,10,0,0,0,0,0,0,0,0,0,-97,0,5,0,19745771,0,399,0,0,20.1381,128,[-113 -15 24 0 5 -33 4 -31 5 -30 4 -28 4 -27 4 -27 4 -25 5 -24 5 -24 5 -23 5 -21 6 -20 6 -18 7 -17 7 -16 7 -16 7 -14 7 -13 8 -13 7 -12 7 -11 7 -10 7 -9 8 -9 7 -7 0 0 0 0 0 0 0 0 0 0 0 0 0 0 0 0 0 0 0 0 0 0 10 -16 10 -15 11 -16 10 -15 11 -15 11 -15 11 -15 11 -16 11 -16 11 -16 11 -16 11 -16 11 -17 11 -18 11 -18 11 -19 11 -19 10 -21 9 -21 9 -23 8 -24 8 -25 7 -27 6 -28 6 -29 6 -31 ]
CSI_DATA,STA,E4:D1:24:F0:BE:00,-63,10,0,0,0,0,0,0,0,0,0,-97,0,5,0,19848173,0,399,0,0,20.2405,128,[-113 -15 24 0 -2 -33 -2 -31 -1 -30 -1 -29 -1 -27 -1 -26 0 -25 0 -23 1 -22 1 -21 1 -19 1 -18 2 -17 3 -15 3 -14 3 -13 3 -13 3 -11 3 -11 3 -10 2 -9 3 -9 3 -7 3 -7 2 -7 0 0 0 0 0 0 0 0 0 0 0 0 0 0 0 0 0 0 0 0 0 0 2 -19 3 -18 4 -18 4 -18 4 -19 4 -19 4 -20 5 -20 5 -20 5 -21 5 -20 6 -21 5 -22 6 -23 5 -23 5 -24 4 -24 4 -25 4 -26 3 -27 2 -28 1 -29 1 -30 1 -31 1 -33 1 -34 ]
CSI_DATA,STA,E4:D1:24:F0:BE:00,-64,10,0,0,0,0,0,0,0,0,0,-97,0,5,0,19950574,0,399,0,0,20.3429,128,[-113 -15 24 0 -19 32 -18 31 -17 30 -17 28 -16 27 -17 26 -16 23 -17 22 -16 21 -16 19 -15 17 -15 16 -15 15 -15 12 -14 11 -13 10 -14 8 -14 7 -13 6 -12 6 -12 4 -11 3 -10 3 -10 1 -11 1 0 0 0 0 0 0 0 0 0 0 0 0 0 0 0 0 0 0 0 0 0 0 -20 17 -20 16 -21 15 -21 14 -22 13 -21 14 -22 14 -22 14 -22 14 -22 14 -22 15 -22 15 -22 16 -22 15 -22 16 -22 16 -22 18 -22 19 -21 20 -21 21 -21 23 -21 25 -20 26 -19 28 -20 28 -20 31 ]
CSI_DATA,STA,E4:D1:24:F0:BE:00,-63,10,0,0,0,0,0,0,0,0,0,-97,0,5,0,20052976,0,399,0,0,20.4453,128,[-113 -15 24 0 19 31 18 30 18 28 17 26 16 26 14 25 13 24 11 23 10 22 8 21 7 20 6 19 4 18 4 17 3 15 2 16 1 13 0 13 0 12 -1 11 -1 10 -1 9 -2 8 -2 8 -3 6 0 0 0 0 0 0 0 0 0 0 0 0 0 0 0 0 0 0 0 0 0 0 7 20 6 20 6 20 6 21 5 21 5 21 6 22 5 21 6 22 5 22 5 22 6 22 6 24 6 24 7 24 8 25 8 25 9 26 10 26 11 26 13 27 15 28 16 28 17 30 19 31 21 31 ]
CSI_DATA,STA,E4:D1:24:F0:BE:00,-62,10,0,0,0,0,0,0,0,0,0,-97,0,5,0,20155378,0,399,0,0,20.5477,128,[-113 -15 24 0 -9 30 -8 29 -8 28 -8 26 -8 25 -8 23 -7 22 -8 20 -8 19 -8 18 -8 16 -8 15 -8 14 -8 12 -7 11 -8 10 -7 9 -7 8 -7 7 -7 6 -6 6 -6 5 -6 5 -6 5 -6 3 0 0 0 0 0 0 0 0 0 0 0 0 0 0 0 0 0 0 0 0 0 0 -7 15 -7 15 -8 15 -8 15 -8 15 -9 16 -9 16 -9 16 -10 17 -10 17 -10 17 -10 19 -11 19 -11 19 -11 20 -11 21 -11 21 -11 22 -11 23 -10 24 -10 25 -10 26 -10 27 -9 29 -9 30 -9 31 ]
CSI_DATA,STA,E4:D1:24:F0:BE:00,-63,10,0,0,0,0,0,0,0,0,0,-97,0,5,0,20257780,0,399,0,0,20.65,128,[-113 -15 24 0 10 -31 9 -30 9 -28 9 -27 8 -26 8 -25 8 -22 8 -22 9 -21 8 -20 8 -18 8 -17 8 -15 8 -14 8 -12 8 -12 8 -11 7 -10 7 -9 7 -8 7 -7 6 -7 6 -6 6 -5 6 -5 0 0 0 0 0 0 0 0 0 0 0 0 0 0 0 0 0 0 0 0 0 0 9 -16 10 -15 11 -16 10 -15 11 -16 11 -15 12 -15 12 -16 12 -16 12 -16 12 -16 12 -17 13 -18 12 -18 13 -19 12 -19 12 -20 12 -21 12 -23 12 -23 11 -24 12 -25 11 -26 11 -28 11 -29 12 -31 ]
CSI_DATA,STA,E4:D1:24:F0:BE:00,-63,10,0,0,0,0,0,0,0,0,0,-97,0,5,0,20360182,0,399,0,0,20.7523,128,[-113 -15 24 0 -20 25 -18 24 -18 23 -17 21 -15 21 -15 20 -15 19 -15 17 -16 17 -15 15 -14 14 -13 13 -13 12 -13 11 -13 9 -12 9 -12 8 -12 7 -11 6 -11 5 -10 5 -9 4 -9 3 -9 2 -8 1 0 0 0 0 0 0 0 0 0 0 0 0 0 0 0 0 0 0 0 0 0 0 -16 14 -16 13 -17 13 -17 12 -17 12 -18 12 -18 13 -18 13 -18 13 -18 12 -19 12 -20 13 -20 13 -20 13 -20 14 -21 14 -21 15 -21 16 -21 17 -20 18 -21 19 -20 20 -21 21 -22 22 -22 23 -22 25 ]
CSI_DATA,STA,E4:D1:24:F0:BE:00,-63,10,0,0,0,0,0,0,0,0,0,-97,0,5,0,20462584,0,399,0,0,20.8549,128,[-113 -15 24 0 -11 29 -11 28 -11 27 -10 26 -11 26 -11 24 -11 23 -12 22 -11 21 -11 19 -11 18 -11 17 -11 15 -11 14 -11 13 -11 12 -11 11 -11 9 -11 8 -10 8 -10 7 -9 6 -9 5 -9 4 -9 3 0 0 0 0 0 0 0 0 0 0 0 0 0 0 0 0 0 0 0 0 0 0 -11 13 -11 13 -12 12 -11 12 -12 12 -12 13 -12 13 -12 13 -13 14 -12 14 -13 14 -13 15 -13 15 -13 16 -14 16 -14 17 -13 18 -13 18 -13 19 -13 20 -13 22 -12 23 -12 24 -12 26 -12 28 -13 30 ]
CSI_DATA,STA,E4:D1:24:F0:BE:00,-63,10,0,0,0,0,0,0,0,0,0,-97,0,5,0,20564986,0,399,0,0,20.9573,128,[-113 -15 24 0 26 -29 24 -27 25 -27 23 -25 23 -24 23 -23 22 -21 22 -20 22 -19 21 -18 20 -16 19 -16 18 -13 19 -12 18 -11 17 -9 16 -8 16 -7 15 -6 15 -5 14 -4 14 -4 13 -3 12 -2 12 0 0 0 0 0 0 0 0 0 0 0 0 0 0 0 0 0 0 0 0 0 0 0 19 -9 18 -7 19 -7 19 -7 19 -7 20 -7 20 -7 20 -7 20 -8 21 -9 20 -8 21 -9 22 -9 22 -9 21 -10 22 -11 22 -12 23 -13 22 -14 24 -15 23 -16 24 -19 24 -21 24 -23 26 -24 26 -26 ]
CSI_DATA,STA,E4:D1:24:F0:BE:00,-64,10,0,0,0,0,0,0,0,0,0,-97,0,5,0,20667387,0,399,0,0,21.0597,128,[-113 -15 24 0 17 27 17 26 17 25 16 25 15 25 14 24 13 22 11 22 10 22 9 20 9 21 6 19 6 19 5 18 4 16 3 16 2 15 1 14 1 14 0 13 -1 12 -1 12 -1 11 -3 10 -3 10 0 0 0 0 0 0 0 0 0 0 0 0 0 0 0 0 0 0 0 0 0 0 6 23 5 22 3 23 2 22 3 23 2 23 2 23 2 22 2 23 2 22 2 22 2 23 2 22 3 23 3 23 3 24 5 24 5 24 7 24 7 25 9 24 10 26 12 25 13 26 14 27 17 28 ]
CSI_DATA,STA,E4:D1:24:F0:BE:00,-63,10,0,0,0,0,0,0,0,0,0,-97,0,5,0,20769791,0,399,0,0,21.1621,128,[-113 -15 24 0 -36 -4 -34 -4 -33 -4 -32 -5 -31 -2 -30 -3 -29 -4 -28 -3 -26 -4 -25 -5 -25 -6 -22 -6 -22 -6 -20 -6 -19 -6 -18 -7 -17 -7 -16 -7 -15 -8 -14 -8 -13 -9 -12 -8 -11 -9 -10 -9 -9 -9 0 0 0 0 0 0 0 0 0 0 0 0 0 0 0 0 0 0 0 0 0 0 -21 -9 -20 -10 -19 -11 -19 -10 -19 -12 -20 -12 -20 -11 -20 -11 -20 -11 -21 -12 -21 -12 -22 -12 -22 -12 -23 -13 -23 -13 -24 -13 -25 -12 -25 -12 -27 -12 -27 -10 -29 -10 -30 -9 -31 -9 -32 -9 -34 -8 -36 -8 ]
CSI_DATA,STA,E4:D1:24:F0:BE:00,-64,10,0,0,0,0,0,0,0,0,0,-97,0,5,0,20872193,0,399,0,0,21.2645,128,[-113 -15 24 0 -30 -10 -29 -9 -28 -8 -27 -9 -26 -9 -26 -9 -24 -9 -24 -9 -23 -9 -22 -10 -21 -9 -20 -10 -18 -10 -17 -10 -15 -10 -14 -11 -13 -10 -13 -11 -12 -11 -11 -10 -9 -11 -9 -10 -8 -11 -7 -10 -7 -10 0 0 0 0 0 0 0 0 0 0 0 0 0 0 0 0 0 0 0 0 0 0 -16 -12 -15 -12 -15 -13 -15 -13 -14 -13 -15 -13 -15 -13 -15 -13 -15 -13 -15 -14 -15 -13 -16 -13 -16 -14 -16 -14 -17 -14 -17 -14 -19 -13 -19 -13 -20 -13 -20 -12 -22 -12 -23 -12 -24 -11 -25 -11 -28 -11 -29 -11 ]
CSI_DATA,STA,E4:D1:24:F0:BE:00,-63,10,0,0,0,0,0,0,0,0,0,-97,0,5,0,20974595,0,399,0,0,21.3668,128,[-113 -15 24 0 -40 -6 -36 -5 -35 -5 -33 -6 -32 -5 -31 -5 -29 -5 -28 -5 -27 -6 -25 -6 -23 -6 -21 -6 -20 -7 -19 -7 -17 -7 -16 -7 -15 -7 -14 -7 -13 -7 -12 -7 -11 -7 -10 -7 -9 -7 -9 -6 -9 -7 0 0 0 0 0 0 0 0 0 0 0 0 0 0 0 0 0 0 0 0 0 0 -22 -8 -21 -9 -21 -9 -21 -10 -22 -10 -21 -10 -23 -10 -23 -10 -24 -10 -24 -11 -24 -11 -25 -11 -25 -11 -26 -12 -27 -11 -29 -12 -28 -11 -31 -11 -30 -10 -32 -11 -32 -10 -34 -10 -35 -8 -36 -8 -38 -8 -39 -8 ]
CSI_DATA,STA,E4:D1:24:F0:BE:00,-62,10,0,0,0,0,0,0,0,0,0,-97,0,5,0,21076997,0,399,0,0,21.4692,128,[-113 -15 24 0 38 2 36 2 34 1 32 2 32 1 30 1 29 2 27 1 27 2 25 3 24 4 22 4 20 4 20 5 18 5 17 6 16 5 15 5 14 6 13 5 12 6 10 6 9 6 9 7 7 6 0 0 0 0 0 0 0 0 0 0 0 0 0 0 0 0 0 0 0 0 0 0 21 5 20 5 20 7 20 7 20 7 21 7 20 8 21 7 22 8 22 8 22 7 22 8 23 9 24 8 25 8 26 8 26 8 28 8 29 7 29 7 30 5 32 6 33 5 35 5 36 4 38 4 ]
CSI_DATA,STA,E4:D1:24:F0:BE:00,-61,10,0,0,0,0,0,0,0,0,0,-97,0,5,0,21179399,0,399,0,0,21.5717,128,[-113 -15 24 0 -1 32 -1 32 -1 30 -1 29 -1 28 -1 27 -2 25 -2 24 -2 23 -2 22 -3 21 -3 19 -4 19 -4 17 -5 16 -5 15 -5 15 -5 13 -6 12 -6 12 -6 10 -6 10 -6 9 -6 9 -7 7 0 0 0 0 0 0 0 0 0 0 0 0 0 0 0 0 0 0 0 0 0 0 -5 16 -6 16 -6 16 -7 16 -7 16 -7 17 -7 17 -8 17 -8 18 -8 18 -7 18 -8 18 -9 20 -9 20 -8 21 -7 21 -8 22 -7 23 -7 24 -6 25 -5 26 -5 27 -4 28 -4 30 -3 31 -3 33 ]
CSI_DATA,STA,E4:D1:24:F0:BE:00,-62,10,0,0,0,0,0,0,0,0,0,-97,0,5,0,21281800,0,399,0,0,21.6741,128,[-113 -15 24 0 -29 21 -29 21 -27 19 -26 19 -25 18 -24 17 -23 16 -22 15 -22 13 -21 13 -20 11 -19 11 -19 10 -17 8 -17 8 -16 6 -16 6 -15 5 -14 4 -14 4 -12 3 -12 3 -11 2 -11 2 -11 0 0 0 0 0 0 0 0 0 0 0 0 0 0 0 0 0 0 0 0 0 0 0 -19 9 -20 8 -20 7 -21 7 -21 6 -22 7 -22 6 -23 6 -23 7 -22 7 -23 7 -24 7 -25 7 -25 8 -25 7 -25 8 -26 8 -26 10 -28 11 -28 12 -28 13 -28 14 -28 15 -29 17 -30 19 -32 20 ]
CSI_DATA,STA,E4:D1:24:F0:BE:00,-61,10,0,0,0,0,0,0,0,0,0,-97,0,5,0,21384202,0,399,0,0,21.7765,128,[-113 -15 24 0 -8 -38 -8 -36 -7 -35 -7 -33 -8 -32 -7 -31 -6 -30 -6 -28 -5 -29 -4 -27 -4 -26 -3 -25 -3 -23 -2 -22 -1 -20 0 -20 1 -19 1 -18 2 -18 2 -16 3 -16 3 -15 3 -14 4 -12 5 -13 0 0 0 0 0 0 0 0 0 0 0 0 0 0 0 0 0 0 0 0 0 0 1 -23 2 -22 3 -22 3 -21 3 -22 3 -22 4 -23 3 -23 4 -23 4 -24 4 -23 4 -24 4 -24 4 -25 3 -26 3 -27 3 -27 2 -28 1 -29 1 -30 -1 -31 -1 -32 -2 -33 -3 -35 -5 -36 -5 -37 ]
CSI_DATA,STA,E4:D1:24:F0:BE:00,-60,10,0,0,0,0,0,0,0,0,0,-97,0,5,0,21486604,0,399,0,0,21.8789,128,[-113 -15 24 0 -31 20 -29 20 -28 19 -27 19 -26 18 -26 16 -24 15 -24 15 -23 14 -22 14 -21 12 -20 11 -20 10 -19 8 -18 8 -18 7 -17 6 -17 5 -16 4 -15 4 -14 3 -13 2 -13 2 -13 1 -11 0 0 0 0 0 0 0 0 0 0 0 0 0 0 0 0 0 0 0 0 0 0 0 -18 9 -18 8 -19 7 -19 7 -20 7 -21 7 -21 6 -22 7 -22 7 -23 7 -23 7 -23 7 -24 7 -24 7 -25 7 -26 7 -26 8 -27 9 -28 10 -27 11 -28 12 -29 13 -29 14 -30 17 -31 17 -32 19 ]
CSI_DATA,STA,E4:D1:24:F0:BE:00,-62,10,0,0,0,0,0,0,0,0,0,-97,0,5,0,21589006,0,399,0,0,21.9813,128,[-113 -15 24 0 35 -5 34 -4 34 -5 31 -5 31 -3 30 -3 28 -3 27 -2 27 -3 25 -2 24 -1 23 0 22 0 21 1 19 2 19 2 18 3 17 3 15 4 14 4 13 5 13 4 12 5 10 5 10 6 0 0 0 0 0 0 0 0 0 0 0 0 0 0 0 0 0 0 0 0 0 0 22 0 21 2 21 2 21 2 21 3 22 3 22 4 22 4 23 4 22 4 23 3 24 4 24 4 25 4 26 4 26 3 27 3 28 2 29 2 30 2 30 1 32 1 33 -1 34 -2 35 -3 37 -3 ]
CSI_DATA,STA,E4:D1:24:F0:BE:00,-63,10,0,0,0,0,0,0,0,0,0,-97,0,5,0,21691408,0,399,0,0,22.0837,128,[-113 -15 24 0 21 21 21 21 21 19 20 19 20 19 19 19 19 19 18 18 16 17 16 17 14 17 14 17 13 16 11 16 10 15 9 16 8 15 7 16 6 14 5 14 4 14 4 13 3 13 1 11 0 13 0 0 0 0 0 0 0 0 0 0 0 0 0 0 0 0 0 0 0 0 0 0 9 17 8 17 7 18 7 18 6 18 7 18 6 19 7 19 7 19 7 19 7 19 7 20 8 21 8 21 9 21 9 21 9 21 10 22 11 22 12 22 13 22 14 22 15 22 17 22 19 22 21 22 ]
CSI_DATA,STA,E4:D1:24:F0:BE:00,-64,10,0,0,0,0,0,0,0,0,0,-97,0,5,0,21793810,0,399,0,0,22.1861,128,[-113 -15 24 0 -7 -35 -6 -34 -7 -33 -6 -32 -6 -31 -5 -31 -5 -30 -4 -28 -4 -28 -3 -27 -3 -26 -1 -25 -1 -24 0 -23 0 -21 1 -21 2 -19 2 -19 3 -18 4 -17 3 -16 4 -15 4 -14 5 -14 6 -12 0 0 0 0 0 0 0 0 0 0 0 0 0 0 0 0 0 0 0 0 0 0 1 -21 1 -21 2 -21 2 -21 2 -21 2 -21 3 -21 2 -22 3 -22 3 -22 2 -22 3 -23 3 -25 2 -25 2 -25 2 -26 1 -26 1 -27 0 -28 0 -29 -1 -29 -1 -31 -2 -32 -3 -33 -4 -34 -4 -36 ]
CSI_DATA,STA,E4:D1:24:F0:BE:00,-64,10,0,0,0,0,0,0,0,0,0,-97,0,5,0,21896212,0,399,0,0,22.2886,128,[-113 -15 24 0 31 -2 29 -2 28 -4 28 -3 27 -3 27 -3 26 -2 25 -2 25 -2 23 -1 23 -1 22 0 21 1 20 1 19 2 18 2 17 3 16 3 16 5 14 4 13 5 12 5 11 6 10 5 8 8 0 0 0 0 0 0 0 0 0 0 0 0 0 0 0 0 0 0 0 0 0 0 22 3 21 4 22 4 22 5 22 6 22 6 23 6 22 7 23 7 23 7 22 7 23 7 24 7 24 8 24 8 25 7 25 7 26 6 26 6 26 6 27 5 28 5 28 3 29 3 30 2 32 0 ]
CSI_DATA,STA,E4:D1:24:F0:BE:00,-64,10,0,0,0,0,0,0,0,0,0,-97,0,5,0,21998613,0,399,0,0,22.391,128,[-113 -15 24 0 -34 -13 -32 -11 -30 -12 -29 -11 -29 -10 -27 -11 -25 -11 -24 -11 -23 -10 -22 -10 -21 -10 -20 -10 -18 -11 -17 -10 -15 -11 -15 -11 -13 -10 -12 -10 -11 -11 -10 -10 -9 -11 -8 -11 -7 -10 -6 -10 -6 -10 0 0 0 0 0 0 0 0 0 0 0 0 0 0 0 0 0 0 0 0 0 0 -19 -13 -18 -15 -18 -15 -18 -15 -18 -16 -18 -16 -18 -16 -18 -16 -19 -17 -18 -16 -19 -16 -20 -16 -20 -16 -21 -16 -21 -17 -22 -17 -23 -17 -24 -17 -24 -17 -25 -16 -26 -16 -28 -16 -28 -15 -30 -14 -31 -14 -34 -14 ]
CSI_DATA,STA,E4:D1:24:F0:BE:00,-65,10,0,0,0,0,0,0,0,0,0,-97,0,5,0,22101015,0,399,0,0,22.4933,128,[-113 -15 24 0 -17 25 -15 24 -15 23 -14 21 -14 19 -14 18 -12 17 -13 16 -14 15 -14 13 -13 12 -13 11 -12 10 -12 9 -12 7 -12 7 -12 6 -12 5 -11 3 -11 3 -10 2 -10 1 -9 0 -9 0 -9 -1 0 0 0 0 0 0 0 0 0 0 0 0 0 0 0 0 0 0 0 0 0 0 -17 14 -17 13 -18 13 -18 12 -18 12 -18 12 -18 12 -18 12 -18 12 -18 13 -18 12 -18 13 -18 14 -19 13 -18 14 -19 15 -18 16 -19 16 -18 17 -18 18 -18 19 -18 20 -17 21 -17 22 -18 24 -17 25 ]
CSI_DATA,STA,E4:D1:24:F0:BE:00,-64,10,0,0,0,0,0,0,0,0,0,-97,0,5,0,22203417,0,399,0,0,22.5958,128,[-113 -15 24 0 -1 -35 -2 -33 0 -31 0 -29 0 -28 0 -26 1 -24 2 -22 2 -21 4 -19 4 -18 3 -16 4 -14 3 -13 4 -11 4 -11 4 -9 4 -9 4 -8 3 -7 4 -7 3 -6 3 -6 3 -4 3 -5 0 0 0 0 0 0 0 0 0 0 0 0 0 0 0 0 0 0 0 0 0 0 3 -23 3 -22 4 -23 5 -22 5 -23 6 -23 6 -23 5 -23 6 -24 6 -24 7 -23 7 -24 7 -25 7 -25 7 -26 6 -27 6 -27 4 -28 4 -28 3 -29 2 -31 2 -31 2 -33 1 -34 1 -35 0 -37 ]
CSI_DATA,STA,E4:D1:24:F0:BE:00,-64,10,0,0,0,0,0,0,0,0,0,-97,0,5,0,22305819,0,399,0,0,22.6981,128,[-113 -15 24 0 32 -8 31 -8 29 -7 28 -5 26 -6 24 -5 22 -4 21 -3 20 -2 19 -2 17 0 16 0 15 1 13 2 12 2 11 3 10 3 9 3 8 3 7 3 6 4 5 4 4 4 3 4 3 3 0 0 0 0 0 0 0 0 0 0 0 0 0 0 0 0 0 0 0 0 0 0 22 -1 22 1 22 2 23 2 22 3 23 3 23 3 23 3 23 4 23 4 23 3 24 3 25 3 25 4 26 4 25 2 26 2 27 1 28 0 28 -1 29 -2 30 -3 29 -4 31 -5 32 -6 34 -7 ]
CSI_DATA,STA,E4:D1:24:F0:BE:00,-64,10,0,0,0,0,0,0,0,0,0,-97,0,5,0,22408221,0,399,0,0,22.8006,128,[-113 -15 24 0 18 26 16 25 15 24 13 22 12 22 11 21 11 20 10 19 8 18 7 17 6 16 5 15 3 14 3 14 2 12 1 13 1 11 0 10 -1 10 -1 9 -2 9 -2 8 -2 7 -3 6 -3 5 0 0 0 0 0 0 0 0 0 0 0 0 0 0 0 0 0 0 0 0 0 0 8 19 7 19 7 20 6 20 6 21 6 21 6 22 6 21 7 22 6 23 7 22 7 23 7 24 7 24 8 24 8 25 8 25 9 26 10 25 12 26 13 26 14 26 15 27 16 27 17 28 18 28 ]
CSI_DATA,STA,E4:D1:24:F0:BE:00,-66,10,0,0,0,0,0,0,0,0,0,-97,0,5,0,22510623,0,399,0,0,22.9028,128,[-113 -15 24 0 -16 26 -14 25 -15 22 -13 22 -13 21 -13 20 -13 18 -14 16 -13 15 -12 15 -11 14 -12 12 -12 11 -12 9 -11 9 -11 7 -12 6 -12 5 -11 5 -10 3 -9 3 -8 1 -8 1 -8 0 -6 -1 0 0 0 0 0 0 0 0 0 0 0 0 0 0 0 0 0 0 0 0 0 0 -17 19 -19 18 -18 17 -19 17 -19 17 -20 16 -21 17 -20 18 -21 18 -21 18 -21 17 -21 17 -21 18 -22 19 -22 19 -21 19 -21 20 -22 20 -21 21 -21 22 -21 23 -20 23 -19 23 -20 25 -19 26 -19 27 ]
CSI_DATA,STA,E4:D1:24:F0:BE:00,-65,10,0,0,0,0,0,0,0,0,0,-97,0,5,0,22613024,0,399,0,0,23.0052,128,[-113 -15 24 0 -36 -8 -35 -8 -34 -8 -33 -8 -31 -9 -29 -9 -28 -9 -26 -10 -24 -10 -23 -10 -21 -11 -18 -11 -17 -11 -15 -11 -14 -11 -12 -11 -11 -10 -11 -11 -8 -10 -7 -10 -6 -9 -4 -9 -3 -9 -2 -8 -1 -6 0 0 0 0 0 0 0 0 0 0 0 0 0 0 0 0 0 0 0 0 0 0 -21 -15 -20 -16 -20 -16 -20 -16 -19 -17 -20 -17 -20 -16 -20 -16 -20 -17 -20 -17 -20 -16 -21 -17 -21 -17 -22 -17 -23 -16 -23 -16 -25 -17 -25 -14 -26 -15 -27 -14 -28 -13 -30 -12 -32 -11 -33 -12 -35 -10 -37 -10 ]
CSI_DATA,STA,E4:D1:24:F0:BE:00,-63,10,0,0,0,0,0,0,0,0,0,-97,0,5,0,22715426,0,399,0,0,23.1077,128,[-113 -15 24 0 -32 16 -30 16 -28 13 -27 13 -26 13 -25 11 -22 10 -22 10 -21 8 -20 8 -19 7 -17 5 -16 5 -15 4 -14 4 -14 3 -13 2 -13 2 -12 1 -11 1 -10 0 -9 -1 -9 -1 -9 -1 -7 -1 0 0 0 0 0 0 0 0 0 0 0 0 0 0 0 0 0 0 0 0 0 0 -22 8 -22 6 -22 5 -23 5 -23 5 -24 5 -24 5 -24 5 -25 5 -24 5 -25 5 -26 5 -27 5 -27 5 -28 6 -28 6 -28 7 -30 7 -29 9 -30 9 -30 10 -31 12 -32 13 -32 14 -34 14 -35 16 ]
CSI_DATA,STA,E4:D1:24:F0:BE:00,-64,10,0,0,0,0,0,0,0,0,0,-97,0,5,0,22817828,0,399,0,0,23.2102,128,[-113 -15 24 0 36 -11 34 -11 33 -10 32 -9 30 -9 30 -8 29 -6 28 -6 27 -5 25 -5 24 -3 23 -2 21 -2 20 0 19 0 18 1 17 1 16 2 15 3 14 3 13 4 11 3 11 4 10 4 9 6 0 0 0 0 0 0 0 0 0 0 0 0 0 0 0 0 0 0 0 0 0 0 19 2 19 2 18 3 19 2 19 3 19 3 19 2 20 2 21 2 21 2 22 1 21 1 22 1 23 0 23 0 24 -1 25 -2 27 -3 26 -3 28 -3 29 -5 31 -6 31 -7 32 -8 35 -9 37 -11 ]
CSI_DATA,STA,E4:D1:24:F0:BE:00,-63,10,0,0,0,0,0,0,0,0,0,-97,0,5,0,22920230,0,399,0,0,23.3126,128,[-113 -15 24 0 -34 -4 -32 -3 -31 -3 -30 -4 -28 -3 -27 -3 -25 -4 -24 -4 -23 -5 -21 -5 -21 -5 -18 -6 -18 -6 -17 -5 -15 -6 -15 -6 -13 -6 -12 -7 -11 -6 -10 -6 -9 -7 -8 -7 -7 -7 -6 -6 -7 -6 0 0 0 0 0 0 0 0 0 0 0 0 0 0 0 0 0 0 0 0 0 0 -21 -7 -20 -8 -20 -9 -19 -9 -20 -9 -20 -9 -20 -10 -20 -9 -20 -10 -21 -10 -20 -10 -21 -11 -22 -11 -22 -11 -22 -11 -24 -10 -24 -10 -25 -10 -25 -9 -26 -9 -27 -8 -29 -7 -30 -7 -30 -7 -32 -6 -33 -5 ]
CSI_DATA,STA,E4:D1:24:F0:BE:00,-64,10,0,0,0,0,0,0,0,0,0,-97,0,5,0,23022632,0,399,0,0,23.415,128,[-113 -15 24 0 17 -28 16 -25 17 -24 16 -23 15 -22 14 -22 15 -20 14 -19 14 -18 14 -16 13 -14 13 -13 12 -11 12 -11 11 -9 11 -8 11 -8 11 -7 10 -6 10 -5 9 -5 9 -4 8 -3 7 -2 6 -2 0 0 0 0 0 0 0 0 0 0 0 0 0 0 0 0 0 0 0 0 0 0 15 -13 15 -12 16 -13 16 -12 16 -12 17 -12 17 -12 17 -12 17 -13 18 -13 18 -12 18 -13 19 -14 19 -14 19 -14 20 -16 19 -15 19 -16 18 -18 19 -19 19 -19 19 -22 20 -22 19 -23 20 -25 20 -26 ]
CSI_DATA,STA,E4:D1:24:F0:BE:00,-62,10,0,0,0,0,0,0,0,0,0,-97,0,5,0,23125034,0,399,0,0,23.5173,128,[-113 -15 24 0 -39 -5 -38 -4 -37 -4 -35 -5 -34 -4 -33 -6 -30 -6 -30 -5 -29 -6 -27 -6 -26 -7 -24 -7 -23 -7 -22 -7 -20 -7 -19 -7 -18 -7 -17 -9 -16 -9 -15 -9 -14 -9 -13 -9 -11 -9 -11 -9 -10 -10 0 0 0 0 0 0 0 0 0 0 0 0 0 0 0 0 0 0 0 0 0 0 -17 -9 -17 -9 -17 -10 -16 -10 -17 -11 -17 -10 -17 -10 -18 -10 -19 -10 -19 -10 -19 -10 -20 -11 -20 -11 -22 -11 -23 -11 -24 -12 -24 -10 -26 -10 -26 -10 -28 -9 -29 -9 -31 -9 -32 -8 -34 -8 -36 -7 -38 -7 ]
CSI_DATA,STA,E4:D1:24:F0:BE:00,-63,10,0,0,0,0,0,0,0,0,0,-97,0,5,0,23227436,0,399,0,0,23.6197,128,[-113 -15 24 0 -26 -23 -27 -23 -26 -21 -25 -21 -25 -20 -24 -20 -23 -19 -22 -19 -21 -18 -20 -19 -19 -18 -18 -18 -17 -18 -15 -17 -15 -17 -13 -16 -12 -16 -11 -16 -10 -16 -10 -16 -8 -15 -7 -15 -7 -14 -5 -14 -4 -14 0 0 0 0 0 0 0 0 0 0 0 0 0 0 0 0 0 0 0 0 0 0 -13 -16 -11 -17 -11 -17 -11 -18 -11 -18 -11 -18 -11 -18 -11 -18 -10 -19 -10 -19 -11 -19 -11 -19 -12 -21 -12 -21 -13 -21 -13 -22 -14 -23 -14 -22 -16 -23 -17 -23 -18 -23 -19 -24 -20 -23 -22 -24 -23 -24 -25 -25 ]
CSI_DATA,STA,E4:D1:24:F0:BE:00,-64,10,0,0,0,0,0,0,0,0,0,-97,0,5,0,23329837,0,399,0,0,23.722,128,[-113 -15 24 0 17 -37 17 -35 16 -34 16 -33 16 -32 15 -31 16 -29 16 -28 16 -27 16 -25 15 -24 16 -22 15 -20 16 -19 15 -17 15 -16 16 -15 15 -13 14 -11 14 -10 14 -9 13 -7 12 -6 13 -5 11 -5 0 0 0 0 0 0 0 0 0 0 0 0 0 0 0 0 0 0 0 0 0 0 16 -13 16 -12 16 -13 17 -12 18 -13 17 -13 18 -13 18 -14 19 -14 19 -14 19 -14 19 -15 19 -15 21 -17 20 -17 20 -18 19 -19 21 -20 20 -21 20 -22 19 -24 19 -25 19 -27 19 -30 19 -31 20 -33 ]
CSI_DATA,STA,E4:D1:24:F0:BE:00,-62,10,0,0,0,0,0,0,0,0,0,-97,0,5,0,23432239,0,399,0,0,23.8245,128,[-113 -15 24 0 5 35 5 33 5 32 5 31 4 30 5 29 4 27 3 26 2 26 2 24 1 23 1 22 0 20 -1 19 -2 17 -2 17 -2 16 -3 15 -3 14 -3 13 -3 13 -4 12 -4 11 -5 10 -5 9 0 0 0 0 0 0 0 0 0 0 0 0 0 0 0 0 0 0 0 0 0 0 1 20 0 20 -1 21 -2 20 -2 21 -2 21 -3 21 -3 21 -3 21 -3 22 -3 22 -4 23 -4 23 -3 25 -3 24 -3 25 -3 25 -2 27 -2 27 -1 29 -1 29 1 30 1 31 2 33 3 34 4 36 ]
CSI_DATA,STA,E4:D1:24:F0:BE:00,-63,10,0,0,0,0,0,0,0,0,0,-97,0,5,0,23534641,0,399,0,0,23.927,128,[-113 -15 24 0 23 26 22 25 22 24 21 24 20 23 19 22 18 22 16 21 16 21 14 20 13 20 12 19 10 19 9 17 8 18 6 17 5 17 4 16 3 15 2 14 1 14 0 13 -1 12 -2 11 -2 10 0 0 0 0 0 0 0 0 0 0 0 0 0 0 0 0 0 0 0 0 0 0 9 19 9 20 8 20 7 20 7 20 7 21 8 21 7 22 7 22 7 22 7 22 7 22 7 23 8 24 9 24 10 23 10 24 11 24 12 25 13 25 14 25 16 26 17 26 19 27 20 27 23 28 ]
CSI_DATA,STA,E4:D1:24:F0:BE:00,-63,10,0,0,0,0,0,0,0,0,0,-97,0,5,0,23637043,0,399,0,0,24.0294,128,[-113 -15 24 0 37 -4 36 -4 35 -3 33 -2 31 -3 31 -3 28 -2 28 -2 26 -1 24 0 23 1 22 2 20 2 19 2 18 2 17 3 15 4 15 4 13 4 13 4 12 5 10 5 9 6 8 6 8 7 0 0 0 0 0 0 0 0 0 0 0 0 0 0 0 0 0 0 0 0 0 0 18 4 17 5 17 5 17 5 18 6 18 6 19 5 19 5 20 5 20 5 20 6 21 5 22 6 23 6 24 5 25 4 26 4 27 4 28 2 28 3 30 0 31 -1 33 0 34 -1 36 -2 38 -2 ]
CSI_DATA,STA,E4:D1:24:F0:BE:00,-62,10,0,0,0,0,0,0,0,0,0,-97,0,5,0,23739445,0,399,0,0,24.1317,128,[-113 -15 24 0 -30 -24 -29 -23 -28 -22 -27 -21 -26 -20 -25 -20 -24 -19 -23 -18 -21 -19 -20 -18 -19 -18 -18 -17 -17 -17 -16 -17 -15 -15 -13 -15 -12 -15 -12 -15 -10 -15 -10 -14 -8 -14 -7 -13 -7 -14 -6 -13 -4 -12 0 0 0 0 0 0 0 0 0 0 0 0 0 0 0 0 0 0 0 0 0 0 -13 -16 -12 -17 -12 -18 -12 -17 -12 -18 -12 -18 -12 -18 -12 -18 -13 -18 -13 -20 -13 -19 -13 -20 -14 -21 -14 -22 -15 -22 -15 -22 -16 -22 -16 -23 -18 -24 -19 -23 -21 -24 -22 -24 -23 -24 -24 -24 -26 -26 -28 -26 ]
CSI_DATA,STA,E4:D1:24:F0:BE:00,-61,10,0,0,0,0,0,0,0,0,0,-97,0,5,0,23841848,0,399,0,0,24.2342,128,[-113 -15 24 0 -37 -12 -34 -11 -34 -11 -32 -11 -30 -10 -30 -11 -28 -10 -26 -9 -25 -10 -23 -11 -22 -11 -20 -11 -18 -10 -18 -10 -15 -10 -15 -10 -13 -10 -13 -10 -11 -10 -11 -9 -10 -10 -9 -9 -8 -9 -7 -8 -6 -8 0 0 0 0 0 0 0 0 0 0 0 0 0 0 0 0 0 0 0 0 0 0 -16 -10 -15 -11 -16 -12 -16 -12 -16 -13 -16 -13 -16 -13 -17 -13 -17 -14 -17 -14 -17 -13 -18 -14 -19 -14 -19 -14 -20 -14 -22 -14 -22 -14 -24 -15 -24 -14 -25 -14 -28 -13 -29 -13 -31 -13 -32 -13 -35 -13 -36 -13 ]
CSI_DATA,STA,E4:D1:24:F0:BE:00,-63,10,0,0,0,0,0,0,0,0,0,-97,0,5,0,23944249,0,399,0,0,24.3364,128,[-113 -15 24 0 37 0 36 -1 34 0 32 1 30 0 29 2 28 2 26 3 25 2 23 3 21 4 20 4 18 5 17 5 16 5 15 5 13 5 12 6 11 6 10 5 8 5 8 5 7 6 6 5 5 6 0 0 0 0 0 0 0 0 0 0 0 0 0 0 0 0 0 0 0 0 0 0 19 5 19 6 19 6 19 6 19 7 20 7 20 7 21 7 21 7 21 7 21 7 22 7 23 6 24 7 25 7 26 6 26 5 27 6 28 4 29 4 30 2 32 3 33 2 34 1 36 1 38 0 ]
CSI_DATA,STA,E4:D1:24:F0:BE:00,-63,10,0,0,0,0,0,0,0,0,0,-97,0,5,0,24046651,0,399,0,0,24.4389,128,[-113 -15 24 0 12 34 11 33 11 33 10 31 9 30 7 29 7 28 5 26 4 26 3 24 3 23 1 22 1 20 -1 20 -1 18 -2 18 -3 16 -3 16 -5 15 -5 13 -5 12 -5 12 -6 11 -6 9 -8 8 0 0 0 0 0 0 0 0 0 0 0 0 0 0 0 0 0 0 0 0 0 0 -1 21 -1 20 -1 21 -2 20 -2 22 -2 21 -2 22 -3 23 -2 23 -2 23 -2 22 -2 24 -2 25 -1 25 -1 25 0 26 1 26 1 27 2 27 3 28 5 29 6 30 7 31 8 33 10 34 10 35 ]
CSI_DATA,STA,E4:D1:24:F0:BE:00,-63,10,0,0,0,0,0,0,0,0,0,-97,0,5,0,24149053,0,399,0,0,24.5414,128,[-113 -15 24 0 -34 0 -32 0 -30 0 -29 -1 -27 -1 -27 -1 -25 -2 -24 -2 -22 -3 -22 -4 -20 -4 -18 -4 -17 -5 -16 -5 -14 -6 -13 -6 -12 -5 -12 -6 -10 -6 -9 -6 -9 -6 -8 -6 -7 -6 -6 -6 -6 -6 0 0 0 0 0 0 0 0 0 0 0 0 0 0 0 0 0 0 0 0 0 0 -19 -3 -20 -5 -20 -5 -20 -5 -20 -6 -21 -6 -21 -7 -22 -6 -22 -6 -22 -8 -22 -7 -23 -7 -24 -7 -24 -8 -24 -7 -26 -7 -26 -7 -27 -6 -27 -5 -27 -5 -28 -4 -29 -4 -30 -2 -31 -2 -33 -1 -34 0 ]
CSI_DATA,STA,E4:D1:24:F0:BE:00,-63,10,0,0,0,0,0,0,0,0,0,-97,0,5,0,24251455,0,399,0,0,24.6438,128,[-113 -15 24 0 18 32 16 30 17 29 15 28 15 28 14 27 13 26 11 25 10 24 8 23 7 21 6 21 4 20 4 18 3 17 1 17 1 15 0 15 0 14 -1 13 -1 12 -2 12 -3 10 -3 10 -3 8 0 0 0 0 0 0 0 0 0 0 0 0 0 0 0 0 0 0 0 0 0 0 5 18 4 19 3 19 3 19 3 20 3 20 3 21 3 21 4 22 3 22 3 22 3 23 4 23 4 24 4 24 5 25 6 25 6 26 8 26 9 27 11 27 12 29 13 29 15 30 15 31 17 33 ]
CSI_DATA,STA,E4:D1:24:F0:BE:00,-65,10,0,0,0,0,0,0,0,0,0,-97,0,5,0,24353857,0,399,0,0,24.7462,128,[-113 -15 24 0 25 22 24 21 23 20 23 20 21 20 20 19 19 18 17 18 16 18 15 19 12 18 11 17 9 17 8 15 7 15 6 15 5 14 4 13 3 12 2 12 2 12 1 12 0 11 -1 10 -1 8 0 0 0 0 0 0 0 0 0 0 0 0 0 0 0 0 0 0 0 0 0 0 12 22 11 23 10 22 9 22 9 24 10 24 10 24 10 23 10 24 10 25 9 25 9 25 11 26 10 26 10 25 12 25 12 26 13 25 15 25 15 25 17 23 18 23 20 23 20 25 23 23 24 22 ]
CSI_DATA,STA,E4:D1:24:F0:BE:00,-63,10,0,0,0,0,0,0,0,0,0,-97,0,5,0,24456259,0,399,0,0,24.8486,128,[-113 -15 24 0 -29 21 -27 20 -25 19 -24 18 -24 17 -23 16 -22 14 -22 14 -21 13 -20 11 -19 10 -19 10 -18 9 -17 7 -16 6 -16 6 -15 4 -15 4 -13 3 -13 3 -12 2 -12 2 -11 1 -11 0 -10 -1 0 0 0 0 0 0 0 0 0 0 0 0 0 0 0 0 0 0 0 0 0 0 -18 8 -18 7 -19 6 -19 6 -19 6 -20 6 -21 6 -21 6 -21 7 -21 7 -21 6 -22 7 -23 8 -23 8 -23 8 -25 9 -24 9 -26 10 -25 11 -26 12 -26 14 -27 15 -27 17 -27 18 -28 19 -29 20 ]
CSI_DATA,STA,E4:D1:24:F0:BE:00,-63,10,0,0,0,0,0,0,0,0,0,-97,0,5,0,24558661,0,399,0,0,24.951,128,[-113 -15 24 0 -7 30 -7 29 -6 27 -6 25 -6 24 -7 23 -7 22 -7 21 -7 19 -7 18 -7 17 -8 16 -7 14 -7 13 -7 11 -7 10 -7 10 -7 9 -6 8 -7 7 -7 6 -6 6 -6 5 -6 5 -5 4 0 0 0 0 0 0 0 0 0 0 0 0 0 0 0 0 0 0 0 0 0 0 -7 16 -8 16 -9 16 -9 16 -10 16 -10 16 -10 16 -11 17 -11 16 -11 17 -11 17 -11 17 -11 18 -12 18 -12 18 -12 19 -11 19 -12 20 -10 21 -10 22 -10 24 -9 24 -9 26 -8 27 -7 28 -8 30 ]
CSI_DATA,STA,E4:D1:24:F0:BE:00,-63,10,0,0,0,0,0,0,0,0,0,-97,0,5,0,24661062,0,399,0,0,25.0534,128,[-113 -15 24 0 -35 -13 -32 -13 -32 -13 -30 -11 -29 -11 -27 -11 -25 -12 -24 -11 -23 -11 -21 -11 -20 -11 -17 -11 -16 -11 -15 -11 -13 -10 -13 -10 -11 -10 -10 -10 -9 -10 -8 -9 -7 -10 -7 -9 -6 -9 -4 -9 -3 -8 0 0 0 0 0 0 0 0 0 0 0 0 0 0 0 0 0 0 0 0 0 0 -21 -11 -19 -12 -20 -14 -19 -14 -20 -15 -19 -14 -20 -15 -20 -15 -21 -16 -21 -17 -21 -16 -22 -17 -23 -17 -23 -18 -23 -18 -24 -18 -25 -17 -26 -18 -26 -18 -27 -18 -28 -17 -30 -17 -31 -16 -32 -16 -33 -16 -35 -16 ]
CSI_DATA,STA,E4:D1:24:F0:BE:00,-62,10,0,0,0,0,0,0,0,0,0,-97,0,5,0,24763463,0,399,0,0,25.1556,128,[-113 -15 24 0 20 -24 20 -23 20 -23 19 -21 18 -21 18 -20 17 -19 17 -19 17 -17 16 -16 16 -15 14 -14 14 -12 14 -11 13 -10 13 -9 12 -9 12 -8 11 -7 11 -6 10 -6 10 -5 10 -4 10 -4 9 -3 0 0 0 0 0 0 0 0 0 0 0 0 0 0 0 0 0 0 0 0 0 0 14 -9 15 -9 15 -8 15 -7 15 -7 15 -7 16 -7 16 -8 16 -7 16 -8 16 -8 17 -8 17 -9 17 -9 17 -10 18 -10 18 -11 18 -12 19 -13 19 -13 18 -15 19 -17 19 -18 20 -20 21 -21 21 -23 ]
CSI_DATA,STA,E4:D1:24:F0:BE:00,-64,10,0,0,0,0,0,0,0,0,0,-97,0,5,0,24865865,0,399,0,0,25.258,128,[-113 -15 24 0 -10 -35 -9 -33 -10 -32 -8 -31 -8 -30 -7 -30 -6 -29 -5 -28 -4 -27 -4 -26 -4 -24 -3 -23 -2 -22 -1 -20 -1 -19 1 -19 1 -18 2 -17 2 -16 3 -15 3 -14 3 -13 4 -12 4 -12 4 -10 0 0 0 0 0 0 0 0 0 0 0 0 0 0 0 0 0 0 0 0 0 0 -3 -22 -2 -21 0 -22 0 -22 0 -22 0 -21 1 -22 1 -22 1 -22 1 -23 0 -23 1 -24 1 -24 1 -24 0 -25 -1 -26 -1 -26 -2 -27 -2 -26 -2 -27 -3 -28 -4 -30 -5 -30 -7 -32 -7 -33 -9 -35 ]
CSI_DATA,STA,E4:D1:24:F0:BE:00,-63,10,0,0,0,0,0,0,0,0,0,-97,0,5,0,24968267,0,399,0,0,25.3606,128,[-113 -15 24 0 -16 -35 -15 -34 -15 -33 -14 -32 -14 -31 -14 -31 -13 -30 -12 -29 -11 -29 -9 -28 -9 -27 -8 -26 -7 -25 -7 -24 -5 -22 -5 -21 -3 -20 -3 -20 -2 -18 -3 -18 -2 -17 -1 -16 0 -15 0 -14 0 -13 0 0 0 0 0 0 0 0 0 0 0 0 0 0 0 0 0 0 0 0 0 0 -2 -19 -1 -19 -1 -19 0 -19 0 -20 0 -19 -1 -19 -1 -20 -1 -20 0 -20 0 -20 -1 -21 -1 -22 -1 -23 -2 -23 -2 -23 -3 -24 -3 -25 -5 -26 -6 -27 -7 -27 -8 -28 -9 -29 -10 -31 -11 -33 -13 -34 ]
CSI_DATA,STA,E4:D1:24:F0:BE:00,-64,10,0,0,0,0,0,0,0,0,0,-97,0,5,0,25070669,0,399,0,0,25.463,128,[-113 -15 24 0 -34 -14 -33 -13 -32 -13 -31 -11 -29 -11 -28 -11 -26 -11 -26 -10 -25 -11 -23 -11 -21 -10 -20 -11 -18 -10 -18 -10 -16 -9 -16 -10 -14 -9 -13 -9 -12 -9 -12 -8 -10 -8 -10 -8 -9 -7 -8 -6 -9 -7 0 0 0 0 0 0 0 0 0 0 0 0 0 0 0 0 0 0 0 0 0 0 -17 -10 -16 -11 -17 -12 -16 -12 -16 -12 -16 -12 -17 -13 -17 -13 -18 -13 -18 -14 -18 -14 -19 -15 -19 -14 -20 -15 -20 -16 -22 -16 -22 -16 -23 -16 -23 -16 -25 -16 -26 -15 -27 -16 -29 -15 -31 -16 -31 -15 -32 -15 ]
CSI_DATA,STA,E4:D1:24:F0:BE:00,-65,10,0,0,0,0,0,0,0,0,0,-97,0,5,0,25173071,0,399,0,0,25.5654,128,[-113 -15 24 0 -10 33 -9 33 -10 32 -9 31 -8 31 -9 31 -9 30 -9 28 -10 28 -9 26 -9 26 -9 25 -10 24 -10 22 -10 21 -10 20 -11 20 -10 17 -11 17 -10 16 -10 16 -10 14 -10 13 -10 13 -11 11 0 0 0 0 0 0 0 0 0 0 0 0 0 0 0 0 0 0 0 0 0 0 -10 16 -10 15 -11 15 -11 14 -11 14 -11 14 -12 14 -12 14 -11 15 -12 14 -12 14 -12 16 -12 16 -12 16 -13 17 -14 17 -14 18 -14 18 -13 20 -13 20 -12 22 -13 23 -12 24 -12 26 -11 29 -12 31 ]
CSI_DATA,STA,E4:D1:24:F0:BE:00,-67,10,0,0,0,0,0,0,0,0,0,-97,0,5,0,25275472,0,399,0,0,25.6678,128,[-113 -15 24 0 -20 30 -19 27 -19 28 -19 26 -19 25 -18 25 -18 24 -18 22 -18 22 -18 21 -18 20 -18 18 -17 16 -17 16 -16 14 -16 13 -15 14 -15 12 -14 11 -14 11 -14 10 -13 10 -12 10 -13 9 -12 7 0 0 0 0 0 0 0 0 0 0 0 0 0 0 0 0 0 0 0 0 0 0 -15 14 -15 13 -16 12 -15 13 -15 14 -16 13 -16 13 -16 14 -17 14 -17 13 -17 13 -18 14 -18 14 -18 14 -18 15 -18 15 -19 15 -19 17 -18 16 -17 18 -17 19 -17 22 -18 21 -17 21 -19 24 -20 26 ]
CSI_DATA,STA,E4:D1:24:F0:BE:00,-63,10,0,0,0,0,0,0,0,0,0,-97,0,5,0,25377874,0,399,0,0,25.7702,128,[-113 -15 24 0 8 -38 7 -37 7 -35 8 -34 7 -33 8 -32 7 -31 7 -30 8 -29 8 -28 8 -27 8 -25 8 -24 8 -22 9 -20 8 -20 8 -19 8 -18 8 -17 8 -16 8 -15 7 -14 7 -13 8 -12 9 -12 0 0 0 0 0 0 0 0 0 0 0 0 0 0 0 0 0 0 0 0 0 0 10 -16 11 -15 11 -15 11 -15 11 -14 12 -14 12 -15 12 -16 12 -15 12 -15 11 -15 12 -15 13 -16 12 -18 11 -18 11 -19 11 -20 12 -21 11 -23 10 -23 10 -25 10 -27 9 -28 9 -31 9 -33 9 -35 ]
CSI_DATA,STA,E4:D1:24:F0:BE:00,-63,10,0,0,0,0,0,0,0,0,0,-97,0,5,0,25480276,0,399,0,0,25.8725,128,[-113 -15 24 0 4 -37 4 -36 4 -35 4 -34 4 -33 3 -32 4 -31 4 -30 4 -29 4 -28 3 -27 4 -26 5 -24 5 -23 5 -21 5 -20 5 -20 5 -19 5 -18 5 -16 5 -16 5 -15 5 -14 5 -13 7 -13 0 0 0 0 0 0 0 0 0 0 0 0 0 0 0 0 0 0 0 0 0 0 2 -17 3 -17 4 -17 4 -17 4 -18 5 -17 6 -17 5 -18 6 -18 6 -18 7 -18 7 -19 7 -20 7 -21 7 -21 7 -22 8 -23 7 -24 7 -25 8 -26 7 -27 7 -29 7 -30 7 -32 7 -33 7 -36 ]
CSI_DATA,STA,E4:D1:24:F0:BE:00,-64,10,0,0,0,0,0,0,0,0,0,-97,0,5,0,25582678,0,399,0,0,25.9748,128,[-113 -15 24 0 -21 21 -20 21 -19 21 -19 21 -18 21 -18 20 -17 19 -17 19 -17 18 -16 18 -16 17 -16 16 -15 16 -14 15 -15 13 -14 14 -15 12 -14 11 -13 10 -13 10 -13 9 -12 8 -12 7 -12 6 -11 6 0 0 0 0 0 0 0 0 0 0 0 0 0 0 0 0 0 0 0 0 0 0 -13 10 -13 9 -14 8 -14 8 -13 8 -15 8 -15 8 -15 8 -15 8 -15 8 -16 8 -17 8 -17 8 -17 8 -18 9 -18 9 -19 10 -19 10 -19 11 -19 12 -19 12 -20 13 -20 14 -20 16 -20 17 -22 18 ]
CSI_DATA,STA,E4:D1:24:F0:BE:00,-62,10,0,0,0,0,0,0,0,0,0,-97,0,5,0,25685080,0,399,0,0,26.0774,128,[-113 -15 24 0 -16 -29 -16 -29 -16 -28 -16 -27 -15 -26 -16 -26 -15 -25 -14 -25 -14 -24 -14 -24 -13 -23 -12 -22 -12 -22 -11 -21 -9 -20 -9 -19 -8 -19 -8 -18 -7 -18 -7 -17 -6 -17 -5 -16 -4 -16 -3 -15 -2 -14 0 0 0 0 0 0 0 0 0 0 0 0 0 0 0 0 0 0 0 0 0 0 -5 -13 -5 -13 -4 -14 -4 -14 -4 -14 -4 -14 -4 -14 -4 -15 -4 -15 -4 -15 -3 -15 -3 -16 -3 -17 -4 -18 -3 -18 -4 -19 -4 -19 -5 -20 -5 -20 -6 -21 -8 -22 -8 -23 -10 -24 -11 -25 -11 -27 -13 -27 ]
CSI_DATA,STA,E4:D1:24:F0:BE:00,-64,10,0,0,0,0,0,0,0,0,0,-97,0,5,0,25787481,0,399,0,0,26.1798,128,[-113 -15 24 0 -32 11 -32 11 -29 10 -30 10 -28 10 -28 9 -27 8 -26 8 -25 7 -25 6 -23 6 -22 5 -22 4 -21 3 -20 3 -19 3 -18 2 -18 1 -16 1 -16 1 -15 0 -14 0 -13 0 -13 -1 -13 0 0 0 0 0 0 0 0 0 0 0 0 0 0 0 0 0 0 0 0 0 0 0 -19 0 -18 -1 -19 -1 -19 -1 -20 -2 -19 -1 -19 -1 -19 -1 -20 -1 -21 0 -20 0 -21 0 -22 0 -22 1 -22 1 -24 1 -24 1 -24 2 -25 3 -25 3 -26 5 -27 6 -27 7 -29 7 -30 9 -33 10 ]
CSI_DATA,STA,E4:D1:24:F0:BE:00,-65,10,0,0,0,0,0,0,0,0,0,-97,0,5,0,25889883,0,399,0,0,26.2822,128,[-113 -15 24 0 31 1 31 0 30 0 31 1 31 0 31 0 31 0 30 0 30 0 30 0 29 0 29 1 28 1 26 1 25 1 25 2 24 2 23 3 22 3 22 4 21 2 19 4 19 4 18 5 16 6 0 0 0 0 0 0 0 0 0 0 0 0 0 0 0 0 0 0 0 0 0 0 17 8 16 9 16 9 15 9 15 8 15 9 15 8 16 8 15 8 16 8 15 7 16 8 15 9 16 8 16 8 17 7 17 8 18 7 19 7 18 7 19 5 21 6 22 5 24 5 27 4 28 2 ]
CSI_DATA,STA,E4:D1:24:F0:BE:00,-65,10,0,0,0,0,0,0,0,0,0,-97,0,5,0,25992284,0,399,0,0,26.3846,128,[-113 -15 24 0 -25 12 -25 13 -26 12 -25 12 -25 13 -25 13 -25 13 -26 13 -25 13 -25 13 -23 12 -24 12 -23 11 -23 10 -22 9 -22 9 -20 9 -21 7 -20 8 -19 8 -19 7 -17 6 -16 7 -16 6 -17 4 0 0 0 0 0 0 0 0 0 0 0 0 0 0 0 0 0 0 0 0 0 0 -13 5 -13 4 -13 3 -12 3 -13 2 -12 3 -12 3 -13 3 -12 3 -12 4 -13 4 -14 4 -14 3 -14 3 -15 3 -15 4 -15 3 -17 3 -16 4 -17 4 -18 5 -19 5 -20 6 -20 7 -21 8 -23 10 ]
CSI_DATA,STA,E4:D1:24:F0:BE:00,-65,10,0,0,0,0,0,0,0,0,0,-97,0,5,0,26094686,0,399,0,0,26.4871,128,[-113 -15 24 0 2 31 3 31 4 30 5 31 6 31 6 30 6 30 7 30 6 30 7 29 5 29 6 29 5 28 4 27 3 26 3 26 2 26 1 24 2 24 1 22 1 21 0 21 -1 19 -2 19 -4 18 0 0 0 0 0 0 0 0 0 0 0 0 0 0 0 0 0 0 0 0 0 0 2 18 1 17 0 17 0 17 -1 17 -1 16 -1 17 -1 17 -2 17 -1 18 -2 17 -2 17 -2 20 -3 19 -3 19 -4 19 -4 20 -4 20 -4 22 -4 22 -4 23 -4 24 -3 25 -2 26 -2 28 -1 30 ]
CSI_DATA,STA,E4:D1:24:F0:BE:00,-64,10,0,0,0,0,0,0,0,0,0,-97,0,5,0,26197088,0,399,0,0,26.5894,128,[-113 -15 24 0 -28 -11 -29 -11 -28 -9 -28 -9 -28 -8 -29 -8 -28 -7 -28 -6 -28 -6 -28 -6 -27 -6 -28 -6 -26 -6 -25 -6 -25 -5 -25 -5 -24 -6 -24 -6 -23 -6 -23 -6 -22 -8 -21 -8 -20 -9 -19 -9 -19 -12 0 0 0 0 0 0 0 0 0 0 0 0 0 0 0 0 0 0 0 0 0 0 -18 -6 -18 -7 -18 -8 -17 -9 -17 -9 -17 -9 -17 -9 -17 -10 -17 -10 -16 -10 -16 -10 -16 -11 -17 -12 -17 -12 -17 -12 -18 -13 -18 -13 -18 -13 -19 -13 -20 -14 -20 -13 -21 -14 -22 -14 -23 -14 -25 -14 -26 -14 ]
CSI_DATA,STA,E4:D1:24:F0:BE:00,-64,10,0,0,0,0,0,0,0,0,0,-97,0,5,0,26299490,0,399,0,0,26.6917,128,[-113 -15 24 0 -26 -7 -25 -6 -25 -6 -25 -5 -26 -4 -26 -4 -26 -4 -26 -3 -26 -4 -26 -4 -26 -4 -25 -5 -24 -3 -25 -4 -23 -4 -22 -4 -22 -4 -22 -4 -22 -4 -21 -4 -21 -5 -20 -6 -19 -7 -19 -7 -18 -9 0 0 0 0 0 0 0 0 0 0 0 0 0 0 0 0 0 0 0 0 0 0 -15 -7 -14 -8 -14 -9 -13 -8 -13 -9 -13 -8 -13 -8 -13 -8 -13 -8 -13 -8 -13 -8 -12 -8 -13 -8 -13 -9 -14 -8 -15 -9 -15 -9 -15 -9 -16 -9 -16 -9 -18 -8 -18 -9 -19 -9 -19 -9 -21 -9 -22 -9 ]
CSI_DATA,STA,E4:D1:24:F0:BE:00,-62,10,0,0,0,0,0,0,0,0,0,-97,0,5,0,26401892,0,399,0,0,26.7942,128,[-113 -15 24 0 -34 -7 -34 -5 -33 -5 -33 -5 -32 -3 -32 -4 -31 -3 -31 -3 -30 -3 -30 -3 -30 -3 -29 -2 -28 -3 -27 -2 -26 -3 -25 -3 -25 -3 -25 -3 -24 -4 -23 -4 -22 -5 -21 -5 -21 -6 -20 -6 -18 -8 0 0 0 0 0 0 0 0 0 0 0 0 0 0 0 0 0 0 0 0 0 0 -16 -2 -16 -3 -16 -4 -15 -4 -15 -5 -15 -4 -16 -5 -15 -5 -15 -6 -15 -6 -16 -6 -16 -6 -16 -7 -17 -7 -18 -7 -19 -8 -20 -8 -21 -8 -21 -9 -22 -10 -24 -9 -25 -9 -26 -9 -28 -9 -30 -9 -32 -8 ]
CSI_DATA,STA,E4:D1:24:F0:BE:00,-63,10,0,0,0,0,0,0,0,0,0,-97,0,5,0,26504294,0,399,0,0,26.8966,128,[-113 -15 24 0 23 25 23 25 24 23 24 24 25 23 23 23 24 23 23 22 23 21 23 21 22 21 22 21 21 20 20 19 19 19 19 19 19 19 17 19 15 19 15 19 14 18 14 18 13 18 12 18 11 18 0 0 0 0 0 0 0 0 0 0 0 0 0 0 0 0 0 0 0 0 0 0 11 12 9 12 9 12 9 12 8 12 8 12 7 12 8 12 9 12 8 13 9 12 8 13 9 13 10 14 10 15 10 15 10 16 11 16 12 17 12 18 13 19 15 20 15 21 17 22 19 23 21 24 ]
CSI_DATA,STA,E4:D1:24:F0:BE:00,-64,10,0,0,0,0,0,0,0,0,0,-97,0,5,0,26606695,0,399,0,0,26.999,128,[-113 -15 24 0 3 33 4 32 6 31 5 31 7 31 5 31 6 30 6 29 6 29 6 28 6 27 5 27 4 26 5 26 4 24 4 25 4 24 3 24 3 23 2 22 2 22 1 22 0 21 -1 20 -2 21 0 0 0 0 0 0 0 0 0 0 0 0 0 0 0 0 0 0 0 0 0 0 0 16 0 16 -1 16 -1 15 -1 15 -1 16 -1 16 -2 16 -1 16 -2 16 -2 17 -2 17 -2 18 -2 19 -2 19 -2 20 -2 20 -2 21 -2 23 -2 23 -2 24 -1 25 -1 26 0 28 1 30 2 31 ]
CSI_DATA,STA,E4:D1:24:F0:BE:00,-67,10,0,0,0,0,0,0,0,0,0,-97,0,5,0,26709097,0,399,0,0,27.1014,128,[-113 -15 24 0 7 -27 7 -27 5 -28 5 -27 6 -27 5 -28 5 -28 4 -27 5 -27 5 -27 4 -28 5 -27 4 -25 5 -25 5 -24 6 -24 7 -23 6 -23 7 -22 7 -21 6 -20 8 -19 8 -18 9 -17 11 -14 0 0 0 0 0 0 0 0 0 0 0 0 0 0 0 0 0 0 0 0 0 0 14 -19 15 -18 15 -18 14 -17 15 -18 14 -16 15 -18 14 -17 14 -18 14 -17 14 -16 13 -17 14 -18 14 -17 14 -18 14 -19 14 -18 13 -19 13 -20 13 -20 13 -20 12 -21 13 -21 12 -22 12 -23 12 -25 ]
CSI_DATA,STA,E4:D1:24:F0:BE:00,-67,10,0,0,0,0,0,0,0,0,0,-97,0,5,0,26811499,0,399,0,0,27.2039,128,[-113 -15 24 0 7 25 8 25 8 26 9 26 7 27 9 26 8 26 7 28 7 27 7 27 7 26 6 27 5 26 4 25 4 23 3 25 3 23 2 23 2 23 1 21 0 21 0 21 0 19 -2 19 -4 19 0 0 0 0 0 0 0 0 0 0 0 0 0 0 0 0 0 0 0 0 0 0 -4 19 -4 18 -5 18 -4 18 -4 17 -3 17 -2 17 -3 16 -2 17 -2 18 -3 18 -2 18 -2 19 -1 19 -2 19 -1 19 -2 19 -2 20 -1 19 -1 20 0 20 2 21 2 21 3 22 4 23 6 24 ]
CSI_DATA,STA,E4:D1:24:F0:BE:00,-66,10,0,0,0,0,0,0,0,0,0,-97,0,5,0,26913901,0,399,0,0,27.3062,128,[-113 -15 24 0 -9 -28 -10 -28 -9 -27 -10 -26 -9 -26 -9 -26 -9 -26 -7 -26 -6 -25 -6 -25 -6 -25 -3 -25 -4 -24 -3 -23 -2 -22 -1 -22 0 -22 0 -22 2 -21 2 -20 2 -20 3 -18 4 -18 6 -17 5 -15 0 0 0 0 0 0 0 0 0 0 0 0 0 0 0 0 0 0 0 0 0 0 4 -25 5 -24 6 -25 5 -24 5 -25 5 -25 5 -25 5 -25 5 -25 5 -26 6 -24 5 -25 4 -26 4 -26 4 -25 3 -26 3 -26 3 -25 2 -26 1 -25 0 -27 -1 -26 -3 -26 -4 -28 -6 -27 -7 -28 ]
CSI_DATA,STA,E4:D1:24:F0:BE:00,-66,10,0,0,0,0,0,0,0,0,0,-97,0,5,0,27016303,0,399,0,0,27.4086,128,[-113 -15 24 0 -4 27 -4 25 -4 27 -4 26 -4 26 -4 25 -4 25 -5 24 -5 24 -5 24 -5 24 -5 23 -6 22 -7 21 -6 20 -7 20 -7 19 -8 19 -9 18 -9 16 -8 17 -9 16 -9 15 -10 13 -12 12 0 0 0 0 0 0 0 0 0 0 0 0 0 0 0 0 0 0 0 0 0 0 -12 17 -13 16 -14 16 -13 16 -13 16 -13 16 -13 15 -13 15 -13 16 -12 17 -12 16 -13 17 -12 18 -12 18 -12 18 -12 19 -11 18 -12 19 -11 19 -11 20 -9 20 -8 21 -8 22 -7 22 -7 24 -7 26 ]
CSI_DATA,STA,E4:D1:24:F0:BE:00,-68,10,0,0,0,0,0,0,0,0,0,-97,0,5,0,27118705,0,399,0,0,27.511,128,[-113 -15 24 0 -24 12 -23 13 -22 11 -22 10 -22 12 -22 10 -22 9 -22 10 -22 9 -22 8 -21 7 -22 7 -22 5 -20 5 -19 3 -19 3 -18 2 -19 2 -18 1 -18 0 -18 0 -17 0 -15 0 -15 -1 -15 -3 0 0 0 0 0 0 0 0 0 0 0 0 0 0 0 0 0 0 0 0 0 0 -22 -4 -22 -5 -21 -5 -21 -4 -22 -5 -21 -4 -22 -5 -22 -4 -22 -4 -21 -3 -21 -4 -21 -3 -22 -3 -22 -3 -22 -3 -22 -1 -21 -2 -22 0 -21 -1 -20 1 -20 3 -21 3 -20 5 -21 6 -23 7 -23 9 ]
CSI_DATA,STA,E4:D1:24:F0:BE:00,-64,10,0,0,0,0,0,0,0,0,0,-97,0,5,0,27221107,0,399,0,0,27.6134,128,[-113 -15 24 0 31 8 31 7 29 8 28 7 27 7 27 6 25 7 25 6 24 6 23 7 21 7 21 7 19 6 19 8 17 8 17 9 16 8 16 8 15 9 14 8 13 8 11 10 11 10 10 10 9 10 0 0 0 0 0 0 0 0 0 0 0 0 0 0 0 0 0 0 0 0 0 0 19 7 19 8 18 9 18 8 18 9 19 10 19 10 20 10 20 10 20 11 20 11 21 11 21 12 21 13 22 13 23 13 22 13 24 13 24 13 25 13 26 12 27 12 27 11 28 11 30 11 31 10 ]
CSI_DATA,STA,E4:D1:24:F0:BE:00,-63,10,0,0,0,0,0,0,0,0,0,-97,0,5,0,27323508,0,399,0,0,27.7159,128,[-113 -15 24 0 31 -7 31 -7 30 -7 29 -6 29 -7 28 -6 27 -6 26 -6 25 -5 25 -4 24 -3 23 -3 22 -2 20 -2 19 -2 19 -1 18 0 18 1 16 1 16 1 15 1 14 2 13 2 12 3 13 3 0 0 0 0 0 0 0 0 0 0 0 0 0 0 0 0 0 0 0 0 0 0 18 1 19 1 19 2 18 2 18 3 19 3 19 3 19 3 20 4 20 3 19 4 20 4 21 4 22 4 22 4 23 3 22 3 23 2 24 2 24 2 25 0 27 0 26 -1 28 -3 29 -4 31 -4 ]
CSI_DATA,STA,E4:D1:24:F0:BE:00,-64,10,0,0,0,0,0,0,0,0,0,-97,0,5,0,27425910,0,399,0,0,27.8182,128,[-113 -15 24 0 -8 31 -8 32 -7 31 -7 30 -7 29 -7 29 -7 27 -8 28 -7 26 -8 25 -8 24 -8 23 -8 22 -9 21 -9 19 -9 20 -9 19 -9 18 -10 17 -9 16 -10 15 -9 14 -10 12 -10 12 -10 11 0 0 0 0 0 0 0 0 0 0 0 0 0 0 0 0 0 0 0 0 0 0 -8 15 -9 14 -10 14 -9 14 -9 14 -9 14 -10 15 -10 16 -10 15 -10 16 -10 15 -11 16 -11 17 -11 18 -11 18 -12 19 -12 19 -12 19 -11 21 -11 22 -10 23 -10 25 -10 25 -10 27 -10 29 -9 31 ]
CSI_DATA,STA,E4:D1:24:F0:BE:00,-64,10,0,0,0,0,0,0,0,0,0,-97,0,5,0,27528312,0,399,0,0,27.9206,128,[-113 -15 24 0 -32 17 -31 16 -29 16 -29 15 -27 15 -28 15 -26 14 -26 13 -25 12 -26 12 -24 10 -24 9 -23 9 -22 7 -21 7 -20 6 -20 5 -20 5 -19 4 -18 3 -17 2 -16 2 -15 1 -15 0 -14 0 0 0 0 0 0 0 0 0 0 0 0 0 0 0 0 0 0 0 0 0 0 0 -19 2 -18 2 -19 1 -19 1 -20 1 -20 1 -20 2 -21 2 -21 2 -21 2 -21 3 -22 2 -22 3 -23 3 -23 3 -24 4 -24 4 -25 5 -26 6 -26 7 -27 9 -28 9 -28 10 -29 11 -31 12 -32 14 ]
CSI_DATA,STA,E4:D1:24:F0:BE:00,-63,10,0,0,0,0,0,0,0,0,0,-97,0,5,0,27630714,0,399,0,0,28.023,128,[-113 -15 24 0 13 -32 11 -31 11 -30 11 -30 11 -29 10 -29 10 -27 10 -26 10 -26 10 -25 10 -24 10 -22 9 -21 10 -19 10 -18 10 -18 10 -17 10 -17 9 -15 9 -14 9 -14 10 -13 9 -12 10 -11 10 -10 0 0 0 0 0 0 0 0 0 0 0 0 0 0 0 0 0 0 0 0 0 0 10 -18 10 -16 11 -16 12 -16 12 -15 11 -16 12 -16 12 -16 13 -16 12 -16 13 -16 14 -17 14 -17 15 -18 15 -17 14 -19 14 -18 15 -20 15 -21 15 -21 15 -23 15 -24 14 -25 14 -26 14 -28 14 -30 ]
CSI_DATA,STA,E4:D1:24:F0:BE:00,-63,10,0,0,0,0,0,0,0,0,0,-97,0,5,0,27733116,0,399,0,0,28.1253,128,[-113 -15 24 0 9 -33 8 -32 9 -31 8 -30 8 -30 8 -30 8 -29 8 -28 8 -28 8 -27 8 -25 8 -25 8 -24 9 -22 9 -21 9 -20 10 -20 9 -19 9 -18 10 -17 10 -16 9 -15 9 -14 9 -13 10 -11 0 0 0 0 0 0 0 0 0 0 0 0 0 0 0 0 0 0 0 0 0 0 10 -15 11 -14 11 -14 11 -13 11 -13 12 -13 12 -13 12 -13 13 -13 12 -13 12 -13 12 -14 13 -14 13 -15 13 -15 12 -16 13 -16 13 -17 12 -18 12 -18 12 -20 12 -22 11 -23 11 -25 11 -27 11 -29 ]
CSI_DATA,STA,E4:D1:24:F0:BE:00,-63,10,0,0,0,0,0,0,0,0,0,-97,0,5,0,27835519,0,399,0,0,28.2278,128,[-113 -15 24 0 -3 37 -2 36 -1 35 -1 34 0 34 -1 33 -1 32 -1 31 -2 30 -2 29 -2 29 -3 27 -3 26 -5 25 -5 23 -5 23 -5 21 -5 21 -6 20 -6 18 -6 18 -6 17 -7 16 -7 14 -8 14 0 0 0 0 0 0 0 0 0 0 0 0 0 0 0 0 0 0 0 0 0 0 -4 18 -5 17 -6 17 -6 17 -6 17 -6 17 -7 17 -7 18 -6 18 -7 18 -7 18 -7 19 -7 20 -8 21 -8 21 -8 23 -8 22 -8 24 -8 25 -7 26 -6 27 -7 29 -7 30 -6 32 -5 34 -5 35 ]
CSI_DATA,STA,E4:D1:24:F0:BE:00,-64,10,0,0,0,0,0,0,0,0,0,-97,0,5,0,27937920,0,399,0,0,28.3303,128,[-113 -15 24 0 -35 -5 -35 -4 -33 -4 -32 -4 -32 -3 -31 -3 -30 -3 -30 -3 -28 -3 -27 -4 -26 -4 -25 -3 -24 -4 -23 -4 -21 -5 -21 -5 -20 -4 -20 -5 -18 -5 -17 -6 -16 -6 -16 -6 -15 -6 -14 -6 -14 -7 0 0 0 0 0 0 0 0 0 0 0 0 0 0 0 0 0 0 0 0 0 0 -19 -6 -18 -7 -18 -7 -18 -8 -18 -8 -18 -8 -19 -8 -19 -8 -19 -8 -20 -9 -20 -8 -20 -9 -21 -10 -21 -10 -22 -10 -23 -9 -23 -10 -24 -10 -25 -10 -25 -9 -27 -8 -28 -8 -29 -8 -31 -8 -32 -7 -34 -7 ]
CSI_DATA,STA,E4:D1:24:F0:BE:00,-64,10,0,0,0,0,0,0,0,0,0,-97,0,5,0,28040322,0,399,0,0,28.4326,128,[-113 -15 24 0 31 -9 30 -9 29 -8 29 -9 27 -9 27 -9 26 -8 25 -8 25 -8 24 -7 22 -6 22 -5 21 -6 20 -4 19 -4 18 -3 18 -3 17 -2 16 -2 16 -1 16 -2 15 -1 14 0 14 1 12 0 0 0 0 0 0 0 0 0 0 0 0 0 0 0 0 0 0 0 0 0 0 0 17 -3 16 -2 17 -1 17 -1 17 -1 18 -1 18 -1 19 -1 19 -1 19 0 19 0 20 0 21 0 22 0 22 0 23 -1 23 -2 24 -1 24 -1 25 -2 25 -3 27 -4 28 -4 29 -5 30 -7 32 -7 ]
CSI_DATA,STA,E4:D1:24:F0:BE:00,-64,10,0,0,0,0,0,0,0,0,0,-97,0,5,0,28142724,0,399,0,0,28.535,128,[-113 -15 24 0 29 -13 28 -14 27 -13 27 -12 26 -14 26 -13 25 -13 24 -13 24 -13 24 -12 23 -11 22 -10 20 -9 20 -9 20 -8 19 -7 18 -7 17 -6 17 -6 16 -5 16 -4 15 -4 15 -3 14 -2 13 -3 0 0 0 0 0 0 0 0 0 0 0 0 0 0 0 0 0 0 0 0 0 0 17 -6 17 -5 18 -5 18 -4 18 -4 19 -4 18 -4 20 -4 19 -3 21 -3 20 -2 20 -2 21 -3 21 -3 22 -2 23 -3 23 -3 25 -4 24 -4 25 -4 25 -6 26 -6 27 -7 28 -8 29 -9 30 -10 ]
CSI_DATA,STA,E4:D1:24:F0:BE:00,-63,10,0,0,0,0,0,0,0,0,0,-97,0,5,0,28245126,0,399,0,0,28.6374,128,[-113 -15 24 0 -20 26 -18 26 -19 26 -17 25 -17 24 -17 24 -16 23 -16 23 -16 22 -15 22 -14 21 -15 19 -15 18 -15 17 -14 16 -14 15 -14 14 -13 13 -13 13 -13 11 -12 11 -12 10 -12 9 -12 9 -11 7 0 0 0 0 0 0 0 0 0 0 0 0 0 0 0 0 0 0 0 0 0 0 -11 13 -11 12 -12 12 -12 12 -13 12 -13 12 -14 12 -14 12 -15 13 -15 12 -15 12 -16 13 -16 13 -17 13 -18 13 -18 14 -19 14 -19 15 -19 15 -19 16 -19 16 -20 18 -19 19 -19 21 -20 23 -21 24 ]
CSI_DATA,STA,E4:D1:24:F0:BE:00,-64,10,0,0,0,0,0,0,0,0,0,-97,0,5,0,28347528,0,399,0,0,28.7399,128,[-113 -15 24 0 -10 35 -9 34 -9 33 -9 31 -8 31 -8 30 -8 29 -8 28 -9 27 -9 26 -8 24 -8 23 -9 22 -9 20 -9 18 -8 18 -9 18 -9 17 -9 15 -9 15 -9 14 -8 13 -8 12 -9 11 -8 10 0 0 0 0 0 0 0 0 0 0 0 0 0 0 0 0 0 0 0 0 0 0 -6 16 -6 16 -7 16 -7 16 -8 16 -8 16 -8 17 -9 17 -9 18 -9 19 -10 18 -11 19 -10 20 -12 21 -12 21 -12 22 -12 22 -13 23 -12 24 -12 24 -12 26 -12 27 -11 28 -11 30 -11 32 -11 33 ]
CSI_DATA,STA,E4:D1:24:F0:BE:00,-65,10,0,0,0,0,0,0,0,0,0,-97,0,5,0,28449930,0,399,0,0,28.8422,128,[-113 -15 24 0 -15 33 -15 30 -16 30 -14 29 -15 28 -15 28 -16 26 -15 25 -16 24 -15 23 -15 22 -15 21 -15 19 -16 18 -14 16 -15 16 -14 14 -14 12 -14 12 -14 11 -14 10 -13 9 -13 8 -13 8 -11 6 0 0 0 0 0 0 0 0 0 0 0 0 0 0 0 0 0 0 0 0 0 0 -15 11 -15 10 -15 10 -15 10 -14 11 -15 11 -16 12 -16 11 -16 13 -15 12 -16 13 -16 12 -16 13 -16 14 -17 14 -17 16 -16 16 -17 17 -16 18 -16 20 -15 21 -16 23 -16 24 -15 26 -16 27 -17 29 ]
CSI_DATA,STA,E4:D1:24:F0:BE:00,-66,10,0,0,0,0,0,0,0,0,0,-97,0,5,0,28552332,0,399,0,0,28.9446,128,[-113 -15 24 0 21 15 20 16 20 15 20 15 19 15 19 16 18 15 17 14 17 14 16 14 15 15 15 14 14 14 14 14 12 13 11 13 11 13 10 13 9 12 8 13 8 12 7 12 6 11 6 11 5 11 0 0 0 0 0 0 0 0 0 0 0 0 0 0 0 0 0 0 0 0 0 0 11 13 10 14 10 14 9 14 9 14 9 14 10 15 10 14 11 14 10 14 11 14 11 14 11 15 11 16 11 16 12 15 12 15 13 16 12 16 14 16 14 16 15 16 16 16 18 16 19 16 20 16 ]
CSI_DATA,STA,E4:D1:24:F0:BE:00,-64,10,0,0,0,0,0,0,0,0,0,-97,0,5,0,28654733,0,399,0,0,29.047,128,[-113 -15 24 0 3 29 3 28 4 28 4 27 5 27 5 27 5 27 5 27 6 26 6 26 6 25 5 25 4 24 4 23 3 22 4 22 3 22 2 22 2 21 2 20 1 20 1 19 0 18 -1 17 -2 17 0 0 0 0 0 0 0 0 0 0 0 0 0 0 0 0 0 0 0 0 0 0 0 12 0 11 -1 11 -1 12 -1 11 -1 11 -1 11 -1 11 -1 12 -1 11 -1 11 -1 12 -1 14 -1 14 -1 14 -2 15 -2 15 -1 16 -2 17 -2 18 -1 19 -1 20 0 22 0 23 1 25 0 27 ]
CSI_DATA,STA,E4:D1:24:F0:BE:00,-67,10,0,0,0,0,0,0,0,0,0,-97,0,5,0,28757135,0,399,0,0,29.1495,128,[-113 -15 24 0 -3 -31 -4 -29 -4 -28 -4 -28 -4 -27 -3 -28 -2 -27 -3 -26 -2 -26 -2 -26 -2 -25 -1 -23 -1 -23 0 -23 -1 -22 1 -21 1 -21 1 -20 1 -19 2 -19 2 -19 2 -17 3 -17 4 -16 3 -14 0 0 0 0 0 0 0 0 0 0 0 0 0 0 0 0 0 0 0 0 0 0 1 -23 2 -23 3 -22 2 -23 2 -22 2 -23 1 -22 1 -24 1 -23 1 -24 0 -22 0 -24 0 -25 0 -25 0 -25 0 -26 0 -25 0 -26 0 -26 0 -27 -1 -26 -1 -28 -1 -28 -2 -30 -2 -30 -3 -30 ]
CSI_DATA,STA,E4:D1:24:F0:BE:00,-65,10,0,0,0,0,0,0,0,0,0,-97,0,5,0,28859537,0,399,0,0,29.2519,128,[-113 -15 24 0 30 1 30 0 29 1 27 1 26 1 26 -1 25 1 25 0 23 0 24 2 22 2 22 2 20 3 19 3 18 3 18 3 17 3 17 4 16 4 15 4 13 4 13 5 12 5 12 5 9 6 0 0 0 0 0 0 0 0 0 0 0 0 0 0 0 0 0 0 0 0 0 0 20 4 19 5 19 5 19 6 19 6 19 6 19 6 20 6 20 5 20 7 20 6 21 6 21 6 21 7 22 7 23 6 23 5 24 6 24 6 24 6 25 4 27 5 27 4 27 4 30 4 31 2 ]
CSI_DATA,STA,E4:D1:24:F0:BE:00,-70,10,0,0,0,0,0,0,0,0,0,-97,0,5,0,28961939,0,399,0,0,29.3543,128,[-113 -15 24 0 -28 1 -28 1 -28 0 -29 -1 -28 -1 -29 -2 -27 -2 -28 -3 -29 -4 -27 -5 -27 -5 -27 -6 -27 -8 -25 -7 -25 -8 -24 -8 -23 -10 -23 -9 -22 -10 -22 -10 -20 -11 -19 -11 -19 -12 -18 -11 -20 -13 0 0 0 0 0 0 0 0 0 0 0 0 0 0 0 0 0 0 0 0 0 0 -21 -18 -18 -17 -18 -18 -18 -17 -18 -17 -18 -15 -18 -15 -18 -14 -18 -12 -19 -12 -19 -11 -20 -11 -20 -10 -20 -10 -20 -9 -22 -7 -22 -7 -21 -8 -22 -6 -22 -5 -21 -4 -22 -3 -24 -2 -23 -2 -25 0 -28 1 ]
CSI_DATA,STA,E4:D1:24:F0:BE:00,-64,10,0,0,0,0,0,0,0,0,0,-97,0,5,0,29064341,0,399,0,0,29.4567,128,[-113 -15 24 0 19 28 20 26 20 24 19 24 20 23 19 23 19 22 18 22 18 21 18 21 17 21 16 20 15 20 14 19 12 19 12 19 11 18 10 18 9 17 9 17 8 16 7 16 6 16 6 15 4 14 0 0 0 0 0 0 0 0 0 0 0 0 0 0 0 0 0 0 0 0 0 0 9 17 9 17 8 18 8 18 8 19 8 18 8 18 8 19 8 19 8 19 8 19 8 20 9 21 9 22 8 21 9 23 11 24 11 24 11 23 12 25 13 25 13 26 14 26 16 27 17 28 19 28 ]
CSI_DATA,STA,E4:D1:24:F0:BE:00,-67,10,0,0,0,0,0,0,0,0,0,-97,0,5,0,29166743,0,399,0,0,29.5591,128,[-113 -15 24 0 19 -23 19 -21 18 -20 18 -20 18 -18 18 -18 16 -16 17 -14 17 -13 16 -11 15 -10 16 -10 14 -7 15 -7 14 -5 13 -4 13 -4 13 -3 12 -3 11 -1 10 -1 9 -1 9 -1 9 1 9 0 0 0 0 0 0 0 0 0 0 0 0 0 0 0 0 0 0 0 0 0 0 0 19 -9 20 -8 20 -8 19 -8 19 -8 20 -8 20 -8 20 -8 20 -9 20 -9 20 -10 19 -10 20 -10 20 -11 20 -11 20 -12 20 -12 20 -14 20 -14 19 -15 19 -17 19 -18 19 -19 20 -19 20 -21 21 -23 ]
CSI_DATA,STA,E4:D1:24:F0:BE:00,-64,10,0,0,0,0,0,0,0,0,0,-97,0,5,0,29269144,0,399,0,0,29.6613,128,[-113 -15 24 0 29 -17 29 -17 29 -16 27 -16 27 -17 27 -16 26 -14 26 -15 26 -14 24 -13 24 -13 24 -11 22 -11 22 -10 21 -9 21 -8 21 -7 21 -7 20 -6 19 -5 18 -4 17 -3 16 -2 15 -2 16 -1 0 0 0 0 0 0 0 0 0 0 0 0 0 0 0 0 0 0 0 0 0 0 23 -5 23 -3 22 -2 22 -1 23 -1 23 -1 23 -1 23 -1 23 -1 22 -1 22 -1 22 -2 23 -2 22 -2 24 -2 23 -3 24 -4 25 -4 25 -5 25 -6 26 -7 27 -8 27 -10 28 -11 30 -12 31 -14 ]
CSI_DATA,STA,E4:D1:24:F0:BE:00,-66,10,0,0,0,0,0,0,0,0,0,-97,0,5,0,29371573,0,399,0,0,29.7639,128,[-113 -15 24 0 21 19 21 16 22 16 21 16 22 15 23 15 22 15 22 15 22 15 21 15 20 15 20 15 18 15 19 15 17 13 17 15 16 15 16 14 16 15 14 15 14 15 13 15 12 15 11 14 11 15 0 0 0 0 0 0 0 0 0 0 0 0 0 0 0 0 0 0 0 0 0 0 10 14 7 14 8 15 7 15 8 15 8 14 8 14 8 15 8 15 7 15 8 15 9 15 8 16 9 16 9 16 9 16 9 16 10 17 11 16 11 16 12 17 13 17 14 17 15 17 16 17 19 18 ]
CSI_DATA,STA,E4:D1:24:F0:BE:00,-65,10,0,0,0,0,0,0,0,0,0,-97,0,5,0,29473948,0,399,0,0,29.8663,128,[-113 -15 24 0 1 -32 0 -32 0 -31 0 -31 -1 -30 -1 -30 0 -29 0 -28 0 -29 1 -28 1 -26 2 -26 2 -25 2 -25 3 -23 3 -22 4 -22 4 -21 5 -20 5 -20 5 -19 5 -18 6 -17 7 -16 9 -15 0 0 0 0 0 0 0 0 0 0 0 0 0 0 0 0 0 0 0 0 0 0 6 -21 7 -20 8 -20 8 -20 8 -20 8 -19 8 -19 8 -20 8 -20 8 -19 9 -20 9 -20 8 -21 8 -21 8 -21 9 -22 8 -21 8 -22 7 -24 6 -23 5 -25 5 -26 5 -27 4 -28 3 -29 3 -30 ]
CSI_DATA,STA,E4:D1:24:F0:BE:00,-64,10,0,0,0,0,0,0,0,0,0,-97,0,5,0,29576350,0,399,0,0,29.9687,128,[-113 -15 24 0 32 -4 32 -5 31 -5 31 -4 29 -5 29 -5 29 -3 29 -5 28 -4 27 -4 26 -3 25 -2 24 -2 24 -2 23 -2 22 -1 22 -1 22 0 20 0 20 1 19 1 18 3 18 3 17 4 16 6 0 0 0 0 0 0 0 0 0 0 0 0 0 0 0 0 0 0 0 0 0 0 23 4 23 6 23 6 22 7 22 8 22 8 22 8 22 8 22 9 22 8 21 9 21 9 22 9 22 9 23 9 22 9 23 8 25 8 24 7 25 6 25 5 26 4 27 4 28 3 29 1 31 0 ]
CSI_DATA,STA,E4:D1:24:F0:BE:00,-63,10,0,0,0,0,0,0,0,0,0,-97,0,5,0,29678752,0,399,0,0,30.0711,128,[-113 -15 24 0 -16 32 -16 31 -15 30 -15 29 -14 28 -14 28 -13 27 -14 25 -14 24 -13 23 -14 21 -13 21 -13 19 -13 18 -13 16 -12 16 -12 15 -13 14 -12 13 -12 12 -12 10 -12 10 -11 9 -11 8 -12 7 0 0 0 0 0 0 0 0 0 0 0 0 0 0 0 0 0 0 0 0 0 0 -14 18 -15 16 -15 16 -16 15 -16 15 -17 16 -16 16 -17 16 -17 17 -17 16 -17 16 -18 16 -18 17 -18 18 -19 18 -18 19 -19 19 -19 19 -19 20 -19 21 -18 23 -19 24 -18 25 -19 27 -18 29 -20 30 ]
CSI_DATA,STA,E4:D1:24:F0:BE:00,-63,10,0,0,0,0,0,0,0,0,0,-97,0,5,0,29781155,0,399,0,0,30.1735,128,[-113 -15 24 0 -11 -31 -10 -30 -11 -30 -10 -29 -11 -28 -10 -27 -10 -26 -9 -26 -8 -26 -8 -26 -8 -24 -7 -24 -6 -22 -5 -22 -4 -20 -4 -20 -3 -19 -3 -19 -2 -18 -2 -17 -2 -16 -1 -15 0 -15 0 -14 1 -13 0 0 0 0 0 0 0 0 0 0 0 0 0 0 0 0 0 0 0 0 0 0 -3 -21 -2 -21 -1 -21 -1 -21 -1 -22 0 -21 0 -21 0 -20 1 -21 0 -21 1 -21 1 -21 1 -22 0 -23 0 -23 0 -24 0 -23 -1 -24 -1 -25 -2 -25 -3 -26 -4 -27 -5 -27 -6 -29 -7 -30 -7 -32 ]
CSI_DATA,STA,E4:D1:24:F0:BE:00,-63,10,0,0,0,0,0,0,0,0,0,-97,0,5,0,29883557,0,399,0,0,30.2758,128,[-113 -15 24 0 32 -12 30 -13 30 -12 28 -12 28 -12 27 -12 26 -10 25 -11 25 -10 24 -9 23 -9 22 -8 21 -7 20 -7 19 -6 19 -5 18 -5 17 -4 17 -4 16 -3 16 -2 15 -1 15 -1 15 0 13 0 0 0 0 0 0 0 0 0 0 0 0 0 0 0 0 0 0 0 0 0 0 0 19 -4 18 -3 19 -3 19 -3 20 -2 19 -2 20 -2 21 -2 21 -2 21 -1 21 -1 22 -1 23 -2 23 -2 23 -1 24 -2 25 -2 26 -2 26 -3 26 -3 26 -5 27 -5 28 -7 29 -7 30 -8 31 -10 ]
CSI_DATA,STA,E4:D1:24:F0:BE:00,-63,10,0,0,0,0,0,0,0,0,0,-97,0,5,0,29985958,0,399,0,0,30.3781,128,[-113 -15 24 0 -12 28 -10 28 -10 26 -9 25 -8 25 -8 23 -8 23 -7 22 -8 21 -8 20 -8 19 -8 18 -8 18 -8 17 -7 15 -7 15 -8 15 -8 14 -8 13 -7 12 -7 12 -7 11 -7 10 -8 9 -8 8 0 0 0 0 0 0 0 0 0 0 0 0 0 0 0 0 0 0 0 0 0 0 -7 16 -9 16 -9 15 -9 15 -10 15 -10 15 -10 15 -10 15 -11 15 -11 16 -11 15 -12 16 -12 16 -12 16 -12 17 -12 17 -13 18 -13 19 -13 20 -13 20 -12 21 -12 23 -12 23 -13 25 -13 26 -12 27 ]
CSI_DATA,STA,E4:D1:24:F0:BE:00,-62,10,0,0,0,0,0,0,0,0,0,-97,0,5,0,30088360,0,399,0,0,30.4807,128,[-113 -15 24 0 -28 -18 -27 -17 -28 -17 -27 -16 -27 -16 -25 -15 -24 -16 -24 -15 -24 -14 -23 -15 -21 -15 -20 -14 -19 -13 -19 -13 -17 -14 -17 -13 -15 -13 -15 -13 -15 -13 -13 -13 -12 -12 -13 -13 -11 -13 -10 -10 -5 -15 0 0 0 0 0 0 0 0 0 0 0 0 0 0 0 0 0 0 0 0 0 0 -13 -13 -12 -13 -12 -15 -11 -14 -10 -15 -10 -15 -10 -15 -11 -15 -11 -16 -11 -16 -12 -15 -12 -17 -12 -17 -12 -17 -12 -17 -14 -18 -13 -17 -14 -18 -15 -17 -15 -19 -17 -18 -19 -18 -20 -18 -22 -18 -24 -19 -26 -18 ]
CSI_DATA,STA,E4:D1:24:F0:BE:00,-63,10,0,0,0,0,0,0,0,0,0,-97,0,5,0,30190762,0,399,0,0,30.5831,128,[-113 -15 24 0 26 9 26 8 26 9 25 8 25 8 25 7 24 7 23 7 22 7 21 7 20 7 19 7 18 7 18 7 16 7 16 8 15 8 14 8 13 8 12 7 12 7 11 7 10 8 9 7 9 7 0 0 0 0 0 0 0 0 0 0 0 0 0 0 0 0 0 0 0 0 0 0 15 7 15 8 14 9 14 9 14 9 14 9 14 10 14 10 14 10 14 10 14 10 14 11 15 12 16 12 16 11 16 12 16 12 17 12 18 12 19 12 19 12 21 11 22 11 22 11 25 11 26 10 ]
CSI_DATA,STA,E4:D1:24:F0:BE:00,-64,10,0,0,0,0,0,0,0,0,0,-97,0,5,0,30293164,0,399,0,0,30.6855,128,[-113 -15 24 0 -37 1 -34 2 -35 2 -33 3 -33 3 -32 3 -32 2 -32 3 -32 2 -30 2 -30 1 -28 0 -26 0 -27 0 -24 -1 -25 -1 -23 -1 -23 -1 -22 -2 -21 -2 -21 -3 -20 -3 -19 -4 -18 -3 -16 -5 0 0 0 0 0 0 0 0 0 0 0 0 0 0 0 0 0 0 0 0 0 0 -20 -3 -19 -3 -19 -4 -19 -4 -19 -4 -19 -5 -20 -4 -19 -5 -20 -4 -20 -5 -21 -4 -22 -5 -22 -6 -22 -5 -23 -5 -24 -6 -24 -5 -25 -5 -25 -5 -27 -3 -27 -3 -29 -4 -30 -2 -31 -1 -33 -1 -35 -1 ]
CSI_DATA,STA,E4:D1:24:F0:BE:00,-63,10,0,0,0,0,0,0,0,0,0,-97,0,5,0,30395566,0,399,0,0,30.7879,128,[-113 -15 24 0 -25 26 -23 25 -23 25 -22 25 -21 24 -21 24 -20 23 -21 23 -20 21 -20 20 -19 20 -18 18 -18 17 -18 16 -17 15 -17 15 -16 14 -16 14 -16 12 -16 11 -15 10 -15 10 -14 9 -15 8 -15 7 0 0 0 0 0 0 0 0 0 0 0 0 0 0 0 0 0 0 0 0 0 0 -15 15 -16 14 -17 13 -17 12 -18 12 -18 13 -18 12 -19 12 -19 13 -19 11 -18 12 -19 12 -20 12 -21 13 -21 12 -22 13 -22 13 -22 14 -22 15 -23 15 -23 16 -24 18 -24 18 -24 20 -25 22 -25 24 ]
CSI_DATA,STA,E4:D1:24:F0:BE:00,-65,10,0,0,0,0,0,0,0,0,0,-97,0,5,0,30497968,0,399,0,0,30.8903,128,[-113 -15 24 0 27 5 27 4 28 3 26 3 26 3 26 1 26 2 26 1 25 1 25 2 25 2 23 2 23 2 22 3 21 3 20 3 20 4 20 4 18 4 18 4 17 5 16 4 16 5 14 5 14 6 0 0 0 0 0 0 0 0 0 0 0 0 0 0 0 0 0 0 0 0 0 0 22 6 20 7 20 8 19 9 20 10 19 9 19 10 19 11 20 11 18 10 17 10 18 11 19 12 19 12 19 12 19 12 19 12 20 11 19 12 19 11 21 11 21 11 22 10 23 10 24 9 26 9 ]
CSI_DATA,STA,E4:D1:24:F0:BE:00,-67,10,0,0,0,0,0,0,0,0,0,-97,0,5,0,30600369,0,399,0,0,30.9927,128,[-113 -15 24 0 15 24 17 23 18 23 17 22 18 22 17 23 18 22 17 21 17 23 16 21 16 21 15 21 15 21 14 21 13 18 13 20 12 20 10 20 10 19 8 18 8 18 7 17 7 16 6 16 3 17 0 0 0 0 0 0 0 0 0 0 0 0 0 0 0 0 0 0 0 0 0 0 10 21 8 20 8 20 6 20 6 21 6 20 6 19 5 18 5 19 6 19 5 19 5 19 5 20 6 19 6 19 5 19 6 20 6 20 7 19 7 20 7 21 8 22 9 21 11 23 12 23 14 23 ]
CSI_DATA,STA,E4:D1:24:F0:BE:00,-66,10,0,0,0,0,0,0,0,0,0,-97,0,5,0,30702771,0,399,0,0,31.0949,128,[-113 -15 24 0 28 -10 27 -12 27 -11 26 -12 25 -12 25 -12 24 -11 25 -13 24 -13 24 -12 22 -11 22 -10 21 -9 22 -9 21 -9 21 -8 20 -8 20 -7 19 -7 18 -5 17 -5 16 -4 16 -3 16 -3 14 -1 0 0 0 0 0 0 0 0 0 0 0 0 0 0 0 0 0 0 0 0 0 0 24 -6 24 -5 24 -4 24 -3 24 -2 24 -2 23 -2 24 -2 24 -2 24 -1 23 -1 23 -1 23 -1 24 -1 24 -1 25 -1 24 -1 26 -1 24 -3 24 -3 25 -3 26 -4 26 -5 27 -6 27 -6 29 -8 ]
CSI_DATA,STA,E4:D1:24:F0:BE:00,-68,10,0,0,0,0,0,0,0,0,0,-97,0,5,0,30805173,0,399,0,0,31.1974,128,[-113 -15 24 0 8 21 12 23 12 21 11 23 12 23 11 22 11 22 10 22 10 22 10 21 8 21 9 21 8 22 7 21 6 20 6 20 5 21 5 20 4 18 4 19 4 18 3 18 3 16 2 17 -1 16 0 0 0 0 0 0 0 0 0 0 0 0 0 0 0 0 0 0 0 0 0 0 3 26 1 27 0 25 -1 24 -1 23 -1 23 -2 23 -2 22 -2 23 -1 21 -1 20 -1 21 0 21 -1 21 0 21 0 20 0 20 0 19 1 21 1 20 3 21 3 21 4 20 5 21 7 21 9 21 ]
CSI_DATA,STA,E4:D1:24:F0:BE:00,-68,10,0,0,0,0,0,0,0,0,0,-97,0,5,0,30907575,0,399,0,0,31.2999,128,[-113 -15 24 0 12 -24 11 -24 12 -25 11 -26 12 -25 13 -27 14 -26 14 -26 14 -26 14 -27 13 -26 15 -26 15 -25 16 -25 16 -24 15 -23 16 -24 16 -22 16 -20 16 -21 16 -20 16 -19 16 -18 17 -16 16 -16 0 0 0 0 0 0 0 0 0 0 0 0 0 0 0 0 0 0 0 0 0 0 22 -1 20 1 19 1 19 1 18 1 18 1 17 1 17 -1 15 -1 13 -2 15 -2 14 -2 14 -4 14 -4 13 -4 13 -5 14 -6 13 -6 11 -8 11 -10 10 -9 11 -10 11 -13 11 -14 11 -15 11 -17 ]
CSI_DATA,STA,E4:D1:24:F0:BE:00,-67,10,0,0,0,0,0,0,0,0,0,-97,0,5,0,31009977,0,399,0,0,31.4024,128,[-113 -15 24 0 11 29 9 30 9 28 8 28 7 29 6 28 5 28 3 27 3 26 1 26 2 26 0 26 0 26 -2 25 -3 24 -4 23 -5 23 -6 23 -6 22 -6 21 -8 20 -7 19 -8 18 -10 18 -11 15 0 0 0 0 0 0 0 0 0 0 0 0 0 0 0 0 0 0 0 0 0 0 -12 15 -12 15 -12 15 -11 15 -10 16 -10 15 -9 16 -9 18 -8 17 -7 19 -7 18 -6 20 -5 21 -4 21 -3 22 -3 22 -1 22 0 23 1 23 2 24 4 25 6 25 6 24 8 26 8 27 11 29 ]
CSI_DATA,STA,E4:D1:24:F0:BE:00,-65,10,0,0,0,0,0,0,0,0,0,-97,0,5,0,31112379,0,399,0,0,31.5047,128,[-113 -15 24 0 -2 34 -2 33 -3 32 -3 31 -4 30 -4 30 -4 29 -4 29 -5 28 -5 26 -6 25 -6 25 -7 23 -8 21 -8 20 -8 20 -9 19 -10 17 -10 17 -9 16 -9 14 -9 12 -9 12 -10 10 -9 8 0 0 0 0 0 0 0 0 0 0 0 0 0 0 0 0 0 0 0 0 0 0 -13 19 -13 18 -14 18 -12 17 -13 19 -12 19 -13 19 -13 18 -12 19 -12 19 -12 20 -12 21 -11 21 -12 22 -12 22 -11 23 -10 24 -10 24 -10 24 -10 25 -9 26 -8 28 -7 28 -5 29 -6 31 -6 33 ]
CSI_DATA,STA,E4:D1:24:F0:BE:00,-64,10,0,0,0,0,0,0,0,0,0,-97,0,5,0,31214781,0,399,0,0,31.6071,128,[-113 -15 24 0 -2 -32 -3 -31 -2 -32 -3 -30 -3 -30 -3 -30 -2 -30 -2 -30 -2 -29 -1 -29 -1 -28 -1 -27 0 -26 0 -26 1 -24 3 -24 2 -23 2 -22 3 -21 4 -20 5 -20 4 -18 4 -17 5 -16 7 -16 0 0 0 0 0 0 0 0 0 0 0 0 0 0 0 0 0 0 0 0 0 0 5 -15 5 -15 5 -15 5 -14 5 -15 5 -14 5 -15 5 -15 4 -14 4 -15 5 -15 5 -16 4 -17 5 -17 4 -17 4 -18 4 -19 3 -20 3 -21 3 -22 2 -22 1 -23 2 -24 2 -26 1 -27 1 -30 ]
CSI_DATA,STA,E4:D1:24:F0:BE:00,-66,10,0,0,0,0,0,0,0,0,0,-97,0,5,0,31317182,0,399,0,0,31.7095,128,[-113 -15 24 0 27 -16 27 -17 27 -16 27 -16 27 -17 27 -16 26 -16 27 -15 26 -15 26 -14 25 -13 25 -12 24 -11 23 -11 23 -9 23 -8 22 -7 22 -7 20 -6 19 -6 18 -5 18 -4 17 -3 17 -3 17 -1 0 0 0 0 0 0 0 0 0 0 0 0 0 0 0 0 0 0 0 0 0 0 22 -3 21 -2 20 -2 20 0 20 -1 19 -1 19 0 19 -2 19 -1 19 -2 19 -1 19 -2 19 -2 20 -3 20 -3 21 -3 21 -3 21 -4 20 -6 21 -5 22 -6 23 -7 23 -9 24 -10 26 -11 28 -13 ]
CSI_DATA,STA,E4:D1:24:F0:BE:00,-64,10,0,0,0,0,0,0,0,0,0,-97,0,5,0,31419584,0,399,0,0,31.8118,128,[-113 -15 24 0 6 -30 4 -31 3 -30 3 -31 3 -31 3 -32 2 -31 2 -32 3 -31 3 -31 3 -30 4 -30 4 -28 5 -26 4 -25 5 -25 6 -24 6 -23 6 -22 6 -21 7 -20 7 -19 6 -18 8 -17 9 -15 0 0 0 0 0 0 0 0 0 0 0 0 0 0 0 0 0 0 0 0 0 0 7 -17 8 -16 9 -15 10 -15 10 -14 10 -14 10 -13 10 -14 10 -13 10 -13 10 -13 11 -13 11 -14 11 -14 12 -14 12 -14 11 -15 13 -15 12 -16 11 -17 10 -18 11 -20 10 -21 11 -22 9 -25 8 -26 ]
CSI_DATA,STA,E4:D1:24:F0:BE:00,-63,10,0,0,0,0,0,0,0,0,0,-97,0,5,0,31521986,0,399,0,0,31.9142,128,[-113 -15 24 0 -10 -36 -10 -35 -11 -36 -11 -35 -11 -36 -10 -35 -11 -35 -10 -33 -10 -33 -9 -32 -8 -32 -8 -31 -6 -29 -6 -29 -5 -27 -5 -27 -3 -25 -3 -24 -3 -24 -2 -23 -1 -22 -1 -21 -1 -20 1 -19 1 -18 0 0 0 0 0 0 0 0 0 0 0 0 0 0 0 0 0 0 0 0 0 0 -3 -18 -1 -18 -1 -18 0 -17 0 -18 0 -17 1 -18 1 -18 1 -18 1 -18 1 -18 2 -19 2 -20 2 -19 2 -20 1 -21 1 -21 2 -22 1 -23 0 -24 -2 -25 -2 -27 -3 -28 -4 -30 -6 -32 -7 -34 ]
CSI_DATA,STA,E4:D1:24:F0:BE:00,-64,10,0,0,0,0,0,0,0,0,0,-97,0,5,0,31624601,0,399,0,0,32.017,128,[-113 -15 24 0 30 -13 29 -13 29 -13 29 -13 28 -15 28 -15 27 -14 27 -14 27 -13 27 -12 26 -12 26 -10 25 -11 24 -9 23 -8 23 -8 22 -7 22 -8 21 -7 20 -6 20 -6 19 -6 18 -5 17 -4 13 -2 0 0 0 0 0 0 0 0 0 0 0 0 0 0 0 0 0 0 0 0 0 0 17 -5 16 -4 17 -3 16 -2 15 -1 16 0 16 -1 16 0 16 0 15 0 16 2 16 0 15 1 17 1 16 1 17 1 17 1 18 -1 19 -2 19 -2 19 -3 21 -4 22 -5 23 -6 25 -7 28 -9 ]
CSI_DATA,STA,E4:D1:24:F0:BE:00,-66,10,0,0,0,0,0,0,0,0,0,-97,0,5,0,31726790,0,399,0,0,32.1191,128,[-113 -15 24 0 -1 -29 -2 -29 -1 -31 -3 -30 -3 -31 -2 -31 -2 -31 -3 -31 -4 -32 -3 -31 -3 -30 -2 -30 -2 -29 -1 -29 -1 -27 0 -28 1 -27 0 -26 1 -25 1 -24 2 -23 2 -22 2 -21 4 -20 4 -19 0 0 0 0 0 0 0 0 0 0 0 0 0 0 0 0 0 0 0 0 0 0 5 -20 6 -18 7 -19 8 -17 8 -17 8 -17 8 -16 9 -16 9 -15 8 -15 8 -15 9 -15 9 -15 8 -16 8 -15 8 -16 8 -15 9 -16 8 -16 8 -17 7 -18 7 -19 5 -21 4 -21 4 -23 3 -25 ]
CSI_DATA,STA,E4:D1:24:F0:BE:00,-63,10,0,0,0,0,0,0,0,0,0,-97,0,5,0,31829191,0,399,0,0,32.2216,128,[-113 -15 24 0 -30 -1 -28 -1 -28 0 -27 0 -27 0 -27 0 -25 0 -25 0 -24 0 -23 -1 -23 -1 -22 -2 -21 -2 -20 -1 -18 -2 -18 -2 -17 -3 -17 -3 -16 -4 -15 -3 -14 -4 -13 -4 -12 -4 -12 -4 -12 -5 0 0 0 0 0 0 0 0 0 0 0 0 0 0 0 0 0 0 0 0 0 0 -17 -4 -16 -5 -16 -6 -16 -6 -16 -7 -16 -7 -16 -7 -17 -7 -17 -6 -16 -7 -17 -7 -17 -8 -18 -8 -18 -8 -18 -8 -20 -7 -20 -8 -21 -8 -21 -7 -22 -6 -23 -6 -24 -6 -24 -5 -26 -5 -27 -3 -29 -3 ]
CSI_DATA,STA,E4:D1:24:F0:BE:00,-61,10,0,0,0,0,0,0,0,0,0,-97,0,5,0,31931592,0,399,0,0,32.3239,128,[-113 -15 24 0 36 -8 35 -8 34 -8 33 -8 32 -7 31 -7 30 -6 29 -6 28 -6 26 -4 25 -5 25 -3 23 -2 22 -2 21 -1 20 0 19 0 18 0 17 0 16 1 15 2 14 2 13 2 13 3 12 2 0 0 0 0 0 0 0 0 0 0 0 0 0 0 0 0 0 0 0 0 0 0 19 -3 19 -2 19 -2 19 -1 19 0 20 0 21 1 21 0 21 1 22 1 21 1 23 1 22 2 23 2 24 2 25 2 25 2 27 1 26 0 27 0 28 -1 30 -2 31 -3 32 -3 34 -5 36 -6 ]
CSI_DATA,STA,E4:D1:24:F0:BE:00,-64,10,0,0,0,0,0,0,0,0,0,-97,0,5,0,32033994,0,399,0,0,32.4263,128,[-113 -15 24 0 8 -35 8 -35 8 -33 8 -33 8 -30 8 -30 9 -28 8 -27 8 -25 8 -25 8 -23 8 -21 8 -20 9 -19 8 -17 8 -17 9 -15 8 -15 8 -13 7 -12 7 -12 7 -10 7 -10 7 -8 7 -9 0 0 0 0 0 0 0 0 0 0 0 0 0 0 0 0 0 0 0 0 0 0 9 -18 10 -17 10 -17 11 -16 11 -16 11 -17 12 -17 12 -17 12 -17 12 -17 12 -17 12 -18 12 -19 12 -20 13 -21 12 -22 12 -22 12 -23 12 -24 11 -26 11 -27 11 -28 11 -29 11 -31 10 -33 12 -35 ]
CSI_DATA,STA,E4:D1:24:F0:BE:00,-64,10,0,0,0,0,0,0,0,0,0,-97,0,5,0,32136396,0,399,0,0,32.5286,128,[-113 -15 24 0 33 -3 31 -3 31 -4 30 -2 28 -2 28 -2 27 -2 27 -1 25 -1 24 0 23 0 22 1 21 1 20 2 18 3 18 4 17 3 16 4 14 4 14 4 13 4 12 5 10 5 10 5 10 5 0 0 0 0 0 0 0 0 0 0 0 0 0 0 0 0 0 0 0 0 0 0 20 3 19 4 19 5 18 5 18 6 19 6 18 6 18 6 19 6 19 6 18 5 19 5 20 5 20 6 20 6 21 5 22 4 23 4 23 4 24 3 25 3 26 2 27 1 28 0 30 -1 32 -1 ]
CSI_DATA,STA,E4:D1:24:F0:BE:00,-67,10,0,0,0,0,0,0,0,0,0,-97,0,5,0,32238798,0,399,0,0,32.631,128,[-113 -15 24 0 29 17 28 17 27 17 26 18 25 17 23 17 21 19 20 17 18 18 16 17 15 17 13 17 12 17 11 16 9 15 8 15 8 14 7 13 5 13 4 12 4 11 4 10 3 10 2 8 3 9 0 0 0 0 0 0 0 0 0 0 0 0 0 0 0 0 0 0 0 0 0 0 9 19 7 18 7 19 7 18 7 19 7 18 8 18 7 17 9 17 9 17 9 16 11 18 10 17 12 17 12 17 14 17 14 17 16 16 16 16 19 16 20 16 21 16 23 16 24 16 26 16 29 17 ]
CSI_DATA,STA,E4:D1:24:F0:BE:00,-66,10,0,0,0,0,0,0,0,0,0,-97,0,5,0,32338017,0,205,0,0,32.7304,128,[-51 -48 12 0 -20 -26 -18 -24 -19 -24 -17 -23 -17 -23 -15 -22 -15 -22 -15 -21 -14 -22 -13 -21 -13 -20 -12 -20 -10 -19 -10 -19 -9 -16 -8 -18 -7 -16 -5 -16 -7 -15 -5 -14 -5 -14 -5 -14 -5 -11 -4 -9 -3 -17 0 0 0 0 0 0 0 0 0 0 0 0 0 0 0 0 0 0 0 0 0 0 -4 -22 -2 -21 -2 -22 -2 -20 -1 -22 -2 -20 -2 -21 -2 -20 -2 -20 -2 -20 -3 -19 -4 -20 -4 -20 -5 -21 -4 -20 -8 -21 -7 -19 -8 -21 -9 -21 -10 -21 -11 -22 -14 -22 -15 -23 -15 -23 -17 -24 -18 -25 ]
CSI_DATA,STA,E4:D1:24:F0:BE:00,-66,10,0,0,0,0,0,0,0,0,0,-97,0,5,0,32341200,0,399,0,0,32.7688,128,[-113 -15 24 0 29 11 27 11 28 12 27 12 26 11 26 11 25 12 25 11 23 12 23 13 21 13 20 12 20 13 19 12 17 12 16 13 16 12 14 12 13 11 12 11 11 10 10 10 9 10 9 9 10 8 0 0 0 0 0 0 0 0 0 0 0 0 0 0 0 0 0 0 0 0 0 0 16 16 15 16 14 17 14 17 14 18 14 16 14 17 12 15 13 16 12 14 13 16 13 15 13 15 14 15 14 14 16 14 16 14 17 14 17 13 19 13 19 13 21 13 22 13 24 13 25 13 26 13 ]
CSI_DATA,STA,E4:D1:24:F0:BE:00,-64,10,0,0,0,0,0,0,0,0,0,-97,0,5,0,32443602,0,399,0,0,32.8358,128,[-113 -15 24 0 25 19 25 18 24 18 23 19 22 19 22 19 22 19 20 18 19 18 19 17 17 17 17 17 16 17 15 16 14 15 13 14 12 15 11 15 10 14 10 13 9 13 8 12 8 12 6 12 6 13 0 0 0 0 0 0 0 0 0 0 0 0 0 0 0 0 0 0 0 0 0 0 11 14 10 14 9 15 8 15 9 15 8 15 9 15 9 15 8 15 9 15 9 15 9 15 10 16 10 16 11 16 11 16 11 16 12 16 13 16 15 17 16 17 18 18 18 18 19 18 21 19 24 20 ]
CSI_DATA,STA,E4:D1:24:F0:BE:00,-64,10,0,0,0,0,0,0,0,0,0,-97,0,5,0,32546004,0,399,0,0,32.9383,128,[-113 -15 24 0 -35 -9 -34 -8 -32 -8 -33 -8 -31 -7 -32 -8 -30 -7 -30 -7 -29 -6 -29 -7 -27 -6 -26 -7 -25 -7 -25 -7 -23 -8 -22 -7 -21 -8 -20 -9 -19 -8 -19 -8 -18 -9 -17 -9 -17 -9 -15 -9 -15 -9 0 0 0 0 0 0 0 0 0 0 0 0 0 0 0 0 0 0 0 0 0 0 -19 -7 -20 -9 -19 -10 -18 -10 -18 -11 -19 -11 -18 -11 -19 -12 -18 -12 -17 -12 -18 -11 -19 -11 -18 -12 -19 -13 -19 -14 -20 -13 -21 -13 -21 -12 -22 -13 -22 -13 -23 -12 -25 -13 -26 -12 -28 -11 -30 -11 -32 -11 ]
CSI_DATA,STA,E4:D1:24:F0:BE:00,-66,10,0,0,0,0,0,0,0,0,0,-97,0,5,0,32648405,0,399,0,0,33.0407,128,[-113 -15 24 0 -1 -31 -1 -31 -1 -31 -1 -30 0 -31 -1 -30 0 -30 0 -28 1 -28 1 -27 1 -26 1 -25 2 -24 3 -23 2 -22 2 -21 3 -20 3 -19 3 -18 3 -17 3 -17 2 -16 2 -15 3 -14 2 -14 0 0 0 0 0 0 0 0 0 0 0 0 0 0 0 0 0 0 0 0 0 0 5 -20 6 -19 7 -18 7 -18 8 -18 7 -17 7 -17 7 -17 8 -16 7 -16 6 -16 6 -16 6 -17 6 -17 6 -18 6 -18 6 -17 6 -19 4 -20 4 -20 3 -22 3 -22 3 -23 1 -25 1 -26 2 -28 ]
CSI_DATA,STA,E4:D1:24:F0:BE:00,-65,10,0,0,0,0,0,0,0,0,0,-97,0,5,0,32750807,0,399,0,0,33.1431,128,[-113 -15 24 0 -29 -18 -30 -18 -29 -17 -29 -16 -29 -15 -28 -16 -27 -15 -27 -15 -26 -15 -25 -16 -25 -15 -24 -14 -22 -14 -21 -13 -20 -14 -18 -13 -18 -13 -17 -13 -16 -12 -16 -12 -15 -12 -14 -12 -13 -11 -12 -11 -12 -11 0 0 0 0 0 0 0 0 0 0 0 0 0 0 0 0 0 0 0 0 0 0 -13 -11 -13 -11 -12 -11 -12 -12 -12 -12 -12 -12 -12 -11 -12 -11 -12 -11 -13 -11 -12 -11 -13 -12 -13 -13 -14 -12 -14 -13 -15 -13 -17 -13 -17 -13 -18 -14 -19 -14 -20 -15 -22 -15 -23 -15 -24 -16 -27 -17 -28 -17 ]
CSI_DATA,STA,E4:D1:24:F0:BE:00,-65,10,0,0,0,0,0,0,0,0,0,-97,0,5,0,32853209,0,399,0,0,33.2456,128,[-113 -15 24 0 -21 27 -19 26 -21 26 -20 24 -20 25 -20 26 -19 23 -20 23 -20 23 -19 23 -19 21 -18 20 -17 20 -18 19 -17 18 -17 18 -17 17 -17 16 -16 15 -16 14 -16 14 -16 13 -15 12 -15 12 -16 10 0 0 0 0 0 0 0 0 0 0 0 0 0 0 0 0 0 0 0 0 0 0 -14 5 -14 4 -14 4 -13 4 -14 4 -13 4 -13 4 -14 5 -13 5 -14 6 -13 6 -14 6 -14 7 -14 7 -14 7 -15 9 -15 10 -15 11 -15 12 -15 12 -15 15 -16 17 -18 18 -17 19 -19 21 -20 22 ]
CSI_DATA,STA,E4:D1:24:F0:BE:00,-63,10,0,0,0,0,0,0,0,0,0,-97,0,5,0,32955611,0,399,0,0,33.3478,128,[-113 -15 24 0 30 -1 29 -1 30 -2 28 -1 28 -1 27 0 26 0 26 -1 26 0 24 0 24 0 22 1 21 1 21 2 19 1 19 2 18 2 18 2 17 3 16 3 15 3 14 4 13 3 13 4 11 3 0 0 0 0 0 0 0 0 0 0 0 0 0 0 0 0 0 0 0 0 0 0 13 2 12 3 12 3 12 3 12 4 12 4 12 3 13 3 13 4 13 3 13 3 13 4 14 4 15 3 14 3 16 3 16 3 18 3 18 2 19 2 21 2 22 1 24 1 25 1 26 1 29 0 ]
CSI_DATA,STA,E4:D1:24:F0:BE:00,-66,10,0,0,0,0,0,0,0,0,0,-97,0,5,0,33058013,0,399,0,0,33.4502,128,[-113 -15 24 0 28 -17 27 -17 29 -17 28 -18 28 -17 27 -18 27 -17 26 -16 27 -16 25 -16 25 -14 24 -14 24 -12 22 -12 22 -10 21 -10 22 -9 21 -9 19 -8 19 -7 18 -7 17 -7 17 -5 17 -5 17 -4 0 0 0 0 0 0 0 0 0 0 0 0 0 0 0 0 0 0 0 0 0 0 22 -8 22 -6 21 -4 21 -3 21 -3 21 -2 21 -1 20 -2 20 -2 19 -1 19 -2 19 -1 20 -2 20 -1 20 -1 21 -2 20 -2 22 -3 21 -3 21 -4 22 -4 24 -6 24 -8 24 -9 26 -10 28 -13 ]
CSI_DATA,STA,E4:D1:24:F0:BE:00,-66,10,0,0,0,0,0,0,0,0,0,-97,0,5,0,33160415,0,399,0,0,33.5528,128,[-113 -15 24 0 23 -22 23 -22 24 -22 24 -22 25 -21 23 -21 24 -21 24 -20 24 -20 24 -19 23 -18 23 -17 23 -16 22 -15 22 -14 21 -13 21 -13 21 -11 20 -10 20 -10 19 -9 19 -8 18 -8 18 -7 20 -6 0 0 0 0 0 0 0 0 0 0 0 0 0 0 0 0 0 0 0 0 0 0 18 0 18 1 16 1 16 1 16 2 15 0 14 1 16 0 15 0 15 0 14 -1 15 -2 14 -1 15 -1 15 -2 15 -4 15 -3 16 -4 16 -6 17 -7 16 -8 17 -9 19 -11 19 -13 19 -15 22 -17 ]
CSI_DATA,STA,E4:D1:24:F0:BE:00,-64,10,0,0,0,0,0,0,0,0,0,-97,0,5,0,33262816,0,399,0,0,33.6551,128,[-113 -15 24 0 32 7 31 5 30 5 30 5 30 5 29 6 29 5 28 5 27 5 27 5 26 5 25 5 24 6 23 6 22 7 21 7 21 6 20 7 19 7 17 7 17 7 16 7 15 7 14 7 13 9 0 0 0 0 0 0 0 0 0 0 0 0 0 0 0 0 0 0 0 0 0 0 15 5 14 6 13 6 13 6 13 7 13 7 13 8 14 7 14 7 14 7 13 7 14 8 14 8 15 8 15 8 16 8 17 9 17 8 18 8 19 9 21 8 22 8 24 7 25 8 28 8 30 7 ]
CSI_DATA,STA,E4:D1:24:F0:BE:00,-63,10,0,0,0,0,0,0,0,0,0,-97,0,5,0,33365218,0,399,0,0,33.7575,128,[-113 -15 24 0 35 -8 35 -8 34 -8 33 -8 33 -8 33 -8 31 -8 31 -7 30 -7 30 -7 28 -6 27 -4 27 -5 26 -4 24 -3 24 -2 24 -2 23 -1 22 -1 21 0 20 0 19 0 19 1 19 2 18 4 0 0 0 0 0 0 0 0 0 0 0 0 0 0 0 0 0 0 0 0 0 0 14 2 14 2 13 2 14 2 14 3 14 3 15 2 14 2 15 3 15 2 16 2 16 2 17 2 17 2 18 2 19 1 20 1 21 1 22 -1 23 -1 24 -2 26 -3 28 -3 29 -4 31 -6 34 -6 ]
CSI_DATA,STA,E4:D1:24:F0:BE:00,-63,10,0,0,0,0,0,0,0,0,0,-97,0,5,0,33467620,0,399,0,0,33.8599,128,[-113 -15 24 0 33 5 33 4 32 4 32 4 31 3 30 4 29 4 28 3 28 4 27 3 26 4 25 4 23 5 22 5 21 5 20 5 20 6 19 5 18 6 17 6 16 6 16 6 15 6 14 6 13 8 0 0 0 0 0 0 0 0 0 0 0 0 0 0 0 0 0 0 0 0 0 0 16 6 16 7 16 8 15 8 15 8 15 8 15 8 15 8 16 8 16 9 16 8 16 8 16 9 17 9 18 10 19 9 19 9 21 9 21 8 23 9 23 8 25 8 27 8 28 8 30 7 33 6 ]
CSI_DATA,STA,E4:D1:24:F0:BE:00,-63,10,0,0,0,0,0,0,0,0,0,-97,0,5,0,33570022,0,399,0,0,33.9623,128,[-113 -15 24 0 -15 -31 -14 -31 -14 -30 -14 -30 -14 -29 -13 -29 -13 -28 -13 -27 -12 -27 -12 -27 -11 -26 -11 -25 -10 -25 -9 -24 -9 -23 -8 -22 -8 -22 -7 -21 -5 -22 -5 -20 -5 -20 -4 -20 -3 -19 -2 -18 -1 -18 0 0 0 0 0 0 0 0 0 0 0 0 0 0 0 0 0 0 0 0 0 0 -3 -14 -3 -14 -3 -14 -3 -14 -2 -14 -2 -14 -2 -15 -2 -15 -3 -15 -2 -15 -3 -16 -3 -17 -3 -18 -3 -19 -3 -19 -4 -20 -4 -20 -4 -21 -5 -22 -5 -24 -6 -24 -7 -25 -7 -27 -9 -28 -10 -29 -11 -31 ]
CSI_DATA,STA,E4:D1:24:F0:BE:00,-63,10,0,0,0,0,0,0,0,0,0,-97,0,5,0,33672424,0,399,0,0,34.0646,128,[-113 -15 24 0 7 -34 6 -35 6 -34 6 -33 5 -34 5 -33 4 -32 5 -32 5 -32 5 -32 5 -30 5 -29 6 -28 6 -27 7 -26 7 -26 9 -25 9 -23 9 -23 9 -21 9 -21 10 -19 10 -19 10 -17 11 -17 0 0 0 0 0 0 0 0 0 0 0 0 0 0 0 0 0 0 0 0 0 0 5 -17 5 -17 6 -17 7 -16 7 -16 7 -16 7 -16 7 -16 8 -16 8 -17 9 -16 9 -18 9 -18 10 -18 10 -19 10 -20 11 -20 11 -21 10 -21 11 -23 10 -24 10 -25 10 -27 9 -29 9 -31 9 -33 ]
CSI_DATA,STA,E4:D1:24:F0:BE:00,-62,10,0,0,0,0,0,0,0,0,0,-97,0,5,0,33774826,0,399,0,0,34.167,128,[-113 -15 24 0 9 -32 9 -33 9 -32 8 -32 8 -32 8 -32 8 -31 8 -30 8 -29 8 -29 8 -28 8 -27 8 -26 8 -25 9 -24 9 -22 9 -22 9 -21 10 -20 10 -19 10 -18 10 -17 10 -16 11 -15 11 -14 0 0 0 0 0 0 0 0 0 0 0 0 0 0 0 0 0 0 0 0 0 0 5 -13 6 -12 6 -12 6 -12 7 -12 7 -12 8 -12 8 -13 7 -13 8 -13 9 -13 9 -14 9 -14 10 -15 10 -15 9 -17 10 -17 11 -18 10 -19 11 -20 11 -22 11 -23 10 -25 10 -27 11 -29 11 -31 ]
CSI_DATA,STA,E4:D1:24:F0:BE:00,-64,10,0,0,0,0,0,0,0,0,0,-97,0,5,0,33877228,0,399,0,0,34.2694,128,[-113 -15 24 0 16 -28 14 -29 14 -28 13 -28 12 -29 12 -29 11 -27 12 -27 11 -27 11 -27 11 -26 10 -25 11 -24 11 -22 11 -22 11 -21 12 -20 11 -20 12 -19 11 -17 11 -16 11 -15 12 -14 12 -13 12 -12 0 0 0 0 0 0 0 0 0 0 0 0 0 0 0 0 0 0 0 0 0 0 8 -15 9 -15 10 -15 10 -15 10 -15 11 -14 11 -14 11 -14 12 -14 11 -14 12 -14 13 -15 14 -15 13 -16 15 -17 14 -16 15 -17 16 -17 17 -18 16 -19 17 -20 17 -21 18 -22 17 -23 19 -25 19 -27 ]
CSI_DATA,STA,E4:D1:24:F0:BE:00,-64,10,0,0,0,0,0,0,0,0,0,-97,0,5,0,33979629,0,399,0,0,34.3719,128,[-113 -15 24 0 27 18 26 19 27 18 27 17 27 17 27 16 27 16 26 16 27 15 25 15 26 16 24 15 23 15 22 15 21 15 21 16 19 15 20 15 18 15 16 15 15 15 14 15 13 15 12 15 11 15 0 0 0 0 0 0 0 0 0 0 0 0 0 0 0 0 0 0 0 0 0 0 14 11 13 11 12 12 12 13 11 12 11 13 11 14 11 13 11 14 11 14 10 14 11 15 11 16 11 17 12 16 11 17 12 17 12 17 13 18 14 20 16 19 16 19 17 19 19 20 22 20 24 21 ]
CSI_DATA,STA,E4:D1:24:F0:BE:00,-64,10,0,0,0,0,0,0,0,0,0,-97,0,5,0,34082031,0,399,0,0,34.4743,128,[-113 -15 24 0 19 17 20 17 20 16 20 16 20 16 21 15 20 15 20 15 20 14 20 14 19 15 19 14 18 14 17 14 16 13 15 14 15 14 14 15 13 14 12 14 11 14 11 15 10 15 8 14 8 15 0 0 0 0 0 0 0 0 0 0 0 0 0 0 0 0 0 0 0 0 0 0 8 11 8 11 7 12 6 11 7 12 7 12 7 12 7 12 6 12 7 13 7 12 7 14 7 13 7 15 7 15 8 15 8 16 8 15 9 17 9 17 10 18 11 17 12 18 13 18 14 19 17 19 ]
CSI_DATA,STA,E4:D1:24:F0:BE:00,-64,10,0,0,0,0,0,0,0,0,0,-97,0,5,0,34184433,0,399,0,0,34.5767,128,[-113 -15 24 0 -26 21 -24 21 -24 21 -23 21 -21 21 -22 21 -21 21 -21 21 -21 20 -21 20 -20 20 -20 19 -19 19 -19 18 -19 17 -19 17 -20 16 -19 15 -19 14 -19 13 -19 12 -18 11 -18 10 -19 9 -18 7 0 0 0 0 0 0 0 0 0 0 0 0 0 0 0 0 0 0 0 0 0 0 -16 8 -16 7 -16 7 -16 6 -16 6 -17 5 -17 6 -17 6 -17 5 -17 5 -17 5 -17 6 -18 5 -19 6 -19 6 -20 6 -21 6 -20 7 -22 7 -21 8 -22 9 -23 10 -23 12 -24 13 -25 14 -26 17 ]
CSI_DATA,STA,E4:D1:24:F0:BE:00,-64,10,0,0,0,0,0,0,0,0,0,-97,0,5,0,34286835,0,399,0,0,34.6791,128,[-113 -15 24 0 25 12 25 11 25 11 25 11 26 10 25 10 25 11 24 10 24 10 23 10 23 11 22 10 22 10 21 10 20 10 20 11 19 11 19 11 17 11 17 12 16 12 15 12 14 12 13 12 12 14 0 0 0 0 0 0 0 0 0 0 0 0 0 0 0 0 0 0 0 0 0 0 8 10 8 10 7 10 7 10 8 10 8 10 8 10 8 10 9 11 8 11 9 10 9 11 9 11 10 11 10 12 11 12 11 12 11 12 13 13 13 13 14 13 16 13 17 13 18 13 20 13 22 13 ]
CSI_DATA,STA,E4:D1:24:F0:BE:00,-64,10,0,0,0,0,0,0,0,0,0,-97,0,5,0,34389237,0,399,0,0,34.7816,128,[-113 -15 24 0 -25 -13 -25 -13 -25 -11 -25 -12 -25 -10 -25 -11 -25 -11 -24 -10 -24 -10 -23 -10 -23 -11 -23 -11 -21 -11 -21 -10 -19 -11 -19 -11 -18 -11 -18 -10 -17 -11 -17 -11 -16 -11 -15 -11 -14 -12 -13 -12 -12 -12 0 0 0 0 0 0 0 0 0 0 0 0 0 0 0 0 0 0 0 0 0 0 -12 -9 -11 -9 -11 -10 -11 -10 -10 -10 -11 -10 -11 -10 -11 -11 -11 -11 -11 -11 -11 -12 -12 -12 -12 -13 -12 -14 -13 -14 -13 -14 -13 -14 -14 -16 -14 -15 -14 -15 -15 -14 -16 -15 -18 -14 -19 -15 -21 -15 -22 -14 ]
CSI_DATA,STA,E4:D1:24:F0:BE:00,-64,10,0,0,0,0,0,0,0,0,0,-97,0,5,0,34491639,0,399,0,0,34.8838,128,[-113 -15 24 0 26 13 26 13 26 12 25 12 25 12 25 12 24 12 24 12 24 12 22 11 22 12 21 12 20 11 20 11 18 11 18 11 17 11 16 11 15 11 15 11 14 11 14 11 13 11 12 11 10 13 0 0 0 0 0 0 0 0 0 0 0 0 0 0 0 0 0 0 0 0 0 0 5 9 5 9 5 8 6 9 6 9 6 9 7 9 7 9 8 9 8 10 7 10 9 11 8 12 9 10 10 12 11 11 11 12 12 12 13 12 13 13 15 12 16 13 17 13 19 13 22 13 23 14 ]
CSI_DATA,STA,E4:D1:24:F0:BE:00,-65,10,0,0,0,0,0,0,0,0,0,-97,0,5,0,34594040,0,399,0,0,34.9862,128,[-113 -15 24 0 -3 -34 -3 -34 -3 -32 -2 -33 -2 -32 -2 -32 -2 -30 -1 -29 0 -29 0 -28 0 -27 0 -26 1 -25 2 -24 2 -23 3 -23 3 -22 3 -21 3 -20 4 -19 4 -19 3 -18 4 -17 5 -17 5 -16 0 0 0 0 0 0 0 0 0 0 0 0 0 0 0 0 0 0 0 0 0 0 4 -14 4 -13 4 -14 4 -13 4 -14 4 -14 3 -14 4 -15 3 -16 3 -16 3 -16 3 -17 3 -18 3 -19 3 -20 3 -20 4 -21 2 -22 3 -23 2 -23 1 -25 1 -27 0 -27 0 -28 -1 -30 -2 -33 ]
CSI_DATA,STA,E4:D1:24:F0:BE:00,-65,10,0,0,0,0,0,0,0,0,0,-97,0,5,0,34627232,0,64,0,0,35.02,128,[64 0 4 0 -14 -35 -15 -37 -13 -34 -15 -35 -15 -34 -13 -34 -12 -33 -11 -32 -12 -31 -11 -31 -11 -30 -10 -29 -10 -29 -6 -26 -7 -27 -5 -22 -5 -26 -6 -24 -4 -23 -3 -24 -2 -23 -3 -20 -3 -22 -1 -20 0 -14 0 0 0 0 0 0 0 0 0 0 0 0 0 0 0 0 0 0 0 0 0 0 3 -17 4 -16 5 -15 5 -17 3 -16 4 -17 4 -16 3 -17 3 -17 1 -17 2 -18 1 -19 -1 -18 1 -21 0 -22 0 -20 -1 -23 -1 -22 -3 -25 -3 -25 -6 -26 -5 -26 -7 -26 -10 -28 -11 -32 -11 -34 ]
CSI_DATA,STA,E4:D1:24:F0:BE:00,-64,10,0,0,0,0,0,0,0,0,0,-97,0,5,0,34696442,0,399,0,0,35.0887,128,[-113 -15 24 0 -11 33 -12 33 -11 32 -10 31 -10 31 -10 30 -9 30 -11 28 -10 27 -10 27 -10 26 -11 25 -11 24 -11 23 -10 20 -10 20 -11 20 -11 19 -11 18 -11 18 -10 16 -10 16 -11 15 -11 15 -13 13 0 0 0 0 0 0 0 0 0 0 0 0 0 0 0 0 0 0 0 0 0 0 -10 15 -10 14 -11 14 -11 14 -11 14 -12 14 -13 15 -12 14 -13 16 -13 15 -13 15 -13 16 -14 16 -15 17 -15 17 -15 17 -15 18 -16 19 -15 19 -14 20 -14 22 -14 24 -13 24 -13 26 -13 29 -13 31 ]
CSI_DATA,STA,E4:D1:24:F0:BE:00,-65,10,0,0,0,0,0,0,0,0,0,-97,0,5,0,34798845,0,399,0,0,35.1912,128,[-113 -15 24 0 9 32 10 32 11 31 11 30 10 31 11 31 10 29 9 28 8 29 7 27 7 26 5 26 4 24 4 24 4 22 3 23 3 21 3 21 2 19 1 19 2 18 1 18 1 18 0 17 -1 16 0 0 0 0 0 0 0 0 0 0 0 0 0 0 0 0 0 0 0 0 0 0 2 18 1 17 1 18 1 18 0 18 0 18 0 18 0 19 1 19 -1 19 -1 20 0 21 -1 22 0 22 -1 22 -1 23 0 24 -1 23 0 24 2 25 1 26 3 26 4 27 4 29 7 30 8 31 ]
CSI_DATA,STA,E4:D1:24:F0:BE:00,-66,10,0,0,0,0,0,0,0,0,0,-97,0,5,0,34901247,0,399,0,0,35.2936,128,[-113 -15 24 0 -26 -14 -26 -14 -26 -13 -25 -14 -25 -13 -25 -14 -24 -12 -23 -13 -23 -13 -22 -13 -22 -13 -21 -13 -21 -12 -20 -12 -18 -12 -19 -12 -18 -12 -17 -12 -17 -12 -16 -11 -15 -11 -15 -12 -15 -11 -14 -11 -13 -13 0 0 0 0 0 0 0 0 0 0 0 0 0 0 0 0 0 0 0 0 0 0 -10 -13 -8 -13 -9 -13 -8 -13 -8 -14 -7 -13 -8 -13 -8 -13 -8 -13 -9 -13 -8 -13 -9 -14 -9 -14 -10 -15 -9 -14 -11 -15 -11 -14 -11 -14 -12 -14 -13 -14 -14 -14 -16 -14 -16 -14 -18 -15 -20 -14 -22 -14 ]
CSI_DATA,STA,E4:D1:24:F0:BE:00,-64,10,0,0,0,0,0,0,0,0,0,-97,0,5,0,35003649,0,399,0,0,35.396,128,[-113 -15 24 0 -23 -21 -23 -20 -22 -19 -21 -20 -21 -19 -21 -19 -20 -18 -19 -17 -18 -18 -17 -17 -17 -17 -16 -16 -14 -16 -14 -15 -13 -15 -12 -15 -12 -14 -12 -14 -11 -13 -10 -13 -10 -13 -10 -13 -9 -13 -8 -12 -7 -13 0 0 0 0 0 0 0 0 0 0 0 0 0 0 0 0 0 0 0 0 0 0 -8 -13 -7 -13 -7 -13 -7 -13 -7 -14 -7 -14 -7 -14 -7 -14 -8 -14 -7 -15 -8 -14 -8 -15 -8 -16 -8 -16 -8 -16 -10 -17 -10 -16 -10 -17 -11 -17 -12 -18 -13 -18 -14 -19 -16 -18 -18 -19 -19 -19 -21 -20 ]
CSI_DATA,STA,E4:D1:24:F0:BE:00,-64,10,0,0,0,0,0,0,0,0,0,-97,0,5,0,35106051,0,399,0,0,35.4983,128,[-113 -15 24 0 26 -23 25 -24 26 -22 25 -22 24 -22 24 -21 24 -20 24 -20 24 -19 23 -18 22 -18 21 -17 21 -15 21 -14 20 -13 19 -12 19 -12 18 -11 19 -10 18 -10 18 -9 16 -8 17 -7 16 -7 17 -6 0 0 0 0 0 0 0 0 0 0 0 0 0 0 0 0 0 0 0 0 0 0 17 -4 17 -3 16 -3 16 -2 16 -2 16 -2 16 -1 16 -2 16 -3 16 -3 16 -3 16 -3 16 -4 17 -5 17 -5 18 -5 18 -6 19 -7 18 -9 19 -10 19 -11 21 -13 21 -14 22 -16 23 -19 25 -20 ]
CSI_DATA,STA,E4:D1:24:F0:BE:00,-63,10,0,0,0,0,0,0,0,0,0,-97,0,5,0,35208453,0,399,0,0,35.6008,128,[-113 -15 24 0 -32 15 -32 15 -32 15 -31 14 -30 14 -30 14 -29 13 -29 12 -28 12 -28 11 -27 10 -26 9 -24 8 -24 7 -23 6 -22 6 -22 5 -21 5 -20 4 -19 4 -19 4 -18 2 -18 2 -17 1 -16 1 0 0 0 0 0 0 0 0 0 0 0 0 0 0 0 0 0 0 0 0 0 0 -17 1 -17 1 -17 0 -17 0 -18 0 -17 0 -18 0 -18 -1 -18 0 -18 0 -18 0 -19 0 -20 0 -20 1 -21 1 -21 1 -22 2 -23 2 -23 3 -24 4 -24 5 -25 7 -27 8 -27 9 -30 11 -32 12 ]
CSI_DATA,STA,E4:D1:24:F0:BE:00,-64,10,0,0,0,0,0,0,0,0,0,-97,0,5,0,35310854,0,399,0,0,35.703,128,[-113 -15 24 0 -33 16 -33 16 -32 17 -31 16 -30 16 -30 16 -29 15 -29 15 -29 13 -29 12 -28 12 -27 11 -26 10 -25 9 -24 8 -24 7 -22 7 -22 6 -22 6 -21 5 -20 4 -19 4 -18 2 -18 2 -17 2 0 0 0 0 0 0 0 0 0 0 0 0 0 0 0 0 0 0 0 0 0 0 -17 2 -17 1 -17 1 -17 0 -16 0 -17 0 -18 0 -18 0 -18 1 -18 0 -18 0 -19 0 -19 0 -20 0 -20 0 -21 1 -21 1 -22 3 -22 3 -23 5 -23 6 -24 7 -25 9 -27 10 -29 11 -30 13 ]
CSI_DATA,STA,E4:D1:24:F0:BE:00,-64,10,0,0,0,0,0,0,0,0,0,-97,0,5,0,35413256,0,399,0,0,35.8054,128,[-113 -15 24 0 6 34 6 35 7 34 6 34 5 34 5 33 5 32 4 31 3 30 4 29 2 28 2 28 1 26 1 25 0 24 0 23 -1 22 -1 21 -1 20 -2 19 -1 19 -2 18 -2 18 -2 16 -4 18 0 0 0 0 0 0 0 0 0 0 0 0 0 0 0 0 0 0 0 0 0 0 -3 14 -4 14 -5 14 -4 14 -5 14 -4 14 -4 15 -4 14 -4 15 -5 15 -4 16 -4 16 -5 17 -4 17 -3 18 -4 18 -3 18 -3 19 -2 21 -1 22 0 23 1 25 1 25 3 27 4 30 5 33 ]
CSI_DATA,STA,E4:D1:24:F0:BE:00,-63,10,0,0,0,0,0,0,0,0,0,-97,0,5,0,35515658,0,399,0,0,35.908,128,[-113 -15 24 0 21 27 22 27 20 27 20 26 20 27 19 26 18 25 17 25 16 24 15 23 15 23 13 22 13 22 12 20 10 20 10 20 9 18 8 18 8 17 7 17 7 16 6 16 6 15 5 15 4 15 0 0 0 0 0 0 0 0 0 0 0 0 0 0 0 0 0 0 0 0 0 0 8 13 7 13 6 14 6 14 6 15 6 14 6 15 5 15 6 15 5 15 6 15 6 17 6 18 6 19 7 19 7 19 7 19 8 20 8 21 10 22 10 22 12 23 14 24 15 25 16 26 18 27 ]
CSI_DATA,STA,E4:D1:24:F0:BE:00,-63,10,0,0,0,0,0,0,0,0,0,-97,0,5,0,35618060,0,399,0,0,36.0104,128,[-113 -15 24 0 -21 25 -19 25 -19 25 -19 25 -19 25 -19 24 -19 24 -19 24 -19 23 -19 22 -19 21 -19 20 -18 19 -19 18 -18 17 -18 16 -17 15 -17 15 -17 14 -17 12 -16 11 -16 11 -15 10 -16 9 -17 8 0 0 0 0 0 0 0 0 0 0 0 0 0 0 0 0 0 0 0 0 0 0 -12 9 -13 9 -13 9 -13 8 -13 8 -14 7 -14 7 -15 7 -15 7 -15 7 -15 7 -15 7 -15 7 -16 8 -16 8 -17 9 -17 9 -18 10 -17 10 -17 12 -18 13 -18 15 -19 16 -19 18 -19 20 -20 21 ]
CSI_DATA,STA,E4:D1:24:F0:BE:00,-63,10,0,0,0,0,0,0,0,0,0,-97,0,5,0,35678549,0,64,0,0,36.0702,128,[64 0 4 0 -1 -31 -2 -31 -2 -30 -3 -30 -3 -30 -3 -31 -3 -30 -3 -29 -3 -29 -2 -29 -2 -28 -2 -28 -1 -27 0 -26 0 -24 0 -24 2 -24 2 -23 2 -22 2 -21 3 -20 3 -19 3 -18 4 -18 6 -17 0 0 0 0 0 0 0 0 0 0 0 0 0 0 0 0 0 0 0 0 0 0 3 -16 3 -15 5 -16 5 -15 6 -15 6 -15 6 -15 6 -15 6 -15 6 -15 7 -15 7 -15 7 -16 7 -17 7 -17 7 -18 7 -18 7 -18 6 -19 6 -20 5 -20 6 -22 5 -23 4 -24 3 -27 2 -28 ]
CSI_DATA,STA,E4:D1:24:F0:BE:00,-65,10,0,0,0,0,0,0,0,0,0,-97,0,5,0,35720462,0,399,0,0,36.1126,128,[-113 -15 24 0 27 14 28 13 29 13 28 12 30 13 29 13 30 13 29 14 28 13 28 13 27 13 26 13 26 14 23 14 22 14 21 15 20 14 19 14 19 14 18 14 17 14 16 13 15 13 14 14 11 14 0 0 0 0 0 0 0 0 0 0 0 0 0 0 0 0 0 0 0 0 0 0 11 12 10 12 8 12 9 12 8 13 9 13 8 12 8 13 9 14 8 13 8 13 9 14 9 14 9 14 10 14 10 15 10 15 11 14 12 15 13 15 15 15 16 15 17 15 19 15 22 15 24 15 ]
CSI_DATA,STA,E4:D1:24:F0:BE:00,-65,10,0,0,0,0,0,0,0,0,0,-97,0,5,0,35822864,0,399,0,0,36.2153,128,[-113 -15 24 0 32 -4 32 -6 33 -6 33 -6 32 -7 32 -7 33 -7 32 -7 32 -7 31 -5 32 -4 32 -4 30 -4 29 -3 28 -3 27 -1 27 -1 27 -1 25 0 25 0 23 1 22 2 21 3 21 4 19 4 0 0 0 0 0 0 0 0 0 0 0 0 0 0 0 0 0 0 0 0 0 0 15 5 15 6 13 7 13 6 12 6 14 6 13 6 13 6 14 6 14 7 14 7 13 7 14 7 15 7 15 7 16 7 17 6 17 6 17 6 19 6 20 4 21 4 22 3 24 2 26 1 29 -1 ]
CSI_DATA,STA,E4:D1:24:F0:BE:00,-63,10,0,0,0,0,0,0,0,0,0,-97,0,5,0,35925265,0,399,0,0,36.3176,128,[-113 -15 24 0 -32 -16 -31 -15 -31 -15 -31 -15 -31 -14 -30 -14 -30 -14 -29 -13 -29 -14 -29 -13 -27 -13 -26 -13 -25 -13 -24 -13 -23 -13 -21 -13 -21 -13 -21 -13 -19 -13 -19 -13 -18 -13 -16 -13 -16 -13 -15 -13 -13 -15 0 0 0 0 0 0 0 0 0 0 0 0 0 0 0 0 0 0 0 0 0 0 -17 -10 -17 -11 -16 -12 -15 -12 -15 -13 -15 -13 -15 -14 -15 -14 -16 -14 -15 -15 -15 -14 -15 -15 -15 -16 -15 -16 -16 -17 -17 -17 -17 -18 -17 -18 -18 -18 -18 -18 -19 -18 -20 -18 -22 -18 -24 -18 -26 -19 -28 -17 ]
CSI_DATA,STA,E4:D1:24:F0:BE:00,-64,10,0,0,0,0,0,0,0,0,0,-97,0,5,0,36027667,0,399,0,0,36.4199,128,[-113 -15 24 0 25 -19 24 -19 24 -20 23 -19 23 -19 24 -19 23 -19 23 -18 23 -17 22 -17 22 -15 21 -15 21 -13 21 -13 19 -12 19 -12 19 -11 19 -10 18 -9 17 -8 17 -8 16 -8 15 -6 14 -6 15 -6 0 0 0 0 0 0 0 0 0 0 0 0 0 0 0 0 0 0 0 0 0 0 16 -3 15 -2 16 -2 15 -2 15 -2 14 -2 15 -2 15 -2 15 -2 15 -2 15 -2 16 -2 16 -3 17 -3 17 -3 17 -4 16 -5 18 -5 18 -6 18 -7 18 -8 20 -10 20 -11 21 -12 22 -14 24 -15 ]
CSI_DATA,STA,E4:D1:24:F0:BE:00,-63,10,0,0,0,0,0,0,0,0,0,-97,0,5,0,36130069,0,399,0,0,36.5222,128,[-113 -15 24 0 -10 -38 -9 -38 -8 -38 -8 -37 -8 -37 -8 -36 -7 -34 -6 -34 -6 -33 -6 -32 -5 -31 -5 -30 -4 -29 -3 -27 -2 -26 -3 -26 -1 -25 -2 -24 -1 -24 0 -23 0 -22 0 -21 1 -20 2 -20 4 -19 0 0 0 0 0 0 0 0 0 0 0 0 0 0 0 0 0 0 0 0 0 0 1 -14 1 -14 2 -15 1 -15 2 -15 2 -15 1 -15 1 -16 2 -16 2 -16 1 -16 1 -18 1 -19 2 -19 1 -21 1 -20 0 -21 0 -23 -1 -24 -2 -24 -3 -26 -3 -28 -4 -29 -5 -31 -5 -34 -7 -37 ]
CSI_DATA,STA,E4:D1:24:F0:BE:00,-64,10,0,0,0,0,0,0,0,0,0,-97,0,5,0,36232471,0,399,0,0,36.6248,128,[-113 -15 24 0 -15 -32 -14 -32 -14 -31 -13 -31 -14 -29 -14 -30 -13 -28 -13 -28 -12 -27 -11 -27 -11 -26 -11 -25 -10 -24 -8 -23 -7 -21 -7 -21 -6 -21 -6 -20 -6 -19 -5 -18 -5 -17 -5 -17 -4 -16 -3 -15 -1 -14 0 0 0 0 0 0 0 0 0 0 0 0 0 0 0 0 0 0 0 0 0 0 -7 -16 -6 -17 -6 -18 -5 -18 -5 -18 -5 -18 -5 -18 -5 -19 -4 -19 -4 -19 -4 -19 -4 -21 -4 -22 -4 -22 -4 -23 -5 -24 -5 -24 -5 -24 -5 -26 -5 -26 -6 -27 -7 -28 -8 -29 -9 -30 -10 -32 -11 -33 ]
CSI_DATA,STA,E4:D1:24:F0:BE:00,-63,10,0,0,0,0,0,0,0,0,0,-97,0,5,0,36334873,0,399,0,0,36.7272,128,[-113 -15 24 0 -31 13 -31 14 -29 14 -30 14 -28 14 -29 14 -28 14 -28 13 -27 13 -27 12 -26 11 -26 10 -25 10 -24 9 -23 8 -22 8 -22 7 -22 7 -21 5 -20 5 -20 4 -19 3 -19 2 -18 2 -17 1 0 0 0 0 0 0 0 0 0 0 0 0 0 0 0 0 0 0 0 0 0 0 -16 2 -16 0 -15 0 -16 0 -16 0 -16 0 -16 1 -17 1 -17 0 -17 0 -17 0 -18 1 -18 1 -19 1 -20 1 -20 1 -21 2 -22 2 -22 2 -23 3 -24 4 -25 5 -25 6 -27 8 -28 9 -30 11 ]
CSI_DATA,STA,E4:D1:24:F0:BE:00,-64,10,0,0,0,0,0,0,0,0,0,-97,0,5,0,36437275,0,399,0,0,36.8296,128,[-113 -15 24 0 -15 -33 -14 -32 -15 -31 -15 -31 -15 -30 -16 -30 -15 -30 -14 -29 -14 -28 -13 -28 -13 -28 -12 -27 -11 -26 -10 -25 -9 -24 -8 -24 -7 -23 -7 -23 -7 -23 -7 -22 -5 -22 -4 -20 -4 -19 -3 -18 -2 -18 0 0 0 0 0 0 0 0 0 0 0 0 0 0 0 0 0 0 0 0 0 0 -7 -18 -6 -18 -5 -19 -5 -19 -5 -19 -4 -20 -4 -20 -4 -20 -3 -21 -4 -21 -3 -20 -3 -21 -3 -23 -2 -23 -2 -23 -3 -24 -3 -24 -3 -24 -4 -24 -4 -25 -5 -26 -6 -27 -7 -28 -7 -29 -10 -31 -12 -32 ]
CSI_DATA,STA,E4:D1:24:F0:BE:00,-65,10,0,0,0,0,0,0,0,0,0,-97,0,5,0,36539677,0,399,0,0,36.932,128,[-113 -15 24 0 -25 20 -24 20 -24 19 -22 19 -23 20 -23 19 -21 19 -23 19 -21 18 -21 17 -20 17 -21 16 -20 15 -20 14 -19 13 -19 13 -18 12 -18 11 -17 10 -18 10 -16 9 -16 8 -16 7 -15 6 -16 6 0 0 0 0 0 0 0 0 0 0 0 0 0 0 0 0 0 0 0 0 0 0 -14 6 -14 5 -14 5 -14 4 -15 5 -15 4 -15 4 -15 4 -16 4 -15 5 -15 5 -16 5 -16 6 -17 5 -17 6 -18 6 -18 6 -19 8 -18 8 -19 8 -19 10 -20 12 -20 13 -21 14 -22 16 -24 17 ]
CSI_DATA,STA,E4:D1:24:F0:BE:00,-64,10,0,0,0,0,0,0,0,0,0,-97,0,5,0,36642078,0,399,0,0,37.0344,128,[-113 -15 24 0 32 -13 31 -12 31 -13 29 -12 30 -12 29 -12 29 -11 28 -11 28 -11 27 -10 26 -9 26 -9 24 -8 24 -7 22 -6 22 -6 21 -5 21 -4 20 -4 19 -3 18 -3 17 -2 17 -1 17 0 15 0 0 0 0 0 0 0 0 0 0 0 0 0 0 0 0 0 0 0 0 0 0 0 15 -3 15 -2 16 -1 15 -1 16 -1 16 -1 16 -1 17 -1 17 -1 17 -1 17 -1 17 -1 18 0 19 -1 19 -1 20 -1 20 -2 22 -2 21 -3 22 -3 23 -5 25 -5 26 -6 27 -8 29 -9 31 -10 ]
CSI_DATA,STA,E4:D1:24:F0:BE:00,-65,10,0,0,0,0,0,0,0,0,0,-97,0,5,0,36718547,0,64,0,0,37.1106,128,[64 0 4 0 -33 -1 -32 -1 -32 -1 -31 -2 -30 -1 -31 -1 -29 -1 -28 -2 -28 -3 -27 -3 -27 -4 -25 -4 -24 -4 -23 -5 -22 -4 -21 -5 -20 -5 -19 -6 -18 -5 -16 -5 -16 -6 -14 -6 -14 -6 -13 -6 -12 -5 0 0 0 0 0 0 0 0 0 0 0 0 0 0 0 0 0 0 0 0 0 0 -17 -5 -16 -5 -16 -6 -16 -6 -16 -7 -15 -6 -16 -6 -16 -7 -16 -6 -16 -7 -16 -7 -16 -7 -17 -8 -18 -7 -17 -7 -18 -7 -18 -6 -21 -7 -19 -6 -21 -6 -22 -5 -24 -5 -25 -4 -27 -4 -28 -3 -29 -3 ]
CSI_DATA,STA,E4:D1:24:F0:BE:00,-63,10,0,0,0,0,0,0,0,0,0,-97,0,5,0,36744480,0,399,0,0,37.146,128,[-113 -15 24 0 -19 -28 -19 -27 -18 -27 -18 -25 -17 -25 -18 -25 -17 -24 -16 -24 -15 -23 -15 -23 -14 -22 -13 -22 -13 -21 -11 -20 -10 -18 -10 -19 -9 -18 -8 -18 -8 -17 -8 -16 -7 -16 -6 -16 -6 -15 -5 -14 -4 -15 0 0 0 0 0 0 0 0 0 0 0 0 0 0 0 0 0 0 0 0 0 0 -7 -15 -6 -15 -5 -16 -5 -15 -5 -16 -5 -15 -5 -16 -5 -16 -5 -16 -5 -17 -5 -17 -5 -17 -5 -17 -5 -18 -6 -18 -7 -19 -7 -19 -8 -20 -8 -20 -9 -21 -10 -21 -11 -23 -13 -23 -13 -24 -16 -25 -16 -26 ]
CSI_DATA,STA,E4:D1:24:F0:BE:00,-63,10,0,0,0,0,0,0,0,0,0,-97,0,5,0,36846881,0,399,0,0,37.2391,128,[-113 -15 24 0 35 6 34 7 33 6 33 7 32 5 32 6 30 5 30 5 28 6 27 7 26 6 25 7 24 7 22 6 21 7 21 7 20 7 19 7 17 7 16 6 16 6 15 7 14 7 13 7 12 7 0 0 0 0 0 0 0 0 0 0 0 0 0 0 0 0 0 0 0 0 0 0 17 4 17 5 17 6 16 7 16 8 17 8 17 8 17 8 17 9 17 9 17 9 18 10 18 10 18 10 20 10 20 10 20 10 22 10 22 9 23 10 25 9 27 10 28 8 29 10 32 9 34 8 ]
CSI_DATA,STA,E4:D1:24:F0:BE:00,-62,10,0,0,0,0,0,0,0,0,0,-97,0,5,0,36949283,0,399,0,0,37.3416,128,[-113 -15 24 0 33 10 32 9 32 8 30 9 30 8 30 8 28 7 28 8 28 8 26 8 25 8 23 8 23 7 22 8 20 8 20 8 18 8 17 8 17 8 16 8 15 9 14 9 13 8 12 8 11 8 0 0 0 0 0 0 0 0 0 0 0 0 0 0 0 0 0 0 0 0 0 0 15 6 14 7 15 8 14 8 14 9 14 9 15 10 15 9 15 10 15 10 15 10 15 11 15 11 16 12 16 12 18 12 18 12 19 11 20 11 21 12 22 11 24 11 25 12 27 11 29 11 30 11 ]
CSI_DATA,STA,E4:D1:24:F0:BE:00,-63,10,0,0,0,0,0,0,0,0,0,-97,0,5,0,37051685,0,399,0,0,37.444,128,[-113 -15 24 0 -20 -32 -20 -31 -20 -30 -20 -30 -19 -29 -20 -30 -18 -28 -18 -28 -17 -27 -16 -27 -16 -26 -15 -25 -14 -24 -12 -25 -12 -22 -11 -22 -10 -21 -9 -21 -8 -20 -8 -20 -7 -18 -6 -17 -5 -16 -5 -15 -3 -16 0 0 0 0 0 0 0 0 0 0 0 0 0 0 0 0 0 0 0 0 0 0 -9 -16 -8 -17 -7 -17 -7 -18 -7 -18 -7 -18 -7 -19 -6 -19 -6 -19 -6 -20 -6 -19 -5 -20 -5 -21 -6 -21 -5 -23 -6 -24 -6 -23 -6 -25 -7 -25 -7 -25 -9 -26 -10 -27 -11 -28 -13 -29 -14 -31 -17 -32 ]
CSI_DATA,STA,E4:D1:24:F0:BE:00,-65,10,0,0,0,0,0,0,0,0,0,-97,0,5,0,37154087,0,399,0,0,37.5464,128,[-113 -15 24 0 -25 -28 -24 -25 -25 -27 -23 -26 -23 -27 -24 -27 -22 -25 -22 -25 -20 -26 -19 -25 -18 -25 -16 -24 -16 -23 -14 -23 -12 -21 -12 -22 -10 -20 -9 -18 -9 -20 -8 -17 -7 -16 -7 -16 -7 -15 -6 -14 -4 -13 0 0 0 0 0 0 0 0 0 0 0 0 0 0 0 0 0 0 0 0 0 0 -8 -20 -7 -20 -7 -21 -5 -21 -5 -21 -4 -20 -6 -20 -5 -21 -5 -20 -4 -21 -5 -21 -5 -21 -6 -21 -4 -21 -6 -21 -7 -22 -7 -21 -8 -22 -9 -22 -11 -23 -13 -23 -14 -23 -15 -24 -17 -25 -19 -26 -20 -27 ]
CSI_DATA,STA,E4:D1:24:F0:BE:00,-65,10,0,0,0,0,0,0,0,0,0,-97,0,5,0,37256488,0,399,0,0,37.6488,128,[-113 -15 24 0 27 -21 27 -19 28 -20 26 -19 27 -19 26 -18 26 -17 25 -18 25 -17 25 -17 25 -15 24 -14 23 -13 23 -12 22 -12 21 -11 21 -9 20 -9 20 -8 19 -7 17 -7 17 -6 16 -5 15 -5 15 -3 0 0 0 0 0 0 0 0 0 0 0 0 0 0 0 0 0 0 0 0 0 0 14 -4 14 -4 14 -4 14 -4 15 -3 15 -4 15 -4 15 -4 15 -5 16 -5 16 -5 17 -5 18 -5 18 -5 18 -5 19 -6 19 -6 21 -7 20 -8 21 -8 21 -10 22 -11 24 -12 24 -14 25 -14 28 -17 ]
CSI_DATA,STA,E4:D1:24:F0:BE:00,-64,10,0,0,0,0,0,0,0,0,0,-97,0,5,0,37358890,0,399,0,0,37.7512,128,[-113 -15 24 0 -5 35 -6 36 -5 35 -6 35 -6 35 -7 33 -7 32 -7 30 -7 30 -8 29 -8 28 -8 27 -9 25 -9 24 -9 22 -10 21 -10 20 -10 19 -9 18 -10 17 -10 16 -9 15 -9 14 -9 13 -10 13 0 0 0 0 0 0 0 0 0 0 0 0 0 0 0 0 0 0 0 0 0 0 -8 15 -9 14 -10 14 -9 13 -9 14 -10 14 -10 14 -10 13 -10 14 -10 14 -10 14 -10 16 -10 15 -11 16 -10 16 -10 17 -11 18 -9 19 -9 20 -8 22 -8 23 -8 24 -7 26 -6 29 -6 31 -5 33 ]
CSI_DATA,STA,E4:D1:24:F0:BE:00,-64,10,0,0,0,0,0,0,0,0,0,-97,0,5,0,37461292,0,399,0,0,37.8536,128,[-113 -15 24 0 8 35 8 34 8 34 8 33 7 32 6 32 6 30 5 30 4 29 3 28 3 27 2 26 1 24 0 23 0 22 -1 22 -1 20 -2 19 -2 18 -2 17 -3 16 -2 15 -2 14 -2 14 -4 14 0 0 0 0 0 0 0 0 0 0 0 0 0 0 0 0 0 0 0 0 0 0 -1 17 -2 16 -3 16 -3 16 -3 16 -3 16 -3 16 -3 17 -2 17 -3 17 -3 17 -2 18 -2 19 -2 20 -2 20 -1 21 -1 21 -1 22 0 23 1 23 2 25 3 26 4 27 5 29 6 31 8 33 ]
CSI_DATA,STA,E4:D1:24:F0:BE:00,-63,10,0,0,0,0,0,0,0,0,0,-97,0,5,0,37563694,0,399,0,0,37.9559,128,[-113 -15 24 0 -24 24 -22 23 -23 23 -21 22 -20 22 -20 22 -19 20 -19 20 -19 20 -19 18 -18 17 -18 16 -17 16 -17 15 -16 14 -17 14 -15 12 -16 11 -15 11 -14 10 -14 9 -14 9 -13 8 -13 7 -14 6 0 0 0 0 0 0 0 0 0 0 0 0 0 0 0 0 0 0 0 0 0 0 -15 11 -15 9 -16 9 -16 9 -16 8 -16 8 -17 8 -18 8 -17 8 -18 7 -17 7 -19 8 -18 8 -19 8 -18 8 -20 9 -19 9 -21 11 -20 11 -21 12 -21 14 -21 15 -22 17 -22 17 -23 18 -23 20 ]
CSI_DATA,STA,E4:D1:24:F0:BE:00,-65,10,0,0,0,0,0,0,0,0,0,-97,0,5,0,37666096,0,399,0,0,38.0584,128,[-113 -15 24 0 -2 -36 -1 -36 -1 -35 -1 -35 -1 -35 -1 -34 0 -34 1 -33 1 -32 1 -31 2 -30 2 -29 3 -28 4 -26 4 -25 5 -24 5 -23 5 -23 6 -21 5 -21 6 -20 5 -18 6 -17 6 -16 5 -16 0 0 0 0 0 0 0 0 0 0 0 0 0 0 0 0 0 0 0 0 0 0 4 -15 5 -14 5 -14 5 -15 4 -15 5 -15 5 -14 4 -15 4 -16 4 -16 4 -16 5 -17 5 -18 5 -19 5 -19 6 -20 5 -20 5 -20 4 -22 4 -24 3 -25 3 -27 2 -27 2 -29 1 -32 0 -35 ]
CSI_DATA,STA,E4:D1:24:F0:BE:00,-63,10,0,0,0,0,0,0,0,0,0,-97,0,5,0,37768498,0,399,0,0,38.1608,128,[-113 -15 24 0 34 -17 31 -18 31 -17 31 -16 29 -16 30 -15 29 -14 28 -15 28 -14 27 -13 26 -13 25 -12 23 -10 24 -10 22 -9 22 -8 20 -7 20 -7 19 -6 19 -6 18 -6 17 -5 17 -4 16 -4 16 -4 0 0 0 0 0 0 0 0 0 0 0 0 0 0 0 0 0 0 0 0 0 0 12 -4 13 -3 13 -4 13 -3 14 -4 15 -4 16 -3 16 -4 17 -4 17 -4 17 -4 17 -5 19 -4 19 -4 20 -4 21 -5 22 -6 23 -6 22 -8 24 -7 25 -9 26 -11 28 -11 28 -12 31 -14 31 -15 ]
CSI_DATA,STA,E4:D1:24:F0:BE:00,-64,10,0,0,0,0,0,0,0,0,0,-97,0,5,0,37870900,0,399,0,0,38.2632,128,[-113 -15 24 0 8 32 9 31 9 30 8 30 9 29 9 29 8 28 8 27 7 26 7 26 7 25 6 24 5 23 3 22 3 21 3 20 3 20 2 19 1 19 1 17 0 17 0 17 0 15 -1 15 -2 13 0 0 0 0 0 0 0 0 0 0 0 0 0 0 0 0 0 0 0 0 0 0 3 18 2 19 1 18 1 19 0 20 0 19 0 20 0 20 0 20 0 20 0 21 -1 21 -1 21 -2 22 -1 22 -1 22 -2 23 -1 24 0 24 0 25 1 25 1 26 2 27 4 29 5 30 6 31 ]
CSI_DATA,STA,E4:D1:24:F0:BE:00,-65,10,0,0,0,0,0,0,0,0,0,-97,0,5,0,37973301,0,399,0,0,38.3656,128,[-113 -15 24 0 -2 33 -1 34 -2 33 -1 33 -2 33 -2 32 -1 31 -2 31 -3 30 -3 30 -4 28 -4 28 -5 27 -6 25 -5 24 -6 23 -7 22 -7 21 -7 21 -7 20 -7 18 -7 17 -8 17 -8 15 -9 14 0 0 0 0 0 0 0 0 0 0 0 0 0 0 0 0 0 0 0 0 0 0 -10 16 -10 15 -10 16 -10 15 -11 14 -11 15 -11 15 -11 15 -11 16 -11 15 -11 15 -11 15 -11 16 -11 16 -10 17 -10 16 -11 17 -9 18 -9 20 -8 21 -7 22 -6 22 -6 24 -5 27 -4 29 -4 30 ]
CSI_DATA,STA,E4:D1:24:F0:BE:00,-63,10,0,0,0,0,0,0,0,0,0,-97,0,5,0,38075703,0,399,0,0,38.468,128,[-113 -15 24 0 6 37 6 37 7 35 7 35 7 35 6 34 6 33 4 32 4 31 3 30 2 29 2 28 1 27 1 25 0 23 0 24 0 23 -2 22 -2 21 -3 20 -2 19 -3 19 -3 17 -4 16 -4 15 0 0 0 0 0 0 0 0 0 0 0 0 0 0 0 0 0 0 0 0 0 0 -1 18 -2 18 -2 18 -4 18 -3 18 -3 18 -3 18 -4 19 -3 19 -4 18 -3 18 -3 20 -3 20 -4 21 -3 21 -3 22 -2 23 -2 24 -2 25 -1 26 0 28 1 29 1 30 3 32 4 34 5 36 ]
CSI_DATA,STA,E4:D1:24:F0:BE:00,-64,10,0,0,0,0,0,0,0,0,0,-97,0,5,0,38178105,0,399,0,0,38.5704,128,[-113 -15 24 0 -27 11 -27 12 -26 11 -26 12 -25 11 -25 11 -25 10 -25 10 -25 10 -24 9 -23 8 -22 8 -22 6 -21 5 -21 5 -20 4 -19 3 -20 3 -18 2 -18 2 -17 1 -16 1 -15 0 -15 -1 -13 -1 0 0 0 0 0 0 0 0 0 0 0 0 0 0 0 0 0 0 0 0 0 0 -19 0 -18 -1 -18 -3 -17 -3 -17 -3 -17 -4 -17 -4 -17 -4 -17 -4 -16 -4 -17 -3 -17 -3 -17 -3 -16 -3 -17 -2 -17 -2 -18 -1 -19 -1 -19 0 -19 0 -20 3 -21 3 -21 4 -23 6 -24 8 -26 8 ]
CSI_DATA,STA,E4:D1:24:F0:BE:00,-63,10,0,0,0,0,0,0,0,0,0,-97,0,5,0,38280507,0,399,0,0,38.6727,128,[-113 -15 24 0 27 20 26 18 27 18 26 18 26 18 25 17 24 17 24 17 23 16 22 16 21 16 20 15 19 15 18 14 16 14 16 15 16 14 15 14 14 14 13 14 12 14 12 13 10 13 10 12 9 14 0 0 0 0 0 0 0 0 0 0 0 0 0 0 0 0 0 0 0 0 0 0 11 11 10 12 10 12 9 12 9 13 9 13 9 13 10 13 10 13 9 13 10 13 10 14 10 15 11 15 12 15 12 16 13 16 14 16 14 16 15 18 17 18 19 18 20 18 21 18 23 19 24 19 ]
CSI_DATA,STA,E4:D1:24:F0:BE:00,-63,10,0,0,0,0,0,0,0,0,0,-97,0,5,0,38300234,0,64,0,0,38.704,128,[64 0 4 0 -33 -14 -32 -12 -31 -13 -30 -11 -30 -10 -29 -11 -28 -11 -27 -10 -27 -10 -26 -11 -25 -10 -23 -11 -23 -10 -22 -9 -20 -9 -20 -10 -19 -9 -18 -9 -17 -9 -17 -9 -16 -9 -16 -10 -14 -9 -14 -10 -13 -11 0 0 0 0 0 0 0 0 0 0 0 0 0 0 0 0 0 0 0 0 0 0 -15 -8 -15 -8 -14 -10 -14 -10 -14 -10 -14 -10 -15 -10 -15 -10 -15 -10 -15 -11 -15 -11 -16 -12 -16 -13 -17 -12 -18 -13 -19 -13 -19 -13 -20 -13 -21 -13 -22 -14 -23 -13 -25 -14 -26 -14 -27 -14 -29 -15 -31 -14 ]
CSI_DATA,STA,E4:D1:24:F0:BE:00,-64,10,0,0,0,0,0,0,0,0,0,-97,0,5,0,38382909,0,399,0,0,38.7751,128,[-113 -15 24 0 26 -13 25 -14 24 -15 24 -14 23 -15 23 -14 22 -14 22 -14 21 -13 22 -13 20 -12 20 -11 19 -11 19 -11 18 -9 19 -9 19 -8 18 -7 18 -7 16 -6 16 -5 16 -5 16 -4 15 -3 14 -2 0 0 0 0 0 0 0 0 0 0 0 0 0 0 0 0 0 0 0 0 0 0 17 -5 16 -4 17 -3 16 -3 16 -3 16 -3 17 -2 17 -2 17 -2 17 -2 17 -2 18 -2 18 -2 18 -2 19 -2 19 -3 19 -3 21 -3 20 -4 21 -4 22 -5 22 -6 23 -6 24 -7 24 -8 26 -10 ]
CSI_DATA,STA,E4:D1:24:F0:BE:00,-63,10,0,0,0,0,0,0,0,0,0,-97,0,5,0,38485311,0,399,0,0,38.8776,128,[-113 -15 24 0 -14 -37 -14 -36 -14 -35 -13 -36 -12 -34 -13 -34 -11 -34 -11 -33 -10 -32 -10 -31 -9 -30 -7 -29 -8 -28 -6 -27 -5 -26 -5 -25 -4 -24 -3 -24 -3 -22 -2 -21 -2 -20 -1 -19 0 -19 1 -17 0 -17 0 0 0 0 0 0 0 0 0 0 0 0 0 0 0 0 0 0 0 0 0 0 1 -17 1 -17 2 -16 2 -16 2 -17 1 -17 1 -17 1 -17 1 -18 1 -18 1 -17 2 -19 1 -20 0 -19 0 -21 0 -21 -1 -22 -2 -23 -3 -24 -3 -25 -5 -26 -6 -28 -7 -29 -9 -31 -10 -33 -12 -35 ]
CSI_DATA,STA,E4:D1:24:F0:BE:00,-64,10,0,0,0,0,0,0,0,0,0,-97,0,5,0,38587712,0,399,0,0,38.98,128,[-113 -15 24 0 21 30 19 28 20 29 19 28 19 27 18 26 18 26 16 25 15 25 15 25 13 24 13 23 12 21 11 21 10 20 9 20 8 19 8 18 7 17 7 17 6 16 5 16 5 14 4 14 2 14 0 0 0 0 0 0 0 0 0 0 0 0 0 0 0 0 0 0 0 0 0 0 6 17 5 17 4 18 4 17 4 18 4 17 3 17 4 18 4 18 4 18 3 18 4 18 5 19 4 21 5 21 6 21 6 21 7 22 8 22 9 23 11 24 13 25 13 26 14 27 16 29 18 30 ]
CSI_DATA,STA,E4:D1:24:F0:BE:00,-63,10,0,0,0,0,0,0,0,0,0,-97,0,5,0,38690114,0,399,0,0,39.0824,128,[-113 -15 24 0 3 -38 4 -37 3 -36 3 -36 3 -35 3 -34 3 -34 2 -32 3 -32 4 -31 3 -30 4 -29 4 -28 5 -26 4 -25 5 -24 5 -24 5 -22 6 -21 6 -20 7 -20 7 -18 7 -17 8 -15 7 -16 0 0 0 0 0 0 0 0 0 0 0 0 0 0 0 0 0 0 0 0 0 0 6 -17 7 -16 7 -16 7 -16 8 -16 8 -16 8 -16 7 -17 8 -17 7 -17 8 -17 8 -18 8 -19 8 -19 9 -20 8 -21 8 -22 8 -22 7 -24 8 -25 6 -27 7 -28 6 -30 6 -31 6 -33 6 -36 ]
CSI_DATA,STA,E4:D1:24:F0:BE:00,-63,10,0,0,0,0,0,0,0,0,0,-97,0,5,0,38792512,0,399,0,0,39.1849,128,[-113 -15 24 0 -32 -17 -31 -16 -30 -15 -30 -15 -29 -15 -29 -15 -28 -14 -27 -13 -26 -13 -26 -13 -25 -13 -25 -12 -23 -13 -22 -12 -21 -12 -20 -12 -19 -12 -20 -12 -18 -12 -17 -12 -17 -13 -15 -12 -15 -12 -13 -12 -13 -14 0 0 0 0 0 0 0 0 0 0 0 0 0 0 0 0 0 0 0 0 0 0 -12 -11 -11 -11 -11 -12 -11 -12 -11 -12 -11 -12 -11 -12 -12 -13 -11 -13 -12 -13 -12 -12 -13 -13 -13 -15 -14 -14 -15 -15 -15 -15 -16 -15 -17 -15 -18 -15 -19 -15 -20 -16 -22 -17 -23 -17 -25 -18 -26 -17 -29 -18 ]
CSI_DATA,STA,E4:D1:24:F0:BE:00,-62,10,0,0,0,0,0,0,0,0,0,-97,0,5,0,38894914,0,399,0,0,39.2872,128,[-113 -15 24 0 -30 -22 -29 -20 -29 -20 -28 -19 -28 -18 -28 -17 -27 -18 -26 -17 -26 -17 -25 -17 -24 -17 -23 -17 -21 -16 -21 -16 -19 -15 -18 -16 -17 -16 -17 -15 -16 -15 -14 -15 -14 -15 -13 -14 -12 -14 -10 -14 -9 -15 0 0 0 0 0 0 0 0 0 0 0 0 0 0 0 0 0 0 0 0 0 0 -13 -14 -12 -15 -12 -15 -11 -16 -11 -16 -10 -16 -10 -16 -11 -16 -11 -16 -10 -17 -11 -17 -11 -17 -11 -18 -11 -19 -12 -18 -14 -19 -14 -19 -16 -19 -15 -20 -17 -20 -18 -19 -20 -20 -22 -21 -23 -22 -24 -22 -26 -23 ]
CSI_DATA,STA,E4:D1:24:F0:BE:00,-63,10,0,0,0,0,0,0,0,0,0,-97,0,5,0,38997316,0,399,0,0,39.3895,128,[-113 -15 24 0 10 34 9 34 10 32 10 32 10 32 9 30 9 30 9 30 8 28 8 28 7 27 5 27 5 26 4 24 3 24 3 23 2 22 1 22 1 21 0 19 0 19 -1 18 -2 17 -3 17 -3 16 0 0 0 0 0 0 0 0 0 0 0 0 0 0 0 0 0 0 0 0 0 0 0 15 0 15 -1 15 -1 16 -1 15 -1 16 -1 16 -1 16 -1 17 -1 16 -1 16 -1 18 -1 18 0 19 -1 19 -1 20 0 22 0 21 1 23 2 24 2 24 4 26 4 27 6 29 6 31 8 34 ]
CSI_DATA,STA,E4:D1:24:F0:BE:00,-63,10,0,0,0,0,0,0,0,0,0,-97,0,5,0,39099718,0,399,0,0,39.4919,128,[-113 -15 24 0 23 -27 22 -27 21 -27 21 -27 20 -27 20 -26 19 -25 19 -26 19 -25 19 -25 19 -25 19 -22 19 -22 18 -21 18 -19 18 -19 18 -18 18 -17 18 -15 17 -14 17 -13 16 -13 16 -12 17 -10 18 -9 0 0 0 0 0 0 0 0 0 0 0 0 0 0 0 0 0 0 0 0 0 0 14 -11 15 -10 14 -10 14 -9 15 -9 15 -9 16 -8 15 -10 17 -9 16 -10 16 -10 17 -10 17 -11 18 -11 19 -11 19 -12 19 -12 21 -13 20 -14 21 -15 21 -16 21 -17 22 -19 22 -21 23 -22 24 -24 ]
CSI_DATA,STA,E4:D1:24:F0:BE:00,-63,10,0,0,0,0,0,0,0,0,0,-97,0,5,0,39202120,0,399,0,0,39.5944,128,[-113 -15 24 0 29 -18 28 -17 28 -18 27 -17 26 -18 27 -17 26 -17 26 -16 25 -16 24 -15 24 -13 23 -13 22 -12 22 -11 21 -10 22 -9 21 -9 20 -7 20 -7 19 -7 18 -6 17 -5 16 -4 16 -4 16 -2 0 0 0 0 0 0 0 0 0 0 0 0 0 0 0 0 0 0 0 0 0 0 15 -4 16 -2 16 -3 15 -2 16 -2 16 -2 16 -2 17 -2 17 -2 17 -2 17 -1 17 -2 18 -2 19 -3 19 -3 20 -3 19 -3 21 -4 20 -5 22 -6 21 -8 23 -9 24 -10 25 -11 26 -12 28 -14 ]
CSI_DATA,STA,E4:D1:24:F0:BE:00,-64,10,0,0,0,0,0,0,0,0,0,-97,0,5,0,39304521,0,399,0,0,39.6968,128,[-113 -15 24 0 25 -19 24 -19 24 -19 22 -18 22 -19 22 -19 22 -18 22 -18 22 -18 21 -17 20 -16 20 -15 20 -14 19 -14 19 -13 19 -12 18 -11 18 -9 17 -9 17 -8 15 -7 14 -6 15 -5 13 -5 13 -3 0 0 0 0 0 0 0 0 0 0 0 0 0 0 0 0 0 0 0 0 0 0 15 -8 15 -8 15 -8 16 -7 17 -7 16 -7 18 -7 18 -7 18 -7 18 -7 19 -6 19 -7 20 -6 20 -6 20 -6 21 -7 20 -7 22 -7 21 -9 22 -8 23 -10 23 -10 24 -11 24 -13 24 -14 26 -16 ]
CSI_DATA,STA,E4:D1:24:F0:BE:00,-64,10,0,0,0,0,0,0,0,0,0,-97,0,5,0,39358728,0,64,0,0,39.7504,128,[64 0 4 0 -28 -16 -29 -15 -27 -13 -27 -14 -27 -12 -28 -13 -26 -12 -27 -12 -25 -12 -25 -13 -24 -12 -23 -13 -22 -12 -21 -12 -20 -12 -20 -12 -18 -12 -17 -12 -17 -12 -15 -13 -15 -12 -14 -13 -13 -12 -12 -12 -11 -13 0 0 0 0 0 0 0 0 0 0 0 0 0 0 0 0 0 0 0 0 0 0 -14 -12 -13 -12 -13 -13 -13 -13 -13 -13 -13 -13 -13 -13 -13 -13 -14 -13 -13 -14 -13 -14 -14 -15 -13 -15 -14 -15 -14 -15 -16 -16 -16 -16 -17 -16 -17 -17 -18 -17 -19 -17 -20 -17 -21 -16 -23 -17 -25 -17 -26 -17 ]
CSI_DATA,STA,E4:D1:24:F0:BE:00,-64,10,0,0,0,0,0,0,0,0,0,-97,0,5,0,39406923,0,399,0,0,39.7991,128,[-113 -15 24 0 30 -16 29 -18 28 -17 28 -16 27 -17 28 -16 27 -16 27 -15 26 -15 26 -14 26 -13 25 -13 24 -12 23 -11 23 -10 22 -9 21 -9 20 -7 20 -7 20 -6 19 -5 17 -5 17 -5 16 -3 17 -1 0 0 0 0 0 0 0 0 0 0 0 0 0 0 0 0 0 0 0 0 0 0 19 -5 19 -4 19 -3 19 -4 18 -3 19 -2 19 -2 19 -2 20 -1 18 -2 19 -2 19 -2 19 -2 20 -2 20 -3 20 -3 21 -3 21 -4 22 -5 22 -5 23 -7 24 -8 25 -9 25 -10 28 -12 29 -14 ]
CSI_DATA,STA,E4:D1:24:F0:BE:00,-66,10,0,0,0,0,0,0,0,0,0,-97,0,5,0,39509325,0,399,0,0,39.9017,128,[-113 -15 24 0 3 -32 3 -33 3 -33 3 -33 3 -32 4 -32 4 -31 5 -31 6 -30 5 -30 5 -28 6 -27 6 -26 8 -24 8 -23 8 -21 9 -21 9 -20 9 -18 8 -17 8 -16 8 -15 8 -14 8 -13 7 -11 0 0 0 0 0 0 0 0 0 0 0 0 0 0 0 0 0 0 0 0 0 0 10 -20 10 -18 10 -19 10 -18 10 -18 11 -17 11 -17 12 -18 12 -18 11 -18 11 -17 13 -18 13 -18 13 -19 12 -18 12 -19 11 -19 11 -18 11 -20 10 -21 9 -21 8 -24 8 -24 7 -26 6 -28 6 -30 ]
CSI_DATA,STA,E4:D1:24:F0:BE:00,-65,10,0,0,0,0,0,0,0,0,0,-97,0,5,0,39611727,0,399,0,0,40.004,128,[-113 -15 24 0 0 35 0 36 1 34 1 35 1 35 1 34 1 33 0 32 -1 32 -1 30 -2 31 -2 29 -3 29 -3 27 -3 25 -3 25 -3 24 -4 22 -4 22 -6 21 -4 19 -5 19 -6 18 -6 17 -8 16 0 0 0 0 0 0 0 0 0 0 0 0 0 0 0 0 0 0 0 0 0 0 -5 19 -7 19 -7 18 -8 18 -8 18 -8 17 -9 18 -8 18 -9 17 -9 18 -8 17 -8 18 -9 19 -8 19 -8 19 -8 20 -7 20 -8 21 -7 22 -7 23 -5 25 -4 26 -4 26 -2 29 -2 31 -1 33 ]
CSI_DATA,STA,E4:D1:24:F0:BE:00,-64,10,0,0,0,0,0,0,0,0,0,-97,0,5,0,39714129,0,399,0,0,40.1064,128,[-113 -15 24 0 -24 24 -23 23 -23 23 -23 23 -22 23 -21 22 -20 21 -21 21 -21 20 -20 20 -19 18 -19 17 -18 17 -18 16 -17 14 -18 14 -18 13 -18 12 -17 11 -16 10 -16 9 -16 9 -15 8 -15 6 -16 5 0 0 0 0 0 0 0 0 0 0 0 0 0 0 0 0 0 0 0 0 0 0 -16 11 -17 10 -18 10 -17 8 -18 9 -18 9 -18 9 -19 8 -19 9 -19 8 -18 8 -19 8 -20 9 -20 9 -20 9 -22 9 -21 10 -22 10 -22 11 -23 12 -22 13 -22 14 -24 15 -24 17 -24 18 -25 19 ]
CSI_DATA,STA,E4:D1:24:F0:BE:00,-62,10,0,0,0,0,0,0,0,0,0,-97,0,5,0,39816531,0,399,0,0,40.2088,128,[-113 -15 24 0 -18 31 -17 30 -16 28 -16 28 -14 29 -14 28 -14 27 -14 26 -14 26 -14 25 -13 24 -14 23 -14 22 -14 21 -13 20 -13 18 -13 18 -14 17 -13 16 -13 15 -13 14 -13 13 -13 12 -13 11 -14 9 0 0 0 0 0 0 0 0 0 0 0 0 0 0 0 0 0 0 0 0 0 0 -14 15 -14 14 -15 13 -15 13 -15 13 -16 13 -15 13 -16 13 -17 13 -16 13 -17 13 -18 14 -18 14 -18 15 -19 14 -19 14 -20 16 -20 16 -20 18 -19 19 -19 20 -19 21 -19 23 -19 24 -19 25 -20 28 ]
CSI_DATA,STA,E4:D1:24:F0:BE:00,-63,10,0,0,0,0,0,0,0,0,0,-97,0,5,0,39918932,0,399,0,0,40.3112,128,[-113 -15 24 0 -3 -34 -2 -32 -3 -33 -3 -32 -4 -32 -3 -32 -2 -31 -3 -30 -3 -30 -2 -29 -3 -28 -1 -27 -2 -26 -1 -26 0 -24 1 -24 1 -23 2 -22 2 -22 3 -21 3 -20 4 -19 4 -18 5 -17 5 -17 0 0 0 0 0 0 0 0 0 0 0 0 0 0 0 0 0 0 0 0 0 0 -1 -18 0 -17 0 -17 1 -17 1 -18 2 -18 2 -17 2 -17 2 -18 2 -19 3 -19 3 -19 3 -21 3 -21 4 -21 3 -23 3 -23 4 -23 4 -24 3 -25 3 -26 2 -28 2 -29 1 -30 0 -32 1 -33 ]
CSI_DATA,STA,E4:D1:24:F0:BE:00,-63,10,0,0,0,0,0,0,0,0,0,-97,0,5,0,40021334,0,399,0,0,40.4137,128,[-113 -15 24 0 32 11 32 10 31 10 31 9 30 9 30 8 29 9 29 9 28 9 27 8 26 9 25 9 24 9 23 10 22 10 21 10 19 10 19 11 18 10 17 11 16 11 14 10 14 11 13 11 13 11 0 0 0 0 0 0 0 0 0 0 0 0 0 0 0 0 0 0 0 0 0 0 17 8 15 9 15 10 15 10 15 10 15 10 15 11 16 10 15 11 16 12 16 11 16 12 17 12 17 12 17 13 18 14 17 13 19 14 19 13 20 14 21 13 23 13 24 12 26 12 28 12 31 11 ]
CSI_DATA,STA,E4:D1:24:F0:BE:00,-64,10,0,0,0,0,0,0,0,0,0,-97,0,5,0,40123736,0,399,0,0,40.516,128,[-113 -15 24 0 -31 -5 -30 -3 -31 -3 -30 -3 -31 -3 -30 -3 -30 -2 -29 -2 -30 -2 -28 -3 -28 -2 -26 -4 -26 -4 -26 -4 -24 -4 -23 -6 -23 -5 -22 -6 -20 -6 -20 -6 -19 -7 -18 -7 -16 -8 -16 -8 -14 -8 0 0 0 0 0 0 0 0 0 0 0 0 0 0 0 0 0 0 0 0 0 0 -18 -6 -17 -7 -17 -8 -17 -8 -16 -9 -17 -9 -17 -9 -17 -10 -17 -10 -17 -10 -17 -9 -17 -10 -17 -11 -17 -11 -17 -12 -18 -12 -18 -11 -19 -11 -19 -11 -19 -12 -21 -10 -22 -9 -23 -10 -24 -8 -26 -8 -28 -7 ]
CSI_DATA,STA,E4:D1:24:F0:BE:00,-63,10,0,0,0,0,0,0,0,0,0,-97,0,5,0,40226138,0,399,0,0,40.6184,128,[-113 -15 24 0 -7 -38 -6 -36 -6 -36 -7 -33 -7 -35 -7 -33 -5 -32 -6 -31 -4 -30 -5 -29 -5 -29 -4 -26 -3 -25 -2 -24 -2 -23 -1 -22 -1 -22 0 -22 0 -20 1 -19 0 -19 1 -18 1 -18 2 -17 3 -16 0 0 0 0 0 0 0 0 0 0 0 0 0 0 0 0 0 0 0 0 0 0 -2 -22 -1 -21 0 -22 1 -21 0 -22 1 -21 2 -21 2 -22 1 -22 2 -23 2 -23 2 -23 3 -24 3 -24 3 -24 2 -26 2 -25 1 -27 1 -28 1 -29 0 -30 -1 -31 -1 -32 -2 -33 -3 -35 -4 -36 ]
CSI_DATA,STA,E4:D1:24:F0:BE:00,-63,10,0,0,0,0,0,0,0,0,0,-97,0,5,0,40328540,0,399,0,0,40.7209,128,[-113 -15 24 0 -16 30 -15 30 -15 29 -14 29 -14 29 -14 28 -14 27 -13 27 -14 25 -13 25 -13 23 -13 23 -13 22 -13 20 -13 19 -13 19 -14 19 -14 17 -13 16 -13 15 -13 14 -13 14 -13 12 -14 11 -13 11 0 0 0 0 0 0 0 0 0 0 0 0 0 0 0 0 0 0 0 0 0 0 -13 10 -14 10 -14 10 -14 9 -14 9 -15 9 -15 9 -15 9 -14 9 -15 10 -15 9 -15 9 -16 11 -16 11 -16 12 -16 13 -16 12 -16 14 -15 15 -16 16 -15 18 -15 20 -16 21 -15 23 -15 25 -16 28 ]
CSI_DATA,STA,E4:D1:24:F0:BE:00,-63,10,0,0,0,0,0,0,0,0,0,-97,0,5,0,40398582,0,64,0,0,40.7907,128,[64 0 4 0 10 -31 9 -32 10 -29 10 -30 9 -29 9 -29 10 -28 9 -27 9 -26 10 -26 10 -25 9 -25 9 -23 10 -23 10 -21 10 -20 10 -20 11 -19 10 -18 10 -17 10 -16 10 -15 10 -15 11 -13 11 -13 0 0 0 0 0 0 0 0 0 0 0 0 0 0 0 0 0 0 0 0 0 0 9 -11 9 -11 10 -11 11 -11 10 -11 10 -11 11 -11 10 -11 11 -11 11 -11 10 -12 11 -12 11 -12 12 -13 11 -14 12 -15 12 -15 11 -15 11 -17 11 -18 11 -19 11 -21 11 -22 11 -24 11 -26 11 -28 ]
CSI_DATA,STA,E4:D1:24:F0:BE:00,-63,10,0,0,0,0,0,0,0,0,0,-97,0,5,0,40430942,0,399,0,0,40.8253,128,[-113 -15 24 0 -29 22 -28 22 -28 22 -28 22 -27 22 -27 22 -27 21 -26 21 -26 20 -25 19 -25 18 -25 17 -24 17 -24 15 -22 15 -22 14 -22 13 -22 13 -21 12 -21 12 -21 10 -20 10 -20 8 -20 7 -20 6 0 0 0 0 0 0 0 0 0 0 0 0 0 0 0 0 0 0 0 0 0 0 -16 2 -16 1 -16 1 -15 1 -16 0 -16 1 -16 1 -17 1 -17 2 -17 2 -17 1 -17 2 -18 2 -18 3 -19 3 -20 5 -20 5 -21 6 -21 7 -21 8 -22 9 -23 12 -24 13 -25 15 -27 17 -28 18 ]
CSI_DATA,STA,E4:D1:24:F0:BE:00,-66,10,0,0,0,0,0,0,0,0,0,-97,0,5,0,40533344,0,399,0,0,40.9256,128,[-113 -15 24 0 -25 21 -24 21 -25 19 -24 20 -24 20 -23 20 -23 18 -23 18 -24 17 -24 16 -22 16 -22 14 -22 14 -21 13 -20 12 -21 12 -20 11 -20 10 -19 10 -19 9 -19 8 -18 8 -18 7 -17 6 -19 6 0 0 0 0 0 0 0 0 0 0 0 0 0 0 0 0 0 0 0 0 0 0 -17 2 -17 2 -17 1 -17 1 -17 2 -17 2 -17 2 -17 2 -17 2 -17 2 -17 3 -17 4 -17 3 -17 4 -16 5 -18 5 -17 5 -18 6 -18 7 -18 8 -18 10 -19 12 -20 13 -21 14 -22 16 -23 18 ]
CSI_DATA,STA,E4:D1:24:F0:BE:00,-63,10,0,0,0,0,0,0,0,0,0,-97,0,5,0,40635745,0,399,0,0,41.0279,128,[-113 -15 24 0 29 -7 29 -7 28 -7 28 -7 27 -7 27 -6 26 -5 26 -6 25 -5 24 -5 23 -4 22 -3 21 -2 21 -2 20 -2 19 -1 18 -1 18 -1 17 -1 17 0 16 0 15 0 15 1 14 2 13 3 0 0 0 0 0 0 0 0 0 0 0 0 0 0 0 0 0 0 0 0 0 0 11 4 11 4 11 4 11 4 11 4 11 4 11 4 12 3 12 3 12 2 12 3 13 3 13 3 14 3 14 2 15 2 16 1 17 0 17 0 18 -1 19 -2 21 -2 22 -4 24 -5 26 -6 28 -6 ]
CSI_DATA,STA,E4:D1:24:F0:BE:00,-65,10,0,0,0,0,0,0,0,0,0,-97,0,5,0,40738147,0,399,0,0,41.1304,128,[-113 -15 24 0 -27 18 -27 19 -26 18 -26 18 -27 17 -27 17 -26 17 -26 16 -25 14 -24 14 -23 13 -25 12 -23 12 -22 11 -21 10 -21 9 -21 9 -20 8 -19 7 -19 7 -19 5 -18 6 -17 5 -17 4 -18 3 0 0 0 0 0 0 0 0 0 0 0 0 0 0 0 0 0 0 0 0 0 0 -14 -1 -14 -2 -13 -2 -13 -1 -13 -1 -13 -1 -13 0 -14 0 -14 0 -13 1 -13 1 -14 2 -14 2 -15 2 -16 3 -16 4 -17 4 -17 5 -17 6 -19 7 -19 9 -20 10 -21 11 -21 13 -24 14 -26 16 ]
CSI_DATA,STA,E4:D1:24:F0:BE:00,-65,10,0,0,0,0,0,0,0,0,0,-97,0,5,0,40840549,0,399,0,0,41.2329,128,[-113 -15 24 0 -4 34 -4 35 -5 33 -3 33 -4 33 -4 32 -4 32 -4 30 -5 29 -6 29 -6 27 -6 27 -6 26 -6 24 -7 23 -6 23 -7 22 -7 21 -7 20 -7 19 -7 18 -8 17 -7 17 -8 17 -10 15 0 0 0 0 0 0 0 0 0 0 0 0 0 0 0 0 0 0 0 0 0 0 -9 13 -10 12 -10 12 -10 12 -11 11 -10 12 -10 12 -10 12 -9 12 -9 12 -9 13 -9 14 -9 14 -9 15 -8 16 -9 16 -8 17 -8 18 -8 21 -7 21 -6 22 -6 24 -6 24 -5 27 -5 29 -5 33 ]
CSI_DATA,STA,E4:D1:24:F0:BE:00,-63,10,0,0,0,0,0,0,0,0,0,-97,0,5,0,40942951,0,399,0,0,41.3353,128,[-113 -15 24 0 24 26 23 25 23 25 22 24 21 23 21 23 20 23 19 23 18 21 17 21 16 21 15 20 14 19 13 18 12 17 11 18 10 17 11 16 10 16 9 15 8 15 8 15 7 15 6 15 6 14 0 0 0 0 0 0 0 0 0 0 0 0 0 0 0 0 0 0 0 0 0 0 9 15 7 15 7 15 7 15 6 15 7 15 6 16 6 16 6 16 6 16 5 17 6 17 7 18 7 18 7 18 8 18 9 18 10 19 10 19 12 20 13 20 15 22 16 22 18 23 20 24 22 25 ]
CSI_DATA,STA,E4:D1:24:F0:BE:00,-64,10,0,0,0,0,0,0,0,0,0,-97,0,5,0,41045353,0,399,0,0,41.4377,128,[-113 -15 24 0 -19 -32 -20 -31 -20 -31 -18 -30 -19 -31 -18 -30 -18 -29 -17 -29 -17 -29 -16 -28 -14 -27 -13 -26 -13 -25 -12 -25 -10 -23 -10 -23 -9 -21 -8 -22 -8 -21 -7 -21 -7 -19 -6 -19 -5 -18 -4 -17 -3 -18 0 0 0 0 0 0 0 0 0 0 0 0 0 0 0 0 0 0 0 0 0 0 -4 -18 -3 -17 -2 -18 -2 -18 -2 -18 -2 -18 -2 -18 -2 -18 -2 -18 -2 -19 -2 -19 -2 -19 -3 -20 -3 -21 -3 -20 -4 -22 -5 -21 -5 -22 -6 -22 -7 -23 -9 -24 -10 -26 -12 -26 -13 -27 -15 -29 -17 -31 ]
CSI_DATA,STA,E4:D1:24:F0:BE:00,-64,10,0,0,0,0,0,0,0,0,0,-97,0,5,0,41147755,0,399,0,0,41.54,128,[-113 -15 24 0 -33 8 -34 8 -33 8 -32 7 -32 7 -32 7 -31 6 -31 5 -29 4 -29 3 -28 2 -27 2 -26 1 -24 1 -23 0 -22 0 -22 -1 -21 -1 -20 -2 -20 -2 -19 -1 -18 -2 -17 -2 -17 -4 -15 -4 0 0 0 0 0 0 0 0 0 0 0 0 0 0 0 0 0 0 0 0 0 0 -14 -7 -13 -8 -13 -7 -12 -7 -13 -7 -13 -7 -13 -7 -13 -6 -13 -6 -13 -5 -13 -5 -14 -5 -14 -5 -15 -5 -16 -4 -17 -3 -17 -3 -18 -1 -19 -1 -20 0 -21 1 -23 2 -24 3 -26 4 -28 5 -30 6 ]
CSI_DATA,STA,E4:D1:24:F0:BE:00,-64,10,0,0,0,0,0,0,0,0,0,-97,0,5,0,41250157,0,399,0,0,41.6424,128,[-113 -15 24 0 -32 17 -32 18 -32 17 -31 16 -31 16 -30 14 -29 14 -29 13 -28 13 -28 13 -27 11 -26 10 -25 10 -24 8 -23 7 -22 7 -22 5 -21 5 -20 4 -19 4 -19 3 -17 2 -17 2 -17 1 -15 0 0 0 0 0 0 0 0 0 0 0 0 0 0 0 0 0 0 0 0 0 0 0 -18 0 -18 0 -18 0 -18 0 -18 -1 -18 -1 -18 -1 -19 -1 -18 0 -18 0 -19 1 -19 1 -20 1 -20 2 -21 2 -22 2 -22 3 -22 5 -24 5 -24 5 -25 8 -26 8 -27 11 -28 12 -30 14 -32 14 ]
CSI_DATA,STA,E4:D1:24:F0:BE:00,-62,10,0,0,0,0,0,0,0,0,0,-97,0,5,0,41352558,0,399,0,0,41.7448,128,[-113 -15 24 0 11 37 10 37 11 36 10 34 11 34 10 34 10 33 9 32 8 31 7 29 6 30 5 28 3 27 3 26 2 25 2 24 2 23 0 22 -1 21 -1 21 -1 19 -2 19 -3 17 -4 16 -4 16 0 0 0 0 0 0 0 0 0 0 0 0 0 0 0 0 0 0 0 0 0 0 0 18 0 17 -1 18 -2 17 -3 18 -2 18 -2 18 -3 18 -2 19 -2 19 -2 18 -3 19 -2 20 -2 20 -2 21 -1 22 -1 23 -1 23 0 24 1 25 3 27 4 28 5 29 7 31 8 33 10 34 ]
CSI_DATA,STA,E4:D1:24:F0:BE:00,-63,10,0,0,0,0,0,0,0,0,0,-97,0,5,0,41454960,0,399,0,0,41.8473,128,[-113 -15 24 0 15 27 15 26 15 26 15 25 15 25 14 24 14 24 13 24 12 24 11 23 11 23 9 22 9 21 8 21 7 19 6 20 5 19 5 19 4 18 4 17 2 17 2 16 1 15 0 14 -1 14 0 0 0 0 0 0 0 0 0 0 0 0 0 0 0 0 0 0 0 0 0 0 0 15 -1 14 -2 15 -2 14 -1 14 -2 14 -2 14 -1 14 -1 14 -1 15 -1 13 -1 14 -1 15 0 15 1 16 1 16 2 17 2 17 3 18 4 19 6 18 7 20 8 21 9 22 10 23 12 25 ]
CSI_DATA,STA,E4:D1:24:F0:BE:00,-63,10,0,0,0,0,0,0,0,0,0,-97,0,5,0,41557362,0,399,0,0,41.9497,128,[-113 -15 24 0 16 28 16 28 16 27 16 27 16 27 14 26 14 25 14 25 13 24 12 24 13 23 12 22 10 22 10 21 9 20 9 20 8 20 7 19 6 19 6 19 6 18 5 18 4 17 3 16 2 17 0 0 0 0 0 0 0 0 0 0 0 0 0 0 0 0 0 0 0 0 0 0 5 14 3 14 3 15 3 15 3 15 2 15 3 16 2 15 3 16 3 16 3 16 3 17 2 17 3 17 3 18 4 18 4 19 5 20 5 21 6 21 7 22 8 23 9 23 12 25 13 26 14 27 ]
CSI_DATA,STA,E4:D1:24:F0:BE:00,-64,10,0,0,0,0,0,0,0,0,0,-97,0,5,0,41659764,0,399,0,0,42.0521,128,[-113 -15 24 0 14 27 15 28 16 27 16 27 15 28 15 27 15 26 13 26 13 25 12 25 12 24 11 24 10 24 9 22 8 22 8 21 7 21 7 19 6 19 5 18 5 17 4 17 4 16 3 15 1 16 0 0 0 0 0 0 0 0 0 0 0 0 0 0 0 0 0 0 0 0 0 0 4 14 4 15 3 15 3 14 3 15 3 15 2 15 3 15 3 16 3 16 3 16 4 17 4 18 4 18 4 18 4 18 3 20 4 20 5 21 5 21 6 22 7 23 9 24 10 25 12 26 14 28 ]
CSI_DATA,STA,E4:D1:24:F0:BE:00,-63,10,0,0,0,0,0,0,0,0,0,-97,0,5,0,41762166,0,399,0,0,42.1545,128,[-113 -15 24 0 30 15 30 14 30 13 29 14 29 13 28 13 28 13 27 13 26 13 25 12 24 12 23 12 22 12 20 12 20 11 19 11 18 11 18 11 16 11 15 11 15 11 14 12 13 11 13 11 11 12 0 0 0 0 0 0 0 0 0 0 0 0 0 0 0 0 0 0 0 0 0 0 12 9 12 10 11 10 11 10 11 11 11 11 11 11 11 12 12 12 11 12 11 12 12 12 13 13 13 12 13 14 15 13 15 13 16 13 17 13 18 14 19 14 21 14 22 14 24 15 27 15 29 15 ]
CSI_DATA,STA,E4:D1:24:F0:BE:00,-65,10,0,0,0,0,0,0,0,0,0,-97,0,5,0,41864568,0,399,0,0,42.257,128,[-113 -15 24 0 -7 -32 -8 -31 -7 -32 -6 -32 -7 -32 -7 -31 -6 -31 -5 -30 -5 -30 -4 -29 -4 -28 -3 -27 -2 -25 -1 -24 -2 -24 -1 -23 0 -22 0 -21 1 -20 1 -19 1 -18 2 -17 2 -16 3 -15 2 -14 0 0 0 0 0 0 0 0 0 0 0 0 0 0 0 0 0 0 0 0 0 0 6 -18 7 -18 7 -17 7 -17 7 -17 7 -16 7 -17 7 -17 7 -16 7 -16 7 -16 6 -16 7 -17 6 -17 6 -18 4 -18 4 -18 4 -19 3 -20 2 -21 1 -22 0 -24 -1 -24 -2 -26 -3 -28 -3 -30 ]
CSI_DATA,STA,E4:D1:24:F0:BE:00,-65,10,0,0,0,0,0,0,0,0,0,-97,0,5,0,41966969,0,399,0,0,42.3592,128,[-113 -15 24 0 -22 -24 -23 -24 -23 -24 -22 -24 -23 -23 -23 -24 -22 -24 -22 -23 -20 -23 -21 -22 -19 -23 -19 -22 -17 -23 -16 -21 -15 -20 -14 -20 -13 -20 -11 -21 -11 -19 -10 -18 -9 -18 -9 -17 -7 -16 -7 -16 -6 -16 0 0 0 0 0 0 0 0 0 0 0 0 0 0 0 0 0 0 0 0 0 0 -7 -16 -6 -15 -5 -15 -6 -16 -6 -17 -5 -16 -6 -16 -5 -16 -5 -17 -5 -17 -5 -17 -5 -17 -5 -18 -6 -18 -6 -18 -7 -18 -7 -18 -8 -19 -8 -19 -9 -19 -10 -20 -11 -21 -13 -21 -15 -22 -17 -23 -19 -24 ]
CSI_DATA,STA,E4:D1:24:F0:BE:00,-64,10,0,0,0,0,0,0,0,0,0,-97,0,5,0,42069371,0,399,0,0,42.4615,128,[-113 -15 24 0 -22 -30 -21 -29 -21 -29 -20 -28 -20 -29 -19 -29 -19 -29 -18 -28 -18 -28 -17 -27 -16 -27 -15 -25 -14 -25 -14 -24 -12 -23 -11 -23 -10 -22 -9 -22 -8 -21 -7 -20 -7 -20 -7 -19 -6 -19 -5 -17 -4 -18 0 0 0 0 0 0 0 0 0 0 0 0 0 0 0 0 0 0 0 0 0 0 -1 -16 0 -15 0 -15 0 -15 1 -15 0 -15 0 -15 -1 -14 -1 -15 -1 -15 -1 -16 -2 -16 -2 -16 -3 -16 -3 -17 -4 -17 -5 -17 -5 -19 -6 -19 -7 -20 -8 -21 -10 -22 -12 -23 -14 -24 -16 -26 -18 -28 ]
CSI_DATA,STA,E4:D1:24:F0:BE:00,-63,10,0,0,0,0,0,0,0,0,0,-97,0,5,0,42171773,0,399,0,0,42.5641,128,[-113 -15 24 0 27 6 27 6 27 5 26 5 26 5 26 5 25 5 25 5 24 5 23 5 22 6 22 6 21 6 21 7 19 6 18 7 18 7 17 7 15 7 15 7 14 7 13 7 12 7 11 8 11 8 0 0 0 0 0 0 0 0 0 0 0 0 0 0 0 0 0 0 0 0 0 0 12 5 11 5 11 6 11 5 11 6 11 6 11 6 12 6 12 7 12 7 12 7 13 8 13 8 13 9 14 8 15 9 15 9 15 9 17 9 16 9 17 9 19 8 20 9 21 9 23 8 24 8 ]
CSI_DATA,STA,E4:D1:24:F0:BE:00,-62,10,0,0,0,0,0,0,0,0,0,-97,0,5,0,42274175,0,399,0,0,42.6665,128,[-113 -15 24 0 23 22 23 21 23 20 23 21 23 20 23 19 21 19 21 19 20 19 19 18 17 18 17 18 15 17 14 16 13 16 12 16 12 15 11 15 11 15 10 14 9 14 8 14 7 13 6 13 6 13 0 0 0 0 0 0 0 0 0 0 0 0 0 0 0 0 0 0 0 0 0 0 6 10 6 11 5 11 6 11 6 12 6 12 6 12 6 12 7 12 7 13 7 12 7 13 7 14 8 14 8 14 9 15 9 15 11 16 11 15 13 16 14 17 15 17 16 17 18 18 20 20 22 20 ]
CSI_DATA,STA,E4:D1:24:F0:BE:00,-63,10,0,0,0,0,0,0,0,0,0,-97,0,5,0,42332234,0,64,0,0,42.7239,128,[64 0 4 0 -22 -30 -21 -29 -21 -30 -22 -29 -21 -28 -21 -27 -19 -27 -20 -27 -19 -27 -18 -26 -17 -26 -16 -25 -15 -24 -14 -23 -13 -23 -12 -22 -11 -22 -10 -21 -9 -20 -9 -20 -7 -18 -7 -18 -6 -17 -5 -16 -4 -16 0 0 0 0 0 0 0 0 0 0 0 0 0 0 0 0 0 0 0 0 0 0 -7 -16 -6 -16 -6 -16 -6 -16 -6 -16 -5 -16 -6 -17 -5 -18 -6 -18 -6 -17 -6 -19 -6 -19 -6 -20 -6 -21 -6 -20 -7 -21 -7 -21 -8 -23 -8 -22 -9 -23 -10 -24 -11 -25 -13 -26 -14 -27 -16 -28 -17 -30 ]
CSI_DATA,STA,E4:D1:24:F0:BE:00,-63,10,0,0,0,0,0,0,0,0,0,-97,0,5,0,42376577,0,399,0,0,42.7687,128,[-113 -15 24 0 18 -30 17 -30 17 -30 16 -29 16 -28 16 -27 15 -27 15 -26 15 -26 15 -24 14 -24 14 -22 14 -21 13 -20 13 -19 12 -18 13 -17 13 -16 12 -15 12 -14 12 -13 11 -13 11 -11 11 -10 11 -10 0 0 0 0 0 0 0 0 0 0 0 0 0 0 0 0 0 0 0 0 0 0 11 -11 12 -10 12 -11 12 -10 12 -11 12 -10 13 -10 13 -11 13 -11 14 -11 13 -11 14 -12 14 -12 15 -12 15 -13 15 -14 15 -14 16 -16 16 -16 17 -17 16 -18 17 -20 17 -22 17 -24 18 -25 19 -27 ]
CSI_DATA,STA,E4:D1:24:F0:BE:00,-63,10,0,0,0,0,0,0,0,0,0,-97,0,5,0,42478979,0,399,0,0,42.8713,128,[-113 -15 24 0 34 -13 32 -13 33 -13 32 -13 32 -14 31 -13 30 -12 30 -12 30 -11 30 -10 29 -9 27 -8 26 -7 26 -7 25 -6 24 -5 23 -5 23 -4 21 -4 20 -3 19 -2 19 -2 18 -1 17 -1 18 1 0 0 0 0 0 0 0 0 0 0 0 0 0 0 0 0 0 0 0 0 0 0 17 -1 16 -1 16 0 15 1 16 1 16 1 16 0 16 0 16 0 17 0 17 0 17 1 18 0 18 0 20 0 19 0 21 -1 22 -2 21 -2 22 -2 24 -4 25 -5 27 -6 28 -7 30 -8 32 -11 ]
CSI_DATA,STA,E4:D1:24:F0:BE:00,-63,10,0,0,0,0,0,0,0,0,0,-97,0,5,0,42581381,0,399,0,0,42.9737,128,[-113 -15 24 0 33 -14 32 -15 32 -14 30 -14 30 -14 29 -14 30 -13 28 -13 28 -12 26 -11 26 -10 24 -9 24 -8 23 -7 22 -7 21 -6 21 -6 20 -5 19 -5 18 -4 17 -4 16 -3 16 -2 16 -2 15 0 0 0 0 0 0 0 0 0 0 0 0 0 0 0 0 0 0 0 0 0 0 0 20 -3 20 -3 20 -2 19 -2 20 -1 19 -2 19 -1 20 -1 20 -1 20 -1 20 0 21 -1 21 0 21 -1 22 -1 23 -2 22 -2 25 -3 25 -3 25 -4 25 -6 27 -7 28 -7 29 -9 31 -11 32 -12 ]
CSI_DATA,STA,E4:D1:24:F0:BE:00,-64,10,0,0,0,0,0,0,0,0,0,-97,0,5,0,42683782,0,399,0,0,43.0761,128,[-113 -15 24 0 23 -23 22 -22 22 -22 21 -23 21 -23 20 -23 20 -22 20 -22 21 -21 20 -21 19 -20 19 -19 18 -18 19 -17 18 -16 17 -16 16 -15 17 -13 16 -13 17 -12 16 -11 15 -11 15 -10 15 -9 15 -6 0 0 0 0 0 0 0 0 0 0 0 0 0 0 0 0 0 0 0 0 0 0 14 -10 15 -9 15 -9 14 -8 15 -8 15 -7 16 -7 16 -7 16 -7 16 -7 16 -7 17 -7 18 -7 17 -7 18 -8 18 -9 18 -8 19 -9 19 -10 20 -10 20 -12 21 -13 21 -14 21 -16 22 -17 23 -19 ]
CSI_DATA,STA,E4:D1:24:F0:BE:00,-63,10,0,0,0,0,0,0,0,0,0,-97,0,5,0,42786188,0,399,0,0,43.1784,128,[-113 -15 24 0 -16 -30 -16 -29 -16 -28 -16 -28 -15 -27 -15 -26 -15 -26 -14 -25 -13 -25 -12 -25 -11 -24 -10 -24 -10 -23 -10 -22 -9 -21 -8 -21 -7 -20 -7 -19 -6 -19 -6 -18 -5 -17 -4 -17 -4 -17 -2 -16 -3 -16 0 0 0 0 0 0 0 0 0 0 0 0 0 0 0 0 0 0 0 0 0 0 -8 -18 -7 -19 -6 -19 -5 -18 -5 -19 -5 -19 -5 -19 -4 -19 -4 -19 -4 -19 -3 -19 -3 -19 -4 -21 -3 -21 -4 -21 -5 -22 -6 -22 -5 -23 -5 -23 -7 -24 -8 -24 -9 -25 -10 -26 -10 -28 -11 -29 -13 -30 ]
CSI_DATA,STA,E4:D1:24:F0:BE:00,-61,10,0,0,0,0,0,0,0,0,0,-97,0,5,0,42888590,0,399,0,0,43.2809,128,[-113 -15 24 0 19 26 19 25 19 25 19 24 19 24 18 23 17 23 17 22 17 22 16 21 16 20 14 20 12 19 12 19 11 18 10 18 9 17 8 17 8 17 7 16 6 16 5 15 5 15 4 14 2 14 0 0 0 0 0 0 0 0 0 0 0 0 0 0 0 0 0 0 0 0 0 0 8 16 7 16 5 17 5 17 5 17 5 17 4 18 4 18 4 18 4 18 4 18 5 19 4 19 4 20 5 20 5 20 6 21 7 22 7 22 7 23 9 23 10 24 11 25 13 25 14 26 16 27 ]
CSI_DATA,STA,E4:D1:24:F0:BE:00,-61,10,0,0,0,0,0,0,0,0,0,-97,0,5,0,42990992,0,399,0,0,43.3833,128,[-113 -15 24 0 -30 -22 -29 -21 -28 -20 -29 -20 -28 -18 -27 -18 -26 -18 -26 -17 -25 -17 -25 -16 -24 -16 -22 -15 -22 -15 -20 -14 -19 -14 -19 -14 -18 -14 -17 -14 -16 -14 -15 -14 -15 -14 -14 -14 -13 -14 -12 -14 -11 -15 0 0 0 0 0 0 0 0 0 0 0 0 0 0 0 0 0 0 0 0 0 0 -16 -13 -14 -14 -14 -15 -14 -15 -13 -16 -13 -16 -13 -17 -12 -17 -13 -17 -12 -18 -12 -18 -13 -18 -13 -19 -12 -19 -13 -20 -14 -20 -15 -21 -16 -21 -17 -21 -17 -22 -19 -22 -20 -22 -21 -22 -23 -22 -25 -23 -27 -24 ]
CSI_DATA,STA,E4:D1:24:F0:BE:00,-62,10,0,0,0,0,0,0,0,0,0,-97,0,5,0,43093394,0,399,0,0,43.4857,128,[-113 -15 24 0 20 20 20 19 20 19 20 19 20 18 20 18 19 18 18 17 18 16 18 16 17 16 16 16 15 15 15 15 13 15 13 15 12 15 11 15 11 14 10 14 9 14 8 13 8 14 6 14 5 13 0 0 0 0 0 0 0 0 0 0 0 0 0 0 0 0 0 0 0 0 0 0 9 10 9 11 8 11 7 11 7 12 7 12 7 13 7 13 7 12 7 13 7 13 7 14 7 14 8 15 8 15 8 15 8 16 9 16 10 17 11 17 12 17 12 18 14 19 15 19 17 20 19 21 ]
CSI_DATA,STA,E4:D1:24:F0:BE:00,-64,10,0,0,0,0,0,0,0,0,0,-97,0,5,0,43195796,0,399,0,0,43.5882,128,[-113 -15 24 0 27 18 28 18 29 17 28 17 28 17 28 17 27 18 27 18 26 17 25 18 24 18 24 18 22 18 22 17 20 17 19 17 18 17 17 16 17 17 16 17 14 16 13 17 11 16 10 17 9 15 0 0 0 0 0 0 0 0 0 0 0 0 0 0 0 0 0 0 0 0 0 0 8 17 8 17 6 17 6 17 7 17 6 16 7 17 6 17 7 17 6 17 6 16 6 17 6 18 8 18 8 18 9 18 10 18 10 17 10 18 12 18 14 18 15 18 16 18 18 19 20 20 23 19 ]
CSI_DATA,STA,E4:D1:24:F0:BE:00,-64,10,0,0,0,0,0,0,0,0,0,-97,0,5,0,43298197,0,399,0,0,43.6905,128,[-113 -15 24 0 -3 34 -2 34 -1 33 -1 32 -1 33 -1 32 -1 31 -1 31 -2 30 -3 29 -4 27 -4 27 -4 26 -4 24 -4 23 -5 22 -6 21 -6 20 -6 19 -6 18 -6 17 -6 16 -7 15 -7 14 -7 12 0 0 0 0 0 0 0 0 0 0 0 0 0 0 0 0 0 0 0 0 0 0 -5 15 -6 15 -7 15 -7 15 -7 14 -7 15 -7 15 -7 15 -7 16 -7 15 -8 16 -7 16 -7 17 -7 17 -7 18 -8 19 -7 20 -7 21 -7 22 -6 23 -6 24 -5 26 -6 26 -6 28 -4 31 -4 32 ]
CSI_DATA,STA,E4:D1:24:F0:BE:00,-66,10,0,0,0,0,0,0,0,0,0,-97,0,5,0,43358645,0,64,0,0,43.7508,128,[64 0 4 0 -17 26 -17 26 -16 26 -17 26 -17 26 -17 26 -17 25 -18 25 -17 23 -16 22 -16 22 -17 22 -16 20 -17 19 -17 17 -16 16 -16 17 -16 15 -15 14 -15 13 -15 12 -14 11 -14 10 -14 9 -14 9 0 0 0 0 0 0 0 0 0 0 0 0 0 0 0 0 0 0 0 0 0 0 -13 8 -14 7 -14 6 -13 6 -13 6 -14 5 -14 5 -14 6 -14 6 -14 7 -14 6 -14 6 -14 6 -14 7 -14 7 -15 8 -15 7 -15 9 -14 11 -15 11 -16 13 -15 14 -15 15 -15 18 -15 19 -17 21 ]
CSI_DATA,STA,E4:D1:24:F0:BE:00,-66,10,0,0,0,0,0,0,0,0,0,-97,0,5,0,43400599,0,399,0,0,43.7924,128,[-113 -15 24 0 -7 -30 -7 -30 -8 -31 -9 -31 -9 -32 -8 -31 -8 -31 -7 -30 -7 -30 -7 -30 -7 -29 -6 -28 -5 -28 -5 -26 -4 -26 -5 -26 -4 -24 -3 -25 -3 -24 -3 -23 -2 -22 -1 -21 0 -21 0 -19 3 -19 0 0 0 0 0 0 0 0 0 0 0 0 0 0 0 0 0 0 0 0 0 0 5 -17 6 -16 7 -15 7 -15 7 -15 6 -16 7 -15 6 -15 6 -15 6 -15 6 -15 6 -15 7 -16 6 -16 7 -16 6 -16 6 -17 4 -17 4 -19 4 -19 1 -20 1 -22 1 -22 -1 -24 -2 -26 -3 -29 ]
CSI_DATA,STA,E4:D1:24:F0:BE:00,-67,10,0,0,0,0,0,0,0,0,0,-97,0,5,0,43503001,0,399,0,0,43.8952,128,[-113 -15 24 0 -29 9 -29 9 -29 9 -28 8 -27 9 -28 9 -27 8 -27 8 -26 7 -26 4 -26 3 -24 3 -23 4 -22 3 -22 1 -21 2 -19 2 -19 1 -19 0 -18 1 -17 0 -16 -1 -14 -2 -14 -3 -13 -2 0 0 0 0 0 0 0 0 0 0 0 0 0 0 0 0 0 0 0 0 0 0 -22 -1 -22 -3 -23 -3 -22 -3 -23 -4 -22 -4 -24 -4 -23 -4 -23 -4 -22 -4 -23 -6 -22 -4 -23 -6 -23 -5 -24 -5 -23 -4 -24 -5 -24 -3 -23 -3 -24 -3 -24 -1 -24 1 -26 1 -26 3 -27 4 -27 6 ]
CSI_DATA,STA,E4:D1:24:F0:BE:00,-66,10,0,0,0,0,0,0,0,0,0,-97,0,5,0,43605403,0,399,0,0,43.9976,128,[-113 -15 24 0 11 -34 11 -33 10 -33 10 -32 10 -31 11 -30 10 -29 11 -29 12 -28 11 -26 11 -26 11 -25 10 -22 11 -21 11 -19 10 -18 10 -18 11 -16 10 -15 10 -15 9 -14 8 -12 8 -12 8 -12 8 -10 0 0 0 0 0 0 0 0 0 0 0 0 0 0 0 0 0 0 0 0 0 0 11 -17 13 -16 12 -16 13 -15 14 -15 14 -15 14 -15 13 -15 14 -16 13 -15 13 -16 14 -17 13 -17 14 -17 13 -18 13 -18 13 -19 14 -20 12 -21 12 -21 11 -24 13 -25 11 -26 12 -28 12 -30 12 -32 ]
CSI_DATA,STA,E4:D1:24:F0:BE:00,-64,10,0,0,0,0,0,0,0,0,0,-97,0,5,0,43707805,0,399,0,0,44.1001,128,[-113 -15 24 0 36 -3 33 -3 34 -3 32 -3 30 -3 29 -2 28 -2 27 -2 26 -2 24 -1 23 -1 22 0 21 0 20 0 18 1 18 0 16 0 16 -1 15 0 14 0 14 1 13 1 13 1 12 0 11 2 0 0 0 0 0 0 0 0 0 0 0 0 0 0 0 0 0 0 0 0 0 0 20 -2 20 -1 21 0 20 0 21 1 21 1 22 1 22 2 22 2 23 2 23 2 24 3 23 2 25 4 24 3 26 3 27 4 28 3 27 3 28 3 30 2 30 1 31 1 32 0 33 0 35 -2 ]
CSI_DATA,STA,E4:D1:24:F0:BE:00,-64,10,0,0,0,0,0,0,0,0,0,-97,0,5,0,43810207,0,399,0,0,44.2026,128,[-113 -15 24 0 -16 -30 -16 -29 -17 -29 -16 -27 -15 -28 -15 -28 -13 -27 -12 -26 -12 -26 -11 -25 -10 -25 -9 -23 -9 -22 -8 -21 -7 -20 -6 -20 -5 -19 -4 -17 -4 -17 -4 -17 -4 -16 -3 -15 -3 -14 -2 -14 -2 -13 0 0 0 0 0 0 0 0 0 0 0 0 0 0 0 0 0 0 0 0 0 0 -6 -18 -5 -19 -4 -19 -4 -19 -4 -19 -3 -19 -4 -19 -3 -20 -2 -20 -2 -20 -3 -19 -3 -20 -3 -20 -3 -20 -4 -21 -4 -21 -5 -21 -5 -22 -7 -22 -7 -23 -9 -24 -9 -24 -11 -26 -12 -26 -14 -28 -16 -29 ]
CSI_DATA,STA,E4:D1:24:F0:BE:00,-62,10,0,0,0,0,0,0,0,0,0,-97,0,5,0,43912609,0,399,0,0,44.3049,128,[-113 -15 24 0 8 33 9 33 9 32 9 31 9 31 8 30 8 29 7 28 6 27 6 26 6 26 6 25 4 24 3 23 3 22 2 21 2 20 1 20 1 19 0 18 0 17 -1 16 -1 15 -1 15 -3 14 0 0 0 0 0 0 0 0 0 0 0 0 0 0 0 0 0 0 0 0 0 0 2 15 1 15 0 16 -1 16 -1 16 -1 16 -1 16 -1 16 -1 17 -2 16 -2 16 -2 17 -2 18 -1 19 -1 20 -1 20 -1 21 0 21 0 22 1 24 2 25 3 27 4 27 5 29 6 31 7 33 ]
CSI_DATA,STA,E4:D1:24:F0:BE:00,-63,10,0,0,0,0,0,0,0,0,0,-97,0,5,0,44015010,0,399,0,0,44.4073,128,[-113 -15 24 0 9 35 8 34 10 34 9 33 8 33 9 32 8 32 7 31 6 30 5 29 4 28 4 27 2 26 3 25 1 23 1 22 0 21 0 21 0 20 -1 18 -1 17 -1 16 -1 16 -2 15 -3 13 0 0 0 0 0 0 0 0 0 0 0 0 0 0 0 0 0 0 0 0 0 0 3 18 2 18 1 18 1 18 1 19 0 18 0 18 0 19 -1 20 -1 20 -1 20 -2 21 -2 22 -2 22 -2 22 -2 23 -1 23 -2 24 -1 24 0 26 1 27 2 28 3 29 3 31 5 33 7 35 ]
CSI_DATA,STA,E4:D1:24:F0:BE:00,-64,10,0,0,0,0,0,0,0,0,0,-97,0,5,0,44117412,0,399,0,0,44.5097,128,[-113 -15 24 0 32 13 31 12 31 12 30 12 29 12 29 12 27 12 26 12 26 12 25 12 22 12 22 12 20 12 19 11 18 11 17 12 17 12 15 11 14 11 14 11 12 10 12 10 11 10 10 9 9 9 0 0 0 0 0 0 0 0 0 0 0 0 0 0 0 0 0 0 0 0 0 0 13 9 11 10 11 10 12 10 11 12 11 11 12 12 12 11 12 12 12 12 12 12 12 12 14 13 13 12 14 13 14 13 15 12 17 13 18 12 19 13 19 13 22 12 23 13 24 13 26 13 28 13 ]
CSI_DATA,STA,E4:D1:24:F0:BE:00,-64,10,0,0,0,0,0,0,0,0,0,-97,0,5,0,44219814,0,399,0,0,44.6121,128,[-113 -15 24 0 25 -29 23 -28 24 -28 23 -27 23 -27 22 -26 22 -26 22 -26 22 -24 22 -23 21 -22 21 -20 20 -19 19 -18 19 -17 19 -15 19 -15 18 -14 18 -13 17 -12 17 -10 15 -9 14 -8 14 -7 14 -6 0 0 0 0 0 0 0 0 0 0 0 0 0 0 0 0 0 0 0 0 0 0 16 -8 15 -8 16 -8 16 -7 17 -7 17 -7 17 -7 18 -7 18 -7 17 -7 18 -7 19 -8 19 -8 19 -8 19 -9 20 -10 20 -10 21 -11 21 -13 22 -13 20 -15 22 -17 23 -18 23 -20 24 -22 25 -24 ]
CSI_DATA,STA,E4:D1:24:F0:BE:00,-64,10,0,0,0,0,0,0,0,0,0,-97,0,5,0,44322216,0,399,0,0,44.7144,128,[-113 -15 24 0 -37 0 -37 1 -36 1 -35 0 -35 0 -34 0 -34 -1 -33 0 -32 0 -31 -1 -29 -1 -29 -2 -28 -2 -26 -2 -25 -3 -23 -3 -23 -3 -23 -3 -21 -4 -20 -5 -19 -5 -18 -5 -18 -5 -17 -5 -15 -6 0 0 0 0 0 0 0 0 0 0 0 0 0 0 0 0 0 0 0 0 0 0 -15 -6 -14 -7 -14 -7 -14 -7 -13 -7 -14 -8 -15 -7 -15 -8 -15 -7 -15 -7 -15 -7 -16 -7 -17 -7 -18 -7 -18 -7 -20 -7 -20 -6 -21 -6 -23 -6 -23 -5 -25 -4 -26 -4 -28 -4 -30 -2 -32 -2 -35 -1 ]
CSI_DATA,STA,E4:D1:24:F0:BE:00,-64,10,0,0,0,0,0,0,0,0,0,-97,0,5,0,44398700,0,64,0,0,44.7906,128,[64 0 4 0 23 -28 22 -29 22 -28 22 -27 20 -27 22 -27 21 -25 20 -26 21 -25 20 -24 19 -22 19 -21 18 -20 18 -20 18 -19 17 -18 17 -16 16 -16 17 -15 16 -14 15 -13 14 -12 15 -12 15 -11 13 -10 0 0 0 0 0 0 0 0 0 0 0 0 0 0 0 0 0 0 0 0 0 0 13 -8 12 -8 13 -8 13 -8 13 -8 14 -9 15 -9 15 -9 16 -9 15 -9 16 -9 17 -9 17 -10 18 -9 18 -10 19 -10 19 -11 19 -12 19 -13 19 -13 19 -15 20 -16 21 -18 21 -20 22 -22 23 -24 ]
CSI_DATA,STA,E4:D1:24:F0:BE:00,-66,10,0,0,0,0,0,0,0,0,0,-97,0,5,0,44424618,0,399,0,0,44.8252,128,[-113 -15 24 0 -13 27 -13 27 -12 26 -12 26 -12 26 -13 25 -12 25 -13 24 -13 23 -13 22 -12 21 -12 20 -13 19 -12 17 -13 17 -12 16 -12 14 -11 14 -11 13 -11 12 -10 11 -10 10 -9 9 -9 9 -9 9 0 0 0 0 0 0 0 0 0 0 0 0 0 0 0 0 0 0 0 0 0 0 -10 12 -11 11 -11 11 -12 11 -11 12 -12 11 -12 12 -12 12 -13 12 -13 13 -13 12 -14 12 -14 13 -14 12 -15 13 -14 13 -15 14 -15 14 -14 15 -14 16 -14 17 -14 18 -14 19 -14 21 -14 23 -14 24 ]
CSI_DATA,STA,E4:D1:24:F0:BE:00,-65,10,0,0,0,0,0,0,0,0,0,-97,0,5,0,44527020,0,399,0,0,44.9194,128,[-113 -15 24 0 30 -20 30 -21 29 -20 29 -19 29 -19 29 -18 29 -16 29 -16 29 -16 28 -15 26 -15 26 -13 24 -12 24 -10 24 -9 22 -8 22 -7 22 -8 20 -6 19 -6 17 -4 17 -5 15 -4 15 -4 15 -2 0 0 0 0 0 0 0 0 0 0 0 0 0 0 0 0 0 0 0 0 0 0 19 -1 19 0 19 0 19 0 20 0 21 1 21 0 21 0 20 1 21 0 20 0 21 0 20 -1 21 -1 21 -1 21 -1 22 -2 22 -3 23 -5 23 -5 21 -6 23 -9 24 -10 25 -12 27 -13 30 -16 ]
CSI_DATA,STA,E4:D1:24:F0:BE:00,-64,10,0,0,0,0,0,0,0,0,0,-97,0,5,0,44629421,0,399,0,0,45.0217,128,[-113 -15 24 0 6 34 5 34 5 33 6 32 4 31 4 30 3 30 2 29 2 28 1 26 1 26 0 24 -1 24 -2 22 -2 20 -2 20 -3 19 -3 18 -4 17 -4 15 -4 15 -4 14 -4 13 -4 12 -5 13 0 0 0 0 0 0 0 0 0 0 0 0 0 0 0 0 0 0 0 0 0 0 -1 19 -2 19 -3 19 -4 19 -4 19 -4 19 -4 19 -5 20 -5 20 -5 21 -5 20 -6 22 -5 21 -5 22 -5 22 -5 23 -4 23 -5 23 -3 24 -2 25 -1 26 0 28 0 28 2 29 2 31 4 34 ]
CSI_DATA,STA,E4:D1:24:F0:BE:00,-64,10,0,0,0,0,0,0,0,0,0,-97,0,5,0,44731823,0,399,0,0,45.1241,128,[-113 -15 24 0 -4 -34 -4 -33 -4 -33 -5 -33 -5 -33 -5 -32 -4 -31 -5 -31 -3 -30 -4 -30 -3 -29 -2 -29 -1 -27 -1 -26 -1 -24 0 -24 1 -24 1 -23 1 -22 1 -21 2 -20 2 -19 3 -18 4 -17 4 -16 0 0 0 0 0 0 0 0 0 0 0 0 0 0 0 0 0 0 0 0 0 0 -2 -19 0 -18 0 -19 0 -18 1 -19 1 -18 1 -19 2 -19 2 -19 2 -20 3 -20 3 -20 3 -21 3 -21 3 -22 3 -23 3 -23 4 -24 4 -24 3 -25 2 -26 2 -28 1 -28 1 -30 0 -32 0 -34 ]
CSI_DATA,STA,E4:D1:24:F0:BE:00,-64,10,0,0,0,0,0,0,0,0,0,-97,0,5,0,44834226,0,399,0,0,45.2266,128,[-113 -15 24 0 27 20 27 20 26 19 25 19 24 18 23 18 22 18 21 17 20 17 20 16 18 15 17 16 16 15 15 14 14 14 13 14 11 13 11 12 10 12 9 12 9 11 8 11 7 11 7 10 6 10 0 0 0 0 0 0 0 0 0 0 0 0 0 0 0 0 0 0 0 0 0 0 15 12 15 12 14 13 14 14 14 14 14 15 13 15 14 16 14 16 14 16 14 16 15 17 14 18 15 18 15 19 15 19 17 19 17 19 18 19 18 20 20 20 20 20 22 21 23 20 25 21 28 21 ]
CSI_DATA,STA,E4:D1:24:F0:BE:00,-62,10,0,0,0,0,0,0,0,0,0,-97,0,5,0,44936628,0,399,0,0,45.3288,128,[-113 -15 24 0 21 -22 21 -22 20 -21 19 -20 18 -21 18 -20 18 -19 17 -19 17 -18 16 -17 16 -16 15 -15 15 -14 14 -13 14 -12 14 -11 13 -11 13 -10 12 -9 12 -9 11 -8 11 -8 10 -7 10 -6 9 -6 0 0 0 0 0 0 0 0 0 0 0 0 0 0 0 0 0 0 0 0 0 0 12 -9 12 -9 13 -8 12 -8 13 -7 13 -7 13 -8 13 -7 14 -8 13 -8 14 -8 14 -8 15 -9 15 -9 15 -9 16 -10 16 -11 17 -11 17 -13 18 -13 17 -14 19 -16 20 -16 20 -18 21 -19 22 -21 ]
CSI_DATA,STA,E4:D1:24:F0:BE:00,-66,10,0,0,0,0,0,0,0,0,0,-97,0,5,0,45039030,0,399,0,0,45.4312,128,[-113 -15 24 0 -2 -34 -2 -33 0 -33 -1 -32 -1 -32 -1 -32 1 -30 1 -31 2 -30 2 -29 3 -28 3 -27 3 -26 4 -25 4 -23 5 -23 5 -22 5 -21 5 -21 5 -20 5 -18 5 -18 5 -17 6 -15 5 -16 0 0 0 0 0 0 0 0 0 0 0 0 0 0 0 0 0 0 0 0 0 0 9 -16 9 -15 8 -15 9 -15 8 -14 8 -14 8 -15 8 -15 7 -15 7 -16 7 -15 7 -16 7 -17 6 -18 6 -18 6 -18 5 -18 6 -19 4 -21 4 -21 2 -23 3 -24 2 -26 1 -27 1 -29 1 -31 ]
CSI_DATA,STA,E4:D1:24:F0:BE:00,-64,10,0,0,0,0,0,0,0,0,0,-97,0,5,0,45141432,0,399,0,0,45.5337,128,[-113 -15 24 0 -31 20 -29 18 -28 19 -27 18 -26 17 -26 17 -25 15 -25 15 -24 14 -23 13 -22 12 -22 11 -22 11 -19 10 -19 8 -19 8 -18 7 -17 6 -17 5 -16 5 -15 3 -13 3 -13 2 -12 2 -11 -1 0 0 0 0 0 0 0 0 0 0 0 0 0 0 0 0 0 0 0 0 0 0 -19 5 -18 4 -19 4 -19 4 -19 3 -19 3 -19 4 -20 4 -20 4 -21 5 -20 5 -20 6 -22 6 -23 7 -23 7 -24 7 -24 8 -25 9 -24 9 -25 11 -26 11 -27 13 -28 14 -29 15 -30 17 -32 18 ]
CSI_DATA,STA,E4:D1:24:F0:BE:00,-64,10,0,0,0,0,0,0,0,0,0,-97,0,5,0,45243834,0,399,0,0,45.6361,128,[-113 -15 24 0 10 -31 11 -31 10 -30 9 -29 10 -28 10 -28 10 -27 10 -26 10 -25 10 -24 9 -22 10 -21 9 -20 10 -19 10 -17 10 -16 9 -15 9 -16 9 -14 8 -13 8 -13 8 -12 7 -11 7 -11 8 -11 0 0 0 0 0 0 0 0 0 0 0 0 0 0 0 0 0 0 0 0 0 0 10 -15 11 -14 11 -14 11 -14 12 -13 12 -13 12 -14 12 -14 12 -14 12 -14 13 -14 13 -14 12 -15 13 -15 13 -15 13 -17 12 -17 13 -18 13 -19 13 -19 12 -21 12 -23 12 -23 12 -26 11 -28 13 -29 ]
CSI_DATA,STA,E4:D1:24:F0:BE:00,-64,10,0,0,0,0,0,0,0,0,0,-97,0,5,0,45346235,0,399,0,0,45.7385,128,[-113 -15 24 0 -20 -29 -20 -29 -19 -27 -19 -27 -19 -26 -18 -26 -18 -25 -16 -25 -15 -24 -15 -23 -14 -22 -13 -22 -12 -21 -11 -21 -10 -19 -9 -19 -9 -18 -7 -18 -8 -17 -7 -16 -6 -16 -7 -15 -6 -15 -5 -14 -3 -15 0 0 0 0 0 0 0 0 0 0 0 0 0 0 0 0 0 0 0 0 0 0 -12 -19 -11 -19 -10 -19 -9 -20 -9 -20 -8 -20 -8 -20 -7 -20 -7 -20 -7 -21 -7 -20 -7 -21 -7 -22 -7 -23 -7 -24 -8 -23 -8 -23 -9 -24 -9 -25 -10 -25 -12 -25 -13 -27 -13 -27 -15 -28 -16 -29 -18 -30 ]
CSI_DATA,STA,E4:D1:24:F0:BE:00,-64,10,0,0,0,0,0,0,0,0,0,-97,0,5,0,45448637,0,399,0,0,45.841,128,[-113 -15 24 0 12 -31 12 -30 11 -30 11 -29 11 -29 10 -29 10 -28 10 -28 10 -27 10 -27 10 -25 10 -24 10 -24 10 -22 10 -21 11 -20 11 -19 11 -19 10 -18 10 -17 10 -15 10 -15 10 -14 11 -13 11 -11 0 0 0 0 0 0 0 0 0 0 0 0 0 0 0 0 0 0 0 0 0 0 12 -15 13 -14 13 -13 13 -13 14 -13 14 -12 14 -12 14 -12 14 -11 14 -12 14 -12 14 -11 14 -12 14 -13 15 -13 14 -13 14 -13 15 -15 14 -16 15 -17 14 -18 14 -19 13 -21 14 -23 14 -24 14 -27 ]
CSI_DATA,STA,E4:D1:24:F0:BE:00,-65,10,0,0,0,0,0,0,0,0,0,-97,0,5,0,45551039,0,399,0,0,45.9433,128,[-113 -15 24 0 15 26 16 27 17 26 17 26 17 27 15 25 16 25 15 26 14 25 14 24 12 24 11 23 10 23 10 21 9 21 7 21 7 20 7 19 6 18 5 17 5 17 4 16 4 15 3 15 2 16 0 0 0 0 0 0 0 0 0 0 0 0 0 0 0 0 0 0 0 0 0 0 3 18 2 17 2 17 1 17 0 17 0 16 0 17 -1 16 -1 16 -1 16 -1 16 0 16 0 16 0 17 1 17 1 17 1 17 1 17 3 18 4 19 6 19 7 20 9 20 11 21 12 23 14 25 ]
CSI_DATA,STA,E4:D1:24:F0:BE:00,-64,10,0,0,0,0,0,0,0,0,0,-97,0,5,0,45653441,0,399,0,0,46.0458,128,[-113 -15 24 0 19 -24 20 -25 19 -25 19 -25 18 -25 18 -24 18 -24 17 -24 18 -23 18 -23 16 -22 17 -21 17 -20 16 -18 16 -17 16 -17 15 -16 16 -15 15 -15 14 -14 14 -13 14 -12 13 -11 14 -11 14 -8 0 0 0 0 0 0 0 0 0 0 0 0 0 0 0 0 0 0 0 0 0 0 14 -9 15 -8 15 -7 15 -7 15 -7 15 -7 15 -6 15 -6 15 -6 15 -6 15 -6 15 -6 16 -6 16 -6 17 -7 16 -7 17 -8 17 -8 16 -10 17 -10 17 -12 17 -13 17 -14 18 -16 19 -18 20 -21 ]
CSI_DATA,STA,E4:D1:24:F0:BE:00,-65,10,0,0,0,0,0,0,0,0,0,-97,0,5,0,45755842,0,399,0,0,46.1481,128,[-113 -15 24 0 -35 -1 -35 0 -34 -2 -35 -3 -33 -2 -33 -2 -32 -2 -31 -4 -30 -3 -30 -4 -28 -4 -26 -4 -26 -5 -25 -4 -23 -5 -23 -6 -22 -5 -22 -5 -21 -6 -20 -7 -19 -7 -18 -7 -17 -8 -16 -8 -16 -8 0 0 0 0 0 0 0 0 0 0 0 0 0 0 0 0 0 0 0 0 0 0 -18 -9 -18 -10 -17 -10 -17 -11 -17 -11 -17 -11 -16 -11 -16 -11 -17 -10 -16 -11 -17 -11 -17 -10 -18 -11 -18 -11 -18 -10 -19 -9 -19 -9 -20 -9 -21 -8 -22 -7 -23 -6 -25 -6 -27 -5 -28 -5 -30 -3 -32 -3 ]
CSI_DATA,STA,E4:D1:24:F0:BE:00,-63,10,0,0,0,0,0,0,0,0,0,-97,0,5,0,45858244,0,399,0,0,46.2506,128,[-113 -15 24 0 27 -17 26 -18 26 -17 26 -16 25 -16 24 -15 24 -15 23 -15 23 -14 22 -14 21 -13 20 -12 19 -12 19 -10 19 -9 18 -8 19 -8 18 -7 18 -6 17 -6 15 -5 15 -5 15 -4 14 -5 10 -4 0 0 0 0 0 0 0 0 0 0 0 0 0 0 0 0 0 0 0 0 0 0 16 -10 17 -9 17 -8 18 -7 18 -6 18 -6 19 -6 19 -5 19 -5 17 -5 19 -5 18 -5 19 -5 19 -5 20 -6 20 -7 21 -7 21 -8 23 -9 23 -8 22 -10 24 -9 25 -11 26 -13 27 -15 28 -16 ]
CSI_DATA,STA,E4:D1:24:F0:BE:00,-62,10,0,0,0,0,0,0,0,0,0,-97,0,5,0,45960645,0,399,0,0,46.3529,128,[-113 -15 24 0 -35 -17 -35 -16 -33 -16 -32 -15 -31 -14 -31 -15 -29 -15 -28 -15 -28 -15 -27 -15 -26 -15 -24 -15 -23 -15 -22 -14 -20 -13 -19 -15 -18 -14 -17 -14 -16 -14 -15 -14 -14 -14 -14 -13 -13 -13 -11 -13 -11 -14 0 0 0 0 0 0 0 0 0 0 0 0 0 0 0 0 0 0 0 0 0 0 -16 -13 -14 -13 -14 -14 -13 -14 -14 -15 -13 -14 -14 -14 -13 -15 -13 -15 -13 -16 -14 -15 -14 -15 -14 -16 -15 -17 -16 -16 -17 -17 -17 -16 -18 -17 -19 -17 -21 -17 -22 -16 -24 -17 -26 -17 -27 -17 -29 -18 -31 -18 ]
CSI_DATA,STA,E4:D1:24:F0:BE:00,-64,10,0,0,0,0,0,0,0,0,0,-97,0,5,0,46063047,0,399,0,0,46.4554,128,[-113 -15 24 0 3 -35 3 -34 3 -34 3 -33 2 -32 2 -32 3 -30 3 -29 3 -29 4 -28 4 -27 4 -26 4 -25 5 -23 5 -21 6 -21 6 -20 6 -20 6 -19 6 -18 6 -17 6 -16 7 -15 7 -14 7 -15 0 0 0 0 0 0 0 0 0 0 0 0 0 0 0 0 0 0 0 0 0 0 5 -20 5 -19 6 -19 6 -19 7 -19 7 -19 7 -18 7 -19 8 -19 8 -19 7 -18 8 -19 8 -20 8 -20 8 -21 7 -21 7 -21 8 -22 7 -23 7 -24 6 -26 6 -27 5 -28 5 -30 4 -32 4 -34 ]
CSI_DATA,STA,E4:D1:24:F0:BE:00,-63,10,0,0,0,0,0,0,0,0,0,-97,0,5,0,46165449,0,399,0,0,46.5577,128,[-113 -15 24 0 16 32 16 32 16 32 16 32 16 31 15 31 14 30 13 30 12 29 12 28 10 28 10 27 9 26 7 24 7 23 7 23 5 22 5 21 4 21 4 20 3 19 3 18 2 18 1 17 0 16 0 0 0 0 0 0 0 0 0 0 0 0 0 0 0 0 0 0 0 0 0 0 1 18 0 19 0 17 0 18 0 18 -1 18 -1 17 -1 17 -1 18 -1 18 -1 17 0 18 0 19 1 20 1 20 2 21 2 21 2 21 4 22 4 23 6 23 7 26 9 26 10 28 12 30 14 32 ]
CSI_DATA,STA,E4:D1:24:F0:BE:00,-64,10,0,0,0,0,0,0,0,0,0,-97,0,5,0,46267851,0,399,0,0,46.6602,128,[-113 -15 24 0 -24 -26 -24 -26 -24 -25 -24 -25 -24 -25 -22 -25 -21 -24 -21 -23 -20 -23 -19 -23 -18 -22 -16 -22 -15 -21 -14 -20 -13 -19 -12 -19 -12 -19 -9 -18 -10 -18 -9 -17 -8 -17 -7 -16 -7 -15 -6 -15 -4 -15 0 0 0 0 0 0 0 0 0 0 0 0 0 0 0 0 0 0 0 0 0 0 -12 -17 -11 -18 -10 -18 -10 -18 -10 -20 -9 -18 -9 -19 -9 -18 -9 -18 -9 -19 -8 -19 -9 -19 -9 -20 -9 -21 -9 -21 -10 -22 -11 -21 -12 -21 -12 -22 -13 -23 -14 -23 -16 -23 -16 -24 -19 -25 -20 -26 -23 -26 ]
CSI_DATA,STA,E4:D1:24:F0:BE:00,-64,10,0,0,0,0,0,0,0,0,0,-97,0,5,0,46370253,0,399,0,0,46.7625,128,[-113 -15 24 0 -18 31 -17 30 -17 29 -16 29 -15 29 -16 28 -15 27 -15 27 -15 25 -15 25 -15 24 -15 23 -15 22 -15 21 -14 20 -14 19 -14 17 -14 18 -14 16 -14 15 -13 14 -13 14 -13 12 -14 11 -14 10 0 0 0 0 0 0 0 0 0 0 0 0 0 0 0 0 0 0 0 0 0 0 -13 13 -13 12 -14 12 -14 11 -14 11 -14 11 -15 11 -14 11 -15 11 -15 11 -15 11 -16 12 -15 13 -15 13 -16 13 -16 14 -16 14 -18 15 -17 16 -17 16 -17 18 -17 20 -18 21 -18 23 -18 25 -18 27 ]
CSI_DATA,STA,E4:D1:24:F0:BE:00,-64,10,0,0,0,0,0,0,0,0,0,-97,0,5,0,46472655,0,399,0,0,46.8648,128,[-113 -15 24 0 23 -24 23 -25 23 -24 22 -24 22 -24 22 -24 22 -23 21 -21 22 -21 21 -19 20 -18 20 -17 19 -16 19 -15 18 -14 17 -12 17 -13 17 -12 16 -11 16 -10 15 -9 14 -8 14 -7 14 -7 14 -6 0 0 0 0 0 0 0 0 0 0 0 0 0 0 0 0 0 0 0 0 0 0 17 -11 18 -9 18 -8 17 -8 17 -7 18 -7 17 -7 18 -7 18 -7 17 -7 17 -7 18 -7 18 -7 18 -8 19 -8 18 -8 19 -9 20 -10 19 -11 20 -12 20 -13 21 -14 21 -16 22 -17 23 -19 24 -22 ]
CSI_DATA,STA,E4:D1:24:F0:BE:00,-64,10,0,0,0,0,0,0,0,0,0,-97,0,5,0,46575057,0,399,0,0,46.9672,128,[-113 -15 24 0 -33 -14 -32 -13 -32 -13 -32 -13 -31 -13 -32 -13 -31 -13 -31 -12 -31 -12 -30 -12 -29 -13 -28 -12 -26 -13 -26 -12 -24 -12 -23 -13 -22 -13 -22 -13 -20 -14 -19 -13 -18 -12 -17 -13 -17 -13 -15 -13 -13 -13 0 0 0 0 0 0 0 0 0 0 0 0 0 0 0 0 0 0 0 0 0 0 -17 -15 -16 -17 -15 -17 -14 -17 -13 -18 -13 -17 -13 -18 -13 -18 -13 -17 -12 -18 -12 -17 -12 -17 -12 -17 -13 -18 -13 -18 -14 -17 -15 -18 -15 -17 -16 -17 -17 -17 -19 -17 -20 -17 -22 -16 -23 -16 -26 -16 -28 -16 ]
CSI_DATA,STA,E4:D1:24:F0:BE:00,-62,10,0,0,0,0,0,0,0,0,0,-97,0,5,0,46677458,0,399,0,0,47.0698,128,[-113 -15 24 0 -11 34 -10 33 -9 32 -9 32 -9 31 -9 31 -9 30 -9 29 -9 28 -9 27 -9 26 -9 25 -9 23 -10 23 -10 21 -10 20 -11 20 -11 19 -11 17 -10 17 -11 16 -10 15 -10 14 -11 13 -12 12 0 0 0 0 0 0 0 0 0 0 0 0 0 0 0 0 0 0 0 0 0 0 -9 16 -9 15 -10 15 -10 14 -11 14 -11 14 -11 14 -12 14 -12 15 -12 15 -12 15 -12 16 -12 16 -14 16 -14 16 -14 17 -14 18 -14 19 -13 20 -14 21 -13 22 -13 24 -12 25 -12 27 -12 29 -12 31 ]
CSI_DATA,STA,E4:D1:24:F0:BE:00,-63,10,0,0,0,0,0,0,0,0,0,-97,0,5,0,46779860,0,399,0,0,47.1722,128,[-113 -15 24 0 11 -36 11 -36 10 -34 10 -34 10 -33 11 -32 10 -31 10 -30 11 -29 11 -29 9 -27 10 -26 10 -25 11 -22 10 -21 10 -20 11 -20 10 -19 10 -18 10 -16 10 -16 9 -14 10 -14 10 -13 9 -11 0 0 0 0 0 0 0 0 0 0 0 0 0 0 0 0 0 0 0 0 0 0 11 -18 12 -18 13 -17 13 -16 13 -16 14 -16 14 -16 14 -16 13 -16 14 -16 13 -16 13 -17 13 -17 14 -18 14 -19 14 -19 14 -20 14 -21 14 -22 14 -23 14 -25 13 -26 12 -28 12 -29 13 -32 13 -34 ]
CSI_DATA,STA,E4:D1:24:F0:BE:00,-62,10,0,0,0,0,0,0,0,0,0,-97,0,5,0,46882262,0,399,0,0,47.2746,128,[-113 -15 24 0 7 -33 6 -32 5 -33 6 -32 6 -32 5 -31 5 -30 5 -30 6 -29 6 -28 6 -27 6 -26 7 -25 7 -24 7 -23 8 -22 8 -21 9 -20 9 -19 8 -18 8 -16 8 -16 8 -15 9 -13 8 -12 0 0 0 0 0 0 0 0 0 0 0 0 0 0 0 0 0 0 0 0 0 0 7 -15 8 -15 9 -14 9 -14 9 -14 9 -14 9 -13 9 -13 9 -13 9 -14 9 -13 10 -14 10 -15 10 -15 9 -16 10 -17 10 -18 10 -18 10 -20 9 -21 9 -22 9 -24 9 -24 8 -27 8 -28 8 -31 ]
CSI_DATA,STA,E4:D1:24:F0:BE:00,-63,10,0,0,0,0,0,0,0,0,0,-97,0,5,0,46984664,0,399,0,0,47.377,128,[-113 -15 24 0 18 31 19 30 19 30 18 30 17 30 17 28 16 28 15 28 14 27 12 27 11 26 10 25 9 24 8 24 7 22 6 22 5 21 5 19 4 18 3 18 3 16 2 16 1 15 1 15 0 14 0 0 0 0 0 0 0 0 0 0 0 0 0 0 0 0 0 0 0 0 0 0 3 17 3 16 2 17 2 17 1 17 2 16 2 16 2 16 3 17 2 17 2 17 2 18 3 19 3 19 4 20 5 20 4 20 5 21 6 21 8 22 8 23 10 25 11 25 12 27 14 29 17 30 ]
CSI_DATA,STA,E4:D1:24:F0:BE:00,-62,10,0,0,0,0,0,0,0,0,0,-97,0,5,0,47087066,0,399,0,0,47.4794,128,[-113 -15 24 0 -16 26 -15 26 -16 25 -14 25 -14 26 -14 25 -14 24 -14 24 -14 23 -14 23 -14 22 -15 20 -14 19 -14 19 -13 17 -14 17 -14 16 -14 15 -14 14 -14 12 -13 12 -13 11 -13 10 -13 9 -14 6 0 0 0 0 0 0 0 0 0 0 0 0 0 0 0 0 0 0 0 0 0 0 -12 7 -13 6 -13 6 -13 5 -13 6 -12 6 -13 6 -13 6 -13 6 -13 6 -13 6 -13 7 -13 7 -14 8 -14 8 -15 9 -14 10 -15 10 -15 12 -15 13 -15 14 -15 16 -16 17 -15 18 -16 20 -16 22 ]
CSI_DATA,STA,E4:D1:24:F0:BE:00,-63,10,0,0,0,0,0,0,0,0,0,-97,0,5,0,47189468,0,399,0,0,47.5816,128,[-113 -15 24 0 15 -30 15 -31 14 -30 14 -29 14 -28 14 -28 15 -27 14 -26 14 -25 14 -24 14 -23 13 -21 13 -20 14 -19 13 -17 12 -17 12 -15 12 -15 11 -14 11 -13 11 -12 10 -11 10 -10 10 -10 10 -10 0 0 0 0 0 0 0 0 0 0 0 0 0 0 0 0 0 0 0 0 0 0 12 -14 13 -13 13 -13 13 -13 14 -12 14 -12 14 -12 14 -12 14 -12 14 -12 14 -12 14 -13 15 -13 15 -13 15 -14 15 -14 16 -15 16 -16 16 -17 16 -18 16 -19 16 -21 15 -22 15 -24 16 -26 16 -28 ]
CSI_DATA,STA,E4:D1:24:F0:BE:00,-62,10,0,0,0,0,0,0,0,0,0,-97,0,5,0,47291869,0,399,0,0,47.6841,128,[-113 -15 24 0 -34 -19 -32 -18 -32 -17 -31 -18 -31 -17 -30 -17 -29 -16 -28 -16 -27 -16 -26 -16 -25 -16 -23 -15 -23 -15 -21 -15 -19 -14 -18 -15 -17 -14 -17 -13 -16 -13 -15 -13 -14 -13 -13 -12 -12 -11 -11 -11 -9 -12 0 0 0 0 0 0 0 0 0 0 0 0 0 0 0 0 0 0 0 0 0 0 -14 -13 -13 -13 -13 -14 -11 -14 -12 -14 -11 -15 -12 -14 -11 -14 -12 -15 -12 -15 -12 -14 -12 -15 -13 -16 -13 -16 -14 -17 -16 -17 -17 -17 -17 -17 -18 -17 -19 -17 -21 -17 -23 -18 -24 -19 -25 -19 -27 -19 -29 -19 ]
CSI_DATA,STA,E4:D1:24:F0:BE:00,-63,10,0,0,0,0,0,0,0,0,0,-97,0,5,0,47394271,0,399,0,0,47.7866,128,[-113 -15 24 0 27 -30 26 -29 26 -28 26 -27 26 -27 26 -25 25 -24 24 -23 24 -22 24 -22 23 -19 22 -18 20 -16 20 -15 19 -14 18 -13 18 -12 17 -12 16 -11 15 -10 15 -10 14 -9 13 -9 13 -8 14 -7 0 0 0 0 0 0 0 0 0 0 0 0 0 0 0 0 0 0 0 0 0 0 15 -7 16 -6 15 -6 16 -6 16 -6 16 -6 16 -6 16 -6 16 -7 16 -7 17 -7 17 -7 17 -8 18 -9 18 -10 19 -10 19 -12 19 -13 19 -15 20 -15 21 -17 22 -19 23 -21 23 -23 25 -24 27 -27 ]
CSI_DATA,STA,E4:D1:24:F0:BE:00,-64,10,0,0,0,0,0,0,0,0,0,-97,0,5,0,47496673,0,399,0,0,47.889,128,[-113 -15 24 0 1 32 1 32 0 31 0 30 0 30 -1 29 -1 28 -2 27 -1 26 -1 25 -2 24 -3 23 -3 22 -4 21 -4 20 -4 19 -4 18 -4 18 -4 16 -4 15 -4 15 -4 14 -4 14 -5 13 -4 13 0 0 0 0 0 0 0 0 0 0 0 0 0 0 0 0 0 0 0 0 0 0 -6 12 -6 11 -6 11 -6 11 -5 12 -6 12 -5 12 -5 12 -5 12 -5 12 -5 13 -5 13 -5 15 -5 16 -5 16 -4 16 -4 18 -4 19 -3 20 -3 21 -2 22 -2 24 -2 25 -1 26 -1 28 0 30 ]
CSI_DATA,STA,E4:D1:24:F0:BE:00,-63,10,0,0,0,0,0,0,0,0,0,-97,0,5,0,47599075,0,399,0,0,47.9914,128,[-113 -15 24 0 -38 8 -37 8 -36 7 -36 7 -35 7 -35 6 -33 6 -33 6 -32 4 -31 3 -29 3 -29 1 -27 2 -26 1 -24 1 -24 1 -23 0 -22 0 -22 0 -20 0 -19 -1 -19 -2 -18 -2 -17 -3 -17 -3 0 0 0 0 0 0 0 0 0 0 0 0 0 0 0 0 0 0 0 0 0 0 -17 -1 -17 -2 -16 -2 -16 -2 -16 -2 -17 -2 -17 -2 -17 -2 -18 -1 -18 -2 -18 -2 -19 -2 -19 -2 -19 -1 -21 -1 -22 -1 -22 -1 -24 0 -25 1 -26 2 -27 3 -29 3 -30 4 -32 5 -34 6 -36 7 ]
CSI_DATA,STA,E4:D1:24:F0:BE:00,-64,10,0,0,0,0,0,0,0,0,0,-97,0,5,0,47701477,0,399,0,0,48.0938,128,[-113 -15 24 0 -35 4 -34 4 -34 5 -32 5 -33 6 -32 5 -30 5 -30 4 -29 4 -29 4 -27 3 -27 2 -25 2 -24 0 -23 0 -22 1 -22 -1 -21 0 -20 -1 -19 -1 -18 -1 -17 -1 -17 -2 -16 -2 -16 -2 0 0 0 0 0 0 0 0 0 0 0 0 0 0 0 0 0 0 0 0 0 0 -18 -2 -17 -3 -17 -4 -17 -3 -17 -4 -17 -4 -17 -4 -18 -4 -18 -4 -18 -3 -17 -3 -19 -4 -19 -4 -20 -4 -20 -4 -22 -4 -22 -3 -22 -3 -24 -3 -24 -2 -24 -1 -26 -1 -28 1 -29 1 -31 2 -33 4 ]
CSI_DATA,STA,E4:D1:24:F0:BE:00,-65,10,0,0,0,0,0,0,0,0,0,-97,0,5,0,47803876,0,399,0,0,48.1962,128,[-113 -15 24 0 -10 30 -9 30 -9 30 -9 29 -10 29 -10 28 -10 27 -11 27 -11 26 -10 25 -11 24 -11 23 -11 22 -10 21 -10 19 -10 19 -10 18 -10 17 -10 16 -9 16 -10 14 -10 15 -9 13 -9 13 -11 13 0 0 0 0 0 0 0 0 0 0 0 0 0 0 0 0 0 0 0 0 0 0 -10 10 -10 10 -10 9 -11 8 -10 9 -10 8 -10 9 -11 9 -10 10 -11 10 -10 9 -11 10 -11 11 -11 11 -10 11 -11 12 -10 13 -11 13 -10 15 -10 16 -10 17 -10 19 -10 19 -9 23 -10 24 -10 26 ]
CSI_DATA,STA,E4:D1:24:F0:BE:00,-63,10,0,0,0,0,0,0,0,0,0,-97,0,5,0,47906278,0,399,0,0,48.2986,128,[-113 -15 24 0 8 -37 7 -37 8 -35 8 -35 8 -34 8 -34 8 -33 8 -31 8 -31 7 -30 7 -29 8 -28 8 -27 8 -24 8 -23 8 -22 9 -21 8 -21 8 -19 8 -19 8 -18 7 -18 7 -17 8 -16 8 -15 0 0 0 0 0 0 0 0 0 0 0 0 0 0 0 0 0 0 0 0 0 0 7 -12 7 -12 7 -12 7 -12 7 -13 8 -13 7 -13 7 -14 7 -14 7 -14 7 -16 7 -17 8 -17 8 -18 9 -19 8 -19 9 -21 9 -21 9 -24 9 -24 8 -26 9 -28 8 -28 7 -31 9 -34 9 -35 ]
CSI_DATA,STA,E4:D1:24:F0:BE:00,-64,10,0,0,0,0,0,0,0,0,0,-97,0,5,0,48008679,0,399,0,0,48.4008,128,[-113 -15 24 0 -21 -30 -20 -28 -20 -29 -19 -28 -19 -28 -19 -28 -19 -27 -18 -27 -16 -26 -16 -25 -15 -25 -14 -25 -14 -23 -13 -23 -12 -21 -11 -22 -10 -21 -9 -21 -8 -20 -8 -19 -7 -19 -6 -18 -6 -18 -5 -17 -5 -17 0 0 0 0 0 0 0 0 0 0 0 0 0 0 0 0 0 0 0 0 0 0 -6 -15 -5 -15 -5 -16 -5 -15 -4 -16 -4 -15 -5 -16 -5 -16 -5 -16 -5 -16 -5 -16 -6 -17 -5 -18 -6 -19 -6 -19 -7 -20 -7 -20 -7 -21 -8 -21 -9 -22 -11 -23 -12 -23 -13 -24 -14 -25 -16 -27 -18 -29 ]
CSI_DATA,STA,E4:D1:24:F0:BE:00,-64,10,0,0,0,0,0,0,0,0,0,-97,0,5,0,48111081,0,399,0,0,48.5034,128,[-113 -15 24 0 4 -36 4 -36 5 -35 3 -33 3 -33 4 -33 3 -31 4 -30 4 -29 4 -29 4 -27 4 -26 4 -25 5 -23 5 -22 5 -21 6 -20 6 -19 6 -18 6 -17 5 -17 5 -15 6 -15 6 -13 6 -14 0 0 0 0 0 0 0 0 0 0 0 0 0 0 0 0 0 0 0 0 0 0 5 -18 5 -18 6 -17 7 -17 7 -17 6 -17 6 -17 6 -18 7 -18 6 -18 6 -18 6 -19 7 -19 8 -21 7 -21 7 -22 7 -22 7 -23 7 -25 7 -26 6 -27 7 -28 6 -30 6 -32 5 -34 6 -36 ]
CSI_DATA,STA,E4:D1:24:F0:BE:00,-64,10,0,0,0,0,0,0,0,0,0,-97,0,5,0,48213483,0,399,0,0,48.6058,128,[-113 -15 24 0 -3 -35 -3 -33 -3 -35 -4 -33 -3 -33 -2 -32 -3 -31 -2 -30 -2 -29 -2 -29 -2 -28 -1 -27 -1 -26 0 -25 0 -23 1 -23 2 -22 2 -21 3 -20 3 -19 3 -18 3 -18 3 -16 4 -15 5 -15 0 0 0 0 0 0 0 0 0 0 0 0 0 0 0 0 0 0 0 0 0 0 2 -17 3 -16 3 -17 4 -16 4 -17 4 -16 4 -17 4 -17 3 -16 4 -17 3 -17 4 -18 4 -19 3 -20 4 -19 3 -21 3 -21 3 -22 2 -24 2 -24 1 -25 0 -27 0 -29 -1 -30 -2 -31 -2 -34 ]
CSI_DATA,STA,E4:D1:24:F0:BE:00,-66,10,0,0,0,0,0,0,0,0,0,-97,0,5,0,48315885,0,399,0,0,48.7082,128,[-113 -15 24 0 2 -36 2 -36 3 -35 3 -34 3 -34 3 -34 4 -32 4 -32 5 -31 4 -30 5 -29 6 -27 6 -26 6 -24 7 -23 6 -22 7 -21 7 -20 7 -18 6 -18 6 -16 5 -16 5 -15 6 -14 6 -14 0 0 0 0 0 0 0 0 0 0 0 0 0 0 0 0 0 0 0 0 0 0 10 -16 11 -14 10 -15 10 -14 10 -14 10 -14 10 -15 10 -15 9 -15 9 -15 9 -15 10 -16 8 -17 9 -17 8 -18 8 -19 8 -19 8 -20 7 -21 7 -23 6 -24 5 -26 5 -28 5 -29 3 -32 4 -34 ]
CSI_DATA,STA,E4:D1:24:F0:BE:00,-67,10,0,0,0,0,0,0,0,0,0,-97,0,5,0,48418287,0,399,0,0,48.8106,128,[-113 -15 24 0 10 30 10 30 11 30 12 28 10 29 9 30 9 29 8 29 8 27 7 28 6 28 5 26 4 25 3 23 2 22 3 21 1 20 1 19 0 18 0 17 0 16 1 15 0 14 0 13 0 11 0 0 0 0 0 0 0 0 0 0 0 0 0 0 0 0 0 0 0 0 0 0 -1 22 -2 20 -3 21 -4 21 -4 20 -4 20 -4 20 -5 20 -3 21 -4 19 -4 19 -3 20 -3 20 -3 20 -3 19 -2 20 -1 20 -1 21 1 20 1 21 2 22 3 24 4 24 7 27 8 28 9 28 ]
CSI_DATA,STA,E4:D1:24:F0:BE:00,-65,10,0,0,0,0,0,0,0,0,0,-97,0,5,0,48520689,0,399,0,0,48.9131,128,[-113 -15 24 0 -36 15 -35 14 -35 13 -33 12 -32 12 -32 12 -30 10 -31 10 -30 9 -29 8 -28 7 -27 7 -25 6 -25 6 -24 4 -22 3 -21 3 -21 3 -20 2 -18 2 -18 1 -17 1 -16 0 -16 0 -14 -1 0 0 0 0 0 0 0 0 0 0 0 0 0 0 0 0 0 0 0 0 0 0 -17 -2 -16 -3 -16 -3 -17 -3 -17 -3 -17 -3 -17 -2 -16 -2 -17 -2 -18 -1 -18 0 -18 -1 -19 0 -19 0 -20 1 -22 2 -21 3 -23 4 -23 4 -24 6 -25 7 -27 8 -29 10 -30 11 -32 12 -34 13 ]
CSI_DATA,STA,E4:D1:24:F0:BE:00,-64,10,0,0,0,0,0,0,0,0,0,-97,0,5,0,48623090,0,399,0,0,49.0154,128,[-113 -15 24 0 -6 37 -7 35 -8 35 -7 33 -7 33 -7 32 -7 30 -8 29 -8 28 -9 27 -9 26 -10 24 -9 22 -9 21 -9 19 -9 20 -9 18 -10 17 -9 16 -8 15 -8 14 -8 13 -9 12 -9 11 -8 12 0 0 0 0 0 0 0 0 0 0 0 0 0 0 0 0 0 0 0 0 0 0 -8 18 -9 16 -10 17 -10 16 -10 16 -11 17 -11 17 -11 17 -10 17 -11 17 -10 17 -10 18 -10 19 -11 19 -10 19 -10 21 -10 22 -10 22 -9 24 -9 25 -8 26 -8 28 -8 30 -8 32 -8 34 -8 35 ]
CSI_DATA,STA,E4:D1:24:F0:BE:00,-64,10,0,0,0,0,0,0,0,0,0,-97,0,5,0,48725492,0,399,0,0,49.1177,128,[-113 -15 24 0 -4 -36 -4 -35 -4 -33 -4 -33 -3 -33 -2 -32 -2 -30 -2 -30 -1 -29 0 -28 -1 -27 0 -25 1 -24 0 -23 2 -21 3 -21 2 -19 2 -19 3 -18 3 -17 3 -17 3 -16 3 -15 4 -15 4 -14 0 0 0 0 0 0 0 0 0 0 0 0 0 0 0 0 0 0 0 0 0 0 2 -17 3 -17 4 -18 4 -17 4 -17 5 -17 5 -17 5 -18 5 -18 5 -18 4 -18 4 -19 5 -20 4 -21 4 -20 4 -22 3 -22 3 -23 2 -24 1 -25 0 -25 0 -28 0 -29 -2 -31 -2 -33 -3 -35 ]
CSI_DATA,STA,E4:D1:24:F0:BE:00,-64,10,0,0,0,0,0,0,0,0,0,-97,0,5,0,48827894,0,399,0,0,49.2203,128,[-113 -15 24 0 -19 29 -18 28 -17 28 -17 26 -17 27 -16 26 -16 25 -16 23 -17 20 -17 20 -17 18 -16 18 -15 17 -14 16 -13 15 -14 13 -13 12 -14 12 -12 10 -12 11 -12 9 -11 9 -11 8 -9 6 -10 15 0 0 0 0 0 0 0 0 0 0 0 0 0 0 0 0 0 0 0 0 0 0 -10 11 -10 11 -13 11 -12 11 -12 12 -13 12 -12 12 -13 13 -13 13 -14 13 -15 13 -15 14 -16 13 -15 14 -16 15 -15 16 -16 15 -16 17 -16 17 -16 19 -16 20 -16 23 -17 22 -19 23 -18 26 -18 28 ]
CSI_DATA,STA,E4:D1:24:F0:BE:00,-63,10,0,0,0,0,0,0,0,0,0,-97,0,5,0,48930296,0,399,0,0,49.3226,128,[-113 -15 24 0 7 -32 7 -31 8 -30 7 -30 7 -29 7 -29 8 -27 7 -26 7 -26 7 -24 8 -23 7 -23 7 -21 8 -19 8 -19 8 -18 8 -17 7 -17 8 -16 7 -15 7 -14 7 -12 8 -12 10 -10 5 -12 0 0 0 0 0 0 0 0 0 0 0 0 0 0 0 0 0 0 0 0 0 0 4 -16 6 -15 5 -15 6 -16 7 -16 7 -16 8 -16 8 -16 8 -16 9 -16 8 -16 9 -17 10 -17 10 -18 10 -18 10 -19 9 -19 10 -20 10 -22 11 -22 10 -24 10 -24 10 -25 10 -27 10 -29 10 -31 ]
CSI_DATA,STA,E4:D1:24:F0:BE:00,-64,10,0,0,0,0,0,0,0,0,0,-97,0,5,0,49032698,0,399,0,0,49.425,128,[-113 -15 24 0 -38 1 -37 2 -35 1 -34 1 -33 1 -33 0 -31 -1 -30 0 -30 -1 -28 -1 -26 -2 -25 -2 -24 -2 -22 -3 -21 -3 -20 -3 -18 -4 -18 -4 -17 -3 -16 -3 -15 -4 -15 -3 -13 -3 -14 -3 -13 -3 0 0 0 0 0 0 0 0 0 0 0 0 0 0 0 0 0 0 0 0 0 0 -18 -2 -18 -3 -18 -3 -18 -3 -18 -4 -18 -4 -18 -3 -19 -3 -19 -3 -20 -4 -20 -3 -21 -3 -21 -4 -22 -3 -23 -3 -24 -2 -25 -3 -26 -2 -27 -1 -28 -2 -29 -1 -31 0 -32 0 -33 0 -36 0 -37 1 ]
CSI_DATA,STA,E4:D1:24:F0:BE:00,-65,10,0,0,0,0,0,0,0,0,0,-97,0,5,0,49135100,0,399,0,0,49.5274,128,[-113 -15 24 0 16 34 15 33 14 32 15 32 13 31 13 31 12 30 11 29 10 29 9 27 9 27 7 26 6 25 5 24 4 22 3 22 3 21 2 20 1 20 1 18 1 18 0 17 0 15 -1 15 -2 14 0 0 0 0 0 0 0 0 0 0 0 0 0 0 0 0 0 0 0 0 0 0 0 17 0 17 -1 16 -1 16 0 16 0 16 -1 16 0 17 0 16 0 17 0 16 1 18 1 18 2 18 2 19 4 20 3 21 5 22 6 22 7 23 8 24 9 26 10 26 11 29 13 30 14 32 ]
CSI_DATA,STA,E4:D1:24:F0:BE:00,-63,10,0,0,0,0,0,0,0,0,0,-97,0,5,0,49237502,0,399,0,0,49.6298,128,[-113 -15 24 0 -6 -35 -6 -34 -7 -33 -7 -33 -6 -32 -5 -31 -5 -30 -5 -30 -3 -29 -3 -28 -3 -27 -2 -26 -1 -25 -1 -24 -1 -22 0 -22 1 -21 1 -20 2 -20 2 -18 2 -18 2 -17 3 -16 3 -15 5 -16 0 0 0 0 0 0 0 0 0 0 0 0 0 0 0 0 0 0 0 0 0 0 -1 -19 0 -18 1 -19 2 -19 1 -18 2 -18 2 -18 2 -18 2 -19 2 -19 2 -19 2 -20 3 -21 2 -21 2 -22 1 -22 1 -23 2 -23 0 -24 0 -25 -1 -26 -2 -28 -2 -28 -3 -31 -3 -32 -5 -34 ]
CSI_DATA,STA,E4:D1:24:F0:BE:00,-63,10,0,0,0,0,0,0,0,0,0,-97,0,5,0,49339903,0,399,0,0,49.7323,128,[-113 -15 24 0 -28 -16 -27 -16 -26 -15 -26 -15 -25 -15 -25 -14 -23 -14 -23 -14 -23 -13 -22 -14 -20 -13 -20 -13 -19 -12 -18 -12 -16 -12 -16 -12 -15 -12 -15 -13 -13 -12 -13 -11 -12 -11 -11 -11 -11 -11 -10 -11 -8 -12 0 0 0 0 0 0 0 0 0 0 0 0 0 0 0 0 0 0 0 0 0 0 -12 -13 -10 -13 -10 -14 -10 -14 -10 -14 -9 -14 -10 -13 -10 -14 -10 -14 -10 -14 -10 -14 -11 -14 -11 -15 -11 -15 -12 -15 -13 -15 -13 -15 -14 -16 -15 -15 -16 -15 -18 -15 -19 -16 -20 -16 -22 -16 -24 -16 -26 -16 ]
CSI_DATA,STA,E4:D1:24:F0:BE:00,-62,10,0,0,0,0,0,0,0,0,0,-97,0,5,0,49442305,0,399,0,0,49.8345,128,[-113 -15 24 0 32 14 31 13 31 13 30 13 30 12 29 12 28 12 27 11 27 11 26 11 24 11 23 11 22 11 22 11 20 11 19 11 18 11 18 12 17 11 16 11 15 11 14 11 13 12 12 11 12 12 0 0 0 0 0 0 0 0 0 0 0 0 0 0 0 0 0 0 0 0 0 0 14 9 13 10 13 11 12 11 13 12 13 11 13 12 13 12 13 12 13 13 13 12 14 13 14 13 14 14 15 14 16 15 17 15 19 15 18 15 19 15 21 15 23 15 24 15 26 15 29 15 30 15 ]
CSI_DATA,STA,E4:D1:24:F0:BE:00,-63,10,0,0,0,0,0,0,0,0,0,-97,0,5,0,49544707,0,399,0,0,49.9369,128,[-113 -15 24 0 19 27 19 27 20 26 19 25 19 25 18 24 17 24 16 23 16 23 15 22 14 22 13 21 12 20 11 20 10 18 9 19 8 18 7 17 7 16 7 16 6 16 5 15 4 15 3 14 3 15 0 0 0 0 0 0 0 0 0 0 0 0 0 0 0 0 0 0 0 0 0 0 8 17 7 16 6 16 6 17 5 17 5 17 6 18 6 18 6 19 5 18 5 19 5 19 6 20 6 20 6 21 7 21 7 22 7 22 9 22 9 23 11 23 12 25 13 25 14 26 16 27 19 28 ]
CSI_DATA,STA,E4:D1:24:F0:BE:00,-63,10,0,0,0,0,0,0,0,0,0,-97,0,5,0,49647109,0,399,0,0,50.0394,128,[-113 -15 24 0 18 -33 17 -32 17 -31 17 -31 17 -30 17 -29 16 -28 16 -27 16 -27 16 -25 15 -24 15 -23 15 -22 14 -21 14 -19 14 -18 14 -18 14 -17 14 -16 13 -15 13 -14 12 -14 13 -13 13 -12 14 -11 0 0 0 0 0 0 0 0 0 0 0 0 0 0 0 0 0 0 0 0 0 0 11 -9 12 -8 12 -9 12 -8 12 -8 12 -9 13 -9 13 -9 13 -9 13 -9 13 -10 14 -10 14 -11 14 -12 15 -12 15 -13 15 -14 16 -15 15 -16 16 -17 15 -19 16 -21 16 -22 16 -24 17 -26 18 -29 ]
CSI_DATA,STA,E4:D1:24:F0:BE:00,-63,10,0,0,0,0,0,0,0,0,0,-97,0,5,0,49749511,0,399,0,0,50.1418,128,[-113 -15 24 0 17 33 17 32 16 31 15 30 16 30 15 29 14 28 13 27 12 27 10 26 10 26 8 24 8 23 7 22 7 20 7 21 5 19 5 19 5 18 4 17 4 17 3 16 2 16 2 14 1 15 0 0 0 0 0 0 0 0 0 0 0 0 0 0 0 0 0 0 0 0 0 0 6 17 5 17 4 17 4 17 4 18 4 18 4 18 5 19 4 19 4 20 4 19 4 20 3 22 4 22 4 23 4 23 6 23 6 24 7 25 8 25 9 26 11 27 11 29 11 29 14 31 16 33 ]
CSI_DATA,STA,E4:D1:24:F0:BE:00,-64,10,0,0,0,0,0,0,0,0,0,-97,0,5,0,49851913,0,399,0,0,50.2443,128,[-113 -15 24 0 -34 -8 -33 -7 -32 -8 -32 -8 -31 -8 -31 -8 -30 -9 -29 -8 -28 -8 -28 -9 -26 -9 -25 -10 -24 -10 -23 -10 -21 -10 -20 -10 -20 -10 -18 -10 -18 -10 -17 -10 -16 -10 -16 -10 -14 -10 -14 -11 -14 -11 0 0 0 0 0 0 0 0 0 0 0 0 0 0 0 0 0 0 0 0 0 0 -15 -8 -15 -9 -15 -9 -15 -9 -14 -10 -15 -10 -15 -10 -15 -11 -15 -11 -16 -12 -16 -11 -16 -12 -16 -11 -16 -11 -17 -12 -18 -12 -18 -12 -19 -12 -19 -11 -20 -12 -21 -10 -23 -10 -25 -10 -26 -9 -28 -9 -30 -9 ]
CSI_DATA,STA,E4:D1:24:F0:BE:00,-64,10,0,0,0,0,0,0,0,0,0,-97,0,5,0,49954314,0,399,0,0,50.3466,128,[-113 -15 24 0 26 -24 25 -23 24 -23 24 -22 24 -21 24 -21 23 -20 23 -19 23 -19 22 -18 22 -17 21 -15 20 -14 20 -14 19 -12 19 -12 18 -10 18 -10 18 -9 17 -9 16 -9 16 -7 15 -7 16 -7 15 -5 0 0 0 0 0 0 0 0 0 0 0 0 0 0 0 0 0 0 0 0 0 0 16 -7 16 -6 16 -5 16 -5 17 -4 17 -5 16 -4 17 -4 17 -4 17 -5 16 -4 17 -5 17 -6 18 -6 18 -6 18 -7 19 -8 19 -8 19 -10 19 -11 20 -12 21 -14 21 -15 22 -17 23 -19 25 -21 ]
CSI_DATA,STA,E4:D1:24:F0:BE:00,-63,10,0,0,0,0,0,0,0,0,0,-97,0,5,0,50056716,0,399,0,0,50.449,128,[-113 -15 24 0 -29 -12 -27 -11 -28 -11 -26 -11 -26 -11 -26 -11 -25 -11 -24 -11 -23 -11 -22 -11 -21 -11 -20 -11 -19 -10 -18 -11 -17 -10 -16 -11 -16 -10 -15 -10 -14 -10 -14 -9 -13 -10 -13 -9 -12 -10 -11 -9 -12 -11 0 0 0 0 0 0 0 0 0 0 0 0 0 0 0 0 0 0 0 0 0 0 -14 -9 -13 -9 -12 -10 -12 -11 -12 -11 -11 -11 -12 -11 -12 -11 -12 -12 -12 -12 -12 -11 -12 -11 -12 -12 -13 -12 -13 -12 -14 -13 -14 -13 -15 -13 -15 -12 -16 -12 -18 -12 -20 -12 -21 -12 -22 -12 -24 -12 -25 -12 ]
CSI_DATA,STA,E4:D1:24:F0:BE:00,-65,10,0,0,0,0,0,0,0,0,0,-97,0,5,0,50159118,0,399,0,0,50.5513,128,[-113 -15 24 0 27 -16 25 -15 26 -14 25 -14 24 -14 24 -13 24 -13 24 -13 23 -12 22 -11 22 -11 21 -10 20 -9 20 -8 19 -7 18 -7 18 -7 18 -6 17 -5 17 -5 16 -5 16 -4 15 -4 15 -3 15 -4 0 0 0 0 0 0 0 0 0 0 0 0 0 0 0 0 0 0 0 0 0 0 15 -3 15 -2 15 -2 15 -2 16 -2 15 -2 16 -1 17 -1 16 -2 16 -2 16 -1 17 -1 17 -2 17 -2 18 -2 18 -3 18 -3 19 -3 19 -5 20 -5 20 -6 21 -7 22 -9 23 -9 24 -11 26 -13 ]
CSI_DATA,STA,E4:D1:24:F0:BE:00,-66,10,0,0,0,0,0,0,0,0,0,-97,0,5,0,50261520,0,399,0,0,50.6538,128,[-113 -15 24 0 24 -20 24 -19 25 -19 25 -20 25 -19 25 -18 26 -18 25 -18 24 -16 24 -16 24 -15 23 -13 23 -13 22 -12 20 -10 20 -9 20 -9 19 -8 18 -7 17 -7 17 -7 15 -5 15 -5 14 -5 13 -5 0 0 0 0 0 0 0 0 0 0 0 0 0 0 0 0 0 0 0 0 0 0 19 -2 19 -1 19 0 18 1 18 1 17 1 17 1 18 1 17 1 17 1 16 1 16 1 16 1 16 0 16 -1 17 0 16 -3 17 -3 17 -4 17 -6 17 -5 18 -8 19 -10 20 -12 21 -13 24 -16 ]
CSI_DATA,STA,E4:D1:24:F0:BE:00,-64,10,0,0,0,0,0,0,0,0,0,-97,0,5,0,50363922,0,399,0,0,50.7561,128,[-113 -15 24 0 31 -10 30 -10 30 -10 30 -10 30 -9 29 -8 29 -8 29 -8 28 -7 27 -6 26 -6 26 -4 23 -4 23 -3 22 -3 21 -2 20 -2 20 -2 19 -1 18 -1 18 0 17 0 17 1 16 1 16 1 0 0 0 0 0 0 0 0 0 0 0 0 0 0 0 0 0 0 0 0 0 0 17 1 16 2 16 2 15 3 16 3 16 3 16 3 16 2 16 3 16 3 17 2 17 2 17 2 18 2 18 2 19 2 19 2 21 1 20 0 21 -1 22 -2 23 -3 25 -4 26 -5 28 -7 30 -8 ]
CSI_DATA,STA,E4:D1:24:F0:BE:00,-65,10,0,0,0,0,0,0,0,0,0,-97,0,5,0,50466324,0,399,0,0,50.8586,128,[-113 -15 24 0 20 29 20 30 20 29 19 29 19 29 18 29 17 28 15 27 14 26 13 26 12 25 10 25 9 24 9 23 8 22 7 22 6 21 6 20 4 19 4 18 3 17 3 17 3 16 2 15 3 15 0 0 0 0 0 0 0 0 0 0 0 0 0 0 0 0 0 0 0 0 0 0 4 19 3 19 3 18 2 19 2 19 3 19 3 20 2 20 3 20 3 19 2 20 3 21 3 21 4 21 3 21 5 22 5 21 5 22 6 22 8 22 9 23 12 24 13 23 15 26 17 27 19 27 ]
CSI_DATA,STA,E4:D1:24:F0:BE:00,-64,10,0,0,0,0,0,0,0,0,0,-97,0,5,0,50568726,0,399,0,0,50.9611,128,[-113 -15 24 0 21 -23 20 -23 20 -22 20 -22 19 -21 19 -21 19 -20 18 -20 19 -19 18 -17 17 -16 17 -14 17 -14 16 -13 15 -12 15 -12 15 -11 15 -10 13 -10 13 -9 13 -9 13 -8 12 -8 12 -6 13 -5 0 0 0 0 0 0 0 0 0 0 0 0 0 0 0 0 0 0 0 0 0 0 11 -4 11 -3 11 -4 11 -3 11 -4 12 -4 12 -5 12 -5 13 -5 13 -6 13 -6 13 -6 14 -7 15 -7 15 -8 15 -9 15 -8 16 -10 16 -11 17 -12 17 -14 17 -15 18 -16 18 -17 19 -19 21 -21 ]
CSI_DATA,STA,E4:D1:24:F0:BE:00,-64,10,0,0,0,0,0,0,0,0,0,-97,0,5,0,50613617,0,64,0,0,51.0053,128,[64 0 4 0 -31 -6 -30 -5 -29 -5 -29 -5 -29 -5 -28 -5 -27 -5 -27 -5 -26 -5 -25 -7 -24 -6 -23 -7 -22 -7 -22 -6 -20 -7 -19 -7 -19 -8 -18 -8 -17 -8 -16 -7 -16 -7 -15 -8 -14 -8 -14 -8 -12 -8 0 0 0 0 0 0 0 0 0 0 0 0 0 0 0 0 0 0 0 0 0 0 -12 -8 -11 -9 -11 -8 -11 -8 -11 -8 -12 -9 -12 -9 -12 -8 -13 -9 -13 -9 -13 -9 -14 -9 -15 -10 -15 -9 -16 -10 -16 -9 -17 -9 -17 -9 -19 -9 -19 -9 -21 -9 -22 -8 -23 -8 -25 -8 -27 -8 -28 -8 ]
CSI_DATA,STA,E4:D1:24:F0:BE:00,-64,10,0,0,0,0,0,0,0,0,0,-97,0,5,0,50671127,0,399,0,0,51.0633,128,[-113 -15 24 0 -37 8 -36 8 -35 8 -34 7 -33 7 -34 6 -32 6 -32 5 -31 5 -30 3 -29 3 -28 2 -27 2 -26 2 -25 1 -25 0 -23 -1 -22 -1 -21 -2 -21 -2 -19 -2 -18 -2 -18 -3 -18 -4 -16 -4 0 0 0 0 0 0 0 0 0 0 0 0 0 0 0 0 0 0 0 0 0 0 -16 -3 -16 -4 -16 -5 -16 -4 -16 -5 -16 -4 -17 -5 -17 -4 -18 -5 -18 -4 -17 -4 -19 -4 -19 -4 -20 -4 -20 -3 -21 -3 -21 -3 -23 -2 -24 -1 -25 -1 -25 1 -27 1 -28 2 -30 4 -32 5 -33 7 ]
CSI_DATA,STA,E4:D1:24:F0:BE:00,-63,10,0,0,0,0,0,0,0,0,0,-97,0,5,0,50773531,0,399,0,0,51.1659,128,[-113 -15 24 0 30 14 30 14 29 14 29 14 28 13 28 13 27 13 26 13 26 13 24 13 24 13 22 13 21 13 20 13 18 12 18 13 17 13 16 12 15 12 14 12 14 12 12 12 11 12 11 11 10 13 0 0 0 0 0 0 0 0 0 0 0 0 0 0 0 0 0 0 0 0 0 0 10 12 10 12 9 12 8 13 9 13 9 13 9 13 10 13 10 13 9 13 10 13 10 14 11 14 11 14 12 14 12 14 13 15 14 15 15 14 16 14 17 14 20 14 21 14 23 15 24 15 27 15 ]
CSI_DATA,STA,E4:D1:24:F0:BE:00,-64,10,0,0,0,0,0,0,0,0,0,-97,0,5,0,50875933,0,399,0,0,51.2682,128,[-113 -15 24 0 -31 -21 -30 -19 -30 -20 -29 -20 -28 -19 -28 -19 -27 -19 -26 -19 -25 -19 -24 -19 -24 -19 -22 -19 -20 -18 -19 -17 -19 -17 -17 -17 -16 -17 -15 -17 -15 -16 -14 -15 -13 -15 -13 -15 -12 -15 -11 -15 -11 -14 0 0 0 0 0 0 0 0 0 0 0 0 0 0 0 0 0 0 0 0 0 0 -12 -15 -10 -15 -10 -16 -10 -16 -10 -16 -11 -16 -10 -16 -10 -17 -11 -17 -11 -18 -11 -17 -11 -18 -10 -18 -10 -18 -11 -19 -13 -18 -13 -18 -14 -19 -15 -19 -15 -19 -16 -18 -19 -18 -20 -19 -22 -19 -24 -19 -26 -19 ]
CSI_DATA,STA,E4:D1:24:F0:BE:00,-64,10,0,0,0,0,0,0,0,0,0,-97,0,5,0,50978335,0,399,0,0,51.3705,128,[-113 -15 24 0 -5 32 -4 34 -3 32 -4 31 -4 32 -4 31 -4 30 -5 30 -6 29 -6 29 -6 27 -7 27 -7 26 -7 25 -8 22 -8 23 -8 22 -9 20 -9 20 -9 19 -9 18 -9 17 -9 16 -10 15 -11 14 0 0 0 0 0 0 0 0 0 0 0 0 0 0 0 0 0 0 0 0 0 0 -8 12 -8 12 -8 12 -9 12 -8 12 -9 13 -9 13 -8 13 -10 13 -10 13 -10 14 -10 14 -11 14 -11 15 -10 15 -11 16 -10 16 -11 17 -9 18 -8 18 -8 20 -7 21 -7 23 -6 25 -6 27 -5 29 ]
CSI_DATA,STA,E4:D1:24:F0:BE:00,-64,10,0,0,0,0,0,0,0,0,0,-97,0,5,0,51080737,0,399,0,0,51.4729,128,[-113 -15 24 0 -34 -3 -33 -2 -34 -2 -34 -2 -34 -2 -32 -2 -32 -2 -32 -2 -32 -3 -30 -4 -30 -5 -28 -4 -27 -5 -27 -5 -25 -5 -25 -6 -23 -6 -23 -6 -22 -6 -21 -6 -20 -7 -19 -7 -18 -7 -17 -7 -18 -8 0 0 0 0 0 0 0 0 0 0 0 0 0 0 0 0 0 0 0 0 0 0 -12 -9 -11 -9 -11 -10 -11 -9 -11 -10 -12 -10 -12 -10 -12 -10 -12 -10 -12 -10 -13 -11 -13 -11 -13 -11 -13 -11 -14 -10 -15 -11 -15 -10 -17 -9 -17 -9 -18 -9 -20 -8 -21 -7 -23 -7 -24 -6 -27 -5 -29 -4 ]
CSI_DATA,STA,E4:D1:24:F0:BE:00,-64,10,0,0,0,0,0,0,0,0,0,-97,0,5,0,51183139,0,399,0,0,51.5755,128,[-113 -15 24 0 -29 -4 -30 -4 -30 -3 -30 -3 -29 -3 -30 -3 -29 -3 -29 -3 -28 -3 -27 -4 -27 -4 -26 -4 -25 -4 -24 -4 -22 -5 -22 -5 -21 -5 -21 -6 -20 -6 -19 -6 -18 -6 -17 -7 -17 -7 -15 -7 -15 -9 0 0 0 0 0 0 0 0 0 0 0 0 0 0 0 0 0 0 0 0 0 0 -14 -8 -13 -8 -13 -8 -13 -9 -11 -9 -12 -9 -12 -9 -12 -10 -12 -10 -12 -10 -12 -10 -13 -9 -12 -10 -13 -9 -13 -10 -14 -9 -14 -10 -15 -10 -16 -9 -17 -8 -18 -8 -19 -8 -21 -7 -22 -7 -25 -7 -27 -6 ]
CSI_DATA,STA,E4:D1:24:F0:BE:00,-63,10,0,0,0,0,0,0,0,0,0,-97,0,5,0,51285541,0,399,0,0,51.6779,128,[-113 -15 24 0 -37 -10 -35 -9 -35 -9 -33 -8 -34 -8 -35 -9 -33 -8 -32 -8 -32 -8 -31 -8 -30 -9 -29 -9 -27 -9 -27 -9 -25 -8 -25 -9 -23 -8 -23 -9 -21 -8 -20 -8 -19 -9 -19 -9 -18 -9 -17 -9 -16 -10 0 0 0 0 0 0 0 0 0 0 0 0 0 0 0 0 0 0 0 0 0 0 -14 -7 -14 -8 -14 -9 -13 -8 -14 -9 -14 -10 -15 -10 -15 -10 -15 -10 -15 -10 -15 -11 -15 -11 -15 -12 -16 -12 -16 -12 -19 -13 -17 -12 -19 -12 -19 -13 -20 -13 -22 -12 -24 -13 -26 -12 -28 -12 -30 -12 -32 -11 ]
CSI_DATA,STA,E4:D1:24:F0:BE:00,-64,10,0,0,0,0,0,0,0,0,0,-97,0,5,0,51387942,0,399,0,0,51.7802,128,[-113 -15 24 0 25 14 25 13 25 12 24 12 24 12 25 13 24 12 23 11 22 11 21 11 21 11 20 11 19 10 17 10 16 10 17 10 16 10 16 10 15 10 14 10 14 9 13 10 13 9 11 10 11 10 0 0 0 0 0 0 0 0 0 0 0 0 0 0 0 0 0 0 0 0 0 0 12 6 11 7 11 7 11 8 11 9 11 9 11 10 11 10 11 10 11 10 11 10 11 11 11 11 12 12 11 13 12 13 12 13 13 13 14 13 15 13 15 13 17 13 18 13 20 13 22 14 24 14 ]
CSI_DATA,STA,E4:D1:24:F0:BE:00,-63,10,0,0,0,0,0,0,0,0,0,-97,0,5,0,51490344,0,399,0,0,51.8826,128,[-113 -15 24 0 0 34 1 34 1 33 2 33 1 33 0 32 0 31 -1 31 0 30 -1 29 -2 28 -2 28 -2 27 -3 25 -4 25 -4 24 -4 23 -5 22 -6 20 -6 20 -6 19 -7 18 -7 17 -8 16 -8 15 0 0 0 0 0 0 0 0 0 0 0 0 0 0 0 0 0 0 0 0 0 0 -2 16 -3 16 -4 17 -4 16 -4 16 -4 17 -5 17 -5 17 -6 18 -5 18 -6 18 -7 19 -7 20 -7 20 -7 20 -8 21 -7 21 -7 21 -6 23 -6 23 -5 24 -5 25 -4 27 -4 28 -2 31 -1 33 ]
CSI_DATA,STA,E4:D1:24:F0:BE:00,-64,10,0,0,0,0,0,0,0,0,0,-97,0,5,0,51592746,0,399,0,0,51.9851,128,[-113 -15 24 0 5 -32 6 -31 5 -31 4 -30 5 -31 6 -29 5 -29 6 -28 6 -27 5 -26 5 -26 6 -24 6 -23 6 -22 6 -21 6 -20 7 -19 7 -19 7 -18 7 -17 7 -16 7 -15 7 -15 7 -14 8 -13 0 0 0 0 0 0 0 0 0 0 0 0 0 0 0 0 0 0 0 0 0 0 9 -16 9 -15 9 -15 9 -15 9 -15 10 -15 10 -16 10 -15 10 -16 10 -15 10 -16 9 -17 10 -17 10 -18 10 -18 10 -19 9 -20 10 -20 10 -20 9 -21 9 -23 8 -23 8 -25 8 -27 7 -28 7 -31 ]
CSI_DATA,STA,E4:D1:24:F0:BE:00,-65,10,0,0,0,0,0,0,0,0,0,-97,0,5,0,51678762,0,64,0,0,52.0709,128,[64 0 4 0 22 -18 22 -19 21 -18 22 -18 21 -18 21 -18 20 -16 20 -17 20 -16 19 -16 19 -15 18 -14 18 -13 17 -13 17 -12 16 -11 17 -11 18 -10 17 -9 16 -8 15 -8 15 -7 14 -6 14 -5 15 -4 0 0 0 0 0 0 0 0 0 0 0 0 0 0 0 0 0 0 0 0 0 0 17 -6 17 -5 17 -5 17 -5 18 -5 17 -4 18 -4 18 -4 18 -4 17 -4 18 -4 18 -4 18 -4 18 -4 19 -5 19 -5 19 -5 20 -6 19 -7 19 -7 19 -8 20 -10 20 -10 20 -12 21 -14 22 -15 ]
CSI_DATA,STA,E4:D1:24:F0:BE:00,-64,10,0,0,0,0,0,0,0,0,0,-97,0,5,0,51695148,0,399,0,0,52.1038,128,[-113 -15 24 0 8 29 8 29 9 28 8 27 9 27 8 27 8 26 8 26 7 25 6 25 5 24 6 24 4 23 4 22 3 21 3 21 2 21 1 20 1 19 1 18 0 18 0 17 -1 17 -2 15 -2 16 0 0 0 0 0 0 0 0 0 0 0 0 0 0 0 0 0 0 0 0 0 0 3 18 2 18 1 18 1 18 0 18 0 18 0 19 0 19 0 19 -1 19 -1 20 -1 20 -1 20 -1 20 -2 21 -2 22 -1 22 -1 22 0 23 1 23 2 23 2 24 3 25 4 26 5 27 8 29 ]
CSI_DATA,STA,E4:D1:24:F0:BE:00,-63,10,0,0,0,0,0,0,0,0,0,-97,0,5,0,51797550,0,399,0,0,52.1898,128,[-113 -15 24 0 23 -17 22 -17 22 -16 22 -16 20 -15 20 -15 20 -15 19 -15 19 -13 19 -13 18 -12 18 -11 18 -10 16 -10 16 -9 16 -8 15 -8 15 -8 15 -7 14 -6 13 -6 13 -5 13 -4 13 -4 12 -2 0 0 0 0 0 0 0 0 0 0 0 0 0 0 0 0 0 0 0 0 0 0 15 -7 15 -6 15 -6 15 -6 15 -5 16 -5 16 -5 16 -5 16 -5 16 -5 17 -4 17 -5 17 -5 18 -5 18 -5 18 -5 18 -6 19 -6 19 -7 19 -8 20 -9 21 -10 20 -11 21 -12 22 -13 23 -14 ]
CSI_DATA,STA,E4:D1:24:F0:BE:00,-63,10,0,0,0,0,0,0,0,0,0,-97,0,5,0,51899952,0,399,0,0,52.2922,128,[-113 -15 24 0 -30 -13 -30 -12 -29 -11 -29 -12 -28 -11 -28 -11 -27 -11 -27 -11 -25 -11 -25 -12 -25 -10 -23 -11 -22 -11 -21 -11 -20 -11 -20 -11 -18 -11 -18 -11 -17 -11 -16 -11 -15 -12 -14 -11 -13 -12 -12 -12 -12 -12 0 0 0 0 0 0 0 0 0 0 0 0 0 0 0 0 0 0 0 0 0 0 -14 -11 -14 -12 -14 -12 -13 -13 -13 -13 -13 -12 -13 -13 -13 -13 -13 -13 -13 -14 -13 -13 -13 -14 -14 -14 -14 -15 -14 -15 -15 -14 -16 -15 -17 -14 -18 -14 -18 -13 -19 -14 -21 -14 -23 -13 -24 -13 -27 -13 -28 -13 ]
CSI_DATA,STA,E4:D1:24:F0:BE:00,-63,10,0,0,0,0,0,0,0,0,0,-97,0,5,0,52002353,0,399,0,0,52.3947,128,[-113 -15 24 0 -18 31 -16 31 -16 30 -15 28 -15 29 -15 27 -15 26 -15 26 -15 25 -15 24 -14 22 -14 22 -14 20 -14 19 -13 18 -13 17 -13 16 -13 16 -12 15 -12 14 -12 13 -13 12 -12 11 -12 11 -14 10 0 0 0 0 0 0 0 0 0 0 0 0 0 0 0 0 0 0 0 0 0 0 -14 12 -14 11 -15 11 -15 10 -15 10 -15 10 -16 10 -16 10 -16 11 -16 11 -16 10 -17 12 -17 12 -17 12 -17 12 -18 13 -17 14 -18 16 -17 16 -17 17 -16 19 -17 20 -17 22 -16 24 -17 26 -17 28 ]
CSI_DATA,STA,E4:D1:24:F0:BE:00,-63,10,0,0,0,0,0,0,0,0,0,-97,0,5,0,52104755,0,399,0,0,52.497,128,[-113 -15 24 0 -33 11 -32 11 -32 11 -31 10 -30 11 -29 10 -28 9 -27 9 -27 8 -26 8 -25 7 -25 6 -24 6 -23 5 -21 5 -22 4 -20 4 -20 3 -19 3 -19 2 -18 1 -18 1 -17 1 -16 0 -17 -2 0 0 0 0 0 0 0 0 0 0 0 0 0 0 0 0 0 0 0 0 0 0 -21 3 -22 2 -22 0 -22 -1 -22 -2 -22 -1 -23 -1 -23 -1 -23 -1 -22 -2 -22 -1 -23 -1 -23 -2 -23 -1 -24 -1 -24 -1 -24 -1 -26 0 -26 1 -27 2 -27 2 -28 4 -30 5 -30 6 -32 7 -33 9 ]
CSI_DATA,STA,E4:D1:24:F0:BE:00,-62,10,0,0,0,0,0,0,0,0,0,-97,0,5,0,52207157,0,399,0,0,52.5995,128,[-113 -15 24 0 34 1 33 1 32 1 31 1 30 0 30 1 28 1 27 0 27 0 25 1 24 1 24 1 22 2 21 2 20 2 20 2 19 2 19 2 18 3 17 3 16 3 16 3 16 4 15 4 14 5 0 0 0 0 0 0 0 0 0 0 0 0 0 0 0 0 0 0 0 0 0 0 17 2 17 3 16 3 16 4 17 4 17 5 18 5 18 5 18 5 18 5 18 5 19 6 19 7 20 7 20 7 21 6 21 6 22 6 23 6 24 6 25 5 27 5 28 4 29 4 31 3 33 2 ]
CSI_DATA,STA,E4:D1:24:F0:BE:00,-65,10,0,0,0,0,0,0,0,0,0,-97,0,5,0,52309559,0,399,0,0,52.7019,128,[-113 -15 24 0 32 -8 32 -8 31 -8 31 -7 31 -7 30 -8 29 -6 29 -7 29 -6 29 -6 28 -5 26 -5 26 -4 25 -3 24 -3 24 -2 23 -2 23 -1 22 -1 21 0 20 1 19 1 19 2 19 3 17 3 0 0 0 0 0 0 0 0 0 0 0 0 0 0 0 0 0 0 0 0 0 0 17 2 17 4 17 3 17 4 16 4 18 4 18 3 19 3 19 4 18 4 19 3 19 4 20 4 19 3 20 4 20 3 21 3 22 2 23 1 23 1 23 0 24 0 25 -2 27 -3 28 -5 31 -6 ]
CSI_DATA,STA,E4:D1:24:F0:BE:00,-63,10,0,0,0,0,0,0,0,0,0,-97,0,5,0,52411961,0,399,0,0,52.8043,128,[-113 -15 24 0 -31 -16 -30 -15 -29 -15 -29 -15 -28 -14 -27 -14 -26 -13 -26 -13 -24 -13 -24 -13 -23 -14 -21 -13 -20 -13 -19 -12 -18 -13 -17 -12 -17 -12 -16 -12 -15 -11 -15 -11 -14 -11 -13 -12 -13 -11 -12 -11 -10 -12 0 0 0 0 0 0 0 0 0 0 0 0 0 0 0 0 0 0 0 0 0 0 -13 -12 -12 -13 -12 -14 -12 -14 -12 -15 -12 -14 -13 -14 -13 -15 -13 -15 -13 -16 -14 -16 -14 -16 -13 -17 -14 -17 -14 -18 -16 -17 -16 -18 -17 -17 -18 -18 -19 -17 -20 -17 -21 -17 -22 -16 -25 -17 -26 -17 -28 -17 ]
CSI_DATA,STA,E4:D1:24:F0:BE:00,-63,10,0,0,0,0,0,0,0,0,0,-97,0,5,0,52514363,0,399,0,0,52.9066,128,[-113 -15 24 0 32 0 31 0 30 -1 30 -1 29 -1 29 -1 28 0 27 0 27 0 25 0 25 1 24 1 23 1 21 3 21 3 20 2 20 3 19 4 18 4 17 3 16 5 15 4 15 5 14 5 14 6 0 0 0 0 0 0 0 0 0 0 0 0 0 0 0 0 0 0 0 0 0 0 16 2 16 4 15 4 16 5 15 5 16 5 16 5 17 5 17 6 16 5 17 6 18 5 18 6 19 6 19 6 19 6 20 6 21 6 22 5 22 5 23 4 25 4 26 3 27 3 29 2 31 1 ]
CSI_DATA,STA,E4:D1:24:F0:BE:00,-64,10,0,0,0,0,0,0,0,0,0,-97,0,5,0,52616765,0,399,0,0,53.0091,128,[-113 -15 24 0 -27 25 -26 24 -25 23 -26 23 -24 24 -25 22 -23 22 -23 22 -24 20 -23 20 -23 18 -22 17 -22 16 -21 15 -20 14 -20 13 -20 13 -20 12 -19 11 -19 10 -18 10 -18 9 -17 8 -18 7 -17 6 0 0 0 0 0 0 0 0 0 0 0 0 0 0 0 0 0 0 0 0 0 0 -16 7 -16 6 -16 6 -17 5 -17 6 -17 6 -17 6 -18 6 -18 6 -18 7 -18 7 -19 7 -19 6 -19 7 -20 8 -21 8 -21 8 -22 9 -21 10 -21 12 -21 13 -22 14 -23 16 -23 18 -24 20 -26 22 ]
CSI_DATA,STA,E4:D1:24:F0:BE:00,-62,10,0,0,0,0,0,0,0,0,0,-97,0,5,0,52718759,0,64,0,0,53.1109,128,[64 0 4 0 30 -7 29 -7 28 -8 27 -7 27 -7 27 -7 26 -7 25 -6 25 -6 24 -6 23 -6 23 -5 22 -5 21 -4 20 -4 20 -3 19 -2 18 -2 18 -1 18 -1 16 -1 16 0 16 0 15 1 14 3 0 0 0 0 0 0 0 0 0 0 0 0 0 0 0 0 0 0 0 0 0 0 15 0 15 0 15 1 15 1 15 1 16 1 16 2 16 1 17 2 16 2 17 2 17 2 18 2 19 2 19 2 20 2 20 1 21 1 21 1 22 0 23 0 25 -1 25 -2 26 -2 28 -4 29 -4 ]
CSI_DATA,STA,E4:D1:24:F0:BE:00,-62,10,0,0,0,0,0,0,0,0,0,-97,0,5,0,52719166,0,399,0,0,53.1396,128,[-113 -15 24 0 2 -32 3 -31 4 -30 3 -29 2 -28 2 -29 2 -27 2 -27 3 -27 3 -26 2 -24 3 -23 3 -22 4 -21 3 -20 5 -20 4 -20 4 -19 4 -19 5 -17 5 -17 6 -16 6 -15 6 -15 3 -15 0 0 0 0 0 0 0 0 0 0 0 0 0 0 0 0 0 0 0 0 0 0 4 -16 4 -15 5 -16 6 -15 6 -16 6 -15 6 -16 6 -17 6 -16 6 -17 7 -16 8 -17 7 -18 8 -18 8 -19 8 -20 7 -20 7 -21 7 -21 7 -22 7 -23 6 -25 7 -26 6 -26 6 -28 5 -30 ]
CSI_DATA,STA,E4:D1:24:F0:BE:00,-64,10,0,0,0,0,0,0,0,0,0,-97,0,5,0,52821570,0,399,0,0,53.2139,128,[-113 -15 24 0 -21 25 -19 25 -18 24 -18 24 -18 24 -18 24 -17 23 -17 22 -18 22 -18 21 -17 19 -18 18 -17 17 -16 16 -16 15 -16 15 -15 14 -16 13 -15 13 -15 12 -14 10 -14 10 -14 9 -14 8 -14 8 0 0 0 0 0 0 0 0 0 0 0 0 0 0 0 0 0 0 0 0 0 0 -13 11 -14 10 -14 11 -14 10 -15 10 -15 11 -15 11 -15 11 -15 11 -16 11 -16 10 -17 11 -17 11 -18 11 -18 11 -19 11 -19 11 -19 12 -18 13 -19 14 -19 15 -19 17 -19 18 -20 19 -20 21 -20 23 ]
CSI_DATA,STA,E4:D1:24:F0:BE:00,-65,10,0,0,0,0,0,0,0,0,0,-97,0,5,0,52923972,0,399,0,0,53.3163,128,[-113 -15 24 0 -22 -20 -22 -20 -21 -19 -22 -19 -22 -18 -20 -19 -20 -18 -20 -18 -19 -18 -18 -18 -17 -17 -16 -18 -16 -17 -14 -17 -13 -16 -12 -16 -13 -16 -12 -16 -11 -16 -10 -15 -10 -16 -9 -15 -8 -14 -7 -14 -7 -14 0 0 0 0 0 0 0 0 0 0 0 0 0 0 0 0 0 0 0 0 0 0 -9 -17 -8 -17 -7 -17 -7 -18 -7 -17 -6 -17 -6 -17 -8 -18 -7 -18 -6 -18 -7 -17 -7 -18 -7 -18 -6 -19 -6 -19 -7 -19 -8 -19 -8 -19 -9 -19 -10 -19 -11 -19 -12 -19 -14 -19 -15 -20 -17 -19 -19 -20 ]
CSI_DATA,STA,E4:D1:24:F0:BE:00,-65,10,0,0,0,0,0,0,0,0,0,-97,0,5,0,53026374,0,399,0,0,53.4187,128,[-113 -15 24 0 5 33 5 33 6 32 6 30 5 32 5 30 4 30 4 30 3 29 2 28 2 27 2 26 0 25 0 23 -2 22 -2 23 -1 21 -2 20 -3 20 -3 19 -4 17 -3 17 -4 17 -5 16 -7 15 0 0 0 0 0 0 0 0 0 0 0 0 0 0 0 0 0 0 0 0 0 0 -4 19 -5 18 -5 19 -6 19 -6 19 -6 19 -6 19 -6 19 -6 20 -6 19 -6 19 -7 20 -6 20 -6 20 -6 20 -5 21 -5 21 -4 22 -3 23 -2 23 -1 24 0 26 0 27 2 29 3 30 4 32 ]
CSI_DATA,STA,E4:D1:24:F0:BE:00,-64,10,0,0,0,0,0,0,0,0,0,-97,0,5,0,53128776,0,399,0,0,53.5211,128,[-113 -15 24 0 24 24 23 22 23 22 22 22 22 21 21 20 21 21 21 20 19 20 18 19 18 19 16 19 16 18 15 18 13 18 13 17 12 17 12 17 10 17 9 16 9 16 8 16 7 15 5 16 4 15 0 0 0 0 0 0 0 0 0 0 0 0 0 0 0 0 0 0 0 0 0 0 7 15 7 15 6 16 6 15 6 16 6 16 6 16 7 17 6 17 6 17 6 17 6 18 7 19 8 18 8 19 10 19 9 19 11 19 11 19 12 20 13 20 15 21 16 22 18 22 20 23 21 24 ]
CSI_DATA,STA,E4:D1:24:F0:BE:00,-64,10,0,0,0,0,0,0,0,0,0,-97,0,5,0,53231178,0,399,0,0,53.6234,128,[-113 -15 24 0 -12 -31 -12 -31 -12 -30 -13 -31 -13 -30 -12 -29 -11 -28 -11 -29 -11 -27 -10 -28 -10 -26 -8 -26 -8 -25 -7 -24 -6 -24 -6 -24 -4 -23 -4 -23 -3 -22 -3 -21 -2 -22 -1 -20 -1 -19 0 -18 2 -19 0 0 0 0 0 0 0 0 0 0 0 0 0 0 0 0 0 0 0 0 0 0 -3 -20 -2 -21 -1 -21 -1 -21 -1 -22 -1 -21 -1 -21 0 -21 0 -21 0 -21 0 -21 0 -22 -1 -23 0 -23 0 -24 -1 -24 -2 -23 -1 -25 -2 -25 -2 -26 -4 -26 -5 -27 -7 -27 -7 -28 -8 -30 -9 -32 ]
CSI_DATA,STA,E4:D1:24:F0:BE:00,-63,10,0,0,0,0,0,0,0,0,0,-97,0,5,0,53333579,0,399,0,0,53.7257,128,[-113 -15 24 0 31 -7 30 -7 30 -7 29 -7 27 -7 27 -7 26 -7 26 -7 25 -6 25 -5 24 -5 23 -4 22 -4 22 -3 20 -3 20 -2 19 -2 19 -2 18 -1 18 -1 17 0 16 1 16 1 15 2 15 2 0 0 0 0 0 0 0 0 0 0 0 0 0 0 0 0 0 0 0 0 0 0 17 0 16 1 17 1 16 1 16 1 17 1 17 1 18 1 18 1 19 2 18 2 19 2 19 2 20 1 21 1 22 1 22 1 23 0 23 0 24 -1 25 -2 26 -3 27 -3 29 -4 30 -4 31 -5 ]
CSI_DATA,STA,E4:D1:24:F0:BE:00,-63,10,0,0,0,0,0,0,0,0,0,-97,0,5,0,53435981,0,399,0,0,53.8283,128,[-113 -15 24 0 26 19 27 18 26 17 26 17 26 15 25 15 24 15 24 14 23 14 22 14 22 13 21 14 20 14 19 12 18 13 17 13 17 13 17 13 16 13 15 13 15 13 13 13 12 13 11 13 11 13 0 0 0 0 0 0 0 0 0 0 0 0 0 0 0 0 0 0 0 0 0 0 13 11 12 12 12 12 11 13 11 13 12 14 12 14 12 14 12 15 12 15 12 15 12 16 12 17 12 17 13 17 13 17 14 18 14 19 15 18 16 19 18 18 18 19 19 20 21 19 23 19 25 20 ]
CSI_DATA,STA,E4:D1:24:F0:BE:00,-63,10,0,0,0,0,0,0,0,0,0,-97,0,5,0,53538383,0,399,0,0,53.9307,128,[-113 -15 24 0 7 -29 6 -30 6 -29 4 -29 5 -29 5 -29 4 -29 5 -28 5 -28 5 -27 4 -27 4 -25 5 -25 5 -24 6 -22 6 -22 7 -22 7 -21 8 -20 8 -19 8 -19 8 -17 9 -17 10 -15 11 -14 0 0 0 0 0 0 0 0 0 0 0 0 0 0 0 0 0 0 0 0 0 0 7 -16 7 -15 8 -16 8 -15 9 -16 9 -16 9 -16 10 -16 10 -16 10 -16 10 -16 11 -17 11 -18 11 -18 12 -19 12 -19 12 -19 13 -20 12 -20 12 -21 11 -22 11 -23 10 -24 10 -25 10 -27 10 -29 ]
CSI_DATA,STA,E4:D1:24:F0:BE:00,-62,10,0,0,0,0,0,0,0,0,0,-97,0,5,0,53640785,0,399,0,0,54.0331,128,[-113 -15 24 0 15 -32 14 -31 14 -30 13 -30 12 -29 11 -29 11 -28 11 -27 11 -27 11 -25 10 -25 10 -24 10 -22 11 -22 10 -20 11 -20 11 -19 11 -18 11 -17 11 -17 11 -16 11 -15 11 -14 11 -13 12 -11 0 0 0 0 0 0 0 0 0 0 0 0 0 0 0 0 0 0 0 0 0 0 10 -18 11 -17 11 -18 12 -17 12 -17 13 -17 13 -17 13 -17 14 -17 14 -17 15 -17 15 -17 15 -18 16 -19 17 -18 16 -19 16 -19 17 -20 18 -22 17 -22 16 -24 18 -24 17 -25 17 -27 17 -28 17 -31 ]
CSI_DATA,STA,E4:D1:24:F0:BE:00,-62,10,0,0,0,0,0,0,0,0,0,-97,0,5,0,53743187,0,399,0,0,54.1355,128,[-113 -15 24 0 20 -29 19 -29 19 -28 18 -28 17 -27 17 -27 17 -26 16 -26 16 -25 16 -25 16 -24 15 -22 15 -21 16 -20 14 -19 15 -18 15 -17 15 -17 14 -15 15 -14 14 -14 15 -12 14 -12 14 -10 15 -8 0 0 0 0 0 0 0 0 0 0 0 0 0 0 0 0 0 0 0 0 0 0 14 -13 15 -13 14 -13 15 -12 15 -11 15 -11 16 -12 16 -12 16 -12 16 -12 17 -12 17 -12 17 -13 18 -14 18 -14 19 -15 18 -15 20 -17 19 -18 20 -18 20 -19 20 -22 20 -22 21 -23 21 -25 22 -27 ]
CSI_DATA,STA,E4:D1:24:F0:BE:00,-63,10,0,0,0,0,0,0,0,0,0,-97,0,5,0,53845589,0,399,0,0,54.238,128,[-113 -15 24 0 -2 -32 -2 -32 -3 -30 -3 -30 -4 -30 -3 -29 -4 -28 -3 -28 -3 -27 -2 -27 -3 -26 -2 -25 -1 -25 -1 -24 0 -22 0 -22 1 -21 1 -21 1 -20 2 -20 2 -19 2 -18 4 -17 5 -17 5 -16 0 0 0 0 0 0 0 0 0 0 0 0 0 0 0 0 0 0 0 0 0 0 -2 -19 -1 -19 0 -20 1 -19 1 -20 1 -19 1 -19 1 -20 2 -20 2 -20 3 -20 3 -21 3 -22 4 -22 4 -23 4 -23 4 -24 5 -24 4 -25 4 -25 3 -27 3 -27 1 -28 2 -30 1 -30 0 -32 ]
CSI_DATA,STA,E4:D1:24:F0:BE:00,-63,10,0,0,0,0,0,0,0,0,0,-97,0,5,0,53947991,0,399,0,0,54.3402,128,[-113 -15 24 0 -9 30 -8 30 -8 29 -8 29 -8 29 -7 28 -7 27 -8 26 -8 26 -8 25 -8 24 -8 23 -9 22 -8 21 -8 19 -9 19 -9 18 -9 17 -9 16 -10 16 -10 14 -10 14 -10 13 -11 12 -12 11 0 0 0 0 0 0 0 0 0 0 0 0 0 0 0 0 0 0 0 0 0 0 -9 17 -10 16 -10 15 -10 15 -11 15 -11 15 -11 15 -11 15 -11 16 -11 15 -11 16 -11 16 -11 17 -12 17 -12 18 -13 18 -12 19 -12 19 -12 20 -12 21 -11 22 -11 23 -11 24 -10 26 -11 28 -10 29 ]
CSI_DATA,STA,E4:D1:24:F0:BE:00,-63,10,0,0,0,0,0,0,0,0,0,-97,0,5,0,54050392,0,399,0,0,54.4426,128,[-113 -15 24 0 27 20 27 18 27 19 27 18 27 17 26 17 26 17 25 16 25 17 24 16 23 16 22 16 20 17 20 16 19 15 18 16 17 16 17 16 16 16 14 16 13 15 12 15 11 16 10 16 7 15 0 0 0 0 0 0 0 0 0 0 0 0 0 0 0 0 0 0 0 0 0 0 12 13 11 13 11 14 10 14 10 13 11 14 11 14 11 15 12 15 12 15 12 15 12 16 13 17 13 17 14 17 13 18 14 17 15 18 15 18 16 20 17 19 19 19 20 19 22 20 23 21 26 20 ]
CSI_DATA,STA,E4:D1:24:F0:BE:00,-64,10,0,0,0,0,0,0,0,0,0,-97,0,5,0,54051588,0,64,0,0,54.4739,128,[64 0 4 0 -24 16 -25 17 -22 16 -23 17 -22 17 -22 17 -21 16 -22 16 -21 15 -21 14 -20 14 -21 13 -20 13 -19 11 -20 11 -19 10 -19 10 -18 10 -17 8 -16 8 -18 6 -16 5 -17 4 -17 2 -14 5 0 0 0 0 0 0 0 0 0 0 0 0 0 0 0 0 0 0 0 0 0 0 -15 5 -16 5 -16 4 -16 4 -16 5 -15 4 -16 5 -16 6 -16 5 -17 5 -16 6 -18 5 -18 6 -19 5 -19 6 -19 6 -19 6 -19 7 -21 8 -20 8 -21 8 -22 10 -21 11 -23 13 -24 13 -24 16 ]
CSI_DATA,STA,E4:D1:24:F0:BE:00,-63,10,0,0,0,0,0,0,0,0,0,-97,0,5,0,54152794,0,399,0,0,54.5451,128,[-113 -15 24 0 29 17 29 16 29 16 28 16 27 16 27 15 26 15 26 15 24 15 24 15 23 15 21 15 20 14 20 14 18 14 18 14 16 15 16 14 14 15 14 13 13 14 12 14 10 14 9 14 8 13 0 0 0 0 0 0 0 0 0 0 0 0 0 0 0 0 0 0 0 0 0 0 12 15 10 15 10 15 9 15 9 15 9 15 10 16 10 16 10 15 10 16 10 16 10 16 11 17 12 17 12 17 13 18 14 18 15 18 15 17 17 19 17 18 20 18 20 19 23 18 25 19 27 19 ]
CSI_DATA,STA,E4:D1:24:F0:BE:00,-63,10,0,0,0,0,0,0,0,0,0,-97,0,5,0,54255196,0,399,0,0,54.6475,128,[-113 -15 24 0 4 -36 4 -36 4 -34 3 -34 4 -33 3 -33 4 -31 5 -31 5 -29 4 -29 4 -28 5 -27 5 -25 6 -24 6 -23 6 -22 7 -21 7 -21 7 -20 6 -19 7 -18 7 -17 7 -17 8 -15 9 -15 0 0 0 0 0 0 0 0 0 0 0 0 0 0 0 0 0 0 0 0 0 0 6 -19 8 -19 8 -18 9 -19 9 -19 9 -18 10 -19 9 -19 10 -19 9 -19 10 -19 10 -20 10 -20 10 -21 11 -21 10 -23 10 -23 10 -24 10 -24 10 -26 8 -26 9 -28 8 -29 7 -30 7 -32 7 -35 ]
CSI_DATA,STA,E4:D1:24:F0:BE:00,-63,10,0,0,0,0,0,0,0,0,0,-97,0,5,0,54357598,0,399,0,0,54.7499,128,[-113 -15 24 0 23 -19 23 -19 23 -19 21 -18 20 -19 20 -18 20 -17 20 -17 19 -16 19 -16 19 -14 17 -15 17 -13 17 -13 17 -12 17 -11 17 -11 17 -10 16 -10 15 -9 15 -8 15 -7 14 -6 14 -5 15 -4 0 0 0 0 0 0 0 0 0 0 0 0 0 0 0 0 0 0 0 0 0 0 14 -7 14 -6 14 -5 14 -5 14 -5 14 -5 14 -5 14 -6 15 -6 15 -6 15 -6 16 -6 16 -6 16 -7 16 -7 17 -8 17 -8 18 -8 18 -10 19 -11 19 -11 20 -12 21 -13 22 -14 23 -16 24 -17 ]
CSI_DATA,STA,E4:D1:24:F0:BE:00,-62,10,0,0,0,0,0,0,0,0,0,-97,0,5,0,54460000,0,399,0,0,54.8523,128,[-113 -15 24 0 4 -36 3 -34 4 -34 2 -32 3 -32 2 -31 1 -31 2 -30 2 -29 2 -28 2 -28 3 -26 2 -26 4 -25 3 -23 3 -23 3 -22 4 -22 4 -21 5 -20 5 -19 5 -18 5 -18 6 -16 8 -16 0 0 0 0 0 0 0 0 0 0 0 0 0 0 0 0 0 0 0 0 0 0 4 -16 5 -15 6 -15 6 -15 6 -16 6 -16 7 -17 7 -17 7 -17 7 -18 7 -18 8 -19 8 -20 9 -20 9 -21 9 -21 9 -21 9 -23 9 -24 9 -25 8 -26 8 -27 7 -29 7 -30 7 -31 7 -34 ]
CSI_DATA,STA,E4:D1:24:F0:BE:00,-62,10,0,0,0,0,0,0,0,0,0,-97,0,5,0,54562402,0,399,0,0,54.9547,128,[-113 -15 24 0 8 31 7 29 8 30 8 28 8 28 8 27 9 26 7 25 7 25 6 23 5 23 5 22 5 21 4 21 3 19 3 20 2 19 2 18 2 18 1 17 0 16 0 17 -1 16 -1 15 -2 15 0 0 0 0 0 0 0 0 0 0 0 0 0 0 0 0 0 0 0 0 0 0 3 16 3 16 2 17 1 16 1 18 1 17 1 18 1 18 1 18 0 19 0 19 0 20 0 20 0 21 0 21 0 22 0 22 0 23 1 23 2 24 2 25 4 26 3 27 4 28 5 30 6 31 ]
CSI_DATA,STA,E4:D1:24:F0:BE:00,-63,10,0,0,0,0,0,0,0,0,0,-97,0,5,0,54664803,0,399,0,0,55.0571,128,[-113 -15 24 0 22 22 22 22 21 22 20 21 20 20 20 20 20 20 19 19 18 19 17 18 16 19 16 18 14 18 13 18 12 16 12 17 11 16 10 16 10 17 9 16 8 16 7 15 7 15 5 14 4 16 0 0 0 0 0 0 0 0 0 0 0 0 0 0 0 0 0 0 0 0 0 0 9 14 9 14 7 16 7 15 8 16 8 15 7 16 7 16 7 17 8 17 7 16 8 17 8 18 8 19 9 19 8 19 9 19 10 19 10 19 11 20 13 20 14 21 15 22 16 22 18 23 20 24 ]
CSI_DATA,STA,E4:D1:24:F0:BE:00,-63,10,0,0,0,0,0,0,0,0,0,-97,0,5,0,54767205,0,399,0,0,55.1594,128,[-113 -15 24 0 -9 29 -7 27 -7 26 -7 25 -6 26 -7 25 -6 23 -6 23 -7 22 -7 21 -7 20 -8 20 -6 19 -7 18 -7 16 -7 16 -7 15 -7 15 -7 14 -7 13 -8 13 -8 12 -8 11 -8 11 -9 10 0 0 0 0 0 0 0 0 0 0 0 0 0 0 0 0 0 0 0 0 0 0 -8 14 -8 13 -9 13 -9 13 -10 13 -9 13 -10 13 -10 14 -10 15 -10 14 -11 14 -11 15 -11 15 -12 15 -11 15 -11 16 -11 17 -12 18 -11 18 -10 19 -10 21 -10 22 -10 23 -10 24 -10 25 -10 26 ]
CSI_DATA,STA,E4:D1:24:F0:BE:00,-64,10,0,0,0,0,0,0,0,0,0,-97,0,5,0,54869607,0,399,0,0,55.2619,128,[-113 -15 24 0 -23 27 -22 26 -22 26 -20 26 -20 25 -20 24 -20 24 -19 23 -19 23 -20 21 -18 20 -19 19 -19 18 -19 17 -19 15 -18 15 -18 14 -18 13 -18 12 -17 11 -16 10 -16 9 -16 8 -16 6 -17 5 0 0 0 0 0 0 0 0 0 0 0 0 0 0 0 0 0 0 0 0 0 0 -17 13 -18 12 -18 12 -18 11 -18 11 -18 11 -19 12 -19 12 -19 12 -20 12 -19 12 -20 12 -20 12 -20 13 -21 13 -22 13 -22 14 -23 14 -22 15 -23 17 -22 18 -22 18 -22 20 -23 22 -24 24 -24 25 ]
CSI_DATA,STA,E4:D1:24:F0:BE:00,-64,10,0,0,0,0,0,0,0,0,0,-97,0,5,0,54972009,0,399,0,0,55.3643,128,[-113 -15 24 0 4 36 3 35 4 34 4 33 3 33 3 32 3 31 2 30 1 29 0 28 -1 27 -1 26 -2 25 -2 23 -3 21 -4 22 -4 21 -5 19 -5 18 -6 17 -4 16 -6 15 -6 14 -6 13 -8 11 0 0 0 0 0 0 0 0 0 0 0 0 0 0 0 0 0 0 0 0 0 0 -4 15 -4 14 -4 15 -4 16 -4 17 -4 16 -4 18 -3 18 -3 18 -4 19 -4 19 -4 21 -4 22 -4 22 -4 23 -4 23 -3 24 -3 24 -3 25 -2 26 -1 27 0 29 1 30 1 31 2 33 3 35 ]
CSI_DATA,STA,E4:D1:24:F0:BE:00,-65,10,0,0,0,0,0,0,0,0,0,-97,0,5,0,55074411,0,399,0,0,55.4667,128,[-113 -15 24 0 -3 32 -2 30 -2 30 -4 29 -3 28 -4 28 -4 27 -4 26 -5 25 -4 24 -5 22 -5 22 -7 20 -6 19 -5 18 -6 18 -6 15 -6 15 -6 14 -7 13 -6 12 -6 12 -6 11 -6 10 -6 8 0 0 0 0 0 0 0 0 0 0 0 0 0 0 0 0 0 0 0 0 0 0 -8 15 -8 14 -9 14 -8 14 -9 15 -9 14 -9 15 -9 15 -9 15 -10 15 -9 15 -10 16 -9 17 -10 17 -9 17 -9 18 -8 19 -8 20 -7 20 -7 21 -6 22 -7 23 -6 24 -4 27 -5 29 -4 29 ]
CSI_DATA,STA,E4:D1:24:F0:BE:00,-65,10,0,0,0,0,0,0,0,0,0,-97,0,5,0,55118934,0,64,0,0,55.5106,128,[64 0 4 0 31 -5 29 -6 29 -5 27 -5 27 -5 26 -4 26 -4 25 -3 24 -3 22 -2 22 -2 21 -1 19 -1 20 0 17 0 17 0 16 1 15 1 14 1 14 1 13 1 13 1 12 1 11 1 11 2 0 0 0 0 0 0 0 0 0 0 0 0 0 0 0 0 0 0 0 0 0 0 15 1 15 1 15 2 14 1 16 2 16 2 15 2 16 1 17 2 16 1 17 1 18 2 18 1 19 1 18 0 20 1 20 1 21 0 21 -1 22 -1 23 -2 24 -3 26 -3 26 -3 28 -5 31 -5 ]
CSI_DATA,STA,E4:D1:24:F0:BE:00,-64,10,0,0,0,0,0,0,0,0,0,-97,0,5,0,55176813,0,399,0,0,55.5689,128,[-113 -15 24 0 16 -25 16 -26 16 -25 15 -24 14 -24 14 -23 14 -22 14 -22 15 -21 14 -20 14 -19 13 -18 13 -17 13 -16 13 -15 12 -14 12 -13 12 -13 11 -12 11 -11 11 -11 10 -10 10 -9 10 -8 10 -8 0 0 0 0 0 0 0 0 0 0 0 0 0 0 0 0 0 0 0 0 0 0 11 -9 11 -8 11 -8 11 -9 11 -9 12 -9 12 -9 12 -9 13 -10 12 -10 12 -10 13 -10 13 -11 13 -11 14 -12 13 -12 14 -13 14 -14 14 -15 15 -15 15 -17 15 -18 15 -19 16 -21 16 -23 16 -23 ]
CSI_DATA,STA,E4:D1:24:F0:BE:00,-64,10,0,0,0,0,0,0,0,0,0,-97,0,5,0,55279215,0,399,0,0,55.6715,128,[-113 -15 24 0 19 -28 18 -27 18 -26 18 -25 17 -26 16 -25 16 -24 16 -24 17 -22 15 -21 15 -21 14 -20 14 -19 14 -17 14 -16 14 -16 13 -15 13 -14 13 -14 12 -12 12 -12 11 -11 11 -11 11 -10 12 -9 0 0 0 0 0 0 0 0 0 0 0 0 0 0 0 0 0 0 0 0 0 0 12 -12 12 -12 12 -12 12 -11 13 -11 12 -11 13 -11 14 -12 14 -12 14 -12 14 -12 15 -13 15 -14 16 -13 16 -14 17 -14 17 -15 17 -16 17 -16 18 -17 18 -18 18 -20 19 -20 19 -22 20 -23 21 -25 ]
CSI_DATA,STA,E4:D1:24:F0:BE:00,-63,10,0,0,0,0,0,0,0,0,0,-97,0,5,0,55381616,0,399,0,0,55.7739,128,[-113 -15 24 0 31 5 31 5 30 4 29 5 29 4 29 4 27 4 26 4 26 4 25 4 24 5 24 5 22 5 21 5 20 5 20 5 18 5 18 5 17 6 16 5 16 6 15 6 14 6 13 6 13 7 0 0 0 0 0 0 0 0 0 0 0 0 0 0 0 0 0 0 0 0 0 0 14 4 14 4 15 5 14 5 15 6 15 6 16 6 16 6 16 6 16 7 16 7 17 7 18 7 18 8 19 8 20 8 20 9 21 8 21 8 22 8 23 8 25 7 25 8 27 8 29 7 31 7 ]
CSI_DATA,STA,E4:D1:24:F0:BE:00,-64,10,0,0,0,0,0,0,0,0,0,-97,0,5,0,55484018,0,399,0,0,55.8762,128,[-113 -15 24 0 -17 30 -17 29 -17 28 -16 28 -15 27 -15 27 -15 25 -15 25 -16 24 -15 23 -15 22 -15 20 -14 20 -15 19 -14 17 -14 18 -14 16 -14 16 -14 15 -13 13 -13 12 -13 12 -12 11 -13 9 -13 9 0 0 0 0 0 0 0 0 0 0 0 0 0 0 0 0 0 0 0 0 0 0 -12 13 -13 11 -13 12 -12 11 -13 11 -12 11 -13 12 -13 12 -13 13 -13 12 -14 13 -14 14 -14 14 -14 14 -15 15 -15 14 -15 16 -15 17 -16 18 -16 19 -16 20 -16 21 -17 22 -17 24 -18 25 -19 27 ]
CSI_DATA,STA,E4:D1:24:F0:BE:00,-64,10,0,0,0,0,0,0,0,0,0,-97,0,5,0,55586420,0,399,0,0,55.9788,128,[-113 -15 24 0 -25 16 -24 17 -22 17 -23 17 -23 17 -23 17 -21 16 -21 16 -21 16 -21 15 -20 15 -20 13 -19 13 -19 12 -19 11 -18 11 -19 10 -19 9 -18 9 -17 8 -17 7 -17 6 -16 6 -16 5 -16 4 0 0 0 0 0 0 0 0 0 0 0 0 0 0 0 0 0 0 0 0 0 0 -15 5 -15 5 -15 4 -15 4 -15 4 -15 4 -15 4 -15 4 -16 5 -16 5 -16 5 -16 6 -17 5 -18 5 -18 5 -19 6 -19 6 -20 6 -20 7 -20 8 -20 9 -22 10 -22 11 -22 12 -24 13 -24 15 ]
CSI_DATA,STA,E4:D1:24:F0:BE:00,-64,10,0,0,0,0,0,0,0,0,0,-97,0,5,0,55688822,0,399,0,0,56.0812,128,[-113 -15 24 0 -16 29 -16 28 -15 27 -14 27 -14 27 -14 26 -13 26 -14 25 -13 24 -13 24 -14 23 -12 22 -13 21 -14 20 -13 17 -13 18 -14 18 -13 16 -13 16 -13 15 -13 14 -13 13 -13 13 -13 11 -14 11 0 0 0 0 0 0 0 0 0 0 0 0 0 0 0 0 0 0 0 0 0 0 -11 14 -12 13 -12 12 -12 13 -12 13 -12 13 -13 13 -13 13 -13 13 -13 14 -13 14 -14 14 -14 15 -15 16 -16 16 -16 16 -16 16 -17 18 -16 18 -16 19 -16 21 -17 21 -17 22 -16 24 -17 25 -16 27 ]
CSI_DATA,STA,E4:D1:24:F0:BE:00,-64,10,0,0,0,0,0,0,0,0,0,-97,0,5,0,55791224,0,399,0,0,56.1836,128,[-113 -15 24 0 -1 -35 -2 -33 -2 -32 -3 -32 -3 -31 -3 -31 -2 -30 -3 -30 -1 -29 -2 -28 -1 -28 -1 -27 -1 -26 0 -24 0 -24 2 -23 2 -22 1 -22 3 -21 3 -20 3 -19 3 -17 4 -17 5 -15 5 -16 0 0 0 0 0 0 0 0 0 0 0 0 0 0 0 0 0 0 0 0 0 0 0 -19 1 -19 1 -19 1 -19 3 -19 2 -19 3 -20 3 -21 4 -20 4 -21 4 -20 5 -22 5 -22 5 -22 5 -23 6 -24 5 -24 5 -24 5 -26 5 -26 4 -27 4 -27 4 -28 3 -30 2 -31 2 -34 ]
CSI_DATA,STA,E4:D1:24:F0:BE:00,-64,10,0,0,0,0,0,0,0,0,0,-97,0,5,0,55893626,0,399,0,0,56.2859,128,[-113 -15 24 0 29 -7 28 -7 27 -7 27 -7 26 -8 26 -7 26 -7 25 -7 24 -8 24 -7 23 -6 23 -5 21 -5 20 -4 20 -5 19 -4 19 -4 19 -2 18 -2 17 -3 17 -1 16 -1 15 0 15 1 14 1 0 0 0 0 0 0 0 0 0 0 0 0 0 0 0 0 0 0 0 0 0 0 18 -4 18 -2 17 -1 18 -2 17 -1 18 -1 18 -1 19 -2 19 0 18 0 19 0 20 0 20 -1 21 0 22 0 21 0 22 0 23 0 24 -1 23 -1 24 -2 25 -2 26 -2 26 -3 28 -4 30 -4 ]
CSI_DATA,STA,E4:D1:24:F0:BE:00,-64,10,0,0,0,0,0,0,0,0,0,-97,0,5,0,55996027,0,399,0,0,56.3883,128,[-113 -15 24 0 -24 -23 -24 -23 -23 -20 -24 -20 -24 -21 -23 -20 -22 -19 -22 -19 -21 -18 -21 -19 -20 -18 -19 -18 -18 -17 -17 -17 -16 -17 -15 -17 -14 -17 -13 -16 -13 -16 -12 -16 -11 -16 -10 -15 -10 -15 -8 -14 -8 -16 0 0 0 0 0 0 0 0 0 0 0 0 0 0 0 0 0 0 0 0 0 0 -15 -15 -14 -16 -14 -17 -13 -17 -13 -17 -13 -17 -13 -18 -13 -18 -13 -18 -12 -18 -13 -18 -13 -19 -12 -20 -13 -21 -13 -21 -13 -21 -13 -21 -14 -22 -15 -22 -15 -23 -16 -22 -17 -24 -18 -23 -19 -23 -21 -25 -22 -26 ]
CSI_DATA,STA,E4:D1:24:F0:BE:00,-63,10,0,0,0,0,0,0,0,0,0,-97,0,5,0,56098429,0,399,0,0,56.4906,128,[-113 -15 24 0 -12 25 -10 25 -10 24 -9 24 -8 24 -9 23 -9 22 -8 22 -8 21 -8 21 -8 20 -8 20 -8 19 -8 18 -7 16 -8 16 -8 16 -8 15 -9 14 -8 14 -8 13 -8 13 -8 12 -9 11 -9 9 0 0 0 0 0 0 0 0 0 0 0 0 0 0 0 0 0 0 0 0 0 0 -8 15 -9 14 -10 14 -10 13 -10 14 -10 13 -11 14 -11 13 -11 14 -11 13 -11 13 -11 14 -12 14 -12 15 -13 15 -13 14 -13 15 -14 16 -13 16 -13 17 -13 18 -13 19 -13 20 -13 21 -13 22 -13 24 ]
CSI_DATA,STA,E4:D1:24:F0:BE:00,-63,10,0,0,0,0,0,0,0,0,0,-97,0,5,0,56158865,0,64,0,0,56.5509,128,[64 0 4 0 -4 29 -3 30 -3 29 -3 28 -3 28 -3 27 -3 26 -3 26 -3 25 -3 24 -3 23 -3 22 -4 22 -4 21 -4 20 -5 20 -5 19 -6 18 -5 17 -6 16 -6 16 -6 15 -6 14 -7 13 -8 13 0 0 0 0 0 0 0 0 0 0 0 0 0 0 0 0 0 0 0 0 0 0 -4 13 -4 13 -5 13 -5 13 -5 14 -6 13 -6 14 -6 14 -5 15 -7 14 -6 15 -7 16 -7 16 -7 16 -7 17 -7 18 -8 18 -8 19 -7 19 -7 20 -7 21 -6 22 -6 23 -6 26 -6 27 -5 27 ]
CSI_DATA,STA,E4:D1:24:F0:BE:00,-64,10,0,0,0,0,0,0,0,0,0,-97,0,5,0,56200831,0,399,0,0,56.5927,128,[-113 -15 24 0 11 31 11 30 12 30 11 29 11 29 11 27 11 27 10 26 9 26 8 25 8 24 8 24 7 23 6 23 5 21 5 21 4 20 3 19 3 19 2 18 2 18 1 17 0 16 -1 16 -1 15 0 0 0 0 0 0 0 0 0 0 0 0 0 0 0 0 0 0 0 0 0 0 6 18 4 17 3 18 3 18 3 18 2 18 2 18 2 18 3 19 2 19 2 19 2 20 2 22 2 22 2 22 3 23 3 23 3 23 4 24 4 25 5 26 6 27 6 28 7 28 8 31 9 32 ]
CSI_DATA,STA,E4:D1:24:F0:BE:00,-63,10,0,0,0,0,0,0,0,0,0,-97,0,5,0,56303233,0,399,0,0,56.6954,128,[-113 -15 24 0 -20 -24 -20 -23 -20 -22 -20 -21 -20 -21 -20 -21 -20 -20 -20 -20 -19 -19 -19 -18 -18 -19 -17 -18 -17 -18 -16 -18 -15 -16 -14 -17 -14 -16 -13 -16 -12 -16 -12 -16 -11 -16 -10 -16 -10 -16 -8 -15 -7 -15 0 0 0 0 0 0 0 0 0 0 0 0 0 0 0 0 0 0 0 0 0 0 -12 -15 -11 -16 -10 -16 -10 -16 -10 -17 -10 -17 -10 -17 -9 -18 -9 -18 -9 -18 -9 -18 -9 -19 -9 -20 -9 -21 -9 -21 -10 -22 -10 -22 -10 -23 -10 -23 -10 -23 -11 -23 -12 -24 -13 -25 -14 -25 -15 -26 -16 -26 ]
CSI_DATA,STA,E4:D1:24:F0:BE:00,-64,10,0,0,0,0,0,0,0,0,0,-97,0,5,0,56405635,0,399,0,0,56.7979,128,[-113 -15 24 0 5 29 6 28 6 28 7 27 7 26 6 26 7 26 6 24 6 24 6 24 6 23 5 22 5 21 5 20 4 19 4 19 3 19 2 19 2 17 1 17 1 16 0 15 0 15 0 14 -1 15 0 0 0 0 0 0 0 0 0 0 0 0 0 0 0 0 0 0 0 0 0 0 4 19 3 19 2 19 1 19 1 19 1 19 0 20 0 21 0 21 -1 21 -1 21 -1 23 -2 23 -2 23 -2 23 -2 24 -1 24 -3 24 -2 25 -2 26 -1 26 -1 28 -1 27 0 29 2 29 2 30 ]
CSI_DATA,STA,E4:D1:24:F0:BE:00,-63,10,0,0,0,0,0,0,0,0,0,-97,0,5,0,56508037,0,399,0,0,56.9003,128,[-113 -15 24 0 -30 -22 -30 -20 -28 -19 -28 -19 -27 -18 -28 -18 -27 -16 -26 -17 -24 -16 -24 -16 -24 -17 -23 -15 -21 -15 -20 -16 -18 -15 -17 -15 -17 -14 -17 -15 -15 -14 -15 -14 -13 -14 -13 -13 -11 -14 -10 -14 -9 -13 0 0 0 0 0 0 0 0 0 0 0 0 0 0 0 0 0 0 0 0 0 0 -17 -12 -16 -13 -16 -14 -15 -14 -15 -14 -15 -15 -16 -14 -15 -14 -15 -15 -15 -15 -15 -16 -16 -17 -16 -17 -16 -18 -17 -18 -18 -18 -19 -19 -18 -20 -19 -20 -20 -20 -22 -20 -23 -21 -25 -21 -25 -22 -26 -23 -29 -22 ]
CSI_DATA,STA,E4:D1:24:F0:BE:00,-63,10,0,0,0,0,0,0,0,0,0,-97,0,5,0,56610438,0,399,0,0,57.0028,128,[-113 -15 24 0 -31 -11 -30 -10 -29 -9 -27 -9 -28 -8 -28 -8 -26 -8 -26 -7 -25 -8 -23 -8 -23 -7 -21 -8 -21 -7 -20 -7 -19 -7 -18 -8 -16 -7 -16 -8 -16 -7 -15 -8 -14 -8 -14 -7 -13 -8 -13 -8 -12 -8 0 0 0 0 0 0 0 0 0 0 0 0 0 0 0 0 0 0 0 0 0 0 -19 -6 -18 -7 -18 -8 -18 -9 -18 -10 -18 -9 -18 -10 -19 -10 -19 -11 -19 -11 -19 -12 -19 -12 -20 -12 -19 -12 -21 -13 -22 -13 -22 -13 -23 -14 -23 -13 -23 -13 -25 -13 -25 -14 -26 -13 -27 -13 -29 -13 -30 -13 ]
CSI_DATA,STA,E4:D1:24:F0:BE:00,-63,10,0,0,0,0,0,0,0,0,0,-97,0,5,0,56712840,0,399,0,0,57.1051,128,[-113 -15 24 0 -21 -20 -20 -18 -20 -18 -20 -16 -21 -16 -21 -15 -20 -15 -19 -15 -19 -15 -18 -15 -18 -15 -16 -14 -16 -13 -16 -13 -15 -12 -13 -13 -13 -12 -13 -13 -12 -12 -11 -12 -10 -12 -10 -12 -9 -11 -8 -12 -8 -12 0 0 0 0 0 0 0 0 0 0 0 0 0 0 0 0 0 0 0 0 0 0 -15 -11 -14 -11 -14 -13 -13 -13 -13 -13 -13 -14 -13 -14 -13 -15 -13 -15 -12 -16 -12 -16 -12 -16 -13 -17 -12 -18 -12 -18 -13 -18 -13 -18 -13 -19 -13 -19 -14 -19 -14 -20 -15 -21 -16 -20 -17 -21 -18 -21 -19 -21 ]
CSI_DATA,STA,E4:D1:24:F0:BE:00,-64,10,0,0,0,0,0,0,0,0,0,-97,0,5,0,56815243,0,399,0,0,57.2076,128,[-113 -15 24 0 22 -20 21 -21 21 -21 20 -20 19 -20 19 -21 19 -21 18 -21 19 -20 18 -20 17 -20 18 -18 17 -18 17 -17 17 -16 17 -15 16 -15 16 -15 16 -13 16 -13 15 -12 15 -11 15 -10 15 -9 15 -8 0 0 0 0 0 0 0 0 0 0 0 0 0 0 0 0 0 0 0 0 0 0 14 -11 15 -10 15 -10 15 -10 15 -9 16 -9 17 -9 17 -8 17 -8 17 -9 17 -8 18 -8 18 -8 18 -8 18 -8 19 -9 18 -8 19 -9 19 -10 20 -10 20 -12 21 -12 21 -13 22 -14 22 -15 24 -17 ]
CSI_DATA,STA,E4:D1:24:F0:BE:00,-63,10,0,0,0,0,0,0,0,0,0,-97,0,5,0,56917645,0,399,0,0,57.3099,128,[-113 -15 24 0 -16 -30 -16 -29 -17 -27 -16 -26 -16 -25 -16 -25 -15 -24 -15 -23 -14 -24 -13 -23 -13 -23 -12 -21 -11 -21 -11 -20 -10 -19 -9 -19 -8 -18 -9 -18 -8 -18 -7 -18 -6 -17 -6 -17 -4 -16 -4 -15 -2 -16 0 0 0 0 0 0 0 0 0 0 0 0 0 0 0 0 0 0 0 0 0 0 -10 -18 -9 -19 -8 -20 -8 -19 -7 -20 -6 -20 -7 -20 -7 -20 -6 -21 -6 -20 -6 -21 -5 -21 -6 -22 -6 -22 -6 -22 -7 -23 -7 -23 -8 -24 -9 -24 -9 -25 -10 -25 -12 -27 -11 -27 -12 -29 -14 -29 -15 -30 ]
CSI_DATA,STA,E4:D1:24:F0:BE:00,-64,10,0,0,0,0,0,0,0,0,0,-97,0,5,0,57020047,0,399,0,0,57.4122,128,[-113 -15 24 0 -2 32 -1 33 0 31 0 31 0 30 -1 29 -1 29 -1 28 -1 27 -1 26 -2 26 -2 25 -2 24 -2 23 -3 22 -3 21 -4 21 -4 20 -5 20 -5 19 -6 19 -6 18 -7 16 -9 16 -8 14 0 0 0 0 0 0 0 0 0 0 0 0 0 0 0 0 0 0 0 0 0 0 -5 17 -6 17 -6 18 -6 17 -6 17 -7 18 -7 18 -7 18 -7 19 -7 18 -7 18 -8 19 -7 21 -8 21 -7 21 -7 22 -8 22 -7 23 -7 25 -6 25 -6 26 -5 27 -6 28 -5 30 -5 32 -4 32 ]
CSI_DATA,STA,E4:D1:24:F0:BE:00,-63,10,0,0,0,0,0,0,0,0,0,-97,0,5,0,57122449,0,399,0,0,57.5148,128,[-113 -15 24 0 26 -22 26 -20 25 -20 23 -19 23 -19 23 -18 22 -18 21 -17 21 -17 20 -16 19 -15 19 -14 19 -13 18 -12 16 -11 17 -11 16 -10 16 -9 15 -8 14 -8 14 -7 14 -7 14 -7 13 -5 14 -4 0 0 0 0 0 0 0 0 0 0 0 0 0 0 0 0 0 0 0 0 0 0 14 -11 14 -10 15 -10 14 -10 15 -10 16 -9 16 -9 16 -10 17 -10 17 -10 17 -9 18 -10 19 -10 20 -11 20 -10 21 -11 20 -12 22 -12 21 -13 23 -13 23 -14 24 -15 24 -16 25 -17 27 -18 27 -20 ]
CSI_DATA,STA,E4:D1:24:F0:BE:00,-63,10,0,0,0,0,0,0,0,0,0,-97,0,5,0,57224851,0,399,0,0,57.6172,128,[-113 -15 24 0 -35 -7 -33 -7 -32 -7 -31 -6 -30 -6 -30 -6 -28 -5 -28 -5 -27 -5 -27 -5 -26 -6 -24 -6 -23 -6 -22 -5 -21 -6 -19 -6 -20 -6 -19 -6 -18 -7 -17 -7 -17 -7 -16 -7 -15 -7 -15 -8 -13 -9 0 0 0 0 0 0 0 0 0 0 0 0 0 0 0 0 0 0 0 0 0 0 -18 -7 -18 -8 -18 -8 -17 -9 -18 -9 -18 -9 -18 -9 -18 -9 -18 -10 -19 -10 -18 -10 -19 -10 -19 -12 -21 -11 -21 -12 -22 -11 -22 -11 -23 -11 -24 -11 -24 -11 -26 -10 -27 -10 -28 -10 -30 -10 -31 -10 -33 -9 ]
CSI_DATA,STA,E4:D1:24:F0:BE:00,-64,10,0,0,0,0,0,0,0,0,0,-97,0,5,0,57327252,0,399,0,0,57.7196,128,[-113 -15 24 0 -33 -6 -32 -6 -31 -6 -31 -6 -30 -5 -28 -6 -27 -7 -26 -5 -26 -6 -25 -6 -23 -6 -22 -6 -22 -6 -21 -6 -19 -6 -18 -6 -18 -6 -17 -6 -16 -6 -16 -6 -15 -6 -15 -6 -15 -6 -14 -7 -13 -7 0 0 0 0 0 0 0 0 0 0 0 0 0 0 0 0 0 0 0 0 0 0 -20 -4 -20 -5 -19 -6 -20 -6 -20 -7 -20 -7 -21 -8 -21 -8 -21 -8 -21 -8 -21 -8 -21 -9 -22 -10 -22 -10 -23 -10 -23 -10 -24 -10 -24 -10 -24 -10 -26 -10 -27 -9 -27 -9 -28 -9 -30 -9 -31 -8 -32 -8 ]
CSI_DATA,STA,E4:D1:24:F0:BE:00,-63,10,0,0,0,0,0,0,0,0,0,-97,0,5,0,57429654,0,399,0,0,57.822,128,[-113 -15 24 0 16 27 16 26 16 25 16 25 15 23 15 23 14 23 13 22 13 22 12 21 11 20 10 20 10 19 9 19 8 17 8 17 7 16 7 15 6 15 6 15 5 14 5 13 4 13 3 13 3 13 0 0 0 0 0 0 0 0 0 0 0 0 0 0 0 0 0 0 0 0 0 0 7 14 6 14 6 15 6 15 6 16 6 15 6 16 6 17 7 17 6 17 5 18 6 19 6 20 6 20 6 20 7 21 6 21 8 22 8 22 9 23 10 23 11 24 12 24 13 26 14 26 15 27 ]
CSI_DATA,STA,E4:D1:24:F0:BE:00,-64,10,0,0,0,0,0,0,0,0,0,-97,0,5,0,57532056,0,399,0,0,57.9244,128,[-113 -15 24 0 -34 -2 -33 -1 -31 -1 -30 -1 -30 -1 -30 0 -28 -2 -27 -1 -27 -2 -26 -1 -25 -2 -24 -2 -23 -3 -22 -3 -20 -3 -19 -3 -20 -4 -19 -4 -17 -4 -17 -4 -16 -5 -15 -5 -14 -4 -14 -5 -13 -5 0 0 0 0 0 0 0 0 0 0 0 0 0 0 0 0 0 0 0 0 0 0 -20 -2 -20 -4 -20 -4 -20 -4 -20 -5 -20 -5 -21 -5 -20 -5 -21 -5 -21 -6 -22 -5 -22 -5 -22 -6 -23 -6 -23 -7 -24 -7 -24 -7 -25 -7 -26 -6 -27 -6 -28 -6 -29 -6 -30 -4 -30 -4 -32 -3 -34 -3 ]
CSI_DATA,STA,E4:D1:24:F0:BE:00,-65,10,0,0,0,0,0,0,0,0,0,-97,0,5,0,57634458,0,399,0,0,58.0266,128,[-113 -15 24 0 29 -13 30 -13 29 -13 29 -12 27 -13 28 -12 27 -12 27 -12 27 -11 25 -10 25 -10 24 -8 23 -9 23 -7 21 -6 21 -6 20 -5 20 -6 19 -5 19 -4 18 -4 16 -4 17 -2 17 -2 16 0 0 0 0 0 0 0 0 0 0 0 0 0 0 0 0 0 0 0 0 0 0 0 21 -4 20 -2 19 -2 19 -1 20 -2 20 -1 20 -1 20 -1 20 -1 20 -1 20 0 21 -1 21 0 22 -1 22 -1 22 -2 23 -2 24 -2 23 -3 24 -4 24 -5 26 -6 26 -7 28 -7 29 -8 31 -10 ]
CSI_DATA,STA,E4:D1:24:F0:BE:00,-63,10,0,0,0,0,0,0,0,0,0,-97,0,5,0,57736860,0,399,0,0,58.129,128,[-113 -15 24 0 -13 31 -13 30 -12 30 -12 29 -11 28 -11 27 -10 27 -10 26 -11 24 -11 24 -11 23 -11 21 -11 20 -10 19 -10 18 -11 18 -11 17 -11 16 -10 15 -10 14 -10 13 -9 13 -9 12 -10 10 -11 10 0 0 0 0 0 0 0 0 0 0 0 0 0 0 0 0 0 0 0 0 0 0 -10 15 -11 15 -11 14 -12 14 -12 14 -12 14 -12 15 -13 15 -13 15 -13 15 -13 15 -14 16 -14 16 -14 16 -14 17 -15 17 -15 18 -15 19 -15 20 -15 21 -14 22 -14 24 -14 24 -14 26 -14 28 -15 30 ]
CSI_DATA,STA,E4:D1:24:F0:BE:00,-64,10,0,0,0,0,0,0,0,0,0,-97,0,5,0,57839262,0,399,0,0,58.2316,128,[-113 -15 24 0 -14 -30 -15 -30 -14 -29 -15 -28 -14 -27 -15 -28 -14 -27 -14 -27 -12 -26 -12 -26 -12 -25 -11 -24 -11 -24 -9 -23 -9 -22 -7 -22 -7 -21 -6 -21 -5 -20 -5 -20 -5 -19 -4 -19 -4 -18 -2 -18 -2 -18 0 0 0 0 0 0 0 0 0 0 0 0 0 0 0 0 0 0 0 0 0 0 -8 -20 -7 -20 -6 -20 -5 -20 -5 -21 -5 -20 -4 -21 -4 -21 -4 -22 -4 -22 -4 -21 -4 -22 -4 -24 -3 -24 -4 -24 -3 -25 -4 -25 -4 -26 -5 -26 -5 -26 -6 -26 -7 -28 -8 -28 -9 -28 -11 -30 -11 -31 ]
CSI_DATA,STA,E4:D1:24:F0:BE:00,-65,10,0,0,0,0,0,0,0,0,0,-97,0,5,0,57941663,0,399,0,0,58.334,128,[-113 -15 24 0 -16 26 -15 26 -15 25 -15 24 -14 24 -14 23 -14 22 -13 22 -14 21 -13 20 -13 20 -13 18 -12 17 -12 17 -11 15 -12 15 -12 14 -12 14 -11 13 -11 13 -10 12 -10 11 -10 11 -10 10 -10 9 0 0 0 0 0 0 0 0 0 0 0 0 0 0 0 0 0 0 0 0 0 0 -11 12 -11 12 -11 11 -11 12 -12 12 -12 12 -13 13 -13 13 -13 13 -13 14 -13 13 -14 13 -14 14 -14 14 -14 15 -16 15 -15 15 -16 16 -16 17 -16 17 -16 19 -16 20 -16 21 -16 21 -17 24 -17 24 ]
CSI_DATA,STA,E4:D1:24:F0:BE:00,-65,10,0,0,0,0,0,0,0,0,0,-97,0,5,0,58044065,0,399,0,0,58.4364,128,[-113 -15 24 0 12 -26 12 -26 11 -25 11 -25 10 -25 10 -24 10 -23 10 -23 10 -23 10 -21 9 -20 9 -19 9 -18 9 -18 9 -17 9 -16 9 -15 8 -14 9 -13 8 -13 8 -13 7 -12 8 -11 9 -10 9 -10 0 0 0 0 0 0 0 0 0 0 0 0 0 0 0 0 0 0 0 0 0 0 10 -16 11 -16 11 -16 11 -16 12 -16 12 -16 12 -16 13 -16 13 -16 13 -15 14 -15 14 -16 14 -15 15 -16 15 -16 15 -18 15 -17 15 -18 15 -18 15 -18 15 -19 15 -21 15 -21 15 -22 14 -23 16 -24 ]
CSI_DATA,STA,E4:D1:24:F0:BE:00,-64,10,0,0,0,0,0,0,0,0,0,-97,0,5,0,58146467,0,399,0,0,58.5388,128,[-113 -15 24 0 27 1 26 1 26 1 25 0 25 0 24 0 23 0 23 0 23 0 21 0 20 1 19 1 18 1 18 2 17 2 16 2 16 2 15 3 14 2 14 3 13 3 12 3 12 3 11 3 11 3 0 0 0 0 0 0 0 0 0 0 0 0 0 0 0 0 0 0 0 0 0 0 18 1 17 1 17 3 17 3 17 4 17 4 17 4 17 5 17 5 17 5 17 6 17 6 17 6 17 6 18 6 18 6 19 6 19 6 19 5 20 5 21 5 22 4 23 3 24 4 25 3 27 3 ]
CSI_DATA,STA,E4:D1:24:F0:BE:00,-64,10,0,0,0,0,0,0,0,0,0,-97,0,5,0,58248869,0,399,0,0,58.6412,128,[-113 -15 24 0 -30 -17 -28 -17 -28 -16 -27 -16 -26 -15 -26 -15 -25 -14 -24 -13 -23 -13 -23 -13 -22 -13 -21 -13 -20 -12 -19 -11 -18 -11 -17 -11 -16 -11 -16 -10 -15 -10 -14 -10 -14 -10 -13 -9 -13 -9 -12 -9 -11 -9 0 0 0 0 0 0 0 0 0 0 0 0 0 0 0 0 0 0 0 0 0 0 -14 -11 -14 -11 -14 -12 -14 -12 -15 -12 -15 -12 -15 -13 -16 -13 -16 -13 -16 -14 -16 -13 -16 -15 -16 -15 -17 -17 -17 -17 -19 -17 -19 -17 -20 -17 -20 -17 -20 -18 -22 -18 -22 -19 -23 -19 -25 -19 -26 -19 -28 -20 ]
CSI_DATA,STA,E4:D1:24:F0:BE:00,-64,10,0,0,0,0,0,0,0,0,0,-97,0,5,0,58351271,0,399,0,0,58.7434,128,[-113 -15 24 0 21 -22 20 -23 20 -22 19 -22 17 -22 18 -22 18 -21 18 -20 17 -20 17 -19 17 -18 15 -16 16 -16 15 -16 15 -14 14 -14 15 -13 14 -13 14 -12 14 -12 13 -11 12 -10 13 -10 12 -9 14 -7 0 0 0 0 0 0 0 0 0 0 0 0 0 0 0 0 0 0 0 0 0 0 14 -12 15 -10 15 -10 15 -10 15 -10 16 -10 17 -10 16 -10 16 -10 17 -10 17 -10 18 -10 18 -10 18 -10 19 -11 20 -10 19 -11 21 -11 20 -12 20 -12 20 -14 20 -15 21 -15 21 -16 21 -18 23 -19 ]
CSI_DATA,STA,E4:D1:24:F0:BE:00,-64,10,0,0,0,0,0,0,0,0,0,-97,0,5,0,58453673,0,399,0,0,58.8459,128,[-113 -15 24 0 0 33 1 33 2 31 2 30 3 31 2 30 3 30 2 29 1 28 0 28 1 27 0 25 0 24 -1 23 -1 22 -1 21 -2 21 -1 20 -2 19 -2 18 -2 17 -2 17 -2 16 -3 15 -4 16 0 0 0 0 0 0 0 0 0 0 0 0 0 0 0 0 0 0 0 0 0 0 0 22 -2 21 -3 21 -4 21 -3 21 -4 21 -4 22 -5 21 -5 21 -4 21 -5 22 -6 22 -6 21 -6 23 -5 22 -6 23 -6 23 -7 24 -5 25 -5 26 -5 26 -4 27 -3 28 -3 29 -2 31 -1 33 ]
CSI_DATA,STA,E4:D1:24:F0:BE:00,-63,10,0,0,0,0,0,0,0,0,0,-97,0,5,0,58556075,0,399,0,0,58.9483,128,[-113 -15 24 0 -33 -4 -32 -4 -30 -3 -29 -3 -29 -2 -29 -2 -28 -3 -27 -1 -27 -2 -26 -2 -25 -3 -24 -3 -22 -3 -21 -3 -20 -4 -20 -3 -19 -3 -19 -3 -18 -5 -18 -4 -16 -5 -15 -5 -15 -5 -14 -6 -15 -6 0 0 0 0 0 0 0 0 0 0 0 0 0 0 0 0 0 0 0 0 0 0 -22 -1 -21 -2 -22 -3 -21 -4 -21 -5 -22 -5 -22 -5 -22 -6 -22 -6 -22 -7 -22 -7 -23 -7 -23 -8 -23 -9 -23 -9 -25 -9 -24 -9 -26 -9 -25 -10 -26 -9 -27 -8 -28 -9 -29 -8 -30 -8 -31 -8 -32 -7 ]
CSI_DATA,STA,E4:D1:24:F0:BE:00,-61,10,0,0,0,0,0,0,0,0,0,-97,0,5,0,58658476,0,399,0,0,59.0508,128,[-113 -15 24 0 -36 -3 -34 -2 -34 -1 -32 -1 -32 0 -32 0 -30 0 -30 1 -29 0 -29 0 -28 0 -28 -1 -26 -1 -25 -1 -24 -1 -24 -2 -22 -2 -23 -3 -22 -3 -21 -3 -20 -4 -20 -4 -19 -5 -18 -6 -18 -7 0 0 0 0 0 0 0 0 0 0 0 0 0 0 0 0 0 0 0 0 0 0 -19 -4 -18 -5 -18 -6 -18 -6 -18 -7 -18 -7 -19 -7 -19 -7 -19 -7 -20 -8 -20 -8 -20 -8 -21 -8 -21 -9 -22 -9 -23 -9 -23 -9 -24 -8 -24 -8 -26 -9 -27 -8 -28 -8 -29 -7 -31 -7 -32 -6 -34 -6 ]
CSI_DATA,STA,E4:D1:24:F0:BE:00,-63,10,0,0,0,0,0,0,0,0,0,-97,0,5,0,58760878,0,399,0,0,59.1532,128,[-113 -15 24 0 -13 -28 -14 -28 -13 -26 -13 -26 -13 -24 -13 -24 -13 -23 -12 -22 -12 -22 -11 -22 -11 -21 -9 -20 -9 -19 -8 -18 -8 -18 -7 -18 -7 -17 -6 -16 -6 -16 -6 -15 -5 -15 -5 -15 -4 -14 -3 -13 -3 -14 0 0 0 0 0 0 0 0 0 0 0 0 0 0 0 0 0 0 0 0 0 0 -8 -15 -8 -15 -7 -15 -7 -16 -7 -16 -7 -16 -7 -16 -7 -17 -7 -17 -6 -17 -6 -18 -7 -19 -6 -20 -6 -20 -6 -20 -7 -21 -7 -22 -7 -22 -7 -23 -8 -24 -9 -25 -8 -25 -10 -26 -10 -28 -10 -29 -12 -29 ]
CSI_DATA,STA,E4:D1:24:F0:BE:00,-63,10,0,0,0,0,0,0,0,0,0,-97,0,5,0,58863280,0,399,0,0,59.2556,128,[-113 -15 24 0 31 -6 30 -5 29 -6 28 -6 28 -7 28 -7 27 -7 26 -7 25 -7 25 -6 24 -6 23 -5 21 -5 21 -3 20 -3 20 -3 19 -2 19 -2 18 -1 17 -1 16 0 15 0 15 1 14 2 13 2 0 0 0 0 0 0 0 0 0 0 0 0 0 0 0 0 0 0 0 0 0 0 20 -2 19 -1 19 0 19 0 19 1 19 0 19 1 20 1 20 2 20 2 20 2 21 3 22 2 22 2 22 3 24 3 23 2 25 2 25 2 26 2 26 1 27 1 28 0 29 -1 30 -1 31 -3 ]
CSI_DATA,STA,E4:D1:24:F0:BE:00,-65,10,0,0,0,0,0,0,0,0,0,-97,0,5,0,58965682,0,399,0,0,59.358,128,[-113 -15 24 0 -5 27 -4 27 -4 26 -3 27 -3 28 -4 27 -3 26 -4 25 -4 24 -4 24 -4 24 -4 22 -4 21 -5 21 -5 19 -5 19 -6 19 -6 18 -6 17 -7 16 -6 15 -6 14 -7 14 -8 12 -8 11 0 0 0 0 0 0 0 0 0 0 0 0 0 0 0 0 0 0 0 0 0 0 -7 21 -9 20 -10 19 -10 19 -11 19 -10 18 -12 18 -12 17 -12 17 -11 18 -12 17 -12 18 -12 18 -13 17 -12 17 -13 18 -12 18 -13 17 -13 19 -11 19 -11 20 -11 21 -9 20 -8 23 -8 25 -7 25 ]
CSI_DATA,STA,E4:D1:24:F0:BE:00,-66,10,0,0,0,0,0,0,0,0,0,-97,0,5,0,59068084,0,399,0,0,59.4604,128,[-113 -15 24 0 -22 -21 -22 -21 -22 -21 -22 -20 -21 -20 -22 -20 -21 -20 -21 -19 -20 -20 -20 -20 -18 -20 -18 -19 -18 -17 -16 -17 -15 -16 -14 -18 -14 -16 -13 -17 -13 -16 -12 -15 -11 -16 -11 -16 -10 -15 -9 -15 -7 -16 0 0 0 0 0 0 0 0 0 0 0 0 0 0 0 0 0 0 0 0 0 0 -12 -18 -10 -18 -10 -18 -9 -19 -10 -19 -10 -19 -10 -19 -10 -19 -9 -20 -10 -20 -9 -19 -9 -21 -10 -21 -9 -21 -10 -21 -10 -22 -10 -22 -10 -22 -10 -22 -12 -21 -12 -21 -13 -21 -14 -22 -15 -22 -17 -22 -19 -23 ]
CSI_DATA,STA,E4:D1:24:F0:BE:00,-66,10,0,0,0,0,0,0,0,0,0,-97,0,5,0,59170486,0,399,0,0,59.5627,128,[-113 -15 24 0 25 14 25 13 25 13 24 13 23 13 23 13 22 13 21 12 20 13 19 13 18 13 17 13 16 12 16 11 14 12 13 12 12 12 12 11 11 11 12 11 10 11 9 11 9 10 8 10 9 11 0 0 0 0 0 0 0 0 0 0 0 0 0 0 0 0 0 0 0 0 0 0 13 12 12 12 11 13 11 13 11 13 12 13 12 13 12 13 12 14 13 13 13 13 13 14 13 15 14 14 13 14 14 14 15 14 15 14 15 13 17 14 18 14 19 14 20 14 21 13 23 14 25 15 ]
CSI_DATA,STA,E4:D1:24:F0:BE:00,-66,10,0,0,0,0,0,0,0,0,0,-97,0,5,0,59272887,0,399,0,0,59.6651,128,[-113 -15 24 0 29 16 29 16 30 14 28 15 27 16 25 15 25 15 24 15 24 15 23 15 22 16 20 15 19 16 18 15 16 15 15 15 14 14 13 13 13 14 12 12 11 12 10 13 10 11 9 11 9 12 0 0 0 0 0 0 0 0 0 0 0 0 0 0 0 0 0 0 0 0 0 0 17 18 15 18 14 20 13 20 14 20 14 20 14 20 13 20 13 21 13 21 13 21 13 20 14 20 13 21 13 21 15 20 14 19 14 20 16 20 16 18 18 18 20 18 21 17 23 17 24 16 26 16 ]
CSI_DATA,STA,E4:D1:24:F0:BE:00,-64,10,0,0,0,0,0,0,0,0,0,-97,0,5,0,59375289,0,399,0,0,59.7676,128,[-113 -15 24 0 30 10 30 9 29 9 29 9 28 8 27 8 26 8 25 7 24 8 23 8 23 8 20 8 20 9 20 8 18 8 17 8 17 8 16 8 15 8 14 8 13 8 12 9 12 9 11 8 10 10 0 0 0 0 0 0 0 0 0 0 0 0 0 0 0 0 0 0 0 0 0 0 18 10 17 10 17 11 17 11 17 12 17 12 18 12 18 13 18 13 18 14 17 14 18 14 18 15 18 15 19 15 19 15 20 16 21 15 21 15 21 15 22 14 24 14 24 14 26 14 28 12 28 12 ]
CSI_DATA,STA,E4:D1:24:F0:BE:00,-63,10,0,0,0,0,0,0,0,0,0,-97,0,5,0,59477691,0,399,0,0,59.87,128,[-113 -15 24 0 -27 16 -25 17 -24 16 -23 16 -23 15 -22 15 -22 14 -22 14 -21 13 -20 12 -20 12 -20 11 -18 10 -18 9 -17 9 -17 8 -17 8 -16 7 -16 7 -15 6 -15 5 -14 5 -13 4 -13 3 -14 3 0 0 0 0 0 0 0 0 0 0 0 0 0 0 0 0 0 0 0 0 0 0 -17 8 -18 6 -18 6 -18 6 -18 6 -19 6 -20 6 -20 5 -20 5 -20 5 -21 5 -22 5 -22 5 -22 4 -22 5 -24 5 -23 5 -24 6 -23 7 -24 7 -24 8 -25 8 -25 9 -25 10 -26 11 -27 13 ]
CSI_DATA,STA,E4:D1:24:F0:BE:00,-64,10,0,0,0,0,0,0,0,0,0,-97,0,5,0,59580093,0,399,0,0,59.9724,128,[-113 -15 24 0 27 -20 26 -20 26 -20 25 -19 25 -19 24 -20 23 -19 23 -18 24 -17 23 -17 22 -15 21 -14 21 -13 20 -13 18 -11 19 -11 18 -10 17 -10 16 -9 16 -9 15 -8 15 -7 14 -6 15 -6 13 -5 0 0 0 0 0 0 0 0 0 0 0 0 0 0 0 0 0 0 0 0 0 0 15 -6 16 -6 16 -6 15 -6 16 -5 17 -6 16 -6 17 -6 18 -6 17 -6 19 -6 19 -6 19 -6 20 -6 20 -6 21 -7 22 -7 22 -8 22 -9 22 -10 23 -11 23 -12 25 -12 25 -13 26 -14 28 -16 ]
CSI_DATA,STA,E4:D1:24:F0:BE:00,-64,10,0,0,0,0,0,0,0,0,0,-97,0,5,0,59682495,0,399,0,0,60.0748,128,[-113 -15 24 0 32 -6 30 -7 31 -6 29 -6 29 -6 29 -6 27 -5 27 -5 27 -4 25 -4 24 -3 23 -2 22 -2 22 -2 20 -2 20 0 19 0 19 0 18 1 17 1 16 1 15 2 14 2 14 2 12 3 0 0 0 0 0 0 0 0 0 0 0 0 0 0 0 0 0 0 0 0 0 0 18 1 17 1 18 2 17 2 18 2 18 2 19 2 19 2 19 2 20 3 20 3 20 2 20 3 22 3 21 3 23 2 23 2 24 3 24 1 25 1 26 -1 27 -1 28 -1 29 -2 31 -3 32 -3 ]
CSI_DATA,STA,E4:D1:24:F0:BE:00,-65,10,0,0,0,0,0,0,0,0,0,-97,0,5,0,59784896,0,399,0,0,60.1772,128,[-113 -15 24 0 28 15 29 16 28 15 27 15 26 14 27 14 26 14 25 14 24 13 23 13 22 13 21 14 19 13 18 12 18 12 17 13 16 12 16 12 14 11 14 11 14 11 12 11 11 11 10 11 9 10 0 0 0 0 0 0 0 0 0 0 0 0 0 0 0 0 0 0 0 0 0 0 14 12 14 13 13 14 13 14 13 15 13 14 13 14 14 15 14 15 13 15 14 16 14 16 13 17 13 16 14 17 14 17 15 17 15 17 17 17 17 17 18 17 19 17 20 18 22 18 24 18 27 18 ]
CSI_DATA,STA,E4:D1:24:F0:BE:00,-66,10,0,0,0,0,0,0,0,0,0,-97,0,5,0,59887298,0,399,0,0,60.2796,128,[-113 -15 24 0 14 -28 12 -27 13 -26 12 -26 12 -26 12 -24 12 -23 12 -22 12 -22 12 -21 12 -20 12 -19 12 -18 12 -16 11 -15 12 -14 11 -14 11 -14 11 -13 11 -12 10 -11 10 -11 9 -10 10 -8 10 -9 0 0 0 0 0 0 0 0 0 0 0 0 0 0 0 0 0 0 0 0 0 0 15 -13 15 -11 15 -11 15 -11 15 -10 15 -10 15 -10 15 -10 15 -10 15 -11 14 -11 15 -11 15 -12 14 -12 14 -13 14 -14 14 -14 14 -15 13 -17 13 -17 12 -18 13 -20 13 -21 13 -22 14 -24 15 -26 ]
CSI_DATA,STA,E4:D1:24:F0:BE:00,-64,10,0,0,0,0,0,0,0,0,0,-97,0,5,0,59989699,0,399,0,0,60.3819,128,[-113 -15 24 0 -27 -22 -27 -22 -27 -21 -26 -21 -26 -20 -26 -20 -24 -20 -25 -19 -24 -19 -24 -19 -22 -19 -22 -19 -20 -18 -20 -18 -19 -16 -18 -16 -17 -17 -17 -17 -16 -17 -15 -17 -15 -16 -14 -17 -14 -16 -12 -16 -10 -18 0 0 0 0 0 0 0 0 0 0 0 0 0 0 0 0 0 0 0 0 0 0 -16 -18 -14 -18 -13 -19 -12 -19 -12 -19 -11 -20 -12 -21 -11 -20 -11 -20 -9 -20 -10 -20 -10 -21 -9 -22 -9 -21 -9 -22 -11 -22 -11 -21 -12 -22 -12 -22 -13 -22 -15 -23 -15 -22 -17 -21 -18 -22 -20 -23 -23 -24 ]
CSI_DATA,STA,E4:D1:24:F0:BE:00,-64,10,0,0,0,0,0,0,0,0,0,-97,0,5,0,60092101,0,399,0,0,60.4844,128,[-113 -15 24 0 0 32 0 31 0 30 1 30 1 29 0 28 0 26 -2 25 -1 25 -2 25 -2 23 -3 22 -3 20 -3 19 -3 19 -3 19 -5 18 -4 16 -4 16 -5 15 -5 14 -5 14 -6 14 -7 13 -7 9 0 0 0 0 0 0 0 0 0 0 0 0 0 0 0 0 0 0 0 0 0 0 -7 18 -8 17 -7 18 -7 17 -8 17 -8 17 -9 17 -8 18 -8 17 -8 17 -8 18 -8 19 -8 18 -8 19 -8 20 -8 20 -7 21 -7 21 -6 23 -5 23 -4 24 -4 25 -3 26 -3 29 -3 30 -2 32 ]
CSI_DATA,STA,E4:D1:24:F0:BE:00,-62,10,0,0,0,0,0,0,0,0,0,-97,0,5,0,60194503,0,399,0,0,60.5868,128,[-113 -15 24 0 23 16 23 16 22 15 22 15 22 14 22 14 21 13 20 13 19 13 19 12 17 12 17 12 16 12 15 12 14 11 14 11 14 11 13 11 12 11 12 11 11 11 11 10 10 10 9 10 9 12 0 0 0 0 0 0 0 0 0 0 0 0 0 0 0 0 0 0 0 0 0 0 11 9 11 10 10 10 10 11 9 11 10 11 10 11 10 12 10 12 10 12 10 12 11 12 11 13 11 14 12 14 12 14 13 14 13 15 14 15 15 16 16 15 17 16 18 16 19 16 20 17 23 17 ]
CSI_DATA,STA,E4:D1:24:F0:BE:00,-64,10,0,0,0,0,0,0,0,0,0,-97,0,5,0,60296905,0,399,0,0,60.6892,128,[-113 -15 24 0 29 3 29 4 29 4 27 3 28 4 27 3 26 3 26 4 26 4 24 4 23 5 23 6 20 5 20 5 19 5 19 6 18 5 18 6 16 6 16 6 15 7 15 7 14 7 13 7 13 9 0 0 0 0 0 0 0 0 0 0 0 0 0 0 0 0 0 0 0 0 0 0 15 7 14 7 14 7 13 8 13 8 13 8 14 8 13 8 13 8 14 8 14 8 14 8 14 8 15 8 15 8 15 8 16 8 16 8 17 7 18 7 19 7 21 6 22 6 23 6 25 5 27 4 ]
CSI_DATA,STA,E4:D1:24:F0:BE:00,-64,10,0,0,0,0,0,0,0,0,0,-97,0,5,0,60399307,0,399,0,0,60.7916,128,[-113 -15 24 0 -34 -15 -33 -14 -32 -13 -31 -13 -31 -13 -31 -14 -28 -14 -28 -14 -26 -14 -25 -14 -24 -14 -23 -13 -21 -12 -20 -13 -18 -12 -18 -12 -17 -12 -16 -12 -15 -12 -15 -11 -14 -12 -13 -11 -13 -11 -11 -12 -11 -10 0 0 0 0 0 0 0 0 0 0 0 0 0 0 0 0 0 0 0 0 0 0 -16 -11 -15 -11 -15 -12 -14 -12 -15 -12 -15 -13 -15 -13 -16 -13 -15 -13 -16 -13 -16 -13 -17 -13 -17 -14 -17 -15 -18 -15 -20 -15 -20 -15 -21 -15 -21 -15 -22 -15 -23 -15 -26 -15 -27 -15 -29 -15 -31 -14 -33 -14 ]
CSI_DATA,STA,E4:D1:24:F0:BE:00,-62,10,0,0,0,0,0,0,0,0,0,-97,0,5,0,60501709,0,399,0,0,60.894,128,[-113 -15 24 0 -17 32 -16 31 -15 30 -16 29 -15 29 -15 29 -15 27 -14 26 -15 25 -15 24 -14 22 -14 22 -14 21 -13 20 -13 18 -13 18 -13 17 -13 16 -13 15 -13 14 -12 14 -12 13 -12 13 -13 11 -14 10 0 0 0 0 0 0 0 0 0 0 0 0 0 0 0 0 0 0 0 0 0 0 -12 10 -12 9 -12 10 -12 9 -12 10 -13 10 -13 10 -13 11 -13 11 -13 10 -14 11 -14 11 -15 12 -15 13 -15 13 -16 14 -16 15 -16 16 -16 16 -16 18 -16 19 -16 21 -16 23 -17 25 -17 27 -18 29 ]
CSI_DATA,STA,E4:D1:24:F0:BE:00,-64,10,0,0,0,0,0,0,0,0,0,-97,0,5,0,60604110,0,399,0,0,60.9963,128,[-113 -15 24 0 -10 -34 -10 -32 -10 -33 -9 -31 -9 -31 -9 -31 -8 -30 -7 -28 -7 -29 -6 -28 -6 -26 -4 -26 -4 -24 -4 -24 -3 -22 -2 -22 -2 -22 -1 -21 0 -20 0 -20 0 -19 1 -19 2 -18 2 -17 3 -18 0 0 0 0 0 0 0 0 0 0 0 0 0 0 0 0 0 0 0 0 0 0 -2 -18 -2 -17 -1 -18 -1 -17 -1 -18 -1 -18 -1 -18 0 -18 -1 -19 -1 -20 -1 -19 -1 -19 -1 -20 -1 -21 -1 -22 -1 -24 -2 -23 -2 -25 -2 -25 -3 -26 -4 -26 -4 -27 -5 -29 -6 -31 -7 -31 -8 -33 ]
CSI_DATA,STA,E4:D1:24:F0:BE:00,-63,10,0,0,0,0,0,0,0,0,0,-97,0,5,0,60706512,0,399,0,0,61.0987,128,[-113 -15 24 0 -29 -15 -29 -14 -27 -13 -27 -13 -27 -13 -27 -13 -26 -13 -25 -13 -24 -12 -24 -12 -24 -12 -23 -11 -22 -13 -20 -12 -19 -11 -18 -12 -18 -12 -18 -13 -16 -13 -16 -12 -14 -13 -14 -12 -14 -13 -12 -12 -12 -13 0 0 0 0 0 0 0 0 0 0 0 0 0 0 0 0 0 0 0 0 0 0 -13 -9 -12 -10 -12 -10 -12 -11 -12 -11 -13 -12 -13 -12 -13 -12 -13 -12 -13 -13 -14 -13 -13 -14 -14 -13 -15 -14 -15 -15 -16 -15 -17 -15 -17 -15 -18 -16 -19 -16 -20 -16 -21 -16 -22 -15 -24 -15 -26 -15 -27 -16 ]
CSI_DATA,STA,E4:D1:24:F0:BE:00,-64,10,0,0,0,0,0,0,0,0,0,-97,0,5,0,60808914,0,399,0,0,61.2012,128,[-113 -15 24 0 29 -17 28 -18 29 -18 28 -18 27 -17 28 -17 27 -17 27 -17 27 -17 26 -16 26 -15 25 -13 25 -13 24 -13 24 -11 24 -11 23 -10 23 -10 23 -9 23 -8 21 -7 21 -6 21 -4 20 -4 21 -3 0 0 0 0 0 0 0 0 0 0 0 0 0 0 0 0 0 0 0 0 0 0 18 -5 17 -3 18 -2 17 -2 17 -2 18 -2 18 -2 18 -3 18 -2 18 -1 19 -2 19 -3 19 -2 19 -2 20 -2 21 -3 21 -3 22 -4 21 -4 22 -5 22 -6 23 -8 25 -9 26 -10 26 -11 29 -14 ]
CSI_DATA,STA,E4:D1:24:F0:BE:00,-63,10,0,0,0,0,0,0,0,0,0,-97,0,5,0,60911316,0,399,0,0,61.3037,128,[-113 -15 24 0 25 -19 24 -19 24 -19 23 -18 23 -19 22 -19 22 -18 22 -18 22 -17 22 -15 21 -15 21 -14 20 -13 20 -13 19 -11 19 -11 19 -11 18 -10 18 -9 18 -8 17 -7 16 -6 16 -5 16 -3 17 -4 0 0 0 0 0 0 0 0 0 0 0 0 0 0 0 0 0 0 0 0 0 0 16 -5 16 -5 17 -5 16 -3 17 -3 17 -4 17 -3 17 -4 18 -4 18 -4 18 -3 19 -3 19 -3 18 -4 19 -4 20 -5 20 -5 20 -6 20 -7 21 -7 21 -9 22 -9 23 -11 23 -12 24 -14 26 -15 ]
CSI_DATA,STA,E4:D1:24:F0:BE:00,-64,10,0,0,0,0,0,0,0,0,0,-97,0,5,0,61013718,0,399,0,0,61.406,128,[-113 -15 24 0 17 29 18 29 18 28 18 28 18 27 17 27 17 26 16 26 14 25 14 25 14 24 12 24 12 23 11 22 10 21 10 22 9 21 8 21 7 20 7 19 6 20 6 19 5 18 4 18 2 17 0 0 0 0 0 0 0 0 0 0 0 0 0 0 0 0 0 0 0 0 0 0 6 17 6 17 4 18 4 18 4 19 4 19 4 19 4 19 5 20 4 21 4 20 5 21 6 22 5 22 6 22 7 23 6 24 7 24 8 24 8 26 10 25 11 27 12 27 12 29 14 29 17 29 ]
CSI_DATA,STA,E4:D1:24:F0:BE:00,-64,10,0,0,0,0,0,0,0,0,0,-97,0,5,0,61116120,0,399,0,0,61.5085,128,[-113 -15 24 0 30 2 30 2 30 1 29 1 28 1 29 1 27 0 26 1 26 1 26 1 25 1 24 2 23 2 23 2 21 2 21 3 21 4 20 4 19 4 19 4 18 4 18 5 17 5 16 6 16 7 0 0 0 0 0 0 0 0 0 0 0 0 0 0 0 0 0 0 0 0 0 0 17 3 16 3 16 4 16 4 16 5 16 5 17 5 17 5 17 5 18 6 17 6 18 6 18 7 19 7 19 7 19 7 19 7 21 7 21 6 22 7 22 7 24 6 25 6 26 5 28 4 30 5 ]
CSI_DATA,STA,E4:D1:24:F0:BE:00,-64,10,0,0,0,0,0,0,0,0,0,-97,0,5,0,61218522,0,399,0,0,61.6108,128,[-113 -15 24 0 -8 -27 -8 -26 -7 -27 -9 -26 -9 -26 -9 -25 -9 -25 -9 -25 -9 -25 -8 -24 -8 -24 -8 -23 -7 -22 -7 -23 -7 -21 -7 -22 -6 -22 -6 -22 -6 -21 -5 -20 -5 -20 -4 -21 -3 -20 -2 -20 1 -19 0 0 0 0 0 0 0 0 0 0 0 0 0 0 0 0 0 0 0 0 0 0 2 -12 2 -12 2 -12 2 -11 2 -12 2 -12 2 -13 1 -13 2 -13 2 -14 2 -14 2 -15 3 -15 3 -15 2 -16 2 -17 2 -16 1 -18 1 -18 1 -19 0 -20 -1 -21 -1 -22 -2 -23 -3 -23 -3 -26 ]
CSI_DATA,STA,E4:D1:24:F0:BE:00,-64,10,0,0,0,0,0,0,0,0,0,-97,0,5,0,61320923,0,399,0,0,61.7132,128,[-113 -15 24 0 -3 -34 -4 -34 -3 -34 -3 -33 -3 -32 -3 -31 -2 -31 -3 -30 -1 -29 -2 -29 -2 -28 -1 -27 0 -26 0 -25 0 -23 1 -23 1 -24 1 -23 2 -22 2 -20 2 -20 3 -20 3 -19 4 -19 5 -17 0 0 0 0 0 0 0 0 0 0 0 0 0 0 0 0 0 0 0 0 0 0 1 -15 2 -15 2 -16 2 -16 2 -17 2 -16 3 -17 2 -17 3 -17 3 -18 3 -18 3 -19 3 -20 2 -21 3 -21 2 -22 3 -23 3 -24 2 -25 3 -25 2 -27 1 -28 0 -29 1 -31 0 -32 -1 -34 ]
CSI_DATA,STA,E4:D1:24:F0:BE:00,-64,10,0,0,0,0,0,0,0,0,0,-97,0,5,0,61423325,0,399,0,0,61.8155,128,[-113 -15 24 0 -28 -15 -27 -14 -26 -13 -26 -13 -25 -13 -25 -14 -24 -13 -23 -13 -23 -13 -22 -13 -21 -13 -20 -13 -19 -12 -18 -12 -18 -12 -17 -12 -17 -12 -17 -12 -15 -12 -15 -12 -14 -12 -14 -13 -13 -13 -12 -13 -11 -13 0 0 0 0 0 0 0 0 0 0 0 0 0 0 0 0 0 0 0 0 0 0 -10 -12 -10 -12 -9 -12 -10 -12 -9 -12 -10 -12 -10 -12 -10 -12 -10 -12 -10 -13 -11 -12 -11 -12 -12 -12 -12 -13 -13 -13 -14 -14 -15 -13 -16 -14 -16 -14 -17 -15 -18 -13 -19 -14 -21 -15 -22 -15 -23 -15 -25 -15 ]
CSI_DATA,STA,E4:D1:24:F0:BE:00,-65,10,0,0,0,0,0,0,0,0,0,-97,0,5,0,61525727,0,399,0,0,61.9179,128,[-113 -15 24 0 -21 -25 -21 -26 -20 -24 -20 -25 -20 -24 -19 -24 -18 -23 -19 -22 -16 -22 -16 -22 -16 -24 -16 -22 -14 -21 -13 -21 -13 -20 -12 -20 -11 -20 -11 -19 -10 -19 -9 -18 -9 -19 -8 -18 -7 -18 -6 -18 -6 -18 0 0 0 0 0 0 0 0 0 0 0 0 0 0 0 0 0 0 0 0 0 0 -8 -16 -7 -16 -7 -16 -7 -16 -7 -16 -7 -16 -7 -16 -7 -16 -7 -17 -7 -17 -7 -17 -7 -18 -8 -18 -9 -19 -9 -19 -10 -19 -10 -19 -10 -20 -11 -20 -12 -21 -13 -22 -14 -23 -14 -22 -16 -23 -17 -25 -18 -26 ]
CSI_DATA,STA,E4:D1:24:F0:BE:00,-65,10,0,0,0,0,0,0,0,0,0,-97,0,5,0,61628129,0,399,0,0,62.0204,128,[-113 -15 24 0 12 30 14 29 15 28 14 29 14 28 14 29 14 29 13 28 13 28 12 27 12 27 12 27 10 26 10 25 9 25 9 25 8 25 7 24 6 23 6 23 5 23 4 22 3 22 2 22 -1 21 0 0 0 0 0 0 0 0 0 0 0 0 0 0 0 0 0 0 0 0 0 0 -2 18 -3 19 -3 18 -4 18 -3 18 -4 18 -3 18 -3 18 -4 18 -3 18 -3 18 -3 19 -2 19 -1 20 -1 20 -2 20 0 21 0 21 1 21 2 22 3 23 4 24 5 24 8 26 9 27 10 29 ]
CSI_DATA,STA,E4:D1:24:F0:BE:00,-64,10,0,0,0,0,0,0,0,0,0,-97,0,5,0,61730531,0,399,0,0,62.1228,128,[-113 -15 24 0 -2 -37 -2 -36 -2 -36 -3 -36 -3 -35 -1 -34 -1 -32 -1 -32 0 -31 -1 -30 -1 -30 0 -28 0 -27 0 -26 2 -25 2 -25 2 -24 3 -23 3 -23 4 -22 4 -21 4 -21 5 -20 6 -19 6 -18 0 0 0 0 0 0 0 0 0 0 0 0 0 0 0 0 0 0 0 0 0 0 3 -18 4 -17 4 -18 4 -17 4 -18 4 -17 4 -17 4 -17 3 -18 3 -19 4 -18 4 -19 3 -20 3 -20 4 -21 3 -23 2 -23 3 -24 2 -25 2 -26 1 -27 1 -29 1 -31 0 -32 -1 -34 -1 -35 ]
CSI_DATA,STA,E4:D1:24:F0:BE:00,-64,10,0,0,0,0,0,0,0,0,0,-97,0,5,0,61832932,0,399,0,0,62.2253,128,[-113 -15 24 0 -33 -12 -33 -12 -32 -11 -30 -10 -31 -9 -29 -9 -29 -10 -28 -10 -28 -9 -27 -9 -26 -9 -25 -9 -23 -9 -23 -8 -22 -9 -21 -9 -21 -8 -21 -9 -19 -9 -19 -9 -17 -10 -17 -9 -16 -9 -16 -9 -15 -12 0 0 0 0 0 0 0 0 0 0 0 0 0 0 0 0 0 0 0 0 0 0 -19 -11 -17 -12 -17 -13 -16 -12 -17 -13 -17 -12 -17 -13 -17 -13 -17 -13 -17 -13 -18 -12 -18 -13 -18 -13 -19 -14 -19 -14 -20 -14 -21 -14 -22 -14 -22 -14 -23 -14 -24 -13 -25 -14 -27 -13 -28 -14 -29 -13 -32 -14 ]
CSI_DATA,STA,E4:D1:24:F0:BE:00,-64,10,0,0,0,0,0,0,0,0,0,-97,0,5,0,61935334,0,399,0,0,62.3277,128,[-113 -15 24 0 8 32 9 31 10 30 9 29 9 29 9 29 8 29 8 29 8 28 7 27 6 26 5 26 5 25 4 24 4 23 4 23 3 22 3 21 1 21 1 20 1 19 0 19 -1 18 -2 18 -2 16 0 0 0 0 0 0 0 0 0 0 0 0 0 0 0 0 0 0 0 0 0 0 0 17 -1 17 -1 17 -1 17 -2 17 -2 17 -2 17 -2 17 -2 18 -2 17 -2 18 -3 19 -2 19 -2 19 -2 20 -2 21 -1 21 -2 21 -1 22 0 22 1 23 2 25 2 25 3 27 5 28 7 29 ]
CSI_DATA,STA,E4:D1:24:F0:BE:00,-65,10,0,0,0,0,0,0,0,0,0,-97,0,5,0,62037735,0,399,0,0,62.4301,128,[-113 -15 24 0 -16 -25 -16 -24 -16 -24 -16 -24 -16 -24 -16 -24 -14 -22 -15 -22 -14 -22 -14 -22 -13 -21 -12 -21 -12 -21 -11 -20 -11 -19 -10 -19 -9 -19 -9 -19 -8 -18 -8 -18 -7 -17 -6 -17 -6 -17 -4 -16 -3 -16 0 0 0 0 0 0 0 0 0 0 0 0 0 0 0 0 0 0 0 0 0 0 -6 -15 -5 -16 -5 -16 -5 -16 -5 -17 -4 -16 -4 -17 -5 -17 -4 -17 -5 -17 -5 -17 -5 -18 -5 -18 -5 -19 -5 -19 -6 -20 -6 -19 -7 -21 -7 -21 -7 -21 -9 -22 -9 -23 -11 -23 -11 -24 -12 -24 -13 -25 ]
CSI_DATA,STA,E4:D1:24:F0:BE:00,-65,10,0,0,0,0,0,0,0,0,0,-97,0,5,0,62140137,0,399,0,0,62.5324,128,[-113 -15 24 0 -24 16 -23 15 -22 15 -22 14 -22 15 -22 15 -21 14 -21 14 -21 14 -20 13 -19 12 -19 12 -19 11 -19 10 -17 9 -17 9 -16 9 -16 8 -16 7 -16 8 -15 6 -15 7 -15 6 -15 5 -14 3 0 0 0 0 0 0 0 0 0 0 0 0 0 0 0 0 0 0 0 0 0 0 -16 4 -16 3 -16 3 -16 3 -16 3 -16 3 -16 3 -17 3 -16 3 -17 3 -16 3 -17 4 -17 4 -17 4 -18 4 -18 5 -18 5 -19 5 -19 7 -20 6 -20 7 -21 8 -21 9 -21 11 -22 12 -24 13 ]
CSI_DATA,STA,E4:D1:24:F0:BE:00,-65,10,0,0,0,0,0,0,0,0,0,-97,0,5,0,62242539,0,399,0,0,62.6348,128,[-113 -15 24 0 6 -29 6 -29 6 -27 6 -27 6 -27 5 -27 5 -26 5 -26 6 -25 6 -25 5 -23 6 -23 6 -21 6 -21 6 -20 7 -19 6 -19 6 -18 7 -17 6 -17 6 -16 6 -16 7 -15 7 -15 9 -14 0 0 0 0 0 0 0 0 0 0 0 0 0 0 0 0 0 0 0 0 0 0 8 -14 8 -13 8 -13 8 -12 8 -13 8 -13 8 -12 7 -13 8 -13 8 -13 7 -14 8 -14 7 -15 7 -15 8 -16 8 -15 8 -16 9 -17 8 -18 8 -18 8 -20 8 -21 7 -22 7 -24 7 -25 7 -25 ]
CSI_DATA,STA,E4:D1:24:F0:BE:00,-65,10,0,0,0,0,0,0,0,0,0,-97,0,5,0,62344941,0,399,0,0,62.7373,128,[-113 -15 24 0 -20 -24 -20 -22 -20 -24 -19 -23 -19 -23 -19 -23 -18 -22 -19 -22 -18 -23 -18 -22 -17 -22 -16 -21 -16 -20 -14 -20 -14 -20 -14 -20 -12 -19 -13 -19 -12 -19 -11 -18 -11 -18 -10 -18 -9 -17 -8 -17 -6 -17 0 0 0 0 0 0 0 0 0 0 0 0 0 0 0 0 0 0 0 0 0 0 -6 -16 -5 -15 -5 -16 -5 -15 -5 -15 -4 -15 -5 -15 -5 -15 -5 -15 -5 -15 -5 -14 -5 -16 -5 -16 -5 -16 -6 -16 -7 -17 -7 -17 -7 -18 -8 -17 -9 -18 -10 -19 -10 -20 -11 -20 -12 -21 -14 -22 -15 -23 ]
CSI_DATA,STA,E4:D1:24:F0:BE:00,-66,10,0,0,0,0,0,0,0,0,0,-97,0,5,0,62447343,0,399,0,0,62.8397,128,[-113 -15 24 0 29 6 28 5 29 6 28 5 28 5 28 5 27 6 27 6 26 6 25 6 24 6 23 6 22 6 23 6 20 6 21 7 21 7 20 7 19 7 18 7 17 7 17 9 15 8 15 8 14 11 0 0 0 0 0 0 0 0 0 0 0 0 0 0 0 0 0 0 0 0 0 0 13 9 11 9 11 9 11 9 11 9 11 9 11 9 11 8 11 8 11 8 12 8 13 8 12 8 13 9 13 8 14 9 15 9 17 8 16 8 17 8 18 8 20 8 21 7 22 7 24 7 25 6 ]
CSI_DATA,STA,E4:D1:24:F0:BE:00,-66,10,0,0,0,0,0,0,0,0,0,-97,0,5,0,62549745,0,399,0,0,62.9421,128,[-113 -15 24 0 8 27 8 28 8 26 8 26 8 26 8 26 8 25 9 25 8 24 8 24 8 25 7 24 7 24 6 22 5 22 5 21 5 21 4 20 4 21 3 20 3 19 2 19 2 19 0 18 -2 19 0 0 0 0 0 0 0 0 0 0 0 0 0 0 0 0 0 0 0 0 0 0 -2 15 -3 15 -3 15 -3 15 -3 15 -3 15 -3 15 -3 16 -3 15 -1 14 -2 15 -2 16 -1 16 -1 17 -1 17 -1 17 0 18 0 18 -1 19 2 20 2 20 2 22 2 21 4 23 5 24 6 26 ]
CSI_DATA,STA,E4:D1:24:F0:BE:00,-65,10,0,0,0,0,0,0,0,0,0,-97,0,5,0,62652146,0,399,0,0,63.0444,128,[-113 -15 24 0 -32 -8 -31 -7 -31 -7 -30 -7 -29 -7 -29 -7 -29 -7 -28 -7 -28 -7 -27 -7 -26 -7 -26 -7 -26 -7 -24 -7 -24 -7 -23 -7 -22 -8 -22 -7 -21 -9 -21 -8 -20 -9 -20 -9 -19 -9 -18 -9 -18 -10 0 0 0 0 0 0 0 0 0 0 0 0 0 0 0 0 0 0 0 0 0 0 -15 -8 -14 -10 -14 -9 -13 -10 -14 -10 -14 -9 -14 -9 -14 -9 -15 -9 -15 -9 -15 -9 -16 -9 -16 -9 -17 -10 -17 -10 -19 -10 -20 -10 -20 -10 -20 -10 -21 -10 -22 -10 -23 -10 -25 -10 -26 -9 -28 -9 -30 -9 ]
CSI_DATA,STA,E4:D1:24:F0:BE:00,-65,10,0,0,0,0,0,0,0,0,0,-97,0,5,0,62716393,0,189,0,0,63.1086,128,[-67 -48 11 0 -34 3 -33 4 -32 4 -32 4 -31 5 -31 4 -31 4 -30 4 -29 4 -29 3 -27 3 -28 2 -27 3 -26 3 -26 3 -26 2 -26 2 -25 2 -24 0 -24 1 -23 0 -22 -1 -22 -2 -22 -2 -21 -3 0 0 0 0 0 0 0 0 0 0 0 0 0 0 0 0 0 0 0 0 0 0 -16 -5 -15 -6 -15 -6 -15 -6 -15 -7 -15 -5 -16 -5 -15 -5 -16 -5 -16 -5 -17 -4 -18 -5 -18 -5 -18 -5 -18 -4 -20 -4 -20 -4 -21 -4 -21 -5 -22 -3 -24 -1 -25 -1 -26 -1 -28 -1 -28 0 -32 1 ]
CSI_DATA,STA,E4:D1:24:F0:BE:00,-65,10,0,0,0,0,0,0,0,0,0,-97,0,5,0,62717395,0,189,0,0,63.1424,128,[-67 -48 11 0 -24 18 -23 17 -22 18 -22 17 -22 17 -23 17 -22 15 -22 16 -21 14 -20 15 -21 14 -21 14 -20 13 -20 11 -20 11 -19 12 -19 9 -19 10 -19 8 -18 9 -19 7 -18 6 -17 6 -20 5 -17 8 0 0 0 0 0 0 0 0 0 0 0 0 0 0 0 0 0 0 0 0 0 0 -14 6 -13 5 -14 5 -14 4 -14 5 -14 5 -14 5 -14 6 -15 5 -15 5 -13 7 -14 6 -14 8 -16 7 -16 8 -16 8 -16 9 -17 9 -17 9 -18 8 -18 11 -18 11 -19 13 -19 14 -20 16 -22 17 ]
CSI_DATA,STA,E4:D1:24:F0:BE:00,-65,10,0,0,0,0,0,0,0,0,0,-97,0,5,0,62754548,0,399,0,0,63.1851,128,[-113 -15 24 0 -4 31 -4 32 -3 30 -3 31 -3 31 -3 31 -3 29 -3 29 -3 28 -3 28 -3 27 -3 27 -4 26 -4 25 -4 24 -5 23 -5 24 -5 23 -6 22 -6 21 -6 20 -6 19 -7 19 -8 19 -10 18 0 0 0 0 0 0 0 0 0 0 0 0 0 0 0 0 0 0 0 0 0 0 -6 16 -7 16 -7 16 -8 16 -7 14 -7 14 -7 15 -7 15 -8 16 -7 15 -8 15 -8 16 -7 17 -8 17 -8 18 -7 18 -8 19 -8 19 -6 20 -8 21 -7 23 -6 23 -6 24 -6 26 -6 28 -5 29 ]
CSI_DATA,STA,E4:D1:24:F0:BE:00,-64,10,0,0,0,0,0,0,0,0,0,-97,0,5,0,62856949,0,399,0,0,63.2491,128,[-113 -15 24 0 0 -36 -1 -37 0 -36 0 -35 0 -34 0 -34 -1 -33 0 -33 0 -32 0 -31 0 -31 0 -30 1 -29 1 -27 1 -27 2 -26 3 -26 3 -26 3 -25 3 -24 3 -23 4 -23 5 -22 6 -21 7 -21 0 0 0 0 0 0 0 0 0 0 0 0 0 0 0 0 0 0 0 0 0 0 5 -17 6 -16 6 -16 6 -16 6 -16 5 -16 6 -17 5 -17 6 -16 5 -17 6 -17 6 -18 6 -19 6 -20 6 -20 5 -21 6 -22 5 -22 5 -24 4 -24 4 -26 4 -28 3 -28 3 -30 3 -32 2 -35 ]
CSI_DATA,STA,E4:D1:24:F0:BE:00,-64,10,0,0,0,0,0,0,0,0,0,-97,0,5,0,62959351,0,399,0,0,63.3516,128,[-113 -15 24 0 29 7 28 7 28 6 27 6 27 6 27 8 26 6 26 6 25 6 25 6 25 5 23 5 22 7 21 6 22 6 20 6 19 6 19 6 18 6 17 7 17 7 16 7 16 7 15 8 13 8 0 0 0 0 0 0 0 0 0 0 0 0 0 0 0 0 0 0 0 0 0 0 15 6 14 6 14 7 14 7 13 7 13 7 13 7 14 7 13 7 13 7 14 8 14 8 14 8 15 8 15 8 16 8 18 8 17 8 18 8 18 9 19 8 20 9 22 9 24 9 25 9 27 9 ]
CSI_DATA,STA,E4:D1:24:F0:BE:00,-65,10,0,0,0,0,0,0,0,0,0,-97,0,5,0,63061753,0,399,0,0,63.4541,128,[-113 -15 24 0 -19 22 -19 23 -18 23 -17 23 -17 24 -18 22 -16 22 -17 22 -17 21 -16 20 -17 20 -16 19 -16 18 -16 18 -15 16 -15 16 -15 16 -16 15 -16 14 -14 13 -16 13 -15 12 -15 11 -15 10 -15 8 0 0 0 0 0 0 0 0 0 0 0 0 0 0 0 0 0 0 0 0 0 0 -13 13 -14 11 -15 11 -14 10 -14 10 -15 9 -15 9 -15 10 -14 10 -15 10 -14 10 -15 10 -15 10 -15 11 -15 11 -16 10 -16 12 -17 11 -17 12 -16 13 -16 15 -18 15 -18 17 -18 18 -19 20 -19 22 ]
CSI_DATA,STA,E4:D1:24:F0:BE:00,-65,10,0,0,0,0,0,0,0,0,0,-97,0,5,0,63118012,0,189,0,0,63.5098,128,[-67 -48 11 0 25 -4 26 -5 25 -4 25 -4 25 -5 24 -5 25 -4 23 -4 23 -4 23 -4 22 -4 21 -3 21 -3 20 -3 20 -3 19 -2 19 -1 19 0 17 0 18 0 17 0 16 0 16 1 15 2 16 3 0 0 0 0 0 0 0 0 0 0 0 0 0 0 0 0 0 0 0 0 0 0 17 0 16 1 16 2 15 2 15 2 16 2 15 3 15 3 16 3 14 2 14 3 14 3 14 3 16 2 16 3 16 3 16 2 17 2 17 2 18 2 19 0 19 0 20 -1 22 0 22 -2 25 -3 ]
CSI_DATA,STA,E4:D1:24:F0:BE:00,-66,10,0,0,0,0,0,0,0,0,0,-97,0,5,0,63164155,0,399,0,0,63.5565,128,[-113 -15 24 0 34 2 33 2 31 3 33 2 31 2 31 1 29 2 30 3 29 2 28 3 27 3 26 4 25 3 24 4 23 4 22 4 22 4 22 4 20 5 20 4 19 5 18 5 17 6 16 6 16 6 0 0 0 0 0 0 0 0 0 0 0 0 0 0 0 0 0 0 0 0 0 0 21 5 19 6 19 5 18 6 18 7 18 7 18 7 18 7 18 7 18 6 18 7 18 6 19 7 19 7 20 7 20 7 20 7 22 6 21 6 22 6 23 6 26 5 26 4 27 4 29 4 31 3 ]
CSI_DATA,STA,E4:D1:24:F0:BE:00,-65,10,0,0,0,0,0,0,0,0,0,-97,0,5,0,63266557,0,399,0,0,63.6589,128,[-113 -15 24 0 -10 33 -9 32 -9 33 -8 32 -9 32 -8 32 -9 31 -10 31 -9 30 -10 29 -10 27 -10 27 -10 26 -10 25 -9 24 -10 23 -10 23 -10 22 -10 21 -11 19 -10 19 -11 19 -10 17 -11 17 -11 14 0 0 0 0 0 0 0 0 0 0 0 0 0 0 0 0 0 0 0 0 0 0 -9 18 -11 17 -11 16 -12 16 -11 16 -12 15 -13 16 -13 15 -12 15 -13 16 -12 15 -13 16 -13 16 -13 16 -13 16 -13 17 -13 18 -14 18 -13 19 -12 20 -12 22 -12 23 -12 24 -11 26 -10 28 -12 30 ]
CSI_DATA,STA,E4:D1:24:F0:BE:00,-65,10,0,0,0,0,0,0,0,0,0,-97,0,5,0,63368958,0,399,0,0,63.7613,128,[-113 -15 24 0 -11 -36 -10 -35 -10 -36 -11 -34 -10 -34 -11 -34 -9 -33 -10 -32 -8 -32 -8 -32 -7 -31 -5 -29 -5 -30 -5 -27 -4 -26 -4 -26 -3 -25 -3 -24 -2 -25 -2 -23 -2 -22 -1 -21 0 -21 0 -21 2 -19 0 0 0 0 0 0 0 0 0 0 0 0 0 0 0 0 0 0 0 0 0 0 1 -20 2 -20 3 -20 3 -19 3 -20 3 -19 3 -19 3 -20 3 -19 2 -19 3 -18 3 -20 2 -20 3 -21 1 -21 1 -22 1 -22 2 -22 -1 -24 -1 -24 -2 -25 -4 -26 -4 -28 -5 -29 -6 -32 -7 -33 ]
CSI_DATA,STA,E4:D1:24:F0:BE:00,-65,10,0,0,0,0,0,0,0,0,0,-97,0,5,0,63471360,0,399,0,0,63.8637,128,[-113 -15 24 0 -15 -28 -16 -28 -15 -27 -15 -28 -16 -28 -16 -27 -15 -27 -15 -26 -15 -26 -14 -26 -14 -25 -13 -25 -13 -23 -12 -23 -11 -22 -10 -22 -10 -22 -9 -21 -8 -21 -8 -20 -7 -20 -7 -19 -6 -18 -5 -18 -3 -18 0 0 0 0 0 0 0 0 0 0 0 0 0 0 0 0 0 0 0 0 0 0 -3 -19 -2 -18 -1 -19 0 -19 0 -19 0 -18 0 -18 0 -19 1 -18 -1 -18 -1 -18 -1 -18 -2 -18 -1 -19 -1 -19 -1 -19 -3 -19 -2 -21 -3 -21 -4 -21 -5 -21 -6 -23 -8 -23 -9 -24 -11 -26 -13 -27 ]
CSI_DATA,STA,E4:D1:24:F0:BE:00,-65,10,0,0,0,0,0,0,0,0,0,-97,0,5,0,63573762,0,399,0,0,63.9659,128,[-113 -15 24 0 -5 33 -5 33 -4 33 -4 32 -3 33 -5 32 -4 31 -5 30 -5 30 -5 29 -5 28 -6 27 -6 26 -6 25 -7 23 -6 23 -7 22 -7 21 -7 21 -7 21 -7 19 -7 19 -7 17 -8 16 -10 16 0 0 0 0 0 0 0 0 0 0 0 0 0 0 0 0 0 0 0 0 0 0 -10 17 -9 16 -10 16 -10 16 -11 15 -10 16 -10 15 -10 15 -11 16 -10 16 -11 15 -10 16 -10 17 -10 17 -9 17 -10 18 -10 18 -10 19 -9 20 -9 20 -7 22 -7 23 -6 24 -6 27 -5 29 -4 30 ]
CSI_DATA,STA,E4:D1:24:F0:BE:00,-66,10,0,0,0,0,0,0,0,0,0,-97,0,5,0,63676164,0,399,0,0,64.0683,128,[-113 -15 24 0 24 -23 23 -23 24 -22 24 -21 23 -21 23 -22 23 -21 22 -21 23 -20 22 -19 21 -17 22 -17 20 -16 20 -15 19 -14 18 -14 19 -13 19 -13 18 -12 17 -11 16 -11 16 -10 16 -9 16 -9 15 -7 0 0 0 0 0 0 0 0 0 0 0 0 0 0 0 0 0 0 0 0 0 0 18 -7 18 -6 18 -7 18 -5 18 -7 18 -5 18 -5 18 -5 18 -5 17 -6 17 -6 18 -5 18 -6 18 -7 18 -7 18 -8 19 -8 19 -9 19 -10 19 -10 19 -11 20 -14 21 -14 22 -16 22 -17 25 -20 ]
CSI_DATA,STA,E4:D1:24:F0:BE:00,-66,10,0,0,0,0,0,0,0,0,0,-97,0,5,0,63778566,0,399,0,0,64.1709,128,[-113 -15 24 0 0 -34 -2 -34 -1 -33 0 -32 -1 -33 -1 -32 1 -31 1 -30 2 -30 2 -28 2 -29 3 -25 4 -25 4 -23 4 -23 4 -23 5 -21 4 -21 4 -20 4 -19 4 -20 5 -18 4 -17 6 -15 7 -17 0 0 0 0 0 0 0 0 0 0 0 0 0 0 0 0 0 0 0 0 0 0 8 -18 8 -16 9 -17 8 -17 8 -18 7 -16 8 -17 8 -16 10 -17 7 -17 8 -17 6 -17 6 -18 7 -19 8 -18 7 -20 5 -21 7 -20 4 -23 4 -23 4 -23 2 -26 1 -26 1 -28 0 -30 0 -31 ]
CSI_DATA,STA,E4:D1:24:F0:BE:00,-66,10,0,0,0,0,0,0,0,0,0,-97,0,5,0,63838952,0,104,0,0,64.2308,128,[104 -128 6 0 -1 29 1 29 1 29 1 29 1 30 0 29 1 28 0 28 -1 28 -1 27 -1 27 -2 26 -2 25 -2 25 -3 23 -3 23 -4 22 -4 22 -3 21 -5 20 -4 19 -5 19 -5 18 -6 17 -6 15 0 0 0 0 0 0 0 0 0 0 0 0 0 0 0 0 0 0 0 0 0 0 -6 16 -7 15 -7 15 -8 15 -8 15 -7 15 -8 15 -8 15 -7 14 -6 15 -8 14 -7 14 -7 15 -6 16 -7 15 -7 17 -6 16 -6 17 -5 18 -5 19 -4 19 -3 20 -4 22 -2 22 -3 25 -2 27 ]
CSI_DATA,STA,E4:D1:24:F0:BE:00,-65,10,0,0,0,0,0,0,0,0,0,-97,0,5,0,63841752,0,125,0,0,64.2614,128,[125 -48 7 0 30 -8 29 -10 29 -8 29 -9 29 -9 29 -8 28 -8 28 -7 27 -7 26 -7 26 -5 25 -6 25 -5 24 -4 23 -4 22 -3 21 -3 21 -3 21 -2 19 -1 19 -1 18 0 17 0 17 0 16 2 0 0 0 0 0 0 0 0 0 0 0 0 0 0 0 0 0 0 0 0 0 0 17 -1 16 0 16 0 15 1 15 2 15 1 15 1 16 1 16 1 15 1 16 1 16 1 17 1 16 0 17 1 19 0 19 0 19 -1 19 -1 20 -1 20 -2 21 -3 23 -4 24 -4 26 -6 29 -7 ]
CSI_DATA,STA,E4:D1:24:F0:BE:00,-66,10,0,0,0,0,0,0,0,0,0,-97,0,5,0,63880968,0,399,0,0,64.3008,128,[-113 -15 24 0 33 1 32 1 32 1 31 2 32 2 31 2 29 3 29 1 29 2 27 2 25 3 26 2 24 4 24 3 22 3 23 4 20 4 20 3 20 4 18 4 18 4 17 4 16 4 16 3 14 5 0 0 0 0 0 0 0 0 0 0 0 0 0 0 0 0 0 0 0 0 0 0 18 5 17 6 18 6 17 6 17 7 17 7 17 7 17 7 18 7 18 7 18 7 17 6 19 7 19 7 19 6 21 7 20 6 21 5 21 5 23 5 23 5 25 4 25 5 27 3 29 4 30 2 ]
CSI_DATA,STA,E4:D1:24:F0:BE:00,-66,10,0,0,0,0,0,0,0,0,0,-97,0,5,0,63983369,0,399,0,0,64.3757,128,[-113 -15 24 0 -1 32 -1 32 0 31 -1 31 1 31 -2 31 -1 30 -2 29 -3 28 -4 27 -4 26 -3 26 -4 24 -4 23 -5 22 -5 22 -4 20 -5 20 -4 19 -5 18 -5 17 -4 17 -4 16 -6 15 -7 13 0 0 0 0 0 0 0 0 0 0 0 0 0 0 0 0 0 0 0 0 0 0 -7 15 -7 16 -7 16 -8 15 -7 15 -8 16 -7 16 -7 16 -6 16 -7 16 -7 16 -7 17 -7 18 -7 19 -6 18 -7 20 -6 20 -7 20 -5 23 -5 23 -4 23 -4 25 -4 25 -4 26 -3 28 -2 30 ]
CSI_DATA,STA,E4:D1:24:F0:BE:00,-67,10,0,0,0,0,0,0,0,0,0,-97,0,5,0,64085771,0,399,0,0,64.4781,128,[-113 -15 24 0 -29 -15 -28 -15 -28 -15 -28 -15 -26 -15 -27 -16 -24 -15 -24 -16 -22 -15 -22 -15 -22 -15 -20 -14 -19 -15 -18 -14 -17 -13 -17 -13 -16 -13 -15 -13 -14 -12 -15 -12 -14 -12 -13 -11 -13 -11 -12 -10 -11 -12 0 0 0 0 0 0 0 0 0 0 0 0 0 0 0 0 0 0 0 0 0 0 -13 -16 -12 -16 -12 -16 -12 -16 -12 -16 -12 -16 -12 -16 -13 -15 -12 -15 -14 -16 -13 -15 -13 -16 -14 -15 -14 -16 -16 -16 -16 -17 -17 -16 -17 -16 -17 -16 -18 -15 -19 -15 -20 -15 -21 -15 -24 -15 -24 -15 -26 -16 ]
CSI_DATA,STA,E4:D1:24:F0:BE:00,-68,10,0,0,0,0,0,0,0,0,0,-97,0,5,0,64188173,0,399,0,0,64.5805,128,[-113 -15 24 0 -33 0 -32 2 -33 1 -33 0 -32 0 -32 -1 -31 -2 -30 0 -30 -1 -30 -2 -30 -2 -27 -3 -26 -3 -26 -2 -24 -4 -24 -4 -23 -4 -22 -3 -21 -4 -21 -4 -21 -4 -19 -4 -18 -4 -18 -4 -16 -6 0 0 0 0 0 0 0 0 0 0 0 0 0 0 0 0 0 0 0 0 0 0 -21 -7 -20 -8 -19 -8 -19 -10 -19 -9 -19 -8 -20 -10 -20 -10 -20 -8 -20 -8 -20 -8 -21 -8 -21 -8 -21 -7 -22 -7 -21 -7 -22 -6 -23 -6 -23 -6 -23 -5 -24 -4 -26 -4 -26 -3 -27 -2 -30 -1 -31 -1 ]
CSI_DATA,STA,E4:D1:24:F0:BE:00,-67,10,0,0,0,0,0,0,0,0,0,-97,0,5,0,64290575,0,399,0,0,64.6829,128,[-113 -15 24 0 30 13 30 14 28 15 29 14 28 15 27 14 26 15 24 15 24 14 24 14 22 14 21 14 19 14 18 14 17 13 17 14 15 13 15 13 14 13 13 12 13 12 12 12 12 12 10 11 11 11 0 0 0 0 0 0 0 0 0 0 0 0 0 0 0 0 0 0 0 0 0 0 14 12 13 12 13 13 13 13 13 13 14 13 13 14 14 13 14 14 13 14 13 13 16 14 16 15 15 14 16 14 17 13 17 15 18 14 18 14 19 13 20 14 22 14 23 13 25 13 26 13 30 14 ]
CSI_DATA,STA,E4:D1:24:F0:BE:00,-66,10,0,0,0,0,0,0,0,0,0,-97,0,5,0,64392977,0,399,0,0,64.7852,128,[-113 -15 24 0 -21 -25 -19 -25 -19 -26 -19 -25 -18 -26 -18 -26 -17 -25 -16 -24 -15 -24 -15 -24 -15 -24 -13 -23 -12 -21 -12 -21 -10 -20 -10 -20 -9 -19 -8 -19 -8 -18 -8 -18 -7 -17 -7 -17 -5 -17 -6 -15 -3 -15 0 0 0 0 0 0 0 0 0 0 0 0 0 0 0 0 0 0 0 0 0 0 -5 -20 -5 -20 -4 -20 -3 -20 -4 -21 -3 -20 -3 -20 -4 -20 -4 -20 -4 -20 -4 -19 -4 -20 -5 -21 -5 -21 -6 -20 -6 -21 -7 -21 -7 -22 -9 -21 -9 -21 -11 -22 -12 -23 -13 -22 -14 -25 -16 -24 -18 -26 ]
CSI_DATA,STA,E4:D1:24:F0:BE:00,-66,10,0,0,0,0,0,0,0,0,0,-97,0,5,0,64495379,0,399,0,0,64.8876,128,[-113 -15 24 0 9 -30 7 -30 8 -28 8 -29 8 -27 9 -26 8 -27 8 -25 8 -24 9 -24 9 -22 9 -21 9 -21 8 -19 8 -18 8 -17 8 -17 8 -15 9 -15 8 -15 7 -14 8 -13 7 -13 8 -12 9 -11 0 0 0 0 0 0 0 0 0 0 0 0 0 0 0 0 0 0 0 0 0 0 10 -15 10 -15 11 -15 11 -15 11 -15 12 -14 11 -14 11 -15 11 -14 11 -15 12 -15 11 -17 12 -16 11 -16 12 -17 11 -18 11 -18 11 -19 11 -20 11 -20 10 -21 10 -22 10 -22 9 -25 9 -28 10 -28 ]
CSI_DATA,STA,E4:D1:24:F0:BE:00,-66,10,0,0,0,0,0,0,0,0,0,-97,0,5,0,64597781,0,399,0,0,64.9901,128,[-113 -15 24 0 21 22 22 22 21 23 20 23 20 21 19 21 19 21 18 21 17 20 16 20 15 21 14 20 13 20 12 18 11 18 10 19 9 16 9 16 9 16 8 15 7 14 6 14 6 14 5 13 5 14 0 0 0 0 0 0 0 0 0 0 0 0 0 0 0 0 0 0 0 0 0 0 8 17 9 17 8 17 7 17 7 18 8 18 7 18 8 18 8 18 7 17 8 18 9 19 9 19 9 20 9 19 9 18 10 19 11 19 11 19 12 20 14 20 14 20 15 20 17 22 18 22 20 22 ]
CSI_DATA,STA,E4:D1:24:F0:BE:00,-65,10,0,0,0,0,0,0,0,0,0,-97,0,5,0,64700182,0,399,0,0,65.0925,128,[-113 -15 24 0 -25 -28 -25 -26 -25 -24 -24 -26 -24 -24 -23 -25 -23 -24 -21 -24 -20 -23 -19 -23 -17 -23 -17 -23 -16 -21 -15 -20 -14 -19 -13 -19 -11 -18 -12 -19 -11 -18 -10 -17 -10 -16 -9 -16 -8 -16 -6 -15 -7 -14 0 0 0 0 0 0 0 0 0 0 0 0 0 0 0 0 0 0 0 0 0 0 -10 -18 -9 -18 -8 -20 -8 -19 -9 -19 -8 -20 -9 -19 -9 -20 -10 -19 -9 -21 -10 -20 -10 -21 -10 -21 -10 -22 -11 -22 -13 -23 -13 -22 -13 -23 -13 -23 -16 -23 -17 -24 -17 -24 -19 -23 -21 -26 -22 -26 -24 -27 ]
CSI_DATA,STA,E4:D1:24:F0:BE:00,-66,10,0,0,0,0,0,0,0,0,0,-97,0,5,0,64802585,0,399,0,0,65.195,128,[-113 -15 24 0 7 -32 8 -32 8 -31 7 -31 8 -29 7 -29 8 -29 8 -28 9 -26 8 -25 8 -24 8 -24 8 -22 9 -20 9 -19 8 -19 9 -18 9 -17 8 -17 9 -16 8 -14 7 -13 7 -13 8 -13 6 -10 0 0 0 0 0 0 0 0 0 0 0 0 0 0 0 0 0 0 0 0 0 0 9 -18 10 -17 10 -17 10 -17 10 -16 10 -17 10 -17 11 -17 11 -17 10 -18 10 -18 10 -18 11 -19 11 -20 11 -20 11 -20 10 -20 11 -21 11 -22 11 -22 10 -24 9 -25 9 -25 9 -26 9 -29 9 -31 ]
CSI_DATA,STA,E4:D1:24:F0:BE:00,-67,10,0,0,0,0,0,0,0,0,0,-97,0,5,0,64857413,0,125,0,0,65.2492,128,[125 -48 7 0 1 -35 2 -32 3 -33 3 -31 3 -30 3 -29 5 -29 5 -29 6 -28 8 -26 7 -25 6 -24 8 -22 7 -21 6 -20 8 -19 8 -17 7 -17 8 -16 8 -16 6 -13 6 -14 4 -12 6 -9 6 -22 0 0 0 0 0 0 0 0 0 0 0 0 0 0 0 0 0 0 0 0 0 0 7 -18 7 -17 7 -19 6 -17 8 -17 8 -17 7 -17 9 -18 6 -18 7 -18 7 -19 8 -20 7 -20 7 -20 6 -19 7 -23 5 -21 6 -24 4 -22 4 -24 3 -25 3 -26 3 -28 3 -27 3 -30 1 -33 ]
CSI_DATA,STA,E4:D1:24:F0:BE:00,-67,10,0,0,0,0,0,0,0,0,0,-97,0,5,0,64904987,0,399,0,0,65.2971,128,[-113 -15 24 0 -34 -2 -35 -3 -32 -2 -32 -4 -31 -4 -32 -4 -29 -5 -29 -5 -29 -6 -29 -7 -27 -7 -26 -7 -24 -8 -24 -7 -21 -7 -21 -8 -21 -7 -19 -8 -18 -8 -18 -7 -17 -7 -15 -7 -15 -7 -14 -7 -15 -7 0 0 0 0 0 0 0 0 0 0 0 0 0 0 0 0 0 0 0 0 0 0 -19 -7 -19 -9 -18 -10 -18 -10 -18 -10 -20 -10 -19 -10 -19 -9 -19 -9 -18 -10 -18 -9 -20 -10 -21 -9 -20 -9 -21 -9 -21 -9 -22 -9 -22 -9 -24 -8 -23 -8 -24 -7 -25 -6 -27 -5 -28 -5 -30 -4 -33 -4 ]
CSI_DATA,STA,E4:D1:24:F0:BE:00,-67,10,0,0,0,0,0,0,0,0,0,-97,0,5,0,65007389,0,399,0,0,65.3997,128,[-113 -15 24 0 15 31 13 29 14 28 13 29 13 29 12 28 11 27 11 27 9 26 9 25 8 24 6 24 6 24 5 21 5 20 4 21 3 19 3 18 2 18 2 17 2 17 2 16 3 15 1 15 -1 13 0 0 0 0 0 0 0 0 0 0 0 0 0 0 0 0 0 0 0 0 0 0 4 21 3 20 2 21 1 21 2 21 1 21 1 21 1 22 2 22 1 21 2 22 2 22 3 22 2 23 2 23 3 23 4 23 4 24 5 24 6 24 8 24 8 26 10 26 11 27 12 28 14 29 ]
CSI_DATA,STA,E4:D1:24:F0:BE:00,-66,10,0,0,0,0,0,0,0,0,0,-97,0,5,0,65109791,0,399,0,0,65.5021,128,[-113 -15 24 0 -33 2 -33 3 -31 3 -31 2 -30 3 -29 3 -29 1 -29 2 -28 0 -27 2 -26 0 -25 0 -24 0 -24 -1 -22 -1 -22 -1 -21 -1 -20 -1 -19 -2 -18 -1 -18 -2 -18 -3 -17 -3 -16 -3 -16 -4 0 0 0 0 0 0 0 0 0 0 0 0 0 0 0 0 0 0 0 0 0 0 -23 -4 -22 -5 -21 -6 -22 -7 -20 -7 -21 -7 -21 -7 -21 -7 -21 -6 -21 -7 -20 -7 -21 -7 -21 -8 -21 -7 -22 -7 -22 -7 -24 -6 -23 -5 -23 -5 -24 -4 -25 -2 -25 -2 -27 -1 -27 -2 -29 -1 -32 1 ]
CSI_DATA,STA,E4:D1:24:F0:BE:00,-64,10,0,0,0,0,0,0,0,0,0,-97,0,5,0,65212193,0,399,0,0,65.6044,128,[-113 -15 24 0 6 -34 6 -32 7 -32 6 -31 6 -30 6 -30 6 -28 6 -28 7 -27 7 -25 7 -25 7 -24 7 -23 8 -22 7 -20 7 -20 7 -18 7 -19 8 -18 7 -17 8 -16 7 -16 8 -15 8 -14 8 -14 0 0 0 0 0 0 0 0 0 0 0 0 0 0 0 0 0 0 0 0 0 0 8 -16 8 -16 8 -16 8 -15 8 -15 8 -15 9 -15 9 -16 9 -16 9 -17 9 -15 10 -16 9 -17 10 -17 10 -18 10 -19 10 -19 10 -21 9 -21 9 -21 8 -23 8 -24 8 -26 8 -27 8 -29 8 -31 ]
CSI_DATA,STA,E4:D1:24:F0:BE:00,-64,10,0,0,0,0,0,0,0,0,0,-97,0,5,0,65314594,0,399,0,0,65.7068,128,[-113 -15 24 0 -31 12 -29 12 -29 12 -28 12 -29 12 -28 12 -27 12 -27 12 -27 11 -26 10 -26 10 -25 9 -24 8 -24 8 -23 8 -23 7 -22 6 -22 6 -21 5 -21 5 -20 4 -19 3 -19 3 -19 2 -17 0 0 0 0 0 0 0 0 0 0 0 0 0 0 0 0 0 0 0 0 0 0 0 -18 1 -17 0 -18 -1 -17 -1 -17 -2 -17 -1 -17 -1 -17 -1 -17 0 -18 -1 -17 0 -18 -1 -18 0 -19 -1 -19 0 -20 0 -20 1 -22 1 -21 2 -22 2 -23 3 -24 4 -25 6 -26 6 -27 7 -29 9 ]
CSI_DATA,STA,E4:D1:24:F0:BE:00,-66,10,0,0,0,0,0,0,0,0,0,-97,0,5,0,65416996,0,399,0,0,65.8093,128,[-113 -15 24 0 -30 6 -28 6 -28 5 -28 6 -27 6 -27 6 -27 6 -27 5 -26 5 -26 6 -25 4 -25 4 -24 4 -23 4 -22 3 -22 3 -21 3 -22 2 -20 1 -19 2 -19 2 -19 0 -18 0 -18 0 -16 -2 0 0 0 0 0 0 0 0 0 0 0 0 0 0 0 0 0 0 0 0 0 0 -19 -1 -19 -2 -18 -2 -18 -2 -18 -3 -18 -3 -19 -2 -19 -2 -19 -2 -20 -3 -20 -3 -20 -3 -20 -3 -20 -3 -21 -3 -21 -2 -22 -2 -22 -2 -22 -2 -23 -1 -23 -1 -24 0 -25 0 -26 0 -27 2 -27 3 ]
CSI_DATA,STA,E4:D1:24:F0:BE:00,-65,10,0,0,0,0,0,0,0,0,0,-97,0,5,0,65519398,0,399,0,0,65.9117,128,[-113 -15 24 0 -19 21 -18 21 -18 21 -17 20 -17 20 -17 19 -16 18 -17 18 -18 17 -17 17 -16 16 -16 15 -15 14 -16 13 -15 12 -15 12 -16 12 -15 10 -15 9 -14 9 -15 8 -13 8 -14 8 -14 6 -13 6 0 0 0 0 0 0 0 0 0 0 0 0 0 0 0 0 0 0 0 0 0 0 -15 8 -14 7 -15 7 -15 6 -15 6 -15 6 -15 7 -15 6 -15 6 -15 7 -15 7 -15 8 -16 8 -15 9 -16 8 -16 9 -16 9 -16 10 -16 10 -16 11 -16 13 -16 13 -16 14 -17 15 -17 18 -17 19 ]
CSI_DATA,STA,E4:D1:24:F0:BE:00,-64,10,0,0,0,0,0,0,0,0,0,-97,0,5,0,65621800,0,399,0,0,66.0141,128,[-113 -15 24 0 3 -36 4 -34 3 -34 2 -33 4 -33 4 -32 4 -30 5 -30 5 -29 5 -28 5 -27 5 -25 6 -25 6 -24 6 -22 6 -21 7 -20 7 -20 7 -20 7 -18 7 -18 8 -17 8 -16 8 -15 9 -14 0 0 0 0 0 0 0 0 0 0 0 0 0 0 0 0 0 0 0 0 0 0 6 -16 7 -15 7 -16 7 -15 7 -16 7 -15 7 -16 7 -16 8 -16 7 -17 7 -17 8 -17 8 -19 8 -19 8 -20 7 -20 7 -20 7 -21 6 -22 6 -23 6 -24 5 -27 5 -28 4 -30 4 -32 4 -35 ]
CSI_DATA,STA,E4:D1:24:F0:BE:00,-63,10,0,0,0,0,0,0,0,0,0,-97,0,5,0,65724202,0,399,0,0,66.1165,128,[-113 -15 24 0 12 -34 12 -33 12 -32 11 -31 11 -30 10 -29 10 -28 11 -27 10 -26 11 -25 10 -24 10 -24 9 -23 10 -21 9 -19 9 -19 10 -18 10 -17 10 -16 10 -16 9 -15 9 -14 8 -14 10 -13 10 -12 0 0 0 0 0 0 0 0 0 0 0 0 0 0 0 0 0 0 0 0 0 0 9 -18 9 -16 10 -17 10 -17 11 -16 10 -16 11 -17 11 -17 12 -17 11 -18 12 -17 13 -18 13 -19 13 -19 14 -20 13 -20 13 -22 13 -21 14 -24 13 -24 13 -25 13 -27 13 -27 13 -30 13 -31 14 -32 ]
CSI_DATA,STA,E4:D1:24:F0:BE:00,-63,10,0,0,0,0,0,0,0,0,0,-97,0,5,0,65826604,0,399,0,0,66.219,128,[-113 -15 24 0 26 9 26 9 26 9 24 8 24 8 23 8 22 8 22 7 22 7 21 7 20 7 19 8 17 7 17 7 15 7 16 7 14 7 14 8 14 7 12 7 12 7 12 8 10 7 10 7 9 9 0 0 0 0 0 0 0 0 0 0 0 0 0 0 0 0 0 0 0 0 0 0 13 8 13 8 13 9 12 9 12 9 12 9 12 10 12 10 13 10 13 10 12 10 13 10 14 11 14 11 14 11 15 11 15 11 16 11 17 11 17 11 18 10 20 11 21 10 22 10 24 10 25 10 ]
CSI_DATA,STA,E4:D1:24:F0:BE:00,-64,10,0,0,0,0,0,0,0,0,0,-97,0,5,0,65855160,0,125,0,0,66.2476,128,[125 -48 7 0 15 30 15 30 14 29 14 28 14 28 13 27 13 26 12 26 12 24 11 23 11 23 10 23 9 21 9 22 8 20 7 20 7 19 7 19 6 18 5 17 5 17 4 17 3 16 3 16 2 17 0 0 0 0 0 0 0 0 0 0 0 0 0 0 0 0 0 0 0 0 0 0 5 17 4 17 3 18 3 18 3 18 2 18 2 19 2 18 3 19 2 19 2 19 3 20 3 20 3 21 3 21 4 22 4 22 5 23 6 24 6 24 8 25 9 26 10 27 10 28 12 29 14 30 ]
CSI_DATA,STA,E4:D1:24:F0:BE:00,-63,10,0,0,0,0,0,0,0,0,0,-97,0,5,0,65929006,0,399,0,0,66.3212,128,[-113 -15 24 0 -4 -36 -4 -35 -4 -34 -3 -33 -4 -32 -4 -31 -3 -30 -3 -29 -2 -29 -2 -28 -2 -27 -1 -26 -1 -25 -1 -24 0 -22 0 -22 1 -21 1 -21 2 -20 2 -19 2 -18 2 -18 3 -17 4 -16 3 -15 0 0 0 0 0 0 0 0 0 0 0 0 0 0 0 0 0 0 0 0 0 0 1 -21 2 -20 2 -21 3 -20 3 -20 4 -21 4 -21 4 -21 4 -21 5 -21 4 -21 5 -22 5 -22 5 -23 4 -23 5 -24 4 -24 4 -25 3 -26 3 -27 2 -28 1 -29 1 -29 0 -32 -1 -33 -1 -35 ]
CSI_DATA,STA,E4:D1:24:F0:BE:00,-63,10,0,0,0,0,0,0,0,0,0,-97,0,5,0,66031407,0,399,0,0,66.4236,128,[-113 -15 24 0 25 17 24 17 24 16 23 15 23 15 22 15 21 14 20 14 19 13 19 14 18 13 17 13 16 12 15 12 14 12 14 12 13 12 13 12 11 11 11 11 11 11 10 11 9 11 9 12 7 12 0 0 0 0 0 0 0 0 0 0 0 0 0 0 0 0 0 0 0 0 0 0 12 11 11 12 11 12 11 12 11 13 11 13 10 13 10 13 11 13 10 14 11 13 11 14 11 15 11 15 11 14 12 15 12 16 14 16 15 15 15 16 16 15 18 16 19 16 21 17 22 16 23 17 ]
CSI_DATA,STA,E4:D1:24:F0:BE:00,-63,10,0,0,0,0,0,0,0,0,0,-97,0,5,0,66133809,0,399,0,0,66.5261,128,[-113 -15 24 0 24 -21 23 -20 23 -19 21 -18 21 -18 20 -18 20 -17 20 -16 19 -16 18 -15 18 -14 17 -14 17 -12 17 -12 16 -11 16 -10 15 -10 16 -9 15 -8 15 -8 15 -7 14 -7 14 -7 15 -5 14 -5 0 0 0 0 0 0 0 0 0 0 0 0 0 0 0 0 0 0 0 0 0 0 13 -9 13 -8 14 -8 14 -8 14 -7 14 -7 15 -7 15 -8 15 -7 16 -8 15 -8 17 -8 17 -8 17 -9 18 -8 19 -9 18 -10 19 -11 19 -11 20 -11 20 -13 21 -14 21 -15 22 -17 22 -18 23 -19 ]
CSI_DATA,STA,E4:D1:24:F0:BE:00,-64,10,0,0,0,0,0,0,0,0,0,-97,0,5,0,66236211,0,399,0,0,66.6285,128,[-113 -15 24 0 18 27 17 27 18 26 17 25 17 24 16 24 16 24 14 22 14 22 13 23 12 22 11 21 10 20 10 20 9 19 8 19 7 19 7 18 7 17 6 18 6 17 5 17 4 17 4 17 2 15 0 0 0 0 0 0 0 0 0 0 0 0 0 0 0 0 0 0 0 0 0 0 6 15 6 15 5 15 5 16 5 16 5 17 6 16 6 16 6 17 6 17 6 17 6 18 6 19 6 19 6 20 7 19 7 20 8 20 9 21 10 21 11 22 12 22 13 24 14 24 16 25 17 26 ]
CSI_DATA,STA,E4:D1:24:F0:BE:00,-65,10,0,0,0,0,0,0,0,0,0,-97,0,5,0,66338613,0,399,0,0,66.731,128,[-113 -15 24 0 3 -33 2 -33 1 -32 2 -32 1 -31 1 -31 2 -30 2 -29 2 -29 3 -29 2 -28 2 -27 2 -26 3 -25 4 -24 3 -24 4 -24 5 -24 5 -23 5 -23 5 -22 5 -20 5 -20 6 -18 8 -19 0 0 0 0 0 0 0 0 0 0 0 0 0 0 0 0 0 0 0 0 0 0 8 -16 8 -15 8 -16 8 -14 9 -15 9 -15 8 -15 8 -15 8 -15 8 -15 8 -15 8 -17 8 -17 9 -17 8 -18 8 -19 7 -19 7 -20 7 -20 7 -22 6 -22 5 -24 4 -25 4 -27 4 -29 3 -31 ]
CSI_DATA,STA,E4:D1:24:F0:BE:00,-64,10,0,0,0,0,0,0,0,0,0,-97,0,5,0,66441015,0,399,0,0,66.8334,128,[-113 -15 24 0 -22 -28 -21 -28 -22 -27 -21 -27 -21 -26 -21 -25 -20 -25 -20 -25 -20 -25 -19 -24 -18 -24 -17 -23 -17 -22 -16 -22 -15 -21 -14 -21 -14 -20 -13 -20 -12 -19 -12 -20 -12 -19 -11 -19 -10 -19 -9 -19 -7 -20 0 0 0 0 0 0 0 0 0 0 0 0 0 0 0 0 0 0 0 0 0 0 -6 -16 -5 -16 -5 -17 -4 -17 -4 -17 -4 -16 -4 -17 -4 -17 -5 -17 -5 -17 -5 -17 -5 -18 -5 -18 -5 -18 -6 -19 -7 -20 -7 -20 -7 -21 -8 -21 -9 -21 -10 -22 -12 -24 -13 -23 -14 -26 -16 -27 -18 -28 ]
CSI_DATA,STA,E4:D1:24:F0:BE:00,-64,10,0,0,0,0,0,0,0,0,0,-97,0,5,0,66543417,0,399,0,0,66.9358,128,[-113 -15 24 0 -1 30 0 30 1 28 0 28 2 28 1 28 1 27 1 26 0 26 0 25 0 24 0 24 -1 23 -1 22 -2 20 -2 21 -2 20 -2 20 -3 19 -3 18 -3 18 -4 18 -5 17 -6 16 -5 16 0 0 0 0 0 0 0 0 0 0 0 0 0 0 0 0 0 0 0 0 0 0 -4 15 -5 14 -6 14 -6 14 -6 14 -6 14 -6 14 -5 14 -5 15 -6 15 -5 14 -6 15 -6 17 -6 16 -6 16 -6 18 -5 19 -6 19 -4 19 -5 21 -4 21 -4 22 -4 23 -3 25 -2 27 -2 28 ]
CSI_DATA,STA,E4:D1:24:F0:BE:00,-64,10,0,0,0,0,0,0,0,0,0,-97,0,5,0,66645818,0,399,0,0,67.0382,128,[-113 -15 24 0 1 -32 1 -32 3 -31 2 -31 2 -30 2 -30 3 -28 2 -27 3 -27 3 -26 3 -26 3 -25 3 -23 4 -22 3 -21 4 -21 5 -20 5 -20 5 -19 5 -18 4 -17 5 -17 6 -17 6 -16 7 -15 0 0 0 0 0 0 0 0 0 0 0 0 0 0 0 0 0 0 0 0 0 0 6 -16 6 -16 6 -15 7 -15 7 -16 7 -15 6 -16 6 -16 6 -16 7 -17 7 -16 7 -17 6 -18 7 -18 7 -19 6 -19 5 -20 6 -21 6 -22 6 -23 5 -24 5 -26 4 -26 4 -28 4 -29 5 -31 ]
CSI_DATA,STA,E4:D1:24:F0:BE:00,-65,10,0,0,0,0,0,0,0,0,0,-97,0,5,0,66748220,0,399,0,0,67.1404,128,[-113 -15 24 0 16 -29 16 -29 15 -28 15 -28 14 -30 14 -28 13 -29 13 -29 12 -28 12 -29 11 -28 12 -27 12 -26 13 -25 12 -24 12 -24 13 -23 14 -22 14 -21 13 -21 13 -21 12 -20 12 -19 14 -19 16 -15 0 0 0 0 0 0 0 0 0 0 0 0 0 0 0 0 0 0 0 0 0 0 13 -15 14 -14 15 -14 14 -13 14 -13 15 -12 15 -12 15 -12 15 -13 14 -13 14 -12 16 -13 16 -14 15 -14 17 -14 17 -14 16 -14 17 -16 17 -16 18 -17 18 -18 19 -18 18 -19 17 -21 17 -24 19 -25 ]
CSI_DATA,STA,E4:D1:24:F0:BE:00,-65,10,0,0,0,0,0,0,0,0,0,-97,0,5,0,66953024,0,399,0,0,67.3454,128,[-113 -15 24 0 25 21 25 20 25 20 25 20 25 21 25 19 24 19 24 19 24 19 22 18 22 18 22 19 21 18 20 18 19 17 18 18 18 18 18 18 16 17 15 17 15 17 14 18 13 18 11 18 10 20 0 0 0 0 0 0 0 0 0 0 0 0 0 0 0 0 0 0 0 0 0 0 11 14 9 14 8 15 8 15 8 16 7 15 7 15 7 15 8 15 7 15 6 15 6 15 6 15 7 16 8 17 9 16 9 17 11 16 11 17 11 18 13 17 14 19 16 19 17 20 20 20 23 21 ]
CSI_DATA,STA,E4:D1:24:F0:BE:00,-65,10,0,0,0,0,0,0,0,0,0,-97,0,5,0,66997979,0,64,0,0,67.3897,128,[64 0 4 0 -29 3 -30 4 -28 4 -28 4 -27 4 -27 4 -27 3 -26 4 -26 4 -25 4 -25 4 -24 3 -24 3 -22 3 -22 2 -22 2 -21 2 -21 1 -20 0 -21 0 -19 -1 -19 -1 -19 -2 -18 -2 -19 -3 0 0 0 0 0 0 0 0 0 0 0 0 0 0 0 0 0 0 0 0 0 0 -16 -2 -16 -3 -16 -3 -16 -4 -15 -4 -15 -3 -15 -4 -15 -3 -16 -4 -15 -4 -15 -4 -16 -4 -16 -5 -16 -3 -17 -4 -17 -4 -17 -4 -18 -4 -18 -3 -19 -2 -20 -2 -21 -2 -22 -1 -24 1 -25 1 -26 2 ]
CSI_DATA,STA,E4:D1:24:F0:BE:00,-64,10,0,0,0,0,0,0,0,0,0,-97,0,5,0,67055426,0,399,0,0,67.4476,128,[-113 -15 24 0 7 -32 7 -32 8 -32 6 -32 7 -31 7 -31 6 -30 7 -29 6 -29 7 -29 6 -28 8 -28 7 -27 7 -25 7 -24 8 -23 8 -23 8 -23 9 -22 9 -21 9 -21 9 -19 11 -19 11 -18 12 -17 0 0 0 0 0 0 0 0 0 0 0 0 0 0 0 0 0 0 0 0 0 0 6 -15 7 -15 7 -15 8 -14 8 -14 8 -14 8 -14 8 -15 8 -15 8 -15 9 -15 9 -15 10 -16 10 -16 10 -17 10 -18 10 -18 10 -18 10 -20 10 -20 9 -22 9 -23 10 -24 10 -26 9 -28 9 -30 ]
CSI_DATA,STA,E4:D1:24:F0:BE:00,-65,10,0,0,0,0,0,0,0,0,0,-97,0,5,0,67157828,0,399,0,0,67.5501,128,[-113 -15 24 0 -30 -8 -29 -7 -29 -8 -28 -7 -28 -7 -28 -6 -28 -6 -27 -6 -27 -7 -26 -6 -25 -7 -24 -8 -24 -7 -22 -7 -21 -6 -21 -7 -20 -7 -20 -8 -19 -8 -20 -8 -18 -9 -17 -8 -17 -9 -16 -9 -16 -10 0 0 0 0 0 0 0 0 0 0 0 0 0 0 0 0 0 0 0 0 0 0 -14 -6 -13 -6 -13 -7 -12 -7 -12 -7 -13 -7 -14 -7 -13 -7 -13 -8 -13 -7 -14 -7 -14 -8 -14 -9 -15 -8 -15 -9 -16 -9 -17 -9 -17 -9 -18 -9 -18 -9 -19 -10 -21 -9 -22 -9 -23 -9 -25 -9 -26 -9 ]
CSI_DATA,STA,E4:D1:24:F0:BE:00,-65,10,0,0,0,0,0,0,0,0,0,-97,0,5,0,67260230,0,399,0,0,67.6526,128,[-113 -15 24 0 25 22 24 21 25 21 25 20 25 20 25 20 24 20 25 20 24 20 24 19 21 19 21 19 21 18 20 19 19 16 18 19 17 18 17 17 16 18 15 17 14 17 13 18 12 18 12 18 8 17 0 0 0 0 0 0 0 0 0 0 0 0 0 0 0 0 0 0 0 0 0 0 7 13 8 14 6 14 6 14 6 14 7 14 7 14 7 15 8 15 7 15 7 14 8 15 7 16 8 16 8 17 9 16 10 17 10 18 10 18 12 19 13 19 14 19 16 20 17 20 19 21 21 22 ]
CSI_DATA,STA,E4:D1:24:F0:BE:00,-64,10,0,0,0,0,0,0,0,0,0,-97,0,5,0,67362631,0,399,0,0,67.755,128,[-113 -15 24 0 30 -5 30 -5 29 -5 28 -5 27 -6 26 -6 26 -6 25 -7 25 -6 24 -6 23 -5 22 -4 22 -5 20 -4 20 -4 20 -4 20 -4 20 -4 19 -3 19 -3 18 -2 17 -1 16 -1 16 0 16 0 0 0 0 0 0 0 0 0 0 0 0 0 0 0 0 0 0 0 0 0 0 0 18 -3 18 -2 17 -1 17 0 18 -1 18 -1 17 -1 18 -1 19 0 18 1 18 1 19 1 19 1 20 1 21 1 21 1 21 1 22 1 23 1 23 0 25 -1 25 -1 26 -1 27 -1 29 -2 30 -3 ]
CSI_DATA,STA,E4:D1:24:F0:BE:00,-65,10,0,0,0,0,0,0,0,0,0,-97,0,5,0,67465033,0,399,0,0,67.8572,128,[-113 -15 24 0 28 -18 26 -18 26 -18 25 -18 24 -18 24 -18 23 -17 23 -18 23 -18 21 -18 21 -17 21 -16 21 -16 20 -15 19 -14 19 -14 19 -14 19 -13 18 -12 18 -11 17 -10 17 -9 17 -9 17 -8 17 -8 0 0 0 0 0 0 0 0 0 0 0 0 0 0 0 0 0 0 0 0 0 0 16 -11 16 -10 17 -10 17 -9 17 -9 18 -8 18 -8 18 -8 19 -8 18 -8 19 -8 20 -8 20 -8 21 -8 22 -8 21 -8 22 -8 23 -8 23 -9 24 -8 24 -10 26 -10 26 -11 26 -12 28 -13 29 -15 ]
CSI_DATA,STA,E4:D1:24:F0:BE:00,-65,10,0,0,0,0,0,0,0,0,0,-97,0,5,0,67567435,0,399,0,0,67.9597,128,[-113 -15 24 0 -20 -25 -19 -22 -19 -22 -19 -22 -20 -22 -19 -21 -19 -21 -18 -20 -19 -19 -19 -19 -19 -18 -17 -18 -15 -19 -17 -18 -16 -17 -14 -17 -15 -17 -13 -17 -13 -17 -12 -17 -11 -18 -12 -16 -13 -17 -10 -15 -3 -17 0 0 0 0 0 0 0 0 0 0 0 0 0 0 0 0 0 0 0 0 0 0 -11 -15 -8 -17 -8 -18 -9 -18 -8 -18 -8 -18 -8 -18 -10 -19 -8 -18 -9 -18 -9 -19 -10 -21 -8 -21 -9 -20 -9 -21 -9 -22 -11 -22 -10 -23 -11 -23 -10 -22 -11 -23 -11 -24 -13 -24 -14 -24 -16 -25 -17 -26 ]
CSI_DATA,STA,E4:D1:24:F0:BE:00,-65,10,0,0,0,0,0,0,0,0,0,-97,0,5,0,67669837,0,399,0,0,68.0621,128,[-113 -15 24 0 26 17 26 16 27 16 26 15 26 15 25 15 26 14 25 14 24 14 24 14 23 14 23 14 22 13 21 13 20 13 19 14 18 13 18 14 17 15 16 14 15 14 15 15 13 15 12 15 11 15 0 0 0 0 0 0 0 0 0 0 0 0 0 0 0 0 0 0 0 0 0 0 15 12 14 12 13 13 13 13 13 14 12 13 13 14 13 14 13 15 13 14 13 15 13 15 13 15 13 16 13 16 14 17 14 17 15 17 15 17 16 18 17 17 18 18 19 18 20 18 22 18 24 18 ]
CSI_DATA,STA,E4:D1:24:F0:BE:00,-63,10,0,0,0,0,0,0,0,0,0,-97,0,5,0,67772239,0,399,0,0,68.1646,128,[-113 -15 24 0 33 -3 33 -4 32 -3 32 -4 31 -4 31 -4 30 -4 29 -4 28 -5 28 -4 27 -4 26 -3 25 -3 24 -2 23 -1 23 -1 23 -1 22 0 21 0 20 1 19 2 18 1 18 2 17 3 17 4 0 0 0 0 0 0 0 0 0 0 0 0 0 0 0 0 0 0 0 0 0 0 18 -1 19 0 18 1 19 1 18 2 19 2 18 3 19 2 20 3 20 3 19 3 20 3 22 3 21 3 21 3 22 3 24 3 24 3 25 2 25 3 26 2 28 2 28 1 29 0 31 0 33 -1 ]
CSI_DATA,STA,E4:D1:24:F0:BE:00,-65,10,0,0,0,0,0,0,0,0,0,-97,0,5,0,67874641,0,399,0,0,68.267,128,[-113 -15 24 0 1 28 2 29 3 27 3 27 4 27 4 27 4 26 3 26 3 26 3 25 3 25 1 24 1 23 2 23 0 22 0 21 -1 21 -1 20 -1 19 -2 18 -1 18 -3 17 -3 17 -5 15 -4 15 0 0 0 0 0 0 0 0 0 0 0 0 0 0 0 0 0 0 0 0 0 0 -1 18 -2 18 -3 19 -3 18 -3 18 -3 18 -4 19 -4 18 -4 19 -4 19 -4 18 -5 20 -5 20 -5 20 -5 20 -5 21 -5 21 -5 21 -4 23 -4 22 -3 23 -3 24 -3 25 -3 26 -2 26 -1 27 ]
CSI_DATA,STA,E4:D1:24:F0:BE:00,-65,10,0,0,0,0,0,0,0,0,0,-97,0,5,0,67977043,0,399,0,0,68.3694,128,[-113 -15 24 0 -5 29 -4 28 -3 27 -3 27 -3 26 -4 26 -3 25 -4 24 -4 24 -5 23 -4 22 -5 22 -4 21 -5 20 -5 18 -5 19 -6 17 -6 17 -6 16 -7 15 -6 15 -7 14 -7 13 -7 12 -8 12 0 0 0 0 0 0 0 0 0 0 0 0 0 0 0 0 0 0 0 0 0 0 -4 18 -5 18 -5 18 -5 18 -5 18 -6 18 -6 19 -6 18 -7 19 -7 19 -7 19 -7 19 -8 19 -8 20 -8 20 -8 21 -9 21 -8 21 -8 21 -7 22 -8 23 -7 24 -7 25 -6 27 -6 27 -5 29 ]
CSI_DATA,STA,E4:D1:24:F0:BE:00,-65,10,0,0,0,0,0,0,0,0,0,-97,0,5,0,67999056,0,64,0,0,68.4008,128,[64 0 4 0 -1 -29 -1 -28 -1 -26 -1 -26 -2 -25 -1 -25 -1 -24 -2 -24 -1 -22 0 -22 -1 -22 -1 -21 0 -20 0 -18 1 -18 1 -17 1 -17 1 -17 1 -16 1 -15 2 -14 2 -14 1 -13 3 -13 2 -12 0 0 0 0 0 0 0 0 0 0 0 0 0 0 0 0 0 0 0 0 0 0 1 -18 2 -19 3 -18 3 -19 3 -18 4 -19 4 -19 4 -19 4 -19 5 -19 5 -19 5 -20 5 -20 5 -21 5 -21 5 -21 5 -21 5 -22 5 -23 5 -23 3 -24 3 -25 2 -25 2 -26 2 -27 2 -29 ]
CSI_DATA,STA,E4:D1:24:F0:BE:00,-64,10,0,0,0,0,0,0,0,0,0,-97,0,5,0,68079444,0,399,0,0,68.4717,128,[-113 -15 24 0 17 22 17 20 16 19 16 19 16 18 15 17 15 17 14 17 13 16 13 16 12 15 11 15 11 14 10 14 9 13 9 13 8 13 7 12 7 11 7 11 6 11 6 11 6 10 5 10 4 11 0 0 0 0 0 0 0 0 0 0 0 0 0 0 0 0 0 0 0 0 0 0 9 13 8 13 8 14 7 14 8 15 8 14 8 15 7 15 8 16 8 16 8 16 8 16 9 17 9 18 9 18 9 19 9 18 10 20 10 19 11 20 12 20 12 20 13 20 15 21 16 22 17 22 ]
CSI_DATA,STA,E4:D1:24:F0:BE:00,-65,10,0,0,0,0,0,0,0,0,0,-97,0,5,0,68181846,0,399,0,0,68.5742,128,[-113 -15 24 0 11 32 11 30 11 30 11 30 11 30 9 28 10 27 9 26 8 25 8 25 7 24 6 23 5 23 4 20 4 21 4 20 3 19 2 19 2 17 2 17 1 16 1 16 1 15 0 14 -2 14 0 0 0 0 0 0 0 0 0 0 0 0 0 0 0 0 0 0 0 0 0 0 3 19 2 19 2 20 2 20 1 20 1 20 1 20 1 21 2 21 1 21 1 21 1 22 1 23 1 24 1 23 2 24 1 25 3 25 2 26 3 26 4 26 6 28 6 28 7 30 8 31 9 32 ]
CSI_DATA,STA,E4:D1:24:F0:BE:00,-64,10,0,0,0,0,0,0,0,0,0,-97,0,5,0,68284248,0,399,0,0,68.6764,128,[-113 -15 24 0 2 -32 2 -30 3 -29 2 -28 3 -28 2 -28 4 -26 4 -26 3 -25 3 -24 3 -23 4 -23 4 -20 5 -20 4 -19 5 -19 6 -17 5 -17 5 -16 5 -15 6 -15 6 -14 5 -13 6 -13 6 -12 0 0 0 0 0 0 0 0 0 0 0 0 0 0 0 0 0 0 0 0 0 0 4 -16 5 -15 6 -15 6 -15 6 -16 6 -16 7 -16 6 -16 7 -17 6 -17 7 -17 7 -18 7 -18 7 -19 8 -19 7 -21 6 -20 7 -21 6 -22 7 -23 6 -24 6 -25 6 -26 5 -27 4 -29 4 -30 ]
CSI_DATA,STA,E4:D1:24:F0:BE:00,-63,10,0,0,0,0,0,0,0,0,0,-97,0,5,0,68386650,0,399,0,0,68.779,128,[-113 -15 24 0 8 -32 8 -31 8 -31 8 -30 9 -29 8 -28 8 -27 8 -26 8 -25 8 -25 8 -23 8 -22 8 -22 9 -20 9 -20 9 -19 9 -18 9 -17 10 -16 10 -16 9 -15 9 -14 9 -13 10 -12 10 -12 0 0 0 0 0 0 0 0 0 0 0 0 0 0 0 0 0 0 0 0 0 0 8 -17 9 -16 10 -16 10 -15 10 -15 10 -14 11 -15 11 -16 11 -15 10 -15 10 -15 11 -15 11 -17 11 -17 11 -17 11 -18 11 -19 12 -19 10 -21 10 -21 11 -23 10 -24 10 -25 9 -27 10 -28 10 -32 ]
CSI_DATA,STA,E4:D1:24:F0:BE:00,-62,10,0,0,0,0,0,0,0,0,0,-97,0,5,0,68489052,0,399,0,0,68.8814,128,[-113 -15 24 0 32 1 30 0 29 0 29 0 28 0 27 0 26 0 25 0 24 0 23 0 23 0 22 1 20 1 20 1 19 1 18 2 18 2 18 2 17 2 16 2 16 3 15 3 14 3 14 4 13 4 0 0 0 0 0 0 0 0 0 0 0 0 0 0 0 0 0 0 0 0 0 0 17 1 17 1 17 3 16 3 16 4 17 4 17 4 17 4 17 4 17 4 18 4 18 5 19 5 20 5 20 5 20 5 21 5 22 5 22 5 23 5 25 4 25 4 26 3 27 2 30 2 31 1 ]
CSI_DATA,STA,E4:D1:24:F0:BE:00,-63,10,0,0,0,0,0,0,0,0,0,-97,0,5,0,68591454,0,399,0,0,68.9838,128,[-113 -15 24 0 -8 -33 -8 -32 -9 -31 -8 -30 -8 -30 -8 -28 -7 -27 -7 -27 -6 -26 -5 -25 -5 -25 -4 -24 -4 -22 -4 -22 -3 -20 -2 -20 -2 -19 -2 -19 -1 -18 -1 -17 -1 -17 0 -16 0 -15 1 -15 2 -16 0 0 0 0 0 0 0 0 0 0 0 0 0 0 0 0 0 0 0 0 0 0 -4 -20 -3 -19 -2 -20 -2 -20 -1 -21 -1 -20 -1 -21 -1 -21 -1 -22 0 -23 0 -21 0 -23 1 -23 1 -24 1 -24 0 -25 0 -24 -1 -25 -1 -26 -1 -26 -2 -27 -3 -29 -4 -29 -5 -30 -5 -32 -6 -33 ]
CSI_DATA,STA,E4:D1:24:F0:BE:00,-64,10,0,0,0,0,0,0,0,0,0,-97,0,5,0,68693855,0,399,0,0,69.0862,128,[-113 -15 24 0 25 -22 23 -23 23 -22 22 -21 22 -21 22 -20 21 -20 21 -18 20 -19 20 -18 19 -17 19 -15 18 -15 17 -14 18 -13 17 -12 16 -12 16 -11 16 -10 16 -9 15 -9 14 -8 14 -8 14 -6 14 -7 0 0 0 0 0 0 0 0 0 0 0 0 0 0 0 0 0 0 0 0 0 0 16 -11 16 -10 16 -10 17 -10 17 -9 18 -9 18 -9 18 -9 19 -9 19 -9 19 -8 20 -9 20 -9 20 -10 20 -10 21 -11 21 -11 22 -11 22 -12 22 -12 21 -13 23 -14 23 -16 23 -17 24 -18 25 -21 ]
CSI_DATA,STA,E4:D1:24:F0:BE:00,-63,10,0,0,0,0,0,0,0,0,0,-97,0,5,0,68796257,0,399,0,0,69.1887,128,[-113 -15 24 0 -14 -30 -14 -29 -14 -27 -14 -27 -14 -26 -14 -26 -13 -25 -13 -24 -12 -24 -12 -23 -13 -23 -11 -23 -10 -22 -10 -20 -8 -20 -8 -20 -8 -19 -6 -19 -6 -18 -6 -17 -5 -17 -5 -16 -5 -16 -3 -16 -2 -16 0 0 0 0 0 0 0 0 0 0 0 0 0 0 0 0 0 0 0 0 0 0 -6 -18 -6 -18 -5 -18 -5 -19 -4 -19 -4 -19 -3 -19 -4 -20 -3 -20 -4 -20 -4 -19 -4 -21 -4 -21 -4 -22 -4 -23 -4 -22 -5 -23 -5 -24 -6 -24 -5 -24 -8 -25 -8 -26 -9 -26 -10 -27 -11 -28 -13 -30 ]
CSI_DATA,STA,E4:D1:24:F0:BE:00,-64,10,0,0,0,0,0,0,0,0,0,-97,0,5,0,68898659,0,399,0,0,69.291,128,[-113 -15 24 0 -20 25 -19 25 -19 24 -19 24 -17 24 -18 23 -16 22 -17 22 -17 22 -16 21 -16 19 -16 19 -15 18 -15 16 -15 15 -15 16 -14 14 -15 14 -14 13 -14 12 -14 11 -13 11 -13 9 -13 9 -13 7 0 0 0 0 0 0 0 0 0 0 0 0 0 0 0 0 0 0 0 0 0 0 -15 15 -15 14 -17 13 -17 13 -17 12 -18 12 -18 13 -19 13 -18 12 -19 11 -19 11 -20 12 -20 11 -20 12 -21 12 -21 12 -21 13 -21 13 -21 14 -21 14 -20 16 -21 17 -21 18 -21 19 -21 20 -21 23 ]
CSI_DATA,STA,E4:D1:24:F0:BE:00,-64,10,0,0,0,0,0,0,0,0,0,-97,0,5,0,69001061,0,399,0,0,69.3932,128,[-113 -15 24 0 -27 -19 -27 -18 -27 -17 -26 -17 -26 -16 -26 -16 -25 -16 -24 -16 -23 -16 -22 -15 -21 -16 -20 -16 -20 -15 -19 -15 -17 -14 -16 -15 -15 -14 -16 -15 -14 -15 -14 -14 -13 -14 -12 -15 -11 -14 -10 -14 -8 -14 0 0 0 0 0 0 0 0 0 0 0 0 0 0 0 0 0 0 0 0 0 0 -16 -14 -15 -16 -14 -16 -14 -16 -13 -17 -13 -16 -14 -17 -14 -17 -13 -17 -13 -18 -12 -18 -12 -18 -12 -18 -13 -19 -13 -19 -14 -20 -13 -19 -15 -20 -15 -19 -16 -19 -17 -19 -18 -19 -19 -19 -21 -19 -22 -19 -24 -19 ]
CSI_DATA,STA,E4:D1:24:F0:BE:00,-64,10,0,0,0,0,0,0,0,0,0,-97,0,5,0,69039131,0,64,0,0,69.4339,128,[64 0 4 0 1 -32 -1 -31 -1 -31 -1 -30 -2 -30 -3 -30 -2 -28 -2 -28 -1 -28 -2 -28 -1 -27 0 -26 0 -25 0 -24 0 -23 1 -22 2 -21 1 -21 3 -20 2 -20 2 -19 3 -18 4 -17 4 -17 5 -15 0 0 0 0 0 0 0 0 0 0 0 0 0 0 0 0 0 0 0 0 0 0 2 -22 4 -21 4 -21 5 -21 6 -22 6 -21 6 -21 6 -22 7 -22 7 -22 8 -21 9 -22 10 -23 10 -22 9 -22 9 -23 9 -23 9 -23 9 -24 8 -24 7 -26 7 -26 6 -27 5 -29 4 -29 4 -31 ]
CSI_DATA,STA,E4:D1:24:F0:BE:00,-64,10,0,0,0,0,0,0,0,0,0,-97,0,5,0,69103463,0,399,0,0,69.4957,128,[-113 -15 24 0 22 22 22 22 22 19 22 20 22 20 22 20 21 19 20 19 20 19 19 18 18 19 17 18 17 18 15 17 15 17 13 18 12 17 12 17 10 16 10 16 9 16 8 15 7 15 6 15 6 16 0 0 0 0 0 0 0 0 0 0 0 0 0 0 0 0 0 0 0 0 0 0 13 16 12 16 11 17 11 17 11 17 11 18 10 18 11 18 10 18 10 19 10 19 9 20 10 21 10 21 10 21 10 21 11 21 11 21 12 22 12 21 13 22 14 22 15 22 16 23 18 23 21 24 ]
CSI_DATA,STA,E4:D1:24:F0:BE:00,-63,10,0,0,0,0,0,0,0,0,0,-97,0,5,0,69205865,0,399,0,0,69.5982,128,[-113 -15 24 0 -24 22 -23 22 -22 22 -21 20 -20 21 -20 21 -19 19 -19 19 -19 19 -18 18 -18 17 -17 15 -17 15 -16 15 -16 13 -16 13 -15 12 -16 12 -15 11 -15 11 -15 10 -14 9 -14 8 -14 7 -14 7 0 0 0 0 0 0 0 0 0 0 0 0 0 0 0 0 0 0 0 0 0 0 -15 13 -16 12 -17 12 -17 11 -18 11 -18 11 -18 10 -18 11 -18 11 -19 10 -20 10 -20 10 -21 10 -22 11 -21 10 -22 11 -22 11 -23 12 -23 12 -23 13 -22 14 -23 15 -24 15 -24 17 -25 18 -25 20 ]
CSI_DATA,STA,E4:D1:24:F0:BE:00,-64,10,0,0,0,0,0,0,0,0,0,-97,0,5,0,69308267,0,399,0,0,69.7006,128,[-113 -15 24 0 -32 -1 -31 0 -31 1 -30 1 -30 2 -30 2 -28 1 -28 2 -28 1 -27 1 -27 0 -25 -1 -25 -1 -24 0 -23 -1 -22 -2 -22 -1 -22 -2 -21 -3 -20 -2 -19 -4 -19 -4 -18 -4 -16 -5 -16 -5 0 0 0 0 0 0 0 0 0 0 0 0 0 0 0 0 0 0 0 0 0 0 -20 -3 -19 -4 -20 -5 -19 -5 -20 -6 -20 -6 -20 -6 -20 -6 -20 -7 -20 -7 -21 -7 -21 -7 -21 -8 -21 -8 -22 -8 -22 -8 -23 -8 -23 -8 -23 -8 -23 -7 -25 -7 -26 -7 -26 -5 -28 -5 -29 -4 -30 -4 ]
CSI_DATA,STA,E4:D1:24:F0:BE:00,-64,10,0,0,0,0,0,0,0,0,0,-97,0,5,0,69410668,0,399,0,0,69.803,128,[-113 -15 24 0 -31 -16 -31 -15 -30 -14 -30 -15 -30 -14 -30 -14 -29 -14 -29 -13 -28 -13 -27 -13 -26 -14 -25 -14 -24 -13 -22 -13 -21 -13 -20 -12 -19 -13 -19 -13 -18 -12 -17 -13 -16 -13 -15 -12 -14 -12 -13 -12 -12 -12 0 0 0 0 0 0 0 0 0 0 0 0 0 0 0 0 0 0 0 0 0 0 -18 -15 -17 -15 -16 -16 -16 -16 -15 -17 -16 -17 -15 -17 -16 -18 -15 -17 -16 -17 -15 -17 -15 -18 -15 -19 -15 -20 -16 -19 -16 -19 -17 -20 -17 -19 -18 -20 -19 -19 -20 -20 -21 -19 -22 -18 -24 -19 -25 -18 -27 -18 ]
CSI_DATA,STA,E4:D1:24:F0:BE:00,-65,10,0,0,0,0,0,0,0,0,0,-97,0,5,0,69513070,0,399,0,0,69.9054,128,[-113 -15 24 0 29 -15 28 -14 28 -15 28 -14 27 -13 27 -14 26 -13 26 -13 27 -12 25 -12 25 -11 24 -10 22 -9 23 -9 22 -7 22 -6 22 -6 20 -5 20 -5 19 -4 18 -4 18 -3 17 -2 17 -1 15 0 0 0 0 0 0 0 0 0 0 0 0 0 0 0 0 0 0 0 0 0 0 0 21 -3 20 -2 21 -1 20 -1 20 0 20 0 21 0 20 0 21 1 21 0 20 0 21 0 21 0 21 0 22 -1 22 -1 22 -1 23 -2 23 -2 22 -4 23 -5 24 -6 24 -7 25 -8 27 -10 28 -11 ]
CSI_DATA,STA,E4:D1:24:F0:BE:00,-64,10,0,0,0,0,0,0,0,0,0,-97,0,5,0,69615472,0,399,0,0,70.0078,128,[-113 -15 24 0 -19 -31 -18 -30 -19 -30 -17 -29 -17 -29 -17 -28 -17 -28 -16 -27 -16 -27 -14 -27 -14 -26 -14 -25 -12 -24 -11 -25 -10 -22 -9 -22 -9 -22 -8 -22 -6 -21 -6 -21 -6 -20 -5 -20 -4 -18 -3 -19 -3 -18 0 0 0 0 0 0 0 0 0 0 0 0 0 0 0 0 0 0 0 0 0 0 -7 -19 -6 -19 -5 -20 -5 -20 -5 -21 -4 -20 -5 -21 -5 -22 -4 -22 -4 -22 -4 -21 -4 -23 -5 -23 -5 -23 -5 -25 -5 -25 -6 -24 -6 -25 -6 -25 -8 -25 -8 -26 -10 -27 -10 -27 -13 -28 -14 -30 -16 -31 ]
CSI_DATA,STA,E4:D1:24:F0:BE:00,-64,10,0,0,0,0,0,0,0,0,0,-97,0,5,0,69717874,0,399,0,0,70.11,128,[-113 -15 24 0 35 0 35 -1 34 0 32 -1 31 0 31 0 30 0 29 0 28 0 28 1 26 2 26 2 24 2 23 3 22 3 21 3 20 4 19 4 18 4 17 4 16 4 15 4 14 5 14 5 12 5 0 0 0 0 0 0 0 0 0 0 0 0 0 0 0 0 0 0 0 0 0 0 18 3 18 4 18 5 18 5 17 6 18 5 19 6 19 6 19 6 19 6 19 5 20 7 20 6 20 7 21 7 22 7 22 6 23 6 24 5 25 5 26 4 28 4 29 2 30 3 32 2 34 2 ]
CSI_DATA,STA,E4:D1:24:F0:BE:00,-64,10,0,0,0,0,0,0,0,0,0,-97,0,5,0,69820277,0,399,0,0,70.2125,128,[-113 -15 24 0 -18 -29 -18 -29 -19 -27 -17 -27 -18 -26 -17 -26 -16 -25 -15 -25 -15 -24 -14 -23 -13 -23 -13 -23 -12 -22 -11 -20 -10 -20 -9 -20 -9 -20 -9 -20 -7 -19 -7 -19 -6 -18 -5 -18 -5 -17 -4 -16 -3 -17 0 0 0 0 0 0 0 0 0 0 0 0 0 0 0 0 0 0 0 0 0 0 -10 -19 -8 -20 -7 -20 -6 -20 -6 -20 -6 -20 -6 -20 -6 -21 -6 -20 -5 -21 -6 -21 -6 -21 -5 -22 -6 -22 -6 -23 -7 -23 -7 -24 -8 -24 -8 -24 -9 -25 -11 -25 -11 -26 -12 -26 -14 -28 -16 -28 -18 -29 ]
CSI_DATA,STA,E4:D1:24:F0:BE:00,-62,10,0,0,0,0,0,0,0,0,0,-97,0,5,0,69922679,0,399,0,0,70.315,128,[-113 -15 24 0 6 -31 5 -31 6 -30 5 -30 5 -29 5 -28 5 -27 5 -27 5 -26 5 -25 5 -24 5 -23 6 -23 6 -21 6 -20 6 -20 6 -19 7 -18 7 -17 7 -17 7 -16 6 -15 7 -14 8 -13 8 -13 0 0 0 0 0 0 0 0 0 0 0 0 0 0 0 0 0 0 0 0 0 0 5 -17 6 -17 6 -17 8 -16 8 -16 8 -16 8 -16 8 -16 9 -16 9 -16 9 -16 9 -16 9 -17 9 -18 10 -18 9 -19 9 -19 9 -20 9 -21 9 -21 8 -22 8 -24 8 -25 8 -27 7 -28 7 -30 ]
CSI_DATA,STA,E4:D1:24:F0:BE:00,-63,10,0,0,0,0,0,0,0,0,0,-97,0,5,0,70025081,0,399,0,0,70.4174,128,[-113 -15 24 0 -5 -36 -6 -35 -7 -33 -5 -33 -6 -33 -6 -33 -6 -31 -5 -31 -4 -30 -5 -29 -4 -28 -4 -28 -3 -26 -3 -25 -2 -24 -2 -24 -1 -23 -1 -23 0 -21 0 -21 1 -20 1 -20 1 -19 3 -18 4 -18 0 0 0 0 0 0 0 0 0 0 0 0 0 0 0 0 0 0 0 0 0 0 -1 -21 0 -21 0 -21 1 -21 2 -21 2 -21 2 -21 2 -21 3 -21 2 -22 3 -21 3 -22 3 -24 3 -23 3 -24 3 -25 2 -26 2 -26 2 -27 2 -28 0 -29 0 -30 0 -31 -1 -33 -2 -34 -4 -36 ]
CSI_DATA,STA,E4:D1:24:F0:BE:00,-64,10,0,0,0,0,0,0,0,0,0,-97,0,5,0,70127482,0,399,0,0,70.5198,128,[-113 -15 24 0 5 -33 4 -33 4 -32 3 -32 3 -31 2 -31 2 -31 3 -30 2 -30 2 -28 3 -28 3 -27 3 -27 4 -24 4 -24 4 -24 5 -22 5 -22 5 -21 5 -20 6 -21 5 -19 6 -18 7 -18 9 -17 0 0 0 0 0 0 0 0 0 0 0 0 0 0 0 0 0 0 0 0 0 0 6 -22 7 -20 8 -21 8 -20 8 -20 9 -19 9 -20 9 -19 10 -19 10 -20 10 -19 10 -20 10 -20 10 -21 10 -21 11 -22 10 -22 11 -22 10 -23 10 -23 9 -25 10 -26 9 -27 8 -28 8 -30 7 -32 ]
CSI_DATA,STA,E4:D1:24:F0:BE:00,-64,10,0,0,0,0,0,0,0,0,0,-97,0,5,0,70229884,0,399,0,0,70.6222,128,[-113 -15 24 0 0 -33 1 -31 0 -31 1 -31 1 -30 1 -29 2 -28 1 -27 2 -26 2 -26 2 -25 2 -23 2 -22 3 -21 3 -20 3 -20 4 -19 3 -18 4 -17 4 -17 3 -17 4 -16 4 -15 5 -15 6 -14 0 0 0 0 0 0 0 0 0 0 0 0 0 0 0 0 0 0 0 0 0 0 3 -18 4 -17 5 -17 5 -17 5 -18 5 -17 5 -18 5 -18 5 -18 6 -19 6 -18 5 -19 6 -20 6 -21 5 -22 6 -23 5 -22 6 -23 5 -24 5 -25 5 -25 4 -27 4 -28 3 -30 3 -31 3 -33 ]
CSI_DATA,STA,E4:D1:24:F0:BE:00,-64,10,0,0,0,0,0,0,0,0,0,-97,0,5,0,70332286,0,399,0,0,70.7246,128,[-113 -15 24 0 1 34 1 32 1 33 1 31 1 31 0 31 0 29 0 29 -1 28 -1 27 -2 27 -2 26 -2 25 -2 24 -3 22 -3 22 -4 21 -4 22 -4 20 -5 19 -5 19 -5 18 -6 17 -7 17 -7 16 0 0 0 0 0 0 0 0 0 0 0 0 0 0 0 0 0 0 0 0 0 0 -4 17 -5 16 -5 16 -5 16 -5 16 -5 16 -5 16 -5 17 -5 17 -6 17 -6 17 -6 18 -6 18 -6 19 -6 20 -5 21 -6 21 -6 22 -6 22 -5 24 -3 24 -3 25 -3 27 -3 28 -3 30 0 31 ]
CSI_DATA,STA,E4:D1:24:F0:BE:00,-65,10,0,0,0,0,0,0,0,0,0,-97,0,5,0,70434688,0,399,0,0,70.827,128,[-113 -15 24 0 0 34 1 34 1 33 1 33 1 33 0 32 0 31 -1 31 -2 30 -2 29 -2 28 -3 26 -4 25 -4 24 -4 23 -5 23 -5 22 -5 21 -5 21 -6 20 -6 19 -6 18 -7 18 -7 17 -8 17 0 0 0 0 0 0 0 0 0 0 0 0 0 0 0 0 0 0 0 0 0 0 -5 17 -6 16 -7 16 -7 17 -7 16 -7 16 -8 17 -7 17 -7 18 -7 18 -7 17 -8 18 -8 19 -7 20 -7 20 -7 20 -7 22 -7 21 -7 23 -6 24 -4 24 -4 26 -4 26 -3 29 -2 31 -1 33 ]
CSI_DATA,STA,E4:D1:24:F0:BE:00,-64,10,0,0,0,0,0,0,0,0,0,-97,0,5,0,70537090,0,399,0,0,70.9293,128,[-113 -15 24 0 2 -33 2 -32 1 -32 2 -31 1 -31 2 -30 2 -29 3 -29 2 -28 3 -27 2 -26 3 -25 3 -25 4 -23 4 -22 4 -22 4 -21 5 -20 5 -20 4 -19 5 -19 5 -19 5 -18 6 -17 7 -15 0 0 0 0 0 0 0 0 0 0 0 0 0 0 0 0 0 0 0 0 0 0 3 -17 4 -17 5 -17 4 -17 5 -17 5 -17 5 -17 5 -18 5 -18 5 -18 5 -18 6 -19 6 -19 6 -20 7 -20 7 -21 7 -21 7 -22 5 -23 6 -23 5 -25 5 -26 4 -27 4 -28 5 -29 4 -32 ]
CSI_DATA,STA,E4:D1:24:F0:BE:00,-64,10,0,0,0,0,0,0,0,0,0,-97,0,5,0,70639492,0,399,0,0,71.0318,128,[-113 -15 24 0 13 29 14 27 13 28 12 27 13 27 12 27 12 26 11 26 10 25 9 25 8 25 8 24 8 23 8 22 6 21 6 22 5 21 5 20 5 20 4 19 4 18 4 18 3 18 2 17 0 18 0 0 0 0 0 0 0 0 0 0 0 0 0 0 0 0 0 0 0 0 0 0 2 14 1 14 1 14 1 14 1 14 0 14 1 13 1 14 1 14 1 15 2 15 2 15 2 16 3 17 3 17 3 18 3 18 4 18 4 18 5 20 6 20 7 21 8 22 9 24 10 26 11 27 ]
CSI_DATA,STA,E4:D1:24:F0:BE:00,-65,10,0,0,0,0,0,0,0,0,0,-97,0,5,0,70741893,0,399,0,0,71.1342,128,[-113 -15 24 0 20 23 21 22 20 23 20 22 19 22 18 22 19 21 18 20 17 20 16 20 15 20 16 20 15 19 14 18 13 17 13 17 12 17 12 17 11 16 10 15 10 16 9 16 9 15 8 15 6 16 0 0 0 0 0 0 0 0 0 0 0 0 0 0 0 0 0 0 0 0 0 0 8 16 7 16 6 17 7 16 7 16 6 16 7 17 7 17 7 17 7 17 7 17 7 18 6 18 7 19 7 19 8 19 9 20 10 20 10 20 11 21 12 20 13 21 13 22 15 23 16 23 19 24 ]
CSI_DATA,STA,E4:D1:24:F0:BE:00,-65,10,0,0,0,0,0,0,0,0,0,-97,0,5,0,70844295,0,399,0,0,71.2367,128,[-113 -15 24 0 6 34 6 33 6 33 6 33 6 33 5 33 5 31 4 31 3 30 2 30 3 29 1 28 2 28 1 26 -1 25 0 25 -1 24 -2 23 -1 22 -3 22 -3 22 -3 21 -3 21 -4 20 -6 19 0 0 0 0 0 0 0 0 0 0 0 0 0 0 0 0 0 0 0 0 0 0 -4 19 -4 19 -5 18 -5 19 -5 18 -4 18 -5 19 -4 19 -5 19 -4 19 -4 19 -4 20 -4 21 -4 21 -4 22 -3 22 -3 22 -3 22 -2 25 -1 25 -1 26 1 26 1 27 2 29 4 31 5 32 ]
CSI_DATA,STA,E4:D1:24:F0:BE:00,-66,10,0,0,0,0,0,0,0,0,0,-97,0,5,0,70946697,0,399,0,0,71.339,128,[-113 -15 24 0 29 9 29 10 29 10 29 10 28 10 28 10 26 11 26 11 25 11 24 12 23 11 22 12 22 12 21 12 19 11 19 12 18 12 18 12 17 11 16 11 15 12 14 12 14 12 13 13 11 12 0 0 0 0 0 0 0 0 0 0 0 0 0 0 0 0 0 0 0 0 0 0 14 14 13 14 12 14 11 14 12 14 12 13 13 13 13 13 12 12 13 13 13 12 13 13 13 12 14 13 14 12 16 12 16 11 17 11 18 12 19 11 18 11 21 10 23 10 24 11 25 11 29 10 ]
CSI_DATA,STA,E4:D1:24:F0:BE:00,-68,10,0,0,0,0,0,0,0,0,0,-97,0,5,0,71049099,0,399,0,0,71.4415,128,[-113 -15 24 0 -9 -29 -9 -28 -7 -28 -6 -28 -6 -29 -5 -29 -4 -27 -3 -27 -3 -27 -3 -26 -1 -25 0 -25 0 -24 1 -23 1 -21 3 -22 3 -22 3 -21 3 -20 4 -20 4 -19 3 -19 5 -18 5 -17 5 -18 0 0 0 0 0 0 0 0 0 0 0 0 0 0 0 0 0 0 0 0 0 0 12 -18 11 -16 12 -16 10 -16 10 -16 9 -16 9 -15 8 -16 8 -15 7 -16 6 -15 6 -16 5 -16 5 -17 4 -18 2 -18 3 -19 2 -19 0 -19 -2 -21 -1 -22 -2 -21 -5 -22 -6 -23 -6 -25 -6 -27 ]
CSI_DATA,STA,E4:D1:24:F0:BE:00,-67,10,0,0,0,0,0,0,0,0,0,-97,0,5,0,71151501,0,399,0,0,71.5439,128,[-113 -15 24 0 -12 -26 -10 -27 -10 -27 -11 -26 -11 -27 -11 -27 -10 -28 -10 -28 -9 -27 -9 -29 -8 -28 -7 -27 -7 -27 -7 -26 -6 -25 -6 -26 -5 -25 -5 -24 -4 -24 -4 -25 -4 -24 -4 -23 -3 -23 -1 -22 0 -24 0 0 0 0 0 0 0 0 0 0 0 0 0 0 0 0 0 0 0 0 0 0 4 -19 4 -18 6 -18 5 -17 5 -17 5 -17 5 -16 4 -16 4 -16 4 -16 3 -15 3 -16 4 -17 3 -17 3 -17 2 -17 2 -17 1 -17 1 -18 0 -18 -2 -18 -2 -19 -3 -20 -4 -21 -6 -23 -8 -24 ]
CSI_DATA,STA,E4:D1:24:F0:BE:00,-64,10,0,0,0,0,0,0,0,0,0,-97,0,5,0,71253903,0,399,0,0,71.6461,128,[-113 -15 24 0 5 29 6 28 6 28 6 28 6 29 6 27 6 27 6 27 5 26 4 26 4 25 3 24 2 23 2 23 2 21 2 21 0 21 0 21 0 20 -1 19 -1 18 -1 18 -3 17 -3 16 -4 15 0 0 0 0 0 0 0 0 0 0 0 0 0 0 0 0 0 0 0 0 0 0 0 19 -2 18 -3 19 -3 18 -3 18 -4 18 -4 18 -5 18 -3 18 -4 17 -4 17 -4 18 -5 19 -5 19 -4 19 -4 19 -4 20 -4 20 -4 21 -3 22 -2 22 -1 23 -1 24 0 26 1 27 2 28 ]
CSI_DATA,STA,E4:D1:24:F0:BE:00,-64,10,0,0,0,0,0,0,0,0,0,-97,0,5,0,71356305,0,399,0,0,71.7487,128,[-113 -15 24 0 5 28 5 27 5 27 5 26 6 27 6 26 5 26 5 25 4 25 4 25 4 24 3 24 3 23 3 23 2 21 1 21 0 21 -1 20 -1 19 -1 19 -2 18 -2 18 -3 17 -4 16 -4 16 0 0 0 0 0 0 0 0 0 0 0 0 0 0 0 0 0 0 0 0 0 0 -1 21 -2 20 -3 20 -4 19 -4 19 -4 19 -4 18 -4 19 -5 19 -5 19 -5 18 -5 19 -5 20 -5 20 -6 20 -6 20 -6 21 -6 21 -5 22 -4 21 -3 22 -2 23 -2 23 -1 25 0 26 1 27 ]
CSI_DATA,STA,E4:D1:24:F0:BE:00,-64,10,0,0,0,0,0,0,0,0,0,-97,0,5,0,71458706,0,399,0,0,71.851,128,[-113 -15 24 0 -34 0 -34 1 -33 1 -33 0 -32 1 -33 -1 -31 0 -32 2 -31 1 -30 1 -29 -1 -28 0 -27 -1 -26 -1 -26 -1 -24 -2 -24 -3 -24 -3 -24 -3 -22 -3 -22 -4 -21 -4 -21 -5 -20 -4 -19 -6 0 0 0 0 0 0 0 0 0 0 0 0 0 0 0 0 0 0 0 0 0 0 -20 -7 -20 -8 -18 -9 -19 -10 -18 -10 -18 -9 -18 -10 -18 -10 -18 -9 -18 -10 -19 -9 -19 -9 -20 -10 -19 -9 -20 -10 -22 -9 -21 -9 -22 -9 -22 -8 -23 -9 -23 -7 -25 -7 -26 -6 -27 -4 -30 -3 -32 -3 ]
CSI_DATA,STA,E4:D1:24:F0:BE:00,-63,10,0,0,0,0,0,0,0,0,0,-97,0,5,0,71561108,0,399,0,0,71.9534,128,[-113 -15 24 0 -28 -23 -28 -22 -28 -22 -28 -21 -27 -21 -27 -21 -25 -20 -25 -19 -24 -20 -23 -19 -23 -19 -22 -19 -20 -18 -19 -18 -18 -17 -18 -17 -17 -17 -15 -17 -15 -17 -14 -16 -14 -16 -14 -16 -13 -15 -12 -16 -10 -16 0 0 0 0 0 0 0 0 0 0 0 0 0 0 0 0 0 0 0 0 0 0 -10 -15 -9 -16 -9 -16 -8 -16 -8 -16 -9 -16 -8 -17 -8 -17 -8 -17 -9 -17 -9 -17 -9 -17 -9 -18 -9 -18 -10 -18 -11 -19 -12 -19 -13 -19 -14 -19 -15 -20 -15 -20 -17 -20 -19 -20 -21 -21 -23 -22 -25 -23 ]
CSI_DATA,STA,E4:D1:24:F0:BE:00,-63,10,0,0,0,0,0,0,0,0,0,-97,0,5,0,71663510,0,399,0,0,72.0558,128,[-113 -15 24 0 5 31 6 31 6 30 6 30 6 30 6 30 5 29 5 28 4 27 4 27 4 25 4 25 3 24 2 23 2 23 1 22 1 22 1 21 0 20 -1 20 -1 18 -1 18 -3 18 -4 17 -4 18 0 0 0 0 0 0 0 0 0 0 0 0 0 0 0 0 0 0 0 0 0 0 1 16 0 16 -1 16 -1 16 -1 16 -1 17 -2 17 -1 17 -1 18 -1 18 -2 18 -2 19 -2 19 -2 19 -3 20 -2 21 -2 21 -2 21 -2 22 -1 23 0 24 1 25 1 26 2 28 3 29 5 32 ]
CSI_DATA,STA,E4:D1:24:F0:BE:00,-63,10,0,0,0,0,0,0,0,0,0,-97,0,5,0,71765908,0,399,0,0,72.1582,128,[-113 -15 24 0 27 -24 26 -23 26 -23 25 -22 24 -22 24 -21 23 -21 23 -21 22 -20 21 -19 20 -19 20 -17 19 -17 20 -16 18 -15 18 -14 18 -14 17 -14 17 -13 17 -12 16 -11 16 -11 15 -10 15 -10 15 -8 0 0 0 0 0 0 0 0 0 0 0 0 0 0 0 0 0 0 0 0 0 0 16 -12 16 -12 17 -11 17 -10 18 -10 18 -10 18 -9 18 -9 19 -9 18 -9 19 -9 20 -9 20 -9 21 -10 21 -10 22 -10 22 -10 23 -12 23 -12 24 -12 24 -13 25 -14 25 -16 26 -17 28 -19 29 -20 ]
CSI_DATA,STA,E4:D1:24:F0:BE:00,-64,10,0,0,0,0,0,0,0,0,0,-97,0,5,0,71868310,0,399,0,0,72.2606,128,[-113 -15 24 0 29 2 29 1 28 1 28 2 27 1 28 1 26 1 27 0 25 0 25 0 24 1 23 1 22 1 22 1 21 1 20 2 20 2 19 2 18 2 18 2 17 2 17 3 17 3 16 3 16 5 0 0 0 0 0 0 0 0 0 0 0 0 0 0 0 0 0 0 0 0 0 0 17 2 16 3 16 3 15 4 16 4 16 5 16 4 17 5 17 5 17 5 17 5 17 6 18 5 17 6 18 7 19 6 19 7 20 7 21 7 21 7 22 7 23 7 24 6 25 5 27 5 28 4 ]
CSI_DATA,STA,E4:D1:24:F0:BE:00,-65,10,0,0,0,0,0,0,0,0,0,-97,0,5,0,71970712,0,399,0,0,72.3629,128,[-113 -15 24 0 9 30 10 30 11 28 11 29 10 28 9 28 10 27 9 26 9 25 9 24 8 24 7 24 6 23 6 22 5 21 4 20 4 20 4 19 3 19 3 18 3 17 3 17 2 16 2 16 0 17 0 0 0 0 0 0 0 0 0 0 0 0 0 0 0 0 0 0 0 0 0 0 7 19 6 19 5 19 5 19 4 20 4 19 3 20 3 20 3 20 2 20 3 20 2 21 2 23 3 23 3 23 2 23 1 24 1 24 1 25 2 25 3 27 3 27 4 27 5 28 7 30 8 30 ]
CSI_DATA,STA,E4:D1:24:F0:BE:00,-64,10,0,0,0,0,0,0,0,0,0,-97,0,5,0,72073113,0,399,0,0,72.4653,128,[-113 -15 24 0 13 24 13 23 13 22 13 22 13 21 12 21 12 20 12 20 12 20 11 19 11 19 10 18 9 18 9 17 8 16 8 16 7 16 6 15 6 14 6 14 6 14 5 13 5 13 4 12 3 13 0 0 0 0 0 0 0 0 0 0 0 0 0 0 0 0 0 0 0 0 0 0 6 15 5 15 5 15 4 15 4 16 4 16 3 16 4 16 3 17 4 17 4 16 3 18 3 18 3 18 3 19 4 19 3 19 5 19 4 21 5 21 5 21 7 22 8 22 9 23 10 24 10 24 ]
CSI_DATA,STA,E4:D1:24:F0:BE:00,-64,10,0,0,0,0,0,0,0,0,0,-97,0,5,0,72175515,0,399,0,0,72.5678,128,[-113 -15 24 0 -7 -34 -7 -33 -7 -32 -7 -31 -7 -31 -6 -30 -6 -29 -6 -29 -5 -27 -5 -27 -5 -27 -5 -25 -4 -24 -3 -22 -2 -22 -3 -21 -2 -21 -2 -20 -2 -20 -1 -19 -1 -18 -1 -17 -1 -16 0 -16 0 -16 0 0 0 0 0 0 0 0 0 0 0 0 0 0 0 0 0 0 0 0 0 0 -4 -19 -3 -18 -2 -18 -2 -18 -2 -19 -2 -19 -1 -19 -2 -21 -1 -19 -1 -21 -1 -21 0 -22 0 -22 0 -23 0 -24 0 -24 0 -25 0 -25 0 -26 0 -27 0 -28 -1 -28 -2 -30 -3 -31 -3 -32 -4 -34 ]
CSI_DATA,STA,E4:D1:24:F0:BE:00,-65,10,0,0,0,0,0,0,0,0,0,-97,0,5,0,72277917,0,399,0,0,72.6702,128,[-113 -15 24 0 -12 27 -11 29 -10 28 -9 30 -10 29 -9 29 -10 28 -9 28 -9 27 -9 27 -10 26 -10 26 -10 25 -10 24 -10 23 -11 23 -11 22 -10 21 -11 20 -11 20 -11 18 -11 18 -11 17 -12 16 -14 14 0 0 0 0 0 0 0 0 0 0 0 0 0 0 0 0 0 0 0 0 0 0 -13 13 -14 12 -14 12 -13 12 -13 11 -14 11 -14 12 -14 11 -14 11 -14 11 -14 12 -13 12 -14 12 -15 12 -14 13 -15 14 -15 13 -14 14 -14 15 -14 16 -14 17 -14 18 -13 19 -13 21 -12 23 -13 25 ]
CSI_DATA,STA,E4:D1:24:F0:BE:00,-64,10,0,0,0,0,0,0,0,0,0,-97,0,5,0,72380319,0,399,0,0,72.7727,128,[-113 -15 24 0 33 -1 31 -2 33 -2 32 -3 32 -2 31 -4 31 -3 31 -3 31 -3 30 -3 30 -2 29 -1 28 -1 28 0 26 0 26 1 25 1 24 2 24 3 24 2 22 3 21 4 20 4 20 5 18 5 0 0 0 0 0 0 0 0 0 0 0 0 0 0 0 0 0 0 0 0 0 0 18 5 18 5 17 5 17 6 18 6 18 5 18 7 18 6 18 6 18 6 18 6 20 7 20 6 21 7 19 6 21 7 21 6 22 7 22 6 23 6 23 5 25 5 25 4 28 3 29 2 31 2 ]
CSI_DATA,STA,E4:D1:24:F0:BE:00,-62,10,0,0,0,0,0,0,0,0,0,-97,0,5,0,72482721,0,399,0,0,72.875,128,[-113 -15 24 0 33 -12 32 -12 31 -13 31 -12 30 -13 29 -12 29 -11 28 -11 27 -11 26 -11 25 -10 25 -9 24 -8 23 -7 23 -6 22 -6 22 -6 22 -5 20 -4 20 -4 19 -3 18 -2 18 -2 17 0 17 0 0 0 0 0 0 0 0 0 0 0 0 0 0 0 0 0 0 0 0 0 0 0 18 -5 18 -4 18 -3 18 -3 18 -2 19 -2 19 -2 20 -3 20 -2 20 -2 20 -2 21 -2 22 -2 22 -2 23 -2 23 -2 24 -2 25 -3 25 -4 26 -4 27 -5 29 -6 28 -7 30 -8 32 -9 34 -11 ]
CSI_DATA,STA,E4:D1:24:F0:BE:00,-63,10,0,0,0,0,0,0,0,0,0,-97,0,5,0,72585123,0,399,0,0,72.9775,128,[-113 -15 24 0 19 -28 18 -29 17 -28 17 -27 16 -28 17 -26 17 -26 16 -25 16 -24 15 -23 15 -21 16 -21 15 -20 15 -19 15 -17 14 -16 15 -15 15 -14 14 -14 14 -13 13 -12 13 -11 13 -10 13 -9 14 -9 0 0 0 0 0 0 0 0 0 0 0 0 0 0 0 0 0 0 0 0 0 0 15 -13 14 -12 15 -12 15 -11 15 -11 16 -11 16 -11 16 -11 16 -11 17 -11 16 -11 17 -12 17 -12 17 -12 17 -13 18 -14 17 -14 19 -14 18 -16 18 -16 18 -17 18 -19 18 -21 19 -22 19 -24 19 -26 ]
CSI_DATA,STA,E4:D1:24:F0:BE:00,-63,10,0,0,0,0,0,0,0,0,0,-97,0,5,0,72687525,0,399,0,0,73.0798,128,[-113 -15 24 0 -4 33 -3 32 -4 32 -4 31 -4 30 -4 30 -3 28 -4 27 -4 26 -5 26 -4 25 -5 24 -5 22 -6 22 -5 20 -6 20 -6 19 -6 17 -6 17 -6 16 -7 16 -7 15 -7 14 -7 14 -7 13 0 0 0 0 0 0 0 0 0 0 0 0 0 0 0 0 0 0 0 0 0 0 -3 19 -4 19 -5 18 -6 19 -5 18 -6 18 -7 18 -6 19 -7 19 -7 19 -7 19 -8 20 -9 21 -8 21 -9 22 -9 22 -9 23 -9 23 -9 24 -8 24 -8 26 -8 27 -7 27 -7 30 -6 31 -6 33 ]
CSI_DATA,STA,E4:D1:24:F0:BE:00,-64,10,0,0,0,0,0,0,0,0,0,-97,0,5,0,72789926,0,399,0,0,73.1821,128,[-113 -15 24 0 -1 -33 -1 -32 -1 -31 -2 -30 -1 -30 0 -29 0 -28 -1 -28 0 -27 0 -26 -1 -25 0 -25 1 -23 2 -23 2 -21 3 -21 3 -20 3 -20 4 -19 3 -18 3 -18 4 -17 4 -17 4 -16 6 -15 0 0 0 0 0 0 0 0 0 0 0 0 0 0 0 0 0 0 0 0 0 0 2 -18 3 -17 4 -17 4 -17 4 -17 4 -18 4 -18 4 -18 4 -18 4 -19 5 -19 5 -20 5 -21 5 -22 6 -22 5 -22 5 -23 5 -24 5 -25 4 -25 3 -26 3 -26 2 -28 2 -29 2 -30 1 -33 ]
CSI_DATA,STA,E4:D1:24:F0:BE:00,-64,10,0,0,0,0,0,0,0,0,0,-97,0,5,0,72892328,0,399,0,0,73.2847,128,[-113 -15 24 0 35 1 34 2 34 2 33 2 32 2 30 2 29 1 28 2 27 2 25 2 25 3 23 3 22 3 21 3 20 3 20 3 19 4 18 4 18 4 17 3 16 3 16 4 15 4 15 4 14 6 0 0 0 0 0 0 0 0 0 0 0 0 0 0 0 0 0 0 0 0 0 0 18 5 17 5 18 6 17 6 18 7 18 7 18 7 18 7 18 7 18 7 19 7 20 7 20 8 20 8 21 8 21 8 22 8 23 7 24 7 24 7 25 5 27 5 29 4 30 4 33 4 34 3 ]
CSI_DATA,STA,E4:D1:24:F0:BE:00,-64,10,0,0,0,0,0,0,0,0,0,-97,0,5,0,72994730,0,399,0,0,73.387,128,[-113 -15 24 0 -27 -19 -26 -17 -25 -18 -24 -17 -24 -15 -24 -16 -23 -16 -22 -14 -22 -15 -20 -15 -19 -14 -19 -15 -17 -14 -17 -14 -16 -13 -15 -14 -14 -13 -15 -13 -13 -13 -13 -12 -12 -13 -11 -12 -10 -13 -10 -13 -9 -12 0 0 0 0 0 0 0 0 0 0 0 0 0 0 0 0 0 0 0 0 0 0 -10 -14 -8 -14 -8 -15 -8 -15 -8 -15 -8 -15 -9 -15 -9 -16 -9 -15 -9 -16 -9 -16 -10 -16 -10 -17 -10 -17 -11 -17 -12 -17 -12 -16 -14 -17 -14 -17 -15 -17 -17 -17 -18 -18 -20 -18 -21 -18 -23 -18 -24 -18 ]
CSI_DATA,STA,E4:D1:24:F0:BE:00,-64,10,0,0,0,0,0,0,0,0,0,-97,0,5,0,73097132,0,399,0,0,73.4895,128,[-113 -15 24 0 -1 35 -1 35 -1 34 -1 33 -1 33 -1 32 -2 30 -2 30 -3 29 -4 28 -4 27 -4 25 -4 24 -4 23 -5 22 -6 22 -5 20 -6 19 -7 18 -7 18 -6 16 -6 16 -6 15 -7 14 -8 14 0 0 0 0 0 0 0 0 0 0 0 0 0 0 0 0 0 0 0 0 0 0 -5 16 -6 16 -7 16 -7 16 -7 17 -7 17 -8 17 -8 18 -8 18 -8 18 -8 18 -9 19 -8 20 -8 20 -9 20 -9 21 -9 22 -8 23 -8 24 -7 25 -6 26 -5 27 -4 28 -4 30 -4 32 -3 34 ]
CSI_DATA,STA,E4:D1:24:F0:BE:00,-64,10,0,0,0,0,0,0,0,0,0,-97,0,5,0,73114114,0,189,0,0,73.5209,128,[-67 -48 11 0 23 21 22 21 22 21 21 21 21 20 20 20 19 19 17 18 17 19 17 18 16 17 15 18 14 17 12 16 12 16 11 16 10 15 9 15 9 15 8 14 7 14 7 13 6 13 6 12 5 13 0 0 0 0 0 0 0 0 0 0 0 0 0 0 0 0 0 0 0 0 0 0 8 14 7 14 6 14 6 14 7 15 7 15 7 15 8 16 8 15 8 16 8 16 8 17 8 17 8 18 9 19 9 19 9 19 10 19 11 18 11 19 13 19 14 19 16 19 17 20 19 21 20 21 ]
CSI_DATA,STA,E4:D1:24:F0:BE:00,-64,10,0,0,0,0,0,0,0,0,0,-97,0,5,0,73199534,0,399,0,0,73.5918,128,[-113 -15 24 0 26 -18 25 -17 25 -17 24 -16 24 -16 24 -15 23 -15 22 -14 22 -14 21 -13 20 -12 21 -11 20 -10 20 -10 19 -9 19 -9 18 -8 18 -7 18 -6 16 -6 16 -5 16 -4 16 -4 16 -3 14 -1 0 0 0 0 0 0 0 0 0 0 0 0 0 0 0 0 0 0 0 0 0 0 17 -7 18 -6 18 -6 18 -6 19 -5 19 -5 19 -5 19 -5 20 -4 19 -4 20 -5 21 -5 22 -4 22 -5 22 -5 22 -5 22 -6 23 -6 23 -7 23 -7 22 -8 24 -9 24 -11 24 -12 25 -13 27 -15 ]
CSI_DATA,STA,E4:D1:24:F0:BE:00,-65,10,0,0,0,0,0,0,0,0,0,-97,0,5,0,73301936,0,399,0,0,73.6943,128,[-113 -15 24 0 -33 -1 -33 1 -32 -1 -31 -1 -31 -1 -31 -1 -29 -2 -30 -1 -29 -2 -28 -2 -28 -4 -26 -4 -25 -4 -24 -4 -23 -4 -23 -5 -22 -4 -22 -6 -21 -6 -20 -5 -20 -7 -18 -7 -16 -7 -16 -7 -16 -8 0 0 0 0 0 0 0 0 0 0 0 0 0 0 0 0 0 0 0 0 0 0 -17 -9 -16 -10 -16 -10 -16 -10 -15 -11 -16 -9 -16 -10 -16 -10 -17 -9 -16 -9 -16 -9 -17 -9 -18 -10 -17 -9 -19 -9 -20 -9 -20 -8 -21 -8 -21 -7 -22 -7 -22 -5 -25 -6 -26 -5 -27 -4 -29 -4 -31 -3 ]
CSI_DATA,STA,E4:D1:24:F0:BE:00,-65,10,0,0,0,0,0,0,0,0,0,-97,0,5,0,73404338,0,399,0,0,73.7966,128,[-113 -15 24 0 -21 21 -20 21 -20 20 -19 19 -18 19 -18 19 -17 18 -18 18 -18 17 -17 17 -17 16 -17 15 -16 14 -15 14 -15 12 -14 13 -14 11 -14 11 -14 11 -14 10 -13 10 -13 10 -13 9 -12 8 -13 7 0 0 0 0 0 0 0 0 0 0 0 0 0 0 0 0 0 0 0 0 0 0 -13 8 -12 7 -14 7 -13 8 -14 7 -14 8 -14 8 -14 8 -15 8 -15 8 -15 8 -15 8 -16 9 -16 9 -17 10 -18 9 -17 9 -18 11 -18 11 -18 12 -18 13 -18 14 -18 14 -18 16 -20 17 -21 19 ]
CSI_DATA,STA,E4:D1:24:F0:BE:00,-64,10,0,0,0,0,0,0,0,0,0,-97,0,5,0,73506739,0,399,0,0,73.899,128,[-113 -15 24 0 2 30 2 29 3 28 3 27 3 27 3 26 3 25 2 25 1 24 1 23 1 22 1 22 0 20 0 20 -1 19 -2 19 -2 18 -2 17 -2 16 -2 15 -2 15 -3 15 -3 14 -3 14 -5 12 0 0 0 0 0 0 0 0 0 0 0 0 0 0 0 0 0 0 0 0 0 0 -1 18 -2 17 -2 17 -3 17 -3 17 -3 17 -4 17 -4 17 -4 18 -4 18 -4 17 -5 18 -5 19 -4 19 -4 20 -4 20 -4 21 -4 22 -3 22 -3 23 -2 23 -2 25 -2 26 -1 26 -1 28 0 30 ]
CSI_DATA,STA,E4:D1:24:F0:BE:00,-65,10,0,0,0,0,0,0,0,0,0,-97,0,5,0,73609141,0,399,0,0,74.0014,128,[-113 -15 24 0 0 -31 1 -31 0 -30 -1 -30 0 -30 0 -29 0 -28 0 -27 2 -27 2 -26 2 -25 2 -24 2 -22 3 -22 3 -20 4 -20 4 -19 4 -19 4 -18 4 -17 3 -17 4 -16 4 -15 5 -14 5 -15 0 0 0 0 0 0 0 0 0 0 0 0 0 0 0 0 0 0 0 0 0 0 4 -20 5 -19 6 -20 6 -19 7 -19 6 -19 6 -19 7 -19 6 -19 7 -19 7 -18 7 -19 7 -20 7 -20 7 -21 6 -21 6 -21 6 -23 5 -23 5 -23 4 -24 4 -25 3 -26 3 -28 3 -29 1 -31 ]
CSI_DATA,STA,E4:D1:24:F0:BE:00,-66,10,0,0,0,0,0,0,0,0,0,-97,0,5,0,73711543,0,399,0,0,74.1039,128,[-113 -15 24 0 -34 4 -33 4 -33 3 -31 3 -31 4 -31 3 -30 3 -29 3 -29 2 -28 2 -26 0 -26 1 -24 0 -23 0 -22 0 -22 0 -21 0 -21 0 -19 -1 -19 -1 -19 -1 -18 -1 -17 -2 -17 -3 -16 -4 0 0 0 0 0 0 0 0 0 0 0 0 0 0 0 0 0 0 0 0 0 0 -20 -3 -19 -4 -20 -4 -19 -4 -20 -5 -21 -5 -20 -5 -21 -5 -21 -5 -21 -4 -21 -5 -22 -5 -22 -5 -22 -5 -23 -5 -24 -5 -24 -4 -25 -5 -25 -4 -26 -3 -26 -2 -28 -2 -28 -1 -28 -1 -30 1 -32 1 ]
CSI_DATA,STA,E4:D1:24:F0:BE:00,-64,10,0,0,0,0,0,0,0,0,0,-97,0,5,0,73813945,0,399,0,0,74.2063,128,[-113 -15 24 0 -35 5 -35 6 -35 6 -33 5 -33 6 -34 6 -32 5 -32 4 -31 4 -30 3 -30 3 -28 2 -27 1 -26 0 -25 0 -25 1 -24 -1 -23 -1 -22 -1 -22 -2 -21 -2 -20 -3 -19 -3 -19 -4 -17 -7 0 0 0 0 0 0 0 0 0 0 0 0 0 0 0 0 0 0 0 0 0 0 -19 -4 -18 -5 -17 -5 -17 -5 -18 -5 -18 -5 -18 -5 -18 -5 -19 -4 -19 -4 -19 -3 -19 -3 -20 -4 -21 -4 -21 -4 -22 -3 -23 -3 -24 -3 -25 -3 -25 -1 -27 0 -28 0 -28 1 -30 2 -32 3 -35 4 ]
CSI_DATA,STA,E4:D1:24:F0:BE:00,-63,10,0,0,0,0,0,0,0,0,0,-97,0,5,0,73898707,0,64,0,0,74.2908,128,[64 0 4 0 22 -23 20 -23 20 -23 19 -22 18 -22 18 -22 17 -20 18 -20 17 -20 17 -19 17 -18 16 -17 15 -16 15 -16 15 -14 15 -14 14 -13 14 -13 14 -12 14 -11 13 -10 12 -10 12 -9 12 -8 13 -8 0 0 0 0 0 0 0 0 0 0 0 0 0 0 0 0 0 0 0 0 0 0 14 -9 14 -8 14 -8 14 -7 15 -7 15 -7 15 -8 15 -8 16 -8 15 -9 15 -8 16 -9 17 -9 17 -10 18 -10 17 -11 17 -12 19 -12 19 -12 19 -14 19 -15 20 -16 21 -17 21 -18 22 -19 22 -21 ]
CSI_DATA,STA,E4:D1:24:F0:BE:00,-64,10,0,0,0,0,0,0,0,0,0,-97,0,5,0,73916347,0,399,0,0,74.3247,128,[-113 -15 24 0 -33 -18 -31 -17 -31 -17 -30 -17 -30 -16 -29 -16 -27 -16 -27 -16 -26 -15 -26 -15 -24 -15 -22 -15 -22 -15 -20 -14 -18 -13 -18 -13 -17 -14 -17 -13 -15 -13 -14 -13 -14 -12 -13 -13 -13 -12 -12 -12 -9 -13 0 0 0 0 0 0 0 0 0 0 0 0 0 0 0 0 0 0 0 0 0 0 -13 -15 -12 -15 -12 -15 -12 -15 -12 -16 -12 -15 -13 -15 -13 -15 -14 -16 -13 -15 -13 -15 -14 -15 -14 -17 -15 -17 -15 -17 -17 -18 -17 -17 -18 -18 -19 -17 -20 -18 -22 -18 -23 -18 -24 -19 -26 -19 -28 -19 -30 -21 ]
CSI_DATA,STA,E4:D1:24:F0:BE:00,-63,10,0,0,0,0,0,0,0,0,0,-97,0,5,0,74018749,0,399,0,0,74.411,128,[-113 -15 24 0 -24 -30 -25 -28 -25 -28 -24 -28 -24 -26 -23 -26 -23 -26 -22 -25 -22 -25 -21 -24 -20 -24 -19 -23 -18 -23 -17 -22 -15 -21 -16 -21 -14 -21 -14 -20 -12 -20 -12 -20 -11 -19 -11 -19 -10 -19 -9 -19 -6 -19 0 0 0 0 0 0 0 0 0 0 0 0 0 0 0 0 0 0 0 0 0 0 -9 -18 -8 -18 -7 -18 -7 -18 -6 -18 -6 -18 -6 -18 -6 -18 -7 -18 -6 -18 -7 -18 -7 -19 -7 -20 -8 -20 -9 -21 -10 -21 -11 -22 -11 -22 -13 -23 -12 -24 -15 -24 -16 -26 -17 -27 -18 -28 -20 -29 -22 -31 ]
CSI_DATA,STA,E4:D1:24:F0:BE:00,-65,10,0,0,0,0,0,0,0,0,0,-97,0,5,0,74121150,0,399,0,0,74.5133,128,[-113 -15 24 0 8 -31 8 -30 8 -30 7 -29 7 -29 7 -29 8 -28 8 -27 7 -29 7 -27 7 -26 7 -26 8 -24 9 -23 8 -22 8 -22 8 -21 8 -21 8 -20 8 -19 8 -19 9 -18 8 -18 9 -16 11 -14 0 0 0 0 0 0 0 0 0 0 0 0 0 0 0 0 0 0 0 0 0 0 8 -11 8 -11 8 -12 8 -11 8 -12 8 -12 9 -12 9 -13 8 -13 9 -13 9 -14 9 -15 8 -15 10 -16 9 -17 9 -17 9 -17 10 -18 10 -19 9 -20 9 -21 9 -22 9 -22 9 -24 9 -26 10 -28 ]
CSI_DATA,STA,E4:D1:24:F0:BE:00,-64,10,0,0,0,0,0,0,0,0,0,-97,0,5,0,74223552,0,399,0,0,74.6157,128,[-113 -15 24 0 -1 31 0 30 1 31 1 30 0 30 1 30 1 29 1 28 0 29 0 28 0 27 -1 26 -2 25 -2 26 -3 24 -3 25 -4 23 -4 23 -5 22 -5 21 -6 21 -7 20 -8 19 -8 18 -9 18 0 0 0 0 0 0 0 0 0 0 0 0 0 0 0 0 0 0 0 0 0 0 -3 19 -5 18 -6 18 -6 17 -7 18 -6 17 -7 17 -7 17 -7 17 -7 17 -7 17 -8 18 -7 18 -7 19 -7 19 -7 20 -7 20 -7 20 -7 21 -6 22 -5 23 -5 24 -5 25 -4 27 -3 29 -2 30 ]
CSI_DATA,STA,E4:D1:24:F0:BE:00,-63,10,0,0,0,0,0,0,0,0,0,-97,0,5,0,74325954,0,399,0,0,74.7182,128,[-113 -15 24 0 18 -31 17 -30 17 -29 16 -29 15 -29 15 -28 15 -27 15 -26 15 -26 14 -25 14 -24 14 -23 13 -22 14 -21 14 -19 14 -20 14 -19 14 -18 14 -17 13 -17 14 -15 14 -15 14 -14 14 -13 15 -11 0 0 0 0 0 0 0 0 0 0 0 0 0 0 0 0 0 0 0 0 0 0 10 -12 10 -12 11 -12 10 -12 12 -12 11 -12 12 -13 11 -12 13 -13 12 -13 12 -13 13 -14 14 -14 14 -14 14 -15 15 -16 16 -17 16 -18 15 -18 16 -19 16 -21 17 -22 17 -24 16 -26 18 -26 18 -29 ]
CSI_DATA,STA,E4:D1:24:F0:BE:00,-63,10,0,0,0,0,0,0,0,0,0,-97,0,5,0,74428356,0,399,0,0,74.8207,128,[-113 -15 24 0 23 25 24 26 23 24 23 23 23 23 21 23 22 22 20 21 21 21 20 20 19 21 18 20 17 19 16 19 15 18 15 18 14 19 13 19 12 18 11 18 10 17 9 17 8 17 7 16 5 17 0 0 0 0 0 0 0 0 0 0 0 0 0 0 0 0 0 0 0 0 0 0 11 13 10 13 9 13 10 14 10 14 10 14 10 15 10 15 10 16 11 16 11 16 11 18 11 18 11 19 11 19 12 20 13 20 13 21 14 22 15 23 16 22 17 24 18 24 19 25 22 26 23 27 ]
CSI_DATA,STA,E4:D1:24:F0:BE:00,-64,10,0,0,0,0,0,0,0,0,0,-97,0,5,0,74530758,0,399,0,0,74.9231,128,[-113 -15 24 0 28 17 28 15 28 15 28 14 28 14 28 13 28 13 27 12 26 12 27 12 25 12 25 12 24 12 23 13 21 12 21 12 20 13 20 13 19 13 18 13 17 12 16 13 15 13 14 12 11 13 0 0 0 0 0 0 0 0 0 0 0 0 0 0 0 0 0 0 0 0 0 0 10 11 10 11 9 11 10 11 10 12 10 12 10 12 11 12 10 13 11 13 12 13 11 14 13 14 13 14 13 15 13 15 14 16 15 16 16 17 17 17 18 17 19 18 20 17 22 18 23 19 26 19 ]
CSI_DATA,STA,E4:D1:24:F0:BE:00,-65,10,0,0,0,0,0,0,0,0,0,-97,0,5,0,74633160,0,399,0,0,75.0255,128,[-113 -15 24 0 -14 -27 -14 -27 -14 -25 -14 -25 -14 -25 -14 -25 -13 -24 -12 -24 -12 -24 -12 -22 -11 -22 -11 -22 -10 -21 -9 -20 -9 -19 -8 -18 -7 -19 -6 -18 -6 -18 -6 -17 -5 -17 -5 -16 -4 -15 -3 -15 -3 -15 0 0 0 0 0 0 0 0 0 0 0 0 0 0 0 0 0 0 0 0 0 0 -7 -17 -6 -16 -6 -17 -6 -17 -6 -17 -5 -17 -5 -17 -5 -18 -5 -18 -5 -18 -5 -18 -5 -19 -5 -20 -5 -20 -4 -20 -5 -21 -6 -20 -5 -22 -5 -22 -6 -23 -7 -23 -8 -23 -9 -23 -10 -24 -11 -25 -13 -26 ]
CSI_DATA,STA,E4:D1:24:F0:BE:00,-64,10,0,0,0,0,0,0,0,0,0,-97,0,5,0,74735562,0,399,0,0,75.1279,128,[-113 -15 24 0 13 -26 13 -26 12 -26 11 -25 11 -25 11 -25 10 -25 11 -25 10 -24 10 -24 10 -23 11 -22 10 -21 11 -21 10 -19 11 -19 11 -18 11 -18 11 -16 10 -16 11 -15 10 -14 11 -13 11 -12 11 -12 0 0 0 0 0 0 0 0 0 0 0 0 0 0 0 0 0 0 0 0 0 0 10 -15 11 -14 11 -13 11 -14 11 -14 12 -13 12 -13 12 -14 13 -13 13 -15 13 -13 14 -14 13 -14 14 -15 14 -14 15 -15 15 -15 16 -16 15 -17 15 -16 15 -19 16 -18 15 -19 15 -21 15 -22 16 -25 ]
CSI_DATA,STA,E4:D1:24:F0:BE:00,-65,10,0,0,0,0,0,0,0,0,0,-97,0,5,0,74837958,0,399,0,0,75.2304,128,[-113 -15 24 0 19 22 20 22 20 22 18 22 19 22 19 22 18 21 18 21 17 21 16 20 15 20 15 21 13 20 13 19 12 18 11 18 10 18 10 17 9 17 8 15 7 16 6 16 5 16 5 15 4 14 0 0 0 0 0 0 0 0 0 0 0 0 0 0 0 0 0 0 0 0 0 0 9 16 9 15 8 16 7 16 9 17 8 17 8 17 9 17 8 18 8 18 8 18 8 19 7 20 6 21 7 21 7 22 7 22 8 21 8 21 9 21 10 22 11 22 11 23 13 23 14 23 17 24 ]
CSI_DATA,STA,E4:D1:24:F0:BE:00,-64,10,0,0,0,0,0,0,0,0,0,-97,0,5,0,74940360,0,399,0,0,75.3326,128,[-113 -15 24 0 13 -27 13 -28 13 -27 12 -27 12 -26 12 -27 11 -25 11 -26 12 -24 12 -24 12 -23 11 -22 11 -21 11 -20 11 -19 11 -18 11 -18 11 -17 11 -15 11 -15 10 -14 10 -13 10 -12 10 -12 11 -12 0 0 0 0 0 0 0 0 0 0 0 0 0 0 0 0 0 0 0 0 0 0 11 -13 11 -13 12 -13 11 -12 11 -12 12 -13 12 -12 13 -14 13 -13 13 -13 13 -13 13 -13 14 -13 15 -14 15 -14 14 -14 14 -15 15 -16 15 -16 15 -16 15 -19 15 -19 15 -19 15 -22 16 -23 16 -25 ]
CSI_DATA,STA,E4:D1:24:F0:BE:00,-64,10,0,0,0,0,0,0,0,0,0,-97,0,5,0,74959260,0,64,0,0,75.3689,128,[64 0 4 0 -33 5 -32 5 -31 5 -31 5 -31 6 -31 5 -29 5 -29 5 -29 4 -28 3 -27 3 -27 3 -26 2 -24 1 -24 1 -23 0 -22 0 -22 0 -20 -1 -19 -1 -19 -2 -18 -2 -18 -3 -16 -3 -17 -4 0 0 0 0 0 0 0 0 0 0 0 0 0 0 0 0 0 0 0 0 0 0 -18 -2 -17 -2 -17 -3 -17 -3 -17 -3 -17 -3 -17 -3 -18 -3 -18 -3 -18 -5 -18 -4 -19 -5 -19 -4 -19 -4 -20 -5 -21 -4 -21 -4 -23 -4 -23 -4 -23 -3 -24 -2 -25 -2 -26 -1 -27 -1 -28 1 -31 1 ]
CSI_DATA,STA,E4:D1:24:F0:BE:00,-65,10,0,0,0,0,0,0,0,0,0,-97,0,5,0,75042762,0,399,0,0,75.435,128,[-113 -15 24 0 0 -33 0 -33 1 -32 0 -32 1 -31 0 -29 0 -29 1 -28 2 -28 2 -27 1 -27 2 -25 3 -23 4 -22 3 -21 4 -21 5 -20 4 -19 4 -19 4 -17 4 -17 4 -16 4 -16 5 -15 6 -15 0 0 0 0 0 0 0 0 0 0 0 0 0 0 0 0 0 0 0 0 0 0 2 -21 3 -20 3 -20 4 -20 4 -19 5 -19 5 -19 5 -19 4 -19 5 -19 5 -19 5 -20 5 -20 5 -21 5 -21 6 -21 6 -22 4 -22 5 -24 5 -24 5 -24 4 -26 3 -26 3 -28 2 -30 2 -32 ]
CSI_DATA,STA,E4:D1:24:F0:BE:00,-65,10,0,0,0,0,0,0,0,0,0,-97,0,5,0,75145164,0,399,0,0,75.5375,128,[-113 -15 24 0 -23 -26 -24 -25 -22 -23 -22 -24 -22 -23 -21 -23 -21 -23 -21 -22 -20 -21 -19 -21 -18 -21 -18 -20 -16 -20 -15 -19 -15 -18 -13 -18 -13 -19 -12 -17 -12 -16 -11 -16 -10 -16 -9 -16 -9 -15 -8 -15 -6 -16 0 0 0 0 0 0 0 0 0 0 0 0 0 0 0 0 0 0 0 0 0 0 -13 -18 -11 -18 -11 -18 -10 -18 -10 -18 -9 -18 -9 -19 -9 -18 -10 -18 -10 -18 -10 -18 -10 -18 -10 -20 -10 -20 -11 -21 -12 -21 -12 -22 -12 -21 -12 -22 -13 -22 -15 -23 -16 -24 -16 -23 -19 -25 -20 -26 -21 -26 ]
CSI_DATA,STA,E4:D1:24:F0:BE:00,-65,10,0,0,0,0,0,0,0,0,0,-97,0,5,0,75247566,0,399,0,0,75.6399,128,[-113 -15 24 0 -33 -2 -34 -1 -33 -1 -33 -2 -32 -1 -31 -1 -30 -2 -30 -1 -30 -2 -29 -3 -29 -4 -27 -3 -26 -3 -26 -4 -24 -3 -23 -4 -23 -4 -22 -4 -22 -5 -21 -4 -20 -5 -18 -6 -18 -6 -17 -7 -15 -8 0 0 0 0 0 0 0 0 0 0 0 0 0 0 0 0 0 0 0 0 0 0 -15 -8 -15 -8 -15 -8 -14 -8 -15 -9 -15 -8 -15 -8 -16 -8 -16 -8 -16 -8 -17 -7 -18 -9 -18 -9 -18 -9 -18 -9 -19 -8 -21 -9 -21 -8 -21 -9 -21 -7 -23 -7 -24 -6 -26 -6 -27 -5 -29 -5 -31 -4 ]
CSI_DATA,STA,E4:D1:24:F0:BE:00,-64,10,0,0,0,0,0,0,0,0,0,-97,0,5,0,75349968,0,399,0,0,75.7423,128,[-113 -15 24 0 14 -32 13 -32 13 -31 13 -30 12 -31 12 -30 12 -29 12 -28 12 -28 11 -26 11 -26 10 -24 11 -23 11 -22 11 -21 11 -20 11 -19 10 -18 10 -17 10 -17 9 -16 9 -15 9 -14 10 -13 11 -12 0 0 0 0 0 0 0 0 0 0 0 0 0 0 0 0 0 0 0 0 0 0 10 -14 11 -13 10 -13 11 -12 11 -13 11 -13 11 -13 11 -13 12 -13 11 -14 11 -14 12 -14 13 -15 13 -16 13 -16 13 -17 12 -17 14 -18 13 -18 14 -20 13 -21 14 -22 13 -24 14 -25 14 -27 16 -29 ]
CSI_DATA,STA,E4:D1:24:F0:BE:00,-64,10,0,0,0,0,0,0,0,0,0,-97,0,5,0,75452370,0,399,0,0,75.8447,128,[-113 -15 24 0 -7 -37 -6 -35 -6 -36 -5 -35 -6 -34 -6 -34 -5 -34 -6 -32 -5 -33 -4 -32 -4 -31 -3 -30 -3 -29 -2 -28 -2 -26 0 -26 0 -25 -1 -24 1 -24 0 -22 0 -22 1 -21 2 -21 3 -20 5 -17 0 0 0 0 0 0 0 0 0 0 0 0 0 0 0 0 0 0 0 0 0 0 3 -18 4 -17 4 -17 4 -17 4 -17 3 -17 4 -17 3 -17 3 -17 4 -18 3 -17 4 -19 5 -19 4 -20 4 -21 3 -20 4 -21 3 -22 2 -23 2 -24 0 -26 0 -27 0 -29 -1 -30 -2 -32 -2 -34 ]
CSI_DATA,STA,E4:D1:24:F0:BE:00,-64,10,0,0,0,0,0,0,0,0,0,-97,0,5,0,75554771,0,399,0,0,75.9471,128,[-113 -15 24 0 26 7 26 7 26 6 25 7 25 6 25 6 24 6 23 5 23 6 22 6 21 6 20 6 20 6 19 6 17 6 17 7 16 6 16 6 15 7 15 6 14 6 13 7 12 7 12 7 11 8 0 0 0 0 0 0 0 0 0 0 0 0 0 0 0 0 0 0 0 0 0 0 14 6 14 7 13 7 13 7 13 8 13 7 13 8 13 8 14 9 13 9 13 9 14 8 14 9 14 10 14 9 15 10 15 9 16 10 16 9 18 10 18 10 20 9 20 9 22 9 24 9 26 9 ]
CSI_DATA,STA,E4:D1:24:F0:BE:00,-64,10,0,0,0,0,0,0,0,0,0,-97,0,5,0,75657173,0,399,0,0,76.0495,128,[-113 -15 24 0 16 30 15 28 16 29 17 28 16 28 16 28 15 28 15 27 14 26 14 26 13 25 12 25 11 24 11 24 9 22 8 23 8 22 7 21 7 21 6 21 5 19 5 19 4 19 3 18 1 18 0 0 0 0 0 0 0 0 0 0 0 0 0 0 0 0 0 0 0 0 0 0 7 19 5 18 5 19 3 18 4 20 4 19 4 19 3 20 3 20 2 20 2 20 3 20 3 21 3 22 3 22 3 23 3 23 4 23 5 23 6 24 7 25 7 25 9 27 10 28 11 29 13 30 ]
CSI_DATA,STA,E4:D1:24:F0:BE:00,-63,10,0,0,0,0,0,0,0,0,0,-97,0,5,0,75759575,0,399,0,0,76.1518,128,[-113 -15 24 0 9 -27 9 -27 8 -27 7 -26 7 -26 7 -26 7 -25 6 -25 7 -24 6 -24 6 -23 6 -22 6 -22 6 -20 6 -20 7 -19 7 -18 7 -17 7 -17 7 -16 7 -15 7 -14 7 -14 8 -13 8 -13 0 0 0 0 0 0 0 0 0 0 0 0 0 0 0 0 0 0 0 0 0 0 4 -16 5 -15 5 -15 6 -15 6 -15 7 -15 7 -15 7 -15 8 -15 8 -15 8 -15 9 -16 9 -16 9 -16 10 -17 10 -17 9 -17 10 -18 11 -19 11 -19 10 -20 11 -21 11 -22 10 -23 10 -25 10 -26 ]
CSI_DATA,STA,E4:D1:24:F0:BE:00,-63,10,0,0,0,0,0,0,0,0,0,-97,0,5,0,75861977,0,399,0,0,76.2543,128,[-113 -15 24 0 28 16 28 15 28 14 27 15 27 13 27 13 26 13 26 13 25 13 24 12 24 12 22 12 21 12 21 11 19 11 18 11 17 11 16 11 16 11 15 10 15 10 13 10 13 10 12 10 10 11 0 0 0 0 0 0 0 0 0 0 0 0 0 0 0 0 0 0 0 0 0 0 15 9 14 10 14 11 13 11 13 11 13 12 13 12 13 12 14 12 13 13 12 13 13 13 13 14 14 15 14 14 15 15 15 15 16 15 16 15 18 15 19 15 20 16 21 16 23 16 25 17 27 17 ]
CSI_DATA,STA,E4:D1:24:F0:BE:00,-64,10,0,0,0,0,0,0,0,0,0,-97,0,5,0,75964379,0,399,0,0,76.3567,128,[-113 -15 24 0 23 21 24 20 23 19 24 20 23 19 23 19 23 18 23 18 21 18 21 18 20 17 19 16 19 17 17 16 17 16 16 15 16 16 14 15 14 14 13 15 13 14 12 14 11 13 11 14 9 14 0 0 0 0 0 0 0 0 0 0 0 0 0 0 0 0 0 0 0 0 0 0 15 15 14 16 12 16 11 16 11 16 11 16 11 17 10 17 10 17 10 17 9 17 10 17 9 18 10 19 10 19 10 18 10 19 11 19 12 19 12 20 13 19 14 20 15 20 17 21 19 21 21 22 ]
CSI_DATA,STA,E4:D1:24:F0:BE:00,-64,10,0,0,0,0,0,0,0,0,0,-97,0,5,0,75999550,0,64,0,0,76.3913,128,[64 0 4 0 19 -27 17 -26 18 -25 18 -25 16 -25 16 -25 16 -24 15 -24 16 -23 16 -22 15 -22 14 -21 14 -20 15 -19 14 -18 14 -18 14 -16 14 -16 13 -16 13 -15 12 -14 13 -13 12 -13 13 -11 13 -11 0 0 0 0 0 0 0 0 0 0 0 0 0 0 0 0 0 0 0 0 0 0 11 -15 12 -14 12 -14 12 -14 12 -13 12 -13 13 -13 13 -12 13 -13 13 -12 14 -12 14 -13 14 -13 15 -12 16 -13 16 -13 15 -14 17 -14 16 -15 17 -16 17 -17 17 -18 18 -19 19 -20 18 -22 19 -23 ]
CSI_DATA,STA,E4:D1:24:F0:BE:00,-65,10,0,0,0,0,0,0,0,0,0,-97,0,5,0,76066781,0,399,0,0,76.459,128,[-113 -15 24 0 -30 11 -29 12 -28 11 -28 11 -27 13 -27 12 -27 12 -27 12 -25 11 -26 11 -25 10 -24 10 -25 10 -24 8 -23 8 -22 7 -21 8 -21 6 -21 6 -20 6 -19 5 -18 4 -18 4 -17 4 -18 1 0 0 0 0 0 0 0 0 0 0 0 0 0 0 0 0 0 0 0 0 0 0 -19 4 -19 3 -19 2 -19 2 -19 2 -20 2 -19 2 -20 2 -20 2 -20 2 -20 2 -21 2 -21 2 -22 1 -21 1 -22 2 -22 1 -23 1 -23 2 -23 3 -24 3 -24 5 -25 5 -26 5 -28 7 -30 9 ]
CSI_DATA,STA,E4:D1:24:F0:BE:00,-65,10,0,0,0,0,0,0,0,0,0,-97,0,5,0,76169182,0,399,0,0,76.5615,128,[-113 -15 24 0 26 -15 26 -14 25 -14 25 -13 25 -13 25 -12 24 -12 23 -11 24 -11 23 -10 22 -10 21 -9 20 -8 21 -7 19 -7 19 -6 18 -6 18 -5 17 -5 17 -4 15 -4 15 -4 15 -3 14 -3 13 -2 0 0 0 0 0 0 0 0 0 0 0 0 0 0 0 0 0 0 0 0 0 0 15 -3 15 -2 15 -2 15 -1 15 -1 15 -2 16 -1 15 -2 16 -2 16 -2 15 -2 16 -2 16 -3 17 -2 17 -3 17 -4 16 -4 18 -5 18 -5 18 -6 18 -7 19 -8 20 -9 21 -10 22 -12 24 -12 ]
CSI_DATA,STA,E4:D1:24:F0:BE:00,-64,10,0,0,0,0,0,0,0,0,0,-97,0,5,0,76271584,0,399,0,0,76.6639,128,[-113 -15 24 0 3 -32 2 -31 3 -30 3 -29 2 -29 2 -29 2 -27 3 -26 3 -25 3 -25 3 -24 3 -23 3 -22 4 -21 4 -19 5 -19 4 -18 5 -18 5 -16 4 -16 4 -15 4 -14 4 -14 5 -13 5 -14 0 0 0 0 0 0 0 0 0 0 0 0 0 0 0 0 0 0 0 0 0 0 5 -17 5 -17 6 -17 6 -16 6 -17 6 -17 7 -17 7 -17 7 -17 8 -17 8 -17 7 -17 7 -18 8 -19 7 -19 7 -20 7 -20 7 -21 6 -22 7 -22 5 -24 5 -25 5 -26 4 -28 4 -28 5 -30 ]
CSI_DATA,STA,E4:D1:24:F0:BE:00,-64,10,0,0,0,0,0,0,0,0,0,-97,0,5,0,76373986,0,399,0,0,76.7664,128,[-113 -15 24 0 20 20 19 19 19 19 18 18 19 18 19 17 18 17 17 17 17 16 17 16 16 16 15 16 14 16 14 15 12 14 11 14 11 15 11 14 10 13 9 12 8 13 7 12 7 12 6 12 5 11 0 0 0 0 0 0 0 0 0 0 0 0 0 0 0 0 0 0 0 0 0 0 8 11 7 12 7 12 7 12 7 13 7 13 7 13 7 13 7 13 7 14 7 14 7 14 7 15 7 15 8 15 8 15 8 15 9 15 10 16 11 17 12 16 13 17 14 18 15 19 17 19 18 20 ]
CSI_DATA,STA,E4:D1:24:F0:BE:00,-64,10,0,0,0,0,0,0,0,0,0,-97,0,5,0,76476388,0,399,0,0,76.8686,128,[-113 -15 24 0 9 33 10 32 11 32 10 31 10 31 10 31 8 31 8 30 7 29 6 28 5 28 4 27 4 26 2 25 3 23 2 24 1 22 0 22 0 21 0 20 -1 19 -1 18 -2 16 -3 16 -2 15 0 0 0 0 0 0 0 0 0 0 0 0 0 0 0 0 0 0 0 0 0 0 1 19 0 18 -1 18 -2 18 -1 18 -2 18 -2 19 -2 19 -2 19 -1 19 -2 18 -2 20 -2 21 -2 21 -1 21 -2 22 0 22 0 23 1 23 3 24 3 25 4 26 5 27 7 29 8 31 9 32 ]
CSI_DATA,STA,E4:D1:24:F0:BE:00,-63,10,0,0,0,0,0,0,0,0,0,-97,0,5,0,76578790,0,399,0,0,76.9711,128,[-113 -15 24 0 -10 -33 -9 -32 -9 -32 -10 -31 -10 -30 -10 -30 -10 -29 -10 -30 -10 -29 -9 -28 -9 -28 -8 -28 -7 -26 -7 -25 -6 -24 -6 -24 -5 -23 -5 -23 -4 -22 -4 -22 -4 -20 -2 -20 -2 -19 -1 -19 1 -17 0 0 0 0 0 0 0 0 0 0 0 0 0 0 0 0 0 0 0 0 0 0 -4 -20 -2 -20 -2 -20 -1 -20 0 -21 1 -20 1 -20 1 -20 1 -20 1 -21 2 -20 2 -20 2 -22 2 -22 2 -22 2 -23 1 -22 1 -24 0 -23 0 -25 0 -26 -2 -27 -3 -28 -3 -29 -5 -31 -5 -32 ]
CSI_DATA,STA,E4:D1:24:F0:BE:00,-64,10,0,0,0,0,0,0,0,0,0,-97,0,5,0,76681192,0,399,0,0,77.0735,128,[-113 -15 24 0 -28 -18 -28 -17 -26 -16 -27 -16 -26 -15 -26 -16 -25 -15 -25 -15 -25 -14 -24 -14 -24 -14 -22 -13 -22 -13 -21 -13 -20 -13 -18 -12 -18 -12 -18 -12 -17 -12 -16 -12 -16 -11 -15 -11 -14 -11 -13 -11 -12 -11 0 0 0 0 0 0 0 0 0 0 0 0 0 0 0 0 0 0 0 0 0 0 -12 -11 -12 -11 -11 -12 -11 -11 -11 -13 -10 -12 -11 -12 -11 -12 -11 -12 -11 -12 -11 -13 -12 -12 -12 -13 -12 -13 -13 -14 -14 -14 -15 -15 -15 -14 -15 -16 -16 -15 -18 -15 -18 -16 -19 -16 -22 -17 -23 -17 -25 -18 ]
CSI_DATA,STA,E4:D1:24:F0:BE:00,-63,10,0,0,0,0,0,0,0,0,0,-97,0,5,0,76783594,0,399,0,0,77.1759,128,[-113 -15 24 0 -28 6 -27 7 -27 7 -26 7 -26 7 -25 7 -25 7 -25 7 -24 7 -24 6 -23 6 -23 6 -22 5 -22 5 -20 4 -20 4 -20 3 -19 3 -19 2 -18 2 -17 1 -17 1 -16 0 -15 -1 -15 -1 0 0 0 0 0 0 0 0 0 0 0 0 0 0 0 0 0 0 0 0 0 0 -15 0 -14 0 -14 -1 -15 -1 -14 -1 -15 -1 -14 -1 -15 -1 -15 -1 -15 -2 -16 -2 -16 -2 -17 -2 -16 -2 -17 -2 -18 -2 -18 -1 -19 -1 -20 -1 -20 0 -21 0 -21 1 -22 2 -24 2 -25 3 -26 4 ]
CSI_DATA,STA,E4:D1:24:F0:BE:00,-63,10,0,0,0,0,0,0,0,0,0,-97,0,5,0,76885995,0,399,0,0,77.2783,128,[-113 -15 24 0 26 -20 25 -20 26 -19 24 -19 23 -19 23 -19 22 -18 21 -18 22 -18 22 -16 21 -16 20 -14 20 -13 19 -13 19 -11 18 -10 17 -10 17 -10 17 -9 16 -8 15 -7 15 -6 14 -5 14 -5 13 -3 0 0 0 0 0 0 0 0 0 0 0 0 0 0 0 0 0 0 0 0 0 0 14 -4 14 -4 14 -4 14 -4 15 -3 14 -4 15 -4 15 -4 15 -4 15 -4 16 -4 16 -5 16 -5 17 -5 17 -5 18 -6 18 -6 19 -7 19 -8 20 -9 20 -11 20 -11 22 -13 23 -14 24 -16 25 -18 ]
CSI_DATA,STA,E4:D1:24:F0:BE:00,-65,10,0,0,0,0,0,0,0,0,0,-97,0,5,0,76988397,0,399,0,0,77.3807,128,[-113 -15 24 0 -29 3 -28 4 -27 4 -27 5 -26 5 -26 5 -25 4 -25 4 -25 4 -24 3 -24 3 -22 2 -21 2 -20 1 -19 0 -19 0 -18 0 -17 0 -17 -1 -16 -1 -15 -1 -14 -2 -13 -2 -13 -2 -12 -2 0 0 0 0 0 0 0 0 0 0 0 0 0 0 0 0 0 0 0 0 0 0 -18 -2 -17 -2 -17 -3 -17 -3 -17 -3 -17 -4 -18 -3 -18 -3 -18 -3 -18 -4 -18 -3 -19 -4 -19 -3 -19 -4 -20 -5 -21 -4 -21 -5 -22 -5 -22 -4 -22 -3 -23 -2 -23 -2 -24 -1 -24 0 -25 0 -27 2 ]
CSI_DATA,STA,E4:D1:24:F0:BE:00,-64,10,0,0,0,0,0,0,0,0,0,-97,0,5,0,77090799,0,399,0,0,77.4831,128,[-113 -15 24 0 -31 -23 -30 -21 -29 -21 -30 -21 -28 -21 -28 -20 -27 -21 -27 -20 -26 -20 -26 -20 -25 -20 -24 -20 -22 -19 -21 -18 -19 -18 -18 -19 -17 -18 -17 -18 -16 -18 -15 -17 -13 -16 -12 -16 -12 -15 -10 -15 -10 -15 0 0 0 0 0 0 0 0 0 0 0 0 0 0 0 0 0 0 0 0 0 0 -8 -16 -7 -16 -7 -16 -7 -16 -8 -16 -8 -16 -8 -16 -9 -16 -9 -16 -9 -16 -10 -16 -10 -17 -10 -18 -11 -18 -11 -18 -13 -19 -13 -19 -14 -19 -15 -19 -16 -20 -17 -20 -18 -20 -21 -20 -22 -21 -24 -22 -25 -22 ]
CSI_DATA,STA,E4:D1:24:F0:BE:00,-65,10,0,0,0,0,0,0,0,0,0,-97,0,5,0,77193201,0,399,0,0,77.5854,128,[-113 -15 24 0 -10 27 -10 27 -10 26 -10 26 -10 26 -10 24 -9 24 -11 23 -10 22 -10 21 -10 20 -10 19 -11 18 -11 17 -10 16 -10 15 -10 15 -11 14 -10 12 -10 12 -10 11 -10 10 -9 10 -10 9 -11 8 0 0 0 0 0 0 0 0 0 0 0 0 0 0 0 0 0 0 0 0 0 0 -11 14 -12 13 -12 12 -13 12 -12 12 -12 12 -12 12 -12 12 -12 12 -12 12 -12 12 -12 12 -12 13 -13 14 -12 14 -12 14 -12 15 -12 16 -12 16 -12 17 -12 18 -11 19 -11 21 -11 22 -10 23 -11 25 ]
CSI_DATA,STA,E4:D1:24:F0:BE:00,-64,10,0,0,0,0,0,0,0,0,0,-97,0,5,0,77295603,0,399,0,0,77.6878,128,[-113 -15 24 0 32 14 31 14 30 13 30 14 29 13 29 12 27 12 27 12 26 13 25 12 24 13 23 12 21 13 20 13 20 12 18 13 17 13 16 12 16 12 15 13 14 13 13 12 11 12 11 12 9 11 0 0 0 0 0 0 0 0 0 0 0 0 0 0 0 0 0 0 0 0 0 0 16 12 15 13 14 13 14 13 14 14 14 14 14 14 14 14 15 14 15 15 14 15 15 16 15 16 16 15 17 16 17 16 17 15 20 16 19 15 19 15 22 16 23 16 24 15 26 16 28 15 30 15 ]
CSI_DATA,STA,E4:D1:24:F0:BE:00,-64,10,0,0,0,0,0,0,0,0,0,-97,0,5,0,77398005,0,399,0,0,77.7903,128,[-113 -15 24 0 -32 -4 -31 -3 -30 -3 -29 -3 -29 -3 -29 -4 -27 -4 -27 -4 -26 -5 -25 -5 -23 -5 -23 -5 -21 -6 -20 -6 -19 -5 -18 -6 -17 -6 -16 -6 -16 -6 -15 -6 -13 -6 -13 -5 -13 -6 -12 -5 -11 -7 0 0 0 0 0 0 0 0 0 0 0 0 0 0 0 0 0 0 0 0 0 0 -15 -8 -14 -9 -14 -9 -14 -9 -14 -9 -14 -9 -14 -9 -15 -9 -15 -9 -15 -9 -15 -9 -15 -9 -16 -9 -16 -10 -17 -9 -18 -9 -18 -8 -20 -8 -20 -7 -21 -7 -22 -6 -23 -6 -24 -5 -26 -5 -28 -5 -30 -4 ]
CSI_DATA,STA,E4:D1:24:F0:BE:00,-64,10,0,0,0,0,0,0,0,0,0,-97,0,5,0,77500407,0,399,0,0,77.8927,128,[-113 -15 24 0 30 12 30 12 29 11 28 11 28 11 27 11 26 11 26 11 24 11 24 11 23 11 22 12 21 12 19 12 18 11 17 12 16 11 16 12 15 12 14 11 13 12 12 12 10 12 10 12 9 12 0 0 0 0 0 0 0 0 0 0 0 0 0 0 0 0 0 0 0 0 0 0 14 11 13 12 13 12 13 11 13 12 13 12 14 12 14 12 15 12 14 13 14 13 15 13 14 14 16 14 16 14 17 14 18 14 18 14 18 14 20 14 20 14 22 13 23 13 24 13 27 14 29 13 ]
CSI_DATA,STA,E4:D1:24:F0:BE:00,-63,10,0,0,0,0,0,0,0,0,0,-97,0,5,0,77602808,0,399,0,0,77.9951,128,[-113 -15 24 0 22 16 23 15 23 15 22 15 23 14 21 14 21 14 21 14 20 13 19 13 18 13 17 13 17 14 16 13 14 13 13 13 13 13 12 13 11 13 10 13 9 12 9 12 8 12 6 12 6 11 0 0 0 0 0 0 0 0 0 0 0 0 0 0 0 0 0 0 0 0 0 0 10 11 10 12 9 12 9 12 10 12 9 13 9 13 10 13 9 13 9 14 10 14 10 14 10 15 10 15 10 15 11 15 11 16 11 16 12 16 13 16 14 16 15 16 16 16 17 16 19 16 21 16 ]
CSI_DATA,STA,E4:D1:24:F0:BE:00,-63,10,0,0,0,0,0,0,0,0,0,-97,0,5,0,77705210,0,399,0,0,78.0975,128,[-113 -15 24 0 -6 -33 -7 -32 -6 -31 -7 -31 -6 -31 -7 -30 -6 -29 -6 -29 -5 -28 -5 -28 -5 -27 -4 -26 -3 -25 -2 -23 -2 -23 -1 -22 0 -22 -1 -22 0 -21 1 -20 1 -18 1 -18 1 -17 2 -16 4 -16 0 0 0 0 0 0 0 0 0 0 0 0 0 0 0 0 0 0 0 0 0 0 2 -17 3 -17 3 -17 3 -16 3 -17 3 -17 3 -17 3 -17 2 -17 3 -19 3 -18 3 -19 3 -19 3 -20 3 -20 2 -21 2 -21 2 -22 1 -23 1 -24 1 -25 0 -26 -1 -27 -3 -28 -3 -30 -3 -32 ]
CSI_DATA,STA,E4:D1:24:F0:BE:00,-64,10,0,0,0,0,0,0,0,0,0,-97,0,5,0,77807612,0,399,0,0,78.2,128,[-113 -15 24 0 -31 -16 -31 -14 -31 -13 -31 -13 -30 -12 -30 -12 -29 -13 -30 -12 -29 -11 -28 -12 -27 -12 -26 -12 -25 -12 -23 -12 -22 -12 -22 -13 -21 -12 -21 -12 -19 -12 -18 -11 -17 -13 -16 -12 -15 -12 -14 -12 -11 -12 0 0 0 0 0 0 0 0 0 0 0 0 0 0 0 0 0 0 0 0 0 0 -14 -13 -14 -14 -14 -14 -13 -14 -14 -14 -13 -14 -14 -15 -15 -15 -15 -15 -14 -15 -14 -15 -16 -16 -14 -16 -15 -17 -16 -17 -16 -17 -16 -17 -17 -17 -18 -17 -18 -17 -20 -16 -21 -17 -22 -17 -24 -17 -26 -17 -28 -17 ]
CSI_DATA,STA,E4:D1:24:F0:BE:00,-63,10,0,0,0,0,0,0,0,0,0,-97,0,5,0,77910014,0,399,0,0,78.3023,128,[-113 -15 24 0 -24 -18 -25 -17 -24 -16 -24 -16 -23 -15 -24 -15 -22 -15 -22 -14 -21 -15 -20 -14 -19 -14 -19 -14 -18 -13 -16 -13 -16 -12 -15 -13 -15 -12 -14 -12 -12 -12 -12 -12 -11 -12 -10 -11 -9 -11 -9 -11 -8 -10 0 0 0 0 0 0 0 0 0 0 0 0 0 0 0 0 0 0 0 0 0 0 -12 -12 -11 -12 -11 -13 -11 -13 -11 -13 -11 -13 -12 -13 -11 -13 -12 -14 -11 -14 -12 -14 -12 -15 -12 -16 -12 -16 -13 -16 -14 -17 -14 -17 -15 -17 -15 -17 -15 -18 -16 -17 -18 -18 -19 -18 -20 -19 -21 -19 -23 -19 ]
CSI_DATA,STA,E4:D1:24:F0:BE:00,-64,10,0,0,0,0,0,0,0,0,0,-97,0,5,0,78012416,0,399,0,0,78.4046,128,[-113 -15 24 0 24 16 24 15 24 14 23 15 24 13 23 14 23 14 22 14 22 14 21 14 20 14 18 14 17 13 16 13 15 13 14 13 14 13 13 13 12 13 11 12 10 12 9 12 8 11 7 11 6 11 0 0 0 0 0 0 0 0 0 0 0 0 0 0 0 0 0 0 0 0 0 0 13 13 12 14 12 14 11 13 11 14 11 15 12 15 11 15 11 15 11 17 11 16 11 16 12 17 11 17 12 17 12 18 12 17 13 17 13 18 14 18 14 17 16 17 17 18 18 18 19 18 21 18 ]
CSI_DATA,STA,E4:D1:24:F0:BE:00,-64,10,0,0,0,0,0,0,0,0,0,-97,0,5,0,78114818,0,399,0,0,78.5072,128,[-113 -15 24 0 -19 -27 -20 -27 -18 -25 -17 -25 -18 -24 -18 -25 -17 -24 -16 -23 -15 -23 -15 -23 -14 -22 -12 -22 -11 -21 -11 -21 -9 -20 -9 -19 -8 -18 -7 -18 -6 -17 -6 -16 -6 -16 -5 -15 -4 -14 -4 -14 -3 -13 0 0 0 0 0 0 0 0 0 0 0 0 0 0 0 0 0 0 0 0 0 0 -11 -18 -9 -18 -8 -19 -8 -19 -8 -19 -8 -19 -8 -19 -8 -20 -7 -20 -7 -19 -7 -20 -7 -20 -7 -21 -7 -22 -7 -22 -8 -22 -7 -23 -8 -23 -9 -23 -9 -23 -11 -23 -11 -24 -13 -24 -14 -26 -15 -26 -18 -27 ]
CSI_DATA,STA,E4:D1:24:F0:BE:00,-63,10,0,0,0,0,0,0,0,0,0,-97,0,5,0,78217219,0,399,0,0,78.6095,128,[-113 -15 24 0 22 21 22 21 23 19 22 20 22 20 21 20 21 19 19 19 19 19 19 18 18 18 16 18 16 18 15 17 14 18 13 17 11 17 11 17 10 17 9 16 8 16 7 15 6 15 5 15 3 15 0 0 0 0 0 0 0 0 0 0 0 0 0 0 0 0 0 0 0 0 0 0 8 13 8 13 7 13 7 13 7 14 8 14 7 15 8 14 8 15 8 15 9 15 8 16 8 17 9 17 9 17 9 17 10 17 10 18 11 18 12 19 13 19 14 19 15 19 17 20 18 21 21 21 ]
CSI_DATA,STA,E4:D1:24:F0:BE:00,-63,10,0,0,0,0,0,0,0,0,0,-97,0,5,0,78319621,0,399,0,0,78.7119,128,[-113 -15 24 0 -29 0 -27 0 -27 0 -27 1 -26 1 -26 0 -25 0 -24 1 -25 0 -23 0 -23 -1 -22 -2 -21 -1 -20 -2 -18 -2 -19 -3 -18 -3 -17 -3 -16 -4 -15 -4 -14 -4 -14 -5 -12 -5 -12 -5 -12 -5 0 0 0 0 0 0 0 0 0 0 0 0 0 0 0 0 0 0 0 0 0 0 -16 -3 -15 -4 -16 -5 -15 -4 -16 -5 -16 -5 -16 -5 -17 -5 -17 -5 -17 -6 -17 -6 -17 -6 -18 -6 -18 -7 -18 -7 -20 -7 -20 -6 -21 -6 -21 -6 -21 -6 -22 -5 -23 -4 -24 -4 -25 -3 -27 -3 -28 -2 ]
CSI_DATA,STA,E4:D1:24:F0:BE:00,-63,10,0,0,0,0,0,0,0,0,0,-97,0,5,0,78422023,0,399,0,0,78.8143,128,[-113 -15 24 0 -5 -37 -6 -36 -5 -36 -5 -34 -6 -35 -5 -34 -5 -32 -4 -32 -3 -31 -2 -31 -2 -29 -1 -28 -1 -26 0 -26 0 -24 1 -23 2 -22 2 -22 2 -21 3 -20 3 -18 3 -17 3 -16 4 -16 4 -15 0 0 0 0 0 0 0 0 0 0 0 0 0 0 0 0 0 0 0 0 0 0 3 -20 4 -19 4 -20 4 -19 5 -19 4 -18 4 -20 4 -20 5 -20 6 -20 5 -20 5 -21 5 -22 5 -22 4 -23 4 -24 3 -24 3 -25 2 -26 2 -26 1 -27 0 -30 0 -30 -2 -31 -2 -34 -4 -35 ]
CSI_DATA,STA,E4:D1:24:F0:BE:00,-64,10,0,0,0,0,0,0,0,0,0,-97,0,5,0,78524425,0,399,0,0,78.9167,128,[-113 -15 24 0 -35 -13 -33 -12 -32 -12 -31 -12 -30 -12 -30 -12 -29 -13 -28 -11 -27 -12 -26 -13 -25 -13 -24 -12 -22 -12 -21 -12 -19 -12 -19 -12 -17 -12 -17 -12 -16 -12 -15 -11 -14 -12 -13 -11 -12 -11 -12 -11 -11 -12 0 0 0 0 0 0 0 0 0 0 0 0 0 0 0 0 0 0 0 0 0 0 -14 -13 -13 -14 -13 -14 -13 -14 -13 -15 -13 -15 -14 -15 -14 -14 -14 -14 -14 -14 -13 -15 -15 -15 -15 -15 -15 -15 -17 -16 -18 -15 -18 -15 -20 -15 -20 -16 -21 -15 -22 -14 -23 -14 -26 -14 -27 -14 -29 -14 -31 -13 ]
CSI_DATA,STA,E4:D1:24:F0:BE:00,-64,10,0,0,0,0,0,0,0,0,0,-97,0,5,0,78626827,0,399,0,0,79.019,128,[-113 -15 24 0 -7 30 -6 30 -6 29 -6 28 -5 29 -6 27 -6 26 -7 26 -6 25 -7 24 -6 24 -7 22 -7 21 -7 20 -7 18 -7 18 -8 17 -8 17 -7 16 -8 15 -7 14 -7 14 -7 13 -8 12 -8 10 0 0 0 0 0 0 0 0 0 0 0 0 0 0 0 0 0 0 0 0 0 0 -8 17 -8 16 -10 16 -10 15 -10 16 -10 15 -10 15 -10 15 -10 16 -11 15 -11 16 -11 16 -12 16 -11 17 -12 17 -11 18 -11 18 -12 19 -11 19 -10 20 -10 21 -10 22 -9 24 -8 25 -8 26 -8 28 ]
CSI_DATA,STA,E4:D1:24:F0:BE:00,-62,10,0,0,0,0,0,0,0,0,0,-97,0,5,0,78729229,0,399,0,0,79.1215,128,[-113 -15 24 0 -17 30 -15 28 -15 28 -14 27 -14 26 -13 26 -13 24 -13 24 -13 23 -13 22 -13 20 -13 19 -12 19 -12 18 -11 16 -12 15 -11 14 -11 14 -11 12 -11 12 -10 11 -10 10 -10 9 -10 9 -9 7 0 0 0 0 0 0 0 0 0 0 0 0 0 0 0 0 0 0 0 0 0 0 -10 14 -10 13 -11 13 -11 13 -12 13 -12 14 -13 14 -13 14 -13 15 -14 14 -14 14 -15 15 -15 15 -15 16 -16 16 -16 17 -16 17 -16 18 -16 19 -16 20 -17 21 -17 23 -17 24 -17 25 -17 27 -18 28 ]
CSI_DATA,STA,E4:D1:24:F0:BE:00,-64,10,0,0,0,0,0,0,0,0,0,-97,0,5,0,78832670,0,399,0,0,79.225,128,[-113 -15 24 0 34 -4 31 -4 33 -3 32 -3 31 -3 31 -4 29 -3 29 -3 29 -1 26 -1 26 1 25 0 23 1 23 1 21 2 20 2 20 2 19 3 18 2 17 3 15 3 16 3 15 5 15 5 9 7 0 0 0 0 0 0 0 0 0 0 0 0 0 0 0 0 0 0 0 0 0 0 18 4 17 5 16 4 16 4 17 5 17 4 17 4 18 5 18 5 18 5 17 7 18 6 19 7 20 6 20 6 21 6 21 4 23 5 23 4 24 3 25 2 25 1 27 1 28 1 30 0 33 -1 ]
CSI_DATA,STA,E4:D1:24:F0:BE:00,-64,10,0,0,0,0,0,0,0,0,0,-97,0,5,0,78934032,0,399,0,0,79.3264,128,[-113 -15 24 0 30 14 29 13 30 13 29 13 30 14 30 13 28 14 28 14 27 13 25 14 25 14 24 15 23 15 22 14 20 13 20 15 18 14 18 15 17 14 16 15 14 14 14 15 12 15 10 15 10 16 0 0 0 0 0 0 0 0 0 0 0 0 0 0 0 0 0 0 0 0 0 0 13 15 12 15 11 15 11 15 10 16 10 15 10 15 10 15 10 16 10 15 11 15 11 14 11 16 12 15 13 16 12 15 13 15 14 15 15 15 16 16 17 15 19 15 20 14 22 15 24 15 27 14 ]
CSI_DATA,STA,E4:D1:24:F0:BE:00,-65,10,0,0,0,0,0,0,0,0,0,-97,0,5,0,79036434,0,399,0,0,79.4288,128,[-113 -15 24 0 21 -31 21 -29 22 -28 21 -27 20 -26 20 -26 20 -23 20 -24 20 -23 19 -21 18 -20 18 -19 17 -17 17 -16 17 -14 16 -14 16 -13 16 -12 15 -11 15 -10 14 -10 13 -8 13 -8 14 -7 14 -6 0 0 0 0 0 0 0 0 0 0 0 0 0 0 0 0 0 0 0 0 0 0 18 -9 17 -8 17 -8 17 -8 17 -7 18 -8 18 -8 18 -8 17 -9 17 -9 18 -9 18 -10 18 -10 20 -11 19 -11 18 -13 18 -12 20 -15 19 -15 20 -17 19 -18 19 -20 20 -21 20 -23 22 -25 23 -27 ]
CSI_DATA,STA,E4:D1:24:F0:BE:00,-63,10,0,0,0,0,0,0,0,0,0,-97,0,5,0,79138836,0,399,0,0,79.5311,128,[-113 -15 24 0 30 9 30 8 29 8 29 8 30 8 29 8 28 8 28 8 27 9 27 8 25 9 25 9 23 9 23 10 21 9 20 10 19 10 19 11 17 10 16 10 15 10 13 10 13 10 12 10 11 11 0 0 0 0 0 0 0 0 0 0 0 0 0 0 0 0 0 0 0 0 0 0 11 12 10 12 10 12 10 12 10 12 10 12 10 12 10 12 10 12 10 12 10 12 11 12 11 13 12 13 12 13 13 12 14 12 14 12 15 12 17 12 17 11 20 11 21 11 22 11 25 11 27 11 ]
CSI_DATA,STA,E4:D1:24:F0:BE:00,-64,10,0,0,0,0,0,0,0,0,0,-97,0,5,0,79241238,0,399,0,0,79.6335,128,[-113 -15 24 0 5 -29 5 -28 5 -28 5 -27 4 -27 4 -26 5 -26 4 -25 5 -25 4 -24 5 -23 5 -21 5 -20 6 -20 6 -18 6 -18 7 -17 7 -17 7 -16 7 -15 7 -14 7 -13 7 -12 8 -11 8 -10 0 0 0 0 0 0 0 0 0 0 0 0 0 0 0 0 0 0 0 0 0 0 8 -14 9 -14 9 -14 8 -13 8 -13 8 -13 8 -13 8 -14 8 -14 9 -14 8 -14 9 -16 9 -16 9 -16 9 -17 9 -17 9 -18 9 -19 9 -19 8 -20 7 -21 7 -22 7 -22 7 -24 7 -26 7 -27 ]
CSI_DATA,STA,E4:D1:24:F0:BE:00,-63,10,0,0,0,0,0,0,0,0,0,-97,0,5,0,79343640,0,399,0,0,79.736,128,[-113 -15 24 0 27 -23 27 -23 26 -22 26 -22 24 -22 24 -21 24 -20 23 -19 23 -18 22 -18 21 -17 20 -16 20 -15 19 -14 19 -12 18 -12 18 -11 18 -10 17 -10 16 -9 16 -8 15 -7 15 -6 15 -6 14 -3 0 0 0 0 0 0 0 0 0 0 0 0 0 0 0 0 0 0 0 0 0 0 16 -8 16 -7 15 -7 15 -7 16 -6 16 -7 17 -7 17 -8 17 -7 17 -8 18 -8 18 -8 19 -9 19 -9 20 -9 20 -9 21 -10 22 -11 23 -12 23 -12 23 -14 24 -15 25 -16 26 -18 27 -19 28 -20 ]
CSI_DATA,STA,E4:D1:24:F0:BE:00,-64,10,0,0,0,0,0,0,0,0,0,-97,0,5,0,79446042,0,399,0,0,79.8382,128,[-113 -15 24 0 9 34 9 33 9 33 8 32 9 32 9 31 7 30 7 29 6 29 6 28 5 27 4 26 4 25 3 25 2 23 2 23 1 22 0 21 -1 20 -1 20 -1 18 -2 18 -3 16 -4 15 -6 15 0 0 0 0 0 0 0 0 0 0 0 0 0 0 0 0 0 0 0 0 0 0 -3 16 -3 15 -3 15 -3 15 -2 16 -3 15 -2 16 -2 16 -2 17 -2 18 -2 18 -1 18 -1 19 -1 20 0 21 0 21 0 22 1 23 1 23 2 24 3 25 4 27 5 27 6 29 7 31 8 33 ]
CSI_DATA,STA,E4:D1:24:F0:BE:00,-64,10,0,0,0,0,0,0,0,0,0,-97,0,5,0,79548443,0,399,0,0,79.9407,128,[-113 -15 24 0 21 23 21 22 20 22 20 21 19 22 19 21 17 20 17 20 16 19 15 19 14 18 13 17 12 17 12 16 10 16 9 15 9 15 9 15 7 14 6 14 7 13 6 13 6 13 4 12 1 9 0 0 0 0 0 0 0 0 0 0 0 0 0 0 0 0 0 0 0 0 0 0 8 14 7 15 7 15 6 15 6 14 6 14 6 15 7 14 7 15 7 15 8 15 8 16 8 15 9 17 8 17 9 17 10 18 10 18 12 19 12 19 14 19 14 21 16 21 18 21 20 23 21 23 ]
CSI_DATA,STA,E4:D1:24:F0:BE:00,-65,10,0,0,0,0,0,0,0,0,0,-97,0,5,0,79650845,0,399,0,0,80.0432,128,[-113 -15 24 0 -27 19 -27 18 -27 18 -26 17 -25 19 -26 18 -25 17 -26 17 -25 16 -24 15 -24 15 -23 13 -23 14 -23 12 -21 11 -22 11 -22 10 -22 10 -20 8 -20 8 -20 6 -19 6 -18 6 -18 5 -18 2 0 0 0 0 0 0 0 0 0 0 0 0 0 0 0 0 0 0 0 0 0 0 -20 3 -19 1 -20 2 -20 2 -20 1 -20 2 -21 2 -21 3 -20 2 -20 2 -21 3 -21 3 -21 4 -21 3 -22 3 -23 3 -22 5 -23 5 -23 6 -23 7 -23 8 -25 9 -25 11 -25 12 -26 14 -27 15 ]
CSI_DATA,STA,E4:D1:24:F0:BE:00,-64,10,0,0,0,0,0,0,0,0,0,-97,0,5,0,79753247,0,399,0,0,80.1456,128,[-113 -15 24 0 9 35 10 36 11 33 10 34 10 33 8 33 9 32 7 31 7 30 6 30 5 29 4 28 3 27 2 26 1 24 1 24 0 24 0 22 -1 21 -2 20 -1 19 -2 18 -3 17 -4 17 -6 15 0 0 0 0 0 0 0 0 0 0 0 0 0 0 0 0 0 0 0 0 0 0 -6 19 -7 18 -7 18 -8 18 -8 17 -8 18 -7 18 -7 18 -7 19 -7 18 -6 18 -6 19 -5 20 -4 20 -5 20 -4 21 -3 22 -2 23 0 24 0 24 2 26 3 27 5 28 6 30 7 32 9 34 ]
CSI_DATA,STA,E4:D1:24:F0:BE:00,-65,10,0,0,0,0,0,0,0,0,0,-97,0,5,0,79855649,0,399,0,0,80.2481,128,[-113 -15 24 0 -31 10 -30 10 -30 10 -29 9 -29 11 -29 10 -28 10 -29 9 -28 8 -27 7 -27 7 -26 6 -25 5 -25 5 -24 4 -23 3 -23 3 -23 2 -22 2 -21 1 -20 0 -20 -1 -19 -2 -18 -1 -17 -4 0 0 0 0 0 0 0 0 0 0 0 0 0 0 0 0 0 0 0 0 0 0 -17 -3 -17 -4 -17 -3 -17 -4 -17 -4 -18 -3 -19 -3 -19 -3 -20 -3 -20 -3 -20 -3 -20 -3 -20 -3 -21 -3 -21 -2 -22 -1 -22 0 -23 1 -23 1 -23 1 -24 3 -26 3 -26 6 -26 6 -29 7 -30 8 ]
CSI_DATA,STA,E4:D1:24:F0:BE:00,-63,10,0,0,0,0,0,0,0,0,0,-97,0,5,0,79958051,0,399,0,0,80.3504,128,[-113 -15 24 0 23 -28 23 -27 22 -26 22 -25 20 -24 21 -23 19 -22 19 -21 19 -21 18 -19 17 -19 17 -18 17 -16 16 -15 15 -14 15 -13 15 -12 15 -12 14 -12 14 -10 13 -10 12 -10 12 -8 12 -8 13 -8 0 0 0 0 0 0 0 0 0 0 0 0 0 0 0 0 0 0 0 0 0 0 14 -8 14 -7 14 -7 14 -7 14 -8 14 -7 15 -8 15 -9 15 -9 15 -9 15 -9 16 -10 16 -11 16 -11 17 -12 17 -12 17 -13 18 -14 18 -15 18 -16 19 -18 19 -20 20 -21 21 -23 22 -24 23 -27 ]
CSI_DATA,STA,E4:D1:24:F0:BE:00,-63,10,0,0,0,0,0,0,0,0,0,-97,0,5,0,80060453,0,399,0,0,80.4528,128,[-113 -15 24 0 -34 0 -33 1 -32 2 -31 1 -31 0 -30 0 -30 0 -29 0 -28 0 -27 0 -27 -1 -25 -2 -24 -1 -24 -2 -22 -2 -23 -3 -21 -3 -20 -3 -20 -3 -19 -4 -18 -4 -18 -4 -17 -5 -16 -5 -15 -6 0 0 0 0 0 0 0 0 0 0 0 0 0 0 0 0 0 0 0 0 0 0 -14 -7 -14 -7 -14 -8 -13 -8 -14 -8 -13 -7 -14 -7 -15 -7 -15 -7 -15 -7 -15 -7 -16 -7 -16 -7 -17 -7 -18 -7 -19 -7 -20 -6 -21 -6 -21 -6 -22 -5 -23 -4 -25 -4 -26 -3 -27 -2 -29 -2 -30 -1 ]
CSI_DATA,STA,E4:D1:24:F0:BE:00,-64,10,0,0,0,0,0,0,0,0,0,-97,0,5,0,80162855,0,399,0,0,80.555,128,[-113 -15 24 0 33 1 32 1 33 1 31 1 30 2 30 2 29 2 28 2 27 3 26 3 25 4 25 3 24 5 23 5 21 4 20 5 19 5 19 5 19 6 17 6 17 7 16 6 15 6 14 7 14 8 0 0 0 0 0 0 0 0 0 0 0 0 0 0 0 0 0 0 0 0 0 0 12 6 12 6 12 7 12 5 12 6 13 6 14 6 15 6 14 5 14 5 15 5 16 5 16 6 18 6 17 6 19 6 19 6 20 5 20 4 21 5 24 3 24 4 27 3 27 3 29 1 32 2 ]
CSI_DATA,STA,E4:D1:24:F0:BE:00,-64,10,0,0,0,0,0,0,0,0,0,-97,0,5,0,80265256,0,399,0,0,80.6574,128,[-113 -15 24 0 19 28 19 28 19 28 18 27 17 27 16 26 15 25 15 25 13 25 13 24 12 24 11 23 11 22 10 21 9 20 9 21 8 20 7 18 6 17 5 18 6 17 5 17 4 16 3 15 3 15 0 0 0 0 0 0 0 0 0 0 0 0 0 0 0 0 0 0 0 0 0 0 2 14 1 13 1 14 1 15 1 15 1 15 2 16 2 16 3 15 2 16 2 16 2 16 3 17 3 17 4 18 4 18 5 18 6 19 7 20 8 20 10 21 11 22 12 22 14 24 15 25 17 28 ]
CSI_DATA,STA,E4:D1:24:F0:BE:00,-64,10,0,0,0,0,0,0,0,0,0,-97,0,5,0,80367658,0,399,0,0,80.76,128,[-113 -15 24 0 33 -1 33 -1 33 -1 32 -1 31 -1 31 0 30 0 29 0 27 0 27 1 26 2 25 2 24 2 22 2 21 3 20 4 20 3 19 4 18 4 18 4 16 4 16 4 15 5 14 5 14 7 0 0 0 0 0 0 0 0 0 0 0 0 0 0 0 0 0 0 0 0 0 0 16 5 15 5 15 6 16 6 16 6 16 6 16 6 17 6 17 7 17 6 17 7 18 7 18 7 18 8 19 7 19 8 20 7 20 6 22 5 22 6 23 4 25 3 26 3 28 2 30 1 32 0 ]
CSI_DATA,STA,E4:D1:24:F0:BE:00,-63,10,0,0,0,0,0,0,0,0,0,-97,0,5,0,80470060,0,399,0,0,80.8624,128,[-113 -15 24 0 -18 35 -18 34 -18 34 -17 32 -17 32 -17 30 -17 28 -17 27 -17 26 -17 24 -17 23 -17 21 -16 20 -15 19 -15 16 -15 16 -15 15 -15 14 -14 14 -13 13 -13 12 -13 11 -12 10 -12 9 -13 9 0 0 0 0 0 0 0 0 0 0 0 0 0 0 0 0 0 0 0 0 0 0 -14 12 -14 11 -15 11 -15 11 -15 11 -15 11 -16 12 -15 12 -15 13 -15 13 -15 13 -16 15 -15 15 -16 15 -16 16 -15 17 -16 18 -16 20 -15 20 -15 22 -15 24 -16 25 -16 27 -16 30 -18 31 -17 33 ]
CSI_DATA,STA,E4:D1:24:F0:BE:00,-64,10,0,0,0,0,0,0,0,0,0,-97,0,5,0,80572462,0,399,0,0,80.9648,128,[-113 -15 24 0 27 -23 26 -22 25 -21 25 -21 24 -20 24 -19 24 -18 23 -17 23 -16 21 -16 20 -14 20 -14 20 -13 19 -11 18 -10 17 -10 17 -9 17 -9 15 -8 15 -7 14 -7 13 -6 13 -6 13 -5 12 -4 0 0 0 0 0 0 0 0 0 0 0 0 0 0 0 0 0 0 0 0 0 0 17 -6 17 -6 17 -6 17 -6 18 -5 18 -6 18 -5 18 -6 18 -6 18 -7 18 -6 18 -7 19 -8 20 -7 20 -8 20 -9 20 -10 21 -11 21 -11 21 -12 21 -14 23 -15 22 -16 23 -18 24 -20 26 -21 ]
CSI_DATA,STA,E4:D1:24:F0:BE:00,-64,10,0,0,0,0,0,0,0,0,0,-97,0,5,0,80674864,0,399,0,0,81.0672,128,[-113 -15 24 0 -36 -11 -36 -11 -35 -11 -34 -11 -32 -10 -31 -11 -29 -11 -29 -11 -27 -11 -26 -12 -24 -12 -23 -12 -22 -12 -20 -12 -19 -11 -18 -11 -17 -11 -17 -11 -16 -11 -15 -10 -15 -10 -14 -9 -13 -10 -13 -9 -13 -10 0 0 0 0 0 0 0 0 0 0 0 0 0 0 0 0 0 0 0 0 0 0 -16 -10 -16 -11 -16 -10 -16 -11 -15 -11 -16 -11 -17 -10 -18 -10 -18 -11 -17 -11 -19 -11 -19 -11 -19 -12 -20 -12 -21 -12 -21 -11 -22 -10 -24 -12 -25 -12 -25 -11 -28 -10 -28 -11 -30 -11 -31 -11 -33 -11 -36 -11 ]
CSI_DATA,STA,E4:D1:24:F0:BE:00,-65,10,0,0,0,0,0,0,0,0,0,-97,0,5,0,80777266,0,399,0,0,81.1696,128,[-113 -15 24 0 -31 -21 -29 -19 -30 -20 -28 -20 -28 -20 -28 -20 -26 -20 -25 -20 -24 -21 -23 -20 -22 -20 -21 -20 -19 -19 -19 -19 -16 -18 -16 -18 -15 -17 -14 -17 -13 -17 -12 -16 -12 -15 -11 -15 -11 -15 -10 -14 -10 -15 0 0 0 0 0 0 0 0 0 0 0 0 0 0 0 0 0 0 0 0 0 0 -14 -16 -13 -16 -13 -18 -13 -17 -13 -18 -13 -17 -13 -17 -14 -17 -14 -17 -14 -18 -13 -17 -14 -18 -14 -19 -14 -19 -14 -20 -16 -19 -16 -19 -17 -20 -18 -19 -19 -19 -20 -20 -21 -20 -23 -19 -24 -21 -26 -20 -28 -21 ]
CSI_DATA,STA,E4:D1:24:F0:BE:00,-66,10,0,0,0,0,0,0,0,0,0,-97,0,5,0,80879668,0,399,0,0,81.2719,128,[-113 -15 24 0 -8 33 -9 32 -9 32 -9 32 -9 32 -10 31 -10 30 -11 30 -12 29 -11 27 -12 26 -12 25 -12 24 -13 23 -12 21 -12 21 -12 20 -13 19 -12 18 -12 18 -11 16 -11 16 -11 15 -12 15 -13 14 0 0 0 0 0 0 0 0 0 0 0 0 0 0 0 0 0 0 0 0 0 0 -13 12 -13 11 -13 10 -13 11 -12 11 -13 11 -13 12 -13 12 -12 12 -12 12 -12 12 -12 13 -12 13 -13 14 -11 14 -12 15 -12 15 -11 15 -11 17 -10 18 -10 19 -9 21 -9 23 -8 25 -9 27 -9 30 ]
CSI_DATA,STA,E4:D1:24:F0:BE:00,-65,10,0,0,0,0,0,0,0,0,0,-97,0,5,0,80982069,0,399,0,0,81.3743,128,[-113 -15 24 0 17 22 17 23 18 23 16 23 17 22 17 23 16 22 15 22 15 22 13 21 13 21 13 21 12 20 11 19 10 19 10 19 9 18 9 17 8 17 8 16 8 16 7 16 6 16 5 16 4 15 0 0 0 0 0 0 0 0 0 0 0 0 0 0 0 0 0 0 0 0 0 0 3 13 2 13 1 12 2 12 2 12 2 12 2 12 2 12 3 12 3 12 2 12 3 13 3 13 3 13 3 14 4 13 4 14 5 14 5 15 6 16 8 16 10 16 10 17 11 18 13 20 14 20 ]
CSI_DATA,STA,E4:D1:24:F0:BE:00,-64,10,0,0,0,0,0,0,0,0,0,-97,0,5,0,81084471,0,399,0,0,81.4768,128,[-113 -15 24 0 30 4 31 3 30 4 29 4 28 3 28 4 27 4 26 5 25 5 24 5 23 6 21 6 20 6 19 6 18 6 17 6 17 6 16 6 14 6 14 6 14 7 13 6 12 6 12 6 11 6 0 0 0 0 0 0 0 0 0 0 0 0 0 0 0 0 0 0 0 0 0 0 11 7 11 7 10 7 11 7 11 7 11 7 11 7 12 7 12 7 12 7 13 7 13 7 14 7 14 8 15 7 15 7 16 7 18 7 19 6 19 7 20 5 21 5 23 5 25 4 27 4 30 4 ]
CSI_DATA,STA,E4:D1:24:F0:BE:00,-65,10,0,0,0,0,0,0,0,0,0,-97,0,5,0,81186873,0,399,0,0,81.5792,128,[-113 -15 24 0 -11 33 -10 32 -10 32 -11 31 -10 32 -10 31 -11 29 -11 29 -12 28 -13 27 -12 25 -12 24 -12 23 -12 22 -11 20 -12 20 -12 19 -12 18 -11 17 -11 16 -11 16 -10 14 -11 13 -11 13 -11 11 0 0 0 0 0 0 0 0 0 0 0 0 0 0 0 0 0 0 0 0 0 0 -12 10 -12 9 -13 10 -12 10 -12 10 -12 10 -12 11 -12 11 -12 11 -13 13 -13 11 -12 12 -13 14 -13 14 -13 15 -13 15 -13 16 -13 17 -12 18 -12 19 -11 21 -11 22 -12 24 -11 26 -11 28 -10 30 ]
CSI_DATA,STA,E4:D1:24:F0:BE:00,-66,10,0,0,0,0,0,0,0,0,0,-97,0,5,0,81289275,0,399,0,0,81.6816,128,[-113 -15 24 0 -37 -7 -36 -8 -37 -9 -36 -8 -35 -10 -35 -11 -34 -11 -33 -12 -33 -11 -32 -11 -31 -12 -28 -13 -29 -13 -26 -13 -24 -12 -23 -12 -22 -12 -22 -12 -20 -11 -20 -12 -19 -12 -18 -11 -17 -12 -16 -11 -14 -12 0 0 0 0 0 0 0 0 0 0 0 0 0 0 0 0 0 0 0 0 0 0 -7 -13 -6 -12 -7 -13 -7 -12 -7 -12 -8 -11 -9 -12 -10 -11 -11 -11 -11 -10 -12 -11 -12 -11 -13 -11 -13 -11 -14 -11 -16 -11 -17 -11 -17 -11 -19 -10 -19 -10 -21 -9 -22 -9 -25 -8 -28 -9 -30 -7 -34 -9 ]
CSI_DATA,STA,E4:D1:24:F0:BE:00,-65,10,0,0,0,0,0,0,0,0,0,-97,0,5,0,81391677,0,399,0,0,81.784,128,[-113 -15 24 0 -37 2 -34 3 -33 1 -32 -1 -31 -1 -31 -1 -28 -3 -27 -3 -26 -3 -24 -4 -23 -4 -21 -5 -19 -5 -18 -6 -17 -6 -16 -6 -15 -7 -15 -7 -13 -6 -13 -6 -12 -7 -10 -6 -10 -6 -10 -7 -8 -7 0 0 0 0 0 0 0 0 0 0 0 0 0 0 0 0 0 0 0 0 0 0 -15 -10 -15 -10 -14 -10 -15 -10 -15 -9 -16 -9 -16 -9 -17 -9 -18 -9 -18 -9 -19 -8 -19 -8 -20 -8 -21 -9 -21 -8 -23 -7 -22 -6 -24 -6 -25 -6 -26 -5 -27 -3 -28 -2 -30 -1 -30 0 -33 1 -35 1 ]
CSI_DATA,STA,E4:D1:24:F0:BE:00,-67,10,0,0,0,0,0,0,0,0,0,-97,0,5,0,81494079,0,399,0,0,81.8864,128,[-113 -15 24 0 -22 20 -22 19 -23 18 -23 17 -23 18 -25 16 -25 15 -26 15 -27 13 -28 13 -26 10 -26 9 -27 10 -27 9 -25 7 -26 7 -24 6 -25 5 -24 5 -22 4 -23 4 -21 3 -20 2 -20 1 -19 1 0 0 0 0 0 0 0 0 0 0 0 0 0 0 0 0 0 0 0 0 0 0 -24 -1 -22 0 -24 0 -23 1 -23 1 -23 2 -23 3 -24 4 -23 5 -22 4 -23 5 -23 6 -23 7 -22 7 -21 9 -23 10 -21 10 -22 11 -19 12 -20 13 -20 15 -20 16 -20 16 -20 17 -21 18 -20 20 ]
CSI_DATA,STA,E4:D1:24:F0:BE:00,-68,10,0,0,0,0,0,0,0,0,0,-97,0,5,0,81596480,0,399,0,0,81.9887,128,[-113 -15 24 0 -30 -1 -30 -1 -31 -2 -32 -2 -32 -1 -33 -1 -32 -1 -33 0 -33 -2 -32 -2 -33 -2 -31 -2 -31 -3 -30 -2 -29 -2 -28 -3 -29 -3 -27 -3 -26 -4 -24 -4 -23 -3 -23 -3 -21 -4 -19 -4 -17 -4 0 0 0 0 0 0 0 0 0 0 0 0 0 0 0 0 0 0 0 0 0 0 -13 -9 -12 -8 -12 -8 -13 -7 -12 -7 -13 -6 -15 -7 -13 -5 -14 -4 -14 -5 -15 -5 -15 -4 -16 -4 -15 -4 -15 -3 -16 -4 -15 -2 -17 -4 -17 -3 -17 -4 -18 -3 -19 -3 -20 -3 -22 -4 -23 -4 -25 -3 ]
CSI_DATA,STA,E4:D1:24:F0:BE:00,-66,10,0,0,0,0,0,0,0,0,0,-97,0,5,0,81698882,0,399,0,0,82.0911,128,[-113 -15 24 0 -25 20 -24 20 -25 21 -24 21 -25 22 -24 22 -25 22 -25 22 -24 22 -24 20 -24 20 -24 20 -23 19 -23 18 -23 17 -23 16 -23 15 -23 15 -23 14 -23 13 -22 11 -22 9 -21 9 -21 7 -20 7 0 0 0 0 0 0 0 0 0 0 0 0 0 0 0 0 0 0 0 0 0 0 -17 7 -16 7 -17 6 -16 6 -16 5 -17 5 -17 6 -16 6 -17 6 -16 6 -16 5 -16 6 -16 7 -16 6 -16 7 -16 7 -17 7 -18 8 -17 9 -18 10 -18 11 -20 12 -20 12 -20 14 -22 14 -23 17 ]
CSI_DATA,STA,E4:D1:24:F0:BE:00,-68,10,0,0,0,0,0,0,0,0,0,-97,0,5,0,81801284,0,399,0,0,82.1937,128,[-113 -15 24 0 10 -26 9 -26 11 -25 11 -24 11 -25 12 -25 12 -24 13 -23 12 -23 13 -22 13 -21 14 -20 14 -20 16 -19 15 -18 15 -17 15 -17 15 -15 15 -15 15 -14 13 -14 14 -12 14 -12 14 -11 15 -6 0 0 0 0 0 0 0 0 0 0 0 0 0 0 0 0 0 0 0 0 0 0 18 -10 18 -11 18 -11 18 -11 18 -12 17 -13 18 -13 18 -13 18 -13 16 -14 17 -13 16 -14 16 -15 15 -16 16 -17 15 -17 14 -18 15 -18 13 -19 12 -20 11 -20 11 -22 11 -22 11 -23 10 -24 11 -25 ]
CSI_DATA,STA,E4:D1:24:F0:BE:00,-69,10,0,0,0,0,0,0,0,0,0,-97,0,5,0,81903686,0,399,0,0,82.296,128,[-113 -15 24 0 -15 3 -18 3 -19 0 -19 -2 -21 -3 -23 -4 -25 -5 -26 -5 -28 -7 -29 -7 -31 -8 -30 -7 -31 -8 -32 -7 -30 -7 -31 -9 -32 -8 -32 -9 -31 -8 -31 -8 -28 -8 -28 -10 -27 -10 -27 -11 -25 -10 0 0 0 0 0 0 0 0 0 0 0 0 0 0 0 0 0 0 0 0 0 0 -28 1 -28 1 -27 0 -27 1 -27 1 -27 2 -27 3 -27 5 -26 5 -25 5 -24 6 -24 7 -22 7 -21 9 -21 9 -19 10 -19 10 -18 10 -15 11 -15 12 -13 11 -12 10 -12 9 -12 9 -12 9 -13 9 ]
CSI_DATA,STA,E4:D1:24:F0:BE:00,-66,10,0,0,0,0,0,0,0,0,0,-97,0,5,0,82006088,0,399,0,0,82.3984,128,[-113 -15 24 0 30 2 31 2 32 0 33 0 34 0 34 0 35 -1 35 -1 35 -2 34 -2 34 -2 34 -1 32 -1 32 0 31 0 31 0 29 1 30 1 28 1 27 2 26 3 25 3 24 4 23 5 21 5 0 0 0 0 0 0 0 0 0 0 0 0 0 0 0 0 0 0 0 0 0 0 6 -3 6 -2 6 -2 6 -2 6 -1 6 -2 7 -1 7 -1 8 -1 8 0 7 0 8 1 9 0 9 2 8 2 11 3 11 4 12 4 13 5 14 5 15 5 16 5 19 6 20 5 23 5 26 4 ]
CSI_DATA,STA,E4:D1:24:F0:BE:00,-64,10,0,0,0,0,0,0,0,0,0,-97,0,5,0,82108490,0,399,0,0,82.5009,128,[-113 -15 24 0 21 -22 20 -22 20 -21 19 -21 18 -21 19 -21 18 -19 18 -19 18 -19 18 -17 17 -17 17 -16 16 -15 15 -15 15 -13 15 -12 15 -11 14 -11 14 -10 13 -9 13 -9 13 -8 12 -7 12 -6 11 -6 0 0 0 0 0 0 0 0 0 0 0 0 0 0 0 0 0 0 0 0 0 0 11 -7 11 -6 11 -6 11 -6 11 -6 11 -6 11 -6 11 -6 12 -7 12 -6 13 -7 13 -8 14 -8 15 -8 14 -8 14 -9 15 -10 15 -10 15 -12 16 -12 17 -14 18 -14 18 -15 19 -17 20 -18 21 -20 ]
CSI_DATA,STA,E4:D1:24:F0:BE:00,-66,10,0,0,0,0,0,0,0,0,0,-97,0,5,0,82210892,0,399,0,0,82.6032,128,[-113 -15 24 0 1 34 2 33 4 32 3 32 3 33 4 34 2 32 2 32 1 32 1 31 1 31 1 30 0 29 -1 28 -2 26 -2 27 -1 25 -2 24 -4 25 -4 23 -4 21 -5 21 -4 20 -5 19 -7 16 0 0 0 0 0 0 0 0 0 0 0 0 0 0 0 0 0 0 0 0 0 0 -9 16 -9 14 -10 15 -9 14 -10 15 -9 14 -10 14 -9 15 -8 15 -9 16 -9 14 -9 15 -8 16 -8 16 -8 16 -8 16 -7 18 -7 18 -5 19 -6 20 -4 21 -4 22 -3 24 -2 26 -1 28 0 30 ]
CSI_DATA,STA,E4:D1:24:F0:BE:00,-65,10,0,0,0,0,0,0,0,0,0,-97,0,5,0,82313293,0,399,0,0,82.7056,128,[-113 -15 24 0 -12 32 -12 31 -12 31 -10 30 -10 31 -11 31 -11 29 -12 29 -12 28 -12 28 -12 26 -12 25 -12 24 -12 23 -12 21 -12 21 -12 19 -12 18 -12 18 -12 16 -12 15 -11 14 -12 13 -13 12 -12 9 0 0 0 0 0 0 0 0 0 0 0 0 0 0 0 0 0 0 0 0 0 0 -13 15 -13 14 -14 13 -14 13 -13 12 -14 13 -13 13 -14 13 -14 13 -14 14 -14 13 -14 13 -14 14 -14 14 -14 15 -14 15 -13 16 -14 17 -13 18 -14 20 -13 21 -13 22 -13 24 -12 25 -13 27 -13 29 ]
CSI_DATA,STA,E4:D1:24:F0:BE:00,-63,10,0,0,0,0,0,0,0,0,0,-97,0,5,0,82415695,0,399,0,0,82.8079,128,[-113 -15 24 0 7 34 7 33 9 32 8 32 9 32 8 33 8 31 8 31 7 31 6 30 5 30 4 29 4 27 3 27 3 25 2 25 1 24 0 24 0 23 -1 21 -1 21 -2 20 -3 19 -4 18 -4 16 0 0 0 0 0 0 0 0 0 0 0 0 0 0 0 0 0 0 0 0 0 0 -1 17 -2 17 -3 18 -3 17 -3 17 -4 18 -4 18 -4 17 -4 18 -4 18 -5 18 -4 18 -4 19 -4 19 -4 20 -3 20 -3 20 -3 21 -2 22 -1 23 0 24 1 25 1 26 3 28 4 29 6 31 ]
CSI_DATA,STA,E4:D1:24:F0:BE:00,-63,10,0,0,0,0,0,0,0,0,0,-97,0,5,0,82518097,0,399,0,0,82.9104,128,[-113 -15 24 0 -14 -29 -15 -28 -15 -27 -15 -27 -15 -27 -15 -26 -14 -26 -14 -25 -14 -25 -13 -25 -12 -24 -12 -23 -11 -22 -11 -22 -9 -21 -9 -21 -8 -20 -8 -19 -7 -20 -7 -18 -6 -18 -5 -17 -5 -17 -4 -15 -1 -16 0 0 0 0 0 0 0 0 0 0 0 0 0 0 0 0 0 0 0 0 0 0 -4 -17 -3 -17 -2 -18 -2 -18 -2 -18 -1 -18 -1 -18 -2 -19 -2 -18 -2 -19 -2 -19 -1 -19 -1 -19 -1 -20 -1 -20 -2 -22 -2 -21 -2 -21 -4 -22 -5 -22 -5 -24 -6 -24 -7 -25 -9 -26 -10 -27 -11 -28 ]
CSI_DATA,STA,E4:D1:24:F0:BE:00,-62,10,0,0,0,0,0,0,0,0,0,-97,0,5,0,82620499,0,399,0,0,83.0129,128,[-113 -15 24 0 28 14 27 12 28 12 27 12 27 12 26 11 26 11 26 11 25 11 24 11 23 11 22 10 21 11 21 10 19 10 19 11 18 10 17 10 16 11 16 10 15 10 14 10 13 11 12 10 12 11 0 0 0 0 0 0 0 0 0 0 0 0 0 0 0 0 0 0 0 0 0 0 13 9 12 9 12 10 12 10 12 11 12 11 12 11 12 11 12 12 12 11 12 12 12 12 12 13 13 13 13 13 14 13 14 13 15 14 15 14 17 14 18 13 20 14 21 15 23 14 24 15 25 15 ]
CSI_DATA,STA,E4:D1:24:F0:BE:00,-63,10,0,0,0,0,0,0,0,0,0,-97,0,5,0,82722901,0,399,0,0,83.1152,128,[-113 -15 24 0 -20 -24 -20 -23 -19 -22 -19 -22 -19 -21 -19 -21 -18 -21 -18 -20 -17 -19 -17 -19 -16 -19 -16 -18 -14 -18 -14 -18 -13 -17 -12 -16 -11 -16 -11 -16 -10 -16 -9 -15 -9 -15 -8 -15 -8 -15 -7 -14 -6 -14 0 0 0 0 0 0 0 0 0 0 0 0 0 0 0 0 0 0 0 0 0 0 -9 -15 -8 -14 -8 -15 -7 -15 -7 -16 -7 -15 -7 -15 -7 -16 -6 -16 -7 -16 -6 -16 -7 -17 -7 -17 -7 -18 -8 -18 -9 -18 -9 -18 -9 -19 -10 -19 -10 -20 -12 -20 -12 -20 -14 -20 -15 -22 -16 -23 -17 -23 ]
CSI_DATA,STA,E4:D1:24:F0:BE:00,-63,10,0,0,0,0,0,0,0,0,0,-97,0,5,0,82825303,0,399,0,0,83.2177,128,[-113 -15 24 0 -6 -32 -5 -32 -5 -31 -6 -31 -6 -30 -5 -29 -4 -28 -4 -28 -4 -27 -3 -26 -3 -25 -2 -24 -2 -24 -2 -23 -1 -22 0 -21 0 -21 0 -20 1 -19 2 -18 1 -18 2 -17 2 -16 3 -16 4 -15 0 0 0 0 0 0 0 0 0 0 0 0 0 0 0 0 0 0 0 0 0 0 -1 -20 0 -19 1 -20 1 -19 1 -19 1 -20 1 -20 2 -20 2 -20 2 -20 2 -20 2 -21 2 -22 2 -22 3 -23 2 -23 2 -23 2 -24 1 -25 1 -26 0 -27 -1 -28 -1 -28 -2 -30 -2 -31 -3 -33 ]
CSI_DATA,STA,E4:D1:24:F0:BE:00,-64,10,0,0,0,0,0,0,0,0,0,-97,0,5,0,82927704,0,399,0,0,83.32,128,[-113 -15 24 0 33 5 31 4 31 4 30 4 31 4 30 4 29 4 29 4 28 4 27 5 26 5 25 6 24 6 23 5 21 6 21 6 21 7 20 6 18 7 18 6 17 7 16 7 16 7 15 7 14 9 0 0 0 0 0 0 0 0 0 0 0 0 0 0 0 0 0 0 0 0 0 0 17 7 16 8 16 9 15 9 16 9 16 9 17 9 17 9 18 9 17 10 18 9 18 10 19 10 19 10 19 10 20 10 20 9 21 10 21 8 22 9 24 8 25 8 26 8 27 8 28 7 31 6 ]
CSI_DATA,STA,E4:D1:24:F0:BE:00,-64,10,0,0,0,0,0,0,0,0,0,-97,0,5,0,83030106,0,399,0,0,83.4224,128,[-113 -15 24 0 30 8 30 7 29 7 29 7 29 6 28 6 28 7 28 7 27 7 26 7 25 8 24 7 23 7 22 7 20 7 20 7 20 7 19 7 18 8 17 7 16 8 15 7 14 7 13 7 12 9 0 0 0 0 0 0 0 0 0 0 0 0 0 0 0 0 0 0 0 0 0 0 17 7 16 8 16 8 15 8 16 9 16 9 15 9 16 9 17 10 16 9 16 10 16 9 17 10 17 10 17 10 18 10 18 10 19 10 19 10 20 10 21 10 22 9 23 9 24 10 27 9 29 8 ]
CSI_DATA,STA,E4:D1:24:F0:BE:00,-64,10,0,0,0,0,0,0,0,0,0,-97,0,5,0,83132508,0,399,0,0,83.5248,128,[-113 -15 24 0 5 33 5 33 5 31 5 31 5 31 5 31 4 30 3 29 3 29 3 28 2 27 1 27 0 26 1 24 0 23 0 23 -1 22 -1 21 -2 20 -2 19 -2 18 -3 18 -3 16 -3 16 -5 16 0 0 0 0 0 0 0 0 0 0 0 0 0 0 0 0 0 0 0 0 0 0 -5 17 -5 16 -6 16 -6 16 -6 16 -6 16 -6 17 -5 17 -5 18 -5 18 -5 18 -4 19 -4 19 -5 19 -4 20 -4 21 -3 21 -3 21 -2 23 -1 24 0 24 1 26 2 27 3 28 3 31 4 32 ]
