type,role,mac,rssi,rate,sig_mode,mcs,bandwidth,smoothing,not_sounding,aggregation,stbc,fec_coding,sgi,noise_floor,ampdu_cnt,channel,secondary_channel,local_timestamp,ant,sig_len,rx_state,real_time_set,real_timestamp,len,CSI_DATA
CSI_DATA,STA,E4:D1:24:F0:BE:00,-61,10,0,0,0,0,0,0,0,0,0,-96,0,5,0,9004,0,411,0,0,0.401537,128,[-101 -79 25 0 33 -4 32 -5 30 -4 29 -5 29 -5 28 -5 26 -5 25 -5 24 -4 23 -4 22 -3 21 -3 20 -2 19 -2 18 -1 17 -1 16 -1 15 0 14 0 13 0 13 0 12 1 11 1 11 1 10 1 0 0 0 0 0 0 0 0 0 0 0 0 0 0 0 0 0 0 0 0 0 0 18 -4 17 -2 17 -1 17 0 18 1 18 1 17 1 18 1 19 2 19 2 19 2 19 3 20 3 21 3 21 4 22 3 23 3 24 3 24 3 26 2 26 2 28 1 29 1 30 0 31 -1 33 -2 ]
CSI_DATA,STA,E4:D1:24:F0:BE:00,-59,10,0,0,0,0,0,0,0,0,0,-96,0,5,0,77899,0,399,0,0,0.470155,128,[-113 -15 24 0 -9 -37 -9 -35 -9 -35 -9 -33 -9 -32 -9 -31 -8 -29 -8 -28 -8 -28 -7 -26 -7 -25 -6 -24 -6 -23 -5 -22 -4 -20 -3 -20 -3 -19 -2 -19 -2 -18 -2 -17 -1 -16 0 -15 0 -14 0 -14 1 -14 0 0 0 0 0 0 0 0 0 0 0 0 0 0 0 0 0 0 0 0 0 0 -6 -19 -5 -19 -4 -20 -3 -20 -3 -20 -2 -21 -2 -21 -1 -22 -1 -22 0 -23 1 -23 1 -24 1 -25 2 -25 1 -26 1 -27 1 -27 1 -29 0 -29 0 -29 -1 -31 -2 -32 -2 -33 -3 -35 -4 -36 -5 -38 ]
CSI_DATA,STA,E4:D1:24:F0:BE:00,-59,10,0,0,0,0,0,0,0,0,0,-96,0,5,0,87689,0,30,0,0,0.512609,128,[30 -32 1 0 -34 -21 -33 -20 -33 -19 -32 -19 -31 -17 -30 -17 -29 -16 -28 -16 -26 -16 -25 -16 -24 -15 -23 -15 -22 -14 -20 -14 -18 -13 -17 -13 -16 -13 -15 -13 -14 -13 -14 -12 -12 -12 -12 -12 -11 -12 -10 -12 -9 -11 0 0 0 0 0 0 0 0 0 0 0 0 0 0 0 0 0 0 0 0 0 0 -18 -10 -17 -11 -17 -12 -16 -13 -16 -14 -16 -15 -16 -15 -16 -16 -16 -17 -16 -17 -16 -17 -16 -19 -17 -20 -17 -20 -17 -21 -18 -21 -19 -21 -19 -22 -20 -22 -21 -22 -23 -22 -24 -23 -26 -23 -28 -23 -30 -23 -32 -24 ]
CSI_DATA,STA,E4:D1:24:F0:BE:00,-60,10,0,0,0,0,0,0,0,0,0,-96,0,5,0,191442,0,411,0,0,0.58364,128,[-101 -79 25 0 0 38 0 36 1 35 1 34 2 33 1 32 2 30 1 29 1 28 0 27 0 25 -1 24 -1 23 -1 22 -2 20 -2 19 -3 19 -3 17 -4 16 -3 15 -4 14 -4 13 -4 12 -4 12 -4 11 0 0 0 0 0 0 0 0 0 0 0 0 0 0 0 0 0 0 0 0 0 0 1 20 0 20 -2 20 -2 20 -3 20 -4 20 -4 21 -5 21 -5 21 -5 21 -6 21 -6 22 -7 23 -7 24 -7 24 -8 25 -7 26 -7 27 -7 27 -7 29 -6 30 -6 32 -5 33 -5 35 -4 36 -3 38 ]
CSI_DATA,STA,E4:D1:24:F0:BE:00,-59,10,0,0,0,0,0,0,0,0,0,-96,0,5,0,282702,0,399,0,0,0.674358,128,[-113 -15 24 0 36 1 34 1 34 1 33 0 32 0 31 0 30 1 28 0 27 1 26 2 24 2 23 2 21 3 21 3 19 3 18 4 17 4 16 4 15 4 14 4 13 4 12 5 12 5 11 4 10 5 0 0 0 0 0 0 0 0 0 0 0 0 0 0 0 0 0 0 0 0 0 0 17 -1 17 0 17 1 17 1 17 2 17 2 17 3 18 3 18 3 18 4 18 5 19 5 20 6 21 6 21 6 22 6 23 6 24 6 25 6 26 6 27 6 29 5 30 5 32 5 34 4 36 4 ]
CSI_DATA,STA,E4:D1:24:F0:BE:00,-59,10,0,0,0,0,0,0,0,0,0,-96,0,5,0,2607614,0,411,0,0,2.99997,128,[-101 -79 25 0 -31 -20 -31 -18 -29 -17 -28 -16 -28 -15 -27 -15 -26 -14 -25 -14 -24 -13 -24 -13 -23 -13 -22 -12 -20 -12 -19 -12 -17 -12 -17 -12 -15 -12 -14 -12 -13 -12 -12 -12 -11 -11 -11 -11 -10 -10 -9 -10 -8 -11 0 0 0 0 0 0 0 0 0 0 0 0 0 0 0 0 0 0 0 0 0 0 -17 -9 -16 -10 -16 -11 -15 -12 -15 -12 -15 -13 -15 -14 -15 -15 -15 -15 -14 -16 -15 -15 -15 -16 -15 -17 -15 -18 -16 -18 -17 -19 -17 -19 -18 -19 -19 -20 -19 -20 -21 -20 -23 -20 -24 -20 -26 -20 -28 -21 -29 -21 ]
CSI_DATA,STA,E4:D1:24:F0:BE:00,-59,10,0,0,0,0,0,0,0,0,0,-96,0,5,0,2637941,0,399,0,0,3.04021,128,[-113 -15 24 0 -23 24 -22 23 -21 23 -20 21 -19 21 -18 21 -17 19 -17 19 -16 19 -16 17 -15 16 -15 15 -14 14 -14 13 -13 12 -14 11 -13 11 -13 10 -12 9 -12 8 -11 7 -11 6 -11 5 -10 5 -10 4 0 0 0 0 0 0 0 0 0 0 0 0 0 0 0 0 0 0 0 0 0 0 -9 13 -10 12 -11 12 -11 11 -13 11 -13 11 -14 11 -14 11 -14 11 -15 11 -15 10 -16 11 -17 11 -17 11 -18 11 -19 12 -19 12 -20 13 -20 14 -21 15 -21 16 -22 17 -22 18 -23 19 -23 21 -24 22 ]
CSI_DATA,STA,E4:D1:24:F0:BE:00,-58,10,0,0,0,0,0,0,0,0,0,-96,0,5,0,2711151,0,34,0,0,3.1031,128,[34 32 2 0 30 17 30 16 29 15 29 15 28 14 27 13 26 12 25 11 24 12 23 11 22 11 21 11 20 11 19 11 18 10 17 11 15 11 14 11 13 11 12 11 11 10 10 10 9 10 8 10 7 10 0 0 0 0 0 0 0 0 0 0 0 0 0 0 0 0 0 0 0 0 0 0 16 5 16 7 15 8 16 9 15 9 15 11 15 11 15 12 16 13 15 13 15 14 15 15 16 16 16 16 17 17 17 17 17 17 18 17 20 18 21 19 22 19 24 19 24 19 26 20 28 20 29 20 ]
CSI_DATA,STA,E4:D1:24:F0:BE:00,-59,10,0,0,0,0,0,0,0,0,0,-96,0,5,0,2740343,0,399,0,0,3.135,128,[-113 -15 24 0 -11 -33 -11 -31 -11 -30 -11 -29 -12 -28 -11 -27 -11 -26 -11 -25 -10 -25 -10 -24 -10 -23 -9 -22 -8 -22 -7 -21 -6 -20 -6 -19 -5 -18 -3 -18 -3 -17 -3 -16 -2 -15 -1 -14 -1 -14 0 -13 1 -12 0 0 0 0 0 0 0 0 0 0 0 0 0 0 0 0 0 0 0 0 0 0 -7 -16 -6 -16 -5 -17 -4 -17 -4 -18 -3 -18 -3 -19 -2 -19 -2 -20 -1 -21 -1 -20 -1 -21 0 -22 0 -22 0 -23 0 -24 -1 -24 -1 -26 -2 -26 -2 -27 -3 -28 -3 -29 -4 -30 -5 -31 -6 -32 -7 -33 ]
CSI_DATA,STA,E4:D1:24:F0:BE:00,-59,10,0,0,0,0,0,0,0,0,0,-96,0,5,0,2802789,0,148,0,0,3.19467,128,[-108 64 9 0 35 -14 34 -15 31 -14 31 -15 30 -15 29 -14 28 -14 27 -14 25 -14 25 -14 24 -13 23 -12 23 -11 21 -10 21 -9 20 -7 20 -7 19 -6 18 -6 17 -5 16 -4 16 -3 15 -3 15 -2 14 0 0 0 0 0 0 0 0 0 0 0 0 0 0 0 0 0 0 0 0 0 0 0 17 -10 18 -8 18 -7 19 -6 20 -5 20 -4 21 -4 22 -3 22 -2 21 -2 22 -2 23 -1 23 -1 24 -1 25 -1 25 -1 26 -2 26 -2 28 -3 29 -3 29 -5 31 -6 31 -7 33 -8 34 -9 36 -11 ]
CSI_DATA,STA,E4:D1:24:F0:BE:00,-60,10,0,0,0,0,0,0,0,0,0,-96,0,5,0,2842745,0,399,0,0,3.24962,128,[-113 -15 24 0 -23 -26 -23 -24 -23 -24 -22 -22 -22 -22 -21 -22 -20 -21 -19 -20 -19 -20 -18 -19 -17 -19 -17 -18 -15 -18 -14 -17 -13 -16 -12 -17 -11 -16 -10 -16 -9 -15 -8 -15 -7 -14 -6 -14 -5 -13 -4 -13 -4 -12 0 0 0 0 0 0 0 0 0 0 0 0 0 0 0 0 0 0 0 0 0 0 -13 -12 -12 -13 -12 -14 -11 -14 -10 -15 -10 -16 -10 -16 -10 -17 -10 -17 -9 -18 -9 -18 -9 -19 -9 -19 -9 -20 -9 -20 -10 -21 -11 -21 -11 -22 -11 -22 -12 -23 -13 -24 -15 -24 -16 -25 -18 -25 -19 -26 -21 -27 ]
CSI_DATA,STA,E4:D1:24:F0:BE:00,-59,10,0,0,0,0,0,0,0,0,0,-96,0,5,0,2945147,0,399,0,0,3.33736,128,[-113 -15 24 0 24 25 24 24 24 23 24 22 24 21 23 20 23 19 22 18 21 19 20 18 19 17 18 17 18 16 16 16 15 16 14 16 13 16 12 15 11 15 10 15 9 14 8 14 7 14 6 13 5 14 0 0 0 0 0 0 0 0 0 0 0 0 0 0 0 0 0 0 0 0 0 0 14 10 13 11 12 12 12 13 12 14 11 15 11 16 10 16 10 17 10 18 9 18 9 19 9 20 9 21 10 21 10 22 10 22 11 22 12 24 13 24 14 24 16 25 17 25 18 26 20 27 22 27 ]
CSI_DATA,STA,E4:D1:24:F0:BE:00,-59,10,0,0,0,0,0,0,0,0,0,-96,0,5,0,2964001,0,368,0,0,3.36808,128,[112 1 23 0 -31 17 -29 17 -28 17 -27 17 -26 17 -25 16 -25 16 -24 16 -23 15 -23 15 -22 14 -21 13 -21 12 -20 11 -20 10 -19 9 -19 9 -19 8 -18 7 -17 6 -17 5 -16 4 -16 4 -16 3 -15 2 0 0 0 0 0 0 0 0 0 0 0 0 0 0 0 0 0 0 0 0 0 0 -14 10 -15 9 -16 9 -17 8 -17 7 -18 7 -19 6 -19 6 -20 6 -20 5 -20 5 -21 4 -22 4 -23 4 -23 3 -24 4 -24 4 -25 4 -26 5 -26 6 -27 7 -28 7 -28 9 -30 11 -30 12 -31 13 ]
CSI_DATA,STA,E4:D1:24:F0:BE:00,-59,10,0,0,0,0,0,0,0,0,0,-96,0,5,0,3047549,0,399,0,0,3.43962,128,[-113 -15 24 0 -24 -23 -24 -21 -23 -21 -22 -20 -22 -19 -22 -19 -21 -18 -21 -18 -20 -17 -19 -17 -19 -16 -18 -16 -16 -16 -16 -15 -14 -15 -14 -15 -12 -15 -12 -14 -11 -14 -10 -14 -9 -13 -9 -13 -8 -13 -6 -13 -6 -12 0 0 0 0 0 0 0 0 0 0 0 0 0 0 0 0 0 0 0 0 0 0 -11 -11 -10 -12 -9 -13 -9 -13 -8 -13 -8 -13 -8 -14 -8 -15 -8 -15 -8 -15 -8 -15 -8 -16 -8 -17 -8 -17 -8 -17 -9 -18 -10 -18 -10 -19 -11 -19 -12 -19 -14 -20 -15 -21 -16 -21 -18 -22 -19 -22 -20 -23 ]
CSI_DATA,STA,E4:D1:24:F0:BE:00,-59,10,0,0,0,0,0,0,0,0,0,-96,0,5,0,3084061,0,368,0,0,3.48108,128,[112 1 23 0 -32 -22 -30 -21 -30 -21 -29 -20 -28 -19 -28 -18 -27 -18 -26 -17 -25 -17 -24 -17 -23 -17 -22 -16 -21 -16 -19 -16 -18 -15 -17 -15 -15 -15 -15 -15 -14 -15 -13 -15 -11 -15 -11 -15 -10 -14 -8 -14 -7 -14 0 0 0 0 0 0 0 0 0 0 0 0 0 0 0 0 0 0 0 0 0 0 -14 -9 -14 -10 -14 -11 -13 -12 -13 -13 -13 -13 -13 -13 -13 -14 -12 -15 -12 -15 -12 -15 -12 -16 -13 -17 -13 -17 -14 -18 -14 -18 -15 -19 -16 -19 -17 -19 -18 -20 -20 -20 -22 -21 -23 -21 -25 -22 -27 -23 -29 -24 ]
CSI_DATA,STA,E4:D1:24:F0:BE:00,-59,10,0,0,0,0,0,0,0,0,0,-96,0,5,0,3149950,0,399,0,0,3.54201,128,[-113 -15 24 0 -7 -39 -8 -38 -7 -36 -7 -35 -8 -34 -7 -33 -7 -31 -7 -31 -6 -30 -6 -29 -5 -28 -5 -26 -5 -26 -3 -24 -3 -23 -2 -22 -1 -21 -1 -20 0 -20 0 -19 1 -18 1 -16 2 -15 3 -15 3 -14 0 0 0 0 0 0 0 0 0 0 0 0 0 0 0 0 0 0 0 0 0 0 -5 -18 -3 -18 -2 -19 -2 -19 -1 -19 -1 -20 0 -20 1 -20 1 -21 2 -21 2 -21 2 -22 3 -23 3 -24 3 -24 3 -25 2 -26 2 -27 2 -28 1 -29 0 -30 -1 -32 -1 -33 -2 -35 -3 -37 -3 -39 ]
CSI_DATA,STA,E4:D1:24:F0:BE:00,-58,10,0,0,0,0,0,0,0,0,0,-96,0,5,0,3252352,0,399,0,0,3.6442,128,[-113 -15 24 0 -37 9 -35 9 -35 9 -33 8 -32 9 -32 9 -30 8 -29 8 -28 7 -27 6 -27 5 -25 5 -24 4 -23 3 -22 3 -21 2 -20 2 -20 1 -19 0 -18 0 -17 -1 -16 -1 -15 -2 -14 -3 -14 -3 0 0 0 0 0 0 0 0 0 0 0 0 0 0 0 0 0 0 0 0 0 0 -15 4 -15 3 -16 2 -16 2 -17 2 -17 2 -18 1 -18 1 -19 1 -19 0 -19 0 -20 0 -21 -1 -22 -1 -23 -1 -23 -1 -24 0 -26 0 -26 0 -27 1 -29 2 -30 3 -31 4 -33 4 -35 5 -37 6 ]
CSI_DATA,STA,E4:D1:24:F0:BE:00,-58,10,0,0,0,0,0,0,0,0,0,-96,0,5,0,3354754,0,399,0,0,3.74659,128,[-113 -15 24 0 -23 25 -21 24 -20 24 -19 22 -18 22 -18 22 -17 21 -17 20 -17 19 -16 18 -16 17 -15 16 -15 15 -15 14 -14 13 -14 13 -14 11 -14 11 -13 10 -13 9 -13 8 -12 7 -12 6 -12 5 -12 4 0 0 0 0 0 0 0 0 0 0 0 0 0 0 0 0 0 0 0 0 0 0 -10 11 -11 9 -12 9 -12 9 -13 9 -13 9 -13 9 -14 9 -14 9 -15 8 -15 8 -16 8 -16 9 -17 9 -17 9 -18 10 -18 11 -19 12 -19 12 -19 14 -20 15 -20 16 -21 18 -22 19 -22 21 -22 22 ]
CSI_DATA,STA,E4:D1:24:F0:BE:00,-59,10,0,0,0,0,0,0,0,0,0,-96,0,5,0,3457156,0,399,0,0,3.84933,128,[-113 -15 24 0 6 34 6 33 6 32 6 31 7 30 7 29 7 28 6 27 5 26 5 25 4 24 4 23 4 22 2 21 2 20 1 20 1 19 0 18 0 17 0 16 -1 16 -1 15 -2 14 -3 13 -4 13 0 0 0 0 0 0 0 0 0 0 0 0 0 0 0 0 0 0 0 0 0 0 3 14 2 15 1 15 0 15 0 16 -1 16 -1 16 -1 17 -2 17 -2 17 -2 18 -3 18 -3 19 -4 19 -3 20 -3 21 -3 22 -2 22 -2 23 -1 24 0 26 1 27 1 28 2 30 2 32 4 34 ]
CSI_DATA,STA,E4:D1:24:F0:BE:00,-59,10,0,0,0,0,0,0,0,0,0,-96,0,5,0,3559558,0,399,0,0,3.95139,128,[-113 -15 24 0 1 40 1 37 2 37 2 34 2 34 3 33 2 31 2 31 2 30 1 28 1 27 1 26 0 25 0 24 -1 22 -1 22 -2 20 -3 20 -3 18 -4 18 -3 16 -4 15 -5 14 -6 14 -7 13 0 0 0 0 0 0 0 0 0 0 0 0 0 0 0 0 0 0 0 0 0 0 1 17 0 17 -1 17 -2 17 -3 18 -3 18 -4 19 -4 19 -4 19 -5 20 -5 19 -6 21 -6 22 -6 22 -7 22 -6 25 -6 25 -6 26 -6 27 -5 28 -5 30 -3 32 -4 33 -3 34 -2 36 -2 39 ]
CSI_DATA,STA,E4:D1:24:F0:BE:00,-59,10,0,0,0,0,0,0,0,0,0,-96,0,5,0,3661960,0,399,0,0,4.05381,128,[-113 -15 24 0 6 -38 5 -37 5 -36 5 -34 4 -33 4 -33 4 -31 3 -30 4 -30 4 -28 4 -27 4 -26 4 -25 5 -24 5 -22 5 -21 6 -20 6 -20 6 -19 6 -17 7 -17 7 -15 7 -14 8 -14 8 -13 0 0 0 0 0 0 0 0 0 0 0 0 0 0 0 0 0 0 0 0 0 0 1 -16 2 -16 3 -16 4 -16 4 -16 5 -16 5 -17 6 -17 6 -17 7 -18 7 -18 8 -19 8 -19 9 -20 9 -20 9 -22 9 -22 9 -24 9 -25 9 -25 9 -27 9 -29 8 -31 8 -33 8 -34 9 -37 ]
CSI_DATA,STA,E4:D1:24:F0:BE:00,-58,10,0,0,0,0,0,0,0,0,0,-97,0,5,0,3764362,0,399,0,0,4.15621,128,[-113 -15 24 0 4 37 5 35 5 35 5 32 5 32 5 31 5 30 5 29 5 28 4 27 4 26 3 25 3 24 3 23 1 21 1 21 0 20 0 20 -1 19 -1 18 -2 16 -2 16 -3 15 -3 15 -4 13 0 0 0 0 0 0 0 0 0 0 0 0 0 0 0 0 0 0 0 0 0 0 2 15 0 15 -1 16 -1 15 -1 16 -2 16 -2 17 -2 17 -3 17 -3 18 -4 18 -4 19 -4 20 -4 20 -4 21 -4 22 -4 23 -3 25 -3 25 -3 26 -2 28 -1 30 -1 31 0 32 1 34 1 36 ]
CSI_DATA,STA,E4:D1:24:F0:BE:00,-58,10,0,0,0,0,0,0,0,0,0,-97,0,5,0,3866763,0,399,0,0,4.25891,128,[-113 -15 24 0 4 -42 3 -40 3 -39 2 -38 2 -37 2 -36 2 -34 2 -33 2 -32 2 -31 2 -29 2 -28 2 -26 3 -25 3 -23 4 -22 4 -21 4 -20 4 -19 4 -18 5 -17 4 -16 5 -14 5 -13 5 -13 0 0 0 0 0 0 0 0 0 0 0 0 0 0 0 0 0 0 0 0 0 0 2 -18 2 -18 3 -18 4 -18 4 -18 5 -18 5 -18 6 -19 6 -19 7 -20 7 -20 7 -21 8 -22 8 -23 8 -23 9 -25 8 -25 9 -27 8 -28 9 -29 8 -31 8 -33 7 -34 7 -36 7 -38 7 -41 ]
CSI_DATA,STA,E4:D1:24:F0:BE:00,-58,10,0,0,0,0,0,0,0,0,0,-97,0,5,0,3969165,0,399,0,0,4.36134,128,[-113 -15 24 0 16 -38 16 -37 15 -35 14 -35 13 -34 13 -33 13 -31 12 -31 13 -30 12 -28 12 -27 12 -25 12 -24 11 -22 11 -21 11 -20 11 -19 11 -18 11 -17 10 -16 10 -15 10 -14 10 -13 10 -12 10 -11 0 0 0 0 0 0 0 0 0 0 0 0 0 0 0 0 0 0 0 0 0 0 6 -16 7 -15 8 -15 9 -15 9 -15 10 -15 10 -15 11 -15 11 -16 12 -16 12 -16 13 -16 14 -17 14 -18 15 -18 15 -20 15 -20 16 -21 16 -23 17 -24 16 -26 17 -27 17 -29 17 -30 18 -33 19 -35 ]
CSI_DATA,STA,E4:D1:24:F0:BE:00,-58,10,0,0,0,0,0,0,0,0,0,-97,0,5,0,4071567,0,399,0,0,4.46342,128,[-113 -15 24 0 19 -38 17 -36 17 -36 16 -34 15 -34 16 -33 15 -31 14 -30 14 -30 13 -29 13 -27 13 -25 12 -24 13 -23 12 -21 12 -20 12 -19 12 -18 12 -16 12 -16 12 -14 12 -14 11 -12 12 -12 12 -11 0 0 0 0 0 0 0 0 0 0 0 0 0 0 0 0 0 0 0 0 0 0 7 -17 8 -16 9 -16 10 -15 10 -16 11 -15 12 -15 12 -15 13 -16 13 -16 14 -16 15 -17 15 -17 15 -18 16 -18 16 -19 16 -20 18 -22 18 -22 19 -23 18 -25 19 -27 20 -29 19 -31 20 -33 21 -36 ]
CSI_DATA,STA,E4:D1:24:F0:BE:00,-57,10,0,0,0,0,0,0,0,0,0,-97,0,5,0,4116627,0,37,0,0,4.50858,128,[37 80 2 0 38 5 37 5 36 4 35 4 34 4 33 4 32 3 31 3 30 3 29 4 28 4 26 4 25 5 24 5 23 5 22 6 21 6 20 7 19 7 17 7 16 7 15 8 14 8 13 8 12 9 0 0 0 0 0 0 0 0 0 0 0 0 0 0 0 0 0 0 0 0 0 0 17 1 17 3 16 3 16 4 16 5 17 6 17 6 17 6 18 7 17 7 17 8 18 8 19 9 19 9 20 10 21 9 22 9 23 10 24 10 26 10 27 9 30 9 30 8 33 8 35 8 38 8 ]
CSI_DATA,STA,E4:D1:24:F0:BE:00,-58,10,0,0,0,0,0,0,0,0,0,-97,0,5,0,4152101,0,66,0,0,4.54691,128,[66 32 4 0 -17 33 -16 33 -15 31 -14 30 -13 30 -13 29 -12 27 -12 27 -12 26 -11 25 -11 24 -11 23 -11 22 -11 20 -11 19 -11 18 -11 17 -11 16 -11 14 -11 14 -11 12 -11 11 -10 10 -11 9 -11 8 0 0 0 0 0 0 0 0 0 0 0 0 0 0 0 0 0 0 0 0 0 0 -7 15 -8 14 -10 14 -10 14 -11 14 -11 13 -12 14 -12 14 -13 14 -13 14 -13 15 -14 15 -15 15 -15 16 -16 17 -16 17 -16 18 -17 19 -17 21 -17 21 -17 23 -17 24 -17 26 -18 28 -17 30 -18 32 ]
CSI_DATA,STA,E4:D1:24:F0:BE:00,-58,10,0,0,0,0,0,0,0,0,0,-97,0,5,0,4173969,0,399,0,0,4.59045,128,[-113 -15 24 0 -33 15 -32 15 -30 14 -29 14 -27 14 -28 13 -26 12 -26 13 -25 12 -24 11 -23 11 -22 10 -22 9 -21 9 -20 7 -19 6 -18 6 -18 5 -17 4 -17 3 -16 2 -15 2 -14 1 -13 1 -13 -1 0 0 0 0 0 0 0 0 0 0 0 0 0 0 0 0 0 0 0 0 0 0 -14 6 -15 5 -15 4 -15 4 -16 3 -16 3 -17 3 -17 3 -18 3 -18 2 -18 2 -19 2 -20 2 -20 2 -21 3 -22 3 -23 4 -24 4 -25 5 -25 5 -27 6 -28 8 -29 8 -30 9 -32 11 -33 12 ]
CSI_DATA,STA,E4:D1:24:F0:BE:00,-57,10,0,0,0,0,0,0,0,0,0,-97,0,5,0,4245960,0,37,0,0,4.63787,128,[37 80 2 0 25 22 25 21 25 20 24 19 24 18 23 17 22 17 21 16 20 16 19 15 18 15 17 15 16 14 15 14 14 13 13 14 12 13 11 13 10 12 9 12 8 12 7 11 7 11 5 11 5 11 0 0 0 0 0 0 0 0 0 0 0 0 0 0 0 0 0 0 0 0 0 0 12 8 12 9 11 10 11 11 10 12 11 12 11 13 11 13 11 14 10 14 10 15 10 16 10 16 11 17 11 17 12 18 13 18 13 19 14 20 15 20 17 20 18 21 19 21 21 22 22 23 24 23 ]
CSI_DATA,STA,E4:D1:24:F0:BE:00,-58,10,0,0,0,0,0,0,0,0,0,-97,0,5,0,4276371,0,399,0,0,4.67155,128,[-113 -15 24 0 -36 -9 -36 -8 -34 -7 -33 -7 -33 -6 -32 -6 -31 -6 -29 -5 -29 -6 -28 -6 -27 -6 -25 -6 -24 -6 -23 -6 -21 -6 -21 -7 -19 -7 -19 -7 -17 -7 -16 -7 -15 -8 -15 -8 -13 -8 -12 -8 -11 -9 0 0 0 0 0 0 0 0 0 0 0 0 0 0 0 0 0 0 0 0 0 0 -18 -4 -17 -5 -18 -6 -17 -6 -17 -8 -17 -8 -18 -9 -18 -9 -18 -10 -18 -11 -18 -11 -19 -12 -19 -12 -20 -12 -20 -13 -21 -13 -22 -13 -23 -13 -24 -13 -25 -13 -27 -13 -28 -12 -30 -12 -32 -12 -33 -12 -36 -11 ]
CSI_DATA,STA,E4:D1:24:F0:BE:00,-58,10,0,0,0,0,0,0,0,0,0,-97,0,5,0,4378773,0,399,0,0,4.77085,128,[-113 -15 24 0 -35 -18 -34 -17 -33 -17 -32 -16 -32 -15 -31 -15 -29 -15 -28 -14 -27 -14 -27 -13 -26 -13 -24 -13 -23 -13 -21 -13 -20 -13 -19 -13 -17 -13 -16 -13 -15 -13 -14 -12 -13 -13 -12 -12 -12 -12 -10 -12 -9 -12 0 0 0 0 0 0 0 0 0 0 0 0 0 0 0 0 0 0 0 0 0 0 -15 -9 -15 -10 -14 -11 -14 -11 -14 -13 -14 -13 -14 -13 -14 -13 -14 -14 -14 -15 -14 -15 -15 -15 -15 -17 -15 -16 -16 -17 -17 -17 -17 -18 -19 -18 -20 -18 -21 -19 -23 -19 -24 -19 -26 -19 -28 -20 -30 -20 -32 -21 ]
CSI_DATA,STA,E4:D1:24:F0:BE:00,-57,10,0,0,0,0,0,0,0,0,0,-97,0,5,0,4481175,0,399,0,0,4.87321,128,[-113 -15 24 0 13 -29 12 -28 12 -28 11 -27 10 -26 10 -26 10 -24 9 -24 10 -23 9 -22 9 -21 9 -20 9 -18 8 -18 8 -17 9 -16 9 -15 9 -14 9 -13 8 -13 8 -12 8 -11 8 -10 8 -9 9 -8 0 0 0 0 0 0 0 0 0 0 0 0 0 0 0 0 0 0 0 0 0 0 5 -13 6 -13 7 -13 7 -12 8 -13 8 -12 9 -12 9 -13 10 -13 11 -13 11 -13 12 -13 12 -13 13 -13 13 -14 13 -15 13 -16 14 -17 14 -17 14 -18 14 -20 14 -21 15 -22 15 -24 15 -25 15 -27 ]
CSI_DATA,STA,E4:D1:24:F0:BE:00,-57,10,0,0,0,0,0,0,0,0,0,-97,0,5,0,4583577,0,399,0,0,4.97565,128,[-113 -15 24 0 -18 -34 -18 -33 -17 -32 -17 -31 -17 -30 -16 -29 -15 -28 -15 -28 -14 -27 -13 -26 -13 -25 -12 -24 -11 -23 -10 -22 -8 -21 -8 -20 -7 -20 -6 -19 -5 -19 -4 -18 -4 -17 -3 -15 -2 -15 -1 -14 0 -14 0 0 0 0 0 0 0 0 0 0 0 0 0 0 0 0 0 0 0 0 0 0 -6 -14 -5 -15 -5 -15 -4 -15 -4 -16 -3 -16 -4 -16 -3 -17 -3 -17 -3 -18 -3 -18 -2 -18 -3 -18 -3 -20 -4 -22 -4 -22 -4 -23 -5 -24 -6 -24 -7 -25 -8 -27 -9 -28 -10 -29 -12 -30 -13 -32 -14 -35 ]
CSI_DATA,STA,E4:D1:24:F0:BE:00,-58,10,0,0,0,0,0,0,0,0,0,-97,0,5,0,4685979,0,399,0,0,5.07814,128,[-113 -15 24 0 -20 -32 -20 -31 -20 -31 -20 -30 -20 -29 -19 -29 -18 -27 -18 -27 -17 -27 -16 -26 -16 -25 -14 -25 -13 -24 -12 -23 -11 -22 -10 -22 -9 -21 -8 -21 -7 -20 -6 -19 -5 -19 -4 -18 -4 -17 -3 -17 -1 -16 0 0 0 0 0 0 0 0 0 0 0 0 0 0 0 0 0 0 0 0 0 0 -7 -15 -6 -15 -5 -15 -5 -16 -4 -16 -4 -17 -4 -17 -4 -17 -4 -17 -4 -18 -3 -18 -3 -19 -4 -20 -4 -20 -4 -21 -5 -22 -5 -22 -6 -23 -7 -24 -8 -25 -9 -26 -10 -27 -11 -28 -13 -29 -15 -31 -16 -34 ]
CSI_DATA,STA,E4:D1:24:F0:BE:00,-58,10,0,0,0,0,0,0,0,0,0,-97,0,5,0,4788381,0,399,0,0,5.18055,128,[-113 -15 24 0 -33 -23 -31 -21 -31 -21 -30 -20 -29 -19 -28 -19 -27 -18 -26 -17 -25 -17 -24 -17 -23 -16 -22 -16 -20 -15 -19 -14 -17 -14 -17 -15 -15 -14 -14 -14 -13 -13 -12 -13 -11 -12 -10 -12 -10 -12 -9 -11 -7 -11 0 0 0 0 0 0 0 0 0 0 0 0 0 0 0 0 0 0 0 0 0 0 -13 -11 -12 -11 -12 -12 -11 -12 -11 -13 -11 -13 -11 -13 -11 -14 -12 -14 -12 -15 -12 -15 -12 -16 -13 -17 -13 -18 -14 -18 -16 -19 -15 -19 -17 -20 -18 -20 -19 -21 -21 -22 -22 -22 -24 -23 -26 -23 -28 -24 -29 -25 ]
CSI_DATA,STA,E4:D1:24:F0:BE:00,-58,10,0,0,0,0,0,0,0,0,0,-97,0,5,0,4890783,0,399,0,0,5.28299,128,[-113 -15 24 0 -38 -8 -37 -7 -36 -6 -35 -5 -35 -4 -34 -5 -32 -5 -32 -4 -30 -4 -29 -5 -29 -5 -28 -5 -26 -5 -25 -5 -23 -5 -22 -6 -21 -6 -21 -7 -19 -7 -18 -7 -17 -8 -16 -7 -15 -8 -14 -8 -13 -9 0 0 0 0 0 0 0 0 0 0 0 0 0 0 0 0 0 0 0 0 0 0 -15 -5 -15 -6 -15 -7 -14 -7 -14 -8 -15 -8 -15 -8 -16 -8 -15 -9 -16 -9 -16 -9 -17 -10 -18 -10 -18 -11 -20 -11 -20 -11 -21 -11 -22 -11 -24 -11 -25 -11 -26 -10 -28 -10 -30 -10 -32 -10 -34 -9 -36 -9 ]
CSI_DATA,STA,E4:D1:24:F0:BE:00,-58,10,0,0,0,0,0,0,0,0,0,-97,0,5,0,4993185,0,399,0,0,5.38536,128,[-113 -15 24 0 -29 28 -28 28 -27 27 -26 27 -24 26 -24 25 -23 24 -23 24 -22 23 -22 22 -21 20 -20 19 -19 18 -19 16 -18 15 -17 14 -18 13 -17 12 -16 11 -16 10 -15 9 -14 8 -14 7 -15 6 -14 5 0 0 0 0 0 0 0 0 0 0 0 0 0 0 0 0 0 0 0 0 0 0 -14 11 -15 10 -15 9 -16 9 -16 8 -16 8 -17 8 -17 8 -18 9 -18 8 -18 8 -19 9 -19 9 -20 9 -21 10 -22 11 -22 12 -23 13 -23 14 -24 15 -24 17 -26 19 -26 19 -28 21 -28 24 -30 26 ]
CSI_DATA,STA,E4:D1:24:F0:BE:00,-57,10,0,0,0,0,0,0,0,0,0,-97,0,5,0,5095587,0,399,0,0,5.48762,128,[-113 -15 24 0 -19 -35 -20 -33 -19 -32 -19 -32 -18 -30 -19 -30 -17 -29 -17 -28 -16 -28 -15 -27 -14 -26 -13 -25 -13 -24 -11 -23 -10 -23 -9 -22 -8 -21 -7 -20 -6 -20 -5 -19 -5 -18 -4 -17 -3 -17 -2 -16 0 -15 0 0 0 0 0 0 0 0 0 0 0 0 0 0 0 0 0 0 0 0 0 0 -7 -16 -6 -16 -5 -17 -5 -17 -4 -18 -4 -17 -4 -18 -3 -18 -3 -19 -3 -19 -3 -19 -3 -20 -3 -21 -3 -21 -3 -22 -4 -23 -5 -24 -5 -25 -6 -26 -7 -26 -9 -28 -10 -29 -11 -30 -13 -32 -14 -34 -15 -35 ]
CSI_DATA,STA,E4:D1:24:F0:BE:00,-57,10,0,0,0,0,0,0,0,0,0,-97,0,5,0,5197989,0,399,0,0,5.59004,128,[-113 -15 24 0 -19 -36 -19 -35 -18 -34 -19 -33 -18 -32 -17 -31 -16 -30 -16 -29 -15 -28 -15 -27 -14 -26 -13 -25 -12 -25 -10 -23 -9 -23 -8 -21 -7 -21 -6 -21 -5 -20 -4 -19 -4 -18 -3 -17 -3 -16 -1 -16 0 -15 0 0 0 0 0 0 0 0 0 0 0 0 0 0 0 0 0 0 0 0 0 0 -8 -15 -7 -15 -6 -16 -5 -16 -5 -17 -5 -17 -5 -17 -4 -18 -5 -18 -4 -18 -5 -19 -5 -19 -5 -21 -5 -21 -5 -23 -6 -23 -6 -24 -7 -25 -9 -26 -9 -27 -10 -29 -11 -30 -13 -31 -15 -33 -16 -35 -17 -37 ]
CSI_DATA,STA,E4:D1:24:F0:BE:00,-58,10,0,0,0,0,0,0,0,0,0,-97,0,5,0,5300390,0,399,0,0,5.69257,128,[-113 -15 24 0 -23 -29 -22 -27 -22 -26 -22 -26 -20 -24 -21 -24 -20 -23 -20 -22 -19 -22 -18 -21 -17 -21 -16 -20 -16 -19 -14 -19 -13 -18 -12 -18 -11 -17 -10 -17 -9 -16 -9 -16 -8 -16 -7 -15 -6 -15 -5 -15 -4 -14 0 0 0 0 0 0 0 0 0 0 0 0 0 0 0 0 0 0 0 0 0 0 -11 -13 -9 -14 -8 -15 -8 -15 -7 -16 -7 -16 -7 -17 -7 -17 -7 -17 -6 -18 -6 -18 -6 -19 -7 -19 -7 -20 -8 -21 -8 -22 -9 -22 -10 -23 -10 -23 -11 -24 -12 -25 -14 -26 -15 -27 -16 -27 -18 -29 -19 -30 ]
CSI_DATA,STA,E4:D1:24:F0:BE:00,-58,10,0,0,0,0,0,0,0,0,0,-97,0,5,0,5402792,0,399,0,0,5.79499,128,[-113 -15 24 0 36 -6 35 -6 35 -7 34 -6 33 -6 32 -6 31 -6 30 -5 29 -5 28 -5 28 -4 26 -3 25 -2 24 -2 22 -2 22 0 21 0 20 1 19 1 18 2 17 3 16 3 15 3 14 4 14 5 0 0 0 0 0 0 0 0 0 0 0 0 0 0 0 0 0 0 0 0 0 0 16 -2 15 0 16 0 15 1 16 2 16 2 16 2 16 2 17 2 17 3 17 3 18 3 19 4 19 3 20 3 21 3 21 3 23 2 24 2 25 1 27 1 29 0 30 0 32 -1 34 -2 36 -3 ]
CSI_DATA,STA,E4:D1:24:F0:BE:00,-58,10,0,0,0,0,0,0,0,0,0,-97,0,5,0,5505194,0,399,0,0,5.89743,128,[-113 -15 24 0 -12 36 -11 34 -10 34 -9 32 -8 31 -8 30 -8 29 -8 28 -8 28 -8 27 -8 25 -8 24 -8 23 -8 22 -8 20 -9 20 -9 18 -9 18 -9 16 -9 15 -9 14 -9 13 -9 12 -9 11 -9 10 0 0 0 0 0 0 0 0 0 0 0 0 0 0 0 0 0 0 0 0 0 0 -5 14 -6 13 -7 14 -7 13 -8 13 -8 13 -9 14 -9 14 -9 14 -10 14 -10 15 -11 15 -11 16 -11 16 -12 17 -12 19 -12 20 -13 21 -13 22 -13 23 -13 24 -13 26 -13 28 -13 30 -13 31 -13 33 ]
CSI_DATA,STA,E4:D1:24:F0:BE:00,-58,10,0,0,0,0,0,0,0,0,0,-97,0,5,0,5607596,0,399,0,0,5.99977,128,[-113 -15 24 0 20 -33 19 -33 19 -31 18 -31 17 -31 17 -30 16 -28 15 -28 15 -27 15 -26 15 -25 14 -24 15 -22 14 -21 14 -20 14 -19 14 -18 14 -17 14 -15 13 -14 13 -13 13 -11 12 -11 13 -10 13 -8 0 0 0 0 0 0 0 0 0 0 0 0 0 0 0 0 0 0 0 0 0 0 8 -13 10 -13 10 -12 10 -12 11 -12 12 -11 12 -11 12 -12 13 -11 13 -12 13 -12 14 -12 15 -13 15 -13 16 -14 16 -15 17 -16 17 -17 18 -18 19 -19 19 -21 19 -23 19 -24 20 -26 20 -28 22 -31 ]
CSI_DATA,STA,E4:D1:24:F0:BE:00,-58,10,0,0,0,0,0,0,0,0,0,-97,0,5,0,5709998,0,399,0,0,6.10218,128,[-113 -15 24 0 -26 33 -25 32 -24 32 -23 30 -22 30 -22 29 -21 28 -21 27 -20 26 -20 24 -19 23 -19 22 -18 20 -18 19 -17 17 -17 17 -17 15 -17 14 -17 13 -16 12 -16 11 -15 10 -15 9 -14 7 -14 7 0 0 0 0 0 0 0 0 0 0 0 0 0 0 0 0 0 0 0 0 0 0 -11 13 -12 12 -13 12 -13 11 -14 11 -14 11 -14 11 -15 11 -15 11 -16 11 -16 11 -17 12 -17 13 -18 13 -19 14 -20 15 -20 15 -21 17 -21 18 -22 19 -22 21 -23 23 -24 25 -24 27 -25 29 -26 31 ]
CSI_DATA,STA,E4:D1:24:F0:BE:00,-58,10,0,0,0,0,0,0,0,0,0,-97,0,5,0,5812400,0,399,0,0,6.20459,128,[-113 -15 24 0 -27 21 -26 21 -25 21 -24 20 -23 20 -22 19 -22 19 -21 19 -21 17 -20 17 -20 16 -19 15 -18 14 -18 13 -17 12 -17 11 -16 10 -16 9 -15 8 -15 8 -14 6 -14 5 -13 5 -13 4 -13 3 0 0 0 0 0 0 0 0 0 0 0 0 0 0 0 0 0 0 0 0 0 0 -12 8 -13 7 -13 7 -14 6 -14 6 -14 6 -15 5 -15 5 -15 6 -16 5 -16 5 -17 5 -18 6 -18 6 -18 6 -19 7 -20 8 -21 9 -21 9 -21 10 -22 12 -23 13 -24 14 -25 16 -26 18 -27 19 ]
CSI_DATA,STA,E4:D1:24:F0:BE:00,-58,10,0,0,0,0,0,0,0,0,0,-97,0,5,0,5822272,0,189,0,0,6.2381,128,[-67 -48 11 0 22 29 22 28 21 27 21 25 21 26 20 25 19 24 18 23 18 22 17 22 16 21 15 20 14 20 13 19 11 18 11 18 9 17 8 17 7 16 6 16 6 15 5 15 4 14 3 13 2 13 0 0 0 0 0 0 0 0 0 0 0 0 0 0 0 0 0 0 0 0 0 0 11 11 9 12 9 13 8 13 7 14 7 14 7 15 7 16 7 16 7 16 7 17 7 17 7 18 8 19 8 20 8 21 9 21 9 22 10 22 11 24 13 24 14 25 15 26 17 27 19 28 20 30 ]
CSI_DATA,STA,E4:D1:24:F0:BE:00,-58,10,0,0,0,0,0,0,0,0,0,-97,0,5,0,5822437,0,189,0,0,6.27589,128,[-67 -48 11 0 -34 17 -33 17 -31 17 -31 16 -29 17 -28 16 -27 16 -27 15 -26 14 -25 14 -24 13 -24 12 -23 10 -22 10 -21 9 -20 8 -19 7 -19 7 -18 5 -18 5 -17 4 -16 3 -15 3 -15 2 -14 1 0 0 0 0 0 0 0 0 0 0 0 0 0 0 0 0 0 0 0 0 0 0 -15 7 -15 5 -16 5 -16 5 -17 4 -17 4 -17 4 -18 3 -18 3 -18 3 -19 2 -20 3 -21 2 -21 2 -22 3 -23 4 -24 4 -24 5 -25 6 -26 7 -27 7 -28 9 -30 10 -31 11 -33 13 -33 15 ]
CSI_DATA,STA,E4:D1:24:F0:BE:00,-57,10,0,0,0,0,0,0,0,0,0,-97,0,5,0,5914802,0,399,0,0,6.31995,128,[-113 -15 24 0 -40 5 -39 6 -38 5 -37 6 -35 6 -34 5 -33 5 -33 5 -30 5 -30 4 -29 4 -28 3 -27 3 -25 2 -24 1 -23 1 -22 0 -21 0 -20 -1 -19 -2 -19 -2 -17 -2 -17 -3 -16 -4 -15 -4 0 0 0 0 0 0 0 0 0 0 0 0 0 0 0 0 0 0 0 0 0 0 -17 2 -17 1 -17 0 -17 0 -17 -1 -18 -2 -18 -2 -18 -2 -19 -2 -19 -2 -19 -2 -20 -3 -21 -3 -22 -3 -23 -3 -24 -3 -26 -3 -26 -2 -28 -2 -29 -1 -30 0 -33 0 -34 1 -36 2 -38 3 -40 3 ]
CSI_DATA,STA,E4:D1:24:F0:BE:00,-58,10,0,0,0,0,0,0,0,0,0,-97,0,5,0,5967801,0,189,0,0,6.36071,128,[-67 -48 11 0 -17 -35 -17 -34 -16 -32 -16 -31 -16 -30 -15 -30 -15 -28 -14 -27 -14 -27 -13 -27 -12 -25 -11 -24 -10 -23 -9 -22 -8 -21 -8 -21 -6 -20 -6 -20 -5 -18 -4 -18 -3 -17 -3 -16 -2 -16 -2 -15 0 -15 0 0 0 0 0 0 0 0 0 0 0 0 0 0 0 0 0 0 0 0 0 0 -8 -15 -7 -15 -6 -16 -6 -15 -5 -16 -5 -17 -5 -16 -5 -17 -4 -18 -4 -18 -4 -19 -4 -20 -4 -20 -4 -21 -4 -21 -5 -23 -5 -23 -6 -24 -7 -25 -7 -25 -9 -27 -10 -29 -11 -30 -12 -31 -14 -33 -15 -35 ]
CSI_DATA,STA,E4:D1:24:F0:BE:00,-58,10,0,0,0,0,0,0,0,0,0,-97,0,5,0,6017203,0,399,0,0,6.40924,128,[-113 -15 24 0 -18 -33 -18 -33 -18 -32 -18 -31 -17 -30 -17 -29 -16 -28 -16 -28 -14 -27 -13 -26 -13 -25 -12 -24 -11 -23 -9 -22 -8 -22 -7 -21 -6 -21 -6 -20 -5 -19 -4 -18 -3 -18 -3 -16 -2 -16 -1 -15 0 -15 0 0 0 0 0 0 0 0 0 0 0 0 0 0 0 0 0 0 0 0 0 0 -9 -14 -9 -15 -8 -15 -7 -15 -7 -16 -6 -16 -6 -17 -6 -17 -6 -18 -5 -18 -5 -18 -5 -19 -6 -20 -6 -21 -6 -22 -6 -22 -7 -23 -8 -24 -8 -25 -9 -26 -11 -27 -12 -29 -13 -29 -14 -31 -15 -33 -17 -35 ]
CSI_DATA,STA,E4:D1:24:F0:BE:00,-58,10,0,0,0,0,0,0,0,0,0,-97,0,5,0,6119605,0,399,0,0,6.5118,128,[-113 -15 24 0 30 24 29 23 28 22 27 21 27 20 26 20 25 19 23 19 22 18 21 18 20 17 19 17 17 16 16 16 14 15 14 15 12 15 12 14 10 14 10 13 9 13 8 12 7 12 6 12 5 12 0 0 0 0 0 0 0 0 0 0 0 0 0 0 0 0 0 0 0 0 0 0 11 11 10 11 10 12 9 11 9 12 8 12 9 13 9 13 9 14 9 14 9 14 10 15 10 15 11 16 11 16 12 17 13 17 15 19 15 18 17 19 18 19 21 21 22 21 24 22 26 23 28 24 ]
CSI_DATA,STA,E4:D1:24:F0:BE:00,-58,10,0,0,0,0,0,0,0,0,0,-97,0,5,0,6207534,0,125,0,0,6.59952,128,[125 -48 7 0 40 -11 38 -12 38 -11 36 -11 35 -11 34 -11 32 -10 31 -10 30 -9 29 -9 28 -7 27 -7 25 -6 24 -5 22 -5 22 -4 21 -4 20 -3 19 -2 18 -2 18 -1 16 -1 15 0 15 0 15 2 0 0 0 0 0 0 0 0 0 0 0 0 0 0 0 0 0 0 0 0 0 0 16 -4 16 -3 16 -2 16 -2 16 -1 16 -1 17 -1 17 -1 17 0 18 0 18 0 19 0 20 0 21 0 21 -1 23 -1 23 -2 25 -2 26 -3 28 -3 29 -5 31 -6 32 -6 35 -7 36 -8 39 -9 ]
CSI_DATA,STA,E4:D1:24:F0:BE:00,-58,10,0,0,0,0,0,0,0,0,0,-97,0,5,0,6209252,0,125,0,0,6.63062,128,[125 -48 7 0 -37 -9 -33 -8 -35 -8 -32 -8 -32 -7 -32 -7 -30 -6 -29 -6 -29 -7 -27 -7 -25 -7 -24 -7 -23 -7 -22 -7 -20 -7 -20 -7 -18 -8 -18 -8 -16 -8 -16 -7 -15 -8 -13 -8 -12 -8 -10 -9 -13 -7 0 0 0 0 0 0 0 0 0 0 0 0 0 0 0 0 0 0 0 0 0 0 -15 -5 -13 -5 -14 -7 -13 -7 -14 -7 -13 -8 -15 -8 -14 -8 -14 -8 -15 -8 -14 -9 -15 -9 -16 -10 -17 -9 -17 -9 -19 -10 -19 -9 -21 -11 -21 -10 -24 -10 -25 -9 -27 -9 -29 -10 -30 -11 -32 -10 -34 -10 ]
CSI_DATA,STA,E4:D1:24:F0:BE:00,-58,10,0,0,0,0,0,0,0,0,0,-97,0,5,0,6222007,0,399,0,0,6.67585,128,[-113 -15 24 0 -10 -40 -10 -39 -9 -37 -9 -36 -9 -35 -8 -34 -8 -33 -7 -32 -7 -30 -6 -30 -6 -28 -5 -27 -5 -26 -3 -24 -3 -23 -2 -22 -1 -21 -1 -20 -1 -19 0 -18 0 -17 0 -16 1 -16 1 -15 2 -14 0 0 0 0 0 0 0 0 0 0 0 0 0 0 0 0 0 0 0 0 0 0 -4 -16 -2 -17 -1 -17 -1 -17 0 -17 0 -17 0 -17 0 -18 0 -18 0 -19 0 -18 0 -20 0 -20 0 -21 1 -22 0 -23 -1 -25 -1 -26 -2 -27 -2 -28 -3 -30 -4 -32 -4 -33 -6 -35 -6 -37 -7 -39 ]
CSI_DATA,STA,E4:D1:24:F0:BE:00,-58,10,0,0,0,0,0,0,0,0,0,-97,0,5,0,6324409,0,399,0,0,6.72138,128,[-113 -15 24 0 -24 -35 -24 -34 -23 -33 -24 -32 -22 -31 -22 -30 -21 -29 -20 -28 -19 -28 -18 -27 -17 -26 -16 -24 -15 -23 -14 -23 -12 -21 -11 -21 -10 -20 -9 -20 -8 -19 -8 -18 -7 -18 -6 -17 -5 -16 -4 -16 -3 -15 0 0 0 0 0 0 0 0 0 0 0 0 0 0 0 0 0 0 0 0 0 0 -9 -16 -7 -16 -7 -16 -6 -16 -6 -17 -6 -17 -6 -17 -6 -18 -5 -18 -5 -19 -5 -19 -6 -20 -6 -21 -6 -22 -7 -22 -8 -23 -9 -24 -9 -25 -10 -26 -12 -27 -14 -28 -15 -29 -16 -30 -18 -32 -19 -34 -21 -36 ]
CSI_DATA,STA,E4:D1:24:F0:BE:00,-58,10,0,0,0,0,0,0,0,0,0,-97,0,5,0,6426811,0,399,0,0,6.819,128,[-113 -15 24 0 39 -1 38 -1 38 -1 36 -1 35 -2 35 -1 33 -1 32 -1 31 -1 29 -1 29 0 27 1 25 1 24 1 23 2 22 3 21 3 20 3 19 4 17 4 17 4 16 5 15 5 14 5 13 6 0 0 0 0 0 0 0 0 0 0 0 0 0 0 0 0 0 0 0 0 0 0 17 1 16 2 16 3 15 4 16 4 15 4 16 4 16 5 16 5 16 5 17 5 18 6 18 6 19 6 20 6 21 5 22 6 23 5 24 4 27 5 27 4 30 4 31 3 34 2 35 2 39 1 ]
CSI_DATA,STA,E4:D1:24:F0:BE:00,-58,10,0,0,0,0,0,0,0,0,0,-97,0,5,0,6529215,0,399,0,0,6.92146,128,[-113 -15 24 0 18 -37 18 -36 17 -35 16 -35 15 -34 15 -33 15 -32 14 -31 14 -30 14 -29 14 -28 14 -26 13 -25 13 -23 13 -21 13 -20 13 -19 13 -18 13 -17 12 -16 13 -14 12 -13 12 -12 12 -11 12 -10 0 0 0 0 0 0 0 0 0 0 0 0 0 0 0 0 0 0 0 0 0 0 9 -16 10 -16 11 -15 12 -14 12 -14 13 -14 13 -14 13 -14 14 -14 15 -14 14 -14 16 -14 16 -15 17 -15 17 -16 17 -17 17 -18 18 -19 18 -21 18 -22 18 -24 19 -26 19 -27 20 -29 20 -31 20 -34 ]
CSI_DATA,STA,E4:D1:24:F0:BE:00,-57,10,0,0,0,0,0,0,0,0,0,-97,0,5,0,6631617,0,399,0,0,7.02366,128,[-113 -15 24 0 26 -30 25 -28 25 -28 23 -27 23 -27 22 -26 21 -24 20 -24 21 -24 20 -23 19 -21 18 -20 18 -18 18 -18 17 -16 17 -15 17 -14 16 -14 16 -12 15 -11 15 -10 14 -9 14 -8 14 -7 13 -6 0 0 0 0 0 0 0 0 0 0 0 0 0 0 0 0 0 0 0 0 0 0 12 -12 12 -11 13 -11 13 -10 14 -10 14 -10 15 -9 16 -10 15 -9 16 -10 17 -9 17 -10 18 -10 19 -11 19 -11 20 -12 20 -12 21 -14 21 -14 22 -16 23 -17 24 -19 25 -21 26 -23 26 -24 28 -26 ]
CSI_DATA,STA,E4:D1:24:F0:BE:00,-58,10,0,0,0,0,0,0,0,0,0,-97,0,5,0,6734018,0,399,0,0,7.12604,128,[-113 -15 24 0 26 30 26 29 25 28 25 28 24 27 23 26 22 25 21 24 20 23 20 23 18 22 17 21 16 20 14 20 13 19 12 19 11 18 10 18 10 17 8 17 8 16 7 15 6 15 4 14 3 14 0 0 0 0 0 0 0 0 0 0 0 0 0 0 0 0 0 0 0 0 0 0 12 13 10 14 10 14 9 14 9 15 8 15 8 16 8 17 9 17 7 17 8 18 8 18 9 19 9 20 9 21 10 22 11 23 11 23 13 24 13 25 15 26 16 27 18 28 20 29 22 30 24 32 ]
CSI_DATA,STA,E4:D1:24:F0:BE:00,-58,10,0,0,0,0,0,0,0,0,0,-97,0,5,0,6836420,0,399,0,0,7.22867,128,[-113 -15 24 0 -32 10 -30 10 -30 10 -29 10 -28 10 -27 10 -27 9 -26 9 -25 8 -24 7 -24 7 -23 6 -22 6 -22 5 -20 4 -20 3 -19 3 -19 2 -18 1 -17 0 -16 -1 -15 -1 -15 -2 -14 -2 -13 -3 0 0 0 0 0 0 0 0 0 0 0 0 0 0 0 0 0 0 0 0 0 0 -14 3 -14 2 -14 1 -15 1 -15 1 -15 0 -16 0 -16 0 -16 0 -16 -1 -16 -1 -17 -1 -18 -1 -18 -1 -19 -1 -20 -1 -20 0 -21 0 -22 1 -23 2 -24 3 -25 4 -26 4 -28 5 -30 7 -31 8 ]
CSI_DATA,STA,E4:D1:24:F0:BE:00,-58,10,0,0,0,0,0,0,0,0,0,-97,0,5,0,6938822,0,399,0,0,7.33098,128,[-113 -15 24 0 -40 -3 -38 -2 -38 -1 -37 -2 -36 -1 -35 -1 -34 -2 -33 -1 -32 -2 -30 -3 -29 -3 -27 -3 -26 -4 -25 -3 -23 -4 -22 -5 -21 -5 -20 -5 -19 -5 -18 -6 -17 -6 -16 -6 -15 -6 -14 -6 -13 -7 0 0 0 0 0 0 0 0 0 0 0 0 0 0 0 0 0 0 0 0 0 0 -18 -1 -18 -2 -18 -4 -18 -4 -18 -5 -18 -6 -18 -6 -18 -6 -19 -6 -19 -7 -19 -8 -19 -8 -21 -8 -21 -9 -22 -9 -23 -9 -24 -8 -25 -9 -26 -9 -27 -8 -28 -8 -30 -7 -32 -7 -34 -6 -36 -5 -38 -4 ]
CSI_DATA,STA,E4:D1:24:F0:BE:00,-58,10,0,0,0,0,0,0,0,0,0,-97,0,5,0,7041224,0,399,0,0,7.43345,128,[-113 -15 24 0 -28 -28 -28 -27 -26 -27 -26 -26 -25 -25 -25 -24 -23 -24 -23 -23 -22 -23 -21 -22 -20 -21 -19 -21 -17 -20 -16 -19 -14 -18 -13 -18 -12 -18 -11 -18 -10 -17 -9 -16 -8 -16 -7 -15 -7 -15 -6 -14 -5 -14 0 0 0 0 0 0 0 0 0 0 0 0 0 0 0 0 0 0 0 0 0 0 -13 -12 -11 -13 -11 -14 -11 -14 -10 -15 -10 -15 -10 -16 -10 -16 -10 -16 -10 -17 -10 -17 -10 -18 -10 -19 -11 -20 -11 -20 -11 -21 -12 -21 -13 -22 -14 -23 -15 -24 -17 -24 -18 -25 -20 -26 -21 -26 -23 -28 -25 -29 ]
CSI_DATA,STA,E4:D1:24:F0:BE:00,-58,10,0,0,0,0,0,0,0,0,0,-97,0,5,0,7143626,0,399,0,0,7.53583,128,[-113 -15 24 0 5 37 5 36 5 36 5 34 4 33 4 32 4 31 3 30 3 29 3 28 2 27 2 26 1 24 0 23 -1 21 -1 21 -1 20 -3 19 -3 18 -4 16 -4 16 -4 14 -4 14 -5 13 -5 12 0 0 0 0 0 0 0 0 0 0 0 0 0 0 0 0 0 0 0 0 0 0 4 16 3 16 1 17 1 17 0 17 0 18 -1 18 -1 19 -1 19 -2 19 -2 19 -3 20 -3 21 -4 23 -4 23 -3 24 -3 24 -3 25 -3 26 -2 27 -2 28 -1 30 -1 31 1 33 2 35 2 37 ]
CSI_DATA,STA,E4:D1:24:F0:BE:00,-58,10,0,0,0,0,0,0,0,0,0,-97,0,5,0,7219092,0,125,0,0,7.61105,128,[125 -48 7 0 -37 -4 -36 -3 -35 -3 -34 -3 -33 -3 -32 -3 -31 -3 -30 -2 -29 -3 -28 -3 -27 -4 -26 -4 -25 -4 -24 -4 -22 -4 -21 -5 -20 -5 -19 -6 -18 -6 -17 -6 -16 -6 -15 -7 -14 -7 -13 -7 -12 -8 0 0 0 0 0 0 0 0 0 0 0 0 0 0 0 0 0 0 0 0 0 0 -18 -1 -18 -3 -18 -3 -18 -4 -18 -6 -18 -6 -18 -6 -19 -7 -19 -7 -19 -9 -18 -8 -19 -9 -20 -10 -20 -10 -21 -10 -22 -10 -23 -10 -23 -10 -24 -10 -26 -10 -27 -9 -28 -9 -30 -9 -31 -8 -34 -8 -36 -7 ]
CSI_DATA,STA,E4:D1:24:F0:BE:00,-58,10,0,0,0,0,0,0,0,0,0,-97,0,5,0,7246028,0,399,0,0,7.6474,128,[-113 -15 24 0 -28 -23 -28 -22 -27 -20 -27 -20 -26 -19 -26 -19 -25 -18 -24 -17 -23 -17 -22 -17 -21 -17 -20 -16 -19 -16 -18 -15 -16 -15 -15 -15 -14 -15 -13 -15 -12 -14 -12 -14 -10 -13 -10 -13 -8 -12 -8 -12 -7 -12 0 0 0 0 0 0 0 0 0 0 0 0 0 0 0 0 0 0 0 0 0 0 -13 -11 -12 -12 -11 -13 -11 -14 -11 -14 -10 -15 -10 -15 -10 -15 -10 -16 -10 -16 -9 -17 -10 -17 -10 -18 -10 -18 -11 -19 -11 -19 -12 -19 -13 -20 -14 -21 -15 -21 -16 -20 -18 -22 -19 -22 -21 -22 -23 -24 -24 -24 ]
CSI_DATA,STA,E4:D1:24:F0:BE:00,-58,10,0,0,0,0,0,0,0,0,0,-97,0,5,0,7348429,0,399,0,0,7.74052,128,[-113 -15 24 0 0 35 1 35 1 33 1 33 2 32 2 31 2 30 1 29 1 28 0 27 0 26 0 25 -1 24 -1 22 -1 21 -2 20 -3 20 -3 19 -4 18 -4 17 -5 16 -4 15 -5 14 -6 13 -6 12 0 0 0 0 0 0 0 0 0 0 0 0 0 0 0 0 0 0 0 0 0 0 1 16 0 16 -1 16 -2 16 -2 16 -3 17 -3 17 -4 18 -5 18 -5 17 -5 18 -6 19 -6 19 -6 20 -6 20 -7 21 -6 22 -6 23 -5 24 -5 25 -5 26 -4 28 -4 29 -3 31 -3 33 -2 35 ]
CSI_DATA,STA,E4:D1:24:F0:BE:00,-58,10,0,0,0,0,0,0,0,0,0,-97,0,5,0,7450831,0,399,0,0,7.84286,128,[-113 -15 24 0 34 18 33 18 34 16 32 16 32 15 31 15 30 14 29 14 27 13 26 13 25 13 23 12 22 13 21 12 19 12 19 12 17 12 17 12 15 11 14 11 13 11 12 11 11 11 10 11 10 11 0 0 0 0 0 0 0 0 0 0 0 0 0 0 0 0 0 0 0 0 0 0 17 6 15 8 16 9 15 10 15 11 15 11 15 12 15 13 15 13 15 13 14 14 15 14 16 15 16 16 16 16 17 16 18 17 19 18 20 18 21 18 23 18 25 18 27 18 29 19 32 19 34 19 ]
CSI_DATA,STA,E4:D1:24:F0:BE:00,-58,10,0,0,0,0,0,0,0,0,0,-97,0,5,0,7553233,0,399,0,0,7.94545,128,[-113 -15 24 0 26 -23 24 -22 24 -23 24 -22 23 -22 23 -21 22 -21 21 -20 21 -19 20 -19 19 -18 19 -16 18 -14 18 -14 17 -12 17 -12 16 -10 16 -10 16 -9 15 -8 14 -7 14 -6 13 -5 13 -5 13 -4 0 0 0 0 0 0 0 0 0 0 0 0 0 0 0 0 0 0 0 0 0 0 12 -10 12 -8 13 -8 13 -7 14 -7 14 -7 15 -7 15 -7 16 -7 16 -6 16 -6 17 -6 18 -6 18 -7 18 -6 19 -8 19 -8 20 -9 21 -10 21 -10 22 -12 23 -13 24 -15 24 -16 25 -17 27 -19 ]
CSI_DATA,STA,E4:D1:24:F0:BE:00,-58,10,0,0,0,0,0,0,0,0,0,-97,0,5,0,7655635,0,399,0,0,8.04781,128,[-113 -15 24 0 18 -27 17 -26 16 -26 16 -25 15 -24 15 -24 14 -22 14 -22 13 -22 13 -21 12 -20 12 -19 12 -18 12 -16 11 -15 11 -14 11 -13 11 -12 11 -12 11 -11 10 -10 10 -9 10 -8 9 -7 10 -7 0 0 0 0 0 0 0 0 0 0 0 0 0 0 0 0 0 0 0 0 0 0 7 -14 7 -13 9 -13 9 -12 10 -13 10 -12 11 -12 11 -12 12 -12 13 -12 13 -12 13 -12 14 -12 15 -12 15 -13 15 -14 15 -14 16 -15 16 -16 17 -16 17 -17 18 -19 18 -20 18 -22 19 -23 19 -25 ]
CSI_DATA,STA,E4:D1:24:F0:BE:00,-58,10,0,0,0,0,0,0,0,0,0,-97,0,5,0,7758037,0,399,0,0,8.15021,128,[-113 -15 24 0 23 -24 22 -24 20 -24 20 -23 19 -23 19 -23 18 -22 17 -22 16 -21 16 -20 15 -19 15 -18 15 -17 15 -16 15 -15 15 -14 15 -13 14 -12 14 -11 14 -10 13 -9 13 -8 12 -8 12 -7 13 -6 0 0 0 0 0 0 0 0 0 0 0 0 0 0 0 0 0 0 0 0 0 0 9 -14 11 -13 11 -12 12 -12 13 -11 14 -11 14 -11 15 -11 15 -10 15 -10 16 -10 17 -10 18 -10 18 -10 19 -10 19 -11 19 -11 20 -12 20 -12 20 -13 21 -14 22 -16 22 -17 23 -19 23 -21 24 -22 ]
CSI_DATA,STA,E4:D1:24:F0:BE:00,-58,10,0,0,0,0,0,0,0,0,0,-97,0,5,0,7860439,0,399,0,0,8.25268,128,[-113 -15 24 0 -14 36 -13 35 -13 35 -13 33 -12 32 -11 31 -11 30 -11 29 -11 28 -11 27 -10 25 -10 24 -10 22 -11 22 -10 19 -11 19 -11 18 -11 17 -11 15 -11 15 -11 14 -10 13 -10 12 -11 11 -11 10 0 0 0 0 0 0 0 0 0 0 0 0 0 0 0 0 0 0 0 0 0 0 -6 17 -7 16 -9 16 -9 15 -10 16 -10 15 -11 16 -11 15 -12 16 -13 16 -13 16 -13 16 -14 17 -15 17 -15 17 -15 19 -16 19 -16 21 -16 21 -16 22 -16 24 -16 26 -16 28 -16 29 -16 32 -16 34 ]
CSI_DATA,STA,E4:D1:24:F0:BE:00,-59,10,0,0,0,0,0,0,0,0,0,-97,0,5,0,7962841,0,399,0,0,8.35502,128,[-113 -15 24 0 20 28 20 28 20 27 20 25 20 25 19 24 18 24 18 23 17 22 16 22 15 21 15 21 13 19 13 19 11 18 10 18 9 17 8 17 8 16 7 16 6 15 5 15 5 14 4 14 3 14 0 0 0 0 0 0 0 0 0 0 0 0 0 0 0 0 0 0 0 0 0 0 11 12 10 13 10 14 9 15 9 15 8 15 8 16 7 17 7 17 7 18 7 18 7 19 7 20 7 21 7 21 7 22 7 23 8 24 9 24 10 24 11 25 12 27 13 27 15 28 16 30 18 30 ]
CSI_DATA,STA,E4:D1:24:F0:BE:00,-58,10,0,0,0,0,0,0,0,0,0,-97,0,5,0,8065242,0,399,0,0,8.45742,128,[-113 -15 24 0 -2 -33 -3 -32 -2 -31 -3 -30 -4 -29 -4 -29 -3 -28 -4 -27 -3 -27 -3 -26 -3 -25 -2 -24 -2 -23 -2 -22 -1 -21 -1 -21 0 -20 0 -19 1 -18 1 -18 1 -17 2 -16 3 -15 3 -15 5 -14 0 0 0 0 0 0 0 0 0 0 0 0 0 0 0 0 0 0 0 0 0 0 -1 -15 0 -15 1 -15 2 -15 3 -15 3 -16 3 -16 4 -16 4 -16 5 -16 5 -16 6 -17 6 -17 6 -18 6 -19 6 -20 5 -20 6 -21 5 -22 5 -23 4 -24 3 -26 3 -27 2 -28 2 -30 1 -32 ]
CSI_DATA,STA,E4:D1:24:F0:BE:00,-58,10,0,0,0,0,0,0,0,0,0,-97,0,5,0,8167644,0,399,0,0,8.55968,128,[-113 -15 24 0 13 -33 12 -32 12 -32 11 -31 11 -31 11 -30 10 -29 10 -29 10 -28 9 -27 10 -25 9 -24 9 -23 10 -22 10 -20 10 -19 10 -19 10 -18 10 -16 10 -15 10 -14 10 -13 10 -12 10 -11 10 -10 0 0 0 0 0 0 0 0 0 0 0 0 0 0 0 0 0 0 0 0 0 0 6 -16 7 -15 8 -15 8 -14 9 -14 10 -14 11 -14 11 -14 12 -14 12 -14 12 -14 13 -14 14 -15 14 -15 15 -16 14 -17 15 -17 15 -18 16 -19 15 -20 16 -21 16 -23 15 -24 16 -26 15 -28 16 -30 ]
CSI_DATA,STA,E4:D1:24:F0:BE:00,-58,10,0,0,0,0,0,0,0,0,0,-97,0,5,0,8234383,0,125,0,0,8.62627,128,[125 -48 7 0 -34 -18 -34 -17 -32 -16 -32 -16 -31 -15 -30 -14 -29 -14 -29 -14 -27 -13 -26 -13 -26 -12 -24 -12 -23 -13 -21 -12 -19 -12 -18 -12 -17 -12 -16 -12 -15 -12 -14 -12 -13 -12 -12 -11 -11 -11 -10 -11 -9 -11 0 0 0 0 0 0 0 0 0 0 0 0 0 0 0 0 0 0 0 0 0 0 -15 -7 -15 -9 -15 -9 -15 -10 -14 -11 -15 -11 -14 -12 -15 -13 -15 -13 -15 -14 -15 -14 -15 -15 -16 -16 -16 -16 -17 -17 -17 -18 -18 -18 -19 -18 -20 -18 -21 -19 -22 -19 -24 -19 -25 -19 -27 -20 -30 -20 -31 -20 ]
CSI_DATA,STA,E4:D1:24:F0:BE:00,-57,10,0,0,0,0,0,0,0,0,0,-97,0,5,0,8270046,0,399,0,0,8.66638,128,[-113 -15 24 0 21 32 20 30 20 30 20 29 19 28 19 27 18 27 17 26 17 26 16 25 15 24 14 24 13 23 12 22 10 21 10 21 8 21 7 20 6 19 5 18 4 18 4 17 3 16 1 16 0 15 0 0 0 0 0 0 0 0 0 0 0 0 0 0 0 0 0 0 0 0 0 0 9 12 8 13 7 14 7 14 6 15 6 16 6 16 6 17 6 17 5 18 5 18 5 18 5 20 5 20 5 21 5 22 6 23 7 23 7 24 8 25 10 26 11 27 13 28 14 29 16 30 18 33 ]
CSI_DATA,STA,E4:D1:24:F0:BE:00,-57,10,0,0,0,0,0,0,0,0,0,-97,0,5,0,8372448,0,399,0,0,8.76463,128,[-113 -15 24 0 33 5 32 5 31 4 31 4 30 4 29 3 29 3 28 3 26 3 26 3 25 4 24 4 23 4 21 4 20 5 19 5 19 6 18 6 17 6 16 6 15 6 14 7 13 7 12 7 11 8 0 0 0 0 0 0 0 0 0 0 0 0 0 0 0 0 0 0 0 0 0 0 13 -1 13 1 13 1 13 2 14 3 14 3 14 4 15 4 15 5 15 5 15 6 16 6 17 7 17 7 18 8 19 8 20 8 20 8 21 8 23 8 24 8 26 8 27 8 29 8 31 7 33 7 ]
CSI_DATA,STA,E4:D1:24:F0:BE:00,-59,10,0,0,0,0,0,0,0,0,0,-97,0,5,0,8474850,0,399,0,0,8.86707,128,[-113 -15 24 0 -11 35 -9 35 -9 34 -8 33 -7 33 -7 32 -7 30 -7 30 -7 29 -7 28 -8 27 -8 26 -7 25 -8 23 -8 22 -8 21 -8 20 -9 19 -8 18 -9 17 -9 15 -9 14 -9 13 -9 12 -10 12 0 0 0 0 0 0 0 0 0 0 0 0 0 0 0 0 0 0 0 0 0 0 -6 16 -7 15 -8 15 -9 15 -10 14 -10 14 -10 14 -11 15 -11 14 -12 14 -12 14 -12 15 -13 15 -13 16 -13 16 -15 18 -14 18 -14 19 -14 20 -14 21 -14 23 -14 24 -14 26 -13 28 -13 30 -13 32 ]
CSI_DATA,STA,E4:D1:24:F0:BE:00,-58,10,0,0,0,0,0,0,0,0,0,-97,0,5,0,8577252,0,399,0,0,8.96944,128,[-113 -15 24 0 16 -29 14 -28 13 -28 12 -26 12 -27 12 -26 11 -25 10 -25 10 -24 10 -23 9 -22 10 -21 9 -20 9 -20 9 -17 10 -17 9 -16 10 -15 9 -14 9 -13 9 -13 9 -11 9 -11 9 -10 9 -9 0 0 0 0 0 0 0 0 0 0 0 0 0 0 0 0 0 0 0 0 0 0 6 -14 7 -13 8 -13 8 -12 9 -13 9 -12 10 -12 10 -13 11 -13 12 -12 12 -12 13 -13 14 -13 14 -13 14 -14 15 -15 15 -15 16 -16 15 -17 16 -18 16 -19 17 -21 17 -22 17 -23 17 -25 18 -27 ]
CSI_DATA,STA,E4:D1:24:F0:BE:00,-58,10,0,0,0,0,0,0,0,0,0,-97,0,5,0,8679654,0,399,0,0,9.07185,128,[-113 -15 24 0 -25 27 -24 28 -23 27 -22 26 -21 27 -21 26 -20 25 -20 24 -20 23 -20 22 -19 21 -19 20 -18 19 -18 17 -18 16 -17 15 -17 14 -17 13 -16 12 -16 11 -16 10 -15 9 -15 8 -15 7 -15 6 0 0 0 0 0 0 0 0 0 0 0 0 0 0 0 0 0 0 0 0 0 0 -10 12 -11 11 -12 10 -12 10 -13 9 -14 10 -14 10 -15 10 -15 10 -16 9 -16 9 -17 9 -18 9 -18 10 -19 10 -19 11 -20 12 -20 12 -20 13 -21 14 -21 16 -22 17 -23 19 -24 20 -25 23 -25 25 ]
CSI_DATA,STA,E4:D1:24:F0:BE:00,-58,10,0,0,0,0,0,0,0,0,0,-97,0,5,0,8782055,0,399,0,0,9.17423,128,[-113 -15 24 0 -25 -28 -24 -26 -24 -26 -24 -25 -23 -25 -23 -24 -22 -23 -22 -22 -20 -23 -20 -22 -19 -21 -18 -21 -17 -20 -15 -20 -14 -19 -13 -19 -12 -19 -11 -18 -10 -18 -9 -17 -8 -17 -7 -16 -6 -16 -4 -15 -4 -15 0 0 0 0 0 0 0 0 0 0 0 0 0 0 0 0 0 0 0 0 0 0 -11 -12 -10 -12 -9 -14 -9 -14 -9 -14 -8 -15 -8 -15 -8 -16 -8 -16 -8 -17 -8 -17 -8 -18 -8 -18 -8 -19 -9 -20 -9 -21 -10 -21 -10 -22 -11 -23 -12 -23 -13 -24 -14 -25 -16 -25 -18 -26 -20 -27 -21 -29 ]
CSI_DATA,STA,E4:D1:24:F0:BE:00,-58,10,0,0,0,0,0,0,0,0,0,-97,0,5,0,8884457,0,399,0,0,9.2765,128,[-113 -15 24 0 9 36 9 34 10 34 10 32 10 32 10 31 9 30 9 29 8 28 8 27 7 27 6 25 6 25 5 24 4 22 3 22 3 21 2 20 1 20 1 19 0 18 0 17 -1 16 -2 16 -4 15 0 0 0 0 0 0 0 0 0 0 0 0 0 0 0 0 0 0 0 0 0 0 7 17 6 17 4 18 3 18 2 18 2 19 1 19 1 20 0 20 0 21 -1 20 -1 21 -1 22 -2 23 -2 23 -2 24 -2 25 -2 26 -1 26 0 27 1 28 1 30 2 31 3 32 5 34 6 36 ]
CSI_DATA,STA,E4:D1:24:F0:BE:00,-59,10,0,0,0,0,0,0,0,0,0,-97,0,5,0,8986859,0,399,0,0,9.37907,128,[-113 -15 24 0 -8 36 -7 35 -6 34 -6 33 -5 33 -5 32 -5 31 -5 30 -5 29 -6 28 -5 27 -6 26 -6 25 -6 23 -7 21 -7 21 -7 20 -7 19 -7 17 -8 17 -8 15 -7 15 -8 13 -8 13 -9 12 0 0 0 0 0 0 0 0 0 0 0 0 0 0 0 0 0 0 0 0 0 0 -3 17 -4 17 -5 16 -7 16 -7 16 -8 16 -9 16 -9 16 -9 16 -10 16 -10 17 -11 17 -12 17 -12 18 -12 18 -12 19 -13 20 -13 21 -12 22 -13 23 -12 25 -12 27 -11 28 -11 29 -10 31 -10 34 ]
CSI_DATA,STA,E4:D1:24:F0:BE:00,-58,10,0,0,0,0,0,0,0,0,0,-97,0,5,0,9089261,0,399,0,0,9.48148,128,[-113 -15 24 0 -38 6 -36 7 -36 8 -34 8 -34 8 -34 8 -32 8 -31 8 -31 7 -30 6 -29 6 -28 4 -26 4 -26 4 -24 3 -23 2 -22 1 -22 0 -20 0 -20 -1 -18 -1 -18 -2 -17 -2 -15 -3 -15 -5 0 0 0 0 0 0 0 0 0 0 0 0 0 0 0 0 0 0 0 0 0 0 -19 3 -19 2 -18 0 -19 0 -19 -2 -19 -2 -20 -2 -20 -3 -20 -3 -20 -4 -20 -4 -21 -4 -22 -5 -22 -5 -22 -5 -23 -4 -24 -4 -26 -3 -26 -3 -27 -3 -29 -1 -30 -1 -32 0 -34 1 -35 2 -37 4 ]
CSI_DATA,STA,E4:D1:24:F0:BE:00,-59,10,0,0,0,0,0,0,0,0,0,-97,0,5,0,9191663,0,399,0,0,9.58385,128,[-113 -15 24 0 18 -27 17 -27 17 -27 16 -26 15 -26 15 -26 15 -25 14 -25 14 -24 14 -23 14 -22 14 -21 14 -20 14 -19 13 -17 13 -16 13 -15 13 -14 13 -14 12 -13 12 -11 12 -10 12 -9 12 -8 11 -7 0 0 0 0 0 0 0 0 0 0 0 0 0 0 0 0 0 0 0 0 0 0 9 -12 10 -12 11 -11 11 -10 12 -10 12 -10 13 -9 13 -9 14 -9 14 -9 14 -9 15 -9 15 -9 16 -9 16 -10 16 -11 16 -11 17 -12 17 -13 17 -14 17 -15 18 -17 18 -18 18 -20 19 -22 19 -24 ]
CSI_DATA,STA,E4:D1:24:F0:BE:00,-59,10,0,0,0,0,0,0,0,0,0,-97,0,5,0,9294065,0,399,0,0,9.6863,128,[-113 -15 24 0 -13 35 -11 34 -11 34 -10 32 -9 32 -9 31 -9 30 -8 29 -9 29 -9 27 -8 26 -9 25 -9 23 -8 23 -9 20 -9 20 -9 18 -10 18 -9 16 -9 15 -9 14 -9 13 -9 12 -9 11 -9 10 0 0 0 0 0 0 0 0 0 0 0 0 0 0 0 0 0 0 0 0 0 0 -6 17 -7 16 -8 16 -9 15 -10 15 -10 15 -10 15 -11 15 -11 16 -12 16 -12 15 -13 16 -14 17 -14 18 -14 18 -15 19 -15 19 -16 21 -15 21 -16 23 -15 24 -15 26 -16 27 -15 29 -15 31 -15 33 ]
CSI_DATA,STA,E4:D1:24:F0:BE:00,-58,10,0,0,0,0,0,0,0,0,0,-97,0,5,0,9396467,0,399,0,0,9.78868,128,[-113 -15 24 0 35 11 35 10 34 9 33 9 33 9 31 9 31 8 29 8 29 8 27 8 26 8 25 8 23 9 22 9 20 9 19 10 18 9 17 9 16 10 14 9 14 10 13 9 12 9 11 9 9 9 0 0 0 0 0 0 0 0 0 0 0 0 0 0 0 0 0 0 0 0 0 0 17 2 16 3 17 5 16 5 17 6 16 6 17 7 17 8 17 9 17 9 18 9 18 10 18 11 19 11 19 12 20 13 21 12 22 13 23 13 24 14 25 13 27 14 28 13 30 13 32 13 35 12 ]
CSI_DATA,STA,E4:D1:24:F0:BE:00,-58,10,0,0,0,0,0,0,0,0,0,-97,0,5,0,9498868,0,399,0,0,9.89109,128,[-113 -15 24 0 38 -9 37 -10 36 -9 35 -9 34 -9 33 -9 31 -9 30 -9 29 -8 28 -8 27 -8 26 -7 25 -6 23 -5 22 -4 21 -4 21 -4 20 -3 19 -3 18 -2 17 -2 16 -1 16 0 15 1 15 1 0 0 0 0 0 0 0 0 0 0 0 0 0 0 0 0 0 0 0 0 0 0 16 -4 16 -3 16 -2 16 -2 17 -1 17 -1 17 0 18 0 18 0 19 0 18 1 20 1 21 1 22 1 23 2 24 1 25 1 26 1 27 0 28 0 30 -1 31 -2 32 -3 34 -4 35 -5 39 -6 ]
CSI_DATA,STA,E4:D1:24:F0:BE:00,-58,10,0,0,0,0,0,0,0,0,0,-97,0,5,0,9601271,0,399,0,0,9.99329,128,[-113 -15 24 0 30 -23 28 -23 28 -23 26 -22 25 -22 25 -22 24 -21 23 -21 23 -20 22 -19 22 -18 21 -17 20 -16 20 -15 19 -13 19 -12 18 -11 18 -11 17 -10 17 -9 16 -8 15 -7 15 -6 15 -5 15 -4 0 0 0 0 0 0 0 0 0 0 0 0 0 0 0 0 0 0 0 0 0 0 12 -9 12 -8 13 -8 13 -7 14 -7 14 -7 15 -6 15 -6 16 -6 16 -6 16 -6 17 -6 18 -6 19 -7 19 -6 21 -8 21 -8 22 -9 22 -9 23 -10 24 -12 25 -13 26 -15 27 -16 29 -18 30 -20 ]
CSI_DATA,STA,E4:D1:24:F0:BE:00,-57,10,0,0,0,0,0,0,0,0,0,-97,0,5,0,9703673,0,399,0,0,10.0958,128,[-113 -15 24 0 -24 31 -23 31 -22 30 -21 30 -19 30 -19 29 -18 28 -18 27 -18 27 -17 25 -17 24 -17 23 -16 22 -16 21 -16 19 -16 18 -16 17 -16 17 -16 15 -16 14 -15 12 -15 12 -15 11 -15 9 -15 8 0 0 0 0 0 0 0 0 0 0 0 0 0 0 0 0 0 0 0 0 0 0 -11 13 -12 12 -13 12 -14 11 -14 11 -15 11 -15 11 -16 11 -16 10 -17 10 -17 10 -18 10 -19 11 -19 11 -19 11 -20 12 -20 13 -21 14 -22 15 -22 16 -22 18 -23 20 -23 21 -24 24 -25 26 -25 28 ]
CSI_DATA,STA,E4:D1:24:F0:BE:00,-58,10,0,0,0,0,0,0,0,0,0,-97,0,5,0,9806075,0,399,0,0,10.1983,128,[-113 -15 24 0 18 -36 17 -35 16 -34 15 -33 15 -32 15 -32 14 -30 14 -30 13 -29 12 -28 12 -27 12 -26 12 -24 12 -23 12 -21 12 -20 12 -20 12 -19 12 -17 12 -16 11 -15 12 -14 11 -13 11 -12 12 -11 0 0 0 0 0 0 0 0 0 0 0 0 0 0 0 0 0 0 0 0 0 0 6 -16 8 -15 9 -15 9 -14 10 -15 10 -14 11 -15 12 -15 12 -15 13 -15 13 -15 14 -15 15 -16 16 -17 16 -17 17 -19 17 -19 18 -20 18 -21 19 -22 19 -24 19 -26 20 -26 19 -29 20 -31 21 -33 ]
CSI_DATA,STA,E4:D1:24:F0:BE:00,-58,10,0,0,0,0,0,0,0,0,0,-97,0,5,0,9908477,0,399,0,0,10.3007,128,[-113 -15 24 0 -35 22 -31 21 -32 21 -30 20 -29 21 -29 20 -28 20 -27 19 -27 19 -26 18 -25 16 -25 15 -24 14 -23 15 -22 12 -22 12 -21 11 -21 10 -20 9 -20 8 -19 7 -19 6 -18 5 -18 4 -17 2 0 0 0 0 0 0 0 0 0 0 0 0 0 0 0 0 0 0 0 0 0 0 -16 9 -16 8 -17 7 -17 6 -18 5 -18 5 -18 5 -20 5 -20 5 -20 4 -20 4 -21 4 -22 4 -23 4 -23 4 -24 5 -25 6 -26 6 -26 7 -27 8 -28 9 -29 10 -31 12 -31 13 -32 15 -34 17 ]
CSI_DATA,STA,E4:D1:24:F0:BE:00,-57,10,0,0,0,0,0,0,0,0,0,-97,0,5,0,10010879,0,399,0,0,10.403,128,[-113 -15 24 0 -18 -35 -18 -34 -18 -34 -18 -32 -18 -31 -17 -31 -17 -30 -16 -29 -16 -28 -16 -27 -15 -26 -14 -26 -13 -25 -11 -24 -10 -23 -9 -23 -8 -22 -7 -22 -6 -21 -5 -20 -4 -19 -3 -18 -3 -17 -2 -17 0 -16 0 0 0 0 0 0 0 0 0 0 0 0 0 0 0 0 0 0 0 0 0 0 -9 -15 -8 -15 -7 -16 -6 -16 -6 -17 -6 -18 -5 -19 -5 -19 -4 -19 -5 -20 -4 -20 -4 -21 -4 -22 -4 -23 -4 -24 -4 -25 -4 -25 -5 -26 -6 -27 -6 -28 -7 -30 -8 -30 -10 -31 -12 -32 -13 -35 -15 -37 ]
CSI_DATA,STA,E4:D1:24:F0:BE:00,-58,10,0,0,0,0,0,0,0,0,0,-97,0,5,0,10113281,0,399,0,0,10.5055,128,[-113 -15 24 0 -32 18 -32 18 -29 18 -29 18 -27 17 -28 17 -26 16 -26 16 -25 16 -24 15 -24 13 -23 13 -23 12 -22 11 -21 10 -20 9 -20 7 -19 7 -18 6 -18 5 -17 4 -16 3 -16 2 -15 1 -14 1 0 0 0 0 0 0 0 0 0 0 0 0 0 0 0 0 0 0 0 0 0 0 -14 10 -15 8 -15 7 -16 7 -16 6 -17 6 -17 6 -18 5 -18 5 -19 5 -18 5 -20 5 -21 5 -21 4 -22 4 -23 5 -24 6 -24 6 -25 7 -26 8 -26 9 -28 10 -28 11 -30 13 -31 14 -32 16 ]
CSI_DATA,STA,E4:D1:24:F0:BE:00,-59,10,0,0,0,0,0,0,0,0,0,-97,0,5,0,10215682,0,399,0,0,10.6079,128,[-113 -15 24 0 27 28 26 27 27 26 26 25 26 24 25 24 25 23 24 22 22 22 21 22 20 21 18 20 17 20 16 19 14 18 13 19 13 18 11 17 11 16 9 16 8 15 7 15 6 15 5 13 5 14 0 0 0 0 0 0 0 0 0 0 0 0 0 0 0 0 0 0 0 0 0 0 14 12 13 13 12 14 11 15 11 16 11 15 11 17 11 17 11 17 10 18 10 19 10 20 10 21 10 21 11 22 11 23 11 23 12 24 13 24 14 25 15 25 17 26 18 27 20 28 22 28 25 28 ]
CSI_DATA,STA,E4:D1:24:F0:BE:00,-57,10,0,0,0,0,0,0,0,0,0,-97,0,5,0,10318084,0,399,0,0,10.7101,128,[-113 -15 24 0 -31 -22 -30 -20 -29 -19 -29 -18 -28 -17 -28 -17 -27 -16 -26 -16 -25 -15 -24 -15 -24 -14 -23 -14 -21 -14 -20 -14 -19 -14 -18 -14 -17 -14 -16 -14 -15 -14 -14 -14 -13 -14 -12 -14 -11 -14 -9 -14 -8 -14 0 0 0 0 0 0 0 0 0 0 0 0 0 0 0 0 0 0 0 0 0 0 -16 -8 -16 -10 -15 -11 -15 -11 -15 -12 -14 -13 -14 -13 -15 -14 -14 -15 -14 -15 -14 -15 -15 -17 -15 -17 -15 -18 -16 -19 -16 -20 -17 -20 -17 -21 -18 -21 -20 -21 -21 -22 -22 -22 -23 -23 -25 -23 -27 -23 -29 -24 ]
CSI_DATA,STA,E4:D1:24:F0:BE:00,-58,10,0,0,0,0,0,0,0,0,0,-97,0,5,0,10420486,0,399,0,0,10.8125,128,[-113 -15 24 0 -15 -34 -15 -34 -14 -32 -15 -32 -14 -31 -14 -30 -13 -29 -13 -28 -12 -27 -12 -27 -12 -25 -11 -25 -10 -24 -9 -23 -8 -22 -7 -21 -6 -21 -5 -20 -4 -19 -4 -18 -3 -18 -3 -17 -2 -16 -1 -16 0 -15 0 0 0 0 0 0 0 0 0 0 0 0 0 0 0 0 0 0 0 0 0 0 -8 -15 -7 -16 -6 -16 -6 -17 -5 -17 -5 -17 -4 -18 -4 -19 -3 -19 -3 -19 -3 -20 -3 -21 -3 -21 -3 -22 -3 -23 -3 -24 -4 -25 -4 -25 -5 -27 -5 -27 -6 -28 -7 -30 -8 -30 -10 -32 -11 -33 -11 -36 ]
CSI_DATA,STA,E4:D1:24:F0:BE:00,-57,10,0,0,0,0,0,0,0,0,0,-97,0,5,0,10522888,0,399,0,0,10.9151,128,[-113 -15 24 0 -21 31 -20 31 -19 30 -18 29 -17 28 -17 28 -16 27 -15 26 -15 26 -14 25 -14 24 -14 22 -14 21 -14 20 -13 18 -13 18 -13 17 -14 16 -13 14 -13 13 -13 12 -12 11 -12 10 -12 9 -12 9 0 0 0 0 0 0 0 0 0 0 0 0 0 0 0 0 0 0 0 0 0 0 -9 15 -11 13 -12 14 -12 13 -13 13 -13 13 -14 13 -15 13 -15 13 -16 13 -16 13 -17 14 -18 14 -19 14 -19 15 -20 15 -20 16 -21 17 -21 18 -22 18 -22 20 -23 21 -23 23 -23 25 -23 27 -23 28 ]
CSI_DATA,STA,E4:D1:24:F0:BE:00,-58,10,0,0,0,0,0,0,0,0,0,-97,0,5,0,10625290,0,399,0,0,11.0175,128,[-113 -15 24 0 14 33 14 32 14 31 14 29 14 29 13 28 14 27 13 26 11 25 11 24 10 24 9 22 8 22 8 21 7 20 6 20 5 19 5 17 4 17 3 16 3 15 3 15 2 14 1 13 0 13 0 0 0 0 0 0 0 0 0 0 0 0 0 0 0 0 0 0 0 0 0 0 8 12 7 12 6 13 6 14 6 14 5 15 5 16 5 16 5 17 5 18 4 18 4 19 4 20 4 21 4 22 5 23 5 23 5 25 5 25 6 26 7 27 8 28 8 30 10 31 11 32 12 34 ]
CSI_DATA,STA,E4:D1:24:F0:BE:00,-58,10,0,0,0,0,0,0,0,0,0,-97,0,5,0,10727692,0,399,0,0,11.1199,128,[-113 -15 24 0 -35 22 -33 22 -32 22 -30 21 -29 20 -29 20 -28 19 -27 18 -26 18 -24 16 -24 15 -23 14 -22 13 -22 12 -19 11 -19 10 -18 10 -18 8 -18 9 -17 8 -16 5 -14 6 -14 5 -13 4 -13 4 0 0 0 0 0 0 0 0 0 0 0 0 0 0 0 0 0 0 0 0 0 0 -13 11 -14 9 -15 9 -15 8 -15 8 -16 8 -17 8 -17 8 -18 9 -18 8 -19 9 -21 9 -21 9 -22 9 -23 10 -25 10 -25 10 -27 11 -27 12 -28 12 -30 13 -30 14 -32 16 -32 17 -34 19 -35 20 ]
CSI_DATA,STA,E4:D1:24:F0:BE:00,-58,10,0,0,0,0,0,0,0,0,0,-97,0,5,0,10830094,0,399,0,0,11.2223,128,[-113 -15 24 0 4 -37 3 -35 3 -34 2 -32 1 -31 1 -31 1 -30 0 -29 1 -28 1 -27 1 -25 2 -24 2 -22 2 -22 2 -20 3 -20 3 -19 3 -18 3 -17 3 -16 3 -15 3 -14 4 -14 4 -13 4 -12 0 0 0 0 0 0 0 0 0 0 0 0 0 0 0 0 0 0 0 0 0 0 -1 -16 1 -16 2 -17 2 -16 3 -17 3 -17 3 -17 4 -18 5 -18 5 -19 6 -19 6 -20 7 -20 7 -21 8 -21 8 -23 7 -23 8 -25 8 -25 8 -26 8 -28 7 -30 8 -31 7 -32 7 -34 7 -35 ]
CSI_DATA,STA,E4:D1:24:F0:BE:00,-58,10,0,0,0,0,0,0,0,0,0,-97,0,5,0,10932495,0,399,0,0,11.3247,128,[-113 -15 24 0 35 15 33 14 34 13 32 13 32 13 30 13 30 12 28 12 27 12 25 12 24 12 23 12 21 12 20 11 18 10 18 11 17 11 15 11 15 10 13 10 12 10 12 10 11 10 10 10 9 10 0 0 0 0 0 0 0 0 0 0 0 0 0 0 0 0 0 0 0 0 0 0 15 3 14 4 14 5 14 5 14 6 15 6 15 7 15 8 16 8 16 9 16 10 17 10 17 12 18 12 18 12 20 13 20 13 21 14 22 14 24 14 25 15 27 15 27 16 30 16 32 17 34 17 ]
CSI_DATA,STA,E4:D1:24:F0:BE:00,-57,10,0,0,0,0,0,0,0,0,0,-97,0,5,0,11034897,0,399,0,0,11.4271,128,[-113 -15 24 0 35 -14 33 -14 33 -13 31 -13 30 -14 29 -14 28 -13 28 -14 27 -13 26 -12 25 -11 24 -10 23 -10 22 -9 21 -8 21 -7 20 -6 20 -6 18 -5 18 -5 17 -4 16 -3 16 -2 15 -2 15 -1 0 0 0 0 0 0 0 0 0 0 0 0 0 0 0 0 0 0 0 0 0 0 14 -8 15 -7 15 -6 16 -5 17 -5 17 -5 18 -4 18 -4 19 -4 19 -3 19 -2 20 -2 21 -2 23 -2 23 -2 24 -2 24 -2 26 -3 27 -3 28 -4 28 -5 30 -6 31 -7 33 -7 34 -9 36 -10 ]
CSI_DATA,STA,E4:D1:24:F0:BE:00,-58,10,0,0,0,0,0,0,0,0,0,-97,0,5,0,11137299,0,399,0,0,11.5293,128,[-113 -15 24 0 -30 -11 -31 -10 -29 -10 -29 -9 -29 -8 -28 -8 -27 -8 -26 -8 -26 -8 -25 -8 -24 -8 -23 -8 -22 -8 -21 -8 -20 -9 -19 -9 -18 -9 -17 -9 -16 -9 -15 -9 -14 -9 -13 -9 -13 -9 -12 -10 -11 -10 0 0 0 0 0 0 0 0 0 0 0 0 0 0 0 0 0 0 0 0 0 0 -14 -5 -14 -5 -13 -6 -13 -7 -13 -8 -13 -8 -13 -8 -13 -8 -13 -9 -14 -9 -14 -10 -14 -10 -15 -11 -15 -11 -15 -12 -16 -12 -17 -12 -18 -12 -19 -13 -20 -13 -21 -12 -22 -13 -24 -12 -26 -12 -27 -13 -29 -12 ]
CSI_DATA,STA,E4:D1:24:F0:BE:00,-58,10,0,0,0,0,0,0,0,0,0,-97,0,5,0,11239701,0,399,0,0,11.6318,128,[-113 -15 24 0 -34 -3 -33 -2 -32 -2 -31 -2 -31 -1 -30 -1 -29 -1 -28 -1 -27 -1 -26 -1 -26 -2 -24 -2 -23 -2 -22 -2 -21 -3 -21 -3 -20 -3 -19 -4 -18 -5 -17 -5 -16 -5 -16 -5 -15 -5 -14 -6 -13 -7 0 0 0 0 0 0 0 0 0 0 0 0 0 0 0 0 0 0 0 0 0 0 -15 -1 -15 -2 -15 -3 -15 -4 -15 -5 -15 -5 -15 -5 -16 -6 -16 -6 -16 -7 -16 -7 -17 -8 -17 -8 -18 -8 -19 -8 -19 -9 -20 -9 -21 -9 -22 -9 -23 -8 -24 -8 -26 -8 -26 -7 -28 -7 -30 -6 -32 -6 ]
CSI_DATA,STA,E4:D1:24:F0:BE:00,-58,10,0,0,0,0,0,0,0,0,0,-97,0,5,0,11342103,0,399,0,0,11.7343,128,[-113 -15 24 0 38 -11 37 -11 36 -12 35 -11 34 -12 34 -11 33 -11 32 -11 32 -11 30 -10 29 -9 28 -8 27 -6 26 -6 25 -5 24 -4 23 -3 22 -2 21 -2 21 -1 20 -1 18 0 17 1 17 2 16 3 0 0 0 0 0 0 0 0 0 0 0 0 0 0 0 0 0 0 0 0 0 0 17 -7 17 -6 17 -5 17 -4 18 -3 18 -3 19 -2 19 -2 20 -2 20 -1 20 -1 21 0 22 -1 23 0 24 0 25 -1 25 -1 27 -1 28 -1 28 -1 29 -3 32 -3 33 -5 34 -5 36 -7 38 -8 ]
CSI_DATA,STA,E4:D1:24:F0:BE:00,-58,10,0,0,0,0,0,0,0,0,0,-97,0,5,0,11444505,0,399,0,0,11.8367,128,[-113 -15 24 0 -3 -31 -3 -31 -3 -30 -3 -29 -4 -29 -4 -28 -3 -27 -4 -27 -3 -26 -3 -26 -3 -25 -3 -24 -2 -23 -1 -22 -1 -21 0 -21 0 -20 1 -20 1 -19 2 -18 2 -18 2 -17 3 -16 4 -15 5 -15 0 0 0 0 0 0 0 0 0 0 0 0 0 0 0 0 0 0 0 0 0 0 -1 -14 0 -14 1 -14 2 -14 3 -14 3 -14 3 -14 4 -14 4 -14 4 -14 4 -15 5 -15 5 -16 5 -16 5 -16 5 -17 5 -18 5 -19 4 -20 4 -21 3 -22 3 -24 2 -24 1 -26 1 -28 0 -30 ]
CSI_DATA,STA,E4:D1:24:F0:BE:00,-58,10,0,0,0,0,0,0,0,0,0,-97,0,5,0,11546906,0,399,0,0,11.9391,128,[-113 -15 24 0 -29 -25 -29 -24 -29 -23 -28 -22 -28 -22 -27 -21 -26 -20 -26 -20 -25 -19 -24 -19 -23 -19 -22 -18 -21 -18 -18 -17 -17 -17 -17 -17 -15 -16 -14 -16 -14 -16 -13 -16 -12 -15 -11 -15 -11 -14 -10 -14 -8 -15 0 0 0 0 0 0 0 0 0 0 0 0 0 0 0 0 0 0 0 0 0 0 -16 -11 -14 -12 -14 -13 -13 -14 -12 -14 -12 -15 -12 -16 -12 -16 -12 -17 -12 -17 -11 -18 -12 -18 -12 -19 -12 -20 -12 -20 -13 -21 -13 -21 -14 -22 -15 -22 -16 -22 -18 -23 -20 -24 -21 -24 -23 -25 -25 -25 -28 -26 ]
CSI_DATA,STA,E4:D1:24:F0:BE:00,-58,10,0,0,0,0,0,0,0,0,0,-97,0,5,0,11649308,0,399,0,0,12.0415,128,[-113 -15 24 0 -29 -12 -29 -11 -29 -10 -28 -9 -28 -9 -27 -9 -26 -8 -25 -9 -25 -9 -24 -9 -23 -9 -22 -9 -21 -9 -20 -9 -18 -9 -18 -9 -17 -10 -16 -9 -15 -9 -14 -9 -14 -9 -13 -9 -12 -9 -11 -10 -10 -10 0 0 0 0 0 0 0 0 0 0 0 0 0 0 0 0 0 0 0 0 0 0 -15 -5 -14 -6 -13 -8 -13 -8 -13 -9 -13 -9 -13 -9 -13 -10 -13 -11 -13 -11 -13 -11 -13 -12 -13 -12 -14 -12 -14 -13 -16 -13 -16 -14 -16 -14 -18 -14 -18 -14 -20 -14 -21 -14 -22 -14 -24 -14 -26 -14 -28 -14 ]
CSI_DATA,STA,E4:D1:24:F0:BE:00,-58,10,0,0,0,0,0,0,0,0,0,-97,0,5,0,11751710,0,399,0,0,12.1437,128,[-113 -15 24 0 -32 -15 -31 -14 -31 -14 -31 -13 -30 -12 -29 -12 -29 -12 -28 -11 -27 -11 -26 -12 -25 -11 -24 -11 -23 -11 -22 -11 -20 -11 -20 -12 -19 -11 -17 -11 -17 -12 -15 -11 -15 -11 -14 -11 -13 -11 -12 -11 -11 -12 0 0 0 0 0 0 0 0 0 0 0 0 0 0 0 0 0 0 0 0 0 0 -16 -7 -16 -9 -15 -10 -14 -11 -14 -12 -14 -12 -14 -12 -14 -13 -13 -13 -13 -14 -13 -14 -14 -15 -14 -15 -14 -16 -15 -16 -15 -16 -16 -16 -17 -17 -18 -17 -19 -17 -21 -17 -22 -17 -24 -17 -25 -17 -28 -18 -29 -18 ]
CSI_DATA,STA,E4:D1:24:F0:BE:00,-58,10,0,0,0,0,0,0,0,0,0,-97,0,5,0,11854112,0,399,0,0,12.2462,128,[-113 -15 24 0 -32 -27 -31 -25 -31 -25 -29 -23 -29 -23 -29 -23 -28 -22 -26 -22 -26 -22 -25 -20 -23 -20 -22 -19 -21 -19 -20 -19 -18 -18 -17 -17 -15 -17 -15 -17 -14 -16 -13 -16 -12 -16 -11 -15 -10 -15 -10 -14 -8 -15 0 0 0 0 0 0 0 0 0 0 0 0 0 0 0 0 0 0 0 0 0 0 -13 -12 -12 -13 -12 -14 -11 -14 -10 -15 -10 -14 -10 -16 -10 -16 -10 -16 -10 -17 -10 -17 -11 -18 -11 -18 -12 -19 -12 -19 -13 -21 -14 -20 -15 -22 -16 -21 -17 -22 -19 -22 -21 -24 -23 -24 -24 -25 -27 -26 -28 -26 ]
CSI_DATA,STA,E4:D1:24:F0:BE:00,-58,10,0,0,0,0,0,0,0,0,0,-97,0,5,0,11956514,0,399,0,0,12.3487,128,[-113 -15 24 0 -20 30 -18 30 -17 29 -16 29 -15 29 -15 28 -14 27 -15 26 -14 25 -13 24 -13 23 -14 23 -13 22 -13 20 -13 19 -13 18 -13 17 -13 16 -13 15 -13 14 -13 13 -13 12 -13 11 -13 9 -12 8 0 0 0 0 0 0 0 0 0 0 0 0 0 0 0 0 0 0 0 0 0 0 -10 15 -11 14 -12 13 -12 13 -13 12 -14 12 -14 12 -15 12 -15 12 -16 11 -16 12 -16 12 -17 12 -18 12 -18 13 -19 14 -19 14 -19 15 -19 16 -19 17 -19 19 -20 20 -20 22 -20 24 -21 26 -21 28 ]
CSI_DATA,STA,E4:D1:24:F0:BE:00,-57,10,0,0,0,0,0,0,0,0,0,-97,0,5,0,12058916,0,399,0,0,12.4511,128,[-113 -15 24 0 -37 11 -35 11 -35 11 -33 11 -33 12 -32 12 -31 11 -30 11 -29 10 -29 9 -28 8 -27 7 -26 6 -25 6 -23 5 -23 4 -22 3 -21 3 -21 2 -20 1 -19 1 -18 0 -17 -1 -16 -2 -15 -3 0 0 0 0 0 0 0 0 0 0 0 0 0 0 0 0 0 0 0 0 0 0 -18 5 -18 4 -18 3 -18 2 -18 1 -19 1 -19 1 -19 0 -20 0 -20 -1 -20 -1 -21 -1 -22 -2 -23 -2 -23 -2 -24 -1 -25 -1 -26 -1 -27 0 -27 1 -29 2 -30 3 -32 3 -33 4 -34 6 -36 7 ]
CSI_DATA,STA,E4:D1:24:F0:BE:00,-58,10,0,0,0,0,0,0,0,0,0,-97,0,5,0,12161318,0,399,0,0,12.5535,128,[-113 -15 24 0 -37 -10 -36 -8 -36 -8 -35 -7 -34 -7 -34 -7 -32 -7 -32 -7 -31 -7 -30 -7 -29 -7 -28 -7 -27 -8 -25 -7 -23 -8 -23 -8 -22 -9 -21 -9 -20 -9 -18 -9 -18 -9 -16 -10 -16 -10 -15 -10 -13 -11 0 0 0 0 0 0 0 0 0 0 0 0 0 0 0 0 0 0 0 0 0 0 -17 -6 -16 -7 -16 -8 -16 -9 -16 -9 -15 -10 -15 -10 -16 -11 -16 -11 -15 -11 -16 -11 -16 -12 -17 -13 -18 -13 -18 -13 -19 -13 -20 -13 -21 -14 -22 -13 -23 -13 -25 -13 -26 -13 -28 -12 -30 -12 -32 -12 -34 -13 ]
CSI_DATA,STA,E4:D1:24:F0:BE:00,-58,10,0,0,0,0,0,0,0,0,0,-97,0,5,0,12263719,0,399,0,0,12.6559,128,[-113 -15 24 0 28 26 27 25 29 24 28 23 27 24 26 23 25 22 24 21 23 21 23 20 21 20 20 20 18 19 17 19 16 18 14 19 13 18 12 17 11 17 10 16 9 16 8 15 7 15 6 14 5 15 0 0 0 0 0 0 0 0 0 0 0 0 0 0 0 0 0 0 0 0 0 0 13 11 12 12 10 13 10 13 9 14 9 14 9 15 10 15 9 16 9 16 9 16 10 17 10 18 11 18 11 19 11 20 12 20 13 21 14 21 15 22 17 23 19 24 20 24 22 26 24 26 27 27 ]
CSI_DATA,STA,E4:D1:24:F0:BE:00,-58,10,0,0,0,0,0,0,0,0,0,-97,0,5,0,12366121,0,399,0,0,12.7583,128,[-113 -15 24 0 9 30 10 30 10 29 10 28 10 27 10 26 9 25 9 25 8 24 7 23 7 22 6 22 6 21 5 20 4 19 3 18 3 18 2 17 2 16 1 16 1 15 0 14 -1 13 -1 12 -2 12 0 0 0 0 0 0 0 0 0 0 0 0 0 0 0 0 0 0 0 0 0 0 5 13 4 13 3 14 2 14 2 14 2 14 1 15 1 15 1 15 0 16 0 16 -1 16 0 17 0 18 0 18 0 19 0 20 1 21 1 21 2 22 3 23 4 24 4 25 5 27 6 29 7 30 ]
CSI_DATA,STA,E4:D1:24:F0:BE:00,-58,10,0,0,0,0,0,0,0,0,0,-97,0,5,0,12468523,0,399,0,0,12.8607,128,[-113 -15 24 0 26 -27 24 -26 24 -26 23 -25 21 -25 21 -25 20 -24 19 -24 19 -23 19 -22 18 -20 18 -20 17 -18 17 -17 16 -16 16 -15 16 -14 15 -14 15 -12 14 -11 14 -10 14 -9 13 -8 13 -7 13 -6 0 0 0 0 0 0 0 0 0 0 0 0 0 0 0 0 0 0 0 0 0 0 11 -13 12 -12 13 -11 13 -10 14 -10 15 -10 15 -9 16 -10 16 -9 17 -9 17 -9 18 -9 19 -9 19 -9 19 -10 20 -10 21 -11 21 -12 22 -13 23 -14 23 -16 24 -17 24 -18 25 -20 26 -21 27 -24 ]
CSI_DATA,STA,E4:D1:24:F0:BE:00,-59,10,0,0,0,0,0,0,0,0,0,-97,0,5,0,12570925,0,399,0,0,12.963,128,[-113 -15 24 0 -21 -32 -21 -31 -20 -30 -20 -29 -20 -28 -19 -28 -18 -27 -18 -26 -17 -26 -15 -25 -15 -24 -14 -23 -13 -23 -12 -21 -10 -21 -10 -21 -9 -20 -8 -19 -7 -18 -6 -17 -6 -17 -5 -16 -4 -16 -3 -15 -2 -15 0 0 0 0 0 0 0 0 0 0 0 0 0 0 0 0 0 0 0 0 0 0 -11 -14 -9 -15 -8 -16 -8 -16 -7 -16 -7 -16 -7 -17 -7 -18 -6 -17 -6 -18 -5 -19 -6 -19 -6 -20 -6 -21 -6 -22 -7 -22 -7 -23 -8 -24 -9 -24 -10 -25 -11 -26 -12 -27 -14 -28 -14 -29 -16 -32 -18 -33 ]
CSI_DATA,STA,E4:D1:24:F0:BE:00,-59,10,0,0,0,0,0,0,0,0,0,-97,0,5,0,12673327,0,399,0,0,13.0653,128,[-113 -15 24 0 3 -36 2 -35 2 -35 1 -34 0 -33 0 -33 1 -31 0 -31 1 -30 1 -29 1 -28 2 -28 2 -26 2 -25 3 -23 3 -22 3 -22 4 -20 4 -19 5 -19 5 -17 5 -16 5 -16 6 -15 7 -14 0 0 0 0 0 0 0 0 0 0 0 0 0 0 0 0 0 0 0 0 0 0 2 -19 3 -19 4 -18 5 -18 6 -18 7 -18 7 -18 8 -18 9 -18 9 -18 9 -18 10 -19 10 -19 11 -20 10 -20 11 -21 10 -21 11 -22 10 -23 10 -24 10 -26 9 -27 9 -28 8 -30 7 -32 7 -35 ]
CSI_DATA,STA,E4:D1:24:F0:BE:00,-57,10,0,0,0,0,0,0,0,0,0,-97,0,5,0,12775729,0,399,0,0,13.1679,128,[-113 -15 24 0 19 35 19 33 19 32 18 30 18 29 18 29 17 27 17 26 16 26 15 25 15 24 13 24 12 22 11 22 9 20 9 21 8 19 7 19 6 18 6 18 5 16 4 16 3 16 2 15 1 15 0 0 0 0 0 0 0 0 0 0 0 0 0 0 0 0 0 0 0 0 0 0 10 14 9 15 8 16 7 16 7 18 6 17 6 18 6 19 6 19 5 20 5 20 4 21 4 22 4 23 4 23 5 25 5 24 6 26 7 26 8 27 9 28 10 29 12 31 13 32 15 33 15 34 ]
CSI_DATA,STA,E4:D1:24:F0:BE:00,-57,10,0,0,0,0,0,0,0,0,0,-97,0,5,0,12878131,0,399,0,0,13.2702,128,[-113 -15 24 0 -5 33 -4 32 -3 31 -3 30 -1 29 -2 28 -1 27 -1 27 -1 26 -2 25 -2 24 -2 23 -2 22 -2 21 -3 20 -3 19 -4 18 -4 18 -4 16 -5 15 -5 14 -5 14 -5 13 -6 12 -7 12 0 0 0 0 0 0 0 0 0 0 0 0 0 0 0 0 0 0 0 0 0 0 -1 16 -2 15 -4 16 -4 16 -5 16 -6 16 -7 16 -7 17 -7 16 -8 17 -9 17 -9 17 -10 17 -10 18 -10 18 -10 19 -10 20 -10 21 -10 22 -10 23 -10 24 -9 26 -9 27 -8 28 -8 30 -8 32 ]
CSI_DATA,STA,E4:D1:24:F0:BE:00,-58,10,0,0,0,0,0,0,0,0,0,-97,0,5,0,12980532,0,399,0,0,13.3727,128,[-113 -15 24 0 -10 -35 -10 -34 -10 -34 -10 -33 -11 -32 -10 -31 -10 -30 -9 -30 -9 -29 -8 -29 -8 -28 -7 -27 -6 -26 -5 -25 -4 -23 -4 -23 -3 -22 -2 -22 -1 -21 -1 -20 0 -19 1 -18 1 -17 3 -16 3 -15 0 0 0 0 0 0 0 0 0 0 0 0 0 0 0 0 0 0 0 0 0 0 -5 -16 -4 -16 -3 -16 -2 -16 -1 -16 -1 -17 -1 -17 0 -17 0 -17 0 -19 0 -18 1 -19 1 -20 1 -20 1 -21 1 -22 0 -22 0 -24 -1 -24 -1 -25 -2 -27 -3 -28 -4 -29 -4 -31 -6 -33 -6 -36 ]
CSI_DATA,STA,E4:D1:24:F0:BE:00,-57,10,0,0,0,0,0,0,0,0,0,-97,0,5,0,13082934,0,399,0,0,13.4751,128,[-113 -15 24 0 -20 34 -19 33 -18 32 -17 31 -15 31 -16 31 -15 29 -14 28 -15 27 -15 26 -14 25 -14 24 -14 23 -13 21 -13 20 -13 20 -13 18 -14 17 -13 16 -13 15 -13 14 -13 12 -13 11 -13 10 -14 10 0 0 0 0 0 0 0 0 0 0 0 0 0 0 0 0 0 0 0 0 0 0 -9 14 -10 13 -11 13 -11 12 -12 13 -13 12 -13 12 -14 12 -14 13 -14 12 -14 12 -15 12 -16 12 -17 13 -17 14 -17 15 -18 16 -19 17 -18 18 -19 19 -19 21 -19 23 -20 25 -20 27 -21 29 -21 31 ]
CSI_DATA,STA,E4:D1:24:F0:BE:00,-58,10,0,0,0,0,0,0,0,0,0,-97,0,5,0,13185336,0,399,0,0,13.5775,128,[-113 -15 24 0 -35 10 -34 10 -33 11 -33 10 -31 11 -31 10 -29 9 -29 9 -28 9 -27 8 -27 7 -26 7 -25 6 -24 5 -22 5 -22 4 -21 3 -21 3 -20 2 -19 1 -19 0 -18 0 -17 0 -16 -2 -16 -2 0 0 0 0 0 0 0 0 0 0 0 0 0 0 0 0 0 0 0 0 0 0 -16 4 -17 2 -17 1 -17 0 -17 0 -17 -1 -18 -1 -18 -1 -18 -1 -18 -2 -18 -2 -19 -3 -20 -3 -20 -3 -20 -3 -22 -2 -22 -1 -23 -1 -24 -1 -25 0 -26 1 -28 2 -29 3 -31 4 -32 5 -35 7 ]
CSI_DATA,STA,E4:D1:24:F0:BE:00,-58,10,0,0,0,0,0,0,0,0,0,-97,0,5,0,13287738,0,399,0,0,13.6798,128,[-113 -15 24 0 -12 -30 -12 -29 -12 -28 -12 -28 -11 -27 -11 -26 -11 -25 -11 -25 -10 -24 -10 -24 -10 -22 -10 -22 -9 -21 -7 -20 -6 -20 -6 -19 -5 -19 -4 -19 -3 -18 -3 -17 -2 -16 -2 -16 -2 -15 -1 -14 0 -14 0 0 0 0 0 0 0 0 0 0 0 0 0 0 0 0 0 0 0 0 0 0 -5 -13 -4 -14 -3 -14 -2 -14 -2 -14 -2 -14 -2 -14 -1 -15 -1 -15 -1 -15 -1 -15 -1 -16 -1 -17 -1 -18 -1 -18 -1 -19 -2 -19 -2 -20 -3 -21 -3 -22 -4 -23 -5 -24 -6 -25 -7 -26 -8 -28 -9 -30 ]
CSI_DATA,STA,E4:D1:24:F0:BE:00,-58,10,0,0,0,0,0,0,0,0,0,-97,0,5,0,13390140,0,399,0,0,13.7822,128,[-113 -15 24 0 -35 19 -34 19 -32 19 -31 18 -30 19 -30 18 -28 18 -28 17 -27 16 -26 16 -25 14 -25 14 -23 13 -23 12 -22 11 -21 10 -20 10 -21 8 -19 7 -19 7 -18 6 -17 5 -17 5 -16 4 -17 2 0 0 0 0 0 0 0 0 0 0 0 0 0 0 0 0 0 0 0 0 0 0 -16 8 -17 7 -18 6 -18 5 -18 4 -19 4 -19 4 -20 3 -20 3 -20 3 -20 3 -20 3 -21 3 -21 3 -22 3 -24 4 -24 4 -25 5 -26 6 -27 7 -28 9 -29 10 -30 11 -32 13 -34 14 -35 16 ]
CSI_DATA,STA,E4:D1:24:F0:BE:00,-58,10,0,0,0,0,0,0,0,0,0,-97,0,5,0,13492542,0,399,0,0,13.8847,128,[-113 -15 24 0 -33 -20 -33 -19 -32 -17 -32 -17 -31 -17 -30 -16 -29 -16 -28 -16 -27 -16 -26 -15 -25 -15 -24 -15 -22 -14 -21 -14 -19 -14 -19 -14 -18 -14 -16 -15 -15 -14 -15 -13 -14 -14 -13 -14 -11 -14 -10 -14 -9 -14 0 0 0 0 0 0 0 0 0 0 0 0 0 0 0 0 0 0 0 0 0 0 -17 -6 -16 -8 -15 -9 -15 -10 -15 -10 -15 -10 -15 -11 -15 -11 -14 -12 -15 -13 -15 -13 -15 -14 -16 -15 -17 -15 -17 -16 -18 -17 -18 -17 -19 -17 -20 -18 -21 -18 -23 -18 -24 -20 -26 -20 -27 -20 -30 -21 -32 -21 ]
CSI_DATA,STA,E4:D1:24:F0:BE:00,-58,10,0,0,0,0,0,0,0,0,0,-97,0,5,0,13594944,0,399,0,0,13.9872,128,[-113 -15 24 0 36 -3 34 -3 34 -4 33 -4 31 -4 31 -4 30 -4 29 -4 28 -3 26 -3 26 -2 25 -2 23 -2 22 -1 21 -1 21 0 19 0 19 1 18 1 17 1 16 2 15 2 15 2 14 3 13 3 0 0 0 0 0 0 0 0 0 0 0 0 0 0 0 0 0 0 0 0 0 0 16 -3 16 -2 16 -1 16 0 17 1 16 1 17 2 17 2 18 3 18 3 18 4 19 4 19 4 20 4 20 5 21 4 22 4 23 4 24 3 25 3 26 3 28 2 30 1 31 1 33 0 35 -1 ]
CSI_DATA,STA,E4:D1:24:F0:BE:00,-58,10,0,0,0,0,0,0,0,0,0,-97,0,5,0,13697345,0,399,0,0,14.0896,128,[-113 -15 24 0 39 -6 37 -6 37 -7 35 -6 35 -6 34 -6 33 -6 32 -6 31 -6 30 -5 29 -4 28 -3 26 -3 25 -3 24 -2 23 -1 23 -1 22 0 21 1 20 1 19 1 18 3 17 3 16 4 15 4 0 0 0 0 0 0 0 0 0 0 0 0 0 0 0 0 0 0 0 0 0 0 17 -4 16 -2 17 -1 17 -1 17 0 17 0 17 1 18 1 18 1 19 2 19 3 20 3 20 3 22 3 22 3 23 3 24 3 25 3 26 2 27 2 29 1 31 0 32 0 34 0 36 -1 39 -3 ]
CSI_DATA,STA,E4:D1:24:F0:BE:00,-58,10,0,0,0,0,0,0,0,0,0,-97,0,5,0,13799747,0,399,0,0,14.192,128,[-113 -15 24 0 -6 -35 -6 -32 -6 -32 -6 -31 -7 -29 -7 -29 -6 -28 -7 -27 -6 -26 -6 -26 -5 -24 -5 -24 -5 -22 -4 -22 -3 -20 -3 -19 -2 -19 -2 -18 -1 -18 -1 -17 -1 -16 0 -15 0 -14 1 -14 2 -14 0 0 0 0 0 0 0 0 0 0 0 0 0 0 0 0 0 0 0 0 0 0 -4 -17 -3 -17 -2 -17 -1 -17 0 -18 0 -17 0 -18 1 -18 1 -18 2 -18 2 -18 3 -19 3 -20 3 -21 3 -21 2 -22 2 -22 2 -24 2 -24 1 -25 0 -26 0 -28 0 -29 -1 -31 -2 -32 -2 -34 ]
CSI_DATA,STA,E4:D1:24:F0:BE:00,-58,10,0,0,0,0,0,0,0,0,0,-97,0,5,0,13902149,0,399,0,0,14.2943,128,[-113 -15 24 0 -28 26 -27 27 -26 25 -25 25 -24 25 -23 24 -22 23 -21 23 -20 22 -20 21 -20 20 -19 18 -18 18 -17 17 -17 15 -17 15 -16 14 -15 13 -15 12 -15 11 -14 10 -14 9 -13 9 -14 8 -14 6 0 0 0 0 0 0 0 0 0 0 0 0 0 0 0 0 0 0 0 0 0 0 -13 14 -14 13 -14 12 -15 11 -16 11 -16 11 -17 10 -18 10 -18 11 -19 10 -19 10 -20 10 -21 10 -21 10 -22 11 -23 12 -23 12 -24 13 -24 14 -26 15 -26 16 -27 18 -27 19 -28 20 -29 22 -30 24 ]
CSI_DATA,STA,E4:D1:24:F0:BE:00,-58,10,0,0,0,0,0,0,0,0,0,-97,0,5,0,14004551,0,399,0,0,14.3966,128,[-113 -15 24 0 -30 25 -28 24 -27 24 -26 23 -25 23 -24 22 -23 21 -23 21 -22 20 -22 19 -21 18 -20 17 -19 16 -19 15 -18 13 -18 13 -17 12 -17 11 -16 10 -16 9 -16 8 -15 8 -15 7 -14 6 -14 5 0 0 0 0 0 0 0 0 0 0 0 0 0 0 0 0 0 0 0 0 0 0 -13 12 -13 10 -14 10 -14 9 -15 8 -15 8 -16 9 -16 8 -17 8 -17 8 -18 8 -18 8 -19 8 -20 8 -21 9 -22 10 -22 10 -23 11 -23 12 -25 13 -25 14 -26 16 -27 17 -28 19 -29 20 -30 22 ]
CSI_DATA,STA,E4:D1:24:F0:BE:00,-58,10,0,0,0,0,0,0,0,0,0,-97,0,5,0,14106953,0,399,0,0,14.499,128,[-113 -15 24 0 37 2 36 1 35 1 34 0 34 0 33 0 31 0 31 0 30 1 28 1 27 1 26 1 25 2 24 2 22 2 22 3 20 3 19 3 19 3 18 4 17 4 16 4 15 5 14 5 14 6 0 0 0 0 0 0 0 0 0 0 0 0 0 0 0 0 0 0 0 0 0 0 17 -3 17 -1 18 0 17 1 18 2 18 2 18 3 19 3 19 4 18 5 19 6 20 6 20 6 21 7 22 7 23 7 23 7 24 7 25 7 26 7 27 6 30 6 31 6 32 5 34 4 37 4 ]
CSI_DATA,STA,E4:D1:24:F0:BE:00,-59,10,0,0,0,0,0,0,0,0,0,-97,0,5,0,14209355,0,399,0,0,14.6015,128,[-113 -15 24 0 -2 -34 -3 -32 -2 -32 -3 -30 -4 -29 -3 -29 -4 -28 -4 -27 -3 -26 -3 -25 -3 -24 -2 -23 -2 -22 -1 -21 -1 -20 -1 -19 0 -19 0 -18 1 -17 0 -17 1 -16 1 -15 1 -15 2 -14 4 -14 0 0 0 0 0 0 0 0 0 0 0 0 0 0 0 0 0 0 0 0 0 0 -2 -16 -1 -16 0 -16 1 -16 1 -16 2 -16 2 -16 2 -17 3 -17 3 -17 4 -17 4 -18 4 -18 4 -19 5 -20 4 -20 4 -21 4 -22 4 -22 3 -24 2 -25 2 -26 2 -28 1 -29 1 -31 0 -33 ]
CSI_DATA,STA,E4:D1:24:F0:BE:00,-59,10,0,0,0,0,0,0,0,0,0,-97,0,5,0,14311757,0,399,0,0,14.7039,128,[-113 -15 24 0 -24 -34 -24 -31 -23 -31 -23 -29 -23 -28 -23 -27 -22 -26 -22 -25 -21 -25 -20 -24 -19 -23 -18 -22 -17 -21 -17 -21 -15 -19 -14 -19 -13 -19 -13 -18 -12 -17 -12 -17 -11 -17 -10 -17 -9 -16 -8 -16 -6 -17 0 0 0 0 0 0 0 0 0 0 0 0 0 0 0 0 0 0 0 0 0 0 -13 -16 -12 -17 -11 -18 -10 -18 -9 -19 -9 -19 -9 -20 -8 -20 -8 -21 -8 -21 -7 -21 -8 -23 -8 -23 -7 -24 -8 -24 -9 -26 -9 -25 -10 -27 -11 -27 -12 -28 -14 -29 -15 -30 -15 -32 -16 -32 -19 -34 -20 -35 ]
CSI_DATA,STA,E4:D1:24:F0:BE:00,-58,10,0,0,0,0,0,0,0,0,0,-97,0,5,0,14414158,0,399,0,0,14.8063,128,[-113 -15 24 0 33 -22 31 -23 30 -22 29 -22 28 -22 27 -22 26 -21 25 -21 25 -20 24 -20 23 -18 22 -17 22 -16 21 -16 20 -14 20 -14 20 -13 19 -12 19 -11 18 -11 18 -9 17 -8 17 -7 17 -6 17 -5 0 0 0 0 0 0 0 0 0 0 0 0 0 0 0 0 0 0 0 0 0 0 15 -10 15 -9 16 -8 17 -7 17 -7 18 -6 18 -6 19 -6 19 -6 19 -5 19 -5 21 -5 21 -5 22 -5 23 -6 23 -6 24 -7 26 -8 26 -8 26 -9 27 -11 29 -12 29 -13 31 -15 32 -17 34 -19 ]
CSI_DATA,STA,E4:D1:24:F0:BE:00,-58,10,0,0,0,0,0,0,0,0,0,-97,0,5,0,14516560,0,399,0,0,14.9087,128,[-113 -15 24 0 9 -39 8 -38 8 -37 8 -36 7 -35 6 -34 6 -33 6 -32 6 -31 6 -30 6 -29 7 -27 7 -26 7 -25 7 -24 7 -23 8 -22 7 -21 8 -19 8 -18 8 -17 8 -16 8 -16 9 -14 10 -14 0 0 0 0 0 0 0 0 0 0 0 0 0 0 0 0 0 0 0 0 0 0 4 -18 5 -17 6 -17 7 -16 7 -16 8 -17 8 -17 9 -17 9 -17 9 -17 10 -17 10 -18 11 -18 11 -19 12 -20 12 -21 12 -22 12 -22 12 -24 12 -25 12 -27 12 -29 12 -29 12 -32 12 -34 12 -37 ]
CSI_DATA,STA,E4:D1:24:F0:BE:00,-57,10,0,0,0,0,0,0,0,0,0,-97,0,5,0,14618961,0,399,0,0,15.0111,128,[-113 -15 24 0 38 -1 36 -1 36 -2 35 -2 34 -2 32 -2 32 -2 30 -2 29 -3 28 -2 27 -2 26 -1 25 -1 24 -1 22 0 22 1 21 1 20 1 19 2 18 3 17 3 16 3 15 4 14 4 14 5 0 0 0 0 0 0 0 0 0 0 0 0 0 0 0 0 0 0 0 0 0 0 17 -2 17 -1 17 0 17 1 18 2 17 3 18 3 18 3 19 4 19 5 19 5 20 6 21 6 21 6 22 6 23 6 23 7 25 6 26 6 27 5 28 5 30 4 31 4 33 3 35 2 38 1 ]
CSI_DATA,STA,E4:D1:24:F0:BE:00,-57,10,0,0,0,0,0,0,0,0,0,-97,0,5,0,14721363,0,399,0,0,15.1135,128,[-113 -15 24 0 38 10 37 9 36 8 35 7 33 7 31 6 31 6 29 5 28 6 27 6 26 6 24 6 24 6 22 6 21 6 19 6 19 6 18 6 16 6 15 6 14 6 14 6 12 7 12 7 11 7 0 0 0 0 0 0 0 0 0 0 0 0 0 0 0 0 0 0 0 0 0 0 18 1 18 3 18 4 18 5 18 5 18 6 18 6 18 7 19 8 19 8 19 9 19 10 20 10 21 11 22 11 22 11 23 12 25 12 26 11 27 11 28 11 31 11 32 12 33 12 36 13 38 12 ]
CSI_DATA,STA,E4:D1:24:F0:BE:00,-58,10,0,0,0,0,0,0,0,0,0,-97,0,5,0,14823765,0,399,0,0,15.2159,128,[-113 -15 24 0 21 -29 19 -29 19 -27 17 -27 17 -26 16 -26 15 -24 15 -24 15 -23 14 -22 13 -21 13 -20 13 -19 12 -18 12 -16 12 -16 12 -15 12 -14 11 -13 11 -12 11 -11 10 -10 10 -10 10 -9 10 -7 0 0 0 0 0 0 0 0 0 0 0 0 0 0 0 0 0 0 0 0 0 0 7 -16 8 -16 9 -16 10 -15 11 -15 12 -14 12 -14 13 -15 14 -14 14 -14 14 -14 15 -14 16 -15 17 -15 17 -15 18 -16 18 -16 19 -17 19 -18 20 -19 20 -20 21 -22 21 -23 21 -24 22 -25 23 -28 ]
CSI_DATA,STA,E4:D1:24:F0:BE:00,-57,10,0,0,0,0,0,0,0,0,0,-97,0,5,0,14926167,0,399,0,0,15.3183,128,[-113 -15 24 0 -29 -26 -28 -25 -27 -24 -27 -22 -26 -22 -25 -21 -24 -20 -24 -19 -23 -19 -22 -19 -21 -17 -20 -17 -19 -16 -18 -16 -16 -15 -16 -15 -14 -15 -14 -15 -12 -15 -11 -14 -11 -14 -10 -14 -9 -13 -9 -13 -7 -13 0 0 0 0 0 0 0 0 0 0 0 0 0 0 0 0 0 0 0 0 0 0 -16 -11 -15 -12 -14 -13 -13 -14 -13 -14 -13 -15 -13 -16 -12 -16 -13 -17 -12 -18 -12 -18 -13 -18 -13 -19 -13 -20 -13 -20 -14 -22 -14 -21 -16 -23 -16 -23 -17 -24 -19 -24 -20 -25 -22 -25 -23 -26 -25 -27 -27 -28 ]
CSI_DATA,STA,E4:D1:24:F0:BE:00,-58,10,0,0,0,0,0,0,0,0,0,-97,0,5,0,15028569,0,399,0,0,15.4208,128,[-113 -15 24 0 14 -34 13 -33 13 -32 12 -31 11 -30 11 -30 10 -28 10 -28 10 -27 9 -27 9 -25 9 -24 9 -23 9 -22 9 -20 9 -20 9 -19 9 -18 9 -17 9 -16 9 -15 9 -14 9 -13 10 -12 10 -11 0 0 0 0 0 0 0 0 0 0 0 0 0 0 0 0 0 0 0 0 0 0 5 -18 7 -18 9 -17 9 -16 11 -15 10 -16 11 -16 11 -16 12 -16 13 -16 13 -16 13 -16 14 -16 15 -17 15 -18 15 -18 15 -19 16 -20 16 -21 16 -21 16 -23 16 -25 17 -26 16 -28 17 -30 17 -32 ]
CSI_DATA,STA,E4:D1:24:F0:BE:00,-58,10,0,0,0,0,0,0,0,0,0,-97,0,5,0,15130970,0,399,0,0,15.5232,128,[-113 -15 24 0 7 30 7 29 7 28 7 27 6 27 6 26 6 25 6 24 6 23 6 22 6 21 5 21 4 20 3 20 3 18 2 18 1 18 1 17 0 16 0 16 -1 15 -1 14 -1 14 -2 13 -3 13 0 0 0 0 0 0 0 0 0 0 0 0 0 0 0 0 0 0 0 0 0 0 6 14 4 14 3 14 2 15 2 15 1 15 1 15 0 16 0 16 0 16 0 16 -1 17 -1 18 -1 18 -1 19 -1 19 -1 20 -1 21 0 21 0 22 0 24 1 25 2 26 3 27 4 29 4 30 ]
CSI_DATA,STA,E4:D1:24:F0:BE:00,-58,10,0,0,0,0,0,0,0,0,0,-97,0,5,0,15233372,0,399,0,0,15.6256,128,[-113 -15 24 0 -37 -6 -36 -5 -35 -4 -34 -4 -33 -2 -32 -2 -31 -2 -30 -2 -28 -2 -28 -2 -27 -2 -26 -2 -25 -3 -23 -2 -22 -3 -21 -3 -21 -3 -20 -3 -19 -3 -18 -4 -18 -4 -17 -5 -16 -5 -16 -6 -15 -6 0 0 0 0 0 0 0 0 0 0 0 0 0 0 0 0 0 0 0 0 0 0 -21 -1 -20 -3 -20 -4 -20 -5 -20 -6 -19 -6 -19 -7 -20 -7 -20 -8 -20 -9 -20 -9 -20 -9 -21 -9 -22 -10 -22 -10 -23 -11 -24 -11 -25 -11 -26 -11 -27 -10 -28 -10 -30 -10 -32 -9 -33 -9 -35 -9 -37 -9 ]
CSI_DATA,STA,E4:D1:24:F0:BE:00,-58,10,0,0,0,0,0,0,0,0,0,-97,0,5,0,15335774,0,399,0,0,15.728,128,[-113 -15 24 0 38 3 37 2 36 1 36 1 35 1 33 1 32 1 31 1 30 1 29 1 28 1 27 1 26 1 24 2 23 2 22 3 21 3 20 4 19 4 19 4 18 4 17 5 16 5 15 6 15 7 0 0 0 0 0 0 0 0 0 0 0 0 0 0 0 0 0 0 0 0 0 0 17 0 17 1 16 2 16 3 16 3 17 3 17 4 17 4 17 5 18 5 18 5 18 6 20 6 20 7 21 7 22 6 23 7 24 7 25 7 26 7 28 6 30 6 31 5 33 5 35 5 38 5 ]
CSI_DATA,STA,E4:D1:24:F0:BE:00,-58,10,0,0,0,0,0,0,0,0,0,-97,0,5,0,15438176,0,399,0,0,15.8304,128,[-113 -15 24 0 -31 24 -30 23 -28 23 -27 23 -26 22 -26 21 -25 21 -24 20 -23 20 -22 19 -22 17 -21 17 -20 16 -20 14 -19 13 -18 13 -18 11 -18 11 -17 10 -16 9 -16 8 -15 8 -15 7 -15 6 -16 6 0 0 0 0 0 0 0 0 0 0 0 0 0 0 0 0 0 0 0 0 0 0 -14 11 -14 10 -15 9 -16 8 -16 8 -16 8 -17 7 -18 7 -18 7 -18 7 -19 7 -20 7 -20 7 -20 7 -22 8 -23 8 -23 9 -24 10 -25 11 -26 12 -26 13 -27 15 -28 16 -29 18 -30 19 -32 21 ]
CSI_DATA,STA,E4:D1:24:F0:BE:00,-59,10,0,0,0,0,0,0,0,0,0,-97,0,5,0,15540578,0,399,0,0,15.9326,128,[-113 -15 24 0 -30 21 -28 21 -27 20 -26 20 -25 20 -25 19 -24 18 -23 18 -22 18 -22 16 -21 16 -20 15 -19 13 -19 13 -18 11 -18 10 -17 10 -17 9 -16 8 -16 8 -15 7 -15 7 -14 6 -14 5 -14 4 0 0 0 0 0 0 0 0 0 0 0 0 0 0 0 0 0 0 0 0 0 0 -13 11 -13 9 -14 9 -15 8 -15 8 -16 7 -16 7 -17 7 -17 7 -18 7 -17 7 -19 7 -19 7 -20 7 -21 7 -22 8 -22 8 -23 9 -23 9 -25 10 -25 11 -26 12 -27 14 -28 15 -28 17 -30 18 ]
CSI_DATA,STA,E4:D1:24:F0:BE:00,-59,10,0,0,0,0,0,0,0,0,0,-97,0,5,0,15642980,0,399,0,0,16.0351,128,[-113 -15 24 0 34 5 34 4 33 3 32 3 32 3 31 3 29 3 28 4 27 3 26 3 25 3 23 3 22 3 21 4 20 5 19 5 18 5 18 5 17 5 16 5 14 5 14 5 13 6 13 6 11 7 0 0 0 0 0 0 0 0 0 0 0 0 0 0 0 0 0 0 0 0 0 0 15 -1 15 0 15 1 15 2 15 3 16 3 16 4 16 3 16 4 16 4 17 5 17 6 18 6 19 6 19 6 20 7 21 7 22 7 23 7 24 7 26 6 28 6 28 6 30 7 33 6 35 5 ]
CSI_DATA,STA,E4:D1:24:F0:BE:00,-59,10,0,0,0,0,0,0,0,0,0,-97,0,5,0,15745382,0,399,0,0,16.1375,128,[-113 -15 24 0 39 4 38 3 37 2 36 2 36 2 35 2 34 2 33 2 32 1 31 2 29 2 28 3 26 3 25 3 23 3 23 4 21 4 21 4 20 5 19 4 18 5 17 5 16 6 15 6 14 7 0 0 0 0 0 0 0 0 0 0 0 0 0 0 0 0 0 0 0 0 0 0 18 1 17 3 18 4 17 5 17 6 17 6 17 6 18 6 18 7 18 7 17 8 18 9 20 9 20 9 20 9 21 9 22 9 24 9 25 9 26 9 27 8 29 8 31 7 33 7 36 6 38 5 ]
CSI_DATA,STA,E4:D1:24:F0:BE:00,-58,10,0,0,0,0,0,0,0,0,0,-97,0,5,0,15847783,0,399,0,0,16.24,128,[-113 -15 24 0 37 8 36 7 35 6 35 6 34 6 33 6 32 6 31 6 30 5 29 5 27 6 26 5 25 6 24 7 21 6 22 7 20 7 19 7 18 8 17 7 17 8 15 8 15 8 14 9 12 9 0 0 0 0 0 0 0 0 0 0 0 0 0 0 0 0 0 0 0 0 0 0 17 0 17 2 17 3 17 4 17 5 17 6 17 7 18 7 17 7 18 8 18 8 18 9 19 10 19 10 20 10 21 11 21 11 23 11 24 11 25 11 26 11 28 11 29 11 32 11 33 10 36 10 ]
CSI_DATA,STA,E4:D1:24:F0:BE:00,-58,10,0,0,0,0,0,0,0,0,0,-97,0,5,0,15950185,0,399,0,0,16.3424,128,[-113 -15 24 0 3 36 3 34 4 35 4 32 4 32 4 31 4 29 4 28 3 28 3 26 3 26 2 24 2 23 1 23 1 21 0 21 -1 20 -1 19 -1 18 -2 17 -2 16 -3 16 -3 15 -4 14 -5 13 0 0 0 0 0 0 0 0 0 0 0 0 0 0 0 0 0 0 0 0 0 0 3 15 2 15 0 16 0 15 -1 16 -1 16 -2 17 -2 17 -2 18 -3 18 -3 18 -4 19 -4 20 -4 20 -4 20 -4 22 -4 22 -4 24 -3 24 -3 26 -2 27 -1 28 -1 31 -1 31 0 34 1 36 ]
CSI_DATA,STA,E4:D1:24:F0:BE:00,-57,10,0,0,0,0,0,0,0,0,0,-97,0,5,0,15978220,0,189,0,0,16.3719,128,[-67 -48 11 0 28 26 28 25 28 25 27 24 27 23 26 22 25 22 23 21 22 20 22 20 20 19 19 19 18 18 17 18 15 17 14 17 14 17 13 16 12 16 10 16 10 15 9 15 7 15 6 15 5 14 0 0 0 0 0 0 0 0 0 0 0 0 0 0 0 0 0 0 0 0 0 0 11 10 10 11 10 12 9 12 9 13 9 13 9 14 9 14 9 15 9 15 9 16 9 17 10 17 10 18 10 18 11 19 12 20 13 20 14 21 15 22 17 22 19 23 20 24 22 25 24 26 26 28 ]
CSI_DATA,STA,E4:D1:24:F0:BE:00,-58,10,0,0,0,0,0,0,0,0,0,-97,0,5,0,16052587,0,399,0,0,16.4447,128,[-113 -15 24 0 -2 37 -1 35 -1 35 -1 33 0 33 0 32 0 30 0 30 -1 29 -1 28 -1 27 -2 25 -2 24 -2 23 -3 21 -4 21 -4 20 -4 19 -4 18 -5 17 -5 16 -5 15 -5 14 -6 13 -7 12 0 0 0 0 0 0 0 0 0 0 0 0 0 0 0 0 0 0 0 0 0 0 -1 16 -2 15 -2 16 -3 16 -4 16 -5 16 -4 17 -5 17 -6 18 -6 17 -6 18 -7 19 -8 19 -8 19 -8 20 -8 21 -8 21 -9 23 -8 23 -7 25 -7 26 -6 28 -6 30 -5 31 -5 33 -5 35 ]
CSI_DATA,STA,E4:D1:24:F0:BE:00,-59,10,0,0,0,0,0,0,0,0,0,-97,0,5,0,16154989,0,399,0,0,16.5472,128,[-113 -15 24 0 36 -14 35 -14 34 -13 34 -13 32 -13 32 -12 30 -12 29 -12 28 -11 27 -10 26 -9 25 -8 24 -7 22 -6 21 -6 21 -5 20 -5 19 -5 18 -4 17 -4 16 -3 15 -2 14 -2 14 -2 14 -1 0 0 0 0 0 0 0 0 0 0 0 0 0 0 0 0 0 0 0 0 0 0 14 -6 14 -4 14 -4 14 -3 14 -3 15 -3 15 -2 16 -2 16 -2 17 -2 17 -2 18 -2 19 -2 19 -2 20 -2 21 -2 22 -3 23 -3 24 -4 25 -4 26 -6 28 -7 30 -8 31 -9 34 -10 36 -12 ]
CSI_DATA,STA,E4:D1:24:F0:BE:00,-58,10,0,0,0,0,0,0,0,0,0,-97,0,5,0,16257391,0,399,0,0,16.6494,128,[-113 -15 24 0 24 -29 22 -28 22 -28 20 -27 20 -26 20 -26 19 -25 17 -25 18 -24 18 -22 17 -21 17 -20 16 -19 16 -19 15 -16 15 -16 15 -15 14 -14 14 -13 14 -12 13 -11 13 -10 12 -8 13 -8 12 -7 0 0 0 0 0 0 0 0 0 0 0 0 0 0 0 0 0 0 0 0 0 0 9 -14 10 -12 11 -12 12 -11 13 -11 13 -11 14 -11 14 -11 15 -11 16 -10 16 -10 16 -10 17 -11 18 -11 18 -11 19 -13 18 -13 20 -14 20 -15 21 -16 21 -18 22 -19 23 -20 23 -22 24 -24 25 -26 ]
CSI_DATA,STA,E4:D1:24:F0:BE:00,-58,10,0,0,0,0,0,0,0,0,0,-97,0,5,0,16359793,0,399,0,0,16.7518,128,[-113 -15 24 0 10 35 10 34 10 33 10 32 11 31 10 30 10 29 9 28 9 27 8 26 8 25 7 24 6 23 5 22 4 20 3 20 3 19 2 18 2 17 1 17 1 15 0 14 0 14 -1 14 -2 12 0 0 0 0 0 0 0 0 0 0 0 0 0 0 0 0 0 0 0 0 0 0 6 16 5 16 4 16 3 17 2 18 2 18 1 18 1 19 1 19 0 19 0 19 0 20 -1 21 -1 21 -1 23 -1 23 -1 24 0 25 1 25 2 26 3 28 3 29 4 31 5 32 6 33 7 36 ]
CSI_DATA,STA,E4:D1:24:F0:BE:00,-58,10,0,0,0,0,0,0,0,0,0,-97,0,5,0,16462194,0,399,0,0,16.8543,128,[-113 -15 24 0 34 17 33 16 33 16 32 15 32 15 31 14 29 14 29 14 28 14 26 13 26 13 24 13 22 13 21 13 19 12 19 13 17 12 16 12 15 12 14 12 13 11 12 12 11 12 10 12 9 11 0 0 0 0 0 0 0 0 0 0 0 0 0 0 0 0 0 0 0 0 0 0 15 7 14 9 13 9 13 10 13 11 13 11 13 12 13 12 13 13 13 13 13 13 13 14 14 15 15 15 15 16 16 16 17 16 18 17 19 17 20 17 22 18 24 18 25 18 27 18 29 19 32 20 ]
CSI_DATA,STA,E4:D1:24:F0:BE:00,-58,10,0,0,0,0,0,0,0,0,0,-97,0,5,0,16564597,0,399,0,0,16.9568,128,[-113 -15 24 0 -19 35 -17 35 -17 33 -16 32 -15 32 -15 31 -15 29 -15 28 -14 27 -13 26 -13 24 -13 23 -13 21 -13 20 -12 19 -12 18 -12 16 -13 15 -12 14 -12 13 -11 12 -10 11 -10 10 -11 10 -11 8 0 0 0 0 0 0 0 0 0 0 0 0 0 0 0 0 0 0 0 0 0 0 -6 16 -7 16 -9 16 -10 16 -10 15 -11 15 -11 15 -12 15 -13 16 -13 16 -13 16 -14 17 -14 17 -16 17 -16 18 -16 18 -17 20 -18 20 -17 22 -18 23 -18 24 -19 26 -19 28 -19 30 -19 32 -20 34 ]
CSI_DATA,STA,E4:D1:24:F0:BE:00,-58,10,0,0,0,0,0,0,0,0,0,-97,0,5,0,16666999,0,399,0,0,17.0592,128,[-113 -15 24 0 31 -21 29 -21 28 -21 27 -20 27 -20 26 -20 25 -19 24 -18 23 -17 23 -17 22 -16 21 -14 21 -13 20 -13 19 -11 19 -10 18 -10 18 -9 17 -8 16 -7 15 -6 15 -5 14 -4 14 -4 14 -3 0 0 0 0 0 0 0 0 0 0 0 0 0 0 0 0 0 0 0 0 0 0 13 -11 14 -10 15 -9 15 -8 16 -8 16 -7 17 -7 17 -7 18 -6 18 -5 19 -6 19 -5 20 -5 20 -5 21 -5 21 -7 22 -7 23 -8 24 -8 25 -9 25 -10 26 -12 27 -13 28 -14 30 -16 31 -18 ]
CSI_DATA,STA,E4:D1:24:F0:BE:00,-57,10,0,0,0,0,0,0,0,0,0,-97,0,5,0,16769401,0,399,0,0,17.1616,128,[-113 -15 24 0 -31 -24 -30 -23 -30 -22 -29 -21 -29 -20 -28 -20 -27 -19 -26 -18 -25 -18 -24 -18 -24 -17 -22 -17 -21 -16 -20 -16 -18 -16 -17 -16 -16 -16 -15 -15 -14 -15 -13 -15 -12 -14 -11 -14 -10 -14 -9 -13 -7 -14 0 0 0 0 0 0 0 0 0 0 0 0 0 0 0 0 0 0 0 0 0 0 -15 -10 -14 -11 -14 -12 -13 -13 -13 -14 -13 -14 -13 -15 -13 -15 -13 -16 -12 -17 -13 -17 -12 -17 -13 -18 -13 -19 -13 -19 -14 -20 -15 -20 -16 -21 -17 -21 -18 -21 -20 -22 -21 -23 -22 -23 -24 -24 -27 -25 -28 -26 ]
CSI_DATA,STA,E4:D1:24:F0:BE:00,-58,10,0,0,0,0,0,0,0,0,0,-97,0,5,0,16871803,0,399,0,0,17.264,128,[-113 -15 24 0 -33 -26 -31 -23 -31 -22 -29 -21 -30 -20 -29 -20 -28 -18 -27 -18 -27 -18 -25 -17 -24 -16 -23 -16 -21 -15 -20 -15 -19 -14 -18 -15 -17 -14 -16 -14 -15 -14 -14 -13 -14 -13 -13 -13 -12 -13 -11 -13 -10 -13 0 0 0 0 0 0 0 0 0 0 0 0 0 0 0 0 0 0 0 0 0 0 -16 -11 -15 -12 -15 -13 -14 -13 -14 -15 -14 -15 -13 -16 -14 -16 -13 -17 -14 -17 -13 -18 -14 -19 -14 -19 -15 -20 -14 -21 -16 -21 -16 -21 -17 -22 -18 -22 -19 -23 -21 -23 -23 -24 -24 -25 -25 -25 -28 -26 -29 -27 ]
CSI_DATA,STA,E4:D1:24:F0:BE:00,-58,10,0,0,0,0,0,0,0,0,0,-97,0,5,0,16974205,0,399,0,0,17.3662,128,[-113 -15 24 0 -29 24 -27 25 -26 24 -25 23 -24 23 -24 23 -23 22 -23 21 -22 20 -21 19 -21 18 -21 17 -20 16 -19 15 -18 14 -18 13 -18 12 -17 11 -17 10 -16 10 -16 8 -15 8 -15 7 -15 6 -15 5 0 0 0 0 0 0 0 0 0 0 0 0 0 0 0 0 0 0 0 0 0 0 -12 11 -14 10 -14 9 -15 9 -16 8 -16 8 -16 8 -17 8 -17 8 -17 7 -18 7 -19 7 -19 7 -20 7 -21 8 -21 9 -22 9 -22 10 -23 11 -23 12 -24 14 -26 15 -25 17 -27 18 -28 20 -29 22 ]
CSI_DATA,STA,E4:D1:24:F0:BE:00,-58,10,0,0,0,0,0,0,0,0,0,-97,0,5,0,17076607,0,399,0,0,17.4686,128,[-113 -15 24 0 -12 -37 -13 -35 -12 -34 -12 -33 -12 -31 -12 -31 -11 -30 -11 -29 -11 -29 -10 -28 -10 -27 -9 -25 -8 -25 -7 -24 -6 -22 -6 -22 -5 -21 -4 -21 -3 -19 -2 -19 -2 -18 -2 -17 -1 -16 0 -16 1 -15 0 0 0 0 0 0 0 0 0 0 0 0 0 0 0 0 0 0 0 0 0 0 -6 -17 -5 -17 -4 -18 -4 -18 -3 -18 -2 -18 -2 -19 -2 -19 -1 -19 -1 -20 -1 -20 0 -21 0 -22 0 -22 0 -22 -1 -24 -1 -24 -2 -26 -2 -26 -2 -27 -4 -28 -5 -30 -5 -31 -6 -33 -8 -34 -8 -36 ]
CSI_DATA,STA,E4:D1:24:F0:BE:00,-58,10,0,0,0,0,0,0,0,0,0,-97,0,5,0,17179008,0,399,0,0,17.5712,128,[-113 -15 24 0 37 10 36 8 35 8 35 8 34 7 33 6 32 7 31 6 30 6 29 6 28 7 26 7 25 7 24 7 22 7 21 8 20 8 19 8 18 8 17 8 16 8 15 9 14 9 12 9 12 10 0 0 0 0 0 0 0 0 0 0 0 0 0 0 0 0 0 0 0 0 0 0 18 4 18 5 18 7 17 7 17 8 17 9 17 10 17 10 17 10 17 11 17 12 17 12 18 13 18 14 19 14 20 14 20 14 21 14 22 14 23 14 25 13 27 13 28 13 30 13 32 13 34 13 ]
CSI_DATA,STA,E4:D1:24:F0:BE:00,-58,10,0,0,0,0,0,0,0,0,0,-97,0,5,0,17281410,0,399,0,0,17.6736,128,[-113 -15 24 0 21 32 21 32 20 31 20 30 20 29 18 28 18 27 17 27 16 26 15 25 14 24 13 23 12 23 11 21 9 20 8 20 8 20 7 19 6 18 5 17 4 17 4 16 3 16 2 15 1 15 0 0 0 0 0 0 0 0 0 0 0 0 0 0 0 0 0 0 0 0 0 0 10 13 9 14 8 14 7 15 6 15 6 15 6 16 6 16 6 17 6 17 6 17 6 19 6 20 6 20 6 21 7 22 7 22 8 23 9 24 10 25 11 26 13 27 14 28 15 30 17 31 19 33 ]
CSI_DATA,STA,E4:D1:24:F0:BE:00,-58,10,0,0,0,0,0,0,0,0,0,-97,0,5,0,17383812,0,399,0,0,17.776,128,[-113 -15 24 0 -37 -11 -36 -11 -35 -10 -34 -10 -33 -9 -32 -8 -31 -8 -30 -8 -29 -8 -28 -8 -27 -8 -26 -8 -25 -8 -23 -8 -21 -9 -20 -9 -19 -9 -18 -9 -17 -9 -16 -9 -15 -10 -14 -9 -13 -9 -12 -10 -11 -9 0 0 0 0 0 0 0 0 0 0 0 0 0 0 0 0 0 0 0 0 0 0 -16 -3 -16 -4 -16 -6 -16 -6 -16 -7 -16 -7 -17 -8 -17 -8 -17 -9 -17 -10 -17 -10 -18 -11 -18 -11 -19 -12 -20 -12 -20 -12 -22 -13 -22 -13 -24 -13 -24 -13 -27 -12 -28 -13 -30 -13 -31 -13 -33 -13 -36 -13 ]
CSI_DATA,STA,E4:D1:24:F0:BE:00,-58,10,0,0,0,0,0,0,0,0,0,-97,0,5,0,17486214,0,399,0,0,17.8784,128,[-113 -15 24 0 -32 -18 -31 -17 -30 -16 -30 -16 -29 -15 -29 -14 -27 -14 -27 -13 -26 -14 -25 -13 -24 -13 -23 -13 -22 -12 -20 -12 -18 -11 -18 -12 -17 -12 -16 -12 -15 -12 -14 -11 -13 -11 -12 -11 -11 -11 -10 -11 -9 -11 0 0 0 0 0 0 0 0 0 0 0 0 0 0 0 0 0 0 0 0 0 0 -14 -8 -14 -9 -14 -10 -13 -11 -13 -12 -13 -12 -13 -12 -13 -13 -13 -14 -13 -15 -13 -15 -13 -15 -13 -16 -14 -17 -14 -17 -15 -18 -16 -18 -17 -18 -18 -18 -19 -19 -20 -18 -22 -19 -23 -19 -25 -19 -27 -19 -29 -20 ]
CSI_DATA,STA,E4:D1:24:F0:BE:00,-58,10,0,0,0,0,0,0,0,0,0,-97,0,5,0,17588616,0,399,0,0,17.9808,128,[-113 -15 24 0 25 23 25 22 25 21 24 19 25 19 23 19 23 18 22 18 21 18 20 17 19 17 18 16 17 16 16 15 15 15 14 15 13 15 12 15 11 14 10 14 9 13 8 13 7 13 6 12 5 13 0 0 0 0 0 0 0 0 0 0 0 0 0 0 0 0 0 0 0 0 0 0 13 9 12 10 12 11 11 12 11 13 10 13 11 14 10 15 10 15 10 16 9 16 10 17 10 17 10 18 10 18 11 19 11 19 12 20 13 20 14 21 15 21 17 22 18 22 20 23 22 24 24 23 ]
CSI_DATA,STA,E4:D1:24:F0:BE:00,-58,10,0,0,0,0,0,0,0,0,0,-97,0,5,0,17691018,0,399,0,0,18.0832,128,[-113 -15 24 0 37 9 35 8 35 8 33 7 33 7 32 6 30 6 30 6 28 6 27 6 26 6 25 7 23 6 22 6 20 6 20 7 19 7 17 7 17 7 15 7 15 7 13 7 13 7 12 7 11 8 0 0 0 0 0 0 0 0 0 0 0 0 0 0 0 0 0 0 0 0 0 0 15 2 15 3 15 4 15 5 15 5 15 6 16 6 16 7 16 7 16 8 16 9 17 10 18 10 18 10 19 11 20 11 20 11 22 11 23 11 25 11 26 11 29 11 29 11 31 11 33 11 36 12 ]
CSI_DATA,STA,E4:D1:24:F0:BE:00,-58,10,0,0,0,0,0,0,0,0,0,-97,0,5,0,17793420,0,399,0,0,18.1855,128,[-113 -15 24 0 13 29 14 29 13 27 13 27 13 26 13 26 12 24 12 24 11 23 11 23 10 22 9 22 9 21 8 20 7 19 6 19 5 18 4 18 4 16 3 16 2 15 2 14 1 14 1 13 -1 13 0 0 0 0 0 0 0 0 0 0 0 0 0 0 0 0 0 0 0 0 0 0 6 14 5 15 4 15 3 15 3 16 3 16 2 17 2 17 1 17 0 17 1 17 1 18 0 19 0 19 0 20 0 20 0 21 1 21 2 22 3 23 4 23 4 24 6 26 7 27 8 28 10 30 ]
CSI_DATA,STA,E4:D1:24:F0:BE:00,-58,10,0,0,0,0,0,0,0,0,0,-97,0,5,0,17895821,0,399,0,0,18.2879,128,[-113 -15 24 0 -25 31 -24 30 -24 30 -22 28 -22 28 -22 27 -21 26 -21 26 -21 25 -20 24 -20 23 -19 21 -18 20 -18 19 -17 17 -18 16 -17 16 -17 15 -17 13 -17 12 -16 11 -16 10 -15 10 -15 9 -16 7 0 0 0 0 0 0 0 0 0 0 0 0 0 0 0 0 0 0 0 0 0 0 -12 12 -12 11 -13 10 -13 9 -14 9 -14 9 -15 9 -15 9 -16 9 -17 9 -16 10 -17 10 -18 10 -19 10 -19 11 -20 12 -20 12 -21 13 -21 14 -22 15 -22 17 -23 19 -23 21 -24 23 -24 25 -25 27 ]
CSI_DATA,STA,E4:D1:24:F0:BE:00,-58,10,0,0,0,0,0,0,0,0,0,-97,0,5,0,17998223,0,399,0,0,18.3904,128,[-113 -15 24 0 8 -32 7 -32 7 -31 6 -31 6 -29 5 -29 5 -28 5 -27 5 -27 5 -26 4 -24 5 -23 4 -22 6 -21 6 -19 6 -19 6 -18 6 -18 7 -16 6 -16 7 -15 7 -15 7 -13 7 -12 7 -11 0 0 0 0 0 0 0 0 0 0 0 0 0 0 0 0 0 0 0 0 0 0 3 -15 4 -14 5 -14 5 -14 6 -14 6 -14 7 -14 7 -15 8 -14 8 -15 8 -15 9 -15 9 -16 9 -16 10 -16 10 -17 10 -18 10 -19 10 -20 10 -21 10 -22 10 -24 10 -25 10 -27 9 -29 9 -31 ]
CSI_DATA,STA,E4:D1:24:F0:BE:00,-58,10,0,0,0,0,0,0,0,0,0,-97,0,5,0,18100625,0,399,0,0,18.4928,128,[-113 -15 24 0 3 35 3 34 4 33 4 32 4 31 4 30 4 29 4 28 3 27 3 27 2 26 2 25 1 24 1 22 0 21 0 20 -1 20 -1 19 -2 18 -2 17 -3 16 -3 15 -4 14 -4 14 -5 13 0 0 0 0 0 0 0 0 0 0 0 0 0 0 0 0 0 0 0 0 0 0 3 16 1 16 0 16 -1 16 -1 16 -1 17 -2 17 -2 18 -3 18 -4 18 -4 18 -5 19 -5 19 -5 20 -5 21 -5 21 -5 22 -5 23 -5 24 -4 25 -3 26 -3 28 -3 29 -2 30 -1 32 0 34 ]
CSI_DATA,STA,E4:D1:24:F0:BE:00,-58,10,0,0,0,0,0,0,0,0,0,-97,0,5,0,18203027,0,399,0,0,18.5952,128,[-113 -15 24 0 -20 24 -19 24 -17 23 -17 23 -17 23 -16 22 -15 21 -15 20 -15 19 -14 19 -14 17 -14 16 -13 16 -13 15 -12 14 -12 13 -12 13 -12 12 -11 10 -12 10 -12 9 -11 8 -11 8 -11 7 -11 6 0 0 0 0 0 0 0 0 0 0 0 0 0 0 0 0 0 0 0 0 0 0 -8 12 -9 11 -10 10 -10 10 -11 10 -12 10 -12 10 -12 10 -13 9 -13 9 -14 9 -14 9 -15 9 -15 10 -15 10 -16 11 -16 11 -17 12 -17 13 -17 14 -18 16 -18 16 -18 18 -19 19 -20 21 -20 23 ]
CSI_DATA,STA,E4:D1:24:F0:BE:00,-57,10,0,0,0,0,0,0,0,0,0,-97,0,5,0,18305429,0,399,0,0,18.6976,128,[-113 -15 24 0 -38 3 -37 3 -36 4 -35 3 -34 4 -33 4 -33 4 -31 4 -30 3 -29 3 -29 3 -28 2 -27 2 -25 1 -24 0 -23 0 -22 -1 -22 -1 -21 -2 -20 -2 -19 -3 -18 -3 -17 -4 -16 -5 -16 -6 0 0 0 0 0 0 0 0 0 0 0 0 0 0 0 0 0 0 0 0 0 0 -18 2 -18 1 -18 -1 -18 -2 -18 -2 -19 -3 -19 -3 -19 -4 -19 -4 -20 -5 -20 -5 -21 -6 -22 -6 -22 -6 -23 -6 -23 -6 -24 -6 -25 -6 -26 -6 -27 -5 -29 -4 -30 -4 -31 -3 -33 -2 -35 -2 -37 -1 ]
CSI_DATA,STA,E4:D1:24:F0:BE:00,-58,10,0,0,0,0,0,0,0,0,0,-97,0,5,0,18407831,0,399,0,0,18.8,128,[-113 -15 24 0 -13 35 -11 34 -10 33 -10 32 -9 31 -9 30 -8 29 -8 29 -8 28 -8 27 -8 26 -8 25 -7 24 -8 23 -8 21 -8 21 -8 20 -9 19 -9 18 -9 17 -9 15 -9 15 -9 14 -10 13 -11 11 0 0 0 0 0 0 0 0 0 0 0 0 0 0 0 0 0 0 0 0 0 0 -5 16 -6 15 -7 15 -8 15 -9 15 -9 15 -10 15 -10 16 -11 16 -12 16 -12 15 -13 16 -14 17 -14 17 -15 18 -15 19 -15 19 -15 20 -15 21 -15 22 -15 24 -16 26 -15 27 -16 28 -15 31 -15 33 ]
CSI_DATA,STA,E4:D1:24:F0:BE:00,-58,10,0,0,0,0,0,0,0,0,0,-97,0,5,0,18510233,0,399,0,0,18.9023,128,[-113 -15 24 0 17 35 17 34 17 33 17 31 17 30 16 30 16 28 15 28 14 26 14 26 13 25 12 24 11 23 10 21 9 20 8 21 7 20 7 18 6 18 5 17 4 17 4 16 3 15 2 15 0 14 0 0 0 0 0 0 0 0 0 0 0 0 0 0 0 0 0 0 0 0 0 0 10 14 9 15 8 16 8 16 7 17 7 18 7 18 7 19 7 19 6 20 5 20 6 22 5 23 6 24 6 25 6 25 6 26 6 27 7 28 8 29 9 30 10 32 11 32 12 34 14 36 15 37 ]
CSI_DATA,STA,E4:D1:24:F0:BE:00,-58,10,0,0,0,0,0,0,0,0,0,-97,0,5,0,18612632,0,399,0,0,19.0047,128,[-113 -15 24 0 -1 -39 -2 -38 -2 -37 -2 -35 -3 -35 -2 -34 -2 -33 -2 -32 -2 -31 -2 -30 -2 -29 -1 -27 -1 -26 0 -25 0 -23 1 -23 1 -22 1 -21 2 -20 2 -19 2 -18 3 -17 3 -17 4 -16 4 -16 0 0 0 0 0 0 0 0 0 0 0 0 0 0 0 0 0 0 0 0 0 0 -3 -18 -1 -18 0 -19 0 -18 2 -19 2 -19 2 -20 3 -20 4 -20 4 -21 4 -21 5 -22 5 -23 6 -23 6 -24 6 -25 6 -25 7 -27 6 -27 6 -29 5 -30 5 -31 5 -33 4 -34 3 -36 3 -38 ]
CSI_DATA,STA,E4:D1:24:F0:BE:00,-58,10,0,0,0,0,0,0,0,0,0,-97,0,5,0,18715034,0,399,0,0,19.1072,128,[-113 -15 24 0 -36 -7 -35 -5 -34 -5 -34 -5 -33 -4 -32 -4 -30 -4 -30 -3 -28 -4 -28 -4 -27 -4 -26 -4 -24 -4 -24 -5 -22 -4 -21 -5 -20 -5 -20 -6 -18 -6 -17 -6 -15 -6 -15 -7 -14 -7 -13 -7 -12 -7 0 0 0 0 0 0 0 0 0 0 0 0 0 0 0 0 0 0 0 0 0 0 -17 -2 -17 -3 -17 -4 -16 -5 -17 -5 -17 -6 -18 -7 -18 -7 -18 -7 -18 -8 -18 -9 -19 -10 -19 -10 -20 -11 -21 -11 -22 -11 -23 -12 -23 -12 -24 -12 -25 -12 -26 -11 -28 -11 -29 -11 -31 -11 -32 -10 -35 -10 ]
CSI_DATA,STA,E4:D1:24:F0:BE:00,-58,10,0,0,0,0,0,0,0,0,0,-97,0,5,0,18817436,0,399,0,0,19.2097,128,[-113 -15 24 0 27 23 26 22 26 21 25 20 25 20 24 19 24 18 22 18 21 17 21 16 20 16 18 16 17 15 16 15 15 14 14 15 13 14 12 14 11 14 10 13 9 12 8 12 7 12 6 11 5 11 0 0 0 0 0 0 0 0 0 0 0 0 0 0 0 0 0 0 0 0 0 0 14 8 13 9 13 10 12 11 12 12 12 12 12 13 12 13 12 15 12 15 12 15 12 16 13 17 13 18 13 19 14 20 14 20 14 21 16 21 16 22 18 22 19 23 20 23 22 24 23 25 26 26 ]
CSI_DATA,STA,E4:D1:24:F0:BE:00,-58,10,0,0,0,0,0,0,0,0,0,-97,0,5,0,18919838,0,399,0,0,19.312,128,[-113 -15 24 0 -29 25 -27 25 -26 25 -25 23 -24 24 -23 23 -22 22 -22 21 -21 21 -20 20 -20 18 -19 17 -19 16 -19 16 -18 14 -18 13 -17 12 -17 11 -17 10 -16 9 -16 8 -15 7 -15 6 -15 5 -14 4 0 0 0 0 0 0 0 0 0 0 0 0 0 0 0 0 0 0 0 0 0 0 -11 12 -12 11 -13 11 -13 10 -14 10 -15 10 -15 10 -16 10 -17 10 -17 10 -18 10 -19 10 -19 10 -20 10 -20 10 -22 11 -22 11 -23 12 -23 13 -24 13 -24 15 -26 16 -26 18 -27 20 -28 22 -28 23 ]
CSI_DATA,STA,E4:D1:24:F0:BE:00,-58,10,0,0,0,0,0,0,0,0,0,-97,0,5,0,19022240,0,399,0,0,19.4145,128,[-113 -15 24 0 -33 -18 -32 -17 -31 -16 -30 -15 -29 -14 -29 -14 -28 -13 -27 -13 -26 -12 -25 -12 -25 -11 -24 -12 -23 -12 -21 -12 -19 -11 -19 -12 -17 -12 -17 -12 -15 -12 -15 -12 -14 -12 -12 -11 -11 -11 -10 -11 -9 -12 0 0 0 0 0 0 0 0 0 0 0 0 0 0 0 0 0 0 0 0 0 0 -17 -7 -16 -8 -16 -10 -15 -11 -15 -11 -15 -12 -15 -12 -15 -13 -15 -14 -15 -14 -15 -14 -16 -15 -16 -16 -16 -17 -16 -18 -17 -18 -17 -19 -18 -19 -19 -19 -20 -19 -22 -19 -24 -20 -25 -19 -27 -19 -29 -20 -30 -21 ]
CSI_DATA,STA,E4:D1:24:F0:BE:00,-57,10,0,0,0,0,0,0,0,0,0,-97,0,5,0,19124642,0,399,0,0,19.5168,128,[-113 -15 24 0 -31 -28 -29 -26 -29 -26 -28 -25 -28 -24 -27 -24 -27 -23 -26 -23 -25 -23 -24 -22 -24 -22 -22 -21 -21 -20 -19 -20 -18 -19 -17 -20 -16 -19 -15 -19 -13 -19 -12 -18 -11 -18 -10 -18 -9 -17 -8 -17 -6 -17 0 0 0 0 0 0 0 0 0 0 0 0 0 0 0 0 0 0 0 0 0 0 -11 -12 -10 -13 -9 -14 -9 -14 -9 -15 -8 -15 -9 -15 -9 -16 -8 -16 -8 -17 -9 -17 -9 -18 -9 -19 -10 -19 -10 -20 -11 -20 -11 -21 -13 -22 -14 -22 -15 -22 -17 -23 -19 -24 -20 -25 -22 -26 -24 -27 -27 -29 ]
CSI_DATA,STA,E4:D1:24:F0:BE:00,-58,10,0,0,0,0,0,0,0,0,0,-97,0,5,0,19227044,0,399,0,0,19.6191,128,[-113 -15 24 0 17 34 17 33 18 33 17 31 17 31 17 30 16 29 15 29 15 28 14 27 13 27 12 26 11 25 10 25 9 23 8 24 6 23 5 22 4 21 3 21 2 20 2 19 0 18 -1 17 -2 16 0 0 0 0 0 0 0 0 0 0 0 0 0 0 0 0 0 0 0 0 0 0 9 15 7 15 6 16 6 16 5 17 4 17 4 18 4 18 4 19 3 19 3 19 3 21 3 21 3 22 3 23 2 23 3 24 4 25 4 26 5 26 6 28 8 29 9 30 10 31 12 33 14 34 ]
CSI_DATA,STA,E4:D1:24:F0:BE:00,-57,10,0,0,0,0,0,0,0,0,0,-97,0,5,0,19329445,0,399,0,0,19.7215,128,[-113 -15 24 0 7 -36 6 -34 6 -34 5 -32 4 -32 4 -32 4 -30 3 -30 4 -30 4 -28 4 -27 4 -27 4 -25 4 -24 5 -22 5 -22 5 -21 6 -20 7 -20 7 -18 7 -17 7 -16 7 -15 8 -14 9 -13 0 0 0 0 0 0 0 0 0 0 0 0 0 0 0 0 0 0 0 0 0 0 2 -16 4 -16 5 -16 5 -16 6 -16 7 -15 8 -16 8 -16 9 -17 9 -16 9 -16 10 -17 11 -17 11 -18 11 -18 11 -20 11 -20 12 -21 11 -22 11 -23 11 -24 11 -26 10 -28 10 -29 10 -32 10 -34 ]
CSI_DATA,STA,E4:D1:24:F0:BE:00,-57,10,0,0,0,0,0,0,0,0,0,-97,0,5,0,19431847,0,399,0,0,19.824,128,[-113 -15 24 0 -37 -12 -35 -10 -35 -11 -34 -10 -33 -9 -32 -9 -31 -9 -30 -8 -29 -9 -28 -8 -27 -9 -26 -8 -25 -8 -24 -8 -22 -8 -21 -9 -20 -9 -19 -9 -18 -10 -17 -10 -16 -10 -15 -10 -14 -10 -13 -10 -11 -11 0 0 0 0 0 0 0 0 0 0 0 0 0 0 0 0 0 0 0 0 0 0 -18 -5 -17 -6 -17 -7 -17 -8 -17 -9 -17 -9 -17 -10 -17 -11 -17 -11 -17 -12 -17 -12 -18 -13 -18 -14 -18 -15 -19 -15 -20 -15 -21 -14 -22 -15 -23 -16 -24 -15 -25 -15 -27 -15 -28 -16 -30 -16 -32 -16 -34 -15 ]
CSI_DATA,STA,E4:D1:24:F0:BE:00,-58,10,0,0,0,0,0,0,0,0,0,-97,0,5,0,19534249,0,399,0,0,19.9264,128,[-113 -15 24 0 39 4 38 3 38 3 37 2 36 2 35 2 34 2 34 2 32 2 31 3 30 3 29 4 27 4 26 5 24 5 24 6 23 6 22 6 21 6 20 6 19 7 18 8 16 8 15 9 15 10 0 0 0 0 0 0 0 0 0 0 0 0 0 0 0 0 0 0 0 0 0 0 17 1 16 3 16 4 16 5 16 6 16 6 17 7 17 6 17 7 17 8 17 8 18 8 18 9 18 9 19 10 21 10 21 9 23 9 23 9 25 9 27 8 29 8 30 8 32 8 34 7 37 5 ]
CSI_DATA,STA,E4:D1:24:F0:BE:00,-57,10,0,0,0,0,0,0,0,0,0,-97,0,5,0,19636651,0,399,0,0,20.0288,128,[-113 -15 24 0 9 38 8 36 9 35 9 34 9 33 9 32 8 31 8 31 7 29 7 28 6 27 5 26 5 25 4 24 3 22 2 22 1 22 1 21 1 20 0 18 -1 18 -1 17 -2 16 -3 15 -3 15 0 0 0 0 0 0 0 0 0 0 0 0 0 0 0 0 0 0 0 0 0 0 4 16 3 16 2 16 1 16 1 17 0 17 0 18 -1 18 -1 19 -2 19 -2 19 -2 20 -3 21 -3 22 -3 22 -3 23 -2 24 -2 25 -1 26 -1 27 0 28 1 30 2 31 3 33 4 35 5 37 ]
CSI_DATA,STA,E4:D1:24:F0:BE:00,-57,10,0,0,0,0,0,0,0,0,0,-97,0,5,0,19739053,0,399,0,0,20.1312,128,[-113 -15 24 0 -38 10 -38 10 -36 10 -36 10 -34 10 -34 10 -32 9 -31 9 -30 9 -29 8 -29 7 -28 6 -27 6 -26 5 -25 4 -24 3 -23 2 -22 2 -21 1 -20 1 -19 -1 -18 -1 -17 -2 -17 -3 -16 -4 0 0 0 0 0 0 0 0 0 0 0 0 0 0 0 0 0 0 0 0 0 0 -14 3 -15 3 -15 1 -15 1 -16 1 -16 1 -17 1 -17 0 -18 0 -18 0 -18 -1 -19 0 -20 -1 -21 -1 -22 -1 -23 -1 -24 0 -25 0 -26 1 -27 1 -29 3 -31 4 -32 5 -34 5 -36 6 -38 8 ]
CSI_DATA,STA,E4:D1:24:F0:BE:00,-58,10,0,0,0,0,0,0,0,0,0,-97,0,5,0,19841455,0,399,0,0,20.2337,128,[-113 -15 24 0 -39 -1 -39 0 -37 1 -36 1 -36 2 -35 1 -33 1 -32 1 -31 0 -30 0 -29 -1 -28 -1 -26 -1 -25 -2 -24 -2 -23 -3 -22 -3 -21 -3 -20 -4 -19 -4 -18 -4 -18 -5 -16 -5 -16 -6 -15 -7 0 0 0 0 0 0 0 0 0 0 0 0 0 0 0 0 0 0 0 0 0 0 -18 2 -18 1 -18 -1 -19 -2 -18 -2 -18 -3 -19 -3 -20 -3 -20 -4 -20 -4 -20 -5 -21 -5 -21 -5 -23 -6 -23 -6 -25 -6 -25 -6 -26 -7 -28 -6 -29 -5 -30 -5 -32 -5 -33 -4 -35 -4 -37 -4 -39 -2 ]
CSI_DATA,STA,E4:D1:24:F0:BE:00,-58,10,0,0,0,0,0,0,0,0,0,-97,0,5,0,19943857,0,399,0,0,20.3359,128,[-113 -15 24 0 -36 4 -36 4 -34 5 -34 5 -33 5 -32 5 -31 5 -30 5 -29 5 -28 4 -27 4 -26 3 -26 3 -24 2 -23 1 -22 1 -21 0 -21 -1 -20 -1 -19 -1 -18 -2 -17 -3 -16 -4 -16 -4 -15 -5 0 0 0 0 0 0 0 0 0 0 0 0 0 0 0 0 0 0 0 0 0 0 -16 4 -16 2 -17 1 -17 0 -17 -1 -17 -1 -18 -2 -18 -2 -19 -2 -19 -2 -19 -3 -20 -3 -21 -3 -21 -4 -22 -4 -23 -3 -24 -3 -24 -4 -26 -3 -27 -3 -28 -2 -30 -2 -31 0 -33 0 -35 1 -36 2 ]
CSI_DATA,STA,E4:D1:24:F0:BE:00,-57,10,0,0,0,0,0,0,0,0,0,-97,0,5,0,20046258,0,399,0,0,20.4383,128,[-113 -15 24 0 22 29 22 29 22 28 22 27 22 26 21 25 21 24 20 23 19 23 18 23 17 22 16 21 15 20 14 20 13 19 12 19 11 19 10 18 10 18 8 17 7 17 6 16 5 16 4 15 3 16 0 0 0 0 0 0 0 0 0 0 0 0 0 0 0 0 0 0 0 0 0 0 10 12 9 12 9 13 8 14 8 15 8 15 7 16 7 17 7 17 6 17 6 18 6 19 6 20 6 20 7 21 7 22 8 22 8 23 10 23 11 24 12 25 14 26 14 27 16 29 17 30 19 31 ]
CSI_DATA,STA,E4:D1:24:F0:BE:00,-57,10,0,0,0,0,0,0,0,0,0,-97,0,5,0,20148660,0,399,0,0,20.5408,128,[-113 -15 24 0 -34 -9 -33 -8 -32 -7 -31 -6 -31 -6 -30 -6 -28 -6 -28 -6 -27 -6 -25 -6 -25 -6 -24 -6 -23 -6 -21 -6 -19 -6 -19 -7 -18 -7 -17 -7 -16 -7 -15 -7 -14 -8 -14 -8 -12 -8 -11 -8 -11 -8 0 0 0 0 0 0 0 0 0 0 0 0 0 0 0 0 0 0 0 0 0 0 -16 -1 -15 -3 -16 -4 -15 -4 -16 -5 -16 -5 -16 -6 -17 -7 -16 -7 -17 -7 -17 -8 -17 -9 -18 -9 -18 -10 -18 -10 -20 -10 -20 -10 -21 -11 -22 -11 -23 -11 -25 -10 -27 -10 -28 -10 -30 -10 -31 -10 -33 -9 ]
CSI_DATA,STA,E4:D1:24:F0:BE:00,-58,10,0,0,0,0,0,0,0,0,0,-97,0,5,0,20251062,0,399,0,0,20.6433,128,[-113 -15 24 0 -19 -32 -19 -31 -18 -30 -18 -29 -18 -28 -18 -28 -17 -26 -17 -26 -16 -26 -15 -25 -14 -24 -13 -23 -13 -23 -11 -21 -10 -21 -10 -20 -9 -20 -8 -19 -7 -19 -6 -18 -5 -18 -5 -17 -4 -16 -3 -16 -3 -15 0 0 0 0 0 0 0 0 0 0 0 0 0 0 0 0 0 0 0 0 0 0 -10 -14 -9 -15 -8 -16 -7 -16 -7 -17 -6 -17 -6 -17 -6 -18 -6 -18 -5 -18 -5 -19 -5 -20 -5 -21 -5 -21 -5 -22 -6 -23 -6 -23 -7 -24 -7 -25 -8 -26 -9 -26 -10 -28 -11 -29 -13 -30 -14 -31 -16 -33 ]
CSI_DATA,STA,E4:D1:24:F0:BE:00,-57,10,0,0,0,0,0,0,0,0,0,-97,0,5,0,20353464,0,399,0,0,20.7456,128,[-113 -15 24 0 -17 -32 -18 -30 -17 -29 -17 -28 -16 -27 -16 -26 -16 -25 -15 -24 -15 -24 -14 -23 -14 -22 -13 -21 -12 -21 -11 -20 -9 -19 -9 -19 -8 -18 -8 -17 -7 -17 -6 -16 -5 -16 -5 -15 -4 -15 -3 -14 -2 -14 0 0 0 0 0 0 0 0 0 0 0 0 0 0 0 0 0 0 0 0 0 0 -7 -13 -6 -13 -5 -14 -5 -14 -5 -15 -4 -15 -5 -16 -4 -16 -4 -17 -4 -17 -4 -17 -4 -18 -4 -19 -4 -20 -4 -20 -4 -21 -5 -21 -6 -23 -6 -23 -7 -24 -8 -25 -9 -27 -11 -28 -12 -29 -13 -30 -14 -32 ]
CSI_DATA,STA,E4:D1:24:F0:BE:00,-58,10,0,0,0,0,0,0,0,0,0,-97,0,5,0,20455866,0,399,0,0,20.8481,128,[-113 -15 24 0 -19 -33 -19 -33 -18 -31 -18 -30 -18 -29 -18 -28 -17 -27 -16 -27 -15 -26 -15 -25 -14 -25 -13 -24 -13 -23 -11 -22 -10 -21 -10 -21 -8 -20 -8 -20 -7 -19 -6 -18 -5 -17 -5 -16 -4 -16 -3 -16 -2 -15 0 0 0 0 0 0 0 0 0 0 0 0 0 0 0 0 0 0 0 0 0 0 -9 -14 -8 -14 -7 -15 -7 -15 -6 -16 -5 -16 -5 -17 -5 -18 -5 -18 -5 -18 -4 -19 -4 -20 -4 -20 -4 -21 -5 -22 -5 -22 -5 -23 -6 -24 -7 -24 -8 -26 -9 -26 -10 -28 -11 -29 -13 -30 -14 -32 -16 -34 ]
CSI_DATA,STA,E4:D1:24:F0:BE:00,-58,10,0,0,0,0,0,0,0,0,0,-97,0,5,0,20558268,0,399,0,0,20.9505,128,[-113 -15 24 0 -38 9 -37 9 -35 9 -35 9 -33 9 -32 9 -31 9 -30 9 -29 8 -28 7 -27 7 -26 6 -25 5 -24 5 -23 4 -21 3 -21 3 -20 2 -19 2 -19 2 -18 1 -17 0 -17 0 -16 -1 -16 -2 0 0 0 0 0 0 0 0 0 0 0 0 0 0 0 0 0 0 0 0 0 0 -17 5 -17 3 -18 2 -18 1 -18 0 -19 0 -19 0 -20 -1 -20 -1 -20 -1 -20 -2 -20 -2 -21 -2 -22 -3 -23 -3 -23 -3 -24 -2 -25 -2 -26 -1 -27 0 -28 1 -30 2 -31 3 -33 4 -34 5 -37 6 ]
CSI_DATA,STA,E4:D1:24:F0:BE:00,-58,10,0,0,0,0,0,0,0,0,0,-97,0,5,0,20660670,0,399,0,0,21.0529,128,[-113 -15 24 0 34 -18 32 -18 31 -18 30 -18 29 -17 28 -17 28 -16 26 -16 26 -16 25 -15 24 -14 23 -13 22 -12 22 -11 20 -10 21 -9 20 -9 20 -8 19 -7 18 -7 17 -5 17 -5 16 -4 16 -3 15 -2 0 0 0 0 0 0 0 0 0 0 0 0 0 0 0 0 0 0 0 0 0 0 13 -8 13 -7 14 -7 15 -6 15 -6 16 -5 16 -5 17 -5 17 -4 18 -4 18 -4 19 -4 20 -4 21 -3 21 -4 21 -4 22 -4 23 -6 24 -6 25 -7 26 -9 28 -9 28 -11 30 -12 32 -14 33 -15 ]
CSI_DATA,STA,E4:D1:24:F0:BE:00,-58,10,0,0,0,0,0,0,0,0,0,-97,0,5,0,20763071,0,399,0,0,21.1551,128,[-113 -15 24 0 11 33 12 31 12 30 12 29 12 29 12 28 12 27 11 27 11 25 10 24 10 24 9 24 8 22 7 22 6 20 6 20 4 20 4 19 3 18 2 17 2 16 1 16 0 15 0 15 -2 14 0 0 0 0 0 0 0 0 0 0 0 0 0 0 0 0 0 0 0 0 0 0 7 14 6 14 5 15 4 15 4 16 3 16 2 17 2 18 2 19 2 19 1 19 1 20 1 21 0 21 0 22 0 23 0 23 0 24 1 24 2 25 2 26 4 28 5 29 6 29 7 31 9 33 ]
CSI_DATA,STA,E4:D1:24:F0:BE:00,-57,10,0,0,0,0,0,0,0,0,0,-97,0,5,0,20865473,0,399,0,0,21.2577,128,[-113 -15 24 0 -39 -2 -37 -1 -37 -1 -35 0 -35 0 -34 1 -33 0 -32 1 -31 0 -30 0 -29 0 -28 -1 -26 -1 -26 -2 -24 -2 -24 -3 -22 -3 -21 -3 -20 -4 -20 -4 -19 -5 -18 -5 -17 -5 -16 -5 -15 -6 0 0 0 0 0 0 0 0 0 0 0 0 0 0 0 0 0 0 0 0 0 0 -17 -1 -16 -2 -17 -3 -17 -4 -17 -5 -17 -5 -18 -6 -18 -7 -18 -7 -18 -8 -18 -8 -19 -9 -19 -9 -20 -10 -20 -9 -22 -9 -21 -9 -23 -9 -24 -8 -25 -8 -27 -7 -29 -7 -31 -6 -32 -6 -34 -5 -36 -4 ]
CSI_DATA,STA,E4:D1:24:F0:BE:00,-57,10,0,0,0,0,0,0,0,0,0,-97,0,5,0,20967875,0,399,0,0,21.36,128,[-113 -15 24 0 19 -28 18 -27 18 -27 17 -26 16 -26 16 -26 15 -25 15 -24 15 -24 14 -22 14 -21 14 -20 14 -19 13 -18 13 -17 13 -16 13 -15 13 -14 13 -13 12 -12 12 -11 12 -10 12 -9 12 -8 12 -7 0 0 0 0 0 0 0 0 0 0 0 0 0 0 0 0 0 0 0 0 0 0 6 -13 8 -13 8 -12 9 -12 10 -13 10 -12 11 -12 12 -12 12 -12 13 -12 13 -11 14 -12 15 -12 16 -12 16 -12 16 -13 17 -13 17 -14 18 -15 18 -16 18 -17 19 -19 19 -20 19 -22 20 -24 21 -26 ]
CSI_DATA,STA,E4:D1:24:F0:BE:00,-58,10,0,0,0,0,0,0,0,0,0,-97,0,5,0,21070277,0,399,0,0,21.4624,128,[-113 -15 24 0 38 13 36 13 37 12 35 12 35 11 34 10 33 10 31 9 30 10 29 10 28 10 26 10 25 10 24 10 22 9 21 10 20 10 19 10 18 10 16 10 15 10 15 10 13 10 12 11 11 11 0 0 0 0 0 0 0 0 0 0 0 0 0 0 0 0 0 0 0 0 0 0 17 5 16 6 16 7 15 7 16 9 16 9 16 9 16 10 16 10 16 11 16 12 17 13 17 13 18 14 18 14 19 14 20 14 21 15 22 15 24 15 25 15 27 15 29 15 31 15 34 15 36 16 ]
CSI_DATA,STA,E4:D1:24:F0:BE:00,-58,10,0,0,0,0,0,0,0,0,0,-97,0,5,0,21172679,0,399,0,0,21.5648,128,[-113 -15 24 0 37 14 36 14 35 13 34 12 33 11 33 11 32 11 31 11 30 10 28 11 27 10 26 10 24 10 24 10 22 10 20 11 20 10 19 10 18 10 17 10 16 10 15 11 14 11 12 11 11 12 0 0 0 0 0 0 0 0 0 0 0 0 0 0 0 0 0 0 0 0 0 0 17 4 16 6 16 7 15 8 15 9 15 9 16 10 16 10 16 11 16 11 16 12 16 13 17 14 17 14 18 14 19 15 20 15 21 16 22 15 23 16 25 15 27 16 28 16 30 17 33 17 35 17 ]
CSI_DATA,STA,E4:D1:24:F0:BE:00,-58,10,0,0,0,0,0,0,0,0,0,-97,0,5,0,21275081,0,399,0,0,21.6672,128,[-113 -15 24 0 36 15 35 14 34 14 33 13 32 12 32 11 30 11 29 11 28 10 27 10 25 10 24 10 22 10 22 10 20 9 20 10 19 10 17 10 17 10 15 9 15 9 14 9 13 10 12 10 11 10 0 0 0 0 0 0 0 0 0 0 0 0 0 0 0 0 0 0 0 0 0 0 16 5 15 6 15 7 14 8 15 9 15 9 15 10 15 10 15 11 16 12 15 12 16 13 16 14 16 14 17 14 18 15 19 15 20 16 21 15 22 16 24 16 26 16 28 17 29 17 32 17 33 17 ]
CSI_DATA,STA,E4:D1:24:F0:BE:00,-58,10,0,0,0,0,0,0,0,0,0,-97,0,5,0,21377482,0,399,0,0,21.7697,128,[-113 -15 24 0 -30 16 -29 17 -27 16 -27 16 -26 16 -26 16 -24 15 -24 15 -23 14 -23 14 -22 13 -21 13 -21 12 -20 11 -19 10 -19 10 -18 9 -19 8 -18 7 -17 6 -17 5 -16 4 -16 4 -16 3 -15 2 0 0 0 0 0 0 0 0 0 0 0 0 0 0 0 0 0 0 0 0 0 0 -14 8 -15 7 -16 6 -16 5 -17 5 -17 4 -18 4 -18 3 -18 3 -19 2 -19 2 -19 1 -20 2 -21 2 -21 1 -22 2 -22 3 -23 3 -24 4 -24 4 -25 6 -26 7 -26 8 -27 10 -29 11 -30 13 ]
CSI_DATA,STA,E4:D1:24:F0:BE:00,-59,10,0,0,0,0,0,0,0,0,0,-97,0,5,0,21479884,0,399,0,0,21.8719,128,[-113 -15 24 0 5 -38 4 -37 4 -36 4 -35 3 -35 3 -34 3 -32 3 -32 4 -31 3 -30 4 -29 4 -28 4 -26 4 -25 5 -24 5 -23 6 -22 5 -21 6 -20 6 -19 6 -18 6 -17 7 -17 8 -16 8 -15 0 0 0 0 0 0 0 0 0 0 0 0 0 0 0 0 0 0 0 0 0 0 3 -17 5 -16 5 -16 6 -16 7 -15 7 -16 7 -16 8 -16 9 -16 9 -16 9 -16 10 -17 10 -17 11 -18 11 -19 10 -19 10 -20 11 -21 11 -22 10 -23 10 -25 9 -27 9 -28 9 -31 8 -32 8 -35 ]
CSI_DATA,STA,E4:D1:24:F0:BE:00,-57,10,0,0,0,0,0,0,0,0,0,-97,0,5,0,21582285,0,399,0,0,21.9744,128,[-113 -15 24 0 24 30 23 29 23 28 23 26 22 26 21 25 21 24 20 23 19 23 18 22 18 21 16 21 15 20 14 20 13 18 12 19 11 19 11 18 9 17 8 17 8 16 7 16 5 15 4 15 3 14 0 0 0 0 0 0 0 0 0 0 0 0 0 0 0 0 0 0 0 0 0 0 12 11 10 12 10 13 9 14 9 14 9 15 9 16 9 16 8 17 8 18 8 18 7 19 8 20 8 20 8 21 9 22 9 22 10 23 11 24 12 25 13 25 15 26 16 28 17 28 19 30 21 31 ]
CSI_DATA,STA,E4:D1:24:F0:BE:00,-58,10,0,0,0,0,0,0,0,0,0,-97,0,5,0,21684687,0,399,0,0,22.0769,128,[-113 -15 24 0 -39 4 -37 5 -36 5 -35 5 -35 5 -34 5 -32 5 -32 5 -31 5 -30 5 -29 4 -27 4 -26 3 -25 3 -24 2 -23 2 -22 1 -22 1 -21 0 -21 0 -19 -1 -19 -2 -18 -2 -18 -3 -17 -4 0 0 0 0 0 0 0 0 0 0 0 0 0 0 0 0 0 0 0 0 0 0 -18 4 -17 2 -18 1 -18 0 -19 0 -18 -1 -19 -1 -20 -2 -20 -2 -20 -3 -21 -3 -22 -4 -23 -4 -23 -5 -24 -5 -25 -5 -26 -4 -27 -4 -27 -4 -28 -4 -30 -3 -32 -2 -33 -2 -35 -1 -37 0 -38 2 ]
CSI_DATA,STA,E4:D1:24:F0:BE:00,-58,10,0,0,0,0,0,0,0,0,0,-97,0,5,0,21787089,0,399,0,0,22.1793,128,[-113 -15 24 0 22 33 21 31 21 32 20 30 20 29 20 29 19 28 18 26 17 27 16 25 15 25 14 24 13 23 12 22 10 20 10 21 9 20 7 19 7 19 6 18 5 17 4 16 4 15 2 15 2 15 0 0 0 0 0 0 0 0 0 0 0 0 0 0 0 0 0 0 0 0 0 0 10 13 8 14 8 15 7 15 7 16 6 16 6 17 6 17 6 18 5 19 5 19 5 20 5 21 5 22 5 22 6 23 6 23 7 24 7 24 9 26 10 27 12 28 13 29 14 30 16 32 18 34 ]
CSI_DATA,STA,E4:D1:24:F0:BE:00,-58,10,0,0,0,0,0,0,0,0,0,-97,0,5,0,21889491,0,399,0,0,22.2817,128,[-113 -15 24 0 19 -25 18 -25 17 -24 16 -24 16 -23 15 -24 14 -22 14 -22 13 -21 13 -21 13 -20 13 -19 12 -18 12 -17 12 -16 12 -15 12 -14 12 -13 11 -12 11 -12 11 -10 10 -10 11 -9 11 -8 11 -8 0 0 0 0 0 0 0 0 0 0 0 0 0 0 0 0 0 0 0 0 0 0 7 -13 8 -12 9 -11 10 -11 10 -11 11 -11 11 -10 12 -11 13 -10 13 -11 13 -10 14 -10 15 -11 15 -11 16 -11 16 -12 16 -12 17 -13 17 -14 18 -14 18 -16 19 -17 18 -18 19 -20 20 -22 21 -24 ]
CSI_DATA,STA,E4:D1:24:F0:BE:00,-58,10,0,0,0,0,0,0,0,0,0,-97,0,5,0,21991893,0,399,0,0,22.3841,128,[-113 -15 24 0 -27 29 -26 29 -25 29 -24 27 -23 27 -22 26 -22 25 -20 25 -20 23 -20 22 -20 21 -19 19 -18 18 -17 18 -17 16 -16 15 -16 14 -16 13 -15 13 -15 11 -14 11 -14 10 -14 9 -14 8 -13 7 0 0 0 0 0 0 0 0 0 0 0 0 0 0 0 0 0 0 0 0 0 0 -11 13 -12 12 -13 12 -14 11 -14 11 -15 10 -15 11 -16 10 -16 10 -17 10 -17 10 -18 10 -19 11 -20 11 -21 12 -21 13 -22 13 -22 15 -23 15 -24 17 -24 18 -25 19 -26 21 -27 23 -27 25 -29 27 ]
CSI_DATA,STA,E4:D1:24:F0:BE:00,-59,10,0,0,0,0,0,0,0,0,0,-97,0,5,0,22094294,0,399,0,0,22.4865,128,[-113 -15 24 0 -18 -37 -18 -36 -17 -35 -19 -34 -17 -33 -17 -33 -17 -32 -16 -31 -16 -30 -15 -30 -15 -29 -13 -28 -12 -27 -11 -26 -10 -25 -9 -25 -8 -24 -7 -24 -6 -23 -5 -22 -5 -22 -3 -20 -2 -20 -1 -19 1 -18 0 0 0 0 0 0 0 0 0 0 0 0 0 0 0 0 0 0 0 0 0 0 -9 -17 -8 -17 -6 -17 -5 -18 -5 -18 -5 -19 -4 -19 -4 -20 -3 -20 -3 -20 -3 -20 -3 -22 -3 -23 -3 -23 -3 -24 -3 -25 -3 -26 -4 -27 -5 -28 -5 -29 -7 -29 -8 -31 -9 -32 -11 -33 -12 -36 -14 -38 ]
CSI_DATA,STA,E4:D1:24:F0:BE:00,-58,10,0,0,0,0,0,0,0,0,0,-97,0,5,0,22196696,0,399,0,0,22.5887,128,[-113 -15 24 0 18 -36 16 -35 16 -35 15 -33 14 -33 14 -33 13 -31 13 -31 14 -30 13 -29 13 -27 12 -26 12 -24 13 -23 13 -21 13 -21 13 -20 13 -19 13 -17 12 -16 12 -15 12 -14 12 -13 12 -12 13 -10 0 0 0 0 0 0 0 0 0 0 0 0 0 0 0 0 0 0 0 0 0 0 7 -16 8 -15 9 -15 9 -14 10 -14 11 -14 11 -14 11 -14 12 -15 12 -14 13 -14 13 -15 14 -15 15 -16 15 -16 16 -18 16 -18 17 -19 17 -20 17 -22 17 -23 18 -25 18 -27 19 -29 19 -30 20 -34 ]
CSI_DATA,STA,E4:D1:24:F0:BE:00,-58,10,0,0,0,0,0,0,0,0,0,-97,0,5,0,22299098,0,399,0,0,22.6911,128,[-113 -15 24 0 20 29 20 28 20 28 20 27 20 25 19 25 19 24 18 23 17 23 16 22 15 22 14 21 13 20 12 20 11 18 10 19 10 18 8 17 8 17 7 16 6 15 5 15 4 14 3 14 2 14 0 0 0 0 0 0 0 0 0 0 0 0 0 0 0 0 0 0 0 0 0 0 10 12 9 13 9 14 8 14 7 15 7 15 7 16 7 17 7 17 6 17 5 18 6 19 6 20 6 21 6 21 7 22 7 22 8 23 8 24 10 24 10 25 13 27 12 28 14 29 15 30 17 32 ]
CSI_DATA,STA,E4:D1:24:F0:BE:00,-58,10,0,0,0,0,0,0,0,0,0,-97,0,5,0,22401500,0,399,0,0,22.7936,128,[-113 -15 24 0 35 -4 34 -5 33 -6 32 -5 32 -6 31 -6 30 -6 29 -5 28 -6 27 -5 26 -4 25 -4 23 -3 23 -3 21 -2 21 -1 20 -1 19 0 18 0 17 0 17 1 16 1 15 2 14 3 14 3 0 0 0 0 0 0 0 0 0 0 0 0 0 0 0 0 0 0 0 0 0 0 15 -4 15 -3 15 -2 15 -1 16 -1 16 0 16 0 17 0 18 1 18 1 18 2 19 2 20 2 20 3 21 3 22 3 22 2 23 2 24 2 25 2 27 0 29 0 29 -1 31 -1 33 -2 35 -4 ]
CSI_DATA,STA,E4:D1:24:F0:BE:00,-58,10,0,0,0,0,0,0,0,0,0,-97,0,5,0,22503902,0,399,0,0,22.8961,128,[-113 -15 24 0 31 -12 30 -12 29 -12 28 -12 27 -12 26 -12 25 -11 24 -11 23 -11 22 -10 22 -9 21 -9 20 -8 19 -7 18 -7 18 -5 17 -5 16 -5 15 -4 15 -3 14 -3 13 -2 13 -2 12 -2 12 0 0 0 0 0 0 0 0 0 0 0 0 0 0 0 0 0 0 0 0 0 0 0 13 -7 13 -6 14 -6 14 -5 14 -4 15 -4 15 -4 16 -3 16 -3 17 -3 17 -2 18 -2 18 -2 19 -2 20 -2 20 -3 21 -3 22 -3 23 -4 24 -4 25 -5 26 -6 27 -7 28 -8 30 -8 31 -10 ]
CSI_DATA,STA,E4:D1:24:F0:BE:00,-58,10,0,0,0,0,0,0,0,0,0,-97,0,5,0,22606304,0,399,0,0,22.9985,128,[-113 -15 24 0 -20 35 -18 34 -18 34 -17 32 -16 32 -16 31 -15 30 -15 29 -15 28 -15 26 -15 25 -14 23 -14 22 -14 21 -13 19 -13 18 -13 17 -13 16 -13 15 -12 14 -12 13 -12 12 -12 11 -12 10 -12 9 0 0 0 0 0 0 0 0 0 0 0 0 0 0 0 0 0 0 0 0 0 0 -7 14 -8 14 -9 14 -10 13 -10 14 -11 13 -11 14 -12 14 -13 14 -13 14 -14 14 -14 14 -15 15 -15 15 -16 16 -17 17 -17 18 -17 19 -18 20 -18 22 -19 23 -19 25 -19 27 -20 29 -21 30 -21 33 ]
CSI_DATA,STA,E4:D1:24:F0:BE:00,-58,10,0,0,0,0,0,0,0,0,0,-97,0,5,0,22708706,0,399,0,0,23.1009,128,[-113 -15 24 0 -28 -29 -27 -27 -28 -27 -26 -26 -27 -26 -26 -25 -25 -24 -24 -23 -23 -23 -22 -23 -21 -22 -19 -22 -18 -21 -17 -20 -15 -19 -15 -19 -13 -18 -13 -18 -12 -17 -11 -17 -10 -17 -9 -16 -8 -15 -7 -15 -6 -15 0 0 0 0 0 0 0 0 0 0 0 0 0 0 0 0 0 0 0 0 0 0 -14 -12 -13 -13 -12 -14 -11 -14 -11 -15 -11 -15 -11 -15 -11 -16 -11 -16 -10 -17 -10 -18 -11 -18 -11 -20 -11 -21 -12 -21 -12 -22 -13 -22 -13 -23 -14 -24 -15 -24 -17 -25 -19 -26 -20 -26 -21 -28 -23 -30 -25 -31 ]
CSI_DATA,STA,E4:D1:24:F0:BE:00,-58,10,0,0,0,0,0,0,0,0,0,-97,0,5,0,22811107,0,399,0,0,23.2033,128,[-113 -15 24 0 -19 -33 -19 -31 -19 -31 -18 -30 -18 -30 -17 -29 -16 -28 -16 -27 -15 -26 -15 -26 -14 -25 -13 -24 -12 -23 -11 -22 -10 -21 -9 -21 -8 -20 -7 -20 -6 -19 -5 -18 -5 -17 -4 -17 -4 -16 -3 -16 -2 -15 0 0 0 0 0 0 0 0 0 0 0 0 0 0 0 0 0 0 0 0 0 0 -10 -13 -9 -14 -9 -15 -8 -15 -8 -16 -7 -16 -7 -17 -7 -18 -6 -18 -6 -18 -6 -19 -6 -20 -5 -21 -6 -22 -6 -22 -7 -23 -7 -23 -7 -24 -8 -25 -9 -26 -10 -27 -11 -28 -12 -29 -13 -31 -15 -33 -16 -34 ]
CSI_DATA,STA,E4:D1:24:F0:BE:00,-58,10,0,0,0,0,0,0,0,0,0,-97,0,5,0,22913509,0,399,0,0,23.3055,128,[-113 -15 24 0 -25 -30 -24 -29 -24 -28 -23 -27 -23 -27 -22 -26 -21 -25 -20 -25 -19 -23 -18 -23 -18 -22 -17 -22 -15 -21 -14 -20 -12 -19 -12 -19 -10 -18 -10 -18 -9 -17 -8 -17 -7 -17 -7 -15 -6 -15 -5 -15 -4 -14 0 0 0 0 0 0 0 0 0 0 0 0 0 0 0 0 0 0 0 0 0 0 -13 -11 -11 -12 -11 -13 -10 -13 -10 -14 -10 -15 -10 -16 -9 -16 -9 -17 -9 -17 -9 -18 -9 -18 -10 -19 -9 -20 -10 -21 -10 -22 -11 -22 -11 -23 -12 -23 -13 -24 -15 -25 -16 -27 -17 -27 -19 -28 -21 -29 -23 -31 ]
CSI_DATA,STA,E4:D1:24:F0:BE:00,-58,10,0,0,0,0,0,0,0,0,0,-97,0,5,0,23015911,0,399,0,0,23.4079,128,[-113 -15 24 0 -24 -35 -23 -34 -23 -33 -23 -32 -22 -31 -22 -30 -21 -29 -20 -28 -19 -28 -18 -28 -18 -26 -16 -25 -15 -24 -14 -23 -12 -22 -12 -22 -10 -21 -10 -20 -9 -19 -8 -18 -7 -18 -7 -18 -6 -17 -5 -17 -4 -16 0 0 0 0 0 0 0 0 0 0 0 0 0 0 0 0 0 0 0 0 0 0 -11 -13 -10 -14 -9 -15 -9 -15 -9 -16 -8 -16 -8 -17 -8 -17 -8 -18 -8 -19 -7 -19 -8 -20 -8 -22 -8 -22 -8 -23 -9 -24 -9 -25 -10 -26 -11 -27 -12 -28 -14 -29 -14 -30 -16 -31 -17 -33 -19 -34 -21 -36 ]
CSI_DATA,STA,E4:D1:24:F0:BE:00,-58,10,0,0,0,0,0,0,0,0,0,-97,0,5,0,23118313,0,399,0,0,23.5105,128,[-113 -15 24 0 -39 -2 -38 -1 -36 -2 -36 -2 -35 -1 -34 -1 -33 -1 -32 -1 -31 -1 -30 -2 -28 -2 -28 -2 -26 -2 -24 -3 -23 -3 -23 -4 -21 -4 -21 -5 -19 -4 -19 -5 -17 -5 -16 -5 -15 -5 -15 -6 -16 -8 0 0 0 0 0 0 0 0 0 0 0 0 0 0 0 0 0 0 0 0 0 0 -15 -1 -16 -2 -15 -3 -16 -4 -16 -4 -16 -5 -16 -5 -16 -5 -17 -6 -16 -6 -17 -6 -18 -7 -19 -8 -20 -8 -20 -8 -21 -8 -22 -7 -23 -8 -25 -7 -26 -8 -27 -7 -29 -7 -30 -5 -32 -5 -34 -5 -36 -4 ]
CSI_DATA,STA,E4:D1:24:F0:BE:00,-57,10,0,0,0,0,0,0,0,0,0,-97,0,5,0,23220715,0,399,0,0,23.6129,128,[-113 -15 24 0 -1 -35 -1 -35 -1 -33 -2 -32 -2 -31 -2 -31 -2 -29 -2 -29 -1 -28 -1 -27 -1 -26 -1 -25 -1 -24 0 -22 1 -21 1 -20 1 -20 2 -19 2 -18 2 -17 3 -16 3 -15 3 -14 3 -14 4 -13 0 0 0 0 0 0 0 0 0 0 0 0 0 0 0 0 0 0 0 0 0 0 -1 -14 0 -14 1 -14 1 -15 2 -14 2 -15 3 -15 3 -16 3 -16 3 -16 4 -16 4 -17 5 -18 4 -19 5 -19 5 -20 5 -21 5 -22 4 -23 4 -24 3 -26 4 -27 3 -28 2 -30 2 -32 1 -34 ]
CSI_DATA,STA,E4:D1:24:F0:BE:00,-58,10,0,0,0,0,0,0,0,0,0,-97,0,5,0,23323117,0,399,0,0,23.7153,128,[-113 -15 24 0 -23 -36 -23 -35 -23 -34 -22 -33 -22 -33 -20 -32 -20 -31 -19 -30 -18 -30 -17 -29 -16 -27 -15 -26 -14 -26 -13 -25 -11 -23 -10 -23 -9 -22 -9 -21 -7 -21 -7 -20 -6 -19 -6 -19 -5 -18 -4 -17 -3 -17 0 0 0 0 0 0 0 0 0 0 0 0 0 0 0 0 0 0 0 0 0 0 -8 -14 -7 -14 -7 -15 -6 -15 -6 -15 -5 -15 -5 -16 -6 -16 -5 -17 -6 -17 -5 -17 -6 -19 -6 -20 -6 -20 -6 -21 -7 -22 -8 -22 -8 -24 -10 -24 -10 -26 -12 -27 -13 -29 -15 -30 -17 -32 -19 -34 -21 -36 ]
CSI_DATA,STA,E4:D1:24:F0:BE:00,-58,10,0,0,0,0,0,0,0,0,0,-97,0,5,0,23425519,0,399,0,0,23.8177,128,[-113 -15 24 0 -31 13 -30 13 -29 13 -28 12 -28 12 -27 12 -26 11 -25 11 -25 11 -24 10 -23 9 -23 8 -21 7 -21 7 -20 6 -19 5 -18 5 -18 4 -17 3 -17 3 -16 2 -16 2 -15 1 -14 0 -14 -1 0 0 0 0 0 0 0 0 0 0 0 0 0 0 0 0 0 0 0 0 0 0 -12 3 -12 2 -12 1 -12 1 -13 1 -13 1 -13 1 -13 0 -14 0 -14 0 -15 0 -15 0 -16 0 -17 0 -17 1 -18 1 -19 2 -19 2 -20 3 -22 3 -22 4 -24 6 -25 7 -26 8 -27 9 -29 11 ]
CSI_DATA,STA,E4:D1:24:F0:BE:00,-58,10,0,0,0,0,0,0,0,0,0,-97,0,5,0,23527922,0,399,0,0,23.9201,128,[-113 -15 24 0 35 19 34 19 34 18 33 17 32 17 31 16 31 16 29 15 28 16 27 15 26 15 25 15 23 14 21 15 20 14 19 14 18 14 17 14 16 14 14 14 13 14 12 13 11 13 10 13 8 13 0 0 0 0 0 0 0 0 0 0 0 0 0 0 0 0 0 0 0 0 0 0 13 8 12 9 12 10 11 11 11 11 11 11 12 12 11 13 12 13 11 13 11 14 12 14 13 15 13 15 14 15 15 16 15 16 17 17 18 17 19 18 21 18 24 18 25 18 27 19 30 20 32 21 ]
CSI_DATA,STA,E4:D1:24:F0:BE:00,-58,10,0,0,0,0,0,0,0,0,0,-97,0,5,0,23630324,0,399,0,0,24.0225,128,[-113 -15 24 0 28 -26 28 -25 27 -24 26 -24 25 -24 25 -24 24 -22 23 -22 23 -21 23 -21 22 -19 21 -18 20 -17 20 -16 19 -14 19 -13 19 -13 19 -12 18 -11 17 -10 17 -8 17 -7 17 -6 16 -5 15 -4 0 0 0 0 0 0 0 0 0 0 0 0 0 0 0 0 0 0 0 0 0 0 11 -10 11 -9 12 -8 12 -8 13 -7 13 -8 14 -7 14 -7 15 -7 15 -7 16 -7 17 -7 17 -7 18 -7 18 -7 19 -9 19 -9 21 -10 21 -11 22 -12 23 -14 24 -15 25 -17 27 -18 27 -20 28 -22 ]
CSI_DATA,STA,E4:D1:24:F0:BE:00,-58,10,0,0,0,0,0,0,0,0,0,-97,0,5,0,23732726,0,399,0,0,24.1248,128,[-113 -15 24 0 20 30 21 29 20 28 20 28 20 27 19 26 18 25 18 25 17 24 17 23 16 23 14 22 13 22 12 21 11 20 10 20 9 19 8 19 7 19 6 18 5 17 5 16 3 16 3 16 1 15 0 0 0 0 0 0 0 0 0 0 0 0 0 0 0 0 0 0 0 0 0 0 8 11 7 12 7 12 6 13 6 13 6 14 5 15 6 15 5 15 5 15 5 16 5 17 6 18 6 18 6 19 6 20 7 21 7 21 8 22 9 23 10 24 12 25 13 26 15 27 17 29 19 30 ]
CSI_DATA,STA,E4:D1:24:F0:BE:00,-58,10,0,0,0,0,0,0,0,0,0,-97,0,5,0,23835128,0,399,0,0,24.2272,128,[-113 -15 24 0 2 40 3 39 2 37 4 36 3 35 4 34 4 33 4 32 3 32 3 30 3 29 2 28 2 27 1 25 0 24 0 23 -1 22 -2 22 -2 20 -2 19 -2 18 -3 18 -3 17 -4 17 -6 15 0 0 0 0 0 0 0 0 0 0 0 0 0 0 0 0 0 0 0 0 0 0 1 16 0 16 -1 17 -2 16 -2 17 -2 17 -3 18 -3 18 -4 19 -5 19 -5 19 -5 20 -6 21 -6 21 -6 22 -6 23 -6 24 -6 25 -5 26 -5 27 -4 29 -3 31 -3 32 -2 34 -1 36 -1 39 ]
CSI_DATA,STA,E4:D1:24:F0:BE:00,-58,10,0,0,0,0,0,0,0,0,0,-97,0,5,0,23938338,0,399,0,0,24.3306,128,[-113 -15 24 0 -3 -39 -4 -39 -3 -37 -3 -37 -4 -36 -3 -35 -4 -34 -3 -34 -3 -32 -2 -32 -2 -30 -1 -30 -1 -29 0 -26 1 -25 1 -23 2 -23 2 -22 2 -21 2 -20 2 -19 3 -18 4 -17 5 -15 5 -14 0 0 0 0 0 0 0 0 0 0 0 0 0 0 0 0 0 0 0 0 0 0 -2 -17 -1 -17 0 -17 1 -18 2 -17 3 -18 3 -18 3 -18 4 -19 4 -18 5 -19 5 -20 5 -20 6 -21 6 -22 6 -22 6 -23 6 -24 6 -26 5 -26 4 -28 4 -29 2 -30 2 -34 1 -35 0 -38 ]
CSI_DATA,STA,E4:D1:24:F0:BE:00,-58,10,0,0,0,0,0,0,0,0,0,-97,0,5,0,24039932,0,399,0,0,24.4321,128,[-113 -15 24 0 -9 -41 -9 -40 -9 -39 -9 -38 -9 -37 -9 -36 -9 -35 -9 -34 -7 -33 -8 -32 -7 -31 -6 -29 -6 -29 -5 -27 -5 -26 -4 -25 -3 -25 -2 -23 -2 -23 -1 -22 -1 -21 0 -20 1 -19 1 -18 3 -18 0 0 0 0 0 0 0 0 0 0 0 0 0 0 0 0 0 0 0 0 0 0 -4 -17 -3 -17 -2 -17 -1 -18 -1 -18 0 -18 0 -19 1 -19 1 -20 2 -20 2 -20 3 -21 3 -22 3 -23 3 -23 3 -25 2 -25 2 -27 1 -27 1 -29 0 -30 -1 -32 -1 -33 -3 -35 -3 -38 -4 -41 ]
CSI_DATA,STA,E4:D1:24:F0:BE:00,-58,10,0,0,0,0,0,0,0,0,0,-97,0,5,0,24142334,0,399,0,0,24.5345,128,[-113 -15 24 0 -32 22 -30 22 -28 22 -27 21 -27 21 -27 20 -26 19 -25 20 -24 19 -24 18 -24 17 -23 15 -22 15 -21 13 -20 12 -20 11 -19 10 -20 9 -19 8 -18 8 -17 6 -17 6 -17 5 -16 4 -15 3 0 0 0 0 0 0 0 0 0 0 0 0 0 0 0 0 0 0 0 0 0 0 -12 10 -13 9 -14 8 -14 8 -15 8 -15 7 -16 7 -17 7 -18 7 -18 7 -18 7 -19 7 -20 7 -21 6 -21 7 -22 7 -23 8 -24 8 -24 9 -25 9 -25 11 -27 12 -28 14 -28 16 -30 17 -31 20 ]
CSI_DATA,STA,E4:D1:24:F0:BE:00,-58,10,0,0,0,0,0,0,0,0,0,-97,0,5,0,24244735,0,399,0,0,24.637,128,[-113 -15 24 0 -34 23 -32 23 -31 23 -30 22 -29 23 -29 22 -27 21 -27 21 -26 20 -25 19 -25 18 -24 17 -24 16 -24 14 -22 13 -22 12 -20 11 -20 10 -20 9 -19 8 -18 7 -17 6 -17 5 -17 4 -16 3 0 0 0 0 0 0 0 0 0 0 0 0 0 0 0 0 0 0 0 0 0 0 -15 10 -16 9 -17 8 -17 8 -18 7 -18 7 -19 7 -20 6 -20 6 -21 6 -21 6 -22 5 -22 5 -23 5 -24 5 -25 6 -26 6 -26 7 -26 8 -28 9 -28 11 -29 12 -31 14 -32 15 -33 17 -34 19 ]
CSI_DATA,STA,E4:D1:24:F0:BE:00,-57,10,0,0,0,0,0,0,0,0,0,-97,0,5,0,24347137,0,399,0,0,24.7393,128,[-113 -15 24 0 16 -35 15 -34 15 -34 14 -33 13 -33 13 -32 13 -31 12 -30 12 -30 12 -29 12 -27 12 -26 12 -25 12 -24 12 -22 12 -21 12 -20 12 -19 13 -18 12 -17 12 -15 12 -14 12 -13 12 -12 13 -11 0 0 0 0 0 0 0 0 0 0 0 0 0 0 0 0 0 0 0 0 0 0 7 -14 8 -13 9 -13 10 -13 10 -13 10 -13 11 -13 12 -13 13 -13 13 -13 13 -13 14 -13 15 -13 16 -14 16 -15 16 -15 16 -16 17 -17 17 -18 17 -19 17 -21 18 -23 18 -25 18 -27 18 -29 19 -31 ]
CSI_DATA,STA,E4:D1:24:F0:BE:00,-58,10,0,0,0,0,0,0,0,0,0,-97,0,5,0,24449539,0,399,0,0,24.8416,128,[-113 -15 24 0 -2 39 -1 38 -1 37 0 36 0 35 0 34 0 32 1 32 -1 31 -1 30 -1 29 -2 27 -2 26 -3 24 -3 23 -3 22 -4 21 -5 20 -5 18 -5 17 -5 16 -5 16 -6 15 -7 13 -7 12 0 0 0 0 0 0 0 0 0 0 0 0 0 0 0 0 0 0 0 0 0 0 1 16 1 16 0 16 -1 16 -2 17 -2 17 -3 18 -4 18 -4 19 -5 19 -6 20 -6 21 -7 21 -7 22 -7 23 -7 24 -8 24 -8 26 -8 27 -8 28 -7 29 -7 31 -6 32 -5 34 -6 36 -5 38 ]
CSI_DATA,STA,E4:D1:24:F0:BE:00,-58,10,0,0,0,0,0,0,0,0,0,-97,0,5,0,24551941,0,399,0,0,24.944,128,[-113 -15 24 0 13 -29 12 -28 12 -28 10 -27 9 -26 9 -27 9 -25 8 -25 9 -25 8 -24 8 -23 8 -22 8 -21 8 -20 8 -18 8 -18 8 -17 8 -17 8 -15 8 -15 8 -14 8 -13 8 -12 8 -11 9 -10 0 0 0 0 0 0 0 0 0 0 0 0 0 0 0 0 0 0 0 0 0 0 5 -14 6 -13 7 -13 7 -13 8 -13 8 -13 9 -13 10 -13 10 -13 11 -13 11 -12 12 -13 13 -13 13 -13 13 -13 13 -15 14 -15 14 -16 14 -17 14 -18 14 -19 15 -20 15 -22 15 -23 15 -25 15 -27 ]
CSI_DATA,STA,E4:D1:24:F0:BE:00,-58,10,0,0,0,0,0,0,0,0,0,-97,0,5,0,24654343,0,399,0,0,25.0466,128,[-113 -15 24 0 -27 24 -26 23 -24 23 -23 22 -22 23 -21 22 -21 21 -20 21 -19 20 -19 19 -19 18 -18 17 -18 16 -18 16 -17 14 -17 13 -16 12 -17 11 -16 10 -16 9 -15 8 -14 7 -14 6 -14 5 -13 4 0 0 0 0 0 0 0 0 0 0 0 0 0 0 0 0 0 0 0 0 0 0 -10 13 -12 12 -13 11 -14 11 -15 10 -15 10 -16 10 -16 10 -17 10 -17 9 -18 9 -18 9 -19 9 -20 9 -20 9 -21 10 -22 10 -23 11 -23 12 -24 12 -24 14 -25 15 -25 17 -26 18 -27 20 -27 21 ]
CSI_DATA,STA,E4:D1:24:F0:BE:00,-58,10,0,0,0,0,0,0,0,0,0,-97,0,5,0,24756745,0,399,0,0,25.1489,128,[-113 -15 24 0 35 5 34 4 33 3 33 3 32 2 31 2 30 2 29 2 28 2 27 2 27 2 25 3 25 3 23 3 21 3 21 4 20 4 20 4 19 5 17 5 16 6 15 6 15 6 13 7 13 8 0 0 0 0 0 0 0 0 0 0 0 0 0 0 0 0 0 0 0 0 0 0 15 0 15 1 15 2 15 3 16 4 16 4 16 5 16 5 17 6 17 7 17 7 17 7 18 8 19 9 19 9 20 9 21 9 21 9 23 9 24 9 26 8 27 8 28 8 30 8 32 8 35 8 ]
CSI_DATA,STA,E4:D1:24:F0:BE:00,-58,10,0,0,0,0,0,0,0,0,0,-97,0,5,0,24859147,0,399,0,0,25.2514,128,[-113 -15 24 0 37 -14 36 -14 35 -14 33 -13 32 -14 31 -13 30 -13 29 -13 28 -12 27 -11 26 -11 25 -10 23 -9 23 -9 21 -8 21 -7 20 -6 20 -5 19 -4 18 -4 17 -3 16 -3 16 -2 15 -1 15 0 0 0 0 0 0 0 0 0 0 0 0 0 0 0 0 0 0 0 0 0 0 0 14 -9 14 -7 15 -7 15 -6 16 -6 17 -6 17 -5 18 -5 19 -4 19 -5 19 -4 20 -4 22 -3 23 -3 23 -3 25 -4 25 -4 27 -4 27 -5 28 -5 30 -7 31 -7 33 -8 34 -9 36 -10 38 -12 ]
CSI_DATA,STA,E4:D1:24:F0:BE:00,-57,10,0,0,0,0,0,0,0,0,0,-97,0,5,0,24961548,0,399,0,0,25.3537,128,[-113 -15 24 0 -13 -37 -13 -35 -13 -35 -13 -33 -14 -33 -13 -31 -13 -30 -12 -29 -12 -29 -11 -28 -10 -27 -10 -26 -9 -25 -8 -24 -7 -23 -7 -23 -5 -22 -5 -21 -4 -20 -3 -19 -3 -19 -2 -18 -1 -17 0 -16 1 -15 0 0 0 0 0 0 0 0 0 0 0 0 0 0 0 0 0 0 0 0 0 0 -9 -15 -8 -16 -7 -17 -6 -17 -6 -18 -5 -18 -5 -19 -5 -20 -4 -20 -4 -21 -3 -21 -3 -22 -2 -23 -2 -24 -3 -25 -2 -26 -3 -26 -3 -28 -4 -28 -5 -29 -6 -30 -6 -32 -7 -34 -7 -35 -9 -36 -11 -38 ]
CSI_DATA,STA,E4:D1:24:F0:BE:00,-58,10,0,0,0,0,0,0,0,0,0,-97,0,5,0,25063950,0,399,0,0,25.4561,128,[-113 -15 24 0 6 38 6 38 7 37 7 36 7 35 6 34 6 32 6 31 6 30 5 30 5 28 4 27 4 26 2 25 1 24 1 23 1 22 0 22 -1 20 -1 20 -2 18 -2 18 -3 17 -3 16 -5 16 0 0 0 0 0 0 0 0 0 0 0 0 0 0 0 0 0 0 0 0 0 0 5 14 3 15 3 15 2 16 1 16 1 17 1 18 0 18 0 19 0 19 -1 20 -2 21 -2 22 -2 22 -2 23 -2 25 -3 25 -3 26 -2 28 -2 29 -1 30 0 31 1 33 2 35 2 37 3 39 ]
CSI_DATA,STA,E4:D1:24:F0:BE:00,-57,10,0,0,0,0,0,0,0,0,0,-97,0,5,0,25166352,0,399,0,0,25.5585,128,[-113 -15 24 0 -28 20 -26 20 -25 20 -24 19 -23 20 -23 19 -21 18 -21 18 -21 17 -19 17 -20 16 -19 15 -18 14 -18 14 -17 12 -17 12 -17 11 -17 10 -16 9 -16 8 -15 7 -15 6 -15 5 -14 4 -14 3 0 0 0 0 0 0 0 0 0 0 0 0 0 0 0 0 0 0 0 0 0 0 -11 10 -12 9 -13 8 -13 8 -14 7 -14 7 -15 7 -15 7 -16 7 -17 7 -17 7 -17 6 -18 7 -19 6 -20 7 -21 8 -21 8 -22 9 -22 9 -23 10 -23 11 -24 13 -25 14 -26 15 -27 16 -28 18 ]
CSI_DATA,STA,E4:D1:24:F0:BE:00,-58,10,0,0,0,0,0,0,0,0,0,-97,0,5,0,25268754,0,399,0,0,25.6608,128,[-113 -15 24 0 -2 40 -1 39 -1 37 0 37 0 36 0 35 0 33 0 32 0 31 -1 31 -1 29 -1 28 -2 26 -2 25 -3 23 -3 22 -4 22 -4 21 -4 19 -5 19 -5 17 -5 16 -6 16 -6 14 -7 14 0 0 0 0 0 0 0 0 0 0 0 0 0 0 0 0 0 0 0 0 0 0 0 16 -1 16 -3 16 -3 16 -3 16 -4 16 -5 17 -6 17 -5 18 -6 18 -6 18 -7 19 -7 20 -7 21 -8 21 -8 23 -8 23 -8 24 -8 26 -8 27 -7 29 -6 30 -6 32 -6 34 -5 36 -5 39 ]
CSI_DATA,STA,E4:D1:24:F0:BE:00,-58,10,0,0,0,0,0,0,0,0,0,-97,0,5,0,25371156,0,399,0,0,25.7633,128,[-113 -15 24 0 -30 -27 -30 -25 -29 -25 -29 -24 -28 -24 -27 -23 -25 -23 -25 -21 -24 -22 -23 -21 -22 -20 -20 -19 -19 -19 -18 -18 -17 -17 -16 -18 -14 -17 -14 -17 -13 -16 -11 -16 -11 -16 -10 -15 -9 -15 -8 -14 -7 -14 0 0 0 0 0 0 0 0 0 0 0 0 0 0 0 0 0 0 0 0 0 0 -12 -11 -11 -12 -11 -13 -10 -13 -10 -14 -10 -14 -10 -14 -10 -15 -10 -15 -10 -16 -10 -16 -11 -17 -11 -18 -11 -19 -12 -19 -13 -20 -13 -20 -14 -21 -16 -22 -17 -23 -18 -23 -20 -24 -21 -25 -23 -26 -25 -27 -27 -29 ]
CSI_DATA,STA,E4:D1:24:F0:BE:00,-57,10,0,0,0,0,0,0,0,0,0,-97,0,5,0,25473558,0,399,0,0,25.8657,128,[-113 -15 24 0 37 -11 36 -10 35 -11 34 -11 34 -10 33 -11 32 -10 31 -10 30 -10 29 -9 29 -8 27 -7 26 -6 25 -6 25 -5 24 -3 23 -3 22 -2 21 -1 20 -1 19 0 18 1 17 2 17 2 16 4 0 0 0 0 0 0 0 0 0 0 0 0 0 0 0 0 0 0 0 0 0 0 15 -4 15 -2 16 -2 16 -1 16 0 16 0 17 0 17 1 17 1 17 1 18 1 19 2 19 2 20 2 21 2 21 2 23 1 23 1 25 0 26 0 27 -1 29 -2 30 -4 32 -4 34 -6 37 -8 ]
CSI_DATA,STA,E4:D1:24:F0:BE:00,-57,10,0,0,0,0,0,0,0,0,0,-97,0,5,0,25575961,0,399,0,0,25.9681,128,[-113 -15 24 0 37 6 37 5 37 4 36 4 35 4 34 4 33 4 32 4 30 3 30 4 29 4 27 5 26 5 25 5 24 5 23 6 22 7 21 7 20 7 19 7 18 8 17 8 16 8 14 9 13 10 0 0 0 0 0 0 0 0 0 0 0 0 0 0 0 0 0 0 0 0 0 0 15 1 15 2 15 3 15 3 16 4 16 5 17 5 17 5 17 7 17 7 17 7 18 8 19 9 20 9 20 9 21 9 22 10 23 10 24 10 25 10 27 9 29 9 29 9 32 9 35 9 38 8 ]
CSI_DATA,STA,E4:D1:24:F0:BE:00,-59,10,0,0,0,0,0,0,0,0,0,-97,0,5,0,25678362,0,399,0,0,26.0705,128,[-113 -15 24 0 -37 5 -36 5 -35 6 -34 6 -34 6 -33 5 -32 6 -32 6 -30 5 -29 4 -28 4 -27 3 -26 3 -25 3 -23 1 -22 1 -22 0 -21 0 -20 -1 -19 -1 -18 -2 -17 -2 -16 -3 -15 -3 -15 -4 0 0 0 0 0 0 0 0 0 0 0 0 0 0 0 0 0 0 0 0 0 0 -17 1 -17 0 -17 -1 -16 -2 -17 -2 -17 -3 -17 -3 -17 -3 -18 -3 -18 -3 -18 -4 -19 -4 -20 -5 -20 -5 -21 -4 -22 -4 -23 -4 -25 -4 -25 -4 -26 -3 -28 -3 -29 -2 -30 -1 -32 0 -34 1 -36 2 ]
CSI_DATA,STA,E4:D1:24:F0:BE:00,-57,10,0,0,0,0,0,0,0,0,0,-97,0,5,0,25780764,0,399,0,0,26.173,128,[-113 -15 24 0 -15 34 -14 34 -14 33 -13 32 -12 31 -11 30 -11 30 -11 29 -10 29 -10 28 -10 26 -10 25 -10 23 -10 23 -10 21 -10 21 -10 19 -11 19 -11 18 -11 17 -11 15 -11 14 -11 13 -11 13 -12 11 0 0 0 0 0 0 0 0 0 0 0 0 0 0 0 0 0 0 0 0 0 0 -7 16 -8 15 -9 15 -10 14 -11 14 -11 14 -12 15 -12 14 -13 15 -13 14 -13 15 -14 15 -15 16 -15 16 -16 16 -16 18 -16 18 -17 19 -17 20 -17 21 -17 23 -17 25 -17 26 -17 28 -17 31 -17 32 ]
CSI_DATA,STA,E4:D1:24:F0:BE:00,-57,10,0,0,0,0,0,0,0,0,0,-97,0,5,0,25883166,0,399,0,0,26.2752,128,[-113 -15 24 0 -38 10 -37 10 -35 10 -35 10 -33 11 -33 10 -31 10 -30 10 -30 10 -28 9 -28 8 -27 8 -26 7 -25 7 -23 6 -23 5 -22 5 -22 4 -21 3 -21 3 -20 2 -19 1 -18 0 -17 -1 -17 -2 0 0 0 0 0 0 0 0 0 0 0 0 0 0 0 0 0 0 0 0 0 0 -15 4 -15 3 -16 2 -16 2 -17 1 -18 1 -18 0 -19 0 -19 0 -20 -1 -20 -2 -21 -1 -22 -2 -22 -2 -23 -2 -24 -1 -25 -1 -26 -1 -27 0 -28 0 -29 1 -31 2 -32 3 -34 4 -36 5 -37 6 ]
CSI_DATA,STA,E4:D1:24:F0:BE:00,-58,10,0,0,0,0,0,0,0,0,0,-97,0,5,0,25985568,0,399,0,0,26.3777,128,[-113 -15 24 0 -33 17 -32 18 -30 18 -30 18 -28 18 -28 18 -26 17 -26 17 -25 17 -25 15 -24 15 -23 14 -22 14 -22 13 -21 11 -21 11 -20 10 -20 9 -19 8 -19 8 -18 6 -18 6 -17 5 -17 4 -17 2 0 0 0 0 0 0 0 0 0 0 0 0 0 0 0 0 0 0 0 0 0 0 -16 10 -17 8 -18 7 -18 6 -19 6 -19 5 -20 5 -20 4 -21 5 -21 3 -22 3 -22 3 -23 2 -24 3 -25 2 -25 3 -25 4 -27 4 -27 4 -28 5 -29 6 -30 8 -30 9 -31 10 -33 12 -34 14 ]
CSI_DATA,STA,E4:D1:24:F0:BE:00,-58,10,0,0,0,0,0,0,0,0,0,-97,0,5,0,26190372,0,399,0,0,26.5825,128,[-113 -15 24 0 30 22 30 21 30 20 29 20 29 19 28 19 27 18 27 18 26 18 25 17 23 17 22 17 21 17 20 16 18 16 17 16 16 16 15 15 14 16 13 15 12 15 11 15 10 14 9 14 7 14 0 0 0 0 0 0 0 0 0 0 0 0 0 0 0 0 0 0 0 0 0 0 13 9 11 10 11 10 11 11 10 11 10 12 10 12 10 13 10 13 10 14 10 14 11 15 11 16 12 16 12 17 13 17 13 18 14 18 15 19 16 19 18 20 20 20 22 20 24 21 26 22 29 23 ]
CSI_DATA,STA,E4:D1:24:F0:BE:00,-58,10,0,0,0,0,0,0,0,0,0,-97,0,5,0,26292774,0,399,0,0,26.6849,128,[-113 -15 24 0 -24 -30 -24 -29 -25 -28 -24 -26 -25 -25 -24 -25 -24 -24 -23 -24 -22 -23 -21 -23 -20 -23 -19 -22 -18 -21 -17 -21 -15 -19 -15 -19 -13 -19 -13 -19 -12 -18 -11 -18 -10 -17 -9 -17 -8 -16 -7 -16 -6 -16 0 0 0 0 0 0 0 0 0 0 0 0 0 0 0 0 0 0 0 0 0 0 -13 -14 -11 -15 -11 -16 -10 -16 -10 -17 -9 -17 -10 -18 -9 -18 -9 -19 -8 -20 -8 -20 -7 -21 -8 -22 -8 -22 -8 -23 -8 -24 -9 -24 -9 -26 -10 -26 -11 -26 -13 -27 -14 -28 -16 -28 -17 -30 -19 -30 -21 -31 ]
CSI_DATA,STA,E4:D1:24:F0:BE:00,-57,10,0,0,0,0,0,0,0,0,0,-97,0,5,0,26395175,0,399,0,0,26.7874,128,[-113 -15 24 0 -35 -18 -35 -17 -33 -15 -32 -14 -32 -13 -32 -13 -31 -13 -30 -12 -28 -12 -27 -12 -27 -12 -25 -11 -24 -12 -23 -11 -21 -11 -21 -12 -20 -12 -19 -12 -17 -12 -17 -12 -16 -12 -14 -12 -13 -12 -12 -12 -11 -13 0 0 0 0 0 0 0 0 0 0 0 0 0 0 0 0 0 0 0 0 0 0 -17 -6 -16 -8 -15 -9 -15 -9 -15 -10 -15 -11 -15 -11 -15 -12 -16 -12 -16 -13 -15 -13 -16 -14 -17 -15 -17 -16 -17 -16 -19 -17 -19 -17 -20 -19 -21 -18 -22 -18 -24 -18 -25 -19 -27 -19 -29 -19 -31 -20 -32 -19 ]
CSI_DATA,STA,E4:D1:24:F0:BE:00,-59,10,0,0,0,0,0,0,0,0,0,-97,0,5,0,26497577,0,399,0,0,26.8898,128,[-113 -15 24 0 32 14 32 13 32 12 30 12 30 11 29 10 29 10 28 9 27 9 26 10 25 9 23 9 22 9 21 9 19 9 19 9 18 10 16 9 16 9 14 9 14 9 13 9 11 10 11 9 10 9 0 0 0 0 0 0 0 0 0 0 0 0 0 0 0 0 0 0 0 0 0 0 16 4 16 5 16 6 15 7 15 8 15 9 16 9 16 10 16 10 16 11 16 11 16 13 17 14 17 14 18 15 18 15 19 15 20 16 20 16 22 17 23 16 25 17 25 17 27 17 29 17 32 17 ]
CSI_DATA,STA,E4:D1:24:F0:BE:00,-57,10,0,0,0,0,0,0,0,0,0,-97,0,5,0,26599979,0,399,0,0,26.9922,128,[-113 -15 24 0 17 33 17 31 17 30 16 29 17 28 16 27 16 26 15 26 14 25 14 24 13 23 13 23 12 22 11 21 10 20 9 20 8 20 7 19 6 18 5 18 4 17 4 16 2 16 1 15 0 15 0 0 0 0 0 0 0 0 0 0 0 0 0 0 0 0 0 0 0 0 0 0 9 13 8 14 7 14 6 14 6 15 6 16 5 16 6 17 5 18 5 18 5 18 4 19 4 20 4 21 5 22 4 23 5 24 5 25 6 25 7 27 8 27 9 28 10 29 11 31 12 32 14 33 ]
CSI_DATA,STA,E4:D1:24:F0:BE:00,-58,10,0,0,0,0,0,0,0,0,0,-97,0,5,0,26702381,0,399,0,0,27.0944,128,[-113 -15 24 0 -10 36 -9 35 -9 35 -8 33 -8 33 -7 32 -7 31 -7 30 -7 29 -7 28 -7 27 -7 26 -7 24 -7 23 -8 22 -8 21 -8 20 -8 19 -8 18 -9 17 -9 16 -8 15 -9 14 -10 13 -10 12 0 0 0 0 0 0 0 0 0 0 0 0 0 0 0 0 0 0 0 0 0 0 -4 16 -5 15 -5 15 -6 14 -7 15 -7 15 -8 16 -8 16 -8 16 -9 16 -9 16 -10 18 -11 18 -12 18 -12 19 -13 20 -13 21 -13 22 -14 23 -13 24 -13 25 -13 27 -13 29 -14 31 -13 32 -13 34 ]
CSI_DATA,STA,E4:D1:24:F0:BE:00,-58,10,0,0,0,0,0,0,0,0,0,-97,0,5,0,26804783,0,399,0,0,27.1969,128,[-113 -15 24 0 24 26 24 25 24 24 23 24 23 24 23 22 22 21 21 21 20 20 20 20 18 19 18 19 16 18 15 18 13 17 13 17 12 17 11 17 10 16 9 15 8 15 7 15 6 14 6 14 5 13 0 0 0 0 0 0 0 0 0 0 0 0 0 0 0 0 0 0 0 0 0 0 14 10 12 11 12 11 11 12 11 13 11 13 11 14 11 15 11 15 11 16 10 16 11 17 11 19 11 19 11 20 11 21 12 22 12 22 13 23 14 23 15 24 16 25 17 25 19 26 21 27 24 28 ]
CSI_DATA,STA,E4:D1:24:F0:BE:00,-57,10,0,0,0,0,0,0,0,0,0,-97,0,5,0,26907185,0,399,0,0,27.2994,128,[-113 -15 24 0 -36 17 -34 18 -32 18 -31 17 -29 17 -29 17 -27 16 -27 16 -26 15 -24 15 -24 14 -23 13 -23 13 -21 12 -21 11 -20 10 -20 9 -19 8 -19 8 -18 7 -18 6 -17 5 -17 4 -17 4 -16 2 0 0 0 0 0 0 0 0 0 0 0 0 0 0 0 0 0 0 0 0 0 0 -14 9 -15 8 -16 7 -16 7 -16 6 -17 6 -18 6 -18 6 -19 6 -20 5 -20 5 -21 5 -22 5 -24 5 -25 5 -26 6 -26 6 -27 7 -28 7 -29 8 -30 9 -31 10 -32 11 -34 12 -35 13 -36 15 ]
CSI_DATA,STA,E4:D1:24:F0:BE:00,-59,10,0,0,0,0,0,0,0,0,0,-97,0,5,0,27009586,0,399,0,0,27.4018,128,[-113 -15 24 0 -20 32 -18 31 -18 30 -16 30 -15 30 -15 29 -14 28 -13 27 -14 27 -14 25 -14 23 -14 22 -13 21 -13 21 -12 19 -13 19 -12 18 -12 17 -12 16 -12 15 -11 14 -12 13 -12 12 -12 11 -12 10 0 0 0 0 0 0 0 0 0 0 0 0 0 0 0 0 0 0 0 0 0 0 -8 13 -9 12 -9 12 -10 12 -11 12 -11 12 -12 13 -13 12 -13 13 -14 12 -15 12 -16 13 -16 13 -17 14 -17 14 -18 15 -18 15 -19 16 -19 17 -19 19 -19 20 -20 21 -20 23 -20 24 -21 26 -21 29 ]
CSI_DATA,STA,E4:D1:24:F0:BE:00,-58,10,0,0,0,0,0,0,0,0,0,-97,0,5,0,27111988,0,399,0,0,27.5042,128,[-113 -15 24 0 -16 -34 -16 -33 -15 -32 -15 -30 -16 -29 -15 -29 -14 -28 -15 -27 -14 -27 -14 -26 -13 -24 -12 -23 -11 -23 -10 -22 -9 -21 -9 -21 -8 -20 -7 -20 -6 -19 -5 -18 -4 -18 -4 -17 -3 -16 -2 -16 -1 -15 0 0 0 0 0 0 0 0 0 0 0 0 0 0 0 0 0 0 0 0 0 0 -9 -14 -8 -14 -7 -15 -6 -15 -6 -16 -6 -16 -5 -17 -5 -18 -5 -19 -5 -19 -4 -19 -4 -21 -4 -21 -4 -22 -4 -23 -5 -25 -5 -25 -5 -26 -5 -26 -6 -27 -7 -29 -7 -30 -8 -31 -10 -32 -11 -33 -12 -35 ]
CSI_DATA,STA,E4:D1:24:F0:BE:00,-57,10,0,0,0,0,0,0,0,0,0,-97,0,5,0,27214390,0,399,0,0,27.6066,128,[-113 -15 24 0 5 34 5 32 5 32 6 30 6 29 6 29 6 27 6 27 6 26 5 25 5 24 4 24 4 22 3 22 2 21 2 21 1 20 0 19 0 18 -1 18 -1 17 -2 16 -2 15 -4 14 -4 13 0 0 0 0 0 0 0 0 0 0 0 0 0 0 0 0 0 0 0 0 0 0 2 14 1 14 1 14 0 14 -1 15 -1 15 -1 16 -2 16 -2 16 -3 17 -3 17 -3 18 -3 18 -4 19 -4 19 -4 21 -4 20 -3 22 -2 22 -3 24 -1 25 -1 26 0 28 1 29 1 31 2 32 ]
CSI_DATA,STA,E4:D1:24:F0:BE:00,-59,10,0,0,0,0,0,0,0,0,0,-97,0,5,0,27316792,0,399,0,0,27.709,128,[-113 -15 24 0 21 27 21 26 21 26 21 25 21 24 21 23 20 22 18 22 18 22 17 21 16 20 15 20 14 20 13 19 11 18 11 18 10 18 10 17 9 17 8 15 7 15 6 15 5 15 4 14 3 15 0 0 0 0 0 0 0 0 0 0 0 0 0 0 0 0 0 0 0 0 0 0 11 11 11 11 10 12 9 13 9 13 9 14 8 14 9 14 8 15 8 16 7 17 7 18 7 19 8 19 8 19 8 20 8 21 9 21 10 21 11 23 12 23 14 24 15 25 16 26 17 28 19 29 ]
CSI_DATA,STA,E4:D1:24:F0:BE:00,-58,10,0,0,0,0,0,0,0,0,0,-97,0,5,0,27419194,0,399,0,0,27.8113,128,[-113 -15 24 0 -20 27 -19 27 -17 26 -17 26 -16 26 -15 26 -14 25 -14 24 -14 24 -14 22 -14 21 -13 20 -13 20 -13 19 -13 17 -13 17 -13 16 -13 15 -13 14 -13 13 -13 12 -13 11 -13 10 -13 9 -13 8 0 0 0 0 0 0 0 0 0 0 0 0 0 0 0 0 0 0 0 0 0 0 -8 13 -9 13 -10 12 -10 12 -11 11 -12 11 -12 11 -13 12 -13 11 -13 11 -14 11 -15 11 -15 12 -16 12 -16 12 -17 13 -17 14 -18 14 -18 15 -18 17 -18 18 -19 19 -19 21 -20 22 -20 24 -20 26 ]
CSI_DATA,STA,E4:D1:24:F0:BE:00,-58,10,0,0,0,0,0,0,0,0,0,-97,0,5,0,27521596,0,399,0,0,27.9137,128,[-113 -15 24 0 31 -1 32 -1 31 -2 30 -2 31 -2 30 -2 28 -2 28 -2 27 -2 26 -2 25 -1 25 -1 24 -1 23 0 22 1 21 1 21 2 20 3 19 3 18 4 17 4 16 4 15 5 14 5 14 7 0 0 0 0 0 0 0 0 0 0 0 0 0 0 0 0 0 0 0 0 0 0 15 -2 15 -1 15 1 14 1 15 2 15 2 15 3 15 3 16 4 15 4 16 4 16 5 17 5 17 5 17 6 18 5 19 5 20 5 21 5 22 5 23 4 25 4 26 3 28 3 30 2 31 0 ]
CSI_DATA,STA,E4:D1:24:F0:BE:00,-58,10,0,0,0,0,0,0,0,0,0,-97,0,5,0,27623995,0,399,0,0,28.0162,128,[-113 -15 24 0 -29 23 -27 23 -26 23 -25 22 -25 22 -23 22 -23 21 -22 20 -22 20 -21 18 -21 17 -20 16 -19 15 -19 15 -18 13 -18 13 -17 12 -17 11 -17 10 -17 9 -16 8 -15 7 -15 6 -15 5 -14 4 0 0 0 0 0 0 0 0 0 0 0 0 0 0 0 0 0 0 0 0 0 0 -13 12 -13 10 -15 10 -15 9 -16 8 -16 8 -17 8 -17 8 -17 7 -18 7 -18 6 -19 7 -20 7 -20 7 -21 7 -22 8 -22 9 -23 10 -23 10 -24 12 -24 13 -25 14 -26 16 -27 17 -29 18 -29 21 ]
CSI_DATA,STA,E4:D1:24:F0:BE:00,-58,10,0,0,0,0,0,0,0,0,0,-97,0,5,0,27726396,0,399,0,0,28.1186,128,[-113 -15 24 0 -21 -31 -21 -30 -21 -29 -21 -28 -21 -28 -20 -27 -20 -26 -19 -26 -18 -26 -17 -25 -17 -24 -15 -23 -15 -23 -13 -22 -12 -21 -11 -21 -10 -21 -9 -20 -8 -20 -7 -19 -6 -18 -5 -17 -4 -17 -3 -16 -2 -16 0 0 0 0 0 0 0 0 0 0 0 0 0 0 0 0 0 0 0 0 0 0 -11 -13 -10 -14 -9 -14 -8 -15 -8 -16 -7 -16 -7 -16 -7 -17 -7 -17 -7 -17 -6 -18 -6 -19 -6 -19 -7 -20 -7 -21 -7 -22 -7 -22 -8 -23 -9 -24 -10 -24 -11 -25 -13 -26 -14 -27 -15 -28 -17 -30 -19 -32 ]
CSI_DATA,STA,E4:D1:24:F0:BE:00,-57,10,0,0,0,0,0,0,0,0,0,-97,0,5,0,27828798,0,399,0,0,28.221,128,[-113 -15 24 0 36 10 34 9 34 9 33 9 32 8 31 7 30 8 29 7 28 7 27 6 26 7 25 7 24 7 22 8 21 7 20 8 19 8 18 8 17 8 16 8 15 9 14 9 13 9 12 9 11 10 0 0 0 0 0 0 0 0 0 0 0 0 0 0 0 0 0 0 0 0 0 0 16 2 16 4 16 5 15 5 16 6 16 7 16 7 16 8 17 9 16 9 16 10 17 10 17 11 18 11 19 12 19 12 20 13 21 12 22 13 23 13 25 13 27 13 28 12 30 12 32 13 35 13 ]
CSI_DATA,STA,E4:D1:24:F0:BE:00,-58,10,0,0,0,0,0,0,0,0,0,-97,0,5,0,27931200,0,399,0,0,28.3234,128,[-113 -15 24 0 32 -24 30 -24 29 -23 28 -23 27 -23 26 -23 26 -22 25 -22 25 -22 23 -20 22 -19 22 -18 21 -16 21 -15 19 -14 20 -13 19 -13 18 -12 18 -11 17 -9 17 -9 16 -8 16 -6 16 -6 15 -4 0 0 0 0 0 0 0 0 0 0 0 0 0 0 0 0 0 0 0 0 0 0 14 -13 15 -11 16 -10 16 -9 17 -9 17 -9 18 -8 18 -8 19 -8 19 -7 20 -7 20 -7 22 -7 22 -7 23 -7 24 -8 24 -8 26 -9 25 -10 27 -11 27 -13 29 -14 29 -15 30 -17 31 -19 33 -21 ]
CSI_DATA,STA,E4:D1:24:F0:BE:00,-58,10,0,0,0,0,0,0,0,0,0,-97,0,5,0,28033602,0,399,0,0,28.4258,128,[-113 -15 24 0 4 31 5 30 5 29 5 28 6 27 6 26 5 25 5 24 5 24 5 23 5 22 4 21 4 20 3 20 2 18 2 18 2 17 1 17 0 16 0 16 -1 15 -1 14 -1 13 -2 12 -4 12 0 0 0 0 0 0 0 0 0 0 0 0 0 0 0 0 0 0 0 0 0 0 5 15 3 15 2 15 1 15 1 16 0 16 -1 17 -1 17 -1 18 -2 18 -3 18 -3 18 -3 19 -4 19 -4 20 -4 21 -4 21 -4 22 -3 23 -3 24 -2 25 -2 26 -1 27 0 28 1 29 2 31 ]
CSI_DATA,STA,E4:D1:24:F0:BE:00,-58,10,0,0,0,0,0,0,0,0,0,-97,0,5,0,28136004,0,399,0,0,28.5282,128,[-113 -15 24 0 26 20 26 20 25 18 25 18 25 17 24 16 24 16 22 15 21 15 21 14 20 14 19 14 18 14 17 14 16 13 15 14 14 14 13 14 12 13 11 13 10 13 9 13 8 12 7 13 5 13 0 0 0 0 0 0 0 0 0 0 0 0 0 0 0 0 0 0 0 0 0 0 15 7 14 9 14 10 13 11 13 11 12 12 12 12 12 13 12 13 11 14 11 15 11 15 12 16 12 16 11 17 12 18 13 18 13 18 15 18 15 19 17 19 18 20 19 20 21 21 23 21 25 22 ]
CSI_DATA,STA,E4:D1:24:F0:BE:00,-58,10,0,0,0,0,0,0,0,0,0,-97,0,5,0,28238406,0,399,0,0,28.6304,128,[-113 -15 24 0 -15 33 -15 33 -13 31 -13 31 -13 30 -12 29 -11 29 -11 28 -11 27 -10 26 -10 25 -11 24 -11 23 -11 21 -11 20 -11 19 -11 19 -12 18 -12 17 -12 15 -11 14 -11 13 -11 12 -12 12 -13 10 0 0 0 0 0 0 0 0 0 0 0 0 0 0 0 0 0 0 0 0 0 0 -6 16 -7 15 -8 15 -9 14 -10 14 -10 14 -11 14 -11 14 -12 14 -12 14 -13 14 -13 15 -14 15 -14 15 -15 16 -15 17 -15 17 -16 18 -16 19 -16 20 -16 22 -17 23 -16 25 -16 27 -17 29 -17 31 ]
CSI_DATA,STA,E4:D1:24:F0:BE:00,-57,10,0,0,0,0,0,0,0,0,0,-97,0,5,0,28261753,0,125,0,0,28.6663,128,[125 -48 7 0 -39 -1 -37 -1 -36 -1 -35 0 -34 1 -34 1 -32 1 -32 1 -30 0 -30 0 -28 -1 -28 -1 -26 -1 -25 -1 -24 -2 -23 -3 -22 -3 -22 -3 -20 -3 -19 -4 -18 -4 -17 -5 -17 -6 -16 -6 -15 -7 0 0 0 0 0 0 0 0 0 0 0 0 0 0 0 0 0 0 0 0 0 0 -18 0 -18 -2 -18 -3 -18 -3 -18 -4 -18 -5 -18 -5 -19 -5 -19 -6 -19 -6 -19 -7 -20 -8 -21 -8 -21 -9 -22 -8 -23 -9 -23 -8 -25 -8 -26 -8 -27 -8 -28 -6 -31 -7 -32 -6 -33 -6 -35 -6 -38 -5 ]
CSI_DATA,STA,E4:D1:24:F0:BE:00,-57,10,0,0,0,0,0,0,0,0,0,-97,0,5,0,28340808,0,399,0,0,28.733,128,[-113 -15 24 0 -6 35 -5 34 -5 33 -5 32 -4 31 -4 30 -3 29 -4 29 -3 28 -3 26 -4 26 -3 25 -4 24 -5 23 -4 21 -5 20 -6 20 -6 19 -6 18 -7 17 -7 16 -7 15 -7 14 -8 13 -9 12 0 0 0 0 0 0 0 0 0 0 0 0 0 0 0 0 0 0 0 0 0 0 -2 16 -3 15 -4 16 -5 16 -6 16 -6 16 -7 16 -8 16 -8 17 -9 17 -9 16 -10 17 -10 17 -11 18 -11 19 -11 20 -11 20 -11 22 -11 22 -11 23 -10 25 -10 26 -10 28 -10 29 -9 32 -9 34 ]
CSI_DATA,STA,E4:D1:24:F0:BE:00,-57,10,0,0,0,0,0,0,0,0,0,-97,0,5,0,28443209,0,399,0,0,28.8354,128,[-113 -15 24 0 20 -37 19 -36 18 -35 18 -33 16 -33 16 -32 16 -31 14 -30 15 -29 14 -28 14 -26 13 -25 13 -23 13 -22 13 -20 13 -19 13 -19 13 -18 13 -16 12 -15 12 -14 11 -13 11 -12 11 -11 11 -10 0 0 0 0 0 0 0 0 0 0 0 0 0 0 0 0 0 0 0 0 0 0 7 -16 9 -15 9 -15 10 -14 11 -14 11 -14 12 -14 13 -15 14 -15 14 -14 14 -15 15 -15 16 -16 16 -16 17 -16 17 -18 18 -18 18 -20 19 -21 19 -22 19 -24 20 -25 20 -28 20 -30 21 -32 22 -34 ]
CSI_DATA,STA,E4:D1:24:F0:BE:00,-58,10,0,0,0,0,0,0,0,0,0,-97,0,5,0,28545611,0,399,0,0,28.9378,128,[-113 -15 24 0 28 -17 26 -17 26 -17 24 -16 24 -16 23 -16 22 -15 21 -15 20 -14 20 -13 19 -12 18 -11 17 -10 17 -10 16 -9 16 -8 15 -8 15 -7 14 -6 13 -6 12 -5 12 -4 11 -3 11 -3 10 -3 0 0 0 0 0 0 0 0 0 0 0 0 0 0 0 0 0 0 0 0 0 0 12 -10 12 -9 13 -8 13 -7 14 -7 14 -6 15 -6 15 -6 15 -6 16 -5 17 -5 18 -5 18 -5 19 -5 19 -5 20 -6 20 -6 21 -7 22 -7 23 -8 23 -9 24 -10 26 -11 27 -12 28 -13 29 -14 ]
CSI_DATA,STA,E4:D1:24:F0:BE:00,-58,10,0,0,0,0,0,0,0,0,0,-97,0,5,0,28648013,0,399,0,0,29.0402,128,[-113 -15 24 0 -34 19 -33 19 -32 19 -30 18 -29 19 -28 18 -27 17 -26 17 -26 16 -25 15 -24 14 -23 13 -22 12 -21 11 -20 10 -20 10 -19 9 -19 8 -18 7 -17 7 -17 6 -16 5 -16 5 -16 4 -16 2 0 0 0 0 0 0 0 0 0 0 0 0 0 0 0 0 0 0 0 0 0 0 -15 10 -16 9 -16 8 -17 7 -17 6 -18 6 -18 6 -19 5 -19 5 -20 5 -20 5 -21 5 -21 5 -22 5 -23 5 -24 6 -25 6 -26 7 -26 7 -27 8 -28 9 -29 11 -30 12 -31 13 -33 14 -34 16 ]
CSI_DATA,STA,E4:D1:24:F0:BE:00,-59,10,0,0,0,0,0,0,0,0,0,-97,0,5,0,28750415,0,399,0,0,29.1426,128,[-113 -15 24 0 -11 -36 -11 -34 -10 -34 -10 -33 -11 -31 -10 -31 -9 -29 -9 -29 -8 -28 -8 -27 -7 -26 -7 -25 -6 -24 -5 -23 -5 -21 -4 -20 -3 -20 -3 -19 -2 -18 -2 -17 -2 -16 -1 -16 -1 -15 0 -14 0 -14 0 0 0 0 0 0 0 0 0 0 0 0 0 0 0 0 0 0 0 0 0 0 -7 -17 -6 -17 -5 -18 -4 -18 -3 -18 -3 -18 -2 -19 -2 -19 -1 -19 -1 -20 -1 -20 0 -21 0 -22 0 -22 0 -23 -1 -24 -1 -24 -1 -25 -2 -26 -3 -27 -3 -28 -4 -30 -4 -31 -5 -32 -6 -34 -7 -36 ]
CSI_DATA,STA,E4:D1:24:F0:BE:00,-57,10,0,0,0,0,0,0,0,0,0,-97,0,5,0,28852817,0,399,0,0,29.245,128,[-113 -15 24 0 -30 -25 -31 -24 -28 -22 -29 -22 -28 -20 -27 -20 -26 -19 -25 -19 -24 -18 -24 -18 -23 -17 -22 -16 -21 -17 -19 -16 -18 -15 -17 -15 -16 -15 -15 -15 -13 -15 -13 -14 -12 -14 -11 -14 -10 -14 -9 -13 -8 -14 0 0 0 0 0 0 0 0 0 0 0 0 0 0 0 0 0 0 0 0 0 0 -16 -10 -15 -11 -15 -12 -14 -13 -14 -13 -14 -14 -13 -15 -13 -16 -12 -16 -13 -17 -13 -17 -13 -18 -13 -19 -14 -19 -14 -20 -14 -21 -15 -21 -16 -22 -17 -22 -18 -23 -20 -23 -21 -24 -22 -24 -24 -25 -27 -25 -28 -27 ]
CSI_DATA,STA,E4:D1:24:F0:BE:00,-57,10,0,0,0,0,0,0,0,0,0,-97,0,5,0,28955219,0,399,0,0,29.3473,128,[-113 -15 24 0 -38 -8 -37 -8 -37 -6 -35 -6 -34 -6 -34 -6 -32 -6 -31 -5 -30 -5 -29 -5 -28 -6 -27 -6 -25 -6 -24 -6 -22 -6 -22 -6 -21 -7 -20 -7 -19 -7 -18 -8 -17 -8 -16 -8 -16 -8 -14 -8 -13 -10 0 0 0 0 0 0 0 0 0 0 0 0 0 0 0 0 0 0 0 0 0 0 -19 -1 -18 -2 -19 -4 -19 -4 -19 -5 -19 -6 -19 -6 -19 -7 -19 -8 -20 -9 -20 -8 -20 -9 -21 -10 -21 -11 -22 -11 -24 -11 -24 -11 -25 -12 -26 -12 -27 -11 -29 -11 -30 -11 -32 -11 -34 -11 -36 -11 -38 -10 ]
CSI_DATA,STA,E4:D1:24:F0:BE:00,-58,10,0,0,0,0,0,0,0,0,0,-97,0,5,0,29057621,0,399,0,0,29.4497,128,[-113 -15 24 0 -29 27 -28 28 -26 26 -26 26 -25 25 -24 24 -23 23 -23 23 -21 22 -20 21 -20 20 -19 19 -19 18 -18 16 -18 14 -17 13 -17 13 -17 11 -17 11 -16 10 -16 8 -14 8 -14 9 -16 8 -16 8 0 0 0 0 0 0 0 0 0 0 0 0 0 0 0 0 0 0 0 0 0 0 -12 15 -14 13 -15 12 -15 12 -16 11 -17 11 -17 10 -18 10 -18 9 -17 9 -18 11 -19 10 -19 11 -20 11 -21 11 -22 11 -22 13 -22 13 -23 14 -24 14 -25 16 -27 18 -25 20 -26 22 -27 24 -29 26 ]
CSI_DATA,STA,E4:D1:24:F0:BE:00,-57,10,0,0,0,0,0,0,0,0,0,-97,0,5,0,29160022,0,399,0,0,29.5522,128,[-113 -15 24 0 22 -33 22 -32 21 -32 20 -31 19 -30 19 -29 18 -28 17 -28 17 -27 17 -26 16 -24 16 -23 15 -22 15 -21 15 -19 15 -18 15 -17 14 -16 14 -15 14 -14 14 -13 13 -12 13 -11 13 -10 13 -8 0 0 0 0 0 0 0 0 0 0 0 0 0 0 0 0 0 0 0 0 0 0 9 -12 10 -12 11 -12 11 -11 12 -11 12 -11 13 -10 13 -11 13 -11 14 -11 14 -11 15 -11 16 -12 16 -12 16 -13 17 -14 17 -15 18 -16 19 -17 19 -19 19 -21 21 -22 21 -24 22 -26 23 -28 24 -30 ]
CSI_DATA,STA,E4:D1:24:F0:BE:00,-58,10,0,0,0,0,0,0,0,0,0,-97,0,5,0,29262424,0,399,0,0,29.6546,128,[-113 -15 24 0 33 17 32 16 33 16 32 15 31 15 31 14 30 14 28 14 27 13 26 13 25 14 24 14 23 13 22 13 20 12 19 13 18 13 17 13 16 13 15 13 14 13 13 13 11 13 10 13 9 13 0 0 0 0 0 0 0 0 0 0 0 0 0 0 0 0 0 0 0 0 0 0 14 6 13 7 13 8 12 9 12 9 12 10 12 11 12 11 13 11 12 12 12 12 13 13 13 13 14 14 14 14 15 15 16 15 17 16 18 15 20 17 21 17 23 17 24 18 27 18 28 19 31 19 ]
CSI_DATA,STA,E4:D1:24:F0:BE:00,-59,10,0,0,0,0,0,0,0,0,0,-97,0,5,0,29364826,0,399,0,0,29.757,128,[-113 -15 24 0 -25 27 -24 28 -23 27 -22 26 -21 25 -21 25 -20 24 -19 23 -19 22 -19 21 -18 20 -18 19 -17 18 -17 16 -16 15 -16 14 -16 14 -15 13 -15 11 -14 11 -14 10 -14 9 -13 8 -14 7 -13 6 0 0 0 0 0 0 0 0 0 0 0 0 0 0 0 0 0 0 0 0 0 0 -11 13 -12 12 -13 11 -13 11 -13 10 -14 10 -15 10 -15 9 -15 10 -16 10 -16 10 -17 10 -18 10 -18 11 -19 11 -19 12 -20 13 -21 13 -21 14 -21 16 -22 17 -23 19 -23 20 -24 21 -25 23 -25 25 ]
CSI_DATA,STA,E4:D1:24:F0:BE:00,-58,10,0,0,0,0,0,0,0,0,0,-97,0,5,0,29467228,0,399,0,0,29.8594,128,[-113 -15 24 0 -18 -33 -17 -31 -17 -31 -17 -29 -16 -28 -16 -28 -15 -27 -15 -26 -14 -25 -14 -24 -13 -23 -12 -22 -11 -21 -10 -21 -9 -19 -8 -20 -7 -19 -6 -18 -6 -18 -5 -16 -5 -16 -4 -15 -3 -14 -2 -14 -1 -14 0 0 0 0 0 0 0 0 0 0 0 0 0 0 0 0 0 0 0 0 0 0 -10 -15 -9 -16 -8 -17 -7 -17 -7 -18 -6 -18 -6 -19 -5 -19 -5 -19 -5 -20 -4 -19 -4 -21 -5 -22 -5 -22 -5 -22 -5 -24 -6 -24 -6 -25 -7 -26 -8 -27 -9 -27 -10 -29 -11 -30 -12 -31 -14 -33 -15 -35 ]
CSI_DATA,STA,E4:D1:24:F0:BE:00,-57,10,0,0,0,0,0,0,0,0,0,-97,0,5,0,29569630,0,399,0,0,29.9618,128,[-113 -15 24 0 7 36 7 35 7 35 8 33 7 32 7 31 7 30 7 29 6 28 6 27 6 26 5 25 4 24 3 23 3 21 2 22 1 21 0 20 0 19 -1 18 -1 17 -2 16 -2 15 -3 15 -4 15 0 0 0 0 0 0 0 0 0 0 0 0 0 0 0 0 0 0 0 0 0 0 6 16 4 17 3 17 2 17 1 17 1 17 0 18 0 18 -1 19 -1 19 -2 19 -2 20 -2 21 -2 22 -2 22 -2 23 -2 24 -2 25 -1 26 -1 27 0 28 1 30 2 31 3 33 4 35 4 38 ]
CSI_DATA,STA,E4:D1:24:F0:BE:00,-57,10,0,0,0,0,0,0,0,0,0,-97,0,5,0,29672032,0,399,0,0,30.0642,128,[-113 -15 24 0 19 -26 18 -26 17 -25 16 -24 16 -24 15 -23 14 -22 14 -22 13 -21 12 -20 12 -19 12 -19 11 -17 11 -16 11 -15 11 -14 11 -14 10 -13 10 -12 10 -12 10 -11 9 -10 10 -9 10 -9 10 -8 0 0 0 0 0 0 0 0 0 0 0 0 0 0 0 0 0 0 0 0 0 0 6 -13 8 -12 8 -12 9 -11 10 -11 10 -11 11 -11 12 -11 12 -11 12 -10 12 -11 13 -10 14 -11 14 -12 15 -12 15 -12 16 -13 16 -14 17 -15 17 -15 17 -17 19 -18 18 -19 19 -21 20 -22 21 -24 ]
CSI_DATA,STA,E4:D1:24:F0:BE:00,-57,10,0,0,0,0,0,0,0,0,0,-97,0,5,0,29774434,0,399,0,0,30.1665,128,[-113 -15 24 0 37 -8 35 -9 35 -8 34 -9 33 -9 32 -9 31 -9 29 -9 28 -9 28 -8 27 -8 26 -7 25 -7 24 -6 23 -5 22 -4 22 -4 21 -3 20 -2 19 -2 18 -1 17 -1 16 0 16 0 15 2 0 0 0 0 0 0 0 0 0 0 0 0 0 0 0 0 0 0 0 0 0 0 16 -7 16 -5 16 -4 17 -3 18 -2 18 -2 18 -1 19 -1 20 0 19 1 20 1 21 1 21 1 22 2 23 2 23 2 25 2 25 1 26 0 28 1 29 0 30 -1 31 -2 34 -3 35 -4 38 -5 ]
CSI_DATA,STA,E4:D1:24:F0:BE:00,-58,10,0,0,0,0,0,0,0,0,0,-97,0,5,0,29876835,0,399,0,0,30.269,128,[-113 -15 24 0 28 25 28 24 27 23 27 22 26 21 26 20 25 19 24 18 22 18 21 17 22 17 20 17 19 16 17 15 16 15 15 15 14 15 14 14 13 14 12 14 11 14 10 13 9 13 8 13 7 13 0 0 0 0 0 0 0 0 0 0 0 0 0 0 0 0 0 0 0 0 0 0 13 7 12 8 11 9 11 9 11 10 11 11 11 11 11 12 11 13 11 13 11 14 11 14 12 15 12 16 13 17 13 18 14 18 15 19 16 20 17 20 19 21 21 22 21 22 24 24 25 25 28 26 ]
CSI_DATA,STA,E4:D1:24:F0:BE:00,-58,10,0,0,0,0,0,0,0,0,0,-97,0,5,0,29979237,0,399,0,0,30.3714,128,[-113 -15 24 0 23 33 23 32 22 30 22 29 21 28 21 27 20 26 19 25 18 23 18 22 17 22 16 22 15 21 14 20 13 18 12 19 11 18 10 17 9 17 9 16 8 16 7 15 6 15 5 14 4 14 0 0 0 0 0 0 0 0 0 0 0 0 0 0 0 0 0 0 0 0 0 0 13 10 12 11 11 12 11 12 10 13 10 14 10 15 10 16 10 17 9 16 10 18 10 18 10 19 10 21 10 22 11 22 11 23 11 24 13 26 14 27 14 28 16 29 16 30 19 31 20 33 21 34 ]
CSI_DATA,STA,E4:D1:24:F0:BE:00,-58,10,0,0,0,0,0,0,0,0,0,-97,0,5,0,30081639,0,399,0,0,30.4738,128,[-113 -15 24 0 37 -16 35 -16 35 -16 33 -16 32 -15 31 -16 30 -15 29 -15 28 -15 27 -14 26 -13 25 -12 24 -11 23 -11 22 -9 22 -9 20 -8 20 -8 19 -7 19 -6 17 -5 17 -4 17 -3 16 -3 15 -1 0 0 0 0 0 0 0 0 0 0 0 0 0 0 0 0 0 0 0 0 0 0 13 -10 13 -8 15 -8 15 -7 16 -7 16 -6 17 -6 17 -6 18 -5 19 -6 19 -5 20 -5 22 -5 22 -5 23 -5 25 -5 25 -5 27 -6 27 -6 29 -7 30 -8 32 -8 33 -10 35 -10 36 -12 39 -13 ]
CSI_DATA,STA,E4:D1:24:F0:BE:00,-58,10,0,0,0,0,0,0,0,0,0,-97,0,5,0,30184041,0,399,0,0,30.5762,128,[-113 -15 24 0 35 18 34 18 34 17 33 16 32 16 31 15 31 14 29 14 28 14 26 14 26 14 24 14 22 13 21 13 20 12 19 13 18 13 16 12 16 12 14 11 13 11 12 12 11 11 10 11 8 11 0 0 0 0 0 0 0 0 0 0 0 0 0 0 0 0 0 0 0 0 0 0 16 5 16 6 15 7 15 8 15 9 15 9 15 10 15 10 15 11 14 12 15 12 16 13 16 14 17 15 17 15 18 16 19 16 20 17 21 17 23 18 24 17 26 18 27 19 29 20 31 21 34 21 ]
CSI_DATA,STA,E4:D1:24:F0:BE:00,-58,10,0,0,0,0,0,0,0,0,0,-97,0,5,0,30286443,0,399,0,0,30.6786,128,[-113 -15 24 0 -37 5 -36 5 -35 5 -34 5 -34 5 -33 5 -31 5 -30 5 -29 5 -28 4 -28 4 -27 3 -26 3 -25 2 -23 1 -22 0 -21 0 -21 -1 -20 -2 -19 -2 -18 -2 -17 -3 -16 -3 -15 -4 -14 -4 0 0 0 0 0 0 0 0 0 0 0 0 0 0 0 0 0 0 0 0 0 0 -16 5 -16 4 -17 2 -16 2 -17 1 -17 1 -18 0 -18 -1 -18 -1 -19 -2 -19 -2 -20 -2 -21 -3 -22 -3 -22 -3 -23 -4 -24 -3 -25 -3 -26 -3 -27 -3 -28 -2 -29 -1 -31 0 -32 0 -35 1 -36 2 ]
CSI_DATA,STA,E4:D1:24:F0:BE:00,-58,10,0,0,0,0,0,0,0,0,0,-97,0,5,0,30388845,0,399,0,0,30.781,128,[-113 -15 24 0 5 -34 4 -33 4 -32 3 -31 2 -31 2 -30 2 -29 2 -28 2 -28 2 -26 3 -25 3 -25 3 -24 3 -23 3 -21 4 -20 5 -20 5 -19 5 -18 5 -17 5 -16 5 -15 6 -14 7 -13 6 -12 0 0 0 0 0 0 0 0 0 0 0 0 0 0 0 0 0 0 0 0 0 0 0 -15 1 -14 2 -15 3 -15 4 -15 4 -15 4 -15 5 -16 5 -16 6 -16 7 -16 7 -16 7 -17 8 -17 8 -18 8 -19 8 -19 8 -20 9 -21 8 -22 8 -24 8 -25 8 -26 7 -28 8 -30 7 -32 ]
CSI_DATA,STA,E4:D1:24:F0:BE:00,-57,10,0,0,0,0,0,0,0,0,0,-97,0,5,0,30491247,0,399,0,0,30.8833,128,[-113 -15 24 0 32 -22 30 -22 29 -22 28 -22 27 -21 26 -21 25 -20 24 -20 23 -20 22 -19 22 -18 21 -17 20 -16 20 -15 19 -14 19 -13 18 -12 18 -11 18 -10 17 -9 16 -8 15 -7 15 -6 15 -5 14 -4 0 0 0 0 0 0 0 0 0 0 0 0 0 0 0 0 0 0 0 0 0 0 12 -13 13 -11 14 -11 14 -10 15 -10 16 -9 16 -9 17 -9 18 -8 18 -8 18 -8 19 -8 20 -8 21 -8 22 -8 23 -9 23 -10 24 -11 25 -11 26 -11 27 -13 29 -14 29 -15 30 -16 32 -18 33 -20 ]
CSI_DATA,STA,E4:D1:24:F0:BE:00,-57,10,0,0,0,0,0,0,0,0,0,-97,0,5,0,30593650,0,399,0,0,30.9857,128,[-113 -15 24 0 -8 39 -6 38 -6 37 -5 35 -5 35 -4 34 -4 33 -4 32 -4 31 -5 30 -5 29 -5 28 -5 26 -6 26 -6 24 -6 23 -7 22 -7 21 -7 20 -8 19 -8 18 -8 17 -8 16 -9 14 -10 13 0 0 0 0 0 0 0 0 0 0 0 0 0 0 0 0 0 0 0 0 0 0 -2 15 -3 15 -3 15 -4 15 -5 15 -6 15 -6 16 -7 17 -7 17 -8 17 -8 17 -9 18 -9 18 -10 19 -10 20 -11 22 -10 22 -11 23 -10 23 -11 25 -10 27 -11 29 -10 31 -9 32 -10 35 -10 37 ]
CSI_DATA,STA,E4:D1:24:F0:BE:00,-58,10,0,0,0,0,0,0,0,0,0,-97,0,5,0,30696052,0,399,0,0,31.0883,128,[-113 -15 24 0 30 -14 29 -14 28 -14 27 -14 26 -14 26 -14 25 -13 24 -13 23 -13 22 -12 22 -11 21 -11 20 -10 19 -9 18 -8 18 -7 18 -6 17 -6 17 -5 16 -5 15 -4 14 -3 14 -3 14 -2 13 -1 0 0 0 0 0 0 0 0 0 0 0 0 0 0 0 0 0 0 0 0 0 0 11 -9 11 -8 12 -7 12 -7 13 -6 13 -6 14 -5 14 -5 15 -5 15 -4 16 -4 16 -4 18 -4 18 -4 19 -4 20 -4 20 -5 21 -5 22 -6 24 -6 24 -7 25 -8 26 -8 28 -10 29 -11 31 -12 ]
CSI_DATA,STA,E4:D1:24:F0:BE:00,-58,10,0,0,0,0,0,0,0,0,0,-97,0,5,0,30798454,0,399,0,0,31.1907,128,[-113 -15 24 0 -9 36 -8 35 -8 34 -7 33 -7 32 -7 31 -7 30 -6 30 -6 29 -5 28 -6 27 -5 26 -6 25 -7 23 -6 22 -7 21 -7 20 -8 19 -8 18 -8 17 -9 16 -8 15 -8 14 -9 13 -10 12 0 0 0 0 0 0 0 0 0 0 0 0 0 0 0 0 0 0 0 0 0 0 -2 16 -4 15 -5 16 -6 15 -7 16 -7 15 -8 16 -9 16 -9 16 -10 16 -10 16 -10 17 -11 17 -12 18 -12 18 -12 19 -13 20 -13 21 -13 22 -13 23 -13 25 -13 27 -12 28 -12 30 -12 32 -12 35 ]
CSI_DATA,STA,E4:D1:24:F0:BE:00,-58,10,0,0,0,0,0,0,0,0,0,-97,0,5,0,30900856,0,399,0,0,31.293,128,[-113 -15 24 0 42 -3 41 -3 40 -3 39 -3 38 -3 36 -3 36 -2 34 -2 33 -2 32 -2 31 -2 29 -1 28 0 26 0 24 1 24 2 23 2 21 3 21 3 20 3 18 3 17 4 16 4 15 5 15 5 0 0 0 0 0 0 0 0 0 0 0 0 0 0 0 0 0 0 0 0 0 0 15 -5 15 -3 15 -2 15 -1 16 -1 16 0 17 0 17 0 18 1 18 1 18 1 19 2 21 2 22 3 23 3 24 3 25 3 26 3 28 2 29 2 31 2 32 2 34 1 37 0 39 0 42 -1 ]
CSI_DATA,STA,E4:D1:24:F0:BE:00,-57,10,0,0,0,0,0,0,0,0,0,-97,0,5,0,31003258,0,399,0,0,31.3954,128,[-113 -15 24 0 -28 25 -27 26 -26 24 -25 26 -24 24 -23 24 -22 23 -21 23 -21 22 -21 21 -20 20 -19 19 -19 18 -18 17 -18 16 -18 15 -18 14 -18 13 -17 12 -17 11 -16 10 -15 9 -16 8 -15 7 -16 5 0 0 0 0 0 0 0 0 0 0 0 0 0 0 0 0 0 0 0 0 0 0 -10 13 -12 12 -12 11 -14 11 -14 10 -15 10 -16 10 -16 10 -17 9 -17 9 -18 9 -18 9 -19 9 -20 9 -21 9 -22 10 -23 11 -23 11 -24 13 -25 14 -25 15 -26 16 -26 17 -28 19 -28 21 -29 23 ]
CSI_DATA,STA,E4:D1:24:F0:BE:00,-56,10,0,0,0,0,0,0,0,0,0,-97,0,5,0,31105660,0,399,0,0,31.4978,128,[-113 -15 24 0 -28 20 -26 20 -25 20 -24 19 -23 20 -22 19 -21 19 -20 19 -20 18 -19 17 -19 16 -18 15 -18 14 -17 14 -16 13 -17 12 -15 12 -16 11 -15 10 -15 9 -14 8 -14 7 -14 6 -14 6 -14 5 0 0 0 0 0 0 0 0 0 0 0 0 0 0 0 0 0 0 0 0 0 0 -11 9 -11 8 -12 7 -13 7 -13 7 -13 6 -14 6 -15 6 -15 6 -16 5 -16 5 -17 5 -17 5 -18 6 -19 6 -20 7 -20 7 -22 8 -22 9 -23 9 -23 11 -24 12 -25 13 -26 14 -27 16 -28 17 ]
CSI_DATA,STA,E4:D1:24:F0:BE:00,-57,10,0,0,0,0,0,0,0,0,0,-97,0,5,0,31208061,0,399,0,0,31.6001,128,[-113 -15 24 0 -34 18 -33 20 -31 19 -31 19 -29 19 -28 19 -27 19 -27 19 -26 17 -25 17 -25 16 -24 15 -24 15 -22 13 -22 13 -22 11 -22 11 -21 10 -20 9 -19 8 -19 7 -18 6 -18 5 -18 4 -17 2 0 0 0 0 0 0 0 0 0 0 0 0 0 0 0 0 0 0 0 0 0 0 -13 11 -15 10 -15 9 -16 8 -17 7 -18 7 -18 7 -19 6 -20 6 -20 5 -21 4 -21 5 -23 4 -24 4 -24 4 -25 5 -26 5 -27 5 -28 7 -28 7 -29 9 -30 10 -31 11 -33 12 -34 13 -35 16 ]
CSI_DATA,STA,E4:D1:24:F0:BE:00,-57,10,0,0,0,0,0,0,0,0,0,-97,0,5,0,31310463,0,399,0,0,31.7025,128,[-113 -15 24 0 -37 -2 -36 0 -34 0 -34 1 -33 1 -33 1 -31 1 -30 1 -29 1 -29 1 -28 1 -27 0 -26 0 -24 0 -24 -1 -23 -1 -22 -2 -22 -2 -20 -3 -19 -3 -19 -4 -18 -4 -17 -5 -17 -5 -15 -7 0 0 0 0 0 0 0 0 0 0 0 0 0 0 0 0 0 0 0 0 0 0 -15 1 -16 -1 -16 -2 -16 -3 -17 -3 -16 -4 -16 -4 -17 -5 -17 -5 -17 -6 -17 -6 -18 -6 -19 -7 -19 -7 -20 -8 -21 -7 -22 -8 -23 -7 -25 -8 -26 -7 -26 -7 -28 -6 -29 -6 -31 -5 -33 -4 -35 -4 ]
CSI_DATA,STA,E4:D1:24:F0:BE:00,-57,10,0,0,0,0,0,0,0,0,0,-97,0,5,0,31412865,0,399,0,0,31.805,128,[-113 -15 24 0 -5 35 -5 34 -4 33 -4 32 -2 31 -2 30 -2 29 -2 29 -2 28 -2 27 -3 26 -3 25 -3 24 -3 23 -4 21 -4 21 -4 20 -5 20 -5 18 -5 18 -6 17 -6 16 -6 15 -7 14 -8 13 0 0 0 0 0 0 0 0 0 0 0 0 0 0 0 0 0 0 0 0 0 0 0 14 -1 14 -2 15 -3 15 -4 15 -5 15 -5 15 -6 16 -6 16 -7 16 -7 16 -8 17 -8 18 -9 18 -9 19 -9 20 -10 20 -9 22 -10 22 -9 24 -9 25 -9 27 -9 28 -9 30 -9 32 -8 34 ]
CSI_DATA,STA,E4:D1:24:F0:BE:00,-58,10,0,0,0,0,0,0,0,0,0,-97,0,5,0,31515267,0,399,0,0,31.9075,128,[-113 -15 24 0 5 32 6 31 6 29 6 29 7 29 6 28 7 26 6 26 6 26 6 24 6 24 5 23 5 22 4 21 3 20 3 20 2 20 2 19 1 18 0 18 0 17 0 16 -1 15 -2 15 -3 15 0 0 0 0 0 0 0 0 0 0 0 0 0 0 0 0 0 0 0 0 0 0 3 13 2 13 1 14 1 14 0 14 -1 15 -1 15 -1 15 -2 16 -2 16 -3 17 -3 17 -4 18 -4 18 -4 19 -4 19 -4 20 -3 21 -3 22 -3 23 -2 23 -1 25 -1 26 0 27 1 29 2 31 ]
CSI_DATA,STA,E4:D1:24:F0:BE:00,-57,10,0,0,0,0,0,0,0,0,0,-97,0,5,0,31617669,0,399,0,0,32.0099,128,[-113 -15 24 0 -38 11 -36 11 -35 11 -33 10 -32 11 -31 11 -30 11 -29 10 -29 10 -27 10 -26 9 -26 9 -24 8 -24 7 -22 6 -22 6 -21 5 -21 5 -20 4 -20 3 -19 2 -18 2 -18 1 -17 0 -16 -1 0 0 0 0 0 0 0 0 0 0 0 0 0 0 0 0 0 0 0 0 0 0 -15 6 -15 5 -17 4 -16 3 -17 3 -17 2 -17 2 -18 2 -18 1 -19 1 -19 0 -20 1 -21 0 -22 0 -22 0 -24 0 -24 0 -26 1 -26 1 -27 1 -29 3 -30 4 -32 5 -33 6 -35 7 -36 8 ]
CSI_DATA,STA,E4:D1:24:F0:BE:00,-58,10,0,0,0,0,0,0,0,0,0,-97,0,5,0,31720071,0,399,0,0,32.1122,128,[-113 -15 24 0 2 41 3 40 3 38 4 37 4 36 4 35 4 33 3 32 3 31 2 30 2 29 2 28 1 27 1 26 0 24 0 24 -1 23 -1 22 -2 21 -2 20 -3 19 -3 18 -4 17 -5 16 -5 16 0 0 0 0 0 0 0 0 0 0 0 0 0 0 0 0 0 0 0 0 0 0 4 16 2 17 2 17 0 17 0 17 -1 18 -1 18 -1 18 -2 18 -3 19 -3 19 -4 20 -3 21 -4 22 -4 22 -4 24 -4 25 -4 26 -3 27 -4 29 -3 30 -2 32 -2 33 -1 35 -1 37 0 39 ]
CSI_DATA,STA,E4:D1:24:F0:BE:00,-58,10,0,0,0,0,0,0,0,0,0,-97,0,5,0,31822473,0,399,0,0,32.2147,128,[-113 -15 24 0 -28 25 -27 25 -25 24 -25 23 -24 23 -23 22 -23 21 -22 21 -21 20 -21 20 -20 19 -20 18 -20 17 -19 16 -19 15 -18 14 -18 13 -18 12 -18 11 -17 10 -17 9 -16 8 -17 7 -16 6 -16 5 0 0 0 0 0 0 0 0 0 0 0 0 0 0 0 0 0 0 0 0 0 0 -9 11 -10 11 -11 10 -12 9 -12 9 -13 9 -14 9 -14 9 -15 9 -15 9 -16 9 -17 9 -18 9 -18 9 -19 10 -20 10 -20 10 -21 11 -22 12 -23 13 -23 14 -24 16 -24 17 -26 19 -27 20 -28 22 ]
CSI_DATA,STA,E4:D1:24:F0:BE:00,-58,10,0,0,0,0,0,0,0,0,0,-97,0,5,0,31924874,0,399,0,0,32.3169,128,[-113 -15 24 0 -5 37 -4 36 -4 35 -3 34 -3 33 -2 32 -2 31 -2 30 -2 30 -2 29 -3 27 -3 27 -3 26 -3 25 -4 23 -4 22 -4 22 -5 21 -5 20 -6 19 -6 17 -7 16 -7 16 -8 14 -8 15 0 0 0 0 0 0 0 0 0 0 0 0 0 0 0 0 0 0 0 0 0 0 1 16 0 16 -2 16 -2 16 -3 16 -4 16 -4 17 -5 17 -6 18 -6 18 -6 18 -7 19 -7 19 -8 20 -9 21 -9 22 -9 22 -10 24 -9 25 -10 26 -9 27 -9 29 -9 30 -9 32 -9 34 -8 36 ]
CSI_DATA,STA,E4:D1:24:F0:BE:00,-58,10,0,0,0,0,0,0,0,0,0,-97,0,5,0,32027276,0,399,0,0,32.4193,128,[-113 -15 24 0 -36 16 -36 16 -34 16 -34 16 -32 17 -31 16 -30 16 -29 16 -28 15 -28 14 -27 13 -26 13 -25 12 -24 10 -23 10 -22 9 -22 8 -21 8 -20 7 -20 6 -19 5 -18 4 -18 3 -17 3 -17 2 0 0 0 0 0 0 0 0 0 0 0 0 0 0 0 0 0 0 0 0 0 0 -15 8 -16 7 -16 6 -17 5 -17 4 -18 4 -18 4 -18 4 -19 3 -19 3 -19 3 -21 3 -22 3 -22 3 -24 3 -25 3 -25 4 -27 4 -28 5 -29 6 -29 7 -31 8 -32 9 -33 10 -35 11 -37 13 ]
CSI_DATA,STA,E4:D1:24:F0:BE:00,-59,10,0,0,0,0,0,0,0,0,0,-97,0,5,0,32129678,0,399,0,0,32.5218,128,[-113 -15 24 0 12 -35 11 -35 10 -32 10 -33 9 -31 9 -31 8 -30 8 -29 8 -28 7 -28 7 -26 7 -26 7 -24 7 -23 8 -22 7 -21 8 -20 8 -19 8 -18 8 -17 8 -16 8 -15 8 -14 8 -14 8 -12 0 0 0 0 0 0 0 0 0 0 0 0 0 0 0 0 0 0 0 0 0 0 3 -17 4 -16 5 -16 6 -16 7 -16 8 -16 8 -16 9 -16 10 -16 10 -16 10 -15 11 -16 12 -17 12 -18 13 -18 13 -19 13 -20 14 -21 14 -22 15 -22 14 -24 15 -25 15 -27 15 -29 15 -31 16 -33 ]
CSI_DATA,STA,E4:D1:24:F0:BE:00,-58,10,0,0,0,0,0,0,0,0,0,-97,0,5,0,32232080,0,399,0,0,32.6243,128,[-113 -15 24 0 -26 20 -24 20 -23 20 -22 19 -21 20 -21 20 -20 18 -19 18 -19 18 -19 17 -18 16 -18 16 -17 14 -17 14 -16 12 -16 12 -15 11 -16 10 -15 9 -14 8 -14 7 -14 7 -13 6 -13 5 -13 4 0 0 0 0 0 0 0 0 0 0 0 0 0 0 0 0 0 0 0 0 0 0 -11 10 -11 8 -12 8 -12 7 -13 7 -14 7 -14 7 -15 6 -15 6 -16 6 -16 6 -16 6 -17 6 -18 6 -18 6 -20 7 -20 7 -21 8 -21 9 -21 9 -22 10 -23 11 -24 13 -24 14 -25 16 -26 17 ]
CSI_DATA,STA,E4:D1:24:F0:BE:00,-58,10,0,0,0,0,0,0,0,0,0,-97,0,5,0,32334482,0,399,0,0,32.7267,128,[-113 -15 24 0 18 35 17 33 18 33 18 31 18 31 17 30 16 29 16 28 15 27 14 27 13 26 12 25 11 24 10 23 9 22 8 22 8 21 7 20 6 19 5 18 5 17 4 17 3 16 2 16 1 15 0 0 0 0 0 0 0 0 0 0 0 0 0 0 0 0 0 0 0 0 0 0 9 14 7 14 6 15 5 15 5 16 5 16 4 17 4 17 4 17 3 18 3 18 3 19 3 21 3 21 4 21 4 22 4 23 5 24 6 25 7 26 8 27 9 29 10 30 12 31 13 33 15 35 ]
CSI_DATA,STA,E4:D1:24:F0:BE:00,-58,10,0,0,0,0,0,0,0,0,0,-97,0,5,0,32436884,0,399,0,0,32.8291,128,[-113 -15 24 0 -1 -34 -1 -33 -2 -32 -2 -32 -2 -30 -3 -30 -2 -30 -2 -29 -2 -28 -2 -27 -2 -26 -2 -25 -1 -24 0 -23 0 -22 1 -21 1 -21 1 -20 2 -19 3 -18 3 -17 3 -16 3 -15 4 -14 4 -13 0 0 0 0 0 0 0 0 0 0 0 0 0 0 0 0 0 0 0 0 0 0 -3 -16 -1 -16 0 -16 1 -16 2 -16 3 -17 3 -17 3 -17 4 -17 5 -17 5 -17 5 -18 6 -18 6 -19 7 -19 6 -20 6 -20 6 -22 6 -22 6 -23 5 -25 5 -26 4 -28 3 -29 3 -30 2 -33 ]
CSI_DATA,STA,E4:D1:24:F0:BE:00,-57,10,0,0,0,0,0,0,0,0,0,-97,0,5,0,32539286,0,399,0,0,32.9315,128,[-113 -15 24 0 24 -31 23 -30 22 -29 21 -28 20 -28 20 -28 20 -26 19 -26 18 -26 18 -25 17 -24 17 -22 16 -21 16 -20 15 -18 16 -18 16 -16 15 -16 15 -14 15 -13 15 -12 14 -11 14 -10 14 -9 14 -8 0 0 0 0 0 0 0 0 0 0 0 0 0 0 0 0 0 0 0 0 0 0 8 -14 9 -14 10 -13 10 -13 11 -13 12 -12 12 -13 13 -13 14 -12 14 -12 15 -12 16 -12 17 -13 17 -13 18 -13 18 -15 19 -15 20 -16 20 -16 21 -18 21 -19 23 -21 23 -22 24 -24 24 -26 25 -28 ]
CSI_DATA,STA,E4:D1:24:F0:BE:00,-58,10,0,0,0,0,0,0,0,0,0,-97,0,5,0,32641687,0,399,0,0,33.0339,128,[-113 -15 24 0 -34 -2 -34 -1 -32 0 -32 0 -31 1 -30 0 -29 1 -28 1 -27 0 -27 0 -26 0 -25 -1 -24 -1 -23 -1 -22 -2 -21 -2 -20 -3 -19 -3 -18 -3 -18 -3 -16 -4 -16 -4 -15 -5 -14 -5 -14 -6 0 0 0 0 0 0 0 0 0 0 0 0 0 0 0 0 0 0 0 0 0 0 -15 3 -15 1 -15 0 -16 0 -16 -1 -16 -2 -17 -2 -17 -3 -17 -3 -18 -3 -18 -4 -19 -5 -20 -6 -20 -6 -21 -6 -22 -7 -23 -6 -23 -6 -25 -7 -25 -6 -27 -6 -28 -6 -29 -5 -30 -5 -32 -5 -34 -4 ]
CSI_DATA,STA,E4:D1:24:F0:BE:00,-59,10,0,0,0,0,0,0,0,0,0,-97,0,5,0,32744089,0,399,0,0,33.1361,128,[-113 -15 24 0 -34 -12 -34 -11 -33 -9 -32 -9 -32 -8 -31 -8 -30 -8 -29 -8 -28 -7 -27 -7 -27 -7 -25 -7 -24 -8 -23 -7 -21 -8 -20 -8 -20 -8 -18 -8 -18 -8 -17 -8 -16 -9 -15 -8 -14 -8 -13 -9 -13 -9 0 0 0 0 0 0 0 0 0 0 0 0 0 0 0 0 0 0 0 0 0 0 -17 -2 -17 -3 -16 -5 -16 -6 -16 -6 -16 -7 -16 -7 -16 -8 -17 -8 -17 -9 -17 -9 -18 -10 -18 -11 -19 -11 -19 -12 -21 -12 -21 -13 -22 -13 -23 -14 -24 -14 -25 -14 -27 -14 -28 -13 -30 -14 -32 -14 -34 -13 ]
CSI_DATA,STA,E4:D1:24:F0:BE:00,-58,10,0,0,0,0,0,0,0,0,0,-97,0,5,0,32846491,0,399,0,0,33.2388,128,[-113 -15 24 0 33 11 32 10 32 9 30 8 31 8 29 8 28 7 27 7 27 7 25 7 24 7 23 7 21 7 21 6 19 6 19 8 17 7 17 7 16 7 14 7 13 7 13 7 12 7 11 7 10 7 0 0 0 0 0 0 0 0 0 0 0 0 0 0 0 0 0 0 0 0 0 0 15 0 14 1 15 3 14 3 15 4 15 5 16 6 16 7 16 7 16 8 16 8 17 9 17 10 18 10 18 11 20 11 19 11 21 13 21 12 23 12 24 12 26 12 27 13 29 13 31 13 33 12 ]
CSI_DATA,STA,E4:D1:24:F0:BE:00,-58,10,0,0,0,0,0,0,0,0,0,-97,0,5,0,32948893,0,399,0,0,33.3411,128,[-113 -15 24 0 17 -27 16 -27 15 -27 14 -25 13 -25 13 -25 12 -24 12 -23 11 -23 11 -22 10 -21 10 -20 10 -19 10 -18 10 -17 10 -16 10 -15 10 -15 10 -14 9 -13 10 -12 9 -11 9 -10 9 -9 9 -8 0 0 0 0 0 0 0 0 0 0 0 0 0 0 0 0 0 0 0 0 0 0 5 -13 6 -12 7 -12 7 -12 9 -12 9 -12 10 -11 10 -12 11 -11 11 -12 11 -12 12 -12 12 -12 13 -13 13 -13 14 -14 14 -14 15 -16 15 -16 16 -17 16 -18 17 -20 17 -21 17 -22 18 -25 19 -26 ]
CSI_DATA,STA,E4:D1:24:F0:BE:00,-58,10,0,0,0,0,0,0,0,0,0,-97,0,5,0,33051295,0,399,0,0,33.4435,128,[-113 -15 24 0 -30 -25 -29 -24 -29 -23 -29 -22 -28 -21 -27 -20 -27 -20 -25 -19 -24 -18 -24 -18 -23 -17 -21 -17 -20 -17 -19 -16 -18 -15 -17 -15 -16 -15 -15 -15 -14 -14 -13 -14 -12 -14 -11 -13 -11 -13 -9 -13 -8 -13 0 0 0 0 0 0 0 0 0 0 0 0 0 0 0 0 0 0 0 0 0 0 -16 -8 -16 -10 -15 -11 -14 -12 -13 -13 -14 -14 -13 -14 -14 -15 -13 -15 -13 -16 -13 -17 -14 -18 -14 -19 -14 -19 -15 -20 -15 -21 -16 -21 -15 -22 -17 -23 -18 -23 -20 -24 -21 -25 -22 -25 -24 -26 -26 -27 -28 -28 ]
CSI_DATA,STA,E4:D1:24:F0:BE:00,-58,10,0,0,0,0,0,0,0,0,0,-97,0,5,0,33153697,0,399,0,0,33.5459,128,[-113 -15 24 0 37 9 35 9 35 8 34 7 34 6 33 7 31 6 30 6 29 6 29 5 28 6 26 6 25 6 24 6 22 6 21 7 20 7 19 7 18 7 17 7 15 7 14 7 14 7 12 8 11 8 0 0 0 0 0 0 0 0 0 0 0 0 0 0 0 0 0 0 0 0 0 0 17 0 17 2 17 3 17 4 17 5 17 5 17 6 18 7 18 7 17 8 18 8 18 9 19 10 20 10 20 11 21 11 22 11 23 12 24 12 25 12 27 12 29 12 30 12 32 13 34 13 37 12 ]
CSI_DATA,STA,E4:D1:24:F0:BE:00,-58,10,0,0,0,0,0,0,0,0,0,-97,0,5,0,33256099,0,399,0,0,33.6483,128,[-113 -15 24 0 -12 -29 -12 -28 -12 -27 -12 -26 -12 -25 -12 -24 -12 -24 -12 -23 -11 -23 -10 -22 -10 -21 -9 -20 -9 -20 -8 -19 -7 -18 -7 -18 -6 -17 -6 -17 -5 -16 -4 -16 -4 -15 -3 -14 -3 -14 -2 -13 -1 -13 0 0 0 0 0 0 0 0 0 0 0 0 0 0 0 0 0 0 0 0 0 0 -9 -13 -8 -14 -7 -15 -6 -15 -5 -15 -5 -15 -4 -16 -4 -17 -4 -17 -3 -17 -3 -17 -2 -18 -2 -19 -2 -20 -2 -20 -2 -21 -3 -21 -3 -23 -3 -23 -4 -24 -5 -25 -5 -26 -6 -27 -7 -27 -7 -29 -8 -30 ]
CSI_DATA,STA,E4:D1:24:F0:BE:00,-57,10,0,0,0,0,0,0,0,0,0,-97,0,5,0,33358500,0,399,0,0,33.7507,128,[-113 -15 24 0 5 36 6 35 6 34 6 32 7 32 7 31 7 30 7 29 6 28 5 27 5 26 5 25 4 24 4 24 3 21 3 21 2 21 1 20 0 19 0 18 0 17 -1 16 -2 15 -3 15 -4 13 0 0 0 0 0 0 0 0 0 0 0 0 0 0 0 0 0 0 0 0 0 0 5 16 3 16 2 17 1 17 0 18 0 18 0 18 -1 18 -2 19 -2 19 -3 19 -3 20 -3 21 -4 21 -3 22 -3 23 -3 23 -3 26 -3 25 -2 27 -1 28 -1 30 -1 32 0 33 1 34 2 36 ]
CSI_DATA,STA,E4:D1:24:F0:BE:00,-58,10,0,0,0,0,0,0,0,0,0,-97,0,5,0,33460902,0,399,0,0,33.853,128,[-113 -15 24 0 36 -4 35 -4 35 -5 34 -5 33 -5 32 -5 31 -4 30 -5 29 -4 28 -5 28 -4 26 -3 25 -2 24 -2 23 -1 23 0 22 0 21 1 20 2 19 3 17 3 17 4 16 4 15 4 14 5 0 0 0 0 0 0 0 0 0 0 0 0 0 0 0 0 0 0 0 0 0 0 16 -5 16 -4 16 -3 16 -2 17 -1 17 0 17 1 18 1 18 1 18 1 18 2 19 2 20 3 21 3 22 3 22 3 23 3 24 3 26 2 26 3 28 2 30 2 30 1 32 0 35 0 37 -1 ]
CSI_DATA,STA,E4:D1:24:F0:BE:00,-58,10,0,0,0,0,0,0,0,0,0,-97,0,5,0,33563305,0,399,0,0,33.9553,128,[-113 -15 24 0 -23 -31 -22 -29 -22 -28 -22 -26 -21 -25 -22 -25 -20 -24 -20 -23 -20 -23 -19 -21 -18 -20 -18 -20 -16 -19 -15 -19 -13 -18 -13 -18 -12 -17 -11 -17 -10 -16 -9 -16 -8 -16 -8 -15 -7 -14 -6 -14 -4 -14 0 0 0 0 0 0 0 0 0 0 0 0 0 0 0 0 0 0 0 0 0 0 -13 -12 -11 -13 -11 -14 -10 -14 -10 -15 -10 -15 -10 -16 -9 -17 -9 -17 -9 -18 -8 -18 -8 -19 -9 -20 -9 -21 -9 -21 -10 -22 -10 -22 -11 -24 -12 -24 -12 -25 -14 -26 -15 -28 -16 -28 -17 -29 -19 -31 -20 -32 ]
CSI_DATA,STA,E4:D1:24:F0:BE:00,-58,10,0,0,0,0,0,0,0,0,0,-97,0,5,0,33665707,0,399,0,0,34.0579,128,[-113 -15 24 0 -29 -19 -30 -18 -27 -16 -27 -15 -27 -14 -26 -14 -25 -13 -25 -12 -24 -12 -23 -12 -22 -12 -21 -11 -21 -11 -19 -10 -18 -10 -17 -10 -17 -11 -16 -10 -15 -10 -13 -10 -13 -10 -12 -10 -11 -10 -10 -10 -9 -10 0 0 0 0 0 0 0 0 0 0 0 0 0 0 0 0 0 0 0 0 0 0 -15 -6 -15 -7 -14 -8 -14 -9 -14 -10 -14 -11 -14 -11 -14 -11 -14 -12 -14 -13 -14 -13 -14 -14 -15 -15 -15 -15 -16 -16 -16 -16 -17 -17 -18 -18 -19 -18 -19 -19 -21 -19 -22 -20 -23 -19 -25 -20 -26 -20 -28 -21 ]
CSI_DATA,STA,E4:D1:24:F0:BE:00,-59,10,0,0,0,0,0,0,0,0,0,-97,0,5,0,33768109,0,399,0,0,34.1603,128,[-113 -15 24 0 6 37 6 36 6 34 7 34 7 33 7 31 7 30 6 30 6 29 5 27 5 26 4 26 4 25 3 23 2 22 2 21 1 20 1 19 0 18 0 17 -1 16 -1 16 -1 15 -2 14 -2 13 0 0 0 0 0 0 0 0 0 0 0 0 0 0 0 0 0 0 0 0 0 0 4 15 3 15 2 16 1 16 0 16 0 16 0 17 0 17 -1 17 -1 17 -2 18 -2 19 -2 20 -2 20 -2 22 -2 22 -2 23 -2 24 -1 26 -1 27 0 28 0 30 1 30 1 32 2 35 3 37 ]
CSI_DATA,STA,E4:D1:24:F0:BE:00,-59,10,0,0,0,0,0,0,0,0,0,-97,0,5,0,33870511,0,399,0,0,34.2627,128,[-113 -15 24 0 -40 2 -38 2 -38 3 -36 3 -36 4 -35 4 -33 4 -33 4 -33 4 -31 3 -30 3 -29 2 -27 2 -27 1 -25 1 -24 0 -23 -1 -23 0 -22 -2 -21 -2 -19 -2 -19 -3 -18 -3 -17 -4 -16 -4 0 0 0 0 0 0 0 0 0 0 0 0 0 0 0 0 0 0 0 0 0 0 -18 3 -18 1 -19 0 -18 -1 -19 -2 -19 -2 -20 -3 -20 -3 -20 -4 -20 -4 -20 -5 -21 -5 -22 -6 -22 -7 -23 -6 -25 -6 -25 -6 -27 -6 -27 -6 -29 -6 -30 -5 -32 -4 -33 -4 -35 -4 -37 -2 -39 -2 ]
CSI_DATA,STA,E4:D1:24:F0:BE:00,-59,10,0,0,0,0,0,0,0,0,0,-97,0,5,0,33972913,0,399,0,0,34.3651,128,[-113 -15 24 0 -38 -15 -37 -14 -37 -13 -35 -12 -35 -12 -34 -12 -33 -11 -32 -11 -31 -11 -30 -11 -29 -11 -27 -11 -26 -11 -25 -11 -22 -11 -22 -11 -21 -11 -20 -11 -18 -11 -17 -11 -16 -11 -15 -11 -14 -11 -13 -11 -11 -11 0 0 0 0 0 0 0 0 0 0 0 0 0 0 0 0 0 0 0 0 0 0 -17 -4 -16 -5 -16 -6 -16 -7 -16 -8 -16 -8 -16 -9 -17 -10 -17 -10 -17 -11 -17 -11 -18 -11 -19 -12 -19 -13 -19 -14 -21 -14 -21 -15 -23 -15 -23 -16 -25 -16 -26 -16 -28 -17 -30 -17 -32 -16 -34 -17 -36 -17 ]
CSI_DATA,STA,E4:D1:24:F0:BE:00,-58,10,0,0,0,0,0,0,0,0,0,-97,0,5,0,34075314,0,399,0,0,34.4675,128,[-113 -15 24 0 39 7 38 7 37 7 36 7 35 7 34 6 33 6 32 6 31 6 30 6 29 6 28 6 26 6 25 7 24 7 22 7 21 8 20 8 19 9 18 8 16 9 15 9 15 8 14 9 13 10 0 0 0 0 0 0 0 0 0 0 0 0 0 0 0 0 0 0 0 0 0 0 15 0 15 1 15 2 15 3 15 4 15 5 15 5 16 5 16 6 16 6 17 6 17 7 18 8 19 8 19 9 20 9 21 9 22 9 24 10 25 10 26 9 29 10 30 9 33 9 35 10 38 9 ]
CSI_DATA,STA,E4:D1:24:F0:BE:00,-57,10,0,0,0,0,0,0,0,0,0,-97,0,5,0,34177716,0,399,0,0,34.5699,128,[-113 -15 24 0 -38 -13 -38 -12 -36 -11 -36 -11 -35 -10 -33 -10 -32 -9 -32 -8 -30 -9 -30 -8 -29 -8 -27 -8 -27 -8 -25 -8 -23 -8 -22 -8 -22 -9 -21 -9 -20 -9 -19 -9 -18 -9 -16 -9 -16 -10 -15 -10 -14 -10 0 0 0 0 0 0 0 0 0 0 0 0 0 0 0 0 0 0 0 0 0 0 -15 -4 -15 -5 -15 -6 -15 -7 -15 -7 -16 -8 -16 -8 -16 -9 -16 -9 -16 -10 -17 -11 -17 -11 -17 -12 -18 -12 -19 -13 -20 -13 -21 -13 -22 -14 -23 -14 -24 -14 -26 -14 -28 -15 -29 -14 -32 -14 -34 -14 -36 -15 ]
CSI_DATA,STA,E4:D1:24:F0:BE:00,-58,10,0,0,0,0,0,0,0,0,0,-97,0,5,0,34280118,0,399,0,0,34.6721,128,[-113 -15 24 0 33 14 32 13 32 13 31 11 30 11 29 11 28 11 27 10 26 10 25 10 24 10 23 9 22 10 21 10 19 9 18 10 17 10 16 10 15 10 14 9 13 9 12 9 11 9 10 9 9 10 0 0 0 0 0 0 0 0 0 0 0 0 0 0 0 0 0 0 0 0 0 0 14 2 14 3 14 4 13 4 14 6 14 6 14 7 15 7 15 8 15 8 15 9 15 10 16 10 17 11 17 12 18 12 18 12 20 13 20 13 22 14 23 14 25 15 26 15 28 15 30 15 32 15 ]
CSI_DATA,STA,E4:D1:24:F0:BE:00,-58,10,0,0,0,0,0,0,0,0,0,-97,0,5,0,34382520,0,399,0,0,34.7747,128,[-113 -15 24 0 -11 -35 -11 -34 -12 -32 -12 -31 -12 -31 -12 -30 -12 -29 -12 -29 -12 -28 -11 -27 -11 -27 -10 -26 -9 -25 -8 -24 -7 -23 -7 -23 -6 -22 -5 -22 -4 -21 -4 -20 -3 -19 -2 -18 -1 -18 0 -17 1 -16 0 0 0 0 0 0 0 0 0 0 0 0 0 0 0 0 0 0 0 0 0 0 -6 -14 -5 -14 -4 -15 -3 -15 -3 -16 -2 -16 -2 -16 -1 -17 -1 -17 -1 -18 0 -18 0 -19 0 -19 0 -21 0 -21 0 -22 -1 -23 0 -24 -1 -24 -1 -25 -3 -27 -3 -29 -4 -29 -5 -31 -7 -33 -8 -34 ]
CSI_DATA,STA,E4:D1:24:F0:BE:00,-58,10,0,0,0,0,0,0,0,0,0,-97,0,5,0,34484922,0,399,0,0,34.8771,128,[-113 -15 24 0 -30 -15 -30 -14 -29 -12 -29 -12 -28 -11 -28 -11 -27 -10 -26 -10 -25 -10 -24 -10 -24 -10 -22 -10 -22 -9 -20 -9 -19 -9 -18 -9 -18 -9 -16 -9 -16 -9 -15 -9 -14 -9 -13 -9 -12 -9 -11 -9 -11 -9 0 0 0 0 0 0 0 0 0 0 0 0 0 0 0 0 0 0 0 0 0 0 -16 -3 -16 -4 -15 -6 -16 -7 -15 -8 -15 -8 -15 -9 -15 -9 -15 -10 -15 -11 -15 -11 -16 -12 -16 -13 -16 -13 -17 -14 -18 -15 -18 -15 -19 -15 -20 -16 -20 -16 -22 -16 -23 -17 -24 -16 -26 -17 -28 -17 -30 -16 ]
CSI_DATA,STA,E4:D1:24:F0:BE:00,-58,10,0,0,0,0,0,0,0,0,0,-97,0,5,0,34587323,0,399,0,0,34.9795,128,[-113 -15 24 0 -32 -25 -32 -24 -30 -24 -30 -23 -29 -21 -29 -21 -27 -21 -27 -20 -26 -19 -26 -19 -25 -18 -24 -18 -22 -18 -21 -17 -19 -17 -19 -16 -17 -16 -16 -16 -15 -16 -14 -16 -13 -15 -13 -15 -12 -15 -10 -15 -10 -15 0 0 0 0 0 0 0 0 0 0 0 0 0 0 0 0 0 0 0 0 0 0 -14 -9 -13 -10 -12 -11 -12 -12 -11 -13 -11 -13 -11 -14 -11 -14 -11 -15 -11 -15 -11 -15 -11 -16 -12 -17 -12 -18 -13 -19 -14 -19 -14 -20 -15 -21 -16 -21 -17 -22 -19 -23 -21 -24 -22 -23 -25 -24 -26 -25 -28 -27 ]
CSI_DATA,STA,E4:D1:24:F0:BE:00,-58,10,0,0,0,0,0,0,0,0,0,-97,0,5,0,34689724,0,399,0,0,35.0819,128,[-113 -15 24 0 -21 -32 -22 -32 -21 -29 -21 -29 -21 -28 -21 -27 -20 -26 -20 -26 -19 -25 -19 -24 -18 -24 -17 -23 -16 -22 -14 -21 -13 -21 -12 -20 -12 -20 -11 -19 -10 -18 -9 -18 -8 -17 -8 -17 -7 -16 -6 -16 -5 -16 0 0 0 0 0 0 0 0 0 0 0 0 0 0 0 0 0 0 0 0 0 0 -11 -12 -10 -13 -9 -13 -9 -14 -8 -14 -8 -15 -8 -15 -8 -16 -8 -16 -8 -17 -7 -17 -7 -19 -8 -19 -8 -21 -8 -22 -8 -22 -9 -23 -9 -24 -10 -25 -11 -25 -13 -27 -13 -28 -15 -28 -16 -30 -18 -32 -20 -33 ]
CSI_DATA,STA,E4:D1:24:F0:BE:00,-59,10,0,0,0,0,0,0,0,0,0,-97,0,5,0,34792126,0,399,0,0,35.1843,128,[-113 -15 24 0 -36 11 -35 11 -34 12 -33 11 -32 11 -32 11 -30 11 -30 11 -29 10 -28 10 -27 8 -26 8 -25 7 -25 7 -23 6 -23 5 -22 4 -22 3 -21 2 -20 2 -19 1 -18 1 -18 0 -16 -1 -17 -2 0 0 0 0 0 0 0 0 0 0 0 0 0 0 0 0 0 0 0 0 0 0 -13 7 -14 6 -15 5 -15 5 -15 4 -16 4 -17 4 -17 3 -18 3 -18 3 -18 2 -19 2 -20 2 -22 2 -22 2 -24 2 -24 2 -25 2 -26 3 -27 3 -29 4 -30 4 -31 5 -33 7 -35 8 -37 9 ]
CSI_DATA,STA,E4:D1:24:F0:BE:00,-58,10,0,0,0,0,0,0,0,0,0,-97,0,5,0,34894528,0,399,0,0,35.2867,128,[-113 -15 24 0 -40 0 -39 1 -38 2 -36 2 -37 1 -36 1 -34 1 -33 1 -33 1 -31 2 -31 0 -29 0 -28 -1 -27 -1 -25 -1 -24 -2 -23 -3 -23 -3 -22 -4 -21 -4 -19 -5 -19 -5 -17 -5 -17 -5 -16 -7 0 0 0 0 0 0 0 0 0 0 0 0 0 0 0 0 0 0 0 0 0 0 -15 4 -15 2 -16 2 -16 1 -16 0 -17 0 -17 -1 -18 -1 -19 -1 -19 -2 -20 -2 -21 -3 -22 -3 -22 -4 -23 -4 -25 -5 -26 -4 -27 -5 -28 -5 -29 -5 -31 -4 -32 -5 -34 -4 -36 -3 -37 -2 -40 -1 ]
CSI_DATA,STA,E4:D1:24:F0:BE:00,-58,10,0,0,0,0,0,0,0,0,0,-97,0,5,0,34996930,0,399,0,0,35.389,128,[-113 -15 24 0 0 -40 -1 -39 -1 -38 -1 -37 -3 -36 -2 -36 -3 -34 -2 -34 -2 -33 -2 -32 -2 -31 -1 -30 -1 -29 0 -27 0 -26 1 -25 2 -24 2 -24 3 -22 3 -21 3 -20 3 -19 4 -18 5 -17 5 -17 0 0 0 0 0 0 0 0 0 0 0 0 0 0 0 0 0 0 0 0 0 0 0 -16 1 -16 2 -16 2 -16 3 -16 4 -16 3 -16 4 -17 4 -17 5 -18 5 -18 6 -19 6 -19 7 -20 7 -21 7 -22 7 -22 7 -24 7 -25 6 -26 6 -28 6 -29 5 -31 4 -33 4 -35 4 -37 ]
CSI_DATA,STA,E4:D1:24:F0:BE:00,-59,10,0,0,0,0,0,0,0,0,0,-97,0,5,0,35099360,0,399,0,0,35.4915,128,[-113 -15 24 0 17 27 16 26 17 27 17 25 17 25 16 24 16 23 15 23 15 23 14 22 13 21 12 21 11 20 11 19 9 18 9 19 8 18 7 18 6 17 5 16 5 15 4 15 3 14 2 14 1 13 0 0 0 0 0 0 0 0 0 0 0 0 0 0 0 0 0 0 0 0 0 0 9 11 7 11 7 12 6 12 6 13 5 12 5 14 5 14 5 15 4 14 4 15 4 16 4 17 5 17 4 18 5 19 5 19 6 20 6 21 7 22 8 22 10 23 10 25 11 26 12 27 15 29 ]
CSI_DATA,STA,E4:D1:24:F0:BE:00,-58,10,0,0,0,0,0,0,0,0,0,-97,0,5,0,35201734,0,399,0,0,35.5939,128,[-113 -15 24 0 -38 4 -37 5 -36 5 -35 5 -34 4 -34 4 -32 4 -31 4 -30 4 -30 4 -28 3 -27 4 -26 3 -25 2 -24 2 -23 1 -22 0 -21 -1 -20 -2 -19 -2 -18 -2 -17 -2 -17 -2 -16 -3 -16 -4 0 0 0 0 0 0 0 0 0 0 0 0 0 0 0 0 0 0 0 0 0 0 -15 5 -16 3 -16 2 -17 2 -17 1 -17 0 -18 0 -18 -1 -19 -1 -19 -1 -19 -1 -20 -2 -21 -2 -22 -3 -23 -3 -24 -3 -25 -3 -26 -3 -26 -3 -28 -3 -29 -3 -30 -3 -31 -1 -33 0 -35 1 -38 2 ]
CSI_DATA,STA,E4:D1:24:F0:BE:00,-59,10,0,0,0,0,0,0,0,0,0,-97,0,5,0,35304136,0,399,0,0,35.6963,128,[-113 -15 24 0 39 6 38 5 38 5 37 4 36 4 35 4 35 3 34 4 33 3 32 3 31 4 30 4 28 4 27 5 25 5 24 6 24 6 22 6 21 6 20 6 19 6 18 6 17 7 16 7 16 7 0 0 0 0 0 0 0 0 0 0 0 0 0 0 0 0 0 0 0 0 0 0 16 1 15 2 16 3 15 4 16 5 16 5 16 6 17 6 17 7 17 7 17 7 18 8 19 9 20 10 20 10 21 11 22 10 23 10 24 11 26 11 27 10 29 11 31 10 33 9 35 10 38 9 ]
CSI_DATA,STA,E4:D1:24:F0:BE:00,-58,10,0,0,0,0,0,0,0,0,0,-97,0,5,0,35406537,0,399,0,0,35.7987,128,[-113 -15 24 0 37 1 37 0 36 0 35 0 34 -1 33 -1 32 -1 31 -2 30 -2 30 0 28 0 27 0 26 0 25 0 24 1 23 2 22 2 21 3 20 2 19 3 18 3 17 4 16 4 15 5 15 6 0 0 0 0 0 0 0 0 0 0 0 0 0 0 0 0 0 0 0 0 0 0 15 -2 15 -1 15 0 15 1 15 2 15 2 16 2 16 3 16 3 17 4 17 5 18 5 19 6 19 6 20 6 21 6 22 6 23 6 24 6 25 6 27 5 29 5 30 5 33 5 34 4 37 4 ]
CSI_DATA,STA,E4:D1:24:F0:BE:00,-58,10,0,0,0,0,0,0,0,0,0,-97,0,5,0,35508939,0,399,0,0,35.9012,128,[-113 -15 24 0 22 -27 21 -26 20 -26 19 -25 18 -25 17 -24 17 -24 16 -23 16 -23 15 -22 15 -21 14 -20 14 -19 14 -18 13 -17 13 -16 14 -15 13 -14 13 -14 13 -13 12 -11 12 -10 12 -10 12 -9 12 -8 0 0 0 0 0 0 0 0 0 0 0 0 0 0 0 0 0 0 0 0 0 0 6 -14 7 -13 8 -13 9 -13 10 -12 11 -12 11 -12 12 -12 13 -12 13 -12 14 -11 15 -12 15 -12 16 -12 17 -12 17 -14 18 -14 19 -15 19 -15 20 -16 20 -17 21 -19 22 -20 22 -21 23 -23 23 -25 ]
CSI_DATA,STA,E4:D1:24:F0:BE:00,-58,10,0,0,0,0,0,0,0,0,0,-97,0,5,0,35611341,0,399,0,0,36.0036,128,[-113 -15 24 0 34 -9 34 -9 34 -9 33 -10 32 -9 31 -9 30 -9 29 -9 28 -8 28 -8 27 -7 26 -6 25 -6 24 -5 23 -4 22 -3 22 -3 21 -2 20 -2 19 -1 18 0 17 1 17 1 15 1 15 3 0 0 0 0 0 0 0 0 0 0 0 0 0 0 0 0 0 0 0 0 0 0 12 -5 13 -4 13 -3 13 -3 14 -3 15 -2 15 -2 15 -1 16 -1 16 -1 17 0 18 0 18 0 19 1 20 0 20 1 22 0 22 0 24 0 25 -1 26 -1 28 -2 29 -3 31 -4 32 -5 36 -6 ]
CSI_DATA,STA,E4:D1:24:F0:BE:00,-58,10,0,0,0,0,0,0,0,0,0,-97,0,5,0,35713743,0,399,0,0,36.1058,128,[-113 -15 24 0 27 25 26 24 26 24 25 22 25 21 24 21 24 20 23 19 22 19 21 19 20 18 19 18 18 17 17 17 15 15 15 16 14 16 13 15 12 15 11 14 10 14 10 14 8 13 7 13 7 13 0 0 0 0 0 0 0 0 0 0 0 0 0 0 0 0 0 0 0 0 0 0 12 8 11 9 10 9 10 10 10 10 10 11 10 12 10 12 10 13 10 13 9 14 10 15 10 16 10 17 11 17 12 18 12 19 13 20 14 20 15 21 17 22 18 22 19 23 21 24 23 26 24 26 ]
CSI_DATA,STA,E4:D1:24:F0:BE:00,-58,10,0,0,0,0,0,0,0,0,0,-97,0,5,0,35816145,0,399,0,0,36.2084,128,[-113 -15 24 0 32 19 31 18 32 17 30 16 30 16 29 15 28 14 27 14 26 14 25 14 24 13 23 13 21 12 20 13 18 12 18 12 17 12 16 12 15 12 14 11 13 11 12 11 11 11 10 11 10 11 0 0 0 0 0 0 0 0 0 0 0 0 0 0 0 0 0 0 0 0 0 0 15 4 15 5 14 6 14 7 14 8 13 8 14 9 14 10 14 11 14 11 14 11 15 13 16 14 16 14 16 14 18 15 17 15 19 17 19 17 21 18 22 18 24 18 26 19 27 20 29 21 31 21 ]
CSI_DATA,STA,E4:D1:24:F0:BE:00,-58,10,0,0,0,0,0,0,0,0,0,-97,0,5,0,35918547,0,399,0,0,36.3107,128,[-113 -15 24 0 -15 -37 -15 -36 -14 -34 -14 -34 -14 -33 -14 -32 -13 -31 -13 -30 -12 -29 -12 -29 -11 -27 -11 -26 -10 -25 -8 -24 -8 -23 -7 -22 -6 -21 -5 -20 -4 -20 -4 -19 -4 -18 -3 -17 -3 -16 -2 -16 0 -15 0 0 0 0 0 0 0 0 0 0 0 0 0 0 0 0 0 0 0 0 0 0 -8 -14 -7 -15 -7 -15 -6 -16 -6 -16 -5 -16 -5 -17 -5 -18 -4 -18 -4 -18 -4 -19 -4 -20 -4 -22 -4 -22 -4 -23 -4 -24 -4 -25 -4 -26 -5 -28 -5 -28 -6 -30 -7 -31 -8 -32 -10 -34 -10 -36 -12 -38 ]
CSI_DATA,STA,E4:D1:24:F0:BE:00,-58,10,0,0,0,0,0,0,0,0,0,-97,0,5,0,36020949,0,399,0,0,36.4131,128,[-113 -15 24 0 -36 -15 -36 -14 -34 -14 -34 -13 -33 -12 -32 -12 -31 -11 -31 -11 -29 -10 -29 -9 -27 -10 -26 -10 -25 -10 -24 -9 -22 -9 -21 -10 -20 -10 -19 -10 -18 -10 -17 -10 -16 -10 -15 -9 -14 -9 -13 -10 -12 -10 0 0 0 0 0 0 0 0 0 0 0 0 0 0 0 0 0 0 0 0 0 0 -18 -3 -18 -5 -17 -6 -17 -7 -17 -8 -17 -8 -17 -9 -17 -10 -18 -10 -18 -11 -18 -12 -18 -13 -20 -13 -20 -15 -20 -15 -21 -16 -22 -16 -23 -16 -24 -17 -25 -17 -26 -18 -28 -18 -29 -18 -31 -18 -33 -18 -35 -18 ]
CSI_DATA,STA,E4:D1:24:F0:BE:00,-58,10,0,0,0,0,0,0,0,0,0,-97,0,5,0,36123350,0,399,0,0,36.5155,128,[-113 -15 24 0 2 -37 1 -36 1 -34 0 -34 -1 -33 0 -32 0 -32 -1 -31 -1 -30 -1 -30 -1 -28 0 -27 0 -26 1 -25 1 -24 2 -23 2 -23 3 -22 3 -21 4 -19 4 -19 4 -18 5 -17 5 -16 7 -15 0 0 0 0 0 0 0 0 0 0 0 0 0 0 0 0 0 0 0 0 0 0 -1 -16 1 -16 1 -16 2 -16 3 -16 4 -17 4 -16 5 -17 5 -17 5 -17 6 -17 6 -18 7 -19 7 -19 8 -20 7 -21 7 -22 7 -23 7 -24 8 -25 7 -26 7 -28 6 -29 5 -31 5 -33 5 -36 ]
CSI_DATA,STA,E4:D1:24:F0:BE:00,-58,10,0,0,0,0,0,0,0,0,0,-97,0,5,0,36225752,0,399,0,0,36.6179,128,[-113 -15 24 0 -14 35 -12 34 -11 33 -11 31 -10 31 -9 30 -9 29 -8 28 -8 27 -8 26 -7 24 -7 24 -7 23 -8 22 -8 20 -7 20 -7 18 -8 18 -8 16 -8 16 -8 15 -8 14 -8 13 -8 13 -9 12 0 0 0 0 0 0 0 0 0 0 0 0 0 0 0 0 0 0 0 0 0 0 -3 16 -4 15 -5 15 -7 15 -7 15 -8 15 -8 16 -9 16 -10 16 -11 16 -11 16 -12 17 -12 17 -13 18 -13 18 -14 20 -14 20 -15 21 -15 22 -15 24 -15 25 -15 26 -16 28 -15 30 -15 32 -16 33 ]
CSI_DATA,STA,E4:D1:24:F0:BE:00,-58,10,0,0,0,0,0,0,0,0,0,-97,0,5,0,36328154,0,399,0,0,36.7203,128,[-113 -15 24 0 36 -16 34 -16 34 -17 32 -16 31 -17 31 -16 30 -16 28 -16 28 -16 27 -14 26 -13 25 -13 23 -12 23 -11 22 -10 22 -9 21 -9 21 -8 20 -7 19 -7 18 -6 18 -5 18 -4 17 -3 17 -1 0 0 0 0 0 0 0 0 0 0 0 0 0 0 0 0 0 0 0 0 0 0 15 -10 15 -8 16 -7 16 -6 17 -6 17 -6 18 -5 18 -5 19 -5 19 -4 19 -4 20 -3 21 -3 22 -3 23 -3 24 -4 24 -4 26 -4 26 -5 27 -6 28 -8 30 -8 32 -9 33 -10 35 -12 36 -13 ]
CSI_DATA,STA,E4:D1:24:F0:BE:00,-59,10,0,0,0,0,0,0,0,0,0,-97,0,5,0,36430556,0,399,0,0,36.8226,128,[-113 -15 24 0 -11 36 -9 35 -9 33 -9 32 -8 32 -8 32 -8 30 -7 29 -8 29 -7 27 -8 26 -7 25 -8 24 -8 23 -7 21 -8 21 -8 19 -8 18 -8 18 -9 16 -8 15 -9 14 -9 13 -9 13 -10 12 0 0 0 0 0 0 0 0 0 0 0 0 0 0 0 0 0 0 0 0 0 0 -4 15 -5 14 -6 14 -7 14 -7 14 -8 14 -8 14 -9 15 -9 15 -10 15 -10 15 -11 15 -11 16 -12 17 -12 17 -13 18 -13 18 -13 20 -13 21 -13 22 -13 24 -13 25 -13 27 -13 29 -13 31 -13 33 ]
CSI_DATA,STA,E4:D1:24:F0:BE:00,-59,10,0,0,0,0,0,0,0,0,0,-97,0,5,0,36532957,0,399,0,0,36.925,128,[-113 -15 24 0 30 10 29 9 29 8 28 7 28 7 28 6 27 6 26 6 26 6 25 5 24 5 23 6 22 6 22 6 19 6 20 7 18 7 17 7 17 7 15 7 15 8 14 8 13 8 12 9 10 9 0 0 0 0 0 0 0 0 0 0 0 0 0 0 0 0 0 0 0 0 0 0 15 3 14 4 14 5 13 6 14 6 13 7 13 8 14 8 14 8 14 9 14 10 14 10 15 11 15 11 15 12 16 12 16 12 17 13 18 12 19 13 21 12 22 13 24 12 25 12 27 12 29 12 ]
CSI_DATA,STA,E4:D1:24:F0:BE:00,-59,10,0,0,0,0,0,0,0,0,0,-97,0,5,0,36635359,0,399,0,0,37.0275,128,[-113 -15 24 0 -38 9 -37 10 -36 10 -34 10 -34 10 -34 10 -32 10 -31 10 -30 9 -30 8 -29 8 -28 7 -27 6 -25 5 -24 5 -23 4 -23 4 -22 3 -21 3 -20 2 -19 1 -18 1 -18 0 -17 0 -17 -1 0 0 0 0 0 0 0 0 0 0 0 0 0 0 0 0 0 0 0 0 0 0 -18 5 -18 4 -19 2 -19 2 -19 1 -20 1 -20 0 -20 -1 -20 -1 -21 -1 -21 -2 -21 -2 -22 -3 -23 -3 -23 -3 -25 -2 -25 -3 -26 -2 -27 -2 -28 -1 -29 0 -30 1 -32 2 -33 3 -35 4 -37 6 ]
CSI_DATA,STA,E4:D1:24:F0:BE:00,-58,10,0,0,0,0,0,0,0,0,0,-97,0,5,0,36737761,0,399,0,0,37.1299,128,[-113 -15 24 0 24 30 23 28 24 27 23 26 23 25 22 25 21 23 21 23 20 23 19 21 19 21 17 20 15 20 15 19 14 18 13 19 12 18 11 17 10 17 9 17 9 15 7 16 6 15 6 15 4 15 0 0 0 0 0 0 0 0 0 0 0 0 0 0 0 0 0 0 0 0 0 0 15 10 13 12 13 13 12 13 12 15 11 15 11 16 11 16 11 17 10 18 10 19 10 20 10 21 10 21 10 22 11 23 11 24 12 25 12 25 13 26 14 27 16 28 16 29 18 30 20 31 21 32 ]
CSI_DATA,STA,E4:D1:24:F0:BE:00,-58,10,0,0,0,0,0,0,0,0,0,-97,0,5,0,36840162,0,399,0,0,37.2324,128,[-113 -15 24 0 38 13 37 11 36 11 35 10 35 9 34 9 33 9 32 8 31 8 30 8 29 8 28 8 27 8 26 8 24 8 23 9 22 9 21 10 20 10 19 10 18 10 16 10 15 11 14 11 13 12 0 0 0 0 0 0 0 0 0 0 0 0 0 0 0 0 0 0 0 0 0 0 17 3 16 5 16 6 16 7 16 8 16 8 16 9 16 9 17 10 16 11 16 11 17 12 18 13 18 13 18 14 20 14 20 15 22 15 22 15 24 15 26 15 27 16 29 15 31 15 33 15 35 15 ]
CSI_DATA,STA,E4:D1:24:F0:BE:00,-58,10,0,0,0,0,0,0,0,0,0,-97,0,5,0,36942564,0,399,0,0,37.3348,128,[-113 -15 24 0 -23 -23 -24 -23 -23 -21 -23 -21 -23 -20 -23 -19 -22 -18 -21 -18 -20 -17 -21 -17 -19 -17 -19 -16 -18 -16 -16 -15 -15 -16 -14 -15 -14 -15 -13 -15 -12 -15 -11 -14 -10 -14 -9 -13 -9 -13 -7 -13 -7 -13 0 0 0 0 0 0 0 0 0 0 0 0 0 0 0 0 0 0 0 0 0 0 -11 -10 -10 -11 -10 -12 -9 -13 -9 -13 -8 -14 -9 -13 -9 -14 -8 -15 -8 -15 -8 -15 -8 -16 -8 -17 -9 -17 -9 -18 -9 -18 -10 -19 -10 -19 -11 -20 -12 -20 -14 -21 -15 -22 -16 -21 -18 -22 -20 -23 -22 -24 ]
CSI_DATA,STA,E4:D1:24:F0:BE:00,-58,10,0,0,0,0,0,0,0,0,0,-97,0,5,0,37044966,0,399,0,0,37.4371,128,[-113 -15 24 0 -23 28 -23 29 -21 28 -20 27 -19 27 -19 27 -18 25 -18 25 -17 24 -16 23 -17 22 -17 22 -16 21 -15 19 -16 18 -15 17 -15 16 -15 15 -15 14 -15 13 -15 12 -14 10 -14 10 -14 9 -15 8 0 0 0 0 0 0 0 0 0 0 0 0 0 0 0 0 0 0 0 0 0 0 -8 13 -9 12 -10 11 -11 11 -11 11 -12 11 -13 11 -13 11 -14 11 -14 11 -15 11 -16 11 -17 12 -17 12 -18 12 -19 13 -19 14 -20 14 -21 15 -21 16 -21 18 -22 19 -23 20 -23 22 -24 24 -25 26 ]
CSI_DATA,STA,E4:D1:24:F0:BE:00,-58,10,0,0,0,0,0,0,0,0,0,-97,0,5,0,37147368,0,399,0,0,37.5394,128,[-113 -15 24 0 12 29 12 27 12 27 12 26 11 25 11 24 11 24 10 23 11 22 11 21 10 21 9 20 8 20 7 19 6 18 6 18 5 17 4 17 3 16 3 16 2 15 1 15 1 14 0 14 -1 13 0 0 0 0 0 0 0 0 0 0 0 0 0 0 0 0 0 0 0 0 0 0 9 12 8 12 7 14 6 14 6 14 5 15 5 15 4 16 4 17 4 17 3 17 3 18 3 19 3 19 3 20 2 21 3 21 3 23 4 23 4 24 5 25 5 25 6 27 7 27 8 29 9 31 ]
CSI_DATA,STA,E4:D1:24:F0:BE:00,-58,10,0,0,0,0,0,0,0,0,0,-97,0,5,0,37249770,0,399,0,0,37.6418,128,[-113 -15 24 0 -37 -1 -36 -1 -36 0 -35 0 -34 0 -33 1 -32 0 -31 0 -30 0 -29 0 -28 0 -28 0 -27 -1 -25 -2 -24 -2 -23 -3 -22 -3 -22 -4 -21 -4 -19 -5 -18 -6 -18 -6 -17 -6 -16 -7 -15 -8 0 0 0 0 0 0 0 0 0 0 0 0 0 0 0 0 0 0 0 0 0 0 -17 2 -17 0 -17 -1 -17 -2 -18 -3 -18 -3 -18 -4 -18 -4 -18 -4 -18 -5 -18 -5 -19 -6 -20 -7 -20 -7 -21 -7 -22 -8 -22 -7 -24 -7 -24 -8 -26 -7 -27 -7 -29 -6 -30 -5 -32 -5 -34 -4 -36 -3 ]
CSI_DATA,STA,E4:D1:24:F0:BE:00,-57,10,0,0,0,0,0,0,0,0,0,-97,0,5,0,37352172,0,399,0,0,37.7443,128,[-113 -15 24 0 -12 36 -10 35 -10 34 -9 33 -8 32 -8 32 -7 30 -7 30 -7 29 -7 27 -7 26 -7 26 -7 24 -7 23 -7 22 -7 21 -8 20 -9 19 -9 18 -8 17 -9 16 -9 15 -9 14 -10 13 -10 12 0 0 0 0 0 0 0 0 0 0 0 0 0 0 0 0 0 0 0 0 0 0 -2 17 -4 16 -5 17 -6 16 -7 17 -7 16 -8 17 -9 17 -9 17 -10 18 -10 17 -11 18 -12 18 -12 19 -13 20 -13 21 -13 22 -13 23 -14 23 -14 25 -14 26 -14 28 -14 29 -15 30 -14 32 -14 34 ]
CSI_DATA,STA,E4:D1:24:F0:BE:00,-57,10,0,0,0,0,0,0,0,0,0,-97,0,5,0,37454574,0,399,0,0,37.8468,128,[-113 -15 24 0 -1 34 0 33 0 32 0 31 1 30 1 30 1 28 1 28 2 27 1 26 1 25 0 24 0 23 0 22 -1 20 -2 21 -2 20 -3 19 -3 18 -3 17 -3 16 -4 15 -4 14 -5 14 -5 12 0 0 0 0 0 0 0 0 0 0 0 0 0 0 0 0 0 0 0 0 0 0 1 15 0 15 -1 15 -2 15 -3 15 -3 15 -4 16 -4 16 -4 16 -5 17 -5 17 -6 17 -6 18 -7 19 -7 20 -7 21 -7 21 -7 23 -7 23 -7 25 -6 25 -6 27 -6 29 -5 30 -4 32 -4 33 ]
CSI_DATA,STA,E4:D1:24:F0:BE:00,-58,10,0,0,0,0,0,0,0,0,0,-97,0,5,0,37556975,0,399,0,0,37.9492,128,[-113 -15 24 0 9 -37 9 -35 9 -34 8 -33 7 -32 7 -32 7 -30 6 -30 6 -29 6 -28 6 -26 6 -25 6 -24 6 -23 6 -21 7 -20 7 -19 7 -19 7 -17 7 -17 7 -15 7 -15 7 -14 7 -13 8 -12 0 0 0 0 0 0 0 0 0 0 0 0 0 0 0 0 0 0 0 0 0 0 1 -18 2 -18 4 -18 5 -18 6 -18 6 -18 7 -17 7 -18 8 -18 8 -18 9 -17 10 -19 10 -19 11 -20 11 -20 11 -21 11 -22 12 -23 12 -24 12 -25 11 -27 13 -28 12 -29 12 -31 13 -33 13 -35 ]
CSI_DATA,STA,E4:D1:24:F0:BE:00,-58,10,0,0,0,0,0,0,0,0,0,-97,0,5,0,37659377,0,399,0,0,38.0516,128,[-113 -15 24 0 32 17 32 16 32 15 31 14 31 13 30 13 29 11 28 12 27 12 26 11 25 11 24 11 22 11 21 11 19 10 19 11 18 11 17 11 16 11 15 11 13 10 13 11 11 10 10 10 10 10 0 0 0 0 0 0 0 0 0 0 0 0 0 0 0 0 0 0 0 0 0 0 16 5 15 7 15 8 14 9 14 10 14 10 14 11 14 12 14 12 14 13 14 13 14 14 14 15 15 15 15 16 16 16 17 16 18 17 19 17 20 18 22 17 23 18 24 18 27 19 29 19 31 18 ]
CSI_DATA,STA,E4:D1:24:F0:BE:00,-58,10,0,0,0,0,0,0,0,0,0,-97,0,5,0,37761779,0,399,0,0,38.154,128,[-113 -15 24 0 -23 34 -21 33 -21 32 -19 31 -19 31 -18 30 -17 29 -17 29 -17 28 -16 27 -16 26 -16 24 -16 23 -16 22 -15 19 -15 19 -15 18 -15 16 -15 15 -15 14 -15 13 -14 12 -14 11 -14 10 -14 9 0 0 0 0 0 0 0 0 0 0 0 0 0 0 0 0 0 0 0 0 0 0 -8 17 -9 15 -10 15 -11 14 -12 14 -12 14 -13 14 -14 14 -14 14 -15 14 -15 14 -16 14 -17 15 -18 15 -18 15 -20 17 -20 17 -20 18 -20 19 -21 20 -21 22 -22 24 -23 26 -23 26 -24 29 -24 31 ]
CSI_DATA,STA,E4:D1:24:F0:BE:00,-57,10,0,0,0,0,0,0,0,0,0,-97,0,5,0,37864181,0,399,0,0,38.2562,128,[-113 -15 24 0 20 31 20 30 20 29 20 28 20 27 20 26 19 25 18 24 17 24 17 23 16 22 15 22 14 21 13 20 12 20 11 19 10 19 8 18 8 18 7 17 6 17 6 16 4 15 3 15 3 15 0 0 0 0 0 0 0 0 0 0 0 0 0 0 0 0 0 0 0 0 0 0 12 12 11 12 10 14 9 14 9 15 9 16 9 16 8 17 8 18 8 18 7 19 7 20 7 21 7 22 7 22 7 23 8 24 8 25 9 25 10 26 11 27 12 28 13 29 15 30 16 31 18 33 ]
CSI_DATA,STA,E4:D1:24:F0:BE:00,-57,10,0,0,0,0,0,0,0,0,0,-97,0,5,0,37966583,0,399,0,0,38.3586,128,[-113 -15 24 0 18 34 17 32 18 32 17 30 18 30 17 29 17 28 16 27 16 27 15 26 14 25 13 24 12 23 11 23 10 21 9 21 8 21 7 21 6 20 5 19 4 18 4 17 2 16 1 16 1 15 0 0 0 0 0 0 0 0 0 0 0 0 0 0 0 0 0 0 0 0 0 0 9 13 8 14 7 15 6 15 6 16 5 15 5 17 5 17 5 18 4 18 4 18 4 20 4 20 4 21 4 22 4 24 5 23 5 25 6 25 7 27 8 28 9 29 10 31 11 31 13 33 15 34 ]
CSI_DATA,STA,E4:D1:24:F0:BE:00,-58,10,0,0,0,0,0,0,0,0,0,-97,0,5,0,38068985,0,399,0,0,38.4612,128,[-113 -15 24 0 -23 -27 -22 -25 -22 -25 -21 -24 -22 -23 -21 -22 -21 -22 -21 -21 -20 -22 -19 -21 -18 -20 -17 -19 -16 -19 -15 -19 -14 -17 -13 -18 -12 -17 -11 -17 -10 -17 -9 -16 -9 -15 -8 -15 -7 -14 -6 -14 -5 -13 0 0 0 0 0 0 0 0 0 0 0 0 0 0 0 0 0 0 0 0 0 0 -11 -12 -10 -12 -9 -13 -9 -13 -8 -14 -8 -14 -7 -15 -8 -16 -8 -16 -7 -17 -6 -17 -7 -18 -6 -18 -7 -19 -7 -19 -8 -20 -8 -21 -9 -22 -9 -22 -10 -23 -12 -23 -13 -24 -14 -25 -15 -26 -17 -27 -18 -28 ]
CSI_DATA,STA,E4:D1:24:F0:BE:00,-58,10,0,0,0,0,0,0,0,0,0,-97,0,5,0,38171386,0,399,0,0,38.5635,128,[-113 -15 24 0 -37 14 -36 14 -35 15 -34 14 -33 14 -33 14 -31 14 -30 14 -30 13 -29 12 -29 11 -27 10 -26 9 -25 9 -24 8 -23 7 -22 6 -22 6 -21 5 -20 4 -19 3 -18 3 -17 2 -17 1 -17 1 0 0 0 0 0 0 0 0 0 0 0 0 0 0 0 0 0 0 0 0 0 0 -16 6 -16 4 -16 4 -16 3 -17 3 -17 2 -18 2 -18 1 -19 1 -20 1 -20 0 -21 0 -21 0 -22 0 -23 0 -24 1 -25 1 -26 2 -26 2 -28 3 -29 4 -30 5 -32 6 -33 8 -34 9 -36 10 ]
CSI_DATA,STA,E4:D1:24:F0:BE:00,-58,10,0,0,0,0,0,0,0,0,0,-97,0,5,0,38273788,0,399,0,0,38.666,128,[-113 -15 24 0 13 31 12 30 13 30 13 28 13 28 13 27 13 26 12 26 11 25 10 25 10 24 9 23 8 22 8 21 7 20 6 20 5 20 4 19 4 18 3 17 2 17 2 16 1 15 0 15 -1 15 0 0 0 0 0 0 0 0 0 0 0 0 0 0 0 0 0 0 0 0 0 0 6 12 5 12 4 13 3 13 3 13 3 14 2 14 2 15 2 15 1 15 1 16 1 17 1 17 1 18 1 19 1 20 1 20 2 21 3 22 4 23 4 24 5 25 6 27 7 28 8 30 9 32 ]
CSI_DATA,STA,E4:D1:24:F0:BE:00,-58,10,0,0,0,0,0,0,0,0,0,-97,0,5,0,38376190,0,399,0,0,38.7684,128,[-113 -15 24 0 -31 -23 -30 -22 -30 -20 -29 -19 -29 -19 -28 -19 -27 -18 -27 -18 -27 -18 -25 -17 -24 -17 -23 -17 -22 -17 -21 -16 -19 -15 -19 -16 -17 -16 -16 -16 -15 -16 -14 -16 -13 -16 -12 -15 -11 -15 -9 -15 -8 -14 0 0 0 0 0 0 0 0 0 0 0 0 0 0 0 0 0 0 0 0 0 0 -15 -8 -14 -10 -13 -11 -13 -11 -13 -13 -12 -13 -12 -14 -12 -14 -12 -15 -11 -16 -11 -15 -12 -16 -12 -17 -12 -18 -13 -18 -14 -19 -15 -19 -15 -20 -16 -20 -17 -20 -19 -21 -21 -22 -22 -22 -24 -22 -26 -24 -28 -24 ]
CSI_DATA,STA,E4:D1:24:F0:BE:00,-58,10,0,0,0,0,0,0,0,0,0,-97,0,5,0,38478592,0,399,0,0,38.8708,128,[-113 -15 24 0 -35 -12 -35 -11 -35 -11 -34 -10 -33 -9 -33 -10 -32 -9 -31 -9 -30 -9 -30 -9 -29 -9 -27 -9 -26 -9 -25 -9 -23 -10 -22 -10 -21 -10 -21 -11 -19 -11 -18 -11 -17 -11 -16 -11 -15 -11 -14 -12 -13 -12 0 0 0 0 0 0 0 0 0 0 0 0 0 0 0 0 0 0 0 0 0 0 -16 -5 -16 -6 -15 -7 -15 -9 -15 -9 -15 -9 -15 -10 -15 -11 -15 -11 -15 -12 -15 -12 -16 -13 -16 -13 -17 -14 -17 -15 -18 -15 -18 -15 -19 -15 -21 -15 -22 -16 -23 -15 -25 -16 -27 -15 -28 -15 -30 -15 -33 -15 ]
CSI_DATA,STA,E4:D1:24:F0:BE:00,-57,10,0,0,0,0,0,0,0,0,0,-97,0,5,0,38580995,0,399,0,0,38.9731,128,[-113 -15 24 0 -30 -24 -29 -22 -29 -21 -28 -20 -29 -19 -28 -19 -27 -19 -27 -18 -26 -18 -25 -17 -24 -17 -24 -17 -22 -17 -21 -16 -18 -16 -18 -17 -17 -16 -15 -16 -14 -16 -13 -16 -13 -16 -11 -15 -10 -15 -9 -15 -8 -15 0 0 0 0 0 0 0 0 0 0 0 0 0 0 0 0 0 0 0 0 0 0 -15 -8 -14 -10 -14 -11 -13 -12 -13 -12 -13 -13 -13 -14 -13 -15 -13 -15 -13 -16 -12 -16 -13 -17 -13 -18 -13 -18 -13 -19 -15 -20 -15 -20 -16 -21 -16 -21 -17 -22 -19 -22 -20 -23 -21 -24 -24 -24 -25 -25 -27 -24 ]
CSI_DATA,STA,E4:D1:24:F0:BE:00,-58,10,0,0,0,0,0,0,0,0,0,-97,0,5,0,38683397,0,399,0,0,39.0755,128,[-113 -15 24 0 -35 -12 -35 -11 -33 -10 -32 -9 -32 -8 -32 -8 -31 -8 -31 -8 -30 -7 -29 -8 -28 -7 -27 -8 -27 -8 -24 -8 -23 -8 -22 -9 -21 -9 -21 -10 -19 -10 -19 -10 -17 -10 -16 -10 -15 -9 -14 -10 -13 -11 0 0 0 0 0 0 0 0 0 0 0 0 0 0 0 0 0 0 0 0 0 0 -15 -5 -14 -6 -14 -7 -14 -8 -14 -9 -14 -9 -14 -9 -14 -10 -14 -11 -15 -11 -15 -11 -15 -12 -16 -13 -16 -13 -17 -14 -17 -14 -18 -15 -19 -15 -21 -15 -21 -15 -23 -15 -24 -16 -26 -15 -28 -14 -30 -14 -31 -15 ]
CSI_DATA,STA,E4:D1:24:F0:BE:00,-58,10,0,0,0,0,0,0,0,0,0,-97,0,5,0,38785799,0,399,0,0,39.1778,128,[-113 -15 24 0 -2 30 -1 30 0 29 0 28 0 28 1 27 1 26 1 26 1 25 0 25 0 23 -1 22 -1 22 -1 21 -2 20 -2 19 -3 18 -3 18 -3 17 -4 16 -4 14 -5 14 -5 13 -5 12 -6 11 0 0 0 0 0 0 0 0 0 0 0 0 0 0 0 0 0 0 0 0 0 0 1 13 0 13 -1 13 -2 13 -2 14 -2 14 -3 15 -4 15 -4 15 -5 15 -5 16 -5 16 -6 17 -6 17 -7 18 -7 18 -7 19 -7 20 -7 21 -7 22 -6 23 -6 24 -6 25 -5 27 -5 28 -4 30 ]
CSI_DATA,STA,E4:D1:24:F0:BE:00,-58,10,0,0,0,0,0,0,0,0,0,-97,0,5,0,38888200,0,399,0,0,39.2804,128,[-113 -15 24 0 -2 -40 -2 -38 -2 -37 -3 -36 -3 -35 -3 -35 -3 -34 -4 -33 -3 -32 -2 -32 -2 -30 -2 -29 -1 -27 0 -27 0 -25 0 -24 1 -23 1 -22 2 -22 3 -21 3 -20 3 -19 3 -18 5 -17 5 -16 0 0 0 0 0 0 0 0 0 0 0 0 0 0 0 0 0 0 0 0 0 0 -3 -17 -1 -17 0 -17 0 -17 1 -17 1 -17 2 -18 2 -18 3 -19 3 -19 4 -19 4 -20 5 -21 5 -22 5 -23 5 -24 5 -24 6 -26 5 -27 5 -28 5 -30 5 -31 4 -33 3 -34 3 -36 3 -38 ]
CSI_DATA,STA,E4:D1:24:F0:BE:00,-57,10,0,0,0,0,0,0,0,0,0,-97,0,5,0,38990602,0,399,0,0,39.3828,128,[-113 -15 24 0 27 -26 25 -26 25 -26 24 -25 23 -25 23 -24 22 -23 21 -24 20 -23 19 -22 19 -21 19 -20 18 -19 18 -18 17 -17 17 -15 17 -15 17 -13 16 -13 16 -11 15 -10 15 -9 14 -8 14 -8 14 -6 0 0 0 0 0 0 0 0 0 0 0 0 0 0 0 0 0 0 0 0 0 0 10 -13 11 -11 12 -11 12 -10 13 -10 14 -10 14 -9 15 -10 16 -10 16 -9 16 -9 17 -10 18 -10 19 -9 19 -10 20 -11 20 -11 22 -12 22 -13 23 -14 23 -15 25 -17 25 -18 26 -19 27 -21 28 -23 ]
CSI_DATA,STA,E4:D1:24:F0:BE:00,-58,10,0,0,0,0,0,0,0,0,0,-97,0,5,0,39093004,0,399,0,0,39.4852,128,[-113 -15 24 0 35 -16 33 -16 34 -17 31 -16 31 -16 30 -17 30 -15 29 -16 29 -15 28 -14 27 -13 26 -13 25 -11 25 -11 23 -10 24 -9 22 -8 22 -7 21 -7 21 -6 20 -5 19 -4 19 -3 18 -2 18 0 0 0 0 0 0 0 0 0 0 0 0 0 0 0 0 0 0 0 0 0 0 0 14 -9 14 -7 16 -7 16 -6 16 -5 16 -5 17 -4 18 -4 18 -3 19 -3 19 -3 20 -2 21 -2 22 -2 22 -2 23 -3 23 -3 25 -4 25 -4 26 -5 27 -6 29 -7 30 -9 31 -9 34 -11 36 -13 ]
CSI_DATA,STA,E4:D1:24:F0:BE:00,-57,10,0,0,0,0,0,0,0,0,0,-97,0,5,0,39195406,0,399,0,0,39.5876,128,[-113 -15 24 0 -37 4 -35 5 -35 5 -33 5 -32 6 -32 6 -30 5 -30 6 -29 5 -27 5 -27 5 -26 4 -25 4 -24 3 -22 3 -22 2 -21 1 -21 1 -20 0 -19 0 -18 -1 -17 -1 -16 -2 -16 -2 -15 -3 0 0 0 0 0 0 0 0 0 0 0 0 0 0 0 0 0 0 0 0 0 0 -16 4 -16 3 -17 2 -17 1 -18 0 -18 0 -19 0 -19 -1 -19 -2 -20 -2 -20 -3 -20 -4 -21 -4 -22 -4 -22 -5 -24 -4 -24 -4 -26 -4 -26 -3 -27 -3 -29 -2 -31 -2 -32 -2 -33 -1 -35 0 -37 1 ]
CSI_DATA,STA,E4:D1:24:F0:BE:00,-58,10,0,0,0,0,0,0,0,0,0,-97,0,5,0,39297808,0,399,0,0,39.69,128,[-113 -15 24 0 -13 -35 -13 -32 -13 -33 -13 -31 -13 -30 -13 -30 -13 -29 -13 -28 -12 -28 -12 -27 -11 -26 -10 -25 -10 -24 -9 -24 -8 -22 -7 -23 -6 -22 -5 -21 -5 -20 -4 -20 -3 -19 -3 -18 -2 -18 -1 -17 0 -16 0 0 0 0 0 0 0 0 0 0 0 0 0 0 0 0 0 0 0 0 0 0 -8 -16 -7 -16 -5 -17 -5 -16 -4 -17 -4 -17 -3 -18 -2 -18 -2 -19 -2 -19 -1 -20 -1 -20 0 -21 0 -22 0 -23 -1 -24 -1 -24 -1 -25 -2 -25 -2 -27 -3 -27 -4 -29 -5 -31 -6 -31 -7 -33 -8 -35 ]
CSI_DATA,STA,E4:D1:24:F0:BE:00,-58,10,0,0,0,0,0,0,0,0,0,-97,0,5,0,39400210,0,399,0,0,39.7922,128,[-113 -15 24 0 13 32 13 31 14 30 14 29 14 28 14 28 13 27 13 27 13 27 12 26 11 25 11 24 10 23 8 23 8 22 7 22 6 21 4 21 4 20 3 19 2 19 2 18 1 17 -1 16 -1 16 0 0 0 0 0 0 0 0 0 0 0 0 0 0 0 0 0 0 0 0 0 0 7 13 6 14 5 14 4 14 3 15 3 15 2 16 2 16 2 17 1 17 1 17 1 18 1 19 1 19 1 20 1 21 1 21 2 22 2 23 3 24 4 25 5 26 6 27 7 28 9 30 11 31 ]
CSI_DATA,STA,E4:D1:24:F0:BE:00,-57,10,0,0,0,0,0,0,0,0,0,-97,0,5,0,39502612,0,399,0,0,39.8947,128,[-113 -15 24 0 4 -39 3 -38 3 -36 2 -35 1 -35 2 -34 1 -32 1 -32 1 -31 1 -30 1 -29 1 -28 2 -26 3 -25 3 -24 3 -23 4 -22 4 -22 5 -20 5 -19 5 -18 5 -17 6 -16 6 -15 7 -14 0 0 0 0 0 0 0 0 0 0 0 0 0 0 0 0 0 0 0 0 0 0 -1 -16 1 -16 1 -16 2 -17 3 -17 3 -17 4 -17 4 -18 5 -18 5 -19 6 -19 6 -20 7 -20 8 -21 8 -22 8 -24 9 -24 9 -26 9 -26 10 -27 8 -29 9 -31 8 -32 8 -33 8 -35 7 -38 ]
CSI_DATA,STA,E4:D1:24:F0:BE:00,-57,10,0,0,0,0,0,0,0,0,0,-97,0,5,0,39605013,0,399,0,0,39.9972,128,[-113 -15 24 0 -38 -6 -37 -5 -36 -4 -35 -4 -34 -3 -33 -4 -32 -3 -31 -3 -30 -3 -29 -3 -28 -4 -27 -4 -26 -4 -24 -4 -23 -5 -22 -5 -21 -6 -20 -6 -19 -6 -17 -6 -17 -7 -15 -6 -14 -7 -13 -7 -12 -7 0 0 0 0 0 0 0 0 0 0 0 0 0 0 0 0 0 0 0 0 0 0 -18 1 -18 0 -18 -2 -18 -2 -18 -3 -19 -4 -19 -5 -20 -5 -20 -6 -20 -6 -20 -7 -21 -8 -22 -9 -23 -10 -24 -10 -25 -11 -25 -11 -26 -11 -27 -11 -28 -11 -29 -10 -31 -11 -31 -10 -34 -10 -35 -10 -38 -9 ]
CSI_DATA,STA,E4:D1:24:F0:BE:00,-58,10,0,0,0,0,0,0,0,0,0,-97,0,5,0,39707415,0,399,0,0,40.0996,128,[-113 -15 24 0 -28 28 -26 27 -25 27 -24 26 -23 26 -23 26 -22 25 -22 24 -21 24 -21 23 -20 22 -19 20 -19 19 -18 18 -18 16 -18 16 -17 14 -17 14 -17 12 -16 12 -16 10 -15 9 -15 8 -15 7 -14 6 0 0 0 0 0 0 0 0 0 0 0 0 0 0 0 0 0 0 0 0 0 0 -11 12 -12 11 -13 11 -13 10 -13 10 -14 10 -15 10 -15 10 -16 10 -16 10 -17 10 -18 10 -19 11 -20 11 -21 11 -21 12 -22 12 -24 13 -24 14 -24 15 -25 17 -26 18 -27 19 -27 21 -28 23 -29 24 ]
CSI_DATA,STA,E4:D1:24:F0:BE:00,-58,10,0,0,0,0,0,0,0,0,0,-97,0,5,0,39809817,0,399,0,0,40.202,128,[-113 -15 24 0 -34 18 -32 19 -30 19 -30 18 -28 19 -27 19 -26 18 -26 18 -25 17 -24 16 -24 15 -23 15 -23 14 -22 13 -21 12 -20 11 -20 10 -20 10 -19 9 -18 8 -18 7 -17 6 -17 5 -17 4 -16 3 0 0 0 0 0 0 0 0 0 0 0 0 0 0 0 0 0 0 0 0 0 0 -15 11 -16 10 -16 9 -17 8 -17 7 -18 7 -18 7 -19 7 -20 6 -20 6 -20 6 -22 5 -23 5 -24 5 -25 5 -25 5 -26 6 -27 6 -28 7 -29 7 -29 9 -30 9 -31 11 -32 11 -34 13 -35 15 ]
CSI_DATA,STA,E4:D1:24:F0:BE:00,-57,10,0,0,0,0,0,0,0,0,0,-97,0,5,0,39912219,0,399,0,0,40.3044,128,[-113 -15 24 0 36 -10 35 -10 33 -11 32 -11 32 -12 31 -11 30 -11 29 -11 28 -11 27 -10 26 -10 26 -9 25 -8 24 -7 23 -6 22 -5 22 -4 21 -4 20 -3 20 -2 18 -1 18 0 17 1 16 1 15 3 0 0 0 0 0 0 0 0 0 0 0 0 0 0 0 0 0 0 0 0 0 0 13 -8 14 -7 15 -6 15 -6 16 -5 17 -5 17 -4 18 -4 18 -3 19 -3 19 -3 20 -2 21 -2 22 -2 23 -1 24 -2 25 -2 26 -2 27 -2 28 -2 29 -3 30 -4 31 -5 33 -5 34 -7 36 -9 ]
CSI_DATA,STA,E4:D1:24:F0:BE:00,-58,10,0,0,0,0,0,0,0,0,0,-97,0,5,0,40014621,0,399,0,0,40.4068,128,[-113 -15 24 0 28 21 27 20 27 20 26 18 27 18 26 17 26 17 25 17 24 16 23 16 22 16 21 15 21 15 19 15 18 15 17 15 16 15 15 14 14 15 13 14 12 14 11 14 9 14 9 14 7 14 0 0 0 0 0 0 0 0 0 0 0 0 0 0 0 0 0 0 0 0 0 0 13 8 12 9 11 10 11 10 10 11 10 11 10 12 10 12 10 13 10 14 10 14 10 15 10 16 11 17 11 17 12 18 12 18 13 19 14 19 16 19 17 20 18 21 19 21 21 22 23 23 26 24 ]
CSI_DATA,STA,E4:D1:24:F0:BE:00,-58,10,0,0,0,0,0,0,0,0,0,-97,0,5,0,40117023,0,399,0,0,40.5091,128,[-113 -15 24 0 -34 9 -33 11 -30 11 -30 11 -29 12 -29 12 -27 11 -27 11 -26 11 -26 10 -25 10 -25 9 -24 8 -23 8 -22 7 -21 6 -21 5 -20 4 -20 3 -19 3 -18 2 -17 1 -16 1 -15 0 -15 -1 0 0 0 0 0 0 0 0 0 0 0 0 0 0 0 0 0 0 0 0 0 0 -15 6 -15 4 -16 3 -16 3 -16 2 -17 2 -18 2 -18 1 -18 1 -18 0 -19 0 -20 0 -21 -1 -21 0 -22 -1 -23 -1 -24 -1 -25 0 -26 0 -26 1 -27 2 -29 2 -29 3 -31 4 -32 6 -33 6 ]
CSI_DATA,STA,E4:D1:24:F0:BE:00,-58,10,0,0,0,0,0,0,0,0,0,-97,0,5,0,40219425,0,399,0,0,40.6115,128,[-113 -15 24 0 36 3 35 2 34 2 33 2 33 1 32 1 31 0 30 0 29 0 29 1 27 1 27 1 25 2 24 2 23 3 22 3 22 4 20 4 19 4 18 5 17 5 16 5 16 6 15 6 13 7 0 0 0 0 0 0 0 0 0 0 0 0 0 0 0 0 0 0 0 0 0 0 16 0 16 1 15 2 15 3 16 4 16 4 16 5 16 5 17 6 16 6 17 7 18 8 19 8 19 8 20 8 21 9 21 9 22 9 24 9 25 9 26 8 28 8 29 8 31 8 33 8 35 7 ]
CSI_DATA,STA,E4:D1:24:F0:BE:00,-58,10,0,0,0,0,0,0,0,0,0,-97,0,5,0,40321826,0,399,0,0,40.714,128,[-113 -15 24 0 -26 -30 -27 -29 -26 -28 -26 -27 -27 -26 -26 -26 -26 -25 -26 -25 -24 -24 -23 -24 -22 -24 -21 -23 -20 -22 -19 -22 -17 -21 -16 -21 -15 -21 -14 -21 -13 -20 -12 -19 -11 -19 -10 -19 -8 -18 -7 -18 -6 -18 0 0 0 0 0 0 0 0 0 0 0 0 0 0 0 0 0 0 0 0 0 0 -11 -13 -9 -14 -9 -14 -8 -15 -7 -15 -8 -15 -8 -16 -7 -16 -8 -16 -7 -17 -7 -18 -7 -18 -8 -19 -8 -20 -8 -21 -10 -22 -10 -22 -10 -24 -12 -24 -13 -25 -14 -26 -16 -26 -17 -27 -19 -29 -21 -30 -23 -31 ]
CSI_DATA,STA,E4:D1:24:F0:BE:00,-57,10,0,0,0,0,0,0,0,0,0,-97,0,5,0,40424228,0,399,0,0,40.8164,128,[-113 -15 24 0 -8 -37 -9 -36 -8 -36 -9 -34 -9 -34 -9 -32 -9 -31 -8 -31 -9 -30 -8 -30 -8 -29 -7 -28 -6 -26 -5 -26 -4 -24 -4 -24 -2 -23 -2 -23 -1 -22 0 -21 0 -20 1 -19 2 -18 3 -17 4 -16 0 0 0 0 0 0 0 0 0 0 0 0 0 0 0 0 0 0 0 0 0 0 -6 -16 -4 -17 -3 -17 -3 -17 -2 -18 -2 -18 -1 -18 0 -19 0 -19 0 -20 1 -20 1 -21 2 -22 2 -22 2 -23 2 -24 2 -25 2 -26 1 -27 1 -28 0 -29 0 -31 -2 -32 -2 -33 -3 -35 -4 -38 ]
CSI_DATA,STA,E4:D1:24:F0:BE:00,-57,10,0,0,0,0,0,0,0,0,0,-97,0,5,0,40526630,0,399,0,0,40.9188,128,[-113 -15 24 0 -33 -17 -32 -16 -32 -15 -31 -14 -31 -13 -31 -12 -30 -12 -29 -11 -28 -12 -28 -11 -27 -11 -26 -11 -25 -10 -24 -11 -22 -11 -21 -11 -21 -11 -20 -11 -18 -11 -17 -11 -17 -12 -16 -13 -14 -12 -13 -12 -12 -13 0 0 0 0 0 0 0 0 0 0 0 0 0 0 0 0 0 0 0 0 0 0 -16 -7 -15 -8 -15 -9 -15 -9 -15 -11 -15 -11 -15 -11 -15 -12 -15 -13 -15 -14 -15 -14 -15 -15 -16 -16 -16 -16 -16 -17 -18 -18 -17 -17 -19 -19 -19 -18 -21 -19 -22 -19 -24 -19 -25 -20 -27 -20 -28 -20 -30 -20 ]
CSI_DATA,STA,E4:D1:24:F0:BE:00,-57,10,0,0,0,0,0,0,0,0,0,-97,0,5,0,40629032,0,399,0,0,41.0212,128,[-113 -15 24 0 20 -25 19 -25 18 -24 18 -24 17 -24 16 -24 16 -23 15 -22 15 -22 14 -21 14 -21 14 -19 14 -19 13 -17 13 -16 13 -15 14 -15 13 -14 13 -13 13 -12 12 -11 12 -10 12 -9 12 -8 12 -8 0 0 0 0 0 0 0 0 0 0 0 0 0 0 0 0 0 0 0 0 0 0 7 -10 8 -9 8 -9 9 -9 10 -9 10 -9 11 -9 11 -9 12 -9 12 -9 12 -9 13 -9 14 -9 15 -10 15 -10 15 -11 16 -11 16 -12 17 -13 18 -14 18 -15 19 -16 19 -18 20 -19 20 -21 21 -23 ]
CSI_DATA,STA,E4:D1:24:F0:BE:00,-58,10,0,0,0,0,0,0,0,0,0,-97,0,5,0,40731434,0,399,0,0,41.1236,128,[-113 -15 24 0 32 -16 30 -16 30 -16 29 -16 27 -17 27 -17 26 -16 24 -17 24 -16 24 -16 23 -15 22 -14 22 -13 21 -13 20 -11 20 -11 19 -10 19 -9 18 -8 18 -7 17 -6 17 -5 17 -4 16 -3 15 -3 0 0 0 0 0 0 0 0 0 0 0 0 0 0 0 0 0 0 0 0 0 0 12 -8 12 -7 13 -7 14 -6 14 -6 14 -5 15 -5 16 -5 17 -5 17 -4 17 -4 19 -4 20 -4 21 -4 22 -4 22 -5 23 -5 25 -5 25 -5 26 -6 27 -6 29 -8 29 -8 30 -9 32 -10 33 -12 ]
CSI_DATA,STA,E4:D1:24:F0:BE:00,-57,10,0,0,0,0,0,0,0,0,0,-97,0,5,0,40833836,0,399,0,0,41.2261,128,[-113 -15 24 0 -8 -38 -9 -36 -8 -35 -9 -34 -10 -33 -9 -32 -9 -31 -9 -30 -9 -30 -8 -29 -8 -28 -7 -27 -7 -26 -5 -25 -4 -24 -4 -24 -3 -23 -3 -23 -2 -22 -1 -21 -1 -20 0 -19 1 -18 2 -18 3 -17 0 0 0 0 0 0 0 0 0 0 0 0 0 0 0 0 0 0 0 0 0 0 -7 -15 -6 -15 -5 -16 -4 -16 -4 -17 -4 -17 -3 -18 -3 -19 -2 -19 -2 -20 -1 -20 -1 -21 -1 -23 0 -24 -1 -24 0 -25 0 -26 0 -27 -1 -28 -1 -30 -1 -31 -2 -32 -2 -33 -3 -35 -3 -37 -4 -39 ]
CSI_DATA,STA,E4:D1:24:F0:BE:00,-57,10,0,0,0,0,0,0,0,0,0,-97,0,5,0,40936237,0,399,0,0,41.3283,128,[-113 -15 24 0 -16 -32 -16 -30 -16 -29 -15 -28 -16 -27 -16 -27 -15 -26 -16 -25 -15 -25 -14 -24 -14 -23 -13 -22 -13 -22 -11 -21 -11 -20 -10 -20 -9 -20 -8 -19 -7 -19 -7 -18 -6 -17 -5 -17 -4 -17 -3 -16 -2 -16 0 0 0 0 0 0 0 0 0 0 0 0 0 0 0 0 0 0 0 0 0 0 -7 -12 -7 -12 -6 -13 -6 -13 -5 -14 -5 -14 -5 -14 -5 -15 -5 -16 -4 -16 -4 -17 -4 -18 -4 -19 -4 -20 -5 -20 -5 -21 -5 -22 -5 -24 -6 -24 -6 -25 -7 -26 -8 -28 -9 -28 -10 -29 -12 -31 -12 -33 ]
CSI_DATA,STA,E4:D1:24:F0:BE:00,-57,10,0,0,0,0,0,0,0,0,0,-97,0,5,0,41038639,0,399,0,0,41.4308,128,[-113 -15 24 0 28 20 27 18 27 18 26 17 26 16 25 15 24 15 23 14 23 14 22 13 21 13 20 13 18 13 18 12 16 12 16 12 14 12 13 12 12 12 12 11 11 11 10 11 9 11 8 11 7 10 0 0 0 0 0 0 0 0 0 0 0 0 0 0 0 0 0 0 0 0 0 0 12 4 12 5 12 6 11 7 12 8 12 8 12 9 12 10 12 10 12 11 12 11 13 12 14 13 13 14 14 14 15 15 15 15 16 17 17 17 18 18 20 18 21 19 22 20 24 20 26 20 27 21 ]
CSI_DATA,STA,E4:D1:24:F0:BE:00,-57,10,0,0,0,0,0,0,0,0,0,-97,0,5,0,41141041,0,399,0,0,41.5332,128,[-113 -15 24 0 2 37 3 35 3 35 3 33 4 33 4 32 4 31 4 30 4 29 4 28 3 27 3 26 3 25 2 24 1 23 1 23 0 22 0 21 -1 20 -2 19 -2 19 -2 18 -3 17 -4 16 -5 16 0 0 0 0 0 0 0 0 0 0 0 0 0 0 0 0 0 0 0 0 0 0 4 15 2 15 1 16 1 16 0 16 0 17 -1 17 -2 18 -2 18 -3 18 -3 19 -4 20 -4 21 -4 21 -5 22 -5 23 -5 24 -5 25 -4 26 -4 27 -4 28 -3 30 -3 32 -2 33 -2 35 -1 37 ]
CSI_DATA,STA,E4:D1:24:F0:BE:00,-57,10,0,0,0,0,0,0,0,0,0,-97,0,5,0,41243443,0,399,0,0,41.6356,128,[-113 -15 24 0 16 36 16 34 17 33 16 31 17 31 16 30 16 29 16 27 15 28 15 27 14 25 13 25 12 24 11 23 10 22 9 22 8 21 8 21 7 20 6 19 5 19 4 18 3 17 1 16 1 16 0 0 0 0 0 0 0 0 0 0 0 0 0 0 0 0 0 0 0 0 0 0 8 13 6 13 6 14 5 14 5 16 5 16 4 16 4 17 4 18 3 18 3 19 3 20 3 21 3 22 3 22 3 24 4 24 4 26 5 26 6 28 6 29 8 30 8 32 10 33 11 34 12 36 ]
CSI_DATA,STA,E4:D1:24:F0:BE:00,-57,10,0,0,0,0,0,0,0,0,0,-97,0,5,0,41345845,0,399,0,0,41.738,128,[-113 -15 24 0 32 24 31 23 31 22 30 21 30 20 29 19 29 19 28 18 27 18 26 18 25 17 24 17 22 17 22 17 20 16 19 17 17 17 17 16 16 16 14 16 13 16 12 16 10 16 9 16 8 16 0 0 0 0 0 0 0 0 0 0 0 0 0 0 0 0 0 0 0 0 0 0 14 8 13 9 13 10 12 11 12 12 12 12 12 13 12 14 12 15 12 16 11 16 12 17 12 18 12 19 12 19 14 20 14 20 15 21 16 21 17 22 19 22 21 23 22 24 24 25 26 26 28 27 ]
CSI_DATA,STA,E4:D1:24:F0:BE:00,-58,10,0,0,0,0,0,0,0,0,0,-97,0,5,0,41448247,0,399,0,0,41.8404,128,[-113 -15 24 0 -16 -32 -17 -31 -17 -30 -17 -29 -17 -27 -17 -27 -17 -26 -17 -26 -16 -25 -16 -25 -15 -24 -14 -23 -14 -23 -12 -22 -11 -22 -10 -21 -10 -21 -9 -21 -7 -20 -6 -19 -6 -18 -5 -18 -4 -17 -4 -16 -2 -15 0 0 0 0 0 0 0 0 0 0 0 0 0 0 0 0 0 0 0 0 0 0 -9 -14 -8 -15 -7 -15 -7 -16 -6 -17 -6 -17 -5 -18 -5 -19 -4 -19 -4 -19 -3 -20 -3 -21 -3 -22 -3 -22 -2 -22 -2 -24 -3 -24 -3 -24 -4 -25 -4 -26 -5 -26 -7 -28 -8 -28 -9 -29 -10 -31 -11 -32 ]
CSI_DATA,STA,E4:D1:24:F0:BE:00,-57,10,0,0,0,0,0,0,0,0,0,-97,0,5,0,41550651,0,399,0,0,41.9427,128,[-113 -15 24 0 -39 4 -39 4 -38 6 -37 6 -37 6 -36 5 -35 5 -34 6 -33 5 -32 5 -32 4 -31 3 -29 2 -29 2 -27 1 -27 0 -26 -1 -25 -2 -24 -3 -22 -3 -21 -4 -20 -5 -19 -5 -18 -6 -17 -7 0 0 0 0 0 0 0 0 0 0 0 0 0 0 0 0 0 0 0 0 0 0 -16 3 -16 2 -16 1 -16 0 -17 0 -17 -1 -18 -1 -18 -2 -19 -3 -19 -3 -19 -4 -20 -4 -21 -5 -21 -5 -22 -5 -23 -5 -24 -5 -25 -5 -26 -5 -27 -4 -29 -3 -30 -3 -32 -2 -35 -1 -36 0 -39 2 ]
CSI_DATA,STA,E4:D1:24:F0:BE:00,-58,10,0,0,0,0,0,0,0,0,0,-97,0,5,0,41653052,0,399,0,0,42.0451,128,[-113 -15 24 0 -4 -39 -5 -37 -5 -36 -6 -36 -7 -35 -7 -34 -7 -33 -8 -33 -6 -32 -6 -31 -6 -30 -6 -29 -5 -28 -4 -27 -3 -26 -3 -25 -2 -25 -2 -24 -1 -23 0 -22 0 -21 1 -20 2 -19 3 -18 4 -17 0 0 0 0 0 0 0 0 0 0 0 0 0 0 0 0 0 0 0 0 0 0 -4 -18 -2 -18 -1 -18 0 -19 1 -19 1 -20 2 -20 3 -20 3 -20 4 -20 4 -21 5 -22 5 -23 6 -23 6 -25 6 -25 6 -26 6 -27 6 -28 6 -29 5 -30 4 -32 4 -33 3 -35 2 -36 2 -38 ]
CSI_DATA,STA,E4:D1:24:F0:BE:00,-57,10,0,0,0,0,0,0,0,0,0,-97,0,5,0,41755454,0,399,0,0,42.1475,128,[-113 -15 24 0 -21 -34 -21 -33 -21 -31 -21 -30 -21 -29 -21 -28 -21 -27 -20 -26 -20 -26 -20 -25 -19 -24 -18 -24 -17 -24 -16 -23 -14 -22 -14 -22 -12 -22 -12 -21 -10 -21 -9 -20 -9 -20 -8 -19 -6 -19 -5 -18 -3 -18 0 0 0 0 0 0 0 0 0 0 0 0 0 0 0 0 0 0 0 0 0 0 -13 -14 -12 -15 -10 -16 -10 -17 -9 -18 -9 -18 -8 -19 -8 -20 -8 -20 -7 -21 -6 -21 -6 -22 -6 -23 -6 -24 -7 -24 -7 -26 -7 -26 -8 -28 -8 -28 -9 -29 -11 -30 -12 -31 -13 -32 -14 -33 -16 -35 -18 -36 ]
CSI_DATA,STA,E4:D1:24:F0:BE:00,-57,10,0,0,0,0,0,0,0,0,0,-97,0,5,0,41857856,0,399,0,0,42.2501,128,[-113 -15 24 0 29 5 28 5 28 4 27 4 27 3 26 2 26 2 25 2 24 2 24 2 23 2 22 2 21 3 21 3 19 3 19 4 19 4 18 4 17 5 16 5 15 6 14 6 13 7 12 7 11 8 0 0 0 0 0 0 0 0 0 0 0 0 0 0 0 0 0 0 0 0 0 0 12 1 12 2 12 3 12 4 12 4 12 4 12 5 13 5 13 6 13 7 13 7 14 7 14 8 15 8 15 9 16 9 16 9 17 9 18 9 19 9 20 9 22 9 23 9 24 9 26 9 28 8 ]
CSI_DATA,STA,E4:D1:24:F0:BE:00,-57,10,0,0,0,0,0,0,0,0,0,-97,0,5,0,41960258,0,399,0,0,42.3525,128,[-113 -15 24 0 -24 -31 -25 -30 -24 -28 -24 -27 -24 -26 -24 -26 -24 -24 -23 -24 -22 -24 -22 -23 -22 -22 -20 -22 -19 -21 -17 -21 -16 -20 -15 -20 -14 -20 -13 -20 -12 -20 -11 -19 -10 -19 -9 -18 -8 -17 -6 -17 -5 -17 0 0 0 0 0 0 0 0 0 0 0 0 0 0 0 0 0 0 0 0 0 0 -14 -13 -12 -14 -12 -15 -11 -16 -10 -16 -9 -17 -9 -18 -10 -18 -9 -19 -8 -20 -8 -20 -8 -21 -8 -22 -8 -22 -8 -23 -9 -25 -9 -24 -9 -26 -11 -26 -11 -27 -13 -27 -14 -29 -16 -29 -18 -30 -20 -31 -22 -32 ]
CSI_DATA,STA,E4:D1:24:F0:BE:00,-57,10,0,0,0,0,0,0,0,0,0,-97,0,5,0,42062660,0,399,0,0,42.4549,128,[-113 -15 24 0 17 -33 16 -34 15 -32 14 -32 13 -31 13 -31 12 -30 12 -30 11 -29 11 -28 11 -27 11 -26 11 -25 11 -23 12 -22 12 -21 12 -20 12 -19 12 -18 12 -17 12 -16 12 -14 12 -13 13 -12 13 -11 0 0 0 0 0 0 0 0 0 0 0 0 0 0 0 0 0 0 0 0 0 0 5 -15 7 -14 7 -14 8 -14 9 -14 10 -14 10 -14 11 -14 12 -14 12 -14 12 -14 13 -14 14 -15 14 -15 15 -16 15 -16 16 -17 16 -18 16 -19 17 -20 17 -22 18 -23 17 -25 17 -27 18 -29 19 -31 ]
CSI_DATA,STA,E4:D1:24:F0:BE:00,-57,10,0,0,0,0,0,0,0,0,0,-97,0,5,0,42165062,0,399,0,0,42.5572,128,[-113 -15 24 0 11 36 10 34 11 35 11 33 11 32 11 32 10 31 10 30 10 30 9 28 9 28 8 27 7 26 6 26 5 24 4 24 4 23 2 22 2 22 1 21 1 20 -1 19 -1 19 -2 18 -4 17 0 0 0 0 0 0 0 0 0 0 0 0 0 0 0 0 0 0 0 0 0 0 5 14 3 15 3 15 2 15 2 16 1 16 0 17 0 17 0 18 -1 18 -1 18 -2 19 -2 19 -2 20 -2 21 -2 22 -1 22 -1 24 -1 24 0 25 1 27 2 28 3 30 4 31 5 33 7 36 ]
CSI_DATA,STA,E4:D1:24:F0:BE:00,-58,10,0,0,0,0,0,0,0,0,0,-97,0,5,0,42267464,0,399,0,0,42.6596,128,[-113 -15 24 0 -25 -28 -24 -27 -24 -26 -23 -25 -24 -24 -23 -24 -22 -23 -21 -23 -21 -23 -20 -22 -19 -21 -18 -20 -17 -20 -17 -20 -15 -19 -14 -18 -13 -19 -12 -18 -11 -18 -10 -18 -9 -17 -8 -17 -7 -16 -6 -16 -5 -16 0 0 0 0 0 0 0 0 0 0 0 0 0 0 0 0 0 0 0 0 0 0 -13 -10 -12 -11 -11 -12 -11 -12 -11 -13 -10 -14 -10 -14 -10 -15 -10 -16 -10 -16 -10 -16 -9 -18 -10 -18 -10 -19 -10 -20 -11 -21 -11 -21 -12 -22 -12 -23 -14 -24 -15 -24 -16 -25 -17 -26 -19 -27 -21 -28 -22 -30 ]
CSI_DATA,STA,E4:D1:24:F0:BE:00,-57,10,0,0,0,0,0,0,0,0,0,-97,0,5,0,42369865,0,399,0,0,42.7619,128,[-113 -15 24 0 -33 20 -33 20 -31 20 -30 20 -29 20 -28 20 -27 19 -26 19 -26 18 -25 18 -24 17 -24 15 -24 15 -23 14 -22 12 -22 11 -21 11 -21 10 -20 8 -20 8 -19 6 -18 6 -18 4 -17 4 -17 2 0 0 0 0 0 0 0 0 0 0 0 0 0 0 0 0 0 0 0 0 0 0 -13 11 -14 10 -14 9 -15 8 -16 8 -17 8 -17 7 -18 7 -18 7 -19 7 -19 6 -21 7 -21 6 -23 6 -23 6 -24 7 -25 7 -26 7 -26 8 -27 9 -28 10 -30 11 -30 13 -31 14 -32 16 -34 18 ]
CSI_DATA,STA,E4:D1:24:F0:BE:00,-57,10,0,0,0,0,0,0,0,0,0,-97,0,5,0,42472267,0,399,0,0,42.8643,128,[-113 -15 24 0 -38 -6 -37 -6 -36 -6 -36 -5 -35 -4 -34 -4 -33 -4 -32 -4 -31 -3 -30 -4 -30 -4 -28 -4 -28 -5 -26 -5 -25 -5 -24 -6 -23 -7 -22 -7 -21 -8 -20 -8 -19 -8 -18 -9 -16 -9 -16 -9 -15 -10 0 0 0 0 0 0 0 0 0 0 0 0 0 0 0 0 0 0 0 0 0 0 -16 -1 -16 -3 -16 -4 -16 -4 -16 -5 -16 -5 -17 -6 -17 -7 -18 -7 -18 -8 -18 -8 -18 -9 -19 -10 -20 -10 -20 -11 -21 -11 -22 -11 -23 -11 -24 -11 -25 -11 -27 -11 -28 -11 -30 -10 -31 -10 -34 -10 -36 -9 ]
CSI_DATA,STA,E4:D1:24:F0:BE:00,-57,10,0,0,0,0,0,0,0,0,0,-97,0,5,0,42574668,0,399,0,0,42.9668,128,[-113 -15 24 0 -23 21 -22 21 -21 21 -20 20 -19 21 -19 20 -17 20 -17 20 -17 19 -16 18 -16 17 -16 17 -15 16 -15 15 -15 14 -15 13 -14 12 -15 11 -14 11 -14 10 -14 9 -13 8 -13 7 -13 7 -13 5 0 0 0 0 0 0 0 0 0 0 0 0 0 0 0 0 0 0 0 0 0 0 -9 8 -9 8 -10 7 -11 7 -11 7 -12 7 -12 7 -12 7 -13 7 -13 7 -14 6 -15 7 -15 7 -16 7 -17 7 -17 8 -18 8 -18 9 -19 10 -19 11 -20 12 -21 13 -21 15 -22 16 -23 18 -23 19 ]
CSI_DATA,STA,E4:D1:24:F0:BE:00,-57,10,0,0,0,0,0,0,0,0,0,-97,0,5,0,42677070,0,399,0,0,43.0693,128,[-113 -15 24 0 -18 -34 -18 -33 -19 -32 -18 -31 -19 -30 -18 -30 -18 -28 -18 -27 -17 -28 -16 -27 -16 -26 -15 -25 -14 -24 -13 -24 -11 -22 -11 -23 -10 -22 -9 -22 -8 -21 -7 -20 -6 -19 -6 -19 -4 -19 -3 -18 -2 -18 0 0 0 0 0 0 0 0 0 0 0 0 0 0 0 0 0 0 0 0 0 0 -9 -15 -7 -15 -7 -16 -6 -16 -6 -17 -5 -17 -5 -18 -5 -18 -4 -19 -4 -20 -3 -19 -4 -20 -3 -21 -3 -22 -3 -22 -4 -24 -4 -24 -5 -25 -5 -26 -7 -26 -8 -28 -9 -30 -10 -30 -12 -32 -13 -33 -15 -35 ]
CSI_DATA,STA,E4:D1:24:F0:BE:00,-57,10,0,0,0,0,0,0,0,0,0,-97,0,5,0,42779472,0,399,0,0,43.1717,128,[-113 -15 24 0 -11 34 -10 33 -10 33 -9 31 -7 31 -7 31 -7 30 -6 29 -7 28 -7 27 -7 26 -7 25 -7 24 -7 24 -7 22 -8 22 -8 21 -9 20 -9 19 -9 18 -9 16 -10 15 -10 15 -11 13 -11 12 0 0 0 0 0 0 0 0 0 0 0 0 0 0 0 0 0 0 0 0 0 0 -4 14 -5 13 -6 14 -7 13 -8 13 -8 13 -9 14 -9 13 -10 14 -10 14 -11 14 -12 14 -12 15 -13 15 -13 15 -13 17 -13 17 -14 19 -13 19 -14 21 -13 22 -13 24 -14 26 -14 27 -14 29 -14 31 ]
CSI_DATA,STA,E4:D1:24:F0:BE:00,-58,10,0,0,0,0,0,0,0,0,0,-97,0,5,0,42881874,0,399,0,0,43.2741,128,[-113 -15 24 0 -35 19 -33 19 -32 19 -31 19 -30 19 -29 19 -28 18 -28 18 -27 17 -26 17 -25 16 -25 15 -24 14 -23 13 -22 12 -22 11 -21 10 -21 10 -20 8 -20 7 -19 6 -18 5 -17 5 -17 4 -17 3 0 0 0 0 0 0 0 0 0 0 0 0 0 0 0 0 0 0 0 0 0 0 -14 9 -15 7 -15 7 -16 6 -17 6 -17 5 -17 5 -18 5 -19 4 -19 4 -19 4 -21 4 -21 4 -23 4 -23 4 -24 5 -25 5 -26 5 -27 6 -28 7 -29 8 -30 9 -31 10 -32 12 -34 13 -35 15 ]
CSI_DATA,STA,E4:D1:24:F0:BE:00,-57,10,0,0,0,0,0,0,0,0,0,-97,0,5,0,42984276,0,399,0,0,43.3765,128,[-113 -15 24 0 11 -39 9 -37 9 -37 8 -35 7 -35 7 -35 6 -33 6 -33 6 -33 5 -31 6 -30 6 -29 6 -28 7 -27 7 -25 7 -25 8 -23 8 -22 9 -21 9 -20 9 -19 9 -18 9 -17 10 -16 11 -14 0 0 0 0 0 0 0 0 0 0 0 0 0 0 0 0 0 0 0 0 0 0 2 -17 4 -17 5 -17 5 -16 7 -17 7 -17 8 -17 8 -18 9 -18 10 -18 10 -18 11 -19 12 -19 13 -20 13 -20 14 -22 13 -22 14 -24 14 -24 14 -25 14 -27 14 -29 14 -30 14 -32 14 -34 13 -36 ]
CSI_DATA,STA,E4:D1:24:F0:BE:00,-57,10,0,0,0,0,0,0,0,0,0,-97,0,5,0,43086677,0,399,0,0,43.4787,128,[-113 -15 24 0 -39 -12 -39 -12 -37 -10 -37 -10 -36 -9 -35 -9 -34 -8 -33 -8 -32 -8 -31 -8 -30 -8 -29 -8 -28 -8 -26 -9 -25 -9 -24 -9 -23 -9 -22 -9 -21 -10 -20 -10 -19 -10 -17 -10 -16 -10 -15 -11 -14 -11 0 0 0 0 0 0 0 0 0 0 0 0 0 0 0 0 0 0 0 0 0 0 -16 -5 -15 -6 -15 -7 -15 -8 -15 -8 -15 -9 -15 -9 -16 -10 -16 -10 -16 -11 -16 -11 -17 -12 -17 -13 -18 -14 -19 -14 -20 -14 -21 -14 -22 -14 -23 -14 -25 -14 -26 -14 -28 -14 -30 -14 -32 -14 -34 -14 -37 -14 ]
CSI_DATA,STA,E4:D1:24:F0:BE:00,-57,10,0,0,0,0,0,0,0,0,0,-97,0,5,0,43189079,0,399,0,0,43.5811,128,[-113 -15 24 0 6 32 6 31 6 30 7 29 7 28 7 28 7 27 7 26 6 25 6 25 5 24 5 23 4 23 3 21 3 20 2 20 1 20 1 19 0 18 -1 17 -1 16 -1 15 -2 14 -3 14 -4 13 0 0 0 0 0 0 0 0 0 0 0 0 0 0 0 0 0 0 0 0 0 0 5 14 4 14 2 14 2 15 1 15 1 15 0 16 0 16 -1 17 -1 17 -2 17 -2 18 -3 18 -3 19 -3 20 -3 20 -3 21 -3 22 -2 23 -2 23 -1 25 0 26 0 27 1 28 2 30 3 32 ]
CSI_DATA,STA,E4:D1:24:F0:BE:00,-57,10,0,0,0,0,0,0,0,0,0,-97,0,5,0,43291481,0,399,0,0,43.6837,128,[-113 -15 24 0 35 11 34 10 33 9 33 9 32 8 31 8 30 7 29 7 28 7 27 7 27 7 25 7 24 7 23 7 21 8 20 8 19 8 18 9 17 9 16 9 15 9 14 9 13 9 12 9 10 10 0 0 0 0 0 0 0 0 0 0 0 0 0 0 0 0 0 0 0 0 0 0 14 2 14 3 14 4 13 5 14 6 14 6 14 7 14 7 14 8 14 8 15 9 16 9 16 10 17 10 17 11 19 11 19 11 20 12 22 12 23 12 25 12 26 12 27 13 30 13 31 13 34 12 ]
CSI_DATA,STA,E4:D1:24:F0:BE:00,-57,10,0,0,0,0,0,0,0,0,0,-97,0,5,0,43393883,0,399,0,0,43.7861,128,[-113 -15 24 0 33 18 33 17 32 17 32 16 32 16 31 15 30 15 29 15 28 15 28 14 27 14 26 14 25 14 23 14 22 14 20 15 19 15 18 15 17 15 15 15 14 14 13 14 12 14 10 14 9 15 0 0 0 0 0 0 0 0 0 0 0 0 0 0 0 0 0 0 0 0 0 0 13 7 13 9 12 9 12 10 11 10 11 11 11 12 11 12 12 13 11 13 11 13 12 14 12 15 13 15 14 16 14 16 15 17 16 17 17 18 18 18 20 18 22 19 23 19 26 19 28 20 31 21 ]
CSI_DATA,STA,E4:D1:24:F0:BE:00,-57,10,0,0,0,0,0,0,0,0,0,-97,0,5,0,43496285,0,399,0,0,43.8885,128,[-113 -15 24 0 -31 22 -30 22 -29 22 -28 22 -27 22 -26 22 -25 21 -24 20 -23 19 -24 18 -22 18 -22 17 -22 16 -20 15 -20 14 -20 13 -20 12 -19 11 -18 10 -18 9 -17 8 -17 7 -16 6 -16 5 -16 4 0 0 0 0 0 0 0 0 0 0 0 0 0 0 0 0 0 0 0 0 0 0 -13 9 -13 8 -14 8 -14 7 -15 7 -15 6 -16 6 -16 6 -17 6 -18 6 -18 6 -18 6 -20 6 -20 6 -21 6 -22 8 -22 8 -23 8 -24 10 -25 11 -26 12 -27 14 -28 15 -29 15 -30 18 -32 19 ]
CSI_DATA,STA,E4:D1:24:F0:BE:00,-57,10,0,0,0,0,0,0,0,0,0,-97,0,5,0,43598687,0,399,0,0,43.9909,128,[-113 -15 24 0 27 19 26 17 26 17 25 16 25 15 24 14 24 14 23 13 22 13 21 12 21 12 20 12 18 12 18 11 16 11 16 12 15 12 14 12 13 11 12 12 11 11 10 11 9 11 8 11 7 11 0 0 0 0 0 0 0 0 0 0 0 0 0 0 0 0 0 0 0 0 0 0 10 6 9 6 9 6 9 7 9 8 9 8 9 9 10 9 10 10 10 10 10 11 10 11 11 12 11 13 11 13 12 14 13 14 14 16 15 15 16 16 17 17 19 17 20 18 22 18 23 19 25 20 ]
CSI_DATA,STA,E4:D1:24:F0:BE:00,-58,10,0,0,0,0,0,0,0,0,0,-97,0,5,0,43701088,0,399,0,0,44.0933,128,[-113 -15 24 0 -1 37 1 36 1 35 1 33 2 33 1 33 2 31 2 31 2 30 2 29 2 27 1 27 0 26 -1 25 -1 23 -1 23 -2 21 -3 21 -4 20 -4 18 -4 18 -4 16 -4 15 -5 15 -7 14 0 0 0 0 0 0 0 0 0 0 0 0 0 0 0 0 0 0 0 0 0 0 2 15 0 15 -1 15 -2 15 -2 16 -3 16 -3 16 -4 17 -4 17 -4 17 -4 17 -5 18 -5 19 -6 20 -6 20 -6 22 -7 22 -7 24 -6 24 -6 26 -6 27 -5 29 -4 30 -4 32 -3 34 -3 36 ]
CSI_DATA,STA,E4:D1:24:F0:BE:00,-57,10,0,0,0,0,0,0,0,0,0,-97,0,5,0,43803490,0,399,0,0,44.1957,128,[-113 -15 24 0 -40 5 -38 6 -37 6 -36 6 -36 7 -35 7 -33 7 -32 6 -31 6 -31 6 -30 5 -29 5 -28 4 -27 3 -25 3 -25 2 -23 1 -23 1 -22 0 -21 -1 -20 -2 -19 -2 -18 -3 -17 -4 -17 -5 0 0 0 0 0 0 0 0 0 0 0 0 0 0 0 0 0 0 0 0 0 0 -16 2 -16 1 -16 0 -16 -1 -17 -1 -17 -2 -17 -2 -17 -2 -18 -3 -18 -3 -19 -3 -19 -3 -21 -4 -21 -4 -22 -4 -23 -4 -24 -4 -25 -3 -26 -3 -28 -2 -29 -1 -31 -1 -33 0 -34 0 -37 1 -39 2 ]
CSI_DATA,STA,E4:D1:24:F0:BE:00,-57,10,0,0,0,0,0,0,0,0,0,-97,0,5,0,43905892,0,399,0,0,44.2979,128,[-113 -15 24 0 2 37 3 37 3 35 3 35 4 34 4 33 4 32 4 31 3 30 3 29 2 28 2 27 1 27 0 25 0 24 -1 23 -2 23 -2 22 -3 20 -3 19 -4 18 -4 17 -5 16 -6 16 -7 14 0 0 0 0 0 0 0 0 0 0 0 0 0 0 0 0 0 0 0 0 0 0 1 15 0 15 -1 15 -1 16 -3 16 -3 16 -3 16 -4 17 -4 17 -4 17 -5 17 -5 18 -6 19 -6 19 -6 20 -6 21 -5 22 -5 23 -5 24 -5 26 -4 27 -3 29 -3 30 -2 32 -2 34 -1 36 ]
CSI_DATA,STA,E4:D1:24:F0:BE:00,-57,10,0,0,0,0,0,0,0,0,0,-97,0,5,0,44008294,0,399,0,0,44.4005,128,[-113 -15 24 0 -32 10 -31 10 -29 11 -29 10 -28 11 -28 10 -27 10 -26 10 -25 10 -24 9 -23 9 -23 8 -22 7 -21 7 -20 6 -20 5 -19 4 -19 3 -18 2 -17 2 -16 1 -16 0 -16 0 -15 0 -13 -3 0 0 0 0 0 0 0 0 0 0 0 0 0 0 0 0 0 0 0 0 0 0 -12 4 -12 2 -12 2 -12 2 -13 2 -13 1 -14 1 -14 1 -14 1 -15 1 -15 1 -16 1 -17 1 -17 1 -18 1 -20 1 -21 2 -21 2 -22 2 -23 2 -24 3 -26 4 -27 5 -29 7 -30 8 -31 9 ]
CSI_DATA,STA,E4:D1:24:F0:BE:00,-57,10,0,0,0,0,0,0,0,0,0,-97,0,5,0,44110696,0,399,0,0,44.5029,128,[-113 -15 24 0 2 41 3 39 3 38 3 36 4 36 4 35 4 33 4 32 3 32 3 30 3 29 2 28 2 27 1 26 0 25 0 24 -1 23 -2 22 -3 21 -3 20 -4 18 -4 18 -5 17 -6 16 -6 14 0 0 0 0 0 0 0 0 0 0 0 0 0 0 0 0 0 0 0 0 0 0 2 15 1 15 0 16 -1 16 -1 17 -2 17 -2 18 -2 18 -3 18 -3 18 -3 19 -4 20 -4 21 -5 22 -5 22 -5 24 -5 25 -5 26 -4 26 -4 28 -3 30 -3 32 -2 34 -2 35 -1 37 0 40 ]
CSI_DATA,STA,E4:D1:24:F0:BE:00,-57,10,0,0,0,0,0,0,0,0,0,-97,0,5,0,44213098,0,399,0,0,44.6053,128,[-113 -15 24 0 -1 -38 -2 -37 -1 -36 -2 -35 -3 -34 -3 -33 -3 -32 -3 -31 -3 -30 -2 -30 -2 -29 -2 -28 -2 -26 0 -25 0 -24 0 -23 1 -23 2 -22 2 -21 3 -20 3 -19 3 -18 4 -17 5 -16 5 -16 0 0 0 0 0 0 0 0 0 0 0 0 0 0 0 0 0 0 0 0 0 0 -2 -15 -1 -15 0 -15 1 -16 1 -16 2 -16 2 -16 3 -17 3 -17 4 -18 4 -18 4 -19 5 -20 5 -20 5 -22 6 -22 5 -23 5 -24 5 -26 5 -26 4 -28 4 -30 3 -31 3 -33 2 -35 2 -37 ]
CSI_DATA,STA,E4:D1:24:F0:BE:00,-57,10,0,0,0,0,0,0,0,0,0,-97,0,5,0,44315500,0,399,0,0,44.7077,128,[-113 -15 24 0 -39 -11 -39 -11 -37 -9 -36 -9 -36 -8 -35 -8 -34 -7 -33 -7 -31 -7 -30 -7 -30 -7 -28 -7 -27 -7 -26 -7 -24 -8 -23 -8 -22 -9 -22 -9 -20 -9 -20 -10 -18 -10 -17 -10 -16 -10 -15 -11 -13 -12 0 0 0 0 0 0 0 0 0 0 0 0 0 0 0 0 0 0 0 0 0 0 -16 -3 -15 -5 -15 -5 -15 -6 -15 -7 -16 -7 -16 -7 -16 -8 -16 -9 -16 -9 -17 -10 -17 -10 -18 -11 -19 -11 -20 -12 -21 -13 -22 -12 -23 -13 -24 -13 -25 -13 -28 -13 -29 -13 -30 -13 -33 -13 -35 -13 -37 -13 ]
CSI_DATA,STA,E4:D1:24:F0:BE:00,-57,10,0,0,0,0,0,0,0,0,0,-97,0,5,0,44417901,0,399,0,0,44.8101,128,[-113 -15 24 0 27 -16 25 -16 25 -16 24 -15 23 -16 23 -16 22 -15 21 -15 21 -15 20 -14 20 -13 19 -12 18 -12 18 -11 17 -10 17 -9 17 -9 16 -8 16 -7 15 -6 15 -5 14 -5 14 -4 13 -3 13 -2 0 0 0 0 0 0 0 0 0 0 0 0 0 0 0 0 0 0 0 0 0 0 10 -7 11 -6 11 -6 12 -5 13 -5 13 -4 13 -4 14 -4 14 -4 14 -4 14 -4 15 -3 16 -3 17 -3 17 -4 18 -4 18 -5 19 -5 20 -5 21 -6 21 -7 23 -8 23 -9 25 -10 26 -11 28 -13 ]
CSI_DATA,STA,E4:D1:24:F0:BE:00,-57,10,0,0,0,0,0,0,0,0,0,-97,0,5,0,44520303,0,399,0,0,44.9125,128,[-113 -15 24 0 8 40 8 38 8 37 8 36 9 35 9 34 8 32 8 32 8 31 7 30 8 29 6 28 5 27 4 26 3 25 3 25 2 24 1 23 1 22 0 21 -1 20 -2 19 -2 18 -3 17 -4 17 0 0 0 0 0 0 0 0 0 0 0 0 0 0 0 0 0 0 0 0 0 0 4 15 3 15 2 16 1 15 1 16 1 16 0 17 0 17 0 18 0 18 -1 19 -1 20 -1 21 -1 22 -2 23 -1 24 -1 25 -1 26 0 27 0 29 1 30 2 32 2 33 3 35 4 37 5 40 ]
CSI_DATA,STA,E4:D1:24:F0:BE:00,-57,10,0,0,0,0,0,0,0,0,0,-97,0,5,0,44622703,0,399,0,0,45.0147,128,[-113 -15 24 0 -33 -18 -33 -17 -31 -16 -31 -15 -30 -13 -30 -13 -29 -12 -28 -12 -27 -12 -27 -12 -26 -11 -24 -12 -24 -11 -22 -11 -21 -11 -20 -11 -19 -11 -18 -11 -17 -11 -16 -11 -15 -11 -14 -11 -13 -11 -12 -11 -10 -11 0 0 0 0 0 0 0 0 0 0 0 0 0 0 0 0 0 0 0 0 0 0 -13 -7 -12 -8 -12 -9 -12 -9 -12 -10 -12 -10 -12 -11 -13 -11 -13 -12 -13 -13 -13 -13 -13 -14 -14 -15 -15 -15 -15 -16 -16 -17 -17 -17 -17 -17 -19 -18 -20 -18 -22 -18 -23 -19 -25 -19 -27 -19 -29 -20 -30 -21 ]
CSI_DATA,STA,E4:D1:24:F0:BE:00,-57,10,0,0,0,0,0,0,0,0,0,-97,0,5,0,44725105,0,399,0,0,45.1171,128,[-113 -15 24 0 -33 -26 -31 -24 -31 -24 -30 -22 -30 -21 -29 -21 -28 -19 -28 -19 -27 -19 -26 -18 -25 -18 -24 -17 -23 -17 -22 -17 -20 -16 -20 -17 -18 -17 -17 -16 -16 -17 -15 -16 -14 -16 -13 -16 -12 -16 -10 -16 -9 -15 0 0 0 0 0 0 0 0 0 0 0 0 0 0 0 0 0 0 0 0 0 0 -14 -9 -13 -11 -13 -12 -13 -12 -13 -13 -12 -14 -12 -15 -12 -15 -12 -16 -12 -16 -12 -17 -12 -18 -13 -18 -13 -19 -14 -20 -15 -21 -15 -21 -16 -22 -18 -23 -18 -23 -20 -23 -21 -24 -24 -25 -25 -26 -27 -27 -29 -28 ]
CSI_DATA,STA,E4:D1:24:F0:BE:00,-57,10,0,0,0,0,0,0,0,0,0,-97,0,5,0,44827507,0,399,0,0,45.2198,128,[-113 -15 24 0 -33 -18 -32 -17 -32 -17 -31 -16 -30 -15 -29 -15 -28 -14 -28 -14 -27 -14 -26 -13 -25 -13 -24 -13 -23 -13 -22 -13 -20 -12 -20 -13 -18 -13 -17 -13 -16 -13 -15 -13 -14 -13 -13 -13 -12 -13 -11 -13 -9 -13 0 0 0 0 0 0 0 0 0 0 0 0 0 0 0 0 0 0 0 0 0 0 -13 -7 -13 -8 -12 -9 -12 -9 -12 -10 -12 -10 -12 -11 -12 -11 -12 -12 -13 -12 -12 -13 -13 -13 -14 -14 -14 -14 -15 -15 -16 -16 -16 -16 -18 -17 -19 -17 -20 -17 -21 -17 -23 -18 -25 -18 -27 -19 -29 -19 -31 -20 ]
CSI_DATA,STA,E4:D1:24:F0:BE:00,-57,10,0,0,0,0,0,0,0,0,0,-97,0,5,0,44929909,0,399,0,0,45.3221,128,[-113 -15 24 0 -32 11 -30 12 -29 11 -28 11 -27 12 -26 12 -25 11 -24 11 -24 11 -23 10 -23 9 -22 9 -21 8 -20 8 -19 7 -19 7 -19 6 -18 5 -17 5 -17 4 -16 3 -16 2 -15 1 -15 1 -14 0 0 0 0 0 0 0 0 0 0 0 0 0 0 0 0 0 0 0 0 0 0 0 -12 5 -13 4 -13 3 -14 3 -14 2 -15 2 -15 2 -15 2 -16 2 -16 1 -16 1 -17 1 -18 0 -19 0 -19 1 -21 1 -21 2 -22 2 -23 2 -24 3 -25 4 -26 5 -27 6 -28 6 -30 7 -31 8 ]
CSI_DATA,STA,E4:D1:24:F0:BE:00,-57,10,0,0,0,0,0,0,0,0,0,-97,0,5,0,45032311,0,399,0,0,45.4245,128,[-113 -15 24 0 21 35 20 34 20 32 20 31 20 30 19 29 19 28 18 27 17 26 17 25 16 25 15 24 13 23 12 23 11 21 10 21 9 21 8 20 7 20 6 19 5 18 4 17 4 17 2 16 1 16 0 0 0 0 0 0 0 0 0 0 0 0 0 0 0 0 0 0 0 0 0 0 10 12 8 12 8 13 7 14 7 14 7 15 6 15 7 16 6 17 6 17 6 18 6 19 6 20 7 21 7 22 7 23 7 24 8 25 9 25 10 27 11 28 12 29 13 30 16 32 17 34 18 35 ]
CSI_DATA,STA,E4:D1:24:F0:BE:00,-57,10,0,0,0,0,0,0,0,0,0,-97,0,5,0,45134712,0,399,0,0,45.5269,128,[-113 -15 24 0 -1 -42 -3 -39 -2 -39 -3 -37 -4 -36 -4 -35 -4 -33 -4 -33 -3 -33 -3 -31 -3 -29 -3 -29 -2 -27 -1 -27 -1 -25 -1 -24 0 -23 1 -22 1 -21 1 -20 2 -19 2 -18 3 -17 4 -16 4 -15 0 0 0 0 0 0 0 0 0 0 0 0 0 0 0 0 0 0 0 0 0 0 -2 -17 0 -17 0 -18 1 -17 2 -18 2 -18 3 -18 3 -19 4 -20 4 -20 4 -20 5 -21 6 -22 6 -23 6 -23 6 -25 6 -25 7 -27 5 -28 5 -29 4 -31 4 -33 3 -34 3 -36 3 -38 3 -40 ]
CSI_DATA,STA,E4:D1:24:F0:BE:00,-58,10,0,0,0,0,0,0,0,0,0,-97,0,5,0,45237114,0,399,0,0,45.6293,128,[-113 -15 24 0 -23 -30 -23 -30 -23 -28 -23 -27 -23 -26 -22 -26 -21 -24 -20 -24 -19 -23 -19 -22 -18 -22 -17 -22 -16 -20 -15 -20 -13 -19 -12 -19 -11 -18 -10 -18 -9 -17 -8 -17 -8 -16 -7 -15 -6 -15 -5 -14 -5 -14 0 0 0 0 0 0 0 0 0 0 0 0 0 0 0 0 0 0 0 0 0 0 -12 -12 -10 -13 -10 -14 -9 -14 -9 -15 -9 -15 -9 -16 -9 -16 -9 -17 -8 -17 -8 -18 -8 -19 -9 -20 -9 -20 -9 -21 -10 -22 -10 -23 -10 -24 -12 -24 -13 -25 -14 -26 -15 -28 -16 -28 -18 -29 -20 -30 -22 -32 ]
CSI_DATA,STA,E4:D1:24:F0:BE:00,-57,10,0,0,0,0,0,0,0,0,0,-97,0,5,0,45339516,0,399,0,0,45.7316,128,[-113 -15 24 0 -18 -37 -17 -35 -17 -35 -17 -33 -17 -32 -17 -31 -16 -30 -15 -30 -15 -29 -14 -28 -14 -27 -12 -26 -12 -25 -11 -25 -9 -23 -9 -23 -8 -22 -7 -22 -6 -21 -5 -20 -5 -19 -4 -18 -3 -18 -2 -17 -1 -17 0 0 0 0 0 0 0 0 0 0 0 0 0 0 0 0 0 0 0 0 0 0 -9 -14 -8 -14 -7 -16 -6 -16 -6 -17 -6 -17 -6 -17 -5 -18 -5 -19 -4 -20 -4 -19 -4 -21 -4 -22 -4 -23 -4 -23 -5 -25 -5 -25 -5 -26 -6 -27 -7 -28 -8 -29 -9 -31 -10 -32 -12 -34 -13 -35 -14 -38 ]
CSI_DATA,STA,E4:D1:24:F0:BE:00,-57,10,0,0,0,0,0,0,0,0,0,-97,0,5,0,45441918,0,399,0,0,45.834,128,[-113 -15 24 0 33 19 31 18 31 17 30 16 30 15 29 15 28 15 27 14 26 14 25 13 24 13 24 12 22 12 21 12 19 12 18 13 17 12 16 12 15 12 14 12 13 12 12 12 11 11 10 11 9 12 0 0 0 0 0 0 0 0 0 0 0 0 0 0 0 0 0 0 0 0 0 0 15 6 14 7 15 8 14 9 14 10 13 10 14 11 14 12 14 13 14 14 14 14 14 15 14 16 15 16 15 16 16 17 16 17 18 18 18 18 20 19 21 19 23 19 25 20 27 20 29 21 31 21 ]
CSI_DATA,STA,E4:D1:24:F0:BE:00,-57,10,0,0,0,0,0,0,0,0,0,-97,0,5,0,45544320,0,399,0,0,45.9365,128,[-113 -15 24 0 -35 -6 -34 -5 -33 -5 -32 -5 -31 -4 -31 -4 -29 -4 -29 -3 -28 -4 -27 -4 -26 -4 -25 -4 -24 -5 -22 -4 -21 -5 -20 -6 -19 -6 -18 -6 -17 -6 -16 -6 -15 -6 -14 -7 -13 -7 -13 -7 -12 -8 0 0 0 0 0 0 0 0 0 0 0 0 0 0 0 0 0 0 0 0 0 0 -16 0 -16 -1 -16 -2 -16 -3 -16 -4 -16 -4 -16 -4 -17 -5 -17 -6 -18 -7 -17 -7 -18 -8 -19 -8 -20 -8 -20 -9 -21 -9 -22 -9 -22 -10 -23 -9 -25 -9 -26 -9 -28 -9 -29 -9 -31 -9 -32 -9 -34 -8 ]
CSI_DATA,STA,E4:D1:24:F0:BE:00,-57,10,0,0,0,0,0,0,0,0,0,-97,0,5,0,45646722,0,399,0,0,46.0389,128,[-113 -15 24 0 38 -8 36 -8 36 -9 35 -9 34 -9 33 -9 31 -8 30 -8 30 -8 29 -7 28 -7 27 -6 25 -5 25 -5 23 -4 23 -3 22 -2 21 -2 20 -1 19 -1 18 0 17 1 16 2 15 2 14 3 0 0 0 0 0 0 0 0 0 0 0 0 0 0 0 0 0 0 0 0 0 0 15 -7 15 -6 16 -5 16 -4 17 -4 18 -3 18 -3 19 -2 20 -1 20 -1 21 -1 21 0 23 1 23 1 24 1 25 1 26 1 26 1 28 0 29 1 30 0 32 -1 33 -2 35 -2 36 -4 39 -5 ]
CSI_DATA,STA,E4:D1:24:F0:BE:00,-57,10,0,0,0,0,0,0,0,0,0,-97,0,5,0,45749124,0,399,0,0,46.1413,128,[-113 -15 24 0 27 -30 26 -30 24 -29 24 -29 23 -28 22 -28 22 -26 21 -26 20 -25 20 -24 19 -22 19 -22 18 -20 18 -18 17 -17 17 -16 17 -15 16 -14 16 -13 15 -12 15 -11 14 -10 13 -9 13 -8 14 -7 0 0 0 0 0 0 0 0 0 0 0 0 0 0 0 0 0 0 0 0 0 0 9 -14 11 -13 11 -12 11 -12 13 -12 13 -12 14 -11 15 -12 15 -11 15 -12 16 -11 17 -11 18 -11 19 -12 20 -12 20 -13 20 -14 21 -15 22 -16 23 -17 23 -18 25 -20 25 -21 26 -24 27 -25 28 -28 ]
CSI_DATA,STA,E4:D1:24:F0:BE:00,-58,10,0,0,0,0,0,0,0,0,0,-97,0,5,0,45851525,0,399,0,0,46.2438,128,[-113 -15 24 0 10 -36 8 -35 8 -34 8 -33 7 -32 7 -32 6 -30 6 -30 6 -29 6 -28 5 -27 5 -25 6 -24 6 -23 6 -21 6 -20 7 -20 7 -19 7 -18 7 -17 7 -16 7 -15 7 -14 7 -13 8 -12 0 0 0 0 0 0 0 0 0 0 0 0 0 0 0 0 0 0 0 0 0 0 3 -16 4 -16 5 -16 6 -15 7 -16 7 -15 8 -16 8 -16 9 -16 9 -16 9 -16 11 -17 11 -18 11 -18 12 -18 12 -20 12 -20 12 -22 13 -23 13 -24 13 -25 13 -27 13 -29 12 -30 13 -32 13 -35 ]
CSI_DATA,STA,E4:D1:24:F0:BE:00,-58,10,0,0,0,0,0,0,0,0,0,-97,0,5,0,45953927,0,399,0,0,46.3461,128,[-113 -15 24 0 -42 5 -39 5 -39 5 -38 5 -37 5 -36 5 -35 4 -34 4 -32 4 -31 3 -30 2 -29 2 -27 1 -26 1 -24 0 -23 -1 -23 -1 -22 -2 -20 -2 -20 -2 -18 -3 -18 -3 -17 -4 -16 -4 -14 -5 0 0 0 0 0 0 0 0 0 0 0 0 0 0 0 0 0 0 0 0 0 0 -17 3 -17 2 -18 1 -18 0 -18 0 -18 -1 -19 -1 -19 -2 -19 -2 -20 -2 -20 -2 -21 -3 -22 -3 -23 -3 -23 -3 -25 -4 -25 -3 -27 -3 -28 -3 -29 -3 -31 -2 -32 -1 -34 0 -36 0 -38 1 -41 2 ]
CSI_DATA,STA,E4:D1:24:F0:BE:00,-58,10,0,0,0,0,0,0,0,0,0,-97,0,5,0,46056329,0,399,0,0,46.4484,128,[-113 -15 24 0 35 -14 34 -15 33 -14 32 -14 31 -14 31 -13 30 -13 29 -13 28 -12 27 -12 26 -11 25 -10 25 -9 24 -9 23 -7 22 -6 22 -6 21 -4 20 -4 19 -3 18 -2 17 -2 16 -1 16 -1 16 1 0 0 0 0 0 0 0 0 0 0 0 0 0 0 0 0 0 0 0 0 0 0 12 -6 13 -5 13 -4 13 -4 14 -3 14 -3 15 -2 15 -2 16 -2 16 -2 16 -3 17 -2 18 -2 19 -2 20 -2 20 -3 21 -3 22 -4 24 -4 25 -5 26 -6 28 -7 29 -8 31 -9 32 -10 35 -12 ]
CSI_DATA,STA,E4:D1:24:F0:BE:00,-57,10,0,0,0,0,0,0,0,0,0,-97,0,5,0,46158731,0,399,0,0,46.5508,128,[-113 -15 24 0 -32 25 -30 25 -29 24 -28 23 -27 24 -26 23 -25 22 -25 22 -24 21 -23 20 -23 19 -22 18 -21 16 -21 16 -20 14 -20 13 -20 12 -19 11 -19 10 -18 9 -18 8 -17 8 -16 6 -16 5 -16 4 0 0 0 0 0 0 0 0 0 0 0 0 0 0 0 0 0 0 0 0 0 0 -13 10 -13 9 -14 8 -14 8 -15 8 -16 7 -16 7 -17 7 -16 7 -18 7 -18 7 -18 7 -19 7 -20 7 -20 7 -22 9 -22 9 -24 10 -24 11 -25 12 -26 13 -27 15 -28 17 -29 18 -30 20 -31 22 ]
CSI_DATA,STA,E4:D1:24:F0:BE:00,-57,10,0,0,0,0,0,0,0,0,0,-97,0,5,0,46261133,0,399,0,0,46.6533,128,[-113 -15 24 0 13 -35 12 -34 12 -34 11 -33 10 -32 10 -32 10 -30 9 -30 9 -29 9 -28 9 -27 9 -25 9 -24 9 -23 9 -21 10 -21 10 -19 10 -19 10 -17 10 -16 10 -15 10 -14 10 -13 10 -12 11 -10 0 0 0 0 0 0 0 0 0 0 0 0 0 0 0 0 0 0 0 0 0 0 5 -14 6 -13 7 -13 7 -13 8 -13 8 -12 9 -13 9 -13 10 -13 10 -13 10 -13 11 -13 12 -15 12 -15 12 -15 13 -17 12 -18 13 -18 13 -20 13 -21 13 -23 14 -24 14 -26 14 -28 14 -31 14 -33 ]
CSI_DATA,STA,E4:D1:24:F0:BE:00,-57,10,0,0,0,0,0,0,0,0,0,-97,0,5,0,46363535,0,399,0,0,46.7557,128,[-113 -15 24 0 -40 -2 -38 -1 -38 -1 -37 -1 -36 0 -35 0 -34 0 -33 0 -33 0 -31 -1 -31 -1 -29 -2 -27 -2 -27 -2 -25 -3 -24 -4 -23 -4 -22 -5 -21 -6 -20 -5 -19 -6 -18 -7 -17 -6 -16 -7 -14 -7 0 0 0 0 0 0 0 0 0 0 0 0 0 0 0 0 0 0 0 0 0 0 -17 0 -16 -1 -17 -2 -17 -3 -18 -4 -17 -4 -18 -4 -18 -5 -18 -6 -19 -6 -19 -6 -20 -7 -21 -8 -21 -8 -22 -8 -23 -8 -24 -8 -25 -9 -26 -8 -28 -8 -29 -8 -31 -7 -33 -6 -34 -6 -36 -6 -38 -5 ]
CSI_DATA,STA,E4:D1:24:F0:BE:00,-57,10,0,0,0,0,0,0,0,0,0,-97,0,5,0,46465936,0,399,0,0,46.8581,128,[-113 -15 24 0 22 -24 21 -24 20 -24 19 -23 18 -23 18 -23 17 -22 17 -21 17 -21 16 -20 15 -19 15 -18 15 -17 14 -16 14 -15 14 -14 14 -13 14 -12 13 -11 13 -10 12 -10 12 -8 11 -7 11 -7 11 -5 0 0 0 0 0 0 0 0 0 0 0 0 0 0 0 0 0 0 0 0 0 0 8 -10 8 -9 9 -9 9 -9 10 -8 11 -8 11 -9 12 -9 12 -8 13 -9 13 -8 14 -9 15 -9 15 -9 16 -10 16 -10 16 -11 18 -12 18 -13 19 -13 19 -15 20 -16 20 -17 22 -19 22 -20 23 -22 ]
CSI_DATA,STA,E4:D1:24:F0:BE:00,-57,10,0,0,0,0,0,0,0,0,0,-97,0,5,0,46568339,0,399,0,0,46.9605,128,[-113 -15 24 0 -4 -39 -4 -38 -4 -38 -4 -36 -5 -35 -5 -34 -4 -33 -5 -32 -4 -32 -3 -30 -3 -29 -3 -28 -2 -27 -1 -26 -1 -24 0 -24 1 -23 1 -22 2 -21 2 -20 2 -19 3 -18 3 -17 4 -16 4 -15 0 0 0 0 0 0 0 0 0 0 0 0 0 0 0 0 0 0 0 0 0 0 -2 -15 -1 -16 0 -16 0 -16 1 -16 2 -16 2 -17 2 -17 2 -18 3 -18 4 -18 4 -19 4 -20 4 -21 5 -21 4 -23 4 -24 4 -25 4 -26 3 -26 2 -28 2 -30 2 -32 1 -34 1 -36 0 -38 ]
CSI_DATA,STA,E4:D1:24:F0:BE:00,-58,10,0,0,0,0,0,0,0,0,0,-97,0,5,0,46670741,0,399,0,0,47.0629,128,[-113 -15 24 0 6 38 6 35 6 36 6 34 7 34 7 32 6 31 6 31 6 30 4 29 4 27 3 26 3 25 2 24 1 22 1 22 0 21 -1 20 -1 19 -1 18 -2 17 -2 17 -3 16 -3 15 -5 14 0 0 0 0 0 0 0 0 0 0 0 0 0 0 0 0 0 0 0 0 0 0 3 15 2 14 1 15 0 15 -1 15 -1 15 -1 16 -1 16 -2 17 -2 17 -3 17 -3 18 -3 19 -3 20 -3 20 -3 22 -3 22 -3 24 -2 24 -1 26 -1 27 0 29 1 31 1 32 2 35 3 37 ]
CSI_DATA,STA,E4:D1:24:F0:BE:00,-57,10,0,0,0,0,0,0,0,0,0,-97,0,5,0,46773143,0,399,0,0,47.1653,128,[-113 -15 24 0 19 -34 17 -34 18 -33 16 -32 15 -32 15 -31 14 -30 14 -30 14 -29 14 -28 13 -26 13 -25 13 -24 13 -23 13 -21 13 -21 13 -19 13 -19 13 -17 12 -16 12 -15 12 -14 12 -13 12 -12 12 -11 0 0 0 0 0 0 0 0 0 0 0 0 0 0 0 0 0 0 0 0 0 0 8 -14 8 -14 10 -13 9 -13 11 -13 11 -12 12 -12 12 -13 13 -13 14 -13 14 -12 15 -13 15 -13 16 -14 16 -14 16 -16 17 -16 18 -17 18 -18 19 -19 18 -21 19 -23 19 -25 20 -26 21 -29 21 -31 ]
CSI_DATA,STA,E4:D1:24:F0:BE:00,-57,10,0,0,0,0,0,0,0,0,0,-97,0,5,0,46875545,0,399,0,0,47.2676,128,[-113 -15 24 0 19 34 18 33 18 33 18 31 18 31 17 30 17 29 16 29 16 28 14 27 14 26 13 26 12 25 10 24 9 23 8 23 7 22 6 21 5 21 4 20 4 19 2 18 2 18 1 17 -1 16 0 0 0 0 0 0 0 0 0 0 0 0 0 0 0 0 0 0 0 0 0 0 7 12 6 13 5 13 5 14 4 14 4 15 4 15 4 16 3 17 3 16 3 17 3 18 3 19 3 19 3 20 4 21 4 22 5 23 6 24 7 25 8 26 10 27 11 29 12 30 13 32 15 34 ]
CSI_DATA,STA,E4:D1:24:F0:BE:00,-57,10,0,0,0,0,0,0,0,0,0,-97,0,5,0,46977947,0,399,0,0,47.3702,128,[-113 -15 24 0 -31 -17 -30 -16 -30 -16 -29 -15 -28 -16 -27 -15 -27 -15 -26 -15 -26 -14 -25 -13 -24 -14 -23 -13 -21 -14 -20 -14 -18 -13 -18 -14 -16 -13 -16 -14 -14 -14 -13 -13 -12 -14 -11 -13 -11 -12 -9 -13 -9 -12 0 0 0 0 0 0 0 0 0 0 0 0 0 0 0 0 0 0 0 0 0 0 -13 -7 -12 -8 -12 -9 -11 -9 -11 -10 -11 -10 -11 -11 -11 -11 -11 -12 -11 -12 -11 -11 -12 -12 -12 -12 -13 -13 -13 -14 -14 -15 -14 -14 -16 -16 -16 -15 -17 -16 -18 -17 -21 -17 -23 -17 -25 -17 -27 -17 -29 -18 ]
CSI_DATA,STA,E4:D1:24:F0:BE:00,-57,10,0,0,0,0,0,0,0,0,0,-97,0,5,0,47080349,0,399,0,0,47.4725,128,[-113 -15 24 0 -38 -14 -36 -13 -36 -12 -36 -11 -35 -10 -34 -11 -33 -10 -32 -10 -31 -10 -31 -10 -29 -10 -28 -10 -27 -10 -26 -10 -24 -10 -23 -11 -22 -11 -21 -11 -20 -11 -19 -11 -17 -11 -16 -11 -15 -12 -14 -12 -13 -13 0 0 0 0 0 0 0 0 0 0 0 0 0 0 0 0 0 0 0 0 0 0 -15 -6 -14 -7 -14 -8 -14 -9 -14 -10 -14 -10 -14 -10 -14 -11 -15 -11 -14 -12 -14 -12 -15 -13 -15 -13 -16 -14 -17 -14 -18 -15 -19 -15 -19 -16 -21 -15 -22 -15 -24 -15 -26 -15 -27 -15 -30 -15 -32 -16 -34 -15 ]
CSI_DATA,STA,E4:D1:24:F0:BE:00,-57,10,0,0,0,0,0,0,0,0,0,-97,0,5,0,47182750,0,399,0,0,47.5749,128,[-113 -15 24 0 -10 40 -9 39 -9 38 -8 37 -8 36 -8 35 -8 34 -7 33 -8 32 -8 30 -8 29 -8 28 -8 27 -8 25 -8 24 -8 23 -9 22 -9 21 -10 20 -10 18 -10 17 -10 16 -11 15 -11 14 -12 12 0 0 0 0 0 0 0 0 0 0 0 0 0 0 0 0 0 0 0 0 0 0 -4 15 -6 15 -7 14 -7 14 -8 14 -8 14 -8 14 -9 15 -9 15 -10 15 -10 15 -11 16 -11 17 -12 17 -12 18 -12 19 -12 20 -12 22 -12 23 -12 24 -12 26 -12 28 -12 30 -12 32 -12 35 -12 37 ]
CSI_DATA,STA,E4:D1:24:F0:BE:00,-57,10,0,0,0,0,0,0,0,0,0,-97,0,5,0,47285152,0,399,0,0,47.6773,128,[-113 -15 24 0 30 -2 30 -2 29 -3 28 -3 27 -3 27 -3 26 -3 25 -3 24 -3 23 -2 22 -2 22 -1 21 -1 20 -1 18 0 18 0 17 1 17 1 16 1 15 2 14 2 14 3 13 3 12 3 12 4 0 0 0 0 0 0 0 0 0 0 0 0 0 0 0 0 0 0 0 0 0 0 13 -2 13 -1 14 0 13 0 14 1 14 2 14 3 14 3 14 3 15 3 15 4 15 5 16 5 16 5 17 5 18 5 18 5 19 4 20 4 21 4 22 3 24 3 25 2 26 2 27 1 29 1 ]
CSI_DATA,STA,E4:D1:24:F0:BE:00,-58,10,0,0,0,0,0,0,0,0,0,-97,0,5,0,47387554,0,399,0,0,47.7797,128,[-113 -15 24 0 -9 -37 -9 -35 -9 -35 -9 -33 -9 -32 -9 -32 -8 -31 -8 -30 -8 -30 -7 -28 -7 -27 -7 -26 -6 -26 -5 -24 -4 -23 -4 -22 -3 -22 -3 -21 -2 -21 -1 -20 -1 -19 0 -18 1 -17 2 -17 3 -16 0 0 0 0 0 0 0 0 0 0 0 0 0 0 0 0 0 0 0 0 0 0 -5 -16 -3 -16 -2 -16 -2 -17 -1 -17 0 -17 0 -17 0 -18 0 -18 0 -18 1 -18 1 -19 1 -20 2 -21 2 -21 1 -23 1 -23 1 -24 0 -25 0 -26 -2 -28 -2 -30 -3 -31 -3 -32 -4 -35 -5 -37 ]
CSI_DATA,STA,E4:D1:24:F0:BE:00,-57,10,0,0,0,0,0,0,0,0,0,-97,0,5,0,47489956,0,399,0,0,47.8821,128,[-113 -15 24 0 -37 -5 -37 -4 -36 -3 -35 -3 -34 -2 -33 -2 -32 -2 -32 -1 -30 -1 -29 -2 -29 -2 -27 -2 -26 -2 -26 -2 -24 -3 -24 -3 -22 -4 -22 -5 -20 -5 -20 -5 -19 -6 -18 -6 -17 -6 -16 -7 -14 -8 0 0 0 0 0 0 0 0 0 0 0 0 0 0 0 0 0 0 0 0 0 0 -18 0 -18 -2 -18 -3 -18 -4 -18 -5 -18 -6 -19 -7 -18 -7 -19 -8 -19 -8 -19 -9 -19 -9 -20 -10 -20 -10 -21 -10 -22 -10 -23 -10 -23 -11 -25 -10 -26 -10 -27 -10 -29 -10 -31 -9 -33 -9 -35 -8 -36 -8 ]
CSI_DATA,STA,E4:D1:24:F0:BE:00,-57,10,0,0,0,0,0,0,0,0,0,-97,0,5,0,47592357,0,399,0,0,47.9844,128,[-113 -15 24 0 -24 29 -23 29 -21 28 -21 27 -19 27 -19 26 -18 25 -18 25 -17 24 -17 22 -16 21 -16 20 -16 20 -15 18 -14 17 -14 16 -15 15 -15 14 -14 13 -14 12 -14 11 -13 10 -13 9 -13 8 -13 7 0 0 0 0 0 0 0 0 0 0 0 0 0 0 0 0 0 0 0 0 0 0 -9 15 -10 14 -11 14 -12 14 -13 13 -13 13 -14 13 -16 13 -16 13 -17 13 -17 13 -18 13 -18 13 -19 13 -20 13 -21 14 -21 15 -22 16 -22 16 -23 17 -23 19 -24 20 -24 22 -25 23 -25 26 -26 27 ]
CSI_DATA,STA,E4:D1:24:F0:BE:00,-57,10,0,0,0,0,0,0,0,0,0,-97,0,5,0,47694759,0,399,0,0,48.0868,128,[-113 -15 24 0 35 15 34 15 34 13 33 13 32 13 31 12 30 12 28 11 27 12 26 12 25 12 23 11 22 11 21 11 19 11 18 11 17 11 16 11 15 10 14 10 13 10 12 10 11 10 10 10 9 11 0 0 0 0 0 0 0 0 0 0 0 0 0 0 0 0 0 0 0 0 0 0 16 3 16 4 16 5 16 6 16 7 16 8 16 8 16 9 17 10 16 10 16 11 17 12 17 13 18 13 19 13 20 14 20 14 21 15 23 15 24 15 25 15 27 16 28 16 30 17 32 17 35 17 ]
CSI_DATA,STA,E4:D1:24:F0:BE:00,-57,10,0,0,0,0,0,0,0,0,0,-97,0,5,0,47797161,0,399,0,0,48.1894,128,[-113 -15 24 0 27 -26 26 -26 24 -26 24 -25 23 -26 22 -25 21 -24 20 -23 20 -23 20 -21 19 -20 19 -19 18 -18 18 -17 18 -16 17 -14 17 -13 17 -13 16 -12 15 -11 15 -10 14 -9 14 -8 14 -7 14 -5 0 0 0 0 0 0 0 0 0 0 0 0 0 0 0 0 0 0 0 0 0 0 11 -13 12 -12 13 -11 14 -11 15 -10 15 -10 16 -10 17 -9 17 -9 17 -9 18 -9 18 -9 19 -9 20 -9 21 -9 21 -10 21 -11 22 -12 23 -13 24 -14 24 -15 25 -16 25 -17 26 -19 27 -21 28 -24 ]
CSI_DATA,STA,E4:D1:24:F0:BE:00,-57,10,0,0,0,0,0,0,0,0,0,-97,0,5,0,47899562,0,399,0,0,48.2918,128,[-113 -15 24 0 14 -37 13 -37 12 -35 12 -34 11 -34 11 -33 11 -31 10 -31 10 -30 9 -29 9 -28 9 -26 9 -25 10 -23 10 -22 10 -21 10 -20 10 -19 10 -17 10 -16 10 -15 9 -14 10 -13 10 -12 10 -11 0 0 0 0 0 0 0 0 0 0 0 0 0 0 0 0 0 0 0 0 0 0 5 -17 6 -16 7 -17 8 -16 9 -16 9 -16 10 -16 10 -17 11 -16 11 -17 11 -17 12 -18 13 -18 14 -18 15 -19 14 -20 15 -21 16 -22 15 -23 16 -24 16 -26 17 -27 16 -29 16 -31 16 -34 17 -35 ]
CSI_DATA,STA,E4:D1:24:F0:BE:00,-58,10,0,0,0,0,0,0,0,0,0,-97,0,5,0,48001964,0,399,0,0,48.3941,128,[-113 -15 24 0 31 18 31 18 30 16 29 16 29 15 28 14 27 14 26 13 25 13 24 12 23 12 21 12 20 12 19 11 17 11 16 11 16 11 15 11 13 11 13 10 12 10 11 10 10 10 9 10 8 10 0 0 0 0 0 0 0 0 0 0 0 0 0 0 0 0 0 0 0 0 0 0 15 7 14 8 14 9 14 9 13 10 13 10 13 11 13 12 13 13 13 13 13 13 14 14 14 15 15 15 16 16 16 16 17 17 18 17 19 17 20 18 22 18 23 19 24 19 26 19 28 20 31 20 ]
CSI_DATA,STA,E4:D1:24:F0:BE:00,-58,10,0,0,0,0,0,0,0,0,0,-97,0,5,0,48104366,0,399,0,0,48.4965,128,[-113 -15 24 0 -37 0 -36 1 -35 1 -34 2 -32 2 -32 2 -30 1 -30 2 -28 2 -27 2 -26 1 -25 1 -24 0 -23 0 -21 -1 -20 -1 -20 -1 -19 -2 -18 -2 -17 -2 -16 -3 -15 -3 -15 -3 -14 -4 -14 -5 0 0 0 0 0 0 0 0 0 0 0 0 0 0 0 0 0 0 0 0 0 0 -17 3 -17 2 -18 0 -18 0 -18 -1 -19 -2 -19 -2 -20 -2 -20 -3 -20 -3 -20 -4 -21 -4 -22 -4 -23 -5 -23 -5 -25 -5 -25 -5 -26 -6 -28 -5 -28 -5 -30 -4 -31 -4 -32 -3 -34 -3 -36 -3 -38 -2 ]
CSI_DATA,STA,E4:D1:24:F0:BE:00,-58,10,0,0,0,0,0,0,0,0,0,-97,0,5,0,48206768,0,399,0,0,48.599,128,[-113 -15 24 0 -36 -12 -35 -11 -34 -10 -33 -9 -33 -8 -32 -8 -30 -8 -29 -8 -28 -8 -27 -8 -26 -8 -25 -8 -23 -7 -22 -8 -20 -8 -20 -8 -18 -8 -18 -8 -17 -8 -16 -8 -15 -8 -14 -8 -13 -8 -12 -9 -12 -9 0 0 0 0 0 0 0 0 0 0 0 0 0 0 0 0 0 0 0 0 0 0 -18 -2 -17 -3 -18 -5 -17 -5 -18 -6 -18 -6 -18 -7 -19 -7 -18 -8 -19 -9 -19 -10 -19 -10 -20 -11 -21 -12 -21 -12 -23 -13 -23 -13 -24 -13 -25 -13 -26 -13 -28 -13 -29 -14 -31 -13 -33 -14 -34 -13 -36 -13 ]
CSI_DATA,STA,E4:D1:24:F0:BE:00,-57,10,0,0,0,0,0,0,0,0,0,-97,0,5,0,48290068,0,125,0,0,48.682,128,[125 -48 7 0 -26 30 -25 31 -24 29 -23 29 -22 28 -22 27 -20 26 -20 25 -19 24 -19 23 -19 22 -18 21 -18 20 -17 18 -16 17 -16 16 -16 15 -16 14 -15 13 -15 12 -15 10 -13 9 -14 9 -14 8 -14 7 0 0 0 0 0 0 0 0 0 0 0 0 0 0 0 0 0 0 0 0 0 0 -10 15 -12 14 -12 13 -14 13 -14 12 -15 13 -15 13 -16 12 -17 13 -17 12 -18 12 -19 12 -20 12 -21 12 -21 13 -21 14 -23 14 -22 16 -23 17 -24 18 -24 20 -25 21 -25 22 -26 24 -28 26 -28 29 ]
CSI_DATA,STA,E4:D1:24:F0:BE:00,-57,10,0,0,0,0,0,0,0,0,0,-97,0,5,0,48309170,0,399,0,0,48.7173,128,[-113 -15 24 0 15 -36 13 -35 13 -35 12 -32 11 -32 11 -31 10 -29 10 -29 10 -28 9 -27 9 -25 9 -24 8 -23 9 -22 8 -20 9 -19 9 -18 9 -18 8 -16 8 -16 8 -14 8 -14 8 -13 8 -12 8 -11 0 0 0 0 0 0 0 0 0 0 0 0 0 0 0 0 0 0 0 0 0 0 5 -18 6 -17 7 -17 8 -17 9 -17 9 -17 10 -17 11 -17 11 -17 12 -16 12 -16 13 -17 14 -18 14 -18 14 -18 15 -20 14 -20 16 -22 15 -23 16 -24 15 -25 16 -27 16 -29 17 -30 17 -32 17 -35 ]
CSI_DATA,STA,E4:D1:24:F0:BE:00,-57,10,0,0,0,0,0,0,0,0,0,-97,0,5,0,48411572,0,399,0,0,48.8037,128,[-113 -15 24 0 -38 -15 -36 -14 -35 -14 -34 -13 -34 -12 -32 -12 -31 -11 -30 -11 -29 -10 -28 -11 -27 -10 -25 -10 -24 -10 -23 -10 -21 -10 -20 -10 -19 -10 -18 -10 -17 -10 -16 -10 -15 -11 -14 -10 -13 -10 -11 -10 -11 -11 0 0 0 0 0 0 0 0 0 0 0 0 0 0 0 0 0 0 0 0 0 0 -18 -3 -17 -5 -17 -6 -17 -7 -17 -8 -18 -8 -18 -9 -18 -9 -18 -10 -18 -11 -19 -12 -19 -13 -20 -13 -20 -14 -21 -14 -22 -15 -22 -15 -24 -15 -25 -16 -26 -16 -28 -16 -29 -16 -31 -17 -33 -17 -35 -18 -37 -18 ]
CSI_DATA,STA,E4:D1:24:F0:BE:00,-57,10,0,0,0,0,0,0,0,0,0,-97,0,5,0,48513973,0,399,0,0,48.906,128,[-113 -15 24 0 11 -37 10 -37 10 -35 9 -34 8 -33 8 -32 8 -31 7 -30 7 -29 7 -29 6 -27 6 -26 7 -25 7 -24 7 -22 7 -21 8 -20 8 -19 8 -18 8 -17 8 -16 8 -15 8 -14 8 -13 8 -13 0 0 0 0 0 0 0 0 0 0 0 0 0 0 0 0 0 0 0 0 0 0 4 -18 5 -17 6 -17 7 -17 7 -17 8 -17 9 -17 9 -17 10 -17 10 -17 11 -17 12 -18 12 -18 13 -19 13 -19 13 -21 13 -21 14 -22 14 -24 14 -25 13 -26 14 -28 14 -29 14 -31 14 -33 14 -36 ]
CSI_DATA,STA,E4:D1:24:F0:BE:00,-57,10,0,0,0,0,0,0,0,0,0,-97,0,5,0,48718777,0,399,0,0,49.111,128,[-113 -15 24 0 -17 -35 -17 -33 -17 -32 -16 -31 -17 -29 -17 -29 -16 -27 -16 -26 -15 -26 -15 -25 -14 -24 -14 -23 -12 -23 -11 -22 -10 -21 -10 -20 -9 -20 -8 -19 -7 -19 -7 -18 -6 -18 -5 -17 -4 -16 -4 -16 -2 -16 0 0 0 0 0 0 0 0 0 0 0 0 0 0 0 0 0 0 0 0 0 0 -10 -16 -8 -17 -8 -18 -7 -18 -6 -19 -6 -19 -5 -20 -5 -20 -4 -21 -4 -21 -4 -22 -3 -22 -3 -23 -3 -24 -3 -25 -4 -26 -4 -26 -5 -27 -5 -28 -6 -29 -8 -30 -8 -31 -9 -32 -11 -33 -11 -35 -12 -36 ]
CSI_DATA,STA,E4:D1:24:F0:BE:00,-57,10,0,0,0,0,0,0,0,0,0,-97,0,5,0,48821179,0,399,0,0,49.2134,128,[-113 -15 24 0 38 1 36 0 35 1 34 1 33 0 32 0 31 0 30 -1 29 -1 28 -1 26 0 25 0 24 1 23 0 21 1 21 2 20 2 19 2 18 3 17 3 16 3 15 4 14 4 13 4 13 5 0 0 0 0 0 0 0 0 0 0 0 0 0 0 0 0 0 0 0 0 0 0 19 -2 18 -1 19 1 18 1 18 2 18 3 19 4 19 4 19 5 20 5 19 6 20 6 21 7 22 7 22 7 23 7 24 7 26 7 26 7 28 7 29 6 31 6 32 6 34 5 36 5 38 4 ]
CSI_DATA,STA,E4:D1:24:F0:BE:00,-57,10,0,0,0,0,0,0,0,0,0,-97,0,5,0,48923581,0,399,0,0,49.3158,128,[-113 -15 24 0 -35 18 -33 18 -31 18 -30 17 -29 17 -28 17 -26 16 -26 16 -25 15 -24 14 -24 13 -22 13 -22 12 -21 11 -20 10 -20 9 -19 9 -19 8 -18 7 -17 7 -17 5 -16 4 -16 4 -16 3 -14 1 0 0 0 0 0 0 0 0 0 0 0 0 0 0 0 0 0 0 0 0 0 0 -15 10 -15 8 -16 8 -17 7 -18 7 -18 6 -18 6 -19 6 -19 5 -20 5 -20 5 -21 4 -22 4 -23 5 -23 5 -25 5 -25 6 -26 7 -27 7 -28 8 -29 9 -30 10 -31 12 -33 12 -34 14 -35 15 ]
CSI_DATA,STA,E4:D1:24:F0:BE:00,-57,10,0,0,0,0,0,0,0,0,0,-97,0,5,0,49025983,0,399,0,0,49.4182,128,[-113 -15 24 0 -21 28 -19 27 -18 27 -18 25 -16 25 -16 25 -15 23 -15 22 -15 22 -14 21 -13 20 -13 18 -13 18 -13 17 -12 15 -12 15 -12 14 -12 13 -11 12 -11 12 -11 11 -11 10 -11 9 -11 8 -11 8 0 0 0 0 0 0 0 0 0 0 0 0 0 0 0 0 0 0 0 0 0 0 -8 13 -8 12 -9 12 -10 12 -11 12 -11 11 -12 12 -12 11 -13 12 -13 11 -13 12 -15 12 -15 12 -16 13 -16 13 -16 14 -17 14 -18 16 -17 17 -18 18 -19 19 -19 20 -20 22 -21 23 -21 25 -22 27 ]
CSI_DATA,STA,E4:D1:24:F0:BE:00,-57,10,0,0,0,0,0,0,0,0,0,-97,0,5,0,49128385,0,399,0,0,49.5205,128,[-113 -15 24 0 -13 -38 -13 -37 -13 -37 -13 -35 -13 -34 -13 -33 -12 -32 -12 -31 -11 -30 -11 -29 -10 -28 -9 -27 -8 -26 -7 -25 -7 -23 -6 -23 -5 -23 -4 -22 -3 -21 -3 -20 -2 -19 -1 -18 0 -18 1 -17 2 -16 0 0 0 0 0 0 0 0 0 0 0 0 0 0 0 0 0 0 0 0 0 0 -7 -17 -6 -17 -5 -18 -4 -18 -4 -18 -3 -19 -3 -19 -2 -19 -2 -20 -2 -21 -1 -21 -1 -22 -1 -22 -1 -24 -1 -25 -2 -25 -3 -26 -2 -27 -3 -28 -4 -29 -5 -31 -6 -32 -6 -34 -8 -35 -8 -37 -10 -40 ]
CSI_DATA,STA,E4:D1:24:F0:BE:00,-57,10,0,0,0,0,0,0,0,0,0,-97,0,5,0,49230786,0,399,0,0,49.6228,128,[-113 -15 24 0 40 -3 38 -3 37 -2 36 -2 35 -3 34 -3 33 -2 32 -3 30 -2 29 -2 28 -1 27 -1 26 0 24 0 23 1 22 1 22 2 21 2 20 2 19 3 18 3 16 4 15 5 15 5 14 6 0 0 0 0 0 0 0 0 0 0 0 0 0 0 0 0 0 0 0 0 0 0 15 -1 15 0 15 0 15 1 15 2 15 2 16 3 16 3 17 3 17 4 17 4 18 4 19 5 20 5 21 5 22 4 23 4 24 4 25 4 26 3 28 3 30 2 31 2 34 2 36 1 38 0 ]
CSI_DATA,STA,E4:D1:24:F0:BE:00,-56,10,0,0,0,0,0,0,0,0,0,-97,0,5,0,49333188,0,399,0,0,49.7253,128,[-113 -15 24 0 2 34 3 34 2 33 3 31 3 30 3 30 3 28 3 28 2 27 2 25 2 25 1 23 1 22 0 22 0 20 -1 20 -1 19 -2 18 -2 17 -3 17 -3 16 -3 15 -4 14 -5 13 -5 13 0 0 0 0 0 0 0 0 0 0 0 0 0 0 0 0 0 0 0 0 0 0 0 13 -1 13 -1 13 -2 13 -2 13 -2 13 -3 14 -4 14 -4 15 -4 15 -4 15 -4 16 -5 17 -5 17 -5 18 -5 19 -5 20 -4 21 -4 22 -4 23 -3 25 -3 26 -2 28 -1 29 -1 31 -1 34 ]
CSI_DATA,STA,E4:D1:24:F0:BE:00,-57,10,0,0,0,0,0,0,0,0,0,-97,0,5,0,49435590,0,399,0,0,49.8278,128,[-113 -15 24 0 -38 -11 -37 -10 -36 -9 -35 -8 -35 -8 -34 -8 -32 -7 -32 -7 -30 -7 -30 -8 -29 -8 -28 -8 -26 -8 -24 -8 -24 -8 -22 -8 -21 -9 -21 -9 -19 -10 -18 -9 -17 -10 -16 -9 -15 -10 -14 -11 -13 -10 0 0 0 0 0 0 0 0 0 0 0 0 0 0 0 0 0 0 0 0 0 0 -16 -6 -15 -7 -16 -7 -15 -8 -15 -9 -15 -9 -15 -9 -16 -10 -15 -11 -16 -11 -16 -11 -17 -11 -17 -12 -17 -13 -18 -13 -19 -13 -20 -13 -21 -13 -23 -14 -24 -13 -26 -13 -27 -14 -29 -13 -31 -13 -33 -13 -36 -13 ]
CSI_DATA,STA,E4:D1:24:F0:BE:00,-57,10,0,0,0,0,0,0,0,0,0,-97,0,5,0,49537991,0,399,0,0,49.9302,128,[-113 -15 24 0 -27 18 -25 17 -24 17 -23 16 -23 17 -22 16 -21 15 -20 15 -20 14 -19 14 -19 13 -18 12 -17 11 -17 11 -16 9 -16 9 -15 8 -15 7 -15 6 -14 6 -14 5 -13 4 -13 4 -12 3 -12 2 0 0 0 0 0 0 0 0 0 0 0 0 0 0 0 0 0 0 0 0 0 0 -11 8 -12 7 -13 6 -13 6 -13 6 -13 5 -14 6 -14 5 -14 5 -15 5 -15 5 -16 5 -17 5 -17 5 -18 5 -19 6 -19 7 -20 8 -21 8 -22 9 -22 10 -23 11 -24 12 -25 13 -26 14 -27 16 ]
CSI_DATA,STA,E4:D1:24:F0:BE:00,-57,10,0,0,0,0,0,0,0,0,0,-97,0,5,0,49640393,0,399,0,0,50.0326,128,[-113 -15 24 0 17 38 16 36 16 35 16 34 15 33 14 32 14 31 14 30 13 29 13 28 12 27 11 26 10 25 9 23 8 23 7 22 6 21 4 21 4 20 3 19 2 18 2 17 1 16 0 16 -2 15 0 0 0 0 0 0 0 0 0 0 0 0 0 0 0 0 0 0 0 0 0 0 9 14 8 15 7 15 6 16 6 17 5 18 5 18 4 19 4 20 4 20 4 20 4 21 3 22 4 23 4 24 4 25 4 26 5 27 6 28 6 29 7 31 9 32 9 33 11 35 13 37 14 39 ]
CSI_DATA,STA,E4:D1:24:F0:BE:00,-57,10,0,0,0,0,0,0,0,0,0,-97,0,5,0,49742795,0,399,0,0,50.135,128,[-113 -15 24 0 39 5 38 5 36 4 35 4 35 4 33 2 32 3 31 2 29 2 29 2 28 3 27 3 25 3 24 4 22 4 22 5 21 5 20 5 19 5 18 5 17 6 16 7 15 7 14 7 12 8 0 0 0 0 0 0 0 0 0 0 0 0 0 0 0 0 0 0 0 0 0 0 17 -1 17 1 17 2 17 2 17 3 17 4 18 4 18 5 18 6 18 6 19 7 19 7 21 8 21 8 22 8 23 8 24 9 24 9 26 9 28 9 29 8 31 9 32 8 35 8 36 8 39 7 ]
CSI_DATA,STA,E4:D1:24:F0:BE:00,-57,10,0,0,0,0,0,0,0,0,0,-97,0,5,0,49845197,0,399,0,0,50.2375,128,[-113 -15 24 0 33 4 33 3 32 2 30 1 30 1 29 1 28 1 27 0 26 0 25 0 24 1 23 1 22 1 21 2 20 2 20 3 19 3 18 4 17 4 16 4 15 5 14 5 14 5 13 5 12 6 0 0 0 0 0 0 0 0 0 0 0 0 0 0 0 0 0 0 0 0 0 0 15 0 15 1 15 2 15 3 15 3 15 4 15 5 16 5 16 6 16 6 16 6 17 6 17 6 18 7 19 8 20 7 20 8 22 8 22 7 23 8 25 7 26 7 28 7 30 6 31 6 33 5 ]
CSI_DATA,STA,E4:D1:24:F0:BE:00,-57,10,0,0,0,0,0,0,0,0,0,-97,0,5,0,49947598,0,399,0,0,50.3396,128,[-113 -15 24 0 -8 37 -7 35 -7 35 -5 33 -5 32 -5 32 -4 30 -4 29 -4 29 -4 28 -4 26 -5 25 -5 24 -5 23 -5 21 -6 21 -6 20 -6 19 -6 18 -7 17 -6 15 -7 14 -7 13 -7 13 -8 11 0 0 0 0 0 0 0 0 0 0 0 0 0 0 0 0 0 0 0 0 0 0 -3 17 -4 16 -6 16 -6 16 -7 17 -7 16 -8 17 -8 17 -9 17 -9 17 -9 17 -10 18 -10 18 -11 19 -11 19 -11 21 -12 21 -12 23 -11 23 -11 25 -11 27 -11 28 -11 30 -11 31 -10 34 -10 35 ]
CSI_DATA,STA,E4:D1:24:F0:BE:00,-57,10,0,0,0,0,0,0,0,0,0,-97,0,5,0,50050000,0,399,0,0,50.4422,128,[-113 -15 24 0 -29 -24 -28 -23 -28 -22 -27 -21 -26 -21 -26 -20 -24 -19 -24 -18 -23 -18 -22 -18 -21 -17 -20 -17 -19 -16 -17 -16 -16 -15 -15 -15 -14 -15 -13 -15 -12 -14 -11 -14 -10 -14 -9 -13 -9 -13 -7 -13 -6 -13 0 0 0 0 0 0 0 0 0 0 0 0 0 0 0 0 0 0 0 0 0 0 -13 -9 -12 -9 -12 -11 -11 -11 -12 -12 -11 -12 -11 -12 -12 -13 -12 -14 -12 -14 -12 -15 -12 -16 -12 -16 -13 -17 -13 -18 -14 -18 -15 -18 -16 -20 -17 -20 -18 -21 -19 -21 -21 -22 -22 -23 -24 -24 -25 -25 -28 -25 ]
CSI_DATA,STA,E4:D1:24:F0:BE:00,-58,10,0,0,0,0,0,0,0,0,0,-97,0,5,0,50152402,0,399,0,0,50.5446,128,[-113 -15 24 0 34 12 34 11 32 10 32 10 31 9 30 9 29 8 28 8 27 8 26 8 25 8 24 8 23 8 21 8 20 8 18 9 18 8 17 8 16 8 14 8 13 8 13 8 12 8 11 9 10 9 0 0 0 0 0 0 0 0 0 0 0 0 0 0 0 0 0 0 0 0 0 0 17 3 17 4 16 5 16 6 16 7 17 7 17 9 16 9 16 10 16 10 16 11 17 11 17 12 18 13 18 14 19 14 20 14 20 14 22 14 23 14 24 14 26 14 26 14 29 14 30 14 33 14 ]
CSI_DATA,STA,E4:D1:24:F0:BE:00,-57,10,0,0,0,0,0,0,0,0,0,-97,0,5,0,50254804,0,399,0,0,50.647,128,[-113 -15 24 0 25 -30 24 -29 23 -29 21 -27 20 -27 20 -27 19 -25 18 -25 18 -24 17 -23 16 -21 16 -20 15 -19 15 -18 14 -17 14 -16 14 -15 14 -15 13 -14 13 -12 12 -12 12 -11 12 -10 12 -9 12 -8 0 0 0 0 0 0 0 0 0 0 0 0 0 0 0 0 0 0 0 0 0 0 10 -16 11 -15 12 -15 13 -14 14 -13 14 -13 15 -13 16 -13 16 -13 17 -13 17 -13 18 -13 19 -13 20 -13 20 -13 21 -14 21 -15 22 -16 22 -17 23 -18 23 -19 24 -21 25 -22 25 -24 26 -25 27 -28 ]
CSI_DATA,STA,E4:D1:24:F0:BE:00,-58,10,0,0,0,0,0,0,0,0,0,-97,0,5,0,50357206,0,399,0,0,50.7494,128,[-113 -15 24 0 25 27 24 26 24 24 23 23 23 23 22 22 22 20 21 20 20 19 19 19 18 18 17 18 16 17 15 17 14 16 13 16 12 16 11 15 10 15 9 14 9 14 8 13 7 13 5 13 5 13 0 0 0 0 0 0 0 0 0 0 0 0 0 0 0 0 0 0 0 0 0 0 14 11 12 12 12 13 11 13 11 14 11 15 10 16 10 17 10 17 10 17 9 18 10 19 10 20 10 20 10 21 10 21 11 22 11 23 12 23 13 24 15 24 16 25 17 26 19 27 21 28 23 29 ]
CSI_DATA,STA,E4:D1:24:F0:BE:00,-57,10,0,0,0,0,0,0,0,0,0,-97,0,5,0,50459608,0,399,0,0,50.8518,128,[-113 -15 24 0 16 -26 15 -25 14 -25 14 -24 13 -24 13 -23 12 -22 11 -22 11 -22 11 -21 10 -20 10 -19 10 -18 10 -17 10 -16 10 -15 10 -14 10 -13 10 -12 10 -12 9 -11 9 -10 9 -9 9 -8 10 -8 0 0 0 0 0 0 0 0 0 0 0 0 0 0 0 0 0 0 0 0 0 0 6 -14 7 -13 8 -13 9 -12 9 -12 10 -12 10 -11 11 -12 12 -11 12 -11 12 -12 13 -12 13 -12 14 -12 14 -13 15 -13 14 -14 15 -15 15 -15 16 -16 16 -17 17 -18 17 -20 17 -21 17 -23 18 -24 ]
CSI_DATA,STA,E4:D1:24:F0:BE:00,-57,10,0,0,0,0,0,0,0,0,0,-97,0,5,0,50562010,0,399,0,0,50.9542,128,[-113 -15 24 0 17 33 17 32 17 31 17 30 16 29 16 28 16 26 15 26 14 25 14 24 13 24 12 23 11 22 10 21 9 20 8 20 7 20 6 19 6 18 5 18 4 17 4 16 2 16 1 15 1 14 0 0 0 0 0 0 0 0 0 0 0 0 0 0 0 0 0 0 0 0 0 0 11 15 10 16 9 17 8 18 7 18 6 19 6 19 5 20 5 20 4 21 4 21 4 22 4 23 3 23 4 24 4 25 4 25 4 26 5 26 6 27 7 28 9 29 9 30 11 32 13 33 14 35 ]
CSI_DATA,STA,E4:D1:24:F0:BE:00,-57,10,0,0,0,0,0,0,0,0,0,-97,0,5,0,50664411,0,399,0,0,51.0564,128,[-113 -15 24 0 2 37 3 36 3 35 4 33 4 32 4 32 4 30 4 30 3 29 3 28 3 26 2 26 2 25 1 24 1 22 0 22 -1 21 -2 20 -2 19 -3 18 -3 17 -3 16 -4 16 -4 15 -5 14 0 0 0 0 0 0 0 0 0 0 0 0 0 0 0 0 0 0 0 0 0 0 4 18 2 18 1 18 0 18 0 19 -1 19 -2 20 -3 20 -3 21 -4 21 -4 21 -5 22 -6 23 -6 24 -6 24 -6 25 -6 25 -6 26 -6 26 -6 28 -5 29 -4 31 -4 32 -3 33 -2 35 -2 37 ]
CSI_DATA,STA,E4:D1:24:F0:BE:00,-57,10,0,0,0,0,0,0,0,0,0,-97,0,5,0,50766813,0,399,0,0,51.1591,128,[-113 -15 24 0 -3 -38 -3 -37 -3 -36 -3 -34 -4 -33 -4 -33 -3 -31 -4 -31 -3 -30 -3 -28 -3 -27 -3 -26 -2 -25 -2 -23 -1 -22 0 -21 0 -21 0 -20 1 -19 1 -18 2 -17 2 -16 2 -15 3 -15 4 -14 0 0 0 0 0 0 0 0 0 0 0 0 0 0 0 0 0 0 0 0 0 0 -2 -17 -1 -16 0 -17 1 -17 1 -17 2 -18 2 -18 3 -18 3 -19 3 -19 4 -19 4 -20 5 -21 4 -21 5 -22 5 -23 4 -24 4 -25 4 -26 4 -27 3 -28 3 -30 2 -32 2 -33 1 -35 1 -38 ]
CSI_DATA,STA,E4:D1:24:F0:BE:00,-58,10,0,0,0,0,0,0,0,0,0,-97,0,5,0,50869215,0,399,0,0,51.2614,128,[-113 -15 24 0 3 31 3 29 3 29 3 28 4 27 4 26 3 25 4 24 3 24 2 23 2 22 2 21 1 20 1 19 1 18 0 18 0 16 -1 16 -1 15 -1 14 -2 14 -2 13 -2 12 -3 12 -3 11 0 0 0 0 0 0 0 0 0 0 0 0 0 0 0 0 0 0 0 0 0 0 3 15 2 15 1 15 0 15 -1 16 -1 16 -2 16 -2 16 -2 17 -3 17 -4 17 -4 18 -4 18 -5 18 -5 19 -5 20 -5 20 -5 21 -4 22 -4 23 -3 24 -2 25 -3 26 -2 27 -1 29 0 31 ]
CSI_DATA,STA,E4:D1:24:F0:BE:00,-58,10,0,0,0,0,0,0,0,0,0,-97,0,5,0,50971617,0,399,0,0,51.3638,128,[-113 -15 24 0 -40 12 -37 11 -37 11 -35 11 -34 11 -34 10 -32 10 -31 9 -30 9 -29 8 -27 7 -26 6 -25 6 -25 5 -22 4 -22 4 -21 3 -20 3 -20 2 -18 2 -18 1 -17 0 -16 0 -16 -1 -15 -1 0 0 0 0 0 0 0 0 0 0 0 0 0 0 0 0 0 0 0 0 0 0 -16 8 -16 6 -17 5 -17 4 -18 4 -17 3 -18 4 -19 3 -19 3 -20 2 -20 2 -21 2 -22 2 -23 1 -24 2 -26 2 -26 3 -27 3 -27 4 -29 4 -31 5 -32 6 -34 7 -35 7 -37 8 -39 10 ]
CSI_DATA,STA,E4:D1:24:F0:BE:00,-58,10,0,0,0,0,0,0,0,0,0,-97,0,5,0,51074019,0,399,0,0,51.4662,128,[-113 -15 24 0 37 -15 36 -15 35 -15 34 -15 33 -15 31 -14 30 -14 29 -14 28 -13 27 -12 26 -11 25 -11 24 -10 22 -9 22 -8 21 -7 20 -7 20 -6 19 -5 17 -5 16 -4 16 -3 15 -3 15 -2 14 -1 0 0 0 0 0 0 0 0 0 0 0 0 0 0 0 0 0 0 0 0 0 0 16 -10 17 -8 18 -7 18 -6 18 -5 19 -5 20 -4 20 -4 21 -3 20 -3 21 -3 22 -3 23 -3 23 -3 24 -2 25 -3 26 -3 27 -4 28 -5 29 -5 30 -6 32 -7 33 -8 35 -10 36 -11 38 -12 ]
CSI_DATA,STA,E4:D1:24:F0:BE:00,-58,10,0,0,0,0,0,0,0,0,0,-97,0,5,0,51176421,0,399,0,0,51.5686,128,[-113 -15 24 0 -4 -33 -4 -32 -5 -31 -5 -29 -5 -29 -6 -28 -6 -27 -5 -26 -5 -26 -5 -25 -5 -24 -4 -24 -3 -23 -2 -21 -2 -20 -2 -20 -1 -19 -1 -19 0 -18 0 -17 1 -16 1 -15 2 -14 2 -14 3 -13 0 0 0 0 0 0 0 0 0 0 0 0 0 0 0 0 0 0 0 0 0 0 -5 -16 -3 -16 -2 -16 -1 -16 0 -17 0 -17 1 -17 1 -18 2 -18 2 -18 2 -18 3 -19 3 -19 4 -20 4 -20 4 -21 4 -21 3 -22 3 -23 3 -24 2 -25 2 -26 1 -27 0 -29 -1 -30 -1 -32 ]
CSI_DATA,STA,E4:D1:24:F0:BE:00,-58,10,0,0,0,0,0,0,0,0,0,-97,0,5,0,51278822,0,399,0,0,51.671,128,[-113 -15 24 0 31 -23 29 -23 29 -24 28 -22 27 -22 27 -22 26 -21 25 -21 25 -20 24 -20 23 -18 22 -17 21 -16 22 -15 20 -14 20 -13 19 -12 20 -11 19 -10 18 -9 17 -9 17 -7 17 -7 17 -5 16 -4 0 0 0 0 0 0 0 0 0 0 0 0 0 0 0 0 0 0 0 0 0 0 13 -11 14 -10 15 -9 15 -8 16 -8 15 -7 17 -7 17 -7 17 -7 18 -6 18 -6 19 -6 19 -6 20 -6 20 -6 21 -7 21 -8 23 -8 23 -9 24 -10 25 -11 26 -13 27 -15 28 -16 30 -18 31 -20 ]
CSI_DATA,STA,E4:D1:24:F0:BE:00,-58,10,0,0,0,0,0,0,0,0,0,-97,0,5,0,51381224,0,399,0,0,51.7733,128,[-113 -15 24 0 32 7 31 6 30 6 29 6 29 4 28 5 27 4 26 4 26 4 25 4 24 4 22 5 21 5 20 5 19 5 18 5 17 6 17 6 16 6 15 6 14 6 13 6 12 6 12 7 10 7 0 0 0 0 0 0 0 0 0 0 0 0 0 0 0 0 0 0 0 0 0 0 14 1 13 3 14 4 13 4 14 5 13 5 14 6 14 7 14 7 14 8 14 8 15 9 15 9 16 10 16 10 17 10 17 10 18 10 19 10 20 11 22 10 23 10 25 10 26 9 28 10 30 9 ]
CSI_DATA,STA,E4:D1:24:F0:BE:00,-59,10,0,0,0,0,0,0,0,0,0,-97,0,5,0,51483626,0,399,0,0,51.8757,128,[-113 -15 24 0 12 28 12 28 13 27 13 26 12 25 13 25 13 24 12 24 11 23 11 23 10 23 9 22 8 21 7 21 6 19 5 19 5 19 4 18 3 18 2 17 2 16 1 15 0 15 -1 14 -2 13 0 0 0 0 0 0 0 0 0 0 0 0 0 0 0 0 0 0 0 0 0 0 6 13 5 13 4 13 3 14 3 14 3 15 2 15 2 15 2 16 1 15 0 16 1 17 0 18 0 18 0 19 0 19 1 20 1 20 2 21 3 22 3 22 5 23 5 24 6 25 8 27 9 29 ]
CSI_DATA,STA,E4:D1:24:F0:BE:00,-58,10,0,0,0,0,0,0,0,0,0,-97,0,5,0,51586030,0,399,0,0,51.9782,128,[-113 -15 24 0 -29 -24 -28 -23 -29 -22 -27 -21 -28 -21 -28 -21 -26 -20 -26 -20 -25 -20 -24 -19 -23 -18 -22 -18 -21 -18 -19 -18 -18 -17 -17 -17 -15 -17 -15 -17 -13 -17 -12 -16 -11 -16 -11 -16 -9 -15 -8 -15 -7 -16 0 0 0 0 0 0 0 0 0 0 0 0 0 0 0 0 0 0 0 0 0 0 -14 -10 -13 -11 -13 -12 -12 -12 -12 -13 -11 -13 -11 -14 -12 -15 -11 -16 -11 -16 -11 -17 -11 -18 -11 -18 -11 -19 -12 -19 -13 -20 -13 -20 -13 -21 -14 -21 -15 -21 -17 -22 -19 -23 -20 -23 -22 -23 -24 -24 -26 -25 ]
CSI_DATA,STA,E4:D1:24:F0:BE:00,-58,10,0,0,0,0,0,0,0,0,0,-97,0,5,0,51688432,0,399,0,0,52.0806,128,[-113 -15 24 0 21 22 21 22 22 21 20 21 21 20 21 20 20 19 19 19 18 19 17 18 17 18 16 18 15 17 14 17 12 16 12 16 11 16 10 16 9 15 8 15 7 15 6 14 5 14 4 14 3 13 0 0 0 0 0 0 0 0 0 0 0 0 0 0 0 0 0 0 0 0 0 0 7 8 7 9 6 9 6 10 6 10 6 10 6 11 6 11 6 12 5 12 5 12 6 13 6 14 6 15 7 15 7 16 8 16 8 16 9 17 10 17 11 18 13 19 13 20 15 21 17 22 19 22 ]
CSI_DATA,STA,E4:D1:24:F0:BE:00,-58,10,0,0,0,0,0,0,0,0,0,-97,0,5,0,51790834,0,399,0,0,52.183,128,[-113 -15 24 0 36 -1 35 -2 34 -3 33 -3 33 -4 32 -3 31 -3 30 -4 29 -3 28 -3 27 -3 27 -2 25 -1 25 -1 23 0 23 1 22 2 20 2 19 3 18 3 17 4 16 4 15 4 14 5 13 5 0 0 0 0 0 0 0 0 0 0 0 0 0 0 0 0 0 0 0 0 0 0 15 -4 15 -3 16 -2 16 -1 16 0 17 1 18 2 18 2 18 3 18 4 18 4 19 4 20 5 20 5 21 6 22 5 23 6 23 6 24 5 25 5 26 4 28 4 29 3 31 3 33 2 36 0 ]
CSI_DATA,STA,E4:D1:24:F0:BE:00,-58,10,0,0,0,0,0,0,0,0,0,-97,0,5,0,51893236,0,399,0,0,52.2854,128,[-113 -15 24 0 -31 21 -29 21 -29 21 -28 20 -27 21 -26 20 -25 19 -25 19 -25 18 -23 18 -23 17 -22 16 -22 15 -21 13 -20 12 -20 11 -20 10 -19 10 -18 8 -18 7 -17 6 -17 5 -16 5 -15 3 -15 2 0 0 0 0 0 0 0 0 0 0 0 0 0 0 0 0 0 0 0 0 0 0 -12 7 -12 6 -13 5 -14 5 -14 4 -14 5 -15 4 -16 4 -16 4 -16 4 -16 4 -17 4 -18 4 -19 4 -19 5 -20 5 -21 6 -22 7 -23 7 -23 8 -24 10 -26 11 -26 13 -28 14 -29 16 -30 18 ]
CSI_DATA,STA,E4:D1:24:F0:BE:00,-58,10,0,0,0,0,0,0,0,0,0,-97,0,5,0,51995637,0,399,0,0,52.3878,128,[-113 -15 24 0 -30 21 -30 22 -28 22 -28 21 -27 22 -26 21 -25 20 -24 20 -24 19 -23 19 -23 18 -23 16 -22 15 -21 15 -20 13 -20 13 -20 12 -20 11 -19 10 -19 9 -18 8 -18 7 -17 5 -17 4 -16 3 0 0 0 0 0 0 0 0 0 0 0 0 0 0 0 0 0 0 0 0 0 0 -13 9 -14 8 -14 7 -15 7 -16 6 -16 6 -17 6 -17 5 -17 5 -18 5 -19 4 -19 4 -20 4 -20 4 -21 5 -22 5 -22 6 -23 6 -24 7 -25 9 -25 10 -26 11 -27 13 -28 14 -30 16 -30 17 ]
CSI_DATA,STA,E4:D1:24:F0:BE:00,-58,10,0,0,0,0,0,0,0,0,0,-97,0,5,0,52098039,0,399,0,0,52.4901,128,[-113 -15 24 0 28 24 27 23 28 22 27 21 27 21 25 20 25 19 24 19 23 19 22 18 21 18 20 18 18 17 18 17 16 16 16 17 14 16 13 16 12 16 11 15 10 15 10 15 8 14 7 14 6 14 0 0 0 0 0 0 0 0 0 0 0 0 0 0 0 0 0 0 0 0 0 0 13 7 12 8 12 9 11 10 11 11 11 11 11 12 11 12 11 13 11 13 11 14 11 15 12 16 12 16 13 17 13 17 14 18 15 19 16 20 17 20 18 21 20 22 21 22 23 23 25 24 28 25 ]
CSI_DATA,STA,E4:D1:24:F0:BE:00,-57,10,0,0,0,0,0,0,0,0,0,-97,0,5,0,52200441,0,399,0,0,52.5925,128,[-113 -15 24 0 -37 18 -36 19 -34 18 -33 17 -32 17 -31 17 -29 16 -29 16 -28 15 -27 15 -26 14 -25 14 -25 12 -24 11 -22 10 -22 9 -22 8 -21 7 -20 6 -20 6 -19 5 -18 4 -17 3 -17 2 -16 1 0 0 0 0 0 0 0 0 0 0 0 0 0 0 0 0 0 0 0 0 0 0 -14 7 -15 6 -15 5 -16 5 -16 5 -17 4 -17 4 -18 3 -19 4 -19 4 -20 3 -21 3 -22 3 -22 4 -23 4 -24 4 -25 4 -26 5 -27 6 -28 7 -29 8 -31 9 -32 11 -33 12 -35 14 -37 15 ]
CSI_DATA,STA,E4:D1:24:F0:BE:00,-57,10,0,0,0,0,0,0,0,0,0,-97,0,5,0,52302843,0,399,0,0,52.695,128,[-113 -15 24 0 37 -15 36 -15 35 -15 33 -15 33 -14 32 -14 31 -14 30 -13 29 -13 28 -12 27 -12 26 -10 25 -10 25 -9 23 -8 23 -7 22 -6 22 -5 21 -4 20 -3 19 -3 18 -1 17 -1 16 0 16 2 0 0 0 0 0 0 0 0 0 0 0 0 0 0 0 0 0 0 0 0 0 0 12 -7 12 -6 13 -6 13 -5 14 -5 15 -5 15 -5 16 -5 17 -4 17 -4 18 -4 19 -4 20 -4 21 -4 22 -4 23 -4 23 -5 25 -5 26 -6 28 -6 29 -7 31 -8 32 -9 34 -10 35 -11 37 -12 ]
CSI_DATA,STA,E4:D1:24:F0:BE:00,-58,10,0,0,0,0,0,0,0,0,0,-97,0,5,0,52405245,0,399,0,0,52.7974,128,[-113 -15 24 0 0 -36 0 -35 0 -34 0 -33 -1 -32 -1 -31 -1 -30 -1 -29 -1 -29 -1 -28 -1 -27 0 -25 0 -24 1 -23 1 -22 1 -22 2 -21 2 -20 3 -19 3 -18 3 -17 3 -16 4 -15 5 -15 5 -13 0 0 0 0 0 0 0 0 0 0 0 0 0 0 0 0 0 0 0 0 0 0 0 -13 1 -12 1 -13 2 -13 2 -13 3 -14 3 -14 3 -15 3 -15 4 -16 4 -16 4 -17 4 -17 5 -18 5 -19 5 -20 5 -21 5 -22 5 -23 5 -24 4 -25 4 -27 4 -29 3 -30 3 -32 3 -34 ]
CSI_DATA,STA,E4:D1:24:F0:BE:00,-59,10,0,0,0,0,0,0,0,0,0,-97,0,5,0,52507647,0,399,0,0,52.8999,128,[-113 -15 24 0 35 0 36 0 34 -1 34 -1 33 -1 32 -1 31 -1 30 -1 29 -1 28 0 27 1 26 1 25 1 23 1 22 2 21 2 21 3 20 2 19 3 18 3 17 4 16 4 16 4 15 5 14 7 0 0 0 0 0 0 0 0 0 0 0 0 0 0 0 0 0 0 0 0 0 0 14 0 14 1 14 2 14 2 14 3 14 3 15 4 15 3 15 4 15 4 15 4 16 5 17 5 17 5 19 6 19 6 20 6 21 6 23 5 23 5 25 4 27 4 28 4 30 4 33 3 35 2 ]
CSI_DATA,STA,E4:D1:24:F0:BE:00,-58,10,0,0,0,0,0,0,0,0,0,-97,0,5,0,52610049,0,399,0,0,53.0022,128,[-113 -15 24 0 38 5 37 5 38 4 36 4 36 4 35 4 34 4 33 3 32 4 31 4 30 4 29 5 27 5 26 5 24 6 23 6 23 7 21 7 20 7 19 8 18 8 17 8 16 8 15 9 13 10 0 0 0 0 0 0 0 0 0 0 0 0 0 0 0 0 0 0 0 0 0 0 16 3 15 4 15 5 15 5 15 6 15 6 15 7 15 7 15 7 16 8 16 8 16 8 17 9 18 9 18 9 19 10 20 9 21 10 23 10 24 10 26 9 28 9 29 8 32 8 34 7 37 6 ]
CSI_DATA,STA,E4:D1:24:F0:BE:00,-59,10,0,0,0,0,0,0,0,0,0,-97,0,5,0,52712450,0,399,0,0,53.1046,128,[-113 -15 24 0 13 34 14 33 14 32 14 31 13 31 13 30 13 29 12 28 12 28 12 27 11 26 10 25 9 25 8 23 7 22 7 22 5 21 5 21 4 20 3 19 3 19 2 18 1 17 0 17 -1 16 0 0 0 0 0 0 0 0 0 0 0 0 0 0 0 0 0 0 0 0 0 0 2 13 1 14 1 14 0 14 0 14 -1 14 -1 14 -1 14 -1 15 -1 15 -1 16 -1 16 -1 18 -1 18 0 19 0 19 0 21 1 21 2 23 2 24 3 25 4 27 5 28 7 30 8 31 9 33 ]
CSI_DATA,STA,E4:D1:24:F0:BE:00,-58,10,0,0,0,0,0,0,0,0,0,-97,0,5,0,52814852,0,399,0,0,53.2071,128,[-113 -15 24 0 -34 14 -32 14 -32 14 -31 14 -30 14 -30 14 -28 13 -27 13 -27 12 -26 11 -26 11 -25 10 -24 9 -23 8 -22 7 -22 7 -21 6 -20 5 -19 4 -18 3 -18 3 -17 2 -16 1 -16 0 -16 -1 0 0 0 0 0 0 0 0 0 0 0 0 0 0 0 0 0 0 0 0 0 0 -15 5 -15 4 -16 3 -16 2 -17 2 -16 1 -17 2 -18 1 -17 1 -18 0 -18 0 -19 0 -20 0 -20 0 -20 0 -22 1 -22 1 -23 2 -24 2 -25 3 -26 4 -27 5 -28 6 -30 7 -31 9 -32 10 ]
CSI_DATA,STA,E4:D1:24:F0:BE:00,-58,10,0,0,0,0,0,0,0,0,0,-97,0,5,0,52917254,0,399,0,0,53.3094,128,[-113 -15 24 0 29 23 29 22 29 21 29 21 29 20 28 20 28 19 26 18 25 18 24 18 23 18 21 18 21 17 19 17 18 16 17 17 16 17 15 16 13 16 12 16 11 15 10 15 8 15 7 15 5 15 0 0 0 0 0 0 0 0 0 0 0 0 0 0 0 0 0 0 0 0 0 0 11 11 10 11 10 12 9 13 8 13 8 13 8 14 8 14 8 15 8 15 7 15 8 16 8 17 9 17 10 17 10 18 11 19 12 19 14 19 15 20 16 20 18 21 19 22 21 23 24 24 27 24 ]
CSI_DATA,STA,E4:D1:24:F0:BE:00,-59,10,0,0,0,0,0,0,0,0,0,-97,0,5,0,53019656,0,399,0,0,53.4118,128,[-113 -15 24 0 30 13 30 13 30 12 30 12 29 12 29 11 28 11 27 10 26 11 25 11 24 11 23 11 22 11 21 11 19 11 19 11 18 11 17 11 15 11 15 11 14 11 13 11 12 12 11 11 9 11 0 0 0 0 0 0 0 0 0 0 0 0 0 0 0 0 0 0 0 0 0 0 12 8 12 9 10 9 10 10 10 10 10 10 10 11 10 11 10 12 10 12 10 12 10 13 10 13 11 14 11 14 11 14 12 14 13 14 14 14 15 14 17 14 19 14 20 14 22 14 24 15 27 15 ]
CSI_DATA,STA,E4:D1:24:F0:BE:00,-58,10,0,0,0,0,0,0,0,0,0,-97,0,5,0,53122058,0,399,0,0,53.5143,128,[-113 -15 24 0 27 24 26 23 27 23 26 22 25 22 25 21 24 20 23 20 23 19 22 19 21 18 20 18 18 18 17 17 15 16 15 17 14 17 13 16 12 17 11 15 10 15 9 15 8 15 7 15 5 14 0 0 0 0 0 0 0 0 0 0 0 0 0 0 0 0 0 0 0 0 0 0 10 10 9 11 9 12 8 12 8 13 8 13 7 14 7 14 7 15 7 15 7 15 7 16 8 16 8 17 8 17 9 18 9 18 10 19 11 19 13 20 15 20 17 21 18 22 20 23 22 24 24 25 ]
CSI_DATA,STA,E4:D1:24:F0:BE:00,-58,10,0,0,0,0,0,0,0,0,0,-97,0,5,0,53224460,0,399,0,0,53.6166,128,[-113 -15 24 0 37 -8 36 -8 36 -8 35 -8 34 -9 33 -8 32 -8 31 -8 30 -8 29 -7 28 -7 27 -7 26 -5 25 -4 24 -4 23 -3 23 -3 22 -2 21 -2 20 -1 19 0 18 1 17 1 16 2 15 2 0 0 0 0 0 0 0 0 0 0 0 0 0 0 0 0 0 0 0 0 0 0 16 -4 16 -3 16 -2 16 -1 17 0 17 0 17 0 18 1 19 1 19 1 19 2 20 2 21 2 22 2 23 3 23 2 24 3 25 2 26 2 27 1 29 0 30 0 31 -1 33 -2 35 -3 38 -5 ]
CSI_DATA,STA,E4:D1:24:F0:BE:00,-59,10,0,0,0,0,0,0,0,0,0,-97,0,5,0,53326861,0,399,0,0,53.7191,128,[-113 -15 24 0 -25 -29 -25 -28 -24 -27 -24 -27 -23 -26 -23 -26 -22 -25 -21 -24 -20 -24 -20 -23 -19 -23 -18 -22 -16 -22 -15 -20 -14 -20 -13 -19 -12 -19 -11 -19 -10 -18 -9 -17 -8 -17 -8 -16 -7 -16 -6 -15 -5 -16 0 0 0 0 0 0 0 0 0 0 0 0 0 0 0 0 0 0 0 0 0 0 -11 -13 -10 -14 -9 -15 -9 -15 -9 -15 -8 -16 -8 -16 -8 -17 -8 -17 -8 -18 -7 -18 -7 -19 -8 -20 -8 -21 -8 -21 -8 -22 -9 -23 -9 -23 -11 -24 -11 -24 -13 -25 -14 -26 -15 -26 -17 -27 -19 -28 -21 -30 ]
CSI_DATA,STA,E4:D1:24:F0:BE:00,-58,10,0,0,0,0,0,0,0,0,0,-97,0,5,0,53429263,0,399,0,0,53.8214,128,[-113 -15 24 0 -19 30 -18 30 -17 29 -17 28 -15 28 -15 28 -14 26 -14 26 -14 25 -14 25 -14 23 -14 22 -14 21 -13 20 -13 18 -13 18 -14 17 -14 16 -14 15 -14 14 -13 13 -13 12 -13 11 -14 10 -13 8 0 0 0 0 0 0 0 0 0 0 0 0 0 0 0 0 0 0 0 0 0 0 -8 14 -9 13 -10 13 -10 12 -12 12 -12 12 -12 12 -12 12 -13 12 -13 12 -14 12 -15 13 -15 13 -16 13 -16 13 -17 14 -17 15 -18 16 -18 17 -18 18 -19 19 -18 20 -19 22 -19 24 -20 26 -20 28 ]
CSI_DATA,STA,E4:D1:24:F0:BE:00,-58,10,0,0,0,0,0,0,0,0,0,-97,0,5,0,53531665,0,399,0,0,53.9239,128,[-113 -15 24 0 -31 -24 -29 -23 -29 -22 -28 -22 -28 -21 -28 -20 -26 -20 -26 -20 -25 -19 -24 -19 -23 -19 -23 -19 -21 -18 -20 -18 -18 -17 -17 -17 -16 -17 -15 -16 -14 -17 -13 -16 -12 -16 -11 -16 -10 -15 -9 -16 -8 -16 0 0 0 0 0 0 0 0 0 0 0 0 0 0 0 0 0 0 0 0 0 0 -14 -11 -13 -12 -13 -13 -12 -13 -12 -14 -11 -14 -11 -14 -11 -15 -12 -15 -11 -16 -11 -16 -12 -17 -12 -18 -12 -18 -13 -19 -14 -20 -14 -20 -15 -21 -16 -21 -17 -22 -18 -22 -20 -23 -21 -23 -23 -24 -25 -25 -27 -26 ]
CSI_DATA,STA,E4:D1:24:F0:BE:00,-58,10,0,0,0,0,0,0,0,0,0,-97,0,5,0,53634067,0,399,0,0,54.0261,128,[-113 -15 24 0 30 22 30 21 30 20 29 19 29 18 29 18 28 17 27 17 26 16 25 16 24 16 22 15 21 15 20 15 18 14 18 15 17 14 16 15 14 14 14 14 12 14 11 14 10 14 9 13 8 14 0 0 0 0 0 0 0 0 0 0 0 0 0 0 0 0 0 0 0 0 0 0 15 9 14 11 13 12 12 12 12 13 12 13 12 14 12 14 12 14 12 15 12 16 12 16 13 18 13 18 13 19 15 19 15 19 16 20 17 20 18 21 19 21 21 22 22 22 24 23 26 24 28 23 ]
CSI_DATA,STA,E4:D1:24:F0:BE:00,-58,10,0,0,0,0,0,0,0,0,0,-97,0,5,0,53736469,0,399,0,0,54.1286,128,[-113 -15 24 0 18 32 17 30 18 30 17 29 17 29 16 28 15 27 15 26 15 26 13 25 13 24 12 23 11 22 10 22 9 20 8 21 7 20 6 20 5 19 4 19 3 18 3 17 2 17 1 16 0 16 0 0 0 0 0 0 0 0 0 0 0 0 0 0 0 0 0 0 0 0 0 0 8 13 7 13 6 14 6 14 6 14 5 14 5 15 5 16 5 16 4 17 5 17 4 18 5 19 5 20 5 20 5 21 5 21 6 23 7 23 7 25 8 25 10 27 11 28 12 29 13 31 15 33 ]
CSI_DATA,STA,E4:D1:24:F0:BE:00,-58,10,0,0,0,0,0,0,0,0,0,-97,0,5,0,53838871,0,399,0,0,54.2311,128,[-113 -15 24 0 -33 -23 -33 -22 -32 -20 -31 -20 -30 -19 -29 -19 -28 -18 -28 -18 -26 -18 -25 -17 -24 -17 -23 -16 -22 -16 -20 -15 -19 -15 -17 -15 -16 -15 -16 -15 -14 -15 -13 -15 -12 -14 -11 -14 -10 -14 -10 -13 -8 -13 0 0 0 0 0 0 0 0 0 0 0 0 0 0 0 0 0 0 0 0 0 0 -16 -7 -15 -8 -15 -10 -14 -10 -14 -11 -14 -12 -14 -12 -14 -13 -14 -14 -15 -14 -14 -14 -15 -15 -16 -16 -15 -17 -16 -18 -18 -18 -18 -18 -19 -20 -20 -20 -20 -20 -22 -21 -24 -22 -25 -22 -27 -22 -30 -22 -31 -23 ]
CSI_DATA,STA,E4:D1:24:F0:BE:00,-58,10,0,0,0,0,0,0,0,0,0,-97,0,5,0,53941273,0,399,0,0,54.3335,128,[-113 -15 24 0 -29 -26 -30 -25 -28 -23 -29 -23 -28 -22 -27 -22 -26 -20 -25 -20 -25 -19 -24 -19 -23 -18 -22 -18 -21 -18 -19 -17 -18 -17 -17 -17 -16 -17 -15 -17 -14 -16 -12 -16 -12 -16 -11 -15 -10 -15 -9 -15 -7 -14 0 0 0 0 0 0 0 0 0 0 0 0 0 0 0 0 0 0 0 0 0 0 -15 -10 -14 -11 -14 -12 -13 -13 -13 -14 -13 -14 -12 -15 -13 -15 -13 -16 -13 -16 -13 -17 -13 -18 -14 -19 -13 -19 -14 -20 -15 -21 -16 -22 -16 -23 -17 -23 -18 -24 -19 -24 -21 -25 -22 -25 -24 -27 -26 -27 -28 -27 ]
CSI_DATA,STA,E4:D1:24:F0:BE:00,-58,10,0,0,0,0,0,0,0,0,0,-97,0,5,0,54043674,0,399,0,0,54.4359,128,[-113 -15 24 0 -22 -36 -21 -35 -21 -34 -20 -34 -20 -33 -19 -33 -18 -32 -17 -31 -17 -30 -16 -29 -15 -28 -13 -28 -13 -26 -11 -26 -10 -24 -9 -23 -8 -23 -7 -22 -6 -22 -5 -20 -4 -20 -4 -18 -3 -18 -2 -17 -1 -17 0 0 0 0 0 0 0 0 0 0 0 0 0 0 0 0 0 0 0 0 0 0 -8 -15 -6 -15 -6 -16 -5 -16 -5 -16 -4 -16 -4 -16 -4 -17 -4 -18 -4 -18 -4 -18 -4 -19 -4 -20 -5 -20 -5 -21 -6 -22 -6 -23 -7 -24 -8 -25 -8 -26 -11 -27 -11 -29 -13 -30 -16 -32 -17 -33 -19 -35 ]
CSI_DATA,STA,E4:D1:24:F0:BE:00,-59,10,0,0,0,0,0,0,0,0,0,-97,0,5,0,54146076,0,399,0,0,54.5383,128,[-113 -15 24 0 -18 -33 -19 -32 -18 -31 -18 -30 -18 -30 -18 -29 -18 -28 -17 -27 -16 -27 -15 -27 -14 -26 -13 -25 -13 -24 -11 -23 -10 -22 -10 -22 -9 -22 -8 -21 -7 -20 -7 -20 -6 -20 -5 -19 -4 -18 -2 -18 -2 -18 0 0 0 0 0 0 0 0 0 0 0 0 0 0 0 0 0 0 0 0 0 0 -9 -17 -7 -17 -6 -18 -5 -18 -5 -18 -4 -18 -4 -18 -4 -19 -3 -19 -3 -19 -2 -19 -2 -20 -3 -21 -3 -21 -3 -21 -4 -22 -5 -23 -5 -24 -5 -24 -7 -25 -9 -26 -9 -28 -10 -28 -12 -30 -13 -32 -16 -33 ]
CSI_DATA,STA,E4:D1:24:F0:BE:00,-59,10,0,0,0,0,0,0,0,0,0,-97,0,5,0,54248478,0,399,0,0,54.6407,128,[-113 -15 24 0 31 19 31 18 31 16 30 16 30 16 29 16 28 15 26 15 26 14 25 14 24 14 22 14 21 14 20 14 18 13 18 14 17 14 16 13 15 13 14 13 12 13 12 13 10 12 9 12 8 13 0 0 0 0 0 0 0 0 0 0 0 0 0 0 0 0 0 0 0 0 0 0 15 6 14 8 14 9 13 9 13 10 13 10 13 11 13 12 13 12 13 13 13 13 13 14 14 14 14 15 14 15 15 16 16 16 16 17 18 17 19 17 21 17 22 18 23 18 25 19 27 19 31 19 ]
CSI_DATA,STA,E4:D1:24:F0:BE:00,-58,10,0,0,0,0,0,0,0,0,0,-97,0,5,0,54350880,0,399,0,0,54.7429,128,[-113 -15 24 0 -34 -16 -33 -15 -33 -14 -31 -14 -31 -13 -31 -13 -30 -13 -29 -13 -28 -13 -27 -13 -26 -12 -25 -12 -23 -13 -22 -13 -20 -12 -20 -13 -18 -13 -17 -13 -16 -13 -15 -13 -14 -13 -13 -13 -12 -12 -11 -12 -10 -13 0 0 0 0 0 0 0 0 0 0 0 0 0 0 0 0 0 0 0 0 0 0 -15 -6 -14 -7 -14 -9 -13 -9 -14 -10 -13 -10 -13 -10 -14 -11 -14 -12 -13 -12 -14 -12 -14 -13 -15 -13 -15 -13 -15 -14 -17 -15 -17 -15 -18 -15 -19 -15 -20 -15 -22 -15 -23 -16 -26 -16 -27 -16 -30 -16 -32 -16 ]
CSI_DATA,STA,E4:D1:24:F0:BE:00,-58,10,0,0,0,0,0,0,0,0,0,-97,0,5,0,54453282,0,399,0,0,54.8453,128,[-113 -15 24 0 14 35 14 35 14 34 14 34 14 33 13 32 13 32 12 31 12 29 11 29 10 28 9 27 8 27 7 25 6 24 5 23 4 23 3 22 2 21 2 20 1 20 0 19 0 18 -1 17 -3 16 0 0 0 0 0 0 0 0 0 0 0 0 0 0 0 0 0 0 0 0 0 0 5 15 3 15 2 15 2 15 1 16 1 16 0 16 0 17 0 17 0 17 0 17 0 18 0 19 0 19 0 20 0 21 1 22 1 22 2 24 3 24 4 26 5 27 6 29 8 31 10 33 12 35 ]
CSI_DATA,STA,E4:D1:24:F0:BE:00,-57,10,0,0,0,0,0,0,0,0,0,-97,0,5,0,54555683,0,399,0,0,54.9479,128,[-113 -15 24 0 40 1 38 1 38 1 37 1 36 1 35 0 33 0 32 0 31 0 30 1 29 2 27 2 26 2 25 3 23 3 23 3 22 4 20 4 19 4 18 5 17 5 16 5 15 6 14 6 13 7 0 0 0 0 0 0 0 0 0 0 0 0 0 0 0 0 0 0 0 0 0 0 16 0 15 1 16 2 16 2 16 3 16 3 16 4 17 4 17 5 17 5 18 5 18 6 19 6 20 7 21 7 22 6 23 6 25 6 25 6 27 6 29 5 31 5 32 5 34 6 36 5 40 5 ]
CSI_DATA,STA,E4:D1:24:F0:BE:00,-58,10,0,0,0,0,0,0,0,0,0,-97,0,5,0,54658085,0,399,0,0,55.0503,128,[-113 -15 24 0 6 35 6 33 6 33 6 32 6 31 6 30 6 29 6 29 6 28 5 27 5 26 4 25 3 24 3 24 2 22 1 22 0 21 -1 21 -1 19 -2 18 -2 17 -3 16 -3 15 -4 15 -5 13 0 0 0 0 0 0 0 0 0 0 0 0 0 0 0 0 0 0 0 0 0 0 4 15 2 15 1 16 1 16 0 17 0 17 -1 17 -1 17 -2 18 -2 18 -3 18 -3 19 -3 19 -4 20 -4 20 -4 22 -3 22 -3 23 -2 24 -2 25 -2 26 -1 27 0 29 1 31 2 33 3 35 ]
CSI_DATA,STA,E4:D1:24:F0:BE:00,-59,10,0,0,0,0,0,0,0,0,0,-97,0,5,0,54760486,0,399,0,0,55.1527,128,[-113 -15 24 0 20 -34 18 -33 18 -32 17 -32 16 -32 16 -32 16 -30 15 -30 15 -29 15 -27 15 -26 14 -25 14 -23 14 -22 14 -21 14 -20 14 -18 14 -18 13 -17 13 -15 13 -14 13 -13 13 -12 13 -11 13 -10 0 0 0 0 0 0 0 0 0 0 0 0 0 0 0 0 0 0 0 0 0 0 10 -15 11 -14 12 -14 12 -13 13 -13 13 -12 13 -12 14 -13 14 -12 15 -12 15 -12 16 -13 17 -13 17 -13 18 -13 18 -15 18 -15 19 -16 19 -17 19 -18 19 -20 20 -22 20 -23 21 -25 21 -27 21 -30 ]
CSI_DATA,STA,E4:D1:24:F0:BE:00,-58,10,0,0,0,0,0,0,0,0,0,-97,0,5,0,54862888,0,399,0,0,55.2551,128,[-113 -15 24 0 -32 10 -31 10 -30 10 -29 10 -28 11 -28 10 -27 10 -27 10 -26 10 -25 9 -25 8 -24 8 -23 6 -22 7 -21 5 -21 5 -20 4 -20 3 -19 2 -18 2 -18 1 -17 0 -16 -1 -15 -1 -15 -3 0 0 0 0 0 0 0 0 0 0 0 0 0 0 0 0 0 0 0 0 0 0 -14 2 -14 2 -15 1 -15 0 -15 -1 -15 -1 -15 -1 -16 -2 -16 -2 -16 -2 -16 -2 -17 -2 -18 -3 -18 -3 -19 -3 -20 -2 -20 -1 -21 -1 -22 -1 -23 0 -24 1 -25 2 -26 3 -28 4 -29 6 -30 6 ]
CSI_DATA,STA,E4:D1:24:F0:BE:00,-58,10,0,0,0,0,0,0,0,0,0,-97,0,5,0,54965290,0,399,0,0,55.3575,128,[-113 -15 24 0 -40 -13 -39 -12 -38 -12 -37 -12 -37 -12 -36 -12 -35 -12 -34 -12 -33 -11 -31 -11 -30 -12 -29 -12 -28 -12 -26 -12 -24 -12 -23 -12 -22 -12 -21 -13 -19 -12 -18 -12 -17 -13 -16 -12 -15 -12 -14 -12 -12 -13 0 0 0 0 0 0 0 0 0 0 0 0 0 0 0 0 0 0 0 0 0 0 -15 -8 -14 -9 -14 -9 -13 -10 -13 -11 -13 -11 -13 -11 -13 -12 -13 -12 -13 -12 -14 -12 -14 -13 -14 -13 -15 -14 -16 -14 -17 -14 -17 -14 -19 -14 -20 -14 -21 -15 -23 -14 -26 -14 -27 -14 -30 -14 -32 -14 -36 -15 ]
CSI_DATA,STA,E4:D1:24:F0:BE:00,-58,10,0,0,0,0,0,0,0,0,0,-97,0,5,0,55067692,0,399,0,0,55.4597,128,[-113 -15 24 0 28 -22 27 -21 26 -22 25 -21 25 -21 25 -21 23 -20 23 -19 23 -19 22 -18 21 -17 21 -16 20 -15 20 -14 19 -12 19 -12 18 -10 18 -10 17 -9 16 -8 16 -7 15 -6 15 -5 14 -4 14 -3 0 0 0 0 0 0 0 0 0 0 0 0 0 0 0 0 0 0 0 0 0 0 13 -10 13 -8 14 -8 14 -7 15 -6 15 -6 16 -6 16 -6 17 -5 17 -5 17 -5 18 -5 18 -5 19 -5 19 -5 20 -6 20 -6 21 -7 21 -8 22 -8 23 -10 24 -11 25 -13 26 -14 28 -16 28 -18 ]
CSI_DATA,STA,E4:D1:24:F0:BE:00,-58,10,0,0,0,0,0,0,0,0,0,-97,0,5,0,55170094,0,399,0,0,55.5622,128,[-113 -15 24 0 37 -9 36 -9 36 -9 35 -9 35 -8 34 -7 33 -7 32 -7 31 -7 30 -6 29 -5 27 -4 26 -4 25 -3 24 -2 24 -1 22 -1 21 0 20 1 19 1 18 1 17 2 16 2 15 2 15 4 0 0 0 0 0 0 0 0 0 0 0 0 0 0 0 0 0 0 0 0 0 0 16 -4 16 -2 16 -1 16 0 16 0 16 1 16 1 16 2 17 2 17 2 17 2 18 3 19 3 20 2 20 2 21 2 22 2 23 2 24 1 26 1 27 0 29 -1 30 -2 32 -3 34 -4 37 -6 ]
CSI_DATA,STA,E4:D1:24:F0:BE:00,-58,10,0,0,0,0,0,0,0,0,0,-97,0,5,0,55272496,0,399,0,0,55.6646,128,[-113 -15 24 0 36 11 35 10 35 10 34 9 33 9 32 9 31 9 30 9 28 9 28 9 26 9 25 9 23 9 22 9 20 9 19 10 18 10 17 9 16 9 15 9 14 9 13 9 12 9 11 9 11 10 0 0 0 0 0 0 0 0 0 0 0 0 0 0 0 0 0 0 0 0 0 0 17 3 16 5 16 6 15 6 16 7 16 8 16 9 16 9 16 9 16 10 16 10 16 11 17 12 17 12 18 12 19 13 19 13 21 13 22 13 23 14 25 13 26 14 28 13 30 13 32 14 35 14 ]
CSI_DATA,STA,E4:D1:24:F0:BE:00,-58,10,0,0,0,0,0,0,0,0,0,-97,0,5,0,55374898,0,399,0,0,55.7671,128,[-113 -15 24 0 -9 40 -8 39 -8 37 -7 36 -6 35 -6 34 -6 33 -6 33 -6 31 -6 30 -5 28 -5 27 -6 26 -6 25 -6 23 -7 22 -7 21 -7 20 -7 19 -7 18 -7 16 -7 16 -7 15 -8 13 -8 13 0 0 0 0 0 0 0 0 0 0 0 0 0 0 0 0 0 0 0 0 0 0 -4 16 -5 16 -6 16 -6 15 -7 16 -7 16 -8 16 -9 16 -9 16 -10 17 -10 17 -10 18 -11 19 -11 19 -12 20 -13 21 -12 22 -13 23 -12 24 -13 26 -12 28 -13 29 -12 31 -12 33 -11 35 -12 37 ]
CSI_DATA,STA,E4:D1:24:F0:BE:00,-59,10,0,0,0,0,0,0,0,0,0,-97,0,5,0,55477299,0,399,0,0,55.8695,128,[-113 -15 24 0 36 2 35 2 35 1 33 1 33 2 32 2 31 2 30 2 29 2 27 3 26 3 25 3 23 4 22 3 21 4 20 4 19 4 18 5 17 5 16 5 15 5 14 5 14 5 12 5 12 6 0 0 0 0 0 0 0 0 0 0 0 0 0 0 0 0 0 0 0 0 0 0 15 0 14 1 14 2 14 2 15 3 14 3 15 4 15 4 15 5 15 5 15 5 16 6 17 6 18 6 18 6 19 7 20 6 22 7 23 6 24 6 25 6 28 6 29 5 31 5 33 5 35 4 ]
CSI_DATA,STA,E4:D1:24:F0:BE:00,-59,10,0,0,0,0,0,0,0,0,0,-97,0,5,0,55579701,0,399,0,0,55.9719,128,[-113 -15 24 0 -28 29 -26 29 -26 29 -25 28 -24 28 -24 28 -23 27 -23 26 -23 25 -23 23 -22 22 -22 21 -21 20 -20 19 -20 17 -20 16 -19 15 -19 14 -18 13 -19 12 -17 11 -17 10 -17 8 -17 7 -17 6 0 0 0 0 0 0 0 0 0 0 0 0 0 0 0 0 0 0 0 0 0 0 -13 10 -14 9 -14 8 -15 7 -15 7 -16 7 -16 7 -16 6 -16 7 -17 6 -17 7 -17 7 -18 7 -18 8 -19 8 -20 9 -20 10 -21 11 -21 12 -22 13 -23 15 -23 17 -24 18 -25 21 -26 23 -27 25 ]
CSI_DATA,STA,E4:D1:24:F0:BE:00,-58,10,0,0,0,0,0,0,0,0,0,-97,0,5,0,55682103,0,399,0,0,56.0743,128,[-113 -15 24 0 18 -34 17 -34 17 -33 17 -32 16 -32 16 -31 15 -30 15 -29 15 -29 14 -28 14 -26 14 -25 13 -24 13 -23 13 -21 13 -20 13 -19 13 -18 13 -17 13 -16 13 -15 12 -14 12 -13 13 -12 13 -11 0 0 0 0 0 0 0 0 0 0 0 0 0 0 0 0 0 0 0 0 0 0 9 -13 9 -12 10 -11 10 -11 11 -11 12 -10 11 -11 12 -11 12 -11 13 -10 13 -11 14 -11 14 -12 14 -13 15 -13 15 -14 15 -15 16 -16 17 -17 17 -18 17 -20 18 -22 18 -23 19 -26 19 -28 20 -31 ]
CSI_DATA,STA,E4:D1:24:F0:BE:00,-58,10,0,0,0,0,0,0,0,0,0,-97,0,5,0,55784505,0,399,0,0,56.1765,128,[-113 -15 24 0 20 -28 20 -28 19 -28 19 -27 18 -27 17 -26 17 -25 16 -24 16 -24 16 -24 15 -22 15 -21 15 -20 15 -18 14 -17 14 -16 14 -16 15 -15 14 -13 14 -12 13 -11 13 -10 13 -9 12 -8 12 -7 0 0 0 0 0 0 0 0 0 0 0 0 0 0 0 0 0 0 0 0 0 0 9 -9 10 -9 10 -8 10 -8 11 -8 11 -8 11 -7 12 -8 12 -8 12 -8 12 -8 13 -8 14 -9 14 -9 15 -10 15 -10 15 -11 16 -12 17 -14 17 -14 17 -16 17 -18 18 -19 19 -21 20 -23 20 -25 ]
CSI_DATA,STA,E4:D1:24:F0:BE:00,-58,10,0,0,0,0,0,0,0,0,0,-97,0,5,0,55886907,0,399,0,0,56.2789,128,[-113 -15 24 0 3 40 4 39 4 38 4 37 5 36 4 35 4 33 4 33 3 31 3 31 3 29 2 28 2 27 1 26 0 24 0 24 -1 23 -1 22 -2 21 -3 20 -3 19 -3 18 -3 17 -4 16 -5 16 0 0 0 0 0 0 0 0 0 0 0 0 0 0 0 0 0 0 0 0 0 0 1 15 0 15 -1 16 -2 15 -2 16 -2 16 -3 17 -3 17 -4 18 -4 18 -4 18 -4 19 -4 20 -4 20 -4 21 -5 23 -4 24 -4 25 -4 26 -4 28 -2 29 -2 31 -2 32 0 35 1 37 1 39 ]
CSI_DATA,STA,E4:D1:24:F0:BE:00,-58,10,0,0,0,0,0,0,0,0,0,-97,0,5,0,55989309,0,399,0,0,56.3815,128,[-113 -15 24 0 31 -5 31 -5 30 -6 29 -5 28 -6 28 -6 27 -6 25 -6 25 -5 24 -5 24 -4 22 -4 21 -4 21 -3 19 -2 19 -2 18 -1 17 -1 17 -1 16 0 15 0 15 1 14 1 14 2 13 3 0 0 0 0 0 0 0 0 0 0 0 0 0 0 0 0 0 0 0 0 0 0 14 -4 15 -2 15 -1 15 -1 15 0 15 1 15 1 16 1 16 2 16 2 16 2 17 3 17 3 18 3 18 3 19 3 19 2 21 2 21 2 23 1 23 1 26 0 26 0 28 -1 29 -2 31 -3 ]
CSI_DATA,STA,E4:D1:24:F0:BE:00,-59,10,0,0,0,0,0,0,0,0,0,-97,0,5,0,56091710,0,399,0,0,56.4839,128,[-113 -15 24 0 -36 15 -33 15 -32 15 -31 15 -31 14 -30 15 -29 14 -28 14 -27 13 -27 12 -25 11 -24 11 -23 10 -23 9 -21 8 -21 7 -20 7 -20 6 -19 5 -18 5 -17 3 -16 3 -16 3 -15 2 -16 1 0 0 0 0 0 0 0 0 0 0 0 0 0 0 0 0 0 0 0 0 0 0 -15 6 -16 5 -16 4 -17 3 -17 3 -17 2 -18 2 -18 2 -18 2 -18 1 -19 2 -19 1 -20 1 -21 1 -21 2 -23 2 -23 3 -24 3 -25 4 -26 5 -27 6 -28 7 -30 9 -31 10 -33 11 -34 13 ]
CSI_DATA,STA,E4:D1:24:F0:BE:00,-59,10,0,0,0,0,0,0,0,0,0,-97,0,5,0,56194112,0,399,0,0,56.5863,128,[-113 -15 24 0 -18 28 -15 26 -15 27 -14 25 -13 25 -13 25 -12 23 -12 24 -11 23 -11 22 -11 20 -11 20 -11 18 -11 18 -10 16 -11 16 -10 15 -10 14 -10 13 -10 13 -10 11 -10 11 -10 10 -10 9 -10 8 0 0 0 0 0 0 0 0 0 0 0 0 0 0 0 0 0 0 0 0 0 0 -6 14 -8 13 -9 13 -9 13 -11 13 -10 13 -12 12 -12 12 -13 13 -13 12 -13 12 -14 12 -15 12 -15 13 -15 13 -17 14 -16 14 -17 15 -17 16 -17 17 -17 18 -18 19 -18 21 -19 22 -19 24 -18 26 ]
CSI_DATA,STA,E4:D1:24:F0:BE:00,-58,10,0,0,0,0,0,0,0,0,0,-97,0,5,0,56296514,0,399,0,0,56.6887,128,[-113 -15 24 0 2 37 2 36 2 35 2 33 4 32 3 32 3 30 3 29 3 29 2 27 2 26 1 25 1 23 1 23 0 21 0 21 -1 20 -1 19 -2 18 -2 17 -2 16 -3 15 -3 15 -4 14 -5 13 0 0 0 0 0 0 0 0 0 0 0 0 0 0 0 0 0 0 0 0 0 0 3 17 2 17 0 18 -1 17 -1 18 -2 18 -3 19 -3 19 -4 19 -4 19 -5 19 -6 20 -6 21 -6 21 -6 22 -6 23 -6 23 -6 25 -5 25 -5 27 -4 28 -3 29 -3 31 -3 33 -2 34 -2 36 ]
CSI_DATA,STA,E4:D1:24:F0:BE:00,-58,10,0,0,0,0,0,0,0,0,0,-97,0,5,0,56398916,0,399,0,0,56.7911,128,[-113 -15 24 0 31 -22 29 -21 29 -21 27 -20 26 -20 26 -20 25 -19 24 -19 23 -18 23 -17 22 -17 21 -16 20 -15 20 -14 19 -13 19 -12 19 -10 18 -10 17 -9 17 -8 16 -7 16 -6 15 -6 15 -4 15 -4 0 0 0 0 0 0 0 0 0 0 0 0 0 0 0 0 0 0 0 0 0 0 12 -10 12 -9 13 -8 13 -8 14 -7 14 -7 15 -7 16 -7 16 -7 17 -7 17 -7 18 -7 18 -7 19 -6 20 -7 20 -8 21 -8 22 -9 22 -9 24 -11 24 -12 26 -13 27 -15 28 -16 29 -18 31 -20 ]
CSI_DATA,STA,E4:D1:24:F0:BE:00,-58,10,0,0,0,0,0,0,0,0,0,-97,0,5,0,56501318,0,399,0,0,56.8935,128,[-113 -15 24 0 31 -11 30 -11 29 -11 28 -10 27 -10 27 -11 26 -10 25 -10 24 -9 23 -9 22 -8 22 -7 21 -6 19 -6 19 -5 18 -4 17 -3 16 -3 16 -3 15 -2 14 -2 13 -1 13 -1 12 0 12 0 0 0 0 0 0 0 0 0 0 0 0 0 0 0 0 0 0 0 0 0 0 0 13 -6 14 -5 14 -5 14 -3 15 -3 15 -3 15 -2 16 -2 17 -1 16 -2 17 -1 17 -1 19 -1 19 0 20 0 20 -1 20 -1 22 -2 22 -2 23 -2 24 -4 26 -4 27 -5 28 -6 29 -7 31 -8 ]
CSI_DATA,STA,E4:D1:24:F0:BE:00,-58,10,0,0,0,0,0,0,0,0,0,-97,0,5,0,56603720,0,399,0,0,56.9958,128,[-113 -15 24 0 37 -8 36 -8 36 -9 35 -9 34 -10 33 -9 32 -9 31 -8 30 -8 29 -7 28 -6 27 -6 26 -5 25 -5 24 -3 23 -2 22 -2 21 -2 20 -1 19 0 18 0 17 1 16 1 16 2 15 3 0 0 0 0 0 0 0 0 0 0 0 0 0 0 0 0 0 0 0 0 0 0 17 -5 17 -3 17 -2 17 -1 18 -1 18 0 18 0 19 0 19 1 19 2 19 2 20 2 21 2 21 2 22 3 23 2 23 2 25 1 26 1 27 0 28 -1 30 -1 31 -3 33 -3 35 -4 38 -7 ]
CSI_DATA,STA,E4:D1:24:F0:BE:00,-58,10,0,0,0,0,0,0,0,0,0,-97,0,5,0,56706122,0,399,0,0,57.0982,128,[-113 -15 24 0 -13 -37 -14 -37 -14 -35 -13 -34 -14 -33 -13 -33 -12 -31 -12 -31 -11 -29 -11 -28 -11 -28 -10 -26 -9 -25 -8 -24 -7 -23 -6 -21 -5 -21 -5 -20 -4 -19 -4 -19 -3 -18 -3 -17 -3 -16 -2 -16 0 -16 0 0 0 0 0 0 0 0 0 0 0 0 0 0 0 0 0 0 0 0 0 0 -6 -17 -5 -17 -4 -17 -4 -18 -3 -18 -2 -19 -2 -18 -2 -19 -2 -19 -2 -20 -1 -20 -1 -21 -1 -22 -1 -23 -1 -23 -2 -24 -2 -25 -2 -26 -3 -28 -3 -28 -6 -29 -6 -31 -7 -32 -9 -33 -10 -36 -11 -38 ]
CSI_DATA,STA,E4:D1:24:F0:BE:00,-58,10,0,0,0,0,0,0,0,0,0,-97,0,5,0,56808523,0,399,0,0,57.2008,128,[-113 -15 24 0 36 0 35 0 35 0 34 -1 33 0 32 -1 31 0 30 -1 29 0 28 0 27 0 26 1 25 1 24 2 22 3 22 3 21 4 20 4 19 4 18 5 17 5 15 5 14 6 13 6 13 7 0 0 0 0 0 0 0 0 0 0 0 0 0 0 0 0 0 0 0 0 0 0 16 0 15 1 15 2 15 3 16 3 16 4 16 4 16 4 16 5 16 5 16 6 17 6 18 7 18 7 19 7 19 7 20 7 21 7 23 6 24 6 26 5 27 5 29 4 31 4 33 4 35 3 ]
CSI_DATA,STA,E4:D1:24:F0:BE:00,-58,10,0,0,0,0,0,0,0,0,0,-97,0,5,0,56910925,0,399,0,0,57.3031,128,[-113 -15 24 0 35 7 35 6 34 5 33 5 33 5 32 5 31 5 30 4 29 5 28 5 27 5 26 5 24 5 23 6 22 6 21 7 20 7 19 7 18 7 17 7 16 7 15 8 14 8 13 9 12 10 0 0 0 0 0 0 0 0 0 0 0 0 0 0 0 0 0 0 0 0 0 0 15 1 15 3 15 4 15 4 15 5 15 5 15 6 15 6 16 7 15 8 15 8 16 8 17 9 17 9 18 9 19 9 20 9 21 9 22 10 23 9 25 9 27 9 28 9 30 9 33 9 35 8 ]
CSI_DATA,STA,E4:D1:24:F0:BE:00,-58,10,0,0,0,0,0,0,0,0,0,-97,0,5,0,57013327,0,399,0,0,57.4055,128,[-113 -15 24 0 37 3 37 2 36 1 35 2 35 1 34 1 32 1 31 1 30 1 29 2 28 2 27 3 25 3 24 3 23 4 23 5 21 4 20 5 19 5 18 5 17 5 16 6 16 6 15 7 14 8 0 0 0 0 0 0 0 0 0 0 0 0 0 0 0 0 0 0 0 0 0 0 17 -2 17 0 17 1 17 2 17 2 17 3 18 4 18 4 18 5 18 5 18 6 19 6 20 7 21 7 21 7 22 8 23 7 24 8 25 7 26 7 27 6 29 7 31 6 32 6 35 6 37 4 ]
CSI_DATA,STA,E4:D1:24:F0:BE:00,-58,10,0,0,0,0,0,0,0,0,0,-97,0,5,0,57115729,0,399,0,0,57.5079,128,[-113 -15 24 0 -30 -27 -29 -26 -29 -26 -28 -25 -28 -24 -26 -24 -26 -23 -25 -22 -24 -22 -23 -22 -21 -21 -20 -21 -19 -19 -18 -19 -16 -18 -16 -18 -14 -18 -13 -18 -12 -17 -11 -16 -11 -16 -10 -15 -9 -15 -8 -15 -7 -14 0 0 0 0 0 0 0 0 0 0 0 0 0 0 0 0 0 0 0 0 0 0 -13 -12 -12 -13 -12 -13 -11 -14 -10 -15 -10 -15 -10 -15 -10 -16 -10 -16 -10 -17 -9 -17 -10 -18 -10 -19 -11 -20 -11 -19 -12 -20 -13 -21 -14 -22 -15 -21 -16 -23 -17 -23 -19 -24 -20 -25 -22 -26 -24 -27 -27 -28 ]
CSI_DATA,STA,E4:D1:24:F0:BE:00,-58,10,0,0,0,0,0,0,0,0,0,-97,0,5,0,57218131,0,399,0,0,57.6102,128,[-113 -15 24 0 -34 -16 -33 -15 -32 -14 -31 -14 -31 -13 -30 -13 -29 -12 -28 -12 -27 -12 -26 -11 -25 -11 -24 -11 -23 -11 -21 -11 -20 -10 -19 -10 -18 -11 -17 -11 -16 -11 -15 -10 -14 -10 -13 -10 -12 -10 -12 -10 -11 -10 0 0 0 0 0 0 0 0 0 0 0 0 0 0 0 0 0 0 0 0 0 0 -16 -6 -16 -8 -15 -9 -15 -9 -15 -10 -15 -11 -14 -11 -15 -12 -14 -12 -14 -13 -14 -13 -15 -13 -15 -14 -16 -15 -16 -15 -17 -15 -18 -15 -18 -16 -20 -16 -21 -16 -22 -16 -24 -17 -26 -16 -28 -16 -30 -16 -32 -16 ]
CSI_DATA,STA,E4:D1:24:F0:BE:00,-58,10,0,0,0,0,0,0,0,0,0,-97,0,5,0,57320533,0,399,0,0,57.7125,128,[-113 -15 24 0 32 -18 32 -18 31 -18 29 -18 28 -18 28 -18 27 -17 26 -16 25 -16 25 -15 24 -15 23 -13 22 -12 21 -11 21 -10 20 -10 19 -9 19 -8 18 -7 17 -7 16 -5 16 -5 15 -4 15 -3 15 -2 0 0 0 0 0 0 0 0 0 0 0 0 0 0 0 0 0 0 0 0 0 0 14 -11 15 -9 16 -9 16 -8 17 -7 17 -6 18 -6 18 -6 18 -5 19 -5 19 -4 20 -5 20 -4 22 -5 22 -5 23 -5 23 -5 25 -6 25 -7 26 -7 27 -9 28 -10 29 -11 30 -12 32 -14 33 -16 ]
CSI_DATA,STA,E4:D1:24:F0:BE:00,-58,10,0,0,0,0,0,0,0,0,0,-97,0,5,0,57422935,0,399,0,0,57.815,128,[-113 -15 24 0 35 6 33 5 33 5 32 4 32 4 31 4 29 3 29 3 27 3 27 4 26 4 25 4 24 4 23 5 21 5 20 6 19 6 18 6 18 6 16 6 16 7 14 7 13 8 13 8 11 9 0 0 0 0 0 0 0 0 0 0 0 0 0 0 0 0 0 0 0 0 0 0 16 0 16 1 16 2 16 3 16 4 16 4 16 5 17 5 16 7 16 7 16 8 17 8 17 9 18 9 19 10 19 10 20 10 21 10 22 10 23 9 25 9 27 9 28 9 29 9 31 9 34 8 ]
CSI_DATA,STA,E4:D1:24:F0:BE:00,-57,10,0,0,0,0,0,0,0,0,0,-97,0,5,0,57525336,0,399,0,0,57.9175,128,[-113 -15 24 0 -39 3 -38 3 -37 3 -36 4 -35 4 -34 4 -33 4 -31 4 -31 3 -29 3 -29 3 -28 2 -27 2 -26 2 -24 1 -24 0 -23 0 -22 -1 -21 -2 -20 -2 -19 -3 -19 -3 -17 -4 -17 -5 -16 -6 0 0 0 0 0 0 0 0 0 0 0 0 0 0 0 0 0 0 0 0 0 0 -18 2 -18 1 -18 0 -19 -1 -19 -2 -19 -2 -19 -3 -20 -3 -20 -4 -20 -5 -20 -5 -21 -6 -21 -6 -22 -6 -23 -6 -24 -5 -25 -6 -25 -6 -27 -5 -28 -4 -29 -4 -31 -3 -32 -3 -34 -3 -36 -1 -37 -1 ]
CSI_DATA,STA,E4:D1:24:F0:BE:00,-57,10,0,0,0,0,0,0,0,0,0,-97,0,5,0,57627739,0,399,0,0,58.0199,128,[-113 -15 24 0 29 24 28 23 28 23 27 22 27 21 27 20 26 20 25 19 24 19 23 18 22 18 21 17 20 17 19 17 17 16 17 17 15 17 14 16 14 16 12 16 11 15 11 16 9 15 8 15 6 16 0 0 0 0 0 0 0 0 0 0 0 0 0 0 0 0 0 0 0 0 0 0 14 10 13 11 12 12 11 13 11 14 10 14 10 15 10 15 10 16 10 17 9 17 10 17 10 18 10 19 10 19 11 20 11 20 13 21 14 21 15 21 17 22 18 23 20 23 22 24 23 25 26 26 ]
CSI_DATA,STA,E4:D1:24:F0:BE:00,-57,10,0,0,0,0,0,0,0,0,0,-97,0,5,0,57730141,0,399,0,0,58.1223,128,[-113 -15 24 0 0 -39 -1 -37 -1 -36 -1 -36 -2 -34 -2 -34 -2 -32 -2 -32 -1 -31 -1 -30 -1 -29 -1 -27 0 -26 0 -25 1 -24 2 -23 2 -23 3 -22 3 -21 3 -20 4 -19 4 -18 5 -17 5 -16 6 -15 0 0 0 0 0 0 0 0 0 0 0 0 0 0 0 0 0 0 0 0 0 0 -1 -17 0 -17 1 -17 2 -18 2 -18 3 -18 4 -18 4 -18 4 -19 5 -19 5 -19 6 -20 7 -21 6 -21 6 -22 7 -23 7 -24 7 -25 6 -25 6 -26 6 -28 5 -30 5 -31 4 -33 4 -35 3 -37 ]
CSI_DATA,STA,E4:D1:24:F0:BE:00,-58,10,0,0,0,0,0,0,0,0,0,-97,0,5,0,57832543,0,399,0,0,58.2248,128,[-113 -15 24 0 -34 15 -33 16 -31 15 -30 15 -29 16 -28 15 -27 14 -26 15 -26 14 -25 14 -25 13 -24 12 -23 11 -22 11 -21 10 -21 9 -20 8 -20 7 -19 6 -19 6 -18 5 -18 4 -17 4 -17 3 -17 1 0 0 0 0 0 0 0 0 0 0 0 0 0 0 0 0 0 0 0 0 0 0 -16 7 -16 6 -17 5 -17 4 -18 3 -18 3 -18 3 -19 2 -19 2 -19 2 -20 1 -20 1 -21 1 -21 1 -22 1 -24 2 -24 2 -25 3 -25 4 -26 4 -27 6 -29 7 -30 8 -31 9 -32 10 -33 12 ]
CSI_DATA,STA,E4:D1:24:F0:BE:00,-58,10,0,0,0,0,0,0,0,0,0,-97,0,5,0,57934945,0,399,0,0,58.3271,128,[-113 -15 24 0 -31 -25 -30 -23 -30 -23 -29 -23 -29 -21 -28 -21 -27 -20 -26 -19 -26 -19 -25 -19 -24 -18 -22 -18 -21 -17 -20 -17 -18 -16 -18 -16 -17 -16 -16 -16 -15 -15 -14 -15 -13 -15 -13 -15 -12 -15 -10 -15 -9 -16 0 0 0 0 0 0 0 0 0 0 0 0 0 0 0 0 0 0 0 0 0 0 -15 -11 -14 -12 -13 -13 -13 -13 -12 -14 -12 -15 -12 -15 -12 -15 -12 -16 -12 -17 -12 -17 -12 -18 -12 -19 -13 -20 -13 -20 -14 -21 -14 -21 -15 -21 -16 -22 -18 -23 -19 -23 -20 -23 -22 -24 -23 -25 -26 -25 -28 -27 ]
CSI_DATA,STA,E4:D1:24:F0:BE:00,-58,10,0,0,0,0,0,0,0,0,0,-97,0,5,0,58037347,0,399,0,0,58.4294,128,[-113 -15 24 0 7 -39 6 -37 6 -37 5 -35 4 -35 5 -35 4 -33 4 -33 5 -31 5 -30 4 -29 5 -28 4 -26 5 -25 5 -23 5 -23 6 -22 6 -22 6 -21 6 -20 7 -19 6 -18 7 -17 8 -16 9 -16 0 0 0 0 0 0 0 0 0 0 0 0 0 0 0 0 0 0 0 0 0 0 3 -17 4 -16 5 -16 6 -16 6 -16 7 -16 8 -16 8 -17 8 -17 9 -17 9 -17 10 -17 11 -18 11 -18 11 -19 11 -20 11 -21 11 -22 11 -23 11 -24 10 -26 10 -28 10 -30 10 -31 10 -34 10 -36 ]
CSI_DATA,STA,E4:D1:24:F0:BE:00,-59,10,0,0,0,0,0,0,0,0,0,-97,0,5,0,58139748,0,399,0,0,58.5318,128,[-113 -15 24 0 -15 -33 -15 -31 -15 -31 -15 -30 -15 -30 -15 -28 -14 -27 -14 -27 -13 -27 -13 -25 -12 -25 -11 -24 -11 -23 -9 -22 -9 -21 -8 -21 -7 -20 -6 -20 -6 -20 -5 -19 -4 -18 -4 -18 -3 -17 -2 -17 -1 -17 0 0 0 0 0 0 0 0 0 0 0 0 0 0 0 0 0 0 0 0 0 0 -9 -15 -7 -15 -7 -16 -5 -16 -5 -17 -4 -16 -4 -17 -4 -18 -4 -18 -3 -19 -3 -18 -3 -19 -3 -20 -3 -20 -3 -21 -3 -22 -4 -22 -4 -24 -4 -24 -5 -25 -7 -26 -7 -28 -8 -29 -10 -30 -11 -31 -13 -33 ]
CSI_DATA,STA,E4:D1:24:F0:BE:00,-59,10,0,0,0,0,0,0,0,0,0,-97,0,5,0,58242150,0,399,0,0,58.6343,128,[-113 -15 24 0 31 16 32 15 30 14 30 14 30 13 29 13 28 12 27 12 25 11 25 11 24 11 23 11 22 11 20 11 19 10 18 10 17 10 16 10 15 11 15 10 14 10 13 10 12 10 11 10 11 10 0 0 0 0 0 0 0 0 0 0 0 0 0 0 0 0 0 0 0 0 0 0 16 5 15 7 15 8 14 9 14 10 14 10 14 11 14 12 14 12 13 13 14 13 14 13 14 14 15 15 15 15 15 15 17 16 17 16 18 17 19 17 21 17 23 17 23 16 26 17 28 17 29 18 ]
CSI_DATA,STA,E4:D1:24:F0:BE:00,-58,10,0,0,0,0,0,0,0,0,0,-97,0,5,0,58344552,0,399,0,0,58.7367,128,[-113 -15 24 0 14 34 15 33 15 33 14 31 15 32 14 31 13 30 13 29 11 28 11 27 10 27 9 26 8 25 7 23 6 22 5 22 5 21 4 21 4 20 3 19 2 18 2 18 1 17 -1 17 -1 17 0 0 0 0 0 0 0 0 0 0 0 0 0 0 0 0 0 0 0 0 0 0 7 14 6 14 5 14 4 15 4 15 3 15 3 16 2 16 2 17 2 17 2 17 2 18 2 19 2 20 2 21 2 21 2 22 3 23 4 24 4 25 6 26 6 27 8 28 9 30 11 32 13 34 ]
CSI_DATA,STA,E4:D1:24:F0:BE:00,-58,10,0,0,0,0,0,0,0,0,0,-97,0,5,0,58446954,0,399,0,0,58.8392,128,[-113 -15 24 0 -31 -22 -30 -20 -30 -20 -30 -19 -29 -18 -28 -17 -27 -17 -26 -16 -26 -15 -24 -15 -24 -15 -22 -15 -21 -14 -20 -14 -19 -13 -17 -13 -16 -13 -16 -12 -15 -12 -14 -12 -13 -12 -12 -11 -12 -11 -11 -11 -9 -12 0 0 0 0 0 0 0 0 0 0 0 0 0 0 0 0 0 0 0 0 0 0 -17 -9 -17 -10 -16 -12 -15 -13 -15 -13 -15 -14 -15 -14 -14 -15 -14 -15 -14 -16 -14 -16 -14 -18 -15 -18 -15 -19 -16 -20 -16 -20 -17 -20 -17 -21 -18 -21 -19 -22 -21 -22 -22 -23 -23 -23 -25 -23 -27 -24 -29 -24 ]
CSI_DATA,STA,E4:D1:24:F0:BE:00,-59,10,0,0,0,0,0,0,0,0,0,-97,0,5,0,58549355,0,399,0,0,58.9415,128,[-113 -15 24 0 -13 -35 -13 -34 -12 -33 -13 -32 -13 -31 -13 -30 -12 -29 -12 -28 -11 -28 -10 -27 -10 -25 -9 -25 -8 -24 -7 -22 -6 -21 -5 -21 -5 -21 -5 -19 -4 -19 -3 -18 -3 -18 -3 -17 -2 -16 -1 -16 0 -15 0 0 0 0 0 0 0 0 0 0 0 0 0 0 0 0 0 0 0 0 0 0 -8 -16 -7 -17 -6 -17 -5 -18 -4 -18 -4 -19 -4 -19 -3 -19 -3 -19 -2 -20 -1 -20 -1 -21 -1 -22 -1 -22 -1 -23 -2 -24 -2 -24 -2 -25 -3 -26 -3 -27 -4 -28 -5 -29 -6 -30 -7 -32 -8 -34 -9 -35 ]
CSI_DATA,STA,E4:D1:24:F0:BE:00,-59,10,0,0,0,0,0,0,0,0,0,-97,0,5,0,58651757,0,399,0,0,59.0439,128,[-113 -15 24 0 -13 36 -12 36 -11 34 -11 34 -10 33 -10 32 -10 31 -10 31 -9 29 -9 28 -9 28 -9 26 -9 25 -9 23 -9 22 -9 20 -10 20 -10 19 -10 17 -10 17 -10 16 -9 14 -9 14 -10 13 -10 12 0 0 0 0 0 0 0 0 0 0 0 0 0 0 0 0 0 0 0 0 0 0 -5 18 -7 18 -8 17 -9 17 -10 16 -11 17 -12 17 -12 16 -13 16 -13 16 -13 16 -14 17 -15 17 -15 18 -16 18 -15 19 -17 20 -16 20 -17 22 -16 23 -16 24 -17 26 -16 27 -15 30 -16 32 -16 34 ]
CSI_DATA,STA,E4:D1:24:F0:BE:00,-59,10,0,0,0,0,0,0,0,0,0,-97,0,5,0,58754159,0,399,0,0,59.1462,128,[-113 -15 24 0 31 15 30 15 31 14 30 13 30 13 29 12 28 12 27 12 26 11 25 11 24 11 23 11 21 11 20 12 19 11 18 12 17 12 16 12 15 11 14 11 13 11 12 12 12 11 10 11 9 12 0 0 0 0 0 0 0 0 0 0 0 0 0 0 0 0 0 0 0 0 0 0 17 5 16 7 16 8 15 9 15 10 15 10 15 11 15 12 15 13 14 13 14 13 15 14 14 15 15 15 15 15 15 16 16 16 17 17 18 16 19 17 20 17 22 17 23 17 25 17 27 18 29 18 ]
CSI_DATA,STA,E4:D1:24:F0:BE:00,-58,10,0,0,0,0,0,0,0,0,0,-97,0,5,0,58856560,0,399,0,0,59.2487,128,[-113 -15 24 0 35 0 34 0 33 -1 32 -2 32 -2 31 -2 30 -2 29 -2 28 -2 27 -1 26 -1 25 -1 23 0 23 0 21 0 22 1 20 2 20 2 19 2 17 3 17 3 16 3 15 4 15 4 14 5 0 0 0 0 0 0 0 0 0 0 0 0 0 0 0 0 0 0 0 0 0 0 16 -1 16 0 16 1 16 2 17 3 16 3 17 4 17 4 17 5 17 5 17 6 18 6 19 6 19 7 20 7 21 7 21 7 22 7 23 6 25 7 26 5 28 5 29 5 31 4 33 4 35 2 ]
CSI_DATA,STA,E4:D1:24:F0:BE:00,-58,10,0,0,0,0,0,0,0,0,0,-97,0,5,0,58958962,0,399,0,0,59.3511,128,[-113 -15 24 0 -20 33 -19 32 -18 31 -17 30 -16 30 -16 29 -15 27 -15 28 -15 26 -14 25 -14 24 -14 23 -14 22 -13 20 -13 19 -13 18 -13 17 -13 16 -13 15 -13 14 -12 13 -12 12 -12 11 -12 10 -12 9 0 0 0 0 0 0 0 0 0 0 0 0 0 0 0 0 0 0 0 0 0 0 -8 16 -10 15 -10 14 -11 13 -12 13 -13 13 -13 13 -14 13 -15 14 -15 13 -15 13 -16 14 -17 14 -17 15 -18 15 -18 16 -19 16 -19 18 -20 18 -20 19 -20 21 -21 22 -21 24 -21 26 -22 28 -22 30 ]
CSI_DATA,STA,E4:D1:24:F0:BE:00,-58,10,0,0,0,0,0,0,0,0,0,-97,0,5,0,59061364,0,399,0,0,59.4536,128,[-113 -15 24 0 35 -8 33 -8 32 -9 31 -9 31 -9 30 -8 29 -8 28 -8 28 -8 27 -7 26 -7 25 -6 23 -5 23 -4 22 -4 21 -3 20 -2 20 -2 19 -1 18 -1 17 0 17 1 16 2 15 2 14 4 0 0 0 0 0 0 0 0 0 0 0 0 0 0 0 0 0 0 0 0 0 0 16 -7 16 -5 17 -4 17 -3 18 -3 18 -2 18 -1 18 -1 19 0 19 0 19 1 20 1 20 1 21 1 21 2 22 1 23 1 24 1 25 1 26 0 27 -1 29 -1 29 -2 31 -3 33 -4 35 -6 ]
CSI_DATA,STA,E4:D1:24:F0:BE:00,-59,10,0,0,0,0,0,0,0,0,0,-97,0,5,0,59163766,0,399,0,0,59.556,128,[-113 -15 24 0 -25 -28 -24 -27 -24 -27 -23 -25 -23 -24 -22 -24 -21 -23 -21 -22 -20 -22 -18 -21 -18 -21 -17 -20 -16 -19 -15 -18 -14 -17 -13 -17 -12 -16 -11 -16 -11 -16 -10 -14 -9 -15 -8 -14 -7 -14 -6 -13 -6 -13 0 0 0 0 0 0 0 0 0 0 0 0 0 0 0 0 0 0 0 0 0 0 -12 -12 -11 -13 -10 -15 -9 -14 -9 -15 -9 -15 -9 -16 -8 -16 -9 -16 -8 -17 -8 -17 -8 -19 -8 -20 -9 -20 -9 -21 -10 -22 -10 -21 -11 -23 -12 -23 -13 -24 -14 -25 -16 -26 -17 -27 -18 -28 -19 -29 -21 -30 ]
CSI_DATA,STA,E4:D1:24:F0:BE:00,-58,10,0,0,0,0,0,0,0,0,0,-97,0,5,0,59266168,0,399,0,0,59.6584,128,[-113 -15 24 0 -30 24 -28 25 -27 24 -26 23 -25 23 -24 23 -23 22 -23 21 -22 21 -21 20 -21 18 -20 17 -19 16 -19 15 -18 14 -18 13 -17 12 -17 12 -16 10 -16 10 -15 9 -14 8 -14 7 -14 6 -14 5 0 0 0 0 0 0 0 0 0 0 0 0 0 0 0 0 0 0 0 0 0 0 -13 12 -14 11 -15 10 -15 10 -16 9 -16 9 -17 9 -18 9 -18 9 -18 8 -19 8 -20 8 -20 8 -22 8 -22 9 -23 10 -23 10 -24 11 -24 11 -26 13 -26 14 -27 15 -28 16 -28 18 -29 20 -30 21 ]
CSI_DATA,STA,E4:D1:24:F0:BE:00,-58,10,0,0,0,0,0,0,0,0,0,-97,0,5,0,59368570,0,399,0,0,59.7608,128,[-113 -15 24 0 37 -3 36 -3 37 -3 35 -3 34 -3 33 -3 32 -3 30 -3 30 -3 29 -2 27 -1 26 0 25 0 24 1 22 1 21 2 21 2 19 2 18 3 18 3 17 3 16 4 15 4 14 5 13 6 0 0 0 0 0 0 0 0 0 0 0 0 0 0 0 0 0 0 0 0 0 0 16 -4 16 -3 16 -2 16 -1 17 0 17 0 17 1 18 1 18 2 18 2 18 2 19 3 21 3 21 4 21 4 22 4 23 4 24 4 25 3 26 3 28 2 30 2 31 2 32 1 35 1 37 -1 ]
CSI_DATA,STA,E4:D1:24:F0:BE:00,-59,10,0,0,0,0,0,0,0,0,0,-97,0,5,0,59470972,0,399,0,0,59.8632,128,[-113 -15 24 0 -30 -20 -29 -19 -29 -18 -28 -17 -28 -17 -28 -17 -26 -16 -26 -15 -25 -15 -23 -15 -23 -15 -21 -15 -20 -14 -19 -14 -17 -13 -17 -14 -16 -13 -15 -13 -14 -13 -13 -13 -12 -13 -12 -12 -11 -12 -10 -12 -9 -12 0 0 0 0 0 0 0 0 0 0 0 0 0 0 0 0 0 0 0 0 0 0 -15 -9 -14 -10 -14 -11 -13 -12 -13 -12 -12 -13 -13 -13 -13 -14 -12 -14 -12 -15 -12 -15 -12 -16 -13 -16 -13 -17 -13 -17 -14 -18 -15 -18 -16 -19 -16 -19 -17 -19 -19 -19 -20 -20 -22 -20 -23 -20 -26 -21 -27 -21 ]
CSI_DATA,STA,E4:D1:24:F0:BE:00,-59,10,0,0,0,0,0,0,0,0,0,-97,0,5,0,59573373,0,399,0,0,59.9654,128,[-113 -15 24 0 35 -18 33 -18 33 -17 31 -17 31 -17 30 -17 29 -16 28 -16 27 -15 26 -15 26 -13 25 -13 23 -11 23 -11 21 -9 21 -9 20 -8 20 -8 19 -7 18 -6 18 -6 17 -5 16 -4 16 -3 16 -3 0 0 0 0 0 0 0 0 0 0 0 0 0 0 0 0 0 0 0 0 0 0 17 -10 17 -8 17 -7 18 -6 19 -5 19 -5 19 -4 19 -4 20 -3 20 -3 20 -3 21 -2 22 -3 23 -3 23 -3 24 -4 24 -3 26 -4 26 -5 27 -5 27 -7 30 -8 30 -9 31 -10 33 -12 35 -14 ]
CSI_DATA,STA,E4:D1:24:F0:BE:00,-58,10,0,0,0,0,0,0,0,0,0,-97,0,5,0,59675775,0,399,0,0,60.0679,128,[-113 -15 24 0 35 12 33 11 34 11 32 9 32 9 30 9 30 9 29 8 28 8 26 8 25 8 24 8 22 8 22 8 20 7 19 9 18 8 17 8 17 8 15 9 15 8 13 8 13 8 12 8 11 8 0 0 0 0 0 0 0 0 0 0 0 0 0 0 0 0 0 0 0 0 0 0 19 3 18 4 18 5 17 6 18 7 17 8 17 9 18 10 18 10 17 11 18 12 18 13 18 13 19 14 19 14 21 14 21 15 22 15 23 16 24 15 25 15 27 15 28 16 30 16 32 16 34 16 ]
CSI_DATA,STA,E4:D1:24:F0:BE:00,-58,10,0,0,0,0,0,0,0,0,0,-97,0,5,0,59778177,0,399,0,0,60.1704,128,[-113 -15 24 0 4 39 4 37 4 36 5 35 5 34 6 33 5 32 5 31 5 30 4 29 4 28 3 27 2 26 2 25 1 22 1 23 0 22 0 21 -1 20 -1 19 -2 18 -2 18 -3 17 -4 16 -5 15 0 0 0 0 0 0 0 0 0 0 0 0 0 0 0 0 0 0 0 0 0 0 2 18 1 17 0 18 -1 18 -1 18 -2 18 -2 19 -3 19 -3 20 -4 20 -4 20 -5 21 -5 22 -6 23 -6 23 -6 24 -6 25 -5 26 -5 27 -5 29 -4 30 -3 32 -3 33 -2 35 -1 36 0 38 ]
CSI_DATA,STA,E4:D1:24:F0:BE:00,-58,10,0,0,0,0,0,0,0,0,0,-97,0,5,0,59880579,0,399,0,0,60.2728,128,[-113 -15 24 0 -2 -32 -3 -31 -3 -30 -3 -29 -4 -28 -4 -28 -3 -27 -4 -26 -3 -26 -3 -24 -3 -24 -3 -22 -2 -21 -2 -20 -1 -19 -1 -18 0 -18 0 -17 0 -17 0 -16 1 -15 1 -14 2 -13 2 -13 3 -13 0 0 0 0 0 0 0 0 0 0 0 0 0 0 0 0 0 0 0 0 0 0 -2 -16 -1 -16 0 -16 1 -16 1 -16 2 -17 2 -17 3 -17 4 -17 4 -17 4 -17 5 -18 5 -18 5 -19 5 -20 5 -21 5 -21 5 -22 5 -23 4 -24 4 -25 4 -26 3 -27 3 -28 2 -30 1 -32 ]
CSI_DATA,STA,E4:D1:24:F0:BE:00,-58,10,0,0,0,0,0,0,0,0,0,-97,0,5,0,59982981,0,399,0,0,60.3752,128,[-113 -15 24 0 33 -15 32 -15 30 -15 30 -15 29 -15 29 -15 27 -14 27 -14 26 -14 25 -13 24 -12 24 -11 23 -10 22 -9 21 -8 20 -7 20 -6 19 -6 18 -5 17 -5 17 -4 16 -3 15 -2 15 -2 14 -1 0 0 0 0 0 0 0 0 0 0 0 0 0 0 0 0 0 0 0 0 0 0 15 -9 15 -8 16 -7 17 -6 17 -6 17 -5 18 -4 19 -4 19 -4 19 -3 20 -3 20 -3 21 -3 22 -3 23 -3 23 -3 24 -3 25 -4 26 -4 27 -5 28 -6 29 -7 30 -7 31 -8 33 -10 34 -12 ]
CSI_DATA,STA,E4:D1:24:F0:BE:00,-58,10,0,0,0,0,0,0,0,0,0,-97,0,5,0,60085383,0,399,0,0,60.4776,128,[-113 -15 24 0 33 10 33 9 32 7 32 7 31 7 30 7 29 6 28 6 27 6 26 6 25 7 23 6 22 7 21 7 20 7 19 8 18 8 17 8 15 8 15 7 14 7 13 7 12 8 11 8 10 8 0 0 0 0 0 0 0 0 0 0 0 0 0 0 0 0 0 0 0 0 0 0 18 2 17 4 17 5 17 5 17 7 17 7 17 8 17 8 17 9 17 9 17 11 17 11 18 11 18 12 18 12 19 12 20 12 21 13 22 13 23 13 24 13 26 12 27 12 29 12 31 12 33 11 ]
CSI_DATA,STA,E4:D1:24:F0:BE:00,-58,10,0,0,0,0,0,0,0,0,0,-97,0,5,0,60187785,0,399,0,0,60.5799,128,[-113 -15 24 0 12 -29 11 -28 11 -28 10 -27 9 -27 9 -26 8 -25 8 -25 8 -24 8 -23 8 -22 8 -21 7 -20 8 -19 8 -18 8 -17 8 -16 8 -16 8 -15 8 -14 8 -13 8 -12 8 -11 8 -11 8 -10 0 0 0 0 0 0 0 0 0 0 0 0 0 0 0 0 0 0 0 0 0 0 5 -16 6 -15 8 -15 8 -14 9 -14 9 -14 10 -14 10 -14 11 -14 11 -14 12 -13 12 -13 13 -14 13 -14 13 -14 14 -16 13 -16 14 -17 14 -17 14 -18 14 -20 14 -21 14 -22 14 -24 14 -26 14 -27 ]
CSI_DATA,STA,E4:D1:24:F0:BE:00,-58,10,0,0,0,0,0,0,0,0,0,-97,0,5,0,60290186,0,399,0,0,60.6822,128,[-113 -15 24 0 6 -38 5 -36 5 -35 5 -34 4 -33 4 -33 4 -31 3 -31 4 -30 4 -29 4 -28 5 -26 5 -25 5 -24 5 -22 6 -22 6 -20 7 -19 7 -18 6 -17 7 -16 7 -15 7 -14 7 -13 8 -12 0 0 0 0 0 0 0 0 0 0 0 0 0 0 0 0 0 0 0 0 0 0 2 -18 3 -17 4 -17 5 -17 6 -17 6 -16 7 -16 7 -17 8 -17 8 -17 9 -17 9 -17 9 -18 9 -19 10 -19 10 -21 9 -21 10 -23 10 -23 10 -24 10 -26 10 -27 9 -29 9 -31 9 -33 9 -35 ]
CSI_DATA,STA,E4:D1:24:F0:BE:00,-58,10,0,0,0,0,0,0,0,0,0,-97,0,5,0,60392588,0,399,0,0,60.7846,128,[-113 -15 24 0 2 -38 1 -36 1 -36 1 -35 0 -34 0 -34 0 -33 0 -32 0 -31 1 -30 1 -29 1 -27 1 -26 2 -25 2 -23 3 -23 4 -22 4 -21 4 -20 4 -19 4 -18 5 -17 5 -16 5 -15 7 -14 0 0 0 0 0 0 0 0 0 0 0 0 0 0 0 0 0 0 0 0 0 0 2 -18 4 -17 5 -18 6 -17 7 -18 7 -17 7 -17 8 -18 8 -17 9 -18 9 -17 10 -18 10 -18 10 -19 10 -19 10 -20 10 -21 10 -22 9 -23 9 -25 8 -26 8 -27 7 -29 7 -31 6 -33 6 -35 ]
CSI_DATA,STA,E4:D1:24:F0:BE:00,-57,10,0,0,0,0,0,0,0,0,0,-97,0,5,0,60494990,0,399,0,0,60.8872,128,[-113 -15 24 0 36 -15 35 -15 34 -15 32 -15 32 -15 31 -14 29 -13 29 -13 28 -13 27 -12 26 -11 25 -11 24 -9 24 -8 22 -7 22 -6 20 -6 20 -5 19 -4 18 -4 18 -3 16 -2 15 -2 15 -1 15 1 0 0 0 0 0 0 0 0 0 0 0 0 0 0 0 0 0 0 0 0 0 0 15 -8 16 -7 17 -6 17 -6 17 -5 18 -4 18 -4 19 -4 19 -3 19 -3 19 -3 21 -2 21 -2 22 -2 23 -2 24 -2 24 -3 25 -3 26 -4 27 -4 28 -6 30 -7 31 -8 32 -9 34 -10 36 -12 ]
CSI_DATA,STA,E4:D1:24:F0:BE:00,-58,10,0,0,0,0,0,0,0,0,0,-97,0,5,0,60597394,0,399,0,0,60.9896,128,[-113 -15 24 0 -31 -18 -31 -17 -30 -17 -29 -16 -29 -15 -28 -15 -27 -15 -27 -14 -25 -14 -25 -14 -24 -14 -22 -14 -21 -13 -20 -13 -18 -13 -18 -13 -16 -13 -16 -13 -15 -13 -14 -13 -13 -12 -12 -12 -11 -12 -10 -12 -9 -12 0 0 0 0 0 0 0 0 0 0 0 0 0 0 0 0 0 0 0 0 0 0 -17 -8 -16 -9 -15 -10 -15 -11 -15 -12 -14 -12 -14 -13 -14 -14 -14 -15 -14 -15 -13 -15 -14 -16 -14 -17 -14 -17 -14 -17 -15 -18 -16 -18 -16 -19 -17 -19 -18 -19 -20 -19 -21 -19 -23 -19 -25 -19 -26 -20 -28 -20 ]
CSI_DATA,STA,E4:D1:24:F0:BE:00,-58,10,0,0,0,0,0,0,0,0,0,-97,0,5,0,60699796,0,399,0,0,61.092,128,[-113 -15 24 0 36 -4 34 -5 34 -5 32 -6 32 -6 31 -6 30 -6 29 -6 28 -6 27 -5 26 -5 25 -4 24 -4 23 -3 21 -3 21 -2 20 -1 20 -1 19 -1 18 0 17 0 16 1 16 2 15 2 15 3 0 0 0 0 0 0 0 0 0 0 0 0 0 0 0 0 0 0 0 0 0 0 18 -3 18 -2 18 0 18 0 18 1 18 2 19 3 19 3 19 4 19 4 19 5 20 5 21 5 21 6 21 6 22 5 23 5 24 5 24 5 26 4 27 4 29 3 30 2 31 1 33 0 35 0 ]
CSI_DATA,STA,E4:D1:24:F0:BE:00,-58,10,0,0,0,0,0,0,0,0,0,-97,0,5,0,60802198,0,399,0,0,61.1944,128,[-113 -15 24 0 -24 23 -24 24 -22 23 -22 22 -20 23 -20 22 -19 21 -18 20 -18 19 -18 18 -17 17 -17 16 -16 16 -15 14 -15 13 -14 13 -14 12 -14 11 -13 10 -13 10 -13 9 -12 8 -13 7 -12 7 -12 6 0 0 0 0 0 0 0 0 0 0 0 0 0 0 0 0 0 0 0 0 0 0 -11 13 -12 12 -13 11 -13 10 -14 10 -15 10 -15 10 -16 10 -16 9 -17 9 -17 9 -18 9 -18 8 -19 9 -20 9 -20 9 -20 10 -21 11 -21 12 -22 12 -22 14 -22 15 -23 16 -24 17 -24 19 -25 22 ]
CSI_DATA,STA,E4:D1:24:F0:BE:00,-58,10,0,0,0,0,0,0,0,0,0,-97,0,5,0,60904600,0,399,0,0,61.2968,128,[-113 -15 24 0 -27 15 -26 16 -24 15 -24 15 -23 15 -23 15 -22 14 -22 14 -20 14 -20 13 -20 12 -19 12 -19 11 -18 10 -18 9 -17 8 -17 7 -16 7 -15 6 -15 5 -14 4 -14 4 -13 3 -12 2 -12 2 0 0 0 0 0 0 0 0 0 0 0 0 0 0 0 0 0 0 0 0 0 0 -13 9 -14 8 -14 7 -15 6 -15 5 -16 5 -16 5 -17 4 -17 4 -17 4 -17 3 -18 4 -19 3 -19 3 -20 4 -20 4 -21 4 -21 5 -22 5 -22 5 -23 7 -24 8 -24 9 -26 10 -26 12 -27 14 ]
CSI_DATA,STA,E4:D1:24:F0:BE:00,-58,10,0,0,0,0,0,0,0,0,0,-97,0,5,0,61007001,0,399,0,0,61.399,128,[-113 -15 24 0 -16 -36 -16 -34 -15 -34 -15 -32 -16 -30 -15 -30 -14 -29 -14 -28 -13 -28 -12 -27 -11 -25 -10 -24 -10 -23 -9 -23 -8 -21 -8 -21 -7 -19 -6 -19 -6 -18 -5 -18 -5 -17 -4 -16 -3 -16 -2 -15 -2 -15 0 0 0 0 0 0 0 0 0 0 0 0 0 0 0 0 0 0 0 0 0 0 -10 -17 -9 -17 -8 -18 -7 -18 -6 -19 -5 -19 -5 -19 -5 -20 -4 -21 -4 -21 -3 -21 -3 -22 -3 -23 -3 -23 -3 -24 -3 -25 -4 -25 -4 -27 -5 -26 -6 -28 -7 -29 -8 -31 -9 -32 -10 -33 -11 -35 -12 -36 ]
CSI_DATA,STA,E4:D1:24:F0:BE:00,-59,10,0,0,0,0,0,0,0,0,0,-97,0,5,0,61109403,0,399,0,0,61.5014,128,[-113 -15 24 0 30 21 29 21 29 20 28 19 28 18 27 18 26 17 25 17 24 16 23 16 22 16 21 15 19 15 18 14 17 14 17 14 15 14 14 14 13 13 12 13 12 12 11 12 10 12 9 13 7 13 0 0 0 0 0 0 0 0 0 0 0 0 0 0 0 0 0 0 0 0 0 0 14 8 14 9 13 10 12 11 12 12 12 13 12 13 12 13 12 14 12 15 11 15 12 16 12 17 12 17 13 17 13 18 14 18 15 19 16 19 18 20 19 20 21 21 21 21 24 22 26 23 28 23 ]
CSI_DATA,STA,E4:D1:24:F0:BE:00,-58,10,0,0,0,0,0,0,0,0,0,-97,0,5,0,61211805,0,399,0,0,61.604,128,[-113 -15 24 0 31 -17 30 -17 29 -17 28 -16 27 -16 27 -16 25 -15 25 -15 23 -14 23 -14 22 -13 21 -12 21 -11 19 -10 19 -9 18 -8 18 -8 17 -7 17 -7 15 -6 15 -5 14 -4 14 -4 14 -3 13 -2 0 0 0 0 0 0 0 0 0 0 0 0 0 0 0 0 0 0 0 0 0 0 13 -11 14 -9 14 -8 15 -8 15 -7 16 -7 16 -6 17 -6 17 -5 17 -5 17 -5 19 -5 19 -5 20 -5 21 -5 21 -5 22 -6 23 -6 24 -7 25 -7 25 -9 27 -9 27 -11 28 -12 30 -13 31 -15 ]
CSI_DATA,STA,E4:D1:24:F0:BE:00,-57,10,0,0,0,0,0,0,0,0,0,-97,0,5,0,61314207,0,399,0,0,61.7064,128,[-113 -15 24 0 -31 21 -29 22 -27 21 -26 20 -26 20 -25 20 -24 19 -24 19 -22 18 -21 18 -21 17 -21 16 -20 15 -20 14 -19 12 -18 11 -18 11 -18 10 -18 8 -17 8 -17 7 -16 6 -15 5 -15 4 -15 3 0 0 0 0 0 0 0 0 0 0 0 0 0 0 0 0 0 0 0 0 0 0 -13 13 -14 12 -15 11 -16 10 -16 9 -17 9 -18 8 -18 8 -19 8 -19 8 -19 7 -20 7 -21 7 -22 7 -22 7 -23 8 -24 9 -24 9 -25 10 -26 10 -26 12 -28 13 -28 15 -28 16 -29 18 -31 20 ]
CSI_DATA,STA,E4:D1:24:F0:BE:00,-58,10,0,0,0,0,0,0,0,0,0,-97,0,5,0,61416609,0,399,0,0,61.8088,128,[-113 -15 24 0 17 36 17 34 18 32 17 32 17 31 15 30 16 29 15 28 14 27 14 27 13 25 12 24 11 23 10 22 9 21 9 21 7 20 7 20 5 19 5 18 4 17 4 17 2 16 2 15 0 15 0 0 0 0 0 0 0 0 0 0 0 0 0 0 0 0 0 0 0 0 0 0 9 15 7 16 7 17 6 17 5 18 4 18 3 19 4 19 3 19 3 20 3 20 3 21 3 22 3 22 3 23 3 24 4 25 4 26 5 27 6 28 7 29 8 30 9 31 12 32 13 35 14 36 ]
CSI_DATA,STA,E4:D1:24:F0:BE:00,-58,10,0,0,0,0,0,0,0,0,0,-97,0,5,0,61519011,0,399,0,0,61.9112,128,[-113 -15 24 0 21 26 21 25 21 24 20 23 21 22 20 22 20 20 19 20 18 19 17 19 16 18 15 18 14 17 14 16 12 15 12 16 11 15 9 15 9 14 8 14 8 13 6 13 5 12 5 12 3 11 0 0 0 0 0 0 0 0 0 0 0 0 0 0 0 0 0 0 0 0 0 0 12 11 11 12 10 13 9 14 9 15 9 15 8 16 8 16 8 17 7 17 7 18 7 18 7 19 7 20 7 19 8 21 8 21 9 22 10 22 10 23 12 23 13 24 14 25 16 26 18 27 20 27 ]
CSI_DATA,STA,E4:D1:24:F0:BE:00,-59,10,0,0,0,0,0,0,0,0,0,-97,0,5,0,61621412,0,399,0,0,62.0136,128,[-113 -15 24 0 33 14 32 14 32 12 31 12 30 11 29 11 28 10 27 10 26 9 25 9 24 9 23 9 21 9 20 9 19 9 17 10 17 9 16 9 15 9 14 9 13 9 12 9 11 9 10 9 9 9 0 0 0 0 0 0 0 0 0 0 0 0 0 0 0 0 0 0 0 0 0 0 18 3 18 5 17 6 17 7 17 8 17 8 17 10 17 10 17 11 17 11 16 12 17 12 17 13 18 14 18 14 19 15 19 15 20 15 21 16 22 16 24 16 25 16 26 16 29 16 30 16 32 15 ]
CSI_DATA,STA,E4:D1:24:F0:BE:00,-58,10,0,0,0,0,0,0,0,0,0,-97,0,5,0,61723814,0,399,0,0,62.116,128,[-113 -15 24 0 -21 32 -20 31 -18 30 -17 29 -16 29 -16 28 -15 27 -14 27 -14 25 -14 25 -13 23 -13 22 -13 21 -12 20 -12 18 -12 18 -12 17 -12 16 -12 15 -12 14 -11 13 -11 12 -11 11 -12 10 -12 9 0 0 0 0 0 0 0 0 0 0 0 0 0 0 0 0 0 0 0 0 0 0 -8 18 -10 17 -11 16 -12 15 -13 15 -13 15 -14 15 -15 14 -15 15 -16 14 -16 14 -17 14 -18 14 -18 15 -19 15 -20 17 -20 17 -20 17 -21 18 -21 19 -21 21 -21 22 -22 24 -22 26 -22 28 -23 29 ]
CSI_DATA,STA,E4:D1:24:F0:BE:00,-58,10,0,0,0,0,0,0,0,0,0,-97,0,5,0,61826216,0,399,0,0,62.2183,128,[-113 -15 24 0 7 -38 6 -36 6 -35 5 -34 5 -33 4 -32 4 -31 4 -30 4 -29 4 -28 4 -26 4 -25 4 -24 5 -23 4 -21 4 -20 4 -19 5 -18 5 -17 5 -16 5 -15 5 -15 5 -13 5 -13 5 -13 0 0 0 0 0 0 0 0 0 0 0 0 0 0 0 0 0 0 0 0 0 0 0 -18 1 -17 2 -18 3 -18 4 -18 4 -18 5 -18 5 -19 7 -19 7 -19 7 -19 8 -20 9 -21 9 -22 9 -22 10 -23 10 -24 11 -25 10 -26 11 -27 10 -28 11 -30 10 -31 10 -33 10 -35 10 -36 ]
CSI_DATA,STA,E4:D1:24:F0:BE:00,-59,10,0,0,0,0,0,0,0,0,0,-97,0,5,0,61928618,0,399,0,0,62.3208,128,[-113 -15 24 0 -14 34 -13 32 -13 32 -11 30 -11 30 -11 29 -11 27 -11 27 -10 26 -10 25 -9 24 -10 22 -10 21 -10 20 -10 17 -10 18 -10 16 -10 16 -10 15 -10 14 -10 14 -9 12 -10 11 -11 10 -10 12 0 0 0 0 0 0 0 0 0 0 0 0 0 0 0 0 0 0 0 0 0 0 -5 17 -6 16 -7 16 -8 14 -8 15 -8 15 -10 15 -10 15 -10 15 -11 15 -12 15 -12 16 -12 16 -13 17 -13 17 -14 19 -14 18 -14 20 -14 21 -14 21 -15 23 -15 25 -15 27 -14 28 -14 30 -15 32 ]
CSI_DATA,STA,E4:D1:24:F0:BE:00,-59,10,0,0,0,0,0,0,0,0,0,-97,0,5,0,62031020,0,399,0,0,62.4232,128,[-113 -15 24 0 -32 -27 -32 -26 -31 -25 -30 -24 -30 -23 -29 -23 -27 -22 -26 -22 -26 -21 -25 -20 -24 -20 -22 -19 -21 -19 -19 -18 -18 -17 -16 -18 -15 -17 -14 -17 -13 -16 -12 -16 -11 -16 -11 -14 -9 -14 -9 -14 -7 -14 0 0 0 0 0 0 0 0 0 0 0 0 0 0 0 0 0 0 0 0 0 0 -16 -11 -15 -12 -14 -13 -14 -13 -13 -14 -13 -15 -12 -15 -13 -16 -12 -16 -13 -17 -13 -17 -13 -18 -13 -18 -14 -19 -14 -20 -15 -21 -16 -21 -17 -22 -18 -23 -19 -24 -21 -24 -22 -25 -24 -25 -26 -26 -28 -27 -31 -27 ]
CSI_DATA,STA,E4:D1:24:F0:BE:00,-59,10,0,0,0,0,0,0,0,0,0,-97,0,5,0,62133422,0,399,0,0,62.5256,128,[-113 -15 24 0 -37 -7 -35 -6 -34 -7 -34 -7 -33 -6 -32 -5 -31 -5 -30 -5 -29 -6 -28 -6 -27 -6 -26 -6 -24 -6 -23 -6 -22 -6 -21 -7 -20 -7 -20 -7 -19 -7 -17 -7 -17 -7 -16 -7 -15 -8 -14 -8 -13 -9 0 0 0 0 0 0 0 0 0 0 0 0 0 0 0 0 0 0 0 0 0 0 -17 -4 -16 -5 -15 -6 -16 -7 -16 -7 -15 -8 -16 -8 -16 -9 -16 -9 -16 -9 -16 -10 -16 -11 -17 -11 -17 -11 -18 -11 -19 -11 -19 -11 -20 -12 -21 -11 -23 -11 -24 -10 -26 -11 -27 -10 -29 -11 -32 -10 -34 -10 ]
CSI_DATA,STA,E4:D1:24:F0:BE:00,-58,10,0,0,0,0,0,0,0,0,0,-97,0,5,0,62235824,0,399,0,0,62.628,128,[-113 -15 24 0 -35 -12 -34 -12 -33 -10 -32 -10 -32 -9 -31 -9 -30 -8 -29 -8 -28 -9 -27 -9 -26 -9 -25 -9 -24 -9 -22 -9 -21 -9 -20 -9 -19 -9 -18 -9 -17 -9 -16 -9 -15 -9 -14 -9 -13 -9 -12 -10 -11 -10 0 0 0 0 0 0 0 0 0 0 0 0 0 0 0 0 0 0 0 0 0 0 -16 -4 -16 -6 -16 -7 -16 -7 -16 -8 -16 -9 -16 -9 -16 -10 -16 -10 -16 -11 -16 -11 -16 -12 -17 -13 -18 -13 -18 -13 -19 -14 -20 -14 -20 -15 -22 -14 -22 -14 -24 -14 -26 -14 -27 -14 -29 -14 -31 -14 -33 -14 ]
CSI_DATA,STA,E4:D1:24:F0:BE:00,-58,10,0,0,0,0,0,0,0,0,0,-97,0,5,0,62338225,0,399,0,0,62.7304,128,[-113 -15 24 0 23 -23 22 -22 21 -22 20 -22 19 -21 19 -21 18 -20 17 -20 18 -20 17 -19 16 -17 16 -17 15 -16 15 -15 14 -14 14 -13 14 -12 14 -12 13 -11 13 -10 13 -9 12 -9 12 -8 12 -7 12 -6 0 0 0 0 0 0 0 0 0 0 0 0 0 0 0 0 0 0 0 0 0 0 10 -12 11 -11 12 -11 12 -10 13 -10 14 -9 14 -9 15 -9 15 -9 16 -8 16 -8 17 -8 18 -8 18 -8 19 -8 19 -9 19 -9 20 -10 20 -11 21 -11 21 -12 22 -14 22 -15 23 -16 24 -18 25 -20 ]
CSI_DATA,STA,E4:D1:24:F0:BE:00,-57,10,0,0,0,0,0,0,0,0,0,-97,0,5,0,62440627,0,399,0,0,62.8328,128,[-113 -15 24 0 -40 -1 -38 0 -37 0 -35 0 -35 0 -34 1 -33 1 -31 1 -30 0 -29 0 -28 0 -27 -1 -26 -1 -24 -1 -23 -2 -22 -3 -21 -3 -20 -3 -19 -3 -18 -4 -17 -4 -16 -4 -15 -5 -15 -5 -14 -5 0 0 0 0 0 0 0 0 0 0 0 0 0 0 0 0 0 0 0 0 0 0 -19 4 -19 2 -20 1 -20 0 -21 -1 -21 -2 -22 -2 -22 -3 -22 -4 -23 -4 -22 -6 -23 -6 -24 -7 -25 -8 -26 -8 -26 -8 -27 -8 -28 -8 -29 -8 -30 -8 -31 -7 -32 -6 -34 -6 -35 -6 -37 -5 -39 -4 ]
CSI_DATA,STA,E4:D1:24:F0:BE:00,-57,10,0,0,0,0,0,0,0,0,0,-97,0,5,0,62543030,0,399,0,0,62.9351,128,[-113 -15 24 0 38 -6 37 -6 36 -6 35 -6 34 -6 33 -6 33 -5 31 -6 30 -5 29 -5 28 -3 27 -3 25 -2 25 -2 23 -1 22 -1 21 0 20 1 20 2 18 2 17 2 16 3 15 3 14 3 13 5 0 0 0 0 0 0 0 0 0 0 0 0 0 0 0 0 0 0 0 0 0 0 17 -6 17 -4 17 -3 17 -2 18 -1 19 0 19 0 19 1 20 1 20 2 20 3 21 3 22 3 23 4 23 4 24 4 25 3 26 3 27 3 28 2 29 2 31 1 32 1 34 0 36 -1 38 -2 ]
CSI_DATA,STA,E4:D1:24:F0:BE:00,-58,10,0,0,0,0,0,0,0,0,0,-97,0,5,0,62645432,0,399,0,0,63.0375,128,[-113 -15 24 0 0 -38 -1 -37 -1 -35 -1 -34 -2 -33 -2 -32 -2 -31 -3 -30 -2 -29 -2 -28 -2 -27 -1 -26 -1 -25 0 -24 0 -22 0 -21 1 -21 1 -20 2 -19 2 -18 2 -17 2 -16 3 -15 4 -14 4 -13 0 0 0 0 0 0 0 0 0 0 0 0 0 0 0 0 0 0 0 0 0 0 -3 -18 -1 -18 0 -19 1 -19 2 -19 2 -19 2 -20 3 -20 4 -20 4 -20 5 -21 6 -21 6 -22 7 -22 7 -23 7 -24 7 -25 7 -26 6 -27 6 -28 5 -29 5 -30 4 -31 4 -33 4 -35 4 -38 ]
CSI_DATA,STA,E4:D1:24:F0:BE:00,-58,10,0,0,0,0,0,0,0,0,0,-97,0,5,0,62747834,0,399,0,0,63.14,128,[-113 -15 24 0 -22 -30 -22 -29 -21 -28 -21 -28 -21 -26 -20 -26 -19 -25 -19 -25 -17 -24 -17 -24 -16 -23 -15 -22 -14 -22 -13 -21 -11 -20 -10 -19 -9 -19 -9 -18 -8 -17 -7 -17 -7 -16 -6 -16 -5 -15 -4 -15 -3 -14 0 0 0 0 0 0 0 0 0 0 0 0 0 0 0 0 0 0 0 0 0 0 -12 -13 -12 -14 -11 -14 -10 -15 -9 -15 -9 -16 -9 -17 -9 -17 -8 -18 -8 -18 -7 -19 -7 -20 -8 -20 -8 -21 -8 -21 -8 -22 -9 -23 -9 -23 -10 -24 -11 -24 -13 -25 -14 -27 -14 -27 -16 -29 -17 -30 -19 -31 ]
CSI_DATA,STA,E4:D1:24:F0:BE:00,-58,10,0,0,0,0,0,0,0,0,0,-97,0,5,0,62850236,0,399,0,0,63.2425,128,[-113 -15 24 0 17 36 17 34 17 33 16 32 16 32 15 31 15 30 14 29 14 28 14 27 13 26 12 25 11 25 9 23 8 22 8 21 7 21 5 20 5 20 4 19 3 18 3 17 2 17 2 17 0 16 0 0 0 0 0 0 0 0 0 0 0 0 0 0 0 0 0 0 0 0 0 0 10 15 9 16 8 16 7 17 6 18 6 18 5 19 5 20 4 20 4 20 4 20 4 22 4 23 4 23 4 24 3 24 4 26 4 26 5 27 5 29 7 29 8 30 9 31 11 32 12 34 14 36 ]
CSI_DATA,STA,E4:D1:24:F0:BE:00,-58,10,0,0,0,0,0,0,0,0,0,-97,0,5,0,62952638,0,399,0,0,63.3448,128,[-113 -15 24 0 18 35 18 34 18 33 18 32 19 31 18 30 17 29 16 28 15 28 15 27 14 26 13 25 11 24 10 24 9 22 8 23 7 22 6 21 5 20 5 19 4 18 3 17 2 17 1 16 -1 16 0 0 0 0 0 0 0 0 0 0 0 0 0 0 0 0 0 0 0 0 0 0 10 15 8 16 7 17 6 17 5 17 5 18 4 19 4 19 4 19 4 20 3 20 4 20 4 21 4 22 3 23 4 24 4 24 5 25 6 26 7 27 8 28 9 29 10 30 12 32 14 33 16 34 ]
CSI_DATA,STA,E4:D1:24:F0:BE:00,-57,10,0,0,0,0,0,0,0,0,0,-97,0,5,0,63055039,0,399,0,0,63.4472,128,[-113 -15 24 0 32 19 30 17 30 17 29 16 29 16 29 15 28 16 27 15 26 14 25 14 24 14 23 14 21 14 20 14 18 13 18 14 16 13 16 13 15 13 14 13 13 13 11 13 11 12 9 13 8 12 0 0 0 0 0 0 0 0 0 0 0 0 0 0 0 0 0 0 0 0 0 0 14 8 13 9 13 10 12 10 12 11 12 11 12 12 12 13 12 13 12 14 12 14 12 15 12 15 13 16 13 17 14 17 14 17 16 18 16 18 18 18 19 18 21 19 22 19 24 19 26 20 28 20 ]
CSI_DATA,STA,E4:D1:24:F0:BE:00,-58,10,0,0,0,0,0,0,0,0,0,-97,0,5,0,63157441,0,399,0,0,63.5496,128,[-113 -15 24 0 -27 -24 -26 -23 -26 -23 -25 -21 -25 -20 -26 -19 -24 -19 -24 -18 -23 -19 -22 -18 -21 -17 -20 -17 -19 -16 -18 -16 -16 -15 -16 -16 -14 -16 -14 -16 -13 -15 -12 -15 -11 -14 -10 -14 -9 -14 -8 -13 -7 -14 0 0 0 0 0 0 0 0 0 0 0 0 0 0 0 0 0 0 0 0 0 0 -13 -11 -12 -12 -12 -12 -11 -13 -11 -14 -11 -14 -11 -15 -11 -15 -11 -16 -10 -17 -10 -17 -10 -18 -10 -19 -11 -20 -11 -20 -12 -21 -12 -20 -12 -22 -13 -22 -14 -22 -16 -23 -18 -23 -19 -24 -20 -24 -22 -25 -24 -26 ]
CSI_DATA,STA,E4:D1:24:F0:BE:00,-57,10,0,0,0,0,0,0,0,0,0,-97,0,5,0,63259843,0,399,0,0,63.6519,128,[-113 -15 24 0 30 -22 29 -22 28 -21 27 -21 26 -20 25 -20 24 -19 24 -19 23 -19 22 -18 21 -17 20 -16 20 -15 19 -14 19 -13 18 -12 18 -11 17 -10 17 -10 16 -9 15 -8 15 -7 14 -6 14 -5 14 -4 0 0 0 0 0 0 0 0 0 0 0 0 0 0 0 0 0 0 0 0 0 0 12 -12 13 -10 14 -9 15 -9 15 -8 16 -8 16 -8 17 -8 18 -7 18 -7 18 -6 19 -7 20 -7 21 -7 21 -7 22 -8 23 -8 24 -8 24 -10 25 -10 26 -12 27 -13 27 -15 28 -16 30 -18 31 -20 ]
CSI_DATA,STA,E4:D1:24:F0:BE:00,-57,10,0,0,0,0,0,0,0,0,0,-97,0,5,0,63362245,0,399,0,0,63.7543,128,[-113 -15 24 0 37 -7 36 -7 35 -7 34 -7 33 -7 32 -7 31 -6 30 -7 29 -6 28 -5 26 -5 26 -4 24 -4 23 -3 22 -3 21 -2 21 -2 19 -1 19 0 17 0 17 1 15 1 15 1 14 2 14 2 0 0 0 0 0 0 0 0 0 0 0 0 0 0 0 0 0 0 0 0 0 0 16 -6 16 -5 17 -4 17 -3 17 -2 18 -2 18 -1 19 -1 19 0 19 0 20 1 21 1 21 2 22 2 23 2 24 2 25 1 26 1 27 1 28 0 29 0 31 -1 32 -1 34 -2 36 -3 38 -5 ]
CSI_DATA,STA,E4:D1:24:F0:BE:00,-57,10,0,0,0,0,0,0,0,0,0,-97,0,5,0,63464647,0,399,0,0,63.8568,128,[-113 -15 24 0 -39 11 -38 10 -37 11 -35 11 -35 11 -34 11 -32 11 -31 11 -30 10 -30 9 -28 8 -28 7 -26 7 -25 6 -24 5 -24 4 -23 3 -22 3 -21 2 -20 1 -20 1 -18 -1 -18 -1 -17 -2 -16 -3 0 0 0 0 0 0 0 0 0 0 0 0 0 0 0 0 0 0 0 0 0 0 -16 7 -17 6 -18 5 -18 4 -19 4 -19 3 -20 3 -21 2 -21 2 -22 1 -22 0 -23 0 -24 -1 -25 -1 -25 0 -27 -1 -27 0 -28 0 -29 1 -30 2 -31 3 -32 3 -34 4 -36 5 -38 6 -40 7 ]
CSI_DATA,STA,E4:D1:24:F0:BE:00,-57,10,0,0,0,0,0,0,0,0,0,-97,0,5,0,63567049,0,399,0,0,63.9592,128,[-113 -15 24 0 18 -32 16 -31 16 -30 15 -29 14 -29 13 -28 13 -27 12 -26 12 -26 11 -24 11 -23 11 -22 10 -21 10 -20 10 -19 10 -18 10 -17 10 -17 10 -15 10 -14 10 -14 9 -12 9 -12 10 -11 10 -10 0 0 0 0 0 0 0 0 0 0 0 0 0 0 0 0 0 0 0 0 0 0 5 -16 6 -15 7 -15 8 -15 9 -15 10 -15 10 -15 11 -15 12 -15 12 -15 13 -15 14 -15 15 -16 16 -16 16 -17 16 -18 17 -18 18 -19 18 -20 18 -21 18 -22 19 -24 19 -25 20 -26 20 -28 21 -30 ]
CSI_DATA,STA,E4:D1:24:F0:BE:00,-58,10,0,0,0,0,0,0,0,0,0,-97,0,5,0,63669451,0,399,0,0,64.0616,128,[-113 -15 24 0 -27 20 -25 20 -23 20 -23 19 -22 19 -21 19 -20 18 -20 18 -19 17 -19 16 -18 16 -17 15 -17 14 -16 14 -16 12 -16 12 -15 11 -15 11 -15 9 -14 9 -14 8 -14 7 -14 6 -14 6 -13 4 0 0 0 0 0 0 0 0 0 0 0 0 0 0 0 0 0 0 0 0 0 0 -11 10 -12 9 -13 9 -14 8 -14 8 -15 8 -16 7 -16 7 -16 7 -17 7 -17 6 -18 6 -19 6 -19 6 -19 6 -20 7 -20 7 -22 8 -21 9 -22 10 -23 10 -24 12 -25 13 -25 14 -26 16 -27 17 ]
CSI_DATA,STA,E4:D1:24:F0:BE:00,-57,10,0,0,0,0,0,0,0,0,0,-97,0,5,0,63771852,0,399,0,0,64.164,128,[-113 -15 24 0 39 -1 38 -1 37 -2 36 -3 35 -3 34 -3 33 -3 32 -4 31 -3 30 -3 29 -2 28 -2 26 -1 26 -1 24 0 24 0 23 1 22 1 21 2 20 2 19 3 18 3 17 4 16 4 16 6 0 0 0 0 0 0 0 0 0 0 0 0 0 0 0 0 0 0 0 0 0 0 18 -4 18 -2 18 -1 18 0 19 1 19 1 20 2 20 3 20 3 20 4 21 5 21 6 22 6 23 6 23 7 24 7 25 7 26 7 28 6 29 6 30 5 31 5 33 5 35 4 37 4 39 2 ]
CSI_DATA,STA,E4:D1:24:F0:BE:00,-58,10,0,0,0,0,0,0,0,0,0,-97,0,5,0,63874254,0,399,0,0,64.2665,128,[-113 -15 24 0 -36 20 -33 19 -32 19 -31 18 -30 19 -29 18 -28 17 -27 18 -27 17 -26 15 -25 14 -23 13 -22 13 -22 13 -20 11 -21 10 -20 10 -19 9 -19 8 -18 8 -18 6 -17 6 -16 4 -16 4 -15 3 0 0 0 0 0 0 0 0 0 0 0 0 0 0 0 0 0 0 0 0 0 0 -15 9 -15 8 -16 7 -16 6 -17 6 -17 5 -18 6 -19 5 -19 6 -20 4 -21 4 -21 5 -22 5 -22 4 -23 4 -25 6 -25 6 -27 7 -27 7 -29 9 -29 9 -30 11 -32 12 -33 12 -35 14 -36 16 ]
CSI_DATA,STA,E4:D1:24:F0:BE:00,-57,10,0,0,0,0,0,0,0,0,0,-97,0,5,0,64079058,0,399,0,0,64.4713,128,[-113 -15 24 0 38 4 36 3 36 3 34 2 33 1 32 1 31 1 29 1 29 2 27 1 27 1 26 2 24 2 24 2 22 3 21 3 20 3 19 4 19 4 17 4 16 4 16 5 15 5 14 5 13 6 0 0 0 0 0 0 0 0 0 0 0 0 0 0 0 0 0 0 0 0 0 0 18 -3 18 -1 18 0 18 1 19 2 19 3 19 4 20 5 20 5 20 6 20 7 21 7 21 8 22 8 22 9 24 9 24 9 25 8 26 9 28 9 29 8 31 8 32 8 34 8 35 8 37 7 ]
CSI_DATA,STA,E4:D1:24:F0:BE:00,-58,10,0,0,0,0,0,0,0,0,0,-97,0,5,0,64181460,0,399,0,0,64.5736,128,[-113 -15 24 0 36 7 33 6 35 7 32 6 32 5 30 4 29 4 28 4 28 5 27 5 26 6 24 5 22 5 23 6 20 5 20 7 19 7 18 6 17 7 16 7 15 7 15 7 13 8 11 9 13 8 0 0 0 0 0 0 0 0 0 0 0 0 0 0 0 0 0 0 0 0 0 0 16 0 15 0 16 2 15 3 16 3 16 4 16 4 16 5 17 5 18 7 17 8 18 8 18 8 19 9 19 8 21 9 21 9 23 10 23 9 25 9 26 9 28 9 30 10 30 10 33 10 35 9 ]
CSI_DATA,STA,E4:D1:24:F0:BE:00,-57,10,0,0,0,0,0,0,0,0,0,-97,0,5,0,64283862,0,399,0,0,64.6761,128,[-113 -15 24 0 32 19 30 18 30 18 29 17 28 17 27 16 26 15 26 15 24 15 23 14 23 14 21 14 20 13 19 13 17 12 17 13 15 13 14 12 14 12 13 12 12 12 11 12 10 11 10 11 8 12 0 0 0 0 0 0 0 0 0 0 0 0 0 0 0 0 0 0 0 0 0 0 17 6 16 7 15 8 15 9 16 10 15 11 15 12 15 12 15 13 15 14 14 14 15 15 15 16 15 17 16 17 16 17 17 18 18 18 19 18 20 19 21 19 23 20 24 20 26 20 28 21 30 22 ]
CSI_DATA,STA,E4:D1:24:F0:BE:00,-58,10,0,0,0,0,0,0,0,0,0,-97,0,5,0,64386263,0,399,0,0,64.7785,128,[-113 -15 24 0 -37 15 -35 16 -34 16 -33 15 -31 15 -31 15 -29 14 -28 15 -27 14 -26 13 -26 12 -25 11 -24 10 -22 10 -22 9 -21 9 -20 8 -20 7 -19 6 -19 6 -18 5 -17 4 -17 4 -16 3 -17 2 0 0 0 0 0 0 0 0 0 0 0 0 0 0 0 0 0 0 0 0 0 0 -18 9 -18 7 -19 7 -19 6 -20 5 -20 5 -21 4 -21 4 -22 3 -22 2 -22 2 -23 1 -24 2 -25 2 -26 1 -27 2 -27 3 -28 3 -29 3 -29 4 -30 5 -32 6 -33 7 -33 9 -36 10 -37 11 ]
CSI_DATA,STA,E4:D1:24:F0:BE:00,-57,10,0,0,0,0,0,0,0,0,0,-97,0,5,0,64488665,0,399,0,0,64.8809,128,[-113 -15 24 0 -38 -2 -37 -2 -36 -1 -36 -1 -35 0 -34 -1 -33 0 -32 0 -31 0 -30 -1 -30 -1 -29 -2 -28 -2 -26 -2 -25 -3 -24 -3 -23 -4 -22 -4 -21 -5 -21 -5 -19 -6 -19 -6 -18 -6 -17 -7 -16 -8 0 0 0 0 0 0 0 0 0 0 0 0 0 0 0 0 0 0 0 0 0 0 -19 0 -19 -2 -18 -3 -18 -4 -18 -5 -19 -5 -18 -6 -19 -7 -19 -7 -19 -8 -19 -8 -19 -9 -20 -9 -21 -9 -22 -9 -22 -10 -23 -9 -24 -9 -25 -9 -26 -8 -28 -8 -30 -7 -31 -7 -33 -6 -35 -5 -38 -5 ]
CSI_DATA,STA,E4:D1:24:F0:BE:00,-57,10,0,0,0,0,0,0,0,0,0,-97,0,5,0,64591065,0,399,0,0,64.9833,128,[-113 -15 24 0 -20 27 -19 26 -18 26 -17 25 -16 25 -16 25 -15 24 -15 24 -15 23 -14 22 -15 21 -14 19 -14 19 -14 18 -13 16 -13 16 -13 15 -13 14 -13 13 -13 12 -13 11 -12 10 -12 9 -12 9 -13 7 0 0 0 0 0 0 0 0 0 0 0 0 0 0 0 0 0 0 0 0 0 0 -10 11 -11 10 -12 10 -12 9 -13 9 -13 9 -14 9 -14 8 -15 8 -15 8 -15 8 -16 9 -16 8 -17 9 -17 9 -18 10 -18 11 -19 11 -18 12 -19 13 -19 15 -20 16 -20 18 -20 20 -21 22 -21 24 ]
CSI_DATA,STA,E4:D1:24:F0:BE:00,-57,10,0,0,0,0,0,0,0,0,0,-97,0,5,0,64693467,0,399,0,0,65.0855,128,[-113 -15 24 0 -39 7 -38 7 -37 8 -36 7 -35 8 -34 8 -33 7 -32 7 -31 7 -30 7 -29 6 -29 5 -27 5 -26 4 -25 3 -24 2 -24 2 -23 1 -22 0 -21 0 -20 -1 -20 -1 -19 -2 -18 -2 -18 -4 0 0 0 0 0 0 0 0 0 0 0 0 0 0 0 0 0 0 0 0 0 0 -17 2 -17 1 -17 0 -17 0 -17 -1 -17 -1 -18 -2 -18 -2 -18 -2 -19 -2 -20 -3 -20 -3 -21 -3 -22 -4 -22 -3 -24 -3 -24 -3 -26 -3 -27 -2 -28 -1 -29 -1 -31 0 -32 2 -34 2 -36 3 -39 4 ]
CSI_DATA,STA,E4:D1:24:F0:BE:00,-58,10,0,0,0,0,0,0,0,0,0,-97,0,5,0,64795869,0,399,0,0,65.188,128,[-113 -15 24 0 -26 27 -25 27 -24 26 -23 26 -22 25 -22 25 -21 24 -21 24 -20 23 -20 21 -19 21 -19 19 -19 18 -18 17 -18 15 -18 15 -17 14 -17 13 -17 12 -16 11 -16 10 -16 9 -15 7 -15 7 -16 5 0 0 0 0 0 0 0 0 0 0 0 0 0 0 0 0 0 0 0 0 0 0 -11 12 -12 11 -13 10 -14 10 -15 9 -15 9 -15 9 -16 9 -16 9 -17 9 -16 8 -17 9 -19 9 -19 9 -19 9 -20 10 -21 10 -22 11 -22 13 -22 13 -22 15 -24 17 -24 19 -24 20 -25 22 -26 24 ]
CSI_DATA,STA,E4:D1:24:F0:BE:00,-58,10,0,0,0,0,0,0,0,0,0,-97,0,5,0,64898271,0,399,0,0,65.2905,128,[-113 -15 24 0 9 -33 7 -32 7 -33 6 -32 6 -31 6 -31 6 -30 6 -30 6 -28 6 -27 6 -26 6 -25 6 -24 6 -23 6 -21 7 -21 7 -20 7 -19 7 -17 7 -17 7 -16 7 -15 8 -14 7 -13 11 -13 0 0 0 0 0 0 0 0 0 0 0 0 0 0 0 0 0 0 0 0 0 0 3 -17 4 -16 6 -16 6 -16 8 -16 7 -15 8 -16 9 -16 9 -16 10 -16 10 -15 11 -16 11 -16 12 -17 12 -17 12 -18 12 -19 13 -20 12 -20 12 -22 12 -23 12 -25 12 -26 12 -28 12 -30 12 -32 ]
CSI_DATA,STA,E4:D1:24:F0:BE:00,-58,10,0,0,0,0,0,0,0,0,0,-97,0,5,0,65000673,0,399,0,0,65.3928,128,[-113 -15 24 0 10 -37 9 -36 9 -35 9 -34 8 -33 8 -32 8 -31 7 -30 7 -29 7 -28 7 -27 7 -26 7 -24 8 -23 7 -21 8 -20 8 -19 8 -19 9 -18 8 -16 8 -15 8 -14 8 -13 8 -12 9 -12 0 0 0 0 0 0 0 0 0 0 0 0 0 0 0 0 0 0 0 0 0 0 2 -17 4 -17 5 -17 6 -17 7 -17 7 -16 8 -17 8 -17 9 -17 9 -17 9 -17 10 -18 10 -18 11 -19 11 -19 12 -21 11 -21 12 -23 12 -23 12 -25 12 -27 12 -28 12 -30 12 -31 12 -33 13 -35 ]
CSI_DATA,STA,E4:D1:24:F0:BE:00,-58,10,0,0,0,0,0,0,0,0,0,-97,0,5,0,65103074,0,399,0,0,65.4952,128,[-113 -15 24 0 -34 -15 -34 -14 -33 -12 -32 -13 -32 -11 -31 -12 -30 -11 -28 -11 -27 -10 -27 -11 -26 -11 -24 -11 -23 -10 -21 -11 -20 -10 -19 -11 -18 -11 -17 -10 -16 -11 -15 -11 -14 -11 -13 -10 -12 -10 -11 -10 -10 -11 0 0 0 0 0 0 0 0 0 0 0 0 0 0 0 0 0 0 0 0 0 0 -18 -4 -17 -5 -17 -7 -17 -8 -17 -8 -16 -9 -16 -10 -17 -11 -16 -11 -16 -12 -16 -12 -17 -13 -17 -14 -18 -14 -18 -15 -19 -15 -20 -15 -20 -15 -22 -16 -22 -16 -24 -15 -26 -16 -27 -16 -29 -16 -31 -16 -33 -15 ]
CSI_DATA,STA,E4:D1:24:F0:BE:00,-58,10,0,0,0,0,0,0,0,0,0,-97,0,5,0,65205476,0,399,0,0,65.5976,128,[-113 -15 24 0 -34 15 -33 15 -31 15 -31 14 -30 15 -29 15 -28 14 -27 14 -26 13 -25 12 -25 11 -24 10 -23 9 -22 9 -21 8 -21 7 -20 6 -20 6 -19 5 -18 5 -18 3 -17 3 -16 2 -16 1 -15 0 0 0 0 0 0 0 0 0 0 0 0 0 0 0 0 0 0 0 0 0 0 0 -16 6 -16 5 -17 3 -17 3 -17 2 -17 2 -18 2 -18 1 -19 1 -18 1 -18 1 -19 1 -20 0 -21 1 -21 1 -22 1 -23 2 -23 2 -24 3 -25 4 -26 5 -28 7 -28 8 -30 9 -31 11 -33 12 ]
CSI_DATA,STA,E4:D1:24:F0:BE:00,-58,10,0,0,0,0,0,0,0,0,0,-97,0,5,0,65307878,0,399,0,0,65.7001,128,[-113 -15 24 0 25 29 24 27 24 27 23 26 23 25 23 24 21 23 21 22 20 22 19 22 17 21 17 20 15 19 15 19 13 18 13 18 11 18 11 17 9 17 9 16 7 16 7 15 5 15 4 15 4 15 0 0 0 0 0 0 0 0 0 0 0 0 0 0 0 0 0 0 0 0 0 0 13 12 11 13 11 14 10 14 10 16 8 16 8 17 8 17 8 17 8 17 7 18 7 19 7 19 8 20 9 20 9 21 9 21 11 22 12 22 13 24 14 24 16 25 17 27 18 27 20 28 22 31 ]
CSI_DATA,STA,E4:D1:24:F0:BE:00,-58,10,0,0,0,0,0,0,0,0,0,-97,0,5,0,65410280,0,399,0,0,65.8025,128,[-113 -15 24 0 -22 33 -21 32 -20 32 -19 30 -18 31 -18 30 -18 29 -17 29 -18 28 -18 26 -17 25 -17 24 -16 22 -16 21 -16 19 -16 18 -15 17 -16 16 -15 15 -15 14 -15 13 -15 12 -15 10 -15 9 -15 9 0 0 0 0 0 0 0 0 0 0 0 0 0 0 0 0 0 0 0 0 0 0 -10 15 -12 14 -12 13 -13 12 -14 12 -14 12 -14 12 -15 12 -16 12 -16 12 -16 11 -17 12 -18 12 -18 12 -18 13 -19 14 -19 15 -20 15 -19 17 -20 18 -20 20 -21 22 -22 23 -22 25 -23 27 -23 30 ]
CSI_DATA,STA,E4:D1:24:F0:BE:00,-57,10,0,0,0,0,0,0,0,0,0,-97,0,5,0,65512682,0,399,0,0,65.9047,128,[-113 -15 24 0 38 0 36 -1 37 -1 35 -1 34 -2 33 -2 32 -2 31 -2 30 -1 29 -1 28 0 27 0 25 1 25 0 23 1 23 2 21 3 20 3 20 3 18 4 17 4 17 5 16 5 15 6 14 7 0 0 0 0 0 0 0 0 0 0 0 0 0 0 0 0 0 0 0 0 0 0 18 -2 18 -1 19 0 18 2 19 2 19 3 19 4 19 4 20 5 20 6 19 6 20 7 21 7 22 8 22 8 23 7 23 7 25 8 25 7 27 7 28 7 30 6 32 6 33 5 35 5 38 4 ]
CSI_DATA,STA,E4:D1:24:F0:BE:00,-58,10,0,0,0,0,0,0,0,0,0,-97,0,5,0,65615084,0,399,0,0,66.0071,128,[-113 -15 24 0 20 34 20 33 20 32 19 32 19 31 19 31 18 29 17 29 16 28 15 27 14 27 13 26 12 25 11 24 10 24 9 23 8 22 7 22 6 21 5 20 4 20 3 20 2 19 1 18 0 18 0 0 0 0 0 0 0 0 0 0 0 0 0 0 0 0 0 0 0 0 0 0 7 16 6 16 5 16 4 16 3 17 3 17 2 17 3 17 2 18 2 18 2 18 1 19 2 20 2 20 2 21 3 22 3 22 4 23 5 23 6 25 8 25 9 27 10 28 12 30 14 32 16 34 ]
CSI_DATA,STA,E4:D1:24:F0:BE:00,-58,10,0,0,0,0,0,0,0,0,0,-97,0,5,0,65819887,0,399,0,0,66.2121,128,[-113 -15 24 0 8 34 9 33 9 32 9 31 9 31 9 30 8 29 8 29 8 28 7 26 7 26 6 25 5 24 5 23 3 22 3 22 2 21 1 20 0 20 0 19 -1 17 -1 17 -2 16 -3 16 -4 15 0 0 0 0 0 0 0 0 0 0 0 0 0 0 0 0 0 0 0 0 0 0 5 15 3 16 2 16 1 16 1 17 0 17 -1 17 -1 18 -1 18 -2 18 -2 18 -3 19 -3 20 -3 20 -3 20 -3 22 -3 22 -2 23 -2 23 -1 25 0 26 1 28 2 29 3 30 4 32 5 34 ]
CSI_DATA,STA,E4:D1:24:F0:BE:00,-58,10,0,0,0,0,0,0,0,0,0,-97,0,5,0,65922289,0,399,0,0,66.3144,128,[-113 -15 24 0 15 -29 14 -27 14 -27 13 -26 12 -26 12 -25 12 -24 11 -24 11 -23 10 -22 10 -21 10 -21 10 -19 10 -18 9 -17 10 -16 10 -16 10 -14 10 -14 10 -13 10 -12 9 -11 9 -10 9 -9 9 -9 0 0 0 0 0 0 0 0 0 0 0 0 0 0 0 0 0 0 0 0 0 0 7 -14 8 -13 9 -13 9 -12 10 -12 11 -11 11 -12 11 -11 12 -11 12 -11 12 -11 13 -11 14 -11 14 -12 14 -12 14 -14 14 -14 15 -15 15 -16 16 -17 16 -18 16 -19 17 -21 16 -22 17 -24 17 -25 ]
CSI_DATA,STA,E4:D1:24:F0:BE:00,-58,10,0,0,0,0,0,0,0,0,0,-97,0,5,0,66024691,0,399,0,0,66.4169,128,[-113 -15 24 0 38 2 38 2 38 1 36 1 36 1 35 1 34 1 32 1 32 1 31 1 30 2 28 2 26 3 26 3 24 3 23 5 22 4 21 4 20 4 19 5 17 5 17 6 16 6 15 7 13 7 0 0 0 0 0 0 0 0 0 0 0 0 0 0 0 0 0 0 0 0 0 0 17 1 16 2 16 3 16 4 17 5 17 5 17 6 17 6 17 7 17 7 18 8 18 8 19 9 19 9 20 9 21 9 22 9 23 9 24 9 26 8 27 7 29 7 30 7 33 7 35 5 38 4 ]
CSI_DATA,STA,E4:D1:24:F0:BE:00,-57,10,0,0,0,0,0,0,0,0,0,-97,0,5,0,66127093,0,399,0,0,66.5193,128,[-113 -15 24 0 -27 -29 -27 -28 -25 -27 -25 -26 -25 -25 -24 -25 -23 -23 -23 -22 -22 -22 -21 -21 -20 -21 -19 -20 -18 -20 -16 -19 -15 -18 -14 -18 -13 -18 -12 -18 -11 -17 -10 -17 -9 -17 -9 -16 -8 -15 -7 -15 -6 -15 0 0 0 0 0 0 0 0 0 0 0 0 0 0 0 0 0 0 0 0 0 0 -13 -11 -12 -12 -11 -13 -11 -14 -10 -15 -10 -15 -10 -16 -10 -17 -9 -17 -9 -17 -9 -18 -10 -19 -10 -19 -10 -20 -10 -21 -10 -21 -11 -23 -12 -23 -13 -24 -14 -24 -15 -25 -16 -26 -18 -26 -20 -27 -22 -28 -23 -30 ]
CSI_DATA,STA,E4:D1:24:F0:BE:00,-58,10,0,0,0,0,0,0,0,0,0,-97,0,5,0,66229495,0,399,0,0,66.6216,128,[-113 -15 24 0 -12 -36 -12 -34 -12 -34 -12 -32 -11 -31 -12 -30 -11 -29 -11 -28 -11 -28 -10 -26 -10 -25 -10 -24 -9 -23 -8 -22 -7 -21 -6 -20 -5 -20 -5 -20 -4 -19 -4 -18 -3 -17 -3 -16 -3 -16 -2 -15 -1 -15 0 0 0 0 0 0 0 0 0 0 0 0 0 0 0 0 0 0 0 0 0 0 -8 -16 -6 -17 -5 -18 -5 -18 -4 -19 -3 -19 -3 -20 -2 -20 -2 -20 -1 -21 -1 -21 0 -22 0 -23 0 -23 0 -24 -1 -25 -1 -25 -1 -26 -2 -27 -2 -28 -3 -29 -4 -30 -5 -32 -6 -33 -7 -34 -7 -37 ]
CSI_DATA,STA,E4:D1:24:F0:BE:00,-58,10,0,0,0,0,0,0,0,0,0,-97,0,5,0,66331897,0,399,0,0,66.724,128,[-113 -15 24 0 -9 -33 -9 -31 -9 -31 -8 -30 -9 -29 -8 -28 -8 -27 -7 -26 -7 -26 -6 -25 -6 -24 -6 -23 -5 -22 -4 -21 -3 -20 -3 -20 -2 -19 -1 -18 -1 -17 -1 -17 0 -16 0 -15 0 -14 1 -13 2 -13 0 0 0 0 0 0 0 0 0 0 0 0 0 0 0 0 0 0 0 0 0 0 -5 -14 -4 -14 -3 -15 -3 -15 -2 -15 -1 -15 -1 -16 -1 -16 0 -16 0 -17 0 -17 1 -18 1 -18 1 -19 1 -19 0 -20 0 -21 0 -22 0 -22 0 -24 -2 -25 -2 -26 -3 -27 -4 -29 -5 -30 -5 -32 ]
CSI_DATA,STA,E4:D1:24:F0:BE:00,-58,10,0,0,0,0,0,0,0,0,0,-97,0,5,0,66434298,0,399,0,0,66.8263,128,[-113 -15 24 0 11 -36 10 -36 10 -34 9 -34 8 -33 9 -32 8 -31 8 -30 8 -30 8 -28 8 -27 8 -26 8 -25 8 -24 8 -22 8 -21 9 -20 9 -19 9 -18 9 -17 9 -16 9 -15 9 -14 9 -13 10 -12 0 0 0 0 0 0 0 0 0 0 0 0 0 0 0 0 0 0 0 0 0 0 4 -15 5 -15 6 -15 6 -15 7 -15 7 -15 8 -15 9 -16 9 -16 9 -16 10 -16 11 -17 11 -17 11 -17 12 -18 12 -19 12 -20 13 -21 13 -22 13 -23 13 -25 13 -26 13 -28 13 -30 13 -32 14 -35 ]
CSI_DATA,STA,E4:D1:24:F0:BE:00,-58,10,0,0,0,0,0,0,0,0,0,-97,0,5,0,66536701,0,399,0,0,66.9289,128,[-113 -15 24 0 -32 11 -31 11 -29 11 -29 11 -28 11 -28 11 -26 11 -26 11 -25 10 -24 9 -24 9 -23 8 -23 8 -22 7 -20 6 -20 6 -19 4 -19 4 -18 4 -18 3 -17 2 -16 1 -15 0 -15 0 -15 -2 0 0 0 0 0 0 0 0 0 0 0 0 0 0 0 0 0 0 0 0 0 0 -14 6 -15 5 -15 4 -16 3 -16 3 -16 2 -17 2 -18 2 -18 2 -18 1 -18 1 -19 0 -20 0 -20 0 -21 1 -22 0 -22 1 -23 1 -24 2 -25 2 -25 3 -27 4 -27 5 -30 6 -30 7 -32 9 ]
CSI_DATA,STA,E4:D1:24:F0:BE:00,-58,10,0,0,0,0,0,0,0,0,0,-97,0,5,0,66639103,0,399,0,0,67.0313,128,[-113 -15 24 0 -13 -34 -13 -33 -12 -33 -13 -31 -13 -30 -13 -30 -12 -29 -12 -28 -11 -28 -11 -26 -10 -25 -10 -25 -9 -24 -8 -23 -7 -22 -7 -22 -6 -20 -5 -20 -4 -20 -3 -18 -3 -18 -3 -17 -2 -17 -1 -16 0 -16 0 0 0 0 0 0 0 0 0 0 0 0 0 0 0 0 0 0 0 0 0 0 -6 -16 -5 -16 -5 -17 -4 -17 -3 -18 -3 -17 -2 -18 -2 -19 -2 -19 -1 -20 -1 -19 -1 -20 -1 -21 0 -22 0 -22 -1 -23 -1 -24 -2 -24 -2 -25 -3 -26 -3 -27 -5 -29 -6 -30 -7 -31 -8 -33 -9 -35 ]
CSI_DATA,STA,E4:D1:24:F0:BE:00,-57,10,0,0,0,0,0,0,0,0,0,-97,0,5,0,66741505,0,399,0,0,67.1337,128,[-113 -15 24 0 31 -20 30 -20 29 -19 28 -19 27 -19 26 -19 25 -18 24 -18 23 -17 22 -17 22 -16 21 -15 20 -14 19 -13 18 -12 18 -12 17 -10 17 -10 17 -9 17 -8 16 -8 16 -7 15 -6 14 -5 15 -4 0 0 0 0 0 0 0 0 0 0 0 0 0 0 0 0 0 0 0 0 0 0 13 -11 14 -10 15 -9 15 -8 16 -8 16 -7 17 -7 18 -7 18 -6 19 -6 18 -5 19 -5 21 -5 21 -5 22 -6 23 -6 23 -7 24 -7 25 -8 26 -8 27 -10 28 -11 28 -12 30 -13 32 -15 32 -17 ]
CSI_DATA,STA,E4:D1:24:F0:BE:00,-57,10,0,0,0,0,0,0,0,0,0,-97,0,5,0,66843907,0,399,0,0,67.2362,128,[-113 -15 24 0 14 37 14 36 14 35 13 33 14 33 13 32 13 30 12 29 11 29 11 28 10 27 9 26 8 25 7 24 6 23 6 22 5 22 4 21 3 20 3 20 2 19 1 19 0 18 -1 17 -2 17 0 0 0 0 0 0 0 0 0 0 0 0 0 0 0 0 0 0 0 0 0 0 7 15 5 15 4 16 3 16 3 17 3 17 3 17 2 18 2 18 2 19 1 19 1 20 1 20 2 21 2 22 2 23 2 24 3 25 4 26 4 28 5 29 6 30 8 32 9 33 10 35 11 38 ]
CSI_DATA,STA,E4:D1:24:F0:BE:00,-57,10,0,0,0,0,0,0,0,0,0,-97,0,5,0,66946309,0,399,0,0,67.3385,128,[-113 -15 24 0 35 11 36 11 34 8 34 9 34 8 32 8 31 7 31 7 29 7 28 7 27 7 26 8 25 8 23 7 22 8 22 8 20 9 19 9 18 9 16 10 16 10 14 10 14 10 12 10 11 11 0 0 0 0 0 0 0 0 0 0 0 0 0 0 0 0 0 0 0 0 0 0 15 3 15 4 15 5 14 5 15 6 15 7 15 8 16 8 16 9 16 9 16 10 16 11 17 11 18 11 19 12 19 12 20 13 21 13 23 12 24 13 25 13 27 13 28 13 31 13 33 13 35 12 ]
CSI_DATA,STA,E4:D1:24:F0:BE:00,-57,10,0,0,0,0,0,0,0,0,0,-97,0,5,0,67048711,0,399,0,0,67.4408,128,[-113 -15 24 0 19 33 19 32 19 31 19 29 19 29 18 28 18 26 17 26 16 25 15 24 15 23 13 23 13 22 12 21 11 20 10 20 9 20 8 19 7 19 6 18 5 17 4 17 4 16 2 16 1 16 0 0 0 0 0 0 0 0 0 0 0 0 0 0 0 0 0 0 0 0 0 0 11 12 10 13 9 14 8 14 8 15 8 15 7 16 8 17 8 18 7 18 6 19 7 20 7 21 7 22 7 22 7 24 8 24 8 26 9 26 10 27 11 28 12 29 12 30 14 32 15 33 17 34 ]
CSI_DATA,STA,E4:D1:24:F0:BE:00,-57,10,0,0,0,0,0,0,0,0,0,-97,0,5,0,67151112,0,399,0,0,67.5431,128,[-113 -15 24 0 13 35 13 33 13 33 13 31 13 30 12 28 13 27 12 27 11 26 10 25 9 24 9 23 8 22 8 21 7 20 6 20 6 19 5 18 4 18 3 17 3 16 3 15 1 15 1 14 0 14 0 0 0 0 0 0 0 0 0 0 0 0 0 0 0 0 0 0 0 0 0 0 8 14 7 15 6 15 5 16 5 16 5 17 5 18 4 18 4 19 3 19 3 19 3 21 2 22 2 22 3 23 2 24 3 24 3 26 4 27 5 28 6 29 6 30 7 31 8 33 9 34 10 36 ]
CSI_DATA,STA,E4:D1:24:F0:BE:00,-58,10,0,0,0,0,0,0,0,0,0,-97,0,5,0,67253514,0,399,0,0,67.6456,128,[-113 -15 24 0 -4 35 -3 35 -3 33 -2 33 -2 32 -1 31 -1 30 -1 29 -1 28 -2 27 -2 26 -2 25 -3 24 -3 22 -4 21 -4 20 -5 20 -5 19 -5 18 -6 17 -6 16 -6 15 -6 14 -7 13 -7 13 0 0 0 0 0 0 0 0 0 0 0 0 0 0 0 0 0 0 0 0 0 0 0 16 -1 16 -2 15 -3 16 -3 16 -4 16 -4 17 -5 17 -5 18 -6 17 -6 18 -7 19 -7 19 -8 20 -8 21 -8 21 -9 23 -9 23 -9 24 -8 25 -8 27 -7 28 -7 29 -7 31 -7 33 -7 36 ]
CSI_DATA,STA,E4:D1:24:F0:BE:00,-58,10,0,0,0,0,0,0,0,0,0,-97,0,5,0,67355916,0,399,0,0,67.7481,128,[-113 -15 24 0 29 -12 28 -12 27 -13 26 -12 25 -13 24 -13 23 -12 22 -12 22 -12 21 -11 20 -10 20 -10 19 -9 18 -9 17 -8 17 -7 17 -6 16 -6 15 -5 15 -5 14 -4 13 -3 13 -2 13 -2 11 -1 0 0 0 0 0 0 0 0 0 0 0 0 0 0 0 0 0 0 0 0 0 0 13 -6 13 -5 13 -4 13 -4 14 -3 14 -3 15 -3 15 -3 15 -3 16 -2 16 -2 17 -2 18 -2 19 -2 19 -2 20 -2 20 -2 21 -3 22 -3 23 -4 24 -5 25 -5 26 -6 27 -7 28 -8 29 -9 ]
CSI_DATA,STA,E4:D1:24:F0:BE:00,-58,10,0,0,0,0,0,0,0,0,0,-97,0,5,0,67458318,0,399,0,0,67.8505,128,[-113 -15 24 0 -33 -21 -32 -20 -31 -19 -31 -19 -30 -18 -30 -17 -29 -17 -28 -16 -27 -16 -26 -16 -25 -16 -23 -16 -22 -16 -21 -15 -19 -15 -18 -15 -17 -14 -16 -15 -15 -14 -14 -14 -13 -14 -12 -14 -11 -13 -10 -13 -9 -14 0 0 0 0 0 0 0 0 0 0 0 0 0 0 0 0 0 0 0 0 0 0 -16 -9 -15 -9 -14 -11 -14 -11 -14 -12 -13 -12 -13 -13 -14 -13 -14 -14 -14 -14 -14 -15 -14 -16 -15 -16 -15 -17 -15 -18 -17 -19 -17 -19 -18 -20 -19 -20 -20 -20 -21 -21 -23 -22 -25 -21 -26 -22 -28 -22 -30 -23 ]
CSI_DATA,STA,E4:D1:24:F0:BE:00,-58,10,0,0,0,0,0,0,0,0,0,-97,0,5,0,67560720,0,399,0,0,67.9529,128,[-113 -15 24 0 -14 36 -13 35 -12 34 -11 34 -10 33 -11 32 -9 31 -9 31 -10 29 -10 29 -10 27 -10 26 -10 24 -10 24 -10 21 -11 21 -11 20 -10 19 -10 18 -11 17 -11 16 -11 14 -11 13 -11 12 -12 11 0 0 0 0 0 0 0 0 0 0 0 0 0 0 0 0 0 0 0 0 0 0 -5 17 -6 17 -8 16 -9 16 -9 16 -10 16 -11 17 -11 17 -11 17 -12 17 -13 17 -14 17 -15 18 -15 18 -16 19 -16 19 -17 20 -16 21 -17 22 -17 23 -16 25 -16 26 -17 28 -17 29 -17 31 -17 33 ]
CSI_DATA,STA,E4:D1:24:F0:BE:00,-58,10,0,0,0,0,0,0,0,0,0,-97,0,5,0,67663122,0,399,0,0,68.0553,128,[-113 -15 24 0 12 32 12 33 13 31 13 31 14 31 13 29 13 29 12 28 11 27 11 27 10 26 9 26 8 25 7 24 6 22 5 23 4 22 3 21 3 20 2 19 1 19 0 18 -1 17 -2 16 -3 15 0 0 0 0 0 0 0 0 0 0 0 0 0 0 0 0 0 0 0 0 0 0 5 15 4 16 2 16 1 16 1 16 1 17 0 17 0 17 0 17 -1 18 -1 18 -1 19 -1 20 -1 20 -1 20 -1 21 0 22 0 23 1 23 2 24 3 25 4 27 5 28 6 29 8 31 10 33 ]
CSI_DATA,STA,E4:D1:24:F0:BE:00,-57,10,0,0,0,0,0,0,0,0,0,-97,0,5,0,67765524,0,399,0,0,68.1577,128,[-113 -15 24 0 30 -25 28 -25 28 -25 26 -24 25 -24 25 -23 24 -23 24 -22 23 -21 22 -20 22 -19 21 -18 20 -17 20 -16 19 -15 19 -14 18 -12 18 -12 18 -10 17 -10 17 -9 16 -7 15 -6 15 -6 15 -5 0 0 0 0 0 0 0 0 0 0 0 0 0 0 0 0 0 0 0 0 0 0 12 -12 13 -11 13 -10 14 -10 15 -9 15 -9 16 -9 16 -9 17 -9 18 -8 18 -8 19 -8 19 -8 20 -9 21 -9 22 -9 22 -10 24 -11 23 -11 25 -12 25 -14 26 -15 27 -17 28 -18 29 -20 30 -22 ]
CSI_DATA,STA,E4:D1:24:F0:BE:00,-57,10,0,0,0,0,0,0,0,0,0,-97,0,5,0,67867925,0,399,0,0,68.26,128,[-113 -15 24 0 -18 34 -16 33 -15 33 -14 31 -14 31 -13 30 -13 29 -12 28 -12 28 -11 27 -11 25 -12 25 -11 23 -12 22 -11 20 -11 20 -12 18 -12 18 -11 16 -12 16 -11 15 -12 13 -11 12 -12 11 -12 10 0 0 0 0 0 0 0 0 0 0 0 0 0 0 0 0 0 0 0 0 0 0 -7 16 -9 15 -10 15 -11 14 -12 15 -12 14 -13 14 -13 14 -14 15 -15 15 -15 14 -15 15 -17 15 -17 16 -17 15 -18 17 -18 17 -19 19 -19 19 -19 20 -19 22 -19 24 -19 26 -19 27 -19 30 -19 31 ]
CSI_DATA,STA,E4:D1:24:F0:BE:00,-57,10,0,0,0,0,0,0,0,0,0,-97,0,5,0,67970327,0,399,0,0,68.3625,128,[-113 -15 24 0 16 32 16 32 16 31 16 30 16 29 15 28 15 27 14 27 14 26 13 25 13 24 12 24 11 23 10 22 9 21 8 21 7 21 6 20 5 19 4 19 3 18 3 17 2 17 1 16 0 15 0 0 0 0 0 0 0 0 0 0 0 0 0 0 0 0 0 0 0 0 0 0 8 13 7 14 6 14 5 15 5 16 5 16 4 17 4 17 4 18 4 18 4 18 3 20 3 21 3 21 3 21 3 23 4 23 4 24 5 25 5 26 7 27 8 28 9 29 11 31 12 32 14 34 ]
CSI_DATA,STA,E4:D1:24:F0:BE:00,-58,10,0,0,0,0,0,0,0,0,0,-97,0,5,0,68072729,0,399,0,0,68.4649,128,[-113 -15 24 0 -20 25 -19 26 -17 24 -16 24 -16 24 -16 23 -15 22 -15 22 -14 21 -14 20 -13 20 -13 19 -13 18 -13 17 -13 15 -13 15 -12 14 -13 13 -13 12 -12 11 -12 10 -12 9 -11 9 -12 8 -11 7 0 0 0 0 0 0 0 0 0 0 0 0 0 0 0 0 0 0 0 0 0 0 -9 11 -10 10 -11 10 -12 9 -12 9 -12 9 -13 9 -13 9 -13 9 -14 9 -14 9 -15 9 -16 10 -16 10 -17 10 -17 11 -18 12 -18 12 -19 13 -19 14 -19 15 -20 17 -19 18 -20 20 -20 21 -21 23 ]
CSI_DATA,STA,E4:D1:24:F0:BE:00,-57,10,0,0,0,0,0,0,0,0,0,-97,0,5,0,68175131,0,399,0,0,68.5673,128,[-113 -15 24 0 35 -10 34 -10 33 -11 33 -11 32 -11 31 -11 30 -10 29 -10 28 -10 27 -9 26 -8 26 -8 24 -7 23 -5 22 -5 22 -4 21 -3 20 -3 19 -2 18 -1 17 -1 16 0 15 1 15 1 14 2 0 0 0 0 0 0 0 0 0 0 0 0 0 0 0 0 0 0 0 0 0 0 15 -7 15 -6 15 -5 16 -4 17 -4 17 -3 17 -3 18 -2 19 -2 19 -1 19 -1 20 -1 21 0 22 -1 23 0 23 0 24 0 25 -1 26 -1 27 -2 29 -3 30 -3 31 -4 33 -5 34 -7 36 -8 ]
CSI_DATA,STA,E4:D1:24:F0:BE:00,-58,10,0,0,0,0,0,0,0,0,0,-97,0,5,0,68277533,0,399,0,0,68.6697,128,[-113 -15 24 0 -28 18 -26 18 -25 17 -25 17 -23 17 -23 17 -22 16 -21 16 -22 15 -20 14 -20 13 -19 12 -19 11 -18 11 -17 10 -17 9 -17 8 -16 8 -16 7 -15 6 -15 5 -14 4 -14 4 -14 3 -13 2 0 0 0 0 0 0 0 0 0 0 0 0 0 0 0 0 0 0 0 0 0 0 -13 8 -13 7 -14 7 -14 6 -15 6 -15 5 -16 5 -16 5 -17 5 -17 4 -17 4 -18 4 -18 4 -19 4 -19 5 -20 5 -21 6 -21 6 -22 6 -23 7 -23 9 -24 10 -25 11 -26 12 -27 13 -28 15 ]
CSI_DATA,STA,E4:D1:24:F0:BE:00,-58,10,0,0,0,0,0,0,0,0,0,-97,0,5,0,68315079,0,125,0,0,68.7067,128,[125 -48 7 0 -36 5 -35 6 -34 7 -33 7 -32 7 -31 7 -30 7 -30 7 -28 7 -28 6 -27 6 -26 5 -25 4 -24 4 -23 3 -22 2 -21 2 -21 1 -20 0 -19 0 -18 -1 -17 -2 -17 -2 -15 -3 -15 -4 0 0 0 0 0 0 0 0 0 0 0 0 0 0 0 0 0 0 0 0 0 0 -18 3 -18 2 -18 0 -18 0 -18 -1 -18 -1 -19 -2 -19 -2 -19 -2 -20 -3 -20 -3 -20 -3 -21 -4 -21 -4 -22 -5 -23 -4 -24 -4 -25 -4 -26 -3 -27 -3 -28 -2 -29 -1 -31 0 -32 0 -34 2 -36 4 ]
CSI_DATA,STA,E4:D1:24:F0:BE:00,-57,10,0,0,0,0,0,0,0,0,0,-97,0,5,0,68379935,0,399,0,0,68.7719,128,[-113 -15 24 0 -35 4 -34 5 -33 5 -31 5 -30 6 -30 6 -29 6 -28 6 -27 5 -26 5 -26 4 -25 4 -24 3 -23 3 -22 2 -21 1 -20 1 -20 1 -19 0 -18 -1 -17 -2 -16 -2 -15 -3 -15 -4 -14 -4 0 0 0 0 0 0 0 0 0 0 0 0 0 0 0 0 0 0 0 0 0 0 -15 2 -15 1 -15 0 -16 -1 -16 -1 -16 -2 -17 -2 -17 -3 -18 -3 -18 -3 -18 -3 -18 -4 -19 -4 -20 -4 -21 -4 -22 -4 -22 -4 -24 -4 -24 -3 -26 -3 -26 -2 -28 -1 -29 -1 -31 -1 -33 1 -34 2 ]
CSI_DATA,STA,E4:D1:24:F0:BE:00,-57,10,0,0,0,0,0,0,0,0,0,-97,0,5,0,68482336,0,399,0,0,68.8745,128,[-113 -15 24 0 28 28 28 26 28 25 27 24 27 24 27 23 26 22 25 22 23 21 22 20 21 20 19 19 19 19 17 19 15 18 15 18 13 18 12 17 11 16 10 16 9 15 8 15 7 14 6 14 4 14 0 0 0 0 0 0 0 0 0 0 0 0 0 0 0 0 0 0 0 0 0 0 14 10 13 11 13 12 12 13 12 14 12 14 11 15 12 16 11 16 11 17 11 17 11 18 11 19 12 20 12 20 13 22 13 22 14 23 15 23 16 24 19 24 20 25 21 26 23 27 25 28 27 29 ]
CSI_DATA,STA,E4:D1:24:F0:BE:00,-58,10,0,0,0,0,0,0,0,0,0,-97,0,5,0,68584737,0,399,0,0,68.9768,128,[-113 -15 24 0 31 -14 30 -14 29 -14 28 -14 27 -14 27 -13 25 -14 25 -13 24 -13 23 -13 22 -12 21 -10 21 -10 20 -9 18 -8 18 -8 17 -7 17 -6 16 -5 16 -5 15 -4 14 -4 14 -3 13 -3 13 -2 0 0 0 0 0 0 0 0 0 0 0 0 0 0 0 0 0 0 0 0 0 0 14 -8 14 -6 15 -6 15 -5 16 -5 16 -4 16 -3 17 -3 18 -3 17 -3 17 -3 18 -3 19 -2 20 -2 21 -2 21 -2 22 -3 23 -3 23 -4 25 -4 25 -6 27 -6 28 -7 29 -8 30 -10 32 -11 ]
CSI_DATA,STA,E4:D1:24:F0:BE:00,-57,10,0,0,0,0,0,0,0,0,0,-97,0,5,0,68687139,0,399,0,0,69.0793,128,[-113 -15 24 0 -38 12 -37 12 -35 12 -35 12 -34 12 -33 12 -32 12 -31 11 -30 11 -29 10 -28 9 -27 8 -26 7 -25 7 -24 6 -23 5 -23 5 -22 4 -21 3 -20 3 -20 2 -19 1 -18 0 -17 0 -17 -1 0 0 0 0 0 0 0 0 0 0 0 0 0 0 0 0 0 0 0 0 0 0 -16 6 -16 5 -16 4 -17 3 -18 2 -18 2 -18 2 -19 2 -20 1 -20 1 -20 1 -21 0 -22 0 -22 0 -24 0 -25 1 -26 1 -26 1 -28 1 -28 2 -30 4 -31 4 -32 5 -34 6 -36 8 -39 9 ]
CSI_DATA,STA,E4:D1:24:F0:BE:00,-57,10,0,0,0,0,0,0,0,0,0,-97,0,5,0,68789541,0,399,0,0,69.1817,128,[-113 -15 24 0 -11 -34 -11 -32 -10 -31 -10 -30 -10 -29 -10 -28 -10 -27 -10 -26 -9 -26 -9 -25 -8 -24 -8 -22 -7 -21 -6 -21 -6 -19 -5 -20 -4 -19 -4 -19 -3 -18 -2 -17 -2 -16 -1 -16 -1 -15 0 -14 1 -14 0 0 0 0 0 0 0 0 0 0 0 0 0 0 0 0 0 0 0 0 0 0 -7 -14 -6 -14 -6 -15 -5 -15 -5 -16 -4 -16 -4 -17 -3 -18 -3 -18 -3 -18 -2 -19 -2 -20 -2 -21 -2 -21 -2 -22 -2 -23 -2 -24 -2 -25 -3 -25 -3 -27 -4 -27 -5 -29 -5 -30 -6 -31 -6 -33 -7 -35 ]
CSI_DATA,STA,E4:D1:24:F0:BE:00,-58,10,0,0,0,0,0,0,0,0,0,-97,0,5,0,68891943,0,399,0,0,69.2841,128,[-113 -15 24 0 34 -14 32 -14 31 -14 29 -14 28 -14 27 -14 26 -14 25 -14 24 -13 23 -12 22 -12 22 -11 20 -10 20 -10 19 -9 18 -8 18 -8 18 -7 17 -6 16 -6 16 -5 15 -4 14 -3 14 -2 13 -2 0 0 0 0 0 0 0 0 0 0 0 0 0 0 0 0 0 0 0 0 0 0 14 -10 14 -9 15 -8 16 -7 16 -7 17 -7 17 -6 18 -6 19 -6 19 -5 20 -4 21 -4 22 -4 23 -4 23 -4 24 -4 25 -4 26 -4 27 -5 28 -5 28 -7 30 -7 31 -8 32 -9 34 -10 35 -12 ]
CSI_DATA,STA,E4:D1:24:F0:BE:00,-58,10,0,0,0,0,0,0,0,0,0,-97,0,5,0,68994345,0,399,0,0,69.3865,128,[-113 -15 24 0 36 10 34 9 33 9 32 8 31 7 31 7 29 7 28 6 27 6 26 6 25 6 23 6 22 6 21 6 19 6 19 7 18 6 17 6 16 6 15 6 14 7 14 7 12 7 12 8 11 8 0 0 0 0 0 0 0 0 0 0 0 0 0 0 0 0 0 0 0 0 0 0 16 -1 15 1 16 1 15 2 17 3 17 4 17 4 18 5 18 6 18 7 18 7 19 8 20 9 20 10 21 10 22 11 22 11 23 11 25 11 26 11 27 11 29 12 30 12 31 12 34 12 35 12 ]
CSI_DATA,STA,E4:D1:24:F0:BE:00,-57,10,0,0,0,0,0,0,0,0,0,-97,0,5,0,69096747,0,399,0,0,69.4889,128,[-113 -15 24 0 -39 -15 -37 -14 -36 -13 -35 -13 -35 -12 -33 -12 -32 -11 -31 -11 -30 -11 -28 -10 -28 -10 -26 -10 -25 -10 -24 -10 -22 -10 -21 -10 -20 -10 -19 -10 -18 -10 -17 -10 -16 -10 -15 -10 -14 -10 -13 -10 -12 -11 0 0 0 0 0 0 0 0 0 0 0 0 0 0 0 0 0 0 0 0 0 0 -15 -5 -15 -5 -16 -7 -15 -7 -16 -8 -16 -9 -16 -9 -16 -10 -17 -11 -17 -11 -17 -12 -18 -12 -19 -13 -19 -14 -20 -14 -21 -15 -22 -15 -23 -16 -24 -16 -25 -16 -27 -16 -29 -16 -31 -16 -33 -17 -34 -17 -37 -17 ]
CSI_DATA,STA,E4:D1:24:F0:BE:00,-57,10,0,0,0,0,0,0,0,0,0,-97,0,5,0,69199148,0,399,0,0,69.5912,128,[-113 -15 24 0 8 -37 7 -36 7 -35 6 -34 5 -33 5 -32 5 -30 4 -30 4 -29 4 -28 4 -27 4 -25 4 -24 4 -23 4 -21 4 -21 5 -20 5 -20 5 -19 5 -18 6 -17 6 -16 6 -15 7 -14 7 -14 0 0 0 0 0 0 0 0 0 0 0 0 0 0 0 0 0 0 0 0 0 0 2 -15 3 -15 4 -15 4 -15 5 -15 6 -15 6 -15 6 -16 7 -16 8 -16 8 -16 9 -17 9 -18 10 -19 10 -19 10 -21 10 -21 10 -23 10 -23 10 -25 10 -26 10 -28 10 -30 10 -31 10 -33 10 -36 ]
CSI_DATA,STA,E4:D1:24:F0:BE:00,-56,10,0,0,0,0,0,0,0,0,0,-97,0,5,0,69301550,0,399,0,0,69.6936,128,[-113 -15 24 0 12 37 12 36 12 34 12 33 12 32 11 31 11 29 10 29 10 27 10 26 9 25 9 25 8 24 7 23 6 21 6 21 4 20 3 20 3 19 2 18 2 17 1 16 1 16 0 15 -1 14 0 0 0 0 0 0 0 0 0 0 0 0 0 0 0 0 0 0 0 0 0 0 7 14 6 14 5 15 4 16 4 16 4 17 3 17 3 18 2 19 2 19 2 19 2 20 2 21 2 22 1 23 2 24 2 25 2 26 3 27 3 28 4 29 5 31 6 32 8 34 9 35 10 38 ]
CSI_DATA,STA,E4:D1:24:F0:BE:00,-57,10,0,0,0,0,0,0,0,0,0,-97,0,5,0,69403952,0,399,0,0,69.796,128,[-113 -15 24 0 25 -34 24 -33 23 -33 23 -32 21 -32 21 -30 20 -29 19 -29 19 -28 17 -27 17 -26 17 -25 17 -23 16 -22 15 -20 16 -20 15 -19 15 -18 15 -17 15 -15 14 -14 14 -13 14 -12 14 -11 15 -10 0 0 0 0 0 0 0 0 0 0 0 0 0 0 0 0 0 0 0 0 0 0 9 -13 10 -13 11 -12 11 -12 12 -12 13 -12 14 -12 14 -12 15 -12 15 -12 16 -12 17 -13 17 -13 19 -13 19 -14 19 -15 20 -16 21 -17 22 -18 22 -19 23 -21 24 -23 24 -25 25 -26 26 -29 27 -31 ]
CSI_DATA,STA,E4:D1:24:F0:BE:00,-57,10,0,0,0,0,0,0,0,0,0,-97,0,5,0,69506354,0,399,0,0,69.8985,128,[-113 -15 24 0 6 30 6 30 6 28 6 27 6 27 6 25 6 24 5 24 5 23 5 22 4 21 4 21 3 20 3 19 2 18 2 17 2 17 1 16 1 15 0 15 0 14 0 13 -1 12 -2 12 -2 11 0 0 0 0 0 0 0 0 0 0 0 0 0 0 0 0 0 0 0 0 0 0 3 12 2 12 2 13 1 13 1 13 0 14 0 14 -1 15 -1 15 -1 15 -1 15 -2 16 -2 17 -2 17 -2 18 -2 19 -2 20 -2 20 -1 21 -1 23 0 23 0 24 1 26 2 27 3 29 4 31 ]
CSI_DATA,STA,E4:D1:24:F0:BE:00,-57,10,0,0,0,0,0,0,0,0,0,-97,0,5,0,69608756,0,399,0,0,70.0009,128,[-113 -15 24 0 33 14 32 13 32 13 31 12 30 11 29 11 28 10 27 10 26 10 25 10 24 10 22 9 21 9 20 9 18 9 18 10 17 9 16 9 15 9 14 9 13 9 12 9 11 9 10 9 10 10 0 0 0 0 0 0 0 0 0 0 0 0 0 0 0 0 0 0 0 0 0 0 15 2 15 4 15 5 15 6 15 7 15 7 16 8 16 9 16 9 16 10 15 11 16 12 17 13 17 13 18 14 19 14 19 15 20 15 21 15 23 15 24 15 26 15 26 16 28 17 30 17 33 17 ]
CSI_DATA,STA,E4:D1:24:F0:BE:00,-57,10,0,0,0,0,0,0,0,0,0,-97,0,5,0,69711158,0,399,0,0,70.1033,128,[-113 -15 24 0 2 40 3 38 2 37 3 35 3 34 3 33 3 32 3 31 2 30 2 28 2 27 2 26 1 24 1 24 0 22 0 22 0 21 -1 20 -2 19 -2 18 -2 17 -3 16 -3 15 -3 14 -4 14 0 0 0 0 0 0 0 0 0 0 0 0 0 0 0 0 0 0 0 0 0 0 3 16 2 15 1 16 0 16 0 17 -1 17 -2 18 -2 19 -2 19 -3 20 -3 20 -4 21 -5 22 -5 23 -5 23 -5 25 -5 25 -5 27 -4 27 -4 29 -4 30 -3 32 -3 34 -2 35 -1 37 -1 40 ]
CSI_DATA,STA,E4:D1:24:F0:BE:00,-57,10,0,0,0,0,0,0,0,0,0,-97,0,5,0,69813560,0,399,0,0,70.2058,128,[-113 -15 24 0 -5 30 -5 30 -4 28 -3 27 -2 27 -2 26 -2 25 -2 24 -2 23 -2 23 -2 22 -3 21 -2 20 -3 19 -3 18 -4 17 -4 17 -4 16 -4 15 -5 14 -5 13 -5 13 -5 12 -6 11 -6 11 0 0 0 0 0 0 0 0 0 0 0 0 0 0 0 0 0 0 0 0 0 0 0 14 -2 13 -3 14 -3 14 -4 14 -5 14 -5 14 -5 14 -6 15 -7 15 -7 15 -7 16 -8 16 -9 16 -9 17 -9 18 -9 18 -9 19 -9 20 -9 21 -8 22 -8 24 -8 25 -7 26 -7 28 -7 30 ]
CSI_DATA,STA,E4:D1:24:F0:BE:00,-57,10,0,0,0,0,0,0,0,0,0,-97,0,5,0,69915961,0,399,0,0,70.3081,128,[-113 -15 24 0 4 -41 3 -39 3 -38 3 -36 2 -36 2 -35 2 -34 2 -33 2 -32 2 -31 2 -30 2 -28 2 -27 3 -26 3 -24 4 -24 4 -22 4 -22 5 -21 5 -20 5 -18 6 -17 6 -17 7 -16 7 -15 0 0 0 0 0 0 0 0 0 0 0 0 0 0 0 0 0 0 0 0 0 0 0 -16 1 -16 2 -16 3 -16 4 -17 4 -17 4 -18 5 -18 5 -18 6 -19 6 -19 7 -20 8 -21 9 -21 9 -22 9 -24 9 -24 9 -26 9 -27 9 -28 8 -30 8 -31 9 -33 8 -34 8 -36 8 -39 ]
CSI_DATA,STA,E4:D1:24:F0:BE:00,-57,10,0,0,0,0,0,0,0,0,0,-97,0,5,0,70018363,0,399,0,0,70.4104,128,[-113 -15 24 0 -37 -5 -37 -4 -36 -3 -35 -3 -34 -3 -34 -3 -32 -3 -32 -3 -31 -3 -30 -4 -29 -4 -28 -4 -27 -5 -25 -5 -23 -5 -23 -6 -22 -6 -21 -6 -20 -7 -19 -7 -18 -8 -17 -8 -16 -9 -15 -9 -15 -10 0 0 0 0 0 0 0 0 0 0 0 0 0 0 0 0 0 0 0 0 0 0 -18 -1 -18 -3 -19 -5 -18 -5 -18 -6 -18 -7 -18 -7 -18 -8 -18 -8 -18 -9 -18 -9 -18 -10 -19 -10 -20 -11 -20 -11 -21 -11 -22 -10 -23 -11 -24 -11 -25 -11 -26 -10 -28 -10 -30 -9 -31 -9 -33 -9 -36 -8 ]
CSI_DATA,STA,E4:D1:24:F0:BE:00,-57,10,0,0,0,0,0,0,0,0,0,-97,0,5,0,70120765,0,399,0,0,70.5128,128,[-113 -15 24 0 -23 -31 -23 -30 -23 -28 -22 -27 -22 -27 -22 -26 -20 -25 -20 -24 -20 -24 -19 -23 -18 -22 -17 -22 -16 -21 -15 -21 -14 -19 -13 -20 -11 -20 -10 -19 -9 -18 -8 -18 -8 -18 -7 -17 -6 -17 -5 -16 -4 -16 0 0 0 0 0 0 0 0 0 0 0 0 0 0 0 0 0 0 0 0 0 0 -15 -13 -13 -14 -12 -16 -11 -16 -11 -17 -10 -18 -10 -18 -9 -19 -9 -19 -9 -20 -8 -20 -8 -21 -8 -22 -8 -22 -8 -23 -9 -24 -9 -24 -9 -26 -11 -26 -11 -27 -13 -27 -14 -28 -15 -29 -17 -30 -19 -31 -20 -32 ]
CSI_DATA,STA,E4:D1:24:F0:BE:00,-57,10,0,0,0,0,0,0,0,0,0,-97,0,5,0,70223167,0,399,0,0,70.6153,128,[-113 -15 24 0 -3 -32 -4 -31 -3 -30 -4 -29 -4 -28 -4 -28 -4 -27 -4 -26 -4 -26 -3 -25 -3 -24 -3 -23 -3 -22 -1 -21 -1 -20 -1 -19 0 -19 1 -18 1 -17 1 -16 2 -15 2 -14 2 -14 3 -13 3 -12 0 0 0 0 0 0 0 0 0 0 0 0 0 0 0 0 0 0 0 0 0 0 -3 -14 -2 -15 -1 -15 0 -15 1 -15 1 -16 2 -16 2 -16 2 -16 3 -16 3 -17 4 -17 4 -18 4 -18 5 -19 4 -20 4 -20 4 -21 4 -22 3 -23 3 -24 2 -26 2 -26 1 -28 1 -30 0 -32 ]
CSI_DATA,STA,E4:D1:24:F0:BE:00,-57,10,0,0,0,0,0,0,0,0,0,-97,0,5,0,70325569,0,399,0,0,70.7177,128,[-113 -15 24 0 11 35 11 35 11 34 11 33 12 32 11 32 11 30 10 30 9 29 9 29 8 27 7 27 6 25 5 24 4 23 4 23 3 22 2 21 1 20 1 19 0 18 -1 17 -2 16 -3 16 -4 14 0 0 0 0 0 0 0 0 0 0 0 0 0 0 0 0 0 0 0 0 0 0 4 15 3 16 2 16 1 16 1 16 0 17 0 17 0 17 -1 18 -2 18 -2 18 -2 19 -2 20 -2 20 -1 21 -1 22 -1 22 -1 23 0 24 1 25 3 27 3 28 4 30 6 31 7 34 9 36 ]
CSI_DATA,STA,E4:D1:24:F0:BE:00,-57,10,0,0,0,0,0,0,0,0,0,-97,0,5,0,70427971,0,399,0,0,70.8202,128,[-113 -15 24 0 -22 -34 -22 -33 -22 -32 -21 -30 -22 -30 -21 -29 -20 -27 -19 -27 -19 -27 -18 -26 -17 -25 -16 -24 -15 -24 -13 -23 -12 -21 -11 -22 -10 -21 -9 -20 -8 -20 -7 -19 -6 -18 -6 -17 -4 -17 -3 -16 -2 -16 0 0 0 0 0 0 0 0 0 0 0 0 0 0 0 0 0 0 0 0 0 0 -12 -15 -10 -15 -9 -17 -9 -17 -8 -18 -8 -18 -8 -19 -7 -19 -7 -19 -7 -21 -6 -21 -7 -22 -6 -22 -6 -23 -7 -23 -7 -25 -8 -25 -8 -27 -9 -27 -10 -27 -12 -28 -13 -30 -14 -31 -16 -32 -18 -33 -20 -35 ]
CSI_DATA,STA,E4:D1:24:F0:BE:00,-57,10,0,0,0,0,0,0,0,0,0,-97,0,5,0,70530372,0,399,0,0,70.9226,128,[-113 -15 24 0 33 -18 32 -18 30 -18 30 -17 28 -18 28 -18 27 -17 26 -17 25 -16 24 -15 24 -14 23 -13 22 -13 21 -12 20 -11 20 -10 19 -9 19 -8 18 -7 17 -6 17 -5 16 -4 15 -3 15 -3 14 -2 0 0 0 0 0 0 0 0 0 0 0 0 0 0 0 0 0 0 0 0 0 0 14 -9 15 -8 16 -7 16 -6 17 -6 17 -5 18 -5 19 -5 19 -4 19 -3 19 -3 21 -3 22 -3 22 -3 23 -3 23 -4 24 -5 25 -5 26 -6 27 -6 28 -8 29 -9 29 -10 31 -11 32 -12 34 -14 ]
CSI_DATA,STA,E4:D1:24:F0:BE:00,-57,10,0,0,0,0,0,0,0,0,0,-97,0,5,0,70632775,0,399,0,0,71.025,128,[-113 -15 24 0 -27 -24 -26 -23 -26 -22 -25 -21 -25 -20 -24 -19 -24 -19 -23 -18 -22 -19 -21 -18 -20 -18 -19 -17 -18 -17 -17 -16 -16 -16 -15 -16 -14 -16 -13 -15 -12 -15 -11 -15 -10 -15 -9 -15 -8 -14 -7 -14 -5 -14 0 0 0 0 0 0 0 0 0 0 0 0 0 0 0 0 0 0 0 0 0 0 -13 -10 -13 -11 -12 -12 -12 -13 -11 -13 -11 -14 -11 -14 -11 -15 -11 -15 -11 -16 -10 -16 -10 -17 -11 -18 -11 -19 -11 -19 -12 -20 -13 -20 -13 -21 -14 -21 -15 -22 -17 -22 -18 -23 -19 -23 -21 -24 -22 -25 -24 -26 ]
CSI_DATA,STA,E4:D1:24:F0:BE:00,-57,10,0,0,0,0,0,0,0,0,0,-97,0,5,0,70735177,0,399,0,0,71.1272,128,[-113 -15 24 0 2 -34 0 -33 1 -32 0 -31 -1 -30 -1 -29 0 -28 -1 -28 -1 -27 -1 -26 -1 -25 0 -24 1 -23 1 -23 2 -21 2 -21 2 -20 3 -19 4 -18 4 -17 4 -16 4 -15 5 -14 6 -14 6 -13 0 0 0 0 0 0 0 0 0 0 0 0 0 0 0 0 0 0 0 0 0 0 -1 -17 1 -17 2 -17 3 -17 4 -17 4 -17 5 -17 6 -18 6 -18 7 -18 7 -18 7 -18 8 -19 8 -19 8 -20 8 -21 8 -21 8 -22 8 -23 8 -24 7 -25 7 -27 6 -28 6 -29 5 -31 5 -33 ]
CSI_DATA,STA,E4:D1:24:F0:BE:00,-57,10,0,0,0,0,0,0,0,0,0,-97,0,5,0,70837579,0,399,0,0,71.2297,128,[-113 -15 24 0 -32 25 -30 25 -29 24 -28 24 -27 24 -27 23 -26 22 -25 22 -24 21 -24 20 -23 19 -23 19 -22 17 -21 16 -21 15 -20 13 -20 12 -20 11 -19 10 -18 9 -18 8 -18 7 -17 6 -17 5 -16 4 0 0 0 0 0 0 0 0 0 0 0 0 0 0 0 0 0 0 0 0 0 0 -15 10 -16 9 -16 8 -17 7 -17 7 -18 7 -18 6 -19 6 -19 6 -19 6 -19 6 -20 6 -21 6 -21 6 -23 6 -23 8 -23 8 -24 9 -25 10 -26 11 -26 12 -28 14 -28 15 -29 18 -30 20 -32 22 ]
CSI_DATA,STA,E4:D1:24:F0:BE:00,-57,10,0,0,0,0,0,0,0,0,0,-97,0,5,0,70939981,0,399,0,0,71.3322,128,[-113 -15 24 0 9 33 9 32 10 30 9 29 10 28 9 28 10 27 9 26 9 26 8 25 8 24 7 23 6 22 5 21 4 20 4 20 3 19 2 19 2 18 1 17 0 16 0 15 -1 15 -2 14 -2 14 0 0 0 0 0 0 0 0 0 0 0 0 0 0 0 0 0 0 0 0 0 0 5 14 4 14 3 15 2 15 2 15 1 16 1 16 0 17 0 17 0 17 -1 17 -1 18 -1 19 -1 19 -1 20 -1 21 -1 21 0 22 0 23 1 24 2 25 3 26 4 27 5 29 6 30 7 32 ]
CSI_DATA,STA,E4:D1:24:F0:BE:00,-57,10,0,0,0,0,0,0,0,0,0,-97,0,5,0,71042383,0,399,0,0,71.4346,128,[-113 -15 24 0 23 -30 22 -30 21 -29 21 -29 19 -29 19 -28 18 -27 18 -27 17 -26 17 -25 16 -24 16 -23 15 -21 16 -20 15 -19 15 -18 15 -17 15 -16 15 -15 14 -14 14 -13 13 -12 13 -11 13 -10 14 -8 0 0 0 0 0 0 0 0 0 0 0 0 0 0 0 0 0 0 0 0 0 0 10 -13 11 -12 12 -12 12 -12 13 -11 13 -11 13 -11 15 -11 15 -11 15 -11 15 -11 17 -11 17 -12 18 -12 19 -12 19 -13 19 -14 20 -15 21 -16 22 -17 22 -19 23 -20 23 -21 23 -23 24 -25 25 -27 ]
CSI_DATA,STA,E4:D1:24:F0:BE:00,-57,10,0,0,0,0,0,0,0,0,0,-97,0,5,0,71144785,0,399,0,0,71.5369,128,[-113 -15 24 0 32 -21 30 -21 30 -21 28 -21 27 -21 26 -21 25 -20 23 -19 23 -20 22 -19 21 -17 20 -17 20 -15 19 -15 18 -13 19 -13 18 -12 18 -11 17 -10 16 -9 16 -8 15 -7 15 -6 14 -6 14 -4 0 0 0 0 0 0 0 0 0 0 0 0 0 0 0 0 0 0 0 0 0 0 13 -13 14 -12 15 -11 16 -10 17 -10 17 -10 18 -9 18 -9 19 -9 20 -8 20 -8 21 -8 22 -8 24 -8 24 -8 25 -9 25 -9 27 -10 27 -10 29 -10 29 -11 30 -13 31 -14 32 -15 33 -17 34 -18 ]
CSI_DATA,STA,E4:D1:24:F0:BE:00,-57,10,0,0,0,0,0,0,0,0,0,-97,0,5,0,71247186,0,399,0,0,71.6393,128,[-113 -15 24 0 -25 28 -23 28 -22 28 -21 26 -20 27 -19 26 -18 26 -18 25 -18 24 -17 23 -17 22 -17 21 -16 20 -15 19 -15 17 -15 17 -15 16 -15 15 -14 14 -15 13 -14 12 -14 11 -14 9 -14 9 -14 8 0 0 0 0 0 0 0 0 0 0 0 0 0 0 0 0 0 0 0 0 0 0 -11 16 -12 15 -13 14 -14 14 -15 14 -15 13 -16 14 -17 13 -18 13 -19 13 -19 12 -20 12 -21 12 -22 13 -22 13 -24 14 -24 14 -24 15 -25 15 -25 17 -25 18 -26 19 -27 20 -27 21 -27 23 -28 25 ]
CSI_DATA,STA,E4:D1:24:F0:BE:00,-57,10,0,0,0,0,0,0,0,0,0,-97,0,5,0,71349588,0,399,0,0,71.7418,128,[-113 -15 24 0 23 32 23 29 22 29 22 27 22 26 21 24 20 23 20 23 19 22 18 21 17 20 17 20 15 19 14 18 13 17 12 17 11 16 11 15 10 15 9 15 8 13 7 13 7 12 6 13 5 12 0 0 0 0 0 0 0 0 0 0 0 0 0 0 0 0 0 0 0 0 0 0 14 13 13 14 12 15 11 15 11 16 10 17 10 18 10 19 10 20 10 20 9 21 9 22 9 23 9 24 9 25 9 25 9 26 10 27 11 27 12 28 13 29 14 30 15 31 17 32 18 33 20 34 ]
CSI_DATA,STA,E4:D1:24:F0:BE:00,-58,10,0,0,0,0,0,0,0,0,0,-97,0,5,0,71451990,0,399,0,0,71.8442,128,[-113 -15 24 0 9 -31 8 -31 7 -29 7 -28 6 -28 6 -27 5 -26 5 -25 5 -25 5 -24 5 -22 5 -22 5 -21 5 -19 5 -18 5 -17 5 -17 6 -16 6 -15 6 -14 5 -14 5 -13 6 -12 6 -11 6 -10 0 0 0 0 0 0 0 0 0 0 0 0 0 0 0 0 0 0 0 0 0 0 0 -16 1 -15 2 -15 3 -16 4 -15 4 -16 5 -16 6 -17 6 -17 7 -17 7 -17 8 -17 9 -18 10 -19 10 -19 10 -20 11 -21 11 -22 11 -22 12 -23 11 -24 11 -26 11 -26 11 -28 11 -29 11 -31 ]
CSI_DATA,STA,E4:D1:24:F0:BE:00,-57,10,0,0,0,0,0,0,0,0,0,-97,0,5,0,71554391,0,399,0,0,71.9464,128,[-113 -15 24 0 -34 -19 -33 -17 -32 -16 -32 -15 -31 -14 -30 -14 -29 -13 -28 -13 -27 -12 -26 -12 -26 -12 -25 -12 -24 -12 -22 -11 -21 -11 -20 -12 -19 -11 -18 -12 -17 -12 -16 -11 -15 -12 -14 -11 -13 -11 -12 -11 -11 -12 0 0 0 0 0 0 0 0 0 0 0 0 0 0 0 0 0 0 0 0 0 0 -18 -7 -17 -8 -17 -10 -17 -10 -16 -11 -17 -12 -16 -12 -17 -14 -17 -14 -16 -15 -17 -15 -17 -16 -17 -17 -17 -18 -18 -18 -18 -19 -19 -19 -19 -19 -21 -20 -21 -20 -24 -20 -25 -21 -26 -20 -28 -20 -30 -21 -32 -22 ]
CSI_DATA,STA,E4:D1:24:F0:BE:00,-57,10,0,0,0,0,0,0,0,0,0,-97,0,5,0,71656793,0,399,0,0,72.049,128,[-113 -15 24 0 -30 -27 -29 -25 -28 -24 -27 -23 -27 -21 -26 -21 -25 -19 -25 -19 -24 -18 -23 -18 -22 -17 -21 -17 -19 -15 -18 -15 -17 -15 -16 -15 -14 -14 -14 -14 -13 -13 -12 -13 -11 -13 -11 -12 -10 -12 -9 -12 -8 -12 0 0 0 0 0 0 0 0 0 0 0 0 0 0 0 0 0 0 0 0 0 0 -17 -10 -16 -11 -15 -13 -14 -13 -14 -14 -14 -15 -14 -15 -14 -16 -14 -16 -14 -18 -13 -18 -14 -19 -14 -20 -15 -21 -15 -22 -15 -23 -16 -23 -17 -24 -18 -24 -19 -25 -21 -25 -22 -27 -23 -27 -24 -28 -26 -29 -27 -30 ]
CSI_DATA,STA,E4:D1:24:F0:BE:00,-57,10,0,0,0,0,0,0,0,0,0,-97,0,5,0,71759195,0,399,0,0,72.1514,128,[-113 -15 24 0 -37 -17 -36 -16 -35 -14 -35 -14 -34 -13 -33 -13 -31 -12 -31 -12 -29 -12 -28 -11 -27 -11 -26 -11 -25 -11 -23 -11 -21 -11 -21 -11 -20 -11 -19 -11 -17 -11 -16 -11 -15 -11 -15 -10 -13 -10 -13 -11 -12 -11 0 0 0 0 0 0 0 0 0 0 0 0 0 0 0 0 0 0 0 0 0 0 -16 -6 -16 -7 -16 -8 -16 -9 -16 -10 -16 -10 -16 -11 -16 -11 -17 -12 -16 -13 -17 -13 -18 -14 -18 -15 -19 -16 -19 -16 -20 -16 -21 -17 -22 -18 -23 -18 -24 -18 -25 -18 -27 -18 -29 -18 -31 -19 -33 -19 -35 -20 ]
CSI_DATA,STA,E4:D1:24:F0:BE:00,-57,10,0,0,0,0,0,0,0,0,0,-97,0,5,0,71861597,0,399,0,0,72.2538,128,[-113 -15 24 0 26 29 25 27 26 27 25 26 25 25 24 24 23 23 22 23 21 22 20 22 19 21 18 21 17 20 16 19 14 18 14 18 12 18 12 17 11 17 9 16 9 16 8 16 6 16 6 15 4 15 0 0 0 0 0 0 0 0 0 0 0 0 0 0 0 0 0 0 0 0 0 0 13 11 12 12 11 13 11 13 11 14 10 14 11 15 10 16 11 17 10 17 9 18 10 19 10 21 10 21 11 22 11 22 11 23 12 24 13 24 15 25 16 26 17 26 18 28 20 29 21 30 23 31 ]
CSI_DATA,STA,E4:D1:24:F0:BE:00,-57,10,0,0,0,0,0,0,0,0,0,-97,0,5,0,71963998,0,399,0,0,72.3562,128,[-113 -15 24 0 -28 -27 -28 -26 -27 -25 -27 -24 -27 -23 -27 -22 -26 -22 -25 -21 -24 -21 -23 -21 -22 -20 -21 -20 -20 -19 -19 -19 -17 -19 -16 -18 -15 -18 -14 -18 -13 -18 -12 -17 -11 -16 -10 -16 -9 -16 -7 -16 -6 -16 0 0 0 0 0 0 0 0 0 0 0 0 0 0 0 0 0 0 0 0 0 0 -15 -12 -14 -13 -13 -14 -13 -14 -12 -15 -12 -16 -12 -16 -12 -17 -12 -18 -11 -18 -11 -19 -11 -20 -11 -21 -12 -22 -12 -22 -12 -23 -13 -23 -13 -24 -14 -24 -16 -25 -17 -25 -18 -26 -19 -27 -21 -28 -22 -29 -25 -29 ]
CSI_DATA,STA,E4:D1:24:F0:BE:00,-57,10,0,0,0,0,0,0,0,0,0,-97,0,5,0,72066400,0,399,0,0,72.4586,128,[-113 -15 24 0 11 -36 9 -35 9 -34 9 -34 8 -33 8 -32 8 -31 7 -30 7 -29 7 -29 6 -27 7 -26 6 -25 7 -23 8 -22 7 -21 8 -20 8 -19 8 -18 8 -17 8 -16 8 -14 8 -14 8 -13 9 -12 0 0 0 0 0 0 0 0 0 0 0 0 0 0 0 0 0 0 0 0 0 0 4 -17 6 -17 7 -16 7 -16 8 -16 9 -16 9 -16 10 -17 10 -16 10 -17 11 -17 12 -17 12 -17 13 -18 14 -19 14 -20 14 -20 14 -21 14 -23 15 -23 14 -25 15 -26 14 -28 14 -30 14 -32 14 -34 ]
CSI_DATA,STA,E4:D1:24:F0:BE:00,-58,10,0,0,0,0,0,0,0,0,0,-97,0,5,0,72168802,0,399,0,0,72.561,128,[-113 -15 24 0 29 -21 28 -21 27 -21 27 -20 26 -20 25 -20 24 -19 23 -19 23 -18 22 -18 21 -16 20 -15 20 -14 20 -13 19 -12 19 -11 18 -10 18 -9 17 -8 16 -7 16 -6 15 -6 14 -5 14 -4 14 -3 0 0 0 0 0 0 0 0 0 0 0 0 0 0 0 0 0 0 0 0 0 0 12 -12 14 -11 15 -10 15 -9 16 -9 16 -8 17 -8 17 -8 18 -7 18 -7 19 -7 20 -7 20 -7 21 -7 21 -6 23 -7 23 -7 24 -8 24 -9 25 -9 25 -11 27 -12 27 -14 28 -15 29 -17 31 -19 ]
CSI_DATA,STA,E4:D1:24:F0:BE:00,-57,10,0,0,0,0,0,0,0,0,0,-97,0,5,0,72271204,0,399,0,0,72.6633,128,[-113 -15 24 0 -37 10 -36 10 -35 11 -34 11 -33 10 -32 10 -31 10 -30 10 -29 10 -28 8 -27 8 -26 7 -25 6 -24 5 -23 4 -23 3 -22 3 -21 2 -20 1 -19 1 -18 0 -17 0 -17 -2 -16 -2 -15 -2 0 0 0 0 0 0 0 0 0 0 0 0 0 0 0 0 0 0 0 0 0 0 -17 7 -17 5 -18 4 -18 3 -19 3 -19 2 -19 2 -20 2 -20 1 -20 1 -20 0 -22 0 -23 0 -23 -1 -24 -1 -25 0 -25 0 -27 0 -27 1 -28 1 -29 3 -30 3 -32 4 -34 5 -35 6 -37 7 ]
CSI_DATA,STA,E4:D1:24:F0:BE:00,-58,10,0,0,0,0,0,0,0,0,0,-97,0,5,0,72373606,0,399,0,0,72.7657,128,[-113 -15 24 0 -40 5 -38 6 -38 6 -36 6 -36 6 -35 7 -33 6 -32 6 -31 5 -30 4 -30 4 -29 3 -27 3 -26 3 -24 2 -24 1 -23 0 -23 0 -22 -1 -20 -1 -20 -1 -19 -2 -18 -3 -17 -4 -17 -5 0 0 0 0 0 0 0 0 0 0 0 0 0 0 0 0 0 0 0 0 0 0 -19 4 -19 2 -20 1 -19 -1 -20 -1 -20 -1 -20 -2 -21 -2 -21 -2 -21 -4 -21 -4 -21 -4 -23 -5 -23 -5 -24 -5 -25 -4 -26 -4 -27 -4 -28 -3 -30 -3 -30 -1 -32 -1 -33 -1 -35 0 -37 0 -40 2 ]
CSI_DATA,STA,E4:D1:24:F0:BE:00,-58,10,0,0,0,0,0,0,0,0,0,-97,0,5,0,72476008,0,399,0,0,72.8682,128,[-113 -15 24 0 -19 -35 -19 -34 -19 -34 -19 -32 -18 -32 -17 -31 -16 -30 -16 -30 -16 -29 -15 -28 -15 -27 -14 -27 -12 -25 -11 -25 -10 -23 -9 -23 -8 -22 -7 -22 -6 -22 -5 -21 -5 -20 -4 -19 -3 -19 -2 -18 -1 -18 0 0 0 0 0 0 0 0 0 0 0 0 0 0 0 0 0 0 0 0 0 0 -10 -17 -8 -17 -7 -18 -6 -18 -5 -18 -5 -18 -4 -19 -4 -20 -4 -20 -3 -20 -3 -20 -3 -21 -3 -22 -4 -23 -3 -23 -4 -24 -4 -25 -5 -26 -5 -26 -6 -27 -7 -28 -9 -30 -10 -31 -12 -31 -14 -34 -15 -35 ]
CSI_DATA,STA,E4:D1:24:F0:BE:00,-58,10,0,0,0,0,0,0,0,0,0,-97,0,5,0,72578409,0,399,0,0,72.9706,128,[-113 -15 24 0 -35 13 -33 13 -32 13 -31 13 -30 13 -29 13 -28 12 -27 12 -26 12 -25 11 -25 10 -24 9 -23 9 -22 8 -21 7 -21 6 -20 6 -19 5 -18 4 -18 3 -17 2 -16 2 -16 1 -15 0 -15 0 0 0 0 0 0 0 0 0 0 0 0 0 0 0 0 0 0 0 0 0 0 0 -16 8 -17 7 -18 6 -18 5 -19 4 -18 4 -19 3 -20 3 -20 3 -21 2 -20 2 -22 1 -22 2 -23 1 -23 1 -25 1 -25 1 -26 2 -26 3 -28 3 -28 5 -29 6 -31 6 -31 7 -33 9 -34 10 ]
CSI_DATA,STA,E4:D1:24:F0:BE:00,-57,10,0,0,0,0,0,0,0,0,0,-97,0,5,0,72680811,0,399,0,0,73.073,128,[-113 -15 24 0 31 20 31 19 30 19 30 18 29 18 28 16 28 16 27 16 26 16 25 15 24 15 23 15 21 15 20 15 18 14 18 15 17 14 16 14 15 14 13 14 13 14 12 13 11 13 9 14 8 14 0 0 0 0 0 0 0 0 0 0 0 0 0 0 0 0 0 0 0 0 0 0 14 9 13 10 12 11 12 12 12 12 11 13 11 14 11 14 11 15 11 15 11 15 11 16 12 17 11 17 12 18 12 18 13 18 14 19 16 19 17 20 19 20 20 20 22 20 24 21 26 22 28 22 ]
CSI_DATA,STA,E4:D1:24:F0:BE:00,-57,10,0,0,0,0,0,0,0,0,0,-97,0,5,0,72783213,0,399,0,0,73.1754,128,[-113 -15 24 0 32 -24 31 -24 30 -24 29 -23 27 -23 27 -23 26 -22 25 -21 24 -20 23 -20 23 -19 22 -17 21 -16 20 -15 20 -14 20 -13 19 -12 19 -11 18 -10 17 -9 16 -8 16 -7 15 -7 15 -5 14 -5 0 0 0 0 0 0 0 0 0 0 0 0 0 0 0 0 0 0 0 0 0 0 13 -12 15 -11 15 -10 16 -10 17 -9 17 -9 18 -8 18 -8 18 -7 19 -7 19 -7 20 -7 21 -7 21 -7 22 -7 23 -8 23 -9 25 -9 25 -11 26 -11 26 -13 28 -14 28 -16 30 -18 31 -20 32 -22 ]
CSI_DATA,STA,E4:D1:24:F0:BE:00,-58,10,0,0,0,0,0,0,0,0,0,-97,0,5,0,72885615,0,399,0,0,73.2778,128,[-113 -15 24 0 -32 19 -31 19 -29 19 -28 18 -28 18 -27 18 -26 17 -25 17 -24 16 -24 16 -23 14 -23 13 -22 13 -21 12 -20 10 -20 9 -19 9 -19 8 -18 7 -17 6 -17 5 -16 5 -16 4 -15 3 -16 2 0 0 0 0 0 0 0 0 0 0 0 0 0 0 0 0 0 0 0 0 0 0 -15 9 -15 8 -16 7 -17 6 -17 6 -18 5 -18 5 -18 4 -19 5 -19 4 -19 3 -20 4 -21 3 -21 4 -22 4 -23 5 -23 5 -24 6 -24 6 -25 7 -26 8 -27 10 -28 11 -29 13 -30 14 -31 16 ]
CSI_DATA,STA,E4:D1:24:F0:BE:00,-58,10,0,0,0,0,0,0,0,0,0,-97,0,5,0,72988017,0,399,0,0,73.38,128,[-113 -15 24 0 35 -14 34 -13 34 -14 33 -14 32 -13 31 -13 30 -12 29 -11 29 -11 28 -10 27 -10 25 -9 24 -8 23 -6 22 -6 22 -5 21 -4 20 -4 19 -3 18 -3 17 -2 16 -1 16 0 15 0 15 1 0 0 0 0 0 0 0 0 0 0 0 0 0 0 0 0 0 0 0 0 0 0 16 -9 16 -7 17 -7 17 -5 18 -5 18 -4 19 -3 19 -4 19 -3 20 -3 20 -2 21 -2 22 -2 22 -2 23 -2 24 -2 24 -2 25 -3 26 -4 27 -3 28 -5 30 -6 31 -7 32 -8 34 -9 37 -12 ]
CSI_DATA,STA,E4:D1:24:F0:BE:00,-57,10,0,0,0,0,0,0,0,0,0,-97,0,5,0,73090419,0,399,0,0,73.4825,128,[-113 -15 24 0 35 -17 33 -17 32 -17 32 -16 30 -17 30 -17 28 -16 28 -16 27 -15 26 -14 25 -13 24 -12 23 -11 22 -10 22 -9 21 -8 20 -7 20 -6 19 -6 18 -5 18 -4 16 -4 16 -3 16 -2 15 -1 0 0 0 0 0 0 0 0 0 0 0 0 0 0 0 0 0 0 0 0 0 0 16 -10 16 -9 17 -8 17 -7 18 -6 18 -6 19 -6 19 -5 20 -4 20 -4 20 -3 21 -3 22 -3 23 -3 23 -3 24 -4 24 -4 26 -5 26 -6 27 -6 28 -8 30 -8 30 -10 32 -11 34 -12 35 -14 ]
CSI_DATA,STA,E4:D1:24:F0:BE:00,-57,10,0,0,0,0,0,0,0,0,0,-97,0,5,0,73192821,0,399,0,0,73.585,128,[-113 -15 24 0 -21 27 -20 27 -19 26 -18 25 -16 25 -17 25 -16 24 -15 23 -16 23 -16 21 -15 20 -15 19 -14 18 -14 17 -14 16 -14 15 -13 14 -13 14 -13 12 -13 11 -13 10 -12 10 -12 8 -12 8 -12 6 0 0 0 0 0 0 0 0 0 0 0 0 0 0 0 0 0 0 0 0 0 0 -10 13 -11 12 -12 11 -13 11 -13 11 -14 10 -14 10 -15 10 -15 10 -16 10 -16 9 -17 10 -17 10 -18 10 -18 11 -19 12 -19 12 -20 13 -19 14 -20 15 -20 16 -21 18 -21 19 -21 20 -22 22 -22 24 ]
CSI_DATA,STA,E4:D1:24:F0:BE:00,-57,10,0,0,0,0,0,0,0,0,0,-97,0,5,0,73295222,0,399,0,0,73.6874,128,[-113 -15 24 0 19 24 19 23 18 22 17 22 18 21 17 20 17 20 16 19 15 18 14 18 14 17 12 17 12 16 11 16 10 15 9 15 9 15 8 14 7 13 6 13 6 12 5 12 4 12 3 12 3 11 0 0 0 0 0 0 0 0 0 0 0 0 0 0 0 0 0 0 0 0 0 0 9 11 9 11 8 12 7 12 7 13 6 13 6 14 6 14 6 15 5 15 5 15 5 16 4 16 5 17 6 17 6 18 6 18 7 19 8 19 9 20 10 20 11 21 12 22 13 23 15 24 16 25 ]
CSI_DATA,STA,E4:D1:24:F0:BE:00,-57,10,0,0,0,0,0,0,0,0,0,-97,0,5,0,73397624,0,399,0,0,73.7898,128,[-113 -15 24 0 -21 34 -20 33 -19 32 -17 31 -17 31 -17 30 -16 29 -16 29 -15 28 -15 27 -15 26 -15 25 -14 23 -14 22 -14 20 -14 19 -14 19 -14 17 -14 16 -14 15 -14 13 -13 12 -13 11 -13 10 -13 9 0 0 0 0 0 0 0 0 0 0 0 0 0 0 0 0 0 0 0 0 0 0 -10 16 -12 15 -13 14 -13 14 -14 13 -15 13 -15 13 -16 13 -16 13 -17 13 -17 12 -18 13 -19 14 -19 13 -20 14 -20 15 -20 16 -21 17 -21 18 -21 19 -21 20 -22 23 -22 24 -22 26 -22 29 -22 31 ]
CSI_DATA,STA,E4:D1:24:F0:BE:00,-57,10,0,0,0,0,0,0,0,0,0,-97,0,5,0,73500026,0,399,0,0,73.8922,128,[-113 -15 24 0 11 -38 11 -37 10 -36 9 -35 9 -34 8 -33 8 -32 8 -31 8 -31 8 -29 8 -28 8 -27 8 -25 8 -24 8 -22 8 -21 9 -20 8 -19 9 -18 8 -17 9 -15 8 -14 8 -13 8 -13 9 -11 0 0 0 0 0 0 0 0 0 0 0 0 0 0 0 0 0 0 0 0 0 0 5 -18 6 -17 7 -17 8 -17 9 -17 9 -17 10 -17 10 -18 11 -17 12 -17 12 -17 12 -18 13 -19 14 -19 14 -20 14 -20 14 -22 15 -22 14 -24 15 -24 14 -26 15 -28 14 -30 14 -31 14 -34 15 -36 ]
CSI_DATA,STA,E4:D1:24:F0:BE:00,-57,10,0,0,0,0,0,0,0,0,0,-97,0,5,0,73602429,0,399,0,0,73.9946,128,[-113 -15 24 0 -14 33 -13 32 -13 31 -12 30 -11 30 -11 29 -10 28 -10 27 -10 26 -10 25 -10 24 -10 23 -10 21 -10 20 -10 19 -10 18 -10 17 -10 16 -10 15 -10 14 -10 13 -10 12 -10 11 -10 11 -10 10 0 0 0 0 0 0 0 0 0 0 0 0 0 0 0 0 0 0 0 0 0 0 -5 15 -7 15 -8 15 -8 15 -9 15 -9 14 -10 14 -11 15 -11 15 -12 15 -12 15 -13 15 -13 16 -14 16 -14 16 -15 17 -15 18 -16 19 -15 20 -16 21 -15 22 -15 24 -15 26 -15 27 -15 29 -15 31 ]
CSI_DATA,STA,E4:D1:24:F0:BE:00,-58,10,0,0,0,0,0,0,0,0,0,-97,0,5,0,73704831,0,399,0,0,74.0969,128,[-113 -15 24 0 34 -13 32 -13 32 -13 31 -13 30 -13 29 -13 28 -13 27 -13 26 -12 25 -11 24 -11 23 -9 22 -9 21 -8 20 -7 19 -6 19 -5 18 -5 17 -4 16 -4 15 -3 14 -3 14 -2 13 -2 13 0 0 0 0 0 0 0 0 0 0 0 0 0 0 0 0 0 0 0 0 0 0 0 16 -7 16 -6 17 -5 17 -4 18 -3 18 -3 18 -3 19 -2 19 -1 19 -1 19 0 20 -1 21 0 22 0 22 -1 23 -1 23 -1 25 -2 25 -2 26 -3 27 -5 29 -5 30 -6 31 -7 32 -9 35 -10 ]
CSI_DATA,STA,E4:D1:24:F0:BE:00,-58,10,0,0,0,0,0,0,0,0,0,-97,0,5,0,73807233,0,399,0,0,74.1994,128,[-113 -15 24 0 5 -37 4 -36 4 -35 3 -34 2 -33 2 -33 2 -32 2 -31 2 -31 2 -29 2 -28 2 -26 2 -26 4 -24 4 -23 4 -22 4 -21 5 -20 5 -19 5 -18 5 -17 5 -16 5 -15 6 -14 7 -13 0 0 0 0 0 0 0 0 0 0 0 0 0 0 0 0 0 0 0 0 0 0 2 -19 3 -18 5 -19 5 -18 6 -18 7 -18 8 -18 9 -19 9 -18 9 -19 10 -19 10 -19 11 -20 11 -20 12 -20 11 -21 11 -21 11 -24 11 -24 11 -25 11 -26 10 -28 10 -29 9 -31 9 -33 9 -35 ]
CSI_DATA,STA,E4:D1:24:F0:BE:00,-57,10,0,0,0,0,0,0,0,0,0,-97,0,5,0,73909635,0,399,0,0,74.3018,128,[-113 -15 24 0 35 11 34 11 33 10 32 9 32 9 30 9 29 8 28 8 27 8 26 8 25 8 24 8 22 9 21 8 19 8 18 9 17 9 16 9 15 8 14 8 13 8 12 9 11 8 11 8 9 9 0 0 0 0 0 0 0 0 0 0 0 0 0 0 0 0 0 0 0 0 0 0 18 1 17 3 17 4 17 5 17 6 17 7 17 8 17 8 17 9 17 10 17 10 18 11 18 12 19 13 19 12 20 13 20 13 22 13 23 13 24 13 26 13 27 13 28 13 30 14 32 14 35 13 ]
CSI_DATA,STA,E4:D1:24:F0:BE:00,-58,10,0,0,0,0,0,0,0,0,0,-97,0,5,0,74012036,0,399,0,0,74.4042,128,[-113 -15 24 0 -10 -32 -11 -30 -10 -30 -10 -29 -10 -27 -10 -27 -10 -26 -10 -25 -9 -25 -9 -24 -8 -23 -8 -21 -7 -21 -6 -20 -5 -19 -5 -18 -4 -18 -3 -17 -3 -17 -3 -16 -2 -15 -2 -14 -1 -13 -1 -13 0 -12 0 0 0 0 0 0 0 0 0 0 0 0 0 0 0 0 0 0 0 0 0 0 -7 -15 -6 -16 -5 -16 -4 -17 -4 -17 -3 -17 -2 -18 -2 -18 -2 -19 -1 -19 -1 -19 0 -20 0 -20 0 -21 0 -21 -1 -23 0 -23 -1 -24 -1 -24 -2 -25 -3 -26 -4 -27 -4 -28 -5 -29 -6 -31 -7 -32 ]
CSI_DATA,STA,E4:D1:24:F0:BE:00,-57,10,0,0,0,0,0,0,0,0,0,-97,0,5,0,74114438,0,399,0,0,74.5066,128,[-113 -15 24 0 31 -24 29 -24 28 -24 27 -22 26 -22 26 -21 24 -20 23 -20 23 -20 22 -19 21 -18 20 -17 19 -15 19 -14 18 -13 18 -12 17 -12 16 -11 16 -10 15 -9 15 -8 14 -7 13 -6 13 -6 13 -5 0 0 0 0 0 0 0 0 0 0 0 0 0 0 0 0 0 0 0 0 0 0 12 -13 12 -11 13 -11 14 -10 15 -10 15 -10 16 -9 17 -10 18 -10 18 -9 18 -8 19 -9 20 -9 21 -9 21 -9 22 -10 22 -10 24 -11 24 -12 25 -13 26 -14 27 -16 28 -17 29 -19 30 -20 32 -22 ]
CSI_DATA,STA,E4:D1:24:F0:BE:00,-58,10,0,0,0,0,0,0,0,0,0,-97,0,5,0,74216840,0,399,0,0,74.609,128,[-113 -15 24 0 25 -22 23 -21 23 -21 22 -20 21 -20 21 -20 20 -19 19 -18 19 -18 18 -17 18 -16 17 -15 16 -14 17 -13 15 -12 16 -11 15 -10 15 -9 14 -8 13 -8 13 -7 12 -6 11 -6 11 -5 11 -4 0 0 0 0 0 0 0 0 0 0 0 0 0 0 0 0 0 0 0 0 0 0 10 -13 11 -11 13 -11 13 -10 14 -10 14 -9 15 -9 15 -8 16 -8 16 -8 16 -7 17 -8 17 -8 18 -8 18 -8 19 -9 19 -9 20 -10 19 -10 21 -11 21 -12 22 -14 23 -15 23 -16 24 -18 25 -20 ]
CSI_DATA,STA,E4:D1:24:F0:BE:00,-57,10,0,0,0,0,0,0,0,0,0,-97,0,5,0,74319242,0,399,0,0,74.7114,128,[-113 -15 24 0 -36 20 -34 20 -32 19 -31 20 -29 20 -29 19 -27 19 -27 19 -26 17 -25 16 -24 15 -24 15 -23 14 -22 13 -21 11 -21 11 -20 11 -20 10 -19 8 -19 8 -19 7 -18 6 -17 5 -17 4 -17 2 0 0 0 0 0 0 0 0 0 0 0 0 0 0 0 0 0 0 0 0 0 0 -15 11 -16 9 -17 9 -18 8 -18 7 -19 7 -19 7 -20 7 -21 6 -21 6 -22 5 -22 5 -23 4 -24 5 -25 5 -25 6 -26 6 -27 7 -27 8 -28 9 -29 11 -31 12 -31 13 -33 14 -35 15 -35 18 ]
CSI_DATA,STA,E4:D1:24:F0:BE:00,-57,10,0,0,0,0,0,0,0,0,0,-97,0,5,0,74421644,0,399,0,0,74.8138,128,[-113 -15 24 0 -3 38 -2 37 -2 36 -2 35 -1 34 -2 33 -1 32 -2 31 -2 30 -2 28 -2 28 -3 26 -3 25 -3 24 -4 22 -4 22 -5 21 -5 20 -6 19 -6 18 -6 17 -6 16 -6 15 -7 14 -7 13 0 0 0 0 0 0 0 0 0 0 0 0 0 0 0 0 0 0 0 0 0 0 -1 17 -2 16 -4 16 -4 16 -5 17 -6 17 -7 17 -7 17 -7 17 -8 17 -8 17 -8 18 -9 18 -9 19 -9 19 -9 20 -9 21 -9 22 -8 23 -8 25 -7 26 -7 28 -6 29 -6 32 -5 33 -5 36 ]
CSI_DATA,STA,E4:D1:24:F0:BE:00,-57,10,0,0,0,0,0,0,0,0,0,-97,0,5,0,74524046,0,399,0,0,74.9161,128,[-113 -15 24 0 38 -8 36 -8 36 -8 34 -8 33 -8 32 -8 31 -7 30 -8 30 -7 28 -6 28 -6 26 -5 25 -4 24 -4 22 -3 22 -2 21 -1 20 -1 20 -1 19 0 18 1 17 2 16 2 15 3 15 3 0 0 0 0 0 0 0 0 0 0 0 0 0 0 0 0 0 0 0 0 0 0 15 -5 15 -4 16 -3 16 -2 16 -2 16 -1 17 -1 18 -1 18 0 18 0 18 1 19 2 20 2 21 1 22 1 23 1 23 1 25 1 26 0 27 0 28 -1 30 -3 31 -3 34 -3 36 -4 38 -6 ]
CSI_DATA,STA,E4:D1:24:F0:BE:00,-58,10,0,0,0,0,0,0,0,0,0,-97,0,5,0,74626446,0,399,0,0,75.0187,128,[-113 -15 24 0 3 33 3 32 3 31 3 30 4 29 4 28 3 27 3 26 3 25 3 24 3 23 2 22 2 21 1 20 1 19 0 18 0 18 -1 16 -1 16 -1 15 -1 14 -2 14 -2 13 -3 12 -3 12 0 0 0 0 0 0 0 0 0 0 0 0 0 0 0 0 0 0 0 0 0 0 2 14 1 14 1 15 -1 15 -1 15 -1 15 -2 16 -2 16 -3 17 -3 17 -3 17 -4 18 -4 18 -4 19 -4 20 -4 20 -5 22 -4 22 -3 23 -3 24 -3 25 -2 27 -2 28 -1 30 0 31 0 33 ]
CSI_DATA,STA,E4:D1:24:F0:BE:00,-58,10,0,0,0,0,0,0,0,0,0,-97,0,5,0,74728848,0,399,0,0,75.1211,128,[-113 -15 24 0 27 -24 25 -24 25 -24 23 -23 23 -23 22 -23 21 -21 20 -21 20 -21 19 -20 19 -18 19 -18 18 -17 17 -16 17 -14 16 -13 16 -12 16 -12 15 -11 15 -10 15 -9 14 -8 14 -8 14 -7 14 -5 0 0 0 0 0 0 0 0 0 0 0 0 0 0 0 0 0 0 0 0 0 0 12 -13 12 -12 13 -11 13 -10 14 -10 15 -9 15 -9 16 -9 16 -9 17 -8 17 -8 17 -8 18 -8 19 -9 19 -9 20 -10 20 -10 21 -11 22 -12 22 -13 23 -14 24 -16 24 -16 26 -18 27 -20 28 -22 ]
CSI_DATA,STA,E4:D1:24:F0:BE:00,-57,10,0,0,0,0,0,0,0,0,0,-97,0,5,0,74831250,0,399,0,0,75.2235,128,[-113 -15 24 0 26 -22 24 -21 24 -21 23 -20 22 -20 21 -19 20 -19 19 -18 19 -18 18 -17 18 -16 17 -15 16 -13 16 -13 15 -12 15 -11 14 -11 14 -10 14 -9 13 -8 13 -7 13 -7 12 -6 12 -5 12 -4 0 0 0 0 0 0 0 0 0 0 0 0 0 0 0 0 0 0 0 0 0 0 10 -12 11 -11 12 -11 12 -10 13 -10 14 -9 15 -9 15 -9 15 -9 16 -8 16 -8 17 -8 18 -8 18 -8 18 -8 19 -9 20 -9 21 -10 21 -11 22 -12 23 -13 23 -14 24 -15 26 -16 26 -17 27 -19 ]
CSI_DATA,STA,E4:D1:24:F0:BE:00,-58,10,0,0,0,0,0,0,0,0,0,-97,0,5,0,74933652,0,399,0,0,75.3258,128,[-113 -15 24 0 -35 -9 -34 -7 -33 -6 -32 -6 -32 -5 -31 -5 -30 -4 -29 -5 -28 -4 -27 -4 -26 -4 -25 -4 -24 -5 -23 -5 -21 -5 -20 -5 -19 -6 -19 -6 -18 -6 -17 -6 -16 -6 -15 -6 -14 -6 -13 -7 -13 -7 0 0 0 0 0 0 0 0 0 0 0 0 0 0 0 0 0 0 0 0 0 0 -19 -1 -18 -2 -18 -4 -18 -5 -18 -6 -18 -6 -19 -7 -19 -8 -19 -9 -19 -9 -19 -9 -19 -10 -20 -11 -20 -11 -21 -12 -22 -12 -23 -12 -23 -13 -24 -12 -25 -12 -27 -12 -28 -12 -29 -11 -31 -11 -33 -11 -35 -10 ]
CSI_DATA,STA,E4:D1:24:F0:BE:00,-57,10,0,0,0,0,0,0,0,0,0,-97,0,5,0,75036054,0,399,0,0,75.4282,128,[-113 -15 24 0 -26 28 -25 28 -24 27 -23 27 -22 26 -22 26 -21 24 -20 24 -19 23 -19 22 -19 21 -18 19 -18 19 -17 18 -16 16 -16 16 -16 15 -16 14 -16 12 -15 12 -15 11 -14 10 -14 9 -14 8 -15 7 0 0 0 0 0 0 0 0 0 0 0 0 0 0 0 0 0 0 0 0 0 0 -11 14 -13 13 -14 12 -15 12 -16 11 -16 11 -17 11 -17 11 -17 11 -18 10 -19 10 -19 10 -20 10 -20 11 -21 11 -21 12 -22 13 -22 13 -23 14 -23 16 -24 17 -24 19 -25 20 -26 21 -26 24 -27 26 ]
CSI_DATA,STA,E4:D1:24:F0:BE:00,-58,10,0,0,0,0,0,0,0,0,0,-97,0,5,0,75138456,0,399,0,0,75.5306,128,[-113 -15 24 0 26 -27 24 -26 24 -26 22 -25 22 -25 21 -24 20 -23 19 -23 19 -22 18 -21 17 -20 16 -19 16 -17 16 -17 15 -15 15 -15 15 -14 15 -13 15 -12 14 -11 14 -10 13 -9 13 -9 13 -8 12 -6 0 0 0 0 0 0 0 0 0 0 0 0 0 0 0 0 0 0 0 0 0 0 10 -15 11 -14 12 -14 13 -13 14 -12 14 -12 15 -11 15 -11 16 -12 17 -11 17 -10 18 -10 18 -11 19 -11 20 -11 21 -12 20 -12 21 -14 22 -14 23 -15 23 -16 24 -18 25 -19 25 -21 26 -23 27 -25 ]
CSI_DATA,STA,E4:D1:24:F0:BE:00,-57,10,0,0,0,0,0,0,0,0,0,-97,0,5,0,75240858,0,399,0,0,75.6329,128,[-113 -15 24 0 -3 -40 -4 -38 -3 -37 -3 -36 -4 -34 -4 -34 -3 -32 -3 -31 -3 -30 -3 -29 -2 -27 -2 -26 -2 -25 -1 -24 -1 -22 0 -22 0 -21 0 -20 1 -19 1 -18 1 -17 2 -16 2 -16 3 -15 3 -14 0 0 0 0 0 0 0 0 0 0 0 0 0 0 0 0 0 0 0 0 0 0 -6 -18 -4 -19 -3 -20 -2 -19 -1 -20 0 -20 0 -21 1 -21 1 -21 3 -22 3 -22 4 -23 4 -24 5 -24 5 -25 4 -26 4 -26 4 -28 4 -29 4 -30 3 -31 2 -32 2 -34 2 -35 1 -37 1 -40 ]
CSI_DATA,STA,E4:D1:24:F0:BE:00,-57,10,0,0,0,0,0,0,0,0,0,-97,0,5,0,75343259,0,399,0,0,75.7353,128,[-113 -15 24 0 -20 32 -19 32 -18 31 -17 31 -17 29 -17 29 -16 27 -15 27 -14 26 -13 25 -13 23 -13 22 -13 21 -13 21 -12 19 -12 18 -12 17 -13 15 -12 14 -12 13 -12 12 -11 11 -11 11 -11 10 -12 8 0 0 0 0 0 0 0 0 0 0 0 0 0 0 0 0 0 0 0 0 0 0 -8 16 -9 15 -10 15 -11 15 -12 14 -13 14 -14 14 -15 14 -15 14 -16 14 -16 14 -17 14 -18 15 -18 14 -19 15 -19 16 -20 17 -20 18 -20 19 -21 19 -21 21 -21 23 -21 24 -21 26 -22 28 -22 30 ]
CSI_DATA,STA,E4:D1:24:F0:BE:00,-57,10,0,0,0,0,0,0,0,0,0,-97,0,5,0,75445661,0,399,0,0,75.8378,128,[-113 -15 24 0 -29 30 -26 29 -25 29 -24 27 -23 27 -23 27 -21 25 -20 25 -20 24 -19 23 -19 22 -18 20 -18 19 -17 18 -16 17 -16 16 -16 15 -16 14 -15 13 -14 12 -14 11 -14 10 -14 9 -13 8 -13 7 0 0 0 0 0 0 0 0 0 0 0 0 0 0 0 0 0 0 0 0 0 0 -12 14 -13 13 -14 13 -14 12 -16 12 -16 12 -17 12 -17 12 -18 12 -19 11 -19 11 -20 11 -21 11 -22 11 -22 12 -24 13 -24 13 -25 14 -25 15 -25 17 -26 18 -27 20 -28 21 -28 23 -29 25 -30 27 ]
CSI_DATA,STA,E4:D1:24:F0:BE:00,-58,10,0,0,0,0,0,0,0,0,0,-97,0,5,0,75548062,0,399,0,0,75.9403,128,[-113 -15 24 0 32 -9 30 -9 30 -9 28 -9 27 -10 27 -10 25 -9 24 -9 24 -9 23 -8 22 -8 21 -7 20 -6 19 -5 18 -4 18 -5 17 -4 17 -4 15 -3 15 -3 14 -2 13 -2 13 -1 12 0 11 0 0 0 0 0 0 0 0 0 0 0 0 0 0 0 0 0 0 0 0 0 0 0 14 -6 15 -5 15 -4 15 -3 16 -3 16 -2 16 -2 17 -2 17 -1 17 -1 17 0 18 0 19 1 20 1 20 1 21 0 21 0 22 0 23 -1 24 -1 25 -3 26 -3 27 -4 28 -4 30 -5 31 -7 ]
CSI_DATA,STA,E4:D1:24:F0:BE:00,-57,10,0,0,0,0,0,0,0,0,0,-97,0,5,0,75650464,0,399,0,0,76.0427,128,[-113 -15 24 0 -35 18 -34 18 -32 18 -32 17 -30 17 -30 17 -28 16 -27 16 -26 15 -26 14 -25 13 -24 12 -23 11 -22 10 -21 9 -20 8 -20 7 -20 6 -18 5 -18 5 -17 4 -16 3 -16 2 -15 2 -15 0 0 0 0 0 0 0 0 0 0 0 0 0 0 0 0 0 0 0 0 0 0 0 -15 8 -15 8 -16 7 -16 6 -17 5 -18 5 -18 5 -19 5 -19 4 -20 4 -20 4 -20 4 -21 4 -22 4 -23 4 -23 5 -24 5 -25 6 -26 6 -26 7 -28 9 -29 10 -30 11 -32 12 -33 14 -34 16 ]
CSI_DATA,STA,E4:D1:24:F0:BE:00,-57,10,0,0,0,0,0,0,0,0,0,-97,0,5,0,75752866,0,399,0,0,76.145,128,[-113 -15 24 0 -40 -2 -39 -1 -36 -1 -36 0 -34 0 -33 0 -32 0 -31 0 -29 1 -28 0 -28 0 -26 -1 -25 -1 -23 -2 -22 -2 -21 -2 -20 -3 -19 -3 -18 -3 -17 -3 -16 -4 -15 -4 -14 -4 -13 -4 -13 -5 0 0 0 0 0 0 0 0 0 0 0 0 0 0 0 0 0 0 0 0 0 0 -19 2 -19 0 -18 -2 -19 -2 -19 -3 -19 -3 -19 -4 -20 -5 -20 -5 -21 -6 -21 -6 -21 -6 -22 -7 -23 -7 -24 -8 -24 -7 -25 -8 -26 -8 -27 -7 -29 -7 -30 -6 -31 -6 -33 -5 -35 -4 -37 -4 -39 -3 ]
CSI_DATA,STA,E4:D1:24:F0:BE:00,-58,10,0,0,0,0,0,0,0,0,0,-97,0,5,0,75855268,0,399,0,0,76.2475,128,[-113 -15 24 0 26 -26 25 -26 23 -25 23 -25 22 -25 22 -24 21 -23 20 -23 19 -22 19 -21 18 -20 18 -19 17 -18 17 -17 16 -16 16 -15 16 -14 16 -13 15 -12 15 -11 14 -10 13 -9 13 -8 13 -7 13 -6 0 0 0 0 0 0 0 0 0 0 0 0 0 0 0 0 0 0 0 0 0 0 11 -14 12 -12 13 -12 14 -11 14 -10 15 -10 15 -10 16 -10 16 -9 17 -10 17 -9 18 -9 19 -9 19 -10 20 -10 20 -11 21 -12 22 -12 22 -13 23 -14 23 -16 25 -17 24 -18 26 -20 26 -22 27 -24 ]
CSI_DATA,STA,E4:D1:24:F0:BE:00,-58,10,0,0,0,0,0,0,0,0,0,-97,0,5,0,75957669,0,399,0,0,76.3497,128,[-113 -15 24 0 36 4 35 4 34 3 33 3 33 3 31 3 31 2 29 2 28 3 27 3 26 3 24 4 23 4 22 4 21 4 20 5 19 5 18 5 17 5 16 6 15 6 14 6 13 6 12 6 12 7 0 0 0 0 0 0 0 0 0 0 0 0 0 0 0 0 0 0 0 0 0 0 18 -2 17 0 18 1 17 2 18 3 18 4 18 5 19 5 19 6 19 6 19 7 19 8 20 8 20 9 21 9 21 9 22 9 23 9 24 9 25 9 27 8 28 8 30 8 31 8 33 8 35 7 ]
CSI_DATA,STA,E4:D1:24:F0:BE:00,-57,10,0,0,0,0,0,0,0,0,0,-97,0,5,0,75978531,0,189,0,0,76.3772,128,[-67 -48 11 0 -11 -34 -11 -32 -11 -31 -11 -30 -11 -29 -11 -28 -11 -27 -10 -26 -10 -26 -9 -25 -9 -24 -8 -23 -8 -23 -7 -21 -6 -21 -5 -19 -4 -19 -4 -19 -3 -18 -3 -17 -2 -16 -2 -16 -1 -15 0 -14 0 -14 0 0 0 0 0 0 0 0 0 0 0 0 0 0 0 0 0 0 0 0 0 0 -7 -16 -6 -16 -5 -17 -4 -17 -3 -17 -3 -18 -2 -18 -2 -19 -1 -19 -1 -19 -1 -20 0 -20 0 -21 0 -21 0 -22 0 -23 -1 -23 -1 -24 -2 -25 -2 -26 -3 -27 -4 -28 -5 -29 -5 -30 -7 -32 -7 -34 ]
CSI_DATA,STA,E4:D1:24:F0:BE:00,-58,10,0,0,0,0,0,0,0,0,0,-97,0,5,0,76060071,0,399,0,0,76.4521,128,[-113 -15 24 0 36 7 34 7 34 6 33 6 32 6 31 6 30 6 29 5 28 5 27 5 26 5 24 5 23 5 22 6 21 6 19 7 19 7 18 7 17 7 15 7 14 7 14 7 13 7 12 7 11 8 0 0 0 0 0 0 0 0 0 0 0 0 0 0 0 0 0 0 0 0 0 0 16 1 16 2 16 3 15 4 16 5 16 6 16 6 16 7 17 8 16 8 17 9 17 9 18 10 18 10 18 10 20 10 20 10 21 11 22 10 23 11 25 11 26 11 28 10 30 10 32 10 35 10 ]
CSI_DATA,STA,E4:D1:24:F0:BE:00,-57,10,0,0,0,0,0,0,0,0,0,-97,0,5,0,76162473,0,399,0,0,76.5547,128,[-113 -15 24 0 -39 0 -38 1 -37 1 -36 1 -35 1 -34 0 -32 0 -31 1 -31 1 -29 1 -29 0 -27 -1 -26 -1 -25 -1 -23 -2 -23 -3 -21 -3 -20 -3 -20 -4 -19 -4 -18 -5 -17 -5 -16 -5 -15 -6 -14 -6 0 0 0 0 0 0 0 0 0 0 0 0 0 0 0 0 0 0 0 0 0 0 -18 1 -17 0 -18 -2 -18 -3 -18 -4 -18 -4 -18 -5 -19 -5 -19 -5 -19 -6 -19 -6 -20 -6 -21 -7 -21 -7 -22 -7 -23 -7 -23 -7 -24 -7 -25 -6 -26 -6 -28 -6 -30 -5 -31 -4 -33 -3 -35 -3 -38 -2 ]
CSI_DATA,STA,E4:D1:24:F0:BE:00,-57,10,0,0,0,0,0,0,0,0,0,-97,0,5,0,76264875,0,399,0,0,76.6571,128,[-113 -15 24 0 11 -37 10 -36 10 -34 9 -34 8 -33 8 -32 8 -30 7 -30 7 -29 7 -28 7 -26 7 -25 7 -24 7 -23 7 -21 7 -20 7 -19 8 -19 8 -18 8 -17 7 -16 7 -14 8 -14 8 -13 8 -12 0 0 0 0 0 0 0 0 0 0 0 0 0 0 0 0 0 0 0 0 0 0 4 -18 5 -17 7 -17 7 -17 9 -17 9 -17 10 -17 10 -17 11 -17 11 -16 12 -16 12 -17 13 -17 14 -18 13 -18 13 -20 13 -20 14 -21 14 -22 14 -23 13 -25 13 -27 13 -28 13 -30 13 -33 14 -35 ]
CSI_DATA,STA,E4:D1:24:F0:BE:00,-57,10,0,0,0,0,0,0,0,0,0,-97,0,5,0,76367277,0,399,0,0,76.7595,128,[-113 -15 24 0 -26 -23 -26 -23 -25 -22 -25 -21 -24 -20 -23 -20 -22 -19 -22 -18 -21 -18 -20 -18 -20 -17 -18 -17 -17 -17 -16 -15 -15 -15 -14 -15 -13 -15 -12 -15 -11 -14 -10 -14 -9 -14 -8 -13 -8 -12 -7 -13 -6 -13 0 0 0 0 0 0 0 0 0 0 0 0 0 0 0 0 0 0 0 0 0 0 -13 -10 -12 -11 -11 -11 -11 -12 -10 -13 -11 -13 -10 -14 -10 -14 -10 -15 -10 -15 -10 -15 -10 -16 -10 -17 -11 -17 -11 -18 -11 -18 -12 -19 -12 -19 -14 -20 -15 -20 -16 -20 -18 -21 -19 -22 -21 -23 -22 -23 -24 -24 ]
CSI_DATA,STA,E4:D1:24:F0:BE:00,-57,10,0,0,0,0,0,0,0,0,0,-97,0,5,0,76469679,0,399,0,0,76.8619,128,[-113 -15 24 0 -32 24 -30 24 -29 23 -28 23 -27 22 -26 21 -25 21 -24 21 -23 19 -23 19 -22 18 -21 16 -21 15 -20 15 -19 13 -19 12 -19 12 -18 11 -18 9 -17 8 -17 7 -16 6 -16 6 -15 5 -15 4 0 0 0 0 0 0 0 0 0 0 0 0 0 0 0 0 0 0 0 0 0 0 -14 12 -15 11 -16 10 -17 9 -17 9 -18 9 -19 8 -19 7 -20 8 -20 7 -20 7 -21 7 -22 7 -22 7 -23 7 -24 8 -24 9 -25 10 -26 11 -27 11 -27 12 -28 14 -29 15 -30 17 -31 19 -32 21 ]
CSI_DATA,STA,E4:D1:24:F0:BE:00,-58,10,0,0,0,0,0,0,0,0,0,-97,0,5,0,76572081,0,399,0,0,76.9643,128,[-113 -15 24 0 1 37 1 35 1 34 2 33 3 32 3 31 3 30 3 30 2 29 1 27 2 27 1 26 1 25 0 24 0 22 -1 22 -1 21 -2 20 -2 19 -3 18 -3 17 -3 16 -4 15 -5 14 -6 13 0 0 0 0 0 0 0 0 0 0 0 0 0 0 0 0 0 0 0 0 0 0 1 17 0 16 -2 17 -3 17 -3 17 -3 17 -4 18 -5 18 -4 18 -6 19 -6 18 -7 19 -8 20 -8 21 -8 21 -7 22 -7 22 -7 24 -7 25 -6 26 -5 27 -5 29 -5 30 -4 32 -4 34 -3 36 ]
CSI_DATA,STA,E4:D1:24:F0:BE:00,-57,10,0,0,0,0,0,0,0,0,0,-97,0,5,0,76674482,0,399,0,0,77.0667,128,[-113 -15 24 0 33 12 33 12 32 10 32 10 31 9 30 9 28 8 28 8 27 8 26 8 25 8 23 8 22 8 21 8 20 8 19 8 18 9 17 9 16 9 15 9 14 9 13 9 12 9 11 9 10 9 0 0 0 0 0 0 0 0 0 0 0 0 0 0 0 0 0 0 0 0 0 0 17 3 16 4 16 6 16 6 16 7 16 8 16 8 16 9 17 10 16 10 16 11 17 12 17 12 18 13 18 13 19 14 20 14 20 14 22 14 22 14 24 14 26 14 27 14 29 15 31 15 34 14 ]
CSI_DATA,STA,E4:D1:24:F0:BE:00,-57,10,0,0,0,0,0,0,0,0,0,-97,0,5,0,76776884,0,399,0,0,77.1689,128,[-113 -15 24 0 -10 -38 -11 -36 -10 -36 -10 -34 -11 -34 -11 -33 -10 -31 -10 -31 -10 -30 -9 -29 -8 -28 -8 -27 -8 -26 -7 -25 -5 -24 -5 -23 -3 -23 -4 -22 -3 -21 -2 -20 -1 -20 -1 -19 -1 -18 1 -18 2 -17 0 0 0 0 0 0 0 0 0 0 0 0 0 0 0 0 0 0 0 0 0 0 -6 -18 -5 -18 -4 -19 -3 -19 -2 -20 -1 -19 -2 -20 -1 -20 0 -21 0 -21 1 -21 1 -22 2 -22 2 -23 1 -23 1 -25 1 -25 1 -27 0 -27 -1 -28 -2 -29 -3 -31 -4 -32 -5 -34 -5 -36 -7 -38 ]
CSI_DATA,STA,E4:D1:24:F0:BE:00,-57,10,0,0,0,0,0,0,0,0,0,-97,0,5,0,76879286,0,399,0,0,77.2715,128,[-113 -15 24 0 36 -8 35 -8 34 -9 33 -8 32 -9 31 -9 30 -9 29 -8 28 -8 27 -7 27 -7 26 -6 24 -6 23 -5 22 -4 21 -3 21 -3 20 -3 19 -2 18 -2 18 0 17 0 16 1 15 1 15 2 0 0 0 0 0 0 0 0 0 0 0 0 0 0 0 0 0 0 0 0 0 0 17 -6 17 -4 18 -3 18 -2 18 -2 18 -1 19 -1 19 0 20 1 19 2 20 2 20 2 21 2 22 3 23 2 23 2 24 2 25 2 26 1 27 0 29 0 30 -1 31 -1 33 -2 35 -3 37 -5 ]
CSI_DATA,STA,E4:D1:24:F0:BE:00,-57,10,0,0,0,0,0,0,0,0,0,-97,0,5,0,76981688,0,399,0,0,77.3739,128,[-113 -15 24 0 -30 -16 -29 -15 -29 -14 -28 -13 -28 -13 -27 -13 -26 -12 -25 -12 -24 -11 -24 -11 -23 -11 -22 -11 -21 -11 -20 -11 -18 -11 -17 -11 -16 -11 -16 -11 -15 -11 -14 -11 -13 -11 -12 -11 -11 -11 -10 -11 -9 -11 0 0 0 0 0 0 0 0 0 0 0 0 0 0 0 0 0 0 0 0 0 0 -16 -5 -16 -7 -15 -8 -15 -8 -15 -9 -15 -10 -15 -10 -15 -11 -14 -12 -15 -12 -15 -12 -15 -13 -15 -14 -15 -14 -16 -15 -16 -16 -17 -16 -18 -16 -18 -17 -19 -16 -21 -17 -22 -17 -23 -17 -25 -17 -27 -18 -29 -18 ]
CSI_DATA,STA,E4:D1:24:F0:BE:00,-58,10,0,0,0,0,0,0,0,0,0,-97,0,5,0,77084090,0,399,0,0,77.4763,128,[-113 -15 24 0 -6 -32 -6 -31 -6 -30 -6 -30 -6 -28 -6 -27 -6 -27 -6 -26 -5 -25 -5 -25 -5 -24 -5 -22 -4 -22 -3 -21 -2 -20 -2 -19 -2 -19 -1 -19 -1 -17 -1 -17 0 -16 0 -16 1 -15 2 -14 3 -14 0 0 0 0 0 0 0 0 0 0 0 0 0 0 0 0 0 0 0 0 0 0 -4 -14 -2 -14 -2 -15 -1 -15 -1 -15 0 -15 0 -15 0 -16 1 -16 1 -16 1 -17 2 -17 2 -18 2 -19 2 -19 2 -20 2 -21 2 -22 1 -22 1 -23 0 -24 -1 -25 -1 -27 -2 -28 -2 -29 -3 -32 ]
CSI_DATA,STA,E4:D1:24:F0:BE:00,-57,10,0,0,0,0,0,0,0,0,0,-97,0,5,0,77186492,0,399,0,0,77.5787,128,[-113 -15 24 0 35 -12 35 -12 33 -13 33 -12 31 -12 31 -12 30 -12 29 -12 27 -11 27 -11 26 -10 25 -9 25 -9 24 -8 22 -7 22 -6 22 -6 21 -5 20 -4 20 -3 18 -3 18 -2 17 -1 17 0 17 2 0 0 0 0 0 0 0 0 0 0 0 0 0 0 0 0 0 0 0 0 0 0 15 -8 16 -6 16 -6 17 -5 17 -4 18 -3 18 -3 19 -3 19 -2 19 -2 19 -1 20 -1 21 -1 22 0 23 -1 23 -1 24 -1 25 -2 26 -2 27 -3 28 -4 29 -5 31 -6 32 -7 34 -8 36 -11 ]
CSI_DATA,STA,E4:D1:24:F0:BE:00,-57,10,0,0,0,0,0,0,0,0,0,-97,0,5,0,77288894,0,399,0,0,77.6811,128,[-113 -15 24 0 -22 28 -21 28 -20 27 -20 26 -18 26 -18 25 -17 24 -17 24 -16 23 -16 22 -16 21 -16 20 -15 19 -15 18 -15 17 -14 16 -14 15 -15 14 -14 13 -14 12 -14 11 -14 10 -13 9 -14 8 -14 7 0 0 0 0 0 0 0 0 0 0 0 0 0 0 0 0 0 0 0 0 0 0 -9 12 -10 11 -11 11 -11 11 -12 11 -12 10 -13 10 -13 11 -14 10 -14 10 -15 10 -15 11 -16 11 -17 11 -17 11 -18 12 -18 13 -19 14 -19 15 -20 16 -20 17 -21 19 -21 21 -22 22 -23 24 -23 26 ]
CSI_DATA,STA,E4:D1:24:F0:BE:00,-58,10,0,0,0,0,0,0,0,0,0,-97,0,5,0,77391295,0,399,0,0,77.7835,128,[-113 -15 24 0 -17 -36 -17 -35 -16 -33 -17 -32 -17 -31 -16 -30 -16 -29 -16 -28 -15 -28 -14 -27 -14 -26 -13 -26 -12 -24 -11 -24 -10 -22 -9 -22 -8 -22 -7 -21 -6 -20 -6 -20 -5 -19 -5 -19 -3 -18 -2 -17 -1 -17 0 0 0 0 0 0 0 0 0 0 0 0 0 0 0 0 0 0 0 0 0 0 -12 -16 -10 -17 -9 -18 -9 -19 -8 -19 -7 -19 -7 -20 -7 -20 -6 -21 -5 -21 -5 -22 -4 -23 -4 -24 -4 -24 -4 -25 -5 -26 -6 -26 -5 -27 -6 -28 -6 -29 -8 -30 -9 -32 -10 -32 -11 -34 -12 -35 -14 -37 ]
CSI_DATA,STA,E4:D1:24:F0:BE:00,-58,10,0,0,0,0,0,0,0,0,0,-97,0,5,0,77493697,0,399,0,0,77.8857,128,[-113 -15 24 0 -2 33 -1 33 -1 31 -1 31 0 30 0 30 0 29 0 28 0 27 -1 27 -1 26 -1 24 -2 24 -2 22 -2 22 -3 20 -3 21 -4 20 -4 19 -5 18 -5 17 -5 16 -6 15 -7 14 -8 14 0 0 0 0 0 0 0 0 0 0 0 0 0 0 0 0 0 0 0 0 0 0 0 15 -1 15 -2 15 -3 15 -4 15 -5 16 -5 16 -6 16 -6 16 -6 16 -7 16 -7 17 -8 18 -8 18 -8 19 -8 19 -9 20 -8 21 -8 22 -8 23 -7 24 -7 25 -7 26 -6 28 -6 30 -5 33 ]
CSI_DATA,STA,E4:D1:24:F0:BE:00,-58,10,0,0,0,0,0,0,0,0,0,-97,0,5,0,77596100,0,399,0,0,77.9882,128,[-113 -15 24 0 9 -37 8 -36 8 -35 7 -34 6 -34 6 -33 6 -31 5 -31 6 -30 6 -29 6 -28 6 -26 6 -25 6 -24 6 -22 6 -22 7 -21 7 -20 7 -19 7 -18 7 -17 7 -16 8 -14 8 -14 8 -13 0 0 0 0 0 0 0 0 0 0 0 0 0 0 0 0 0 0 0 0 0 0 3 -17 4 -16 5 -16 6 -16 7 -16 8 -16 8 -16 8 -17 9 -17 10 -17 10 -17 11 -17 11 -18 12 -18 12 -19 12 -20 12 -21 13 -22 12 -23 12 -24 12 -25 12 -27 12 -29 13 -31 12 -32 12 -35 ]
CSI_DATA,STA,E4:D1:24:F0:BE:00,-58,10,0,0,0,0,0,0,0,0,0,-97,0,5,0,77698502,0,399,0,0,78.0907,128,[-113 -15 24 0 -9 34 -8 32 -7 32 -6 31 -5 31 -6 30 -5 28 -5 28 -5 27 -5 26 -5 24 -5 23 -6 22 -6 22 -5 19 -6 20 -6 19 -6 18 -6 17 -6 16 -6 14 -7 14 -7 13 -7 12 -8 11 0 0 0 0 0 0 0 0 0 0 0 0 0 0 0 0 0 0 0 0 0 0 -2 17 -4 16 -5 17 -6 16 -7 17 -7 16 -8 17 -9 17 -9 17 -10 17 -10 17 -11 18 -12 18 -12 18 -12 19 -13 21 -13 20 -13 22 -13 22 -13 23 -12 25 -13 26 -13 28 -12 29 -12 31 -11 33 ]
CSI_DATA,STA,E4:D1:24:F0:BE:00,-58,10,0,0,0,0,0,0,0,0,0,-97,0,5,0,77800904,0,399,0,0,78.1932,128,[-113 -15 24 0 -29 21 -27 21 -26 21 -25 20 -24 20 -24 19 -22 18 -22 18 -22 17 -21 16 -20 15 -19 14 -19 13 -18 13 -17 11 -17 11 -16 10 -16 8 -15 8 -15 7 -14 6 -14 6 -13 5 -13 4 -13 3 0 0 0 0 0 0 0 0 0 0 0 0 0 0 0 0 0 0 0 0 0 0 -13 11 -13 9 -15 9 -14 8 -16 8 -15 7 -16 7 -17 7 -17 7 -18 7 -18 6 -18 6 -19 6 -20 6 -20 6 -22 7 -21 7 -23 8 -23 9 -24 10 -24 11 -25 12 -26 14 -27 15 -28 16 -29 18 ]
CSI_DATA,STA,E4:D1:24:F0:BE:00,-58,10,0,0,0,0,0,0,0,0,0,-97,0,5,0,77903306,0,399,0,0,78.2955,128,[-113 -15 24 0 -30 24 -29 24 -27 22 -27 23 -26 22 -25 22 -24 21 -23 21 -22 19 -22 19 -21 17 -21 16 -20 15 -19 14 -18 13 -17 12 -17 11 -17 10 -16 9 -16 9 -15 8 -15 7 -14 7 -14 6 -14 5 0 0 0 0 0 0 0 0 0 0 0 0 0 0 0 0 0 0 0 0 0 0 -13 13 -15 12 -15 11 -16 11 -17 10 -18 10 -18 9 -19 9 -19 9 -19 9 -20 8 -21 9 -22 9 -22 8 -23 9 -23 9 -24 10 -25 10 -26 12 -26 12 -27 14 -28 14 -28 16 -29 18 -30 19 -32 22 ]
CSI_DATA,STA,E4:D1:24:F0:BE:00,-58,10,0,0,0,0,0,0,0,0,0,-97,0,5,0,78005707,0,399,0,0,78.3979,128,[-113 -15 24 0 -28 26 -27 26 -25 25 -25 25 -24 25 -24 24 -23 22 -22 22 -22 21 -21 20 -20 19 -19 18 -19 17 -19 15 -18 14 -17 13 -17 12 -17 11 -16 10 -16 9 -15 8 -15 8 -15 7 -14 6 -14 5 0 0 0 0 0 0 0 0 0 0 0 0 0 0 0 0 0 0 0 0 0 0 -12 15 -13 14 -14 13 -15 12 -16 11 -17 12 -17 11 -18 11 -18 11 -18 10 -18 11 -19 11 -20 11 -21 10 -21 11 -22 11 -23 12 -24 12 -24 14 -25 14 -25 16 -26 17 -27 19 -27 21 -28 22 -29 24 ]
CSI_DATA,STA,E4:D1:24:F0:BE:00,-57,10,0,0,0,0,0,0,0,0,0,-97,0,5,0,78108109,0,399,0,0,78.5003,128,[-113 -15 24 0 -38 -1 -37 0 -36 1 -35 1 -34 2 -33 2 -32 2 -31 2 -31 2 -29 1 -28 1 -27 0 -26 1 -25 0 -23 -1 -23 -2 -22 -2 -21 -3 -20 -3 -19 -3 -18 -4 -17 -4 -16 -5 -15 -5 -14 -6 0 0 0 0 0 0 0 0 0 0 0 0 0 0 0 0 0 0 0 0 0 0 -18 1 -18 -1 -18 -2 -19 -3 -19 -4 -19 -4 -19 -5 -19 -5 -20 -6 -20 -7 -20 -7 -21 -8 -21 -8 -22 -9 -22 -8 -23 -9 -24 -8 -25 -8 -26 -8 -27 -8 -29 -7 -31 -7 -32 -6 -34 -5 -36 -4 -37 -3 ]
CSI_DATA,STA,E4:D1:24:F0:BE:00,-58,10,0,0,0,0,0,0,0,0,0,-97,0,5,0,78210511,0,399,0,0,78.6026,128,[-113 -15 24 0 -35 -7 -34 -6 -33 -6 -33 -5 -32 -4 -31 -5 -30 -4 -29 -3 -28 -4 -27 -5 -26 -5 -25 -4 -24 -4 -23 -4 -21 -5 -21 -5 -20 -6 -19 -5 -18 -6 -17 -6 -16 -6 -15 -6 -15 -7 -13 -7 -12 -8 0 0 0 0 0 0 0 0 0 0 0 0 0 0 0 0 0 0 0 0 0 0 -17 -4 -17 -5 -17 -6 -17 -7 -17 -8 -16 -8 -17 -9 -17 -10 -17 -10 -17 -11 -17 -11 -17 -12 -17 -12 -18 -13 -19 -13 -20 -13 -20 -13 -21 -13 -22 -13 -24 -12 -25 -12 -26 -11 -28 -12 -29 -12 -31 -12 -33 -11 ]
CSI_DATA,STA,E4:D1:24:F0:BE:00,-57,10,0,0,0,0,0,0,0,0,0,-97,0,5,0,78312913,0,399,0,0,78.705,128,[-113 -15 24 0 -13 36 -13 35 -11 34 -11 33 -9 32 -9 32 -8 30 -8 30 -9 29 -9 27 -8 26 -9 25 -8 24 -9 23 -8 22 -9 21 -9 20 -9 19 -9 18 -10 17 -10 16 -10 15 -10 13 -11 12 -11 12 0 0 0 0 0 0 0 0 0 0 0 0 0 0 0 0 0 0 0 0 0 0 -6 18 -7 17 -8 16 -9 16 -10 16 -11 16 -11 16 -12 16 -12 16 -12 16 -13 16 -14 16 -15 17 -15 17 -15 18 -16 19 -16 19 -16 21 -16 21 -16 23 -15 24 -16 26 -16 28 -16 29 -16 32 -15 33 ]
CSI_DATA,STA,E4:D1:24:F0:BE:00,-57,10,0,0,0,0,0,0,0,0,0,-97,0,5,0,78415315,0,399,0,0,78.8075,128,[-113 -15 24 0 16 28 16 27 16 26 15 25 15 25 14 24 14 23 13 22 13 22 12 21 11 20 11 20 10 19 9 18 8 18 7 17 6 17 6 17 5 16 4 16 3 15 3 14 2 14 1 13 0 13 0 0 0 0 0 0 0 0 0 0 0 0 0 0 0 0 0 0 0 0 0 0 8 11 7 12 6 13 5 13 5 14 5 14 4 14 4 15 4 15 4 15 4 16 4 16 4 17 4 18 4 18 4 19 5 19 6 20 6 20 7 22 8 22 9 24 10 24 11 26 13 28 14 29 ]
CSI_DATA,STA,E4:D1:24:F0:BE:00,-57,10,0,0,0,0,0,0,0,0,0,-97,0,5,0,78517717,0,399,0,0,78.9099,128,[-113 -15 24 0 -25 -34 -24 -33 -23 -33 -23 -31 -23 -30 -22 -29 -21 -28 -21 -27 -19 -27 -18 -26 -18 -25 -16 -25 -16 -23 -14 -23 -13 -21 -12 -21 -10 -21 -10 -20 -9 -20 -8 -19 -7 -18 -6 -17 -5 -16 -4 -16 -3 -15 0 0 0 0 0 0 0 0 0 0 0 0 0 0 0 0 0 0 0 0 0 0 -11 -15 -9 -15 -9 -16 -8 -16 -8 -17 -7 -17 -7 -17 -7 -18 -7 -18 -6 -19 -6 -19 -6 -21 -6 -21 -7 -23 -7 -23 -8 -24 -9 -24 -9 -26 -11 -26 -12 -27 -13 -28 -15 -29 -16 -31 -18 -32 -19 -34 -21 -36 ]
CSI_DATA,STA,E4:D1:24:F0:BE:00,-57,10,0,0,0,0,0,0,0,0,0,-97,0,5,0,78620118,0,399,0,0,79.0123,128,[-113 -15 24 0 37 12 35 11 36 10 34 10 34 10 33 9 32 9 30 8 29 9 28 9 26 9 25 9 23 8 23 8 21 8 21 9 19 9 18 9 17 9 16 9 15 9 14 9 13 9 12 9 10 10 0 0 0 0 0 0 0 0 0 0 0 0 0 0 0 0 0 0 0 0 0 0 17 4 16 5 16 6 15 6 16 7 15 7 16 9 16 9 16 10 16 11 16 11 16 12 17 12 18 13 19 13 20 13 21 13 22 14 22 14 24 14 26 14 28 14 29 14 31 15 33 15 35 15 ]
CSI_DATA,STA,E4:D1:24:F0:BE:00,-58,10,0,0,0,0,0,0,0,0,0,-97,0,5,0,78722519,0,399,0,0,79.1147,128,[-113 -15 24 0 -39 0 -36 1 -36 1 -34 1 -33 2 -33 2 -31 2 -30 2 -29 1 -28 1 -27 0 -26 0 -24 0 -24 -1 -21 -1 -22 -2 -20 -2 -20 -2 -19 -3 -17 -3 -17 -4 -15 -4 -15 -4 -14 -5 -13 -5 0 0 0 0 0 0 0 0 0 0 0 0 0 0 0 0 0 0 0 0 0 0 -18 2 -17 0 -18 0 -17 -1 -18 -2 -18 -3 -19 -3 -19 -4 -19 -4 -20 -4 -19 -5 -20 -6 -21 -6 -22 -6 -22 -6 -24 -6 -24 -6 -25 -6 -26 -6 -27 -6 -29 -5 -30 -4 -31 -4 -33 -4 -34 -3 -36 -3 ]
CSI_DATA,STA,E4:D1:24:F0:BE:00,-58,10,0,0,0,0,0,0,0,0,0,-97,0,5,0,78824921,0,399,0,0,79.2172,128,[-113 -15 24 0 -11 33 -10 33 -9 32 -9 31 -8 30 -9 29 -8 28 -8 27 -8 27 -8 25 -8 24 -8 23 -8 22 -8 21 -8 19 -8 18 -9 18 -9 17 -9 15 -9 14 -9 13 -8 12 -9 11 -9 11 -10 9 0 0 0 0 0 0 0 0 0 0 0 0 0 0 0 0 0 0 0 0 0 0 -3 14 -5 14 -6 14 -6 14 -7 14 -7 14 -8 14 -9 14 -9 14 -10 14 -10 15 -10 15 -11 15 -12 16 -12 17 -12 17 -13 18 -13 19 -13 20 -13 21 -13 22 -13 24 -13 26 -12 28 -12 29 -13 31 ]
CSI_DATA,STA,E4:D1:24:F0:BE:00,-58,10,0,0,0,0,0,0,0,0,0,-97,0,5,0,78927323,0,399,0,0,79.3194,128,[-113 -15 24 0 -11 35 -10 35 -10 33 -9 33 -8 32 -8 31 -8 29 -8 29 -8 27 -8 27 -8 26 -8 25 -8 23 -8 22 -8 21 -9 19 -9 19 -9 18 -9 17 -9 16 -9 14 -9 13 -9 13 -10 12 -10 10 0 0 0 0 0 0 0 0 0 0 0 0 0 0 0 0 0 0 0 0 0 0 -4 16 -5 16 -6 15 -7 15 -8 15 -8 15 -9 15 -10 15 -10 15 -10 15 -10 15 -11 16 -12 16 -12 17 -12 17 -12 18 -13 19 -12 21 -13 22 -13 23 -12 24 -13 26 -12 28 -13 29 -13 32 -12 34 ]
CSI_DATA,STA,E4:D1:24:F0:BE:00,-58,10,0,0,0,0,0,0,0,0,0,-97,0,5,0,79029725,0,399,0,0,79.4218,128,[-113 -15 24 0 -36 -20 -35 -18 -33 -17 -33 -17 -33 -15 -32 -15 -30 -15 -30 -14 -29 -14 -27 -14 -26 -14 -25 -14 -24 -13 -22 -13 -20 -12 -20 -12 -19 -12 -18 -12 -17 -12 -16 -12 -14 -12 -14 -11 -12 -12 -11 -11 -11 -12 0 0 0 0 0 0 0 0 0 0 0 0 0 0 0 0 0 0 0 0 0 0 -17 -9 -16 -10 -16 -11 -15 -12 -15 -13 -15 -13 -15 -13 -15 -14 -15 -14 -15 -15 -14 -16 -15 -16 -15 -17 -16 -18 -17 -19 -18 -19 -19 -19 -19 -20 -20 -20 -22 -20 -23 -21 -25 -21 -26 -21 -28 -22 -30 -22 -32 -22 ]
CSI_DATA,STA,E4:D1:24:F0:BE:00,-57,10,0,0,0,0,0,0,0,0,0,-97,0,5,0,79132127,0,399,0,0,79.5243,128,[-113 -15 24 0 32 -22 30 -22 29 -22 29 -21 27 -20 27 -21 26 -19 25 -20 25 -19 24 -18 22 -17 22 -16 21 -14 21 -14 20 -12 20 -11 19 -11 18 -10 18 -9 17 -8 17 -7 16 -6 16 -5 15 -4 15 -3 0 0 0 0 0 0 0 0 0 0 0 0 0 0 0 0 0 0 0 0 0 0 13 -12 14 -10 14 -10 15 -9 16 -8 17 -8 17 -7 17 -7 18 -7 18 -7 18 -6 19 -6 20 -6 21 -7 22 -6 22 -8 23 -8 24 -9 24 -9 25 -10 26 -11 28 -13 28 -15 29 -16 31 -17 32 -19 ]
CSI_DATA,STA,E4:D1:24:F0:BE:00,-58,10,0,0,0,0,0,0,0,0,0,-97,0,5,0,79234529,0,399,0,0,79.6267,128,[-113 -15 24 0 36 -13 35 -13 33 -13 33 -13 31 -13 31 -13 30 -12 29 -12 28 -11 27 -11 26 -10 25 -10 24 -8 23 -7 22 -6 21 -5 21 -5 19 -4 18 -4 17 -3 16 -3 15 -2 15 -2 14 -1 14 -1 0 0 0 0 0 0 0 0 0 0 0 0 0 0 0 0 0 0 0 0 0 0 16 -7 16 -6 16 -4 17 -4 17 -3 18 -3 18 -3 18 -2 19 -1 19 -2 19 -2 20 -1 21 -1 22 -1 23 -1 23 -1 24 -2 25 -2 26 -3 27 -3 29 -4 30 -5 31 -6 32 -7 34 -9 37 -10 ]
CSI_DATA,STA,E4:D1:24:F0:BE:00,-58,10,0,0,0,0,0,0,0,0,0,-97,0,5,0,79336930,0,399,0,0,79.7292,128,[-113 -15 24 0 -35 -17 -34 -16 -33 -15 -32 -15 -31 -15 -31 -14 -29 -14 -29 -13 -28 -13 -26 -13 -26 -13 -24 -12 -23 -12 -22 -12 -20 -12 -19 -12 -18 -12 -17 -12 -16 -12 -15 -12 -14 -12 -13 -12 -12 -11 -11 -12 -10 -11 0 0 0 0 0 0 0 0 0 0 0 0 0 0 0 0 0 0 0 0 0 0 -16 -7 -14 -8 -14 -9 -13 -10 -14 -10 -13 -11 -14 -11 -13 -12 -14 -12 -14 -12 -14 -13 -14 -13 -15 -14 -15 -15 -16 -15 -17 -16 -18 -16 -19 -16 -20 -17 -21 -17 -23 -17 -25 -18 -26 -18 -28 -18 -30 -19 -32 -19 ]
CSI_DATA,STA,E4:D1:24:F0:BE:00,-57,10,0,0,0,0,0,0,0,0,0,-97,0,5,0,79439332,0,399,0,0,79.8315,128,[-113 -15 24 0 -11 38 -10 37 -10 35 -9 34 -7 33 -8 33 -8 31 -7 30 -7 29 -7 27 -7 26 -7 24 -7 24 -7 22 -7 20 -7 20 -7 19 -7 18 -7 17 -7 16 -6 15 -7 14 -7 13 -7 13 -8 12 0 0 0 0 0 0 0 0 0 0 0 0 0 0 0 0 0 0 0 0 0 0 -4 17 -5 17 -6 17 -7 16 -8 17 -8 17 -9 17 -9 17 -10 18 -10 17 -11 17 -11 18 -12 18 -12 19 -13 20 -13 21 -14 22 -13 23 -14 24 -14 25 -13 27 -13 30 -14 30 -14 32 -14 34 -14 37 ]
CSI_DATA,STA,E4:D1:24:F0:BE:00,-58,10,0,0,0,0,0,0,0,0,0,-97,0,5,0,79541733,0,399,0,0,79.9339,128,[-113 -15 24 0 -38 -14 -38 -14 -36 -12 -36 -12 -36 -12 -34 -12 -32 -12 -31 -11 -30 -11 -29 -11 -28 -10 -26 -11 -25 -11 -23 -11 -22 -10 -21 -10 -20 -11 -18 -11 -18 -10 -17 -10 -16 -10 -15 -10 -14 -10 -13 -10 -12 -11 0 0 0 0 0 0 0 0 0 0 0 0 0 0 0 0 0 0 0 0 0 0 -18 -4 -18 -5 -18 -7 -18 -7 -17 -8 -17 -9 -17 -9 -18 -10 -18 -10 -18 -10 -18 -11 -18 -11 -19 -12 -19 -13 -21 -13 -21 -14 -23 -14 -23 -15 -25 -15 -26 -15 -28 -15 -29 -15 -31 -14 -33 -15 -36 -15 -38 -15 ]
CSI_DATA,STA,E4:D1:24:F0:BE:00,-58,10,0,0,0,0,0,0,0,0,0,-97,0,5,0,79644135,0,399,0,0,80.0362,128,[-113 -15 24 0 10 -40 9 -40 9 -38 8 -37 7 -37 7 -36 7 -34 7 -34 7 -32 7 -31 7 -29 7 -28 7 -27 7 -25 8 -23 8 -22 8 -21 8 -20 8 -19 8 -18 8 -17 7 -15 8 -15 8 -14 9 -13 0 0 0 0 0 0 0 0 0 0 0 0 0 0 0 0 0 0 0 0 0 0 4 -18 6 -18 7 -17 8 -17 9 -17 10 -17 9 -17 10 -17 11 -17 11 -17 11 -17 12 -18 12 -18 13 -19 13 -20 12 -21 13 -21 13 -23 13 -25 13 -25 12 -27 13 -29 12 -30 12 -33 12 -35 12 -38 ]
CSI_DATA,STA,E4:D1:24:F0:BE:00,-58,10,0,0,0,0,0,0,0,0,0,-97,0,5,0,79746537,0,399,0,0,80.1386,128,[-113 -15 24 0 -20 -36 -19 -34 -19 -34 -19 -33 -19 -32 -18 -31 -17 -30 -17 -30 -16 -29 -15 -28 -15 -26 -14 -25 -13 -25 -11 -23 -10 -22 -9 -22 -8 -21 -7 -21 -7 -20 -6 -19 -6 -18 -5 -17 -4 -17 -3 -16 -2 -16 0 0 0 0 0 0 0 0 0 0 0 0 0 0 0 0 0 0 0 0 0 0 -9 -18 -8 -18 -7 -19 -6 -19 -5 -20 -5 -20 -4 -20 -3 -21 -3 -21 -3 -21 -3 -22 -3 -22 -2 -23 -2 -24 -3 -24 -3 -25 -4 -26 -5 -26 -6 -27 -6 -28 -8 -29 -9 -31 -11 -32 -12 -32 -14 -34 -14 -37 ]
CSI_DATA,STA,E4:D1:24:F0:BE:00,-58,10,0,0,0,0,0,0,0,0,0,-97,0,5,0,79848939,0,399,0,0,80.2411,128,[-113 -15 24 0 -11 -32 -11 -31 -11 -30 -11 -29 -11 -29 -11 -28 -10 -27 -10 -26 -9 -25 -9 -25 -9 -24 -8 -23 -7 -22 -6 -21 -5 -20 -4 -20 -4 -19 -3 -18 -3 -18 -2 -17 -2 -16 -2 -15 -1 -15 0 -14 0 -14 0 0 0 0 0 0 0 0 0 0 0 0 0 0 0 0 0 0 0 0 0 0 -5 -14 -4 -14 -3 -15 -2 -15 -2 -15 -2 -15 -2 -16 -1 -16 -1 -16 -1 -16 0 -17 0 -18 0 -18 0 -19 0 -19 -1 -20 -1 -21 -1 -22 -2 -23 -2 -23 -3 -25 -4 -26 -5 -27 -6 -28 -7 -30 -8 -32 ]
CSI_DATA,STA,E4:D1:24:F0:BE:00,-57,10,0,0,0,0,0,0,0,0,0,-97,0,5,0,79951341,0,399,0,0,80.3435,128,[-113 -15 24 0 -38 1 -37 1 -36 2 -35 2 -34 4 -34 3 -32 3 -31 3 -30 3 -29 2 -28 1 -27 1 -26 1 -24 0 -23 -1 -22 -1 -21 -1 -20 -2 -19 -2 -18 -2 -18 -3 -16 -3 -16 -4 -15 -5 -14 -5 0 0 0 0 0 0 0 0 0 0 0 0 0 0 0 0 0 0 0 0 0 0 -19 2 -20 1 -20 0 -20 -1 -20 -3 -20 -3 -20 -4 -21 -5 -21 -5 -21 -5 -21 -6 -22 -6 -22 -7 -23 -7 -23 -7 -24 -7 -25 -7 -26 -7 -27 -6 -28 -5 -30 -4 -31 -5 -32 -4 -34 -4 -36 -3 -38 -2 ]
CSI_DATA,STA,E4:D1:24:F0:BE:00,-58,10,0,0,0,0,0,0,0,0,0,-97,0,5,0,80053742,0,399,0,0,80.4459,128,[-113 -15 24 0 40 6 39 5 39 5 37 4 36 4 35 4 34 4 32 4 31 4 31 4 29 4 27 5 26 5 25 4 22 5 22 6 21 6 20 6 19 5 18 6 17 6 16 6 15 7 14 7 13 7 0 0 0 0 0 0 0 0 0 0 0 0 0 0 0 0 0 0 0 0 0 0 16 2 15 3 16 3 15 4 16 5 15 5 16 6 16 6 16 6 17 7 17 7 18 7 19 8 19 8 20 9 21 9 22 9 24 9 25 9 27 9 28 8 30 8 32 8 34 8 36 8 38 8 ]
CSI_DATA,STA,E4:D1:24:F0:BE:00,-58,10,0,0,0,0,0,0,0,0,0,-97,0,5,0,80156144,0,399,0,0,80.5483,128,[-113 -15 24 0 24 -21 23 -21 22 -21 22 -20 21 -20 20 -19 19 -19 19 -19 18 -18 18 -17 17 -16 16 -15 16 -14 15 -13 15 -12 14 -11 14 -11 13 -10 13 -9 12 -9 12 -7 11 -7 11 -6 11 -6 11 -5 0 0 0 0 0 0 0 0 0 0 0 0 0 0 0 0 0 0 0 0 0 0 10 -11 11 -10 12 -9 12 -9 13 -8 13 -8 14 -8 14 -8 14 -7 15 -7 15 -7 16 -7 16 -7 17 -7 18 -8 17 -8 18 -8 19 -9 20 -10 20 -11 20 -12 21 -13 22 -14 23 -16 24 -17 25 -19 ]
CSI_DATA,STA,E4:D1:24:F0:BE:00,-58,10,0,0,0,0,0,0,0,0,0,-97,0,5,0,80258546,0,399,0,0,80.6507,128,[-113 -15 24 0 31 17 31 16 29 15 30 14 29 15 27 14 27 13 26 14 24 12 24 12 23 12 22 12 21 12 18 12 18 12 16 12 16 12 14 12 13 12 12 11 11 11 10 10 9 10 8 11 7 10 0 0 0 0 0 0 0 0 0 0 0 0 0 0 0 0 0 0 0 0 0 0 16 4 16 6 15 7 15 8 15 8 15 9 15 10 15 11 15 12 15 12 15 12 15 13 16 13 16 14 17 15 17 15 18 16 18 15 20 17 20 17 22 17 23 18 24 17 27 18 29 18 32 19 ]
CSI_DATA,STA,E4:D1:24:F0:BE:00,-59,10,0,0,0,0,0,0,0,0,0,-97,0,5,0,80360948,0,399,0,0,80.7531,128,[-113 -15 24 0 35 -7 34 -8 33 -8 32 -8 31 -8 30 -8 29 -7 28 -7 27 -7 26 -6 24 -6 24 -5 22 -5 21 -4 20 -4 19 -3 19 -3 18 -3 17 -2 16 -2 15 -1 14 -1 14 0 13 0 13 0 0 0 0 0 0 0 0 0 0 0 0 0 0 0 0 0 0 0 0 0 0 0 17 -5 17 -4 17 -3 17 -2 18 -1 18 0 18 0 18 0 18 1 19 2 18 2 19 2 20 2 20 3 20 2 22 2 22 2 24 1 24 0 25 1 26 -1 28 -2 29 -2 32 -3 33 -4 34 -5 ]
CSI_DATA,STA,E4:D1:24:F0:BE:00,-58,10,0,0,0,0,0,0,0,0,0,-97,0,5,0,80463350,0,399,0,0,80.8554,128,[-113 -15 24 0 -23 -30 -23 -29 -22 -29 -22 -27 -22 -27 -21 -26 -20 -25 -20 -24 -19 -24 -18 -23 -18 -23 -16 -22 -15 -21 -15 -21 -12 -19 -12 -20 -11 -19 -10 -19 -9 -18 -8 -17 -8 -17 -7 -16 -6 -16 -5 -15 -3 -15 0 0 0 0 0 0 0 0 0 0 0 0 0 0 0 0 0 0 0 0 0 0 -11 -15 -9 -15 -8 -16 -7 -16 -7 -17 -7 -17 -6 -18 -6 -18 -6 -19 -5 -19 -5 -19 -5 -20 -5 -21 -5 -21 -6 -21 -7 -23 -7 -22 -8 -24 -9 -24 -10 -25 -11 -26 -13 -27 -14 -28 -16 -29 -18 -30 -19 -31 ]
CSI_DATA,STA,E4:D1:24:F0:BE:00,-58,10,0,0,0,0,0,0,0,0,0,-97,0,5,0,80565752,0,399,0,0,80.9579,128,[-113 -15 24 0 -27 -25 -27 -25 -26 -22 -26 -22 -26 -21 -25 -21 -24 -19 -24 -19 -23 -19 -22 -18 -21 -17 -20 -17 -19 -17 -18 -16 -16 -15 -15 -15 -14 -15 -13 -15 -12 -14 -11 -14 -10 -14 -10 -13 -9 -13 -8 -13 -6 -13 0 0 0 0 0 0 0 0 0 0 0 0 0 0 0 0 0 0 0 0 0 0 -16 -11 -15 -12 -14 -13 -13 -14 -13 -15 -13 -15 -12 -16 -12 -17 -12 -17 -11 -18 -11 -18 -11 -19 -11 -20 -12 -20 -12 -21 -13 -21 -13 -22 -14 -23 -15 -23 -16 -24 -17 -24 -18 -25 -19 -25 -22 -26 -23 -26 -25 -27 ]
CSI_DATA,STA,E4:D1:24:F0:BE:00,-58,10,0,0,0,0,0,0,0,0,0,-97,0,5,0,80668154,0,399,0,0,81.0604,128,[-113 -15 24 0 -37 -2 -36 -2 -35 -1 -34 -1 -33 0 -32 0 -31 0 -30 0 -29 0 -28 -1 -27 -1 -26 -2 -25 -2 -23 -2 -22 -3 -22 -3 -21 -4 -20 -4 -19 -4 -17 -5 -17 -5 -16 -6 -15 -6 -14 -6 -13 -7 0 0 0 0 0 0 0 0 0 0 0 0 0 0 0 0 0 0 0 0 0 0 -18 2 -18 1 -18 -1 -19 -2 -19 -3 -19 -3 -20 -4 -20 -5 -20 -5 -20 -6 -20 -7 -21 -7 -22 -8 -22 -8 -23 -8 -24 -9 -24 -8 -25 -9 -26 -9 -27 -8 -28 -8 -30 -8 -31 -7 -32 -7 -34 -6 -37 -5 ]
CSI_DATA,STA,E4:D1:24:F0:BE:00,-58,10,0,0,0,0,0,0,0,0,0,-97,0,5,0,80770555,0,399,0,0,81.1628,128,[-113 -15 24 0 34 -6 34 -6 33 -7 32 -7 32 -7 31 -6 30 -6 29 -6 27 -5 26 -5 25 -4 25 -4 24 -3 22 -3 21 -2 21 -1 20 0 19 0 18 0 17 1 16 1 16 2 14 2 14 2 13 4 0 0 0 0 0 0 0 0 0 0 0 0 0 0 0 0 0 0 0 0 0 0 16 -6 16 -4 16 -4 17 -3 17 -2 17 -1 17 0 18 -1 18 1 19 1 18 1 19 2 20 2 21 2 21 2 22 2 23 2 23 2 25 1 25 1 27 0 28 0 29 -1 31 -2 33 -3 35 -5 ]
CSI_DATA,STA,E4:D1:24:F0:BE:00,-58,10,0,0,0,0,0,0,0,0,0,-97,0,5,0,80872957,0,399,0,0,81.2652,128,[-113 -15 24 0 -38 8 -36 7 -35 7 -34 7 -33 7 -32 7 -30 7 -30 7 -29 6 -27 6 -26 5 -25 5 -24 4 -23 3 -22 3 -21 2 -20 1 -20 1 -18 0 -18 0 -17 -1 -16 -1 -15 -2 -14 -2 -14 -3 0 0 0 0 0 0 0 0 0 0 0 0 0 0 0 0 0 0 0 0 0 0 -18 6 -18 4 -18 3 -18 2 -19 1 -19 1 -20 1 -20 0 -21 -1 -21 -1 -21 -1 -22 -2 -22 -2 -23 -3 -23 -3 -25 -3 -25 -2 -27 -2 -27 -2 -28 -1 -29 0 -31 0 -32 1 -34 3 -35 4 -37 4 ]
CSI_DATA,STA,E4:D1:24:F0:BE:00,-57,10,0,0,0,0,0,0,0,0,0,-97,0,5,0,80975359,0,399,0,0,81.3675,128,[-113 -15 24 0 -37 4 -36 5 -34 5 -33 5 -32 5 -31 5 -30 5 -29 5 -28 5 -27 5 -26 4 -25 3 -25 3 -23 3 -22 2 -21 1 -21 1 -20 0 -19 -1 -18 -1 -17 -2 -16 -2 -16 -3 -15 -3 -15 -4 0 0 0 0 0 0 0 0 0 0 0 0 0 0 0 0 0 0 0 0 0 0 -17 4 -18 3 -18 2 -18 1 -19 0 -19 0 -19 -1 -20 -1 -20 -2 -20 -2 -20 -3 -21 -3 -22 -4 -23 -4 -23 -4 -24 -4 -25 -4 -26 -4 -27 -3 -28 -3 -29 -2 -30 -2 -31 -1 -34 0 -35 0 -37 1 ]
CSI_DATA,STA,E4:D1:24:F0:BE:00,-58,10,0,0,0,0,0,0,0,0,0,-97,0,5,0,81077761,0,399,0,0,81.47,128,[-113 -15 24 0 -17 31 -16 31 -15 30 -14 29 -13 29 -13 28 -12 26 -11 26 -12 25 -12 24 -11 23 -11 22 -11 21 -11 19 -10 18 -10 17 -10 16 -10 16 -10 15 -10 14 -10 12 -10 12 -10 10 -10 9 -11 9 0 0 0 0 0 0 0 0 0 0 0 0 0 0 0 0 0 0 0 0 0 0 -7 15 -9 15 -9 15 -10 14 -11 14 -12 14 -12 14 -13 14 -13 14 -14 14 -14 14 -15 14 -16 14 -17 14 -17 15 -17 16 -17 17 -18 17 -18 18 -18 20 -18 21 -18 23 -19 24 -19 26 -19 28 -19 30 ]
CSI_DATA,STA,E4:D1:24:F0:BE:00,-58,10,0,0,0,0,0,0,0,0,0,-97,0,5,0,81180163,0,399,0,0,81.5722,128,[-113 -15 24 0 -40 5 -38 6 -36 7 -36 7 -35 7 -34 6 -32 6 -32 6 -30 6 -29 6 -28 5 -27 5 -26 5 -25 3 -23 3 -23 2 -22 2 -21 1 -20 0 -19 0 -18 -1 -17 -1 -17 -1 -16 -3 -16 -4 0 0 0 0 0 0 0 0 0 0 0 0 0 0 0 0 0 0 0 0 0 0 -18 5 -19 4 -19 3 -20 2 -20 1 -20 0 -20 -1 -21 -1 -21 -2 -21 -2 -22 -2 -22 -3 -23 -3 -24 -3 -25 -3 -25 -3 -27 -3 -27 -3 -29 -2 -30 -2 -31 -1 -33 -1 -34 0 -36 2 -38 2 -40 3 ]
CSI_DATA,STA,E4:D1:24:F0:BE:00,-58,10,0,0,0,0,0,0,0,0,0,-97,0,5,0,81282565,0,399,0,0,81.6746,128,[-113 -15 24 0 31 3 31 3 30 2 29 2 29 2 28 2 27 1 26 1 25 1 24 2 23 2 22 2 21 2 20 3 18 3 18 3 17 3 17 4 16 4 15 4 14 4 13 5 13 5 12 6 11 6 0 0 0 0 0 0 0 0 0 0 0 0 0 0 0 0 0 0 0 0 0 0 16 -1 15 1 15 2 15 2 15 3 15 4 16 4 16 5 16 5 16 7 16 6 17 7 17 8 18 8 18 8 19 8 19 8 21 9 21 8 22 8 23 7 25 8 26 7 27 7 30 7 32 6 ]
CSI_DATA,STA,E4:D1:24:F0:BE:00,-59,10,0,0,0,0,0,0,0,0,0,-97,0,5,0,81384966,0,399,0,0,81.7771,128,[-113 -15 24 0 -16 -34 -15 -33 -16 -32 -15 -31 -15 -31 -14 -29 -14 -28 -14 -28 -12 -27 -12 -26 -12 -25 -11 -24 -10 -23 -9 -22 -8 -20 -7 -20 -7 -19 -6 -19 -5 -18 -4 -17 -4 -16 -3 -16 -3 -15 -2 -14 -1 -14 0 0 0 0 0 0 0 0 0 0 0 0 0 0 0 0 0 0 0 0 0 0 -8 -14 -7 -14 -6 -15 -5 -15 -5 -16 -5 -16 -4 -17 -4 -17 -4 -18 -3 -18 -3 -19 -4 -19 -4 -20 -4 -21 -4 -21 -5 -23 -5 -23 -5 -25 -6 -25 -6 -26 -8 -27 -8 -29 -10 -30 -10 -31 -11 -33 -13 -34 ]
CSI_DATA,STA,E4:D1:24:F0:BE:00,-58,10,0,0,0,0,0,0,0,0,0,-97,0,5,0,81487368,0,399,0,0,81.8796,128,[-113 -15 24 0 22 -32 22 -32 21 -30 20 -30 19 -29 19 -29 18 -28 18 -27 17 -26 17 -25 16 -24 16 -22 15 -21 15 -19 14 -18 13 -17 14 -17 13 -15 13 -14 12 -14 12 -12 12 -12 12 -11 11 -10 12 -9 0 0 0 0 0 0 0 0 0 0 0 0 0 0 0 0 0 0 0 0 0 0 10 -13 11 -13 11 -12 12 -11 12 -11 13 -11 13 -11 13 -11 14 -11 14 -11 15 -11 15 -12 16 -12 17 -12 17 -13 18 -14 18 -15 19 -16 19 -17 20 -18 20 -20 21 -22 21 -23 22 -25 22 -27 24 -30 ]
CSI_DATA,STA,E4:D1:24:F0:BE:00,-58,10,0,0,0,0,0,0,0,0,0,-97,0,5,0,81589770,0,399,0,0,81.9819,128,[-113 -15 24 0 36 -14 35 -14 34 -14 32 -13 32 -14 31 -13 29 -12 28 -12 27 -12 26 -11 25 -10 24 -10 23 -9 22 -8 21 -7 20 -6 20 -6 19 -5 18 -5 17 -4 17 -4 15 -3 15 -3 15 -2 15 -1 0 0 0 0 0 0 0 0 0 0 0 0 0 0 0 0 0 0 0 0 0 0 15 -6 15 -5 15 -5 15 -3 16 -3 16 -3 17 -2 17 -2 18 -2 17 -2 18 -2 19 -1 20 -1 21 -1 21 -1 22 -2 23 -2 24 -3 25 -3 26 -4 27 -5 29 -6 29 -7 32 -8 33 -10 35 -11 ]
CSI_DATA,STA,E4:D1:24:F0:BE:00,-57,10,0,0,0,0,0,0,0,0,0,-97,0,5,0,81692172,0,399,0,0,82.0844,128,[-113 -15 24 0 16 -35 15 -34 15 -33 14 -33 14 -31 14 -30 13 -29 13 -29 12 -28 11 -27 11 -26 11 -25 11 -23 11 -21 11 -20 11 -19 11 -19 12 -17 11 -16 11 -15 10 -14 10 -13 10 -12 10 -11 11 -11 0 0 0 0 0 0 0 0 0 0 0 0 0 0 0 0 0 0 0 0 0 0 5 -17 7 -16 8 -16 8 -15 9 -15 10 -15 11 -15 12 -15 12 -15 13 -15 13 -15 14 -16 14 -16 15 -17 16 -17 15 -18 16 -18 16 -19 17 -21 17 -21 17 -23 18 -25 17 -26 18 -28 18 -31 18 -33 ]
CSI_DATA,STA,E4:D1:24:F0:BE:00,-58,10,0,0,0,0,0,0,0,0,0,-97,0,5,0,81794574,0,399,0,0,82.1868,128,[-113 -15 24 0 -34 14 -32 15 -31 15 -30 15 -29 15 -28 14 -27 14 -27 13 -26 13 -25 13 -24 12 -23 11 -22 10 -22 10 -21 9 -20 8 -19 7 -19 6 -19 6 -18 5 -18 4 -17 4 -16 3 -16 2 -15 1 0 0 0 0 0 0 0 0 0 0 0 0 0 0 0 0 0 0 0 0 0 0 -15 7 -16 6 -16 5 -16 5 -17 4 -17 4 -18 3 -19 3 -19 3 -19 2 -19 2 -20 2 -21 2 -22 2 -22 2 -24 2 -24 3 -25 3 -26 4 -27 4 -27 6 -29 6 -30 8 -31 9 -32 10 -34 12 ]
CSI_DATA,STA,E4:D1:24:F0:BE:00,-58,10,0,0,0,0,0,0,0,0,0,-97,0,5,0,81896976,0,399,0,0,82.289,128,[-113 -15 24 0 35 -6 33 -6 34 -6 32 -6 32 -5 31 -6 30 -5 29 -5 29 -5 27 -5 27 -4 25 -4 24 -3 24 -3 22 -2 21 -1 20 0 20 0 19 1 18 2 17 2 16 3 15 3 14 3 14 5 0 0 0 0 0 0 0 0 0 0 0 0 0 0 0 0 0 0 0 0 0 0 15 -5 15 -4 16 -2 16 -2 17 -1 16 0 18 1 17 1 18 1 18 2 18 2 19 3 19 3 20 3 20 3 21 3 22 3 23 3 23 2 25 2 26 2 27 1 29 0 31 -1 33 -2 35 -3 ]
CSI_DATA,STA,E4:D1:24:F0:BE:00,-57,10,0,0,0,0,0,0,0,0,0,-97,0,5,0,81999378,0,399,0,0,82.3914,128,[-113 -15 24 0 -37 12 -36 13 -34 13 -33 12 -32 13 -31 13 -30 12 -29 13 -28 12 -27 11 -26 10 -25 10 -24 9 -23 8 -22 7 -21 7 -20 6 -20 6 -19 5 -19 4 -18 3 -17 3 -16 2 -16 1 -16 0 0 0 0 0 0 0 0 0 0 0 0 0 0 0 0 0 0 0 0 0 0 0 -17 8 -18 6 -18 5 -19 4 -19 4 -20 3 -20 3 -21 2 -21 2 -22 1 -22 0 -23 0 -24 0 -24 -1 -25 0 -26 0 -27 0 -27 1 -28 2 -29 2 -30 3 -32 4 -32 5 -34 6 -36 8 -37 9 ]
CSI_DATA,STA,E4:D1:24:F0:BE:00,-58,10,0,0,0,0,0,0,0,0,0,-97,0,5,0,82101779,0,399,0,0,82.494,128,[-113 -15 24 0 -31 14 -29 13 -29 13 -27 13 -27 13 -26 13 -25 12 -24 13 -24 12 -23 11 -22 10 -21 9 -20 9 -20 8 -18 7 -18 7 -17 6 -17 6 -16 5 -16 4 -14 4 -14 3 -14 2 -13 2 -13 1 0 0 0 0 0 0 0 0 0 0 0 0 0 0 0 0 0 0 0 0 0 0 -13 5 -14 5 -15 4 -15 3 -15 3 -15 2 -16 3 -16 2 -17 2 -17 1 -17 1 -18 1 -19 1 -19 1 -20 1 -21 2 -21 2 -22 2 -23 3 -24 4 -24 5 -26 6 -27 7 -28 8 -29 9 -30 10 ]
CSI_DATA,STA,E4:D1:24:F0:BE:00,-58,10,0,0,0,0,0,0,0,0,0,-97,0,5,0,82204181,0,399,0,0,82.5964,128,[-113 -15 24 0 -7 36 -6 35 -6 34 -5 33 -5 32 -5 31 -5 30 -5 29 -5 29 -5 27 -5 26 -5 25 -5 24 -6 23 -5 21 -6 21 -7 19 -7 19 -7 17 -7 17 -8 15 -7 14 -8 13 -8 13 -9 12 0 0 0 0 0 0 0 0 0 0 0 0 0 0 0 0 0 0 0 0 0 0 -2 16 -4 15 -4 15 -5 15 -6 15 -6 15 -7 16 -8 16 -8 16 -8 16 -8 16 -9 17 -10 17 -10 18 -10 19 -11 20 -11 20 -11 21 -11 22 -11 23 -11 25 -10 27 -10 28 -10 30 -10 32 -9 34 ]
CSI_DATA,STA,E4:D1:24:F0:BE:00,-58,10,0,0,0,0,0,0,0,0,0,-97,0,5,0,82306583,0,399,0,0,82.6988,128,[-113 -15 24 0 14 -36 14 -35 13 -35 12 -33 11 -32 11 -32 10 -30 11 -30 11 -29 10 -27 10 -26 10 -25 9 -24 10 -22 9 -20 10 -19 9 -19 9 -18 9 -17 8 -15 9 -15 8 -13 8 -13 9 -12 8 -11 0 0 0 0 0 0 0 0 0 0 0 0 0 0 0 0 0 0 0 0 0 0 5 -16 6 -15 7 -15 7 -15 8 -15 8 -15 9 -15 9 -15 10 -15 10 -15 11 -16 12 -16 13 -17 13 -17 14 -18 14 -19 14 -20 15 -21 14 -22 15 -23 15 -25 16 -27 16 -28 16 -30 16 -32 17 -35 ]
CSI_DATA,STA,E4:D1:24:F0:BE:00,-59,10,0,0,0,0,0,0,0,0,0,-97,0,5,0,82408985,0,399,0,0,82.8012,128,[-113 -15 24 0 -8 35 -7 35 -7 33 -6 33 -5 32 -4 31 -5 30 -5 30 -5 28 -5 27 -6 26 -6 25 -6 24 -6 22 -6 21 -6 20 -7 19 -7 19 -7 18 -7 16 -8 15 -8 14 -8 13 -8 12 -9 11 0 0 0 0 0 0 0 0 0 0 0 0 0 0 0 0 0 0 0 0 0 0 -2 16 -3 16 -4 15 -5 15 -6 15 -7 16 -7 16 -8 16 -8 16 -9 16 -9 16 -9 16 -10 17 -11 18 -11 19 -11 19 -11 20 -11 21 -11 22 -11 23 -11 25 -11 26 -11 28 -11 29 -10 31 -10 34 ]
CSI_DATA,STA,E4:D1:24:F0:BE:00,-58,10,0,0,0,0,0,0,0,0,0,-97,0,5,0,82511387,0,399,0,0,82.9036,128,[-113 -15 24 0 7 37 7 37 7 35 7 35 7 34 7 33 7 31 6 30 6 28 6 28 5 27 4 26 4 25 2 23 2 22 1 21 1 21 0 20 0 19 0 17 -1 16 -1 16 -1 15 -3 15 -3 14 0 0 0 0 0 0 0 0 0 0 0 0 0 0 0 0 0 0 0 0 0 0 4 16 3 16 2 16 1 17 0 16 0 17 0 18 -1 18 -1 18 -1 19 -2 19 -2 20 -2 21 -2 22 -3 23 -2 23 -3 25 -2 26 -2 27 -1 28 0 29 0 30 1 32 2 33 3 36 3 38 ]
CSI_DATA,STA,E4:D1:24:F0:BE:00,-58,10,0,0,0,0,0,0,0,0,0,-97,0,5,0,82613792,0,399,0,0,83.006,128,[-113 -15 24 0 -18 35 -17 35 -16 34 -16 32 -14 32 -14 31 -13 30 -13 29 -13 28 -13 27 -13 26 -13 24 -12 23 -12 21 -12 20 -12 19 -12 18 -12 17 -11 16 -11 15 -11 14 -11 13 -11 12 -11 11 -11 10 0 0 0 0 0 0 0 0 0 0 0 0 0 0 0 0 0 0 0 0 0 0 -7 17 -8 16 -9 16 -10 16 -11 15 -12 15 -13 16 -13 15 -13 16 -14 15 -15 15 -15 16 -16 16 -16 17 -17 17 -17 18 -17 19 -18 20 -18 21 -19 22 -19 23 -19 25 -19 27 -20 28 -20 31 -20 33 ]
CSI_DATA,STA,E4:D1:24:F0:BE:00,-57,10,0,0,0,0,0,0,0,0,0,-97,0,5,0,82716193,0,399,0,0,83.1082,128,[-113 -15 24 0 -19 -37 -19 -35 -19 -34 -18 -32 -19 -32 -18 -30 -18 -29 -17 -28 -16 -28 -15 -27 -15 -26 -14 -25 -13 -24 -12 -23 -10 -22 -10 -22 -9 -21 -9 -20 -8 -19 -7 -19 -6 -18 -6 -17 -5 -17 -4 -16 -3 -16 0 0 0 0 0 0 0 0 0 0 0 0 0 0 0 0 0 0 0 0 0 0 -11 -15 -10 -15 -9 -16 -8 -17 -8 -18 -8 -18 -8 -18 -7 -20 -7 -20 -7 -21 -6 -22 -6 -22 -5 -23 -5 -24 -6 -25 -6 -26 -7 -26 -7 -28 -8 -28 -9 -29 -11 -30 -11 -32 -13 -33 -13 -34 -15 -36 -17 -38 ]
CSI_DATA,STA,E4:D1:24:F0:BE:00,-58,10,0,0,0,0,0,0,0,0,0,-97,0,5,0,82920997,0,399,0,0,83.3133,128,[-113 -15 24 0 -26 -33 -25 -31 -24 -31 -24 -29 -24 -28 -23 -28 -22 -27 -22 -26 -21 -26 -19 -25 -19 -25 -17 -24 -16 -22 -16 -22 -14 -20 -13 -21 -12 -20 -12 -20 -10 -19 -10 -18 -9 -18 -8 -18 -7 -18 -6 -17 -5 -17 0 0 0 0 0 0 0 0 0 0 0 0 0 0 0 0 0 0 0 0 0 0 -12 -14 -11 -15 -10 -16 -9 -16 -9 -17 -8 -17 -8 -17 -8 -18 -8 -18 -8 -19 -7 -19 -7 -20 -7 -21 -8 -22 -8 -22 -9 -23 -9 -23 -10 -25 -11 -25 -13 -26 -14 -27 -16 -28 -17 -29 -18 -31 -19 -32 -22 -34 ]
CSI_DATA,STA,E4:D1:24:F0:BE:00,-58,10,0,0,0,0,0,0,0,0,0,-97,0,5,0,83023399,0,399,0,0,83.4156,128,[-113 -15 24 0 25 -30 23 -30 22 -29 21 -28 20 -28 20 -28 18 -26 18 -26 18 -26 17 -25 16 -23 16 -22 15 -21 16 -20 15 -18 15 -17 15 -16 15 -15 14 -14 13 -14 13 -12 13 -12 12 -11 13 -10 13 -9 0 0 0 0 0 0 0 0 0 0 0 0 0 0 0 0 0 0 0 0 0 0 10 -16 12 -15 12 -15 13 -14 14 -13 15 -13 16 -12 16 -12 17 -12 18 -12 17 -11 19 -12 19 -13 20 -13 21 -13 21 -14 22 -14 23 -15 22 -16 23 -17 23 -19 25 -20 25 -21 25 -22 26 -24 26 -27 ]
CSI_DATA,STA,E4:D1:24:F0:BE:00,-58,10,0,0,0,0,0,0,0,0,0,-97,0,5,0,83125801,0,399,0,0,83.518,128,[-113 -15 24 0 34 -5 33 -5 32 -6 31 -6 31 -6 30 -6 29 -6 28 -6 27 -6 26 -5 26 -5 25 -4 23 -4 23 -3 21 -3 21 -2 20 -1 19 -1 18 0 17 0 17 1 16 2 15 2 14 3 14 4 0 0 0 0 0 0 0 0 0 0 0 0 0 0 0 0 0 0 0 0 0 0 17 -4 17 -2 17 -1 17 0 18 0 17 1 18 2 18 3 19 4 18 4 18 4 19 4 19 5 20 5 20 5 21 5 22 5 22 4 23 4 24 4 25 3 27 2 27 1 30 0 32 -1 34 -2 ]
CSI_DATA,STA,E4:D1:24:F0:BE:00,-57,10,0,0,0,0,0,0,0,0,0,-97,0,5,0,83228203,0,399,0,0,83.6204,128,[-113 -15 24 0 36 14 35 14 35 12 34 12 34 12 33 11 31 11 31 10 30 10 29 10 27 10 26 10 25 10 24 10 22 10 21 11 20 11 19 11 17 11 17 11 15 11 14 11 13 11 12 11 11 12 0 0 0 0 0 0 0 0 0 0 0 0 0 0 0 0 0 0 0 0 0 0 16 6 15 8 15 8 14 9 14 10 14 11 14 11 14 12 14 12 13 13 14 13 15 14 15 14 15 14 16 15 17 15 17 15 18 15 20 15 21 16 23 15 25 16 27 15 29 16 32 16 35 15 ]
CSI_DATA,STA,E4:D1:24:F0:BE:00,-57,10,0,0,0,0,0,0,0,0,0,-97,0,5,0,83330605,0,399,0,0,83.7228,128,[-113 -15 24 0 9 34 10 33 10 32 11 31 11 31 11 30 11 29 10 29 10 27 10 27 9 26 9 25 7 25 6 24 6 22 5 22 4 22 3 21 2 20 1 19 1 18 0 17 0 17 -2 16 -3 16 0 0 0 0 0 0 0 0 0 0 0 0 0 0 0 0 0 0 0 0 0 0 5 18 3 18 1 19 1 19 0 19 -1 19 -2 20 -2 20 -3 20 -3 19 -3 20 -4 21 -4 21 -4 21 -4 22 -4 22 -4 23 -3 24 -3 24 -2 26 -1 27 0 28 2 29 3 30 4 32 5 34 ]
CSI_DATA,STA,E4:D1:24:F0:BE:00,-58,10,0,0,0,0,0,0,0,0,0,-97,0,5,0,83433006,0,399,0,0,83.825,128,[-113 -15 24 0 34 -13 33 -13 33 -13 32 -13 31 -12 30 -12 29 -12 28 -11 27 -12 27 -11 26 -10 25 -9 24 -9 24 -8 22 -6 22 -6 22 -5 20 -4 20 -4 19 -3 18 -2 18 -2 17 -1 16 0 15 1 0 0 0 0 0 0 0 0 0 0 0 0 0 0 0 0 0 0 0 0 0 0 15 -7 15 -5 15 -4 15 -4 16 -3 17 -3 17 -2 17 -2 18 -1 18 -1 18 -1 19 -1 20 0 20 -1 21 0 21 0 22 -1 23 -2 24 -2 26 -3 26 -4 28 -4 29 -6 31 -7 33 -8 35 -10 ]
CSI_DATA,STA,E4:D1:24:F0:BE:00,-57,10,0,0,0,0,0,0,0,0,0,-97,0,5,0,83535408,0,399,0,0,83.9274,128,[-113 -15 24 0 -28 28 -27 28 -25 27 -24 27 -23 27 -23 26 -22 25 -21 24 -21 23 -20 22 -20 21 -19 20 -19 18 -19 17 -18 16 -18 15 -18 14 -18 13 -17 12 -17 11 -16 9 -16 8 -15 7 -15 6 -15 5 0 0 0 0 0 0 0 0 0 0 0 0 0 0 0 0 0 0 0 0 0 0 -11 13 -12 12 -13 11 -13 11 -14 11 -15 11 -16 11 -16 11 -16 10 -17 10 -18 10 -19 10 -19 11 -20 11 -20 11 -21 12 -22 13 -23 14 -23 15 -24 15 -24 17 -25 18 -26 20 -27 22 -27 24 -28 26 ]
CSI_DATA,STA,E4:D1:24:F0:BE:00,-57,10,0,0,0,0,0,0,0,0,0,-97,0,5,0,83637809,0,399,0,0,84.03,128,[-113 -15 24 0 8 30 8 30 8 29 8 28 8 28 7 27 7 26 7 26 6 25 6 24 6 23 5 22 4 21 3 20 2 19 2 19 1 18 0 17 0 16 -1 15 -1 14 -2 14 -2 13 -3 12 -4 11 0 0 0 0 0 0 0 0 0 0 0 0 0 0 0 0 0 0 0 0 0 0 3 12 3 13 2 13 1 13 1 14 0 14 0 15 -1 15 -1 15 -1 15 -1 15 -2 16 -2 17 -2 17 -2 18 -1 19 -1 19 -1 20 0 21 0 22 1 23 2 24 3 26 4 27 4 29 6 31 ]
CSI_DATA,STA,E4:D1:24:F0:BE:00,-57,10,0,0,0,0,0,0,0,0,0,-97,0,5,0,83740211,0,399,0,0,84.1324,128,[-113 -15 24 0 36 -18 33 -17 34 -17 32 -17 31 -16 30 -17 29 -15 28 -15 28 -15 26 -14 25 -13 24 -12 23 -11 23 -11 20 -9 21 -8 19 -7 19 -7 18 -6 17 -5 16 -4 15 -3 15 -3 14 -2 13 -2 0 0 0 0 0 0 0 0 0 0 0 0 0 0 0 0 0 0 0 0 0 0 16 -8 16 -7 17 -6 16 -5 18 -5 18 -4 19 -4 19 -4 19 -3 20 -3 20 -2 21 -2 22 -2 22 -2 23 -2 24 -3 24 -3 26 -4 26 -5 27 -6 28 -7 30 -8 31 -10 33 -11 34 -12 36 -13 ]
CSI_DATA,STA,E4:D1:24:F0:BE:00,-57,10,0,0,0,0,0,0,0,0,0,-97,0,5,0,83842613,0,399,0,0,84.2348,128,[-113 -15 24 0 31 -16 29 -16 29 -16 28 -15 27 -15 26 -15 25 -14 24 -15 23 -13 22 -13 22 -11 21 -11 19 -10 19 -10 17 -8 17 -8 17 -7 16 -7 15 -6 15 -5 14 -5 13 -4 13 -3 12 -3 12 -3 0 0 0 0 0 0 0 0 0 0 0 0 0 0 0 0 0 0 0 0 0 0 13 -9 13 -7 14 -7 14 -6 15 -6 15 -5 15 -5 16 -5 16 -4 17 -4 17 -4 18 -3 19 -3 20 -4 20 -4 21 -4 21 -5 23 -5 23 -6 24 -7 25 -8 26 -9 28 -10 29 -10 30 -12 32 -13 ]
CSI_DATA,STA,E4:D1:24:F0:BE:00,-58,10,0,0,0,0,0,0,0,0,0,-97,0,5,0,83945015,0,399,0,0,84.3372,128,[-113 -15 24 0 -38 2 -36 3 -36 3 -34 3 -33 4 -32 4 -31 3 -30 4 -29 4 -28 2 -27 2 -26 2 -24 2 -23 1 -22 0 -22 0 -20 0 -20 -1 -19 -1 -18 -2 -17 -2 -17 -2 -16 -3 -15 -3 -14 -4 0 0 0 0 0 0 0 0 0 0 0 0 0 0 0 0 0 0 0 0 0 0 -17 3 -17 1 -18 0 -17 -1 -18 -2 -18 -2 -19 -2 -20 -3 -20 -3 -20 -4 -20 -5 -21 -5 -22 -6 -22 -6 -23 -6 -24 -6 -24 -6 -25 -6 -26 -5 -28 -5 -29 -4 -31 -4 -32 -3 -34 -3 -35 -2 -37 -2 ]
CSI_DATA,STA,E4:D1:24:F0:BE:00,-58,10,0,0,0,0,0,0,0,0,0,-97,0,5,0,84047417,0,399,0,0,84.4396,128,[-113 -15 24 0 41 -1 39 -1 39 -2 37 -2 37 -1 35 -1 34 -1 33 -1 32 -1 31 -1 30 0 28 0 27 1 26 1 24 2 23 2 22 3 21 3 20 4 18 4 18 4 17 5 16 5 14 5 14 6 0 0 0 0 0 0 0 0 0 0 0 0 0 0 0 0 0 0 0 0 0 0 18 -3 18 -1 18 1 18 1 18 2 18 3 19 3 19 4 19 4 19 4 19 5 20 5 21 6 22 6 22 6 23 6 24 6 25 6 26 5 28 5 30 4 31 4 33 3 35 3 38 2 41 1 ]
CSI_DATA,STA,E4:D1:24:F0:BE:00,-58,10,0,0,0,0,0,0,0,0,0,-97,0,5,0,84149818,0,399,0,0,84.5418,128,[-113 -15 24 0 -11 -38 -11 -38 -10 -38 -10 -36 -10 -35 -10 -35 -10 -34 -9 -33 -8 -32 -8 -31 -7 -30 -7 -28 -6 -27 -5 -26 -4 -25 -4 -24 -2 -23 -2 -23 -1 -21 -1 -21 -1 -20 0 -19 1 -18 1 -18 3 -17 0 0 0 0 0 0 0 0 0 0 0 0 0 0 0 0 0 0 0 0 0 0 -3 -17 -2 -17 -1 -17 -1 -17 0 -17 1 -17 1 -18 1 -18 1 -18 1 -18 2 -19 2 -20 2 -20 2 -21 2 -22 2 -23 1 -24 1 -25 0 -26 0 -27 -2 -28 -3 -30 -3 -31 -5 -33 -6 -36 -7 -39 ]
CSI_DATA,STA,E4:D1:24:F0:BE:00,-58,10,0,0,0,0,0,0,0,0,0,-97,0,5,0,84252220,0,399,0,0,84.6443,128,[-113 -15 24 0 18 -35 17 -36 16 -34 16 -34 15 -33 14 -32 14 -31 13 -30 13 -29 12 -28 12 -27 12 -25 12 -24 12 -22 12 -22 12 -20 12 -20 12 -19 12 -17 11 -16 11 -15 11 -14 11 -13 11 -12 11 -10 0 0 0 0 0 0 0 0 0 0 0 0 0 0 0 0 0 0 0 0 0 0 8 -15 9 -13 10 -13 11 -13 11 -12 12 -13 12 -13 12 -13 13 -13 13 -13 13 -13 14 -14 15 -14 15 -15 15 -16 16 -16 16 -17 17 -18 17 -20 18 -21 17 -23 18 -25 18 -26 19 -28 19 -30 20 -33 ]
CSI_DATA,STA,E4:D1:24:F0:BE:00,-58,10,0,0,0,0,0,0,0,0,0,-97,0,5,0,84354622,0,399,0,0,84.7468,128,[-113 -15 24 0 12 -34 11 -33 11 -32 10 -31 9 -30 9 -30 9 -28 8 -28 8 -27 8 -26 8 -25 8 -23 8 -22 8 -21 8 -20 8 -19 8 -18 8 -17 8 -16 8 -15 8 -15 8 -13 8 -13 8 -12 8 -11 0 0 0 0 0 0 0 0 0 0 0 0 0 0 0 0 0 0 0 0 0 0 5 -15 6 -14 6 -14 7 -13 8 -13 8 -13 9 -13 9 -13 9 -14 10 -13 10 -13 11 -14 11 -15 12 -15 12 -16 12 -17 12 -18 12 -19 12 -20 13 -21 12 -22 13 -24 13 -26 14 -27 13 -30 14 -32 ]
CSI_DATA,STA,E4:D1:24:F0:BE:00,-58,10,0,0,0,0,0,0,0,0,0,-97,0,5,0,84457024,0,399,0,0,84.8492,128,[-113 -15 24 0 16 32 16 31 16 30 16 30 16 29 16 28 15 26 14 26 13 25 12 24 11 24 11 22 10 22 8 21 8 20 7 20 6 19 6 18 5 17 4 17 4 16 3 15 2 15 1 14 1 14 0 0 0 0 0 0 0 0 0 0 0 0 0 0 0 0 0 0 0 0 0 0 7 14 6 15 5 15 4 15 3 16 3 16 3 17 3 16 2 17 2 17 2 17 2 18 2 19 2 19 2 20 2 21 3 21 3 22 5 22 6 24 7 25 8 26 9 27 10 29 12 30 14 32 ]
CSI_DATA,STA,E4:D1:24:F0:BE:00,-59,10,0,0,0,0,0,0,0,0,0,-97,0,5,0,84559426,0,399,0,0,84.9516,128,[-113 -15 24 0 8 33 7 32 8 33 8 31 8 31 7 30 7 29 7 28 6 28 5 27 4 26 4 25 3 23 3 23 2 21 1 21 1 20 0 19 -1 18 -2 17 -2 15 -2 15 -3 14 -3 13 -4 13 0 0 0 0 0 0 0 0 0 0 0 0 0 0 0 0 0 0 0 0 0 0 2 15 1 14 0 15 -1 14 -1 15 -2 15 -2 15 -2 15 -2 16 -2 16 -3 15 -3 16 -3 17 -4 18 -3 18 -3 19 -3 20 -2 21 -2 21 -1 23 0 24 1 26 2 27 2 29 3 31 4 33 ]
CSI_DATA,STA,E4:D1:24:F0:BE:00,-58,10,0,0,0,0,0,0,0,0,0,-97,0,5,0,84661828,0,399,0,0,85.054,128,[-113 -15 24 0 -38 -13 -38 -12 -37 -11 -36 -11 -36 -10 -34 -10 -33 -10 -32 -10 -31 -10 -30 -10 -29 -10 -27 -10 -25 -10 -24 -10 -22 -10 -21 -11 -20 -10 -19 -11 -18 -10 -17 -10 -16 -11 -15 -11 -14 -10 -13 -10 -12 -11 0 0 0 0 0 0 0 0 0 0 0 0 0 0 0 0 0 0 0 0 0 0 -18 -5 -17 -6 -17 -8 -17 -8 -17 -9 -17 -10 -17 -10 -17 -10 -17 -11 -17 -11 -16 -12 -17 -12 -17 -13 -18 -13 -18 -13 -20 -14 -20 -14 -22 -14 -23 -14 -25 -14 -26 -14 -28 -14 -30 -13 -32 -14 -34 -14 -37 -13 ]
CSI_DATA,STA,E4:D1:24:F0:BE:00,-59,10,0,0,0,0,0,0,0,0,0,-97,0,5,0,84764229,0,399,0,0,85.1564,128,[-113 -15 24 0 16 -27 15 -27 15 -26 14 -26 13 -26 13 -26 13 -25 13 -24 12 -24 12 -23 12 -22 12 -21 12 -19 12 -18 12 -17 11 -16 12 -15 12 -15 12 -14 12 -13 11 -12 11 -11 11 -10 11 -9 11 -8 0 0 0 0 0 0 0 0 0 0 0 0 0 0 0 0 0 0 0 0 0 0 7 -14 8 -13 9 -12 10 -12 10 -11 11 -11 11 -11 12 -11 12 -10 13 -10 12 -10 13 -10 14 -11 14 -11 15 -11 14 -12 15 -12 15 -13 15 -14 16 -15 16 -17 17 -18 16 -19 17 -21 17 -23 18 -25 ]
CSI_DATA,STA,E4:D1:24:F0:BE:00,-58,10,0,0,0,0,0,0,0,0,0,-97,0,5,0,84866631,0,399,0,0,85.2587,128,[-113 -15 24 0 -28 -18 -27 -17 -27 -16 -26 -16 -26 -15 -25 -15 -24 -14 -24 -14 -23 -14 -22 -14 -22 -13 -20 -13 -19 -13 -18 -13 -17 -12 -16 -12 -15 -13 -14 -12 -13 -12 -12 -12 -12 -11 -11 -11 -10 -11 -9 -11 -8 -12 0 0 0 0 0 0 0 0 0 0 0 0 0 0 0 0 0 0 0 0 0 0 -12 -8 -12 -10 -11 -10 -11 -10 -10 -11 -10 -12 -10 -12 -10 -12 -10 -13 -10 -13 -10 -13 -10 -14 -10 -14 -11 -15 -11 -15 -12 -15 -12 -15 -13 -16 -15 -16 -16 -16 -17 -16 -18 -17 -20 -17 -21 -18 -23 -18 -25 -19 ]
CSI_DATA,STA,E4:D1:24:F0:BE:00,-58,10,0,0,0,0,0,0,0,0,0,-97,0,5,0,84969033,0,399,0,0,85.361,128,[-113 -15 24 0 -23 33 -22 33 -21 31 -21 31 -19 30 -19 30 -18 29 -18 28 -18 27 -17 26 -17 24 -17 23 -16 22 -16 20 -15 18 -15 18 -15 17 -15 16 -14 14 -14 13 -14 12 -13 11 -13 10 -13 10 -13 8 0 0 0 0 0 0 0 0 0 0 0 0 0 0 0 0 0 0 0 0 0 0 -10 12 -11 11 -12 11 -12 10 -13 10 -14 10 -14 10 -14 10 -15 10 -15 10 -16 10 -16 11 -17 11 -17 12 -18 12 -19 13 -19 14 -20 15 -19 17 -20 18 -20 19 -22 21 -21 23 -22 25 -23 27 -24 29 ]
CSI_DATA,STA,E4:D1:24:F0:BE:00,-57,10,0,0,0,0,0,0,0,0,0,-97,0,5,0,85071435,0,399,0,0,85.4636,128,[-113 -15 24 0 23 -31 21 -30 21 -30 20 -28 19 -29 19 -28 18 -27 17 -27 18 -26 17 -25 16 -23 16 -22 16 -21 15 -20 15 -18 15 -17 14 -16 15 -15 14 -14 14 -13 13 -12 13 -11 13 -10 12 -9 13 -9 0 0 0 0 0 0 0 0 0 0 0 0 0 0 0 0 0 0 0 0 0 0 10 -13 11 -12 12 -12 12 -11 13 -11 13 -11 14 -10 15 -11 15 -10 16 -10 16 -10 16 -10 17 -11 18 -11 18 -11 18 -13 18 -13 20 -15 19 -15 20 -16 20 -18 21 -20 22 -22 22 -23 23 -25 23 -28 ]
CSI_DATA,STA,E4:D1:24:F0:BE:00,-59,10,0,0,0,0,0,0,0,0,0,-97,0,5,0,85173837,0,399,0,0,85.566,128,[-113 -15 24 0 35 4 35 4 35 4 34 3 33 3 32 3 31 4 30 3 29 3 28 4 27 4 26 5 24 5 23 5 21 5 21 6 20 6 19 6 18 6 17 6 16 7 14 7 13 7 13 7 12 8 0 0 0 0 0 0 0 0 0 0 0 0 0 0 0 0 0 0 0 0 0 0 16 1 15 2 15 3 15 4 15 5 15 5 15 6 16 6 16 7 16 7 16 8 16 8 17 9 17 9 18 9 19 9 20 9 20 9 22 9 23 9 25 8 26 8 28 8 30 8 32 8 35 7 ]
CSI_DATA,STA,E4:D1:24:F0:BE:00,-57,10,0,0,0,0,0,0,0,0,0,-97,0,5,0,85276239,0,399,0,0,85.6684,128,[-113 -15 24 0 -38 0 -37 0 -37 2 -36 1 -36 2 -35 2 -33 1 -33 2 -32 1 -30 0 -29 0 -29 0 -27 0 -26 -1 -24 -1 -24 -2 -23 -3 -22 -3 -21 -4 -20 -4 -19 -4 -18 -5 -17 -5 -16 -6 -15 -7 0 0 0 0 0 0 0 0 0 0 0 0 0 0 0 0 0 0 0 0 0 0 -17 0 -17 -1 -18 -2 -18 -3 -18 -4 -18 -4 -18 -5 -19 -6 -19 -6 -19 -7 -19 -7 -20 -8 -20 -8 -21 -8 -21 -8 -23 -8 -23 -8 -24 -8 -25 -8 -26 -7 -28 -6 -29 -6 -31 -5 -33 -4 -35 -4 -38 -2 ]
CSI_DATA,STA,E4:D1:24:F0:BE:00,-58,10,0,0,0,0,0,0,0,0,0,-97,0,5,0,85378641,0,399,0,0,85.7708,128,[-113 -15 24 0 0 30 1 30 1 29 2 28 3 28 3 27 3 26 2 26 2 25 1 24 1 23 1 23 0 22 0 20 -1 20 -1 19 -2 18 -3 17 -3 16 -3 16 -3 15 -4 14 -4 13 -5 12 -5 12 0 0 0 0 0 0 0 0 0 0 0 0 0 0 0 0 0 0 0 0 0 0 0 13 -1 13 -2 13 -3 13 -4 13 -4 14 -5 14 -5 14 -5 14 -5 14 -6 14 -6 15 -6 15 -7 16 -7 16 -7 17 -7 18 -7 18 -6 19 -6 20 -5 21 -4 23 -3 24 -3 25 -2 27 -2 29 ]
CSI_DATA,STA,E4:D1:24:F0:BE:00,-57,10,0,0,0,0,0,0,0,0,0,-97,0,5,0,85481042,0,399,0,0,85.8732,128,[-113 -15 24 0 -20 32 -19 32 -18 31 -18 30 -17 30 -17 29 -16 28 -16 28 -15 26 -15 25 -15 24 -15 23 -14 22 -14 21 -14 19 -14 19 -14 17 -14 16 -14 15 -13 14 -13 12 -13 12 -13 11 -13 10 -13 9 0 0 0 0 0 0 0 0 0 0 0 0 0 0 0 0 0 0 0 0 0 0 -9 13 -10 13 -11 12 -11 12 -12 11 -13 12 -14 11 -14 12 -14 11 -15 12 -15 12 -16 12 -16 12 -17 13 -17 13 -18 14 -19 15 -19 16 -19 16 -20 18 -20 19 -20 21 -20 23 -20 25 -21 27 -21 30 ]
CSI_DATA,STA,E4:D1:24:F0:BE:00,-58,10,0,0,0,0,0,0,0,0,0,-97,0,5,0,85583445,0,399,0,0,85.9755,128,[-113 -15 24 0 7 36 7 35 7 34 7 32 8 32 8 31 7 30 7 29 7 29 6 27 6 26 5 26 5 24 4 24 3 22 3 22 2 21 1 20 1 19 0 19 -1 18 -1 17 -1 16 -2 15 -3 15 0 0 0 0 0 0 0 0 0 0 0 0 0 0 0 0 0 0 0 0 0 0 2 15 1 15 0 16 0 15 -1 16 -1 16 -2 17 -2 17 -3 17 -3 18 -3 18 -3 18 -4 19 -3 20 -4 20 -4 21 -3 22 -3 23 -2 24 -2 25 -1 27 0 28 1 30 2 31 3 33 4 35 ]
CSI_DATA,STA,E4:D1:24:F0:BE:00,-58,10,0,0,0,0,0,0,0,0,0,-97,0,5,0,85685847,0,399,0,0,86.0779,128,[-113 -15 24 0 -35 22 -33 22 -32 22 -31 21 -29 21 -28 20 -28 19 -28 20 -26 18 -25 18 -25 16 -24 15 -23 14 -22 13 -21 12 -21 11 -20 10 -20 9 -19 8 -18 8 -18 6 -17 6 -16 5 -16 4 -16 3 0 0 0 0 0 0 0 0 0 0 0 0 0 0 0 0 0 0 0 0 0 0 -15 10 -15 9 -16 8 -16 7 -18 7 -17 7 -18 7 -19 6 -19 6 -20 6 -20 6 -21 6 -22 5 -23 5 -23 5 -25 6 -24 7 -26 8 -26 8 -27 9 -28 11 -29 12 -30 14 -31 15 -32 17 -34 19 ]
CSI_DATA,STA,E4:D1:24:F0:BE:00,-59,10,0,0,0,0,0,0,0,0,0,-97,0,5,0,85788249,0,399,0,0,86.1804,128,[-113 -15 24 0 -7 -34 -7 -34 -8 -31 -8 -32 -9 -30 -10 -30 -9 -29 -8 -28 -8 -27 -6 -27 -7 -26 -6 -25 -6 -24 -4 -22 -4 -21 -3 -21 -2 -21 -1 -19 -1 -19 0 -17 -1 -17 0 -16 1 -14 2 -15 4 -12 0 0 0 0 0 0 0 0 0 0 0 0 0 0 0 0 0 0 0 0 0 0 -7 -17 -5 -18 -4 -18 -3 -19 -3 -19 -2 -19 -2 -19 -1 -20 -1 -21 0 -20 1 -20 2 -22 2 -22 3 -23 2 -24 2 -24 2 -25 2 -25 2 -26 1 -27 0 -27 0 -29 -1 -29 -1 -31 -3 -33 -4 -35 ]
CSI_DATA,STA,E4:D1:24:F0:BE:00,-58,10,0,0,0,0,0,0,0,0,0,-97,0,5,0,85890651,0,399,0,0,86.2828,128,[-113 -15 24 0 27 20 27 20 27 18 26 17 26 16 25 16 25 15 23 15 22 14 21 14 21 14 20 14 19 13 17 13 16 12 15 12 14 12 13 12 12 11 11 11 10 11 9 10 8 10 7 10 6 10 0 0 0 0 0 0 0 0 0 0 0 0 0 0 0 0 0 0 0 0 0 0 13 7 12 9 11 9 11 10 11 10 11 11 11 12 11 12 11 13 11 13 11 13 11 14 12 15 12 15 12 16 13 17 14 17 15 18 16 18 17 18 19 19 20 19 21 19 22 20 25 21 27 21 ]
CSI_DATA,STA,E4:D1:24:F0:BE:00,-58,10,0,0,0,0,0,0,0,0,0,-97,0,5,0,85993053,0,399,0,0,86.3852,128,[-113 -15 24 0 24 -28 22 -28 22 -28 21 -27 20 -26 19 -27 18 -25 18 -25 18 -24 16 -23 16 -22 16 -21 16 -20 15 -19 15 -17 15 -16 15 -15 14 -14 14 -13 13 -12 13 -11 13 -11 12 -10 12 -9 12 -8 0 0 0 0 0 0 0 0 0 0 0 0 0 0 0 0 0 0 0 0 0 0 9 -15 11 -14 12 -14 13 -13 13 -13 14 -12 15 -11 15 -12 16 -11 16 -11 16 -11 17 -11 18 -11 19 -11 19 -11 20 -12 19 -13 20 -14 20 -14 21 -15 22 -17 23 -18 23 -20 23 -22 24 -24 25 -26 ]
CSI_DATA,STA,E4:D1:24:F0:BE:00,-58,10,0,0,0,0,0,0,0,0,0,-97,0,5,0,86095454,0,399,0,0,86.4876,128,[-113 -15 24 0 33 13 32 12 32 12 31 11 30 11 30 11 28 10 28 10 26 9 25 9 24 9 23 10 22 10 20 10 18 10 18 10 17 10 15 10 14 10 13 10 12 9 11 9 10 9 9 9 8 9 0 0 0 0 0 0 0 0 0 0 0 0 0 0 0 0 0 0 0 0 0 0 16 4 15 6 15 6 15 7 14 9 15 8 15 9 15 10 15 11 14 11 14 11 15 12 16 12 16 13 16 14 17 14 18 14 19 14 20 14 21 15 22 15 24 15 25 15 28 15 30 15 33 15 ]
CSI_DATA,STA,E4:D1:24:F0:BE:00,-57,10,0,0,0,0,0,0,0,0,0,-97,0,5,0,86197856,0,399,0,0,86.59,128,[-113 -15 24 0 -22 31 -20 30 -19 30 -18 29 -17 28 -16 28 -16 26 -15 26 -15 26 -14 25 -14 23 -14 22 -13 21 -13 20 -13 18 -13 18 -13 16 -13 16 -13 14 -13 14 -12 12 -12 11 -12 11 -12 10 -12 8 0 0 0 0 0 0 0 0 0 0 0 0 0 0 0 0 0 0 0 0 0 0 -9 15 -10 14 -11 14 -12 13 -13 13 -13 13 -14 13 -15 13 -15 13 -16 13 -16 13 -17 13 -18 13 -19 13 -19 14 -20 15 -20 15 -21 16 -20 17 -22 18 -21 19 -22 21 -22 23 -22 25 -23 26 -23 29 ]
CSI_DATA,STA,E4:D1:24:F0:BE:00,-58,10,0,0,0,0,0,0,0,0,0,-97,0,5,0,86300258,0,399,0,0,86.6924,128,[-113 -15 24 0 39 -7 38 -7 37 -8 36 -8 35 -9 34 -8 33 -8 32 -8 30 -7 30 -7 28 -6 27 -5 26 -5 25 -4 23 -3 23 -3 22 -2 21 -2 20 -1 19 -1 18 0 17 0 16 1 16 1 15 2 0 0 0 0 0 0 0 0 0 0 0 0 0 0 0 0 0 0 0 0 0 0 15 -4 16 -3 16 -2 16 -1 17 -1 17 0 17 0 18 0 19 1 19 1 19 1 20 2 21 2 22 2 23 2 24 2 24 2 26 2 26 1 28 1 29 0 32 -1 33 -2 34 -2 36 -3 39 -4 ]
CSI_DATA,STA,E4:D1:24:F0:BE:00,-58,10,0,0,0,0,0,0,0,0,0,-97,0,5,0,86402660,0,399,0,0,86.7948,128,[-113 -15 24 0 -37 -9 -36 -8 -35 -7 -34 -7 -34 -7 -32 -6 -31 -6 -30 -6 -29 -6 -28 -6 -27 -6 -26 -7 -25 -7 -24 -6 -21 -7 -21 -8 -20 -7 -19 -8 -18 -8 -17 -8 -16 -8 -14 -8 -13 -9 -13 -8 -11 -9 0 0 0 0 0 0 0 0 0 0 0 0 0 0 0 0 0 0 0 0 0 0 -18 -2 -17 -4 -18 -5 -18 -6 -17 -7 -17 -7 -18 -8 -18 -9 -18 -9 -18 -10 -18 -10 -19 -11 -19 -12 -20 -12 -20 -12 -22 -12 -22 -12 -23 -13 -24 -13 -25 -13 -27 -12 -28 -12 -30 -12 -32 -12 -33 -12 -35 -12 ]
CSI_DATA,STA,E4:D1:24:F0:BE:00,-57,10,0,0,0,0,0,0,0,0,0,-97,0,5,0,86505062,0,399,0,0,86.8971,128,[-113 -15 24 0 -34 -12 -33 -11 -32 -10 -31 -9 -31 -9 -30 -9 -29 -8 -29 -8 -27 -8 -27 -8 -26 -8 -25 -8 -23 -8 -22 -8 -21 -9 -20 -9 -19 -9 -18 -9 -17 -9 -16 -9 -15 -9 -14 -10 -13 -10 -12 -10 -10 -10 0 0 0 0 0 0 0 0 0 0 0 0 0 0 0 0 0 0 0 0 0 0 -15 -4 -15 -5 -14 -6 -15 -7 -15 -7 -15 -8 -15 -8 -15 -9 -15 -9 -15 -10 -15 -11 -16 -11 -17 -12 -17 -12 -18 -13 -19 -13 -19 -13 -20 -13 -21 -14 -22 -14 -24 -14 -25 -14 -27 -14 -29 -14 -30 -14 -32 -14 ]
CSI_DATA,STA,E4:D1:24:F0:BE:00,-58,10,0,0,0,0,0,0,0,0,0,-97,0,5,0,86607464,0,399,0,0,86.9995,128,[-113 -15 24 0 -4 -34 -5 -32 -4 -32 -5 -31 -5 -30 -5 -29 -5 -28 -4 -27 -4 -26 -4 -26 -4 -25 -3 -23 -2 -23 -2 -21 -1 -20 -1 -19 0 -19 0 -17 1 -17 2 -16 1 -15 2 -14 2 -13 1 -12 3 -10 0 0 0 0 0 0 0 0 0 0 0 0 0 0 0 0 0 0 0 0 0 0 -2 -15 -2 -15 -1 -16 0 -15 1 -16 1 -16 1 -16 1 -17 2 -16 2 -17 3 -18 3 -18 3 -19 3 -20 4 -20 3 -21 3 -22 3 -23 3 -23 3 -24 1 -25 1 -27 1 -28 0 -29 -1 -31 -2 -33 ]
CSI_DATA,STA,E4:D1:24:F0:BE:00,-59,10,0,0,0,0,0,0,0,0,0,-97,0,5,0,86709866,0,399,0,0,87.102,128,[-113 -15 24 0 -9 -36 -9 -35 -10 -35 -9 -33 -9 -33 -9 -33 -8 -31 -8 -30 -7 -30 -7 -29 -7 -28 -6 -27 -5 -25 -4 -25 -3 -23 -3 -22 -2 -22 -1 -21 -1 -19 0 -18 0 -18 0 -17 1 -17 1 -16 2 -15 0 0 0 0 0 0 0 0 0 0 0 0 0 0 0 0 0 0 0 0 0 0 -6 -17 -5 -16 -4 -17 -3 -17 -3 -18 -2 -18 -1 -18 -1 -19 -1 -19 0 -19 0 -19 0 -20 0 -22 0 -22 1 -23 0 -24 0 -24 0 -25 0 -26 0 -27 -2 -28 -2 -29 -3 -30 -4 -32 -6 -34 -7 -36 ]
CSI_DATA,STA,E4:D1:24:F0:BE:00,-58,10,0,0,0,0,0,0,0,0,0,-97,0,5,0,86812267,0,399,0,0,87.2045,128,[-113 -15 24 0 -21 30 -21 29 -20 28 -18 28 -17 27 -17 26 -16 25 -16 25 -15 24 -15 23 -15 21 -15 20 -14 20 -14 18 -13 17 -14 16 -14 15 -13 15 -13 13 -13 12 -13 11 -12 10 -12 9 -12 8 -12 7 0 0 0 0 0 0 0 0 0 0 0 0 0 0 0 0 0 0 0 0 0 0 -7 13 -9 12 -9 12 -10 11 -10 11 -11 12 -11 12 -12 12 -13 12 -13 12 -13 12 -14 13 -15 13 -16 14 -17 14 -18 15 -18 15 -19 16 -19 17 -19 18 -20 20 -21 21 -21 22 -22 24 -22 26 -23 28 ]
CSI_DATA,STA,E4:D1:24:F0:BE:00,-57,10,0,0,0,0,0,0,0,0,0,-97,0,5,0,86914669,0,399,0,0,87.3069,128,[-113 -15 24 0 -31 -25 -30 -23 -29 -23 -29 -22 -29 -20 -28 -20 -27 -19 -26 -18 -25 -18 -24 -18 -23 -17 -22 -17 -21 -17 -19 -16 -18 -15 -17 -16 -16 -15 -15 -15 -14 -15 -13 -15 -12 -14 -11 -14 -10 -14 -8 -14 -8 -13 0 0 0 0 0 0 0 0 0 0 0 0 0 0 0 0 0 0 0 0 0 0 -15 -9 -14 -11 -14 -12 -13 -13 -14 -13 -13 -14 -13 -14 -14 -15 -14 -16 -13 -16 -13 -17 -13 -18 -14 -19 -14 -20 -14 -20 -15 -22 -15 -22 -16 -23 -17 -23 -18 -23 -20 -24 -21 -25 -22 -24 -24 -25 -26 -26 -28 -27 ]
CSI_DATA,STA,E4:D1:24:F0:BE:00,-58,10,0,0,0,0,0,0,0,0,0,-97,0,5,0,87017071,0,399,0,0,87.4093,128,[-113 -15 24 0 -6 -39 -6 -37 -6 -36 -7 -35 -7 -34 -7 -33 -7 -32 -7 -32 -6 -31 -6 -29 -5 -28 -5 -27 -5 -26 -3 -25 -3 -23 -3 -23 -2 -22 -1 -21 -1 -21 -1 -19 0 -19 0 -18 1 -18 2 -17 2 -16 0 0 0 0 0 0 0 0 0 0 0 0 0 0 0 0 0 0 0 0 0 0 -6 -17 -4 -17 -3 -17 -3 -18 -2 -18 -2 -18 -1 -19 -1 -20 -1 -20 0 -21 0 -21 1 -22 1 -24 2 -24 2 -25 2 -26 2 -26 3 -28 2 -29 2 -29 2 -31 1 -33 0 -33 0 -35 -1 -36 -2 -38 ]
CSI_DATA,STA,E4:D1:24:F0:BE:00,-58,10,0,0,0,0,0,0,0,0,0,-97,0,5,0,87119473,0,399,0,0,87.5116,128,[-113 -15 24 0 37 -12 35 -13 34 -12 33 -12 32 -13 31 -12 29 -12 29 -12 28 -11 26 -11 25 -9 24 -9 23 -8 22 -7 21 -7 20 -6 19 -5 19 -5 18 -4 17 -4 16 -3 15 -3 14 -2 14 -1 13 -1 0 0 0 0 0 0 0 0 0 0 0 0 0 0 0 0 0 0 0 0 0 0 14 -6 15 -5 15 -4 15 -4 16 -4 16 -3 17 -3 18 -3 18 -3 18 -3 19 -3 20 -3 21 -2 22 -2 23 -2 24 -2 24 -3 26 -3 27 -3 28 -3 29 -5 31 -5 32 -6 33 -7 35 -8 37 -10 ]
CSI_DATA,STA,E4:D1:24:F0:BE:00,-58,10,0,0,0,0,0,0,0,0,0,-97,0,5,0,87221875,0,399,0,0,87.6141,128,[-113 -15 24 0 -15 -35 -15 -34 -15 -33 -15 -31 -15 -31 -14 -30 -14 -29 -13 -28 -12 -27 -12 -27 -11 -26 -11 -25 -10 -24 -9 -23 -8 -21 -7 -21 -6 -20 -5 -20 -4 -19 -4 -18 -3 -17 -3 -16 -2 -15 -1 -15 -1 -15 0 0 0 0 0 0 0 0 0 0 0 0 0 0 0 0 0 0 0 0 0 0 -9 -15 -8 -16 -7 -17 -7 -17 -6 -18 -6 -18 -5 -18 -6 -19 -5 -20 -4 -20 -4 -20 -4 -22 -3 -23 -3 -24 -3 -25 -3 -26 -4 -26 -3 -27 -4 -27 -5 -29 -6 -30 -6 -31 -8 -32 -9 -33 -10 -34 -11 -36 ]
CSI_DATA,STA,E4:D1:24:F0:BE:00,-58,10,0,0,0,0,0,0,0,0,0,-97,0,5,0,87324277,0,399,0,0,87.7163,128,[-113 -15 24 0 -16 30 -15 29 -14 29 -13 28 -12 27 -12 27 -11 26 -11 25 -11 24 -10 23 -10 22 -10 21 -10 20 -10 19 -10 18 -10 17 -10 16 -11 15 -10 14 -10 13 -9 12 -10 11 -9 10 -9 9 -10 8 0 0 0 0 0 0 0 0 0 0 0 0 0 0 0 0 0 0 0 0 0 0 -5 15 -6 15 -8 14 -8 14 -9 15 -10 14 -10 14 -11 15 -12 15 -12 15 -12 15 -14 15 -15 15 -15 16 -16 16 -16 17 -17 17 -17 18 -18 19 -18 19 -18 21 -18 22 -18 24 -18 25 -18 26 -18 29 ]
CSI_DATA,STA,E4:D1:24:F0:BE:00,-58,10,0,0,0,0,0,0,0,0,0,-97,0,5,0,87426679,0,399,0,0,87.8188,128,[-113 -15 24 0 -35 -21 -34 -20 -33 -19 -32 -19 -32 -18 -31 -18 -29 -17 -29 -16 -27 -16 -27 -16 -26 -15 -24 -15 -23 -14 -22 -14 -20 -14 -19 -14 -18 -14 -17 -14 -16 -14 -15 -13 -14 -13 -13 -13 -12 -12 -11 -12 -10 -13 0 0 0 0 0 0 0 0 0 0 0 0 0 0 0 0 0 0 0 0 0 0 -14 -9 -13 -10 -13 -11 -12 -11 -12 -12 -12 -12 -12 -12 -12 -13 -12 -13 -12 -14 -12 -14 -13 -15 -14 -16 -14 -16 -15 -17 -16 -17 -16 -18 -17 -19 -19 -19 -20 -19 -22 -19 -23 -20 -25 -20 -27 -21 -29 -22 -32 -23 ]
CSI_DATA,STA,E4:D1:24:F0:BE:00,-58,10,0,0,0,0,0,0,0,0,0,-97,0,5,0,87529080,0,399,0,0,87.9213,128,[-113 -15 24 0 -4 36 -3 36 -4 35 -3 34 -2 33 -2 33 -2 31 -2 30 -2 29 -2 29 -3 27 -3 26 -3 25 -4 24 -4 22 -5 22 -5 21 -6 20 -6 19 -6 18 -6 17 -7 16 -7 15 -7 13 -8 12 0 0 0 0 0 0 0 0 0 0 0 0 0 0 0 0 0 0 0 0 0 0 -1 15 -3 15 -4 15 -4 15 -5 15 -6 15 -6 16 -7 16 -7 17 -8 17 -8 17 -8 18 -9 18 -10 19 -10 19 -10 20 -10 21 -10 22 -10 23 -9 24 -9 26 -9 27 -8 29 -8 31 -8 33 -8 35 ]
CSI_DATA,STA,E4:D1:24:F0:BE:00,-57,10,0,0,0,0,0,0,0,0,0,-97,0,5,0,87631482,0,399,0,0,88.0237,128,[-113 -15 24 0 38 -2 37 -3 35 -3 35 -3 34 -3 32 -4 31 -4 30 -4 29 -3 28 -3 27 -3 26 -2 25 -2 24 -1 22 -1 22 0 21 0 19 1 18 2 18 2 17 2 16 3 15 3 14 4 13 4 0 0 0 0 0 0 0 0 0 0 0 0 0 0 0 0 0 0 0 0 0 0 17 -3 18 -1 17 0 18 1 18 2 18 2 19 3 19 4 19 4 19 5 19 5 20 6 21 6 21 7 22 7 22 6 23 7 24 6 26 5 27 5 28 5 30 4 31 3 33 3 35 2 37 1 ]
CSI_DATA,STA,E4:D1:24:F0:BE:00,-58,10,0,0,0,0,0,0,0,0,0,-97,0,5,0,87733884,0,399,0,0,88.1261,128,[-113 -15 24 0 -25 -24 -25 -24 -24 -23 -24 -22 -24 -21 -24 -21 -23 -20 -23 -20 -22 -20 -21 -19 -20 -19 -19 -19 -19 -18 -18 -18 -16 -17 -15 -18 -14 -18 -14 -17 -12 -17 -11 -16 -11 -16 -9 -16 -9 -15 -7 -15 -6 -15 0 0 0 0 0 0 0 0 0 0 0 0 0 0 0 0 0 0 0 0 0 0 -9 -14 -8 -14 -7 -15 -6 -15 -6 -15 -6 -15 -5 -16 -5 -16 -5 -16 -5 -17 -4 -17 -5 -17 -5 -18 -5 -18 -6 -19 -6 -19 -7 -19 -8 -20 -9 -20 -10 -20 -11 -21 -14 -22 -15 -23 -16 -23 -19 -24 -20 -25 ]
CSI_DATA,STA,E4:D1:24:F0:BE:00,-59,10,0,0,0,0,0,0,0,0,0,-97,0,5,0,87836286,0,399,0,0,88.2285,128,[-113 -15 24 0 -26 -27 -26 -25 -25 -26 -25 -24 -25 -24 -24 -24 -23 -23 -23 -22 -22 -22 -22 -22 -21 -21 -19 -21 -18 -21 -17 -20 -16 -19 -15 -19 -13 -19 -12 -19 -11 -18 -10 -17 -9 -17 -8 -17 -7 -16 -6 -16 -4 -15 0 0 0 0 0 0 0 0 0 0 0 0 0 0 0 0 0 0 0 0 0 0 -11 -13 -9 -13 -9 -15 -9 -15 -8 -15 -8 -16 -8 -16 -8 -16 -7 -17 -7 -18 -7 -18 -7 -18 -7 -19 -7 -20 -8 -20 -8 -21 -9 -21 -9 -23 -10 -22 -11 -23 -13 -23 -15 -25 -16 -26 -17 -26 -20 -27 -22 -28 ]
CSI_DATA,STA,E4:D1:24:F0:BE:00,-58,10,0,0,0,0,0,0,0,0,0,-97,0,5,0,87938688,0,399,0,0,88.3309,128,[-113 -15 24 0 35 4 34 4 33 3 33 3 32 2 31 2 30 1 29 1 28 1 28 2 27 2 26 2 25 3 24 3 23 4 21 4 21 5 20 5 19 5 18 6 17 6 16 6 15 7 14 7 13 8 0 0 0 0 0 0 0 0 0 0 0 0 0 0 0 0 0 0 0 0 0 0 16 1 16 2 15 3 15 4 16 5 16 5 16 6 16 6 17 7 16 7 16 8 17 9 17 9 18 10 19 10 19 10 20 10 21 10 22 10 24 10 25 9 26 9 27 8 29 9 31 8 34 8 ]
CSI_DATA,STA,E4:D1:24:F0:BE:00,-59,10,0,0,0,0,0,0,0,0,0,-97,0,5,0,88041090,0,399,0,0,88.4331,128,[-113 -15 24 0 16 31 17 31 18 29 17 29 17 28 17 27 16 26 16 25 15 25 14 24 13 23 12 23 11 22 10 21 9 20 9 20 7 19 7 18 6 17 6 17 5 16 4 16 3 16 2 15 1 15 0 0 0 0 0 0 0 0 0 0 0 0 0 0 0 0 0 0 0 0 0 0 9 14 8 14 6 15 6 15 5 15 5 16 5 17 5 16 5 17 4 17 4 18 4 19 4 20 4 20 4 21 5 22 5 22 6 23 7 24 7 25 9 26 10 27 10 28 12 29 13 31 15 33 ]
CSI_DATA,STA,E4:D1:24:F0:BE:00,-58,10,0,0,0,0,0,0,0,0,0,-97,0,5,0,88143491,0,399,0,0,88.5356,128,[-113 -15 24 0 -14 36 -12 36 -12 34 -11 34 -10 34 -10 33 -10 32 -10 31 -10 30 -10 30 -10 28 -10 27 -10 26 -10 25 -10 23 -10 22 -11 21 -11 20 -11 19 -11 18 -11 17 -11 15 -11 14 -11 13 -13 12 0 0 0 0 0 0 0 0 0 0 0 0 0 0 0 0 0 0 0 0 0 0 -9 13 -10 13 -10 12 -11 12 -11 12 -12 12 -12 12 -12 12 -13 12 -13 12 -13 12 -14 13 -14 13 -15 14 -15 15 -16 16 -16 16 -15 17 -16 19 -16 20 -15 22 -16 23 -16 25 -15 28 -15 30 -15 32 ]
CSI_DATA,STA,E4:D1:24:F0:BE:00,-57,10,0,0,0,0,0,0,0,0,0,-97,0,5,0,88245893,0,399,0,0,88.6381,128,[-113 -15 24 0 -25 -29 -24 -27 -23 -27 -22 -26 -22 -25 -21 -24 -20 -23 -20 -23 -19 -22 -18 -22 -18 -20 -16 -20 -15 -19 -14 -19 -13 -18 -12 -18 -11 -17 -11 -17 -9 -17 -8 -16 -8 -15 -7 -15 -6 -14 -5 -14 -4 -14 0 0 0 0 0 0 0 0 0 0 0 0 0 0 0 0 0 0 0 0 0 0 -12 -11 -11 -12 -10 -13 -10 -13 -9 -14 -9 -14 -9 -14 -9 -15 -9 -16 -9 -16 -9 -17 -9 -18 -9 -18 -9 -19 -10 -19 -11 -20 -11 -21 -12 -22 -13 -23 -14 -23 -15 -24 -16 -26 -17 -26 -19 -27 -20 -29 -22 -31 ]
CSI_DATA,STA,E4:D1:24:F0:BE:00,-58,10,0,0,0,0,0,0,0,0,0,-97,0,5,0,88329792,0,125,0,0,88.7217,128,[125 -48 7 0 27 16 27 15 27 13 26 13 26 12 25 12 24 11 23 11 22 11 21 10 21 10 20 10 19 11 17 10 16 10 16 10 15 10 14 10 13 10 12 10 11 10 10 10 9 10 8 10 7 10 0 0 0 0 0 0 0 0 0 0 0 0 0 0 0 0 0 0 0 0 0 0 13 4 12 5 12 7 12 7 12 8 12 8 12 9 12 9 12 10 12 10 12 11 12 12 13 12 13 13 14 13 14 13 15 14 16 15 17 15 17 15 19 15 21 16 21 16 23 16 25 16 26 16 ]
CSI_DATA,STA,E4:D1:24:F0:BE:00,-58,10,0,0,0,0,0,0,0,0,0,-97,0,5,0,88348295,0,399,0,0,88.7523,128,[-113 -15 24 0 -34 -23 -32 -22 -32 -22 -31 -21 -30 -20 -29 -19 -28 -18 -27 -18 -26 -18 -25 -18 -24 -17 -23 -17 -21 -16 -20 -16 -19 -16 -18 -16 -16 -15 -16 -15 -14 -15 -14 -14 -13 -14 -12 -14 -11 -14 -9 -14 -8 -14 0 0 0 0 0 0 0 0 0 0 0 0 0 0 0 0 0 0 0 0 0 0 -16 -7 -15 -9 -15 -10 -15 -10 -15 -11 -15 -12 -14 -13 -15 -13 -15 -13 -15 -14 -15 -14 -15 -16 -16 -16 -16 -17 -16 -18 -18 -19 -19 -19 -20 -20 -20 -20 -21 -21 -22 -22 -24 -22 -26 -23 -27 -24 -29 -25 -31 -25 ]
CSI_DATA,STA,E4:D1:24:F0:BE:00,-58,10,0,0,0,0,0,0,0,0,0,-97,0,5,0,88450697,0,399,0,0,88.8429,128,[-113 -15 24 0 -38 9 -36 9 -36 10 -34 10 -34 10 -33 9 -32 9 -31 9 -30 8 -29 8 -28 7 -27 6 -26 6 -25 5 -24 4 -23 3 -22 3 -21 2 -21 2 -20 1 -19 0 -18 -1 -18 -1 -17 -2 -16 -3 0 0 0 0 0 0 0 0 0 0 0 0 0 0 0 0 0 0 0 0 0 0 -16 7 -17 5 -18 4 -17 3 -18 3 -18 2 -19 2 -19 2 -20 1 -21 1 -21 0 -22 0 -23 0 -23 -1 -24 -1 -26 -1 -26 -1 -27 -1 -28 0 -29 0 -31 1 -31 2 -33 2 -34 3 -36 4 -38 5 ]
CSI_DATA,STA,E4:D1:24:F0:BE:00,-57,10,0,0,0,0,0,0,0,0,0,-97,0,5,0,88553100,0,399,0,0,88.9453,128,[-113 -15 24 0 -8 -39 -9 -37 -8 -36 -9 -34 -9 -33 -9 -32 -8 -31 -8 -30 -8 -29 -7 -28 -8 -27 -7 -26 -6 -25 -5 -24 -4 -22 -4 -22 -3 -21 -3 -20 -2 -19 -2 -18 -1 -18 -1 -16 0 -16 1 -15 1 -15 0 0 0 0 0 0 0 0 0 0 0 0 0 0 0 0 0 0 0 0 0 0 -5 -16 -4 -16 -4 -17 -3 -16 -2 -17 -2 -18 -1 -18 -1 -19 -1 -19 0 -20 0 -20 0 -21 0 -22 1 -23 1 -23 1 -25 1 -25 1 -27 0 -27 -1 -29 -1 -31 -2 -32 -2 -33 -3 -35 -4 -37 -5 -39 ]
CSI_DATA,STA,E4:D1:24:F0:BE:00,-59,10,0,0,0,0,0,0,0,0,0,-97,0,5,0,88655502,0,399,0,0,89.0477,128,[-113 -15 24 0 -25 -29 -25 -28 -24 -27 -24 -26 -23 -25 -23 -24 -22 -23 -22 -23 -20 -22 -20 -22 -19 -21 -17 -21 -16 -19 -15 -19 -14 -18 -13 -19 -12 -18 -11 -17 -10 -17 -10 -16 -9 -16 -8 -15 -7 -15 -6 -15 -5 -15 0 0 0 0 0 0 0 0 0 0 0 0 0 0 0 0 0 0 0 0 0 0 -12 -12 -11 -13 -11 -14 -10 -14 -9 -14 -9 -15 -9 -15 -9 -16 -9 -16 -9 -17 -9 -17 -9 -18 -9 -19 -10 -20 -10 -20 -11 -21 -11 -22 -12 -23 -13 -23 -14 -24 -15 -25 -16 -26 -18 -26 -19 -27 -21 -29 -22 -30 ]
CSI_DATA,STA,E4:D1:24:F0:BE:00,-58,10,0,0,0,0,0,0,0,0,0,-97,0,5,0,88757904,0,399,0,0,89.1499,128,[-113 -15 24 0 -37 7 -34 7 -34 7 -32 8 -31 8 -31 7 -29 7 -29 7 -28 7 -26 6 -26 6 -25 5 -24 5 -23 4 -21 3 -21 3 -20 2 -19 2 -19 1 -18 1 -17 0 -16 0 -15 -1 -15 -1 -14 -3 0 0 0 0 0 0 0 0 0 0 0 0 0 0 0 0 0 0 0 0 0 0 -16 6 -16 4 -17 3 -17 2 -18 2 -18 1 -19 1 -20 0 -20 0 -20 0 -20 -1 -21 -1 -22 -2 -23 -2 -24 -2 -25 -2 -25 -2 -27 -2 -27 -1 -28 0 -29 0 -31 1 -32 1 -33 2 -35 3 -37 4 ]
CSI_DATA,STA,E4:D1:24:F0:BE:00,-58,10,0,0,0,0,0,0,0,0,0,-97,0,5,0,88860305,0,399,0,0,89.2524,128,[-113 -15 24 0 20 -31 19 -30 19 -30 18 -29 17 -29 17 -28 16 -27 16 -28 15 -27 15 -25 14 -24 14 -23 14 -21 14 -20 13 -18 14 -18 14 -17 14 -16 13 -15 13 -14 13 -13 13 -12 13 -10 13 -10 13 -8 0 0 0 0 0 0 0 0 0 0 0 0 0 0 0 0 0 0 0 0 0 0 8 -13 9 -12 10 -12 10 -11 11 -12 11 -11 12 -11 12 -12 13 -12 13 -12 13 -11 14 -12 15 -13 16 -13 16 -13 17 -15 17 -15 18 -16 18 -17 19 -18 19 -20 20 -21 20 -23 20 -24 21 -26 22 -29 ]
CSI_DATA,STA,E4:D1:24:F0:BE:00,-57,10,0,0,0,0,0,0,0,0,0,-97,0,5,0,88962707,0,399,0,0,89.3549,128,[-113 -15 24 0 -27 18 -25 18 -24 18 -23 17 -22 17 -22 16 -20 16 -20 15 -19 14 -19 14 -18 13 -17 12 -17 11 -16 11 -15 10 -15 9 -14 9 -14 8 -14 7 -13 7 -13 6 -12 5 -12 5 -12 4 -11 3 0 0 0 0 0 0 0 0 0 0 0 0 0 0 0 0 0 0 0 0 0 0 -11 9 -11 8 -12 8 -12 7 -13 7 -13 6 -14 6 -14 7 -15 7 -16 6 -16 6 -16 6 -17 6 -18 7 -18 6 -19 7 -19 7 -20 8 -21 9 -21 9 -22 11 -23 11 -24 13 -25 14 -26 15 -27 16 ]
CSI_DATA,STA,E4:D1:24:F0:BE:00,-59,10,0,0,0,0,0,0,0,0,0,-97,0,5,0,89065109,0,399,0,0,89.4573,128,[-113 -15 24 0 -28 -28 -27 -26 -26 -25 -26 -24 -25 -23 -25 -22 -24 -22 -23 -21 -22 -21 -20 -21 -20 -20 -19 -19 -17 -19 -17 -18 -15 -17 -14 -18 -13 -17 -13 -16 -12 -16 -11 -15 -10 -15 -9 -15 -8 -15 -7 -14 -6 -14 0 0 0 0 0 0 0 0 0 0 0 0 0 0 0 0 0 0 0 0 0 0 -14 -11 -13 -11 -12 -12 -12 -13 -12 -14 -11 -13 -12 -15 -12 -15 -12 -16 -11 -16 -11 -16 -11 -18 -11 -19 -12 -20 -12 -20 -13 -21 -14 -21 -14 -23 -15 -22 -16 -23 -18 -24 -19 -25 -20 -26 -21 -27 -23 -28 -25 -29 ]
CSI_DATA,STA,E4:D1:24:F0:BE:00,-58,10,0,0,0,0,0,0,0,0,0,-97,0,5,0,89167511,0,399,0,0,89.5597,128,[-113 -15 24 0 33 -18 31 -19 30 -19 29 -18 28 -18 27 -18 26 -16 25 -17 25 -16 24 -16 23 -15 22 -14 21 -13 21 -12 19 -11 20 -10 19 -9 18 -8 17 -8 17 -7 16 -6 16 -5 15 -5 14 -4 14 -2 0 0 0 0 0 0 0 0 0 0 0 0 0 0 0 0 0 0 0 0 0 0 13 -10 14 -9 14 -8 15 -7 16 -7 16 -7 16 -6 17 -6 18 -6 18 -6 18 -5 20 -5 20 -5 21 -5 21 -5 23 -6 23 -7 24 -7 25 -7 26 -8 26 -10 28 -10 29 -12 30 -13 32 -15 33 -16 ]
CSI_DATA,STA,E4:D1:24:F0:BE:00,-58,10,0,0,0,0,0,0,0,0,0,-97,0,5,0,89269913,0,399,0,0,89.6621,128,[-113 -15 24 0 -3 36 -2 35 -2 34 -1 32 -1 32 -1 31 0 30 0 29 -1 28 -1 27 -2 25 -2 24 -2 23 -2 22 -3 20 -3 20 -4 19 -4 18 -4 17 -5 16 -5 15 -5 15 -5 14 -6 13 -7 12 0 0 0 0 0 0 0 0 0 0 0 0 0 0 0 0 0 0 0 0 0 0 1 17 0 16 -1 17 -2 16 -3 17 -4 17 -4 18 -5 18 -5 18 -6 18 -6 18 -7 19 -7 20 -8 20 -8 21 -8 22 -8 23 -8 24 -8 24 -8 26 -7 26 -7 28 -7 30 -6 31 -6 33 -5 35 ]
CSI_DATA,STA,E4:D1:24:F0:BE:00,-58,10,0,0,0,0,0,0,0,0,0,-97,0,5,0,89372315,0,399,0,0,89.7645,128,[-113 -15 24 0 -26 -26 -26 -25 -25 -24 -24 -23 -24 -22 -23 -21 -23 -20 -22 -20 -21 -19 -21 -18 -20 -18 -19 -17 -18 -17 -17 -16 -16 -16 -15 -16 -14 -15 -13 -15 -12 -15 -11 -15 -10 -14 -9 -13 -9 -13 -7 -13 -7 -13 0 0 0 0 0 0 0 0 0 0 0 0 0 0 0 0 0 0 0 0 0 0 -13 -11 -12 -11 -12 -12 -12 -13 -11 -14 -11 -15 -11 -15 -11 -16 -11 -16 -11 -17 -11 -18 -10 -19 -11 -19 -11 -20 -11 -20 -12 -21 -12 -22 -13 -23 -13 -23 -14 -23 -16 -24 -17 -25 -18 -25 -20 -26 -22 -27 -23 -28 ]
CSI_DATA,STA,E4:D1:24:F0:BE:00,-57,10,0,0,0,0,0,0,0,0,0,-97,0,5,0,89474716,0,399,0,0,89.8667,128,[-113 -15 24 0 -38 8 -37 8 -36 8 -35 8 -34 8 -33 8 -31 8 -31 8 -30 7 -29 6 -28 6 -27 6 -25 5 -25 5 -23 4 -22 3 -22 3 -21 2 -20 1 -20 1 -19 -1 -18 -1 -17 -2 -16 -2 -15 -4 0 0 0 0 0 0 0 0 0 0 0 0 0 0 0 0 0 0 0 0 0 0 -17 6 -17 4 -17 3 -18 2 -19 2 -19 1 -20 1 -20 0 -20 0 -21 -1 -21 -1 -22 -2 -23 -2 -24 -2 -24 -3 -25 -3 -26 -2 -27 -2 -28 -2 -29 -1 -30 0 -32 0 -33 2 -35 2 -37 3 -39 4 ]
CSI_DATA,STA,E4:D1:24:F0:BE:00,-57,10,0,0,0,0,0,0,0,0,0,-97,0,5,0,89577118,0,399,0,0,89.9692,128,[-113 -15 24 0 24 -33 22 -32 21 -31 20 -30 20 -29 19 -29 18 -27 18 -27 17 -26 16 -25 16 -24 15 -23 15 -21 15 -20 15 -18 14 -17 14 -16 14 -15 14 -14 14 -13 13 -12 13 -11 12 -10 12 -9 12 -8 0 0 0 0 0 0 0 0 0 0 0 0 0 0 0 0 0 0 0 0 0 0 7 -16 8 -15 10 -15 10 -14 11 -15 12 -14 13 -14 13 -15 15 -14 15 -14 15 -14 16 -15 17 -15 18 -15 19 -15 20 -17 19 -17 21 -18 21 -18 21 -19 22 -21 23 -23 23 -24 23 -26 24 -28 25 -30 ]
CSI_DATA,STA,E4:D1:24:F0:BE:00,-57,10,0,0,0,0,0,0,0,0,0,-97,0,5,0,89679520,0,399,0,0,90.0717,128,[-113 -15 24 0 -36 4 -34 5 -33 6 -32 5 -31 7 -30 6 -29 6 -28 7 -28 5 -27 4 -26 3 -25 3 -23 3 -23 4 -21 3 -21 2 -20 1 -19 1 -18 1 -18 0 -17 0 -16 -2 -15 -2 -13 -3 -16 -3 0 0 0 0 0 0 0 0 0 0 0 0 0 0 0 0 0 0 0 0 0 0 -15 2 -15 1 -16 0 -16 -1 -17 -1 -16 -2 -17 -1 -17 -2 -18 -2 -19 -4 -19 -4 -19 -5 -20 -5 -20 -5 -21 -5 -23 -5 -23 -4 -24 -4 -24 -4 -26 -3 -26 -2 -29 -1 -30 -1 -32 -2 -33 -1 -34 1 ]
CSI_DATA,STA,E4:D1:24:F0:BE:00,-57,10,0,0,0,0,0,0,0,0,0,-97,0,5,0,89781922,0,399,0,0,90.1741,128,[-113 -15 24 0 -2 39 -1 38 -1 37 -1 35 0 35 0 34 0 32 0 31 0 30 0 29 0 28 -1 27 -2 26 -2 25 -2 22 -3 22 -4 21 -4 20 -4 19 -5 18 -5 17 -6 15 -6 15 -7 14 -7 12 0 0 0 0 0 0 0 0 0 0 0 0 0 0 0 0 0 0 0 0 0 0 3 16 1 16 0 17 -1 17 -2 18 -2 18 -3 19 -4 19 -4 20 -5 20 -5 20 -6 21 -6 22 -7 23 -8 23 -8 24 -8 25 -8 26 -7 27 -7 28 -7 30 -6 31 -6 33 -5 35 -5 37 -4 39 ]
CSI_DATA,STA,E4:D1:24:F0:BE:00,-57,10,0,0,0,0,0,0,0,0,0,-97,0,5,0,89884324,0,399,0,0,90.2765,128,[-113 -15 24 0 37 -11 35 -11 34 -12 32 -11 31 -12 31 -12 29 -12 28 -12 27 -11 26 -10 26 -9 25 -9 23 -8 23 -7 22 -7 21 -6 20 -5 19 -4 19 -4 18 -3 17 -2 16 -1 15 -1 14 0 14 1 0 0 0 0 0 0 0 0 0 0 0 0 0 0 0 0 0 0 0 0 0 0 15 -7 15 -5 16 -5 16 -4 17 -4 17 -3 18 -2 19 -2 19 -2 19 -1 19 -1 20 0 21 0 23 0 23 0 24 0 24 -1 26 -1 26 -2 28 -2 29 -3 31 -4 31 -5 33 -6 34 -7 36 -8 ]
CSI_DATA,STA,E4:D1:24:F0:BE:00,-58,10,0,0,0,0,0,0,0,0,0,-97,0,5,0,89986726,0,399,0,0,90.3789,128,[-113 -15 24 0 -38 2 -36 3 -35 3 -34 3 -33 3 -32 3 -31 3 -30 3 -29 3 -28 2 -27 2 -25 1 -24 1 -23 1 -22 0 -21 -1 -20 -1 -19 -1 -18 -2 -17 -2 -16 -3 -16 -3 -14 -3 -13 -4 -12 -4 0 0 0 0 0 0 0 0 0 0 0 0 0 0 0 0 0 0 0 0 0 0 -17 3 -17 1 -18 0 -18 -1 -19 -2 -18 -3 -19 -3 -19 -4 -20 -4 -20 -5 -20 -5 -21 -6 -21 -6 -22 -6 -22 -6 -24 -6 -24 -6 -25 -6 -26 -6 -27 -5 -28 -4 -30 -4 -31 -3 -33 -2 -35 -1 -37 -1 ]
CSI_DATA,STA,E4:D1:24:F0:BE:00,-58,10,0,0,0,0,0,0,0,0,0,-97,0,5,0,90089128,0,399,0,0,90.4813,128,[-113 -15 24 0 34 17 33 16 33 15 32 15 31 15 31 14 29 13 28 13 27 13 26 12 25 12 23 13 22 12 20 12 19 12 18 12 16 12 16 12 14 12 13 11 12 11 11 11 10 10 9 10 9 11 0 0 0 0 0 0 0 0 0 0 0 0 0 0 0 0 0 0 0 0 0 0 18 4 17 6 17 7 17 8 17 9 17 10 17 11 17 11 16 13 16 13 16 13 17 14 17 15 18 16 18 16 18 17 18 17 20 18 21 18 22 18 23 18 25 19 26 18 28 18 30 19 33 19 ]
CSI_DATA,STA,E4:D1:24:F0:BE:00,-57,10,0,0,0,0,0,0,0,0,0,-97,0,5,0,90191529,0,399,0,0,90.5837,128,[-113 -15 24 0 -39 8 -38 8 -36 8 -35 8 -34 9 -33 8 -32 8 -31 8 -30 7 -29 6 -28 6 -27 5 -26 5 -24 3 -23 3 -22 2 -22 1 -21 1 -19 0 -18 0 -18 -1 -17 -1 -16 -2 -14 -3 -14 -3 0 0 0 0 0 0 0 0 0 0 0 0 0 0 0 0 0 0 0 0 0 0 -17 5 -17 4 -18 3 -18 2 -18 2 -19 1 -19 1 -20 0 -20 0 -21 -1 -21 -1 -22 -2 -23 -2 -24 -2 -24 -2 -25 -2 -26 -2 -27 -2 -28 -1 -29 -1 -31 0 -32 1 -33 2 -35 3 -37 4 -39 5 ]
CSI_DATA,STA,E4:D1:24:F0:BE:00,-57,10,0,0,0,0,0,0,0,0,0,-97,0,5,0,90293931,0,399,0,0,90.686,128,[-113 -15 24 0 37 -8 35 -8 35 -8 33 -9 32 -9 31 -9 30 -8 29 -9 29 -8 28 -8 27 -7 26 -6 25 -6 24 -5 22 -4 22 -4 21 -3 20 -2 19 -2 18 -1 17 0 16 1 15 1 14 1 13 3 0 0 0 0 0 0 0 0 0 0 0 0 0 0 0 0 0 0 0 0 0 0 17 -5 17 -3 18 -3 18 -1 18 0 18 0 19 1 20 1 20 2 20 3 20 3 20 3 21 4 22 4 22 4 23 3 24 3 25 3 25 2 27 2 28 1 30 0 31 -1 32 -2 35 -3 37 -5 ]
CSI_DATA,STA,E4:D1:24:F0:BE:00,-58,10,0,0,0,0,0,0,0,0,0,-97,0,5,0,90396333,0,399,0,0,90.7885,128,[-113 -15 24 0 -35 -16 -34 -15 -33 -15 -33 -14 -32 -14 -31 -14 -30 -13 -29 -13 -28 -13 -27 -13 -26 -13 -25 -13 -24 -13 -22 -12 -21 -13 -20 -13 -19 -13 -17 -13 -16 -13 -16 -13 -14 -13 -13 -13 -12 -12 -11 -13 -10 -13 0 0 0 0 0 0 0 0 0 0 0 0 0 0 0 0 0 0 0 0 0 0 -14 -6 -14 -7 -14 -8 -14 -9 -14 -9 -14 -10 -14 -10 -14 -11 -14 -12 -14 -12 -14 -13 -14 -13 -15 -14 -15 -14 -16 -15 -17 -15 -18 -15 -19 -16 -20 -16 -21 -16 -23 -16 -24 -17 -25 -17 -28 -17 -30 -18 -32 -18 ]
CSI_DATA,STA,E4:D1:24:F0:BE:00,-57,10,0,0,0,0,0,0,0,0,0,-97,0,5,0,90498735,0,399,0,0,90.8909,128,[-113 -15 24 0 31 -24 29 -23 28 -23 27 -23 25 -23 25 -22 24 -21 22 -21 22 -20 21 -20 20 -18 20 -17 19 -16 19 -15 18 -13 18 -12 18 -12 17 -11 17 -10 16 -9 15 -8 14 -7 14 -6 13 -5 13 -4 0 0 0 0 0 0 0 0 0 0 0 0 0 0 0 0 0 0 0 0 0 0 12 -12 12 -11 14 -11 14 -10 15 -10 15 -10 16 -9 17 -10 17 -9 18 -9 18 -9 19 -9 20 -9 21 -9 22 -9 23 -10 24 -11 24 -11 25 -12 26 -13 27 -14 28 -15 28 -17 30 -18 31 -20 32 -22 ]
CSI_DATA,STA,E4:D1:24:F0:BE:00,-58,10,0,0,0,0,0,0,0,0,0,-97,0,5,0,90601135,0,399,0,0,90.9933,128,[-113 -15 24 0 -16 -38 -16 -37 -16 -35 -16 -34 -16 -33 -16 -32 -15 -31 -15 -30 -14 -29 -13 -29 -12 -27 -12 -26 -11 -25 -10 -24 -9 -23 -8 -23 -7 -22 -6 -22 -6 -21 -5 -20 -4 -19 -4 -18 -3 -18 -1 -17 -1 -17 0 0 0 0 0 0 0 0 0 0 0 0 0 0 0 0 0 0 0 0 0 0 -9 -16 -7 -17 -7 -17 -6 -18 -5 -18 -5 -19 -5 -19 -5 -20 -4 -20 -3 -21 -3 -21 -3 -22 -3 -23 -3 -24 -3 -24 -4 -26 -4 -26 -5 -27 -5 -28 -5 -29 -7 -30 -8 -32 -8 -33 -10 -35 -12 -36 -13 -38 ]
CSI_DATA,STA,E4:D1:24:F0:BE:00,-58,10,0,0,0,0,0,0,0,0,0,-97,0,5,0,90703537,0,399,0,0,91.0957,128,[-113 -15 24 0 -29 17 -27 17 -26 16 -25 16 -25 16 -24 16 -22 15 -22 15 -21 14 -20 13 -20 12 -19 12 -19 11 -17 10 -17 9 -17 9 -16 8 -16 7 -15 7 -15 6 -15 5 -14 5 -13 4 -13 4 -13 2 0 0 0 0 0 0 0 0 0 0 0 0 0 0 0 0 0 0 0 0 0 0 -11 8 -12 7 -13 7 -13 6 -13 6 -14 6 -14 5 -15 5 -15 5 -16 6 -16 5 -17 5 -18 5 -19 5 -19 5 -20 6 -21 6 -22 7 -22 7 -23 8 -24 9 -25 10 -25 11 -27 12 -28 13 -29 15 ]
CSI_DATA,STA,E4:D1:24:F0:BE:00,-58,10,0,0,0,0,0,0,0,0,0,-97,0,5,0,90805939,0,399,0,0,91.1982,128,[-113 -15 24 0 -15 -38 -15 -37 -15 -36 -15 -34 -15 -33 -14 -33 -13 -31 -13 -30 -12 -29 -12 -28 -11 -27 -10 -26 -10 -24 -9 -24 -7 -22 -7 -22 -6 -21 -5 -20 -5 -19 -4 -18 -4 -18 -3 -17 -2 -16 -2 -15 0 -15 0 0 0 0 0 0 0 0 0 0 0 0 0 0 0 0 0 0 0 0 0 0 -10 -16 -8 -16 -8 -17 -7 -17 -6 -18 -6 -18 -6 -19 -5 -19 -5 -20 -4 -21 -4 -21 -4 -22 -4 -23 -4 -24 -4 -25 -4 -26 -4 -27 -5 -28 -6 -29 -5 -31 -7 -31 -8 -33 -9 -34 -10 -35 -11 -37 -12 -39 ]
CSI_DATA,STA,E4:D1:24:F0:BE:00,-57,10,0,0,0,0,0,0,0,0,0,-97,0,5,0,90908340,0,399,0,0,91.3005,128,[-113 -15 24 0 -35 -25 -34 -24 -33 -22 -32 -22 -32 -21 -31 -21 -29 -20 -29 -20 -27 -19 -26 -19 -26 -18 -24 -18 -23 -18 -22 -17 -19 -17 -19 -17 -17 -16 -16 -16 -15 -16 -14 -16 -13 -16 -12 -15 -11 -15 -10 -15 -8 -16 0 0 0 0 0 0 0 0 0 0 0 0 0 0 0 0 0 0 0 0 0 0 -15 -8 -14 -9 -14 -11 -14 -11 -13 -12 -13 -12 -14 -13 -14 -14 -14 -14 -14 -15 -13 -15 -14 -16 -15 -17 -16 -18 -16 -19 -17 -19 -17 -19 -18 -21 -20 -21 -21 -21 -23 -22 -25 -23 -26 -23 -28 -24 -30 -25 -33 -26 ]
CSI_DATA,STA,E4:D1:24:F0:BE:00,-57,10,0,0,0,0,0,0,0,0,0,-97,0,5,0,91010742,0,399,0,0,91.4028,128,[-113 -15 24 0 33 -22 32 -22 31 -22 30 -21 29 -21 28 -20 27 -20 26 -20 26 -19 25 -18 24 -17 23 -15 22 -14 22 -14 20 -12 20 -12 20 -11 19 -10 19 -9 18 -8 17 -7 17 -6 16 -5 16 -4 16 -3 0 0 0 0 0 0 0 0 0 0 0 0 0 0 0 0 0 0 0 0 0 0 12 -9 13 -8 14 -7 14 -7 15 -7 15 -6 16 -6 16 -6 17 -6 17 -6 18 -6 18 -6 19 -6 20 -6 21 -6 22 -7 22 -8 23 -9 24 -9 25 -10 26 -12 28 -13 28 -14 30 -16 32 -17 33 -19 ]
CSI_DATA,STA,E4:D1:24:F0:BE:00,-58,10,0,0,0,0,0,0,0,0,0,-97,0,5,0,91113144,0,399,0,0,91.5052,128,[-113 -15 24 0 -24 -35 -23 -33 -23 -33 -22 -32 -22 -31 -21 -31 -20 -30 -20 -29 -19 -28 -18 -28 -17 -27 -16 -26 -15 -25 -14 -24 -12 -23 -12 -23 -11 -22 -10 -22 -9 -21 -8 -21 -8 -20 -6 -20 -5 -19 -4 -19 -2 -18 0 0 0 0 0 0 0 0 0 0 0 0 0 0 0 0 0 0 0 0 0 0 -8 -14 -7 -14 -7 -15 -6 -15 -6 -16 -5 -16 -5 -16 -5 -17 -5 -17 -5 -18 -5 -18 -5 -19 -5 -20 -5 -21 -6 -21 -7 -22 -7 -22 -8 -24 -9 -25 -10 -25 -11 -27 -13 -28 -14 -29 -16 -31 -17 -33 -19 -34 ]
CSI_DATA,STA,E4:D1:24:F0:BE:00,-58,10,0,0,0,0,0,0,0,0,0,-97,0,5,0,91215546,0,399,0,0,91.6077,128,[-113 -15 24 0 23 -22 22 -22 21 -22 20 -21 20 -21 20 -21 19 -20 19 -20 18 -19 17 -19 17 -18 17 -17 16 -16 16 -15 15 -14 15 -13 15 -12 15 -11 14 -10 14 -9 13 -8 13 -7 13 -6 12 -6 12 -4 0 0 0 0 0 0 0 0 0 0 0 0 0 0 0 0 0 0 0 0 0 0 10 -9 11 -8 11 -8 11 -7 12 -7 13 -7 13 -6 13 -6 14 -7 14 -6 14 -6 15 -6 15 -6 16 -7 17 -7 17 -8 18 -8 19 -9 19 -9 20 -10 20 -12 21 -13 21 -14 22 -15 23 -17 24 -19 ]
CSI_DATA,STA,E4:D1:24:F0:BE:00,-58,10,0,0,0,0,0,0,0,0,0,-97,0,5,0,91317948,0,399,0,0,91.7101,128,[-113 -15 24 0 27 -24 26 -24 25 -24 24 -24 23 -24 23 -24 22 -22 21 -22 21 -22 21 -21 20 -20 20 -19 19 -18 19 -17 18 -15 18 -15 18 -14 18 -12 17 -12 17 -10 16 -9 16 -8 16 -7 15 -6 15 -5 0 0 0 0 0 0 0 0 0 0 0 0 0 0 0 0 0 0 0 0 0 0 13 -10 13 -9 14 -9 15 -8 16 -7 16 -7 16 -6 16 -7 17 -6 18 -6 18 -6 19 -6 19 -5 20 -6 20 -6 20 -7 21 -7 22 -8 22 -9 23 -10 23 -11 24 -13 25 -14 26 -16 26 -18 28 -20 ]
CSI_DATA,STA,E4:D1:24:F0:BE:00,-58,10,0,0,0,0,0,0,0,0,0,-97,0,5,0,91420350,0,399,0,0,91.8125,128,[-113 -15 24 0 33 22 33 21 33 19 32 19 32 19 31 18 30 17 29 17 27 16 26 17 25 17 24 16 23 16 21 16 20 15 18 15 18 16 17 15 16 15 14 15 13 14 12 14 10 14 9 14 8 15 0 0 0 0 0 0 0 0 0 0 0 0 0 0 0 0 0 0 0 0 0 0 15 8 14 10 14 10 13 11 13 11 13 12 13 13 13 13 13 14 13 15 13 15 13 16 14 17 14 18 14 18 15 19 16 19 16 20 18 20 19 20 22 20 23 21 24 21 27 22 29 23 32 23 ]
CSI_DATA,STA,E4:D1:24:F0:BE:00,-57,10,0,0,0,0,0,0,0,0,0,-97,0,5,0,91522751,0,399,0,0,91.9149,128,[-113 -15 24 0 16 33 16 32 16 31 16 31 16 30 15 29 15 28 14 27 14 26 13 26 13 25 11 24 11 24 9 23 8 22 8 21 6 21 5 20 4 19 3 18 2 17 2 17 1 16 0 15 -1 15 0 0 0 0 0 0 0 0 0 0 0 0 0 0 0 0 0 0 0 0 0 0 8 15 6 15 5 16 5 16 4 16 3 17 3 18 3 18 2 18 2 18 2 18 2 19 2 20 2 21 2 21 2 22 2 23 3 24 4 25 5 26 6 26 7 28 8 29 10 30 12 32 13 35 ]
CSI_DATA,STA,E4:D1:24:F0:BE:00,-57,10,0,0,0,0,0,0,0,0,0,-97,0,5,0,91625153,0,399,0,0,92.0173,128,[-113 -15 24 0 -36 -14 -35 -13 -34 -13 -33 -12 -33 -12 -32 -11 -31 -11 -30 -11 -29 -11 -28 -11 -27 -11 -26 -11 -25 -11 -23 -11 -21 -11 -21 -11 -20 -12 -18 -12 -18 -12 -16 -12 -15 -12 -14 -12 -13 -12 -11 -12 -11 -12 0 0 0 0 0 0 0 0 0 0 0 0 0 0 0 0 0 0 0 0 0 0 -16 -5 -16 -7 -16 -8 -15 -9 -16 -10 -15 -10 -15 -11 -16 -11 -15 -11 -16 -12 -15 -12 -16 -13 -16 -14 -17 -14 -17 -14 -18 -15 -19 -15 -20 -16 -21 -15 -22 -15 -24 -16 -26 -16 -27 -16 -29 -16 -31 -16 -34 -17 ]
CSI_DATA,STA,E4:D1:24:F0:BE:00,-58,10,0,0,0,0,0,0,0,0,0,-97,0,5,0,91727555,0,399,0,0,92.1196,128,[-113 -15 24 0 7 -36 6 -35 7 -35 6 -34 5 -33 5 -32 5 -31 4 -31 4 -30 4 -29 4 -28 5 -27 5 -25 5 -25 5 -23 6 -22 7 -21 7 -20 7 -19 8 -18 7 -17 8 -16 8 -15 8 -14 9 -13 0 0 0 0 0 0 0 0 0 0 0 0 0 0 0 0 0 0 0 0 0 0 3 -16 4 -16 5 -16 6 -16 7 -16 8 -15 8 -16 8 -16 9 -16 9 -16 10 -16 10 -17 11 -17 11 -18 11 -18 11 -19 11 -20 12 -21 11 -23 12 -23 11 -24 11 -26 11 -28 10 -30 10 -32 10 -34 ]
CSI_DATA,STA,E4:D1:24:F0:BE:00,-57,10,0,0,0,0,0,0,0,0,0,-97,0,5,0,91829957,0,399,0,0,92.2221,128,[-113 -15 24 0 4 -38 3 -36 4 -35 3 -35 2 -33 1 -33 1 -31 1 -31 1 -30 2 -29 2 -27 2 -26 3 -25 3 -24 4 -22 4 -21 5 -21 5 -20 5 -19 5 -18 5 -17 5 -16 6 -15 7 -14 7 -13 0 0 0 0 0 0 0 0 0 0 0 0 0 0 0 0 0 0 0 0 0 0 0 -17 1 -17 2 -17 3 -17 4 -17 5 -18 5 -18 5 -18 6 -18 6 -18 7 -18 8 -19 8 -19 9 -20 9 -21 9 -22 9 -22 9 -23 9 -25 9 -25 7 -27 8 -29 8 -30 7 -32 7 -34 7 -36 ]
CSI_DATA,STA,E4:D1:24:F0:BE:00,-58,10,0,0,0,0,0,0,0,0,0,-97,0,5,0,91932359,0,399,0,0,92.3245,128,[-113 -15 24 0 -12 34 -11 34 -10 33 -10 32 -8 31 -8 31 -8 29 -8 29 -8 28 -8 27 -8 26 -8 25 -8 24 -8 22 -9 21 -9 20 -9 19 -10 18 -9 17 -10 16 -9 14 -10 13 -10 12 -10 12 -10 10 0 0 0 0 0 0 0 0 0 0 0 0 0 0 0 0 0 0 0 0 0 0 -4 16 -6 16 -7 15 -7 15 -8 15 -9 15 -10 15 -10 16 -10 16 -11 15 -12 15 -13 16 -13 16 -14 17 -14 17 -14 18 -14 19 -15 20 -14 21 -15 22 -14 23 -14 25 -14 26 -14 28 -14 30 -14 32 ]
CSI_DATA,STA,E4:D1:24:F0:BE:00,-58,10,0,0,0,0,0,0,0,0,0,-97,0,5,0,92034761,0,399,0,0,92.4269,128,[-113 -15 24 0 -39 -10 -38 -8 -37 -8 -36 -8 -36 -7 -35 -7 -34 -7 -33 -7 -32 -7 -31 -8 -30 -8 -28 -8 -27 -8 -26 -8 -23 -8 -23 -8 -21 -9 -20 -9 -19 -9 -18 -9 -17 -9 -16 -10 -15 -10 -14 -10 -12 -10 0 0 0 0 0 0 0 0 0 0 0 0 0 0 0 0 0 0 0 0 0 0 -18 -2 -17 -4 -18 -5 -18 -5 -18 -6 -18 -7 -18 -7 -19 -8 -19 -9 -19 -10 -19 -10 -20 -12 -20 -12 -20 -13 -21 -13 -22 -13 -23 -13 -24 -14 -25 -14 -27 -14 -28 -13 -29 -13 -31 -13 -33 -13 -35 -13 -37 -12 ]
CSI_DATA,STA,E4:D1:24:F0:BE:00,-57,10,0,0,0,0,0,0,0,0,0,-97,0,5,0,92137163,0,399,0,0,92.5293,128,[-113 -15 24 0 38 0 37 0 36 -1 35 -2 35 -2 34 -2 33 -2 32 -2 31 -2 30 -2 29 -1 28 -1 27 0 26 0 24 1 24 2 23 2 22 2 21 3 20 3 19 4 18 4 17 5 16 6 16 7 0 0 0 0 0 0 0 0 0 0 0 0 0 0 0 0 0 0 0 0 0 0 18 -2 17 -1 18 0 18 1 18 2 18 2 19 4 19 4 19 5 20 5 19 5 21 6 21 7 22 7 23 7 23 8 23 7 25 8 26 7 27 7 29 6 30 6 31 5 33 5 35 4 37 3 ]
CSI_DATA,STA,E4:D1:24:F0:BE:00,-57,10,0,0,0,0,0,0,0,0,0,-97,0,5,0,92239564,0,399,0,0,92.6317,128,[-113 -15 24 0 -8 29 -7 28 -6 28 -5 27 -5 26 -4 25 -4 24 -4 24 -4 23 -4 22 -4 21 -4 20 -4 19 -5 18 -5 17 -5 17 -5 16 -6 15 -6 14 -6 14 -7 13 -6 12 -6 11 -7 10 -7 10 0 0 0 0 0 0 0 0 0 0 0 0 0 0 0 0 0 0 0 0 0 0 -2 14 -3 14 -4 14 -4 13 -5 14 -5 14 -6 14 -6 14 -7 15 -8 14 -8 14 -8 15 -9 15 -9 16 -9 16 -10 17 -10 18 -10 18 -10 19 -10 20 -10 21 -10 23 -10 24 -9 25 -9 27 -9 29 ]
CSI_DATA,STA,E4:D1:24:F0:BE:00,-57,10,0,0,0,0,0,0,0,0,0,-97,0,5,0,92341966,0,399,0,0,92.7342,128,[-113 -15 24 0 -22 30 -21 30 -20 29 -19 29 -18 28 -18 28 -17 27 -16 26 -15 25 -15 24 -15 23 -14 22 -14 21 -14 20 -14 18 -14 18 -14 16 -14 16 -13 15 -13 14 -13 13 -13 12 -12 11 -13 10 -13 9 0 0 0 0 0 0 0 0 0 0 0 0 0 0 0 0 0 0 0 0 0 0 -9 15 -10 14 -12 14 -12 13 -13 14 -14 13 -15 13 -15 13 -16 13 -16 13 -17 13 -18 13 -19 13 -19 14 -20 14 -20 15 -21 15 -22 16 -22 17 -22 18 -23 19 -23 21 -23 22 -24 24 -24 26 -24 28 ]
CSI_DATA,STA,E4:D1:24:F0:BE:00,-57,10,0,0,0,0,0,0,0,0,0,-97,0,5,0,92444368,0,399,0,0,92.8364,128,[-113 -15 24 0 -19 -33 -18 -31 -18 -31 -18 -29 -18 -29 -18 -28 -17 -27 -17 -26 -15 -26 -15 -24 -14 -24 -13 -23 -13 -22 -12 -21 -11 -19 -10 -20 -9 -19 -8 -18 -7 -18 -6 -18 -6 -17 -5 -16 -4 -15 -3 -15 -2 -14 0 0 0 0 0 0 0 0 0 0 0 0 0 0 0 0 0 0 0 0 0 0 -11 -15 -10 -15 -9 -16 -8 -16 -8 -17 -7 -17 -8 -18 -7 -19 -7 -19 -6 -20 -6 -20 -5 -21 -6 -22 -5 -23 -6 -24 -6 -25 -6 -25 -7 -27 -7 -27 -8 -27 -10 -29 -11 -30 -11 -30 -12 -32 -14 -33 -15 -35 ]
CSI_DATA,STA,E4:D1:24:F0:BE:00,-58,10,0,0,0,0,0,0,0,0,0,-97,0,5,0,92546768,0,399,0,0,92.9388,128,[-113 -15 24 0 19 30 19 28 18 27 18 26 18 25 18 25 17 23 16 23 16 22 16 22 15 21 14 20 13 20 12 19 11 18 10 18 10 17 8 17 8 17 7 16 6 15 6 15 4 14 4 14 2 14 0 0 0 0 0 0 0 0 0 0 0 0 0 0 0 0 0 0 0 0 0 0 10 12 9 13 8 13 8 14 7 15 7 15 7 16 7 17 6 17 6 18 5 18 5 19 5 20 6 21 6 21 6 22 6 23 7 24 8 24 8 25 9 25 11 27 12 27 13 29 14 30 16 31 ]
CSI_DATA,STA,E4:D1:24:F0:BE:00,-57,10,0,0,0,0,0,0,0,0,0,-97,0,5,0,92649170,0,399,0,0,93.0413,128,[-113 -15 24 0 30 12 30 11 29 10 28 9 28 9 27 8 26 8 25 7 24 7 24 7 23 7 22 7 20 7 20 6 18 6 18 7 17 7 16 7 15 7 14 7 14 8 13 8 12 8 11 8 10 8 0 0 0 0 0 0 0 0 0 0 0 0 0 0 0 0 0 0 0 0 0 0 16 3 15 4 15 5 15 6 15 7 15 8 15 8 15 9 15 9 15 10 15 11 16 11 16 12 17 12 17 13 18 13 18 14 19 14 20 14 21 14 22 14 24 14 25 14 27 14 28 14 30 14 ]
CSI_DATA,STA,E4:D1:24:F0:BE:00,-57,10,0,0,0,0,0,0,0,0,0,-97,0,5,0,92751572,0,399,0,0,93.1437,128,[-113 -15 24 0 20 -33 18 -32 18 -31 17 -30 16 -29 16 -28 15 -27 15 -27 14 -26 13 -25 13 -24 13 -23 13 -21 12 -20 12 -19 12 -18 12 -17 12 -16 12 -15 12 -14 12 -13 11 -12 11 -11 12 -10 11 -10 0 0 0 0 0 0 0 0 0 0 0 0 0 0 0 0 0 0 0 0 0 0 5 -16 6 -15 7 -16 7 -15 9 -15 9 -15 10 -15 11 -16 11 -15 12 -16 12 -15 14 -16 14 -16 15 -17 16 -17 16 -18 16 -19 17 -20 18 -20 19 -21 19 -23 19 -24 19 -26 20 -27 20 -29 21 -31 ]
CSI_DATA,STA,E4:D1:24:F0:BE:00,-57,10,0,0,0,0,0,0,0,0,0,-97,0,5,0,92853973,0,399,0,0,93.2462,128,[-113 -15 24 0 33 10 34 9 32 7 31 7 31 6 30 6 29 5 28 5 27 5 26 5 25 5 24 5 23 5 21 5 20 5 19 6 19 6 18 6 17 6 16 6 15 6 13 7 13 7 12 8 11 7 0 0 0 0 0 0 0 0 0 0 0 0 0 0 0 0 0 0 0 0 0 0 15 2 15 3 15 4 15 4 15 5 15 6 16 6 16 7 16 8 16 8 16 9 17 10 18 11 18 11 19 12 19 12 20 12 21 12 22 12 23 12 25 12 26 12 27 12 29 12 31 12 33 11 ]
CSI_DATA,STA,E4:D1:24:F0:BE:00,-57,10,0,0,0,0,0,0,0,0,0,-97,0,5,0,92956375,0,399,0,0,93.3486,128,[-113 -15 24 0 -23 -33 -22 -32 -21 -31 -21 -30 -21 -29 -20 -28 -19 -27 -19 -26 -18 -25 -17 -25 -17 -23 -16 -23 -15 -22 -13 -22 -12 -20 -12 -20 -10 -20 -10 -19 -8 -19 -8 -18 -7 -18 -7 -17 -5 -16 -4 -16 -4 -16 0 0 0 0 0 0 0 0 0 0 0 0 0 0 0 0 0 0 0 0 0 0 -13 -13 -11 -14 -11 -15 -10 -16 -10 -17 -9 -17 -9 -18 -9 -18 -8 -19 -8 -20 -8 -20 -7 -21 -8 -22 -8 -23 -8 -24 -8 -24 -9 -25 -9 -26 -10 -27 -11 -27 -12 -28 -13 -29 -15 -30 -16 -31 -17 -33 -19 -35 ]
CSI_DATA,STA,E4:D1:24:F0:BE:00,-58,10,0,0,0,0,0,0,0,0,0,-97,0,5,0,93058777,0,399,0,0,93.451,128,[-113 -15 24 0 33 14 33 13 32 13 31 12 30 12 30 11 29 11 28 10 27 10 26 10 25 10 24 10 23 10 22 10 20 10 19 10 18 11 17 11 16 11 15 11 14 11 13 11 11 11 10 11 10 11 0 0 0 0 0 0 0 0 0 0 0 0 0 0 0 0 0 0 0 0 0 0 16 4 15 6 15 7 14 7 15 8 14 8 14 10 15 10 15 11 15 11 15 12 15 12 16 13 16 14 17 14 17 15 18 15 19 16 20 16 21 16 22 16 24 16 26 16 27 16 29 17 32 17 ]
CSI_DATA,STA,E4:D1:24:F0:BE:00,-57,10,0,0,0,0,0,0,0,0,0,-97,0,5,0,93161179,0,399,0,0,93.5534,128,[-113 -15 24 0 36 5 35 4 34 4 32 4 32 4 31 4 30 3 29 3 27 3 27 3 26 3 24 3 23 4 22 4 21 4 20 5 19 5 18 6 17 6 16 6 15 6 14 6 13 6 12 7 12 7 0 0 0 0 0 0 0 0 0 0 0 0 0 0 0 0 0 0 0 0 0 0 15 1 15 2 15 3 15 3 15 4 15 5 15 5 16 6 16 6 16 6 16 6 16 7 17 8 18 8 18 8 19 8 20 8 21 8 23 8 24 8 25 8 27 8 29 7 31 7 33 7 35 7 ]
CSI_DATA,STA,E4:D1:24:F0:BE:00,-58,10,0,0,0,0,0,0,0,0,0,-97,0,5,0,93263581,0,399,0,0,93.6556,128,[-113 -15 24 0 29 17 30 17 29 15 29 15 28 14 28 13 27 12 26 12 25 12 24 12 24 11 22 11 22 11 20 11 19 11 18 11 17 12 16 12 16 11 14 11 13 11 12 11 11 11 10 11 10 12 0 0 0 0 0 0 0 0 0 0 0 0 0 0 0 0 0 0 0 0 0 0 16 7 15 8 14 10 14 11 14 11 13 12 13 13 14 13 13 14 13 14 13 14 13 15 13 16 13 16 14 17 14 17 15 18 15 18 17 18 18 18 19 18 21 19 22 19 24 19 26 20 28 20 ]
CSI_DATA,STA,E4:D1:24:F0:BE:00,-58,10,0,0,0,0,0,0,0,0,0,-97,0,5,0,93365983,0,399,0,0,93.758,128,[-113 -15 24 0 38 8 37 7 37 6 36 6 35 5 33 5 33 5 31 4 30 5 29 5 27 5 26 5 25 6 24 6 22 6 21 6 20 6 19 6 18 6 17 7 16 7 16 7 15 8 14 8 13 9 0 0 0 0 0 0 0 0 0 0 0 0 0 0 0 0 0 0 0 0 0 0 19 1 18 2 18 4 18 4 18 5 18 6 17 7 18 7 19 8 18 8 17 9 19 9 19 10 20 10 21 11 21 11 22 11 23 11 24 11 25 10 27 10 30 10 31 10 33 10 35 10 38 9 ]
CSI_DATA,STA,E4:D1:24:F0:BE:00,-57,10,0,0,0,0,0,0,0,0,0,-97,0,5,0,93468385,0,399,0,0,93.8606,128,[-113 -15 24 0 31 21 31 20 30 19 30 19 30 18 28 18 27 17 27 17 25 16 24 16 23 16 22 15 21 15 19 15 18 14 17 15 16 15 15 14 14 14 13 14 12 14 11 13 10 13 9 13 7 14 0 0 0 0 0 0 0 0 0 0 0 0 0 0 0 0 0 0 0 0 0 0 14 8 14 9 13 10 12 11 12 11 12 12 12 13 12 13 12 13 12 14 12 15 12 15 12 16 13 16 13 17 14 17 15 18 15 18 17 18 18 19 20 19 22 20 23 20 26 21 27 22 30 22 ]
CSI_DATA,STA,E4:D1:24:F0:BE:00,-58,10,0,0,0,0,0,0,0,0,0,-97,0,5,0,93570786,0,399,0,0,93.963,128,[-113 -15 24 0 -24 30 -23 30 -22 29 -21 28 -20 28 -20 27 -20 26 -19 26 -19 24 -18 23 -18 22 -17 22 -17 20 -17 19 -16 18 -16 17 -15 15 -16 15 -16 14 -15 13 -15 12 -15 11 -14 10 -14 9 -15 8 0 0 0 0 0 0 0 0 0 0 0 0 0 0 0 0 0 0 0 0 0 0 -11 14 -12 13 -13 12 -13 12 -14 11 -14 11 -15 11 -16 10 -16 10 -16 11 -16 10 -17 11 -18 11 -18 11 -19 11 -19 12 -20 13 -21 14 -21 15 -21 16 -22 17 -22 19 -23 21 -23 23 -24 25 -24 27 ]
CSI_DATA,STA,E4:D1:24:F0:BE:00,-57,10,0,0,0,0,0,0,0,0,0,-97,0,5,0,93673188,0,399,0,0,94.0654,128,[-113 -15 24 0 -39 -10 -38 -9 -38 -8 -37 -8 -36 -8 -36 -7 -34 -8 -33 -7 -32 -7 -31 -8 -29 -7 -28 -8 -27 -8 -26 -8 -24 -8 -23 -9 -22 -9 -21 -9 -20 -9 -19 -9 -18 -10 -17 -10 -15 -10 -14 -10 -13 -11 0 0 0 0 0 0 0 0 0 0 0 0 0 0 0 0 0 0 0 0 0 0 -17 -5 -17 -6 -16 -8 -16 -9 -16 -9 -16 -10 -17 -10 -17 -11 -17 -11 -17 -11 -17 -12 -17 -13 -18 -13 -18 -13 -19 -14 -20 -14 -21 -14 -22 -14 -23 -14 -25 -13 -27 -13 -28 -13 -30 -12 -32 -12 -34 -12 -37 -13 ]
CSI_DATA,STA,E4:D1:24:F0:BE:00,-57,10,0,0,0,0,0,0,0,0,0,-97,0,5,0,93775590,0,399,0,0,94.1678,128,[-113 -15 24 0 12 -39 11 -38 11 -37 10 -35 9 -34 9 -34 9 -32 8 -31 8 -31 8 -29 8 -28 8 -27 8 -25 8 -25 8 -23 9 -22 9 -20 9 -20 9 -19 9 -18 9 -17 9 -16 9 -14 10 -14 10 -13 0 0 0 0 0 0 0 0 0 0 0 0 0 0 0 0 0 0 0 0 0 0 2 -18 3 -17 5 -18 6 -17 7 -17 7 -17 8 -17 9 -18 9 -18 10 -18 10 -18 11 -19 12 -19 12 -20 13 -20 13 -22 13 -22 14 -23 13 -24 14 -25 14 -27 14 -29 14 -31 14 -32 14 -34 14 -36 ]
CSI_DATA,STA,E4:D1:24:F0:BE:00,-57,10,0,0,0,0,0,0,0,0,0,-97,0,5,0,93877992,0,399,0,0,94.2702,128,[-113 -15 24 0 30 19 30 19 29 17 28 16 28 16 27 15 26 14 25 14 23 13 23 13 22 12 20 13 20 13 18 12 17 11 16 12 15 12 14 12 13 11 12 11 11 11 10 11 9 11 9 11 7 11 0 0 0 0 0 0 0 0 0 0 0 0 0 0 0 0 0 0 0 0 0 0 15 6 14 7 13 8 13 8 13 9 13 10 13 10 14 11 14 12 13 12 13 13 14 13 14 14 14 15 15 15 16 15 17 16 17 17 19 17 19 17 21 18 22 18 24 18 26 19 28 19 30 20 ]
CSI_DATA,STA,E4:D1:24:F0:BE:00,-58,10,0,0,0,0,0,0,0,0,0,-97,0,5,0,93980394,0,399,0,0,94.3724,128,[-113 -15 24 0 27 22 27 21 27 20 26 19 27 19 26 18 25 17 24 17 23 17 22 16 21 16 20 16 18 16 17 15 15 15 15 15 14 15 12 14 12 14 10 13 10 13 9 13 7 13 7 12 5 12 0 0 0 0 0 0 0 0 0 0 0 0 0 0 0 0 0 0 0 0 0 0 15 8 14 9 13 11 13 12 12 12 12 13 12 13 12 14 12 15 12 15 11 16 12 17 12 17 12 18 13 18 12 19 13 20 14 20 15 20 16 20 18 21 19 21 20 22 22 23 24 23 27 23 ]
CSI_DATA,STA,E4:D1:24:F0:BE:00,-58,10,0,0,0,0,0,0,0,0,0,-97,0,5,0,94082796,0,399,0,0,94.4748,128,[-113 -15 24 0 -37 8 -36 8 -34 8 -33 8 -32 9 -32 8 -30 8 -30 8 -29 8 -28 7 -27 7 -26 6 -25 5 -24 5 -22 4 -22 3 -21 3 -21 2 -20 1 -19 1 -18 0 -17 -1 -16 -1 -16 -1 -15 -3 0 0 0 0 0 0 0 0 0 0 0 0 0 0 0 0 0 0 0 0 0 0 -17 3 -17 2 -18 1 -17 0 -18 -1 -18 -1 -19 -2 -19 -2 -20 -2 -20 -3 -20 -3 -20 -3 -21 -4 -22 -4 -22 -4 -23 -3 -24 -3 -25 -3 -26 -2 -27 -2 -28 0 -30 0 -31 1 -32 2 -34 3 -36 5 ]
CSI_DATA,STA,E4:D1:24:F0:BE:00,-58,10,0,0,0,0,0,0,0,0,0,-97,0,5,0,94185197,0,399,0,0,94.5774,128,[-113 -15 24 0 34 -23 33 -23 32 -23 31 -22 30 -22 30 -22 29 -21 28 -20 27 -19 27 -18 26 -17 25 -16 24 -14 23 -14 22 -12 22 -10 21 -10 21 -9 19 -8 19 -8 18 -7 17 -5 17 -4 16 -3 16 -2 0 0 0 0 0 0 0 0 0 0 0 0 0 0 0 0 0 0 0 0 0 0 15 -11 16 -9 16 -9 16 -8 17 -7 18 -6 18 -6 19 -6 19 -6 19 -5 20 -5 20 -5 21 -5 22 -5 22 -5 23 -6 24 -7 25 -7 25 -9 26 -9 27 -11 28 -13 29 -14 31 -15 32 -17 34 -20 ]
CSI_DATA,STA,E4:D1:24:F0:BE:00,-57,10,0,0,0,0,0,0,0,0,0,-97,0,5,0,94287599,0,399,0,0,94.6798,128,[-113 -15 24 0 -3 -40 -3 -38 -3 -38 -3 -36 -4 -35 -3 -35 -3 -33 -3 -33 -3 -32 -3 -30 -3 -29 -2 -29 -1 -27 -1 -26 0 -24 1 -24 1 -23 2 -22 2 -21 3 -20 3 -19 3 -18 4 -17 4 -16 6 -15 0 0 0 0 0 0 0 0 0 0 0 0 0 0 0 0 0 0 0 0 0 0 -1 -17 0 -17 1 -18 2 -17 3 -18 3 -18 4 -18 4 -18 5 -19 5 -19 6 -19 6 -19 6 -20 7 -21 7 -21 6 -23 6 -23 6 -25 5 -25 5 -26 4 -28 4 -30 3 -31 2 -33 2 -35 1 -38 ]
CSI_DATA,STA,E4:D1:24:F0:BE:00,-57,10,0,0,0,0,0,0,0,0,0,-97,0,5,0,94390001,0,399,0,0,94.7822,128,[-113 -15 24 0 34 15 33 14 34 13 32 13 32 13 31 12 30 12 29 11 28 12 26 12 25 12 24 12 22 12 22 11 20 11 19 12 18 12 16 12 15 12 14 12 13 11 12 11 11 11 9 11 9 11 0 0 0 0 0 0 0 0 0 0 0 0 0 0 0 0 0 0 0 0 0 0 17 6 16 7 16 8 15 9 16 10 15 10 15 12 15 12 15 13 15 13 14 14 15 15 16 15 16 16 16 16 17 16 18 16 19 17 19 17 21 16 22 17 24 17 25 17 28 17 30 18 32 17 ]
CSI_DATA,STA,E4:D1:24:F0:BE:00,-57,10,0,0,0,0,0,0,0,0,0,-97,0,5,0,94492403,0,399,0,0,94.8846,128,[-113 -15 24 0 36 -20 33 -20 33 -20 32 -19 30 -20 30 -19 29 -18 28 -18 27 -17 26 -16 25 -15 25 -14 24 -13 23 -12 21 -11 22 -10 21 -9 20 -8 19 -8 18 -7 17 -6 17 -5 16 -4 16 -3 15 -2 0 0 0 0 0 0 0 0 0 0 0 0 0 0 0 0 0 0 0 0 0 0 15 -9 16 -7 16 -7 16 -6 18 -5 18 -5 18 -4 19 -5 19 -4 20 -4 20 -3 20 -3 21 -3 22 -3 22 -4 23 -4 24 -5 25 -6 25 -6 27 -7 28 -9 30 -10 30 -12 32 -13 34 -14 35 -17 ]
CSI_DATA,STA,E4:D1:24:F0:BE:00,-57,10,0,0,0,0,0,0,0,0,0,-97,0,5,0,94594807,0,399,0,0,94.987,128,[-113 -15 24 0 5 -32 4 -31 4 -30 4 -29 3 -29 3 -28 3 -27 3 -26 3 -26 3 -25 3 -24 3 -22 3 -22 4 -20 4 -19 4 -18 5 -17 5 -17 5 -16 5 -15 6 -14 5 -13 5 -12 6 -12 6 -11 0 0 0 0 0 0 0 0 0 0 0 0 0 0 0 0 0 0 0 0 0 0 1 -14 3 -14 3 -14 4 -14 5 -14 5 -14 6 -13 6 -14 6 -14 7 -14 7 -14 7 -15 8 -16 8 -16 9 -16 8 -17 8 -18 9 -19 8 -20 9 -21 8 -22 8 -24 7 -25 7 -27 7 -29 7 -31 ]
CSI_DATA,STA,E4:D1:24:F0:BE:00,-57,10,0,0,0,0,0,0,0,0,0,-97,0,5,0,94697209,0,399,0,0,95.0893,128,[-113 -15 24 0 35 21 35 19 34 19 33 18 32 17 31 17 30 16 29 15 28 15 27 15 26 15 24 14 23 14 21 14 20 13 19 14 18 14 16 13 15 13 14 13 13 12 12 12 11 12 10 12 8 13 0 0 0 0 0 0 0 0 0 0 0 0 0 0 0 0 0 0 0 0 0 0 17 6 16 8 16 8 15 10 15 11 15 11 15 12 15 13 16 14 15 14 15 15 15 16 16 17 17 17 17 18 18 18 19 19 20 19 21 19 22 20 24 20 26 21 27 21 29 22 32 23 34 23 ]
CSI_DATA,STA,E4:D1:24:F0:BE:00,-57,10,0,0,0,0,0,0,0,0,0,-97,0,5,0,94799611,0,399,0,0,95.1917,128,[-113 -15 24 0 38 -8 37 -8 36 -8 35 -8 34 -7 33 -8 31 -6 30 -7 29 -6 28 -6 26 -6 26 -5 24 -4 23 -3 22 -3 21 -2 20 -2 19 -1 18 0 17 -1 16 0 15 1 15 1 14 1 13 2 0 0 0 0 0 0 0 0 0 0 0 0 0 0 0 0 0 0 0 0 0 0 15 -5 15 -4 16 -3 16 -2 17 -1 17 -1 17 0 18 0 19 0 19 1 19 1 20 1 21 2 21 2 22 2 23 1 24 1 25 1 26 0 27 0 29 -1 31 -2 32 -3 34 -3 36 -4 38 -5 ]
CSI_DATA,STA,E4:D1:24:F0:BE:00,-58,10,0,0,0,0,0,0,0,0,0,-97,0,5,0,94902012,0,399,0,0,95.2942,128,[-113 -15 24 0 -12 -34 -13 -33 -13 -31 -12 -30 -12 -29 -12 -30 -12 -28 -11 -27 -10 -27 -10 -25 -10 -25 -9 -24 -9 -23 -8 -22 -6 -21 -6 -21 -5 -20 -5 -20 -4 -19 -3 -18 -3 -18 -2 -17 -2 -16 -1 -16 0 -16 0 0 0 0 0 0 0 0 0 0 0 0 0 0 0 0 0 0 0 0 0 0 -7 -15 -6 -15 -5 -16 -4 -16 -4 -17 -3 -17 -3 -17 -2 -18 -2 -18 -2 -18 -1 -18 -1 -19 -1 -20 -1 -20 -1 -21 -2 -22 -2 -22 -2 -24 -3 -24 -3 -25 -4 -26 -6 -28 -6 -28 -8 -30 -9 -31 -10 -33 ]
CSI_DATA,STA,E4:D1:24:F0:BE:00,-57,10,0,0,0,0,0,0,0,0,0,-97,0,5,0,95004414,0,399,0,0,95.3966,128,[-113 -15 24 0 -19 26 -18 25 -17 25 -16 24 -16 24 -15 23 -15 22 -14 22 -15 21 -15 20 -14 19 -14 18 -14 17 -13 16 -13 14 -13 14 -13 13 -13 12 -13 11 -13 11 -12 10 -12 8 -12 8 -12 7 -12 6 0 0 0 0 0 0 0 0 0 0 0 0 0 0 0 0 0 0 0 0 0 0 -8 11 -8 10 -9 9 -10 9 -10 9 -11 9 -11 9 -12 9 -12 9 -13 9 -13 9 -14 9 -14 9 -15 10 -15 10 -15 11 -16 11 -16 12 -16 13 -17 14 -17 16 -17 17 -18 18 -18 20 -19 22 -19 23 ]
CSI_DATA,STA,E4:D1:24:F0:BE:00,-57,10,0,0,0,0,0,0,0,0,0,-97,0,5,0,95106816,0,399,0,0,95.499,128,[-113 -15 24 0 38 -10 37 -10 37 -10 36 -10 35 -9 34 -10 33 -9 31 -9 30 -9 29 -7 28 -6 27 -6 26 -5 25 -5 24 -4 23 -3 22 -3 21 -2 21 -1 20 -1 19 0 18 1 17 1 16 2 16 3 0 0 0 0 0 0 0 0 0 0 0 0 0 0 0 0 0 0 0 0 0 0 17 -4 17 -3 17 -2 17 -1 18 0 18 0 18 1 18 1 19 1 19 2 19 2 20 2 20 3 21 3 22 2 23 2 24 2 25 1 26 0 27 0 28 -1 30 -3 32 -3 34 -4 36 -5 38 -6 ]
CSI_DATA,STA,E4:D1:24:F0:BE:00,-57,10,0,0,0,0,0,0,0,0,0,-97,0,5,0,95209218,0,399,0,0,95.6014,128,[-113 -15 24 0 -35 9 -35 9 -34 10 -33 10 -32 9 -31 9 -30 8 -29 8 -28 8 -27 7 -26 7 -25 6 -25 6 -23 5 -22 4 -21 3 -21 3 -21 2 -19 1 -19 0 -18 0 -17 0 -17 -1 -16 -2 -15 -3 0 0 0 0 0 0 0 0 0 0 0 0 0 0 0 0 0 0 0 0 0 0 -15 4 -16 3 -16 2 -17 1 -16 1 -17 0 -17 0 -18 0 -18 0 -18 -1 -19 -1 -20 -1 -20 -1 -21 -2 -21 -1 -22 -1 -23 -1 -24 0 -25 0 -26 1 -27 2 -29 3 -30 4 -32 5 -34 6 -36 8 ]
CSI_DATA,STA,E4:D1:24:F0:BE:00,-58,10,0,0,0,0,0,0,0,0,0,-97,0,5,0,95311620,0,399,0,0,95.7038,128,[-113 -15 24 0 40 -3 40 -3 38 -4 38 -3 37 -3 35 -3 34 -3 33 -3 31 -3 31 -2 29 -2 28 -1 26 -1 25 0 24 1 23 1 22 1 21 2 19 2 19 2 18 3 17 3 16 4 15 4 15 5 0 0 0 0 0 0 0 0 0 0 0 0 0 0 0 0 0 0 0 0 0 0 17 -3 17 -2 16 0 17 0 17 1 17 1 18 2 18 2 19 3 18 3 19 3 20 4 21 4 22 4 22 4 23 4 25 4 26 4 27 3 28 3 30 2 32 1 33 0 36 0 38 -1 41 -2 ]
CSI_DATA,STA,E4:D1:24:F0:BE:00,-58,10,0,0,0,0,0,0,0,0,0,-97,0,5,0,95414022,0,399,0,0,95.8062,128,[-113 -15 24 0 -25 -27 -25 -26 -24 -26 -23 -25 -23 -24 -23 -23 -22 -22 -21 -22 -21 -22 -20 -21 -19 -20 -18 -20 -17 -19 -16 -18 -15 -18 -14 -17 -13 -18 -13 -17 -11 -17 -10 -16 -10 -16 -9 -15 -8 -15 -7 -15 -5 -15 0 0 0 0 0 0 0 0 0 0 0 0 0 0 0 0 0 0 0 0 0 0 -11 -13 -10 -14 -10 -15 -9 -15 -9 -16 -8 -16 -8 -16 -8 -17 -8 -17 -7 -18 -8 -18 -7 -19 -8 -19 -8 -20 -8 -21 -9 -21 -9 -22 -10 -23 -11 -23 -13 -23 -14 -24 -15 -25 -17 -26 -18 -27 -20 -28 -21 -30 ]
CSI_DATA,STA,E4:D1:24:F0:BE:00,-58,10,0,0,0,0,0,0,0,0,0,-97,0,5,0,95516424,0,399,0,0,95.9084,128,[-113 -15 24 0 36 -1 36 -1 35 -3 34 -2 33 -2 32 -2 31 -2 30 -2 29 -1 28 -1 26 -1 25 0 24 0 23 0 22 1 22 2 20 2 19 2 18 3 17 3 16 3 15 4 15 4 14 4 14 5 0 0 0 0 0 0 0 0 0 0 0 0 0 0 0 0 0 0 0 0 0 0 17 -2 17 -1 17 0 17 1 17 2 17 2 17 3 17 3 18 4 17 4 17 4 18 4 19 5 20 5 20 5 21 5 22 5 22 5 24 4 25 4 26 4 28 3 29 2 32 2 34 1 36 0 ]
CSI_DATA,STA,E4:D1:24:F0:BE:00,-58,10,0,0,0,0,0,0,0,0,0,-97,0,5,0,95618825,0,399,0,0,96.011,128,[-113 -15 24 0 16 -32 15 -31 15 -30 14 -29 14 -28 13 -28 13 -26 12 -25 12 -25 12 -24 11 -23 11 -22 11 -21 11 -19 10 -18 10 -17 11 -16 11 -15 10 -14 10 -13 10 -12 9 -11 9 -11 9 -10 10 -9 0 0 0 0 0 0 0 0 0 0 0 0 0 0 0 0 0 0 0 0 0 0 5 -16 7 -15 7 -14 8 -14 9 -14 9 -14 10 -14 10 -14 11 -14 11 -14 12 -14 13 -14 13 -15 14 -15 14 -16 14 -17 14 -17 15 -18 16 -19 16 -20 16 -22 17 -23 17 -25 18 -26 18 -28 19 -31 ]
CSI_DATA,STA,E4:D1:24:F0:BE:00,-58,10,0,0,0,0,0,0,0,0,0,-97,0,5,0,95721227,0,399,0,0,96.1135,128,[-113 -15 24 0 15 -27 15 -27 14 -26 13 -26 13 -25 12 -25 12 -23 11 -23 11 -22 11 -21 10 -20 10 -19 10 -18 10 -17 10 -16 10 -15 9 -15 10 -14 9 -13 9 -12 9 -11 9 -10 8 -9 9 -9 9 -8 0 0 0 0 0 0 0 0 0 0 0 0 0 0 0 0 0 0 0 0 0 0 6 -13 7 -12 7 -12 8 -11 9 -11 9 -11 10 -11 10 -11 11 -11 11 -11 11 -11 12 -11 12 -12 13 -12 13 -13 13 -13 14 -14 14 -15 14 -16 15 -16 15 -17 15 -19 15 -20 16 -22 16 -24 17 -26 ]
CSI_DATA,STA,E4:D1:24:F0:BE:00,-57,10,0,0,0,0,0,0,0,0,0,-97,0,5,0,95823629,0,399,0,0,96.2159,128,[-113 -15 24 0 -30 -19 -28 -17 -28 -17 -27 -16 -26 -15 -26 -14 -25 -14 -24 -14 -23 -14 -22 -13 -21 -12 -21 -12 -19 -12 -18 -11 -16 -11 -16 -12 -15 -11 -14 -12 -13 -11 -12 -11 -12 -11 -11 -11 -10 -10 -9 -10 -8 -10 0 0 0 0 0 0 0 0 0 0 0 0 0 0 0 0 0 0 0 0 0 0 -15 -9 -14 -10 -14 -11 -13 -11 -13 -13 -13 -13 -12 -14 -12 -14 -12 -15 -12 -16 -11 -15 -11 -16 -12 -17 -12 -17 -12 -17 -14 -18 -14 -18 -15 -19 -16 -18 -16 -18 -18 -18 -20 -19 -21 -19 -23 -19 -24 -19 -26 -20 ]
CSI_DATA,STA,E4:D1:24:F0:BE:00,-58,10,0,0,0,0,0,0,0,0,0,-97,0,5,0,95926031,0,399,0,0,96.3182,128,[-113 -15 24 0 14 -35 14 -34 12 -33 12 -32 11 -31 11 -30 11 -29 10 -28 10 -27 10 -26 9 -25 9 -23 9 -22 9 -21 9 -20 9 -19 9 -18 9 -17 9 -16 9 -15 9 -13 9 -12 9 -12 9 -11 9 -10 0 0 0 0 0 0 0 0 0 0 0 0 0 0 0 0 0 0 0 0 0 0 4 -18 5 -18 6 -17 8 -17 8 -17 9 -17 10 -16 10 -17 11 -17 11 -17 11 -17 12 -17 13 -17 13 -18 14 -18 14 -19 15 -20 14 -21 15 -22 15 -23 15 -24 15 -26 15 -27 15 -30 16 -32 16 -34 ]
CSI_DATA,STA,E4:D1:24:F0:BE:00,-58,10,0,0,0,0,0,0,0,0,0,-97,0,5,0,96028433,0,399,0,0,96.4206,128,[-113 -15 24 0 33 14 32 13 31 13 30 12 30 12 29 11 27 11 26 10 25 10 24 10 23 10 22 10 20 10 20 10 18 10 17 10 16 10 15 10 14 10 13 10 11 9 10 9 10 9 9 9 7 9 0 0 0 0 0 0 0 0 0 0 0 0 0 0 0 0 0 0 0 0 0 0 17 4 17 5 16 6 16 7 16 8 16 9 16 10 16 11 17 11 16 11 16 12 17 13 17 14 17 14 17 15 18 15 19 15 19 15 21 15 22 16 23 16 25 15 26 16 28 16 30 17 32 17 ]
CSI_DATA,STA,E4:D1:24:F0:BE:00,-58,10,0,0,0,0,0,0,0,0,0,-97,0,5,0,96130835,0,399,0,0,96.523,128,[-113 -15 24 0 14 33 14 32 14 31 13 30 14 29 13 28 13 27 12 27 11 26 11 25 11 24 9 23 9 22 7 22 7 20 6 20 5 20 4 19 3 18 3 17 2 16 2 16 1 15 0 14 -1 14 0 0 0 0 0 0 0 0 0 0 0 0 0 0 0 0 0 0 0 0 0 0 6 15 5 15 4 16 3 15 2 16 2 16 2 17 2 17 1 18 1 18 1 18 0 19 0 19 0 20 1 20 1 21 2 22 2 23 3 23 3 24 5 25 6 27 7 28 8 29 10 31 11 33 ]
CSI_DATA,STA,E4:D1:24:F0:BE:00,-57,10,0,0,0,0,0,0,0,0,0,-97,0,5,0,96233236,0,399,0,0,96.6253,128,[-113 -15 24 0 38 9 37 8 35 8 35 7 34 7 32 6 31 6 30 6 28 6 27 5 26 5 25 6 24 6 22 6 21 6 19 7 19 7 17 7 16 7 15 7 14 7 13 7 12 7 11 7 10 7 0 0 0 0 0 0 0 0 0 0 0 0 0 0 0 0 0 0 0 0 0 0 17 1 17 3 16 4 16 5 17 6 17 6 17 7 17 8 18 8 17 8 17 9 18 10 19 10 20 11 20 11 21 11 22 11 23 11 24 11 25 12 27 11 29 12 30 11 32 11 35 11 38 12 ]
CSI_DATA,STA,E4:D1:24:F0:BE:00,-58,10,0,0,0,0,0,0,0,0,0,-97,0,5,0,96335638,0,399,0,0,96.7277,128,[-113 -15 24 0 -30 22 -29 22 -28 22 -27 21 -26 21 -25 21 -24 20 -24 20 -23 19 -22 18 -22 17 -21 16 -21 15 -20 14 -19 12 -19 11 -18 10 -18 10 -17 9 -17 8 -16 7 -15 6 -15 5 -15 4 -15 3 0 0 0 0 0 0 0 0 0 0 0 0 0 0 0 0 0 0 0 0 0 0 -14 10 -15 9 -16 8 -16 8 -17 7 -17 6 -18 6 -18 6 -19 6 -19 5 -19 5 -20 5 -20 5 -21 5 -21 5 -23 6 -23 7 -23 7 -24 8 -24 9 -25 11 -26 12 -27 14 -28 15 -29 18 -30 19 ]
CSI_DATA,STA,E4:D1:24:F0:BE:00,-58,10,0,0,0,0,0,0,0,0,0,-97,0,5,0,96438296,0,399,0,0,96.8305,128,[-113 -15 24 0 -14 34 -13 33 -12 33 -12 31 -11 31 -11 30 -10 29 -10 28 -10 27 -10 26 -10 25 -10 24 -10 22 -10 21 -10 20 -10 19 -10 18 -10 17 -10 15 -10 15 -10 14 -10 12 -10 11 -10 11 -10 9 0 0 0 0 0 0 0 0 0 0 0 0 0 0 0 0 0 0 0 0 0 0 -5 15 -6 15 -7 14 -8 14 -9 14 -9 14 -9 14 -10 14 -11 15 -11 14 -12 14 -13 15 -13 15 -13 15 -14 16 -14 17 -14 18 -14 19 -14 20 -14 21 -14 23 -14 25 -15 26 -15 28 -15 30 -15 32 ]
CSI_DATA,STA,E4:D1:24:F0:BE:00,-58,10,0,0,0,0,0,0,0,0,0,-97,0,5,0,96540442,0,399,0,0,96.9327,128,[-113 -15 24 0 -23 -32 -22 -30 -21 -29 -21 -28 -21 -27 -21 -26 -20 -26 -20 -25 -18 -25 -18 -23 -17 -23 -16 -22 -15 -21 -14 -21 -13 -20 -12 -20 -11 -19 -10 -19 -9 -18 -8 -17 -7 -17 -7 -16 -6 -16 -5 -15 -4 -15 0 0 0 0 0 0 0 0 0 0 0 0 0 0 0 0 0 0 0 0 0 0 -11 -13 -10 -14 -9 -15 -8 -15 -8 -16 -7 -16 -7 -17 -7 -18 -7 -18 -6 -19 -6 -19 -7 -19 -7 -20 -6 -21 -7 -21 -7 -22 -8 -22 -8 -24 -10 -24 -11 -25 -12 -26 -13 -27 -15 -28 -16 -29 -18 -30 -19 -32 ]
CSI_DATA,STA,E4:D1:24:F0:BE:00,-58,10,0,0,0,0,0,0,0,0,0,-97,0,5,0,96642845,0,399,0,0,97.035,128,[-113 -15 24 0 1 -38 1 -37 1 -36 1 -35 1 -34 1 -33 1 -32 1 -31 1 -30 0 -29 1 -28 1 -26 2 -26 2 -24 3 -23 3 -22 4 -21 4 -21 4 -19 4 -18 5 -17 5 -16 5 -16 5 -15 7 -14 0 0 0 0 0 0 0 0 0 0 0 0 0 0 0 0 0 0 0 0 0 0 -2 -16 0 -16 1 -16 1 -17 2 -17 3 -17 3 -17 4 -18 5 -17 5 -18 5 -18 6 -19 6 -20 6 -20 7 -21 7 -22 6 -23 6 -23 6 -25 7 -26 6 -27 6 -29 5 -30 4 -33 4 -34 5 -38 ]
CSI_DATA,STA,E4:D1:24:F0:BE:00,-58,10,0,0,0,0,0,0,0,0,0,-97,0,5,0,96745247,0,399,0,0,97.1374,128,[-113 -15 24 0 -32 -8 -31 -7 -30 -7 -29 -6 -29 -6 -28 -5 -27 -5 -26 -5 -25 -5 -25 -5 -24 -5 -23 -5 -21 -5 -20 -5 -19 -5 -18 -6 -18 -6 -17 -6 -16 -6 -15 -6 -14 -6 -13 -7 -12 -7 -12 -7 -11 -7 0 0 0 0 0 0 0 0 0 0 0 0 0 0 0 0 0 0 0 0 0 0 -15 -2 -15 -3 -15 -5 -15 -5 -15 -6 -15 -7 -15 -7 -15 -8 -15 -8 -16 -9 -15 -9 -16 -10 -16 -10 -16 -11 -17 -11 -18 -11 -18 -11 -19 -12 -20 -11 -21 -11 -22 -11 -24 -11 -26 -11 -27 -11 -28 -10 -30 -10 ]
CSI_DATA,STA,E4:D1:24:F0:BE:00,-58,10,0,0,0,0,0,0,0,0,0,-97,0,5,0,96847649,0,399,0,0,97.2399,128,[-113 -15 24 0 -9 39 -7 37 -8 37 -7 35 -5 35 -6 34 -5 33 -5 32 -6 31 -6 29 -6 28 -6 27 -6 25 -6 24 -7 22 -7 22 -7 21 -7 20 -7 19 -8 18 -7 17 -8 16 -8 15 -8 14 -8 13 0 0 0 0 0 0 0 0 0 0 0 0 0 0 0 0 0 0 0 0 0 0 -3 17 -5 17 -5 17 -6 16 -7 17 -7 16 -8 17 -9 17 -9 17 -10 17 -10 17 -11 18 -12 18 -12 19 -11 20 -12 21 -12 21 -12 23 -12 23 -11 26 -11 27 -11 29 -11 31 -12 32 -11 34 -11 37 ]
CSI_DATA,STA,E4:D1:24:F0:BE:00,-58,10,0,0,0,0,0,0,0,0,0,-97,0,5,0,96950050,0,399,0,0,97.3421,128,[-113 -15 24 0 -36 -2 -35 -1 -35 -1 -33 -1 -33 0 -32 -1 -31 0 -29 0 -28 0 -28 -1 -27 -1 -25 -1 -25 -1 -23 -1 -22 -2 -21 -3 -20 -3 -19 -3 -19 -4 -17 -4 -17 -4 -16 -5 -15 -5 -14 -5 -13 -6 0 0 0 0 0 0 0 0 0 0 0 0 0 0 0 0 0 0 0 0 0 0 -17 0 -17 -1 -17 -2 -17 -3 -18 -4 -18 -4 -18 -5 -18 -5 -19 -5 -19 -6 -19 -7 -19 -8 -20 -8 -20 -8 -21 -8 -22 -9 -23 -8 -24 -8 -25 -8 -26 -8 -27 -7 -29 -7 -30 -7 -32 -6 -34 -6 -36 -5 ]
CSI_DATA,STA,E4:D1:24:F0:BE:00,-57,10,0,0,0,0,0,0,0,0,0,-97,0,5,0,97052452,0,399,0,0,97.4445,128,[-113 -15 24 0 37 2 36 2 35 1 34 1 34 0 33 0 31 0 30 0 29 0 29 0 28 0 26 1 25 2 24 2 22 2 21 4 21 4 20 4 19 4 18 5 16 5 16 5 15 6 13 6 12 7 0 0 0 0 0 0 0 0 0 0 0 0 0 0 0 0 0 0 0 0 0 0 16 -2 17 -1 17 0 17 1 17 2 18 3 18 3 19 4 19 4 19 5 19 5 20 6 20 7 21 7 21 7 22 7 23 7 24 7 26 7 27 7 28 6 29 6 31 6 33 6 35 5 38 4 ]
CSI_DATA,STA,E4:D1:24:F0:BE:00,-57,10,0,0,0,0,0,0,0,0,0,-97,0,5,0,97154854,0,399,0,0,97.547,128,[-113 -15 24 0 30 22 29 20 29 20 28 18 28 18 27 17 26 16 25 16 24 15 23 15 22 14 21 14 20 14 19 13 17 13 17 14 16 13 15 12 14 13 12 12 12 12 11 12 10 12 9 11 7 12 0 0 0 0 0 0 0 0 0 0 0 0 0 0 0 0 0 0 0 0 0 0 15 8 15 9 14 10 13 11 14 12 13 12 13 13 13 14 13 14 13 15 13 16 12 17 13 17 13 18 13 18 14 19 15 19 16 20 17 20 18 21 20 21 21 21 22 22 24 22 26 23 28 24 ]
CSI_DATA,STA,E4:D1:24:F0:BE:00,-58,10,0,0,0,0,0,0,0,0,0,-97,0,5,0,97257256,0,399,0,0,97.6494,128,[-113 -15 24 0 27 24 27 23 26 22 25 21 25 20 25 20 24 19 23 18 22 18 21 17 21 17 19 17 18 16 17 16 15 15 15 16 14 16 13 15 12 15 11 15 10 14 9 14 8 14 7 13 5 13 0 0 0 0 0 0 0 0 0 0 0 0 0 0 0 0 0 0 0 0 0 0 15 9 14 10 14 11 13 12 12 13 12 13 11 14 11 15 11 16 11 16 11 16 11 17 11 18 11 19 11 19 12 20 12 20 13 21 14 21 15 22 16 23 18 23 19 24 21 24 23 25 25 26 ]
CSI_DATA,STA,E4:D1:24:F0:BE:00,-57,10,0,0,0,0,0,0,0,0,0,-97,0,5,0,97359658,0,399,0,0,97.7518,128,[-113 -15 24 0 18 -25 16 -25 16 -24 15 -24 15 -24 14 -23 13 -22 13 -22 13 -22 12 -21 12 -20 11 -19 11 -18 11 -17 11 -16 11 -15 11 -15 12 -14 11 -13 11 -12 10 -11 10 -10 10 -10 10 -9 10 -8 0 0 0 0 0 0 0 0 0 0 0 0 0 0 0 0 0 0 0 0 0 0 7 -12 8 -11 8 -12 9 -11 10 -11 10 -11 11 -10 11 -10 12 -10 12 -10 12 -10 13 -11 14 -11 14 -11 15 -11 15 -12 15 -12 16 -13 16 -14 17 -15 17 -16 17 -17 17 -18 18 -20 18 -22 19 -24 ]
CSI_DATA,STA,E4:D1:24:F0:BE:00,-57,10,0,0,0,0,0,0,0,0,0,-97,0,5,0,97462060,0,399,0,0,97.8542,128,[-113 -15 24 0 15 26 15 25 15 24 15 24 15 22 15 22 14 21 14 20 13 20 13 19 12 18 12 18 11 17 10 17 9 16 8 16 8 15 7 15 7 14 6 14 5 13 4 13 4 13 3 12 2 12 0 0 0 0 0 0 0 0 0 0 0 0 0 0 0 0 0 0 0 0 0 0 8 11 7 11 6 12 6 12 5 13 5 14 5 14 4 14 4 15 4 15 3 15 3 16 3 17 3 17 4 18 4 18 4 19 5 20 6 20 7 21 8 22 9 23 9 23 11 25 12 26 13 27 ]
CSI_DATA,STA,E4:D1:24:F0:BE:00,-57,10,0,0,0,0,0,0,0,0,0,-97,0,5,0,97564461,0,399,0,0,97.9567,128,[-113 -15 24 0 29 -24 27 -24 26 -24 25 -23 24 -24 23 -23 23 -22 22 -22 22 -21 21 -21 21 -19 20 -18 19 -17 19 -17 18 -15 18 -15 18 -13 17 -13 17 -12 17 -11 16 -10 16 -9 15 -8 15 -7 15 -6 0 0 0 0 0 0 0 0 0 0 0 0 0 0 0 0 0 0 0 0 0 0 11 -12 12 -11 13 -10 13 -10 14 -10 15 -9 15 -9 16 -9 16 -9 18 -8 18 -8 18 -8 19 -8 20 -8 20 -8 21 -9 22 -10 23 -11 23 -11 24 -12 24 -14 26 -15 26 -16 28 -17 29 -19 30 -21 ]
CSI_DATA,STA,E4:D1:24:F0:BE:00,-58,10,0,0,0,0,0,0,0,0,0,-97,0,5,0,97666863,0,399,0,0,98.0589,128,[-113 -15 24 0 34 9 32 7 33 6 31 6 31 6 30 5 29 5 29 5 27 5 26 5 26 5 24 6 23 5 22 6 20 6 20 7 19 7 18 7 18 7 16 7 16 7 15 7 13 8 13 8 12 8 0 0 0 0 0 0 0 0 0 0 0 0 0 0 0 0 0 0 0 0 0 0 15 2 14 3 14 4 14 5 14 5 14 6 15 6 15 7 15 7 15 8 15 8 16 9 16 10 17 10 17 10 18 11 18 10 20 11 21 10 22 11 23 11 25 11 27 10 29 11 31 11 33 9 ]
CSI_DATA,STA,E4:D1:24:F0:BE:00,-58,10,0,0,0,0,0,0,0,0,0,-97,0,5,0,97769265,0,399,0,0,98.1613,128,[-113 -15 24 0 35 8 34 8 34 7 33 7 32 6 31 6 30 6 29 6 28 6 27 6 25 6 24 6 23 6 22 6 20 6 20 7 19 7 18 7 17 7 16 7 15 7 14 7 13 8 12 8 12 8 0 0 0 0 0 0 0 0 0 0 0 0 0 0 0 0 0 0 0 0 0 0 15 0 15 2 15 2 15 4 16 4 15 5 16 5 16 5 17 6 16 7 16 7 17 8 18 9 18 9 19 9 20 9 20 10 22 10 23 10 24 10 25 10 27 10 28 10 30 10 32 10 35 10 ]
CSI_DATA,STA,E4:D1:24:F0:BE:00,-58,10,0,0,0,0,0,0,0,0,0,-97,0,5,0,97871667,0,399,0,0,98.2639,128,[-113 -15 24 0 -19 -30 -19 -29 -19 -27 -19 -27 -18 -26 -18 -26 -17 -25 -16 -24 -16 -23 -16 -23 -15 -22 -15 -21 -14 -20 -12 -20 -11 -19 -11 -19 -10 -18 -9 -18 -8 -17 -7 -17 -7 -17 -7 -16 -6 -15 -5 -15 -4 -15 0 0 0 0 0 0 0 0 0 0 0 0 0 0 0 0 0 0 0 0 0 0 -11 -12 -10 -13 -9 -14 -9 -14 -8 -15 -8 -16 -7 -16 -7 -17 -7 -18 -6 -18 -6 -18 -6 -19 -6 -20 -6 -20 -6 -21 -7 -22 -7 -22 -8 -23 -8 -24 -9 -24 -10 -25 -10 -26 -12 -27 -14 -28 -15 -30 -17 -31 ]
CSI_DATA,STA,E4:D1:24:F0:BE:00,-58,10,0,0,0,0,0,0,0,0,0,-97,0,5,0,97974069,0,399,0,0,98.3662,128,[-113 -15 24 0 -2 -41 -3 -40 -3 -39 -3 -37 -3 -36 -4 -35 -3 -34 -4 -33 -3 -32 -3 -31 -3 -29 -2 -28 -2 -27 -1 -26 -1 -24 -1 -23 0 -22 0 -22 0 -21 1 -20 1 -19 1 -18 2 -18 2 -17 4 -16 0 0 0 0 0 0 0 0 0 0 0 0 0 0 0 0 0 0 0 0 0 0 -3 -18 -1 -18 0 -19 1 -19 1 -19 2 -19 3 -20 3 -20 4 -20 4 -21 4 -21 5 -21 5 -22 6 -23 6 -24 5 -25 6 -25 5 -27 5 -28 5 -29 4 -30 4 -33 3 -34 2 -36 1 -38 1 -41 ]
CSI_DATA,STA,E4:D1:24:F0:BE:00,-58,10,0,0,0,0,0,0,0,0,0,-97,0,5,0,98076471,0,399,0,0,98.4687,128,[-113 -15 24 0 -27 -32 -26 -30 -26 -30 -25 -29 -25 -27 -25 -27 -23 -26 -23 -24 -21 -24 -21 -24 -20 -23 -19 -22 -17 -21 -16 -20 -15 -19 -14 -20 -13 -19 -13 -18 -12 -18 -11 -17 -10 -17 -9 -16 -9 -16 -8 -16 -6 -16 0 0 0 0 0 0 0 0 0 0 0 0 0 0 0 0 0 0 0 0 0 0 -13 -13 -12 -14 -11 -16 -11 -16 -10 -16 -10 -17 -10 -17 -10 -18 -9 -18 -9 -19 -9 -20 -9 -20 -9 -22 -9 -22 -10 -23 -11 -24 -11 -24 -12 -25 -13 -26 -14 -26 -16 -27 -17 -29 -18 -29 -19 -31 -21 -32 -23 -34 ]
CSI_DATA,STA,E4:D1:24:F0:BE:00,-58,10,0,0,0,0,0,0,0,0,0,-97,0,5,0,98178873,0,399,0,0,98.5711,128,[-113 -15 24 0 -37 4 -36 4 -36 3 -35 4 -34 4 -33 4 -31 4 -30 4 -30 4 -29 3 -28 3 -27 2 -25 2 -24 2 -23 1 -23 0 -22 0 -22 -1 -20 -1 -19 -2 -19 -3 -18 -3 -17 -3 -16 -4 -16 -4 0 0 0 0 0 0 0 0 0 0 0 0 0 0 0 0 0 0 0 0 0 0 -17 3 -17 1 -17 0 -17 0 -18 -1 -18 -2 -18 -2 -19 -3 -19 -3 -19 -4 -19 -4 -20 -4 -21 -5 -22 -5 -21 -5 -23 -4 -24 -5 -24 -4 -25 -4 -26 -3 -28 -3 -30 -2 -31 -1 -33 -1 -34 0 -36 1 ]
CSI_DATA,STA,E4:D1:24:F0:BE:00,-58,10,0,0,0,0,0,0,0,0,0,-97,0,5,0,98281274,0,399,0,0,98.6734,128,[-113 -15 24 0 -20 -34 -20 -33 -19 -32 -19 -32 -19 -30 -18 -29 -18 -29 -17 -28 -16 -27 -16 -26 -15 -25 -14 -24 -13 -24 -12 -23 -11 -22 -10 -21 -9 -21 -8 -21 -7 -20 -7 -19 -6 -19 -6 -18 -5 -17 -4 -17 -3 -17 0 0 0 0 0 0 0 0 0 0 0 0 0 0 0 0 0 0 0 0 0 0 -10 -14 -9 -15 -8 -16 -7 -16 -7 -16 -7 -17 -6 -17 -6 -18 -5 -18 -5 -19 -6 -19 -5 -20 -6 -21 -5 -22 -5 -22 -6 -23 -6 -24 -7 -24 -8 -26 -9 -26 -10 -27 -11 -29 -12 -29 -14 -31 -15 -32 -17 -35 ]
CSI_DATA,STA,E4:D1:24:F0:BE:00,-58,10,0,0,0,0,0,0,0,0,0,-97,0,5,0,98383676,0,399,0,0,98.7758,128,[-113 -15 24 0 8 31 9 31 9 29 9 28 9 27 8 26 9 25 8 25 8 24 7 23 7 22 7 21 6 21 5 20 4 19 4 18 3 18 3 18 2 17 2 16 1 15 1 15 0 14 0 13 -2 14 0 0 0 0 0 0 0 0 0 0 0 0 0 0 0 0 0 0 0 0 0 0 6 13 5 14 4 14 3 15 2 15 2 16 1 16 1 16 1 17 0 17 0 17 -1 18 -1 18 -1 19 -1 20 -1 20 -1 21 0 22 1 22 0 23 1 24 3 26 3 26 5 27 5 29 6 31 ]
CSI_DATA,STA,E4:D1:24:F0:BE:00,-58,10,0,0,0,0,0,0,0,0,0,-97,0,5,0,98436067,0,158,0,0,98.8279,128,[-98 -32 9 0 8 -35 7 -34 7 -33 7 -32 6 -32 6 -31 6 -30 5 -29 5 -28 5 -28 5 -26 5 -25 5 -24 6 -23 6 -21 6 -21 6 -20 6 -19 6 -18 7 -17 6 -17 6 -15 7 -15 8 -15 8 -13 0 0 0 0 0 0 0 0 0 0 0 0 0 0 0 0 0 0 0 0 0 0 2 -17 4 -17 4 -17 6 -16 6 -16 7 -17 7 -16 8 -17 9 -17 9 -16 9 -17 10 -17 10 -18 11 -18 12 -19 11 -19 11 -20 12 -21 11 -22 12 -22 11 -24 12 -26 11 -27 11 -29 11 -31 11 -33 ]
CSI_DATA,STA,E4:D1:24:F0:BE:00,-58,10,0,0,0,0,0,0,0,0,0,-97,0,5,0,98437589,0,158,0,0,98.8604,128,[-98 -32 9 0 -35 7 -35 7 -33 7 -33 8 -32 8 -31 7 -30 7 -28 7 -27 6 -27 6 -26 6 -25 5 -24 4 -23 4 -21 3 -21 2 -21 1 -20 1 -19 1 -19 0 -18 0 -17 0 -17 -1 -16 0 -14 -1 0 0 0 0 0 0 0 0 0 0 0 0 0 0 0 0 0 0 0 0 0 0 -16 6 -17 5 -17 4 -18 3 -17 2 -19 2 -19 1 -20 0 -20 0 -20 -1 -20 -1 -21 -1 -22 -1 -22 -1 -23 -2 -23 -2 -25 -2 -25 -2 -27 -1 -27 -1 -29 0 -29 0 -30 2 -32 3 -34 4 -36 5 ]
CSI_DATA,STA,E4:D1:24:F0:BE:00,-58,10,0,0,0,0,0,0,0,0,0,-97,0,5,0,98437735,0,158,0,0,98.9017,128,[-98 -32 9 0 27 -25 25 -24 25 -24 23 -22 23 -22 23 -22 22 -21 21 -20 21 -21 20 -20 18 -18 18 -18 17 -16 18 -16 16 -14 17 -13 15 -12 16 -12 16 -11 15 -10 14 -10 15 -8 13 -8 14 -9 11 -6 0 0 0 0 0 0 0 0 0 0 0 0 0 0 0 0 0 0 0 0 0 0 10 -14 11 -12 13 -13 13 -12 14 -12 14 -11 16 -10 16 -10 16 -10 17 -10 17 -10 18 -9 19 -9 19 -10 20 -9 21 -11 21 -10 22 -11 22 -12 24 -13 24 -14 25 -15 26 -17 26 -19 27 -20 28 -21 ]
CSI_DATA,STA,E4:D1:24:F0:BE:00,-58,10,0,0,0,0,0,0,0,0,0,-97,0,5,0,98486078,0,399,0,0,98.9457,128,[-113 -15 24 0 10 -33 10 -33 9 -32 8 -32 8 -31 8 -31 7 -29 7 -29 7 -28 7 -27 7 -26 7 -25 6 -24 7 -22 7 -21 7 -21 8 -20 8 -19 8 -18 8 -17 8 -16 8 -15 8 -14 8 -14 9 -13 0 0 0 0 0 0 0 0 0 0 0 0 0 0 0 0 0 0 0 0 0 0 5 -14 6 -14 7 -14 7 -14 8 -14 8 -13 9 -13 9 -14 10 -14 10 -13 11 -13 11 -14 11 -14 12 -14 12 -15 12 -16 12 -17 12 -19 13 -19 12 -20 12 -22 12 -24 13 -25 12 -27 13 -29 12 -31 ]
CSI_DATA,STA,E4:D1:24:F0:BE:00,-58,10,0,0,0,0,0,0,0,0,0,-97,0,5,0,98588480,0,399,0,0,98.9895,128,[-113 -15 24 0 21 30 21 28 21 28 20 27 20 27 19 26 18 25 17 25 17 23 16 22 15 22 14 21 13 21 11 19 11 18 10 19 8 18 8 17 7 17 6 16 5 15 5 15 4 14 3 14 2 13 0 0 0 0 0 0 0 0 0 0 0 0 0 0 0 0 0 0 0 0 0 0 11 11 10 12 9 13 8 13 8 14 8 15 7 15 7 16 7 17 7 16 7 17 6 18 7 19 7 20 7 20 7 21 8 21 8 22 9 22 10 24 12 25 13 26 14 26 16 27 18 29 20 31 ]
CSI_DATA,STA,E4:D1:24:F0:BE:00,-58,10,0,0,0,0,0,0,0,0,0,-97,0,5,0,98690882,0,399,0,0,99.0831,128,[-113 -15 24 0 20 32 20 31 21 30 20 28 20 29 19 28 19 27 18 26 17 25 16 24 15 24 14 23 13 22 12 21 10 20 10 20 9 19 8 19 7 18 6 17 5 16 5 16 4 15 3 15 2 14 0 0 0 0 0 0 0 0 0 0 0 0 0 0 0 0 0 0 0 0 0 0 12 12 10 13 10 14 9 15 9 16 8 16 8 17 8 17 7 18 7 19 6 19 6 20 6 20 7 21 7 22 7 23 7 23 8 24 9 25 10 26 11 27 12 28 13 29 15 30 17 32 18 33 ]
CSI_DATA,STA,E4:D1:24:F0:BE:00,-58,10,0,0,0,0,0,0,0,0,0,-97,0,5,0,98793284,0,399,0,0,99.1855,128,[-113 -15 24 0 -36 12 -34 13 -33 12 -32 12 -31 12 -30 12 -29 12 -28 11 -27 10 -27 10 -26 9 -25 8 -24 8 -23 7 -21 6 -21 5 -20 5 -20 4 -19 3 -18 3 -18 2 -17 2 -16 1 -15 1 -15 -1 0 0 0 0 0 0 0 0 0 0 0 0 0 0 0 0 0 0 0 0 0 0 -15 6 -16 5 -17 4 -17 3 -17 2 -17 2 -18 2 -18 1 -19 1 -19 0 -19 1 -20 0 -21 0 -22 0 -22 0 -23 1 -23 1 -25 1 -25 1 -26 2 -27 3 -28 4 -30 6 -31 7 -33 8 -34 9 ]
CSI_DATA,STA,E4:D1:24:F0:BE:00,-58,10,0,0,0,0,0,0,0,0,0,-97,0,5,0,98895686,0,399,0,0,99.2879,128,[-113 -15 24 0 -4 -37 -4 -36 -4 -34 -4 -34 -5 -33 -5 -32 -5 -31 -5 -30 -4 -29 -4 -29 -4 -27 -3 -26 -3 -25 -2 -24 -1 -23 -1 -22 -1 -22 0 -21 1 -20 1 -18 1 -18 1 -17 2 -16 3 -16 4 -15 0 0 0 0 0 0 0 0 0 0 0 0 0 0 0 0 0 0 0 0 0 0 -3 -17 -2 -17 -1 -17 0 -17 1 -17 1 -18 2 -18 2 -19 3 -19 3 -18 4 -19 4 -20 5 -20 5 -20 5 -21 5 -22 5 -23 4 -24 4 -25 3 -26 2 -27 2 -29 1 -30 0 -32 1 -34 0 -36 ]
CSI_DATA,STA,E4:D1:24:F0:BE:00,-58,10,0,0,0,0,0,0,0,0,0,-97,0,5,0,98998087,0,399,0,0,99.3903,128,[-113 -15 24 0 -30 27 -29 26 -28 26 -27 25 -26 25 -26 25 -25 23 -24 23 -24 22 -23 21 -22 20 -22 18 -20 17 -20 16 -19 15 -19 15 -19 13 -18 12 -18 11 -18 10 -17 9 -17 8 -16 8 -16 7 -16 5 0 0 0 0 0 0 0 0 0 0 0 0 0 0 0 0 0 0 0 0 0 0 -12 12 -13 11 -14 10 -15 9 -16 9 -16 9 -16 9 -17 8 -18 8 -18 8 -18 8 -19 8 -20 8 -21 8 -21 9 -22 9 -22 10 -24 11 -24 12 -25 13 -25 15 -26 16 -27 18 -27 19 -29 22 -30 23 ]
CSI_DATA,STA,E4:D1:24:F0:BE:00,-58,10,0,0,0,0,0,0,0,0,0,-97,0,5,0,99100489,0,399,0,0,99.4927,128,[-113 -15 24 0 35 -8 33 -8 33 -9 32 -9 32 -9 30 -9 30 -9 29 -9 28 -8 27 -7 26 -7 25 -6 24 -5 23 -5 22 -4 22 -3 21 -3 20 -3 20 -2 18 -1 18 -1 17 0 16 1 16 1 15 3 0 0 0 0 0 0 0 0 0 0 0 0 0 0 0 0 0 0 0 0 0 0 16 -5 16 -4 16 -3 16 -2 17 -1 17 0 18 0 18 0 18 1 18 2 18 2 19 3 20 3 20 3 21 3 21 3 21 3 23 2 24 1 25 1 26 0 28 -1 28 -1 31 -2 32 -3 34 -5 ]
CSI_DATA,STA,E4:D1:24:F0:BE:00,-59,10,0,0,0,0,0,0,0,0,0,-97,0,5,0,99202891,0,399,0,0,99.595,128,[-113 -15 24 0 26 28 25 28 25 27 25 26 24 26 23 25 22 25 21 24 20 23 19 23 17 22 16 21 15 21 14 20 13 18 12 19 11 18 10 18 9 17 8 17 8 16 7 15 6 15 5 15 4 15 0 0 0 0 0 0 0 0 0 0 0 0 0 0 0 0 0 0 0 0 0 0 11 11 9 12 9 12 8 13 8 14 8 13 7 14 7 15 7 15 7 15 6 16 7 17 7 17 7 18 8 18 9 19 9 20 10 20 11 21 12 22 14 22 16 23 17 24 19 27 20 27 23 29 ]
CSI_DATA,STA,E4:D1:24:F0:BE:00,-58,10,0,0,0,0,0,0,0,0,0,-97,0,5,0,99305293,0,399,0,0,99.6973,128,[-113 -15 24 0 35 -18 34 -18 33 -18 32 -17 30 -16 30 -17 29 -16 28 -16 27 -15 26 -14 25 -13 25 -12 23 -11 23 -10 21 -10 21 -9 20 -8 20 -7 19 -6 18 -6 17 -5 17 -4 16 -4 16 -3 15 -2 0 0 0 0 0 0 0 0 0 0 0 0 0 0 0 0 0 0 0 0 0 0 14 -9 15 -7 15 -6 16 -6 16 -5 16 -5 17 -4 17 -4 18 -4 18 -4 18 -4 19 -3 20 -4 21 -4 21 -4 22 -5 23 -5 24 -6 25 -7 26 -7 27 -9 29 -10 30 -11 32 -12 33 -15 35 -16 ]
CSI_DATA,STA,E4:D1:24:F0:BE:00,-59,10,0,0,0,0,0,0,0,0,0,-97,0,5,0,99407695,0,399,0,0,99.7999,128,[-113 -15 24 0 19 -36 18 -35 18 -35 18 -34 16 -34 16 -33 16 -31 15 -31 16 -30 15 -28 15 -27 15 -25 14 -24 14 -22 14 -21 14 -20 14 -19 14 -18 13 -17 13 -16 13 -15 12 -14 13 -13 13 -12 13 -10 0 0 0 0 0 0 0 0 0 0 0 0 0 0 0 0 0 0 0 0 0 0 8 -15 9 -14 10 -15 11 -14 11 -14 12 -13 12 -13 13 -14 13 -13 14 -13 14 -13 15 -14 16 -14 16 -14 16 -15 17 -16 17 -17 18 -18 18 -19 18 -20 18 -22 18 -24 18 -25 20 -28 20 -30 21 -33 ]
CSI_DATA,STA,E4:D1:24:F0:BE:00,-59,10,0,0,0,0,0,0,0,0,0,-97,0,5,0,99510097,0,399,0,0,99.9023,128,[-113 -15 24 0 34 14 34 14 33 13 33 13 31 13 30 12 29 12 28 12 26 12 25 11 24 11 23 11 22 11 20 10 19 10 17 11 17 10 15 10 15 10 14 9 13 9 12 9 11 9 10 9 9 10 0 0 0 0 0 0 0 0 0 0 0 0 0 0 0 0 0 0 0 0 0 0 14 4 14 5 13 5 13 7 13 7 14 7 13 8 14 9 14 9 14 9 14 10 15 10 16 11 16 11 17 12 18 12 19 13 19 13 21 14 22 14 24 14 25 14 26 14 30 15 31 15 34 16 ]
CSI_DATA,STA,E4:D1:24:F0:BE:00,-59,10,0,0,0,0,0,0,0,0,0,-97,0,5,0,99612496,0,399,0,0,100.005,128,[-113 -15 24 0 -22 -37 -21 -35 -21 -35 -20 -33 -20 -33 -19 -32 -19 -30 -18 -30 -17 -29 -17 -28 -15 -27 -15 -26 -14 -25 -12 -24 -10 -23 -10 -22 -9 -21 -8 -21 -7 -20 -6 -19 -6 -18 -5 -17 -4 -17 -3 -16 -2 -16 0 0 0 0 0 0 0 0 0 0 0 0 0 0 0 0 0 0 0 0 0 0 -11 -17 -10 -17 -9 -18 -8 -18 -7 -19 -7 -19 -6 -19 -6 -20 -6 -21 -5 -21 -5 -21 -5 -22 -5 -23 -5 -24 -5 -25 -6 -25 -6 -26 -7 -28 -8 -28 -8 -29 -10 -30 -11 -32 -12 -33 -14 -34 -15 -36 -17 -38 ]
CSI_DATA,STA,E4:D1:24:F0:BE:00,-59,10,0,0,0,0,0,0,0,0,0,-97,0,5,0,99714898,0,399,0,0,100.107,128,[-113 -15 24 0 27 -25 26 -25 25 -24 25 -24 24 -24 23 -23 22 -22 21 -22 21 -21 20 -20 19 -18 19 -17 18 -16 18 -15 16 -14 16 -13 16 -12 16 -12 15 -11 14 -10 13 -9 13 -8 13 -8 13 -7 12 -6 0 0 0 0 0 0 0 0 0 0 0 0 0 0 0 0 0 0 0 0 0 0 12 -14 14 -12 15 -11 15 -10 15 -10 16 -9 16 -9 17 -9 17 -8 17 -8 18 -8 18 -8 19 -9 20 -9 20 -9 21 -10 21 -10 23 -11 22 -12 23 -12 24 -14 24 -15 25 -17 26 -18 27 -20 28 -22 ]
CSI_DATA,STA,E4:D1:24:F0:BE:00,-59,10,0,0,0,0,0,0,0,0,0,-97,0,5,0,99817300,0,399,0,0,100.21,128,[-113 -15 24 0 17 35 17 34 17 33 16 32 16 32 16 31 15 29 14 29 14 28 13 27 12 26 11 25 10 24 9 23 8 21 7 21 6 20 5 20 5 19 4 18 4 17 3 17 3 16 1 15 0 15 0 0 0 0 0 0 0 0 0 0 0 0 0 0 0 0 0 0 0 0 0 0 9 14 8 14 6 15 6 16 5 16 5 17 4 17 4 18 4 18 3 19 3 19 3 20 3 21 3 22 3 22 3 23 3 24 4 25 5 26 6 26 6 27 8 29 9 31 11 31 12 34 14 35 ]
CSI_DATA,STA,E4:D1:24:F0:BE:00,-57,10,0,0,0,0,0,0,0,0,0,-97,0,5,0,99919702,0,399,0,0,100.312,128,[-113 -15 24 0 -38 11 -37 11 -35 11 -35 11 -34 12 -33 11 -31 11 -31 11 -30 10 -29 10 -28 9 -27 8 -26 7 -25 6 -23 5 -22 5 -22 4 -22 4 -20 3 -20 2 -19 1 -18 1 -18 0 -17 0 -17 -2 0 0 0 0 0 0 0 0 0 0 0 0 0 0 0 0 0 0 0 0 0 0 -17 5 -17 4 -17 3 -18 2 -18 1 -18 1 -19 0 -19 0 -20 0 -20 -1 -20 -1 -21 -1 -22 -1 -22 -2 -23 -1 -24 -1 -25 -1 -26 0 -27 0 -28 1 -29 2 -31 3 -32 4 -34 6 -36 7 -37 8 ]
CSI_DATA,STA,E4:D1:24:F0:BE:00,-59,10,0,0,0,0,0,0,0,0,0,-97,0,5,0,100022104,0,399,0,0,100.414,128,[-113 -15 24 0 29 -26 27 -24 27 -25 25 -24 25 -24 24 -23 23 -22 22 -22 22 -21 22 -20 21 -18 20 -17 19 -16 19 -15 18 -14 18 -13 17 -12 17 -12 16 -11 16 -10 15 -9 15 -9 14 -8 14 -7 14 -6 0 0 0 0 0 0 0 0 0 0 0 0 0 0 0 0 0 0 0 0 0 0 12 -12 13 -10 14 -10 14 -8 15 -8 15 -8 16 -7 16 -7 17 -7 17 -7 17 -7 18 -7 19 -7 19 -7 19 -7 20 -9 20 -9 22 -10 22 -11 23 -12 23 -13 24 -15 25 -16 26 -18 27 -20 29 -22 ]
CSI_DATA,STA,E4:D1:24:F0:BE:00,-58,10,0,0,0,0,0,0,0,0,0,-97,0,5,0,100124506,0,399,0,0,100.517,128,[-113 -15 24 0 -40 -2 -39 -1 -37 0 -37 -1 -37 0 -35 0 -34 1 -33 0 -32 0 -31 -1 -30 -1 -29 -2 -28 -1 -26 -2 -25 -3 -24 -3 -23 -3 -22 -4 -21 -4 -20 -4 -19 -5 -18 -5 -17 -6 -16 -6 -15 -7 0 0 0 0 0 0 0 0 0 0 0 0 0 0 0 0 0 0 0 0 0 0 -18 0 -18 -2 -18 -3 -17 -4 -18 -5 -18 -5 -19 -5 -19 -6 -19 -6 -19 -7 -19 -7 -20 -8 -21 -8 -21 -9 -22 -8 -23 -9 -24 -8 -24 -9 -26 -8 -27 -8 -29 -7 -30 -7 -32 -6 -34 -6 -36 -5 -39 -4 ]
CSI_DATA,STA,E4:D1:24:F0:BE:00,-57,10,0,0,0,0,0,0,0,0,0,-97,0,5,0,100226908,0,399,0,0,100.619,128,[-113 -15 24 0 -23 -31 -24 -31 -23 -29 -23 -28 -22 -28 -21 -27 -21 -26 -21 -26 -19 -25 -19 -24 -19 -23 -18 -23 -16 -22 -15 -21 -13 -20 -12 -20 -11 -20 -10 -19 -9 -19 -9 -18 -8 -18 -7 -17 -6 -17 -5 -17 -3 -17 0 0 0 0 0 0 0 0 0 0 0 0 0 0 0 0 0 0 0 0 0 0 -14 -12 -13 -14 -12 -15 -11 -16 -11 -17 -11 -17 -10 -18 -10 -19 -9 -19 -9 -19 -9 -20 -9 -21 -9 -22 -8 -23 -9 -24 -9 -24 -10 -25 -10 -26 -11 -26 -11 -27 -13 -28 -15 -29 -16 -29 -17 -30 -19 -32 -22 -33 ]
CSI_DATA,STA,E4:D1:24:F0:BE:00,-57,10,0,0,0,0,0,0,0,0,0,-97,0,5,0,100329309,0,399,0,0,100.721,128,[-113 -15 24 0 15 37 15 35 15 34 15 32 15 31 14 31 14 30 14 29 13 28 12 27 12 26 11 26 10 24 9 24 8 22 8 22 6 21 5 20 4 20 4 19 3 18 3 17 2 16 1 16 0 16 0 0 0 0 0 0 0 0 0 0 0 0 0 0 0 0 0 0 0 0 0 0 8 15 7 16 6 17 5 17 4 18 4 18 3 19 3 19 3 20 2 20 2 20 2 21 2 22 2 23 1 23 2 25 2 25 3 27 4 26 4 28 6 29 6 31 8 32 9 33 11 35 13 37 ]
CSI_DATA,STA,E4:D1:24:F0:BE:00,-57,10,0,0,0,0,0,0,0,0,0,-97,0,5,0,100431711,0,399,0,0,100.824,128,[-113 -15 24 0 -11 -40 -12 -38 -11 -37 -11 -36 -11 -34 -11 -33 -11 -32 -11 -31 -11 -30 -10 -29 -10 -28 -9 -27 -8 -26 -8 -25 -6 -24 -6 -23 -5 -23 -5 -22 -4 -21 -3 -20 -3 -19 -2 -18 -1 -18 0 -17 1 -16 0 0 0 0 0 0 0 0 0 0 0 0 0 0 0 0 0 0 0 0 0 0 -7 -18 -5 -19 -4 -19 -3 -19 -3 -20 -2 -20 -2 -21 -2 -22 -1 -22 0 -23 0 -23 1 -24 1 -25 1 -26 1 -26 1 -28 1 -28 1 -29 0 -30 -1 -31 -2 -32 -2 -34 -3 -35 -5 -37 -5 -38 -6 -41 ]
CSI_DATA,STA,E4:D1:24:F0:BE:00,-57,10,0,0,0,0,0,0,0,0,0,-97,0,5,0,100534113,0,399,0,0,100.926,128,[-113 -15 24 0 -10 -37 -10 -36 -9 -36 -10 -35 -10 -34 -9 -33 -9 -31 -9 -30 -8 -30 -8 -29 -7 -28 -7 -26 -6 -26 -6 -24 -5 -23 -4 -22 -3 -22 -2 -21 -2 -20 -1 -19 -1 -18 0 -18 0 -17 1 -17 2 -15 0 0 0 0 0 0 0 0 0 0 0 0 0 0 0 0 0 0 0 0 0 0 -7 -17 -5 -18 -4 -18 -3 -19 -2 -19 -1 -19 -1 -20 0 -20 0 -20 1 -21 1 -21 1 -22 2 -22 2 -23 2 -23 1 -25 1 -25 1 -26 0 -27 0 -28 -1 -30 -2 -31 -2 -32 -4 -34 -5 -35 -5 -38 ]
CSI_DATA,STA,E4:D1:24:F0:BE:00,-58,10,0,0,0,0,0,0,0,0,0,-97,0,5,0,100636515,0,399,0,0,101.029,128,[-113 -15 24 0 -37 -1 -36 0 -35 1 -34 0 -33 1 -33 0 -31 0 -30 1 -29 -1 -28 -1 -27 -1 -26 -1 -25 -2 -24 -2 -22 -2 -21 -3 -20 -4 -19 -4 -18 -4 -17 -4 -16 -5 -15 -5 -14 -5 -13 -5 -13 -6 0 0 0 0 0 0 0 0 0 0 0 0 0 0 0 0 0 0 0 0 0 0 -17 2 -17 1 -17 0 -18 -1 -18 -2 -18 -2 -19 -3 -19 -3 -19 -4 -19 -5 -20 -5 -20 -6 -21 -7 -21 -7 -22 -7 -23 -7 -24 -7 -25 -7 -25 -7 -26 -7 -28 -6 -29 -6 -30 -5 -32 -5 -34 -4 -36 -3 ]
CSI_DATA,STA,E4:D1:24:F0:BE:00,-58,10,0,0,0,0,0,0,0,0,0,-97,0,5,0,100738917,0,399,0,0,101.131,128,[-113 -15 24 0 37 8 38 8 37 7 36 7 35 7 34 7 33 7 31 6 31 6 30 6 28 6 26 7 25 7 23 7 23 7 21 8 20 8 19 8 18 8 17 8 16 8 14 8 14 8 13 8 12 9 0 0 0 0 0 0 0 0 0 0 0 0 0 0 0 0 0 0 0 0 0 0 17 2 17 3 16 4 16 5 16 6 17 7 16 8 17 7 17 9 17 8 17 9 18 10 18 11 18 11 19 12 20 12 21 12 22 12 23 12 24 12 26 11 28 11 29 11 32 10 34 10 37 10 ]
CSI_DATA,STA,E4:D1:24:F0:BE:00,-57,10,0,0,0,0,0,0,0,0,0,-97,0,5,0,100841319,0,399,0,0,101.234,128,[-113 -15 24 0 -36 -1 -35 -1 -34 0 -33 0 -33 0 -32 0 -30 0 -29 0 -28 0 -28 -1 -26 -1 -25 -1 -24 -2 -23 -2 -22 -2 -21 -3 -20 -4 -19 -4 -18 -4 -17 -5 -16 -5 -16 -5 -15 -5 -14 -6 -14 -6 0 0 0 0 0 0 0 0 0 0 0 0 0 0 0 0 0 0 0 0 0 0 -16 1 -15 0 -16 -1 -16 -2 -16 -3 -16 -3 -17 -3 -17 -4 -17 -4 -18 -5 -18 -5 -18 -5 -19 -6 -20 -6 -20 -6 -22 -7 -22 -6 -23 -6 -24 -6 -25 -6 -27 -5 -28 -5 -29 -5 -31 -4 -33 -4 -35 -2 ]
CSI_DATA,STA,E4:D1:24:F0:BE:00,-57,10,0,0,0,0,0,0,0,0,0,-97,0,5,0,100943720,0,399,0,0,101.336,128,[-113 -15 24 0 -21 -30 -20 -29 -20 -28 -20 -27 -20 -26 -19 -26 -19 -25 -18 -24 -17 -24 -17 -23 -16 -22 -15 -22 -14 -21 -13 -20 -12 -19 -11 -19 -10 -19 -9 -18 -8 -17 -8 -17 -7 -16 -6 -16 -5 -15 -4 -15 -4 -14 0 0 0 0 0 0 0 0 0 0 0 0 0 0 0 0 0 0 0 0 0 0 -10 -12 -9 -13 -8 -14 -8 -15 -7 -15 -7 -15 -7 -16 -6 -17 -6 -17 -6 -18 -5 -18 -5 -19 -5 -19 -6 -20 -6 -20 -7 -22 -7 -22 -7 -23 -9 -23 -9 -24 -11 -25 -12 -26 -13 -27 -15 -28 -16 -30 -18 -31 ]
CSI_DATA,STA,E4:D1:24:F0:BE:00,-57,10,0,0,0,0,0,0,0,0,0,-97,0,5,0,101046122,0,399,0,0,101.438,128,[-113 -15 24 0 -31 -1 -31 0 -30 1 -29 1 -29 1 -28 1 -27 1 -26 1 -25 1 -24 1 -24 0 -23 0 -22 0 -21 -1 -19 -1 -19 -2 -18 -2 -17 -3 -16 -3 -16 -3 -15 -3 -14 -4 -13 -4 -13 -4 -12 -5 0 0 0 0 0 0 0 0 0 0 0 0 0 0 0 0 0 0 0 0 0 0 -14 2 -14 0 -14 -1 -15 -1 -15 -2 -15 -2 -15 -3 -16 -3 -16 -4 -16 -4 -16 -4 -17 -5 -18 -5 -18 -5 -19 -6 -20 -6 -21 -6 -21 -5 -22 -6 -23 -5 -24 -5 -25 -5 -27 -4 -28 -3 -30 -3 -32 -2 ]
CSI_DATA,STA,E4:D1:24:F0:BE:00,-56,10,0,0,0,0,0,0,0,0,0,-97,0,5,0,101148524,0,399,0,0,101.541,128,[-113 -15 24 0 33 -2 33 -2 32 -3 31 -3 30 -3 29 -3 28 -3 27 -2 26 -2 25 -2 24 -2 23 -1 22 -1 21 0 20 0 19 1 19 1 18 2 17 2 16 2 15 2 14 3 14 3 13 4 12 4 0 0 0 0 0 0 0 0 0 0 0 0 0 0 0 0 0 0 0 0 0 0 14 -4 14 -3 14 -2 14 -1 15 0 15 0 16 1 16 1 17 2 17 2 17 2 18 3 19 3 19 4 20 4 20 3 22 4 22 4 23 4 24 4 26 3 27 3 28 2 30 2 32 1 34 -1 ]
CSI_DATA,STA,E4:D1:24:F0:BE:00,-57,10,0,0,0,0,0,0,0,0,0,-97,0,5,0,101250926,0,399,0,0,101.643,128,[-113 -15 24 0 -13 34 -12 34 -11 33 -10 32 -9 31 -9 30 -9 29 -8 28 -8 28 -8 27 -8 26 -8 25 -9 23 -8 22 -9 21 -9 20 -9 19 -10 18 -9 17 -10 16 -9 15 -9 13 -9 13 -10 12 -10 10 0 0 0 0 0 0 0 0 0 0 0 0 0 0 0 0 0 0 0 0 0 0 -4 16 -6 15 -7 15 -8 15 -9 15 -9 15 -10 15 -11 16 -11 15 -12 15 -13 15 -13 16 -14 16 -14 17 -15 17 -15 18 -15 19 -16 20 -16 21 -16 22 -16 23 -16 25 -16 26 -16 28 -15 31 -16 32 ]
CSI_DATA,STA,E4:D1:24:F0:BE:00,-57,10,0,0,0,0,0,0,0,0,0,-97,0,5,0,101353328,0,399,0,0,101.746,128,[-113 -15 24 0 -33 -27 -32 -24 -31 -23 -30 -22 -30 -20 -29 -20 -28 -20 -28 -19 -26 -19 -25 -18 -24 -17 -23 -17 -22 -16 -21 -16 -19 -16 -19 -16 -17 -15 -17 -15 -16 -15 -15 -15 -14 -15 -13 -14 -12 -15 -11 -14 -9 -15 0 0 0 0 0 0 0 0 0 0 0 0 0 0 0 0 0 0 0 0 0 0 -17 -9 -16 -11 -16 -12 -15 -13 -15 -14 -15 -14 -15 -15 -15 -16 -15 -16 -15 -17 -14 -18 -15 -19 -15 -20 -15 -21 -15 -21 -16 -23 -17 -22 -18 -24 -19 -24 -19 -25 -21 -24 -23 -25 -24 -26 -26 -26 -27 -27 -29 -28 ]
CSI_DATA,STA,E4:D1:24:F0:BE:00,-56,10,0,0,0,0,0,0,0,0,0,-97,0,5,0,101455730,0,399,0,0,101.848,128,[-113 -15 24 0 25 29 24 27 24 26 24 25 22 25 22 24 21 23 20 23 19 22 19 21 18 20 17 20 15 19 14 18 13 18 12 18 11 17 10 17 9 16 8 16 7 15 6 14 6 14 5 14 4 13 0 0 0 0 0 0 0 0 0 0 0 0 0 0 0 0 0 0 0 0 0 0 12 9 11 10 11 11 11 12 11 13 10 13 10 15 10 15 10 16 10 16 9 17 9 18 10 19 10 20 10 20 10 21 11 22 12 23 13 23 14 24 15 25 16 26 18 26 19 28 21 29 23 31 ]
CSI_DATA,STA,E4:D1:24:F0:BE:00,-57,10,0,0,0,0,0,0,0,0,0,-97,0,5,0,101558133,0,399,0,0,101.95,128,[-113 -15 24 0 6 33 6 32 7 32 7 31 7 31 7 29 7 28 7 27 6 27 5 26 5 25 4 24 3 23 3 23 3 21 2 21 1 20 1 20 0 19 -1 18 -1 17 -2 16 -2 15 -3 15 -4 14 0 0 0 0 0 0 0 0 0 0 0 0 0 0 0 0 0 0 0 0 0 0 3 14 2 14 1 15 0 15 0 15 -1 15 -1 16 -2 16 -2 16 -3 16 -2 17 -3 18 -3 18 -3 19 -3 19 -3 20 -3 21 -3 22 -2 23 -1 24 -1 25 0 26 1 28 2 30 3 32 4 34 ]
CSI_DATA,STA,E4:D1:24:F0:BE:00,-57,10,0,0,0,0,0,0,0,0,0,-97,0,5,0,101660534,0,399,0,0,102.053,128,[-113 -15 24 0 -18 -34 -18 -33 -18 -31 -18 -31 -19 -30 -18 -29 -17 -28 -17 -27 -15 -27 -15 -27 -14 -25 -13 -25 -12 -24 -11 -23 -10 -22 -9 -21 -8 -21 -8 -21 -7 -19 -6 -19 -5 -18 -4 -17 -3 -17 -2 -17 -1 -16 0 0 0 0 0 0 0 0 0 0 0 0 0 0 0 0 0 0 0 0 0 0 -11 -16 -10 -17 -8 -18 -7 -19 -6 -19 -6 -20 -6 -20 -5 -20 -4 -21 -4 -21 -3 -21 -3 -22 -3 -22 -2 -23 -3 -23 -3 -24 -4 -24 -4 -25 -5 -26 -7 -26 -8 -27 -9 -28 -10 -29 -12 -31 -13 -32 -16 -33 ]
CSI_DATA,STA,E4:D1:24:F0:BE:00,-57,10,0,0,0,0,0,0,0,0,0,-97,0,5,0,101762936,0,399,0,0,102.155,128,[-113 -15 24 0 -5 -36 -5 -35 -5 -34 -5 -33 -6 -32 -6 -31 -6 -30 -6 -29 -6 -29 -5 -28 -5 -27 -5 -26 -5 -25 -4 -24 -3 -23 -2 -23 -2 -22 -1 -21 -1 -21 0 -20 0 -19 1 -19 2 -18 3 -17 4 -16 0 0 0 0 0 0 0 0 0 0 0 0 0 0 0 0 0 0 0 0 0 0 -2 -17 -1 -17 0 -18 1 -18 2 -18 2 -19 3 -19 3 -19 4 -19 5 -19 5 -19 6 -20 6 -21 6 -21 6 -22 5 -23 5 -23 5 -24 4 -25 4 -26 3 -27 3 -29 3 -30 2 -31 1 -33 0 -35 ]
CSI_DATA,STA,E4:D1:24:F0:BE:00,-58,10,0,0,0,0,0,0,0,0,0,-97,0,5,0,101865338,0,399,0,0,102.258,128,[-113 -15 24 0 -27 -26 -27 -25 -27 -24 -26 -24 -26 -23 -25 -23 -24 -22 -23 -21 -22 -21 -21 -21 -21 -20 -19 -20 -19 -19 -17 -19 -16 -18 -15 -18 -14 -18 -13 -18 -12 -17 -10 -17 -9 -16 -9 -16 -7 -15 -6 -15 -5 -15 0 0 0 0 0 0 0 0 0 0 0 0 0 0 0 0 0 0 0 0 0 0 -15 -11 -14 -12 -13 -13 -13 -13 -12 -14 -12 -15 -12 -15 -11 -16 -11 -16 -11 -17 -10 -17 -11 -18 -11 -19 -11 -20 -12 -20 -12 -21 -13 -21 -13 -22 -14 -22 -15 -23 -17 -23 -18 -24 -20 -25 -21 -26 -23 -26 -26 -27 ]
CSI_DATA,STA,E4:D1:24:F0:BE:00,-58,10,0,0,0,0,0,0,0,0,0,-97,0,5,0,101967740,0,399,0,0,102.36,128,[-113 -15 24 0 15 -30 13 -30 13 -29 13 -28 12 -28 12 -27 12 -26 11 -26 11 -25 11 -25 11 -23 11 -22 10 -21 10 -20 10 -18 10 -18 11 -17 11 -16 11 -15 11 -14 11 -13 10 -12 10 -12 11 -11 11 -9 0 0 0 0 0 0 0 0 0 0 0 0 0 0 0 0 0 0 0 0 0 0 7 -13 8 -12 8 -12 9 -12 9 -11 10 -11 10 -10 11 -11 11 -11 11 -11 11 -11 12 -12 12 -12 13 -12 13 -13 13 -14 13 -14 14 -16 14 -17 14 -18 14 -19 15 -21 15 -22 15 -24 15 -26 16 -28 ]
CSI_DATA,STA,E4:D1:24:F0:BE:00,-57,10,0,0,0,0,0,0,0,0,0,-97,0,5,0,102070142,0,399,0,0,102.462,128,[-113 -15 24 0 -30 24 -27 25 -26 24 -26 23 -23 23 -24 22 -22 21 -21 21 -21 20 -20 19 -19 18 -19 18 -18 17 -18 16 -17 15 -17 14 -16 13 -17 12 -16 11 -15 10 -15 9 -14 8 -14 8 -14 7 -14 6 0 0 0 0 0 0 0 0 0 0 0 0 0 0 0 0 0 0 0 0 0 0 -12 14 -13 13 -14 12 -15 11 -16 11 -16 11 -17 10 -17 10 -18 10 -19 10 -19 10 -20 10 -21 10 -21 10 -22 10 -23 11 -24 11 -24 12 -25 13 -26 14 -26 15 -28 16 -28 18 -29 19 -30 21 -30 23 ]
CSI_DATA,STA,E4:D1:24:F0:BE:00,-57,10,0,0,0,0,0,0,0,0,0,-97,0,5,0,102172544,0,399,0,0,102.565,128,[-113 -15 24 0 13 34 13 34 13 33 13 32 13 31 13 30 12 29 12 29 11 28 11 27 10 26 9 25 8 24 7 24 6 22 5 22 4 22 3 21 3 20 1 19 1 18 0 17 0 17 -1 16 -3 15 0 0 0 0 0 0 0 0 0 0 0 0 0 0 0 0 0 0 0 0 0 0 8 15 7 16 5 17 4 17 4 17 3 18 3 18 2 19 2 19 1 19 1 19 1 20 1 21 1 21 1 22 1 23 2 24 2 24 3 25 3 26 4 27 6 29 6 30 8 31 9 34 11 36 ]
CSI_DATA,STA,E4:D1:24:F0:BE:00,-58,10,0,0,0,0,0,0,0,0,0,-97,0,5,0,102274946,0,399,0,0,102.667,128,[-113 -15 24 0 4 -33 4 -33 4 -31 3 -31 3 -29 2 -29 2 -27 2 -27 2 -26 2 -26 2 -24 2 -23 3 -22 3 -21 3 -20 4 -19 4 -18 4 -18 5 -17 4 -16 5 -15 5 -14 5 -13 5 -12 6 -12 0 0 0 0 0 0 0 0 0 0 0 0 0 0 0 0 0 0 0 0 0 0 0 -15 1 -15 2 -15 2 -15 3 -15 4 -16 4 -16 5 -16 5 -16 6 -16 6 -16 6 -17 7 -18 7 -18 7 -18 7 -20 7 -20 8 -21 7 -22 8 -23 7 -24 7 -26 7 -27 7 -29 6 -30 6 -33 ]
CSI_DATA,STA,E4:D1:24:F0:BE:00,-57,10,0,0,0,0,0,0,0,0,0,-97,0,5,0,102377347,0,399,0,0,102.769,128,[-113 -15 24 0 -31 17 -29 18 -28 18 -27 17 -26 17 -26 17 -24 16 -24 16 -23 15 -23 15 -22 14 -21 13 -20 12 -20 12 -19 10 -19 9 -18 9 -19 8 -18 7 -17 7 -16 5 -16 5 -16 4 -15 3 -15 2 0 0 0 0 0 0 0 0 0 0 0 0 0 0 0 0 0 0 0 0 0 0 -13 7 -14 6 -14 5 -15 5 -15 4 -16 4 -16 4 -16 4 -17 3 -17 3 -18 3 -18 2 -19 3 -19 3 -20 3 -21 4 -21 5 -23 5 -23 6 -24 7 -25 8 -26 9 -27 10 -28 12 -29 13 -30 14 ]
CSI_DATA,STA,E4:D1:24:F0:BE:00,-57,10,0,0,0,0,0,0,0,0,0,-97,0,5,0,102479749,0,399,0,0,102.872,128,[-113 -15 24 0 -2 34 -1 32 -1 32 0 31 1 30 0 29 1 28 1 27 0 27 0 26 0 25 -1 24 -1 23 -1 22 -2 20 -2 21 -3 20 -3 19 -4 18 -4 17 -4 16 -5 15 -5 15 -6 14 -7 12 0 0 0 0 0 0 0 0 0 0 0 0 0 0 0 0 0 0 0 0 0 0 0 15 -1 14 -2 15 -3 15 -4 15 -4 15 -5 15 -5 15 -5 16 -6 16 -6 16 -7 17 -7 17 -8 18 -8 18 -8 19 -7 20 -8 21 -7 21 -7 23 -6 24 -6 26 -6 28 -6 29 -5 31 -5 33 ]
CSI_DATA,STA,E4:D1:24:F0:BE:00,-57,10,0,0,0,0,0,0,0,0,0,-97,0,5,0,102582151,0,399,0,0,102.974,128,[-113 -15 24 0 -10 -30 -10 -29 -10 -28 -10 -27 -10 -26 -10 -26 -10 -25 -9 -24 -9 -24 -9 -23 -8 -22 -7 -21 -7 -20 -6 -20 -5 -18 -5 -19 -4 -18 -3 -17 -3 -16 -2 -16 -2 -15 -1 -15 -1 -14 0 -13 1 -13 0 0 0 0 0 0 0 0 0 0 0 0 0 0 0 0 0 0 0 0 0 0 -6 -13 -4 -13 -4 -15 -3 -14 -3 -15 -2 -15 -2 -16 -1 -16 -1 -16 -1 -16 0 -17 0 -17 0 -18 0 -18 0 -18 0 -20 -1 -20 -1 -21 -2 -22 -2 -22 -3 -23 -4 -25 -5 -26 -6 -27 -6 -28 -7 -30 ]
CSI_DATA,STA,E4:D1:24:F0:BE:00,-57,10,0,0,0,0,0,0,0,0,0,-97,0,5,0,102684553,0,399,0,0,103.077,128,[-113 -15 24 0 -36 -19 -34 -18 -34 -17 -32 -16 -33 -15 -31 -15 -30 -14 -29 -14 -28 -14 -28 -14 -26 -14 -25 -13 -24 -13 -22 -13 -21 -13 -20 -13 -19 -13 -18 -13 -17 -13 -16 -13 -15 -13 -14 -13 -13 -13 -12 -12 -10 -13 0 0 0 0 0 0 0 0 0 0 0 0 0 0 0 0 0 0 0 0 0 0 -17 -7 -16 -9 -16 -9 -16 -10 -15 -11 -15 -11 -16 -12 -15 -13 -15 -13 -16 -14 -15 -14 -15 -16 -17 -16 -17 -17 -17 -17 -18 -18 -19 -18 -20 -19 -21 -19 -22 -19 -24 -19 -25 -19 -27 -19 -29 -20 -31 -20 -33 -21 ]
CSI_DATA,STA,E4:D1:24:F0:BE:00,-57,10,0,0,0,0,0,0,0,0,0,-97,0,5,0,102786955,0,399,0,0,103.179,128,[-113 -15 24 0 29 21 29 21 28 19 28 19 27 18 26 17 26 17 24 16 23 16 23 16 21 15 20 15 19 14 17 14 16 14 15 14 14 14 13 13 12 13 11 13 10 12 9 12 8 12 7 12 7 12 0 0 0 0 0 0 0 0 0 0 0 0 0 0 0 0 0 0 0 0 0 0 14 6 14 7 13 8 13 9 13 10 13 11 13 11 13 12 13 13 13 13 13 14 13 15 13 16 14 16 14 17 15 17 15 18 16 18 17 19 18 19 20 20 22 20 23 21 24 22 26 23 29 23 ]
CSI_DATA,STA,E4:D1:24:F0:BE:00,-57,10,0,0,0,0,0,0,0,0,0,-97,0,5,0,102889357,0,399,0,0,103.282,128,[-113 -15 24 0 16 -34 15 -34 14 -32 13 -32 12 -31 12 -30 11 -30 10 -29 11 -28 10 -27 10 -26 10 -25 9 -23 10 -22 10 -21 10 -20 10 -19 10 -18 10 -17 10 -16 10 -15 10 -14 9 -13 10 -12 11 -11 0 0 0 0 0 0 0 0 0 0 0 0 0 0 0 0 0 0 0 0 0 0 5 -18 7 -17 8 -17 9 -17 10 -16 11 -16 11 -16 12 -16 13 -16 13 -16 14 -16 15 -16 15 -17 16 -17 16 -17 16 -19 17 -19 18 -20 17 -21 18 -21 17 -23 18 -25 18 -26 18 -28 18 -30 19 -32 ]
CSI_DATA,STA,E4:D1:24:F0:BE:00,-57,10,0,0,0,0,0,0,0,0,0,-97,0,5,0,102991758,0,399,0,0,103.384,128,[-113 -15 24 0 34 -16 31 -15 31 -15 30 -15 29 -14 28 -14 27 -13 26 -13 26 -13 24 -12 23 -11 23 -10 21 -9 21 -9 19 -8 19 -7 18 -7 18 -6 17 -5 16 -4 16 -3 15 -3 14 -2 14 -2 13 0 0 0 0 0 0 0 0 0 0 0 0 0 0 0 0 0 0 0 0 0 0 0 14 -9 14 -8 15 -7 15 -6 16 -6 16 -5 17 -4 17 -4 18 -4 18 -4 18 -3 19 -3 20 -3 21 -3 21 -3 22 -4 22 -4 24 -5 24 -5 26 -5 26 -6 28 -8 29 -9 30 -10 32 -11 33 -13 ]
CSI_DATA,STA,E4:D1:24:F0:BE:00,-57,10,0,0,0,0,0,0,0,0,0,-97,0,5,0,103094160,0,399,0,0,103.486,128,[-113 -15 24 0 14 -36 13 -35 12 -34 11 -33 11 -32 10 -32 9 -30 9 -30 9 -29 9 -28 9 -26 9 -25 9 -23 9 -23 9 -21 9 -21 9 -20 9 -19 9 -18 9 -16 9 -15 9 -14 9 -13 10 -13 10 -11 0 0 0 0 0 0 0 0 0 0 0 0 0 0 0 0 0 0 0 0 0 0 4 -19 5 -18 6 -18 7 -17 8 -18 9 -17 10 -17 10 -17 11 -18 12 -17 12 -17 13 -18 14 -17 14 -18 14 -19 14 -20 14 -21 15 -22 15 -23 15 -24 15 -25 15 -27 16 -29 16 -31 16 -32 16 -34 ]
CSI_DATA,STA,E4:D1:24:F0:BE:00,-57,10,0,0,0,0,0,0,0,0,0,-97,0,5,0,103196562,0,399,0,0,103.589,128,[-113 -15 24 0 36 9 34 8 34 8 33 7 33 7 32 7 30 6 29 6 29 6 28 6 26 6 25 6 23 6 23 5 21 6 21 7 20 7 19 7 18 7 17 7 16 6 15 7 14 7 13 8 12 9 0 0 0 0 0 0 0 0 0 0 0 0 0 0 0 0 0 0 0 0 0 0 16 4 16 6 15 7 15 7 15 8 15 9 15 9 15 10 15 10 15 11 15 11 15 12 16 12 17 13 17 13 18 13 18 13 20 13 21 12 23 13 24 13 26 12 27 13 29 13 31 13 34 13 ]
CSI_DATA,STA,E4:D1:24:F0:BE:00,-57,10,0,0,0,0,0,0,0,0,0,-97,0,5,0,103298964,0,399,0,0,103.691,128,[-113 -15 24 0 23 29 23 28 23 27 23 26 23 25 22 24 21 23 20 23 20 22 19 22 18 21 17 21 16 20 15 19 13 18 12 18 12 18 11 17 10 17 9 16 8 16 7 16 6 16 5 15 4 15 0 0 0 0 0 0 0 0 0 0 0 0 0 0 0 0 0 0 0 0 0 0 14 13 12 14 11 15 10 16 10 16 9 17 9 18 8 18 8 19 7 19 7 19 7 20 7 21 7 21 7 21 8 22 9 22 9 23 10 24 11 25 13 25 15 26 16 27 18 28 19 29 21 30 ]
CSI_DATA,STA,E4:D1:24:F0:BE:00,-58,10,0,0,0,0,0,0,0,0,0,-97,0,5,0,103401366,0,399,0,0,103.794,128,[-113 -15 24 0 35 -12 33 -12 32 -13 31 -12 31 -12 30 -12 29 -12 28 -12 27 -11 26 -10 25 -9 24 -8 23 -7 23 -7 21 -6 21 -5 20 -4 20 -4 19 -3 18 -3 17 -2 17 -1 16 0 15 0 15 1 0 0 0 0 0 0 0 0 0 0 0 0 0 0 0 0 0 0 0 0 0 0 15 -9 16 -7 17 -7 17 -6 17 -5 18 -4 18 -3 19 -3 19 -3 19 -2 19 -2 20 -2 21 -1 21 -1 22 -1 23 -2 23 -2 24 -2 25 -3 26 -3 27 -5 29 -5 29 -7 31 -7 34 -9 34 -11 ]
CSI_DATA,STA,E4:D1:24:F0:BE:00,-58,10,0,0,0,0,0,0,0,0,0,-97,0,5,0,103503768,0,399,0,0,103.896,128,[-113 -15 24 0 -32 8 -30 8 -29 9 -28 8 -27 9 -27 9 -26 8 -25 8 -24 8 -23 7 -23 7 -22 6 -21 6 -20 5 -19 4 -19 4 -18 3 -18 3 -17 2 -17 2 -16 1 -15 1 -14 0 -14 -1 -14 -2 0 0 0 0 0 0 0 0 0 0 0 0 0 0 0 0 0 0 0 0 0 0 -16 6 -16 5 -17 4 -17 3 -17 2 -17 2 -18 1 -18 1 -18 0 -19 0 -19 -1 -19 -1 -20 -2 -20 -1 -20 -2 -22 -2 -22 -1 -23 -1 -23 -1 -24 0 -25 1 -26 2 -27 2 -29 3 -30 4 -31 5 ]
CSI_DATA,STA,E4:D1:24:F0:BE:00,-58,10,0,0,0,0,0,0,0,0,0,-97,0,5,0,103606171,0,399,0,0,103.998,128,[-113 -15 24 0 -35 21 -33 22 -32 21 -31 20 -30 20 -30 19 -28 18 -27 18 -27 17 -26 16 -25 15 -24 14 -23 13 -22 12 -21 10 -21 10 -20 9 -20 9 -19 7 -18 7 -17 6 -17 5 -17 4 -17 4 -17 2 0 0 0 0 0 0 0 0 0 0 0 0 0 0 0 0 0 0 0 0 0 0 -15 10 -15 9 -16 8 -16 7 -17 6 -17 6 -18 6 -18 6 -18 5 -18 5 -19 6 -20 5 -20 6 -21 6 -21 6 -23 7 -23 7 -25 8 -25 9 -26 10 -27 11 -29 12 -30 14 -31 16 -32 17 -34 19 ]
CSI_DATA,STA,E4:D1:24:F0:BE:00,-57,10,0,0,0,0,0,0,0,0,0,-97,0,5,0,103708572,0,399,0,0,104.101,128,[-113 -15 24 0 -2 40 -1 39 -1 38 -1 36 0 35 0 35 0 33 0 32 0 31 -1 30 -1 29 -1 27 -2 27 -2 25 -2 23 -3 23 -3 22 -4 21 -5 20 -4 19 -5 18 -5 17 -6 16 -6 15 -7 14 0 0 0 0 0 0 0 0 0 0 0 0 0 0 0 0 0 0 0 0 0 0 0 17 -1 17 -2 17 -3 17 -4 18 -5 18 -5 18 -5 18 -6 19 -6 19 -7 19 -7 20 -8 21 -8 21 -8 22 -8 23 -8 24 -8 25 -8 26 -7 28 -7 30 -6 31 -6 33 -6 35 -5 37 -5 39 ]
CSI_DATA,STA,E4:D1:24:F0:BE:00,-58,10,0,0,0,0,0,0,0,0,0,-97,0,5,0,103810974,0,399,0,0,104.203,128,[-113 -15 24 0 37 1 36 1 35 0 35 0 34 0 33 0 32 0 30 0 29 0 28 0 27 0 26 1 24 1 23 2 22 2 21 3 20 3 19 3 18 3 17 3 16 4 15 4 14 4 14 4 13 5 0 0 0 0 0 0 0 0 0 0 0 0 0 0 0 0 0 0 0 0 0 0 17 -1 17 0 17 2 17 2 17 3 18 4 17 4 18 5 18 5 18 6 18 6 19 7 19 7 20 7 21 8 21 8 22 7 23 7 24 7 26 7 27 6 29 6 30 6 33 5 34 4 37 4 ]
CSI_DATA,STA,E4:D1:24:F0:BE:00,-57,10,0,0,0,0,0,0,0,0,0,-97,0,5,0,103913376,0,399,0,0,104.306,128,[-113 -15 24 0 35 -17 34 -17 33 -17 32 -16 30 -16 30 -16 29 -15 28 -15 27 -14 26 -14 25 -13 24 -12 23 -11 22 -10 21 -9 21 -8 20 -8 20 -7 19 -6 18 -5 17 -5 17 -4 16 -3 15 -2 15 -1 0 0 0 0 0 0 0 0 0 0 0 0 0 0 0 0 0 0 0 0 0 0 15 -8 16 -6 16 -6 16 -5 17 -4 17 -4 17 -3 18 -3 18 -3 18 -3 19 -3 19 -2 20 -3 21 -2 21 -2 22 -3 23 -3 25 -4 25 -5 26 -6 27 -7 29 -8 30 -10 32 -11 33 -12 35 -14 ]
CSI_DATA,STA,E4:D1:24:F0:BE:00,-58,10,0,0,0,0,0,0,0,0,0,-97,0,5,0,104015778,0,399,0,0,104.408,128,[-113 -15 24 0 -29 24 -27 24 -26 24 -25 23 -24 23 -23 23 -22 22 -22 22 -21 21 -21 20 -20 18 -20 17 -19 17 -18 16 -17 14 -18 14 -17 12 -17 12 -17 11 -16 10 -16 9 -15 8 -15 7 -15 6 -14 5 0 0 0 0 0 0 0 0 0 0 0 0 0 0 0 0 0 0 0 0 0 0 -13 11 -14 9 -15 9 -15 8 -16 8 -16 7 -17 7 -17 7 -17 7 -18 7 -18 6 -19 6 -20 6 -20 7 -20 7 -21 8 -21 8 -22 10 -23 10 -23 12 -24 13 -25 14 -26 16 -27 17 -28 19 -29 21 ]
CSI_DATA,STA,E4:D1:24:F0:BE:00,-57,10,0,0,0,0,0,0,0,0,0,-97,0,5,0,104118180,0,399,0,0,104.51,128,[-113 -15 24 0 -34 22 -33 22 -31 22 -31 22 -29 21 -29 21 -27 20 -27 20 -26 19 -25 19 -25 17 -24 16 -23 16 -23 14 -22 13 -21 12 -21 11 -20 10 -20 9 -19 8 -18 7 -18 6 -18 6 -17 4 -17 3 0 0 0 0 0 0 0 0 0 0 0 0 0 0 0 0 0 0 0 0 0 0 -15 9 -16 8 -16 7 -17 6 -17 6 -18 6 -18 5 -19 5 -19 5 -20 5 -20 4 -20 5 -21 4 -22 5 -23 5 -23 6 -24 6 -25 7 -26 8 -26 9 -28 11 -29 12 -30 14 -31 15 -32 18 -34 19 ]
CSI_DATA,STA,E4:D1:24:F0:BE:00,-57,10,0,0,0,0,0,0,0,0,0,-97,0,5,0,104220582,0,399,0,0,104.613,128,[-113 -15 24 0 -40 0 -39 1 -38 1 -37 2 -36 3 -35 2 -34 2 -33 2 -32 2 -31 1 -30 1 -29 0 -28 0 -26 -1 -25 -1 -24 -2 -23 -3 -22 -3 -21 -3 -20 -4 -19 -4 -18 -5 -17 -5 -16 -6 -15 -6 0 0 0 0 0 0 0 0 0 0 0 0 0 0 0 0 0 0 0 0 0 0 -18 2 -18 0 -18 -1 -18 -2 -19 -3 -19 -3 -19 -3 -20 -4 -20 -4 -20 -6 -20 -6 -21 -6 -22 -7 -22 -7 -24 -7 -24 -7 -25 -7 -26 -7 -27 -7 -29 -6 -30 -5 -32 -4 -33 -4 -36 -4 -37 -3 -40 -2 ]
CSI_DATA,STA,E4:D1:24:F0:BE:00,-57,10,0,0,0,0,0,0,0,0,0,-97,0,5,0,104322984,0,399,0,0,104.715,128,[-113 -15 24 0 18 -33 17 -32 17 -31 15 -30 14 -30 14 -29 13 -28 13 -28 13 -27 13 -25 12 -24 12 -23 12 -22 12 -21 11 -19 12 -18 12 -18 12 -17 12 -16 11 -15 11 -14 11 -13 11 -11 11 -10 11 -9 0 0 0 0 0 0 0 0 0 0 0 0 0 0 0 0 0 0 0 0 0 0 6 -14 7 -13 8 -13 8 -13 9 -13 10 -13 10 -13 11 -13 11 -14 12 -13 12 -13 13 -13 14 -14 14 -14 15 -15 15 -16 15 -16 16 -18 16 -19 17 -20 17 -21 17 -23 18 -25 18 -27 19 -28 19 -31 ]
CSI_DATA,STA,E4:D1:24:F0:BE:00,-58,10,0,0,0,0,0,0,0,0,0,-97,0,5,0,104425385,0,399,0,0,104.818,128,[-113 -15 24 0 -2 38 -2 36 -1 35 -1 33 0 33 0 32 0 30 0 29 0 28 0 27 -1 26 -1 25 -1 24 -2 23 -2 21 -3 21 -3 20 -4 19 -4 18 -4 17 -4 16 -5 15 -5 14 -5 13 -6 13 0 0 0 0 0 0 0 0 0 0 0 0 0 0 0 0 0 0 0 0 0 0 1 16 0 16 -1 16 -2 16 -3 17 -3 17 -4 17 -4 18 -4 18 -5 18 -6 18 -6 19 -7 20 -7 21 -7 21 -7 23 -7 23 -7 25 -7 25 -7 27 -7 28 -6 30 -6 31 -5 33 -5 35 -5 37 ]
CSI_DATA,STA,E4:D1:24:F0:BE:00,-57,10,0,0,0,0,0,0,0,0,0,-97,0,5,0,104527787,0,399,0,0,104.92,128,[-113 -15 24 0 -39 0 -38 1 -36 1 -36 2 -34 2 -33 2 -33 3 -32 2 -30 2 -30 2 -29 2 -28 1 -27 0 -25 0 -24 -1 -23 -1 -22 -1 -22 -3 -20 -3 -20 -3 -19 -4 -18 -4 -16 -4 -15 -5 -15 -6 0 0 0 0 0 0 0 0 0 0 0 0 0 0 0 0 0 0 0 0 0 0 -18 1 -18 0 -18 -1 -18 -2 -19 -3 -19 -3 -19 -4 -19 -5 -20 -5 -20 -5 -20 -6 -21 -6 -21 -7 -22 -7 -23 -8 -23 -7 -24 -8 -25 -7 -26 -7 -27 -7 -29 -6 -31 -5 -32 -4 -33 -4 -35 -3 -38 -2 ]
CSI_DATA,STA,E4:D1:24:F0:BE:00,-59,10,0,0,0,0,0,0,0,0,0,-97,0,5,0,104630189,0,399,0,0,105.022,128,[-113 -15 24 0 3 36 3 35 4 35 4 34 4 33 3 32 4 30 3 30 3 29 2 28 2 26 1 26 1 24 0 23 0 22 -1 21 -1 20 -2 19 -2 18 -3 17 -3 16 -3 15 -3 15 -4 14 -5 13 0 0 0 0 0 0 0 0 0 0 0 0 0 0 0 0 0 0 0 0 0 0 4 16 3 17 2 17 1 17 0 17 -1 18 -1 19 -1 19 -2 19 -2 20 -3 19 -3 21 -4 21 -4 22 -4 23 -5 24 -5 24 -5 25 -5 26 -4 27 -4 28 -3 30 -2 31 -2 32 0 35 0 37 ]
CSI_DATA,STA,E4:D1:24:F0:BE:00,-57,10,0,0,0,0,0,0,0,0,0,-97,0,5,0,104732591,0,399,0,0,105.125,128,[-113 -15 24 0 39 -2 38 -2 38 -3 37 -3 36 -3 35 -3 34 -2 32 -2 31 -3 30 -2 29 -1 27 -1 26 -1 26 0 24 1 23 2 22 2 21 2 19 3 19 3 17 4 17 4 16 4 14 5 13 5 0 0 0 0 0 0 0 0 0 0 0 0 0 0 0 0 0 0 0 0 0 0 16 -3 17 -1 16 0 17 0 17 1 18 2 18 2 18 3 19 4 19 4 19 4 20 4 20 5 21 5 22 5 23 6 23 5 25 5 26 5 27 5 29 4 31 4 33 2 35 2 37 2 39 1 ]
CSI_DATA,STA,E4:D1:24:F0:BE:00,-58,10,0,0,0,0,0,0,0,0,0,-97,0,5,0,104834993,0,399,0,0,105.227,128,[-113 -15 24 0 31 -22 29 -22 27 -22 27 -21 26 -21 25 -20 24 -19 24 -19 23 -19 22 -17 22 -16 21 -15 20 -15 20 -14 19 -12 19 -11 18 -10 18 -10 17 -8 16 -8 16 -7 15 -6 15 -5 14 -4 14 -4 0 0 0 0 0 0 0 0 0 0 0 0 0 0 0 0 0 0 0 0 0 0 11 -12 12 -11 13 -10 13 -10 14 -10 16 -9 16 -8 17 -8 17 -8 17 -8 18 -7 19 -7 20 -7 21 -8 21 -8 22 -8 22 -8 23 -9 24 -10 25 -10 25 -12 26 -13 27 -14 28 -15 29 -17 31 -19 ]
CSI_DATA,STA,E4:D1:24:F0:BE:00,-57,10,0,0,0,0,0,0,0,0,0,-97,0,5,0,104937395,0,399,0,0,105.33,128,[-113 -15 24 0 -34 -8 -33 -7 -32 -7 -31 -6 -30 -5 -30 -5 -29 -5 -28 -4 -27 -5 -26 -5 -25 -5 -24 -5 -23 -5 -22 -5 -20 -5 -20 -6 -18 -6 -18 -6 -17 -6 -15 -6 -15 -7 -14 -7 -13 -7 -12 -7 -11 -7 0 0 0 0 0 0 0 0 0 0 0 0 0 0 0 0 0 0 0 0 0 0 -16 -3 -15 -5 -15 -6 -15 -6 -15 -7 -15 -7 -16 -8 -16 -8 -16 -8 -16 -10 -15 -10 -16 -10 -16 -11 -17 -11 -17 -11 -19 -11 -19 -11 -20 -12 -21 -11 -22 -11 -24 -10 -25 -10 -27 -10 -28 -10 -30 -10 -32 -10 ]
CSI_DATA,STA,E4:D1:24:F0:BE:00,-57,10,0,0,0,0,0,0,0,0,0,-97,0,5,0,105039796,0,399,0,0,105.432,128,[-113 -15 24 0 -21 -32 -21 -31 -20 -29 -20 -28 -20 -27 -20 -27 -19 -25 -18 -25 -18 -24 -17 -24 -17 -23 -15 -22 -14 -21 -13 -21 -12 -20 -11 -20 -10 -19 -9 -18 -8 -18 -7 -17 -6 -17 -6 -16 -5 -15 -4 -15 -3 -15 0 0 0 0 0 0 0 0 0 0 0 0 0 0 0 0 0 0 0 0 0 0 -11 -13 -10 -14 -9 -15 -9 -15 -8 -16 -8 -16 -7 -17 -7 -17 -7 -18 -6 -19 -6 -19 -6 -20 -6 -21 -6 -21 -6 -22 -7 -23 -8 -23 -8 -24 -9 -25 -9 -25 -11 -26 -12 -27 -13 -28 -15 -29 -17 -31 -18 -32 ]
CSI_DATA,STA,E4:D1:24:F0:BE:00,-58,10,0,0,0,0,0,0,0,0,0,-97,0,5,0,105142198,0,399,0,0,105.534,128,[-113 -15 24 0 -22 32 -21 32 -20 31 -19 30 -19 29 -19 29 -17 28 -17 28 -17 26 -16 25 -16 24 -16 23 -15 21 -15 20 -15 19 -14 18 -14 17 -15 16 -14 14 -14 14 -14 12 -13 12 -14 11 -14 9 -14 8 0 0 0 0 0 0 0 0 0 0 0 0 0 0 0 0 0 0 0 0 0 0 -8 16 -9 15 -10 15 -11 14 -12 14 -13 14 -13 14 -14 14 -14 14 -15 14 -15 14 -16 14 -17 15 -18 15 -18 16 -19 16 -20 17 -21 18 -20 19 -21 19 -22 21 -22 23 -22 24 -22 26 -23 29 -24 31 ]
CSI_DATA,STA,E4:D1:24:F0:BE:00,-57,10,0,0,0,0,0,0,0,0,0,-97,0,5,0,105244600,0,399,0,0,105.637,128,[-113 -15 24 0 30 24 29 23 30 22 28 21 28 21 27 20 26 19 25 19 24 18 23 18 23 18 21 17 20 17 19 17 17 16 17 17 15 17 14 16 13 16 12 16 11 15 10 16 9 15 8 15 7 16 0 0 0 0 0 0 0 0 0 0 0 0 0 0 0 0 0 0 0 0 0 0 13 9 12 10 12 11 11 11 11 12 11 13 11 13 11 13 11 14 11 15 11 15 11 16 12 16 12 17 12 17 13 19 14 19 15 19 16 20 17 21 19 21 21 22 22 23 24 24 26 24 28 25 ]
CSI_DATA,STA,E4:D1:24:F0:BE:00,-58,10,0,0,0,0,0,0,0,0,0,-97,0,5,0,105347002,0,399,0,0,105.739,128,[-113 -15 24 0 -25 -30 -26 -29 -25 -27 -25 -26 -25 -26 -24 -25 -23 -24 -23 -23 -21 -23 -21 -22 -20 -22 -18 -21 -17 -20 -15 -20 -15 -19 -13 -18 -12 -19 -11 -18 -10 -17 -9 -17 -8 -16 -7 -15 -6 -15 -5 -14 -4 -14 0 0 0 0 0 0 0 0 0 0 0 0 0 0 0 0 0 0 0 0 0 0 -14 -11 -13 -12 -12 -14 -12 -14 -11 -15 -12 -16 -12 -16 -11 -17 -11 -17 -11 -18 -11 -19 -12 -19 -12 -21 -12 -21 -12 -23 -12 -23 -13 -24 -13 -25 -14 -26 -15 -26 -16 -27 -17 -28 -18 -28 -20 -30 -22 -30 -23 -31 ]
CSI_DATA,STA,E4:D1:24:F0:BE:00,-57,10,0,0,0,0,0,0,0,0,0,-97,0,5,0,105449404,0,399,0,0,105.842,128,[-113 -15 24 0 19 27 20 27 19 25 19 24 19 23 18 23 18 21 17 21 16 20 15 19 15 19 14 18 13 18 12 17 11 16 10 16 9 16 9 15 8 14 7 14 6 13 5 13 5 12 4 12 3 12 0 0 0 0 0 0 0 0 0 0 0 0 0 0 0 0 0 0 0 0 0 0 10 10 9 11 9 12 8 12 8 13 8 13 8 14 8 14 7 15 8 15 7 16 7 17 8 18 8 19 8 20 8 20 8 21 9 22 10 22 11 23 12 24 13 25 14 25 15 27 17 28 18 29 ]
CSI_DATA,STA,E4:D1:24:F0:BE:00,-58,10,0,0,0,0,0,0,0,0,0,-97,0,5,0,105551806,0,399,0,0,105.944,128,[-113 -15 24 0 2 -39 1 -38 1 -36 1 -36 0 -35 0 -34 0 -33 0 -32 0 -31 0 -30 0 -28 1 -27 1 -26 2 -25 2 -23 2 -22 3 -22 3 -20 3 -19 4 -18 4 -17 4 -16 4 -15 5 -14 5 -14 0 0 0 0 0 0 0 0 0 0 0 0 0 0 0 0 0 0 0 0 0 0 -1 -19 0 -18 2 -18 2 -18 3 -18 3 -18 4 -19 5 -20 5 -20 5 -20 6 -20 6 -21 7 -22 8 -23 8 -24 8 -25 8 -25 9 -26 8 -27 9 -28 8 -29 8 -31 7 -32 7 -34 7 -36 7 -38 ]
CSI_DATA,STA,E4:D1:24:F0:BE:00,-58,10,0,0,0,0,0,0,0,0,0,-97,0,5,0,105654208,0,399,0,0,106.046,128,[-113 -15 24 0 -22 -33 -22 -33 -22 -31 -21 -31 -21 -30 -20 -29 -20 -28 -19 -27 -18 -26 -17 -26 -16 -25 -16 -25 -15 -24 -13 -23 -12 -22 -11 -21 -10 -21 -9 -20 -8 -20 -8 -19 -6 -18 -6 -17 -5 -17 -4 -16 -3 -16 0 0 0 0 0 0 0 0 0 0 0 0 0 0 0 0 0 0 0 0 0 0 -13 -14 -11 -15 -11 -16 -10 -16 -9 -17 -9 -18 -9 -18 -9 -19 -9 -20 -8 -20 -8 -20 -7 -22 -7 -23 -8 -24 -8 -25 -8 -25 -9 -26 -8 -27 -9 -28 -10 -28 -12 -29 -13 -30 -13 -30 -15 -32 -17 -34 -19 -36 ]
CSI_DATA,STA,E4:D1:24:F0:BE:00,-58,10,0,0,0,0,0,0,0,0,0,-97,0,5,0,105756609,0,399,0,0,106.149,128,[-113 -15 24 0 -4 -41 -5 -40 -4 -38 -5 -36 -6 -35 -6 -35 -6 -33 -6 -32 -5 -31 -4 -30 -4 -29 -4 -27 -4 -26 -3 -24 -2 -23 -2 -22 -1 -22 -1 -21 0 -20 -1 -19 0 -18 0 -17 1 -16 1 -15 2 -15 0 0 0 0 0 0 0 0 0 0 0 0 0 0 0 0 0 0 0 0 0 0 -5 -17 -4 -18 -3 -18 -2 -19 -2 -19 -1 -19 -1 -20 -1 -21 0 -21 1 -22 1 -22 2 -24 2 -25 3 -26 3 -26 3 -27 3 -28 4 -29 3 -30 3 -31 2 -32 1 -34 1 -35 0 -37 0 -39 -1 -41 ]
CSI_DATA,STA,E4:D1:24:F0:BE:00,-58,10,0,0,0,0,0,0,0,0,0,-97,0,5,0,105859011,0,399,0,0,106.251,128,[-113 -15 24 0 36 -14 35 -15 34 -14 33 -14 31 -14 31 -14 29 -13 28 -13 27 -12 27 -12 26 -11 24 -9 23 -9 22 -8 21 -7 21 -7 20 -6 19 -5 18 -5 17 -4 16 -4 16 -2 15 -2 14 -1 13 -1 0 0 0 0 0 0 0 0 0 0 0 0 0 0 0 0 0 0 0 0 0 0 15 -9 15 -8 16 -8 16 -6 17 -6 18 -6 19 -6 19 -5 20 -5 20 -4 21 -4 22 -3 23 -3 23 -3 24 -3 25 -3 26 -3 27 -4 27 -4 29 -4 29 -6 31 -7 32 -7 33 -8 35 -10 36 -11 ]
CSI_DATA,STA,E4:D1:24:F0:BE:00,-58,10,0,0,0,0,0,0,0,0,0,-97,0,5,0,105961413,0,399,0,0,106.354,128,[-113 -15 24 0 -6 -39 -6 -37 -6 -36 -6 -35 -7 -34 -7 -33 -6 -32 -6 -31 -5 -30 -6 -29 -5 -28 -5 -27 -4 -25 -4 -24 -3 -22 -3 -22 -2 -21 -1 -21 -1 -20 -1 -18 -1 -18 0 -17 0 -16 1 -16 2 -15 0 0 0 0 0 0 0 0 0 0 0 0 0 0 0 0 0 0 0 0 0 0 -5 -16 -4 -16 -3 -17 -3 -17 -2 -18 -2 -18 -2 -18 -1 -19 0 -20 0 -21 0 -21 1 -22 2 -23 2 -24 2 -25 2 -26 2 -27 2 -28 2 -29 2 -30 1 -31 1 -32 1 -33 -1 -35 -1 -36 -1 -39 ]
CSI_DATA,STA,E4:D1:24:F0:BE:00,-58,10,0,0,0,0,0,0,0,0,0,-97,0,5,0,106063815,0,399,0,0,106.456,128,[-113 -15 24 0 12 -30 11 -29 11 -28 10 -27 9 -27 9 -27 9 -26 8 -25 9 -24 8 -23 8 -22 8 -22 8 -20 8 -19 8 -18 8 -17 8 -16 8 -15 8 -14 8 -13 8 -13 8 -11 8 -10 8 -10 8 -9 0 0 0 0 0 0 0 0 0 0 0 0 0 0 0 0 0 0 0 0 0 0 5 -14 6 -13 7 -13 7 -13 8 -13 8 -13 9 -13 9 -13 9 -13 10 -13 10 -13 11 -13 12 -14 12 -14 12 -15 13 -15 12 -16 13 -17 13 -18 13 -18 13 -20 14 -21 13 -22 14 -24 14 -26 14 -28 ]
CSI_DATA,STA,E4:D1:24:F0:BE:00,-58,10,0,0,0,0,0,0,0,0,0,-97,0,5,0,106166217,0,399,0,0,106.558,128,[-113 -15 24 0 29 2 29 2 29 1 29 1 28 1 27 1 27 0 26 1 25 1 24 1 23 2 22 2 21 2 21 3 19 3 19 4 18 4 17 4 16 4 15 5 14 5 14 5 12 6 12 6 11 7 0 0 0 0 0 0 0 0 0 0 0 0 0 0 0 0 0 0 0 0 0 0 13 0 13 1 13 1 13 2 13 3 13 3 13 4 14 4 14 5 14 5 14 6 15 6 16 7 16 7 16 7 17 8 17 7 18 8 19 7 20 7 21 7 23 6 23 6 26 6 27 6 29 5 ]
CSI_DATA,STA,E4:D1:24:F0:BE:00,-58,10,0,0,0,0,0,0,0,0,0,-97,0,5,0,106268619,0,399,0,0,106.661,128,[-113 -15 24 0 -11 29 -10 28 -9 28 -9 27 -8 27 -8 26 -8 25 -8 25 -8 24 -8 23 -8 23 -8 21 -8 20 -8 19 -8 18 -8 18 -9 17 -9 16 -9 15 -9 14 -9 12 -9 11 -9 10 -9 10 -9 9 0 0 0 0 0 0 0 0 0 0 0 0 0 0 0 0 0 0 0 0 0 0 -6 14 -7 13 -8 13 -9 12 -10 12 -10 12 -10 12 -11 12 -12 12 -12 12 -12 12 -13 12 -13 12 -13 12 -14 13 -14 13 -14 14 -14 14 -14 15 -14 17 -14 18 -14 19 -13 21 -13 22 -13 24 -13 26 ]
CSI_DATA,STA,E4:D1:24:F0:BE:00,-58,10,0,0,0,0,0,0,0,0,0,-97,0,5,0,106371020,0,399,0,0,106.763,128,[-113 -15 24 0 -17 -34 -16 -32 -16 -33 -16 -31 -16 -30 -16 -30 -15 -28 -15 -28 -15 -28 -13 -27 -13 -26 -12 -26 -11 -24 -11 -24 -9 -23 -9 -23 -7 -22 -7 -21 -6 -21 -5 -20 -5 -19 -4 -19 -3 -18 -2 -17 0 -17 0 0 0 0 0 0 0 0 0 0 0 0 0 0 0 0 0 0 0 0 0 0 -7 -15 -5 -15 -4 -16 -4 -16 -3 -17 -3 -17 -3 -17 -2 -17 -2 -18 -2 -18 -1 -18 -1 -19 -1 -20 -1 -20 -2 -21 -2 -22 -2 -22 -3 -24 -4 -24 -5 -25 -6 -26 -7 -27 -8 -29 -9 -29 -11 -31 -12 -34 ]
CSI_DATA,STA,E4:D1:24:F0:BE:00,-57,10,0,0,0,0,0,0,0,0,0,-97,0,5,0,106473422,0,399,0,0,106.866,128,[-113 -15 24 0 -20 -34 -20 -32 -21 -31 -20 -30 -21 -29 -20 -29 -19 -27 -19 -27 -18 -26 -18 -26 -17 -25 -16 -24 -15 -23 -14 -23 -13 -21 -12 -22 -11 -21 -10 -21 -9 -21 -8 -20 -7 -19 -6 -18 -5 -18 -4 -18 -2 -17 0 0 0 0 0 0 0 0 0 0 0 0 0 0 0 0 0 0 0 0 0 0 -10 -15 -9 -16 -8 -17 -7 -17 -7 -18 -6 -19 -6 -19 -6 -19 -5 -20 -5 -21 -5 -21 -4 -22 -5 -23 -5 -23 -5 -24 -5 -25 -6 -25 -6 -27 -6 -27 -7 -28 -9 -29 -10 -30 -11 -31 -13 -32 -15 -33 -17 -35 ]
CSI_DATA,STA,E4:D1:24:F0:BE:00,-58,10,0,0,0,0,0,0,0,0,0,-97,0,5,0,106575824,0,399,0,0,106.968,128,[-113 -15 24 0 35 5 35 4 33 4 33 3 32 2 32 2 31 2 30 2 28 1 28 2 27 2 26 2 25 3 23 2 23 3 22 4 21 4 21 4 19 5 18 5 17 6 16 6 15 6 14 7 14 8 0 0 0 0 0 0 0 0 0 0 0 0 0 0 0 0 0 0 0 0 0 0 16 1 16 2 16 3 16 4 16 5 17 6 17 6 17 7 17 7 17 8 17 8 18 9 18 10 19 10 19 10 19 10 20 11 21 11 23 11 24 11 25 10 27 10 28 9 30 9 32 8 34 8 ]
CSI_DATA,STA,E4:D1:24:F0:BE:00,-57,10,0,0,0,0,0,0,0,0,0,-97,0,5,0,106678226,0,399,0,0,107.07,128,[-113 -15 24 0 -26 28 -24 28 -22 28 -22 26 -21 26 -20 26 -19 25 -19 24 -18 24 -17 23 -17 22 -17 21 -17 19 -16 19 -15 17 -15 17 -15 16 -15 15 -15 13 -15 13 -14 11 -14 11 -13 10 -14 9 -14 8 0 0 0 0 0 0 0 0 0 0 0 0 0 0 0 0 0 0 0 0 0 0 -10 14 -12 13 -12 12 -13 12 -14 12 -14 11 -15 11 -16 11 -16 11 -17 11 -17 11 -18 11 -19 12 -19 12 -20 12 -21 13 -22 14 -22 14 -23 15 -23 16 -24 17 -25 19 -25 21 -25 22 -26 25 -26 26 ]
CSI_DATA,STA,E4:D1:24:F0:BE:00,-58,10,0,0,0,0,0,0,0,0,0,-97,0,5,0,106780628,0,399,0,0,107.173,128,[-113 -15 24 0 -36 3 -36 4 -34 5 -34 5 -33 5 -32 4 -31 4 -30 4 -29 4 -28 4 -28 3 -27 3 -26 2 -24 2 -23 1 -22 1 -22 0 -21 -1 -20 -2 -19 -2 -18 -3 -17 -3 -16 -3 -15 -4 -15 -5 0 0 0 0 0 0 0 0 0 0 0 0 0 0 0 0 0 0 0 0 0 0 -17 4 -18 3 -18 2 -18 1 -19 0 -19 -1 -19 -1 -19 -2 -20 -3 -20 -3 -20 -3 -21 -4 -22 -4 -23 -5 -24 -5 -24 -5 -25 -5 -25 -5 -27 -5 -27 -4 -29 -3 -30 -3 -31 -2 -33 -1 -35 0 -36 0 ]
CSI_DATA,STA,E4:D1:24:F0:BE:00,-57,10,0,0,0,0,0,0,0,0,0,-97,0,5,0,106883030,0,399,0,0,107.275,128,[-113 -15 24 0 11 -30 10 -29 9 -28 9 -28 8 -27 8 -26 8 -25 7 -25 7 -24 7 -23 7 -22 7 -21 6 -20 7 -19 7 -18 7 -17 7 -17 7 -15 8 -15 7 -14 7 -13 7 -12 7 -11 7 -11 7 -10 0 0 0 0 0 0 0 0 0 0 0 0 0 0 0 0 0 0 0 0 0 0 3 -13 4 -12 5 -13 5 -13 6 -12 6 -13 7 -12 7 -13 8 -13 9 -13 9 -13 9 -14 10 -14 10 -15 11 -15 11 -17 11 -17 12 -18 12 -19 12 -20 12 -21 13 -22 13 -23 13 -25 13 -27 13 -29 ]
CSI_DATA,STA,E4:D1:24:F0:BE:00,-58,10,0,0,0,0,0,0,0,0,0,-97,0,5,0,106985432,0,399,0,0,107.378,128,[-113 -15 24 0 30 -14 29 -14 28 -14 27 -14 26 -14 25 -13 23 -13 22 -13 22 -13 21 -12 20 -11 19 -10 19 -10 18 -9 17 -8 17 -8 16 -6 16 -7 15 -6 14 -6 14 -5 13 -4 13 -4 13 -3 12 -2 0 0 0 0 0 0 0 0 0 0 0 0 0 0 0 0 0 0 0 0 0 0 11 -9 11 -8 12 -8 13 -7 13 -7 14 -7 15 -7 15 -6 16 -6 16 -6 17 -6 18 -6 19 -5 20 -5 20 -5 21 -6 22 -6 23 -7 24 -6 25 -7 25 -8 27 -8 28 -9 29 -10 30 -10 32 -12 ]
CSI_DATA,STA,E4:D1:24:F0:BE:00,-57,10,0,0,0,0,0,0,0,0,0,-97,0,5,0,107087833,0,399,0,0,107.48,128,[-113 -15 24 0 24 31 23 30 24 29 23 27 22 27 22 26 21 25 20 24 19 23 19 23 18 22 17 21 16 20 15 20 13 19 13 19 11 18 10 18 10 18 9 17 8 16 7 16 6 16 5 15 4 15 0 0 0 0 0 0 0 0 0 0 0 0 0 0 0 0 0 0 0 0 0 0 12 11 11 12 11 14 10 14 10 15 9 16 9 17 9 17 9 18 8 18 9 18 8 20 8 21 8 21 9 22 10 23 10 23 11 25 12 25 13 26 13 27 16 28 17 29 18 31 20 31 21 34 ]
CSI_DATA,STA,E4:D1:24:F0:BE:00,-58,10,0,0,0,0,0,0,0,0,0,-97,0,5,0,107190235,0,399,0,0,107.582,128,[-113 -15 24 0 -3 33 -2 32 -2 31 -2 30 -1 29 -1 28 -1 27 -1 27 -1 26 -1 25 -2 24 -1 23 -2 22 -2 21 -3 19 -3 19 -3 18 -4 18 -4 16 -4 16 -4 15 -4 14 -5 13 -6 13 -6 12 0 0 0 0 0 0 0 0 0 0 0 0 0 0 0 0 0 0 0 0 0 0 0 14 -1 13 -2 14 -2 14 -3 14 -3 14 -4 15 -4 15 -5 15 -5 16 -5 15 -6 16 -6 17 -6 18 -7 18 -7 19 -7 20 -7 21 -7 22 -7 23 -6 25 -6 26 -6 27 -6 29 -5 30 -5 32 ]
CSI_DATA,STA,E4:D1:24:F0:BE:00,-57,10,0,0,0,0,0,0,0,0,0,-97,0,5,0,107292637,0,399,0,0,107.685,128,[-113 -15 24 0 14 -38 13 -37 13 -36 12 -35 11 -33 11 -33 10 -31 10 -31 10 -30 9 -29 9 -27 9 -26 9 -25 9 -24 8 -22 9 -22 10 -21 9 -20 9 -19 9 -18 9 -17 9 -16 9 -15 10 -14 10 -13 0 0 0 0 0 0 0 0 0 0 0 0 0 0 0 0 0 0 0 0 0 0 4 -15 5 -14 6 -14 6 -14 7 -14 8 -14 8 -15 9 -15 9 -15 10 -16 10 -16 11 -16 12 -17 13 -18 13 -18 13 -20 13 -20 14 -22 14 -23 15 -24 15 -25 16 -28 15 -29 15 -31 16 -33 17 -36 ]
CSI_DATA,STA,E4:D1:24:F0:BE:00,-56,10,0,0,0,0,0,0,0,0,0,-97,0,5,0,107395039,0,399,0,0,107.787,128,[-113 -15 24 0 37 -7 35 -7 34 -7 33 -7 32 -8 31 -7 30 -8 28 -7 27 -7 26 -7 26 -6 24 -6 23 -5 22 -5 22 -4 21 -3 20 -3 20 -3 19 -2 18 -1 17 0 17 0 16 0 15 2 15 3 0 0 0 0 0 0 0 0 0 0 0 0 0 0 0 0 0 0 0 0 0 0 14 -7 14 -5 15 -5 15 -4 16 -3 16 -3 17 -2 18 -2 19 -2 19 -1 19 -1 20 0 21 0 22 0 23 0 24 0 25 0 26 0 27 0 28 0 29 -1 31 -2 32 -2 33 -3 36 -4 38 -4 ]
CSI_DATA,STA,E4:D1:24:F0:BE:00,-57,10,0,0,0,0,0,0,0,0,0,-97,0,5,0,107497441,0,399,0,0,107.889,128,[-113 -15 24 0 -19 -35 -18 -33 -18 -33 -18 -31 -17 -31 -17 -30 -17 -29 -16 -28 -15 -28 -15 -27 -14 -26 -13 -25 -12 -24 -11 -24 -10 -22 -9 -22 -8 -22 -7 -21 -7 -20 -6 -20 -5 -19 -4 -18 -3 -17 -2 -17 0 -16 0 0 0 0 0 0 0 0 0 0 0 0 0 0 0 0 0 0 0 0 0 0 -10 -14 -9 -14 -8 -15 -7 -15 -7 -16 -7 -16 -7 -17 -6 -18 -6 -18 -6 -19 -5 -19 -5 -20 -5 -22 -5 -23 -6 -23 -6 -24 -6 -24 -7 -26 -7 -26 -9 -27 -9 -28 -10 -30 -12 -31 -13 -32 -14 -34 -15 -36 ]
CSI_DATA,STA,E4:D1:24:F0:BE:00,-57,10,0,0,0,0,0,0,0,0,0,-97,0,5,0,107599842,0,399,0,0,107.992,128,[-113 -15 24 0 11 34 11 32 11 32 11 30 11 30 11 28 11 28 10 27 9 27 9 26 8 24 7 24 6 22 6 23 4 21 4 21 3 20 2 20 2 19 1 18 1 17 0 17 -1 15 -2 15 -3 14 0 0 0 0 0 0 0 0 0 0 0 0 0 0 0 0 0 0 0 0 0 0 7 12 6 12 5 13 4 13 4 14 4 14 4 16 3 16 3 17 3 17 2 18 2 19 2 19 1 21 2 21 1 22 2 22 2 24 3 24 3 26 4 26 5 27 6 30 7 31 8 32 9 34 ]
CSI_DATA,STA,E4:D1:24:F0:BE:00,-57,10,0,0,0,0,0,0,0,0,0,-97,0,5,0,107804645,0,399,0,0,108.197,128,[-113 -15 24 0 -34 -23 -33 -22 -32 -22 -31 -21 -31 -19 -30 -20 -28 -19 -28 -18 -27 -18 -26 -17 -25 -17 -24 -17 -22 -16 -21 -16 -19 -15 -19 -15 -17 -15 -16 -15 -15 -15 -14 -14 -13 -14 -12 -14 -11 -14 -10 -14 -8 -14 0 0 0 0 0 0 0 0 0 0 0 0 0 0 0 0 0 0 0 0 0 0 -14 -9 -13 -10 -13 -11 -13 -11 -13 -12 -13 -12 -13 -13 -13 -14 -13 -14 -13 -15 -13 -15 -13 -16 -14 -17 -14 -17 -15 -18 -16 -19 -17 -19 -18 -20 -19 -20 -20 -21 -21 -21 -23 -22 -25 -22 -27 -23 -29 -23 -30 -25 ]
CSI_DATA,STA,E4:D1:24:F0:BE:00,-57,10,0,0,0,0,0,0,0,0,0,-97,0,5,0,107907047,0,399,0,0,108.299,128,[-113 -15 24 0 -26 24 -25 23 -24 23 -22 22 -22 22 -21 21 -20 20 -19 20 -19 19 -18 18 -18 17 -17 16 -17 15 -16 14 -15 13 -16 12 -15 11 -15 10 -15 9 -14 9 -14 8 -13 7 -13 6 -12 5 -12 5 0 0 0 0 0 0 0 0 0 0 0 0 0 0 0 0 0 0 0 0 0 0 -9 10 -10 9 -11 9 -11 9 -12 9 -13 9 -13 9 -14 8 -14 9 -15 9 -15 8 -16 9 -17 9 -17 10 -18 9 -19 10 -19 11 -20 12 -21 13 -22 14 -22 15 -23 16 -24 17 -25 19 -25 20 -26 22 ]
CSI_DATA,STA,E4:D1:24:F0:BE:00,-57,10,0,0,0,0,0,0,0,0,0,-97,0,5,0,108009449,0,399,0,0,108.402,128,[-113 -15 24 0 -18 29 -17 29 -16 28 -15 27 -14 26 -14 25 -13 24 -12 24 -12 23 -11 22 -11 21 -11 20 -11 19 -10 18 -10 16 -10 15 -10 15 -11 14 -10 13 -10 12 -10 11 -9 10 -9 9 -9 8 -10 8 0 0 0 0 0 0 0 0 0 0 0 0 0 0 0 0 0 0 0 0 0 0 -4 14 -5 14 -7 14 -7 14 -8 14 -9 14 -10 14 -11 14 -11 15 -12 15 -12 14 -13 15 -14 15 -15 15 -15 16 -16 17 -17 17 -17 18 -18 19 -18 20 -18 21 -19 22 -19 24 -19 25 -19 27 -19 28 ]
CSI_DATA,STA,E4:D1:24:F0:BE:00,-58,10,0,0,0,0,0,0,0,0,0,-97,0,5,0,108111851,0,399,0,0,108.504,128,[-113 -15 24 0 28 -22 27 -22 26 -22 25 -22 24 -21 23 -22 22 -20 21 -20 21 -20 20 -19 19 -18 19 -17 18 -17 18 -15 17 -14 17 -13 17 -13 16 -12 16 -10 15 -10 14 -8 14 -8 13 -7 14 -6 13 -5 0 0 0 0 0 0 0 0 0 0 0 0 0 0 0 0 0 0 0 0 0 0 12 -13 13 -12 14 -11 15 -11 15 -10 16 -10 17 -9 17 -9 18 -8 18 -8 19 -8 20 -8 20 -8 21 -8 22 -7 22 -9 22 -9 24 -9 24 -10 25 -11 25 -12 26 -13 26 -15 27 -16 29 -18 29 -20 ]
CSI_DATA,STA,E4:D1:24:F0:BE:00,-58,10,0,0,0,0,0,0,0,0,0,-97,0,5,0,108214253,0,399,0,0,108.606,128,[-113 -15 24 0 35 11 33 10 34 9 32 9 32 8 30 8 30 8 29 7 28 7 26 8 25 7 24 8 22 7 22 7 20 7 20 8 18 8 18 8 16 8 15 9 14 8 13 9 12 9 11 9 10 9 0 0 0 0 0 0 0 0 0 0 0 0 0 0 0 0 0 0 0 0 0 0 17 2 17 3 17 4 16 5 17 6 16 6 17 8 17 8 17 9 17 10 16 10 17 11 18 12 18 12 18 12 20 13 20 13 21 13 22 13 23 13 24 13 27 13 28 13 30 13 32 13 34 13 ]
CSI_DATA,STA,E4:D1:24:F0:BE:00,-57,10,0,0,0,0,0,0,0,0,0,-97,0,5,0,108316655,0,399,0,0,108.709,128,[-113 -15 24 0 21 30 21 29 21 28 21 27 20 26 20 24 19 23 18 23 17 22 16 22 15 21 15 20 14 19 12 19 12 18 11 17 10 17 9 16 8 16 7 15 6 15 6 14 4 14 3 14 2 13 0 0 0 0 0 0 0 0 0 0 0 0 0 0 0 0 0 0 0 0 0 0 15 10 13 12 13 13 12 14 12 15 11 16 12 16 11 17 10 18 10 18 9 19 9 20 9 21 9 22 10 23 9 24 10 24 10 25 11 26 12 26 14 27 14 28 15 29 17 30 18 32 20 33 ]
CSI_DATA,STA,E4:D1:24:F0:BE:00,-58,10,0,0,0,0,0,0,0,0,0,-97,0,5,0,108364490,0,125,0,0,108.756,128,[125 -48 7 0 35 -4 34 -4 33 -5 32 -5 32 -5 30 -5 29 -5 28 -5 27 -5 26 -5 25 -4 24 -4 23 -3 22 -3 20 -2 20 -1 19 -1 18 -1 17 -1 16 0 16 0 15 1 14 1 13 1 13 3 0 0 0 0 0 0 0 0 0 0 0 0 0 0 0 0 0 0 0 0 0 0 17 -6 17 -5 18 -4 18 -3 19 -2 19 -1 20 -1 20 0 21 0 21 1 21 2 22 2 23 3 24 3 24 4 25 4 26 4 26 4 28 4 28 3 29 2 31 2 31 2 33 1 35 0 38 -1 ]
CSI_DATA,STA,E4:D1:24:F0:BE:00,-58,10,0,0,0,0,0,0,0,0,0,-97,0,5,0,108419056,0,399,0,0,108.811,128,[-113 -15 24 0 6 -32 5 -31 5 -30 5 -29 3 -29 3 -28 3 -26 3 -26 3 -26 3 -25 2 -24 3 -23 3 -21 3 -21 3 -19 3 -19 4 -18 4 -18 5 -17 4 -16 5 -15 5 -14 5 -13 6 -12 6 -12 0 0 0 0 0 0 0 0 0 0 0 0 0 0 0 0 0 0 0 0 0 0 1 -16 2 -16 3 -16 4 -16 5 -16 5 -16 6 -16 7 -17 7 -16 8 -17 8 -17 9 -17 9 -17 10 -18 10 -18 10 -19 11 -20 10 -20 11 -21 11 -22 10 -23 10 -25 10 -26 9 -27 9 -29 9 -31 ]
CSI_DATA,STA,E4:D1:24:F0:BE:00,-57,10,0,0,0,0,0,0,0,0,0,-97,0,5,0,108521458,0,399,0,0,108.914,128,[-113 -15 24 0 31 19 31 17 30 17 30 16 29 16 28 16 28 15 27 15 26 15 25 13 24 14 23 14 22 14 20 13 19 13 18 14 17 13 16 13 15 14 14 14 12 13 11 13 10 13 9 13 8 13 0 0 0 0 0 0 0 0 0 0 0 0 0 0 0 0 0 0 0 0 0 0 16 7 15 8 15 9 14 10 14 11 14 12 14 12 14 13 14 14 13 14 13 15 13 16 14 16 14 17 14 17 15 18 16 18 17 19 18 19 19 19 20 19 22 20 23 20 25 20 27 21 29 22 ]
CSI_DATA,STA,E4:D1:24:F0:BE:00,-58,10,0,0,0,0,0,0,0,0,0,-97,0,5,0,108623860,0,399,0,0,109.016,128,[-113 -15 24 0 11 -36 10 -34 10 -34 9 -32 8 -32 7 -32 7 -30 7 -30 7 -29 7 -28 7 -27 7 -26 7 -24 8 -24 7 -21 8 -21 8 -19 9 -19 8 -18 9 -16 9 -15 9 -15 9 -13 9 -12 10 -11 0 0 0 0 0 0 0 0 0 0 0 0 0 0 0 0 0 0 0 0 0 0 4 -18 5 -17 6 -18 7 -17 8 -17 8 -17 9 -17 10 -17 10 -17 11 -17 11 -17 12 -17 12 -18 13 -18 13 -18 14 -20 13 -20 14 -22 14 -22 14 -23 14 -25 14 -26 14 -28 14 -30 14 -32 14 -34 ]
CSI_DATA,STA,E4:D1:24:F0:BE:00,-58,10,0,0,0,0,0,0,0,0,0,-97,0,5,0,108726262,0,399,0,0,109.118,128,[-113 -15 24 0 18 33 19 32 18 30 18 30 19 29 18 28 18 27 16 26 16 26 15 25 14 24 13 24 12 23 11 22 10 22 9 21 8 21 6 20 5 19 5 19 4 18 3 17 2 17 1 16 0 15 0 0 0 0 0 0 0 0 0 0 0 0 0 0 0 0 0 0 0 0 0 0 10 15 9 16 8 17 7 17 6 17 6 18 5 18 5 19 4 19 4 19 4 19 4 20 4 21 4 22 4 22 5 23 5 23 5 24 6 25 7 26 8 26 9 28 11 28 14 30 15 31 17 33 ]
CSI_DATA,STA,E4:D1:24:F0:BE:00,-59,10,0,0,0,0,0,0,0,0,0,-97,0,5,0,108828664,0,399,0,0,109.221,128,[-113 -15 24 0 -17 -29 -18 -28 -17 -27 -17 -27 -17 -26 -17 -25 -16 -24 -16 -24 -14 -23 -14 -22 -13 -22 -13 -21 -12 -21 -11 -19 -10 -19 -9 -18 -8 -18 -7 -17 -7 -16 -6 -16 -5 -15 -5 -14 -4 -14 -3 -14 -2 -13 0 0 0 0 0 0 0 0 0 0 0 0 0 0 0 0 0 0 0 0 0 0 -8 -14 -8 -15 -6 -15 -6 -16 -5 -15 -5 -16 -5 -16 -4 -17 -4 -17 -4 -17 -4 -17 -3 -18 -3 -19 -4 -20 -4 -20 -4 -21 -4 -21 -5 -22 -6 -23 -7 -23 -8 -23 -9 -25 -10 -25 -11 -26 -13 -28 -14 -30 ]
CSI_DATA,STA,E4:D1:24:F0:BE:00,-58,10,0,0,0,0,0,0,0,0,0,-97,0,5,0,108931066,0,399,0,0,109.323,128,[-113 -15 24 0 8 30 9 30 9 28 9 27 9 26 9 26 9 25 9 24 8 23 7 23 7 22 6 20 6 20 5 19 4 18 4 18 3 17 2 17 2 15 1 15 1 14 0 13 0 13 -1 12 -2 12 0 0 0 0 0 0 0 0 0 0 0 0 0 0 0 0 0 0 0 0 0 0 5 14 4 14 3 14 3 15 2 15 2 16 1 17 0 17 0 17 -1 17 -1 17 -1 18 -2 19 -2 19 -2 19 -2 20 -2 21 -1 22 -1 22 0 23 1 23 2 25 2 26 3 27 4 29 5 30 ]
CSI_DATA,STA,E4:D1:24:F0:BE:00,-57,10,0,0,0,0,0,0,0,0,0,-97,0,5,0,109033468,0,399,0,0,109.426,128,[-113 -15 24 0 36 -16 34 -16 33 -16 32 -16 31 -16 30 -16 29 -15 28 -15 27 -14 26 -14 25 -13 24 -12 23 -11 23 -10 21 -9 21 -8 20 -7 19 -7 18 -6 18 -5 17 -4 16 -3 15 -3 15 -2 14 -1 0 0 0 0 0 0 0 0 0 0 0 0 0 0 0 0 0 0 0 0 0 0 15 -9 16 -8 17 -7 17 -6 18 -5 19 -5 19 -4 20 -4 21 -3 20 -3 21 -3 22 -2 22 -2 24 -2 24 -2 25 -2 25 -3 27 -3 27 -4 29 -4 29 -6 30 -7 31 -8 33 -9 35 -11 36 -13 ]
CSI_DATA,STA,E4:D1:24:F0:BE:00,-57,10,0,0,0,0,0,0,0,0,0,-97,0,5,0,109135869,0,399,0,0,109.528,128,[-113 -15 24 0 31 -24 29 -24 29 -24 27 -24 26 -24 26 -23 25 -23 24 -22 23 -22 22 -21 22 -19 21 -18 21 -17 20 -16 19 -14 19 -13 18 -13 18 -12 17 -10 16 -10 16 -8 15 -7 14 -7 14 -6 14 -4 0 0 0 0 0 0 0 0 0 0 0 0 0 0 0 0 0 0 0 0 0 0 14 -13 15 -12 16 -11 17 -10 17 -10 18 -9 19 -8 19 -8 20 -8 21 -7 20 -7 22 -7 22 -7 23 -7 23 -7 24 -8 24 -8 26 -9 25 -10 27 -11 27 -12 28 -14 29 -16 30 -17 31 -19 32 -22 ]
CSI_DATA,STA,E4:D1:24:F0:BE:00,-57,10,0,0,0,0,0,0,0,0,0,-97,0,5,0,109238271,0,399,0,0,109.63,128,[-113 -15 24 0 -42 1 -41 1 -38 1 -39 2 -37 3 -36 3 -34 3 -33 2 -32 2 -31 2 -30 1 -29 0 -27 0 -25 0 -24 -1 -23 -2 -23 -2 -21 -2 -20 -3 -19 -3 -18 -4 -17 -4 -15 -5 -15 -5 -15 -6 0 0 0 0 0 0 0 0 0 0 0 0 0 0 0 0 0 0 0 0 0 0 -18 2 -19 1 -19 -1 -19 -1 -19 -2 -20 -2 -20 -3 -21 -3 -21 -4 -21 -4 -22 -5 -23 -6 -23 -6 -24 -7 -25 -6 -25 -7 -27 -7 -27 -7 -29 -6 -29 -5 -32 -5 -33 -5 -34 -3 -36 -3 -39 -2 -41 -1 ]
CSI_DATA,STA,E4:D1:24:F0:BE:00,-57,10,0,0,0,0,0,0,0,0,0,-97,0,5,0,109340673,0,399,0,0,109.733,128,[-113 -15 24 0 -36 16 -35 16 -33 16 -33 15 -32 15 -32 15 -30 14 -29 13 -29 13 -27 12 -27 11 -26 10 -26 9 -24 8 -23 7 -23 6 -22 6 -21 4 -20 3 -20 2 -19 1 -18 1 -17 0 -16 0 -16 -1 0 0 0 0 0 0 0 0 0 0 0 0 0 0 0 0 0 0 0 0 0 0 -16 8 -17 6 -17 5 -18 5 -18 4 -19 4 -19 3 -19 3 -20 2 -20 2 -20 2 -21 2 -22 1 -23 2 -24 2 -24 2 -25 3 -26 3 -27 4 -28 4 -29 6 -30 7 -31 9 -32 9 -34 11 -36 13 ]
CSI_DATA,STA,E4:D1:24:F0:BE:00,-58,10,0,0,0,0,0,0,0,0,0,-97,0,5,0,109443075,0,399,0,0,109.835,128,[-113 -15 24 0 -5 32 -4 31 -3 30 -3 29 -2 29 -2 28 -2 27 -2 27 -2 26 -2 25 -2 24 -3 23 -3 22 -4 21 -4 20 -4 19 -5 19 -5 18 -5 16 -6 15 -6 14 -6 13 -6 12 -7 12 -7 10 0 0 0 0 0 0 0 0 0 0 0 0 0 0 0 0 0 0 0 0 0 0 -3 14 -4 13 -5 14 -6 13 -6 13 -7 13 -7 14 -8 14 -8 14 -9 14 -9 14 -9 14 -9 15 -10 15 -10 15 -10 16 -10 17 -10 18 -10 19 -10 20 -9 21 -9 22 -8 24 -7 26 -7 27 -6 30 ]
CSI_DATA,STA,E4:D1:24:F0:BE:00,-57,10,0,0,0,0,0,0,0,0,0,-97,0,5,0,109545477,0,399,0,0,109.938,128,[-113 -15 24 0 -39 8 -38 9 -37 9 -36 9 -34 9 -34 9 -32 9 -31 8 -30 8 -29 7 -28 6 -28 6 -26 5 -25 5 -23 4 -23 3 -22 2 -22 2 -20 1 -20 1 -19 0 -18 -1 -17 -1 -16 -2 -16 -3 0 0 0 0 0 0 0 0 0 0 0 0 0 0 0 0 0 0 0 0 0 0 -18 4 -18 3 -18 2 -19 1 -19 0 -20 0 -20 -1 -21 -1 -21 -1 -21 -2 -21 -3 -22 -3 -23 -3 -23 -3 -24 -3 -26 -3 -26 -2 -27 -3 -28 -2 -29 -1 -31 0 -32 1 -34 1 -36 2 -37 3 -39 5 ]
CSI_DATA,STA,E4:D1:24:F0:BE:00,-58,10,0,0,0,0,0,0,0,0,0,-97,0,5,0,109647878,0,399,0,0,110.04,128,[-113 -15 24 0 33 15 31 14 31 13 30 13 29 12 29 11 28 11 27 10 26 10 24 10 23 10 22 10 21 10 20 10 19 9 18 10 17 9 16 9 15 9 14 9 13 9 12 9 11 9 10 9 9 9 0 0 0 0 0 0 0 0 0 0 0 0 0 0 0 0 0 0 0 0 0 0 16 5 15 6 15 7 14 8 15 9 14 9 15 10 15 11 15 12 14 13 14 13 15 14 15 14 15 15 16 15 16 15 17 15 19 16 19 15 21 16 22 16 24 17 25 17 26 17 28 18 30 18 ]
CSI_DATA,STA,E4:D1:24:F0:BE:00,-58,10,0,0,0,0,0,0,0,0,0,-97,0,5,0,109750279,0,399,0,0,110.142,128,[-113 -15 24 0 31 -19 31 -20 30 -18 29 -19 27 -18 27 -18 26 -17 25 -17 24 -16 23 -15 23 -14 22 -13 20 -13 20 -12 19 -11 18 -9 18 -9 17 -8 16 -7 15 -6 14 -5 14 -5 13 -4 13 -4 13 -3 0 0 0 0 0 0 0 0 0 0 0 0 0 0 0 0 0 0 0 0 0 0 13 -9 13 -7 14 -7 14 -6 15 -6 15 -6 16 -6 16 -6 17 -6 17 -5 17 -5 18 -5 20 -5 20 -5 21 -5 21 -7 22 -6 23 -7 24 -8 25 -9 26 -10 27 -11 28 -12 30 -13 31 -15 33 -16 ]
CSI_DATA,STA,E4:D1:24:F0:BE:00,-57,10,0,0,0,0,0,0,0,0,0,-97,0,5,0,109852681,0,399,0,0,110.245,128,[-113 -15 24 0 -18 -38 -18 -36 -18 -36 -17 -34 -17 -33 -16 -32 -16 -31 -16 -30 -15 -30 -14 -28 -14 -27 -13 -26 -12 -25 -12 -24 -10 -23 -9 -23 -8 -22 -7 -21 -7 -21 -5 -20 -5 -19 -4 -19 -3 -17 -2 -17 -1 -16 0 0 0 0 0 0 0 0 0 0 0 0 0 0 0 0 0 0 0 0 0 0 -11 -15 -9 -16 -9 -17 -8 -18 -8 -19 -7 -19 -6 -20 -6 -21 -6 -22 -5 -22 -4 -23 -4 -24 -4 -25 -4 -25 -4 -26 -5 -28 -5 -28 -6 -29 -6 -30 -7 -31 -8 -32 -9 -34 -9 -35 -11 -37 -12 -38 -14 -40 ]
CSI_DATA,STA,E4:D1:24:F0:BE:00,-58,10,0,0,0,0,0,0,0,0,0,-97,0,5,0,109955083,0,399,0,0,110.347,128,[-113 -15 24 0 -27 25 -26 25 -25 24 -24 23 -23 24 -22 23 -21 22 -21 22 -20 21 -19 20 -19 19 -19 18 -18 17 -18 16 -17 15 -17 14 -17 13 -17 12 -16 11 -16 11 -15 9 -15 8 -15 7 -15 6 -14 5 0 0 0 0 0 0 0 0 0 0 0 0 0 0 0 0 0 0 0 0 0 0 -11 11 -12 10 -13 9 -13 9 -14 9 -14 9 -15 9 -16 9 -16 9 -16 9 -17 9 -18 9 -18 9 -20 9 -20 9 -21 10 -22 11 -22 12 -22 13 -23 13 -24 15 -25 16 -26 17 -27 19 -27 21 -28 22 ]
CSI_DATA,STA,E4:D1:24:F0:BE:00,-57,10,0,0,0,0,0,0,0,0,0,-97,0,5,0,110159887,0,399,0,0,110.552,128,[-113 -15 24 0 11 38 11 36 11 36 11 35 11 34 11 33 11 31 10 31 10 30 9 30 9 28 8 27 7 26 6 26 5 24 4 24 3 23 3 22 2 21 1 21 0 19 -1 18 -2 18 -3 17 -3 16 0 0 0 0 0 0 0 0 0 0 0 0 0 0 0 0 0 0 0 0 0 0 5 16 4 16 3 17 2 17 2 17 1 18 1 19 1 19 0 19 0 19 -1 20 -1 21 -1 22 -1 23 -1 23 -1 24 -1 25 0 27 0 27 1 29 2 30 3 31 3 33 4 34 5 36 7 38 ]
CSI_DATA,STA,E4:D1:24:F0:BE:00,-57,10,0,0,0,0,0,0,0,0,0,-97,0,5,0,110262289,0,399,0,0,110.654,128,[-113 -15 24 0 -4 38 -3 37 -3 36 -2 35 -2 33 -2 33 -1 32 -2 31 -2 30 -2 29 -2 27 -2 26 -3 25 -3 24 -3 22 -4 22 -4 21 -5 20 -5 19 -5 18 -5 17 -6 16 -6 15 -6 14 -7 14 0 0 0 0 0 0 0 0 0 0 0 0 0 0 0 0 0 0 0 0 0 0 -1 15 -2 15 -3 15 -4 15 -4 16 -5 16 -5 17 -5 17 -6 17 -6 17 -7 18 -7 19 -8 19 -8 20 -9 21 -9 22 -9 23 -9 24 -8 24 -9 26 -8 28 -8 29 -7 31 -7 32 -6 34 -6 37 ]
CSI_DATA,STA,E4:D1:24:F0:BE:00,-58,10,0,0,0,0,0,0,0,0,0,-97,0,5,0,110364691,0,399,0,0,110.757,128,[-113 -15 24 0 14 -38 13 -38 12 -36 12 -35 11 -35 11 -34 10 -32 10 -32 10 -31 10 -30 10 -28 9 -27 9 -25 9 -23 9 -22 9 -21 9 -20 9 -19 9 -18 9 -17 9 -16 8 -14 8 -14 9 -13 9 -12 0 0 0 0 0 0 0 0 0 0 0 0 0 0 0 0 0 0 0 0 0 0 5 -16 6 -16 7 -15 8 -15 8 -15 9 -15 10 -15 10 -16 11 -15 10 -16 11 -16 12 -17 13 -18 13 -18 14 -19 14 -20 14 -21 15 -22 15 -24 15 -24 15 -26 16 -28 15 -29 16 -32 16 -34 17 -37 ]
CSI_DATA,STA,E4:D1:24:F0:BE:00,-58,10,0,0,0,0,0,0,0,0,0,-97,0,5,0,110467092,0,399,0,0,110.859,128,[-113 -15 24 0 -12 -37 -12 -36 -12 -35 -12 -34 -12 -33 -12 -33 -11 -31 -11 -31 -10 -30 -10 -29 -9 -27 -8 -27 -7 -26 -6 -24 -5 -23 -4 -23 -4 -22 -3 -21 -2 -20 -2 -19 -1 -18 -1 -17 0 -16 1 -16 1 -15 0 0 0 0 0 0 0 0 0 0 0 0 0 0 0 0 0 0 0 0 0 0 -6 -15 -5 -16 -4 -16 -4 -16 -3 -16 -2 -17 -2 -17 -2 -18 -2 -18 -1 -18 -1 -18 -1 -19 -1 -21 -2 -21 -1 -22 -2 -23 -3 -24 -3 -25 -3 -26 -4 -26 -5 -28 -6 -30 -7 -31 -8 -32 -9 -35 -11 -37 ]
CSI_DATA,STA,E4:D1:24:F0:BE:00,-58,10,0,0,0,0,0,0,0,0,0,-97,0,5,0,110569494,0,399,0,0,110.962,128,[-113 -15 24 0 -24 -29 -24 -28 -23 -26 -23 -26 -24 -25 -22 -25 -22 -24 -21 -23 -20 -23 -20 -22 -19 -22 -18 -22 -17 -21 -16 -20 -14 -20 -13 -20 -13 -20 -11 -19 -10 -19 -10 -18 -8 -18 -8 -17 -7 -16 -5 -16 -4 -16 0 0 0 0 0 0 0 0 0 0 0 0 0 0 0 0 0 0 0 0 0 0 -11 -13 -9 -14 -9 -15 -8 -15 -7 -16 -7 -16 -7 -17 -7 -17 -6 -17 -7 -18 -6 -18 -6 -18 -6 -19 -6 -20 -7 -21 -8 -21 -8 -21 -8 -22 -10 -23 -10 -23 -12 -24 -13 -25 -15 -25 -17 -26 -19 -28 -21 -29 ]
CSI_DATA,STA,E4:D1:24:F0:BE:00,-58,10,0,0,0,0,0,0,0,0,0,-97,0,5,0,110671896,0,399,0,0,111.064,128,[-113 -15 24 0 22 -33 20 -32 20 -32 19 -31 18 -30 18 -30 18 -29 17 -28 17 -27 16 -26 16 -25 16 -24 16 -22 15 -21 15 -19 15 -18 15 -17 15 -16 14 -15 14 -14 14 -13 13 -12 14 -11 14 -10 13 -9 0 0 0 0 0 0 0 0 0 0 0 0 0 0 0 0 0 0 0 0 0 0 9 -16 10 -15 11 -14 12 -13 13 -13 13 -13 14 -12 14 -13 15 -13 15 -12 15 -12 16 -13 17 -14 18 -13 18 -14 18 -15 19 -16 19 -16 20 -17 20 -18 20 -20 22 -22 21 -23 21 -25 22 -28 23 -30 ]
CSI_DATA,STA,E4:D1:24:F0:BE:00,-57,10,0,0,0,0,0,0,0,0,0,-97,0,5,0,110774298,0,399,0,0,111.166,128,[-113 -15 24 0 -10 -38 -9 -36 -10 -36 -10 -34 -10 -34 -10 -33 -9 -32 -9 -32 -9 -31 -8 -30 -8 -28 -7 -28 -6 -27 -5 -26 -4 -24 -4 -24 -3 -23 -1 -22 -1 -21 0 -20 0 -19 1 -18 1 -17 2 -16 3 -16 0 0 0 0 0 0 0 0 0 0 0 0 0 0 0 0 0 0 0 0 0 0 -4 -18 -2 -18 -1 -18 -1 -18 0 -19 0 -18 1 -19 1 -19 2 -19 2 -20 2 -19 2 -21 3 -21 3 -22 3 -23 2 -24 2 -24 2 -25 1 -26 0 -27 0 -28 -1 -30 -2 -31 -4 -33 -5 -35 -6 -38 ]
CSI_DATA,STA,E4:D1:24:F0:BE:00,-57,10,0,0,0,0,0,0,0,0,0,-97,0,5,0,110876700,0,399,0,0,111.269,128,[-113 -15 24 0 38 9 37 8 36 8 35 7 34 7 33 6 32 6 31 6 30 6 29 6 28 6 27 6 25 6 24 6 23 6 22 7 21 7 20 7 19 7 18 8 17 8 16 8 15 8 14 9 13 9 0 0 0 0 0 0 0 0 0 0 0 0 0 0 0 0 0 0 0 0 0 0 17 2 17 3 17 4 17 5 17 6 17 7 17 8 18 8 18 9 17 10 18 10 18 11 19 11 20 12 20 12 21 12 22 12 23 12 24 12 25 13 27 12 29 13 30 13 33 12 35 12 37 13 ]
CSI_DATA,STA,E4:D1:24:F0:BE:00,-58,10,0,0,0,0,0,0,0,0,0,-97,0,5,0,110979102,0,399,0,0,111.371,128,[-113 -15 24 0 4 38 5 38 5 36 5 36 5 35 5 34 5 32 4 32 4 31 3 29 3 29 2 28 1 26 1 25 0 24 -1 23 -1 22 -2 21 -2 20 -3 19 -3 18 -3 16 -4 15 -5 15 -6 14 0 0 0 0 0 0 0 0 0 0 0 0 0 0 0 0 0 0 0 0 0 0 1 16 0 16 -1 16 -2 16 -3 17 -3 17 -3 17 -4 18 -4 18 -4 18 -5 18 -5 19 -6 20 -6 21 -6 22 -6 23 -6 24 -6 24 -5 26 -4 26 -3 28 -3 29 -2 31 -1 33 0 35 0 37 ]
CSI_DATA,STA,E4:D1:24:F0:BE:00,-57,10,0,0,0,0,0,0,0,0,0,-97,0,5,0,111081504,0,399,0,0,111.474,128,[-113 -15 24 0 -12 40 -10 38 -10 38 -9 35 -8 35 -8 34 -8 33 -7 32 -8 31 -8 30 -8 29 -8 27 -8 26 -8 25 -8 23 -9 22 -9 22 -9 20 -9 19 -9 18 -9 17 -10 16 -10 14 -11 14 -10 13 0 0 0 0 0 0 0 0 0 0 0 0 0 0 0 0 0 0 0 0 0 0 -5 15 -6 15 -7 16 -8 15 -9 15 -9 15 -9 16 -10 16 -10 17 -11 16 -12 16 -12 17 -13 18 -14 18 -14 19 -14 20 -14 20 -15 22 -14 23 -14 25 -14 26 -13 28 -14 30 -14 31 -14 34 -14 36 ]
CSI_DATA,STA,E4:D1:24:F0:BE:00,-57,10,0,0,0,0,0,0,0,0,0,-97,0,5,0,111183905,0,399,0,0,111.576,128,[-113 -15 24 0 -26 -29 -25 -27 -24 -26 -24 -26 -24 -25 -24 -24 -23 -23 -23 -23 -21 -22 -20 -21 -20 -21 -19 -20 -19 -20 -17 -19 -15 -19 -15 -19 -14 -18 -13 -18 -12 -17 -11 -17 -10 -17 -9 -16 -8 -15 -7 -16 -5 -16 0 0 0 0 0 0 0 0 0 0 0 0 0 0 0 0 0 0 0 0 0 0 -12 -13 -11 -14 -11 -15 -10 -16 -10 -16 -10 -17 -10 -17 -10 -18 -9 -18 -9 -19 -8 -19 -8 -20 -8 -21 -8 -22 -9 -23 -9 -23 -10 -24 -10 -25 -11 -25 -12 -25 -14 -26 -15 -27 -17 -27 -18 -29 -20 -30 -22 -31 ]
CSI_DATA,STA,E4:D1:24:F0:BE:00,-58,10,0,0,0,0,0,0,0,0,0,-97,0,5,0,111286307,0,399,0,0,111.678,128,[-113 -15 24 0 -38 -1 -37 -1 -36 1 -35 0 -34 1 -34 0 -33 1 -32 1 -31 0 -29 0 -29 0 -28 -1 -27 -2 -25 -2 -24 -2 -23 -3 -22 -3 -21 -4 -20 -5 -19 -5 -19 -5 -18 -5 -16 -6 -16 -6 -15 -7 0 0 0 0 0 0 0 0 0 0 0 0 0 0 0 0 0 0 0 0 0 0 -19 3 -19 1 -20 0 -20 -2 -20 -3 -20 -3 -20 -4 -21 -4 -21 -5 -21 -6 -21 -5 -22 -7 -22 -7 -23 -8 -24 -8 -24 -8 -25 -8 -26 -8 -27 -8 -27 -8 -29 -7 -30 -7 -31 -7 -33 -6 -35 -4 -37 -3 ]
CSI_DATA,STA,E4:D1:24:F0:BE:00,-57,10,0,0,0,0,0,0,0,0,0,-97,0,5,0,111388709,0,399,0,0,111.781,128,[-113 -15 24 0 -31 13 -30 13 -28 14 -27 13 -26 13 -26 12 -25 12 -24 12 -23 11 -23 11 -22 10 -21 10 -20 9 -19 9 -19 7 -18 6 -18 6 -17 5 -17 4 -16 4 -15 3 -15 3 -14 2 -14 1 -13 1 0 0 0 0 0 0 0 0 0 0 0 0 0 0 0 0 0 0 0 0 0 0 -14 7 -15 6 -15 6 -15 5 -15 5 -16 4 -17 4 -17 4 -18 4 -18 3 -18 3 -19 3 -20 3 -21 3 -22 3 -22 3 -23 4 -24 4 -25 4 -25 4 -26 6 -27 6 -28 7 -29 8 -31 10 -31 11 ]
CSI_DATA,STA,E4:D1:24:F0:BE:00,-59,10,0,0,0,0,0,0,0,0,0,-97,0,5,0,111491111,0,399,0,0,111.883,128,[-113 -15 24 0 -34 13 -33 13 -31 13 -30 13 -29 13 -28 13 -27 12 -26 12 -26 12 -25 11 -24 10 -23 9 -23 9 -21 8 -21 7 -20 7 -19 6 -18 5 -18 5 -17 4 -16 3 -15 3 -15 2 -15 2 -15 1 0 0 0 0 0 0 0 0 0 0 0 0 0 0 0 0 0 0 0 0 0 0 -16 8 -17 7 -17 6 -18 5 -18 4 -19 4 -19 4 -19 3 -20 3 -21 2 -21 2 -22 2 -23 1 -23 1 -25 2 -25 2 -26 2 -26 2 -27 2 -28 3 -28 4 -30 5 -31 5 -32 7 -33 8 -34 9 ]
CSI_DATA,STA,E4:D1:24:F0:BE:00,-58,10,0,0,0,0,0,0,0,0,0,-97,0,5,0,111593514,0,399,0,0,111.986,128,[-113 -15 24 0 32 23 31 22 30 20 30 20 29 19 28 19 27 18 26 17 25 16 25 16 24 16 22 16 21 15 20 15 18 14 17 14 16 14 15 14 14 14 13 14 12 13 12 13 10 13 9 13 8 14 0 0 0 0 0 0 0 0 0 0 0 0 0 0 0 0 0 0 0 0 0 0 14 9 13 10 12 11 12 12 12 12 12 13 11 13 12 14 12 14 12 15 12 15 13 16 13 17 13 18 14 19 15 19 15 20 16 20 17 21 19 21 20 22 21 22 23 22 25 23 27 24 30 25 ]
CSI_DATA,STA,E4:D1:24:F0:BE:00,-58,10,0,0,0,0,0,0,0,0,0,-97,0,5,0,111695916,0,399,0,0,112.088,128,[-113 -15 24 0 -39 -5 -38 -5 -37 -4 -36 -4 -35 -3 -34 -3 -33 -4 -32 -4 -31 -3 -30 -3 -29 -4 -28 -4 -26 -4 -25 -4 -24 -5 -23 -5 -22 -6 -21 -6 -20 -6 -19 -6 -18 -7 -17 -7 -16 -7 -15 -8 -15 -8 0 0 0 0 0 0 0 0 0 0 0 0 0 0 0 0 0 0 0 0 0 0 -18 -2 -18 -3 -17 -4 -17 -5 -17 -5 -18 -6 -18 -6 -18 -6 -18 -7 -19 -7 -19 -7 -20 -8 -20 -9 -21 -9 -21 -10 -23 -10 -24 -10 -24 -10 -26 -10 -26 -10 -28 -9 -29 -9 -31 -8 -33 -8 -35 -8 -37 -8 ]
CSI_DATA,STA,E4:D1:24:F0:BE:00,-58,10,0,0,0,0,0,0,0,0,0,-97,0,5,0,111798317,0,399,0,0,112.191,128,[-113 -15 24 0 6 -32 6 -31 6 -30 5 -29 4 -29 4 -28 4 -27 3 -26 4 -26 4 -25 4 -24 4 -23 4 -22 5 -21 4 -20 5 -19 5 -18 5 -18 6 -17 5 -16 6 -15 6 -14 6 -13 7 -13 7 -12 0 0 0 0 0 0 0 0 0 0 0 0 0 0 0 0 0 0 0 0 0 0 2 -15 2 -15 3 -15 4 -14 5 -15 5 -15 5 -15 6 -15 6 -15 7 -16 7 -16 8 -16 8 -17 9 -18 9 -18 9 -18 9 -19 10 -21 10 -21 10 -22 9 -23 10 -25 9 -26 9 -27 9 -29 9 -31 ]
CSI_DATA,STA,E4:D1:24:F0:BE:00,-57,10,0,0,0,0,0,0,0,0,0,-97,0,5,0,111900719,0,399,0,0,112.293,128,[-113 -15 24 0 31 4 29 3 29 3 27 2 27 2 26 1 25 1 24 1 23 1 22 0 21 1 20 1 19 1 19 1 17 1 17 2 16 2 16 2 15 2 14 3 14 3 13 4 12 4 11 4 11 5 0 0 0 0 0 0 0 0 0 0 0 0 0 0 0 0 0 0 0 0 0 0 13 -1 13 0 13 1 14 2 14 2 14 2 15 3 15 3 15 4 16 4 15 5 17 5 17 6 18 6 18 6 19 6 19 7 21 7 22 7 23 8 23 7 25 7 26 7 28 7 29 6 30 6 ]
CSI_DATA,STA,E4:D1:24:F0:BE:00,-58,10,0,0,0,0,0,0,0,0,0,-97,0,5,0,112003121,0,399,0,0,112.395,128,[-113 -15 24 0 19 -32 18 -32 18 -30 17 -30 16 -29 16 -29 16 -27 15 -27 14 -25 14 -25 14 -24 13 -23 13 -22 13 -20 13 -19 12 -18 13 -17 13 -17 13 -15 12 -15 13 -14 12 -13 12 -12 12 -11 13 -10 0 0 0 0 0 0 0 0 0 0 0 0 0 0 0 0 0 0 0 0 0 0 7 -13 8 -13 8 -12 8 -12 9 -12 10 -12 11 -12 11 -13 12 -13 12 -13 12 -13 14 -13 15 -13 15 -14 16 -15 16 -15 17 -16 17 -17 17 -18 18 -19 18 -21 19 -22 19 -23 20 -25 21 -27 21 -29 ]
CSI_DATA,STA,E4:D1:24:F0:BE:00,-57,10,0,0,0,0,0,0,0,0,0,-97,0,5,0,112105523,0,399,0,0,112.498,128,[-113 -15 24 0 31 -16 30 -16 29 -16 28 -15 27 -15 26 -15 25 -14 24 -14 23 -13 22 -13 22 -12 21 -11 20 -10 19 -10 18 -8 18 -8 17 -7 17 -7 16 -6 15 -5 15 -5 14 -4 13 -4 13 -3 12 -3 0 0 0 0 0 0 0 0 0 0 0 0 0 0 0 0 0 0 0 0 0 0 12 -9 12 -8 12 -7 13 -7 14 -6 14 -6 15 -6 15 -6 16 -6 16 -6 16 -5 18 -6 19 -6 20 -5 21 -5 21 -6 22 -6 23 -7 23 -7 25 -7 26 -8 27 -9 27 -10 29 -12 30 -13 32 -14 ]
CSI_DATA,STA,E4:D1:24:F0:BE:00,-58,10,0,0,0,0,0,0,0,0,0,-97,0,5,0,112207925,0,399,0,0,112.6,128,[-113 -15 24 0 -17 32 -16 32 -15 31 -14 29 -13 29 -13 29 -12 28 -12 27 -12 26 -12 25 -12 24 -12 23 -11 22 -12 21 -11 19 -12 19 -12 18 -12 17 -12 16 -12 15 -12 13 -12 13 -11 11 -12 11 -12 9 0 0 0 0 0 0 0 0 0 0 0 0 0 0 0 0 0 0 0 0 0 0 -6 15 -8 14 -9 14 -9 13 -10 14 -11 13 -11 14 -12 14 -13 14 -13 14 -14 14 -15 14 -15 14 -16 15 -16 15 -17 16 -17 17 -17 18 -18 18 -18 19 -18 21 -18 23 -18 24 -18 26 -19 27 -19 30 ]
CSI_DATA,STA,E4:D1:24:F0:BE:00,-58,10,0,0,0,0,0,0,0,0,0,-97,0,5,0,112310327,0,399,0,0,112.703,128,[-113 -15 24 0 6 -34 5 -33 5 -32 4 -31 3 -31 3 -30 3 -29 3 -29 3 -28 3 -27 3 -26 3 -25 3 -24 4 -23 4 -21 4 -21 4 -20 5 -19 5 -19 5 -18 5 -17 6 -16 5 -15 6 -14 7 -14 0 0 0 0 0 0 0 0 0 0 0 0 0 0 0 0 0 0 0 0 0 0 3 -16 4 -15 5 -15 5 -15 6 -15 6 -15 7 -15 7 -15 8 -16 8 -16 8 -16 9 -16 9 -16 10 -18 10 -18 10 -19 10 -19 10 -21 10 -21 10 -22 9 -24 10 -26 10 -26 9 -28 9 -30 9 -32 ]
CSI_DATA,STA,E4:D1:24:F0:BE:00,-59,10,0,0,0,0,0,0,0,0,0,-97,0,5,0,112412729,0,399,0,0,112.805,128,[-113 -15 24 0 -33 -19 -33 -18 -32 -16 -31 -16 -31 -15 -30 -15 -29 -14 -28 -14 -27 -14 -26 -14 -25 -14 -24 -13 -23 -13 -21 -13 -20 -12 -19 -13 -18 -12 -18 -12 -16 -12 -15 -12 -15 -12 -14 -12 -13 -12 -12 -13 -11 -13 0 0 0 0 0 0 0 0 0 0 0 0 0 0 0 0 0 0 0 0 0 0 -16 -8 -15 -9 -15 -11 -14 -11 -14 -12 -14 -12 -14 -13 -14 -13 -14 -14 -14 -14 -13 -14 -14 -15 -14 -16 -15 -16 -15 -17 -16 -17 -17 -17 -17 -17 -19 -18 -20 -18 -22 -18 -24 -19 -25 -19 -27 -19 -29 -20 -32 -19 ]
CSI_DATA,STA,E4:D1:24:F0:BE:00,-57,10,0,0,0,0,0,0,0,0,0,-97,0,5,0,112515130,0,399,0,0,112.907,128,[-113 -15 24 0 -37 -13 -35 -12 -35 -12 -33 -12 -33 -11 -32 -11 -31 -11 -29 -10 -29 -10 -28 -10 -27 -9 -25 -9 -24 -9 -23 -9 -21 -9 -20 -10 -19 -10 -19 -10 -18 -10 -16 -10 -16 -10 -15 -10 -15 -10 -14 -10 -12 -11 0 0 0 0 0 0 0 0 0 0 0 0 0 0 0 0 0 0 0 0 0 0 -17 -4 -16 -5 -16 -7 -16 -7 -16 -8 -16 -8 -16 -9 -17 -10 -16 -10 -16 -11 -16 -11 -17 -12 -18 -13 -18 -13 -18 -13 -20 -14 -20 -14 -21 -14 -23 -14 -24 -14 -25 -14 -27 -14 -29 -15 -31 -14 -33 -15 -35 -15 ]
CSI_DATA,STA,E4:D1:24:F0:BE:00,-58,10,0,0,0,0,0,0,0,0,0,-97,0,5,0,112617532,0,399,0,0,113.01,128,[-113 -15 24 0 -38 -4 -36 -3 -36 -3 -35 -3 -34 -2 -34 -2 -32 -2 -32 -2 -30 -3 -29 -3 -28 -4 -27 -4 -26 -4 -25 -4 -23 -5 -22 -6 -21 -6 -20 -6 -19 -7 -18 -6 -17 -7 -16 -7 -15 -7 -14 -8 -13 -8 0 0 0 0 0 0 0 0 0 0 0 0 0 0 0 0 0 0 0 0 0 0 -18 -1 -18 -2 -18 -4 -17 -4 -17 -6 -17 -6 -18 -6 -18 -7 -18 -7 -18 -8 -18 -8 -18 -9 -19 -10 -20 -10 -20 -10 -21 -9 -21 -9 -23 -9 -24 -9 -25 -9 -26 -8 -28 -8 -30 -8 -32 -8 -34 -7 -36 -6 ]
CSI_DATA,STA,E4:D1:24:F0:BE:00,-58,10,0,0,0,0,0,0,0,0,0,-97,0,5,0,112719934,0,399,0,0,113.112,128,[-113 -15 24 0 -24 -30 -23 -29 -23 -28 -22 -27 -22 -27 -21 -26 -21 -25 -20 -24 -19 -25 -18 -24 -18 -23 -16 -22 -15 -21 -14 -21 -13 -20 -12 -20 -11 -20 -10 -19 -9 -19 -8 -18 -8 -17 -7 -17 -6 -17 -4 -16 -4 -16 0 0 0 0 0 0 0 0 0 0 0 0 0 0 0 0 0 0 0 0 0 0 -11 -13 -10 -14 -9 -15 -9 -15 -9 -16 -8 -16 -8 -17 -8 -17 -7 -17 -7 -18 -7 -18 -7 -19 -7 -20 -7 -21 -8 -21 -8 -22 -9 -22 -9 -23 -10 -23 -11 -24 -13 -25 -14 -26 -15 -27 -17 -28 -19 -29 -21 -31 ]
CSI_DATA,STA,E4:D1:24:F0:BE:00,-57,10,0,0,0,0,0,0,0,0,0,-97,0,5,0,112822336,0,399,0,0,113.214,128,[-113 -15 24 0 -34 22 -33 22 -32 21 -30 21 -29 21 -29 20 -27 19 -27 19 -26 18 -25 17 -24 16 -23 15 -23 14 -22 13 -21 12 -21 11 -20 10 -20 9 -19 8 -19 8 -18 6 -18 6 -17 5 -17 4 -17 3 0 0 0 0 0 0 0 0 0 0 0 0 0 0 0 0 0 0 0 0 0 0 -14 12 -15 11 -16 9 -17 9 -17 8 -18 8 -19 8 -19 7 -20 7 -20 7 -20 7 -22 7 -22 7 -23 7 -24 7 -25 7 -25 8 -27 9 -27 10 -28 10 -29 12 -30 13 -31 15 -32 16 -33 18 -34 20 ]
CSI_DATA,STA,E4:D1:24:F0:BE:00,-57,10,0,0,0,0,0,0,0,0,0,-97,0,5,0,112924738,0,399,0,0,113.317,128,[-113 -15 24 0 -1 31 -1 30 0 30 0 28 1 28 1 27 1 26 1 25 1 25 1 24 1 23 0 22 0 21 -1 21 -1 19 -2 19 -2 18 -3 18 -3 17 -3 16 -4 15 -4 14 -4 13 -5 12 -6 12 0 0 0 0 0 0 0 0 0 0 0 0 0 0 0 0 0 0 0 0 0 0 0 13 -1 13 -2 14 -2 13 -3 14 -4 14 -4 14 -5 15 -5 15 -5 15 -5 15 -6 16 -7 17 -7 17 -7 17 -7 19 -7 19 -7 20 -7 20 -7 22 -6 23 -5 24 -5 26 -5 27 -4 28 -3 30 ]
CSI_DATA,STA,E4:D1:24:F0:BE:00,-57,10,0,0,0,0,0,0,0,0,0,-97,0,5,0,113027140,0,399,0,0,113.419,128,[-113 -15 24 0 9 -31 8 -30 8 -29 7 -29 6 -28 7 -28 6 -27 6 -26 6 -25 6 -25 6 -23 6 -22 6 -21 6 -20 6 -19 6 -18 7 -17 7 -17 7 -16 7 -15 7 -14 7 -13 7 -12 7 -11 7 -11 0 0 0 0 0 0 0 0 0 0 0 0 0 0 0 0 0 0 0 0 0 0 3 -14 5 -13 5 -13 6 -13 7 -13 7 -13 8 -13 8 -13 8 -13 9 -13 9 -13 10 -14 10 -14 11 -15 11 -15 11 -16 11 -17 12 -18 11 -19 12 -19 11 -21 11 -22 12 -24 11 -25 11 -27 11 -29 ]
CSI_DATA,STA,E4:D1:24:F0:BE:00,-57,10,0,0,0,0,0,0,0,0,0,-97,0,5,0,113129541,0,399,0,0,113.522,128,[-113 -15 24 0 36 -17 34 -17 34 -17 33 -16 31 -17 31 -17 30 -17 29 -16 28 -16 27 -15 27 -14 26 -12 25 -11 24 -10 23 -9 22 -8 22 -7 21 -7 20 -6 19 -5 18 -4 18 -4 17 -2 16 -2 16 -1 0 0 0 0 0 0 0 0 0 0 0 0 0 0 0 0 0 0 0 0 0 0 15 -8 15 -6 16 -6 16 -5 17 -4 17 -4 18 -3 18 -3 19 -3 19 -2 19 -2 20 -2 21 -2 22 -1 23 -2 23 -2 24 -2 25 -3 26 -4 27 -5 28 -6 30 -8 30 -9 32 -10 34 -12 35 -14 ]
CSI_DATA,STA,E4:D1:24:F0:BE:00,-58,10,0,0,0,0,0,0,0,0,0,-97,0,5,0,113231943,0,399,0,0,113.624,128,[-113 -15 24 0 39 -8 39 -8 38 -9 37 -8 37 -9 35 -8 34 -7 33 -7 32 -7 31 -6 30 -5 28 -4 27 -4 25 -3 25 -2 23 -2 22 -1 21 -1 20 0 19 0 18 1 16 1 16 2 15 2 14 3 0 0 0 0 0 0 0 0 0 0 0 0 0 0 0 0 0 0 0 0 0 0 17 -6 17 -4 17 -3 18 -2 18 -1 19 -1 19 0 19 0 20 1 20 1 20 2 21 2 22 2 23 2 24 3 25 2 26 2 27 2 28 2 29 1 31 0 32 -1 33 -2 36 -3 37 -4 40 -6 ]
CSI_DATA,STA,E4:D1:24:F0:BE:00,-58,10,0,0,0,0,0,0,0,0,0,-97,0,5,0,113334345,0,399,0,0,113.727,128,[-113 -15 24 0 18 30 18 29 18 29 18 28 18 28 17 27 17 26 17 26 15 25 14 24 14 24 13 23 12 22 11 21 9 20 9 20 8 20 7 19 6 18 5 18 4 17 3 16 2 15 1 15 1 14 0 0 0 0 0 0 0 0 0 0 0 0 0 0 0 0 0 0 0 0 0 0 8 14 7 14 6 15 5 15 4 15 4 15 3 17 3 17 3 18 2 17 2 17 2 18 2 19 2 19 3 20 3 21 3 21 4 22 5 22 6 24 7 24 9 25 9 27 11 28 13 29 15 31 ]
CSI_DATA,STA,E4:D1:24:F0:BE:00,-57,10,0,0,0,0,0,0,0,0,0,-97,0,5,0,113436747,0,399,0,0,113.829,128,[-113 -15 24 0 -24 -34 -23 -32 -22 -31 -22 -30 -22 -29 -22 -28 -21 -27 -21 -27 -20 -26 -19 -25 -18 -25 -17 -24 -16 -23 -15 -22 -13 -21 -13 -21 -12 -21 -11 -20 -10 -19 -9 -19 -9 -18 -8 -17 -7 -17 -6 -17 -4 -17 0 0 0 0 0 0 0 0 0 0 0 0 0 0 0 0 0 0 0 0 0 0 -9 -13 -7 -14 -7 -15 -6 -15 -6 -16 -6 -16 -6 -17 -6 -17 -6 -18 -6 -18 -5 -19 -5 -20 -5 -20 -5 -21 -6 -22 -7 -23 -7 -23 -8 -24 -9 -25 -10 -26 -12 -27 -13 -28 -14 -29 -16 -30 -18 -32 -19 -34 ]
CSI_DATA,STA,E4:D1:24:F0:BE:00,-58,10,0,0,0,0,0,0,0,0,0,-97,0,5,0,113539149,0,399,0,0,113.931,128,[-113 -15 24 0 -21 -30 -21 -30 -21 -29 -21 -28 -21 -27 -20 -27 -19 -26 -19 -25 -18 -25 -17 -24 -17 -24 -15 -23 -14 -22 -13 -21 -12 -21 -11 -20 -10 -20 -9 -19 -8 -19 -7 -18 -6 -17 -5 -17 -5 -17 -3 -16 -2 -16 0 0 0 0 0 0 0 0 0 0 0 0 0 0 0 0 0 0 0 0 0 0 -10 -13 -9 -13 -9 -14 -8 -15 -7 -15 -7 -16 -7 -16 -6 -17 -6 -17 -6 -17 -5 -18 -5 -19 -5 -20 -6 -20 -6 -21 -7 -21 -7 -22 -7 -23 -9 -23 -9 -24 -10 -25 -12 -26 -13 -27 -15 -28 -16 -30 -18 -31 ]
CSI_DATA,STA,E4:D1:24:F0:BE:00,-58,10,0,0,0,0,0,0,0,0,0,-97,0,5,0,113642003,0,399,0,0,114.034,128,[-113 -15 24 0 32 -18 32 -19 30 -18 30 -19 28 -18 28 -18 27 -17 26 -17 25 -15 25 -15 24 -14 23 -13 23 -12 21 -10 21 -9 19 -8 20 -8 19 -7 18 -6 17 -6 17 -5 15 -4 15 -3 14 -3 14 -3 0 0 0 0 0 0 0 0 0 0 0 0 0 0 0 0 0 0 0 0 0 0 12 -9 14 -9 13 -7 15 -7 14 -6 16 -6 16 -6 16 -6 17 -5 16 -5 17 -5 18 -5 19 -4 20 -5 21 -5 21 -5 22 -6 22 -6 24 -8 24 -8 25 -9 27 -10 27 -12 29 -13 31 -14 33 -17 ]
CSI_DATA,STA,E4:D1:24:F0:BE:00,-57,10,0,0,0,0,0,0,0,0,0,-97,0,5,0,113743953,0,399,0,0,114.136,128,[-113 -15 24 0 -36 -12 -35 -11 -35 -11 -34 -10 -33 -9 -33 -9 -31 -10 -31 -9 -29 -9 -28 -9 -28 -9 -26 -9 -25 -9 -23 -10 -22 -9 -21 -10 -20 -10 -19 -10 -18 -10 -17 -10 -16 -11 -15 -10 -14 -10 -13 -10 -12 -11 0 0 0 0 0 0 0 0 0 0 0 0 0 0 0 0 0 0 0 0 0 0 -17 -4 -16 -5 -16 -7 -16 -7 -16 -8 -16 -8 -16 -10 -16 -10 -16 -11 -16 -11 -16 -11 -16 -12 -17 -13 -18 -13 -17 -14 -19 -14 -19 -14 -20 -15 -21 -14 -22 -14 -24 -14 -26 -15 -28 -14 -29 -14 -32 -14 -34 -14 ]
CSI_DATA,STA,E4:D1:24:F0:BE:00,-57,10,0,0,0,0,0,0,0,0,0,-97,0,5,0,113846354,0,399,0,0,114.239,128,[-113 -15 24 0 -15 -35 -15 -34 -14 -33 -14 -32 -14 -31 -14 -31 -13 -30 -13 -29 -12 -29 -12 -27 -12 -26 -11 -26 -10 -25 -9 -24 -8 -22 -7 -22 -7 -22 -6 -22 -4 -20 -4 -20 -3 -19 -3 -18 -2 -18 -1 -17 0 -16 0 0 0 0 0 0 0 0 0 0 0 0 0 0 0 0 0 0 0 0 0 0 -4 -14 -3 -14 -2 -15 -2 -15 -1 -16 -1 -15 0 -16 0 -16 0 -16 0 -17 0 -17 0 -17 0 -18 0 -19 -1 -19 -2 -20 -2 -21 -3 -22 -3 -23 -4 -24 -5 -25 -6 -27 -8 -29 -9 -30 -10 -32 -11 -34 ]
CSI_DATA,STA,E4:D1:24:F0:BE:00,-57,10,0,0,0,0,0,0,0,0,0,-97,0,5,0,113948756,0,399,0,0,114.341,128,[-113 -15 24 0 12 -39 10 -38 10 -37 9 -36 9 -35 9 -35 9 -33 8 -33 8 -32 8 -31 7 -29 7 -28 7 -27 8 -25 8 -24 8 -23 9 -22 9 -21 9 -20 9 -19 9 -18 8 -17 9 -16 10 -15 10 -14 0 0 0 0 0 0 0 0 0 0 0 0 0 0 0 0 0 0 0 0 0 0 3 -17 5 -17 6 -17 7 -17 8 -17 9 -17 9 -17 10 -17 10 -17 11 -17 11 -17 12 -17 13 -18 13 -19 14 -19 13 -20 13 -21 14 -23 14 -23 14 -25 14 -26 14 -29 14 -30 13 -32 14 -34 14 -37 ]
CSI_DATA,STA,E4:D1:24:F0:BE:00,-57,10,0,0,0,0,0,0,0,0,0,-97,0,5,0,114051158,0,399,0,0,114.443,128,[-113 -15 24 0 -36 -18 -35 -17 -33 -16 -33 -15 -33 -14 -31 -14 -30 -13 -29 -13 -28 -12 -27 -12 -27 -12 -25 -12 -24 -12 -22 -11 -21 -11 -20 -11 -19 -11 -18 -11 -17 -11 -17 -11 -15 -11 -15 -10 -14 -11 -13 -11 -12 -11 0 0 0 0 0 0 0 0 0 0 0 0 0 0 0 0 0 0 0 0 0 0 -15 -7 -15 -8 -14 -9 -14 -10 -15 -10 -14 -11 -14 -11 -15 -12 -15 -13 -15 -13 -15 -14 -15 -14 -16 -15 -16 -16 -17 -16 -18 -17 -18 -17 -19 -18 -20 -18 -22 -18 -23 -18 -25 -19 -27 -19 -29 -19 -31 -20 -33 -20 ]
CSI_DATA,STA,E4:D1:24:F0:BE:00,-57,10,0,0,0,0,0,0,0,0,0,-97,0,5,0,114153560,0,399,0,0,114.546,128,[-113 -15 24 0 -5 -38 -6 -37 -5 -37 -6 -36 -6 -34 -6 -33 -6 -32 -6 -31 -5 -31 -5 -30 -5 -28 -4 -27 -4 -26 -3 -25 -2 -24 -2 -23 -1 -23 -1 -22 -1 -21 0 -20 0 -19 1 -18 2 -18 3 -17 3 -17 0 0 0 0 0 0 0 0 0 0 0 0 0 0 0 0 0 0 0 0 0 0 -4 -17 -3 -17 -2 -17 -1 -18 -1 -18 0 -18 1 -19 1 -19 1 -19 2 -20 2 -20 3 -20 3 -22 4 -22 3 -22 3 -24 3 -24 3 -26 2 -26 2 -28 1 -29 1 -30 0 -32 0 -34 -1 -36 -2 -39 ]
CSI_DATA,STA,E4:D1:24:F0:BE:00,-58,10,0,0,0,0,0,0,0,0,0,-97,0,5,0,114255962,0,399,0,0,114.648,128,[-113 -15 24 0 -16 28 -15 28 -14 27 -14 26 -13 26 -13 25 -12 25 -12 24 -12 23 -12 22 -11 21 -12 20 -11 19 -11 18 -11 17 -11 16 -11 15 -11 14 -11 13 -11 12 -11 12 -10 11 -11 10 -11 9 -11 8 0 0 0 0 0 0 0 0 0 0 0 0 0 0 0 0 0 0 0 0 0 0 -6 12 -7 11 -8 11 -9 11 -9 11 -9 11 -10 11 -11 11 -11 11 -11 10 -11 11 -12 11 -12 11 -13 12 -13 12 -14 13 -14 14 -15 15 -15 15 -14 17 -15 18 -15 20 -16 21 -16 23 -17 25 -17 27 ]
CSI_DATA,STA,E4:D1:24:F0:BE:00,-58,10,0,0,0,0,0,0,0,0,0,-97,0,5,0,114358364,0,399,0,0,114.751,128,[-113 -15 24 0 18 -31 19 -32 17 -30 17 -30 16 -29 16 -29 15 -28 15 -27 14 -26 15 -25 14 -24 14 -23 14 -22 14 -19 13 -18 14 -17 14 -17 12 -16 13 -15 13 -14 12 -13 11 -11 12 -11 12 -10 10 -10 0 0 0 0 0 0 0 0 0 0 0 0 0 0 0 0 0 0 0 0 0 0 6 -15 7 -15 8 -14 9 -14 10 -13 11 -13 11 -13 11 -14 12 -14 12 -13 12 -13 13 -13 14 -14 14 -14 15 -15 15 -15 16 -16 16 -17 16 -18 16 -20 17 -21 17 -23 18 -24 19 -26 20 -28 21 -32 ]
CSI_DATA,STA,E4:D1:24:F0:BE:00,-57,10,0,0,0,0,0,0,0,0,0,-97,0,5,0,114460766,0,399,0,0,114.853,128,[-113 -15 24 0 -38 -8 -36 -7 -37 -7 -35 -6 -35 -5 -34 -6 -33 -5 -32 -5 -31 -5 -30 -5 -29 -6 -28 -6 -27 -6 -25 -6 -23 -6 -23 -7 -22 -7 -21 -8 -20 -8 -19 -8 -18 -9 -17 -9 -16 -9 -15 -9 -14 -11 0 0 0 0 0 0 0 0 0 0 0 0 0 0 0 0 0 0 0 0 0 0 -17 -3 -17 -4 -17 -5 -16 -6 -17 -7 -16 -7 -17 -8 -17 -9 -17 -9 -17 -10 -16 -10 -17 -11 -18 -11 -18 -11 -19 -11 -20 -12 -21 -12 -22 -12 -23 -11 -24 -12 -26 -11 -27 -11 -29 -11 -31 -10 -34 -10 -36 -10 ]
CSI_DATA,STA,E4:D1:24:F0:BE:00,-57,10,0,0,0,0,0,0,0,0,0,-97,0,5,0,114563163,0,399,0,0,114.955,128,[-113 -15 24 0 1 39 2 38 1 37 2 36 2 35 2 33 3 32 2 31 2 30 1 29 1 28 1 26 0 25 0 24 -1 22 -1 22 -2 21 -2 20 -2 19 -3 18 -3 17 -3 16 -4 15 -5 15 -5 14 0 0 0 0 0 0 0 0 0 0 0 0 0 0 0 0 0 0 0 0 0 0 4 16 2 17 1 17 0 18 -1 18 -1 19 -2 19 -2 19 -3 19 -4 20 -4 20 -5 21 -5 21 -6 22 -5 22 -6 24 -6 24 -5 26 -5 27 -5 28 -4 29 -4 31 -3 33 -2 35 -2 37 -1 39 ]
CSI_DATA,STA,E4:D1:24:F0:BE:00,-57,10,0,0,0,0,0,0,0,0,0,-97,0,5,0,114665565,0,399,0,0,115.058,128,[-113 -15 24 0 34 11 34 11 33 11 33 10 32 11 31 9 30 9 28 9 27 9 26 10 25 9 23 10 22 9 20 9 19 9 18 10 17 10 16 9 15 9 14 9 13 9 12 9 11 9 10 9 9 9 0 0 0 0 0 0 0 0 0 0 0 0 0 0 0 0 0 0 0 0 0 0 15 3 14 4 14 5 14 6 14 6 14 7 14 7 14 8 15 8 14 9 14 10 15 10 16 10 16 11 17 11 17 11 18 12 20 12 21 12 22 12 24 12 26 12 27 12 29 13 32 13 34 13 ]
CSI_DATA,STA,E4:D1:24:F0:BE:00,-58,10,0,0,0,0,0,0,0,0,0,-97,0,5,0,114767967,0,399,0,0,115.16,128,[-113 -15 24 0 34 -21 33 -22 32 -21 31 -21 31 -21 30 -20 29 -19 28 -19 27 -18 26 -18 26 -17 25 -15 24 -14 23 -13 22 -12 21 -11 21 -10 21 -10 20 -8 19 -8 18 -7 17 -7 17 -6 17 -5 18 -4 0 0 0 0 0 0 0 0 0 0 0 0 0 0 0 0 0 0 0 0 0 0 15 -8 15 -7 16 -6 16 -5 17 -5 17 -5 17 -4 18 -4 18 -3 17 -3 18 -4 19 -3 19 -4 21 -4 21 -4 21 -4 23 -5 23 -6 24 -7 25 -7 26 -9 28 -11 28 -12 30 -14 32 -17 34 -19 ]
CSI_DATA,STA,E4:D1:24:F0:BE:00,-58,10,0,0,0,0,0,0,0,0,0,-97,0,5,0,114870369,0,399,0,0,115.263,128,[-113 -15 24 0 -17 39 -16 38 -16 37 -16 35 -14 35 -14 34 -14 32 -13 32 -14 30 -13 29 -13 27 -13 25 -13 24 -12 23 -12 21 -12 20 -12 19 -12 18 -11 17 -11 16 -11 15 -11 14 -11 12 -11 12 -11 11 0 0 0 0 0 0 0 0 0 0 0 0 0 0 0 0 0 0 0 0 0 0 -7 15 -8 14 -8 13 -9 14 -10 13 -10 14 -11 14 -11 14 -12 14 -12 14 -13 14 -13 15 -14 16 -14 16 -15 17 -15 19 -15 19 -16 21 -16 22 -16 24 -16 25 -17 28 -17 30 -18 32 -18 34 -19 37 ]
CSI_DATA,STA,E4:D1:24:F0:BE:00,-57,10,0,0,0,0,0,0,0,0,0,-97,0,5,0,114972771,0,399,0,0,115.365,128,[-113 -15 24 0 19 -28 18 -27 18 -27 17 -25 16 -25 16 -25 15 -24 15 -24 14 -23 14 -22 13 -21 13 -20 13 -19 13 -18 12 -17 13 -16 12 -15 12 -14 12 -13 12 -12 11 -11 11 -10 11 -10 11 -9 11 -8 0 0 0 0 0 0 0 0 0 0 0 0 0 0 0 0 0 0 0 0 0 0 8 -11 9 -10 9 -10 9 -10 10 -9 10 -9 11 -9 12 -9 12 -9 12 -9 12 -9 13 -9 14 -10 14 -10 15 -10 15 -12 15 -12 16 -13 16 -14 17 -15 17 -16 18 -18 18 -20 18 -21 19 -23 20 -25 ]
CSI_DATA,STA,E4:D1:24:F0:BE:00,-57,10,0,0,0,0,0,0,0,0,0,-97,0,5,0,115075173,0,399,0,0,115.467,128,[-113 -15 24 0 -17 36 -15 36 -15 35 -14 34 -13 33 -14 32 -12 31 -12 30 -12 29 -12 27 -12 26 -12 25 -12 24 -11 22 -12 21 -11 20 -11 18 -11 18 -11 16 -11 16 -11 14 -10 13 -11 12 -11 12 -12 11 0 0 0 0 0 0 0 0 0 0 0 0 0 0 0 0 0 0 0 0 0 0 -5 15 -7 14 -7 14 -8 14 -9 14 -9 14 -10 14 -11 14 -11 15 -12 15 -12 15 -13 15 -14 16 -14 16 -15 17 -15 18 -15 18 -16 20 -16 21 -17 22 -16 24 -17 26 -16 28 -17 30 -17 32 -17 34 ]
CSI_DATA,STA,E4:D1:24:F0:BE:00,-57,10,0,0,0,0,0,0,0,0,0,-97,0,5,0,115177574,0,399,0,0,115.57,128,[-113 -15 24 0 34 -21 33 -21 31 -20 30 -19 29 -19 29 -19 27 -18 26 -18 25 -17 25 -17 23 -16 23 -15 22 -14 21 -13 20 -12 20 -11 19 -10 19 -10 18 -9 17 -8 17 -7 16 -6 15 -6 15 -5 15 -4 0 0 0 0 0 0 0 0 0 0 0 0 0 0 0 0 0 0 0 0 0 0 13 -10 14 -8 14 -8 15 -7 16 -7 16 -6 17 -6 17 -6 18 -6 18 -5 19 -5 20 -5 20 -5 21 -5 22 -5 23 -6 23 -7 24 -7 25 -8 26 -9 27 -10 29 -12 30 -13 31 -14 32 -16 34 -18 ]
CSI_DATA,STA,E4:D1:24:F0:BE:00,-57,10,0,0,0,0,0,0,0,0,0,-97,0,5,0,115279976,0,399,0,0,115.672,128,[-113 -15 24 0 32 -21 31 -22 30 -21 29 -20 28 -20 27 -20 27 -19 26 -19 25 -18 24 -17 24 -16 23 -15 22 -14 21 -13 20 -12 20 -11 20 -10 19 -9 19 -8 18 -7 17 -7 17 -5 16 -5 16 -4 15 -3 0 0 0 0 0 0 0 0 0 0 0 0 0 0 0 0 0 0 0 0 0 0 12 -11 13 -10 14 -9 14 -9 15 -8 16 -8 17 -7 17 -7 17 -7 18 -6 18 -6 19 -6 20 -6 21 -6 21 -7 22 -7 22 -7 24 -8 24 -9 25 -10 26 -11 28 -13 28 -13 30 -15 32 -16 33 -19 ]
CSI_DATA,STA,E4:D1:24:F0:BE:00,-57,10,0,0,0,0,0,0,0,0,0,-97,0,5,0,115382378,0,399,0,0,115.775,128,[-113 -15 24 0 34 19 33 17 33 17 33 16 32 16 31 16 30 15 29 14 27 14 26 15 25 14 24 14 23 14 21 14 20 13 19 14 18 14 17 14 15 13 14 13 13 13 12 13 11 13 10 13 8 13 0 0 0 0 0 0 0 0 0 0 0 0 0 0 0 0 0 0 0 0 0 0 14 6 13 7 13 8 13 9 13 10 13 10 13 11 13 11 13 12 13 12 13 13 13 14 14 15 14 15 15 15 16 16 17 16 17 16 19 17 20 17 22 18 24 18 25 18 27 19 30 20 32 21 ]
CSI_DATA,STA,E4:D1:24:F0:BE:00,-57,10,0,0,0,0,0,0,0,0,0,-97,0,5,0,115484780,0,399,0,0,115.877,128,[-113 -15 24 0 -30 22 -28 22 -28 21 -26 21 -26 20 -25 20 -24 19 -23 19 -23 18 -22 17 -22 16 -21 15 -20 14 -20 14 -18 12 -19 12 -19 11 -18 10 -17 9 -17 8 -16 7 -16 6 -16 6 -16 5 -15 3 0 0 0 0 0 0 0 0 0 0 0 0 0 0 0 0 0 0 0 0 0 0 -11 9 -11 8 -13 8 -13 8 -13 7 -14 7 -15 7 -15 7 -16 7 -16 6 -17 6 -17 6 -18 7 -19 7 -19 7 -20 8 -21 8 -22 9 -22 10 -24 11 -24 12 -25 14 -27 15 -28 16 -29 18 -29 19 ]
CSI_DATA,STA,E4:D1:24:F0:BE:00,-57,10,0,0,0,0,0,0,0,0,0,-97,0,5,0,115587182,0,399,0,0,115.979,128,[-113 -15 24 0 8 -36 6 -35 6 -34 6 -33 5 -32 4 -32 4 -30 4 -30 4 -30 4 -28 4 -27 4 -25 4 -24 5 -24 5 -22 5 -22 5 -21 6 -20 6 -18 6 -18 6 -17 6 -16 7 -15 7 -14 8 -14 0 0 0 0 0 0 0 0 0 0 0 0 0 0 0 0 0 0 0 0 0 0 3 -15 4 -15 5 -15 5 -14 6 -15 7 -15 7 -15 7 -15 8 -15 8 -16 9 -16 9 -17 10 -17 10 -17 11 -18 11 -20 10 -19 11 -21 11 -22 11 -23 11 -25 10 -27 10 -28 10 -30 10 -32 10 -34 ]
CSI_DATA,STA,E4:D1:24:F0:BE:00,-57,10,0,0,0,0,0,0,0,0,0,-97,0,5,0,115689584,0,399,0,0,116.082,128,[-113 -15 24 0 -16 -37 -15 -35 -15 -35 -15 -34 -15 -33 -15 -32 -14 -31 -14 -30 -13 -30 -12 -29 -12 -28 -10 -27 -10 -25 -9 -24 -8 -23 -7 -23 -6 -22 -6 -22 -5 -21 -4 -20 -4 -19 -3 -19 -2 -18 -1 -18 0 -17 0 0 0 0 0 0 0 0 0 0 0 0 0 0 0 0 0 0 0 0 0 0 -6 -15 -4 -15 -4 -15 -4 -15 -3 -16 -3 -16 -3 -17 -2 -18 -3 -18 -2 -18 -1 -18 -1 -19 -1 -20 -1 -21 -2 -21 -2 -23 -3 -23 -3 -25 -4 -25 -6 -26 -6 -27 -7 -29 -8 -31 -9 -33 -11 -34 -12 -37 ]
CSI_DATA,STA,E4:D1:24:F0:BE:00,-58,10,0,0,0,0,0,0,0,0,0,-97,0,5,0,115791986,0,399,0,0,116.184,128,[-113 -15 24 0 38 4 37 4 36 2 34 2 34 2 33 2 31 2 31 2 30 2 29 2 27 2 26 2 24 3 24 3 22 3 22 4 21 4 20 5 18 5 17 5 17 5 16 6 15 5 13 6 14 7 0 0 0 0 0 0 0 0 0 0 0 0 0 0 0 0 0 0 0 0 0 0 16 0 15 1 15 2 15 2 15 3 16 4 16 4 16 5 17 5 17 6 17 6 18 7 19 7 20 8 20 8 21 7 21 7 23 8 24 7 25 8 27 7 29 7 31 7 33 6 35 6 37 5 ]
CSI_DATA,STA,E4:D1:24:F0:BE:00,-57,10,0,0,0,0,0,0,0,0,0,-97,0,5,0,115894387,0,399,0,0,116.287,128,[-113 -15 24 0 2 -39 2 -39 2 -37 1 -37 1 -35 1 -34 1 -33 1 -32 1 -32 1 -31 1 -29 1 -28 2 -27 2 -25 3 -24 3 -23 4 -23 4 -22 5 -21 5 -20 5 -19 5 -18 5 -17 6 -16 7 -15 0 0 0 0 0 0 0 0 0 0 0 0 0 0 0 0 0 0 0 0 0 0 -1 -16 1 -16 2 -17 2 -17 3 -17 4 -17 4 -17 5 -18 5 -18 6 -18 6 -18 6 -19 7 -20 7 -20 8 -22 8 -22 8 -23 8 -24 8 -26 8 -27 7 -28 7 -30 6 -31 5 -34 5 -36 5 -39 ]
CSI_DATA,STA,E4:D1:24:F0:BE:00,-57,10,0,0,0,0,0,0,0,0,0,-97,0,5,0,115996789,0,399,0,0,116.389,128,[-113 -15 24 0 23 -31 22 -30 21 -29 20 -28 19 -28 19 -28 18 -26 17 -25 17 -25 16 -24 16 -22 15 -21 14 -20 14 -19 14 -18 14 -17 14 -16 14 -15 13 -14 13 -13 13 -13 12 -12 13 -11 12 -10 13 -9 0 0 0 0 0 0 0 0 0 0 0 0 0 0 0 0 0 0 0 0 0 0 8 -14 9 -13 10 -13 10 -13 11 -12 12 -12 13 -12 13 -12 13 -12 14 -12 15 -12 16 -12 16 -12 17 -13 17 -13 17 -15 18 -16 19 -16 19 -17 20 -19 20 -20 21 -22 22 -23 22 -25 23 -27 25 -29 ]
CSI_DATA,STA,E4:D1:24:F0:BE:00,-57,10,0,0,0,0,0,0,0,0,0,-97,0,5,0,116099191,0,399,0,0,116.491,128,[-113 -15 24 0 36 6 36 6 35 5 34 5 33 4 32 4 31 4 30 4 29 4 28 4 27 4 26 4 25 5 23 5 22 5 21 6 20 6 19 6 18 6 17 6 16 7 15 7 14 7 13 7 13 9 0 0 0 0 0 0 0 0 0 0 0 0 0 0 0 0 0 0 0 0 0 0 15 -1 15 0 15 1 15 2 15 3 16 3 16 4 17 5 17 5 16 6 17 6 18 7 19 8 20 8 20 8 21 8 22 9 23 9 24 8 25 9 27 9 29 8 30 8 32 9 34 9 37 8 ]
CSI_DATA,STA,E4:D1:24:F0:BE:00,-58,10,0,0,0,0,0,0,0,0,0,-97,0,5,0,116201593,0,399,0,0,116.594,128,[-113 -15 24 0 -34 -8 -34 -8 -33 -7 -33 -7 -32 -6 -31 -6 -30 -6 -30 -6 -28 -5 -28 -6 -27 -6 -25 -6 -24 -6 -23 -7 -22 -7 -20 -7 -20 -8 -20 -8 -18 -8 -17 -8 -16 -8 -15 -8 -15 -8 -13 -9 -13 -9 0 0 0 0 0 0 0 0 0 0 0 0 0 0 0 0 0 0 0 0 0 0 -16 -2 -16 -3 -16 -4 -17 -5 -16 -6 -17 -7 -16 -7 -17 -8 -17 -8 -17 -9 -17 -10 -18 -10 -18 -10 -18 -11 -19 -11 -20 -11 -20 -12 -21 -12 -23 -12 -23 -11 -25 -11 -26 -11 -28 -11 -30 -11 -31 -11 -34 -10 ]
CSI_DATA,STA,E4:D1:24:F0:BE:00,-57,10,0,0,0,0,0,0,0,0,0,-97,0,5,0,116303995,0,399,0,0,116.696,128,[-113 -15 24 0 25 23 24 22 24 21 24 20 24 20 22 19 22 18 21 18 20 17 19 17 18 16 18 16 16 16 15 15 14 15 13 15 12 15 11 14 10 14 10 14 9 13 8 13 7 13 6 13 5 13 0 0 0 0 0 0 0 0 0 0 0 0 0 0 0 0 0 0 0 0 0 0 11 7 11 8 10 9 10 10 9 10 9 11 9 12 9 12 10 13 9 13 9 14 9 14 10 15 10 16 10 16 11 17 12 17 12 18 14 18 14 19 16 19 17 20 18 21 20 22 22 23 24 24 ]
CSI_DATA,STA,E4:D1:24:F0:BE:00,-57,10,0,0,0,0,0,0,0,0,0,-97,0,5,0,116406397,0,399,0,0,116.799,128,[-113 -15 24 0 -22 -31 -23 -30 -22 -29 -22 -28 -23 -27 -22 -26 -21 -25 -21 -25 -19 -24 -19 -24 -19 -23 -18 -22 -16 -22 -15 -21 -13 -20 -13 -20 -12 -20 -11 -19 -10 -19 -9 -18 -8 -18 -8 -17 -7 -17 -5 -16 -4 -16 0 0 0 0 0 0 0 0 0 0 0 0 0 0 0 0 0 0 0 0 0 0 -11 -13 -10 -14 -9 -15 -9 -15 -8 -16 -8 -16 -8 -17 -8 -18 -7 -18 -7 -18 -6 -19 -6 -20 -7 -21 -7 -21 -7 -22 -8 -23 -8 -23 -9 -24 -10 -25 -11 -25 -13 -26 -13 -27 -15 -28 -16 -29 -18 -31 -20 -31 ]
CSI_DATA,STA,E4:D1:24:F0:BE:00,-57,10,0,0,0,0,0,0,0,0,0,-97,0,5,0,116508798,0,399,0,0,116.901,128,[-113 -15 24 0 8 33 8 31 8 31 8 29 8 29 8 28 8 27 7 26 7 26 6 24 6 23 5 22 5 21 5 21 4 19 3 19 2 18 2 18 1 17 1 16 1 15 0 15 -1 15 -2 14 -3 13 0 0 0 0 0 0 0 0 0 0 0 0 0 0 0 0 0 0 0 0 0 0 4 13 3 13 2 13 2 13 1 14 1 15 1 15 0 16 0 16 0 16 -1 17 -1 17 -1 18 -1 19 -2 19 -1 20 -1 21 -1 22 0 22 0 24 1 25 2 26 2 27 3 29 4 30 5 32 ]
CSI_DATA,STA,E4:D1:24:F0:BE:00,-57,10,0,0,0,0,0,0,0,0,0,-97,0,5,0,116611200,0,399,0,0,117.003,128,[-113 -15 24 0 29 25 29 24 28 23 28 22 27 22 26 21 26 20 25 20 23 19 22 19 22 19 21 18 19 18 18 18 17 18 16 17 15 17 14 17 13 17 12 16 11 16 10 16 9 16 7 16 6 16 0 0 0 0 0 0 0 0 0 0 0 0 0 0 0 0 0 0 0 0 0 0 13 8 13 10 12 11 12 11 11 12 11 13 11 14 11 14 11 15 10 15 10 15 10 16 11 17 11 18 11 18 12 19 13 20 13 20 15 20 16 21 17 21 19 22 20 23 23 24 25 25 27 26 ]
CSI_DATA,STA,E4:D1:24:F0:BE:00,-57,10,0,0,0,0,0,0,0,0,0,-97,0,5,0,116713602,0,399,0,0,117.106,128,[-113 -15 24 0 -4 -32 -5 -31 -5 -30 -5 -29 -6 -29 -6 -28 -5 -27 -6 -26 -5 -25 -5 -25 -5 -24 -4 -23 -4 -22 -3 -21 -2 -20 -2 -20 -2 -19 -1 -19 -1 -18 0 -17 0 -16 0 -16 1 -15 2 -15 3 -15 0 0 0 0 0 0 0 0 0 0 0 0 0 0 0 0 0 0 0 0 0 0 -2 -14 -1 -14 -1 -14 0 -14 1 -15 1 -15 1 -15 2 -15 3 -16 2 -16 3 -16 3 -17 4 -17 4 -18 4 -19 4 -19 3 -19 3 -21 3 -22 2 -22 1 -23 1 -25 1 -26 0 -27 -1 -29 -2 -31 ]
CSI_DATA,STA,E4:D1:24:F0:BE:00,-57,10,0,0,0,0,0,0,0,0,0,-97,0,5,0,116816004,0,399,0,0,117.208,128,[-113 -15 24 0 -38 9 -36 9 -36 9 -35 9 -35 9 -34 8 -32 8 -32 8 -30 8 -29 8 -29 7 -28 6 -27 6 -26 5 -24 4 -24 4 -23 3 -23 2 -22 1 -21 1 -20 0 -20 -1 -19 -1 -19 -2 -17 -4 0 0 0 0 0 0 0 0 0 0 0 0 0 0 0 0 0 0 0 0 0 0 -16 5 -16 4 -17 3 -17 2 -18 1 -18 1 -19 1 -19 0 -20 0 -20 -1 -21 -1 -21 -2 -22 -2 -23 -3 -23 -2 -24 -2 -25 -2 -26 -1 -27 -1 -28 0 -29 1 -31 1 -32 2 -34 4 -36 5 -37 6 ]
CSI_DATA,STA,E4:D1:24:F0:BE:00,-57,10,0,0,0,0,0,0,0,0,0,-97,0,5,0,116918406,0,399,0,0,117.311,128,[-113 -15 24 0 32 -22 30 -22 30 -21 29 -21 27 -20 27 -20 27 -19 25 -19 25 -19 24 -18 23 -18 23 -16 22 -15 21 -15 20 -14 20 -13 20 -12 19 -11 19 -10 19 -9 18 -8 18 -7 17 -6 17 -6 17 -4 0 0 0 0 0 0 0 0 0 0 0 0 0 0 0 0 0 0 0 0 0 0 13 -10 14 -8 15 -8 15 -7 16 -7 16 -6 17 -6 17 -5 18 -5 18 -5 18 -4 19 -4 20 -4 21 -5 21 -4 22 -5 22 -6 24 -6 24 -7 25 -8 26 -9 27 -11 28 -12 29 -14 30 -16 32 -18 ]
CSI_DATA,STA,E4:D1:24:F0:BE:00,-57,10,0,0,0,0,0,0,0,0,0,-97,0,5,0,117020808,0,399,0,0,117.413,128,[-113 -15 24 0 29 -27 26 -26 26 -26 25 -25 24 -25 24 -25 23 -24 22 -24 21 -23 21 -22 20 -21 20 -20 19 -19 19 -19 18 -17 18 -16 18 -15 18 -14 18 -13 17 -13 17 -11 16 -10 16 -9 16 -9 17 -6 0 0 0 0 0 0 0 0 0 0 0 0 0 0 0 0 0 0 0 0 0 0 12 -12 12 -11 13 -10 14 -10 15 -9 15 -9 16 -9 17 -9 17 -8 17 -8 18 -8 19 -8 19 -8 20 -8 21 -8 21 -9 21 -10 23 -11 22 -11 24 -12 24 -14 25 -15 26 -17 27 -18 28 -21 29 -23 ]
CSI_DATA,STA,E4:D1:24:F0:BE:00,-57,10,0,0,0,0,0,0,0,0,0,-97,0,5,0,117123210,0,399,0,0,117.515,128,[-113 -15 24 0 -38 18 -36 18 -35 18 -34 17 -33 17 -33 17 -31 16 -30 16 -30 15 -29 15 -28 13 -27 12 -26 12 -25 11 -24 9 -24 9 -23 8 -22 7 -22 6 -21 5 -20 4 -20 4 -19 2 -18 2 -18 1 0 0 0 0 0 0 0 0 0 0 0 0 0 0 0 0 0 0 0 0 0 0 -15 8 -16 6 -17 6 -17 5 -18 5 -18 4 -19 4 -19 3 -20 3 -20 2 -20 3 -21 2 -22 2 -23 2 -23 2 -25 3 -25 4 -26 5 -27 5 -28 6 -29 7 -31 8 -32 10 -34 11 -35 13 -37 15 ]
CSI_DATA,STA,E4:D1:24:F0:BE:00,-57,10,0,0,0,0,0,0,0,0,0,-97,0,5,0,117225611,0,399,0,0,117.618,128,[-113 -15 24 0 -1 39 0 37 0 36 1 35 2 34 2 33 2 32 1 31 2 30 1 29 1 28 0 27 0 26 0 25 -1 23 -2 23 -3 22 -3 22 -3 20 -3 20 -5 18 -5 18 -6 17 -6 16 -7 16 0 0 0 0 0 0 0 0 0 0 0 0 0 0 0 0 0 0 0 0 0 0 3 17 1 17 0 17 -1 17 -2 18 -2 18 -3 18 -3 19 -4 19 -4 19 -6 19 -6 20 -6 21 -7 22 -7 22 -7 23 -7 24 -7 25 -6 26 -6 27 -6 29 -5 30 -5 32 -4 33 -3 36 -3 38 ]
CSI_DATA,STA,E4:D1:24:F0:BE:00,-57,10,0,0,0,0,0,0,0,0,0,-97,0,5,0,117328013,0,399,0,0,117.72,128,[-113 -15 24 0 -32 -20 -30 -19 -30 -19 -29 -17 -30 -17 -28 -17 -28 -17 -27 -16 -26 -16 -24 -16 -24 -16 -23 -15 -21 -15 -20 -15 -18 -15 -18 -15 -16 -15 -15 -15 -14 -15 -13 -15 -12 -14 -11 -14 -10 -14 -8 -14 -10 -14 0 0 0 0 0 0 0 0 0 0 0 0 0 0 0 0 0 0 0 0 0 0 -13 -8 -12 -8 -12 -10 -11 -10 -11 -11 -11 -11 -11 -11 -11 -12 -11 -12 -11 -13 -11 -13 -11 -14 -12 -15 -13 -15 -13 -15 -14 -16 -14 -15 -15 -17 -16 -16 -18 -17 -20 -17 -21 -18 -23 -18 -25 -19 -27 -20 -30 -19 ]
CSI_DATA,STA,E4:D1:24:F0:BE:00,-57,10,0,0,0,0,0,0,0,0,0,-97,0,5,0,117430415,0,399,0,0,117.823,128,[-113 -15 24 0 38 8 38 7 37 6 36 6 35 5 34 5 33 4 32 4 31 4 30 4 29 4 28 5 26 5 25 5 24 6 23 7 22 6 21 7 20 7 19 7 18 7 17 8 16 8 14 9 13 9 0 0 0 0 0 0 0 0 0 0 0 0 0 0 0 0 0 0 0 0 0 0 17 2 17 3 17 4 17 5 17 6 17 7 17 8 18 8 18 9 18 9 17 10 19 11 19 11 19 11 20 12 21 12 22 13 23 12 24 12 25 12 27 12 29 11 30 11 32 12 35 11 37 10 ]
CSI_DATA,STA,E4:D1:24:F0:BE:00,-57,10,0,0,0,0,0,0,0,0,0,-97,0,5,0,117532817,0,399,0,0,117.925,128,[-113 -15 24 0 -17 36 -16 36 -15 35 -15 33 -14 33 -14 32 -13 31 -12 30 -12 29 -12 28 -12 26 -12 25 -12 24 -12 23 -11 21 -11 20 -11 19 -12 18 -12 16 -12 16 -11 15 -11 14 -11 13 -11 12 -12 10 0 0 0 0 0 0 0 0 0 0 0 0 0 0 0 0 0 0 0 0 0 0 -7 14 -8 13 -9 13 -10 13 -10 14 -11 13 -12 13 -13 13 -13 14 -13 13 -14 14 -15 14 -15 15 -16 15 -16 16 -17 17 -17 17 -17 19 -17 20 -18 21 -18 23 -18 25 -18 27 -18 29 -19 31 -19 33 ]
CSI_DATA,STA,E4:D1:24:F0:BE:00,-58,10,0,0,0,0,0,0,0,0,0,-97,0,5,0,117635219,0,399,0,0,118.027,128,[-113 -15 24 0 11 -32 11 -31 10 -31 9 -30 8 -30 8 -29 8 -28 8 -27 8 -27 8 -26 8 -25 8 -24 7 -23 8 -22 8 -20 8 -20 8 -19 9 -18 8 -18 9 -17 9 -15 9 -15 9 -13 10 -13 10 -12 0 0 0 0 0 0 0 0 0 0 0 0 0 0 0 0 0 0 0 0 0 0 6 -13 6 -12 7 -12 7 -12 8 -12 8 -12 9 -12 10 -12 10 -12 11 -12 11 -12 11 -12 12 -13 12 -13 12 -13 13 -15 12 -15 13 -16 13 -17 13 -18 12 -20 13 -22 12 -23 13 -24 13 -27 13 -29 ]
CSI_DATA,STA,E4:D1:24:F0:BE:00,-58,10,0,0,0,0,0,0,0,0,0,-97,0,5,0,117737621,0,399,0,0,118.13,128,[-113 -15 24 0 37 -3 35 -3 36 -3 34 -3 33 -3 33 -4 31 -3 30 -3 29 -3 29 -3 27 -2 26 -1 25 -1 25 -1 22 0 22 1 21 1 20 1 20 2 18 2 17 3 17 3 16 3 15 4 14 5 0 0 0 0 0 0 0 0 0 0 0 0 0 0 0 0 0 0 0 0 0 0 15 -3 14 -1 15 -1 15 0 16 1 16 2 17 2 17 2 17 3 17 4 18 4 18 5 19 5 20 5 20 6 21 5 21 5 23 5 24 5 25 4 26 4 28 3 30 3 31 2 33 2 36 1 ]
CSI_DATA,STA,E4:D1:24:F0:BE:00,-57,10,0,0,0,0,0,0,0,0,0,-97,0,5,0,117840022,0,399,0,0,118.232,128,[-113 -15 24 0 31 25 30 25 30 24 29 23 29 22 28 22 27 21 26 21 25 20 24 20 23 19 21 19 20 18 19 18 17 18 16 18 15 18 14 18 13 17 12 17 11 17 10 16 8 16 7 16 6 16 0 0 0 0 0 0 0 0 0 0 0 0 0 0 0 0 0 0 0 0 0 0 14 9 13 10 12 11 12 12 11 13 11 13 11 14 11 15 11 15 11 16 10 16 10 17 11 18 11 18 12 19 12 19 13 20 14 21 16 21 17 21 18 22 20 23 22 23 24 24 26 25 28 27 ]
CSI_DATA,STA,E4:D1:24:F0:BE:00,-57,10,0,0,0,0,0,0,0,0,0,-97,0,5,0,117942424,0,399,0,0,118.335,128,[-113 -15 24 0 -13 -39 -13 -37 -12 -37 -13 -36 -13 -35 -12 -34 -12 -33 -11 -32 -11 -32 -10 -31 -10 -30 -9 -29 -7 -28 -6 -26 -5 -26 -5 -25 -4 -24 -3 -24 -2 -23 -1 -21 -1 -21 0 -20 1 -19 2 -19 3 -18 0 0 0 0 0 0 0 0 0 0 0 0 0 0 0 0 0 0 0 0 0 0 -6 -16 -5 -16 -4 -17 -3 -17 -3 -17 -3 -17 -2 -18 -2 -18 -1 -19 -1 -19 -1 -20 -1 -21 -1 -21 -1 -22 -1 -23 -1 -24 -1 -25 -2 -26 -2 -27 -3 -28 -4 -29 -5 -31 -6 -33 -8 -34 -8 -36 -10 -39 ]
CSI_DATA,STA,E4:D1:24:F0:BE:00,-57,10,0,0,0,0,0,0,0,0,0,-97,0,5,0,118044826,0,399,0,0,118.437,128,[-113 -15 24 0 17 -33 16 -33 15 -32 15 -31 14 -31 14 -30 14 -29 13 -28 13 -28 12 -27 12 -25 12 -24 12 -23 12 -22 12 -21 12 -20 12 -19 12 -18 12 -17 12 -16 12 -14 12 -13 12 -13 12 -12 13 -10 0 0 0 0 0 0 0 0 0 0 0 0 0 0 0 0 0 0 0 0 0 0 6 -14 7 -13 8 -13 8 -13 9 -13 10 -13 10 -12 11 -13 12 -13 12 -13 12 -13 13 -14 14 -14 15 -14 15 -15 15 -16 15 -16 16 -18 16 -19 16 -20 16 -22 17 -23 17 -24 17 -27 18 -28 18 -31 ]
CSI_DATA,STA,E4:D1:24:F0:BE:00,-57,10,0,0,0,0,0,0,0,0,0,-97,0,5,0,118147228,0,399,0,0,118.539,128,[-113 -15 24 0 -1 -40 -2 -39 -1 -38 -2 -36 -3 -35 -2 -35 -2 -33 -2 -33 -1 -32 -1 -31 -1 -29 -1 -28 0 -27 0 -26 1 -24 1 -24 2 -23 3 -22 3 -21 3 -20 3 -19 4 -18 4 -17 5 -16 6 -15 0 0 0 0 0 0 0 0 0 0 0 0 0 0 0 0 0 0 0 0 0 0 -1 -16 0 -16 1 -16 2 -16 2 -17 3 -17 3 -17 3 -18 4 -18 5 -18 5 -18 5 -19 5 -20 6 -21 6 -22 5 -23 5 -23 6 -25 5 -26 5 -28 4 -29 4 -31 4 -32 3 -34 2 -36 2 -38 ]
CSI_DATA,STA,E4:D1:24:F0:BE:00,-57,10,0,0,0,0,0,0,0,0,0,-97,0,5,0,118249630,0,399,0,0,118.642,128,[-113 -15 24 0 31 17 31 16 30 15 30 14 29 14 28 14 27 13 27 13 25 12 24 12 24 11 23 11 21 12 20 11 18 11 17 12 17 11 16 12 15 11 13 11 13 11 12 11 11 11 10 11 9 12 0 0 0 0 0 0 0 0 0 0 0 0 0 0 0 0 0 0 0 0 0 0 13 6 12 7 11 8 11 8 11 9 11 9 11 10 11 10 11 11 11 11 11 11 12 12 13 12 13 13 14 13 14 14 15 14 16 15 17 15 18 15 20 15 22 16 23 16 26 16 28 17 31 17 ]
CSI_DATA,STA,E4:D1:24:F0:BE:00,-58,10,0,0,0,0,0,0,0,0,0,-97,0,5,0,118352032,0,399,0,0,118.744,128,[-113 -15 24 0 0 -41 -2 -39 -1 -38 -2 -37 -2 -36 -3 -36 -3 -34 -2 -33 -1 -33 -2 -32 -2 -30 -1 -29 -1 -27 0 -26 1 -25 1 -24 2 -23 2 -23 3 -21 2 -20 3 -19 3 -18 3 -18 4 -17 5 -16 0 0 0 0 0 0 0 0 0 0 0 0 0 0 0 0 0 0 0 0 0 0 -2 -18 0 -18 1 -19 1 -18 2 -19 3 -19 4 -19 4 -19 5 -20 4 -20 5 -20 6 -21 6 -21 6 -22 7 -23 7 -24 7 -25 7 -27 7 -27 7 -29 5 -30 5 -31 5 -33 4 -35 3 -37 3 -39 ]
CSI_DATA,STA,E4:D1:24:F0:BE:00,-57,10,0,0,0,0,0,0,0,0,0,-97,0,5,0,118454434,0,399,0,0,118.847,128,[-113 -15 24 0 -37 9 -36 9 -35 9 -34 9 -34 9 -32 9 -31 8 -30 8 -29 8 -29 7 -28 6 -27 5 -26 5 -25 4 -23 3 -23 3 -22 2 -21 2 -21 1 -20 0 -19 0 -19 -1 -18 -2 -17 -2 -16 -3 0 0 0 0 0 0 0 0 0 0 0 0 0 0 0 0 0 0 0 0 0 0 -16 6 -16 4 -17 3 -17 2 -18 2 -18 1 -19 1 -19 0 -19 0 -20 0 -20 -1 -20 -1 -21 -2 -22 -2 -23 -2 -24 -2 -25 -1 -26 -1 -26 -1 -28 0 -29 1 -30 2 -32 3 -33 3 -35 4 -37 6 ]
CSI_DATA,STA,E4:D1:24:F0:BE:00,-58,10,0,0,0,0,0,0,0,0,0,-97,0,5,0,118556835,0,399,0,0,118.949,128,[-113 -15 24 0 -14 -38 -14 -36 -14 -36 -13 -34 -14 -34 -13 -33 -12 -32 -12 -31 -11 -30 -10 -30 -9 -28 -9 -27 -8 -26 -7 -25 -6 -24 -5 -23 -4 -23 -4 -22 -3 -21 -3 -20 -2 -19 -2 -18 -1 -18 0 -17 1 -17 0 0 0 0 0 0 0 0 0 0 0 0 0 0 0 0 0 0 0 0 0 0 -7 -17 -6 -17 -5 -18 -4 -18 -4 -18 -3 -18 -3 -19 -3 -19 -2 -19 -2 -19 -1 -20 -1 -21 -1 -22 -1 -22 -1 -23 -1 -24 -2 -25 -2 -26 -3 -27 -4 -28 -5 -29 -6 -30 -6 -31 -7 -33 -9 -35 -10 -38 ]
CSI_DATA,STA,E4:D1:24:F0:BE:00,-58,10,0,0,0,0,0,0,0,0,0,-97,0,5,0,118659237,0,399,0,0,119.051,128,[-113 -15 24 0 -24 -23 -24 -22 -23 -21 -22 -20 -22 -19 -21 -19 -20 -18 -20 -17 -19 -17 -19 -17 -18 -16 -17 -15 -16 -15 -15 -14 -13 -14 -13 -14 -12 -14 -11 -14 -10 -13 -9 -13 -9 -12 -8 -12 -7 -12 -7 -11 -6 -12 0 0 0 0 0 0 0 0 0 0 0 0 0 0 0 0 0 0 0 0 0 0 -13 -9 -12 -10 -12 -11 -11 -12 -11 -13 -10 -13 -10 -14 -10 -15 -10 -15 -10 -15 -10 -16 -10 -16 -10 -17 -10 -18 -10 -18 -10 -19 -11 -19 -12 -20 -12 -20 -13 -21 -14 -21 -15 -22 -17 -22 -19 -22 -20 -23 -21 -24 ]
CSI_DATA,STA,E4:D1:24:F0:BE:00,-57,10,0,0,0,0,0,0,0,0,0,-97,0,5,0,118761639,0,399,0,0,119.154,128,[-113 -15 24 0 -32 23 -31 23 -29 22 -29 22 -27 22 -27 21 -25 20 -25 20 -24 18 -24 18 -23 16 -23 15 -22 15 -21 13 -20 12 -20 11 -20 11 -19 10 -18 9 -18 8 -17 7 -16 6 -16 5 -16 4 -16 3 0 0 0 0 0 0 0 0 0 0 0 0 0 0 0 0 0 0 0 0 0 0 -12 10 -13 9 -13 9 -14 8 -14 8 -15 8 -16 8 -17 8 -17 8 -17 8 -18 7 -19 7 -20 7 -20 7 -21 7 -22 8 -23 9 -23 9 -24 10 -25 12 -25 13 -27 14 -27 16 -29 17 -30 19 -31 21 ]
CSI_DATA,STA,E4:D1:24:F0:BE:00,-58,10,0,0,0,0,0,0,0,0,0,-97,0,5,0,118864041,0,399,0,0,119.256,128,[-113 -15 24 0 -13 33 -11 32 -11 31 -10 30 -9 30 -9 29 -9 28 -8 27 -9 26 -8 25 -9 24 -8 23 -8 22 -9 21 -8 20 -8 19 -9 19 -9 18 -9 16 -9 16 -9 14 -9 14 -9 13 -10 12 -10 11 0 0 0 0 0 0 0 0 0 0 0 0 0 0 0 0 0 0 0 0 0 0 -4 16 -5 15 -6 15 -7 15 -8 15 -8 15 -9 15 -10 15 -10 15 -11 15 -11 15 -12 15 -12 16 -13 16 -13 17 -14 17 -14 18 -14 19 -13 20 -15 21 -14 22 -14 24 -14 25 -14 27 -15 29 -14 31 ]
CSI_DATA,STA,E4:D1:24:F0:BE:00,-57,10,0,0,0,0,0,0,0,0,0,-97,0,5,0,118966443,0,399,0,0,119.359,128,[-113 -15 24 0 40 6 38 5 39 5 36 4 36 4 35 4 34 3 33 3 32 4 30 4 29 4 27 4 26 5 26 5 24 4 24 6 22 6 21 6 20 6 19 7 18 7 17 8 15 8 14 9 14 9 0 0 0 0 0 0 0 0 0 0 0 0 0 0 0 0 0 0 0 0 0 0 17 0 17 2 17 3 16 3 17 4 17 5 17 6 18 6 18 6 18 8 18 8 19 9 19 9 20 10 20 10 22 9 23 10 24 10 25 10 27 9 29 9 30 9 32 9 34 9 36 9 39 9 ]
CSI_DATA,STA,E4:D1:24:F0:BE:00,-57,10,0,0,0,0,0,0,0,0,0,-97,0,5,0,119068845,0,399,0,0,119.461,128,[-113 -15 24 0 20 -26 19 -25 18 -25 17 -24 16 -24 16 -24 15 -22 14 -22 14 -21 13 -20 13 -19 12 -19 12 -17 12 -17 11 -15 11 -15 11 -14 11 -14 11 -13 10 -12 10 -11 10 -10 10 -9 10 -9 10 -8 0 0 0 0 0 0 0 0 0 0 0 0 0 0 0 0 0 0 0 0 0 0 7 -12 8 -11 8 -11 9 -11 10 -11 10 -11 11 -11 11 -11 12 -11 12 -11 12 -11 13 -11 14 -11 15 -12 15 -12 15 -13 16 -13 17 -14 17 -16 18 -16 18 -18 19 -19 19 -20 19 -22 21 -23 21 -25 ]
CSI_DATA,STA,E4:D1:24:F0:BE:00,-57,10,0,0,0,0,0,0,0,0,0,-97,0,5,0,119171247,0,399,0,0,119.563,128,[-113 -15 24 0 -23 -23 -23 -22 -21 -21 -21 -21 -21 -19 -21 -19 -20 -18 -19 -18 -18 -17 -18 -17 -17 -16 -16 -16 -16 -15 -14 -15 -13 -14 -12 -14 -12 -14 -11 -13 -10 -13 -10 -13 -9 -13 -8 -12 -7 -12 -7 -12 -6 -12 0 0 0 0 0 0 0 0 0 0 0 0 0 0 0 0 0 0 0 0 0 0 -12 -11 -11 -12 -10 -12 -9 -13 -9 -13 -9 -14 -8 -14 -8 -15 -8 -15 -8 -15 -7 -15 -8 -16 -8 -16 -8 -17 -8 -18 -9 -18 -10 -19 -10 -19 -11 -20 -12 -20 -14 -20 -15 -21 -16 -22 -17 -23 -19 -23 -20 -25 ]
CSI_DATA,STA,E4:D1:24:F0:BE:00,-58,10,0,0,0,0,0,0,0,0,0,-97,0,5,0,119273648,0,399,0,0,119.666,128,[-113 -15 24 0 -37 -9 -37 -8 -35 -7 -35 -7 -34 -7 -33 -7 -32 -7 -31 -7 -29 -6 -29 -6 -28 -6 -27 -6 -26 -6 -23 -6 -22 -6 -22 -7 -21 -7 -20 -7 -19 -8 -19 -7 -17 -8 -16 -7 -16 -7 -15 -8 -14 -9 0 0 0 0 0 0 0 0 0 0 0 0 0 0 0 0 0 0 0 0 0 0 -18 -3 -18 -5 -18 -6 -18 -7 -17 -8 -17 -9 -17 -8 -18 -9 -17 -10 -18 -10 -18 -10 -18 -11 -19 -12 -19 -12 -20 -12 -21 -12 -22 -13 -22 -12 -24 -13 -24 -13 -26 -12 -28 -13 -29 -12 -32 -12 -34 -11 -37 -11 ]
CSI_DATA,STA,E4:D1:24:F0:BE:00,-58,10,0,0,0,0,0,0,0,0,0,-97,0,5,0,119376050,0,399,0,0,119.768,128,[-113 -15 24 0 28 10 28 9 28 8 27 7 26 7 26 7 25 7 24 7 23 6 23 7 22 7 21 7 20 7 19 7 18 7 17 7 17 8 15 8 15 8 14 8 13 8 12 8 12 9 11 9 10 9 0 0 0 0 0 0 0 0 0 0 0 0 0 0 0 0 0 0 0 0 0 0 13 2 13 3 13 4 13 5 13 6 13 6 13 7 13 8 13 8 13 8 13 9 13 9 13 10 14 10 15 10 15 11 15 11 16 11 18 11 18 12 20 11 21 12 22 11 24 12 26 12 28 11 ]
CSI_DATA,STA,E4:D1:24:F0:BE:00,-57,10,0,0,0,0,0,0,0,0,0,-97,0,5,0,119478452,0,399,0,0,119.871,128,[-113 -15 24 0 9 -34 9 -32 8 -32 7 -31 7 -30 7 -30 6 -29 6 -28 6 -28 6 -27 6 -26 6 -25 6 -23 7 -23 7 -21 7 -20 7 -20 8 -19 8 -18 8 -17 8 -16 8 -15 8 -14 9 -13 10 -12 0 0 0 0 0 0 0 0 0 0 0 0 0 0 0 0 0 0 0 0 0 0 4 -14 5 -14 6 -14 7 -13 8 -13 8 -13 8 -13 9 -14 9 -14 10 -14 9 -13 10 -14 10 -15 11 -15 11 -16 12 -17 11 -17 12 -19 12 -19 12 -21 12 -22 12 -24 11 -25 11 -27 11 -29 11 -31 ]
CSI_DATA,STA,E4:D1:24:F0:BE:00,-57,10,0,0,0,0,0,0,0,0,0,-97,0,5,0,119580858,0,399,0,0,119.973,128,[-113 -15 24 0 -4 -34 -4 -33 -4 -32 -4 -31 -5 -30 -4 -30 -4 -28 -5 -28 -4 -28 -4 -26 -4 -25 -3 -24 -3 -23 -2 -23 -1 -21 -1 -21 -1 -20 0 -19 0 -19 1 -18 1 -17 2 -16 2 -15 3 -15 4 -14 0 0 0 0 0 0 0 0 0 0 0 0 0 0 0 0 0 0 0 0 0 0 -3 -15 -2 -15 -1 -16 0 -16 0 -16 1 -16 1 -17 2 -17 2 -17 2 -17 3 -17 3 -18 4 -19 4 -19 4 -20 3 -21 3 -21 3 -23 3 -24 3 -25 2 -26 2 -27 1 -28 0 -30 0 -32 0 -34 ]
CSI_DATA,STA,E4:D1:24:F0:BE:00,-57,10,0,0,0,0,0,0,0,0,0,-97,0,5,0,119683260,0,399,0,0,120.075,128,[-113 -15 24 0 34 -19 33 -19 33 -19 32 -19 31 -18 31 -18 30 -17 29 -17 28 -16 27 -16 26 -15 26 -14 25 -12 24 -11 23 -10 23 -9 22 -8 21 -7 21 -6 20 -5 19 -4 18 -4 18 -3 17 -2 17 -1 0 0 0 0 0 0 0 0 0 0 0 0 0 0 0 0 0 0 0 0 0 0 14 -9 14 -7 14 -7 15 -6 16 -5 16 -5 16 -4 17 -4 17 -4 17 -4 18 -4 19 -4 20 -4 20 -4 21 -3 22 -5 22 -5 24 -6 25 -6 25 -7 26 -8 28 -9 29 -11 30 -13 32 -15 34 -16 ]
CSI_DATA,STA,E4:D1:24:F0:BE:00,-57,10,0,0,0,0,0,0,0,0,0,-97,0,5,0,119785662,0,399,0,0,120.178,128,[-113 -15 24 0 35 -2 34 -3 33 -4 32 -4 32 -4 31 -4 29 -3 29 -4 27 -4 26 -4 25 -3 25 -2 24 -2 22 -2 21 -1 20 0 20 1 19 1 17 2 17 1 16 2 15 2 15 3 14 3 13 4 0 0 0 0 0 0 0 0 0 0 0 0 0 0 0 0 0 0 0 0 0 0 14 -4 14 -3 15 -2 15 -1 15 0 15 0 16 1 17 1 17 2 17 2 17 2 18 3 19 3 20 3 21 4 21 3 22 4 23 4 24 3 25 3 27 2 28 2 29 2 31 1 33 0 35 -1 ]
CSI_DATA,STA,E4:D1:24:F0:BE:00,-57,10,0,0,0,0,0,0,0,0,0,-97,0,5,0,119888063,0,399,0,0,120.28,128,[-113 -15 24 0 -37 9 -36 9 -36 10 -34 10 -34 10 -33 9 -32 9 -32 9 -30 8 -29 8 -29 7 -28 6 -27 6 -26 5 -24 4 -24 3 -23 3 -22 2 -21 1 -20 0 -19 -1 -19 -1 -18 -1 -17 -2 -16 -3 0 0 0 0 0 0 0 0 0 0 0 0 0 0 0 0 0 0 0 0 0 0 -17 5 -17 4 -18 2 -18 2 -18 1 -19 0 -19 0 -19 -1 -20 -1 -20 -2 -20 -2 -21 -2 -22 -2 -22 -2 -23 -3 -24 -2 -25 -2 -25 -2 -27 -1 -28 -1 -29 0 -30 2 -32 2 -33 4 -35 5 -37 7 ]
CSI_DATA,STA,E4:D1:24:F0:BE:00,-58,10,0,0,0,0,0,0,0,0,0,-97,0,5,0,119990465,0,399,0,0,120.383,128,[-113 -15 24 0 37 -2 35 -2 35 -3 34 -2 33 -3 32 -3 31 -3 30 -3 30 -3 28 -2 27 -2 26 -1 25 -1 24 0 23 0 22 1 21 2 20 2 19 2 18 3 17 3 17 4 15 4 15 5 14 5 0 0 0 0 0 0 0 0 0 0 0 0 0 0 0 0 0 0 0 0 0 0 16 -3 16 -1 16 0 16 1 17 1 17 2 17 2 17 2 17 3 18 4 18 4 19 4 19 4 20 5 21 5 22 5 22 5 24 5 24 4 26 4 27 4 29 3 30 3 32 2 34 2 37 1 ]
CSI_DATA,STA,E4:D1:24:F0:BE:00,-58,10,0,0,0,0,0,0,0,0,0,-97,0,5,0,120092867,0,399,0,0,120.485,128,[-113 -15 24 0 -8 31 -7 30 -6 29 -6 27 -5 27 -5 27 -5 25 -4 25 -5 24 -4 23 -5 23 -5 21 -5 20 -5 20 -5 18 -5 18 -6 17 -6 17 -6 16 -6 15 -6 14 -6 13 -7 12 -7 11 -8 11 0 0 0 0 0 0 0 0 0 0 0 0 0 0 0 0 0 0 0 0 0 0 -3 14 -4 13 -5 13 -6 13 -6 13 -7 13 -8 13 -8 13 -8 13 -9 13 -9 13 -10 14 -10 14 -10 15 -10 15 -11 16 -10 16 -11 18 -11 18 -11 20 -10 21 -10 23 -10 24 -10 26 -10 27 -10 29 ]
CSI_DATA,STA,E4:D1:24:F0:BE:00,-57,10,0,0,0,0,0,0,0,0,0,-97,0,5,0,120195269,0,399,0,0,120.587,128,[-113 -15 24 0 -30 23 -30 23 -28 22 -27 22 -26 22 -26 21 -24 20 -24 20 -22 19 -22 18 -22 17 -21 16 -20 15 -20 14 -19 13 -19 12 -18 11 -18 11 -17 9 -17 9 -17 8 -16 7 -16 6 -16 5 -16 5 0 0 0 0 0 0 0 0 0 0 0 0 0 0 0 0 0 0 0 0 0 0 -13 11 -14 9 -15 9 -15 8 -16 8 -17 8 -17 7 -18 7 -18 7 -18 7 -18 6 -19 7 -20 7 -20 7 -21 7 -22 8 -22 8 -23 9 -24 10 -25 11 -25 12 -27 14 -27 15 -28 17 -29 19 -30 21 ]
CSI_DATA,STA,E4:D1:24:F0:BE:00,-58,10,0,0,0,0,0,0,0,0,0,-97,0,5,0,120297671,0,399,0,0,120.69,128,[-113 -15 24 0 19 -34 18 -34 17 -33 17 -32 16 -32 16 -31 16 -30 15 -30 15 -28 14 -28 13 -26 14 -25 14 -24 14 -22 13 -21 13 -20 13 -19 14 -18 13 -17 13 -16 13 -15 12 -13 12 -13 13 -12 14 -11 0 0 0 0 0 0 0 0 0 0 0 0 0 0 0 0 0 0 0 0 0 0 8 -16 9 -15 10 -15 10 -14 11 -14 12 -14 13 -13 14 -14 14 -13 14 -13 14 -13 15 -14 16 -14 16 -14 17 -15 17 -16 17 -17 18 -18 18 -19 19 -20 18 -21 20 -24 19 -25 19 -27 20 -29 21 -32 ]
CSI_DATA,STA,E4:D1:24:F0:BE:00,-58,10,0,0,0,0,0,0,0,0,0,-97,0,5,0,120400073,0,399,0,0,120.792,128,[-113 -15 24 0 -37 8 -36 8 -34 8 -34 8 -32 9 -32 9 -31 8 -29 8 -28 7 -28 7 -27 6 -26 5 -26 5 -24 4 -23 4 -22 3 -22 2 -21 2 -20 1 -20 1 -19 0 -18 0 -18 -1 -17 -2 -17 -2 0 0 0 0 0 0 0 0 0 0 0 0 0 0 0 0 0 0 0 0 0 0 -16 6 -17 4 -17 3 -17 2 -18 1 -18 1 -19 1 -19 0 -19 0 -19 -1 -20 -1 -21 -1 -22 -2 -22 -2 -23 -2 -23 -1 -25 -1 -25 -1 -26 0 -27 0 -29 1 -30 2 -31 3 -33 3 -35 4 -37 6 ]
CSI_DATA,STA,E4:D1:24:F0:BE:00,-58,10,0,0,0,0,0,0,0,0,0,-97,0,5,0,120604876,0,399,0,0,120.997,128,[-113 -15 24 0 -1 -32 -2 -31 -2 -31 -2 -29 -2 -29 -2 -28 -2 -27 -2 -27 -2 -26 -2 -25 -1 -24 -1 -23 -1 -22 0 -21 0 -20 1 -19 1 -18 2 -18 2 -17 2 -16 2 -15 2 -15 3 -14 4 -13 4 -13 0 0 0 0 0 0 0 0 0 0 0 0 0 0 0 0 0 0 0 0 0 0 -1 -15 0 -14 1 -14 2 -14 2 -14 3 -14 3 -14 3 -15 4 -15 4 -15 5 -15 5 -15 5 -16 5 -17 5 -17 5 -18 5 -18 5 -20 5 -20 4 -21 4 -23 3 -24 2 -26 2 -27 2 -29 2 -31 ]
CSI_DATA,STA,E4:D1:24:F0:BE:00,-57,10,0,0,0,0,0,0,0,0,0,-97,0,5,0,120707278,0,399,0,0,121.099,128,[-113 -15 24 0 3 38 4 37 4 35 4 35 4 34 4 33 4 32 4 31 3 29 3 29 3 27 2 26 2 26 1 24 1 23 0 22 -1 22 -1 21 -1 20 -2 19 -2 18 -3 17 -3 17 -4 16 -5 15 0 0 0 0 0 0 0 0 0 0 0 0 0 0 0 0 0 0 0 0 0 0 2 16 0 16 -1 16 -1 17 -2 16 -3 17 -3 18 -4 17 -4 18 -5 18 -5 18 -5 19 -5 19 -5 20 -6 21 -5 22 -5 23 -5 24 -4 26 -3 26 -3 28 -2 29 -2 31 -1 33 0 35 0 37 ]
CSI_DATA,STA,E4:D1:24:F0:BE:00,-58,10,0,0,0,0,0,0,0,0,0,-97,0,5,0,120809680,0,399,0,0,121.202,128,[-113 -15 24 0 1 -40 0 -38 0 -38 0 -37 0 -36 0 -35 0 -33 -1 -33 0 -32 0 -31 0 -30 1 -29 1 -27 1 -26 2 -25 2 -24 3 -23 3 -22 4 -21 4 -20 4 -19 5 -18 4 -17 6 -16 6 -16 0 0 0 0 0 0 0 0 0 0 0 0 0 0 0 0 0 0 0 0 0 0 0 -17 1 -17 2 -17 3 -17 3 -17 4 -17 5 -18 5 -18 6 -18 6 -19 6 -18 7 -19 7 -20 7 -21 8 -21 8 -22 8 -23 8 -25 7 -26 7 -27 7 -29 6 -30 6 -32 5 -34 5 -36 5 -38 ]
CSI_DATA,STA,E4:D1:24:F0:BE:00,-58,10,0,0,0,0,0,0,0,0,0,-97,0,5,0,120912082,0,399,0,0,121.304,128,[-113 -15 24 0 -5 31 -5 32 -4 30 -4 30 -3 29 -3 28 -3 27 -3 27 -3 26 -4 25 -4 24 -5 23 -4 22 -5 21 -5 20 -6 19 -6 18 -6 18 -6 16 -7 15 -6 15 -7 14 -7 13 -8 12 -8 11 0 0 0 0 0 0 0 0 0 0 0 0 0 0 0 0 0 0 0 0 0 0 -3 13 -4 12 -5 12 -5 12 -6 12 -6 12 -6 13 -7 13 -7 13 -8 13 -8 13 -9 14 -9 14 -9 14 -9 15 -9 16 -9 17 -9 17 -9 19 -8 20 -7 21 -7 23 -7 24 -8 26 -7 28 -6 30 ]
CSI_DATA,STA,E4:D1:24:F0:BE:00,-57,10,0,0,0,0,0,0,0,0,0,-97,0,5,0,121014484,0,399,0,0,121.407,128,[-113 -15 24 0 -37 -14 -37 -13 -35 -12 -35 -12 -34 -11 -33 -11 -32 -10 -32 -10 -30 -10 -29 -10 -28 -10 -27 -10 -26 -9 -24 -9 -23 -10 -22 -10 -21 -10 -20 -10 -18 -11 -18 -10 -17 -11 -16 -10 -15 -10 -14 -11 -12 -12 0 0 0 0 0 0 0 0 0 0 0 0 0 0 0 0 0 0 0 0 0 0 -16 -6 -16 -8 -16 -8 -16 -9 -15 -10 -15 -10 -15 -11 -16 -12 -16 -12 -15 -12 -15 -13 -16 -14 -16 -14 -17 -14 -18 -15 -19 -15 -20 -15 -20 -15 -22 -15 -23 -15 -26 -15 -27 -15 -29 -15 -31 -15 -34 -16 -36 -15 ]
CSI_DATA,STA,E4:D1:24:F0:BE:00,-58,10,0,0,0,0,0,0,0,0,0,-97,0,5,0,121116886,0,399,0,0,121.509,128,[-113 -15 24 0 -32 -21 -32 -19 -31 -19 -30 -18 -30 -17 -29 -16 -28 -16 -28 -15 -26 -15 -26 -15 -25 -15 -24 -14 -23 -14 -21 -14 -19 -14 -19 -14 -18 -14 -17 -14 -16 -13 -15 -13 -14 -13 -13 -13 -12 -13 -11 -13 -9 -13 0 0 0 0 0 0 0 0 0 0 0 0 0 0 0 0 0 0 0 0 0 0 -12 -9 -12 -11 -11 -11 -11 -11 -11 -12 -11 -13 -10 -12 -10 -13 -11 -14 -11 -14 -11 -14 -11 -15 -12 -16 -12 -16 -12 -17 -14 -17 -14 -17 -15 -18 -17 -18 -18 -19 -19 -19 -21 -19 -23 -19 -25 -21 -27 -21 -29 -22 ]
CSI_DATA,STA,E4:D1:24:F0:BE:00,-57,10,0,0,0,0,0,0,0,0,0,-97,0,5,0,121219287,0,399,0,0,121.611,128,[-113 -15 24 0 28 -20 28 -20 27 -20 27 -19 26 -19 25 -19 25 -18 24 -18 23 -17 23 -16 22 -15 21 -14 21 -13 20 -12 19 -11 19 -10 19 -9 18 -9 17 -8 17 -7 16 -6 16 -5 15 -4 15 -3 15 -2 0 0 0 0 0 0 0 0 0 0 0 0 0 0 0 0 0 0 0 0 0 0 11 -9 12 -8 12 -7 13 -7 13 -6 14 -6 14 -6 15 -6 15 -5 15 -5 16 -5 17 -5 17 -5 18 -5 19 -5 19 -6 20 -6 20 -7 21 -8 22 -8 23 -10 24 -11 25 -13 26 -14 28 -16 29 -18 ]
CSI_DATA,STA,E4:D1:24:F0:BE:00,-57,10,0,0,0,0,0,0,0,0,0,-97,0,5,0,121321689,0,399,0,0,121.714,128,[-113 -15 24 0 -2 34 -1 33 -1 32 0 30 1 30 1 29 1 28 0 28 0 27 -1 26 -1 24 -1 24 -1 23 -2 22 -2 20 -3 20 -3 19 -3 18 -4 17 -4 17 -4 15 -5 15 -5 14 -6 13 -6 13 0 0 0 0 0 0 0 0 0 0 0 0 0 0 0 0 0 0 0 0 0 0 0 14 -1 14 -2 14 -3 14 -3 14 -3 14 -4 14 -4 15 -5 15 -5 15 -6 15 -6 16 -6 17 -7 17 -7 18 -7 19 -7 19 -7 21 -6 21 -6 23 -5 24 -5 26 -4 27 -4 28 -4 31 -3 32 ]
CSI_DATA,STA,E4:D1:24:F0:BE:00,-58,10,0,0,0,0,0,0,0,0,0,-97,0,5,0,121424091,0,399,0,0,121.816,128,[-113 -15 24 0 -35 -13 -34 -12 -33 -11 -33 -10 -32 -9 -31 -10 -30 -9 -29 -8 -28 -9 -27 -9 -26 -8 -25 -8 -24 -9 -23 -8 -21 -8 -20 -8 -19 -8 -18 -9 -17 -9 -17 -9 -15 -9 -14 -8 -13 -9 -12 -9 -11 -9 0 0 0 0 0 0 0 0 0 0 0 0 0 0 0 0 0 0 0 0 0 0 -16 -5 -16 -6 -16 -7 -16 -8 -15 -8 -15 -9 -16 -10 -16 -10 -16 -10 -16 -11 -16 -11 -16 -12 -17 -13 -17 -14 -18 -14 -19 -14 -20 -14 -21 -14 -22 -15 -23 -14 -25 -15 -26 -15 -28 -14 -30 -15 -31 -15 -33 -15 ]
CSI_DATA,STA,E4:D1:24:F0:BE:00,-58,10,0,0,0,0,0,0,0,0,0,-97,0,5,0,121526493,0,399,0,0,121.919,128,[-113 -15 24 0 -33 17 -31 18 -30 17 -28 17 -28 17 -27 17 -26 16 -25 16 -24 15 -24 15 -23 14 -22 13 -21 12 -21 11 -20 10 -20 9 -19 8 -19 8 -18 7 -18 6 -17 5 -16 5 -15 4 -15 3 -16 2 0 0 0 0 0 0 0 0 0 0 0 0 0 0 0 0 0 0 0 0 0 0 -14 9 -14 7 -15 7 -15 6 -16 6 -16 5 -17 5 -18 5 -18 4 -19 4 -19 4 -20 4 -21 4 -21 4 -22 4 -23 4 -23 5 -25 5 -25 6 -26 6 -27 8 -28 9 -29 10 -30 12 -31 13 -32 14 ]
CSI_DATA,STA,E4:D1:24:F0:BE:00,-57,10,0,0,0,0,0,0,0,0,0,-97,0,5,0,121628895,0,399,0,0,122.021,128,[-113 -15 24 0 -35 20 -32 20 -32 20 -30 18 -29 19 -29 19 -27 18 -26 18 -26 17 -24 16 -24 15 -23 14 -22 13 -22 13 -20 11 -21 10 -19 9 -20 9 -19 8 -18 7 -17 6 -17 5 -16 4 -16 4 -16 3 0 0 0 0 0 0 0 0 0 0 0 0 0 0 0 0 0 0 0 0 0 0 -13 9 -14 9 -15 8 -15 7 -16 7 -17 7 -18 6 -18 6 -19 6 -20 6 -20 5 -21 5 -22 5 -22 5 -23 5 -25 6 -24 7 -26 7 -26 8 -28 9 -28 10 -30 11 -31 13 -32 14 -33 16 -34 17 ]
CSI_DATA,STA,E4:D1:24:F0:BE:00,-57,10,0,0,0,0,0,0,0,0,0,-97,0,5,0,121731297,0,399,0,0,122.123,128,[-113 -15 24 0 22 29 22 28 22 27 21 26 20 26 20 25 19 24 19 23 18 22 17 21 17 21 15 20 15 20 13 19 12 18 11 18 10 18 9 17 8 17 7 16 6 15 6 14 5 14 4 14 3 13 0 0 0 0 0 0 0 0 0 0 0 0 0 0 0 0 0 0 0 0 0 0 12 10 11 11 11 12 10 13 10 14 9 14 9 15 9 16 9 17 8 17 8 17 9 18 8 19 9 20 8 21 9 21 10 22 10 23 11 23 11 25 13 25 14 27 15 28 17 28 19 30 20 32 ]
CSI_DATA,STA,E4:D1:24:F0:BE:00,-57,10,0,0,0,0,0,0,0,0,0,-97,0,5,0,121833699,0,399,0,0,122.226,128,[-113 -15 24 0 -17 29 -16 29 -16 29 -15 27 -14 27 -14 27 -13 25 -13 25 -13 24 -13 23 -13 22 -12 21 -12 20 -12 19 -12 17 -12 17 -12 15 -12 14 -12 14 -12 13 -12 12 -11 11 -11 10 -11 9 -11 8 0 0 0 0 0 0 0 0 0 0 0 0 0 0 0 0 0 0 0 0 0 0 -6 13 -7 12 -8 12 -9 12 -9 12 -10 12 -11 12 -11 12 -12 12 -13 12 -13 12 -14 12 -14 13 -15 13 -15 14 -16 15 -16 15 -17 16 -17 17 -17 18 -17 20 -18 21 -18 22 -18 24 -18 26 -19 27 ]
CSI_DATA,STA,E4:D1:24:F0:BE:00,-58,10,0,0,0,0,0,0,0,0,0,-97,0,5,0,121936100,0,399,0,0,122.328,128,[-113 -15 24 0 39 12 38 12 37 11 38 11 36 11 35 10 33 10 32 10 31 10 30 10 29 10 27 10 25 10 24 10 22 10 21 10 20 11 19 10 18 10 16 10 15 10 14 10 13 10 12 10 11 10 0 0 0 0 0 0 0 0 0 0 0 0 0 0 0 0 0 0 0 0 0 0 15 4 15 5 14 5 14 6 14 7 15 7 15 8 15 8 15 9 15 9 16 9 16 10 17 11 18 12 19 12 20 12 21 12 21 13 23 13 25 13 26 13 28 13 30 13 33 14 35 14 38 14 ]
CSI_DATA,STA,E4:D1:24:F0:BE:00,-57,10,0,0,0,0,0,0,0,0,0,-97,0,5,0,122038502,0,399,0,0,122.431,128,[-113 -15 24 0 37 9 36 8 35 8 34 7 34 7 33 7 32 6 31 6 29 6 29 5 28 6 27 6 25 6 23 6 22 7 22 7 21 8 20 8 18 8 17 8 16 8 15 8 14 8 13 8 12 9 0 0 0 0 0 0 0 0 0 0 0 0 0 0 0 0 0 0 0 0 0 0 16 2 16 3 16 4 16 5 16 6 16 7 16 8 16 8 16 9 16 9 16 9 17 10 18 11 18 11 19 12 20 12 20 12 22 12 23 12 24 12 25 12 27 12 29 12 31 11 33 11 35 11 ]
CSI_DATA,STA,E4:D1:24:F0:BE:00,-57,10,0,0,0,0,0,0,0,0,0,-97,0,5,0,122140904,0,399,0,0,122.533,128,[-113 -15 24 0 -40 -1 -40 0 -38 0 -37 0 -36 1 -35 1 -33 1 -32 1 -31 0 -30 0 -30 -1 -28 -1 -27 -1 -26 -2 -24 -2 -23 -3 -22 -3 -21 -3 -20 -4 -19 -4 -18 -5 -17 -5 -16 -5 -15 -6 -14 -7 0 0 0 0 0 0 0 0 0 0 0 0 0 0 0 0 0 0 0 0 0 0 -17 2 -18 1 -18 -1 -18 -1 -18 -2 -19 -2 -19 -3 -20 -3 -20 -4 -20 -5 -20 -6 -21 -6 -22 -6 -23 -7 -24 -7 -25 -7 -26 -7 -26 -7 -28 -7 -29 -5 -31 -5 -32 -5 -33 -5 -35 -5 -38 -4 -40 -3 ]
CSI_DATA,STA,E4:D1:24:F0:BE:00,-57,10,0,0,0,0,0,0,0,0,0,-97,0,5,0,122243306,0,399,0,0,122.636,128,[-113 -15 24 0 -27 -28 -27 -27 -26 -26 -26 -25 -26 -24 -24 -23 -24 -22 -23 -22 -22 -21 -21 -21 -21 -20 -20 -19 -18 -19 -17 -18 -16 -18 -15 -18 -14 -18 -13 -17 -12 -16 -11 -16 -10 -16 -9 -15 -8 -15 -7 -15 -6 -15 0 0 0 0 0 0 0 0 0 0 0 0 0 0 0 0 0 0 0 0 0 0 -15 -11 -14 -13 -14 -14 -13 -15 -12 -15 -12 -16 -12 -16 -12 -17 -11 -18 -11 -18 -11 -19 -11 -20 -11 -20 -11 -21 -12 -22 -12 -22 -13 -23 -13 -24 -15 -25 -15 -25 -17 -25 -18 -26 -19 -27 -21 -28 -22 -29 -25 -31 ]
CSI_DATA,STA,E4:D1:24:F0:BE:00,-57,10,0,0,0,0,0,0,0,0,0,-97,0,5,0,122345708,0,399,0,0,122.738,128,[-113 -15 24 0 11 33 11 31 11 31 11 29 12 28 11 27 11 27 10 26 10 26 9 25 9 24 8 23 7 22 6 21 6 19 5 20 4 19 4 19 3 18 3 17 2 16 1 16 0 15 -1 14 -1 14 0 0 0 0 0 0 0 0 0 0 0 0 0 0 0 0 0 0 0 0 0 0 6 14 5 14 4 15 3 15 3 16 2 16 2 17 2 17 2 17 1 18 0 18 0 19 0 20 0 20 0 21 0 23 0 22 1 24 1 24 2 25 3 26 4 28 4 29 5 29 6 32 8 33 ]
CSI_DATA,STA,E4:D1:24:F0:BE:00,-58,10,0,0,0,0,0,0,0,0,0,-97,0,5,0,122448110,0,399,0,0,122.84,128,[-113 -15 24 0 -37 -6 -36 -4 -35 -4 -34 -4 -33 -4 -33 -3 -32 -3 -31 -3 -30 -4 -30 -3 -28 -4 -28 -4 -26 -4 -25 -5 -24 -5 -23 -5 -22 -6 -21 -7 -20 -7 -19 -7 -18 -8 -17 -7 -16 -8 -15 -8 -14 -9 0 0 0 0 0 0 0 0 0 0 0 0 0 0 0 0 0 0 0 0 0 0 -16 -4 -15 -5 -15 -6 -15 -6 -15 -7 -15 -7 -15 -8 -16 -8 -16 -9 -16 -10 -16 -10 -17 -11 -17 -11 -18 -11 -18 -11 -19 -11 -20 -11 -21 -11 -21 -11 -23 -11 -24 -10 -26 -11 -27 -10 -30 -9 -31 -9 -34 -9 ]
CSI_DATA,STA,E4:D1:24:F0:BE:00,-57,10,0,0,0,0,0,0,0,0,0,-97,0,5,0,122550510,0,399,0,0,122.943,128,[-113 -15 24 0 29 -25 28 -26 27 -25 26 -25 25 -25 25 -25 24 -23 23 -23 22 -22 22 -21 21 -20 21 -19 20 -18 20 -16 19 -15 18 -13 18 -13 18 -12 17 -11 16 -10 15 -9 15 -7 14 -7 14 -6 14 -4 0 0 0 0 0 0 0 0 0 0 0 0 0 0 0 0 0 0 0 0 0 0 11 -10 12 -9 13 -9 13 -8 14 -8 14 -8 14 -8 15 -8 16 -8 17 -8 17 -8 18 -8 19 -8 19 -8 20 -9 21 -9 21 -11 23 -11 23 -12 24 -12 25 -15 26 -15 26 -17 28 -19 29 -21 30 -23 ]
CSI_DATA,STA,E4:D1:24:F0:BE:00,-58,10,0,0,0,0,0,0,0,0,0,-97,0,5,0,122652912,0,399,0,0,123.045,128,[-113 -15 24 0 1 -33 0 -32 0 -31 0 -30 -1 -29 -1 -29 -1 -28 -1 -27 0 -27 0 -26 0 -24 0 -24 1 -23 1 -22 2 -20 2 -19 2 -19 3 -18 3 -17 3 -16 4 -15 4 -14 4 -13 5 -13 5 -11 0 0 0 0 0 0 0 0 0 0 0 0 0 0 0 0 0 0 0 0 0 0 -1 -14 1 -14 1 -14 2 -14 2 -14 2 -14 3 -14 3 -15 4 -15 4 -16 4 -16 5 -16 5 -17 6 -18 5 -18 5 -19 5 -20 6 -21 5 -22 6 -23 5 -24 5 -26 5 -27 4 -28 4 -30 3 -32 ]
CSI_DATA,STA,E4:D1:24:F0:BE:00,-57,10,0,0,0,0,0,0,0,0,0,-97,0,5,0,122755314,0,399,0,0,123.148,128,[-113 -15 24 0 34 -20 32 -21 31 -21 30 -20 28 -20 28 -20 27 -20 26 -19 25 -19 24 -18 24 -17 23 -16 21 -15 21 -14 20 -13 20 -12 19 -11 19 -10 18 -9 18 -9 17 -7 16 -6 15 -5 15 -4 14 -3 0 0 0 0 0 0 0 0 0 0 0 0 0 0 0 0 0 0 0 0 0 0 14 -10 14 -9 15 -8 15 -7 16 -7 17 -7 18 -7 18 -7 19 -6 19 -6 19 -6 21 -6 22 -6 23 -6 23 -6 24 -7 25 -6 26 -7 27 -8 28 -9 29 -11 30 -11 31 -13 32 -14 34 -16 35 -18 ]
CSI_DATA,STA,E4:D1:24:F0:BE:00,-57,10,0,0,0,0,0,0,0,0,0,-97,0,5,0,122857716,0,399,0,0,123.25,128,[-113 -15 24 0 -14 -39 -14 -37 -13 -36 -13 -35 -14 -33 -13 -32 -13 -31 -12 -30 -12 -29 -11 -28 -11 -27 -10 -26 -9 -25 -8 -24 -7 -22 -7 -22 -6 -21 -5 -21 -4 -19 -4 -19 -3 -18 -3 -16 -2 -16 -1 -15 0 -15 0 0 0 0 0 0 0 0 0 0 0 0 0 0 0 0 0 0 0 0 0 0 -7 -15 -6 -16 -5 -16 -5 -17 -5 -17 -4 -18 -4 -18 -4 -19 -4 -20 -3 -20 -3 -21 -3 -22 -2 -23 -2 -24 -3 -25 -3 -26 -3 -27 -3 -28 -4 -29 -4 -30 -5 -31 -6 -33 -7 -34 -8 -35 -9 -37 -10 -39 ]
CSI_DATA,STA,E4:D1:24:F0:BE:00,-58,10,0,0,0,0,0,0,0,0,0,-97,0,5,0,122960118,0,399,0,0,123.352,128,[-113 -15 24 0 29 12 27 11 27 10 26 9 26 9 26 8 25 8 24 7 23 7 23 6 22 6 21 7 20 7 19 7 18 6 18 7 17 7 16 7 15 8 14 8 13 8 12 8 12 8 10 8 9 9 0 0 0 0 0 0 0 0 0 0 0 0 0 0 0 0 0 0 0 0 0 0 15 4 14 5 14 7 13 7 13 8 13 9 13 9 13 10 13 11 14 11 13 11 14 12 14 13 14 13 14 14 15 14 16 14 17 15 17 14 18 15 19 15 21 15 22 15 23 14 26 14 26 14 ]
CSI_DATA,STA,E4:D1:24:F0:BE:00,-57,10,0,0,0,0,0,0,0,0,0,-97,0,5,0,123062520,0,399,0,0,123.455,128,[-113 -15 24 0 -31 -23 -30 -23 -30 -22 -30 -21 -30 -21 -29 -20 -28 -20 -28 -19 -26 -19 -25 -19 -24 -18 -23 -18 -22 -18 -21 -17 -19 -17 -18 -17 -17 -17 -16 -17 -15 -17 -13 -17 -12 -16 -11 -16 -10 -16 -8 -15 -7 -16 0 0 0 0 0 0 0 0 0 0 0 0 0 0 0 0 0 0 0 0 0 0 -14 -11 -13 -11 -12 -12 -12 -13 -11 -14 -11 -14 -12 -14 -12 -15 -11 -15 -11 -16 -11 -17 -11 -17 -12 -18 -12 -19 -12 -19 -13 -20 -14 -20 -15 -21 -16 -21 -17 -21 -19 -22 -20 -23 -22 -23 -23 -24 -26 -25 -29 -26 ]
CSI_DATA,STA,E4:D1:24:F0:BE:00,-58,10,0,0,0,0,0,0,0,0,0,-97,0,5,0,123164922,0,399,0,0,123.557,128,[-113 -15 24 0 29 -29 28 -29 26 -28 25 -27 24 -27 23 -26 23 -25 22 -25 21 -24 20 -23 20 -22 19 -20 18 -19 18 -18 17 -17 17 -16 17 -15 17 -14 16 -13 15 -12 15 -11 14 -10 14 -9 14 -8 14 -7 0 0 0 0 0 0 0 0 0 0 0 0 0 0 0 0 0 0 0 0 0 0 12 -15 13 -13 14 -13 14 -12 15 -12 15 -11 16 -12 16 -11 17 -11 18 -11 18 -11 19 -11 19 -11 21 -12 21 -12 22 -13 23 -13 24 -14 24 -15 25 -16 26 -17 27 -19 27 -20 28 -22 29 -24 30 -26 ]
CSI_DATA,STA,E4:D1:24:F0:BE:00,-58,10,0,0,0,0,0,0,0,0,0,-97,0,5,0,123267323,0,399,0,0,123.659,128,[-113 -15 24 0 -34 4 -32 4 -32 4 -31 4 -30 4 -29 4 -28 4 -28 4 -27 4 -26 3 -25 3 -24 2 -23 2 -22 1 -21 0 -21 0 -19 -1 -19 -1 -18 -2 -17 -2 -16 -3 -15 -3 -14 -4 -14 -4 -13 -5 0 0 0 0 0 0 0 0 0 0 0 0 0 0 0 0 0 0 0 0 0 0 -13 0 -12 -1 -13 -1 -13 -2 -13 -2 -13 -2 -14 -2 -14 -2 -15 -2 -15 -3 -15 -3 -16 -3 -16 -3 -17 -4 -18 -4 -19 -4 -20 -4 -21 -3 -22 -3 -23 -3 -24 -2 -25 -1 -27 -1 -29 0 -30 1 -32 1 ]
CSI_DATA,STA,E4:D1:24:F0:BE:00,-57,10,0,0,0,0,0,0,0,0,0,-97,0,5,0,123369725,0,399,0,0,123.762,128,[-113 -15 24 0 -10 -38 -10 -36 -9 -36 -10 -34 -10 -33 -9 -32 -9 -31 -9 -30 -8 -29 -8 -28 -8 -27 -7 -26 -6 -25 -5 -24 -5 -23 -4 -22 -3 -21 -3 -21 -2 -20 -1 -19 -1 -18 -1 -17 0 -16 1 -16 2 -15 0 0 0 0 0 0 0 0 0 0 0 0 0 0 0 0 0 0 0 0 0 0 -7 -17 -5 -17 -4 -17 -4 -18 -3 -19 -2 -19 -2 -19 -2 -19 -1 -20 0 -21 0 -20 1 -21 0 -22 1 -23 0 -24 1 -25 0 -25 0 -27 0 -27 -1 -28 -2 -30 -2 -31 -3 -32 -4 -34 -5 -36 -5 -38 ]
CSI_DATA,STA,E4:D1:24:F0:BE:00,-58,10,0,0,0,0,0,0,0,0,0,-97,0,5,0,123472127,0,399,0,0,123.864,128,[-113 -15 24 0 -18 27 -17 27 -16 26 -16 25 -15 25 -15 24 -14 23 -14 23 -13 22 -13 21 -13 20 -13 19 -13 19 -12 18 -12 16 -13 16 -12 15 -12 14 -12 12 -12 12 -12 11 -12 10 -11 9 -12 8 -12 7 0 0 0 0 0 0 0 0 0 0 0 0 0 0 0 0 0 0 0 0 0 0 -8 12 -9 11 -10 11 -11 10 -11 10 -12 10 -13 10 -13 9 -13 9 -13 9 -14 9 -14 10 -14 10 -15 10 -15 10 -16 12 -16 12 -16 13 -16 14 -17 15 -17 16 -18 18 -18 19 -18 21 -18 22 -19 24 ]
CSI_DATA,STA,E4:D1:24:F0:BE:00,-58,10,0,0,0,0,0,0,0,0,0,-97,0,5,0,123574529,0,399,0,0,123.967,128,[-113 -15 24 0 2 32 3 31 3 30 3 29 3 29 3 28 3 27 3 27 3 26 3 25 3 24 2 23 1 23 1 22 0 21 0 20 -1 19 -2 19 -2 18 -3 17 -3 16 -3 15 -4 15 -5 14 -5 13 0 0 0 0 0 0 0 0 0 0 0 0 0 0 0 0 0 0 0 0 0 0 0 13 -1 13 -2 13 -3 13 -3 13 -3 14 -4 14 -4 14 -4 15 -5 15 -4 15 -5 16 -5 16 -5 17 -5 17 -6 18 -6 19 -5 20 -5 21 -5 22 -4 23 -4 25 -2 26 -2 27 -1 29 0 31 ]
CSI_DATA,STA,E4:D1:24:F0:BE:00,-57,10,0,0,0,0,0,0,0,0,0,-97,0,5,0,123676931,0,399,0,0,124.069,128,[-113 -15 24 0 14 -38 13 -37 12 -37 12 -35 10 -34 11 -34 9 -33 10 -32 9 -31 9 -30 9 -29 9 -28 9 -26 9 -25 10 -24 10 -23 10 -21 10 -21 10 -19 11 -18 10 -17 11 -16 11 -15 11 -14 12 -12 0 0 0 0 0 0 0 0 0 0 0 0 0 0 0 0 0 0 0 0 0 0 6 -16 7 -16 8 -15 8 -15 10 -15 10 -15 10 -15 11 -15 11 -15 12 -15 12 -15 13 -16 14 -16 14 -17 14 -17 15 -19 15 -19 15 -21 15 -22 15 -23 15 -25 16 -27 16 -28 15 -30 16 -33 16 -35 ]
CSI_DATA,STA,E4:D1:24:F0:BE:00,-57,10,0,0,0,0,0,0,0,0,0,-97,0,5,0,123779333,0,399,0,0,124.172,128,[-113 -15 24 0 -17 27 -16 27 -15 26 -14 25 -13 25 -13 24 -12 23 -12 23 -12 22 -12 22 -12 20 -11 19 -11 19 -11 18 -11 16 -11 16 -11 15 -11 14 -11 14 -11 13 -11 12 -11 10 -11 10 -11 9 -11 8 0 0 0 0 0 0 0 0 0 0 0 0 0 0 0 0 0 0 0 0 0 0 -6 13 -8 12 -9 12 -9 12 -10 11 -10 11 -11 11 -11 11 -12 12 -13 11 -13 11 -14 12 -14 12 -15 12 -15 13 -16 13 -16 14 -16 14 -16 15 -17 16 -17 18 -18 19 -18 20 -18 22 -18 24 -19 25 ]
CSI_DATA,STA,E4:D1:24:F0:BE:00,-57,10,0,0,0,0,0,0,0,0,0,-97,0,5,0,123881735,0,399,0,0,124.274,128,[-113 -15 24 0 13 29 13 28 13 27 13 26 12 26 12 25 12 24 11 24 11 23 10 22 9 21 9 21 8 20 7 20 6 18 5 19 4 18 4 17 3 17 2 16 2 15 1 15 1 14 0 13 -2 13 0 0 0 0 0 0 0 0 0 0 0 0 0 0 0 0 0 0 0 0 0 0 5 11 4 11 3 12 3 12 3 12 3 12 3 13 2 13 2 14 2 14 2 14 2 15 2 16 2 17 2 17 2 18 2 19 3 20 4 20 5 21 6 22 6 24 7 25 9 26 9 28 11 29 ]
CSI_DATA,STA,E4:D1:24:F0:BE:00,-57,10,0,0,0,0,0,0,0,0,0,-97,0,5,0,123984136,0,399,0,0,124.376,128,[-113 -15 24 0 34 -19 32 -19 32 -18 30 -18 30 -18 29 -18 28 -16 27 -17 27 -16 26 -15 25 -14 24 -13 22 -12 23 -12 21 -10 21 -9 20 -8 20 -8 19 -7 19 -6 18 -5 17 -4 17 -3 16 -2 15 -1 0 0 0 0 0 0 0 0 0 0 0 0 0 0 0 0 0 0 0 0 0 0 12 -7 12 -6 13 -6 13 -5 14 -5 14 -4 15 -5 15 -4 16 -4 16 -4 16 -4 17 -4 19 -3 19 -4 20 -4 21 -5 21 -5 23 -6 23 -7 25 -8 25 -8 27 -10 28 -11 30 -12 31 -14 33 -15 ]
CSI_DATA,STA,E4:D1:24:F0:BE:00,-57,10,0,0,0,0,0,0,0,0,0,-97,0,5,0,124086538,0,399,0,0,124.479,128,[-113 -15 24 0 13 34 12 32 13 32 12 30 12 29 12 28 11 27 11 27 10 26 10 25 9 24 9 23 7 22 7 21 6 20 5 20 4 19 3 19 3 18 2 17 1 16 1 15 0 15 0 14 -2 13 0 0 0 0 0 0 0 0 0 0 0 0 0 0 0 0 0 0 0 0 0 0 7 12 6 13 6 13 5 14 5 15 5 15 4 16 4 17 4 17 3 17 3 18 3 19 3 20 3 21 3 21 3 23 3 23 3 25 4 25 4 26 5 27 6 29 7 30 7 32 9 33 11 35 ]
CSI_DATA,STA,E4:D1:24:F0:BE:00,-57,10,0,0,0,0,0,0,0,0,0,-97,0,5,0,124188940,0,399,0,0,124.581,128,[-113 -15 24 0 -11 -31 -11 -30 -12 -29 -12 -28 -12 -27 -11 -27 -11 -26 -11 -25 -11 -24 -10 -24 -10 -22 -9 -22 -9 -21 -8 -20 -7 -19 -6 -18 -6 -18 -5 -17 -4 -17 -4 -16 -3 -15 -3 -15 -2 -14 -1 -14 -1 -14 0 0 0 0 0 0 0 0 0 0 0 0 0 0 0 0 0 0 0 0 0 0 -8 -14 -7 -15 -6 -15 -6 -16 -5 -16 -4 -17 -4 -17 -3 -18 -3 -18 -3 -19 -3 -19 -2 -20 -2 -21 -2 -21 -2 -22 -2 -23 -2 -24 -2 -24 -3 -25 -3 -26 -4 -27 -4 -28 -5 -28 -6 -30 -7 -31 -8 -33 ]
CSI_DATA,STA,E4:D1:24:F0:BE:00,-58,10,0,0,0,0,0,0,0,0,0,-97,0,5,0,124291342,0,399,0,0,124.684,128,[-113 -15 24 0 27 -24 26 -24 24 -23 24 -23 22 -23 22 -23 21 -22 20 -22 19 -21 19 -20 19 -19 18 -18 18 -18 17 -16 17 -16 17 -14 16 -14 16 -13 16 -12 15 -11 15 -10 15 -9 14 -8 14 -7 14 -7 0 0 0 0 0 0 0 0 0 0 0 0 0 0 0 0 0 0 0 0 0 0 11 -12 12 -11 12 -10 13 -10 13 -9 14 -9 14 -9 15 -9 16 -9 16 -9 16 -9 18 -9 18 -9 19 -9 20 -10 20 -10 21 -11 22 -11 23 -12 23 -13 24 -14 25 -15 25 -16 26 -18 27 -19 28 -21 ]
CSI_DATA,STA,E4:D1:24:F0:BE:00,-57,10,0,0,0,0,0,0,0,0,0,-97,0,5,0,124393744,0,399,0,0,124.786,128,[-113 -15 24 0 -6 40 -4 38 -5 37 -3 35 -3 35 -3 34 -2 32 -3 32 -3 31 -3 29 -3 28 -3 27 -3 26 -4 25 -4 23 -5 23 -5 21 -5 21 -6 19 -6 19 -6 18 -7 17 -7 15 -8 15 -8 13 0 0 0 0 0 0 0 0 0 0 0 0 0 0 0 0 0 0 0 0 0 0 -1 16 -2 16 -3 16 -4 16 -5 17 -5 16 -6 17 -6 18 -7 18 -8 18 -8 18 -9 19 -9 20 -9 21 -10 21 -10 23 -10 23 -10 25 -10 25 -10 26 -9 28 -9 30 -9 32 -9 33 -9 36 -8 38 ]
CSI_DATA,STA,E4:D1:24:F0:BE:00,-57,10,0,0,0,0,0,0,0,0,0,-97,0,5,0,124496146,0,399,0,0,124.888,128,[-113 -15 24 0 32 18 32 17 31 16 30 15 29 14 29 14 28 13 26 12 26 12 25 12 23 12 22 11 21 11 21 11 19 11 18 11 18 11 17 11 16 11 15 11 14 10 13 11 12 10 11 11 10 11 0 0 0 0 0 0 0 0 0 0 0 0 0 0 0 0 0 0 0 0 0 0 13 5 12 6 12 6 12 7 13 8 13 9 13 10 13 10 14 10 13 11 14 12 14 13 15 14 16 14 16 15 17 15 17 16 19 16 20 17 21 18 23 18 24 18 25 19 27 19 29 20 31 20 ]
CSI_DATA,STA,E4:D1:24:F0:BE:00,-58,10,0,0,0,0,0,0,0,0,0,-97,0,5,0,124598547,0,399,0,0,124.991,128,[-113 -15 24 0 -2 32 -1 32 -1 30 0 30 0 29 -1 28 0 26 0 26 0 25 0 24 -1 23 -1 22 -1 21 -2 19 -2 18 -2 18 -3 17 -3 16 -3 15 -4 15 -4 14 -4 12 -4 12 -5 11 -5 11 0 0 0 0 0 0 0 0 0 0 0 0 0 0 0 0 0 0 0 0 0 0 2 13 1 13 0 13 0 14 -1 14 -1 15 -2 15 -3 15 -3 15 -3 16 -3 16 -4 17 -4 17 -5 18 -5 19 -5 19 -5 21 -5 21 -5 22 -5 23 -4 24 -4 26 -4 27 -4 29 -3 30 -3 33 ]
CSI_DATA,STA,E4:D1:24:F0:BE:00,-57,10,0,0,0,0,0,0,0,0,0,-97,0,5,0,124700949,0,399,0,0,125.093,128,[-113 -15 24 0 2 38 2 37 2 35 3 35 3 34 3 33 3 31 3 31 3 29 2 28 2 28 1 26 1 26 0 24 -1 23 -1 22 -2 21 -2 20 -2 19 -3 18 -3 17 -4 16 -4 16 -5 14 -6 14 0 0 0 0 0 0 0 0 0 0 0 0 0 0 0 0 0 0 0 0 0 0 3 15 1 15 0 15 0 16 -1 16 -1 17 -2 17 -2 18 -3 18 -3 18 -4 19 -4 20 -5 21 -5 21 -5 22 -5 23 -5 24 -5 25 -5 26 -5 27 -4 29 -3 30 -3 32 -2 33 -2 36 -1 38 ]
CSI_DATA,STA,E4:D1:24:F0:BE:00,-58,10,0,0,0,0,0,0,0,0,0,-97,0,5,0,124803351,0,399,0,0,125.195,128,[-113 -15 24 0 18 32 18 30 19 31 18 29 17 28 17 27 17 27 16 26 15 26 14 25 14 24 12 23 11 22 11 22 9 20 9 21 8 19 7 19 6 18 5 18 5 17 4 17 3 16 1 15 1 15 0 0 0 0 0 0 0 0 0 0 0 0 0 0 0 0 0 0 0 0 0 0 9 13 7 13 7 14 6 15 6 16 5 16 5 16 4 16 5 17 4 18 3 18 3 19 4 20 4 20 4 20 4 22 5 21 6 24 6 23 8 25 9 26 10 26 11 29 12 30 14 31 15 33 ]
CSI_DATA,STA,E4:D1:24:F0:BE:00,-57,10,0,0,0,0,0,0,0,0,0,-97,0,5,0,124905753,0,399,0,0,125.298,128,[-113 -15 24 0 29 -12 28 -12 28 -12 27 -12 26 -12 25 -11 25 -11 24 -11 23 -11 22 -10 22 -9 21 -8 20 -7 20 -7 18 -6 18 -6 18 -5 17 -4 16 -3 16 -3 15 -2 14 -1 13 -1 13 0 12 1 0 0 0 0 0 0 0 0 0 0 0 0 0 0 0 0 0 0 0 0 0 0 10 -5 11 -5 12 -4 12 -4 13 -3 12 -3 13 -3 13 -2 14 -2 14 -2 14 -2 15 -2 16 -1 16 -2 17 -1 18 -2 18 -3 19 -3 20 -4 21 -4 22 -5 24 -6 25 -7 26 -8 28 -9 29 -10 ]
CSI_DATA,STA,E4:D1:24:F0:BE:00,-57,10,0,0,0,0,0,0,0,0,0,-97,0,5,0,125008155,0,399,0,0,125.4,128,[-113 -15 24 0 23 20 24 19 23 18 22 17 22 16 22 16 21 15 21 15 20 14 19 14 19 14 18 13 17 13 15 13 14 13 14 13 13 13 12 13 11 13 10 13 9 13 8 12 7 12 6 12 5 12 0 0 0 0 0 0 0 0 0 0 0 0 0 0 0 0 0 0 0 0 0 0 10 7 9 8 9 9 9 9 9 10 9 10 8 11 9 12 8 12 9 12 9 13 9 14 9 14 9 15 9 16 10 16 10 16 11 17 12 17 13 18 14 18 16 19 17 19 19 20 20 21 22 21 ]
CSI_DATA,STA,E4:D1:24:F0:BE:00,-57,10,0,0,0,0,0,0,0,0,0,-97,0,5,0,125110557,0,399,0,0,125.503,128,[-113 -15 24 0 39 4 39 4 38 3 37 3 36 2 35 2 34 2 33 2 32 2 31 2 30 3 28 3 27 3 26 4 24 4 23 5 22 5 21 6 20 6 18 6 17 7 16 7 15 7 14 8 12 8 0 0 0 0 0 0 0 0 0 0 0 0 0 0 0 0 0 0 0 0 0 0 17 -1 16 1 17 2 16 2 17 3 17 4 18 4 18 4 18 6 19 6 19 7 20 7 20 8 21 9 22 8 22 9 23 9 25 9 26 9 27 9 29 8 31 8 32 7 35 7 37 7 40 5 ]
CSI_DATA,STA,E4:D1:24:F0:BE:00,-57,10,0,0,0,0,0,0,0,0,0,-97,0,5,0,125212959,0,399,0,0,125.605,128,[-113 -15 24 0 -35 -19 -34 -18 -34 -17 -33 -16 -33 -16 -32 -16 -31 -15 -31 -15 -29 -14 -29 -14 -28 -14 -26 -14 -25 -14 -24 -14 -22 -13 -22 -14 -20 -14 -19 -14 -18 -14 -16 -14 -15 -14 -14 -14 -13 -13 -12 -14 -11 -14 0 0 0 0 0 0 0 0 0 0 0 0 0 0 0 0 0 0 0 0 0 0 -14 -8 -13 -8 -13 -10 -13 -10 -13 -11 -13 -11 -13 -12 -13 -13 -13 -13 -13 -14 -14 -14 -14 -15 -15 -16 -15 -16 -15 -17 -17 -18 -17 -18 -18 -19 -19 -19 -21 -19 -22 -19 -24 -19 -25 -20 -28 -20 -30 -21 -32 -21 ]
CSI_DATA,STA,E4:D1:24:F0:BE:00,-57,10,0,0,0,0,0,0,0,0,0,-97,0,5,0,125315360,0,399,0,0,125.708,128,[-113 -15 24 0 20 33 21 32 20 30 21 30 20 29 19 28 19 27 18 26 17 25 17 25 16 24 15 24 14 23 12 22 11 21 10 20 9 21 8 20 7 19 6 18 5 18 5 17 4 17 2 16 1 15 0 0 0 0 0 0 0 0 0 0 0 0 0 0 0 0 0 0 0 0 0 0 10 11 9 13 8 13 8 14 7 14 7 15 7 16 6 17 7 18 6 18 6 19 6 19 6 20 6 21 6 23 7 23 7 24 7 24 9 25 10 26 10 27 13 28 13 29 15 31 16 32 19 35 ]
CSI_DATA,STA,E4:D1:24:F0:BE:00,-57,10,0,0,0,0,0,0,0,0,0,-97,0,5,0,125520164,0,399,0,0,125.912,128,[-113 -15 24 0 -22 32 -20 32 -19 31 -18 30 -18 31 -17 30 -16 29 -16 28 -16 27 -16 26 -16 25 -16 24 -15 23 -15 22 -15 19 -15 19 -15 18 -15 17 -15 16 -15 15 -15 13 -14 12 -15 11 -15 10 -15 8 0 0 0 0 0 0 0 0 0 0 0 0 0 0 0 0 0 0 0 0 0 0 -8 13 -9 13 -11 12 -10 12 -12 12 -12 12 -13 13 -14 12 -14 12 -15 12 -15 12 -16 12 -17 13 -17 12 -18 13 -19 14 -19 15 -20 16 -19 17 -20 18 -20 20 -20 21 -21 23 -22 25 -22 27 -23 30 ]
CSI_DATA,STA,E4:D1:24:F0:BE:00,-58,10,0,0,0,0,0,0,0,0,0,-97,0,5,0,125622568,0,399,0,0,126.015,128,[-113 -15 24 0 -7 31 -6 31 -6 30 -5 29 -4 29 -4 28 -4 27 -4 27 -4 26 -5 25 -5 24 -5 23 -5 22 -5 21 -5 20 -6 19 -6 19 -7 18 -7 17 -7 16 -7 15 -7 14 -8 13 -8 12 -9 11 0 0 0 0 0 0 0 0 0 0 0 0 0 0 0 0 0 0 0 0 0 0 -3 14 -5 14 -6 14 -6 14 -7 14 -7 13 -8 14 -8 14 -9 14 -10 14 -10 14 -11 14 -11 14 -12 14 -12 15 -12 16 -12 17 -12 18 -12 19 -11 20 -11 21 -11 23 -11 24 -11 25 -10 27 -10 29 ]
CSI_DATA,STA,E4:D1:24:F0:BE:00,-57,10,0,0,0,0,0,0,0,0,0,-97,0,5,0,125724970,0,399,0,0,126.117,128,[-113 -15 24 0 36 6 36 6 35 5 34 5 34 5 32 5 32 4 31 4 29 4 28 4 28 4 27 5 25 5 24 5 23 6 22 6 21 7 20 7 18 7 18 8 16 8 15 8 14 8 13 8 12 9 0 0 0 0 0 0 0 0 0 0 0 0 0 0 0 0 0 0 0 0 0 0 17 -1 17 1 17 2 17 3 17 4 17 5 18 6 18 7 18 7 18 8 18 8 18 9 19 9 20 10 20 10 21 10 22 10 22 10 24 11 25 11 26 10 28 10 30 9 32 10 34 9 36 9 ]
CSI_DATA,STA,E4:D1:24:F0:BE:00,-57,10,0,0,0,0,0,0,0,0,0,-97,0,5,0,125827372,0,399,0,0,126.22,128,[-113 -15 24 0 31 21 31 21 31 19 30 18 29 18 29 17 27 16 26 16 26 15 25 15 24 14 22 14 21 14 19 14 18 13 17 13 16 13 15 13 14 13 13 13 11 13 11 12 10 12 9 12 8 12 0 0 0 0 0 0 0 0 0 0 0 0 0 0 0 0 0 0 0 0 0 0 16 6 15 7 15 9 14 9 15 10 15 12 14 12 15 13 14 14 14 14 14 15 14 16 15 17 15 18 15 18 16 19 16 20 17 20 18 20 19 21 21 21 22 22 24 21 26 22 28 22 31 23 ]
CSI_DATA,STA,E4:D1:24:F0:BE:00,-57,10,0,0,0,0,0,0,0,0,0,-97,0,5,0,125929773,0,399,0,0,126.322,128,[-113 -15 24 0 -23 -34 -22 -32 -22 -33 -22 -31 -22 -30 -21 -30 -20 -29 -19 -28 -18 -27 -18 -26 -17 -26 -16 -25 -15 -24 -14 -24 -12 -22 -12 -22 -10 -22 -10 -21 -9 -21 -8 -20 -7 -19 -6 -19 -5 -18 -4 -18 -2 -17 0 0 0 0 0 0 0 0 0 0 0 0 0 0 0 0 0 0 0 0 0 0 -10 -12 -9 -13 -9 -14 -9 -15 -8 -15 -8 -16 -8 -17 -8 -17 -7 -18 -7 -19 -6 -19 -6 -20 -6 -21 -6 -22 -7 -22 -7 -24 -8 -24 -8 -25 -9 -26 -10 -26 -12 -27 -13 -29 -14 -30 -15 -32 -17 -33 -19 -36 ]
CSI_DATA,STA,E4:D1:24:F0:BE:00,-57,10,0,0,0,0,0,0,0,0,0,-97,0,5,0,126032175,0,399,0,0,126.424,128,[-113 -15 24 0 34 -19 32 -19 32 -19 30 -18 29 -18 29 -17 27 -17 26 -16 26 -16 25 -15 24 -15 23 -14 22 -12 21 -12 20 -11 20 -10 19 -9 19 -8 18 -7 17 -7 16 -6 16 -5 15 -5 15 -4 14 -3 0 0 0 0 0 0 0 0 0 0 0 0 0 0 0 0 0 0 0 0 0 0 12 -10 12 -9 14 -9 14 -8 15 -8 16 -7 17 -7 17 -7 18 -6 18 -6 19 -6 20 -6 20 -6 21 -6 22 -5 23 -6 23 -6 25 -7 25 -8 27 -8 27 -10 29 -11 30 -12 31 -13 33 -15 34 -16 ]
CSI_DATA,STA,E4:D1:24:F0:BE:00,-58,10,0,0,0,0,0,0,0,0,0,-97,0,5,0,126134577,0,399,0,0,126.527,128,[-113 -15 24 0 3 -38 2 -37 3 -36 2 -35 1 -34 1 -34 1 -32 1 -32 1 -31 1 -30 1 -28 2 -27 2 -25 2 -25 3 -23 3 -22 4 -22 4 -21 4 -19 4 -18 5 -17 5 -16 5 -15 5 -15 6 -13 0 0 0 0 0 0 0 0 0 0 0 0 0 0 0 0 0 0 0 0 0 0 1 -16 2 -16 3 -16 4 -16 5 -16 5 -17 6 -17 6 -18 7 -17 7 -18 8 -18 8 -18 9 -19 9 -19 9 -19 9 -21 9 -21 9 -22 9 -24 9 -25 8 -27 8 -28 7 -30 7 -31 6 -34 6 -36 ]
CSI_DATA,STA,E4:D1:24:F0:BE:00,-57,10,0,0,0,0,0,0,0,0,0,-97,0,5,0,126236979,0,399,0,0,126.629,128,[-113 -15 24 0 38 0 38 0 37 -1 36 -1 35 -1 34 -1 33 -1 32 -2 30 -2 30 -1 29 -1 28 0 27 1 25 1 23 2 22 2 21 3 21 3 20 3 19 3 18 4 16 4 16 5 15 5 13 6 0 0 0 0 0 0 0 0 0 0 0 0 0 0 0 0 0 0 0 0 0 0 16 -1 17 1 16 2 17 3 17 3 18 4 18 4 18 5 19 6 18 6 18 7 19 8 20 8 21 8 21 8 22 8 23 8 23 8 25 8 26 7 27 7 29 6 30 5 33 5 35 4 38 3 ]
CSI_DATA,STA,E4:D1:24:F0:BE:00,-57,10,0,0,0,0,0,0,0,0,0,-97,0,5,0,126339381,0,399,0,0,126.731,128,[-113 -15 24 0 33 -24 31 -24 30 -24 29 -23 28 -23 28 -23 26 -22 26 -21 25 -21 24 -20 23 -19 23 -18 22 -17 21 -16 21 -15 21 -13 19 -13 20 -12 19 -10 19 -10 18 -9 17 -8 17 -7 16 -6 16 -4 0 0 0 0 0 0 0 0 0 0 0 0 0 0 0 0 0 0 0 0 0 0 12 -11 13 -10 14 -10 14 -9 15 -9 16 -8 16 -8 17 -8 18 -7 18 -7 19 -7 20 -7 20 -7 21 -7 22 -7 22 -8 23 -8 24 -9 25 -10 26 -11 26 -13 28 -14 29 -16 30 -17 31 -19 33 -22 ]
CSI_DATA,STA,E4:D1:24:F0:BE:00,-58,10,0,0,0,0,0,0,0,0,0,-97,0,5,0,126441783,0,399,0,0,126.834,128,[-113 -15 24 0 -36 -12 -35 -11 -34 -11 -34 -10 -33 -10 -32 -9 -31 -9 -30 -9 -29 -8 -28 -8 -27 -8 -26 -8 -25 -8 -23 -8 -21 -8 -21 -9 -20 -9 -19 -9 -18 -9 -17 -9 -16 -9 -15 -10 -14 -10 -13 -10 -13 -11 0 0 0 0 0 0 0 0 0 0 0 0 0 0 0 0 0 0 0 0 0 0 -17 -3 -16 -4 -16 -6 -16 -6 -16 -7 -16 -8 -16 -8 -17 -9 -17 -9 -17 -10 -17 -11 -18 -11 -18 -12 -18 -12 -19 -13 -20 -13 -21 -13 -22 -14 -23 -14 -24 -14 -26 -14 -27 -14 -29 -14 -31 -14 -33 -14 -35 -15 ]
CSI_DATA,STA,E4:D1:24:F0:BE:00,-57,10,0,0,0,0,0,0,0,0,0,-97,0,5,0,126544185,0,399,0,0,126.936,128,[-113 -15 24 0 -27 -26 -26 -25 -26 -24 -25 -23 -25 -22 -24 -21 -23 -20 -22 -20 -21 -19 -21 -19 -20 -18 -19 -18 -18 -17 -17 -16 -15 -16 -15 -16 -14 -16 -13 -16 -12 -15 -11 -15 -11 -15 -10 -14 -9 -14 -8 -14 -7 -14 0 0 0 0 0 0 0 0 0 0 0 0 0 0 0 0 0 0 0 0 0 0 -14 -8 -13 -9 -13 -10 -13 -11 -12 -12 -13 -13 -12 -13 -12 -14 -12 -15 -12 -15 -12 -16 -12 -17 -12 -18 -12 -19 -13 -19 -13 -20 -14 -21 -14 -21 -16 -22 -16 -22 -18 -23 -19 -24 -20 -24 -22 -26 -23 -27 -25 -28 ]
CSI_DATA,STA,E4:D1:24:F0:BE:00,-57,10,0,0,0,0,0,0,0,0,0,-97,0,5,0,126646585,0,399,0,0,127.039,128,[-113 -15 24 0 -7 -40 -7 -38 -7 -37 -7 -36 -7 -35 -7 -34 -7 -33 -7 -32 -6 -32 -5 -31 -5 -30 -5 -28 -4 -27 -3 -26 -2 -25 -2 -24 -1 -23 -1 -22 0 -22 1 -20 1 -20 1 -19 2 -17 3 -17 4 -17 0 0 0 0 0 0 0 0 0 0 0 0 0 0 0 0 0 0 0 0 0 0 -3 -16 -3 -16 -2 -17 -1 -17 -1 -17 0 -17 0 -17 0 -18 1 -19 1 -19 1 -19 2 -20 2 -21 2 -22 2 -23 2 -24 2 -25 2 -26 1 -27 0 -28 0 -30 -1 -32 -2 -33 -2 -34 -3 -37 -3 -40 ]
CSI_DATA,STA,E4:D1:24:F0:BE:00,-58,10,0,0,0,0,0,0,0,0,0,-97,0,5,0,126748987,0,399,0,0,127.141,128,[-113 -15 24 0 28 24 29 23 27 21 27 21 26 20 25 20 25 18 24 18 23 17 22 17 21 16 20 16 19 16 17 15 17 14 16 15 15 14 13 14 13 14 11 13 11 14 10 13 9 13 8 13 7 13 0 0 0 0 0 0 0 0 0 0 0 0 0 0 0 0 0 0 0 0 0 0 13 7 13 9 12 10 12 10 11 11 12 12 11 12 12 13 12 14 11 14 11 14 12 15 12 16 13 17 13 18 14 18 14 19 15 20 17 20 17 20 19 21 21 22 21 22 24 23 26 24 28 25 ]
CSI_DATA,STA,E4:D1:24:F0:BE:00,-58,10,0,0,0,0,0,0,0,0,0,-97,0,5,0,126851389,0,399,0,0,127.244,128,[-113 -15 24 0 -12 34 -11 33 -10 33 -10 31 -9 31 -9 30 -8 29 -8 28 -8 27 -8 26 -7 25 -8 24 -7 23 -8 22 -8 20 -8 20 -8 19 -9 18 -9 16 -9 16 -9 14 -8 13 -8 13 -9 12 -9 11 0 0 0 0 0 0 0 0 0 0 0 0 0 0 0 0 0 0 0 0 0 0 -2 15 -4 15 -5 15 -6 14 -7 15 -7 15 -8 16 -8 16 -9 16 -9 16 -10 16 -10 17 -11 17 -12 18 -12 18 -13 19 -13 20 -13 21 -14 22 -14 23 -14 24 -14 26 -14 27 -14 29 -14 31 -14 33 ]
CSI_DATA,STA,E4:D1:24:F0:BE:00,-58,10,0,0,0,0,0,0,0,0,0,-97,0,5,0,126953791,0,399,0,0,127.346,128,[-113 -15 24 0 -10 -41 -10 -38 -9 -38 -10 -36 -10 -35 -10 -34 -10 -33 -9 -32 -8 -31 -8 -30 -8 -29 -8 -28 -7 -26 -6 -25 -6 -23 -5 -24 -4 -23 -4 -23 -4 -22 -4 -21 -3 -20 -2 -20 -1 -19 0 -19 1 -18 0 0 0 0 0 0 0 0 0 0 0 0 0 0 0 0 0 0 0 0 0 0 -6 -16 -4 -17 -3 -17 -3 -17 -2 -18 -2 -18 -1 -19 -1 -20 -1 -20 0 -21 0 -21 0 -22 1 -23 1 -24 1 -24 1 -26 1 -26 1 -28 0 -29 0 -30 -1 -31 -2 -34 -2 -34 -3 -36 -4 -38 -5 -40 ]
CSI_DATA,STA,E4:D1:24:F0:BE:00,-57,10,0,0,0,0,0,0,0,0,0,-97,0,5,0,127056193,0,399,0,0,127.448,128,[-113 -15 24 0 -38 10 -36 11 -35 10 -34 10 -33 11 -32 11 -31 10 -29 10 -29 9 -28 9 -27 7 -26 7 -25 7 -24 6 -22 5 -23 5 -21 4 -21 4 -20 3 -19 3 -19 2 -18 1 -17 0 -17 -1 -16 -2 0 0 0 0 0 0 0 0 0 0 0 0 0 0 0 0 0 0 0 0 0 0 -14 5 -14 4 -15 3 -15 3 -16 2 -16 2 -17 2 -18 2 -18 2 -19 1 -19 0 -20 0 -21 -1 -22 0 -22 0 -24 0 -25 1 -26 1 -27 1 -28 2 -29 3 -31 4 -32 5 -34 5 -36 6 -38 7 ]
CSI_DATA,STA,E4:D1:24:F0:BE:00,-57,10,0,0,0,0,0,0,0,0,0,-97,0,5,0,127158595,0,399,0,0,127.551,128,[-113 -15 24 0 10 -34 9 -32 9 -33 8 -31 8 -30 7 -30 7 -28 7 -28 7 -27 7 -26 7 -25 7 -23 7 -22 7 -22 6 -20 7 -19 8 -18 7 -18 8 -16 8 -16 8 -15 8 -14 8 -13 10 -11 8 -11 0 0 0 0 0 0 0 0 0 0 0 0 0 0 0 0 0 0 0 0 0 0 1 -15 2 -14 2 -15 3 -14 4 -15 5 -15 5 -15 6 -16 6 -16 7 -17 7 -16 9 -17 9 -17 10 -18 10 -18 11 -20 11 -20 11 -21 11 -22 12 -23 11 -24 11 -26 12 -27 12 -29 12 -30 12 -33 ]
CSI_DATA,STA,E4:D1:24:F0:BE:00,-57,10,0,0,0,0,0,0,0,0,0,-97,0,5,0,127260997,0,399,0,0,127.653,128,[-113 -15 24 0 -36 7 -36 7 -34 7 -34 7 -32 8 -31 7 -30 6 -29 7 -28 6 -28 5 -27 5 -26 4 -25 4 -23 3 -23 3 -21 2 -21 1 -21 1 -20 0 -18 0 -18 -1 -17 -2 -16 -2 -16 -3 -15 -4 0 0 0 0 0 0 0 0 0 0 0 0 0 0 0 0 0 0 0 0 0 0 -14 4 -15 3 -15 2 -16 1 -16 1 -16 1 -17 1 -17 0 -18 0 -18 -1 -18 -1 -19 -2 -20 -2 -21 -2 -22 -2 -23 -2 -24 -2 -24 -1 -26 -1 -27 0 -28 0 -30 1 -30 2 -32 3 -34 3 -36 4 ]
CSI_DATA,STA,E4:D1:24:F0:BE:00,-57,10,0,0,0,0,0,0,0,0,0,-97,0,5,0,127363398,0,399,0,0,127.756,128,[-113 -15 24 0 -37 1 -35 1 -35 2 -33 1 -33 1 -32 2 -31 1 -30 1 -29 1 -28 1 -27 0 -26 0 -25 -1 -24 -1 -22 -2 -21 -2 -20 -2 -20 -3 -19 -4 -18 -3 -17 -4 -16 -4 -15 -4 -14 -5 -14 -6 0 0 0 0 0 0 0 0 0 0 0 0 0 0 0 0 0 0 0 0 0 0 -14 1 -14 0 -15 -2 -15 -2 -15 -2 -15 -3 -15 -3 -16 -3 -16 -4 -16 -4 -17 -4 -17 -5 -19 -5 -19 -5 -20 -5 -21 -5 -21 -5 -22 -5 -23 -5 -24 -4 -26 -4 -28 -3 -29 -2 -31 -2 -34 -1 -35 0 ]
CSI_DATA,STA,E4:D1:24:F0:BE:00,-57,10,0,0,0,0,0,0,0,0,0,-97,0,5,0,127465800,0,399,0,0,127.858,128,[-113 -15 24 0 -31 -29 -30 -28 -29 -26 -29 -25 -28 -23 -27 -23 -26 -22 -25 -21 -24 -21 -23 -20 -22 -20 -21 -19 -20 -18 -19 -18 -17 -17 -16 -17 -15 -16 -15 -16 -14 -15 -13 -15 -12 -15 -12 -14 -10 -14 -9 -14 -9 -15 0 0 0 0 0 0 0 0 0 0 0 0 0 0 0 0 0 0 0 0 0 0 -14 -10 -13 -12 -13 -13 -13 -13 -12 -14 -12 -15 -12 -15 -12 -16 -12 -17 -12 -17 -12 -18 -12 -19 -12 -20 -13 -20 -13 -21 -14 -22 -15 -23 -15 -23 -17 -24 -18 -24 -20 -25 -22 -26 -23 -27 -24 -28 -26 -30 -28 -31 ]
CSI_DATA,STA,E4:D1:24:F0:BE:00,-57,10,0,0,0,0,0,0,0,0,0,-97,0,5,0,127568202,0,399,0,0,127.96,128,[-113 -15 24 0 34 -11 33 -11 32 -12 31 -12 29 -12 29 -12 28 -12 27 -11 26 -11 25 -10 24 -10 23 -9 22 -8 21 -8 20 -7 20 -6 19 -6 18 -5 17 -4 17 -4 16 -3 15 -2 15 -1 14 -1 14 0 0 0 0 0 0 0 0 0 0 0 0 0 0 0 0 0 0 0 0 0 0 0 14 -7 14 -6 15 -5 15 -5 16 -4 16 -4 17 -3 17 -3 17 -3 18 -2 18 -2 19 -2 20 -2 21 -2 22 -2 22 -2 23 -2 24 -2 25 -3 26 -3 27 -5 29 -5 30 -6 31 -7 33 -8 35 -10 ]
CSI_DATA,STA,E4:D1:24:F0:BE:00,-57,10,0,0,0,0,0,0,0,0,0,-97,0,5,0,127670604,0,399,0,0,128.063,128,[-113 -15 24 0 36 13 36 12 35 11 34 11 33 10 32 9 31 9 30 9 29 8 27 8 26 9 25 8 24 8 22 9 21 8 20 9 19 9 19 9 17 9 16 9 15 9 15 9 14 9 13 10 12 10 0 0 0 0 0 0 0 0 0 0 0 0 0 0 0 0 0 0 0 0 0 0 16 2 15 3 16 4 15 5 16 6 16 6 16 7 17 7 17 8 17 8 17 9 18 10 18 10 19 11 19 12 20 13 21 13 23 13 24 13 24 14 26 13 28 14 30 14 31 14 34 14 36 14 ]
CSI_DATA,STA,E4:D1:24:F0:BE:00,-58,10,0,0,0,0,0,0,0,0,0,-97,0,5,0,127773006,0,399,0,0,128.165,128,[-113 -15 24 0 9 38 9 37 9 36 9 34 9 34 8 32 8 31 7 30 7 29 6 28 6 27 5 26 5 24 4 23 3 21 3 21 2 20 2 19 1 19 1 18 0 17 0 16 -1 16 -2 15 -2 14 0 0 0 0 0 0 0 0 0 0 0 0 0 0 0 0 0 0 0 0 0 0 7 15 5 15 5 16 4 16 3 17 3 17 3 18 2 18 2 19 1 19 1 20 0 21 1 22 0 23 0 24 0 25 0 26 1 27 1 28 2 29 2 30 3 32 4 33 5 35 5 37 7 39 ]
CSI_DATA,STA,E4:D1:24:F0:BE:00,-57,10,0,0,0,0,0,0,0,0,0,-97,0,5,0,127875408,0,399,0,0,128.267,128,[-113 -15 24 0 13 34 12 33 13 32 12 30 12 30 12 29 12 27 11 27 10 26 9 25 9 24 8 23 7 22 6 21 6 20 5 20 4 19 4 18 3 17 2 17 1 16 1 15 0 14 -1 14 -2 13 0 0 0 0 0 0 0 0 0 0 0 0 0 0 0 0 0 0 0 0 0 0 8 14 7 14 6 14 5 15 5 16 4 16 4 17 3 17 3 18 3 18 2 19 2 19 3 20 2 20 2 21 3 23 3 23 4 24 4 25 5 26 6 27 7 29 8 30 9 31 10 33 11 35 ]
CSI_DATA,STA,E4:D1:24:F0:BE:00,-57,10,0,0,0,0,0,0,0,0,0,-97,0,5,0,127977809,0,399,0,0,128.37,128,[-113 -15 24 0 -35 -7 -33 -6 -33 -7 -31 -6 -31 -5 -31 -5 -29 -4 -29 -5 -28 -5 -27 -5 -26 -6 -25 -6 -24 -6 -23 -6 -21 -6 -21 -6 -20 -6 -19 -7 -18 -7 -17 -7 -16 -8 -16 -8 -14 -8 -13 -9 -12 -9 0 0 0 0 0 0 0 0 0 0 0 0 0 0 0 0 0 0 0 0 0 0 -14 -4 -14 -5 -14 -6 -13 -7 -13 -8 -13 -8 -14 -8 -13 -9 -14 -9 -14 -10 -14 -9 -14 -10 -15 -10 -15 -11 -16 -11 -17 -11 -17 -11 -19 -11 -19 -10 -21 -11 -22 -10 -24 -10 -26 -10 -28 -10 -29 -10 -31 -10 ]
CSI_DATA,STA,E4:D1:24:F0:BE:00,-57,10,0,0,0,0,0,0,0,0,0,-97,0,5,0,128080211,0,399,0,0,128.472,128,[-113 -15 24 0 1 39 1 39 2 38 2 36 2 35 2 34 2 33 2 32 2 31 2 30 1 29 1 28 0 27 0 25 -1 24 -1 24 -2 23 -2 22 -3 21 -3 19 -4 19 -4 18 -4 17 -6 16 -6 16 0 0 0 0 0 0 0 0 0 0 0 0 0 0 0 0 0 0 0 0 0 0 2 16 0 16 -1 17 -2 17 -2 17 -3 18 -4 18 -4 18 -5 19 -5 19 -5 19 -6 20 -6 21 -7 22 -7 23 -7 24 -7 24 -6 25 -7 26 -7 28 -5 29 -5 31 -5 32 -4 35 -3 37 -3 39 ]
CSI_DATA,STA,E4:D1:24:F0:BE:00,-57,10,0,0,0,0,0,0,0,0,0,-97,0,5,0,128182613,0,399,0,0,128.575,128,[-113 -15 24 0 -27 24 -25 24 -25 24 -24 23 -23 23 -22 23 -21 21 -21 21 -20 21 -20 19 -20 19 -19 18 -19 17 -18 16 -17 14 -18 14 -17 13 -17 12 -17 11 -16 10 -16 9 -16 8 -15 7 -15 6 -15 5 0 0 0 0 0 0 0 0 0 0 0 0 0 0 0 0 0 0 0 0 0 0 -12 10 -13 8 -13 8 -14 7 -14 7 -14 7 -15 7 -16 6 -16 7 -17 6 -17 6 -18 6 -18 6 -19 7 -19 7 -20 8 -20 8 -22 9 -22 10 -23 11 -23 12 -24 14 -25 16 -25 17 -26 19 -27 21 ]
CSI_DATA,STA,E4:D1:24:F0:BE:00,-58,10,0,0,0,0,0,0,0,0,0,-97,0,5,0,128285015,0,399,0,0,128.677,128,[-113 -15 24 0 29 -17 28 -17 28 -16 26 -16 26 -16 25 -16 25 -15 24 -15 24 -15 23 -14 22 -13 21 -12 20 -11 20 -11 19 -9 20 -8 19 -8 18 -7 17 -6 17 -5 16 -5 16 -3 15 -3 15 -2 14 -1 0 0 0 0 0 0 0 0 0 0 0 0 0 0 0 0 0 0 0 0 0 0 12 -6 12 -5 13 -5 13 -4 13 -4 13 -4 14 -3 14 -3 15 -3 15 -3 15 -3 16 -2 17 -2 17 -3 18 -3 19 -4 19 -4 20 -4 20 -5 21 -6 22 -7 23 -8 25 -9 26 -10 27 -12 29 -13 ]
CSI_DATA,STA,E4:D1:24:F0:BE:00,-57,10,0,0,0,0,0,0,0,0,0,-97,0,5,0,128387417,0,399,0,0,128.78,128,[-113 -15 24 0 36 0 36 0 36 -1 35 -1 33 -1 32 -1 31 -1 31 -1 29 -1 28 0 27 0 26 0 25 1 23 1 22 1 21 3 21 3 19 3 19 3 17 3 16 4 16 4 15 5 14 5 13 6 0 0 0 0 0 0 0 0 0 0 0 0 0 0 0 0 0 0 0 0 0 0 17 -3 17 -1 17 0 17 1 17 1 18 2 18 3 18 3 19 3 19 4 19 5 20 5 20 6 22 7 22 6 22 7 23 7 24 7 26 6 27 6 28 5 30 5 31 5 33 5 35 4 38 3 ]
CSI_DATA,STA,E4:D1:24:F0:BE:00,-57,10,0,0,0,0,0,0,0,0,0,-97,0,5,0,128397199,0,125,0,0,128.807,128,[125 -48 7 0 -25 -30 -25 -29 -24 -28 -24 -27 -24 -26 -23 -26 -23 -25 -22 -24 -21 -23 -20 -23 -19 -22 -18 -22 -17 -21 -16 -21 -14 -20 -13 -19 -12 -19 -11 -19 -10 -18 -10 -18 -9 -17 -8 -17 -7 -16 -6 -16 -5 -16 0 0 0 0 0 0 0 0 0 0 0 0 0 0 0 0 0 0 0 0 0 0 -12 -12 -11 -13 -11 -15 -10 -15 -10 -15 -10 -16 -9 -16 -10 -17 -9 -17 -9 -18 -8 -19 -9 -20 -9 -20 -9 -21 -9 -22 -10 -23 -10 -23 -11 -24 -13 -24 -13 -25 -15 -25 -16 -27 -17 -28 -19 -29 -21 -30 -22 -31 ]
CSI_DATA,STA,E4:D1:24:F0:BE:00,-58,10,0,0,0,0,0,0,0,0,0,-97,0,5,0,128489819,0,399,0,0,128.882,128,[-113 -15 24 0 -3 37 -3 36 -2 35 -2 34 -1 33 -1 32 -2 30 -1 30 -2 29 -2 27 -3 26 -3 25 -3 24 -3 23 -4 21 -4 21 -5 19 -5 18 -5 17 -6 16 -5 14 -6 14 -6 13 -6 12 -7 11 0 0 0 0 0 0 0 0 0 0 0 0 0 0 0 0 0 0 0 0 0 0 1 17 -1 16 -2 17 -3 16 -4 17 -4 17 -4 18 -5 18 -5 18 -6 18 -7 18 -7 19 -8 20 -8 21 -8 21 -8 23 -8 23 -8 24 -8 25 -7 27 -7 28 -7 30 -7 31 -7 33 -7 35 -6 37 ]
CSI_DATA,STA,E4:D1:24:F0:BE:00,-57,10,0,0,0,0,0,0,0,0,0,-97,0,5,0,128592221,0,399,0,0,128.984,128,[-113 -15 24 0 34 18 33 17 33 16 31 16 31 15 30 14 29 14 28 14 28 13 26 13 25 13 24 13 22 13 22 13 20 12 19 13 18 13 17 13 16 13 14 13 13 13 13 13 12 13 10 13 9 13 0 0 0 0 0 0 0 0 0 0 0 0 0 0 0 0 0 0 0 0 0 0 16 7 15 8 15 9 14 10 15 11 14 11 14 12 14 13 15 13 14 14 14 14 14 15 15 16 15 17 15 17 17 17 17 17 18 18 19 18 20 19 22 19 24 19 25 19 27 20 29 20 32 20 ]
CSI_DATA,STA,E4:D1:24:F0:BE:00,-58,10,0,0,0,0,0,0,0,0,0,-97,0,5,0,128694622,0,399,0,0,129.087,128,[-113 -15 24 0 -36 8 -33 8 -33 9 -32 8 -31 9 -30 9 -29 9 -28 9 -27 8 -27 7 -26 7 -25 6 -23 6 -23 6 -21 5 -21 4 -21 4 -20 3 -19 3 -18 2 -18 1 -17 0 -17 0 -16 -1 -16 -2 0 0 0 0 0 0 0 0 0 0 0 0 0 0 0 0 0 0 0 0 0 0 -16 5 -17 4 -18 3 -17 2 -18 1 -18 1 -19 1 -19 0 -20 0 -20 -1 -20 -2 -21 -2 -22 -2 -22 -3 -23 -3 -24 -2 -24 -2 -25 -2 -26 -2 -27 -1 -28 0 -29 1 -31 2 -32 2 -33 3 -34 4 ]
CSI_DATA,STA,E4:D1:24:F0:BE:00,-57,10,0,0,0,0,0,0,0,0,0,-97,0,5,0,128797024,0,399,0,0,129.189,128,[-113 -15 24 0 -24 27 -23 27 -21 26 -20 26 -19 26 -19 25 -17 24 -17 24 -16 23 -17 21 -16 20 -16 19 -15 19 -15 17 -14 16 -14 15 -14 15 -14 14 -14 13 -14 12 -13 11 -13 10 -13 9 -13 8 -13 7 0 0 0 0 0 0 0 0 0 0 0 0 0 0 0 0 0 0 0 0 0 0 -8 13 -9 13 -10 12 -10 12 -11 12 -12 12 -13 12 -13 12 -14 12 -15 12 -15 12 -16 12 -17 13 -18 13 -19 13 -19 14 -20 15 -21 15 -21 16 -21 17 -22 19 -23 20 -23 21 -24 22 -25 24 -25 26 ]
CSI_DATA,STA,E4:D1:24:F0:BE:00,-58,10,0,0,0,0,0,0,0,0,0,-97,0,5,0,128899426,0,399,0,0,129.292,128,[-113 -15 24 0 30 -24 27 -23 27 -23 26 -22 25 -22 24 -21 23 -21 22 -20 22 -20 21 -19 20 -18 19 -17 18 -15 18 -15 17 -14 17 -13 16 -12 16 -12 15 -11 15 -10 14 -9 14 -8 13 -8 13 -7 14 -6 0 0 0 0 0 0 0 0 0 0 0 0 0 0 0 0 0 0 0 0 0 0 12 -12 13 -11 14 -11 14 -9 15 -9 15 -9 16 -9 16 -9 17 -9 18 -8 18 -8 19 -8 20 -8 20 -8 21 -8 22 -10 22 -10 24 -11 24 -11 25 -12 25 -13 27 -15 28 -16 29 -17 30 -19 31 -20 ]
CSI_DATA,STA,E4:D1:24:F0:BE:00,-57,10,0,0,0,0,0,0,0,0,0,-97,0,5,0,129001828,0,399,0,0,129.394,128,[-113 -15 24 0 16 -28 15 -28 14 -27 14 -27 13 -26 13 -25 12 -24 11 -24 11 -23 11 -23 10 -21 10 -20 10 -19 10 -18 10 -17 10 -16 9 -16 10 -15 10 -14 10 -13 9 -13 9 -12 9 -11 9 -10 10 -9 0 0 0 0 0 0 0 0 0 0 0 0 0 0 0 0 0 0 0 0 0 0 6 -12 7 -12 7 -11 8 -11 9 -11 9 -11 10 -11 10 -11 11 -11 11 -11 11 -12 12 -12 13 -12 13 -12 14 -13 14 -14 15 -15 15 -15 15 -16 16 -17 16 -18 17 -19 16 -21 16 -22 17 -24 18 -26 ]
CSI_DATA,STA,E4:D1:24:F0:BE:00,-57,10,0,0,0,0,0,0,0,0,0,-97,0,5,0,129104230,0,399,0,0,129.496,128,[-113 -15 24 0 13 35 13 34 13 34 13 33 13 33 12 31 12 30 11 29 10 29 9 28 9 26 8 26 7 24 6 24 5 22 4 22 3 22 3 21 2 20 1 19 1 18 0 17 -1 16 -1 15 -2 15 0 0 0 0 0 0 0 0 0 0 0 0 0 0 0 0 0 0 0 0 0 0 9 14 8 14 7 15 6 16 6 16 5 17 5 18 4 18 4 19 3 19 3 20 2 21 2 22 2 22 2 23 2 24 3 25 2 26 3 26 4 28 5 28 6 30 6 31 8 33 9 34 11 37 ]
CSI_DATA,STA,E4:D1:24:F0:BE:00,-57,10,0,0,0,0,0,0,0,0,0,-97,0,5,0,129206632,0,399,0,0,129.599,128,[-113 -15 24 0 26 27 25 26 26 25 25 24 25 23 24 22 23 21 23 20 22 20 21 19 20 19 19 19 18 18 16 17 15 16 15 17 13 16 12 16 11 16 10 16 10 15 8 15 7 14 6 14 5 14 0 0 0 0 0 0 0 0 0 0 0 0 0 0 0 0 0 0 0 0 0 0 13 11 13 11 11 13 11 13 11 14 10 14 10 15 10 16 10 17 10 17 10 18 9 19 10 20 10 21 11 21 11 22 11 22 12 23 13 23 14 25 16 25 18 26 18 26 20 27 22 29 24 30 ]
CSI_DATA,STA,E4:D1:24:F0:BE:00,-57,10,0,0,0,0,0,0,0,0,0,-97,0,5,0,129309033,0,399,0,0,129.701,128,[-113 -15 24 0 -39 6 -37 7 -36 7 -36 7 -35 6 -33 7 -32 7 -32 7 -31 6 -30 5 -30 4 -28 4 -27 3 -26 3 -24 2 -24 1 -23 0 -22 0 -21 -1 -20 -1 -20 -2 -18 -3 -17 -3 -17 -4 -16 -4 0 0 0 0 0 0 0 0 0 0 0 0 0 0 0 0 0 0 0 0 0 0 -16 3 -16 2 -16 1 -16 0 -17 0 -17 -1 -18 -1 -18 -1 -19 -1 -19 -2 -19 -3 -20 -3 -21 -3 -22 -3 -23 -3 -24 -3 -24 -3 -26 -3 -26 -2 -28 -2 -29 -1 -31 -1 -32 0 -34 1 -36 2 -38 2 ]
CSI_DATA,STA,E4:D1:24:F0:BE:00,-58,10,0,0,0,0,0,0,0,0,0,-97,0,5,0,129411435,0,399,0,0,129.804,128,[-113 -15 24 0 14 36 14 34 14 34 14 33 14 33 13 31 13 30 13 30 12 29 11 28 10 27 10 26 9 26 8 25 7 23 6 23 4 23 4 22 3 21 2 20 1 19 1 19 0 18 -1 17 -3 17 0 0 0 0 0 0 0 0 0 0 0 0 0 0 0 0 0 0 0 0 0 0 7 14 5 14 4 15 3 15 2 16 3 16 2 17 2 17 2 18 2 18 2 18 2 19 2 20 2 21 2 22 1 23 2 24 3 25 3 26 4 27 5 28 6 30 7 30 8 32 10 34 11 37 ]
CSI_DATA,STA,E4:D1:24:F0:BE:00,-58,10,0,0,0,0,0,0,0,0,0,-97,0,5,0,129513837,0,399,0,0,129.906,128,[-113 -15 24 0 3 37 3 36 2 35 2 34 3 33 3 33 2 31 2 30 2 30 1 28 1 27 1 26 0 25 0 25 -1 23 -1 23 -2 22 -2 21 -3 20 -4 19 -4 18 -4 17 -5 16 -6 15 -7 14 0 0 0 0 0 0 0 0 0 0 0 0 0 0 0 0 0 0 0 0 0 0 1 15 0 15 -1 16 -2 15 -2 15 -3 16 -3 16 -4 17 -4 17 -5 17 -5 17 -5 18 -6 18 -6 19 -6 20 -6 20 -6 21 -5 22 -5 24 -4 25 -4 26 -3 28 -3 29 -2 31 -2 33 -1 36 ]
CSI_DATA,STA,E4:D1:24:F0:BE:00,-58,10,0,0,0,0,0,0,0,0,0,-97,0,5,0,129616241,0,399,0,0,130.008,128,[-113 -15 24 0 33 14 32 14 33 13 31 12 31 12 30 11 29 10 28 10 28 10 27 10 26 10 25 10 24 10 23 10 21 10 21 11 20 11 18 10 18 10 16 11 16 11 15 11 14 11 13 12 11 12 0 0 0 0 0 0 0 0 0 0 0 0 0 0 0 0 0 0 0 0 0 0 15 6 14 7 14 8 13 9 13 10 13 10 13 11 13 11 13 12 13 13 12 13 13 13 13 14 14 14 14 15 15 15 16 15 17 16 18 15 19 16 21 16 23 16 25 17 27 17 29 17 31 17 ]
CSI_DATA,STA,E4:D1:24:F0:BE:00,-57,10,0,0,0,0,0,0,0,0,0,-97,0,5,0,129718643,0,399,0,0,130.111,128,[-113 -15 24 0 -34 10 -32 10 -32 9 -31 9 -30 9 -29 9 -28 9 -27 8 -27 8 -25 8 -25 7 -24 6 -23 6 -23 5 -21 4 -21 4 -21 3 -20 2 -19 1 -18 1 -18 0 -17 0 -16 -1 -16 -2 -15 -3 0 0 0 0 0 0 0 0 0 0 0 0 0 0 0 0 0 0 0 0 0 0 -14 4 -15 3 -15 2 -15 1 -15 1 -16 1 -16 0 -17 0 -17 0 -17 -1 -17 -1 -18 -1 -19 -2 -20 -2 -20 -1 -21 -2 -21 -1 -22 0 -23 0 -24 1 -25 2 -27 2 -28 3 -29 4 -31 5 -33 7 ]
CSI_DATA,STA,E4:D1:24:F0:BE:00,-57,10,0,0,0,0,0,0,0,0,0,-97,0,5,0,129821045,0,399,0,0,130.213,128,[-113 -15 24 0 -15 -38 -15 -36 -15 -36 -15 -34 -14 -33 -14 -33 -14 -32 -13 -31 -13 -30 -13 -29 -12 -28 -11 -27 -10 -27 -9 -26 -8 -24 -7 -24 -6 -23 -5 -22 -4 -22 -3 -21 -3 -20 -2 -19 -2 -18 -1 -18 0 -17 0 0 0 0 0 0 0 0 0 0 0 0 0 0 0 0 0 0 0 0 0 0 -6 -16 -5 -16 -4 -16 -3 -16 -3 -17 -2 -18 -2 -18 -2 -19 -1 -19 -1 -19 -1 -19 -1 -20 -1 -21 -1 -22 -1 -22 -2 -24 -2 -24 -2 -26 -3 -27 -3 -27 -5 -29 -6 -30 -7 -32 -9 -33 -10 -35 -11 -38 ]
CSI_DATA,STA,E4:D1:24:F0:BE:00,-57,10,0,0,0,0,0,0,0,0,0,-97,0,5,0,129923447,0,399,0,0,130.315,128,[-113 -15 24 0 16 -37 15 -35 14 -35 14 -34 13 -33 12 -33 12 -31 12 -30 11 -30 11 -29 11 -28 11 -26 11 -25 11 -24 11 -22 11 -21 11 -20 12 -20 11 -18 11 -17 11 -16 11 -15 11 -14 11 -13 12 -12 0 0 0 0 0 0 0 0 0 0 0 0 0 0 0 0 0 0 0 0 0 0 6 -16 8 -15 8 -15 9 -15 10 -15 10 -14 11 -14 12 -14 12 -15 12 -15 13 -15 13 -15 14 -16 15 -16 15 -17 15 -18 16 -18 16 -20 16 -21 17 -23 17 -24 17 -26 17 -28 17 -29 18 -32 18 -34 ]
CSI_DATA,STA,E4:D1:24:F0:BE:00,-58,10,0,0,0,0,0,0,0,0,0,-97,0,5,0,130025848,0,399,0,0,130.418,128,[-113 -15 24 0 16 37 16 37 16 35 15 34 15 33 15 32 15 31 13 30 13 29 12 28 12 27 11 26 10 25 8 24 8 23 7 22 6 22 5 21 4 20 4 19 3 18 3 17 2 17 1 16 0 16 0 0 0 0 0 0 0 0 0 0 0 0 0 0 0 0 0 0 0 0 0 0 8 14 7 15 5 15 5 16 4 16 4 17 3 18 3 18 3 19 3 19 3 19 3 20 3 21 3 22 3 23 3 24 4 25 4 25 6 27 6 28 7 30 8 31 9 32 11 34 12 36 14 38 ]
CSI_DATA,STA,E4:D1:24:F0:BE:00,-58,10,0,0,0,0,0,0,0,0,0,-97,0,5,0,130128250,0,399,0,0,130.52,128,[-113 -15 24 0 -32 11 -31 11 -29 12 -28 11 -28 11 -28 11 -27 11 -25 11 -24 11 -23 11 -23 11 -23 10 -22 9 -21 8 -20 7 -20 7 -19 6 -19 5 -18 4 -18 3 -17 2 -17 2 -16 2 -16 1 -16 -2 0 0 0 0 0 0 0 0 0 0 0 0 0 0 0 0 0 0 0 0 0 0 -14 6 -15 4 -15 3 -15 3 -15 2 -16 2 -16 1 -17 1 -18 0 -17 1 -17 1 -19 0 -20 0 -20 0 -21 0 -21 0 -22 1 -23 0 -23 1 -25 1 -25 2 -27 3 -27 5 -28 7 -30 8 -31 9 ]
CSI_DATA,STA,E4:D1:24:F0:BE:00,-57,10,0,0,0,0,0,0,0,0,0,-97,0,5,0,130230652,0,399,0,0,130.623,128,[-113 -15 24 0 11 -37 10 -37 9 -36 9 -35 8 -34 7 -34 7 -32 6 -32 7 -31 6 -30 6 -29 6 -28 6 -27 7 -25 7 -24 7 -23 8 -23 8 -21 8 -20 8 -19 8 -18 8 -17 9 -16 9 -15 10 -14 0 0 0 0 0 0 0 0 0 0 0 0 0 0 0 0 0 0 0 0 0 0 5 -17 6 -16 7 -16 8 -16 9 -16 10 -16 10 -16 11 -16 11 -16 12 -15 12 -16 13 -16 13 -17 14 -17 14 -18 14 -19 14 -19 14 -21 14 -22 15 -23 14 -25 14 -26 14 -28 14 -30 14 -32 14 -36 ]
CSI_DATA,STA,E4:D1:24:F0:BE:00,-58,10,0,0,0,0,0,0,0,0,0,-97,0,5,0,130333054,0,399,0,0,130.725,128,[-113 -15 24 0 23 27 22 25 23 25 22 24 23 24 22 23 21 22 21 22 20 22 19 21 18 20 17 20 16 19 15 19 14 19 13 19 11 18 11 18 10 18 9 17 8 17 7 16 6 16 4 15 3 15 0 0 0 0 0 0 0 0 0 0 0 0 0 0 0 0 0 0 0 0 0 0 11 12 10 13 9 13 8 14 8 15 7 15 7 16 7 16 7 17 6 17 6 17 6 18 6 19 6 19 6 20 6 21 7 21 8 21 9 22 10 23 11 23 13 24 14 25 16 26 17 27 20 28 ]
CSI_DATA,STA,E4:D1:24:F0:BE:00,-57,10,0,0,0,0,0,0,0,0,0,-97,0,5,0,130435456,0,399,0,0,130.828,128,[-113 -15 24 0 -7 36 -6 36 -5 34 -5 34 -5 33 -5 33 -5 31 -5 30 -5 29 -5 29 -5 27 -5 26 -5 25 -6 24 -6 22 -6 21 -7 20 -8 20 -8 18 -8 17 -8 16 -8 15 -9 14 -9 13 -10 12 0 0 0 0 0 0 0 0 0 0 0 0 0 0 0 0 0 0 0 0 0 0 -3 14 -4 14 -5 14 -6 14 -7 14 -7 14 -8 14 -8 15 -8 15 -9 15 -9 15 -10 15 -10 16 -11 17 -11 17 -11 18 -11 19 -11 20 -11 21 -11 23 -10 24 -10 26 -10 27 -9 29 -9 31 -9 34 ]
CSI_DATA,STA,E4:D1:24:F0:BE:00,-57,10,0,0,0,0,0,0,0,0,0,-97,0,5,0,130537858,0,399,0,0,130.93,128,[-113 -15 24 0 37 -1 37 -1 35 -3 35 -3 34 -2 33 -2 32 -3 31 -3 30 -2 30 -2 28 -1 27 -1 26 0 25 0 23 1 22 2 21 2 21 3 19 3 18 3 17 4 16 4 15 5 15 5 13 6 0 0 0 0 0 0 0 0 0 0 0 0 0 0 0 0 0 0 0 0 0 0 16 -2 16 -1 16 1 16 2 16 2 17 3 17 4 17 4 17 5 17 5 18 5 18 6 19 6 20 6 20 6 22 7 22 7 23 6 24 6 25 6 27 5 28 5 30 4 32 3 34 2 36 1 ]
CSI_DATA,STA,E4:D1:24:F0:BE:00,-57,10,0,0,0,0,0,0,0,0,0,-97,0,5,0,130640258,0,399,0,0,131.032,128,[-113 -15 24 0 -9 30 -8 29 -8 28 -8 28 -6 28 -6 27 -6 25 -6 25 -6 25 -6 23 -7 22 -7 21 -7 20 -7 20 -7 18 -7 18 -7 17 -7 16 -8 15 -8 14 -8 13 -8 12 -8 11 -8 11 -9 10 0 0 0 0 0 0 0 0 0 0 0 0 0 0 0 0 0 0 0 0 0 0 -4 12 -5 11 -6 11 -7 11 -7 11 -8 11 -8 12 -9 12 -9 12 -9 12 -10 12 -10 12 -11 13 -11 13 -11 14 -12 15 -11 15 -12 16 -12 17 -11 18 -11 19 -11 21 -11 22 -11 24 -11 26 -10 27 ]
CSI_DATA,STA,E4:D1:24:F0:BE:00,-57,10,0,0,0,0,0,0,0,0,0,-97,0,5,0,130742660,0,399,0,0,131.135,128,[-113 -15 24 0 11 -32 10 -32 9 -31 9 -30 8 -30 8 -29 8 -28 7 -28 7 -27 7 -26 7 -25 7 -24 7 -23 7 -21 7 -20 7 -19 8 -18 8 -18 8 -16 8 -15 8 -14 7 -13 8 -13 8 -11 8 -11 0 0 0 0 0 0 0 0 0 0 0 0 0 0 0 0 0 0 0 0 0 0 4 -14 5 -14 6 -14 6 -14 8 -14 8 -14 9 -14 9 -14 9 -14 10 -14 10 -14 11 -15 11 -15 12 -15 12 -16 12 -16 12 -17 12 -18 13 -19 13 -20 12 -22 13 -23 12 -25 13 -26 12 -29 13 -31 ]
CSI_DATA,STA,E4:D1:24:F0:BE:00,-57,10,0,0,0,0,0,0,0,0,0,-97,0,5,0,130845062,0,399,0,0,131.237,128,[-113 -15 24 0 29 -27 27 -26 27 -26 26 -25 25 -25 25 -24 24 -23 23 -23 22 -22 21 -21 21 -20 21 -19 19 -17 20 -16 19 -15 18 -14 18 -13 18 -11 17 -11 16 -10 16 -9 15 -8 14 -7 14 -6 14 -5 0 0 0 0 0 0 0 0 0 0 0 0 0 0 0 0 0 0 0 0 0 0 10 -10 11 -9 12 -9 12 -9 13 -8 14 -9 14 -8 15 -9 15 -8 16 -8 16 -8 17 -8 17 -9 19 -9 19 -9 20 -10 20 -11 21 -12 21 -13 23 -13 23 -15 25 -17 25 -19 26 -20 28 -22 29 -24 ]
CSI_DATA,STA,E4:D1:24:F0:BE:00,-57,10,0,0,0,0,0,0,0,0,0,-97,0,5,0,130947464,0,399,0,0,131.34,128,[-113 -15 24 0 -5 33 -5 33 -4 32 -3 30 -3 30 -3 29 -3 28 -3 28 -3 27 -3 26 -2 24 -3 24 -3 22 -3 21 -4 19 -5 20 -5 18 -5 18 -5 17 -5 15 -6 15 -6 14 -6 13 -7 14 -6 11 0 0 0 0 0 0 0 0 0 0 0 0 0 0 0 0 0 0 0 0 0 0 -1 14 -2 14 -3 14 -3 14 -4 15 -5 14 -5 15 -6 15 -6 15 -6 15 -6 16 -7 17 -7 17 -8 17 -8 18 -8 20 -8 20 -8 21 -9 22 -8 23 -8 24 -8 26 -8 28 -7 29 -6 31 -6 33 ]
CSI_DATA,STA,E4:D1:24:F0:BE:00,-57,10,0,0,0,0,0,0,0,0,0,-97,0,5,0,131049866,0,399,0,0,131.442,128,[-113 -15 24 0 -6 -31 -6 -30 -6 -29 -6 -29 -7 -27 -6 -27 -6 -26 -6 -25 -6 -25 -5 -24 -5 -23 -4 -22 -4 -21 -3 -20 -3 -19 -2 -18 -2 -18 -1 -17 -1 -16 0 -16 0 -15 0 -14 1 -14 1 -13 2 -13 0 0 0 0 0 0 0 0 0 0 0 0 0 0 0 0 0 0 0 0 0 0 -3 -15 -2 -15 -1 -15 -1 -15 0 -15 0 -15 1 -16 1 -16 2 -16 2 -17 2 -16 3 -17 3 -18 3 -18 3 -19 3 -19 2 -20 2 -21 2 -22 2 -23 0 -24 0 -25 -1 -26 -1 -28 -2 -29 -3 -31 ]
CSI_DATA,STA,E4:D1:24:F0:BE:00,-57,10,0,0,0,0,0,0,0,0,0,-97,0,5,0,131152268,0,399,0,0,131.544,128,[-113 -15 24 0 21 32 21 31 21 31 20 29 21 29 20 28 19 27 19 26 18 26 17 25 16 24 15 23 14 23 13 22 11 21 10 21 9 20 8 20 8 19 7 19 6 18 5 17 4 17 3 16 2 16 0 0 0 0 0 0 0 0 0 0 0 0 0 0 0 0 0 0 0 0 0 0 10 14 9 15 8 15 7 16 6 16 6 17 5 17 5 18 5 18 4 18 4 18 4 19 5 20 5 21 5 21 5 22 6 23 6 24 8 24 9 25 10 26 12 27 13 28 14 29 17 31 19 33 ]
CSI_DATA,STA,E4:D1:24:F0:BE:00,-57,10,0,0,0,0,0,0,0,0,0,-97,0,5,0,131254670,0,399,0,0,131.647,128,[-113 -15 24 0 -38 11 -37 11 -36 11 -35 11 -33 12 -33 12 -32 11 -31 11 -30 11 -29 9 -28 9 -27 8 -26 8 -25 7 -24 6 -24 5 -23 4 -22 4 -21 3 -21 2 -19 1 -19 1 -18 0 -17 -1 -16 -2 0 0 0 0 0 0 0 0 0 0 0 0 0 0 0 0 0 0 0 0 0 0 -17 1 -17 0 -17 -1 -17 -2 -17 -2 -17 -2 -18 -3 -18 -3 -18 -3 -18 -3 -18 -3 -19 -4 -19 -4 -20 -4 -21 -3 -21 -3 -22 -3 -24 -2 -24 -1 -26 0 -27 1 -29 2 -30 4 -32 5 -34 6 -36 7 ]
CSI_DATA,STA,E4:D1:24:F0:BE:00,-57,10,0,0,0,0,0,0,0,0,0,-97,0,5,0,131357071,0,399,0,0,131.749,128,[-113 -15 24 0 2 -39 2 -38 1 -37 1 -36 1 -35 1 -34 1 -33 0 -32 1 -32 0 -31 0 -30 1 -29 2 -27 2 -26 3 -25 3 -24 4 -24 4 -22 5 -22 5 -20 5 -19 5 -18 6 -17 7 -17 8 -15 0 0 0 0 0 0 0 0 0 0 0 0 0 0 0 0 0 0 0 0 0 0 2 -17 4 -16 5 -16 5 -16 6 -16 7 -15 7 -16 7 -16 7 -16 8 -16 8 -16 8 -17 8 -17 9 -18 9 -19 9 -21 8 -21 9 -22 8 -23 8 -24 8 -26 8 -28 7 -30 6 -31 6 -34 5 -36 ]
CSI_DATA,STA,E4:D1:24:F0:BE:00,-58,10,0,0,0,0,0,0,0,0,0,-97,0,5,0,131459473,0,399,0,0,131.852,128,[-113 -15 24 0 -33 -15 -34 -14 -32 -13 -32 -13 -31 -12 -30 -12 -29 -12 -28 -12 -27 -12 -26 -12 -25 -11 -24 -11 -23 -12 -21 -12 -19 -11 -19 -12 -18 -12 -17 -12 -15 -12 -15 -11 -14 -11 -13 -11 -12 -11 -11 -11 -10 -11 0 0 0 0 0 0 0 0 0 0 0 0 0 0 0 0 0 0 0 0 0 0 -16 -6 -15 -7 -14 -8 -14 -9 -14 -10 -14 -10 -14 -11 -14 -11 -13 -12 -14 -12 -14 -12 -14 -13 -15 -13 -15 -14 -15 -14 -16 -14 -17 -14 -18 -15 -19 -15 -20 -14 -22 -14 -24 -15 -25 -15 -28 -16 -29 -16 -31 -15 ]
CSI_DATA,STA,E4:D1:24:F0:BE:00,-58,10,0,0,0,0,0,0,0,0,0,-97,0,5,0,131561875,0,399,0,0,131.954,128,[-113 -15 24 0 25 -29 24 -29 23 -28 23 -27 22 -27 22 -27 21 -25 21 -25 20 -24 19 -23 19 -22 18 -21 18 -19 18 -18 18 -17 17 -16 17 -15 17 -13 17 -12 16 -11 16 -10 15 -9 15 -8 15 -7 14 -6 0 0 0 0 0 0 0 0 0 0 0 0 0 0 0 0 0 0 0 0 0 0 10 -13 10 -11 11 -11 11 -11 12 -10 12 -10 13 -10 14 -10 14 -10 14 -10 14 -9 15 -10 16 -10 17 -11 17 -11 17 -12 18 -13 19 -14 19 -15 20 -16 21 -17 22 -19 22 -21 24 -23 24 -25 26 -27 ]
CSI_DATA,STA,E4:D1:24:F0:BE:00,-58,10,0,0,0,0,0,0,0,0,0,-97,0,5,0,131664277,0,399,0,0,132.056,128,[-113 -15 24 0 -38 9 -36 10 -35 10 -34 9 -33 10 -33 9 -31 9 -30 9 -30 8 -29 8 -28 7 -27 6 -26 6 -24 5 -23 4 -22 4 -21 3 -21 3 -20 1 -20 1 -18 0 -18 0 -17 -1 -16 -1 -17 -2 0 0 0 0 0 0 0 0 0 0 0 0 0 0 0 0 0 0 0 0 0 0 -17 5 -17 3 -18 2 -18 1 -18 0 -18 0 -18 0 -19 0 -19 0 -19 -1 -19 -1 -20 -1 -21 -2 -22 -2 -23 -1 -24 -1 -24 -1 -25 -1 -26 0 -27 1 -28 2 -30 3 -32 4 -34 4 -35 5 -37 6 ]
CSI_DATA,STA,E4:D1:24:F0:BE:00,-58,10,0,0,0,0,0,0,0,0,0,-97,0,5,0,131766679,0,399,0,0,132.159,128,[-113 -15 24 0 15 30 15 28 15 28 15 27 15 27 14 25 13 25 13 25 12 24 12 23 11 23 10 22 9 21 8 21 7 19 7 19 6 18 5 18 4 17 3 16 3 15 2 15 2 14 1 14 0 14 0 0 0 0 0 0 0 0 0 0 0 0 0 0 0 0 0 0 0 0 0 0 7 13 6 13 5 14 4 14 4 15 3 15 2 15 2 16 2 16 1 16 2 16 1 17 1 18 2 18 1 18 2 20 2 19 3 21 3 21 5 22 5 23 7 24 8 25 10 26 11 28 12 30 ]
CSI_DATA,STA,E4:D1:24:F0:BE:00,-58,10,0,0,0,0,0,0,0,0,0,-97,0,5,0,131869081,0,399,0,0,132.261,128,[-113 -15 24 0 -11 -36 -12 -35 -11 -33 -10 -33 -11 -31 -10 -31 -10 -29 -10 -29 -9 -28 -9 -27 -8 -26 -7 -25 -7 -24 -6 -23 -5 -22 -5 -21 -4 -21 -3 -20 -2 -19 -3 -18 -2 -18 -2 -17 0 -16 0 -16 1 -15 0 0 0 0 0 0 0 0 0 0 0 0 0 0 0 0 0 0 0 0 0 0 -7 -16 -5 -17 -4 -17 -3 -17 -3 -17 -2 -18 -2 -18 -1 -18 -1 -19 -1 -19 0 -19 0 -20 0 -20 0 -20 0 -21 0 -23 -1 -23 -1 -24 -2 -25 -2 -26 -4 -27 -4 -29 -5 -30 -6 -32 -7 -33 -8 -36 ]
CSI_DATA,STA,E4:D1:24:F0:BE:00,-57,10,0,0,0,0,0,0,0,0,0,-97,0,5,0,131971482,0,399,0,0,132.364,128,[-113 -15 24 0 6 40 7 37 6 37 6 34 7 34 6 32 6 31 6 30 5 29 5 28 5 27 4 26 4 24 3 24 2 22 1 22 1 21 0 20 0 19 -1 18 -1 17 -1 16 -2 15 -2 15 -4 14 0 0 0 0 0 0 0 0 0 0 0 0 0 0 0 0 0 0 0 0 0 0 7 17 5 18 3 18 3 19 2 19 2 19 1 20 0 21 0 21 -1 21 -2 21 -2 22 -2 23 -3 24 -3 24 -3 26 -3 26 -2 27 -2 28 -1 29 0 30 1 32 1 34 2 36 3 38 4 39 ]
CSI_DATA,STA,E4:D1:24:F0:BE:00,-57,10,0,0,0,0,0,0,0,0,0,-97,0,5,0,132073884,0,399,0,0,132.466,128,[-113 -15 24 0 -18 37 -16 36 -15 35 -15 34 -13 33 -13 32 -12 31 -12 30 -12 29 -11 28 -11 26 -11 25 -11 24 -11 23 -11 21 -11 20 -11 19 -11 18 -11 17 -10 16 -10 15 -10 13 -10 13 -11 12 -11 11 0 0 0 0 0 0 0 0 0 0 0 0 0 0 0 0 0 0 0 0 0 0 -7 16 -8 16 -9 15 -10 15 -11 15 -11 15 -12 15 -12 16 -13 16 -14 15 -14 15 -15 16 -16 16 -16 16 -17 17 -17 19 -17 19 -18 21 -18 22 -18 23 -18 24 -18 27 -19 29 -19 30 -19 33 -19 35 ]
CSI_DATA,STA,E4:D1:24:F0:BE:00,-58,10,0,0,0,0,0,0,0,0,0,-97,0,5,0,132176286,0,399,0,0,132.568,128,[-113 -15 24 0 23 30 22 29 22 28 21 26 21 25 20 25 20 24 19 22 18 22 17 21 16 21 15 20 14 20 13 19 12 18 11 18 10 17 9 16 8 16 7 16 7 15 6 14 5 14 4 13 3 13 0 0 0 0 0 0 0 0 0 0 0 0 0 0 0 0 0 0 0 0 0 0 12 11 11 12 10 13 9 13 9 14 9 15 9 16 8 16 8 17 8 17 7 18 8 19 8 19 8 20 8 21 9 21 9 22 10 23 11 24 12 25 13 25 15 26 15 27 17 29 19 30 21 31 ]
CSI_DATA,STA,E4:D1:24:F0:BE:00,-58,10,0,0,0,0,0,0,0,0,0,-97,0,5,0,132278688,0,399,0,0,132.671,128,[-113 -15 24 0 -22 31 -21 30 -20 30 -19 29 -18 29 -17 28 -17 27 -16 26 -16 25 -16 24 -15 23 -15 22 -15 21 -15 20 -14 18 -15 17 -14 17 -14 16 -14 14 -14 13 -13 12 -13 11 -13 10 -13 9 -12 8 0 0 0 0 0 0 0 0 0 0 0 0 0 0 0 0 0 0 0 0 0 0 -9 13 -10 12 -11 12 -11 12 -12 12 -12 11 -13 11 -14 11 -15 11 -15 11 -16 11 -16 12 -17 12 -18 12 -18 13 -19 14 -19 14 -20 15 -20 16 -20 18 -20 19 -21 21 -21 22 -22 24 -22 26 -23 28 ]
CSI_DATA,STA,E4:D1:24:F0:BE:00,-58,10,0,0,0,0,0,0,0,0,0,-97,0,5,0,132381090,0,399,0,0,132.773,128,[-113 -15 24 0 -33 18 -31 18 -30 17 -28 17 -27 17 -27 16 -25 16 -25 16 -24 15 -23 14 -23 13 -22 13 -21 12 -20 11 -19 10 -19 9 -18 8 -19 8 -17 6 -17 6 -16 5 -15 4 -15 4 -14 3 -14 2 0 0 0 0 0 0 0 0 0 0 0 0 0 0 0 0 0 0 0 0 0 0 -14 10 -15 9 -16 8 -16 7 -17 7 -17 6 -18 6 -18 6 -19 5 -19 4 -19 4 -20 4 -21 4 -22 4 -22 4 -23 5 -23 5 -25 6 -25 7 -26 8 -26 9 -28 10 -28 11 -30 12 -31 14 -33 16 ]
CSI_DATA,STA,E4:D1:24:F0:BE:00,-58,10,0,0,0,0,0,0,0,0,0,-97,0,5,0,132483492,0,399,0,0,132.876,128,[-113 -15 24 0 -24 29 -22 29 -21 28 -21 27 -19 27 -19 26 -18 25 -18 25 -17 23 -17 23 -17 21 -16 21 -16 20 -16 18 -15 17 -15 16 -15 15 -15 14 -14 12 -14 12 -14 11 -13 10 -12 9 -13 8 -12 7 0 0 0 0 0 0 0 0 0 0 0 0 0 0 0 0 0 0 0 0 0 0 -10 14 -11 13 -12 12 -13 11 -13 11 -14 11 -15 11 -15 11 -16 11 -16 11 -17 10 -18 11 -18 11 -19 11 -19 11 -20 12 -20 13 -21 14 -21 15 -22 16 -22 18 -23 19 -23 21 -24 22 -24 24 -25 27 ]
CSI_DATA,STA,E4:D1:24:F0:BE:00,-58,10,0,0,0,0,0,0,0,0,0,-97,0,5,0,132585893,0,399,0,0,132.978,128,[-113 -15 24 0 -34 -17 -34 -17 -33 -15 -32 -15 -32 -14 -31 -14 -30 -13 -28 -13 -28 -13 -27 -13 -25 -12 -25 -12 -23 -12 -22 -12 -20 -12 -19 -12 -18 -12 -17 -12 -15 -12 -14 -12 -14 -12 -13 -11 -11 -11 -10 -11 -10 -11 0 0 0 0 0 0 0 0 0 0 0 0 0 0 0 0 0 0 0 0 0 0 -16 -6 -15 -8 -15 -8 -14 -9 -14 -10 -14 -10 -15 -11 -15 -11 -15 -12 -15 -13 -14 -13 -15 -14 -16 -14 -16 -15 -16 -15 -18 -16 -18 -16 -19 -17 -20 -17 -21 -17 -23 -17 -25 -18 -26 -18 -28 -18 -31 -18 -32 -18 ]
CSI_DATA,STA,E4:D1:24:F0:BE:00,-57,10,0,0,0,0,0,0,0,0,0,-97,0,5,0,132688294,0,399,0,0,133.08,128,[-113 -15 24 0 -20 34 -18 33 -17 33 -17 31 -15 31 -16 31 -14 29 -14 29 -14 28 -14 26 -14 25 -14 24 -14 23 -13 23 -13 21 -13 20 -13 19 -13 18 -13 17 -13 16 -13 15 -12 13 -12 12 -13 11 -14 10 0 0 0 0 0 0 0 0 0 0 0 0 0 0 0 0 0 0 0 0 0 0 -8 14 -9 13 -10 13 -11 12 -12 12 -12 12 -13 12 -13 12 -14 13 -14 12 -15 12 -15 12 -16 13 -17 13 -17 14 -17 15 -17 15 -18 17 -18 18 -19 19 -19 21 -19 23 -20 25 -20 26 -21 29 -21 31 ]
CSI_DATA,STA,E4:D1:24:F0:BE:00,-58,10,0,0,0,0,0,0,0,0,0,-97,0,5,0,132790696,0,399,0,0,133.183,128,[-113 -15 24 0 27 26 26 25 26 24 25 23 25 23 24 23 23 22 22 21 21 21 20 20 19 19 18 19 17 18 16 18 14 17 14 18 13 17 11 17 11 16 9 16 9 15 8 15 7 15 6 14 4 14 0 0 0 0 0 0 0 0 0 0 0 0 0 0 0 0 0 0 0 0 0 0 13 9 11 10 11 10 11 11 11 12 10 12 10 13 10 14 10 15 10 15 9 16 10 17 10 17 10 18 11 18 11 20 12 20 13 21 14 21 15 22 16 23 18 23 19 24 21 25 23 27 25 28 ]
CSI_DATA,STA,E4:D1:24:F0:BE:00,-58,10,0,0,0,0,0,0,0,0,0,-97,0,5,0,132893098,0,399,0,0,133.285,128,[-113 -15 24 0 15 -35 14 -34 14 -33 13 -32 13 -31 12 -30 12 -29 11 -28 11 -27 11 -26 10 -25 10 -23 10 -22 10 -21 10 -20 10 -19 10 -18 10 -17 10 -16 10 -15 9 -14 9 -13 9 -12 10 -11 9 -10 0 0 0 0 0 0 0 0 0 0 0 0 0 0 0 0 0 0 0 0 0 0 4 -15 5 -15 6 -15 7 -15 8 -15 8 -15 9 -15 9 -15 10 -15 11 -15 11 -15 12 -16 12 -16 13 -17 13 -17 14 -18 13 -19 15 -20 15 -21 15 -22 15 -24 15 -26 16 -27 16 -29 16 -31 17 -33 ]
CSI_DATA,STA,E4:D1:24:F0:BE:00,-58,10,0,0,0,0,0,0,0,0,0,-97,0,5,0,132995500,0,399,0,0,133.388,128,[-113 -15 24 0 -7 -37 -7 -36 -6 -36 -7 -35 -7 -33 -7 -33 -6 -31 -6 -30 -6 -30 -5 -29 -5 -28 -4 -27 -3 -26 -2 -25 -2 -23 -1 -22 0 -22 0 -21 1 -20 1 -19 2 -18 2 -17 2 -16 3 -15 4 -15 0 0 0 0 0 0 0 0 0 0 0 0 0 0 0 0 0 0 0 0 0 0 -4 -15 -2 -15 -2 -15 -1 -15 0 -16 0 -16 0 -16 0 -17 1 -17 1 -18 1 -18 1 -18 2 -19 2 -20 2 -20 2 -22 1 -22 1 -24 1 -25 0 -26 -1 -27 -1 -29 -2 -31 -3 -32 -3 -34 -4 -37 ]
CSI_DATA,STA,E4:D1:24:F0:BE:00,-58,10,0,0,0,0,0,0,0,0,0,-97,0,5,0,133097902,0,399,0,0,133.49,128,[-113 -15 24 0 22 -31 21 -30 20 -30 19 -29 18 -28 18 -28 16 -26 16 -26 16 -25 16 -24 15 -23 15 -22 14 -21 14 -20 13 -18 13 -17 13 -16 13 -15 12 -14 12 -13 12 -12 11 -11 12 -10 12 -9 12 -9 0 0 0 0 0 0 0 0 0 0 0 0 0 0 0 0 0 0 0 0 0 0 8 -15 9 -14 10 -14 11 -13 12 -13 13 -13 13 -13 14 -13 14 -13 14 -12 15 -12 16 -13 17 -13 17 -13 17 -14 18 -15 19 -15 20 -17 19 -17 20 -19 20 -20 21 -22 22 -23 23 -25 24 -27 25 -29 ]
CSI_DATA,STA,E4:D1:24:F0:BE:00,-57,10,0,0,0,0,0,0,0,0,0,-97,0,5,0,133200304,0,399,0,0,133.592,128,[-113 -15 24 0 37 -15 35 -15 35 -14 33 -14 33 -14 32 -14 31 -13 29 -13 29 -13 28 -12 27 -11 26 -10 24 -9 24 -9 23 -8 23 -6 22 -6 21 -5 20 -4 19 -3 18 -2 17 -2 17 -1 15 0 15 1 0 0 0 0 0 0 0 0 0 0 0 0 0 0 0 0 0 0 0 0 0 0 15 -9 16 -7 17 -7 17 -5 18 -5 18 -4 19 -4 19 -3 19 -3 20 -2 20 -2 21 -2 22 -2 22 -2 22 -2 24 -2 24 -2 26 -3 27 -3 28 -4 29 -5 31 -6 32 -7 33 -9 35 -10 37 -12 ]
CSI_DATA,STA,E4:D1:24:F0:BE:00,-57,10,0,0,0,0,0,0,0,0,0,-97,0,5,0,133302706,0,399,0,0,133.695,128,[-113 -15 24 0 -1 38 0 36 0 36 0 34 1 33 1 32 1 31 0 30 1 29 1 28 0 27 0 26 -1 24 -1 24 -1 22 -2 22 -3 20 -3 20 -3 19 -3 17 -4 16 -4 16 -4 15 -5 14 -5 13 0 0 0 0 0 0 0 0 0 0 0 0 0 0 0 0 0 0 0 0 0 0 2 17 0 17 -1 18 -2 18 -3 18 -4 18 -4 19 -5 19 -5 19 -6 20 -6 20 -7 20 -7 21 -8 21 -8 21 -9 23 -8 23 -8 25 -8 25 -8 27 -7 28 -6 30 -7 32 -6 33 -5 35 -4 37 ]
CSI_DATA,STA,E4:D1:24:F0:BE:00,-57,10,0,0,0,0,0,0,0,0,0,-97,0,5,0,133405107,0,399,0,0,133.797,128,[-113 -15 24 0 -23 -33 -23 -33 -23 -31 -22 -30 -21 -30 -20 -29 -20 -28 -19 -28 -18 -27 -18 -26 -17 -25 -16 -25 -15 -24 -14 -23 -13 -22 -11 -22 -10 -22 -9 -21 -8 -20 -7 -20 -6 -19 -6 -18 -5 -17 -4 -17 -2 -17 0 0 0 0 0 0 0 0 0 0 0 0 0 0 0 0 0 0 0 0 0 0 -12 -12 -11 -14 -11 -15 -10 -15 -9 -16 -9 -17 -8 -17 -8 -18 -8 -18 -8 -19 -8 -19 -8 -20 -8 -21 -8 -22 -8 -23 -9 -23 -9 -24 -9 -25 -10 -26 -11 -27 -13 -27 -14 -29 -15 -30 -17 -31 -18 -33 -21 -35 ]
CSI_DATA,STA,E4:D1:24:F0:BE:00,-57,10,0,0,0,0,0,0,0,0,0,-97,0,5,0,133507509,0,399,0,0,133.9,128,[-113 -15 24 0 -40 8 -39 8 -38 8 -37 8 -36 8 -35 8 -33 8 -32 8 -31 7 -30 7 -30 6 -28 6 -28 5 -26 5 -25 4 -24 3 -24 3 -23 1 -22 1 -21 1 -21 0 -20 -1 -19 -1 -18 -3 -18 -4 0 0 0 0 0 0 0 0 0 0 0 0 0 0 0 0 0 0 0 0 0 0 -17 6 -18 5 -18 4 -19 3 -19 2 -20 1 -20 0 -21 0 -21 -1 -21 -2 -21 -2 -22 -3 -23 -2 -24 -2 -24 -3 -26 -3 -26 -2 -27 -2 -29 -2 -30 -1 -31 0 -33 1 -34 2 -36 2 -38 3 -40 5 ]
CSI_DATA,STA,E4:D1:24:F0:BE:00,-57,10,0,0,0,0,0,0,0,0,0,-97,0,5,0,133609911,0,399,0,0,134.002,128,[-113 -15 24 0 -19 24 -17 24 -17 23 -16 23 -15 23 -14 22 -14 21 -14 21 -13 20 -13 19 -13 19 -12 18 -12 17 -12 16 -12 15 -12 14 -12 13 -12 13 -12 12 -11 12 -12 10 -11 10 -11 9 -12 8 -12 7 0 0 0 0 0 0 0 0 0 0 0 0 0 0 0 0 0 0 0 0 0 0 -8 11 -9 10 -9 10 -10 10 -10 9 -11 9 -12 9 -12 9 -12 10 -13 9 -13 9 -14 10 -15 9 -15 10 -15 10 -16 11 -16 11 -17 12 -17 13 -17 14 -18 15 -18 16 -19 18 -19 19 -19 20 -20 22 ]
CSI_DATA,STA,E4:D1:24:F0:BE:00,-57,10,0,0,0,0,0,0,0,0,0,-97,0,5,0,133712313,0,399,0,0,134.105,128,[-113 -15 24 0 7 30 7 29 6 28 7 28 7 27 7 27 7 26 6 25 6 24 6 23 6 23 5 22 4 21 4 20 3 19 3 19 2 19 1 18 1 17 0 17 0 16 -1 15 -1 15 -2 14 -3 14 0 0 0 0 0 0 0 0 0 0 0 0 0 0 0 0 0 0 0 0 0 0 3 12 1 12 1 13 0 13 0 13 -1 14 -1 14 -1 14 -1 15 -2 15 -2 15 -3 16 -3 16 -3 17 -3 17 -3 18 -3 19 -2 19 -2 20 -1 21 0 22 1 24 1 25 2 26 3 28 4 30 ]
CSI_DATA,STA,E4:D1:24:F0:BE:00,-57,10,0,0,0,0,0,0,0,0,0,-97,0,5,0,133814715,0,399,0,0,134.207,128,[-113 -15 24 0 7 -41 7 -40 7 -38 6 -37 6 -36 5 -35 5 -34 5 -33 4 -32 5 -31 4 -30 5 -28 5 -27 5 -26 5 -24 6 -24 7 -23 6 -22 7 -21 6 -20 7 -19 7 -18 8 -17 8 -16 9 -15 0 0 0 0 0 0 0 0 0 0 0 0 0 0 0 0 0 0 0 0 0 0 2 -17 3 -16 4 -17 5 -17 6 -17 6 -17 7 -17 8 -17 8 -18 8 -18 9 -18 9 -19 10 -20 10 -20 11 -20 11 -22 11 -23 11 -24 11 -25 11 -26 11 -28 11 -30 10 -32 10 -34 10 -36 11 -39 ]
CSI_DATA,STA,E4:D1:24:F0:BE:00,-57,10,0,0,0,0,0,0,0,0,0,-97,0,5,0,133917117,0,399,0,0,134.309,128,[-113 -15 24 0 37 -14 35 -14 34 -14 33 -13 32 -14 31 -13 30 -13 29 -13 28 -12 27 -12 27 -11 25 -10 24 -9 24 -8 22 -7 22 -7 22 -6 21 -6 20 -5 19 -4 19 -3 18 -3 17 -2 17 -1 16 0 0 0 0 0 0 0 0 0 0 0 0 0 0 0 0 0 0 0 0 0 0 0 15 -7 15 -6 16 -5 16 -5 17 -4 17 -3 18 -3 18 -3 18 -2 18 -2 19 -2 20 -1 21 -1 21 -1 22 -1 23 -2 23 -2 25 -2 25 -3 27 -4 28 -5 29 -6 31 -7 32 -8 34 -9 36 -11 ]
CSI_DATA,STA,E4:D1:24:F0:BE:00,-58,10,0,0,0,0,0,0,0,0,0,-97,0,5,0,134019518,0,399,0,0,134.412,128,[-113 -15 24 0 37 -3 36 -3 36 -4 35 -4 34 -4 33 -4 32 -4 31 -4 30 -3 29 -3 28 -3 26 -2 25 -2 25 -1 23 -1 23 0 22 0 21 0 20 0 19 1 18 2 18 2 17 3 17 4 16 5 0 0 0 0 0 0 0 0 0 0 0 0 0 0 0 0 0 0 0 0 0 0 16 -4 17 -3 17 -2 17 0 17 0 17 1 18 2 18 2 19 2 18 3 19 4 19 4 20 4 21 4 22 5 22 5 23 4 24 5 25 4 27 4 28 3 29 3 31 2 33 2 35 1 37 -1 ]
CSI_DATA,STA,E4:D1:24:F0:BE:00,-58,10,0,0,0,0,0,0,0,0,0,-97,0,5,0,134121920,0,399,0,0,134.514,128,[-113 -15 24 0 -36 0 -36 1 -34 2 -34 1 -34 2 -32 2 -31 2 -30 2 -29 2 -29 1 -28 1 -26 0 -26 0 -24 0 -23 -1 -22 -2 -22 -2 -21 -2 -20 -3 -19 -3 -18 -3 -17 -3 -16 -4 -15 -5 -15 -5 0 0 0 0 0 0 0 0 0 0 0 0 0 0 0 0 0 0 0 0 0 0 -17 1 -17 0 -17 -2 -17 -2 -17 -3 -17 -4 -18 -4 -18 -5 -18 -5 -18 -5 -18 -6 -19 -6 -20 -7 -20 -7 -21 -7 -22 -7 -23 -7 -23 -7 -25 -6 -26 -6 -27 -5 -29 -5 -30 -4 -32 -3 -34 -3 -36 -2 ]
CSI_DATA,STA,E4:D1:24:F0:BE:00,-59,10,0,0,0,0,0,0,0,0,0,-97,0,5,0,134224322,0,399,0,0,134.617,128,[-113 -15 24 0 36 -9 34 -9 35 -9 33 -9 32 -9 31 -8 30 -8 29 -8 29 -7 28 -6 27 -6 26 -5 25 -4 24 -4 22 -3 21 -3 21 -2 20 -1 19 -1 18 0 18 0 17 1 16 1 15 2 15 3 0 0 0 0 0 0 0 0 0 0 0 0 0 0 0 0 0 0 0 0 0 0 15 -6 15 -4 15 -3 15 -2 16 -2 16 -1 16 -1 17 0 17 0 17 0 17 1 19 1 19 1 19 1 20 1 21 0 21 0 24 0 24 0 25 -1 26 -2 28 -3 29 -3 31 -4 34 -5 35 -6 ]
CSI_DATA,STA,E4:D1:24:F0:BE:00,-58,10,0,0,0,0,0,0,0,0,0,-97,0,5,0,134326724,0,399,0,0,134.719,128,[-113 -15 24 0 24 27 24 26 23 25 23 24 23 23 22 23 21 22 21 21 20 21 19 20 18 19 17 19 16 19 14 18 13 18 12 18 12 17 11 16 9 16 9 15 7 15 7 15 6 14 5 13 4 13 0 0 0 0 0 0 0 0 0 0 0 0 0 0 0 0 0 0 0 0 0 0 13 11 11 12 11 13 10 13 9 15 9 15 8 16 8 16 8 17 8 17 8 17 8 18 8 18 8 19 9 20 9 20 9 21 10 22 11 22 13 23 14 24 15 24 17 25 18 26 20 27 22 29 ]
CSI_DATA,STA,E4:D1:24:F0:BE:00,-57,10,0,0,0,0,0,0,0,0,0,-97,0,5,0,134429126,0,399,0,0,134.821,128,[-113 -15 24 0 0 36 1 36 0 34 1 34 2 32 2 31 2 30 2 29 1 28 1 27 1 26 1 25 0 24 -1 23 -1 22 -1 21 -2 21 -2 19 -3 18 -3 18 -3 16 -3 15 -4 15 -5 14 -5 13 0 0 0 0 0 0 0 0 0 0 0 0 0 0 0 0 0 0 0 0 0 0 0 15 -1 15 -2 15 -3 15 -4 15 -4 16 -4 16 -5 16 -5 16 -6 16 -6 17 -6 18 -7 18 -7 19 -7 20 -7 20 -7 22 -7 22 -6 24 -6 25 -5 26 -5 28 -4 29 -4 31 -3 33 -3 36 ]
CSI_DATA,STA,E4:D1:24:F0:BE:00,-57,10,0,0,0,0,0,0,0,0,0,-97,0,5,0,134531528,0,399,0,0,134.924,128,[-113 -15 24 0 -22 -30 -22 -29 -21 -28 -21 -27 -20 -26 -20 -25 -19 -24 -19 -23 -17 -23 -17 -22 -16 -21 -15 -21 -14 -20 -13 -19 -12 -18 -11 -19 -10 -18 -9 -17 -8 -17 -8 -16 -7 -15 -6 -15 -6 -15 -5 -14 -3 -14 0 0 0 0 0 0 0 0 0 0 0 0 0 0 0 0 0 0 0 0 0 0 -11 -12 -10 -13 -10 -13 -9 -14 -9 -15 -8 -15 -8 -15 -8 -16 -8 -16 -7 -17 -7 -18 -7 -18 -8 -19 -8 -20 -8 -20 -9 -22 -9 -21 -10 -23 -11 -23 -12 -24 -13 -25 -14 -26 -15 -27 -16 -29 -18 -30 -19 -31 ]
CSI_DATA,STA,E4:D1:24:F0:BE:00,-57,10,0,0,0,0,0,0,0,0,0,-97,0,5,0,134633931,0,399,0,0,135.026,128,[-113 -15 24 0 14 -29 14 -29 13 -28 12 -27 11 -26 11 -26 11 -25 10 -24 10 -24 9 -23 9 -22 9 -21 9 -20 9 -19 9 -18 9 -17 9 -16 9 -15 9 -14 9 -13 9 -12 9 -12 9 -11 9 -10 9 -9 0 0 0 0 0 0 0 0 0 0 0 0 0 0 0 0 0 0 0 0 0 0 5 -14 6 -13 7 -13 7 -13 8 -12 8 -13 9 -12 9 -13 10 -12 10 -13 11 -13 12 -13 12 -14 12 -14 13 -14 13 -15 13 -16 14 -17 14 -18 15 -19 15 -20 15 -21 15 -22 16 -24 16 -26 17 -28 ]
CSI_DATA,STA,E4:D1:24:F0:BE:00,-57,10,0,0,0,0,0,0,0,0,0,-97,0,5,0,134736332,0,399,0,0,135.128,128,[-113 -15 24 0 26 -30 25 -30 24 -29 23 -28 22 -28 22 -27 21 -26 20 -26 19 -25 19 -24 18 -23 18 -22 17 -21 17 -19 16 -18 16 -17 16 -16 16 -15 15 -14 15 -13 14 -12 14 -11 14 -10 14 -9 14 -7 0 0 0 0 0 0 0 0 0 0 0 0 0 0 0 0 0 0 0 0 0 0 10 -14 12 -13 12 -12 13 -12 14 -12 14 -11 15 -11 16 -11 16 -11 17 -11 17 -10 18 -11 19 -11 19 -11 20 -11 21 -13 21 -13 22 -14 23 -15 24 -16 24 -18 25 -19 25 -21 26 -23 27 -25 28 -28 ]
CSI_DATA,STA,E4:D1:24:F0:BE:00,-57,10,0,0,0,0,0,0,0,0,0,-97,0,5,0,134838734,0,399,0,0,135.231,128,[-113 -15 24 0 -2 34 -1 33 -1 32 -1 31 0 31 0 30 0 29 0 28 0 27 0 26 -1 25 -1 24 -1 23 -2 22 -2 20 -3 21 -3 20 -4 19 -4 17 -4 17 -4 16 -5 15 -5 14 -5 14 -6 13 0 0 0 0 0 0 0 0 0 0 0 0 0 0 0 0 0 0 0 0 0 0 0 14 -2 14 -3 14 -3 14 -4 14 -4 14 -5 15 -5 15 -5 16 -6 16 -6 16 -6 17 -7 17 -7 18 -7 18 -7 19 -7 20 -8 21 -7 22 -7 23 -7 24 -6 26 -6 27 -5 29 -5 31 -4 33 ]
CSI_DATA,STA,E4:D1:24:F0:BE:00,-57,10,0,0,0,0,0,0,0,0,0,-97,0,5,0,134941136,0,399,0,0,135.333,128,[-113 -15 24 0 24 -31 22 -31 21 -31 21 -30 19 -29 19 -29 18 -27 18 -27 17 -27 17 -25 16 -23 16 -22 15 -21 15 -21 15 -19 15 -18 15 -17 14 -16 14 -15 13 -14 13 -13 13 -12 13 -11 13 -10 13 -9 0 0 0 0 0 0 0 0 0 0 0 0 0 0 0 0 0 0 0 0 0 0 10 -14 11 -14 12 -13 12 -13 13 -12 13 -12 14 -12 14 -12 15 -12 15 -12 16 -12 17 -12 17 -12 19 -13 19 -13 19 -14 19 -14 20 -16 21 -17 21 -18 21 -20 22 -21 22 -23 23 -24 24 -27 25 -29 ]
CSI_DATA,STA,E4:D1:24:F0:BE:00,-58,10,0,0,0,0,0,0,0,0,0,-97,0,5,0,135043538,0,399,0,0,135.436,128,[-113 -15 24 0 31 24 30 23 30 22 30 22 29 21 28 20 28 20 26 19 25 18 24 18 23 18 22 17 21 17 19 17 18 16 17 16 16 16 15 15 14 15 13 15 12 14 11 14 10 14 9 14 8 14 0 0 0 0 0 0 0 0 0 0 0 0 0 0 0 0 0 0 0 0 0 0 13 9 13 10 12 11 12 12 11 12 11 13 11 14 11 14 11 15 10 15 11 16 11 17 12 17 12 18 13 19 13 19 14 20 15 20 16 21 18 22 19 22 20 23 22 23 24 24 26 25 29 26 ]
CSI_DATA,STA,E4:D1:24:F0:BE:00,-59,10,0,0,0,0,0,0,0,0,0,-97,0,5,0,135145940,0,399,0,0,135.538,128,[-113 -15 24 0 9 34 10 34 10 33 10 32 10 32 10 30 10 30 9 29 8 28 8 27 7 26 6 26 6 25 4 23 4 23 3 22 2 21 2 20 2 20 1 19 0 18 0 17 -1 17 -2 16 -3 15 0 0 0 0 0 0 0 0 0 0 0 0 0 0 0 0 0 0 0 0 0 0 3 15 3 15 1 15 1 15 0 15 0 16 0 16 -1 16 -1 17 -1 16 -1 17 -2 18 -2 19 -2 19 -2 20 -3 21 -2 22 -1 22 -1 23 1 24 2 25 2 27 3 28 4 30 5 32 6 34 ]
CSI_DATA,STA,E4:D1:24:F0:BE:00,-58,10,0,0,0,0,0,0,0,0,0,-97,0,5,0,135248342,0,399,0,0,135.641,128,[-113 -15 24 0 33 15 33 14 33 14 31 13 32 13 30 12 29 12 28 12 27 12 26 12 25 12 23 12 22 12 21 12 19 12 18 12 17 12 16 11 15 12 13 11 13 11 12 11 11 11 10 11 9 11 0 0 0 0 0 0 0 0 0 0 0 0 0 0 0 0 0 0 0 0 0 0 16 4 16 5 15 6 15 7 15 8 15 9 15 9 15 10 15 10 15 11 15 12 15 12 16 13 16 14 17 14 17 15 18 15 19 15 20 16 21 16 22 16 25 16 26 16 28 17 29 17 32 17 ]
CSI_DATA,STA,E4:D1:24:F0:BE:00,-58,10,0,0,0,0,0,0,0,0,0,-97,0,5,0,135350743,0,399,0,0,135.743,128,[-113 -15 24 0 39 -16 37 -16 36 -16 35 -15 34 -16 33 -15 32 -14 31 -14 30 -14 29 -13 28 -12 27 -11 26 -10 25 -9 24 -8 23 -7 22 -6 21 -6 20 -5 19 -4 19 -3 18 -3 17 -2 17 -2 16 0 0 0 0 0 0 0 0 0 0 0 0 0 0 0 0 0 0 0 0 0 0 0 15 -8 15 -6 16 -6 16 -4 17 -4 17 -4 17 -3 18 -3 19 -2 19 -2 19 -2 20 -2 21 -2 22 -2 23 -3 24 -3 24 -3 26 -4 27 -5 28 -5 29 -6 31 -8 32 -9 33 -10 36 -12 38 -13 ]
CSI_DATA,STA,E4:D1:24:F0:BE:00,-58,10,0,0,0,0,0,0,0,0,0,-97,0,5,0,135453145,0,399,0,0,135.845,128,[-113 -15 24 0 -11 -40 -11 -40 -10 -38 -11 -37 -10 -36 -10 -35 -10 -34 -9 -33 -8 -32 -7 -31 -7 -30 -7 -29 -6 -27 -5 -26 -4 -24 -3 -24 -3 -23 -2 -22 -2 -21 -1 -20 -1 -19 0 -18 0 -18 1 -17 2 -16 0 0 0 0 0 0 0 0 0 0 0 0 0 0 0 0 0 0 0 0 0 0 -6 -17 -4 -17 -3 -18 -3 -18 -2 -18 -1 -18 -1 -19 -1 -19 0 -19 0 -19 0 -20 0 -21 1 -22 1 -22 0 -23 0 -24 0 -25 -1 -26 -2 -28 -2 -29 -3 -30 -4 -32 -5 -33 -6 -36 -7 -37 -7 -40 ]
CSI_DATA,STA,E4:D1:24:F0:BE:00,-59,10,0,0,0,0,0,0,0,0,0,-97,0,5,0,135555547,0,399,0,0,135.948,128,[-113 -15 24 0 0 -34 -1 -33 0 -32 -1 -31 -1 -30 -1 -30 -1 -28 -1 -28 -1 -27 -1 -26 0 -25 0 -24 1 -23 1 -22 1 -20 2 -20 2 -19 3 -18 3 -17 3 -16 3 -16 3 -15 3 -14 4 -13 5 -13 0 0 0 0 0 0 0 0 0 0 0 0 0 0 0 0 0 0 0 0 0 0 -2 -16 -1 -16 1 -16 1 -16 2 -17 3 -17 3 -17 4 -17 4 -17 4 -17 5 -17 6 -18 6 -18 6 -19 6 -20 6 -21 6 -21 6 -22 6 -23 6 -24 5 -25 5 -27 4 -28 4 -29 4 -31 3 -33 ]
CSI_DATA,STA,E4:D1:24:F0:BE:00,-58,10,0,0,0,0,0,0,0,0,0,-97,0,5,0,135657949,0,399,0,0,136.05,128,[-113 -15 24 0 -28 21 -26 21 -25 20 -25 20 -24 20 -24 20 -22 18 -22 19 -21 18 -21 16 -20 16 -20 14 -19 14 -19 12 -17 11 -17 11 -17 10 -16 10 -16 8 -15 8 -15 7 -14 6 -14 6 -14 5 -14 4 0 0 0 0 0 0 0 0 0 0 0 0 0 0 0 0 0 0 0 0 0 0 -12 10 -13 8 -14 7 -14 7 -15 7 -15 6 -16 6 -16 5 -16 6 -16 5 -17 5 -18 5 -18 5 -19 5 -19 6 -20 6 -20 6 -21 8 -22 9 -22 9 -23 10 -24 12 -24 13 -26 15 -26 16 -27 18 ]
CSI_DATA,STA,E4:D1:24:F0:BE:00,-59,10,0,0,0,0,0,0,0,0,0,-97,0,5,0,135760351,0,399,0,0,136.153,128,[-113 -15 24 0 -1 35 0 34 0 33 1 32 1 31 1 30 1 29 1 28 1 28 1 26 0 25 0 25 0 24 -1 22 -1 21 -1 20 -2 20 -2 19 -2 18 -3 17 -3 16 -3 16 -4 15 -4 14 -6 15 0 0 0 0 0 0 0 0 0 0 0 0 0 0 0 0 0 0 0 0 0 0 1 17 -1 17 -2 17 -3 17 -3 17 -4 17 -5 17 -5 18 -6 19 -6 18 -7 18 -7 18 -7 19 -8 20 -8 20 -8 21 -9 22 -8 22 -8 23 -8 24 -7 26 -7 27 -6 28 -6 30 -5 31 -4 34 ]
CSI_DATA,STA,E4:D1:24:F0:BE:00,-58,10,0,0,0,0,0,0,0,0,0,-97,0,5,0,135862753,0,399,0,0,136.255,128,[-113 -15 24 0 -15 -39 -14 -38 -14 -36 -14 -35 -14 -34 -14 -33 -13 -32 -12 -32 -12 -31 -11 -30 -10 -28 -9 -27 -9 -25 -7 -24 -6 -23 -6 -22 -5 -21 -4 -21 -4 -20 -4 -19 -3 -18 -3 -17 -2 -17 -1 -16 -1 -16 0 0 0 0 0 0 0 0 0 0 0 0 0 0 0 0 0 0 0 0 0 0 -7 -17 -6 -18 -4 -18 -4 -18 -3 -19 -3 -19 -3 -19 -2 -19 -2 -19 -2 -20 -1 -20 -1 -21 -2 -22 -2 -23 -1 -23 -2 -25 -2 -25 -3 -26 -3 -27 -5 -28 -5 -30 -6 -32 -8 -33 -9 -34 -10 -36 -12 -39 ]
CSI_DATA,STA,E4:D1:24:F0:BE:00,-58,10,0,0,0,0,0,0,0,0,0,-97,0,5,0,135965155,0,399,0,0,136.357,128,[-113 -15 24 0 27 -27 27 -27 25 -26 24 -26 23 -26 23 -25 22 -24 21 -24 21 -23 20 -22 19 -21 19 -19 18 -18 18 -17 17 -16 17 -14 17 -13 16 -13 15 -12 15 -11 14 -10 14 -9 13 -8 13 -7 13 -6 0 0 0 0 0 0 0 0 0 0 0 0 0 0 0 0 0 0 0 0 0 0 11 -16 13 -14 14 -13 15 -13 16 -12 17 -11 17 -11 17 -11 18 -11 18 -10 18 -10 19 -10 20 -10 20 -10 21 -11 22 -11 22 -12 23 -13 24 -14 24 -14 25 -16 26 -18 26 -19 27 -21 28 -22 29 -25 ]
CSI_DATA,STA,E4:D1:24:F0:BE:00,-58,10,0,0,0,0,0,0,0,0,0,-97,0,5,0,135985647,0,189,0,0,136.393,128,[-67 -48 11 0 -35 18 -34 18 -33 18 -32 17 -31 18 -30 17 -29 17 -29 16 -28 15 -27 14 -26 13 -25 12 -24 11 -23 11 -21 10 -21 9 -21 8 -20 7 -19 6 -18 6 -18 5 -17 4 -17 4 -16 2 -15 2 0 0 0 0 0 0 0 0 0 0 0 0 0 0 0 0 0 0 0 0 0 0 -18 8 -18 6 -19 6 -19 5 -19 4 -19 3 -20 4 -20 3 -21 3 -21 2 -21 2 -22 2 -23 1 -23 2 -24 2 -25 3 -25 3 -27 4 -27 5 -28 6 -29 7 -30 8 -31 10 -33 11 -34 12 -36 14 ]
CSI_DATA,STA,E4:D1:24:F0:BE:00,-58,10,0,0,0,0,0,0,0,0,0,-97,0,5,0,136067556,0,399,0,0,136.46,128,[-113 -15 24 0 -40 8 -38 7 -38 8 -36 7 -36 7 -35 7 -34 6 -33 6 -32 5 -31 4 -29 3 -28 3 -26 2 -26 2 -24 1 -23 1 -22 0 -22 0 -21 0 -20 -1 -19 -1 -18 -2 -17 -2 -16 -3 -16 -4 0 0 0 0 0 0 0 0 0 0 0 0 0 0 0 0 0 0 0 0 0 0 -18 3 -18 1 -18 0 -18 -1 -18 -1 -18 -2 -18 -2 -19 -2 -19 -2 -19 -3 -19 -3 -19 -3 -20 -4 -21 -4 -21 -3 -23 -4 -24 -3 -25 -3 -26 -2 -27 -1 -29 0 -31 1 -32 2 -34 2 -36 3 -39 4 ]
CSI_DATA,STA,E4:D1:24:F0:BE:00,-57,10,0,0,0,0,0,0,0,0,0,-97,0,5,0,136169958,0,399,0,0,136.562,128,[-113 -15 24 0 7 -35 5 -34 5 -33 4 -32 3 -31 3 -31 3 -30 2 -29 3 -28 3 -27 3 -26 3 -24 3 -23 4 -22 4 -21 4 -20 4 -19 4 -19 5 -17 5 -17 5 -16 5 -15 5 -14 6 -13 7 -13 0 0 0 0 0 0 0 0 0 0 0 0 0 0 0 0 0 0 0 0 0 0 0 -19 2 -18 3 -19 4 -19 5 -18 6 -18 6 -18 7 -18 8 -19 8 -19 9 -19 10 -19 10 -20 11 -20 11 -20 11 -22 11 -22 11 -23 11 -24 11 -25 10 -26 10 -28 10 -29 10 -30 10 -32 10 -34 ]
CSI_DATA,STA,E4:D1:24:F0:BE:00,-58,10,0,0,0,0,0,0,0,0,0,-97,0,5,0,136272360,0,399,0,0,136.665,128,[-113 -15 24 0 19 -37 17 -37 18 -35 17 -35 16 -34 16 -33 15 -31 14 -31 15 -31 14 -28 14 -27 14 -25 14 -24 14 -23 13 -21 13 -20 13 -19 13 -18 12 -17 12 -16 12 -15 12 -14 12 -13 12 -12 12 -11 0 0 0 0 0 0 0 0 0 0 0 0 0 0 0 0 0 0 0 0 0 0 7 -15 8 -15 10 -15 10 -14 11 -14 11 -14 11 -14 12 -14 13 -14 13 -14 13 -14 15 -14 15 -15 15 -15 16 -16 16 -17 16 -18 17 -19 17 -20 17 -22 17 -24 18 -25 18 -27 19 -30 19 -31 20 -35 ]
CSI_DATA,STA,E4:D1:24:F0:BE:00,-57,10,0,0,0,0,0,0,0,0,0,-97,0,5,0,136374762,0,399,0,0,136.767,128,[-113 -15 24 0 22 -24 21 -24 20 -24 19 -22 18 -22 18 -22 17 -21 16 -21 16 -20 15 -19 15 -18 14 -17 14 -16 14 -15 13 -14 13 -14 13 -13 12 -12 12 -11 12 -11 12 -10 11 -9 12 -8 11 -7 12 -6 0 0 0 0 0 0 0 0 0 0 0 0 0 0 0 0 0 0 0 0 0 0 9 -12 10 -11 10 -11 11 -10 12 -10 12 -9 13 -9 13 -9 13 -9 14 -9 14 -9 15 -9 16 -9 16 -9 16 -9 17 -11 17 -11 18 -12 18 -13 19 -14 19 -15 20 -16 21 -17 21 -18 22 -20 24 -22 ]
CSI_DATA,STA,E4:D1:24:F0:BE:00,-57,10,0,0,0,0,0,0,0,0,0,-97,0,5,0,136477164,0,399,0,0,136.869,128,[-113 -15 24 0 21 30 20 30 21 29 20 28 20 27 20 26 19 25 18 24 17 24 16 23 15 23 14 22 13 21 12 21 11 20 10 20 9 19 8 19 8 18 7 17 6 17 5 16 3 16 2 16 1 15 0 0 0 0 0 0 0 0 0 0 0 0 0 0 0 0 0 0 0 0 0 0 13 11 12 13 11 14 10 14 10 15 9 16 9 16 10 17 8 18 8 18 7 19 7 20 7 21 7 22 8 22 8 23 8 24 9 24 10 25 11 26 13 26 13 28 14 29 15 30 17 32 20 33 ]
CSI_DATA,STA,E4:D1:24:F0:BE:00,-58,10,0,0,0,0,0,0,0,0,0,-97,0,5,0,136579565,0,399,0,0,136.972,128,[-113 -15 24 0 32 -16 30 -16 30 -16 29 -15 28 -15 27 -15 26 -14 25 -14 24 -14 23 -13 22 -12 21 -11 20 -10 20 -10 18 -9 18 -8 17 -8 17 -8 17 -7 16 -6 15 -5 15 -4 14 -4 14 -3 13 -1 0 0 0 0 0 0 0 0 0 0 0 0 0 0 0 0 0 0 0 0 0 0 15 -10 15 -9 16 -8 17 -7 18 -6 18 -6 19 -5 18 -5 19 -4 19 -3 20 -3 20 -3 21 -3 22 -3 22 -3 23 -4 23 -4 24 -5 25 -5 26 -6 26 -7 28 -8 28 -9 30 -11 31 -12 32 -13 ]
CSI_DATA,STA,E4:D1:24:F0:BE:00,-57,10,0,0,0,0,0,0,0,0,0,-97,0,5,0,136681966,0,399,0,0,137.074,128,[-113 -15 24 0 -30 -25 -29 -24 -29 -24 -27 -22 -27 -22 -27 -21 -26 -20 -25 -20 -24 -19 -23 -19 -23 -18 -21 -18 -20 -17 -19 -17 -16 -16 -17 -17 -15 -17 -14 -16 -13 -16 -12 -16 -11 -16 -10 -15 -9 -14 -8 -15 -7 -14 0 0 0 0 0 0 0 0 0 0 0 0 0 0 0 0 0 0 0 0 0 0 -17 -11 -16 -12 -16 -13 -14 -14 -14 -15 -13 -15 -13 -16 -13 -17 -13 -17 -12 -18 -12 -18 -12 -19 -13 -19 -13 -20 -12 -20 -13 -22 -14 -21 -15 -23 -16 -22 -17 -23 -19 -23 -20 -24 -22 -25 -23 -25 -25 -26 -27 -28 ]
CSI_DATA,STA,E4:D1:24:F0:BE:00,-57,10,0,0,0,0,0,0,0,0,0,-97,0,5,0,136784368,0,399,0,0,137.176,128,[-113 -15 24 0 -39 2 -37 2 -37 3 -35 2 -35 3 -34 2 -32 3 -31 2 -31 2 -29 1 -29 1 -27 1 -26 0 -25 0 -23 -1 -23 -1 -21 -2 -21 -2 -20 -3 -19 -3 -18 -4 -18 -4 -17 -5 -15 -5 -15 -6 0 0 0 0 0 0 0 0 0 0 0 0 0 0 0 0 0 0 0 0 0 0 -18 4 -18 3 -19 2 -19 0 -20 0 -20 -1 -20 -2 -20 -2 -21 -3 -21 -3 -21 -4 -22 -5 -22 -5 -23 -5 -24 -5 -25 -5 -25 -5 -26 -5 -27 -5 -28 -4 -30 -4 -31 -3 -33 -2 -35 -2 -37 -1 -39 0 ]
CSI_DATA,STA,E4:D1:24:F0:BE:00,-57,10,0,0,0,0,0,0,0,0,0,-97,0,5,0,136886770,0,399,0,0,137.279,128,[-113 -15 24 0 -29 19 -27 19 -26 19 -25 19 -24 19 -24 18 -23 18 -22 18 -22 17 -21 16 -21 15 -20 14 -19 13 -19 13 -18 11 -18 11 -17 10 -17 9 -17 8 -16 7 -16 6 -15 5 -15 4 -15 3 -15 3 0 0 0 0 0 0 0 0 0 0 0 0 0 0 0 0 0 0 0 0 0 0 -14 8 -14 7 -15 6 -15 6 -15 5 -15 5 -16 5 -16 5 -17 5 -17 4 -18 4 -18 4 -19 4 -19 4 -20 5 -21 5 -21 6 -22 6 -22 7 -23 8 -24 10 -24 11 -26 12 -27 13 -28 15 -29 16 ]
CSI_DATA,STA,E4:D1:24:F0:BE:00,-56,10,0,0,0,0,0,0,0,0,0,-97,0,5,0,136989172,0,399,0,0,137.381,128,[-113 -15 24 0 29 26 29 24 28 24 28 22 28 20 27 20 26 19 25 18 24 18 23 18 22 17 21 17 20 16 19 15 17 15 17 15 15 15 15 14 14 14 13 14 12 14 11 14 9 13 9 13 7 13 0 0 0 0 0 0 0 0 0 0 0 0 0 0 0 0 0 0 0 0 0 0 14 11 13 12 12 13 11 14 11 15 11 15 11 16 11 16 11 17 11 17 10 18 10 19 11 19 11 20 12 20 13 21 13 21 14 23 15 22 17 24 18 24 20 25 21 26 23 27 25 28 27 28 ]
CSI_DATA,STA,E4:D1:24:F0:BE:00,-58,10,0,0,0,0,0,0,0,0,0,-97,0,5,0,137091574,0,399,0,0,137.484,128,[-113 -15 24 0 12 36 12 35 12 34 11 33 11 32 12 31 11 30 10 29 10 29 8 27 8 27 7 25 6 24 5 23 4 21 4 22 3 20 2 19 1 18 1 17 1 16 0 15 -1 15 -1 14 -2 13 0 0 0 0 0 0 0 0 0 0 0 0 0 0 0 0 0 0 0 0 0 0 6 16 5 16 4 17 3 16 2 18 2 17 1 18 1 19 0 19 0 19 0 20 0 21 0 21 -1 22 -1 22 -1 23 0 23 0 25 1 25 1 27 2 28 4 29 5 30 6 32 7 34 9 36 ]
CSI_DATA,STA,E4:D1:24:F0:BE:00,-57,10,0,0,0,0,0,0,0,0,0,-97,0,5,0,137193976,0,399,0,0,137.586,128,[-113 -15 24 0 -39 -3 -39 -2 -37 -1 -36 -1 -36 0 -35 0 -33 0 -32 1 -31 0 -30 -1 -30 -1 -28 -1 -27 -1 -25 -2 -24 -2 -23 -3 -22 -4 -21 -4 -20 -5 -19 -4 -18 -5 -17 -5 -16 -6 -15 -7 -15 -7 0 0 0 0 0 0 0 0 0 0 0 0 0 0 0 0 0 0 0 0 0 0 -19 0 -18 -1 -18 -3 -19 -3 -18 -4 -19 -4 -19 -4 -20 -5 -20 -6 -20 -7 -20 -8 -21 -8 -22 -8 -23 -9 -23 -9 -24 -9 -25 -9 -26 -10 -27 -9 -28 -8 -29 -8 -32 -8 -32 -7 -34 -7 -37 -6 -39 -5 ]
CSI_DATA,STA,E4:D1:24:F0:BE:00,-57,10,0,0,0,0,0,0,0,0,0,-97,0,5,0,137296378,0,399,0,0,137.689,128,[-113 -15 24 0 -31 -25 -30 -24 -29 -23 -29 -22 -29 -21 -28 -21 -27 -20 -26 -19 -25 -19 -24 -19 -23 -18 -22 -17 -20 -17 -19 -16 -18 -16 -17 -16 -16 -16 -15 -16 -14 -15 -13 -15 -12 -15 -11 -14 -10 -14 -9 -14 -8 -15 0 0 0 0 0 0 0 0 0 0 0 0 0 0 0 0 0 0 0 0 0 0 -17 -10 -15 -11 -15 -12 -15 -13 -14 -14 -14 -14 -14 -15 -14 -16 -14 -16 -13 -17 -13 -18 -14 -18 -14 -20 -14 -20 -15 -21 -15 -21 -16 -22 -16 -23 -18 -23 -19 -23 -20 -24 -22 -24 -23 -25 -25 -26 -26 -27 -29 -27 ]
CSI_DATA,STA,E4:D1:24:F0:BE:00,-59,10,0,0,0,0,0,0,0,0,0,-97,0,5,0,137398779,0,399,0,0,137.791,128,[-113 -15 24 0 29 24 28 22 29 21 27 20 28 19 26 19 25 18 24 18 24 18 22 17 21 16 20 16 18 16 17 15 16 14 15 15 14 14 13 14 12 13 11 13 10 13 9 12 8 12 7 12 7 11 0 0 0 0 0 0 0 0 0 0 0 0 0 0 0 0 0 0 0 0 0 0 14 9 13 10 12 11 12 11 12 13 12 12 12 13 12 13 11 14 12 15 11 15 12 16 13 16 13 18 13 18 14 19 14 19 15 20 17 19 17 21 19 21 21 22 22 22 24 23 26 23 28 23 ]
CSI_DATA,STA,E4:D1:24:F0:BE:00,-60,10,0,0,0,0,0,0,0,0,0,-97,0,5,0,137501181,0,399,0,0,137.893,128,[-113 -15 24 0 22 29 21 28 21 28 20 27 20 26 19 26 18 25 18 24 16 23 16 22 15 22 14 21 12 20 11 19 10 18 9 18 8 18 7 17 7 16 6 15 5 15 5 14 4 13 3 13 3 13 0 0 0 0 0 0 0 0 0 0 0 0 0 0 0 0 0 0 0 0 0 0 13 11 12 12 11 13 10 13 10 14 9 14 9 16 9 16 9 17 8 17 8 17 8 19 8 19 8 20 8 21 8 22 9 22 9 23 10 24 10 25 11 25 13 26 14 27 16 28 17 30 20 30 ]
CSI_DATA,STA,E4:D1:24:F0:BE:00,-58,10,0,0,0,0,0,0,0,0,0,-97,0,5,0,137603583,0,399,0,0,137.996,128,[-113 -15 24 0 -24 -33 -24 -33 -23 -31 -23 -30 -23 -29 -22 -29 -22 -28 -21 -27 -20 -26 -19 -26 -19 -25 -17 -24 -16 -23 -15 -22 -14 -21 -13 -21 -12 -21 -11 -20 -10 -19 -9 -19 -8 -18 -8 -18 -7 -17 -6 -17 -4 -17 0 0 0 0 0 0 0 0 0 0 0 0 0 0 0 0 0 0 0 0 0 0 -12 -14 -11 -14 -9 -15 -9 -16 -9 -17 -8 -17 -8 -17 -8 -18 -8 -19 -7 -19 -7 -20 -7 -21 -7 -22 -7 -22 -8 -23 -8 -24 -9 -25 -9 -26 -11 -27 -12 -27 -13 -28 -15 -29 -16 -30 -17 -32 -19 -34 -21 -35 ]
CSI_DATA,STA,E4:D1:24:F0:BE:00,-58,10,0,0,0,0,0,0,0,0,0,-97,0,5,0,137705985,0,399,0,0,138.098,128,[-113 -15 24 0 34 13 34 13 33 12 32 11 32 11 31 11 29 10 28 10 27 9 26 9 25 10 24 10 22 10 21 9 20 9 19 9 18 9 17 9 17 9 16 9 14 9 14 9 13 9 12 9 12 11 0 0 0 0 0 0 0 0 0 0 0 0 0 0 0 0 0 0 0 0 0 0 16 3 15 4 15 5 15 6 15 6 15 7 15 8 15 8 16 8 16 9 16 10 16 10 17 11 18 11 18 12 19 12 20 13 21 14 22 14 23 14 25 14 27 14 28 15 30 15 32 16 34 15 ]
CSI_DATA,STA,E4:D1:24:F0:BE:00,-58,10,0,0,0,0,0,0,0,0,0,-97,0,5,0,137808387,0,399,0,0,138.201,128,[-113 -15 24 0 29 -21 27 -22 27 -21 25 -21 24 -21 23 -20 22 -19 22 -19 21 -19 20 -18 20 -17 19 -16 18 -15 18 -14 17 -13 17 -12 16 -12 16 -11 15 -10 15 -9 14 -9 14 -8 14 -7 14 -7 14 -5 0 0 0 0 0 0 0 0 0 0 0 0 0 0 0 0 0 0 0 0 0 0 11 -12 12 -10 13 -10 14 -9 14 -9 15 -9 15 -9 16 -8 16 -8 17 -7 17 -7 18 -7 19 -8 19 -7 20 -8 21 -8 21 -9 23 -10 24 -10 24 -11 24 -12 26 -13 27 -15 28 -16 29 -18 30 -19 ]
CSI_DATA,STA,E4:D1:24:F0:BE:00,-58,10,0,0,0,0,0,0,0,0,0,-97,0,5,0,137910789,0,399,0,0,138.303,128,[-113 -15 24 0 39 -9 38 -10 37 -10 36 -10 36 -10 35 -9 34 -9 32 -8 32 -8 30 -7 30 -6 28 -5 27 -5 26 -4 24 -4 24 -3 23 -2 22 -2 21 -1 20 -1 20 0 19 1 18 1 17 2 16 4 0 0 0 0 0 0 0 0 0 0 0 0 0 0 0 0 0 0 0 0 0 0 15 -5 15 -3 15 -3 15 -2 15 -1 16 -1 17 -1 17 -1 18 0 18 0 18 0 19 1 20 1 21 1 22 1 23 1 23 1 25 0 26 0 27 -1 29 -2 31 -2 32 -3 34 -4 36 -4 39 -6 ]
CSI_DATA,STA,E4:D1:24:F0:BE:00,-57,10,0,0,0,0,0,0,0,0,0,-97,0,5,0,138013190,0,399,0,0,138.405,128,[-113 -15 24 0 27 -26 27 -26 25 -25 25 -25 24 -25 23 -23 22 -23 21 -22 21 -21 20 -21 20 -19 19 -18 18 -17 17 -16 17 -15 16 -14 16 -13 16 -13 15 -11 15 -11 15 -9 14 -8 14 -7 13 -7 13 -5 0 0 0 0 0 0 0 0 0 0 0 0 0 0 0 0 0 0 0 0 0 0 9 -11 10 -11 11 -11 11 -10 12 -10 13 -10 13 -10 14 -10 15 -10 15 -10 16 -9 17 -10 18 -10 18 -10 19 -11 20 -11 21 -12 21 -13 22 -14 23 -15 23 -16 25 -17 25 -19 27 -20 28 -22 29 -24 ]
CSI_DATA,STA,E4:D1:24:F0:BE:00,-57,10,0,0,0,0,0,0,0,0,0,-97,0,5,0,138115592,0,399,0,0,138.508,128,[-113 -15 24 0 -20 34 -19 34 -18 33 -17 31 -16 32 -16 30 -15 29 -15 29 -14 28 -14 26 -14 25 -14 24 -13 23 -13 22 -13 20 -13 19 -13 18 -13 17 -12 16 -12 16 -12 14 -12 13 -12 12 -12 11 -13 10 0 0 0 0 0 0 0 0 0 0 0 0 0 0 0 0 0 0 0 0 0 0 -8 14 -9 14 -10 13 -10 13 -11 13 -12 13 -12 13 -13 13 -14 13 -15 13 -15 13 -16 14 -17 14 -18 14 -18 15 -18 16 -19 17 -19 18 -19 19 -20 20 -20 22 -20 23 -21 25 -21 27 -22 29 -22 31 ]
CSI_DATA,STA,E4:D1:24:F0:BE:00,-57,10,0,0,0,0,0,0,0,0,0,-97,0,5,0,138217994,0,399,0,0,138.61,128,[-113 -15 24 0 32 -22 30 -23 30 -23 29 -21 28 -21 27 -21 27 -20 25 -19 25 -19 24 -17 24 -17 22 -15 22 -14 21 -13 20 -12 20 -11 19 -10 18 -9 18 -8 17 -8 16 -7 16 -6 15 -5 15 -4 14 -4 0 0 0 0 0 0 0 0 0 0 0 0 0 0 0 0 0 0 0 0 0 0 12 -11 13 -9 13 -9 13 -8 15 -8 15 -7 16 -7 16 -7 17 -7 17 -7 17 -7 19 -7 19 -7 20 -7 21 -7 21 -8 22 -9 23 -10 24 -10 25 -11 25 -12 27 -14 28 -15 30 -17 31 -18 32 -21 ]
CSI_DATA,STA,E4:D1:24:F0:BE:00,-57,10,0,0,0,0,0,0,0,0,0,-97,0,5,0,138320396,0,399,0,0,138.712,128,[-113 -15 24 0 -23 23 -21 22 -21 22 -20 21 -19 21 -19 20 -18 19 -17 19 -17 18 -17 17 -16 16 -16 15 -15 14 -15 14 -14 12 -14 11 -14 11 -14 10 -13 9 -13 8 -13 7 -12 6 -12 6 -11 5 -11 4 0 0 0 0 0 0 0 0 0 0 0 0 0 0 0 0 0 0 0 0 0 0 -8 9 -8 8 -9 8 -9 8 -10 8 -11 8 -11 8 -12 8 -12 8 -13 8 -13 8 -14 8 -14 9 -15 9 -16 9 -17 10 -17 10 -18 11 -18 12 -19 13 -20 14 -20 15 -21 16 -22 18 -22 19 -23 21 ]
CSI_DATA,STA,E4:D1:24:F0:BE:00,-57,10,0,0,0,0,0,0,0,0,0,-97,0,5,0,138422798,0,399,0,0,138.815,128,[-113 -15 24 0 25 -29 24 -29 24 -28 23 -28 22 -27 22 -27 21 -25 20 -25 20 -25 19 -23 19 -22 18 -20 18 -19 17 -18 17 -17 17 -16 17 -15 17 -14 16 -13 16 -12 15 -10 14 -10 14 -8 14 -8 14 -7 0 0 0 0 0 0 0 0 0 0 0 0 0 0 0 0 0 0 0 0 0 0 10 -12 11 -11 11 -11 11 -11 12 -10 13 -10 13 -10 14 -10 14 -10 15 -10 15 -10 16 -10 17 -10 17 -11 18 -11 18 -12 19 -13 20 -14 20 -15 21 -16 21 -17 23 -19 24 -21 25 -22 25 -25 26 -27 ]
CSI_DATA,STA,E4:D1:24:F0:BE:00,-58,10,0,0,0,0,0,0,0,0,0,-97,0,5,0,138525200,0,399,0,0,138.917,128,[-113 -15 24 0 -33 8 -31 9 -30 9 -29 9 -28 9 -28 10 -27 9 -26 9 -26 9 -25 8 -24 7 -24 7 -23 6 -22 6 -21 5 -20 4 -19 3 -19 3 -18 2 -17 2 -17 1 -16 1 -16 0 -15 -1 -14 -2 0 0 0 0 0 0 0 0 0 0 0 0 0 0 0 0 0 0 0 0 0 0 -15 3 -15 2 -15 1 -15 1 -16 0 -16 0 -16 0 -17 -1 -17 -1 -17 -2 -17 -3 -18 -3 -19 -3 -20 -3 -20 -3 -21 -2 -21 -2 -23 -2 -23 -1 -24 -1 -25 0 -26 1 -27 2 -29 3 -30 4 -31 5 ]
CSI_DATA,STA,E4:D1:24:F0:BE:00,-57,10,0,0,0,0,0,0,0,0,0,-97,0,5,0,138627603,0,399,0,0,139.02,128,[-113 -15 24 0 16 -30 14 -29 14 -29 13 -28 12 -28 12 -27 12 -26 11 -26 11 -25 11 -24 11 -23 11 -22 11 -20 11 -20 11 -18 11 -18 11 -17 11 -16 11 -15 11 -14 10 -13 10 -12 10 -11 11 -10 11 -9 0 0 0 0 0 0 0 0 0 0 0 0 0 0 0 0 0 0 0 0 0 0 5 -14 6 -13 7 -14 7 -13 8 -13 9 -13 9 -13 10 -13 11 -13 12 -13 12 -13 13 -13 14 -14 14 -14 14 -14 15 -15 15 -15 16 -16 16 -17 16 -18 16 -19 17 -21 17 -22 17 -23 18 -25 18 -27 ]
CSI_DATA,STA,E4:D1:24:F0:BE:00,-58,10,0,0,0,0,0,0,0,0,0,-97,0,5,0,138730004,0,399,0,0,139.122,128,[-113 -15 24 0 27 25 26 23 26 23 25 22 26 20 25 20 24 20 23 19 22 19 21 18 20 18 19 18 18 17 17 17 15 16 15 16 14 16 13 15 11 15 11 15 10 14 9 14 8 13 7 13 6 14 0 0 0 0 0 0 0 0 0 0 0 0 0 0 0 0 0 0 0 0 0 0 12 9 12 10 12 10 10 11 11 12 10 13 11 13 11 14 10 15 10 15 9 16 10 17 10 18 10 19 11 19 11 20 12 20 13 21 13 21 15 22 16 22 18 23 18 24 20 25 22 26 24 27 ]
CSI_DATA,STA,E4:D1:24:F0:BE:00,-57,10,0,0,0,0,0,0,0,0,0,-97,0,5,0,138832406,0,399,0,0,139.225,128,[-113 -15 24 0 -10 -34 -11 -33 -10 -32 -11 -31 -11 -30 -10 -30 -10 -28 -10 -28 -9 -28 -9 -26 -8 -25 -7 -24 -7 -23 -6 -22 -5 -21 -5 -21 -4 -20 -3 -19 -3 -18 -2 -18 -2 -17 -1 -16 -1 -15 0 -15 1 -14 0 0 0 0 0 0 0 0 0 0 0 0 0 0 0 0 0 0 0 0 0 0 -6 -14 -5 -14 -5 -15 -4 -16 -3 -16 -3 -16 -3 -17 -2 -18 -1 -18 -1 -19 -1 -18 0 -20 0 -20 0 -21 0 -21 0 -22 -1 -23 0 -24 -1 -24 -2 -25 -2 -26 -4 -28 -4 -29 -5 -30 -6 -32 -7 -33 ]
CSI_DATA,STA,E4:D1:24:F0:BE:00,-57,10,0,0,0,0,0,0,0,0,0,-97,0,5,0,138934808,0,399,0,0,139.327,128,[-113 -15 24 0 -22 -33 -21 -31 -21 -31 -21 -30 -21 -28 -21 -28 -20 -26 -20 -26 -18 -26 -18 -25 -17 -24 -16 -23 -15 -22 -14 -21 -13 -20 -12 -20 -11 -20 -10 -20 -9 -19 -9 -18 -8 -17 -7 -17 -6 -17 -5 -16 -4 -15 0 0 0 0 0 0 0 0 0 0 0 0 0 0 0 0 0 0 0 0 0 0 -12 -12 -11 -13 -10 -14 -10 -15 -10 -16 -9 -16 -9 -17 -9 -18 -8 -18 -8 -19 -8 -20 -8 -21 -8 -22 -8 -23 -8 -24 -8 -25 -9 -25 -9 -26 -10 -27 -11 -28 -12 -29 -13 -30 -14 -30 -15 -31 -17 -33 -18 -34 ]
CSI_DATA,STA,E4:D1:24:F0:BE:00,-58,10,0,0,0,0,0,0,0,0,0,-97,0,5,0,139037210,0,399,0,0,139.429,128,[-113 -15 24 0 5 -37 3 -36 4 -35 3 -35 2 -33 2 -33 2 -31 2 -31 2 -29 1 -29 1 -27 2 -26 2 -26 3 -24 3 -23 2 -22 3 -22 4 -21 4 -19 4 -19 4 -18 4 -17 5 -16 5 -16 6 -15 0 0 0 0 0 0 0 0 0 0 0 0 0 0 0 0 0 0 0 0 0 0 0 -15 1 -16 2 -16 2 -16 3 -16 4 -17 4 -17 4 -18 5 -18 6 -18 6 -18 7 -19 8 -20 8 -21 9 -22 9 -22 9 -23 9 -24 10 -25 10 -26 9 -27 9 -29 9 -30 8 -32 8 -34 8 -37 ]
CSI_DATA,STA,E4:D1:24:F0:BE:00,-58,10,0,0,0,0,0,0,0,0,0,-97,0,5,0,139139612,0,399,0,0,139.532,128,[-113 -15 24 0 28 -23 28 -23 27 -22 26 -22 25 -22 24 -22 23 -20 22 -20 22 -20 21 -19 20 -18 19 -17 19 -16 19 -15 18 -14 18 -12 18 -12 18 -11 17 -10 16 -9 16 -8 15 -8 15 -7 15 -6 14 -5 0 0 0 0 0 0 0 0 0 0 0 0 0 0 0 0 0 0 0 0 0 0 10 -12 11 -11 12 -10 12 -10 13 -9 14 -9 15 -9 15 -9 16 -8 16 -9 17 -8 18 -8 19 -8 19 -9 20 -8 20 -9 21 -9 22 -10 23 -11 24 -12 24 -13 26 -14 26 -15 27 -17 28 -19 30 -21 ]
CSI_DATA,STA,E4:D1:24:F0:BE:00,-58,10,0,0,0,0,0,0,0,0,0,-97,0,5,0,139242014,0,399,0,0,139.634,128,[-113 -15 24 0 -25 23 -23 23 -22 23 -21 22 -20 22 -19 22 -18 21 -18 20 -17 20 -17 18 -16 18 -16 17 -15 16 -15 15 -14 14 -14 14 -14 13 -14 12 -13 11 -13 11 -13 9 -12 9 -13 8 -12 8 -13 7 0 0 0 0 0 0 0 0 0 0 0 0 0 0 0 0 0 0 0 0 0 0 -9 11 -10 10 -11 10 -12 9 -12 9 -13 9 -14 9 -14 9 -15 9 -15 8 -16 8 -17 8 -18 9 -18 8 -19 9 -19 10 -20 10 -21 10 -21 11 -21 12 -22 14 -23 15 -23 16 -24 17 -25 19 -25 21 ]
CSI_DATA,STA,E4:D1:24:F0:BE:00,-58,10,0,0,0,0,0,0,0,0,0,-97,0,5,0,139344416,0,399,0,0,139.737,128,[-113 -15 24 0 -4 -33 -5 -31 -5 -31 -5 -29 -5 -29 -5 -29 -5 -28 -5 -27 -5 -27 -4 -26 -4 -24 -4 -24 -3 -22 -2 -22 -2 -20 -2 -20 -1 -19 0 -19 0 -18 0 -17 1 -16 1 -16 2 -15 2 -14 3 -14 0 0 0 0 0 0 0 0 0 0 0 0 0 0 0 0 0 0 0 0 0 0 -3 -15 -1 -14 -1 -15 0 -15 1 -16 1 -16 1 -16 2 -16 2 -17 3 -16 3 -16 4 -17 4 -17 4 -18 4 -19 4 -20 4 -19 4 -21 3 -22 4 -23 2 -23 2 -25 1 -27 1 -28 0 -29 -1 -31 ]
CSI_DATA,STA,E4:D1:24:F0:BE:00,-59,10,0,0,0,0,0,0,0,0,0,-97,0,5,0,139446817,0,399,0,0,139.839,128,[-113 -15 24 0 26 -20 25 -20 24 -20 23 -19 22 -19 22 -19 21 -18 21 -18 20 -18 19 -17 19 -16 19 -15 18 -15 17 -13 16 -12 17 -11 16 -11 15 -10 15 -9 14 -8 14 -7 13 -7 13 -6 12 -5 12 -5 0 0 0 0 0 0 0 0 0 0 0 0 0 0 0 0 0 0 0 0 0 0 10 -10 11 -9 12 -8 12 -8 13 -7 13 -7 14 -7 14 -7 15 -7 15 -6 15 -7 16 -7 17 -7 17 -6 18 -7 19 -8 19 -8 20 -8 20 -9 21 -10 22 -11 23 -12 23 -14 25 -15 26 -16 27 -18 ]
CSI_DATA,STA,E4:D1:24:F0:BE:00,-58,10,0,0,0,0,0,0,0,0,0,-97,0,5,0,139549219,0,399,0,0,139.941,128,[-113 -15 24 0 -26 -27 -26 -26 -25 -25 -25 -24 -25 -23 -24 -22 -23 -21 -23 -21 -22 -21 -21 -20 -21 -19 -20 -19 -19 -18 -18 -18 -16 -17 -15 -17 -14 -17 -13 -17 -13 -16 -11 -16 -11 -16 -10 -16 -9 -15 -8 -15 -6 -15 0 0 0 0 0 0 0 0 0 0 0 0 0 0 0 0 0 0 0 0 0 0 -13 -10 -12 -12 -11 -13 -11 -13 -10 -14 -10 -15 -10 -15 -10 -16 -10 -16 -9 -17 -9 -17 -9 -18 -9 -19 -10 -20 -10 -20 -11 -21 -11 -21 -12 -22 -13 -23 -14 -23 -15 -24 -17 -25 -17 -25 -19 -26 -21 -27 -22 -28 ]
CSI_DATA,STA,E4:D1:24:F0:BE:00,-58,10,0,0,0,0,0,0,0,0,0,-97,0,5,0,139651621,0,399,0,0,140.044,128,[-113 -15 24 0 37 1 36 1 35 -1 34 -1 34 -1 33 -1 32 -1 31 -1 30 -1 29 -1 28 0 27 0 26 1 25 1 23 2 23 3 22 3 21 3 20 4 19 4 18 5 16 5 16 5 15 6 14 6 0 0 0 0 0 0 0 0 0 0 0 0 0 0 0 0 0 0 0 0 0 0 16 -1 15 1 15 2 15 2 15 3 16 4 16 5 16 5 17 6 16 6 17 6 17 7 18 7 19 8 19 8 20 8 21 7 22 8 23 7 24 7 25 6 27 6 29 5 31 5 33 4 36 3 ]
CSI_DATA,STA,E4:D1:24:F0:BE:00,-57,10,0,0,0,0,0,0,0,0,0,-97,0,5,0,139754023,0,399,0,0,140.146,128,[-113 -15 24 0 5 -35 4 -35 4 -33 4 -33 3 -33 3 -32 3 -31 3 -30 2 -29 3 -29 3 -28 3 -26 3 -25 4 -24 4 -23 5 -22 5 -21 6 -21 6 -19 6 -18 6 -17 7 -16 7 -15 7 -14 8 -13 0 0 0 0 0 0 0 0 0 0 0 0 0 0 0 0 0 0 0 0 0 0 3 -12 4 -11 4 -12 5 -12 5 -12 6 -12 6 -12 6 -13 7 -12 7 -13 7 -13 7 -14 7 -15 8 -15 8 -16 8 -17 8 -18 9 -19 8 -21 9 -22 8 -23 8 -25 8 -27 7 -28 7 -31 7 -33 ]
CSI_DATA,STA,E4:D1:24:F0:BE:00,-57,10,0,0,0,0,0,0,0,0,0,-97,0,5,0,139856425,0,399,0,0,140.249,128,[-113 -15 24 0 -30 -27 -29 -26 -29 -25 -28 -24 -28 -24 -27 -23 -26 -22 -25 -21 -24 -22 -23 -21 -22 -20 -21 -19 -19 -20 -18 -19 -17 -18 -16 -18 -14 -18 -14 -18 -13 -17 -11 -17 -11 -17 -10 -16 -9 -16 -8 -16 -6 -15 0 0 0 0 0 0 0 0 0 0 0 0 0 0 0 0 0 0 0 0 0 0 -14 -10 -13 -11 -13 -12 -12 -12 -12 -13 -12 -13 -12 -14 -12 -15 -12 -15 -12 -16 -11 -16 -12 -17 -12 -18 -12 -19 -13 -19 -13 -20 -14 -20 -15 -22 -16 -22 -17 -22 -19 -23 -20 -24 -22 -25 -24 -26 -26 -27 -28 -28 ]
CSI_DATA,STA,E4:D1:24:F0:BE:00,-57,10,0,0,0,0,0,0,0,0,0,-97,0,5,0,139958827,0,399,0,0,140.351,128,[-113 -15 24 0 -5 -36 -5 -34 -5 -33 -5 -32 -6 -32 -6 -31 -5 -30 -5 -29 -5 -29 -4 -27 -5 -26 -3 -26 -3 -24 -2 -23 -1 -22 -1 -21 0 -20 1 -20 1 -19 1 -18 2 -17 1 -16 2 -15 3 -15 4 -14 0 0 0 0 0 0 0 0 0 0 0 0 0 0 0 0 0 0 0 0 0 0 -3 -14 -1 -14 -1 -14 0 -15 1 -15 1 -15 1 -15 1 -16 2 -16 2 -16 2 -17 2 -17 3 -18 2 -19 3 -19 3 -20 3 -20 2 -22 1 -23 1 -24 0 -26 1 -27 -1 -29 -2 -30 -3 -32 -3 -34 ]
CSI_DATA,STA,E4:D1:24:F0:BE:00,-57,10,0,0,0,0,0,0,0,0,0,-97,0,5,0,140061228,0,399,0,0,140.453,128,[-113 -15 24 0 32 18 31 18 31 17 30 16 29 15 28 15 28 14 26 13 25 14 24 14 23 13 22 13 21 13 20 13 18 12 17 13 16 13 15 12 14 12 13 12 12 11 11 11 10 11 9 11 8 12 0 0 0 0 0 0 0 0 0 0 0 0 0 0 0 0 0 0 0 0 0 0 14 7 13 7 12 9 12 9 12 10 12 10 12 11 12 11 12 12 12 12 12 13 12 14 13 14 14 15 14 15 15 16 16 16 17 16 18 17 19 17 21 17 23 18 24 18 26 19 28 20 30 20 ]
CSI_DATA,STA,E4:D1:24:F0:BE:00,-58,10,0,0,0,0,0,0,0,0,0,-97,0,5,0,140163630,0,399,0,0,140.556,128,[-113 -15 24 0 -15 34 -14 34 -13 32 -13 31 -12 31 -12 30 -11 29 -11 28 -11 27 -10 27 -10 25 -10 24 -10 23 -10 22 -10 20 -11 20 -11 19 -11 18 -11 16 -11 15 -11 14 -10 13 -10 12 -11 11 -12 10 0 0 0 0 0 0 0 0 0 0 0 0 0 0 0 0 0 0 0 0 0 0 -7 15 -8 14 -9 14 -10 14 -10 13 -11 13 -12 13 -12 13 -13 13 -13 13 -13 13 -14 14 -15 14 -15 14 -15 15 -16 16 -16 17 -16 18 -16 19 -16 20 -16 22 -17 24 -17 26 -16 27 -16 30 -17 32 ]
CSI_DATA,STA,E4:D1:24:F0:BE:00,-57,10,0,0,0,0,0,0,0,0,0,-97,0,5,0,140266032,0,399,0,0,140.658,128,[-113 -15 24 0 -38 -15 -37 -14 -36 -13 -35 -13 -35 -12 -33 -12 -33 -11 -32 -11 -30 -11 -29 -11 -28 -11 -27 -11 -25 -11 -24 -11 -22 -12 -22 -11 -20 -12 -19 -11 -18 -12 -17 -11 -16 -11 -15 -11 -14 -11 -13 -12 -12 -12 0 0 0 0 0 0 0 0 0 0 0 0 0 0 0 0 0 0 0 0 0 0 -17 -5 -17 -6 -17 -8 -16 -8 -16 -9 -16 -9 -17 -10 -17 -10 -16 -11 -17 -12 -17 -12 -17 -13 -18 -13 -18 -14 -19 -14 -20 -15 -21 -15 -22 -15 -23 -16 -24 -16 -27 -15 -28 -16 -30 -16 -32 -16 -34 -17 -37 -17 ]
CSI_DATA,STA,E4:D1:24:F0:BE:00,-57,10,0,0,0,0,0,0,0,0,0,-97,0,5,0,140368434,0,399,0,0,140.761,128,[-113 -15 24 0 -36 10 -36 10 -35 10 -34 10 -33 10 -32 10 -31 9 -30 9 -29 8 -28 7 -28 7 -26 6 -25 5 -25 4 -22 4 -23 3 -22 2 -21 1 -20 1 -19 0 -18 -1 -17 -1 -17 -2 -15 -2 -15 -4 0 0 0 0 0 0 0 0 0 0 0 0 0 0 0 0 0 0 0 0 0 0 -16 7 -17 5 -17 4 -17 3 -18 3 -18 2 -19 2 -19 1 -19 1 -19 0 -20 0 -21 0 -21 0 -22 0 -23 0 -24 0 -24 1 -25 1 -27 1 -28 2 -29 3 -30 3 -31 4 -33 5 -35 6 -37 8 ]
CSI_DATA,STA,E4:D1:24:F0:BE:00,-57,10,0,0,0,0,0,0,0,0,0,-97,0,5,0,140470836,0,399,0,0,140.863,128,[-113 -15 24 0 7 39 7 38 8 37 7 35 7 35 7 34 7 33 6 32 6 31 5 30 5 29 4 28 4 27 3 26 2 24 2 24 0 23 0 22 -1 21 -2 20 -1 19 -2 18 -3 17 -4 16 -5 15 0 0 0 0 0 0 0 0 0 0 0 0 0 0 0 0 0 0 0 0 0 0 4 15 3 16 1 16 0 16 0 17 -1 17 -1 17 -2 18 -2 19 -2 18 -3 19 -3 19 -3 20 -3 21 -3 22 -3 23 -3 24 -2 25 -1 26 -1 27 0 29 1 31 1 32 2 34 3 36 4 39 ]
CSI_DATA,STA,E4:D1:24:F0:BE:00,-58,10,0,0,0,0,0,0,0,0,0,-97,0,5,0,140573235,0,399,0,0,140.965,128,[-113 -15 24 0 29 22 28 22 28 21 27 20 27 19 26 19 26 18 24 18 23 17 22 17 22 16 21 16 19 16 18 16 16 15 16 15 14 15 13 16 12 15 11 15 10 14 9 13 8 14 7 13 6 13 0 0 0 0 0 0 0 0 0 0 0 0 0 0 0 0 0 0 0 0 0 0 14 8 14 9 13 10 12 11 12 11 12 12 12 13 12 13 12 14 11 14 11 15 12 15 12 16 12 17 13 18 13 18 14 19 14 19 16 19 17 20 19 21 20 21 21 21 23 22 25 23 27 24 ]
CSI_DATA,STA,E4:D1:24:F0:BE:00,-57,10,0,0,0,0,0,0,0,0,0,-97,0,5,0,140675637,0,399,0,0,141.068,128,[-113 -15 24 0 30 28 29 26 29 25 28 24 27 24 26 23 26 22 25 21 24 20 23 20 22 20 21 20 19 19 18 19 16 18 15 18 14 17 13 17 12 17 11 17 10 16 9 15 8 15 7 15 6 15 0 0 0 0 0 0 0 0 0 0 0 0 0 0 0 0 0 0 0 0 0 0 13 9 12 10 11 12 11 12 10 13 10 13 10 14 10 14 10 15 10 16 10 16 11 17 11 17 11 18 12 19 12 20 13 20 14 21 15 21 17 23 18 23 20 25 21 25 23 26 25 27 27 29 ]
CSI_DATA,STA,E4:D1:24:F0:BE:00,-58,10,0,0,0,0,0,0,0,0,0,-97,0,5,0,140778038,0,399,0,0,141.17,128,[-113 -15 24 0 -35 -13 -34 -12 -34 -12 -33 -11 -33 -10 -32 -10 -30 -9 -29 -9 -28 -10 -28 -10 -26 -10 -25 -10 -24 -10 -22 -10 -21 -10 -20 -10 -19 -10 -19 -10 -17 -10 -16 -10 -15 -10 -14 -10 -13 -10 -12 -11 -11 -11 0 0 0 0 0 0 0 0 0 0 0 0 0 0 0 0 0 0 0 0 0 0 -17 -5 -17 -6 -16 -7 -16 -8 -16 -9 -16 -9 -16 -10 -16 -10 -16 -11 -16 -11 -16 -12 -16 -13 -17 -13 -17 -13 -18 -14 -19 -14 -20 -14 -21 -14 -22 -14 -23 -14 -25 -14 -26 -14 -27 -15 -29 -15 -31 -16 -34 -15 ]
CSI_DATA,STA,E4:D1:24:F0:BE:00,-57,10,0,0,0,0,0,0,0,0,0,-97,0,5,0,140880440,0,399,0,0,141.273,128,[-113 -15 24 0 -2 -38 -3 -36 -2 -35 -2 -34 -3 -33 -3 -32 -3 -31 -3 -30 -2 -29 -2 -28 -2 -27 -2 -26 -2 -25 -1 -23 0 -22 0 -22 1 -21 1 -20 2 -19 2 -18 2 -17 2 -16 3 -16 3 -15 5 -14 0 0 0 0 0 0 0 0 0 0 0 0 0 0 0 0 0 0 0 0 0 0 -2 -17 0 -17 0 -17 1 -17 2 -17 3 -17 3 -18 3 -18 4 -18 4 -18 5 -18 5 -19 6 -20 5 -20 6 -21 5 -22 5 -23 5 -24 4 -25 4 -26 4 -28 3 -30 3 -30 2 -33 2 -34 2 -37 ]
CSI_DATA,STA,E4:D1:24:F0:BE:00,-58,10,0,0,0,0,0,0,0,0,0,-97,0,5,0,140982842,0,399,0,0,141.375,128,[-113 -15 24 0 6 -39 5 -38 5 -36 5 -35 4 -35 4 -34 4 -33 4 -32 4 -31 4 -30 4 -29 4 -27 5 -26 5 -25 5 -24 5 -22 6 -22 6 -21 6 -19 6 -19 6 -18 6 -17 7 -16 7 -15 8 -14 0 0 0 0 0 0 0 0 0 0 0 0 0 0 0 0 0 0 0 0 0 0 2 -17 3 -17 4 -17 5 -17 6 -17 6 -17 7 -16 7 -17 8 -17 8 -17 9 -17 9 -18 9 -18 10 -19 10 -19 10 -21 10 -21 10 -23 9 -24 10 -25 9 -27 9 -29 9 -30 9 -32 9 -34 8 -37 ]
CSI_DATA,STA,E4:D1:24:F0:BE:00,-58,10,0,0,0,0,0,0,0,0,0,-97,0,5,0,141085244,0,399,0,0,141.477,128,[-113 -15 24 0 40 -11 38 -11 38 -12 36 -11 35 -10 34 -10 33 -9 31 -10 31 -10 29 -9 28 -9 27 -8 25 -7 25 -6 23 -5 23 -4 22 -4 22 -3 20 -3 20 -2 19 -2 18 -1 18 -1 17 0 16 2 0 0 0 0 0 0 0 0 0 0 0 0 0 0 0 0 0 0 0 0 0 0 16 -6 15 -5 16 -4 16 -3 17 -3 17 -2 18 -1 18 -1 18 -1 18 -1 19 -1 20 -1 21 -1 22 -1 22 -1 24 -1 25 -1 26 -2 27 -2 29 -2 29 -4 32 -4 34 -5 35 -7 38 -8 40 -9 ]
CSI_DATA,STA,E4:D1:24:F0:BE:00,-58,10,0,0,0,0,0,0,0,0,0,-97,0,5,0,141187646,0,399,0,0,141.58,128,[-113 -15 24 0 -6 -37 -6 -35 -5 -35 -6 -34 -6 -33 -6 -33 -6 -32 -6 -30 -5 -30 -5 -29 -5 -28 -4 -27 -3 -26 -3 -25 -2 -23 -1 -23 -1 -22 0 -22 1 -20 1 -20 1 -18 1 -18 3 -17 3 -17 4 -15 0 0 0 0 0 0 0 0 0 0 0 0 0 0 0 0 0 0 0 0 0 0 -3 -17 -2 -16 -1 -17 0 -17 1 -17 1 -17 1 -17 2 -18 2 -18 3 -18 3 -18 3 -19 3 -20 4 -21 4 -21 4 -22 3 -23 3 -24 3 -24 2 -26 1 -27 1 -29 0 -30 -1 -32 -1 -34 -2 -36 ]
CSI_DATA,STA,E4:D1:24:F0:BE:00,-58,10,0,0,0,0,0,0,0,0,0,-97,0,5,0,141290048,0,399,0,0,141.682,128,[-113 -15 24 0 -16 -37 -16 -36 -16 -35 -15 -34 -15 -33 -15 -33 -14 -31 -13 -30 -13 -30 -12 -29 -12 -28 -11 -26 -9 -25 -8 -24 -8 -23 -7 -23 -6 -22 -5 -21 -5 -21 -4 -19 -4 -18 -3 -18 -3 -17 -2 -17 -1 -16 0 0 0 0 0 0 0 0 0 0 0 0 0 0 0 0 0 0 0 0 0 0 -7 -17 -6 -17 -5 -18 -4 -17 -3 -18 -3 -18 -2 -19 -2 -18 -2 -19 -2 -19 -2 -19 -2 -20 -2 -21 -2 -22 -2 -22 -3 -23 -3 -24 -4 -25 -5 -26 -6 -27 -7 -29 -8 -30 -9 -32 -10 -33 -11 -35 -12 -37 ]
CSI_DATA,STA,E4:D1:24:F0:BE:00,-58,10,0,0,0,0,0,0,0,0,0,-97,0,5,0,141392449,0,399,0,0,141.784,128,[-113 -15 24 0 2 -38 1 -36 2 -35 1 -34 1 -34 1 -33 1 -33 1 -32 2 -31 1 -30 2 -28 2 -27 2 -26 3 -25 3 -23 3 -22 4 -22 4 -21 5 -19 5 -19 5 -17 5 -16 6 -15 6 -15 6 -14 0 0 0 0 0 0 0 0 0 0 0 0 0 0 0 0 0 0 0 0 0 0 2 -17 3 -16 5 -16 5 -16 6 -16 6 -16 7 -16 7 -16 8 -16 8 -16 8 -16 9 -17 9 -17 9 -18 9 -18 9 -20 8 -20 9 -22 8 -23 8 -24 7 -25 8 -27 7 -29 7 -30 6 -33 6 -35 ]
CSI_DATA,STA,E4:D1:24:F0:BE:00,-58,10,0,0,0,0,0,0,0,0,0,-97,0,5,0,141494851,0,399,0,0,141.887,128,[-113 -15 24 0 -21 24 -20 25 -19 24 -19 23 -18 23 -18 22 -17 21 -17 21 -16 20 -16 19 -16 18 -15 17 -15 16 -15 15 -14 14 -14 13 -14 12 -14 12 -13 10 -13 10 -13 8 -13 8 -12 7 -12 7 -13 5 0 0 0 0 0 0 0 0 0 0 0 0 0 0 0 0 0 0 0 0 0 0 -8 10 -9 10 -10 9 -10 9 -11 8 -11 8 -12 9 -12 8 -12 9 -13 8 -13 8 -14 9 -14 9 -15 9 -15 10 -16 10 -16 11 -17 12 -17 13 -18 14 -18 15 -19 17 -19 18 -20 20 -20 21 -21 23 ]
CSI_DATA,STA,E4:D1:24:F0:BE:00,-58,10,0,0,0,0,0,0,0,0,0,-97,0,5,0,141597253,0,399,0,0,141.989,128,[-113 -15 24 0 -37 9 -35 9 -35 10 -33 9 -33 9 -32 9 -31 8 -30 8 -29 8 -28 7 -28 6 -26 5 -25 4 -25 5 -23 4 -23 3 -22 2 -21 1 -20 1 -19 0 -19 -1 -18 -1 -17 -1 -16 -2 -16 -4 0 0 0 0 0 0 0 0 0 0 0 0 0 0 0 0 0 0 0 0 0 0 -15 4 -15 2 -16 2 -15 1 -16 0 -16 0 -17 0 -17 -1 -17 -1 -18 -1 -18 -1 -19 -2 -19 -1 -20 -2 -21 -2 -22 -1 -22 -1 -24 -1 -24 0 -26 0 -27 1 -28 2 -30 3 -32 4 -33 5 -35 7 ]
CSI_DATA,STA,E4:D1:24:F0:BE:00,-58,10,0,0,0,0,0,0,0,0,0,-97,0,5,0,141699655,0,399,0,0,142.092,128,[-113 -15 24 0 15 37 15 36 15 35 14 34 14 34 14 32 13 31 12 30 11 30 10 29 10 27 9 26 8 25 7 24 6 22 6 22 4 21 4 20 4 19 3 18 3 18 2 17 2 16 0 16 -1 15 0 0 0 0 0 0 0 0 0 0 0 0 0 0 0 0 0 0 0 0 0 0 7 15 6 16 5 16 4 15 4 17 3 17 3 17 2 17 2 18 2 19 2 18 1 20 1 21 2 21 2 22 2 23 3 24 4 25 4 26 5 27 6 28 7 30 8 32 9 33 11 36 12 37 ]
CSI_DATA,STA,E4:D1:24:F0:BE:00,-58,10,0,0,0,0,0,0,0,0,0,-97,0,5,0,141802057,0,399,0,0,142.194,128,[-113 -15 24 0 -12 38 -11 38 -10 36 -9 35 -9 35 -9 34 -9 33 -9 32 -9 31 -9 30 -9 29 -9 27 -10 26 -9 25 -10 23 -9 22 -10 21 -11 20 -10 19 -10 18 -10 16 -10 15 -10 14 -11 14 -11 12 0 0 0 0 0 0 0 0 0 0 0 0 0 0 0 0 0 0 0 0 0 0 -6 15 -7 15 -8 14 -9 14 -9 13 -10 14 -10 14 -11 14 -11 14 -11 14 -11 14 -12 15 -12 16 -13 16 -14 17 -14 17 -14 19 -13 20 -14 21 -13 23 -13 25 -13 27 -13 28 -14 30 -13 33 -13 35 ]
CSI_DATA,STA,E4:D1:24:F0:BE:00,-58,10,0,0,0,0,0,0,0,0,0,-97,0,5,0,141904459,0,399,0,0,142.297,128,[-113 -15 24 0 35 11 35 11 34 10 34 10 33 10 32 10 31 9 30 9 28 9 27 9 27 9 25 10 24 10 23 10 21 10 20 10 19 10 18 10 16 10 15 10 14 10 13 10 12 10 11 10 10 11 0 0 0 0 0 0 0 0 0 0 0 0 0 0 0 0 0 0 0 0 0 0 13 5 13 6 13 6 12 7 12 8 12 8 12 8 12 9 13 10 12 10 13 10 13 10 14 11 15 11 15 11 16 12 17 12 18 12 20 12 21 12 23 12 25 12 26 12 29 12 31 13 34 13 ]
CSI_DATA,STA,E4:D1:24:F0:BE:00,-57,10,0,0,0,0,0,0,0,0,0,-97,0,5,0,142006861,0,399,0,0,142.399,128,[-113 -15 24 0 26 -29 24 -28 24 -29 23 -27 23 -27 23 -26 21 -25 21 -25 21 -25 19 -24 19 -23 18 -21 18 -20 19 -19 17 -18 18 -17 17 -15 17 -14 17 -13 17 -12 16 -11 16 -10 15 -9 15 -8 15 -6 0 0 0 0 0 0 0 0 0 0 0 0 0 0 0 0 0 0 0 0 0 0 12 -12 12 -11 14 -10 14 -9 14 -9 15 -9 15 -8 16 -8 16 -8 17 -8 17 -8 17 -9 17 -8 18 -9 19 -9 19 -10 19 -11 21 -12 21 -13 22 -14 22 -16 23 -17 24 -19 24 -22 25 -24 27 -26 ]
CSI_DATA,STA,E4:D1:24:F0:BE:00,-57,10,0,0,0,0,0,0,0,0,0,-97,0,5,0,142109262,0,399,0,0,142.501,128,[-113 -15 24 0 8 33 9 32 9 31 9 30 10 29 9 29 9 27 9 27 8 27 8 25 7 24 7 23 5 23 5 22 4 20 4 21 3 20 2 19 2 18 1 18 1 17 0 16 -1 15 -2 15 -2 15 0 0 0 0 0 0 0 0 0 0 0 0 0 0 0 0 0 0 0 0 0 0 3 14 2 14 1 14 0 14 0 15 -1 14 -1 15 -2 15 -1 16 -2 16 -2 16 -2 16 -2 17 -3 18 -3 18 -2 19 -2 20 -2 21 -1 21 0 23 1 24 2 25 3 27 4 28 5 30 6 32 ]
CSI_DATA,STA,E4:D1:24:F0:BE:00,-57,10,0,0,0,0,0,0,0,0,0,-97,0,5,0,142211664,0,399,0,0,142.604,128,[-113 -15 24 0 -38 -13 -37 -12 -36 -12 -35 -11 -34 -10 -33 -10 -32 -10 -32 -9 -30 -10 -29 -10 -28 -10 -27 -10 -26 -10 -24 -10 -22 -10 -21 -11 -20 -11 -19 -10 -18 -11 -17 -11 -16 -11 -15 -11 -13 -11 -12 -11 -11 -11 0 0 0 0 0 0 0 0 0 0 0 0 0 0 0 0 0 0 0 0 0 0 -17 -5 -16 -6 -16 -7 -16 -7 -16 -8 -16 -9 -16 -9 -16 -11 -16 -10 -16 -11 -16 -12 -16 -13 -17 -13 -18 -13 -18 -14 -20 -14 -20 -14 -21 -15 -22 -14 -23 -14 -25 -14 -28 -14 -29 -15 -31 -15 -33 -15 -35 -15 ]
CSI_DATA,STA,E4:D1:24:F0:BE:00,-57,10,0,0,0,0,0,0,0,0,0,-97,0,5,0,142314066,0,399,0,0,142.706,128,[-113 -15 24 0 -15 -33 -15 -32 -14 -31 -14 -30 -15 -29 -14 -29 -14 -27 -13 -27 -12 -26 -11 -25 -11 -24 -10 -23 -9 -23 -9 -22 -8 -20 -7 -20 -6 -19 -6 -19 -5 -18 -4 -18 -4 -17 -3 -16 -3 -15 -1 -15 -1 -14 0 0 0 0 0 0 0 0 0 0 0 0 0 0 0 0 0 0 0 0 0 0 -6 -13 -5 -14 -5 -14 -4 -15 -4 -15 -3 -15 -3 -16 -3 -16 -3 -16 -2 -17 -2 -17 -2 -18 -2 -18 -2 -19 -2 -20 -3 -21 -3 -21 -4 -23 -4 -23 -5 -24 -6 -25 -8 -26 -8 -28 -9 -29 -10 -31 -12 -32 ]
CSI_DATA,STA,E4:D1:24:F0:BE:00,-57,10,0,0,0,0,0,0,0,0,0,-97,0,5,0,142416468,0,399,0,0,142.809,128,[-113 -15 24 0 2 33 3 32 3 31 3 30 4 29 4 28 3 27 3 26 2 25 2 24 2 23 2 22 1 21 1 20 0 19 0 19 -1 18 -1 17 -2 16 -2 15 -2 14 -2 13 -2 13 -3 12 -4 11 0 0 0 0 0 0 0 0 0 0 0 0 0 0 0 0 0 0 0 0 0 0 1 13 0 13 0 13 -1 13 -2 13 -2 14 -2 14 -3 14 -3 15 -3 15 -3 15 -4 16 -4 17 -4 17 -4 18 -4 19 -4 20 -4 21 -3 22 -3 23 -3 24 -2 26 -1 28 0 29 0 30 1 32 ]
CSI_DATA,STA,E4:D1:24:F0:BE:00,-57,10,0,0,0,0,0,0,0,0,0,-97,0,5,0,142518870,0,399,0,0,142.911,128,[-113 -15 24 0 6 34 6 33 6 32 6 31 6 30 6 29 6 28 6 27 5 27 5 26 4 25 4 24 3 23 3 22 2 20 2 20 1 19 0 18 0 17 -1 16 -1 16 -1 15 -2 14 -2 13 -3 13 0 0 0 0 0 0 0 0 0 0 0 0 0 0 0 0 0 0 0 0 0 0 2 13 1 13 1 14 0 13 -1 14 -1 15 -1 15 -2 15 -2 16 -3 16 -3 16 -3 17 -3 18 -3 19 -3 19 -3 20 -3 20 -2 22 -2 23 -2 24 -1 25 0 26 0 28 1 30 2 31 2 33 ]
CSI_DATA,STA,E4:D1:24:F0:BE:00,-57,10,0,0,0,0,0,0,0,0,0,-97,0,5,0,142621272,0,399,0,0,143.013,128,[-113 -15 24 0 -41 4 -40 4 -39 4 -38 4 -37 5 -36 4 -35 4 -34 4 -32 3 -31 2 -30 1 -29 1 -27 1 -26 0 -24 -1 -24 -1 -23 -2 -22 -2 -21 -3 -19 -3 -19 -4 -17 -4 -16 -4 -16 -5 -15 -6 0 0 0 0 0 0 0 0 0 0 0 0 0 0 0 0 0 0 0 0 0 0 -17 3 -17 2 -17 1 -17 0 -17 -1 -18 -1 -18 -2 -19 -2 -19 -2 -19 -3 -20 -3 -21 -4 -22 -4 -22 -4 -23 -4 -24 -4 -25 -4 -26 -4 -28 -4 -29 -3 -30 -2 -32 -1 -33 -1 -36 0 -38 0 -41 2 ]
CSI_DATA,STA,E4:D1:24:F0:BE:00,-57,10,0,0,0,0,0,0,0,0,0,-97,0,5,0,142723673,0,399,0,0,143.116,128,[-113 -15 24 0 -19 25 -17 25 -16 24 -15 24 -14 23 -14 23 -13 22 -12 21 -13 21 -12 20 -12 18 -11 18 -11 17 -11 16 -10 15 -10 14 -11 14 -10 13 -10 12 -10 11 -10 10 -10 10 -10 9 -10 8 -10 7 0 0 0 0 0 0 0 0 0 0 0 0 0 0 0 0 0 0 0 0 0 0 -7 12 -8 12 -9 12 -10 11 -11 11 -11 11 -12 11 -12 11 -13 11 -14 11 -14 10 -14 11 -15 11 -16 11 -16 11 -17 12 -17 13 -17 14 -18 14 -18 15 -18 16 -18 18 -19 19 -19 20 -20 22 -20 24 ]
CSI_DATA,STA,E4:D1:24:F0:BE:00,-57,10,0,0,0,0,0,0,0,0,0,-97,0,5,0,142826075,0,399,0,0,143.218,128,[-113 -15 24 0 -23 31 -22 31 -20 30 -20 29 -19 29 -18 29 -17 27 -17 27 -16 26 -16 25 -15 24 -15 23 -15 21 -15 20 -14 19 -14 18 -14 18 -14 17 -14 16 -14 15 -14 14 -14 13 -14 12 -14 11 -15 9 0 0 0 0 0 0 0 0 0 0 0 0 0 0 0 0 0 0 0 0 0 0 -10 14 -11 13 -12 13 -13 12 -13 12 -14 12 -15 12 -15 12 -15 12 -16 11 -16 11 -17 12 -18 11 -19 12 -19 13 -20 14 -20 14 -21 15 -21 16 -22 17 -21 19 -22 20 -23 22 -23 24 -24 27 -24 29 ]
CSI_DATA,STA,E4:D1:24:F0:BE:00,-57,10,0,0,0,0,0,0,0,0,0,-97,0,5,0,142928477,0,399,0,0,143.321,128,[-113 -15 24 0 34 6 33 5 32 4 32 4 31 3 30 3 29 2 28 2 27 3 26 3 25 3 24 3 23 3 22 3 20 4 20 4 19 5 18 5 17 5 17 5 16 5 15 6 14 6 13 6 13 7 0 0 0 0 0 0 0 0 0 0 0 0 0 0 0 0 0 0 0 0 0 0 16 -1 16 0 16 1 16 2 17 3 17 4 17 4 17 5 18 6 18 6 18 7 18 8 19 8 19 9 20 9 21 10 22 10 23 10 24 10 24 10 26 10 27 10 28 9 30 9 32 9 33 8 ]
CSI_DATA,STA,E4:D1:24:F0:BE:00,-57,10,0,0,0,0,0,0,0,0,0,-97,0,5,0,143030879,0,399,0,0,143.423,128,[-113 -15 24 0 8 39 8 36 8 36 8 34 8 34 8 33 8 32 7 31 7 31 6 30 5 28 5 27 4 26 3 25 2 23 2 24 1 22 0 22 -1 21 -1 19 -2 19 -2 18 -2 17 -4 16 -4 16 0 0 0 0 0 0 0 0 0 0 0 0 0 0 0 0 0 0 0 0 0 0 4 15 3 15 2 16 1 16 1 17 1 17 0 18 0 18 0 18 -1 19 -1 19 -2 20 -2 21 -3 22 -3 22 -3 24 -3 24 -2 26 -2 26 -1 28 0 28 0 30 1 32 3 33 3 35 5 37 ]
CSI_DATA,STA,E4:D1:24:F0:BE:00,-56,10,0,0,0,0,0,0,0,0,0,-97,0,5,0,143133281,0,399,0,0,143.525,128,[-113 -15 24 0 -41 -2 -40 -1 -38 -1 -37 -1 -36 0 -35 -1 -33 -1 -32 0 -31 0 -30 0 -29 -1 -28 -1 -27 -2 -25 -2 -24 -2 -23 -3 -21 -3 -21 -4 -19 -4 -18 -4 -17 -5 -17 -5 -16 -5 -15 -5 -14 -6 0 0 0 0 0 0 0 0 0 0 0 0 0 0 0 0 0 0 0 0 0 0 -16 1 -16 0 -17 -1 -17 -2 -17 -2 -18 -2 -18 -3 -19 -3 -19 -4 -19 -4 -20 -5 -21 -6 -22 -6 -23 -6 -24 -7 -25 -7 -26 -7 -27 -7 -28 -7 -29 -7 -31 -6 -33 -6 -34 -5 -36 -5 -38 -5 -41 -4 ]
CSI_DATA,STA,E4:D1:24:F0:BE:00,-57,10,0,0,0,0,0,0,0,0,0,-97,0,5,0,143235683,0,399,0,0,143.628,128,[-113 -15 24 0 -27 21 -27 22 -25 20 -24 20 -23 20 -23 19 -21 18 -21 18 -20 17 -20 17 -19 16 -19 15 -18 14 -18 12 -17 12 -16 11 -16 10 -16 9 -15 8 -15 7 -15 6 -13 6 -13 6 -13 4 -13 4 0 0 0 0 0 0 0 0 0 0 0 0 0 0 0 0 0 0 0 0 0 0 -10 11 -11 10 -12 9 -12 9 -13 9 -13 9 -14 9 -15 9 -15 9 -15 9 -16 9 -17 9 -18 9 -19 9 -19 9 -20 10 -21 10 -22 11 -23 11 -23 12 -24 13 -25 14 -25 16 -26 17 -28 18 -28 20 ]
CSI_DATA,STA,E4:D1:24:F0:BE:00,-57,10,0,0,0,0,0,0,0,0,0,-97,0,5,0,143338085,0,399,0,0,143.73,128,[-113 -15 24 0 -38 11 -36 11 -35 11 -34 11 -33 11 -32 11 -30 10 -30 11 -29 9 -28 9 -27 8 -26 7 -25 6 -24 6 -23 5 -22 4 -21 4 -20 3 -19 2 -18 2 -18 1 -17 1 -16 0 -15 -1 -15 -1 0 0 0 0 0 0 0 0 0 0 0 0 0 0 0 0 0 0 0 0 0 0 -16 5 -16 4 -16 4 -16 3 -17 2 -17 2 -18 2 -19 2 -19 2 -20 1 -20 1 -21 1 -22 0 -23 0 -24 0 -25 0 -26 0 -27 0 -27 1 -29 2 -30 2 -31 4 -33 4 -34 5 -36 7 -38 8 ]
CSI_DATA,STA,E4:D1:24:F0:BE:00,-58,10,0,0,0,0,0,0,0,0,0,-97,0,5,0,143440486,0,399,0,0,143.833,128,[-113 -15 24 0 -30 22 -28 22 -27 22 -26 22 -25 21 -24 21 -23 21 -22 20 -22 20 -22 19 -21 17 -21 16 -20 16 -20 15 -19 13 -19 13 -19 12 -19 11 -18 10 -17 9 -17 8 -16 7 -16 6 -15 5 -16 4 0 0 0 0 0 0 0 0 0 0 0 0 0 0 0 0 0 0 0 0 0 0 -13 11 -14 10 -15 9 -15 9 -16 8 -16 8 -17 8 -18 7 -18 8 -19 7 -19 7 -20 7 -21 7 -22 6 -22 6 -23 7 -24 7 -25 8 -25 9 -26 10 -26 11 -27 13 -28 14 -29 15 -30 17 -30 19 ]
CSI_DATA,STA,E4:D1:24:F0:BE:00,-58,10,0,0,0,0,0,0,0,0,0,-97,0,5,0,143542888,0,399,0,0,143.935,128,[-113 -15 24 0 -4 32 -3 32 -2 30 -2 29 -1 29 -1 28 -1 27 -1 27 -1 25 -1 25 -1 24 -1 23 -2 23 -2 21 -3 20 -3 19 -4 19 -4 18 -5 17 -5 16 -5 15 -5 14 -6 14 -6 13 -7 12 0 0 0 0 0 0 0 0 0 0 0 0 0 0 0 0 0 0 0 0 0 0 -2 15 -3 15 -4 15 -5 15 -5 15 -6 15 -7 15 -7 15 -7 15 -8 15 -8 15 -8 16 -9 16 -9 17 -9 17 -9 18 -10 19 -9 20 -9 21 -9 21 -9 23 -8 24 -7 25 -7 27 -7 29 -6 31 ]
CSI_DATA,STA,E4:D1:24:F0:BE:00,-58,10,0,0,0,0,0,0,0,0,0,-97,0,5,0,143645293,0,399,0,0,144.037,128,[-113 -15 24 0 -14 33 -12 34 -12 32 -12 32 -10 31 -10 31 -10 30 -10 29 -10 28 -10 27 -10 26 -10 25 -10 25 -10 22 -10 22 -10 21 -11 21 -11 19 -11 18 -11 17 -11 16 -11 15 -12 14 -12 13 -13 11 0 0 0 0 0 0 0 0 0 0 0 0 0 0 0 0 0 0 0 0 0 0 -7 13 -9 13 -9 12 -10 12 -10 11 -11 12 -11 12 -12 12 -12 12 -12 12 -13 12 -13 13 -14 13 -14 13 -15 14 -14 15 -15 16 -15 16 -15 18 -16 19 -15 21 -15 22 -15 23 -15 26 -16 28 -16 31 ]
CSI_DATA,STA,E4:D1:24:F0:BE:00,-57,10,0,0,0,0,0,0,0,0,0,-97,0,5,0,143747695,0,399,0,0,144.14,128,[-113 -15 24 0 36 -15 36 -15 34 -15 34 -15 32 -15 32 -15 30 -14 29 -14 28 -14 28 -13 27 -12 26 -12 25 -11 24 -10 23 -9 22 -8 22 -8 22 -7 21 -6 20 -5 19 -4 18 -4 18 -3 17 -2 17 -1 0 0 0 0 0 0 0 0 0 0 0 0 0 0 0 0 0 0 0 0 0 0 15 -5 16 -4 16 -3 15 -2 16 -2 17 -1 17 -1 17 -1 18 0 18 0 18 0 19 0 20 0 21 0 22 -1 22 -1 23 -2 24 -3 25 -3 27 -3 28 -5 30 -6 30 -7 32 -9 34 -10 37 -12 ]
CSI_DATA,STA,E4:D1:24:F0:BE:00,-57,10,0,0,0,0,0,0,0,0,0,-97,0,5,0,143850097,0,399,0,0,144.242,128,[-113 -15 24 0 -9 -38 -8 -37 -9 -37 -9 -35 -9 -35 -9 -34 -9 -32 -8 -31 -7 -31 -7 -31 -6 -29 -6 -28 -5 -27 -4 -26 -3 -24 -3 -24 -2 -23 -2 -23 0 -22 0 -20 0 -19 2 -19 2 -18 3 -16 4 -16 0 0 0 0 0 0 0 0 0 0 0 0 0 0 0 0 0 0 0 0 0 0 -4 -15 -2 -15 -2 -15 -2 -15 -1 -16 -1 -15 -1 -16 0 -17 0 -18 0 -18 1 -18 1 -19 1 -20 1 -21 1 -22 0 -23 0 -23 1 -25 0 -26 -1 -27 -2 -29 -3 -30 -2 -32 -3 -34 -4 -36 -5 -38 ]
CSI_DATA,STA,E4:D1:24:F0:BE:00,-58,10,0,0,0,0,0,0,0,0,0,-97,0,5,0,143952499,0,399,0,0,144.345,128,[-113 -15 24 0 -27 -28 -27 -28 -26 -26 -26 -26 -25 -25 -24 -25 -24 -24 -23 -23 -22 -23 -22 -22 -21 -21 -20 -21 -18 -21 -17 -20 -16 -20 -15 -19 -14 -20 -12 -19 -11 -18 -11 -18 -10 -18 -9 -17 -8 -17 -6 -16 -5 -16 0 0 0 0 0 0 0 0 0 0 0 0 0 0 0 0 0 0 0 0 0 0 -10 -10 -9 -11 -9 -12 -8 -12 -8 -12 -8 -13 -8 -13 -8 -14 -9 -14 -9 -15 -9 -15 -9 -16 -9 -17 -10 -17 -11 -19 -11 -19 -12 -20 -12 -21 -14 -22 -14 -22 -16 -23 -17 -24 -19 -25 -21 -26 -23 -27 -25 -29 ]
CSI_DATA,STA,E4:D1:24:F0:BE:00,-57,10,0,0,0,0,0,0,0,0,0,-97,0,5,0,144054900,0,399,0,0,144.447,128,[-113 -15 24 0 -19 28 -18 28 -17 27 -16 26 -15 26 -15 25 -14 24 -14 24 -13 24 -13 22 -12 21 -12 20 -12 19 -12 18 -12 16 -12 16 -12 15 -12 14 -12 13 -11 12 -11 11 -11 10 -11 9 -11 9 -11 7 0 0 0 0 0 0 0 0 0 0 0 0 0 0 0 0 0 0 0 0 0 0 -7 12 -8 11 -9 11 -9 11 -10 11 -11 11 -11 11 -12 11 -12 11 -12 12 -13 11 -14 12 -14 12 -15 13 -15 12 -16 14 -16 14 -17 15 -17 16 -18 17 -18 18 -18 20 -18 21 -19 22 -19 24 -19 27 ]
CSI_DATA,STA,E4:D1:24:F0:BE:00,-58,10,0,0,0,0,0,0,0,0,0,-97,0,5,0,144157302,0,399,0,0,144.549,128,[-113 -15 24 0 -37 -10 -37 -9 -36 -9 -34 -8 -34 -9 -33 -9 -32 -8 -31 -8 -30 -8 -29 -8 -28 -8 -26 -8 -25 -8 -24 -9 -22 -9 -21 -10 -20 -10 -19 -10 -18 -10 -17 -10 -16 -11 -15 -11 -14 -11 -13 -11 -12 -11 0 0 0 0 0 0 0 0 0 0 0 0 0 0 0 0 0 0 0 0 0 0 -16 -2 -15 -4 -16 -5 -15 -6 -16 -7 -16 -7 -16 -8 -16 -8 -16 -8 -16 -9 -17 -9 -17 -9 -18 -10 -18 -10 -19 -11 -20 -11 -21 -11 -22 -12 -23 -11 -24 -12 -26 -11 -27 -12 -29 -11 -31 -12 -34 -12 -36 -11 ]
CSI_DATA,STA,E4:D1:24:F0:BE:00,-58,10,0,0,0,0,0,0,0,0,0,-97,0,5,0,144259704,0,399,0,0,144.652,128,[-113 -15 24 0 -37 -3 -36 -3 -35 -2 -34 -2 -33 -1 -33 -2 -32 -2 -31 -1 -30 -2 -29 -3 -28 -3 -27 -4 -26 -3 -25 -4 -23 -4 -23 -5 -21 -6 -20 -5 -19 -6 -18 -6 -17 -7 -16 -7 -15 -7 -14 -8 -13 -8 0 0 0 0 0 0 0 0 0 0 0 0 0 0 0 0 0 0 0 0 0 0 -16 -2 -15 -3 -15 -4 -15 -5 -15 -5 -15 -6 -15 -6 -16 -7 -16 -7 -16 -8 -16 -8 -16 -8 -17 -9 -17 -9 -18 -9 -20 -9 -20 -9 -21 -9 -22 -8 -23 -8 -25 -8 -27 -7 -28 -7 -30 -6 -32 -6 -34 -6 ]
CSI_DATA,STA,E4:D1:24:F0:BE:00,-57,10,0,0,0,0,0,0,0,0,0,-97,0,5,0,144362106,0,399,0,0,144.754,128,[-113 -15 24 0 38 -3 37 -4 38 -4 37 -4 36 -4 35 -4 33 -4 32 -4 32 -3 30 -3 29 -2 29 -2 27 -1 26 -1 24 0 24 1 23 1 22 2 21 2 20 3 19 4 18 4 17 5 16 5 15 7 0 0 0 0 0 0 0 0 0 0 0 0 0 0 0 0 0 0 0 0 0 0 16 -2 16 -1 17 0 16 1 17 2 17 2 17 3 18 3 18 4 18 4 18 4 19 5 20 5 21 5 21 5 22 5 23 5 24 5 25 4 27 4 28 3 30 3 31 2 34 2 35 1 38 0 ]
CSI_DATA,STA,E4:D1:24:F0:BE:00,-57,10,0,0,0,0,0,0,0,0,0,-97,0,5,0,144464508,0,399,0,0,144.857,128,[-113 -15 24 0 14 35 14 35 15 34 14 32 14 33 13 31 14 30 13 30 12 29 11 28 11 27 10 27 8 26 8 25 7 24 6 24 5 24 4 23 3 22 2 21 1 20 0 19 0 19 -1 18 -4 17 0 0 0 0 0 0 0 0 0 0 0 0 0 0 0 0 0 0 0 0 0 0 7 14 6 15 4 15 4 15 3 16 3 16 2 17 2 17 2 18 1 18 1 18 1 19 1 20 1 21 1 21 2 22 2 23 2 24 3 25 4 26 5 27 6 28 7 30 9 31 11 33 12 35 ]
CSI_DATA,STA,E4:D1:24:F0:BE:00,-57,10,0,0,0,0,0,0,0,0,0,-97,0,5,0,144566909,0,399,0,0,144.959,128,[-113 -15 24 0 21 -34 20 -34 18 -33 18 -33 17 -33 17 -31 16 -30 15 -29 15 -29 14 -28 14 -27 14 -26 13 -24 14 -23 14 -22 13 -21 14 -20 14 -19 14 -18 13 -17 14 -15 13 -14 13 -13 14 -12 14 -11 0 0 0 0 0 0 0 0 0 0 0 0 0 0 0 0 0 0 0 0 0 0 9 -15 10 -14 11 -14 12 -13 12 -13 14 -13 14 -13 14 -13 15 -13 15 -12 15 -13 16 -13 17 -13 18 -14 18 -14 18 -16 19 -16 19 -18 20 -18 20 -19 20 -21 22 -23 21 -25 21 -27 22 -29 23 -32 ]
CSI_DATA,STA,E4:D1:24:F0:BE:00,-57,10,0,0,0,0,0,0,0,0,0,-97,0,5,0,144669311,0,399,0,0,145.061,128,[-113 -15 24 0 -28 -23 -28 -22 -27 -21 -27 -21 -27 -20 -26 -19 -25 -19 -25 -19 -23 -18 -23 -18 -22 -17 -21 -17 -20 -17 -18 -16 -17 -17 -16 -16 -16 -16 -15 -16 -14 -16 -13 -15 -12 -15 -11 -14 -10 -14 -8 -15 -7 -15 0 0 0 0 0 0 0 0 0 0 0 0 0 0 0 0 0 0 0 0 0 0 -11 -11 -10 -11 -9 -12 -9 -12 -8 -13 -8 -13 -8 -14 -9 -14 -8 -14 -9 -14 -8 -15 -9 -16 -9 -16 -9 -17 -10 -18 -11 -18 -12 -19 -12 -19 -14 -19 -14 -20 -16 -20 -18 -21 -19 -21 -21 -22 -23 -23 -25 -24 ]
CSI_DATA,STA,E4:D1:24:F0:BE:00,-58,10,0,0,0,0,0,0,0,0,0,-97,0,5,0,144771712,0,399,0,0,145.164,128,[-113 -15 24 0 12 -31 11 -30 11 -29 10 -29 9 -28 9 -28 9 -26 8 -26 8 -26 8 -24 8 -23 8 -22 7 -21 8 -20 8 -19 8 -18 8 -17 8 -16 8 -15 8 -14 8 -14 8 -12 8 -12 8 -11 8 -11 0 0 0 0 0 0 0 0 0 0 0 0 0 0 0 0 0 0 0 0 0 0 5 -15 6 -15 7 -14 8 -14 9 -14 9 -14 10 -13 10 -13 11 -13 11 -13 11 -13 12 -14 13 -14 13 -15 13 -15 13 -16 13 -16 14 -18 13 -19 14 -19 14 -20 14 -22 14 -23 14 -25 14 -27 14 -29 ]
CSI_DATA,STA,E4:D1:24:F0:BE:00,-57,10,0,0,0,0,0,0,0,0,0,-97,0,5,0,144874114,0,399,0,0,145.266,128,[-113 -15 24 0 15 -33 13 -32 13 -32 12 -31 11 -30 11 -30 10 -28 9 -28 9 -27 9 -27 9 -25 8 -24 8 -23 9 -22 9 -20 9 -20 9 -19 9 -18 9 -17 9 -16 9 -15 9 -14 9 -13 9 -12 10 -11 0 0 0 0 0 0 0 0 0 0 0 0 0 0 0 0 0 0 0 0 0 0 6 -16 7 -15 8 -16 8 -15 9 -15 10 -15 10 -15 11 -15 12 -15 12 -15 12 -15 13 -15 14 -16 15 -16 15 -17 15 -18 16 -18 16 -20 16 -20 16 -21 16 -23 17 -24 17 -25 17 -27 17 -29 17 -32 ]
CSI_DATA,STA,E4:D1:24:F0:BE:00,-57,10,0,0,0,0,0,0,0,0,0,-97,0,5,0,144976516,0,399,0,0,145.369,128,[-113 -15 24 0 35 -18 33 -17 33 -17 31 -17 31 -16 30 -16 28 -15 28 -15 27 -15 26 -14 25 -13 24 -12 23 -11 22 -10 21 -9 21 -8 20 -8 20 -7 19 -6 18 -5 17 -4 16 -3 15 -3 15 -2 15 -1 0 0 0 0 0 0 0 0 0 0 0 0 0 0 0 0 0 0 0 0 0 0 13 -8 14 -7 15 -7 14 -6 16 -5 16 -5 16 -5 17 -4 18 -4 18 -4 18 -4 19 -4 20 -4 21 -4 21 -4 23 -5 23 -5 25 -5 25 -7 27 -7 27 -8 29 -10 30 -11 32 -12 33 -13 35 -14 ]
CSI_DATA,STA,E4:D1:24:F0:BE:00,-58,10,0,0,0,0,0,0,0,0,0,-97,0,5,0,145078918,0,399,0,0,145.471,128,[-113 -15 24 0 5 34 6 33 5 33 6 32 6 32 6 31 6 29 5 29 5 28 4 27 4 25 3 25 2 24 1 23 1 21 1 22 -1 21 -1 20 -2 19 -2 18 -3 17 -3 16 -4 15 -5 14 -5 13 0 0 0 0 0 0 0 0 0 0 0 0 0 0 0 0 0 0 0 0 0 0 5 16 3 16 2 16 2 17 1 17 0 17 0 18 -1 18 -1 19 -2 19 -2 19 -3 20 -3 20 -3 21 -4 22 -3 23 -4 23 -4 24 -3 25 -3 26 -2 27 -1 29 -1 29 0 31 1 33 2 34 ]
CSI_DATA,STA,E4:D1:24:F0:BE:00,-58,10,0,0,0,0,0,0,0,0,0,-97,0,5,0,145181320,0,399,0,0,145.574,128,[-113 -15 24 0 30 -13 28 -13 27 -13 27 -13 26 -13 25 -13 24 -12 23 -12 22 -12 22 -11 21 -11 21 -10 20 -9 19 -9 18 -8 18 -7 17 -6 17 -6 16 -5 15 -4 15 -4 14 -3 14 -3 13 -2 14 0 0 0 0 0 0 0 0 0 0 0 0 0 0 0 0 0 0 0 0 0 0 0 13 -8 13 -7 14 -6 14 -6 15 -5 15 -5 16 -4 16 -4 17 -3 17 -3 17 -3 18 -3 19 -3 20 -3 20 -2 21 -2 22 -3 22 -3 23 -3 24 -3 25 -4 26 -5 26 -6 27 -7 29 -8 31 -9 ]
CSI_DATA,STA,E4:D1:24:F0:BE:00,-58,10,0,0,0,0,0,0,0,0,0,-97,0,5,0,145283722,0,399,0,0,145.676,128,[-113 -15 24 0 33 -9 32 -10 31 -10 30 -10 29 -10 28 -10 27 -10 26 -10 25 -10 24 -9 23 -8 22 -8 22 -7 20 -6 19 -6 19 -5 18 -4 18 -4 17 -3 16 -3 16 -2 15 -1 14 -1 14 -1 13 1 0 0 0 0 0 0 0 0 0 0 0 0 0 0 0 0 0 0 0 0 0 0 14 -9 15 -8 15 -7 16 -6 16 -6 17 -6 18 -5 18 -4 19 -4 20 -4 19 -4 21 -3 22 -3 23 -2 24 -1 24 -2 25 -2 26 -2 27 -2 28 -2 29 -2 30 -3 30 -3 31 -5 33 -6 34 -7 ]
CSI_DATA,STA,E4:D1:24:F0:BE:00,-57,10,0,0,0,0,0,0,0,0,0,-97,0,5,0,145386123,0,399,0,0,145.778,128,[-113 -15 24 0 -19 -35 -19 -34 -19 -33 -18 -32 -19 -30 -18 -29 -18 -29 -17 -28 -16 -27 -15 -26 -15 -25 -14 -25 -13 -24 -12 -23 -11 -22 -10 -21 -9 -21 -8 -20 -8 -20 -7 -19 -6 -19 -5 -18 -4 -17 -3 -17 -3 -16 0 0 0 0 0 0 0 0 0 0 0 0 0 0 0 0 0 0 0 0 0 0 -10 -14 -9 -14 -8 -15 -8 -15 -8 -16 -8 -16 -8 -17 -8 -18 -7 -19 -7 -20 -7 -20 -7 -22 -7 -23 -7 -23 -7 -24 -7 -26 -7 -26 -7 -28 -8 -29 -9 -29 -11 -30 -11 -32 -11 -33 -13 -34 -14 -36 -16 -37 ]
CSI_DATA,STA,E4:D1:24:F0:BE:00,-57,10,0,0,0,0,0,0,0,0,0,-97,0,5,0,145488525,0,399,0,0,145.881,128,[-113 -15 24 0 -29 24 -28 25 -26 24 -25 24 -24 24 -23 23 -22 22 -21 22 -20 20 -20 20 -19 19 -19 18 -18 18 -17 16 -17 14 -16 14 -16 13 -16 12 -16 12 -15 11 -15 10 -14 9 -14 8 -14 7 -14 6 0 0 0 0 0 0 0 0 0 0 0 0 0 0 0 0 0 0 0 0 0 0 -10 12 -12 12 -12 11 -13 11 -14 10 -14 11 -15 11 -16 11 -16 11 -17 11 -18 10 -19 11 -20 11 -21 11 -22 11 -23 12 -24 13 -24 13 -25 14 -26 15 -26 16 -27 17 -28 18 -30 19 -30 21 -31 23 ]
CSI_DATA,STA,E4:D1:24:F0:BE:00,-58,10,0,0,0,0,0,0,0,0,0,-97,0,5,0,145590927,0,399,0,0,145.983,128,[-113 -15 24 0 16 36 16 35 16 34 16 33 16 32 15 31 14 30 14 29 13 28 12 27 11 26 11 25 10 24 8 23 7 22 7 21 6 21 5 20 4 19 3 18 3 17 2 17 2 16 1 15 -1 15 0 0 0 0 0 0 0 0 0 0 0 0 0 0 0 0 0 0 0 0 0 0 8 13 7 14 6 15 6 15 6 15 6 16 5 16 5 17 5 17 5 18 5 18 5 20 5 21 5 22 5 23 5 24 6 25 6 26 6 27 7 28 8 29 9 31 10 32 11 34 13 35 14 37 ]
CSI_DATA,STA,E4:D1:24:F0:BE:00,-59,10,0,0,0,0,0,0,0,0,0,-97,0,5,0,145693329,0,399,0,0,146.086,128,[-113 -15 24 0 35 8 33 7 33 6 31 5 31 4 31 5 30 4 29 4 28 4 27 4 25 4 24 4 22 5 22 5 20 4 20 5 19 5 18 6 17 6 16 6 15 6 14 6 13 6 12 7 11 7 0 0 0 0 0 0 0 0 0 0 0 0 0 0 0 0 0 0 0 0 0 0 16 0 15 1 16 2 15 3 16 4 16 4 15 5 16 5 16 6 17 6 17 7 17 7 18 8 19 9 19 9 21 10 21 10 22 11 23 10 24 11 25 10 27 10 28 10 30 10 31 10 33 9 ]
CSI_DATA,STA,E4:D1:24:F0:BE:00,-57,10,0,0,0,0,0,0,0,0,0,-97,0,5,0,145795731,0,399,0,0,146.188,128,[-113 -15 24 0 -22 22 -21 22 -19 21 -19 21 -18 21 -18 20 -17 20 -16 19 -16 19 -16 18 -15 17 -15 17 -15 16 -14 15 -14 14 -14 13 -14 12 -14 12 -13 11 -13 10 -13 9 -13 8 -12 7 -13 7 -13 5 0 0 0 0 0 0 0 0 0 0 0 0 0 0 0 0 0 0 0 0 0 0 -9 10 -10 10 -11 9 -12 8 -12 8 -13 8 -13 8 -14 8 -14 8 -15 8 -15 8 -16 8 -16 8 -17 8 -17 8 -18 9 -18 9 -19 10 -20 11 -20 12 -21 13 -21 14 -21 15 -22 16 -23 18 -23 20 ]
CSI_DATA,STA,E4:D1:24:F0:BE:00,-57,10,0,0,0,0,0,0,0,0,0,-97,0,5,0,145898133,0,399,0,0,146.29,128,[-113 -15 24 0 -30 -20 -32 -19 -29 -17 -29 -18 -29 -17 -27 -16 -26 -15 -26 -15 -24 -14 -24 -13 -24 -13 -23 -13 -22 -14 -19 -13 -19 -13 -17 -12 -16 -13 -16 -13 -14 -13 -14 -13 -13 -13 -12 -11 -10 -12 -10 -12 -11 -12 0 0 0 0 0 0 0 0 0 0 0 0 0 0 0 0 0 0 0 0 0 0 -16 -7 -16 -8 -15 -9 -16 -11 -14 -11 -15 -12 -15 -12 -15 -13 -14 -14 -15 -14 -15 -14 -16 -15 -16 -16 -16 -17 -16 -18 -16 -18 -18 -19 -18 -19 -19 -20 -20 -21 -22 -20 -23 -21 -24 -20 -26 -20 -28 -21 -30 -22 ]
CSI_DATA,STA,E4:D1:24:F0:BE:00,-57,10,0,0,0,0,0,0,0,0,0,-97,0,5,0,146000614,0,399,0,0,146.393,128,[-113 -15 24 0 34 14 34 13 32 12 32 12 31 11 30 10 28 10 28 10 26 10 25 9 24 9 23 10 22 9 20 9 18 9 18 9 17 10 16 9 15 10 14 9 13 9 12 9 10 9 9 9 10 11 0 0 0 0 0 0 0 0 0 0 0 0 0 0 0 0 0 0 0 0 0 0 18 4 17 5 17 6 17 7 17 8 17 9 17 9 18 10 18 11 17 11 17 12 18 13 18 14 19 14 19 15 20 15 21 15 22 16 23 16 24 17 25 16 27 16 27 17 30 16 32 17 34 17 ]
CSI_DATA,STA,E4:D1:24:F0:BE:00,-58,10,0,0,0,0,0,0,0,0,0,-97,0,5,0,146102936,0,399,0,0,146.495,128,[-113 -15 24 0 -5 -33 -5 -31 -5 -31 -5 -29 -6 -28 -5 -28 -5 -26 -5 -26 -5 -26 -5 -24 -5 -23 -4 -22 -3 -21 -3 -21 -2 -19 -2 -19 -1 -18 -1 -17 0 -16 0 -16 0 -15 1 -14 1 -13 2 -13 3 -12 0 0 0 0 0 0 0 0 0 0 0 0 0 0 0 0 0 0 0 0 0 0 -3 -15 -2 -14 -1 -16 -1 -15 0 -16 0 -16 0 -16 1 -17 1 -17 2 -18 2 -17 2 -18 3 -19 3 -20 3 -20 3 -22 2 -22 3 -24 2 -24 2 -24 1 -26 1 -27 0 -29 -1 -29 -1 -31 -2 -33 ]
CSI_DATA,STA,E4:D1:24:F0:BE:00,-58,10,0,0,0,0,0,0,0,0,0,-97,0,5,0,146205338,0,399,0,0,146.598,128,[-113 -15 24 0 33 -1 33 -1 32 -2 31 -2 30 -3 29 -3 28 -2 28 -3 27 -3 26 -2 24 -1 23 -1 22 0 21 0 20 0 20 1 19 2 18 2 17 2 16 2 15 3 14 3 13 3 12 4 12 5 0 0 0 0 0 0 0 0 0 0 0 0 0 0 0 0 0 0 0 0 0 0 17 -4 17 -3 17 -2 17 -1 17 0 18 1 18 1 18 2 19 2 19 3 19 3 20 4 21 5 21 5 22 5 23 5 23 6 24 6 25 5 26 5 27 5 28 5 29 4 31 4 33 3 34 1 ]
CSI_DATA,STA,E4:D1:24:F0:BE:00,-57,10,0,0,0,0,0,0,0,0,0,-97,0,5,0,146307740,0,399,0,0,146.7,128,[-113 -15 24 0 -27 -26 -25 -25 -25 -24 -24 -23 -24 -22 -23 -22 -22 -21 -22 -20 -21 -20 -20 -19 -19 -18 -18 -18 -17 -17 -16 -16 -14 -15 -14 -16 -12 -15 -12 -15 -11 -15 -10 -14 -10 -14 -9 -13 -8 -13 -7 -13 -6 -12 0 0 0 0 0 0 0 0 0 0 0 0 0 0 0 0 0 0 0 0 0 0 -14 -11 -13 -12 -12 -13 -11 -13 -11 -15 -11 -15 -11 -16 -11 -16 -11 -17 -10 -18 -10 -18 -10 -19 -11 -20 -10 -20 -11 -21 -12 -22 -12 -21 -13 -23 -13 -23 -15 -24 -16 -24 -17 -25 -18 -26 -20 -26 -21 -27 -23 -29 ]
CSI_DATA,STA,E4:D1:24:F0:BE:00,-57,10,0,0,0,0,0,0,0,0,0,-97,0,5,0,146410142,0,399,0,0,146.802,128,[-113 -15 24 0 1 -40 0 -40 0 -39 -1 -37 -1 -36 -1 -36 -1 -34 -1 -34 0 -33 0 -32 0 -31 0 -29 1 -28 2 -27 3 -25 3 -24 4 -24 4 -22 5 -22 5 -20 5 -19 5 -18 6 -17 7 -16 7 -15 0 0 0 0 0 0 0 0 0 0 0 0 0 0 0 0 0 0 0 0 0 0 0 -18 1 -18 2 -18 3 -18 4 -18 5 -18 5 -18 6 -19 7 -19 7 -19 7 -19 8 -19 8 -20 8 -21 9 -22 8 -23 9 -23 9 -25 8 -26 8 -26 7 -28 6 -30 6 -32 5 -33 5 -36 4 -38 ]
CSI_DATA,STA,E4:D1:24:F0:BE:00,-57,10,0,0,0,0,0,0,0,0,0,-97,0,5,0,146512544,0,399,0,0,146.905,128,[-113 -15 24 0 34 -14 33 -14 32 -15 31 -14 30 -14 30 -14 29 -13 28 -13 27 -13 26 -12 25 -11 24 -10 24 -9 23 -8 21 -8 21 -6 21 -6 20 -5 19 -4 18 -3 17 -2 16 -1 15 -1 15 0 14 1 0 0 0 0 0 0 0 0 0 0 0 0 0 0 0 0 0 0 0 0 0 0 15 -8 15 -6 16 -5 16 -5 17 -4 18 -3 18 -2 18 -2 19 -2 19 -1 19 -1 20 -1 20 0 21 -1 22 -1 22 -1 23 -2 24 -2 25 -3 26 -3 26 -4 28 -6 29 -7 30 -8 32 -10 34 -12 ]
CSI_DATA,STA,E4:D1:24:F0:BE:00,-55,10,0,0,0,0,0,0,0,0,0,-97,0,5,0,146614946,0,399,0,0,147.007,128,[-113 -15 24 0 26 -22 24 -21 24 -21 22 -20 22 -20 21 -20 20 -19 19 -19 19 -19 18 -18 17 -17 17 -16 16 -15 16 -14 15 -13 15 -12 15 -11 14 -10 14 -9 13 -9 13 -8 13 -7 12 -6 12 -5 12 -5 0 0 0 0 0 0 0 0 0 0 0 0 0 0 0 0 0 0 0 0 0 0 10 -11 11 -9 12 -9 12 -9 13 -8 13 -8 14 -8 15 -7 15 -7 16 -7 16 -7 17 -7 17 -7 18 -7 19 -7 19 -8 19 -9 21 -10 21 -10 22 -11 22 -12 24 -13 24 -15 25 -16 26 -18 27 -19 ]
CSI_DATA,STA,E4:D1:24:F0:BE:00,-57,10,0,0,0,0,0,0,0,0,0,-97,0,5,0,146717347,0,399,0,0,147.109,128,[-113 -15 24 0 12 -36 11 -35 11 -35 10 -33 9 -32 9 -32 8 -30 8 -30 9 -29 8 -27 8 -26 8 -25 8 -24 8 -22 8 -21 8 -20 9 -19 9 -18 9 -16 9 -15 8 -15 8 -13 9 -12 8 -11 8 -11 0 0 0 0 0 0 0 0 0 0 0 0 0 0 0 0 0 0 0 0 0 0 3 -17 4 -17 5 -17 6 -17 7 -17 7 -16 8 -17 9 -17 10 -17 10 -18 10 -17 11 -18 12 -18 13 -18 13 -19 14 -20 13 -21 14 -22 14 -23 14 -24 13 -25 14 -27 14 -29 14 -30 14 -33 14 -34 ]
CSI_DATA,STA,E4:D1:24:F0:BE:00,-57,10,0,0,0,0,0,0,0,0,0,-97,0,5,0,146819749,0,399,0,0,147.212,128,[-113 -15 24 0 22 -29 21 -29 21 -28 20 -27 20 -26 19 -26 19 -25 18 -25 18 -24 18 -23 17 -22 17 -20 16 -19 17 -19 16 -17 16 -15 16 -15 16 -13 15 -12 15 -11 14 -10 14 -9 14 -8 13 -7 13 -6 0 0 0 0 0 0 0 0 0 0 0 0 0 0 0 0 0 0 0 0 0 0 8 -14 9 -13 10 -13 11 -12 12 -12 12 -11 13 -11 14 -11 14 -11 15 -11 15 -11 16 -11 17 -11 17 -11 18 -11 18 -13 18 -13 19 -14 19 -15 20 -15 21 -17 21 -18 22 -20 22 -22 23 -24 24 -26 ]
CSI_DATA,STA,E4:D1:24:F0:BE:00,-57,10,0,0,0,0,0,0,0,0,0,-97,0,5,0,146922151,0,399,0,0,147.314,128,[-113 -15 24 0 -35 13 -33 12 -33 13 -31 13 -30 13 -30 13 -29 12 -28 12 -28 11 -27 11 -26 10 -25 9 -24 8 -24 8 -22 6 -22 5 -21 4 -20 3 -19 3 -18 2 -18 1 -17 1 -16 0 -15 -1 -14 -2 0 0 0 0 0 0 0 0 0 0 0 0 0 0 0 0 0 0 0 0 0 0 -15 6 -15 5 -17 4 -16 3 -18 3 -17 2 -18 2 -19 2 -19 1 -20 0 -20 0 -20 -1 -21 0 -21 -1 -22 0 -23 0 -23 1 -25 1 -25 1 -27 2 -27 3 -29 4 -30 6 -31 6 -33 7 -34 9 ]
CSI_DATA,STA,E4:D1:24:F0:BE:00,-57,10,0,0,0,0,0,0,0,0,0,-97,0,5,0,147024553,0,399,0,0,147.417,128,[-113 -15 24 0 2 35 4 34 4 33 4 32 5 31 5 30 4 29 5 29 4 28 4 27 3 26 3 25 2 24 2 23 1 22 1 22 0 21 -1 20 -1 19 -2 18 -2 17 -3 16 -4 15 -5 14 -5 13 0 0 0 0 0 0 0 0 0 0 0 0 0 0 0 0 0 0 0 0 0 0 2 14 0 14 0 15 -1 15 -2 16 -3 16 -3 16 -3 17 -4 17 -4 17 -5 17 -5 18 -5 19 -6 20 -6 20 -6 21 -5 22 -6 23 -5 23 -5 25 -4 26 -3 28 -3 29 -2 30 -2 32 0 34 ]
CSI_DATA,STA,E4:D1:24:F0:BE:00,-57,10,0,0,0,0,0,0,0,0,0,-97,0,5,0,147126955,0,399,0,0,147.519,128,[-113 -15 24 0 19 30 20 29 19 28 19 26 19 26 19 25 18 24 18 23 17 23 16 22 15 22 14 21 13 20 12 20 11 19 10 19 9 18 8 18 7 17 7 16 6 16 5 15 4 14 3 14 2 14 0 0 0 0 0 0 0 0 0 0 0 0 0 0 0 0 0 0 0 0 0 0 11 12 9 13 9 14 8 14 8 15 7 16 7 16 7 17 6 18 6 18 6 18 6 19 6 20 6 20 6 21 6 22 7 22 7 23 8 24 9 25 11 25 12 27 13 28 14 28 16 30 18 31 ]
CSI_DATA,STA,E4:D1:24:F0:BE:00,-57,10,0,0,0,0,0,0,0,0,0,-97,0,5,0,147229357,0,399,0,0,147.622,128,[-113 -15 24 0 -29 -26 -28 -25 -27 -24 -27 -23 -26 -22 -26 -21 -25 -20 -24 -20 -23 -19 -22 -19 -22 -19 -20 -18 -19 -18 -18 -17 -16 -17 -16 -17 -14 -17 -13 -17 -12 -16 -11 -16 -10 -16 -9 -15 -8 -15 -7 -15 -5 -15 0 0 0 0 0 0 0 0 0 0 0 0 0 0 0 0 0 0 0 0 0 0 -15 -9 -14 -11 -13 -12 -13 -13 -12 -14 -12 -14 -12 -15 -12 -15 -12 -16 -11 -17 -11 -17 -11 -18 -11 -19 -11 -20 -12 -20 -13 -21 -13 -21 -14 -22 -15 -22 -16 -22 -18 -23 -19 -24 -20 -24 -22 -25 -24 -26 -26 -28 ]
CSI_DATA,STA,E4:D1:24:F0:BE:00,-57,10,0,0,0,0,0,0,0,0,0,-97,0,5,0,147331759,0,399,0,0,147.724,128,[-113 -15 24 0 -9 -37 -10 -36 -9 -35 -10 -34 -10 -33 -10 -32 -9 -31 -9 -30 -9 -30 -9 -29 -8 -28 -7 -27 -7 -26 -6 -24 -5 -24 -5 -23 -4 -23 -3 -22 -2 -21 -1 -20 -1 -19 0 -19 1 -18 2 -17 3 -16 0 0 0 0 0 0 0 0 0 0 0 0 0 0 0 0 0 0 0 0 0 0 -4 -15 -3 -16 -2 -16 -2 -16 -1 -17 -1 -17 0 -17 0 -18 0 -18 1 -19 2 -19 2 -20 2 -20 2 -21 2 -22 2 -23 2 -24 2 -25 1 -26 0 -27 -1 -28 -1 -30 -2 -31 -3 -33 -4 -34 -5 -37 ]
CSI_DATA,STA,E4:D1:24:F0:BE:00,-57,10,0,0,0,0,0,0,0,0,0,-97,0,5,0,147434160,0,399,0,0,147.826,128,[-113 -15 24 0 -40 4 -39 4 -37 4 -37 4 -36 5 -35 4 -34 4 -33 4 -31 4 -31 3 -30 3 -29 2 -28 1 -26 1 -25 0 -24 -1 -23 -1 -23 -2 -21 -3 -20 -3 -19 -4 -18 -4 -17 -5 -16 -6 -15 -6 0 0 0 0 0 0 0 0 0 0 0 0 0 0 0 0 0 0 0 0 0 0 -16 2 -17 1 -17 0 -17 -1 -18 -2 -18 -2 -19 -2 -19 -3 -19 -3 -19 -4 -20 -4 -21 -5 -21 -5 -22 -6 -23 -6 -24 -6 -25 -5 -25 -5 -27 -5 -28 -4 -30 -3 -31 -3 -32 -2 -35 -1 -37 0 -38 1 ]
CSI_DATA,STA,E4:D1:24:F0:BE:00,-57,10,0,0,0,0,0,0,0,0,0,-97,0,5,0,147536562,0,399,0,0,147.929,128,[-113 -15 24 0 -33 -21 -33 -21 -32 -20 -32 -19 -31 -19 -31 -18 -30 -18 -29 -18 -27 -18 -26 -17 -26 -17 -24 -17 -23 -16 -21 -16 -20 -16 -18 -16 -18 -16 -16 -16 -15 -15 -14 -15 -13 -15 -12 -15 -11 -14 -9 -14 -9 -14 0 0 0 0 0 0 0 0 0 0 0 0 0 0 0 0 0 0 0 0 0 0 -15 -8 -14 -9 -14 -10 -14 -12 -14 -12 -13 -12 -13 -13 -14 -14 -13 -14 -14 -15 -13 -15 -13 -16 -14 -17 -14 -18 -15 -18 -15 -19 -16 -19 -17 -20 -19 -20 -20 -20 -21 -21 -23 -21 -24 -21 -27 -22 -29 -23 -31 -24 ]
CSI_DATA,STA,E4:D1:24:F0:BE:00,-57,10,0,0,0,0,0,0,0,0,0,-97,0,5,0,147638964,0,399,0,0,148.031,128,[-113 -15 24 0 -32 -21 -31 -20 -30 -19 -29 -18 -29 -18 -28 -17 -27 -17 -26 -16 -25 -16 -24 -16 -24 -16 -22 -15 -21 -15 -19 -15 -18 -14 -17 -14 -16 -14 -15 -14 -14 -14 -13 -13 -12 -13 -11 -13 -10 -13 -9 -12 -9 -12 0 0 0 0 0 0 0 0 0 0 0 0 0 0 0 0 0 0 0 0 0 0 -14 -8 -13 -9 -13 -10 -13 -11 -13 -11 -12 -12 -12 -13 -13 -13 -12 -13 -12 -14 -12 -14 -13 -15 -13 -16 -13 -17 -14 -17 -15 -18 -15 -18 -16 -19 -17 -19 -19 -19 -20 -20 -21 -20 -23 -20 -25 -21 -27 -22 -29 -23 ]
CSI_DATA,STA,E4:D1:24:F0:BE:00,-56,10,0,0,0,0,0,0,0,0,0,-97,0,5,0,147741366,0,399,0,0,148.134,128,[-113 -15 24 0 -39 9 -37 9 -37 9 -35 9 -35 9 -34 9 -32 9 -31 8 -30 8 -29 7 -29 7 -28 6 -27 5 -26 4 -24 3 -24 3 -22 2 -22 2 -20 1 -20 0 -18 -1 -18 -1 -17 -2 -16 -2 -15 -3 0 0 0 0 0 0 0 0 0 0 0 0 0 0 0 0 0 0 0 0 0 0 -16 3 -16 2 -16 1 -16 1 -17 0 -17 0 -18 -1 -19 -1 -19 -1 -19 -2 -19 -2 -20 -2 -21 -3 -22 -3 -23 -3 -24 -3 -25 -3 -26 -2 -27 -2 -28 -1 -29 0 -31 1 -32 2 -34 3 -36 4 -38 6 ]
