Subcarrier_0,Subcarrier_1,Subcarrier_2,Subcarrier_3,Subcarrier_4,Subcarrier_5,Subcarrier_6,Subcarrier_7,Subcarrier_8,Subcarrier_9,Subcarrier_10,Subcarrier_11,Subcarrier_12,Subcarrier_13,Subcarrier_14,Subcarrier_15,Subcarrier_16,Subcarrier_17,Subcarrier_18,Subcarrier_19,Subcarrier_20,Subcarrier_21,Subcarrier_22,Subcarrier_23,Subcarrier_24,Subcarrier_25,Subcarrier_26,Subcarrier_27,Subcarrier_28,Subcarrier_29,Subcarrier_30,Subcarrier_31,Subcarrier_32,Subcarrier_33,Subcarrier_34,Subcarrier_35,Subcarrier_36,Subcarrier_37,Subcarrier_38,Subcarrier_39,Subcarrier_40,Subcarrier_41,Subcarrier_42,Subcarrier_43,Subcarrier_44,Subcarrier_45,Subcarrier_46,Subcarrier_47,Subcarrier_48,Subcarrier_49,Subcarrier_50,Subcarrier_51,Subcarrier_52,Subcarrier_53,Subcarrier_54,Subcarrier_55,Subcarrier_56,Subcarrier_57,Subcarrier_58,Subcarrier_59,Subcarrier_60,Subcarrier_61,Subcarrier_62,Subcarrier_63
64.0,4.0,14.422205101855956,17.029386365926403,14.422205101855956,17.08800749063506,18.027756377319946,20.615528128088304,19.4164878389476,19.697715603592208,22.360679774997898,14.422205101855956,15.620499351813308,15.264337522473747,13.45362404707371,10.770329614269007,4.47213595499958,8.06225774829855,6.708203932499369,6.0,10.0,2.8284271247461903,8.602325267042627,10.0,15.033296378372908,16.278820596099706,14.317821063276353,0.0,0.0,0.0,0.0,0.0,0.0,0.0,0.0,0.0,0.0,0.0,5.0990195135927845,5.830951894845301,7.0710678118654755,7.810249675906654,7.0,9.219544457292887,10.04987562112089,8.94427190999916,10.44030650891055,8.94427190999916,10.198039027185569,8.06225774829855,9.0,8.54400374531753,10.770329614269007,11.40175425099138,13.601470508735444,10.63014581273465,16.278820596099706,17.4928556845359,18.601075237738275,20.518284528683193,20.12461179749811,20.0,22.360679774997898,25.942243542145693
147.27525250360293,24.0,17.804493814764857,13.601470508735444,19.1049731745428,17.69180601295413,18.439088914585774,16.401219466856727,19.1049731745428,18.973665961010276,20.248456731316587,14.317821063276353,17.204650534085253,10.295630140987,10.04987562112089,9.848857801796104,7.211102550927978,6.4031242374328485,6.708203932499369,8.06225774829855,10.04987562112089,11.0,16.1245154965971,10.04987562112089,10.770329614269007,9.486832980505138,11.0,0.0,0.0,0.0,0.0,0.0,0.0,0.0,0.0,0.0,0.0,0.0,4.123105625617661,7.615773105863909,9.055385138137417,4.123105625617661,8.246211251235321,7.0710678118654755,11.180339887498949,14.317821063276353,6.082762530298219,7.0,9.848857801796104,9.219544457292887,8.48528137423857,8.06225774829855,11.180339887498949,14.866068747318506,13.45362404707371,15.556349186104045,17.69180601295413,18.439088914585774,16.15549442140351,22.360679774997898,18.601075237738275,16.1245154965971,18.110770276274835,18.027756377319946
147.27525250360293,24.0,24.020824298928627,13.341664064126334,9.055385138137417,8.602325267042627,3.605551275463989,16.278820596099706,13.038404810405298,17.029386365926403,17.0,20.223748416156685,22.090722034374522,20.09975124224178,21.93171219946131,17.46424919657298,13.152946437965905,10.770329614269007,8.246211251235321,5.0990195135927845,7.0710678118654755,1.0,5.0,4.0,5.0990195135927845,11.661903789690601,9.486832980505138,0.0,0.0,0.0,0.0,0.0,0.0,0.0,0.0,0.0,0.0,0.0,3.605551275463989,5.0990195135927845,3.1622776601683795,5.385164807134504,12.529964086141668,12.041594578792296,15.811388300841896,12.165525060596439,14.560219778561036,12.529964086141668,15.297058540778355,11.704699910719626,11.045361017187261,9.055385138137417,5.0,3.1622776601683795,5.385164807134504,6.082762530298219,14.0,16.0,16.492422502470642,25.495097567963924,25.709920264364882,30.805843601498726,32.55764119219941,28.635642126552707
147.27525250360293,24.0,15.132745950421556,11.180339887498949,9.433981132056603,8.54400374531753,9.219544457292887,12.165525060596439,17.11724276862369,13.038404810405298,19.0,15.132745950421556,16.1245154965971,11.180339887498949,16.1245154965971,13.341664064126334,7.280109889280518,8.602325267042627,10.44030650891055,6.708203932499369,5.0990195135927845,1.0,4.0,4.47213595499958,9.0,13.892443989449804,7.615773105863909,0.0,0.0,0.0,0.0,0.0,0.0,0.0,0.0,0.0,0.0,0.0,4.0,7.615773105863909,7.0710678118654755,12.649110640673518,12.206555615733702,10.04987562112089,14.317821063276353,15.524174696260024,15.652475842498529,9.433981132056603,12.0,12.0,6.324555320336759,10.198039027185569,5.656854249492381,5.830951894845301,9.486832980505138,16.15549442140351,8.246211251235321,13.45362404707371,17.0,24.698178070456937,21.840329667841555,24.698178070456937,29.274562336608895,31.78049716414141
147.27525250360293,24.0,13.892443989449804,12.041594578792296,11.045361017187261,11.0,8.06225774829855,15.033296378372908,17.029386365926403,16.278820596099706,14.7648230602334,15.524174696260024,15.297058540778355,11.0,11.045361017187261,12.529964086141668,7.211102550927978,8.602325267042627,2.23606797749979,8.246211251235321,3.605551275463989,9.055385138137417,7.615773105863909,7.0,9.0,16.0312195418814,12.0,0.0,0.0,0.0,0.0,0.0,0.0,0.0,0.0,0.0,0.0,0.0,5.385164807134504,6.324555320336759,13.92838827718412,8.54400374531753,12.529964086141668,13.892443989449804,14.142135623730951,10.770329614269007,13.45362404707371,12.206555615733702,11.313708498984761,6.4031242374328485,4.123105625617661,3.605551275463989,4.47213595499958,7.280109889280518,14.142135623730951,11.661903789690601,13.416407864998739,17.72004514666935,22.825424421026653,26.92582403567252,19.924858845171276,22.47220505424423,19.6468827043885,23.021728866442675
64.0,4.0,19.235384061671343,16.55294535724685,10.63014581273465,11.40175425099138,19.235384061671343,15.652475842498529,19.697715603592208,17.26267650163207,17.204650534085253,14.866068747318506,15.620499351813308,18.439088914585774,17.029386365926403,8.602325267042627,10.816653826391969,7.810249675906654,7.615773105863909,2.23606797749979,6.4031242374328485,7.810249675906654,4.123105625617661,9.433981132056603,8.06225774829855,12.083045973594572,14.317821063276353,0.0,0.0,0.0,0.0,0.0,0.0,0.0,0.0,0.0,0.0,0.0,7.211102550927978,4.242640687119285,10.295630140987,9.486832980505138,11.180339887498949,13.601470508735444,15.264337522473747,13.601470508735444,5.656854249492381,13.45362404707371,23.600847442411894,10.0,10.770329614269007,13.601470508735444,8.48528137423857,1.4142135623730951,6.0,15.524174696260024,27.313000567495326,12.649110640673518,25.298221281347036,25.317977802344327,31.064449134018133,24.73863375370596,27.51363298439521,25.019992006393608
147.27525250360293,24.0,19.209372712298546,13.892443989449804,16.278820596099706,13.416407864998739,12.36931687685298,14.422205101855956,16.76305461424021,16.0,15.652475842498529,17.72004514666935,12.083045973594572,15.297058540778355,15.652475842498529,14.142135623730951,7.0710678118654755,13.038404810405298,7.211102550927978,6.082762530298219,8.54400374531753,6.0,5.0,9.433981132056603,9.0,14.422205101855956,12.041594578792296,0.0,0.0,0.0,0.0,0.0,0.0,0.0,0.0,0.0,0.0,0.0,5.0,5.385164807134504,7.280109889280518,6.4031242374328485,7.810249675906654,9.433981132056603,13.92838827718412,14.866068747318506,12.649110640673518,11.180339887498949,13.152946437965905,11.180339887498949,8.602325267042627,10.816653826391969,8.54400374531753,10.63014581273465,13.45362404707371,10.63014581273465,16.97056274847714,15.811388300841896,22.135943621178654,21.470910553583888,30.528675044947494,28.0178514522438,28.600699292150182,24.758836806279895
147.27525250360293,24.0,18.24828759089466,14.317821063276353,8.48528137423857,5.830951894845301,14.317821063276353,8.06225774829855,11.0,12.165525060596439,17.26267650163207,16.492422502470642,17.46424919657298,14.317821063276353,16.401219466856727,13.601470508735444,12.041594578792296,8.06225774829855,7.211102550927978,6.082762530298219,5.0990195135927845,9.219544457292887,4.123105625617661,5.385164807134504,11.40175425099138,10.0,12.649110640673518,0.0,0.0,0.0,0.0,0.0,0.0,0.0,0.0,0.0,0.0,0.0,5.0,5.385164807134504,7.615773105863909,9.899494936611665,10.0,16.1245154965971,14.142135623730951,13.0,13.038404810405298,12.083045973594572,8.06225774829855,13.892443989449804,10.44030650891055,6.324555320336759,7.211102550927978,2.23606797749979,10.44030650891055,6.708203932499369,13.45362404707371,17.4928556845359,21.840329667841555,25.059928172283335,25.632011235952593,29.614185789921695,30.59411708155671,24.73863375370596
147.27525250360293,24.0,16.278820596099706,12.649110640673518,14.866068747318506,17.72004514666935,20.248456731316587,20.223748416156685,16.15549442140351,16.76305461424021,18.384776310850235,19.1049731745428,17.26267650163207,8.06225774829855,11.180339887498949,9.219544457292887,5.0,3.605551275463989,4.0,9.219544457292887,8.0,9.219544457292887,10.0,13.038404810405298,11.180339887498949,9.0,10.04987562112089,0.0,0.0,0.0,0.0,0.0,0.0,0.0,0.0,0.0,0.0,0.0,10.198039027185569,11.661903789690601,12.083045973594572,10.295630140987,12.041594578792296,8.602325267042627,11.704699910719626,11.313708498984761,8.06225774829855,3.1622776601683795,5.385164807134504,7.810249675906654,3.605551275463989,9.219544457292887,10.770329614269007,14.866068747318506,17.46424919657298,17.0,17.804493814764857,20.518284528683193,23.600847442411894,20.248456731316587,16.401219466856727,19.209372712298546,19.1049731745428,13.416407864998739
147.27525250360293,24.0,16.1245154965971,22.360679774997898,21.95449840010015,23.259406699226016,20.12461179749811,24.041630560342615,27.784887978899608,18.027756377319946,15.652475842498529,17.029386365926403,7.280109889280518,4.47213595499958,6.324555320336759,3.1622776601683795,0.0,5.0,10.198039027185569,9.219544457292887,18.027756377319946,12.041594578792296,14.035668847618199,15.132745950421556,11.704699910719626,9.486832980505138,10.63014581273465,0.0,0.0,0.0,0.0,0.0,0.0,0.0,0.0,0.0,0.0,0.0,16.15549442140351,10.04987562112089,7.615773105863909,11.180339887498949,13.038404810405298,10.198039027185569,6.708203932499369,2.8284271247461903,5.0990195135927845,7.0710678118654755,4.0,8.602325267042627,11.180339887498949,10.816653826391969,11.40175425099138,14.866068747318506,24.839484696748443,23.706539182259394,17.69180601295413,18.384776310850235,18.027756377319946,21.93171219946131,18.439088914585774,15.652475842498529,14.560219778561036,6.324555320336759
147.27525250360293,24.0,12.806248474865697,18.027756377319946,19.209372712298546,22.20360331117452,26.40075756488817,18.867962264113206,17.804493814764857,20.591260281974,12.727922061357855,14.422205101855956,15.264337522473747,5.0,1.4142135623730951,3.605551275463989,7.0710678118654755,8.06225774829855,12.206555615733702,13.45362404707371,12.36931687685298,14.866068747318506,14.866068747318506,17.88854381999832,16.64331697709324,11.313708498984761,11.045361017187261,0.0,0.0,0.0,0.0,0.0,0.0,0.0,0.0,0.0,0.0,0.0,11.045361017187261,11.045361017187261,6.0,9.0,7.280109889280518,8.246211251235321,8.246211251235321,10.0,3.605551275463989,7.810249675906654,7.0710678118654755,10.63014581273465,5.0,12.041594578792296,15.033296378372908,13.341664064126334,17.46424919657298,16.0312195418814,18.027756377319946,17.11724276862369,20.223748416156685,16.0312195418814,11.661903789690601,15.297058540778355,8.602325267042627,5.0990195135927845
147.27525250360293,24.0,6.708203932499369,7.615773105863909,16.1245154965971,19.4164878389476,20.615528128088304,17.26267650163207,17.46424919657298,15.811388300841896,15.0,17.4928556845359,13.601470508735444,5.830951894845301,5.0,5.0990195135927845,4.0,7.0710678118654755,9.899494936611665,8.06225774829855,12.529964086141668,15.811388300841896,13.45362404707371,15.556349186104045,13.45362404707371,11.180339887498949,11.661903789690601,0.0,0.0,0.0,0.0,0.0,0.0,0.0,0.0,0.0,0.0,0.0,7.280109889280518,9.055385138137417,6.4031242374328485,5.385164807134504,9.219544457292887,9.055385138137417,13.038404810405298,9.055385138137417,4.0,9.219544457292887,4.0,6.0,2.23606797749979,8.602325267042627,8.602325267042627,10.295630140987,14.212670403551895,16.1245154965971,14.422205101855956,20.248456731316587,19.79898987322333,26.40075756488817,20.0,17.69180601295413,11.40175425099138,13.038404810405298
147.27525250360293,24.0,0.0,4.47213595499958,15.0,19.72308292331602,20.12461179749811,16.64331697709324,21.2602916254693,19.209372712298546,20.518284528683193,18.439088914585774,14.212670403551895,14.212670403551895,8.94427190999916,5.0990195135927845,1.4142135623730951,2.0,1.4142135623730951,7.211102550927978,11.661903789690601,15.620499351813308,12.36931687685298,15.524174696260024,18.973665961010276,13.92838827718412,12.36931687685298,0.0,0.0,0.0,0.0,0.0,0.0,0.0,0.0,0.0,0.0,0.0,7.0710678118654755,6.324555320336759,7.810249675906654,9.848857801796104,7.280109889280518,9.848857801796104,8.06225774829855,9.848857801796104,12.649110640673518,7.615773105863909,6.0,0.0,6.082762530298219,5.0,9.0,10.198039027185569,9.486832980505138,18.439088914585774,22.47220505424423,22.847319317591726,20.808652046684813,18.027756377319946,22.80350850198276,23.769728648009426,18.439088914585774,17.88854381999832
147.27525250360293,24.0,9.055385138137417,10.198039027185569,10.63014581273465,21.02379604162864,19.697715603592208,20.615528128088304,25.942243542145693,17.029386365926403,17.69180601295413,16.1245154965971,16.64331697709324,12.206555615733702,8.54400374531753,4.47213595499958,3.1622776601683795,4.123105625617661,6.708203932499369,6.708203932499369,13.038404810405298,15.811388300841896,12.649110640673518,14.317821063276353,13.892443989449804,9.433981132056603,12.806248474865697,0.0,0.0,0.0,0.0,0.0,0.0,0.0,0.0,0.0,0.0,0.0,10.63014581273465,9.486832980505138,9.848857801796104,13.601470508735444,9.486832980505138,8.54400374531753,7.0,13.416407864998739,9.486832980505138,5.830951894845301,7.0710678118654755,5.656854249492381,6.708203932499369,8.246211251235321,10.63014581273465,11.40175425099138,21.095023109728988,17.46424919657298,19.924858845171276,24.698178070456937,18.384776310850235,19.235384061671343,23.40939982143925,24.20743687382041,16.1245154965971,8.54400374531753
147.27525250360293,24.0,8.246211251235321,10.198039027185569,16.0312195418814,15.132745950421556,25.632011235952593,18.973665961010276,22.561028345356956,20.09975124224178,16.278820596099706,19.313207915827967,15.033296378372908,13.038404810405298,15.132745950421556,4.123105625617661,11.0,5.0990195135927845,2.8284271247461903,7.810249675906654,13.0,15.033296378372908,13.038404810405298,12.36931687685298,17.029386365926403,13.038404810405298,11.40175425099138,0.0,0.0,0.0,0.0,0.0,0.0,0.0,0.0,0.0,0.0,0.0,12.36931687685298,16.64331697709324,6.4031242374328485,11.180339887498949,14.7648230602334,15.811388300841896,15.556349186104045,11.40175425099138,13.341664064126334,12.165525060596439,14.7648230602334,18.439088914585774,10.04987562112089,4.47213595499958,8.06225774829855,9.219544457292887,26.0,13.038404810405298,27.85677655436824,21.095023109728988,28.0178514522438,24.515301344262525,21.02379604162864,27.073972741361768,22.360679774997898,13.341664064126334
147.27525250360293,24.0,10.295630140987,7.0710678118654755,14.866068747318506,15.620499351813308,15.0,21.540659228538015,21.400934559032695,19.849433241279208,17.69180601295413,15.0,13.038404810405298,12.206555615733702,5.656854249492381,5.385164807134504,2.8284271247461903,7.0710678118654755,6.4031242374328485,6.4031242374328485,11.180339887498949,13.038404810405298,15.811388300841896,13.416407864998739,13.0,14.142135623730951,10.04987562112089,0.0,0.0,0.0,0.0,0.0,0.0,0.0,0.0,0.0,0.0,0.0,8.06225774829855,12.165525060596439,9.055385138137417,13.152946437965905,8.0,9.219544457292887,12.041594578792296,15.297058540778355,7.0,11.704699910719626,7.0,12.649110640673518,5.0,8.54400374531753,13.601470508735444,12.806248474865697,16.401219466856727,19.697715603592208,20.615528128088304,24.839484696748443,25.942243542145693,19.4164878389476,24.041630560342615,22.47220505424423,14.7648230602334,10.770329614269007
147.27525250360293,24.0,20.591260281974,12.041594578792296,23.08679276123039,17.46424919657298,22.02271554554524,22.02271554554524,16.76305461424021,21.840329667841555,16.278820596099706,16.15549442140351,12.041594578792296,7.0710678118654755,9.055385138137417,8.0,6.324555320336759,2.0,9.219544457292887,13.0,12.041594578792296,10.295630140987,15.132745950421556,13.038404810405298,12.165525060596439,11.180339887498949,7.211102550927978,0.0,0.0,0.0,0.0,0.0,0.0,0.0,0.0,0.0,0.0,0.0,13.152946437965905,9.848857801796104,12.041594578792296,11.0,8.06225774829855,7.0,8.48528137423857,11.661903789690601,9.219544457292887,12.206555615733702,11.661903789690601,9.055385138137417,13.038404810405298,13.601470508735444,13.416407864998739,13.416407864998739,16.492422502470642,13.601470508735444,14.422205101855956,19.235384061671343,17.46424919657298,16.55294535724685,22.135943621178654,13.416407864998739,16.278820596099706,15.620499351813308
147.27525250360293,24.0,13.416407864998739,12.165525060596439,15.652475842498529,13.892443989449804,12.649110640673518,17.26267650163207,16.0312195418814,16.1245154965971,20.396078054371138,14.560219778561036,13.601470508735444,11.704699910719626,8.54400374531753,5.0,7.0710678118654755,5.0990195135927845,5.830951894845301,6.708203932499369,10.770329614269007,10.295630140987,12.806248474865697,8.246211251235321,11.661903789690601,9.848857801796104,8.0,0.0,0.0,0.0,0.0,0.0,0.0,0.0,0.0,0.0,0.0,0.0,10.770329614269007,6.708203932499369,7.211102550927978,9.848857801796104,10.0,12.165525060596439,7.280109889280518,8.06225774829855,11.40175425099138,10.44030650891055,12.529964086141668,13.601470508735444,10.816653826391969,12.649110640673518,13.0,5.656854249492381,14.422205101855956,9.433981132056603,15.811388300841896,19.209372712298546,19.209372712298546,21.400934559032695,20.808652046684813,16.278820596099706,14.212670403551895,18.027756377319946
147.27525250360293,24.0,12.041594578792296,20.615528128088304,20.615528128088304,14.866068747318506,20.0,20.0,19.235384061671343,20.0,20.0,15.0,12.727922061357855,9.899494936611665,8.602325267042627,6.4031242374328485,2.23606797749979,3.605551275463989,3.0,5.0990195135927845,6.082762530298219,15.524174696260024,14.142135623730951,10.04987562112089,13.92838827718412,16.1245154965971,14.317821063276353,0.0,0.0,0.0,0.0,0.0,0.0,0.0,0.0,0.0,0.0,0.0,7.615773105863909,9.848857801796104,11.180339887498949,7.211102550927978,9.433981132056603,9.486832980505138,12.041594578792296,8.94427190999916,6.708203932499369,7.280109889280518,4.123105625617661,4.0,7.0710678118654755,7.810249675906654,10.63014581273465,12.806248474865697,9.899494936611665,15.811388300841896,19.72308292331602,20.518284528683193,20.248456731316587,21.095023109728988,16.55294535724685,13.416407864998739,13.341664064126334,5.830951894845301
147.27525250360293,24.0,9.899494936611665,17.204650534085253,17.0,17.46424919657298,17.0,21.095023109728988,15.652475842498529,16.401219466856727,14.7648230602334,14.142135623730951,8.602325267042627,2.0,1.4142135623730951,1.0,2.0,3.0,9.055385138137417,11.0,10.770329614269007,16.0312195418814,15.524174696260024,13.038404810405298,15.524174696260024,13.0,8.06225774829855,0.0,0.0,0.0,0.0,0.0,0.0,0.0,0.0,0.0,0.0,0.0,7.810249675906654,8.54400374531753,10.816653826391969,9.848857801796104,10.198039027185569,9.219544457292887,8.06225774829855,6.324555320336759,8.06225774829855,2.23606797749979,2.0,4.0,6.082762530298219,13.341664064126334,5.0990195135927845,8.06225774829855,11.704699910719626,15.231546211727817,21.470910553583888,18.384776310850235,18.867962264113206,13.45362404707371,16.278820596099706,5.656854249492381,8.0,7.0710678118654755
147.27525250360293,24.0,5.656854249492381,11.045361017187261,8.06225774829855,14.142135623730951,16.76305461424021,22.360679774997898,18.788294228055936,18.110770276274835,16.492422502470642,12.165525060596439,12.041594578792296,18.24828759089466,9.055385138137417,8.94427190999916,2.0,8.602325267042627,2.23606797749979,6.324555320336759,5.656854249492381,10.295630140987,5.0,12.041594578792296,14.866068747318506,11.704699910719626,7.211102550927978,0.0,0.0,0.0,0.0,0.0,0.0,0.0,0.0,0.0,0.0,0.0,6.4031242374328485,11.180339887498949,7.0710678118654755,9.848857801796104,12.206555615733702,15.652475842498529,12.649110640673518,6.4031242374328485,5.830951894845301,12.529964086141668,5.830951894845301,6.708203932499369,3.605551275463989,5.656854249492381,6.708203932499369,13.038404810405298,18.867962264113206,13.892443989449804,18.601075237738275,20.808652046684813,23.323807579381203,25.495097567963924,26.870057685088806,22.67156809750927,14.142135623730951,13.416407864998739
147.27525250360293,24.0,9.055385138137417,11.40175425099138,18.681541692269406,13.416407864998739,18.027756377319946,18.681541692269406,20.615528128088304,19.1049731745428,19.924858845171276,15.132745950421556,13.341664064126334,17.26267650163207,7.280109889280518,2.8284271247461903,1.4142135623730951,5.0,5.0990195135927845,9.055385138137417,8.0,15.0,13.601470508735444,13.038404810405298,18.110770276274835,12.041594578792296,12.041594578792296,0.0,0.0,0.0,0.0,0.0,0.0,0.0,0.0,0.0,0.0,0.0,10.770329614269007,11.180339887498949,9.055385138137417,9.0,9.219544457292887,12.165525060596439,9.486832980505138,11.0,7.0710678118654755,4.123105625617661,8.602325267042627,5.385164807134504,10.0,7.810249675906654,10.44030650891055,12.649110640673518,17.11724276862369,19.1049731745428,18.027756377319946,20.024984394500787,21.213203435596427,21.02379604162864,16.1245154965971,16.1245154965971,20.024984394500787,17.11724276862369
147.27525250360293,24.0,14.317821063276353,8.06225774829855,13.45362404707371,12.041594578792296,18.788294228055936,20.0,16.401219466856727,18.384776310850235,17.69180601295413,21.633307652783937,20.248456731316587,9.433981132056603,7.615773105863909,7.810249675906654,5.385164807134504,4.47213595499958,4.242640687119285,7.211102550927978,12.529964086141668,7.211102550927978,12.083045973594572,10.44030650891055,10.63014581273465,14.560219778561036,15.033296378372908,0.0,0.0,0.0,0.0,0.0,0.0,0.0,0.0,0.0,0.0,0.0,9.486832980505138,13.038404810405298,14.035668847618199,11.0,15.811388300841896,3.605551275463989,11.180339887498949,10.04987562112089,13.038404810405298,8.48528137423857,9.486832980505138,12.165525060596439,14.317821063276353,9.219544457292887,11.180339887498949,15.811388300841896,13.892443989449804,14.866068747318506,18.973665961010276,17.0,22.02271554554524,28.0178514522438,19.849433241279208,21.470910553583888,19.4164878389476,21.633307652783937
147.27525250360293,24.0,12.165525060596439,17.69180601295413,11.40175425099138,15.652475842498529,18.601075237738275,20.518284528683193,20.518284528683193,19.1049731745428,20.591260281974,20.248456731316587,12.041594578792296,18.027756377319946,10.04987562112089,8.06225774829855,3.605551275463989,5.0,6.082762530298219,7.0710678118654755,12.206555615733702,10.816653826391969,11.180339887498949,12.083045973594572,9.848857801796104,14.866068747318506,9.486832980505138,0.0,0.0,0.0,0.0,0.0,0.0,0.0,0.0,0.0,0.0,0.0,6.324555320336759,7.280109889280518,7.280109889280518,11.40175425099138,12.206555615733702,9.433981132056603,9.219544457292887,8.94427190999916,11.180339887498949,13.038404810405298,7.280109889280518,8.54400374531753,12.165525060596439,5.0990195135927845,9.055385138137417,14.422205101855956,12.206555615733702,24.041630560342615,20.591260281974,27.586228448267445,27.459060435491963,21.400934559032695,26.419689627245813,21.400934559032695,24.698178070456937,12.806248474865697
64.0,4.0,9.433981132056603,14.7648230602334,16.1245154965971,20.518284528683193,22.47220505424423,20.248456731316587,22.67156809750927,20.248456731316587,17.69180601295413,20.518284528683193,15.811388300841896,10.816653826391969,8.54400374531753,0.0,5.830951894845301,9.486832980505138,10.0,7.810249675906654,11.661903789690601,13.038404810405298,16.64331697709324,16.401219466856727,13.0,13.892443989449804,14.035668847618199,0.0,0.0,0.0,0.0,0.0,0.0,0.0,0.0,0.0,0.0,0.0,10.816653826391969,8.246211251235321,10.44030650891055,5.0990195135927845,13.892443989449804,5.0990195135927845,6.708203932499369,8.94427190999916,4.47213595499958,3.1622776601683795,5.385164807134504,8.246211251235321,8.06225774829855,12.529964086141668,17.804493814764857,11.661903789690601,15.652475842498529,16.97056274847714,20.808652046684813,19.1049731745428,18.384776310850235,22.627416997969522,19.1049731745428,15.811388300841896,13.038404810405298,13.416407864998739
147.27525250360293,24.0,17.4928556845359,21.400934559032695,25.612496949731394,21.95449840010015,25.80697580112788,24.20743687382041,21.540659228538015,19.235384061671343,18.384776310850235,13.038404810405298,11.313708498984761,7.615773105863909,1.4142135623730951,5.0,2.0,9.055385138137417,13.601470508735444,15.033296378372908,12.36931687685298,13.341664064126334,13.892443989449804,16.278820596099706,16.55294535724685,13.45362404707371,9.219544457292887,0.0,0.0,0.0,0.0,0.0,0.0,0.0,0.0,0.0,0.0,0.0,10.816653826391969,13.038404810405298,11.661903789690601,9.433981132056603,9.486832980505138,2.23606797749979,4.47213595499958,6.082762530298219,3.605551275463989,8.48528137423857,10.0,10.63014581273465,14.317821063276353,13.152946437965905,17.204650534085253,19.697715603592208,26.248809496813376,15.231546211727817,19.4164878389476,20.615528128088304,18.35755975068582,10.295630140987,13.341664064126334,8.54400374531753,2.0,12.041594578792296
147.27525250360293,24.0,6.082762530298219,7.810249675906654,15.0,17.69180601295413,21.95449840010015,18.35755975068582,24.20743687382041,18.973665961010276,19.235384061671343,13.92838827718412,20.615528128088304,16.15549442140351,11.180339887498949,6.708203932499369,5.385164807134504,2.0,6.082762530298219,8.94427190999916,9.055385138137417,10.295630140987,14.422205101855956,10.44030650891055,16.1245154965971,12.206555615733702,12.206555615733702,0.0,0.0,0.0,0.0,0.0,0.0,0.0,0.0,0.0,0.0,0.0,9.848857801796104,9.486832980505138,13.0,10.295630140987,12.529964086141668,12.806248474865697,11.180339887498949,7.615773105863909,6.4031242374328485,5.830951894845301,10.295630140987,5.830951894845301,2.23606797749979,5.0990195135927845,9.486832980505138,11.40175425099138,12.806248474865697,14.866068747318506,18.973665961010276,17.204650534085253,22.360679774997898,23.430749027719962,22.47220505424423,15.811388300841896,19.313207915827967,13.92838827718412
147.27525250360293,24.0,5.0,6.708203932499369,12.083045973594572,15.132745950421556,18.973665961010276,20.223748416156685,19.235384061671343,18.681541692269406,17.08800749063506,18.439088914585774,13.892443989449804,17.0,11.704699910719626,8.602325267042627,6.4031242374328485,6.4031242374328485,4.242640687119285,6.324555320336759,6.0,10.63014581273465,12.649110640673518,15.132745950421556,10.295630140987,13.341664064126334,14.035668847618199,0.0,0.0,0.0,0.0,0.0,0.0,0.0,0.0,0.0,0.0,0.0,9.219544457292887,10.63014581273465,9.055385138137417,15.811388300841896,8.54400374531753,11.661903789690601,10.770329614269007,10.63014581273465,11.704699910719626,10.63014581273465,8.06225774829855,4.123105625617661,5.830951894845301,3.605551275463989,8.246211251235321,8.94427190999916,14.142135623730951,14.560219778561036,21.095023109728988,18.681541692269406,24.020824298928627,24.0,22.20360331117452,20.024984394500787,17.11724276862369,13.152946437965905
147.27525250360293,24.0,8.54400374531753,11.40175425099138,20.09975124224178,17.26267650163207,17.0,21.37755832643195,20.09975124224178,16.492422502470642,16.1245154965971,16.0312195418814,12.165525060596439,9.0,6.708203932499369,6.0,5.0990195135927845,3.1622776601683795,5.0990195135927845,8.54400374531753,10.816653826391969,9.055385138137417,8.246211251235321,10.44030650891055,13.341664064126334,13.152946437965905,14.035668847618199,0.0,0.0,0.0,0.0,0.0,0.0,0.0,0.0,0.0,0.0,0.0,12.806248474865697,12.041594578792296,12.041594578792296,10.816653826391969,9.433981132056603,8.06225774829855,12.806248474865697,11.40175425099138,8.06225774829855,3.605551275463989,3.0,4.47213595499958,4.242640687119285,5.656854249492381,12.206555615733702,13.0,18.439088914585774,21.95449840010015,19.209372712298546,16.401219466856727,15.620499351813308,20.248456731316587,19.924858845171276,20.615528128088304,8.48528137423857,8.602325267042627
147.27525250360293,24.0,19.1049731745428,18.0,18.973665961010276,22.561028345356956,24.020824298928627,26.019223662515376,27.16615541441225,21.213203435596427,14.317821063276353,14.142135623730951,10.816653826391969,12.36931687685298,3.0,3.605551275463989,5.385164807134504,3.1622776601683795,7.211102550927978,9.433981132056603,13.45362404707371,10.63014581273465,10.816653826391969,10.816653826391969,11.40175425099138,11.704699910719626,8.94427190999916,0.0,0.0,0.0,0.0,0.0,0.0,0.0,0.0,0.0,0.0,0.0,8.94427190999916,10.0,8.602325267042627,12.529964086141668,13.038404810405298,6.082762530298219,9.219544457292887,3.1622776601683795,4.0,3.1622776601683795,3.1622776601683795,8.246211251235321,7.0710678118654755,8.602325267042627,14.142135623730951,18.24828759089466,17.029386365926403,18.027756377319946,20.09975124224178,19.924858845171276,22.80350850198276,19.6468827043885,19.4164878389476,14.142135623730951,7.280109889280518,7.0
64.0,4.0,3.0,9.219544457292887,10.770329614269007,19.209372712298546,19.849433241279208,19.4164878389476,19.849433241279208,22.02271554554524,21.93171219946131,20.615528128088304,15.620499351813308,9.899494936611665,11.40175425099138,8.94427190999916,9.219544457292887,5.0,4.242640687119285,5.830951894845301,9.848857801796104,14.212670403551895,11.313708498984761,12.806248474865697,14.212670403551895,12.529964086141668,12.529964086141668,0.0,0.0,0.0,0.0,0.0,0.0,0.0,0.0,0.0,0.0,0.0,10.04987562112089,8.06225774829855,11.045361017187261,12.649110640673518,14.0,11.704699910719626,10.198039027185569,11.40175425099138,9.486832980505138,10.04987562112089,8.0,7.0,5.0,3.605551275463989,9.433981132056603,13.152946437965905,17.0,16.15549442140351,18.027756377319946,19.235384061671343,26.30589287593181,19.6468827043885,23.021728866442675,17.029386365926403,20.615528128088304,13.038404810405298
147.27525250360293,24.0,8.94427190999916,10.770329614269007,12.529964086141668,19.849433241279208,19.72308292331602,17.204650534085253,17.804493814764857,20.808652046684813,19.313207915827967,17.0,18.384776310850235,17.88854381999832,8.246211251235321,6.0,3.605551275463989,3.1622776601683795,7.0710678118654755,5.830951894845301,6.4031242374328485,15.652475842498529,7.615773105863909,11.40175425099138,12.206555615733702,8.602325267042627,13.038404810405298,0.0,0.0,0.0,0.0,0.0,0.0,0.0,0.0,0.0,0.0,0.0,8.246211251235321,7.615773105863909,8.06225774829855,12.36931687685298,13.416407864998739,8.54400374531753,7.280109889280518,12.36931687685298,6.708203932499369,7.0710678118654755,4.47213595499958,4.47213595499958,4.123105625617661,11.704699910719626,9.219544457292887,11.045361017187261,15.132745950421556,16.0,19.0,24.08318915758459,17.26267650163207,18.027756377319946,23.259406699226016,10.198039027185569,16.1245154965971,11.180339887498949
147.27525250360293,24.0,2.0,11.045361017187261,14.560219778561036,18.973665961010276,16.492422502470642,20.615528128088304,19.924858845171276,19.026297590440446,17.11724276862369,18.681541692269406,15.033296378372908,11.180339887498949,5.830951894845301,6.324555320336759,3.1622776601683795,1.4142135623730951,7.0710678118654755,8.0,9.219544457292887,13.038404810405298,9.055385138137417,10.198039027185569,13.341664064126334,12.649110640673518,16.492422502470642,0.0,0.0,0.0,0.0,0.0,0.0,0.0,0.0,0.0,0.0,0.0,8.48528137423857,10.770329614269007,7.280109889280518,10.816653826391969,9.486832980505138,5.656854249492381,11.40175425099138,8.54400374531753,15.620499351813308,4.0,4.123105625617661,0.0,9.219544457292887,4.0,9.433981132056603,12.206555615733702,13.45362404707371,17.4928556845359,20.0,23.345235059857504,31.144823004794873,22.67156809750927,23.600847442411894,17.804493814764857,16.401219466856727,11.661903789690601
147.27525250360293,24.0,3.605551275463989,9.055385138137417,17.72004514666935,13.92838827718412,17.029386365926403,18.24828759089466,18.027756377319946,21.095023109728988,17.029386365926403,18.973665961010276,11.0,9.486832980505138,9.055385138137417,10.198039027185569,8.06225774829855,5.0,5.385164807134504,5.0990195135927845,6.4031242374328485,8.06225774829855,12.36931687685298,11.661903789690601,10.44030650891055,12.806248474865697,9.848857801796104,0.0,0.0,0.0,0.0,0.0,0.0,0.0,0.0,0.0,0.0,0.0,10.0,12.206555615733702,11.40175425099138,8.48528137423857,10.0,10.63014581273465,13.45362404707371,7.810249675906654,11.045361017187261,9.433981132056603,9.219544457292887,9.899494936611665,4.0,7.615773105863909,12.649110640673518,10.0,19.924858845171276,16.492422502470642,22.80350850198276,20.09975124224178,25.019992006393608,21.02379604162864,23.08679276123039,17.0,14.035668847618199,16.278820596099706
147.27525250360293,24.0,8.06225774829855,6.708203932499369,19.209372712298546,13.601470508735444,19.1049731745428,22.825424421026653,16.76305461424021,23.706539182259394,18.384776310850235,17.804493814764857,17.804493814764857,19.235384061671343,11.40175425099138,12.649110640673518,8.94427190999916,5.0,4.47213595499958,5.830951894845301,10.04987562112089,10.198039027185569,9.848857801796104,13.45362404707371,14.212670403551895,12.806248474865697,12.041594578792296,0.0,0.0,0.0,0.0,0.0,0.0,0.0,0.0,0.0,0.0,0.0,5.385164807134504,8.06225774829855,9.219544457292887,8.48528137423857,11.661903789690601,8.246211251235321,13.45362404707371,13.45362404707371,12.529964086141668,12.806248474865697,9.219544457292887,5.830951894845301,4.242640687119285,5.0,10.04987562112089,9.219544457292887,8.94427190999916,12.529964086141668,21.93171219946131,24.839484696748443,24.20743687382041,30.0,22.20360331117452,28.42534080710379,20.0,25.80697580112788
147.27525250360293,24.0,12.529964086141668,17.204650534085253,20.518284528683193,19.79898987322333,21.2602916254693,16.97056274847714,19.209372712298546,19.235384061671343,11.313708498984761,13.601470508735444,10.63014581273465,10.63014581273465,3.605551275463989,6.4031242374328485,2.0,5.0,5.830951894845301,7.810249675906654,12.206555615733702,14.142135623730951,12.806248474865697,13.892443989449804,11.180339887498949,9.486832980505138,13.038404810405298,0.0,0.0,0.0,0.0,0.0,0.0,0.0,0.0,0.0,0.0,0.0,10.44030650891055,12.529964086141668,12.041594578792296,7.810249675906654,11.704699910719626,8.94427190999916,5.0990195135927845,4.242640687119285,5.0990195135927845,1.0,5.0,2.23606797749979,4.123105625617661,8.94427190999916,11.40175425099138,12.041594578792296,16.278820596099706,13.416407864998739,15.264337522473747,23.430749027719962,17.029386365926403,18.867962264113206,17.69180601295413,8.602325267042627,3.605551275463989,2.0
147.27525250360293,24.0,10.44030650891055,11.661903789690601,17.26267650163207,20.248456731316587,18.439088914585774,19.235384061671343,18.681541692269406,18.439088914585774,16.278820596099706,16.0312195418814,12.0,14.142135623730951,7.0710678118654755,4.123105625617661,2.0,2.23606797749979,3.1622776601683795,7.615773105863909,11.40175425099138,11.40175425099138,9.055385138137417,12.529964086141668,12.206555615733702,13.416407864998739,7.615773105863909,0.0,0.0,0.0,0.0,0.0,0.0,0.0,0.0,0.0,0.0,0.0,10.198039027185569,7.810249675906654,4.123105625617661,6.324555320336759,12.165525060596439,5.0,10.63014581273465,7.810249675906654,6.082762530298219,5.0990195135927845,3.1622776601683795,5.0,1.4142135623730951,5.0,7.0710678118654755,14.317821063276353,17.08800749063506,16.55294535724685,16.492422502470642,19.4164878389476,19.924858845171276,17.46424919657298,18.973665961010276,12.36931687685298,14.422205101855956,9.219544457292887
147.27525250360293,24.0,6.324555320336759,2.23606797749979,12.083045973594572,14.035668847618199,18.439088914585774,19.235384061671343,18.027756377319946,18.973665961010276,18.0,21.400934559032695,17.08800749063506,16.15549442140351,11.704699910719626,5.0,6.082762530298219,5.830951894845301,5.0990195135927845,4.123105625617661,9.219544457292887,8.602325267042627,12.206555615733702,8.94427190999916,12.206555615733702,10.816653826391969,13.152946437965905,0.0,0.0,0.0,0.0,0.0,0.0,0.0,0.0,0.0,0.0,0.0,5.0,6.708203932499369,6.708203932499369,9.219544457292887,12.806248474865697,5.385164807134504,11.40175425099138,8.246211251235321,13.038404810405298,8.602325267042627,5.0,5.0,1.4142135623730951,4.123105625617661,6.324555320336759,9.219544457292887,11.180339887498949,15.231546211727817,20.591260281974,19.924858845171276,20.248456731316587,24.698178070456937,21.540659228538015,21.18962010041709,21.540659228538015,16.15549442140351
64.0,4.0,1.4142135623730951,9.219544457292887,9.486832980505138,8.06225774829855,18.788294228055936,15.652475842498529,18.35755975068582,19.235384061671343,15.652475842498529,22.02271554554524,17.46424919657298,13.92838827718412,13.601470508735444,6.4031242374328485,5.0,3.1622776601683795,1.0,5.385164807134504,7.280109889280518,6.4031242374328485,13.601470508735444,9.433981132056603,14.142135623730951,14.212670403551895,12.806248474865697,0.0,0.0,0.0,0.0,0.0,0.0,0.0,0.0,0.0,0.0,0.0,7.211102550927978,5.385164807134504,10.816653826391969,8.602325267042627,12.529964086141668,11.40175425099138,12.083045973594572,12.041594578792296,6.324555320336759,7.615773105863909,7.810249675906654,6.082762530298219,3.605551275463989,2.0,3.0,5.0990195135927845,12.206555615733702,12.206555615733702,19.1049731745428,22.02271554554524,26.419689627245813,19.4164878389476,24.041630560342615,20.808652046684813,20.808652046684813,14.212670403551895
147.27525250360293,24.0,5.385164807134504,6.0,13.341664064126334,17.029386365926403,22.20360331117452,19.235384061671343,15.297058540778355,18.384776310850235,13.892443989449804,16.55294535724685,9.486832980505138,11.704699910719626,8.06225774829855,8.54400374531753,2.8284271247461903,2.8284271247461903,2.8284271247461903,9.848857801796104,10.0,10.44030650891055,7.615773105863909,15.297058540778355,12.649110640673518,11.661903789690601,10.295630140987,0.0,0.0,0.0,0.0,0.0,0.0,0.0,0.0,0.0,0.0,0.0,5.830951894845301,9.219544457292887,9.899494936611665,10.295630140987,11.661903789690601,10.63014581273465,14.142135623730951,10.295630140987,10.295630140987,10.816653826391969,7.280109889280518,4.242640687119285,3.605551275463989,4.242640687119285,10.63014581273465,11.661903789690601,11.313708498984761,16.1245154965971,20.12461179749811,22.825424421026653,25.553864678361276,22.360679774997898,21.540659228538015,19.6468827043885,19.924858845171276,17.804493814764857
147.27525250360293,24.0,13.601470508735444,15.556349186104045,21.400934559032695,18.384776310850235,25.612496949731394,23.430749027719962,24.186773244895647,19.72308292331602,15.0,20.615528128088304,9.433981132056603,8.06225774829855,4.242640687119285,2.23606797749979,1.4142135623730951,5.0,9.219544457292887,11.180339887498949,12.806248474865697,16.15549442140351,13.601470508735444,14.317821063276353,13.038404810405298,10.44030650891055,12.041594578792296,0.0,0.0,0.0,0.0,0.0,0.0,0.0,0.0,0.0,0.0,0.0,13.152946437965905,7.0710678118654755,13.038404810405298,8.54400374531753,6.082762530298219,9.486832980505138,6.708203932499369,2.23606797749979,5.830951894845301,8.0,5.0,5.385164807134504,8.06225774829855,11.40175425099138,9.899494936611665,16.401219466856727,11.40175425099138,14.422205101855956,20.615528128088304,20.12461179749811,16.1245154965971,19.72308292331602,17.08800749063506,12.206555615733702,4.242640687119285,2.0
147.27525250360293,24.0,9.219544457292887,14.317821063276353,13.038404810405298,14.7648230602334,22.825424421026653,18.35755975068582,17.46424919657298,19.313207915827967,18.110770276274835,13.601470508735444,17.08800749063506,13.92838827718412,9.486832980505138,5.0,4.47213595499958,1.4142135623730951,5.0,9.433981132056603,9.433981132056603,9.219544457292887,11.40175425099138,8.06225774829855,12.806248474865697,13.601470508735444,9.219544457292887,0.0,0.0,0.0,0.0,0.0,0.0,0.0,0.0,0.0,0.0,0.0,5.0990195135927845,8.0,9.486832980505138,9.219544457292887,9.0,11.180339887498949,7.211102550927978,3.1622776601683795,9.219544457292887,6.4031242374328485,8.246211251235321,2.23606797749979,4.47213595499958,12.083045973594572,10.0,10.0,11.40175425099138,14.035668847618199,13.038404810405298,17.0,16.1245154965971,15.297058540778355,17.72004514666935,20.024984394500787,17.0,12.041594578792296
147.27525250360293,24.0,3.1622776601683795,3.1622776601683795,12.083045973594572,6.708203932499369,18.384776310850235,16.55294535724685,20.223748416156685,17.46424919657298,16.278820596099706,16.492422502470642,13.341664064126334,14.317821063276353,12.165525060596439,9.0,6.4031242374328485,2.23606797749979,5.0,3.605551275463989,11.045361017187261,12.041594578792296,13.416407864998739,11.180339887498949,11.704699910719626,15.132745950421556,9.219544457292887,0.0,0.0,0.0,0.0,0.0,0.0,0.0,0.0,0.0,0.0,0.0,6.082762530298219,9.433981132056603,9.433981132056603,10.63014581273465,12.806248474865697,13.0,12.206555615733702,13.45362404707371,9.899494936611665,11.704699910719626,9.433981132056603,13.0,9.0,5.0,2.23606797749979,8.06225774829855,12.165525060596439,13.45362404707371,12.806248474865697,18.384776310850235,26.90724809414742,24.08318915758459,18.788294228055936,24.698178070456937,21.095023109728988,16.401219466856727
147.27525250360293,24.0,14.317821063276353,12.041594578792296,11.180339887498949,12.649110640673518,20.248456731316587,18.973665961010276,18.601075237738275,19.313207915827967,23.769728648009426,10.295630140987,13.892443989449804,7.0,9.433981132056603,8.602325267042627,11.180339887498949,7.615773105863909,3.605551275463989,3.605551275463989,14.866068747318506,10.0,12.083045973594572,15.0,13.416407864998739,14.317821063276353,11.40175425099138,0.0,0.0,0.0,0.0,0.0,0.0,0.0,0.0,0.0,0.0,0.0,7.615773105863909,7.0,13.92838827718412,7.615773105863909,6.708203932499369,7.0710678118654755,13.0,9.486832980505138,9.0,7.0710678118654755,12.529964086141668,9.433981132056603,8.54400374531753,9.219544457292887,10.770329614269007,12.529964086141668,17.26267650163207,18.0,19.026297590440446,17.204650534085253,21.37755832643195,24.186773244895647,21.213203435596427,22.47220505424423,22.360679774997898,17.69180601295413
147.27525250360293,24.0,9.0,10.04987562112089,15.811388300841896,19.235384061671343,17.72004514666935,20.591260281974,22.80350850198276,18.384776310850235,15.620499351813308,10.770329614269007,8.602325267042627,8.06225774829855,7.0710678118654755,6.324555320336759,3.1622776601683795,2.23606797749979,7.211102550927978,9.219544457292887,11.0,13.601470508735444,17.46424919657298,10.0,15.297058540778355,13.341664064126334,11.704699910719626,0.0,0.0,0.0,0.0,0.0,0.0,0.0,0.0,0.0,0.0,0.0,7.280109889280518,5.385164807134504,8.0,10.04987562112089,7.0710678118654755,9.486832980505138,7.211102550927978,5.0990195135927845,6.324555320336759,0.0,3.1622776601683795,4.47213595499958,4.0,7.0710678118654755,10.198039027185569,15.132745950421556,15.297058540778355,19.1049731745428,16.1245154965971,20.024984394500787,19.0,22.090722034374522,18.110770276274835,14.560219778561036,8.54400374531753,8.06225774829855
147.27525250360293,24.0,13.038404810405298,9.433981132056603,13.038404810405298,13.152946437965905,16.0312195418814,21.213203435596427,19.026297590440446,22.090722034374522,17.0,18.027756377319946,12.36931687685298,15.033296378372908,15.264337522473747,10.198039027185569,7.0,3.1622776601683795,8.0,3.0,6.708203932499369,8.06225774829855,12.206555615733702,8.94427190999916,13.601470508735444,14.7648230602334,9.486832980505138,0.0,0.0,0.0,0.0,0.0,0.0,0.0,0.0,0.0,0.0,0.0,8.54400374531753,7.615773105863909,10.295630140987,8.54400374531753,9.219544457292887,12.206555615733702,12.083045973594572,13.45362404707371,10.770329614269007,5.830951894845301,7.615773105863909,1.0,5.0,3.0,8.94427190999916,12.649110640673518,11.045361017187261,18.0,16.1245154965971,16.76305461424021,24.596747752497688,24.596747752497688,21.02379604162864,24.166091947189145,17.0,9.433981132056603
147.27525250360293,24.0,5.830951894845301,7.211102550927978,3.1622776601683795,3.605551275463989,6.0,13.601470508735444,13.92838827718412,15.264337522473747,16.64331697709324,19.79898987322333,12.206555615733702,13.0,13.038404810405298,13.892443989449804,6.708203932499369,7.280109889280518,7.280109889280518,1.0,6.082762530298219,5.830951894845301,4.123105625617661,11.180339887498949,8.06225774829855,12.649110640673518,8.0,0.0,0.0,0.0,0.0,0.0,0.0,0.0,0.0,0.0,0.0,0.0,6.082762530298219,8.246211251235321,12.36931687685298,9.219544457292887,9.055385138137417,14.317821063276353,12.0,15.033296378372908,12.36931687685298,11.045361017187261,7.0710678118654755,10.63014581273465,4.242640687119285,3.1622776601683795,2.23606797749979,10.198039027185569,5.0,10.0,14.7648230602334,17.029386365926403,23.853720883753127,24.08318915758459,24.20743687382041,20.615528128088304,18.384776310850235,18.601075237738275
147.27525250360293,24.0,6.708203932499369,7.211102550927978,9.219544457292887,17.72004514666935,19.924858845171276,21.213203435596427,21.0,25.96150997149434,20.396078054371138,22.360679774997898,17.4928556845359,13.152946437965905,13.601470508735444,10.44030650891055,14.035668847618199,5.385164807134504,2.8284271247461903,2.8284271247461903,8.94427190999916,9.433981132056603,10.04987562112089,12.0,12.36931687685298,15.033296378372908,11.40175425099138,0.0,0.0,0.0,0.0,0.0,0.0,0.0,0.0,0.0,0.0,0.0,8.06225774829855,9.486832980505138,9.219544457292887,11.704699910719626,14.422205101855956,7.280109889280518,1.0,11.40175425099138,13.892443989449804,12.041594578792296,5.0990195135927845,17.804493814764857,5.830951894845301,2.23606797749979,9.848857801796104,8.06225774829855,8.94427190999916,16.0312195418814,15.620499351813308,17.029386365926403,20.248456731316587,17.804493814764857,27.730849247724095,20.615528128088304,21.213203435596427,24.758836806279895
64.0,4.0,10.0,17.46424919657298,18.35755975068582,20.615528128088304,23.323807579381203,23.706539182259394,19.209372712298546,25.495097567963924,18.788294228055936,19.1049731745428,16.1245154965971,11.313708498984761,8.54400374531753,8.06225774829855,2.23606797749979,3.1622776601683795,8.94427190999916,7.211102550927978,6.4031242374328485,11.40175425099138,10.63014581273465,15.811388300841896,14.142135623730951,16.64331697709324,13.0,0.0,0.0,0.0,0.0,0.0,0.0,0.0,0.0,0.0,0.0,0.0,10.198039027185569,12.041594578792296,10.198039027185569,13.152946437965905,12.041594578792296,8.54400374531753,11.180339887498949,8.48528137423857,10.04987562112089,9.433981132056603,3.605551275463989,4.242640687119285,6.082762530298219,7.211102550927978,9.0,6.0,17.0,18.24828759089466,22.090722034374522,17.26267650163207,21.587033144922902,21.095023109728988,15.297058540778355,19.6468827043885,7.0710678118654755,14.560219778561036
147.27525250360293,24.0,4.47213595499958,13.892443989449804,19.4164878389476,14.142135623730951,24.331050121192877,22.0,22.847319317591726,22.47220505424423,17.0,16.55294535724685,14.560219778561036,11.40175425099138,10.04987562112089,4.47213595499958,4.47213595499958,5.830951894845301,2.23606797749979,12.206555615733702,12.727922061357855,11.180339887498949,13.416407864998739,13.45362404707371,10.816653826391969,16.64331697709324,14.866068747318506,0.0,0.0,0.0,0.0,0.0,0.0,0.0,0.0,0.0,0.0,0.0,6.708203932499369,11.045361017187261,11.40175425099138,4.47213595499958,12.083045973594572,12.649110640673518,13.152946437965905,4.47213595499958,7.810249675906654,8.06225774829855,7.615773105863909,5.0,7.211102550927978,4.47213595499958,10.63014581273465,8.06225774829855,12.806248474865697,17.4928556845359,20.0,18.601075237738275,21.93171219946131,18.35755975068582,17.204650534085253,11.704699910719626,13.601470508735444,8.94427190999916
147.27525250360293,24.0,4.47213595499958,10.63014581273465,13.152946437965905,14.866068747318506,17.72004514666935,17.26267650163207,18.0,21.02379604162864,17.46424919657298,17.46424919657298,13.892443989449804,14.317821063276353,8.602325267042627,4.123105625617661,5.830951894845301,5.656854249492381,3.605551275463989,6.0,9.486832980505138,8.94427190999916,8.06225774829855,12.041594578792296,11.40175425099138,11.0,13.038404810405298,0.0,0.0,0.0,0.0,0.0,0.0,0.0,0.0,0.0,0.0,0.0,2.23606797749979,13.416407864998739,8.06225774829855,12.083045973594572,11.0,10.770329614269007,12.36931687685298,12.165525060596439,8.06225774829855,3.1622776601683795,1.4142135623730951,2.8284271247461903,3.0,4.123105625617661,5.0,12.083045973594572,18.110770276274835,16.492422502470642,27.459060435491963,22.090722034374522,25.495097567963924,23.08679276123039,21.02379604162864,23.53720459187964,19.0,14.142135623730951
147.27525250360293,24.0,5.0,15.0,10.63014581273465,18.384776310850235,19.209372712298546,21.93171219946131,20.615528128088304,23.600847442411894,21.95449840010015,19.1049731745428,19.4164878389476,20.12461179749811,13.45362404707371,10.63014581273465,4.47213595499958,4.0,7.615773105863909,6.082762530298219,10.04987562112089,11.045361017187261,9.486832980505138,14.560219778561036,13.341664064126334,11.180339887498949,11.704699910719626,0.0,0.0,0.0,0.0,0.0,0.0,0.0,0.0,0.0,0.0,0.0,4.0,8.54400374531753,8.246211251235321,12.041594578792296,10.0,11.180339887498949,9.0,8.54400374531753,11.180339887498949,10.44030650891055,6.708203932499369,4.0,4.242640687119285,5.0,12.36931687685298,7.280109889280518,14.866068747318506,17.204650534085253,17.029386365926403,24.20743687382041,27.018512172212592,24.08318915758459,26.076809620810597,26.248809496813376,24.758836806279895,16.64331697709324
147.27525250360293,24.0,2.23606797749979,7.615773105863909,8.602325267042627,14.560219778561036,13.892443989449804,20.615528128088304,23.08679276123039,14.560219778561036,18.973665961010276,16.76305461424021,14.0,14.7648230602334,12.083045973594572,4.0,0.0,1.0,7.280109889280518,5.0,7.280109889280518,7.0710678118654755,8.94427190999916,16.492422502470642,13.152946437965905,10.0,17.029386365926403,0.0,0.0,0.0,0.0,0.0,0.0,0.0,0.0,0.0,0.0,0.0,7.280109889280518,8.246211251235321,10.04987562112089,9.0,8.246211251235321,13.0,11.045361017187261,8.246211251235321,7.0,7.211102550927978,6.324555320336759,7.0710678118654755,4.0,6.708203932499369,8.48528137423857,7.211102550927978,22.47220505424423,17.08800749063506,17.88854381999832,22.20360331117452,19.1049731745428,21.587033144922902,15.524174696260024,24.08318915758459,19.235384061671343,18.788294228055936
147.27525250360293,24.0,8.48528137423857,11.704699910719626,15.0,16.97056274847714,18.439088914585774,18.439088914585774,20.615528128088304,16.97056274847714,16.64331697709324,13.0,15.620499351813308,6.708203932499369,9.219544457292887,5.385164807134504,2.8284271247461903,3.605551275463989,5.0,5.830951894845301,8.94427190999916,11.40175425099138,10.295630140987,10.0,14.866068747318506,12.041594578792296,12.041594578792296,0.0,0.0,0.0,0.0,0.0,0.0,0.0,0.0,0.0,0.0,0.0,7.211102550927978,7.280109889280518,6.708203932499369,12.206555615733702,13.0,11.180339887498949,10.770329614269007,8.602325267042627,8.48528137423857,8.06225774829855,4.123105625617661,4.123105625617661,8.06225774829855,4.123105625617661,10.04987562112089,10.295630140987,13.92838827718412,15.264337522473747,22.360679774997898,22.47220505424423,19.72308292331602,24.413111231467404,18.384776310850235,19.697715603592208,18.35755975068582,13.0
147.27525250360293,24.0,5.0990195135927845,7.0710678118654755,9.219544457292887,17.804493814764857,17.4928556845359,22.20360331117452,17.69180601295413,20.0,21.93171219946131,17.029386365926403,14.142135623730951,10.816653826391969,7.211102550927978,12.041594578792296,7.810249675906654,9.486832980505138,4.123105625617661,9.055385138137417,8.94427190999916,6.4031242374328485,13.341664064126334,10.0,14.422205101855956,15.264337522473747,9.848857801796104,0.0,0.0,0.0,0.0,0.0,0.0,0.0,0.0,0.0,0.0,0.0,8.54400374531753,3.605551275463989,10.04987562112089,14.317821063276353,13.892443989449804,14.560219778561036,8.94427190999916,10.816653826391969,13.038404810405298,9.486832980505138,9.219544457292887,1.0,4.0,4.47213595499958,5.830951894845301,10.295630140987,11.661903789690601,17.029386365926403,17.0,17.204650534085253,21.93171219946131,17.69180601295413,19.1049731745428,24.698178070456937,21.2602916254693,10.0
147.27525250360293,24.0,5.0,4.47213595499958,14.142135623730951,12.083045973594572,17.204650534085253,18.027756377319946,17.69180601295413,15.264337522473747,17.08800749063506,19.4164878389476,14.560219778561036,14.422205101855956,7.280109889280518,4.123105625617661,2.23606797749979,8.06225774829855,3.1622776601683795,8.06225774829855,6.082762530298219,15.033296378372908,13.92838827718412,11.180339887498949,15.033296378372908,12.0,8.54400374531753,0.0,0.0,0.0,0.0,0.0,0.0,0.0,0.0,0.0,0.0,0.0,4.47213595499958,5.385164807134504,9.219544457292887,9.219544457292887,13.601470508735444,9.433981132056603,14.866068747318506,10.0,11.180339887498949,9.486832980505138,7.211102550927978,4.123105625617661,1.0,4.123105625617661,6.082762530298219,8.54400374531753,20.396078054371138,22.090722034374522,23.53720459187964,20.615528128088304,33.24154027718932,24.08318915758459,26.476404589747453,20.09975124224178,19.235384061671343,20.12461179749811
147.27525250360293,24.0,4.123105625617661,3.1622776601683795,12.36931687685298,14.317821063276353,13.601470508735444,17.26267650163207,15.132745950421556,20.8806130178211,23.53720459187964,19.313207915827967,13.038404810405298,10.770329614269007,9.219544457292887,9.433981132056603,4.47213595499958,3.1622776601683795,2.0,2.23606797749979,2.8284271247461903,8.0,9.0,7.211102550927978,8.06225774829855,11.180339887498949,10.816653826391969,0.0,0.0,0.0,0.0,0.0,0.0,0.0,0.0,0.0,0.0,0.0,5.656854249492381,9.433981132056603,8.48528137423857,5.656854249492381,11.313708498984761,8.602325267042627,7.810249675906654,7.280109889280518,12.649110640673518,7.615773105863909,10.295630140987,7.280109889280518,3.1622776601683795,7.280109889280518,5.0990195135927845,10.0,12.727922061357855,14.212670403551895,17.029386365926403,19.1049731745428,17.029386365926403,16.55294535724685,20.808652046684813,18.439088914585774,12.727922061357855,13.45362404707371
147.27525250360293,24.0,6.324555320336759,11.704699910719626,17.029386365926403,19.235384061671343,23.021728866442675,23.194827009486403,15.0,19.235384061671343,15.811388300841896,19.4164878389476,14.317821063276353,9.486832980505138,4.123105625617661,7.0710678118654755,6.4031242374328485,1.4142135623730951,9.848857801796104,9.219544457292887,9.0,12.36931687685298,12.36931687685298,13.601470508735444,13.416407864998739,8.06225774829855,8.94427190999916,0.0,0.0,0.0,0.0,0.0,0.0,0.0,0.0,0.0,0.0,0.0,5.385164807134504,11.180339887498949,9.486832980505138,7.0,10.0,8.94427190999916,10.63014581273465,4.242640687119285,8.54400374531753,8.54400374531753,6.708203932499369,6.708203932499369,7.615773105863909,6.082762530298219,7.615773105863909,14.7648230602334,11.40175425099138,16.76305461424021,21.37755832643195,17.0,16.64331697709324,21.02379604162864,18.027756377319946,18.027756377319946,9.055385138137417,12.041594578792296
147.27525250360293,24.0,16.278820596099706,17.0,20.0,23.08679276123039,18.24828759089466,24.698178070456937,25.179356624028344,18.027756377319946,18.681541692269406,16.492422502470642,20.615528128088304,9.055385138137417,11.180339887498949,8.0,8.06225774829855,8.602325267042627,9.219544457292887,12.727922061357855,10.0,11.40175425099138,11.180339887498949,13.892443989449804,13.601470508735444,16.0312195418814,13.416407864998739,0.0,0.0,0.0,0.0,0.0,0.0,0.0,0.0,0.0,0.0,0.0,8.54400374531753,5.0,10.04987562112089,8.0,9.0,11.045361017187261,12.083045973594572,8.54400374531753,15.033296378372908,7.211102550927978,9.055385138137417,15.132745950421556,11.045361017187261,9.219544457292887,11.704699910719626,15.231546211727817,10.63014581273465,20.248456731316587,17.4928556845359,18.788294228055936,18.35755975068582,21.93171219946131,20.0,20.248456731316587,17.46424919657298,20.12461179749811
64.0,4.0,24.186773244895647,32.31098884280702,23.853720883753127,25.0,25.059928172283335,20.591260281974,24.413111231467404,20.808652046684813,15.0,16.278820596099706,5.385164807134504,10.295630140987,7.0710678118654755,7.615773105863909,9.219544457292887,10.0,17.0,13.892443989449804,11.313708498984761,14.142135623730951,14.422205101855956,16.64331697709324,19.4164878389476,8.94427190999916,10.0,0.0,0.0,0.0,0.0,0.0,0.0,0.0,0.0,0.0,0.0,0.0,13.601470508735444,6.4031242374328485,13.416407864998739,14.317821063276353,12.36931687685298,5.0990195135927845,6.324555320336759,11.045361017187261,6.082762530298219,10.770329614269007,8.06225774829855,10.0,13.45362404707371,18.027756377319946,21.633307652783937,19.4164878389476,22.627416997969522,17.029386365926403,23.345235059857504,18.384776310850235,25.45584412271571,19.209372712298546,17.69180601295413,9.219544457292887,8.602325267042627,10.198039027185569
147.27525250360293,24.0,17.72004514666935,21.37755832643195,22.02271554554524,22.20360331117452,22.02271554554524,22.360679774997898,19.1049731745428,17.46424919657298,20.615528128088304,21.840329667841555,15.652475842498529,10.198039027185569,11.180339887498949,5.385164807134504,8.06225774829855,6.324555320336759,10.0,12.649110640673518,14.317821063276353,12.0,13.038404810405298,12.206555615733702,14.212670403551895,17.804493814764857,14.142135623730951,0.0,0.0,0.0,0.0,0.0,0.0,0.0,0.0,0.0,0.0,0.0,10.44030650891055,12.0,13.152946437965905,10.44030650891055,11.180339887498949,11.045361017187261,6.324555320336759,6.324555320336759,4.0,5.830951894845301,5.830951894845301,2.0,9.848857801796104,15.297058540778355,17.26267650163207,17.88854381999832,20.615528128088304,20.591260281974,21.02379604162864,18.24828759089466,21.540659228538015,17.029386365926403,19.4164878389476,18.681541692269406,11.045361017187261,8.06225774829855
147.27525250360293,24.0,14.035668847618199,15.0,21.37755832643195,24.0,25.019992006393608,30.14962686336267,30.066592756745816,24.186773244895647,22.20360331117452,16.76305461424021,13.341664064126334,16.0,9.848857801796104,5.0,2.23606797749979,5.0990195135927845,9.055385138137417,11.045361017187261,11.0,12.041594578792296,15.132745950421556,19.026297590440446,14.560219778561036,13.92838827718412,13.92838827718412,0.0,0.0,0.0,0.0,0.0,0.0,0.0,0.0,0.0,0.0,0.0,13.0,8.602325267042627,14.142135623730951,10.0,7.211102550927978,11.180339887498949,6.4031242374328485,6.082762530298219,7.0710678118654755,3.0,7.280109889280518,7.810249675906654,14.866068747318506,12.041594578792296,14.422205101855956,19.79898987322333,24.698178070456937,21.93171219946131,21.95449840010015,23.430749027719962,22.47220505424423,21.02379604162864,17.46424919657298,13.416407864998739,13.601470508735444,6.708203932499369
147.27525250360293,24.0,5.830951894845301,15.811388300841896,21.02379604162864,20.808652046684813,20.615528128088304,25.079872407968907,23.706539182259394,25.495097567963924,22.80350850198276,19.313207915827967,14.035668847618199,13.0,9.433981132056603,6.082762530298219,6.708203932499369,2.23606797749979,9.219544457292887,8.06225774829855,15.231546211727817,11.40175425099138,15.033296378372908,14.317821063276353,15.033296378372908,14.317821063276353,9.0,0.0,0.0,0.0,0.0,0.0,0.0,0.0,0.0,0.0,0.0,0.0,11.40175425099138,10.770329614269007,10.04987562112089,10.295630140987,10.198039027185569,10.04987562112089,8.602325267042627,11.045361017187261,12.529964086141668,10.63014581273465,9.486832980505138,11.661903789690601,6.4031242374328485,11.045361017187261,10.0,9.848857801796104,19.1049731745428,15.524174696260024,22.20360331117452,21.213203435596427,25.0,22.0,20.223748416156685,18.027756377319946,15.297058540778355,16.401219466856727
147.27525250360293,24.0,8.246211251235321,10.0,14.035668847618199,16.492422502470642,16.492422502470642,21.02379604162864,19.1049731745428,23.53720459187964,21.840329667841555,16.0,14.560219778561036,14.560219778561036,10.198039027185569,7.211102550927978,6.4031242374328485,4.47213595499958,8.54400374531753,8.06225774829855,13.038404810405298,6.324555320336759,8.94427190999916,12.529964086141668,13.416407864998739,10.0,14.142135623730951,0.0,0.0,0.0,0.0,0.0,0.0,0.0,0.0,0.0,0.0,0.0,9.433981132056603,9.219544457292887,7.615773105863909,7.0710678118654755,13.341664064126334,12.0,12.165525060596439,14.560219778561036,14.142135623730951,7.810249675906654,6.0,10.44030650891055,2.8284271247461903,7.615773105863909,11.180339887498949,8.54400374531753,13.0,17.46424919657298,19.0,22.561028345356956,19.235384061671343,20.223748416156685,21.840329667841555,22.561028345356956,15.264337522473747,18.027756377319946
147.27525250360293,24.0,13.038404810405298,21.02379604162864,20.591260281974,18.788294228055936,23.769728648009426,22.135943621178654,21.93171219946131,21.587033144922902,17.0,15.811388300841896,13.892443989449804,11.045361017187261,4.242640687119285,2.23606797749979,5.0,6.0,6.082762530298219,10.0,12.083045973594572,13.038404810405298,14.422205101855956,13.92838827718412,12.206555615733702,15.0,10.0,0.0,0.0,0.0,0.0,0.0,0.0,0.0,0.0,0.0,0.0,0.0,8.602325267042627,11.180339887498949,10.816653826391969,10.44030650891055,5.656854249492381,5.385164807134504,7.0710678118654755,3.0,2.8284271247461903,3.1622776601683795,6.708203932499369,5.830951894845301,8.94427190999916,12.206555615733702,7.280109889280518,22.20360331117452,19.849433241279208,16.278820596099706,18.35755975068582,21.633307652783937,17.69180601295413,15.264337522473747,16.278820596099706,17.08800749063506,7.0710678118654755,5.830951894845301
147.27525250360293,24.0,11.045361017187261,11.0,18.110770276274835,21.095023109728988,22.0,17.11724276862369,17.72004514666935,18.110770276274835,14.866068747318506,13.038404810405298,13.038404810405298,6.324555320336759,5.0990195135927845,3.0,3.1622776601683795,4.47213595499958,7.211102550927978,7.810249675906654,10.816653826391969,9.848857801796104,16.401219466856727,13.601470508735444,11.313708498984761,14.422205101855956,9.848857801796104,0.0,0.0,0.0,0.0,0.0,0.0,0.0,0.0,0.0,0.0,0.0,8.06225774829855,10.63014581273465,12.206555615733702,9.433981132056603,12.083045973594572,8.48528137423857,10.816653826391969,6.082762530298219,3.1622776601683795,3.605551275463989,5.0990195135927845,6.0,10.44030650891055,2.23606797749979,23.021728866442675,16.76305461424021,12.36931687685298,14.560219778561036,23.021728866442675,18.027756377319946,21.095023109728988,17.0,16.1245154965971,16.278820596099706,4.47213595499958,8.06225774829855
147.27525250360293,24.0,10.816653826391969,15.620499351813308,17.029386365926403,19.209372712298546,25.495097567963924,21.095023109728988,21.2602916254693,16.55294535724685,15.620499351813308,20.615528128088304,12.206555615733702,10.63014581273465,8.06225774829855,6.082762530298219,2.23606797749979,4.123105625617661,6.708203932499369,10.198039027185569,12.649110640673518,14.212670403551895,3.0,14.317821063276353,12.36931687685298,12.806248474865697,10.63014581273465,0.0,0.0,0.0,0.0,0.0,0.0,0.0,0.0,0.0,0.0,0.0,8.06225774829855,8.48528137423857,10.44030650891055,9.899494936611665,9.433981132056603,7.0710678118654755,8.48528137423857,8.06225774829855,6.4031242374328485,1.4142135623730951,1.0,2.0,3.605551275463989,10.63014581273465,10.816653826391969,11.40175425099138,18.601075237738275,17.029386365926403,19.849433241279208,18.867962264113206,20.808652046684813,16.401219466856727,18.384776310850235,13.0,8.48528137423857,5.385164807134504
147.27525250360293,24.0,5.0,12.083045973594572,20.615528128088304,14.866068747318506,17.804493814764857,21.2602916254693,16.278820596099706,18.867962264113206,20.0,14.422205101855956,15.556349186104045,10.63014581273465,7.615773105863909,5.0,2.23606797749979,1.0,6.324555320336759,5.0990195135927845,6.082762530298219,10.44030650891055,9.219544457292887,14.035668847618199,9.433981132056603,10.198039027185569,13.892443989449804,0.0,0.0,0.0,0.0,0.0,0.0,0.0,0.0,0.0,0.0,0.0,10.04987562112089,6.324555320336759,9.219544457292887,11.180339887498949,10.63014581273465,9.486832980505138,9.848857801796104,10.198039027185569,9.055385138137417,5.0990195135927845,6.0,2.8284271247461903,3.1622776601683795,5.0,5.656854249492381,12.806248474865697,12.806248474865697,14.422205101855956,18.027756377319946,19.4164878389476,20.615528128088304,24.413111231467404,18.439088914585774,16.278820596099706,12.806248474865697,15.652475842498529
64.0,4.0,11.045361017187261,14.560219778561036,20.223748416156685,16.76305461424021,24.515301344262525,25.079872407968907,22.20360331117452,25.179356624028344,14.0,17.26267650163207,12.165525060596439,7.211102550927978,6.082762530298219,3.605551275463989,2.0,3.1622776601683795,8.48528137423857,5.830951894845301,10.0,9.433981132056603,15.231546211727817,14.422205101855956,10.63014581273465,11.180339887498949,12.529964086141668,0.0,0.0,0.0,0.0,0.0,0.0,0.0,0.0,0.0,0.0,0.0,11.180339887498949,2.23606797749979,7.0,10.04987562112089,7.211102550927978,8.246211251235321,8.06225774829855,6.082762530298219,7.615773105863909,4.123105625617661,1.4142135623730951,7.0,3.1622776601683795,10.0,12.083045973594572,11.661903789690601,18.601075237738275,15.811388300841896,21.470910553583888,21.840329667841555,17.69180601295413,19.72308292331602,16.64331697709324,16.15549442140351,11.661903789690601,6.4031242374328485
147.27525250360293,24.0,1.4142135623730951,12.206555615733702,11.704699910719626,13.416407864998739,19.849433241279208,20.518284528683193,19.1049731745428,23.021728866442675,21.633307652783937,14.866068747318506,15.652475842498529,14.142135623730951,10.44030650891055,10.0,6.4031242374328485,3.605551275463989,1.4142135623730951,7.280109889280518,7.615773105863909,8.94427190999916,8.602325267042627,8.54400374531753,9.219544457292887,12.041594578792296,12.041594578792296,0.0,0.0,0.0,0.0,0.0,0.0,0.0,0.0,0.0,0.0,0.0,7.0,5.830951894845301,9.486832980505138,9.848857801796104,12.806248474865697,13.601470508735444,14.212670403551895,7.0710678118654755,15.264337522473747,11.40175425099138,2.8284271247461903,5.656854249492381,5.385164807134504,4.47213595499958,7.0,4.242640687119285,17.11724276862369,14.866068747318506,14.317821063276353,21.587033144922902,19.924858845171276,20.8806130178211,15.524174696260024,23.706539182259394,22.135943621178654,16.492422502470642
147.27525250360293,24.0,7.0710678118654755,9.486832980505138,15.524174696260024,19.0,13.038404810405298,20.12461179749811,17.204650534085253,18.027756377319946,18.384776310850235,14.317821063276353,15.811388300841896,11.180339887498949,10.770329614269007,5.0990195135927845,2.8284271247461903,3.0,3.605551275463989,6.4031242374328485,8.94427190999916,6.4031242374328485,12.206555615733702,11.313708498984761,8.602325267042627,12.206555615733702,15.264337522473747,0.0,0.0,0.0,0.0,0.0,0.0,0.0,0.0,0.0,0.0,0.0,8.06225774829855,8.54400374531753,9.055385138137417,9.055385138137417,11.045361017187261,8.06225774829855,14.035668847618199,10.198039027185569,9.219544457292887,5.0,6.708203932499369,2.23606797749979,1.0,5.656854249492381,6.708203932499369,9.848857801796104,9.848857801796104,18.027756377319946,21.840329667841555,15.620499351813308,16.278820596099706,20.808652046684813,19.72308292331602,13.892443989449804,18.384776310850235,7.211102550927978
147.27525250360293,24.0,11.40175425099138,13.341664064126334,18.788294228055936,21.840329667841555,23.345235059857504,20.223748416156685,24.186773244895647,23.194827009486403,22.0,11.045361017187261,11.180339887498949,13.341664064126334,11.180339887498949,2.8284271247461903,6.324555320336759,4.242640687119285,5.385164807134504,12.727922061357855,12.206555615733702,13.45362404707371,15.264337522473747,8.246211251235321,13.892443989449804,15.231546211727817,14.317821063276353,0.0,0.0,0.0,0.0,0.0,0.0,0.0,0.0,0.0,0.0,0.0,13.416407864998739,9.433981132056603,10.816653826391969,13.92838827718412,9.486832980505138,9.219544457292887,12.041594578792296,10.816653826391969,8.48528137423857,3.605551275463989,2.8284271247461903,1.4142135623730951,6.0,3.605551275463989,11.0,14.142135623730951,9.055385138137417,21.587033144922902,18.027756377319946,22.47220505424423,19.235384061671343,22.47220505424423,25.96150997149434,17.72004514666935,12.041594578792296,2.23606797749979
147.27525250360293,24.0,10.295630140987,10.63014581273465,18.439088914585774,20.808652046684813,20.615528128088304,19.72308292331602,13.416407864998739,21.095023109728988,15.231546211727817,11.180339887498949,12.083045973594572,8.602325267042627,5.385164807134504,5.0,1.0,6.082762530298219,10.0,9.433981132056603,11.704699910719626,10.04987562112089,9.486832980505138,15.620499351813308,11.40175425099138,13.416407864998739,7.211102550927978,0.0,0.0,0.0,0.0,0.0,0.0,0.0,0.0,0.0,0.0,0.0,8.54400374531753,10.770329614269007,12.165525060596439,8.246211251235321,7.615773105863909,9.0,5.0990195135927845,6.4031242374328485,5.385164807134504,3.1622776601683795,5.385164807134504,4.242640687119285,7.0710678118654755,9.433981132056603,9.433981132056603,13.416407864998739,16.64331697709324,19.849433241279208,17.72004514666935,17.08800749063506,15.231546211727817,17.72004514666935,16.15549442140351,9.055385138137417,11.661903789690601,8.06225774829855
147.27525250360293,24.0,2.0,4.0,0.0,12.36931687685298,13.0,20.615528128088304,18.788294228055936,20.615528128088304,16.492422502470642,17.46424919657298,14.560219778561036,18.027756377319946,12.529964086141668,8.94427190999916,12.649110640673518,1.0,2.23606797749979,3.1622776601683795,7.280109889280518,9.219544457292887,5.0,12.083045973594572,11.045361017187261,11.704699910719626,10.04987562112089,0.0,0.0,0.0,0.0,0.0,0.0,0.0,0.0,0.0,0.0,0.0,2.23606797749979,5.0,9.219544457292887,11.704699910719626,10.198039027185569,13.038404810405298,11.045361017187261,11.704699910719626,13.341664064126334,8.06225774829855,10.770329614269007,8.602325267042627,7.280109889280518,2.8284271247461903,1.0,5.385164807134504,5.656854249492381,15.231546211727817,11.40175425099138,19.235384061671343,19.924858845171276,21.18962010041709,22.80350850198276,29.017236257093817,21.840329667841555,12.529964086141668
147.27525250360293,24.0,5.0,2.23606797749979,8.06225774829855,16.492422502470642,15.0,16.1245154965971,22.561028345356956,15.033296378372908,20.8806130178211,12.165525060596439,17.46424919657298,17.46424919657298,11.0,8.06225774829855,4.47213595499958,3.605551275463989,3.605551275463989,5.0,8.06225774829855,7.615773105863909,13.416407864998739,9.486832980505138,14.0,14.035668847618199,11.0,0.0,0.0,0.0,0.0,0.0,0.0,0.0,0.0,0.0,0.0,0.0,5.385164807134504,7.280109889280518,8.54400374531753,10.770329614269007,10.44030650891055,8.06225774829855,11.40175425099138,10.04987562112089,10.198039027185569,13.92838827718412,6.708203932499369,8.54400374531753,2.8284271247461903,2.8284271247461903,4.0,9.848857801796104,7.0710678118654755,15.231546211727817,22.47220505424423,19.849433241279208,21.633307652783937,22.20360331117452,24.166091947189145,22.20360331117452,21.540659228538015,15.811388300841896
64.0,4.0,11.40175425099138,5.0990195135927845,10.816653826391969,18.027756377319946,21.095023109728988,15.652475842498529,19.235384061671343,23.021728866442675,19.924858845171276,13.0,14.560219778561036,17.26267650163207,6.4031242374328485,6.0,6.4031242374328485,3.605551275463989,1.4142135623730951,4.47213595499958,8.06225774829855,6.0,9.433981132056603,11.180339887498949,14.317821063276353,15.297058540778355,13.45362404707371,0.0,0.0,0.0,0.0,0.0,0.0,0.0,0.0,0.0,0.0,0.0,9.219544457292887,10.44030650891055,5.385164807134504,10.04987562112089,9.0,12.0,11.180339887498949,6.0,12.649110640673518,12.36931687685298,10.198039027185569,5.0990195135927845,2.23606797749979,2.8284271247461903,6.082762530298219,12.206555615733702,9.848857801796104,15.556349186104045,14.866068747318506,17.69180601295413,21.93171219946131,20.615528128088304,21.2602916254693,17.69180601295413,13.416407864998739,16.76305461424021
147.27525250360293,24.0,6.324555320336759,10.198039027185569,14.422205101855956,18.384776310850235,20.223748416156685,19.235384061671343,20.591260281974,17.88854381999832,17.26267650163207,19.72308292331602,16.401219466856727,10.0,3.0,2.0,2.23606797749979,7.280109889280518,5.830951894845301,10.44030650891055,9.848857801796104,9.899494936611665,15.264337522473747,17.029386365926403,18.24828759089466,13.038404810405298,12.529964086141668,0.0,0.0,0.0,0.0,0.0,0.0,0.0,0.0,0.0,0.0,0.0,6.0,7.211102550927978,7.810249675906654,10.44030650891055,12.806248474865697,13.038404810405298,9.219544457292887,10.770329614269007,10.198039027185569,5.0,1.4142135623730951,4.0,4.123105625617661,5.385164807134504,9.055385138137417,9.055385138137417,12.529964086141668,18.027756377319946,18.027756377319946,21.37755832643195,21.0,19.235384061671343,21.02379604162864,17.029386365926403,14.142135623730951,11.313708498984761
147.27525250360293,24.0,7.615773105863909,13.92838827718412,10.295630140987,15.231546211727817,14.866068747318506,18.027756377319946,17.4928556845359,21.2602916254693,17.804493814764857,15.620499351813308,18.35755975068582,13.892443989449804,5.830951894845301,10.0,3.0,6.324555320336759,5.656854249492381,6.324555320336759,7.810249675906654,12.529964086141668,11.40175425099138,12.041594578792296,13.601470508735444,11.661903789690601,16.278820596099706,0.0,0.0,0.0,0.0,0.0,0.0,0.0,0.0,0.0,0.0,0.0,5.385164807134504,4.47213595499958,8.602325267042627,8.54400374531753,9.433981132056603,9.219544457292887,7.810249675906654,10.04987562112089,10.63014581273465,11.704699910719626,7.615773105863909,1.4142135623730951,8.06225774829855,4.123105625617661,5.385164807134504,10.198039027185569,10.63014581273465,13.038404810405298,14.422205101855956,14.422205101855956,14.866068747318506,20.808652046684813,15.811388300841896,18.439088914585774,20.8806130178211,13.416407864998739
147.27525250360293,24.0,3.1622776601683795,7.211102550927978,8.94427190999916,6.082762530298219,15.231546211727817,16.15549442140351,25.079872407968907,18.384776310850235,20.0,15.811388300841896,18.867962264113206,14.7648230602334,11.313708498984761,3.605551275463989,3.605551275463989,4.47213595499958,4.0,6.082762530298219,7.0710678118654755,8.0,10.04987562112089,9.055385138137417,10.44030650891055,8.0,11.180339887498949,0.0,0.0,0.0,0.0,0.0,0.0,0.0,0.0,0.0,0.0,0.0,7.615773105863909,8.06225774829855,8.602325267042627,12.529964086141668,12.206555615733702,11.40175425099138,15.556349186104045,12.206555615733702,9.486832980505138,8.602325267042627,4.47213595499958,7.211102550927978,2.23606797749979,3.605551275463989,5.0990195135927845,14.142135623730951,12.206555615733702,19.313207915827967,17.46424919657298,17.69180601295413,20.248456731316587,24.698178070456937,17.88854381999832,17.029386365926403,18.027756377319946,10.816653826391969
64.0,4.0,7.810249675906654,14.422205101855956,15.264337522473747,16.401219466856727,18.027756377319946,17.029386365926403,21.400934559032695,15.524174696260024,17.804493814764857,16.64331697709324,13.601470508735444,10.770329614269007,7.280109889280518,5.0990195135927845,2.0,8.246211251235321,9.899494936611665,8.06225774829855,10.295630140987,15.811388300841896,14.866068747318506,14.866068747318506,12.529964086141668,10.295630140987,12.083045973594572,0.0,0.0,0.0,0.0,0.0,0.0,0.0,0.0,0.0,0.0,0.0,5.830951894845301,10.0,5.385164807134504,3.1622776601683795,9.486832980505138,10.04987562112089,10.198039027185569,5.0990195135927845,4.0,4.123105625617661,2.23606797749979,5.385164807134504,5.0990195135927845,7.0,14.142135623730951,10.198039027185569,15.524174696260024,15.033296378372908,19.235384061671343,21.37755832643195,19.1049731745428,13.0,16.1245154965971,14.7648230602334,8.06225774829855,4.242640687119285
147.27525250360293,24.0,5.0990195135927845,14.142135623730951,14.422205101855956,19.1049731745428,20.518284528683193,18.601075237738275,17.4928556845359,18.601075237738275,20.12461179749811,19.849433241279208,15.811388300841896,10.770329614269007,11.313708498984761,3.1622776601683795,2.0,3.1622776601683795,6.708203932499369,6.082762530298219,10.63014581273465,12.041594578792296,13.416407864998739,11.40175425099138,11.313708498984761,15.556349186104045,8.94427190999916,0.0,0.0,0.0,0.0,0.0,0.0,0.0,0.0,0.0,0.0,0.0,10.0,8.06225774829855,6.082762530298219,10.0,10.44030650891055,11.180339887498949,7.280109889280518,6.082762530298219,1.4142135623730951,4.47213595499958,7.810249675906654,3.605551275463989,4.123105625617661,10.04987562112089,10.198039027185569,14.035668847618199,14.142135623730951,18.027756377319946,21.0,22.80350850198276,18.0,18.027756377319946,17.029386365926403,19.026297590440446,6.082762530298219,13.416407864998739
147.27525250360293,24.0,16.492422502470642,20.8806130178211,24.166091947189145,27.51363298439521,25.96150997149434,26.248809496813376,20.615528128088304,20.0,17.72004514666935,19.1049731745428,10.295630140987,6.708203932499369,4.0,5.830951894845301,5.0,6.708203932499369,11.0,10.816653826391969,10.198039027185569,16.1245154965971,12.36931687685298,19.1049731745428,17.029386365926403,13.152946437965905,12.649110640673518,0.0,0.0,0.0,0.0,0.0,0.0,0.0,0.0,0.0,0.0,0.0,12.649110640673518,8.94427190999916,9.486832980505138,12.083045973594572,8.06225774829855,9.0,7.0710678118654755,6.082762530298219,4.242640687119285,1.4142135623730951,4.123105625617661,5.0,10.198039027185569,12.041594578792296,12.083045973594572,20.12461179749811,26.0,24.166091947189145,22.825424421026653,23.323807579381203,20.615528128088304,17.204650534085253,18.384776310850235,11.661903789690601,9.219544457292887,5.0990195135927845
147.27525250360293,24.0,17.26267650163207,21.540659228538015,20.12461179749811,27.730849247724095,23.08679276123039,26.0,20.591260281974,17.72004514666935,13.601470508735444,10.04987562112089,9.219544457292887,3.1622776601683795,1.0,2.8284271247461903,9.055385138137417,7.0710678118654755,10.44030650891055,17.46424919657298,13.601470508735444,15.033296378372908,17.72004514666935,13.92838827718412,15.264337522473747,11.180339887498949,12.529964086141668,0.0,0.0,0.0,0.0,0.0,0.0,0.0,0.0,0.0,0.0,0.0,8.246211251235321,11.40175425099138,8.54400374531753,7.211102550927978,8.246211251235321,3.1622776601683795,1.4142135623730951,4.47213595499958,3.605551275463989,1.0,5.385164807134504,10.0,13.892443989449804,14.866068747318506,16.55294535724685,17.804493814764857,20.615528128088304,19.209372712298546,21.470910553583888,17.029386365926403,15.264337522473747,16.278820596099706,14.212670403551895,6.4031242374328485,7.0,4.123105625617661
147.27525250360293,24.0,14.866068747318506,13.416407864998739,24.08318915758459,19.72308292331602,22.627416997969522,18.384776310850235,20.0,16.278820596099706,18.027756377319946,14.212670403551895,13.416407864998739,10.770329614269007,2.23606797749979,3.1622776601683795,7.0710678118654755,8.246211251235321,9.219544457292887,10.295630140987,10.44030650891055,17.46424919657298,9.848857801796104,11.180339887498949,14.317821063276353,14.7648230602334,13.0,0.0,0.0,0.0,0.0,0.0,0.0,0.0,0.0,0.0,0.0,0.0,5.0,5.0,5.0990195135927845,8.0,10.0,9.219544457292887,10.198039027185569,4.123105625617661,2.23606797749979,8.06225774829855,4.242640687119285,9.433981132056603,5.0,15.231546211727817,8.602325267042627,10.44030650891055,15.297058540778355,20.591260281974,16.1245154965971,21.400934559032695,23.323807579381203,16.401219466856727,17.88854381999832,10.0,13.341664064126334,7.615773105863909
147.27525250360293,24.0,7.810249675906654,19.209372712298546,13.45362404707371,19.4164878389476,21.095023109728988,20.808652046684813,16.278820596099706,17.804493814764857,14.142135623730951,19.1049731745428,15.811388300841896,12.727922061357855,10.0,3.0,3.0,6.4031242374328485,10.63014581273465,7.810249675906654,5.830951894845301,13.45362404707371,15.652475842498529,10.295630140987,14.866068747318506,11.180339887498949,9.219544457292887,0.0,0.0,0.0,0.0,0.0,0.0,0.0,0.0,0.0,0.0,0.0,7.615773105863909,10.770329614269007,9.433981132056603,7.280109889280518,7.810249675906654,12.806248474865697,9.848857801796104,9.219544457292887,8.06225774829855,7.280109889280518,6.324555320336759,10.44030650891055,12.083045973594572,9.433981132056603,10.816653826391969,10.816653826391969,16.278820596099706,17.804493814764857,17.69180601295413,19.1049731745428,21.2602916254693,15.620499351813308,17.69180601295413,15.620499351813308,8.602325267042627,17.4928556845359
147.27525250360293,24.0,22.80350850198276,13.0,16.1245154965971,14.317821063276353,20.396078054371138,21.213203435596427,17.029386365926403,21.18962010041709,13.038404810405298,17.08800749063506,9.055385138137417,3.605551275463989,10.295630140987,6.324555320336759,11.40175425099138,4.123105625617661,5.0,7.615773105863909,9.219544457292887,10.63014581273465,13.45362404707371,12.806248474865697,8.48528137423857,8.246211251235321,10.295630140987,0.0,0.0,0.0,0.0,0.0,0.0,0.0,0.0,0.0,0.0,0.0,13.416407864998739,9.486832980505138,9.848857801796104,10.0,16.278820596099706,12.529964086141668,5.0,5.830951894845301,10.0,14.866068747318506,13.92838827718412,9.486832980505138,9.219544457292887,19.0,14.866068747318506,13.601470508735444,13.601470508735444,13.601470508735444,19.1049731745428,15.264337522473747,20.396078054371138,24.041630560342615,21.633307652783937,16.1245154965971,16.15549442140351,13.341664064126334
147.27525250360293,24.0,13.92838827718412,16.401219466856727,14.866068747318506,19.4164878389476,23.600847442411894,17.69180601295413,20.518284528683193,18.439088914585774,27.51363298439521,14.866068747318506,10.770329614269007,13.45362404707371,9.219544457292887,10.816653826391969,8.602325267042627,3.0,10.04987562112089,10.295630140987,12.649110640673518,15.033296378372908,15.132745950421556,15.811388300841896,17.029386365926403,15.811388300841896,10.816653826391969,0.0,0.0,0.0,0.0,0.0,0.0,0.0,0.0,0.0,0.0,0.0,13.45362404707371,12.041594578792296,8.246211251235321,9.219544457292887,12.649110640673518,13.45362404707371,15.524174696260024,10.0,11.40175425099138,13.038404810405298,13.038404810405298,12.206555615733702,8.246211251235321,13.892443989449804,18.027756377319946,22.360679774997898,12.083045973594572,20.09975124224178,21.587033144922902,22.02271554554524,23.021728866442675,25.495097567963924,19.1049731745428,17.0,12.0,20.024984394500787
147.27525250360293,24.0,13.038404810405298,18.601075237738275,25.612496949731394,22.360679774997898,23.769728648009426,26.570660511172846,25.238858928247925,20.248456731316587,18.35755975068582,19.79898987322333,13.416407864998739,7.0710678118654755,4.0,5.0,8.246211251235321,3.605551275463989,10.44030650891055,13.038404810405298,13.416407864998739,12.206555615733702,15.811388300841896,15.264337522473747,11.313708498984761,8.48528137423857,10.816653826391969,0.0,0.0,0.0,0.0,0.0,0.0,0.0,0.0,0.0,0.0,0.0,7.211102550927978,17.08800749063506,10.816653826391969,8.94427190999916,10.816653826391969,13.0,8.246211251235321,10.770329614269007,8.246211251235321,13.152946437965905,7.615773105863909,5.0990195135927845,7.211102550927978,12.529964086141668,10.0,9.486832980505138,20.248456731316587,17.4928556845359,13.45362404707371,22.80350850198276,26.1725046566048,25.612496949731394,21.02379604162864,16.1245154965971,11.40175425099138,13.0
147.27525250360293,24.0,11.704699910719626,14.142135623730951,23.323807579381203,21.213203435596427,25.553864678361276,20.248456731316587,26.419689627245813,18.027756377319946,12.806248474865697,13.601470508735444,11.180339887498949,8.48528137423857,10.0,6.082762530298219,3.1622776601683795,9.055385138137417,7.211102550927978,13.601470508735444,12.041594578792296,14.035668847618199,13.341664064126334,16.1245154965971,13.341664064126334,13.601470508735444,12.36931687685298,0.0,0.0,0.0,0.0,0.0,0.0,0.0,0.0,0.0,0.0,0.0,9.0,14.317821063276353,10.770329614269007,14.866068747318506,8.54400374531753,8.246211251235321,7.0710678118654755,7.810249675906654,1.4142135623730951,5.830951894845301,3.1622776601683795,2.23606797749979,8.54400374531753,10.44030650891055,9.433981132056603,12.041594578792296,18.439088914585774,13.601470508735444,26.570660511172846,22.090722034374522,23.769728648009426,17.88854381999832,17.72004514666935,13.152946437965905,14.035668847618199,6.082762530298219
147.27525250360293,24.0,9.433981132056603,18.867962264113206,15.811388300841896,22.67156809750927,19.849433241279208,19.1049731745428,19.72308292331602,18.439088914585774,18.384776310850235,10.295630140987,11.704699910719626,9.433981132056603,6.708203932499369,2.0,7.810249675906654,3.0,7.280109889280518,12.041594578792296,11.180339887498949,16.1245154965971,12.165525060596439,17.204650534085253,12.165525060596439,13.892443989449804,11.704699910719626,0.0,0.0,0.0,0.0,0.0,0.0,0.0,0.0,0.0,0.0,0.0,9.219544457292887,15.524174696260024,9.055385138137417,10.04987562112089,13.152946437965905,5.0990195135927845,12.083045973594572,9.0,7.615773105863909,2.8284271247461903,2.0,5.0,7.615773105863909,8.48528137423857,9.848857801796104,15.556349186104045,19.79898987322333,12.806248474865697,15.231546211727817,19.6468827043885,17.0,18.439088914585774,19.313207915827967,14.866068747318506,8.602325267042627,5.830951894845301
64.0,4.0,10.295630140987,14.0,15.132745950421556,15.132745950421556,20.396078054371138,22.20360331117452,18.110770276274835,18.24828759089466,17.72004514666935,17.029386365926403,17.46424919657298,11.0,7.810249675906654,3.605551275463989,4.0,6.708203932499369,3.0,10.198039027185569,6.324555320336759,10.770329614269007,12.649110640673518,16.492422502470642,12.529964086141668,9.486832980505138,9.486832980505138,0.0,0.0,0.0,0.0,0.0,0.0,0.0,0.0,0.0,0.0,0.0,6.4031242374328485,8.602325267042627,7.0710678118654755,9.433981132056603,7.211102550927978,11.40175425099138,6.4031242374328485,8.246211251235321,5.0,7.615773105863909,3.1622776601683795,3.1622776601683795,6.708203932499369,6.708203932499369,6.324555320336759,7.211102550927978,13.152946437965905,18.027756377319946,14.0,17.08800749063506,21.37755832643195,19.6468827043885,19.6468827043885,17.08800749063506,15.811388300841896,8.246211251235321
147.27525250360293,24.0,4.123105625617661,14.142135623730951,14.035668847618199,18.0,19.4164878389476,22.090722034374522,16.15549442140351,17.11724276862369,14.560219778561036,12.0,8.06225774829855,10.770329614269007,3.0,2.23606797749979,4.123105625617661,6.0,7.280109889280518,6.708203932499369,6.082762530298219,11.40175425099138,11.40175425099138,12.529964086141668,10.0,12.165525060596439,6.4031242374328485,0.0,0.0,0.0,0.0,0.0,0.0,0.0,0.0,0.0,0.0,0.0,7.211102550927978,6.4031242374328485,6.708203932499369,6.708203932499369,7.211102550927978,6.708203932499369,4.242640687119285,7.211102550927978,5.830951894845301,4.123105625617661,1.4142135623730951,0.0,9.219544457292887,6.324555320336759,13.038404810405298,12.0,20.396078054371138,13.152946437965905,17.0,18.027756377319946,11.045361017187261,17.11724276862369,14.142135623730951,15.297058540778355,10.0,5.0
147.27525250360293,24.0,3.1622776601683795,4.47213595499958,5.0,15.0,15.231546211727817,18.384776310850235,13.92838827718412,17.08800749063506,19.235384061671343,17.88854381999832,13.0,10.295630140987,6.4031242374328485,11.704699910719626,4.123105625617661,6.4031242374328485,3.605551275463989,4.123105625617661,1.0,4.0,12.041594578792296,8.0,11.180339887498949,10.0,15.033296378372908,0.0,0.0,0.0,0.0,0.0,0.0,0.0,0.0,0.0,0.0,0.0,4.47213595499958,11.40175425099138,6.324555320336759,10.198039027185569,5.0,8.94427190999916,10.04987562112089,9.219544457292887,9.219544457292887,9.486832980505138,3.0,8.246211251235321,2.8284271247461903,1.4142135623730951,4.123105625617661,7.810249675906654,10.04987562112089,9.0,18.681541692269406,14.866068747318506,24.020824298928627,20.024984394500787,20.09975124224178,19.1049731745428,17.11724276862369,15.524174696260024
147.27525250360293,24.0,5.0,2.23606797749979,6.4031242374328485,10.0,17.26267650163207,17.08800749063506,19.313207915827967,18.384776310850235,12.529964086141668,18.384776310850235,21.633307652783937,12.206555615733702,11.661903789690601,6.324555320336759,3.1622776601683795,4.0,3.1622776601683795,1.0,6.4031242374328485,8.0,7.810249675906654,11.180339887498949,9.219544457292887,10.0,11.045361017187261,0.0,0.0,0.0,0.0,0.0,0.0,0.0,0.0,0.0,0.0,0.0,4.123105625617661,6.0,9.848857801796104,12.649110640673518,10.44030650891055,12.529964086141668,10.770329614269007,11.180339887498949,8.246211251235321,10.770329614269007,9.219544457292887,6.4031242374328485,4.0,7.615773105863909,2.23606797749979,8.602325267042627,8.06225774829855,15.132745950421556,13.152946437965905,18.973665961010276,22.80350850198276,18.24828759089466,20.09975124224178,20.12461179749811,19.697715603592208,11.40175425099138
147.27525250360293,24.0,12.165525060596439,15.132745950421556,17.0,13.892443989449804,24.186773244895647,22.47220505424423,25.0,18.867962264113206,16.15549442140351,17.204650534085253,13.152946437965905,12.041594578792296,5.0,2.0,5.0,7.0710678118654755,5.385164807134504,13.601470508735444,11.704699910719626,13.0,15.556349186104045,13.416407864998739,12.041594578792296,17.804493814764857,8.94427190999916,0.0,0.0,0.0,0.0,0.0,0.0,0.0,0.0,0.0,0.0,0.0,8.54400374531753,8.94427190999916,10.0,11.180339887498949,4.47213595499958,9.055385138137417,7.0710678118654755,11.045361017187261,1.0,5.656854249492381,2.0,2.8284271247461903,1.0,6.708203932499369,11.045361017187261,14.317821063276353,14.866068747318506,18.384776310850235,18.867962264113206,19.72308292331602,20.248456731316587,21.2602916254693,23.53720459187964,13.341664064126334,14.212670403551895,12.041594578792296
147.27525250360293,24.0,3.605551275463989,12.165525060596439,9.0,15.524174696260024,19.4164878389476,24.73863375370596,15.132745950421556,13.152946437965905,23.0,16.1245154965971,19.0,13.038404810405298,7.0710678118654755,3.1622776601683795,3.0,3.0,4.0,5.656854249492381,8.246211251235321,11.704699910719626,11.0,9.486832980505138,15.524174696260024,10.44030650891055,9.219544457292887,0.0,0.0,0.0,0.0,0.0,0.0,0.0,0.0,0.0,0.0,0.0,10.295630140987,4.123105625617661,13.601470508735444,8.0,10.0,10.0,8.94427190999916,6.708203932499369,6.082762530298219,5.0,3.1622776601683795,7.0710678118654755,1.0,1.0,10.44030650891055,6.324555320336759,14.7648230602334,14.866068747318506,19.235384061671343,17.804493814764857,24.20743687382041,24.839484696748443,18.384776310850235,18.439088914585774,20.0,14.560219778561036
147.27525250360293,24.0,6.324555320336759,13.416407864998739,14.422205101855956,17.0,19.697715603592208,15.231546211727817,16.492422502470642,20.8806130178211,16.76305461424021,15.132745950421556,14.142135623730951,7.280109889280518,10.44030650891055,7.0710678118654755,5.0990195135927845,5.385164807134504,7.615773105863909,8.246211251235321,11.40175425099138,7.0,11.180339887498949,14.7648230602334,12.649110640673518,12.36931687685298,15.297058540778355,0.0,0.0,0.0,0.0,0.0,0.0,0.0,0.0,0.0,0.0,0.0,8.246211251235321,8.54400374531753,6.0,11.40175425099138,11.180339887498949,10.770329614269007,12.165525060596439,9.219544457292887,14.035668847618199,7.0710678118654755,9.486832980505138,5.0,3.1622776601683795,7.211102550927978,10.198039027185569,7.211102550927978,13.416407864998739,14.560219778561036,14.317821063276353,17.08800749063506,20.12461179749811,23.08679276123039,18.027756377319946,16.76305461424021,15.524174696260024,11.045361017187261
147.27525250360293,24.0,9.219544457292887,15.652475842498529,18.35755975068582,15.231546211727817,19.4164878389476,24.413111231467404,19.849433241279208,15.811388300841896,22.80350850198276,10.816653826391969,17.804493814764857,8.06225774829855,6.082762530298219,6.082762530298219,3.605551275463989,6.4031242374328485,5.656854249492381,8.246211251235321,11.40175425099138,9.486832980505138,11.704699910719626,13.038404810405298,15.0,12.083045973594572,13.0,0.0,0.0,0.0,0.0,0.0,0.0,0.0,0.0,0.0,0.0,0.0,5.830951894845301,11.313708498984761,7.211102550927978,7.810249675906654,13.601470508735444,10.0,9.433981132056603,13.45362404707371,7.0710678118654755,7.810249675906654,5.0990195135927845,9.055385138137417,9.899494936611665,8.246211251235321,7.615773105863909,14.0,9.486832980505138,18.027756377319946,21.633307652783937,25.298221281347036,21.540659228538015,21.095023109728988,25.495097567963924,17.204650534085253,13.892443989449804,13.601470508735444
147.27525250360293,24.0,5.0990195135927845,5.830951894845301,12.206555615733702,10.44030650891055,14.317821063276353,18.973665961010276,16.1245154965971,21.18962010041709,22.847319317591726,19.026297590440446,16.492422502470642,11.704699910719626,10.198039027185569,9.055385138137417,1.0,1.0,2.23606797749979,1.4142135623730951,1.4142135623730951,9.848857801796104,10.04987562112089,10.0,11.180339887498949,7.0,11.180339887498949,0.0,0.0,0.0,0.0,0.0,0.0,0.0,0.0,0.0,0.0,0.0,8.94427190999916,9.848857801796104,8.06225774829855,13.0,12.041594578792296,12.083045973594572,11.180339887498949,10.63014581273465,13.0,10.04987562112089,7.0,8.246211251235321,6.082762530298219,4.47213595499958,5.385164807134504,10.295630140987,8.246211251235321,18.027756377319946,16.401219466856727,23.259406699226016,24.839484696748443,26.627053911388696,22.47220505424423,22.80350850198276,18.027756377319946,15.620499351813308
147.27525250360293,24.0,5.830951894845301,5.0,11.180339887498949,13.601470508735444,18.973665961010276,23.345235059857504,19.697715603592208,20.223748416156685,24.020824298928627,21.213203435596427,15.524174696260024,13.038404810405298,9.0,10.198039027185569,4.242640687119285,3.605551275463989,6.708203932499369,9.055385138137417,7.0,13.0,14.317821063276353,12.041594578792296,13.416407864998739,18.788294228055936,13.038404810405298,0.0,0.0,0.0,0.0,0.0,0.0,0.0,0.0,0.0,0.0,0.0,10.816653826391969,10.63014581273465,9.899494936611665,8.246211251235321,7.615773105863909,9.848857801796104,13.892443989449804,10.04987562112089,13.416407864998739,9.486832980505138,5.0990195135927845,11.313708498984761,16.0,2.23606797749979,6.324555320336759,9.0,11.704699910719626,15.811388300841896,23.259406699226016,19.0,22.20360331117452,22.02271554554524,24.73863375370596,21.02379604162864,22.20360331117452,15.033296378372908
147.27525250360293,24.0,11.180339887498949,12.041594578792296,12.206555615733702,19.849433241279208,22.20360331117452,21.213203435596427,22.47220505424423,18.384776310850235,23.430749027719962,16.401219466856727,18.384776310850235,17.204650534085253,8.06225774829855,10.295630140987,8.602325267042627,4.242640687119285,7.615773105863909,10.04987562112089,11.40175425099138,12.041594578792296,10.198039027185569,13.601470508735444,13.0,19.1049731745428,16.1245154965971,0.0,0.0,0.0,0.0,0.0,0.0,0.0,0.0,0.0,0.0,0.0,6.0,8.06225774829855,10.198039027185569,11.180339887498949,12.649110640673518,8.54400374531753,13.152946437965905,13.0,11.661903789690601,9.486832980505138,5.0,6.0,3.1622776601683795,11.40175425099138,9.433981132056603,12.806248474865697,17.804493814764857,12.041594578792296,19.4164878389476,25.238858928247925,24.413111231467404,28.600699292150182,22.02271554554524,21.400934559032695,20.248456731316587,14.212670403551895
64.0,4.0,5.0,5.0990195135927845,10.816653826391969,12.083045973594572,16.401219466856727,15.231546211727817,15.620499351813308,20.591260281974,14.7648230602334,14.317821063276353,20.12461179749811,10.198039027185569,9.219544457292887,6.4031242374328485,7.615773105863909,5.0990195135927845,2.23606797749979,4.0,9.055385138137417,4.47213595499958,12.0,12.165525060596439,12.041594578792296,8.246211251235321,6.324555320336759,0.0,0.0,0.0,0.0,0.0,0.0,0.0,0.0,0.0,0.0,0.0,5.830951894845301,5.0,10.770329614269007,6.324555320336759,12.649110640673518,7.615773105863909,7.211102550927978,10.0,14.866068747318506,9.219544457292887,6.708203932499369,2.0,7.0710678118654755,8.06225774829855,5.0,5.0,10.816653826391969,15.620499351813308,13.038404810405298,19.4164878389476,21.400934559032695,21.400934559032695,19.209372712298546,14.866068747318506,17.029386365926403,12.806248474865697
147.27525250360293,24.0,13.892443989449804,15.0,10.0,13.45362404707371,14.317821063276353,18.384776310850235,18.973665961010276,13.601470508735444,18.867962264113206,17.029386365926403,14.142135623730951,19.849433241279208,14.212670403551895,12.727922061357855,7.211102550927978,5.0,10.816653826391969,8.602325267042627,8.602325267042627,8.94427190999916,8.602325267042627,11.313708498984761,11.40175425099138,10.0,14.317821063276353,0.0,0.0,0.0,0.0,0.0,0.0,0.0,0.0,0.0,0.0,0.0,10.816653826391969,7.0710678118654755,8.54400374531753,7.810249675906654,6.4031242374328485,10.63014581273465,9.848857801796104,12.206555615733702,17.72004514666935,16.64331697709324,19.235384061671343,13.601470508735444,18.439088914585774,13.0,13.0,10.04987562112089,10.44030650891055,11.661903789690601,19.4164878389476,20.518284528683193,21.18962010041709,23.259406699226016,25.079872407968907,26.076809620810597,22.47220505424423,22.825424421026653
147.27525250360293,24.0,15.811388300841896,15.132745950421556,18.027756377319946,14.0,19.235384061671343,19.1049731745428,24.08318915758459,20.8806130178211,17.029386365926403,16.278820596099706,15.033296378372908,12.36931687685298,9.055385138137417,9.219544457292887,4.0,5.0,5.385164807134504,10.198039027185569,9.219544457292887,12.083045973594572,12.36931687685298,16.55294535724685,10.770329614269007,12.36931687685298,15.0,0.0,0.0,0.0,0.0,0.0,0.0,0.0,0.0,0.0,0.0,0.0,10.198039027185569,12.041594578792296,9.433981132056603,13.601470508735444,15.231546211727817,14.317821063276353,15.811388300841896,8.06225774829855,11.180339887498949,9.899494936611665,6.4031242374328485,7.615773105863909,13.038404810405298,9.055385138137417,11.704699910719626,13.341664064126334,17.029386365926403,20.024984394500787,22.02271554554524,22.02271554554524,23.021728866442675,23.53720459187964,19.1049731745428,20.09975124224178,22.02271554554524,15.132745950421556
147.27525250360293,24.0,6.4031242374328485,14.317821063276353,21.95449840010015,23.600847442411894,19.4164878389476,20.248456731316587,26.248809496813376,21.470910553583888,19.697715603592208,14.212670403551895,12.649110640673518,5.0990195135927845,7.280109889280518,5.830951894845301,3.605551275463989,5.830951894845301,7.615773105863909,13.0,11.661903789690601,10.63014581273465,13.92838827718412,16.1245154965971,14.866068747318506,12.806248474865697,9.219544457292887,0.0,0.0,0.0,0.0,0.0,0.0,0.0,0.0,0.0,0.0,0.0,8.602325267042627,10.295630140987,9.486832980505138,10.63014581273465,10.44030650891055,9.433981132056603,11.661903789690601,6.324555320336759,8.06225774829855,5.0990195135927845,5.830951894845301,5.385164807134504,9.433981132056603,7.211102550927978,10.63014581273465,18.439088914585774,14.212670403551895,20.518284528683193,22.02271554554524,20.248456731316587,18.601075237738275,22.47220505424423,22.02271554554524,16.64331697709324,16.64331697709324,10.770329614269007
147.27525250360293,24.0,6.324555320336759,19.235384061671343,17.46424919657298,19.313207915827967,23.769728648009426,21.400934559032695,19.235384061671343,18.601075237738275,17.46424919657298,16.278820596099706,12.806248474865697,8.06225774829855,6.4031242374328485,6.0,1.4142135623730951,5.830951894845301,5.0990195135927845,10.04987562112089,11.704699910719626,12.165525060596439,17.029386365926403,11.180339887498949,13.038404810405298,13.152946437965905,11.180339887498949,0.0,0.0,0.0,0.0,0.0,0.0,0.0,0.0,0.0,0.0,0.0,6.4031242374328485,8.48528137423857,4.47213595499958,6.4031242374328485,6.708203932499369,10.816653826391969,9.433981132056603,6.708203932499369,5.830951894845301,4.123105625617661,5.0,3.605551275463989,1.4142135623730951,3.605551275463989,13.416407864998739,7.810249675906654,16.76305461424021,18.027756377319946,18.788294228055936,17.46424919657298,19.235384061671343,17.72004514666935,14.422205101855956,24.698178070456937,10.63014581273465,6.082762530298219
147.27525250360293,24.0,3.1622776601683795,3.605551275463989,14.866068747318506,16.1245154965971,16.64331697709324,18.973665961010276,20.12461179749811,20.615528128088304,19.4164878389476,16.64331697709324,12.529964086141668,9.486832980505138,6.082762530298219,8.06225774829855,5.385164807134504,4.123105625617661,7.615773105863909,5.656854249492381,5.830951894845301,11.313708498984761,13.601470508735444,15.0,14.212670403551895,10.770329614269007,10.63014581273465,0.0,0.0,0.0,0.0,0.0,0.0,0.0,0.0,0.0,0.0,0.0,6.0,5.656854249492381,8.06225774829855,11.40175425099138,7.280109889280518,12.165525060596439,8.94427190999916,7.211102550927978,11.661903789690601,9.433981132056603,9.055385138137417,6.082762530298219,2.23606797749979,3.0,5.0990195135927845,12.529964086141668,11.180339887498949,17.029386365926403,19.849433241279208,18.867962264113206,16.278820596099706,22.02271554554524,20.808652046684813,19.72308292331602,19.1049731745428,16.97056274847714
147.27525250360293,24.0,2.23606797749979,9.848857801796104,12.206555615733702,8.48528137423857,18.35755975068582,13.892443989449804,13.601470508735444,19.849433241279208,17.029386365926403,19.849433241279208,16.278820596099706,12.041594578792296,7.0710678118654755,4.47213595499958,1.4142135623730951,4.0,3.1622776601683795,8.06225774829855,10.770329614269007,7.0710678118654755,11.40175425099138,13.341664064126334,10.198039027185569,15.132745950421556,11.045361017187261,0.0,0.0,0.0,0.0,0.0,0.0,0.0,0.0,0.0,0.0,0.0,7.0710678118654755,6.0,8.0,8.54400374531753,8.246211251235321,9.486832980505138,8.54400374531753,9.0,8.54400374531753,7.0710678118654755,11.180339887498949,1.4142135623730951,6.324555320336759,0.0,7.0710678118654755,8.54400374531753,12.165525060596439,17.204650534085253,23.600847442411894,20.591260281974,18.027756377319946,25.553864678361276,21.95449840010015,22.20360331117452,18.027756377319946,18.35755975068582
64.0,4.0,7.280109889280518,12.206555615733702,10.770329614269007,20.248456731316587,21.18962010041709,21.02379604162864,16.492422502470642,24.698178070456937,17.88854381999832,13.038404810405298,18.110770276274835,7.280109889280518,6.082762530298219,2.23606797749979,4.0,6.0,7.0,11.40175425099138,7.280109889280518,17.029386365926403,8.06225774829855,13.341664064126334,13.341664064126334,10.198039027185569,10.0,0.0,0.0,0.0,0.0,0.0,0.0,0.0,0.0,0.0,0.0,0.0,7.280109889280518,10.295630140987,9.0,7.280109889280518,10.63014581273465,12.083045973594572,11.40175425099138,8.06225774829855,2.23606797749979,5.385164807134504,2.23606797749979,1.0,5.0,4.47213595499958,9.055385138137417,13.152946437965905,17.08800749063506,19.72308292331602,16.64331697709324,18.027756377319946,20.248456731316587,22.360679774997898,18.027756377319946,13.892443989449804,10.816653826391969,8.54400374531753
147.27525250360293,24.0,5.385164807134504,7.615773105863909,15.132745950421556,10.198039027185569,13.038404810405298,15.033296378372908,14.142135623730951,20.615528128088304,13.152946437965905,18.110770276274835,15.297058540778355,10.198039027185569,3.1622776601683795,5.830951894845301,2.8284271247461903,1.0,5.656854249492381,6.708203932499369,12.083045973594572,12.806248474865697,9.486832980505138,11.704699910719626,13.038404810405298,13.341664064126334,12.727922061357855,0.0,0.0,0.0,0.0,0.0,0.0,0.0,0.0,0.0,0.0,0.0,8.246211251235321,10.198039027185569,7.810249675906654,9.055385138137417,6.324555320336759,10.04987562112089,9.219544457292887,10.63014581273465,14.560219778561036,9.433981132056603,8.246211251235321,8.94427190999916,2.8284271247461903,3.605551275463989,5.0,11.0,15.033296378372908,16.0,19.1049731745428,19.1049731745428,18.788294228055936,18.027756377319946,23.345235059857504,17.88854381999832,15.132745950421556,15.524174696260024
147.27525250360293,24.0,4.0,6.082762530298219,8.06225774829855,16.278820596099706,19.026297590440446,20.09975124224178,20.248456731316587,17.46424919657298,16.15549442140351,19.0,19.026297590440446,20.0,7.0710678118654755,7.615773105863909,2.8284271247461903,5.0,8.06225774829855,6.324555320336759,4.123105625617661,9.486832980505138,13.038404810405298,13.0,9.055385138137417,10.04987562112089,9.0,0.0,0.0,0.0,0.0,0.0,0.0,0.0,0.0,0.0,0.0,0.0,8.48528137423857,8.602325267042627,7.0710678118654755,11.704699910719626,6.4031242374328485,9.433981132056603,13.601470508735444,14.866068747318506,7.615773105863909,8.54400374531753,12.36931687685298,10.0,4.47213595499958,9.899494936611665,8.06225774829855,7.0,13.152946437965905,11.704699910719626,16.1245154965971,20.808652046684813,21.18962010041709,21.95449840010015,17.204650534085253,22.67156809750927,12.529964086141668,14.142135623730951
147.27525250360293,24.0,7.280109889280518,11.180339887498949,12.041594578792296,13.0,22.360679774997898,22.360679774997898,23.53720459187964,20.09975124224178,17.029386365926403,12.165525060596439,13.601470508735444,10.44030650891055,6.082762530298219,7.615773105863909,6.4031242374328485,5.0990195135927845,6.324555320336759,6.082762530298219,5.0990195135927845,11.704699910719626,13.038404810405298,8.246211251235321,12.041594578792296,10.0,9.848857801796104,0.0,0.0,0.0,0.0,0.0,0.0,0.0,0.0,0.0,0.0,0.0,6.708203932499369,7.0,7.615773105863909,10.198039027185569,10.198039027185569,11.40175425099138,8.246211251235321,11.40175425099138,10.63014581273465,5.830951894845301,10.0,10.770329614269007,0.0,4.47213595499958,8.246211251235321,11.045361017187261,13.152946437965905,15.033296378372908,17.029386365926403,19.697715603592208,17.46424919657298,15.297058540778355,21.095023109728988,18.110770276274835,17.029386365926403,13.0
147.27525250360293,24.0,4.47213595499958,15.231546211727817,17.204650534085253,20.808652046684813,19.235384061671343,17.0,18.973665961010276,17.204650534085253,15.811388300841896,16.64331697709324,14.866068747318506,8.602325267042627,2.23606797749979,4.242640687119285,5.0,4.242640687119285,9.433981132056603,9.486832980505138,12.165525060596439,9.219544457292887,10.198039027185569,13.341664064126334,13.152946437965905,11.0,13.601470508735444,0.0,0.0,0.0,0.0,0.0,0.0,0.0,0.0,0.0,0.0,0.0,8.94427190999916,8.602325267042627,11.180339887498949,10.816653826391969,10.770329614269007,9.486832980505138,4.123105625617661,11.180339887498949,5.0990195135927845,5.385164807134504,7.615773105863909,6.0,5.656854249492381,10.04987562112089,13.038404810405298,13.0,15.0,21.02379604162864,18.24828759089466,20.09975124224178,17.029386365926403,16.0312195418814,18.439088914585774,9.486832980505138,8.06225774829855,7.211102550927978
147.27525250360293,24.0,11.40175425099138,16.278820596099706,19.0,13.038404810405298,16.492422502470642,19.697715603592208,22.360679774997898,21.02379604162864,18.027756377319946,11.661903789690601,15.264337522473747,9.848857801796104,12.727922061357855,8.06225774829855,2.23606797749979,5.385164807134504,5.385164807134504,12.083045973594572,12.206555615733702,8.602325267042627,11.313708498984761,16.1245154965971,15.132745950421556,9.055385138137417,11.180339887498949,0.0,0.0,0.0,0.0,0.0,0.0,0.0,0.0,0.0,0.0,0.0,6.4031242374328485,7.615773105863909,9.899494936611665,6.4031242374328485,9.219544457292887,8.602325267042627,8.94427190999916,8.602325267042627,11.40175425099138,6.082762530298219,7.0710678118654755,6.324555320336759,8.246211251235321,7.615773105863909,12.041594578792296,8.0,12.0,15.132745950421556,21.02379604162864,18.439088914585774,16.0312195418814,19.026297590440446,15.524174696260024,11.40175425099138,17.0,13.0
147.27525250360293,24.0,8.06225774829855,11.40175425099138,12.36931687685298,18.973665961010276,14.317821063276353,18.973665961010276,26.832815729997478,14.035668847618199,18.973665961010276,17.26267650163207,13.152946437965905,10.44030650891055,9.486832980505138,6.324555320336759,4.47213595499958,3.1622776601683795,10.63014581273465,7.0710678118654755,8.48528137423857,9.848857801796104,13.45362404707371,8.54400374531753,13.45362404707371,13.0,13.892443989449804,0.0,0.0,0.0,0.0,0.0,0.0,0.0,0.0,0.0,0.0,0.0,7.0710678118654755,8.48528137423857,10.0,6.4031242374328485,15.652475842498529,7.810249675906654,9.848857801796104,9.433981132056603,11.661903789690601,10.44030650891055,12.36931687685298,4.242640687119285,6.324555320336759,8.54400374531753,10.295630140987,12.649110640673518,12.727922061357855,17.08800749063506,20.8806130178211,23.259406699226016,21.540659228538015,22.80350850198276,17.46424919657298,19.4164878389476,10.816653826391969,15.811388300841896
147.27525250360293,24.0,2.0,7.0710678118654755,11.180339887498949,14.560219778561036,15.297058540778355,15.652475842498529,20.518284528683193,18.027756377319946,17.88854381999832,18.867962264113206,14.7648230602334,15.297058540778355,9.848857801796104,9.0,11.180339887498949,3.1622776601683795,2.0,6.324555320336759,7.0710678118654755,11.704699910719626,9.0,8.94427190999916,15.524174696260024,13.038404810405298,12.041594578792296,0.0,0.0,0.0,0.0,0.0,0.0,0.0,0.0,0.0,0.0,0.0,6.324555320336759,8.54400374531753,9.848857801796104,13.892443989449804,9.433981132056603,15.652475842498529,12.206555615733702,10.770329614269007,12.206555615733702,6.4031242374328485,6.324555320336759,4.123105625617661,6.0,2.23606797749979,6.324555320336759,12.0,20.0,16.0312195418814,21.02379604162864,22.0,28.071337695236398,30.265491900843113,27.0,24.020824298928627,21.02379604162864,16.1245154965971
147.27525250360293,24.0,6.082762530298219,2.0,7.280109889280518,7.280109889280518,17.72004514666935,17.11724276862369,21.095023109728988,18.027756377319946,19.6468827043885,18.681541692269406,23.08679276123039,16.1245154965971,7.280109889280518,7.0,2.0,3.1622776601683795,1.0,5.0,5.0,10.816653826391969,13.601470508735444,13.416407864998739,11.180339887498949,13.0,10.198039027185569,0.0,0.0,0.0,0.0,0.0,0.0,0.0,0.0,0.0,0.0,0.0,8.602325267042627,3.1622776601683795,3.605551275463989,10.0,9.219544457292887,12.649110640673518,13.601470508735444,9.486832980505138,12.36931687685298,14.866068747318506,8.54400374531753,7.280109889280518,4.47213595499958,6.082762530298219,5.0990195135927845,5.0990195135927845,10.295630140987,17.46424919657298,13.601470508735444,21.540659228538015,22.80350850198276,21.02379604162864,26.68332812825267,22.561028345356956,19.235384061671343,16.15549442140351
147.27525250360293,24.0,11.40175425099138,14.866068747318506,17.029386365926403,27.018512172212592,21.095023109728988,19.79898987322333,19.209372712298546,22.627416997969522,13.038404810405298,17.0,11.661903789690601,9.219544457292887,7.211102550927978,5.385164807134504,3.605551275463989,4.47213595499958,2.8284271247461903,6.082762530298219,8.246211251235321,11.704699910719626,9.219544457292887,12.206555615733702,12.649110640673518,7.0710678118654755,12.36931687685298,0.0,0.0,0.0,0.0,0.0,0.0,0.0,0.0,0.0,0.0,0.0,14.035668847618199,6.082762530298219,11.045361017187261,14.866068747318506,12.041594578792296,10.198039027185569,6.4031242374328485,12.649110640673518,8.54400374531753,9.219544457292887,11.180339887498949,3.0,7.280109889280518,8.246211251235321,2.23606797749979,14.317821063276353,19.697715603592208,14.422205101855956,25.0,21.213203435596427,24.08318915758459,22.67156809750927,16.278820596099706,16.1245154965971,16.401219466856727,5.0990195135927845
147.27525250360293,24.0,2.0,1.4142135623730951,6.708203932499369,13.038404810405298,14.212670403551895,14.035668847618199,15.524174696260024,20.396078054371138,18.384776310850235,20.396078054371138,19.1049731745428,9.055385138137417,11.180339887498949,8.0,7.615773105863909,2.23606797749979,2.0,1.4142135623730951,6.4031242374328485,8.06225774829855,10.295630140987,9.219544457292887,10.63014581273465,10.295630140987,15.0,0.0,0.0,0.0,0.0,0.0,0.0,0.0,0.0,0.0,0.0,0.0,3.605551275463989,5.0,10.198039027185569,10.44030650891055,10.0,14.142135623730951,10.295630140987,10.295630140987,12.806248474865697,8.06225774829855,5.830951894845301,9.055385138137417,4.242640687119285,5.385164807134504,6.082762530298219,5.830951894845301,10.816653826391969,14.7648230602334,10.816653826391969,16.492422502470642,24.20743687382041,21.470910553583888,25.942243542145693,21.18962010041709,21.18962010041709,13.892443989449804
147.27525250360293,24.0,4.47213595499958,7.0,5.0,14.035668847618199,13.152946437965905,21.587033144922902,18.24828759089466,17.72004514666935,20.024984394500787,21.587033144922902,16.76305461424021,9.219544457292887,11.180339887498949,9.0,4.47213595499958,2.0,4.47213595499958,2.0,4.0,12.041594578792296,12.649110640673518,14.212670403551895,12.206555615733702,13.038404810405298,13.45362404707371,0.0,0.0,0.0,0.0,0.0,0.0,0.0,0.0,0.0,0.0,0.0,4.123105625617661,10.198039027185569,7.280109889280518,6.4031242374328485,11.704699910719626,13.152946437965905,11.180339887498949,13.152946437965905,12.529964086141668,11.40175425099138,15.297058540778355,7.0710678118654755,8.06225774829855,4.47213595499958,2.8284271247461903,7.280109889280518,12.529964086141668,11.313708498984761,20.518284528683193,20.808652046684813,22.20360331117452,22.20360331117452,25.0,27.018512172212592,19.4164878389476,22.20360331117452
147.27525250360293,24.0,4.123105625617661,3.1622776601683795,7.0710678118654755,13.152946437965905,16.401219466856727,14.317821063276353,13.038404810405298,16.0312195418814,16.1245154965971,17.029386365926403,18.110770276274835,12.0,15.0,7.0,10.198039027185569,5.0990195135927845,4.47213595499958,3.1622776601683795,4.123105625617661,5.0,7.280109889280518,9.848857801796104,11.40175425099138,10.44030650891055,13.038404810405298,0.0,0.0,0.0,0.0,0.0,0.0,0.0,0.0,0.0,0.0,0.0,6.082762530298219,6.324555320336759,7.0,11.180339887498949,11.40175425099138,12.083045973594572,14.142135623730951,11.180339887498949,12.083045973594572,10.63014581273465,8.94427190999916,8.06225774829855,10.770329614269007,3.605551275463989,5.385164807134504,5.0,9.486832980505138,10.816653826391969,16.97056274847714,15.231546211727817,24.08318915758459,18.384776310850235,24.698178070456937,24.20743687382041,26.90724809414742,23.345235059857504
147.27525250360293,24.0,2.23606797749979,3.1622776601683795,5.656854249492381,11.180339887498949,16.76305461424021,14.317821063276353,16.15549442140351,24.596747752497688,18.384776310850235,18.35755975068582,15.524174696260024,13.892443989449804,18.973665961010276,12.041594578792296,7.615773105863909,2.23606797749979,2.23606797749979,5.0990195135927845,9.899494936611665,9.433981132056603,10.0,12.36931687685298,9.486832980505138,11.180339887498949,9.0,0.0,0.0,0.0,0.0,0.0,0.0,0.0,0.0,0.0,0.0,0.0,1.4142135623730951,6.082762530298219,8.06225774829855,9.055385138137417,8.06225774829855,18.027756377319946,13.601470508735444,16.0312195418814,12.165525060596439,15.297058540778355,9.219544457292887,5.0,5.0,2.23606797749979,1.4142135623730951,7.615773105863909,7.0,14.0,19.235384061671343,18.24828759089466,24.0,29.614185789921695,31.064449134018133,23.194827009486403,18.110770276274835,22.561028345356956
147.27525250360293,24.0,10.198039027185569,16.76305461424021,12.529964086141668,17.11724276862369,25.179356624028344,20.396078054371138,21.18962010041709,21.587033144922902,20.396078054371138,18.24828759089466,15.132745950421556,10.770329614269007,12.36931687685298,8.06225774829855,1.0,1.0,4.242640687119285,4.47213595499958,7.0,10.295630140987,11.661903789690601,8.602325267042627,10.63014581273465,13.038404810405298,6.708203932499369,0.0,0.0,0.0,0.0,0.0,0.0,0.0,0.0,0.0,0.0,0.0,8.246211251235321,13.038404810405298,9.486832980505138,9.0,9.0,9.219544457292887,13.341664064126334,9.055385138137417,3.605551275463989,8.246211251235321,6.4031242374328485,9.899494936611665,3.1622776601683795,8.94427190999916,11.40175425099138,10.295630140987,20.248456731316587,17.4928556845359,18.027756377319946,20.518284528683193,21.95449840010015,28.319604517012593,19.209372712298546,21.633307652783937,19.209372712298546,13.45362404707371
147.27525250360293,24.0,5.0,10.44030650891055,14.142135623730951,12.0,16.492422502470642,19.697715603592208,16.1245154965971,19.6468827043885,17.029386365926403,16.0312195418814,12.649110640673518,11.40175425099138,9.848857801796104,4.242640687119285,3.1622776601683795,3.1622776601683795,4.47213595499958,7.0710678118654755,9.219544457292887,7.0710678118654755,8.06225774829855,15.524174696260024,9.055385138137417,14.317821063276353,10.0,0.0,0.0,0.0,0.0,0.0,0.0,0.0,0.0,0.0,0.0,0.0,6.708203932499369,6.4031242374328485,6.708203932499369,6.708203932499369,6.324555320336759,9.848857801796104,10.816653826391969,6.082762530298219,10.198039027185569,7.280109889280518,7.810249675906654,5.656854249492381,3.1622776601683795,5.0990195135927845,9.433981132056603,14.212670403551895,13.038404810405298,13.92838827718412,19.697715603592208,22.847319317591726,21.02379604162864,21.540659228538015,21.095023109728988,18.601075237738275,15.264337522473747,9.899494936611665
64.0,4.0,8.246211251235321,8.54400374531753,13.601470508735444,12.806248474865697,19.79898987322333,20.591260281974,20.0,21.93171219946131,21.470910553583888,19.1049731745428,17.204650534085253,17.0,13.92838827718412,10.816653826391969,10.44030650891055,4.47213595499958,3.0,5.385164807134504,6.708203932499369,12.041594578792296,13.892443989449804,12.649110640673518,11.704699910719626,14.866068747318506,12.165525060596439,0.0,0.0,0.0,0.0,0.0,0.0,0.0,0.0,0.0,0.0,0.0,8.246211251235321,11.180339887498949,10.44030650891055,12.041594578792296,9.055385138137417,11.661903789690601,14.317821063276353,11.045361017187261,11.180339887498949,13.601470508735444,11.180339887498949,9.055385138137417,9.219544457292887,9.219544457292887,9.0,9.055385138137417,14.142135623730951,12.165525060596439,17.029386365926403,17.11724276862369,23.345235059857504,24.351591323771842,23.0,24.0,22.090722034374522,22.090722034374522
147.27525250360293,24.0,28.30194339616981,27.018512172212592,21.02379604162864,20.615528128088304,19.849433241279208,10.295630140987,2.0,5.830951894845301,2.23606797749979,6.4031242374328485,5.0990195135927845,13.601470508735444,13.601470508735444,19.209372712298546,15.264337522473747,15.620499351813308,16.55294535724685,17.804493814764857,13.416407864998739,9.219544457292887,11.0,8.246211251235321,3.1622776601683795,2.23606797749979,2.0,0.0,0.0,0.0,0.0,0.0,0.0,0.0,0.0,0.0,0.0,0.0,10.816653826391969,7.211102550927978,6.324555320336759,3.1622776601683795,5.0990195135927845,3.605551275463989,5.0,5.385164807134504,12.529964086141668,7.615773105863909,11.704699910719626,16.1245154965971,13.038404810405298,11.704699910719626,14.317821063276353,13.152946437965905,11.045361017187261,10.04987562112089,7.0710678118654755,1.0,3.605551275463989,3.1622776601683795,10.63014581273465,21.02379604162864,21.633307652783937,26.076809620810597
64.0,4.0,30.083217912982647,25.317977802344327,17.11724276862369,15.297058540778355,13.601470508735444,10.0,3.1622776601683795,5.830951894845301,6.324555320336759,11.40175425099138,9.848857801796104,15.811388300841896,15.524174696260024,18.35755975068582,16.401219466856727,13.892443989449804,15.556349186104045,12.041594578792296,11.661903789690601,8.602325267042627,6.4031242374328485,4.47213595499958,4.123105625617661,1.0,2.0,0.0,0.0,0.0,0.0,0.0,0.0,0.0,0.0,0.0,0.0,0.0,7.810249675906654,10.816653826391969,7.211102550927978,4.123105625617661,3.605551275463989,7.615773105863909,7.0,6.0,9.433981132056603,13.601470508735444,12.206555615733702,14.866068747318506,19.313207915827967,15.620499351813308,14.317821063276353,14.7648230602334,15.652475842498529,11.313708498984761,4.0,3.0,3.605551275463989,11.40175425099138,13.038404810405298,13.152946437965905,21.0,24.08318915758459
147.27525250360293,24.0,29.68164415931166,29.410882339705484,18.867962264113206,16.278820596099706,12.206555615733702,9.219544457292887,4.123105625617661,8.06225774829855,4.242640687119285,5.0,8.06225774829855,9.486832980505138,13.601470508735444,13.0,18.601075237738275,19.79898987322333,10.295630140987,14.142135623730951,13.892443989449804,10.816653826391969,5.656854249492381,2.8284271247461903,2.23606797749979,4.47213595499958,2.8284271247461903,0.0,0.0,0.0,0.0,0.0,0.0,0.0,0.0,0.0,0.0,0.0,7.211102550927978,7.810249675906654,8.06225774829855,6.082762530298219,4.47213595499958,5.385164807134504,8.602325267042627,11.180339887498949,9.848857801796104,11.40175425099138,13.45362404707371,12.649110640673518,13.0,14.7648230602334,18.681541692269406,14.142135623730951,17.88854381999832,15.652475842498529,7.615773105863909,6.082762530298219,7.280109889280518,6.4031242374328485,13.0,17.029386365926403,19.1049731745428,26.40075756488817
147.27525250360293,24.0,27.85677655436824,22.02271554554524,16.1245154965971,12.649110640673518,9.433981132056603,6.324555320336759,6.708203932499369,8.48528137423857,6.4031242374328485,8.54400374531753,14.142135623730951,13.892443989449804,13.45362404707371,16.64331697709324,19.1049731745428,16.401219466856727,13.601470508735444,18.027756377319946,10.816653826391969,12.041594578792296,8.06225774829855,6.708203932499369,6.708203932499369,2.23606797749979,2.23606797749979,0.0,0.0,0.0,0.0,0.0,0.0,0.0,0.0,0.0,0.0,0.0,8.246211251235321,6.324555320336759,7.810249675906654,2.23606797749979,5.0,5.0990195135927845,5.385164807134504,8.54400374531753,8.06225774829855,9.848857801796104,10.770329614269007,14.142135623730951,15.033296378372908,11.180339887498949,15.297058540778355,4.0,8.602325267042627,11.180339887498949,6.082762530298219,5.0,12.206555615733702,12.041594578792296,18.110770276274835,21.840329667841555,29.614185789921695,31.78049716414141
147.27525250360293,24.0,27.0,23.194827009486403,20.024984394500787,15.132745950421556,13.038404810405298,12.041594578792296,6.4031242374328485,8.54400374531753,5.0,7.0,18.384776310850235,15.811388300841896,17.08800749063506,16.492422502470642,17.029386365926403,20.0,16.278820596099706,17.0,9.433981132056603,9.219544457292887,6.0,8.54400374531753,4.47213595499958,3.605551275463989,6.4031242374328485,0.0,0.0,0.0,0.0,0.0,0.0,0.0,0.0,0.0,0.0,0.0,8.06225774829855,10.295630140987,8.06225774829855,9.219544457292887,5.830951894845301,6.324555320336759,9.219544457292887,8.246211251235321,7.280109889280518,12.0,13.038404810405298,9.486832980505138,15.033296378372908,10.770329614269007,17.204650534085253,16.1245154965971,10.44030650891055,7.615773105863909,11.40175425099138,6.324555320336759,4.47213595499958,6.082762530298219,14.560219778561036,21.02379604162864,21.213203435596427,24.08318915758459
147.27525250360293,24.0,32.01562118716424,28.442925306655784,27.018512172212592,21.213203435596427,19.4164878389476,18.788294228055936,15.132745950421556,10.770329614269007,9.0,6.082762530298219,10.0,9.0,13.416407864998739,16.0312195418814,15.033296378372908,16.55294535724685,16.76305461424021,18.384776310850235,15.297058540778355,14.317821063276353,14.142135623730951,11.40175425099138,5.385164807134504,8.06225774829855,2.23606797749979,0.0,0.0,0.0,0.0,0.0,0.0,0.0,0.0,0.0,0.0,0.0,11.180339887498949,9.486832980505138,8.06225774829855,8.06225774829855,5.0990195135927845,4.0,3.605551275463989,2.23606797749979,8.94427190999916,6.708203932499369,9.486832980505138,12.206555615733702,13.92838827718412,15.524174696260024,16.492422502470642,18.973665961010276,14.866068747318506,12.041594578792296,14.422205101855956,12.36931687685298,6.082762530298219,2.0,10.770329614269007,11.180339887498949,18.0,17.029386365926403
147.27525250360293,24.0,35.35533905932738,29.410882339705484,20.591260281974,18.788294228055936,17.204650534085253,12.206555615733702,6.708203932499369,4.0,3.605551275463989,6.082762530298219,9.848857801796104,10.63014581273465,12.806248474865697,15.811388300841896,18.867962264113206,12.529964086141668,17.204650534085253,15.556349186104045,14.866068747318506,14.866068747318506,10.63014581273465,6.082762530298219,5.656854249492381,5.0,4.123105625617661,0.0,0.0,0.0,0.0,0.0,0.0,0.0,0.0,0.0,0.0,0.0,5.0,6.324555320336759,6.324555320336759,3.1622776601683795,2.8284271247461903,1.4142135623730951,5.0,8.94427190999916,7.615773105863909,16.76305461424021,14.7648230602334,16.401219466856727,18.027756377319946,21.93171219946131,16.15549442140351,18.24828759089466,13.341664064126334,19.4164878389476,8.602325267042627,5.830951894845301,5.385164807134504,10.0,12.727922061357855,20.808652046684813,20.248456731316587,26.076809620810597
147.27525250360293,24.0,25.079872407968907,25.0,22.825424421026653,17.204650534085253,11.704699910719626,10.0,2.8284271247461903,5.0,3.1622776601683795,9.899494936611665,13.341664064126334,13.45362404707371,14.212670403551895,17.69180601295413,14.7648230602334,18.439088914585774,18.601075237738275,14.317821063276353,12.806248474865697,8.94427190999916,8.48528137423857,6.324555320336759,7.211102550927978,5.0,2.23606797749979,0.0,0.0,0.0,0.0,0.0,0.0,0.0,0.0,0.0,0.0,0.0,2.0,7.0710678118654755,4.47213595499958,2.23606797749979,1.0,5.0,6.4031242374328485,11.40175425099138,13.038404810405298,10.44030650891055,14.866068747318506,10.0,13.0,17.4928556845359,16.15549442140351,10.63014581273465,11.313708498984761,7.810249675906654,6.0,3.605551275463989,7.0710678118654755,10.44030650891055,14.866068747318506,23.706539182259394,26.40075756488817,33.54101966249684
64.0,4.0,24.08318915758459,30.083217912982647,18.384776310850235,15.033296378372908,20.0,17.46424919657298,13.038404810405298,10.04987562112089,6.082762530298219,7.211102550927978,11.40175425099138,9.848857801796104,11.313708498984761,13.45362404707371,14.142135623730951,13.892443989449804,10.816653826391969,14.422205101855956,11.180339887498949,13.45362404707371,16.278820596099706,9.848857801796104,7.211102550927978,7.615773105863909,4.123105625617661,0.0,0.0,0.0,0.0,0.0,0.0,0.0,0.0,0.0,0.0,0.0,10.0,11.180339887498949,7.0,8.06225774829855,7.211102550927978,1.0,4.123105625617661,4.0,4.242640687119285,4.47213595499958,9.219544457292887,18.439088914585774,13.341664064126334,13.0,13.038404810405298,16.55294535724685,18.867962264113206,14.317821063276353,9.486832980505138,12.649110640673518,12.083045973594572,9.219544457292887,4.123105625617661,9.899494936611665,16.55294535724685,10.44030650891055
147.27525250360293,24.0,27.459060435491963,23.259406699226016,26.248809496813376,23.259406699226016,23.259406699226016,15.0,12.36931687685298,6.0,2.23606797749979,2.8284271247461903,2.0,5.0990195135927845,11.313708498984761,13.416407864998739,14.142135623730951,16.64331697709324,17.0,16.1245154965971,18.439088914585774,11.40175425099138,12.806248474865697,14.212670403551895,6.708203932499369,5.656854249492381,2.0,0.0,0.0,0.0,0.0,0.0,0.0,0.0,0.0,0.0,0.0,0.0,9.219544457292887,6.708203932499369,13.416407864998739,6.708203932499369,3.1622776601683795,3.605551275463989,3.1622776601683795,5.385164807134504,10.198039027185569,11.045361017187261,10.198039027185569,16.76305461424021,16.278820596099706,22.0,18.35755975068582,17.11724276862369,17.029386365926403,18.867962264113206,15.811388300841896,12.806248474865697,6.082762530298219,7.810249675906654,2.23606797749979,5.0,13.341664064126334,21.18962010041709
147.27525250360293,24.0,32.7566787083184,26.832815729997478,22.20360331117452,26.92582403567252,14.7648230602334,14.866068747318506,9.486832980505138,10.63014581273465,7.0710678118654755,4.47213595499958,8.54400374531753,14.142135623730951,12.806248474865697,10.295630140987,18.439088914585774,17.0,18.027756377319946,21.095023109728988,13.038404810405298,13.341664064126334,11.661903789690601,9.219544457292887,12.041594578792296,3.605551275463989,5.830951894845301,0.0,0.0,0.0,0.0,0.0,0.0,0.0,0.0,0.0,0.0,0.0,8.54400374531753,7.280109889280518,5.830951894845301,6.4031242374328485,7.280109889280518,8.602325267042627,8.06225774829855,6.082762530298219,10.04987562112089,10.0,11.180339887498949,14.317821063276353,12.041594578792296,18.027756377319946,18.24828759089466,22.561028345356956,16.278820596099706,17.11724276862369,17.72004514666935,12.649110640673518,5.0,3.1622776601683795,13.341664064126334,8.06225774829855,16.76305461424021,24.186773244895647
147.27525250360293,24.0,27.730849247724095,20.591260281974,26.419689627245813,14.866068747318506,13.892443989449804,14.212670403551895,12.206555615733702,4.123105625617661,4.47213595499958,5.656854249492381,12.041594578792296,10.198039027185569,13.038404810405298,13.0,9.433981132056603,12.727922061357855,14.212670403551895,14.866068747318506,13.92838827718412,12.649110640673518,7.211102550927978,6.0,5.656854249492381,4.0,9.219544457292887,0.0,0.0,0.0,0.0,0.0,0.0,0.0,0.0,0.0,0.0,0.0,6.082762530298219,4.242640687119285,9.219544457292887,3.1622776601683795,4.242640687119285,5.0,9.848857801796104,8.54400374531753,12.649110640673518,7.810249675906654,7.0710678118654755,14.317821063276353,11.180339887498949,14.560219778561036,13.601470508735444,17.46424919657298,12.083045973594572,13.152946437965905,9.0,6.324555320336759,11.180339887498949,8.54400374531753,10.295630140987,17.46424919657298,23.021728866442675,27.018512172212592
147.27525250360293,24.0,29.120439557122072,21.587033144922902,24.351591323771842,20.615528128088304,14.7648230602334,13.341664064126334,9.219544457292887,5.830951894845301,4.47213595499958,3.605551275463989,8.48528137423857,11.40175425099138,11.180339887498949,11.180339887498949,11.661903789690601,14.422205101855956,16.1245154965971,15.0,11.661903789690601,15.556349186104045,11.313708498984761,10.63014581273465,6.082762530298219,7.280109889280518,6.4031242374328485,0.0,0.0,0.0,0.0,0.0,0.0,0.0,0.0,0.0,0.0,0.0,6.708203932499369,11.045361017187261,12.041594578792296,5.0990195135927845,5.0990195135927845,7.0710678118654755,5.830951894845301,7.810249675906654,5.0,5.385164807134504,9.433981132056603,11.0,13.92838827718412,17.08800749063506,18.35755975068582,13.601470508735444,18.027756377319946,16.1245154965971,11.40175425099138,10.770329614269007,7.0710678118654755,4.47213595499958,4.47213595499958,9.055385138137417,12.041594578792296,23.345235059857504
147.27525250360293,24.0,28.844410203711913,26.40075756488817,21.93171219946131,20.615528128088304,22.67156809750927,17.0,13.038404810405298,10.0,7.0710678118654755,5.0990195135927845,2.8284271247461903,6.708203932499369,10.816653826391969,15.264337522473747,10.295630140987,13.0,13.038404810405298,14.212670403551895,14.212670403551895,10.770329614269007,12.529964086141668,8.602325267042627,7.0710678118654755,5.830951894845301,2.8284271247461903,0.0,0.0,0.0,0.0,0.0,0.0,0.0,0.0,0.0,0.0,0.0,12.041594578792296,12.083045973594572,11.661903789690601,9.219544457292887,10.0,7.211102550927978,7.615773105863909,4.47213595499958,5.0990195135927845,5.0,6.324555320336759,11.40175425099138,14.422205101855956,16.401219466856727,18.867962264113206,13.92838827718412,16.1245154965971,17.88854381999832,11.180339887498949,8.54400374531753,11.180339887498949,9.433981132056603,5.830951894845301,7.0710678118654755,15.0,13.038404810405298
147.27525250360293,24.0,23.853720883753127,25.942243542145693,28.178005607210743,21.470910553583888,24.698178070456937,17.69180601295413,13.892443989449804,9.219544457292887,11.045361017187261,8.54400374531753,3.0,12.041594578792296,14.035668847618199,15.620499351813308,7.280109889280518,13.0,16.0312195418814,17.46424919657298,12.649110640673518,16.15549442140351,11.40175425099138,10.770329614269007,12.041594578792296,7.280109889280518,10.0,0.0,0.0,0.0,0.0,0.0,0.0,0.0,0.0,0.0,0.0,0.0,13.92838827718412,9.899494936611665,14.422205101855956,15.620499351813308,9.219544457292887,11.661903789690601,5.0,4.242640687119285,2.0,4.0,8.06225774829855,9.899494936611665,11.40175425099138,18.867962264113206,15.811388300841896,19.209372712298546,22.47220505424423,23.853720883753127,14.7648230602334,16.15549442140351,12.529964086141668,10.295630140987,1.0,2.23606797749979,11.704699910719626,15.132745950421556
147.27525250360293,24.0,29.154759474226502,25.612496949731394,17.204650534085253,10.0,7.810249675906654,4.0,5.830951894845301,10.295630140987,17.204650534085253,17.88854381999832,20.248456731316587,14.422205101855956,15.620499351813308,22.47220505424423,15.620499351813308,13.601470508735444,13.601470508735444,11.180339887498949,9.486832980505138,6.708203932499369,5.385164807134504,3.1622776601683795,5.0990195135927845,5.830951894845301,12.36931687685298,0.0,0.0,0.0,0.0,0.0,0.0,0.0,0.0,0.0,0.0,0.0,2.8284271247461903,5.385164807134504,8.06225774829855,5.830951894845301,7.810249675906654,9.433981132056603,9.219544457292887,10.63014581273465,13.038404810405298,13.92838827718412,16.1245154965971,17.4928556845359,15.264337522473747,7.0,10.770329614269007,12.206555615733702,5.385164807134504,5.656854249492381,6.4031242374328485,4.123105625617661,8.602325267042627,9.899494936611665,20.12461179749811,20.615528128088304,22.360679774997898,28.42534080710379
147.27525250360293,24.0,22.02271554554524,27.018512172212592,20.024984394500787,20.09975124224178,17.029386365926403,15.132745950421556,11.704699910719626,9.055385138137417,1.0,7.615773105863909,5.0,8.602325267042627,9.219544457292887,22.02271554554524,16.278820596099706,14.866068747318506,17.46424919657298,13.92838827718412,18.35755975068582,14.317821063276353,13.0,10.0,6.082762530298219,5.385164807134504,5.0990195135927845,0.0,0.0,0.0,0.0,0.0,0.0,0.0,0.0,0.0,0.0,0.0,8.06225774829855,7.0710678118654755,7.280109889280518,10.0,7.0,8.94427190999916,9.219544457292887,3.605551275463989,9.055385138137417,12.165525060596439,10.198039027185569,15.297058540778355,15.811388300841896,18.681541692269406,20.248456731316587,15.652475842498529,12.727922061357855,8.54400374531753,14.7648230602334,9.055385138137417,11.045361017187261,7.615773105863909,7.810249675906654,10.0,11.0,16.1245154965971
64.0,4.0,29.206163733020468,25.0,25.553864678361276,21.095023109728988,18.439088914585774,9.219544457292887,6.082762530298219,5.830951894845301,5.385164807134504,9.433981132056603,10.0,12.806248474865697,20.518284528683193,22.67156809750927,19.209372712298546,17.204650534085253,18.788294228055936,18.35755975068582,13.601470508735444,15.231546211727817,8.06225774829855,5.385164807134504,5.830951894845301,7.211102550927978,3.605551275463989,0.0,0.0,0.0,0.0,0.0,0.0,0.0,0.0,0.0,0.0,0.0,9.055385138137417,11.180339887498949,8.06225774829855,8.54400374531753,5.0,6.708203932499369,9.848857801796104,8.54400374531753,9.848857801796104,13.0,15.264337522473747,11.40175425099138,19.313207915827967,18.384776310850235,19.1049731745428,16.55294535724685,16.278820596099706,12.727922061357855,13.601470508735444,7.280109889280518,12.36931687685298,8.06225774829855,14.317821063276353,22.02271554554524,24.839484696748443,26.870057685088806
147.27525250360293,24.0,24.0,20.024984394500787,23.021728866442675,17.0,17.0,10.0,11.180339887498949,10.295630140987,8.602325267042627,11.661903789690601,13.0,12.727922061357855,16.1245154965971,14.212670403551895,15.620499351813308,16.55294535724685,10.816653826391969,13.0,12.165525060596439,11.704699910719626,10.770329614269007,7.0710678118654755,5.830951894845301,8.246211251235321,5.0990195135927845,0.0,0.0,0.0,0.0,0.0,0.0,0.0,0.0,0.0,0.0,0.0,8.0,12.649110640673518,8.54400374531753,11.180339887498949,14.317821063276353,13.152946437965905,11.661903789690601,17.11724276862369,12.529964086141668,10.44030650891055,12.083045973594572,18.027756377319946,13.45362404707371,14.866068747318506,18.439088914585774,18.867962264113206,15.811388300841896,13.341664064126334,15.033296378372908,10.0,15.132745950421556,12.165525060596439,18.973665961010276,19.4164878389476,25.179356624028344,24.331050121192877
147.27525250360293,24.0,25.238858928247925,32.449961479175904,20.12461179749811,22.67156809750927,17.88854381999832,8.246211251235321,6.324555320336759,1.4142135623730951,6.0,10.04987562112089,15.811388300841896,18.027756377319946,16.15549442140351,16.55294535724685,14.142135623730951,13.892443989449804,16.97056274847714,15.0,14.142135623730951,11.661903789690601,10.0,9.486832980505138,5.0,4.0,4.47213595499958,0.0,0.0,0.0,0.0,0.0,0.0,0.0,0.0,0.0,0.0,0.0,7.211102550927978,7.615773105863909,8.246211251235321,5.0990195135927845,4.47213595499958,9.055385138137417,10.295630140987,8.48528137423857,11.180339887498949,11.40175425099138,15.811388300841896,13.601470508735444,13.416407864998739,18.439088914585774,19.235384061671343,17.46424919657298,18.35755975068582,17.72004514666935,10.0,12.727922061357855,8.54400374531753,6.324555320336759,12.806248474865697,21.93171219946131,24.839484696748443,25.45584412271571
147.27525250360293,24.0,27.294688127912362,19.4164878389476,19.924858845171276,17.08800749063506,16.1245154965971,8.602325267042627,4.123105625617661,5.385164807134504,7.280109889280518,13.92838827718412,13.416407864998739,19.697715603592208,18.973665961010276,15.524174696260024,19.924858845171276,18.027756377319946,14.866068747318506,16.0312195418814,11.180339887498949,12.727922061357855,9.486832980505138,2.23606797749979,5.0,5.0990195135927845,1.4142135623730951,0.0,0.0,0.0,0.0,0.0,0.0,0.0,0.0,0.0,0.0,0.0,4.0,6.324555320336759,2.8284271247461903,1.0,2.23606797749979,5.830951894845301,6.324555320336759,13.038404810405298,8.602325267042627,16.55294535724685,10.816653826391969,15.556349186104045,17.804493814764857,15.620499351813308,16.97056274847714,11.40175425099138,13.45362404707371,8.06225774829855,8.06225774829855,7.0,15.0,17.029386365926403,21.633307652783937,22.20360331117452,25.80697580112788,35.0
64.0,4.0,26.248809496813376,27.65863337187866,32.89376840679705,21.18962010041709,18.384776310850235,16.1245154965971,12.041594578792296,8.0,11.180339887498949,1.4142135623730951,4.0,4.47213595499958,13.601470508735444,12.041594578792296,14.212670403551895,16.278820596099706,19.849433241279208,17.69180601295413,13.45362404707371,17.0,13.601470508735444,10.0,11.40175425099138,5.830951894845301,7.0710678118654755,0.0,0.0,0.0,0.0,0.0,0.0,0.0,0.0,0.0,0.0,0.0,11.180339887498949,14.317821063276353,8.94427190999916,5.830951894845301,6.082762530298219,3.605551275463989,5.385164807134504,3.1622776601683795,5.0990195135927845,10.0,14.142135623730951,13.038404810405298,15.0,16.278820596099706,20.12461179749811,15.811388300841896,19.235384061671343,16.1245154965971,12.083045973594572,11.40175425099138,5.830951894845301,4.47213595499958,5.0,5.830951894845301,13.0,22.135943621178654
147.27525250360293,24.0,22.090722034374522,21.37755832643195,18.384776310850235,20.615528128088304,13.152946437965905,11.704699910719626,13.416407864998739,8.0,6.324555320336759,12.041594578792296,10.63014581273465,8.94427190999916,13.45362404707371,10.44030650891055,13.038404810405298,15.524174696260024,12.36931687685298,12.36931687685298,13.416407864998739,9.219544457292887,8.54400374531753,8.06225774829855,7.0710678118654755,8.06225774829855,4.47213595499958,0.0,0.0,0.0,0.0,0.0,0.0,0.0,0.0,0.0,0.0,0.0,8.54400374531753,10.44030650891055,11.045361017187261,5.830951894845301,11.704699910719626,6.4031242374328485,7.211102550927978,4.123105625617661,8.246211251235321,9.219544457292887,7.810249675906654,11.704699910719626,11.045361017187261,15.620499351813308,15.652475842498529,12.727922061357855,14.422205101855956,13.038404810405298,18.439088914585774,12.727922061357855,16.64331697709324,4.47213595499958,17.08800749063506,18.439088914585774,14.866068747318506,23.53720459187964
147.27525250360293,24.0,27.85677655436824,20.248456731316587,20.248456731316587,14.422205101855956,7.280109889280518,3.1622776601683795,3.0,8.06225774829855,18.788294228055936,18.867962264113206,17.4928556845359,21.095023109728988,20.518284528683193,19.849433241279208,17.029386365926403,21.095023109728988,15.620499351813308,13.92838827718412,12.041594578792296,7.810249675906654,5.830951894845301,5.0990195135927845,3.605551275463989,4.123105625617661,5.0,0.0,0.0,0.0,0.0,0.0,0.0,0.0,0.0,0.0,0.0,0.0,3.0,2.23606797749979,3.1622776601683795,9.219544457292887,8.94427190999916,9.848857801796104,11.40175425099138,12.165525060596439,15.0,21.37755832643195,18.681541692269406,14.866068747318506,21.470910553583888,18.24828759089466,13.341664064126334,9.055385138137417,3.605551275463989,9.848857801796104,5.656854249492381,8.06225774829855,12.529964086141668,16.492422502470642,23.40939982143925,30.805843601498726,30.083217912982647,33.1058907144937
64.0,4.0,27.80287754891569,26.90724809414742,24.698178070456937,17.4928556845359,18.439088914585774,10.63014581273465,7.211102550927978,5.656854249492381,2.8284271247461903,7.280109889280518,6.082762530298219,14.7648230602334,10.770329614269007,13.45362404707371,16.55294535724685,13.892443989449804,14.7648230602334,14.7648230602334,10.0,10.63014581273465,10.0,4.123105625617661,1.4142135623730951,5.0,3.0,0.0,0.0,0.0,0.0,0.0,0.0,0.0,0.0,0.0,0.0,0.0,4.47213595499958,12.165525060596439,6.082762530298219,7.0,8.94427190999916,3.605551275463989,5.385164807134504,3.605551275463989,9.486832980505138,11.0,8.06225774829855,12.529964086141668,15.811388300841896,10.44030650891055,15.297058540778355,17.88854381999832,13.601470508735444,9.055385138137417,9.848857801796104,5.0990195135927845,5.0,4.0,10.63014581273465,12.806248474865697,17.08800749063506,27.51363298439521
147.27525250360293,24.0,26.68332812825267,21.37755832643195,15.811388300841896,14.7648230602334,13.341664064126334,17.029386365926403,6.0,7.0710678118654755,4.0,11.40175425099138,7.0710678118654755,14.0,13.152946437965905,18.027756377319946,14.866068747318506,15.652475842498529,15.620499351813308,15.620499351813308,14.142135623730951,10.0,8.54400374531753,7.211102550927978,5.385164807134504,6.708203932499369,6.082762530298219,0.0,0.0,0.0,0.0,0.0,0.0,0.0,0.0,0.0,0.0,0.0,8.54400374531753,9.486832980505138,10.816653826391969,9.055385138137417,11.045361017187261,6.4031242374328485,6.708203932499369,12.806248474865697,10.198039027185569,16.1245154965971,15.264337522473747,15.231546211727817,19.924858845171276,19.4164878389476,16.15549442140351,17.46424919657298,10.44030650891055,13.341664064126334,8.54400374531753,9.0,13.038404810405298,13.0,10.04987562112089,18.24828759089466,23.021728866442675,24.08318915758459
147.27525250360293,24.0,30.610455730027933,23.600847442411894,20.0,19.209372712298546,18.35755975068582,5.656854249492381,7.0710678118654755,2.23606797749979,9.848857801796104,10.0,9.219544457292887,13.601470508735444,17.69180601295413,14.212670403551895,14.422205101855956,14.212670403551895,15.264337522473747,16.1245154965971,10.63014581273465,10.770329614269007,10.198039027185569,4.47213595499958,5.830951894845301,8.06225774829855,8.54400374531753,0.0,0.0,0.0,0.0,0.0,0.0,0.0,0.0,0.0,0.0,0.0,10.63014581273465,10.0,9.219544457292887,10.63014581273465,8.06225774829855,7.211102550927978,8.54400374531753,6.082762530298219,7.0710678118654755,16.492422502470642,12.041594578792296,13.152946437965905,16.76305461424021,18.681541692269406,17.46424919657298,12.36931687685298,15.231546211727817,13.341664064126334,13.0,8.06225774829855,12.041594578792296,8.94427190999916,15.652475842498529,20.248456731316587,26.627053911388696,29.5296461204668
147.27525250360293,24.0,23.53720459187964,20.808652046684813,15.524174696260024,10.0,7.0710678118654755,8.54400374531753,7.0710678118654755,12.649110640673518,14.142135623730951,10.44030650891055,19.697715603592208,18.681541692269406,19.235384061671343,18.24828759089466,19.0,15.132745950421556,13.038404810405298,9.0,7.0,4.123105625617661,4.242640687119285,10.0,5.0990195135927845,8.246211251235321,12.36931687685298,0.0,0.0,0.0,0.0,0.0,0.0,0.0,0.0,0.0,0.0,0.0,7.0710678118654755,2.8284271247461903,10.44030650891055,10.44030650891055,14.422205101855956,10.295630140987,15.620499351813308,15.652475842498529,14.422205101855956,9.899494936611665,12.806248474865697,9.219544457292887,11.40175425099138,12.083045973594572,6.4031242374328485,7.810249675906654,7.280109889280518,8.54400374531753,9.486832980505138,15.231546211727817,17.69180601295413,21.400934559032695,20.518284528683193,22.67156809750927,24.698178070456937,23.769728648009426
147.27525250360293,24.0,25.317977802344327,22.360679774997898,25.019992006393608,17.46424919657298,15.297058540778355,13.152946437965905,7.280109889280518,5.0,10.63014581273465,8.246211251235321,11.661903789690601,14.142135623730951,15.811388300841896,17.88854381999832,18.601075237738275,20.12461179749811,12.806248474865697,14.212670403551895,11.40175425099138,11.704699910719626,7.211102550927978,6.4031242374328485,5.656854249492381,4.47213595499958,5.385164807134504,0.0,0.0,0.0,0.0,0.0,0.0,0.0,0.0,0.0,0.0,0.0,10.44030650891055,9.055385138137417,9.219544457292887,10.816653826391969,13.341664064126334,8.94427190999916,14.317821063276353,13.601470508735444,13.892443989449804,11.40175425099138,16.64331697709324,11.661903789690601,14.560219778561036,17.204650534085253,12.206555615733702,14.212670403551895,18.35755975068582,13.601470508735444,13.92838827718412,17.46424919657298,16.278820596099706,16.278820596099706,18.24828759089466,21.540659228538015,24.041630560342615,26.68332812825267
147.27525250360293,24.0,28.653097563788805,22.135943621178654,21.02379604162864,18.681541692269406,10.0,9.848857801796104,5.0,1.0,8.06225774829855,12.206555615733702,12.727922061357855,13.038404810405298,15.0,13.45362404707371,17.88854381999832,17.46424919657298,15.524174696260024,16.76305461424021,10.63014581273465,10.0,8.0,11.40175425099138,6.324555320336759,4.47213595499958,8.94427190999916,0.0,0.0,0.0,0.0,0.0,0.0,0.0,0.0,0.0,0.0,0.0,2.23606797749979,8.54400374531753,3.605551275463989,1.4142135623730951,5.830951894845301,7.211102550927978,8.54400374531753,7.0710678118654755,12.727922061357855,13.892443989449804,10.816653826391969,15.297058540778355,12.083045973594572,12.649110640673518,12.041594578792296,18.439088914585774,12.649110640673518,6.324555320336759,9.899494936611665,10.0,5.830951894845301,8.48528137423857,16.76305461424021,16.15549442140351,21.400934559032695,26.419689627245813
147.27525250360293,24.0,19.4164878389476,20.8806130178211,13.0,13.0,9.486832980505138,9.055385138137417,5.830951894845301,7.280109889280518,11.045361017187261,12.36931687685298,11.045361017187261,13.038404810405298,15.524174696260024,12.206555615733702,13.892443989449804,17.46424919657298,10.0,11.661903789690601,7.615773105863909,7.211102550927978,5.0,5.830951894845301,5.830951894845301,7.0710678118654755,4.123105625617661,0.0,0.0,0.0,0.0,0.0,0.0,0.0,0.0,0.0,0.0,0.0,8.06225774829855,6.324555320336759,9.219544457292887,9.433981132056603,8.94427190999916,11.704699910719626,9.486832980505138,12.36931687685298,14.422205101855956,13.601470508735444,15.132745950421556,7.615773105863909,11.180339887498949,15.132745950421556,11.704699910719626,11.045361017187261,6.708203932499369,9.0,7.0,12.206555615733702,17.029386365926403,15.811388300841896,14.212670403551895,23.345235059857504,23.323807579381203,26.1725046566048
147.27525250360293,24.0,22.80350850198276,12.806248474865697,16.64331697709324,15.556349186104045,9.848857801796104,7.280109889280518,8.06225774829855,9.0,8.94427190999916,8.48528137423857,12.806248474865697,8.48528137423857,11.704699910719626,9.486832980505138,8.54400374531753,15.132745950421556,11.0,11.40175425099138,10.198039027185569,9.219544457292887,6.708203932499369,2.8284271247461903,2.8284271247461903,3.605551275463989,8.0,0.0,0.0,0.0,0.0,0.0,0.0,0.0,0.0,0.0,0.0,0.0,8.54400374531753,7.810249675906654,8.602325267042627,5.0990195135927845,9.0,9.055385138137417,9.219544457292887,8.06225774829855,6.324555320336759,7.810249675906654,8.54400374531753,13.416407864998739,11.180339887498949,12.083045973594572,10.63014581273465,12.041594578792296,14.212670403551895,8.48528137423857,12.806248474865697,8.246211251235321,8.246211251235321,10.04987562112089,13.038404810405298,17.0,16.0312195418814,24.331050121192877
64.0,4.0,29.120439557122072,27.784887978899608,16.1245154965971,15.231546211727817,10.198039027185569,4.47213595499958,11.40175425099138,7.615773105863909,9.055385138137417,12.36931687685298,16.492422502470642,17.11724276862369,14.0,19.235384061671343,18.110770276274835,16.278820596099706,19.1049731745428,16.1245154965971,9.433981132056603,6.082762530298219,6.0,7.615773105863909,2.23606797749979,2.0,8.06225774829855,0.0,0.0,0.0,0.0,0.0,0.0,0.0,0.0,0.0,0.0,0.0,5.385164807134504,2.23606797749979,5.385164807134504,8.48528137423857,9.219544457292887,5.385164807134504,6.4031242374328485,10.295630140987,9.848857801796104,11.661903789690601,13.038404810405298,18.35755975068582,12.083045973594572,15.264337522473747,10.63014581273465,17.4928556845359,6.708203932499369,4.47213595499958,5.0990195135927845,8.48528137423857,7.0710678118654755,14.317821063276353,25.709920264364882,25.632011235952593,26.30589287593181,23.53720459187964
147.27525250360293,24.0,32.64965543462902,21.2602916254693,20.615528128088304,21.18962010041709,12.806248474865697,13.601470508735444,6.708203932499369,5.830951894845301,6.082762530298219,9.055385138137417,13.45362404707371,13.45362404707371,9.219544457292887,15.524174696260024,12.36931687685298,8.602325267042627,12.206555615733702,13.416407864998739,14.422205101855956,10.44030650891055,9.219544457292887,9.433981132056603,5.830951894845301,8.48528137423857,8.48528137423857,0.0,0.0,0.0,0.0,0.0,0.0,0.0,0.0,0.0,0.0,0.0,5.0,6.708203932499369,7.0710678118654755,5.0990195135927845,14.866068747318506,8.06225774829855,4.47213595499958,8.06225774829855,7.0710678118654755,12.041594578792296,10.770329614269007,14.7648230602334,13.152946437965905,16.64331697709324,17.029386365926403,15.811388300841896,13.416407864998739,13.601470508735444,12.083045973594572,8.06225774829855,9.055385138137417,9.219544457292887,12.727922061357855,16.278820596099706,22.67156809750927,26.90724809414742
147.27525250360293,24.0,31.064449134018133,26.476404589747453,24.0,14.317821063276353,11.045361017187261,4.123105625617661,5.0,6.708203932499369,9.219544457292887,14.866068747318506,15.0,21.93171219946131,18.384776310850235,17.029386365926403,16.401219466856727,12.806248474865697,16.278820596099706,16.64331697709324,12.529964086141668,14.212670403551895,9.219544457292887,7.810249675906654,2.8284271247461903,8.06225774829855,6.324555320336759,0.0,0.0,0.0,0.0,0.0,0.0,0.0,0.0,0.0,0.0,0.0,8.54400374531753,2.23606797749979,1.4142135623730951,1.0,6.4031242374328485,3.0,10.198039027185569,12.0,15.0,18.110770276274835,15.524174696260024,16.492422502470642,20.396078054371138,15.524174696260024,12.36931687685298,17.4928556845359,13.892443989449804,9.486832980505138,6.082762530298219,5.0,10.816653826391969,10.198039027185569,14.560219778561036,22.20360331117452,31.04834939252005,31.622776601683793
64.0,4.0,21.95449840010015,23.706539182259394,22.847319317591726,24.698178070456937,24.041630560342615,14.422205101855956,17.804493814764857,16.278820596099706,12.206555615733702,12.206555615733702,6.0,7.615773105863909,5.830951894845301,8.94427190999916,13.601470508735444,10.63014581273465,12.727922061357855,14.212670403551895,16.401219466856727,10.816653826391969,14.142135623730951,11.40175425099138,7.810249675906654,7.615773105863909,6.708203932499369,0.0,0.0,0.0,0.0,0.0,0.0,0.0,0.0,0.0,0.0,0.0,10.0,7.810249675906654,8.602325267042627,8.246211251235321,8.602325267042627,5.830951894845301,4.123105625617661,5.0990195135927845,4.0,6.708203932499369,7.0,11.661903789690601,9.0,15.297058540778355,18.110770276274835,15.0,17.88854381999832,18.384776310850235,21.587033144922902,16.1245154965971,19.697715603592208,15.524174696260024,10.198039027185569,6.4031242374328485,13.45362404707371,17.46424919657298
147.27525250360293,24.0,20.396078054371138,27.459060435491963,26.076809620810597,23.769728648009426,27.892651361962706,19.6468827043885,18.973665961010276,16.0312195418814,12.649110640673518,9.219544457292887,6.324555320336759,8.06225774829855,6.082762530298219,4.123105625617661,7.0710678118654755,10.0,14.317821063276353,16.64331697709324,10.295630140987,9.433981132056603,14.866068747318506,10.816653826391969,8.602325267042627,9.848857801796104,7.810249675906654,0.0,0.0,0.0,0.0,0.0,0.0,0.0,0.0,0.0,0.0,0.0,9.899494936611665,9.219544457292887,9.433981132056603,10.0,9.848857801796104,7.211102550927978,2.23606797749979,5.0990195135927845,3.1622776601683795,2.23606797749979,4.123105625617661,12.041594578792296,12.206555615733702,20.248456731316587,20.808652046684813,19.79898987322333,19.1049731745428,18.384776310850235,24.08318915758459,19.4164878389476,15.652475842498529,11.40175425099138,11.704699910719626,3.605551275463989,8.06225774829855,12.041594578792296
147.27525250360293,24.0,26.019223662515376,31.0,20.09975124224178,27.65863337187866,19.6468827043885,22.47220505424423,19.235384061671343,12.36931687685298,11.40175425099138,11.180339887498949,5.385164807134504,7.810249675906654,9.848857801796104,9.899494936611665,9.433981132056603,15.033296378372908,15.524174696260024,15.264337522473747,11.704699910719626,15.524174696260024,13.0,11.180339887498949,3.1622776601683795,8.602325267042627,3.605551275463989,0.0,0.0,0.0,0.0,0.0,0.0,0.0,0.0,0.0,0.0,0.0,12.165525060596439,12.36931687685298,12.041594578792296,7.280109889280518,7.280109889280518,2.23606797749979,9.219544457292887,4.47213595499958,8.06225774829855,4.123105625617661,9.433981132056603,9.219544457292887,16.76305461424021,16.1245154965971,23.08679276123039,22.825424421026653,18.681541692269406,20.396078054371138,17.029386365926403,18.027756377319946,17.029386365926403,8.602325267042627,12.041594578792296,8.06225774829855,12.165525060596439,19.235384061671343
147.27525250360293,24.0,19.6468827043885,20.8806130178211,22.135943621178654,21.37755832643195,20.615528128088304,17.4928556845359,13.038404810405298,14.866068747318506,7.280109889280518,8.246211251235321,8.94427190999916,10.44030650891055,12.0,15.132745950421556,14.317821063276353,14.142135623730951,11.0,14.035668847618199,15.297058540778355,14.317821063276353,9.486832980505138,9.848857801796104,10.295630140987,8.54400374531753,5.385164807134504,0.0,0.0,0.0,0.0,0.0,0.0,0.0,0.0,0.0,0.0,0.0,3.605551275463989,7.615773105863909,8.48528137423857,4.47213595499958,7.211102550927978,6.324555320336759,7.211102550927978,7.615773105863909,10.770329614269007,12.041594578792296,12.041594578792296,13.92838827718412,16.64331697709324,16.15549442140351,18.681541692269406,16.15549442140351,17.46424919657298,15.652475842498529,13.341664064126334,12.649110640673518,14.866068747318506,17.11724276862369,15.033296378372908,19.1049731745428,22.360679774997898,24.020824298928627
64.0,4.0,27.202941017470888,23.0,27.16615541441225,23.021728866442675,20.223748416156685,18.110770276274835,13.892443989449804,6.4031242374328485,6.0,7.810249675906654,16.1245154965971,13.038404810405298,14.422205101855956,13.416407864998739,19.924858845171276,10.770329614269007,12.806248474865697,14.422205101855956,15.0,8.06225774829855,9.486832980505138,8.246211251235321,4.0,3.0,2.8284271247461903,0.0,0.0,0.0,0.0,0.0,0.0,0.0,0.0,0.0,0.0,0.0,4.47213595499958,5.656854249492381,11.180339887498949,3.605551275463989,2.8284271247461903,5.0,5.830951894845301,13.341664064126334,7.615773105863909,11.661903789690601,6.324555320336759,13.038404810405298,15.652475842498529,13.0,16.97056274847714,17.029386365926403,13.892443989449804,11.704699910719626,10.0,9.486832980505138,6.324555320336759,15.524174696260024,23.769728648009426,17.0,20.248456731316587,23.706539182259394
147.27525250360293,24.0,19.1049731745428,19.849433241279208,20.518284528683193,13.892443989449804,13.601470508735444,12.806248474865697,13.038404810405298,9.219544457292887,7.211102550927978,9.0,9.055385138137417,5.0990195135927845,15.231546211727817,5.0990195135927845,17.26267650163207,9.433981132056603,12.041594578792296,12.083045973594572,11.180339887498949,10.44030650891055,5.385164807134504,9.433981132056603,3.1622776601683795,5.830951894845301,1.4142135623730951,0.0,0.0,0.0,0.0,0.0,0.0,0.0,0.0,0.0,0.0,0.0,6.324555320336759,8.246211251235321,3.605551275463989,3.605551275463989,4.123105625617661,4.123105625617661,9.055385138137417,5.656854249492381,8.94427190999916,8.06225774829855,11.704699910719626,9.219544457292887,22.135943621178654,18.027756377319946,15.231546211727817,14.142135623730951,17.0,11.661903789690601,13.152946437965905,13.92838827718412,15.264337522473747,15.811388300841896,13.92838827718412,23.345235059857504,12.206555615733702,20.518284528683193
147.27525250360293,24.0,22.825424421026653,18.027756377319946,18.439088914585774,18.601075237738275,11.40175425099138,11.661903789690601,16.76305461424021,7.615773105863909,7.0710678118654755,9.433981132056603,7.211102550927978,4.123105625617661,7.280109889280518,7.211102550927978,7.211102550927978,11.704699910719626,8.602325267042627,9.219544457292887,11.313708498984761,12.206555615733702,9.433981132056603,5.0990195135927845,9.899494936611665,6.4031242374328485,5.656854249492381,0.0,0.0,0.0,0.0,0.0,0.0,0.0,0.0,0.0,0.0,0.0,8.54400374531753,7.211102550927978,7.280109889280518,9.219544457292887,8.54400374531753,6.324555320336759,2.23606797749979,1.0,2.0,7.810249675906654,4.123105625617661,7.810249675906654,15.0,14.7648230602334,18.35755975068582,14.142135623730951,16.401219466856727,15.556349186104045,14.866068747318506,14.422205101855956,12.206555615733702,3.1622776601683795,2.23606797749979,2.0,7.810249675906654,15.620499351813308
147.27525250360293,24.0,33.28663395418648,33.12099032335839,29.410882339705484,29.206163733020468,30.610455730027933,22.80350850198276,22.80350850198276,20.518284528683193,14.866068747318506,8.602325267042627,10.44030650891055,6.708203932499369,8.246211251235321,16.278820596099706,12.041594578792296,12.806248474865697,16.76305461424021,14.866068747318506,17.46424919657298,14.866068747318506,16.76305461424021,15.297058540778355,11.045361017187261,9.055385138137417,5.0,0.0,0.0,0.0,0.0,0.0,0.0,0.0,0.0,0.0,0.0,0.0,7.211102550927978,10.44030650891055,7.0,5.385164807134504,9.219544457292887,8.06225774829855,5.385164807134504,7.810249675906654,6.4031242374328485,6.082762530298219,16.0,16.492422502470642,14.317821063276353,14.866068747318506,21.587033144922902,30.01666203960727,25.019992006393608,23.769728648009426,25.632011235952593,22.135943621178654,18.110770276274835,15.811388300841896,17.26267650163207,16.1245154965971,17.804493814764857,17.804493814764857
147.27525250360293,24.0,23.345235059857504,24.758836806279895,25.059928172283335,18.788294228055936,21.213203435596427,16.97056274847714,9.219544457292887,9.055385138137417,2.0,7.280109889280518,2.8284271247461903,11.704699910719626,14.866068747318506,13.341664064126334,15.811388300841896,14.560219778561036,16.0312195418814,8.94427190999916,17.46424919657298,6.4031242374328485,10.0,10.04987562112089,3.1622776601683795,5.0,5.0990195135927845,0.0,0.0,0.0,0.0,0.0,0.0,0.0,0.0,0.0,0.0,0.0,7.615773105863909,2.8284271247461903,7.810249675906654,5.656854249492381,3.605551275463989,4.123105625617661,2.23606797749979,5.0990195135927845,5.656854249492381,12.041594578792296,10.816653826391969,13.45362404707371,18.027756377319946,14.866068747318506,17.804493814764857,19.4164878389476,15.0,10.0,8.06225774829855,11.40175425099138,7.0710678118654755,3.605551275463989,5.830951894845301,14.7648230602334,18.027756377319946,21.633307652783937
147.27525250360293,24.0,31.38470965295043,27.202941017470888,20.248456731316587,16.278820596099706,15.652475842498529,7.810249675906654,3.605551275463989,5.0990195135927845,2.23606797749979,6.324555320336759,8.06225774829855,9.0,9.848857801796104,16.278820596099706,11.40175425099138,11.045361017187261,14.317821063276353,14.866068747318506,12.649110640673518,8.06225774829855,10.770329614269007,5.0990195135927845,8.94427190999916,5.385164807134504,5.0990195135927845,0.0,0.0,0.0,0.0,0.0,0.0,0.0,0.0,0.0,0.0,0.0,3.605551275463989,7.211102550927978,6.708203932499369,2.0,4.47213595499958,2.23606797749979,6.082762530298219,4.47213595499958,10.295630140987,9.219544457292887,14.212670403551895,14.317821063276353,18.027756377319946,17.804493814764857,13.0,13.601470508735444,8.246211251235321,11.40175425099138,7.280109889280518,6.324555320336759,4.123105625617661,8.54400374531753,12.083045973594572,17.46424919657298,19.697715603592208,32.31098884280702
147.27525250360293,24.0,27.784887978899608,26.419689627245813,17.204650534085253,18.601075237738275,8.54400374531753,4.47213595499958,5.0,5.830951894845301,14.866068747318506,14.866068747318506,18.384776310850235,15.620499351813308,18.384776310850235,19.1049731745428,18.601075237738275,16.278820596099706,15.556349186104045,11.40175425099138,11.180339887498949,8.48528137423857,5.830951894845301,2.0,3.1622776601683795,3.1622776601683795,7.0,0.0,0.0,0.0,0.0,0.0,0.0,0.0,0.0,0.0,0.0,0.0,7.280109889280518,5.0990195135927845,6.0,2.23606797749979,9.0,9.848857801796104,13.0,15.811388300841896,14.7648230602334,9.848857801796104,12.165525060596439,19.697715603592208,18.027756377319946,14.7648230602334,12.041594578792296,13.152946437965905,7.211102550927978,4.123105625617661,1.4142135623730951,1.0,5.830951894845301,11.661903789690601,19.235384061671343,25.553864678361276,27.313000567495326,35.35533905932738
154.25303886795876,25.0,29.614185789921695,30.59411708155671,22.090722034374522,16.278820596099706,20.8806130178211,14.035668847618199,5.0,6.324555320336759,5.656854249492381,4.47213595499958,11.180339887498949,11.40175425099138,10.44030650891055,14.422205101855956,12.529964086141668,15.132745950421556,10.770329614269007,13.152946437965905,11.180339887498949,7.280109889280518,9.055385138137417,5.385164807134504,2.0,3.605551275463989,4.123105625617661,0.0,0.0,0.0,0.0,0.0,0.0,0.0,0.0,0.0,0.0,0.0,7.280109889280518,9.433981132056603,9.848857801796104,7.810249675906654,1.4142135623730951,4.123105625617661,4.242640687119285,5.0990195135927845,10.04987562112089,11.0,13.152946437965905,13.0,13.92838827718412,14.142135623730951,18.027756377319946,17.11724276862369,17.11724276862369,14.560219778561036,15.033296378372908,9.0,6.4031242374328485,2.23606797749979,10.04987562112089,15.132745950421556,11.045361017187261,24.73863375370596
147.27525250360293,24.0,17.69180601295413,18.027756377319946,23.430749027719962,17.804493814764857,8.06225774829855,6.4031242374328485,6.708203932499369,2.23606797749979,8.94427190999916,8.246211251235321,12.806248474865697,11.704699910719626,15.0,17.029386365926403,15.620499351813308,12.806248474865697,12.806248474865697,12.806248474865697,8.246211251235321,11.180339887498949,5.0990195135927845,3.1622776601683795,4.47213595499958,4.47213595499958,7.0710678118654755,0.0,0.0,0.0,0.0,0.0,0.0,0.0,0.0,0.0,0.0,0.0,4.123105625617661,8.06225774829855,7.0710678118654755,4.123105625617661,6.082762530298219,5.830951894845301,9.899494936611665,5.0,6.708203932499369,12.206555615733702,10.816653826391969,11.313708498984761,8.94427190999916,10.816653826391969,10.295630140987,11.40175425099138,15.652475842498529,5.830951894845301,8.48528137423857,4.123105625617661,10.04987562112089,11.40175425099138,8.94427190999916,20.591260281974,22.67156809750927,25.80697580112788
147.27525250360293,24.0,20.248456731316587,24.20743687382041,24.413111231467404,18.384776310850235,18.439088914585774,10.295630140987,10.44030650891055,9.055385138137417,5.0,7.0,7.0,4.0,11.704699910719626,10.770329614269007,14.866068747318506,12.806248474865697,14.212670403551895,12.206555615733702,15.556349186104045,8.06225774829855,9.219544457292887,6.4031242374328485,4.47213595499958,4.242640687119285,5.0,0.0,0.0,0.0,0.0,0.0,0.0,0.0,0.0,0.0,0.0,0.0,10.44030650891055,6.324555320336759,10.816653826391969,11.180339887498949,5.0,9.899494936611665,4.47213595499958,6.4031242374328485,7.0710678118654755,8.54400374531753,10.04987562112089,15.0,16.1245154965971,18.027756377319946,14.317821063276353,21.0,19.4164878389476,15.297058540778355,17.0,11.0,8.0,2.0,9.433981132056603,8.06225774829855,11.40175425099138,20.0
147.27525250360293,24.0,31.906112267087632,23.430749027719962,23.853720883753127,21.213203435596427,17.204650534085253,14.7648230602334,8.602325267042627,6.324555320336759,3.605551275463989,5.0,5.0,7.615773105863909,14.422205101855956,15.652475842498529,14.7648230602334,14.866068747318506,17.69180601295413,8.54400374531753,14.212670403551895,14.422205101855956,9.219544457292887,4.123105625617661,4.47213595499958,5.0990195135927845,3.1622776601683795,0.0,0.0,0.0,0.0,0.0,0.0,0.0,0.0,0.0,0.0,0.0,13.0,11.180339887498949,8.602325267042627,9.848857801796104,5.385164807134504,11.40175425099138,6.4031242374328485,7.810249675906654,11.180339887498949,11.704699910719626,9.899494936611665,11.661903789690601,14.866068747318506,18.681541692269406,12.529964086141668,23.345235059857504,22.47220505424423,12.806248474865697,14.866068747318506,10.0,4.47213595499958,9.219544457292887,7.615773105863909,17.804493814764857,19.313207915827967,20.591260281974
147.27525250360293,24.0,18.601075237738275,32.449961479175904,22.02271554554524,14.560219778561036,16.1245154965971,11.313708498984761,10.295630140987,2.0,5.0990195135927845,13.038404810405298,11.045361017187261,7.211102550927978,15.132745950421556,8.602325267042627,13.892443989449804,14.317821063276353,11.180339887498949,13.601470508735444,12.041594578792296,11.661903789690601,10.04987562112089,4.123105625617661,3.1622776601683795,5.0,4.0,0.0,0.0,0.0,0.0,0.0,0.0,0.0,0.0,0.0,0.0,0.0,8.94427190999916,8.94427190999916,5.385164807134504,9.219544457292887,13.45362404707371,8.246211251235321,4.242640687119285,7.280109889280518,13.152946437965905,14.317821063276353,10.04987562112089,15.0,7.280109889280518,14.317821063276353,16.1245154965971,17.46424919657298,13.0,9.055385138137417,11.661903789690601,18.027756377319946,6.708203932499369,16.55294535724685,12.083045973594572,20.12461179749811,20.248456731316587,10.816653826391969
147.27525250360293,24.0,32.202484376209235,28.178005607210743,21.37755832643195,22.135943621178654,16.0,13.601470508735444,13.92838827718412,14.422205101855956,9.219544457292887,10.0,17.26267650163207,16.1245154965971,17.26267650163207,16.55294535724685,13.601470508735444,14.866068747318506,16.0312195418814,15.0,10.816653826391969,13.038404810405298,11.704699910719626,9.899494936611665,8.0,7.0710678118654755,7.615773105863909,0.0,0.0,0.0,0.0,0.0,0.0,0.0,0.0,0.0,0.0,0.0,14.560219778561036,16.278820596099706,9.219544457292887,10.816653826391969,9.848857801796104,11.40175425099138,12.529964086141668,11.704699910719626,14.560219778561036,11.40175425099138,17.46424919657298,15.297058540778355,22.135943621178654,14.035668847618199,15.524174696260024,17.88854381999832,15.231546211727817,17.72004514666935,12.165525060596439,18.439088914585774,18.027756377319946,12.0,18.24828759089466,16.1245154965971,20.12461179749811,29.5296461204668
147.27525250360293,24.0,29.154759474226502,21.213203435596427,25.0,18.027756377319946,10.295630140987,6.324555320336759,9.055385138137417,9.899494936611665,9.0,6.4031242374328485,16.492422502470642,17.08800749063506,13.038404810405298,11.661903789690601,16.1245154965971,15.264337522473747,14.422205101855956,17.029386365926403,15.0,12.529964086141668,7.0710678118654755,9.433981132056603,4.47213595499958,4.47213595499958,5.385164807134504,0.0,0.0,0.0,0.0,0.0,0.0,0.0,0.0,0.0,0.0,0.0,10.770329614269007,7.0,7.280109889280518,7.810249675906654,6.4031242374328485,15.0,7.0710678118654755,10.295630140987,12.083045973594572,14.422205101855956,14.7648230602334,16.1245154965971,20.615528128088304,17.26267650163207,15.297058540778355,16.0,11.180339887498949,13.0,8.54400374531753,9.848857801796104,13.601470508735444,8.54400374531753,18.439088914585774,14.142135623730951,24.020824298928627,36.013886210738214
147.27525250360293,24.0,24.596747752497688,26.0,13.601470508735444,13.601470508735444,10.816653826391969,6.4031242374328485,2.23606797749979,8.06225774829855,11.704699910719626,8.06225774829855,16.278820596099706,15.264337522473747,22.20360331117452,18.35755975068582,15.620499351813308,13.416407864998739,8.48528137423857,10.198039027185569,9.219544457292887,7.810249675906654,3.605551275463989,2.0,2.23606797749979,3.605551275463989,6.4031242374328485,0.0,0.0,0.0,0.0,0.0,0.0,0.0,0.0,0.0,0.0,0.0,1.4142135623730951,1.0,2.8284271247461903,7.0710678118654755,10.04987562112089,12.165525060596439,10.04987562112089,11.40175425099138,13.341664064126334,13.92838827718412,10.198039027185569,15.033296378372908,11.180339887498949,12.041594578792296,17.46424919657298,10.198039027185569,7.615773105863909,9.0,2.0,5.0,12.649110640673518,15.556349186104045,16.76305461424021,26.40075756488817,21.400934559032695,29.154759474226502
147.27525250360293,24.0,26.90724809414742,25.059928172283335,25.059928172283335,19.697715603592208,16.55294535724685,12.083045973594572,11.40175425099138,8.0,4.47213595499958,9.486832980505138,10.63014581273465,13.038404810405298,13.341664064126334,15.231546211727817,16.55294535724685,17.46424919657298,18.110770276274835,14.317821063276353,10.04987562112089,9.486832980505138,7.280109889280518,9.219544457292887,5.0,2.23606797749979,8.602325267042627,0.0,0.0,0.0,0.0,0.0,0.0,0.0,0.0,0.0,0.0,0.0,11.40175425099138,4.123105625617661,6.082762530298219,6.4031242374328485,14.317821063276353,11.40175425099138,9.433981132056603,11.704699910719626,8.54400374531753,11.704699910719626,10.63014581273465,14.422205101855956,14.422205101855956,15.231546211727817,16.76305461424021,18.439088914585774,17.4928556845359,12.041594578792296,13.0,6.0,9.0,11.40175425099138,14.866068747318506,18.439088914585774,21.93171219946131,25.495097567963924
147.27525250360293,24.0,25.298221281347036,21.02379604162864,18.027756377319946,23.40939982143925,16.15549442140351,10.0,8.246211251235321,5.0,1.4142135623730951,5.385164807134504,10.0,10.0,9.219544457292887,17.029386365926403,15.811388300841896,16.278820596099706,13.601470508735444,17.08800749063506,13.601470508735444,11.180339887498949,7.0710678118654755,7.280109889280518,7.211102550927978,5.830951894845301,3.1622776601683795,0.0,0.0,0.0,0.0,0.0,0.0,0.0,0.0,0.0,0.0,0.0,10.04987562112089,10.04987562112089,11.045361017187261,6.324555320336759,10.770329614269007,8.06225774829855,8.06225774829855,11.180339887498949,7.0710678118654755,11.0,11.180339887498949,8.246211251235321,12.165525060596439,17.46424919657298,10.44030650891055,13.92838827718412,19.72308292331602,16.55294535724685,13.601470508735444,10.0,12.806248474865697,11.180339887498949,12.041594578792296,16.76305461424021,13.601470508735444,22.847319317591726
147.27525250360293,24.0,26.68332812825267,24.596747752497688,26.627053911388696,23.259406699226016,11.661903789690601,12.806248474865697,9.219544457292887,11.180339887498949,9.0,2.23606797749979,5.656854249492381,10.63014581273465,11.313708498984761,14.866068747318506,13.601470508735444,13.0,17.0,15.0,13.038404810405298,16.76305461424021,8.0,9.055385138137417,5.0990195135927845,7.0710678118654755,5.385164807134504,0.0,0.0,0.0,0.0,0.0,0.0,0.0,0.0,0.0,0.0,0.0,8.94427190999916,10.44030650891055,9.055385138137417,13.0,7.810249675906654,3.1622776601683795,7.810249675906654,12.206555615733702,11.180339887498949,5.0,10.04987562112089,13.892443989449804,15.231546211727817,16.76305461424021,14.317821063276353,13.038404810405298,16.1245154965971,11.40175425099138,12.165525060596439,10.04987562112089,8.06225774829855,11.40175425099138,10.198039027185569,17.029386365926403,21.095023109728988,30.01666203960727
147.27525250360293,24.0,17.029386365926403,26.832815729997478,25.612496949731394,22.02271554554524,18.35755975068582,18.439088914585774,8.06225774829855,7.615773105863909,3.1622776601683795,2.8284271247461903,5.0,4.123105625617661,14.035668847618199,12.649110640673518,10.198039027185569,12.165525060596439,15.0,16.278820596099706,13.892443989449804,11.704699910719626,8.602325267042627,5.0,4.47213595499958,9.055385138137417,7.615773105863909,0.0,0.0,0.0,0.0,0.0,0.0,0.0,0.0,0.0,0.0,0.0,7.0710678118654755,9.486832980505138,10.63014581273465,11.180339887498949,6.708203932499369,9.899494936611665,10.44030650891055,7.0710678118654755,7.615773105863909,3.605551275463989,6.324555320336759,18.601075237738275,14.212670403551895,8.54400374531753,10.198039027185569,15.132745950421556,13.92838827718412,14.142135623730951,18.35755975068582,12.649110640673518,11.40175425099138,5.0,6.0,12.529964086141668,15.231546211727817,14.866068747318506
147.27525250360293,24.0,20.0,21.587033144922902,21.840329667841555,19.924858845171276,13.92838827718412,13.92838827718412,7.0,6.0,3.1622776601683795,2.23606797749979,5.830951894845301,13.0,10.0,11.313708498984761,12.806248474865697,18.027756377319946,13.892443989449804,14.866068747318506,12.083045973594572,12.206555615733702,8.602325267042627,7.211102550927978,2.23606797749979,3.1622776601683795,3.1622776601683795,0.0,0.0,0.0,0.0,0.0,0.0,0.0,0.0,0.0,0.0,0.0,11.40175425099138,8.06225774829855,11.661903789690601,9.433981132056603,10.770329614269007,6.4031242374328485,7.810249675906654,10.44030650891055,8.246211251235321,9.899494936611665,9.219544457292887,12.041594578792296,12.806248474865697,18.601075237738275,17.69180601295413,19.849433241279208,12.806248474865697,14.866068747318506,13.601470508735444,13.45362404707371,9.433981132056603,8.06225774829855,8.06225774829855,8.06225774829855,17.11724276862369,19.026297590440446
147.27525250360293,24.0,21.2602916254693,23.600847442411894,23.345235059857504,20.808652046684813,8.94427190999916,8.06225774829855,7.615773105863909,5.0,1.0,2.0,7.0,6.324555320336759,9.486832980505138,12.0,9.848857801796104,16.492422502470642,10.44030650891055,11.180339887498949,9.219544457292887,8.06225774829855,5.830951894845301,2.8284271247461903,3.1622776601683795,2.23606797749979,7.810249675906654,0.0,0.0,0.0,0.0,0.0,0.0,0.0,0.0,0.0,0.0,0.0,7.0710678118654755,8.06225774829855,4.0,5.0,3.605551275463989,5.0,8.246211251235321,11.0,8.602325267042627,13.45362404707371,8.602325267042627,13.416407864998739,14.212670403551895,16.15549442140351,13.92838827718412,13.601470508735444,16.1245154965971,12.529964086141668,10.0,4.0,8.602325267042627,10.44030650891055,11.045361017187261,16.278820596099706,19.313207915827967,18.601075237738275
64.0,4.0,23.600847442411894,20.518284528683193,22.67156809750927,14.7648230602334,13.038404810405298,8.54400374531753,3.0,2.8284271247461903,2.23606797749979,5.385164807134504,8.602325267042627,15.811388300841896,14.212670403551895,19.924858845171276,12.806248474865697,15.620499351813308,14.7648230602334,12.041594578792296,11.313708498984761,7.810249675906654,3.0,2.23606797749979,3.0,6.324555320336759,7.211102550927978,0.0,0.0,0.0,0.0,0.0,0.0,0.0,0.0,0.0,0.0,0.0,7.0,7.615773105863909,5.0,8.246211251235321,5.0,5.0,5.830951894845301,10.63014581273465,13.416407864998739,9.486832980505138,13.0,14.866068747318506,16.55294535724685,12.806248474865697,20.591260281974,13.0,14.866068747318506,10.0,8.06225774829855,5.656854249492381,2.0,7.211102550927978,13.038404810405298,14.866068747318506,19.1049731745428,28.319604517012593
147.27525250360293,24.0,28.861739379323623,25.298221281347036,16.15549442140351,18.110770276274835,12.165525060596439,15.524174696260024,15.033296378372908,12.165525060596439,12.529964086141668,13.892443989449804,12.806248474865697,12.206555615733702,12.041594578792296,14.422205101855956,16.401219466856727,9.848857801796104,15.811388300841896,12.165525060596439,9.486832980505138,13.152946437965905,12.36931687685298,9.219544457292887,3.0,5.0,4.47213595499958,0.0,0.0,0.0,0.0,0.0,0.0,0.0,0.0,0.0,0.0,0.0,12.206555615733702,11.661903789690601,14.866068747318506,14.212670403551895,14.422205101855956,16.1245154965971,9.433981132056603,11.704699910719626,5.0,11.661903789690601,12.806248474865697,14.212670403551895,9.219544457292887,14.142135623730951,19.849433241279208,23.021728866442675,16.55294535724685,13.601470508735444,17.804493814764857,14.422205101855956,12.529964086141668,16.278820596099706,17.0,19.313207915827967,21.095023109728988,27.073972741361768
147.27525250360293,24.0,29.206163733020468,22.80350850198276,24.041630560342615,25.612496949731394,15.0,12.206555615733702,9.899494936611665,6.324555320336759,4.123105625617661,9.486832980505138,14.866068747318506,14.422205101855956,12.806248474865697,19.1049731745428,14.422205101855956,15.264337522473747,17.029386365926403,10.295630140987,14.142135623730951,11.180339887498949,10.295630140987,8.06225774829855,3.605551275463989,5.385164807134504,4.123105625617661,0.0,0.0,0.0,0.0,0.0,0.0,0.0,0.0,0.0,0.0,0.0,14.866068747318506,9.219544457292887,9.899494936611665,10.44030650891055,8.06225774829855,10.198039027185569,8.06225774829855,10.44030650891055,9.486832980505138,6.324555320336759,10.198039027185569,9.219544457292887,14.142135623730951,16.76305461424021,21.095023109728988,17.4928556845359,17.46424919657298,14.866068747318506,12.041594578792296,8.0,11.0,8.602325267042627,9.433981132056603,16.64331697709324,15.556349186104045,23.021728866442675
147.27525250360293,24.0,26.30589287593181,27.073972741361768,23.53720459187964,24.0,17.08800749063506,12.041594578792296,12.041594578792296,1.4142135623730951,9.055385138137417,7.810249675906654,10.295630140987,14.560219778561036,14.317821063276353,16.278820596099706,17.88854381999832,12.36931687685298,16.1245154965971,15.033296378372908,13.601470508735444,6.324555320336759,13.0,7.0,5.656854249492381,2.0,2.8284271247461903,0.0,0.0,0.0,0.0,0.0,0.0,0.0,0.0,0.0,0.0,0.0,7.0710678118654755,5.0,9.486832980505138,5.656854249492381,5.0990195135927845,3.1622776601683795,7.0710678118654755,7.0710678118654755,6.324555320336759,5.0,9.0,15.524174696260024,13.152946437965905,18.110770276274835,19.1049731745428,11.045361017187261,11.045361017187261,9.0,9.055385138137417,7.280109889280518,6.708203932499369,9.055385138137417,10.44030650891055,13.416407864998739,18.601075237738275,22.847319317591726
147.27525250360293,24.0,26.40075756488817,20.615528128088304,13.92838827718412,15.033296378372908,12.36931687685298,4.47213595499958,6.0,1.4142135623730951,7.211102550927978,14.142135623730951,15.524174696260024,13.92838827718412,14.317821063276353,18.384776310850235,19.4164878389476,12.0,15.132745950421556,9.0,8.54400374531753,12.36931687685298,5.0,2.0,5.830951894845301,3.605551275463989,3.1622776601683795,0.0,0.0,0.0,0.0,0.0,0.0,0.0,0.0,0.0,0.0,0.0,6.324555320336759,9.433981132056603,10.295630140987,8.48528137423857,14.7648230602334,9.219544457292887,11.704699910719626,11.180339887498949,12.649110640673518,14.7648230602334,16.15549442140351,13.416407864998739,13.601470508735444,15.264337522473747,16.492422502470642,7.211102550927978,10.04987562112089,9.433981132056603,8.602325267042627,5.0,7.0710678118654755,14.317821063276353,15.0,19.1049731745428,28.0178514522438,27.892651361962706
147.27525250360293,24.0,20.518284528683193,17.26267650163207,15.811388300841896,10.04987562112089,11.40175425099138,8.06225774829855,2.0,3.605551275463989,7.810249675906654,10.295630140987,11.180339887498949,11.180339887498949,13.0,15.033296378372908,13.038404810405298,15.297058540778355,8.246211251235321,8.602325267042627,5.0,5.656854249492381,5.0990195135927845,4.47213595499958,4.0,7.810249675906654,7.280109889280518,0.0,0.0,0.0,0.0,0.0,0.0,0.0,0.0,0.0,0.0,0.0,6.082762530298219,7.0,8.06225774829855,5.0990195135927845,7.0710678118654755,10.44030650891055,10.44030650891055,8.602325267042627,9.486832980505138,12.649110640673518,8.246211251235321,12.165525060596439,11.045361017187261,13.92838827718412,13.92838827718412,10.44030650891055,7.0,12.0,8.06225774829855,12.165525060596439,9.433981132056603,8.06225774829855,16.401219466856727,16.64331697709324,22.627416997969522,24.20743687382041
147.27525250360293,24.0,30.14962686336267,25.495097567963924,19.0,11.045361017187261,11.0,6.0,3.0,4.242640687119285,7.211102550927978,7.211102550927978,14.422205101855956,13.601470508735444,18.027756377319946,16.55294535724685,15.652475842498529,15.811388300841896,13.341664064126334,11.661903789690601,8.06225774829855,8.06225774829855,4.123105625617661,7.810249675906654,5.0,8.06225774829855,7.615773105863909,0.0,0.0,0.0,0.0,0.0,0.0,0.0,0.0,0.0,0.0,0.0,9.486832980505138,10.198039027185569,7.280109889280518,8.94427190999916,11.40175425099138,5.385164807134504,9.899494936611665,6.4031242374328485,11.180339887498949,12.649110640673518,15.620499351813308,14.317821063276353,15.811388300841896,18.35755975068582,19.235384061671343,15.811388300841896,15.620499351813308,10.770329614269007,4.47213595499958,5.830951894845301,10.63014581273465,9.0,17.0,19.026297590440446,25.019992006393608,26.019223662515376
147.27525250360293,24.0,29.410882339705484,25.0,21.400934559032695,21.470910553583888,17.46424919657298,12.206555615733702,7.0,6.324555320336759,3.1622776601683795,6.324555320336759,6.082762530298219,15.132745950421556,12.165525060596439,11.40175425099138,12.165525060596439,13.892443989449804,12.727922061357855,12.529964086141668,10.0,10.0,6.0,8.06225774829855,4.123105625617661,3.605551275463989,10.816653826391969,0.0,0.0,0.0,0.0,0.0,0.0,0.0,0.0,0.0,0.0,0.0,11.661903789690601,10.63014581273465,8.06225774829855,7.211102550927978,10.63014581273465,6.708203932499369,10.04987562112089,7.0710678118654755,7.615773105863909,10.198039027185569,12.165525060596439,15.231546211727817,17.204650534085253,16.15549442140351,20.396078054371138,16.1245154965971,25.019992006393608,13.92838827718412,13.038404810405298,11.180339887498949,6.324555320336759,2.23606797749979,3.1622776601683795,13.416407864998739,20.0,23.323807579381203
147.27525250360293,24.0,25.079872407968907,22.20360331117452,20.248456731316587,15.0,13.45362404707371,7.0710678118654755,5.0990195135927845,8.0,6.708203932499369,11.661903789690601,10.63014581273465,14.866068747318506,15.0,14.212670403551895,17.4928556845359,14.142135623730951,16.1245154965971,10.44030650891055,13.416407864998739,6.708203932499369,6.324555320336759,2.23606797749979,5.385164807134504,4.47213595499958,9.219544457292887,0.0,0.0,0.0,0.0,0.0,0.0,0.0,0.0,0.0,0.0,0.0,8.94427190999916,9.219544457292887,9.055385138137417,7.0710678118654755,6.708203932499369,9.219544457292887,9.055385138137417,8.602325267042627,12.806248474865697,14.422205101855956,12.206555615733702,12.041594578792296,13.416407864998739,15.620499351813308,12.727922061357855,12.041594578792296,12.529964086141668,12.206555615733702,5.385164807134504,8.54400374531753,12.041594578792296,11.661903789690601,14.866068747318506,24.758836806279895,25.238858928247925,25.80697580112788
147.27525250360293,24.0,21.37755832643195,25.019992006393608,17.029386365926403,21.095023109728988,13.92838827718412,12.041594578792296,13.601470508735444,5.0,1.4142135623730951,5.385164807134504,5.830951894845301,7.0710678118654755,14.212670403551895,11.180339887498949,13.892443989449804,10.770329614269007,16.1245154965971,10.04987562112089,5.0990195135927845,10.04987562112089,12.041594578792296,7.0710678118654755,3.1622776601683795,5.385164807134504,2.0,0.0,0.0,0.0,0.0,0.0,0.0,0.0,0.0,0.0,0.0,0.0,8.246211251235321,8.0,7.0710678118654755,9.0,10.816653826391969,5.385164807134504,3.605551275463989,5.830951894845301,8.94427190999916,13.152946437965905,8.246211251235321,13.0,21.18962010041709,17.029386365926403,15.811388300841896,18.384776310850235,15.652475842498529,17.46424919657298,13.038404810405298,10.816653826391969,6.324555320336759,6.4031242374328485,1.4142135623730951,13.341664064126334,18.027756377319946,17.46424919657298
64.0,4.0,25.0,22.02271554554524,22.47220505424423,13.92838827718412,17.88854381999832,14.422205101855956,11.180339887498949,4.0,7.0710678118654755,4.123105625617661,7.280109889280518,5.385164807134504,11.045361017187261,10.198039027185569,15.033296378372908,17.0,10.0,10.44030650891055,15.132745950421556,11.045361017187261,3.605551275463989,7.615773105863909,2.23606797749979,3.1622776601683795,8.06225774829855,0.0,0.0,0.0,0.0,0.0,0.0,0.0,0.0,0.0,0.0,0.0,7.0710678118654755,7.615773105863909,5.0990195135927845,7.615773105863909,11.045361017187261,11.661903789690601,12.041594578792296,14.422205101855956,12.206555615733702,9.219544457292887,13.601470508735444,14.317821063276353,14.422205101855956,14.7648230602334,14.422205101855956,17.08800749063506,15.132745950421556,17.69180601295413,10.816653826391969,18.35755975068582,11.40175425099138,8.602325267042627,12.041594578792296,8.602325267042627,17.72004514666935,19.697715603592208
147.27525250360293,24.0,27.313000567495326,24.73863375370596,22.847319317591726,19.4164878389476,15.033296378372908,13.0,4.0,9.433981132056603,5.656854249492381,5.830951894845301,5.0,12.529964086141668,11.313708498984761,17.26267650163207,12.529964086141668,8.246211251235321,19.1049731745428,15.132745950421556,13.416407864998739,7.280109889280518,7.280109889280518,9.433981132056603,6.0,5.0990195135927845,4.47213595499958,0.0,0.0,0.0,0.0,0.0,0.0,0.0,0.0,0.0,0.0,0.0,11.40175425099138,7.810249675906654,12.041594578792296,4.47213595499958,10.816653826391969,9.486832980505138,5.0,5.830951894845301,7.280109889280518,12.041594578792296,10.63014581273465,14.7648230602334,13.0,12.806248474865697,19.79898987322333,19.79898987322333,13.601470508735444,14.142135623730951,13.92838827718412,8.48528137423857,7.211102550927978,6.0,13.341664064126334,12.041594578792296,17.204650534085253,17.804493814764857
147.27525250360293,24.0,25.0,20.09975124224178,20.223748416156685,21.633307652783937,16.55294535724685,16.76305461424021,13.416407864998739,11.40175425099138,5.385164807134504,9.899494936611665,6.4031242374328485,16.1245154965971,9.433981132056603,13.601470508735444,11.661903789690601,14.866068747318506,15.652475842498529,10.816653826391969,13.601470508735444,16.15549442140351,12.041594578792296,6.324555320336759,6.082762530298219,8.0,6.4031242374328485,0.0,0.0,0.0,0.0,0.0,0.0,0.0,0.0,0.0,0.0,0.0,9.433981132056603,11.313708498984761,12.806248474865697,16.278820596099706,12.041594578792296,10.295630140987,10.63014581273465,9.899494936611665,11.40175425099138,9.219544457292887,8.602325267042627,7.810249675906654,12.206555615733702,11.313708498984761,14.7648230602334,14.422205101855956,13.45362404707371,14.560219778561036,19.209372712298546,14.212670403551895,11.180339887498949,13.45362404707371,15.231546211727817,15.811388300841896,18.027756377319946,20.8806130178211
147.27525250360293,24.0,26.832815729997478,20.024984394500787,22.20360331117452,17.26267650163207,11.40175425099138,13.0,3.605551275463989,6.4031242374328485,9.433981132056603,11.40175425099138,12.0,6.708203932499369,12.36931687685298,12.0,15.297058540778355,16.0,11.661903789690601,12.083045973594572,13.038404810405298,12.806248474865697,11.180339887498949,3.1622776601683795,6.082762530298219,6.0,3.605551275463989,0.0,0.0,0.0,0.0,0.0,0.0,0.0,0.0,0.0,0.0,0.0,9.848857801796104,7.211102550927978,7.211102550927978,5.656854249492381,8.94427190999916,14.212670403551895,9.219544457292887,5.385164807134504,14.866068747318506,12.529964086141668,11.180339887498949,17.4928556845359,11.661903789690601,16.401219466856727,15.811388300841896,14.212670403551895,13.038404810405298,8.54400374531753,14.317821063276353,8.602325267042627,8.54400374531753,11.40175425099138,12.529964086141668,15.652475842498529,21.2602916254693,26.40075756488817
147.27525250360293,24.0,22.135943621178654,21.633307652783937,21.02379604162864,17.204650534085253,11.661903789690601,16.55294535724685,7.280109889280518,3.605551275463989,8.54400374531753,9.433981132056603,9.433981132056603,13.45362404707371,11.40175425099138,14.212670403551895,16.64331697709324,11.313708498984761,14.866068747318506,16.76305461424021,10.770329614269007,12.0,9.0,10.04987562112089,8.602325267042627,4.47213595499958,4.0,0.0,0.0,0.0,0.0,0.0,0.0,0.0,0.0,0.0,0.0,0.0,8.0,10.44030650891055,9.219544457292887,3.1622776601683795,12.0,10.0,8.06225774829855,10.770329614269007,15.132745950421556,7.0,11.180339887498949,13.601470508735444,12.36931687685298,12.165525060596439,14.0,15.132745950421556,12.165525060596439,15.033296378372908,9.055385138137417,10.63014581273465,9.486832980505138,8.246211251235321,13.601470508735444,15.132745950421556,20.396078054371138,24.698178070456937
147.27525250360293,24.0,29.017236257093817,26.076809620810597,24.0,14.560219778561036,11.40175425099138,6.082762530298219,6.708203932499369,11.40175425099138,5.0990195135927845,8.54400374531753,11.180339887498949,15.652475842498529,14.0,13.152946437965905,14.142135623730951,12.36931687685298,14.0,11.661903789690601,11.180339887498949,9.219544457292887,10.44030650891055,7.0710678118654755,4.47213595499958,3.1622776601683795,7.211102550927978,0.0,0.0,0.0,0.0,0.0,0.0,0.0,0.0,0.0,0.0,0.0,8.0,7.0,9.486832980505138,10.04987562112089,8.246211251235321,9.0,12.041594578792296,9.0,7.810249675906654,12.041594578792296,10.44030650891055,12.165525060596439,17.26267650163207,12.165525060596439,15.231546211727817,12.041594578792296,10.770329614269007,13.601470508735444,10.295630140987,7.810249675906654,11.704699910719626,13.0,8.246211251235321,18.027756377319946,23.08679276123039,26.1725046566048
147.27525250360293,24.0,31.622776601683793,22.47220505424423,21.18962010041709,18.788294228055936,18.384776310850235,14.317821063276353,7.810249675906654,7.280109889280518,4.0,5.385164807134504,12.041594578792296,14.7648230602334,13.92838827718412,11.661903789690601,11.40175425099138,13.341664064126334,15.231546211727817,14.142135623730951,6.324555320336759,7.810249675906654,11.180339887498949,8.94427190999916,3.605551275463989,4.123105625617661,4.47213595499958,0.0,0.0,0.0,0.0,0.0,0.0,0.0,0.0,0.0,0.0,0.0,7.0710678118654755,10.770329614269007,5.830951894845301,6.4031242374328485,3.1622776601683795,3.605551275463989,3.1622776601683795,6.324555320336759,7.280109889280518,6.4031242374328485,10.63014581273465,12.165525060596439,14.866068747318506,12.083045973594572,18.439088914585774,16.76305461424021,14.317821063276353,15.033296378372908,11.180339887498949,8.94427190999916,7.810249675906654,5.0,6.324555320336759,11.661903789690601,15.620499351813308,23.853720883753127
147.27525250360293,24.0,22.47220505424423,18.027756377319946,15.620499351813308,14.212670403551895,9.219544457292887,7.0710678118654755,6.4031242374328485,5.0,10.44030650891055,11.180339887498949,9.486832980505138,9.219544457292887,18.110770276274835,14.317821063276353,17.72004514666935,11.40175425099138,17.0,12.806248474865697,8.94427190999916,2.23606797749979,3.605551275463989,1.4142135623730951,3.605551275463989,5.0990195135927845,5.385164807134504,0.0,0.0,0.0,0.0,0.0,0.0,0.0,0.0,0.0,0.0,0.0,10.04987562112089,5.0990195135927845,8.06225774829855,4.0,11.180339887498949,10.44030650891055,9.486832980505138,9.848857801796104,12.36931687685298,14.560219778561036,14.317821063276353,13.416407864998739,9.219544457292887,14.142135623730951,13.0,12.165525060596439,9.0,9.486832980505138,10.198039027185569,10.63014581273465,7.280109889280518,14.142135623730951,15.132745950421556,20.024984394500787,25.079872407968907,23.021728866442675
147.27525250360293,24.0,23.40939982143925,31.78049716414141,17.88854381999832,23.08679276123039,17.46424919657298,9.219544457292887,12.165525060596439,5.0,2.0,11.40175425099138,9.055385138137417,7.810249675906654,12.165525060596439,15.231546211727817,10.04987562112089,15.620499351813308,11.40175425099138,16.97056274847714,16.64331697709324,9.219544457292887,8.54400374531753,7.211102550927978,10.0,7.810249675906654,3.0,0.0,0.0,0.0,0.0,0.0,0.0,0.0,0.0,0.0,0.0,0.0,10.04987562112089,10.0,6.324555320336759,7.0710678118654755,8.06225774829855,7.0710678118654755,9.0,12.0,9.486832980505138,9.486832980505138,8.54400374531753,12.36931687685298,11.045361017187261,11.180339887498949,15.033296378372908,16.492422502470642,15.132745950421556,14.035668847618199,11.180339887498949,8.246211251235321,8.94427190999916,5.830951894845301,9.433981132056603,12.529964086141668,15.033296378372908,21.840329667841555
64.0,4.0,24.331050121192877,22.360679774997898,24.698178070456937,20.591260281974,13.601470508735444,12.041594578792296,5.830951894845301,3.0,1.0,4.0,6.082762530298219,15.132745950421556,12.206555615733702,12.206555615733702,13.45362404707371,13.892443989449804,12.206555615733702,9.433981132056603,9.055385138137417,10.770329614269007,11.40175425099138,6.082762530298219,3.0,4.242640687119285,5.0,0.0,0.0,0.0,0.0,0.0,0.0,0.0,0.0,0.0,0.0,0.0,6.708203932499369,3.1622776601683795,6.082762530298219,5.0990195135927845,2.8284271247461903,7.211102550927978,4.47213595499958,8.602325267042627,11.0,12.165525060596439,8.06225774829855,17.26267650163207,12.649110640673518,15.811388300841896,10.198039027185569,14.422205101855956,12.165525060596439,12.041594578792296,4.123105625617661,10.0,0.0,4.0,10.44030650891055,16.64331697709324,20.396078054371138,21.93171219946131
147.27525250360293,24.0,27.16615541441225,20.248456731316587,20.024984394500787,19.1049731745428,15.132745950421556,10.04987562112089,10.198039027185569,2.23606797749979,14.317821063276353,11.180339887498949,14.035668847618199,12.727922061357855,18.384776310850235,14.317821063276353,15.033296378372908,12.041594578792296,10.770329614269007,11.045361017187261,14.035668847618199,8.0,7.0710678118654755,9.219544457292887,4.242640687119285,5.0990195135927845,9.219544457292887,0.0,0.0,0.0,0.0,0.0,0.0,0.0,0.0,0.0,0.0,0.0,14.142135623730951,10.04987562112089,8.94427190999916,11.180339887498949,7.0710678118654755,5.830951894845301,5.0990195135927845,9.433981132056603,7.211102550927978,10.295630140987,12.806248474865697,5.385164807134504,13.601470508735444,15.0,7.810249675906654,18.027756377319946,14.317821063276353,15.297058540778355,12.165525060596439,9.219544457292887,7.280109889280518,6.324555320336759,16.15549442140351,12.165525060596439,17.029386365926403,31.953090617340916
147.27525250360293,24.0,23.853720883753127,24.413111231467404,22.80350850198276,16.278820596099706,17.029386365926403,9.486832980505138,10.816653826391969,4.242640687119285,3.0,11.180339887498949,6.082762530298219,7.280109889280518,11.704699910719626,10.295630140987,13.038404810405298,14.035668847618199,17.72004514666935,12.041594578792296,8.246211251235321,10.04987562112089,9.433981132056603,4.0,4.123105625617661,5.0,2.8284271247461903,0.0,0.0,0.0,0.0,0.0,0.0,0.0,0.0,0.0,0.0,0.0,12.041594578792296,11.40175425099138,7.0710678118654755,8.06225774829855,9.0,8.246211251235321,7.615773105863909,5.656854249492381,9.848857801796104,5.830951894845301,13.92838827718412,10.04987562112089,11.40175425099138,10.44030650891055,13.341664064126334,11.40175425099138,21.37755832643195,11.0,11.0,7.280109889280518,2.0,6.4031242374328485,4.123105625617661,13.892443989449804,16.1245154965971,20.0
147.27525250360293,24.0,23.021728866442675,24.186773244895647,20.248456731316587,20.248456731316587,18.35755975068582,12.165525060596439,13.601470508735444,7.0,2.23606797749979,5.0990195135927845,5.830951894845301,6.324555320336759,11.40175425099138,12.206555615733702,7.810249675906654,12.041594578792296,11.180339887498949,10.198039027185569,10.0,12.041594578792296,9.486832980505138,9.0,6.324555320336759,3.1622776601683795,5.656854249492381,0.0,0.0,0.0,0.0,0.0,0.0,0.0,0.0,0.0,0.0,0.0,10.04987562112089,11.704699910719626,14.142135623730951,14.317821063276353,9.848857801796104,11.40175425099138,7.280109889280518,5.0,5.0990195135927845,14.866068747318506,8.246211251235321,14.422205101855956,13.601470508735444,13.038404810405298,18.973665961010276,20.248456731316587,19.313207915827967,20.12461179749811,13.892443989449804,14.212670403551895,11.704699910719626,7.0710678118654755,11.40175425099138,12.083045973594572,10.63014581273465,13.038404810405298
147.27525250360293,24.0,24.186773244895647,24.0,25.0,19.1049731745428,17.26267650163207,12.649110640673518,13.152946437965905,3.605551275463989,5.0,3.605551275463989,9.0,12.041594578792296,12.0,11.180339887498949,14.142135623730951,18.027756377319946,13.0,17.88854381999832,13.038404810405298,11.661903789690601,9.219544457292887,7.0710678118654755,6.708203932499369,2.23606797749979,3.0,0.0,0.0,0.0,0.0,0.0,0.0,0.0,0.0,0.0,0.0,0.0,9.219544457292887,10.198039027185569,10.04987562112089,12.041594578792296,12.0,7.280109889280518,15.132745950421556,12.041594578792296,12.041594578792296,11.045361017187261,11.704699910719626,9.848857801796104,11.180339887498949,15.652475842498529,18.384776310850235,22.135943621178654,20.024984394500787,14.317821063276353,21.095023109728988,16.15549442140351,11.704699910719626,13.601470508735444,12.649110640673518,16.492422502470642,20.024984394500787,17.11724276862369
147.27525250360293,24.0,28.284271247461902,20.615528128088304,19.79898987322333,16.401219466856727,14.212670403551895,8.0,6.324555320336759,5.830951894845301,5.0,7.0,12.0,16.278820596099706,10.44030650891055,14.317821063276353,16.1245154965971,15.231546211727817,18.973665961010276,17.46424919657298,8.94427190999916,8.94427190999916,5.656854249492381,7.211102550927978,4.242640687119285,7.0,5.656854249492381,0.0,0.0,0.0,0.0,0.0,0.0,0.0,0.0,0.0,0.0,0.0,7.615773105863909,6.082762530298219,8.06225774829855,7.211102550927978,4.123105625617661,7.0710678118654755,9.219544457292887,8.0,8.94427190999916,15.297058540778355,17.029386365926403,12.083045973594572,11.40175425099138,15.231546211727817,13.038404810405298,12.806248474865697,12.649110640673518,12.041594578792296,6.708203932499369,6.082762530298219,5.0990195135927845,15.556349186104045,17.08800749063506,16.1245154965971,25.553864678361276,24.758836806279895
64.0,4.0,23.53720459187964,23.769728648009426,23.345235059857504,18.867962264113206,21.095023109728988,14.560219778561036,12.041594578792296,5.0990195135927845,3.605551275463989,3.1622776601683795,6.324555320336759,10.816653826391969,9.486832980505138,12.041594578792296,11.045361017187261,13.341664064126334,11.704699910719626,19.026297590440446,17.029386365926403,9.219544457292887,7.0710678118654755,9.0,6.082762530298219,2.0,5.0990195135927845,0.0,0.0,0.0,0.0,0.0,0.0,0.0,0.0,0.0,0.0,0.0,10.816653826391969,9.219544457292887,12.083045973594572,11.661903789690601,9.433981132056603,10.04987562112089,6.708203932499369,3.605551275463989,3.605551275463989,8.94427190999916,7.211102550927978,11.40175425099138,13.892443989449804,16.401219466856727,13.45362404707371,19.1049731745428,17.88854381999832,19.1049731745428,12.806248474865697,10.295630140987,12.529964086141668,1.4142135623730951,3.0,6.324555320336759,9.433981132056603,12.165525060596439
147.27525250360293,24.0,17.08800749063506,19.1049731745428,21.18962010041709,17.72004514666935,6.4031242374328485,5.656854249492381,1.0,5.656854249492381,10.816653826391969,9.899494936611665,14.212670403551895,17.26267650163207,14.866068747318506,15.264337522473747,16.1245154965971,12.206555615733702,10.816653826391969,11.40175425099138,6.324555320336759,7.615773105863909,6.082762530298219,4.47213595499958,4.47213595499958,2.8284271247461903,9.055385138137417,0.0,0.0,0.0,0.0,0.0,0.0,0.0,0.0,0.0,0.0,0.0,5.656854249492381,9.219544457292887,8.06225774829855,10.0,11.704699910719626,9.433981132056603,11.180339887498949,10.198039027185569,11.661903789690601,10.0,16.64331697709324,12.806248474865697,8.48528137423857,10.295630140987,9.433981132056603,8.06225774829855,12.529964086141668,6.0,8.06225774829855,13.341664064126334,14.212670403551895,15.264337522473747,20.248456731316587,22.20360331117452,25.632011235952593,26.627053911388696
147.27525250360293,24.0,28.0178514522438,23.194827009486403,23.0,17.72004514666935,13.416407864998739,8.06225774829855,5.830951894845301,6.708203932499369,2.0,10.0,8.246211251235321,15.524174696260024,17.204650534085253,11.704699910719626,16.55294535724685,17.08800749063506,17.4928556845359,15.620499351813308,13.892443989449804,13.038404810405298,5.0990195135927845,6.4031242374328485,3.1622776601683795,5.0,6.4031242374328485,0.0,0.0,0.0,0.0,0.0,0.0,0.0,0.0,0.0,0.0,0.0,5.0990195135927845,5.385164807134504,4.123105625617661,4.0,4.123105625617661,9.055385138137417,7.211102550927978,4.123105625617661,10.0,10.295630140987,14.142135623730951,17.0,16.15549442140351,17.4928556845359,16.55294535724685,17.46424919657298,15.231546211727817,9.848857801796104,11.40175425099138,3.1622776601683795,7.211102550927978,8.602325267042627,12.083045973594572,14.035668847618199,19.1049731745428,29.017236257093817
64.0,4.0,25.0,22.80350850198276,22.825424421026653,15.620499351813308,10.816653826391969,6.4031242374328485,11.180339887498949,9.486832980505138,7.810249675906654,7.280109889280518,13.416407864998739,11.40175425099138,17.204650534085253,14.317821063276353,20.615528128088304,17.08800749063506,14.317821063276353,16.1245154965971,18.384776310850235,11.045361017187261,6.708203932499369,2.8284271247461903,6.082762530298219,7.615773105863909,3.605551275463989,0.0,0.0,0.0,0.0,0.0,0.0,0.0,0.0,0.0,0.0,0.0,6.4031242374328485,4.47213595499958,4.47213595499958,5.0,3.605551275463989,7.615773105863909,7.280109889280518,10.63014581273465,4.47213595499958,10.816653826391969,10.816653826391969,10.63014581273465,12.529964086141668,13.45362404707371,11.40175425099138,13.0,11.661903789690601,8.602325267042627,7.280109889280518,8.0,10.295630140987,14.317821063276353,15.811388300841896,21.2602916254693,27.80287754891569,28.319604517012593
147.27525250360293,24.0,26.0,20.8806130178211,21.840329667841555,21.095023109728988,15.033296378372908,15.0,10.63014581273465,5.656854249492381,8.48528137423857,2.23606797749979,11.40175425099138,12.529964086141668,16.55294535724685,15.524174696260024,16.76305461424021,14.866068747318506,17.69180601295413,14.317821063276353,13.45362404707371,11.180339887498949,11.40175425099138,7.0710678118654755,3.605551275463989,5.656854249492381,7.211102550927978,0.0,0.0,0.0,0.0,0.0,0.0,0.0,0.0,0.0,0.0,0.0,12.041594578792296,13.152946437965905,10.198039027185569,9.219544457292887,2.0,10.198039027185569,7.615773105863909,7.0710678118654755,9.486832980505138,16.64331697709324,10.0,12.529964086141668,14.317821063276353,18.24828759089466,18.681541692269406,18.601075237738275,14.866068747318506,19.235384061671343,14.317821063276353,12.529964086141668,12.041594578792296,8.602325267042627,9.433981132056603,16.0,14.0,25.019992006393608
64.0,4.0,21.633307652783937,21.95449840010015,15.811388300841896,10.63014581273465,9.055385138137417,7.211102550927978,7.615773105863909,5.830951894845301,10.770329614269007,12.529964086141668,11.313708498984761,12.529964086141668,15.231546211727817,18.384776310850235,14.035668847618199,15.231546211727817,10.198039027185569,12.041594578792296,11.661903789690601,4.47213595499958,8.246211251235321,4.242640687119285,5.0990195135927845,2.23606797749979,5.830951894845301,0.0,0.0,0.0,0.0,0.0,0.0,0.0,0.0,0.0,0.0,0.0,6.082762530298219,8.602325267042627,8.54400374531753,4.47213595499958,10.295630140987,10.44030650891055,5.0990195135927845,12.529964086141668,12.041594578792296,7.211102550927978,10.295630140987,12.041594578792296,12.727922061357855,10.816653826391969,9.219544457292887,10.816653826391969,11.0,7.810249675906654,8.48528137423857,9.0,12.083045973594572,12.041594578792296,14.560219778561036,19.4164878389476,24.08318915758459,22.02271554554524
147.27525250360293,24.0,27.294688127912362,21.18962010041709,17.72004514666935,14.317821063276353,8.602325267042627,9.433981132056603,5.0990195135927845,11.704699910719626,11.40175425099138,15.231546211727817,15.524174696260024,20.808652046684813,16.15549442140351,15.132745950421556,17.11724276862369,16.0312195418814,12.041594578792296,7.0,9.486832980505138,12.206555615733702,7.280109889280518,1.4142135623730951,1.4142135623730951,4.242640687119285,7.211102550927978,0.0,0.0,0.0,0.0,0.0,0.0,0.0,0.0,0.0,0.0,0.0,9.055385138137417,9.0,8.246211251235321,6.082762530298219,16.492422502470642,11.180339887498949,11.40175425099138,10.816653826391969,14.866068747318506,14.317821063276353,12.649110640673518,12.36931687685298,18.24828759089466,13.45362404707371,14.317821063276353,10.0,9.219544457292887,11.045361017187261,10.44030650891055,10.0,12.806248474865697,23.345235059857504,21.93171219946131,16.401219466856727,26.1725046566048,31.827660925679098
147.27525250360293,24.0,26.0,21.02379604162864,24.331050121192877,20.09975124224178,14.317821063276353,12.041594578792296,8.54400374531753,3.1622776601683795,5.0990195135927845,12.649110640673518,13.601470508735444,10.198039027185569,16.0312195418814,17.72004514666935,17.26267650163207,15.132745950421556,18.0,13.152946437965905,11.045361017187261,8.06225774829855,5.830951894845301,9.848857801796104,1.4142135623730951,1.4142135623730951,2.0,0.0,0.0,0.0,0.0,0.0,0.0,0.0,0.0,0.0,0.0,0.0,6.324555320336759,8.06225774829855,8.06225774829855,7.280109889280518,4.123105625617661,6.4031242374328485,8.602325267042627,8.06225774829855,5.0990195135927845,10.0,11.0,15.033296378372908,11.045361017187261,15.0,20.0,16.492422502470642,15.033296378372908,9.848857801796104,10.295630140987,6.708203932499369,2.23606797749979,6.4031242374328485,12.649110640673518,16.0312195418814,17.0,28.284271247461902
147.27525250360293,24.0,29.832867780352597,25.80697580112788,25.942243542145693,17.804493814764857,11.313708498984761,11.180339887498949,10.295630140987,6.4031242374328485,7.810249675906654,12.36931687685298,13.45362404707371,15.811388300841896,19.4164878389476,18.384776310850235,15.620499351813308,16.76305461424021,17.88854381999832,14.866068747318506,14.317821063276353,8.54400374531753,8.06225774829855,8.246211251235321,4.47213595499958,3.1622776601683795,5.0,0.0,0.0,0.0,0.0,0.0,0.0,0.0,0.0,0.0,0.0,0.0,9.486832980505138,10.295630140987,9.848857801796104,5.656854249492381,6.4031242374328485,12.206555615733702,7.810249675906654,8.94427190999916,7.0710678118654755,12.041594578792296,14.560219778561036,13.0,14.7648230602334,12.206555615733702,16.401219466856727,15.0,14.866068747318506,16.492422502470642,13.45362404707371,10.44030650891055,15.0,6.324555320336759,12.727922061357855,14.866068747318506,18.35755975068582,24.758836806279895
147.27525250360293,24.0,25.0,23.259406699226016,14.212670403551895,16.278820596099706,16.55294535724685,8.94427190999916,7.615773105863909,6.4031242374328485,4.242640687119285,2.0,8.94427190999916,13.152946437965905,9.899494936611665,12.529964086141668,17.804493814764857,14.317821063276353,15.620499351813308,17.029386365926403,13.45362404707371,7.211102550927978,7.810249675906654,1.0,3.1622776601683795,2.8284271247461903,3.605551275463989,0.0,0.0,0.0,0.0,0.0,0.0,0.0,0.0,0.0,0.0,0.0,9.055385138137417,7.0,7.0710678118654755,8.246211251235321,6.0,8.06225774829855,8.246211251235321,8.602325267042627,9.899494936611665,13.92838827718412,11.180339887498949,15.132745950421556,14.212670403551895,17.0,14.212670403551895,16.55294535724685,17.46424919657298,14.142135623730951,11.180339887498949,9.899494936611665,8.0,12.36931687685298,10.816653826391969,16.278820596099706,20.518284528683193,23.430749027719962
147.27525250360293,24.0,21.540659228538015,21.840329667841555,18.384776310850235,13.152946437965905,17.0,13.341664064126334,9.486832980505138,2.23606797749979,5.0,5.830951894845301,8.602325267042627,13.601470508735444,14.212670403551895,13.45362404707371,18.439088914585774,18.384776310850235,12.083045973594572,16.97056274847714,14.866068747318506,11.661903789690601,10.295630140987,9.055385138137417,5.0990195135927845,6.0,5.0,0.0,0.0,0.0,0.0,0.0,0.0,0.0,0.0,0.0,0.0,0.0,7.615773105863909,4.47213595499958,4.0,6.082762530298219,5.830951894845301,2.23606797749979,9.848857801796104,8.54400374531753,7.0,9.848857801796104,10.295630140987,12.36931687685298,12.0,15.652475842498529,18.384776310850235,13.152946437965905,11.704699910719626,15.264337522473747,10.04987562112089,4.123105625617661,5.656854249492381,3.1622776601683795,4.123105625617661,10.770329614269007,13.45362404707371,14.317821063276353
147.27525250360293,24.0,23.706539182259394,27.202941017470888,25.317977802344327,20.518284528683193,19.849433241279208,6.082762530298219,8.602325267042627,5.0990195135927845,3.1622776601683795,9.486832980505138,14.0,13.038404810405298,11.180339887498949,16.1245154965971,12.36931687685298,17.26267650163207,15.811388300841896,10.63014581273465,11.40175425099138,9.219544457292887,8.06225774829855,8.602325267042627,7.0,6.324555320336759,7.0710678118654755,0.0,0.0,0.0,0.0,0.0,0.0,0.0,0.0,0.0,0.0,0.0,10.295630140987,10.816653826391969,10.816653826391969,6.708203932499369,7.810249675906654,10.816653826391969,7.810249675906654,8.48528137423857,8.54400374531753,10.198039027185569,10.04987562112089,12.649110640673518,16.1245154965971,15.033296378372908,18.681541692269406,13.601470508735444,11.180339887498949,11.704699910719626,12.083045973594572,6.082762530298219,8.54400374531753,1.4142135623730951,9.433981132056603,10.770329614269007,20.223748416156685,21.02379604162864
147.27525250360293,24.0,32.7566787083184,24.041630560342615,20.615528128088304,23.345235059857504,20.248456731316587,10.0,8.0,4.242640687119285,5.830951894845301,11.704699910719626,7.0710678118654755,15.297058540778355,14.0,15.033296378372908,14.866068747318506,16.1245154965971,16.278820596099706,18.681541692269406,11.704699910719626,8.94427190999916,7.615773105863909,6.4031242374328485,3.1622776601683795,5.656854249492381,9.0,0.0,0.0,0.0,0.0,0.0,0.0,0.0,0.0,0.0,0.0,0.0,9.055385138137417,6.324555320336759,8.54400374531753,8.0,8.54400374531753,1.4142135623730951,7.0710678118654755,17.0,13.038404810405298,8.94427190999916,14.866068747318506,14.422205101855956,15.0,16.64331697709324,12.083045973594572,17.46424919657298,14.035668847618199,7.211102550927978,7.280109889280518,9.055385138137417,6.082762530298219,13.601470508735444,7.0,15.811388300841896,19.72308292331602,20.248456731316587
98.48857801796105,14.0,23.021728866442675,19.026297590440446,14.317821063276353,14.142135623730951,11.045361017187261,10.198039027185569,10.44030650891055,5.385164807134504,11.180339887498949,11.40175425099138,11.40175425099138,15.811388300841896,12.206555615733702,17.204650534085253,16.401219466856727,21.2602916254693,17.0,13.416407864998739,12.36931687685298,7.280109889280518,6.324555320336759,8.54400374531753,4.47213595499958,4.123105625617661,6.708203932499369,0.0,0.0,0.0,0.0,0.0,0.0,0.0,0.0,0.0,0.0,0.0,8.54400374531753,8.246211251235321,7.280109889280518,7.280109889280518,9.486832980505138,7.0710678118654755,9.848857801796104,6.324555320336759,12.806248474865697,14.560219778561036,8.06225774829855,8.94427190999916,11.40175425099138,13.038404810405298,12.041594578792296,14.422205101855956,14.142135623730951,13.92838827718412,10.63014581273465,13.0,10.04987562112089,10.0,17.08800749063506,20.0,19.924858845171276,24.73863375370596
147.27525250360293,24.0,27.784887978899608,24.698178070456937,19.235384061671343,16.15549442140351,14.7648230602334,5.830951894845301,5.385164807134504,9.055385138137417,10.44030650891055,13.0,12.529964086141668,11.180339887498949,12.36931687685298,16.0312195418814,15.033296378372908,13.341664064126334,15.132745950421556,12.041594578792296,9.219544457292887,6.0,8.06225774829855,4.242640687119285,5.385164807134504,5.0990195135927845,7.280109889280518,0.0,0.0,0.0,0.0,0.0,0.0,0.0,0.0,0.0,0.0,0.0,8.06225774829855,9.055385138137417,14.142135623730951,11.0,11.704699910719626,13.152946437965905,12.165525060596439,13.341664064126334,14.142135623730951,6.708203932499369,15.231546211727817,16.1245154965971,15.811388300841896,13.416407864998739,16.278820596099706,13.0,14.0,11.045361017187261,8.06225774829855,10.816653826391969,12.206555615733702,17.69180601295413,17.804493814764857,21.2602916254693,28.0178514522438,18.439088914585774
147.27525250360293,24.0,23.08679276123039,21.587033144922902,28.071337695236398,13.341664064126334,11.045361017187261,8.54400374531753,2.0,10.0,6.324555320336759,7.280109889280518,19.1049731745428,14.212670403551895,13.038404810405298,16.15549442140351,19.026297590440446,13.341664064126334,16.76305461424021,14.035668847618199,13.341664064126334,10.770329614269007,6.082762530298219,5.656854249492381,5.0,7.280109889280518,6.708203932499369,0.0,0.0,0.0,0.0,0.0,0.0,0.0,0.0,0.0,0.0,0.0,8.94427190999916,9.055385138137417,9.433981132056603,8.246211251235321,12.36931687685298,10.63014581273465,5.385164807134504,8.48528137423857,7.211102550927978,17.0,13.92838827718412,14.422205101855956,18.384776310850235,15.264337522473747,15.811388300841896,19.313207915827967,14.035668847618199,9.219544457292887,9.486832980505138,7.810249675906654,11.180339887498949,11.180339887498949,16.0312195418814,19.235384061671343,25.298221281347036,23.769728648009426
147.27525250360293,24.0,23.021728866442675,20.024984394500787,17.46424919657298,20.223748416156685,14.317821063276353,11.0,2.23606797749979,4.47213595499958,2.0,7.280109889280518,7.810249675906654,16.1245154965971,15.132745950421556,10.04987562112089,16.0,17.11724276862369,17.46424919657298,14.317821063276353,10.0,12.206555615733702,5.830951894845301,6.4031242374328485,3.0,5.0,1.0,0.0,0.0,0.0,0.0,0.0,0.0,0.0,0.0,0.0,0.0,0.0,6.4031242374328485,6.0,6.708203932499369,10.295630140987,11.180339887498949,10.770329614269007,10.770329614269007,11.40175425099138,14.560219778561036,13.92838827718412,16.492422502470642,14.142135623730951,10.44030650891055,16.0,11.180339887498949,13.038404810405298,11.40175425099138,10.44030650891055,9.848857801796104,14.142135623730951,10.44030650891055,10.44030650891055,11.704699910719626,19.235384061671343,25.079872407968907,22.847319317591726
64.0,4.0,28.0178514522438,25.0,22.02271554554524,11.180339887498949,12.041594578792296,5.385164807134504,4.0,5.830951894845301,8.94427190999916,7.0710678118654755,13.038404810405298,15.033296378372908,15.297058540778355,19.6468827043885,18.681541692269406,15.231546211727817,13.341664064126334,12.806248474865697,16.1245154965971,12.041594578792296,8.602325267042627,4.47213595499958,6.324555320336759,1.4142135623730951,1.0,0.0,0.0,0.0,0.0,0.0,0.0,0.0,0.0,0.0,0.0,0.0,13.341664064126334,7.0710678118654755,4.47213595499958,5.385164807134504,3.1622776601683795,6.4031242374328485,3.1622776601683795,5.0,6.324555320336759,11.661903789690601,10.770329614269007,11.661903789690601,11.661903789690601,15.231546211727817,18.027756377319946,15.297058540778355,13.601470508735444,11.40175425099138,10.04987562112089,5.656854249492381,8.06225774829855,6.708203932499369,12.206555615733702,17.0,25.942243542145693,28.653097563788805
147.27525250360293,24.0,24.413111231467404,22.20360331117452,18.027756377319946,16.278820596099706,13.601470508735444,10.295630140987,6.4031242374328485,2.0,5.830951894845301,5.385164807134504,8.0,16.492422502470642,17.08800749063506,14.035668847618199,12.36931687685298,14.560219778561036,16.492422502470642,16.492422502470642,10.295630140987,14.317821063276353,6.708203932499369,5.385164807134504,4.0,2.23606797749979,4.123105625617661,0.0,0.0,0.0,0.0,0.0,0.0,0.0,0.0,0.0,0.0,0.0,7.0710678118654755,10.770329614269007,7.615773105863909,8.602325267042627,8.48528137423857,9.219544457292887,7.0710678118654755,10.63014581273465,10.04987562112089,7.280109889280518,15.132745950421556,15.132745950421556,13.0,19.235384061671343,20.09975124224178,10.295630140987,15.033296378372908,15.0,11.180339887498949,5.0990195135927845,5.385164807134504,3.605551275463989,6.324555320336759,11.40175425099138,19.1049731745428,18.867962264113206
147.27525250360293,24.0,20.024984394500787,25.079872407968907,16.492422502470642,18.027756377319946,17.029386365926403,12.0,10.04987562112089,3.0,2.23606797749979,5.385164807134504,6.708203932499369,12.206555615733702,15.652475842498529,13.416407864998739,11.704699910719626,14.866068747318506,17.0,13.92838827718412,12.727922061357855,11.661903789690601,7.280109889280518,7.211102550927978,5.656854249492381,4.47213595499958,3.1622776601683795,0.0,0.0,0.0,0.0,0.0,0.0,0.0,0.0,0.0,0.0,0.0,10.04987562112089,6.082762530298219,7.280109889280518,7.615773105863909,8.54400374531753,1.4142135623730951,3.1622776601683795,3.1622776601683795,5.0,5.830951894845301,11.180339887498949,13.601470508735444,15.231546211727817,15.811388300841896,15.132745950421556,14.560219778561036,18.24828759089466,15.033296378372908,9.219544457292887,9.219544457292887,6.0,8.246211251235321,8.54400374531753,11.045361017187261,20.09975124224178,25.019992006393608
147.27525250360293,24.0,20.8806130178211,14.317821063276353,13.341664064126334,15.231546211727817,5.385164807134504,5.830951894845301,5.0990195135927845,5.0,8.54400374531753,12.806248474865697,14.212670403551895,18.439088914585774,15.0,16.97056274847714,15.811388300841896,10.63014581273465,13.45362404707371,15.652475842498529,12.041594578792296,6.708203932499369,6.0,4.123105625617661,1.0,3.1622776601683795,6.082762530298219,0.0,0.0,0.0,0.0,0.0,0.0,0.0,0.0,0.0,0.0,0.0,5.0,5.0,4.47213595499958,3.0,6.708203932499369,8.602325267042627,7.615773105863909,8.06225774829855,12.36931687685298,11.40175425099138,12.649110640673518,11.40175425099138,10.198039027185569,15.524174696260024,14.560219778561036,10.44030650891055,8.246211251235321,7.280109889280518,7.211102550927978,3.0,6.4031242374328485,10.295630140987,14.317821063276353,18.027756377319946,24.041630560342615,21.93171219946131
147.27525250360293,24.0,30.066592756745816,22.360679774997898,21.213203435596427,22.47220505424423,19.1049731745428,12.041594578792296,9.055385138137417,7.615773105863909,7.0710678118654755,12.0,11.0,14.560219778561036,14.142135623730951,7.280109889280518,15.033296378372908,13.038404810405298,14.142135623730951,12.041594578792296,9.055385138137417,15.524174696260024,9.219544457292887,6.324555320336759,5.0990195135927845,3.1622776601683795,3.0,0.0,0.0,0.0,0.0,0.0,0.0,0.0,0.0,0.0,0.0,0.0,5.0,5.0990195135927845,5.0,1.4142135623730951,5.0,1.4142135623730951,7.211102550927978,5.830951894845301,9.848857801796104,12.041594578792296,14.560219778561036,11.40175425099138,14.035668847618199,10.04987562112089,15.297058540778355,11.0,13.0,10.0,9.219544457292887,2.8284271247461903,9.055385138137417,14.142135623730951,20.808652046684813,17.72004514666935,25.709920264364882,24.08318915758459
64.0,4.0,25.495097567963924,28.0178514522438,25.079872407968907,19.1049731745428,13.038404810405298,15.033296378372908,7.0710678118654755,8.94427190999916,10.816653826391969,7.0710678118654755,8.94427190999916,6.324555320336759,13.038404810405298,16.1245154965971,12.041594578792296,12.041594578792296,14.035668847618199,12.041594578792296,13.341664064126334,7.280109889280518,8.06225774829855,6.082762530298219,6.324555320336759,3.0,3.0,0.0,0.0,0.0,0.0,0.0,0.0,0.0,0.0,0.0,0.0,0.0,6.4031242374328485,3.1622776601683795,5.385164807134504,1.4142135623730951,4.0,3.1622776601683795,10.44030650891055,6.4031242374328485,11.40175425099138,11.180339887498949,9.848857801796104,20.12461179749811,15.811388300841896,15.524174696260024,15.231546211727817,15.297058540778355,9.848857801796104,9.219544457292887,10.770329614269007,10.63014581273465,6.4031242374328485,6.4031242374328485,11.045361017187261,17.0,23.769728648009426,22.360679774997898
147.27525250360293,24.0,25.079872407968907,24.515301344262525,21.93171219946131,22.80350850198276,19.4164878389476,14.035668847618199,17.029386365926403,9.219544457292887,5.830951894845301,8.602325267042627,11.0,11.40175425099138,10.816653826391969,7.211102550927978,13.45362404707371,11.661903789690601,15.556349186104045,12.806248474865697,10.0,15.620499351813308,8.48528137423857,9.848857801796104,6.4031242374328485,3.1622776601683795,7.0710678118654755,0.0,0.0,0.0,0.0,0.0,0.0,0.0,0.0,0.0,0.0,0.0,6.324555320336759,5.0990195135927845,5.0,2.8284271247461903,2.0,5.0,6.4031242374328485,9.486832980505138,8.246211251235321,8.06225774829855,12.041594578792296,16.15549442140351,12.529964086141668,14.035668847618199,14.142135623730951,12.36931687685298,16.15549442140351,15.297058540778355,13.0,8.06225774829855,11.045361017187261,11.40175425099138,15.524174696260024,12.165525060596439,20.591260281974,22.847319317591726
64.0,4.0,24.698178070456937,27.018512172212592,26.92582403567252,22.02271554554524,26.90724809414742,22.47220505424423,18.867962264113206,14.212670403551895,17.0,8.06225774829855,14.212670403551895,12.206555615733702,12.36931687685298,9.055385138137417,12.36931687685298,19.1049731745428,14.142135623730951,9.848857801796104,13.038404810405298,12.083045973594572,12.206555615733702,9.486832980505138,9.433981132056603,9.219544457292887,5.830951894845301,0.0,0.0,0.0,0.0,0.0,0.0,0.0,0.0,0.0,0.0,0.0,9.848857801796104,5.0,12.36931687685298,7.0,5.830951894845301,6.324555320336759,6.708203932499369,9.219544457292887,7.810249675906654,10.770329614269007,8.06225774829855,14.866068747318506,12.041594578792296,15.264337522473747,14.142135623730951,20.518284528683193,15.811388300841896,21.633307652783937,16.492422502470642,15.231546211727817,14.212670403551895,19.235384061671343,13.038404810405298,15.264337522473747,17.4928556845359,17.72004514666935
147.27525250360293,24.0,25.079872407968907,23.323807579381203,25.079872407968907,23.40939982143925,21.095023109728988,17.46424919657298,16.278820596099706,10.198039027185569,13.038404810405298,15.231546211727817,9.433981132056603,5.0,7.0710678118654755,12.529964086141668,9.219544457292887,13.601470508735444,15.0,14.317821063276353,9.219544457292887,11.661903789690601,13.601470508735444,12.806248474865697,8.602325267042627,10.63014581273465,5.0,0.0,0.0,0.0,0.0,0.0,0.0,0.0,0.0,0.0,0.0,0.0,7.615773105863909,10.770329614269007,8.06225774829855,5.656854249492381,5.0,5.0990195135927845,3.605551275463989,3.0,3.605551275463989,8.06225774829855,10.770329614269007,14.142135623730951,12.165525060596439,14.317821063276353,20.8806130178211,17.0,18.35755975068582,11.40175425099138,18.601075237738275,13.0,12.206555615733702,8.94427190999916,14.0,9.219544457292887,15.556349186104045,16.1245154965971
98.48857801796105,14.0,24.08318915758459,27.65863337187866,25.80697580112788,23.345235059857504,23.021728866442675,24.413111231467404,16.64331697709324,13.601470508735444,12.041594578792296,8.602325267042627,8.06225774829855,9.219544457292887,14.142135623730951,13.152946437965905,13.341664064126334,14.035668847618199,18.24828759089466,8.246211251235321,12.0,11.180339887498949,14.0,16.15549442140351,4.123105625617661,7.0710678118654755,6.708203932499369,0.0,0.0,0.0,0.0,0.0,0.0,0.0,0.0,0.0,0.0,0.0,6.708203932499369,5.385164807134504,6.082762530298219,5.0,5.830951894845301,5.830951894845301,5.656854249492381,4.123105625617661,9.0,9.0,8.94427190999916,15.132745950421556,15.033296378372908,16.0312195418814,23.08679276123039,21.587033144922902,18.027756377319946,20.09975124224178,17.26267650163207,13.601470508735444,15.297058540778355,13.038404810405298,9.433981132056603,13.45362404707371,12.727922061357855,16.64331697709324
147.27525250360293,24.0,21.93171219946131,24.08318915758459,23.323807579381203,17.4928556845359,16.1245154965971,8.602325267042627,6.082762530298219,5.385164807134504,5.656854249492381,14.142135623730951,14.142135623730951,15.132745950421556,9.219544457292887,16.0312195418814,17.11724276862369,17.029386365926403,13.038404810405298,14.035668847618199,14.7648230602334,13.0,6.0,6.324555320336759,5.0,1.4142135623730951,4.242640687119285,0.0,0.0,0.0,0.0,0.0,0.0,0.0,0.0,0.0,0.0,0.0,9.055385138137417,6.324555320336759,6.0,4.47213595499958,2.8284271247461903,2.0,1.0,6.324555320336759,9.486832980505138,10.770329614269007,6.708203932499369,17.26267650163207,12.165525060596439,12.083045973594572,16.492422502470642,19.235384061671343,13.892443989449804,13.152946437965905,7.280109889280518,1.0,3.0,4.47213595499958,7.0710678118654755,17.4928556845359,21.400934559032695,20.518284528683193
147.27525250360293,24.0,29.732137494637012,22.02271554554524,15.652475842498529,10.770329614269007,8.06225774829855,3.605551275463989,9.848857801796104,4.47213595499958,9.899494936611665,9.848857801796104,11.661903789690601,17.46424919657298,19.72308292331602,21.2602916254693,17.69180601295413,11.40175425099138,14.560219778561036,12.806248474865697,13.341664064126334,4.242640687119285,5.0,5.830951894845301,1.4142135623730951,4.123105625617661,5.0,0.0,0.0,0.0,0.0,0.0,0.0,0.0,0.0,0.0,0.0,0.0,3.1622776601683795,5.0,5.0990195135927845,5.0990195135927845,5.0,8.54400374531753,10.295630140987,9.486832980505138,12.041594578792296,7.280109889280518,8.94427190999916,11.661903789690601,10.770329614269007,15.652475842498529,8.602325267042627,11.180339887498949,9.433981132056603,8.94427190999916,7.211102550927978,6.708203932499369,11.40175425099138,11.661903789690601,14.212670403551895,20.518284528683193,22.80350850198276,25.238858928247925
147.27525250360293,24.0,23.345235059857504,24.20743687382041,21.02379604162864,17.0,13.45362404707371,11.661903789690601,7.0710678118654755,4.0,10.04987562112089,11.180339887498949,10.770329614269007,17.46424919657298,12.083045973594572,10.63014581273465,18.384776310850235,11.704699910719626,11.704699910719626,15.652475842498529,10.295630140987,10.44030650891055,8.54400374531753,3.605551275463989,5.385164807134504,5.0,1.0,0.0,0.0,0.0,0.0,0.0,0.0,0.0,0.0,0.0,0.0,0.0,9.0,6.0,6.082762530298219,8.06225774829855,11.180339887498949,8.06225774829855,9.219544457292887,5.0,9.055385138137417,12.36931687685298,15.297058540778355,12.36931687685298,18.439088914585774,15.033296378372908,13.341664064126334,15.132745950421556,14.035668847618199,8.0,16.1245154965971,10.295630140987,7.211102550927978,8.246211251235321,11.661903789690601,22.47220505424423,22.80350850198276,20.615528128088304
147.27525250360293,24.0,25.079872407968907,28.071337695236398,20.396078054371138,16.15549442140351,13.341664064126334,11.40175425099138,9.433981132056603,12.649110640673518,4.47213595499958,7.211102550927978,12.041594578792296,11.0,10.04987562112089,13.0,11.045361017187261,17.26267650163207,17.0,15.297058540778355,8.06225774829855,12.36931687685298,13.92838827718412,6.708203932499369,8.06225774829855,4.123105625617661,4.0,0.0,0.0,0.0,0.0,0.0,0.0,0.0,0.0,0.0,0.0,0.0,10.44030650891055,12.529964086141668,8.06225774829855,11.313708498984761,10.44030650891055,10.295630140987,6.4031242374328485,5.0,7.0710678118654755,8.54400374531753,12.165525060596439,13.152946437965905,11.40175425099138,15.0,17.029386365926403,19.026297590440446,17.72004514666935,15.033296378372908,9.219544457292887,10.04987562112089,6.708203932499369,7.0710678118654755,10.44030650891055,14.0,21.02379604162864,20.024984394500787
147.27525250360293,24.0,29.427877939124322,22.02271554554524,25.079872407968907,17.08800749063506,17.26267650163207,13.341664064126334,3.1622776601683795,5.0990195135927845,3.0,9.848857801796104,7.280109889280518,10.295630140987,15.231546211727817,16.0312195418814,12.36931687685298,12.0,12.0,16.492422502470642,10.198039027185569,9.055385138137417,6.0,5.0,4.47213595499958,5.0990195135927845,8.602325267042627,0.0,0.0,0.0,0.0,0.0,0.0,0.0,0.0,0.0,0.0,0.0,4.123105625617661,10.0,1.0,1.4142135623730951,3.605551275463989,5.385164807134504,9.433981132056603,9.219544457292887,13.416407864998739,11.40175425099138,9.433981132056603,13.601470508735444,11.0,17.0,16.492422502470642,8.06225774829855,14.560219778561036,7.280109889280518,5.830951894845301,6.4031242374328485,1.0,9.219544457292887,10.816653826391969,18.110770276274835,20.396078054371138,20.09975124224178
64.0,4.0,27.294688127912362,23.0,15.132745950421556,18.110770276274835,12.36931687685298,8.0,1.0,3.0,2.8284271247461903,11.045361017187261,10.295630140987,13.341664064126334,12.083045973594572,14.317821063276353,15.231546211727817,18.788294228055936,16.278820596099706,11.40175425099138,15.0,10.816653826391969,8.06225774829855,6.4031242374328485,5.0990195135927845,3.605551275463989,2.0,0.0,0.0,0.0,0.0,0.0,0.0,0.0,0.0,0.0,0.0,0.0,8.246211251235321,5.0990195135927845,6.708203932499369,4.123105625617661,2.23606797749979,8.48528137423857,5.0990195135927845,6.082762530298219,12.36931687685298,9.848857801796104,14.035668847618199,14.866068747318506,18.027756377319946,13.92838827718412,10.770329614269007,14.317821063276353,12.165525060596439,12.165525060596439,3.605551275463989,2.23606797749979,4.242640687119285,8.06225774829855,8.94427190999916,15.524174696260024,20.223748416156685,25.019992006393608
64.0,4.0,29.546573405388315,19.235384061671343,10.63014581273465,15.132745950421556,3.1622776601683795,2.23606797749979,2.8284271247461903,3.605551275463989,8.246211251235321,5.385164807134504,12.0,13.416407864998739,10.44030650891055,9.433981132056603,18.027756377319946,20.12461179749811,13.892443989449804,9.848857801796104,12.083045973594572,9.899494936611665,8.48528137423857,5.0990195135927845,1.0,2.23606797749979,5.830951894845301,0.0,0.0,0.0,0.0,0.0,0.0,0.0,0.0,0.0,0.0,0.0,10.44030650891055,5.385164807134504,9.055385138137417,4.123105625617661,4.0,7.211102550927978,11.661903789690601,8.06225774829855,10.0,12.041594578792296,9.055385138137417,12.0,15.132745950421556,27.85677655436824,15.811388300841896,10.0,10.198039027185569,6.708203932499369,3.605551275463989,5.385164807134504,5.830951894845301,5.656854249492381,13.45362404707371,26.40075756488817,21.400934559032695,27.65863337187866
147.27525250360293,24.0,22.360679774997898,19.697715603592208,11.313708498984761,8.54400374531753,5.0,1.0,8.06225774829855,10.44030650891055,10.198039027185569,17.4928556845359,19.235384061671343,14.422205101855956,20.591260281974,17.69180601295413,18.788294228055936,18.439088914585774,15.297058540778355,14.317821063276353,9.433981132056603,8.06225774829855,4.0,4.47213595499958,3.605551275463989,7.0710678118654755,4.242640687119285,0.0,0.0,0.0,0.0,0.0,0.0,0.0,0.0,0.0,0.0,0.0,2.23606797749979,5.0,4.47213595499958,6.082762530298219,8.0,7.0710678118654755,13.92838827718412,12.041594578792296,14.142135623730951,18.027756377319946,15.132745950421556,14.317821063276353,14.560219778561036,14.560219778561036,12.649110640673518,6.324555320336759,7.0710678118654755,2.23606797749979,4.123105625617661,7.0710678118654755,14.317821063276353,13.92838827718412,23.08679276123039,25.96150997149434,26.570660511172846,27.65863337187866
147.27525250360293,24.0,27.202941017470888,25.80697580112788,24.166091947189145,20.615528128088304,17.08800749063506,14.317821063276353,7.615773105863909,7.615773105863909,1.4142135623730951,7.0710678118654755,8.48528137423857,10.63014581273465,13.601470508735444,13.416407864998739,13.601470508735444,16.401219466856727,17.88854381999832,15.264337522473747,15.811388300841896,9.899494936611665,9.219544457292887,5.0990195135927845,6.324555320336759,3.0,4.47213595499958,0.0,0.0,0.0,0.0,0.0,0.0,0.0,0.0,0.0,0.0,0.0,7.280109889280518,8.246211251235321,4.47213595499958,3.605551275463989,2.23606797749979,2.0,3.0,5.0,10.295630140987,12.36931687685298,8.06225774829855,17.0,17.08800749063506,15.033296378372908,14.142135623730951,15.033296378372908,16.278820596099706,9.055385138137417,13.341664064126334,6.708203932499369,2.0,7.0710678118654755,10.295630140987,12.206555615733702,17.4928556845359,26.1725046566048
64.0,4.0,27.018512172212592,26.019223662515376,19.026297590440446,14.560219778561036,13.0,13.152946437965905,6.324555320336759,5.385164807134504,4.242640687119285,7.280109889280518,12.041594578792296,15.620499351813308,10.63014581273465,16.64331697709324,13.45362404707371,14.422205101855956,13.0,11.661903789690601,13.601470508735444,10.0,10.44030650891055,7.615773105863909,2.23606797749979,4.0,5.385164807134504,0.0,0.0,0.0,0.0,0.0,0.0,0.0,0.0,0.0,0.0,0.0,9.486832980505138,5.0,6.082762530298219,2.0,4.242640687119285,6.0,5.0990195135927845,9.899494936611665,12.041594578792296,7.0710678118654755,12.041594578792296,14.212670403551895,14.142135623730951,15.811388300841896,14.7648230602334,17.029386365926403,17.029386365926403,9.433981132056603,5.0990195135927845,2.23606797749979,3.1622776601683795,6.324555320336759,9.486832980505138,15.033296378372908,17.0,22.0
147.27525250360293,24.0,26.92582403567252,23.430749027719962,19.6468827043885,14.317821063276353,13.892443989449804,10.198039027185569,7.810249675906654,3.1622776601683795,4.0,10.44030650891055,13.601470508735444,17.46424919657298,13.92838827718412,17.72004514666935,16.1245154965971,18.027756377319946,17.46424919657298,15.652475842498529,13.0,13.92838827718412,3.1622776601683795,6.4031242374328485,0.0,2.8284271247461903,3.605551275463989,0.0,0.0,0.0,0.0,0.0,0.0,0.0,0.0,0.0,0.0,0.0,1.0,6.082762530298219,5.0,4.242640687119285,3.1622776601683795,4.47213595499958,9.055385138137417,8.94427190999916,13.601470508735444,10.295630140987,7.280109889280518,14.035668847618199,14.035668847618199,15.033296378372908,12.36931687685298,11.704699910719626,9.055385138137417,10.770329614269007,6.4031242374328485,3.605551275463989,5.385164807134504,8.48528137423857,16.55294535724685,19.4164878389476,25.553864678361276,25.612496949731394
147.27525250360293,24.0,23.345235059857504,22.360679774997898,23.0,18.439088914585774,14.560219778561036,9.219544457292887,1.0,3.605551275463989,7.810249675906654,9.219544457292887,14.212670403551895,16.64331697709324,10.0,15.811388300841896,12.806248474865697,16.15549442140351,18.027756377319946,15.231546211727817,12.649110640673518,6.708203932499369,7.615773105863909,12.36931687685298,3.1622776601683795,1.0,3.605551275463989,0.0,0.0,0.0,0.0,0.0,0.0,0.0,0.0,0.0,0.0,0.0,5.0,3.0,2.23606797749979,1.0,1.0,4.123105625617661,8.246211251235321,12.041594578792296,12.165525060596439,9.055385138137417,8.246211251235321,16.15549442140351,14.317821063276353,14.560219778561036,17.69180601295413,12.083045973594572,14.7648230602334,13.038404810405298,5.0,9.055385138137417,7.810249675906654,10.04987562112089,12.041594578792296,19.235384061671343,25.317977802344327,23.345235059857504
147.27525250360293,24.0,25.317977802344327,26.019223662515376,17.11724276862369,19.924858845171276,13.152946437965905,13.601470508735444,8.06225774829855,6.708203932499369,1.0,5.0,5.830951894845301,11.40175425099138,7.211102550927978,13.601470508735444,9.219544457292887,8.602325267042627,12.041594578792296,9.899494936611665,10.295630140987,11.40175425099138,7.615773105863909,3.1622776601683795,6.4031242374328485,3.1622776601683795,11.0,0.0,0.0,0.0,0.0,0.0,0.0,0.0,0.0,0.0,0.0,0.0,8.06225774829855,5.0,7.280109889280518,5.830951894845301,4.123105625617661,2.8284271247461903,1.0,2.0,3.1622776601683795,6.4031242374328485,8.06225774829855,8.602325267042627,15.620499351813308,12.806248474865697,14.866068747318506,15.620499351813308,9.433981132056603,13.892443989449804,11.0,10.0,6.0,5.656854249492381,5.385164807134504,10.0,10.04987562112089,17.11724276862369
64.0,4.0,25.96150997149434,26.476404589747453,16.1245154965971,13.0,11.704699910719626,7.0710678118654755,5.0,3.0,4.47213595499958,9.219544457292887,8.06225774829855,13.0,14.317821063276353,14.035668847618199,19.235384061671343,15.033296378372908,16.278820596099706,14.212670403551895,12.806248474865697,8.602325267042627,2.23606797749979,7.0710678118654755,6.324555320336759,2.23606797749979,4.123105625617661,0.0,0.0,0.0,0.0,0.0,0.0,0.0,0.0,0.0,0.0,0.0,6.082762530298219,7.0,6.082762530298219,4.123105625617661,6.324555320336759,5.0,5.0,9.848857801796104,10.816653826391969,9.219544457292887,7.615773105863909,14.317821063276353,13.341664064126334,16.76305461424021,10.198039027185569,15.811388300841896,8.94427190999916,7.0710678118654755,8.06225774829855,1.4142135623730951,1.0,7.0,11.40175425099138,17.11724276862369,22.20360331117452,24.596747752497688
147.27525250360293,24.0,21.633307652783937,20.591260281974,18.027756377319946,17.08800749063506,15.231546211727817,13.0,9.055385138137417,10.63014581273465,3.605551275463989,5.385164807134504,6.4031242374328485,5.830951894845301,11.180339887498949,12.649110640673518,10.63014581273465,12.727922061357855,13.601470508735444,17.08800749063506,13.92838827718412,9.219544457292887,5.0990195135927845,11.40175425099138,9.486832980505138,7.0,6.324555320336759,0.0,0.0,0.0,0.0,0.0,0.0,0.0,0.0,0.0,0.0,0.0,4.123105625617661,7.0710678118654755,9.055385138137417,7.211102550927978,8.06225774829855,8.94427190999916,5.0,8.48528137423857,7.615773105863909,6.324555320336759,9.848857801796104,11.40175425099138,11.704699910719626,9.486832980505138,13.038404810405298,12.165525060596439,13.892443989449804,13.92838827718412,7.211102550927978,8.54400374531753,6.708203932499369,7.280109889280518,3.1622776601683795,7.280109889280518,12.041594578792296,10.770329614269007
147.27525250360293,24.0,25.45584412271571,23.600847442411894,26.627053911388696,19.849433241279208,22.20360331117452,18.24828759089466,16.64331697709324,7.211102550927978,3.1622776601683795,1.0,2.0,7.0710678118654755,6.4031242374328485,6.324555320336759,17.46424919657298,11.180339887498949,18.681541692269406,12.649110640673518,13.92838827718412,14.866068747318506,7.615773105863909,8.246211251235321,8.06225774829855,6.082762530298219,8.602325267042627,0.0,0.0,0.0,0.0,0.0,0.0,0.0,0.0,0.0,0.0,0.0,10.295630140987,8.48528137423857,7.810249675906654,5.830951894845301,5.830951894845301,3.0,4.242640687119285,4.47213595499958,2.23606797749979,3.605551275463989,8.602325267042627,12.649110640673518,16.55294535724685,14.7648230602334,15.231546211727817,17.88854381999832,17.08800749063506,17.804493814764857,14.7648230602334,8.602325267042627,8.602325267042627,1.0,3.0,3.1622776601683795,15.620499351813308,21.2602916254693
147.27525250360293,24.0,27.294688127912362,26.076809620810597,13.038404810405298,13.038404810405298,5.0,8.602325267042627,2.0,5.0,12.36931687685298,9.219544457292887,12.041594578792296,9.219544457292887,16.55294535724685,18.973665961010276,11.180339887498949,13.601470508735444,12.083045973594572,9.433981132056603,10.0,8.06225774829855,5.0,1.4142135623730951,2.23606797749979,4.123105625617661,8.246211251235321,0.0,0.0,0.0,0.0,0.0,0.0,0.0,0.0,0.0,0.0,0.0,3.0,4.47213595499958,2.23606797749979,4.123105625617661,6.708203932499369,9.848857801796104,7.280109889280518,10.295630140987,13.92838827718412,15.231546211727817,16.492422502470642,16.64331697709324,13.038404810405298,19.209372712298546,12.36931687685298,10.816653826391969,7.810249675906654,4.47213595499958,5.0,3.0,7.211102550927978,14.317821063276353,17.11724276862369,22.360679774997898,26.476404589747453,25.019992006393608
64.0,4.0,20.223748416156685,23.769728648009426,17.029386365926403,15.132745950421556,13.038404810405298,8.06225774829855,4.123105625617661,1.0,2.0,10.04987562112089,11.045361017187261,16.0312195418814,14.035668847618199,9.219544457292887,18.681541692269406,14.142135623730951,15.264337522473747,13.341664064126334,8.246211251235321,6.4031242374328485,5.385164807134504,2.23606797749979,3.1622776601683795,3.605551275463989,2.23606797749979,0.0,0.0,0.0,0.0,0.0,0.0,0.0,0.0,0.0,0.0,0.0,3.1622776601683795,4.47213595499958,4.123105625617661,4.47213595499958,0.0,6.708203932499369,7.0,6.082762530298219,4.123105625617661,8.0,9.055385138137417,15.264337522473747,12.649110640673518,10.63014581273465,11.0,10.44030650891055,8.94427190999916,8.06225774829855,5.0990195135927845,5.385164807134504,5.0990195135927845,5.0,16.0,13.038404810405298,18.110770276274835,21.02379604162864
147.27525250360293,24.0,22.80350850198276,22.67156809750927,20.615528128088304,21.93171219946131,17.204650534085253,14.212670403551895,1.0,1.4142135623730951,2.0,8.246211251235321,3.605551275463989,10.04987562112089,17.0,13.92838827718412,20.248456731316587,13.416407864998739,13.601470508735444,15.620499351813308,12.083045973594572,12.649110640673518,8.06225774829855,6.082762530298219,7.810249675906654,0.0,3.0,0.0,0.0,0.0,0.0,0.0,0.0,0.0,0.0,0.0,0.0,0.0,6.708203932499369,9.433981132056603,5.0,7.280109889280518,6.082762530298219,4.47213595499958,5.0,2.23606797749979,5.830951894845301,8.602325267042627,5.385164807134504,10.63014581273465,13.601470508735444,17.88854381999832,17.4928556845359,17.804493814764857,18.439088914585774,16.64331697709324,10.63014581273465,4.47213595499958,4.0,1.4142135623730951,11.180339887498949,9.219544457292887,19.235384061671343,24.758836806279895
147.27525250360293,24.0,28.160255680657446,23.769728648009426,29.832867780352597,18.384776310850235,17.88854381999832,6.324555320336759,7.615773105863909,3.1622776601683795,5.830951894845301,6.708203932499369,12.529964086141668,16.55294535724685,19.4164878389476,18.973665961010276,16.1245154965971,16.55294535724685,13.341664064126334,12.165525060596439,13.038404810405298,14.035668847618199,9.055385138137417,5.0990195135927845,6.324555320336759,1.0,5.0,0.0,0.0,0.0,0.0,0.0,0.0,0.0,0.0,0.0,0.0,0.0,9.848857801796104,5.385164807134504,7.211102550927978,4.123105625617661,8.246211251235321,6.708203932499369,7.615773105863909,7.0710678118654755,11.045361017187261,12.806248474865697,10.0,13.0,15.652475842498529,17.029386365926403,12.806248474865697,14.142135623730951,17.08800749063506,12.206555615733702,12.041594578792296,5.0990195135927845,8.602325267042627,10.63014581273465,14.0,18.973665961010276,19.6468827043885,23.40939982143925
147.27525250360293,24.0,29.068883707497267,27.202941017470888,19.313207915827967,22.360679774997898,18.110770276274835,14.142135623730951,12.649110640673518,4.123105625617661,7.0710678118654755,7.0710678118654755,14.317821063276353,14.866068747318506,10.295630140987,12.165525060596439,14.212670403551895,18.384776310850235,14.422205101855956,15.264337522473747,11.180339887498949,12.083045973594572,9.433981132056603,7.211102550927978,6.4031242374328485,5.0990195135927845,7.0710678118654755,0.0,0.0,0.0,0.0,0.0,0.0,0.0,0.0,0.0,0.0,0.0,7.615773105863909,10.198039027185569,7.280109889280518,9.055385138137417,10.44030650891055,5.0,9.848857801796104,11.045361017187261,9.0,16.64331697709324,11.661903789690601,16.492422502470642,13.92838827718412,19.1049731745428,18.35755975068582,17.08800749063506,14.422205101855956,15.132745950421556,12.0,9.433981132056603,11.661903789690601,14.212670403551895,16.0312195418814,17.0,21.0,24.186773244895647
147.27525250360293,24.0,20.248456731316587,25.298221281347036,19.72308292331602,19.924858845171276,13.152946437965905,10.0,9.433981132056603,7.280109889280518,9.219544457292887,6.324555320336759,9.055385138137417,10.04987562112089,12.36931687685298,12.0,10.04987562112089,20.615528128088304,16.0312195418814,10.0,8.06225774829855,7.810249675906654,7.211102550927978,9.0,7.280109889280518,5.385164807134504,6.082762530298219,0.0,0.0,0.0,0.0,0.0,0.0,0.0,0.0,0.0,0.0,0.0,10.44030650891055,14.142135623730951,10.44030650891055,10.63014581273465,6.708203932499369,11.180339887498949,7.280109889280518,9.433981132056603,10.44030650891055,12.649110640673518,8.06225774829855,9.433981132056603,16.55294535724685,11.180339887498949,10.770329614269007,12.649110640673518,14.866068747318506,15.0,13.038404810405298,7.0,10.04987562112089,11.180339887498949,8.54400374531753,8.94427190999916,15.620499351813308,22.67156809750927
147.27525250360293,24.0,25.179356624028344,25.0,24.351591323771842,23.08679276123039,14.0,11.0,6.082762530298219,1.4142135623730951,2.0,3.1622776601683795,8.246211251235321,10.770329614269007,14.7648230602334,17.72004514666935,15.297058540778355,14.142135623730951,16.1245154965971,13.038404810405298,12.041594578792296,13.0,13.152946437965905,6.708203932499369,5.0990195135927845,1.4142135623730951,3.605551275463989,0.0,0.0,0.0,0.0,0.0,0.0,0.0,0.0,0.0,0.0,0.0,5.0990195135927845,6.082762530298219,3.1622776601683795,2.0,1.0,3.605551275463989,3.605551275463989,5.656854249492381,8.246211251235321,12.206555615733702,8.246211251235321,10.44030650891055,17.88854381999832,18.601075237738275,16.0312195418814,14.866068747318506,14.866068747318506,14.866068747318506,16.15549442140351,5.830951894845301,1.0,3.0,10.63014581273465,13.038404810405298,21.587033144922902,24.166091947189145
147.27525250360293,24.0,30.805843601498726,28.30194339616981,21.2602916254693,15.811388300841896,18.384776310850235,12.806248474865697,4.123105625617661,9.055385138137417,1.0,5.830951894845301,6.4031242374328485,11.0,10.295630140987,16.492422502470642,15.231546211727817,13.45362404707371,16.76305461424021,16.76305461424021,12.36931687685298,13.601470508735444,8.0,11.045361017187261,4.0,1.0,0.0,0.0,0.0,0.0,0.0,0.0,0.0,0.0,0.0,0.0,0.0,0.0,11.704699910719626,8.0,5.656854249492381,10.816653826391969,2.23606797749979,5.0990195135927845,6.082762530298219,7.0710678118654755,7.615773105863909,7.615773105863909,9.899494936611665,16.1245154965971,15.620499351813308,16.278820596099706,21.2602916254693,17.88854381999832,13.601470508735444,11.313708498984761,4.0,7.211102550927978,4.123105625617661,6.4031242374328485,11.180339887498949,10.0,18.384776310850235,21.095023109728988
64.0,4.0,24.839484696748443,26.1725046566048,22.80350850198276,22.627416997969522,15.620499351813308,12.806248474865697,7.280109889280518,3.605551275463989,6.4031242374328485,1.4142135623730951,6.0,12.649110640673518,7.280109889280518,15.652475842498529,12.083045973594572,19.235384061671343,16.76305461424021,12.649110640673518,10.295630140987,9.219544457292887,7.615773105863909,4.0,1.0,1.4142135623730951,2.0,0.0,0.0,0.0,0.0,0.0,0.0,0.0,0.0,0.0,0.0,0.0,8.06225774829855,6.324555320336759,3.605551275463989,7.0710678118654755,5.830951894845301,3.1622776601683795,2.0,8.0,6.324555320336759,9.055385138137417,10.198039027185569,11.704699910719626,16.0,15.132745950421556,17.72004514666935,19.1049731745428,15.0,19.1049731745428,12.041594578792296,12.165525060596439,2.23606797749979,3.605551275463989,7.280109889280518,11.313708498984761,18.601075237738275,20.615528128088304
147.27525250360293,24.0,20.09975124224178,22.20360331117452,22.02271554554524,16.15549442140351,13.0,16.1245154965971,11.045361017187261,8.54400374531753,3.605551275463989,2.23606797749979,5.0,6.082762530298219,13.0,7.211102550927978,12.041594578792296,13.038404810405298,12.529964086141668,10.770329614269007,12.649110640673518,8.0,10.198039027185569,7.615773105863909,5.385164807134504,2.8284271247461903,4.47213595499958,0.0,0.0,0.0,0.0,0.0,0.0,0.0,0.0,0.0,0.0,0.0,8.06225774829855,8.54400374531753,9.848857801796104,7.211102550927978,5.385164807134504,4.123105625617661,4.242640687119285,5.0,8.0,8.54400374531753,5.656854249492381,7.0710678118654755,8.602325267042627,11.704699910719626,10.816653826391969,14.422205101855956,11.313708498984761,14.7648230602334,12.041594578792296,8.48528137423857,4.123105625617661,4.123105625617661,6.0,6.708203932499369,19.026297590440446,18.110770276274835
147.27525250360293,24.0,25.079872407968907,26.40075756488817,21.587033144922902,18.973665961010276,14.7648230602334,8.06225774829855,2.23606797749979,10.198039027185569,11.40175425099138,9.0,14.317821063276353,15.033296378372908,19.4164878389476,17.88854381999832,15.652475842498529,20.8806130178211,18.027756377319946,14.7648230602334,11.40175425099138,5.0990195135927845,6.4031242374328485,2.23606797749979,8.06225774829855,3.605551275463989,6.082762530298219,0.0,0.0,0.0,0.0,0.0,0.0,0.0,0.0,0.0,0.0,0.0,5.385164807134504,2.8284271247461903,6.4031242374328485,6.082762530298219,9.486832980505138,12.165525060596439,11.180339887498949,13.152946437965905,12.041594578792296,13.152946437965905,12.083045973594572,17.11724276862369,18.384776310850235,14.317821063276353,16.278820596099706,11.661903789690601,12.165525060596439,7.280109889280518,10.295630140987,4.47213595499958,5.0,13.038404810405298,22.360679774997898,24.0,26.019223662515376,28.160255680657446
64.0,4.0,28.635642126552707,19.313207915827967,23.769728648009426,25.079872407968907,16.1245154965971,17.0,8.246211251235321,8.0,4.242640687119285,7.211102550927978,10.44030650891055,3.0,5.656854249492381,15.556349186104045,11.661903789690601,10.0,12.529964086141668,9.848857801796104,10.0,7.810249675906654,7.810249675906654,7.810249675906654,5.0,4.47213595499958,1.4142135623730951,0.0,0.0,0.0,0.0,0.0,0.0,0.0,0.0,0.0,0.0,0.0,7.0710678118654755,8.602325267042627,5.385164807134504,4.47213595499958,5.830951894845301,4.242640687119285,6.324555320336759,5.385164807134504,9.219544457292887,17.029386365926403,11.0,12.36931687685298,10.04987562112089,8.602325267042627,16.0312195418814,14.0,13.601470508735444,17.0,9.055385138137417,8.0,9.0,11.661903789690601,9.899494936611665,10.770329614269007,12.649110640673518,21.0
147.27525250360293,24.0,24.698178070456937,26.570660511172846,27.202941017470888,21.18962010041709,19.6468827043885,23.40939982143925,10.04987562112089,12.206555615733702,4.47213595499958,2.23606797749979,2.0,4.47213595499958,12.041594578792296,7.0710678118654755,14.0,12.165525060596439,10.44030650891055,11.045361017187261,18.027756377319946,14.317821063276353,9.219544457292887,12.0,8.246211251235321,3.605551275463989,3.0,0.0,0.0,0.0,0.0,0.0,0.0,0.0,0.0,0.0,0.0,0.0,11.40175425099138,8.94427190999916,11.045361017187261,10.198039027185569,9.055385138137417,6.082762530298219,5.385164807134504,5.830951894845301,3.605551275463989,8.06225774829855,11.40175425099138,12.806248474865697,12.727922061357855,12.041594578792296,18.788294228055936,15.0,17.88854381999832,15.231546211727817,19.4164878389476,12.206555615733702,10.44030650891055,5.0,1.0,3.1622776601683795,10.198039027185569,10.295630140987
147.27525250360293,24.0,23.600847442411894,24.839484696748443,20.0,20.248456731316587,13.92838827718412,20.518284528683193,10.816653826391969,10.816653826391969,12.041594578792296,10.63014581273465,10.44030650891055,9.055385138137417,13.152946437965905,13.92838827718412,13.416407864998739,13.892443989449804,17.46424919657298,14.422205101855956,14.317821063276353,14.866068747318506,7.810249675906654,5.0,7.810249675906654,8.06225774829855,7.810249675906654,0.0,0.0,0.0,0.0,0.0,0.0,0.0,0.0,0.0,0.0,0.0,13.0,13.152946437965905,13.601470508735444,12.0,12.165525060596439,8.54400374531753,13.341664064126334,9.055385138137417,8.94427190999916,10.295630140987,14.142135623730951,13.416407864998739,14.035668847618199,17.11724276862369,19.4164878389476,20.024984394500787,13.038404810405298,12.165525060596439,16.1245154965971,17.029386365926403,13.0,13.152946437965905,15.033296378372908,14.7648230602334,14.866068747318506,24.186773244895647
147.27525250360293,24.0,25.079872407968907,25.0,20.248456731316587,18.601075237738275,12.649110640673518,6.0,5.0,9.219544457292887,7.0710678118654755,12.649110640673518,10.770329614269007,14.7648230602334,16.55294535724685,20.8806130178211,15.620499351813308,18.439088914585774,12.529964086141668,14.422205101855956,15.620499351813308,9.848857801796104,9.219544457292887,4.242640687119285,2.23606797749979,6.082762530298219,7.0,0.0,0.0,0.0,0.0,0.0,0.0,0.0,0.0,0.0,0.0,0.0,8.0,8.06225774829855,11.0,8.06225774829855,5.830951894845301,9.433981132056603,13.416407864998739,10.198039027185569,10.44030650891055,13.038404810405298,12.0,10.198039027185569,10.04987562112089,15.524174696260024,12.083045973594572,11.045361017187261,10.770329614269007,8.06225774829855,7.211102550927978,6.4031242374328485,14.7648230602334,14.317821063276353,18.027756377319946,24.08318915758459,21.587033144922902,26.570660511172846
147.27525250360293,24.0,28.0,25.019992006393608,20.024984394500787,23.345235059857504,17.0,12.041594578792296,10.0,4.0,5.656854249492381,6.082762530298219,5.0990195135927845,12.041594578792296,14.035668847618199,14.560219778561036,14.0,14.142135623730951,19.4164878389476,16.0312195418814,13.892443989449804,12.806248474865697,12.206555615733702,2.8284271247461903,5.385164807134504,5.0990195135927845,2.8284271247461903,0.0,0.0,0.0,0.0,0.0,0.0,0.0,0.0,0.0,0.0,0.0,12.041594578792296,7.0710678118654755,11.045361017187261,5.656854249492381,5.830951894845301,5.0,5.385164807134504,5.0990195135927845,10.198039027185569,8.0,15.297058540778355,14.866068747318506,13.341664064126334,15.811388300841896,20.8806130178211,14.142135623730951,15.524174696260024,10.770329614269007,10.44030650891055,4.47213595499958,5.385164807134504,2.8284271247461903,12.165525060596439,16.0,23.194827009486403,27.073972741361768
64.0,4.0,28.42534080710379,24.758836806279895,17.204650534085253,12.806248474865697,11.661903789690601,7.810249675906654,5.385164807134504,2.0,8.94427190999916,7.280109889280518,12.083045973594572,15.524174696260024,17.72004514666935,18.867962264113206,16.64331697709324,20.808652046684813,17.204650534085253,12.649110640673518,12.529964086141668,10.198039027185569,5.830951894845301,5.0,4.242640687119285,5.0,5.385164807134504,0.0,0.0,0.0,0.0,0.0,0.0,0.0,0.0,0.0,0.0,0.0,10.63014581273465,9.433981132056603,10.295630140987,5.830951894845301,10.770329614269007,13.601470508735444,11.40175425099138,13.152946437965905,14.560219778561036,17.08800749063506,13.038404810405298,16.55294535724685,19.924858845171276,20.615528128088304,17.08800749063506,19.924858845171276,14.317821063276353,17.4928556845359,18.0,10.04987562112089,9.486832980505138,10.0,16.15549442140351,16.55294535724685,24.351591323771842,25.96150997149434
64.0,4.0,30.4138126514911,26.40075756488817,24.596747752497688,16.401219466856727,13.416407864998739,5.830951894845301,2.23606797749979,8.54400374531753,2.23606797749979,8.602325267042627,15.620499351813308,15.0,16.64331697709324,17.4928556845359,15.556349186104045,14.317821063276353,14.560219778561036,15.524174696260024,12.041594578792296,11.045361017187261,11.704699910719626,4.123105625617661,3.1622776601683795,2.0,3.0,0.0,0.0,0.0,0.0,0.0,0.0,0.0,0.0,0.0,0.0,0.0,8.94427190999916,6.324555320336759,5.385164807134504,6.4031242374328485,11.045361017187261,8.54400374531753,8.06225774829855,7.0710678118654755,10.04987562112089,13.601470508735444,14.560219778561036,17.11724276862369,13.038404810405298,14.560219778561036,13.152946437965905,13.038404810405298,12.0,7.211102550927978,8.06225774829855,1.4142135623730951,2.8284271247461903,11.40175425099138,13.601470508735444,26.076809620810597,21.93171219946131,26.076809620810597
147.27525250360293,24.0,26.92582403567252,22.47220505424423,25.942243542145693,16.64331697709324,15.811388300841896,14.317821063276353,6.324555320336759,5.0990195135927845,6.324555320336759,5.0,8.06225774829855,12.041594578792296,13.416407864998739,12.806248474865697,17.69180601295413,14.866068747318506,18.601075237738275,14.212670403551895,10.295630140987,9.219544457292887,9.486832980505138,8.48528137423857,6.708203932499369,6.082762530298219,4.242640687119285,0.0,0.0,0.0,0.0,0.0,0.0,0.0,0.0,0.0,0.0,0.0,8.94427190999916,10.0,8.246211251235321,8.602325267042627,7.211102550927978,6.324555320336759,6.324555320336759,6.324555320336759,8.0,10.198039027185569,12.041594578792296,16.492422502470642,14.142135623730951,18.384776310850235,17.46424919657298,19.0,14.422205101855956,14.866068747318506,14.866068747318506,10.816653826391969,5.0990195135927845,7.615773105863909,12.36931687685298,10.0,20.248456731316587,25.317977802344327
147.27525250360293,24.0,23.769728648009426,24.351591323771842,20.518284528683193,17.4928556845359,12.041594578792296,8.94427190999916,5.0,2.0,4.242640687119285,10.770329614269007,10.44030650891055,8.0,17.08800749063506,15.231546211727817,13.0,13.341664064126334,13.601470508735444,11.40175425099138,12.529964086141668,8.602325267042627,10.816653826391969,7.0710678118654755,5.385164807134504,3.1622776601683795,3.1622776601683795,0.0,0.0,0.0,0.0,0.0,0.0,0.0,0.0,0.0,0.0,0.0,5.0,5.385164807134504,2.8284271247461903,2.0,2.23606797749979,7.280109889280518,6.082762530298219,7.280109889280518,10.0,12.649110640673518,12.083045973594572,15.297058540778355,17.72004514666935,16.76305461424021,15.652475842498529,14.7648230602334,10.770329614269007,14.866068747318506,6.0,4.47213595499958,8.48528137423857,9.848857801796104,16.278820596099706,16.55294535724685,23.08679276123039,20.396078054371138
147.27525250360293,24.0,25.059928172283335,19.72308292331602,24.758836806279895,17.804493814764857,12.806248474865697,14.142135623730951,6.324555320336759,6.324555320336759,10.44030650891055,12.041594578792296,10.63014581273465,12.529964086141668,11.661903789690601,10.816653826391969,8.48528137423857,16.15549442140351,16.492422502470642,9.219544457292887,15.033296378372908,8.0,8.94427190999916,5.0990195135927845,5.385164807134504,1.4142135623730951,5.656854249492381,0.0,0.0,0.0,0.0,0.0,0.0,0.0,0.0,0.0,0.0,0.0,5.0,6.708203932499369,7.0710678118654755,4.47213595499958,7.0710678118654755,11.661903789690601,10.770329614269007,14.142135623730951,10.295630140987,8.94427190999916,10.04987562112089,17.72004514666935,14.142135623730951,11.40175425099138,14.035668847618199,12.0,18.110770276274835,12.36931687685298,8.06225774829855,14.212670403551895,8.48528137423857,17.0,18.681541692269406,14.0,21.18962010041709,25.059928172283335
147.27525250360293,24.0,31.144823004794873,25.495097567963924,23.600847442411894,17.029386365926403,14.317821063276353,11.045361017187261,7.810249675906654,5.0,1.4142135623730951,5.385164807134504,7.0710678118654755,6.082762530298219,9.219544457292887,13.416407864998739,15.811388300841896,13.92838827718412,13.0,11.40175425099138,13.152946437965905,12.529964086141668,6.082762530298219,7.810249675906654,5.0990195135927845,5.0,3.605551275463989,0.0,0.0,0.0,0.0,0.0,0.0,0.0,0.0,0.0,0.0,0.0,3.0,3.605551275463989,7.211102550927978,8.602325267042627,12.806248474865697,10.816653826391969,12.083045973594572,7.0,14.866068747318506,16.76305461424021,15.811388300841896,12.649110640673518,15.264337522473747,14.7648230602334,11.40175425099138,13.45362404707371,8.06225774829855,10.770329614269007,9.219544457292887,9.055385138137417,12.083045973594572,11.180339887498949,11.704699910719626,21.93171219946131,24.186773244895647,21.095023109728988
147.27525250360293,24.0,27.294688127912362,25.059928172283335,19.849433241279208,15.652475842498529,7.211102550927978,10.63014581273465,3.1622776601683795,8.06225774829855,9.055385138137417,9.486832980505138,9.848857801796104,15.297058540778355,17.0,21.02379604162864,11.0,11.40175425099138,17.0,15.132745950421556,13.038404810405298,11.180339887498949,7.280109889280518,4.0,1.4142135623730951,5.0990195135927845,4.0,0.0,0.0,0.0,0.0,0.0,0.0,0.0,0.0,0.0,0.0,0.0,4.242640687119285,5.0990195135927845,3.605551275463989,4.242640687119285,5.385164807134504,5.0,3.1622776601683795,13.038404810405298,13.0,7.211102550927978,13.038404810405298,11.313708498984761,10.816653826391969,14.142135623730951,10.0,13.892443989449804,6.4031242374328485,5.0,3.605551275463989,4.47213595499958,3.0,11.313708498984761,15.811388300841896,21.400934559032695,21.95449840010015,27.459060435491963
147.27525250360293,24.0,29.017236257093817,27.0,18.973665961010276,17.0,14.142135623730951,12.165525060596439,7.615773105863909,2.0,4.123105625617661,12.36931687685298,8.246211251235321,6.324555320336759,10.63014581273465,12.727922061357855,14.866068747318506,16.278820596099706,15.652475842498529,14.142135623730951,11.40175425099138,11.704699910719626,5.385164807134504,8.06225774829855,6.708203932499369,2.8284271247461903,2.23606797749979,0.0,0.0,0.0,0.0,0.0,0.0,0.0,0.0,0.0,0.0,0.0,7.0710678118654755,3.1622776601683795,7.280109889280518,6.324555320336759,7.0,2.23606797749979,6.708203932499369,8.246211251235321,10.04987562112089,11.045361017187261,13.038404810405298,12.165525060596439,14.317821063276353,14.142135623730951,13.601470508735444,18.027756377319946,13.601470508735444,9.219544457292887,8.06225774829855,5.830951894845301,5.0,6.082762530298219,8.602325267042627,16.15549442140351,22.847319317591726,20.808652046684813
147.27525250360293,24.0,22.47220505424423,22.47220505424423,17.804493814764857,12.041594578792296,9.219544457292887,2.8284271247461903,5.0990195135927845,13.038404810405298,10.63014581273465,12.806248474865697,12.206555615733702,17.69180601295413,17.204650534085253,21.95449840010015,17.029386365926403,14.317821063276353,15.231546211727817,13.0,9.486832980505138,6.324555320336759,4.47213595499958,2.23606797749979,5.385164807134504,4.0,9.219544457292887,0.0,0.0,0.0,0.0,0.0,0.0,0.0,0.0,0.0,0.0,0.0,6.708203932499369,5.656854249492381,8.0,8.94427190999916,10.44030650891055,14.317821063276353,13.45362404707371,9.433981132056603,14.7648230602334,14.866068747318506,14.422205101855956,13.038404810405298,19.697715603592208,12.649110640673518,12.36931687685298,12.206555615733702,12.529964086141668,9.219544457292887,7.615773105863909,4.47213595499958,15.811388300841896,12.083045973594572,16.64331697709324,26.832815729997478,22.80350850198276,23.853720883753127
147.27525250360293,24.0,27.730849247724095,27.730849247724095,22.135943621178654,17.46424919657298,17.46424919657298,12.041594578792296,7.0710678118654755,10.0,4.123105625617661,5.830951894845301,6.082762530298219,12.041594578792296,11.704699910719626,16.0312195418814,14.142135623730951,13.038404810405298,14.317821063276353,13.152946437965905,15.033296378372908,11.045361017187261,7.0710678118654755,7.0710678118654755,4.123105625617661,1.4142135623730951,4.123105625617661,0.0,0.0,0.0,0.0,0.0,0.0,0.0,0.0,0.0,0.0,0.0,6.4031242374328485,8.94427190999916,5.0,3.605551275463989,5.385164807134504,3.1622776601683795,5.0990195135927845,7.211102550927978,6.4031242374328485,9.848857801796104,10.44030650891055,15.264337522473747,15.652475842498529,16.55294535724685,17.46424919657298,20.518284528683193,18.788294228055936,14.7648230602334,11.40175425099138,5.656854249492381,3.605551275463989,6.4031242374328485,8.246211251235321,13.341664064126334,13.416407864998739,28.844410203711913
64.0,4.0,33.24154027718932,29.427877939124322,24.515301344262525,22.090722034374522,20.396078054371138,20.615528128088304,15.033296378372908,12.041594578792296,11.180339887498949,13.341664064126334,12.36931687685298,17.26267650163207,14.7648230602334,15.811388300841896,18.027756377319946,19.1049731745428,19.235384061671343,13.416407864998739,11.704699910719626,14.142135623730951,13.038404810405298,8.54400374531753,10.770329614269007,7.280109889280518,4.0,0.0,0.0,0.0,0.0,0.0,0.0,0.0,0.0,0.0,0.0,0.0,5.0,8.06225774829855,6.324555320336759,10.04987562112089,8.06225774829855,8.602325267042627,7.810249675906654,7.0710678118654755,8.246211251235321,7.280109889280518,12.0,14.035668847618199,23.194827009486403,20.8806130178211,19.1049731745428,22.360679774997898,26.248809496813376,15.132745950421556,17.0,13.152946437965905,17.11724276862369,21.02379604162864,18.027756377319946,18.681541692269406,22.561028345356956,24.515301344262525
147.27525250360293,24.0,31.32091952673165,29.274562336608895,25.96150997149434,24.698178070456937,17.08800749063506,19.313207915827967,11.045361017187261,6.324555320336759,7.0,6.0,13.038404810405298,12.206555615733702,19.4164878389476,19.209372712298546,17.029386365926403,17.4928556845359,9.219544457292887,15.264337522473747,11.661903789690601,11.661903789690601,11.704699910719626,12.041594578792296,6.082762530298219,3.1622776601683795,0.0,0.0,0.0,0.0,0.0,0.0,0.0,0.0,0.0,0.0,0.0,0.0,9.848857801796104,7.810249675906654,6.324555320336759,6.082762530298219,4.123105625617661,5.0,2.23606797749979,7.0,5.0,10.0,6.708203932499369,18.24828759089466,12.041594578792296,12.529964086141668,17.029386365926403,20.09975124224178,17.11724276862369,16.55294535724685,10.04987562112089,15.132745950421556,3.605551275463989,8.06225774829855,6.4031242374328485,18.973665961010276,24.020824298928627,21.470910553583888
147.27525250360293,24.0,18.0,20.615528128088304,14.142135623730951,13.038404810405298,6.0,1.4142135623730951,3.1622776601683795,7.810249675906654,13.45362404707371,10.198039027185569,10.44030650891055,15.297058540778355,14.142135623730951,12.041594578792296,16.1245154965971,12.041594578792296,10.295630140987,10.816653826391969,10.04987562112089,7.211102550927978,1.4142135623730951,2.8284271247461903,5.0990195135927845,9.055385138137417,8.246211251235321,0.0,0.0,0.0,0.0,0.0,0.0,0.0,0.0,0.0,0.0,0.0,4.0,5.385164807134504,8.06225774829855,5.0,8.602325267042627,5.830951894845301,12.529964086141668,10.44030650891055,9.219544457292887,13.341664064126334,14.212670403551895,10.44030650891055,12.041594578792296,10.770329614269007,9.433981132056603,10.198039027185569,7.280109889280518,8.94427190999916,3.0,10.770329614269007,8.06225774829855,18.110770276274835,19.313207915827967,25.0,21.37755832643195,25.0
147.27525250360293,24.0,28.635642126552707,18.384776310850235,22.561028345356956,16.15549442140351,11.0,8.06225774829855,10.63014581273465,8.602325267042627,9.0,9.055385138137417,13.152946437965905,17.0,18.027756377319946,19.4164878389476,11.661903789690601,16.15549442140351,14.560219778561036,9.219544457292887,11.661903789690601,8.54400374531753,5.656854249492381,3.605551275463989,2.23606797749979,5.656854249492381,9.486832980505138,0.0,0.0,0.0,0.0,0.0,0.0,0.0,0.0,0.0,0.0,0.0,5.830951894845301,4.47213595499958,5.385164807134504,7.0710678118654755,4.123105625617661,8.246211251235321,14.142135623730951,12.165525060596439,8.602325267042627,17.08800749063506,9.848857801796104,12.649110640673518,14.142135623730951,15.231546211727817,16.492422502470642,14.212670403551895,8.246211251235321,6.708203932499369,3.605551275463989,8.246211251235321,9.486832980505138,16.15549442140351,14.0,17.72004514666935,22.135943621178654,24.186773244895647
147.27525250360293,24.0,27.85677655436824,26.1725046566048,20.248456731316587,22.090722034374522,13.601470508735444,15.0,10.04987562112089,9.486832980505138,3.0,7.810249675906654,11.0,6.4031242374328485,10.198039027185569,13.601470508735444,13.416407864998739,15.811388300841896,14.560219778561036,13.152946437965905,9.486832980505138,10.04987562112089,10.44030650891055,8.54400374531753,6.708203932499369,5.0,3.605551275463989,0.0,0.0,0.0,0.0,0.0,0.0,0.0,0.0,0.0,0.0,0.0,8.06225774829855,8.54400374531753,7.280109889280518,10.198039027185569,7.0710678118654755,9.848857801796104,8.06225774829855,7.211102550927978,11.40175425099138,7.211102550927978,13.92838827718412,12.083045973594572,13.601470508735444,16.15549442140351,19.1049731745428,15.811388300841896,16.492422502470642,16.492422502470642,16.0312195418814,10.295630140987,3.1622776601683795,7.0710678118654755,10.0,14.035668847618199,18.439088914585774,20.248456731316587
64.0,4.0,19.1049731745428,19.0,17.26267650163207,9.219544457292887,5.656854249492381,6.082762530298219,3.605551275463989,10.63014581273465,3.1622776601683795,12.206555615733702,13.892443989449804,16.76305461424021,12.083045973594572,16.401219466856727,13.601470508735444,17.0,17.08800749063506,12.0,9.0,8.06225774829855,9.055385138137417,4.0,8.602325267042627,2.8284271247461903,5.0,0.0,0.0,0.0,0.0,0.0,0.0,0.0,0.0,0.0,0.0,0.0,10.0,8.94427190999916,5.830951894845301,2.23606797749979,7.211102550927978,13.45362404707371,11.704699910719626,8.48528137423857,15.0,13.038404810405298,17.88854381999832,7.280109889280518,13.92838827718412,9.219544457292887,14.560219778561036,14.317821063276353,11.704699910719626,11.180339887498949,4.0,4.123105625617661,5.656854249492381,14.866068747318506,15.297058540778355,17.46424919657298,21.02379604162864,21.37755832643195
147.27525250360293,24.0,22.561028345356956,25.079872407968907,18.24828759089466,13.038404810405298,10.198039027185569,3.1622776601683795,5.0990195135927845,7.0710678118654755,12.36931687685298,12.041594578792296,11.180339887498949,15.132745950421556,16.1245154965971,12.041594578792296,15.297058540778355,15.0,15.264337522473747,6.708203932499369,7.211102550927978,5.0,4.0,5.656854249492381,5.0,5.0,8.06225774829855,0.0,0.0,0.0,0.0,0.0,0.0,0.0,0.0,0.0,0.0,0.0,4.123105625617661,5.830951894845301,6.4031242374328485,10.0,7.615773105863909,9.219544457292887,10.0,9.433981132056603,9.219544457292887,9.433981132056603,10.295630140987,9.219544457292887,13.45362404707371,10.63014581273465,13.601470508735444,12.529964086141668,9.899494936611665,6.708203932499369,9.848857801796104,7.0,14.035668847618199,5.656854249492381,19.924858845171276,21.095023109728988,15.811388300841896,25.96150997149434
147.27525250360293,24.0,26.68332812825267,24.351591323771842,18.973665961010276,16.15549442140351,11.40175425099138,4.123105625617661,4.123105625617661,2.8284271247461903,8.94427190999916,5.830951894845301,9.219544457292887,10.295630140987,12.041594578792296,15.0,12.806248474865697,12.206555615733702,18.027756377319946,12.529964086141668,11.180339887498949,7.280109889280518,7.211102550927978,2.23606797749979,6.4031242374328485,3.605551275463989,6.4031242374328485,0.0,0.0,0.0,0.0,0.0,0.0,0.0,0.0,0.0,0.0,0.0,3.605551275463989,5.385164807134504,8.246211251235321,8.0,6.082762530298219,10.44030650891055,8.06225774829855,12.165525060596439,11.313708498984761,13.341664064126334,13.341664064126334,13.416407864998739,13.601470508735444,13.45362404707371,13.416407864998739,12.083045973594572,7.0710678118654755,6.324555320336759,2.8284271247461903,3.1622776601683795,8.0,13.038404810405298,16.55294535724685,16.76305461424021,21.095023109728988,23.40939982143925
147.27525250360293,24.0,24.20743687382041,25.495097567963924,21.93171219946131,18.601075237738275,19.79898987322333,12.206555615733702,6.082762530298219,5.830951894845301,1.0,2.8284271247461903,3.605551275463989,10.198039027185569,8.54400374531753,13.601470508735444,18.0,14.0,16.492422502470642,13.601470508735444,13.416407864998739,8.54400374531753,5.0,5.0990195135927845,4.123105625617661,2.23606797749979,3.0,0.0,0.0,0.0,0.0,0.0,0.0,0.0,0.0,0.0,0.0,0.0,5.0,8.94427190999916,9.219544457292887,4.47213595499958,10.44030650891055,9.433981132056603,13.152946437965905,6.708203932499369,11.180339887498949,9.055385138137417,12.36931687685298,10.44030650891055,15.264337522473747,18.681541692269406,17.46424919657298,17.46424919657298,20.024984394500787,14.142135623730951,13.892443989449804,10.816653826391969,10.0,7.615773105863909,10.770329614269007,11.40175425099138,22.20360331117452,26.90724809414742
147.27525250360293,24.0,28.0178514522438,25.495097567963924,22.80350850198276,19.849433241279208,17.804493814764857,12.206555615733702,11.180339887498949,2.0,3.605551275463989,3.0,8.06225774829855,11.180339887498949,14.866068747318506,13.0,11.661903789690601,13.038404810405298,15.652475842498529,17.88854381999832,15.652475842498529,10.295630140987,10.295630140987,6.082762530298219,1.4142135623730951,4.47213595499958,3.605551275463989,0.0,0.0,0.0,0.0,0.0,0.0,0.0,0.0,0.0,0.0,0.0,8.246211251235321,4.123105625617661,3.1622776601683795,4.47213595499958,5.385164807134504,3.605551275463989,2.0,5.830951894845301,5.656854249492381,9.433981132056603,10.295630140987,13.892443989449804,13.416407864998739,18.601075237738275,19.209372712298546,14.422205101855956,11.40175425099138,13.45362404707371,9.848857801796104,6.4031242374328485,3.1622776601683795,5.0,7.0710678118654755,12.727922061357855,14.560219778561036,23.430749027719962
147.27525250360293,24.0,26.92582403567252,20.808652046684813,23.021728866442675,22.02271554554524,17.69180601295413,16.97056274847714,14.7648230602334,7.810249675906654,4.123105625617661,1.4142135623730951,5.0990195135927845,9.219544457292887,9.486832980505138,11.40175425099138,12.165525060596439,10.04987562112089,19.924858845171276,13.92838827718412,14.560219778561036,10.198039027185569,11.180339887498949,8.94427190999916,5.385164807134504,5.0,4.47213595499958,0.0,0.0,0.0,0.0,0.0,0.0,0.0,0.0,0.0,0.0,0.0,4.47213595499958,9.219544457292887,10.295630140987,7.0710678118654755,6.082762530298219,5.0,4.123105625617661,8.54400374531753,10.295630140987,7.280109889280518,15.556349186104045,17.4928556845359,15.556349186104045,13.45362404707371,21.2602916254693,18.867962264113206,15.0,17.69180601295413,14.560219778561036,13.0,12.083045973594572,5.830951894845301,6.708203932499369,9.433981132056603,14.317821063276353,16.1245154965971
147.27525250360293,24.0,21.02379604162864,20.12461179749811,18.027756377319946,17.88854381999832,12.649110640673518,12.206555615733702,10.63014581273465,4.47213595499958,7.0,2.8284271247461903,14.142135623730951,12.206555615733702,14.212670403551895,14.866068747318506,15.0,16.76305461424021,15.231546211727817,14.317821063276353,14.317821063276353,8.54400374531753,9.219544457292887,6.082762530298219,9.848857801796104,6.0,5.0990195135927845,0.0,0.0,0.0,0.0,0.0,0.0,0.0,0.0,0.0,0.0,0.0,7.280109889280518,8.246211251235321,9.055385138137417,10.0,10.198039027185569,7.280109889280518,5.385164807134504,10.816653826391969,14.317821063276353,13.341664064126334,11.661903789690601,8.06225774829855,10.44030650891055,17.08800749063506,11.40175425099138,11.180339887498949,12.041594578792296,10.816653826391969,3.0,12.083045973594572,8.94427190999916,9.848857801796104,13.0,13.416407864998739,17.804493814764857,23.40939982143925
147.27525250360293,24.0,27.459060435491963,25.632011235952593,20.0,19.6468827043885,6.4031242374328485,6.4031242374328485,3.1622776601683795,5.0,10.04987562112089,6.082762530298219,13.341664064126334,17.26267650163207,15.811388300841896,16.1245154965971,14.866068747318506,14.317821063276353,12.649110640673518,8.06225774829855,10.198039027185569,10.44030650891055,4.123105625617661,3.1622776601683795,1.0,5.830951894845301,7.0710678118654755,0.0,0.0,0.0,0.0,0.0,0.0,0.0,0.0,0.0,0.0,0.0,3.1622776601683795,5.0990195135927845,3.605551275463989,3.1622776601683795,5.0990195135927845,7.0710678118654755,7.0,12.0,9.219544457292887,11.40175425099138,13.45362404707371,16.492422502470642,11.40175425099138,14.212670403551895,9.055385138137417,11.704699910719626,7.0710678118654755,7.211102550927978,0.0,5.385164807134504,5.830951894845301,14.212670403551895,17.69180601295413,20.808652046684813,24.758836806279895,28.319604517012593
147.27525250360293,24.0,23.853720883753127,22.360679774997898,18.027756377319946,17.72004514666935,15.811388300841896,11.313708498984761,9.219544457292887,1.4142135623730951,8.94427190999916,3.605551275463989,7.810249675906654,12.649110640673518,10.44030650891055,12.649110640673518,16.15549442140351,17.08800749063506,15.620499351813308,12.806248474865697,15.0,9.219544457292887,9.219544457292887,7.280109889280518,6.324555320336759,3.0,2.23606797749979,0.0,0.0,0.0,0.0,0.0,0.0,0.0,0.0,0.0,0.0,0.0,5.830951894845301,8.94427190999916,7.0710678118654755,5.0990195135927845,6.0,7.280109889280518,9.486832980505138,9.055385138137417,9.486832980505138,14.035668847618199,12.041594578792296,11.0,12.36931687685298,15.033296378372908,17.08800749063506,17.11724276862369,13.416407864998739,13.341664064126334,9.848857801796104,7.280109889280518,6.082762530298219,3.1622776601683795,10.0,15.652475842498529,21.540659228538015,23.853720883753127
147.27525250360293,24.0,28.284271247461902,23.345235059857504,22.20360331117452,22.80350850198276,12.727922061357855,10.770329614269007,5.656854249492381,4.0,5.830951894845301,8.54400374531753,9.486832980505138,12.041594578792296,14.142135623730951,9.899494936611665,13.45362404707371,13.892443989449804,15.652475842498529,12.083045973594572,11.180339887498949,7.0,8.06225774829855,8.54400374531753,2.23606797749979,3.605551275463989,5.385164807134504,0.0,0.0,0.0,0.0,0.0,0.0,0.0,0.0,0.0,0.0,0.0,5.830951894845301,6.708203932499369,7.211102550927978,8.06225774829855,4.47213595499958,10.295630140987,7.211102550927978,5.0,8.54400374531753,9.219544457292887,12.529964086141668,12.083045973594572,12.806248474865697,17.46424919657298,14.866068747318506,13.038404810405298,12.083045973594572,10.816653826391969,10.44030650891055,12.36931687685298,13.0,8.54400374531753,16.55294535724685,17.204650534085253,23.345235059857504,29.0
64.0,4.0,24.515301344262525,21.93171219946131,13.601470508735444,10.770329614269007,5.0,4.123105625617661,4.123105625617661,8.94427190999916,11.180339887498949,14.142135623730951,12.165525060596439,21.587033144922902,21.37755832643195,14.142135623730951,14.0,19.026297590440446,9.055385138137417,11.661903789690601,11.661903789690601,7.615773105863909,5.0,6.324555320336759,2.0,6.082762530298219,8.06225774829855,0.0,0.0,0.0,0.0,0.0,0.0,0.0,0.0,0.0,0.0,0.0,3.1622776601683795,4.123105625617661,5.0990195135927845,4.242640687119285,7.211102550927978,9.219544457292887,6.082762530298219,8.48528137423857,8.54400374531753,11.180339887498949,10.295630140987,12.206555615733702,12.041594578792296,8.54400374531753,10.63014581273465,6.4031242374328485,5.0,6.4031242374328485,3.605551275463989,8.54400374531753,14.142135623730951,18.027756377319946,13.038404810405298,21.02379604162864,27.018512172212592,25.179356624028344
147.27525250360293,24.0,27.459060435491963,25.0,23.021728866442675,19.4164878389476,17.4928556845359,12.806248474865697,5.385164807134504,8.54400374531753,4.47213595499958,2.8284271247461903,7.280109889280518,9.055385138137417,10.0,13.45362404707371,11.313708498984761,12.806248474865697,16.1245154965971,14.866068747318506,11.313708498984761,10.295630140987,6.708203932499369,7.615773105863909,6.082762530298219,4.0,1.4142135623730951,0.0,0.0,0.0,0.0,0.0,0.0,0.0,0.0,0.0,0.0,0.0,4.242640687119285,12.041594578792296,10.198039027185569,3.1622776601683795,5.385164807134504,2.23606797749979,3.1622776601683795,7.211102550927978,10.44030650891055,8.94427190999916,7.0710678118654755,14.7648230602334,16.1245154965971,16.492422502470642,18.35755975068582,16.401219466856727,11.180339887498949,10.0,8.602325267042627,2.23606797749979,2.23606797749979,2.23606797749979,11.40175425099138,16.492422502470642,18.867962264113206,22.135943621178654
147.27525250360293,24.0,27.784887978899608,23.853720883753127,16.76305461424021,17.72004514666935,15.524174696260024,10.63014581273465,2.23606797749979,5.0990195135927845,2.23606797749979,12.041594578792296,9.899494936611665,10.0,17.69180601295413,11.661903789690601,13.45362404707371,12.649110640673518,14.422205101855956,9.848857801796104,8.94427190999916,9.0,7.0,6.708203932499369,4.47213595499958,2.23606797749979,3.605551275463989,0.0,0.0,0.0,0.0,0.0,0.0,0.0,0.0,0.0,0.0,0.0,6.082762530298219,7.280109889280518,8.06225774829855,5.385164807134504,9.055385138137417,5.830951894845301,12.083045973594572,12.206555615733702,12.041594578792296,6.4031242374328485,9.848857801796104,11.40175425099138,12.206555615733702,11.661903789690601,13.45362404707371,12.041594578792296,13.45362404707371,10.63014581273465,10.0,5.385164807134504,8.0,14.142135623730951,3.605551275463989,19.209372712298546,13.601470508735444,22.80350850198276
64.0,4.0,28.635642126552707,27.313000567495326,22.135943621178654,14.866068747318506,15.231546211727817,10.770329614269007,6.082762530298219,4.47213595499958,4.123105625617661,12.806248474865697,12.206555615733702,15.556349186104045,20.591260281974,13.038404810405298,18.439088914585774,14.212670403551895,18.027756377319946,17.4928556845359,12.649110640673518,14.7648230602334,8.602325267042627,5.656854249492381,8.602325267042627,7.810249675906654,5.0,0.0,0.0,0.0,0.0,0.0,0.0,0.0,0.0,0.0,0.0,0.0,8.48528137423857,10.0,7.810249675906654,5.656854249492381,5.0,1.0,5.0,10.04987562112089,9.219544457292887,10.0,13.341664064126334,11.40175425099138,14.212670403551895,17.26267650163207,10.198039027185569,16.76305461424021,14.035668847618199,13.341664064126334,8.0,10.770329614269007,5.0,2.23606797749979,7.615773105863909,14.212670403551895,18.35755975068582,24.698178070456937
64.0,4.0,21.540659228538015,15.652475842498529,18.439088914585774,13.601470508735444,13.0,7.0710678118654755,10.63014581273465,8.06225774829855,8.0,11.180339887498949,9.055385138137417,16.278820596099706,16.55294535724685,18.027756377319946,18.973665961010276,16.15549442140351,15.556349186104045,13.601470508735444,9.219544457292887,9.433981132056603,8.246211251235321,9.899494936611665,7.280109889280518,4.47213595499958,4.47213595499958,0.0,0.0,0.0,0.0,0.0,0.0,0.0,0.0,0.0,0.0,0.0,7.615773105863909,9.848857801796104,10.04987562112089,9.848857801796104,9.219544457292887,10.816653826391969,13.341664064126334,9.219544457292887,9.486832980505138,11.313708498984761,5.656854249492381,10.198039027185569,11.180339887498949,13.038404810405298,14.317821063276353,8.94427190999916,11.40175425099138,7.0710678118654755,10.198039027185569,15.524174696260024,9.486832980505138,14.7648230602334,21.213203435596427,19.72308292331602,23.259406699226016,26.92582403567252
147.27525250360293,24.0,24.186773244895647,21.93171219946131,13.416407864998739,17.0,14.212670403551895,10.770329614269007,2.8284271247461903,7.0710678118654755,3.0,15.0,13.601470508735444,19.313207915827967,13.601470508735444,15.297058540778355,15.132745950421556,18.681541692269406,14.035668847618199,14.317821063276353,10.44030650891055,10.44030650891055,8.94427190999916,3.605551275463989,7.0710678118654755,8.246211251235321,6.0,0.0,0.0,0.0,0.0,0.0,0.0,0.0,0.0,0.0,0.0,0.0,5.385164807134504,5.830951894845301,10.04987562112089,8.54400374531753,8.246211251235321,9.055385138137417,9.219544457292887,9.055385138137417,9.0,10.0,12.041594578792296,9.433981132056603,11.40175425099138,12.041594578792296,9.055385138137417,11.180339887498949,12.529964086141668,11.0,14.035668847618199,9.219544457292887,14.317821063276353,13.601470508735444,13.601470508735444,16.278820596099706,19.209372712298546,20.518284528683193
147.27525250360293,24.0,27.0,24.186773244895647,17.11724276862369,18.973665961010276,13.341664064126334,11.704699910719626,4.123105625617661,8.06225774829855,9.055385138137417,7.280109889280518,12.0,19.235384061671343,16.0,12.083045973594572,13.038404810405298,19.4164878389476,15.524174696260024,12.806248474865697,9.899494936611665,9.219544457292887,8.94427190999916,7.0,4.123105625617661,5.830951894845301,4.0,0.0,0.0,0.0,0.0,0.0,0.0,0.0,0.0,0.0,0.0,0.0,10.0,9.219544457292887,8.0,10.198039027185569,7.810249675906654,9.219544457292887,13.45362404707371,9.433981132056603,14.317821063276353,14.212670403551895,12.041594578792296,10.770329614269007,12.806248474865697,13.892443989449804,13.416407864998739,12.165525060596439,12.083045973594572,10.44030650891055,10.44030650891055,12.041594578792296,8.0,9.055385138137417,15.620499351813308,22.561028345356956,26.076809620810597,24.698178070456937
147.27525250360293,24.0,25.0,18.788294228055936,20.12461179749811,13.152946437965905,17.029386365926403,10.0,8.06225774829855,5.0,5.0990195135927845,4.0,7.810249675906654,9.848857801796104,13.45362404707371,14.866068747318506,16.278820596099706,17.08800749063506,15.231546211727817,13.341664064126334,11.180339887498949,10.04987562112089,10.44030650891055,3.605551275463989,3.605551275463989,10.198039027185569,4.123105625617661,0.0,0.0,0.0,0.0,0.0,0.0,0.0,0.0,0.0,0.0,0.0,5.0,7.615773105863909,10.816653826391969,7.211102550927978,3.1622776601683795,4.47213595499958,3.605551275463989,6.0,7.615773105863909,8.246211251235321,11.180339887498949,12.041594578792296,12.083045973594572,19.924858845171276,18.027756377319946,13.892443989449804,17.88854381999832,12.206555615733702,8.06225774829855,8.246211251235321,9.219544457292887,5.0,6.324555320336759,12.041594578792296,13.038404810405298,19.1049731745428
64.0,4.0,21.02379604162864,23.345235059857504,17.26267650163207,19.026297590440446,13.0,9.0,4.47213595499958,1.4142135623730951,5.830951894845301,8.0,11.180339887498949,12.529964086141668,16.278820596099706,15.033296378372908,16.0312195418814,12.041594578792296,16.76305461424021,17.46424919657298,8.602325267042627,12.806248474865697,5.830951894845301,6.708203932499369,3.605551275463989,4.0,6.082762530298219,0.0,0.0,0.0,0.0,0.0,0.0,0.0,0.0,0.0,0.0,0.0,8.06225774829855,5.0990195135927845,10.04987562112089,9.055385138137417,5.0,4.47213595499958,7.0710678118654755,7.280109889280518,8.06225774829855,6.4031242374328485,12.041594578792296,15.033296378372908,14.142135623730951,14.142135623730951,17.72004514666935,15.524174696260024,15.811388300841896,12.0,12.0,4.123105625617661,1.0,5.0,9.055385138137417,15.132745950421556,20.396078054371138,17.26267650163207
64.0,4.0,22.360679774997898,21.470910553583888,20.8806130178211,14.317821063276353,12.0,7.0,5.0,4.123105625617661,11.0,12.727922061357855,13.038404810405298,15.811388300841896,15.264337522473747,18.384776310850235,16.64331697709324,17.029386365926403,11.40175425099138,13.892443989449804,8.602325267042627,9.848857801796104,2.23606797749979,3.605551275463989,1.4142135623730951,8.54400374531753,2.8284271247461903,0.0,0.0,0.0,0.0,0.0,0.0,0.0,0.0,0.0,0.0,0.0,3.605551275463989,6.324555320336759,4.123105625617661,5.0990195135927845,8.06225774829855,5.385164807134504,11.045361017187261,10.198039027185569,8.06225774829855,9.219544457292887,12.083045973594572,13.601470508735444,14.317821063276353,14.142135623730951,11.704699910719626,11.40175425099138,7.810249675906654,8.94427190999916,4.47213595499958,5.0990195135927845,10.0,15.620499351813308,14.560219778561036,25.612496949731394,22.20360331117452,29.068883707497267
64.0,4.0,22.02271554554524,18.439088914585774,20.8806130178211,16.1245154965971,12.36931687685298,14.035668847618199,9.848857801796104,6.4031242374328485,9.433981132056603,5.656854249492381,8.06225774829855,11.661903789690601,15.231546211727817,13.45362404707371,15.0,15.556349186104045,15.0,11.704699910719626,10.04987562112089,8.0,5.830951894845301,4.123105625617661,7.615773105863909,4.47213595499958,5.656854249492381,0.0,0.0,0.0,0.0,0.0,0.0,0.0,0.0,0.0,0.0,0.0,7.810249675906654,7.280109889280518,5.0,6.324555320336759,6.4031242374328485,6.4031242374328485,9.219544457292887,12.041594578792296,7.615773105863909,14.212670403551895,11.40175425099138,7.615773105863909,12.041594578792296,13.038404810405298,13.416407864998739,13.038404810405298,14.422205101855956,13.601470508735444,10.63014581273465,11.40175425099138,9.219544457292887,13.341664064126334,14.142135623730951,18.24828759089466,19.026297590440446,19.026297590440446
147.27525250360293,24.0,22.02271554554524,18.24828759089466,12.041594578792296,9.219544457292887,4.123105625617661,9.433981132056603,3.605551275463989,1.4142135623730951,10.198039027185569,11.180339887498949,14.560219778561036,14.317821063276353,19.4164878389476,19.924858845171276,13.601470508735444,13.416407864998739,14.7648230602334,7.0710678118654755,9.055385138137417,9.055385138137417,6.324555320336759,5.830951894845301,3.0,7.211102550927978,10.04987562112089,0.0,0.0,0.0,0.0,0.0,0.0,0.0,0.0,0.0,0.0,0.0,8.06225774829855,2.23606797749979,5.0,7.0710678118654755,6.4031242374328485,12.041594578792296,14.212670403551895,13.601470508735444,13.601470508735444,16.278820596099706,13.038404810405298,13.45362404707371,12.206555615733702,8.94427190999916,12.083045973594572,10.198039027185569,8.246211251235321,3.0,5.0,8.06225774829855,11.40175425099138,14.142135623730951,16.0312195418814,24.0,27.16615541441225,30.14962686336267
64.0,4.0,24.351591323771842,16.1245154965971,16.0312195418814,14.866068747318506,6.708203932499369,3.605551275463989,5.0,9.899494936611665,12.206555615733702,13.0,17.46424919657298,14.317821063276353,17.69180601295413,23.345235059857504,13.038404810405298,12.206555615733702,11.661903789690601,12.727922061357855,5.656854249492381,5.656854249492381,7.280109889280518,4.123105625617661,5.830951894845301,5.0,6.324555320336759,0.0,0.0,0.0,0.0,0.0,0.0,0.0,0.0,0.0,0.0,0.0,9.899494936611665,8.48528137423857,2.23606797749979,7.0710678118654755,6.082762530298219,14.317821063276353,11.40175425099138,15.231546211727817,17.08800749063506,13.416407864998739,16.64331697709324,11.180339887498949,12.041594578792296,15.264337522473747,8.48528137423857,9.0,12.206555615733702,13.601470508735444,2.0,4.47213595499958,7.211102550927978,12.165525060596439,19.1049731745428,29.410882339705484,23.021728866442675,25.179356624028344
147.27525250360293,24.0,23.853720883753127,23.259406699226016,13.601470508735444,11.704699910719626,10.0,6.708203932499369,3.605551275463989,2.8284271247461903,2.8284271247461903,5.0,11.180339887498949,11.180339887498949,19.026297590440446,18.110770276274835,15.0,14.866068747318506,10.198039027185569,13.0,10.44030650891055,5.385164807134504,5.385164807134504,1.4142135623730951,3.1622776601683795,2.23606797749979,6.082762530298219,0.0,0.0,0.0,0.0,0.0,0.0,0.0,0.0,0.0,0.0,0.0,5.830951894845301,4.47213595499958,4.242640687119285,2.23606797749979,4.123105625617661,4.123105625617661,5.830951894845301,7.0710678118654755,3.1622776601683795,11.313708498984761,11.661903789690601,12.529964086141668,10.44030650891055,16.55294535724685,9.433981132056603,10.816653826391969,9.433981132056603,6.082762530298219,2.23606797749979,3.0,3.0,6.4031242374328485,14.212670403551895,22.135943621178654,17.804493814764857,21.540659228538015
147.27525250360293,24.0,21.587033144922902,21.587033144922902,19.1049731745428,17.26267650163207,11.180339887498949,9.055385138137417,5.0,1.0,7.280109889280518,8.0,12.041594578792296,12.529964086141668,13.038404810405298,11.40175425099138,13.92838827718412,15.132745950421556,11.661903789690601,11.661903789690601,7.615773105863909,10.770329614269007,3.605551275463989,4.242640687119285,5.385164807134504,2.8284271247461903,4.0,0.0,0.0,0.0,0.0,0.0,0.0,0.0,0.0,0.0,0.0,0.0,9.486832980505138,5.830951894845301,7.615773105863909,6.4031242374328485,2.8284271247461903,1.4142135623730951,3.0,6.324555320336759,7.615773105863909,5.656854249492381,12.206555615733702,8.06225774829855,15.620499351813308,11.40175425099138,14.866068747318506,17.029386365926403,14.422205101855956,13.45362404707371,11.313708498984761,6.708203932499369,2.23606797749979,3.1622776601683795,6.324555320336759,17.46424919657298,10.04987562112089,18.384776310850235
64.0,4.0,21.540659228538015,23.323807579381203,20.518284528683193,15.811388300841896,13.601470508735444,7.810249675906654,5.0990195135927845,1.0,9.219544457292887,5.0,15.033296378372908,6.082762530298219,15.132745950421556,15.132745950421556,14.560219778561036,13.341664064126334,11.704699910719626,13.92838827718412,10.0,10.63014581273465,7.615773105863909,2.8284271247461903,3.605551275463989,4.123105625617661,5.830951894845301,0.0,0.0,0.0,0.0,0.0,0.0,0.0,0.0,0.0,0.0,0.0,6.4031242374328485,10.198039027185569,8.54400374531753,3.605551275463989,8.94427190999916,10.198039027185569,6.708203932499369,12.727922061357855,11.40175425099138,13.892443989449804,9.433981132056603,13.038404810405298,17.4928556845359,14.866068747318506,19.4164878389476,14.422205101855956,12.727922061357855,11.661903789690601,5.0,8.602325267042627,7.280109889280518,9.899494936611665,14.560219778561036,18.027756377319946,20.12461179749811,25.942243542145693
147.27525250360293,24.0,24.08318915758459,26.90724809414742,17.4928556845359,15.0,18.601075237738275,5.656854249492381,7.211102550927978,5.0990195135927845,5.0,8.602325267042627,10.816653826391969,15.297058540778355,18.601075237738275,18.439088914585774,16.55294535724685,20.0,15.652475842498529,14.7648230602334,11.180339887498949,9.486832980505138,8.0,6.4031242374328485,3.1622776601683795,5.385164807134504,2.23606797749979,0.0,0.0,0.0,0.0,0.0,0.0,0.0,0.0,0.0,0.0,0.0,7.0710678118654755,7.810249675906654,6.4031242374328485,8.06225774829855,5.385164807134504,7.810249675906654,10.816653826391969,10.295630140987,10.44030650891055,8.246211251235321,12.727922061357855,12.36931687685298,15.231546211727817,11.40175425099138,9.899494936611665,10.44030650891055,9.219544457292887,4.123105625617661,13.038404810405298,6.082762530298219,11.40175425099138,12.041594578792296,25.298221281347036,20.615528128088304,23.430749027719962,26.92582403567252
147.27525250360293,24.0,24.413111231467404,21.400934559032695,17.88854381999832,13.892443989449804,12.36931687685298,7.810249675906654,6.4031242374328485,11.045361017187261,11.704699910719626,6.4031242374328485,17.029386365926403,9.219544457292887,18.027756377319946,14.317821063276353,20.12461179749811,13.152946437965905,17.72004514666935,12.041594578792296,13.038404810405298,9.055385138137417,4.123105625617661,2.23606797749979,2.8284271247461903,5.385164807134504,4.123105625617661,0.0,0.0,0.0,0.0,0.0,0.0,0.0,0.0,0.0,0.0,0.0,6.4031242374328485,5.830951894845301,7.615773105863909,5.385164807134504,6.0,9.0,10.04987562112089,12.36931687685298,10.198039027185569,9.486832980505138,13.341664064126334,13.152946437965905,13.0,14.866068747318506,14.317821063276353,11.704699910719626,14.035668847618199,7.0710678118654755,4.0,2.23606797749979,7.0710678118654755,14.866068747318506,17.69180601295413,18.601075237738275,25.45584412271571,33.97057550292606
147.27525250360293,24.0,26.92582403567252,23.853720883753127,17.4928556845359,13.892443989449804,15.524174696260024,10.295630140987,8.602325267042627,6.708203932499369,7.0710678118654755,7.280109889280518,11.40175425099138,11.40175425099138,13.892443989449804,16.492422502470642,11.045361017187261,17.029386365926403,12.0,13.0,9.486832980505138,9.848857801796104,5.0990195135927845,5.830951894845301,5.385164807134504,4.47213595499958,2.23606797749979,0.0,0.0,0.0,0.0,0.0,0.0,0.0,0.0,0.0,0.0,0.0,7.211102550927978,5.385164807134504,11.40175425099138,9.0,11.045361017187261,10.295630140987,10.198039027185569,8.94427190999916,6.708203932499369,13.0,14.212670403551895,11.180339887498949,16.15549442140351,16.1245154965971,15.264337522473747,16.1245154965971,14.422205101855956,12.083045973594572,9.055385138137417,11.704699910719626,5.0,12.206555615733702,17.69180601295413,14.7648230602334,22.627416997969522,28.600699292150182
64.0,4.0,25.079872407968907,21.02379604162864,21.840329667841555,15.132745950421556,13.0,10.0,9.055385138137417,2.0,7.0710678118654755,5.830951894845301,12.206555615733702,13.0,13.601470508735444,15.264337522473747,13.601470508735444,15.0,9.486832980505138,9.486832980505138,12.806248474865697,14.7648230602334,9.055385138137417,7.211102550927978,5.0,4.123105625617661,1.0,0.0,0.0,0.0,0.0,0.0,0.0,0.0,0.0,0.0,0.0,0.0,7.615773105863909,9.055385138137417,5.385164807134504,7.0710678118654755,5.0,5.830951894845301,4.47213595499958,4.123105625617661,8.06225774829855,10.198039027185569,9.848857801796104,17.0,16.1245154965971,12.0,17.11724276862369,17.11724276862369,9.486832980505138,9.0,7.0710678118654755,2.23606797749979,3.1622776601683795,2.23606797749979,10.44030650891055,13.341664064126334,22.561028345356956,26.68332812825267
64.0,4.0,26.570660511172846,25.942243542145693,18.027756377319946,15.264337522473747,13.601470508735444,9.486832980505138,5.385164807134504,4.47213595499958,3.1622776601683795,7.211102550927978,8.246211251235321,14.317821063276353,12.083045973594572,14.035668847618199,14.142135623730951,12.165525060596439,18.027756377319946,13.341664064126334,9.055385138137417,11.40175425099138,10.198039027185569,7.0710678118654755,7.0,2.23606797749979,2.8284271247461903,0.0,0.0,0.0,0.0,0.0,0.0,0.0,0.0,0.0,0.0,0.0,6.4031242374328485,5.0,1.0,2.23606797749979,4.0,1.0,8.602325267042627,7.0710678118654755,8.246211251235321,10.770329614269007,12.083045973594572,14.422205101855956,16.76305461424021,12.529964086141668,12.649110640673518,12.36931687685298,8.06225774829855,5.830951894845301,7.0710678118654755,1.0,5.385164807134504,7.810249675906654,13.601470508735444,13.92838827718412,22.360679774997898,17.46424919657298
147.27525250360293,24.0,26.627053911388696,27.459060435491963,18.027756377319946,15.811388300841896,8.602325267042627,2.0,4.123105625617661,7.0710678118654755,6.324555320336759,13.416407864998739,16.76305461424021,17.08800749063506,18.788294228055936,16.76305461424021,14.560219778561036,18.867962264113206,10.198039027185569,13.0,10.770329614269007,9.219544457292887,5.385164807134504,2.0,5.0990195135927845,7.280109889280518,11.180339887498949,0.0,0.0,0.0,0.0,0.0,0.0,0.0,0.0,0.0,0.0,0.0,7.280109889280518,3.0,4.47213595499958,5.830951894845301,5.0,5.385164807134504,10.04987562112089,11.180339887498949,8.246211251235321,17.0,13.0,16.1245154965971,18.24828759089466,18.24828759089466,16.278820596099706,19.235384061671343,10.44030650891055,4.0,5.0,4.123105625617661,11.313708498984761,12.806248474865697,17.204650534085253,26.419689627245813,30.479501308256342,33.60059523282288
147.27525250360293,24.0,21.18962010041709,18.439088914585774,19.0,11.180339887498949,10.0,4.0,5.0990195135927845,6.4031242374328485,11.40175425099138,17.26267650163207,12.727922061357855,19.72308292331602,16.1245154965971,21.095023109728988,13.416407864998739,12.529964086141668,14.317821063276353,14.035668847618199,7.0710678118654755,6.324555320336759,6.4031242374328485,4.0,5.0,8.246211251235321,4.0,0.0,0.0,0.0,0.0,0.0,0.0,0.0,0.0,0.0,0.0,0.0,2.0,5.0,7.0710678118654755,5.0,12.649110640673518,13.341664064126334,12.649110640673518,12.165525060596439,12.165525060596439,17.08800749063506,12.529964086141668,16.76305461424021,17.72004514666935,9.899494936611665,11.180339887498949,13.416407864998739,9.219544457292887,9.486832980505138,8.06225774829855,1.4142135623730951,15.132745950421556,13.152946437965905,20.09975124224178,25.495097567963924,32.38826948140329,33.06055050963308
147.27525250360293,24.0,19.235384061671343,14.317821063276353,13.038404810405298,6.324555320336759,8.06225774829855,13.601470508735444,14.866068747318506,12.806248474865697,15.811388300841896,17.029386365926403,17.804493814764857,20.0,19.235384061671343,19.235384061671343,17.08800749063506,10.198039027185569,11.180339887498949,13.0,7.280109889280518,4.242640687119285,7.615773105863909,3.0,7.810249675906654,12.041594578792296,10.44030650891055,0.0,0.0,0.0,0.0,0.0,0.0,0.0,0.0,0.0,0.0,0.0,3.605551275463989,7.810249675906654,11.40175425099138,10.63014581273465,9.899494936611665,11.661903789690601,18.601075237738275,13.0,14.035668847618199,17.08800749063506,13.892443989449804,8.246211251235321,11.180339887498949,11.40175425099138,6.4031242374328485,9.219544457292887,6.708203932499369,12.041594578792296,12.041594578792296,12.649110640673518,21.18962010041709,19.924858845171276,24.186773244895647,28.635642126552707,28.178005607210743,31.04834939252005
147.27525250360293,24.0,21.587033144922902,16.1245154965971,20.223748416156685,9.486832980505138,9.433981132056603,9.0,9.848857801796104,3.1622776601683795,3.605551275463989,8.06225774829855,10.44030650891055,4.47213595499958,16.492422502470642,16.15549442140351,13.038404810405298,15.652475842498529,10.198039027185569,12.727922061357855,8.602325267042627,10.295630140987,6.4031242374328485,9.433981132056603,7.211102550927978,3.1622776601683795,5.0,0.0,0.0,0.0,0.0,0.0,0.0,0.0,0.0,0.0,0.0,0.0,6.4031242374328485,5.385164807134504,5.0990195135927845,7.810249675906654,10.0,7.211102550927978,5.385164807134504,3.1622776601683795,10.04987562112089,5.0990195135927845,5.385164807134504,12.649110640673518,12.727922061357855,12.041594578792296,13.45362404707371,17.4928556845359,14.142135623730951,11.40175425099138,10.0,11.40175425099138,7.0710678118654755,6.324555320336759,8.06225774829855,9.486832980505138,16.278820596099706,15.811388300841896
147.27525250360293,24.0,25.019992006393608,24.166091947189145,20.396078054371138,18.681541692269406,16.15549442140351,14.0,12.36931687685298,6.082762530298219,4.47213595499958,5.385164807134504,6.324555320336759,5.830951894845301,14.7648230602334,9.433981132056603,14.422205101855956,12.206555615733702,14.866068747318506,14.866068747318506,16.492422502470642,8.94427190999916,12.649110640673518,9.848857801796104,8.06225774829855,6.4031242374328485,2.8284271247461903,0.0,0.0,0.0,0.0,0.0,0.0,0.0,0.0,0.0,0.0,0.0,6.4031242374328485,9.219544457292887,7.0710678118654755,7.615773105863909,7.0710678118654755,6.708203932499369,9.219544457292887,6.4031242374328485,5.830951894845301,10.63014581273465,14.7648230602334,11.40175425099138,17.204650534085253,17.029386365926403,14.142135623730951,18.601075237738275,16.401219466856727,15.620499351813308,9.899494936611665,8.48528137423857,2.23606797749979,7.211102550927978,9.0,13.038404810405298,14.142135623730951,24.08318915758459
147.27525250360293,24.0,32.89376840679705,21.540659228538015,20.248456731316587,15.652475842498529,12.649110640673518,8.94427190999916,9.0,5.0990195135927845,6.082762530298219,14.0,14.142135623730951,15.297058540778355,17.0,19.1049731745428,16.76305461424021,15.811388300841896,16.64331697709324,13.038404810405298,12.806248474865697,10.198039027185569,5.0,3.0,4.123105625617661,3.0,3.1622776601683795,0.0,0.0,0.0,0.0,0.0,0.0,0.0,0.0,0.0,0.0,0.0,10.295630140987,8.246211251235321,7.615773105863909,3.605551275463989,5.656854249492381,5.385164807134504,11.661903789690601,7.615773105863909,11.40175425099138,9.055385138137417,15.652475842498529,18.439088914585774,19.235384061671343,18.027756377319946,16.76305461424021,18.973665961010276,10.63014581273465,15.264337522473747,9.486832980505138,7.0,8.06225774829855,5.830951894845301,15.297058540778355,22.02271554554524,22.360679774997898,20.248456731316587
64.0,4.0,28.635642126552707,20.248456731316587,13.038404810405298,13.892443989449804,9.055385138137417,9.219544457292887,10.0,2.0,10.198039027185569,9.848857801796104,13.601470508735444,21.213203435596427,19.235384061671343,16.0312195418814,16.0312195418814,15.033296378372908,15.620499351813308,12.206555615733702,9.219544457292887,6.4031242374328485,8.06225774829855,3.0,9.055385138137417,5.0,11.045361017187261,0.0,0.0,0.0,0.0,0.0,0.0,0.0,0.0,0.0,0.0,0.0,9.219544457292887,10.04987562112089,9.055385138137417,8.06225774829855,9.486832980505138,11.045361017187261,9.0,10.0,12.165525060596439,11.704699910719626,11.180339887498949,11.180339887498949,12.041594578792296,14.560219778561036,16.15549442140351,14.142135623730951,14.422205101855956,10.198039027185569,6.324555320336759,6.082762530298219,13.892443989449804,16.1245154965971,19.4164878389476,17.204650534085253,22.80350850198276,27.202941017470888
147.27525250360293,24.0,23.345235059857504,27.018512172212592,27.018512172212592,24.041630560342615,27.294688127912362,19.6468827043885,19.026297590440446,9.0,5.830951894845301,10.295630140987,8.602325267042627,12.0,12.041594578792296,11.180339887498949,13.152946437965905,18.384776310850235,17.08800749063506,16.55294535724685,15.0,16.401219466856727,13.038404810405298,11.313708498984761,9.486832980505138,9.219544457292887,8.246211251235321,0.0,0.0,0.0,0.0,0.0,0.0,0.0,0.0,0.0,0.0,0.0,10.0,6.708203932499369,12.041594578792296,7.810249675906654,11.180339887498949,8.54400374531753,8.06225774829855,5.656854249492381,8.602325267042627,7.280109889280518,11.045361017187261,13.152946437965905,16.492422502470642,16.15549442140351,15.033296378372908,20.09975124224178,19.235384061671343,16.0312195418814,19.026297590440446,14.560219778561036,12.36931687685298,10.04987562112089,3.605551275463989,6.4031242374328485,11.045361017187261,18.439088914585774
147.27525250360293,24.0,28.442925306655784,25.019992006393608,22.847319317591726,19.313207915827967,21.587033144922902,18.24828759089466,6.4031242374328485,16.0312195418814,8.06225774829855,7.810249675906654,8.602325267042627,9.055385138137417,12.206555615733702,14.142135623730951,14.866068747318506,13.45362404707371,16.55294535724685,14.866068747318506,14.142135623730951,14.422205101855956,11.661903789690601,7.211102550927978,8.48528137423857,10.63014581273465,3.0,0.0,0.0,0.0,0.0,0.0,0.0,0.0,0.0,0.0,0.0,0.0,9.055385138137417,5.385164807134504,4.123105625617661,5.0990195135927845,1.0,3.1622776601683795,1.4142135623730951,3.605551275463989,4.123105625617661,7.615773105863909,13.45362404707371,13.892443989449804,19.1049731745428,18.439088914585774,14.142135623730951,15.620499351813308,19.209372712298546,13.341664064126334,12.529964086141668,8.602325267042627,11.704699910719626,7.280109889280518,5.0,13.152946437965905,17.029386365926403,21.18962010041709
147.27525250360293,24.0,28.460498941515414,20.223748416156685,17.11724276862369,7.0710678118654755,10.295630140987,9.219544457292887,6.082762530298219,12.041594578792296,13.0,18.973665961010276,19.6468827043885,15.652475842498529,17.0,18.24828759089466,14.317821063276353,18.973665961010276,15.811388300841896,14.142135623730951,10.770329614269007,7.211102550927978,4.123105625617661,2.23606797749979,5.0990195135927845,6.4031242374328485,9.219544457292887,0.0,0.0,0.0,0.0,0.0,0.0,0.0,0.0,0.0,0.0,0.0,6.324555320336759,5.0990195135927845,2.23606797749979,10.295630140987,11.40175425099138,9.219544457292887,13.416407864998739,14.035668847618199,15.811388300841896,16.64331697709324,16.0312195418814,16.15549442140351,17.26267650163207,18.973665961010276,13.416407864998739,14.212670403551895,10.0,6.708203932499369,7.615773105863909,10.295630140987,17.46424919657298,22.80350850198276,29.5296461204668,29.966648127543394,34.0147027033899,31.04834939252005
147.27525250360293,24.0,22.02271554554524,17.029386365926403,19.4164878389476,8.94427190999916,6.082762530298219,3.605551275463989,9.219544457292887,8.0,11.180339887498949,8.246211251235321,18.027756377319946,22.090722034374522,19.026297590440446,19.235384061671343,17.029386365926403,16.0312195418814,18.027756377319946,10.198039027185569,9.0,10.816653826391969,2.0,4.47213595499958,5.385164807134504,4.47213595499958,9.486832980505138,0.0,0.0,0.0,0.0,0.0,0.0,0.0,0.0,0.0,0.0,0.0,1.4142135623730951,2.8284271247461903,6.082762530298219,5.0,6.0,9.219544457292887,5.385164807134504,11.40175425099138,15.0,15.033296378372908,14.317821063276353,13.601470508735444,12.083045973594572,12.0,10.198039027185569,6.324555320336759,8.06225774829855,8.246211251235321,6.324555320336759,7.0710678118654755,12.806248474865697,20.518284528683193,23.345235059857504,24.839484696748443,27.459060435491963,25.80697580112788
147.27525250360293,24.0,21.400934559032695,24.166091947189145,22.135943621178654,19.697715603592208,18.973665961010276,11.40175425099138,5.0990195135927845,9.899494936611665,6.082762530298219,3.1622776601683795,6.082762530298219,4.47213595499958,10.0,14.035668847618199,13.601470508735444,12.041594578792296,13.601470508735444,12.165525060596439,12.36931687685298,14.317821063276353,4.123105625617661,9.055385138137417,7.280109889280518,4.47213595499958,3.1622776601683795,0.0,0.0,0.0,0.0,0.0,0.0,0.0,0.0,0.0,0.0,0.0,8.246211251235321,6.0,4.47213595499958,5.0,2.23606797749979,2.8284271247461903,6.4031242374328485,1.0,8.602325267042627,14.212670403551895,8.06225774829855,13.45362404707371,13.038404810405298,14.212670403551895,11.180339887498949,15.556349186104045,11.40175425099138,12.806248474865697,8.06225774829855,8.602325267042627,5.0990195135927845,7.0710678118654755,9.486832980505138,8.06225774829855,16.55294535724685,22.47220505424423
147.27525250360293,24.0,24.839484696748443,24.413111231467404,21.95449840010015,22.67156809750927,13.892443989449804,14.422205101855956,8.602325267042627,9.219544457292887,7.615773105863909,8.94427190999916,6.082762530298219,12.529964086141668,8.94427190999916,13.152946437965905,13.601470508735444,6.324555320336759,16.278820596099706,16.492422502470642,12.649110640673518,13.0,11.704699910719626,7.0710678118654755,6.708203932499369,2.23606797749979,2.23606797749979,0.0,0.0,0.0,0.0,0.0,0.0,0.0,0.0,0.0,0.0,0.0,9.219544457292887,7.0710678118654755,5.656854249492381,6.0,3.1622776601683795,3.1622776601683795,3.1622776601683795,4.47213595499958,5.385164807134504,14.142135623730951,12.165525060596439,16.1245154965971,13.038404810405298,14.142135623730951,12.165525060596439,16.1245154965971,14.866068747318506,11.180339887498949,13.601470508735444,9.219544457292887,9.0,8.246211251235321,5.830951894845301,12.806248474865697,19.4164878389476,17.4928556845359
64.0,4.0,27.65863337187866,22.80350850198276,19.235384061671343,15.811388300841896,10.198039027185569,12.165525060596439,15.0,11.180339887498949,14.422205101855956,17.69180601295413,17.029386365926403,14.866068747318506,14.317821063276353,18.867962264113206,14.317821063276353,16.76305461424021,15.033296378372908,12.36931687685298,10.198039027185569,8.06225774829855,8.0,7.615773105863909,6.4031242374328485,5.385164807134504,3.1622776601683795,0.0,0.0,0.0,0.0,0.0,0.0,0.0,0.0,0.0,0.0,0.0,3.0,2.23606797749979,2.23606797749979,4.123105625617661,5.830951894845301,8.246211251235321,6.082762530298219,11.180339887498949,12.529964086141668,14.035668847618199,15.811388300841896,10.816653826391969,16.64331697709324,15.811388300841896,9.899494936611665,15.811388300841896,15.652475842498529,11.045361017187261,9.055385138137417,8.94427190999916,14.560219778561036,15.652475842498529,21.540659228538015,21.213203435596427,31.144823004794873,24.351591323771842
147.27525250360293,24.0,27.892651361962706,22.80350850198276,14.7648230602334,15.132745950421556,7.615773105863909,7.0710678118654755,12.041594578792296,13.038404810405298,14.317821063276353,14.317821063276353,18.110770276274835,22.561028345356956,18.0,17.46424919657298,17.029386365926403,17.88854381999832,18.681541692269406,11.180339887498949,8.94427190999916,11.40175425099138,5.385164807134504,2.23606797749979,6.708203932499369,9.055385138137417,7.211102550927978,0.0,0.0,0.0,0.0,0.0,0.0,0.0,0.0,0.0,0.0,0.0,3.0,3.1622776601683795,4.123105625617661,9.219544457292887,7.615773105863909,10.63014581273465,13.416407864998739,16.278820596099706,11.40175425099138,18.35755975068582,13.416407864998739,15.811388300841896,16.401219466856727,11.40175425099138,14.212670403551895,12.727922061357855,10.0,11.180339887498949,8.06225774829855,12.206555615733702,12.041594578792296,20.0,26.419689627245813,27.784887978899608,26.627053911388696,32.202484376209235
147.27525250360293,24.0,22.02271554554524,15.524174696260024,13.0,5.656854249492381,5.0,8.602325267042627,12.529964086141668,16.97056274847714,14.866068747318506,19.209372712298546,23.345235059857504,22.80350850198276,19.849433241279208,18.867962264113206,15.0,19.849433241279208,15.556349186104045,10.0,10.295630140987,4.47213595499958,5.830951894845301,3.605551275463989,5.830951894845301,4.0,8.94427190999916,0.0,0.0,0.0,0.0,0.0,0.0,0.0,0.0,0.0,0.0,0.0,4.123105625617661,4.123105625617661,5.0,9.433981132056603,12.36931687685298,11.40175425099138,11.704699910719626,14.317821063276353,14.422205101855956,14.7648230602334,12.806248474865697,11.313708498984761,10.816653826391969,10.295630140987,9.219544457292887,7.0710678118654755,1.0,5.656854249492381,7.0,11.40175425099138,14.142135623730951,23.08679276123039,28.861739379323623,24.351591323771842,32.2490309931942,27.294688127912362
147.27525250360293,24.0,29.68164415931166,21.095023109728988,13.416407864998739,10.63014581273465,9.055385138137417,1.0,11.180339887498949,15.652475842498529,19.235384061671343,15.231546211727817,20.12461179749811,22.847319317591726,22.47220505424423,18.973665961010276,18.681541692269406,16.1245154965971,14.035668847618199,11.180339887498949,9.0,3.605551275463989,5.0990195135927845,1.4142135623730951,2.0,7.615773105863909,7.615773105863909,0.0,0.0,0.0,0.0,0.0,0.0,0.0,0.0,0.0,0.0,0.0,3.0,2.0,10.0,10.04987562112089,10.44030650891055,10.04987562112089,12.041594578792296,16.0,13.341664064126334,18.24828759089466,16.0,16.278820596099706,15.132745950421556,10.04987562112089,10.04987562112089,6.082762530298219,3.605551275463989,5.0,11.180339887498949,15.264337522473747,17.08800749063506,25.0,26.870057685088806,32.526911934581186,31.064449134018133,31.11269837220809
147.27525250360293,24.0,32.01562118716424,20.615528128088304,18.027756377319946,10.63014581273465,7.280109889280518,1.0,6.708203932499369,10.770329614269007,16.76305461424021,14.142135623730951,15.132745950421556,19.026297590440446,19.0,18.0,23.021728866442675,14.0,11.180339887498949,14.142135623730951,4.47213595499958,9.848857801796104,1.4142135623730951,5.0990195135927845,3.605551275463989,5.0,6.708203932499369,0.0,0.0,0.0,0.0,0.0,0.0,0.0,0.0,0.0,0.0,0.0,3.1622776601683795,4.0,6.082762530298219,10.198039027185569,11.045361017187261,11.045361017187261,13.92838827718412,11.661903789690601,17.88854381999832,12.041594578792296,8.06225774829855,14.035668847618199,13.152946437965905,16.492422502470642,8.602325267042627,8.54400374531753,7.0710678118654755,5.0,8.246211251235321,15.620499351813308,14.142135623730951,17.69180601295413,24.758836806279895,31.144823004794873,27.65863337187866,35.35533905932738
147.27525250360293,24.0,29.5296461204668,26.1725046566048,18.973665961010276,12.165525060596439,10.0,10.04987562112089,6.4031242374328485,12.806248474865697,13.892443989449804,16.0312195418814,20.615528128088304,20.615528128088304,23.08679276123039,25.079872407968907,22.360679774997898,18.110770276274835,16.0,13.0,7.211102550927978,9.219544457292887,8.54400374531753,5.656854249492381,7.0710678118654755,5.385164807134504,9.219544457292887,0.0,0.0,0.0,0.0,0.0,0.0,0.0,0.0,0.0,0.0,0.0,6.324555320336759,4.123105625617661,7.211102550927978,8.94427190999916,10.770329614269007,11.40175425099138,16.278820596099706,17.204650534085253,15.652475842498529,19.209372712298546,12.36931687685298,13.038404810405298,10.816653826391969,10.0,10.0,7.810249675906654,5.385164807134504,7.810249675906654,12.36931687685298,12.083045973594572,17.029386365926403,24.596747752497688,26.419689627245813,34.92849839314596,33.1058907144937,32.69556544854363
147.27525250360293,24.0,27.892651361962706,20.615528128088304,20.396078054371138,18.24828759089466,13.152946437965905,12.36931687685298,6.4031242374328485,15.0,19.1049731745428,12.206555615733702,21.213203435596427,18.027756377319946,20.615528128088304,20.808652046684813,22.47220505424423,17.46424919657298,13.92838827718412,11.180339887498949,12.165525060596439,8.54400374531753,7.615773105863909,5.385164807134504,6.4031242374328485,7.615773105863909,7.211102550927978,0.0,0.0,0.0,0.0,0.0,0.0,0.0,0.0,0.0,0.0,0.0,8.06225774829855,7.615773105863909,11.0,14.0,12.36931687685298,12.206555615733702,16.278820596099706,13.892443989449804,18.439088914585774,16.401219466856727,14.866068747318506,12.806248474865697,12.806248474865697,13.92838827718412,13.601470508735444,12.206555615733702,11.704699910719626,13.416407864998739,12.36931687685298,17.029386365926403,15.297058540778355,23.0,20.223748416156685,30.066592756745816,34.132096331752024,34.23448553724738
147.27525250360293,24.0,27.459060435491963,19.697715603592208,23.345235059857504,13.0,13.601470508735444,14.035668847618199,15.0,17.26267650163207,20.09975124224178,18.110770276274835,17.0,10.44030650891055,17.029386365926403,17.11724276862369,21.587033144922902,20.12461179749811,13.892443989449804,13.341664064126334,13.038404810405298,11.704699910719626,7.211102550927978,7.211102550927978,9.055385138137417,11.180339887498949,8.94427190999916,0.0,0.0,0.0,0.0,0.0,0.0,0.0,0.0,0.0,0.0,0.0,8.06225774829855,7.0710678118654755,13.601470508735444,10.770329614269007,17.0,15.652475842498529,15.0,17.204650534085253,17.69180601295413,15.620499351813308,19.235384061671343,14.212670403551895,12.529964086141668,15.620499351813308,14.317821063276353,16.97056274847714,20.0,14.317821063276353,14.212670403551895,18.027756377319946,20.12461179749811,18.788294228055936,21.540659228538015,27.784887978899608,23.600847442411894,28.635642126552707
64.0,4.0,30.0,23.021728866442675,22.80350850198276,20.024984394500787,18.973665961010276,15.297058540778355,10.816653826391969,14.142135623730951,17.804493814764857,18.867962264113206,18.439088914585774,24.08318915758459,20.518284528683193,17.204650534085253,21.18962010041709,14.317821063276353,20.8806130178211,16.55294535724685,10.770329614269007,15.0,12.083045973594572,7.280109889280518,7.0710678118654755,13.45362404707371,14.212670403551895,0.0,0.0,0.0,0.0,0.0,0.0,0.0,0.0,0.0,0.0,0.0,9.219544457292887,8.06225774829855,9.848857801796104,14.317821063276353,11.661903789690601,14.560219778561036,11.045361017187261,16.0312195418814,17.46424919657298,13.152946437965905,11.180339887498949,17.0,14.317821063276353,15.033296378372908,17.88854381999832,12.649110640673518,22.360679774997898,9.219544457292887,21.37755832643195,16.492422502470642,17.029386365926403,21.02379604162864,28.178005607210743,28.635642126552707,28.160255680657446,33.1058907144937
147.27525250360293,24.0,30.066592756745816,24.515301344262525,20.024984394500787,25.019992006393608,19.1049731745428,18.681541692269406,15.620499351813308,17.88854381999832,10.816653826391969,21.93171219946131,21.2602916254693,19.79898987322333,21.18962010041709,18.439088914585774,19.924858845171276,16.76305461424021,19.72308292331602,13.152946437965905,10.0,11.40175425099138,13.601470508735444,12.041594578792296,8.54400374531753,8.602325267042627,12.529964086141668,0.0,0.0,0.0,0.0,0.0,0.0,0.0,0.0,0.0,0.0,0.0,10.198039027185569,13.0,8.94427190999916,12.041594578792296,14.317821063276353,18.110770276274835,16.0,21.02379604162864,15.132745950421556,9.486832980505138,22.47220505424423,14.0,11.704699910719626,14.212670403551895,15.0,13.341664064126334,18.439088914585774,18.027756377319946,25.0,14.142135623730951,18.0,22.20360331117452,26.0,28.160255680657446,27.202941017470888,35.05709628591621
147.27525250360293,24.0,29.410882339705484,25.019992006393608,19.72308292331602,11.180339887498949,12.041594578792296,8.48528137423857,13.92838827718412,6.324555320336759,15.033296378372908,15.524174696260024,10.04987562112089,13.601470508735444,21.840329667841555,16.1245154965971,19.1049731745428,15.811388300841896,18.867962264113206,13.601470508735444,11.661903789690601,7.211102550927978,5.0,3.1622776601683795,5.830951894845301,3.0,12.041594578792296,0.0,0.0,0.0,0.0,0.0,0.0,0.0,0.0,0.0,0.0,0.0,3.1622776601683795,4.47213595499958,7.211102550927978,9.433981132056603,15.652475842498529,14.866068747318506,17.72004514666935,18.027756377319946,15.524174696260024,20.09975124224178,18.0,14.142135623730951,20.0,17.08800749063506,12.0,8.602325267042627,5.830951894845301,8.94427190999916,11.704699910719626,17.46424919657298,18.110770276274835,21.213203435596427,27.073972741361768,29.427877939124322,33.24154027718932,30.14962686336267
147.27525250360293,24.0,24.0,22.847319317591726,13.601470508735444,9.848857801796104,7.280109889280518,2.8284271247461903,8.54400374531753,11.180339887498949,13.038404810405298,16.492422502470642,22.80350850198276,19.924858845171276,21.095023109728988,20.396078054371138,19.235384061671343,18.439088914585774,17.46424919657298,13.038404810405298,10.0,8.94427190999916,5.0,3.605551275463989,1.4142135623730951,4.242640687119285,8.06225774829855,0.0,0.0,0.0,0.0,0.0,0.0,0.0,0.0,0.0,0.0,0.0,6.708203932499369,3.0,4.47213595499958,11.180339887498949,11.180339887498949,16.278820596099706,17.46424919657298,16.1245154965971,19.313207915827967,20.615528128088304,18.384776310850235,18.384776310850235,14.560219778561036,13.601470508735444,9.0,2.0,3.1622776601683795,1.0,8.246211251235321,12.36931687685298,19.4164878389476,24.331050121192877,28.442925306655784,35.35533905932738,32.69556544854363,35.35533905932738
147.27525250360293,24.0,25.298221281347036,30.4138126514911,26.1725046566048,19.4164878389476,21.02379604162864,15.132745950421556,12.041594578792296,8.246211251235321,7.0710678118654755,7.211102550927978,4.123105625617661,3.605551275463989,7.0710678118654755,12.0,15.132745950421556,13.038404810405298,11.40175425099138,15.524174696260024,13.0,13.038404810405298,11.180339887498949,10.816653826391969,8.54400374531753,3.605551275463989,4.242640687119285,0.0,0.0,0.0,0.0,0.0,0.0,0.0,0.0,0.0,0.0,0.0,12.806248474865697,9.848857801796104,8.602325267042627,7.211102550927978,8.48528137423857,8.602325267042627,4.123105625617661,2.8284271247461903,5.656854249492381,5.0,7.0,10.198039027185569,13.0,18.110770276274835,19.1049731745428,17.11724276862369,19.235384061671343,15.811388300841896,17.08800749063506,13.341664064126334,7.0710678118654755,8.54400374531753,4.47213595499958,4.123105625617661,12.165525060596439,13.92838827718412
147.27525250360293,24.0,30.01666203960727,20.0,25.0,20.518284528683193,11.313708498984761,13.892443989449804,12.041594578792296,5.830951894845301,6.4031242374328485,7.0710678118654755,4.47213595499958,10.295630140987,10.198039027185569,12.041594578792296,11.661903789690601,14.142135623730951,16.0312195418814,10.04987562112089,9.486832980505138,10.295630140987,11.40175425099138,11.180339887498949,8.246211251235321,1.4142135623730951,2.0,0.0,0.0,0.0,0.0,0.0,0.0,0.0,0.0,0.0,0.0,0.0,4.123105625617661,6.324555320336759,8.602325267042627,11.180339887498949,11.661903789690601,11.313708498984761,16.401219466856727,9.219544457292887,12.206555615733702,15.620499351813308,16.64331697709324,14.317821063276353,18.027756377319946,9.486832980505138,14.317821063276353,14.422205101855956,13.341664064126334,19.235384061671343,15.132745950421556,12.806248474865697,13.45362404707371,12.206555615733702,13.038404810405298,16.15549442140351,18.027756377319946,18.973665961010276
147.27525250360293,24.0,25.238858928247925,26.076809620810597,23.600847442411894,17.0,20.591260281974,12.36931687685298,9.899494936611665,8.54400374531753,8.48528137423857,9.219544457292887,12.529964086141668,9.219544457292887,14.866068747318506,11.661903789690601,12.529964086141668,13.601470508735444,12.36931687685298,11.045361017187261,13.0,11.045361017187261,4.123105625617661,5.0990195135927845,4.0,5.385164807134504,5.0,0.0,0.0,0.0,0.0,0.0,0.0,0.0,0.0,0.0,0.0,0.0,7.810249675906654,11.313708498984761,12.36931687685298,10.63014581273465,8.94427190999916,8.06225774829855,9.219544457292887,8.48528137423857,12.806248474865697,8.94427190999916,12.649110640673518,12.041594578792296,14.866068747318506,15.652475842498529,14.317821063276353,17.0,16.401219466856727,18.35755975068582,11.180339887498949,9.848857801796104,10.198039027185569,9.219544457292887,10.63014581273465,19.209372712298546,23.430749027719962,26.1725046566048
147.27525250360293,24.0,22.20360331117452,24.413111231467404,22.847319317591726,22.80350850198276,16.1245154965971,10.816653826391969,7.0710678118654755,7.0710678118654755,8.06225774829855,8.06225774829855,8.246211251235321,8.94427190999916,15.231546211727817,10.04987562112089,12.041594578792296,15.132745950421556,13.152946437965905,15.264337522473747,15.264337522473747,10.44030650891055,15.297058540778355,7.0,5.0990195135927845,5.656854249492381,2.23606797749979,0.0,0.0,0.0,0.0,0.0,0.0,0.0,0.0,0.0,0.0,0.0,12.36931687685298,8.06225774829855,8.94427190999916,7.280109889280518,9.219544457292887,8.94427190999916,10.198039027185569,9.486832980505138,12.0,7.615773105863909,13.152946437965905,16.0312195418814,18.439088914585774,16.278820596099706,19.6468827043885,12.36931687685298,15.524174696260024,10.0,10.770329614269007,9.848857801796104,12.206555615733702,10.295630140987,16.97056274847714,21.93171219946131,22.67156809750927,25.0
147.27525250360293,24.0,18.24828759089466,16.1245154965971,14.142135623730951,14.035668847618199,11.704699910719626,5.0,7.211102550927978,12.083045973594572,10.198039027185569,9.219544457292887,12.083045973594572,15.652475842498529,18.110770276274835,15.297058540778355,14.035668847618199,9.486832980505138,12.529964086141668,6.324555320336759,8.602325267042627,5.385164807134504,2.23606797749979,6.708203932499369,3.605551275463989,3.1622776601683795,8.54400374531753,0.0,0.0,0.0,0.0,0.0,0.0,0.0,0.0,0.0,0.0,0.0,5.0,10.44030650891055,8.06225774829855,10.295630140987,11.40175425099138,10.0,15.811388300841896,15.620499351813308,12.806248474865697,14.317821063276353,12.041594578792296,15.652475842498529,13.038404810405298,10.44030650891055,10.295630140987,7.0710678118654755,7.810249675906654,11.045361017187261,11.045361017187261,8.0,9.486832980505138,18.0,21.37755832643195,21.587033144922902,25.079872407968907,23.53720459187964
147.27525250360293,24.0,21.18962010041709,26.92582403567252,19.313207915827967,17.46424919657298,12.529964086141668,4.123105625617661,6.4031242374328485,7.810249675906654,2.23606797749979,7.280109889280518,14.317821063276353,11.045361017187261,12.649110640673518,10.770329614269007,17.26267650163207,18.384776310850235,13.038404810405298,15.524174696260024,10.0,12.206555615733702,8.06225774829855,4.123105625617661,2.0,3.1622776601683795,4.242640687119285,0.0,0.0,0.0,0.0,0.0,0.0,0.0,0.0,0.0,0.0,0.0,4.47213595499958,8.06225774829855,8.94427190999916,9.219544457292887,11.180339887498949,9.055385138137417,6.0,10.0,12.206555615733702,14.866068747318506,14.866068747318506,13.038404810405298,15.231546211727817,16.278820596099706,16.401219466856727,10.816653826391969,15.231546211727817,10.198039027185569,9.486832980505138,12.041594578792296,12.041594578792296,19.697715603592208,14.422205101855956,16.97056274847714,23.021728866442675,31.240998703626616
147.27525250360293,24.0,30.01666203960727,24.020824298928627,21.095023109728988,19.026297590440446,18.24828759089466,20.09975124224178,10.04987562112089,7.810249675906654,5.0990195135927845,3.0,1.0,7.810249675906654,12.083045973594572,12.529964086141668,10.44030650891055,18.027756377319946,11.180339887498949,9.486832980505138,15.524174696260024,11.0,5.0,6.708203932499369,5.830951894845301,4.47213595499958,4.47213595499958,0.0,0.0,0.0,0.0,0.0,0.0,0.0,0.0,0.0,0.0,0.0,6.324555320336759,6.708203932499369,7.211102550927978,9.433981132056603,9.055385138137417,8.246211251235321,9.219544457292887,11.180339887498949,6.324555320336759,11.704699910719626,13.92838827718412,11.045361017187261,15.524174696260024,13.038404810405298,18.027756377319946,19.924858845171276,15.297058540778355,14.142135623730951,12.041594578792296,13.0,6.082762530298219,12.727922061357855,9.486832980505138,13.152946437965905,22.02271554554524,22.02271554554524
147.27525250360293,24.0,27.294688127912362,21.095023109728988,17.26267650163207,20.024984394500787,13.152946437965905,10.198039027185569,6.0,3.1622776601683795,2.0,2.8284271247461903,4.0,9.848857801796104,8.246211251235321,10.0,13.152946437965905,10.44030650891055,10.44030650891055,11.180339887498949,8.94427190999916,11.180339887498949,7.810249675906654,4.47213595499958,5.385164807134504,5.385164807134504,4.47213595499958,0.0,0.0,0.0,0.0,0.0,0.0,0.0,0.0,0.0,0.0,0.0,4.242640687119285,6.0,10.295630140987,7.615773105863909,7.211102550927978,6.4031242374328485,6.4031242374328485,9.219544457292887,12.041594578792296,10.63014581273465,7.615773105863909,17.69180601295413,13.038404810405298,17.804493814764857,17.0,15.264337522473747,12.649110640673518,12.649110640673518,8.06225774829855,5.830951894845301,9.848857801796104,11.704699910719626,11.0,13.152946437965905,21.840329667841555,21.840329667841555
147.27525250360293,24.0,22.135943621178654,21.213203435596427,22.360679774997898,16.492422502470642,14.560219778561036,10.198039027185569,7.615773105863909,6.324555320336759,2.23606797749979,11.045361017187261,12.36931687685298,15.297058540778355,10.44030650891055,12.165525060596439,9.055385138137417,16.492422502470642,16.1245154965971,13.0,14.317821063276353,14.317821063276353,12.36931687685298,7.615773105863909,5.0,2.23606797749979,7.0710678118654755,0.0,0.0,0.0,0.0,0.0,0.0,0.0,0.0,0.0,0.0,0.0,7.0710678118654755,8.602325267042627,7.211102550927978,6.708203932499369,7.810249675906654,11.40175425099138,10.198039027185569,6.708203932499369,12.806248474865697,15.0,10.63014581273465,18.35755975068582,13.601470508735444,14.7648230602334,12.806248474865697,14.866068747318506,13.038404810405298,12.165525060596439,8.94427190999916,7.810249675906654,11.704699910719626,17.11724276862369,14.560219778561036,21.095023109728988,23.08679276123039,22.360679774997898
147.27525250360293,24.0,23.600847442411894,23.853720883753127,18.027756377319946,11.180339887498949,13.45362404707371,7.211102550927978,5.656854249492381,4.47213595499958,9.219544457292887,8.54400374531753,14.7648230602334,16.401219466856727,15.231546211727817,13.45362404707371,13.038404810405298,15.811388300841896,14.866068747318506,14.422205101855956,12.529964086141668,8.602325267042627,5.0,7.211102550927978,5.830951894845301,6.324555320336759,7.810249675906654,0.0,0.0,0.0,0.0,0.0,0.0,0.0,0.0,0.0,0.0,0.0,8.06225774829855,5.830951894845301,8.94427190999916,6.0,7.211102550927978,9.433981132056603,7.211102550927978,6.324555320336759,9.486832980505138,11.704699910719626,17.88854381999832,15.811388300841896,15.620499351813308,12.206555615733702,14.866068747318506,8.602325267042627,12.041594578792296,13.038404810405298,6.324555320336759,7.0710678118654755,8.94427190999916,15.811388300841896,11.40175425099138,20.0,23.345235059857504,24.20743687382041
64.0,4.0,22.20360331117452,19.72308292331602,25.80697580112788,21.470910553583888,17.204650534085253,14.317821063276353,12.083045973594572,13.45362404707371,8.06225774829855,9.848857801796104,6.4031242374328485,6.4031242374328485,14.7648230602334,13.038404810405298,14.317821063276353,15.652475842498529,11.704699910719626,13.0,14.0,12.0,9.848857801796104,8.246211251235321,8.246211251235321,3.0,8.06225774829855,0.0,0.0,0.0,0.0,0.0,0.0,0.0,0.0,0.0,0.0,0.0,8.94427190999916,11.40175425099138,8.602325267042627,5.0,9.899494936611665,9.899494936611665,7.280109889280518,6.4031242374328485,8.0,8.602325267042627,11.045361017187261,6.082762530298219,11.180339887498949,13.152946437965905,14.317821063276353,15.132745950421556,16.76305461424021,18.027756377319946,15.231546211727817,14.035668847618199,16.64331697709324,7.0,10.04987562112089,9.899494936611665,19.209372712298546,20.12461179749811
147.27525250360293,24.0,26.1725046566048,21.95449840010015,21.93171219946131,21.95449840010015,19.849433241279208,10.63014581273465,10.816653826391969,10.63014581273465,6.4031242374328485,12.206555615733702,10.0,17.029386365926403,14.142135623730951,15.0,15.264337522473747,11.40175425099138,16.76305461424021,10.816653826391969,13.892443989449804,13.038404810405298,8.06225774829855,8.94427190999916,5.656854249492381,5.830951894845301,2.23606797749979,0.0,0.0,0.0,0.0,0.0,0.0,0.0,0.0,0.0,0.0,0.0,7.211102550927978,5.385164807134504,6.4031242374328485,1.4142135623730951,6.708203932499369,11.180339887498949,12.041594578792296,13.416407864998739,11.313708498984761,12.529964086141668,10.44030650891055,15.231546211727817,13.341664064126334,13.152946437965905,13.152946437965905,15.132745950421556,15.231546211727817,15.231546211727817,11.40175425099138,8.54400374531753,17.204650534085253,17.204650534085253,16.55294535724685,18.439088914585774,21.2602916254693,24.20743687382041
147.27525250360293,24.0,25.553864678361276,26.90724809414742,21.93171219946131,15.264337522473747,6.082762530298219,6.0,5.0,9.848857801796104,13.038404810405298,18.0,20.024984394500787,19.1049731745428,18.439088914585774,21.213203435596427,13.341664064126334,14.866068747318506,16.278820596099706,15.264337522473747,13.416407864998739,6.4031242374328485,8.602325267042627,3.605551275463989,1.4142135623730951,3.0,5.0990195135927845,0.0,0.0,0.0,0.0,0.0,0.0,0.0,0.0,0.0,0.0,0.0,2.23606797749979,6.324555320336759,4.123105625617661,6.4031242374328485,8.602325267042627,10.295630140987,10.295630140987,13.341664064126334,14.317821063276353,21.587033144922902,18.384776310850235,16.15549442140351,20.8806130178211,20.223748416156685,13.416407864998739,12.041594578792296,6.324555320336759,5.0,3.1622776601683795,10.816653826391969,17.204650534085253,15.231546211727817,23.706539182259394,32.202484376209235,32.55764119219941,39.6232255123179
64.0,4.0,28.071337695236398,25.0,21.02379604162864,21.095023109728988,15.0,10.0,9.848857801796104,1.4142135623730951,4.47213595499958,5.0,5.0990195135927845,9.848857801796104,12.041594578792296,17.204650534085253,17.029386365926403,13.601470508735444,14.142135623730951,13.416407864998739,12.806248474865697,6.4031242374328485,5.0,4.0,2.23606797749979,3.1622776601683795,5.0990195135927845,0.0,0.0,0.0,0.0,0.0,0.0,0.0,0.0,0.0,0.0,0.0,2.23606797749979,7.0710678118654755,8.602325267042627,5.656854249492381,3.0,3.0,5.656854249492381,4.242640687119285,9.433981132056603,12.727922061357855,14.422205101855956,10.0,15.620499351813308,16.1245154965971,11.40175425099138,16.401219466856727,17.029386365926403,13.45362404707371,6.4031242374328485,5.385164807134504,3.1622776601683795,8.0,10.0,18.027756377319946,21.095023109728988,23.53720459187964
147.27525250360293,24.0,29.206163733020468,17.204650534085253,21.095023109728988,18.973665961010276,14.560219778561036,8.602325267042627,9.219544457292887,5.0,10.44030650891055,10.63014581273465,9.899494936611665,13.892443989449804,9.899494936611665,14.422205101855956,14.7648230602334,16.76305461424021,17.0,10.816653826391969,12.0,9.0,5.385164807134504,5.385164807134504,2.23606797749979,5.0,3.605551275463989,0.0,0.0,0.0,0.0,0.0,0.0,0.0,0.0,0.0,0.0,0.0,6.0,6.4031242374328485,7.280109889280518,7.0710678118654755,9.055385138137417,7.0710678118654755,9.433981132056603,6.4031242374328485,11.40175425099138,11.661903789690601,10.0,16.1245154965971,14.142135623730951,18.35755975068582,9.219544457292887,18.439088914585774,13.416407864998739,10.63014581273465,5.385164807134504,13.416407864998739,4.123105625617661,9.0,12.083045973594572,23.259406699226016,20.808652046684813,19.235384061671343
147.27525250360293,24.0,21.2602916254693,30.610455730027933,25.612496949731394,18.384776310850235,17.69180601295413,13.038404810405298,5.656854249492381,7.280109889280518,3.1622776601683795,7.0710678118654755,9.055385138137417,15.264337522473747,12.649110640673518,15.0,15.297058540778355,21.213203435596427,17.11724276862369,12.165525060596439,14.142135623730951,11.180339887498949,12.041594578792296,5.385164807134504,6.324555320336759,3.0,5.385164807134504,0.0,0.0,0.0,0.0,0.0,0.0,0.0,0.0,0.0,0.0,0.0,9.219544457292887,7.810249675906654,12.083045973594572,9.486832980505138,8.48528137423857,7.211102550927978,5.0990195135927845,9.219544457292887,7.211102550927978,8.54400374531753,13.892443989449804,10.198039027185569,11.704699910719626,15.811388300841896,17.72004514666935,17.0,13.152946437965905,12.206555615733702,12.36931687685298,8.94427190999916,7.810249675906654,11.704699910719626,7.0710678118654755,8.94427190999916,17.804493814764857,23.345235059857504
147.27525250360293,24.0,8.94427190999916,11.704699910719626,15.264337522473747,17.46424919657298,18.027756377319946,19.6468827043885,15.811388300841896,19.235384061671343,15.524174696260024,15.524174696260024,14.0,6.324555320336759,9.055385138137417,7.0710678118654755,2.23606797749979,2.23606797749979,6.4031242374328485,5.0,9.219544457292887,11.40175425099138,12.206555615733702,14.212670403551895,13.601470508735444,11.661903789690601,14.317821063276353,0.0,0.0,0.0,0.0,0.0,0.0,0.0,0.0,0.0,0.0,0.0,7.615773105863909,5.385164807134504,8.06225774829855,12.649110640673518,10.770329614269007,12.165525060596439,8.246211251235321,9.219544457292887,7.615773105863909,5.0990195135927845,10.04987562112089,3.1622776601683795,4.123105625617661,7.810249675906654,9.486832980505138,8.0,13.601470508735444,13.038404810405298,18.384776310850235,18.384776310850235,20.12461179749811,16.1245154965971,15.033296378372908,22.360679774997898,14.0,8.54400374531753
147.27525250360293,24.0,17.0,13.416407864998739,9.219544457292887,12.649110640673518,13.892443989449804,15.556349186104045,18.027756377319946,18.601075237738275,14.422205101855956,12.206555615733702,13.92838827718412,14.866068747318506,14.317821063276353,8.602325267042627,4.47213595499958,6.4031242374328485,4.47213595499958,6.324555320336759,9.219544457292887,8.06225774829855,10.770329614269007,11.045361017187261,9.848857801796104,8.94427190999916,8.94427190999916,0.0,0.0,0.0,0.0,0.0,0.0,0.0,0.0,0.0,0.0,0.0,7.0710678118654755,6.082762530298219,6.324555320336759,9.848857801796104,12.649110640673518,9.486832980505138,11.40175425099138,7.280109889280518,13.341664064126334,12.041594578792296,7.0710678118654755,12.0,12.165525060596439,11.180339887498949,10.04987562112089,9.055385138137417,13.92838827718412,13.038404810405298,13.601470508735444,16.76305461424021,22.360679774997898,21.587033144922902,22.80350850198276,22.561028345356956,21.18962010041709,24.351591323771842
147.27525250360293,24.0,21.470910553583888,11.704699910719626,17.029386365926403,16.278820596099706,20.248456731316587,25.298221281347036,18.027756377319946,25.80697580112788,16.97056274847714,11.40175425099138,18.027756377319946,12.041594578792296,8.602325267042627,8.94427190999916,7.810249675906654,11.045361017187261,6.708203932499369,10.0,17.11724276862369,15.811388300841896,15.297058540778355,14.866068747318506,14.866068747318506,13.0,17.204650534085253,0.0,0.0,0.0,0.0,0.0,0.0,0.0,0.0,0.0,0.0,0.0,7.0710678118654755,12.041594578792296,9.219544457292887,3.1622776601683795,9.055385138137417,9.219544457292887,8.54400374531753,7.615773105863909,10.295630140987,9.486832980505138,7.0710678118654755,5.830951894845301,12.083045973594572,9.848857801796104,9.486832980505138,12.206555615733702,16.401219466856727,18.35755975068582,19.72308292331602,21.095023109728988,22.135943621178654,18.867962264113206,21.18962010041709,19.697715603592208,16.15549442140351,11.704699910719626
64.0,4.0,13.601470508735444,13.45362404707371,15.652475842498529,17.46424919657298,22.47220505424423,17.26267650163207,16.64331697709324,11.661903789690601,16.64331697709324,13.92838827718412,17.804493814764857,11.661903789690601,9.433981132056603,4.123105625617661,7.0,3.1622776601683795,3.1622776601683795,5.385164807134504,8.48528137423857,4.242640687119285,10.816653826391969,12.806248474865697,11.180339887498949,10.770329614269007,8.54400374531753,0.0,0.0,0.0,0.0,0.0,0.0,0.0,0.0,0.0,0.0,0.0,10.63014581273465,12.083045973594572,10.0,10.295630140987,9.848857801796104,8.94427190999916,7.810249675906654,5.0,8.06225774829855,4.47213595499958,2.0,6.4031242374328485,5.656854249492381,9.0,13.0,14.035668847618199,17.0,21.213203435596427,22.135943621178654,24.351591323771842,19.6468827043885,26.1725046566048,13.038404810405298,16.278820596099706,13.892443989449804,9.433981132056603
147.27525250360293,24.0,9.0,6.708203932499369,8.06225774829855,13.038404810405298,15.524174696260024,14.560219778561036,20.09975124224178,19.026297590440446,19.026297590440446,21.02379604162864,18.681541692269406,11.180339887498949,13.601470508735444,10.04987562112089,7.615773105863909,11.045361017187261,2.0,8.602325267042627,3.1622776601683795,8.54400374531753,9.0,11.0,10.295630140987,5.0,12.041594578792296,0.0,0.0,0.0,0.0,0.0,0.0,0.0,0.0,0.0,0.0,0.0,9.219544457292887,11.180339887498949,17.0,11.661903789690601,14.866068747318506,8.48528137423857,8.54400374531753,7.810249675906654,6.708203932499369,5.656854249492381,8.06225774829855,6.324555320336759,5.0990195135927845,2.0,8.94427190999916,14.142135623730951,15.033296378372908,17.029386365926403,19.026297590440446,14.035668847618199,22.090722034374522,18.027756377319946,20.09975124224178,26.570660511172846,17.0,18.973665961010276
147.27525250360293,24.0,10.63014581273465,5.830951894845301,13.038404810405298,15.524174696260024,11.0,18.027756377319946,19.924858845171276,19.0,16.0,18.24828759089466,16.0312195418814,13.0,9.219544457292887,7.280109889280518,9.433981132056603,0.0,4.0,3.605551275463989,2.23606797749979,5.385164807134504,9.219544457292887,8.06225774829855,13.038404810405298,12.165525060596439,12.529964086141668,0.0,0.0,0.0,0.0,0.0,0.0,0.0,0.0,0.0,0.0,0.0,10.198039027185569,11.661903789690601,12.083045973594572,10.295630140987,5.385164807134504,13.0,12.083045973594572,9.848857801796104,9.219544457292887,8.602325267042627,7.615773105863909,4.123105625617661,5.385164807134504,10.295630140987,5.656854249492381,12.806248474865697,10.816653826391969,16.55294535724685,15.264337522473747,17.69180601295413,22.627416997969522,19.6468827043885,21.400934559032695,21.095023109728988,20.615528128088304,13.038404810405298
147.27525250360293,24.0,10.198039027185569,9.219544457292887,9.848857801796104,15.0,15.0,16.97056274847714,18.35755975068582,19.235384061671343,14.142135623730951,15.652475842498529,14.422205101855956,12.0,9.848857801796104,10.770329614269007,10.0,7.211102550927978,1.4142135623730951,5.0,8.06225774829855,9.899494936611665,12.206555615733702,9.486832980505138,13.152946437965905,12.041594578792296,12.0,0.0,0.0,0.0,0.0,0.0,0.0,0.0,0.0,0.0,0.0,0.0,8.54400374531753,8.94427190999916,8.06225774829855,10.0,9.055385138137417,7.280109889280518,8.54400374531753,8.48528137423857,7.280109889280518,11.180339887498949,3.605551275463989,10.0,9.433981132056603,10.295630140987,6.708203932499369,11.704699910719626,13.341664064126334,17.26267650163207,20.615528128088304,8.602325267042627,15.264337522473747,17.08800749063506,19.697715603592208,17.69180601295413,17.029386365926403,13.601470508735444
147.27525250360293,24.0,2.8284271247461903,8.94427190999916,10.63014581273465,11.045361017187261,13.892443989449804,15.556349186104045,17.029386365926403,19.924858845171276,20.248456731316587,20.248456731316587,16.1245154965971,15.264337522473747,14.560219778561036,10.816653826391969,3.0,4.0,3.605551275463989,4.0,7.211102550927978,10.63014581273465,13.038404810405298,18.384776310850235,15.231546211727817,15.811388300841896,13.152946437965905,0.0,0.0,0.0,0.0,0.0,0.0,0.0,0.0,0.0,0.0,0.0,8.0,8.06225774829855,11.661903789690601,10.0,9.433981132056603,9.219544457292887,10.04987562112089,9.219544457292887,12.041594578792296,12.165525060596439,13.152946437965905,11.045361017187261,9.486832980505138,8.94427190999916,11.045361017187261,9.219544457292887,13.0,15.297058540778355,17.46424919657298,19.4164878389476,22.561028345356956,18.24828759089466,18.681541692269406,20.024984394500787,18.681541692269406,15.811388300841896
147.27525250360293,24.0,11.180339887498949,14.560219778561036,16.1245154965971,18.24828759089466,21.095023109728988,19.235384061671343,19.026297590440446,16.76305461424021,21.02379604162864,17.11724276862369,12.165525060596439,12.083045973594572,6.708203932499369,5.385164807134504,4.47213595499958,3.605551275463989,8.06225774829855,6.324555320336759,9.899494936611665,11.40175425099138,12.165525060596439,13.601470508735444,13.152946437965905,10.63014581273465,13.0,0.0,0.0,0.0,0.0,0.0,0.0,0.0,0.0,0.0,0.0,0.0,11.661903789690601,11.661903789690601,6.082762530298219,8.246211251235321,13.416407864998739,11.180339887498949,6.082762530298219,10.04987562112089,8.246211251235321,4.123105625617661,3.1622776601683795,6.082762530298219,4.123105625617661,4.123105625617661,10.44030650891055,14.035668847618199,16.278820596099706,19.0,22.090722034374522,18.110770276274835,20.09975124224178,19.924858845171276,21.0,15.033296378372908,11.180339887498949,11.0
64.0,4.0,11.180339887498949,21.02379604162864,15.231546211727817,27.65863337187866,17.029386365926403,22.47220505424423,20.8806130178211,19.4164878389476,19.235384061671343,23.53720459187964,14.422205101855956,15.033296378372908,10.198039027185569,8.48528137423857,12.083045973594572,8.94427190999916,9.219544457292887,9.848857801796104,13.0,15.0,11.045361017187261,17.26267650163207,12.041594578792296,14.035668847618199,15.231546211727817,0.0,0.0,0.0,0.0,0.0,0.0,0.0,0.0,0.0,0.0,0.0,14.035668847618199,11.045361017187261,10.816653826391969,15.297058540778355,1.4142135623730951,13.038404810405298,10.295630140987,13.152946437965905,4.47213595499958,6.0,4.123105625617661,23.08679276123039,18.973665961010276,9.486832980505138,11.180339887498949,26.476404589747453,25.0,17.26267650163207,29.832867780352597,27.073972741361768,25.709920264364882,18.24828759089466,12.083045973594572,10.04987562112089,14.866068747318506,11.045361017187261
147.27525250360293,24.0,8.246211251235321,13.341664064126334,23.021728866442675,21.587033144922902,17.029386365926403,23.194827009486403,22.090722034374522,19.026297590440446,20.615528128088304,16.0312195418814,15.033296378372908,11.045361017187261,8.06225774829855,9.219544457292887,5.0990195135927845,5.0,7.211102550927978,5.0,8.06225774829855,13.038404810405298,10.295630140987,9.219544457292887,10.295630140987,7.810249675906654,12.206555615733702,0.0,0.0,0.0,0.0,0.0,0.0,0.0,0.0,0.0,0.0,0.0,16.15549442140351,12.649110640673518,13.601470508735444,16.401219466856727,17.69180601295413,15.264337522473747,13.601470508735444,8.602325267042627,12.806248474865697,6.4031242374328485,10.04987562112089,7.615773105863909,11.045361017187261,15.811388300841896,14.866068747318506,19.924858845171276,21.18962010041709,21.633307652783937,19.6468827043885,25.0,23.021728866442675,21.840329667841555,19.924858845171276,17.029386365926403,20.615528128088304,12.529964086141668
154.25303886795876,25.0,15.0,16.401219466856727,15.811388300841896,21.93171219946131,25.079872407968907,19.72308292331602,21.93171219946131,21.95449840010015,15.264337522473747,15.652475842498529,14.866068747318506,9.219544457292887,9.219544457292887,5.0990195135927845,4.123105625617661,2.8284271247461903,3.605551275463989,7.810249675906654,10.63014581273465,10.770329614269007,12.206555615733702,11.661903789690601,9.055385138137417,11.0,13.341664064126334,0.0,0.0,0.0,0.0,0.0,0.0,0.0,0.0,0.0,0.0,0.0,12.806248474865697,14.560219778561036,10.198039027185569,13.0,12.529964086141668,10.0,12.165525060596439,9.219544457292887,2.0,2.8284271247461903,5.830951894845301,4.123105625617661,8.06225774829855,11.704699910719626,12.083045973594572,18.439088914585774,17.46424919657298,25.709920264364882,24.351591323771842,20.0,16.76305461424021,19.209372712298546,17.029386365926403,16.492422502470642,4.123105625617661,8.06225774829855
147.27525250360293,24.0,16.492422502470642,17.029386365926403,18.027756377319946,19.4164878389476,20.8806130178211,18.973665961010276,21.02379604162864,16.492422502470642,17.029386365926403,20.396078054371138,13.0,10.198039027185569,12.529964086141668,7.280109889280518,8.94427190999916,2.8284271247461903,3.1622776601683795,10.0,9.055385138137417,9.433981132056603,15.652475842498529,13.152946437965905,13.038404810405298,11.40175425099138,16.55294535724685,0.0,0.0,0.0,0.0,0.0,0.0,0.0,0.0,0.0,0.0,0.0,8.246211251235321,13.152946437965905,13.341664064126334,8.602325267042627,12.36931687685298,10.44030650891055,12.36931687685298,13.416407864998739,10.44030650891055,13.038404810405298,13.601470508735444,6.324555320336759,13.0,12.806248474865697,13.038404810405298,17.0,17.69180601295413,17.029386365926403,21.400934559032695,23.345235059857504,21.93171219946131,22.02271554554524,19.849433241279208,20.615528128088304,17.029386365926403,17.69180601295413
147.27525250360293,24.0,8.0,14.866068747318506,13.038404810405298,16.55294535724685,19.235384061671343,15.231546211727817,17.11724276862369,16.492422502470642,11.40175425099138,10.198039027185569,12.041594578792296,1.4142135623730951,2.23606797749979,2.0,0.0,5.830951894845301,6.4031242374328485,11.661903789690601,9.899494936611665,10.63014581273465,9.219544457292887,16.278820596099706,14.866068747318506,11.045361017187261,11.0,0.0,0.0,0.0,0.0,0.0,0.0,0.0,0.0,0.0,0.0,0.0,10.770329614269007,14.866068747318506,10.63014581273465,9.848857801796104,11.313708498984761,6.4031242374328485,10.0,10.0,8.94427190999916,9.0,7.0710678118654755,8.06225774829855,12.041594578792296,3.1622776601683795,12.206555615733702,12.083045973594572,11.180339887498949,15.811388300841896,16.15549442140351,16.1245154965971,18.439088914585774,20.248456731316587,18.384776310850235,11.40175425099138,10.295630140987,10.816653826391969
147.27525250360293,24.0,19.4164878389476,20.248456731316587,27.313000567495326,22.135943621178654,28.442925306655784,24.73863375370596,20.09975124224178,21.840329667841555,18.027756377319946,18.110770276274835,13.038404810405298,12.041594578792296,3.605551275463989,6.708203932499369,5.385164807134504,6.0,13.038404810405298,10.295630140987,13.892443989449804,14.317821063276353,16.76305461424021,17.72004514666935,12.649110640673518,14.035668847618199,14.035668847618199,0.0,0.0,0.0,0.0,0.0,0.0,0.0,0.0,0.0,0.0,0.0,13.152946437965905,16.64331697709324,13.341664064126334,13.892443989449804,10.0,8.54400374531753,7.615773105863909,4.123105625617661,4.47213595499958,5.830951894845301,7.280109889280518,8.54400374531753,13.341664064126334,20.223748416156685,15.132745950421556,21.587033144922902,20.248456731316587,25.495097567963924,22.135943621178654,24.041630560342615,21.095023109728988,15.811388300841896,13.341664064126334,12.165525060596439,13.341664064126334,2.0
147.27525250360293,24.0,23.53720459187964,17.11724276862369,20.8806130178211,18.384776310850235,18.867962264113206,21.37755832643195,11.40175425099138,17.72004514666935,15.0,8.06225774829855,8.54400374531753,8.0,4.242640687119285,8.06225774829855,8.48528137423857,3.605551275463989,4.47213595499958,7.0710678118654755,10.04987562112089,10.0,8.246211251235321,12.206555615733702,8.602325267042627,7.0710678118654755,6.324555320336759,0.0,0.0,0.0,0.0,0.0,0.0,0.0,0.0,0.0,0.0,0.0,11.661903789690601,7.810249675906654,10.0,12.649110640673518,5.0990195135927845,10.295630140987,9.055385138137417,5.830951894845301,4.123105625617661,4.47213595499958,7.280109889280518,9.055385138137417,14.035668847618199,9.219544457292887,16.278820596099706,16.0312195418814,19.026297590440446,20.8806130178211,18.384776310850235,14.560219778561036,17.72004514666935,15.132745950421556,17.46424919657298,17.72004514666935,13.341664064126334,12.806248474865697
64.0,4.0,9.055385138137417,17.46424919657298,13.341664064126334,17.11724276862369,17.029386365926403,18.24828759089466,21.095023109728988,18.0,17.11724276862369,16.76305461424021,6.324555320336759,11.40175425099138,8.94427190999916,3.1622776601683795,5.830951894845301,6.324555320336759,8.94427190999916,6.324555320336759,9.433981132056603,10.295630140987,12.806248474865697,11.40175425099138,11.180339887498949,8.06225774829855,13.038404810405298,0.0,0.0,0.0,0.0,0.0,0.0,0.0,0.0,0.0,0.0,0.0,15.0,11.40175425099138,10.04987562112089,11.180339887498949,10.04987562112089,9.848857801796104,10.295630140987,12.36931687685298,8.06225774829855,5.0,9.433981132056603,9.433981132056603,10.04987562112089,15.811388300841896,12.083045973594572,11.661903789690601,13.152946437965905,19.72308292331602,18.24828759089466,22.135943621178654,20.8806130178211,23.345235059857504,16.278820596099706,17.26267650163207,10.44030650891055,15.524174696260024
147.27525250360293,24.0,12.806248474865697,16.76305461424021,14.866068747318506,20.615528128088304,15.231546211727817,21.470910553583888,18.439088914585774,18.384776310850235,19.79898987322333,17.0,17.0,11.661903789690601,11.180339887498949,10.295630140987,5.385164807134504,7.0,7.810249675906654,7.211102550927978,13.038404810405298,12.083045973594572,12.083045973594572,12.649110640673518,14.035668847618199,11.045361017187261,8.0,0.0,0.0,0.0,0.0,0.0,0.0,0.0,0.0,0.0,0.0,0.0,10.0,9.219544457292887,8.48528137423857,9.433981132056603,10.44030650891055,12.041594578792296,6.4031242374328485,9.219544457292887,7.615773105863909,5.830951894845301,9.055385138137417,8.06225774829855,12.0,14.035668847618199,15.132745950421556,19.235384061671343,16.1245154965971,22.02271554554524,21.213203435596427,21.02379604162864,21.02379604162864,17.88854381999832,19.235384061671343,19.313207915827967,14.142135623730951,19.1049731745428
147.27525250360293,24.0,13.0,17.46424919657298,13.601470508735444,15.231546211727817,18.439088914585774,18.973665961010276,18.384776310850235,19.924858845171276,11.40175425099138,11.40175425099138,12.649110640673518,9.055385138137417,6.082762530298219,9.055385138137417,9.486832980505138,5.0,7.211102550927978,9.899494936611665,7.0710678118654755,12.041594578792296,16.401219466856727,14.212670403551895,11.40175425099138,11.40175425099138,9.848857801796104,0.0,0.0,0.0,0.0,0.0,0.0,0.0,0.0,0.0,0.0,0.0,10.816653826391969,10.816653826391969,12.041594578792296,8.602325267042627,10.0,10.816653826391969,11.40175425099138,7.211102550927978,11.661903789690601,7.810249675906654,12.649110640673518,5.830951894845301,12.206555615733702,11.40175425099138,11.180339887498949,16.64331697709324,14.7648230602334,15.811388300841896,14.7648230602334,18.601075237738275,18.027756377319946,16.76305461424021,16.64331697709324,15.264337522473747,12.206555615733702,17.46424919657298
147.27525250360293,24.0,26.40075756488817,20.0,23.323807579381203,23.40939982143925,21.95449840010015,23.853720883753127,21.02379604162864,19.235384061671343,13.038404810405298,15.264337522473747,12.529964086141668,9.055385138137417,13.038404810405298,7.0710678118654755,6.082762530298219,6.708203932499369,11.180339887498949,11.40175425099138,10.04987562112089,10.04987562112089,10.0,15.524174696260024,11.180339887498949,14.0,11.704699910719626,0.0,0.0,0.0,0.0,0.0,0.0,0.0,0.0,0.0,0.0,0.0,17.029386365926403,9.055385138137417,10.198039027185569,13.038404810405298,10.44030650891055,6.4031242374328485,11.180339887498949,10.04987562112089,9.486832980505138,10.04987562112089,8.0,13.038404810405298,14.035668847618199,13.038404810405298,8.94427190999916,18.027756377319946,15.811388300841896,21.18962010041709,22.561028345356956,20.09975124224178,20.024984394500787,22.090722034374522,18.110770276274835,16.55294535724685,17.08800749063506,14.866068747318506
147.27525250360293,24.0,14.422205101855956,10.0,6.708203932499369,12.206555615733702,13.038404810405298,21.540659228538015,19.4164878389476,25.079872407968907,18.384776310850235,21.18962010041709,19.235384061671343,17.4928556845359,15.811388300841896,14.866068747318506,12.806248474865697,7.0710678118654755,4.242640687119285,1.4142135623730951,6.324555320336759,6.4031242374328485,9.219544457292887,9.219544457292887,12.041594578792296,12.206555615733702,16.1245154965971,0.0,0.0,0.0,0.0,0.0,0.0,0.0,0.0,0.0,0.0,0.0,7.0,10.198039027185569,7.615773105863909,15.524174696260024,10.770329614269007,13.416407864998739,13.416407864998739,18.027756377319946,19.209372712298546,15.556349186104045,13.038404810405298,13.038404810405298,6.324555320336759,10.295630140987,6.082762530298219,8.94427190999916,6.4031242374328485,16.401219466856727,24.758836806279895,23.021728866442675,26.419689627245813,26.40075756488817,30.4138126514911,28.319604517012593,27.018512172212592,19.849433241279208
147.27525250360293,24.0,15.132745950421556,15.132745950421556,15.652475842498529,21.37755832643195,19.1049731745428,19.026297590440446,13.892443989449804,20.12461179749811,13.0,19.313207915827967,9.219544457292887,16.76305461424021,11.704699910719626,11.313708498984761,3.605551275463989,6.324555320336759,5.385164807134504,13.45362404707371,7.615773105863909,15.231546211727817,12.727922061357855,13.0,11.313708498984761,11.313708498984761,13.038404810405298,0.0,0.0,0.0,0.0,0.0,0.0,0.0,0.0,0.0,0.0,0.0,7.211102550927978,11.180339887498949,10.44030650891055,12.041594578792296,13.0,8.246211251235321,14.317821063276353,7.280109889280518,2.8284271247461903,2.8284271247461903,4.47213595499958,1.0,6.708203932499369,8.54400374531753,12.206555615733702,18.027756377319946,12.041594578792296,21.2602916254693,19.72308292331602,27.586228448267445,20.808652046684813,23.08679276123039,21.400934559032695,22.847319317591726,22.47220505424423,25.80697580112788
147.27525250360293,24.0,12.041594578792296,7.211102550927978,12.041594578792296,17.11724276862369,19.4164878389476,20.8806130178211,18.788294228055936,19.235384061671343,21.840329667841555,15.811388300841896,15.132745950421556,13.601470508735444,11.40175425099138,7.0,7.615773105863909,8.06225774829855,2.0,8.06225774829855,5.0990195135927845,12.0,10.770329614269007,12.649110640673518,13.152946437965905,11.704699910719626,9.219544457292887,0.0,0.0,0.0,0.0,0.0,0.0,0.0,0.0,0.0,0.0,0.0,8.602325267042627,10.770329614269007,8.602325267042627,12.206555615733702,13.038404810405298,10.0,14.142135623730951,10.816653826391969,11.40175425099138,9.486832980505138,6.324555320336759,6.082762530298219,2.23606797749979,6.4031242374328485,7.280109889280518,12.041594578792296,19.4164878389476,17.46424919657298,20.223748416156685,21.37755832643195,20.8806130178211,22.561028345356956,23.021728866442675,25.632011235952593,18.439088914585774,13.341664064126334
147.27525250360293,24.0,6.0,15.033296378372908,18.027756377319946,23.345235059857504,20.0,26.1725046566048,25.179356624028344,23.08679276123039,20.09975124224178,16.278820596099706,17.11724276862369,9.219544457292887,12.083045973594572,7.0710678118654755,4.242640687119285,3.605551275463989,10.63014581273465,11.40175425099138,14.866068747318506,12.806248474865697,12.806248474865697,14.866068747318506,17.69180601295413,16.401219466856727,13.416407864998739,0.0,0.0,0.0,0.0,0.0,0.0,0.0,0.0,0.0,0.0,0.0,11.180339887498949,15.811388300841896,10.770329614269007,13.601470508735444,17.029386365926403,13.038404810405298,10.198039027185569,11.0,10.0,5.0990195135927845,5.385164807134504,5.0990195135927845,6.0,10.816653826391969,15.0,13.038404810405298,20.8806130178211,22.825424421026653,25.495097567963924,23.259406699226016,24.413111231467404,24.758836806279895,22.825424421026653,19.235384061671343,18.027756377319946,8.06225774829855
64.0,4.0,7.280109889280518,10.0,19.1049731745428,14.035668847618199,15.297058540778355,19.924858845171276,26.476404589747453,21.02379604162864,17.11724276862369,20.09975124224178,14.142135623730951,13.152946437965905,7.0,3.605551275463989,8.246211251235321,2.0,4.242640687119285,5.0,5.830951894845301,7.810249675906654,7.211102550927978,12.806248474865697,13.038404810405298,8.06225774829855,12.206555615733702,0.0,0.0,0.0,0.0,0.0,0.0,0.0,0.0,0.0,0.0,0.0,6.4031242374328485,7.810249675906654,8.602325267042627,8.48528137423857,12.206555615733702,10.44030650891055,9.848857801796104,12.083045973594572,7.615773105863909,8.06225774829855,5.385164807134504,5.385164807134504,5.0,4.242640687119285,11.180339887498949,13.45362404707371,17.029386365926403,15.231546211727817,22.20360331117452,24.413111231467404,20.0,19.697715603592208,22.67156809750927,21.2602916254693,12.727922061357855,15.620499351813308
147.27525250360293,24.0,5.0,7.615773105863909,8.602325267042627,8.06225774829855,14.212670403551895,14.142135623730951,17.804493814764857,20.0,18.35755975068582,18.867962264113206,19.72308292331602,17.204650534085253,13.038404810405298,8.54400374531753,12.083045973594572,5.0,7.0710678118654755,1.4142135623730951,8.602325267042627,4.47213595499958,8.06225774829855,7.615773105863909,11.0,12.165525060596439,8.94427190999916,0.0,0.0,0.0,0.0,0.0,0.0,0.0,0.0,0.0,0.0,0.0,7.211102550927978,7.810249675906654,7.615773105863909,9.899494936611665,11.313708498984761,13.45362404707371,11.704699910719626,15.297058540778355,8.54400374531753,8.48528137423857,7.810249675906654,10.770329614269007,5.0,8.246211251235321,2.23606797749979,7.810249675906654,13.152946437965905,14.866068747318506,21.37755832643195,23.08679276123039,24.73863375370596,23.08679276123039,26.68332812825267,29.427877939124322,27.294688127912362,20.396078054371138
147.27525250360293,24.0,10.770329614269007,11.40175425099138,18.35755975068582,16.278820596099706,17.69180601295413,17.69180601295413,16.401219466856727,17.204650534085253,15.0,15.0,15.0,13.45362404707371,13.038404810405298,9.848857801796104,4.0,4.47213595499958,3.1622776601683795,5.0990195135927845,4.123105625617661,7.211102550927978,11.661903789690601,10.04987562112089,12.0,11.180339887498949,8.06225774829855,0.0,0.0,0.0,0.0,0.0,0.0,0.0,0.0,0.0,0.0,0.0,8.94427190999916,8.54400374531753,6.708203932499369,9.0,14.317821063276353,16.0,13.038404810405298,14.317821063276353,13.038404810405298,11.180339887498949,10.0,10.770329614269007,13.152946437965905,7.280109889280518,10.63014581273465,12.206555615733702,9.433981132056603,20.248456731316587,13.601470508735444,22.80350850198276,17.88854381999832,24.596747752497688,26.1725046566048,18.439088914585774,26.1725046566048,15.620499351813308
147.27525250360293,24.0,12.206555615733702,15.264337522473747,19.72308292331602,23.853720883753127,22.02271554554524,23.323807579381203,18.027756377319946,16.401219466856727,14.866068747318506,11.40175425099138,10.63014581273465,7.280109889280518,2.8284271247461903,3.1622776601683795,1.0,6.082762530298219,7.0710678118654755,9.486832980505138,12.806248474865697,16.401219466856727,16.1245154965971,13.038404810405298,12.727922061357855,13.45362404707371,9.899494936611665,0.0,0.0,0.0,0.0,0.0,0.0,0.0,0.0,0.0,0.0,0.0,14.142135623730951,13.038404810405298,12.649110640673518,13.92838827718412,12.041594578792296,10.04987562112089,12.083045973594572,7.615773105863909,5.0,3.1622776601683795,1.4142135623730951,8.246211251235321,13.0,12.649110640673518,11.40175425099138,18.027756377319946,19.026297590440446,18.027756377319946,20.0,21.0,17.11724276862369,20.024984394500787,13.038404810405298,9.486832980505138,7.0710678118654755,6.0
147.27525250360293,24.0,10.04987562112089,15.297058540778355,16.492422502470642,22.135943621178654,17.88854381999832,22.80350850198276,21.02379604162864,18.110770276274835,17.46424919657298,16.492422502470642,12.0,7.810249675906654,10.0,7.0710678118654755,8.54400374531753,7.615773105863909,7.615773105863909,6.0,12.529964086141668,8.602325267042627,15.264337522473747,12.806248474865697,12.806248474865697,8.48528137423857,8.54400374531753,0.0,0.0,0.0,0.0,0.0,0.0,0.0,0.0,0.0,0.0,0.0,10.816653826391969,13.45362404707371,10.198039027185569,3.0,10.63014581273465,8.06225774829855,7.211102550927978,10.198039027185569,14.142135623730951,8.06225774829855,8.94427190999916,11.045361017187261,12.649110640673518,8.48528137423857,17.4928556845359,14.866068747318506,18.601075237738275,17.204650534085253,17.029386365926403,21.2602916254693,19.1049731745428,17.88854381999832,14.866068747318506,14.422205101855956,14.317821063276353,7.615773105863909
147.27525250360293,24.0,12.529964086141668,9.433981132056603,11.661903789690601,20.615528128088304,23.323807579381203,25.059928172283335,20.12461179749811,22.47220505424423,17.0,18.788294228055936,10.198039027185569,13.152946437965905,15.0,3.1622776601683795,5.0,6.082762530298219,8.06225774829855,7.0710678118654755,16.1245154965971,11.180339887498949,12.36931687685298,12.806248474865697,9.0,12.083045973594572,7.211102550927978,0.0,0.0,0.0,0.0,0.0,0.0,0.0,0.0,0.0,0.0,0.0,13.92838827718412,12.36931687685298,13.0,13.416407864998739,12.165525060596439,11.704699910719626,8.06225774829855,4.123105625617661,5.830951894845301,4.123105625617661,4.0,1.0,4.0,5.656854249492381,12.165525060596439,11.045361017187261,16.278820596099706,18.439088914585774,22.847319317591726,22.360679774997898,25.059928172283335,20.808652046684813,15.811388300841896,13.0,19.209372712298546,7.211102550927978
147.27525250360293,24.0,10.770329614269007,11.045361017187261,10.295630140987,9.899494936611665,12.041594578792296,13.92838827718412,14.866068747318506,11.40175425099138,11.180339887498949,14.422205101855956,10.770329614269007,14.560219778561036,8.0,12.649110640673518,6.324555320336759,7.0,2.23606797749979,2.8284271247461903,6.082762530298219,6.082762530298219,5.385164807134504,9.219544457292887,10.44030650891055,11.661903789690601,12.806248474865697,0.0,0.0,0.0,0.0,0.0,0.0,0.0,0.0,0.0,0.0,0.0,10.0,10.0,15.811388300841896,8.54400374531753,11.045361017187261,9.0,8.94427190999916,10.198039027185569,9.055385138137417,13.152946437965905,8.06225774829855,10.770329614269007,8.54400374531753,7.615773105863909,14.212670403551895,16.64331697709324,12.083045973594572,19.849433241279208,18.601075237738275,13.601470508735444,15.264337522473747,23.430749027719962,17.029386365926403,17.4928556845359,19.209372712298546,18.35755975068582
64.0,4.0,1.4142135623730951,8.06225774829855,2.8284271247461903,17.029386365926403,12.206555615733702,13.892443989449804,15.264337522473747,17.029386365926403,18.384776310850235,15.620499351813308,17.69180601295413,14.142135623730951,13.601470508735444,7.810249675906654,5.0,6.708203932499369,2.23606797749979,2.8284271247461903,0.0,2.23606797749979,12.206555615733702,5.830951894845301,9.433981132056603,12.041594578792296,14.866068747318506,0.0,0.0,0.0,0.0,0.0,0.0,0.0,0.0,0.0,0.0,0.0,4.123105625617661,12.041594578792296,7.810249675906654,7.211102550927978,10.770329614269007,10.0,6.708203932499369,4.242640687119285,14.422205101855956,7.0710678118654755,9.486832980505138,5.0,5.0,7.810249675906654,10.295630140987,8.602325267042627,14.866068747318506,15.652475842498529,19.235384061671343,17.4928556845359,23.345235059857504,17.46424919657298,21.2602916254693,23.430749027719962,22.02271554554524,13.45362404707371
147.27525250360293,24.0,12.041594578792296,10.0,14.422205101855956,15.811388300841896,17.029386365926403,17.029386365926403,16.55294535724685,23.40939982143925,19.313207915827967,18.027756377319946,16.278820596099706,8.06225774829855,9.219544457292887,7.0710678118654755,1.0,1.4142135623730951,0.0,5.0,5.0,5.0990195135927845,9.219544457292887,10.295630140987,10.816653826391969,9.899494936611665,13.45362404707371,0.0,0.0,0.0,0.0,0.0,0.0,0.0,0.0,0.0,0.0,0.0,10.816653826391969,12.041594578792296,13.038404810405298,17.08800749063506,13.45362404707371,9.219544457292887,13.601470508735444,7.0,5.656854249492381,12.806248474865697,3.605551275463989,2.8284271247461903,6.082762530298219,9.899494936611665,12.529964086141668,11.180339887498949,17.26267650163207,18.867962264113206,24.331050121192877,20.591260281974,23.769728648009426,17.08800749063506,18.35755975068582,25.298221281347036,18.110770276274835,13.341664064126334
147.27525250360293,24.0,8.0,10.0,16.492422502470642,13.416407864998739,9.486832980505138,20.591260281974,14.560219778561036,19.72308292331602,18.027756377319946,12.083045973594572,9.433981132056603,13.601470508735444,9.848857801796104,9.899494936611665,6.708203932499369,8.602325267042627,6.0,3.0,7.810249675906654,5.656854249492381,11.313708498984761,10.63014581273465,9.219544457292887,11.180339887498949,12.649110640673518,0.0,0.0,0.0,0.0,0.0,0.0,0.0,0.0,0.0,0.0,0.0,10.198039027185569,10.04987562112089,11.180339887498949,4.47213595499958,11.40175425099138,13.152946437965905,8.246211251235321,8.94427190999916,13.152946437965905,10.198039027185569,6.708203932499369,11.180339887498949,4.47213595499958,8.602325267042627,11.180339887498949,9.219544457292887,5.0,16.1245154965971,18.601075237738275,20.248456731316587,22.360679774997898,17.69180601295413,20.248456731316587,24.73863375370596,17.88854381999832,15.811388300841896
147.27525250360293,24.0,12.206555615733702,16.76305461424021,17.029386365926403,16.401219466856727,16.97056274847714,15.0,17.69180601295413,16.278820596099706,16.278820596099706,18.027756377319946,10.295630140987,13.152946437965905,17.72004514666935,13.0,12.041594578792296,8.48528137423857,5.0,3.605551275463989,6.082762530298219,5.0,9.433981132056603,9.899494936611665,13.416407864998739,9.899494936611665,10.63014581273465,0.0,0.0,0.0,0.0,0.0,0.0,0.0,0.0,0.0,0.0,0.0,12.083045973594572,9.899494936611665,13.152946437965905,8.06225774829855,12.041594578792296,7.0,10.770329614269007,10.198039027185569,13.152946437965905,14.866068747318506,15.524174696260024,9.219544457292887,14.035668847618199,8.06225774829855,11.045361017187261,11.045361017187261,14.317821063276353,16.55294535724685,15.033296378372908,22.47220505424423,19.6468827043885,19.924858845171276,22.090722034374522,26.019223662515376,23.194827009486403,16.0312195418814
147.27525250360293,24.0,9.899494936611665,13.0,13.92838827718412,12.041594578792296,13.341664064126334,20.12461179749811,14.560219778561036,19.1049731745428,20.615528128088304,18.439088914585774,16.15549442140351,11.180339887498949,7.615773105863909,9.055385138137417,10.44030650891055,6.324555320336759,5.830951894845301,7.211102550927978,8.48528137423857,7.0710678118654755,7.615773105863909,10.44030650891055,10.295630140987,10.0,11.40175425099138,0.0,0.0,0.0,0.0,0.0,0.0,0.0,0.0,0.0,0.0,0.0,11.704699910719626,8.54400374531753,11.180339887498949,5.0990195135927845,11.40175425099138,11.313708498984761,16.1245154965971,12.165525060596439,17.72004514666935,18.439088914585774,10.04987562112089,12.649110640673518,6.082762530298219,4.123105625617661,9.848857801796104,14.035668847618199,8.94427190999916,11.40175425099138,10.04987562112089,17.029386365926403,12.083045973594572,21.213203435596427,22.825424421026653,22.135943621178654,26.248809496813376,21.02379604162864
147.27525250360293,24.0,6.708203932499369,7.0,10.04987562112089,8.246211251235321,12.083045973594572,13.45362404707371,18.867962264113206,25.0,19.209372712298546,10.0,20.518284528683193,16.55294535724685,13.892443989449804,8.602325267042627,3.1622776601683795,6.082762530298219,3.1622776601683795,3.605551275463989,5.830951894845301,6.708203932499369,10.04987562112089,11.180339887498949,13.0,16.278820596099706,12.0,0.0,0.0,0.0,0.0,0.0,0.0,0.0,0.0,0.0,0.0,0.0,9.433981132056603,8.94427190999916,11.661903789690601,9.219544457292887,9.899494936611665,9.899494936611665,14.212670403551895,7.810249675906654,12.206555615733702,15.556349186104045,12.806248474865697,10.295630140987,11.180339887498949,11.661903789690601,6.082762530298219,7.280109889280518,14.422205101855956,11.40175425099138,17.4928556845359,20.591260281974,22.47220505424423,20.518284528683193,24.186773244895647,23.769728648009426,21.02379604162864,22.825424421026653
64.0,4.0,6.708203932499369,7.810249675906654,13.416407864998739,15.620499351813308,15.0,14.422205101855956,19.209372712298546,16.55294535724685,24.596747752497688,16.492422502470642,15.811388300841896,17.204650534085253,12.727922061357855,10.04987562112089,4.47213595499958,2.23606797749979,4.0,7.280109889280518,5.0,10.44030650891055,7.0710678118654755,11.045361017187261,13.038404810405298,8.54400374531753,15.524174696260024,0.0,0.0,0.0,0.0,0.0,0.0,0.0,0.0,0.0,0.0,0.0,8.0,8.06225774829855,10.816653826391969,10.816653826391969,12.083045973594572,10.198039027185569,12.083045973594572,11.313708498984761,7.810249675906654,7.0710678118654755,4.242640687119285,4.47213595499958,5.0,5.0,8.54400374531753,15.132745950421556,12.529964086141668,13.92838827718412,10.816653826391969,17.804493814764857,21.400934559032695,22.20360331117452,19.235384061671343,18.439088914585774,17.46424919657298,13.601470508735444
147.27525250360293,24.0,13.601470508735444,15.652475842498529,13.601470508735444,20.615528128088304,22.47220505424423,21.840329667841555,20.0,26.0,13.92838827718412,14.0,16.1245154965971,12.165525060596439,7.615773105863909,2.0,3.605551275463989,5.385164807134504,9.899494936611665,14.422205101855956,13.038404810405298,12.806248474865697,10.0,16.1245154965971,18.35755975068582,15.524174696260024,12.165525060596439,0.0,0.0,0.0,0.0,0.0,0.0,0.0,0.0,0.0,0.0,0.0,13.152946437965905,8.06225774829855,5.0,12.041594578792296,9.848857801796104,9.486832980505138,9.055385138137417,4.47213595499958,15.0,3.1622776601683795,8.06225774829855,9.219544457292887,7.280109889280518,12.727922061357855,13.038404810405298,19.4164878389476,16.0312195418814,27.16615541441225,20.09975124224178,24.020824298928627,17.26267650163207,16.492422502470642,20.09975124224178,14.317821063276353,16.0312195418814,8.06225774829855
147.27525250360293,24.0,3.1622776601683795,14.142135623730951,10.295630140987,17.204650534085253,21.02379604162864,22.825424421026653,26.076809620810597,20.591260281974,17.4928556845359,20.615528128088304,13.45362404707371,12.083045973594572,6.708203932499369,5.0990195135927845,2.23606797749979,3.0,5.0,8.54400374531753,11.40175425099138,7.615773105863909,12.727922061357855,14.142135623730951,14.866068747318506,13.0,13.92838827718412,0.0,0.0,0.0,0.0,0.0,0.0,0.0,0.0,0.0,0.0,0.0,8.06225774829855,12.36931687685298,9.486832980505138,9.848857801796104,11.704699910719626,11.0,11.661903789690601,5.0,5.0,7.0710678118654755,2.0,3.1622776601683795,1.0,7.211102550927978,12.041594578792296,8.06225774829855,15.264337522473747,14.866068747318506,23.600847442411894,24.413111231467404,26.92582403567252,25.495097567963924,18.027756377319946,20.12461179749811,16.15549442140351,18.867962264113206
154.25303886795876,25.0,4.0,5.0,2.23606797749979,7.615773105863909,13.152946437965905,14.035668847618199,14.866068747318506,16.278820596099706,13.92838827718412,21.587033144922902,16.0312195418814,15.132745950421556,9.486832980505138,9.848857801796104,10.295630140987,2.8284271247461903,5.0990195135927845,4.123105625617661,3.1622776601683795,7.810249675906654,5.385164807134504,10.0,11.661903789690601,10.295630140987,12.36931687685298,0.0,0.0,0.0,0.0,0.0,0.0,0.0,0.0,0.0,0.0,0.0,7.211102550927978,6.708203932499369,7.211102550927978,7.280109889280518,8.54400374531753,9.219544457292887,8.06225774829855,8.06225774829855,9.848857801796104,6.324555320336759,7.280109889280518,5.830951894845301,6.4031242374328485,4.47213595499958,5.0,5.0,9.219544457292887,18.867962264113206,19.79898987322333,20.0,19.849433241279208,18.867962264113206,20.615528128088304,17.69180601295413,19.4164878389476,16.401219466856727
147.27525250360293,24.0,2.23606797749979,5.0,8.06225774829855,13.038404810405298,19.6468827043885,18.788294228055936,21.02379604162864,25.079872407968907,24.166091947189145,18.384776310850235,19.1049731745428,15.620499351813308,8.94427190999916,6.4031242374328485,7.0,4.47213595499958,2.23606797749979,5.0,5.385164807134504,6.082762530298219,14.0,14.0,12.165525060596439,13.0,15.811388300841896,0.0,0.0,0.0,0.0,0.0,0.0,0.0,0.0,0.0,0.0,0.0,5.656854249492381,6.708203932499369,8.602325267042627,8.94427190999916,9.848857801796104,8.602325267042627,10.295630140987,10.770329614269007,7.810249675906654,5.0990195135927845,6.082762530298219,1.4142135623730951,6.324555320336759,5.0,6.4031242374328485,6.708203932499369,15.132745950421556,14.035668847618199,19.4164878389476,22.80350850198276,23.345235059857504,27.294688127912362,28.160255680657446,20.223748416156685,18.027756377319946,11.704699910719626
64.0,4.0,15.264337522473747,16.1245154965971,14.317821063276353,16.55294535724685,18.601075237738275,18.35755975068582,21.95449840010015,18.027756377319946,13.416407864998739,16.76305461424021,10.0,6.4031242374328485,7.211102550927978,2.0,2.8284271247461903,6.708203932499369,6.4031242374328485,10.44030650891055,12.041594578792296,11.180339887498949,14.7648230602334,10.816653826391969,8.54400374531753,13.152946437965905,11.0,0.0,0.0,0.0,0.0,0.0,0.0,0.0,0.0,0.0,0.0,0.0,7.0710678118654755,8.94427190999916,8.06225774829855,6.4031242374328485,10.198039027185569,8.54400374531753,7.810249675906654,6.324555320336759,2.8284271247461903,5.0,2.8284271247461903,8.54400374531753,4.123105625617661,10.0,13.152946437965905,12.165525060596439,19.026297590440446,13.152946437965905,16.0,22.80350850198276,15.524174696260024,15.811388300841896,17.029386365926403,11.180339887498949,7.615773105863909,9.433981132056603
147.27525250360293,24.0,10.295630140987,12.649110640673518,17.0,27.018512172212592,23.53720459187964,23.194827009486403,18.110770276274835,21.470910553583888,15.231546211727817,17.46424919657298,8.06225774829855,4.0,7.615773105863909,4.242640687119285,6.4031242374328485,5.656854249492381,5.830951894845301,8.48528137423857,9.848857801796104,17.029386365926403,19.4164878389476,15.0,18.681541692269406,12.36931687685298,15.132745950421556,0.0,0.0,0.0,0.0,0.0,0.0,0.0,0.0,0.0,0.0,0.0,7.810249675906654,11.180339887498949,11.661903789690601,10.770329614269007,10.63014581273465,4.242640687119285,2.8284271247461903,2.8284271247461903,7.0710678118654755,8.06225774829855,3.0,12.041594578792296,11.40175425099138,12.529964086141668,12.727922061357855,24.08318915758459,15.297058540778355,22.47220505424423,21.470910553583888,20.808652046684813,19.72308292331602,13.45362404707371,10.63014581273465,8.54400374531753,3.605551275463989,13.341664064126334
147.27525250360293,24.0,8.602325267042627,8.54400374531753,14.317821063276353,14.866068747318506,12.083045973594572,17.029386365926403,20.396078054371138,15.033296378372908,14.035668847618199,18.110770276274835,13.601470508735444,10.816653826391969,14.035668847618199,7.0710678118654755,4.47213595499958,2.8284271247461903,6.082762530298219,6.324555320336759,7.211102550927978,8.48528137423857,9.219544457292887,12.649110640673518,13.0,10.04987562112089,12.041594578792296,0.0,0.0,0.0,0.0,0.0,0.0,0.0,0.0,0.0,0.0,0.0,11.180339887498949,8.94427190999916,13.152946437965905,7.280109889280518,12.649110640673518,10.198039027185569,10.198039027185569,9.848857801796104,3.605551275463989,1.0,3.0,7.0710678118654755,2.23606797749979,8.246211251235321,5.385164807134504,11.180339887498949,13.601470508735444,11.40175425099138,17.08800749063506,16.1245154965971,14.317821063276353,17.029386365926403,17.204650534085253,16.1245154965971,9.899494936611665,10.816653826391969
147.27525250360293,24.0,6.324555320336759,13.0,14.0,14.142135623730951,15.033296378372908,15.033296378372908,22.090722034374522,19.1049731745428,15.524174696260024,13.152946437965905,12.041594578792296,8.246211251235321,10.0,0.0,2.8284271247461903,2.23606797749979,6.082762530298219,5.830951894845301,7.280109889280518,8.06225774829855,10.198039027185569,15.811388300841896,7.0710678118654755,14.317821063276353,12.041594578792296,0.0,0.0,0.0,0.0,0.0,0.0,0.0,0.0,0.0,0.0,0.0,4.47213595499958,9.486832980505138,12.0,13.152946437965905,9.848857801796104,10.44030650891055,9.219544457292887,6.324555320336759,6.324555320336759,7.0,5.0990195135927845,3.1622776601683795,6.324555320336759,2.8284271247461903,9.433981132056603,10.04987562112089,14.560219778561036,15.811388300841896,18.973665961010276,17.26267650163207,18.439088914585774,19.209372712298546,18.867962264113206,14.866068747318506,15.297058540778355,16.278820596099706
147.27525250360293,24.0,4.123105625617661,8.48528137423857,12.0,13.341664064126334,16.492422502470642,18.973665961010276,20.615528128088304,21.02379604162864,21.840329667841555,14.317821063276353,15.652475842498529,13.45362404707371,7.211102550927978,5.385164807134504,5.385164807134504,3.1622776601683795,6.324555320336759,9.486832980505138,9.848857801796104,13.0,9.486832980505138,16.76305461424021,10.04987562112089,13.601470508735444,11.0,0.0,0.0,0.0,0.0,0.0,0.0,0.0,0.0,0.0,0.0,0.0,8.94427190999916,5.0990195135927845,7.0710678118654755,11.180339887498949,11.180339887498949,8.246211251235321,9.055385138137417,13.601470508735444,11.40175425099138,8.06225774829855,10.04987562112089,8.54400374531753,5.385164807134504,3.605551275463989,5.830951894845301,17.029386365926403,14.035668847618199,17.72004514666935,14.560219778561036,23.345235059857504,23.0,19.6468827043885,21.18962010041709,15.033296378372908,14.035668847618199,11.40175425099138
64.0,4.0,10.198039027185569,14.317821063276353,17.26267650163207,15.811388300841896,17.11724276862369,17.11724276862369,19.313207915827967,15.297058540778355,16.64331697709324,10.198039027185569,14.317821063276353,8.06225774829855,5.385164807134504,3.605551275463989,9.055385138137417,2.8284271247461903,7.810249675906654,2.23606797749979,5.385164807134504,7.810249675906654,9.433981132056603,7.810249675906654,11.40175425099138,10.816653826391969,5.0,0.0,0.0,0.0,0.0,0.0,0.0,0.0,0.0,0.0,0.0,0.0,4.47213595499958,7.810249675906654,9.219544457292887,6.324555320336759,7.211102550927978,9.486832980505138,7.810249675906654,9.219544457292887,9.848857801796104,5.385164807134504,6.082762530298219,7.280109889280518,6.324555320336759,6.324555320336759,6.4031242374328485,9.219544457292887,10.295630140987,15.297058540778355,10.0,17.4928556845359,20.591260281974,11.661903789690601,17.0,21.470910553583888,16.492422502470642,11.40175425099138
147.27525250360293,24.0,22.47220505424423,21.400934559032695,27.018512172212592,22.47220505424423,27.294688127912362,17.08800749063506,22.47220505424423,11.704699910719626,14.317821063276353,15.524174696260024,5.0,8.94427190999916,9.219544457292887,3.605551275463989,2.23606797749979,11.0,8.602325267042627,12.083045973594572,12.165525060596439,13.0,13.341664064126334,16.64331697709324,14.866068747318506,12.041594578792296,11.661903789690601,0.0,0.0,0.0,0.0,0.0,0.0,0.0,0.0,0.0,0.0,0.0,13.601470508735444,20.591260281974,8.06225774829855,12.36931687685298,12.529964086141668,13.45362404707371,18.027756377319946,9.219544457292887,11.661903789690601,15.524174696260024,11.40175425099138,12.649110640673518,15.652475842498529,20.615528128088304,24.166091947189145,23.08679276123039,18.439088914585774,19.235384061671343,25.079872407968907,24.186773244895647,21.095023109728988,26.419689627245813,13.152946437965905,13.152946437965905,18.384776310850235,15.0
147.27525250360293,24.0,6.0,15.132745950421556,16.0312195418814,20.248456731316587,22.02271554554524,21.587033144922902,24.041630560342615,23.021728866442675,18.681541692269406,14.560219778561036,17.26267650163207,12.36931687685298,8.06225774829855,10.44030650891055,6.708203932499369,8.246211251235321,2.0,6.708203932499369,11.045361017187261,12.36931687685298,9.0,12.165525060596439,13.341664064126334,8.06225774829855,15.264337522473747,0.0,0.0,0.0,0.0,0.0,0.0,0.0,0.0,0.0,0.0,0.0,12.529964086141668,13.416407864998739,9.433981132056603,10.816653826391969,10.04987562112089,9.848857801796104,10.44030650891055,10.04987562112089,9.219544457292887,8.06225774829855,7.615773105863909,8.54400374531753,9.433981132056603,10.295630140987,14.317821063276353,15.033296378372908,22.090722034374522,18.027756377319946,21.02379604162864,25.019992006393608,19.1049731745428,20.396078054371138,25.709920264364882,15.132745950421556,12.0,13.0
147.27525250360293,24.0,8.94427190999916,9.848857801796104,11.40175425099138,14.422205101855956,18.867962264113206,15.652475842498529,18.027756377319946,18.384776310850235,15.652475842498529,12.206555615733702,12.529964086141668,13.416407864998739,9.848857801796104,4.47213595499958,5.385164807134504,5.830951894845301,7.0,7.211102550927978,7.0710678118654755,9.899494936611665,10.816653826391969,10.295630140987,13.038404810405298,9.433981132056603,9.219544457292887,0.0,0.0,0.0,0.0,0.0,0.0,0.0,0.0,0.0,0.0,0.0,5.0990195135927845,9.219544457292887,9.219544457292887,9.219544457292887,15.297058540778355,13.92838827718412,14.560219778561036,12.806248474865697,13.416407864998739,7.211102550927978,6.324555320336759,7.0710678118654755,0.0,5.0,7.0710678118654755,9.433981132056603,10.770329614269007,11.40175425099138,15.0,13.601470508735444,17.4928556845359,18.867962264113206,22.02271554554524,18.35755975068582,13.892443989449804,13.038404810405298
147.27525250360293,24.0,1.0,10.63014581273465,10.0,12.206555615733702,14.142135623730951,16.278820596099706,15.231546211727817,19.1049731745428,18.973665961010276,17.88854381999832,11.661903789690601,11.180339887498949,9.433981132056603,8.06225774829855,1.0,1.0,1.4142135623730951,5.385164807134504,10.198039027185569,11.40175425099138,12.0,14.142135623730951,12.165525060596439,11.180339887498949,12.165525060596439,0.0,0.0,0.0,0.0,0.0,0.0,0.0,0.0,0.0,0.0,0.0,5.830951894845301,7.211102550927978,6.4031242374328485,10.63014581273465,14.317821063276353,13.0,7.810249675906654,11.704699910719626,5.830951894845301,10.0,7.0,1.0,2.23606797749979,4.0,3.605551275463989,10.0,11.045361017187261,18.24828759089466,17.46424919657298,23.345235059857504,16.0312195418814,15.297058540778355,13.92838827718412,13.416407864998739,12.36931687685298,10.198039027185569
147.27525250360293,24.0,12.36931687685298,10.816653826391969,13.416407864998739,12.041594578792296,18.027756377319946,19.4164878389476,17.0,11.661903789690601,18.439088914585774,14.0,16.0,12.041594578792296,10.0,10.295630140987,7.0710678118654755,2.8284271247461903,4.242640687119285,4.123105625617661,6.4031242374328485,6.082762530298219,10.0,12.806248474865697,12.36931687685298,13.601470508735444,8.94427190999916,0.0,0.0,0.0,0.0,0.0,0.0,0.0,0.0,0.0,0.0,0.0,6.0,8.06225774829855,12.083045973594572,9.219544457292887,9.0,14.035668847618199,12.649110640673518,10.198039027185569,14.035668847618199,8.0,9.219544457292887,6.708203932499369,10.63014581273465,10.295630140987,13.0,15.524174696260024,14.560219778561036,18.439088914585774,19.697715603592208,23.53720459187964,20.396078054371138,24.041630560342615,19.924858845171276,18.027756377319946,18.973665961010276,11.40175425099138
147.27525250360293,24.0,8.246211251235321,5.385164807134504,5.385164807134504,7.615773105863909,10.0,9.0,15.132745950421556,17.46424919657298,21.0,12.041594578792296,11.0,12.083045973594572,12.165525060596439,8.246211251235321,9.055385138137417,5.0,6.324555320336759,4.47213595499958,4.123105625617661,1.4142135623730951,5.656854249492381,7.615773105863909,9.433981132056603,10.198039027185569,9.433981132056603,0.0,0.0,0.0,0.0,0.0,0.0,0.0,0.0,0.0,0.0,0.0,2.8284271247461903,3.605551275463989,8.602325267042627,8.94427190999916,4.242640687119285,12.529964086141668,16.97056274847714,15.264337522473747,15.811388300841896,14.7648230602334,13.45362404707371,14.7648230602334,11.313708498984761,10.770329614269007,9.433981132056603,6.324555320336759,8.48528137423857,10.816653826391969,19.924858845171276,13.0,18.439088914585774,24.186773244895647,26.0,26.0,26.248809496813376,20.808652046684813
147.27525250360293,24.0,3.1622776601683795,5.0,10.04987562112089,14.142135623730951,17.26267650163207,13.341664064126334,15.132745950421556,13.92838827718412,14.866068747318506,18.24828759089466,13.152946437965905,14.142135623730951,6.082762530298219,7.810249675906654,4.47213595499958,7.810249675906654,5.385164807134504,4.123105625617661,8.06225774829855,9.055385138137417,12.36931687685298,8.0,10.295630140987,13.0,13.416407864998739,0.0,0.0,0.0,0.0,0.0,0.0,0.0,0.0,0.0,0.0,0.0,3.0,3.1622776601683795,4.0,5.0,6.324555320336759,5.0990195135927845,6.4031242374328485,15.0,9.219544457292887,8.48528137423857,9.486832980505138,9.0,5.0,9.433981132056603,11.704699910719626,9.486832980505138,18.681541692269406,11.180339887498949,22.47220505424423,20.591260281974,21.2602916254693,26.90724809414742,23.021728866442675,28.600699292150182,21.2602916254693,16.492422502470642
147.27525250360293,24.0,18.681541692269406,18.35755975068582,18.601075237738275,25.612496949731394,21.95449840010015,23.853720883753127,26.570660511172846,22.80350850198276,22.20360331117452,14.317821063276353,11.180339887498949,7.211102550927978,8.06225774829855,8.0,7.211102550927978,7.615773105863909,6.324555320336759,7.0,11.704699910719626,12.649110640673518,13.341664064126334,15.524174696260024,14.560219778561036,15.811388300841896,10.295630140987,0.0,0.0,0.0,0.0,0.0,0.0,0.0,0.0,0.0,0.0,0.0,14.0,7.280109889280518,8.54400374531753,9.433981132056603,9.433981132056603,7.615773105863909,9.219544457292887,11.045361017187261,10.04987562112089,6.4031242374328485,12.529964086141668,10.44030650891055,8.94427190999916,12.727922061357855,17.69180601295413,19.209372712298546,13.601470508735444,16.64331697709324,19.4164878389476,21.2602916254693,20.591260281974,17.804493814764857,19.209372712298546,13.038404810405298,11.704699910719626,11.180339887498949
64.0,4.0,17.029386365926403,19.026297590440446,26.1725046566048,25.079872407968907,23.08679276123039,19.4164878389476,21.213203435596427,22.0,20.248456731316587,18.24828759089466,13.152946437965905,7.0710678118654755,9.433981132056603,10.198039027185569,7.211102550927978,6.082762530298219,3.605551275463989,9.0,11.0,11.045361017187261,11.704699910719626,11.40175425099138,12.083045973594572,13.038404810405298,12.041594578792296,0.0,0.0,0.0,0.0,0.0,0.0,0.0,0.0,0.0,0.0,0.0,13.601470508735444,14.422205101855956,12.529964086141668,13.038404810405298,12.36931687685298,8.246211251235321,5.0,7.810249675906654,1.4142135623730951,8.54400374531753,7.0710678118654755,17.029386365926403,16.55294535724685,13.92838827718412,17.26267650163207,20.223748416156685,20.024984394500787,23.0,21.02379604162864,19.1049731745428,23.021728866442675,16.76305461424021,11.045361017187261,13.038404810405298,8.48528137423857,7.615773105863909
147.27525250360293,24.0,6.708203932499369,15.652475842498529,11.180339887498949,15.811388300841896,23.769728648009426,19.235384061671343,19.924858845171276,10.770329614269007,19.0,16.278820596099706,15.132745950421556,6.082762530298219,5.0990195135927845,3.605551275463989,3.1622776601683795,5.656854249492381,5.0990195135927845,4.47213595499958,6.082762530298219,11.180339887498949,10.04987562112089,15.0,12.041594578792296,9.848857801796104,9.899494936611665,0.0,0.0,0.0,0.0,0.0,0.0,0.0,0.0,0.0,0.0,0.0,9.219544457292887,13.601470508735444,9.848857801796104,6.4031242374328485,8.06225774829855,9.486832980505138,8.602325267042627,9.848857801796104,8.246211251235321,10.63014581273465,12.083045973594572,5.385164807134504,8.602325267042627,13.0,10.295630140987,13.341664064126334,17.46424919657298,17.26267650163207,15.033296378372908,24.186773244895647,17.11724276862369,21.213203435596427,16.492422502470642,13.038404810405298,13.341664064126334,10.198039027185569
147.27525250360293,24.0,5.385164807134504,10.44030650891055,13.0,14.035668847618199,17.029386365926403,24.041630560342615,19.235384061671343,16.76305461424021,20.396078054371138,12.806248474865697,11.40175425099138,19.026297590440446,10.198039027185569,6.708203932499369,8.54400374531753,3.1622776601683795,1.4142135623730951,5.656854249492381,3.605551275463989,8.06225774829855,5.0,11.045361017187261,9.486832980505138,8.94427190999916,10.0,0.0,0.0,0.0,0.0,0.0,0.0,0.0,0.0,0.0,0.0,0.0,9.848857801796104,6.4031242374328485,11.661903789690601,10.816653826391969,9.433981132056603,11.40175425099138,6.4031242374328485,9.433981132056603,11.40175425099138,6.082762530298219,10.0,4.123105625617661,7.280109889280518,5.0990195135927845,12.529964086141668,9.486832980505138,12.041594578792296,15.811388300841896,19.4164878389476,20.615528128088304,19.235384061671343,17.46424919657298,20.591260281974,23.706539182259394,15.297058540778355,6.708203932499369
147.27525250360293,24.0,9.219544457292887,2.23606797749979,4.242640687119285,6.082762530298219,12.727922061357855,11.704699910719626,16.64331697709324,16.401219466856727,22.67156809750927,16.278820596099706,15.231546211727817,14.212670403551895,8.94427190999916,6.4031242374328485,6.708203932499369,4.47213595499958,1.0,5.0,5.0,6.0,6.082762530298219,11.40175425099138,9.486832980505138,11.704699910719626,10.770329614269007,0.0,0.0,0.0,0.0,0.0,0.0,0.0,0.0,0.0,0.0,0.0,8.602325267042627,8.48528137423857,7.810249675906654,6.324555320336759,8.602325267042627,5.656854249492381,5.830951894845301,8.48528137423857,9.219544457292887,6.324555320336759,10.295630140987,8.0,6.708203932499369,2.23606797749979,5.830951894845301,7.810249675906654,13.0,15.811388300841896,14.035668847618199,14.317821063276353,19.924858845171276,26.30589287593181,20.396078054371138,16.492422502470642,17.204650534085253,13.0
64.0,4.0,18.384776310850235,17.46424919657298,27.51363298439521,22.561028345356956,21.213203435596427,20.615528128088304,23.53720459187964,18.027756377319946,13.416407864998739,17.11724276862369,15.231546211727817,9.848857801796104,3.605551275463989,1.4142135623730951,2.8284271247461903,10.0,9.219544457292887,9.848857801796104,11.40175425099138,12.083045973594572,16.0312195418814,16.1245154965971,15.231546211727817,9.486832980505138,8.54400374531753,0.0,0.0,0.0,0.0,0.0,0.0,0.0,0.0,0.0,0.0,0.0,11.40175425099138,12.727922061357855,12.806248474865697,8.94427190999916,8.94427190999916,10.44030650891055,8.06225774829855,7.615773105863909,8.54400374531753,7.0710678118654755,8.06225774829855,10.198039027185569,16.1245154965971,12.36931687685298,15.231546211727817,15.033296378372908,21.587033144922902,18.027756377319946,19.235384061671343,19.4164878389476,19.924858845171276,16.492422502470642,18.027756377319946,7.810249675906654,8.246211251235321,6.4031242374328485
147.27525250360293,24.0,14.866068747318506,15.620499351813308,14.7648230602334,10.770329614269007,18.439088914585774,18.384776310850235,23.600847442411894,20.615528128088304,23.323807579381203,18.439088914585774,18.384776310850235,12.806248474865697,11.180339887498949,8.48528137423857,7.810249675906654,3.1622776601683795,3.1622776601683795,3.605551275463989,4.47213595499958,9.219544457292887,8.48528137423857,10.0,10.63014581273465,14.317821063276353,16.1245154965971,0.0,0.0,0.0,0.0,0.0,0.0,0.0,0.0,0.0,0.0,0.0,8.06225774829855,8.06225774829855,6.708203932499369,10.0,13.0,11.180339887498949,13.038404810405298,9.433981132056603,12.206555615733702,9.219544457292887,7.280109889280518,6.324555320336759,4.47213595499958,7.810249675906654,6.4031242374328485,17.029386365926403,15.620499351813308,18.439088914585774,22.20360331117452,20.248456731316587,19.235384061671343,21.2602916254693,15.811388300841896,21.400934559032695,20.0,10.295630140987
147.27525250360293,24.0,8.246211251235321,9.219544457292887,16.492422502470642,8.54400374531753,20.615528128088304,21.37755832643195,17.029386365926403,20.396078054371138,16.1245154965971,16.278820596099706,14.142135623730951,15.297058540778355,11.045361017187261,3.0,7.810249675906654,3.605551275463989,2.23606797749979,7.211102550927978,5.385164807134504,6.324555320336759,8.246211251235321,12.0,7.0,9.055385138137417,10.198039027185569,0.0,0.0,0.0,0.0,0.0,0.0,0.0,0.0,0.0,0.0,0.0,8.246211251235321,9.219544457292887,8.0,11.0,12.649110640673518,7.0,12.0,6.708203932499369,9.0,5.385164807134504,5.0,5.830951894845301,9.899494936611665,11.313708498984761,12.36931687685298,13.416407864998739,14.035668847618199,18.24828759089466,20.024984394500787,19.1049731745428,22.090722034374522,24.041630560342615,19.1049731745428,15.811388300841896,17.11724276862369,12.041594578792296
147.27525250360293,24.0,16.0,16.0312195418814,20.0,18.0,19.026297590440446,22.20360331117452,20.09975124224178,22.360679774997898,20.615528128088304,17.11724276862369,15.524174696260024,13.0,11.661903789690601,5.830951894845301,6.4031242374328485,6.082762530298219,6.324555320336759,8.06225774829855,8.94427190999916,11.045361017187261,11.313708498984761,11.661903789690601,13.601470508735444,10.44030650891055,10.816653826391969,0.0,0.0,0.0,0.0,0.0,0.0,0.0,0.0,0.0,0.0,0.0,11.045361017187261,11.045361017187261,8.06225774829855,7.810249675906654,10.04987562112089,8.602325267042627,10.44030650891055,8.54400374531753,8.246211251235321,4.123105625617661,9.486832980505138,10.0,16.76305461424021,21.02379604162864,14.035668847618199,14.422205101855956,12.529964086141668,19.235384061671343,22.135943621178654,15.524174696260024,20.248456731316587,23.769728648009426,21.93171219946131,17.0,11.313708498984761,13.601470508735444
147.27525250360293,24.0,8.48528137423857,17.46424919657298,13.152946437965905,17.26267650163207,20.223748416156685,19.026297590440446,22.02271554554524,19.4164878389476,18.110770276274835,17.26267650163207,16.15549442140351,16.15549442140351,13.0,2.8284271247461903,14.142135623730951,4.47213595499958,7.810249675906654,9.848857801796104,9.219544457292887,10.770329614269007,12.041594578792296,10.816653826391969,14.212670403551895,11.704699910719626,11.0,0.0,0.0,0.0,0.0,0.0,0.0,0.0,0.0,0.0,0.0,0.0,8.06225774829855,9.433981132056603,8.602325267042627,14.866068747318506,8.246211251235321,8.48528137423857,12.36931687685298,12.206555615733702,16.15549442140351,9.899494936611665,14.560219778561036,10.0,14.317821063276353,7.810249675906654,17.029386365926403,18.027756377319946,13.341664064126334,18.439088914585774,23.345235059857504,14.317821063276353,22.47220505424423,17.11724276862369,23.53720459187964,23.706539182259394,18.439088914585774,16.1245154965971
147.27525250360293,24.0,12.083045973594572,17.804493814764857,18.439088914585774,21.213203435596427,20.0,20.808652046684813,17.69180601295413,20.248456731316587,25.80697580112788,18.35755975068582,14.7648230602334,4.242640687119285,5.830951894845301,5.656854249492381,4.0,6.708203932499369,9.219544457292887,8.94427190999916,8.0,8.54400374531753,16.492422502470642,11.045361017187261,9.486832980505138,9.486832980505138,13.601470508735444,0.0,0.0,0.0,0.0,0.0,0.0,0.0,0.0,0.0,0.0,0.0,11.0,12.649110640673518,12.0,8.54400374531753,9.055385138137417,11.045361017187261,10.0,9.055385138137417,4.0,6.0,7.810249675906654,12.727922061357855,8.246211251235321,11.661903789690601,15.556349186104045,14.7648230602334,21.93171219946131,15.0,24.839484696748443,19.849433241279208,27.586228448267445,24.413111231467404,16.97056274847714,12.727922061357855,15.231546211727817,7.810249675906654
147.27525250360293,24.0,19.72308292331602,12.36931687685298,19.313207915827967,15.264337522473747,21.213203435596427,15.811388300841896,17.804493814764857,18.35755975068582,15.231546211727817,17.804493814764857,17.11724276862369,12.529964086141668,7.0710678118654755,5.0,7.615773105863909,8.06225774829855,6.082762530298219,10.04987562112089,13.0,12.649110640673518,13.152946437965905,8.0,10.44030650891055,11.704699910719626,10.770329614269007,0.0,0.0,0.0,0.0,0.0,0.0,0.0,0.0,0.0,0.0,0.0,15.0,13.416407864998739,13.92838827718412,12.36931687685298,8.94427190999916,9.433981132056603,4.123105625617661,7.280109889280518,6.082762530298219,3.0,14.212670403551895,10.816653826391969,17.88854381999832,16.1245154965971,20.248456731316587,16.55294535724685,25.553864678361276,13.45362404707371,21.02379604162864,20.0,21.587033144922902,19.235384061671343,15.811388300841896,11.661903789690601,16.1245154965971,16.97056274847714
147.27525250360293,24.0,11.045361017187261,11.180339887498949,13.0,13.038404810405298,18.439088914585774,13.152946437965905,14.866068747318506,14.7648230602334,12.529964086141668,14.560219778561036,11.661903789690601,4.123105625617661,9.219544457292887,9.899494936611665,10.0,2.8284271247461903,2.0,5.0,7.810249675906654,9.433981132056603,7.810249675906654,7.211102550927978,7.0710678118654755,9.433981132056603,10.04987562112089,0.0,0.0,0.0,0.0,0.0,0.0,0.0,0.0,0.0,0.0,0.0,10.770329614269007,10.44030650891055,7.615773105863909,8.602325267042627,9.219544457292887,12.165525060596439,7.280109889280518,10.295630140987,8.0,7.0,8.246211251235321,8.246211251235321,14.317821063276353,16.1245154965971,10.44030650891055,18.027756377319946,10.198039027185569,16.76305461424021,17.11724276862369,14.142135623730951,15.0,15.524174696260024,9.848857801796104,13.0,10.295630140987,5.385164807134504
147.27525250360293,24.0,13.038404810405298,11.180339887498949,17.08800749063506,16.0312195418814,18.973665961010276,17.4928556845359,16.401219466856727,19.72308292331602,14.317821063276353,14.035668847618199,11.661903789690601,12.083045973594572,11.40175425099138,7.0,7.810249675906654,9.848857801796104,3.0,7.0710678118654755,7.0,10.04987562112089,9.0,14.317821063276353,12.083045973594572,7.211102550927978,10.63014581273465,0.0,0.0,0.0,0.0,0.0,0.0,0.0,0.0,0.0,0.0,0.0,10.0,10.04987562112089,12.36931687685298,7.0710678118654755,9.055385138137417,11.045361017187261,6.324555320336759,7.0710678118654755,7.615773105863909,7.0710678118654755,9.486832980505138,10.770329614269007,11.704699910719626,9.433981132056603,13.45362404707371,14.142135623730951,13.45362404707371,20.12461179749811,18.439088914585774,23.345235059857504,17.029386365926403,21.2602916254693,16.401219466856727,16.55294535724685,10.63014581273465,14.142135623730951
147.27525250360293,24.0,16.278820596099706,19.697715603592208,17.72004514666935,17.46424919657298,19.235384061671343,20.615528128088304,21.095023109728988,17.88854381999832,17.46424919657298,17.4928556845359,13.601470508735444,18.384776310850235,5.830951894845301,5.0,9.848857801796104,2.8284271247461903,7.0,3.605551275463989,8.602325267042627,9.219544457292887,11.180339887498949,9.486832980505138,17.46424919657298,11.40175425099138,10.0,0.0,0.0,0.0,0.0,0.0,0.0,0.0,0.0,0.0,0.0,0.0,10.295630140987,12.083045973594572,9.219544457292887,6.082762530298219,7.211102550927978,5.830951894845301,7.211102550927978,7.810249675906654,10.816653826391969,8.246211251235321,7.280109889280518,8.06225774829855,7.0710678118654755,10.816653826391969,11.704699910719626,15.033296378372908,13.341664064126334,17.0,18.384776310850235,21.540659228538015,19.6468827043885,23.259406699226016,18.973665961010276,18.027756377319946,11.704699910719626,8.06225774829855
147.27525250360293,24.0,5.385164807134504,11.180339887498949,11.0,14.317821063276353,16.278820596099706,16.492422502470642,24.08318915758459,13.341664064126334,16.0312195418814,18.0,16.1245154965971,9.848857801796104,6.082762530298219,11.661903789690601,9.055385138137417,2.23606797749979,5.385164807134504,8.06225774829855,7.211102550927978,9.486832980505138,12.529964086141668,13.341664064126334,12.041594578792296,12.083045973594572,14.7648230602334,0.0,0.0,0.0,0.0,0.0,0.0,0.0,0.0,0.0,0.0,0.0,8.602325267042627,9.848857801796104,9.055385138137417,10.44030650891055,7.280109889280518,11.180339887498949,13.341664064126334,9.219544457292887,10.04987562112089,7.280109889280518,12.0,7.0710678118654755,12.041594578792296,9.219544457292887,12.165525060596439,13.152946437965905,15.0,14.035668847618199,17.08800749063506,22.360679774997898,19.313207915827967,23.259406699226016,21.93171219946131,13.892443989449804,18.110770276274835,13.152946437965905
64.0,4.0,19.849433241279208,23.853720883753127,24.041630560342615,22.20360331117452,24.041630560342615,21.95449840010015,23.430749027719962,15.811388300841896,16.15549442140351,12.529964086141668,6.324555320336759,5.0,8.54400374531753,7.280109889280518,4.242640687119285,7.810249675906654,10.0,10.44030650891055,10.770329614269007,17.26267650163207,14.317821063276353,10.295630140987,12.165525060596439,11.180339887498949,8.54400374531753,0.0,0.0,0.0,0.0,0.0,0.0,0.0,0.0,0.0,0.0,0.0,14.866068747318506,12.206555615733702,12.529964086141668,11.704699910719626,10.63014581273465,9.848857801796104,2.8284271247461903,9.486832980505138,11.0,11.180339887498949,15.811388300841896,12.041594578792296,17.46424919657298,17.88854381999832,19.924858845171276,20.12461179749811,18.384776310850235,18.027756377319946,20.223748416156685,18.788294228055936,15.811388300841896,15.811388300841896,12.806248474865697,11.313708498984761,5.385164807134504,12.36931687685298
147.27525250360293,24.0,13.341664064126334,17.08800749063506,18.681541692269406,24.331050121192877,22.825424421026653,19.026297590440446,22.360679774997898,20.09975124224178,17.4928556845359,11.180339887498949,12.165525060596439,8.94427190999916,8.54400374531753,6.708203932499369,3.605551275463989,10.295630140987,8.06225774829855,14.212670403551895,10.198039027185569,15.620499351813308,13.892443989449804,11.40175425099138,12.806248474865697,10.816653826391969,11.180339887498949,0.0,0.0,0.0,0.0,0.0,0.0,0.0,0.0,0.0,0.0,0.0,10.770329614269007,12.649110640673518,4.0,10.770329614269007,12.649110640673518,7.280109889280518,5.385164807134504,2.8284271247461903,9.055385138137417,6.708203932499369,7.211102550927978,5.830951894845301,9.055385138137417,4.123105625617661,13.152946437965905,12.0,21.840329667841555,21.18962010041709,31.016124838541646,19.235384061671343,30.083217912982647,21.93171219946131,18.24828759089466,18.027756377319946,19.026297590440446,8.06225774829855
147.27525250360293,24.0,17.72004514666935,17.46424919657298,24.331050121192877,22.561028345356956,20.024984394500787,20.09975124224178,19.4164878389476,15.033296378372908,21.095023109728988,16.278820596099706,15.297058540778355,20.024984394500787,16.278820596099706,14.035668847618199,12.0,10.198039027185569,9.055385138137417,9.055385138137417,10.198039027185569,11.180339887498949,12.041594578792296,10.04987562112089,14.0,13.601470508735444,13.601470508735444,0.0,0.0,0.0,0.0,0.0,0.0,0.0,0.0,0.0,0.0,0.0,9.486832980505138,11.0,11.180339887498949,9.0,11.661903789690601,9.055385138137417,11.661903789690601,15.811388300841896,8.94427190999916,10.295630140987,18.027756377319946,13.416407864998739,6.708203932499369,13.601470508735444,17.08800749063506,12.649110640673518,20.615528128088304,17.4928556845359,24.698178070456937,22.825424421026653,20.808652046684813,24.08318915758459,22.20360331117452,22.80350850198276,18.867962264113206,19.235384061671343
147.27525250360293,24.0,5.385164807134504,5.0,7.211102550927978,9.055385138137417,9.0,9.433981132056603,15.033296378372908,12.36931687685298,17.26267650163207,19.0,11.045361017187261,20.223748416156685,13.341664064126334,13.892443989449804,9.219544457292887,10.04987562112089,3.605551275463989,2.23606797749979,0.0,4.242640687119285,8.246211251235321,7.0710678118654755,8.06225774829855,10.0,6.324555320336759,0.0,0.0,0.0,0.0,0.0,0.0,0.0,0.0,0.0,0.0,0.0,9.219544457292887,7.211102550927978,9.899494936611665,13.0,15.0,10.816653826391969,10.295630140987,11.40175425099138,5.385164807134504,8.06225774829855,6.082762530298219,9.899494936611665,5.656854249492381,2.8284271247461903,3.1622776601683795,10.0,8.602325267042627,13.892443989449804,17.204650534085253,19.235384061671343,19.697715603592208,18.027756377319946,22.80350850198276,23.853720883753127,22.360679774997898,21.540659228538015
147.27525250360293,24.0,8.06225774829855,5.385164807134504,6.4031242374328485,9.848857801796104,7.0710678118654755,18.384776310850235,11.40175425099138,18.439088914585774,19.209372712298546,15.556349186104045,13.601470508735444,11.40175425099138,10.44030650891055,8.06225774829855,10.44030650891055,2.8284271247461903,2.23606797749979,4.47213595499958,1.0,7.0710678118654755,10.63014581273465,3.605551275463989,10.0,11.180339887498949,13.416407864998739,0.0,0.0,0.0,0.0,0.0,0.0,0.0,0.0,0.0,0.0,0.0,6.4031242374328485,10.63014581273465,9.219544457292887,14.422205101855956,9.219544457292887,10.63014581273465,12.041594578792296,11.40175425099138,15.811388300841896,12.083045973594572,8.94427190999916,5.656854249492381,3.0,6.0,13.038404810405298,10.0,11.40175425099138,15.620499351813308,14.422205101855956,20.248456731316587,22.47220505424423,23.259406699226016,22.02271554554524,17.88854381999832,22.47220505424423,19.697715603592208
147.27525250360293,24.0,25.019992006393608,18.24828759089466,11.180339887498949,13.341664064126334,14.317821063276353,17.4928556845359,18.027756377319946,18.439088914585774,18.867962264113206,18.601075237738275,21.2602916254693,19.313207915827967,17.029386365926403,14.866068747318506,11.180339887498949,14.866068747318506,11.40175425099138,10.816653826391969,8.602325267042627,11.180339887498949,6.324555320336759,8.602325267042627,10.63014581273465,9.848857801796104,9.486832980505138,0.0,0.0,0.0,0.0,0.0,0.0,0.0,0.0,0.0,0.0,0.0,9.055385138137417,10.770329614269007,8.54400374531753,9.055385138137417,12.165525060596439,13.341664064126334,11.180339887498949,16.278820596099706,14.317821063276353,13.601470508735444,13.601470508735444,11.180339887498949,9.899494936611665,12.806248474865697,5.385164807134504,14.035668847618199,12.0,14.317821063276353,17.72004514666935,18.110770276274835,19.026297590440446,24.73863375370596,27.018512172212592,26.019223662515376,24.020824298928627,24.73863375370596
64.0,4.0,22.360679774997898,20.808652046684813,20.615528128088304,22.02271554554524,16.278820596099706,19.1049731745428,15.811388300841896,18.601075237738275,21.213203435596427,17.029386365926403,17.204650534085253,17.029386365926403,15.0,16.278820596099706,17.204650534085253,12.206555615733702,9.848857801796104,9.848857801796104,10.295630140987,12.083045973594572,9.219544457292887,8.06225774829855,9.848857801796104,13.0,9.486832980505138,0.0,0.0,0.0,0.0,0.0,0.0,0.0,0.0,0.0,0.0,0.0,11.0,11.0,10.198039027185569,7.810249675906654,6.4031242374328485,7.810249675906654,12.727922061357855,12.806248474865697,10.0,13.416407864998739,10.63014581273465,10.816653826391969,12.041594578792296,14.422205101855956,10.63014581273465,15.811388300841896,15.0,19.1049731745428,19.1049731745428,17.029386365926403,19.72308292331602,22.47220505424423,25.059928172283335,27.202941017470888,27.018512172212592,27.65863337187866
147.27525250360293,24.0,9.0,3.1622776601683795,11.180339887498949,15.620499351813308,16.278820596099706,18.439088914585774,20.518284528683193,21.93171219946131,13.892443989449804,12.649110640673518,13.892443989449804,13.601470508735444,6.082762530298219,7.0710678118654755,4.47213595499958,4.123105625617661,6.4031242374328485,5.0,8.94427190999916,10.816653826391969,8.94427190999916,13.892443989449804,10.816653826391969,7.810249675906654,9.848857801796104,0.0,0.0,0.0,0.0,0.0,0.0,0.0,0.0,0.0,0.0,0.0,5.830951894845301,10.816653826391969,11.704699910719626,10.295630140987,10.0,8.94427190999916,13.92838827718412,10.44030650891055,8.602325267042627,7.280109889280518,5.0,9.219544457292887,4.0,8.94427190999916,12.36931687685298,13.038404810405298,17.08800749063506,14.866068747318506,14.7648230602334,18.027756377319946,18.788294228055936,22.20360331117452,21.93171219946131,18.027756377319946,13.601470508735444,13.0
147.27525250360293,24.0,7.615773105863909,19.313207915827967,16.0,13.0,13.0,17.26267650163207,20.396078054371138,15.524174696260024,13.0,14.422205101855956,9.486832980505138,7.615773105863909,9.219544457292887,8.06225774829855,6.324555320336759,5.830951894845301,6.4031242374328485,6.708203932499369,11.180339887498949,9.219544457292887,7.810249675906654,14.560219778561036,10.198039027185569,10.04987562112089,11.045361017187261,0.0,0.0,0.0,0.0,0.0,0.0,0.0,0.0,0.0,0.0,0.0,9.486832980505138,12.0,8.0,9.486832980505138,6.0,4.0,5.0990195135927845,9.219544457292887,5.830951894845301,2.0,13.341664064126334,8.48528137423857,17.4928556845359,9.848857801796104,11.40175425099138,7.280109889280518,13.45362404707371,18.788294228055936,21.095023109728988,21.02379604162864,15.811388300841896,16.492422502470642,16.15549442140351,10.770329614269007,10.44030650891055,13.45362404707371
147.27525250360293,24.0,5.385164807134504,12.36931687685298,13.152946437965905,16.1245154965971,14.0,15.231546211727817,20.0,17.26267650163207,19.0,16.0312195418814,13.341664064126334,17.26267650163207,15.811388300841896,8.06225774829855,8.0,3.605551275463989,4.47213595499958,6.708203932499369,3.605551275463989,7.280109889280518,12.083045973594572,12.206555615733702,8.602325267042627,10.770329614269007,8.06225774829855,0.0,0.0,0.0,0.0,0.0,0.0,0.0,0.0,0.0,0.0,0.0,9.848857801796104,12.083045973594572,8.06225774829855,10.295630140987,11.313708498984761,11.40175425099138,12.206555615733702,13.45362404707371,9.219544457292887,9.219544457292887,9.433981132056603,7.810249675906654,10.44030650891055,6.324555320336759,12.36931687685298,13.038404810405298,15.524174696260024,17.26267650163207,18.439088914585774,19.6468827043885,24.020824298928627,16.0,19.026297590440446,15.033296378372908,16.76305461424021,15.132745950421556
147.27525250360293,24.0,13.152946437965905,8.602325267042627,9.219544457292887,11.180339887498949,17.11724276862369,22.80350850198276,19.026297590440446,11.045361017187261,16.492422502470642,17.11724276862369,14.866068747318506,9.219544457292887,10.198039027185569,7.0710678118654755,5.830951894845301,5.385164807134504,5.0990195135927845,6.082762530298219,10.44030650891055,6.708203932499369,6.708203932499369,9.433981132056603,11.40175425099138,9.899494936611665,4.47213595499958,0.0,0.0,0.0,0.0,0.0,0.0,0.0,0.0,0.0,0.0,0.0,10.816653826391969,7.211102550927978,9.486832980505138,10.295630140987,10.63014581273465,10.63014581273465,12.806248474865697,11.704699910719626,7.615773105863909,7.211102550927978,11.661903789690601,6.082762530298219,7.0710678118654755,9.219544457292887,9.219544457292887,10.0,11.180339887498949,14.142135623730951,18.24828759089466,18.027756377319946,16.0312195418814,23.021728866442675,20.09975124224178,13.0,14.317821063276353,10.0
64.0,4.0,5.385164807134504,9.899494936611665,15.811388300841896,8.246211251235321,18.601075237738275,15.556349186104045,20.615528128088304,19.6468827043885,20.808652046684813,14.317821063276353,11.40175425099138,14.866068747318506,7.0,6.708203932499369,5.385164807134504,6.324555320336759,6.082762530298219,5.385164807134504,13.038404810405298,10.816653826391969,12.165525060596439,12.649110640673518,9.055385138137417,8.06225774829855,11.180339887498949,0.0,0.0,0.0,0.0,0.0,0.0,0.0,0.0,0.0,0.0,0.0,7.615773105863909,5.385164807134504,9.486832980505138,11.180339887498949,6.082762530298219,8.602325267042627,6.708203932499369,12.206555615733702,6.708203932499369,8.602325267042627,5.0,5.0,8.0,8.602325267042627,7.0710678118654755,14.7648230602334,17.804493814764857,17.46424919657298,19.235384061671343,21.470910553583888,21.540659228538015,17.08800749063506,15.524174696260024,17.46424919657298,16.278820596099706,15.811388300841896
147.27525250360293,24.0,10.198039027185569,6.0,13.601470508735444,16.64331697709324,21.213203435596427,15.620499351813308,21.18962010041709,18.681541692269406,20.223748416156685,15.0,12.165525060596439,11.704699910719626,7.810249675906654,13.341664064126334,7.0,5.385164807134504,6.4031242374328485,5.830951894845301,12.041594578792296,9.055385138137417,11.704699910719626,11.180339887498949,13.416407864998739,11.40175425099138,8.06225774829855,0.0,0.0,0.0,0.0,0.0,0.0,0.0,0.0,0.0,0.0,0.0,9.219544457292887,7.615773105863909,12.041594578792296,8.06225774829855,11.40175425099138,10.04987562112089,13.416407864998739,10.198039027185569,8.48528137423857,8.06225774829855,7.211102550927978,10.04987562112089,7.280109889280518,5.0990195135927845,7.0710678118654755,13.416407864998739,12.165525060596439,14.142135623730951,18.35755975068582,21.95449840010015,19.72308292331602,15.620499351813308,18.384776310850235,18.027756377319946,19.1049731745428,18.384776310850235
147.27525250360293,24.0,4.242640687119285,12.649110640673518,10.770329614269007,15.652475842498529,19.924858845171276,20.615528128088304,16.15549442140351,16.278820596099706,15.811388300841896,11.045361017187261,11.0,12.36931687685298,9.219544457292887,6.0,9.848857801796104,3.605551275463989,4.0,6.708203932499369,6.0,11.704699910719626,8.246211251235321,10.63014581273465,10.816653826391969,11.180339887498949,10.0,0.0,0.0,0.0,0.0,0.0,0.0,0.0,0.0,0.0,0.0,0.0,8.06225774829855,9.0,7.280109889280518,5.830951894845301,1.0,7.615773105863909,5.0990195135927845,10.0,8.94427190999916,8.54400374531753,9.848857801796104,4.123105625617661,5.385164807134504,9.219544457292887,9.055385138137417,12.206555615733702,12.041594578792296,10.198039027185569,13.0,14.866068747318506,18.35755975068582,11.704699910719626,13.892443989449804,16.1245154965971,16.401219466856727,13.038404810405298
147.27525250360293,24.0,7.810249675906654,9.899494936611665,7.280109889280518,13.92838827718412,15.264337522473747,19.72308292331602,15.132745950421556,19.026297590440446,13.0,20.591260281974,17.88854381999832,12.529964086141668,14.212670403551895,11.40175425099138,9.433981132056603,9.055385138137417,3.1622776601683795,5.0,9.219544457292887,5.830951894845301,10.295630140987,8.54400374531753,11.40175425099138,8.54400374531753,14.035668847618199,0.0,0.0,0.0,0.0,0.0,0.0,0.0,0.0,0.0,0.0,0.0,13.45362404707371,14.212670403551895,8.48528137423857,8.06225774829855,14.422205101855956,13.038404810405298,12.083045973594572,6.708203932499369,13.45362404707371,9.219544457292887,12.529964086141668,7.211102550927978,11.180339887498949,10.0,10.816653826391969,8.54400374531753,16.278820596099706,14.035668847618199,20.0,19.026297590440446,16.1245154965971,24.596747752497688,20.396078054371138,18.439088914585774,22.20360331117452,15.524174696260024
147.27525250360293,24.0,19.79898987322333,13.601470508735444,15.0,19.4164878389476,17.029386365926403,12.529964086141668,18.973665961010276,14.422205101855956,17.88854381999832,11.313708498984761,11.313708498984761,11.313708498984761,9.486832980505138,9.433981132056603,6.708203932499369,5.0,8.54400374531753,5.0,7.0710678118654755,4.123105625617661,11.704699910719626,9.486832980505138,9.219544457292887,9.848857801796104,7.810249675906654,0.0,0.0,0.0,0.0,0.0,0.0,0.0,0.0,0.0,0.0,0.0,11.704699910719626,10.0,8.54400374531753,11.704699910719626,12.165525060596439,9.848857801796104,6.708203932499369,11.0,11.704699910719626,8.06225774829855,9.486832980505138,7.280109889280518,12.165525060596439,10.04987562112089,9.219544457292887,11.661903789690601,15.297058540778355,17.4928556845359,18.027756377319946,19.6468827043885,17.46424919657298,19.4164878389476,18.027756377319946,15.811388300841896,17.029386365926403,16.15549442140351
147.27525250360293,24.0,12.806248474865697,12.36931687685298,12.649110640673518,17.029386365926403,17.46424919657298,19.0,19.026297590440446,14.035668847618199,15.524174696260024,21.587033144922902,16.401219466856727,12.529964086141668,12.165525060596439,8.54400374531753,12.165525060596439,3.1622776601683795,6.324555320336759,11.40175425099138,7.615773105863909,8.602325267042627,10.295630140987,12.36931687685298,15.0,11.180339887498949,11.045361017187261,0.0,0.0,0.0,0.0,0.0,0.0,0.0,0.0,0.0,0.0,0.0,13.152946437965905,9.433981132056603,8.54400374531753,10.63014581273465,8.54400374531753,6.324555320336759,8.06225774829855,7.280109889280518,13.0,7.615773105863909,7.280109889280518,11.180339887498949,7.0,10.04987562112089,13.152946437965905,14.035668847618199,16.492422502470642,20.09975124224178,21.02379604162864,23.08679276123039,22.360679774997898,27.16615541441225,21.37755832643195,20.09975124224178,16.76305461424021,24.73863375370596
147.27525250360293,24.0,15.132745950421556,19.235384061671343,13.416407864998739,18.35755975068582,21.02379604162864,16.1245154965971,14.317821063276353,15.297058540778355,18.867962264113206,16.278820596099706,7.615773105863909,13.341664064126334,11.704699910719626,11.045361017187261,4.242640687119285,8.94427190999916,9.433981132056603,5.830951894845301,7.280109889280518,11.0,13.038404810405298,12.727922061357855,8.06225774829855,10.816653826391969,7.810249675906654,0.0,0.0,0.0,0.0,0.0,0.0,0.0,0.0,0.0,0.0,0.0,9.433981132056603,12.806248474865697,12.041594578792296,10.816653826391969,12.083045973594572,14.866068747318506,7.615773105863909,9.219544457292887,11.180339887498949,6.708203932499369,11.180339887498949,8.602325267042627,9.219544457292887,8.602325267042627,14.142135623730951,10.295630140987,17.0,15.524174696260024,18.867962264113206,21.400934559032695,15.652475842498529,19.72308292331602,19.209372712298546,18.027756377319946,15.0,13.416407864998739
64.0,4.0,19.026297590440446,21.213203435596427,23.08679276123039,22.02271554554524,20.024984394500787,23.0,24.08318915758459,17.0,14.142135623730951,9.848857801796104,10.44030650891055,9.433981132056603,7.0710678118654755,5.0,4.47213595499958,10.198039027185569,8.94427190999916,15.033296378372908,13.601470508735444,12.649110640673518,11.180339887498949,15.264337522473747,10.816653826391969,14.422205101855956,11.40175425099138,0.0,0.0,0.0,0.0,0.0,0.0,0.0,0.0,0.0,0.0,0.0,13.45362404707371,8.94427190999916,11.40175425099138,11.045361017187261,7.0710678118654755,10.63014581273465,8.06225774829855,5.656854249492381,5.830951894845301,2.23606797749979,7.0710678118654755,9.433981132056603,13.152946437965905,12.165525060596439,17.11724276862369,21.02379604162864,18.027756377319946,24.020824298928627,17.11724276862369,23.021728866442675,17.88854381999832,13.0,10.04987562112089,11.661903789690601,8.48528137423857,11.40175425099138
147.27525250360293,24.0,14.7648230602334,12.806248474865697,20.12461179749811,21.095023109728988,20.591260281974,21.02379604162864,20.248456731316587,10.0,12.806248474865697,13.416407864998739,11.313708498984761,8.48528137423857,5.0,3.605551275463989,5.0,4.0,10.04987562112089,10.770329614269007,13.152946437965905,14.866068747318506,12.806248474865697,12.083045973594572,10.63014581273465,10.63014581273465,9.433981132056603,0.0,0.0,0.0,0.0,0.0,0.0,0.0,0.0,0.0,0.0,0.0,11.313708498984761,12.529964086141668,8.48528137423857,8.48528137423857,6.324555320336759,8.602325267042627,1.4142135623730951,4.47213595499958,9.219544457292887,5.830951894845301,7.0710678118654755,13.416407864998739,10.295630140987,14.7648230602334,16.401219466856727,19.4164878389476,18.027756377319946,20.615528128088304,13.038404810405298,18.35755975068582,14.560219778561036,11.40175425099138,11.661903789690601,4.47213595499958,8.0,10.770329614269007
147.27525250360293,24.0,11.0,10.770329614269007,8.602325267042627,20.615528128088304,18.439088914585774,17.204650534085253,20.12461179749811,14.317821063276353,13.92838827718412,15.811388300841896,15.033296378372908,10.44030650891055,10.04987562112089,7.280109889280518,7.615773105863909,1.0,3.1622776601683795,5.830951894845301,4.123105625617661,6.082762530298219,8.246211251235321,11.0,8.246211251235321,7.615773105863909,10.295630140987,0.0,0.0,0.0,0.0,0.0,0.0,0.0,0.0,0.0,0.0,0.0,12.165525060596439,11.180339887498949,13.92838827718412,7.280109889280518,10.44030650891055,13.038404810405298,13.892443989449804,8.54400374531753,7.810249675906654,5.385164807134504,8.0,7.280109889280518,7.280109889280518,7.810249675906654,13.892443989449804,9.433981132056603,16.1245154965971,20.808652046684813,18.35755975068582,17.804493814764857,23.323807579381203,17.029386365926403,22.02271554554524,16.492422502470642,17.029386365926403,9.219544457292887
147.27525250360293,24.0,4.242640687119285,9.433981132056603,13.45362404707371,8.06225774829855,10.0,18.384776310850235,17.0,16.97056274847714,16.97056274847714,12.806248474865697,13.601470508735444,12.529964086141668,10.295630140987,8.602325267042627,2.23606797749979,5.0,5.0990195135927845,5.830951894845301,6.708203932499369,3.1622776601683795,10.44030650891055,5.385164807134504,13.038404810405298,7.280109889280518,6.324555320336759,0.0,0.0,0.0,0.0,0.0,0.0,0.0,0.0,0.0,0.0,0.0,5.830951894845301,9.848857801796104,6.4031242374328485,10.44030650891055,6.082762530298219,10.04987562112089,10.44030650891055,6.324555320336759,11.045361017187261,8.602325267042627,8.06225774829855,8.06225774829855,8.48528137423857,5.656854249492381,7.0710678118654755,14.317821063276353,14.317821063276353,14.560219778561036,16.0312195418814,19.313207915827967,20.615528128088304,21.18962010041709,17.204650534085253,20.615528128088304,19.4164878389476,16.15549442140351
64.0,4.0,1.4142135623730951,2.0,14.035668847618199,18.0,11.045361017187261,19.026297590440446,17.26267650163207,16.0,20.248456731316587,17.0,16.76305461424021,9.486832980505138,8.246211251235321,5.385164807134504,6.4031242374328485,6.4031242374328485,2.23606797749979,5.656854249492381,11.704699910719626,9.486832980505138,12.165525060596439,13.92838827718412,12.165525060596439,11.180339887498949,12.165525060596439,0.0,0.0,0.0,0.0,0.0,0.0,0.0,0.0,0.0,0.0,0.0,6.708203932499369,17.72004514666935,7.0710678118654755,12.806248474865697,9.219544457292887,11.180339887498949,10.198039027185569,9.219544457292887,9.486832980505138,11.40175425099138,7.810249675906654,4.123105625617661,8.54400374531753,7.211102550927978,6.4031242374328485,10.295630140987,15.620499351813308,9.433981132056603,17.69180601295413,20.518284528683193,20.0,19.849433241279208,19.4164878389476,22.02271554554524,18.601075237738275,11.661903789690601
147.27525250360293,24.0,13.416407864998739,11.704699910719626,20.518284528683193,20.518284528683193,18.439088914585774,16.401219466856727,15.620499351813308,15.0,15.620499351813308,13.45362404707371,9.433981132056603,5.385164807134504,3.605551275463989,6.4031242374328485,3.0,7.211102550927978,10.63014581273465,9.486832980505138,13.45362404707371,8.48528137423857,11.313708498984761,17.46424919657298,9.486832980505138,8.06225774829855,9.219544457292887,0.0,0.0,0.0,0.0,0.0,0.0,0.0,0.0,0.0,0.0,0.0,12.36931687685298,8.94427190999916,9.486832980505138,9.899494936611665,12.083045973594572,9.219544457292887,6.4031242374328485,6.4031242374328485,10.770329614269007,3.0,8.602325267042627,9.219544457292887,10.63014581273465,4.242640687119285,12.529964086141668,13.038404810405298,17.804493814764857,16.401219466856727,17.4928556845359,18.601075237738275,18.35755975068582,19.849433241279208,15.620499351813308,13.601470508735444,8.94427190999916,9.055385138137417
154.25303886795876,25.0,7.0710678118654755,8.602325267042627,15.620499351813308,19.4164878389476,14.866068747318506,15.556349186104045,22.67156809750927,23.021728866442675,24.839484696748443,14.866068747318506,20.024984394500787,15.620499351813308,13.416407864998739,11.661903789690601,8.602325267042627,8.48528137423857,6.4031242374328485,6.082762530298219,5.0,10.0,14.0,13.601470508735444,12.36931687685298,9.848857801796104,15.132745950421556,0.0,0.0,0.0,0.0,0.0,0.0,0.0,0.0,0.0,0.0,0.0,10.198039027185569,7.615773105863909,11.045361017187261,8.06225774829855,11.180339887498949,9.486832980505138,11.180339887498949,10.816653826391969,10.0,9.848857801796104,5.0,7.280109889280518,5.0,6.0,11.180339887498949,8.48528137423857,8.602325267042627,14.866068747318506,21.400934559032695,20.518284528683193,24.041630560342615,20.0,24.698178070456937,20.248456731316587,17.204650534085253,18.867962264113206
147.27525250360293,24.0,8.06225774829855,15.132745950421556,15.0,17.72004514666935,17.4928556845359,15.652475842498529,21.02379604162864,18.973665961010276,21.840329667841555,17.46424919657298,17.11724276862369,12.165525060596439,10.295630140987,6.4031242374328485,8.48528137423857,7.211102550927978,5.0990195135927845,8.06225774829855,5.0,6.708203932499369,9.486832980505138,9.486832980505138,8.06225774829855,11.704699910719626,9.848857801796104,0.0,0.0,0.0,0.0,0.0,0.0,0.0,0.0,0.0,0.0,0.0,10.0,9.486832980505138,11.704699910719626,11.045361017187261,8.54400374531753,13.92838827718412,10.63014581273465,9.219544457292887,7.0710678118654755,7.0710678118654755,6.708203932499369,12.083045973594572,6.4031242374328485,12.727922061357855,10.816653826391969,10.770329614269007,19.1049731745428,20.808652046684813,17.204650534085253,22.847319317591726,22.360679774997898,21.540659228538015,23.853720883753127,19.4164878389476,22.627416997969522,14.317821063276353
147.27525250360293,24.0,12.041594578792296,22.47220505424423,19.313207915827967,17.46424919657298,21.470910553583888,21.93171219946131,20.12461179749811,21.470910553583888,13.601470508735444,12.041594578792296,8.246211251235321,14.317821063276353,6.324555320336759,5.0990195135927845,5.0990195135927845,6.708203932499369,11.40175425099138,11.045361017187261,8.0,10.0,8.06225774829855,12.041594578792296,8.246211251235321,9.219544457292887,11.661903789690601,0.0,0.0,0.0,0.0,0.0,0.0,0.0,0.0,0.0,0.0,0.0,12.36931687685298,12.083045973594572,12.165525060596439,10.63014581273465,8.602325267042627,10.0,8.94427190999916,9.899494936611665,6.082762530298219,6.708203932499369,6.708203932499369,5.385164807134504,15.231546211727817,9.848857801796104,14.422205101855956,21.095023109728988,21.540659228538015,17.804493814764857,18.867962264113206,25.553864678361276,22.135943621178654,24.166091947189145,18.788294228055936,15.0,14.317821063276353,9.899494936611665
147.27525250360293,24.0,17.11724276862369,17.46424919657298,18.35755975068582,17.029386365926403,17.804493814764857,17.029386365926403,19.79898987322333,23.021728866442675,16.278820596099706,17.029386365926403,14.866068747318506,14.422205101855956,15.264337522473747,13.892443989449804,11.180339887498949,9.848857801796104,10.63014581273465,9.899494936611665,10.44030650891055,7.211102550927978,11.661903789690601,11.180339887498949,9.899494936611665,10.295630140987,11.180339887498949,0.0,0.0,0.0,0.0,0.0,0.0,0.0,0.0,0.0,0.0,0.0,10.0,11.180339887498949,12.0,8.94427190999916,14.560219778561036,12.083045973594572,13.892443989449804,9.433981132056603,13.416407864998739,12.083045973594572,14.866068747318506,10.44030650891055,16.15549442140351,10.770329614269007,11.661903789690601,12.041594578792296,15.0,16.1245154965971,22.20360331117452,20.0,23.021728866442675,25.019992006393608,23.08679276123039,28.071337695236398,23.021728866442675,23.53720459187964
147.27525250360293,24.0,5.385164807134504,2.23606797749979,6.082762530298219,10.44030650891055,14.7648230602334,13.341664064126334,13.92838827718412,14.317821063276353,14.7648230602334,15.524174696260024,15.297058540778355,16.1245154965971,11.045361017187261,8.06225774829855,4.47213595499958,2.0,3.605551275463989,3.1622776601683795,5.0990195135927845,8.94427190999916,8.0,9.219544457292887,11.180339887498949,12.806248474865697,11.40175425099138,0.0,0.0,0.0,0.0,0.0,0.0,0.0,0.0,0.0,0.0,0.0,13.038404810405298,10.44030650891055,10.0,11.313708498984761,11.045361017187261,11.180339887498949,12.529964086141668,14.317821063276353,13.341664064126334,10.295630140987,14.560219778561036,7.0710678118654755,10.0,9.486832980505138,5.0,8.602325267042627,11.661903789690601,14.7648230602334,21.470910553583888,17.204650534085253,20.248456731316587,25.553864678361276,21.400934559032695,24.839484696748443,15.652475842498529,18.384776310850235
147.27525250360293,24.0,9.486832980505138,14.560219778561036,16.55294535724685,17.08800749063506,21.02379604162864,19.72308292331602,15.811388300841896,18.439088914585774,10.0,12.165525060596439,10.295630140987,8.94427190999916,4.123105625617661,5.0990195135927845,5.0990195135927845,2.0,5.0,7.211102550927978,10.04987562112089,11.661903789690601,10.816653826391969,8.06225774829855,10.04987562112089,8.54400374531753,9.0,0.0,0.0,0.0,0.0,0.0,0.0,0.0,0.0,0.0,0.0,0.0,13.038404810405298,12.041594578792296,8.94427190999916,10.63014581273465,11.661903789690601,7.615773105863909,7.0710678118654755,6.082762530298219,7.211102550927978,12.165525060596439,3.605551275463989,6.082762530298219,9.219544457292887,13.038404810405298,13.416407864998739,15.231546211727817,18.027756377319946,16.55294535724685,14.212670403551895,17.46424919657298,18.788294228055936,16.492422502470642,15.811388300841896,10.44030650891055,3.605551275463989,9.433981132056603
147.27525250360293,24.0,14.142135623730951,17.69180601295413,16.278820596099706,19.209372712298546,17.029386365926403,12.206555615733702,15.620499351813308,12.727922061357855,13.0,7.810249675906654,12.041594578792296,3.605551275463989,4.242640687119285,1.0,2.23606797749979,3.0,8.246211251235321,8.06225774829855,8.54400374531753,7.615773105863909,15.811388300841896,9.486832980505138,10.04987562112089,8.06225774829855,8.0,0.0,0.0,0.0,0.0,0.0,0.0,0.0,0.0,0.0,0.0,0.0,9.486832980505138,14.560219778561036,7.280109889280518,7.0710678118654755,8.94427190999916,7.0,12.165525060596439,5.0990195135927845,6.324555320336759,6.708203932499369,8.94427190999916,9.219544457292887,7.0710678118654755,13.601470508735444,17.4928556845359,15.620499351813308,19.209372712298546,13.601470508735444,14.866068747318506,15.231546211727817,18.439088914585774,12.041594578792296,19.209372712298546,13.45362404707371,7.810249675906654,5.385164807134504
64.0,4.0,10.198039027185569,16.492422502470642,17.46424919657298,18.027756377319946,19.924858845171276,21.18962010041709,19.313207915827967,14.7648230602334,19.0,15.811388300841896,14.035668847618199,3.1622776601683795,4.123105625617661,4.47213595499958,1.0,4.0,7.0710678118654755,13.152946437965905,10.04987562112089,13.341664064126334,8.48528137423857,13.601470508735444,14.422205101855956,9.848857801796104,9.433981132056603,0.0,0.0,0.0,0.0,0.0,0.0,0.0,0.0,0.0,0.0,0.0,10.04987562112089,11.180339887498949,8.94427190999916,11.180339887498949,8.06225774829855,8.246211251235321,4.47213595499958,5.385164807134504,4.47213595499958,2.23606797749979,2.0,8.06225774829855,4.47213595499958,7.211102550927978,13.601470508735444,14.317821063276353,18.384776310850235,18.601075237738275,18.384776310850235,18.601075237738275,16.97056274847714,19.209372712298546,16.97056274847714,11.661903789690601,11.661903789690601,7.0
147.27525250360293,24.0,10.63014581273465,10.63014581273465,13.92838827718412,12.041594578792296,13.45362404707371,16.1245154965971,15.811388300841896,15.556349186104045,17.46424919657298,10.63014581273465,13.038404810405298,11.313708498984761,8.602325267042627,12.041594578792296,1.4142135623730951,6.082762530298219,3.1622776601683795,9.433981132056603,8.06225774829855,7.280109889280518,12.041594578792296,8.06225774829855,9.219544457292887,13.152946437965905,12.36931687685298,0.0,0.0,0.0,0.0,0.0,0.0,0.0,0.0,0.0,0.0,0.0,13.601470508735444,12.041594578792296,12.206555615733702,6.4031242374328485,11.180339887498949,10.0,8.602325267042627,8.602325267042627,8.602325267042627,8.94427190999916,8.602325267042627,9.055385138137417,7.211102550927978,8.48528137423857,12.727922061357855,9.055385138137417,13.601470508735444,14.317821063276353,17.46424919657298,21.540659228538015,14.866068747318506,14.866068747318506,20.248456731316587,16.0312195418814,17.88854381999832,17.0
147.27525250360293,24.0,7.0,8.06225774829855,14.317821063276353,15.297058540778355,13.416407864998739,19.313207915827967,16.76305461424021,14.142135623730951,23.194827009486403,16.15549442140351,15.231546211727817,12.165525060596439,11.704699910719626,9.0,6.708203932499369,5.656854249492381,6.0,10.816653826391969,0.0,7.0710678118654755,15.132745950421556,9.848857801796104,13.152946437965905,10.770329614269007,11.704699910719626,0.0,0.0,0.0,0.0,0.0,0.0,0.0,0.0,0.0,0.0,0.0,6.324555320336759,6.708203932499369,10.44030650891055,4.0,12.206555615733702,11.045361017187261,5.830951894845301,8.54400374531753,10.04987562112089,11.40175425099138,10.63014581273465,8.06225774829855,6.708203932499369,6.4031242374328485,7.0710678118654755,8.0,14.317821063276353,11.40175425099138,15.0,18.384776310850235,16.64331697709324,19.4164878389476,20.12461179749811,15.524174696260024,15.811388300841896,11.704699910719626
147.27525250360293,24.0,6.0,5.385164807134504,4.123105625617661,8.602325267042627,15.524174696260024,15.652475842498529,14.317821063276353,14.7648230602334,15.524174696260024,14.317821063276353,17.46424919657298,13.0,10.63014581273465,11.180339887498949,2.8284271247461903,9.433981132056603,2.0,4.123105625617661,3.605551275463989,8.602325267042627,11.40175425099138,8.246211251235321,7.615773105863909,8.0,10.198039027185569,0.0,0.0,0.0,0.0,0.0,0.0,0.0,0.0,0.0,0.0,0.0,6.708203932499369,7.280109889280518,5.0,11.045361017187261,10.04987562112089,11.40175425099138,14.142135623730951,11.045361017187261,13.152946437965905,13.341664064126334,6.324555320336759,12.0,5.0,6.4031242374328485,5.0,7.615773105863909,8.602325267042627,13.92838827718412,19.4164878389476,17.4928556845359,23.08679276123039,20.591260281974,26.0,23.40939982143925,23.345235059857504,16.1245154965971
147.27525250360293,24.0,2.8284271247461903,10.04987562112089,6.324555320336759,13.0,11.40175425099138,11.180339887498949,17.88854381999832,22.47220505424423,21.0,17.26267650163207,17.029386365926403,12.165525060596439,10.04987562112089,5.830951894845301,5.0,7.211102550927978,2.8284271247461903,1.4142135623730951,9.433981132056603,7.0710678118654755,8.94427190999916,11.704699910719626,12.36931687685298,10.44030650891055,6.082762530298219,0.0,0.0,0.0,0.0,0.0,0.0,0.0,0.0,0.0,0.0,0.0,6.708203932499369,8.0,8.0,8.0,10.04987562112089,12.0,10.04987562112089,10.770329614269007,11.0,8.246211251235321,7.615773105863909,6.082762530298219,3.605551275463989,3.1622776601683795,4.47213595499958,6.0,15.264337522473747,16.278820596099706,19.79898987322333,22.80350850198276,23.706539182259394,25.495097567963924,21.2602916254693,25.059928172283335,17.46424919657298,15.811388300841896
147.27525250360293,24.0,22.80350850198276,20.591260281974,26.92582403567252,25.45584412271571,28.319604517012593,19.849433241279208,22.47220505424423,22.80350850198276,19.209372712298546,10.295630140987,9.219544457292887,7.810249675906654,3.0,1.4142135623730951,9.848857801796104,7.810249675906654,12.649110640673518,16.55294535724685,14.866068747318506,15.524174696260024,14.7648230602334,13.0,15.524174696260024,14.0,12.0,0.0,0.0,0.0,0.0,0.0,0.0,0.0,0.0,0.0,0.0,0.0,8.246211251235321,6.708203932499369,12.529964086141668,10.63014581273465,10.04987562112089,10.44030650891055,6.708203932499369,7.810249675906654,5.385164807134504,4.123105625617661,5.0,10.0,11.661903789690601,11.40175425099138,17.204650534085253,24.20743687382041,21.95449840010015,24.698178070456937,25.553864678361276,24.698178070456937,19.313207915827967,23.021728866442675,13.45362404707371,15.0,4.0,3.1622776601683795
147.27525250360293,24.0,6.324555320336759,8.06225774829855,13.038404810405298,15.033296378372908,24.73863375370596,15.524174696260024,20.024984394500787,22.0,14.317821063276353,15.033296378372908,17.11724276862369,15.132745950421556,9.486832980505138,5.0990195135927845,4.47213595499958,5.656854249492381,5.0,6.324555320336759,1.4142135623730951,10.44030650891055,14.560219778561036,10.770329614269007,9.219544457292887,10.63014581273465,8.602325267042627,0.0,0.0,0.0,0.0,0.0,0.0,0.0,0.0,0.0,0.0,0.0,3.605551275463989,5.0,9.899494936611665,9.433981132056603,11.313708498984761,8.246211251235321,10.816653826391969,8.06225774829855,8.602325267042627,10.63014581273465,4.242640687119285,3.0,4.47213595499958,3.605551275463989,3.0,8.06225774829855,12.36931687685298,13.92838827718412,13.601470508735444,20.615528128088304,21.02379604162864,19.72308292331602,15.524174696260024,18.681541692269406,13.038404810405298,14.142135623730951
64.0,4.0,8.94427190999916,15.033296378372908,20.8806130178211,15.0,23.0,20.0,22.0,19.313207915827967,22.360679774997898,14.142135623730951,15.033296378372908,7.615773105863909,4.242640687119285,6.082762530298219,4.47213595499958,4.242640687119285,5.0,14.866068747318506,8.246211251235321,13.0,12.165525060596439,9.055385138137417,13.92838827718412,9.848857801796104,9.899494936611665,0.0,0.0,0.0,0.0,0.0,0.0,0.0,0.0,0.0,0.0,0.0,7.810249675906654,9.433981132056603,12.206555615733702,10.816653826391969,8.94427190999916,11.40175425099138,9.899494936611665,6.708203932499369,2.0,4.123105625617661,2.8284271247461903,4.242640687119285,4.47213595499958,4.123105625617661,12.041594578792296,16.76305461424021,18.384776310850235,16.278820596099706,16.278820596099706,21.587033144922902,20.615528128088304,14.422205101855956,18.110770276274835,13.038404810405298,11.045361017187261,2.23606797749979
147.27525250360293,24.0,6.708203932499369,8.06225774829855,7.280109889280518,12.083045973594572,15.811388300841896,15.264337522473747,19.313207915827967,15.297058540778355,14.866068747318506,16.1245154965971,12.36931687685298,12.36931687685298,7.280109889280518,9.219544457292887,7.280109889280518,3.1622776601683795,4.47213595499958,3.1622776601683795,5.0,6.708203932499369,3.0,10.0,9.219544457292887,9.219544457292887,9.0,0.0,0.0,0.0,0.0,0.0,0.0,0.0,0.0,0.0,0.0,0.0,7.615773105863909,9.219544457292887,5.0990195135927845,13.0,9.433981132056603,11.045361017187261,12.165525060596439,13.038404810405298,11.40175425099138,9.055385138137417,8.94427190999916,9.219544457292887,3.605551275463989,8.54400374531753,9.899494936611665,9.055385138137417,12.36931687685298,15.132745950421556,17.46424919657298,18.0,20.223748416156685,23.0,20.396078054371138,20.024984394500787,24.020824298928627,20.0
147.27525250360293,24.0,2.23606797749979,10.63014581273465,13.92838827718412,16.1245154965971,13.45362404707371,19.209372712298546,14.7648230602334,16.55294535724685,13.892443989449804,15.811388300841896,12.041594578792296,8.94427190999916,7.280109889280518,3.0,3.1622776601683795,2.23606797749979,4.47213595499958,9.486832980505138,5.0,8.06225774829855,8.48528137423857,10.63014581273465,13.601470508735444,10.816653826391969,13.152946437965905,0.0,0.0,0.0,0.0,0.0,0.0,0.0,0.0,0.0,0.0,0.0,6.4031242374328485,7.0710678118654755,8.602325267042627,8.94427190999916,6.708203932499369,12.727922061357855,9.848857801796104,10.63014581273465,6.708203932499369,9.0,4.123105625617661,5.0,4.242640687119285,2.23606797749979,5.656854249492381,5.830951894845301,12.165525060596439,17.11724276862369,14.560219778561036,14.866068747318506,17.11724276862369,15.811388300841896,15.132745950421556,12.041594578792296,10.295630140987,9.055385138137417
147.27525250360293,24.0,7.280109889280518,7.810249675906654,12.727922061357855,17.029386365926403,12.041594578792296,19.849433241279208,16.401219466856727,19.1049731745428,18.027756377319946,14.422205101855956,6.324555320336759,6.4031242374328485,7.211102550927978,3.605551275463989,3.0,1.4142135623730951,5.0,9.055385138137417,7.0,8.0,8.94427190999916,10.63014581273465,14.142135623730951,10.816653826391969,6.708203932499369,0.0,0.0,0.0,0.0,0.0,0.0,0.0,0.0,0.0,0.0,0.0,10.295630140987,8.54400374531753,6.082762530298219,5.385164807134504,10.295630140987,11.704699910719626,9.848857801796104,8.48528137423857,8.54400374531753,8.06225774829855,7.280109889280518,4.47213595499958,5.0,6.324555320336759,7.211102550927978,9.055385138137417,10.04987562112089,12.649110640673518,14.142135623730951,18.24828759089466,20.615528128088304,16.0,15.524174696260024,14.560219778561036,15.132745950421556,10.04987562112089
154.25303886795876,25.0,7.810249675906654,1.0,8.94427190999916,14.035668847618199,10.198039027185569,12.165525060596439,16.0312195418814,17.26267650163207,15.524174696260024,14.0,13.341664064126334,14.560219778561036,11.661903789690601,6.324555320336759,3.1622776601683795,5.830951894845301,4.47213595499958,2.23606797749979,5.0,7.211102550927978,7.280109889280518,8.48528137423857,10.770329614269007,10.770329614269007,9.848857801796104,0.0,0.0,0.0,0.0,0.0,0.0,0.0,0.0,0.0,0.0,0.0,7.280109889280518,10.0,6.4031242374328485,7.0710678118654755,8.602325267042627,10.63014581273465,11.40175425099138,15.620499351813308,13.601470508735444,13.416407864998739,10.0,6.4031242374328485,16.97056274847714,5.0,11.045361017187261,11.180339887498949,16.1245154965971,14.142135623730951,13.152946437965905,17.26267650163207,16.0,21.37755832643195,23.0,19.235384061671343,21.095023109728988,16.0312195418814
147.27525250360293,24.0,8.06225774829855,3.605551275463989,13.0,10.63014581273465,12.041594578792296,11.40175425099138,19.209372712298546,14.212670403551895,15.620499351813308,21.633307652783937,12.041594578792296,13.45362404707371,11.40175425099138,13.45362404707371,7.0710678118654755,2.0,5.385164807134504,4.0,8.94427190999916,11.180339887498949,11.661903789690601,11.180339887498949,10.816653826391969,12.165525060596439,10.44030650891055,0.0,0.0,0.0,0.0,0.0,0.0,0.0,0.0,0.0,0.0,0.0,6.082762530298219,6.0,7.615773105863909,11.40175425099138,12.36931687685298,12.165525060596439,12.041594578792296,11.180339887498949,7.280109889280518,9.219544457292887,3.0,6.082762530298219,6.708203932499369,9.219544457292887,7.810249675906654,7.810249675906654,13.416407864998739,14.866068747318506,19.72308292331602,14.7648230602334,20.615528128088304,13.892443989449804,18.027756377319946,20.518284528683193,16.97056274847714,13.45362404707371
147.27525250360293,24.0,2.8284271247461903,6.324555320336759,15.556349186104045,14.0,13.416407864998739,15.231546211727817,13.0,17.26267650163207,17.46424919657298,12.529964086141668,9.848857801796104,11.661903789690601,11.045361017187261,7.280109889280518,8.246211251235321,1.0,6.708203932499369,5.830951894845301,4.123105625617661,9.055385138137417,10.770329614269007,10.04987562112089,14.0,13.601470508735444,10.198039027185569,0.0,0.0,0.0,0.0,0.0,0.0,0.0,0.0,0.0,0.0,0.0,6.4031242374328485,5.0,5.0990195135927845,7.211102550927978,9.433981132056603,9.486832980505138,9.486832980505138,11.40175425099138,11.313708498984761,4.0,10.295630140987,6.708203932499369,6.0,7.0,13.038404810405298,8.06225774829855,6.708203932499369,12.041594578792296,18.973665961010276,15.033296378372908,18.788294228055936,20.024984394500787,11.180339887498949,17.72004514666935,18.681541692269406,14.7648230602334
147.27525250360293,24.0,7.0,4.47213595499958,5.656854249492381,9.219544457292887,12.206555615733702,14.035668847618199,14.317821063276353,14.560219778561036,13.892443989449804,14.422205101855956,13.45362404707371,14.142135623730951,14.212670403551895,5.0,4.47213595499958,5.0,4.47213595499958,3.0,4.0,6.4031242374328485,9.899494936611665,7.810249675906654,10.63014581273465,10.63014581273465,10.0,0.0,0.0,0.0,0.0,0.0,0.0,0.0,0.0,0.0,0.0,0.0,7.0710678118654755,8.54400374531753,7.0,6.708203932499369,9.055385138137417,9.055385138137417,9.055385138137417,11.045361017187261,8.0,11.180339887498949,12.165525060596439,8.246211251235321,11.40175425099138,8.06225774829855,11.180339887498949,8.06225774829855,11.40175425099138,15.264337522473747,14.422205101855956,14.422205101855956,11.704699910719626,20.12461179749811,25.0,21.633307652783937,17.4928556845359,17.69180601295413
64.0,4.0,9.848857801796104,16.55294535724685,16.278820596099706,19.235384061671343,19.1049731745428,17.029386365926403,15.524174696260024,10.0,16.0312195418814,9.433981132056603,10.770329614269007,4.47213595499958,1.0,4.0,4.242640687119285,9.486832980505138,7.280109889280518,9.486832980505138,8.06225774829855,12.206555615733702,7.810249675906654,5.0,9.433981132056603,9.219544457292887,11.40175425099138,0.0,0.0,0.0,0.0,0.0,0.0,0.0,0.0,0.0,0.0,0.0,5.0,6.324555320336759,9.055385138137417,6.4031242374328485,6.082762530298219,2.8284271247461903,11.661903789690601,5.0990195135927845,4.242640687119285,0.0,2.8284271247461903,7.280109889280518,7.0,7.615773105863909,8.06225774829855,17.4928556845359,13.0,19.6468827043885,13.152946437965905,12.649110640673518,19.235384061671343,11.40175425099138,12.36931687685298,2.0,8.06225774829855,4.242640687119285
147.27525250360293,24.0,10.770329614269007,13.341664064126334,15.524174696260024,18.110770276274835,19.6468827043885,18.110770276274835,14.142135623730951,16.492422502470642,11.180339887498949,16.1245154965971,11.40175425099138,11.180339887498949,3.0,6.4031242374328485,1.4142135623730951,4.0,5.830951894845301,6.4031242374328485,7.280109889280518,12.529964086141668,6.324555320336759,13.038404810405298,12.165525060596439,10.198039027185569,9.433981132056603,0.0,0.0,0.0,0.0,0.0,0.0,0.0,0.0,0.0,0.0,0.0,8.246211251235321,7.280109889280518,5.830951894845301,12.529964086141668,10.198039027185569,6.082762530298219,14.866068747318506,6.324555320336759,7.0,8.06225774829855,6.4031242374328485,6.708203932499369,5.656854249492381,8.246211251235321,8.06225774829855,10.04987562112089,10.44030650891055,14.317821063276353,13.92838827718412,14.0,17.72004514666935,14.035668847618199,8.48528137423857,17.26267650163207,9.848857801796104,8.0
147.27525250360293,24.0,7.0710678118654755,9.848857801796104,10.295630140987,12.529964086141668,11.313708498984761,13.892443989449804,16.278820596099706,14.212670403551895,15.0,17.0,12.727922061357855,8.54400374531753,12.806248474865697,1.4142135623730951,1.0,8.06225774829855,10.04987562112089,6.324555320336759,7.810249675906654,7.280109889280518,11.180339887498949,5.0990195135927845,9.219544457292887,9.055385138137417,7.0710678118654755,0.0,0.0,0.0,0.0,0.0,0.0,0.0,0.0,0.0,0.0,0.0,8.54400374531753,9.219544457292887,6.082762530298219,9.0,9.219544457292887,8.06225774829855,9.219544457292887,15.297058540778355,8.06225774829855,11.40175425099138,12.041594578792296,9.486832980505138,4.242640687119285,5.0,4.47213595499958,8.48528137423857,11.313708498984761,15.811388300841896,15.620499351813308,15.264337522473747,13.45362404707371,21.587033144922902,15.0,15.620499351813308,19.72308292331602,8.602325267042627
147.27525250360293,24.0,16.0,8.48528137423857,12.727922061357855,12.041594578792296,16.64331697709324,14.422205101855956,14.317821063276353,16.401219466856727,14.422205101855956,15.0,11.180339887498949,15.652475842498529,7.615773105863909,8.602325267042627,5.0990195135927845,3.605551275463989,4.242640687119285,3.605551275463989,9.0,10.04987562112089,11.180339887498949,11.180339887498949,8.06225774829855,8.06225774829855,12.206555615733702,0.0,0.0,0.0,0.0,0.0,0.0,0.0,0.0,0.0,0.0,0.0,9.055385138137417,9.486832980505138,9.486832980505138,7.211102550927978,12.165525060596439,7.0710678118654755,12.206555615733702,9.433981132056603,8.602325267042627,7.211102550927978,10.0,9.433981132056603,7.615773105863909,10.770329614269007,6.324555320336759,11.40175425099138,12.0,11.180339887498949,14.317821063276353,14.560219778561036,16.0312195418814,19.026297590440446,20.0,17.46424919657298,18.788294228055936,16.1245154965971
147.27525250360293,24.0,11.661903789690601,10.63014581273465,14.317821063276353,13.601470508735444,17.88854381999832,16.1245154965971,17.4928556845359,16.401219466856727,14.866068747318506,13.892443989449804,14.422205101855956,14.866068747318506,10.04987562112089,9.433981132056603,5.830951894845301,5.830951894845301,5.0990195135927845,10.0,7.211102550927978,9.219544457292887,12.529964086141668,12.529964086141668,9.848857801796104,9.219544457292887,13.038404810405298,0.0,0.0,0.0,0.0,0.0,0.0,0.0,0.0,0.0,0.0,0.0,7.0710678118654755,7.0,9.219544457292887,12.083045973594572,7.0710678118654755,5.385164807134504,11.40175425099138,13.341664064126334,9.219544457292887,9.219544457292887,14.866068747318506,5.0,3.605551275463989,8.602325267042627,6.708203932499369,9.219544457292887,12.806248474865697,20.615528128088304,15.231546211727817,12.806248474865697,21.400934559032695,15.556349186104045,14.866068747318506,13.45362404707371,7.810249675906654,10.63014581273465
147.27525250360293,24.0,10.0,9.433981132056603,14.212670403551895,12.041594578792296,14.422205101855956,13.416407864998739,22.360679774997898,9.486832980505138,13.45362404707371,14.212670403551895,8.246211251235321,8.246211251235321,7.615773105863909,2.0,2.23606797749979,3.0,6.708203932499369,7.0710678118654755,6.082762530298219,9.055385138137417,10.04987562112089,14.0,9.848857801796104,9.486832980505138,11.180339887498949,0.0,0.0,0.0,0.0,0.0,0.0,0.0,0.0,0.0,0.0,0.0,8.94427190999916,7.615773105863909,8.54400374531753,9.055385138137417,6.082762530298219,9.055385138137417,10.816653826391969,8.246211251235321,3.1622776601683795,8.602325267042627,7.615773105863909,7.0710678118654755,5.656854249492381,7.810249675906654,10.0,11.313708498984761,9.848857801796104,14.7648230602334,17.029386365926403,23.323807579381203,16.15549442140351,15.264337522473747,14.7648230602334,9.433981132056603,7.810249675906654,10.816653826391969
147.27525250360293,24.0,14.142135623730951,10.770329614269007,9.055385138137417,7.0710678118654755,6.708203932499369,12.206555615733702,16.1245154965971,15.264337522473747,15.524174696260024,16.492422502470642,15.811388300841896,16.1245154965971,7.615773105863909,12.0,7.615773105863909,5.385164807134504,4.123105625617661,4.0,4.47213595499958,12.041594578792296,9.433981132056603,9.848857801796104,10.63014581273465,7.0710678118654755,12.806248474865697,0.0,0.0,0.0,0.0,0.0,0.0,0.0,0.0,0.0,0.0,0.0,9.433981132056603,4.123105625617661,10.0,9.899494936611665,12.529964086141668,13.416407864998739,11.180339887498949,12.806248474865697,7.615773105863909,11.045361017187261,14.422205101855956,7.211102550927978,12.083045973594572,9.219544457292887,5.0,7.615773105863909,12.083045973594572,11.661903789690601,13.038404810405298,18.027756377319946,20.248456731316587,21.95449840010015,23.323807579381203,16.97056274847714,21.213203435596427,17.804493814764857
147.27525250360293,24.0,13.892443989449804,13.601470508735444,15.0,13.038404810405298,9.486832980505138,10.770329614269007,15.297058540778355,14.035668847618199,17.46424919657298,14.317821063276353,13.416407864998739,16.278820596099706,10.04987562112089,8.54400374531753,8.06225774829855,10.0,2.8284271247461903,5.0,4.242640687119285,7.615773105863909,9.055385138137417,8.48528137423857,10.198039027185569,7.0710678118654755,10.0,0.0,0.0,0.0,0.0,0.0,0.0,0.0,0.0,0.0,0.0,0.0,7.211102550927978,11.045361017187261,8.246211251235321,7.280109889280518,8.246211251235321,11.180339887498949,11.704699910719626,17.88854381999832,15.033296378372908,14.317821063276353,16.0,12.36931687685298,15.033296378372908,13.038404810405298,11.045361017187261,17.029386365926403,12.529964086141668,15.231546211727817,12.206555615733702,17.72004514666935,15.652475842498529,22.847319317591726,23.323807579381203,20.591260281974,28.653097563788805,21.18962010041709
147.27525250360293,24.0,15.652475842498529,11.180339887498949,16.15549442140351,9.0,37.8549864614954,15.297058540778355,11.704699910719626,19.4164878389476,14.866068747318506,18.027756377319946,15.297058540778355,8.246211251235321,10.04987562112089,10.198039027185569,3.605551275463989,5.0,8.48528137423857,4.123105625617661,9.219544457292887,11.661903789690601,6.4031242374328485,10.816653826391969,11.40175425099138,10.0,6.4031242374328485,0.0,0.0,0.0,0.0,0.0,0.0,0.0,0.0,0.0,0.0,0.0,10.295630140987,11.40175425099138,12.0,13.0,8.0,11.40175425099138,8.54400374531753,9.219544457292887,9.486832980505138,11.704699910719626,10.770329614269007,9.219544457292887,11.313708498984761,15.652475842498529,12.041594578792296,14.866068747318506,17.804493814764857,19.1049731745428,22.02271554554524,19.849433241279208,18.439088914585774,16.278820596099706,23.706539182259394,19.849433241279208,19.1049731745428,13.92838827718412
147.27525250360293,24.0,16.278820596099706,18.384776310850235,26.1725046566048,18.867962264113206,19.79898987322333,21.93171219946131,20.0,17.69180601295413,16.15549442140351,13.416407864998739,13.601470508735444,7.211102550927978,5.830951894845301,5.0,8.48528137423857,4.123105625617661,10.0,8.54400374531753,15.556349186104045,16.55294535724685,12.083045973594572,14.142135623730951,11.045361017187261,12.0,10.44030650891055,0.0,0.0,0.0,0.0,0.0,0.0,0.0,0.0,0.0,0.0,0.0,12.36931687685298,9.433981132056603,12.649110640673518,7.280109889280518,8.54400374531753,10.0,5.0990195135927845,8.246211251235321,6.708203932499369,10.0,10.295630140987,14.212670403551895,13.92838827718412,13.038404810405298,16.64331697709324,19.4164878389476,20.248456731316587,26.832815729997478,17.804493814764857,18.867962264113206,12.083045973594572,14.142135623730951,16.97056274847714,11.40175425099138,10.770329614269007,10.44030650891055
147.27525250360293,24.0,14.317821063276353,14.422205101855956,10.816653826391969,11.180339887498949,14.422205101855956,13.45362404707371,15.231546211727817,15.231546211727817,19.209372712298546,15.811388300841896,16.97056274847714,13.92838827718412,13.038404810405298,6.324555320336759,8.602325267042627,7.615773105863909,10.816653826391969,5.385164807134504,7.0710678118654755,6.324555320336759,7.0710678118654755,10.0,11.045361017187261,11.0,9.219544457292887,0.0,0.0,0.0,0.0,0.0,0.0,0.0,0.0,0.0,0.0,0.0,11.180339887498949,9.055385138137417,7.280109889280518,11.40175425099138,10.770329614269007,14.035668847618199,16.492422502470642,7.0710678118654755,17.88854381999832,7.0,12.083045973594572,7.810249675906654,7.615773105863909,7.615773105863909,11.180339887498949,14.317821063276353,11.045361017187261,12.083045973594572,19.026297590440446,14.142135623730951,20.024984394500787,20.024984394500787,20.024984394500787,15.132745950421556,21.02379604162864,20.09975124224178
147.27525250360293,24.0,14.317821063276353,22.80350850198276,17.0,22.20360331117452,22.825424421026653,18.867962264113206,19.209372712298546,19.72308292331602,20.615528128088304,13.038404810405298,13.45362404707371,15.811388300841896,14.7648230602334,13.038404810405298,11.180339887498949,6.708203932499369,7.280109889280518,8.94427190999916,13.038404810405298,10.770329614269007,10.63014581273465,10.295630140987,14.317821063276353,13.601470508735444,7.211102550927978,0.0,0.0,0.0,0.0,0.0,0.0,0.0,0.0,0.0,0.0,0.0,15.811388300841896,8.602325267042627,15.0,11.40175425099138,10.198039027185569,8.06225774829855,11.045361017187261,16.64331697709324,13.0,14.142135623730951,15.620499351813308,13.152946437965905,13.601470508735444,13.601470508735444,13.416407864998739,21.633307652783937,18.027756377319946,18.788294228055936,17.72004514666935,26.076809620810597,18.788294228055936,29.410882339705484,18.027756377319946,20.12461179749811,21.93171219946131,18.601075237738275
64.0,4.0,14.142135623730951,11.0,13.341664064126334,15.652475842498529,18.681541692269406,21.2602916254693,21.540659228538015,19.4164878389476,19.313207915827967,8.246211251235321,12.36931687685298,11.0,14.142135623730951,8.246211251235321,6.708203932499369,6.324555320336759,7.0710678118654755,9.486832980505138,9.486832980505138,11.40175425099138,12.165525060596439,10.44030650891055,12.806248474865697,9.219544457292887,15.132745950421556,0.0,0.0,0.0,0.0,0.0,0.0,0.0,0.0,0.0,0.0,0.0,13.892443989449804,14.142135623730951,6.4031242374328485,17.46424919657298,7.810249675906654,16.1245154965971,13.341664064126334,13.038404810405298,9.219544457292887,13.601470508735444,8.48528137423857,9.848857801796104,10.770329614269007,13.601470508735444,10.0,14.317821063276353,16.64331697709324,12.206555615733702,20.615528128088304,22.02271554554524,20.615528128088304,22.67156809750927,19.1049731745428,21.400934559032695,17.69180601295413,15.264337522473747
147.27525250360293,24.0,21.540659228538015,26.0,22.561028345356956,23.40939982143925,20.248456731316587,21.213203435596427,22.360679774997898,15.811388300841896,16.492422502470642,18.027756377319946,14.317821063276353,11.0,13.038404810405298,7.0710678118654755,12.0,12.36931687685298,13.152946437965905,7.280109889280518,7.0710678118654755,15.231546211727817,14.142135623730951,15.297058540778355,11.704699910719626,14.560219778561036,12.083045973594572,0.0,0.0,0.0,0.0,0.0,0.0,0.0,0.0,0.0,0.0,0.0,13.0,12.083045973594572,10.04987562112089,12.649110640673518,11.40175425099138,10.198039027185569,7.0710678118654755,5.656854249492381,10.816653826391969,9.433981132056603,13.038404810405298,16.55294535724685,17.46424919657298,13.601470508735444,19.79898987322333,18.681541692269406,18.027756377319946,20.12461179749811,19.6468827043885,20.12461179749811,14.7648230602334,23.08679276123039,17.88854381999832,17.029386365926403,14.422205101855956,16.97056274847714
147.27525250360293,24.0,16.76305461424021,14.317821063276353,17.11724276862369,14.0,14.035668847618199,25.079872407968907,17.88854381999832,17.11724276862369,16.55294535724685,12.083045973594572,19.924858845171276,12.649110640673518,13.152946437965905,9.055385138137417,7.0710678118654755,7.0710678118654755,7.615773105863909,6.4031242374328485,7.810249675906654,9.219544457292887,14.422205101855956,13.45362404707371,14.212670403551895,12.083045973594572,9.486832980505138,0.0,0.0,0.0,0.0,0.0,0.0,0.0,0.0,0.0,0.0,0.0,7.810249675906654,9.219544457292887,10.295630140987,8.06225774829855,12.806248474865697,8.06225774829855,14.317821063276353,8.94427190999916,4.47213595499958,6.324555320336759,5.830951894845301,11.661903789690601,9.055385138137417,8.0,10.0,14.317821063276353,13.152946437965905,17.46424919657298,20.223748416156685,21.0,20.396078054371138,20.024984394500787,19.0,17.72004514666935,19.0,18.027756377319946
64.0,4.0,4.0,3.605551275463989,13.152946437965905,9.055385138137417,12.083045973594572,14.035668847618199,17.029386365926403,13.152946437965905,16.278820596099706,16.1245154965971,16.1245154965971,8.0,5.0,9.219544457292887,8.0,1.0,3.0,3.605551275463989,8.54400374531753,8.48528137423857,8.246211251235321,8.94427190999916,17.11724276862369,17.26267650163207,14.0,0.0,0.0,0.0,0.0,0.0,0.0,0.0,0.0,0.0,0.0,0.0,11.045361017187261,13.152946437965905,11.704699910719626,14.317821063276353,13.152946437965905,12.165525060596439,10.198039027185569,10.198039027185569,7.211102550927978,6.0,5.385164807134504,7.615773105863909,7.211102550927978,8.54400374531753,11.40175425099138,15.132745950421556,15.297058540778355,17.0,23.40939982143925,16.492422502470642,20.12461179749811,22.135943621178654,16.492422502470642,17.46424919657298,13.601470508735444,9.848857801796104
147.27525250360293,24.0,1.4142135623730951,6.4031242374328485,12.806248474865697,13.601470508735444,15.264337522473747,17.204650534085253,16.97056274847714,16.64331697709324,16.76305461424021,18.027756377319946,14.866068747318506,19.4164878389476,14.142135623730951,5.830951894845301,9.219544457292887,2.23606797749979,5.0,6.4031242374328485,10.44030650891055,7.810249675906654,9.433981132056603,10.04987562112089,8.246211251235321,12.529964086141668,12.649110640673518,0.0,0.0,0.0,0.0,0.0,0.0,0.0,0.0,0.0,0.0,0.0,10.198039027185569,5.830951894845301,7.280109889280518,8.94427190999916,9.055385138137417,15.231546211727817,3.1622776601683795,3.1622776601683795,4.123105625617661,7.0710678118654755,3.0,2.23606797749979,6.0,7.615773105863909,9.486832980505138,8.246211251235321,12.083045973594572,13.0,23.40939982143925,19.697715603592208,24.698178070456937,18.681541692269406,17.46424919657298,14.560219778561036,18.24828759089466,10.63014581273465
147.27525250360293,24.0,11.40175425099138,12.083045973594572,15.811388300841896,15.297058540778355,15.033296378372908,18.24828759089466,14.035668847618199,17.72004514666935,13.341664064126334,16.0312195418814,12.165525060596439,12.649110640673518,10.63014581273465,16.15549442140351,12.529964086141668,9.486832980505138,5.0990195135927845,6.708203932499369,8.06225774829855,5.385164807134504,8.94427190999916,15.524174696260024,10.198039027185569,10.04987562112089,14.035668847618199,0.0,0.0,0.0,0.0,0.0,0.0,0.0,0.0,0.0,0.0,0.0,10.63014581273465,11.40175425099138,9.055385138137417,9.219544457292887,7.280109889280518,8.246211251235321,8.06225774829855,8.602325267042627,11.0,8.06225774829855,13.152946437965905,10.04987562112089,10.295630140987,11.704699910719626,12.649110640673518,14.422205101855956,13.038404810405298,19.4164878389476,14.422205101855956,17.4928556845359,19.697715603592208,23.706539182259394,23.259406699226016,20.248456731316587,20.615528128088304,10.198039027185569
147.27525250360293,24.0,13.92838827718412,9.486832980505138,12.806248474865697,15.652475842498529,15.811388300841896,23.769728648009426,21.095023109728988,22.135943621178654,15.811388300841896,18.867962264113206,17.72004514666935,8.06225774829855,12.206555615733702,9.848857801796104,11.704699910719626,6.324555320336759,5.830951894845301,6.4031242374328485,11.180339887498949,8.94427190999916,9.848857801796104,9.848857801796104,14.422205101855956,11.40175425099138,9.219544457292887,0.0,0.0,0.0,0.0,0.0,0.0,0.0,0.0,0.0,0.0,0.0,4.123105625617661,8.06225774829855,5.830951894845301,6.0,15.231546211727817,9.055385138137417,12.083045973594572,7.0710678118654755,12.041594578792296,9.219544457292887,9.0,8.06225774829855,6.708203932499369,8.0,9.848857801796104,8.48528137423857,10.0,11.313708498984761,13.416407864998739,21.2602916254693,19.849433241279208,24.839484696748443,20.0,22.80350850198276,19.235384061671343,17.69180601295413
147.27525250360293,24.0,6.324555320336759,6.708203932499369,14.422205101855956,16.278820596099706,9.219544457292887,16.278820596099706,20.615528128088304,10.816653826391969,15.556349186104045,13.038404810405298,11.40175425099138,12.727922061357855,7.280109889280518,9.848857801796104,8.94427190999916,4.123105625617661,5.830951894845301,3.605551275463989,6.324555320336759,7.280109889280518,6.082762530298219,6.708203932499369,10.198039027185569,13.416407864998739,6.082762530298219,0.0,0.0,0.0,0.0,0.0,0.0,0.0,0.0,0.0,0.0,0.0,13.152946437965905,12.36931687685298,5.830951894845301,12.206555615733702,12.041594578792296,8.54400374531753,10.04987562112089,10.0,6.708203932499369,11.180339887498949,8.246211251235321,2.0,4.0,3.605551275463989,7.0710678118654755,16.55294535724685,22.67156809750927,10.295630140987,18.384776310850235,25.238858928247925,14.866068747318506,24.20743687382041,20.518284528683193,13.601470508735444,19.209372712298546,18.384776310850235
147.27525250360293,24.0,14.142135623730951,15.556349186104045,20.8806130178211,18.027756377319946,20.12461179749811,19.849433241279208,14.866068747318506,14.142135623730951,15.652475842498529,15.0,9.219544457292887,9.848857801796104,6.324555320336759,5.0,1.0,3.0,6.324555320336759,7.280109889280518,9.055385138137417,4.47213595499958,9.486832980505138,9.486832980505138,7.0710678118654755,13.152946437965905,7.615773105863909,0.0,0.0,0.0,0.0,0.0,0.0,0.0,0.0,0.0,0.0,0.0,9.219544457292887,11.180339887498949,13.601470508735444,9.219544457292887,11.180339887498949,5.0,10.0,11.180339887498949,2.23606797749979,4.123105625617661,6.082762530298219,5.0990195135927845,8.246211251235321,11.180339887498949,11.180339887498949,17.029386365926403,15.132745950421556,12.165525060596439,19.1049731745428,14.0,23.769728648009426,18.24828759089466,14.035668847618199,14.317821063276353,10.04987562112089,6.324555320336759
147.27525250360293,24.0,21.93171219946131,22.02271554554524,21.02379604162864,26.248809496813376,19.849433241279208,20.518284528683193,19.72308292331602,14.866068747318506,13.0,10.63014581273465,7.810249675906654,5.0990195135927845,8.0,4.123105625617661,8.06225774829855,6.324555320336759,6.708203932499369,8.06225774829855,10.816653826391969,11.40175425099138,9.848857801796104,10.0,9.219544457292887,13.038404810405298,13.038404810405298,0.0,0.0,0.0,0.0,0.0,0.0,0.0,0.0,0.0,0.0,0.0,8.0,11.40175425099138,11.40175425099138,7.0710678118654755,10.04987562112089,7.280109889280518,7.0,3.605551275463989,7.0710678118654755,12.529964086141668,10.63014581273465,9.899494936611665,11.40175425099138,14.422205101855956,19.72308292331602,14.866068747318506,21.93171219946131,21.2602916254693,18.439088914585774,19.1049731745428,20.518284528683193,15.811388300841896,18.384776310850235,10.63014581273465,10.04987562112089,11.180339887498949
147.27525250360293,24.0,17.69180601295413,17.804493814764857,22.627416997969522,23.600847442411894,22.02271554554524,25.553864678361276,24.413111231467404,21.400934559032695,21.633307652783937,17.204650534085253,15.811388300841896,12.36931687685298,9.219544457292887,3.605551275463989,7.280109889280518,6.4031242374328485,11.313708498984761,10.816653826391969,13.45362404707371,11.661903789690601,15.0,12.041594578792296,14.142135623730951,11.180339887498949,10.198039027185569,0.0,0.0,0.0,0.0,0.0,0.0,0.0,0.0,0.0,0.0,0.0,15.0,10.0,9.848857801796104,13.416407864998739,9.219544457292887,8.54400374531753,9.848857801796104,9.848857801796104,5.656854249492381,9.433981132056603,12.806248474865697,13.038404810405298,15.033296378372908,19.313207915827967,22.47220505424423,21.02379604162864,20.024984394500787,23.0,24.331050121192877,27.294688127912362,27.018512172212592,22.80350850198276,20.808652046684813,14.035668847618199,10.04987562112089,6.4031242374328485
147.27525250360293,24.0,18.0,11.0,15.033296378372908,20.248456731316587,21.587033144922902,15.811388300841896,18.027756377319946,17.029386365926403,19.0,13.601470508735444,10.198039027185569,5.0,5.385164807134504,2.23606797749979,2.0,4.123105625617661,6.082762530298219,7.280109889280518,9.219544457292887,11.40175425099138,8.54400374531753,12.165525060596439,9.055385138137417,10.770329614269007,9.433981132056603,0.0,0.0,0.0,0.0,0.0,0.0,0.0,0.0,0.0,0.0,0.0,11.661903789690601,12.529964086141668,6.324555320336759,13.601470508735444,10.816653826391969,9.219544457292887,9.433981132056603,10.0,4.123105625617661,7.0710678118654755,7.810249675906654,7.280109889280518,9.486832980505138,9.055385138137417,11.180339887498949,19.4164878389476,13.038404810405298,20.223748416156685,17.26267650163207,21.095023109728988,22.20360331117452,16.278820596099706,11.045361017187261,14.317821063276353,10.770329614269007,8.246211251235321
147.27525250360293,24.0,16.64331697709324,12.806248474865697,17.69180601295413,16.1245154965971,15.556349186104045,17.0,16.278820596099706,16.401219466856727,15.0,12.041594578792296,11.313708498984761,6.708203932499369,7.810249675906654,11.40175425099138,4.47213595499958,8.602325267042627,10.04987562112089,6.082762530298219,9.055385138137417,11.045361017187261,9.0,13.152946437965905,14.212670403551895,10.295630140987,11.180339887498949,0.0,0.0,0.0,0.0,0.0,0.0,0.0,0.0,0.0,0.0,0.0,14.0,12.649110640673518,9.433981132056603,10.816653826391969,7.810249675906654,10.63014581273465,11.40175425099138,10.770329614269007,11.045361017187261,8.246211251235321,10.770329614269007,13.341664064126334,14.035668847618199,13.92838827718412,16.278820596099706,13.341664064126334,16.76305461424021,16.1245154965971,16.1245154965971,14.142135623730951,21.095023109728988,18.027756377319946,17.26267650163207,18.027756377319946,17.029386365926403,19.026297590440446
147.27525250360293,24.0,10.0,13.0,16.0312195418814,9.055385138137417,13.038404810405298,12.36931687685298,19.0,15.297058540778355,17.0,16.76305461424021,16.0,8.602325267042627,12.36931687685298,6.082762530298219,7.211102550927978,5.830951894845301,5.0,7.211102550927978,8.06225774829855,8.602325267042627,8.602325267042627,10.0,9.433981132056603,8.54400374531753,10.0,0.0,0.0,0.0,0.0,0.0,0.0,0.0,0.0,0.0,0.0,0.0,9.486832980505138,8.246211251235321,11.40175425099138,7.0,8.06225774829855,11.045361017187261,12.041594578792296,8.94427190999916,13.152946437965905,10.04987562112089,8.246211251235321,7.615773105863909,8.06225774829855,14.142135623730951,10.198039027185569,14.212670403551895,13.416407864998739,11.313708498984761,14.866068747318506,18.867962264113206,17.0,16.278820596099706,15.811388300841896,16.64331697709324,20.615528128088304,21.095023109728988
147.27525250360293,24.0,4.47213595499958,12.806248474865697,13.45362404707371,15.652475842498529,20.518284528683193,20.248456731316587,14.866068747318506,22.80350850198276,23.021728866442675,18.867962264113206,14.422205101855956,9.848857801796104,7.0710678118654755,4.242640687119285,4.0,6.082762530298219,6.0,4.123105625617661,7.211102550927978,13.038404810405298,11.180339887498949,16.401219466856727,14.317821063276353,12.36931687685298,12.36931687685298,0.0,0.0,0.0,0.0,0.0,0.0,0.0,0.0,0.0,0.0,0.0,11.704699910719626,9.055385138137417,10.44030650891055,12.36931687685298,14.142135623730951,14.560219778561036,10.0,9.055385138137417,10.770329614269007,4.47213595499958,6.4031242374328485,5.656854249492381,3.605551275463989,8.0,7.615773105863909,14.142135623730951,15.033296378372908,19.1049731745428,16.278820596099706,15.0,23.769728648009426,19.235384061671343,23.021728866442675,20.024984394500787,18.110770276274835,11.704699910719626
