type,role,mac,rssi,rate,sig_mode,mcs,bandwidth,smoothing,not_sounding,aggregation,stbc,fec_coding,sgi,noise_floor,ampdu_cnt,channel,secondary_channel,local_timestamp,ant,sig_len,rx_state,real_time_set,real_timestamp,len,CSI_DATA
CSI_DATA,STA,E4:D1:24:F1:02:C0,-84,10,0,0,0,0,0,0,0,0,0,-96,0,13,0,33573,0,389,0,0,0.42488,128,[-123 81 24 0 18 -32 17 -34 15 -36 19 -40 16 -36 9 -34 9 -35 4 -28 8 -28 7 -17 4 -11 7 -8 2 -2 1 6 4 6 7 10 -2 14 4 18 7 18 2 22 8 22 2 21 0 19 2 19 -14 14 0 0 0 0 0 0 0 0 0 0 0 0 0 0 0 0 0 0 0 0 0 0 14 2 15 9 10 7 8 7 4 7 5 6 1 1 -3 2 -5 3 -10 1 -17 -2 -16 2 -23 2 -27 2 -26 3 -30 4 -33 3 -31 8 -26 6 -26 9 -22 11 -18 -1 -13 3 0 -3 0 -6 9 -15 ]
CSI_DATA,STA,E4:D1:24:F1:02:C0,-84,10,0,0,0,0,0,0,0,0,0,-96,0,13,0,81398,0,30,0,0,0.472158,128,[30 -32 1 0 35 -9 38 1 40 -6 38 -12 34 -10 34 -13 31 -6 21 -8 17 -7 18 -11 7 -2 7 5 4 4 1 9 -3 12 -4 15 0 14 -5 20 -4 22 -6 16 -7 14 -7 19 -9 15 -9 8 -12 18 0 0 0 0 0 0 0 0 0 0 0 0 0 0 0 0 0 0 0 0 0 0 -9 12 -8 12 -14 10 -8 7 -11 2 -10 0 -5 -7 -5 -4 -5 -7 -5 -16 1 -20 -4 -22 -2 -18 0 -22 -7 -24 -9 -32 -8 -27 -8 -28 -9 -21 -7 -18 -7 -14 -1 -13 4 -9 3 -10 16 -7 22 -6 ]
CSI_DATA,STA,E4:D1:24:F1:02:C0,-88,10,0,0,0,0,0,0,0,0,0,-96,0,13,0,238378,0,389,0,0,0.629171,128,[-123 81 24 0 24 22 31 23 29 19 29 17 22 16 15 4 14 6 10 10 3 0 0 4 -5 10 -8 7 -5 5 -9 8 -6 17 -10 11 -12 9 -16 9 -9 14 -12 10 -10 10 -11 9 -7 7 -14 4 -5 -10 0 0 0 0 0 0 0 0 0 0 0 0 0 0 0 0 0 0 0 0 0 0 -11 -4 -5 -8 3 -9 -1 -4 4 -4 8 -7 11 -7 17 -8 11 -7 13 -10 15 -16 19 -10 14 -11 15 -19 17 -18 15 -16 11 -13 8 -11 7 -8 6 -6 5 0 6 -1 8 15 9 25 15 19 20 20 ]
CSI_DATA,STA,E4:D1:24:F2:4F:00,-78,10,0,0,0,0,0,0,0,0,0,-96,0,1,0,501002,0,401,0,0,0.891803,128,[-111 17 25 0 -26 -15 -29 -20 -28 -19 -33 -23 -33 -20 -35 -17 -31 -15 -27 -12 -24 -9 -19 -7 -16 -3 -11 -3 -7 -6 0 -2 6 -7 10 -6 13 -10 16 -11 19 -14 16 -13 19 -15 16 -13 15 -13 17 -15 14 -11 0 0 0 0 0 0 0 0 0 0 0 0 0 0 0 0 0 0 0 0 0 0 14 -4 11 -1 13 -6 12 -5 14 -3 10 -3 11 -4 7 -3 8 0 3 2 2 5 -1 6 -4 11 -5 18 -5 18 -5 22 -9 23 -8 30 -5 30 -7 32 -7 30 -6 27 -5 22 -4 15 -8 11 -10 -1 ]
CSI_DATA,STA,E4:D1:24:F2:4F:00,-78,10,0,0,0,0,0,0,0,0,0,-96,0,1,0,549810,0,34,0,0,0.94057,128,[34 32 2 0 16 14 19 19 23 19 25 23 29 24 27 20 29 21 30 17 25 14 24 8 20 8 13 5 6 3 2 5 -2 7 -7 6 -11 8 -12 7 -17 11 -19 11 -19 13 -18 14 -19 14 -17 11 -16 12 0 0 0 0 0 0 0 0 0 0 0 0 0 0 0 0 0 0 0 0 0 0 -15 -3 -16 -5 -15 -5 -17 -4 -18 -4 -16 -3 -15 -2 -11 -2 -11 -5 -6 -3 -4 -4 1 -6 1 -8 6 -13 8 -14 12 -18 19 -22 19 -23 16 -29 20 -31 15 -31 14 -32 14 -26 10 -21 13 -17 15 -10 ]
CSI_DATA,STA,E4:D1:24:F2:4F:00,-79,10,0,0,0,0,0,0,0,0,0,-96,0,1,0,567688,0,389,0,0,0.975461,128,[-123 81 24 0 -15 -18 -15 -23 -17 -25 -22 -30 -18 -27 -25 -26 -21 -26 -21 -20 -18 -16 -19 -13 -17 -12 -11 -9 -6 -9 -2 -8 2 -9 4 -12 6 -11 10 -13 9 -15 12 -17 7 -19 9 -17 8 -18 6 -16 7 -13 0 0 0 0 0 0 0 0 0 0 0 0 0 0 0 0 0 0 0 0 0 0 -2 11 -2 13 -2 13 -2 14 -3 17 0 16 -3 15 0 15 -1 12 -3 9 -4 5 -8 4 -11 2 -13 -2 -18 -2 -20 -1 -25 -1 -31 2 -34 4 -32 7 -33 9 -31 6 -33 8 -29 3 -26 1 -20 -1 ]
CSI_DATA,STA,E4:D1:24:F2:4F:00,-81,10,0,0,0,0,0,0,0,0,0,-96,0,1,0,642397,0,141,0,0,1.03294,128,[-115 -48 8 0 27 -8 32 -5 30 -11 31 -6 32 -12 29 -11 26 -13 19 -13 17 -9 13 -12 13 -7 9 -1 2 -1 -3 2 -1 5 -2 10 -2 14 2 18 0 21 -3 21 2 21 3 18 -1 16 -1 18 1 16 0 0 0 0 0 0 0 0 0 0 0 0 0 0 0 0 0 0 0 0 0 0 -7 14 -8 13 -9 10 -18 11 -9 4 -7 9 -8 9 -8 6 -8 6 -5 1 -2 -4 -5 -4 -5 -8 -4 -11 -3 -17 -9 -21 -9 -27 -13 -32 -11 -27 -12 -24 -8 -29 -14 -25 -9 -19 -6 -17 6 -15 8 -17 ]
CSI_DATA,STA,E4:D1:24:F2:4F:00,-81,10,0,0,0,0,0,0,0,0,0,-96,0,1,0,642832,0,141,0,0,1.06468,128,[-115 -48 8 0 28 -10 37 -12 42 -15 37 -8 33 -7 36 -14 27 -22 32 -13 25 -5 20 -15 9 -11 2 -4 5 -5 -6 1 -1 12 -4 13 0 18 -7 22 0 24 -7 23 2 18 -4 18 -3 22 -1 17 -2 19 0 0 0 0 0 0 0 0 0 0 0 0 0 0 0 0 0 0 0 0 0 0 -1 17 -5 17 -2 17 -5 18 -4 20 -11 18 1 24 -8 4 1 4 -7 4 -12 4 -8 -7 -6 -4 -4 -16 -10 -19 -16 -26 -16 -26 -18 -25 -22 -24 -14 -21 -16 -33 -14 -27 -12 -31 -13 -16 -11 -17 11 -12 ]
CSI_DATA,STA,E4:D1:24:F2:4F:00,-78,10,0,0,0,0,0,0,0,0,0,-96,0,1,0,772493,0,389,0,0,1.16367,128,[-123 81 24 0 -17 -19 -22 -23 -21 -26 -23 -28 -25 -26 -28 -23 -25 -22 -26 -17 -23 -15 -21 -9 -18 -11 -12 -7 -7 -8 -4 -9 3 -7 4 -9 8 -11 11 -12 10 -13 12 -15 10 -18 11 -17 10 -16 8 -14 8 -13 0 0 0 0 0 0 0 0 0 0 0 0 0 0 0 0 0 0 0 0 0 0 7 10 7 12 5 14 8 12 7 11 7 12 6 10 4 9 5 10 1 8 -1 5 -5 6 -8 5 -12 6 -17 7 -23 11 -24 7 -25 14 -29 16 -31 18 -28 17 -28 19 -23 17 -24 15 -19 8 -15 2 ]
CSI_DATA,STA,E4:D1:24:F2:4F:00,-79,10,0,0,0,0,0,0,0,0,0,-96,0,1,0,825202,0,368,0,0,1.2159,128,[112 1 23 0 -28 -9 -30 -5 -33 -11 -34 -13 -35 -9 -35 -5 -35 -3 -28 0 -25 0 -25 2 -19 1 -13 -1 -9 -4 -6 -6 -5 -11 -1 -14 0 -13 -2 -16 -4 -20 -3 -22 -1 -21 -3 -21 -5 -15 -3 -14 -3 -14 0 0 0 0 0 0 0 0 0 0 0 0 0 0 0 0 0 0 0 0 0 0 8 8 10 10 9 10 10 14 10 14 9 10 9 10 6 8 6 10 3 10 -4 4 -3 8 -7 10 -13 8 -14 13 -22 16 -18 20 -22 24 -23 26 -20 24 -23 26 -16 28 -17 24 -17 21 -12 14 -16 10 ]
CSI_DATA,STA,E4:D1:24:F2:4F:00,-80,10,0,0,0,0,0,0,0,0,0,-96,0,1,0,874895,0,389,0,0,1.26561,128,[-123 81 24 0 9 -24 15 -32 17 -38 21 -36 12 -30 15 -34 9 -31 7 -27 -1 -24 1 -17 6 -17 -2 -7 6 -5 3 -4 10 2 11 5 16 8 16 7 18 6 18 6 22 6 21 5 17 7 15 5 13 4 0 0 0 0 0 0 0 0 0 0 0 0 0 0 0 0 0 0 0 0 0 0 -6 10 -7 12 -6 13 -6 15 -8 11 -9 14 -5 11 -3 8 -2 5 -4 0 -3 -5 -8 -2 -12 -7 -15 -9 -18 -15 -17 -19 -25 -17 -26 -21 -26 -15 -27 -21 -31 -19 -26 -16 -23 -16 -17 -14 -7 -16 -6 -22 ]
CSI_DATA,STA,E4:D1:24:F2:4F:00,-81,10,0,0,0,0,0,0,0,0,0,-96,0,1,0,994836,0,64,0,0,1.38523,128,[64 0 4 0 16 23 21 23 24 28 28 24 27 24 26 24 28 17 25 15 23 14 18 8 15 6 10 2 8 7 -1 2 1 8 -8 12 -9 10 -15 10 -12 12 -15 15 -15 15 -15 17 -12 15 -13 15 -11 11 0 0 0 0 0 0 0 0 0 0 0 0 0 0 0 0 0 0 0 0 0 0 -12 -7 -11 -9 -11 -9 -12 -9 -8 -6 -9 -8 -11 -8 -10 -9 -8 -4 -5 -6 -3 -6 3 -7 7 -8 10 -9 15 -11 19 -14 22 -16 19 -22 21 -25 20 -24 22 -25 18 -22 18 -22 17 -16 15 -10 13 -3 ]
CSI_DATA,STA,E4:D1:24:F2:4F:00,-80,10,0,0,0,0,0,0,0,0,0,-96,0,1,0,996334,0,368,0,0,1.41711,128,[112 1 23 0 -25 -6 -35 -11 -34 -17 -37 -15 -42 -13 -34 -13 -32 2 -28 2 -26 2 -24 3 -16 -6 -9 1 -12 0 -5 -6 -3 -6 -1 -10 1 -16 1 -26 9 -12 -1 -17 3 -19 1 -23 -4 -20 -1 -20 5 -13 0 0 0 0 0 0 0 0 0 0 0 0 0 0 0 0 0 0 0 0 0 0 11 1 10 8 7 4 15 3 8 7 11 3 13 4 6 7 5 4 5 5 1 11 2 2 -2 11 -5 5 -13 14 -6 20 -10 23 -22 30 -21 29 -25 26 -12 30 -16 20 -12 24 -10 15 -17 14 -4 10 ]
CSI_DATA,STA,E4:D1:24:F2:4F:00,-79,10,0,0,0,0,0,0,0,0,0,-96,0,1,0,1079699,0,389,0,0,1.47038,128,[-123 81 24 0 -7 -26 -9 -30 -9 -33 -12 -37 -13 -36 -16 -34 -14 -31 -19 -27 -14 -23 -13 -18 -12 -14 -9 -12 -5 -9 4 -3 8 -3 8 0 14 1 16 3 18 3 20 3 21 2 21 1 20 0 18 2 17 2 0 0 0 0 0 0 0 0 0 0 0 0 0 0 0 0 0 0 0 0 0 0 11 -2 14 1 15 1 12 3 11 3 12 4 10 5 6 3 6 4 1 3 1 1 -3 2 -5 7 -11 9 -15 13 -20 13 -21 14 -24 20 -24 20 -23 21 -24 21 -23 18 -19 18 -17 15 -12 9 -12 1 ]
CSI_DATA,STA,E4:D1:24:F2:4F:00,-77,10,0,0,0,0,0,0,0,0,0,-97,0,1,0,1284503,0,389,0,0,1.67542,128,[-123 81 24 0 -18 -23 -22 -25 -22 -31 -23 -29 -22 -28 -27 -27 -26 -24 -26 -18 -23 -15 -20 -13 -16 -10 -11 -5 -9 -7 -5 -7 5 -7 6 -11 7 -11 10 -14 10 -14 13 -17 12 -20 10 -18 9 -16 7 -18 8 -14 0 0 0 0 0 0 0 0 0 0 0 0 0 0 0 0 0 0 0 0 0 0 4 9 3 10 2 14 2 14 3 13 4 12 4 13 2 10 0 9 -2 8 -5 7 -5 4 -12 3 -16 3 -17 7 -20 4 -26 8 -30 8 -31 10 -30 12 -30 13 -27 13 -28 11 -23 8 -21 6 -19 -4 ]
CSI_DATA,STA,E4:D1:24:F2:4F:00,-77,10,0,0,0,0,0,0,0,0,0,-97,0,1,0,1489307,0,389,0,0,1.87991,128,[-123 81 24 0 16 10 17 18 20 18 23 21 27 22 25 19 26 17 25 15 24 6 24 10 19 6 13 13 2 7 4 4 -4 2 -7 2 -10 6 -12 4 -14 7 -16 7 -17 9 -18 10 -17 10 -16 10 -15 9 0 0 0 0 0 0 0 0 0 0 0 0 0 0 0 0 0 0 0 0 0 0 -13 2 -13 3 -16 2 -16 2 -14 2 -15 2 -14 2 -10 2 -10 2 -9 -2 -4 -3 -2 -6 2 -6 3 -10 6 -14 8 -19 11 -24 13 -23 12 -29 11 -31 10 -29 11 -30 7 -28 9 -22 8 -17 8 -12 ]
CSI_DATA,STA,E4:D1:24:F2:4F:00,-78,10,0,0,0,0,0,0,0,0,0,-97,0,1,0,1591709,0,389,0,0,1.9823,128,[-123 81 24 0 -23 12 -27 13 -25 14 -29 16 -30 18 -26 19 -25 19 -24 17 -19 14 -16 17 -11 9 -7 12 -8 5 -3 1 -3 -2 0 -9 -2 -12 -4 -19 -1 -20 -2 -22 -4 -19 -5 -21 -6 -20 -8 -18 -8 -14 0 0 0 0 0 0 0 0 0 0 0 0 0 0 0 0 0 0 0 0 0 0 3 -13 4 -14 5 -15 4 -18 3 -17 4 -17 5 -17 4 -13 4 -11 5 -6 6 -4 6 1 4 4 9 6 13 11 14 17 16 22 18 25 19 22 20 26 23 26 20 24 16 20 16 18 10 16 4 11 ]
CSI_DATA,STA,E4:D1:24:F2:4F:00,-80,10,0,0,0,0,0,0,0,0,0,-97,0,1,0,1796513,0,389,0,0,2.18741,128,[-123 81 24 0 34 -35 28 -29 26 -18 18 -14 18 -6 10 2 17 13 14 15 22 19 24 22 26 19 24 19 27 19 28 13 25 12 25 8 21 6 20 2 15 4 4 3 3 4 -5 5 -9 6 -9 10 -15 9 0 0 0 0 0 0 0 0 0 0 0 0 0 0 0 0 0 0 0 0 0 0 -12 7 -7 1 -8 -2 -2 -3 -4 -6 -4 -12 1 -16 -3 -23 -5 -20 -7 -27 -7 -23 -9 -30 -11 -28 -11 -24 -12 -26 -7 -22 -8 -21 -4 -16 5 -16 8 -14 21 -15 29 -19 38 -21 45 -20 45 -28 47 -35 ]
CSI_DATA,STA,E4:D1:24:F2:4F:00,-79,10,0,0,0,0,0,0,0,0,0,-97,0,1,0,2034025,0,37,0,0,2.42477,128,[37 80 2 0 38 -27 29 -25 27 -19 18 -17 15 -11 11 -1 11 1 15 2 15 11 13 9 20 10 22 15 24 10 24 9 24 7 21 7 19 6 15 1 14 1 9 0 5 -1 1 1 -2 1 -2 5 -6 7 0 0 0 0 0 0 0 0 0 0 0 0 0 0 0 0 0 0 0 0 0 0 -9 0 -8 -2 -5 -5 -6 -5 -1 -8 1 -13 5 -14 5 -15 5 -24 9 -27 6 -24 8 -27 4 -30 4 -29 1 -30 -1 -24 4 -21 5 -18 6 -11 13 -9 16 -6 27 -8 29 -5 33 -5 43 -14 48 -13 ]
CSI_DATA,STA,E4:D1:24:F2:4F:00,-79,10,0,0,0,0,0,0,0,0,0,-97,0,1,0,2037535,0,64,0,0,2.45501,128,[64 0 4 0 41 -21 38 -14 30 -9 20 -12 16 -4 14 2 12 10 13 11 11 15 15 14 15 21 22 16 19 17 21 16 20 14 21 10 20 8 18 8 13 5 8 3 4 0 0 3 -1 6 -5 4 -7 7 0 0 0 0 0 0 0 0 0 0 0 0 0 0 0 0 0 0 0 0 0 0 -8 -7 -9 -4 -3 -8 0 -7 3 -6 5 -11 4 -10 8 -14 12 -14 12 -23 8 -17 8 -27 9 -24 6 -26 9 -22 6 -20 5 -16 4 -12 8 -10 15 -7 21 -3 26 -3 31 -2 40 -2 43 -1 47 -7 ]
CSI_DATA,STA,E4:D1:24:F2:4F:00,-79,10,0,0,0,0,0,0,0,0,0,-97,0,1,0,2103719,0,389,0,0,2.49538,128,[-123 81 24 0 -47 -3 -38 0 -31 1 -24 -1 -18 -5 -13 -6 -9 -14 -6 -17 -5 -24 -8 -23 -8 -30 -7 -31 -11 -29 -16 -23 -15 -21 -17 -19 -12 -15 -12 -12 -12 -12 -7 -8 -4 -6 0 -4 7 -5 11 -3 15 -5 0 0 0 0 0 0 0 0 0 0 0 0 0 0 0 0 0 0 0 0 0 0 11 4 8 5 1 6 0 3 -7 8 -10 8 -11 11 -15 10 -17 17 -21 16 -19 19 -21 21 -17 26 -18 21 -13 24 -15 20 -13 13 -11 10 -15 4 -16 1 -20 -6 -27 -11 -33 -14 -40 -14 -46 -13 -52 -13 ]
CSI_DATA,STA,E4:D1:24:F2:4F:00,-78,10,0,0,0,0,0,0,0,0,0,-97,0,1,0,2140926,0,37,0,0,2.53843,128,[37 80 2 0 -7 49 1 38 2 34 -3 25 -4 15 -7 11 -13 8 -16 3 -22 -3 -25 -2 -26 0 -31 0 -28 4 -28 7 -26 6 -22 6 -21 7 -17 3 -10 7 -10 4 -7 -3 -3 -6 -1 -5 1 -9 5 -12 0 0 0 0 0 0 0 0 0 0 0 0 0 0 0 0 0 0 0 0 0 0 -2 -10 1 -7 3 -1 3 1 9 1 10 4 13 11 13 11 24 11 26 13 20 11 28 12 29 7 30 8 25 9 23 4 18 7 12 5 5 9 -1 12 -4 19 -8 24 -11 36 -16 39 -16 50 -15 54 ]
CSI_DATA,STA,E4:D1:24:F2:4F:00,-76,10,0,0,0,0,0,0,0,0,0,-97,0,1,0,2195729,0,37,0,0,2.5863,128,[37 80 2 0 -13 -50 -14 -43 -11 -35 -11 -27 -4 -24 0 -15 9 -11 12 -14 16 -9 19 -11 23 -15 23 -15 22 -17 22 -18 21 -18 17 -18 15 -15 12 -15 8 -13 7 -6 5 -4 5 0 4 3 3 6 5 12 0 0 0 0 0 0 0 0 0 0 0 0 0 0 0 0 0 0 0 0 0 0 3 13 0 11 -4 8 -4 3 -8 0 -10 -4 -13 -8 -20 -6 -22 -3 -24 -8 -28 -8 -29 -8 -32 -7 -32 -7 -28 -4 -28 -3 -23 -3 -20 -7 -12 -8 -8 -13 -6 -19 0 -28 -1 -35 0 -44 1 -53 -4 -58 ]
CSI_DATA,STA,E4:D1:24:F2:4F:00,-77,10,0,0,0,0,0,0,0,0,0,-97,0,1,0,2206122,0,389,0,0,2.62507,128,[-123 81 24 0 -45 21 -39 21 -35 19 -25 16 -23 12 -16 4 -13 0 -20 -7 -14 -13 -17 -14 -18 -15 -21 -19 -19 -15 -22 -15 -22 -14 -23 -9 -19 -10 -16 -9 -15 -7 -9 -6 -8 -5 -4 -6 0 -7 2 -8 7 -10 0 0 0 0 0 0 0 0 0 0 0 0 0 0 0 0 0 0 0 0 0 0 14 -1 11 -2 8 2 4 4 0 6 -3 8 -6 11 -5 15 -8 19 -10 20 -11 25 -7 29 -6 29 -6 30 -4 30 0 27 -4 24 -6 21 -6 16 -10 11 -14 8 -24 4 -34 3 -39 4 -44 4 -52 11 ]
CSI_DATA,STA,E4:D1:24:F2:4F:00,-78,10,0,0,0,0,0,0,0,0,0,-97,0,1,0,2410926,0,389,0,0,2.80193,128,[-123 81 24 0 10 -45 10 -38 4 -35 10 -23 5 -19 5 -6 7 0 8 4 10 13 13 10 22 17 16 16 24 16 23 15 24 12 22 9 21 11 14 7 16 6 11 3 4 5 0 2 -3 3 -6 4 -10 4 0 0 0 0 0 0 0 0 0 0 0 0 0 0 0 0 0 0 0 0 0 0 6 5 6 6 -1 5 0 0 -3 2 -6 -2 -12 -1 -13 -3 -20 -5 -22 -4 -25 -2 -28 0 -26 -1 -28 2 -26 1 -26 0 -18 0 -15 -2 -10 -6 0 -10 3 -19 7 -17 11 -27 13 -37 17 -41 18 -49 ]
CSI_DATA,STA,E4:D1:24:F2:4F:00,-77,10,0,0,0,0,0,0,0,0,0,-97,0,1,0,2615730,0,389,0,0,3.00666,128,[-123 81 24 0 -10 44 -10 38 -8 36 -8 26 -8 20 -10 13 -10 4 -16 -2 -17 -6 -23 -8 -27 -8 -28 -6 -33 -5 -30 -2 -26 -3 -24 1 -23 0 -21 3 -17 0 -16 1 -10 0 -4 -3 -2 -6 2 -8 6 -11 0 0 0 0 0 0 0 0 0 0 0 0 0 0 0 0 0 0 0 0 0 0 -4 -9 -1 -11 2 -4 1 1 3 1 6 6 7 9 11 8 17 7 20 11 21 12 24 12 26 10 27 10 23 5 21 6 20 10 13 7 4 11 1 11 -9 15 -9 24 -17 27 -21 33 -20 38 -23 47 ]
CSI_DATA,STA,E4:D1:24:F2:4F:00,-77,10,0,0,0,0,0,0,0,0,0,-97,0,1,0,2718132,0,389,0,0,3.10902,128,[-123 81 24 0 54 2 43 5 37 0 28 0 18 2 12 4 7 9 1 15 -3 16 -2 20 -5 28 -3 28 0 27 1 31 3 27 4 24 5 23 6 19 4 15 3 11 -2 5 -4 4 -5 1 -8 -1 -11 -2 0 0 0 0 0 0 0 0 0 0 0 0 0 0 0 0 0 0 0 0 0 0 -8 1 -7 -1 -6 -2 -3 -3 -1 -4 4 -8 5 -10 8 -14 10 -17 11 -19 9 -23 9 -28 10 -28 8 -30 8 -27 5 -26 6 -21 7 -16 10 -11 11 -5 16 1 22 8 31 9 36 12 47 14 52 15 ]
CSI_DATA,STA,E4:D1:24:F2:4F:00,-78,10,0,0,0,0,0,0,0,0,0,-97,0,1,0,2922936,0,389,0,0,3.31395,128,[-123 81 24 0 39 -31 36 -28 25 -23 25 -16 14 -12 19 -5 12 0 14 2 17 12 20 18 24 15 27 15 26 13 26 12 24 9 22 9 22 5 20 4 14 2 12 4 8 3 5 5 -1 6 -5 8 -9 10 0 0 0 0 0 0 0 0 0 0 0 0 0 0 0 0 0 0 0 0 0 0 -11 2 -10 0 -8 -1 -5 -5 -4 -5 -1 -9 3 -14 5 -16 2 -19 2 -22 -1 -26 -4 -29 -6 -30 -5 -29 -8 -26 -4 -27 -4 -21 -1 -21 5 -14 7 -10 15 -12 23 -13 31 -14 42 -15 44 -20 48 -25 ]
CSI_DATA,STA,E4:D1:24:F2:4F:00,-77,10,0,0,0,0,0,0,0,0,0,-97,0,1,0,3025338,0,389,0,0,3.41619,128,[-123 81 24 0 -23 -44 -23 -37 -20 -31 -15 -23 -11 -19 -6 -16 0 -14 6 -15 9 -17 11 -19 13 -21 11 -22 12 -25 11 -26 8 -26 6 -24 1 -25 0 -20 2 -16 2 -15 0 -10 4 -5 7 -2 8 0 10 3 0 0 0 0 0 0 0 0 0 0 0 0 0 0 0 0 0 0 0 0 0 0 -7 12 -6 8 -4 4 -8 2 -5 -2 -7 -5 -10 -6 -14 -10 -16 -9 -18 -12 -22 -11 -26 -11 -26 -11 -26 -9 -26 -6 -26 -5 -21 -4 -19 -4 -16 -9 -12 -12 -8 -17 -9 -24 -7 -28 -7 -37 -11 -42 -12 -49 ]
CSI_DATA,STA,E4:D1:24:F2:4F:00,-76,10,0,0,0,0,0,0,0,0,0,-97,0,1,0,3116193,0,64,0,0,3.50677,128,[64 0 4 0 -12 44 -7 34 -10 30 -6 21 -6 18 -9 12 -13 10 -15 8 -20 7 -20 9 -24 10 -23 15 -22 14 -20 16 -15 17 -15 19 -11 14 -9 14 -8 10 -6 7 -6 3 -6 0 -9 -3 -11 -5 -12 -7 0 0 0 0 0 0 0 0 0 0 0 0 0 0 0 0 0 0 0 0 0 0 10 4 7 4 6 6 3 6 1 9 -2 11 -2 11 -2 14 -3 19 -2 20 2 18 2 24 3 22 4 25 6 20 6 22 3 18 1 16 -4 18 -9 15 -11 20 -17 21 -20 28 -19 33 -24 36 -22 43 ]
CSI_DATA,STA,E4:D1:24:F2:4F:00,-76,10,0,0,0,0,0,0,0,0,0,-97,0,1,0,3127740,0,389,0,0,3.53784,128,[-123 81 24 0 -44 -15 -40 -12 -34 -11 -27 -8 -21 -9 -17 -12 -11 -13 -10 -18 -7 -21 -10 -25 -10 -26 -13 -27 -15 -26 -18 -24 -15 -22 -18 -18 -17 -14 -14 -12 -11 -9 -8 -8 -7 -10 -1 -9 3 -9 6 -11 10 -13 0 0 0 0 0 0 0 0 0 0 0 0 0 0 0 0 0 0 0 0 0 0 -3 11 -4 9 -4 6 -8 3 -10 1 -11 -2 -15 -1 -16 -2 -20 -1 -24 -2 -25 0 -27 0 -29 4 -27 4 -27 6 -26 7 -23 4 -23 4 -22 -1 -19 -8 -22 -14 -24 -19 -27 -21 -38 -28 -41 -27 -45 -30 ]
CSI_DATA,STA,E4:D1:24:F2:4F:00,-76,10,0,0,0,0,0,0,0,0,0,-97,0,1,0,3332544,0,389,0,0,3.72348,128,[-123 81 24 0 37 37 29 30 26 25 18 20 13 14 5 11 -4 11 -7 8 -15 9 -18 9 -25 14 -26 17 -26 18 -25 18 -20 17 -19 18 -18 17 -15 15 -12 11 -9 9 -5 4 -4 0 -1 -5 -3 -9 0 -12 0 0 0 0 0 0 0 0 0 0 0 0 0 0 0 0 0 0 0 0 0 0 -10 -3 -8 -3 -5 -5 -1 -4 1 -6 4 -7 8 -5 13 -10 16 -13 18 -17 16 -15 19 -19 18 -23 19 -21 15 -20 15 -19 14 -16 12 -12 11 -3 12 3 11 10 10 21 18 26 22 35 27 41 35 42 ]
CSI_DATA,STA,E4:D1:24:F2:4F:00,-78,10,0,0,0,0,0,0,0,0,0,-97,0,1,0,3537348,0,389,0,0,3.92831,128,[-123 81 24 0 -11 49 -11 46 -10 37 -5 31 -5 25 -5 15 -4 7 -8 1 -11 -5 -12 -9 -20 -16 -21 -11 -23 -13 -23 -17 -27 -14 -25 -15 -21 -12 -19 -11 -17 -11 -12 -7 -11 -7 -6 -8 -3 -8 0 -5 8 -4 0 0 0 0 0 0 0 0 0 0 0 0 0 0 0 0 0 0 0 0 0 0 -8 -5 -5 -5 -3 -2 -2 -3 2 0 6 0 7 1 12 4 15 5 18 4 20 2 25 1 25 0 27 0 25 -1 24 -3 21 -4 16 -3 11 1 8 6 0 10 -7 17 -11 25 -11 33 -16 42 -20 50 ]
CSI_DATA,STA,E4:D1:24:F2:4F:00,-78,10,0,0,0,0,0,0,0,0,0,-97,0,1,0,3639750,0,389,0,0,4.03054,128,[-123 81 24 0 -44 -28 -39 -24 -32 -16 -27 -14 -19 -11 -10 -10 2 -11 5 -9 10 -9 19 -15 19 -16 23 -20 21 -19 23 -25 20 -24 19 -24 18 -23 12 -22 14 -16 8 -11 5 -11 7 0 2 1 3 5 5 11 0 0 0 0 0 0 0 0 0 0 0 0 0 0 0 0 0 0 0 0 0 0 6 -2 3 0 0 0 -5 2 -1 3 -6 4 -6 7 -11 7 -10 12 -10 15 -9 17 -7 19 -7 23 -9 23 -6 23 -8 21 -5 19 -7 14 -7 8 -10 -1 -14 -9 -18 -12 -21 -20 -31 -28 -36 -29 -44 -37 ]
CSI_DATA,STA,E4:D1:24:F2:4F:00,-79,10,0,0,0,0,0,0,0,0,0,-97,0,1,0,3844555,0,389,0,0,4.23562,128,[-123 81 24 0 50 9 50 4 38 1 34 1 21 2 14 4 9 7 2 10 -2 13 -8 18 -6 23 -10 28 -10 27 -7 25 -11 27 -8 27 -5 27 4 21 -6 22 -4 13 -1 12 -5 1 -6 1 -7 -6 -8 -6 0 0 0 0 0 0 0 0 0 0 0 0 0 0 0 0 0 0 0 0 0 0 -9 5 -10 3 -3 0 -4 0 -1 -1 1 -6 4 -9 6 -15 7 -16 3 -21 5 -23 3 -31 3 -26 2 -27 -2 -28 -3 -25 -1 -21 1 -21 5 -14 8 -3 11 -1 17 7 27 12 33 12 44 14 52 19 ]
CSI_DATA,STA,E4:D1:24:F2:4F:00,-78,10,0,0,0,0,0,0,0,0,0,-97,0,1,0,4049359,0,389,0,0,4.44029,128,[-123 81 24 0 -17 -45 -15 -36 -14 -29 -6 -21 -5 -19 1 -13 9 -6 13 -8 18 -5 19 -3 23 -4 28 -3 25 -6 23 -9 20 -9 19 -12 18 -11 15 -8 11 -4 8 -2 6 -3 4 2 1 5 -2 8 -2 8 0 0 0 0 0 0 0 0 0 0 0 0 0 0 0 0 0 0 0 0 0 0 6 3 6 2 1 0 -3 1 -2 0 -3 -3 -15 0 -20 10 -15 0 -20 4 -19 5 -25 7 -20 2 -21 8 -24 6 -20 6 -19 6 -14 4 -11 -2 -10 -6 -10 -11 -2 -24 -6 -33 -2 -39 -6 -44 -10 -52 ]
CSI_DATA,STA,E4:D1:24:F2:4F:00,-79,10,0,0,0,0,0,0,0,0,0,-97,0,1,0,4195402,0,64,0,0,4.58608,128,[64 0 4 0 45 -22 38 -15 30 -10 23 -6 15 -2 10 3 6 12 1 15 0 17 -4 27 -3 27 -5 28 -2 32 1 29 0 28 3 28 4 24 2 20 1 12 1 9 2 8 -3 3 -3 -1 -5 -5 -8 -8 0 0 0 0 0 0 0 0 0 0 0 0 0 0 0 0 0 0 0 0 0 0 -2 8 -2 6 -1 1 -2 0 -2 -1 -3 -8 -7 -12 -8 -14 -13 -20 -10 -17 -13 -21 -17 -19 -18 -20 -19 -22 -17 -20 -18 -15 -15 -13 -5 -14 -1 -12 8 -11 15 -9 26 -8 32 -6 39 -11 45 -10 55 -19 ]
CSI_DATA,STA,E4:D1:24:F2:4F:00,-77,10,0,0,0,0,0,0,0,0,0,-97,0,1,0,4356584,0,389,0,0,4.74747,128,[-123 81 24 0 -44 -23 -36 -16 -36 -16 -23 -15 -21 -11 -12 -9 -6 -14 -3 -14 4 -14 5 -23 3 -25 8 -28 5 -28 2 -26 1 -24 -1 -25 -4 -21 0 -17 -4 -14 -1 -11 2 -9 4 -3 8 -3 5 -1 10 0 0 0 0 0 0 0 0 0 0 0 0 0 0 0 0 0 0 0 0 0 0 0 8 7 7 6 2 6 1 4 -3 4 -6 4 -11 4 -14 6 -19 6 -22 9 -21 9 -24 15 -23 12 -23 10 -25 16 -18 16 -19 11 -19 12 -15 5 -13 0 -16 -10 -19 -12 -20 -20 -28 -25 -34 -31 -39 -34 ]
CSI_DATA,STA,E4:D1:24:F2:4F:00,-78,10,0,0,0,0,0,0,0,0,0,-97,0,1,0,4561369,0,389,0,0,4.95227,128,[-123 81 24 0 -47 -9 -38 -6 -32 -5 -23 -3 -13 -3 -9 -4 2 -11 8 -12 11 -14 13 -18 14 -23 16 -22 19 -25 11 -25 12 -22 10 -23 3 -20 6 -18 6 -15 4 -9 2 -7 3 -2 1 2 0 8 0 8 0 0 0 0 0 0 0 0 0 0 0 0 0 0 0 0 0 0 0 0 0 0 1 -9 2 -6 3 -5 0 1 3 6 1 9 -1 10 1 15 0 20 6 20 1 24 4 28 5 25 5 25 7 23 2 21 5 15 -3 12 -5 4 -12 -1 -17 -4 -25 -9 -31 -11 -39 -11 -47 -13 -53 -15 ]
CSI_DATA,STA,E4:D1:24:F2:4F:00,-78,10,0,0,0,0,0,0,0,0,0,-97,0,1,0,4766164,0,389,0,0,5.15714,128,[-123 81 24 0 -8 -46 -5 -42 -9 -36 -4 -27 1 -22 3 -14 8 -9 8 -9 19 -7 23 -7 23 -9 27 -9 26 -11 28 -12 27 -12 24 -12 24 -14 15 -11 16 -10 12 -7 8 -4 3 -1 3 5 1 6 -2 11 0 0 0 0 0 0 0 0 0 0 0 0 0 0 0 0 0 0 0 0 0 0 0 11 0 10 -3 8 -5 4 -4 -1 -10 -2 -11 -7 -15 -7 -17 -9 -21 -10 -25 -11 -24 -12 -25 -10 -28 -7 -29 -9 -21 -5 -22 -7 -16 -5 -10 -6 -4 -14 -1 -16 3 -23 7 -32 9 -42 5 -44 5 -56 ]
CSI_DATA,STA,E4:D1:24:F2:4F:00,-78,10,0,0,0,0,0,0,0,0,0,-97,0,1,0,4868566,0,389,0,0,5.25965,128,[-123 81 24 0 22 -39 24 -41 16 -30 16 -23 13 -18 15 -12 18 -9 19 -3 20 0 26 1 29 -1 31 -1 33 -5 28 -3 28 -9 25 -8 22 -8 19 -4 15 -6 10 -4 8 0 3 4 5 7 1 13 2 16 0 0 0 0 0 0 0 0 0 0 0 0 0 0 0 0 0 0 0 0 0 0 -13 1 -11 1 -10 -2 -5 -3 -3 -6 -2 -11 -1 -13 1 -20 0 -21 2 -25 -1 -28 -3 -29 -5 -31 -9 -28 -7 -29 -8 -26 -8 -24 -3 -21 12 -17 19 -14 14 -17 22 -26 25 -21 34 -29 38 -35 36 -42 ]
CSI_DATA,STA,E4:D1:24:F2:4F:00,-79,10,0,0,0,0,0,0,0,0,0,-97,0,1,0,4951679,0,101,0,0,5.34236,128,[101 80 6 0 -41 -23 -40 -16 -29 -13 -28 -11 -13 -9 -5 -11 -1 -9 4 -13 15 -18 13 -20 13 -24 11 -25 14 -27 13 -30 10 -26 6 -25 9 -25 3 -20 3 -17 5 -9 2 -8 3 -3 3 5 5 7 8 11 0 0 0 0 0 0 0 0 0 0 0 0 0 0 0 0 0 0 0 0 0 0 9 -3 6 -1 3 2 0 1 -1 7 -6 8 -12 8 -12 12 -18 15 -18 20 -15 24 -16 23 -16 24 -15 25 -12 22 -11 17 -5 13 -14 11 -10 3 -13 -4 -19 -10 -18 -15 -26 -20 -34 -29 -39 -29 -44 -32 ]
CSI_DATA,STA,E4:D1:24:F2:4F:00,-79,10,0,0,0,0,0,0,0,0,0,-97,0,1,0,4970968,0,389,0,0,5.37551,128,[-123 81 24 0 0 -29 0 -22 -2 -22 -1 -13 0 -8 3 -5 6 -3 8 1 11 3 13 3 12 5 16 3 17 4 17 2 17 4 16 0 15 1 11 3 9 0 6 0 4 -1 2 1 -2 2 -5 1 -9 3 0 0 0 0 0 0 0 0 0 0 0 0 0 0 0 0 0 0 0 0 0 0 2 4 0 2 0 1 -3 0 -3 1 -5 -2 -8 -3 -10 -2 -10 -2 -15 -1 -15 -1 -15 0 -14 2 -17 0 -13 1 -13 1 -10 2 -8 -1 -5 -3 -2 -6 0 -8 1 -14 4 -19 5 -21 5 -27 6 -30 ]
CSI_DATA,STA,E4:D1:24:F2:4F:00,-78,10,0,0,0,0,0,0,0,0,0,-97,0,1,0,5175772,0,389,0,0,5.56675,128,[-123 81 24 0 -44 -22 -38 -16 -33 -13 -24 -13 -13 -11 -8 -9 -1 -11 7 -13 10 -16 13 -22 13 -27 15 -24 13 -26 12 -26 11 -26 8 -30 5 -23 4 -18 4 -17 5 -12 3 -8 0 1 6 4 2 7 5 11 0 0 0 0 0 0 0 0 0 0 0 0 0 0 0 0 0 0 0 0 0 0 9 -1 7 2 2 2 -1 5 -3 6 -8 9 -9 16 -11 15 -16 17 -16 22 -15 20 -16 25 -18 25 -16 27 -12 22 -11 21 -10 15 -12 7 -10 4 -13 -4 -14 -8 -22 -16 -29 -18 -33 -28 -41 -29 -46 -28 ]
CSI_DATA,STA,E4:D1:24:F2:4F:00,-80,10,0,0,0,0,0,0,0,0,0,-97,0,1,0,5235429,0,64,0,0,5.62609,128,[64 0 4 0 15 35 15 25 17 24 8 17 1 10 -3 7 -8 7 -16 6 -18 6 -23 6 -23 8 -27 12 -27 14 -23 12 -18 15 -20 14 -14 16 -11 12 -8 8 -8 8 -5 1 -1 1 -2 -3 -1 -8 1 -13 0 0 0 0 0 0 0 0 0 0 0 0 0 0 0 0 0 0 0 0 0 0 -7 -6 -4 -6 0 -4 3 -3 7 -3 9 -2 14 0 14 -4 16 -2 20 -5 20 -6 25 -8 22 -7 23 -11 22 -10 18 -11 15 -6 9 0 7 8 6 11 1 17 5 21 4 31 11 36 13 40 13 30 ]
CSI_DATA,STA,E4:D1:24:F2:4F:00,-80,10,0,0,0,0,0,0,0,0,0,-97,0,1,0,5278174,0,389,0,0,5.66874,128,[-123 81 24 0 44 14 41 9 27 9 25 9 15 12 10 14 1 10 -1 17 -7 21 -4 25 -9 27 -9 31 -5 33 -2 28 -5 31 2 31 4 24 1 22 0 14 -1 13 -7 5 -6 3 -9 -3 -11 -8 -14 -10 0 0 0 0 0 0 0 0 0 0 0 0 0 0 0 0 0 0 0 0 0 0 -16 -3 -10 -3 -3 -2 1 -3 2 -5 5 -15 8 -12 9 -9 16 -19 9 -17 14 -24 16 -24 22 -28 15 -26 15 -17 12 -22 8 -19 11 -18 9 -10 15 1 21 3 17 10 26 16 35 20 38 25 46 19 ]
CSI_DATA,STA,E4:D1:24:F2:4F:00,-80,10,0,0,0,0,0,0,0,0,0,-97,0,1,0,5585381,0,389,0,0,5.97629,128,[-123 81 24 0 4 -43 -1 -44 5 -35 0 -23 5 -17 7 -10 9 -8 13 -1 18 3 21 4 28 6 30 7 29 1 27 2 28 -2 24 0 25 -3 19 -4 16 -1 12 -2 9 2 3 5 -3 9 -5 7 -12 11 0 0 0 0 0 0 0 0 0 0 0 0 0 0 0 0 0 0 0 0 0 0 -1 8 -1 6 1 3 -6 -1 -7 -3 -8 -2 -13 -8 -13 -5 -15 -7 -19 -8 -24 -8 -27 -4 -27 -7 -26 -5 -22 -4 -25 -4 -15 -8 -15 -8 -10 -8 -1 -11 1 -17 6 -25 13 -28 13 -37 13 -44 12 -53 ]
CSI_DATA,STA,E4:D1:24:F2:4F:00,-79,10,0,0,0,0,0,0,0,0,0,-97,0,1,0,5790185,0,389,0,0,6.18116,128,[-123 81 24 0 43 -24 34 -22 28 -18 19 -14 15 -4 8 2 3 8 1 16 6 22 0 23 5 28 9 33 12 32 12 33 10 26 12 22 10 23 10 19 10 13 4 10 3 6 -4 2 -10 -1 -13 -4 -15 -9 0 0 0 0 0 0 0 0 0 0 0 0 0 0 0 0 0 0 0 0 0 0 -5 5 -5 3 -4 1 -3 -3 -3 -8 -6 -11 -8 -15 -8 -17 -8 -18 -7 -21 -15 -21 -12 -23 -17 -23 -14 -21 -16 -21 -10 -19 -11 -15 -5 -14 0 -14 10 -11 19 -9 28 -11 34 -12 40 -12 47 -15 50 -21 ]
CSI_DATA,STA,E4:D1:24:F2:4F:00,-79,10,0,0,0,0,0,0,0,0,0,-97,0,1,0,5958882,0,101,0,0,6.34959,128,[101 80 6 0 28 42 20 40 15 33 9 23 9 16 -3 17 -6 8 -15 9 -16 12 -24 14 -26 19 -24 18 -23 19 -21 16 -19 20 -19 24 -16 22 -12 16 -8 13 -5 11 -6 3 -5 0 -2 -8 -6 -12 -2 -14 0 0 0 0 0 0 0 0 0 0 0 0 0 0 0 0 0 0 0 0 0 0 -6 -12 -5 -11 0 -7 3 -4 5 -2 5 0 11 0 16 2 23 0 26 -5 34 -3 32 -2 29 0 30 -6 27 -4 27 -4 24 -3 21 -2 14 4 13 13 10 19 10 22 8 36 10 44 9 49 20 53 ]
CSI_DATA,STA,E4:D1:24:F2:4F:00,-77,10,0,0,0,0,0,0,0,0,0,-97,0,1,0,5994989,0,389,0,0,6.38544,128,[-123 81 24 0 47 -20 38 -16 30 -13 22 -5 17 -1 14 3 13 8 12 16 18 21 17 21 24 24 23 21 24 19 25 19 24 12 25 10 24 8 19 5 14 6 7 3 1 3 -5 9 -4 8 -9 8 -13 12 0 0 0 0 0 0 0 0 0 0 0 0 0 0 0 0 0 0 0 0 0 0 -8 -5 -8 -8 -6 -8 0 -7 3 -7 7 -11 9 -11 10 -18 9 -19 9 -19 10 -22 9 -26 11 -26 6 -27 9 -25 8 -23 7 -20 11 -13 13 -10 22 -9 23 -2 32 1 39 -1 47 2 54 -4 61 -6 ]
CSI_DATA,STA,E4:D1:24:F2:4F:00,-78,10,0,0,0,0,0,0,0,0,0,-97,0,1,0,6097391,0,389,0,0,6.48831,128,[-123 81 24 0 39 -37 32 -28 26 -26 21 -18 16 -9 13 -3 13 2 16 9 16 9 20 12 26 16 28 12 32 12 29 10 29 9 28 6 29 5 21 -1 20 -1 8 2 5 0 3 5 -3 8 -6 9 -6 11 0 0 0 0 0 0 0 0 0 0 0 0 0 0 0 0 0 0 0 0 0 0 -11 -1 -11 -3 -7 0 -4 -4 -2 -7 2 -12 1 -13 3 -19 4 -21 -5 -25 7 -19 3 -24 -5 -31 -3 -30 -7 -30 -6 -27 -5 -21 0 -20 6 -13 11 -15 19 -12 25 -15 35 -16 43 -22 48 -25 52 -28 ]
CSI_DATA,STA,E4:D1:24:F2:4F:00,-77,10,0,0,0,0,0,0,0,0,0,-97,0,1,0,6302195,0,389,0,0,6.69315,128,[-123 81 24 0 -5 -45 -6 -38 -4 -29 -2 -26 3 -15 6 -10 12 -7 16 -5 20 -5 25 -5 26 -5 26 -7 26 -8 25 -11 25 -12 19 -14 19 -11 15 -11 11 -10 10 -5 4 0 3 3 2 6 -1 10 -2 13 0 0 0 0 0 0 0 0 0 0 0 0 0 0 0 0 0 0 0 0 0 0 3 9 -1 6 -3 2 -5 0 -6 -3 -11 -5 -13 -6 -16 -10 -20 -12 -21 -10 -26 -9 -25 -8 -26 -7 -28 -6 -25 -4 -20 -6 -15 -7 -15 -6 -10 -11 -2 -13 -1 -23 2 -25 6 -36 5 -41 4 -47 2 -49 ]
CSI_DATA,STA,E4:D1:24:F2:4F:00,-78,10,0,0,0,0,0,0,0,0,0,-97,0,1,0,6316561,0,64,0,0,6.72612,128,[64 0 4 0 39 -13 33 -13 27 -9 17 -6 16 -4 14 3 4 9 9 16 10 17 9 23 12 26 14 23 15 22 19 19 18 18 19 15 14 12 17 13 9 8 8 5 1 3 -3 4 -7 3 -10 2 -17 3 0 0 0 0 0 0 0 0 0 0 0 0 0 0 0 0 0 0 0 0 0 0 -10 -3 -6 -3 -3 -6 1 -4 2 -8 2 -9 7 -15 7 -14 5 -18 4 -21 5 -22 5 -23 7 -23 5 -21 3 -21 -1 -22 3 -19 7 -14 11 -9 17 -6 20 -5 28 -2 34 1 42 0 48 0 48 -6 ]
CSI_DATA,STA,E4:D1:24:F2:4F:00,-79,10,0,0,0,0,0,0,0,0,0,-97,0,1,0,6366638,0,125,0,0,6.76667,128,[125 -48 7 0 -45 4 -39 5 -28 6 -24 2 -17 1 -9 -5 -10 -13 -7 -14 -7 -22 -7 -23 -6 -27 -16 -28 -12 -26 -16 -27 -16 -22 -20 -22 -15 -16 -15 -16 -12 -13 -8 -8 -3 -9 4 -4 7 -3 9 -3 13 -2 0 0 0 0 0 0 0 0 0 0 0 0 0 0 0 0 0 0 0 0 0 0 8 1 7 2 4 6 1 2 -6 6 -6 8 -7 11 -7 13 -15 17 -11 20 -13 22 -11 24 -11 24 -9 28 -6 21 -7 22 -7 17 -11 15 -12 8 -14 -2 -21 -2 -26 -12 -39 0 -44 -6 -48 -8 -50 -4 ]
CSI_DATA,STA,E4:D1:24:F2:4F:00,-79,10,0,0,0,0,0,0,0,0,0,-97,0,1,0,6506999,0,389,0,0,6.8979,128,[-123 81 24 0 -39 34 -34 29 -31 26 -22 25 -16 13 -13 7 -10 -4 -13 -7 -14 -8 -15 -21 -16 -22 -19 -25 -23 -21 -23 -20 -26 -17 -23 -13 -17 -12 -18 -11 -15 -10 -12 -9 -7 -8 -4 -8 1 -6 5 -9 13 -5 0 0 0 0 0 0 0 0 0 0 0 0 0 0 0 0 0 0 0 0 0 0 5 -11 4 -6 1 -5 3 2 2 1 1 6 0 11 -1 17 2 18 2 17 8 27 14 26 7 25 10 28 14 27 13 23 18 21 8 18 -2 18 -4 9 -12 10 -21 10 -34 20 -42 24 -47 19 -50 25 ]
CSI_DATA,STA,E4:D1:24:F2:4F:00,-80,10,0,0,0,0,0,0,0,0,0,-97,0,1,0,6711803,0,389,0,0,7.10276,128,[-123 81 24 0 17 44 16 39 15 28 9 23 9 15 0 11 -3 7 -13 6 -16 1 -24 7 -25 4 -29 8 -28 7 -26 11 -30 9 -21 12 -21 12 -17 8 -14 6 -13 5 -5 1 -6 -1 1 -8 1 -9 6 -11 0 0 0 0 0 0 0 0 0 0 0 0 0 0 0 0 0 0 0 0 0 0 -10 -2 -11 -3 -5 -2 0 -1 1 0 9 -4 12 -3 16 1 21 -9 25 -3 23 -12 25 -12 28 -19 27 -15 24 -13 18 -20 15 -11 15 -6 10 -4 5 2 6 12 4 19 5 30 7 35 10 48 8 51 ]
CSI_DATA,STA,E4:D1:24:F2:4F:00,-79,10,0,0,0,0,0,0,0,0,0,-97,0,1,0,6916608,0,389,0,0,7.30759,128,[-123 81 24 0 50 -15 43 -16 35 -14 27 -11 22 -5 14 -2 12 4 13 10 11 18 9 21 13 22 14 25 14 28 15 25 17 22 17 19 16 20 15 15 11 13 8 10 2 9 -5 3 -6 5 -10 5 -11 3 0 0 0 0 0 0 0 0 0 0 0 0 0 0 0 0 0 0 0 0 0 0 -11 5 -9 4 -9 3 -4 -2 3 -4 4 -10 2 -11 3 -15 6 -18 1 -23 3 -27 2 -28 -2 -30 -2 -31 -4 -27 -2 -32 -4 -22 0 -20 2 -14 10 -12 12 -7 21 -2 28 -4 42 -3 49 -2 55 -9 ]
CSI_DATA,STA,E4:D1:24:F2:4F:00,-78,10,0,0,0,0,0,0,0,0,0,-97,0,1,0,6960192,0,101,0,0,7.35053,128,[101 80 6 0 -36 27 -29 27 -26 23 -20 17 -14 8 -12 4 -12 -3 -10 -6 -12 -13 -14 -17 -16 -22 -14 -21 -17 -24 -21 -20 -20 -20 -18 -17 -19 -15 -16 -15 -12 -10 -10 -6 -6 -7 1 -7 4 -4 7 -5 12 -2 0 0 0 0 0 0 0 0 0 0 0 0 0 0 0 0 0 0 0 0 0 0 -1 -31 -4 -12 -13 -3 -1 0 4 -1 4 6 3 11 4 13 7 18 8 19 12 21 14 22 15 24 15 23 12 22 14 19 10 16 6 12 2 11 -4 10 -13 10 -24 10 -29 14 -34 19 -40 20 -43 23 ]
CSI_DATA,STA,E4:D1:24:F2:4F:00,-78,10,0,0,0,0,0,0,0,0,0,-97,0,1,0,7019010,0,389,0,0,7.40974,128,[-123 81 24 0 46 -27 35 -24 31 -18 22 -12 17 -8 13 1 8 6 5 12 8 18 10 26 13 26 16 26 14 29 16 30 15 24 18 20 15 21 15 15 11 14 5 7 3 5 -3 3 -8 2 -11 -1 -15 -1 0 0 0 0 0 0 0 0 0 0 0 0 0 0 0 0 0 0 0 0 0 0 -7 8 -5 4 -6 0 -3 -4 2 -7 -3 -9 -3 -14 -6 -21 -6 -21 -3 -24 -6 -26 -13 -28 -13 -28 -10 -29 -11 -25 -10 -25 -5 -21 -2 -15 4 -11 11 -7 19 -10 28 -7 37 -7 43 -11 49 -15 57 -18 ]
CSI_DATA,STA,E4:D1:24:F2:4F:00,-77,10,0,0,0,0,0,0,0,0,0,-97,0,1,0,7121412,0,389,0,0,7.51233,128,[-123 81 24 0 16 46 17 37 13 28 7 19 5 15 -4 12 -9 8 -13 9 -20 7 -23 11 -31 12 -29 14 -28 14 -25 16 -22 16 -22 20 -16 16 -15 12 -12 11 -13 4 -7 1 -8 -1 -5 -7 -2 -10 0 -15 0 0 0 0 0 0 0 0 0 0 0 0 0 0 0 0 0 0 0 0 0 0 -2 -10 -2 -6 3 -5 6 -1 6 -1 10 0 13 -3 13 1 19 3 21 4 24 2 24 0 26 -2 26 -3 23 -2 21 1 17 -1 13 1 11 7 7 15 4 20 1 27 0 35 5 40 7 47 9 52 ]
CSI_DATA,STA,E4:D1:24:F2:4F:00,-77,10,0,0,0,0,0,0,0,0,0,-97,0,1,0,7223814,0,389,0,0,7.61475,128,[-123 81 24 0 39 -7 34 -7 27 -5 20 -4 13 0 11 4 6 10 10 13 11 18 10 21 13 21 14 21 15 21 19 18 19 18 19 16 16 12 15 9 11 6 7 6 5 4 1 6 -5 6 -9 6 -10 10 0 0 0 0 0 0 0 0 0 0 0 0 0 0 0 0 0 0 0 0 0 0 -6 -7 -5 -7 -1 -5 1 -7 5 -7 8 -9 10 -11 13 -13 11 -15 14 -15 12 -21 14 -19 13 -20 12 -21 8 -20 10 -17 9 -13 12 -10 12 -7 16 -2 18 1 27 3 33 6 40 6 44 4 47 3 ]
CSI_DATA,STA,E4:D1:24:F2:4F:00,-78,10,0,0,0,0,0,0,0,0,0,-97,0,1,0,7326216,0,389,0,0,7.71713,128,[-123 81 24 0 -48 16 -36 11 -31 13 -22 10 -18 5 -14 0 -9 -6 -11 -14 -7 -17 -11 -20 -9 -26 -12 -27 -13 -26 -15 -27 -13 -25 -16 -25 -16 -20 -15 -20 -14 -12 -8 -12 -3 -7 1 -6 4 -3 7 -1 11 -2 0 0 0 0 0 0 0 0 0 0 0 0 0 0 0 0 0 0 0 0 0 0 6 -4 4 -3 2 1 1 4 -1 5 0 10 0 13 -2 15 -2 16 -3 25 -4 22 1 26 4 27 3 26 3 26 3 23 1 20 2 14 -6 9 -10 3 -18 2 -28 2 -33 0 -41 0 -47 5 -50 7 ]
CSI_DATA,STA,E4:D1:24:F2:4F:00,-77,10,0,0,0,0,0,0,0,0,0,-97,0,1,0,7395046,0,64,0,0,7.78557,128,[64 0 4 0 7 47 8 38 8 31 4 20 -2 13 -6 7 -10 0 -16 -5 -24 -4 -24 -6 -31 -6 -33 -7 -34 -2 -32 1 -31 0 -28 2 -27 2 -20 3 -17 2 -12 2 -6 -1 -5 -3 2 -5 5 -7 10 -8 0 0 0 0 0 0 0 0 0 0 0 0 0 0 0 0 0 0 0 0 0 0 -7 -6 -2 -5 -1 -6 3 -2 8 -1 10 -1 14 -1 20 -3 22 -3 21 -5 25 -5 26 -8 26 -8 26 -9 23 -7 23 -4 15 -1 13 1 7 7 2 14 0 23 -4 29 -5 37 -4 43 -2 51 0 56 ]
CSI_DATA,STA,E4:D1:24:F2:4F:00,-78,10,0,0,0,0,0,0,0,0,0,-97,0,1,0,7531020,0,389,0,0,7.92195,128,[-123 81 24 0 22 41 19 31 18 24 11 21 8 16 0 12 -8 9 -11 12 -13 14 -16 17 -19 22 -17 23 -19 23 -13 24 -13 21 -12 24 -8 19 -7 16 -4 14 -8 8 -6 5 -4 1 -7 -3 -10 -8 -9 -7 0 0 0 0 0 0 0 0 0 0 0 0 0 0 0 0 0 0 0 0 0 0 -1 -11 1 -10 2 -7 2 -2 6 -1 8 0 10 3 16 4 19 4 20 6 25 4 24 -1 27 0 29 -1 25 -1 25 -2 21 -1 18 3 14 6 9 10 6 16 6 26 8 31 8 38 11 46 15 48 ]CSI_DATA,STA,E4:D1:24:F2:4F:00,-78,10,0,0,0,0,0,0,0,0,0,-97,0,1,0,7633422,0,389,0,0,8.02432,128,[-123 81 24 0 -46 9 -38 9 -30 7 -24 5 -15 1 -6 -5 -3 -10 -1 -14 2 -19 6 -23 4 -26 6 -30 5 -29 2 -26 -1 -28 0 -26 -1 -22 -2 -17 -1 -17 -3 -9 1 -7 3 -3 1 3 3 7 7 11 0 0 0 0 0 0 0 0 0 0 0 0 0 0 0 0 0 0 0 0 0 0 1 -9 3 -4 2 -3 1 3 1 5 3 8 4 15 9 24 2 23 9 21 10 24 10 24 11 22 12 22 9 21 9 19 7 15 0 9 -2 9 -10 4 -17 2 -26 0 -36 -2 -44 -3 -49 1 -54 4 ]
CSI_DATA,STA,E4:D1:24:F2:4F:00,-78,10,0,0,0,0,0,0,0,0,0,-97,0,1,0,7735825,0,389,0,0,8.12678,128,[-123 81 24 0 -20 42 -14 37 -14 31 -10 21 -12 16 -10 9 -10 0 -11 -1 -16 -8 -21 -9 -22 -10 -24 -7 -26 -8 -27 -7 -24 -7 -25 -2 -23 -2 -22 -1 -16 -2 -11 -3 -8 -1 -5 -2 0 -6 3 -8 6 -7 0 0 0 0 0 0 0 0 0 0 0 0 0 0 0 0 0 0 0 0 0 0 2 -10 3 -8 2 -6 2 -1 3 1 5 6 5 10 8 11 12 14 13 16 15 15 17 19 18 15 19 17 19 15 15 14 16 10 11 11 3 9 -1 13 -6 15 -12 14 -21 22 -25 27 -28 35 -30 40 ]
CSI_DATA,STA,E4:D1:24:F2:4F:00,-78,10,0,0,0,0,0,0,0,0,0,-97,0,1,0,7838227,0,389,0,0,8.22922,128,[-123 81 24 0 -46 7 -40 10 -30 8 -24 5 -15 1 -10 -5 -10 -9 -6 -15 -3 -19 -3 -25 -5 -25 -6 -31 -7 -30 -11 -30 -14 -29 -11 -24 -10 -22 -10 -17 -8 -14 -7 -12 -3 -8 -3 -3 5 -1 7 1 13 5 0 0 0 0 0 0 0 0 0 0 0 0 0 0 0 0 0 0 0 0 0 0 8 -6 8 -3 5 -1 2 1 1 5 -1 7 -1 14 -1 14 -2 19 -3 21 -1 26 -2 25 -1 30 0 29 2 26 1 26 2 20 -5 13 -6 13 -11 7 -15 4 -24 -1 -32 -1 -42 0 -48 -1 -50 4 ]
CSI_DATA,STA,E4:D1:24:F2:4F:00,-78,10,0,0,0,0,0,0,0,0,0,-97,0,1,0,7940629,0,389,0,0,8.33156,128,[-123 81 24 0 -52 11 -43 11 -36 9 -25 9 -18 4 -16 -2 -8 -9 -4 -15 -1 -18 -2 -27 -1 -26 -2 -33 -6 -34 -8 -35 -6 -29 -7 -31 -9 -26 -7 -19 -6 -16 -5 -14 1 -9 2 -3 5 0 7 4 10 7 0 0 0 0 0 0 0 0 0 0 0 0 0 0 0 0 0 0 0 0 0 0 7 -9 4 -7 4 0 1 1 2 7 0 9 3 11 -1 21 -1 22 0 25 5 28 1 31 8 30 8 30 10 28 8 27 5 20 1 16 -6 12 -10 6 -19 3 -28 0 -36 0 -45 -1 -52 1 -57 2 ]
CSI_DATA,STA,E4:D1:24:F2:4F:00,-79,10,0,0,0,0,0,0,0,0,0,-97,0,1,0,8145433,0,389,0,0,8.53638,128,[-123 81 24 0 35 -23 30 -22 22 -15 12 -10 8 -6 9 3 9 12 7 16 9 19 10 21 11 29 13 28 16 30 16 23 13 20 16 19 15 14 14 11 8 8 6 7 0 4 -3 7 -7 2 -15 -1 -13 -5 0 0 0 0 0 0 0 0 0 0 0 0 0 0 0 0 0 0 0 0 0 0 -6 6 -3 4 -5 2 -5 -3 -2 -9 -2 -12 -8 -16 -7 -20 -5 -21 -8 -21 -16 -21 -17 -25 -15 -24 -12 -23 -15 -20 -10 -20 -7 -17 -2 -12 4 -8 7 -8 19 -9 25 -9 32 -13 42 -15 43 -22 49 -24 ]
CSI_DATA,STA,E4:D1:24:F2:4F:00,-77,10,0,0,0,0,0,0,0,0,0,-97,0,1,0,8247835,0,389,0,0,8.63877,128,[-123 81 24 0 -23 34 -20 33 -11 23 -11 15 -10 9 -11 1 -9 -4 -15 -11 -15 -13 -17 -19 -22 -20 -25 -19 -28 -14 -26 -13 -25 -11 -21 -7 -20 -6 -17 -5 -14 -4 -9 -1 -5 -1 0 1 5 -3 9 -4 12 -5 0 0 0 0 0 0 0 0 0 0 0 0 0 0 0 0 0 0 0 0 0 0 3 -10 1 -8 6 -4 4 1 6 5 6 8 10 10 11 17 16 16 17 16 18 20 21 19 18 18 20 16 17 12 13 10 11 11 3 13 1 9 -9 12 -16 15 -24 17 -25 22 -31 26 -32 34 -36 38 ]
CSI_DATA,STA,E4:D1:24:F2:4F:00,-77,10,0,0,0,0,0,0,0,0,0,-97,0,1,0,8350237,0,389,0,0,8.74115,128,[-123 81 24 0 -47 6 -39 5 -31 3 -24 6 -17 -1 -11 -2 -6 -9 -3 -16 -3 -20 -2 -22 -3 -29 -7 -31 -8 -31 -7 -28 -15 -27 -10 -27 -11 -21 -11 -17 -11 -14 -5 -9 -3 -6 -2 -3 5 0 7 1 12 5 0 0 0 0 0 0 0 0 0 0 0 0 0 0 0 0 0 0 0 0 0 0 11 0 9 3 4 3 0 6 -2 11 -5 12 -4 15 -6 17 -10 21 -13 24 -6 26 -9 25 -7 25 -6 24 -6 21 -5 23 -6 16 -8 9 -11 6 -18 1 -18 -4 -26 -6 -31 -6 -42 -8 -48 -8 -53 -7 ]
CSI_DATA,STA,E4:D1:24:F2:4F:00,-77,10,0,0,0,0,0,0,0,0,0,-97,0,1,0,8435465,0,64,0,0,8.82612,128,[64 0 4 0 -46 -25 -38 -20 -33 -17 -27 -13 -17 -8 -6 -8 0 -14 8 -16 7 -21 14 -21 15 -26 15 -29 15 -29 12 -29 10 -30 6 -28 3 -25 6 -26 5 -20 5 -15 2 -9 2 -6 4 1 3 5 6 7 0 0 0 0 0 0 0 0 0 0 0 0 0 0 0 0 0 0 0 0 0 0 11 4 7 5 5 6 3 6 -5 7 -9 7 -11 11 -14 13 -15 15 -18 16 -20 16 -20 18 -22 23 -15 18 -20 20 -15 19 -14 16 -15 11 -16 5 -15 -5 -16 -9 -19 -19 -29 -25 -32 -32 -38 -32 -43 -36 ]
CSI_DATA,STA,E4:D1:24:F2:4F:00,-79,10,0,0,0,0,0,0,0,0,0,-97,0,1,0,8555042,0,389,0,0,8.94587,128,[-123 81 24 0 44 8 37 6 30 5 27 8 20 5 14 6 8 11 6 13 3 19 3 24 5 21 5 26 9 26 8 26 12 22 10 20 11 20 13 16 9 12 6 9 4 9 -1 7 -7 4 -8 3 -12 2 0 0 0 0 0 0 0 0 0 0 0 0 0 0 0 0 0 0 0 0 0 0 -8 -11 -4 -9 -3 -7 0 -5 5 -3 6 -5 9 -4 12 -8 15 -11 18 -11 19 -14 24 -13 22 -16 21 -17 22 -18 17 -16 15 -14 19 -12 17 -6 17 1 18 6 22 11 29 17 33 23 36 21 47 22 ]
CSI_DATA,STA,E4:D1:24:F2:4F:00,-78,10,0,0,0,0,0,0,0,0,0,-97,0,1,0,8759846,0,389,0,0,9.15079,128,[-123 81 24 0 31 -36 26 -31 22 -27 16 -20 13 -13 12 -9 9 2 16 4 15 11 16 14 18 18 19 15 24 13 25 12 25 8 23 9 20 7 17 7 15 3 11 3 6 2 3 2 -2 3 -7 5 -10 6 0 0 0 0 0 0 0 0 0 0 0 0 0 0 0 0 0 0 0 0 0 0 -10 8 -9 4 -7 4 -5 -1 -5 -4 -3 -9 -5 -10 -4 -16 -8 -20 -7 -24 -9 -25 -10 -25 -8 -26 -14 -24 -12 -21 -13 -24 -8 -17 -3 -17 0 -15 6 -14 14 -13 21 -18 29 -18 33 -23 40 -25 40 -31 ]
CSI_DATA,STA,E4:D1:24:F2:4F:00,-78,10,0,0,0,0,0,0,0,0,0,-97,0,1,0,8862248,0,389,0,0,9.25327,128,[-123 81 24 0 -26 42 -21 36 -16 30 -15 23 -14 11 -7 7 -10 -3 -11 -7 -15 -17 -18 -19 -20 -20 -21 -20 -27 -21 -27 -17 -23 -15 -23 -14 -21 -11 -19 -8 -15 -7 -11 -4 -4 -5 -5 -6 2 -3 8 -3 9 -3 0 0 0 0 0 0 0 0 0 0 0 0 0 0 0 0 0 0 0 0 0 0 -3 -13 1 -9 0 -6 1 -4 5 2 7 4 10 9 15 11 17 13 18 14 20 16 24 13 23 18 27 14 23 14 22 13 17 12 14 13 6 11 -3 14 -8 13 -19 19 -20 22 -27 27 -31 36 -37 42 ]
CSI_DATA,STA,E4:D1:24:F2:4F:00,-78,10,0,0,0,0,0,0,0,0,0,-97,0,1,0,9067052,0,389,0,0,9.45803,128,[-123 81 24 0 49 15 41 8 34 9 27 9 21 10 15 10 6 13 5 19 1 23 4 25 3 26 5 29 6 30 7 26 10 27 11 23 11 18 6 16 8 14 5 8 2 5 -2 5 -7 3 -11 3 -14 4 0 0 0 0 0 0 0 0 0 0 0 0 0 0 0 0 0 0 0 0 0 0 -6 -11 -6 -9 -2 -8 0 -9 3 -4 7 -7 15 -5 16 -5 19 -7 21 -8 22 -12 26 -15 25 -17 20 -18 22 -18 23 -17 19 -13 17 -8 15 -5 16 1 22 8 21 13 29 19 34 23 44 27 50 26 ]
CSI_DATA,STA,E4:D1:24:F2:4F:00,-78,10,0,0,0,0,0,0,0,0,0,-97,0,1,0,9169454,0,389,0,0,9.56035,128,[-123 81 24 0 -23 -49 -21 -37 -17 -33 -15 -27 -7 -19 -3 -19 5 -11 11 -16 13 -12 19 -15 20 -15 21 -18 23 -22 21 -20 18 -21 18 -21 13 -19 10 -14 8 -12 5 -12 4 -7 7 -3 4 2 4 7 4 10 0 0 0 0 0 0 0 0 0 0 0 0 0 0 0 0 0 0 0 0 0 0 4 13 4 11 1 8 -1 5 -4 0 -12 0 -13 -2 -16 -1 -19 -3 -24 -5 -29 -2 -28 -2 -31 4 -31 5 -30 3 -29 3 -24 2 -21 1 -14 -4 -14 -10 -11 -17 -6 -26 -6 -32 -11 -40 -13 -47 -16 -55 ]
CSI_DATA,STA,E4:D1:24:F2:4F:00,-78,10,0,0,0,0,0,0,0,0,0,-97,0,1,0,9271856,0,389,0,0,9.66276,128,[-123 81 24 0 -42 -8 -36 -5 -30 -3 -24 -8 -16 -6 -11 -10 -6 -11 -3 -17 -6 -21 -2 -27 -6 -27 -8 -26 -11 -26 -13 -22 -15 -19 -13 -20 -10 -21 -15 -17 -9 -11 -3 -11 -3 -6 0 -4 5 -4 10 -7 10 -5 0 0 0 0 0 0 0 0 0 0 0 0 0 0 0 0 0 0 0 0 0 0 4 5 3 6 -1 6 -4 7 -6 5 -9 4 -13 6 -14 9 -16 9 -21 11 -19 11 -24 14 -18 12 -20 15 -17 14 -17 16 -14 14 -15 10 -17 0 -18 -3 -20 -9 -22 -15 -30 -17 -35 -20 -39 -20 -47 -20 ]
CSI_DATA,STA,E4:D1:24:F2:4F:00,-79,10,0,0,0,0,0,0,0,0,0,-97,0,1,0,9374258,0,389,0,0,9.76522,128,[-123 81 24 0 -16 47 -13 43 -9 33 -2 24 -6 15 -11 4 -15 -3 -15 -7 -20 -9 -20 -10 -28 -12 -29 -10 -29 -8 -29 -7 -26 -4 -27 -2 -21 -1 -18 0 -18 -3 -11 2 -8 -2 -2 -4 4 -4 5 -7 8 -8 0 0 0 0 0 0 0 0 0 0 0 0 0 0 0 0 0 0 0 0 0 0 0 -10 -2 -6 1 -3 3 -6 7 4 7 5 9 3 17 11 18 11 19 14 25 7 25 16 24 16 27 13 22 9 23 2 19 6 16 10 5 9 0 8 -8 19 -13 29 -23 30 -22 38 -19 43 -23 53 ]
CSI_DATA,STA,E4:D1:24:F2:4F:00,-75,10,0,0,0,0,0,0,0,0,0,-97,0,1,0,9476714,0,389,0,0,9.86761,128,[-123 81 24 0 18 -25 12 -20 11 -21 8 -14 8 -10 4 -5 7 1 6 2 9 9 8 11 10 10 10 12 9 11 15 10 13 7 13 11 11 7 9 4 10 3 4 5 4 -1 0 4 0 3 -2 4 -3 0 0 0 0 0 0 0 0 0 0 0 0 0 0 0 0 0 0 0 0 0 0 0 0 6 0 3 -1 2 -1 1 -4 -2 -4 -3 -6 -6 -7 -5 -10 -8 -11 -10 -9 -10 -13 -12 -15 -11 -14 -11 -14 -9 -14 -7 -11 -6 -11 -5 -5 -5 0 -8 5 -8 6 -12 16 -14 19 -19 21 -22 20 -24 ]
CSI_DATA,STA,E4:D1:24:F2:4F:00,-79,10,0,0,0,0,0,0,0,0,0,-97,0,1,0,9517606,0,64,0,0,9.90821,128,[64 0 4 0 -50 8 -46 10 -33 8 -29 0 -24 -1 -17 -2 -12 -7 -11 -15 -9 -19 -12 -23 -13 -24 -15 -25 -13 -27 -22 -21 -19 -21 -21 -17 -15 -14 -13 -9 -13 -9 -11 -7 -5 -3 -3 -7 4 -6 6 -9 11 -10 0 0 0 0 0 0 0 0 0 0 0 0 0 0 0 0 0 0 0 0 0 0 8 5 7 7 5 8 -2 5 -3 3 -8 8 -8 7 -13 10 -15 15 -14 20 -13 19 -19 23 -18 25 -19 28 -17 24 -10 25 -16 19 -16 14 -14 10 -17 7 -25 1 -26 0 -36 -7 -43 -14 -49 -7 -59 -5 ]
CSI_DATA,STA,E4:D1:24:F2:4F:00,-78,10,0,0,0,0,0,0,0,0,0,-97,0,1,0,9886270,0,389,0,0,10.2772,128,[-123 81 24 0 34 -28 28 -27 20 -22 16 -16 15 -8 12 -2 11 1 15 8 14 13 15 16 35 23 13 24 27 10 26 13 25 10 22 8 20 4 18 2 12 0 7 1 6 4 2 4 -4 5 -6 7 -8 12 0 0 0 0 0 0 0 0 0 0 0 0 0 0 0 0 0 0 0 0 0 0 -9 2 -6 1 -5 0 -4 -4 -1 -6 -2 -10 -1 -12 1 -15 0 -17 -1 -20 -3 -24 -7 -24 -6 -28 -6 -23 -8 -27 -7 -22 -7 -22 -4 -17 6 -17 12 -12 13 -13 24 -12 29 -14 36 -17 41 -20 46 -28 ]
CSI_DATA,STA,E4:D1:24:F2:4F:00,-78,10,0,0,0,0,0,0,0,0,0,-97,0,1,0,9988672,0,389,0,0,10.3796,128,[-123 81 24 0 15 -46 10 -41 10 -36 6 -27 5 -18 12 -13 10 -4 13 -4 19 0 24 1 27 1 27 0 27 -2 28 -3 27 -4 24 -8 22 -9 17 -5 14 -6 9 -4 5 1 4 3 2 5 2 9 1 11 0 0 0 0 0 0 0 0 0 0 0 0 0 0 0 0 0 0 0 0 0 0 -6 7 -6 3 -6 0 -7 -4 -3 -4 -6 -10 -7 -12 -9 -15 -11 -17 -13 -18 -17 -23 -18 -23 -20 -22 -23 -19 -20 -16 -20 -17 -13 -18 -10 -12 -7 -15 -1 -16 6 -17 15 -23 22 -31 25 -32 29 -41 30 -48 ]
CSI_DATA,STA,E4:D1:24:F2:4F:00,-77,10,0,0,0,0,0,0,0,0,0,-97,0,1,0,10091075,0,389,0,0,10.482,128,[-123 81 24 0 -34 -36 -30 -32 -28 -24 -19 -20 -14 -16 -6 -14 3 -13 5 -17 14 -15 17 -20 16 -23 15 -24 18 -26 16 -27 12 -27 7 -25 10 -24 4 -19 3 -15 1 -12 4 -10 6 -4 6 2 9 6 7 7 0 0 0 0 0 0 0 0 0 0 0 0 0 0 0 0 0 0 0 0 0 0 6 9 1 6 -1 7 -4 3 -6 3 -11 0 -14 5 -20 1 -21 2 -25 3 -27 2 -28 8 -29 9 -28 9 -25 9 -23 11 -24 4 -19 3 -16 -5 -13 -11 -13 -17 -15 -26 -19 -32 -17 -39 -23 -43 -32 -50 ]
CSI_DATA,STA,E4:D1:24:F2:4F:00,-77,10,0,0,0,0,0,0,0,0,0,-97,0,1,0,10193477,0,389,0,0,10.5844,128,[-123 81 24 0 20 -46 15 -42 11 -36 8 -27 9 -18 10 -15 11 -8 15 -1 16 3 20 6 24 6 25 8 27 4 28 -1 28 0 25 1 25 -5 20 -2 15 -4 14 0 8 1 6 4 1 3 -1 6 -5 11 0 0 0 0 0 0 0 0 0 0 0 0 0 0 0 0 0 0 0 0 0 0 -5 11 -6 7 -3 5 -6 4 -5 -3 -7 -6 -7 -10 -12 -13 -10 -14 -10 -17 -15 -20 -19 -21 -21 -22 -21 -19 -21 -21 -20 -20 -18 -17 -15 -14 -12 -15 -2 -16 4 -16 12 -21 16 -25 22 -29 29 -37 27 -44 ]
CSI_DATA,STA,E4:D1:24:F2:4F:00,-78,10,0,0,0,0,0,0,0,0,0,-97,0,1,0,10398281,0,389,0,0,10.7892,128,[-123 81 24 0 -34 -40 -31 -38 -25 -32 -22 -22 -13 -19 -6 -18 0 -11 4 -10 12 -15 15 -17 15 -17 18 -19 17 -25 14 -23 13 -22 10 -23 9 -19 7 -17 5 -14 6 -11 4 -7 4 -4 4 0 7 7 6 9 0 0 0 0 0 0 0 0 0 0 0 0 0 0 0 0 0 0 0 0 0 0 9 9 5 5 4 9 1 4 1 4 0 -2 -11 1 -14 2 -17 2 -25 6 -27 5 -27 7 -29 10 -30 9 -30 11 -27 9 -24 11 -22 7 -16 5 -18 -4 -14 -11 -14 -22 -13 -28 -20 -40 -18 -43 -27 -49 ]
CSI_DATA,STA,E4:D1:24:F2:4F:00,-78,10,0,0,0,0,0,0,0,0,0,-97,0,1,0,10603085,0,389,0,0,10.9941,128,[-123 81 24 0 49 9 44 10 37 5 32 7 17 9 10 5 6 7 -6 10 -9 12 -15 15 -18 21 -18 22 -17 22 -18 24 -16 23 -10 20 -14 20 -10 14 -6 14 -11 10 -5 5 -3 3 -1 -4 -1 -8 0 -10 0 0 0 0 0 0 0 0 0 0 0 0 0 0 0 0 0 0 0 0 0 0 -4 7 -4 9 -6 5 -2 -1 -2 -1 0 -6 1 -12 0 -16 1 -17 -1 -24 -1 -24 -1 -31 -3 -27 -4 -30 -6 -30 -4 -27 -4 -25 -2 -17 2 -10 6 -7 14 -2 19 5 25 9 35 13 40 19 54 20 ]
CSI_DATA,STA,E4:D1:24:F2:4F:00,-78,10,0,0,0,0,0,0,0,0,0,-97,0,1,0,10705487,0,389,0,0,11.0964,128,[-123 81 24 0 38 -34 32 -29 24 -25 17 -16 14 -11 12 -5 13 4 13 7 14 13 15 18 20 20 20 20 21 18 22 19 21 12 24 10 22 8 17 7 14 5 13 6 7 4 1 3 -3 5 -6 4 -9 6 0 0 0 0 0 0 0 0 0 0 0 0 0 0 0 0 0 0 0 0 0 0 -8 5 -8 5 -7 0 -6 -1 -3 -5 -5 -9 -3 -11 -3 -14 -3 -21 -6 -22 -9 -27 -7 -24 -9 -26 -11 -25 -9 -26 -10 -24 -8 -18 -3 -17 1 -14 8 -14 15 -11 21 -13 30 -13 38 -17 42 -22 46 -26 ]
CSI_DATA,STA,E4:D1:24:F2:4F:00,-79,10,0,0,0,0,0,0,0,0,0,-97,0,1,0,10807889,0,389,0,0,11.1989,128,[-123 81 24 0 -49 12 -42 11 -37 15 -23 14 -22 10 -15 -3 -8 -8 -11 -11 -12 -17 -12 -21 -15 -27 -15 -26 -17 -25 -19 -20 -20 -20 -20 -14 -19 -16 -17 -10 -12 -10 -9 -6 -9 -4 -1 -5 3 -6 6 -7 10 -8 0 0 0 0 0 0 0 0 0 0 0 0 0 0 0 0 0 0 0 0 0 0 15 -3 11 1 12 1 4 10 -13 11 -2 3 -5 9 -9 13 -10 20 -9 23 -10 24 -12 28 -10 30 -5 33 -9 31 -3 30 -3 22 -4 21 -5 15 -12 7 -17 4 -26 3 -35 3 -46 -2 -44 1 -56 2 ]
CSI_DATA,STA,E4:D1:24:F2:4F:00,-78,10,0,0,0,0,0,0,0,0,0,-97,0,1,0,11012693,0,389,0,0,11.4037,128,[-123 81 24 0 34 -39 29 -34 27 -33 19 -26 16 -19 10 -12 9 -1 16 4 12 4 18 15 20 16 17 19 19 21 18 18 20 14 23 16 21 12 19 10 11 8 11 7 4 9 0 6 -2 3 -6 3 -11 7 0 0 0 0 0 0 0 0 0 0 0 0 0 0 0 0 0 0 0 0 0 0 -3 14 -2 11 -3 6 -3 2 -2 -4 -5 -5 -10 -10 -12 -17 -14 -17 -15 -22 -18 -20 -19 -23 -20 -25 -27 -19 -24 -19 -23 -18 -22 -15 -15 -14 -8 -11 -4 -11 10 -13 15 -18 22 -19 29 -22 36 -31 38 -37 ]
CSI_DATA,STA,E4:D1:24:F2:4F:00,-80,10,0,0,0,0,0,0,0,0,0,-97,0,1,0,11115095,0,389,0,0,11.5059,128,[-123 81 24 0 -10 -56 -10 -40 -8 -39 -9 -28 -7 -23 -1 -14 7 -9 12 -7 16 2 20 5 25 7 27 2 29 2 32 0 26 -1 27 -1 23 -4 22 -6 19 -2 13 -4 6 -1 6 0 -2 3 -4 4 -10 6 0 0 0 0 0 0 0 0 0 0 0 0 0 0 0 0 0 0 0 0 0 0 10 3 7 0 5 3 0 1 -2 3 -9 0 -12 4 -17 2 -23 2 -23 7 -28 7 -27 11 -29 10 -27 11 -23 15 -26 13 -23 8 -17 2 -12 1 -8 -6 -3 -13 1 -21 0 -33 0 -41 -3 -50 -3 -55 ]
CSI_DATA,STA,E4:D1:24:F2:4F:00,-78,10,0,0,0,0,0,0,0,0,0,-97,0,1,0,11217497,0,389,0,0,11.6085,128,[-123 81 24 0 33 -36 33 -31 22 -27 20 -21 16 -12 8 -13 12 3 10 8 13 12 17 18 21 22 17 25 18 21 23 21 23 19 21 18 21 10 18 11 13 7 6 5 3 5 3 1 -4 1 -9 3 -14 4 0 0 0 0 0 0 0 0 0 0 0 0 0 0 0 0 0 0 0 0 0 0 -5 11 -4 8 -4 4 -3 1 -7 -1 -8 -8 -10 -13 -4 -16 -11 -18 -15 -23 -15 -21 -19 -26 -22 -27 -22 -23 -18 -24 -20 -20 -15 -20 -9 -15 -3 -15 5 -10 13 -16 21 -19 27 -19 34 -23 42 -26 44 -36 ]
CSI_DATA,STA,E4:D1:24:F2:4F:00,-78,10,0,0,0,0,0,0,0,0,0,-97,0,1,0,11319899,0,389,0,0,11.7108,128,[-123 81 24 0 46 6 38 5 30 1 21 1 13 7 7 5 2 6 -7 10 -12 15 -13 17 -14 21 -17 20 -15 22 -14 24 -10 21 -10 22 -8 20 -5 16 -4 13 -2 10 -2 4 -3 1 0 -2 -2 -10 -1 -10 0 0 0 0 0 0 0 0 0 0 0 0 0 0 0 0 0 0 0 0 0 0 -5 11 -5 7 -4 4 -3 -4 -4 -4 -1 -10 -3 -16 -3 -19 -2 -21 -6 -25 -4 -25 -5 -28 -8 -30 -8 -28 -7 -26 -3 -23 -5 -18 2 -14 7 -9 8 -4 16 5 23 8 30 9 37 12 47 15 47 12 ]
CSI_DATA,STA,E4:D1:24:F2:4F:00,-77,10,0,0,0,0,0,0,0,0,0,-97,0,1,0,11422301,0,389,0,0,11.8132,128,[-123 81 24 0 -31 -39 -31 -32 -29 -26 -21 -22 -12 -18 -8 -12 -1 -5 9 -8 12 -12 15 -10 21 -12 20 -14 23 -14 22 -15 21 -20 17 -17 16 -18 14 -15 12 -12 9 -7 6 -6 5 -3 3 0 9 4 2 4 0 0 0 0 0 0 0 0 0 0 0 0 0 0 0 0 0 0 0 0 0 0 13 -1 8 -2 5 1 0 4 -6 4 -8 5 -13 8 -16 8 -20 12 -21 15 -23 15 -26 19 -22 20 -23 21 -20 20 -19 22 -15 13 -16 8 -12 4 -9 -1 -11 -12 -15 -19 -16 -27 -19 -34 -26 -39 -28 -44 ]
CSI_DATA,STA,E4:D1:24:F2:4F:00,-78,10,0,0,0,0,0,0,0,0,0,-97,0,1,0,11524703,0,389,0,0,11.9156,128,[-123 81 24 0 46 20 45 17 33 10 26 7 20 9 9 11 2 9 -3 11 -10 17 -13 16 -14 23 -18 27 -10 29 -11 26 -9 27 -7 27 -7 25 -4 21 -3 15 -5 11 -6 4 -6 2 -5 -2 -6 -8 -7 -11 0 0 0 0 0 0 0 0 0 0 0 0 0 0 0 0 0 0 0 0 0 0 -11 4 -11 0 -5 -1 -2 -2 2 -5 4 -7 10 -12 10 -17 13 -20 15 -24 13 -26 14 -30 15 -28 12 -30 9 -27 9 -26 12 -19 8 -14 11 -10 11 -1 14 4 23 14 26 18 33 22 42 25 49 27 ]
CSI_DATA,STA,E4:D1:24:F2:4F:00,-78,10,0,0,0,0,0,0,0,0,0,-97,0,1,0,11627106,0,389,0,0,12.018,128,[-123 81 24 0 44 -14 36 -13 30 -13 23 -9 15 -4 12 1 9 6 3 15 6 21 5 23 8 24 6 29 8 27 10 26 11 24 12 20 13 18 13 17 9 10 6 8 2 4 -3 2 -4 3 -8 -1 -14 -3 0 0 0 0 0 0 0 0 0 0 0 0 0 0 0 0 0 0 0 0 0 0 -9 8 -9 2 -5 -2 -4 -7 -3 -11 0 -13 -2 -19 2 -20 0 -24 -3 -26 -2 -29 -2 -26 -7 -30 -4 -28 -7 -29 -4 -26 -4 -19 5 -11 3 -12 11 -13 16 -4 28 1 37 -1 42 -1 50 -2 55 -8 ]
CSI_DATA,STA,E4:D1:24:F2:4F:00,-79,10,0,0,0,0,0,0,0,0,0,-97,0,1,0,11729508,0,389,0,0,12.1204,128,[-123 81 24 0 -38 -29 -40 -23 -34 -18 -22 -15 -11 -16 -7 -11 0 -16 1 -14 9 -18 7 -23 14 -26 6 -27 6 -29 4 -29 3 -28 0 -26 0 -25 -1 -19 0 -16 -3 -11 2 -7 3 -1 6 1 10 2 11 8 0 0 0 0 0 0 0 0 0 0 0 0 0 0 0 0 0 0 0 0 0 0 12 9 4 9 0 5 -2 3 -5 5 -9 5 -16 3 -20 4 -23 8 -24 8 -28 10 -30 13 -33 15 -27 17 -24 12 -22 13 -16 11 -22 7 -15 1 -15 -7 -15 -12 -19 -21 -25 -29 -27 -31 -35 -39 -38 -37 ]
CSI_DATA,STA,E4:D1:24:F2:4F:00,-79,10,0,0,0,0,0,0,0,0,0,-97,0,1,0,11831910,0,389,0,0,12.2228,128,[-123 81 24 0 46 2 36 -2 29 3 22 4 15 6 3 4 1 6 -6 12 -10 17 -13 22 -12 27 -9 24 -8 31 -7 29 -7 27 -3 27 -3 26 -4 22 2 17 0 8 3 6 -2 -1 -5 -3 -4 -8 -2 -11 0 0 0 0 0 0 0 0 0 0 0 0 0 0 0 0 0 0 0 0 0 0 -9 4 -11 -1 -8 -1 -2 -4 -1 -7 -1 -8 2 -13 1 -17 -1 -22 3 -23 2 -28 3 -23 -3 -22 16 -26 -13 -25 2 -20 -1 -20 5 -17 10 -8 11 -5 21 2 22 6 31 6 36 13 45 12 50 11 ]
CSI_DATA,STA,E4:D1:24:F2:4F:00,-80,10,0,0,0,0,0,0,0,0,0,-97,0,1,0,11934312,0,389,0,0,12.3251,128,[-123 81 24 0 -51 6 -41 2 -33 1 -19 1 -14 -1 -6 -5 -1 -9 7 -11 14 -14 17 -20 17 -24 17 -24 16 -26 13 -28 15 -27 14 -26 8 -24 3 -22 5 -16 5 -11 3 -5 4 2 -1 3 -4 9 -2 14 0 0 0 0 0 0 0 0 0 0 0 0 0 0 0 0 0 0 0 0 0 0 -2 -7 -3 -6 0 -3 1 2 5 5 5 7 9 10 9 12 12 17 16 21 16 19 17 17 17 22 15 24 15 16 17 15 15 14 2 12 -4 9 -8 5 -18 -1 -29 3 -39 2 -45 -2 -54 -1 -52 4 ]
CSI_DATA,STA,E4:D1:24:F2:4F:00,-78,10,0,0,0,0,0,0,0,0,0,-97,0,1,0,12036714,0,389,0,0,12.4277,128,[-123 81 24 0 23 41 20 30 16 24 14 21 8 11 1 10 -5 2 -10 2 -15 0 -22 -1 -25 3 -26 2 -28 4 -26 6 -24 7 -24 7 -22 7 -18 3 -16 5 -13 2 -8 0 -4 -2 -1 -5 2 -4 6 -7 0 0 0 0 0 0 0 0 0 0 0 0 0 0 0 0 0 0 0 0 0 0 -11 1 -8 -1 -3 -2 -1 -3 3 -4 6 -8 11 -9 10 -10 14 -16 19 -15 15 -18 18 -20 15 -20 19 -21 15 -19 14 -16 12 -15 7 -8 8 -3 7 2 7 13 9 23 10 31 12 37 17 44 21 47 ]
CSI_DATA,STA,E4:D1:24:F2:4F:00,-78,10,0,0,0,0,0,0,0,0,0,-97,0,1,0,12139116,0,389,0,0,12.53,128,[-123 81 24 0 40 -31 31 -30 24 -21 19 -15 18 -9 14 1 11 6 11 13 14 18 17 17 18 19 25 23 28 19 26 19 24 15 23 11 23 12 17 8 13 5 11 4 6 5 -1 4 -6 6 -10 6 -12 7 0 0 0 0 0 0 0 0 0 0 0 0 0 0 0 0 0 0 0 0 0 0 -6 2 -8 -1 -8 -4 -5 -5 -4 -8 -1 -11 -4 -16 -5 -19 -6 -22 -4 -25 -4 -24 -8 -29 -9 -30 -13 -25 -11 -22 -9 -17 -9 -21 -8 -14 6 -16 8 -12 19 -11 26 -12 32 -15 39 -19 47 -25 47 -29 ]
CSI_DATA,STA,E4:D1:24:F2:4F:00,-79,10,0,0,0,0,0,0,0,0,0,-97,0,1,0,12241518,0,389,0,0,12.6324,128,[-123 81 24 0 -39 -18 -40 -17 -26 -9 -17 -12 -12 -11 -5 -9 2 -9 10 -15 16 -12 13 -21 14 -22 11 -27 14 -27 14 -28 13 -28 11 -23 9 -24 7 -20 3 -16 7 -10 5 -7 2 -1 4 3 3 9 4 11 0 0 0 0 0 0 0 0 0 0 0 0 0 0 0 0 0 0 0 0 0 0 11 0 7 2 7 5 -1 1 0 10 -5 11 -7 11 -8 16 -11 17 -13 22 -12 24 -10 25 -10 25 -13 22 -10 22 -13 19 -8 14 -12 8 -11 5 -12 -6 -17 -10 -21 -15 -27 -22 -33 -27 -39 -28 -47 -28 ]
CSI_DATA,STA,E4:D1:24:F2:4F:00,-78,10,0,0,0,0,0,0,0,0,0,-97,0,1,0,12343920,0,389,0,0,12.7348,128,[-123 81 24 0 -48 -13 -39 -10 -31 -9 -26 -7 -17 -8 -9 -7 -1 -13 1 -18 4 -25 8 -27 6 -30 3 -29 4 -34 0 -34 -2 -30 -4 -27 -5 -28 -7 -21 -4 -16 -3 -12 2 -7 5 -3 7 0 11 2 12 6 0 0 0 0 0 0 0 0 0 0 0 0 0 0 0 0 0 0 0 0 0 0 8 5 4 3 -1 3 -3 3 -5 8 -7 6 -9 7 -16 8 -14 11 -17 13 -15 17 -17 24 -18 21 -16 24 -17 24 -13 16 -11 13 -16 12 -15 4 -15 -4 -17 -12 -23 -16 -30 -21 -34 -24 -43 -28 -49 -27 ]
CSI_DATA,STA,E4:D1:24:F2:4F:00,-78,10,0,0,0,0,0,0,0,0,0,-97,0,1,0,12548724,0,389,0,0,12.9397,128,[-123 81 24 0 -47 -13 -43 -11 -34 -9 -23 -6 -17 -8 -10 -7 0 -12 2 -13 5 -17 8 -24 9 -24 8 -25 8 -30 8 -26 5 -29 4 -25 5 -22 1 -19 3 -15 3 -9 2 -5 2 -1 5 1 7 6 7 11 0 0 0 0 0 0 0 0 0 0 0 0 0 0 0 0 0 0 0 0 0 0 6 -4 5 -1 0 2 1 4 -1 6 -6 8 -7 11 -7 16 -9 17 -10 22 -8 26 -11 25 -9 27 -5 25 -8 25 -4 23 -8 18 -6 12 -9 6 -13 -2 -19 -2 -24 -10 -27 -15 -39 -21 -43 -24 -51 -20 ]
CSI_DATA,STA,E4:D1:24:F2:4F:00,-79,10,0,0,0,0,0,0,0,0,0,-97,0,1,0,12717328,0,64,0,0,13.108,128,[64 0 4 0 -49 9 -42 12 -31 5 -24 7 -14 -2 -10 -7 -9 -13 -5 -18 -4 -26 -6 -28 -9 -32 -9 -31 -10 -32 -15 -30 -15 -24 -15 -26 -14 -16 -10 -17 -8 -13 -5 -6 2 -7 2 -2 9 -2 16 -1 15 2 0 0 0 0 0 0 0 0 0 0 0 0 0 0 0 0 0 0 0 0 0 0 6 -4 5 -1 2 -1 1 3 -2 6 -5 12 -4 16 -4 17 -4 25 0 23 -1 27 -2 31 -2 29 1 30 4 24 2 23 -1 19 -4 17 -10 10 -14 0 -20 -1 -30 -3 -36 -1 -45 -4 -51 3 -58 3 ]
CSI_DATA,STA,E4:D1:24:F2:4F:00,-78,10,0,0,0,0,0,0,0,0,0,-97,0,1,0,12753531,0,389,0,0,13.1443,128,[-123 81 24 0 -52 4 -45 4 -34 2 -26 0 -16 1 -5 -5 -5 -12 -1 -16 2 -25 3 -26 7 -31 3 -33 0 -33 -1 -33 -6 -32 -2 -29 -6 -26 -5 -19 -2 -18 -2 -13 0 -4 4 0 8 2 10 8 12 10 0 0 0 0 0 0 0 0 0 0 0 0 0 0 0 0 0 0 0 0 0 0 5 -6 2 -5 2 -1 1 5 -1 7 -3 12 -4 14 -3 16 -2 21 -2 27 -2 25 0 32 -2 29 1 31 3 29 3 23 0 19 -3 12 -10 10 -16 3 -23 -3 -28 -5 -38 -8 -45 -9 -53 -8 -58 -8 ]
CSI_DATA,STA,E4:D1:24:F2:4F:00,-81,10,0,0,0,0,0,0,0,0,0,-97,0,1,0,12855933,0,389,0,0,13.2469,128,[-123 81 24 0 4 -42 3 -36 0 -28 0 -23 2 -15 8 -4 10 -3 18 6 19 -3 24 0 26 3 31 2 30 -3 28 -5 26 -9 27 -4 22 -9 13 -8 10 -2 7 -3 2 -1 3 5 -4 8 -3 12 -8 15 0 0 0 0 0 0 0 0 0 0 0 0 0 0 0 0 0 0 0 0 0 0 2 12 0 6 1 0 1 -1 -11 1 -11 -4 -14 -8 -18 -6 -22 -8 -23 -10 -27 -10 -29 -4 -32 -8 -27 -5 -25 -6 -24 -4 -19 -7 -17 -6 -8 -12 -6 -11 2 -20 6 -27 11 -37 8 -41 9 -47 7 -54 ]
CSI_DATA,STA,E4:D1:24:F2:4F:00,-81,10,0,0,0,0,0,0,0,0,0,-97,0,1,0,12958335,0,389,0,0,13.3492,128,[-123 81 24 0 -31 30 -21 21 -16 15 -13 6 -8 1 -4 -8 -2 -11 -2 -23 -2 -19 0 -20 1 -28 0 -24 -8 -32 -5 -30 -6 -20 -9 -19 -10 -18 -8 -11 -5 -8 0 -4 -6 1 -1 2 2 7 5 9 5 14 0 0 0 0 0 0 0 0 0 0 0 0 0 0 0 0 0 0 0 0 0 0 -3 -4 0 -3 -3 -3 2 -2 11 1 12 3 16 7 20 5 21 7 25 7 26 0 26 5 27 6 27 2 16 3 17 2 13 2 7 7 -2 8 -13 10 -18 12 -26 15 -33 21 -37 27 -41 32 -45 36 ]
CSI_DATA,STA,E4:D1:24:F2:4F:00,-80,10,0,0,0,0,0,0,0,0,0,-97,0,1,0,13060737,0,389,0,0,13.4517,128,[-123 81 24 0 9 51 6 42 2 30 1 25 -3 11 -6 9 -11 4 -19 -2 -23 0 -27 -3 -29 0 -32 -1 -29 -2 -33 4 -29 6 -26 7 -21 8 -16 5 -10 0 -8 0 -6 -2 0 -6 2 -8 6 -9 7 -13 0 0 0 0 0 0 0 0 0 0 0 0 0 0 0 0 0 0 0 0 0 0 -7 -5 -3 -7 -1 -4 1 -2 6 -3 9 -1 14 0 19 -1 22 -4 24 -4 25 -2 30 -4 25 -7 30 -4 28 -3 23 -6 18 0 15 2 10 8 4 16 -1 21 -3 27 -5 36 -4 44 -2 52 0 57 ]
CSI_DATA,STA,E4:D1:24:F2:4F:00,-79,10,0,0,0,0,0,0,0,0,0,-97,0,1,0,13192469,0,101,0,0,13.5832,128,[101 80 6 0 -12 -50 -9 -40 -6 -33 -4 -24 -1 -15 7 -5 7 2 10 3 17 10 22 11 25 12 26 10 29 10 25 12 28 10 21 10 20 10 16 5 14 5 8 3 1 4 -3 1 -10 -1 -10 -1 -14 0 0 0 0 0 0 0 0 0 0 0 0 0 0 0 0 0 0 0 0 0 0 0 6 -3 6 -3 1 0 -3 4 -5 4 -12 7 -14 10 -17 14 -16 16 -25 19 -16 16 -21 19 -22 19 -23 19 -20 18 -16 17 -15 6 -12 7 -7 -5 -6 -12 -6 -20 -3 -30 -1 -41 -3 -47 0 -56 -7 -61 ]
CSI_DATA,STA,E4:D1:24:F2:4F:00,-79,10,0,0,0,0,0,0,0,0,0,-97,0,1,0,13265542,0,389,0,0,13.6562,128,[-123 81 24 0 -33 -34 -26 -33 -20 -23 -18 -18 -9 -9 -1 -11 7 -6 13 -7 22 -8 22 -10 23 -11 28 -12 26 -15 28 -19 26 -18 19 -19 18 -14 14 -15 12 -11 9 -6 4 -2 4 1 -1 8 -3 12 -6 15 0 0 0 0 0 0 0 0 0 0 0 0 0 0 0 0 0 0 0 0 0 0 7 0 3 1 -1 1 -2 3 -8 4 -10 7 -14 7 -17 12 -17 13 -21 17 -20 18 -25 20 -24 25 -13 21 -17 20 -15 16 -11 12 -11 8 -14 2 -10 -12 -12 -18 -16 -29 -15 -34 -25 -42 -26 -44 -31 -53 ]
CSI_DATA,STA,E4:D1:24:F2:4F:00,-79,10,0,0,0,0,0,0,0,0,0,-97,0,1,0,13367944,0,389,0,0,13.7588,128,[-123 81 24 0 -50 -17 -41 -12 -30 -10 -22 -6 -12 -15 -6 -13 1 -12 1 -19 8 -23 8 -26 9 -35 6 -30 4 -33 4 -28 -2 -26 -1 -24 -2 -23 -3 -17 0 -16 0 -8 3 -5 5 2 11 5 12 8 10 10 0 0 0 0 0 0 0 0 0 0 0 0 0 0 0 0 0 0 0 0 0 0 6 2 6 3 4 2 2 3 -8 4 -9 11 -11 8 -15 10 -18 15 -20 18 -16 20 -18 26 -15 26 -15 28 -13 26 -13 22 -13 18 -10 12 -19 7 -10 0 -22 -9 -27 -15 -36 -21 -39 -24 -43 -27 -54 -26 ]
CSI_DATA,STA,E4:D1:24:F2:4F:00,-81,10,0,0,0,0,0,0,0,0,0,-97,0,1,0,13572748,0,389,0,0,13.9637,128,[-123 81 24 0 29 39 24 32 21 26 12 14 10 14 -5 7 -6 3 -15 10 -22 4 -25 8 -27 9 -29 9 -29 12 -27 13 -26 14 -20 12 -21 12 -18 8 -13 9 -5 7 -5 0 -5 -3 -1 -9 -2 -10 1 -13 0 0 0 0 0 0 0 0 0 0 0 0 0 0 0 0 0 0 0 0 0 0 -8 1 -6 -4 -3 -1 -1 -3 4 -8 10 -5 13 -7 14 -12 19 -12 17 -16 20 -16 20 -21 16 -22 16 -23 14 -22 15 -19 12 -14 7 -9 10 -1 10 6 10 16 12 26 15 34 20 40 24 49 26 53 ]
CSI_DATA,STA,E4:D1:24:F2:4F:00,-78,10,0,0,0,0,0,0,0,0,0,-97,0,1,0,13777552,0,389,0,0,14.1685,128,[-123 81 24 0 46 14 40 11 31 10 27 7 15 4 7 9 3 6 -8 13 -9 14 -13 18 -13 24 -14 25 -15 23 -8 24 -11 24 -10 23 -4 22 -7 18 -7 15 -4 11 -3 5 -5 2 -5 -1 -9 -9 -7 -10 0 0 0 0 0 0 0 0 0 0 0 0 0 0 0 0 0 0 0 0 0 0 -11 5 -8 0 -4 1 -1 -3 3 -7 2 -9 8 -13 9 -17 7 -18 10 -19 6 -27 10 -25 6 -28 7 -28 5 -30 6 -24 6 -19 4 -15 7 -9 11 2 17 8 24 9 24 19 34 20 41 27 49 28 ]
CSI_DATA,STA,E4:D1:24:F2:4F:00,-78,10,0,0,0,0,0,0,0,0,0,-97,0,1,0,13795119,0,64,0,0,14.1994,128,[64 0 4 0 -20 -46 -19 -41 -13 -30 -10 -27 -7 -16 0 -12 4 -7 10 -10 20 -6 23 -7 26 -10 24 -13 24 -16 27 -15 24 -17 22 -16 20 -18 15 -13 11 -10 10 -7 8 -4 6 -1 4 5 1 13 3 13 0 0 0 0 0 0 0 0 0 0 0 0 0 0 0 0 0 0 0 0 0 0 5 7 3 5 0 6 -3 1 -6 -1 -12 0 -13 -3 -18 -5 -23 -1 -23 -1 -29 3 -27 4 -29 6 -28 7 -28 8 -21 7 -21 7 -16 1 -12 -5 -9 -14 -5 -20 -6 -26 -8 -33 -6 -40 -7 -51 -11 -58 ]
CSI_DATA,STA,E4:D1:24:F2:4F:00,-78,10,0,0,0,0,0,0,0,0,0,-97,0,1,0,13879954,0,389,0,0,14.2708,128,[-123 81 24 0 4 49 5 44 9 38 2 27 -1 19 -6 13 -10 6 -15 3 -20 1 -26 0 -28 0 -30 4 -33 6 -31 5 -28 5 -26 5 -23 7 -20 6 -16 5 -12 4 -10 -3 -5 -4 0 -7 2 -9 2 -16 0 0 0 0 0 0 0 0 0 0 0 0 0 0 0 0 0 0 0 0 0 0 -8 -7 -3 -5 0 -6 4 -4 7 -1 11 3 19 3 17 1 22 -1 24 1 29 1 31 -2 31 -2 31 -4 27 -7 25 -1 20 -2 15 2 6 8 6 13 -1 20 -4 28 -7 40 -4 46 -2 53 -3 56 ]
CSI_DATA,STA,E4:D1:24:F2:4F:00,-79,10,0,0,0,0,0,0,0,0,0,-97,0,1,0,13982356,0,389,0,0,14.3733,128,[-123 81 24 0 20 43 17 36 13 28 12 24 2 14 -3 10 -15 8 -15 5 -18 6 -26 3 -27 7 -30 8 -29 11 -26 11 -26 11 -24 15 -18 13 -18 8 -12 6 -9 1 -7 1 -4 -5 -1 -9 3 -11 1 -12 0 0 0 0 0 0 0 0 0 0 0 0 0 0 0 0 0 0 0 0 0 0 -9 -4 -4 -4 -1 -4 3 -2 5 -3 8 -3 13 -7 17 -10 19 -8 22 -10 22 -9 25 -11 23 -13 22 -13 23 -12 20 -13 16 -7 16 -5 10 4 8 14 7 19 9 26 6 32 10 42 13 49 18 48 ]
CSI_DATA,STA,E4:D1:24:F2:4F:00,-78,10,0,0,0,0,0,0,0,0,0,-97,0,1,0,14084758,0,389,0,0,14.4755,128,[-123 81 24 0 -12 -47 -15 -39 -10 -35 -10 -20 1 -15 5 -10 10 -6 13 -3 18 -2 21 -4 27 0 30 -2 30 -6 27 -3 26 -9 26 -10 21 -8 18 -8 15 -8 8 -4 5 -1 3 0 -3 8 -4 8 -8 10 0 0 0 0 0 0 0 0 0 0 0 0 0 0 0 0 0 0 0 0 0 0 7 6 2 5 0 1 -4 3 -5 0 -10 1 -16 1 -18 2 -24 4 -25 2 -28 2 -28 4 -30 6 -28 9 -27 8 -25 9 -20 1 -16 0 -9 -5 -7 -18 2 -24 1 -27 1 -35 1 -46 -1 -49 -2 -58 ]
CSI_DATA,STA,E4:D1:24:F2:4F:00,-79,10,0,0,0,0,0,0,0,0,0,-97,0,1,0,14187160,0,389,0,0,14.5779,128,[-123 81 24 0 -53 4 -41 8 -37 5 -26 3 -12 -2 -16 -8 -8 -11 0 -21 -1 -22 -5 -26 1 -29 -3 -32 -6 -31 -10 -29 -11 -27 -10 -25 -12 -21 -7 -17 -4 -13 -4 -11 2 -7 4 -2 7 0 9 2 14 3 0 0 0 0 0 0 0 0 0 0 0 0 0 0 0 0 0 0 0 0 0 0 8 -5 7 -2 2 3 1 2 -3 7 -4 10 -7 17 -8 20 -4 24 -4 26 -11 25 1 34 0 28 -1 30 -5 28 -4 24 -4 21 -5 16 -9 7 -16 6 -23 -1 -31 -5 -39 -9 -48 -8 -54 -5 -59 -5 ]
CSI_DATA,STA,E4:D1:24:F2:4F:00,-77,10,0,0,0,0,0,0,0,0,0,-97,0,1,0,14222328,0,101,0,0,14.6129,128,[101 80 6 0 -10 -51 -10 -42 -11 -32 -7 -25 -1 -17 7 -13 11 -12 17 -12 21 -11 23 -13 24 -15 26 -18 24 -18 25 -21 19 -19 20 -21 14 -18 12 -17 10 -13 9 -7 5 -3 4 0 6 6 5 9 6 12 0 0 0 0 0 0 0 0 0 0 0 0 0 0 0 0 0 0 0 0 0 0 -3 6 -5 3 -8 -1 -5 -2 -8 -6 -9 -7 -14 -11 -15 -12 -17 -16 -21 -14 -23 -15 -23 -15 -25 -12 -26 -14 -26 -12 -22 -11 -16 -11 -10 -14 -7 -14 -3 -17 3 -25 5 -35 6 -37 7 -45 5 -57 4 -59 ]
CSI_DATA,STA,E4:D1:24:F2:4F:00,-78,10,0,0,0,0,0,0,0,0,0,-97,0,1,0,14494366,0,389,0,0,14.8852,128,[-123 81 24 0 -35 -40 -29 -29 -26 -25 -16 -19 -12 -13 1 -11 7 -9 14 -10 16 -9 19 -16 25 -14 24 -18 25 -19 22 -21 22 -17 18 -16 16 -18 14 -11 12 -10 9 -5 5 -4 5 3 2 6 1 12 3 14 0 0 0 0 0 0 0 0 0 0 0 0 0 0 0 0 0 0 0 0 0 0 11 2 7 -1 3 2 -1 3 -4 2 -8 8 -14 8 -16 11 -18 11 -21 15 -20 19 -22 20 -21 20 -21 21 -18 20 -19 18 -12 12 -13 6 -9 0 -11 -11 -13 -16 -16 -22 -16 -31 -20 -39 -25 -47 -31 -45 ]
CSI_DATA,STA,E4:D1:24:F2:4F:00,-79,10,0,0,0,0,0,0,0,0,0,-97,0,1,0,14596768,0,389,0,0,14.9877,128,[-123 81 24 0 10 -46 4 -41 4 -37 3 -18 4 -14 10 -6 13 -2 16 4 20 7 25 8 26 6 32 8 30 8 31 2 28 1 28 -1 21 0 18 -5 15 -1 9 -3 6 1 1 2 -5 6 -11 11 -12 11 0 0 0 0 0 0 0 0 0 0 0 0 0 0 0 0 0 0 0 0 0 0 3 8 0 7 -6 3 -4 -1 -6 -5 -11 -8 -14 -5 -16 -8 -17 -9 -25 -11 -31 -9 -27 -8 -23 -9 -31 -2 -24 1 -22 -2 -23 -6 -13 -8 -8 -10 -1 -13 4 -20 10 -30 20 -35 25 -45 22 -49 21 -54 ]
CSI_DATA,STA,E4:D1:24:F2:4F:00,-79,10,0,0,0,0,0,0,0,0,0,-97,0,1,0,14699170,0,389,0,0,15.0901,128,[-123 81 24 0 23 -45 18 -37 18 -25 15 -22 8 -9 10 -6 9 2 13 7 13 13 16 14 18 18 20 21 22 18 20 15 21 15 20 9 18 12 13 9 14 7 6 2 3 5 -2 3 -6 2 -12 1 -15 0 0 0 0 0 0 0 0 0 0 0 0 0 0 0 0 0 0 0 0 0 0 0 1 10 -1 6 -1 1 -4 -2 -5 -5 -11 -7 -14 -10 -19 -14 -19 -10 -21 -14 -24 -14 -27 -14 -30 -13 -31 -15 -25 -13 -21 -8 -21 -8 -11 -6 -7 -8 4 -11 11 -16 20 -22 27 -25 30 -31 33 -38 34 -42 ]
CSI_DATA,STA,E4:D1:24:F2:4F:00,-80,10,0,0,0,0,0,0,0,0,0,-97,0,1,0,14801573,0,389,0,0,15.1924,128,[-123 81 24 0 7 45 5 37 -2 25 0 24 -1 13 -6 3 -11 -1 -13 -9 -22 -9 -21 -12 -25 -17 -25 -17 -29 -10 -28 -11 -27 -7 -26 -6 -22 -7 -19 -7 -14 -6 -10 -2 -5 -3 3 -2 8 -1 9 -4 13 -1 0 0 0 0 0 0 0 0 0 0 0 0 0 0 0 0 0 0 0 0 0 0 -5 2 -6 -3 -2 -1 0 -3 4 -3 10 -4 14 -7 16 -10 18 -11 18 -17 18 -15 22 -19 20 -18 20 -21 22 -18 13 -13 13 -10 12 -4 6 2 5 7 3 20 -3 26 1 33 -1 44 1 52 4 57 ]
CSI_DATA,STA,E4:D1:24:F2:4F:00,-80,10,0,0,0,0,0,0,0,0,0,-97,0,1,0,14835403,0,64,0,0,15.2264,128,[64 0 4 0 44 -26 33 -19 30 -16 24 -13 15 4 -2 2 18 10 -3 18 4 26 3 26 -2 32 5 28 15 33 7 21 16 28 7 21 8 21 15 16 6 9 4 4 1 4 1 0 -9 -3 -12 -5 -18 -12 0 0 0 0 0 0 0 0 0 0 0 0 0 0 0 0 0 0 0 0 0 0 -2 10 0 3 -9 2 -9 -5 -3 -1 -7 -14 -7 -11 -5 -21 -17 -18 -9 -13 -22 -16 -14 -27 -28 -25 -19 -12 -17 -17 -16 -22 -12 -19 -7 -22 8 -6 18 -11 24 -10 30 -13 43 -14 48 -22 52 -18 57 -28 ]
CSI_DATA,STA,E4:D1:24:F2:4F:00,-78,10,0,0,0,0,0,0,0,0,0,-97,0,1,0,14903976,0,389,0,0,15.2947,128,[-123 81 24 0 13 -39 13 -33 6 -22 7 -17 5 -5 5 -4 10 6 13 14 14 13 20 14 22 16 23 14 19 12 6 18 29 26 18 2 25 -1 15 6 8 5 7 3 -1 3 -6 -2 -8 -2 -12 -1 -15 -1 0 0 0 0 0 0 0 0 0 0 0 0 0 0 0 0 0 0 0 0 0 0 6 4 3 6 -2 1 -5 0 -9 -1 -13 0 -13 -2 -19 -2 -21 -4 -25 0 -28 -1 -26 -2 -26 -1 -24 0 -24 -2 -19 -6 -13 -5 -8 -10 0 -9 1 -15 9 -20 15 -25 18 -35 18 -38 22 -42 20 -48 ]
CSI_DATA,STA,E4:D1:24:F2:4F:00,-79,10,0,0,0,0,0,0,0,0,0,-97,0,1,0,15006903,0,389,0,0,15.3979,128,[-123 81 24 0 -42 0 -36 -4 -31 4 -19 5 -16 0 -5 -11 -2 -14 10 -16 3 -23 13 -23 16 -32 9 -29 7 -30 7 -31 3 -32 5 -23 1 -19 -1 -19 -1 -15 3 -4 2 -2 -1 -2 3 7 6 10 4 11 0 0 0 0 0 0 0 0 0 0 0 0 0 0 0 0 0 0 0 0 0 0 3 -11 7 -3 1 -2 0 6 -2 8 5 15 3 15 9 20 9 30 8 25 3 28 7 29 10 23 8 22 9 28 5 22 3 20 -5 10 -4 7 -23 8 -29 -2 -30 -6 -45 -6 -52 4 -54 2 -57 2 ]
CSI_DATA,STA,E4:D1:24:F2:4F:00,-78,10,0,0,0,0,0,0,0,0,0,-97,0,1,0,15211182,0,389,0,0,15.6021,128,[-123 81 24 0 -5 40 -5 35 1 27 -3 21 0 11 -6 4 -9 -3 -13 -5 -17 -12 -18 -7 -19 -9 -24 -9 -24 -9 -25 -8 -23 -8 -22 -9 -20 -7 -18 -3 -15 -3 -9 -5 -4 -3 0 -4 3 -1 7 -2 10 -3 0 0 0 0 0 0 0 0 0 0 0 0 0 0 0 0 0 0 0 0 0 0 -5 -4 -5 -3 -1 -3 2 -2 5 0 11 -1 13 0 14 -2 18 -4 22 -2 22 -4 23 -3 24 -4 20 -6 20 -5 20 -4 17 -4 11 -1 5 4 -1 8 -3 14 -8 31 -8 36 -21 34 -13 43 -13 46 ]
CSI_DATA,STA,E4:D1:24:F2:4F:00,-78,10,0,0,0,0,0,0,0,0,0,-97,0,1,0,15248575,0,101,0,0,15.6389,128,[101 80 6 0 -29 34 -24 31 -14 26 -17 16 -10 11 -9 4 -12 -5 -11 -7 -18 -14 -20 -18 -23 -18 -23 -14 -25 -12 -24 -11 -23 -8 -23 -6 -19 -5 -16 -2 -14 -3 -8 -3 -5 -2 1 -5 4 -9 9 -9 13 -7 0 0 0 0 0 0 0 0 0 0 0 0 0 0 0 0 0 0 0 0 0 0 5 -8 3 -5 4 -3 2 1 -1 5 0 5 18 18 26 -3 5 36 4 17 12 20 12 24 13 19 15 21 16 17 8 13 9 8 3 11 -1 10 -8 9 -14 11 -20 13 -29 15 -39 19 -35 30 -42 31 ]
CSI_DATA,STA,E4:D1:24:F2:4F:00,-79,10,0,0,0,0,0,0,0,0,0,-97,0,1,0,15313584,0,389,0,0,15.7044,128,[-123 81 24 0 -18 45 -16 46 -10 30 -12 21 -11 10 -10 3 -11 -1 -19 -10 -16 -14 -21 -17 -18 -18 -25 -20 -25 -16 -26 -20 -23 -17 -24 -12 -22 -13 -15 -12 -10 -7 -7 -4 -5 -3 0 -8 9 -5 9 -3 15 -1 0 0 0 0 0 0 0 0 0 0 0 0 0 0 0 0 0 0 0 0 0 0 -8 -5 -5 -5 -1 -5 4 -2 6 2 10 5 15 2 19 6 18 4 24 6 23 5 28 2 30 2 29 6 27 1 23 -1 20 0 12 2 7 9 2 10 -9 19 -14 23 -21 28 -27 40 -25 48 -24 51 ]
CSI_DATA,STA,E4:D1:24:F2:4F:00,-79,10,0,0,0,0,0,0,0,0,0,-97,0,1,0,15518388,0,389,0,0,15.9093,128,[-123 81 24 0 -51 14 -43 15 -32 14 -25 9 -19 4 -11 -1 -7 -9 -1 -14 0 -17 1 -25 2 -29 -5 -30 -6 -34 -8 -34 -6 -30 -5 -27 -9 -25 -9 -21 -10 -16 -5 -11 -2 -6 5 -4 4 -1 9 5 12 8 0 0 0 0 0 0 0 0 0 0 0 0 0 0 0 0 0 0 0 0 0 0 5 -10 4 -7 3 -2 4 4 3 2 1 11 3 15 2 18 4 23 7 24 8 25 9 30 9 26 10 27 10 25 10 23 2 19 -1 12 -7 13 -12 9 -22 4 -32 4 -36 2 -45 2 -53 5 -58 6 ]
CSI_DATA,STA,E4:D1:24:F2:4F:00,-78,10,0,0,0,0,0,0,0,0,0,-97,0,1,0,15620790,0,389,0,0,16.0115,128,[-123 81 24 0 -39 29 -33 29 -26 21 -20 18 -10 5 -9 -1 -9 -8 -9 -19 -6 -21 -8 -22 -12 -30 -11 -29 -14 -29 -15 -29 -15 -23 -17 -25 -14 -19 -11 -15 -10 -16 -7 -9 -2 -7 0 -5 5 -1 9 2 15 5 0 0 0 0 0 0 0 0 0 0 0 0 0 0 0 0 0 0 0 0 0 0 3 -9 0 -9 0 -6 3 1 3 5 6 12 11 13 12 14 15 19 20 22 16 19 20 18 19 22 17 20 23 15 17 16 15 16 5 11 -1 6 -4 8 -20 8 -24 13 -29 18 -36 20 -45 24 -52 29 ]
CSI_DATA,STA,E4:D1:24:F2:4F:00,-78,10,0,0,0,0,0,0,0,0,0,-97,0,1,0,15661951,0,109,0,0,16.0526,128,[109 -48 6 0 1 49 -1 42 4 33 -1 24 -6 14 -8 11 -12 3 -16 1 -21 4 -25 -1 -27 0 -28 3 -31 3 -27 5 -29 7 -25 10 -25 8 -19 9 -15 4 -12 2 -8 -1 -6 -4 0 -5 0 -11 6 -13 0 0 0 0 0 0 0 0 0 0 0 0 0 0 0 0 0 0 0 0 0 0 -1 -11 -2 -4 1 -4 2 -1 6 1 11 5 14 4 19 7 16 8 21 10 26 9 27 8 29 8 26 8 27 4 21 6 21 6 16 8 11 7 0 12 -1 19 -7 23 -11 33 -14 39 -11 48 -10 50 ]
CSI_DATA,STA,E4:D1:24:F2:4F:00,-79,10,0,0,0,0,0,0,0,0,0,-97,0,1,0,15918102,0,64,0,0,16.3088,128,[64 0 4 0 36 -34 29 -36 23 -24 18 -22 13 -12 8 -3 6 4 6 9 6 20 4 27 8 27 8 28 11 28 13 28 14 26 15 25 15 19 13 20 12 12 8 10 4 6 -2 0 -3 -2 -9 -3 -10 -8 0 0 0 0 0 0 0 0 0 0 0 0 0 0 0 0 0 0 0 0 0 0 3 11 -1 5 -4 4 -5 0 -8 -2 -12 -6 -14 -9 -14 -12 -14 -14 -20 -18 -23 -16 -25 -16 -25 -17 -26 -13 -28 -11 -22 -9 -19 -9 -11 -8 -6 -12 4 -12 12 -16 18 -15 28 -21 34 -29 41 -31 48 -37 ]
CSI_DATA,STA,E4:D1:24:F2:4F:00,-79,10,0,0,0,0,0,0,0,0,0,-97,0,1,0,15927996,0,389,0,0,16.3413,128,[-123 81 24 0 11 45 10 41 9 37 5 24 0 19 -2 11 -4 7 -10 5 -19 2 -26 1 -23 1 -28 -2 -29 0 -30 4 -28 3 -25 6 -26 3 -21 6 -16 5 -12 3 -6 0 -5 -1 -2 -3 4 -8 8 -10 0 0 0 0 0 0 0 0 0 0 0 0 0 0 0 0 0 0 0 0 0 0 -14 -7 -12 -7 -3 -6 3 -3 4 -3 6 -3 13 2 15 4 16 -4 22 -2 27 -5 29 -5 31 -9 29 -7 27 -10 26 -15 21 -10 18 -8 14 4 10 6 4 8 2 19 0 28 -1 35 0 47 6 49 ]
CSI_DATA,STA,E4:D1:24:F2:4F:00,-79,10,0,0,0,0,0,0,0,0,0,-97,0,1,0,16030398,0,389,0,0,16.4212,128,[-123 81 24 0 -34 44 -22 35 -20 34 -17 24 -15 22 -9 9 -12 -1 -9 -3 -16 -12 -19 -15 -22 -18 -24 -20 -26 -21 -26 -21 -25 -23 -26 -17 -23 -13 -20 -14 -16 -11 -16 -9 -9 -5 -5 -8 2 -7 7 -3 12 -6 0 0 0 0 0 0 0 0 0 0 0 0 0 0 0 0 0 0 0 0 0 0 -1 -13 -1 -9 2 -6 3 -2 4 1 5 7 5 11 9 14 12 15 18 19 21 17 19 19 23 19 21 15 23 15 24 14 22 13 14 12 9 14 1 8 -8 12 -15 12 -23 19 -31 28 -34 32 -41 39 ]
CSI_DATA,STA,E4:D1:24:F2:4F:00,-78,10,0,0,0,0,0,0,0,0,0,-97,0,1,0,16132800,0,389,0,0,16.5237,128,[-123 81 24 0 -51 14 -39 16 -31 8 -25 8 -15 1 -8 -2 -4 -11 2 -14 4 -23 3 -27 3 -33 -1 -38 2 -33 -3 -30 -2 -30 -2 -28 -7 -24 -8 -22 -3 -18 0 -16 -2 -6 0 -4 1 4 6 5 8 7 0 0 0 0 0 0 0 0 0 0 0 0 0 0 0 0 0 0 0 0 0 0 4 -12 3 -7 7 -5 5 3 -1 7 3 12 8 15 4 17 4 21 7 23 5 26 11 26 11 26 13 26 10 21 7 23 4 15 0 12 -2 10 -13 10 -16 4 -27 0 -36 0 -44 1 -53 7 -54 5 ]
CSI_DATA,STA,E4:D1:24:F2:4F:00,-79,10,0,0,0,0,0,0,0,0,0,-97,0,1,0,16235202,0,389,0,0,16.6261,128,[-123 81 24 0 11 -47 8 -40 7 -32 7 -25 1 -13 5 -6 9 6 11 10 12 15 20 20 19 22 21 19 21 23 24 19 23 18 20 15 19 16 17 13 13 7 10 3 5 3 2 -1 -4 0 -10 -4 -11 -6 0 0 0 0 0 0 0 0 0 0 0 0 0 0 0 0 0 0 0 0 0 0 11 3 4 1 -2 0 -4 0 -6 2 -10 4 -16 3 -23 1 -24 5 -28 5 -28 7 -29 9 -30 10 -28 9 -27 11 -25 5 -18 2 -15 -1 -3 -5 -5 -14 4 -19 9 -24 14 -37 14 -39 22 -49 21 -59 ]
CSI_DATA,STA,E4:D1:24:F2:4F:00,-77,10,0,0,0,0,0,0,0,0,0,-97,0,1,0,16542409,0,389,0,0,16.9334,128,[-123 81 24 0 -27 -34 -25 -27 -21 -22 -17 -18 -12 -13 -4 -11 1 -12 6 -11 13 -14 15 -15 14 -19 16 -21 16 -21 14 -19 13 -18 10 -22 8 -20 7 -17 5 -13 5 -8 3 -5 1 -3 3 2 5 7 5 9 0 0 0 0 0 0 0 0 0 0 0 0 0 0 0 0 0 0 0 0 0 0 4 7 6 6 0 4 -1 3 -5 2 -11 -2 -13 3 -15 -3 -21 3 -19 2 -27 4 -27 2 -23 9 -26 8 -24 10 -20 7 -19 5 -17 3 -11 -1 -12 -3 -10 -12 -7 -17 -11 -24 -16 -28 -16 -38 -21 -41 ]
CSI_DATA,STA,E4:D1:24:F2:4F:00,-77,10,0,0,0,0,0,0,0,0,0,-97,0,1,0,16704624,0,189,0,0,17.0954,128,[-67 -48 11 0 44 -24 39 -21 30 -18 26 -15 18 -9 13 -2 9 2 10 11 11 18 9 18 10 20 12 24 15 24 14 24 16 23 15 18 15 15 14 15 11 9 8 9 2 5 -1 6 -3 5 -5 0 -11 1 0 0 0 0 0 0 0 0 0 0 0 0 0 0 0 0 0 0 0 0 0 0 -10 9 -9 7 -6 2 -7 -1 -1 -5 -2 -12 -1 -16 0 -20 -3 -22 -3 -24 -6 -29 -6 -31 -9 -29 -11 -31 -8 -27 -8 -27 -8 -26 -3 -18 4 -14 9 -11 12 -9 26 -6 30 -7 42 -9 46 -9 53 -17 ]
CSI_DATA,STA,E4:D1:24:F2:4F:00,-78,10,0,0,0,0,0,0,0,0,0,-97,0,1,0,16849615,0,389,0,0,17.2405,128,[-123 81 24 0 -23 -43 -22 -39 -21 -26 -17 -23 -8 -16 0 -12 6 -9 14 -4 19 -3 22 -11 21 -4 25 -9 26 -5 26 -8 23 -9 23 -7 23 -8 19 -7 12 -6 6 -4 5 -6 3 3 -1 1 -2 6 -4 6 0 0 0 0 0 0 0 0 0 0 0 0 0 0 0 0 0 0 0 0 0 0 13 -1 9 -1 6 2 1 3 -4 7 -8 7 -15 8 -18 13 -24 13 -24 14 -22 15 -26 19 -27 22 -24 24 -21 17 -25 17 -17 13 -14 7 -14 -2 -10 -5 -9 -14 -9 -23 -9 -33 -15 -42 -15 -48 -23 -53 ]
CSI_DATA,STA,E4:D1:24:F2:4F:00,-78,10,0,0,0,0,0,0,0,0,0,-97,0,1,0,16952017,0,389,0,0,17.343,128,[-123 81 24 0 41 19 40 17 30 11 26 11 15 8 7 12 5 9 -4 12 -5 18 -7 20 -8 23 -6 26 -7 29 -4 27 -3 27 -3 23 0 20 1 19 -1 15 0 10 -1 6 -1 3 -8 -1 -9 -4 -10 -6 0 0 0 0 0 0 0 0 0 0 0 0 0 0 0 0 0 0 0 0 0 0 -12 -6 -10 -5 -4 -4 -1 -5 3 -4 9 -5 8 -7 14 -10 17 -9 18 -15 19 -20 19 -15 19 -21 18 -19 18 -21 15 -18 13 -18 12 -12 9 -5 9 1 18 7 19 15 22 17 29 24 38 23 43 30 ]
CSI_DATA,STA,E4:D1:24:F2:4F:00,-78,10,0,0,0,0,0,0,0,0,0,-97,0,1,0,17156821,0,389,0,0,17.5478,128,[-123 81 24 0 -14 39 -11 38 -10 30 -8 23 -8 16 -10 8 -16 6 -21 3 -17 3 -21 5 -25 5 -25 4 -26 10 -21 10 -21 11 -20 10 -16 11 -14 10 -11 6 -10 3 -4 1 -6 -3 -7 -8 -7 -9 -7 -14 0 0 0 0 0 0 0 0 0 0 0 0 0 0 0 0 0 0 0 0 0 0 9 -1 3 0 3 1 2 3 1 5 0 8 4 12 3 15 3 17 4 19 8 21 6 22 9 23 11 22 11 19 10 20 11 15 5 18 0 14 -7 16 -10 19 -20 21 -20 21 -22 31 -26 41 -26 42 ]
CSI_DATA,STA,E4:D1:24:F2:4F:00,-78,10,0,0,0,0,0,0,0,0,0,-97,0,1,0,17259223,0,389,0,0,17.6501,128,[-123 81 24 0 40 30 33 22 29 19 21 16 14 13 5 15 -1 16 -5 16 -11 21 -14 22 -14 23 -14 26 -7 28 -10 27 -7 25 -6 27 -3 22 -4 21 -5 15 -2 11 -4 7 -7 0 -9 -3 -8 -5 -10 -9 0 0 0 0 0 0 0 0 0 0 0 0 0 0 0 0 0 0 0 0 0 0 5 12 1 -4 0 3 1 -6 6 -5 11 -4 11 -8 15 -9 19 -8 23 -10 22 -11 25 -17 23 -19 25 -16 17 -19 18 -19 17 -11 15 -8 13 0 6 6 12 10 22 22 25 27 26 32 32 40 43 41 ]
CSI_DATA,STA,E4:D1:24:F2:4F:00,-78,10,0,0,0,0,0,0,0,0,0,-97,0,1,0,17464027,0,389,0,0,17.855,128,[-123 81 24 0 14 -36 14 -32 13 -21 11 -17 10 -10 18 -4 16 0 20 1 23 4 25 2 26 2 26 0 26 0 26 -4 21 -5 19 -5 16 -4 13 -2 10 -2 7 1 5 3 1 5 0 9 -2 10 -1 13 0 0 0 0 0 0 0 0 0 0 0 0 0 0 0 0 0 0 0 0 0 0 -6 4 -8 2 -6 1 -6 -5 -6 -7 -9 -10 -4 -14 -10 -21 -11 -20 -16 -18 -13 -20 -16 -18 -14 -17 -13 -18 -15 -17 -11 -17 -9 -15 -3 -14 2 -14 11 -14 13 -21 21 -22 20 -27 25 -32 26 -35 26 -47 ]
CSI_DATA,STA,E4:D1:24:F2:4F:00,-78,10,0,0,0,0,0,0,0,0,0,-97,0,1,0,17566429,0,389,0,0,17.9573,128,[-123 81 24 0 43 8 40 3 31 1 26 3 15 2 12 12 6 11 5 19 4 19 4 23 4 22 10 29 9 28 13 26 10 21 12 22 12 17 8 14 7 11 3 10 -3 6 -5 5 -9 7 -12 5 -15 5 0 0 0 0 0 0 0 0 0 0 0 0 0 0 0 0 0 0 0 0 0 0 -8 -4 -3 -5 -3 -3 1 -4 4 -4 6 -7 13 -7 13 -8 16 -11 15 -16 17 -16 16 -18 13 -22 14 -25 14 -22 10 -19 12 -17 11 -11 12 -7 18 1 18 7 25 10 30 13 38 17 44 17 52 17 ]
CSI_DATA,STA,E4:D1:24:F2:4F:00,-78,10,0,0,0,0,0,0,0,0,0,-97,0,1,0,17668831,0,389,0,0,18.0597,128,[-123 81 24 0 46 -11 38 -9 32 -9 20 -1 15 0 7 4 3 9 1 17 -1 21 -2 27 3 30 -2 29 3 30 5 30 6 27 6 24 4 22 5 16 2 12 1 8 -3 6 -4 -1 -8 -4 -12 -4 -12 -6 0 0 0 0 0 0 0 0 0 0 0 0 0 0 0 0 0 0 0 0 0 0 -5 3 0 0 -4 -1 0 -5 2 -8 3 -12 -1 -13 3 -20 2 -19 -1 -24 -2 -20 -2 -28 -4 -28 -5 -25 -6 -27 -5 -18 -3 -14 2 -13 6 -9 14 -5 19 -5 28 2 36 4 41 2 50 0 60 1 ]
CSI_DATA,STA,E4:D1:24:F2:4F:00,-81,10,0,0,0,0,0,0,0,0,0,-97,0,1,0,17771232,0,389,0,0,18.162,128,[-123 81 24 0 -17 46 -16 40 -10 36 -10 27 -9 24 -8 16 -7 12 -10 9 -15 6 -18 4 -23 5 -22 5 -24 7 -18 10 -24 10 -20 9 -19 12 -16 8 -14 7 -12 6 -11 1 -9 1 -8 -4 -7 -8 -7 -7 0 0 0 0 0 0 0 0 0 0 0 0 0 0 0 0 0 0 0 0 0 0 7 -3 8 0 8 0 2 5 1 4 -1 6 -3 10 0 13 -1 14 4 16 3 21 5 24 5 24 6 28 12 26 11 23 13 18 11 18 3 13 -4 16 -5 14 -12 16 -16 21 -20 28 -27 32 -31 34 ]
CSI_DATA,STA,E4:D1:24:F2:4F:00,-77,10,0,0,0,0,0,0,0,0,0,-97,0,1,0,17976037,0,389,0,0,18.367,128,[-123 81 24 0 43 25 37 18 32 17 22 11 13 12 9 11 -1 8 -8 17 -12 16 -15 19 -15 21 -14 25 -11 28 -10 26 -10 26 -8 25 -7 23 -5 17 -5 13 -4 6 0 4 -3 1 -7 -4 -8 -8 -7 -12 0 0 0 0 0 0 0 0 0 0 0 0 0 0 0 0 0 0 0 0 0 0 -9 -3 -8 0 -5 -2 -2 -6 2 -5 6 -5 10 -10 15 -11 16 -15 20 -15 19 -19 20 -20 21 -25 18 -25 18 -25 15 -21 14 -16 13 -11 13 -5 14 3 15 12 18 17 25 25 28 26 37 32 41 35 ]
CSI_DATA,STA,E4:D1:24:F2:4F:00,-78,10,0,0,0,0,0,0,0,0,0,-97,0,1,0,18035148,0,64,0,0,18.4255,128,[64 0 4 0 42 -22 35 -26 28 -19 24 -16 18 -13 18 -5 19 2 15 6 18 13 18 12 20 14 24 14 26 12 25 9 25 9 22 8 21 5 15 3 13 4 9 3 4 4 2 9 0 10 -5 14 -6 14 0 0 0 0 0 0 0 0 0 0 0 0 0 0 0 0 0 0 0 0 0 0 -13 -2 -8 -3 -6 0 -2 -6 -1 -7 1 -7 6 -10 8 -13 6 -19 10 -24 7 -25 6 -28 6 -33 4 -31 0 -32 3 -30 2 -23 2 -22 3 -17 11 -13 16 -8 32 -12 36 -8 41 -9 47 -14 52 -20 ]
CSI_DATA,STA,E4:D1:24:F2:4F:00,-77,10,0,0,0,0,0,0,0,0,0,-97,0,1,0,18078439,0,389,0,0,18.4692,128,[-123 81 24 0 -26 -45 -26 -37 -20 -29 -13 -21 -10 -15 0 -13 3 -7 10 -6 15 -8 20 -9 20 -8 26 -12 27 -11 25 -12 23 -13 23 -12 18 -12 16 -12 12 -7 7 -3 10 -2 10 -1 0 5 -2 7 -6 9 0 0 0 0 0 0 0 0 0 0 0 0 0 0 0 0 0 0 0 0 0 0 13 1 8 3 5 0 -1 1 -2 1 -8 4 -12 4 -16 8 -17 11 -22 11 -22 16 -23 15 -26 18 -24 17 -22 17 -24 14 -17 14 -17 9 -15 1 -8 -6 -10 -15 -8 -23 -14 -34 -15 -41 -16 -45 -23 -51 ]
CSI_DATA,STA,E4:D1:24:F2:4F:00,-78,10,0,0,0,0,0,0,0,0,0,-97,0,1,0,18180841,0,389,0,0,18.5718,128,[-123 81 24 0 -3 55 -5 47 -4 35 -3 30 0 17 -2 11 -10 4 -10 -2 -17 -7 -21 -9 -23 -9 -26 -8 -27 -9 -28 -6 -25 -4 -28 -3 -24 1 -21 -1 -17 0 -10 0 -8 2 -2 -4 1 -6 7 -5 11 -6 0 0 0 0 0 0 0 0 0 0 0 0 0 0 0 0 0 0 0 0 0 0 -10 -10 -9 -8 -4 -6 -4 -4 0 -2 3 -1 7 2 11 1 18 4 23 5 24 4 27 1 31 4 30 -1 30 -3 31 0 27 1 22 1 15 4 8 7 3 13 -4 22 -9 29 -13 39 -13 44 -16 55 ]
CSI_DATA,STA,E4:D1:24:F2:4F:00,-79,10,0,0,0,0,0,0,0,0,0,-97,0,1,0,18283243,0,389,0,0,18.6742,128,[-123 81 24 0 42 16 37 8 29 7 19 9 11 7 3 8 0 4 -9 12 -12 15 -17 18 -14 21 -14 22 -15 20 -13 22 -8 23 -11 21 -6 21 -1 15 -6 9 0 6 -2 4 -4 -1 -4 -6 -5 -7 -4 -9 0 0 0 0 0 0 0 0 0 0 0 0 0 0 0 0 0 0 0 0 0 0 -9 4 -6 3 -4 2 -2 -4 0 -7 4 -10 3 -10 7 -16 8 -20 8 -21 6 -22 7 -30 6 -28 3 -29 4 -27 6 -25 5 -20 7 -13 9 -2 9 -3 18 8 24 15 28 21 35 26 42 26 47 27 ]
CSI_DATA,STA,E4:D1:24:F2:4F:00,-79,10,0,0,0,0,0,0,0,0,0,-97,0,1,0,18590449,0,389,0,0,18.9814,128,[-123 81 24 0 49 10 46 8 37 5 30 8 20 5 15 9 6 9 2 13 -2 15 -5 23 -5 27 -3 27 -3 25 1 27 2 28 -1 28 3 22 6 18 1 14 0 12 -2 10 -4 1 -6 -2 -11 -3 -12 -7 0 0 0 0 0 0 0 0 0 0 0 0 0 0 0 0 0 0 0 0 0 0 -10 -1 -9 0 -7 2 -4 -1 2 0 3 -5 8 -8 8 -10 10 -13 11 -17 13 -21 14 -23 12 -27 12 -31 13 -30 6 -26 6 -24 10 -18 7 -11 11 -7 13 2 17 7 25 13 35 16 40 17 48 21 ]
CSI_DATA,STA,E4:D1:24:F2:4F:00,-82,10,0,0,0,0,0,0,0,0,0,-97,0,1,0,18795253,0,389,0,0,19.1862,128,[-123 81 24 0 -28 39 -20 31 -19 33 -16 18 -13 10 -12 6 -14 -1 -18 -3 -21 -12 -27 -9 -25 -7 -29 -4 -28 -2 -27 0 -26 0 -20 0 -21 1 -17 -1 -14 -2 -10 -4 -4 -5 -2 -9 -4 -12 0 -17 2 -17 0 0 0 0 0 0 0 0 0 0 0 0 0 0 0 0 0 0 0 0 0 0 7 -6 5 -2 4 -2 1 2 0 4 1 5 1 8 5 14 3 19 6 20 6 19 8 23 14 24 14 24 11 24 15 21 9 13 6 16 -2 17 -4 12 -12 17 -22 20 -30 23 -35 29 -38 38 -38 40 ]
CSI_DATA,STA,E4:D1:24:F2:4F:00,-77,10,0,0,0,0,0,0,0,0,0,-97,0,1,0,19102459,0,389,0,0,19.4934,128,[-123 81 24 0 41 29 36 25 28 18 23 15 16 14 8 12 3 13 -1 17 -8 14 -8 17 -10 20 -10 22 -12 29 -9 23 -8 23 -6 25 -3 24 -4 17 -2 14 -4 11 -4 9 -5 6 -8 1 -8 -2 -10 -4 0 0 0 0 0 0 0 0 0 0 0 0 0 0 0 0 0 0 0 0 0 0 -7 -7 -6 -8 -1 -2 -1 -5 -11 -7 2 -1 9 -3 12 -4 14 -4 20 -7 21 -10 22 -11 23 -13 25 -15 21 -16 21 -17 18 -12 14 -11 13 -4 12 -1 14 10 17 19 18 24 21 29 31 34 34 38 ]
CSI_DATA,STA,E4:D1:24:F2:4F:00,-78,10,0,0,0,0,0,0,0,0,0,-97,0,1,0,19116937,0,64,0,0,19.5254,128,[64 0 4 0 -34 -41 -34 -32 -25 -27 -20 -18 -15 -16 -5 -12 1 -14 3 -17 7 -17 14 -21 13 -23 15 -21 14 -25 10 -25 10 -28 11 -27 4 -24 5 -18 5 -17 3 -10 4 -8 6 -5 7 -2 10 6 11 7 0 0 0 0 0 0 0 0 0 0 0 0 0 0 0 0 0 0 0 0 0 0 7 5 3 5 -1 5 -4 4 -8 -1 -8 -2 -12 -2 -14 -1 -21 2 -25 0 -26 6 -28 2 -30 9 -29 8 -27 11 -26 10 -19 7 -20 5 -17 3 -15 -6 -14 -14 -13 -24 -18 -31 -20 -35 -21 -40 -30 -50 ]
CSI_DATA,STA,E4:D1:24:F2:4F:00,-78,10,0,0,0,0,0,0,0,0,0,-97,0,1,0,19204861,0,389,0,0,19.5957,128,[-123 81 24 0 52 0 45 2 36 -4 28 -3 21 -2 14 5 6 10 3 13 -1 18 -5 22 -5 30 -6 27 -3 30 -5 31 -1 29 4 26 3 26 6 21 4 18 2 14 -1 9 -2 2 -5 1 -10 -5 -10 -6 0 0 0 0 0 0 0 0 0 0 0 0 0 0 0 0 0 0 0 0 0 0 -14 5 -10 4 -7 2 -4 2 -3 -1 5 -7 1 -7 4 -11 16 -21 7 -22 5 -26 3 -27 5 -33 3 -31 4 -27 -2 -31 1 -25 3 -20 6 -17 10 -14 16 -4 26 3 34 4 37 6 45 9 56 8 ]
CSI_DATA,STA,E4:D1:24:F2:4F:00,-77,10,0,0,0,0,0,0,0,0,0,-97,0,1,0,19307263,0,389,0,0,19.6981,128,[-123 81 24 0 -25 42 -21 38 -18 32 -15 25 -9 14 -9 9 -10 4 -9 -4 -9 -11 -14 -13 -17 -15 -19 -17 -21 -16 -22 -15 -22 -14 -23 -11 -22 -8 -18 -6 -17 -7 -11 -4 -10 -5 -5 -3 -2 -3 3 -6 7 -4 0 0 0 0 0 0 0 0 0 0 0 0 0 0 0 0 0 0 0 0 0 0 2 -12 3 -9 3 -9 5 -4 4 0 3 2 6 5 10 9 9 12 16 11 17 14 18 15 21 15 22 16 19 16 22 14 16 22 3 9 5 10 0 12 -7 14 -14 15 -21 22 -24 24 -30 32 -31 38 ]
CSI_DATA,STA,E4:D1:24:F2:4F:00,-77,10,0,0,0,0,0,0,0,0,0,-97,0,1,0,19409665,0,389,0,0,19.8006,128,[-123 81 24 0 -19 -54 -22 -49 -18 -40 -16 -30 -9 -23 -7 -18 1 -18 8 -15 12 -9 16 -10 22 -19 17 -16 18 -20 17 -19 19 -21 15 -20 11 -20 11 -16 10 -13 9 -10 6 -5 3 -3 7 5 9 4 7 7 0 0 0 0 0 0 0 0 0 0 0 0 0 0 0 0 0 0 0 0 0 0 1 15 2 10 -3 7 -3 5 -6 2 -7 -1 -13 -4 -15 -6 -17 -7 -24 -8 -25 -8 -30 -8 -38 -3 -32 2 -26 -1 -28 -2 -26 -2 -24 -1 -17 -5 -11 -6 -9 -13 -8 -23 -5 -31 -4 -40 -8 -48 -12 -54 ]
CSI_DATA,STA,E4:D1:24:F2:4F:00,-80,10,0,0,0,0,0,0,0,0,0,-97,0,1,0,19512068,0,389,0,0,19.903,128,[-123 81 24 0 48 4 44 2 36 -1 27 2 23 5 13 2 12 10 4 11 2 16 0 17 2 24 1 28 7 23 9 26 9 25 8 21 8 18 10 15 7 12 6 9 0 7 -1 3 -6 3 -7 1 -10 2 0 0 0 0 0 0 0 0 0 0 0 0 0 0 0 0 0 0 0 0 0 0 -11 -4 -9 -5 -6 -7 -4 -7 -1 -8 4 -5 5 -9 10 -11 11 -13 12 -15 15 -21 15 -22 17 -24 16 -22 13 -23 10 -26 10 -22 9 -21 13 -12 13 -9 16 -3 22 6 30 12 35 15 44 18 53 18 ]
CSI_DATA,STA,E4:D1:24:F2:4F:00,-77,10,0,0,0,0,0,0,0,0,0,-97,0,1,0,19614470,0,389,0,0,20.0054,128,[-123 81 24 0 -35 -37 -32 -28 -25 -23 -20 -19 -11 -14 -3 -15 2 -12 9 -15 14 -17 17 -17 16 -22 16 -23 15 -26 16 -26 14 -25 11 -22 6 -22 6 -18 3 -16 2 -10 5 -8 6 -3 5 1 6 6 8 8 0 0 0 0 0 0 0 0 0 0 0 0 0 0 0 0 0 0 0 0 0 0 9 9 2 7 0 6 -5 5 -8 3 -8 2 -17 4 -18 4 -23 5 -25 3 -29 6 -26 10 -30 8 -25 12 -24 10 -26 10 -20 9 -16 2 -15 -2 -11 -11 -11 -16 -14 -23 -15 -33 -22 -38 -25 -44 -29 -45 ]
CSI_DATA,STA,E4:D1:24:F2:4F:00,-78,10,0,0,0,0,0,0,0,0,0,-97,0,1,0,19716872,0,389,0,0,20.1078,128,[-123 81 24 0 27 -36 24 -33 18 -27 11 -15 13 -10 14 -3 10 4 14 11 15 15 19 16 19 20 20 21 23 20 24 17 22 11 24 13 22 9 18 8 12 5 8 3 2 4 -3 5 -6 4 -12 6 -12 2 0 0 0 0 0 0 0 0 0 0 0 0 0 0 0 0 0 0 0 0 0 0 -3 6 -7 4 -5 -1 -5 -5 -7 -6 -4 -9 -4 -12 -6 -14 -9 -18 -13 -18 -13 -23 -13 -22 -18 -21 -15 -17 -15 -18 -16 -17 -10 -17 -3 -10 -2 -11 8 -10 13 -16 27 -17 21 -18 38 -23 35 -26 39 -36 ]
CSI_DATA,STA,E4:D1:24:F2:4F:00,-77,10,0,0,0,0,0,0,0,0,0,-97,0,1,0,19921676,0,389,0,0,20.3127,128,[-123 81 24 0 45 -18 36 -20 34 -16 24 -14 20 -10 15 -4 12 1 13 7 13 9 16 12 19 17 22 17 27 13 25 11 22 11 20 10 21 8 20 4 15 3 9 1 9 7 2 6 1 3 -3 8 -5 12 0 0 0 0 0 0 0 0 0 0 0 0 0 0 0 0 0 0 0 0 0 0 -13 -4 -11 -2 -8 -3 -3 -6 1 -5 4 -7 6 -8 9 -14 10 -16 11 -20 11 -22 11 -26 9 -28 4 -29 8 -29 4 -27 5 -24 5 -21 9 -13 10 -12 14 -6 25 -5 32 -3 39 -2 44 -7 52 -6 ]
CSI_DATA,STA,E4:D1:24:F2:4F:00,-79,10,0,0,0,0,0,0,0,0,0,-97,0,1,0,20024078,0,389,0,0,20.4149,128,[-123 81 24 0 -6 -47 -10 -41 -10 -35 -7 -26 -1 -19 5 -14 10 -10 14 -7 18 -9 25 -7 25 -9 27 -12 25 -9 25 -10 22 -12 19 -14 18 -12 14 -10 10 -9 6 -6 3 -4 2 5 1 5 1 10 0 12 0 0 0 0 0 0 0 0 0 0 0 0 0 0 0 0 0 0 0 0 0 0 2 10 -1 9 -4 6 -3 2 -6 0 -10 -4 -14 -8 -15 -8 -21 -9 -25 -8 -28 -7 -28 -9 -30 -7 -30 -6 -26 -1 -26 -2 -21 -6 -15 -8 -12 -8 -5 -14 -5 -18 2 -27 2 -34 2 -40 4 -47 0 -53 ]
CSI_DATA,STA,E4:D1:24:F2:4F:00,-80,10,0,0,0,0,0,0,0,0,0,-97,0,1,0,20126480,0,389,0,0,20.5172,128,[-123 81 24 0 21 -44 16 -43 11 -33 8 -23 11 -21 6 -10 10 -6 7 2 13 11 14 13 16 15 18 18 21 18 17 16 21 18 19 12 19 12 19 12 15 8 10 4 6 2 1 3 0 4 -8 4 -10 0 0 0 0 0 0 0 0 0 0 0 0 0 0 0 0 0 0 0 0 0 0 0 7 8 5 5 2 3 -1 3 -3 -4 -8 -5 -10 -5 -12 -4 -18 -8 -21 -9 -22 -8 -29 -7 -32 -7 -30 -7 -28 -4 -24 -7 -21 -4 -17 -5 -12 -6 -4 -10 4 -15 12 -20 16 -23 23 -27 25 -38 29 -45 ]
CSI_DATA,STA,E4:D1:24:F2:4F:00,-78,10,0,0,0,0,0,0,0,0,0,-97,0,1,0,20194889,0,64,0,0,20.5854,128,[64 0 4 0 -50 5 -45 5 -33 6 -29 7 -23 5 -16 -2 -10 -7 -5 -11 -10 -15 -11 -20 -7 -25 -11 -27 -10 -24 -11 -26 -13 -25 -13 -21 -13 -17 -13 -14 -11 -13 -8 -10 -6 -5 0 -6 2 -3 8 -2 10 -1 0 0 0 0 0 0 0 0 0 0 0 0 0 0 0 0 0 0 0 0 0 0 12 -3 8 -2 6 0 2 0 1 2 -4 5 -7 9 -9 13 -11 17 -8 23 -11 26 -9 28 -5 32 -9 30 -6 32 -6 27 -4 23 -3 17 -8 11 -13 6 -16 2 -23 -4 -31 -6 -38 -7 -46 -8 -51 -8 ]
CSI_DATA,STA,E4:D1:24:F2:4F:00,-78,10,0,0,0,0,0,0,0,0,0,-97,0,1,0,20331284,0,389,0,0,20.7222,128,[-123 81 24 0 -43 -24 -37 -16 -28 -12 -23 -11 -15 -7 -7 -13 -3 -14 6 -18 4 -22 6 -25 7 -28 8 -30 4 -29 0 -28 -2 -25 -1 -26 -2 -20 -2 -16 -3 -15 -2 -8 0 -6 4 -3 4 6 5 2 11 6 0 0 0 0 0 0 0 0 0 0 0 0 0 0 0 0 0 0 0 0 0 0 9 7 7 6 -1 7 -3 6 -6 3 -10 6 -15 9 -17 8 -22 11 -22 13 -23 13 -25 16 -23 16 -21 19 -22 17 -19 16 -16 12 -17 6 -15 3 -16 -8 -19 -12 -22 -20 -25 -24 -29 -30 -37 -31 -44 -35 ]
CSI_DATA,STA,E4:D1:24:F2:4F:00,-80,10,0,0,0,0,0,0,0,0,0,-97,0,1,0,20536088,0,389,0,0,20.9271,128,[-123 81 24 0 -34 22 -24 18 -24 12 -20 10 -14 6 -6 -6 -9 -8 -6 -13 -3 -18 -5 -22 -3 -25 -7 -27 -8 -26 -10 -26 -7 -23 -5 -26 -8 -25 -6 -19 -5 -10 -4 -12 -3 -4 2 -3 2 5 8 6 7 9 0 0 0 0 0 0 0 0 0 0 0 0 0 0 0 0 0 0 0 0 0 0 -4 -11 -1 -7 -2 -3 1 -1 4 3 9 5 7 8 9 8 14 14 14 10 14 14 17 16 24 11 22 13 16 12 16 13 9 4 9 9 1 7 -11 7 -18 11 -20 8 -30 15 -39 15 -39 18 -41 26 ]
CSI_DATA,STA,E4:D1:24:F2:4F:00,-80,10,0,0,0,0,0,0,0,0,0,-97,0,1,0,20638490,0,389,0,0,21.0294,128,[-123 81 24 0 -15 41 -9 37 -6 32 -5 24 -8 16 -9 9 -14 1 -21 -4 -19 -3 -26 -6 -24 -8 -33 -5 -26 -6 -31 2 -24 -1 -25 2 -23 4 -17 4 -13 5 -12 2 -4 -1 -3 -3 1 -6 2 -11 6 -11 0 0 0 0 0 0 0 0 0 0 0 0 0 0 0 0 0 0 0 0 0 0 4 -10 1 -8 5 -2 2 2 7 -1 4 11 9 12 9 13 15 15 16 17 18 16 21 20 22 19 23 13 20 14 22 11 16 8 11 9 6 13 1 14 -6 15 -11 22 -20 27 -21 30 -22 38 -24 48 ]
CSI_DATA,STA,E4:D1:24:F2:4F:00,-79,10,0,0,0,0,0,0,0,0,0,-97,0,1,0,20740892,0,389,0,0,21.1317,128,[-123 81 24 0 -26 41 -22 35 -17 31 -13 28 -10 15 -11 10 -15 3 -20 0 -21 1 -28 -4 -27 -3 -30 0 -32 2 -32 0 -31 5 -28 5 -23 5 -21 7 -17 4 -12 2 -11 0 -8 -6 -6 -9 -4 -11 0 -16 0 0 0 0 0 0 0 0 0 0 0 0 0 0 0 0 0 0 0 0 0 0 11 -3 5 0 6 0 0 1 2 5 -2 10 1 14 -3 15 0 19 1 21 3 23 7 28 8 23 7 25 10 24 7 22 8 20 1 5 -2 15 -8 15 -14 14 -21 20 -27 21 -31 29 -34 29 -36 36 ]
CSI_DATA,STA,E4:D1:24:F2:4F:00,-79,10,0,0,0,0,0,0,0,0,0,-97,0,1,0,20843294,0,389,0,0,21.2342,128,[-123 81 24 0 -2 -43 -4 -37 -4 -25 0 -21 1 -18 8 -9 11 -5 15 -8 19 -8 27 -6 24 -9 27 -8 24 -11 23 -14 20 -13 16 -15 15 -11 13 -10 8 -7 5 -3 3 0 3 5 1 6 1 11 2 14 0 0 0 0 0 0 0 0 0 0 0 0 0 0 0 0 0 0 0 0 0 0 -3 10 -3 7 -5 1 -6 -2 -6 -4 -9 -8 -7 -8 -14 -8 -12 -13 -19 -15 -20 -13 -24 -9 -26 -8 -25 -9 -24 -9 -19 -7 -18 -7 -11 -9 -5 -8 -3 -13 1 -23 5 -26 9 -36 9 -38 5 -44 4 -49 ]
CSI_DATA,STA,E4:D1:24:F2:4F:00,-79,10,0,0,0,0,0,0,0,0,0,-97,0,1,0,20945696,0,389,0,0,21.3367,128,[-123 81 24 0 12 44 9 37 5 28 4 18 -3 14 -9 6 -14 2 -16 0 -27 0 -28 2 -29 -3 -34 1 -32 0 -32 8 -28 7 -24 7 -22 7 -15 2 -12 4 -7 -2 -2 -2 -1 -3 3 -6 6 -11 8 -16 0 0 0 0 0 0 0 0 0 0 0 0 0 0 0 0 0 0 0 0 0 0 -9 -8 -6 -4 0 -3 6 -4 7 -3 10 -3 17 -1 24 -1 22 0 25 -3 26 -5 30 -5 28 -10 24 -8 23 -7 21 -6 15 0 15 3 6 4 8 15 0 21 1 29 1 43 -2 48 5 53 2 59 ]
CSI_DATA,STA,E4:D1:24:F2:4F:00,-78,10,0,0,0,0,0,0,0,0,0,-97,0,1,0,21048099,0,389,0,0,21.439,128,[-123 81 24 0 -38 -34 -30 -28 -25 -20 -22 -13 -9 -13 1 -9 6 -5 13 -8 21 -6 24 -8 28 -16 25 -14 31 -13 29 -14 28 -18 22 -16 23 -16 15 -12 12 -9 10 -6 7 -3 1 3 0 5 -6 8 -9 12 0 0 0 0 0 0 0 0 0 0 0 0 0 0 0 0 0 0 0 0 0 0 5 -6 4 -3 -1 2 -1 5 -3 6 -8 10 -7 12 -8 13 -11 17 -12 20 -10 25 -13 25 -11 25 -7 25 -6 23 -11 20 -7 12 -7 8 -6 -1 -11 -8 -13 -18 -19 -23 -27 -29 -28 -37 -38 -40 -36 -44 ]
CSI_DATA,STA,E4:D1:24:F2:4F:00,-77,10,0,0,0,0,0,0,0,0,0,-97,0,1,0,21150501,0,389,0,0,21.5414,128,[-123 81 24 0 22 -43 19 -37 14 -29 11 -23 9 -12 7 -6 16 -2 15 -2 23 5 27 3 30 5 27 4 32 2 27 2 30 -5 27 -5 23 -5 19 -4 17 -4 12 -2 6 3 3 3 -3 7 -1 12 -6 12 0 0 0 0 0 0 0 0 0 0 0 0 0 0 0 0 0 0 0 0 0 0 -5 6 -7 4 -8 0 -7 -4 -5 -9 -5 -12 -4 -16 -8 -17 -7 -21 -11 -22 -11 -22 -11 -24 -18 -24 -17 -23 -14 -17 -19 -19 -13 -18 -6 -15 -4 -14 8 -15 11 -21 21 -24 25 -24 30 -32 36 -34 31 -42 ]
CSI_DATA,STA,E4:D1:24:F2:4F:00,-78,10,0,0,0,0,0,0,0,0,0,-97,0,1,0,21235542,0,64,0,0,21.6262,128,[64 0 4 0 25 -44 24 -36 17 -31 14 -24 8 -15 11 -7 11 1 10 5 8 13 13 17 16 22 20 22 22 21 20 22 21 19 19 18 20 15 16 10 14 11 6 9 4 6 -1 5 -4 2 -11 1 -14 -4 0 0 0 0 0 0 0 0 0 0 0 0 0 0 0 0 0 0 0 0 0 0 4 5 4 6 3 4 -1 1 -3 -1 -6 -1 -13 -6 -13 -7 -17 -8 -20 -9 -23 -11 -26 -9 -28 -14 -29 -6 -28 -8 -23 -7 -21 -9 -12 -9 -7 -10 -1 -9 5 -19 11 -18 19 -23 27 -29 30 -36 30 -45 ]
CSI_DATA,STA,E4:D1:24:F2:4F:00,-80,10,0,0,0,0,0,0,0,0,0,-97,0,1,0,21252903,0,389,0,0,21.6579,128,[-123 81 24 0 -31 38 -24 32 -19 28 -13 15 -10 11 -12 1 -8 -5 -10 -14 -11 -14 -16 -19 -17 -26 -17 -26 -21 -24 -25 -20 -21 -23 -21 -18 -21 -15 -19 -13 -12 -13 -7 -10 -5 -4 2 -4 6 -5 12 -2 12 -1 0 0 0 0 0 0 0 0 0 0 0 0 0 0 0 0 0 0 0 0 0 0 -3 -9 4 -6 2 -4 3 1 4 3 7 6 9 11 10 8 11 15 16 14 17 19 19 15 24 13 22 11 24 15 17 11 10 9 12 10 3 10 -4 10 -9 16 -20 14 -28 20 -33 26 -40 29 -35 34 ]
CSI_DATA,STA,E4:D1:24:F2:4F:00,-79,10,0,0,0,0,0,0,0,0,0,-97,0,1,0,21355339,0,389,0,0,21.7462,128,[-123 81 24 0 -16 -47 -15 -43 -10 -31 -7 -27 -4 -18 3 -16 9 -10 14 -7 17 -9 18 -7 27 -7 30 -8 31 -9 29 -11 28 -11 25 -10 22 -10 19 -8 13 -6 13 -5 9 -1 -1 4 -2 10 -2 3 -4 14 0 0 0 0 0 0 0 0 0 0 0 0 0 0 0 0 0 0 0 0 0 0 4 5 3 6 -2 0 -4 0 -7 -2 -10 -4 -11 -4 -16 -3 -22 -2 -23 0 -27 0 -25 1 -26 5 -30 8 -26 4 -27 4 -23 7 -16 2 -11 -5 -9 -8 -4 -19 -3 -27 -1 -32 -1 -42 -3 -44 -10 -55 ]
CSI_DATA,STA,E4:D1:24:F2:4F:00,-78,10,0,0,0,0,0,0,0,0,0,-97,0,1,0,21457707,0,389,0,0,21.8485,128,[-123 81 24 0 19 42 15 38 14 31 7 22 3 21 -4 12 -8 12 -15 8 -19 13 -18 13 -23 15 -22 15 -22 18 -22 19 -16 19 -15 16 -14 15 -8 15 -8 10 -7 6 -8 2 -4 -3 -4 -7 -5 -10 -7 -15 0 0 0 0 0 0 0 0 0 0 0 0 0 0 0 0 0 0 0 0 0 0 -3 -13 1 -10 0 -3 4 -1 6 1 10 1 11 7 17 3 19 9 20 4 25 6 28 3 32 3 28 1 25 0 25 -1 20 1 18 0 13 4 5 13 4 16 3 28 5 33 9 43 6 46 12 53 ]
CSI_DATA,STA,E4:D1:24:F2:4F:00,-78,10,0,0,0,0,0,0,0,0,0,-97,0,1,0,21662511,0,389,0,0,22.0534,128,[-123 81 24 0 28 30 23 24 21 21 16 15 9 13 2 9 -1 5 -12 11 -17 9 -20 12 -20 13 -19 13 -21 18 -19 18 -18 17 -17 17 -14 15 -12 12 -10 9 -8 7 -8 3 -5 -2 -4 -5 0 -9 -1 -11 0 0 0 0 0 0 0 0 0 0 0 0 0 0 0 0 0 0 0 0 0 0 -9 -3 -6 -4 -9 -3 -3 1 4 -2 7 -7 9 -7 9 -8 14 -9 18 -12 19 -10 19 -13 21 -16 19 -16 15 -16 13 -15 15 -8 12 -7 12 -2 12 3 10 9 13 18 13 24 16 30 21 37 23 38 ]
CSI_DATA,STA,E4:D1:24:F2:4F:00,-78,10,0,0,0,0,0,0,0,0,0,-97,0,1,0,21764915,0,389,0,0,22.1559,128,[-123 81 24 0 -33 -47 -24 -34 -22 -29 -15 -21 -10 -14 -1 -12 6 -10 15 -11 20 -10 23 -14 24 -15 23 -20 24 -17 22 -17 21 -23 19 -21 17 -15 14 -16 9 -15 9 -10 6 -3 4 1 3 6 -1 11 3 14 0 0 0 0 0 0 0 0 0 0 0 0 0 0 0 0 0 0 0 0 0 0 9 6 6 5 0 3 -2 2 -5 2 -11 1 -17 3 -21 4 -24 5 -25 5 -27 9 -27 10 -28 13 -26 13 -22 15 -20 12 -16 11 -14 4 -13 -2 -11 -9 -11 -18 -13 -27 -10 -35 -16 -42 -18 -48 -22 -51 ]
CSI_DATA,STA,E4:D1:24:F2:4F:00,-78,10,0,0,0,0,0,0,0,0,0,-97,0,1,0,21867317,0,389,0,0,22.2583,128,[-123 81 24 0 -44 -31 -39 -25 -30 -23 -24 -18 -16 -10 -10 -9 2 -4 9 -8 14 -6 18 -9 21 -8 27 -9 25 -13 27 -12 25 -14 27 -12 22 -12 15 -11 17 -8 13 -5 10 -2 5 0 2 5 -3 4 -5 10 0 0 0 0 0 0 0 0 0 0 0 0 0 0 0 0 0 0 0 0 0 0 7 -8 5 -5 2 -3 0 1 0 6 0 10 -4 11 -8 19 -7 21 -3 24 -5 28 -4 26 -5 33 2 32 -7 28 -6 25 -3 22 -2 16 -6 7 -11 -1 -12 -4 -21 -18 -21 -25 -27 -32 -34 -34 -41 -39 ]
CSI_DATA,STA,E4:D1:24:F2:4F:00,-80,10,0,0,0,0,0,0,0,0,0,-97,0,1,0,21969719,0,389,0,0,22.3606,128,[-123 81 24 0 -8 -44 -8 -36 -6 -26 -4 -24 2 -13 4 -5 9 -5 15 0 21 3 23 0 22 0 24 -3 27 0 27 -4 25 -3 21 -5 20 -8 14 -2 9 -4 8 -1 1 -1 0 1 -4 9 -8 8 -10 10 0 0 0 0 0 0 0 0 0 0 0 0 0 0 0 0 0 0 0 0 0 0 8 3 4 3 1 -1 -3 0 -7 2 -9 2 -13 1 -19 0 -20 3 -18 4 -25 4 -26 3 -26 10 -25 12 -24 7 -20 6 -19 6 -15 -1 -10 -7 -4 -10 -4 -19 1 -24 0 -36 0 -42 0 -46 -6 -52 ]
CSI_DATA,STA,E4:D1:24:F2:4F:00,-80,10,0,0,0,0,0,0,0,0,0,-97,0,1,0,22276925,0,389,0,0,22.6678,128,[-123 81 24 0 -1 -48 -6 -38 1 -25 -4 -25 -2 -16 5 -12 13 -14 13 -3 18 -7 23 -4 33 -10 28 -8 26 -11 29 -12 21 -13 21 -14 15 -12 11 -13 11 -8 6 -7 5 0 2 4 1 7 3 12 0 15 0 0 0 0 0 0 0 0 0 0 0 0 0 0 0 0 0 0 0 0 0 0 -4 6 -3 5 -6 2 -5 -1 -5 -6 -5 -7 -8 -9 -10 -12 -16 -14 -15 -13 -19 -12 -20 -10 -25 -14 -26 -13 -19 -10 -19 -6 -16 -8 -11 -8 -7 -14 2 -20 1 -20 5 -30 10 -32 7 -45 1 -47 9 -50 ]
CSI_DATA,STA,E4:D1:24:F2:4F:00,-82,10,0,0,0,0,0,0,0,0,0,-97,0,1,0,22379327,0,389,0,0,22.7703,128,[-123 81 24 0 37 -1 33 -3 19 -2 15 0 11 0 7 6 3 6 4 13 -1 18 5 19 1 22 10 22 7 22 9 23 11 19 9 16 11 15 7 10 3 8 2 4 4 6 -2 2 -7 2 -12 -2 -14 2 0 0 0 0 0 0 0 0 0 0 0 0 0 0 0 0 0 0 0 0 0 0 -8 0 -6 1 -4 -3 0 -8 6 -5 7 -10 7 -10 7 -12 14 -11 6 -14 8 -16 9 -16 6 -19 7 -19 8 -16 3 -15 3 -12 2 -10 4 -5 12 -1 14 -2 21 3 32 8 31 4 34 8 40 7 ]
CSI_DATA,STA,E4:D1:24:F2:4F:00,-80,10,0,0,0,0,0,0,0,0,0,-97,0,1,0,22584132,0,389,0,0,22.9751,128,[-123 81 24 0 -36 30 -32 30 -24 21 -23 15 -16 10 -11 -3 -12 -2 -14 -15 -9 -13 -15 -21 -18 -24 -19 -25 -22 -25 -25 -20 -22 -19 -20 -17 -17 -14 -14 -15 -11 -9 -10 -7 -4 -7 3 -6 7 -4 9 -5 14 -5 0 0 0 0 0 0 0 0 0 0 0 0 0 0 0 0 0 0 0 0 0 0 3 -10 0 -10 3 -1 2 2 2 7 4 10 4 14 3 22 6 18 10 21 13 22 15 22 18 27 22 21 14 21 14 17 10 14 3 14 -1 12 -11 13 -17 10 -29 11 -31 16 -39 20 -44 22 -50 30 ]
CSI_DATA,STA,E4:D1:24:F2:4F:00,-80,10,0,0,0,0,0,0,0,0,0,-97,0,1,0,22788936,0,389,0,0,23.1799,128,[-123 81 24 0 23 38 16 34 11 22 5 14 2 14 -2 9 -9 6 -17 8 -18 3 -24 10 -29 6 -28 8 -26 11 -27 12 -22 13 -20 14 -16 13 -17 9 -11 3 -10 6 -7 -2 -2 -6 -2 -9 0 -13 1 -12 0 0 0 0 0 0 0 0 0 0 0 0 0 0 0 0 0 0 0 0 0 0 -5 -3 -4 -2 0 -3 4 -2 7 0 12 -3 14 -3 14 -4 19 -7 20 -6 21 -11 23 -10 23 -10 24 -12 19 -9 18 -9 14 -7 10 0 9 6 7 12 8 22 2 29 11 34 7 42 15 48 19 46 ]
CSI_DATA,STA,E4:D1:24:F2:4F:00,-82,10,0,0,0,0,0,0,0,0,0,-97,0,1,0,23300946,0,389,0,0,23.6919,128,[-123 81 24 0 -32 24 -26 23 -21 13 -18 12 -5 1 3 -8 6 -11 8 -17 6 -21 5 -28 9 -30 7 -32 9 -34 7 -29 7 -32 5 -26 1 -22 3 -19 0 -12 0 -6 -1 -3 -4 4 -1 8 -9 15 -7 17 0 0 0 0 0 0 0 0 0 0 0 0 0 0 0 0 0 0 0 0 0 0 -6 0 -2 0 0 0 5 -2 9 3 11 2 17 -3 17 1 23 1 21 -4 23 -4 19 -4 26 -1 24 -2 23 -2 15 1 12 -2 4 4 -5 1 -11 12 -20 10 -22 19 -31 25 -38 27 -46 33 -44 30 ]
CSI_DATA,STA,E4:D1:24:F2:4F:00,-81,10,0,0,0,0,0,0,0,0,0,-97,0,1,0,23394840,0,64,0,0,23.7855,128,[64 0 4 0 35 -27 33 -23 21 -11 11 -7 11 -6 8 8 5 11 8 21 7 19 10 25 14 26 18 21 21 21 17 21 18 19 16 13 16 16 13 9 11 10 6 3 -1 2 0 2 -7 0 -17 2 -20 3 0 0 0 0 0 0 0 0 0 0 0 0 0 0 0 0 0 0 0 0 0 0 -5 9 -2 3 -4 1 -3 -5 -2 -10 -3 -13 -6 -15 -7 -16 -9 -19 -12 -22 -16 -23 -15 -21 -14 -21 -17 -23 -15 -19 -12 -21 -10 -13 -3 -16 5 -11 12 -9 22 -10 29 -14 31 -15 41 -21 40 -23 48 -26 ]
CSI_DATA,STA,E4:D1:24:F2:4F:00,-80,10,0,0,0,0,0,0,0,0,0,-97,0,1,0,23608152,0,389,0,0,23.999,128,[-123 81 24 0 36 41 28 35 20 25 16 21 6 16 2 10 -6 11 -13 10 -18 10 -25 12 -19 18 -28 17 -26 15 -24 19 -19 17 -19 22 -17 16 -12 17 -9 12 -8 7 -8 0 -5 -2 -6 -7 -5 -11 -4 -15 0 0 0 0 0 0 0 0 0 0 0 0 0 0 0 0 0 0 0 0 0 0 -9 -5 -7 -5 -2 -3 2 1 7 -2 12 -4 15 -2 18 -7 21 -8 21 -12 26 -11 24 -14 26 -19 26 -18 22 -12 18 -13 16 -10 13 -8 11 -1 10 9 8 16 14 26 10 34 14 40 20 48 24 53 ]
CSI_DATA,STA,E4:D1:24:F2:4F:00,-79,10,0,0,0,0,0,0,0,0,0,-97,0,1,0,23710554,0,389,0,0,24.1015,128,[-123 81 24 0 10 -42 15 -39 10 -29 5 -25 5 -14 10 -6 12 2 14 4 16 10 21 6 24 10 27 10 27 8 28 9 26 6 25 4 22 2 17 -1 10 3 10 4 1 2 -3 5 -4 5 -10 7 -14 6 0 0 0 0 0 0 0 0 0 0 0 0 0 0 0 0 0 0 0 0 0 0 2 6 2 4 -2 2 -4 0 -6 -2 -8 -4 -10 -6 -14 -10 -22 -10 -23 -9 -22 -9 -25 -8 -27 -6 -26 -4 -27 -6 -19 -4 -18 -5 -10 -5 -8 -9 0 -12 5 -19 12 -26 16 -35 21 -38 20 -44 19 -52 ]
CSI_DATA,STA,E4:D1:24:F2:4F:00,-79,10,0,0,0,0,0,0,0,0,0,-97,0,1,0,23812956,0,389,0,0,24.2038,128,[-123 81 24 0 17 42 15 34 9 28 13 19 2 14 -5 9 -9 8 -14 8 -19 5 -22 2 -21 11 -25 12 -24 13 -24 14 -21 12 -18 13 -16 13 -15 8 -7 7 -9 6 -5 1 -5 -4 -3 -9 -1 -12 -3 -10 0 0 0 0 0 0 0 0 0 0 0 0 0 0 0 0 0 0 0 0 0 0 -4 -7 -4 -4 3 -4 5 -2 8 -3 10 -2 13 1 17 -4 22 1 21 -3 22 -6 23 -6 26 -8 22 -10 27 -10 19 -5 18 -5 16 -2 8 6 8 14 5 21 3 27 7 34 6 40 9 45 15 55 ]
CSI_DATA,STA,E4:D1:24:F2:4F:00,-80,10,0,0,0,0,0,0,0,0,0,-97,0,1,0,24017761,0,389,0,0,24.4087,128,[-123 81 24 0 21 38 24 37 15 25 12 20 6 13 -2 7 -11 5 -16 5 -18 3 -21 3 -25 3 -28 3 -26 7 -27 7 -23 5 -21 11 -19 9 -16 8 -15 4 -9 3 -5 -2 -2 -4 1 -8 5 -11 5 -12 0 0 0 0 0 0 0 0 0 0 0 0 0 0 0 0 0 0 0 0 0 0 -10 -1 -5 -3 -4 -4 0 -4 4 -4 7 -7 10 -7 14 -9 17 -10 20 -14 17 -16 19 -15 19 -20 20 -20 18 -18 17 -15 16 -13 8 -5 11 0 9 8 5 13 7 23 13 33 14 36 15 43 22 48 ]
CSI_DATA,STA,E4:D1:24:F2:4F:00,-80,10,0,0,0,0,0,0,0,0,0,-97,0,1,0,24120163,0,389,0,0,24.5111,128,[-123 81 24 0 27 -35 25 -30 17 -23 15 -22 12 -8 8 -5 13 7 7 8 11 14 12 20 14 21 15 21 15 20 19 17 17 17 14 16 15 14 14 11 9 8 6 8 3 3 -3 4 -7 2 -14 0 -16 0 0 0 0 0 0 0 0 0 0 0 0 0 0 0 0 0 0 0 0 0 0 0 1 7 0 6 -2 3 -6 -5 -6 -6 -11 -6 -12 -12 -15 -11 -18 -16 -19 -16 -24 -14 -24 -13 -24 -13 -24 -12 -27 -15 -21 -12 -12 -11 -10 -8 -2 -9 2 -12 12 -13 19 -18 27 -22 34 -27 40 -32 39 -39 ]
CSI_DATA,STA,E4:D1:24:F2:4F:00,-80,10,0,0,0,0,0,0,0,0,0,-97,0,1,0,24222565,0,389,0,0,24.6135,128,[-123 81 24 0 -22 42 -21 31 -14 23 -16 16 -11 8 -14 -1 -11 -9 -16 -10 -20 -16 -23 -18 -26 -18 -27 -16 -28 -13 -29 -15 -23 -8 -23 -6 -19 -5 -20 -5 -17 -2 -9 -2 -3 -5 2 -7 8 -5 11 -6 14 -4 0 0 0 0 0 0 0 0 0 0 0 0 0 0 0 0 0 0 0 0 0 0 2 -10 0 -5 4 -3 7 2 8 2 5 7 11 11 14 11 19 13 16 12 21 17 19 15 24 16 21 15 18 14 20 11 12 11 7 11 5 8 -6 12 -15 19 -19 25 -27 25 -31 30 -32 38 -32 48 ]
CSI_DATA,STA,E4:D1:24:F2:4F:00,-82,10,0,0,0,0,0,0,0,0,0,-97,0,1,0,24324967,0,389,0,0,24.7159,128,[-123 81 24 0 26 -33 21 -27 16 -17 13 -13 6 -2 7 5 10 9 14 17 15 17 20 14 20 18 25 19 28 17 25 16 22 8 23 3 20 4 16 -2 11 2 5 -4 0 0 -3 2 -12 2 -15 5 -16 1 0 0 0 0 0 0 0 0 0 0 0 0 0 0 0 0 0 0 0 0 0 0 -6 6 -4 6 -3 0 -4 -7 -4 -3 -4 -15 -8 -13 -5 -20 -9 -21 -12 -21 -12 -22 -14 -23 -20 -24 -15 -22 -17 -22 -9 -19 -11 -17 -4 -15 2 -14 8 -16 20 -15 28 -15 29 -22 38 -26 41 -31 42 -32 ]
CSI_DATA,STA,E4:D1:24:F2:4F:00,-80,10,0,0,0,0,0,0,0,0,0,-97,0,1,0,24435473,0,64,0,0,24.8262,128,[64 0 4 0 -48 7 -42 4 -36 3 -24 3 -16 -1 -7 -7 -9 -15 -7 -19 -5 -25 -5 -25 -4 -32 -8 -28 -10 -33 -12 -28 -14 -23 -16 -26 -16 -24 -9 -25 -9 -12 -4 -8 2 -4 3 -2 10 -1 12 1 13 1 0 0 0 0 0 0 0 0 0 0 0 0 0 0 0 0 0 0 0 0 0 0 10 -3 7 2 4 0 4 1 -1 7 -2 11 -6 14 -6 14 -10 21 -7 21 -7 22 -4 25 -4 30 -3 27 -4 27 -6 24 -8 22 -3 18 -9 11 -14 2 -18 2 -25 0 -37 -6 -43 -5 -49 -1 -55 0 ]
CSI_DATA,STA,E4:D1:24:F2:4F:00,-79,10,0,0,0,0,0,0,0,0,0,-97,0,1,0,24529771,0,389,0,0,24.9205,128,[-123 81 24 0 -33 -40 -29 -32 -19 -25 -14 -22 -9 -14 -2 -12 8 -7 12 -5 17 -7 22 -6 29 -9 24 -9 27 -11 27 -18 27 -11 24 -15 21 -11 18 -12 13 -8 11 -2 6 1 -1 2 -1 8 -4 10 -6 12 0 0 0 0 0 0 0 0 0 0 0 0 0 0 0 0 0 0 0 0 0 0 7 -2 5 0 1 1 -1 -1 -4 5 -11 3 -12 6 -14 9 -14 10 -18 15 -21 18 -19 19 -18 21 -19 20 -17 17 -17 18 -15 13 -11 9 -12 0 -9 -7 -10 -13 -13 -23 -13 -35 -15 -41 -21 -47 -24 -51 ]
CSI_DATA,STA,E4:D1:24:F2:4F:00,-78,10,0,0,0,0,0,0,0,0,0,-97,0,1,0,24734575,0,389,0,0,25.1255,128,[-123 81 24 0 -51 5 -41 5 -28 1 -28 1 -15 -5 -10 -10 -1 -13 -4 -22 -2 -27 -4 -27 -4 -33 -12 -27 -10 -31 -13 -30 -14 -26 -10 -23 -17 -19 -14 -15 -9 -10 -8 -6 -1 -4 5 -3 9 0 11 -1 14 2 0 0 0 0 0 0 0 0 0 0 0 0 0 0 0 0 0 0 0 0 0 0 8 1 6 2 4 3 -3 6 -5 8 -4 10 -6 14 -9 14 -12 19 -11 21 -12 20 -6 21 -5 28 -7 21 -8 20 -7 16 -8 13 -14 11 -11 3 -18 0 -27 -3 -34 -6 -36 -10 -47 -9 -47 -11 -54 -5 ]
CSI_DATA,STA,E4:D1:24:F2:4F:00,-79,10,0,0,0,0,0,0,0,0,0,-97,0,1,0,24836975,0,389,0,0,25.2279,128,[-123 81 24 0 32 29 28 27 21 22 14 17 7 12 0 12 -7 12 -14 11 -18 13 -22 14 -22 17 -24 18 -23 19 -22 20 -17 20 -17 18 -17 18 -14 16 -11 11 -9 5 -6 0 -5 -3 -3 -8 -1 -11 0 -14 0 0 0 0 0 0 0 0 0 0 0 0 0 0 0 0 0 0 0 0 0 0 -7 -4 -3 -4 -3 -5 2 -5 5 -6 8 -7 13 -9 15 -10 18 -11 21 -13 21 -15 23 -18 19 -18 17 -19 16 -19 16 -17 13 -12 11 -7 8 1 10 10 11 14 12 25 15 29 22 34 27 40 32 44 ]
CSI_DATA,STA,E4:D1:24:F2:4F:00,-78,10,0,0,0,0,0,0,0,0,0,-97,0,1,0,24939377,0,389,0,0,25.3303,128,[-123 81 24 0 31 -27 21 -30 30 -26 14 -15 12 -8 13 -3 14 5 14 10 17 16 25 15 42 24 21 18 27 14 25 10 28 12 25 6 21 3 17 6 14 6 11 3 4 2 -2 6 -7 3 -10 7 -16 10 0 0 0 0 0 0 0 0 0 0 0 0 0 0 0 0 0 0 0 0 0 0 -9 7 -7 0 -8 -4 -2 -8 -1 -11 -3 -14 -4 -18 -5 -22 -2 -20 -7 -26 -6 -25 -10 -25 -11 -30 -11 -29 -12 -25 -11 -20 -6 -18 -3 -11 2 -10 10 -12 19 -13 27 -17 32 -19 37 -21 42 -27 43 -31 ]
CSI_DATA,STA,E4:D1:24:F2:4F:00,-80,10,0,0,0,0,0,0,0,0,0,-97,0,1,0,25041779,0,389,0,0,25.4327,128,[-123 81 24 0 17 -46 7 -39 6 -30 9 -24 6 -11 8 -6 9 1 13 5 14 8 20 10 19 14 26 16 25 8 25 10 26 8 22 5 20 8 16 3 14 2 10 1 8 3 -2 1 4 5 0 1 -17 8 0 0 0 0 0 0 0 0 0 0 0 0 0 0 0 0 0 0 0 0 0 0 5 8 0 2 -2 4 -9 -1 -10 0 -13 -5 -17 -4 -21 -8 -25 -12 -25 -5 -29 -7 -32 -8 -31 -6 -29 -1 -25 -4 -24 -3 -21 -6 -11 -8 -8 -8 -6 -8 8 -17 12 -25 17 -33 22 -39 20 -45 21 -51 ]
CSI_DATA,STA,E4:D1:24:F2:4F:00,-78,10,0,0,0,0,0,0,0,0,0,-97,0,1,0,25348985,0,389,0,0,25.7399,128,[-123 81 24 0 -48 -7 -42 -3 -38 -2 -29 -3 -24 -3 -10 -7 -7 -8 -1 -16 6 -16 5 -22 8 -22 10 -27 8 -28 5 -31 3 -26 3 -26 1 -24 1 -20 1 -17 2 -15 0 -10 2 -5 5 -2 4 5 7 9 0 0 0 0 0 0 0 0 0 0 0 0 0 0 0 0 0 0 0 0 0 0 8 -6 7 -5 5 0 3 3 -1 7 -1 12 -6 11 -6 16 -6 20 -8 23 -11 23 -10 26 -7 30 -3 26 -5 29 -4 24 -5 20 -2 15 -8 11 -11 3 -16 -6 -24 -8 -27 -13 -36 -16 -43 -20 -51 -17 ]
CSI_DATA,STA,E4:D1:24:F2:4F:00,-78,10,0,0,0,0,0,0,0,0,0,-97,0,1,0,25451387,0,389,0,0,25.8423,128,[-123 81 24 0 48 5 43 2 36 -1 27 -2 18 0 11 6 8 8 2 13 1 19 -2 19 2 24 1 26 2 26 3 28 5 24 8 26 7 16 -3 20 -5 20 0 11 0 9 -3 3 -5 1 -6 -2 -12 -4 0 0 0 0 0 0 0 0 0 0 0 0 0 0 0 0 0 0 0 0 0 0 -13 1 -12 1 -8 -2 -3 -3 1 -7 3 -10 6 -13 11 -17 10 -20 12 -24 10 -25 11 -26 12 -29 10 -30 5 -30 5 -24 6 -22 7 -17 9 -11 10 -4 14 2 21 3 27 8 35 13 41 15 47 10 ]
CSI_DATA,STA,E4:D1:24:F2:4F:00,-78,10,0,0,0,0,0,0,0,0,0,-97,0,1,0,25553790,0,389,0,0,25.9448,128,[-123 81 24 0 16 44 13 33 9 24 7 16 4 15 -2 7 -6 5 -16 2 -20 3 -25 2 -29 0 -30 4 -31 6 -30 9 -27 8 -24 8 -19 10 -18 8 -13 8 -7 4 -6 4 -2 -1 2 -3 5 -7 6 -8 0 0 0 0 0 0 0 0 0 0 0 0 0 0 0 0 0 0 0 0 0 0 -9 -6 -6 -5 -4 -5 2 -5 7 -4 11 -4 11 -5 18 -5 22 -6 24 -7 23 -5 25 -11 26 -8 23 -13 22 -11 22 -11 16 -3 10 -2 11 3 9 11 6 17 4 24 3 34 3 42 3 47 8 52 ]
CSI_DATA,STA,E4:D1:24:F2:4F:00,-78,10,0,0,0,0,0,0,0,0,0,-97,0,1,0,25656192,0,389,0,0,26.0471,128,[-123 81 24 0 -51 -6 -43 -3 -36 -3 -26 -6 -20 -6 -9 -7 -6 -10 0 -13 7 -18 7 -26 10 -23 9 -27 6 -29 1 -31 4 -31 6 -27 2 -22 -1 -20 0 -17 -1 -14 0 -8 -1 -4 2 0 4 4 4 11 0 0 0 0 0 0 0 0 0 0 0 0 0 0 0 0 0 0 0 0 0 0 9 -7 6 -4 5 -3 3 2 2 4 -3 7 -3 9 -3 13 -5 19 -4 25 -3 25 -4 27 -2 29 -4 30 -1 30 -1 25 -1 25 -3 16 -7 11 -9 5 -18 1 -25 -7 -32 -11 -35 -13 -47 -17 -56 -17 ]
CSI_DATA,STA,E4:D1:24:F2:4F:00,-77,10,0,0,0,0,0,0,0,0,0,-97,0,1,0,25758594,0,389,0,0,26.1495,128,[-123 81 24 0 44 -28 38 -25 29 -22 27 -18 16 -10 11 -2 10 2 6 8 6 17 4 21 8 24 7 30 11 27 11 28 12 27 10 22 10 24 9 15 8 18 6 10 1 8 -4 5 -7 3 -8 -1 -13 -8 0 0 0 0 0 0 0 0 0 0 0 0 0 0 0 0 0 0 0 0 0 0 -4 12 -5 8 -5 5 -4 1 -6 -4 -4 -7 -7 -14 -7 -17 -10 -20 -12 -19 -14 -23 -13 -23 -20 -24 -18 -27 -17 -23 -17 -20 -12 -19 -10 -15 -4 -11 6 -13 13 -11 20 -9 32 -9 38 -15 45 -17 51 -24 ]
CSI_DATA,STA,E4:D1:24:F2:4F:00,-79,10,0,0,0,0,0,0,0,0,0,-97,0,1,0,25860996,0,389,0,0,26.252,128,[-123 81 24 0 -33 -38 -33 -34 -24 -25 -20 -23 -11 -16 -5 -16 2 -14 8 -14 12 -15 13 -18 17 -20 20 -20 21 -24 16 -25 12 -28 13 -25 7 -24 6 -20 4 -17 6 -14 -1 -9 3 -1 3 3 4 7 3 10 0 0 0 0 0 0 0 0 0 0 0 0 0 0 0 0 0 0 0 0 0 0 11 10 7 6 5 7 1 5 -1 4 -9 2 -12 0 -17 0 -15 2 -22 1 -25 3 -25 8 -31 10 -30 11 -28 10 -27 11 -24 10 -18 9 -18 2 -15 -2 -11 -13 -13 -17 -15 -27 -20 -34 -19 -38 -27 -47 ]
CSI_DATA,STA,E4:D1:24:F2:4F:00,-80,10,0,0,0,0,0,0,0,0,0,-97,0,1,0,26065800,0,389,0,0,26.4567,128,[-123 81 24 0 14 49 15 44 15 39 13 29 12 25 2 15 -6 8 -8 4 -16 1 -16 0 -27 5 -24 4 -25 5 -28 -5 -22 -1 -27 -2 -21 6 -19 3 -16 2 -14 6 -7 0 -6 -1 -1 -2 0 -9 2 -8 0 0 0 0 0 0 0 0 0 0 0 0 0 0 0 0 0 0 0 0 0 0 -10 -3 -13 -3 -10 -5 -4 -3 0 -6 6 -3 12 -2 13 -2 17 -1 19 -5 27 -10 27 -8 27 -14 30 -13 29 -17 25 -12 19 -12 21 -11 14 -4 11 4 6 10 5 24 1 27 3 41 6 45 7 55 ]
CSI_DATA,STA,E4:D1:24:F2:4F:00,-77,10,0,0,0,0,0,0,0,0,0,-97,0,1,0,26270604,0,389,0,0,26.6615,128,[-123 81 24 0 -52 13 -49 16 -44 15 -34 11 -26 12 -18 9 -20 -4 -10 0 -11 -14 -9 -13 -7 -15 -10 -17 -11 -18 -17 -19 -14 -21 -17 -15 -16 -14 -17 -10 -14 -10 -14 -10 -10 -8 -7 -7 -1 -5 0 -7 2 -3 0 0 0 0 0 0 0 0 0 0 0 0 0 0 0 0 0 0 0 0 0 0 15 0 14 3 8 5 8 6 5 4 1 8 -1 6 -8 7 -9 18 -8 19 -11 23 -12 26 -13 28 -10 29 -7 30 -4 31 -3 27 -6 26 -5 19 -8 17 -11 10 -18 4 -27 3 -33 3 -42 2 -48 1 ]
CSI_DATA,STA,E4:D1:24:F2:4F:00,-78,10,0,0,0,0,0,0,0,0,0,-97,0,1,0,26373006,0,389,0,0,26.7639,128,[-123 81 24 0 -10 53 -4 41 -2 40 -1 33 -1 24 -2 19 -5 15 -7 8 -13 6 -18 7 -22 8 -22 8 -22 11 -22 12 -23 12 -20 12 -15 15 -14 12 -13 11 -10 9 -8 5 -8 2 -7 0 -6 -3 -7 -6 0 0 0 0 0 0 0 0 0 0 0 0 0 0 0 0 0 0 0 0 0 0 9 -7 11 -6 10 -2 7 -3 6 0 5 6 5 9 7 11 7 15 9 20 9 22 12 22 17 25 19 24 20 21 20 19 17 20 17 18 12 17 5 15 -1 16 -8 23 -14 26 -18 32 -20 38 -21 48 ]
CSI_DATA,STA,E4:D1:24:F2:4F:00,-78,10,0,0,0,0,0,0,0,0,0,-97,0,1,0,26374108,0,125,0,0,26.7949,128,[125 -48 7 0 -37 -38 -32 -35 -31 -29 -26 -23 -20 -20 -13 -16 -8 -17 -1 -14 5 -15 7 -16 9 -15 7 -23 8 -23 10 -21 7 -23 7 -24 7 -20 6 -20 2 -15 4 -14 2 -11 5 -5 3 -1 7 -3 8 3 0 0 0 0 0 0 0 0 0 0 0 0 0 0 0 0 0 0 0 0 0 0 7 11 4 8 1 9 -1 7 -3 6 -10 3 -9 4 -10 3 -19 2 -25 2 -28 5 -28 3 -27 6 -28 8 -30 6 -29 8 -33 7 -22 8 -22 5 -18 0 -17 -11 -16 -20 -17 -22 -18 -32 -25 -42 -28 -44 ]
CSI_DATA,STA,E4:D1:24:F2:4F:00,-76,10,0,0,0,0,0,0,0,0,0,-97,0,1,0,26475408,0,389,0,0,26.8662,128,[-123 81 24 0 -23 -46 -20 -37 -15 -32 -11 -25 -6 -18 -2 -12 4 -11 14 -11 18 -11 22 -15 24 -18 26 -18 21 -17 21 -21 17 -21 17 -20 13 -19 10 -16 9 -13 6 -9 5 -5 6 1 4 3 5 8 5 10 0 0 0 0 0 0 0 0 0 0 0 0 0 0 0 0 0 0 0 0 0 0 1 12 -1 9 -4 7 -8 4 -8 0 -11 -3 -13 -3 -16 -3 -24 -3 -24 -6 -25 -3 -30 0 -30 1 -26 3 -28 2 -26 4 -22 2 -16 -3 -14 -5 -10 -14 -6 -18 -4 -24 -8 -34 -4 -42 -10 -49 -16 -52 ]
CSI_DATA,STA,E4:D1:24:F2:4F:00,-78,10,0,0,0,0,0,0,0,0,0,-97,0,1,0,26577810,0,389,0,0,26.9687,128,[-123 81 24 0 41 -39 37 -36 28 -33 22 -28 15 -17 10 -10 6 -1 4 8 3 12 3 21 5 26 9 26 7 28 10 31 10 26 12 24 12 26 11 20 7 17 8 14 5 8 0 5 -3 1 -5 -3 -7 -6 0 0 0 0 0 0 0 0 0 0 0 0 0 0 0 0 0 0 0 0 0 0 4 11 3 7 -2 5 -2 2 -4 -2 -8 -5 -12 -8 -16 -10 -18 -9 -24 -15 -25 -14 -28 -16 -30 -15 -35 -13 -29 -16 -28 -14 -24 -12 -20 -12 -11 -13 -3 -10 10 -17 15 -11 25 -20 35 -24 44 -30 51 -34 ]
CSI_DATA,STA,E4:D1:24:F2:4F:00,-76,10,0,0,0,0,0,0,0,0,0,-97,0,1,0,26594848,0,64,0,0,27.0016,128,[64 0 4 0 -45 -23 -40 -17 -33 -13 -26 -11 -20 -7 -8 -5 -1 -5 7 -3 10 -6 18 -7 20 -9 23 -10 23 -14 20 -12 26 -15 22 -15 19 -14 16 -12 13 -10 8 -9 7 -5 5 -1 0 0 -3 4 -6 5 0 0 0 0 0 0 0 0 0 0 0 0 0 0 0 0 0 0 0 0 0 0 2 -10 1 -8 4 -3 2 -1 2 4 2 10 4 12 3 18 4 23 5 22 5 27 5 27 6 27 7 29 7 29 4 25 3 20 -2 15 -3 11 -8 5 -13 -4 -22 -10 -26 -16 -33 -22 -42 -28 -49 -29 ]
CSI_DATA,STA,E4:D1:24:F2:4F:00,-77,10,0,0,0,0,0,0,0,0,0,-97,0,1,0,26680212,0,389,0,0,27.0711,128,[-123 81 24 0 -47 -3 -41 1 -32 1 -24 1 -16 -3 -11 0 -3 -8 4 -11 6 -17 8 -18 10 -21 13 -24 11 -24 11 -26 5 -25 7 -23 3 -20 4 -20 1 -16 1 -10 5 -7 1 -9 1 -1 1 4 3 8 0 0 0 0 0 0 0 0 0 0 0 0 0 0 0 0 0 0 0 0 0 0 2 -8 4 -6 1 -3 1 0 1 6 -1 7 1 13 2 17 3 19 5 23 5 22 7 24 9 24 9 25 10 25 7 21 6 18 6 15 -5 7 -8 5 -12 0 -23 -1 -29 -3 -39 -8 -44 -6 -50 -6 ]
CSI_DATA,STA,E4:D1:24:F2:4F:00,-78,10,0,0,0,0,0,0,0,0,0,-97,0,1,0,26782681,0,389,0,0,27.1735,128,[-123 81 24 0 -30 -43 -27 -36 -26 -28 -19 -24 -15 -15 -4 -13 -2 -10 7 -11 13 -6 16 -8 22 -11 21 -12 24 -13 21 -15 21 -19 20 -16 22 -16 17 -16 13 -15 13 -11 5 -7 4 -4 1 -2 2 6 0 7 0 0 0 0 0 0 0 0 0 0 0 0 0 0 0 0 0 0 0 0 0 0 12 2 6 1 6 3 -2 1 0 2 -7 3 -12 2 -15 5 -17 8 -22 7 -24 8 -22 16 -28 17 -26 17 -22 20 -23 16 -21 14 -14 13 -14 6 -7 -2 -11 -10 -7 -22 -12 -24 -14 -36 -17 -43 -18 -52 ]
CSI_DATA,STA,E4:D1:24:F2:4F:00,-77,10,0,0,0,0,0,0,0,0,0,-97,0,1,0,26885018,0,389,0,0,27.2758,128,[-123 81 24 0 48 5 39 6 31 2 22 5 15 4 9 6 5 10 3 15 -2 18 1 23 1 25 6 29 7 29 7 23 8 22 10 24 10 18 12 16 8 11 3 6 0 6 -1 4 -6 0 -10 0 -13 1 0 0 0 0 0 0 0 0 0 0 0 0 0 0 0 0 0 0 0 0 0 0 -11 -6 -8 -6 -3 -7 -2 -6 3 -5 5 -6 8 -8 10 -12 14 -15 16 -14 15 -19 18 -23 16 -24 15 -26 13 -24 13 -22 11 -19 12 -12 14 -10 17 -2 18 5 24 6 31 13 36 18 43 18 51 15 ]
CSI_DATA,STA,E4:D1:24:F2:4F:00,-77,10,0,0,0,0,0,0,0,0,0,-97,0,1,0,26987420,0,389,0,0,27.3784,128,[-123 81 24 0 6 -43 4 -40 2 -29 -3 -21 5 -10 1 -2 3 2 11 10 11 13 14 18 17 19 21 21 17 20 22 19 18 14 17 15 18 13 14 6 12 7 7 5 4 1 0 3 -6 -2 -8 -5 -13 -6 0 0 0 0 0 0 0 0 0 0 0 0 0 0 0 0 0 0 0 0 0 0 9 -3 6 0 1 2 -1 1 -8 3 -8 5 -14 3 -21 5 -22 5 -22 10 -26 8 -27 10 -27 11 -31 12 -28 9 -24 10 -18 8 -16 -6 -11 -6 -4 -12 2 -19 6 -28 11 -35 12 -40 14 -49 15 -54 ]
CSI_DATA,STA,E4:D1:24:F2:4F:00,-76,10,0,0,0,0,0,0,0,0,0,-97,0,1,0,27089823,0,389,0,0,27.4807,128,[-123 81 24 0 37 31 36 23 26 19 23 16 11 10 6 8 1 10 -5 10 -8 13 -13 17 -16 20 -15 23 -14 24 -12 24 -10 24 -7 23 -8 22 -6 19 -3 15 -6 11 -3 8 -2 2 -7 -3 -8 -4 -8 -8 0 0 0 0 0 0 0 0 0 0 0 0 0 0 0 0 0 0 0 0 0 0 -10 -9 -9 -7 -3 -5 -3 -6 3 -4 8 -4 12 -4 16 -6 19 -5 23 -9 24 -10 26 -13 27 -15 25 -17 25 -18 23 -19 18 -14 15 -9 15 -5 13 3 12 10 18 21 22 30 23 31 33 37 31 44 ]
CSI_DATA,STA,E4:D1:24:F2:4F:00,-78,10,0,0,0,0,0,0,0,0,0,-97,0,1,0,27192225,0,389,0,0,27.5831,128,[-123 81 24 0 -4 -55 -8 -43 -5 -35 -1 -28 -1 -18 2 -14 4 -1 11 3 17 3 19 8 20 10 24 10 23 8 27 6 27 9 23 3 22 6 20 5 17 6 10 3 6 3 0 1 -2 2 -7 3 -8 3 0 0 0 0 0 0 0 0 0 0 0 0 0 0 0 0 0 0 0 0 0 0 9 1 8 2 4 0 1 0 -2 0 -6 0 -16 5 -17 5 -19 11 -24 8 -24 12 -26 17 -26 17 -24 16 -24 15 -23 13 -20 13 -14 5 -12 -1 -9 -4 -2 -16 0 -21 -1 -32 2 -40 0 -46 -2 -57 ]
CSI_DATA,STA,E4:D1:24:F2:4F:00,-76,10,0,0,0,0,0,0,0,0,0,-97,0,1,0,27294627,0,389,0,0,27.6855,128,[-123 81 24 0 -46 -26 -42 -24 -39 -21 -31 -12 -22 -10 -15 -12 -8 -10 1 -9 5 -10 12 -11 14 -9 19 -19 18 -19 16 -21 19 -19 18 -20 13 -19 13 -19 10 -14 7 -12 5 -9 3 -4 3 1 2 2 1 8 0 0 0 0 0 0 0 0 0 0 0 0 0 0 0 0 0 0 0 0 0 0 11 -7 10 -2 6 -4 5 1 4 3 -2 5 -4 10 -7 12 -10 16 -11 20 -12 25 -11 26 -12 30 -9 28 -10 30 -8 28 -8 22 -6 20 -9 13 -11 5 -11 -1 -18 -11 -20 -17 -29 -24 -35 -31 -40 -32 ]
CSI_DATA,STA,E4:D1:24:F2:4F:00,-78,10,0,0,0,0,0,0,0,0,0,-97,0,1,0,27397029,0,389,0,0,27.788,128,[-123 81 24 0 -22 -47 -17 -42 -19 -40 -13 -29 -10 -21 -7 -16 1 -12 5 -11 9 -9 13 -6 16 -8 20 -6 22 -7 23 -9 21 -11 21 -11 20 -11 16 -10 15 -12 12 -10 10 -5 6 -1 4 0 3 5 2 11 0 0 0 0 0 0 0 0 0 0 0 0 0 0 0 0 0 0 0 0 0 0 9 9 7 8 5 4 1 5 -6 2 -7 1 -11 1 -16 3 -20 0 -21 3 -23 2 -29 6 -33 10 -31 9 -29 11 -27 11 -25 11 -22 7 -16 5 -12 -1 -9 -6 -6 -20 -8 -24 -7 -35 -6 -42 -11 -47 ]
CSI_DATA,STA,E4:D1:24:F2:4F:00,-78,10,0,0,0,0,0,0,0,0,0,-97,0,1,0,27499431,0,389,0,0,27.8902,128,[-123 81 24 0 -52 7 -46 8 -41 11 -33 7 -26 8 -19 4 -12 1 -7 -5 -5 -10 -5 -15 -4 -18 -6 -20 -5 -23 -5 -24 -10 -21 -9 -22 -11 -20 -11 -20 -9 -15 -6 -14 -2 -11 -2 -9 -1 -6 2 -2 6 -3 0 0 0 0 0 0 0 0 0 0 0 0 0 0 0 0 0 0 0 0 0 0 10 -5 9 -7 6 -3 4 -2 2 -1 -2 3 -1 6 -5 10 -8 13 -6 19 -4 20 -6 25 -3 25 -1 30 2 30 2 30 1 26 1 24 0 16 -3 14 -8 8 -16 3 -25 -1 -32 -2 -41 -2 -48 -4 ]
CSI_DATA,STA,E4:D1:24:F2:4F:00,-77,10,0,0,0,0,0,0,0,0,0,-97,0,1,0,27601833,0,389,0,0,27.9926,128,[-123 81 24 0 5 53 3 49 7 42 6 31 1 25 3 20 0 10 -8 2 -10 -5 -16 -8 -16 -11 -23 -13 -23 -12 -23 -14 -23 -12 -26 -11 -23 -11 -20 -8 -19 -8 -14 -7 -12 -6 -7 -3 -1 -4 2 -2 8 -1 0 0 0 0 0 0 0 0 0 0 0 0 0 0 0 0 0 0 0 0 0 0 -11 3 -10 3 -6 1 -5 0 1 -3 2 -4 9 -5 13 -7 13 -12 17 -15 19 -19 24 -17 25 -19 23 -22 24 -23 22 -21 18 -19 14 -14 13 -11 9 -3 8 6 2 18 0 28 -1 34 -2 44 0 55 ]
CSI_DATA,STA,E4:D1:24:F2:4F:00,-77,10,0,0,0,0,0,0,0,0,0,-97,0,1,0,27634963,0,64,0,0,28.0264,128,[64 0 4 0 47 20 33 19 32 18 25 9 19 10 13 9 -1 3 -6 8 -8 6 -18 4 -18 4 -19 6 -21 9 -20 10 -27 9 -24 8 -23 12 -13 8 -13 4 -9 7 -8 2 -1 1 -2 0 3 -3 4 -3 0 0 0 0 0 0 0 0 0 0 0 0 0 0 0 0 0 0 0 0 0 0 -4 10 -2 8 -1 3 -1 2 -1 -2 -1 -6 0 -11 -1 -15 0 -18 2 -23 -8 -21 -7 -28 -2 -28 -6 -31 -8 -26 -4 -28 -7 -21 -6 -7 -5 -15 5 -5 8 6 13 6 20 14 26 18 33 22 39 27 ]
CSI_DATA,STA,E4:D1:24:F2:4F:00,-77,10,0,0,0,0,0,0,0,0,0,-97,0,1,0,27806637,0,389,0,0,28.1976,128,[-123 81 24 0 44 23 44 16 39 14 34 10 22 10 15 8 8 6 2 9 -8 5 -9 10 -13 11 -15 15 -15 19 -15 21 -14 21 -14 20 -9 22 -13 19 -11 17 -8 13 -8 9 -6 6 -6 2 -5 -3 -2 -5 0 0 0 0 0 0 0 0 0 0 0 0 0 0 0 0 0 0 0 0 0 0 -10 7 -10 4 -8 2 -6 -1 -5 -3 -2 -4 4 -9 3 -11 7 -17 7 -19 7 -23 6 -28 8 -31 8 -29 4 -32 5 -32 6 -29 4 -20 6 -18 8 -10 15 -4 17 3 22 14 26 18 36 22 46 23 ]
CSI_DATA,STA,E4:D1:24:F2:4F:00,-78,10,0,0,0,0,0,0,0,0,0,-97,0,1,0,27909039,0,389,0,0,28.2999,128,[-123 81 24 0 50 -24 43 -21 37 -22 26 -20 22 -15 14 -9 10 2 5 4 5 10 2 16 5 17 2 24 4 25 6 27 7 25 8 25 7 21 10 18 7 15 8 12 4 9 2 6 -1 4 -5 -1 -7 -5 0 0 0 0 0 0 0 0 0 0 0 0 0 0 0 0 0 0 0 0 0 0 -2 14 -5 10 -4 8 -4 4 -3 -3 -3 -7 -7 -9 -6 -16 -9 -20 -10 -21 -14 -25 -17 -28 -21 -30 -21 -29 -21 -26 -21 -28 -16 -23 -12 -18 -7 -16 -1 -13 11 -9 19 -9 25 -11 35 -9 46 -13 53 -15 ]
CSI_DATA,STA,E4:D1:24:F2:4F:00,-77,10,0,0,0,0,0,0,0,0,0,-97,0,1,0,28011486,0,389,0,0,28.4024,128,[-123 81 24 0 9 56 7 48 6 39 10 30 7 23 2 16 -4 9 -8 2 -14 2 -21 -1 -23 0 -26 -2 -27 1 -30 4 -28 4 -28 4 -24 6 -20 8 -20 8 -14 6 -10 3 -7 -2 -4 -4 0 -6 0 -8 0 0 0 0 0 0 0 0 0 0 0 0 0 0 0 0 0 0 0 0 0 0 -7 -10 -3 -8 -3 -8 0 -4 2 -2 8 -3 11 3 17 0 21 9 17 -14 39 -7 25 3 35 -7 34 -3 30 -5 33 -3 27 -3 19 -1 12 0 11 5 5 12 -1 24 -2 30 -5 39 -8 50 -4 57 ]
CSI_DATA,STA,E4:D1:24:F2:4F:00,-77,10,0,0,0,0,0,0,0,0,0,-97,0,1,0,28318647,0,389,0,0,28.7096,128,[-123 81 24 0 -1 -53 -2 -47 -3 -42 -1 -34 -5 -25 -2 -18 5 -13 8 -8 12 -3 15 -1 20 3 23 2 25 2 29 1 26 -1 22 -2 23 -3 18 -4 17 -4 13 -3 11 -3 5 0 4 2 0 3 -5 4 0 0 0 0 0 0 0 0 0 0 0 0 0 0 0 0 0 0 0 0 0 0 8 13 4 11 2 8 -3 5 -3 3 -8 2 -10 -1 -16 -1 -20 -7 -27 -4 -30 -7 -30 -8 -32 -6 -31 -3 -33 -2 -34 -1 -29 -2 -23 -1 -18 -5 -11 -8 -6 -12 0 -22 6 -28 9 -38 12 -44 11 -52 ]
CSI_DATA,STA,E4:D1:24:F2:4F:00,-77,10,0,0,0,0,0,0,0,0,0,-97,0,1,0,28421049,0,389,0,0,28.812,128,[-123 81 24 0 24 46 22 39 23 37 17 26 12 20 10 14 2 9 -5 9 -7 3 -14 1 -18 1 -22 2 -22 5 -25 5 -21 6 -22 8 -22 8 -16 9 -17 4 -12 5 -8 5 -8 1 -3 0 -3 -3 1 -6 0 0 0 0 0 0 0 0 0 0 0 0 0 0 0 0 0 0 0 0 0 0 -13 0 -14 -3 -10 -1 -7 -4 -2 -3 3 -4 8 -6 14 -6 16 -8 19 -12 23 -16 25 -15 19 -27 54 -27 23 -26 20 -22 15 -16 19 -18 10 -11 9 -4 10 2 10 10 7 23 10 31 9 43 14 46 ]
CSI_DATA,STA,E4:D1:24:F2:4F:00,-78,10,0,0,0,0,0,0,0,0,0,-97,0,1,0,28625854,0,389,0,0,29.0168,128,[-123 81 24 0 53 10 45 7 43 6 35 2 26 6 14 4 9 3 -1 9 -6 9 -14 10 -12 12 -17 16 -21 21 -20 19 -18 20 -13 19 -15 17 -12 15 -12 15 -6 11 -5 10 -4 8 -4 1 -2 -1 2 -9 0 0 0 0 0 0 0 0 0 0 0 0 0 0 0 0 0 0 0 0 0 0 -4 11 -7 9 -4 6 -5 4 -3 -6 -3 -6 -2 -16 -5 -18 -5 -25 -8 -25 -4 -27 -6 -29 -7 -33 -11 -35 -5 -32 -4 -31 -5 -26 0 -18 2 -14 4 -9 12 -2 12 10 27 15 34 20 46 18 51 25 ]
CSI_DATA,STA,E4:D1:24:F2:4F:00,-78,10,0,0,0,0,0,0,0,0,0,-97,0,1,0,28728256,0,389,0,0,29.1192,128,[-123 81 24 0 -52 -1 -46 2 -42 3 -37 3 -26 4 -20 1 -11 -4 -4 -10 -1 -9 3 -18 7 -10 -3 -25 8 -20 2 -24 3 -25 1 -24 3 -24 4 -21 -1 -19 2 -15 1 -11 2 -6 2 -4 5 -1 4 1 0 0 0 0 0 0 0 0 0 0 0 0 0 0 0 0 0 0 0 0 0 0 6 -11 7 -9 7 -7 5 -4 1 1 2 6 1 10 -1 15 0 20 1 25 0 26 2 29 3 34 6 31 6 34 6 28 7 24 6 23 1 17 -5 10 -11 3 -15 1 -22 -2 -35 -7 -42 -11 -49 -8 ]
CSI_DATA,STA,E4:D1:24:F2:4F:00,-79,10,0,0,0,0,0,0,0,0,0,-97,0,1,0,28830659,0,389,0,0,29.2216,128,[-123 81 24 0 48 -19 39 -19 34 -22 30 -18 18 -10 18 -6 7 0 1 6 1 8 0 12 -2 21 -3 20 -2 26 0 27 -2 30 -1 29 1 24 4 22 4 19 -2 14 -1 14 -3 8 -5 2 -6 -4 -4 -5 0 0 0 0 0 0 0 0 0 0 0 0 0 0 0 0 0 0 0 0 0 0 6 11 2 9 0 5 -3 0 -5 1 -7 -6 -11 -10 -15 -14 -14 -15 -19 -18 -20 -20 -22 -23 -26 -24 -23 -20 -25 -19 -24 -20 -22 -18 -14 -18 -7 -13 -2 -8 8 -4 21 -8 23 -6 35 -9 44 -14 49 -15 ]
CSI_DATA,STA,E4:D1:24:F2:4F:00,-79,10,0,0,0,0,0,0,0,0,0,-97,0,1,0,28933061,0,389,0,0,29.324,128,[-123 81 24 0 -51 -11 -47 -9 -37 -9 -33 -4 -27 -2 -16 -2 -6 -1 1 -7 7 -1 13 -4 19 -7 21 -8 25 -5 28 -9 24 -9 28 -7 24 -8 21 -3 21 -4 17 -3 14 -3 7 0 3 -1 1 2 -5 3 0 0 0 0 0 0 0 0 0 0 0 0 0 0 0 0 0 0 0 0 0 0 -11 -7 -6 -6 -2 -6 0 -2 5 2 6 4 10 6 16 13 18 14 23 17 21 17 23 20 23 20 25 20 23 18 20 16 17 14 13 7 10 5 -1 6 -10 -1 -16 -2 -26 -7 -34 -10 -43 -13 -51 -11 ]
CSI_DATA,STA,E4:D1:24:F2:4F:00,-79,10,0,0,0,0,0,0,0,0,0,-97,0,1,0,29137865,0,389,0,0,29.5289,128,[-123 81 24 0 40 23 35 18 28 16 25 11 18 7 11 4 7 4 1 6 -9 7 -14 7 -15 10 -17 9 -20 14 -19 14 -19 12 -17 16 -18 14 -16 13 -13 13 -11 9 -9 4 -6 1 -3 1 0 -3 2 -6 0 0 0 0 0 0 0 0 0 0 0 0 0 0 0 0 0 0 0 0 0 0 -7 9 -5 8 -4 5 -7 0 -2 -4 2 -7 2 -9 3 -14 2 -18 3 -21 1 -22 3 -28 0 -27 2 -27 -2 -29 1 -27 0 -22 2 -18 2 -13 2 -8 7 -3 13 7 16 11 24 16 31 23 37 26 ]
CSI_DATA,STA,E4:D1:24:F2:4F:00,-78,10,0,0,0,0,0,0,0,0,0,-97,0,1,0,29240267,0,389,0,0,29.6312,128,[-123 81 24 0 50 -15 45 -16 35 -14 28 -11 20 -9 17 -5 9 0 4 5 4 9 1 18 2 23 2 27 2 25 5 29 3 28 6 28 4 23 7 20 6 20 3 14 2 10 0 7 -4 2 -6 -2 -7 -5 0 0 0 0 0 0 0 0 0 0 0 0 0 0 0 0 0 0 0 0 0 0 -7 12 -8 8 -8 6 -5 1 -5 -7 -3 -12 -3 -14 -4 -18 -6 -23 -6 -26 -8 -28 -9 -28 -12 -32 -10 -34 -13 -27 -12 -25 -11 -22 -6 -18 -2 -16 3 -12 14 -10 22 -5 29 0 39 -4 50 -5 55 -8 ]
CSI_DATA,STA,E4:D1:24:F2:4F:00,-77,10,0,0,0,0,0,0,0,0,0,-97,0,1,0,29445071,0,389,0,0,29.836,128,[-123 81 24 0 36 33 36 29 27 21 27 17 16 15 6 8 3 9 -5 12 -11 9 -15 12 -18 13 -22 16 -22 19 -19 20 -20 20 -18 21 -16 19 -14 16 -12 15 -8 13 -5 8 -7 1 -5 -1 -3 -5 -1 -10 0 0 0 0 0 0 0 0 0 0 0 0 0 0 0 0 0 0 0 0 0 0 -14 -4 -11 -4 -6 -8 -4 -7 0 -6 6 -10 9 -11 15 -12 13 -14 18 -19 22 -17 21 -23 21 -23 22 -24 23 -23 14 -22 15 -18 15 -14 15 -7 16 2 12 7 15 15 17 25 26 33 31 37 38 42 ]
CSI_DATA,STA,E4:D1:24:F2:4F:00,-78,10,0,0,0,0,0,0,0,0,0,-97,0,1,0,29547473,0,389,0,0,29.9384,128,[-123 81 24 0 20 45 17 40 16 34 13 28 11 17 9 17 0 8 -4 3 -12 1 -17 0 -21 -2 -23 -4 -28 -4 -28 1 -26 -2 -28 1 -25 -1 -22 1 -21 1 -17 1 -11 -3 -9 1 1 -4 -1 -6 24 -11 0 0 0 0 0 0 0 0 0 0 0 0 0 0 0 0 0 0 0 0 0 0 -11 0 -12 2 -8 -1 -5 -3 2 -4 5 -8 9 -7 11 -8 15 -11 17 -15 15 -16 24 -19 20 -18 20 -22 23 -21 19 -21 14 -17 18 -13 10 -10 8 -2 9 8 7 13 2 26 9 29 8 39 12 47 ]
CSI_DATA,STA,E4:D1:24:F2:4F:00,-78,10,0,0,0,0,0,0,0,0,0,-97,0,1,0,29649875,0,389,0,0,30.0408,128,[-123 81 24 0 43 19 39 15 31 10 24 5 17 7 11 7 2 7 0 8 -4 12 -7 16 -9 20 -8 20 -9 24 -7 23 -4 24 -4 25 -2 23 -1 21 -2 15 0 11 -3 7 -4 4 -5 -1 -4 -2 -10 -6 0 0 0 0 0 0 0 0 0 0 0 0 0 0 0 0 0 0 0 0 0 0 -12 -6 -8 -7 -6 -7 0 -5 3 -10 5 -10 9 -10 13 -11 14 -13 18 -17 19 -15 18 -17 15 -21 17 -20 16 -21 15 -18 16 -14 12 -13 13 -11 12 -4 16 7 18 17 22 19 27 24 34 26 39 28 ]
CSI_DATA,STA,E4:D1:24:F2:4F:00,-78,10,0,0,0,0,0,0,0,0,0,-97,0,1,0,29752277,0,389,0,0,30.1431,128,[-123 81 24 0 8 49 10 45 13 35 8 29 6 23 4 17 -1 10 -4 6 -11 4 -15 1 -21 1 -20 4 -27 3 -25 1 -26 6 -26 5 -22 4 -22 7 -18 5 -16 4 -11 1 -8 1 -3 -2 -3 -5 0 -8 0 0 0 0 0 0 0 0 0 0 0 0 0 0 0 0 0 0 0 0 0 0 -7 -9 -6 -10 -2 -6 -1 -3 3 0 5 -3 10 0 14 -1 20 0 20 0 24 -1 28 -5 26 -4 29 -5 25 -4 26 -5 25 -5 20 -4 13 0 11 2 5 10 2 17 1 25 -1 37 2 42 0 49 ]
CSI_DATA,STA,E4:D1:24:F2:4F:00,-79,10,0,0,0,0,0,0,0,0,0,-97,0,1,0,29854679,0,389,0,0,30.2455,128,[-123 81 24 0 34 44 30 41 28 31 23 24 15 19 12 14 5 11 -2 7 -9 10 -16 10 -20 7 -23 12 -21 13 -22 12 -23 18 -22 17 -22 15 -17 15 -13 12 -14 10 -12 7 -10 2 -4 -1 -3 -3 -3 -6 0 0 0 0 0 0 0 0 0 0 0 0 0 0 0 0 0 0 0 0 0 0 -17 -2 -14 -1 -9 -4 -4 -6 -2 -4 -1 -7 9 -6 15 -7 16 -13 19 -16 23 -14 24 -19 29 -20 25 -22 23 -23 21 -25 18 -23 16 -15 14 -12 13 -6 10 2 10 16 16 22 14 37 21 42 25 49 ]
CSI_DATA,STA,E4:D1:24:F2:4F:00,-78,10,0,0,0,0,0,0,0,0,0,-97,0,1,0,29957081,0,389,0,0,30.348,128,[-123 81 24 0 44 20 43 18 38 11 30 7 21 6 9 5 2 9 -3 6 -11 15 -10 15 -14 17 -15 19 -19 23 -14 22 -12 23 -12 22 -9 22 -8 19 -5 17 -6 13 -5 8 -4 4 -4 -3 -4 -4 -3 -10 0 0 0 0 0 0 0 0 0 0 0 0 0 0 0 0 0 0 0 0 0 0 -13 2 -8 3 -8 1 -5 -3 -2 -6 4 -8 5 -11 8 -14 9 -19 12 -20 9 -21 8 -27 10 -32 10 -30 7 -31 7 -25 6 -21 5 -18 9 -12 8 -6 11 -1 20 7 24 15 30 21 39 29 44 32 ]
CSI_DATA,STA,E4:D1:24:F2:4F:00,-77,10,0,0,0,0,0,0,0,0,0,-97,0,1,0,30059483,0,389,0,0,30.4504,128,[-123 81 24 0 52 3 44 -2 39 -3 33 -3 24 -3 16 0 6 4 1 3 -2 9 -10 16 -12 16 -15 17 -14 20 -14 26 -13 23 -10 23 -11 23 -10 21 -9 18 -6 15 -5 10 -4 5 -2 0 -3 -4 0 -7 0 0 0 0 0 0 0 0 0 0 0 0 0 0 0 0 0 0 0 0 0 0 1 10 0 8 -1 5 -1 1 -1 -3 -2 -8 -4 -10 -4 -17 -7 -18 -9 -25 -9 -24 -12 -25 -11 -27 -12 -29 -15 -26 -16 -27 -11 -20 -8 -20 -4 -17 -1 -8 4 -2 12 -4 25 3 37 7 44 8 50 10 ]
CSI_DATA,STA,E4:D1:24:F2:4F:00,-79,10,0,0,0,0,0,0,0,0,0,-97,0,1,0,30264288,0,389,0,0,30.6552,128,[-123 81 24 0 10 -52 9 -46 6 -40 9 -31 8 -21 3 -13 5 -4 -2 2 9 8 12 14 14 18 15 19 18 19 18 19 16 16 17 19 19 19 16 16 9 14 11 10 5 9 0 4 -2 2 -5 -1 -9 -4 0 0 0 0 0 0 0 0 0 0 0 0 0 0 0 0 0 0 0 0 0 0 13 -1 6 3 5 3 1 1 -1 3 -8 2 -12 6 -16 -2 -21 3 -24 6 -31 4 -29 6 -31 7 -34 9 -31 9 -28 8 -25 4 -19 3 -17 -2 -7 -5 0 -10 5 -22 12 -27 16 -38 18 -50 22 -57 ]
CSI_DATA,STA,E4:D1:24:F2:4F:00,-79,10,0,0,0,0,0,0,0,0,0,-97,0,1,0,30366690,0,389,0,0,30.7576,128,[-123 81 24 0 -16 -54 -18 -53 -17 -42 -10 -36 -10 -26 -7 -22 2 -10 4 -9 10 -8 17 -3 23 -4 21 -1 21 -6 25 -4 29 -4 28 -10 24 -6 22 -6 17 -11 13 -2 12 -6 8 0 5 6 2 8 -4 10 0 0 0 0 0 0 0 0 0 0 0 0 0 0 0 0 0 0 0 0 0 0 9 7 10 7 7 6 -1 4 0 2 -10 2 -14 3 -16 1 -22 3 -27 1 -27 3 -32 11 -34 9 -33 15 -32 13 -26 10 -28 11 -23 14 -15 3 -9 -1 -10 -9 -7 -20 -4 -31 -4 -38 -3 -51 -7 -56 ]
CSI_DATA,STA,E4:D1:24:F2:4F:00,-79,10,0,0,0,0,0,0,0,0,0,-97,0,1,0,30469092,0,389,0,0,30.8599,128,[-123 81 24 0 -19 46 -14 40 -9 34 -6 30 -5 17 -5 7 -4 0 -10 -3 -16 -10 -13 -10 -17 -15 -21 -15 -22 -15 -20 -24 -24 -18 -22 -16 -20 -12 -22 -12 -16 -11 -12 -6 -6 -5 -6 -2 0 -5 8 -2 11 1 0 0 0 0 0 0 0 0 0 0 0 0 0 0 0 0 0 0 0 0 0 0 -9 -5 -7 -9 -1 -5 -1 -3 2 -4 10 2 10 -1 17 1 20 3 22 0 24 -2 25 -1 26 -1 25 -6 29 -3 24 0 24 1 18 1 8 6 3 5 -3 11 -8 19 -15 25 -19 32 -21 40 -20 48 ]
CSI_DATA,STA,E4:D1:24:F2:4F:00,-79,10,0,0,0,0,0,0,0,0,0,-97,0,1,0,30673896,0,389,0,0,31.0648,128,[-123 81 24 0 -54 -4 -47 -3 -38 1 -29 -1 -25 -3 -12 -1 -8 -4 -1 -8 6 -10 7 -17 12 -19 9 -20 11 -22 11 -25 9 -25 12 -25 9 -22 6 -20 6 -17 6 -16 3 -10 1 -3 4 -2 4 3 3 6 0 0 0 0 0 0 0 0 0 0 0 0 0 0 0 0 0 0 0 0 0 0 0 -12 2 -8 4 -5 3 1 3 3 3 10 6 11 0 16 5 20 8 23 6 25 7 24 11 29 12 27 15 25 10 26 10 20 6 19 0 10 -3 7 -10 5 -20 0 -29 -6 -39 -5 -47 -9 -51 -7 ]
CSI_DATA,STA,E4:D1:24:F2:4F:00,-80,10,0,0,0,0,0,0,0,0,0,-97,0,1,0,30776296,0,389,0,0,31.1672,128,[-123 81 24 0 5 -51 5 -45 4 -39 1 -30 0 -22 3 -16 2 -5 6 0 11 11 12 13 20 16 18 10 20 17 23 19 20 16 20 15 18 14 17 13 17 9 11 10 3 4 1 5 -1 -1 -8 -1 -5 -3 0 0 0 0 0 0 0 0 0 0 0 0 0 0 0 0 0 0 0 0 0 0 8 3 10 2 4 2 5 0 -5 1 -8 2 -11 1 -16 3 -20 7 -21 5 -22 10 -26 8 -30 9 -29 12 -27 12 -25 13 -22 14 -19 5 -15 2 -4 -6 -4 -11 1 -24 6 -28 16 -34 9 -50 13 -53 ]
CSI_DATA,STA,E4:D1:24:F2:4F:00,-79,10,0,0,0,0,0,0,0,0,0,-97,0,1,0,30981100,0,389,0,0,31.372,128,[-123 81 24 0 46 20 40 17 34 10 26 9 21 6 9 4 4 7 0 6 -14 5 -13 8 -17 13 -18 18 -21 21 -18 20 -18 19 -17 16 -15 15 -11 15 -12 14 -9 8 -8 5 -4 2 -2 -1 -1 -9 2 -8 0 0 0 0 0 0 0 0 0 0 0 0 0 0 0 0 0 0 0 0 0 0 -5 10 -8 6 -8 1 -1 -3 1 -4 -1 -10 4 -15 2 -19 5 -22 4 -26 0 -30 0 -32 1 -31 -1 -28 -2 -29 -3 -30 -1 -22 -1 -18 2 -12 5 -4 14 -1 17 12 25 15 30 21 41 25 41 24 ]
CSI_DATA,STA,E4:D1:24:F2:4F:00,-80,10,0,0,0,0,0,0,0,0,0,-97,0,1,0,31083502,0,389,0,0,31.4744,128,[-123 81 24 0 -49 -18 -43 -14 -35 -13 -26 -8 -18 -6 -11 -7 -2 -2 2 -4 11 -6 16 -9 16 -5 19 -9 23 -10 22 -13 24 -13 20 -14 19 -12 18 -12 15 -9 12 -6 7 -7 4 -1 0 1 -2 4 -7 4 0 0 0 0 0 0 0 0 0 0 0 0 0 0 0 0 0 0 0 0 0 0 -5 -10 -2 -8 0 -4 1 -3 2 4 7 8 4 13 4 13 8 20 9 20 11 22 13 21 13 22 14 29 14 28 10 23 13 20 6 15 3 8 -2 7 -12 -5 -17 -4 -24 -14 -33 -17 -41 -19 -50 -25 ]
CSI_DATA,STA,E4:D1:24:F2:4F:00,-80,10,0,0,0,0,0,0,0,0,0,-97,0,1,0,31185904,0,389,0,0,31.5769,128,[-123 81 24 0 -46 -23 -46 -17 -33 -14 -26 -12 -17 -8 -8 -5 -1 -5 6 2 10 -5 19 -8 22 -13 22 -15 23 -15 24 -14 26 -15 19 -14 17 -14 16 -13 9 -9 12 -6 5 -6 1 -1 -1 5 -1 6 -6 7 0 0 0 0 0 0 0 0 0 0 0 0 0 0 0 0 0 0 0 0 0 0 2 -12 1 -6 0 -4 3 2 2 4 2 8 0 17 0 19 -3 26 -6 22 4 26 5 36 7 28 9 30 7 26 7 24 6 18 -1 14 -1 9 -6 -1 -15 -4 -21 -16 -29 -17 -38 -21 -42 -25 -50 -33 ]
CSI_DATA,STA,E4:D1:24:F2:4F:00,-80,10,0,0,0,0,0,0,0,0,0,-97,0,1,0,31288306,0,389,0,0,31.6791,128,[-123 81 24 0 22 -47 18 -42 15 -33 14 -28 8 -16 7 -10 4 0 5 5 7 13 9 17 7 21 11 25 10 24 11 27 13 24 12 23 11 19 7 16 7 12 8 9 5 5 1 3 -3 -1 -6 -6 -6 -6 0 0 0 0 0 0 0 0 0 0 0 0 0 0 0 0 0 0 0 0 0 0 12 4 8 1 1 0 1 1 -7 -1 -9 0 -14 0 -18 0 -22 0 -23 3 -27 5 -27 5 -30 9 -31 6 -25 7 -26 4 -22 3 -16 3 -11 -4 -3 -7 2 -10 12 -22 15 -24 24 -32 24 -42 26 -47 ]
CSI_DATA,STA,E4:D1:24:F2:4F:00,-81,10,0,0,0,0,0,0,0,0,0,-97,0,1,0,31493110,0,389,0,0,31.884,128,[-123 81 24 0 -18 50 -14 42 -14 35 -8 26 -5 19 -3 9 -7 -2 -7 -7 -5 -9 -7 -15 -9 -23 -14 -22 -14 -22 -15 -22 -15 -23 -15 -23 -17 -23 -13 -21 -6 -15 -6 -15 -6 -6 -2 -2 2 -1 5 4 10 6 0 0 0 0 0 0 0 0 0 0 0 0 0 0 0 0 0 0 0 0 0 0 -15 1 -7 -1 -2 -1 -2 -2 4 -3 8 -4 13 -5 17 -5 22 -5 23 -9 26 -5 29 -8 28 -9 30 -8 25 -9 26 -10 21 -13 15 -4 9 3 8 5 -3 15 -8 22 -16 24 -21 34 -26 43 -29 53 ]
CSI_DATA,STA,E4:D1:24:F2:4F:00,-80,10,0,0,0,0,0,0,0,0,0,-97,0,1,0,31595512,0,389,0,0,31.9865,128,[-123 81 24 0 -9 49 -7 41 -3 37 1 28 -3 18 -3 13 -6 3 -10 1 -12 -4 -16 -8 -21 -10 -24 -12 -25 -9 -27 -6 -28 -5 -28 -7 -27 -5 -22 -3 -19 0 -13 -5 -11 -5 -4 -3 1 -4 6 -3 9 -5 0 0 0 0 0 0 0 0 0 0 0 0 0 0 0 0 0 0 0 0 0 0 -12 -6 -8 -7 -5 -6 0 -3 2 0 8 -1 11 -1 15 2 21 2 20 2 24 0 28 0 28 -1 28 -4 32 -5 27 -6 23 -1 17 3 10 5 2 9 4 14 -4 20 -11 30 -12 37 -15 43 -17 51 ]
CSI_DATA,STA,E4:D1:24:F2:4F:00,-80,10,0,0,0,0,0,0,0,0,0,-97,0,1,0,31697915,0,389,0,0,32.0889,128,[-123 81 24 0 -41 19 -34 19 -25 18 -18 13 -11 7 -6 2 -4 -2 -4 -11 -2 -16 0 -21 -1 -26 -6 -27 -7 -27 -7 -26 -13 -24 -13 -23 -11 -20 -9 -16 -8 -13 -9 -12 -5 -4 0 -1 3 0 6 3 9 7 0 0 0 0 0 0 0 0 0 0 0 0 0 0 0 0 0 0 0 0 0 0 1 -12 4 -6 2 -3 3 1 3 3 7 6 10 10 10 14 13 18 15 17 15 22 17 24 18 17 22 21 21 19 12 15 11 14 5 11 -2 12 -7 6 -15 11 -27 10 -32 11 -39 13 -49 17 -48 21 ]
CSI_DATA,STA,E4:D1:24:F2:4F:00,-81,10,0,0,0,0,0,0,0,0,0,-97,0,1,0,32005121,0,389,0,0,32.3961,128,[-123 81 24 0 -44 -36 -34 -34 -26 -24 -19 -16 -14 -16 -8 -10 2 -11 0 -7 9 -8 12 -5 20 -8 21 -13 22 -15 20 -17 19 -21 16 -23 18 -21 12 -19 12 -14 7 -11 6 -9 5 -6 7 3 5 7 -1 12 0 0 0 0 0 0 0 0 0 0 0 0 0 0 0 0 0 0 0 0 0 0 10 3 7 3 4 4 0 6 -6 5 -10 6 -9 10 -13 11 -16 13 -17 15 -19 17 -19 23 -21 18 -24 20 -17 21 -21 20 -16 19 -9 8 -11 4 -11 -3 -14 -11 -16 -16 -19 -33 -19 -36 -28 -38 -30 -46 ]
CSI_DATA,STA,E4:D1:24:F2:4F:00,-81,10,0,0,0,0,0,0,0,0,0,-97,0,1,0,32517131,0,389,0,0,32.9081,128,[-123 81 24 0 41 -22 34 -22 28 -17 23 -10 19 -6 7 -4 4 8 2 9 -3 16 1 20 2 28 2 26 4 25 5 29 1 26 1 22 2 21 1 20 3 17 -2 12 -2 5 -7 2 -1 -3 -7 -7 -6 -9 0 0 0 0 0 0 0 0 0 0 0 0 0 0 0 0 0 0 0 0 0 0 1 9 1 4 -3 4 -3 0 -6 -3 -6 -4 -8 -8 -12 -7 -15 -10 -19 -16 -18 -12 -19 -16 -24 -15 -19 -12 -25 -14 -21 -20 -15 -8 -8 -10 -4 -10 4 -11 12 -12 22 -10 29 -14 38 -17 45 -19 49 -28 ]
CSI_DATA,STA,E4:D1:24:F2:4F:00,-81,10,0,0,0,0,0,0,0,0,0,-97,0,1,0,32619533,0,389,0,0,33.0105,128,[-123 81 24 0 7 45 10 42 8 31 1 22 1 19 -8 8 -10 4 -19 1 -18 -1 -22 -1 -27 4 -24 -1 -30 4 -32 10 -28 8 -23 10 -22 10 -13 9 -15 4 -6 5 -6 3 -1 -2 4 -6 6 -12 8 -13 0 0 0 0 0 0 0 0 0 0 0 0 0 0 0 0 0 0 0 0 0 0 -6 -8 0 -6 0 -4 5 -3 8 -2 11 -1 13 0 19 -1 25 -4 24 -2 23 -1 28 -1 31 -2 25 -4 26 -2 21 -2 16 -3 14 -2 9 7 5 14 3 17 2 27 -2 36 -1 40 -6 51 2 55 ]
CSI_DATA,STA,E4:D1:24:F2:4F:00,-81,10,0,0,0,0,0,0,0,0,0,-97,0,1,0,32721935,0,389,0,0,33.1127,128,[-123 81 24 0 1 53 1 43 1 29 -1 22 -5 9 -4 13 -11 3 -16 -2 -20 -5 -26 -3 -30 -3 -33 -1 -29 -7 -26 -5 -29 -3 -25 3 -23 2 -21 6 -15 1 -13 0 -7 -1 1 -4 8 -5 10 -11 12 -15 0 0 0 0 0 0 0 0 0 0 0 0 0 0 0 0 0 0 0 0 0 0 -6 -10 2 -8 4 -4 0 -4 6 -2 11 2 16 5 19 4 19 2 26 -2 28 0 26 -2 26 -1 27 -4 28 -6 23 -3 18 -4 15 5 7 11 5 16 6 23 1 33 -4 35 -9 38 -6 51 -1 56 ]
CSI_DATA,STA,E4:D1:24:F2:4F:00,-81,10,0,0,0,0,0,0,0,0,0,-97,0,1,0,32824338,0,389,0,0,33.2152,128,[-123 81 24 0 -46 1 -35 1 -28 1 -20 5 -13 -5 -5 -3 2 -16 3 -15 4 -21 6 -25 5 -26 8 -29 3 -27 1 -26 -5 -27 -1 -25 -6 -21 -4 -14 -1 -12 -3 -9 -3 -8 0 0 4 2 6 8 9 8 0 0 0 0 0 0 0 0 0 0 0 0 0 0 0 0 0 0 0 0 0 0 5 -5 3 -3 4 6 4 3 -2 8 1 11 -3 12 1 18 -1 20 1 22 0 21 -1 25 1 28 3 27 -1 23 -1 20 -1 19 -6 12 -8 7 -13 0 -23 0 -29 -5 -31 -7 -40 -9 -47 -5 -55 -6 ]
CSI_DATA,STA,E4:D1:24:F2:4F:00,-81,10,0,0,0,0,0,0,0,0,0,-97,0,1,0,33233947,0,389,0,0,33.6249,128,[-123 81 24 0 30 -24 27 -20 21 -15 12 0 14 -9 3 3 0 13 4 9 4 21 6 22 5 28 14 24 9 24 17 22 15 22 12 21 11 22 12 10 8 12 6 10 4 2 -4 4 -7 -2 -10 -3 -9 -9 0 0 0 0 0 0 0 0 0 0 0 0 0 0 0 0 0 0 0 0 0 0 -4 7 -4 2 -5 -3 -5 -4 -4 -6 -6 -11 -5 -15 -7 -15 -11 -20 -11 -20 -12 -19 -14 -21 -14 -19 -14 -19 -15 -20 -12 -13 -7 -14 0 -12 1 -14 13 -7 15 -8 25 -10 29 -9 36 -14 40 -15 44 -18 ]
CSI_DATA,STA,E4:D1:24:F2:4F:00,-79,10,0,0,0,0,0,0,0,0,0,-97,0,1,0,33438751,0,389,0,0,33.8297,128,[-123 81 24 0 2 -42 -1 -34 4 -30 -2 -23 3 -17 6 -14 7 -8 15 -9 21 -4 22 -4 25 -6 27 -7 26 -10 26 -12 24 -12 21 -14 18 -14 13 -13 9 -10 10 -8 8 -3 4 -2 2 4 1 7 0 13 0 0 0 0 0 0 0 0 0 0 0 0 0 0 0 0 0 0 0 0 0 0 -8 5 -9 3 -9 -1 -9 -1 -11 -2 -8 -6 -11 -8 -14 -11 -16 -9 -15 -16 -18 -17 -19 -14 -19 -16 -19 -14 -18 -12 -20 -10 -12 -11 -9 -15 -4 -13 0 -17 2 -19 6 -24 13 -32 12 -41 14 -46 10 -49 ]
CSI_DATA,STA,E4:D1:24:F2:4F:00,-79,10,0,0,0,0,0,0,0,0,0,-97,0,1,0,33848358,0,389,0,0,34.2394,128,[-123 81 24 0 -28 33 -24 32 -19 24 -12 18 -13 11 -10 1 -8 -3 -11 -6 -10 -14 -18 -19 -16 -17 -19 -20 -20 -19 -21 -16 -22 -15 -24 -10 -21 -11 -14 -9 -14 -7 -9 -4 -1 -4 0 -2 2 -5 9 -2 10 -2 0 0 0 0 0 0 0 0 0 0 0 0 0 0 0 0 0 0 0 0 0 0 2 -16 4 -7 9 1 4 -1 3 3 6 6 8 10 12 13 15 17 15 17 16 16 18 21 23 19 18 18 19 16 19 13 14 14 11 13 3 10 -6 11 -10 13 -23 14 -27 20 -34 22 -37 28 -38 31 ]
CSI_DATA,STA,E4:D1:24:F2:4F:00,-82,10,0,0,0,0,0,0,0,0,0,-97,0,1,0,34053162,0,389,0,0,34.4441,128,[-123 81 24 0 -38 -28 -28 -24 -29 -17 -15 -15 -11 -12 -4 -14 7 -14 11 -20 12 -18 11 -23 10 -28 8 -26 10 -29 10 -30 3 -24 -4 -23 -1 -16 -3 -15 -4 -12 -1 -10 1 2 6 -1 8 6 7 3 11 5 0 0 0 0 0 0 0 0 0 0 0 0 0 0 0 0 0 0 0 0 0 0 9 7 6 7 -1 5 -8 5 -7 4 -14 4 -13 3 -16 5 -18 8 -24 9 -22 13 -26 16 -24 15 -22 16 -18 18 -20 13 -19 11 -13 4 -15 -1 -11 -9 -18 -13 -20 -21 -26 -27 -26 -29 -32 -34 -37 -40 ]
CSI_DATA,STA,E4:D1:24:F2:4F:00,-81,10,0,0,0,0,0,0,0,0,0,-97,0,1,0,34155564,0,389,0,0,34.5463,128,[-123 81 24 0 -40 -30 -29 -23 -26 -17 -28 -13 -8 -12 -6 -14 3 -15 6 -21 8 -17 11 -20 13 -22 12 -21 10 -22 10 -31 2 -27 2 -24 0 -21 4 -22 0 -19 1 -4 -2 -7 2 -3 5 -3 6 2 13 7 0 0 0 0 0 0 0 0 0 0 0 0 0 0 0 0 0 0 0 0 0 0 10 15 3 9 6 4 -3 1 -5 6 -15 5 -21 6 -15 5 -24 3 -33 5 -31 9 -28 13 -34 21 -38 15 -25 10 -26 13 -21 13 -23 13 -18 6 -11 -4 -11 -14 -22 -24 -20 -31 -29 -35 -30 -38 -34 -47 ]
CSI_DATA,STA,E4:D1:24:F2:4F:00,-78,10,0,0,0,0,0,0,0,0,0,-97,0,1,0,34462770,0,389,0,0,34.8537,128,[-123 81 24 0 -37 -34 -31 -23 -26 -18 -20 -15 -10 -10 2 -10 5 -12 13 -8 16 -14 22 -15 23 -16 23 -18 19 -20 19 -23 16 -22 17 -18 12 -16 8 -15 7 -13 4 -10 3 -5 2 2 1 4 4 8 0 11 0 0 0 0 0 0 0 0 0 0 0 0 0 0 0 0 0 0 0 0 0 0 6 1 4 4 2 4 -4 6 -7 5 -11 7 -14 8 -12 11 -16 13 -18 14 -17 16 -22 21 -20 19 -17 19 -16 15 -17 17 -13 11 -12 7 -12 1 -12 -11 -15 -17 -15 -26 -21 -32 -27 -37 -31 -43 -34 -45 ]
CSI_DATA,STA,E4:D1:24:F2:4F:00,-79,10,0,0,0,0,0,0,0,0,0,-97,0,1,0,34565172,0,389,0,0,34.9561,128,[-123 81 24 0 -32 40 -25 36 -20 29 -17 19 -9 12 -7 3 -8 -6 -10 -13 -5 -17 -6 -19 -7 -21 -10 -28 -14 -27 -18 -24 -15 -25 -17 -18 -14 -19 -11 -18 -12 -11 -10 -8 -6 -6 1 -1 0 -1 7 4 8 6 0 0 0 0 0 0 0 0 0 0 0 0 0 0 0 0 0 0 0 0 0 0 -9 -6 -3 -8 -1 -5 2 -1 0 -3 7 8 9 4 14 5 18 7 21 5 25 8 25 12 26 9 28 8 27 8 26 6 18 6 13 6 7 9 -3 14 -9 14 -15 19 -25 22 -30 30 -39 35 -40 39 ]
CSI_DATA,STA,E4:D1:24:F2:4F:00,-79,10,0,0,0,0,0,0,0,0,0,-97,0,1,0,34667671,0,389,0,0,35.0586,128,[-123 81 24 0 -4 -49 -12 -46 -8 -35 -7 -30 -5 -22 -3 -16 1 -10 7 -6 10 -6 13 -9 17 -7 21 -9 23 -9 24 -12 21 -13 20 -14 16 -16 14 -16 11 -11 9 -10 10 -6 6 -6 7 -2 2 2 6 5 0 0 0 0 0 0 0 0 0 0 0 0 0 0 0 0 0 0 0 0 0 0 0 9 0 9 -4 6 -4 3 -5 5 -5 -2 -8 -4 -12 -4 -15 -8 -20 -16 -19 -9 -19 -8 -31 -11 -29 -7 -32 -6 -27 -6 -26 -6 -22 -7 -20 -5 -11 -7 -7 -16 -2 -21 0 -26 5 -36 2 -44 6 -50 ]
CSI_DATA,STA,E4:D1:24:F2:4F:00,-80,10,0,0,0,0,0,0,0,0,0,-97,0,1,0,34974781,0,389,0,0,35.3658,128,[-123 81 24 0 47 -14 44 -10 36 -13 26 -8 20 -1 12 -3 5 7 1 10 0 14 -1 17 -2 18 -2 20 -5 23 3 26 5 23 5 22 3 20 4 20 1 13 3 12 0 8 -1 1 -4 0 -3 -4 -9 -6 0 0 0 0 0 0 0 0 0 0 0 0 0 0 0 0 0 0 0 0 0 0 -6 12 -8 6 -5 4 -6 4 -3 -5 -2 -9 -2 -11 -6 -17 -5 -21 -13 -24 -10 -29 -9 -26 -13 -29 -12 -29 -11 -30 -12 -23 -9 -23 -8 -20 -4 -15 8 -11 10 -8 24 -5 34 -6 43 -3 48 -1 52 -13 ]
CSI_DATA,STA,E4:D1:24:F2:4F:00,-79,10,0,0,0,0,0,0,0,0,0,-97,0,1,0,35077183,0,389,0,0,35.468,128,[-123 81 24 0 47 8 45 4 33 6 25 -1 17 2 9 5 1 3 -4 8 -10 9 -14 18 -16 17 -14 19 -15 23 -12 24 -11 21 -12 20 -5 20 -5 20 -4 15 -3 13 -4 5 1 2 -2 0 -1 -7 -1 -8 0 0 0 0 0 0 0 0 0 0 0 0 0 0 0 0 0 0 0 0 0 0 -4 7 -5 3 -5 0 -2 -4 -4 -6 -2 -8 0 -15 -2 -20 -2 -26 0 -26 -2 -27 -6 -28 -6 -29 -9 -32 -7 -27 -6 -27 0 -20 0 -16 2 -10 4 -4 14 1 21 10 29 11 40 14 45 15 50 15 ]
CSI_DATA,STA,E4:D1:24:F2:4F:00,-78,10,0,0,0,0,0,0,0,0,0,-97,0,1,0,35589193,0,389,0,0,35.9801,128,[-123 81 24 0 5 -49 4 -42 4 -32 5 -29 5 -17 5 -13 7 -10 11 -4 16 -6 17 -6 23 -6 22 -6 25 -8 24 -10 22 -10 19 -11 19 -12 14 -12 13 -11 10 -9 7 -3 10 -2 4 3 6 5 3 11 0 0 0 0 0 0 0 0 0 0 0 0 0 0 0 0 0 0 0 0 0 0 -8 5 -5 7 -5 2 -11 -3 -5 -5 -8 -9 -9 -6 -9 -13 -13 -12 -15 -17 -15 -19 -21 -21 -21 -21 -22 -21 -23 -14 -21 -17 -15 -16 -13 -15 -9 -16 -6 -13 -2 -19 9 -24 13 -27 16 -36 17 -41 20 -51 ]
CSI_DATA,STA,E4:D1:24:F2:4F:00,-79,10,0,0,0,0,0,0,0,0,0,-97,0,1,0,35691595,0,389,0,0,36.0824,128,[-123 81 24 0 42 -21 37 -26 32 -22 25 -18 20 -8 18 -2 16 -3 11 3 16 9 12 11 14 11 22 11 23 11 23 14 21 10 21 9 22 4 21 2 16 4 13 3 7 4 6 4 4 6 -5 5 -3 9 0 0 0 0 0 0 0 0 0 0 0 0 0 0 0 0 0 0 0 0 0 0 -8 2 -7 -4 -8 -2 -4 -7 0 -5 0 -8 1 -12 7 -16 11 -15 5 -22 9 -24 13 -28 8 -27 2 -33 5 -30 4 -30 -3 -26 1 -25 1 -22 8 -16 13 -11 22 -10 30 -3 34 -5 43 -5 50 -15 ]
CSI_DATA,STA,E4:D1:24:F2:4F:00,-84,10,0,0,0,0,0,0,0,0,0,-97,0,1,0,35896401,0,389,0,0,36.2874,128,[-123 81 24 0 26 21 28 16 27 20 20 13 25 11 22 11 17 12 16 11 12 10 15 14 13 10 11 8 15 5 17 9 17 9 18 7 12 2 14 1 9 3 9 5 7 5 3 4 7 9 4 9 5 12 0 0 0 0 0 0 0 0 0 0 0 0 0 0 0 0 0 0 0 0 0 0 8 2 9 5 7 2 3 0 8 5 4 5 2 10 5 7 4 10 8 8 9 9 8 7 12 8 17 13 18 13 20 8 23 8 17 10 15 10 22 14 17 10 17 12 17 21 16 14 20 22 20 28 ]
CSI_DATA,STA,E4:D1:24:F2:4F:00,-81,10,0,0,0,0,0,0,0,0,0,-97,0,1,0,36101205,0,389,0,0,36.4922,128,[-123 81 24 0 -33 16 -31 17 -26 11 -24 12 -19 9 -14 4 -10 4 -16 -2 -15 -2 -18 -5 -20 -5 -22 -7 -22 -2 -20 -2 -21 -3 -16 2 -21 2 -16 4 -14 2 -14 -3 -10 0 -6 -3 -6 -5 -6 -9 -2 -9 0 0 0 0 0 0 0 0 0 0 0 0 0 0 0 0 0 0 0 0 0 0 2 6 0 5 -1 5 -5 8 -4 4 -7 6 -4 3 -8 5 -8 4 -14 7 -10 6 -11 14 -18 14 -13 14 -14 17 -13 16 -10 18 -14 16 -10 10 -14 8 -16 8 -19 1 -21 3 -32 3 -33 2 -38 7 ]
CSI_DATA,STA,E4:D1:24:F2:4F:00,-79,10,0,0,0,0,0,0,0,0,0,-97,0,1,0,36203607,0,389,0,0,36.5945,128,[-123 81 24 0 37 -62 27 -61 21 -53 18 -43 16 -41 12 -22 11 -13 10 -5 17 -5 20 -1 24 6 27 14 33 5 39 4 34 0 38 0 31 -1 29 -1 29 -3 25 -6 17 1 10 0 8 4 1 8 1 13 0 0 0 0 0 0 0 0 0 0 0 0 0 0 0 0 0 0 0 0 0 0 -14 12 -12 6 -11 4 -12 1 -10 2 -6 -3 -6 -12 -3 -15 -5 -22 -13 -27 -13 -26 -16 -31 -25 -43 -17 -32 -16 -32 -26 -30 -28 -29 -23 -22 -15 -21 -6 -21 4 -24 14 -25 23 -34 30 -36 39 -50 48 -55 ]
CSI_DATA,STA,E4:D1:24:F2:4F:00,-77,10,0,0,0,0,0,0,0,0,0,-97,0,1,0,36306010,0,389,0,0,36.6969,128,[-123 81 24 0 -3 56 0 49 0 45 3 40 -1 26 -1 18 -4 12 -12 -1 -12 -7 -17 -9 -22 -9 -24 -12 -26 -10 -26 -13 -26 -9 -26 -12 -25 -11 -23 -7 -17 -6 -15 -6 -11 -4 -7 -3 0 -6 4 -1 7 -5 0 0 0 0 0 0 0 0 0 0 0 0 0 0 0 0 0 0 0 0 0 0 -14 -2 -8 -5 -8 -1 -2 -3 0 -4 5 -3 10 1 14 0 18 -8 20 -7 24 -8 29 -8 27 -10 29 -15 27 -12 24 -14 23 -10 21 -8 15 -4 8 0 4 10 -1 20 -6 26 -8 36 -6 44 -8 53 ]
CSI_DATA,STA,E4:D1:24:F2:4F:00,-77,10,0,0,0,0,0,0,0,0,0,-97,0,1,0,36408412,0,389,0,0,36.7992,128,[-123 81 24 0 38 32 36 27 31 23 27 18 15 13 12 7 6 6 -6 3 -12 -2 -11 -7 -14 -9 -27 2 -24 0 -27 -7 -25 -5 -24 -2 -29 -5 -22 -1 -21 -2 -17 -1 -12 -1 -7 -1 -3 -2 1 -1 6 -1 0 0 0 0 0 0 0 0 0 0 0 0 0 0 0 0 0 0 0 0 0 0 4 12 3 8 2 3 0 4 -3 -3 -4 -7 -6 -12 -6 -15 -8 -19 -10 -18 -9 -23 -9 -25 -10 -32 -12 -29 -15 -31 -11 -24 -10 -23 -6 -20 -7 -13 2 -8 10 5 11 7 18 14 24 21 31 29 38 33 ]
CSI_DATA,STA,E4:D1:24:F2:4F:00,-76,10,0,0,0,0,0,0,0,0,0,-97,0,1,0,36510814,0,389,0,0,36.9016,128,[-123 81 24 0 -37 -37 -35 -33 -27 -28 -21 -20 -19 -15 -11 -11 -3 -5 3 -7 12 -5 17 -3 22 -3 24 -2 27 -7 29 -6 28 -7 27 -7 24 -7 23 -8 20 -7 14 -5 11 -3 6 -1 1 2 -3 0 -6 6 0 0 0 0 0 0 0 0 0 0 0 0 0 0 0 0 0 0 0 0 0 0 8 -10 9 -8 3 -4 3 -1 0 3 -4 6 -3 13 -5 16 -9 17 -7 21 -9 23 -9 28 -7 28 -8 28 -6 28 -6 27 -5 24 -6 17 -7 9 -6 2 -11 -6 -13 -13 -17 -24 -24 -29 -30 -36 -33 -41 ]
CSI_DATA,STA,E4:D1:24:F2:4F:00,-80,10,0,0,0,0,0,0,0,0,0,-97,0,1,0,36613216,0,389,0,0,37.0041,128,[-123 81 24 0 20 30 17 20 13 17 8 14 4 8 1 9 -4 6 -9 7 -14 8 -14 6 -16 9 -16 11 -16 11 -14 13 -11 14 -11 12 -12 13 -8 8 -7 8 -3 4 -5 0 -3 -3 -4 -5 -4 -7 -3 -11 0 0 0 0 0 0 0 0 0 0 0 0 0 0 0 0 0 0 0 0 0 0 -3 -7 -2 -6 -3 -2 3 -2 3 -4 5 -4 5 -3 8 -3 15 -6 13 -4 15 -7 16 -5 14 -7 14 -10 16 -8 13 -8 11 -8 10 -3 6 1 9 1 8 10 7 15 7 20 10 23 14 32 16 29 ]
CSI_DATA,STA,E4:D1:24:F2:4F:00,-81,10,0,0,0,0,0,0,0,0,0,-97,0,1,0,36715618,0,389,0,0,37.1065,128,[-123 81 24 0 -46 16 -41 19 -34 13 -25 11 -18 7 -15 1 -9 -4 -7 -12 -10 -16 -11 -26 -12 -25 -18 -25 -19 -25 -21 -30 -22 -20 -18 -18 -21 -16 -18 -10 -14 -8 -13 -9 -4 -9 -4 -5 5 -5 7 -6 10 -4 0 0 0 0 0 0 0 0 0 0 0 0 0 0 0 0 0 0 0 0 0 0 9 -1 4 4 3 2 4 4 0 6 -4 7 0 10 -3 13 -4 16 2 20 -2 22 0 23 2 27 -3 27 7 27 4 23 1 19 -3 18 -5 15 -17 11 -19 8 -27 3 -34 9 -43 8 -52 10 -56 14 ]
CSI_DATA,STA,E4:D1:24:F2:4F:00,-79,10,0,0,0,0,0,0,0,0,0,-97,0,1,0,36818020,0,389,0,0,37.209,128,[-123 81 24 0 -2 49 1 34 -2 32 -4 22 -5 19 -8 9 -11 6 -13 1 -23 -4 -26 -2 -28 -1 -29 -2 -33 -6 -32 3 -29 4 -27 5 -24 8 -20 6 -17 2 -14 5 -8 1 -4 -1 1 -4 -1 -6 6 -10 0 0 0 0 0 0 0 0 0 0 0 0 0 0 0 0 0 0 0 0 0 0 0 -9 3 -6 5 -4 4 -2 7 2 10 2 11 7 16 6 21 10 21 7 25 11 24 12 29 8 29 6 22 5 24 8 18 7 11 7 11 14 5 20 -4 21 -13 26 -10 33 -16 40 -13 46 -14 57 ]
CSI_DATA,STA,E4:D1:24:F2:4F:00,-77,10,0,0,0,0,0,0,0,0,0,-97,0,1,0,37022824,0,389,0,0,37.4138,128,[-123 81 24 0 -21 -45 -24 -40 -20 -34 -18 -26 -13 -20 -10 -13 -1 -11 4 -9 12 -7 16 -9 20 -10 20 -8 23 -10 23 -13 20 -13 19 -14 18 -14 14 -13 12 -12 7 -10 4 -6 4 -2 2 -1 1 6 1 8 0 0 0 0 0 0 0 0 0 0 0 0 0 0 0 0 0 0 0 0 0 0 10 8 7 9 5 4 0 4 -2 6 -6 4 -14 3 -14 3 -17 3 -21 5 -24 9 -26 13 -28 10 -28 13 -28 10 -26 12 -23 10 -19 7 -18 1 -12 -5 -11 -10 -10 -19 -9 -25 -11 -34 -13 -44 -20 -49 ]
CSI_DATA,STA,E4:D1:24:F2:4F:00,-78,10,0,0,0,0,0,0,0,0,0,-97,0,1,0,37330030,0,389,0,0,37.721,128,[-123 81 24 0 -3 51 0 39 -1 35 4 28 0 18 -5 13 -10 6 -14 3 -16 -1 -25 -1 -26 -1 -26 -3 -29 3 -32 3 -30 8 -27 6 -23 8 -21 9 -16 10 -11 4 -8 3 -4 0 -6 -5 0 -7 2 -9 0 0 0 0 0 0 0 0 0 0 0 0 0 0 0 0 0 0 0 0 0 0 -1 -11 0 -9 7 -7 3 0 11 2 12 2 16 3 18 10 20 11 21 11 23 10 24 10 31 11 29 10 24 6 24 8 21 6 16 9 6 13 4 9 0 20 -5 26 -11 36 -12 43 -13 47 -14 56 ]
CSI_DATA,STA,E4:D1:24:F2:4F:00,-78,10,0,0,0,0,0,0,0,0,0,-97,0,1,0,37637236,0,389,0,0,38.0282,128,[-123 81 24 0 30 31 28 25 24 19 21 18 14 16 4 8 2 7 -6 7 -11 8 -15 10 -15 12 -19 18 -20 18 -16 18 -16 16 -14 20 -11 18 -8 17 -8 13 -8 10 -4 6 -4 3 -6 0 -3 -2 1 -7 0 0 0 0 0 0 0 0 0 0 0 0 0 0 0 0 0 0 0 0 0 0 -10 -4 -8 -4 -5 -8 -1 -7 3 -6 5 -7 10 -9 13 -10 16 -14 19 -14 20 -14 23 -16 23 -19 21 -21 20 -19 17 -17 15 -15 14 -8 12 -5 11 -1 11 7 12 20 15 22 17 29 20 35 29 40 ]
CSI_DATA,STA,E4:D1:24:F2:4F:00,-79,10,0,0,0,0,0,0,0,0,0,-97,0,1,0,37842039,0,389,0,0,38.233,128,[-123 81 24 0 1 -49 -2 -46 -3 -36 2 -26 1 -16 2 -15 5 -6 14 -2 15 2 26 3 27 7 32 4 33 2 29 2 29 0 29 -6 19 -7 20 -5 16 -7 12 -3 7 -3 2 0 0 1 -6 5 -8 10 0 0 0 0 0 0 0 0 0 0 0 0 0 0 0 0 0 0 0 0 0 0 3 13 -1 9 -2 6 -7 5 -10 0 -13 -4 -12 -2 -19 -4 -24 -7 -25 -6 -25 -7 -29 -2 -30 -7 -33 -3 -27 -3 -23 -4 -21 -3 -22 -4 -9 -6 -4 -13 2 -22 6 -28 8 -31 10 -40 14 -51 11 -54 ]
CSI_DATA,STA,E4:D1:24:F2:4F:00,-81,10,0,0,0,0,0,0,0,0,0,-97,0,1,0,37944441,0,389,0,0,38.3352,128,[-123 81 24 0 -14 37 -7 33 -4 27 -9 17 -11 12 -11 6 -16 -5 -17 -11 -18 -12 -21 -12 -26 -10 -31 -10 -28 -6 -29 -5 -26 0 -25 0 -17 2 -16 6 -12 2 -10 0 -3 -1 0 -2 5 -3 6 -5 13 -8 0 0 0 0 0 0 0 0 0 0 0 0 0 0 0 0 0 0 0 0 0 0 2 -10 4 -7 3 -6 8 3 10 1 12 3 13 12 15 9 20 14 20 15 26 16 23 15 23 14 24 14 22 18 18 12 11 8 9 11 2 13 -5 18 -10 17 -23 24 -26 27 -21 36 -26 42 -24 45 ]
CSI_DATA,STA,E4:D1:24:F2:4F:00,-79,10,0,0,0,0,0,0,0,0,0,-97,0,1,0,38046843,0,389,0,0,38.4376,128,[-123 81 24 0 -47 11 -40 8 -33 11 -27 7 -19 4 -11 0 -4 -6 2 -13 2 -14 4 -16 10 -24 -5 -31 0 -29 -2 -32 0 -29 -2 -28 -2 -22 -6 -25 -3 -19 -3 -17 -4 -10 0 -6 1 2 2 5 2 7 0 0 0 0 0 0 0 0 0 0 0 0 0 0 0 0 0 0 0 0 0 0 4 -13 4 -9 4 -4 4 0 1 5 7 9 9 13 6 19 5 21 8 24 10 26 14 28 14 25 13 28 10 23 12 23 6 19 1 17 -4 9 -11 6 -19 1 -26 0 -35 0 -44 -1 -50 -1 -50 6 ]
CSI_DATA,STA,E4:D1:24:F2:4F:00,-78,10,0,0,0,0,0,0,0,0,0,-97,0,1,0,38149245,0,389,0,0,38.5402,128,[-123 81 24 0 5 -48 3 -40 -1 -34 -1 -26 2 -19 3 -13 5 -4 6 -2 13 0 16 5 21 4 25 4 26 2 27 0 26 2 26 -3 24 -2 21 -5 16 -2 15 -5 10 -3 4 -3 0 1 -2 2 -8 5 0 0 0 0 0 0 0 0 0 0 0 0 0 0 0 0 0 0 0 0 0 0 6 13 1 11 1 6 -3 5 -4 4 -12 4 -15 -3 -18 -1 -21 -7 -25 -4 -25 -8 -28 -7 -30 -6 -32 -6 -27 -5 -26 -4 -26 -5 -19 -5 -12 -8 -9 -12 -3 -15 3 -21 7 -30 13 -37 14 -41 11 -50 ]
CSI_DATA,STA,E4:D1:24:F2:4F:00,-79,10,0,0,0,0,0,0,0,0,0,-97,0,1,0,38251647,0,389,0,0,38.6425,128,[-123 81 24 0 -31 -34 -27 -26 -24 -22 -18 -16 -9 -12 -9 -11 0 -13 3 -15 11 -17 10 -20 16 -24 13 -25 10 -24 9 -25 5 -26 6 -27 1 -23 -1 -21 0 -19 0 -13 -2 -6 0 -6 2 0 6 5 9 5 0 0 0 0 0 0 0 0 0 0 0 0 0 0 0 0 0 0 0 0 0 0 3 12 0 9 0 7 -4 7 -7 5 -10 4 -13 0 -16 1 -20 -1 -23 0 -23 3 -28 2 -27 -1 -25 0 -25 4 -25 2 -19 3 -18 3 -16 -4 -14 -7 -14 -17 -15 -20 -16 -25 -16 -32 -20 -36 -25 -42 ]
CSI_DATA,STA,E4:D1:24:F2:4F:00,-83,10,0,0,0,0,0,0,0,0,0,-97,0,1,0,38354049,0,389,0,0,38.745,128,[-123 81 24 0 9 40 8 35 5 27 7 22 3 16 -3 11 -9 4 -8 4 -15 1 -16 -4 -22 0 -26 1 -28 4 -25 1 -22 3 -23 7 -21 4 -15 7 -22 5 -13 2 -6 2 -4 -2 -3 -4 4 -5 7 -6 0 0 0 0 0 0 0 0 0 0 0 0 0 0 0 0 0 0 0 0 0 0 -3 -4 -3 -4 -3 -6 -2 -3 4 -3 9 -6 10 -2 11 -1 18 -3 22 -4 22 -3 23 -3 23 -11 26 -12 24 -7 17 -9 15 -6 14 -4 9 -1 7 6 -1 15 1 20 3 25 2 36 3 41 7 46 ]
CSI_DATA,STA,E4:D1:24:F2:4F:00,-82,10,0,0,0,0,0,0,0,0,0,-97,0,1,0,38661255,0,389,0,0,39.0522,128,[-123 81 24 0 20 -44 12 -40 11 -33 10 -25 4 -17 6 -6 7 2 8 9 12 3 14 12 19 14 26 21 25 14 22 14 23 14 28 13 26 7 23 10 21 3 17 8 6 2 5 1 -2 6 -11 4 -13 4 0 0 0 0 0 0 0 0 0 0 0 0 0 0 0 0 0 0 0 0 0 0 4 6 2 7 -4 3 -4 1 -10 -5 -12 -9 -14 -8 -18 -4 -21 -4 -26 -7 -26 -10 -27 -8 -35 -10 -27 -10 -34 -9 -21 -7 -20 -13 -10 -11 -8 -12 -2 -12 4 -17 12 -22 19 -32 22 -33 23 -42 25 -48 ]
CSI_DATA,STA,E4:D1:24:F2:4F:00,-80,10,0,0,0,0,0,0,0,0,0,-97,0,1,0,38968461,0,389,0,0,39.3595,128,[-123 81 24 0 -43 8 -36 5 -31 11 -27 7 -17 3 -15 -4 -8 -7 -5 -11 -7 -19 -12 -22 -12 -26 -14 -26 -20 -28 -18 -24 -19 -22 -20 -22 -22 -17 -15 -14 -13 -10 -9 -7 -3 -7 -1 -6 5 -3 7 -5 15 -4 0 0 0 0 0 0 0 0 0 0 0 0 0 0 0 0 0 0 0 0 0 0 10 1 3 4 1 3 1 4 -1 4 -6 7 -2 11 -10 13 -7 17 -7 17 -7 21 -5 24 -6 22 -9 26 -8 25 -6 22 -11 20 -6 13 -10 8 -20 8 -20 3 -25 -1 -36 0 -37 -2 -44 0 -50 3 ]
CSI_DATA,STA,E4:D1:24:F2:4F:00,-81,10,0,0,0,0,0,0,0,0,0,-97,0,1,0,39173265,0,389,0,0,39.5642,128,[-123 81 24 0 23 -40 15 -30 10 -23 9 -21 15 -12 11 -6 21 4 26 -1 25 1 26 -2 31 3 34 -7 31 -7 31 -11 27 -9 24 -13 14 -14 17 -11 8 -6 7 -5 8 -1 0 1 1 11 -1 11 -1 17 0 0 0 0 0 0 0 0 0 0 0 0 0 0 0 0 0 0 0 0 0 0 -9 -2 -9 -6 -7 -4 -6 -8 -6 -7 -3 -14 -4 -13 0 -15 -4 -16 -8 -20 -5 -23 -13 -24 -11 -25 -7 -27 -7 -24 -8 -20 -3 -20 -3 -21 7 -17 12 -17 15 -24 20 -25 23 -31 31 -34 34 -40 29 -44 ]
CSI_DATA,STA,E4:D1:24:F2:4F:00,-80,10,0,0,0,0,0,0,0,0,0,-97,0,1,0,39275667,0,389,0,0,39.6666,128,[-123 81 24 0 -21 -42 -19 -35 -15 -25 -12 -19 -6 -15 -1 -8 9 -5 15 -10 21 -5 23 -8 27 -9 26 -14 27 -15 26 -15 22 -16 18 -16 18 -19 9 -10 11 -9 5 -9 5 -6 3 1 -1 7 -1 10 -4 14 0 0 0 0 0 0 0 0 0 0 0 0 0 0 0 0 0 0 0 0 0 0 3 4 2 3 -7 1 -6 1 -13 2 -15 5 -12 -1 -22 2 -22 6 -21 7 -25 4 -24 13 -25 14 -27 10 -23 7 -21 6 -21 5 -16 0 -8 -7 -6 -12 -9 -21 -5 -27 -10 -32 -10 -46 -15 -51 -16 -55 ]
CSI_DATA,STA,E4:D1:24:F2:4F:00,-79,10,0,0,0,0,0,0,0,0,0,-97,0,1,0,39378070,0,389,0,0,39.7689,128,[-123 81 24 0 16 44 17 42 11 29 9 20 4 17 -2 14 -6 14 -10 11 -14 14 -19 14 -21 16 -19 18 -21 20 -19 18 -17 23 -13 22 -10 20 -11 18 -5 12 -8 5 -6 3 -8 3 -7 -5 -7 -7 -7 -9 0 0 0 0 0 0 0 0 0 0 0 0 0 0 0 0 0 0 0 0 0 0 2 -13 6 -13 6 -6 6 -5 8 -1 9 5 13 5 15 3 19 3 25 8 25 9 26 2 29 0 30 2 28 1 25 6 23 7 12 6 11 16 11 16 1 6 4 29 2 35 1 43 5 52 13 54 ]
CSI_DATA,STA,E4:D1:24:F2:4F:00,-78,10,0,0,0,0,0,0,0,0,0,-97,0,1,0,39480472,0,389,0,0,39.8712,128,[-123 81 24 0 22 -41 11 -33 13 -28 10 -25 8 -13 9 -9 13 -4 16 2 19 4 21 3 26 5 26 2 28 -1 29 -2 28 -4 23 -3 23 -4 18 -5 16 -7 11 -6 9 -3 0 -3 2 5 -3 9 -4 10 0 0 0 0 0 0 0 0 0 0 0 0 0 0 0 0 0 0 0 0 0 0 -12 2 -9 -2 -9 -2 -8 -6 -6 -6 -6 -10 -7 -14 -8 -17 -8 -17 -9 -20 -11 -22 -10 -23 -15 -24 -12 -21 -13 -24 -10 -19 -9 -15 -7 -17 3 -15 9 -16 15 -20 21 -24 23 -26 30 -29 32 -37 30 -42 ]
CSI_DATA,STA,E4:D1:24:F2:4F:00,-79,10,0,0,0,0,0,0,0,0,0,-97,0,1,0,39582874,0,389,0,0,39.9738,128,[-123 81 24 0 -26 -38 -22 -33 -20 -27 -17 -27 -11 -17 -5 -10 2 -9 12 -12 14 -8 17 -11 23 -12 25 -16 24 -16 25 -22 23 -21 20 -19 18 -13 12 -16 12 -14 9 -14 8 -5 7 -3 2 2 0 8 0 14 0 0 0 0 0 0 0 0 0 0 0 0 0 0 0 0 0 0 0 0 0 0 6 7 1 6 0 5 -4 2 -8 5 -7 1 -15 3 -17 3 -19 6 -18 6 -23 9 -23 8 -30 7 -23 5 -22 8 -23 10 -18 5 -19 0 -16 0 -11 -11 -10 -18 -9 -22 -8 -34 -11 -38 -19 -46 -22 -48 ]
CSI_DATA,STA,E4:D1:24:F2:4F:00,-79,10,0,0,0,0,0,0,0,0,0,-97,0,1,0,39685296,0,389,0,0,40.0762,128,[-123 81 24 0 -52 15 -41 11 -33 12 -24 10 -16 1 -12 -1 -6 -2 -6 -11 -1 -17 1 -23 2 -24 3 -31 -1 -29 -2 -29 -7 -26 -5 -31 -7 -27 -6 -23 -4 -18 -2 -12 -1 -12 -1 -5 2 1 6 2 8 8 0 0 0 0 0 0 0 0 0 0 0 0 0 0 0 0 0 0 0 0 0 0 3 -9 4 -5 3 0 2 -1 2 7 1 8 2 11 5 15 1 16 3 21 9 19 6 26 14 26 15 25 11 24 9 23 7 18 6 15 -3 9 -9 8 -17 2 -26 3 -37 2 -43 1 -49 6 -58 5 ]
CSI_DATA,STA,E4:D1:24:F2:4F:00,-79,10,0,0,0,0,0,0,0,0,0,-97,0,1,0,39787678,0,389,0,0,40.1786,128,[-123 81 24 0 38 -3 31 -7 25 -1 17 -2 13 1 6 4 4 7 -1 16 -4 21 -2 19 1 24 2 29 5 27 5 24 10 25 6 19 5 17 5 16 6 10 3 7 2 4 -3 0 -7 -1 -7 -3 -10 -5 0 0 0 0 0 0 0 0 0 0 0 0 0 0 0 0 0 0 0 0 0 0 -8 -1 -5 -2 -4 -4 -2 -8 -1 -12 0 -12 2 -14 6 -18 1 -22 1 -24 2 -23 1 -21 5 -25 3 -26 4 -20 6 -23 5 -22 6 -11 11 -12 17 -2 19 1 27 0 33 8 39 4 47 6 51 6 ]
CSI_DATA,STA,E4:D1:24:F2:4F:00,-80,10,0,0,0,0,0,0,0,0,0,-97,0,1,0,40094885,0,389,0,0,40.4858,128,[-123 81 24 0 0 47 2 42 3 33 1 24 -2 16 -5 11 -9 5 -14 5 -17 -5 -21 -5 -25 -2 -26 -2 -27 3 -28 4 -26 4 -26 4 -23 3 -18 5 -17 4 -13 2 -10 1 -2 -5 0 -4 0 -7 5 -10 0 0 0 0 0 0 0 0 0 0 0 0 0 0 0 0 0 0 0 0 0 0 -5 -12 0 -8 -1 -7 3 -2 7 0 6 1 14 1 17 5 19 8 21 9 20 8 30 3 27 6 26 7 27 3 30 1 19 4 17 2 13 4 6 15 -1 16 -7 25 -11 29 -12 38 -9 42 -11 50 ]
CSI_DATA,STA,E4:D1:24:F2:4F:00,-82,10,0,0,0,0,0,0,0,0,0,-97,0,1,0,40197287,0,389,0,0,40.588,128,[-123 81 24 0 -18 -36 -22 -29 -15 -26 -11 -21 -7 -20 -4 -12 5 -11 6 -12 13 -14 15 -13 16 -18 15 -20 12 -22 11 -21 9 -22 7 -21 4 -18 3 -16 6 -11 3 -11 4 -4 6 -2 6 4 10 9 7 5 0 0 0 0 0 0 0 0 0 0 0 0 0 0 0 0 0 0 0 0 0 0 2 11 -4 7 -3 4 -2 3 -8 1 -11 -3 -15 -5 -15 -4 -19 0 -19 -3 -26 -4 -24 -3 -27 1 -28 1 -26 2 -23 -1 -23 -3 -13 0 -12 -4 -7 -11 -10 -20 -16 -25 -6 -27 -11 -38 -11 -45 -14 -42 ]
CSI_DATA,STA,E4:D1:24:F2:4F:00,-80,10,0,0,0,0,0,0,0,0,0,-97,0,1,0,40299689,0,389,0,0,40.6906,128,[-123 81 24 0 -41 -16 -37 -13 -35 -5 -22 -3 -17 -6 -16 -9 -12 -11 -9 -15 -5 -15 -1 -22 -3 -20 -8 -26 -9 -23 -10 -23 -10 -25 -8 -20 -8 -16 -12 -17 -5 -15 -5 -5 -4 -11 -1 -5 2 -9 6 -5 8 -5 0 0 0 0 0 0 0 0 0 0 0 0 0 0 0 0 0 0 0 0 0 0 3 14 2 7 -3 8 -3 8 -4 7 -7 0 -14 2 -17 6 -17 6 -25 6 -23 5 -23 12 -26 11 -29 13 -18 13 -27 14 -18 13 -20 5 -16 6 -14 -4 -17 -6 -23 -20 -26 -25 -28 -27 -35 -23 -41 -30 ]
CSI_DATA,STA,E4:D1:24:F2:4F:00,-80,10,0,0,0,0,0,0,0,0,0,-97,0,1,0,40811699,0,389,0,0,41.2027,128,[-123 81 24 0 27 39 26 34 24 30 19 24 13 19 8 14 1 13 -8 15 -9 16 -12 17 -11 22 -17 24 -13 24 -10 26 -7 31 -10 25 -5 19 -5 22 -3 14 -2 14 -6 6 -5 5 -9 2 -10 -4 -14 -6 0 0 0 0 0 0 0 0 0 0 0 0 0 0 0 0 0 0 0 0 0 0 4 -12 2 -7 4 -7 4 -6 9 -2 8 2 12 2 16 7 20 7 20 5 26 5 21 9 28 5 27 1 27 4 25 2 24 4 22 4 14 9 12 10 11 19 11 24 7 36 9 40 13 45 17 51 ]
CSI_DATA,STA,E4:D1:24:F2:4F:00,-78,10,0,0,0,0,0,0,0,0,0,-97,0,1,0,41016504,0,389,0,0,41.4075,128,[-123 81 24 0 -20 -49 -20 -37 -18 -34 -14 -28 -13 -21 -3 -12 1 -8 7 -6 13 -3 18 -4 23 -5 26 -7 28 -4 29 -6 25 -11 25 -11 23 -10 20 -8 19 -6 16 -7 10 -4 6 0 -1 3 -4 6 -6 8 0 0 0 0 0 0 0 0 0 0 0 0 0 0 0 0 0 0 0 0 0 0 9 4 6 5 4 3 -1 3 -4 5 -9 5 -10 2 -15 1 -16 7 -23 5 -24 10 -23 7 -28 15 -28 12 -25 13 -23 13 -20 13 -18 6 -13 1 -14 -6 -9 -12 -6 -20 -9 -30 -5 -40 -10 -46 -13 -51 ]
CSI_DATA,STA,E4:D1:24:F2:4F:00,-80,10,0,0,0,0,0,0,0,0,0,-97,0,1,0,41426112,0,389,0,0,41.8171,128,[-123 81 24 0 -47 6 -38 8 -31 8 -27 5 -23 4 -15 -1 -7 -6 -3 -11 -1 -15 -2 -19 0 -24 1 -29 -4 -28 -3 -25 -6 -23 -5 -26 -8 -24 -6 -16 -4 -17 -7 -11 -3 -10 1 -4 1 0 5 2 6 4 0 0 0 0 0 0 0 0 0 0 0 0 0 0 0 0 0 0 0 0 0 0 8 -7 7 -7 6 -1 4 1 2 5 -2 10 -2 13 1 14 -2 18 0 22 0 25 6 28 1 28 4 30 6 26 7 24 4 23 2 14 -4 12 -9 11 -17 3 -22 0 -33 -4 -41 -1 -47 -2 -50 -1 ]
CSI_DATA,STA,E4:D1:24:F2:4F:00,-80,10,0,0,0,0,0,0,0,0,0,-97,0,1,0,41528514,0,389,0,0,41.9194,128,[-123 81 24 0 8 -50 7 -41 6 -37 1 -29 2 -20 3 -11 5 -2 6 2 8 6 11 6 11 11 25 25 16 20 20 19 22 14 20 10 19 8 19 8 15 9 10 4 6 6 2 2 -2 0 -4 -1 -9 1 0 0 0 0 0 0 0 0 0 0 0 0 0 0 0 0 0 0 0 0 0 0 5 6 4 5 0 3 -1 5 -5 2 -10 2 -12 2 -13 0 -17 3 -21 4 -24 2 -24 6 -27 3 -25 6 -28 8 -25 6 -20 3 -18 2 -12 -4 -6 -12 0 -13 5 -18 10 -29 18 -33 16 -40 17 -50 ]
CSI_DATA,STA,E4:D1:24:F2:4F:00,-79,10,0,0,0,0,0,0,0,0,0,-97,0,1,0,41733318,0,389,0,0,42.1243,128,[-123 81 24 0 -8 -51 -9 -47 -7 -36 -6 -29 -2 -19 -2 -14 5 -3 8 -4 14 -2 16 5 22 8 22 7 26 6 27 4 28 2 27 0 26 -2 25 1 17 -2 14 1 11 -1 9 1 2 0 -3 3 -7 3 0 0 0 0 0 0 0 0 0 0 0 0 0 0 0 0 0 0 0 0 0 0 7 6 7 7 4 4 -2 3 -5 5 -9 4 -12 2 -16 3 -22 3 -24 5 -19 3 -29 5 -28 6 -31 6 -27 6 -25 2 -22 6 -17 3 -13 -4 -10 -9 -2 -16 1 -24 -2 -32 6 -42 4 -49 4 -58 ]
CSI_DATA,STA,E4:D1:24:F2:4F:00,-78,10,0,0,0,0,0,0,0,0,0,-97,0,1,0,41938120,0,389,0,0,42.3291,128,[-123 81 24 0 42 -25 36 -23 27 -22 22 -18 18 -11 15 -4 10 1 15 3 14 9 13 13 16 12 21 15 24 13 26 10 27 8 23 7 22 5 17 2 16 3 13 1 9 2 2 2 0 6 -1 7 -3 3 0 0 0 0 0 0 0 0 0 0 0 0 0 0 0 0 0 0 0 0 0 0 -11 -2 -12 0 -9 -4 -6 -5 -6 -6 4 -6 1 -16 3 -14 3 -15 4 -25 6 -21 5 -30 4 -27 1 -31 -3 -27 -5 -28 -1 -27 0 -18 6 -16 11 -15 15 -8 23 -14 33 -8 36 -11 44 -9 50 -16 ]
CSI_DATA,STA,E4:D1:24:F2:4F:00,-79,10,0,0,0,0,0,0,0,0,0,-97,0,1,0,42040522,0,389,0,0,42.4314,128,[-123 81 24 0 -12 47 -11 39 -9 35 -6 25 -7 18 -8 13 -7 6 -12 0 -17 0 -19 -4 -21 -9 -25 -9 -26 -6 -27 -12 -28 -5 -30 1 -23 4 -19 -2 -19 0 -13 -1 -9 -6 -8 -2 -1 -8 0 -8 2 -11 0 0 0 0 0 0 0 0 0 0 0 0 0 0 0 0 0 0 0 0 0 0 -1 -12 -1 -5 1 -7 3 -1 3 -2 9 1 11 6 14 7 18 8 18 11 21 8 24 14 24 10 26 12 26 12 21 8 19 10 18 8 8 7 3 13 -2 20 -8 23 -14 26 -18 34 -22 40 -22 52 ]
CSI_DATA,STA,E4:D1:24:F2:4F:00,-81,10,0,0,0,0,0,0,0,0,0,-97,0,1,0,42142924,0,389,0,0,42.5339,128,[-123 81 24 0 -25 -37 -21 -40 -22 -36 -17 -25 -10 -20 -6 -14 6 -13 8 -10 12 -14 17 -14 20 -17 19 -14 16 -23 18 -18 12 -22 16 -23 13 -19 8 -19 7 -13 5 -8 3 -6 4 -2 4 4 4 9 1 13 0 0 0 0 0 0 0 0 0 0 0 0 0 0 0 0 0 0 0 0 0 0 6 11 1 10 -1 4 -6 4 -9 -1 -10 0 -12 2 -18 0 -18 -2 -27 0 -27 0 -27 1 -26 4 -32 6 -30 4 -28 10 -23 3 -20 0 -14 -8 -12 -12 -11 -16 -5 -26 -9 -31 -7 -40 -13 -45 -20 -54 ]
CSI_DATA,STA,E4:D1:24:F2:4F:00,-79,10,0,0,0,0,0,0,0,0,0,-97,0,1,0,42245326,0,389,0,0,42.6362,128,[-123 81 24 0 -3 -46 -5 -43 -2 -30 -3 -27 1 -16 -1 -11 6 -7 9 -3 15 1 21 0 27 3 26 1 29 0 30 1 29 -4 26 -5 21 -7 18 -3 18 -4 12 -6 6 -1 4 0 3 3 -5 8 -7 9 0 0 0 0 0 0 0 0 0 0 0 0 0 0 0 0 0 0 0 0 0 0 5 4 1 4 -2 4 -8 3 -8 1 -10 2 -11 4 -15 -1 -20 0 -29 1 -25 0 -30 2 -25 4 -29 4 -25 4 -23 4 -24 -1 -18 -1 -15 -4 -8 -13 1 -19 4 -26 3 -33 5 -41 1 -51 0 -53 ]
CSI_DATA,STA,E4:D1:24:F2:4F:00,-81,10,0,0,0,0,0,0,0,0,0,-97,0,1,0,42450131,0,389,0,0,42.8411,128,[-123 81 24 0 -38 15 -35 13 -30 10 -23 6 -13 1 -10 -2 -8 -9 -7 -18 -9 -17 -13 -19 -15 -27 -20 -26 -17 -20 -21 -22 -23 -15 -20 -18 -17 -9 -16 -10 -10 -9 -7 -5 -4 -1 1 -4 5 -3 8 -6 11 -2 0 0 0 0 0 0 0 0 0 0 0 0 0 0 0 0 0 0 0 0 0 0 11 0 6 2 5 3 0 4 -3 7 -2 9 -3 11 -3 16 -4 16 -4 20 -4 21 -2 24 -3 25 -1 27 -2 24 -2 21 -4 20 -3 16 -13 11 -18 6 -23 8 -26 3 -34 4 -44 6 -47 7 -49 14 ]
CSI_DATA,STA,E4:D1:24:F2:4F:00,-83,10,0,0,0,0,0,0,0,0,0,-97,0,1,0,42654935,0,389,0,0,43.0459,128,[-123 81 24 0 35 -22 24 -20 23 -14 18 -9 17 0 13 1 14 10 15 11 16 16 22 17 18 15 18 16 23 13 22 11 21 5 26 5 23 7 12 1 10 3 5 1 1 0 0 4 -5 5 -9 7 -11 11 0 0 0 0 0 0 0 0 0 0 0 0 0 0 0 0 0 0 0 0 0 0 -9 -2 -2 -3 -3 -9 -1 -7 -4 -12 1 -14 2 -15 2 -18 4 -24 -1 -22 -4 -21 -4 -27 -5 -22 -2 -19 -2 -25 -2 -16 -2 -15 6 -16 10 -9 18 -11 20 -9 30 -6 34 -10 40 -18 43 -18 46 -22 ]
CSI_DATA,STA,E4:D1:24:F2:4F:00,-81,10,0,0,0,0,0,0,0,0,0,-97,0,1,0,42757337,0,389,0,0,43.1482,128,[-123 81 24 0 7 -38 2 -33 5 -24 3 -15 1 -5 2 1 12 4 11 12 14 17 17 18 23 21 24 18 29 17 29 16 26 12 29 15 24 7 17 4 17 2 12 -1 4 0 -2 1 -10 -3 -12 0 -15 -2 0 0 0 0 0 0 0 0 0 0 0 0 0 0 0 0 0 0 0 0 0 0 -1 5 -5 2 -7 3 -9 1 -9 -3 -12 -2 -17 -2 -21 -2 -19 5 -23 5 -24 3 -24 3 -24 4 -25 4 -22 3 -20 -2 -14 -5 -5 -8 -5 -14 1 -22 5 -26 10 -32 12 -41 15 -44 15 -50 14 -52 ]
CSI_DATA,STA,E4:D1:24:F2:4F:00,-82,10,0,0,0,0,0,0,0,0,0,-97,0,1,0,42859739,0,389,0,0,43.2507,128,[-123 81 24 0 -43 18 -36 13 -26 13 -22 4 -12 5 -5 -2 1 -10 7 -13 7 -14 11 -20 15 -26 7 -30 9 -30 14 -26 9 -28 6 -29 4 -26 6 -20 1 -15 4 -15 0 -5 0 -1 0 3 -2 10 -4 8 0 0 0 0 0 0 0 0 0 0 0 0 0 0 0 0 0 0 0 0 0 0 -5 -7 1 -2 5 1 7 0 6 5 11 3 11 8 17 8 18 13 20 15 21 11 23 12 19 7 2 3 26 13 18 11 7 10 7 5 2 6 -11 6 -17 11 -25 9 -35 10 -43 7 -47 9 -54 16 ]
CSI_DATA,STA,E4:D1:24:F2:4F:00,-81,10,0,0,0,0,0,0,0,0,0,-97,0,1,0,42962141,0,389,0,0,43.353,128,[-123 81 24 0 -37 -20 -34 -19 -26 -13 -19 -16 -9 -9 0 -10 9 -12 9 -16 16 -17 17 -21 13 -28 12 -26 10 -30 6 -27 6 -27 5 -28 3 -24 0 -21 0 -15 -1 -9 2 -8 2 1 5 2 8 6 6 11 0 0 0 0 0 0 0 0 0 0 0 0 0 0 0 0 0 0 0 0 0 0 5 8 0 9 -2 5 -6 7 -7 3 -13 7 -13 7 -21 7 -18 8 -16 14 -21 13 -22 17 -25 19 -22 16 -21 16 -16 12 -13 9 -15 1 -18 -1 -18 -9 -18 -14 -21 -24 -25 -28 -29 -37 -35 -37 -38 -37 ]
CSI_DATA,STA,E4:D1:24:F2:4F:00,-81,10,0,0,0,0,0,0,0,0,0,-97,0,1,0,42973663,0,510,0,0,43.386,128,[-2 -31 31 0 -23 -40 -31 -36 -22 -25 -11 -16 -8 -16 0 -13 4 -16 15 -13 17 -18 20 -19 19 -27 19 -25 15 -25 11 -34 11 -26 5 -31 4 -24 2 -21 3 -17 0 -10 5 -7 6 0 7 5 10 9 10 11 0 0 0 0 0 0 0 0 0 0 0 0 0 0 0 0 0 0 0 0 0 0 -4 15 -11 9 -10 3 -9 1 -16 0 -15 -5 -16 -6 -23 -9 -24 -4 -29 -11 -26 -4 -30 -1 -27 -4 -31 -3 -28 0 -21 -5 -19 -1 -19 -11 -20 -10 -14 -20 -11 -26 -12 -28 -10 -41 -17 -49 -12 -47 -21 -56 ]
CSI_DATA,STA,E4:D1:24:F2:4F:00,-81,10,0,0,0,0,0,0,0,0,0,-97,0,1,0,43064543,0,389,0,0,43.4554,128,[-123 81 24 0 -31 -28 -30 -21 -27 -18 -20 -13 -12 -12 -9 -13 -1 -8 6 -15 8 -17 8 -18 9 -21 7 -23 6 -25 7 -26 3 -24 2 -26 -2 -25 1 -20 3 -16 2 -13 -1 -8 -2 -5 6 0 4 1 8 5 0 0 0 0 0 0 0 0 0 0 0 0 0 0 0 0 0 0 0 0 0 0 2 11 3 8 -2 6 -5 5 -11 2 -11 3 -13 3 -16 2 -21 4 -20 2 -23 6 -25 7 -24 5 -22 11 -20 9 -18 6 -20 2 -17 -1 -14 -6 -17 -11 -13 -14 -14 -19 -15 -23 -20 -36 -25 -31 -26 -36 ]
CSI_DATA,STA,E4:D1:24:F2:4F:00,-79,10,0,0,0,0,0,0,0,0,0,-97,0,1,0,43166945,0,389,0,0,43.5577,128,[-123 81 24 0 -49 -19 -42 -10 -30 -3 -27 -7 -12 -10 -8 -13 -6 -13 5 -13 4 -21 5 -24 3 -27 4 -23 1 -28 0 -29 0 -29 -1 -26 -2 -26 -3 -20 -1 -18 -3 -12 0 -7 0 -5 8 1 8 -1 8 6 0 0 0 0 0 0 0 0 0 0 0 0 0 0 0 0 0 0 0 0 0 0 6 7 6 8 5 6 0 7 -6 9 -10 6 -8 11 -12 13 -14 14 -18 11 -18 17 -19 19 -21 17 -16 21 -20 17 -14 15 -15 11 -12 10 -17 2 -15 0 -18 -4 -25 -13 -24 -21 -37 -23 -36 -24 -44 -23 ]
CSI_DATA,STA,E4:D1:24:F2:4F:00,-80,10,0,0,0,0,0,0,0,0,0,-97,0,1,0,43474151,0,389,0,0,43.8651,128,[-123 81 24 0 -50 -8 -41 -9 -33 -7 -29 -1 -24 -3 -10 -6 -7 -10 4 -10 6 -15 7 -19 9 -25 12 -23 13 -27 11 -27 9 -25 7 -23 5 -22 3 -21 5 -18 5 -15 2 -8 2 -6 2 0 -1 4 2 7 0 0 0 0 0 0 0 0 0 0 0 0 0 0 0 0 0 0 0 0 0 0 8 -10 4 -8 4 -2 4 4 1 8 3 10 -2 17 -1 21 -3 24 -1 24 -2 28 -2 30 -2 27 5 31 -1 29 0 26 1 22 2 16 -4 10 -12 6 -16 -2 -24 -11 -32 -12 -37 -17 -47 -19 -51 -15 ]
CSI_DATA,STA,E4:D1:24:F2:4F:00,-78,10,0,0,0,0,0,0,0,0,0,-97,0,1,0,43678955,0,389,0,0,44.0699,128,[-123 81 24 0 39 -38 32 -31 26 -31 20 -25 14 -18 14 -11 11 -6 9 1 11 5 13 9 18 14 22 17 22 14 26 13 24 17 25 10 25 9 20 5 19 6 12 4 10 4 7 3 0 3 1 5 -6 6 0 0 0 0 0 0 0 0 0 0 0 0 0 0 0 0 0 0 0 0 0 0 -7 8 -10 8 -9 4 -4 -1 -6 -3 -2 -7 -4 -8 -3 -15 -8 -20 -8 -23 -6 -27 -9 -29 -13 -33 -15 -31 -17 -28 -16 -24 -17 -21 -12 -22 -11 -16 0 -18 2 -17 10 -9 24 -16 28 -14 35 -22 48 -26 ]
CSI_DATA,STA,E4:D1:24:F2:4F:00,-80,10,0,0,0,0,0,0,0,0,0,-97,0,1,0,43781357,0,389,0,0,44.1722,128,[-123 81 24 0 -48 22 -39 17 -34 20 -25 15 -17 4 -18 0 -16 -5 -11 -9 -9 -14 -17 -15 -18 -20 -19 -22 -22 -21 -22 -20 -27 -17 -24 -14 -20 -9 -16 -7 -15 -5 -13 -3 -10 -4 -4 -7 2 -6 5 -3 9 -6 0 0 0 0 0 0 0 0 0 0 0 0 0 0 0 0 0 0 0 0 0 0 13 -3 10 2 9 1 8 5 2 7 -1 10 -2 12 -3 16 -8 18 -6 23 -2 24 -4 29 -3 33 -5 35 1 18 0 32 0 30 -1 21 -8 16 -11 12 -16 11 -27 7 -34 2 -44 6 -47 10 -51 17 ]
CSI_DATA,STA,E4:D1:24:F2:4F:00,-79,10,0,0,0,0,0,0,0,0,0,-97,0,1,0,44088564,0,389,0,0,44.4795,128,[-123 81 24 0 -2 51 -2 43 0 40 1 27 -3 23 -4 11 -7 3 -8 -5 -14 -7 -16 -12 -23 -12 -26 -15 -26 -13 -29 -14 -26 -11 -26 -9 -26 -7 -22 -1 -20 -4 -16 -6 -11 2 -5 -3 -1 0 5 -2 8 -3 0 0 0 0 0 0 0 0 0 0 0 0 0 0 0 0 0 0 0 0 0 0 -10 -7 -9 -6 -5 -7 -4 -3 3 -5 6 -6 10 -5 13 -4 19 -7 22 -7 25 -8 30 -9 30 -7 29 -10 27 -7 24 -10 20 -8 18 -7 12 0 11 4 2 16 -2 23 -7 28 -9 43 -10 49 -6 54 ]
CSI_DATA,STA,E4:D1:24:F2:4F:00,-79,10,0,0,0,0,0,0,0,0,0,-97,0,1,0,44190966,0,389,0,0,44.5818,128,[-123 81 24 0 -48 16 -37 21 -31 17 -25 14 -17 11 -12 3 -2 -5 -3 -8 1 -16 4 -20 3 -23 3 -28 2 -28 -7 -27 -4 -27 -2 -26 -6 -25 -7 -22 -6 -16 -7 -14 -2 -10 -3 -7 -3 0 -1 4 0 5 0 0 0 0 0 0 0 0 0 0 0 0 0 0 0 0 0 0 0 0 0 0 2 -14 -1 -13 5 -3 5 0 7 3 6 5 7 9 11 12 9 16 15 22 13 17 16 23 21 23 19 24 19 21 17 21 12 19 6 14 1 10 -7 8 -12 10 -20 6 -30 6 -38 8 -43 10 -55 13 ]
CSI_DATA,STA,E4:D1:24:F2:4F:00,-77,10,0,0,0,0,0,0,0,0,0,-97,0,1,0,44293368,0,389,0,0,44.6843,128,[-123 81 24 0 -21 40 -18 35 -16 28 -12 24 -6 15 -6 13 -5 6 -6 -2 -7 -4 -11 -6 -16 -9 -17 -10 -18 -12 -17 -10 -21 -9 -21 -10 -20 -9 -18 -7 -16 -6 -15 -4 -12 -4 -7 -3 -3 -4 0 -3 1 -3 0 0 0 0 0 0 0 0 0 0 0 0 0 0 0 0 0 0 0 0 0 0 0 -13 0 -9 0 -8 2 -3 4 -3 5 1 9 6 9 8 11 9 17 12 16 10 18 12 29 11 33 -9 25 22 26 14 17 11 16 8 10 9 7 11 -2 10 -8 14 -15 21 -22 26 -24 30 -24 34 ]
CSI_DATA,STA,E4:D1:24:F2:4F:00,-78,10,0,0,0,0,0,0,0,0,0,-97,0,1,0,44395770,0,389,0,0,44.7867,128,[-123 81 24 0 -37 25 -29 21 -26 21 -18 16 -15 11 -16 8 -12 -1 -14 -5 -13 -12 -16 -13 -16 -16 -16 -14 -20 -14 -26 -12 -21 -9 -22 -10 -22 -8 -22 -5 -16 -4 -16 0 -6 -5 -5 -2 -1 -5 2 -5 7 -8 0 0 0 0 0 0 0 0 0 0 0 0 0 0 0 0 0 0 0 0 0 0 10 -2 9 -1 8 1 4 4 2 7 1 11 -2 12 -1 14 -1 18 -1 24 -1 23 1 24 1 27 2 30 4 25 4 26 4 21 -2 17 -6 14 -10 11 -14 10 -22 10 -30 10 -37 9 -40 13 -46 19 ]
CSI_DATA,STA,E4:D1:24:F2:4F:00,-78,10,0,0,0,0,0,0,0,0,0,-97,0,1,0,44805378,0,389,0,0,45.1964,128,[-123 81 24 0 -11 -49 -11 -42 -15 -33 -10 -29 -7 -23 -6 -15 1 -6 6 -9 11 -6 14 -4 17 -6 27 -8 26 -9 24 -9 26 -11 23 -14 20 -10 16 -12 11 -9 10 -7 7 -4 6 0 5 2 1 2 2 4 0 0 0 0 0 0 0 0 0 0 0 0 0 0 0 0 0 0 0 0 0 0 7 9 4 7 1 5 -1 5 -5 2 -8 3 -13 0 -17 -2 -21 0 -21 0 -28 3 -30 2 -29 6 -29 7 -29 6 -28 6 -26 5 -18 1 -17 -4 -11 -10 -5 -14 -5 -22 -4 -30 -2 -38 -5 -45 -9 -55 ]
CSI_DATA,STA,E4:D1:24:F2:4F:00,-78,10,0,0,0,0,0,0,0,0,0,-97,0,1,0,44907779,0,389,0,0,45.2987,128,[-123 81 24 0 -37 33 -29 29 -26 29 -17 18 -14 13 -15 6 -12 0 -15 -4 -16 -10 -20 -8 -24 -9 -26 -7 -28 -5 -27 -1 -24 0 -25 2 -23 2 -19 5 -16 6 -10 5 -10 1 -5 -5 -4 -4 -3 -9 1 -7 0 0 0 0 0 0 0 0 0 0 0 0 0 0 0 0 0 0 0 0 0 0 11 1 8 1 6 4 2 4 0 8 -1 12 -3 13 -7 15 -7 22 -2 26 -6 21 0 28 -4 33 -1 31 -3 30 -3 30 -1 22 -4 21 -3 14 -7 13 -17 14 -25 7 -32 12 -38 13 -42 21 -48 20 ]
CSI_DATA,STA,E4:D1:24:F2:4F:00,-78,10,0,0,0,0,0,0,0,0,0,-97,0,1,0,45112583,0,389,0,0,45.5035,128,[-123 81 24 0 9 -35 8 -28 4 -32 4 -20 5 -17 5 -12 3 -4 4 -3 4 2 7 7 11 10 11 12 13 13 15 13 16 11 16 10 14 10 13 8 10 7 8 4 7 5 3 4 0 1 -2 0 -5 -1 0 0 0 0 0 0 0 0 0 0 0 0 0 0 0 0 0 0 0 0 0 0 8 6 5 4 2 5 0 1 -3 0 -8 -2 -7 -1 -11 -1 -14 -3 -14 -4 -19 -3 -20 -4 -20 -3 -23 -1 -21 -1 -19 1 -17 -3 -16 -2 -11 -2 -5 -5 1 -9 3 -13 10 -18 12 -20 14 -29 15 -33 ]
CSI_DATA,STA,E4:D1:24:F2:4F:00,-78,10,0,0,0,0,0,0,0,0,0,-97,0,1,0,45214985,0,389,0,0,45.6059,128,[-123 81 24 0 -45 -21 -35 -17 -31 -17 -23 -11 -10 -8 -3 -2 4 -1 12 -1 19 1 25 -4 30 -3 26 -6 30 -7 31 -8 27 -11 25 -8 22 -10 19 -7 15 -5 12 -6 7 -6 1 -2 -5 0 -7 0 -8 0 0 0 0 0 0 0 0 0 0 0 0 0 0 0 0 0 0 0 0 0 0 0 -1 -9 0 -4 0 -1 3 1 3 4 4 8 6 14 5 17 6 21 6 27 8 26 9 29 10 28 7 26 3 20 5 21 4 15 -2 13 -8 8 -12 -5 -17 -8 -24 -11 -29 -22 -36 -26 -39 -29 -50 -36 ]
CSI_DATA,STA,E4:D1:24:F2:4F:00,-81,10,0,0,0,0,0,0,0,0,0,-97,0,1,0,45317387,0,389,0,0,45.7083,128,[-123 81 24 0 9 -43 7 -32 6 -24 2 -18 -2 -8 2 3 -3 9 -3 14 -3 23 -4 25 -3 27 -1 27 0 30 -2 32 2 26 -1 24 0 21 1 18 1 11 0 6 4 7 5 -4 4 -3 6 -7 7 -15 0 0 0 0 0 0 0 0 0 0 0 0 0 0 0 0 0 0 0 0 0 0 0 -6 2 -4 5 2 -1 5 -1 10 -3 13 -1 14 -6 20 -6 20 -5 27 -11 21 -10 25 -9 25 -15 22 -12 21 -12 14 -8 11 -4 0 -8 -6 -1 -12 6 -21 2 -33 9 -40 13 -46 13 -49 10 -55 ]
CSI_DATA,STA,E4:D1:24:F2:4F:00,-80,10,0,0,0,0,0,0,0,0,0,-97,0,1,0,45522192,0,389,0,0,45.9131,128,[-123 81 24 0 -31 -33 -29 -26 -23 -21 -19 -16 -13 -9 -5 -8 2 -5 24 -9 17 11 12 5 18 -1 20 -1 23 -4 26 -6 22 -7 25 -8 19 -9 18 -7 18 -6 16 -5 11 -2 4 -2 -1 1 -3 3 -5 2 0 0 0 0 0 0 0 0 0 0 0 0 0 0 0 0 0 0 0 0 0 0 9 -5 4 -3 0 1 -1 1 -1 1 -4 4 -6 7 -5 11 -6 12 -13 16 -12 18 -12 19 -12 18 -13 19 -11 21 -6 21 -10 15 -9 8 -5 8 -6 -4 -3 -12 -10 -15 -7 -23 -16 -27 -21 -32 -23 -37 ]
CSI_DATA,STA,E4:D1:24:F2:4F:00,-78,10,0,0,0,0,0,0,0,0,0,-97,0,1,0,45624594,0,389,0,0,46.0155,128,[-123 81 24 0 -1 -50 -1 -42 -2 -37 -3 -26 -2 -17 4 -13 5 -3 9 6 14 11 17 17 22 15 22 15 27 15 25 18 26 18 24 13 22 11 19 9 16 10 12 6 6 1 6 4 -4 0 -9 2 -12 -2 0 0 0 0 0 0 0 0 0 0 0 0 0 0 0 0 0 0 0 0 0 0 8 3 4 0 0 0 -2 3 -6 3 -12 1 -14 5 -16 5 -19 5 -20 5 -25 7 -22 9 -25 12 -23 9 -23 14 -20 7 -19 5 -12 1 -10 -3 -6 -8 0 -15 2 -26 0 -32 7 -43 7 -51 6 -59 ]
CSI_DATA,STA,E4:D1:24:F2:4F:00,-77,10,0,0,0,0,0,0,0,0,0,-97,0,1,0,45726996,0,389,0,0,46.1179,128,[-123 81 24 0 12 -49 8 -41 6 -35 7 -23 2 -13 4 -5 3 4 5 10 10 12 10 19 12 24 16 26 17 24 17 27 16 25 15 23 14 21 11 16 9 14 7 9 3 2 2 3 -4 -2 -6 -4 -10 -9 0 0 0 0 0 0 0 0 0 0 0 0 0 0 0 0 0 0 0 0 0 0 7 -1 4 2 2 2 -2 0 -8 4 -9 5 -14 4 -19 9 -20 10 -20 11 -23 11 -22 13 -27 12 -23 12 -23 11 -22 7 -16 6 -10 2 -7 -2 0 -11 0 -17 9 -26 12 -36 14 -37 18 -47 17 -55 ]
CSI_DATA,STA,E4:D1:24:F2:4F:00,-78,10,0,0,0,0,0,0,0,0,0,-97,0,1,0,45829398,0,389,0,0,46.2204,128,[-123 81 24 0 29 41 26 32 14 24 10 19 5 10 -2 4 -10 -4 -15 -7 -20 -11 -26 -9 -32 -12 -33 -10 -32 -10 -32 -7 -28 -7 -29 -5 -25 -6 -21 0 -14 -1 -11 -1 -6 2 0 3 6 0 11 0 13 1 0 0 0 0 0 0 0 0 0 0 0 0 0 0 0 0 0 0 0 0 0 0 -4 4 -1 -2 -2 -3 2 -6 3 -12 3 -16 3 -18 4 -22 3 -24 4 -26 4 -25 4 -29 2 -31 5 -28 4 -23 5 -21 2 -14 5 -9 10 1 6 16 12 20 12 28 20 35 25 38 30 47 26 52 ]
CSI_DATA,STA,E4:D1:24:F2:4F:00,-80,10,0,0,0,0,0,0,0,0,0,-97,0,1,0,46034202,0,389,0,0,46.4251,128,[-123 81 24 0 -10 48 -2 37 -3 34 -5 22 -4 21 -2 17 -12 10 -13 4 -17 4 -24 7 -25 5 -24 8 -28 11 -25 10 -18 18 -21 16 -17 12 -13 10 -11 12 -7 6 -5 4 -7 -2 -6 -3 -5 -8 -4 -13 0 0 0 0 0 0 0 0 0 0 0 0 0 0 0 0 0 0 0 0 0 0 6 -4 5 0 3 1 5 0 6 5 3 8 7 8 7 11 11 15 9 19 13 21 13 19 15 20 18 20 22 19 16 19 14 17 12 14 4 14 -3 20 -4 19 -11 25 -17 33 -20 40 -18 44 -20 56 ]
CSI_DATA,STA,E4:D1:24:F2:4F:00,-79,10,0,0,0,0,0,0,0,0,0,-97,0,1,0,46136604,0,389,0,0,46.5274,128,[-123 81 24 0 -30 41 -22 39 -22 31 -17 24 -13 18 -9 12 -8 1 -7 -7 -5 -9 -7 -15 -9 -23 -10 -24 -15 -23 -18 -23 -18 -21 -17 -23 -17 -19 -16 -19 -14 -14 -13 -10 -7 -7 -4 -5 3 1 12 2 -6 4 0 0 0 0 0 0 0 0 0 0 0 0 0 0 0 0 0 0 0 0 0 0 -5 -8 -2 -9 -3 -5 -1 -2 1 0 5 3 8 10 6 1 14 9 19 9 23 8 21 8 27 8 25 6 30 9 28 6 21 5 19 7 10 7 0 10 -6 11 -11 18 -21 20 -24 25 -36 33 -38 38 ]
CSI_DATA,STA,E4:D1:24:F2:4F:00,-77,10,0,0,0,0,0,0,0,0,0,-97,0,1,0,46386799,0,125,0,0,46.7775,128,[125 -48 7 0 40 -2 36 -3 30 -6 24 -2 19 -2 13 3 10 6 8 9 13 13 12 15 15 16 15 17 17 15 20 13 18 12 19 11 17 6 14 6 12 3 9 2 6 4 7 5 1 7 -1 7 -6 11 0 0 0 0 0 0 0 0 0 0 0 0 0 0 0 0 0 0 0 0 0 0 -1 -9 1 -8 2 -7 6 -7 4 -7 10 -3 10 -5 11 -3 15 -7 18 -7 18 -10 17 -11 17 -12 19 -11 16 -14 14 -15 14 -9 18 -9 15 -7 17 -1 21 5 23 10 27 12 34 9 41 11 42 9 ]
CSI_DATA,STA,E4:D1:24:F2:4F:00,-77,10,0,0,0,0,0,0,0,0,0,-97,0,1,0,46443810,0,389,0,0,46.8346,128,[-123 81 24 0 -51 -17 -43 -9 -35 -9 -28 -7 -19 -9 -11 -7 -4 -12 -3 -15 3 -20 3 -23 7 -25 5 -27 0 -28 5 -29 0 -21 -1 -28 -5 -25 -4 -21 -6 -18 -3 -13 -1 -7 1 -5 6 -4 4 -1 9 1 0 0 0 0 0 0 0 0 0 0 0 0 0 0 0 0 0 0 0 0 0 0 9 4 7 6 5 7 -1 5 -2 5 -8 6 -8 10 -12 12 -15 14 -18 15 -17 17 -19 21 -20 24 -17 21 -17 23 -15 22 -14 15 -14 12 -12 7 -18 1 -20 -5 -24 -13 -27 -18 -34 -22 -42 -27 -48 -25 ]
CSI_DATA,STA,E4:D1:24:F2:4F:00,-77,10,0,0,0,0,0,0,0,0,0,-97,0,1,0,46546212,0,389,0,0,46.9371,128,[-123 81 24 0 21 -47 19 -44 11 -40 8 -32 10 -25 7 -18 6 -12 9 -8 15 -6 20 -4 20 -5 21 -1 23 -5 25 -7 22 -10 21 -9 20 -10 17 -11 15 -9 12 -8 7 -6 6 -3 5 0 5 5 1 5 0 0 0 0 0 0 0 0 0 0 0 0 0 0 0 0 0 0 0 0 0 0 -14 6 -12 4 -11 2 -7 1 -8 -5 -5 -8 -7 -9 -6 -15 -7 -17 -7 -21 -7 -27 -10 -27 -14 -31 -13 -28 -13 -30 -17 -27 -15 -24 -12 -22 -5 -21 -3 -22 7 -18 11 -23 19 -24 25 -26 26 -37 29 -42 ]
CSI_DATA,STA,E4:D1:24:F2:4F:00,-78,10,0,0,0,0,0,0,0,0,0,-97,0,1,0,46648614,0,389,0,0,47.0395,128,[-123 81 24 0 -53 2 -47 5 -39 4 -31 5 -27 4 -18 -2 -13 -6 -11 -10 -10 -12 -6 -17 -12 -20 -16 -22 -16 -26 -16 -24 -18 -20 -20 -19 -15 -17 -17 -14 -16 -9 -12 -9 -12 -8 -6 -7 -1 -5 3 -6 4 -6 0 0 0 0 0 0 0 0 0 0 0 0 0 0 0 0 0 0 0 0 0 0 11 8 7 8 6 7 4 8 -1 7 -5 7 -5 8 -11 10 -17 13 -15 13 -20 16 -18 20 -20 25 -20 26 -15 24 -12 24 -15 24 -13 19 -12 15 -19 8 -19 0 -23 -1 -30 -5 -41 -6 -42 -10 -51 -10 ]
CSI_DATA,STA,E4:D1:24:F2:4F:00,-80,10,0,0,0,0,0,0,0,0,0,-97,0,1,0,47263029,0,389,0,0,47.654,128,[-123 81 24 0 50 1 42 4 38 -4 24 -2 20 1 15 4 1 6 -1 10 -5 19 -5 16 -12 27 -10 26 -7 29 -6 28 -2 29 -4 29 0 27 -4 26 0 22 -2 16 -1 13 -1 3 -3 -2 -5 -5 -4 -12 0 0 0 0 0 0 0 0 0 0 0 0 0 0 0 0 0 0 0 0 0 0 -11 5 -8 2 -8 -1 -8 -4 -2 -5 -3 -13 -1 -16 -4 -20 1 -21 0 -29 -1 -29 -1 -30 -2 -33 0 -27 1 -28 2 -28 1 -21 2 -18 2 -9 15 -9 20 -1 22 4 35 7 41 13 49 13 49 10 ]
CSI_DATA,STA,E4:D1:24:F2:4F:00,-81,10,0,0,0,0,0,0,0,0,0,-97,0,1,0,47467833,0,389,0,0,47.8588,128,[-123 81 24 0 -35 -17 -28 -12 -19 -14 -14 -10 -4 -6 2 -17 4 -14 5 -19 10 -25 11 -28 9 -28 4 -26 2 -31 -1 -32 -3 -25 -2 -23 -7 -23 -4 -16 -6 -16 0 -5 0 -5 4 -5 3 3 8 10 12 9 0 0 0 0 0 0 0 0 0 0 0 0 0 0 0 0 0 0 0 0 0 0 2 8 -2 9 -6 9 -8 9 -10 8 -13 9 -16 10 -16 11 -16 14 -22 9 -22 13 -14 15 -16 20 -36 7 -24 7 -16 9 -12 3 -13 4 -13 -8 -19 -13 -14 -21 -29 -17 -28 -29 -32 -32 -38 -29 -44 -33 ]
CSI_DATA,STA,E4:D1:24:F2:4F:00,-81,10,0,0,0,0,0,0,0,0,0,-97,0,1,0,47570235,0,389,0,0,47.961,128,[-123 81 24 0 28 -31 23 -30 21 -26 14 -12 11 -8 9 -2 7 3 9 13 14 17 10 20 14 18 14 21 23 21 20 21 21 17 21 17 19 17 19 15 17 8 8 6 5 5 1 4 -3 2 -8 0 -20 8 0 0 0 0 0 0 0 0 0 0 0 0 0 0 0 0 0 0 0 0 0 0 -7 8 -6 3 -9 2 -7 -1 -9 -5 -10 -10 -10 -13 -13 -13 -12 -18 -14 -18 -12 -21 -16 -20 -13 -20 -13 -17 -12 -15 -16 -17 -8 -14 -5 -12 4 -10 8 -10 11 -15 20 -18 27 -22 34 -21 40 -25 41 -33 ]
CSI_DATA,STA,E4:D1:24:F2:4F:00,-80,10,0,0,0,0,0,0,0,0,0,-97,0,1,0,47672637,0,389,0,0,48.0634,128,[-123 81 24 0 -20 45 -15 32 -11 30 -10 18 -10 6 -13 6 -10 -2 -16 -10 -21 -9 -29 -10 -29 -10 -25 -11 -35 -9 -30 -5 -26 -4 -28 -2 -23 2 -24 -1 -14 1 -12 -4 -9 0 -6 -4 1 -7 5 -7 7 -12 0 0 0 0 0 0 0 0 0 0 0 0 0 0 0 0 0 0 0 0 0 0 10 -7 8 -7 8 -1 9 2 7 5 7 6 6 13 12 14 13 13 14 15 15 18 13 19 15 19 10 19 14 18 12 18 8 16 4 16 0 11 -5 18 -12 17 -17 30 -24 26 -28 32 -27 37 -32 47 ]
CSI_DATA,STA,E4:D1:24:F2:4F:00,-78,10,0,0,0,0,0,0,0,0,0,-97,0,1,0,47775039,0,389,0,0,48.166,128,[-123 81 24 0 -9 19 -16 24 -18 26 -16 29 -17 33 -16 33 -9 29 -11 30 -5 28 -8 22 -4 19 -5 16 -4 11 -5 5 -4 2 -6 -5 -11 -8 -12 -12 -17 -11 -16 -12 -19 -13 -20 -9 -16 -12 -17 -10 -12 -10 0 0 0 0 0 0 0 0 0 0 0 0 0 0 0 0 0 0 0 0 0 0 1 -13 2 -15 1 -11 1 -13 5 -15 3 -13 3 -12 5 -9 4 -7 4 -2 4 0 6 2 8 2 12 7 14 10 19 12 20 14 25 14 26 15 27 16 27 13 24 13 26 11 20 10 15 10 9 11 ]
CSI_DATA,STA,E4:D1:24:F2:4F:00,-78,10,0,0,0,0,0,0,0,0,0,-97,0,1,0,47979843,0,389,0,0,48.3708,128,[-123 81 24 0 23 -4 25 -4 32 -2 35 -4 35 -6 34 -7 30 -9 27 -10 22 -11 18 -9 12 -8 7 -6 10 -5 5 0 1 0 -5 6 -4 9 -7 12 -6 15 -8 16 -7 18 -5 19 -5 18 -4 17 -6 15 0 0 0 0 0 0 0 0 0 0 0 0 0 0 0 0 0 0 0 0 0 0 -4 14 -5 13 -7 14 -6 12 -6 15 -8 11 -8 11 -6 8 -7 5 -7 5 -6 -2 -5 -3 -7 -8 -7 -12 -7 -17 -12 -22 -12 -24 -12 -27 -14 -26 -16 -29 -17 -27 -14 -26 -13 -21 -9 -17 -5 -15 3 -14 ]
CSI_DATA,STA,E4:D1:24:F2:4F:00,-78,10,0,0,0,0,0,0,0,0,0,-97,0,1,0,48184647,0,389,0,0,48.5756,128,[-123 81 24 0 22 5 28 9 29 15 30 14 33 12 35 8 32 4 29 4 31 0 22 -2 16 -1 13 -1 9 0 3 4 1 4 -1 5 -5 11 -7 13 -8 15 -7 17 -9 19 -6 20 -7 21 -5 18 -4 15 0 0 0 0 0 0 0 0 0 0 0 0 0 0 0 0 0 0 0 0 0 0 -12 -2 -13 -1 -15 -2 -18 -5 -15 -2 -15 -4 -14 -7 -14 -5 -10 -4 -9 -6 -4 -6 -1 -7 -1 -10 3 -12 9 -17 8 -20 11 -25 10 -27 11 -29 11 -29 14 -34 11 -29 7 -28 10 -24 10 -16 12 -12 ]
CSI_DATA,STA,E4:D1:24:F2:4F:00,-77,10,0,0,0,0,0,0,0,0,0,-97,0,1,0,48287049,0,389,0,0,48.678,128,[-123 81 24 0 17 -10 24 -10 27 -14 30 -14 33 -14 30 -17 31 -18 23 -19 23 -19 19 -17 14 -15 12 -11 6 -7 6 -6 4 2 2 5 0 11 -2 12 1 17 3 22 0 21 1 18 1 21 -1 19 0 18 0 0 0 0 0 0 0 0 0 0 0 0 0 0 0 0 0 0 0 0 0 0 -1 14 -4 14 -4 16 -7 16 -6 13 -5 17 -6 12 -6 14 -2 8 -6 4 -7 0 -6 -1 -7 -10 -9 -13 -10 -16 -13 -21 -16 -25 -20 -27 -23 -29 -26 -30 -24 -26 -28 -28 -21 -25 -21 -23 -16 -20 -7 -16 ]
CSI_DATA,STA,E4:D1:24:F2:4F:00,-78,10,0,0,0,0,0,0,0,0,0,-97,0,1,0,48389451,0,389,0,0,48.7802,128,[-123 81 24 0 16 -22 17 -20 23 -22 22 -22 25 -28 20 -25 15 -23 15 -26 12 -23 8 -22 6 -16 4 -13 4 -9 2 -6 5 0 5 4 8 10 8 10 10 12 13 13 15 11 16 12 15 13 14 11 14 11 0 0 0 0 0 0 0 0 0 0 0 0 0 0 0 0 0 0 0 0 0 0 -8 9 -6 8 -11 11 -10 11 -10 11 -11 10 -11 11 -9 10 -11 5 -9 4 -9 1 -7 -2 -9 -7 -12 -12 -12 -16 -15 -19 -16 -22 -20 -27 -23 -24 -21 -26 -22 -26 -24 -25 -22 -24 -16 -19 -8 -19 -5 -17 ]
CSI_DATA,STA,E4:D1:24:F2:4F:00,-78,10,0,0,0,0,0,0,0,0,0,-97,0,1,0,48594256,0,389,0,0,48.9852,128,[-123 81 24 0 -29 -4 -28 -7 -33 -9 -32 -6 -32 -9 -33 -4 -34 -2 -32 -3 -28 0 -23 0 -18 1 -9 0 -9 -1 -5 -3 0 -2 8 -11 8 -11 7 -13 10 -15 12 -16 11 -18 9 -18 9 -17 8 -15 9 -15 0 0 0 0 0 0 0 0 0 0 0 0 0 0 0 0 0 0 0 0 0 0 11 -10 9 -11 12 -12 11 -9 12 -8 9 -9 11 -7 7 -6 6 -3 7 -3 5 3 -1 7 1 12 2 13 -1 16 -1 26 -3 28 -1 31 -2 32 1 32 2 32 4 31 2 30 0 22 -4 16 -6 12 ]
CSI_DATA,STA,E4:D1:24:F2:4F:00,-78,10,0,0,0,0,0,0,0,0,0,-97,0,1,0,48696658,0,389,0,0,49.0875,128,[-123 81 24 0 16 10 21 18 24 19 26 17 31 17 31 16 32 15 28 10 26 9 23 5 18 5 12 2 7 3 8 4 -2 6 -3 5 -7 6 -10 9 -14 11 -15 13 -16 13 -16 14 -17 14 -15 13 -15 10 0 0 0 0 0 0 0 0 0 0 0 0 0 0 0 0 0 0 0 0 0 0 -14 1 -14 2 -14 2 -16 0 -18 -1 -15 1 -16 -1 -15 0 -9 -2 -9 -2 -7 -2 -1 -5 1 -9 4 -13 7 -16 10 -22 13 -24 11 -28 12 -30 10 -33 11 -32 9 -30 12 -29 7 -25 7 -17 9 -10 ]
CSI_DATA,STA,E4:D1:24:F2:4F:00,-78,10,0,0,0,0,0,0,0,0,0,-97,0,1,0,49003864,0,389,0,0,49.3949,128,[-123 81 24 0 21 -7 24 -1 27 -5 30 -5 31 -5 34 -6 31 -9 26 -11 26 -10 21 -13 18 -9 15 -10 12 -6 9 -3 8 0 4 3 3 7 6 12 4 14 6 15 6 14 8 16 10 15 10 14 6 13 0 0 0 0 0 0 0 0 0 0 0 0 0 0 0 0 0 0 0 0 0 0 -11 -3 -14 -1 -15 -5 -15 -6 -17 -5 -16 -7 -15 -2 -13 -2 -12 -2 -11 -4 -6 -6 -6 -7 0 -10 1 -13 4 -16 6 -19 5 -27 9 -27 9 -29 2 -29 -4 -33 6 -31 3 -30 1 -28 2 -26 4 -22 ]
CSI_DATA,STA,E4:D1:24:F2:4F:00,-77,10,0,0,0,0,0,0,0,0,0,-97,0,1,0,49106266,0,389,0,0,49.497,128,[-123 81 24 0 13 -13 22 -12 26 -14 28 -16 26 -16 30 -20 27 -21 23 -19 19 -20 14 -18 12 -16 9 -13 8 -9 8 -4 5 1 3 5 5 7 7 12 10 13 7 15 11 14 8 16 12 16 11 14 10 14 0 0 0 0 0 0 0 0 0 0 0 0 0 0 0 0 0 0 0 0 0 0 -8 8 -9 6 -12 11 -11 8 -14 8 -13 12 -11 11 -11 8 -11 9 -9 4 -5 2 -6 -4 -6 -6 -4 -11 -6 -17 -8 -21 -10 -26 -14 -30 -16 -31 -15 -31 -19 -32 -17 -31 -19 -31 -15 -28 -9 -22 -3 -17 ]
CSI_DATA,STA,E4:D1:24:F2:4F:00,-78,10,0,0,0,0,0,0,0,0,0,-97,0,1,0,49208668,0,389,0,0,49.5995,128,[-123 81 24 0 -20 7 -22 6 -26 1 -31 6 -31 7 -31 7 -28 6 -27 11 -25 12 -18 12 -16 11 -15 7 -6 6 -7 -1 -4 -4 -3 -5 -1 -9 -2 -12 -4 -16 -4 -18 -2 -20 -5 -19 -3 -20 -1 -18 -1 -15 0 0 0 0 0 0 0 0 0 0 0 0 0 0 0 0 0 0 0 0 0 0 9 -9 11 -11 13 -9 14 -9 12 -11 11 -9 13 -9 10 -6 10 -5 7 -4 5 1 5 6 6 9 1 12 3 15 3 18 2 25 3 27 5 32 9 32 8 32 12 28 13 27 14 30 0 19 -1 21 ]
CSI_DATA,STA,E4:D1:24:F2:4F:00,-78,10,0,0,0,0,0,0,0,0,0,-97,0,1,0,49413472,0,389,0,0,49.8044,128,[-123 81 24 0 6 -22 12 -27 14 -27 14 -33 12 -33 8 -33 4 -29 4 -28 2 -29 -3 -23 0 -20 0 -14 3 -11 6 -8 5 -4 9 -1 13 5 13 1 17 2 15 5 18 2 17 4 18 0 18 0 17 1 0 0 0 0 0 0 0 0 0 0 0 0 0 0 0 0 0 0 0 0 0 0 -4 12 -8 12 -9 11 -10 13 -7 13 -8 14 -7 11 -8 10 -6 6 -4 2 -8 4 -6 -3 -10 -5 -11 -8 -15 -15 -19 -14 -21 -14 -24 -21 -26 -20 -29 -20 -28 -17 -29 -20 -24 -16 -25 -15 -17 -11 -13 -16 ]
CSI_DATA,STA,E4:D1:24:F2:4F:00,-76,10,0,0,0,0,0,0,0,0,0,-97,0,1,0,49823081,0,389,0,0,50.2141,128,[-123 81 24 0 10 0 15 4 17 8 20 9 21 9 22 7 23 7 22 5 22 2 18 3 14 1 12 2 7 3 4 2 2 2 -1 3 -1 6 -4 6 -6 6 -6 9 -9 10 -7 10 -9 9 -7 10 -7 9 0 0 0 0 0 0 0 0 0 0 0 0 0 0 0 0 0 0 0 0 0 0 -10 2 -11 1 -12 1 -12 0 -12 2 -12 2 -11 2 -8 1 -8 2 -7 1 -4 0 -3 -2 -2 -4 1 -7 0 -10 3 -14 6 -18 8 -20 7 -22 6 -24 5 -26 3 -27 1 -25 3 -22 3 -17 4 -15 ]
CSI_DATA,STA,E4:D1:24:F2:4F:00,-76,10,0,0,0,0,0,0,0,0,0,-97,0,1,0,49925484,0,389,0,0,50.3162,128,[-123 81 24 0 15 -5 17 2 20 7 25 5 28 6 27 7 31 5 30 1 25 -3 24 -4 21 -1 17 -5 14 -3 9 2 7 4 3 4 1 9 -1 9 1 12 -3 13 -3 14 0 19 -2 16 0 15 0 18 0 0 0 0 0 0 0 0 0 0 0 0 0 0 0 0 0 0 0 0 0 0 -8 -6 -9 -6 -11 -10 -14 -6 -16 -6 -15 -5 -11 -6 -15 -7 -12 -5 -12 -5 -5 -3 -2 -5 0 -6 8 -5 6 -8 9 -12 11 -18 13 -22 13 -28 13 -31 13 -30 11 -31 7 -29 9 -30 2 -28 17 -19 ]
CSI_DATA,STA,E4:D1:24:F2:4F:00,-77,10,0,0,0,0,0,0,0,0,0,-97,0,1,0,50130288,0,389,0,0,50.5212,128,[-123 81 24 0 10 13 8 18 9 22 11 24 10 27 15 27 10 26 19 24 15 23 16 21 13 16 13 13 7 12 4 9 3 8 -3 8 -5 9 -8 7 -10 10 -12 10 -13 11 -12 12 -12 11 -14 12 -13 10 0 0 0 0 0 0 0 0 0 0 0 0 0 0 0 0 0 0 0 0 0 0 -13 -7 1 -11 -2 -22 -2 -19 -1 -16 -1 -17 -4 -18 -1 -14 -2 -15 1 -12 -1 -10 2 -4 4 -4 8 -2 13 1 18 0 23 2 30 2 34 0 32 -5 36 -6 36 -9 33 -7 30 -7 28 -7 23 -4 ]
CSI_DATA,STA,E4:D1:24:F2:4F:00,-76,10,0,0,0,0,0,0,0,0,0,-97,0,1,0,50232690,0,389,0,0,50.6236,128,[-123 81 24 0 22 -8 23 -2 27 -3 30 -4 31 -5 33 -4 30 -6 29 -9 26 -10 24 -11 21 -9 15 -10 9 -4 10 -1 10 1 7 3 5 9 6 12 6 14 4 13 9 19 5 15 6 16 6 17 5 12 0 0 0 0 0 0 0 0 0 0 0 0 0 0 0 0 0 0 0 0 0 0 -13 -2 -15 -1 -16 -7 -15 -7 -16 -5 -16 -3 -15 -6 -14 -3 -13 -2 -11 -3 -9 -6 -1 -6 -3 -10 4 -13 6 -17 7 -18 7 -25 9 -28 8 -33 8 -34 5 -35 2 -36 1 -36 3 -31 2 -27 6 -22 ]
CSI_DATA,STA,E4:D1:24:F2:4F:00,-77,10,0,0,0,0,0,0,0,0,0,-97,0,1,0,50335092,0,389,0,0,50.726,128,[-123 81 24 0 11 12 11 21 11 25 16 28 15 28 18 26 17 25 20 24 18 18 17 16 13 16 12 10 7 8 3 7 -2 7 -4 6 -6 9 -12 6 -11 8 -15 8 -15 7 -15 9 -17 8 -16 8 -17 9 0 0 0 0 0 0 0 0 0 0 0 0 0 0 0 0 0 0 0 0 0 0 -11 -9 -12 -12 -12 -12 -12 -13 -12 -13 -12 -14 -11 -11 -9 -11 -9 -8 -4 -8 -1 -8 3 -6 8 -3 10 -6 13 -3 22 -8 27 -11 27 -10 29 -14 30 -17 29 -21 29 -21 24 -19 25 -18 21 -11 18 -9 ]
CSI_DATA,STA,E4:D1:24:F2:4F:00,-78,10,0,0,0,0,0,0,0,0,0,-97,0,1,0,50437494,0,389,0,0,50.8284,128,[-123 81 24 0 -18 -4 -19 -14 -23 -17 -22 -20 -25 -20 -31 -14 -27 -15 -27 -13 -25 -10 -25 -12 -20 -7 -16 -7 -13 -8 -11 -5 -6 -4 1 -7 4 -7 5 -9 6 -10 10 -12 10 -14 9 -13 12 -13 11 -16 11 -11 0 0 0 0 0 0 0 0 0 0 0 0 0 0 0 0 0 0 0 0 0 0 10 2 14 3 14 5 16 7 16 4 14 6 13 3 14 4 12 2 10 0 4 0 0 2 -5 7 -8 8 -10 11 -14 14 -14 17 -19 19 -19 23 -24 29 -18 30 -18 32 -17 30 -16 29 -15 20 -12 17 ]
CSI_DATA,STA,E4:D1:24:F2:4F:00,-78,10,0,0,0,0,0,0,0,0,0,-97,0,1,0,50539896,0,389,0,0,50.9308,128,[-123 81 24 0 -16 -4 -18 -9 -22 -13 -24 -18 -28 -15 -32 -17 -28 -13 -28 -13 -27 -7 -27 -5 -23 -5 -18 -6 -15 -4 -10 -4 -1 -1 1 -2 2 -9 9 -10 8 -12 11 -12 13 -12 11 -16 12 -17 12 -13 13 -12 0 0 0 0 0 0 0 0 0 0 0 0 0 0 0 0 0 0 0 0 0 0 12 0 11 0 15 2 14 0 15 1 14 0 13 0 13 -2 12 -1 9 1 8 2 2 2 1 3 -3 7 -8 12 -9 17 -9 21 -16 22 -11 27 -15 32 -15 32 -13 31 -9 31 -11 28 -11 24 -9 15 ]
CSI_DATA,STA,E4:D1:24:F2:4F:00,-77,10,0,0,0,0,0,0,0,0,0,-97,0,1,0,50642321,0,389,0,0,51.0331,128,[-123 81 24 0 10 -10 18 -3 26 -9 29 -7 28 -6 34 -13 27 -12 28 -15 24 -14 18 -14 18 -12 13 -11 8 -9 7 -1 5 -2 1 2 4 6 3 10 3 11 2 13 5 17 5 16 4 15 4 16 4 13 0 0 0 0 0 0 0 0 0 0 0 0 0 0 0 0 0 0 0 0 0 0 -11 8 -11 8 -16 7 -16 6 -15 10 -14 8 -12 9 -12 7 -10 9 -9 6 -8 3 -4 -1 -4 -4 1 -9 0 -15 4 -30 -13 -28 -18 -15 -14 -28 -12 -33 -11 -35 -12 -34 -12 -33 -10 -27 -10 -24 -5 -37 ]
CSI_DATA,STA,E4:D1:24:F2:4F:00,-78,10,0,0,0,0,0,0,0,0,0,-97,0,1,0,50744700,0,389,0,0,51.1355,128,[-123 81 24 0 3 -19 8 -21 8 -24 12 -29 12 -29 10 -29 10 -30 0 -34 -1 -30 7 -23 3 -21 2 -14 1 -14 -1 -8 2 -4 5 1 6 1 9 7 11 4 12 8 16 7 14 8 16 9 16 5 12 8 0 0 0 0 0 0 0 0 0 0 0 0 0 0 0 0 0 0 0 0 0 0 3 11 3 12 0 15 0 14 2 15 4 15 2 15 4 13 3 11 1 9 -4 9 -3 7 -6 1 -13 -5 -11 -6 -22 -9 -22 -8 -28 -11 -34 -9 -33 -10 -37 -9 -33 -8 -32 -8 -31 -6 -25 -5 -18 -6 ]
CSI_DATA,STA,E4:D1:24:F2:4F:00,-80,10,0,0,0,0,0,0,0,0,0,-97,0,1,0,50949504,0,389,0,0,51.3405,128,[-123 81 24 0 -5 21 -10 24 -10 29 -11 28 -11 35 -9 33 -7 33 -4 33 -1 27 -3 24 1 18 1 15 -6 6 -3 5 -4 -1 -6 -1 -8 -3 -9 -7 -13 -10 -16 -10 -17 -10 -19 -10 -18 -11 -16 -10 -13 -10 0 0 0 0 0 0 0 0 0 0 0 0 0 0 0 0 0 0 0 0 0 0 -6 -11 -7 -15 -5 -15 -5 -16 -5 -16 -7 -16 -6 -15 -6 -12 -6 -11 -2 -12 -3 -6 4 -2 12 -1 14 3 19 2 23 3 26 6 31 7 37 6 37 5 38 0 33 1 32 5 29 2 23 5 16 5 ]
CSI_DATA,STA,E4:D1:24:F2:4F:00,-78,10,0,0,0,0,0,0,0,0,0,-97,0,1,0,51051906,0,389,0,0,51.4429,128,[-123 81 24 0 -16 -15 -18 -16 -20 -20 -28 -21 -27 -21 -32 -23 -29 -17 -30 -11 -25 -10 -22 -8 -18 -5 -16 -3 -7 -3 -6 -3 2 -2 3 -6 6 -8 6 -7 11 -11 11 -9 16 -13 16 -13 14 -12 14 -12 13 -11 0 0 0 0 0 0 0 0 0 0 0 0 0 0 0 0 0 0 0 0 0 0 14 -2 14 0 13 1 15 2 13 -2 12 0 15 -2 12 1 10 -2 6 1 4 1 1 4 -7 10 6 4 -12 40 -11 14 -19 14 -14 25 -14 30 -20 31 -13 31 -13 31 -12 25 -11 22 -8 17 -7 14 ]
CSI_DATA,STA,E4:D1:24:F2:4F:00,-79,10,0,0,0,0,0,0,0,0,0,-97,0,1,0,51256710,0,389,0,0,51.6476,128,[-123 81 24 0 5 21 7 21 9 30 13 31 12 35 16 29 16 28 14 24 13 22 14 17 10 15 7 10 3 10 1 6 -3 4 -10 5 -9 2 -11 2 -16 4 -17 5 -21 7 -20 4 -17 7 -16 6 -13 4 0 0 0 0 0 0 0 0 0 0 0 0 0 0 0 0 0 0 0 0 0 0 -10 -10 -8 -13 -10 -12 -8 -12 -9 -13 -9 -13 -12 -12 -8 -12 -9 -8 -6 -6 -2 -6 0 -4 6 -5 9 -5 18 -4 23 -6 26 -7 28 -7 29 -5 30 -15 24 -13 32 -21 28 -12 23 -11 21 -8 16 -2 ]
CSI_DATA,STA,E4:D1:24:F2:4F:00,-78,10,0,0,0,0,0,0,0,0,0,-97,0,1,0,51359112,0,389,0,0,51.7499,128,[-123 81 24 0 13 22 14 28 17 24 19 28 22 26 21 24 24 24 21 21 19 15 17 13 14 10 13 8 5 6 0 5 -2 6 -6 5 -11 9 -13 10 -14 9 -16 9 -14 15 -15 12 -16 12 -13 12 -14 9 0 0 0 0 0 0 0 0 0 0 0 0 0 0 0 0 0 0 0 0 0 0 -8 -11 -10 -12 -8 -11 -10 -10 -9 -12 -9 -13 -9 -10 -8 -11 -7 -7 -2 -6 1 -5 4 -6 8 -8 12 -7 16 -7 19 -9 24 -12 28 -14 28 -13 31 -15 27 -22 28 -19 24 -17 21 -16 16 -7 18 -3 ]
CSI_DATA,STA,E4:D1:24:F2:4F:00,-78,10,0,0,0,0,0,0,0,0,0,-97,0,1,0,51461515,0,389,0,0,51.8523,128,[-123 81 24 0 -27 4 -33 -2 -37 0 -37 -1 -39 2 -36 4 -38 7 -32 5 -29 7 -27 6 -18 5 -13 3 -10 1 -4 -5 -2 -5 3 -9 5 -12 3 -15 6 -17 7 -21 6 -24 4 -25 5 -23 6 -17 3 -16 0 0 0 0 0 0 0 0 0 0 0 0 0 0 0 0 0 0 0 0 0 0 8 -9 9 -10 7 -11 11 -12 13 -12 11 -8 11 -8 7 -12 6 -5 7 -4 6 -1 3 2 3 9 2 16 1 16 3 22 5 27 6 31 7 32 3 34 9 33 9 30 9 31 6 25 -1 18 -5 14 ]
CSI_DATA,STA,E4:D1:24:F2:4F:00,-77,10,0,0,0,0,0,0,0,0,0,-97,0,1,0,51563917,0,389,0,0,51.9549,128,[-123 81 24 0 -14 -18 -19 -23 -21 -25 -22 -26 -22 -24 -26 -22 -23 -18 -23 -18 -23 -15 -20 -13 -16 -10 -12 -5 -8 -5 -3 -4 2 -3 6 -2 8 -4 11 -7 16 -7 15 -8 18 -10 9 -12 15 -9 14 -7 15 -8 0 0 0 0 0 0 0 0 0 0 0 0 0 0 0 0 0 0 0 0 0 0 15 -3 14 0 16 0 16 -2 15 0 12 -2 14 0 9 1 9 2 5 2 1 4 -3 7 -5 8 -10 11 -14 13 -16 18 -16 19 -18 23 -18 28 -17 26 -16 25 -12 26 -16 22 -14 19 -12 14 -12 5 ]
CSI_DATA,STA,E4:D1:24:F2:4F:00,-78,10,0,0,0,0,0,0,0,0,0,-97,0,1,0,51666319,0,389,0,0,52.0572,128,[-123 81 24 0 -17 18 -22 21 -24 21 -25 22 -25 25 -24 31 -20 29 -19 24 -15 25 -14 22 -11 17 -6 12 -5 5 -4 2 -1 -4 -4 -8 -2 -12 -4 -14 -3 -17 -4 -21 -1 -21 -4 -22 -4 -23 -5 -19 -5 -19 0 0 0 0 0 0 0 0 0 0 0 0 0 0 0 0 0 0 0 0 0 0 -10 -12 -8 -13 -10 -16 -8 -17 -7 -16 -8 -17 -6 -14 -6 -12 -3 -10 -3 -6 0 -5 7 -1 8 3 11 6 17 9 22 10 24 6 32 11 34 13 36 11 32 11 34 9 30 9 24 6 21 8 9 9 ]
CSI_DATA,STA,E4:D1:24:F2:4F:00,-77,10,0,0,0,0,0,0,0,0,0,-97,0,1,0,51768721,0,389,0,0,52.1596,128,[-123 81 24 0 1 -20 8 -27 9 -33 8 -33 10 -38 7 -38 5 -38 2 -36 2 -32 -1 -29 -1 -21 -1 -15 0 -12 1 -8 2 -3 5 1 7 7 9 9 12 13 15 14 15 15 18 13 19 14 14 15 15 12 0 0 0 0 0 0 0 0 0 0 0 0 0 0 0 0 0 0 0 0 0 0 7 8 9 8 9 10 7 11 8 12 9 12 8 11 7 11 3 8 2 6 0 5 -5 1 -8 0 -13 0 -17 0 -22 -3 -29 4 -32 -4 -35 1 -36 0 -36 2 -34 8 -34 4 -29 1 -24 -2 -19 -6 ]
CSI_DATA,STA,E4:D1:24:F2:4F:00,-78,10,0,0,0,0,0,0,0,0,0,-97,0,1,0,51871123,0,389,0,0,52.2621,128,[-123 81 24 0 -22 -2 -27 -3 -28 -9 -31 -7 -30 -5 -32 -4 -32 -3 -29 0 -26 0 -24 0 -22 2 -15 1 -15 1 -7 -2 -7 -3 -1 -7 1 -10 1 -13 -1 -16 1 -19 0 -18 -1 -19 -1 -21 -2 -17 0 -12 0 0 0 0 0 0 0 0 0 0 0 0 0 0 0 0 0 0 0 0 0 0 10 3 12 4 14 5 14 5 15 7 15 5 15 7 13 3 8 4 6 4 5 2 0 7 -4 6 -8 14 -9 14 -13 15 -13 19 -15 23 -15 30 -15 26 -14 30 -10 31 -10 29 -9 26 -13 20 -12 14 ]
CSI_DATA,STA,E4:D1:24:F2:4F:00,-77,10,0,0,0,0,0,0,0,0,0,-97,0,1,0,51973525,0,389,0,0,52.3644,128,[-123 81 24 0 -8 -23 -8 -29 -7 -30 -5 -33 -10 -33 -13 -36 -15 -32 -14 -30 -14 -25 -14 -20 -10 -17 -10 -11 -6 -9 -2 -3 0 -3 6 -1 9 -1 12 -1 17 2 20 1 20 1 19 1 20 3 19 0 17 0 0 0 0 0 0 0 0 0 0 0 0 0 0 0 0 0 0 0 0 0 0 0 8 6 9 7 10 10 8 10 9 8 6 9 6 8 4 8 6 6 -1 5 -3 8 -5 1 -7 2 -11 4 -17 5 -21 7 -25 8 -27 8 -30 10 -28 16 -30 13 -27 15 -26 13 -22 8 -19 6 -14 0 ]
CSI_DATA,STA,E4:D1:24:F2:4F:00,-78,10,0,0,0,0,0,0,0,0,0,-97,0,1,0,52075927,0,389,0,0,52.4668,128,[-123 81 24 0 -21 -10 -25 -17 -27 -18 -27 -19 -32 -19 -32 -18 -31 -13 -32 -12 -28 -6 -25 -9 -20 -6 -19 -2 -12 -4 -6 -3 -1 -4 3 -6 6 -8 10 -10 10 -12 12 -14 15 -14 15 -15 16 -14 16 -11 12 -11 0 0 0 0 0 0 0 0 0 0 0 0 0 0 0 0 0 0 0 0 0 0 10 -5 11 -2 13 -4 14 -2 14 -6 14 -5 12 -2 11 -3 6 0 5 3 0 4 0 5 -5 6 -5 11 -8 18 -9 21 -12 23 -12 26 -11 29 -12 32 -10 32 -12 31 -8 29 -8 23 -8 17 -9 12 ]
CSI_DATA,STA,E4:D1:24:F2:4F:00,-77,10,0,0,0,0,0,0,0,0,0,-97,0,1,0,52178329,0,389,0,0,52.5691,128,[-123 81 24 0 -16 -17 -22 -18 -22 -22 -24 -29 -28 -24 -28 -24 -28 -24 -29 -21 -29 -18 -22 -13 -20 -9 -16 -8 -9 -5 -5 -2 -2 -3 5 -5 10 -6 12 -8 17 -9 16 -10 19 -12 18 -12 22 -13 19 -11 19 -10 0 0 0 0 0 0 0 0 0 0 0 0 0 0 0 0 0 0 0 0 0 0 16 -1 15 1 14 -1 17 -2 18 1 19 1 16 2 15 3 9 2 8 3 4 6 -2 6 -3 8 -10 12 -12 16 -17 19 -19 24 -22 25 -21 29 -22 32 -21 31 -19 31 -17 29 -17 27 -14 19 -12 11 ]
CSI_DATA,STA,E4:D1:24:F2:4F:00,-77,10,0,0,0,0,0,0,0,0,0,-97,0,1,0,52280731,0,389,0,0,52.6716,128,[-123 81 24 0 -19 19 -19 20 -27 23 -27 25 -24 25 -23 27 -22 27 -18 31 -13 28 -12 25 -8 18 -9 16 -6 8 -6 7 -5 1 -9 -2 -9 -6 -13 -10 -18 -10 -19 -10 -19 -11 -21 -9 -21 -6 -20 -8 -16 -7 0 0 0 0 0 0 0 0 0 0 0 0 0 0 0 0 0 0 0 0 0 0 10 -9 11 -1 15 -4 13 -4 15 -7 17 -7 14 -6 14 -6 11 -1 7 -1 8 0 8 6 8 10 3 12 5 20 5 22 7 29 10 26 12 31 10 32 13 36 14 30 12 26 11 26 13 22 0 22 ]
CSI_DATA,STA,E4:D1:24:F2:4F:00,-77,10,0,0,0,0,0,0,0,0,0,-97,0,1,0,52485535,0,389,0,0,52.8764,128,[-123 81 24 0 -12 8 -21 6 -25 9 -27 11 -30 10 -29 11 -30 14 -27 15 -23 14 -21 15 -15 12 -12 10 -8 7 -7 3 -3 -2 -2 -3 -2 -9 -1 -12 1 -15 1 -17 1 -19 -2 -21 -2 -18 -4 -18 -1 -17 0 0 0 0 0 0 0 0 0 0 0 0 0 0 0 0 0 0 0 0 0 0 -10 -14 1 -14 5 -15 4 -18 5 -16 3 -18 5 -15 6 -14 2 -10 2 -9 2 -6 6 0 7 3 5 8 9 13 13 17 12 21 16 24 18 27 20 28 20 28 23 25 20 21 17 20 15 16 11 15 ]
CSI_DATA,STA,E4:D1:24:F2:4F:00,-77,10,0,0,0,0,0,0,0,0,0,-97,0,1,0,52587937,0,389,0,0,52.9788,128,[-123 81 24 0 12 -14 18 -15 22 -18 27 -19 28 -21 27 -23 24 -25 22 -25 18 -21 13 -19 12 -17 7 -13 5 -8 1 -3 2 1 7 5 2 6 4 10 6 15 4 17 7 16 7 17 6 17 5 16 5 16 0 0 0 0 0 0 0 0 0 0 0 0 0 0 0 0 0 0 0 0 0 0 0 13 -2 15 -2 17 -1 16 -2 17 -3 17 -2 17 -1 14 -3 12 -2 10 -4 3 -7 -2 -7 -1 -9 -7 -14 -15 -20 -17 -21 -21 -25 -21 -27 -20 -30 -23 -30 -22 -29 -21 -26 -23 -25 -20 -22 -17 -14 -13 ]
CSI_DATA,STA,E4:D1:24:F2:4F:00,-76,10,0,0,0,0,0,0,0,0,0,-97,0,1,0,52690339,0,389,0,0,53.0813,128,[-123 81 24 0 -5 -19 -3 -26 1 -28 3 -36 -1 -39 -1 -37 -9 -34 -6 -32 -6 -29 -7 -24 -11 -20 -2 -15 -5 -12 -3 -6 1 -4 8 -1 8 0 9 1 15 2 17 0 17 1 19 1 21 0 17 -3 17 -2 0 0 0 0 0 0 0 0 0 0 0 0 0 0 0 0 0 0 0 0 0 0 5 11 7 14 7 18 9 18 6 14 7 18 3 14 4 14 1 11 3 13 1 13 -8 6 -9 6 -15 4 -15 0 -26 -3 -30 -3 -34 -3 -37 -3 -40 2 -36 4 -37 6 -35 2 -33 2 -26 3 -20 -5 ]
CSI_DATA,STA,E4:D1:24:F2:4F:00,-77,10,0,0,0,0,0,0,0,0,0,-97,0,1,0,52792741,0,389,0,0,53.1836,128,[-123 81 24 0 -11 -19 -10 -26 -10 -33 -10 -33 -9 -36 -11 -35 -13 -33 -14 -29 -16 -27 -12 -23 -13 -17 -9 -11 -7 -10 -2 -10 -1 -6 7 -4 8 -3 14 -1 14 -2 16 -1 21 -5 21 -2 18 -3 18 -3 16 -1 0 0 0 0 0 0 0 0 0 0 0 0 0 0 0 0 0 0 0 0 0 0 10 9 10 9 11 9 12 10 12 12 13 10 12 9 8 8 9 9 5 6 2 4 -2 4 -5 5 -14 2 -16 3 -22 6 -27 8 -29 10 -29 10 -33 14 -37 15 -32 20 -32 19 -27 17 -26 10 -19 8 ]
CSI_DATA,STA,E4:D1:24:F2:4F:00,-76,10,0,0,0,0,0,0,0,0,0,-97,0,1,0,52895144,0,389,0,0,53.2859,128,[-123 81 24 0 -15 12 -18 12 -20 19 -22 20 -22 22 -23 23 -22 24 -17 23 -14 22 -11 20 -8 19 -6 14 -6 9 -3 3 -3 1 -4 -4 -5 -5 -4 -10 -7 -12 -8 -14 -9 -16 -11 -15 -10 -15 -12 -15 -9 -12 0 0 0 0 0 0 0 0 0 0 0 0 0 0 0 0 0 0 0 0 0 0 -1 -13 1 -12 1 -13 -1 -15 1 -15 1 -15 0 -14 1 -14 1 -12 2 -9 1 -3 3 -4 6 3 8 6 11 7 13 11 19 15 21 17 22 16 26 18 28 17 29 17 27 17 24 13 22 12 -3 6 ]
CSI_DATA,STA,E4:D1:24:F2:4F:00,-76,10,0,0,0,0,0,0,0,0,0,-97,0,1,0,52997546,0,389,0,0,53.3884,128,[-123 81 24 0 7 11 8 16 8 23 9 24 13 25 18 27 17 25 20 22 20 18 18 16 17 9 13 7 10 7 23 -1 4 20 -20 -9 3 3 -8 1 -11 2 -13 3 -17 4 -16 3 -17 5 -17 6 -16 4 0 0 0 0 0 0 0 0 0 0 0 0 0 0 0 0 0 0 0 0 0 0 -9 0 -13 -4 -14 -4 -13 -7 -14 -2 -16 -5 -14 -6 -14 0 -13 -1 -12 -2 -10 2 -8 -4 -1 -3 7 -7 11 -7 13 -14 18 -14 20 -14 22 -21 24 -25 27 -28 23 -27 22 -27 15 -27 14 -20 12 -19 ]
CSI_DATA,STA,E4:D1:24:F2:4F:00,-76,10,0,0,0,0,0,0,0,0,0,-97,0,1,0,53099948,0,389,0,0,53.4909,128,[-123 81 24 0 -3 14 -10 16 -13 21 -15 21 -16 24 -16 27 -16 27 -14 28 -11 26 -11 23 -7 19 -5 17 -4 10 -5 8 -6 3 -3 0 -6 -4 -8 -7 -7 -10 -11 -12 -10 -13 -11 -13 -12 -14 -10 -14 -10 -14 0 0 0 0 0 0 0 0 0 0 0 0 0 0 0 0 0 0 0 0 0 0 -3 -10 -6 -12 -6 -15 -6 -13 -6 -16 -5 -17 -6 -14 -7 -16 -6 -13 -5 -9 -2 -7 1 -7 6 -2 7 0 13 3 20 5 22 6 28 9 30 9 34 10 37 7 36 8 32 5 30 6 26 4 21 5 ]
CSI_DATA,STA,E4:D1:24:F2:4F:00,-77,10,0,0,0,0,0,0,0,0,0,-97,0,1,0,53202350,0,389,0,0,53.5933,128,[-123 81 24 0 17 2 21 9 24 15 26 18 28 19 29 14 30 17 29 13 28 10 23 7 20 6 20 3 11 2 9 4 7 4 0 9 -7 16 16 -1 -8 4 -8 12 -13 12 -13 12 -12 12 -13 11 -10 10 0 0 0 0 0 0 0 0 0 0 0 0 0 0 0 0 0 0 0 0 0 0 -12 -2 -12 0 -14 -2 -15 -1 -14 0 -17 1 -15 -1 -13 -1 -12 -1 -10 -3 -7 -2 -4 -3 0 -7 3 -11 6 -15 6 -20 11 -22 15 -28 16 -32 12 -33 17 -34 14 -36 11 -34 13 -29 12 -24 11 -17 ]
CSI_DATA,STA,E4:D1:24:F2:4F:00,-77,10,0,0,0,0,0,0,0,0,0,-97,0,1,0,53407154,0,389,0,0,53.7981,128,[-123 81 24 0 -18 -1 -25 -6 -28 -6 -32 -6 -32 -8 -32 -3 -35 -3 -35 -7 -32 -7 -28 3 -22 4 -16 3 -13 2 -9 -2 -5 -3 -2 -5 0 -7 2 -13 6 -16 7 -15 6 -17 5 -19 3 -19 4 -19 3 -16 0 0 0 0 0 0 0 0 0 0 0 0 0 0 0 0 0 0 0 0 0 0 10 -3 12 -3 13 -3 11 -3 14 -2 15 -3 14 -2 13 -3 11 -2 9 -2 5 0 4 1 2 5 -4 13 -5 15 -3 22 -5 24 -6 27 -5 31 -3 34 -4 34 -4 35 -3 31 -2 28 -5 25 -5 16 ]
CSI_DATA,STA,E4:D1:24:F2:4F:00,-75,10,0,0,0,0,0,0,0,0,0,-97,0,1,0,53509556,0,389,0,0,53.9005,128,[-123 81 24 0 -18 12 -25 13 -27 15 -29 16 -26 18 -26 21 -22 21 -23 20 -20 19 -15 19 -12 14 -9 13 -7 9 -4 3 -6 -3 -7 -3 -7 -8 -9 -10 -11 -13 -13 -12 -15 -14 -15 -12 -16 -10 -13 -12 -12 -13 0 0 0 0 0 0 0 0 0 0 0 0 0 0 0 0 0 0 0 0 0 0 9 -9 12 -4 13 -4 16 -7 14 -7 16 -4 12 -7 12 -7 8 -3 13 -4 2 0 3 -1 9 7 5 10 5 16 6 22 7 24 8 25 9 28 11 32 11 31 17 32 13 29 12 27 7 24 7 19 ]
CSI_DATA,STA,E4:D1:24:F2:4F:00,-75,10,0,0,0,0,0,0,0,0,0,-97,0,1,0,53714360,0,389,0,0,54.1053,128,[-123 81 24 0 -2 -15 -5 -25 -5 -28 -4 -31 -7 -34 -6 -32 -8 -34 -10 -29 -7 -28 -7 -25 -7 -20 -5 -13 -5 -9 -2 -4 0 0 2 3 4 5 5 10 7 11 10 14 8 17 9 16 9 16 8 17 8 16 0 0 0 0 0 0 0 0 0 0 0 0 0 0 0 0 0 0 0 0 0 0 3 -13 3 -14 8 -15 8 -17 6 -15 7 -15 6 -14 7 -13 4 -12 3 -7 1 -3 0 1 -2 5 -4 8 -5 16 -11 19 -10 24 -10 28 -10 31 -12 33 -10 31 -12 34 -9 31 -11 25 -8 17 -7 9 ]
CSI_DATA,STA,E4:D1:24:F2:4F:00,-77,10,0,0,0,0,0,0,0,0,0,-97,0,1,0,53816765,0,389,0,0,54.2077,128,[-123 81 24 0 11 15 13 22 13 26 15 26 18 27 18 28 19 24 20 21 17 17 14 17 12 11 9 8 5 6 2 2 -3 2 -7 -1 -10 -2 -11 -2 -14 -2 -17 -3 -17 -5 -17 -4 -17 -3 -15 -4 -14 -4 0 0 0 0 0 0 0 0 0 0 0 0 0 0 0 0 0 0 0 0 0 0 -12 9 -16 22 -11 9 -16 9 -13 11 -12 11 -11 9 -13 8 -9 7 -8 1 -4 1 -3 -6 1 -7 7 -12 4 -17 6 -26 11 -27 10 -29 11 -34 10 -36 9 -33 9 -32 6 -30 5 -24 6 -16 7 -7 ]
CSI_DATA,STA,E4:D1:24:F2:4F:00,-78,10,0,0,0,0,0,0,0,0,0,-97,0,1,0,54021569,0,389,0,0,54.4125,128,[-123 81 24 0 8 -19 17 -21 17 -26 21 -31 24 -29 24 -31 19 -29 18 -28 11 -28 9 -23 11 -18 4 -14 4 -7 0 -1 4 -1 4 5 9 9 7 4 7 11 12 15 6 13 13 13 10 15 16 16 8 16 0 0 0 0 0 0 0 0 0 0 0 0 0 0 0 0 0 0 0 0 0 0 1 11 3 13 2 14 1 12 3 14 5 15 4 11 5 10 4 10 4 4 1 5 -4 2 -7 -2 -8 -6 -15 -6 -16 -8 -24 -11 -26 -14 -34 -14 -31 -12 -35 -10 -35 -12 -32 -13 -28 -8 -22 -9 -16 -10 ]
CSI_DATA,STA,E4:D1:24:F2:4F:00,-76,10,0,0,0,0,0,0,0,0,0,-97,0,1,0,54123971,0,389,0,0,54.5149,128,[-123 81 24 0 17 5 19 7 24 11 26 14 28 12 29 13 29 13 27 10 27 7 22 4 18 4 14 2 10 2 5 0 1 2 -5 1 -9 3 -9 3 -14 3 -17 4 -19 3 -18 5 -18 4 -18 4 -16 1 0 0 0 0 0 0 0 0 0 0 0 0 0 0 0 0 0 0 0 0 0 0 0 9 -3 12 -4 13 -2 13 -3 13 -5 11 -2 11 -2 10 -2 10 -3 5 -1 1 0 -3 -3 -6 -3 -10 -2 -14 -5 -20 -5 -22 -8 -28 -9 -28 -10 -31 -13 -31 -11 -30 -11 -28 -9 -26 -9 -21 -4 -16 ]
CSI_DATA,STA,E4:D1:24:F2:4F:00,-78,10,0,0,0,0,0,0,0,0,0,-97,0,1,0,54226373,0,389,0,0,54.6173,128,[-123 81 24 0 14 -16 22 -17 22 -12 27 -20 31 -22 34 -20 29 -23 28 -25 26 -23 20 -22 16 -18 15 -20 11 -13 4 -6 6 -3 5 3 6 7 5 10 9 14 3 18 5 13 6 9 9 23 5 19 7 19 0 0 0 0 0 0 0 0 0 0 0 0 0 0 0 0 0 0 0 0 0 0 -8 8 -9 8 -10 7 -10 10 -9 9 -9 12 -11 8 -10 9 -7 9 -6 8 -5 3 -6 -2 -5 -4 -7 -9 -7 -12 -10 -18 -11 -22 -17 -28 -16 -27 -19 -33 -22 -30 -22 -31 -22 -28 -23 -27 -17 -27 -16 -21 ]
CSI_DATA,STA,E4:D1:24:F2:4F:00,-78,10,0,0,0,0,0,0,0,0,0,-97,0,1,0,54328776,0,389,0,0,54.7195,128,[-123 81 24 0 19 3 21 7 20 11 28 12 32 13 34 13 34 11 30 5 28 3 23 4 20 1 16 -4 13 5 9 0 5 1 2 5 0 6 -3 9 -5 14 -1 16 -7 15 -4 18 -8 18 -7 18 -5 15 0 0 0 0 0 0 0 0 0 0 0 0 0 0 0 0 0 0 0 0 0 0 -11 -3 -13 -3 -12 -4 -12 -6 -16 -6 -11 -5 -14 -4 -10 -3 -12 -4 -7 -5 -5 -6 -6 -8 -1 -9 4 -10 6 -14 9 -15 13 -20 16 -26 20 -28 15 -30 18 -36 12 -33 14 -33 9 -32 9 -25 14 -20 ]
CSI_DATA,STA,E4:D1:24:F2:4F:00,-76,10,0,0,0,0,0,0,0,0,0,-97,0,1,0,54431178,0,389,0,0,54.822,128,[-123 81 24 0 5 17 2 22 3 27 5 27 9 31 9 31 11 28 9 24 8 22 8 17 5 14 5 10 3 7 2 4 -1 0 -9 -3 -8 -3 -10 -3 -16 -4 -15 -6 -17 -5 -18 -8 -18 -3 -16 -5 -14 -5 0 0 0 0 0 0 0 0 0 0 0 0 0 0 0 0 0 0 0 0 0 0 -12 0 -12 -4 -15 -4 -14 -3 -14 -5 -14 -2 -13 -3 -11 -3 -10 -1 -5 -2 -2 -5 2 -4 8 -3 8 -5 13 -10 16 -10 20 -13 21 -17 30 -30 7 -4 10 -21 10 -20 19 -16 18 -14 13 -11 9 -3 ]
CSI_DATA,STA,E4:D1:24:F2:4F:00,-78,10,0,0,0,0,0,0,0,0,0,-97,0,1,0,54533580,0,389,0,0,54.9245,128,[-123 81 24 0 -17 -15 -19 -20 -24 -25 -27 -23 -28 -24 -29 -19 -28 -18 -25 -17 -25 -12 -22 -12 -20 -6 -13 -6 -9 -3 -7 -6 0 -7 3 -9 7 -10 7 -14 7 -10 12 -16 10 -17 7 -18 8 -15 8 -15 8 -15 0 0 0 0 0 0 0 0 0 0 0 0 0 0 0 0 0 0 0 0 0 0 7 9 8 9 9 12 9 13 8 13 8 13 7 11 9 10 3 7 2 8 0 8 -5 6 -8 7 -13 9 -18 12 -18 13 -21 14 -26 14 -29 16 -31 20 -25 20 -29 21 -26 18 -26 17 -21 11 -20 7 ]
CSI_DATA,STA,E4:D1:24:F2:4F:00,-77,10,0,0,0,0,0,0,0,0,0,-97,0,1,0,54636042,0,389,0,0,55.0269,128,[-123 81 24 0 9 23 6 26 6 31 7 34 9 34 10 33 15 31 16 29 15 26 11 24 10 18 6 15 3 12 1 11 -2 12 -5 8 -6 14 -9 13 -8 12 -9 14 -9 15 -8 16 -9 16 -5 13 -7 11 0 0 0 0 0 0 0 0 0 0 0 0 0 0 0 0 0 0 0 0 0 0 10 -4 9 -4 10 -5 10 -7 11 -6 11 -4 12 -3 11 -4 10 -2 12 -4 7 -1 11 4 8 4 11 7 13 10 16 16 18 17 20 20 24 17 28 19 31 17 33 17 29 15 27 18 24 14 24 16 ]
CSI_DATA,STA,E4:D1:24:F2:4F:00,-75,10,0,0,0,0,0,0,0,0,0,-97,0,1,0,54840785,0,389,0,0,55.2317,128,[-123 81 24 0 -16 -13 -18 -20 -17 -23 -22 -24 -24 -24 -23 -24 -26 -22 -25 -17 -24 -14 -22 -11 -18 -9 -15 -9 -10 -6 -5 -7 -2 -7 1 -10 3 -12 5 -13 6 -15 9 -16 7 -17 7 -17 7 -16 5 -16 6 -14 0 0 0 0 0 0 0 0 0 0 0 0 0 0 0 0 0 0 0 0 0 0 3 12 2 13 1 14 0 15 1 14 0 13 3 14 1 14 1 9 -1 10 -3 8 -6 5 -11 6 -14 4 -18 3 -22 2 -23 4 -28 6 -31 7 -29 12 -32 12 -29 12 -29 13 -27 12 -24 10 -20 4 ]
CSI_DATA,STA,E4:D1:24:F2:4F:00,-75,10,0,0,0,0,0,0,0,0,0,-97,0,1,0,54943187,0,389,0,0,55.3341,128,[-123 81 24 0 -18 6 -24 4 -29 5 -31 7 -33 8 -33 10 -31 10 -30 12 -28 12 -22 13 -16 9 -14 7 -9 6 -6 2 -4 -2 -3 -5 -2 -10 -4 -11 -1 -14 0 -15 -3 -18 0 -17 -4 -18 -3 -17 -3 -17 0 0 0 0 0 0 0 0 0 0 0 0 0 0 0 0 0 0 0 0 0 0 7 -13 11 -13 11 -13 13 -16 14 -15 14 -14 11 -13 10 -13 9 -9 9 -6 6 -4 2 1 4 4 5 11 4 14 8 22 8 27 10 30 11 32 14 34 15 33 16 33 16 29 12 26 9 23 5 21 ]
CSI_DATA,STA,E4:D1:24:F2:4F:00,-78,10,0,0,0,0,0,0,0,0,0,-97,0,1,0,55045628,0,389,0,0,55.4365,128,[-123 81 24 0 -14 -5 -13 -11 -14 -17 -16 -18 -19 -21 -21 -20 -22 -21 -21 -17 -21 -17 -21 -15 -19 -12 -17 -8 -11 -7 -5 -6 -4 -5 -1 -6 0 -6 3 -9 7 -7 6 -11 7 -12 10 -12 10 -12 9 -12 8 -8 0 0 0 0 0 0 0 0 0 0 0 0 0 0 0 0 0 0 0 0 0 0 6 7 6 9 17 7 14 14 6 3 7 6 14 8 10 10 13 6 8 7 5 7 1 5 -1 5 -7 4 -10 6 -18 11 -22 8 -20 15 -23 13 -27 20 -27 19 -25 21 -23 21 -22 20 -20 17 -16 12 ]
CSI_DATA,STA,E4:D1:24:F2:4F:00,-79,10,0,0,0,0,0,0,0,0,0,-97,0,1,0,55147991,0,389,0,0,55.5387,128,[-123 81 24 0 -13 4 -20 -4 -22 -6 -25 -8 -31 -10 -31 -7 -32 -8 -32 -9 -30 -3 -27 -4 -24 -1 -24 0 -14 -2 -13 -2 -11 -4 -6 -8 -1 -8 2 -12 4 -14 6 -17 8 -20 5 -18 6 -19 7 -21 6 -15 0 0 0 0 0 0 0 0 0 0 0 0 0 0 0 0 0 0 0 0 0 0 12 0 15 -1 15 1 15 -2 19 -5 18 1 19 -2 14 -3 16 -1 12 -5 7 1 6 2 2 3 0 9 -7 12 -9 16 -6 23 -11 27 -11 31 -6 29 -15 41 -14 42 -6 39 -7 38 -6 31 -3 28 ]
CSI_DATA,STA,E4:D1:24:F2:4F:00,-77,10,0,0,0,0,0,0,0,0,0,-97,0,1,0,55250399,0,389,0,0,55.6413,128,[-123 81 24 0 10 21 17 34 12 37 13 32 13 33 17 32 15 33 17 27 17 27 17 19 15 12 9 12 4 9 4 2 -2 3 -8 3 -13 4 -16 2 -19 4 -21 2 -20 6 -20 4 -19 6 -19 3 -16 2 0 0 0 0 0 0 0 0 0 0 0 0 0 0 0 0 0 0 0 0 0 0 -13 -9 -15 -10 -18 -12 -17 -12 -16 -13 -16 -13 -14 -12 -14 -13 -9 -10 -7 -6 -2 -6 1 -4 7 -3 14 -4 18 -5 25 -9 27 -11 32 -13 33 -14 35 -20 37 -16 33 -23 28 -18 25 -17 21 -11 19 -5 ]
CSI_DATA,STA,E4:D1:24:F2:4F:00,-77,10,0,0,0,0,0,0,0,0,0,-97,0,1,0,55455197,0,389,0,0,55.8461,128,[-123 81 24 0 -18 -11 -24 -15 -27 -20 -29 -24 -32 -24 -34 -21 -32 -17 -30 -21 -28 -13 -25 -10 -20 -7 -17 -5 -12 -5 -4 -3 1 -1 5 0 12 -1 17 0 20 0 21 2 25 3 24 3 26 1 24 2 22 2 0 0 0 0 0 0 0 0 0 0 0 0 0 0 0 0 0 0 0 0 0 0 0 -12 4 -13 5 -12 5 -12 7 -14 6 -12 7 -10 4 -10 5 -6 4 -2 5 0 5 5 1 6 1 14 0 19 4 22 2 27 1 28 2 32 3 31 6 31 4 29 3 29 4 21 -2 18 -4 10 ]
CSI_DATA,STA,E4:D1:24:F2:4F:00,-76,10,0,0,0,0,0,0,0,0,0,-97,0,1,0,55557599,0,389,0,0,55.9485,128,[-123 81 24 0 -18 -12 -25 -16 -26 -18 -29 -22 -28 -21 -32 -23 -31 -21 -29 -19 -26 -17 -23 -11 -18 -9 -16 -7 -11 -3 -5 0 1 1 5 3 8 5 12 5 13 8 18 10 21 8 20 7 18 9 18 9 16 11 0 0 0 0 0 0 0 0 0 0 0 0 0 0 0 0 0 0 0 0 0 0 -8 -11 -10 -13 -9 -13 -8 -13 -6 -14 -7 -13 -3 -12 -5 -10 -3 -8 -1 -6 1 1 2 4 4 7 5 11 12 16 13 19 14 21 16 28 18 28 15 28 18 27 14 27 18 27 13 21 9 15 2 9 ]
CSI_DATA,STA,E4:D1:24:F2:4F:00,-76,10,0,0,0,0,0,0,0,0,0,-97,0,1,0,55660001,0,389,0,0,56.0509,128,[-123 81 24 0 11 -3 17 -3 23 -3 29 -4 31 -4 34 -6 34 -6 30 -7 27 -11 26 -10 21 -8 16 -8 14 -7 14 -10 0 15 -3 -7 0 2 -7 8 -9 9 -10 13 -13 13 -12 14 -15 16 -16 14 -14 14 0 0 0 0 0 0 0 0 0 0 0 0 0 0 0 0 0 0 0 0 0 0 1 12 2 12 1 14 -1 15 3 16 0 17 -1 15 -1 14 -1 13 0 9 -1 7 -2 3 -5 -2 -6 -8 -8 -10 -13 -17 -15 -22 -15 -23 -20 -24 -20 -28 -23 -27 -23 -25 -23 -22 -22 -20 -19 -17 -11 -15 ]
CSI_DATA,STA,E4:D1:24:F2:4F:00,-75,10,0,0,0,0,0,0,0,0,0,-97,0,1,0,55864806,0,389,0,0,56.2558,128,[-123 81 24 0 -15 6 -21 2 -26 1 -30 1 -30 3 -32 5 -30 7 -30 8 -25 8 -22 10 -18 8 -14 5 -11 3 -6 0 -5 -3 -3 -6 -1 -10 -1 -12 -1 -14 2 -17 1 -18 -1 -19 -2 -19 -2 -19 -1 -18 0 0 0 0 0 0 0 0 0 0 0 0 0 0 0 0 0 0 0 0 0 0 10 -7 12 -9 13 -7 14 -9 12 -10 12 -7 13 -8 12 -7 9 -5 7 -4 6 -1 5 3 1 6 3 8 -1 15 2 19 0 23 2 27 3 29 4 30 5 30 6 30 7 27 7 24 6 23 -1 15 ]
CSI_DATA,STA,E4:D1:24:F2:4F:00,-77,10,0,0,0,0,0,0,0,0,0,-97,0,1,0,56274414,0,389,0,0,56.6654,128,[-123 81 24 0 12 8 15 18 17 22 18 25 20 28 24 27 22 27 25 23 24 21 19 17 18 12 12 12 9 8 6 5 -1 4 -4 3 -8 3 -12 1 -15 2 -18 3 -18 2 -22 2 -22 2 -19 2 -19 2 0 0 0 0 0 0 0 0 0 0 0 0 0 0 0 0 0 0 0 0 0 0 -10 5 -13 5 -14 5 -15 4 -17 6 -17 6 -16 4 -15 3 -10 4 -11 -2 -8 -1 0 -4 -3 -10 0 -1 7 -13 10 -23 11 -24 15 -27 13 -32 16 -33 12 -35 12 -35 11 -33 10 -29 8 -22 8 -16 ]
CSI_DATA,STA,E4:D1:24:F2:4F:00,-76,10,0,0,0,0,0,0,0,0,0,-97,0,1,0,56376816,0,389,0,0,56.7677,128,[-123 81 24 0 -10 14 -14 16 -22 16 -25 20 -25 23 -23 23 -22 23 -20 24 -16 24 -14 21 -11 19 -8 14 -7 12 -6 5 -7 -1 -6 -3 -7 -7 -7 -10 -9 -15 -9 -15 -13 -17 -14 -16 -12 -15 -13 -16 -11 -16 0 0 0 0 0 0 0 0 0 0 0 0 0 0 0 0 0 0 0 0 0 0 5 -13 5 -14 8 -15 7 -17 5 -17 7 -16 5 -14 6 -15 4 -11 5 -11 3 -6 6 -1 5 2 8 7 11 13 11 14 16 20 18 21 23 24 26 23 28 24 30 21 26 19 24 17 21 17 13 15 ]
CSI_DATA,STA,E4:D1:24:F2:4F:00,-78,10,0,0,0,0,0,0,0,0,0,-97,0,1,0,56479218,0,389,0,0,56.8701,128,[-123 81 24 0 -26 -5 -30 -8 -30 -7 -37 -9 -36 -7 -34 -8 -35 -2 -29 0 -27 0 -22 4 -17 4 -11 2 -8 -2 -5 -1 0 -2 5 -7 5 -11 9 -13 10 -18 9 -20 8 -19 9 -18 10 -18 8 -19 6 -16 0 0 0 0 0 0 0 0 0 0 0 0 0 0 0 0 0 0 0 0 0 0 9 -5 10 -6 13 -4 13 -3 16 -5 10 -5 14 -2 11 -2 7 1 9 4 4 3 1 6 1 8 -3 13 -3 17 -2 20 -3 24 -3 28 -2 31 -3 30 -2 27 -2 30 -2 21 -3 24 -5 15 -12 12 ]
CSI_DATA,STA,E4:D1:24:F2:4F:00,-77,10,0,0,0,0,0,0,0,0,0,-97,0,1,0,56581620,0,389,0,0,56.9724,128,[-123 81 24 0 -19 4 -27 1 -32 1 -29 2 -35 7 -36 5 -31 3 -28 6 -26 9 -24 6 -18 8 -14 7 -7 5 -5 3 0 -2 2 -5 6 -8 8 -11 13 -13 10 -15 12 -16 13 -17 14 -16 12 -16 12 -13 0 0 0 0 0 0 0 0 0 0 0 0 0 0 0 0 0 0 0 0 0 0 -3 -12 -3 -14 1 -15 -3 -13 -1 -14 -2 -12 -2 -12 -1 -12 -1 -11 0 -5 4 -2 6 -1 8 1 8 7 9 14 11 15 16 17 18 19 20 22 22 24 21 23 21 22 17 18 15 17 9 11 4 7 ]
CSI_DATA,STA,E4:D1:24:F2:4F:00,-75,10,0,0,0,0,0,0,0,0,0,-97,0,1,0,56684022,0,389,0,0,57.0748,128,[-123 81 24 0 -18 5 -24 3 -32 4 -35 4 -34 5 -36 7 -34 5 -32 8 -27 7 -23 7 -20 6 -15 5 -9 3 -5 1 -1 -2 4 -3 6 -4 11 -10 11 -13 12 -14 16 -13 15 -12 14 -13 16 -12 17 -11 0 0 0 0 0 0 0 0 0 0 0 0 0 0 0 0 0 0 0 0 0 0 -11 -10 -9 -11 -10 -13 -11 -15 -8 -16 -8 -14 -12 -2 4 -10 -1 -12 -2 -9 -1 -4 3 -3 5 3 11 6 12 10 20 14 24 15 24 18 28 19 29 17 30 17 26 17 26 16 20 15 16 12 8 9 ]
CSI_DATA,STA,E4:D1:24:F2:4F:00,-76,10,0,0,0,0,0,0,0,0,0,-97,0,1,0,56786424,0,389,0,0,57.1773,128,[-123 81 24 0 -19 11 -21 13 -27 12 -27 13 -29 17 -29 18 -26 18 -24 19 -21 19 -18 16 -15 16 -6 11 -9 7 -6 3 -3 -1 -6 -6 -5 -8 -7 -14 -9 -16 -10 -15 -12 -15 -11 -17 -11 -17 -9 -17 -8 -16 0 0 0 0 0 0 0 0 0 0 0 0 0 0 0 0 0 0 0 0 0 0 11 -9 9 -10 14 -7 12 -8 13 -9 13 -9 11 -9 10 -8 9 -6 9 -5 8 -1 4 2 4 6 3 10 5 12 4 20 8 25 10 25 12 29 11 29 15 29 16 30 14 27 12 21 7 21 4 15 ]
CSI_DATA,STA,E4:D1:24:F2:4F:00,-77,10,0,0,0,0,0,0,0,0,0,-97,0,1,0,56888823,0,389,0,0,57.2797,128,[-123 81 24 0 -7 21 -4 25 -10 26 -8 32 -7 31 -6 33 -4 29 -3 31 1 27 1 22 1 21 2 14 -2 11 -2 6 -4 5 -7 2 -9 -2 -12 -2 -16 -4 -17 -6 -20 -6 -18 -6 -20 -7 -19 -6 -16 -5 0 0 0 0 0 0 0 0 0 0 0 0 0 0 0 0 0 0 0 0 0 0 0 -14 -1 -15 -3 -18 -1 -18 -1 -16 0 -14 0 -14 1 -12 1 -12 1 -8 3 -5 4 -2 9 1 12 2 18 7 20 7 22 8 27 9 30 6 31 7 33 7 32 6 31 4 28 3 22 5 16 6 ]
CSI_DATA,STA,E4:D1:24:F2:4F:00,-76,10,0,0,0,0,0,0,0,0,0,-97,0,1,0,56991225,0,389,0,0,57.3822,128,[-123 81 24 0 21 -2 25 5 30 5 31 4 36 1 34 -1 34 -3 26 -5 26 -3 19 -5 20 -4 16 -3 6 1 2 6 2 3 3 5 1 15 -1 20 -13 12 -11 15 -12 21 -1 13 -14 17 -9 16 -4 14 0 0 0 0 0 0 0 0 0 0 0 0 0 0 0 0 0 0 0 0 0 0 -10 6 -12 6 -11 7 -9 7 -13 5 -13 8 -13 6 -9 6 -8 5 -6 1 -4 -2 -2 -7 0 -10 -1 -14 3 -19 0 -22 -2 -24 0 -30 -4 -31 -3 -30 -4 -30 -6 -30 -4 -25 -3 -21 -1 -18 3 -14 ]
CSI_DATA,STA,E4:D1:24:F2:4F:00,-76,10,0,0,0,0,0,0,0,0,0,-97,0,1,0,57093627,0,389,0,0,57.4846,128,[-123 81 24 0 -16 -15 -20 -19 -21 -18 -24 -22 -23 -19 -27 -23 -29 -19 -26 -17 -23 -10 -20 -12 -16 -9 -15 -7 -10 -4 -2 -4 -1 -8 1 -8 6 -8 7 -10 10 -12 10 -11 10 -13 16 -15 11 -14 11 -15 9 -14 0 0 0 0 0 0 0 0 0 0 0 0 0 0 0 0 0 0 0 0 0 0 9 7 12 7 14 5 13 9 15 9 12 8 12 9 10 5 6 7 4 5 3 6 0 5 -4 6 -10 9 -16 9 -15 14 -23 15 -23 19 -21 20 -23 24 -23 22 -21 25 -22 24 -17 18 -16 14 -13 6 ]
CSI_DATA,STA,E4:D1:24:F2:4F:00,-76,10,0,0,0,0,0,0,0,0,0,-97,0,1,0,57196029,0,389,0,0,57.5869,128,[-123 81 24 0 -5 -21 -2 -27 3 -32 1 -35 -1 -37 -2 -35 -2 -35 -7 -32 -5 -32 -7 -29 -8 -23 -5 -15 -2 -11 -2 -7 0 -5 4 1 7 1 10 3 14 5 16 4 17 5 18 10 22 9 15 8 15 9 0 0 0 0 0 0 0 0 0 0 0 0 0 0 0 0 0 0 0 0 0 0 16 7 16 6 13 9 15 9 16 8 14 11 18 8 8 7 9 5 7 6 3 2 -4 4 -8 4 -13 3 -16 5 -24 6 -29 6 -32 10 -33 13 -36 14 -34 16 -32 14 -30 16 -25 13 -20 8 -16 -1 ]
CSI_DATA,STA,E4:D1:24:F2:4F:00,-76,10,0,0,0,0,0,0,0,0,0,-97,0,1,0,57298431,0,389,0,0,57.6893,128,[-123 81 24 0 4 14 3 21 0 27 3 31 5 34 3 36 4 34 9 31 7 31 8 28 7 25 8 18 3 17 3 9 1 4 -6 2 -5 -3 -8 -7 -12 -8 -14 -9 -16 -12 -17 -13 -18 -14 -18 -14 -15 -15 0 0 0 0 0 0 0 0 0 0 0 0 0 0 0 0 0 0 0 0 0 0 -15 1 -16 -2 -19 0 -20 0 -19 -1 -19 -1 -19 0 -18 0 -14 1 -13 -3 -4 -1 -1 -4 5 -7 7 -9 14 -12 18 -13 24 -15 27 -22 30 -23 29 -25 32 -31 30 -26 25 -26 27 -26 20 -19 15 -14 ]
CSI_DATA,STA,E4:D1:24:F2:4F:00,-76,10,0,0,0,0,0,0,0,0,0,-97,0,1,0,57316594,0,64,0,0,57.7214,128,[64 0 4 0 -13 9 -19 12 -26 15 -27 14 -28 16 -29 17 -29 17 -27 19 -22 20 -19 16 -17 15 -13 8 -11 6 -7 3 -4 -1 -3 -6 1 -6 1 -12 2 -15 3 -17 4 -18 5 -20 5 -22 4 -19 6 -16 0 0 0 0 0 0 0 0 0 0 0 0 0 0 0 0 0 0 0 0 0 0 -8 -9 -9 -11 -9 -15 -10 -15 -10 -15 -10 -15 -9 -15 -9 -9 -6 -9 -5 -8 -2 -4 3 -4 7 1 9 7 12 6 14 8 21 14 27 11 28 15 32 12 31 12 30 12 31 9 25 6 20 9 15 7 ]
CSI_DATA,STA,E4:D1:24:F2:4F:00,-77,10,0,0,0,0,0,0,0,0,0,-97,0,1,0,57400873,0,389,0,0,57.7917,128,[-123 81 24 0 19 2 25 6 28 8 31 7 34 6 32 5 32 6 27 9 29 0 24 -2 19 -1 15 0 8 -1 4 3 3 5 -3 6 -6 11 -9 14 -7 13 -9 15 -11 15 -11 17 -9 18 -9 16 -11 15 0 0 0 0 0 0 0 0 0 0 0 0 0 0 0 0 0 0 0 0 0 0 -12 6 -15 6 -16 7 -15 4 -15 5 -14 7 -13 6 -10 6 -8 4 -7 1 -4 1 -1 -5 0 -7 -1 -12 3 -18 1 -22 1 -26 2 -31 2 -33 0 -34 -1 -35 -3 -35 1 -30 -2 -27 1 -23 3 -16 ]
CSI_DATA,STA,E4:D1:24:F2:4F:00,-78,10,0,0,0,0,0,0,0,0,0,-97,0,1,0,57810442,0,389,0,0,58.2014,128,[-123 81 24 0 15 -16 23 -20 21 -21 23 -25 22 -26 21 -27 19 -24 20 -26 15 -23 8 -21 8 -16 7 -8 4 -5 3 3 5 2 0 6 2 13 4 14 5 19 -1 19 6 21 1 23 5 21 4 17 4 16 0 0 0 0 0 0 0 0 0 0 0 0 0 0 0 0 0 0 0 0 0 0 3 8 3 11 7 13 2 9 1 14 2 7 4 8 1 8 2 6 -4 5 -1 1 -5 -1 -6 -3 -12 -2 -15 -7 -17 -8 -23 -11 -24 -13 -26 -11 -32 -15 -28 -8 -24 -8 -23 -6 -20 -7 -14 -11 -6 -8 ]
CSI_DATA,STA,E4:D1:24:F2:4F:00,-77,10,0,0,0,0,0,0,0,0,0,-97,0,1,0,57912848,0,389,0,0,58.3038,128,[-123 81 24 0 -21 21 -28 24 -27 25 -26 26 -27 25 -22 25 -19 26 -16 24 -9 20 -8 21 -7 11 -4 6 -7 2 -4 -2 -5 -4 -9 -8 -12 -11 -15 -13 -17 -14 -17 -14 -20 -14 -17 -12 -18 -8 -18 -11 -15 -6 0 0 0 0 0 0 0 0 0 0 0 0 0 0 0 0 0 0 0 0 0 0 8 -8 11 -8 13 -6 14 -9 14 -8 15 -5 16 -11 14 -13 7 -4 9 -4 7 1 6 1 10 5 7 17 6 17 14 24 11 25 9 29 14 27 16 29 15 27 11 23 12 26 9 20 3 18 -5 18 ]
CSI_DATA,STA,E4:D1:24:F2:4F:00,-77,10,0,0,0,0,0,0,0,0,0,-97,0,1,0,58015259,0,389,0,0,58.4062,128,[-123 81 24 0 31 -8 34 -8 40 -7 38 -8 38 -11 37 -13 31 -16 26 -11 23 -13 19 -10 11 -7 7 -7 6 0 0 3 -2 8 -1 13 -6 18 -6 20 -3 24 -2 23 -4 26 1 23 1 24 0 20 0 16 0 0 0 0 0 0 0 0 0 0 0 0 0 0 0 0 0 0 0 0 0 0 -6 9 -10 10 -12 11 -10 12 -9 12 -9 7 -10 6 -8 6 -7 3 -7 2 -4 -3 -5 -7 -7 -12 -5 -16 -8 -19 -9 -24 -7 -25 -12 -29 -11 -28 -14 -29 -16 -33 -13 -28 -9 -26 -7 -21 0 -18 5 -11 ]
CSI_DATA,STA,E4:D1:24:F2:4F:00,-77,10,0,0,0,0,0,0,0,0,0,-97,0,1,0,58117682,0,389,0,0,58.5084,128,[-123 81 24 0 -13 16 -18 21 -17 23 -18 31 -19 30 -17 29 -17 31 -10 27 -7 24 -5 23 -2 18 -2 13 -1 8 -7 0 -1 1 6 -7 -5 -9 -11 -13 -10 -17 -13 -18 -16 -20 -13 -16 -14 -19 -13 -15 -10 -18 0 0 0 0 0 0 0 0 0 0 0 0 0 0 0 0 0 0 0 0 0 0 -6 -9 -6 -13 -3 -14 -4 -15 -5 -13 -7 -15 -8 -21 1 -42 -2 -10 -2 -8 2 -5 6 -4 6 -3 9 -2 15 5 20 5 23 6 24 7 31 9 32 10 31 10 30 5 30 6 24 5 18 5 13 8 ]
CSI_DATA,STA,E4:D1:24:F2:4F:00,-78,10,0,0,0,0,0,0,0,0,0,-97,0,1,0,58220049,0,389,0,0,58.611,128,[-123 81 24 0 16 16 17 23 16 27 17 29 24 32 22 22 22 23 21 21 14 19 19 11 12 7 3 7 0 0 -5 1 -9 -3 -10 0 -16 1 -18 5 -20 0 -22 3 -22 3 -24 3 -21 3 -17 6 -18 4 0 0 0 0 0 0 0 0 0 0 0 0 0 0 0 0 0 0 0 0 0 0 -16 -1 -19 2 -16 -1 -21 -4 -20 -3 -18 -5 -17 -1 -12 -2 -10 -4 -15 -7 -5 1 2 -4 4 -6 0 -15 11 -15 17 -15 20 -18 15 -25 20 -27 21 -27 17 -31 17 -32 16 -25 12 -22 10 -1 13 -3 ]
CSI_DATA,STA,E4:D1:24:F2:4F:00,-77,10,0,0,0,0,0,0,0,0,0,-97,0,1,0,58322451,0,389,0,0,58.7134,128,[-123 81 24 0 17 -5 20 -5 25 -5 28 -7 27 -7 31 -11 22 -10 20 -9 18 -12 13 -12 9 -10 6 -5 5 -4 4 0 3 2 2 7 3 10 0 12 4 12 4 15 4 16 7 15 7 15 8 12 6 12 0 0 0 0 0 0 0 0 0 0 0 0 0 0 0 0 0 0 0 0 0 0 -12 4 -13 4 -15 3 -18 5 -10 3 -13 4 -15 4 -12 2 -8 2 -10 9 -4 0 -6 4 -4 -9 -3 -10 -1 -17 -2 -20 -2 -21 -1 -29 -11 -32 -1 -28 14 -23 -11 -15 -9 -24 -8 -21 -3 -16 1 -11 ]
CSI_DATA,STA,E4:D1:24:F2:4F:00,-78,10,0,0,0,0,0,0,0,0,0,-97,0,1,0,58355480,0,64,0,0,58.7459,128,[64 0 4 0 -17 31 -13 19 -16 32 -19 33 -12 35 -12 36 -6 27 -7 22 -12 25 -2 19 0 17 0 9 -2 1 -4 -4 -7 -5 -7 -8 -6 -15 -8 -15 -8 -22 -12 -19 -12 -21 -8 -22 -8 -18 -10 -17 -14 -19 0 0 0 0 0 0 0 0 0 0 0 0 0 0 0 0 0 0 0 0 0 0 -7 -9 -15 -7 -9 -7 -10 -10 -12 -7 -10 -11 -9 -11 -7 -5 -2 -3 0 -2 5 -7 2 -2 7 -4 11 2 21 -4 23 -1 25 -4 27 5 29 -10 30 -5 32 -2 26 -10 19 -5 18 3 17 -3 10 10 ]
CSI_DATA,STA,E4:D1:24:F2:4F:00,-78,10,0,0,0,0,0,0,0,0,0,-97,0,1,0,58424853,0,389,0,0,58.8158,128,[-123 81 24 0 -12 12 -15 12 -23 11 -29 15 -25 18 -27 18 -27 18 -22 20 -22 18 -20 15 -14 14 -12 10 -11 7 -7 3 -4 0 0 -5 -1 -9 -1 -12 1 -18 1 -18 2 -22 2 -22 2 -20 3 -20 5 -16 0 0 0 0 0 0 0 0 0 0 0 0 0 0 0 0 0 0 0 0 0 0 -4 -12 -3 -15 -5 -17 -4 -17 -4 -17 -4 -15 -2 -14 -3 -14 -3 -12 -5 -10 -3 -7 1 -1 4 3 7 5 10 10 14 13 17 15 21 16 24 15 28 18 29 18 29 19 27 14 25 11 20 11 14 12 ]
CSI_DATA,STA,E4:D1:24:F2:4F:00,-77,10,0,0,0,0,0,0,0,0,0,-97,0,1,0,58527255,0,389,0,0,58.9182,128,[-123 81 24 0 10 -21 11 -27 13 -31 10 -30 11 -33 7 -34 10 -31 5 -29 0 -24 1 -22 0 -15 -2 -13 2 -6 3 -4 6 1 9 7 12 6 12 8 18 9 17 9 18 9 18 7 17 7 14 8 15 8 0 0 0 0 0 0 0 0 0 0 0 0 0 0 0 0 0 0 0 0 0 0 2 14 -3 17 -2 17 -1 16 -1 16 -2 17 -4 15 -3 14 -4 9 -4 9 -7 4 -6 1 -12 -2 -12 -5 -16 -8 -23 -14 -24 -13 -29 -11 -29 -13 -31 -14 -33 -8 -31 -10 -28 -7 -21 -9 -17 -11 -10 -13 ]
CSI_DATA,STA,E4:D1:24:F2:4F:00,-77,10,0,0,0,0,0,0,0,0,0,-97,0,1,0,58629682,0,389,0,0,59.0206,128,[-123 81 24 0 27 5 33 8 33 7 37 5 33 4 34 2 31 -1 31 0 23 -5 16 -11 12 -2 14 -2 2 -1 2 5 -2 10 -5 6 -5 12 -7 15 -7 19 -11 19 -7 21 -6 19 -7 20 -7 16 -3 18 0 0 0 0 0 0 0 0 0 0 0 0 0 0 0 0 0 0 0 0 0 0 -11 5 -14 3 -17 3 -18 3 -15 0 -15 1 -14 -1 -11 -2 -12 -4 -8 -4 -5 -7 -3 -9 1 -13 2 -16 3 -20 4 -25 3 -26 4 -30 7 -30 3 -31 3 -30 3 -30 3 -23 3 -19 8 -15 12 -9 ]
CSI_DATA,STA,E4:D1:24:F2:4F:00,-78,10,0,0,0,0,0,0,0,0,0,-97,0,1,0,58936864,0,389,0,0,59.3278,128,[-123 81 24 0 -25 16 -22 26 -26 23 -27 27 -23 27 -26 24 -21 22 -17 22 -13 19 -10 14 -11 10 -5 8 0 4 4 7 8 1 14 -4 15 -3 20 0 18 -2 21 0 21 -2 20 -1 20 0 19 2 15 2 0 0 0 0 0 0 0 0 0 0 0 0 0 0 0 0 0 0 0 0 0 0 12 9 9 11 9 15 7 15 5 13 7 14 2 10 3 9 2 8 -1 4 1 0 -1 -6 3 -11 0 -16 2 -19 5 -23 7 -25 8 -29 12 -32 9 -29 12 -28 10 -25 11 -20 11 -13 5 -13 -12 12 ]
CSI_DATA,STA,E4:D1:24:F2:4F:00,-78,10,0,0,0,0,0,0,0,0,0,-97,0,1,0,59039266,0,389,0,0,59.4302,128,[-123 81 24 0 15 27 20 27 22 35 23 29 23 33 22 29 21 27 18 23 17 19 12 12 10 7 8 0 3 -3 3 -4 0 -10 -4 -14 -3 -17 -6 -21 -9 -24 -5 -22 -6 -26 -4 -21 -7 -23 -4 -19 -3 -16 0 0 0 0 0 0 0 0 0 0 0 0 0 0 0 0 0 0 0 0 0 0 14 -1 17 3 16 5 16 5 14 7 12 7 11 4 8 6 3 6 1 3 -4 0 -3 -4 -10 -9 -14 -13 -16 -19 -18 -19 -23 -22 -20 -24 -20 -25 -15 -24 -21 -25 -14 -22 -12 -14 -7 -11 0 -5 6 5 ]
CSI_DATA,STA,E4:D1:24:F2:4F:00,-81,10,0,0,0,0,0,0,0,0,0,-97,0,1,0,59141668,0,389,0,0,59.5326,128,[-123 81 24 0 -16 -28 -17 -27 -16 -32 -14 -29 -13 -30 -14 -28 -10 -24 -8 -22 -7 -16 -7 -11 -19 -6 -1 -5 -10 1 -13 -2 -17 4 -12 8 -11 7 -18 15 -17 9 -19 11 -21 6 -19 8 -19 5 -19 6 -16 3 0 0 0 0 0 0 0 0 0 0 0 0 0 0 0 0 0 0 0 0 0 0 5 13 3 13 1 16 -1 16 -3 15 -3 13 0 9 -4 6 1 3 2 -1 5 1 7 -5 12 0 15 -4 20 -1 25 1 26 -1 26 1 29 4 26 1 22 2 18 -1 11 2 7 -2 6 -3 -5 -12 ]
CSI_DATA,STA,E4:D1:24:F2:4F:00,-78,10,0,0,0,0,0,0,0,0,0,-97,0,1,0,59244070,0,389,0,0,59.635,128,[-123 81 24 0 -24 -32 -28 -30 -28 -32 -25 -30 -26 -28 -25 -25 -19 -21 -18 -20 -9 -8 -13 -6 -6 -2 -2 3 4 3 4 10 9 10 13 15 15 16 18 20 15 18 15 18 11 16 13 17 12 15 8 12 7 8 0 0 0 0 0 0 0 0 0 0 0 0 0 0 0 0 0 0 0 0 0 0 -16 -8 -14 -7 -14 -8 -12 -10 -10 -8 -9 -4 -6 -6 -3 -1 -2 0 -1 4 3 8 9 9 10 15 12 17 13 21 16 23 15 23 15 24 15 21 12 20 12 15 10 14 -8 16 3 -9 -4 -15 -13 -20 ]
CSI_DATA,STA,E4:D1:24:F2:4F:00,-79,10,0,0,0,0,0,0,0,0,0,-97,0,1,0,59448874,0,389,0,0,59.8398,128,[-123 81 24 0 15 22 21 26 21 31 19 25 22 23 20 22 20 22 15 18 15 14 12 7 10 6 5 3 2 -1 0 -7 -2 -8 -5 -11 -9 -17 -10 -15 -9 -21 -8 -19 -9 -23 -8 -23 -3 -21 -4 -18 -3 -16 0 0 0 0 0 0 0 0 0 0 0 0 0 0 0 0 0 0 0 0 0 0 19 2 -3 24 16 1 13 5 15 6 12 5 9 2 6 -3 -1 -3 1 -2 -3 -6 -8 -10 -12 -6 -14 -13 -17 -15 -20 -19 -18 -24 -18 -23 -19 -23 -18 -26 -17 -22 -13 -18 -11 -14 -9 -8 1 -3 9 7 ]
CSI_DATA,STA,E4:D1:24:F2:4F:00,-79,10,0,0,0,0,0,0,0,0,0,-97,0,1,0,59551276,0,389,0,0,59.942,128,[-123 81 24 0 -42 1 -38 0 -42 2 -43 3 -41 -1 -39 1 -31 7 -25 5 -22 5 -11 5 -4 1 -4 1 6 -1 10 0 14 -1 18 -5 20 -4 25 -4 29 -3 26 -1 23 0 26 -2 23 1 17 0 14 1 0 0 0 0 0 0 0 0 0 0 0 0 0 0 0 0 0 0 0 0 0 0 -19 7 -22 6 -20 6 -21 2 -19 0 -15 4 -8 1 -3 -1 2 -1 2 0 7 0 13 -1 20 0 22 0 28 3 33 8 31 5 36 7 31 2 31 6 24 6 19 4 9 2 5 -1 -8 3 -18 5 ]
CSI_DATA,STA,E4:D1:24:F2:4F:00,-78,10,0,0,0,0,0,0,0,0,0,-97,0,1,0,59653678,0,389,0,0,60.0445,128,[-123 81 24 0 18 -30 19 -34 20 -33 18 -31 16 -32 12 -28 10 -23 4 -20 5 -16 2 -10 -2 -6 -2 1 0 5 -3 8 -2 9 -3 15 -5 16 -4 21 -2 20 -5 21 -3 20 -5 19 -3 15 -3 14 -3 12 0 0 0 0 0 0 0 0 0 0 0 0 0 0 0 0 0 0 0 0 0 0 15 -13 15 -12 17 -11 14 -8 12 -9 9 -5 6 -3 5 1 0 3 -7 1 -9 4 -12 8 -15 11 -20 11 -24 13 -26 15 -27 14 -29 15 -26 16 -24 11 -20 11 -13 7 -13 3 -4 -2 3 -12 8 -16 ]
CSI_DATA,STA,E4:D1:24:F2:4F:00,-76,10,0,0,0,0,0,0,0,0,0,-97,0,1,0,59756080,0,389,0,0,60.147,128,[-123 81 24 0 8 -31 12 -36 8 -39 7 -40 8 -40 5 -36 3 -32 4 -27 3 -21 -1 -17 -1 -10 -1 -4 0 0 -2 5 -1 8 1 16 2 16 1 18 3 20 3 21 1 21 5 19 1 19 -1 16 1 13 0 0 0 0 0 0 0 0 0 0 0 0 0 0 0 0 0 0 0 0 0 0 10 -16 14 -15 13 -17 12 -14 12 -15 9 -9 8 -7 7 -6 3 -3 -2 0 -4 4 -9 10 -12 13 -17 16 -18 20 -19 24 -25 26 -25 24 -24 25 -22 27 -20 22 -19 16 -15 12 -7 6 -7 -3 0 -11 ]
CSI_DATA,STA,E4:D1:24:F2:4F:00,-81,10,0,0,0,0,0,0,0,0,0,-97,0,1,0,59858483,0,389,0,0,60.2495,128,[-123 81 24 0 -38 -25 -34 -21 -35 -23 -34 -19 -35 -24 -30 -13 -28 -15 -20 -8 -12 -6 -8 0 -7 1 2 -4 3 0 9 -1 9 -4 18 5 17 0 22 -3 20 -6 21 -4 18 -4 17 -2 16 -8 12 -3 7 -2 0 0 0 0 0 0 0 0 0 0 0 0 0 0 0 0 0 0 0 0 0 0 -1 -20 -3 -19 0 -19 1 -18 1 -14 2 -13 0 -13 0 -6 0 -4 4 4 2 9 -3 15 2 18 3 23 6 29 10 33 9 34 7 35 10 31 7 31 5 25 0 20 -1 13 -4 8 -10 0 -17 -10 ]
