type,role,mac,rssi,rate,sig_mode,mcs,bandwidth,smoothing,not_sounding,aggregation,stbc,fec_coding,sgi,noise_floor,ampdu_cnt,channel,secondary_channel,local_timestamp,ant,sig_len,rx_state,real_time_set,real_timestamp,len,CSI_DATA
CSI_DATA,STA,E4:D1:24:F1:02:C0,-84,10,0,0,0,0,0,0,0,0,0,-96,0,13,0,46236,0,389,0,0,0.43998,128,[-123 81 24 0 -5 50 -2 46 -5 40 1 40 1 34 -2 28 0 19 -4 18 -6 3 -2 5 0 0 -6 -10 -4 -10 -2 -16 0 -21 2 -21 -6 -23 2 -24 1 -19 0 -21 1 -17 4 -16 8 -11 9 -6 -4 -2 0 0 0 0 0 0 0 0 0 0 0 0 0 0 0 0 0 0 0 0 0 0 9 17 7 20 7 13 0 16 2 10 0 7 2 1 4 0 -2 -7 3 -10 3 -19 7 -23 11 -27 4 -28 9 -33 7 -32 8 -33 4 -28 2 -24 2 -21 -3 -18 1 -6 -2 0 -2 4 -1 17 -4 29 ]
CSI_DATA,STA,E4:D1:24:F1:41:40,-87,10,0,0,0,0,0,0,0,0,0,-96,0,13,0,55376,0,389,0,0,0.470041,128,[-123 81 24 0 -2 -18 -9 -9 5 -8 4 3 14 1 11 7 15 5 18 11 24 10 22 6 20 14 22 12 20 7 17 8 14 7 6 3 0 6 6 4 -1 5 -2 3 -7 -1 -11 3 -14 3 -16 -4 -23 -6 0 0 0 0 0 0 0 0 0 0 0 0 0 0 0 0 0 0 0 0 0 0 -7 9 -6 3 -8 12 -8 13 -13 13 -10 25 -14 11 -13 19 -12 15 -8 19 -12 21 -8 11 -8 12 -4 8 -9 3 -3 -6 2 -12 1 -18 -2 -18 0 -27 -3 -30 -4 -31 -7 -33 -10 -39 -5 -38 -9 -41 ]
CSI_DATA,STA,E4:D1:24:F1:02:C0,-87,10,0,0,0,0,0,0,0,0,0,-96,0,13,0,129790,0,30,0,0,0.522988,128,[30 -32 1 0 -20 39 -22 29 -18 27 -18 31 -14 36 -17 27 -12 22 -13 16 -7 5 -5 4 -2 2 1 -5 3 -5 7 -8 7 -12 10 -13 21 -9 16 -11 17 -12 19 -5 13 -8 15 1 9 1 7 6 8 -6 0 0 0 0 0 0 0 0 0 0 0 0 0 0 0 0 0 0 0 0 0 0 12 14 10 18 9 13 5 10 8 10 4 5 1 2 -3 -3 7 -9 3 -13 3 -14 7 -19 7 -23 7 -29 10 -32 4 -26 6 -30 6 -34 11 -24 3 -24 3 -19 -6 -12 -3 0 -8 6 -14 13 -13 18 ]
CSI_DATA,STA,E4:D1:24:F1:02:C0,-86,10,0,0,0,0,0,0,0,0,0,-96,0,13,0,148639,0,389,0,0,0.558949,128,[-123 81 24 0 -1 49 -2 41 -2 36 -5 35 -4 29 1 28 -4 22 -1 15 -4 11 1 2 3 -2 0 -11 0 -13 6 -14 6 -9 9 -10 10 -15 18 -15 18 -9 21 -11 11 -3 10 -6 9 2 4 0 4 -10 0 0 0 0 0 0 0 0 0 0 0 0 0 0 0 0 0 0 0 0 0 0 17 -11 14 -5 17 -5 9 -6 9 -3 4 -7 -2 -6 -2 -9 -9 -7 -13 -7 -8 -17 -21 -23 -18 -20 -21 -21 -23 -23 -17 -32 -16 -23 -21 -25 -12 -20 -19 -14 -8 -7 -3 -7 -2 1 -4 12 -8 20 -3 29 ]
CSI_DATA,STA,E4:D1:24:F1:41:40,-86,10,0,0,0,0,0,0,0,0,0,-96,0,13,0,231298,0,34,0,0,0.624275,128,[34 32 2 0 -20 21 -21 30 -13 27 -15 25 -8 30 -15 18 -15 14 -1 10 0 11 -1 6 -8 1 -5 -3 -8 -7 -5 -9 1 -9 -7 -21 -5 -15 -2 -20 0 -17 0 -22 -1 -18 -3 -14 -1 -11 1 -9 -5 -15 0 0 0 0 0 0 0 0 0 0 0 0 0 0 0 0 0 0 0 0 0 0 -18 1 -15 2 -11 -1 -14 1 -12 -3 -5 3 -2 2 1 -2 8 7 8 1 12 0 20 -3 18 -3 23 -8 24 0 27 -8 25 -6 24 -14 25 -6 15 -3 17 -3 7 -3 9 6 0 10 -4 10 -5 16 ]
CSI_DATA,STA,E4:D1:24:F1:41:40,-87,10,0,0,0,0,0,0,0,0,0,-96,0,13,0,260181,0,389,0,0,0.659439,128,[-123 81 24 0 13 -31 10 -37 4 -31 5 -27 3 -29 3 -24 3 -26 4 -12 1 -9 -2 -8 -2 -3 0 0 2 6 -1 7 -1 11 -9 15 -8 17 -7 11 -10 14 -8 14 -13 12 -9 8 -12 5 -10 11 -8 -10 0 0 0 0 0 0 0 0 0 0 0 0 0 0 0 0 0 0 0 0 0 0 -9 -16 -6 -13 -6 -13 -6 -5 -4 -5 -2 1 -10 0 -3 -1 -10 4 -6 9 -5 11 -9 13 -6 14 -8 20 -4 22 -7 29 -1 22 -2 28 -4 19 -5 21 -1 18 2 5 0 2 -2 -4 5 -5 6 -15 ]
CSI_DATA,STA,E4:D1:24:F1:41:40,-86,10,0,0,0,0,0,0,0,0,0,-96,0,13,0,318238,0,141,0,0,0.711158,128,[-115 -48 8 0 -19 24 -24 25 -20 30 -19 29 -21 25 -7 23 -14 22 -13 16 -7 10 -4 1 1 2 3 -7 9 -4 9 -2 17 -14 11 -4 8 -12 21 -14 20 -11 17 -10 15 -5 17 -7 10 2 8 2 1 -6 0 0 0 0 0 0 0 0 0 0 0 0 0 0 0 0 0 0 0 0 0 0 5 13 4 14 5 15 3 12 3 9 4 0 5 2 11 -6 10 -11 5 -14 6 -13 11 -15 10 -16 14 -27 15 -25 17 -24 15 -17 10 -23 12 -25 5 -19 8 -18 7 -15 -2 -1 -6 2 -9 13 -15 17 ]
CSI_DATA,STA,E4:D1:24:F1:41:40,-86,10,0,0,0,0,0,0,0,0,0,-96,0,13,0,464986,0,389,0,0,0.858496,128,[-123 81 24 0 28 -29 28 -30 26 -28 23 -23 17 -26 12 -24 16 -16 11 -11 9 -9 5 1 2 2 -1 8 -4 9 -4 14 -4 17 -2 17 -7 24 -11 22 -8 25 -7 13 -11 13 -9 10 -8 12 -7 7 -18 5 0 0 0 0 0 0 0 0 0 0 0 0 0 0 0 0 0 0 0 0 0 0 19 -3 18 -5 15 0 11 -6 9 -2 7 -4 -1 0 -8 -4 -10 -1 -12 -2 -15 -8 -20 -3 -33 5 -29 6 -30 0 -31 3 -33 6 -32 10 -25 10 -21 3 -16 1 -13 5 -9 -3 6 -5 5 -6 15 -13 ]
CSI_DATA,STA,E4:D1:24:F1:41:40,-86,10,0,0,0,0,0,0,0,0,0,-96,0,13,0,556019,0,64,0,0,0.948931,128,[64 0 4 0 -27 -37 -23 -29 -22 -30 -23 -31 -23 -29 -15 -20 -14 -21 -10 -8 -3 -8 0 -6 6 -6 13 1 9 -1 17 -4 22 -3 22 -3 20 0 19 0 23 -1 21 0 14 4 17 -3 17 4 8 -3 -6 -7 0 0 0 0 0 0 0 0 0 0 0 0 0 0 0 0 0 0 0 0 0 0 17 -12 12 -12 8 -3 8 -6 6 -5 8 -3 -5 -5 -3 1 -11 6 -15 5 -10 16 -13 12 -19 20 -20 21 -18 22 -18 21 -20 25 -11 23 -11 20 -13 18 -6 14 -6 3 -7 -2 -8 -4 -7 -15 -8 -28 ]
CSI_DATA,STA,E4:D1:24:F1:41:40,-87,10,0,0,0,0,0,0,0,0,0,-96,0,13,0,567388,0,389,0,0,0.980962,128,[-123 81 24 0 15 -34 14 -35 10 -40 8 -35 6 -25 5 -24 8 -21 6 -21 0 -7 1 -6 3 3 -1 5 2 11 4 18 2 19 -1 16 2 16 -2 18 -2 16 -4 17 -2 13 -3 16 -6 8 -3 8 -12 9 0 0 0 0 0 0 0 0 0 0 0 0 0 0 0 0 0 0 0 0 0 0 11 -11 9 -8 9 -9 5 -4 7 -6 1 -4 2 -3 -6 1 -4 1 -14 8 -14 8 -14 13 -21 18 -21 15 -26 16 -21 9 -22 14 -20 15 -21 14 -20 14 -13 8 -1 0 0 0 2 -12 8 -22 6 -24 ]
CSI_DATA,STA,E4:D1:24:F1:41:40,-88,10,0,0,0,0,0,0,0,0,0,-96,0,13,0,669811,0,389,0,0,1.06286,128,[-123 81 24 0 8 -24 8 -21 10 -19 5 -25 8 -17 3 -24 12 -12 2 -10 5 -14 4 -19 5 -12 6 -11 -2 7 6 6 4 4 4 8 6 11 7 12 7 13 0 11 1 9 4 13 2 9 0 8 -6 14 0 0 0 0 0 0 0 0 0 0 0 0 0 0 0 0 0 0 0 0 0 0 9 10 12 4 10 6 7 5 7 4 9 4 -4 1 -1 1 -5 2 -11 -4 -7 -5 -16 -7 -20 -4 -15 -2 -17 -5 -23 0 -22 1 -23 -2 -21 3 -19 4 -19 3 -6 -3 -8 7 9 -17 -5 -16 1 -11 ]
CSI_DATA,STA,E4:D1:24:F1:41:40,-89,10,0,0,0,0,0,0,0,0,0,-97,0,13,0,875948,0,389,0,0,1.26939,128,[-123 81 24 0 7 12 9 11 17 8 12 12 18 14 12 9 11 16 5 7 9 6 4 3 1 4 1 5 -3 6 -7 2 -2 0 -6 -4 -8 -2 -14 -5 -7 -4 -9 3 -10 -2 -10 2 -6 -4 -9 -1 -7 -12 0 0 0 0 0 0 0 0 0 0 0 0 0 0 0 0 0 0 0 0 0 0 -6 9 -5 11 -3 10 -6 11 -6 5 1 2 -1 2 3 4 4 0 2 -5 3 -8 1 -10 5 -11 4 -15 3 -15 2 -15 4 -16 -3 -15 -9 -15 3 -16 -3 -16 -6 -18 -3 -17 -2 -4 -2 0 1 4 ]
CSI_DATA,STA,E4:D1:24:F1:41:40,-88,10,0,0,0,0,0,0,0,0,0,-97,0,13,0,1181804,0,389,0,0,1.57496,128,[-123 81 24 0 6 -12 13 -14 8 -17 9 -16 2 -19 6 -21 10 -11 9 -9 -2 -12 2 -4 7 -5 10 -6 4 4 8 1 7 1 12 1 10 8 8 0 11 3 11 9 9 0 4 4 3 1 6 7 -6 3 0 0 0 0 0 0 0 0 0 0 0 0 0 0 0 0 0 0 0 0 0 0 -8 10 -12 13 -8 7 -9 4 -9 7 -6 3 -2 -1 4 -1 -4 -4 1 -6 -4 -9 0 -9 -3 -12 -9 -17 -8 -9 -11 -14 -5 -17 -16 -11 -8 -9 -9 -4 -9 -7 -8 -8 2 1 -5 -8 0 -6 10 -11 ]
CSI_DATA,STA,E4:D1:24:F1:41:40,-87,10,0,0,0,0,0,0,0,0,0,-97,0,13,0,2103426,0,389,0,0,2.49681,128,[-123 81 24 0 -29 11 -27 14 -24 10 -27 16 -20 13 -15 13 -13 14 -11 10 -11 8 -8 7 -15 3 -9 3 -12 -1 -8 -3 -13 -7 -17 -6 -17 -8 -14 0 -14 -4 -15 -6 -14 -9 -11 -8 -4 -9 -4 -2 -10 -10 0 0 0 0 0 0 0 0 0 0 0 0 0 0 0 0 0 0 0 0 0 0 16 2 11 1 13 0 8 4 6 4 7 7 5 0 -3 2 -1 10 -5 11 -10 11 -7 11 -6 13 -9 24 -5 17 -4 22 0 21 3 22 3 24 -1 9 -2 14 -1 12 -3 9 -14 5 -12 11 -17 5 ]
CSI_DATA,STA,E4:D1:24:F1:41:40,-86,10,0,0,0,0,0,0,0,0,0,-97,0,13,0,2205832,0,389,0,0,2.59883,128,[-123 81 24 0 0 22 3 26 9 25 10 20 7 22 7 14 11 15 7 14 6 10 4 10 2 7 -5 5 -6 8 -5 9 -13 9 -16 8 -12 8 -8 5 -19 6 -19 10 -9 7 -9 6 -9 4 -9 2 -21 -1 0 0 0 0 0 0 0 0 0 0 0 0 0 0 0 0 0 0 0 0 0 0 4 -16 3 -15 2 -14 1 -13 6 -10 1 -5 4 -4 5 -1 4 8 5 10 10 6 14 3 11 9 15 8 17 10 17 6 20 1 17 5 14 8 19 2 17 1 11 -1 12 8 10 7 3 9 1 11 ]
CSI_DATA,STA,E4:D1:24:F1:41:40,-84,10,0,0,0,0,0,0,0,0,0,-97,0,13,0,2717845,0,389,0,0,3.1109,128,[-123 81 24 0 -19 -39 -21 -33 -20 -33 -15 -34 -4 -16 -13 -42 -20 -25 -9 -14 -8 -12 -7 -10 5 -7 8 -7 11 2 9 -1 18 -1 17 6 17 5 18 6 12 7 14 8 11 2 12 6 7 8 10 13 -3 17 0 0 0 0 0 0 0 0 0 0 0 0 0 0 0 0 0 0 0 0 0 0 12 -19 12 -14 11 -13 7 -10 5 -11 3 -11 3 -3 0 4 -8 1 -4 10 -7 10 -13 16 -9 20 -14 25 -10 29 -16 28 -14 29 -8 28 -5 24 -5 21 -4 22 -5 13 -4 2 -4 -2 -14 -13 -13 -13 ]
CSI_DATA,STA,E4:D1:24:F1:41:40,-85,10,0,0,0,0,0,0,0,0,0,-97,0,13,0,2820347,0,389,0,0,3.2135,128,[-123 81 24 0 32 -6 28 -13 26 -14 25 -19 29 -12 21 -10 12 -17 12 -9 7 -11 10 -3 3 3 3 1 7 7 -2 8 -5 9 -3 14 -4 14 -2 15 -5 18 -5 22 -12 16 -6 10 -9 14 -4 7 2 6 0 0 0 0 0 0 0 0 0 0 0 0 0 0 0 0 0 0 0 0 0 0 3 15 1 15 4 16 -1 15 1 9 2 7 -2 3 -3 1 -2 -5 -5 -5 -10 -18 -11 -13 -9 -24 -12 -20 -10 -18 -19 -18 -17 -18 -22 -19 -19 -12 -16 -12 -17 -8 -10 -7 -2 -11 1 0 10 -6 16 -4 ]
CSI_DATA,STA,E4:D1:24:F1:41:40,-85,10,0,0,0,0,0,0,0,0,0,-97,0,13,0,2922650,0,389,0,0,3.3157,128,[-123 81 24 0 23 -21 34 -19 24 -22 27 -21 23 -23 26 -14 20 -17 14 -12 11 -10 8 -5 4 -2 1 7 -2 12 -4 5 -6 11 -5 13 -12 17 -14 18 -14 17 -12 16 -13 10 -8 7 -7 10 -4 5 -2 7 0 0 0 0 0 0 0 0 0 0 0 0 0 0 0 0 0 0 0 0 0 0 14 -2 19 2 14 0 13 2 6 4 4 1 0 0 -6 1 -5 -7 -8 -2 -15 -4 -13 -1 -21 0 -22 -4 -24 -2 -28 -5 -29 2 -20 5 -21 5 -24 6 -18 0 -10 -7 -7 4 3 -2 10 -7 13 -10 ]
CSI_DATA,STA,E4:D1:24:F1:41:40,-85,10,0,0,0,0,0,0,0,0,0,-97,0,13,0,3127455,0,389,0,0,3.52045,128,[-123 81 24 0 -24 21 -21 20 -20 17 -19 16 -15 16 -16 18 -13 13 -7 12 -3 10 -2 5 -11 -1 -6 -1 -7 -5 -1 -11 -7 -8 -7 -15 -3 -17 -5 -20 -2 -19 -1 -20 -4 -16 3 -16 0 -17 2 -6 7 -11 0 0 0 0 0 0 0 0 0 0 0 0 0 0 0 0 0 0 0 0 0 0 -6 -14 -7 -14 -6 -9 -7 -11 -7 -9 -3 -5 -7 0 0 0 3 0 1 9 4 3 5 14 10 16 14 16 23 15 21 10 24 12 22 11 19 9 15 5 7 5 11 -4 7 7 -5 6 -10 8 -11 6 ]
CSI_DATA,STA,E4:D1:24:F1:41:40,-86,10,0,0,0,0,0,0,0,0,0,-97,0,13,0,3229958,0,389,0,0,3.62297,128,[-123 81 24 0 4 -32 -2 -27 -3 -29 -8 -31 -11 -27 -10 -20 -8 -10 -8 -16 -1 -13 -1 -11 4 -6 4 -2 12 -5 12 -1 10 1 12 7 16 0 17 8 20 1 14 2 12 4 9 7 5 5 4 7 -3 -5 0 0 0 0 0 0 0 0 0 0 0 0 0 0 0 0 0 0 0 0 0 0 15 2 15 4 7 2 8 4 5 0 7 5 0 3 -5 0 -3 6 -4 0 -12 -5 -15 0 -21 2 -21 2 -24 9 -27 7 -25 7 -21 7 -18 9 -19 8 -13 4 -10 -1 -12 -3 0 -5 -4 -8 0 -13 ]
CSI_DATA,STA,E4:D1:24:F1:41:40,-86,10,0,0,0,0,0,0,0,0,0,-97,0,13,0,3434662,0,389,0,0,3.82776,128,[-123 81 24 0 13 26 19 21 20 20 17 14 9 9 9 16 6 13 6 3 -3 2 -3 5 -6 4 -6 2 -11 -1 -12 4 -17 6 -25 4 -20 0 -18 5 -18 1 -17 6 -15 3 -10 4 -13 -2 -4 -2 -13 -4 0 0 0 0 0 0 0 0 0 0 0 0 0 0 0 0 0 0 0 0 0 0 -16 1 -15 -2 -13 -4 -10 -2 -9 -5 -5 -5 -4 -5 0 -12 3 1 9 0 11 -2 13 -4 17 -9 14 -4 21 -15 17 -8 16 -18 20 -13 13 -11 11 -10 9 -8 12 -4 5 2 12 10 4 7 14 13 ]
CSI_DATA,STA,E4:D1:24:F1:41:40,-86,10,0,0,0,0,0,0,0,0,0,-97,0,13,0,3537065,0,389,0,0,3.93008,128,[-123 81 24 0 -8 25 -6 20 -2 31 -3 30 0 16 -5 21 -8 18 -3 10 -9 13 -3 7 -13 7 -9 5 -16 2 -11 5 -14 6 -14 5 -17 5 -20 5 -13 4 -15 5 -15 1 -10 1 -4 -1 -8 -1 -14 5 0 0 0 0 0 0 0 0 0 0 0 0 0 0 0 0 0 0 0 0 0 0 11 -14 13 -10 6 -12 7 -5 8 -5 4 -5 3 2 3 2 4 6 3 6 4 4 3 19 6 14 9 14 8 17 15 19 12 18 21 16 14 8 12 10 15 8 9 1 9 14 2 16 3 18 -3 25 ]
CSI_DATA,STA,E4:D1:24:F1:41:40,-86,10,0,0,0,0,0,0,0,0,0,-97,0,13,0,3741870,0,389,0,0,4.13486,128,[-123 81 24 0 14 -25 11 -32 2 -21 0 -27 0 -19 -1 -18 1 -6 4 -5 4 -3 9 -3 7 1 13 2 10 4 14 2 20 1 15 0 21 2 21 0 13 2 10 2 8 1 4 -1 4 1 4 -1 -2 13 0 0 0 0 0 0 0 0 0 0 0 0 0 0 0 0 0 0 0 0 0 0 -2 8 -5 9 -4 9 -4 0 -1 2 0 0 -1 -5 -2 -3 -2 -7 -8 -10 -6 -11 -10 -13 -8 -15 -16 -13 -19 -12 -15 -13 -11 -17 -15 -9 -7 -11 -10 -7 -10 -6 -1 -9 2 -11 2 -16 12 -19 11 -16 ]
CSI_DATA,STA,E4:D1:24:F1:41:40,-87,10,0,0,0,0,0,0,0,0,0,-97,0,13,0,3844273,0,389,0,0,4.23738,128,[-123 81 24 0 12 -24 13 -17 15 -21 15 -19 11 -22 7 -21 10 -21 6 -17 7 -14 4 -6 9 -7 10 -5 5 -4 11 1 12 5 16 2 20 1 12 3 9 3 13 7 11 4 12 4 10 4 6 1 12 11 0 0 0 0 0 0 0 0 0 0 0 0 0 0 0 0 0 0 0 0 0 0 -9 9 -11 8 -13 8 -12 6 -7 8 -7 8 -6 3 -3 2 1 -1 2 -9 1 -11 -3 -12 -2 -13 -6 -20 -4 -17 -12 -18 -11 -21 -15 -21 -16 -17 -19 -20 -11 -13 -6 -8 -5 -19 -5 -19 -4 -8 8 -10 ]
CSI_DATA,STA,E4:D1:24:F1:41:40,-87,10,0,0,0,0,0,0,0,0,0,-97,0,13,0,4049078,0,389,0,0,4.44228,128,[-123 81 24 0 -27 -19 -23 -17 -29 -16 -25 -5 -22 -10 -17 -8 -16 -8 -12 -3 2 -7 -3 -4 -3 -4 2 -3 5 -7 7 -10 11 -7 9 -13 10 -9 11 1 11 -10 11 -4 9 -6 8 -7 9 -4 6 -9 7 11 0 0 0 0 0 0 0 0 0 0 0 0 0 0 0 0 0 0 0 0 0 0 10 -8 13 -5 13 -7 10 -6 5 1 6 1 3 -2 0 3 -5 11 -9 10 -12 3 -5 11 -12 16 -14 17 -11 16 -11 19 -11 20 -9 22 -4 12 -3 19 -5 16 -3 10 -7 3 -16 -4 -12 -5 -20 -8 ]
CSI_DATA,STA,E4:D1:24:F1:41:40,-87,10,0,0,0,0,0,0,0,0,0,-97,0,13,0,4356285,0,389,0,0,4.7493,128,[-123 81 24 0 18 -28 16 -27 20 -23 17 -21 20 -20 11 -15 8 -10 5 -16 8 -3 0 0 -6 0 -4 7 -2 11 -4 9 -8 10 -5 14 -16 13 -10 12 -7 9 -14 10 -10 10 -6 11 -13 9 -1 1 -13 8 0 0 0 0 0 0 0 0 0 0 0 0 0 0 0 0 0 0 0 0 0 0 2 -15 3 -14 7 -15 1 -9 2 -5 3 -1 -8 -1 -5 5 -6 6 -11 6 -12 9 -14 13 -15 15 -15 14 -19 11 -15 20 -13 15 -18 18 -12 17 -8 9 -8 11 -4 6 0 0 9 -9 13 -10 12 -12 ]
CSI_DATA,STA,E4:D1:24:F1:41:40,-87,10,0,0,0,0,0,0,0,0,0,-97,0,13,0,4561090,0,389,0,0,4.9541,128,[-123 81 24 0 -31 17 -27 16 -19 18 -22 14 -13 20 -13 16 -13 9 -6 7 -5 1 -5 -2 0 -5 2 -7 -8 -15 -11 -18 -6 -11 -6 -18 -10 -18 -6 -16 -8 -23 -4 -17 -7 -16 -5 -12 -4 -8 -5 -10 3 -14 0 0 0 0 0 0 0 0 0 0 0 0 0 0 0 0 0 0 0 0 0 0 2 -14 0 -17 4 -11 2 -11 0 -6 1 0 -1 -2 -1 3 3 8 0 12 -1 12 6 15 5 16 8 16 11 14 13 13 13 16 8 15 8 10 7 10 6 5 -2 3 -5 -3 -5 7 -16 8 -18 4 ]
CSI_DATA,STA,E4:D1:24:F1:41:40,-85,10,0,0,0,0,0,0,0,0,0,-97,0,13,0,4663493,0,389,0,0,5.05649,128,[-123 81 24 0 36 8 34 6 33 2 26 0 23 -4 23 -2 16 -4 12 0 5 4 -1 5 -2 3 -10 6 -6 12 -12 12 -15 11 -14 12 -11 8 -15 10 -16 16 -17 11 -12 12 -13 2 -12 1 -14 6 8 -8 0 0 0 0 0 0 0 0 0 0 0 0 0 0 0 0 0 0 0 0 0 0 3 16 2 16 -2 12 -2 11 -2 1 -1 2 -6 -2 -10 -5 -7 -9 -1 -13 -5 -17 -4 -25 -2 -23 -6 -27 -9 -23 -11 -28 -10 -17 -6 -23 -13 -20 -3 -21 -9 -10 -4 -6 5 -4 10 0 20 1 20 -1 ]
CSI_DATA,STA,E4:D1:24:F1:41:40,-86,10,0,0,0,0,0,0,0,0,0,-97,0,13,0,4764792,0,64,0,0,5.15758,128,[64 0 4 0 -32 10 -27 12 -34 13 -24 16 -20 16 -19 21 -14 11 -10 6 -7 8 -5 3 -10 -3 -1 -8 0 -10 3 -10 0 -7 -1 -18 1 -20 -2 -18 2 -18 -1 -16 2 -18 3 -13 2 -9 5 -10 8 3 0 0 0 0 0 0 0 0 0 0 0 0 0 0 0 0 0 0 0 0 0 0 -6 -21 -5 -12 -8 -16 2 -15 1 -13 -2 -7 3 -1 2 5 1 5 5 9 5 15 13 19 11 15 15 23 17 23 12 19 20 14 20 10 14 9 12 6 7 5 2 0 -4 5 -3 8 -11 7 -19 -2 ]
CSI_DATA,STA,E4:D1:24:F1:41:40,-87,10,0,0,0,0,0,0,0,0,0,-97,0,13,0,4868318,0,389,0,0,5.26141,128,[-123 81 24 0 -33 2 -25 6 -25 6 -23 7 -25 12 -17 8 -10 6 -8 4 -8 0 -8 0 -2 -7 0 -1 1 -9 2 -12 1 -8 -1 -16 2 -15 5 -21 3 -18 1 -16 0 -12 -3 -12 0 -7 -1 -4 4 -16 0 0 0 0 0 0 0 0 0 0 0 0 0 0 0 0 0 0 0 0 0 0 0 -17 -1 -12 -1 -17 4 -15 2 -7 5 -8 0 2 -4 2 -1 10 2 10 4 12 7 15 12 15 9 16 11 19 12 16 10 21 9 19 9 14 7 10 8 10 -4 5 -6 6 -9 9 -13 5 -20 1 ]
CSI_DATA,STA,E4:D1:24:F1:41:40,-85,10,0,0,0,0,0,0,0,0,0,-97,0,13,0,4970781,0,389,0,0,5.36379,128,[-123 81 24 0 32 10 28 10 28 10 25 4 23 11 16 5 16 -4 8 1 7 0 4 7 -10 2 -5 5 -7 12 -10 9 -7 9 -15 13 -17 8 -15 10 -12 11 -16 10 -8 7 -11 7 -5 10 -3 4 -12 -7 0 0 0 0 0 0 0 0 0 0 0 0 0 0 0 0 0 0 0 0 0 0 -10 12 -12 11 -10 10 -11 4 -10 5 -1 -2 -3 -4 1 -13 -4 -14 -1 -14 4 -14 6 -25 7 -18 8 -22 1 -26 -2 -24 2 -25 0 -19 0 -19 4 -15 1 -6 6 -8 12 -1 12 1 23 6 25 15 ]
CSI_DATA,STA,E4:D1:24:F1:41:40,-85,10,0,0,0,0,0,0,0,0,0,-97,0,13,0,5073103,0,389,0,0,5.46612,128,[-123 81 24 0 21 -21 25 -26 21 -23 18 -21 14 -22 12 -15 11 -14 7 -15 7 -13 6 0 5 -7 0 6 -2 10 2 13 4 11 3 11 -4 15 -3 10 -8 18 0 19 -2 12 -6 13 -5 13 -8 11 -4 -3 0 0 0 0 0 0 0 0 0 0 0 0 0 0 0 0 0 0 0 0 0 0 18 6 12 4 10 3 7 6 5 4 -1 2 -5 -1 -11 -1 -12 -3 -16 -5 -18 1 -22 -7 -25 -7 -30 -4 -27 -5 -24 -5 -22 -9 -22 -2 -19 -4 -17 -1 -12 -2 -4 -9 1 -5 1 -13 10 -9 17 -21 ]
CSI_DATA,STA,E4:D1:24:F1:41:40,-85,10,0,0,0,0,0,0,0,0,0,-97,0,13,0,5277908,0,389,0,0,5.67091,128,[-123 81 24 0 -13 -24 -18 -30 -16 -35 -16 -31 -16 -28 -11 -24 -8 -20 -5 -8 -3 -9 1 -7 0 -5 3 2 -1 3 4 6 8 11 10 13 5 21 5 19 0 15 -4 22 0 17 -5 11 -2 9 -3 7 2 1 0 0 0 0 0 0 0 0 0 0 0 0 0 0 0 0 0 0 0 0 0 0 -15 -12 -10 -11 -12 -9 -10 -6 -2 -5 -2 -5 -4 2 5 0 4 5 8 6 4 13 8 22 4 22 7 27 6 27 7 26 10 28 14 24 5 18 3 21 4 10 2 3 4 -1 4 -3 -6 -13 -6 -21 ]
CSI_DATA,STA,E4:D1:24:F1:41:40,-86,10,0,0,0,0,0,0,0,0,0,-97,0,13,0,5482713,0,389,0,0,5.87576,128,[-123 81 24 0 -23 -19 -29 -18 -26 -24 -21 -20 -19 -12 -28 -7 -16 -6 -17 -4 -6 -9 -3 -5 -5 -5 0 -5 0 -2 8 -4 7 -6 15 -4 20 -5 10 -7 18 -2 13 -5 15 -1 14 3 16 1 9 0 -2 11 0 0 0 0 0 0 0 0 0 0 0 0 0 0 0 0 0 0 0 0 0 0 9 -17 10 -15 14 -12 6 -10 5 -5 5 -6 4 -3 1 2 -4 4 -8 10 -2 10 -5 20 -9 14 -11 20 -13 27 -7 26 -4 16 -5 26 -2 20 0 17 0 13 -2 8 -2 4 -8 -4 -10 -10 -14 -13 ]
CSI_DATA,STA,E4:D1:24:F1:41:40,-86,10,0,0,0,0,0,0,0,0,0,-97,0,13,0,5688182,0,389,0,0,6.08119,128,[-123 81 24 0 24 -17 26 -15 28 -11 23 -16 24 -7 21 -18 19 -7 11 -6 7 -4 6 -4 2 1 -3 -1 0 6 -6 9 -9 8 -15 7 -11 10 -11 6 -14 5 -15 3 -13 -1 -14 4 -10 -2 -7 -5 -8 11 0 0 0 0 0 0 0 0 0 0 0 0 0 0 0 0 0 0 0 0 0 0 11 -8 11 -7 12 -5 11 -3 2 0 2 -2 -3 -1 -8 0 -11 -3 -16 5 -13 3 -15 4 -16 0 -19 0 -22 3 -24 4 -25 5 -19 4 -19 6 -14 1 -13 0 -9 -2 4 -2 8 -1 11 -11 17 -11 ]
CSI_DATA,STA,E4:D1:24:F1:41:40,-86,10,0,0,0,0,0,0,0,0,0,-97,0,13,0,5805415,0,64,0,0,6.19828,128,[64 0 4 0 -10 31 -5 31 2 28 -4 24 -6 22 -4 22 -4 18 -5 14 -2 10 0 2 -6 1 -7 -2 0 -7 -12 -5 -5 -8 -7 -12 -7 -17 -9 -16 -7 -18 -10 -18 -6 -15 -1 -14 -2 -12 0 -10 -5 -11 0 0 0 0 0 0 0 0 0 0 0 0 0 0 0 0 0 0 0 0 0 0 -18 5 -17 5 -17 6 -11 5 -6 2 -4 1 -5 -1 -3 -1 7 -2 3 -10 12 -12 17 -8 17 -9 23 -15 13 -11 20 -10 20 -12 20 -15 22 -7 14 -11 8 -8 7 -6 1 5 1 9 3 13 -6 10 ]
CSI_DATA,STA,E4:D1:24:F1:41:40,-88,10,0,0,0,0,0,0,0,0,0,-97,0,13,0,6199530,0,389,0,0,6.59241,128,[-123 81 24 0 2 -25 -2 -25 1 -25 -4 -22 -5 -25 -2 -17 1 -16 -10 -12 0 -12 2 -8 -1 -8 2 -1 13 1 8 6 7 6 11 7 8 7 13 8 6 11 8 13 5 15 8 8 1 10 -1 3 14 10 0 0 0 0 0 0 0 0 0 0 0 0 0 0 0 0 0 0 0 0 0 0 11 -9 13 -6 11 -9 9 -4 5 -5 5 0 4 -6 -1 1 -3 4 -3 2 -7 5 -6 6 -12 10 -12 13 -14 10 -21 10 -20 15 -12 13 -18 13 -12 13 -12 12 -9 7 -7 5 -3 1 3 -9 -1 -14 ]
CSI_DATA,STA,E4:D1:24:F1:41:40,-88,10,0,0,0,0,0,0,0,0,0,-97,0,13,0,6302106,0,389,0,0,6.69512,128,[-123 81 24 0 -23 3 -27 4 -30 9 -28 6 -16 2 -19 8 -23 4 -11 6 -12 1 -3 4 -2 -3 -3 -9 6 -8 1 -9 1 -7 9 -13 5 -14 5 -10 10 -11 10 -6 11 -8 10 -8 7 -12 4 -3 15 -2 0 0 0 0 0 0 0 0 0 0 0 0 0 0 0 0 0 0 0 0 0 0 -12 -13 -1 -11 -4 -12 -5 -8 -4 -7 -2 -6 -2 4 -1 5 4 2 4 -2 10 11 12 12 12 10 15 19 15 15 17 12 12 14 14 11 16 12 11 9 5 5 6 11 1 7 -7 2 -10 1 -20 1 ]
CSI_DATA,STA,E4:D1:24:F1:41:40,-87,10,0,0,0,0,0,0,0,0,0,-97,0,13,0,6404335,0,389,0,0,6.79744,128,[-123 81 24 0 -26 -5 -27 -3 -32 3 -27 2 -20 6 -16 10 -17 11 -15 6 -12 -1 -7 2 -10 3 -2 -9 -4 -8 -5 -7 -1 -13 -2 -9 -3 -15 -2 -17 -8 -21 0 -14 0 -15 -1 -12 -3 -15 0 -9 3 -16 0 0 0 0 0 0 0 0 0 0 0 0 0 0 0 0 0 0 0 0 0 0 12 -5 14 -10 14 -6 13 -7 9 -9 4 -8 5 1 -1 3 -4 4 -5 11 -5 13 -5 18 -7 17 -9 17 -2 17 -3 24 -5 21 -1 27 1 21 2 16 1 15 -2 15 -8 7 -9 3 -16 0 -13 -2 ]
CSI_DATA,STA,E4:D1:24:F1:41:40,-88,10,0,0,0,0,0,0,0,0,0,-97,0,13,0,6916348,0,389,0,0,7.30945,128,[-123 81 24 0 -11 -28 -12 -26 -12 -25 -14 -23 -15 -16 -12 -14 -3 -11 -3 -9 -4 -5 -1 -2 12 -1 15 1 12 0 14 1 13 0 9 2 16 2 15 -4 13 1 10 1 12 0 7 1 8 6 7 5 -8 -1 0 0 0 0 0 0 0 0 0 0 0 0 0 0 0 0 0 0 0 0 0 0 12 -2 10 -2 14 0 10 -1 5 3 -2 3 -5 4 -10 2 -8 -2 -18 5 -13 11 -8 12 -16 12 -19 10 -15 13 -16 10 -16 11 -10 15 -10 12 -10 8 -4 1 -6 2 -8 -6 -8 -17 -7 -15 -4 -20 ]
CSI_DATA,STA,E4:D1:24:F1:41:40,-85,10,0,0,0,0,0,0,0,0,0,-97,0,13,0,7121153,0,389,0,0,7.51415,128,[-123 81 24 0 -10 -30 -17 -29 -19 -25 -20 -21 -17 -20 -17 -12 -16 -10 -10 -8 -6 -8 -6 -8 6 -9 0 -9 8 -12 13 -14 10 -15 10 -9 12 -16 10 -16 14 -13 7 -15 3 -10 7 -12 5 -9 12 -8 10 7 0 0 0 0 0 0 0 0 0 0 0 0 0 0 0 0 0 0 0 0 0 0 10 15 5 12 1 15 0 11 4 6 1 2 -3 8 -10 0 -13 1 -12 -4 -13 1 -20 -1 -22 0 -24 1 -29 -1 -24 7 -21 0 -20 5 -23 6 -12 1 -18 0 -8 0 -6 -2 -10 -12 -10 -13 -7 -19 ]
CSI_DATA,STA,E4:D1:24:F1:41:40,-86,10,0,0,0,0,0,0,0,0,0,-97,0,13,0,7223555,0,389,0,0,7.61656,128,[-123 81 24 0 20 26 25 25 26 25 22 20 17 15 13 13 14 10 4 9 5 9 1 6 -4 8 -8 10 -13 6 -12 10 -14 12 -15 13 -12 14 -17 10 -14 10 -15 11 -12 12 -9 9 -6 11 -4 -4 -5 11 0 0 0 0 0 0 0 0 0 0 0 0 0 0 0 0 0 0 0 0 0 0 -18 -11 -15 -13 -9 -11 -4 -11 -7 -3 -4 -4 5 -5 1 -1 11 1 15 -1 17 -2 22 1 25 -4 26 -9 19 -8 27 -13 21 -13 18 -15 17 -14 18 -13 16 1 12 3 9 7 7 9 16 14 14 24 ]
CSI_DATA,STA,E4:D1:24:F1:41:40,-87,10,0,0,0,0,0,0,0,0,0,-97,0,13,0,7429577,0,389,0,0,7.82268,128,[-123 81 24 0 -16 36 -5 33 -6 26 3 33 0 24 4 15 -1 9 -7 12 -3 3 -8 0 -9 3 -10 -2 -13 -2 -14 -1 -17 -2 -21 -6 -22 -3 -21 -2 -22 -5 -20 0 -19 -1 -11 -3 -6 3 -5 2 -11 -9 0 0 0 0 0 0 0 0 0 0 0 0 0 0 0 0 0 0 0 0 0 0 2 -19 4 -17 6 -10 -1 -11 3 -9 4 -3 4 -1 8 5 10 3 11 5 11 12 13 14 15 14 21 11 14 15 15 14 19 8 20 8 14 7 7 12 9 6 3 6 -7 11 -2 11 -13 20 -11 21 ]
CSI_DATA,STA,E4:D1:24:F1:41:40,-85,10,0,0,0,0,0,0,0,0,0,-97,0,13,0,7633166,0,389,0,0,8.02618,128,[-123 81 24 0 -22 31 -13 26 -15 23 -15 27 -9 20 -10 17 1 10 -6 6 -8 6 -8 -1 -17 -5 -11 -8 -11 -7 -16 -9 -17 -7 -16 -10 -20 -14 -17 -11 -13 -11 -21 -6 -14 -10 -11 -10 -4 -10 -5 -9 8 2 0 0 0 0 0 0 0 0 0 0 0 0 0 0 0 0 0 0 0 0 0 0 2 -14 6 -16 1 -7 1 -8 2 -6 0 -6 2 4 2 2 3 12 3 13 3 10 4 13 12 17 9 17 11 22 17 16 15 13 12 17 13 14 14 8 4 8 0 14 -1 4 -10 12 -16 15 -12 20 ]
CSI_DATA,STA,E4:D1:24:F1:41:40,-85,10,0,0,0,0,0,0,0,0,0,-97,0,13,0,7837971,0,389,0,0,8.23114,128,[-123 81 24 0 31 11 30 6 32 5 26 5 21 -2 26 1 15 -4 9 9 3 1 -2 7 -1 7 -5 9 -7 13 -8 11 -12 20 -10 20 -9 18 -10 21 -12 17 -8 19 -8 12 -7 12 -4 5 -7 7 7 -2 0 0 0 0 0 0 0 0 0 0 0 0 0 0 0 0 0 0 0 0 0 0 -14 8 -17 6 -15 5 -9 5 -13 -3 0 -1 -6 -6 -1 -5 7 -17 7 -15 12 -13 7 -16 12 -24 10 -22 11 -20 5 -24 6 -23 5 -19 1 -16 3 -13 3 -12 11 -6 12 4 18 5 17 7 23 15 ]
CSI_DATA,STA,E4:D1:24:F1:41:40,-86,10,0,0,0,0,0,0,0,0,0,-97,0,13,0,7964829,0,64,0,0,8.35795,128,[64 0 4 0 16 -30 11 -37 9 -33 4 -27 14 -13 -6 -27 3 -11 5 -10 7 -4 1 -5 8 1 10 -1 10 7 19 6 17 9 20 5 22 7 14 8 17 6 16 10 17 7 12 5 8 6 8 5 -8 -4 0 0 0 0 0 0 0 0 0 0 0 0 0 0 0 0 0 0 0 0 0 0 -1 18 -3 15 0 15 0 6 -3 7 -3 1 -8 1 -10 -5 -8 -9 -11 -13 -18 -18 -15 -11 -16 -17 -22 -15 -25 -11 -23 -16 -21 -18 -17 -9 -14 -4 -14 -6 -6 -11 -4 -10 -4 -14 5 -15 16 -22 17 -20 ]
CSI_DATA,STA,E4:D1:24:F1:41:40,-85,10,0,0,0,0,0,0,0,0,0,-97,0,13,0,8042776,0,389,0,0,8.43561,128,[-123 81 24 0 26 -17 24 -19 20 -20 23 -21 15 -22 14 -18 10 -8 10 -13 9 -8 4 -5 5 4 11 8 16 12 10 13 16 12 12 13 11 15 17 17 13 13 13 9 12 10 9 9 6 9 0 11 2 -4 0 0 0 0 0 0 0 0 0 0 0 0 0 0 0 0 0 0 0 0 0 0 -15 9 -16 9 -10 7 -13 8 -5 1 -5 -4 -3 -7 0 -7 4 -13 -3 -12 0 -17 -2 -21 -1 -23 -6 -20 -7 -27 -5 -18 -8 -25 -10 -18 -5 -23 -12 -13 -6 -14 2 -10 8 -12 15 -10 20 -12 29 -11 ]
CSI_DATA,STA,E4:D1:24:F1:41:40,-84,10,0,0,0,0,0,0,0,0,0,-97,0,13,0,8145178,0,389,0,0,8.53819,128,[-123 81 24 0 -34 14 -32 13 -31 14 -28 20 -27 18 -18 12 -20 12 -15 6 -15 0 -1 -5 -9 -6 6 -7 -3 -12 -8 -16 -4 -17 -16 -22 -8 -21 -8 -20 -9 -20 -8 -15 -9 -18 -6 -14 -9 -8 -3 -8 1 -13 0 0 0 0 0 0 0 0 0 0 0 0 0 0 0 0 0 0 0 0 0 0 14 -10 13 -9 12 -12 8 -6 4 -3 5 -3 0 5 1 10 -4 10 -3 15 -5 14 -2 21 -4 22 2 26 0 22 6 24 3 25 1 21 7 22 3 21 -1 11 -10 19 -13 8 -9 7 -21 2 -28 6 ]
CSI_DATA,STA,E4:D1:24:F1:41:40,-84,10,0,0,0,0,0,0,0,0,0,-97,0,13,0,8247581,0,389,0,0,8.64058,128,[-123 81 24 0 35 16 29 20 29 14 29 21 22 11 23 11 16 11 11 6 4 9 2 9 -3 3 -10 11 -15 7 -14 8 -19 10 -20 12 -22 8 -21 10 -16 9 -14 10 -13 3 -12 7 -12 3 -9 1 2 -14 0 0 0 0 0 0 0 0 0 0 0 0 0 0 0 0 0 0 0 0 0 0 -21 10 -17 13 -16 9 -12 5 -10 5 -6 -3 -6 -3 4 -4 8 -9 5 -16 11 -11 5 -18 13 -25 12 -25 13 -24 10 -32 12 -31 7 -22 1 -25 1 -13 3 -10 7 -6 10 0 15 8 11 8 19 15 ]
CSI_DATA,STA,E4:D1:24:F1:41:40,-85,10,0,0,0,0,0,0,0,0,0,-97,0,13,0,8554788,0,389,0,0,8.94782,128,[-123 81 24 0 -26 20 -25 23 -25 27 -23 17 -22 17 -18 13 -13 12 -14 6 -7 2 -9 0 -7 -8 -6 -13 -4 -8 -8 -16 -10 -17 -12 -20 -14 -18 -10 -19 -15 -19 -7 -18 -8 -15 -6 -9 -1 -10 5 -7 -7 -4 0 0 0 0 0 0 0 0 0 0 0 0 0 0 0 0 0 0 0 0 0 0 9 -17 6 -19 5 -12 3 -13 3 -7 5 0 2 1 0 8 3 5 10 14 5 17 6 20 9 24 8 24 12 23 13 20 14 22 17 18 9 13 14 20 6 11 6 1 -6 14 -13 10 -15 6 -19 13 ]
CSI_DATA,STA,E4:D1:24:F1:41:40,-85,10,0,0,0,0,0,0,0,0,0,-97,0,13,0,8861996,0,389,0,0,9.25529,128,[-123 81 24 0 31 -24 26 -29 21 -29 15 -26 11 -18 12 -18 7 -8 8 -10 -1 -3 -1 3 -2 6 1 10 -3 16 -1 16 4 20 1 22 -7 23 -2 21 2 22 -2 19 4 13 0 8 1 9 5 4 -12 -3 0 0 0 0 0 0 0 0 0 0 0 0 0 0 0 0 0 0 0 0 0 0 16 8 11 6 9 6 10 2 -2 2 -4 1 -2 -2 -12 -2 -11 -5 -20 -3 -20 -3 -24 -8 -24 -3 -24 -5 -27 -9 -27 -3 -23 -9 -17 0 -17 -4 -8 -4 -4 -4 4 -9 11 -8 15 -9 14 -20 25 -25 ]
CSI_DATA,STA,E4:D1:24:F1:41:40,-85,10,0,0,0,0,0,0,0,0,0,-97,0,13,0,8964399,0,389,0,0,9.35744,128,[-123 81 24 0 -15 35 -15 34 -5 30 -6 29 -7 23 -5 17 -1 16 -7 8 -2 3 -4 3 -6 -4 -14 -3 -19 -3 -20 -8 -24 -11 -20 -13 -16 -7 -17 -6 -16 -7 -20 -1 -14 -3 -12 -4 -9 -4 0 -2 0 8 0 0 0 0 0 0 0 0 0 0 0 0 0 0 0 0 0 0 0 0 0 0 -5 -18 0 -13 0 -12 1 -8 2 -4 -2 -2 7 5 4 6 8 8 13 6 15 10 20 17 16 14 15 14 23 10 25 10 16 8 21 7 13 2 9 5 5 1 -2 13 -8 8 -11 14 -12 18 -18 30 ]
CSI_DATA,STA,E4:D1:24:F1:41:40,-84,10,0,0,0,0,0,0,0,0,0,-97,0,13,0,9066801,0,389,0,0,9.45982,128,[-123 81 24 0 30 32 26 15 26 20 28 17 26 11 19 9 12 6 7 7 4 3 -3 10 -8 5 -11 8 -12 8 -14 11 -12 13 -21 12 -11 13 -12 5 -14 9 -13 11 -15 10 -8 10 -8 2 -6 -4 0 11 0 0 0 0 0 0 0 0 0 0 0 0 0 0 0 0 0 0 0 0 0 0 -19 1 -15 -3 -15 -5 -6 -5 -5 -6 -5 -6 -1 -9 3 -6 6 -12 10 -12 9 -10 19 -16 11 -18 15 -21 10 -25 11 -17 13 -22 14 -13 6 -14 12 -8 12 2 15 -2 8 1 17 13 20 22 22 16 ]
CSI_DATA,STA,E4:D1:24:F1:41:40,-85,10,0,0,0,0,0,0,0,0,0,-97,0,13,0,9169205,0,389,0,0,9.56219,128,[-123 81 24 0 18 33 24 33 16 28 19 23 22 19 13 10 10 12 5 10 1 10 -5 4 -10 4 -4 4 -17 12 -18 13 -17 12 -18 13 -22 11 -18 7 -22 10 -14 12 -11 8 -7 13 -10 4 -5 -3 4 9 0 0 0 0 0 0 0 0 0 0 0 0 0 0 0 0 0 0 0 0 0 0 -15 -16 -10 -11 -9 -14 -4 -9 -9 -9 0 -5 2 -7 7 -3 10 -5 13 -6 24 -4 21 -10 23 -6 21 -5 27 -6 23 -6 26 -14 21 -7 18 -9 13 -7 11 0 12 4 5 15 11 19 10 21 11 28 ]
CSI_DATA,STA,E4:D1:24:F1:41:40,-85,10,0,0,0,0,0,0,0,0,0,-97,0,13,0,9290619,0,389,0,0,9.6837,128,[-123 81 24 0 -17 -36 -21 -32 -15 -29 -16 -28 -18 -23 -8 -17 -13 -11 -8 -12 0 -8 -1 -6 2 -1 11 -11 14 -3 11 -12 16 -7 17 -14 19 -10 19 -13 18 -10 18 -13 15 -6 12 -3 9 -5 3 -4 8 -14 0 0 0 0 0 0 0 0 0 0 0 0 0 0 0 0 0 0 0 0 0 0 14 12 10 14 6 12 3 12 -1 12 3 2 -3 1 -14 5 -11 -2 -18 7 -17 1 -26 3 -27 2 -26 6 -22 4 -25 3 -25 6 -24 6 -19 11 -18 4 -15 -6 -10 -3 -14 -11 -9 -19 -9 -22 -16 -27 ]
CSI_DATA,STA,E4:D1:24:F1:41:40,-84,10,0,0,0,0,0,0,0,0,0,-97,0,13,0,9374101,0,389,0,0,9.76714,128,[-123 81 24 0 9 -36 11 -45 7 -31 0 -36 2 -27 1 -26 2 -22 0 -11 -3 -17 3 1 3 0 7 2 13 4 16 5 16 10 18 10 21 9 21 10 19 11 17 10 12 9 13 3 10 7 7 2 12 11 0 0 0 0 0 0 0 0 0 0 0 0 0 0 0 0 0 0 0 0 0 0 14 18 10 12 5 14 1 13 3 8 1 8 -2 6 -8 1 -12 -3 -10 -3 -18 -4 -23 -3 -31 -7 -32 -7 -26 -4 -25 0 -28 -4 -29 1 -19 -3 -14 -3 -8 -8 -6 0 3 -17 5 -14 7 -22 11 -29 ]
CSI_DATA,STA,E4:D1:24:F1:41:40,-85,10,0,0,0,0,0,0,0,0,0,-97,0,13,0,9476412,0,389,0,0,9.86942,128,[-123 81 24 0 21 -30 14 -33 10 -33 9 -30 3 -24 1 -26 0 -16 5 -12 7 -9 6 0 6 2 9 0 14 9 16 2 18 9 20 5 24 2 18 6 14 6 12 5 11 6 11 0 3 1 -1 2 13 -2 0 0 0 0 0 0 0 0 0 0 0 0 0 0 0 0 0 0 0 0 0 0 -5 19 -6 18 -10 13 -6 6 -8 2 -1 1 -11 -2 -6 -7 -13 -10 -12 -14 -15 -17 -9 -19 -21 -23 -20 -20 -21 -25 -21 -20 -25 -20 -16 -13 -16 -16 -7 -13 -4 -9 4 -15 3 -11 8 -11 9 -22 16 -28 ]
CSI_DATA,STA,E4:D1:24:F1:41:40,-84,10,0,0,0,0,0,0,0,0,0,-97,0,13,0,9578815,0,389,0,0,9.97189,128,[-123 81 24 0 37 19 30 19 33 8 26 5 26 4 20 11 12 4 5 0 10 9 5 7 -7 11 -7 11 -17 13 -14 19 -12 18 -13 17 -6 16 -12 14 -10 17 -10 16 -8 13 -8 8 -6 5 -7 6 1 -5 0 0 0 0 0 0 0 0 0 0 0 0 0 0 0 0 0 0 0 0 0 0 -15 -6 -10 -7 -14 -6 -12 -9 -5 -8 -5 -9 1 -6 6 -8 11 -11 8 -14 15 -22 25 -15 18 -15 20 -18 20 -19 14 -17 16 -17 11 -18 12 -15 17 -11 9 -9 13 0 15 9 16 15 15 21 28 23 ]
CSI_DATA,STA,E4:D1:24:F1:41:40,-85,10,0,0,0,0,0,0,0,0,0,-97,0,13,0,9681217,0,389,0,0,10.0743,128,[-123 81 24 0 12 -33 9 -35 3 -30 -1 -31 -1 -28 5 -25 -6 -21 6 -13 6 -4 5 -4 10 3 17 2 13 2 18 2 13 4 21 0 24 7 18 -4 19 -2 19 -3 14 -1 11 2 7 -1 6 1 5 -6 0 0 0 0 0 0 0 0 0 0 0 0 0 0 0 0 0 0 0 0 0 0 -5 16 -2 14 -6 12 -8 11 -12 5 -12 1 -11 -3 -8 -8 -7 -9 -9 -14 -10 -10 -13 -18 -14 -17 -22 -18 -19 -16 -15 -16 -15 -14 -22 -11 -16 -10 -8 -12 -1 -12 0 -15 2 -17 8 -19 13 -27 14 -29 ]
CSI_DATA,STA,E4:D1:24:F1:41:40,-85,10,0,0,0,0,0,0,0,0,0,-97,0,13,0,9783777,0,389,0,0,10.1768,128,[-123 81 24 0 -36 -7 -36 2 -31 2 -33 -1 -28 9 -17 7 -14 3 -8 -1 -7 -4 -3 -8 1 -6 -2 -12 -2 -14 -3 -22 2 -19 0 -21 -2 -20 -1 -22 0 -18 0 -17 1 -14 0 -15 -2 -9 -2 -7 -1 -15 0 0 0 0 0 0 0 0 0 0 0 0 0 0 0 0 0 0 0 0 0 0 18 -1 17 -1 12 2 7 -1 8 4 0 6 -1 6 -7 5 -8 12 -13 14 -7 14 -15 18 -15 20 -8 27 -10 25 -16 24 -7 18 -9 21 -6 12 -5 12 -3 7 -9 0 -17 -1 -24 -6 -23 -7 -27 -7 ]
CSI_DATA,STA,E4:D1:24:F1:41:40,-84,10,0,0,0,0,0,0,0,0,0,-97,0,13,0,9886022,0,389,0,0,10.2791,128,[-123 81 24 0 14 39 9 34 12 29 19 26 9 22 8 17 6 12 3 5 -3 9 -3 7 -10 9 -12 11 -16 9 -16 10 -18 9 -15 9 -15 13 -16 9 -13 9 -12 9 -13 10 -12 6 -11 8 -4 6 -10 -10 0 0 0 0 0 0 0 0 0 0 0 0 0 0 0 0 0 0 0 0 0 0 3 -19 4 -16 7 -16 5 -9 7 -9 4 -2 3 1 12 5 13 12 8 8 15 8 18 16 19 14 24 16 21 10 28 6 25 0 23 8 20 4 11 3 9 6 5 4 4 14 3 18 -6 24 -2 30 ]
CSI_DATA,STA,E4:D1:24:F1:41:40,-85,10,0,0,0,0,0,0,0,0,0,-97,0,13,0,9988608,0,389,0,0,10.3816,128,[-123 81 24 0 23 -26 13 -28 15 -33 7 -25 7 -20 9 -17 8 -15 2 -4 6 -4 4 2 6 8 13 8 16 10 11 14 9 17 12 13 11 17 18 14 12 11 10 6 9 4 7 9 7 7 1 8 1 -8 0 0 0 0 0 0 0 0 0 0 0 0 0 0 0 0 0 0 0 0 0 0 2 17 1 12 -2 14 -4 7 -2 6 -7 4 -6 -5 -11 -10 -11 -10 -10 -12 -16 -16 -16 -17 -17 -14 -23 -18 -18 -20 -23 -19 -20 -20 -15 -10 -19 -7 -8 -17 -8 -10 -3 -9 7 -10 14 -11 15 -28 24 -20 ]
CSI_DATA,STA,E4:D1:24:F1:41:40,-85,10,0,0,0,0,0,0,0,0,0,-97,0,13,0,10088589,0,64,0,0,10.4814,128,[64 0 4 0 -5 -41 -10 -35 -12 -28 -5 -27 -7 -25 -12 -17 -7 -13 -5 -11 0 -8 8 -7 6 -2 12 2 16 1 12 2 20 -1 22 -2 17 -4 18 -1 18 -3 14 0 18 -1 13 0 10 4 5 6 -9 -1 0 0 0 0 0 0 0 0 0 0 0 0 0 0 0 0 0 0 0 0 0 0 13 5 13 9 11 6 6 4 1 4 -1 5 -8 3 -12 3 -17 0 -19 1 -17 2 -22 4 -20 2 -19 8 -23 6 -26 4 -27 10 -20 4 -12 4 -12 2 -5 0 -3 -3 -8 -11 -1 -23 -2 -23 -5 -29 ]
CSI_DATA,STA,E4:D1:24:F1:41:40,-86,10,0,0,0,0,0,0,0,0,0,-97,0,13,0,10193230,0,389,0,0,10.5861,128,[-123 81 24 0 -35 -18 -33 -10 -38 -12 -28 -10 -24 -8 -24 0 -17 -1 -11 -7 -6 -2 -5 -6 2 -4 7 -15 5 -15 9 -18 14 -16 5 -19 18 -15 14 -17 10 -15 7 -15 11 -16 4 -13 5 -6 5 -6 -2 -11 0 0 0 0 0 0 0 0 0 0 0 0 0 0 0 0 0 0 0 0 0 0 17 -9 12 -4 10 -2 11 1 6 2 7 2 -1 10 -4 10 -4 9 -12 12 -9 14 -14 21 -18 25 -10 19 -10 28 -8 19 -3 19 -6 24 -3 14 -5 21 -7 2 -12 3 -9 -4 -11 -11 -20 -12 -28 -25 ]
CSI_DATA,STA,E4:D1:24:F1:41:40,-85,10,0,0,0,0,0,0,0,0,0,-97,0,13,0,10398092,0,389,0,0,10.7911,128,[-123 81 24 0 32 -2 37 -1 35 -7 29 -8 20 -3 19 -5 15 -5 10 -2 7 -6 2 2 1 7 0 11 0 13 -3 14 -2 17 0 15 3 20 -5 20 1 18 -2 17 -1 15 -4 17 1 6 3 5 -14 10 0 0 0 0 0 0 0 0 0 0 0 0 0 0 0 0 0 0 0 0 0 0 -15 5 -11 7 -16 7 -10 -1 -7 -2 -2 0 2 -8 0 -9 -1 -11 3 -18 3 -18 1 -22 4 -22 4 -32 1 -28 -5 -32 -2 -22 -4 -21 -3 -18 -2 -14 3 -9 7 -8 6 1 11 1 20 4 27 10 ]
CSI_DATA,STA,E4:D1:24:F1:41:40,-85,10,0,0,0,0,0,0,0,0,0,-97,0,13,0,10602840,0,389,0,0,10.9959,128,[-123 81 24 0 -6 -35 -8 -34 -11 -35 -13 -32 -6 -28 -7 -24 -6 -17 -5 -18 -6 -9 -3 -8 5 -5 7 -3 12 -4 17 2 16 3 22 7 21 0 21 4 15 5 19 2 15 4 13 4 12 9 14 4 -5 9 0 0 0 0 0 0 0 0 0 0 0 0 0 0 0 0 0 0 0 0 0 0 16 0 17 5 12 5 9 6 6 5 1 5 -6 3 -6 4 -12 0 -14 -6 -16 1 -13 6 -22 6 -25 6 -25 10 -24 14 -24 15 -22 10 -21 9 -18 2 -10 3 -11 -1 -5 -6 1 -16 -2 -20 -4 -28 ]
CSI_DATA,STA,E4:D1:24:F1:41:40,-86,10,0,0,0,0,0,0,0,0,0,-97,0,13,0,10705243,0,389,0,0,11.0982,128,[-123 81 24 0 -19 -30 -19 -32 -19 -24 -15 -18 -18 -19 -13 -15 -7 -8 -7 -7 3 -5 3 -4 9 -3 12 -3 12 0 11 -8 14 -6 19 -11 17 -9 15 -9 14 -8 15 -8 12 -8 10 -8 6 -4 6 -3 0 9 0 0 0 0 0 0 0 0 0 0 0 0 0 0 0 0 0 0 0 0 0 0 13 2 15 4 9 6 4 6 5 2 -1 1 -5 -1 -5 3 -10 3 -16 6 -18 8 -15 9 -20 15 -22 14 -20 18 -21 15 -21 16 -16 15 -13 7 -10 12 -9 5 -2 -2 -7 -5 -13 -17 -8 -19 -11 -24 ]
CSI_DATA,STA,E4:D1:24:F1:41:40,-84,10,0,0,0,0,0,0,0,0,0,-97,0,13,0,10807645,0,389,0,0,11.2007,128,[-123 81 24 0 -20 26 -12 33 -16 31 -4 23 -3 31 -1 19 -4 16 -8 11 -8 8 -4 9 -8 -6 -10 -5 -7 -6 -15 -8 -17 -11 -11 -13 -17 -8 -18 -10 -18 -9 -14 -8 -16 -8 -12 -7 -11 -4 -4 -7 -15 -8 0 0 0 0 0 0 0 0 0 0 0 0 0 0 0 0 0 0 0 0 0 0 -11 -18 -8 -18 -5 -14 -7 -12 -2 -9 3 -7 4 -2 9 0 10 2 11 5 23 3 21 9 23 6 23 8 22 9 22 0 23 5 22 5 16 3 16 2 5 6 6 4 1 8 -7 12 -10 13 -11 22 ]
CSI_DATA,STA,E4:D1:24:F1:41:40,-85,10,0,0,0,0,0,0,0,0,0,-97,0,13,0,10910048,0,389,0,0,11.3031,128,[-123 81 24 0 -33 -23 -29 -20 -28 -14 -27 -9 -22 -7 -20 -3 -18 -8 -8 -5 -1 -7 -5 -6 5 -2 8 -7 11 -7 15 -9 12 -9 16 -13 19 -6 17 -11 16 -12 15 -11 11 -9 12 -6 10 -7 6 -6 0 12 0 0 0 0 0 0 0 0 0 0 0 0 0 0 0 0 0 0 0 0 0 0 12 -15 11 -11 11 -9 5 -5 11 -1 6 1 1 6 1 5 -2 7 -10 13 -10 19 -14 14 -11 21 -10 24 -9 25 -7 29 -2 27 -1 26 -5 14 -6 14 -4 7 -7 8 -4 -4 -5 -12 -14 -15 -21 -23 ]
CSI_DATA,STA,E4:D1:24:F1:41:40,-87,10,0,0,0,0,0,0,0,0,0,-97,0,13,0,11114852,0,389,0,0,11.5079,128,[-123 81 24 0 30 -17 27 -18 25 -15 23 -22 13 -20 19 -13 11 -12 9 -7 4 -4 3 -6 -1 1 2 3 1 14 -2 10 -2 18 -3 16 -2 17 -8 16 -4 18 -2 16 -4 11 -7 14 1 10 -10 11 1 16 0 0 0 0 0 0 0 0 0 0 0 0 0 0 0 0 0 0 0 0 0 0 14 13 10 8 8 11 4 5 5 7 -2 2 -6 4 -6 -3 -10 -5 -8 -7 -13 -12 -19 -10 -16 -9 -21 -9 -23 -13 -24 -17 -25 -14 -17 -13 -17 -8 -15 -3 -9 -7 -5 -7 -1 -7 12 -10 12 -10 19 -13 ]
CSI_DATA,STA,E4:D1:24:F1:41:40,-85,10,0,0,0,0,0,0,0,0,0,-97,0,13,0,11217254,0,389,0,0,11.6103,128,[-123 81 24 0 -33 -21 -24 -13 -29 -14 -19 -13 -23 -7 -14 -8 -15 -3 -11 -5 -3 -5 -2 -10 -1 -4 10 -6 6 -6 13 -6 15 -13 12 -11 16 -17 12 -7 14 -9 15 -11 9 -14 12 -8 13 -6 2 -4 13 6 0 0 0 0 0 0 0 0 0 0 0 0 0 0 0 0 0 0 0 0 0 0 13 -12 13 -11 13 -14 7 -10 9 -6 0 -2 3 5 -4 5 -3 4 -5 13 -10 16 -9 21 -9 22 -9 19 -13 21 -8 22 -8 21 -5 22 0 20 2 16 -3 13 -4 8 -6 5 -7 -3 -10 -10 -16 -12 ]
CSI_DATA,STA,E4:D1:24:F1:41:40,-86,10,0,0,0,0,0,0,0,0,0,-97,0,13,0,11319657,0,389,0,0,11.7127,128,[-123 81 24 0 23 -23 20 -25 17 -26 18 -28 15 -18 9 -18 10 -14 7 -10 2 -5 6 -1 -4 0 2 0 5 14 3 11 1 15 -1 21 5 19 5 15 0 18 5 17 2 10 0 12 -1 8 5 3 6 16 0 0 0 0 0 0 0 0 0 0 0 0 0 0 0 0 0 0 0 0 0 0 15 12 15 12 7 6 3 11 5 5 -2 6 -2 1 -6 -2 -4 -7 -14 -5 -12 -8 -15 -8 -14 -11 -19 -9 -23 -12 -23 -5 -29 -6 -24 -8 -23 -3 -13 -5 -8 -1 -5 -6 1 -7 5 -9 14 -11 15 -23 ]
CSI_DATA,STA,E4:D1:24:F1:41:40,-85,10,0,0,0,0,0,0,0,0,0,-97,0,13,0,11422059,0,389,0,0,11.8151,128,[-123 81 24 0 -29 11 -36 13 -32 11 -26 16 -24 13 -13 11 -13 6 -9 9 -10 -1 -3 -6 -2 -10 -2 -5 -8 -15 -1 -15 -3 -19 -7 -22 -5 -20 -5 -18 -2 -18 1 -18 0 -13 -3 -18 -6 -10 0 -8 5 -10 0 0 0 0 0 0 0 0 0 0 0 0 0 0 0 0 0 0 0 0 0 0 3 -15 6 -9 4 -13 4 -13 2 -9 3 2 3 1 7 3 2 9 -3 15 1 18 4 18 13 21 7 27 11 25 11 19 9 26 10 19 15 17 7 15 1 8 -5 9 -9 2 -14 7 -21 4 -23 2 ]
CSI_DATA,STA,E4:D1:24:F1:41:40,-86,10,0,0,0,0,0,0,0,0,0,-97,0,13,0,11626865,0,389,0,0,12.0199,128,[-123 81 24 0 -2 -34 -5 -32 -6 -32 -10 -28 -5 -23 1 -18 -3 -15 -4 -14 -1 -5 7 -5 7 1 10 3 9 2 12 2 16 1 17 4 19 4 13 8 16 9 19 2 16 3 9 2 6 2 1 3 4 -12 0 0 0 0 0 0 0 0 0 0 0 0 0 0 0 0 0 0 0 0 0 0 11 7 10 12 9 8 8 10 2 3 -1 2 2 3 -3 3 -8 -3 -11 -4 -19 -3 -18 -1 -23 -1 -22 -5 -26 1 -21 -1 -24 0 -24 4 -16 7 -17 2 -15 5 -11 -8 -4 -8 4 -18 1 -15 5 -25 ]
CSI_DATA,STA,E4:D1:24:F1:41:40,-85,10,0,0,0,0,0,0,0,0,0,-97,0,13,0,11729267,0,389,0,0,12.1223,128,[-123 81 24 0 -34 17 -28 11 -26 18 -14 17 -13 2 -14 15 -12 7 -5 6 -8 8 -3 -1 -5 -2 -8 -6 -6 -12 -8 -13 -6 -12 -7 -17 -9 -11 -4 -16 -5 -13 -8 -14 -6 -12 -7 -7 -4 -7 -4 -2 -7 -12 0 0 0 0 0 0 0 0 0 0 0 0 0 0 0 0 0 0 0 0 0 0 5 -15 7 -15 8 -14 6 -9 0 -6 5 -2 3 2 -2 6 -2 7 5 11 2 7 8 12 5 15 8 17 17 17 16 24 7 24 13 15 7 14 6 13 5 8 1 4 -11 -1 -11 4 -14 9 -25 9 ]
CSI_DATA,STA,E4:D1:24:F1:41:40,-87,10,0,0,0,0,0,0,0,0,0,-97,0,13,0,11831670,0,389,0,0,12.2248,128,[-123 81 24 0 18 -24 19 -25 13 -25 6 -25 10 -20 7 -16 6 -17 7 -11 5 0 6 -1 7 4 8 -1 4 11 13 7 11 6 13 3 21 9 15 7 19 7 11 5 11 7 8 7 10 9 4 5 -9 -6 0 0 0 0 0 0 0 0 0 0 0 0 0 0 0 0 0 0 0 0 0 0 -11 9 -12 8 -8 10 -5 8 -8 2 -4 4 -5 -3 -3 -6 -1 -10 -8 -10 -11 -9 -13 -16 -13 -15 -16 -17 -11 -17 -23 -17 -21 -18 -12 -13 -13 -14 -11 -7 -7 -10 -3 -10 3 -8 11 -9 17 -20 19 -16 ]
CSI_DATA,STA,E4:D1:24:F1:41:40,-87,10,0,0,0,0,0,0,0,0,0,-97,0,13,0,11925294,0,368,0,0,12.3186,128,[112 1 23 0 4 34 4 31 7 31 8 21 5 16 7 18 4 12 -1 7 4 6 0 1 -5 1 -6 4 -11 4 -12 3 -16 7 -16 4 -17 7 -16 7 -17 8 -13 5 -11 8 -13 2 -10 2 -10 11 -12 -14 0 0 0 0 0 0 0 0 0 0 0 0 0 0 0 0 0 0 0 0 0 0 4 -13 2 -10 2 -13 4 -12 6 -7 0 -3 3 1 7 0 11 8 4 5 11 10 15 11 16 14 18 11 17 5 18 2 21 -3 24 4 14 1 15 4 14 3 6 2 0 14 -1 15 -10 20 -8 21 ]
CSI_DATA,STA,E4:D1:24:F1:41:40,-86,10,0,0,0,0,0,0,0,0,0,-97,0,13,0,11934111,0,389,0,0,12.3476,128,[-123 81 24 0 -27 22 -20 18 -28 20 -16 13 -11 12 -11 15 -12 7 -10 7 -8 0 -7 2 -3 -12 -8 -7 3 -14 -3 -15 -1 -19 -3 -19 -3 -18 -3 -15 -2 -18 -1 -17 0 -12 0 -8 -1 -10 3 -5 -6 -9 0 0 0 0 0 0 0 0 0 0 0 0 0 0 0 0 0 0 0 0 0 0 -4 -12 -2 -14 -1 -9 -2 -8 4 -7 4 -2 8 2 6 4 4 5 7 5 8 6 7 19 12 16 13 8 15 13 12 12 13 8 12 7 12 5 10 8 5 8 -2 3 -11 6 -17 6 -18 6 -22 12 ]
CSI_DATA,STA,E4:D1:24:F1:41:40,-85,10,0,0,0,0,0,0,0,0,0,-97,0,13,0,12138877,0,389,0,0,12.5321,128,[-123 81 24 0 22 20 20 14 17 11 24 6 20 7 15 7 10 4 5 1 3 9 -1 6 -1 9 2 11 -3 11 -4 9 -12 12 -7 13 -8 12 -11 11 -13 15 -7 15 -22 16 -5 16 0 11 -1 5 -11 1 0 0 0 0 0 0 0 0 0 0 0 0 0 0 0 0 0 0 0 0 0 0 -16 -3 -17 -6 -12 -4 -14 -4 -12 0 -6 -4 -3 -4 2 -6 5 -7 7 -9 8 -4 12 -13 16 -18 10 -18 18 -11 12 -21 7 -17 15 -17 6 -17 15 -9 9 -12 7 -9 15 2 8 6 13 8 15 5 ]
CSI_DATA,STA,E4:D1:24:F1:41:40,-86,10,0,0,0,0,0,0,0,0,0,-97,0,13,0,12343682,0,389,0,0,12.7367,128,[-123 81 24 0 14 -29 16 -24 11 -26 -3 -27 3 -17 4 -17 0 -18 2 -10 -2 -6 5 -5 5 -1 6 -2 9 3 13 7 13 0 13 6 8 1 15 -1 20 -1 14 6 13 2 11 3 11 4 6 2 2 16 0 0 0 0 0 0 0 0 0 0 0 0 0 0 0 0 0 0 0 0 0 0 -1 13 0 9 0 7 -4 4 -4 7 -3 5 -6 2 -2 -1 -4 -7 -5 -11 -6 -10 -11 -11 -13 -12 -20 -14 -16 -11 -18 -10 -20 -11 -18 -13 -14 -6 -11 -12 -10 -5 -9 -8 0 -7 1 -6 4 -14 12 -10 ]
CSI_DATA,STA,E4:D1:24:F1:41:40,-86,10,0,0,0,0,0,0,0,0,0,-97,0,13,0,13163204,0,389,0,0,13.5565,128,[-123 81 24 0 -20 -23 -19 -28 -19 -17 -13 -17 -18 -18 -15 -15 -12 -8 -8 -13 -4 -8 2 -3 3 0 4 1 6 0 9 5 9 6 10 7 11 7 13 10 15 8 10 6 7 4 6 5 5 4 7 2 15 7 0 0 0 0 0 0 0 0 0 0 0 0 0 0 0 0 0 0 0 0 0 0 1 -13 4 -10 5 -8 3 -7 2 -7 0 -2 -2 3 0 7 -2 5 2 9 -7 13 -5 15 -10 16 -4 16 -1 26 -4 25 -6 18 -2 20 3 18 -3 9 -3 10 3 2 -5 -4 -7 -9 -3 -7 -12 -19 ]
CSI_DATA,STA,E4:D1:24:F1:41:40,-87,10,0,0,0,0,0,0,0,0,0,-97,0,13,0,13266338,0,389,0,0,13.6594,128,[-123 81 24 0 -17 -24 -24 -19 -12 -20 -16 -20 -17 -20 -17 -10 -12 -13 -7 -9 -6 -8 -3 -1 0 -5 8 -3 4 4 11 7 11 5 9 7 9 7 13 8 13 12 5 13 7 11 8 4 1 7 -3 12 5 -3 0 0 0 0 0 0 0 0 0 0 0 0 0 0 0 0 0 0 0 0 0 0 -2 -15 1 -13 -2 -13 1 -9 3 -5 0 -5 2 -1 3 2 2 5 1 11 -5 12 0 19 -3 20 2 19 1 21 1 22 -3 23 4 14 3 16 9 15 2 2 5 1 -4 1 -7 -9 -9 -6 -4 -14 ]
CSI_DATA,STA,E4:D1:24:F1:41:40,-86,10,0,0,0,0,0,0,0,0,0,-97,0,13,0,13674916,0,389,0,0,14.0683,128,[-123 81 24 0 28 7 35 2 25 1 28 -4 22 -4 26 -5 17 0 18 -1 9 -3 -2 0 3 1 -5 0 -9 6 -10 6 -10 11 -12 8 -14 9 -16 9 -19 8 -19 10 -16 4 -15 -1 -12 -1 -10 4 -1 -11 0 0 0 0 0 0 0 0 0 0 0 0 0 0 0 0 0 0 0 0 0 0 6 13 8 11 1 12 -1 8 2 6 1 3 -1 -3 -1 -8 -5 -9 -8 -11 -9 -13 -9 -17 -13 -19 -12 -22 -14 -17 -13 -18 -6 -17 -16 -10 -13 -12 -12 -8 -3 -9 1 -8 2 -1 8 1 13 4 22 7 ]
CSI_DATA,STA,E4:D1:24:F1:41:40,-86,10,0,0,0,0,0,0,0,0,0,-97,0,13,0,13777319,0,389,0,0,14.1703,128,[-123 81 24 0 4 -30 4 -33 1 -32 -7 -27 -3 -34 -6 -26 -5 -16 -1 -19 -3 -11 0 -8 -1 -10 4 0 14 -1 10 2 18 10 17 13 16 6 15 10 13 12 16 7 11 11 8 9 4 7 4 4 2 -8 0 0 0 0 0 0 0 0 0 0 0 0 0 0 0 0 0 0 0 0 0 0 15 3 14 4 12 4 16 2 8 6 1 2 -1 4 -4 -4 -11 4 -13 0 -13 0 -24 8 -24 -2 -29 8 -26 9 -26 10 -26 7 -16 9 -17 9 -12 9 -9 2 -9 7 -6 -2 7 -5 0 -14 7 -17 ]
CSI_DATA,STA,E4:D1:24:F1:41:40,-85,10,0,0,0,0,0,0,0,0,0,-97,0,13,0,13879721,0,389,0,0,14.2727,128,[-123 81 24 0 32 -4 37 -8 33 -9 32 -15 27 -9 22 -13 23 -7 13 0 10 0 8 -4 6 1 -1 4 0 13 -6 13 -4 14 -9 15 -7 13 -12 12 -12 17 -5 15 -5 7 -8 14 -8 8 -8 10 -6 -9 0 0 0 0 0 0 0 0 0 0 0 0 0 0 0 0 0 0 0 0 0 0 2 15 4 19 -1 15 -1 16 1 4 -1 5 1 -2 -3 -2 -2 -9 -6 -11 -4 -14 -11 -20 -16 -21 -15 -19 -13 -22 -16 -23 -17 -22 -17 -21 -17 -16 -14 -19 -7 -12 -3 -7 9 -4 10 -2 9 -3 15 4 ]
CSI_DATA,STA,E4:D1:24:F1:41:40,-85,10,0,0,0,0,0,0,0,0,0,-97,0,13,0,13982124,0,389,0,0,14.3751,128,[-123 81 24 0 26 -25 28 -22 22 -29 19 -25 26 -25 14 -17 13 -17 12 -16 8 -10 3 0 9 -6 -4 11 -1 6 0 20 4 14 0 18 3 16 0 16 3 16 3 18 4 14 -1 16 -1 13 -1 11 -9 0 0 0 0 0 0 0 0 0 0 0 0 0 0 0 0 0 0 0 0 0 0 0 10 16 10 14 10 16 1 10 1 8 -3 3 -1 -2 -7 -4 -11 -8 -10 -13 -16 -14 -19 -13 -24 -15 -19 -15 -27 -14 -22 -17 -25 -7 -26 -5 -20 -4 -21 -7 -16 -5 -8 -5 5 -6 8 -13 16 -11 16 -12 ]
CSI_DATA,STA,E4:D1:24:F1:41:40,-85,10,0,0,0,0,0,0,0,0,0,-97,0,13,0,14187015,0,389,0,0,14.58,128,[-123 81 24 0 -33 -12 -34 -9 -36 -8 -29 -10 -32 -1 -24 -5 -19 -1 -12 -4 -7 -5 -3 -5 5 -3 8 -9 3 -5 7 -8 13 -9 20 -7 11 -11 16 -12 14 -11 11 -8 14 -5 11 -7 8 0 7 0 -9 -3 0 0 0 0 0 0 0 0 0 0 0 0 0 0 0 0 0 0 0 0 0 0 -3 -17 -2 -15 -1 -17 -1 -8 -4 -9 1 -2 7 0 4 -1 3 10 4 14 5 17 6 18 3 20 12 24 10 24 8 21 8 22 9 20 10 23 8 14 4 8 -1 6 -10 -2 -12 -4 -17 -11 -20 -4 ]
CSI_DATA,STA,E4:D1:24:F1:41:40,-87,10,0,0,0,0,0,0,0,0,0,-97,0,13,0,14391985,0,389,0,0,14.785,128,[-123 81 24 0 7 -21 14 -20 16 -24 12 -22 4 -12 2 -19 -1 -14 1 -12 0 -7 1 -4 -2 0 8 0 0 4 4 7 4 8 8 18 3 17 6 10 7 13 6 8 10 6 8 9 6 5 7 8 -1 17 0 0 0 0 0 0 0 0 0 0 0 0 0 0 0 0 0 0 0 0 0 0 6 10 6 11 6 8 4 4 2 2 2 6 0 2 -9 -2 -5 -7 -6 -4 -13 -6 -18 -13 -12 -7 -21 -11 -24 -8 -18 -5 -20 -3 -20 -2 -16 -5 -10 0 -11 0 -10 -5 1 -5 8 -3 4 -12 14 -17 ]
CSI_DATA,STA,E4:D1:24:F1:41:40,-89,10,0,0,0,0,0,0,0,0,0,-97,0,13,0,14494137,0,389,0,0,14.8871,128,[-123 81 24 0 -22 23 -8 22 -18 22 -18 19 -4 19 -4 14 -6 11 -7 8 -3 3 -1 6 -5 -1 -10 -4 -8 -10 -12 -7 -10 -8 -11 -7 -10 -5 -9 -3 -13 -1 -13 -8 -13 -5 -10 -2 -10 -9 -6 -4 8 3 0 0 0 0 0 0 0 0 0 0 0 0 0 0 0 0 0 0 0 0 0 0 9 -16 6 -12 4 -5 5 -10 6 -5 3 -7 0 6 4 7 8 2 -1 6 6 8 7 16 13 13 11 16 8 17 14 18 14 12 10 14 12 13 11 11 6 12 -2 7 -4 7 -6 9 -13 11 -14 17 ]
CSI_DATA,STA,E4:D1:24:F1:41:40,-88,10,0,0,0,0,0,0,0,0,0,-97,0,13,0,14596539,0,389,0,0,14.9895,128,[-123 81 24 0 -10 -22 -15 -21 -11 -15 -14 -23 -11 -12 -17 -14 -2 -14 -11 -14 -2 -10 0 -9 5 -5 7 -4 7 -4 8 -4 15 -6 10 -5 13 -2 15 -4 12 -3 13 -6 12 -5 12 0 9 -1 9 -5 7 15 0 0 0 0 0 0 0 0 0 0 0 0 0 0 0 0 0 0 0 0 0 0 13 4 11 1 11 -3 6 3 4 2 1 0 0 6 -3 5 -8 3 -14 7 -14 1 -16 11 -16 12 -16 9 -17 8 -14 11 -15 8 -13 11 -10 13 -12 10 -7 4 -4 0 -12 -8 -9 -6 -5 -14 -10 -19 ]
CSI_DATA,STA,E4:D1:24:F1:41:40,-85,10,0,0,0,0,0,0,0,0,0,-97,0,13,0,14698942,0,389,0,0,15.092,128,[-123 81 24 0 -11 19 -12 25 -18 22 -9 18 -5 15 -9 13 3 10 -5 11 -2 6 1 7 -2 2 -8 1 -12 -5 -10 -3 -13 -4 -17 -9 -15 -9 -21 -5 -13 -2 -10 -7 -12 -6 -9 -6 -11 -3 -8 -5 5 -2 0 0 0 0 0 0 0 0 0 0 0 0 0 0 0 0 0 0 0 0 0 0 4 -12 0 -13 6 -11 2 -6 -2 -6 5 -3 2 -1 6 2 6 7 9 14 5 10 11 17 10 16 20 17 14 15 20 10 22 12 16 11 19 7 10 10 11 5 -1 1 1 5 -8 10 -11 7 -18 15 ]
CSI_DATA,STA,E4:D1:24:F1:41:40,-87,10,0,0,0,0,0,0,0,0,0,-97,0,13,0,14903747,0,389,0,0,15.2968,128,[-123 81 24 0 19 6 25 4 23 0 25 -6 24 -1 24 1 14 -5 15 -1 8 3 6 5 1 9 1 8 -7 8 -5 5 -7 6 -5 14 -10 15 -3 15 -10 6 -12 11 -10 9 -5 9 -10 6 -9 0 -4 11 0 0 0 0 0 0 0 0 0 0 0 0 0 0 0 0 0 0 0 0 0 0 -9 16 -3 11 -6 17 -8 9 -2 7 -4 5 -3 -5 -1 -5 0 -11 -1 -13 -1 -19 -3 -15 -1 -21 -5 -24 -11 -20 -2 -22 -2 -23 -5 -19 -6 -17 -6 -14 -2 -17 2 -9 7 -4 12 -2 13 1 25 -3 ]
CSI_DATA,STA,E4:D1:24:F1:41:40,-88,10,0,0,0,0,0,0,0,0,0,-97,0,13,0,15415759,0,389,0,0,15.8091,128,[-123 81 24 0 -25 0 -26 2 -21 6 -23 5 -14 1 -11 9 -8 6 -8 8 -7 -2 -5 -4 -10 0 -7 -3 1 -5 -1 -11 -1 -11 -3 -14 -1 -16 -3 -17 -1 -14 -6 -10 -4 -7 -1 -8 -1 -7 2 -10 1 -15 0 0 0 0 0 0 0 0 0 0 0 0 0 0 0 0 0 0 0 0 0 0 8 -8 9 -7 7 -5 10 -12 5 -1 4 1 4 3 0 8 2 5 -6 11 2 9 -4 15 0 13 -1 18 0 16 -1 16 6 12 4 16 4 13 -1 13 -1 11 -5 3 -5 5 -10 4 -14 -7 -21 -2 ]
CSI_DATA,STA,E4:D1:24:F1:41:40,-87,10,0,0,0,0,0,0,0,0,0,-97,0,13,0,15927772,0,389,0,0,16.3209,128,[-123 81 24 0 13 13 17 18 21 19 13 14 10 7 10 11 8 9 8 8 8 5 1 2 -1 3 -2 7 -6 -1 -7 1 -7 5 -10 5 -12 12 -8 5 -12 7 -9 8 -5 3 -7 4 -9 1 -8 5 -14 5 0 0 0 0 0 0 0 0 0 0 0 0 0 0 0 0 0 0 0 0 0 0 -18 -2 -13 1 -10 -2 -14 1 -6 -2 -5 -3 0 -1 3 -2 1 -7 8 -6 7 -6 15 -7 10 -9 21 -15 17 -13 12 -12 15 -17 9 -17 10 -14 12 -10 5 -6 5 -5 11 -2 11 10 9 13 6 11 ]
CSI_DATA,STA,E4:D1:24:F1:41:40,-86,10,0,0,0,0,0,0,0,0,0,-97,0,13,0,16030383,0,389,0,0,16.4234,128,[-123 81 24 0 -21 -20 -22 -17 -24 -15 -18 -10 -16 -12 -16 -16 -7 -6 -10 -12 -8 -9 -5 -6 3 -3 7 -6 6 -4 10 -5 10 -4 14 -6 15 -5 14 0 14 -5 13 -3 16 -6 12 3 6 4 -1 -2 -9 4 0 0 0 0 0 0 0 0 0 0 0 0 0 0 0 0 0 0 0 0 0 0 13 -12 8 -12 9 -9 11 -7 6 -3 5 2 3 2 -2 4 -4 9 -8 10 -11 9 -10 11 -14 15 -12 19 -13 18 -11 22 -10 20 -7 16 -9 13 -7 14 -3 14 -8 10 -3 3 -9 -8 -11 -10 -18 -12 ]
CSI_DATA,STA,E4:D1:24:F1:41:40,-84,10,0,0,0,0,0,0,0,0,0,-97,0,13,0,16235172,0,389,0,0,16.6282,128,[-123 81 24 0 -18 31 -16 23 -8 25 -15 22 -10 20 -7 22 -5 13 -4 11 -14 6 1 9 -5 4 0 -9 -15 -7 -2 -13 -2 -18 -5 -13 -1 -15 0 -20 -2 -19 2 -15 1 -15 3 -13 -1 -9 5 -8 -5 3 0 0 0 0 0 0 0 0 0 0 0 0 0 0 0 0 0 0 0 0 0 0 -20 2 -16 2 -14 -2 -10 0 -3 1 -5 4 2 -6 11 1 9 -4 11 -8 14 -5 20 0 21 -4 19 -7 24 -6 24 -4 18 -8 22 -6 18 -10 15 -11 5 -4 8 3 -3 4 -3 11 -7 11 -8 24 ]
CSI_DATA,STA,E4:D1:24:F1:41:40,-86,10,0,0,0,0,0,0,0,0,0,-97,0,13,0,16337382,0,389,0,0,16.7304,128,[-123 81 24 0 -15 -34 -20 -29 -17 -31 -11 -22 -9 -21 -16 -26 -16 -13 -6 -11 -4 -9 -1 -6 -2 -6 4 0 9 5 11 9 9 2 17 15 12 8 15 12 15 14 11 10 8 13 8 11 8 8 7 8 -10 10 0 0 0 0 0 0 0 0 0 0 0 0 0 0 0 0 0 0 0 0 0 0 5 -18 7 -15 4 -12 6 -10 0 -5 5 -1 1 8 2 7 -6 15 -2 15 -7 19 -8 22 -8 22 -8 23 -10 28 -6 28 -4 22 -6 25 -4 24 -2 15 -3 9 -4 1 -1 -2 -1 -6 -12 -21 -9 -25 ]
CSI_DATA,STA,E4:D1:24:F1:41:40,-86,10,0,0,0,0,0,0,0,0,0,-97,0,13,0,16439785,0,389,0,0,16.8328,128,[-123 81 24 0 -15 -28 -19 -25 -16 -30 -17 -25 -17 -20 -11 -20 -9 -15 -5 -11 -6 -11 1 -5 -1 -2 3 -3 14 0 12 5 15 3 12 2 18 8 15 7 15 7 17 5 15 8 15 4 13 4 9 3 4 16 0 0 0 0 0 0 0 0 0 0 0 0 0 0 0 0 0 0 0 0 0 0 12 -14 8 -9 10 -13 6 -8 8 -5 3 -1 -1 5 3 5 -7 4 -6 9 -12 14 -8 16 -16 19 -9 24 -13 24 -8 24 -14 21 -12 23 -8 19 -11 10 -6 13 -7 0 -3 -5 -3 -7 -5 -19 -11 -20 ]
CSI_DATA,STA,E4:D1:24:F1:41:40,-86,10,0,0,0,0,0,0,0,0,0,-97,0,13,0,16542187,0,389,0,0,16.9352,128,[-123 81 24 0 31 11 31 14 27 5 32 8 26 2 20 2 18 5 12 1 10 3 4 1 2 0 -4 6 -10 8 -15 5 -13 6 -16 2 -15 7 -17 4 -22 7 -15 3 -20 4 -11 0 -16 -1 -9 -4 -3 6 0 0 0 0 0 0 0 0 0 0 0 0 0 0 0 0 0 0 0 0 0 0 -1 19 -3 17 -3 16 1 11 0 6 2 1 -3 -1 -3 -10 -2 -4 -2 -13 -8 -15 -5 -19 -5 -25 -3 -27 -3 -27 -5 -22 -4 -28 -7 -22 -7 -21 -5 -12 -4 -9 -4 -5 5 -4 11 -2 16 8 15 2 ]
CSI_DATA,STA,E4:D1:24:F1:41:40,-86,10,0,0,0,0,0,0,0,0,0,-97,0,13,0,16644590,0,389,0,0,17.0376,128,[-123 81 24 0 17 25 17 22 16 26 21 20 12 15 19 16 9 15 9 7 4 7 -2 3 -4 1 -9 0 -9 -5 -10 -1 -17 1 -11 -5 -23 -3 -20 -2 -13 -4 -15 -4 -15 -6 -14 -5 -5 -7 -8 -5 13 12 0 0 0 0 0 0 0 0 0 0 0 0 0 0 0 0 0 0 0 0 0 0 -13 9 -10 11 -8 6 -8 4 -8 2 -4 -2 -3 -8 1 -3 2 -7 7 -11 6 -11 5 -12 6 -21 13 -17 7 -23 10 -25 11 -21 9 -19 5 -16 9 -6 5 -7 4 -5 5 0 7 5 5 9 10 14 ]
CSI_DATA,STA,E4:D1:24:F1:41:40,-86,10,0,0,0,0,0,0,0,0,0,-97,0,13,0,16951798,0,389,0,0,17.3449,128,[-123 81 24 0 2 31 11 28 11 26 4 22 10 24 6 22 4 17 5 11 1 7 2 0 2 1 -9 -3 -7 -3 -11 -5 -15 -14 -12 -9 -17 -10 -16 -12 -16 -13 -10 -10 -10 -10 -15 -9 -6 -8 -8 -6 5 -11 0 0 0 0 0 0 0 0 0 0 0 0 0 0 0 0 0 0 0 0 0 0 -14 9 -11 8 -14 7 -7 5 -6 4 -1 0 3 1 2 -2 11 -4 9 -9 13 -10 14 -18 19 -20 15 -22 19 -24 14 -18 12 -16 15 -20 15 -16 4 -14 8 -6 6 -1 2 7 9 10 7 20 9 20 ]
CSI_DATA,STA,E4:D1:24:F1:41:40,-87,10,0,0,0,0,0,0,0,0,0,-97,0,13,0,17259004,0,389,0,0,17.652,128,[-123 81 24 0 17 11 27 6 19 8 22 7 25 0 15 -1 15 1 11 0 6 3 2 0 2 3 1 8 1 7 -10 10 -7 11 -11 11 -5 11 -7 11 -3 12 -11 12 -7 9 -6 3 -9 10 -5 6 -14 -3 0 0 0 0 0 0 0 0 0 0 0 0 0 0 0 0 0 0 0 0 0 0 -16 5 -12 6 -11 1 -9 1 -9 1 -1 3 2 1 2 -1 7 -2 2 -6 1 -10 6 -16 11 -16 4 -17 5 -18 5 -20 16 -18 3 -18 1 -13 5 -14 1 -2 3 -9 1 -2 7 5 12 4 9 12 ]
CSI_DATA,STA,E4:D1:24:F1:41:40,-87,10,0,0,0,0,0,0,0,0,0,-97,0,13,0,17361407,0,389,0,0,17.7544,128,[-123 81 24 0 27 2 31 -8 24 -9 24 -8 19 -7 19 -1 16 -6 9 -6 9 2 4 -5 4 6 -2 7 -4 12 -6 10 -10 12 -8 16 -3 19 -5 15 -7 18 -5 13 -4 8 -5 11 -5 6 -8 8 -15 -2 0 0 0 0 0 0 0 0 0 0 0 0 0 0 0 0 0 0 0 0 0 0 -6 13 -7 13 -7 9 -9 9 -3 4 -4 3 -1 -2 -5 -6 -4 -11 -2 -12 -1 -12 2 -18 -5 -19 0 -25 -3 -22 -3 -23 -4 -23 -8 -16 -10 -14 -3 -15 2 -9 2 -7 3 -7 3 -2 12 1 18 -4 ]
CSI_DATA,STA,E4:D1:24:F1:41:40,-88,10,0,0,0,0,0,0,0,0,0,-97,0,13,0,17463809,0,389,0,0,17.8568,128,[-123 81 24 0 6 -24 6 -23 -1 -25 2 -19 0 -22 -1 -20 2 -13 2 -8 -2 -7 -8 -1 1 3 1 5 9 9 7 8 9 10 9 8 6 13 2 14 12 9 9 9 9 10 9 10 4 13 5 8 -7 2 0 0 0 0 0 0 0 0 0 0 0 0 0 0 0 0 0 0 0 0 0 0 15 -2 12 -6 9 5 9 -4 6 3 5 4 -3 0 -6 0 -7 2 -9 4 -11 0 -13 2 -16 7 -21 2 -20 6 -25 5 -28 11 -16 9 -17 8 -11 -2 -10 3 -3 2 -3 -1 -2 -14 6 -11 4 -15 ]
CSI_DATA,STA,E4:D1:24:F1:41:40,-88,10,0,0,0,0,0,0,0,0,0,-97,0,13,0,17566212,0,389,0,0,17.9592,128,[-123 81 24 0 22 -11 20 -10 18 -11 15 -17 14 -11 14 -9 6 -13 8 -4 4 -2 5 -2 -1 0 -1 6 -1 5 -1 8 -5 15 -6 16 -3 13 -3 15 0 11 -8 15 -4 13 -3 13 -11 7 0 6 -14 -2 0 0 0 0 0 0 0 0 0 0 0 0 0 0 0 0 0 0 0 0 0 0 9 5 7 10 7 9 8 5 3 -1 -2 4 3 -1 -4 -5 -4 -3 -9 -5 -11 -6 -15 -3 -10 -12 -16 -7 -16 -7 -18 -6 -20 -9 -18 -10 -19 -13 -10 -10 -6 -7 -4 -5 2 -6 8 -7 15 -6 12 -8 ]
CSI_DATA,STA,E4:D1:24:F1:41:40,-89,10,0,0,0,0,0,0,0,0,0,-97,0,13,0,17668614,0,389,0,0,18.0616,128,[-123 81 24 0 -12 -23 -13 -24 -16 -19 -15 -14 -11 -17 -12 -13 -6 -13 -5 -9 -1 -6 -2 0 7 -3 5 -4 6 0 12 -3 11 3 11 3 14 0 13 1 13 3 20 2 11 -2 9 3 11 4 10 4 -9 2 0 0 0 0 0 0 0 0 0 0 0 0 0 0 0 0 0 0 0 0 0 0 14 -7 9 -3 9 -9 7 -3 7 0 0 -1 2 1 -3 6 -5 8 -10 8 -10 7 -16 10 -14 9 -20 12 -15 14 -8 13 -16 14 -7 9 -7 15 -6 10 -10 3 -1 2 -4 -5 -6 -13 -6 -21 -11 -11 ]
CSI_DATA,STA,E4:D1:24:F1:41:40,-85,10,0,0,0,0,0,0,0,0,0,-97,0,13,0,17771017,0,389,0,0,18.164,128,[-123 81 24 0 34 -6 29 -9 27 -9 23 -8 19 -7 13 -13 14 -8 7 -6 6 -6 5 3 1 10 -5 6 4 14 2 10 2 15 1 15 2 18 -2 13 1 12 -1 11 2 12 0 13 -1 7 -1 5 -9 10 0 0 0 0 0 0 0 0 0 0 0 0 0 0 0 0 0 0 0 0 0 0 -7 14 -6 10 -5 3 -9 6 -6 0 -3 4 -5 -1 -1 -3 -2 -13 2 -10 -1 -13 -2 -18 -5 -16 0 -20 -2 -17 -6 -16 -10 -19 -4 -18 -8 -14 -3 -15 -4 -8 -1 -5 3 -5 7 -7 15 -1 25 3 ]
CSI_DATA,STA,E4:D1:24:F1:41:40,-87,10,0,0,0,0,0,0,0,0,0,-97,0,13,0,17975822,0,389,0,0,18.3689,128,[-123 81 24 0 8 -30 3 -27 -1 -28 -3 -25 -2 -23 -1 -18 -2 -15 -2 -11 -3 -2 0 -5 -1 -5 2 6 7 9 12 2 14 7 12 3 14 7 13 5 17 2 14 6 14 5 9 4 9 5 6 1 4 15 0 0 0 0 0 0 0 0 0 0 0 0 0 0 0 0 0 0 0 0 0 0 12 9 6 11 11 9 8 9 3 8 1 4 0 2 -2 1 -6 -2 -13 -3 -13 -5 -18 -5 -17 -5 -23 -1 -22 -5 -26 -5 -23 7 -24 3 -20 -1 -13 -1 -8 1 -5 -5 -2 -8 -1 -7 2 -12 7 -19 ]
CSI_DATA,STA,E4:D1:24:F1:41:40,-86,10,0,0,0,0,0,0,0,0,0,-97,0,13,0,18605078,0,64,0,0,18.9979,128,[64 0 4 0 37 -10 26 -13 28 -9 28 -10 24 -11 20 -7 18 -6 6 -5 10 0 2 -2 -1 4 0 5 2 9 -4 12 -3 14 -4 16 -6 20 -6 20 -4 14 -4 20 -9 18 2 11 -3 10 3 2 -9 15 0 0 0 0 0 0 0 0 0 0 0 0 0 0 0 0 0 0 0 0 0 0 1 14 -2 17 -1 17 -5 10 -5 7 -1 5 -3 -5 -5 -5 -3 -9 -5 -9 -8 -14 -7 -20 -9 -20 -15 -20 -16 -21 -17 -21 -11 -21 -6 -18 -15 -14 -9 -12 -9 -11 -1 -7 8 -3 9 -3 14 -7 25 -6 ]
CSI_DATA,STA,E4:D1:24:F1:41:40,-85,10,0,0,0,0,0,0,0,0,0,-97,0,13,0,18795042,0,389,0,0,19.1879,128,[-123 81 24 0 -17 -36 -17 -29 -16 -24 -15 -24 -10 -18 -15 -12 -7 -14 -5 -8 -1 -8 2 -6 -3 0 9 -2 8 -6 13 -4 12 -4 12 -8 17 -8 20 -7 15 -5 16 -10 11 -10 7 -4 7 -2 2 2 -5 -5 0 0 0 0 0 0 0 0 0 0 0 0 0 0 0 0 0 0 0 0 0 0 13 7 7 11 11 7 12 6 5 5 3 -1 -1 4 -6 -2 -16 2 -13 0 -17 -1 -23 0 -22 6 -23 3 -22 10 -21 7 -17 10 -20 9 -24 5 -14 9 -15 3 -11 5 -4 -10 -2 -9 -6 -22 -3 -25 ]
CSI_DATA,STA,E4:D1:24:F1:41:40,-86,10,0,0,0,0,0,0,0,0,0,-97,0,13,0,18897445,0,389,0,0,19.2905,128,[-123 81 24 0 6 31 8 32 12 28 14 24 13 23 15 17 14 14 1 7 -2 1 0 6 -5 -2 -13 6 -17 -3 -13 6 -18 7 -20 6 -18 8 -17 7 -17 9 -18 7 -16 10 -17 7 -10 7 -9 3 -12 -2 0 0 0 0 0 0 0 0 0 0 0 0 0 0 0 0 0 0 0 0 0 0 -8 -15 -9 -12 -5 -9 -10 -13 -4 -6 -1 -2 1 -6 5 -4 5 4 14 0 15 2 17 5 16 4 25 -1 20 -5 23 -8 26 -6 20 -11 19 -7 16 0 8 0 10 1 7 10 3 15 8 22 -1 25 ]
CSI_DATA,STA,E4:D1:24:F1:41:40,-86,10,0,0,0,0,0,0,0,0,0,-97,0,13,0,18999847,0,389,0,0,19.3929,128,[-123 81 24 0 28 15 24 16 34 21 21 13 23 10 14 10 16 7 3 3 1 1 -4 1 -4 3 -9 2 -7 9 -11 7 -12 9 -20 9 -16 14 -19 14 -12 13 -18 5 -11 8 -11 7 -8 10 -8 1 -6 -14 0 0 0 0 0 0 0 0 0 0 0 0 0 0 0 0 0 0 0 0 0 0 -14 4 -19 3 -18 4 -8 -2 -9 0 -5 -3 -3 -3 2 -3 9 -8 6 -4 11 -14 11 -13 14 -14 15 -17 13 -22 17 -20 12 -17 11 -16 9 -23 8 -13 6 -10 5 -3 9 4 13 9 9 11 20 23 ]
CSI_DATA,STA,E4:D1:24:F1:41:40,-86,10,0,0,0,0,0,0,0,0,0,-97,0,13,0,19204651,0,389,0,0,19.5976,128,[-123 81 24 0 30 15 21 14 29 14 21 12 25 7 19 15 15 5 2 2 8 4 -2 3 -3 7 -9 5 -10 8 -9 4 -17 10 -19 9 -14 12 -18 10 -13 9 -12 3 -15 7 -11 9 -8 6 -5 -3 -16 -7 0 0 0 0 0 0 0 0 0 0 0 0 0 0 0 0 0 0 0 0 0 0 -14 7 -10 8 -10 6 -13 -2 -6 0 -7 1 -5 -1 1 -11 1 -7 7 -10 5 -16 9 -18 11 -19 11 -24 6 -22 8 -20 12 -22 1 -24 6 -20 5 -19 7 -9 1 -5 8 2 11 3 12 12 16 16 ]
CSI_DATA,STA,E4:D1:24:F1:41:40,-86,10,0,0,0,0,0,0,0,0,0,-97,0,13,0,19307054,0,389,0,0,19.7001,128,[-123 81 24 0 22 26 15 16 20 19 17 17 16 13 15 8 12 9 7 5 4 4 -3 2 -5 5 -9 4 -5 4 -14 6 -15 5 -18 7 -23 6 -14 3 -17 7 -18 -3 -12 4 -15 5 -10 1 -2 3 -13 -5 0 0 0 0 0 0 0 0 0 0 0 0 0 0 0 0 0 0 0 0 0 0 -13 7 -14 3 -9 5 -9 4 -12 -2 -4 0 -2 1 1 -5 3 -10 4 -13 8 -9 10 -13 7 -16 13 -19 12 -20 8 -24 12 -17 12 -21 4 -19 3 -10 5 -10 4 -3 3 6 13 12 15 14 20 22 ]
CSI_DATA,STA,E4:D1:24:F1:41:40,-86,10,0,0,0,0,0,0,0,0,0,-97,0,13,0,19409500,0,389,0,0,19.8028,128,[-123 81 24 0 14 -23 11 -29 6 -29 12 -25 7 -22 4 -14 8 -21 1 -8 9 -7 4 -3 6 9 8 8 6 7 13 12 11 11 11 14 14 12 9 15 9 16 10 16 4 8 6 11 11 10 15 -6 -6 19 0 0 0 0 0 0 0 0 0 0 0 0 0 0 0 0 0 0 0 0 0 0 7 20 3 9 3 7 0 6 -2 2 4 -1 -7 1 -7 -6 -7 -1 -8 -10 -10 -11 -20 -12 -21 -13 -19 -8 -22 -10 -14 -5 -22 -9 -17 -3 -13 -7 -12 -6 -7 -9 3 -8 -1 -12 4 -16 5 -15 12 -22 ]
CSI_DATA,STA,E4:D1:24:F1:41:40,-86,10,0,0,0,0,0,0,0,0,0,-97,0,13,0,19460429,0,368,0,0,19.8534,128,[112 1 23 0 -29 7 -28 5 -23 12 -18 9 -18 11 -12 9 -12 9 -10 3 -9 4 -7 -6 -4 -10 -5 -11 -2 -12 -8 -13 -5 -16 -6 -10 -12 -15 -8 -18 -10 -10 -9 -13 -12 -6 -9 -9 -7 -11 -2 -2 4 -18 0 0 0 0 0 0 0 0 0 0 0 0 0 0 0 0 0 0 0 0 0 0 16 -5 14 -3 13 -4 9 -4 9 -1 4 2 -2 4 -2 7 -2 11 -3 12 -4 12 -5 22 -7 21 -6 22 -4 24 -4 25 0 12 -1 20 -1 13 -1 7 0 12 -3 3 -10 4 -15 5 -22 1 -24 1 ]
CSI_DATA,STA,E4:D1:24:F1:41:40,-85,10,0,0,0,0,0,0,0,0,0,-97,0,13,0,19692181,0,64,0,0,20.085,128,[64 0 4 0 -1 -36 -4 -33 -8 -27 -9 -30 -4 -20 -2 -16 -5 -19 -5 -9 3 -7 3 -5 8 -2 12 -2 12 0 15 1 14 3 16 0 20 -6 17 -4 18 -2 19 -8 14 0 13 0 9 2 5 -2 -7 -3 0 0 0 0 0 0 0 0 0 0 0 0 0 0 0 0 0 0 0 0 0 0 8 14 7 13 2 13 -1 9 1 6 -2 4 -1 1 -12 -3 -11 -4 -20 -3 -16 -2 -18 -8 -21 -6 -23 -6 -28 0 -20 1 -22 -1 -22 -5 -18 -1 -17 -6 -12 -3 -9 -7 -3 -13 -4 -15 -3 -28 0 -31 ]
CSI_DATA,STA,E4:D1:24:F1:41:40,-86,10,0,0,0,0,0,0,0,0,0,-97,0,13,0,19823441,0,37,0,0,20.2163,128,[37 80 2 0 32 15 28 8 34 6 29 3 22 -1 21 -2 15 -3 8 4 7 5 1 1 -4 8 0 12 2 13 -5 17 -1 16 1 19 0 14 2 18 5 15 1 20 1 13 0 10 1 8 2 6 -12 11 0 0 0 0 0 0 0 0 0 0 0 0 0 0 0 0 0 0 0 0 0 0 -11 -11 -6 -13 -9 -12 -6 -7 -5 -8 -2 -6 2 -8 6 -4 11 -3 16 0 15 -4 20 -7 23 0 6 -19 34 -27 20 -14 17 -17 15 -13 13 -13 7 -9 14 -6 8 -5 15 7 20 15 18 13 23 18 ]
CSI_DATA,STA,E4:D1:24:F1:41:40,-86,10,0,0,0,0,0,0,0,0,0,-97,0,13,0,19866543,0,66,0,0,20.2595,128,[66 32 4 0 -26 -24 -24 -21 -19 -20 -25 -14 -17 -9 -13 -13 -13 -8 -5 -6 -4 -10 -1 -7 5 -4 9 -7 10 -13 10 -10 17 -11 15 -9 18 -14 12 -18 9 -11 15 -13 11 -7 7 -12 3 -8 5 -7 11 2 0 0 0 0 0 0 0 0 0 0 0 0 0 0 0 0 0 0 0 0 0 0 13 9 12 6 9 6 6 8 7 4 -2 6 -9 6 -9 3 -13 4 -15 4 -15 10 -16 10 -16 6 -15 15 -25 13 -17 16 -17 13 -20 11 -15 8 -16 8 -13 3 -8 -4 -8 -12 -11 -12 -13 -16 -21 -22 ]
CSI_DATA,STA,E4:D1:24:F1:41:40,-86,10,0,0,0,0,0,0,0,0,0,-97,0,13,0,19921469,0,389,0,0,20.3146,128,[-123 81 24 0 -33 -2 -35 1 -32 3 -27 0 -23 4 -20 3 -14 5 -7 1 -9 -1 -6 -7 2 -9 1 -13 -4 -16 -4 -16 0 -17 -2 -23 -4 -21 -3 -24 0 -21 -3 -19 -3 -17 0 -11 0 -9 1 -7 10 6 0 0 0 0 0 0 0 0 0 0 0 0 0 0 0 0 0 0 0 0 0 0 10 -2 14 1 11 -4 12 4 6 1 3 8 1 4 1 5 2 7 -1 8 -7 11 -6 16 -13 24 -6 18 -6 24 -11 22 -7 22 -8 18 -9 12 -2 12 -2 8 -7 6 -6 -2 -25 -2 -17 -7 -23 0 ]
CSI_DATA,STA,E4:D1:24:F1:41:40,-86,10,0,0,0,0,0,0,0,0,0,-97,0,13,0,19934476,0,66,0,0,20.3452,128,[66 32 4 0 0 31 0 31 1 28 8 25 9 18 3 19 5 15 -1 9 -2 5 -6 3 -16 0 -14 5 -15 6 -19 12 -19 6 -20 10 -20 8 -18 8 -14 6 -13 8 -12 4 -10 4 -10 6 -4 0 3 3 0 0 0 0 0 0 0 0 0 0 0 0 0 0 0 0 0 0 0 0 0 0 6 -17 5 -15 3 -15 3 -13 4 -10 6 -4 5 1 9 0 11 6 7 7 11 12 10 11 13 17 17 10 18 11 14 8 20 12 14 6 13 11 16 2 7 9 9 8 0 18 -2 16 -1 26 0 24 ]
CSI_DATA,STA,E4:D1:24:F1:41:40,-84,10,0,0,0,0,0,0,0,0,0,-97,0,13,0,20228676,0,389,0,0,20.6217,128,[-123 81 24 0 25 23 28 17 24 13 23 9 19 6 14 5 13 0 12 -3 3 6 -1 7 -12 11 -8 16 -5 12 -7 11 -5 18 -10 16 -9 19 -14 13 -11 17 -8 15 -4 12 -9 9 -7 5 -8 4 6 5 0 0 0 0 0 0 0 0 0 0 0 0 0 0 0 0 0 0 0 0 0 0 -15 -9 -16 -12 -11 -10 -8 -8 -7 -6 1 -3 9 -9 5 -8 10 -5 15 -7 16 -5 21 -11 15 -12 20 -14 20 -17 18 -14 10 -10 17 -8 14 -10 13 -9 9 -5 10 1 11 7 19 12 15 18 20 19 ]
CSI_DATA,STA,E4:D1:24:F1:41:40,-86,10,0,0,0,0,0,0,0,0,0,-97,0,13,0,20437327,0,66,0,0,20.8305,128,[66 32 4 0 25 -24 21 -30 15 -20 14 -28 9 -19 12 -15 13 -8 1 -2 6 -3 8 2 11 4 9 4 15 8 16 7 17 10 17 8 20 8 19 7 21 4 19 5 13 -3 12 4 7 1 9 1 -3 5 0 0 0 0 0 0 0 0 0 0 0 0 0 0 0 0 0 0 0 0 0 0 -12 12 -14 6 -10 6 -10 2 -5 2 -12 -1 -4 -2 0 -8 -3 -13 2 -17 -5 -15 -8 -21 -4 -20 -5 -23 -11 -23 -7 -23 -10 -22 -8 -18 -4 -17 -9 -15 -1 -12 5 -13 9 -8 15 -13 16 -18 25 -17 ]
CSI_DATA,STA,E4:D1:24:F1:41:40,-85,10,0,0,0,0,0,0,0,0,0,-97,0,13,0,20638286,0,389,0,0,21.0311,128,[-123 81 24 0 23 -29 24 -21 19 -22 11 -25 10 -24 2 -17 7 -11 7 -8 4 -2 9 3 1 2 12 9 12 5 14 10 21 5 20 12 22 10 17 8 19 7 16 6 14 10 10 6 10 9 -1 9 0 -19 0 0 0 0 0 0 0 0 0 0 0 0 0 0 0 0 0 0 0 0 0 0 -15 7 -13 4 -17 7 -12 6 -5 2 -6 -1 -2 -6 -5 -10 -2 -13 0 -17 -1 -22 4 -19 -6 -21 -6 -21 -9 -21 -8 -25 -15 -18 -13 -19 -11 -14 -2 -12 -3 -11 2 -15 7 -10 13 -12 15 -11 23 -18 ]
CSI_DATA,STA,E4:D1:24:F1:41:40,-86,10,0,0,0,0,0,0,0,0,0,-97,0,13,0,20765066,0,64,0,0,21.1578,128,[64 0 4 0 -12 35 -6 29 -2 28 3 27 3 21 1 24 2 11 3 11 -6 4 -6 2 -8 2 -13 0 -13 -5 -18 -7 -17 -4 -16 -7 -18 -8 -17 -7 -16 -3 -15 -6 -17 -10 -12 -3 -7 -3 -2 -6 -13 -12 0 0 0 0 0 0 0 0 0 0 0 0 0 0 0 0 0 0 0 0 0 0 -8 -13 -6 -16 -4 -13 -4 -9 -6 -7 2 -7 1 -3 7 0 16 3 11 6 11 5 19 15 18 9 20 2 22 6 23 1 22 0 21 -2 14 3 13 1 6 1 6 3 1 16 0 14 -4 15 -9 19 ]
CSI_DATA,STA,E4:D1:24:F1:41:40,-85,10,0,0,0,0,0,0,0,0,0,-97,0,13,0,20843091,0,389,0,0,21.2363,128,[-123 81 24 0 -38 -4 -32 -5 -33 -1 -32 -1 -29 -2 -18 -3 -24 4 -17 9 -17 -14 -13 -3 6 -9 4 -11 9 -10 3 -14 1 -14 9 -24 8 -22 6 -19 9 -18 3 -17 4 -17 6 -17 4 -6 -1 -1 -1 -11 0 0 0 0 0 0 0 0 0 0 0 0 0 0 0 0 0 0 0 0 0 0 14 -11 13 -6 10 -5 9 -4 7 -4 5 -2 2 5 -1 3 1 6 -6 12 -7 13 -2 16 -13 21 -11 20 -6 22 -8 22 -4 21 -2 19 -2 16 0 13 -1 8 -6 5 -6 4 -18 -3 -21 -8 -28 -11 ]
CSI_DATA,STA,E4:D1:24:F1:41:40,-86,10,0,0,0,0,0,0,0,0,0,-97,0,13,0,20945602,0,389,0,0,21.3386,128,[-123 81 24 0 12 25 10 29 10 27 12 24 8 21 4 14 9 12 6 5 -2 4 -3 3 -7 0 -7 2 -11 -3 -13 -2 -18 0 -19 0 -20 2 -19 5 -21 4 -22 2 -12 -2 -16 1 -13 5 -12 4 -8 -9 0 0 0 0 0 0 0 0 0 0 0 0 0 0 0 0 0 0 0 0 0 0 -17 -5 -12 -6 -10 -5 -10 -6 -6 -6 -6 -4 5 3 3 -6 11 4 10 -3 13 -6 19 -5 19 -6 25 -7 22 -9 20 -9 21 -8 17 -12 15 -10 9 -7 10 -2 5 0 10 7 9 15 12 17 8 22 ]
CSI_DATA,STA,E4:D1:24:F1:41:40,-86,10,0,0,0,0,0,0,0,0,0,-97,0,13,0,20954685,0,66,0,0,21.369,128,[66 32 4 0 9 -34 7 -33 7 -31 6 -25 6 -24 3 -21 4 -22 0 -11 -1 -3 6 0 11 7 5 7 10 11 9 12 7 13 13 14 10 13 14 15 7 17 8 11 12 7 13 11 5 6 7 2 -3 14 0 0 0 0 0 0 0 0 0 0 0 0 0 0 0 0 0 0 0 0 0 0 15 10 10 9 10 10 5 7 3 8 0 2 -5 1 -2 -5 -12 -2 -14 -5 -19 -8 -19 -1 -23 -3 -20 -4 -23 -2 -22 1 -28 2 -16 -4 -18 -6 -12 -7 -10 -6 -4 -6 -1 -14 6 -16 7 -17 4 -27 ]
CSI_DATA,STA,E4:D1:24:F1:41:40,-85,10,0,0,0,0,0,0,0,0,0,-97,0,13,0,21043585,0,66,0,0,21.4368,128,[66 32 4 0 33 17 30 19 29 16 23 10 22 11 16 2 15 5 6 3 2 8 -1 0 -6 7 -10 7 -13 6 -12 5 -10 13 -20 14 -17 15 -18 3 -19 13 -18 10 -12 9 -8 7 -11 5 -5 1 -16 6 0 0 0 0 0 0 0 0 0 0 0 0 0 0 0 0 0 0 0 0 0 0 -17 11 -8 5 -12 4 -11 5 -8 0 -8 0 -4 -5 3 -6 6 -9 5 -8 9 -16 9 -19 8 -18 5 -15 18 -17 9 -24 10 -19 7 -20 6 -23 4 -22 4 -9 10 -10 10 5 18 9 16 9 19 21 ]
CSI_DATA,STA,E4:D1:24:F1:41:40,-87,10,0,0,0,0,0,0,0,0,0,-97,0,13,0,21052156,0,66,0,0,21.4671,128,[66 32 4 0 -13 29 -8 33 -11 23 -11 28 -7 17 -5 12 -3 18 -7 11 -6 14 -1 0 -6 -1 -15 -1 -17 -1 -11 -2 -14 -12 -19 -6 -21 -6 -19 -1 -23 -5 -18 -12 -11 -3 -14 -6 -8 -5 -10 -4 7 -1 0 0 0 0 0 0 0 0 0 0 0 0 0 0 0 0 0 0 0 0 0 0 3 -17 8 -10 6 -7 10 -9 4 -8 4 4 2 1 2 4 0 7 3 10 7 15 5 19 13 15 13 14 14 16 13 20 23 12 16 18 15 15 13 12 6 6 5 12 -4 8 -7 10 -10 14 -18 23 ]
CSI_DATA,STA,E4:D1:24:F1:41:40,-86,10,0,0,0,0,0,0,0,0,0,-97,0,13,0,21118331,0,37,0,0,21.5112,128,[37 80 2 0 25 -21 18 -26 25 -22 15 -23 10 -22 7 -20 3 -14 2 -7 9 -6 7 -3 3 3 5 -1 10 5 12 9 21 4 19 7 17 8 18 -2 21 3 15 4 20 1 18 1 9 -4 19 15 -24 14 0 0 0 0 0 0 0 0 0 0 0 0 0 0 0 0 0 0 0 0 0 0 -12 1 -17 6 -18 -3 -10 7 -11 1 -3 -4 5 -3 3 -2 4 -4 8 -12 9 -17 1 -16 1 -20 10 -25 -3 -26 -1 -29 -8 -21 -8 -14 0 -15 -10 -16 -7 -9 13 -4 4 -3 16 -9 22 -5 24 -9 ]
CSI_DATA,STA,E4:D1:24:F1:41:40,-86,10,0,0,0,0,0,0,0,0,0,-97,0,13,0,21119221,0,37,0,0,21.5465,128,[37 80 2 0 13 23 11 35 13 27 14 19 11 18 8 11 3 14 7 10 5 4 -2 6 -7 1 -11 3 -13 6 -11 0 -21 -2 -17 -1 -27 2 -21 -3 -25 3 -20 -5 -19 -1 -14 -1 -16 -2 -7 4 -14 0 0 0 0 0 0 0 0 0 0 0 0 0 0 0 0 0 0 0 0 0 0 0 -15 -6 -15 -4 -14 -4 -7 -1 -10 -8 -5 -2 -1 -7 7 0 11 1 17 -4 9 -9 9 -11 14 -8 17 -15 30 -8 18 -13 20 -6 17 -8 15 -10 13 -6 9 -3 7 5 6 6 2 15 7 17 7 21 ]
CSI_DATA,STA,E4:D1:24:F1:41:40,-85,10,0,0,0,0,0,0,0,0,0,-97,0,13,0,21252701,0,389,0,0,21.6459,128,[-123 81 24 0 -30 16 -32 19 -20 11 -25 18 -19 17 -15 11 -12 10 -15 5 -9 4 -8 4 -2 -8 -5 -14 -3 -14 3 -14 0 -23 3 -20 0 -22 2 -21 1 -18 -1 -21 2 -18 3 -15 -2 -6 0 1 -1 -15 0 0 0 0 0 0 0 0 0 0 0 0 0 0 0 0 0 0 0 0 0 0 -2 -15 0 -13 0 -13 3 -11 6 -3 0 -2 5 6 -1 2 5 8 9 11 6 16 8 15 11 21 15 22 16 19 12 16 12 22 16 19 10 14 3 13 0 8 2 5 -5 4 -16 7 -15 4 -25 13 ]
CSI_DATA,STA,E4:D1:24:F1:41:40,-85,10,0,0,0,0,0,0,0,0,0,-97,0,13,0,21457506,0,389,0,0,21.8508,128,[-123 81 24 0 -27 -29 -29 -24 -26 -20 -23 -17 -23 -19 -12 -14 -15 -12 -15 -10 -6 -9 -4 -6 1 -4 12 -11 11 -16 16 -13 17 -11 17 -13 18 -10 18 -11 19 -12 19 -8 13 -9 12 -7 11 -6 9 2 -9 -3 0 0 0 0 0 0 0 0 0 0 0 0 0 0 0 0 0 0 0 0 0 0 17 5 15 4 14 2 6 5 6 3 4 3 -4 -3 -6 2 -6 1 -19 11 -15 9 -14 11 -22 12 -19 17 -23 17 -18 19 -16 21 -19 21 -12 20 -14 13 -6 5 -8 4 -11 -9 -6 -14 -13 -19 -17 -20 ]
CSI_DATA,STA,E4:D1:24:F1:41:40,-86,10,0,0,0,0,0,0,0,0,0,-97,0,13,0,21969519,0,389,0,0,22.3629,128,[-123 81 24 0 -22 23 -25 17 -17 20 -13 21 -17 18 -12 18 -8 10 -5 7 -9 3 -1 -1 -8 -1 -10 -9 -9 -9 -14 -8 -11 -10 -17 -13 -15 -13 -10 -12 -10 -14 -11 -11 -15 -11 -8 -8 -6 -10 -6 -11 2 8 0 0 0 0 0 0 0 0 0 0 0 0 0 0 0 0 0 0 0 0 0 0 10 -13 13 -10 10 -8 7 -6 4 -5 6 -2 0 4 4 5 -4 7 3 13 1 9 3 18 4 18 6 21 7 20 10 22 11 16 9 14 9 13 9 12 3 12 1 15 -9 12 -19 12 -13 13 -21 8 ]
CSI_DATA,STA,E4:D1:24:F1:41:40,-86,10,0,0,0,0,0,0,0,0,0,-97,0,13,0,22174323,0,389,0,0,22.5676,128,[-123 81 24 0 4 -25 9 -28 -1 -30 3 -26 -1 -26 -7 -21 -4 -16 -7 -15 5 -11 3 -2 5 -2 9 -1 11 2 9 0 15 4 17 4 21 6 21 0 17 0 13 0 12 3 12 -1 4 -1 5 2 8 9 0 0 0 0 0 0 0 0 0 0 0 0 0 0 0 0 0 0 0 0 0 0 5 12 4 15 -4 10 -2 13 0 2 -6 3 -5 -3 -8 -2 -5 -7 -10 -7 -11 -5 -18 -9 -22 -10 -23 -17 -20 -10 -21 -13 -22 -9 -23 -7 -13 -8 -14 -5 -12 -5 -3 -3 -3 -3 4 -13 3 -19 13 -19 ]
CSI_DATA,STA,E4:D1:24:F1:41:40,-87,10,0,0,0,0,0,0,0,0,0,-97,0,13,0,22686336,0,389,0,0,23.0797,128,[-123 81 24 0 23 6 25 3 25 12 20 2 18 10 14 4 10 0 9 3 -1 4 3 -2 -7 -4 -4 1 -14 3 -9 -2 -11 -2 -13 3 -14 1 -19 3 -18 3 -13 2 -13 0 -11 2 -7 -4 -3 -3 -3 11 0 0 0 0 0 0 0 0 0 0 0 0 0 0 0 0 0 0 0 0 0 0 -2 13 0 9 3 10 -4 7 -2 5 0 4 -4 -2 -3 2 -5 -5 -2 -8 -2 -13 -1 -13 -1 -15 -1 -16 -3 -16 -7 -23 -2 -20 -9 -15 -7 -14 0 -11 0 -7 5 -13 6 -1 8 2 11 10 15 8 ]
CSI_DATA,STA,E4:D1:24:F1:41:40,-88,10,0,0,0,0,0,0,0,0,0,-97,0,13,0,22898552,0,66,0,0,23.2917,128,[66 32 4 0 -27 7 -27 11 -22 7 -17 13 -21 9 -17 9 -13 11 -14 5 -6 3 -4 -1 -4 -1 -4 -4 -6 -6 3 -9 -1 -8 2 -18 5 -19 3 -18 2 -11 1 -18 0 -11 2 -13 5 -11 2 -9 0 7 0 0 0 0 0 0 0 0 0 0 0 0 0 0 0 0 0 0 0 0 0 0 3 -15 3 -9 2 -6 2 -6 -1 -5 2 -6 1 3 1 2 -3 5 1 2 1 11 6 16 7 18 4 17 -1 20 8 14 8 18 9 16 8 16 3 11 11 2 3 9 0 2 -7 1 -12 1 -19 -1 ]
CSI_DATA,STA,E4:D1:24:F1:41:40,-87,10,0,0,0,0,0,0,0,0,0,-97,0,13,0,22993543,0,389,0,0,23.3867,128,[-123 81 24 0 22 14 22 12 23 7 27 7 23 5 15 4 15 -4 5 1 7 0 7 -2 -1 -4 -8 4 -7 4 -14 2 -15 3 -10 3 -15 8 -15 8 -18 8 -17 1 -18 3 -10 1 -8 -1 -10 -4 2 8 0 0 0 0 0 0 0 0 0 0 0 0 0 0 0 0 0 0 0 0 0 0 3 14 1 14 1 11 -3 9 -3 6 -1 3 -4 2 -1 -6 -2 -7 -6 -8 -6 -15 -6 -19 -5 -16 -10 -19 -3 -21 -6 -26 -10 -18 -11 -19 -12 -15 -7 -14 -5 -3 -3 -8 6 -1 8 -2 13 6 17 7 ]
CSI_DATA,STA,E4:D1:24:F1:41:40,-86,10,0,0,0,0,0,0,0,0,0,-97,0,13,0,23222192,0,389,0,0,23.6155,128,[-123 81 24 0 22 -22 16 -18 16 -25 9 -23 10 -18 1 -19 7 -16 7 -9 3 -4 3 -8 -4 -3 -2 3 10 7 8 7 5 15 10 19 7 14 7 16 7 10 9 16 4 10 3 11 -1 6 -4 4 13 4 0 0 0 0 0 0 0 0 0 0 0 0 0 0 0 0 0 0 0 0 0 0 9 13 4 7 6 13 -2 7 -1 0 -1 4 -6 -1 -3 -1 -6 -4 -10 -5 -16 -6 -15 -14 -14 -13 -21 -14 -17 -6 -20 -8 -14 -6 -21 -4 -11 -6 -8 -5 -4 -4 -9 -10 2 -7 4 -9 9 -10 10 -18 ]
CSI_DATA,STA,E4:D1:24:F1:41:40,-86,10,0,0,0,0,0,0,0,0,0,-97,0,13,0,23607959,0,389,0,0,24.0013,128,[-123 81 24 0 -11 32 -16 23 -15 21 -10 24 -7 25 -9 25 -4 15 1 14 -2 10 -3 5 -10 3 -1 -8 -8 -11 -7 -9 -12 -19 -13 -11 -14 -13 -11 -16 -12 -11 -13 -15 -15 -10 -10 -12 -8 -6 -6 -3 -6 -20 0 0 0 0 0 0 0 0 0 0 0 0 0 0 0 0 0 0 0 0 0 0 -11 -17 -5 -15 -6 -17 -3 -11 -2 -7 -3 -6 4 0 5 5 7 3 12 5 7 8 16 9 25 8 20 10 21 11 25 5 23 8 21 8 17 1 13 8 10 4 0 8 -2 5 0 14 -11 11 -18 19 ]
CSI_DATA,STA,E4:D1:24:F1:41:40,-85,10,0,0,0,0,0,0,0,0,0,-97,0,13,0,23812764,0,389,0,0,24.2061,128,[-123 81 24 0 -29 27 -23 23 -25 20 -16 24 -17 23 -12 15 -10 12 -7 12 -7 6 -4 -4 -6 0 -7 -8 -5 -14 -7 -9 -3 -14 -5 -13 -4 -21 -6 -24 3 -18 -2 -19 -7 -19 -5 -18 2 -13 1 -7 -1 -16 0 0 0 0 0 0 0 0 0 0 0 0 0 0 0 0 0 0 0 0 0 0 -11 -13 -12 -14 -12 -17 -8 -11 -5 -9 -2 -5 6 3 10 0 6 4 9 11 15 9 17 4 20 14 26 11 21 17 20 8 24 7 23 12 14 9 18 12 11 2 4 6 1 9 -7 9 -17 12 -11 14 ]
CSI_DATA,STA,E4:D1:24:F1:41:40,-85,10,0,0,0,0,0,0,0,0,0,-97,0,13,0,23915166,0,389,0,0,24.3084,128,[-123 81 24 0 2 -34 -2 -37 -8 -38 -10 -25 -9 -30 -6 -24 -4 -21 -3 -14 -3 -14 -1 -9 5 0 10 0 11 5 13 5 17 -2 18 7 20 2 19 8 18 4 17 2 20 -2 11 2 7 4 14 9 -9 3 0 0 0 0 0 0 0 0 0 0 0 0 0 0 0 0 0 0 0 0 0 0 16 12 12 14 10 10 8 9 2 4 1 2 0 -1 -6 4 -11 -1 -10 0 -16 -1 -19 -5 -22 2 -24 -2 -28 5 -27 8 -21 9 -23 2 -20 0 -16 7 -11 4 -8 -5 -5 -8 -4 -14 0 -18 3 -23 ]
CSI_DATA,STA,E4:D1:24:F1:41:40,-86,10,0,0,0,0,0,0,0,0,0,-97,0,13,0,24324775,0,389,0,0,24.7181,128,[-123 81 24 0 25 -10 19 -13 25 -13 18 -11 13 -8 5 -9 13 -13 6 -12 11 -8 5 -3 3 3 3 1 4 6 1 2 3 12 7 18 11 15 7 12 8 8 7 11 11 9 5 11 4 6 6 7 -8 9 0 0 0 0 0 0 0 0 0 0 0 0 0 0 0 0 0 0 0 0 0 0 -15 7 -10 0 -13 7 -8 4 -3 1 -6 3 -6 -7 2 -7 3 -7 0 -14 2 -17 0 -18 1 -16 1 -20 -3 -20 -2 -17 -2 -19 -11 -16 -6 -15 -5 -12 -3 -15 -5 -6 4 -10 5 -4 15 -5 19 -2 ]
CSI_DATA,STA,E4:D1:24:F1:41:40,-87,10,0,0,0,0,0,0,0,0,0,-97,0,13,0,24836788,0,389,0,0,25.2302,128,[-123 81 24 0 -24 -9 -29 -12 -30 -4 -20 0 -22 -5 -16 -2 -14 -2 -10 -1 -4 -2 -7 -9 -1 -8 0 -9 1 -16 4 -13 4 -12 6 -15 7 -19 5 -14 4 -15 5 -14 1 -15 10 -9 7 -13 2 -7 4 10 0 0 0 0 0 0 0 0 0 0 0 0 0 0 0 0 0 0 0 0 0 0 16 -3 13 -8 10 0 11 -4 6 -3 2 8 -4 3 -6 4 -4 4 0 7 -10 11 -9 12 -6 16 -13 19 -12 22 -10 18 -5 19 -12 20 -2 15 -4 16 -5 8 -5 6 -6 1 -13 1 -16 -4 -18 -7 ]
CSI_DATA,STA,E4:D1:24:F1:41:40,-86,10,0,0,0,0,0,0,0,0,0,-97,0,13,0,24939190,0,389,0,0,25.3325,128,[-123 81 24 0 30 -14 27 -11 19 -12 21 -16 19 -15 15 -14 10 -12 10 -8 1 2 6 0 8 5 4 7 0 12 0 8 0 16 6 10 -1 17 -3 18 3 15 -1 17 -1 13 1 14 0 7 0 3 -7 14 0 0 0 0 0 0 0 0 0 0 0 0 0 0 0 0 0 0 0 0 0 0 4 15 -2 12 -6 12 -2 8 -4 2 -6 -1 -5 2 -6 -9 -4 -4 0 -10 -7 -16 -13 -11 -10 -13 -7 -21 -13 -20 -14 -20 -15 -21 -11 -10 -14 -9 -9 -7 -3 -12 2 -12 0 -13 5 -11 15 -6 14 -13 ]
CSI_DATA,STA,E4:D1:24:F1:41:40,-87,10,0,0,0,0,0,0,0,0,0,-97,0,13,0,25041593,0,389,0,0,25.4349,128,[-123 81 24 0 8 -28 12 -29 12 -28 5 -23 5 -24 3 -15 2 -16 -3 -14 5 -5 9 -6 11 -2 9 -1 13 3 11 -1 14 6 15 -2 17 3 13 4 14 2 12 4 13 1 9 -2 9 2 7 0 14 11 0 0 0 0 0 0 0 0 0 0 0 0 0 0 0 0 0 0 0 0 0 0 -8 15 -2 12 -4 10 -3 13 -5 7 -3 4 -2 0 -4 -5 -7 -5 -5 -8 -9 -14 -9 -14 -9 -14 -9 -10 -16 -14 -18 -12 -16 -14 -20 -14 -16 -9 -7 -7 -6 -5 -2 -9 0 -10 7 -7 7 -11 7 -16 ]
CSI_DATA,STA,E4:D1:24:F1:41:40,-87,10,0,0,0,0,0,0,0,0,0,-97,0,13,0,25144107,0,389,0,0,25.5374,128,[-123 81 24 0 9 26 6 19 9 24 12 19 11 21 9 14 8 10 2 7 10 7 -5 8 -2 2 -7 3 -7 4 -11 12 -13 0 -15 2 -15 5 -9 3 -10 8 -13 4 -11 6 -8 4 -10 1 -9 -2 1 10 0 0 0 0 0 0 0 0 0 0 0 0 0 0 0 0 0 0 0 0 0 0 -5 -12 -10 -10 -6 -6 -8 -10 -3 -8 -3 -2 2 -2 6 -1 8 -1 10 1 13 1 17 -5 24 -6 16 -5 20 -5 18 -8 20 -5 20 -5 16 -8 9 -2 7 -9 12 -1 3 8 4 13 7 10 3 19 ]
CSI_DATA,STA,E4:D1:24:F1:41:40,-86,10,0,0,0,0,0,0,0,0,0,-97,0,13,0,25348977,0,389,0,0,25.7423,128,[-123 81 24 0 20 15 17 21 15 14 19 15 12 21 13 11 13 10 8 6 2 5 -1 3 -4 5 -9 5 -12 1 -16 3 -16 5 -17 3 -19 6 -18 8 -12 -2 -15 2 -11 -1 -8 -4 -11 1 -11 -6 -6 7 0 0 0 0 0 0 0 0 0 0 0 0 0 0 0 0 0 0 0 0 0 0 -12 10 -9 12 -10 3 -13 2 -5 -2 -7 -1 -2 -5 -2 -4 7 -6 6 -14 6 -14 8 -15 8 -16 9 -17 9 -21 9 -18 10 -23 7 -19 7 -17 7 -13 4 -3 2 -2 1 0 12 14 15 12 20 14 ]
CSI_DATA,STA,E4:D1:24:F1:41:40,-84,10,0,0,0,0,0,0,0,0,0,-97,0,13,0,25656008,0,389,0,0,26.0493,128,[-123 81 24 0 -38 -12 -40 -6 -32 -3 -29 -1 -29 -6 -22 3 -15 1 -9 -2 -5 1 -2 -8 2 -5 8 -9 6 -16 10 -16 6 -19 9 -11 12 -16 11 -21 14 -17 12 -10 15 -16 11 -10 9 -9 2 -6 9 8 0 0 0 0 0 0 0 0 0 0 0 0 0 0 0 0 0 0 0 0 0 0 8 -15 7 -14 8 -12 2 -14 1 -4 4 -3 0 4 -2 5 3 8 -2 16 -4 21 0 17 -4 26 2 27 0 24 4 25 1 26 11 22 6 19 -1 18 -4 6 -2 3 -8 0 -20 -3 -22 -6 -29 -7 ]
CSI_DATA,STA,E4:D1:24:F1:41:40,-86,10,0,0,0,0,0,0,0,0,0,-97,0,13,0,26090553,0,64,0,0,26.4838,128,[64 0 4 0 22 24 23 21 22 19 20 22 23 11 14 10 15 6 2 5 3 5 -2 0 4 9 -10 5 -9 5 -8 1 -14 5 -15 -2 -22 6 -15 5 -16 6 -16 6 -10 8 -16 1 -11 1 -8 -1 -11 -11 0 0 0 0 0 0 0 0 0 0 0 0 0 0 0 0 0 0 0 0 0 0 -17 6 -9 10 -11 5 -10 5 -4 -1 -4 5 -2 -10 6 -4 0 -10 9 -8 6 -15 8 -15 5 -21 12 -21 6 -21 7 -20 7 -17 12 -17 5 -15 9 -17 8 -9 7 -1 8 3 5 10 12 15 16 16 ]
CSI_DATA,STA,E4:D1:24:F1:41:40,-87,10,0,0,0,0,0,0,0,0,0,-97,0,13,0,26168021,0,389,0,0,26.5608,128,[-123 81 24 0 16 -25 16 -26 13 -22 12 -21 9 -16 6 -17 1 -14 3 -10 0 -5 2 -5 4 -2 8 7 1 9 6 12 8 14 6 14 5 14 7 15 5 16 6 14 4 11 2 10 6 8 3 8 9 16 0 0 0 0 0 0 0 0 0 0 0 0 0 0 0 0 0 0 0 0 0 0 11 8 10 8 7 10 3 6 5 3 -1 5 -1 0 -3 3 -9 -2 -18 -10 -14 -5 -16 -2 -22 -6 -17 -5 -28 -6 -21 -4 -16 -5 -22 -4 -19 0 -6 -4 -10 -10 -7 -3 2 -5 5 -10 8 -9 17 -18 ]
CSI_DATA,STA,E4:D1:24:F1:41:40,-88,10,0,0,0,0,0,0,0,0,0,-97,0,13,0,26270423,0,389,0,0,26.6638,128,[-123 81 24 0 -16 25 -17 21 -17 20 -6 20 -9 22 -4 19 -5 9 -9 8 0 6 -2 2 -3 -10 -8 -2 -11 -8 -7 -11 -10 -15 -9 -15 -6 -14 -9 -15 -6 -13 -7 -15 -7 -10 -10 -14 -8 -9 -4 -7 8 -7 0 0 0 0 0 0 0 0 0 0 0 0 0 0 0 0 0 0 0 0 0 0 -10 -8 -7 -12 -4 -10 -3 -11 2 -1 -3 -9 3 3 6 5 12 7 7 5 13 6 16 7 17 4 19 8 23 6 18 4 17 6 20 -1 9 0 10 2 11 1 6 1 -4 4 -7 6 -7 14 -15 12 ]
CSI_DATA,STA,E4:D1:24:F1:41:40,-87,10,0,0,0,0,0,0,0,0,0,-97,0,13,0,26475228,0,389,0,0,26.8686,128,[-123 81 24 0 -2 31 -3 29 -1 24 -1 27 4 20 6 15 7 15 -4 9 2 7 0 3 -3 2 -8 0 -6 -7 -11 -6 -9 -10 -12 -9 -11 -10 -16 -4 -10 -9 -11 -9 -13 -3 -9 -6 -7 -12 -7 -6 5 -13 0 0 0 0 0 0 0 0 0 0 0 0 0 0 0 0 0 0 0 0 0 0 -11 -4 -11 -3 -9 -5 -7 1 -6 -3 -5 0 -6 -1 6 -4 6 -6 6 -5 7 -5 18 -1 18 -6 22 -3 20 -1 18 -4 15 -8 15 -6 14 -6 12 -7 8 -2 1 -2 6 2 -2 10 -2 11 3 17 ]
CSI_DATA,STA,E4:D1:24:F1:41:40,-86,10,0,0,0,0,0,0,0,0,0,-97,0,13,0,26884839,0,389,0,0,27.2783,128,[-123 81 24 0 19 -18 22 -27 22 -17 20 -20 16 -24 4 -12 7 -19 7 -11 3 -11 5 0 -2 6 6 5 3 10 7 13 11 8 5 18 10 17 4 14 9 11 5 14 7 16 2 9 5 8 0 1 13 1 0 0 0 0 0 0 0 0 0 0 0 0 0 0 0 0 0 0 0 0 0 0 2 13 7 14 2 11 1 9 0 4 2 5 -1 0 -2 0 -4 -5 -11 -11 -12 -13 -14 -12 -16 -13 -16 -15 -16 -12 -18 -5 -20 -8 -18 -7 -21 -5 -16 -1 -12 -8 -6 -4 10 -3 6 -11 11 -9 17 -7 ]
CSI_DATA,STA,E4:D1:24:F1:41:40,-86,10,0,0,0,0,0,0,0,0,0,-97,0,13,0,27165211,0,64,0,0,27.5584,128,[64 0 4 0 -3 26 4 31 9 28 9 26 6 22 5 13 0 11 5 14 3 8 0 7 -9 2 -4 -1 -11 -2 -10 -3 -13 -4 -17 -2 -18 0 -19 -6 -20 -6 -20 -3 -11 -3 -11 -7 -12 -2 -8 -1 12 -10 0 0 0 0 0 0 0 0 0 0 0 0 0 0 0 0 0 0 0 0 0 0 -12 -9 -7 -8 -13 -10 -8 -11 -7 -9 0 -3 1 -4 3 -1 12 3 14 0 12 1 18 2 19 2 17 1 18 -5 20 -1 22 -7 19 -1 15 -7 13 -5 7 0 7 1 3 2 3 14 1 19 -3 18 ]
CSI_DATA,STA,E4:D1:24:F1:41:40,-86,10,0,0,0,0,0,0,0,0,0,-97,0,13,0,27294449,0,389,0,0,27.6876,128,[-123 81 24 0 25 9 25 2 26 5 23 5 24 7 20 -4 15 1 13 1 8 -2 0 10 -2 7 -5 8 -10 11 -7 13 -8 14 -10 13 -14 12 -11 12 -13 11 -14 12 -13 9 -9 12 -12 5 -7 3 -7 -14 0 0 0 0 0 0 0 0 0 0 0 0 0 0 0 0 0 0 0 0 0 0 -8 12 -4 8 -9 9 -4 5 -5 5 -4 3 -3 -1 -7 -4 1 -9 -2 -13 4 -13 4 -17 7 -17 5 -25 2 -26 1 -25 3 -19 -4 -22 -3 -15 -3 -12 2 -16 2 -10 2 -7 10 0 15 11 21 4 ]
CSI_DATA,STA,E4:D1:24:F1:41:40,-85,10,0,0,0,0,0,0,0,0,0,-97,0,13,0,27396851,0,389,0,0,27.7902,128,[-123 81 24 0 15 -20 17 -23 15 -19 19 -22 9 -21 5 -18 1 -12 7 -13 1 -6 5 -1 8 1 10 1 6 4 10 5 14 5 15 7 18 10 16 8 16 6 12 -1 10 6 9 4 9 6 3 6 -11 -1 0 0 0 0 0 0 0 0 0 0 0 0 0 0 0 0 0 0 0 0 0 0 -13 9 -10 8 -10 7 -12 3 -7 5 -8 3 -7 -4 0 -5 1 -9 -2 -9 -4 -11 -4 -16 -9 -16 -8 -22 -7 -20 -7 -19 -11 -20 -14 -17 -11 -14 -9 -16 -5 -9 0 -13 -1 -10 4 -8 12 -10 17 -13 ]
CSI_DATA,STA,E4:D1:24:F1:41:40,-87,10,0,0,0,0,0,0,0,0,0,-97,0,13,0,27601656,0,389,0,0,27.995,128,[-123 81 24 0 -26 18 -26 20 -26 15 -20 15 -19 12 -18 13 -11 10 -9 3 -9 5 -5 -2 -2 -6 -6 -10 -4 -12 -9 -12 -5 -9 -3 -21 -2 -23 -7 -20 -5 -19 -3 -18 -3 -17 -2 -9 1 -9 1 -4 -3 -16 0 0 0 0 0 0 0 0 0 0 0 0 0 0 0 0 0 0 0 0 0 0 -1 -16 6 -13 6 -14 8 -10 1 -11 2 -5 6 -2 2 2 5 4 6 14 4 11 5 12 8 20 12 16 12 20 12 16 15 16 10 17 19 13 3 10 2 12 3 9 -10 9 -10 5 -21 8 -22 13 ]
CSI_DATA,STA,E4:D1:24:F1:41:40,-85,10,0,0,0,0,0,0,0,0,0,-97,0,13,0,27806485,0,389,0,0,28.1999,128,[-123 81 24 0 0 29 3 29 6 35 6 26 10 19 11 18 3 15 6 0 2 8 -8 5 -9 1 -11 5 -14 8 -12 8 -19 7 -16 6 -16 9 -13 0 -12 11 -18 5 -12 3 -11 6 -11 4 -2 3 -17 3 0 0 0 0 0 0 0 0 0 0 0 0 0 0 0 0 0 0 0 0 0 0 1 -20 2 -14 5 -11 3 -13 4 -10 4 -3 -2 -4 3 3 10 4 8 5 11 9 12 3 19 16 21 11 18 11 22 12 20 7 17 4 17 8 14 5 10 8 10 13 5 9 2 10 -4 21 -2 23 ]
CSI_DATA,STA,E4:D1:24:F1:41:40,-86,10,0,0,0,0,0,0,0,0,0,-97,0,13,0,28011266,0,389,0,0,28.4046,128,[-123 81 24 0 -20 23 -23 23 -18 25 -18 25 -10 20 -9 15 -8 13 -5 5 -5 2 -6 -3 -3 -4 0 -9 -4 -13 -3 -11 -7 -16 -11 -15 -13 -19 -10 -20 -12 -20 -6 -20 -8 -15 -3 -14 -4 -9 4 -3 -8 -12 0 0 0 0 0 0 0 0 0 0 0 0 0 0 0 0 0 0 0 0 0 0 -15 -14 -7 -12 -10 -10 -8 -9 -5 -15 3 -8 0 1 3 0 6 6 7 3 10 11 16 10 20 10 22 6 18 12 20 8 19 4 17 9 19 6 9 2 9 1 7 6 -2 5 -7 12 -10 10 -12 13 ]
CSI_DATA,STA,E4:D1:24:F1:41:40,-86,10,0,0,0,0,0,0,0,0,0,-97,0,13,0,28116160,0,389,0,0,28.5095,128,[-123 81 24 0 8 -35 5 -31 -4 -34 -11 -30 -7 -21 -7 -18 -6 -17 -6 -15 -1 -7 5 -2 4 -4 9 -6 16 -4 14 0 20 -4 19 -6 23 -4 22 -2 15 -5 18 -1 16 0 12 -6 14 -1 9 -1 -7 2 0 0 0 0 0 0 0 0 0 0 0 0 0 0 0 0 0 0 0 0 0 0 4 16 3 17 -3 16 -4 11 -1 7 0 8 2 2 -11 -5 -6 -10 -8 -5 -13 -8 -17 -14 -21 -12 -18 -7 -26 -10 -22 -12 -24 -4 -24 -4 -15 -3 -16 -6 -14 1 -3 -4 -4 -11 -3 -18 7 -16 4 -24 ]
CSI_DATA,STA,E4:D1:24:F1:41:40,-84,10,0,0,0,0,0,0,0,0,0,-97,0,13,0,28205219,0,64,0,0,28.5983,128,[64 0 4 0 31 22 25 20 22 13 24 12 23 7 17 9 15 7 8 4 8 5 3 8 -7 7 -8 10 -15 9 -16 9 -16 9 -20 14 -17 8 -19 8 -17 10 -18 12 -15 7 -11 11 -10 8 -9 5 -9 -11 0 0 0 0 0 0 0 0 0 0 0 0 0 0 0 0 0 0 0 0 0 0 -15 3 -16 -1 -15 0 -14 0 -7 1 -5 -2 -3 -5 -2 -3 5 -6 6 -8 14 -10 9 -10 15 -16 20 -21 14 -19 16 -18 16 -21 11 -20 16 -17 9 -14 8 -7 4 -8 7 4 10 6 13 19 17 17 ]
CSI_DATA,STA,E4:D1:24:F1:41:40,-86,10,0,0,0,0,0,0,0,0,0,-97,0,13,0,28216076,0,389,0,0,28.6288,128,[-123 81 24 0 13 29 8 27 19 32 14 27 11 19 9 25 14 16 1 9 4 2 -7 3 -7 2 -9 1 -7 0 -14 0 -14 -4 -20 5 -20 1 -22 3 -21 2 -20 5 -16 0 -13 1 -10 -2 -6 -4 -9 1 0 0 0 0 0 0 0 0 0 0 0 0 0 0 0 0 0 0 0 0 0 0 -15 -8 -13 -5 -12 -9 -8 -5 -10 -3 -1 -6 5 -5 6 -4 7 -3 16 -4 18 -5 23 -4 14 -9 22 -13 21 -7 20 -14 21 -14 19 -12 15 -8 8 -5 10 -5 7 -3 7 12 10 13 5 22 8 26 ]
CSI_DATA,STA,E4:D1:24:F1:41:40,-86,10,0,0,0,0,0,0,0,0,0,-97,0,13,0,28830494,0,389,0,0,29.2239,128,[-123 81 24 0 29 -8 31 -8 32 -9 26 -5 24 -6 19 -8 14 -9 9 -4 4 -2 3 0 1 4 5 12 -2 15 -3 19 -4 14 -6 18 -5 17 -3 20 -2 21 -5 15 -5 12 -7 8 -8 12 -1 7 -8 11 0 0 0 0 0 0 0 0 0 0 0 0 0 0 0 0 0 0 0 0 0 0 -4 19 -2 15 -1 16 -4 12 -5 4 -5 5 -4 0 0 -6 -3 -9 -7 -16 -7 -22 -4 -21 -7 -24 -5 -31 -10 -26 -16 -22 -13 -17 -16 -22 -7 -13 -9 -12 -1 -6 -1 -13 12 -5 11 -5 22 -6 24 -6 ]
CSI_DATA,STA,E4:D1:24:F1:41:40,-86,10,0,0,0,0,0,0,0,0,0,-97,0,13,0,29035464,0,389,0,0,29.4288,128,[-123 81 24 0 -25 14 -24 15 -25 26 -18 16 -14 15 -14 16 -9 8 -7 9 -3 -1 -1 -5 -3 -5 -8 -11 -4 -9 0 -15 -6 -18 0 -19 -1 -22 -6 -24 -1 -22 1 -22 2 -13 0 -18 -4 -9 3 -4 -6 3 0 0 0 0 0 0 0 0 0 0 0 0 0 0 0 0 0 0 0 0 0 0 -13 -14 -9 -13 -10 -12 -6 -10 -3 -7 0 -6 1 -1 3 8 13 5 13 4 12 6 18 13 20 11 22 20 21 8 14 16 19 7 19 7 15 5 8 6 4 6 1 5 -2 11 -11 9 -11 9 -26 19 ]
CSI_DATA,STA,E4:D1:24:F1:41:40,-86,10,0,0,0,0,0,0,0,0,0,-97,0,13,0,29444906,0,389,0,0,29.8382,128,[-123 81 24 0 -4 27 -12 33 -4 29 -4 24 -2 25 1 19 2 11 1 8 -2 5 -4 0 -13 1 -7 -3 -9 -5 -16 -3 -18 -6 -22 -3 -17 -2 -20 -8 -19 -3 -15 -4 -13 1 -15 0 -7 -3 -5 -5 6 2 0 0 0 0 0 0 0 0 0 0 0 0 0 0 0 0 0 0 0 0 0 0 -1 -19 -1 -14 1 -13 0 -10 0 -7 5 -6 2 0 3 3 8 7 11 8 15 10 16 10 18 11 19 6 17 12 22 12 24 8 22 3 15 7 16 11 9 7 6 4 3 11 -3 11 -4 15 -10 21 ]
CSI_DATA,STA,E4:D1:24:F1:41:40,-86,10,0,0,0,0,0,0,0,0,0,-97,0,13,0,29547308,0,389,0,0,29.9407,128,[-123 81 24 0 -22 31 -22 35 -17 28 -7 25 -1 21 1 19 -1 15 -3 8 -3 6 -3 -4 -9 -4 -8 -5 -5 -14 -8 -10 -19 -21 -10 -16 -16 -17 -17 -15 -11 -15 -10 -15 -9 -9 -6 -8 -1 -7 -2 -9 1 14 0 0 0 0 0 0 0 0 0 0 0 0 0 0 0 0 0 0 0 0 0 0 -12 -11 -7 -14 -5 -12 -2 -8 0 -9 0 -5 0 2 2 4 10 3 12 2 18 6 20 2 21 7 20 7 25 3 22 5 28 -1 14 5 18 2 16 5 8 3 2 7 2 8 -10 12 -11 11 -16 22 ]
CSI_DATA,STA,E4:D1:24:F1:41:40,-85,10,0,0,0,0,0,0,0,0,0,-97,0,13,0,29649711,0,389,0,0,30.043,128,[-123 81 24 0 -6 30 -5 25 -7 32 -7 30 -6 21 -3 22 -5 9 -10 10 -5 7 -5 1 -6 -1 -5 -11 -8 -10 -10 -10 -15 -18 -10 -11 -15 -18 -15 -17 -13 -18 -9 -8 -8 -16 -2 -10 -4 -7 2 -3 -12 4 0 0 0 0 0 0 0 0 0 0 0 0 0 0 0 0 0 0 0 0 0 0 -15 -6 -17 1 -12 -2 -7 -1 -3 -5 -2 -4 0 -3 8 -2 10 -2 8 -3 17 2 22 -2 25 -4 19 4 27 -5 25 -8 18 -6 19 0 18 -6 13 -3 9 8 9 -1 -1 9 -2 14 -2 22 -11 28 ]
CSI_DATA,STA,E4:D1:24:F1:41:40,-85,10,0,0,0,0,0,0,0,0,0,-97,0,13,0,29752114,0,389,0,0,30.1454,128,[-123 81 24 0 -30 -24 -28 -22 -22 -25 -22 -12 -17 -10 -16 -14 -17 -7 -9 -11 -5 -2 2 -6 7 -5 6 -5 13 -9 13 -9 13 -13 15 -8 16 -13 17 -14 16 -11 15 -6 7 -6 16 -6 11 -7 4 -9 8 9 0 0 0 0 0 0 0 0 0 0 0 0 0 0 0 0 0 0 0 0 0 0 17 -5 13 4 12 -5 6 1 7 3 1 -1 -4 1 -8 8 -7 5 -4 6 -11 12 -14 14 -16 15 -21 13 -18 22 -17 22 -13 20 -14 20 -5 17 -10 15 -6 9 -2 6 -6 -2 -12 -10 -14 -15 -21 -22 ]
CSI_DATA,STA,E4:D1:24:F1:41:40,-85,10,0,0,0,0,0,0,0,0,0,-97,0,13,0,29854516,0,389,0,0,30.2478,128,[-123 81 24 0 -32 -18 -32 -15 -29 -10 -26 -6 -28 -6 -25 1 -20 -4 -19 -1 -6 -6 1 -6 -2 -5 5 -9 7 -12 12 -10 12 -18 17 -11 14 -14 11 -13 9 -18 14 -14 10 -8 9 -11 7 -9 8 -8 9 1 0 0 0 0 0 0 0 0 0 0 0 0 0 0 0 0 0 0 0 0 0 0 14 -5 15 -10 12 -6 11 -1 6 -3 2 -1 0 3 -8 11 -5 11 -6 15 -9 19 -10 21 -10 19 -12 20 -9 21 -12 21 -11 29 -6 26 -6 21 -7 13 -4 7 -10 4 -11 2 -11 -6 -22 -7 -27 -13 ]
CSI_DATA,STA,E4:D1:24:F1:41:40,-85,10,0,0,0,0,0,0,0,0,0,-97,0,13,0,30264127,0,389,0,0,30.6575,128,[-123 81 24 0 -27 -26 -20 -22 -21 -18 -18 -10 -22 -13 -19 -12 -16 -10 -13 -7 -5 -5 -2 -5 3 -2 10 -10 7 -6 14 -13 14 -10 16 -16 15 -10 18 -10 15 -9 20 -12 13 -11 10 -8 9 -7 6 -2 11 0 0 0 0 0 0 0 0 0 0 0 0 0 0 0 0 0 0 0 0 0 0 0 14 3 13 1 16 3 14 1 5 3 1 2 2 3 -8 3 -8 0 -12 8 -17 11 -16 4 -20 14 -18 13 -17 13 -15 13 -16 15 -15 18 -12 12 -14 7 -11 10 -11 -2 -8 -5 -7 -8 -12 -21 -15 -17 ]
CSI_DATA,STA,E4:D1:24:F1:41:40,-86,10,0,0,0,0,0,0,0,0,0,-97,0,13,0,30365415,0,64,0,0,30.7585,128,[64 0 4 0 2 33 -1 26 6 36 5 28 8 24 6 18 8 9 2 12 1 9 -1 4 -10 3 -7 3 -15 -3 -20 -6 -15 0 -19 -2 -18 3 -24 -4 -20 -3 -15 -4 -12 1 -15 -1 -8 -1 -6 -3 -11 -2 0 0 0 0 0 0 0 0 0 0 0 0 0 0 0 0 0 0 0 0 0 0 -12 -10 -5 -12 -11 -13 -1 -7 -2 -10 0 -5 5 -2 6 -1 4 7 12 4 14 1 12 1 19 3 22 0 23 0 28 -3 23 -2 18 -7 15 0 12 2 7 -3 7 3 3 8 1 11 0 20 0 23 ]
CSI_DATA,STA,E4:D1:24:F1:41:40,-86,10,0,0,0,0,0,0,0,0,0,-97,0,13,0,30366530,0,389,0,0,30.7879,128,[-123 81 24 0 8 31 16 28 13 29 10 23 11 19 10 16 6 14 4 6 -2 9 -6 7 -11 3 -8 1 -8 7 -12 -2 -21 1 -18 6 -21 1 -20 2 -20 5 -14 -2 -15 -7 -17 -7 -9 1 -6 -17 -7 -12 0 0 0 0 0 0 0 0 0 0 0 0 0 0 0 0 0 0 0 0 0 0 -13 -12 -11 -6 -12 -10 -9 -3 -2 -5 -1 -3 8 -3 2 -7 11 -4 11 -7 15 -8 20 -5 21 -7 28 -6 18 -5 18 -11 23 -9 23 -15 15 -7 15 -4 10 -8 8 4 0 12 5 15 0 14 7 26 ]
CSI_DATA,STA,E4:D1:24:F1:41:40,-86,10,0,0,0,0,0,0,0,0,0,-97,0,13,0,30468932,0,389,0,0,30.8622,128,[-123 81 24 0 10 -28 2 -35 4 -27 -1 -27 -4 -21 0 -19 2 -15 0 -15 4 -9 4 -4 4 -5 11 -3 13 -7 16 7 17 -2 17 -5 21 -3 18 -3 15 -9 15 -10 15 -2 13 -5 7 -5 0 -6 14 -8 0 0 0 0 0 0 0 0 0 0 0 0 0 0 0 0 0 0 0 0 0 0 -12 10 -9 7 -7 8 -6 6 -11 8 -9 -2 1 -4 -5 -5 -7 -7 -4 -10 -6 -12 -4 -13 -3 -21 -11 -19 -12 -14 -13 -12 -15 -18 -15 -13 -17 -13 -15 -5 -11 -14 1 -10 -7 -8 2 -13 11 -13 16 -19 ]
CSI_DATA,STA,E4:D1:24:F1:41:40,-87,10,0,0,0,0,0,0,0,0,0,-97,0,13,0,30776140,0,389,0,0,31.1695,128,[-123 81 24 0 -10 27 -8 29 -3 27 -3 21 0 19 5 13 1 12 0 10 -3 8 -2 5 -7 4 -11 0 -10 1 -9 3 -14 3 -14 1 -14 1 -18 2 -17 9 -14 5 -10 5 -9 5 -12 7 -6 5 -20 -3 0 0 0 0 0 0 0 0 0 0 0 0 0 0 0 0 0 0 0 0 0 0 8 -10 10 -9 9 -10 9 -7 7 -3 4 -3 1 1 6 1 0 5 -1 7 5 15 10 11 6 15 12 17 12 19 10 18 21 8 16 9 7 6 16 10 10 10 -3 3 5 12 7 10 -20 21 -12 18 ]
CSI_DATA,STA,E4:D1:24:F1:41:40,-88,10,0,0,0,0,0,0,0,0,0,-97,0,13,0,31186124,0,389,0,0,31.5794,128,[-123 81 24 0 -13 0 -3 -6 5 -7 -8 -8 -2 -10 -3 -17 -3 -13 1 -19 -1 -15 -4 -17 -5 -11 -1 -20 -5 -17 -5 -14 -4 -10 2 -6 1 -4 -1 -8 3 2 4 -5 9 5 7 4 1 2 10 8 9 0 0 0 0 0 0 0 0 0 0 0 0 0 0 0 0 0 0 0 0 0 0 0 5 4 4 10 5 11 6 12 10 13 7 13 12 15 5 9 5 16 8 7 5 9 3 7 1 6 0 7 -7 5 -6 3 -10 0 -15 2 -20 2 -20 3 -20 1 -33 5 -28 4 -28 5 -20 10 -25 4 ]
CSI_DATA,STA,E4:D1:24:F1:41:40,-87,10,0,0,0,0,0,0,0,0,0,-97,0,13,0,31800164,0,389,0,0,32.1935,128,[-123 81 24 0 -10 -4 0 -7 1 2 11 -3 9 2 10 0 19 -1 18 0 17 -1 16 5 19 -1 17 -3 17 -1 16 -4 9 -1 0 0 6 5 0 2 0 4 -4 0 -11 -3 -8 -3 -15 -3 -13 -5 -3 4 0 0 0 0 0 0 0 0 0 0 0 0 0 0 0 0 0 0 0 0 0 0 1 9 6 11 3 9 1 16 1 14 6 21 4 19 6 16 2 21 1 13 0 12 1 8 -3 9 -2 3 -9 -3 -8 -8 -8 -6 -8 -9 -12 -15 -15 -17 -16 -26 -20 -24 -20 -16 -18 -21 -18 -18 -21 -20 ]
CSI_DATA,STA,E4:D1:24:F1:41:40,-87,10,0,0,0,0,0,0,0,0,0,-97,0,13,0,31902567,0,389,0,0,32.2959,128,[-123 81 24 0 -8 3 -5 1 1 0 12 -8 8 -13 7 -12 12 -13 14 -12 15 -11 13 -17 13 -15 10 -12 8 -9 9 -12 11 -9 9 -2 -5 -3 2 2 -3 3 -2 3 -7 3 -9 7 -10 1 -15 7 -3 8 0 0 0 0 0 0 0 0 0 0 0 0 0 0 0 0 0 0 0 0 0 0 5 -4 6 -3 12 -2 13 1 16 -3 15 -3 21 2 14 -1 17 -2 13 3 12 -3 10 -1 3 2 5 4 5 4 -10 4 -11 4 -11 5 -15 3 -21 4 -26 4 -28 6 -27 15 -29 7 -25 9 -23 9 ]
CSI_DATA,STA,E4:D1:24:F1:41:40,-86,10,0,0,0,0,0,0,0,0,0,-97,0,13,0,32005060,0,389,0,0,32.3984,128,[-123 81 24 0 -1 -8 3 -2 7 -4 14 2 14 -3 20 1 24 -2 23 1 24 -6 20 -3 17 -8 18 -2 18 -1 15 -4 9 -2 10 -5 10 -1 2 1 0 -1 -7 4 -6 11 -12 5 -15 4 -14 1 -5 4 0 0 0 0 0 0 0 0 0 0 0 0 0 0 0 0 0 0 0 0 0 0 0 12 -3 9 -5 12 -4 14 -5 17 -10 13 -5 16 -3 18 -5 20 -8 11 -8 8 -5 6 -7 8 -1 -3 -3 -3 -8 -4 -3 -13 -8 -14 -9 -20 -17 -22 -18 -24 -13 -22 -15 -24 -17 -33 -22 -19 -20 -19 ]
CSI_DATA,STA,E4:D1:24:F1:41:40,-86,10,0,0,0,0,0,0,0,0,0,-97,0,13,0,32107372,0,389,0,0,32.5005,128,[-123 81 24 0 11 5 5 -1 -4 6 -14 6 -12 5 -15 10 -17 6 -14 12 -18 8 -20 16 -16 12 -14 13 -16 14 -15 13 -11 7 -6 6 -6 0 -5 -2 -3 -6 1 -7 -1 -7 4 -12 3 -12 4 -15 16 -22 0 0 0 0 0 0 0 0 0 0 0 0 0 0 0 0 0 0 0 0 0 0 -3 -10 -6 -11 -1 -12 -4 -19 -1 -22 -4 -20 -2 -21 2 -17 0 -17 -2 -18 -4 -11 -2 -12 -3 -10 -1 -5 5 3 6 4 7 1 15 9 13 10 21 13 26 14 27 11 26 13 29 9 29 8 26 4 ]
CSI_DATA,STA,E4:D1:24:F1:41:40,-86,10,0,0,0,0,0,0,0,0,0,-97,0,13,0,32488100,0,64,0,0,32.8812,128,[64 0 4 0 14 2 3 5 0 9 -10 8 -12 7 -15 9 -17 12 -17 8 -17 10 -16 9 -20 12 -15 12 -17 13 -9 10 -11 9 -9 1 -3 -1 -3 0 0 -12 -1 -9 0 -6 7 -12 -1 -11 2 -11 20 -16 0 0 0 0 0 0 0 0 0 0 0 0 0 0 0 0 0 0 0 0 0 0 -2 -8 0 -11 -2 -16 3 -19 3 -21 -2 -25 -3 -25 3 -23 -1 -19 -1 -19 2 -18 -4 -16 1 -12 6 -7 -4 1 3 5 8 6 8 14 14 15 20 15 23 20 31 24 26 21 29 20 25 17 29 17 ]
CSI_DATA,STA,E4:D1:24:F1:41:40,-85,10,0,0,0,0,0,0,0,0,0,-97,0,13,0,32516982,0,389,0,0,32.9121,128,[-123 81 24 0 -12 2 -13 -8 -12 -4 -3 -10 3 -10 9 -15 6 -20 8 -15 4 -28 6 -21 6 -16 7 -22 3 -24 4 -15 -5 -27 2 -15 4 -11 7 -1 -5 1 3 8 -3 7 2 9 -4 9 -5 12 8 18 0 0 0 0 0 0 0 0 0 0 0 0 0 0 0 0 0 0 0 0 0 0 4 -1 15 -2 17 1 17 -1 22 4 21 2 18 5 23 3 23 5 20 4 16 5 12 4 13 4 8 3 3 2 -6 4 -13 2 -19 4 -26 10 -20 6 -27 13 -31 5 -39 13 -34 12 -32 14 -31 16 ]
CSI_DATA,STA,E4:D1:24:F1:41:40,-86,10,0,0,0,0,0,0,0,0,0,-97,0,13,0,32619384,0,389,0,0,33.0127,128,[-123 81 24 0 -5 16 -4 6 -1 2 -3 -7 -3 -9 -11 -10 -15 -14 -16 -11 -16 -13 -17 -17 -15 -22 -13 -15 -11 -14 -14 -16 -9 -15 -6 -8 -3 -6 -2 -5 2 -1 7 3 5 0 8 0 15 7 6 5 23 5 0 0 0 0 0 0 0 0 0 0 0 0 0 0 0 0 0 0 0 0 0 0 7 -9 11 -5 16 -4 13 -13 17 -12 18 -10 27 -6 18 -13 20 -8 13 -7 13 -7 14 -6 9 -7 0 -1 3 6 -5 9 -5 9 -6 17 -12 19 -13 24 -12 29 -7 38 -5 35 -8 27 -4 26 -6 27 ]
CSI_DATA,STA,E4:D1:24:F1:41:40,-85,10,0,0,0,0,0,0,0,0,0,-97,0,13,0,32721787,0,389,0,0,33.1151,128,[-123 81 24 0 -11 12 -5 0 -3 1 -3 -8 -4 -10 -4 -16 -8 -17 -7 -16 -4 -22 -5 -22 -7 -18 -10 -19 -14 -16 -4 -17 0 -13 -1 -11 -3 -4 3 -6 7 4 6 0 8 6 6 8 5 12 5 9 21 10 0 0 0 0 0 0 0 0 0 0 0 0 0 0 0 0 0 0 0 0 0 0 9 -1 12 1 16 1 14 1 18 4 19 5 20 3 20 2 18 1 14 3 11 2 15 2 14 4 5 0 0 5 -8 0 -9 5 -11 9 -17 11 -20 12 -23 16 -23 22 -29 21 -20 19 -22 26 -25 22 ]
CSI_DATA,STA,E4:D1:24:F1:41:40,-88,10,0,0,0,0,0,0,0,0,0,-97,0,13,0,33028995,0,389,0,0,33.4224,128,[-123 81 24 0 13 -8 7 -3 4 1 2 2 9 4 12 10 14 13 14 14 8 10 14 15 17 9 12 8 10 2 13 6 6 0 0 6 2 3 -1 9 -2 2 -2 3 -8 4 -10 -4 -10 0 -13 -1 0 -10 0 0 0 0 0 0 0 0 0 0 0 0 0 0 0 0 0 0 0 0 0 0 -8 -4 -10 -6 -9 -11 -13 -12 -18 -15 -14 -8 -20 -9 -18 -12 -19 -4 -13 -7 -14 -6 -11 -7 -7 -7 -3 -8 1 -1 6 -1 4 -6 10 -7 14 -8 18 -13 19 -11 24 -24 19 -19 21 -21 17 -18 13 -18 ]
CSI_DATA,STA,E4:D1:24:F1:41:40,-87,10,0,0,0,0,0,0,0,0,0,-97,0,13,0,33233802,0,389,0,0,33.6272,128,[-123 81 24 0 0 -7 3 -4 7 4 4 1 14 -1 12 -1 22 -3 18 3 23 -7 17 -7 22 -1 18 -2 13 -4 17 -6 10 -3 7 3 8 2 0 0 1 7 -7 5 -5 0 -11 9 -18 4 -11 -1 3 2 0 0 0 0 0 0 0 0 0 0 0 0 0 0 0 0 0 0 0 0 0 0 -1 7 -8 11 -11 10 -6 12 -11 17 -12 17 -12 12 -10 15 -13 14 -11 17 -4 11 -5 8 -9 4 -6 0 -7 -4 -1 -10 -4 -12 -5 -11 -3 -23 -12 -23 -3 -22 -4 -26 -12 -33 -9 -24 -17 -27 -19 -25 ]
CSI_DATA,STA,E4:D1:24:F1:41:40,-86,10,0,0,0,0,0,0,0,0,0,-97,0,13,0,33554334,0,389,0,0,33.9477,128,[-123 81 24 0 3 -7 0 -5 12 1 13 5 18 7 20 2 16 0 17 1 16 0 14 0 22 -1 20 -9 19 6 7 -3 13 -7 8 1 2 6 1 3 -2 3 -2 3 -1 9 -6 6 -4 13 -6 8 -14 2 0 0 0 0 0 0 0 0 0 0 0 0 0 0 0 0 0 0 0 0 0 0 -3 -3 -7 -5 -10 -11 -15 -8 -9 -15 -12 -15 -10 -19 -13 -12 -11 -12 -12 -7 -7 -6 -13 -9 -10 -7 -4 -4 2 -9 1 -6 10 -7 12 -10 13 -13 7 -15 12 -16 12 -22 10 -27 14 -23 8 -23 8 -26 ]
CSI_DATA,STA,E4:D1:24:F1:41:40,-88,10,0,0,0,0,0,0,0,0,0,-97,0,13,0,33848217,0,389,0,0,34.2416,128,[-123 81 24 0 -9 9 -5 5 -8 -3 -8 -10 -11 -14 -8 -14 -16 -15 -14 -8 -17 -18 -16 -11 -9 -12 -15 -9 -13 -7 -8 -5 -7 -1 -5 -6 0 -6 0 -5 5 0 4 -4 9 -2 9 0 11 -4 9 0 22 -8 0 0 0 0 0 0 0 0 0 0 0 0 0 0 0 0 0 0 0 0 0 0 11 5 5 5 7 10 10 11 8 11 4 13 9 15 12 9 13 10 16 7 9 6 9 7 8 5 3 9 -1 6 -7 7 -14 0 -13 11 -13 9 -12 10 -21 12 -20 12 -15 16 -17 14 -18 19 -21 16 ]
CSI_DATA,STA,E4:D1:24:F1:41:40,-88,10,0,0,0,0,0,0,0,0,0,-97,0,13,0,34257827,0,389,0,0,34.6512,128,[-123 81 24 0 12 4 4 4 2 11 2 13 -6 12 -5 12 0 15 -2 18 -2 22 1 9 3 16 1 13 4 10 7 18 3 10 -5 8 -3 4 -1 3 -6 -1 -6 5 -10 3 -10 0 -7 0 -8 2 -21 -3 0 0 0 0 0 0 0 0 0 0 0 0 0 0 0 0 0 0 0 0 0 0 7 2 8 3 13 3 16 0 14 3 9 0 18 -1 13 -3 14 -6 10 1 7 -5 14 -1 1 -8 7 1 2 0 4 4 2 13 4 14 9 13 8 19 9 15 13 27 18 15 16 16 18 10 18 19 ]
CSI_DATA,STA,E4:D1:24:F1:41:40,-87,10,0,0,0,0,0,0,0,0,0,-97,0,13,0,34462632,0,389,0,0,34.856,128,[-123 81 24 0 9 -3 7 -2 1 4 5 5 5 5 5 10 7 12 10 11 13 12 9 15 11 12 10 13 13 9 10 2 6 5 3 -2 4 4 -2 1 -7 4 -3 3 -6 0 -9 1 -11 1 -12 5 -8 -8 0 0 0 0 0 0 0 0 0 0 0 0 0 0 0 0 0 0 0 0 0 0 -3 -5 -1 -6 -4 -13 -2 -16 -1 -9 -3 -19 -1 -18 -2 -14 -7 -16 -7 -16 -3 -9 -4 -13 2 -7 -7 -6 4 -8 2 -6 5 -7 11 0 11 -4 18 -4 22 -9 23 -1 20 -8 19 -9 21 -11 12 -11 ]
CSI_DATA,STA,E4:D1:24:F1:41:40,-89,10,0,0,0,0,0,0,0,0,0,-97,0,13,0,34565035,0,389,0,0,34.9583,128,[-123 81 24 0 8 -1 10 4 5 1 6 10 3 10 6 12 6 13 9 13 8 12 17 8 7 11 12 9 6 5 2 9 8 8 3 3 2 3 2 1 -1 5 1 6 0 7 -8 3 -5 9 -5 10 -23 3 0 0 0 0 0 0 0 0 0 0 0 0 0 0 0 0 0 0 0 0 0 0 1 -6 8 -2 7 -4 13 -2 10 -8 15 -8 12 -9 13 -8 9 -15 7 -6 12 -10 6 -6 9 -9 6 -3 6 0 6 -2 10 3 11 4 15 5 14 13 15 7 24 2 16 7 18 3 22 -4 20 -2 ]
CSI_DATA,STA,E4:D1:24:F1:41:40,-87,10,0,0,0,0,0,0,0,0,0,-97,0,13,0,34667437,0,389,0,0,35.0608,128,[-123 81 24 0 -4 11 -7 9 -9 6 -11 4 -17 3 -14 0 -16 0 -17 4 -19 8 -17 2 -11 9 -11 7 -10 4 -9 6 -10 7 -3 1 -5 6 -5 0 -4 -7 -4 -7 0 -8 0 -6 -7 -14 -3 -12 3 -24 0 0 0 0 0 0 0 0 0 0 0 0 0 0 0 0 0 0 0 0 0 0 6 2 8 3 12 2 12 6 12 5 12 4 17 10 14 3 16 0 13 5 12 2 12 1 3 2 6 4 1 3 -2 7 2 15 -2 9 -8 22 -1 18 -4 21 -9 20 -7 25 -1 33 -4 24 4 23 ]
CSI_DATA,STA,E4:D1:24:F1:41:40,-88,10,0,0,0,0,0,0,0,0,0,-97,0,13,0,34769840,0,389,0,0,35.1631,128,[-123 81 24 0 -13 -1 -12 -7 -11 -7 -2 -8 -1 -19 1 -13 -1 -17 -2 -22 2 -11 -1 -18 -6 -14 -7 -12 -4 -10 0 -8 -4 -11 -2 -9 1 0 2 -1 -1 3 2 5 7 1 5 2 5 7 3 5 14 2 0 0 0 0 0 0 0 0 0 0 0 0 0 0 0 0 0 0 0 0 0 0 6 2 9 6 7 11 9 9 14 16 11 8 11 15 12 19 11 13 9 11 10 4 3 9 6 5 3 4 -5 2 -10 -3 -11 3 -15 -1 -18 9 -24 3 -18 6 -26 8 -24 7 -24 8 -24 3 -18 11 ]
CSI_DATA,STA,E4:D1:24:F1:41:40,-87,10,0,0,0,0,0,0,0,0,0,-97,0,13,0,34880270,0,389,0,0,35.2737,128,[-123 81 24 0 1 13 -5 5 -6 0 -12 4 -14 0 -10 -2 -13 1 -14 -2 -15 -6 -22 -5 -18 -2 -16 3 -13 2 -13 4 -12 1 -9 0 -8 -1 -6 -1 -1 -7 0 -7 4 -10 0 -8 3 -10 9 -12 9 -14 0 0 0 0 0 0 0 0 0 0 0 0 0 0 0 0 0 0 0 0 0 0 6 0 1 0 10 1 15 3 15 -1 16 0 17 3 16 0 21 0 17 -2 13 0 12 0 14 2 9 1 6 1 3 6 -3 9 -10 8 -3 11 -12 15 -5 22 -6 23 -7 24 -5 23 -2 28 -4 22 ]
CSI_DATA,STA,E4:D1:24:F1:41:40,-89,10,0,0,0,0,0,0,0,0,0,-97,0,13,0,34974645,0,389,0,0,35.3678,128,[-123 81 24 0 -10 7 -4 6 -9 10 -9 -5 -6 -7 -7 -7 -13 -5 -19 -7 -13 -4 -21 -6 -16 -1 -13 -2 -13 -6 -5 -2 -7 -6 -10 -5 -6 -5 -1 -1 -1 -4 2 -7 3 -4 3 -12 7 -9 4 -4 15 -14 0 0 0 0 0 0 0 0 0 0 0 0 0 0 0 0 0 0 0 0 0 0 6 0 3 7 9 9 11 8 14 7 13 14 13 13 13 12 12 14 11 9 11 6 4 3 5 4 6 6 -1 8 -1 6 -8 7 -8 5 -12 8 -14 12 -18 16 -23 17 -16 16 -14 23 -13 21 -6 14 ]
CSI_DATA,STA,E4:D1:24:F1:41:40,-87,10,0,0,0,0,0,0,0,0,0,-97,0,13,0,35691093,0,64,0,0,36.0842,128,[64 0 4 0 -1 8 -1 1 -2 1 -6 0 -11 1 -12 -2 -19 -10 -23 -9 -15 -3 -20 -6 -25 -6 -22 -5 -22 -5 -16 -5 -14 -2 -10 6 -8 -2 -1 -3 -4 -2 -1 -1 8 -4 13 -2 8 -4 11 -2 7 12 0 0 0 0 0 0 0 0 0 0 0 0 0 0 0 0 0 0 0 0 0 0 3 -3 1 -11 4 -9 5 -15 6 -18 6 -17 9 -23 7 -21 8 -16 12 -15 6 -17 3 -19 5 -9 10 0 2 3 1 5 -1 9 1 15 4 18 6 23 3 24 5 30 8 26 7 27 16 26 16 26 ]
CSI_DATA,STA,E4:D1:24:F1:41:40,-87,10,0,0,0,0,0,0,0,0,0,-97,0,13,0,36615933,0,389,0,0,37.0093,128,[-123 81 24 0 -8 8 -7 5 -7 4 -13 2 -11 -5 -14 -5 -19 -3 -17 -3 -19 -3 -16 0 -13 -5 -20 0 -17 1 -8 -1 -8 -3 -8 2 -3 -4 -7 -4 3 -7 3 -9 3 -10 1 -13 7 -12 7 -5 16 -18 0 0 0 0 0 0 0 0 0 0 0 0 0 0 0 0 0 0 0 0 0 0 7 0 4 0 12 8 13 3 13 8 18 6 18 5 15 5 11 4 17 1 8 4 11 0 9 4 6 0 -5 8 0 5 -4 9 -9 9 -9 8 -9 15 -13 17 -10 21 -8 19 -10 23 -10 24 -6 21 ]
CSI_DATA,STA,E4:D1:24:F1:41:40,-85,10,0,0,0,0,0,0,0,0,0,-97,0,13,0,36715487,0,389,0,0,37.1088,128,[-123 81 24 0 -13 2 -15 -5 -13 -4 -14 -13 -8 -9 -15 -8 -12 -11 -13 -6 -17 -2 -21 -12 -21 -4 -20 -7 -10 -7 -9 -4 -3 0 -8 1 0 -9 0 -2 0 -8 6 -8 7 -7 3 -8 9 -8 4 -9 12 -19 0 0 0 0 0 0 0 0 0 0 0 0 0 0 0 0 0 0 0 0 0 0 0 9 -1 10 -4 7 0 7 -7 16 -5 15 0 20 -6 15 -3 17 2 18 -2 12 3 10 -4 10 -2 8 -4 3 -9 2 -15 6 -18 -2 -17 3 -23 9 -20 5 -27 5 -20 11 -19 7 -24 12 -18 14 ]
CSI_DATA,STA,E4:D1:24:F1:41:40,-85,10,0,0,0,0,0,0,0,0,0,-97,0,13,0,36777195,0,64,0,0,37.1699,128,[64 0 4 0 10 8 5 6 5 19 -2 16 3 13 5 20 -1 23 2 22 3 16 6 23 4 17 4 17 5 14 1 8 3 7 0 5 -5 -1 -5 6 -3 0 -6 1 -18 -2 -14 -2 -12 3 -11 2 -21 6 0 0 0 0 0 0 0 0 0 0 0 0 0 0 0 0 0 0 0 0 0 0 3 -6 7 -9 11 -8 17 -9 14 -18 13 -13 11 -11 17 -15 14 -12 11 -12 2 -11 6 -12 5 -12 7 -6 12 3 13 3 7 4 9 9 15 7 17 14 22 17 29 13 24 16 25 4 28 11 25 7 ]
CSI_DATA,STA,E4:D1:24:F1:41:40,-86,10,0,0,0,0,0,0,0,0,0,-97,0,13,0,37125093,0,389,0,0,37.5183,128,[-123 81 24 0 9 -9 2 -13 12 1 14 1 15 4 13 12 17 13 18 16 20 13 22 7 18 6 21 7 11 12 10 9 9 4 6 7 3 1 -4 0 -7 5 -9 0 -14 -1 -11 1 -21 0 -19 -1 -7 11 0 0 0 0 0 0 0 0 0 0 0 0 0 0 0 0 0 0 0 0 0 0 1 -16 -13 10 -11 -5 -18 -4 -21 0 -18 -3 -22 -1 -20 2 -22 2 -15 1 -17 -1 -19 -2 -15 1 -10 -8 -4 -6 -1 -4 4 -7 11 -19 9 -19 9 -23 6 -26 13 -28 13 -32 10 -27 10 -24 13 -20 ]
CSI_DATA,STA,E4:D1:24:F1:41:40,-86,10,0,0,0,0,0,0,0,0,0,-97,0,13,0,37236625,0,389,0,0,37.6298,128,[-123 81 24 0 -3 -11 2 -7 4 -11 5 -3 10 -17 8 -14 19 -15 9 -20 11 -19 12 -19 10 -19 4 -11 6 -17 4 -13 0 -13 2 -6 4 2 4 -1 3 5 4 5 6 5 14 5 8 10 19 14 -9 11 0 0 0 0 0 0 0 0 0 0 0 0 0 0 0 0 0 0 0 0 0 0 -8 -2 -10 -4 -11 -3 -14 -7 -15 -6 -20 -10 -20 -6 -25 -11 -15 -6 -16 -1 -19 -2 -12 -2 -14 -3 -7 -4 -5 -5 -4 -7 0 -9 4 -20 -4 -20 -2 -27 -7 -25 -6 -30 -6 -32 -12 -23 -14 -18 -11 -23 ]
CSI_DATA,STA,E4:D1:24:F1:41:40,-85,10,0,0,0,0,0,0,0,0,0,-97,0,13,0,37432300,0,389,0,0,37.8256,128,[-123 81 24 0 6 4 0 5 -2 10 -3 16 -5 12 -7 12 -12 22 -11 21 -11 20 -7 23 -5 23 -6 22 -1 13 -3 15 0 8 0 5 -3 5 -3 -2 -5 -8 -1 -5 0 -10 -1 -11 -5 -15 -8 -15 1 -7 0 0 0 0 0 0 0 0 0 0 0 0 0 0 0 0 0 0 0 0 0 0 2 -6 -1 -14 2 -14 9 -17 2 -18 5 -21 7 -16 3 -17 5 -15 1 -15 5 -16 0 -16 4 -10 3 -4 5 -6 5 -4 9 8 12 10 17 15 17 13 21 13 21 17 27 14 26 13 25 8 25 13 ]
CSI_DATA,STA,E4:D1:24:F1:41:40,-85,10,0,0,0,0,0,0,0,0,0,-97,0,13,0,37637205,0,389,0,0,38.0305,128,[-123 81 24 0 5 -6 6 -2 3 4 9 5 10 10 10 8 17 13 19 16 21 14 21 12 21 11 16 7 10 10 10 9 9 3 5 1 1 6 -3 -5 -5 2 -11 -1 -15 -6 -13 -8 -10 -4 -11 -9 -10 1 0 0 0 0 0 0 0 0 0 0 0 0 0 0 0 0 0 0 0 0 0 0 -8 8 -11 5 -13 4 -15 14 -21 8 -15 11 -15 8 -19 4 -14 5 -16 5 -18 7 -11 6 -9 -2 -9 -2 -3 -5 0 -5 6 -13 -1 -17 5 -23 6 -22 5 -25 5 -23 8 -27 5 -32 1 -32 1 -24 ]
CSI_DATA,STA,E4:D1:24:F1:41:40,-86,10,0,0,0,0,0,0,0,0,0,-97,0,13,0,37739508,0,389,0,0,38.1329,128,[-123 81 24 0 12 3 4 3 3 8 -6 9 -9 12 -16 6 -18 17 -15 16 -19 15 -18 14 -15 15 -13 13 -7 12 -8 9 -9 7 -2 8 -2 0 -4 -1 0 -2 4 -10 1 -12 6 -14 4 -17 8 -15 3 -5 0 0 0 0 0 0 0 0 0 0 0 0 0 0 0 0 0 0 0 0 0 0 0 -8 1 -13 -3 -12 -2 -14 -2 -21 -4 -20 -10 -23 2 -13 12 -10 -7 -21 1 -16 -4 -13 -8 -9 1 -6 5 -1 5 0 11 3 13 7 11 12 17 12 19 18 20 18 21 20 29 15 26 15 23 16 ]
CSI_DATA,STA,E4:D1:24:F1:41:40,-85,10,0,0,0,0,0,0,0,0,0,-97,0,13,0,37841911,0,389,0,0,38.2353,128,[-123 81 24 0 8 3 7 3 6 7 6 10 1 14 -4 19 2 26 3 26 4 25 4 19 8 22 7 20 4 20 11 17 2 15 -4 5 -2 4 -3 2 -10 -3 -7 -7 -11 -4 -8 -3 -17 -10 -15 -12 -7 -1 0 0 0 0 0 0 0 0 0 0 0 0 0 0 0 0 0 0 0 0 0 0 -1 -11 -4 -15 -2 -16 0 -17 0 -18 -2 -18 3 -26 -2 -24 -6 -14 -4 -18 1 -14 -6 -13 -3 -7 -3 -9 7 -8 9 -3 14 -1 15 5 22 5 23 2 30 -2 36 -3 37 -4 37 -1 36 -6 31 -6 ]
CSI_DATA,STA,E4:D1:24:F1:41:40,-85,10,0,0,0,0,0,0,0,0,0,-97,0,13,0,37948869,0,389,0,0,38.3422,128,[-123 81 24 0 -5 -8 1 -12 7 -5 14 -9 19 -4 17 1 16 -6 24 -8 27 -10 28 -18 24 -11 21 -8 17 -4 9 -5 10 -10 6 2 7 -1 -1 0 -5 0 -1 7 -6 9 -11 12 -12 13 -15 12 -20 5 0 0 0 0 0 0 0 0 0 0 0 0 0 0 0 0 0 0 0 0 0 0 -3 6 -8 13 -13 16 -5 11 -15 13 -11 16 -9 19 -11 19 -13 17 -12 16 -3 9 -8 15 -2 10 -5 3 -9 -1 -2 -4 -3 -10 -1 -18 -10 -24 -9 -26 -17 -29 -18 -30 -21 -31 -21 -31 -20 -26 -22 -25 ]
CSI_DATA,STA,E4:D1:24:F1:41:40,-86,10,0,0,0,0,0,0,0,0,0,-97,0,13,0,38046716,0,389,0,0,38.4399,128,[-123 81 24 0 11 -7 5 2 2 7 2 11 -1 18 -7 18 -3 24 6 20 -3 25 -6 22 -1 24 0 23 -4 16 0 18 -2 11 -3 5 -2 4 -8 3 -5 2 -1 -7 -3 -9 -2 -17 -7 -12 -3 -18 -12 -11 0 0 0 0 0 0 0 0 0 0 0 0 0 0 0 0 0 0 0 0 0 0 -9 -1 -11 -9 -12 -5 -15 -13 -20 -12 -13 -12 -18 -8 -22 -12 -19 -13 -14 -10 -11 -14 -14 -13 -4 -8 -5 -4 5 -5 5 -6 12 0 14 -7 22 -9 33 -4 27 -15 30 -9 28 -9 33 -14 29 -19 28 -17 ]
CSI_DATA,STA,E4:D1:24:F1:41:40,-85,10,0,0,0,0,0,0,0,0,0,-97,0,13,0,38353923,0,389,0,0,38.7472,128,[-123 81 24 0 -5 -14 0 -11 7 -11 7 -12 15 -9 13 -12 13 -19 18 -15 20 -20 16 -22 10 -22 9 -19 13 -16 6 -8 6 -8 7 -7 3 -8 1 3 3 4 5 10 -1 11 2 13 4 14 4 12 0 25 0 0 0 0 0 0 0 0 0 0 0 0 0 0 0 0 0 0 0 0 0 0 -3 8 -12 4 -14 7 -14 8 -21 8 -17 11 -16 12 -19 14 -13 11 -15 15 -15 12 -12 7 -6 7 -4 -2 -6 -3 -7 -4 -4 -15 -7 -17 -10 -18 -8 -19 -20 -32 -15 -29 -17 -24 -21 -26 -17 -17 -17 -21 ]
CSI_DATA,STA,E4:D1:24:F1:41:40,-85,10,0,0,0,0,0,0,0,0,0,-97,0,13,0,38456326,0,389,0,0,38.8496,128,[-123 81 24 0 13 -3 6 1 8 12 1 14 3 19 4 21 2 20 3 23 12 22 9 19 14 20 14 16 9 13 10 10 4 7 4 7 4 0 -6 5 -2 5 -7 1 -11 1 -15 6 -18 -2 -14 -2 -9 3 0 0 0 0 0 0 0 0 0 0 0 0 0 0 0 0 0 0 0 0 0 0 8 -6 8 -11 10 -9 9 -13 14 -15 13 -16 11 -17 5 -19 13 -21 7 -20 5 -12 2 -11 0 -9 3 -8 7 -2 6 2 14 5 19 5 14 5 30 11 31 9 27 6 38 -10 46 2 21 12 23 0 ]
CSI_DATA,STA,E4:D1:24:F1:41:40,-86,10,0,0,0,0,0,0,0,0,0,-97,0,13,0,38558787,0,389,0,0,38.9522,128,[-123 81 24 0 -12 2 -5 0 -3 -7 -2 -18 -9 -17 -3 -19 -14 -21 -11 -19 -8 -20 -14 -20 -12 -26 -13 -15 -16 -17 -12 -17 -9 -8 -2 -7 1 -9 2 -1 3 -3 9 -3 15 2 18 -2 16 -1 18 -2 18 16 0 0 0 0 0 0 0 0 0 0 0 0 0 0 0 0 0 0 0 0 0 0 7 7 4 14 2 13 9 13 7 17 8 23 7 23 4 14 6 18 3 14 6 16 8 12 2 11 -3 10 -10 -1 -14 -1 -14 1 -17 3 -24 1 -28 4 -30 5 -28 10 -28 12 -27 11 -25 16 -24 17 ]
CSI_DATA,STA,E4:D1:24:F1:41:40,-86,10,0,0,0,0,0,0,0,0,0,-97,0,13,0,38865936,0,389,0,0,39.2594,128,[-123 81 24 0 8 4 1 6 1 6 4 5 -4 14 -4 16 -1 19 -1 19 2 20 -4 24 6 24 -3 18 -5 18 0 13 -3 13 0 10 -4 1 -6 2 -10 -3 -8 -4 -3 -6 -6 -3 -10 -8 -5 -10 -17 -3 0 0 0 0 0 0 0 0 0 0 0 0 0 0 0 0 0 0 0 0 0 0 -3 -9 -3 -11 -7 -17 -2 -14 -6 -19 -4 -16 -5 -19 -5 -17 -6 -12 -1 -18 -4 -14 -1 -9 -3 -14 5 -9 2 -5 7 1 16 3 14 2 19 4 19 6 21 7 24 1 26 4 29 3 22 -2 24 -4 ]
CSI_DATA,STA,E4:D1:24:F1:41:40,-86,10,0,0,0,0,0,0,0,0,0,-97,0,13,0,39073267,0,389,0,0,39.4666,128,[-123 81 24 0 -12 -2 -7 2 -7 -9 -1 -13 1 -12 1 -21 -3 -22 -4 -22 -5 -21 -5 -21 -7 -21 -6 -16 -5 -17 -6 -12 -9 -13 -7 -8 -2 -7 5 -5 8 -2 10 -4 6 -5 14 -3 15 -3 27 -3 15 17 0 0 0 0 0 0 0 0 0 0 0 0 0 0 0 0 0 0 0 0 0 0 -5 11 -10 6 -11 8 -13 11 -11 9 -16 12 -15 9 -12 13 -16 17 -10 20 -5 13 -6 15 -10 7 -7 4 -4 -5 -7 -4 -9 -6 -9 -9 -17 -7 -19 -16 -25 -7 -23 -10 -30 -13 -30 -5 -30 -6 -30 0 ]
CSI_DATA,STA,E4:D1:24:F1:41:40,-88,10,0,0,0,0,0,0,0,0,0,-97,0,13,0,39173143,0,389,0,0,39.5665,128,[-123 81 24 0 6 -2 3 -1 6 3 7 6 7 12 4 15 11 16 7 16 10 17 11 16 9 10 11 10 8 11 3 11 0 10 3 5 2 6 0 1 -5 0 -9 -2 -8 -4 -9 -4 -15 -3 -7 -9 -16 4 0 0 0 0 0 0 0 0 0 0 0 0 0 0 0 0 0 0 0 0 0 0 -1 -7 -7 -10 -1 -8 -4 -15 -9 -16 -6 -15 -9 -17 -7 -12 -9 -14 -11 -16 -11 -14 -2 -11 -6 -3 1 -8 0 -3 4 -3 6 -4 12 -9 15 1 18 -5 23 -8 20 -10 31 -8 27 -5 19 -12 20 -10 ]
CSI_DATA,STA,E4:D1:24:F1:41:40,-87,10,0,0,0,0,0,0,0,0,0,-97,0,13,0,39400426,0,389,0,0,39.7938,128,[-123 81 24 0 10 -9 4 -2 11 3 7 4 6 8 10 3 11 9 8 7 15 15 14 11 12 9 9 12 12 11 5 12 11 10 7 2 8 6 1 5 0 1 -4 0 -8 -4 -9 -3 -13 3 -18 0 -6 -9 0 0 0 0 0 0 0 0 0 0 0 0 0 0 0 0 0 0 0 0 0 0 -7 -1 -8 -8 -11 -7 -12 -10 -14 -13 -12 -12 -14 -10 -14 -13 -11 -11 -13 -11 -12 -4 -8 -8 -6 -13 -3 -9 -5 -5 2 0 9 -1 16 -10 19 -12 21 -8 23 -7 24 -17 24 -19 20 -17 21 -21 17 -21 ]
CSI_DATA,STA,E4:D1:24:F1:41:40,-87,10,0,0,0,0,0,0,0,0,0,-97,0,13,0,39480542,0,389,0,0,39.8737,128,[-123 81 24 0 -6 -14 6 -12 1 -5 18 -2 14 -2 17 4 18 3 23 6 26 -1 20 -3 18 0 21 0 18 -2 11 -4 9 4 7 2 7 -3 2 5 8 4 -10 11 -4 4 -8 10 -6 4 -10 7 -17 17 0 0 0 0 0 0 0 0 0 0 0 0 0 0 0 0 0 0 0 0 0 0 -9 5 -11 6 -7 5 -15 6 -13 7 -19 11 -20 9 -15 10 -17 9 -14 8 -13 9 -13 6 -14 6 -6 3 -9 1 -5 -5 -2 -8 -2 -16 2 -26 2 -28 -7 -30 3 -26 -10 -31 -4 -32 -10 -32 -8 -24 ]
CSI_DATA,STA,E4:D1:24:F1:41:40,-87,10,0,0,0,0,0,0,0,0,0,-97,0,13,0,39582838,0,389,0,0,39.976,128,[-123 81 24 0 -6 -7 -5 -3 9 -5 7 -9 6 -9 13 -13 9 -13 14 -13 14 -12 19 -16 18 -15 7 -15 14 -9 11 -9 3 -7 7 -7 5 -3 0 0 2 0 -2 5 -3 6 -8 9 -7 13 -4 7 -22 14 0 0 0 0 0 0 0 0 0 0 0 0 0 0 0 0 0 0 0 0 0 0 6 2 5 11 3 10 3 15 4 15 8 17 5 8 3 15 5 22 10 12 2 12 7 16 3 12 -3 3 -4 4 -5 1 -11 -11 -22 -9 -14 -13 -25 -14 -25 -15 -23 -13 -27 -12 -30 -9 -29 -15 -25 -7 ]
CSI_DATA,STA,E4:D1:24:F1:41:40,-87,10,0,0,0,0,0,0,0,0,0,-97,0,13,0,39889970,0,389,0,0,40.2834,128,[-123 81 24 0 5 -5 1 -2 -3 5 2 2 -12 12 -9 12 -6 13 -11 17 -6 15 -9 16 -10 19 -8 11 -10 14 -9 7 -7 6 -7 7 0 -2 -1 1 2 1 -2 -3 4 -4 1 -5 6 -4 8 -3 4 -19 0 0 0 0 0 0 0 0 0 0 0 0 0 0 0 0 0 0 0 0 0 0 -2 7 -6 0 -8 4 -16 5 -14 6 -15 8 -16 1 -19 6 -15 1 -16 -1 -9 6 -14 -3 -7 -2 -3 -6 1 -7 3 -5 0 -4 10 -8 11 -9 16 -12 18 -9 22 -14 17 -18 28 -16 17 -14 16 -16 ]
CSI_DATA,STA,E4:D1:24:F1:41:40,-85,10,0,0,0,0,0,0,0,0,0,-97,0,13,0,39980637,0,64,0,0,40.3737,128,[64 0 4 0 -5 12 -6 5 -3 0 3 -10 1 -14 -2 -9 -1 -16 0 -24 3 -21 -2 -22 -1 -21 -1 -25 -1 -15 2 -12 4 -11 2 -11 5 -7 -3 1 1 2 -1 6 -1 6 4 13 0 8 -7 11 -2 19 0 0 0 0 0 0 0 0 0 0 0 0 0 0 0 0 0 0 0 0 0 0 4 -7 6 -11 10 -9 10 -7 13 -15 10 -8 14 -7 12 -6 15 -7 16 -8 6 -5 12 -5 8 2 3 0 2 2 -10 5 -5 10 -9 13 -13 17 -15 15 -13 21 -16 20 -15 23 -19 27 -16 24 -9 19 ]
CSI_DATA,STA,E4:D1:24:F1:41:40,-88,10,0,0,0,0,0,0,0,0,0,-97,0,13,0,40107990,0,389,0,0,40.5012,128,[-123 81 24 0 -5 -12 -4 -6 9 2 8 -2 14 -4 18 1 17 -2 19 -5 21 -6 20 -10 22 -7 14 -5 17 -5 8 -6 11 -4 6 -1 3 5 1 -2 0 4 -7 2 -10 2 -8 7 -8 4 -7 9 -24 10 0 0 0 0 0 0 0 0 0 0 0 0 0 0 0 0 0 0 0 0 0 0 -2 7 -1 7 -4 12 -7 11 -5 20 -6 14 -7 15 -4 16 -4 16 0 17 -1 15 -6 11 -6 9 -6 1 -5 2 1 -1 0 -8 -5 -12 -7 -16 -13 -17 -20 -18 -12 -21 -17 -27 -25 -21 -21 -22 -17 -16 ]
CSI_DATA,STA,E4:D1:24:F1:41:40,-86,10,0,0,0,0,0,0,0,0,0,-97,0,13,0,40197170,0,389,0,0,40.5903,128,[-123 81 24 0 -7 8 -5 3 -3 -6 0 -7 5 -13 0 -17 -5 -19 3 -22 -2 -23 -2 -17 -5 -20 -3 -15 -5 -16 -4 -10 -1 -11 -1 -11 -1 -7 1 -2 -3 1 2 2 3 11 0 8 4 10 5 15 -8 12 0 0 0 0 0 0 0 0 0 0 0 0 0 0 0 0 0 0 0 0 0 0 6 -3 9 -4 12 -6 18 -2 13 -4 17 -1 18 -6 19 2 14 -2 17 0 13 -3 8 -3 5 -6 6 0 -1 5 -5 5 -9 3 -12 8 -20 8 -18 19 -21 17 -18 19 -19 17 -16 22 -20 15 -15 19 ]
CSI_DATA,STA,E4:D1:24:F1:41:40,-86,10,0,0,0,0,0,0,0,0,0,-97,0,13,0,40401975,0,389,0,0,40.7953,128,[-123 81 24 0 13 -7 8 -1 4 2 -6 8 -6 8 -10 9 -14 9 -15 15 -19 14 -15 8 -12 13 -17 12 -12 18 -12 15 -10 10 -4 6 -4 4 -8 -1 5 2 0 -7 5 -9 7 -5 2 -9 9 -5 5 -20 0 0 0 0 0 0 0 0 0 0 0 0 0 0 0 0 0 0 0 0 0 0 -9 1 -11 -3 -12 -4 -16 -4 -24 -7 -18 -6 -19 -7 -17 -3 -21 -6 -18 -4 -17 -9 -10 -6 -12 -4 -2 -3 6 -3 2 -1 7 -1 17 -1 16 3 24 -5 25 1 35 -3 28 -8 30 -2 36 -8 25 -2 ]
CSI_DATA,STA,E4:D1:24:F1:41:40,-87,10,0,0,0,0,0,0,0,0,0,-97,0,13,0,40606780,0,389,0,0,41.0001,128,[-123 81 24 0 7 -17 4 -4 -2 -1 2 4 -1 8 0 5 5 8 7 14 9 13 12 11 5 12 8 13 9 7 10 8 5 10 0 4 2 4 -1 -1 -1 -3 -7 -4 -3 -6 -11 -1 -8 -1 -9 -8 -22 -15 0 0 0 0 0 0 0 0 0 0 0 0 0 0 0 0 0 0 0 0 0 0 -5 -3 -11 -2 -12 -4 -12 -2 -17 -3 -16 -5 -13 -5 -17 -7 -14 -6 -14 -3 -16 -1 -14 2 -6 -2 -6 -3 -3 -3 6 -1 8 -7 11 -8 5 -6 13 -11 16 -13 14 -10 13 -17 18 -19 13 -20 13 -16 ]
CSI_DATA,STA,E4:D1:24:F1:41:40,-87,10,0,0,0,0,0,0,0,0,0,-97,0,13,0,40913987,0,389,0,0,41.3074,128,[-123 81 24 0 0 -14 -1 -7 8 -12 11 -1 13 0 9 -1 20 10 16 -2 16 1 20 -3 15 -4 16 -6 20 -4 12 -5 5 -1 9 -2 6 -2 3 -3 3 1 -1 4 1 6 1 10 -4 10 -1 12 -16 16 0 0 0 0 0 0 0 0 0 0 0 0 0 0 0 0 0 0 0 0 0 0 -5 -3 -8 -6 -10 -10 -11 -11 -14 -11 -12 -9 -17 -13 -12 -9 -18 -6 -10 -10 -8 -6 -8 -5 -7 -5 -5 -8 -3 -4 2 -11 3 -8 8 -10 9 -12 12 -14 13 -16 6 -25 10 -25 8 -31 2 -25 6 -20 ]
CSI_DATA,STA,E4:D1:24:F1:41:40,-87,10,0,0,0,0,0,0,0,0,0,-97,0,13,0,41630813,0,389,0,0,42.0242,128,[-123 81 24 0 -12 4 -7 -1 -3 0 -2 -3 1 -15 -5 -16 -6 -14 1 -22 -8 -19 1 -20 -11 -11 -6 -18 -10 -13 -6 -11 -2 -9 -4 -6 -1 -13 6 -8 6 0 5 3 7 1 2 3 9 5 9 9 0 -3 0 0 0 0 0 0 0 0 0 0 0 0 0 0 0 0 0 0 0 0 0 0 7 7 -1 11 3 14 4 12 5 14 3 15 7 16 6 17 6 15 9 18 2 10 7 8 -3 13 -5 5 -3 4 -9 0 -10 -2 -20 1 -16 1 -19 -1 -23 -2 -28 1 -33 10 -27 2 -23 19 -29 12 ]
CSI_DATA,STA,E4:D1:24:F1:41:40,-87,10,0,0,0,0,0,0,0,0,0,-97,0,13,0,41739638,0,389,0,0,42.1328,128,[-123 81 24 0 -4 11 -3 1 -10 5 -10 4 -7 -3 -11 -6 -21 -2 -19 -4 -20 -9 -21 -9 -17 -2 -17 -5 -19 -5 -12 -4 -14 -3 -9 2 -6 -2 -3 -5 4 -7 7 -4 6 -7 10 -2 7 -5 13 -9 14 7 0 0 0 0 0 0 0 0 0 0 0 0 0 0 0 0 0 0 0 0 0 0 5 0 10 1 13 1 16 -3 17 1 17 -5 18 1 22 -3 19 -8 16 -4 14 1 10 -8 6 0 5 -1 6 5 2 2 -7 9 -7 9 -10 12 -9 20 -13 25 -10 19 -12 26 -7 27 -6 24 -5 30 ]
CSI_DATA,STA,E4:D1:24:F1:41:40,-87,10,0,0,0,0,0,0,0,0,0,-97,0,13,0,41835610,0,389,0,0,42.229,128,[-123 81 24 0 11 1 2 2 2 6 -3 5 -6 8 -8 8 -10 13 -12 20 -10 15 -7 14 -10 18 -11 19 -4 14 -6 21 1 9 -9 10 -6 8 -5 -3 -4 -3 -1 -4 -8 -13 -1 -12 -1 -11 2 -8 -2 -29 0 0 0 0 0 0 0 0 0 0 0 0 0 0 0 0 0 0 0 0 0 0 -6 -9 -12 -11 -6 -12 -8 -13 -10 -13 -13 -12 -13 -20 -11 -15 -14 -12 -4 -17 -12 -12 -7 -11 -7 -13 0 -10 2 -5 2 2 11 -1 13 7 21 0 25 4 25 0 28 2 30 0 32 -2 30 -1 28 -2 ]
CSI_DATA,STA,E4:D1:24:F1:41:40,-86,10,0,0,0,0,0,0,0,0,0,-97,0,13,0,41940898,0,389,0,0,42.3342,128,[-123 81 24 0 -13 -4 0 -4 5 -1 -3 -4 8 -7 10 -20 12 -12 12 -15 17 -19 10 -20 12 -15 12 -16 9 -16 8 -8 6 -13 5 -9 6 -2 1 -8 3 -5 -5 7 1 9 -1 8 -1 12 -6 13 -12 6 0 0 0 0 0 0 0 0 0 0 0 0 0 0 0 0 0 0 0 0 0 0 5 9 5 13 2 14 6 17 9 15 4 18 9 14 4 16 9 16 1 12 2 13 3 9 -3 12 0 5 -1 6 -7 -3 -5 -4 -16 -3 -24 -14 -21 -15 -25 -5 -26 -3 -30 -16 -34 -7 -23 -5 -30 -6 ]
CSI_DATA,STA,E4:D1:24:F1:41:40,-87,10,0,0,0,0,0,0,0,0,0,-97,0,13,0,42040415,0,389,0,0,42.4337,128,[-123 81 24 0 11 -4 6 -2 1 4 0 14 1 10 -3 13 2 20 4 18 2 20 0 16 4 14 0 18 3 14 3 15 3 6 2 4 1 4 -5 6 -3 4 -5 -2 -10 0 -13 -5 -13 -5 -15 -4 -17 -18 0 0 0 0 0 0 0 0 0 0 0 0 0 0 0 0 0 0 0 0 0 0 -4 -10 2 -10 -3 -17 -6 -16 -5 -19 -5 -20 -5 -22 -2 -23 1 -21 -7 -14 -6 -15 -7 -8 -4 -12 3 -5 5 -4 7 -3 17 1 11 1 15 3 22 2 21 1 27 -6 35 -6 31 -7 28 -9 30 -9 ]
CSI_DATA,STA,E4:D1:24:F1:41:40,-86,10,0,0,0,0,0,0,0,0,0,-97,0,13,0,42091314,0,64,0,0,42.484,128,[64 0 4 0 13 2 3 1 3 3 -1 9 1 13 -2 13 -10 14 -3 16 -11 11 -4 21 -1 19 -2 13 -2 18 -4 9 -5 7 -4 6 -1 5 -1 1 -8 -2 -3 -2 -6 -6 -8 -6 -7 -11 -2 -15 -6 -1 0 0 0 0 0 0 0 0 0 0 0 0 0 0 0 0 0 0 0 0 0 0 -9 -5 -10 -8 -9 -9 -7 -18 -11 -18 -11 -14 -17 -15 -10 -19 -13 -18 -11 -12 -11 -11 -4 -11 -5 -9 0 0 2 -1 8 -4 4 9 29 -3 22 -8 23 -3 30 0 26 -3 30 1 26 1 24 2 24 -1 ]
CSI_DATA,STA,E4:D1:24:F1:41:40,-86,10,0,0,0,0,0,0,0,0,0,-97,0,13,0,42347625,0,389,0,0,42.7409,128,[-123 81 24 0 14 9 5 4 4 6 -2 7 -6 7 -4 17 -9 13 -8 21 -8 18 -2 17 -5 21 -3 13 -2 13 0 11 -2 8 -3 8 -1 3 -3 2 -4 1 -5 -4 -9 -10 -10 -4 -8 -8 -12 -2 -9 -24 0 0 0 0 0 0 0 0 0 0 0 0 0 0 0 0 0 0 0 0 0 0 0 -9 5 -12 3 -15 2 -16 6 -17 6 -20 5 -17 6 -24 4 -16 6 -18 0 -10 -4 -13 4 -7 3 -7 5 -7 6 -4 11 8 11 10 13 9 15 16 24 10 27 9 29 13 26 9 26 11 22 1 ]
CSI_DATA,STA,E4:D1:24:F1:41:40,-87,10,0,0,0,0,0,0,0,0,0,-97,0,13,0,42552430,0,389,0,0,42.9458,128,[-123 81 24 0 -5 6 -10 2 -3 -2 -10 -1 -12 0 -8 -12 -11 -16 -19 -15 -12 -15 -15 -15 -12 -7 -18 -7 -12 -10 -11 -9 -12 -7 -4 -8 -7 -2 -6 -1 4 -5 8 -2 13 -4 7 4 9 3 10 2 17 -5 0 0 0 0 0 0 0 0 0 0 0 0 0 0 0 0 0 0 0 0 0 0 9 -5 11 -5 15 -4 16 -5 20 2 16 -1 16 1 24 -8 19 -7 13 -3 11 2 12 1 7 -2 7 3 -1 6 -7 6 -8 11 -11 14 -9 14 -12 24 -9 23 -12 25 -13 28 -3 24 -6 26 -6 23 ]
CSI_DATA,STA,E4:D1:24:F1:41:40,-88,10,0,0,0,0,0,0,0,0,0,-97,0,13,0,42757235,0,389,0,0,43.1506,128,[-123 81 24 0 -6 -8 -9 -7 7 -13 10 -5 5 -13 10 -6 11 -12 11 -19 9 -14 7 -15 14 -14 4 -15 10 -12 5 -8 8 -7 7 -10 7 -2 5 2 2 1 1 6 1 6 -2 11 -3 10 -2 13 11 4 0 0 0 0 0 0 0 0 0 0 0 0 0 0 0 0 0 0 0 0 0 0 -4 8 -3 10 -6 7 -10 14 -6 16 -8 15 -6 19 -8 19 -5 16 -5 10 -1 14 -3 14 -5 9 -6 4 -8 1 -2 -7 -9 -4 -8 -12 -9 -15 -13 -17 -23 -17 -14 -18 -21 -20 -21 -11 -24 -11 -24 -13 ]
CSI_DATA,STA,E4:D1:24:F1:41:40,-85,10,0,0,0,0,0,0,0,0,0,-97,0,13,0,42859637,0,389,0,0,43.253,128,[-123 81 24 0 4 -4 8 -6 7 2 13 2 11 4 17 7 17 6 18 4 19 4 19 7 18 3 21 -6 19 6 14 3 10 -1 3 2 3 -4 -4 0 -4 7 -4 0 -11 0 -11 1 -19 7 -22 14 -7 -5 0 0 0 0 0 0 0 0 0 0 0 0 0 0 0 0 0 0 0 0 0 0 -10 3 -15 -3 -13 1 -16 0 -19 0 -22 -4 -19 1 -19 1 -21 3 -16 0 -15 -3 -6 0 -11 4 0 -8 -2 -5 0 -7 7 -10 9 -16 10 -21 5 -27 10 -23 3 -29 7 -31 5 -28 4 -26 4 -25 ]
CSI_DATA,STA,E4:D1:24:F1:41:40,-86,10,0,0,0,0,0,0,0,0,0,-97,0,13,0,43165497,0,64,0,0,43.5586,128,[64 0 4 0 -6 -2 -8 1 -8 -14 -6 -12 -2 -14 4 -23 -1 -24 0 -20 -6 -22 -2 -25 -5 -23 -6 -18 -6 -19 -7 -15 -3 -8 0 -14 -1 -8 1 2 7 -1 5 -1 7 9 12 2 12 5 16 7 7 15 0 0 0 0 0 0 0 0 0 0 0 0 0 0 0 0 0 0 0 0 0 0 -2 8 -3 12 -8 15 -8 19 -13 16 -10 17 -3 23 -6 22 -3 20 -7 19 -3 13 -5 11 -5 1 -7 5 -9 6 -6 -7 -7 -9 -16 -10 -22 -4 -26 -11 -31 -12 -30 -3 -32 -9 -29 -8 -36 1 -29 -4 ]
CSI_DATA,STA,E4:D1:24:F1:41:40,-85,10,0,0,0,0,0,0,0,0,0,-97,0,13,0,43166845,0,389,0,0,43.5904,128,[-123 81 24 0 -4 0 -3 1 3 -4 9 -14 12 -14 10 -23 7 -16 15 -22 4 -22 2 -24 2 -21 1 -18 8 -16 4 -13 11 -11 8 -5 -1 -5 7 -3 7 7 2 6 6 6 -1 12 4 17 -9 16 6 -9 0 0 0 0 0 0 0 0 0 0 0 0 0 0 0 0 0 0 0 0 0 0 8 6 4 14 12 16 7 15 0 12 5 22 6 18 6 15 12 23 7 19 -1 13 6 14 1 5 -2 6 -9 5 -13 -5 -9 -4 -14 -9 -26 -8 -25 -2 -34 -7 -32 -5 -39 -2 -28 0 -29 0 -23 2 ]
CSI_DATA,STA,E4:D1:24:F1:41:40,-86,10,0,0,0,0,0,0,0,0,0,-97,0,13,0,43781260,0,389,0,0,44.1746,128,[-123 81 24 0 5 13 6 6 -4 6 -7 7 -11 6 -20 5 -15 3 -16 11 -17 8 -21 13 -17 9 -19 8 -19 12 -9 9 -9 8 -6 5 -7 -1 -6 3 -3 -6 -6 -5 1 -7 0 -10 2 -14 2 -13 14 -11 0 0 0 0 0 0 0 0 0 0 0 0 0 0 0 0 0 0 0 0 0 0 0 -7 11 -6 11 -2 17 -8 17 -6 21 -10 23 -8 17 -13 22 -14 19 -9 14 -5 12 -7 4 -4 9 -8 3 0 -1 0 2 3 -2 8 2 20 3 25 0 26 3 25 14 29 13 29 20 22 18 28 ]
CSI_DATA,STA,E4:D1:24:F1:41:40,-86,10,0,0,0,0,0,0,0,0,0,-97,0,13,0,43883663,0,389,0,0,44.277,128,[-123 81 24 0 12 2 3 -1 0 3 -7 11 -3 4 -11 8 -10 16 -10 24 -16 21 -11 15 -9 15 -10 19 -7 21 -7 12 -4 9 -3 10 -1 6 -2 2 -5 -4 -7 -6 -4 -4 -4 -9 -2 -13 -2 -16 0 -12 0 0 0 0 0 0 0 0 0 0 0 0 0 0 0 0 0 0 0 0 0 0 10 4 -8 4 0 -11 4 -16 4 -19 1 -16 8 -19 1 -19 -2 -19 0 -19 -2 -15 0 -14 2 -10 0 -8 4 -4 2 -3 5 -1 4 11 9 13 18 13 21 8 21 13 24 8 26 4 31 8 25 9 ]
CSI_DATA,STA,E4:D1:24:F1:41:40,-87,10,0,0,0,0,0,0,0,0,0,-97,0,13,0,44205496,0,64,0,0,44.5986,128,[64 0 4 0 -13 11 -11 8 -8 -5 2 -1 5 -10 -2 -9 3 -12 3 -18 4 -22 4 -21 1 -20 1 -24 -1 -20 4 -20 3 -13 1 -14 2 -9 5 -8 4 -3 -2 2 2 7 -1 8 -3 11 -5 8 -5 -2 0 0 0 0 0 0 0 0 0 0 0 0 0 0 0 0 0 0 0 0 0 0 5 -1 6 4 12 4 10 3 12 6 15 2 20 9 20 6 18 14 14 8 12 -1 12 4 8 1 8 -1 2 1 -7 -1 -8 2 -12 5 -17 4 -20 5 -24 12 -25 10 -30 17 -26 11 -25 16 -24 11 ]
CSI_DATA,STA,E4:D1:24:F1:41:40,-89,10,0,0,0,0,0,0,0,0,0,-97,0,13,0,44293272,0,389,0,0,44.6864,128,[-123 81 24 0 -7 1 -14 0 -1 -3 -2 -6 7 -4 0 -16 3 -18 4 -12 0 -17 5 -18 3 -14 3 -15 6 -9 1 -12 2 -10 4 -8 2 -8 1 -3 0 -5 -1 1 3 -1 2 2 0 7 -2 7 -9 17 0 0 0 0 0 0 0 0 0 0 0 0 0 0 0 0 0 0 0 0 0 0 3 -1 5 2 8 4 9 5 16 7 14 8 14 4 12 11 15 11 9 3 7 3 6 4 11 7 3 5 1 6 -1 -5 -9 4 -14 -2 -18 1 -17 9 -21 5 -25 9 -25 6 -21 10 -24 13 -19 12 ]
CSI_DATA,STA,E4:D1:24:F1:41:40,-87,10,0,0,0,0,0,0,0,0,0,-97,0,13,0,44702882,0,389,0,0,45.0962,128,[-123 81 24 0 1 10 2 2 -2 2 -13 7 -14 -4 -16 7 -16 9 -17 6 -18 15 -18 9 -19 8 -12 8 -11 12 -12 8 -8 5 -10 6 -8 6 -4 -1 -2 -8 2 -9 0 -6 1 -12 5 -11 6 -11 -1 -1 0 0 0 0 0 0 0 0 0 0 0 0 0 0 0 0 0 0 0 0 0 0 5 -3 8 -5 10 -7 13 -6 12 -9 12 -7 10 -6 13 -14 7 -14 8 -8 11 -8 11 -3 8 -4 3 -1 0 0 5 8 2 9 4 14 4 23 8 15 6 17 12 16 8 29 18 19 13 19 13 21 ]
CSI_DATA,STA,E4:D1:24:F1:41:40,-86,10,0,0,0,0,0,0,0,0,0,-97,0,13,0,44907687,0,389,0,0,45.3011,128,[-123 81 24 0 13 -6 8 6 7 6 -3 6 3 12 3 14 6 14 4 17 9 17 1 16 6 19 11 16 7 17 -2 15 4 11 0 6 -3 6 -4 0 -3 0 -8 0 -11 -6 -11 -2 -9 -3 -7 -6 -15 5 0 0 0 0 0 0 0 0 0 0 0 0 0 0 0 0 0 0 0 0 0 0 0 -4 -4 -13 1 -15 -5 -12 -2 -17 -5 -21 -3 -17 -2 -15 -5 -18 -3 -16 -7 -17 1 -10 0 -7 1 -9 2 -6 11 -9 8 1 10 -1 15 4 24 -2 26 2 29 1 23 -5 27 -1 26 -3 23 -6 ]
CSI_DATA,STA,E4:D1:24:F1:41:40,-87,10,0,0,0,0,0,0,0,0,0,-97,0,13,0,45112492,0,389,0,0,45.5058,128,[-123 81 24 0 -5 -16 4 -9 -2 -11 7 -9 5 -11 10 -11 17 -12 8 -14 6 -15 10 -19 6 -13 7 -17 2 -13 0 -12 3 -13 -5 -5 0 -4 1 -1 12 1 7 3 10 6 9 3 13 5 15 -2 12 23 0 0 0 0 0 0 0 0 0 0 0 0 0 0 0 0 0 0 0 0 0 0 -6 -7 -5 -10 -13 -8 -10 -10 -8 -12 -17 -10 -11 -10 -16 -11 -16 -8 -10 -7 -13 -4 -9 -5 -14 -6 -4 -4 -6 -7 1 -12 6 -11 3 -16 7 -19 2 -20 2 -29 0 -26 -1 -22 -7 -27 -11 -28 -5 -22 ]
CSI_DATA,STA,E4:D1:24:F1:41:40,-87,10,0,0,0,0,0,0,0,0,0,-97,0,13,0,45214894,0,389,0,0,45.6082,128,[-123 81 24 0 2 -12 -2 0 11 -3 8 -7 18 -9 12 -9 19 -12 19 -5 16 -6 20 -8 18 -13 11 -3 14 -5 15 -3 10 -4 6 -3 3 0 0 3 -1 2 -5 4 -7 4 -3 11 -4 14 -6 14 -17 21 0 0 0 0 0 0 0 0 0 0 0 0 0 0 0 0 0 0 0 0 0 0 -2 2 -17 10 -13 -1 -14 5 -12 5 -16 8 -16 5 -18 8 -16 11 -19 9 -9 9 -9 3 -9 3 -7 2 -5 -5 -6 -8 4 -16 -1 -16 -7 -23 -6 -22 -2 -24 -8 -29 -9 -25 -10 -30 -9 -27 -16 -29 ]
CSI_DATA,STA,E4:D1:24:F1:41:40,-86,10,0,0,0,0,0,0,0,0,0,-97,0,13,0,45289029,0,64,0,0,45.6821,128,[64 0 4 0 15 -2 2 3 5 4 3 12 2 20 -3 15 1 18 -2 21 4 26 5 15 0 21 6 12 6 19 5 14 -1 6 0 12 -3 11 -5 1 -7 -2 -8 0 -6 -2 -10 -6 -13 -9 -10 -12 -10 3 0 0 0 0 0 0 0 0 0 0 0 0 0 0 0 0 0 0 0 0 0 0 -7 -6 -2 -8 -7 -13 0 -19 -2 -17 -2 -20 -4 -21 -2 -23 -4 -18 -5 -16 -5 -11 -1 -15 -2 -10 -2 -7 6 -4 8 -3 9 -2 17 2 19 3 24 -4 23 5 25 -6 31 0 29 -10 20 -7 30 -5 ]
CSI_DATA,STA,E4:D1:24:F1:41:40,-85,10,0,0,0,0,0,0,0,0,0,-97,0,13,0,45317296,0,389,0,0,45.7123,128,[-123 81 24 0 5 -9 7 -1 11 -4 14 2 11 12 13 7 18 8 18 13 28 0 18 2 18 6 17 4 17 8 14 2 10 1 1 6 2 3 -3 2 -4 3 -4 2 -11 4 -9 7 -14 11 -12 6 -26 3 0 0 0 0 0 0 0 0 0 0 0 0 0 0 0 0 0 0 0 0 0 0 -8 -2 -11 -3 -14 -1 -15 -5 -14 -8 -20 -11 -16 -8 -16 -11 -20 -12 -16 -7 -13 -2 -14 -6 -9 -6 -9 -3 4 -5 3 -10 3 -9 7 -15 10 -17 13 -16 15 -25 17 -22 15 -22 13 -27 13 -23 4 -24 ]
CSI_DATA,STA,E4:D1:24:F1:41:40,-86,10,0,0,0,0,0,0,0,0,0,-97,0,13,0,45419699,0,389,0,0,45.8129,128,[-123 81 24 0 -8 7 -16 1 -4 -1 -8 -4 -10 -6 -19 -12 -15 -9 -23 -16 -20 -7 -23 -10 -19 -8 -21 -10 -20 -6 -16 -1 -11 -7 -9 -3 -4 -7 -1 -2 3 -5 7 -4 9 -8 12 -6 11 -8 16 -6 2 -2 0 0 0 0 0 0 0 0 0 0 0 0 0 0 0 0 0 0 0 0 0 0 6 8 7 9 5 7 9 9 8 12 13 12 13 14 8 16 13 11 13 7 10 12 8 9 2 6 -1 5 1 7 -4 9 -10 9 -13 11 -15 12 -24 15 -21 19 -23 20 -18 23 -18 17 -20 20 -14 21 ]
CSI_DATA,STA,E4:D1:24:F1:41:40,-84,10,0,0,0,0,0,0,0,0,0,-97,0,13,0,45522101,0,389,0,0,45.9153,128,[-123 81 24 0 -3 -10 6 -6 9 -11 14 -2 16 -4 22 -7 24 -6 23 -9 22 -11 22 -12 23 -10 20 -14 18 -5 17 -9 8 -2 6 -2 6 -1 2 3 4 6 -3 7 -5 10 -7 15 -13 17 -5 20 -23 16 0 0 0 0 0 0 0 0 0 0 0 0 0 0 0 0 0 0 0 0 0 0 -7 2 -11 7 -12 4 -19 1 -17 4 -22 8 -21 1 -23 9 -20 7 -10 12 -13 0 -10 2 -10 1 -6 -5 -3 -9 -3 -9 -2 -15 -2 -17 0 -23 -3 -27 -5 -34 -6 -29 -9 -32 -10 -31 -13 -29 -14 -21 ]
CSI_DATA,STA,E4:D1:24:F1:41:40,-86,10,0,0,0,0,0,0,0,0,0,-97,0,13,0,45726906,0,389,0,0,46.1202,128,[-123 81 24 0 4 -8 2 -8 4 -5 13 4 14 2 18 -11 27 -6 23 -13 25 -9 21 -11 16 -19 17 -9 16 -12 8 -13 12 -9 11 -9 -1 0 5 0 6 4 -4 5 -2 9 -4 17 -4 16 -3 17 -14 16 0 0 0 0 0 0 0 0 0 0 0 0 0 0 0 0 0 0 0 0 0 0 -9 -2 -15 3 -12 1 -22 -3 -22 -1 -18 -1 -25 -1 -25 1 -18 4 -14 3 -18 0 -15 1 -15 -1 -15 -8 -4 -5 -5 -4 7 -12 0 -23 1 -27 6 -27 -5 -33 5 -33 -8 -30 -6 -32 -11 -44 -2 -32 ]
CSI_DATA,STA,E4:D1:24:F1:41:40,-85,10,0,0,0,0,0,0,0,0,0,-97,0,13,0,45829309,0,389,0,0,46.2227,128,[-123 81 24 0 -13 1 -4 -8 -1 -6 4 -13 8 -12 3 -25 2 -24 -1 -25 5 -25 4 -23 8 -21 -2 -21 1 -20 -3 -16 1 -10 1 -13 1 -2 0 -3 -3 4 0 3 1 6 0 8 2 12 -1 16 2 5 0 0 0 0 0 0 0 0 0 0 0 0 0 0 0 0 0 0 0 0 0 0 9 2 7 9 11 10 14 15 12 14 11 17 12 19 13 13 14 14 14 8 12 9 13 7 3 4 -2 11 -4 5 -6 0 -16 2 -21 -4 -22 8 -28 2 -28 -1 -31 5 -43 9 -32 6 -38 -2 -33 8 ]
CSI_DATA,STA,E4:D1:24:F1:41:40,-86,10,0,0,0,0,0,0,0,0,0,-97,0,13,0,46341321,0,389,0,0,46.7347,128,[-123 81 24 0 -4 10 -7 4 -6 -3 -14 -3 -13 -6 -18 -7 -15 -11 -19 -1 -24 -8 -16 -8 -18 -8 -21 -7 -19 -5 -15 -3 -8 0 -4 -4 -4 -8 1 -4 2 -1 5 -4 9 -4 6 -3 10 -1 7 -4 24 -9 0 0 0 0 0 0 0 0 0 0 0 0 0 0 0 0 0 0 0 0 0 0 8 -8 10 -1 14 -4 18 0 22 -4 18 1 19 -2 21 -3 23 -1 17 -4 12 -6 9 -6 7 0 2 2 9 4 -1 8 -7 10 -10 13 -10 18 -12 21 -4 29 -8 29 -8 26 -8 26 3 28 -3 23 ]
CSI_DATA,STA,E4:D1:24:F1:41:40,-85,10,0,0,0,0,0,0,0,0,0,-97,0,13,0,46443742,0,389,0,0,46.837,128,[-123 81 24 0 -6 10 -14 -3 -7 -3 -11 -2 -9 -15 -14 -15 -12 -19 -13 -17 -19 -15 -16 -18 -16 -11 -15 -12 -16 -10 -11 -9 -12 -6 -6 -4 -2 -2 0 -4 6 -2 9 -5 15 -3 13 -5 13 1 13 2 14 -10 0 0 0 0 0 0 0 0 0 0 0 0 0 0 0 0 0 0 0 0 0 0 10 3 10 4 11 0 16 6 9 5 17 9 16 11 18 9 15 7 17 10 17 3 11 1 9 3 6 7 -6 6 -5 3 -10 8 -17 14 -14 11 -17 18 -18 17 -23 21 -20 22 -17 21 -15 24 -17 23 ]
CSI_DATA,STA,E4:D1:24:F1:41:40,-84,10,0,0,0,0,0,0,0,0,0,-97,0,13,0,46546126,0,389,0,0,46.9395,128,[-123 81 24 0 4 1 6 -4 0 7 3 9 0 18 6 16 1 20 7 22 8 22 10 22 11 19 11 18 9 14 8 16 7 7 4 10 2 -1 -1 1 -2 -1 -5 0 -10 -2 -13 -5 -17 -12 -12 -10 -4 -20 0 0 0 0 0 0 0 0 0 0 0 0 0 0 0 0 0 0 0 0 0 0 -5 -11 -11 -9 -10 -10 -14 -17 -10 -15 -15 -15 -15 -16 -11 -15 -15 -11 -12 -11 -10 -14 -4 -14 -8 -8 -3 -7 3 -10 7 -5 8 -6 14 -4 23 -6 26 -6 26 -7 29 -14 24 -13 30 -12 21 -15 19 -12 ]
CSI_DATA,STA,E4:D1:24:F1:41:40,-85,10,0,0,0,0,0,0,0,0,0,-97,0,13,0,46648529,0,389,0,0,47.0418,128,[-123 81 24 0 -4 -7 -3 -7 11 -3 10 -1 15 4 23 -4 19 2 23 -3 22 -2 23 -1 25 1 18 -2 18 -1 13 -8 15 -6 5 7 -1 0 0 -2 -7 1 -7 2 -15 -3 -14 0 -18 -5 -19 -5 -10 4 0 0 0 0 0 0 0 0 0 0 0 0 0 0 0 0 0 0 0 0 0 0 -1 9 0 11 3 13 -1 15 -2 23 1 23 -2 20 -3 24 -1 15 0 15 2 16 -2 9 -7 9 1 0 -3 -6 -8 -7 -8 -9 -10 -14 -11 -23 -13 -25 -24 -24 -21 -26 -20 -24 -21 -24 -24 -24 -18 -21 ]
CSI_DATA,STA,E4:D1:24:F1:41:40,-84,10,0,0,0,0,0,0,0,0,0,-97,0,13,0,46955737,0,389,0,0,47.3491,128,[-123 81 24 0 9 -11 8 1 4 2 -2 9 2 17 -1 17 3 20 2 24 -1 21 2 25 2 21 8 14 1 21 4 12 0 13 -3 14 -1 3 -3 2 -3 0 -6 -7 -14 -11 -6 -14 -5 -18 -6 -23 -1 -1 0 0 0 0 0 0 0 0 0 0 0 0 0 0 0 0 0 0 0 0 0 0 -9 -1 -14 -6 -20 -3 -19 -5 -21 -7 -24 -10 -18 0 -17 -9 -20 -4 -18 -10 -14 -1 -9 -5 -5 -8 -4 -7 8 -4 10 -6 9 -7 19 -7 23 -8 19 -12 31 -15 26 -12 26 -18 23 -28 26 -20 22 -20 ]
CSI_DATA,STA,E4:D1:24:F1:41:40,-85,10,0,0,0,0,0,0,0,0,0,-97,0,13,0,47058157,0,389,0,0,47.4514,128,[-123 81 24 0 -5 8 -7 2 -15 2 -18 -6 -19 -7 -22 -12 -23 -11 -30 -9 -28 -5 -26 -7 -21 2 -25 -2 -21 -2 -16 -5 -8 0 -7 3 -4 -4 -4 -7 1 -11 4 -4 8 -7 8 -11 11 -10 23 -9 27 -13 0 0 0 0 0 0 0 0 0 0 0 0 0 0 0 0 0 0 0 0 0 0 8 4 14 4 14 3 18 9 20 11 22 12 22 8 22 3 25 8 18 3 11 5 8 5 10 4 9 -2 3 6 -6 10 -11 13 -15 18 -11 16 -15 24 -13 25 -19 28 -10 21 -2 35 -7 32 -7 36 ]
CSI_DATA,STA,E4:D1:24:F1:41:40,-84,10,0,0,0,0,0,0,0,0,0,-97,0,13,0,47160542,0,389,0,0,47.5539,128,[-123 81 24 0 19 0 5 5 8 12 -3 13 -1 17 -2 25 1 24 -1 26 3 29 1 22 4 25 6 27 1 18 2 13 -2 11 -1 8 1 7 -5 1 -9 2 -6 -2 -11 -12 -10 -12 -14 -11 -16 -18 -1 -11 0 0 0 0 0 0 0 0 0 0 0 0 0 0 0 0 0 0 0 0 0 0 -5 -12 -6 -15 -1 -15 -3 -19 -7 -18 1 -20 -2 -24 -3 -23 -2 -21 -5 -20 0 -18 -3 -10 -4 -10 -1 -9 6 0 10 4 10 3 21 8 23 4 29 2 28 1 30 -1 36 -5 41 -2 32 -9 29 -6 ]
CSI_DATA,STA,E4:D1:24:F1:41:40,-86,10,0,0,0,0,0,0,0,0,0,-97,0,13,0,47365347,0,389,0,0,47.7587,128,[-123 81 24 0 -9 -5 -2 -16 2 -15 1 -13 6 -15 10 -16 12 -20 10 -21 10 -24 6 -23 4 -23 3 -22 6 -17 1 -17 1 -15 -1 -3 3 -6 8 1 5 2 5 8 8 5 6 12 9 13 5 11 5 23 0 0 0 0 0 0 0 0 0 0 0 0 0 0 0 0 0 0 0 0 0 0 -7 10 -3 8 -14 11 -12 13 -9 9 -6 17 -15 14 -12 18 -13 18 -7 16 -6 8 -3 14 -4 4 3 5 -9 -5 -8 -8 -13 -11 -14 -14 -14 -15 -22 -16 -21 -17 -23 -20 -30 -12 -27 -14 -29 -14 -20 -11 ]
CSI_DATA,STA,E4:D1:24:F1:41:40,-85,10,0,0,0,0,0,0,0,0,0,-97,0,13,0,47407420,0,64,0,0,47.8001,128,[64 0 4 0 10 1 6 5 -2 12 -3 10 -5 16 -3 21 1 24 -3 24 -2 23 2 23 -1 25 1 26 -3 18 5 10 0 12 2 4 -7 6 -4 4 -7 -1 -7 -2 -10 -6 -12 -7 -12 -13 -12 -11 -7 -1 0 0 0 0 0 0 0 0 0 0 0 0 0 0 0 0 0 0 0 0 0 0 1 -9 3 -9 3 -17 0 -20 2 -22 3 -21 1 -19 0 -20 -1 -18 0 -13 -1 -15 -3 -13 -6 -12 8 -10 3 -4 8 0 11 1 17 3 21 5 25 11 28 6 29 5 35 7 34 2 32 -2 29 3 ]
CSI_DATA,STA,E4:D1:24:F1:41:40,-85,10,0,0,0,0,0,0,0,0,0,-97,0,13,0,47774957,0,389,0,0,48.1683,128,[-123 81 24 0 -11 -11 -7 -8 0 -8 5 -8 9 -9 16 -10 12 -11 7 -14 9 -16 13 -16 4 -22 2 -18 11 -19 9 -17 11 -13 7 -6 8 1 4 -1 5 2 0 5 3 9 6 8 5 11 6 11 4 26 0 0 0 0 0 0 0 0 0 0 0 0 0 0 0 0 0 0 0 0 0 0 -6 3 -10 10 -11 7 -13 4 -11 9 -11 11 -13 10 -17 11 -12 16 -12 11 -6 14 -15 12 -11 9 -5 5 -5 3 -4 -12 -9 -8 -6 -11 -8 -14 -17 -17 -12 -20 -20 -22 -18 -24 -20 -19 -19 -19 -22 -14 ]
CSI_DATA,STA,E4:D1:24:F1:41:40,-86,10,0,0,0,0,0,0,0,0,0,-97,0,13,0,47877551,0,389,0,0,48.2709,128,[-123 81 24 0 -10 5 -9 6 -6 -6 -7 -11 -11 -11 -14 -15 -17 -10 -20 -9 -14 -12 -19 -10 -18 -5 -20 -6 -14 -7 -10 -3 -6 -3 -11 -1 -6 -7 -5 -7 -1 1 0 -3 2 -7 2 -5 14 -10 11 -8 10 -7 0 0 0 0 0 0 0 0 0 0 0 0 0 0 0 0 0 0 0 0 0 0 -1 6 -1 11 -4 10 0 11 1 15 1 18 -2 14 0 17 0 11 4 18 6 10 6 12 4 3 3 5 -3 4 -7 0 -6 -14 -1 17 -13 9 -20 8 -23 1 -22 8 -24 11 -21 14 -22 17 -21 14 ]
CSI_DATA,STA,E4:D1:24:F1:41:40,-88,10,0,0,0,0,0,0,0,0,0,-97,0,13,0,48082229,0,389,0,0,48.4755,128,[-123 81 24 0 13 -3 8 4 2 10 3 7 -2 13 1 11 -1 11 0 16 -1 24 -1 16 -4 16 6 15 2 13 5 12 -1 8 4 6 3 4 -2 7 -8 1 -8 1 -5 -3 -10 -1 -10 -7 -9 -8 -13 6 0 0 0 0 0 0 0 0 0 0 0 0 0 0 0 0 0 0 0 0 0 0 1 -7 4 -7 1 -11 -2 -8 2 -13 -1 -12 3 -16 -2 -13 4 -15 4 -16 3 -17 -1 -11 1 -10 0 -3 5 -4 7 -2 7 4 14 0 15 4 21 7 23 -1 18 4 25 3 20 2 21 4 22 0 ]
CSI_DATA,STA,E4:D1:24:F1:41:40,-86,10,0,0,0,0,0,0,0,0,0,-97,0,13,0,48184582,0,389,0,0,48.5779,128,[-123 81 24 0 9 5 -2 11 -4 3 -11 2 -9 3 -12 5 -14 9 -18 11 -20 13 -16 10 -16 8 -12 4 -15 5 -15 5 -8 2 -6 1 -10 1 -5 -1 -9 -5 -3 -4 1 -11 7 -5 4 -9 10 -12 -4 -8 0 0 0 0 0 0 0 0 0 0 0 0 0 0 0 0 0 0 0 0 0 0 1 -7 7 -5 1 -9 6 -12 6 -17 9 -13 12 -13 5 -11 9 -12 6 -12 6 -17 1 -9 5 -6 4 -7 0 -2 10 -1 2 9 6 16 9 14 15 23 17 22 14 17 17 22 17 22 13 16 21 15 ]
CSI_DATA,STA,E4:D1:24:F1:41:40,-86,10,0,0,0,0,0,0,0,0,0,-97,0,13,0,48901444,0,389,0,0,49.2949,128,[-123 81 24 0 -11 6 -2 -2 3 4 -2 -6 4 -10 5 -9 9 -19 12 -17 4 -20 3 -18 8 -20 6 -23 6 -17 4 -8 4 -9 6 -10 8 -5 2 1 2 0 5 2 2 6 -3 8 -7 12 -10 11 10 1 0 0 0 0 0 0 0 0 0 0 0 0 0 0 0 0 0 0 0 0 0 0 7 1 8 -3 13 4 9 3 15 1 18 -1 18 4 17 2 17 0 15 -3 14 4 11 3 13 4 5 1 2 3 -9 4 -8 -1 -12 6 -19 5 -21 0 -25 11 -22 9 -27 13 -28 12 -28 18 -26 13 ]
CSI_DATA,STA,E4:D1:24:F1:41:40,-88,10,0,0,0,0,0,0,0,0,0,-97,0,13,0,49003787,0,389,0,0,49.3971,128,[-123 81 24 0 2 7 -2 3 -4 -5 -2 -7 -5 -6 -8 -15 -4 -14 -9 -17 -9 -18 -10 -19 -10 -18 -13 -18 -14 -19 -8 -10 -3 -16 -1 -8 0 -4 0 -2 1 -1 -1 4 -1 7 4 6 2 9 -2 14 9 14 0 0 0 0 0 0 0 0 0 0 0 0 0 0 0 0 0 0 0 0 0 0 -2 -6 -1 -10 1 -11 -2 -15 1 -20 1 -21 6 -15 6 -19 2 -14 2 -16 5 -12 7 -8 1 -5 5 -4 8 1 4 2 -3 10 0 8 -1 18 -8 25 -2 25 0 29 -2 29 -7 29 -2 26 7 29 ]
CSI_DATA,STA,E4:D1:24:F1:41:40,-85,10,0,0,0,0,0,0,0,0,0,-97,0,13,0,49618841,0,389,0,0,50.0122,128,[-123 81 24 0 3 10 -2 0 -5 2 -14 -9 -12 -4 -14 -4 -18 -9 -16 -7 -23 -11 -19 -10 -20 -6 -20 -7 -19 -2 -8 -1 -15 -6 -11 -2 -5 -5 0 -5 1 -2 5 -3 9 -2 6 -2 9 -1 12 -2 25 -3 0 0 0 0 0 0 0 0 0 0 0 0 0 0 0 0 0 0 0 0 0 0 2 -11 6 -9 8 -18 10 -17 14 -17 10 -14 17 -17 7 -12 10 -14 5 -14 11 -9 8 -7 7 -7 5 1 1 2 0 8 2 13 1 21 0 19 1 24 1 28 7 32 3 35 9 30 11 31 5 22 ]
CSI_DATA,STA,E4:D1:24:F1:41:40,-85,10,0,0,0,0,0,0,0,0,0,-97,0,13,0,49720609,0,389,0,0,50.1139,128,[-123 81 24 0 -2 -18 -6 -6 2 -10 5 -3 19 2 22 3 15 7 22 3 24 7 23 8 29 3 26 1 15 7 10 4 15 4 12 3 11 5 3 -4 -5 0 -9 6 -10 2 -12 2 -11 -2 -10 -5 -21 8 0 0 0 0 0 0 0 0 0 0 0 0 0 0 0 0 0 0 0 0 0 0 -1 0 -3 14 -4 14 -7 13 -11 19 -12 22 -12 19 -13 18 -9 16 -12 15 -11 12 -1 15 -4 2 -8 3 -2 -2 -4 -8 -10 -2 -4 -18 1 -27 -8 -28 -5 -33 -6 -33 -14 -30 -16 -29 -11 -28 -16 -27 ]
CSI_DATA,STA,E4:D1:24:F1:41:40,-85,10,0,0,0,0,0,0,0,0,0,-97,0,13,0,49823011,0,389,0,0,50.2164,128,[-123 81 24 0 -5 -12 0 -9 6 -6 5 -2 14 -1 17 8 18 2 20 6 23 0 24 3 23 1 20 1 20 1 12 1 9 5 11 -3 7 3 6 4 0 5 -3 5 -9 -1 -9 0 -13 1 -12 -1 -12 12 0 0 0 0 0 0 0 0 0 0 0 0 0 0 0 0 0 0 0 0 0 0 -3 8 -6 11 -11 19 -8 18 -11 23 -10 18 -9 19 -11 22 -12 17 -15 15 -9 16 -5 11 -4 7 -3 9 -5 -3 -2 -5 0 -11 -4 -18 -5 -22 -9 -28 -8 -26 -13 -27 -8 -39 -18 -35 -17 -35 -13 -33 ]
CSI_DATA,STA,E4:D1:24:F1:41:40,-85,10,0,0,0,0,0,0,0,0,0,-97,0,13,0,50130219,0,389,0,0,50.5236,128,[-123 81 24 0 -18 4 -5 -1 -4 -3 8 -10 5 -16 5 -15 8 -17 3 -18 4 -20 7 -21 7 -21 11 -23 7 -12 5 -13 1 -14 -3 -8 1 -3 -1 -4 -1 3 -1 8 -1 5 -2 7 -1 9 -5 12 -19 19 0 0 0 0 0 0 0 0 0 0 0 0 0 0 0 0 0 0 0 0 0 0 5 -5 12 -1 12 1 14 3 22 5 18 2 25 3 17 9 17 3 18 3 17 2 9 2 6 6 1 2 1 7 -5 1 -12 -2 -18 2 -23 1 -21 6 -28 3 -29 8 -37 9 -24 11 -29 10 -22 13 ]
CSI_DATA,STA,E4:D1:24:F1:41:40,-85,10,0,0,0,0,0,0,0,0,0,-97,0,13,0,50232621,0,389,0,0,50.6259,128,[-123 81 24 0 -16 2 -9 -11 -6 -3 5 -4 5 -12 8 -14 14 -17 12 -15 11 -21 13 -17 10 -19 12 -16 6 -17 4 -15 3 -9 4 -9 2 -9 7 -6 -3 7 -3 6 -2 5 -5 13 -3 10 -3 9 -17 18 0 0 0 0 0 0 0 0 0 0 0 0 0 0 0 0 0 0 0 0 0 0 6 4 10 5 12 9 13 7 17 12 18 13 18 17 17 16 15 8 12 7 11 11 8 8 4 8 4 4 -4 0 -3 -2 -15 -2 -18 1 -20 -5 -25 -6 -31 -1 -32 -1 -32 3 -34 6 -36 5 -28 4 ]
CSI_DATA,STA,E4:D1:24:F1:41:40,-86,10,0,0,0,0,0,0,0,0,0,-97,0,13,0,50605669,0,64,0,0,50.9988,128,[64 0 4 0 6 10 1 4 -6 7 -9 9 -13 11 -17 9 -15 6 -21 11 -19 6 -20 10 -9 17 -14 10 -15 8 -13 13 -9 5 -6 5 -5 -1 -1 -3 -4 -4 3 -5 1 -8 9 -10 6 -11 5 -10 -3 -6 0 0 0 0 0 0 0 0 0 0 0 0 0 0 0 0 0 0 0 0 0 0 -4 -11 -1 -9 3 -17 -1 -13 5 -20 6 -22 3 -22 8 -15 1 -22 6 -16 0 -12 2 -7 3 -7 4 -2 8 -3 3 4 11 8 11 10 11 16 18 21 20 19 21 18 22 20 22 18 17 16 18 12 ]
CSI_DATA,STA,E4:D1:24:F1:41:40,-85,10,0,0,0,0,0,0,0,0,0,-97,0,13,0,50949439,0,389,0,0,51.3427,128,[-123 81 24 0 13 1 11 -3 0 5 9 10 -5 16 0 13 4 22 3 21 5 17 -3 20 10 14 4 16 1 17 7 10 0 12 6 8 2 6 -4 1 -3 -4 -8 -2 -12 -7 -9 -4 -6 -5 -7 -6 -24 -8 0 0 0 0 0 0 0 0 0 0 0 0 0 0 0 0 0 0 0 0 0 0 1 -5 1 -9 -2 -18 -7 -16 -4 -19 -3 -20 -3 -18 -6 -16 -13 -18 -7 -16 -7 -15 -6 -14 -1 -9 1 -7 3 -3 5 -4 11 -4 19 5 17 5 22 -3 25 2 26 -2 32 -2 26 -2 15 -2 26 -3 ]
CSI_DATA,STA,E4:D1:24:F1:41:40,-86,10,0,0,0,0,0,0,0,0,0,-97,0,13,0,51256647,0,389,0,0,51.65,128,[-123 81 24 0 -8 6 -12 1 -13 -5 -7 -3 -8 -18 -7 -15 -14 -15 -9 -23 -10 -20 -14 -15 -14 -17 -10 -10 -11 -11 -13 -7 -7 -8 -2 -2 -4 -5 3 -4 3 -3 7 1 6 0 10 1 7 -2 11 3 10 -3 0 0 0 0 0 0 0 0 0 0 0 0 0 0 0 0 0 0 0 0 0 0 11 3 9 5 11 14 14 6 16 11 15 11 15 12 14 8 13 8 12 6 7 7 6 5 3 0 4 2 1 7 -3 8 -7 5 -19 2 -21 6 -21 12 -18 14 -25 19 -18 21 -21 16 -16 17 -19 18 ]
CSI_DATA,STA,E4:D1:24:F1:41:40,-87,10,0,0,0,0,0,0,0,0,0,-97,0,13,0,51666257,0,389,0,0,52.0596,128,[-123 81 24 0 5 9 3 8 0 9 -2 11 -1 16 -4 20 -2 23 0 19 5 22 1 18 8 17 7 11 6 13 7 12 2 10 1 7 -1 9 -3 4 1 0 -10 5 -10 3 -16 1 -15 0 -15 6 -21 -11 0 0 0 0 0 0 0 0 0 0 0 0 0 0 0 0 0 0 0 0 0 0 7 -1 12 -7 10 -3 12 -3 13 -9 17 -8 17 -8 15 -10 11 -11 9 -8 11 -9 6 -11 7 -4 7 -1 8 0 9 10 5 12 8 13 16 12 14 19 19 12 21 18 19 11 29 11 21 8 26 8 ]
CSI_DATA,STA,E4:D1:24:F1:41:40,-86,10,0,0,0,0,0,0,0,0,0,-97,0,13,0,51688876,0,64,0,0,52.0887,128,[64 0 4 0 -11 4 -12 4 -10 -8 -8 -11 -11 -14 -14 -12 -20 -9 -19 -4 -19 -11 -18 -10 -21 -8 -16 1 -17 -3 -11 6 -10 -3 -6 -2 -6 -4 -4 -2 -3 -10 0 -8 6 -11 2 -7 1 -12 3 -15 16 -18 0 0 0 0 0 0 0 0 0 0 0 0 0 0 0 0 0 0 0 0 0 0 -7 7 -5 10 -7 8 -2 12 -5 18 -10 16 -4 15 -2 15 -3 17 -7 8 -4 8 -5 16 -4 12 -7 4 -11 4 -12 1 -15 -2 -22 -2 -22 0 -26 0 -28 6 -30 8 -27 10 -28 18 -21 14 -25 7 ]
CSI_DATA,STA,E4:D1:24:F1:41:40,-86,10,0,0,0,0,0,0,0,0,0,-97,0,13,0,51871062,0,389,0,0,52.2645,128,[-123 81 24 0 7 -14 9 -7 9 -5 13 0 15 1 17 4 17 6 19 3 22 0 28 0 26 -3 16 0 16 -1 12 -5 13 -3 11 2 6 -2 2 8 -1 6 -4 4 -8 7 -6 9 -14 9 -9 8 -3 3 0 0 0 0 0 0 0 0 0 0 0 0 0 0 0 0 0 0 0 0 0 0 -10 -7 -12 -7 -15 -9 -11 -12 -13 -17 -19 -13 -18 -15 -16 -11 -16 -10 -17 -6 -2 5 -8 -9 -9 -8 -2 -12 -6 -9 -1 -17 5 -11 12 -13 15 -19 14 -25 13 -27 15 -30 16 -28 15 -35 12 -23 16 -29 ]
CSI_DATA,STA,E4:D1:24:F1:41:40,-85,10,0,0,0,0,0,0,0,0,0,-97,0,13,0,51973464,0,389,0,0,52.3668,128,[-123 81 24 0 -10 14 -9 4 -3 1 -12 -3 -15 -3 -17 -9 -16 -7 -26 -1 -31 -2 -21 2 -22 0 -20 1 -18 -4 -23 4 -13 3 -5 -3 -11 1 -3 -2 -3 -7 2 -8 1 -8 8 -11 3 -13 12 -10 20 -19 0 0 0 0 0 0 0 0 0 0 0 0 0 0 0 0 0 0 0 0 0 0 7 3 11 3 14 7 17 6 18 8 20 8 18 9 18 9 17 6 15 10 16 11 11 0 8 4 5 5 3 7 0 4 -5 12 -15 13 -9 13 -7 25 -10 23 -12 28 -13 32 -6 32 -7 32 -6 25 ]
CSI_DATA,STA,E4:D1:24:F1:41:40,-85,10,0,0,0,0,0,0,0,0,0,-97,0,13,0,52075897,0,389,0,0,52.4692,128,[-123 81 24 0 8 -9 3 2 0 5 10 7 5 11 6 17 9 17 9 22 7 20 11 29 11 20 7 15 7 13 7 14 11 11 3 10 -6 6 -1 4 -5 -2 -5 -4 -13 -7 -11 -5 -13 -9 -14 -12 -1 -10 0 0 0 0 0 0 0 0 0 0 0 0 0 0 0 0 0 0 0 0 0 0 -5 0 -13 -7 -15 -10 -19 -15 -16 -14 -23 -10 -20 -16 -18 -17 -20 -13 -19 -12 -14 -7 -17 -7 -6 -13 -2 -3 4 -4 2 -2 11 -1 18 -14 23 -8 23 -10 27 -17 26 -15 32 -20 28 -20 24 -21 22 -25 ]
CSI_DATA,STA,E4:D1:24:F1:41:40,-85,10,0,0,0,0,0,0,0,0,0,-97,0,13,0,52178273,0,389,0,0,52.5715,128,[-123 81 24 0 16 -3 3 -2 4 5 -3 5 1 15 0 19 -10 16 1 18 -2 22 -1 20 -3 26 -2 21 5 24 14 16 -2 7 -13 19 0 6 -14 -4 -13 4 -6 -5 -4 -8 -2 -10 -9 -16 -2 -17 -1 -1 0 0 0 0 0 0 0 0 0 0 0 0 0 0 0 0 0 0 0 0 0 0 -8 -4 -12 -6 -15 -8 -14 -11 -19 -14 -14 -13 -13 -9 -18 -9 -19 -11 -11 -11 -17 -9 -9 -10 -10 -5 -7 -13 3 -3 5 -2 10 -4 20 -6 17 -7 24 -3 28 -6 30 -7 32 -8 29 -7 29 -13 28 -11 ]
CSI_DATA,STA,E4:D1:24:F1:41:40,-85,10,0,0,0,0,0,0,0,0,0,-97,0,13,0,52280672,0,389,0,0,52.674,128,[-123 81 24 0 6 -3 4 0 4 3 -1 10 1 14 -3 12 2 19 -1 19 0 20 2 24 3 22 -2 16 3 17 0 13 3 12 -4 11 0 4 -3 2 -6 -3 -10 -8 -4 -8 -1 -8 -5 -12 -2 -14 -5 -1 0 0 0 0 0 0 0 0 0 0 0 0 0 0 0 0 0 0 0 0 0 0 -5 -9 -8 -9 -11 -9 -15 -11 -17 -16 -12 -14 -13 -20 -12 -11 -17 -20 -13 -7 -9 -13 -8 -12 -6 -7 -3 -2 -1 -7 6 -5 8 -4 17 3 19 -5 20 -4 29 -2 27 -6 28 -11 30 -7 25 -12 31 -12 ]
CSI_DATA,STA,E4:D1:24:F1:41:40,-86,10,0,0,0,0,0,0,0,0,0,-97,0,13,0,52383074,0,389,0,0,52.7764,128,[-123 81 24 0 -4 12 -2 9 -7 -1 -9 -3 -7 -6 -9 -13 -19 -14 -18 -6 -18 -8 -22 -8 -19 -15 -19 -9 -16 -10 -17 -6 -9 -2 -11 -6 -2 -5 -3 -5 1 0 2 -6 5 1 9 -1 11 -2 15 -5 12 11 0 0 0 0 0 0 0 0 0 0 0 0 0 0 0 0 0 0 0 0 0 0 8 -1 10 2 12 8 14 7 16 8 16 4 18 2 22 5 21 4 13 3 19 4 9 2 8 -1 1 6 1 3 -6 8 -7 13 -10 9 -9 18 -17 15 -21 17 -18 22 -16 31 -19 28 -15 25 -9 23 ]
CSI_DATA,STA,E4:D1:24:F1:41:40,-87,10,0,0,0,0,0,0,0,0,0,-97,0,13,0,52598022,0,389,0,0,52.9913,128,[-123 81 24 0 -9 4 -3 -3 -4 1 2 0 5 -7 12 -9 6 -15 14 -17 3 -16 11 -20 10 -20 4 -19 9 -17 9 -20 5 -16 1 -8 2 -11 3 2 -4 -1 0 -1 2 5 -8 10 -1 9 -4 11 -14 6 0 0 0 0 0 0 0 0 0 0 0 0 0 0 0 0 0 0 0 0 0 0 4 -1 10 1 14 5 10 6 13 5 14 7 18 10 13 2 16 9 12 10 15 -1 10 5 5 4 8 4 3 3 -3 4 -9 0 -15 3 -19 1 -21 4 -21 3 -22 5 -26 6 -26 11 -31 10 -21 8 ]
CSI_DATA,STA,E4:D1:24:F1:41:40,-85,10,0,0,0,0,0,0,0,0,0,-97,0,13,0,52690282,0,389,0,0,53.0836,128,[-123 81 24 0 13 -2 10 -6 6 1 -5 4 1 6 -4 7 -12 16 -13 14 -11 15 -9 19 -14 18 -5 19 -10 12 -15 9 -10 12 -8 12 -10 3 -4 7 -4 1 2 -2 0 -12 5 -11 7 -8 9 -10 -1 -7 0 0 0 0 0 0 0 0 0 0 0 0 0 0 0 0 0 0 0 0 0 0 -5 -6 -10 -3 -7 -11 -7 -11 -9 -11 -16 -12 -13 -12 -12 -13 -9 -14 -13 -12 -11 -10 -8 -6 -12 0 -3 1 0 -7 -5 -5 8 -4 14 2 15 0 17 2 31 4 27 3 32 0 28 -2 19 -3 25 4 ]
CSI_DATA,STA,E4:D1:24:F1:41:40,-88,10,0,0,0,0,0,0,0,0,0,-97,0,13,0,52895087,0,389,0,0,53.2885,128,[-123 81 24 0 -2 5 -3 8 -3 5 -2 -4 -14 -7 -14 -16 -9 -6 -6 -11 -15 -12 -14 -11 -13 -11 -6 -9 -11 -8 -8 -10 -9 -11 -11 -8 -3 -1 -4 -3 1 -1 9 -6 11 0 7 5 10 10 4 9 -1 -3 0 0 0 0 0 0 0 0 0 0 0 0 0 0 0 0 0 0 0 0 0 0 3 -5 8 -7 8 -10 10 -9 9 -11 14 -12 16 -9 12 -10 9 -14 11 -11 5 -10 5 -9 2 -7 5 -4 1 -2 -6 6 -3 11 -8 14 -2 17 -2 24 2 18 -7 23 -5 24 -7 26 1 21 -1 21 ]
CSI_DATA,STA,E4:D1:24:F1:41:40,-86,10,0,0,0,0,0,0,0,0,0,-97,0,13,0,53202294,0,389,0,0,53.5957,128,[-123 81 24 0 0 -7 0 -5 10 -2 11 3 13 8 15 2 15 7 10 4 19 6 16 3 11 0 17 -3 10 -5 6 3 8 -5 1 1 3 -1 0 8 -1 5 -2 6 -7 7 -4 10 -5 6 -6 7 -21 11 0 0 0 0 0 0 0 0 0 0 0 0 0 0 0 0 0 0 0 0 0 0 -3 -3 -9 -8 -12 -6 -15 -8 -15 -17 -8 -8 -15 -8 -15 -9 -21 -15 -14 -8 -12 -7 -10 -5 -3 -8 -10 -3 1 -8 0 -9 5 -7 9 -10 11 -13 9 -15 12 -15 11 -20 12 -20 15 -24 12 -27 8 -21 ]
CSI_DATA,STA,E4:D1:24:F1:41:40,-86,10,0,0,0,0,0,0,0,0,0,-97,0,13,0,53304696,0,389,0,0,53.698,128,[-123 81 24 0 -11 -1 -5 -10 -5 -4 -9 -8 0 -17 2 -17 -6 -16 0 -22 -10 -21 -1 -16 -9 -14 -18 -15 -12 -12 -2 -10 -5 -10 -10 -10 -6 -5 4 -2 7 -3 6 -3 5 -2 11 -3 15 1 17 4 2 -1 0 0 0 0 0 0 0 0 0 0 0 0 0 0 0 0 0 0 0 0 0 0 1 7 -2 9 -4 12 -6 11 0 15 -6 20 -1 17 -3 17 -5 20 -3 14 -2 11 -4 9 -2 12 -5 9 -7 2 -7 4 -7 -3 -17 -5 -15 1 -26 -4 -29 -4 -34 2 -28 1 -31 -1 -28 0 -25 1 ]
CSI_DATA,STA,E4:D1:24:F1:41:40,-87,10,0,0,0,0,0,0,0,0,0,-97,0,13,0,53509501,0,389,0,0,53.9028,128,[-123 81 24 0 -11 -2 -1 -2 -2 -8 -4 -7 2 -16 -3 -17 -4 -15 -6 -24 -6 -21 0 -19 -9 -18 -5 -17 -11 -14 -8 -15 -2 -8 -5 -9 -1 -2 1 -5 4 3 4 2 9 -3 14 -1 14 8 10 6 11 -5 0 0 0 0 0 0 0 0 0 0 0 0 0 0 0 0 0 0 0 0 0 0 3 6 1 12 -6 12 -7 13 -3 14 2 10 1 18 -4 18 -5 19 0 15 -3 15 -1 11 -2 7 -7 5 -9 6 -16 1 -10 -1 -20 -9 -19 -5 -18 -8 -26 -3 -30 -4 -26 -2 -26 -1 -23 2 -24 3 ]
CSI_DATA,STA,E4:D1:24:F1:41:40,-86,10,0,0,0,0,0,0,0,0,0,-97,0,13,0,53805701,0,64,0,0,54.1989,128,[64 0 4 0 -15 4 -6 -5 -9 -3 -8 -12 -12 -5 -13 -13 -15 -13 -19 -12 -16 -15 -20 -11 -18 -5 -19 -6 -21 -4 -14 -6 -14 -5 -3 -9 -7 -8 0 -9 3 -1 4 -7 8 -10 7 -14 4 -8 6 -8 18 -19 0 0 0 0 0 0 0 0 0 0 0 0 0 0 0 0 0 0 0 0 0 0 -3 8 -3 10 -12 10 -6 14 -8 15 -8 12 -10 17 -8 21 -2 17 -2 15 -5 16 -1 19 -6 8 -5 9 -12 4 -13 -1 -16 0 -17 -5 -21 3 -26 10 -26 6 -24 8 -30 8 -25 18 -25 12 -24 6 ]
CSI_DATA,STA,E4:D1:24:F1:41:40,-84,10,0,0,0,0,0,0,0,0,0,-97,0,13,0,54021514,0,389,0,0,54.4147,128,[-123 81 24 0 -5 -17 -3 -8 6 -12 7 -6 11 -15 19 -8 20 -15 16 -19 15 -13 12 -22 12 -20 9 -20 3 -18 4 -14 6 -7 2 -8 3 -6 6 7 6 8 5 7 6 12 5 9 3 11 5 14 13 17 0 0 0 0 0 0 0 0 0 0 0 0 0 0 0 0 0 0 0 0 0 0 -6 8 -11 7 -15 7 -16 8 -12 17 -10 9 -13 14 -18 14 -14 9 -15 11 -13 12 -11 5 -8 11 -9 -2 -8 -3 -5 -8 -7 -14 -10 -15 -18 -20 -13 -25 -16 -31 -17 -28 -29 -20 -23 -28 -22 -23 -22 -27 ]
CSI_DATA,STA,E4:D1:24:F1:41:40,-84,10,0,0,0,0,0,0,0,0,0,-97,0,13,0,54226318,0,389,0,0,54.6196,128,[-123 81 24 0 -8 -12 -2 -9 8 -9 16 -8 16 -6 15 -8 25 -9 24 -12 23 -6 25 -10 23 -11 21 -14 10 -6 9 -6 5 -6 14 0 -1 3 6 5 -5 1 -8 3 -11 7 -12 9 -13 10 -15 7 -12 20 0 0 0 0 0 0 0 0 0 0 0 0 0 0 0 0 0 0 0 0 0 0 0 8 0 11 0 16 1 15 5 23 -1 23 -1 18 -5 23 -2 19 -1 16 -3 13 -3 10 -7 5 -1 -2 -6 1 -6 -2 -11 -11 -9 -11 -12 -21 -24 -21 -20 -19 -30 -26 -28 -25 -24 -21 -28 -30 -23 -17 ]
CSI_DATA,STA,E4:D1:24:F1:41:40,-85,10,0,0,0,0,0,0,0,0,0,-97,0,13,0,54328720,0,389,0,0,54.7219,128,[-123 81 24 0 0 -14 4 -5 8 3 11 1 17 8 18 6 17 5 21 6 23 9 21 8 22 5 20 -1 18 2 17 5 6 4 4 0 0 0 -1 5 -3 11 -10 7 -10 3 -8 7 -14 5 -17 0 -17 9 0 0 0 0 0 0 0 0 0 0 0 0 0 0 0 0 0 0 0 0 0 0 -7 0 -12 4 -18 0 -18 4 -28 4 -21 4 -28 5 -22 6 -21 8 -18 -1 -13 4 -15 4 -10 -1 -4 2 -8 -8 1 -6 -2 -15 8 -16 2 -23 5 -27 4 -31 7 -33 8 -30 8 -34 -2 -29 -3 -20 ]
CSI_DATA,STA,E4:D1:24:F1:41:40,-85,10,0,0,0,0,0,0,0,0,0,-97,0,13,0,54431123,0,389,0,0,54.8243,128,[-123 81 24 0 -9 1 -4 -2 -12 -8 -8 -14 -10 -15 -11 -15 -19 -19 -17 -18 -17 -15 -17 -11 -18 -11 -17 -10 -16 -12 -15 -12 -7 -6 -8 -6 0 -9 4 -4 4 -5 7 -1 9 -2 10 -1 12 -7 15 -7 21 5 0 0 0 0 0 0 0 0 0 0 0 0 0 0 0 0 0 0 0 0 0 0 4 6 6 7 5 15 7 12 9 15 10 15 11 17 9 13 6 23 14 12 9 12 4 8 5 8 2 -1 -5 6 -7 3 -16 9 -21 2 -22 10 -23 14 -26 13 -26 18 -26 19 -22 24 -22 19 -21 19 ]
CSI_DATA,STA,E4:D1:24:F1:41:40,-85,10,0,0,0,0,0,0,0,0,0,-97,0,13,0,54635928,0,389,0,0,55.0293,128,[-123 81 24 0 -10 -4 -7 -8 0 -8 0 -17 11 -16 7 -17 13 -22 6 -20 9 -26 5 -29 -1 -27 -2 -20 -1 -16 2 -18 -1 -11 2 -8 2 -1 1 -4 6 6 4 5 1 9 7 9 9 12 4 12 4 27 0 0 0 0 0 0 0 0 0 0 0 0 0 0 0 0 0 0 0 0 0 0 -1 9 -5 10 -1 14 -4 16 -3 18 -4 22 -3 22 -5 15 0 17 -7 14 0 10 0 12 0 3 -5 -1 -5 -1 -13 -2 -13 -10 -12 -11 -25 -9 -18 -18 -28 -15 -37 -17 -34 -10 -33 -14 -26 0 -21 -11 ]
CSI_DATA,STA,E4:D1:24:F1:41:40,-86,10,0,0,0,0,0,0,0,0,0,-97,0,13,0,54738330,0,389,0,0,55.1316,128,[-123 81 24 0 3 -4 3 -1 12 8 11 8 24 10 21 11 18 6 16 11 19 9 25 10 23 13 21 11 13 6 15 4 9 1 5 3 -1 2 0 4 -8 3 -8 -6 -9 -2 -15 -1 -13 -2 -13 -6 -24 -9 0 0 0 0 0 0 0 0 0 0 0 0 0 0 0 0 0 0 0 0 0 0 -6 10 -8 7 -7 16 -14 5 -17 11 -22 11 -21 13 -13 16 -20 14 -15 9 -18 5 -8 8 -7 3 -8 -7 -2 -8 3 -6 4 -18 -2 -23 -2 -29 1 -30 4 -30 -3 -31 4 -37 -3 -41 -4 -32 -4 -28 ]
CSI_DATA,STA,E4:D1:24:F1:41:40,-86,10,0,0,0,0,0,0,0,0,0,-97,0,13,0,54840733,0,389,0,0,55.2341,128,[-123 81 24 0 0 -8 6 2 6 10 1 13 6 13 10 19 16 21 16 23 13 24 17 12 17 14 10 16 5 14 9 9 4 9 3 5 5 0 -2 1 -4 1 -10 -6 -8 -6 -5 -11 -13 -10 -8 -9 -19 -14 0 0 0 0 0 0 0 0 0 0 0 0 0 0 0 0 0 0 0 0 0 0 -8 5 -13 6 -14 2 -19 5 -20 3 -20 7 -22 0 -21 4 -20 4 -22 5 -15 6 -15 1 -13 1 -4 -3 -6 -7 0 -8 8 -10 10 -22 11 -20 14 -22 10 -21 13 -28 20 -28 13 -28 11 -29 12 -28 ]
CSI_DATA,STA,E4:D1:24:F1:41:40,-85,10,0,0,0,0,0,0,0,0,0,-97,0,13,0,55045538,0,389,0,0,55.4389,128,[-123 81 24 0 5 8 5 7 -7 7 -15 14 -13 11 -18 9 -18 12 -20 12 -19 10 -21 21 -15 15 -12 17 -12 16 -14 8 -6 7 -5 -4 -4 -2 -1 -4 0 -10 2 -9 -1 -12 -1 -11 3 -12 3 -9 -5 -24 0 0 0 0 0 0 0 0 0 0 0 0 0 0 0 0 0 0 0 0 0 0 -1 -15 4 -14 4 -12 6 -17 8 -17 10 -18 8 -20 11 -19 10 -21 8 -16 4 -15 6 -15 4 -9 8 -4 5 1 10 4 9 7 10 10 12 15 13 14 17 23 26 23 23 21 25 21 27 16 27 19 ]
CSI_DATA,STA,E4:D1:24:F1:41:40,-85,10,0,0,0,0,0,0,0,0,0,-97,0,13,0,55250343,0,389,0,0,55.6437,128,[-123 81 24 0 -7 -11 -4 -6 8 -9 9 -12 12 -14 17 -18 15 -20 13 -21 14 -21 13 -26 5 -22 7 -16 15 -25 5 -14 4 -12 6 -6 1 -1 0 -1 5 6 0 10 6 11 4 13 1 12 3 12 -5 9 0 0 0 0 0 0 0 0 0 0 0 0 0 0 0 0 0 0 0 0 0 0 -2 12 -7 16 -6 15 -10 20 -10 20 -8 20 -9 20 -11 21 -7 20 -10 15 -1 8 -7 9 -1 5 -8 5 -10 -1 -10 -6 -13 -11 -15 -14 -15 -17 -15 -18 -23 -19 -25 -19 -28 -20 -26 -10 -34 -14 -27 -10 ]
CSI_DATA,STA,E4:D1:24:F1:41:40,-85,10,0,0,0,0,0,0,0,0,0,-97,0,13,0,55455148,0,389,0,0,55.8485,128,[-123 81 24 0 -11 -6 0 -8 3 -5 9 -11 9 -10 16 -17 10 -18 15 -20 10 -20 11 -23 9 -18 8 -23 9 -13 4 -12 6 -11 2 -4 2 -1 2 5 3 2 1 3 3 10 1 13 -2 9 -8 14 1 2 0 0 0 0 0 0 0 0 0 0 0 0 0 0 0 0 0 0 0 0 0 0 1 9 1 14 -1 18 -1 18 0 23 -2 19 0 16 4 21 -2 19 0 17 4 12 -1 13 -6 5 -4 1 -7 3 -13 -8 -7 -12 -15 -12 -19 -17 -23 -15 -24 -18 -34 -15 -36 -17 -28 -14 -28 -9 -28 -10 ]
CSI_DATA,STA,E4:D1:24:F1:41:40,-85,10,0,0,0,0,0,0,0,0,0,-97,0,13,0,55557551,0,389,0,0,55.9509,128,[-123 81 24 0 10 5 6 0 -6 16 -8 14 -10 17 -8 24 -12 21 -8 20 -5 23 -8 24 -9 21 -3 18 -5 19 -1 13 -2 12 -3 10 -5 3 -5 1 -5 -3 -5 -7 -5 -8 -7 -9 -6 -19 -16 -13 -4 -21 0 0 0 0 0 0 0 0 0 0 0 0 0 0 0 0 0 0 0 0 0 0 -5 -10 2 -14 4 -14 7 -19 6 -22 7 -20 9 -23 6 -28 8 -27 4 -20 0 -19 5 -16 5 -9 4 -2 4 -1 8 7 12 9 17 11 18 19 22 11 27 15 32 15 29 16 33 8 29 11 33 9 ]
CSI_DATA,STA,E4:D1:24:F1:41:40,-85,10,0,0,0,0,0,0,0,0,0,-97,0,13,0,55659953,0,389,0,0,56.0533,128,[-123 81 24 0 -14 0 -5 -1 -2 -10 5 -18 5 -18 6 -22 4 -22 5 -25 8 -26 2 -27 3 -20 0 -14 0 -15 4 -14 4 -14 0 -6 2 -5 6 2 4 -1 7 8 6 15 1 14 3 12 0 18 8 13 0 0 0 0 0 0 0 0 0 0 0 0 0 0 0 0 0 0 0 0 0 0 6 7 7 6 7 11 10 15 14 19 11 14 11 17 14 14 9 13 13 18 10 10 10 6 3 4 -2 8 -1 0 -12 0 -15 2 -22 1 -20 2 -27 -1 -33 2 -37 2 -34 1 -32 8 -30 3 -23 1 ]
CSI_DATA,STA,E4:D1:24:F1:41:40,-86,10,0,0,0,0,0,0,0,0,0,-97,0,13,0,55762356,0,389,0,0,56.1557,128,[-123 81 24 0 12 -4 11 10 -1 5 0 12 6 18 8 14 15 23 8 21 14 20 15 26 18 19 13 18 10 12 9 9 9 8 8 9 5 5 -3 8 -3 3 -7 9 -12 9 -8 0 -18 11 -15 10 -15 -11 0 0 0 0 0 0 0 0 0 0 0 0 0 0 0 0 0 0 0 0 0 0 2 -9 2 -11 4 -15 8 -12 9 -16 8 -18 7 -22 6 -20 1 -21 3 -20 2 -15 -2 -13 2 -12 2 -10 6 -3 10 0 12 -1 19 2 21 9 21 3 29 3 24 -3 29 -1 30 -3 30 -5 26 -7 ]
CSI_DATA,STA,E4:D1:24:F1:41:40,-85,10,0,0,0,0,0,0,0,0,0,-97,0,13,0,56069563,0,389,0,0,56.4629,128,[-123 81 24 0 3 -13 9 -7 12 2 10 3 16 7 23 10 24 5 25 5 22 10 27 5 21 3 15 6 18 2 12 1 7 5 9 0 7 4 -2 3 -2 2 -4 6 -9 8 -7 7 -12 8 -13 5 -8 12 0 0 0 0 0 0 0 0 0 0 0 0 0 0 0 0 0 0 0 0 0 0 -9 -2 -14 -7 -13 -8 -17 -8 -16 -12 -18 -10 -23 -5 -16 -10 -19 -8 -14 -8 -17 -6 -8 -4 -8 -5 -8 -11 -1 -11 2 -10 7 -7 11 -14 11 -19 10 -22 16 -25 16 -28 9 -34 9 -32 11 -31 10 -26 ]
CSI_DATA,STA,E4:D1:24:F1:41:40,-87,10,0,0,0,0,0,0,0,0,0,-97,0,13,0,56171966,0,389,0,0,56.5653,128,[-123 81 24 0 19 0 11 3 5 9 4 13 11 19 8 19 6 17 10 19 12 22 11 17 15 15 12 14 11 13 8 7 6 6 4 7 0 1 -3 1 -1 3 -9 3 -10 7 -15 6 -15 1 -19 5 -5 -3 0 0 0 0 0 0 0 0 0 0 0 0 0 0 0 0 0 0 0 0 0 0 3 -9 4 -13 8 -12 6 -13 7 -14 8 -19 6 -24 7 -19 4 -22 4 -18 2 -12 1 -12 8 -8 0 -8 7 -7 13 3 11 -2 11 6 16 5 17 6 21 3 28 3 26 3 33 -2 26 -2 24 -2 ]
CSI_DATA,STA,E4:D1:24:F1:41:40,-86,10,0,0,0,0,0,0,0,0,0,-97,0,13,0,56274368,0,389,0,0,56.6677,128,[-123 81 24 0 -6 8 -8 3 -10 6 -12 -4 -11 -2 -20 7 -28 -4 -18 5 -19 2 -19 10 -22 5 -19 4 -12 3 -7 13 -7 5 -5 3 -5 2 -2 -3 -6 -8 3 -11 -2 -10 -6 -14 -3 -17 -4 -16 11 -19 0 0 0 0 0 0 0 0 0 0 0 0 0 0 0 0 0 0 0 0 0 0 8 8 6 10 5 9 8 13 8 11 6 16 11 16 9 15 12 13 14 18 6 10 8 13 5 7 0 9 1 10 -7 11 -12 9 -12 8 -12 16 -12 19 -15 25 -9 28 -10 24 -7 30 -6 24 1 18 ]
CSI_DATA,STA,E4:D1:24:F1:41:40,-89,10,0,0,0,0,0,0,0,0,0,-97,0,13,0,56786381,0,389,0,0,57.1797,128,[-123 81 24 0 10 -5 1 -1 8 6 4 6 -1 15 6 16 4 11 14 14 6 16 12 16 8 17 9 11 9 13 3 8 4 3 2 1 1 3 -3 3 -3 2 -6 -3 -2 -5 -10 -5 -10 -8 -1 -6 -20 -13 0 0 0 0 0 0 0 0 0 0 0 0 0 0 0 0 0 0 0 0 0 0 -9 -1 -10 -3 -9 -3 -10 -5 -16 -8 -17 -9 -16 -5 -12 -4 -15 -5 -11 -10 -9 5 -4 1 -9 -10 4 -6 -3 -5 3 -3 4 -4 13 -12 12 -11 17 -14 20 -13 16 -19 19 -20 19 -17 15 -14 14 -14 ]
CSI_DATA,STA,E4:D1:24:F1:41:40,-86,10,0,0,0,0,0,0,0,0,0,-97,0,13,0,56888983,0,389,0,0,57.2823,128,[-123 81 24 0 6 -8 6 0 4 4 3 14 5 12 -2 14 -5 18 2 15 3 17 0 22 6 14 3 14 5 12 6 15 0 7 3 5 -1 -1 -5 -3 -6 -3 -6 -1 -8 -6 -5 -7 -8 -8 -2 -9 -17 -4 0 0 0 0 0 0 0 0 0 0 0 0 0 0 0 0 0 0 0 0 0 0 -3 -4 -3 -9 -8 -9 -14 -7 -10 -11 -6 -10 -13 -16 -11 -17 -9 -11 -9 -10 -7 -5 -5 -13 -9 -4 -2 -6 5 -4 8 -3 11 -4 19 -1 14 -3 20 -10 21 -6 20 -8 21 -7 20 -9 21 -11 21 -7 ]
CSI_DATA,STA,E4:D1:24:F1:41:40,-87,10,0,0,0,0,0,0,0,0,0,-97,0,13,0,56991186,0,389,0,0,57.3845,128,[-123 81 24 0 -4 9 -1 3 -5 -6 -10 0 -6 -8 -13 -8 -14 -1 -15 -9 -18 -5 -18 -9 -18 -7 -11 -8 -12 -5 -14 -10 -11 -8 -6 -5 -4 0 1 -3 0 4 4 -1 -1 3 7 4 4 6 5 7 18 0 0 0 0 0 0 0 0 0 0 0 0 0 0 0 0 0 0 0 0 0 0 0 -2 -3 -6 -10 -5 -11 -5 -12 -5 -15 -1 -17 -3 -15 -1 -22 -2 -14 -1 -15 3 -11 1 -17 1 -9 1 -3 4 1 7 -1 5 7 5 11 5 11 11 17 12 22 8 14 10 23 11 25 15 22 16 20 ]
CSI_DATA,STA,E4:D1:24:F1:41:40,-85,10,0,0,0,0,0,0,0,0,0,-97,0,13,0,57298393,0,389,0,0,57.6917,128,[-123 81 24 0 -11 -1 -1 -8 5 -2 10 -6 8 -11 9 -6 14 -14 14 -12 11 -18 10 -15 12 -19 14 -15 9 -15 3 -16 8 -13 4 -9 7 -5 4 -3 5 1 -1 2 0 12 -7 9 1 10 -5 8 -5 8 0 0 0 0 0 0 0 0 0 0 0 0 0 0 0 0 0 0 0 0 0 0 1 5 2 8 0 11 2 15 -3 20 2 17 0 19 -1 20 3 14 2 14 3 14 -4 12 -1 6 -2 3 -3 3 -2 -1 -7 -9 -13 -10 -19 -11 -15 -9 -25 -14 -25 -18 -24 -10 -25 -6 -25 -11 -23 -10 ]
CSI_DATA,STA,E4:D1:24:F1:41:40,-85,10,0,0,0,0,0,0,0,0,0,-97,0,13,0,57400795,0,389,0,0,57.794,128,[-123 81 24 0 2 5 1 3 -10 2 -6 8 -9 2 -22 3 -21 4 -19 6 -23 4 -21 10 -21 7 -18 9 -17 4 -12 4 -13 2 -8 2 -4 -1 -3 -7 -2 -1 4 1 6 -6 9 -6 11 -5 9 -8 23 -6 0 0 0 0 0 0 0 0 0 0 0 0 0 0 0 0 0 0 0 0 0 0 -4 -4 -4 -9 -7 -12 -2 -13 -3 -17 -3 -18 -3 -21 -4 -24 -6 -20 -5 -12 -3 -12 -2 -9 -8 -17 2 -2 0 -1 11 3 6 6 13 9 15 11 19 17 24 19 25 19 29 13 27 17 26 14 20 12 ]
CSI_DATA,STA,E4:D1:24:F1:41:40,-86,10,0,0,0,0,0,0,0,0,0,-97,0,13,0,57503198,0,389,0,0,57.8965,128,[-123 81 24 0 -9 -6 -2 3 2 -4 9 0 15 -2 17 -3 18 -5 23 -6 28 -7 18 -8 21 -4 20 -4 24 -5 14 -8 14 3 10 -4 5 4 0 2 0 0 -7 9 -9 6 -10 -1 -15 1 -15 -3 -9 8 0 0 0 0 0 0 0 0 0 0 0 0 0 0 0 0 0 0 0 0 0 0 6 2 11 7 15 8 11 15 11 18 5 17 8 18 14 20 13 17 3 16 7 11 7 9 4 5 -4 3 -2 8 -8 -6 -9 -9 -15 -4 -20 -14 -19 -13 -22 -22 -21 -17 -25 -15 -32 -15 -29 -10 -22 -6 ]
CSI_DATA,STA,E4:D1:24:F1:41:40,-86,10,0,0,0,0,0,0,0,0,0,-97,0,13,0,57605601,0,389,0,0,57.9989,128,[-123 81 24 0 10 2 4 2 -3 1 -9 5 -16 3 -16 8 -16 9 -19 8 -16 15 -20 8 -16 7 -12 14 -12 9 -12 12 -8 4 -4 7 -4 -1 -1 -1 0 -3 0 -1 5 -3 9 -9 6 -9 11 -10 14 1 0 0 0 0 0 0 0 0 0 0 0 0 0 0 0 0 0 0 0 0 0 0 -7 -5 -8 -7 -13 -12 -12 -14 -14 -14 -17 -20 -11 -17 -15 -18 -15 -14 -10 -16 -12 -12 -11 -9 -3 -8 0 -6 3 -2 7 -1 7 6 13 7 22 6 19 6 26 5 26 6 32 4 29 4 27 5 24 2 ]
CSI_DATA,STA,E4:D1:24:F1:41:40,-87,10,0,0,0,0,0,0,0,0,0,-97,0,13,0,57825646,0,389,0,0,58.219,128,[-123 81 24 0 0 12 0 5 -7 6 -12 -6 -21 -8 -14 -4 -13 1 -26 -8 -15 -4 -22 1 -14 -2 -18 2 -18 -1 -17 1 -10 4 -9 -3 -7 -3 -7 -8 -4 -4 0 -2 9 -6 2 -2 10 -4 15 1 2 -3 0 0 0 0 0 0 0 0 0 0 0 0 0 0 0 0 0 0 0 0 0 0 6 -4 8 -4 10 -10 9 -10 13 -11 13 -10 11 -7 14 -13 12 -11 15 -8 10 -11 4 -8 4 -2 8 1 2 -2 1 7 1 6 0 13 0 15 0 14 -2 25 0 27 4 29 6 27 10 29 7 21 ]
CSI_DATA,STA,E4:D1:24:F1:41:40,-86,10,0,0,0,0,0,0,0,0,0,-97,0,13,0,58118014,0,389,0,0,58.5114,128,[-123 81 24 0 2 -7 9 -10 8 -4 8 -4 14 -3 11 0 17 4 21 1 20 0 20 5 15 1 16 -1 15 -2 17 -5 8 1 11 3 8 6 3 9 4 5 -1 8 -6 4 -8 7 -7 6 -9 7 -2 12 0 0 0 0 0 0 0 0 0 0 0 0 0 0 0 0 0 0 0 0 0 0 -7 -2 -11 -4 -11 -4 -16 -5 -15 -5 -14 -7 -20 -10 -21 -7 -17 -2 -15 -10 -17 2 -12 -7 -11 -6 -7 -1 3 -10 1 -5 -2 -13 4 -16 2 -20 12 -22 8 -22 9 -26 9 -28 5 -31 1 -28 0 -21 ]
CSI_DATA,STA,E4:D1:24:F1:41:40,-86,10,0,0,0,0,0,0,0,0,0,-97,0,13,0,58322418,0,389,0,0,58.7158,128,[-123 81 24 0 -10 1 -8 2 -13 -5 -11 -8 -8 -7 -8 -10 -13 -14 -13 -14 -17 -16 -19 -14 -10 -9 -9 -13 -10 -14 -11 -10 -11 -7 -9 -5 -1 -2 -1 -5 5 -2 1 -6 8 -10 12 -1 14 -2 19 -8 2 2 0 0 0 0 0 0 0 0 0 0 0 0 0 0 0 0 0 0 0 0 0 0 7 3 4 9 4 8 1 12 2 18 7 19 10 17 1 12 1 19 4 18 3 16 8 8 6 6 4 4 2 8 -8 6 -10 -2 -12 2 -20 8 -21 8 -18 3 -21 12 -25 10 -24 10 -23 20 -19 16 ]
CSI_DATA,STA,E4:D1:24:F1:41:40,-86,10,0,0,0,0,0,0,0,0,0,-97,0,13,0,58424820,0,389,0,0,58.8181,128,[-123 81 24 0 1 -13 6 -10 12 -6 13 0 10 2 18 3 19 -4 17 2 15 -4 16 -6 18 -5 14 -5 9 1 12 -2 11 -1 6 -2 6 1 7 1 -3 4 0 1 -6 8 -6 4 -6 9 -5 7 -20 9 0 0 0 0 0 0 0 0 0 0 0 0 0 0 0 0 0 0 0 0 0 0 -9 -2 -10 2 -15 -1 -16 -1 -14 1 -16 -2 -15 -7 -19 -5 -18 0 -12 0 -9 2 -12 3 -10 0 -5 -3 -8 -10 -1 -6 4 -10 4 -17 7 -20 3 -17 4 -26 5 -29 -2 -25 -4 -30 -3 -20 -7 -25 ]
CSI_DATA,STA,E4:D1:24:F1:41:40,-86,10,0,0,0,0,0,0,0,0,0,-97,0,13,0,59141640,0,389,0,0,59.5351,128,[-123 81 24 0 -12 -1 -7 -9 -3 -7 -3 -12 1 -10 -1 -8 7 -8 7 -14 7 -13 3 -23 7 -12 0 -16 9 -13 4 -8 0 -10 6 -5 0 -4 3 2 3 0 -2 3 3 7 4 13 3 7 -4 4 7 16 0 0 0 0 0 0 0 0 0 0 0 0 0 0 0 0 0 0 0 0 0 0 4 0 4 4 8 5 11 10 12 10 10 9 9 8 11 12 9 6 4 10 10 10 7 11 3 1 0 7 3 2 -6 0 -8 4 -8 2 -14 -5 -21 0 -16 -4 -20 0 -21 2 -22 5 -20 -5 -27 6 ]
CSI_DATA,STA,E4:D1:24:F1:41:40,-87,10,0,0,0,0,0,0,0,0,0,-97,0,13,0,59165766,0,64,0,0,59.5637,128,[64 0 4 0 2 -10 2 -8 5 -2 7 -6 10 3 15 2 11 3 16 1 16 0 17 -4 16 -1 13 -4 9 -2 7 -7 6 -2 6 1 0 1 2 5 3 2 -1 2 -2 2 -4 8 -7 9 -9 9 -12 -7 0 0 0 0 0 0 0 0 0 0 0 0 0 0 0 0 0 0 0 0 0 0 -5 -1 -5 -7 -11 -8 -10 -8 -10 -8 -14 -5 -12 -7 -17 -7 -15 -10 -13 -13 -13 -5 -14 -8 -9 -4 -8 -5 -3 -7 6 -8 -2 -10 6 -10 5 -11 12 -14 9 -19 7 -23 13 -21 9 -23 7 -24 0 -23 ]
CSI_DATA,STA,E4:D1:24:F1:41:40,-87,10,0,0,0,0,0,0,0,0,0,-97,0,13,0,59244043,0,389,0,0,59.6373,128,[-123 81 24 0 -1 13 -2 1 -4 3 -6 2 -9 8 -10 1 -14 4 -14 4 -18 15 -1 14 -14 10 -8 6 -12 6 -4 12 -10 4 -5 0 -6 4 -5 -3 -7 -2 -3 -1 -9 -5 -6 -7 -6 -6 -3 -7 -11 -19 0 0 0 0 0 0 0 0 0 0 0 0 0 0 0 0 0 0 0 0 0 0 6 3 7 4 4 8 5 6 11 5 13 9 14 10 15 6 12 7 13 8 10 4 10 7 10 9 5 5 2 4 -2 10 -7 10 -5 10 -2 11 -7 12 -5 22 -4 20 0 25 -5 23 8 22 -3 22 ]
CSI_DATA,STA,E4:D1:24:F1:41:40,-88,10,0,0,0,0,0,0,0,0,0,-97,0,13,0,59346445,0,389,0,0,59.7398,128,[-123 81 24 0 -5 4 -1 0 -8 3 -9 -6 -12 -3 -16 3 -10 -1 -18 -3 -18 1 -14 2 -14 -1 -14 0 -14 3 -10 -5 -8 1 -7 -3 -9 -5 -3 1 6 -5 1 -6 0 -1 2 -4 7 -10 0 -11 15 -12 0 0 0 0 0 0 0 0 0 0 0 0 0 0 0 0 0 0 0 0 0 0 5 2 6 5 10 6 7 1 10 5 12 8 16 8 14 7 13 4 14 12 15 5 3 0 5 3 4 8 3 3 -2 7 -5 8 -11 5 -6 10 -2 11 -9 16 -11 14 -7 17 -4 21 -9 12 -7 14 ]
CSI_DATA,STA,E4:D1:24:F1:41:40,-87,10,0,0,0,0,0,0,0,0,0,-97,0,13,0,60165665,0,389,0,0,60.5591,128,[-123 81 24 0 2 9 -7 -2 -5 3 -12 2 -11 -7 -13 -8 -18 -5 -14 -9 -23 -6 -16 -8 -16 -5 -18 -2 -11 -2 -12 -5 -5 -2 -10 -3 -2 0 0 1 3 0 4 -2 3 0 7 2 6 3 5 3 5 -8 0 0 0 0 0 0 0 0 0 0 0 0 0 0 0 0 0 0 0 0 0 0 0 -7 -1 -13 4 -14 3 -17 8 -18 3 -16 11 -20 13 -16 8 -21 3 -20 6 -10 6 -10 5 -10 2 2 -2 1 5 6 3 15 3 8 1 17 5 18 15 19 4 21 5 29 6 27 0 26 13 27 ]
CSI_DATA,STA,E4:D1:24:F1:41:40,-87,10,0,0,0,0,0,0,0,0,0,-97,0,13,0,60268068,0,389,0,0,60.6612,128,[-123 81 24 0 14 -12 11 -15 6 5 10 8 3 7 4 12 3 16 5 12 5 21 8 14 5 16 4 13 5 14 6 13 2 13 2 6 -3 6 -1 0 -7 -5 -2 -4 -4 -2 -9 -2 -8 -3 -10 -10 -18 -15 0 0 0 0 0 0 0 0 0 0 0 0 0 0 0 0 0 0 0 0 0 0 -14 -2 -17 -8 -4 -14 -17 -11 -15 -13 -13 -11 -22 -13 -20 -12 -14 -6 -19 -8 -13 -11 -12 -12 -10 -7 0 -8 -2 -3 5 -5 4 -5 15 -6 13 -8 18 -7 25 -7 27 -14 25 -15 25 -14 24 -19 23 -18 ]
CSI_DATA,STA,E4:D1:24:F1:41:40,-85,10,0,0,0,0,0,0,0,0,0,-97,0,13,0,60393207,0,389,0,0,60.7865,128,[-123 81 24 0 -5 -15 -3 -6 8 -10 11 -5 14 -2 11 -1 19 -3 22 -7 22 -10 21 -7 20 -3 20 -6 17 -7 15 1 11 0 13 1 4 -2 3 6 2 -1 -1 6 -11 10 -7 12 -4 8 -11 8 -1 13 0 0 0 0 0 0 0 0 0 0 0 0 0 0 0 0 0 0 0 0 0 0 -9 6 -13 4 -14 4 -15 4 -19 9 -21 3 -23 10 -20 6 -23 10 -17 8 -20 5 -12 5 -9 1 -7 -6 -1 -4 2 -8 2 -14 -1 -16 0 -16 2 -28 0 -23 -4 -35 -2 -33 -3 -36 -7 -37 -4 -27 ]
CSI_DATA,STA,E4:D1:24:F1:41:40,-85,10,0,0,0,0,0,0,0,0,0,-97,0,13,0,60575275,0,389,0,0,60.9686,128,[-123 81 24 0 5 -11 10 -8 4 0 11 7 9 13 12 13 15 16 9 12 19 13 18 8 17 7 12 9 14 9 15 12 14 9 8 6 7 6 -1 7 -4 -1 -4 3 -13 5 -14 6 -19 5 -12 5 -20 -5 0 0 0 0 0 0 0 0 0 0 0 0 0 0 0 0 0 0 0 0 0 0 -9 -6 -9 -10 -8 -14 -6 -12 -11 -15 -12 -20 -13 -16 -22 -16 -18 -16 -17 -10 -15 -12 -6 -6 -9 -9 -4 -7 -1 -9 7 -5 8 -6 16 -12 21 -8 16 -14 22 -16 27 -21 23 -24 20 -27 20 -27 21 -24 ]
CSI_DATA,STA,E4:D1:24:F1:41:40,-85,10,0,0,0,0,0,0,0,0,0,-97,0,13,0,60882483,0,389,0,0,61.2759,128,[-123 81 24 0 4 -10 10 -9 12 0 10 3 15 2 16 4 14 6 20 1 19 7 24 1 19 2 23 5 16 -3 13 4 11 -4 7 -3 4 3 5 6 0 3 1 5 -5 10 -6 9 -5 8 -11 11 -4 0 0 0 0 0 0 0 0 0 0 0 0 0 0 0 0 0 0 0 0 0 0 0 -3 -9 -4 -9 -5 -16 -1 -16 -6 -14 -6 -17 -7 -13 -11 -21 -13 -13 -12 -21 -9 -12 -9 -8 -6 -9 -8 -9 -1 -8 3 -10 7 -5 10 -4 20 -10 16 -10 20 -20 25 -17 21 -17 24 -22 19 -29 18 -20 ]
CSI_DATA,STA,E4:D1:24:F1:41:40,-86,10,0,0,0,0,0,0,0,0,0,-97,0,13,0,60985064,0,389,0,0,61.3784,128,[-123 81 24 0 6 1 0 2 -2 8 -6 6 -6 9 -11 9 -12 6 -8 13 -18 16 -12 20 -15 13 -10 13 -16 6 -6 11 -10 15 -7 6 -6 6 -7 -2 1 1 0 -3 -1 -3 2 -12 -5 -10 2 -16 9 -22 0 0 0 0 0 0 0 0 0 0 0 0 0 0 0 0 0 0 0 0 0 0 2 -6 3 -6 2 -14 4 -14 4 -21 3 -16 5 -16 9 -18 1 -20 1 -19 3 -14 1 -15 5 -6 -2 -5 5 -6 11 -1 7 2 8 13 13 13 18 13 19 23 25 12 25 15 25 17 20 14 27 10 ]
CSI_DATA,STA,E4:D1:24:F1:41:40,-87,10,0,0,0,0,0,0,0,0,0,-97,0,13,0,61087288,0,389,0,0,61.4805,128,[-123 81 24 0 -4 9 -3 0 -2 -7 -5 -6 2 -13 -8 -13 -6 -17 -7 -18 -11 -16 -9 -18 -9 -23 -10 -21 -12 -17 -8 -15 -3 -10 -6 -11 -1 -9 0 -5 3 -4 5 -2 4 6 9 6 6 2 11 5 10 16 0 0 0 0 0 0 0 0 0 0 0 0 0 0 0 0 0 0 0 0 0 0 5 -2 13 -1 13 -2 13 -3 18 3 21 -2 20 2 19 -2 10 -4 14 -1 11 0 11 2 10 2 6 1 -2 1 -3 5 -13 8 -10 14 -20 12 -18 14 -22 27 -24 15 -19 25 -14 20 -19 18 -11 17 ]
CSI_DATA,STA,E4:D1:24:F1:41:40,-87,10,0,0,0,0,0,0,0,0,0,-97,0,13,0,61291387,0,64,0,0,61.6845,128,[64 0 4 0 0 3 9 4 -4 -2 -10 2 -15 6 -25 6 -16 7 -18 14 -18 11 -21 13 -18 11 -15 11 -12 3 -10 11 -11 4 -9 7 -6 -3 -3 -4 2 0 -2 -2 9 -5 7 -8 6 -9 8 -3 7 -13 0 0 0 0 0 0 0 0 0 0 0 0 0 0 0 0 0 0 0 0 0 0 -6 -7 -4 -3 -8 -9 -6 -14 -4 -15 -6 -15 -11 -13 -9 -16 -8 -13 -9 -15 -1 -11 -7 -9 -3 -12 0 -8 3 2 3 -2 14 5 9 3 18 3 21 16 23 5 23 6 25 13 24 5 26 7 22 4 ]
CSI_DATA,STA,E4:D1:24:F1:41:40,-87,10,0,0,0,0,0,0,0,0,0,-97,0,13,0,61701702,0,389,0,0,62.0949,128,[-123 81 24 0 -29 3 -33 -5 -29 9 -24 2 -17 7 -23 11 -12 3 -10 0 -6 3 -3 -2 -4 -2 1 -5 4 -7 16 -9 10 -12 10 -8 10 -12 9 -18 9 -15 9 -10 11 -13 8 -10 7 -5 12 -3 -11 -3 0 0 0 0 0 0 0 0 0 0 0 0 0 0 0 0 0 0 0 0 0 0 -5 -18 3 -13 -4 -15 -3 -10 3 -5 -1 -3 8 -4 2 -2 2 9 4 13 6 9 6 13 11 19 9 14 13 19 7 18 9 17 10 17 15 18 2 17 5 13 3 8 -4 -3 -5 -1 -17 -4 -17 -6 ]
CSI_DATA,STA,E4:D1:24:F1:41:40,-86,10,0,0,0,0,0,0,0,0,0,-97,0,13,0,61804105,0,389,0,0,62.1974,128,[-123 81 24 0 -18 24 -15 23 -16 28 -9 19 -10 20 -4 18 3 18 -8 14 -10 11 -2 2 -7 0 -10 -7 -7 -11 -5 -2 -9 -6 -14 -11 -14 -15 -10 -11 -12 -11 -15 -15 -7 -9 -15 -10 -3 -3 -2 -3 -9 -3 0 0 0 0 0 0 0 0 0 0 0 0 0 0 0 0 0 0 0 0 0 0 -3 -15 -3 -12 -2 -12 -1 -11 4 -10 2 -5 -4 3 -3 6 10 7 4 5 9 5 15 9 18 10 14 12 21 10 20 10 21 9 16 7 15 6 11 10 10 8 4 1 1 3 -2 8 -12 12 -5 15 ]
CSI_DATA,STA,E4:D1:24:F1:41:40,-87,10,0,0,0,0,0,0,0,0,0,-97,0,13,0,62008910,0,389,0,0,62.4023,128,[-123 81 24 0 -19 -22 -20 -23 -15 -21 -19 -17 -18 -14 -19 -15 -13 -6 -12 -6 -5 -7 -2 -7 4 -6 7 -5 8 -9 6 -8 13 -9 11 -13 14 -13 13 -15 15 -16 10 -11 9 -9 7 -10 6 -3 7 -3 -5 -1 0 0 0 0 0 0 0 0 0 0 0 0 0 0 0 0 0 0 0 0 0 0 11 14 12 11 6 5 6 6 4 8 0 1 2 3 1 5 -10 -3 -14 4 -17 3 -21 5 -20 7 -20 5 -20 3 -17 7 -21 4 -23 6 -11 12 -12 7 -10 9 -15 -2 -12 -5 -6 -7 -11 -11 -9 -23 ]
CSI_DATA,STA,E4:D1:24:F1:41:40,-87,10,0,0,0,0,0,0,0,0,0,-97,0,13,0,62213715,0,389,0,0,62.607,128,[-123 81 24 0 33 -5 32 -11 23 -7 20 -7 17 -10 17 -8 11 -5 10 -3 8 -4 11 2 8 3 9 5 8 10 9 14 14 9 5 13 13 12 14 8 13 8 12 11 11 7 2 6 8 5 8 6 -13 8 0 0 0 0 0 0 0 0 0 0 0 0 0 0 0 0 0 0 0 0 0 0 -17 -11 -15 -9 -8 -8 -9 -10 -6 -6 -2 -1 4 -7 1 -7 10 -7 7 -8 9 -8 9 -14 12 -16 16 -15 9 -22 12 -20 5 -12 8 -11 9 -14 5 -19 7 -14 7 -6 10 -1 10 0 17 1 21 -2 ]
CSI_DATA,STA,E4:D1:24:F1:41:40,-87,10,0,0,0,0,0,0,0,0,0,-97,0,13,0,62316117,0,389,0,0,62.7094,128,[-123 81 24 0 26 18 26 12 26 14 23 9 16 8 22 4 17 5 6 6 7 5 3 3 0 8 4 13 -5 10 -4 15 -2 15 -5 14 -4 15 -6 15 -4 19 -3 19 -1 17 -3 13 -2 11 2 6 -14 0 0 0 0 0 0 0 0 0 0 0 0 0 0 0 0 0 0 0 0 0 0 0 -11 -11 -10 -18 -9 -12 -12 -7 -2 -9 -2 -7 2 -6 -1 -1 5 -4 12 -2 11 -2 19 -2 21 -4 14 -7 24 -11 19 -9 18 -12 20 -12 15 -11 10 -11 13 -3 7 -4 8 2 11 8 12 12 12 14 ]
CSI_DATA,STA,E4:D1:24:F1:41:40,-86,10,0,0,0,0,0,0,0,0,0,-97,0,13,0,62365854,0,64,0,0,62.7589,128,[64 0 4 0 27 22 25 14 28 14 25 6 16 7 19 4 15 6 9 5 9 4 2 6 -2 6 -5 7 1 13 -6 14 -6 19 -9 17 -2 21 -4 19 -5 17 -6 15 -4 19 1 12 -6 6 -3 9 -5 -9 0 0 0 0 0 0 0 0 0 0 0 0 0 0 0 0 0 0 0 0 0 0 -13 -13 -12 -8 -14 -11 -6 -10 -5 -8 -6 -7 -1 -6 4 -5 15 -3 16 -9 21 -1 15 -7 13 -7 21 -9 21 -13 18 -11 21 -16 21 -14 12 -15 9 -9 14 -10 7 -4 10 3 13 2 16 11 16 18 ]
CSI_DATA,STA,E4:D1:24:F1:41:40,-86,10,0,0,0,0,0,0,0,0,0,-97,0,13,0,62418520,0,389,0,0,62.8114,128,[-123 81 24 0 27 9 29 14 28 4 27 10 22 3 15 -1 13 -1 11 3 7 4 3 5 -1 8 -2 6 -8 5 -7 12 -13 16 -11 16 -7 14 -11 8 -11 19 -12 7 -8 16 -10 10 -8 10 -6 6 -8 -12 0 0 0 0 0 0 0 0 0 0 0 0 0 0 0 0 0 0 0 0 0 0 -15 6 -14 10 -19 6 -10 7 -6 -2 -5 3 -3 -3 -4 -7 0 -5 12 -8 10 -14 6 -17 6 -18 9 -16 10 -17 6 -26 5 -21 3 -17 8 -20 7 -6 5 -12 6 -5 4 -2 15 4 20 8 26 17 ]
CSI_DATA,STA,E4:D1:24:F1:41:40,-87,10,0,0,0,0,0,0,0,0,0,-97,0,13,0,62521178,0,389,0,0,62.9143,128,[-123 81 24 0 24 18 21 15 24 18 29 8 20 14 18 7 16 8 7 6 0 5 1 2 -2 6 -6 3 -15 12 -13 13 -13 16 -9 20 -11 16 -12 17 -11 14 -10 11 -6 14 -5 9 -8 10 -6 4 -15 -10 0 0 0 0 0 0 0 0 0 0 0 0 0 0 0 0 0 0 0 0 0 0 -13 -9 -9 -15 -12 -7 -8 -7 -3 -5 -2 -7 -1 -6 8 -2 13 0 14 -2 12 -2 18 -6 18 -5 17 -7 18 -12 21 -11 17 -8 12 -15 15 -6 15 -10 12 -2 9 -2 11 10 14 10 12 16 16 25 ]
CSI_DATA,STA,E4:D1:24:F1:41:40,-85,10,0,0,0,0,0,0,0,0,0,-97,0,13,0,62623325,0,389,0,0,63.0165,128,[-123 81 24 0 16 -26 13 -31 7 -28 10 -24 2 -21 3 -19 1 -12 2 -16 8 -4 4 -5 5 0 8 -2 9 6 16 3 14 9 20 7 20 13 19 9 17 3 14 4 15 5 10 4 11 2 1 2 4 -6 0 0 0 0 0 0 0 0 0 0 0 0 0 0 0 0 0 0 0 0 0 0 -6 15 -10 13 -5 11 -6 9 -6 8 -4 2 -3 -4 -8 -5 -5 -8 -10 -9 -8 -17 -10 -15 -11 -15 -16 -25 -13 -20 -19 -18 -19 -14 -20 -19 -15 -13 -6 -9 -8 -8 1 -9 -1 -11 12 -11 10 -11 19 -18 ]
CSI_DATA,STA,E4:D1:24:F1:41:40,-86,10,0,0,0,0,0,0,0,0,0,-97,0,13,0,62725727,0,389,0,0,63.119,128,[-123 81 24 0 15 31 22 25 10 30 11 21 10 23 7 16 7 8 5 11 0 7 -3 5 -9 1 -8 1 -9 2 -15 8 -16 9 -19 9 -18 13 -20 9 -17 10 -18 11 -11 8 -14 7 -11 4 -7 5 1 -9 0 0 0 0 0 0 0 0 0 0 0 0 0 0 0 0 0 0 0 0 0 0 -6 -15 -11 -16 -5 -14 1 -12 -2 -10 2 -6 4 0 3 0 8 3 16 7 15 3 16 7 23 6 27 -1 25 -2 25 -7 24 3 17 -2 17 0 12 -5 11 2 8 7 0 9 6 18 10 12 3 28 ]
CSI_DATA,STA,E4:D1:24:F1:41:40,-84,10,0,0,0,0,0,0,0,0,0,-97,0,13,0,62845766,0,389,0,0,63.2391,128,[-123 81 24 0 -33 17 -35 22 -26 15 -23 15 -18 14 -12 13 -11 13 -13 11 -5 0 -7 -6 -4 -7 -6 -17 -1 -17 -2 -21 -7 -21 -7 -23 -12 -25 -6 -23 -4 -22 -6 -19 -4 -15 0 -19 3 -14 4 -8 -6 2 0 0 0 0 0 0 0 0 0 0 0 0 0 0 0 0 0 0 0 0 0 0 -2 -22 -1 -12 2 -16 3 -6 3 -9 2 -7 2 0 3 5 3 13 2 6 7 15 14 24 13 17 17 22 18 23 13 26 12 18 9 11 13 17 12 11 3 8 -5 2 -5 5 -13 7 -26 13 -23 17 ]
CSI_DATA,STA,E4:D1:24:F1:41:40,-86,10,0,0,0,0,0,0,0,0,0,-97,0,13,0,62930532,0,389,0,0,63.3238,128,[-123 81 24 0 -30 9 -39 13 -34 15 -30 7 -20 13 -13 17 -13 7 -11 3 -9 0 -5 -1 -4 -5 1 -14 1 -16 0 -15 -1 -16 6 -22 2 -21 3 -20 1 -20 4 -19 1 -19 7 -19 2 -12 3 -10 11 7 0 0 0 0 0 0 0 0 0 0 0 0 0 0 0 0 0 0 0 0 0 0 -2 -21 0 -18 0 -14 2 -15 3 -8 1 -6 4 -4 5 7 5 10 4 14 7 11 7 17 9 24 12 24 13 19 18 15 12 16 10 11 11 11 7 13 3 9 2 4 -4 5 -15 0 -19 5 -23 8 ]
CSI_DATA,STA,E4:D1:24:F1:41:40,-85,10,0,0,0,0,0,0,0,0,0,-97,0,13,0,63032963,0,389,0,0,63.4263,128,[-123 81 24 0 33 -13 30 -10 32 -13 28 -15 20 -15 15 -8 15 -5 7 -5 7 -1 0 5 4 4 -4 7 -1 14 -8 11 -12 14 -9 16 -9 19 -9 15 -10 14 -5 17 -7 13 -4 13 -7 9 -7 -1 -8 11 0 0 0 0 0 0 0 0 0 0 0 0 0 0 0 0 0 0 0 0 0 0 7 12 7 15 4 11 6 14 -1 2 -2 5 -4 0 -9 -3 -10 -10 -6 -7 -14 -15 -15 -15 -13 -23 -17 -19 -17 -19 -22 -19 -17 -17 -18 -12 -15 -11 -13 -7 -10 -8 -4 -9 3 -2 12 -7 17 -3 23 -9 ]
CSI_DATA,STA,E4:D1:24:F1:41:40,-85,10,0,0,0,0,0,0,0,0,0,-97,0,13,0,63237740,0,389,0,0,63.6311,128,[-123 81 24 0 -22 -27 -31 -18 -30 -16 -23 -13 -25 -9 -20 -6 -13 -7 -8 -3 -6 -3 -3 -6 3 -4 2 -9 4 -8 13 -10 13 -12 12 -14 14 -17 8 -16 13 -14 12 -11 7 -17 12 -9 5 -10 5 -6 5 10 0 0 0 0 0 0 0 0 0 0 0 0 0 0 0 0 0 0 0 0 0 0 19 3 12 2 15 1 13 4 8 -1 -1 5 -4 1 -6 3 -10 4 -14 6 -18 12 -19 10 -19 18 -20 10 -19 19 -14 18 -20 17 -14 19 -13 12 -13 14 -7 7 -13 -3 -9 -9 -9 -16 -17 -17 -16 -22 ]
CSI_DATA,STA,E4:D1:24:F1:41:40,-86,10,0,0,0,0,0,0,0,0,0,-97,0,13,0,63544948,0,389,0,0,63.9383,128,[-123 81 24 0 -34 -20 -31 -19 -22 -8 -27 -13 -22 -6 -17 0 -16 -4 -6 5 -4 -4 -3 -6 4 -6 3 -6 13 -9 8 -8 16 -9 12 -12 17 -11 15 -9 18 -10 15 -9 14 -7 13 -3 7 -5 4 -1 -9 1 0 0 0 0 0 0 0 0 0 0 0 0 0 0 0 0 0 0 0 0 0 0 12 -9 8 -11 10 -8 11 -8 -1 -2 3 4 -1 2 -3 3 -3 12 0 14 -1 13 -9 24 -6 22 -3 25 -7 19 -6 28 -4 21 1 19 -1 10 -3 12 -9 8 -7 4 -10 1 -14 -11 -25 -10 -23 -12 ]
CSI_DATA,STA,E4:D1:24:F1:41:40,-85,10,0,0,0,0,0,0,0,0,0,-97,0,13,0,63647350,0,389,0,0,64.0406,128,[-123 81 24 0 -26 21 -22 21 -19 19 -22 21 -24 18 -11 15 -13 14 -9 -1 -7 3 -7 -1 -1 -8 -9 -7 -6 -20 -4 -14 -9 -15 -2 -19 -10 -22 1 -18 -3 -17 -11 -19 -4 -18 -3 -12 -3 -10 3 -2 -12 -7 0 0 0 0 0 0 0 0 0 0 0 0 0 0 0 0 0 0 0 0 0 0 -2 -16 -3 -15 -2 -10 1 -6 -1 -10 7 -5 0 1 2 5 6 8 6 10 16 9 11 14 17 21 22 19 14 18 16 17 16 10 15 11 13 11 7 11 7 4 2 6 -7 5 -11 14 -15 13 -19 19 ]
CSI_DATA,STA,E4:D1:24:F1:41:40,-86,10,0,0,0,0,0,0,0,0,0,-97,0,13,0,64056960,0,389,0,0,64.4504,128,[-123 81 24 0 0 34 -7 31 -2 31 -1 26 -1 20 2 17 4 10 2 8 -4 10 -7 2 -8 0 -14 0 -13 2 -16 1 -17 2 -17 3 -22 2 -21 5 -20 5 -19 5 -16 8 -16 5 -12 5 -8 6 -15 -7 0 0 0 0 0 0 0 0 0 0 0 0 0 0 0 0 0 0 0 0 0 0 6 -20 10 -16 4 -14 5 -12 7 -6 4 0 8 -2 5 9 3 6 9 4 17 12 12 16 11 13 20 17 19 16 20 11 19 11 20 8 18 4 11 9 8 4 2 11 -2 11 -2 9 -6 22 -11 24 ]
CSI_DATA,STA,E4:D1:24:F1:41:40,-86,10,0,0,0,0,0,0,0,0,0,-97,0,13,0,64261767,0,389,0,0,64.6551,128,[-123 81 24 0 -21 -21 -31 -24 -26 -13 -25 -6 -22 -8 -22 -2 -12 -1 -10 -3 3 1 -2 -3 4 1 7 -8 6 -6 13 -2 14 -13 15 -13 18 -10 15 -10 14 -15 11 -6 12 -10 8 -9 13 -5 2 -5 10 -12 0 0 0 0 0 0 0 0 0 0 0 0 0 0 0 0 0 0 0 0 0 0 14 -12 15 -8 14 -3 8 -4 8 -1 3 4 3 7 0 6 -9 10 -8 13 -9 12 -9 18 -8 18 -7 24 -10 20 -11 19 -6 21 -12 19 -4 10 -4 10 -11 10 -11 1 -9 -4 -13 -4 -18 -13 -21 -20 ]
CSI_DATA,STA,E4:D1:24:F1:41:40,-85,10,0,0,0,0,0,0,0,0,0,-97,0,13,0,64364170,0,389,0,0,64.7575,128,[-123 81 24 0 -8 -33 -8 -36 -13 -32 -10 -29 -10 -21 -14 -13 -4 -18 2 -6 -1 -6 3 -4 5 -4 8 -3 18 -6 10 2 18 -2 20 0 12 3 18 1 21 6 17 2 17 0 13 2 6 -1 5 5 11 -3 0 0 0 0 0 0 0 0 0 0 0 0 0 0 0 0 0 0 0 0 0 0 17 4 14 5 16 8 7 3 8 5 2 4 -5 0 -6 5 -7 5 -14 4 -19 1 -16 2 -28 9 -28 14 -19 7 -24 6 -23 10 -18 1 -19 4 -11 0 -9 3 -5 -3 -9 -5 -4 -16 0 -17 -3 -22 ]
CSI_DATA,STA,E4:D1:24:F1:41:40,-86,10,0,0,0,0,0,0,0,0,0,-97,0,13,0,64491862,0,64,0,0,64.885,128,[64 0 4 0 -27 21 -31 23 -22 19 -15 19 -16 19 -17 19 -10 10 -8 6 0 6 -8 -6 -4 -5 -3 -11 -8 -15 -4 -19 -3 -19 -5 -13 -3 -19 -4 -20 0 -20 -4 -19 -3 -14 -5 -8 1 -7 0 -7 -9 -2 0 0 0 0 0 0 0 0 0 0 0 0 0 0 0 0 0 0 0 0 0 0 -8 -15 -6 -17 -6 -12 -1 -12 -1 -7 3 -2 2 1 2 3 10 4 9 10 18 8 18 6 20 13 15 8 17 18 27 14 15 8 11 11 11 7 7 5 5 6 0 6 -2 7 -11 10 -11 7 -20 13 ]
CSI_DATA,STA,E4:D1:24:F1:41:40,-85,10,0,0,0,0,0,0,0,0,0,-97,0,13,0,64671377,0,389,0,0,65.0646,128,[-123 81 24 0 15 -29 17 -29 13 -28 11 -29 12 -22 5 -17 8 -16 6 -13 5 -7 10 3 -1 -1 8 13 7 9 8 11 11 17 7 12 7 13 10 19 11 17 11 17 7 14 8 10 5 9 5 2 3 13 0 0 0 0 0 0 0 0 0 0 0 0 0 0 0 0 0 0 0 0 0 0 12 10 13 13 9 11 8 8 3 4 -3 3 -3 4 -11 -3 -12 -5 -13 -4 -17 -10 -22 -10 -19 -8 -26 -8 -24 -5 -22 -7 -27 -6 -21 -6 -20 -3 -17 -4 -14 -7 -7 -10 0 -8 2 -8 15 -18 13 -31 ]
CSI_DATA,STA,E4:D1:24:F1:41:40,-86,10,0,0,0,0,0,0,0,0,0,-97,0,13,0,65285804,0,389,0,0,65.6792,128,[-123 81 24 0 -14 26 -13 29 -7 30 -8 29 -5 26 -1 17 -7 14 2 14 -5 2 -2 0 -11 -6 -7 -8 -16 -7 -17 -3 -15 -10 -12 -12 -16 -5 -16 -13 -15 -9 -19 -7 -16 -8 -9 -5 -13 0 3 -12 -5 -16 0 0 0 0 0 0 0 0 0 0 0 0 0 0 0 0 0 0 0 0 0 0 -4 -15 -5 -12 -4 -13 -2 -11 3 -9 3 -2 4 -2 6 -1 6 0 9 12 12 10 12 10 18 15 21 10 24 11 24 13 17 7 17 5 19 2 12 5 10 2 6 6 3 8 -1 15 -7 18 -12 26 ]
CSI_DATA,STA,E4:D1:24:F1:41:40,-85,10,0,0,0,0,0,0,0,0,0,-97,0,13,0,65388199,0,389,0,0,65.7815,128,[-123 81 24 0 -19 -33 -16 -34 -15 -31 -16 -22 -16 -24 -12 -12 -6 -15 -5 -12 -7 -4 7 2 7 -4 11 -1 17 2 10 2 28 -8 17 -4 18 0 22 -2 18 -4 21 0 13 -5 13 2 9 4 4 4 -6 -8 0 0 0 0 0 0 0 0 0 0 0 0 0 0 0 0 0 0 0 0 0 0 16 1 16 8 11 4 10 3 5 7 3 4 -1 5 -7 2 -15 7 -14 10 -15 9 -21 8 -19 10 -22 8 -18 14 -25 14 -18 15 -20 9 -16 14 -11 8 -7 1 -7 -1 -4 -6 -4 -16 -5 -20 -8 -28 ]
CSI_DATA,STA,E4:D1:24:F1:41:40,-88,10,0,0,0,0,0,0,0,0,0,-97,0,13,0,65565896,0,64,0,0,65.959,128,[64 0 4 0 23 -26 26 -17 22 -17 17 -14 18 -19 9 -19 6 -8 8 -5 8 -2 2 2 4 3 2 10 10 10 4 11 14 15 7 14 12 7 10 14 14 14 10 15 11 11 7 10 6 6 -1 3 16 5 0 0 0 0 0 0 0 0 0 0 0 0 0 0 0 0 0 0 0 0 0 0 -6 9 -10 13 -10 10 -8 8 -4 3 -4 1 -4 -2 -4 -6 -4 -9 -6 -11 -6 -20 -1 -19 -5 -23 -15 -23 -13 -20 -11 -18 -13 -19 -10 -19 -10 -14 -2 -13 -5 -8 -4 -7 9 -5 11 -6 17 -10 22 -6 ]
CSI_DATA,STA,E4:D1:24:F1:41:40,-85,10,0,0,0,0,0,0,0,0,0,-97,0,13,0,65593905,0,389,0,0,65.9903,128,[-123 81 24 0 -36 -1 -33 -2 -33 -7 -25 4 -27 4 -16 5 -9 1 -12 1 -7 -6 -5 0 -6 -7 -2 -12 6 -14 1 -18 2 -16 0 -19 4 -19 -5 -18 0 -16 -1 -12 3 -14 -1 -10 0 -9 2 -8 5 6 0 0 0 0 0 0 0 0 0 0 0 0 0 0 0 0 0 0 0 0 0 0 16 -3 12 -4 11 -4 7 0 7 -1 6 6 0 -1 1 9 -4 9 -4 10 -6 13 -9 16 -10 13 -7 23 -9 21 -10 20 -11 20 -1 20 -2 19 -7 8 -7 13 -9 8 -15 -5 -14 -9 -15 -3 -27 -3 ]
CSI_DATA,STA,E4:D1:24:F1:41:40,-87,10,0,0,0,0,0,0,0,0,0,-97,0,13,0,65695402,0,389,0,0,66.0887,128,[-123 81 24 0 25 -12 24 -4 23 -6 17 -12 16 -12 18 -14 14 -7 12 0 7 -1 2 5 0 4 4 14 4 8 4 14 6 10 4 17 11 18 13 9 9 13 9 12 5 4 4 5 8 10 3 5 -5 -4 0 0 0 0 0 0 0 0 0 0 0 0 0 0 0 0 0 0 0 0 0 0 -13 -4 -11 -6 -10 -1 -8 -6 -8 -6 0 -8 -1 -7 6 -4 6 -3 4 -8 5 -11 11 -10 11 -13 6 -20 6 -22 13 -23 9 -17 6 -18 6 -19 9 -17 7 -9 9 -4 7 -8 19 6 24 -5 20 4 ]
CSI_DATA,STA,E4:D1:24:F1:41:40,-86,10,0,0,0,0,0,0,0,0,0,-97,0,13,0,65797804,0,389,0,0,66.1911,128,[-123 81 24 0 -23 4 -27 9 -24 5 -24 4 -16 15 -17 7 -13 6 -12 1 -12 4 -6 -1 -8 -4 -4 -8 -7 -8 -8 -12 -7 -17 -5 -16 -16 -16 -12 -17 -9 -7 -11 -11 -8 -14 -8 -7 -6 -5 -2 -5 1 -15 0 0 0 0 0 0 0 0 0 0 0 0 0 0 0 0 0 0 0 0 0 0 14 1 13 -5 11 0 13 -1 8 -2 7 3 -2 2 -1 4 -5 4 -4 9 -8 9 -5 18 -10 18 -9 23 2 19 -3 23 0 22 0 18 0 17 -5 14 -6 10 1 9 -10 10 -10 1 -17 6 -17 -3 ]
CSI_DATA,STA,E4:D1:24:F1:41:40,-86,10,0,0,0,0,0,0,0,0,0,-97,0,13,0,66002609,0,389,0,0,66.3959,128,[-123 81 24 0 24 5 25 10 21 3 16 0 22 2 14 -1 13 -2 10 -3 3 1 4 8 -2 5 0 10 3 9 0 14 -3 12 1 16 4 16 2 9 1 15 -2 8 2 11 -1 7 -3 3 -3 0 7 -9 0 0 0 0 0 0 0 0 0 0 0 0 0 0 0 0 0 0 0 0 0 0 -11 -9 -9 -6 -9 -9 -10 -8 -7 -1 -3 -7 0 -2 0 -4 7 -6 8 -7 9 -6 12 -14 11 -10 10 -14 15 -15 15 -14 19 -12 12 -14 10 -14 8 -11 5 -13 7 -7 9 -3 11 3 15 2 17 6 ]
CSI_DATA,STA,E4:D1:24:F1:41:40,-88,10,0,0,0,0,0,0,0,0,0,-97,0,13,0,66105012,0,389,0,0,66.4983,128,[-123 81 24 0 -10 23 -2 29 -7 22 -2 25 -8 18 -1 13 -1 6 4 10 -3 7 0 -2 -9 4 -8 -3 -12 -6 -13 -6 -20 -8 -18 -4 -13 -10 -14 -5 -12 -5 -9 -3 -13 -8 -8 -1 -8 -7 -6 -7 10 1 0 0 0 0 0 0 0 0 0 0 0 0 0 0 0 0 0 0 0 0 0 0 -7 -14 -4 -9 -7 -7 -5 -6 -1 -5 0 -5 5 2 2 1 4 3 7 6 15 8 14 8 11 7 16 8 15 6 21 3 17 7 18 3 21 2 14 3 9 3 6 4 -2 7 -3 12 -5 15 -9 15 ]
CSI_DATA,STA,E4:D1:24:F1:41:40,-89,10,0,0,0,0,0,0,0,0,0,-97,0,13,0,66605962,0,64,0,0,66.9991,128,[64 0 4 0 6 -27 12 -25 6 -27 3 -24 -2 -16 -4 -25 -1 -14 0 -13 2 -2 0 -3 1 3 5 6 3 4 -1 6 6 13 1 15 7 13 3 12 4 17 3 14 7 13 0 8 -2 4 -2 8 7 -6 0 0 0 0 0 0 0 0 0 0 0 0 0 0 0 0 0 0 0 0 0 0 12 -6 14 -5 12 0 9 1 7 0 1 0 1 -3 3 0 -3 3 -7 0 -11 6 -12 8 -13 7 -20 10 -14 7 -20 6 -17 4 -14 4 -14 9 -13 9 -7 11 -9 2 -4 -5 4 -7 4 -19 3 -18 ]
CSI_DATA,STA,E4:D1:24:F1:41:40,-88,10,0,0,0,0,0,0,0,0,0,-97,0,13,0,67026634,0,389,0,0,67.4199,128,[-123 81 24 0 -28 -20 -19 -18 -28 -23 -17 -17 -22 -11 -15 -9 -12 -12 -4 -11 1 -2 4 -5 -1 -3 5 -1 8 1 12 -4 12 2 13 1 14 -1 19 1 11 -1 18 0 10 1 11 -2 6 0 2 4 9 -10 0 0 0 0 0 0 0 0 0 0 0 0 0 0 0 0 0 0 0 0 0 0 4 -13 0 -16 3 -13 3 -10 2 -7 2 -3 4 3 2 3 3 12 1 14 1 15 -4 13 -5 13 -7 21 -2 23 -2 22 -1 20 -3 24 0 12 -2 14 0 12 -7 7 -4 -1 -10 -5 -16 -10 -12 -13 ]
CSI_DATA,STA,E4:D1:24:F1:41:40,-85,10,0,0,0,0,0,0,0,0,0,-97,0,13,0,67129038,0,389,0,0,67.5223,128,[-123 81 24 0 21 24 20 24 29 23 22 16 21 19 17 9 16 12 7 8 11 2 -2 5 1 4 -6 5 -8 6 -18 4 -16 9 -11 4 -15 5 -16 11 -13 8 -15 7 -10 2 -10 3 -9 6 -16 4 -4 -14 0 0 0 0 0 0 0 0 0 0 0 0 0 0 0 0 0 0 0 0 0 0 -14 -1 -14 1 -12 5 -14 -3 -6 1 -7 -3 -1 -2 3 -3 5 -5 5 -6 12 -8 13 -16 15 -18 14 -15 21 -20 13 -20 10 -18 9 -21 17 -11 11 -14 8 -4 6 -4 11 3 8 8 11 11 13 13 ]
CSI_DATA,STA,E4:D1:24:F1:41:40,-86,10,0,0,0,0,0,0,0,0,0,-97,0,13,0,67333843,0,389,0,0,67.7272,128,[-123 81 24 0 -4 -28 7 -39 0 -32 0 -34 -3 -32 -6 -20 2 -18 -2 -11 1 -12 3 -4 2 4 7 1 6 6 6 12 14 16 12 10 12 9 11 19 10 13 8 14 9 14 9 14 2 8 2 10 11 8 0 0 0 0 0 0 0 0 0 0 0 0 0 0 0 0 0 0 0 0 0 0 17 -4 18 -6 10 -2 14 -6 9 1 -2 3 -5 6 -2 5 -13 7 -10 11 -10 8 -18 11 -13 8 -23 9 -23 16 -23 15 -19 7 -21 14 -14 8 -16 2 -12 3 -3 3 1 -7 1 -11 -9 -21 -3 -27 ]
CSI_DATA,STA,E4:D1:24:F1:41:40,-85,10,0,0,0,0,0,0,0,0,0,-97,0,13,0,67436245,0,389,0,0,67.8295,128,[-123 81 24 0 35 5 30 1 33 -2 25 -3 18 -4 18 -7 16 -2 9 -4 3 -1 3 0 3 5 3 4 -1 9 -2 15 1 17 -10 20 -7 19 -9 15 -7 17 -5 15 -8 11 1 16 -7 6 -5 6 2 3 0 0 0 0 0 0 0 0 0 0 0 0 0 0 0 0 0 0 0 0 0 0 -10 12 -9 13 -12 12 -12 7 -9 5 -4 -1 -4 -4 -5 -7 -3 -15 4 -9 2 -20 0 -15 5 -20 2 -22 -2 -24 -5 -22 -4 -22 1 -22 -1 -19 -10 -10 2 -12 2 -7 7 -5 11 2 20 0 24 -1 ]
CSI_DATA,STA,E4:D1:24:F1:41:40,-86,10,0,0,0,0,0,0,0,0,0,-97,0,13,0,67538648,0,389,0,0,67.932,128,[-123 81 24 0 -30 11 -26 12 -19 9 -22 18 -17 11 -13 14 -12 9 -4 3 -9 1 -8 2 -5 -7 -4 -12 -4 -10 -7 -9 -3 -11 -8 -15 -6 -12 -11 -20 -11 -18 -10 -15 -9 -16 -5 -9 -5 -9 -3 -9 14 -3 0 0 0 0 0 0 0 0 0 0 0 0 0 0 0 0 0 0 0 0 0 0 7 -8 15 -8 14 -8 7 -8 5 -6 7 0 3 3 4 1 3 7 -7 6 -1 17 -1 15 -5 21 -1 21 -2 20 1 19 5 18 1 23 7 17 4 12 -1 11 -1 9 -8 5 -14 1 -20 3 -18 2 ]
CSI_DATA,STA,E4:D1:24:F1:41:40,-86,10,0,0,0,0,0,0,0,0,0,-97,0,13,0,67743488,0,389,0,0,68.1368,128,[-123 81 24 0 16 21 23 22 21 20 15 12 20 14 16 10 6 8 8 11 1 6 2 -1 -8 1 -8 8 -8 3 -13 0 -17 3 -17 8 -20 1 -20 3 -13 0 -13 -1 -14 0 -13 3 -5 -5 -3 -10 -10 7 0 0 0 0 0 0 0 0 0 0 0 0 0 0 0 0 0 0 0 0 0 0 -11 10 -12 3 -11 7 -11 2 -10 -1 -4 4 2 -7 -1 -7 8 -5 2 -9 5 -20 6 -11 16 -13 14 -17 12 -20 6 -18 10 -20 8 -16 11 -3 11 -8 6 -6 8 0 8 0 10 4 11 12 15 12 ]
CSI_DATA,STA,E4:D1:24:F1:41:40,-88,10,0,0,0,0,0,0,0,0,0,-97,0,13,0,67845918,0,389,0,0,68.2393,128,[-123 81 24 0 -26 -8 -23 -8 -21 -1 -21 2 -21 2 -13 1 -14 5 -5 1 -5 0 -6 -4 -8 -6 -8 -8 -8 -9 -10 -8 -17 -7 -9 -10 -11 -9 -12 -11 -17 -4 -13 -4 -14 -3 -13 -7 -7 -5 -11 -4 -2 -10 0 0 0 0 0 0 0 0 0 0 0 0 0 0 0 0 0 0 0 0 0 0 -9 13 -6 11 -10 10 -5 10 -3 9 -5 5 -7 1 -10 -1 -10 -5 -11 -6 -5 -2 -16 -1 -20 -4 -17 -4 -20 2 -21 -1 -15 8 -12 7 -19 6 -16 -1 -9 3 -13 -2 -6 -3 -5 -3 -12 -10 -12 -14 ]
CSI_DATA,STA,E4:D1:24:F1:41:40,-89,10,0,0,0,0,0,0,0,0,0,-97,0,13,0,68562673,0,389,0,0,68.956,128,[-123 81 24 0 -16 22 -12 19 -14 16 -13 17 -15 15 -7 12 -9 10 -4 4 -5 7 -3 -1 -2 3 -13 -2 -8 -8 -10 -8 -8 -10 -11 -11 -7 -7 -10 -9 -8 -8 -12 -11 -4 -8 -4 -5 -10 -4 -4 -7 -10 -15 0 0 0 0 0 0 0 0 0 0 0 0 0 0 0 0 0 0 0 0 0 0 3 -14 0 -12 1 -8 1 -10 5 -8 -2 -2 3 -2 3 2 2 1 6 10 5 10 6 9 5 14 9 8 10 16 7 11 7 12 11 13 13 10 10 11 7 8 7 4 -1 7 -4 8 -12 12 -7 12 ]
CSI_DATA,STA,E4:D1:24:F1:41:40,-87,10,0,0,0,0,0,0,0,0,0,-97,0,13,0,68972283,0,389,0,0,69.3657,128,[-123 81 24 0 24 7 28 1 20 2 17 6 16 0 19 9 10 -5 8 9 5 4 5 4 -1 6 -8 6 -7 5 -6 15 -11 8 -7 15 -12 9 -12 11 -10 10 -10 13 -10 8 -5 8 -8 5 -3 6 4 -3 0 0 0 0 0 0 0 0 0 0 0 0 0 0 0 0 0 0 0 0 0 0 -11 11 -9 6 -14 3 -10 6 -7 2 -6 2 -2 -4 -2 -6 -3 -6 6 -13 -4 -17 1 -16 3 -22 8 -27 3 -22 2 -28 4 -19 0 -19 -5 -14 3 -13 2 -14 6 -9 1 -5 10 -6 11 2 22 3 ]
CSI_DATA,STA,E4:D1:24:F1:41:40,-86,10,0,0,0,0,0,0,0,0,0,-97,0,13,0,69074686,0,389,0,0,69.468,128,[-123 81 24 0 3 -25 -4 -28 -10 -22 -12 -28 -7 -17 -12 -15 0 -15 -1 -10 2 -9 -2 -1 5 -8 7 -1 9 0 11 -1 13 0 18 1 17 2 18 -2 16 -4 13 -3 10 2 7 -2 3 0 1 -3 10 5 0 0 0 0 0 0 0 0 0 0 0 0 0 0 0 0 0 0 0 0 0 0 11 7 12 7 8 6 5 8 6 3 5 2 -2 3 -6 0 -8 1 -8 5 -17 1 -19 0 -20 1 -21 3 -21 7 -18 6 -20 -3 -20 7 -21 5 -11 5 -14 0 -9 -2 -4 -9 -4 -10 1 -11 -5 -20 ]
CSI_DATA,STA,E4:D1:24:F1:41:40,-87,10,0,0,0,0,0,0,0,0,0,-97,0,13,0,69177087,0,389,0,0,69.5703,128,[-123 81 24 0 -4 -31 -9 -27 -11 -33 -5 -28 -4 -19 -5 -11 -9 -15 -9 -12 -5 -5 0 -9 6 -4 8 -5 10 -8 12 -4 8 -5 18 -5 12 -6 14 -7 16 -2 14 -2 8 -6 10 0 10 -5 -1 -1 21 -6 0 0 0 0 0 0 0 0 0 0 0 0 0 0 0 0 0 0 0 0 0 0 8 14 5 15 3 11 0 7 6 6 -1 6 -7 0 -1 -2 -10 -4 -14 -1 -14 -5 -20 -6 -21 -8 -22 -4 -19 -5 -25 1 -22 5 -23 2 -23 3 -12 3 -16 1 -5 -1 -5 -7 -3 -9 0 -17 0 -18 ]
CSI_DATA,STA,E4:D1:24:F1:41:40,-86,10,0,0,0,0,0,0,0,0,0,-97,0,13,0,69295917,0,389,0,0,69.6892,128,[-123 81 24 0 17 13 19 15 24 11 25 8 18 6 17 9 15 5 12 8 9 4 1 0 -1 5 -4 4 -11 3 -5 7 -15 14 -12 10 -11 12 -9 15 -18 8 -15 10 -9 10 -11 8 -10 4 -10 0 3 -5 0 0 0 0 0 0 0 0 0 0 0 0 0 0 0 0 0 0 0 0 0 0 -16 6 -13 5 -15 4 -10 4 -8 1 -3 3 0 -1 0 -6 3 -11 5 -10 6 -13 11 -16 11 -18 12 -22 11 -23 10 -14 12 -23 13 -20 7 -20 7 -16 1 -12 3 -8 7 -2 6 5 17 11 21 14 ]
CSI_DATA,STA,E4:D1:24:F1:41:40,-85,10,0,0,0,0,0,0,0,0,0,-97,0,13,0,69689100,0,389,0,0,70.0825,128,[-123 81 24 0 -23 -17 -29 -20 -24 -16 -28 -20 -22 -19 -22 -14 -20 -13 -12 -10 -6 -5 -3 -4 3 -7 5 -8 9 -8 9 -2 15 -10 14 -9 16 -9 15 -14 13 -3 20 -3 15 -10 10 -8 8 -1 11 -7 1 10 0 0 0 0 0 0 0 0 0 0 0 0 0 0 0 0 0 0 0 0 0 0 16 -10 14 -10 12 -4 8 -6 12 -1 2 -3 7 2 -3 4 -9 11 -7 14 -6 16 -11 23 -14 20 -14 20 -15 26 -13 23 -7 28 -6 18 -8 19 -6 16 -4 3 -7 4 -7 -3 -7 -3 -14 -13 -22 -16 ]
CSI_DATA,STA,E4:D1:24:F1:41:40,-86,10,0,0,0,0,0,0,0,0,0,-97,0,13,0,69805971,0,64,0,0,70.1991,128,[64 0 4 0 -15 21 -19 23 -16 26 -19 19 -6 27 -8 18 -10 16 -11 8 -7 13 -2 6 -11 -1 -7 -3 -15 -8 -16 -11 -15 -11 -14 -7 -12 -11 -6 -13 -12 -10 -15 -12 -9 -7 -3 -14 -9 -7 -11 -7 7 -10 0 0 0 0 0 0 0 0 0 0 0 0 0 0 0 0 0 0 0 0 0 0 -1 -15 2 -16 4 -15 1 -12 1 -8 -1 -5 5 0 0 4 3 8 4 9 11 18 12 20 8 14 19 19 12 20 20 19 20 15 18 15 22 13 14 10 10 7 4 10 3 5 -2 7 -13 9 -18 11 ]
CSI_DATA,STA,E4:D1:24:F1:41:40,-86,10,0,0,0,0,0,0,0,0,0,-97,0,13,0,69893911,0,389,0,0,70.287,128,[-123 81 24 0 -27 8 -30 16 -27 15 -24 18 -19 16 -15 13 -11 9 -11 3 -7 3 -4 2 -2 -4 -4 -7 -4 -7 -1 -9 1 -13 -3 -13 -4 -14 -6 -17 -1 -19 -1 -18 2 -17 4 -15 3 -8 5 0 -10 -7 0 0 0 0 0 0 0 0 0 0 0 0 0 0 0 0 0 0 0 0 0 0 -4 -18 -4 -18 0 -14 -2 -11 2 -8 1 -8 -2 2 -3 4 9 8 7 11 5 14 12 14 14 17 15 16 18 14 19 18 15 16 17 9 11 12 9 10 4 11 5 6 -10 2 -7 6 -8 3 -21 10 ]
CSI_DATA,STA,E4:D1:24:F1:41:40,-87,10,0,0,0,0,0,0,0,0,0,-97,0,13,0,70303515,0,389,0,0,70.6969,128,[-123 81 24 0 17 -23 16 -31 16 -25 13 -26 7 -17 11 -14 5 -14 11 -12 4 -8 4 -1 3 4 5 4 -7 8 2 11 -9 13 -1 14 -8 11 -3 14 -7 22 -4 10 -2 14 -2 12 -4 4 -3 4 9 5 0 0 0 0 0 0 0 0 0 0 0 0 0 0 0 0 0 0 0 0 0 0 11 -8 15 -5 14 -5 11 -1 8 -1 5 -3 1 1 -4 5 -8 1 -15 0 -17 0 -18 5 -22 7 -23 10 -18 7 -21 10 -17 6 -19 11 -14 4 -14 4 -13 2 -4 -4 -5 -4 2 -12 9 -10 8 -17 ]
CSI_DATA,STA,E4:D1:24:F1:41:40,-87,10,0,0,0,0,0,0,0,0,0,-97,0,13,0,70405918,0,389,0,0,70.7992,128,[-123 81 24 0 24 12 26 5 20 7 21 -3 19 0 14 -9 18 2 6 0 3 -6 3 1 -1 1 -3 3 -2 7 -7 4 -9 14 -11 13 -5 12 -3 14 -4 11 -5 11 -4 9 -4 9 -4 6 -7 8 -5 -6 0 0 0 0 0 0 0 0 0 0 0 0 0 0 0 0 0 0 0 0 0 0 -12 6 -9 1 -11 2 -11 4 -7 1 -6 -4 -3 1 -1 -5 2 -5 5 -9 4 -11 4 -14 -1 -15 -1 -21 5 -23 5 -18 5 -23 1 -16 2 -12 -1 -13 1 -12 5 -3 -1 -1 5 2 8 3 20 8 ]
CSI_DATA,STA,E4:D1:24:F1:41:40,-86,10,0,0,0,0,0,0,0,0,0,-97,0,13,0,70713125,0,389,0,0,71.1065,128,[-123 81 24 0 -6 -30 -11 -32 -11 -26 -15 -27 -4 -17 -5 -13 -7 -16 -7 -6 -3 -6 2 -3 2 3 9 2 4 3 10 13 13 9 13 9 14 14 9 12 14 14 13 6 5 10 6 6 4 6 -1 1 6 13 0 0 0 0 0 0 0 0 0 0 0 0 0 0 0 0 0 0 0 0 0 0 13 -12 15 -9 11 -6 5 -5 5 -4 5 2 -1 2 -2 1 -5 3 -11 10 -13 13 -10 17 -10 15 -13 22 -16 13 -14 14 -16 14 -13 15 -9 14 -11 11 -4 2 -9 -1 -1 -3 -4 -9 -7 -19 -5 -21 ]
CSI_DATA,STA,E4:D1:24:F1:41:40,-87,10,0,0,0,0,0,0,0,0,0,-97,0,13,0,71122735,0,389,0,0,71.5162,128,[-123 81 24 0 20 22 16 17 17 12 20 11 14 11 14 11 7 6 5 4 6 4 -2 10 0 14 -6 10 -6 13 -10 7 -14 16 -10 1 -23 28 -5 5 -17 17 -8 16 -4 8 -10 13 -10 0 -5 1 1 5 0 0 0 0 0 0 0 0 0 0 0 0 0 0 0 0 0 0 0 0 0 0 -15 -4 -14 -3 -11 -2 -12 -1 -7 -6 -1 -4 1 -6 -3 -4 3 -2 10 -4 11 -12 8 -10 18 -12 11 -17 12 -12 11 -15 9 -15 16 -14 10 -20 9 -15 9 -8 8 0 5 -3 8 5 13 8 16 17 ]
CSI_DATA,STA,E4:D1:24:F1:41:40,-86,10,0,0,0,0,0,0,0,0,0,-97,0,13,0,71327797,0,389,0,0,71.7211,128,[-123 81 24 0 -25 -24 -21 -19 -23 -18 -23 -12 -23 -14 -24 -6 -16 -4 -7 -8 -6 -6 0 -7 2 -12 5 -5 6 -11 6 -9 8 -15 10 -21 13 -19 8 -16 6 -17 4 -16 -2 -14 2 -12 5 -10 1 -11 14 -9 0 0 0 0 0 0 0 0 0 0 0 0 0 0 0 0 0 0 0 0 0 0 6 18 3 15 3 13 4 7 1 10 -2 7 -3 1 -8 0 -8 -1 -15 -9 -15 -3 -18 4 -18 2 -25 6 -20 4 -27 6 -18 6 -19 9 -18 7 -17 9 -14 2 -13 -2 -14 -1 -12 -5 -12 -18 -13 -21 ]
CSI_DATA,STA,E4:D1:24:F1:41:40,-85,10,0,0,0,0,0,0,0,0,0,-97,0,13,0,71532405,0,389,0,0,71.9257,128,[-123 81 24 0 -11 -29 -12 -28 -26 -16 -20 -16 -17 -14 -16 -8 -11 -13 -6 -10 -6 -4 -7 -9 6 -12 5 -13 4 -15 8 -16 7 -16 11 -18 3 -16 8 -15 0 -21 5 -18 -1 -12 2 -13 -3 -11 1 -10 7 0 0 0 0 0 0 0 0 0 0 0 0 0 0 0 0 0 0 0 0 0 0 0 -7 16 -3 15 -7 9 -6 9 -2 4 -5 11 -9 1 -6 -2 -7 -5 -7 -6 -8 -10 -13 -7 -17 -13 -15 -4 -17 -8 -21 -8 -25 1 -19 3 -21 -2 -18 0 -18 -3 -3 -8 -5 -3 -14 -11 -5 -19 -10 -25 ]
CSI_DATA,STA,E4:D1:24:F1:41:40,-87,10,0,0,0,0,0,0,0,0,0,-97,0,13,0,71634748,0,389,0,0,72.0281,128,[-123 81 24 0 1 31 1 31 2 25 7 19 10 22 3 14 3 12 0 7 -2 7 -7 2 -10 3 -14 -4 -13 4 -13 -1 -18 2 -17 5 -22 9 -18 3 -19 3 -14 1 -10 -2 -16 3 -8 0 -4 -3 -12 5 0 0 0 0 0 0 0 0 0 0 0 0 0 0 0 0 0 0 0 0 0 0 -4 -19 -2 -16 -5 -13 -3 -10 1 -7 0 -4 2 2 1 0 11 2 11 7 7 2 14 5 20 10 21 9 25 7 24 11 21 2 18 -1 14 -3 15 1 10 2 7 4 4 14 -3 16 4 13 2 15 ]
CSI_DATA,STA,E4:D1:24:F1:41:40,-86,10,0,0,0,0,0,0,0,0,0,-97,0,13,0,71839785,0,389,0,0,72.2332,128,[-123 81 24 0 -36 2 -33 4 -36 11 -28 8 -24 10 -20 3 -21 2 -14 -1 -7 -4 -3 1 3 -5 -3 -16 3 -12 6 -13 4 -21 8 -18 8 -19 12 -17 9 -19 10 -19 9 -10 5 -13 7 -9 6 -3 -7 -9 0 0 0 0 0 0 0 0 0 0 0 0 0 0 0 0 0 0 0 0 0 0 5 -20 -2 -16 2 -10 -1 -13 -1 -6 3 -4 6 2 5 4 4 5 4 10 6 16 11 19 11 24 9 24 12 21 14 19 18 16 13 19 12 16 5 15 3 13 -1 8 -3 4 -11 2 -26 1 -26 7 ]
CSI_DATA,STA,E4:D1:24:F1:41:40,-85,10,0,0,0,0,0,0,0,0,0,-97,0,13,0,71941955,0,389,0,0,72.3353,128,[-123 81 24 0 32 -5 33 -12 31 -15 25 -15 28 -9 16 -11 12 -9 10 -5 9 1 2 -1 0 4 -9 9 -8 14 -6 19 -8 15 -9 19 -5 20 -8 20 -2 21 -4 14 -8 13 -5 12 -9 9 -11 8 -5 -6 0 0 0 0 0 0 0 0 0 0 0 0 0 0 0 0 0 0 0 0 0 0 8 9 9 10 7 11 6 8 2 0 -2 0 -6 -1 -3 -2 -9 -8 -12 -12 -13 -14 -16 -15 -18 -16 -19 -18 -25 -20 -26 -17 -18 -14 -21 -16 -21 -15 -12 -8 -8 -3 -6 -8 5 -9 15 -3 17 -5 25 -10 ]
CSI_DATA,STA,E4:D1:24:F1:41:40,-85,10,0,0,0,0,0,0,0,0,0,-97,0,13,0,71966049,0,64,0,0,72.3675,128,[64 0 4 0 22 -26 23 -27 19 -28 19 -25 11 -20 11 -20 11 -17 10 -9 0 -5 5 -3 5 7 4 8 8 10 0 17 5 20 9 19 3 22 1 22 2 17 -1 19 5 17 -1 13 -2 12 2 9 -10 5 0 0 0 0 0 0 0 0 0 0 0 0 0 0 0 0 0 0 0 0 0 0 5 16 9 16 7 14 5 11 0 11 -6 1 -3 0 -7 -2 -3 -7 -12 -10 -17 -5 -22 -15 -18 -16 -25 -13 -22 -16 -23 -17 -20 -9 -14 -7 -21 -8 -13 -7 -5 -8 0 -4 -2 -8 9 -4 14 -14 17 -13 ]
CSI_DATA,STA,E4:D1:24:F1:41:40,-85,10,0,0,0,0,0,0,0,0,0,-97,0,13,0,72044358,0,389,0,0,72.4376,128,[-123 81 24 0 10 33 9 32 15 30 16 24 12 27 11 16 6 11 0 7 -1 12 -1 4 -4 -2 -12 1 -22 -3 -20 -2 -18 -2 -16 1 -23 2 -25 0 -21 1 -18 -4 -15 -1 -13 0 -12 0 -10 -2 -9 -11 0 0 0 0 0 0 0 0 0 0 0 0 0 0 0 0 0 0 0 0 0 0 -16 -1 -19 -5 -13 -3 -10 -2 -8 -2 -6 -3 -2 0 4 0 6 -3 9 -8 14 -5 16 -8 19 -12 0 21 21 -20 29 -15 19 -11 18 -15 15 -6 6 -14 9 -8 7 2 2 4 2 19 0 20 3 20 ]
CSI_DATA,STA,E4:D1:24:F1:41:40,-85,10,0,0,0,0,0,0,0,0,0,-97,0,13,0,72351565,0,389,0,0,72.7449,128,[-123 81 24 0 -31 13 -33 18 -31 14 -24 17 -25 14 -15 14 -15 9 -8 6 -7 1 -2 3 2 -1 0 -8 -1 -15 2 -17 4 -15 13 -17 5 -23 8 -19 15 -16 11 -13 10 -12 9 -10 6 -12 4 -7 14 4 0 0 0 0 0 0 0 0 0 0 0 0 0 0 0 0 0 0 0 0 0 0 -12 -10 -12 -14 -13 -8 -5 -10 -5 -4 -2 -3 1 0 5 4 11 -2 10 2 11 7 14 5 19 10 21 10 29 7 19 11 18 10 18 8 17 7 14 5 11 2 5 6 1 1 -11 7 -15 12 -15 14 ]
CSI_DATA,STA,E4:D1:24:F1:41:40,-85,10,0,0,0,0,0,0,0,0,0,-97,0,13,0,72453967,0,389,0,0,72.8473,128,[-123 81 24 0 -30 19 -26 22 -23 23 -23 19 -14 18 -17 20 -20 7 -7 7 -8 4 -7 -2 -11 -3 -3 -10 -3 -12 -6 -14 -9 -15 -6 -22 -12 -24 -9 -19 -12 -19 -9 -22 -8 -14 -7 -14 -6 -11 -4 -6 11 -10 0 0 0 0 0 0 0 0 0 0 0 0 0 0 0 0 0 0 0 0 0 0 4 -15 6 -18 4 -15 5 -15 2 -6 2 -3 8 4 1 6 3 8 5 18 5 12 6 22 13 23 15 25 10 19 20 28 16 22 15 17 9 16 4 15 4 11 4 10 -6 6 -14 5 -22 6 -22 8 ]
CSI_DATA,STA,E4:D1:24:F1:41:40,-85,10,0,0,0,0,0,0,0,0,0,-97,0,13,0,72658772,0,389,0,0,73.0521,128,[-123 81 24 0 -36 -2 -30 4 -31 4 -30 5 -29 7 -23 4 -20 4 -7 5 -6 -5 -7 -6 -3 -9 5 -14 8 -18 4 -15 7 -18 8 -20 7 -19 8 -20 5 -22 6 -17 5 -13 5 -19 3 -14 0 -11 14 0 0 0 0 0 0 0 0 0 0 0 0 0 0 0 0 0 0 0 0 0 0 0 8 -15 6 -16 4 -14 5 -14 5 -6 4 -4 -1 7 -2 7 -5 8 -3 13 1 20 1 23 -2 25 6 28 11 24 10 29 4 26 7 19 6 23 1 17 -1 10 -2 6 -6 8 -9 1 -25 -2 -29 -9 ]
CSI_DATA,STA,E4:D1:24:F1:41:40,-85,10,0,0,0,0,0,0,0,0,0,-97,0,13,0,72863577,0,389,0,0,73.257,128,[-123 81 24 0 -31 -3 -38 -5 -33 -4 -31 -1 -28 2 -21 -5 -13 4 -5 7 -1 -3 -2 -6 2 -7 5 -10 5 -14 6 -17 3 -21 7 -15 12 -19 13 -20 9 -13 4 -18 8 -13 10 -9 5 -13 6 -10 12 -4 0 0 0 0 0 0 0 0 0 0 0 0 0 0 0 0 0 0 0 0 0 0 4 -7 10 -7 6 -8 5 -4 8 -2 5 3 -2 9 -5 4 -2 9 0 11 -5 18 -8 21 -2 21 -3 20 2 24 1 24 -2 20 -4 18 2 16 2 13 0 6 -10 1 -12 -4 -16 -6 -22 -8 -25 -6 ]
CSI_DATA,STA,E4:D1:24:F1:41:40,-86,10,0,0,0,0,0,0,0,0,0,-97,0,13,0,72966293,0,389,0,0,73.3595,128,[-123 81 24 0 12 -32 19 -31 10 -31 9 -29 7 -24 6 -20 2 -9 6 -7 6 -4 2 -1 2 11 2 10 1 17 4 17 8 17 8 18 10 22 11 19 6 17 8 15 7 12 6 12 3 5 6 4 1 15 0 0 0 0 0 0 0 0 0 0 0 0 0 0 0 0 0 0 0 0 0 0 17 8 11 4 12 3 6 5 6 5 0 0 -5 2 -3 -1 -10 -1 -17 -4 -18 0 -21 -3 -26 -6 -25 -9 -29 -2 -24 -3 -21 0 -25 -2 -19 -3 -16 -5 -14 -7 -4 -11 4 -17 11 -13 10 -14 14 -24 ]
CSI_DATA,STA,E4:D1:24:F1:41:40,-85,10,0,0,0,0,0,0,0,0,0,-97,0,13,0,73007970,0,64,0,0,73.4009,128,[64 0 4 0 23 -27 22 -27 20 -23 18 -22 19 -23 12 -20 9 -9 5 -5 6 -8 -1 5 4 10 2 12 2 14 4 14 5 20 2 22 5 19 3 20 6 16 8 16 5 13 3 13 2 5 0 3 -2 12 0 0 0 0 0 0 0 0 0 0 0 0 0 0 0 0 0 0 0 0 0 0 4 13 7 13 4 9 -1 5 1 7 -3 3 -4 2 -4 -2 -11 -6 -12 -10 -14 -11 -20 -15 -19 -9 -28 -15 -24 -10 -22 -17 -18 -11 -14 -14 -15 -9 -15 -4 -6 -15 1 -4 6 -10 13 -10 12 -10 18 -21 ]
CSI_DATA,STA,E4:D1:24:F1:41:40,-86,10,0,0,0,0,0,0,0,0,0,-97,0,13,0,73170785,0,389,0,0,73.564,128,[-123 81 24 0 -31 5 -35 7 -32 9 -28 2 -22 15 -18 6 -12 3 -6 2 -3 1 -7 -6 0 -8 -1 -13 -2 -10 -2 -19 -1 -23 -6 -17 -8 -17 -11 -16 -7 -16 -7 -16 -7 -15 -1 -17 0 -8 1 -5 2 7 0 0 0 0 0 0 0 0 0 0 0 0 0 0 0 0 0 0 0 0 0 0 15 -11 16 -8 6 -7 12 -3 9 -1 1 5 2 4 -6 3 -1 9 -4 7 -5 23 -10 17 -13 25 -5 22 -4 22 -1 19 1 22 1 21 -2 15 -2 12 0 12 -9 8 -12 4 -9 2 -17 -1 -21 -3 ]
CSI_DATA,STA,E4:D1:24:F1:41:40,-86,10,0,0,0,0,0,0,0,0,0,-97,0,13,0,73274657,0,389,0,0,73.6679,128,[-123 81 24 0 -25 -26 -25 -22 -27 -10 -29 -10 -20 -11 -23 -13 -17 -6 -17 1 -15 -5 2 -8 2 -5 5 -4 6 -10 11 -4 16 -10 17 -16 20 -12 15 -15 13 -9 17 -14 15 -7 9 -12 8 -4 5 5 7 -8 0 0 0 0 0 0 0 0 0 0 0 0 0 0 0 0 0 0 0 0 0 0 19 -6 15 0 10 -1 9 1 4 -3 0 2 -3 4 -3 5 -5 9 -10 9 -12 11 -12 20 -15 9 -15 16 -17 21 -7 18 -11 24 -6 18 -7 17 -7 13 -5 7 -12 2 -11 -9 -11 -10 -14 -13 -20 -19 ]
CSI_DATA,STA,E4:D1:24:F1:41:40,-86,10,0,0,0,0,0,0,0,0,0,-97,0,13,0,73377121,0,389,0,0,73.7705,128,[-123 81 24 0 -3 32 5 31 -2 31 7 26 5 17 5 18 0 15 0 17 -3 6 -1 3 -5 0 -8 2 -14 0 -19 -7 -17 -2 -22 -5 -19 -2 -20 -5 -17 -6 -17 -3 -17 -4 -13 -2 -14 -1 -14 -5 2 -11 0 0 0 0 0 0 0 0 0 0 0 0 0 0 0 0 0 0 0 0 0 0 -12 -14 -16 -10 -9 -8 -8 -10 -9 -11 -2 -9 -1 -4 5 4 10 1 14 3 12 1 16 4 17 2 23 4 24 0 22 0 22 0 19 -6 18 -5 12 0 6 -2 4 2 -3 11 1 9 -6 14 -5 23 ]
CSI_DATA,STA,E4:D1:24:F1:41:40,-87,10,0,0,0,0,0,0,0,0,0,-97,0,13,0,73580586,0,389,0,0,73.9739,128,[-123 81 24 0 29 -13 30 -19 28 -13 26 -19 23 -12 20 -13 13 -12 10 -6 4 -2 2 3 -2 0 1 9 -2 19 2 22 4 18 8 22 5 21 6 15 2 22 -3 17 1 14 -3 16 1 5 1 2 -17 4 0 0 0 0 0 0 0 0 0 0 0 0 0 0 0 0 0 0 0 0 0 0 -7 16 -8 13 -9 10 -7 3 -6 1 -6 0 0 -5 -3 -6 -6 -13 -1 -17 -1 -15 -11 -21 -9 -23 -2 -29 -12 -23 -8 -25 -6 -21 -11 -17 -10 -14 -6 -10 -4 -7 -1 -9 10 -3 8 -3 18 -4 23 -9 ]
CSI_DATA,STA,E4:D1:24:F1:41:40,-86,10,0,0,0,0,0,0,0,0,0,-97,0,13,0,73785200,0,389,0,0,74.1786,128,[-123 81 24 0 29 -9 32 -14 30 -11 29 -13 22 -9 14 -11 14 -10 9 -6 4 2 3 3 4 11 5 10 5 12 4 18 12 17 7 17 10 20 11 15 9 16 5 15 13 10 9 8 6 12 -1 8 -10 -3 0 0 0 0 0 0 0 0 0 0 0 0 0 0 0 0 0 0 0 0 0 0 -17 1 -17 1 -13 -3 -11 -3 -5 -4 -6 -4 -2 -4 3 -8 3 -7 -4 -12 6 -10 3 -18 4 -24 6 -18 7 -23 4 -25 -5 -22 -3 -18 0 -14 -1 -14 3 -11 6 -9 10 -6 16 0 23 -2 26 -3 ]
CSI_DATA,STA,E4:D1:24:F1:41:40,-86,10,0,0,0,0,0,0,0,0,0,-97,0,13,0,74090198,0,64,0,0,74.4833,128,[64 0 4 0 14 25 21 26 24 18 21 14 14 15 18 16 13 5 5 8 6 3 -4 7 -5 5 -9 4 -5 8 -10 14 -10 10 -15 14 -12 15 -13 14 -14 17 -13 15 -9 12 -13 12 -9 10 -5 11 -9 -8 0 0 0 0 0 0 0 0 0 0 0 0 0 0 0 0 0 0 0 0 0 0 -3 -15 -7 -17 -4 -9 -2 -12 -1 -12 -1 -6 0 -6 3 3 9 -3 11 3 13 2 16 3 20 -2 20 3 26 0 23 -4 18 -5 23 -2 19 -5 16 -3 12 5 4 1 16 7 7 12 10 17 8 20 ]
CSI_DATA,STA,E4:D1:24:F1:41:40,-87,10,0,0,0,0,0,0,0,0,0,-97,0,13,0,74706824,0,389,0,0,75.1,128,[-123 81 24 0 25 9 20 9 21 1 18 1 25 -2 13 -3 10 2 6 -5 3 4 -1 3 8 9 -3 9 -1 10 1 11 -3 13 0 14 -3 15 -6 13 -1 13 -1 7 -1 9 -2 6 -5 6 -6 3 3 11 0 0 0 0 0 0 0 0 0 0 0 0 0 0 0 0 0 0 0 0 0 0 -11 -5 -15 -3 -6 -2 -9 0 -8 -4 -2 -6 0 -6 5 -11 -2 -4 7 -11 6 -9 10 -11 8 -17 9 -15 12 -19 14 -16 11 -22 9 -14 5 -14 9 -16 7 -2 15 -12 7 1 11 -2 18 4 19 3 ]
CSI_DATA,STA,E4:D1:24:F1:41:40,-88,10,0,0,0,0,0,0,0,0,0,-97,0,13,0,74809226,0,389,0,0,75.2026,128,[-123 81 24 0 21 6 26 3 23 8 21 3 20 7 13 2 14 2 10 -1 4 1 1 1 2 0 0 3 4 16 2 9 -5 10 4 12 2 16 -3 19 0 14 1 13 -3 10 -2 9 5 7 -3 4 2 13 0 0 0 0 0 0 0 0 0 0 0 0 0 0 0 0 0 0 0 0 0 0 -15 -7 -15 -6 -7 -6 -7 -6 -6 -6 -6 -4 0 -4 7 -6 9 -7 3 -9 7 -4 11 -9 13 -9 16 -7 17 -13 9 -17 13 -13 7 -15 11 -13 6 -13 7 -11 4 -10 13 -8 9 -1 9 3 22 4 ]
CSI_DATA,STA,E4:D1:24:F1:41:40,-87,10,0,0,0,0,0,0,0,0,0,-97,0,13,0,74911629,0,389,0,0,75.305,128,[-123 81 24 0 7 24 14 23 15 27 13 16 11 15 11 13 6 16 5 8 4 6 1 11 -1 1 -8 6 -9 6 -11 3 -10 7 -12 7 -16 11 -20 3 -12 10 -14 4 -11 9 -12 5 -4 3 -7 -2 -17 9 0 0 0 0 0 0 0 0 0 0 0 0 0 0 0 0 0 0 0 0 0 0 -13 -9 -10 -9 -10 -7 -4 -9 -4 -7 -2 -5 1 -7 5 -1 10 -3 10 0 11 -6 13 2 20 -4 17 -4 20 -8 24 -10 15 -5 21 -8 16 -8 10 -7 12 -6 5 1 5 2 6 7 8 6 7 16 ]
CSI_DATA,STA,E4:D1:24:F1:41:40,-88,10,0,0,0,0,0,0,0,0,0,-97,0,13,0,75321239,0,389,0,0,75.7146,128,[-123 81 24 0 2 -25 -1 -22 -1 -30 1 -19 -4 -15 1 -18 -1 -8 0 -8 -4 -8 2 -3 8 -1 8 -1 8 1 7 1 13 3 10 1 13 1 15 -4 10 -1 10 3 13 -2 11 0 6 0 1 5 -2 -9 0 0 0 0 0 0 0 0 0 0 0 0 0 0 0 0 0 0 0 0 0 0 4 13 4 12 3 12 0 9 -2 3 -3 4 4 -2 -4 -2 -8 -3 -12 -2 -10 -7 -14 -9 -13 -8 -16 -7 -18 -5 -18 -4 -16 -7 -12 -1 -14 2 -7 -6 -11 -3 -9 -7 1 -7 6 -11 4 -16 9 -21 ]
CSI_DATA,STA,E4:D1:24:F1:41:40,-87,10,0,0,0,0,0,0,0,0,0,-97,0,13,0,75628446,0,389,0,0,76.0218,128,[-123 81 24 0 -7 28 -6 27 -1 26 1 20 -2 25 6 15 -2 20 -4 7 0 6 -4 2 0 -1 -2 -13 -5 -10 -5 -12 -8 -11 -3 -12 -10 -16 -7 -16 -8 -15 -7 -17 -7 -10 -1 -10 0 -10 -1 -9 12 -6 0 0 0 0 0 0 0 0 0 0 0 0 0 0 0 0 0 0 0 0 0 0 -12 4 -10 5 -12 0 -11 -2 -5 1 -3 -4 1 -5 2 -1 7 -4 7 -7 3 -7 16 -7 14 -9 15 -10 17 -19 11 -15 11 -9 15 -10 11 -11 11 -6 6 -6 6 -1 -4 6 0 13 -5 16 -2 23 ]
CSI_DATA,STA,E4:D1:24:F1:41:40,-87,10,0,0,0,0,0,0,0,0,0,-97,0,13,0,75935654,0,389,0,0,76.329,128,[-123 81 24 0 7 25 11 20 13 22 15 22 9 16 11 15 13 11 5 9 6 5 -1 3 1 -1 0 -3 -8 -1 -8 0 -7 -2 -13 -7 -16 -6 -10 -7 -12 -6 -13 -7 -14 -8 -9 -6 -9 -6 -1 -3 0 8 0 0 0 0 0 0 0 0 0 0 0 0 0 0 0 0 0 0 0 0 0 0 -7 12 -11 9 -9 5 -7 7 -7 5 -8 4 2 2 7 -4 5 -4 10 -8 3 -12 10 -14 4 -15 9 -20 5 -23 13 -23 11 -17 5 -20 8 -16 -2 -16 2 -3 2 -9 7 3 4 3 10 6 6 19 ]
CSI_DATA,STA,E4:D1:24:F1:41:40,-85,10,0,0,0,0,0,0,0,0,0,-97,0,13,0,76140687,0,389,0,0,76.5341,128,[-123 81 24 0 -12 -31 -14 -28 -12 -27 -13 -27 -14 -25 -10 -21 -7 -20 -2 -9 -10 -13 0 -8 2 -4 5 -1 2 2 11 -1 11 3 13 3 18 5 17 -1 21 4 19 4 11 5 13 8 8 2 8 1 1 11 0 0 0 0 0 0 0 0 0 0 0 0 0 0 0 0 0 0 0 0 0 0 18 -10 14 -6 15 -3 13 -3 9 -2 -1 -3 0 1 -3 6 -5 3 -13 5 -15 10 -12 12 -23 11 -19 17 -19 15 -14 17 -16 18 -16 16 -10 13 -10 10 -7 8 -6 4 2 -3 -2 -3 -6 -21 0 -23 ]
CSI_DATA,STA,E4:D1:24:F1:41:40,-86,10,0,0,0,0,0,0,0,0,0,-97,0,13,0,76206439,0,64,0,0,76.5992,128,[64 0 4 0 18 -24 16 -26 16 -22 11 -25 8 -19 9 -19 3 -16 7 -16 5 -7 -1 -10 3 -4 3 6 3 10 5 9 7 7 6 15 8 13 9 10 9 12 8 11 10 15 7 8 6 7 3 6 -6 14 0 0 0 0 0 0 0 0 0 0 0 0 0 0 0 0 0 0 0 0 0 0 9 14 6 11 2 13 5 12 1 8 -4 1 -1 2 -2 -1 -10 -2 -8 -6 -11 -11 -20 -9 -18 -13 -19 -10 -16 -9 -29 -11 -27 -6 -21 -1 -22 -7 -18 -5 -13 -1 -7 0 -7 -8 8 -13 5 -13 15 -13 ]
CSI_DATA,STA,E4:D1:24:F1:41:40,-86,10,0,0,0,0,0,0,0,0,0,-97,0,13,0,76242861,0,389,0,0,76.6359,128,[-123 81 24 0 2 -27 0 -29 3 -30 -9 -25 1 -24 -1 -24 -3 -19 -6 -11 -3 -8 0 -4 -1 -5 4 0 7 -2 12 4 10 3 14 11 17 10 11 8 15 7 8 10 9 6 6 13 5 4 4 5 -11 7 0 0 0 0 0 0 0 0 0 0 0 0 0 0 0 0 0 0 0 0 0 0 13 8 11 9 10 7 8 8 9 9 3 2 -2 5 0 -5 -9 -3 -13 2 -16 -5 -17 0 -19 -3 -23 -2 -19 -1 -24 1 -16 2 -23 5 -14 3 -17 2 -12 4 -10 -9 -6 -10 0 -13 6 -15 2 -21 ]
CSI_DATA,STA,E4:D1:24:F1:41:40,-85,10,0,0,0,0,0,0,0,0,0,-97,0,13,0,76447710,0,389,0,0,76.841,128,[-123 81 24 0 -17 -28 -21 -24 -18 -29 -22 -20 -19 -16 -14 -19 -9 -12 -6 -12 -6 -7 -3 -8 8 -2 5 -11 14 -5 12 -1 16 3 16 -1 18 -3 17 -3 17 -4 16 -4 18 -2 11 -1 10 0 9 4 -4 -9 0 0 0 0 0 0 0 0 0 0 0 0 0 0 0 0 0 0 0 0 0 0 16 -10 14 -10 11 -4 7 -5 8 -3 1 -1 2 7 -4 9 -2 6 -10 6 -12 12 -12 12 -15 18 -18 18 -16 19 -13 23 -15 22 -5 14 -12 17 -9 11 -5 11 -11 3 -10 -1 -8 -10 -12 -15 -10 -9 ]
CSI_DATA,STA,E4:D1:24:F1:41:40,-88,10,0,0,0,0,0,0,0,0,0,-97,0,13,0,76857277,0,389,0,0,77.2507,128,[-123 81 24 0 -13 -26 -9 -20 -17 -23 -13 -20 -11 -17 -12 -8 -12 -9 -6 -12 -8 -8 -3 -5 -4 -5 8 -8 10 -3 6 -4 15 0 10 -3 16 -7 13 -8 14 -9 11 -5 11 -2 9 -3 9 -2 5 -1 14 -4 0 0 0 0 0 0 0 0 0 0 0 0 0 0 0 0 0 0 0 0 0 0 18 3 13 3 12 2 14 2 5 -1 5 0 -3 2 -3 1 -5 5 -12 4 -9 8 -16 3 -16 9 -19 5 -14 9 -15 12 -18 10 -16 11 -9 9 -11 8 -18 8 -4 -2 -10 -3 2 -7 -4 -13 -8 -19 ]
CSI_DATA,STA,E4:D1:24:F1:41:40,-87,10,0,0,0,0,0,0,0,0,0,-97,0,13,0,77062175,0,389,0,0,77.4555,128,[-123 81 24 0 -11 -2 -7 -2 -4 -3 -3 -2 -3 -10 -2 -10 2 -20 0 -17 0 -16 0 -20 0 -14 -4 -13 2 -11 -1 -17 1 -10 2 -10 0 -2 0 0 4 2 4 0 0 6 5 7 4 6 6 15 19 12 0 0 0 0 0 0 0 0 0 0 0 0 0 0 0 0 0 0 0 0 0 0 7 5 3 8 5 8 10 7 10 15 9 11 7 13 13 16 9 16 10 13 2 9 9 10 -1 6 -3 7 -4 2 -2 9 -9 -1 -10 2 -15 -1 -18 -3 -19 1 -15 7 -25 6 -27 5 -24 8 -22 10 ]
CSI_DATA,STA,E4:D1:24:F1:41:40,-87,10,0,0,0,0,0,0,0,0,0,-97,0,13,0,77311263,0,64,0,0,77.7044,128,[64 0 4 0 -14 -4 -13 -7 -4 -4 -8 -7 -10 -7 -3 -10 -6 -14 -9 -16 -10 -11 -6 -14 -9 -12 -5 -13 -8 -10 -12 -5 -7 -11 -4 -5 -4 -8 -2 -2 2 -4 3 -4 2 -6 6 -7 6 -8 4 -9 17 -7 0 0 0 0 0 0 0 0 0 0 0 0 0 0 0 0 0 0 0 0 0 0 -5 2 -14 2 -13 2 -10 3 -10 -2 -18 1 -16 8 -11 3 -17 9 -14 6 -8 8 -10 7 -7 2 -7 -2 -1 6 -5 -6 -10 -2 -13 -6 -11 -8 -6 -5 -20 -12 -16 -12 -15 -9 -17 -7 -20 -6 -21 -7 ]
CSI_DATA,STA,E4:D1:24:F1:41:40,-88,10,0,0,0,0,0,0,0,0,0,-97,0,13,0,77676496,0,389,0,0,78.0697,128,[-123 81 24 0 3 -8 2 -7 4 -4 2 1 6 0 12 2 12 9 16 2 13 0 18 4 10 -1 18 -3 15 0 14 0 12 1 5 -1 9 1 4 2 3 3 -1 6 -4 8 -3 8 -4 8 0 7 -5 16 0 0 0 0 0 0 0 0 0 0 0 0 0 0 0 0 0 0 0 0 0 0 -4 -3 -3 -10 -4 -12 -3 -14 -6 -13 -5 -18 -3 -19 -3 -16 -4 -15 -4 -18 -7 -13 -5 -8 -5 -11 -1 -8 0 -9 3 -9 6 -8 9 -3 13 -7 13 -3 13 -9 11 -18 21 -20 13 -16 16 -17 14 -25 ]
CSI_DATA,STA,E4:D1:24:F1:41:40,-89,10,0,0,0,0,0,0,0,0,0,-97,0,13,0,80748572,0,389,0,0,81.142,128,[-123 81 24 0 -10 -6 -6 -7 -3 -7 -3 -5 -3 -7 4 -14 3 -18 2 -15 2 -15 0 -14 2 -11 2 -10 0 -17 0 -16 1 -12 -1 -8 -1 -6 2 -6 7 -4 5 -4 8 -2 7 2 4 2 4 4 0 -10 0 0 0 0 0 0 0 0 0 0 0 0 0 0 0 0 0 0 0 0 0 0 -3 3 -8 0 -12 2 -8 0 -14 6 -11 9 -14 12 -16 2 -11 5 -14 7 -12 8 -5 7 -5 6 -10 7 -2 1 -7 -3 -5 -5 -4 -7 -6 -11 -12 -18 -18 -14 -17 -19 -11 -19 -20 -17 -18 -15 -18 -16 ]
CSI_DATA,STA,E4:D1:24:F1:41:40,-88,10,0,0,0,0,0,0,0,0,0,-97,0,13,0,80851338,0,389,0,0,81.2447,128,[-123 81 24 0 6 13 -3 7 1 6 -10 5 -13 10 -10 0 -11 6 -15 1 -12 9 -16 11 -17 7 -13 10 -8 7 -5 14 -8 9 -9 5 -10 3 -6 2 -3 -4 0 -7 -5 -8 -5 -4 -3 -7 -5 -14 -9 -24 0 0 0 0 0 0 0 0 0 0 0 0 0 0 0 0 0 0 0 0 0 0 9 1 8 0 10 0 16 -1 15 4 17 4 19 4 17 -1 19 0 16 -2 14 3 5 -1 9 -3 9 0 2 0 1 4 -3 10 -4 13 -1 6 -4 14 -4 23 2 24 0 29 5 27 5 26 2 27 ]
CSI_DATA,STA,E4:D1:24:F1:41:40,-87,10,0,0,0,0,0,0,0,0,0,-97,0,13,0,81055780,0,389,0,0,81.4491,128,[-123 81 24 0 -11 5 -7 7 -7 1 -9 -14 -5 -7 -13 -16 -7 -8 -5 -12 -14 -14 -14 -17 -19 -15 -11 -8 -11 -8 -10 -10 -4 -6 -6 -2 -5 -8 0 -5 3 -8 4 -5 3 -1 8 -3 14 0 12 -3 17 8 0 0 0 0 0 0 0 0 0 0 0 0 0 0 0 0 0 0 0 0 0 0 5 5 4 5 5 9 7 11 10 16 8 17 11 14 14 17 11 9 11 14 6 8 2 6 4 7 2 4 -1 6 -7 1 -7 7 -14 9 -18 5 -23 4 -26 13 -24 9 -31 10 -21 11 -18 16 -17 19 ]
CSI_DATA,STA,E4:D1:24:F1:41:40,-86,10,0,0,0,0,0,0,0,0,0,-97,0,13,0,81260585,0,389,0,0,81.6539,128,[-123 81 24 0 -8 9 -11 5 -11 2 -9 -4 -13 -9 -14 -8 -16 -13 -21 -15 -20 -10 -24 -10 -19 -9 -11 -3 -15 -8 -15 -1 -13 -1 -13 -3 -6 -5 -2 -4 -2 -8 -1 -9 2 -8 8 -7 8 -12 12 -12 18 -2 0 0 0 0 0 0 0 0 0 0 0 0 0 0 0 0 0 0 0 0 0 0 1 9 -2 9 -1 12 -1 14 -1 16 0 16 -2 19 1 19 7 15 2 13 6 14 4 15 -7 12 2 8 -1 5 -14 4 -12 2 -17 4 -20 7 -29 6 -28 10 -29 11 -31 14 -24 16 -26 16 -26 18 ]
CSI_DATA,STA,E4:D1:24:F1:41:40,-85,10,0,0,0,0,0,0,0,0,0,-97,0,13,0,81566543,0,64,0,0,81.9597,128,[64 0 4 0 -7 16 -9 5 -14 0 -3 -7 -3 -11 -7 -18 -5 -18 -4 -20 -13 -20 -12 -16 -11 -20 -8 -21 -9 -21 -10 -10 -4 -14 -8 -11 3 -5 0 -6 -1 -4 3 2 1 8 7 5 11 2 8 5 17 18 0 0 0 0 0 0 0 0 0 0 0 0 0 0 0 0 0 0 0 0 0 0 4 4 7 4 10 7 17 8 14 7 19 14 22 10 19 12 19 6 13 11 7 4 12 3 9 10 4 5 -2 5 -7 2 -8 5 -17 8 -18 11 -18 11 -19 13 -23 15 -27 15 -28 19 -23 24 -24 19 ]
CSI_DATA,STA,E4:D1:24:F1:41:40,-86,10,0,0,0,0,0,0,0,0,0,-97,0,13,0,81772598,0,389,0,0,82.1658,128,[-123 81 24 0 -17 -2 -6 -3 0 0 1 -4 11 -9 11 -6 18 -13 18 -20 15 -21 18 -18 15 -14 16 -16 16 -10 8 -13 12 -12 10 -10 8 -1 2 -2 3 -4 2 2 -4 10 -10 3 -13 4 -14 10 -7 -3 0 0 0 0 0 0 0 0 0 0 0 0 0 0 0 0 0 0 0 0 0 0 3 1 9 8 10 5 14 12 17 13 15 14 13 10 15 13 16 10 13 17 19 13 10 7 2 6 4 1 -4 2 -4 -3 -14 0 -17 2 -21 -6 -24 -5 -28 -3 -28 -5 -38 -6 -36 -3 -33 2 -37 0 ]
CSI_DATA,STA,E4:D1:24:F1:41:40,-87,10,0,0,0,0,0,0,0,0,0,-97,0,13,0,81886939,0,389,0,0,82.2803,128,[-123 81 24 0 16 1 5 5 3 1 -7 3 -15 9 -15 10 -13 9 -19 12 -17 14 -19 7 -20 8 -20 10 -15 11 -15 9 -13 10 -11 7 -5 4 -4 -1 -1 -1 -2 0 3 -9 1 -8 4 -2 12 -4 1 -5 0 0 0 0 0 0 0 0 0 0 0 0 0 0 0 0 0 0 0 0 0 0 -8 -1 -11 -4 -19 -3 -15 -8 -17 -6 -17 -10 -21 -13 -21 -13 -18 -13 -16 -13 -16 -7 -13 -16 -10 -6 -5 0 1 -1 1 -1 13 2 13 5 20 1 28 3 26 2 34 6 35 0 33 1 29 4 30 -2 ]
CSI_DATA,STA,E4:D1:24:F1:41:40,-85,10,0,0,0,0,0,0,0,0,0,-97,0,13,0,82489415,0,389,0,0,82.8828,128,[-123 81 24 0 -8 -6 -6 -3 -2 -7 7 5 7 5 15 -1 14 0 17 2 21 -4 17 2 14 2 14 1 18 -1 14 0 10 -2 11 0 2 0 5 -1 3 -1 -2 1 -5 -2 -11 -3 -12 0 -9 1 -21 -14 0 0 0 0 0 0 0 0 0 0 0 0 0 0 0 0 0 0 0 0 0 0 5 0 7 8 10 6 8 14 12 6 6 14 11 15 8 15 12 11 9 16 10 5 6 13 8 12 4 6 1 6 -3 -9 -7 -7 -12 -10 -17 -10 -16 -15 -22 -15 -29 -16 -21 -14 -24 -23 -31 -18 -21 -17 ]
CSI_DATA,STA,E4:D1:24:F1:41:40,-87,10,0,0,0,0,0,0,0,0,0,-97,0,13,0,82591818,0,389,0,0,82.9851,128,[-123 81 24 0 -13 1 -7 2 -6 -1 1 -8 9 -4 8 -9 11 -13 9 -14 9 -17 9 -17 6 -17 7 -19 14 -15 7 -13 4 -16 5 -8 3 -6 1 -3 -2 -3 -2 2 -2 4 1 7 -6 9 -6 10 -16 10 0 0 0 0 0 0 0 0 0 0 0 0 0 0 0 0 0 0 0 0 0 0 7 2 8 4 11 2 12 9 13 8 14 11 16 7 15 14 17 6 15 10 10 7 10 6 6 3 1 3 2 -2 -1 1 -8 2 -14 -1 -19 5 -22 -6 -22 3 -23 3 -28 2 -31 3 -32 4 -27 10 ]
CSI_DATA,STA,E4:D1:24:F1:41:40,-86,10,0,0,0,0,0,0,0,0,0,-97,0,13,0,82899025,0,389,0,0,83.2924,128,[-123 81 24 0 -8 -12 -9 -8 0 -9 -1 0 6 6 10 10 17 10 17 11 22 8 17 7 21 6 15 3 15 11 13 5 10 0 10 5 12 -5 -3 5 3 -5 -7 -1 -7 0 -7 -2 -15 -4 -14 -8 -9 -14 0 0 0 0 0 0 0 0 0 0 0 0 0 0 0 0 0 0 0 0 0 0 2 6 1 8 -5 13 -9 9 -10 16 -7 13 -8 13 -8 16 -5 14 -10 11 -7 12 -10 12 -2 4 -1 7 -3 3 0 -1 -2 -10 2 -13 -3 -19 -2 -22 -8 -26 -11 -30 -10 -25 -11 -29 -10 -32 -8 -30 ]
CSI_DATA,STA,E4:D1:24:F1:41:40,-86,10,0,0,0,0,0,0,0,0,0,-97,0,13,0,83001428,0,389,0,0,83.3947,128,[-123 81 24 0 -16 0 -12 -6 -1 -4 8 -6 7 -6 11 -7 10 -4 19 -10 16 -10 20 -7 21 -11 19 -11 13 -11 15 -7 16 -12 9 -7 8 -3 -2 -1 0 1 -2 3 -10 -3 -7 4 -10 3 -18 3 0 -6 0 0 0 0 0 0 0 0 0 0 0 0 0 0 0 0 0 0 0 0 0 0 4 0 7 1 9 9 11 10 11 9 13 12 16 9 14 9 16 6 13 9 15 10 9 6 13 6 -1 1 -1 3 -3 -2 -10 -4 -10 0 -13 -6 -23 -8 -22 -6 -28 -9 -25 -6 -31 -6 -26 -7 -29 -3 ]
CSI_DATA,STA,E4:D1:24:F1:41:40,-86,10,0,0,0,0,0,0,0,0,0,-97,0,13,0,83413219,0,389,0,0,83.8066,128,[-123 81 24 0 9 20 1 6 0 5 -3 -6 -9 5 -15 -4 -15 -5 -19 -6 -19 -3 -20 -4 -17 -1 -26 -7 -18 1 -18 -2 -15 1 -11 -5 -7 -8 -5 -7 -4 -3 3 -6 5 -2 10 -7 14 -9 10 -11 11 10 0 0 0 0 0 0 0 0 0 0 0 0 0 0 0 0 0 0 0 0 0 0 5 -5 9 -3 10 -8 11 -10 16 -7 14 -14 15 -9 13 -14 13 -15 13 -10 8 -14 9 -10 1 -9 5 -12 2 1 1 3 3 8 -5 13 0 18 -1 19 -4 26 -1 29 5 31 8 30 5 31 12 33 ]
CSI_DATA,STA,E4:D1:24:F1:41:40,-86,10,0,0,0,0,0,0,0,0,0,-97,0,13,0,83615841,0,389,0,0,84.0092,128,[-123 81 24 0 -11 6 -5 5 -2 -3 2 -8 0 -8 1 -17 6 -18 0 -15 -3 -24 5 -19 3 -17 -7 -18 -1 -13 -3 -13 -2 -11 0 -13 7 -10 2 -5 5 0 -1 7 0 3 4 6 6 9 2 8 -6 22 0 0 0 0 0 0 0 0 0 0 0 0 0 0 0 0 0 0 0 0 0 0 6 -1 9 3 12 5 15 3 14 7 17 4 18 4 20 1 16 5 18 3 17 4 12 -1 10 -3 1 -4 0 -4 -4 -2 -9 5 -15 2 -15 6 -23 11 -24 12 -29 12 -24 17 -28 19 -28 20 -27 17 ]
CSI_DATA,STA,E4:D1:24:F1:41:40,-86,10,0,0,0,0,0,0,0,0,0,-97,0,13,0,83688353,0,64,0,0,84.0811,128,[64 0 4 0 -6 13 -7 11 0 1 -1 0 0 -10 -3 -14 -3 -16 -2 -21 -1 -18 -10 -21 -6 -18 -2 -18 -5 -17 -2 -16 -1 -13 0 -8 -3 -6 -1 -3 0 -2 4 -5 4 2 5 4 4 11 -1 13 -1 0 0 0 0 0 0 0 0 0 0 0 0 0 0 0 0 0 0 0 0 0 0 0 6 -4 10 -1 13 -1 10 -2 15 -1 18 1 16 0 16 0 16 -4 18 -2 13 -5 14 -1 7 0 7 -3 1 -2 -8 2 -5 3 -8 9 -12 9 -13 18 -20 23 -22 21 -22 19 -15 28 -16 19 -19 27 ]
CSI_DATA,STA,E4:D1:24:F1:41:40,-87,10,0,0,0,0,0,0,0,0,0,-97,0,13,0,83724442,0,389,0,0,84.1175,128,[-123 81 24 0 11 -3 12 -7 7 0 -5 -1 -1 4 -6 11 -11 15 -8 21 -1 18 -11 16 -7 22 -11 18 -3 12 -6 14 2 9 -4 9 3 13 -6 5 -3 -2 -3 -1 -3 -7 -4 -10 -2 -8 -5 -15 10 -12 0 0 0 0 0 0 0 0 0 0 0 0 0 0 0 0 0 0 0 0 0 0 -4 -4 -7 -6 -7 -7 -4 -13 -9 -14 -9 -19 -6 -18 -7 -14 -11 -16 -5 -20 -8 -13 -3 -9 -10 -12 0 -8 -1 -3 4 0 9 1 8 1 12 -3 17 7 18 6 26 8 29 2 30 7 23 6 25 -5 ]
CSI_DATA,STA,E4:D1:24:F1:41:40,-87,10,0,0,0,0,0,0,0,0,0,-97,0,13,0,83923049,0,389,0,0,84.3164,128,[-123 81 24 0 -3 10 -6 8 -4 1 -6 0 -12 -6 -8 -6 -15 -5 -13 -6 -11 -17 -18 -9 -16 -13 -17 -9 -14 -10 -10 -8 -6 -5 -5 -3 -3 -1 -5 -8 6 1 9 -5 7 -7 7 -2 8 -3 16 -2 2 -1 0 0 0 0 0 0 0 0 0 0 0 0 0 0 0 0 0 0 0 0 0 0 6 -1 7 -5 8 -5 14 -6 14 -2 18 -5 12 -4 19 -1 16 -9 15 -3 10 5 16 -2 11 -1 7 -2 7 1 1 6 -2 7 -7 13 -8 14 -8 15 -12 16 -5 20 -9 29 -3 26 -2 27 0 24 ]
CSI_DATA,STA,E4:D1:24:F1:41:40,-88,10,0,0,0,0,0,0,0,0,0,-97,0,13,0,84025451,0,389,0,0,84.4188,128,[-123 81 24 0 6 -10 6 -3 9 0 9 -4 9 7 14 2 16 3 14 0 12 3 14 3 19 -1 15 2 15 -5 10 -4 9 0 4 -1 4 -1 3 0 0 2 -4 5 -3 0 -5 9 -4 10 -5 6 -15 19 0 0 0 0 0 0 0 0 0 0 0 0 0 0 0 0 0 0 0 0 0 0 -7 -1 -5 -5 -9 -10 -13 -8 -13 -8 -15 -9 -12 -13 -14 -11 -9 -7 -15 -15 -8 -9 -10 -8 -9 -8 0 -7 -4 -6 5 -6 6 -8 10 -13 10 -15 14 -17 10 -16 16 -20 6 -22 7 -25 3 -26 8 -27 ]
CSI_DATA,STA,E4:D1:24:F1:41:40,-86,10,0,0,0,0,0,0,0,0,0,-97,0,13,0,84975997,0,389,0,0,85.3694,128,[-123 81 24 0 -10 -7 1 -10 1 -12 10 -11 8 -15 10 -10 16 -15 20 -14 15 -12 17 -17 12 -18 9 -14 7 -13 8 -9 5 -8 0 -5 10 2 0 6 4 1 1 8 3 12 0 11 0 13 1 8 -3 25 0 0 0 0 0 0 0 0 0 0 0 0 0 0 0 0 0 0 0 0 0 0 -6 4 -4 9 -7 9 -11 11 -10 19 -14 16 -12 13 -13 15 -7 21 -6 12 -8 18 -9 13 -9 13 -7 4 -3 -1 -9 -1 -7 -10 -13 -14 -15 -18 -15 -18 -14 -21 -15 -20 -20 -20 -27 -19 -28 -18 -21 -14 ]
CSI_DATA,STA,E4:D1:24:F1:41:40,-86,10,0,0,0,0,0,0,0,0,0,-97,0,13,0,85049476,0,389,0,0,85.4428,128,[-123 81 24 0 -12 -6 -4 -3 -1 -14 -1 -14 6 -16 3 -19 2 -22 -3 -19 -3 -28 -3 -21 -2 -22 -6 -14 -5 -16 -6 -16 -3 -12 2 -7 4 -5 6 -1 6 3 6 -4 11 3 12 3 17 3 13 7 10 18 0 0 0 0 0 0 0 0 0 0 0 0 0 0 0 0 0 0 0 0 0 0 -8 3 -11 8 -9 9 -12 10 -13 6 -15 7 -13 12 -11 13 -17 9 -10 11 -9 10 -7 5 -10 3 -5 0 -10 1 -5 -2 -8 -6 -11 -9 -17 -11 -19 -16 -23 -17 -18 -17 -22 -20 -27 -15 -29 -17 -27 -12 ]
CSI_DATA,STA,E4:D1:24:F1:41:40,-87,10,0,0,0,0,0,0,0,0,0,-97,0,13,0,85157645,0,389,0,0,85.551,128,[-123 81 24 0 -13 -9 -6 -13 -6 -7 -3 -16 -1 -14 -4 -19 -2 -22 2 -20 -6 -16 -1 -23 -6 -20 -6 -16 -4 -18 -8 -18 -7 -7 3 -13 4 -9 4 -9 1 -3 8 -2 10 3 9 7 18 0 15 0 27 8 0 0 0 0 0 0 0 0 0 0 0 0 0 0 0 0 0 0 0 0 0 0 -6 8 -7 1 -13 7 -12 4 -15 6 -19 7 -20 8 -23 11 -22 10 -12 11 -12 7 -7 8 -11 5 -6 1 -6 -3 -4 -4 -10 -10 -6 -7 -15 -14 -18 -16 -24 -14 -22 -18 -26 -7 -27 -15 -29 -10 -22 -12 ]
CSI_DATA,STA,E4:D1:24:F1:41:40,-87,10,0,0,0,0,0,0,0,0,0,-97,0,13,0,85254281,0,389,0,0,85.6476,128,[-123 81 24 0 2 -16 2 -12 8 -14 14 -5 20 5 17 0 20 2 21 -3 22 -2 18 -13 18 -5 17 2 12 -5 13 -10 7 -6 10 -2 11 -1 1 3 -3 6 -2 9 1 6 -2 12 -1 11 2 11 -5 25 0 0 0 0 0 0 0 0 0 0 0 0 0 0 0 0 0 0 0 0 0 0 -3 -8 -2 -6 -10 -13 -8 -15 -9 -16 -6 -15 -17 -14 -8 -14 -12 -11 -11 -15 -10 -8 -9 -12 -6 -14 -5 -8 3 -3 1 -12 10 -9 10 -12 11 -13 19 -14 19 -21 18 -26 13 -24 10 -32 16 -33 10 -22 ]
CSI_DATA,STA,E4:D1:24:F1:41:40,-86,10,0,0,0,0,0,0,0,0,0,-97,0,13,0,85356684,0,389,0,0,85.75,128,[-123 81 24 0 -18 -11 -15 -6 -4 -11 -5 -10 -4 -15 -5 -13 -1 -23 -4 -19 -5 -20 -6 -18 -1 -17 -5 -15 -9 -21 -8 -18 -2 -16 1 -14 3 -7 2 -3 5 -2 9 -2 9 -1 14 3 26 4 8 -8 9 3 0 0 0 0 0 0 0 0 0 0 0 0 0 0 0 0 0 0 0 0 0 0 2 3 -5 7 -6 10 -13 10 -7 13 -5 17 -7 13 -10 18 -9 19 -4 16 -7 16 -3 18 -7 12 -9 6 -5 8 -9 -2 -12 -4 -16 -10 -19 -13 -20 -8 -26 -11 -28 -9 -29 -7 -32 -5 -25 -2 -26 -2 ]
CSI_DATA,STA,E4:D1:24:F1:41:40,-87,10,0,0,0,0,0,0,0,0,0,-97,0,13,0,85459278,0,389,0,0,85.8526,128,[-123 81 24 0 -16 -1 -9 -6 -1 -8 -1 -10 -3 -16 4 -17 4 -18 -2 -20 -1 -18 -3 -24 -4 -22 0 -21 -5 -17 -4 -18 -1 -11 1 -10 0 -4 6 -5 3 -1 4 4 8 8 8 8 6 8 7 10 3 1 0 0 0 0 0 0 0 0 0 0 0 0 0 0 0 0 0 0 0 0 0 0 0 6 0 8 2 11 -5 13 -1 22 -1 15 -1 23 -2 18 -4 17 4 12 -3 13 -2 15 1 12 -5 10 -8 2 -8 0 -11 0 -15 1 -18 -11 -23 -9 -28 -8 -35 -9 -29 -6 -28 -8 -30 -5 -30 -3 ]
CSI_DATA,STA,E4:D1:24:F1:41:40,-87,10,0,0,0,0,0,0,0,0,0,-97,0,13,0,85561489,0,389,0,0,85.9548,128,[-123 81 24 0 13 6 3 10 0 9 1 9 2 13 -5 19 -2 22 1 19 2 25 5 23 0 17 4 16 4 14 2 19 1 8 -1 9 3 5 -1 2 -8 -3 -9 0 -7 3 -12 -3 -14 -3 -23 -1 -6 -4 0 0 0 0 0 0 0 0 0 0 0 0 0 0 0 0 0 0 0 0 0 0 4 -6 7 -6 8 -8 10 -6 14 -12 13 -10 14 -13 12 -18 16 -17 14 -9 8 -11 7 -12 5 -10 3 -7 6 -4 11 3 5 2 7 10 12 11 19 13 16 14 18 13 25 15 25 15 28 8 27 11 ]
CSI_DATA,STA,E4:D1:24:F1:41:40,-85,10,0,0,0,0,0,0,0,0,0,-97,0,13,0,86075437,0,389,0,0,86.4689,128,[-123 81 24 0 1 -16 8 -6 12 -3 6 -2 15 1 21 7 22 2 20 3 27 5 19 -3 17 0 20 -1 14 -1 14 -5 15 3 12 -1 4 2 3 1 -2 2 -5 7 -9 9 -9 8 -9 9 -8 7 -23 14 0 0 0 0 0 0 0 0 0 0 0 0 0 0 0 0 0 0 0 0 0 0 -11 0 -9 2 -15 -1 -17 0 -16 0 -22 0 -19 2 -23 3 -19 1 -19 2 -14 4 -15 3 -12 3 -7 0 -7 -6 2 -9 3 -14 4 -17 9 -15 6 -29 8 -32 3 -30 2 -31 0 -28 4 -29 0 -27 ]
CSI_DATA,STA,E4:D1:24:F1:41:40,-85,10,0,0,0,0,0,0,0,0,0,-97,0,13,0,86175907,0,389,0,0,86.5692,128,[-123 81 24 0 7 7 2 10 2 2 -11 10 -6 9 -10 18 -11 17 -12 16 -13 16 -15 16 -6 18 -14 17 -8 13 -4 17 -3 7 -6 6 -3 9 -2 2 -3 -5 -8 -6 -3 -15 -2 -16 4 -20 1 -22 -5 -4 0 0 0 0 0 0 0 0 0 0 0 0 0 0 0 0 0 0 0 0 0 0 -1 -6 0 -17 -1 -18 7 -16 3 -17 6 -22 4 -20 -3 -20 -2 -19 5 -19 -1 -14 1 -13 3 -12 -2 -5 0 2 5 1 7 15 8 10 19 11 14 9 24 13 26 22 21 17 28 12 29 13 24 10 ]
CSI_DATA,STA,E4:D1:24:F1:41:40,-86,10,0,0,0,0,0,0,0,0,0,-97,0,13,0,86393609,0,389,0,0,86.7869,128,[-123 81 24 0 5 13 0 5 2 8 -8 7 -4 11 -7 16 -14 19 -13 13 -10 21 -8 22 -8 21 -8 13 -8 14 -9 17 -4 7 -3 8 0 2 -4 -4 -6 -2 -1 -7 -5 -10 -9 -12 -5 -13 -5 -13 -20 -10 0 0 0 0 0 0 0 0 0 0 0 0 0 0 0 0 0 0 0 0 0 0 3 -8 5 -9 10 -10 12 -11 13 -13 15 -17 11 -20 14 -17 12 -19 10 -16 4 -10 5 -5 5 -11 2 -5 8 -5 4 1 10 7 12 17 13 12 16 14 16 18 22 16 32 17 28 17 25 11 23 14 ]
CSI_DATA,STA,E4:D1:24:F1:41:40,-86,10,0,0,0,0,0,0,0,0,0,-97,0,13,0,86483116,0,389,0,0,86.8763,128,[-123 81 24 0 2 5 -2 9 -9 4 -6 1 -16 2 -20 1 -17 5 -25 3 -23 5 -26 0 -21 -3 -22 0 -15 2 -16 5 -11 5 -12 -1 -8 3 0 -3 0 -4 7 -8 9 -11 8 -4 17 -8 13 -4 7 -19 0 0 0 0 0 0 0 0 0 0 0 0 0 0 0 0 0 0 0 0 0 0 3 -10 5 -12 7 -11 9 -17 10 -17 9 -17 7 -18 14 -15 15 -19 11 -18 2 -13 6 -11 6 -4 9 -3 0 2 2 2 4 12 5 11 3 17 8 25 11 26 10 30 7 29 12 26 16 22 11 23 ]
CSI_DATA,STA,E4:D1:24:F1:41:40,-85,10,0,0,0,0,0,0,0,0,0,-97,0,13,0,86587683,0,389,0,0,86.981,128,[-123 81 24 0 2 -11 6 2 5 1 10 0 14 7 15 4 21 6 20 9 16 9 21 7 21 8 15 4 14 6 16 5 9 1 10 3 6 1 1 7 -4 2 -3 7 -11 7 -13 7 -16 2 -14 1 -13 -2 0 0 0 0 0 0 0 0 0 0 0 0 0 0 0 0 0 0 0 0 0 0 -8 -1 -16 -2 -15 -2 -12 -5 -19 -1 -18 1 -22 -6 -17 1 -19 -1 -14 2 -9 1 -15 3 -14 2 -3 -5 0 -2 6 -6 4 -12 6 -18 10 -14 14 -19 12 -30 12 -32 9 -29 12 -33 2 -23 5 -27 ]
CSI_DATA,STA,E4:D1:24:F1:41:40,-85,10,0,0,0,0,0,0,0,0,0,-97,0,13,0,86790322,0,389,0,0,87.1836,128,[-123 81 24 0 -8 2 -9 3 -11 2 -10 -9 -10 -18 -19 -17 -25 -14 -19 -14 -22 -9 -21 -12 -24 -10 -12 -7 -19 -10 -15 -8 -8 -2 -6 -5 -4 -2 3 -4 2 -1 7 -8 10 -7 12 -8 15 -4 13 -3 15 -10 0 0 0 0 0 0 0 0 0 0 0 0 0 0 0 0 0 0 0 0 0 0 10 -4 14 -3 15 4 20 4 18 7 20 4 19 1 23 6 19 5 17 3 14 0 13 2 5 7 1 4 4 3 -3 8 -5 10 -10 16 -17 11 -15 16 -21 23 -16 30 -14 27 -11 22 -15 25 -12 23 ]
CSI_DATA,STA,E4:D1:24:F1:41:40,-86,10,0,0,0,0,0,0,0,0,0,-97,0,13,0,86995199,0,389,0,0,87.3886,128,[-123 81 24 0 12 0 6 -5 8 8 5 7 8 16 6 20 7 24 8 24 10 16 14 19 10 20 10 11 9 15 6 15 5 8 8 2 -1 0 0 6 -5 0 -9 1 -10 -4 -15 -5 -21 -7 -21 -5 -10 -16 0 0 0 0 0 0 0 0 0 0 0 0 0 0 0 0 0 0 0 0 0 0 -4 -6 -3 -11 -3 -18 -8 -14 -2 -20 -9 -20 -10 -16 -10 -18 -4 -15 -9 -17 -6 -12 -3 -12 -4 -8 1 -9 7 -5 10 2 15 3 16 -3 19 4 25 -6 22 -6 26 -10 27 -17 24 -11 28 -9 23 -12 ]
CSI_DATA,STA,E4:D1:24:F1:41:40,-85,10,0,0,0,0,0,0,0,0,0,-97,0,13,0,87302335,0,389,0,0,87.6957,128,[-123 81 24 0 5 -10 11 -9 13 -8 13 -2 15 -3 18 -5 21 -9 24 -1 22 -9 14 -5 18 -12 20 -5 14 -11 15 -7 8 -7 7 -2 5 4 5 0 6 9 2 7 -4 12 0 9 0 11 -2 13 8 25 0 0 0 0 0 0 0 0 0 0 0 0 0 0 0 0 0 0 0 0 0 0 -7 -7 -7 -6 -16 -9 -13 -12 -15 -12 -14 -15 -18 -10 -19 -15 -15 -11 -16 -9 -10 -9 -13 -8 -11 -8 -5 -7 -4 -7 0 -13 5 -15 3 -12 12 -19 12 -26 10 -28 7 -26 8 -28 12 -26 7 -31 4 -24 ]
CSI_DATA,STA,E4:D1:24:F1:41:40,-86,10,0,0,0,0,0,0,0,0,0,-97,0,13,0,87404757,0,389,0,0,87.7981,128,[-123 81 24 0 -5 -8 4 -11 7 -7 12 -16 13 -11 16 -11 19 -16 16 -13 15 -15 11 -17 14 -16 13 -21 9 -21 3 -7 7 -6 5 -7 -1 2 3 2 5 3 -1 8 3 10 0 13 4 14 3 15 6 27 0 0 0 0 0 0 0 0 0 0 0 0 0 0 0 0 0 0 0 0 0 0 -6 7 -9 3 -17 4 -16 -3 -22 5 -15 5 -20 4 -17 9 -15 7 -11 11 -12 8 -12 3 -13 0 -8 -1 -4 -2 -4 -10 -6 -16 -5 -20 -8 -22 -7 -26 -9 -26 -12 -31 -11 -31 -5 -31 -9 -27 -11 -28 ]
CSI_DATA,STA,E4:D1:24:F1:41:40,-85,10,0,0,0,0,0,0,0,0,0,-97,0,13,0,87609542,0,389,0,0,88.0029,128,[-123 81 24 0 -13 7 -7 3 -17 -1 -17 -7 -22 -1 -19 -9 -22 -8 -24 -2 -24 -5 -23 -3 -20 -1 -24 2 -16 4 -17 2 -12 -1 -6 1 -5 -1 -3 -3 1 -10 0 -10 5 -11 7 -16 9 -12 10 -12 1 -11 0 0 0 0 0 0 0 0 0 0 0 0 0 0 0 0 0 0 0 0 0 0 4 10 3 10 0 12 6 16 2 16 7 14 9 16 3 18 11 13 11 12 7 11 3 9 2 11 3 6 -2 9 -4 6 -10 12 -13 7 -17 14 -15 10 -27 19 -16 20 -24 20 -20 22 -13 19 -14 21 ]
CSI_DATA,STA,E4:D1:24:F1:41:40,-85,10,0,0,0,0,0,0,0,0,0,-97,0,13,0,87916750,0,389,0,0,88.3101,128,[-123 81 24 0 2 -12 5 -7 9 0 12 0 20 5 23 -3 20 -2 31 -3 21 -4 22 -5 19 -5 17 -9 15 -6 15 -5 10 -3 4 2 0 3 -2 5 -4 7 -3 6 -6 8 -7 11 -14 14 -8 16 -7 7 0 0 0 0 0 0 0 0 0 0 0 0 0 0 0 0 0 0 0 0 0 0 -9 -1 -12 0 -14 0 -17 -2 -19 -5 -24 -4 -21 -8 -23 0 -21 -5 -15 -1 -11 -2 -11 -3 -9 -4 -2 -4 -1 -10 -1 -17 3 -15 7 -18 8 -23 11 -25 9 -31 9 -28 1 -36 5 -32 -5 -29 9 -26 ]
CSI_DATA,STA,E4:D1:24:F1:41:40,-85,10,0,0,0,0,0,0,0,0,0,-97,0,13,0,87966860,0,64,0,0,88.3598,128,[64 0 4 0 11 4 11 5 -9 9 -5 18 -3 22 -4 16 -1 22 0 25 2 21 1 22 -1 22 3 19 -1 10 0 13 1 4 4 3 2 2 -1 -3 -7 -1 -5 -9 -4 -8 -5 -6 -8 -12 -11 -16 -4 -28 0 0 0 0 0 0 0 0 0 0 0 0 0 0 0 0 0 0 0 0 0 0 -3 -6 -12 -7 -13 -11 -18 -15 -9 -19 -15 -19 -14 -15 -12 -16 -16 -12 -11 -12 -10 -16 -10 -7 -5 -8 2 -8 0 -4 9 -7 13 4 21 3 21 0 20 -7 31 -4 36 -3 32 -9 28 -8 22 -12 24 -12 ]
CSI_DATA,STA,E4:D1:24:F1:41:40,-85,10,0,0,0,0,0,0,0,0,0,-97,0,13,0,88223956,0,389,0,0,88.6172,128,[-123 81 24 0 -8 12 0 6 -10 -1 -10 4 -11 -5 -19 -5 -20 2 -24 -1 -25 1 -23 -1 -22 3 -18 3 -18 1 -19 0 -16 -3 -7 -4 -4 1 1 -5 -2 -5 4 -5 6 -10 10 -15 6 -14 16 -20 20 -6 0 0 0 0 0 0 0 0 0 0 0 0 0 0 0 0 0 0 0 0 0 0 9 2 14 0 15 -2 23 -2 19 -5 19 -5 21 1 20 -1 16 -9 16 -6 14 -2 10 -3 8 -6 3 4 0 3 0 6 -6 13 -7 16 -9 20 -6 26 -4 27 -5 34 -2 29 -1 33 3 27 4 27 ]
CSI_DATA,STA,E4:D1:24:F1:41:40,-86,10,0,0,0,0,0,0,0,0,0,-97,0,13,0,88326359,0,389,0,0,88.7197,128,[-123 81 24 0 -5 7 -5 5 -10 -1 -5 -5 -14 -7 -12 -11 -15 -11 -22 -10 -22 -9 -20 -5 -21 -7 -15 -4 -14 3 -19 -1 -13 -4 -12 -7 -5 -4 5 -5 6 -1 2 -3 10 -6 9 -5 14 -6 17 -7 20 6 0 0 0 0 0 0 0 0 0 0 0 0 0 0 0 0 0 0 0 0 0 0 7 4 12 -2 12 3 16 5 18 0 17 2 22 1 18 4 19 -2 11 -3 13 4 14 -5 9 6 3 4 -2 -3 -2 9 -3 14 -11 14 -11 19 -10 24 -7 29 -10 30 -11 33 -9 32 -1 29 0 28 ]
CSI_DATA,STA,E4:D1:24:F1:41:40,-85,10,0,0,0,0,0,0,0,0,0,-97,0,13,0,88633632,0,389,0,0,89.027,128,[-123 81 24 0 12 0 4 8 -6 8 -4 11 0 11 -12 18 -6 19 -9 21 -11 25 -5 20 -4 21 -9 16 -6 21 -3 11 -5 4 -4 10 -6 1 -5 -1 -6 -4 -4 -3 -3 -7 -1 -12 1 -14 3 -12 -6 -26 0 0 0 0 0 0 0 0 0 0 0 0 0 0 0 0 0 0 0 0 0 0 -11 -5 -5 -9 -12 -10 -10 -14 -14 -17 -12 -17 -9 -19 -16 -19 -13 -17 -8 -12 -14 -15 -8 -15 -3 -8 -1 -5 4 -8 7 -3 15 4 24 -2 20 6 25 2 27 -1 30 2 37 0 37 0 34 -5 27 -6 ]
CSI_DATA,STA,E4:D1:24:F1:41:40,-85,10,0,0,0,0,0,0,0,0,0,-97,0,13,0,88838695,0,389,0,0,89.2321,128,[-123 81 24 0 13 5 6 2 2 8 0 17 -2 19 -2 20 -3 17 -2 23 1 28 3 25 6 21 2 16 0 14 1 16 0 12 -2 10 3 2 -5 1 -7 0 -12 -1 -15 -5 -15 -4 -17 -6 -13 -8 -23 -7 0 0 0 0 0 0 0 0 0 0 0 0 0 0 0 0 0 0 0 0 0 0 6 -6 6 -12 7 -11 8 -15 12 -17 11 -18 9 -20 8 -18 5 -18 9 -16 7 -9 2 -20 9 -11 1 -5 3 -4 9 -2 12 7 20 12 20 10 23 11 24 12 20 15 36 10 35 6 39 -1 28 11 ]
CSI_DATA,STA,E4:D1:24:F1:41:40,-85,10,0,0,0,0,0,0,0,0,0,-97,0,13,0,89043177,0,389,0,0,89.4365,128,[-123 81 24 0 6 -16 9 -11 12 -1 5 1 13 3 21 4 21 0 18 3 25 2 29 1 22 0 17 -1 15 -2 16 -5 13 -2 8 2 8 4 1 0 -7 7 -2 4 -5 10 -7 9 -10 14 -11 8 -13 -1 0 0 0 0 0 0 0 0 0 0 0 0 0 0 0 0 0 0 0 0 0 0 -10 -7 -12 -5 -12 -13 -15 -12 -13 -15 -22 -14 -17 -14 -19 -10 -20 -11 -13 -7 -14 -6 -11 1 -10 -8 -9 -5 -2 -9 2 -5 7 -5 9 -10 16 -19 16 -19 8 -25 16 -31 17 -32 10 -27 10 -32 10 -32 ]
CSI_DATA,STA,E4:D1:24:F1:41:40,-85,10,0,0,0,0,0,0,0,0,0,-97,0,13,0,89145729,0,389,0,0,89.539,128,[-123 81 24 0 12 -10 4 -9 11 1 8 3 13 8 18 10 17 12 17 6 24 9 19 7 19 9 18 2 14 2 14 -2 14 4 9 5 6 4 3 -1 -4 4 -1 8 -9 12 -13 12 -15 11 -14 13 -19 5 0 0 0 0 0 0 0 0 0 0 0 0 0 0 0 0 0 0 0 0 0 0 -8 -3 -5 -10 -8 -14 -4 -15 -10 -18 -9 -23 -7 -19 -14 -18 -14 -13 -15 -10 -10 -13 -12 -11 -7 -9 -6 -3 -5 -10 7 -5 3 -7 15 -8 10 -12 19 -17 21 -16 24 -22 22 -23 19 -29 16 -28 16 -28 ]
CSI_DATA,STA,E4:D1:24:F1:41:40,-87,10,0,0,0,0,0,0,0,0,0,-97,0,13,0,90272007,0,389,0,0,90.6654,128,[-123 81 24 0 9 4 3 8 3 7 -2 4 -9 4 -11 3 -11 4 -14 5 -14 11 -11 8 -6 9 -14 9 -7 10 -12 9 -6 6 -5 2 -5 1 -9 1 0 -5 -2 -3 2 -3 1 -15 -1 -12 2 -7 17 -15 0 0 0 0 0 0 0 0 0 0 0 0 0 0 0 0 0 0 0 0 0 0 1 -7 8 -10 4 -12 8 -16 7 -18 1 -18 7 -14 4 -15 4 -17 1 -10 8 -13 4 -13 5 -10 2 -7 6 2 2 3 9 7 7 13 6 11 12 18 12 20 10 18 12 19 23 19 21 14 23 20 ]
CSI_DATA,STA,E4:D1:24:F1:41:40,-86,10,0,0,0,0,0,0,0,0,0,-97,0,13,0,90784037,0,389,0,0,91.1774,128,[-123 81 24 0 16 1 16 -1 2 2 3 11 -7 7 -11 14 -7 5 -12 14 -15 15 -9 13 -10 18 -14 15 -13 9 -11 6 -7 9 -8 6 -3 0 -5 5 -1 -3 -7 -4 2 -5 0 -7 4 -9 6 -11 6 -18 0 0 0 0 0 0 0 0 0 0 0 0 0 0 0 0 0 0 0 0 0 0 -6 -6 -7 -6 -13 -4 -12 -7 -16 -8 -21 -12 -21 -8 -12 -8 -20 -10 -11 -7 -11 2 -8 1 -8 -10 -5 -1 -4 -3 7 -4 5 0 11 0 15 -3 15 0 24 1 27 0 26 -7 29 -5 28 -1 22 -6 ]
CSI_DATA,STA,E4:D1:24:F1:41:40,-87,10,0,0,0,0,0,0,0,0,0,-97,0,13,0,90886422,0,389,0,0,91.2796,128,[-123 81 24 0 -10 6 -9 -1 -9 -3 0 -4 -4 -10 -1 -12 -5 -13 -2 -17 -1 -26 -1 -13 3 -17 -2 -24 -3 -13 4 -16 3 -13 2 -13 -4 -5 -2 2 3 -1 -1 1 2 8 -1 8 -1 14 1 10 -5 4 0 0 0 0 0 0 0 0 0 0 0 0 0 0 0 0 0 0 0 0 0 0 5 -2 12 0 13 6 10 6 17 8 18 4 18 5 13 6 14 6 17 6 16 4 12 2 14 5 7 1 2 4 -4 5 -7 -2 -12 11 -15 7 -22 7 -25 11 -23 12 -20 6 -25 12 -29 14 -21 15 ]
CSI_DATA,STA,E4:D1:24:F1:41:40,-86,10,0,0,0,0,0,0,0,0,0,-97,0,13,0,91193630,0,389,0,0,91.587,128,[-123 81 24 0 0 13 0 3 -1 -2 -2 -3 -12 -7 -13 -10 -17 -9 -16 -11 -17 -15 -18 -17 -17 -11 -18 -10 -13 -11 -10 -8 -5 -8 -11 -4 -2 -5 -3 -1 1 3 5 1 7 4 7 4 8 5 3 9 19 6 0 0 0 0 0 0 0 0 0 0 0 0 0 0 0 0 0 0 0 0 0 0 1 -5 -1 -12 4 -15 0 -18 -2 -19 -1 -18 5 -15 4 -18 5 -12 7 -13 1 -5 1 -12 3 -3 0 -3 -2 0 6 6 2 5 2 14 4 17 4 19 1 21 5 24 4 27 6 28 7 23 3 25 ]
CSI_DATA,STA,E4:D1:24:F1:41:40,-86,10,0,0,0,0,0,0,0,0,0,-97,0,13,0,91296109,0,389,0,0,91.6894,128,[-123 81 24 0 14 -7 4 -2 7 0 3 5 5 11 10 14 13 12 18 18 13 14 17 18 15 16 15 11 13 9 12 6 12 5 11 6 3 4 3 -1 -7 1 -4 8 -8 2 -13 3 -13 5 -15 -1 -20 -11 0 0 0 0 0 0 0 0 0 0 0 0 0 0 0 0 0 0 0 0 0 0 -2 -9 -8 -6 -8 -9 -11 -12 -12 -14 -8 -12 -15 -16 -14 -8 -13 -11 -16 -10 -15 -8 -14 -9 -9 -4 -4 -4 -3 -3 5 -3 2 -6 12 -8 19 -5 20 -11 20 -10 18 -20 17 -19 18 -20 14 -17 14 -17 ]
CSI_DATA,STA,E4:D1:24:F1:41:40,-86,10,0,0,0,0,0,0,0,0,0,-97,0,13,0,91500838,0,389,0,0,91.8941,128,[-123 81 24 0 -11 -4 -8 -3 -6 -13 -1 -2 10 -6 14 -7 21 -14 22 -9 16 -16 17 -15 14 -15 15 -19 13 -16 10 -11 11 -13 5 -7 7 -4 4 0 3 -4 -1 4 -3 7 -3 9 -6 6 -8 5 -7 21 0 0 0 0 0 0 0 0 0 0 0 0 0 0 0 0 0 0 0 0 0 0 0 8 5 10 8 13 9 11 7 18 12 22 6 21 10 20 11 20 2 18 6 14 7 12 5 3 3 10 -10 4 -4 8 -10 -5 -21 -8 -22 -7 -27 -12 -26 -12 -28 -12 -32 -9 -31 -3 -34 -9 -23 -9 ]
CSI_DATA,STA,E4:D1:24:F1:41:40,-84,10,0,0,0,0,0,0,0,0,0,-97,0,13,0,91808046,0,389,0,0,92.2015,128,[-123 81 24 0 7 -1 9 3 1 1 -2 13 -5 4 -11 13 -10 22 -10 21 -6 24 -7 21 -14 17 -6 27 -7 19 -8 19 -6 9 -4 13 -5 7 -4 0 -3 -4 -3 -4 -1 -11 4 -7 3 -13 9 -13 -4 -16 0 0 0 0 0 0 0 0 0 0 0 0 0 0 0 0 0 0 0 0 0 0 -11 -2 -10 -4 -14 -6 -15 -7 -20 -12 -25 -12 -23 -10 -20 -8 -19 -9 -18 -14 -11 -9 -8 -7 -10 -5 -3 -5 0 -9 4 -5 9 -5 16 -5 26 0 26 -9 28 -7 33 -6 37 -11 34 -7 37 -16 36 -12 ]
CSI_DATA,STA,E4:D1:24:F1:41:40,-84,10,0,0,0,0,0,0,0,0,0,-97,0,13,0,91910486,0,389,0,0,92.3038,128,[-123 81 24 0 12 -2 2 4 -5 3 -3 7 -7 15 -9 14 -7 13 -11 18 -11 20 -8 24 -16 20 -12 19 -10 9 -10 16 -8 20 -8 7 -5 8 -3 -3 -3 -6 0 -4 5 -12 4 -11 2 -11 8 -12 -2 -13 0 0 0 0 0 0 0 0 0 0 0 0 0 0 0 0 0 0 0 0 0 0 -13 0 -14 3 -19 -3 -18 -2 -22 -4 -18 -4 -22 -6 -24 -4 -17 -3 -11 -6 -16 -2 -11 0 -12 -8 1 1 6 -7 9 -3 14 -7 17 -5 22 -9 24 -7 27 -10 32 -6 32 -11 34 -16 31 -13 21 -16 ]
CSI_DATA,STA,E4:D1:24:F1:41:40,-85,10,0,0,0,0,0,0,0,0,0,-97,0,13,0,92012851,0,389,0,0,92.4062,128,[-123 81 24 0 -1 12 -7 3 -6 -5 -7 -3 -11 -13 -10 -18 -14 -19 -17 -16 -18 -20 -18 -23 -17 -14 -20 -18 -18 -12 -10 -12 -10 -4 -8 -7 -2 -9 -1 -6 5 -3 2 0 10 5 10 6 11 7 16 13 1 3 0 0 0 0 0 0 0 0 0 0 0 0 0 0 0 0 0 0 0 0 0 0 9 -5 10 -8 11 -10 18 -9 22 -11 20 -6 19 -11 23 -11 18 -17 17 -8 9 -13 9 -9 10 -1 6 -1 2 -6 2 9 -8 11 -7 14 -10 22 -9 24 -6 24 -10 32 -7 32 -4 30 -4 28 -2 28 ]
CSI_DATA,STA,E4:D1:24:F1:41:40,-85,10,0,0,0,0,0,0,0,0,0,-97,0,13,0,92115253,0,389,0,0,92.5085,128,[-123 81 24 0 -12 -7 -4 -9 4 -6 13 -5 8 -11 15 -6 17 -9 16 -17 17 -16 16 -17 16 -13 12 -20 9 -22 11 -8 11 -15 2 -3 5 -4 0 -2 10 2 2 5 7 10 3 9 3 17 3 18 -8 15 0 0 0 0 0 0 0 0 0 0 0 0 0 0 0 0 0 0 0 0 0 0 -5 4 -13 7 -13 6 -13 4 -16 7 -16 11 -22 12 -14 12 -16 12 -16 5 -9 9 -11 7 -3 10 2 5 -4 -1 -6 -12 -2 -9 -3 -17 -7 -20 -6 -25 -16 -25 -13 -25 -19 -25 -19 -23 -22 -22 -13 -23 ]
CSI_DATA,STA,E4:D1:24:F1:41:40,-85,10,0,0,0,0,0,0,0,0,0,-97,0,13,0,92206677,0,64,0,0,92.5997,128,[64 0 4 0 7 -13 2 -9 6 2 7 2 12 7 17 5 15 14 18 10 22 8 23 5 22 7 23 6 24 5 17 1 11 2 7 -1 0 6 1 -1 -3 1 -8 -1 -7 2 -11 -2 -14 0 -13 0 10 -15 0 0 0 0 0 0 0 0 0 0 0 0 0 0 0 0 0 0 0 0 0 0 -10 4 -9 -1 -14 8 -19 3 -18 4 -24 3 -22 1 -17 7 -21 5 -15 2 -13 8 -5 0 -7 7 -3 -2 -2 -7 -1 -11 3 -14 10 -13 8 -21 13 -21 7 -29 5 -34 11 -26 5 -33 5 -37 2 -27 ]
CSI_DATA,STA,E4:D1:24:F1:41:40,-86,10,0,0,0,0,0,0,0,0,0,-97,0,13,0,92422461,0,389,0,0,92.8157,128,[-123 81 24 0 22 -19 22 -13 22 -16 19 -16 11 -16 9 -18 5 -13 6 -12 4 0 6 -6 5 1 0 8 6 5 8 12 5 7 9 11 11 8 9 12 11 14 9 10 9 9 7 11 6 7 0 12 -4 -4 0 0 0 0 0 0 0 0 0 0 0 0 0 0 0 0 0 0 0 0 0 0 -8 11 -5 10 -9 11 -9 8 -8 4 -3 5 0 -2 2 -7 5 -5 -7 -17 2 -17 1 -16 -8 -23 -5 -18 -7 -21 -10 -22 -12 -21 -10 -20 -9 -15 -10 -18 -8 -12 1 -8 2 -1 11 -8 13 -10 23 -3 ]
CSI_DATA,STA,E4:D1:24:F1:41:40,-87,10,0,0,0,0,0,0,0,0,0,-97,0,13,0,92627266,0,389,0,0,93.0206,128,[-123 81 24 0 -22 19 -24 21 -20 23 -20 19 -14 11 -5 18 -3 8 -6 10 -3 1 -4 0 -7 0 -7 -8 -6 -13 -11 -9 -7 -12 -11 -13 -6 -19 -3 -13 -6 -16 -6 -13 -1 -16 -7 -10 -3 -14 -5 -6 10 -6 0 0 0 0 0 0 0 0 0 0 0 0 0 0 0 0 0 0 0 0 0 0 -5 -16 -11 -15 -6 -14 -1 -13 1 -10 -3 -8 3 -1 4 4 3 5 8 9 7 9 13 7 17 12 18 11 23 10 21 10 21 10 20 7 16 3 14 7 8 3 2 2 -3 0 -3 6 -7 11 -14 11 ]
CSI_DATA,STA,E4:D1:24:F1:41:40,-87,10,0,0,0,0,0,0,0,0,0,-97,0,13,0,92729668,0,389,0,0,93.123,128,[-123 81 24 0 -17 22 -11 24 -8 21 -8 24 -3 16 -4 13 -8 16 -5 10 -7 4 -6 2 -9 -2 -4 -3 -10 -9 -6 -9 -6 -8 -6 -15 -12 -14 -10 -10 -10 -11 -8 -12 -8 -9 -8 -12 -4 -8 -5 -8 11 1 0 0 0 0 0 0 0 0 0 0 0 0 0 0 0 0 0 0 0 0 0 0 -7 -11 -10 -12 -8 -9 -4 -9 -2 -5 -6 -8 0 3 8 1 8 1 9 4 10 7 17 3 17 4 20 3 18 10 21 7 17 7 15 1 12 3 9 5 13 4 4 -1 4 3 -5 8 -11 10 -15 18 ]
CSI_DATA,STA,E4:D1:24:F1:41:40,-86,10,0,0,0,0,0,0,0,0,0,-97,0,13,0,92832071,0,389,0,0,93.2255,128,[-123 81 24 0 10 -27 4 -26 11 -24 3 -27 3 -19 5 -18 0 -17 4 -12 -2 -6 -2 -6 5 4 2 4 6 3 2 13 7 8 11 10 11 14 12 11 12 11 10 14 9 10 1 10 7 5 2 -1 5 15 0 0 0 0 0 0 0 0 0 0 0 0 0 0 0 0 0 0 0 0 0 0 14 4 10 4 11 2 8 4 9 7 4 2 -3 0 -3 1 -10 3 -14 -1 -19 -1 -15 -4 -18 -1 -19 -7 -21 0 -22 -1 -17 6 -23 4 -19 0 -10 0 -13 -2 -5 -6 0 -9 7 -13 7 -14 12 -23 ]
CSI_DATA,STA,E4:D1:24:F1:41:40,-87,10,0,0,0,0,0,0,0,0,0,-97,0,13,0,93036925,0,389,0,0,93.4303,128,[-123 81 24 0 -25 2 -24 10 -23 8 -27 11 -18 9 -10 8 -10 7 -5 4 -3 -2 -1 4 -5 -4 -1 -3 0 -7 3 -11 2 -11 0 -8 1 -15 9 -19 4 -15 3 -10 0 -11 3 -11 4 -8 3 -4 -10 1 0 0 0 0 0 0 0 0 0 0 0 0 0 0 0 0 0 0 0 0 0 0 -6 -14 -3 -13 -4 -12 -2 -10 -3 -6 3 0 3 -1 4 6 2 6 6 11 5 15 7 12 9 9 16 14 9 14 12 12 13 18 14 11 12 10 10 8 5 2 0 3 -5 5 -8 6 -20 3 -26 0 ]
CSI_DATA,STA,E4:D1:24:F1:41:40,-88,10,0,0,0,0,0,0,0,0,0,-97,0,13,0,93446485,0,389,0,0,93.8398,128,[-123 81 24 0 19 15 13 6 17 6 15 6 16 14 14 4 10 3 11 6 7 2 5 2 3 3 -5 5 -6 8 -5 10 -6 11 -4 4 -8 5 -4 1 -2 6 -8 9 -7 7 -6 4 -6 8 -5 7 -17 0 0 0 0 0 0 0 0 0 0 0 0 0 0 0 0 0 0 0 0 0 0 0 -16 1 -11 9 -16 3 -4 0 -10 -2 -9 -4 -3 0 1 -4 0 -2 9 -8 6 -8 9 -9 2 -12 10 -17 8 -16 8 -21 8 -19 5 -15 5 -19 1 -11 1 -11 1 -7 3 -2 0 0 4 1 15 10 ]
CSI_DATA,STA,E4:D1:24:F1:41:40,-89,10,0,0,0,0,0,0,0,0,0,-97,0,13,0,96825898,0,389,0,0,97.2193,128,[-123 81 24 0 -23 16 -16 11 -9 10 -16 10 -9 10 -3 11 -4 7 -4 6 -6 4 -1 4 -7 -6 -7 -8 -2 -10 -1 -12 -8 -10 -9 -10 -10 -11 -7 -12 -9 -11 -8 -10 -7 -8 -6 -3 -3 -3 0 -3 -4 3 0 0 0 0 0 0 0 0 0 0 0 0 0 0 0 0 0 0 0 0 0 0 7 -10 5 -10 2 -6 5 1 4 -4 2 3 1 2 1 5 -6 10 3 7 2 13 3 13 4 12 5 9 10 12 4 17 2 12 4 12 3 10 1 7 -4 7 -9 1 -5 6 -7 5 -12 4 -12 7 ]
CSI_DATA,STA,E4:D1:24:F1:41:40,-89,10,0,0,0,0,0,0,0,0,0,-97,0,13,0,97849848,0,389,0,0,98.2433,128,[-123 81 24 0 13 -15 16 -14 10 -12 6 -11 6 -9 10 -9 5 -11 2 -11 6 -3 7 -1 3 7 -2 4 0 5 1 10 4 15 1 8 9 8 1 7 4 13 5 7 7 10 2 6 0 6 0 6 -3 -6 0 0 0 0 0 0 0 0 0 0 0 0 0 0 0 0 0 0 0 0 0 0 -2 9 -2 6 -4 6 -5 1 -8 5 -2 2 0 2 -8 -6 -5 -8 -5 -6 -5 -11 -8 -9 -3 -12 -9 -15 -8 -12 -12 -9 -10 -12 -8 -12 -8 -7 -3 -5 0 -4 4 -2 6 -5 9 -2 12 -7 12 -4 ]
CSI_DATA,STA,E4:D1:24:F1:41:40,-88,10,0,0,0,0,0,0,0,0,0,-97,0,13,0,102560308,0,389,0,0,102.954,128,[-123 81 24 0 -7 23 -5 16 -3 18 -4 18 5 11 2 9 -4 7 -4 6 -4 2 -7 -2 -10 -3 -12 -2 -8 -3 -13 -2 -16 -9 -13 -2 -10 -2 -15 -3 -14 5 -14 0 -7 -1 -5 3 -7 -2 -1 -2 -13 -7 0 0 0 0 0 0 0 0 0 0 0 0 0 0 0 0 0 0 0 0 0 0 4 -11 5 -4 3 -4 4 -10 8 0 4 1 5 0 5 6 4 4 2 10 9 9 6 10 2 12 14 13 7 13 5 13 6 8 9 4 2 11 -1 8 -3 5 -5 8 -5 9 -9 9 -13 14 -12 18 ]
CSI_DATA,STA,E4:D1:24:F1:41:40,-89,10,0,0,0,0,0,0,0,0,0,-97,0,13,0,102888468,0,64,0,0,103.282,128,[64 0 4 0 -3 21 3 19 5 13 4 11 4 8 0 12 1 5 -6 3 -8 3 -7 8 -3 1 -8 2 -11 -3 -13 -4 -10 -2 -15 -3 -9 0 -12 -1 -15 -5 -5 -1 -7 0 -12 -3 -6 -5 -4 -4 7 -1 0 0 0 0 0 0 0 0 0 0 0 0 0 0 0 0 0 0 0 0 0 0 -1 -9 -5 -6 -1 -7 1 -8 10 0 3 -6 6 -2 5 -1 8 2 8 2 12 8 5 2 14 5 12 4 9 7 15 1 11 2 6 -1 12 3 3 -2 1 2 2 6 -5 8 -6 12 -10 15 -5 20 ]
CSI_DATA,STA,E4:D1:24:F1:41:40,-89,10,0,0,0,0,0,0,0,0,0,-97,0,13,0,105760060,0,389,0,0,106.153,128,[-123 81 24 0 18 4 16 -3 14 0 20 -2 13 0 10 -6 11 -6 8 -5 6 3 3 -1 5 5 1 2 1 6 -3 12 4 14 1 10 -2 9 1 8 6 11 5 5 1 8 4 7 -1 9 -1 1 15 -2 0 0 0 0 0 0 0 0 0 0 0 0 0 0 0 0 0 0 0 0 0 0 -13 -3 -12 -8 -7 -2 -5 -5 -2 -2 -5 -4 -3 -3 0 -3 7 -9 10 -5 6 -3 4 -10 6 -12 10 -15 10 -14 7 -20 9 -15 4 -18 7 -20 7 -10 0 -13 3 -3 5 -3 6 2 13 7 17 6 ]
CSI_DATA,STA,E4:D1:24:F1:41:40,-89,10,0,0,0,0,0,0,0,0,0,-97,0,13,0,106246800,0,389,0,0,106.64,128,[-123 81 24 0 -22 -9 -15 -2 -19 -2 -22 -5 -19 -1 -10 4 -8 2 -11 3 -5 1 -9 -2 -7 -7 1 -1 -9 -4 -7 -7 -4 -14 -5 -8 -12 -6 -7 -8 -12 -11 -4 -6 -10 -9 -6 -5 -9 -4 -7 -5 10 -12 0 0 0 0 0 0 0 0 0 0 0 0 0 0 0 0 0 0 0 0 0 0 -2 11 0 15 -2 11 -1 4 -2 1 0 2 -4 -1 -7 -3 -6 4 -9 0 -13 -2 -15 -4 -16 -7 -14 -5 -11 -1 -23 0 -14 3 -14 4 -7 6 -13 4 -6 7 -4 -2 -7 -2 -5 -6 -10 -10 -10 -14 ]
CSI_DATA,STA,E4:D1:24:F1:41:40,-87,10,0,0,0,0,0,0,0,0,0,-97,0,13,0,106451661,0,389,0,0,106.845,128,[-123 81 24 0 -22 17 -20 21 -19 22 -18 20 -13 18 -13 17 -9 11 -9 6 -9 6 -2 5 -3 -5 -5 1 -2 -7 9 -9 4 -13 6 -18 4 -18 5 -17 7 -15 7 -16 9 -12 7 -11 9 -6 7 -4 -7 -5 0 0 0 0 0 0 0 0 0 0 0 0 0 0 0 0 0 0 0 0 0 0 -15 5 -14 6 -16 4 -13 3 -10 -3 -6 -3 1 -3 3 1 0 -2 9 0 13 -4 16 3 18 -6 11 -5 25 -5 23 -5 18 -6 23 -6 15 -7 15 -8 5 -5 5 -8 -2 0 -3 4 -8 7 -16 13 ]
CSI_DATA,STA,E4:D1:24:F1:41:40,-86,10,0,0,0,0,0,0,0,0,0,-97,0,13,0,106554007,0,389,0,0,106.947,128,[-123 81 24 0 -22 -9 -21 -22 -25 -16 -26 -17 -28 -16 -20 -8 -21 -6 -10 -8 -8 -4 -8 -7 0 -4 0 -5 8 -4 10 -3 15 3 15 -2 15 0 18 -4 18 0 12 -1 12 -7 13 2 9 6 6 6 -4 -11 0 0 0 0 0 0 0 0 0 0 0 0 0 0 0 0 0 0 0 0 0 0 3 -16 5 -14 4 -13 5 -8 3 -5 -2 2 -1 -3 -1 3 -1 7 -8 9 -2 16 -4 20 -5 21 -9 17 0 22 -5 14 -3 22 3 26 -1 19 0 15 -1 8 -2 4 -2 2 -10 -2 -15 -11 -15 -17 ]
CSI_DATA,STA,E4:D1:24:F1:41:40,-86,10,0,0,0,0,0,0,0,0,0,-97,0,13,0,106656410,0,389,0,0,107.05,128,[-123 81 24 0 4 -36 8 -29 9 -30 11 -28 8 -21 6 -23 7 -18 3 -16 2 -6 -2 -7 5 1 1 8 5 8 -2 12 -5 16 -2 20 -3 18 -4 11 -5 18 -7 15 -4 13 -6 14 -6 10 -4 16 5 -3 0 0 0 0 0 0 0 0 0 0 0 0 0 0 0 0 0 0 0 0 0 0 8 -13 11 -11 11 -11 7 -10 7 -9 5 1 -2 1 -5 5 -4 7 -14 3 -17 9 -17 11 -19 14 -19 16 -16 17 -20 18 -17 9 -15 16 -13 14 -15 4 -10 13 -6 4 -2 -8 1 -4 2 -10 9 -16 ]
CSI_DATA,STA,E4:D1:24:F1:41:40,-87,10,0,0,0,0,0,0,0,0,0,-97,0,13,0,106758944,0,389,0,0,107.152,128,[-123 81 24 0 10 25 15 22 16 21 14 25 12 22 13 18 9 13 5 7 3 8 0 5 1 -1 -7 2 -2 -1 -10 -8 -13 -4 -15 -9 -13 -5 -16 -13 -10 -12 -14 -14 -9 -14 -7 -11 -9 -6 -6 -10 5 -13 0 0 0 0 0 0 0 0 0 0 0 0 0 0 0 0 0 0 0 0 0 0 -3 15 -5 11 -4 14 -6 8 -5 8 -4 1 -4 -2 -1 -3 -2 -11 11 -5 7 -11 7 -12 9 -16 7 -16 13 -17 9 -24 5 -18 8 -22 3 -16 2 -11 2 -15 5 -6 -1 0 0 8 3 11 3 20 ]
CSI_DATA,STA,E4:D1:24:F1:41:40,-87,10,0,0,0,0,0,0,0,0,0,-97,0,13,0,107166678,0,64,0,0,107.56,128,[64 0 4 0 -21 16 -23 17 -20 21 -19 16 -17 16 -9 18 -8 7 -6 6 -6 2 -3 4 3 -1 -3 -9 -1 -10 -7 -12 -2 -15 -7 -21 -2 -18 -2 -18 -6 -15 0 -17 -6 -14 -2 -14 -3 -8 1 -9 6 -13 0 0 0 0 0 0 0 0 0 0 0 0 0 0 0 0 0 0 0 0 0 0 -9 -18 -6 -17 -5 -14 -4 -10 -2 -5 -4 -2 6 2 6 1 3 4 9 6 8 3 12 14 14 14 18 15 18 11 18 9 16 12 16 7 14 6 11 6 7 11 2 8 -4 3 -9 9 -11 8 -22 7 ]
CSI_DATA,STA,E4:D1:24:F1:41:40,-87,10,0,0,0,0,0,0,0,0,0,-97,0,13,0,107273837,0,389,0,0,107.667,128,[-123 81 24 0 6 -29 8 -34 4 -28 5 -28 2 -20 1 -21 1 -18 1 -11 0 -8 3 -7 4 1 -4 4 -6 3 4 13 3 12 1 17 1 20 -1 14 -5 14 -5 12 -5 11 0 13 -2 10 -2 3 -12 10 0 0 0 0 0 0 0 0 0 0 0 0 0 0 0 0 0 0 0 0 0 0 6 -12 7 -16 5 -7 8 -10 3 -7 1 -3 -2 -2 0 3 -1 8 -12 9 -15 12 -11 12 -11 19 -12 18 -17 14 -18 19 -10 13 -19 16 -13 11 -4 10 -8 7 -5 1 -2 -4 2 -11 7 -14 5 -18 ]
CSI_DATA,STA,E4:D1:24:F1:41:40,-86,10,0,0,0,0,0,0,0,0,0,-97,0,13,0,107885241,0,389,0,0,108.279,128,[-123 81 24 0 20 23 20 21 21 25 25 16 22 14 17 12 10 8 9 13 5 7 1 4 -4 4 -8 1 -11 2 -16 -1 -18 -7 -14 -7 -15 -9 -20 -1 -19 -4 -15 -3 -9 -5 -13 -13 -10 -9 -13 -3 3 -3 0 0 0 0 0 0 0 0 0 0 0 0 0 0 0 0 0 0 0 0 0 0 -5 16 -5 9 -6 12 -2 8 -8 9 0 7 -5 1 -2 -9 -1 -12 1 -12 -1 -13 8 -17 7 -25 2 -18 4 -25 4 -25 1 -30 1 -19 -5 -23 5 -12 2 -13 0 -4 0 4 3 6 5 19 7 15 ]
CSI_DATA,STA,E4:D1:24:F1:41:40,-85,10,0,0,0,0,0,0,0,0,0,-97,0,13,0,108192613,0,389,0,0,108.586,128,[-123 81 24 0 22 18 25 15 23 14 25 14 26 7 23 4 16 7 17 0 3 6 3 6 1 3 -4 8 -4 8 -12 3 -15 4 -11 6 -17 18 -17 5 -12 11 -13 8 -9 8 -9 8 -7 8 -6 3 8 7 0 0 0 0 0 0 0 0 0 0 0 0 0 0 0 0 0 0 0 0 0 0 -16 11 -15 8 -13 5 -12 3 -10 3 -5 -1 -6 -10 -2 -7 2 -8 8 -10 4 -11 1 -15 11 -18 10 -24 16 -25 9 -25 6 -26 0 -19 3 -16 2 -12 2 -11 2 -6 8 0 8 10 13 10 13 14 ]
CSI_DATA,STA,E4:D1:24:F1:41:40,-86,10,0,0,0,0,0,0,0,0,0,-97,0,13,0,108295132,0,389,0,0,108.688,128,[-123 81 24 0 9 26 9 33 13 28 11 28 11 24 9 19 7 8 15 12 -1 10 -1 4 -6 1 -4 -1 -14 -1 -17 -4 -14 -2 -13 -3 -20 -4 -18 -10 -21 -1 -15 -6 -22 -3 -13 -4 -6 -4 -10 -4 -6 12 0 0 0 0 0 0 0 0 0 0 0 0 0 0 0 0 0 0 0 0 0 0 -17 2 -17 3 -17 2 -14 -3 -7 -2 -5 -1 3 1 3 -2 12 -3 12 -8 14 -5 14 -8 15 -16 22 -13 17 -17 18 -19 18 -13 13 -19 8 -16 9 -10 7 -10 3 -7 8 -2 7 13 4 22 3 21 ]
CSI_DATA,STA,E4:D1:24:F1:41:40,-88,10,0,0,0,0,0,0,0,0,0,-97,0,13,0,108909289,0,389,0,0,109.303,128,[-123 81 24 0 24 6 32 10 23 6 24 0 26 -1 19 -1 14 3 11 7 11 2 3 -1 1 2 -8 3 -6 1 -7 3 -20 4 -13 8 -17 8 -17 7 -14 2 -13 2 -15 4 -11 3 -12 -1 -9 -2 6 0 0 0 0 0 0 0 0 0 0 0 0 0 0 0 0 0 0 0 0 0 0 0 2 9 3 10 4 10 -2 8 0 3 1 4 -4 0 -1 -9 -5 -5 -4 -7 -3 -17 -3 -16 -3 -18 -8 -23 -11 -16 -7 -21 -12 -18 -9 -14 -11 -19 -10 -12 1 -11 -4 -3 2 -5 5 -6 15 6 17 7 ]
CSI_DATA,STA,E4:D1:24:F1:41:40,-87,10,0,0,0,0,0,0,0,0,0,-97,0,13,0,110138095,0,389,0,0,110.532,128,[-123 81 24 0 28 5 17 2 20 3 24 3 23 1 16 3 18 -1 9 2 5 -1 5 1 -2 4 -3 10 -8 8 -10 10 -5 10 -10 10 -10 12 -14 11 -11 8 -8 8 -12 9 -8 5 -4 3 -6 1 0 11 0 0 0 0 0 0 0 0 0 0 0 0 0 0 0 0 0 0 0 0 0 0 -7 12 -6 8 -8 12 -5 8 1 2 -8 8 2 -1 -1 -3 0 -7 0 -9 -2 -8 1 -13 -3 -13 0 -19 -4 -17 2 -16 -3 -11 -9 -17 -3 -17 -1 -11 -2 -10 -1 -8 2 -5 7 -4 8 1 19 0 ]
CSI_DATA,STA,E4:D1:24:F1:41:40,-87,10,0,0,0,0,0,0,0,0,0,-97,0,13,0,110366756,0,64,0,0,110.76,128,[64 0 4 0 -25 -11 -20 -10 -23 -3 -21 -3 -20 -1 -17 0 -13 -3 -9 -3 -7 0 -5 -3 -4 -3 3 -8 4 -8 7 -7 3 -7 7 -9 6 -11 9 -12 9 -12 7 -8 12 -5 8 -5 7 -8 4 -12 13 4 0 0 0 0 0 0 0 0 0 0 0 0 0 0 0 0 0 0 0 0 0 0 10 -9 7 -4 8 -9 9 -7 7 -5 6 -4 3 -5 1 3 -8 4 -6 4 -1 5 -1 11 -4 8 -6 14 -4 17 -9 16 -2 14 -1 16 0 14 1 18 0 7 -7 7 -5 5 -6 -3 -9 -5 -15 -6 ]
CSI_DATA,STA,E4:D1:24:F1:41:40,-88,10,0,0,0,0,0,0,0,0,0,-97,0,13,0,110650107,0,389,0,0,111.043,128,[-123 81 24 0 -15 -23 -13 -23 -13 -19 -11 -13 -10 -14 -11 -17 -6 -5 -9 -8 -8 -4 -6 -1 -2 -4 5 -2 9 -7 6 -3 8 -3 13 -5 13 -7 11 -2 15 -1 14 -7 13 -6 9 0 4 2 6 0 -4 -10 0 0 0 0 0 0 0 0 0 0 0 0 0 0 0 0 0 0 0 0 0 0 9 -6 12 -6 7 -3 7 -6 10 -5 4 1 3 3 0 4 -2 5 -8 10 -15 6 -11 7 -14 11 -13 18 -9 10 -10 18 -10 18 -7 21 -10 12 -5 10 -10 10 -4 10 -7 -1 -10 -14 -5 -10 -7 -8 ]
CSI_DATA,STA,E4:D1:24:F1:41:40,-86,10,0,0,0,0,0,0,0,0,0,-97,0,13,0,110957315,0,389,0,0,111.351,128,[-123 81 24 0 18 26 21 22 22 20 19 16 17 15 11 12 10 10 9 10 5 4 -2 4 -2 -1 1 -4 -14 -9 -14 2 -9 -9 -16 -7 -16 -10 -12 -11 -13 -8 -16 -9 -16 -7 -9 -8 -11 -12 -6 -4 9 -7 0 0 0 0 0 0 0 0 0 0 0 0 0 0 0 0 0 0 0 0 0 0 -2 12 -6 12 -5 12 -6 9 -5 8 -6 3 -1 -4 0 -6 0 -9 3 -15 5 -12 8 -20 8 -21 4 -17 -1 -22 3 -24 0 -22 4 -25 1 -17 2 -9 6 -8 -1 -8 7 5 4 6 12 9 20 13 ]
CSI_DATA,STA,E4:D1:24:F1:41:40,-86,10,0,0,0,0,0,0,0,0,0,-97,0,13,0,111162120,0,389,0,0,111.555,128,[-123 81 24 0 4 27 10 33 13 24 15 24 11 16 10 19 3 15 8 18 1 10 1 4 -5 3 -7 2 -5 -2 -17 -11 -9 -9 -11 -11 -14 -12 -14 -13 -13 -11 -11 -13 -13 -6 -8 -10 -11 -12 -4 -11 -1 5 0 0 0 0 0 0 0 0 0 0 0 0 0 0 0 0 0 0 0 0 0 0 -12 8 -13 6 -7 5 -5 0 -8 4 -3 -5 1 0 4 -3 6 -13 2 -13 10 -10 14 -14 12 -15 14 -16 15 -14 14 -18 10 -17 14 -13 9 -12 9 -9 8 -7 2 0 5 9 4 11 2 14 0 24 ]
CSI_DATA,STA,E4:D1:24:F1:41:40,-87,10,0,0,0,0,0,0,0,0,0,-97,0,13,0,112083742,0,389,0,0,112.477,128,[-123 81 24 0 -25 15 -19 8 -20 7 -16 7 -9 9 -6 8 -7 8 -10 7 1 2 5 -4 4 -6 5 -8 9 -4 6 -7 10 0 10 -7 9 -14 10 -12 8 -8 9 -9 3 -6 7 -7 0 -6 8 -5 5 8 0 0 0 0 0 0 0 0 0 0 0 0 0 0 0 0 0 0 0 0 0 0 -11 4 -7 0 -7 1 -7 -2 0 -4 0 -1 6 4 12 -2 11 -2 14 -2 13 0 14 0 20 -2 20 5 12 -4 15 -1 11 0 10 3 3 2 -2 2 -2 -1 -7 2 -11 5 -19 4 -23 5 -25 11 ]
CSI_DATA,STA,E4:D1:24:F1:41:40,-86,10,0,0,0,0,0,0,0,0,0,-97,0,13,0,112595752,0,389,0,0,112.989,128,[-123 81 24 0 -31 -10 -32 -9 -27 -6 -24 -10 -26 -9 -19 -3 -17 -6 -14 -2 -7 0 -3 -2 2 -4 3 -6 7 0 10 -4 10 -3 13 -5 18 -6 14 -2 20 1 16 -2 17 2 16 -2 11 4 5 4 2 -7 0 0 0 0 0 0 0 0 0 0 0 0 0 0 0 0 0 0 0 0 0 0 -6 -10 -4 -12 -7 -11 -4 -7 -3 -1 4 -4 5 -2 0 7 3 9 3 12 11 16 11 9 11 15 11 12 11 20 15 18 12 19 10 12 7 14 7 11 6 0 6 3 -6 5 -13 -5 -18 -10 -20 -9 ]
CSI_DATA,STA,E4:D1:24:F1:41:40,-87,10,0,0,0,0,0,0,0,0,0,-97,0,13,0,112698155,0,389,0,0,113.091,128,[-123 81 24 0 17 22 20 15 22 10 20 17 16 11 19 14 16 10 6 9 6 10 4 5 4 3 -2 8 -5 10 -4 12 -8 9 -7 5 -3 9 -9 9 -4 16 -12 15 -2 9 -6 10 -5 11 -5 2 -18 6 0 0 0 0 0 0 0 0 0 0 0 0 0 0 0 0 0 0 0 0 0 0 -10 -10 -11 -10 -8 -5 -7 -5 -3 -2 -2 -4 -5 -4 0 -4 6 0 8 -6 14 -5 14 -1 17 -7 16 -9 17 -8 19 -10 15 -15 13 -10 10 -9 0 -15 8 -3 2 2 5 0 4 7 7 6 12 13 ]
CSI_DATA,STA,E4:D1:24:F1:41:40,-86,10,0,0,0,0,0,0,0,0,0,-97,0,13,0,112800557,0,389,0,0,113.194,128,[-123 81 24 0 -29 5 -28 7 -30 8 -28 7 -18 13 -16 12 -19 8 -10 7 -9 2 -8 1 -4 -4 -3 -9 0 -9 -2 -2 2 -12 6 -10 5 -17 5 -17 -3 -12 3 -16 5 -14 2 -11 2 -6 2 -4 5 -11 0 0 0 0 0 0 0 0 0 0 0 0 0 0 0 0 0 0 0 0 0 0 -5 -11 -9 -14 1 -10 -7 -8 -7 -4 2 -4 -1 0 -3 1 1 3 4 5 2 6 9 12 11 12 17 15 19 13 15 12 15 13 16 10 13 13 13 8 11 5 4 11 1 6 -7 8 -10 4 -20 3 ]
CSI_DATA,STA,E4:D1:24:F1:41:40,-86,10,0,0,0,0,0,0,0,0,0,-97,0,13,0,113027453,0,389,0,0,113.421,128,[-123 81 24 0 30 8 28 6 28 9 28 6 34 5 21 4 13 7 11 3 7 3 0 1 4 3 -4 -1 -13 -2 -11 -2 -14 5 -14 1 -19 2 -21 -2 -20 -4 -18 -2 -14 -1 -14 -3 -8 -4 -10 -4 -2 -13 0 0 0 0 0 0 0 0 0 0 0 0 0 0 0 0 0 0 0 0 0 0 13 5 15 6 9 8 12 2 5 0 3 -4 3 -3 1 0 -3 -5 -7 -7 -9 -14 -12 -13 -16 -14 -24 -16 -17 -12 -20 -10 -26 -14 -11 -12 -19 -14 -16 -13 -13 -8 -4 -5 6 -1 5 2 17 7 21 1 ]
CSI_DATA,STA,E4:D1:24:F1:41:40,-84,10,0,0,0,0,0,0,0,0,0,-97,0,13,0,113226846,0,389,0,0,113.62,128,[-123 81 24 0 27 -25 25 -25 21 -27 23 -30 14 -23 15 -27 13 -24 8 -18 11 -16 7 -9 4 2 2 1 0 14 1 12 3 11 -1 16 -3 23 -2 15 -3 17 -6 17 -9 16 -4 16 -3 16 -10 5 -2 1 0 0 0 0 0 0 0 0 0 0 0 0 0 0 0 0 0 0 0 0 0 0 21 0 21 -2 19 2 14 2 8 -5 8 -6 5 3 0 1 -7 1 -12 -1 -18 0 -23 2 -24 -4 -31 1 -31 -5 -33 1 -29 4 -26 0 -22 5 -23 7 -17 5 -20 4 -10 3 -4 -6 7 -12 14 -13 ]
CSI_DATA,STA,E4:D1:24:F1:41:40,-86,10,0,0,0,0,0,0,0,0,0,-97,0,13,0,113517375,0,389,0,0,113.911,128,[-123 81 24 0 -16 28 -14 25 -15 29 -16 28 -12 25 -11 22 -13 23 -9 11 -5 6 -7 3 -7 3 -2 -3 0 -11 3 -13 3 -15 6 -15 7 -20 6 -17 5 -21 10 -14 6 -16 16 -15 4 -8 5 -4 2 -9 0 0 0 0 0 0 0 0 0 0 0 0 0 0 0 0 0 0 0 0 0 0 -7 16 -13 12 -10 12 -8 7 -3 6 -3 7 -1 -2 -1 -7 8 -3 8 -5 9 -10 16 -11 22 -18 18 -13 19 -17 20 -20 24 -17 21 -24 14 -15 8 -13 8 -11 0 -5 3 -6 -5 8 -5 14 -6 19 ]
CSI_DATA,STA,E4:D1:24:F1:41:40,-85,10,0,0,0,0,0,0,0,0,0,-97,0,13,0,113619777,0,389,0,0,114.013,128,[-123 81 24 0 26 -21 24 -29 22 -23 22 -22 18 -25 14 -22 11 -19 11 -13 11 -8 6 -5 5 3 -1 4 -5 8 -7 11 -12 14 -4 14 -10 21 -12 25 -10 19 -12 19 -10 15 -8 12 -10 18 -9 9 -12 -1 0 0 0 0 0 0 0 0 0 0 0 0 0 0 0 0 0 0 0 0 0 0 11 -8 13 -10 15 -3 14 -3 3 1 7 -4 0 -2 -4 1 -8 1 -13 -4 -18 -1 -15 6 -27 5 -26 2 -24 6 -23 5 -25 11 -20 12 -19 12 -19 4 -18 9 -14 4 -5 0 1 -3 10 -6 16 -11 ]
CSI_DATA,STA,E4:D1:24:F1:41:40,-85,10,0,0,0,0,0,0,0,0,0,-97,0,13,0,113737818,0,389,0,0,114.131,128,[-123 81 24 0 20 28 26 20 30 22 23 17 24 19 23 14 19 18 20 14 8 11 3 -2 3 2 -2 4 -7 2 -9 5 -10 -1 -19 2 -20 2 -16 -6 -24 2 -21 0 -20 -1 -14 -5 -11 -5 -9 -5 -2 -13 0 0 0 0 0 0 0 0 0 0 0 0 0 0 0 0 0 0 0 0 0 0 0 20 -4 16 -3 11 -3 11 -4 10 -3 3 0 2 0 2 -1 -8 3 -13 1 -14 5 -16 3 -20 3 -24 -1 -26 2 -28 -1 -27 -3 -23 -3 -23 -2 -20 -7 -16 0 -10 1 -7 7 -2 3 12 10 12 ]
CSI_DATA,STA,E4:D1:24:F1:41:40,-84,10,0,0,0,0,0,0,0,0,0,-97,0,13,0,113824582,0,389,0,0,114.218,128,[-123 81 24 0 -31 12 -32 18 -33 14 -33 20 -32 10 -26 16 -22 6 -22 8 -20 6 -10 -1 -4 1 2 -2 4 -8 2 -6 7 -11 11 -11 16 -14 18 -13 10 -10 18 -12 19 -11 12 -7 16 -2 11 0 11 -9 0 0 0 0 0 0 0 0 0 0 0 0 0 0 0 0 0 0 0 0 0 0 -20 -1 -18 4 -17 0 -15 -2 -15 0 -8 1 -5 5 0 0 5 0 10 1 15 4 22 -5 22 2 25 6 26 2 30 10 26 2 28 1 26 1 26 0 19 1 14 2 4 3 -4 4 -11 3 -16 6 ]
CSI_DATA,STA,E4:D1:24:F1:41:40,-84,10,0,0,0,0,0,0,0,0,0,-97,0,13,0,113934081,0,389,0,0,114.327,128,[-123 81 24 0 33 -11 37 -13 33 -11 35 -17 30 -14 21 -16 25 -9 17 -13 16 -7 7 2 5 2 0 8 -1 9 -4 14 -2 18 -7 20 -2 18 -10 17 -10 19 -6 20 -7 12 -9 14 -8 10 -10 2 -4 15 0 0 0 0 0 0 0 0 0 0 0 0 0 0 0 0 0 0 0 0 0 0 11 15 11 17 10 15 7 11 5 14 6 4 1 6 1 -1 -6 0 -8 -11 -13 -13 -12 -15 -18 -15 -20 -21 -20 -22 -22 -22 -21 -20 -29 -17 -25 -9 -19 -12 -15 -11 -14 -4 -7 -6 3 -10 10 -6 18 -14 ]
CSI_DATA,STA,E4:D1:24:F1:41:40,-85,10,0,0,0,0,0,0,0,0,0,-97,0,13,0,114029500,0,389,0,0,114.423,128,[-123 81 24 0 -13 33 -11 37 -3 36 -8 34 5 31 2 26 1 25 0 15 1 6 -2 5 -5 2 -12 -2 -19 -6 -13 -15 -13 -10 -19 -13 -16 -12 -15 -11 -16 -12 -16 -9 -17 -7 -12 -16 -10 -14 -11 -10 0 -20 0 0 0 0 0 0 0 0 0 0 0 0 0 0 0 0 0 0 0 0 0 0 -18 -10 -18 -13 -11 -7 -18 -7 -10 -6 -5 -4 -3 1 6 -4 3 -1 13 0 18 3 17 6 24 7 26 1 29 1 28 -1 33 -5 26 -3 22 -4 19 -4 20 -6 12 0 9 -1 2 5 -2 18 -8 23 ]
CSI_DATA,STA,E4:D1:24:F1:41:40,-85,10,0,0,0,0,0,0,0,0,0,-97,0,13,0,114234192,0,389,0,0,114.627,128,[-123 81 24 0 -43 12 -38 16 -34 19 -33 14 -26 11 -21 11 -18 9 -22 6 -15 5 -8 2 -5 -2 2 -5 2 -7 6 -15 5 -19 8 -17 12 -21 7 -24 6 -18 9 -18 8 -19 11 -12 11 -9 8 -8 12 13 0 0 0 0 0 0 0 0 0 0 0 0 0 0 0 0 0 0 0 0 0 0 -22 -14 -16 -7 -13 -14 -12 -8 -5 -3 -1 -5 -4 -3 2 2 1 5 9 9 12 13 17 14 21 18 25 16 27 15 27 15 28 13 27 8 27 7 23 7 15 1 11 1 -3 9 -6 5 -17 2 -20 6 ]
CSI_DATA,STA,E4:D1:24:F1:41:40,-84,10,0,0,0,0,0,0,0,0,0,-97,0,13,0,114542547,0,389,0,0,114.936,128,[-123 81 24 0 -22 33 -21 35 -25 32 -20 26 -14 29 -15 25 -12 21 -6 13 -11 12 -7 4 -5 -6 -5 0 -5 -12 -5 -11 -3 -17 -3 -16 -3 -19 -5 -24 -3 -19 -3 -19 -2 -18 -4 -17 -3 -14 -6 -11 11 5 0 0 0 0 0 0 0 0 0 0 0 0 0 0 0 0 0 0 0 0 0 0 -20 -7 -17 -5 -18 -8 -12 -1 -9 -3 -7 -1 2 3 0 2 7 0 12 4 14 3 19 1 22 2 30 7 29 -2 32 2 27 3 30 -3 28 -7 17 -4 15 -6 12 -1 3 0 -3 5 -9 13 -13 21 ]
CSI_DATA,STA,E4:D1:24:F1:41:40,-84,10,0,0,0,0,0,0,0,0,0,-97,0,13,0,114606923,0,64,0,0,115,128,[64 0 4 0 34 20 34 17 36 13 30 13 27 13 32 4 24 7 21 4 8 7 8 -1 -1 7 -9 9 -9 6 -16 9 -17 10 -16 7 -20 6 -23 5 -16 10 -22 7 -15 3 -19 1 -18 -2 -11 3 -14 -5 0 0 0 0 0 0 0 0 0 0 0 0 0 0 0 0 0 0 0 0 0 0 1 22 -1 17 -4 14 -2 14 -3 8 1 5 -2 1 -4 -4 -2 -5 -6 -16 -5 -15 2 -24 -4 -25 1 -29 -3 -30 -9 -35 -7 -28 -6 -27 -10 -21 -10 -17 -4 -16 -10 -8 1 -2 4 1 17 7 20 15 ]
CSI_DATA,STA,E4:D1:24:F1:41:40,-83,10,0,0,0,0,0,0,0,0,0,-97,0,13,0,114746205,0,389,0,0,115.139,128,[-123 81 24 0 -26 -22 -28 -26 -30 -24 -27 -16 -23 -21 -19 -20 -15 -18 -18 -12 -7 -11 -3 -8 6 -7 8 -5 9 -5 11 -6 10 -1 17 3 20 1 23 -5 18 -1 16 1 19 5 8 8 11 4 4 2 7 -4 0 0 0 0 0 0 0 0 0 0 0 0 0 0 0 0 0 0 0 0 0 0 8 -14 5 -17 5 -15 -1 -10 3 -9 2 -6 5 -3 -3 2 -1 4 0 6 -5 14 -2 18 -5 19 -8 23 -7 29 -4 27 1 26 0 26 0 22 -6 21 -2 20 -8 13 -9 6 -10 -1 -9 -8 -18 -11 ]
CSI_DATA,STA,E4:D1:24:F1:41:40,-84,10,0,0,0,0,0,0,0,0,0,-97,0,13,0,114848607,0,389,0,0,115.242,128,[-123 81 24 0 2 33 3 39 4 38 9 34 7 30 3 26 1 25 10 21 0 15 1 11 -2 8 -3 1 -11 2 -13 4 -12 -4 -18 2 -23 -4 -22 -5 -25 -7 -23 -6 -20 -2 -16 -5 -15 -7 -12 -6 -8 -14 0 0 0 0 0 0 0 0 0 0 0 0 0 0 0 0 0 0 0 0 0 0 -18 -9 -16 -9 -11 -8 -13 -7 -12 -5 -9 -2 -2 -5 4 3 4 -2 7 -2 14 -1 16 -3 27 -2 24 1 28 0 26 -6 26 -12 25 -16 24 -7 24 -15 18 -7 13 -7 13 -4 4 5 3 10 0 20 ]
CSI_DATA,STA,E4:D1:24:F1:41:40,-85,10,0,0,0,0,0,0,0,0,0,-97,0,13,0,115053412,0,389,0,0,115.447,128,[-123 81 24 0 23 -14 30 -15 26 -15 19 -15 26 -12 24 -11 16 -14 10 -8 7 -7 7 0 2 1 9 3 -5 5 -3 10 -4 10 -7 15 -12 9 -17 12 -16 12 -12 11 -11 7 -14 1 -9 3 -9 -3 -7 7 0 0 0 0 0 0 0 0 0 0 0 0 0 0 0 0 0 0 0 0 0 0 16 -2 14 -3 16 1 12 0 9 -1 7 -3 4 -1 2 -5 -8 -6 -6 -1 -9 -3 -17 -3 -20 -1 -18 -3 -22 2 -23 -1 -26 1 -21 0 -27 2 -23 -2 -18 3 -7 -1 -6 3 -3 -2 7 -3 12 -6 ]
CSI_DATA,STA,E4:D1:24:F1:41:40,-86,10,0,0,0,0,0,0,0,0,0,-97,0,13,0,115565796,0,389,0,0,115.959,128,[-123 81 24 0 -16 28 -26 28 -17 27 -17 27 -20 28 -17 18 -14 12 -6 12 -6 1 -5 2 -3 0 5 -2 4 0 2 -8 8 -6 10 -8 18 -5 20 -8 17 -8 20 -7 19 -6 7 -3 10 3 10 3 6 -12 0 0 0 0 0 0 0 0 0 0 0 0 0 0 0 0 0 0 0 0 0 0 5 17 3 14 1 16 3 11 4 7 4 -1 -1 1 6 -3 1 -9 7 -9 4 -10 9 -19 8 -20 12 -27 22 -20 8 -21 10 -27 12 -25 3 -15 8 -15 8 -17 6 -7 -5 1 -2 4 -9 15 -11 17 ]
CSI_DATA,STA,E4:D1:24:F1:41:40,-86,10,0,0,0,0,0,0,0,0,0,-97,0,13,0,115669181,0,389,0,0,116.062,128,[-123 81 24 0 18 19 18 21 17 21 13 19 12 18 12 16 8 14 4 7 -1 9 3 6 2 -4 -3 -6 -4 -7 -9 -10 -9 -17 1 -14 7 -19 2 -13 1 -18 0 -16 0 -12 0 -10 2 -8 1 -8 -1 -1 0 0 0 0 0 0 0 0 0 0 0 0 0 0 0 0 0 0 0 0 0 0 12 -1 12 2 9 -2 7 6 0 -1 -2 -3 -4 -3 -4 -3 -6 -5 -9 -11 -10 -7 -11 -15 -14 -18 -14 -19 -18 -17 -16 -21 -13 -17 -12 -18 -14 -14 -9 -10 -5 -2 -2 0 -1 7 4 5 2 16 14 21 ]
CSI_DATA,STA,E4:D1:24:F1:41:40,-86,10,0,0,0,0,0,0,0,0,0,-97,0,13,0,115698531,0,64,0,0,116.095,128,[64 0 4 0 24 25 15 18 25 15 17 16 22 15 14 16 13 12 9 8 2 8 5 1 -3 -2 -8 -4 -3 -4 -11 -5 -10 -10 -10 -7 -13 -13 -9 -6 -10 -10 -12 -12 -8 -5 -6 -10 -8 -13 -1 -9 -2 5 0 0 0 0 0 0 0 0 0 0 0 0 0 0 0 0 0 0 0 0 0 0 9 8 6 6 7 7 1 4 1 3 4 0 1 -5 3 -11 -3 -5 -2 -9 -7 -16 -5 -16 -6 -20 -9 -17 -7 -17 -10 -22 -7 -22 -10 -13 -4 -17 -7 -12 -1 -9 -2 -3 2 4 4 8 6 10 11 11 ]
CSI_DATA,STA,E4:D1:24:F1:41:40,-89,10,0,0,0,0,0,0,0,0,0,-97,0,13,0,116692054,0,389,0,0,117.085,128,[-123 81 24 0 7 17 8 21 2 18 6 15 4 15 3 17 5 10 -2 5 4 11 3 3 0 4 6 6 7 -1 10 3 10 1 11 -2 14 3 11 -2 10 1 12 4 9 0 8 7 7 -1 5 3 -3 13 0 0 0 0 0 0 0 0 0 0 0 0 0 0 0 0 0 0 0 0 0 0 -9 -4 -7 -4 -7 -5 -7 -4 -4 -3 -8 -4 -8 -1 -7 1 -8 -4 -7 -2 -12 7 -7 6 -12 4 -13 8 -12 5 -18 2 -15 1 -15 4 -16 4 -9 6 -3 6 -16 5 -5 6 1 9 1 10 5 14 ]
CSI_DATA,STA,E4:D1:24:F1:41:40,-88,10,0,0,0,0,0,0,0,0,0,-97,0,13,0,116766888,0,64,0,0,117.16,128,[64 0 4 0 3 26 -4 25 -1 25 3 20 -3 17 -5 18 -8 12 -6 12 -1 9 2 7 4 0 7 -3 7 0 9 0 13 -8 15 -5 12 -2 15 -4 12 2 10 -3 10 0 10 -1 9 3 4 0 8 -1 0 0 0 0 0 0 0 0 0 0 0 0 0 0 0 0 0 0 0 0 0 0 0 -9 2 -7 3 -6 3 -2 1 -4 0 -5 -4 -3 -1 -6 -9 -5 -12 0 -13 -9 -5 -2 -17 -3 -16 -9 -19 -11 -15 -10 -15 -9 -14 -11 -11 -2 -10 -7 -11 -1 -10 1 -6 2 -5 8 -5 17 -3 17 ]
CSI_DATA,STA,E4:D1:24:F1:41:40,-87,10,0,0,0,0,0,0,0,0,0,-97,0,13,0,117203867,0,389,0,0,117.597,128,[-123 81 24 0 3 22 0 18 -8 23 -8 16 -6 20 -6 11 -4 11 -2 6 -4 4 5 3 1 0 3 -2 7 0 11 -5 9 3 7 0 13 -1 15 2 9 1 8 4 10 5 6 3 3 4 -1 4 5 -2 0 0 0 0 0 0 0 0 0 0 0 0 0 0 0 0 0 0 0 0 0 0 1 -9 0 -9 0 -8 2 -10 1 -11 -4 -2 -5 -7 -3 -1 -9 -5 -9 -4 -11 -3 -7 -4 -15 -7 -11 -5 -11 -7 -14 -12 -18 -8 -13 -7 -16 -11 -11 -5 -10 -6 -6 -4 -10 5 -3 5 1 8 -7 14 ]
CSI_DATA,STA,E4:D1:24:F1:41:40,-87,10,0,0,0,0,0,0,0,0,0,-97,0,13,0,117511075,0,389,0,0,117.904,128,[-123 81 24 0 -16 -16 -21 -11 -15 -16 -18 -11 -16 -10 -11 -11 -14 -9 -10 -5 -5 -1 -2 3 -3 -1 -6 2 -2 1 -2 3 0 8 0 10 -2 6 -7 9 -9 5 -11 7 -11 6 -12 7 -8 1 -6 0 -3 6 0 0 0 0 0 0 0 0 0 0 0 0 0 0 0 0 0 0 0 0 0 0 10 2 7 7 8 4 5 6 6 -1 6 4 7 4 2 0 6 -5 5 -5 3 -10 8 -6 11 -8 8 -11 9 -15 11 -12 5 -13 9 -10 13 -9 6 -9 8 -13 4 -6 -5 -7 1 -9 -4 -9 -13 -14 ]
CSI_DATA,STA,E4:D1:24:F1:41:40,-87,10,0,0,0,0,0,0,0,0,0,-97,0,13,0,117715880,0,389,0,0,118.109,128,[-123 81 24 0 -26 -10 -29 -7 -28 -3 -22 -8 -21 -8 -20 -7 -13 -2 -14 0 -9 -3 -8 0 0 4 -5 2 2 8 4 7 4 5 10 9 0 12 2 16 3 13 3 17 -1 10 -3 8 -2 5 -5 5 0 14 0 0 0 0 0 0 0 0 0 0 0 0 0 0 0 0 0 0 0 0 0 0 2 5 4 8 0 12 -1 5 3 11 4 7 5 3 -1 2 6 -6 11 -5 14 -3 13 -2 12 -3 13 -10 19 -10 15 -15 13 -11 19 -12 14 0 9 -4 7 -6 8 -6 -3 -5 -6 -8 -14 -8 -13 -10 ]
CSI_DATA,STA,E4:D1:24:F1:41:40,-87,10,0,0,0,0,0,0,0,0,0,-97,0,13,0,118330295,0,389,0,0,118.724,128,[-123 81 24 0 3 27 4 27 1 21 -2 24 -2 21 1 22 -7 18 1 17 -6 10 -4 1 -1 0 2 4 3 -6 0 -4 12 0 7 -4 13 -8 16 -7 12 -7 14 -4 15 0 18 3 1 2 6 8 17 2 0 0 0 0 0 0 0 0 0 0 0 0 0 0 0 0 0 0 0 0 0 0 -2 -11 3 -15 1 -7 4 -12 1 -6 -4 -7 -1 -6 1 -6 -8 -6 -8 -5 -7 -4 -12 -5 -13 -6 -19 -7 -19 -7 -22 -11 -17 -11 -17 -6 -20 -5 -12 -2 -14 -3 -10 0 -4 4 -3 0 -1 12 -3 16 ]
CSI_DATA,STA,E4:D1:24:F1:41:40,-88,10,0,0,0,0,0,0,0,0,0,-97,0,13,0,118432817,0,389,0,0,118.826,128,[-123 81 24 0 27 -17 20 -19 16 -17 20 -17 21 -6 18 -9 17 -7 14 -6 13 -3 6 -2 7 -6 -3 -4 -2 -3 -3 -5 -5 -9 -5 -2 -11 -11 -7 -9 -11 -8 -10 -10 -7 -7 -10 -10 -6 -7 -2 -11 3 -10 0 0 0 0 0 0 0 0 0 0 0 0 0 0 0 0 0 0 0 0 0 0 -12 -1 -9 -4 -10 3 -6 -3 -2 3 -6 3 -4 2 -7 7 -1 10 1 11 0 8 1 12 1 15 2 18 -4 16 -5 17 -3 26 -5 18 -1 17 0 19 3 12 2 8 6 2 5 1 10 -4 11 -3 ]
CSI_DATA,STA,E4:D1:24:F1:41:40,-87,10,0,0,0,0,0,0,0,0,0,-97,0,13,0,118739905,0,389,0,0,119.133,128,[-123 81 24 0 14 15 18 15 12 25 12 27 11 22 10 17 5 16 2 6 -2 8 7 7 2 3 0 2 3 -5 6 -8 4 -4 2 -11 12 -9 7 -14 9 -12 15 -8 8 -6 15 -7 14 -3 11 -1 -2 5 0 0 0 0 0 0 0 0 0 0 0 0 0 0 0 0 0 0 0 0 0 0 0 -11 -6 -12 -4 -15 -5 -10 4 -3 0 -7 -4 -6 -3 -7 -11 -1 -11 -5 -14 3 -14 0 -18 4 -17 -1 -19 4 -19 -1 -18 4 -19 -2 -18 3 -12 2 -14 -1 -10 0 -7 0 0 9 1 10 10 15 ]
CSI_DATA,STA,E4:D1:24:F1:41:40,-87,10,0,0,0,0,0,0,0,0,0,-97,0,13,0,118890285,0,64,0,0,119.283,128,[64 0 4 0 0 18 -8 27 -8 24 -8 22 -7 24 -13 14 -8 13 -8 11 -4 10 -7 -1 -2 1 4 4 4 -2 4 -3 7 -4 9 2 13 2 16 3 14 -3 13 5 11 4 10 5 10 7 5 2 5 12 0 0 0 0 0 0 0 0 0 0 0 0 0 0 0 0 0 0 0 0 0 0 3 -11 2 -11 0 -8 2 -8 0 -8 1 -6 -1 -5 -6 -8 -9 -4 -16 -5 -8 -6 -10 -6 -11 -6 -12 -11 -16 -11 -16 -8 -16 -15 -13 -9 -15 -13 -16 -11 -16 -6 -10 -4 -5 1 -7 12 3 10 1 13 ]
CSI_DATA,STA,E4:D1:24:F1:41:40,-86,10,0,0,0,0,0,0,0,0,0,-97,0,13,0,118944710,0,389,0,0,119.338,128,[-123 81 24 0 -12 19 -20 16 -15 15 -15 17 -19 21 -11 15 -16 14 -13 12 -8 2 -10 2 -5 3 2 2 9 -4 4 -2 13 -1 13 1 12 6 14 1 12 5 11 11 9 8 6 10 8 10 5 5 -6 2 0 0 0 0 0 0 0 0 0 0 0 0 0 0 0 0 0 0 0 0 0 0 11 -2 10 -4 11 -3 8 -3 6 -3 8 -4 3 -9 1 -7 -3 -5 -5 -8 -1 -8 -2 -13 -6 -11 -3 -19 -8 -22 -3 -20 -9 -19 -8 -20 -7 -18 -5 -15 -4 -14 1 -11 -9 -10 -3 -2 -14 4 -9 8 ]
CSI_DATA,STA,E4:D1:24:F1:41:40,-88,10,0,0,0,0,0,0,0,0,0,-97,0,13,0,119047113,0,389,0,0,119.44,128,[-123 81 24 0 23 -13 26 -10 24 1 20 -10 24 -3 25 -6 20 -6 11 -1 9 -4 11 -3 0 -4 1 -1 -2 -4 -5 -2 -16 -13 -9 -5 -12 -9 -7 -11 -13 -7 -11 -9 -8 -13 -6 -11 -6 -6 -10 -6 -7 -13 0 0 0 0 0 0 0 0 0 0 0 0 0 0 0 0 0 0 0 0 0 0 -7 -11 -3 -10 -11 -8 -8 -9 -11 -4 0 -4 -7 0 -7 2 -3 5 -7 2 -5 12 -12 8 -8 9 -10 12 -14 15 -10 17 -14 18 -15 16 -14 11 -6 14 -7 10 -2 10 4 6 10 3 10 3 18 1 ]
CSI_DATA,STA,E4:D1:24:F1:41:40,-87,10,0,0,0,0,0,0,0,0,0,-97,0,13,0,119149531,0,389,0,0,119.543,128,[-123 81 24 0 31 5 27 0 28 5 25 2 23 2 16 -1 24 8 11 2 6 5 9 1 3 3 -1 -2 -5 -6 -10 -8 -8 -8 -11 -7 -11 -14 -10 -16 -8 -13 -5 -15 -4 -13 -3 -14 -5 -12 -2 -9 -1 -17 0 0 0 0 0 0 0 0 0 0 0 0 0 0 0 0 0 0 0 0 0 0 -1 -14 1 -12 0 -11 -1 -5 -3 -4 -6 -3 -7 -4 -5 -6 -2 -2 -10 4 -5 4 -10 4 -11 7 -16 7 -17 6 -15 10 -15 11 -12 2 -11 6 -12 14 -2 6 -8 3 -4 4 -2 5 6 -1 9 8 ]
CSI_DATA,STA,E4:D1:24:F1:41:40,-86,10,0,0,0,0,0,0,0,0,0,-97,0,13,0,119252612,0,389,0,0,119.646,128,[-123 81 24 0 12 -23 14 -21 18 -24 9 -25 4 -20 11 -16 12 -19 8 -14 1 -10 2 -3 -1 -1 -8 2 -9 -4 -5 1 -8 3 -14 0 -9 -7 -11 -2 -16 -6 -17 -4 -11 -3 -11 -7 -10 -5 -13 -9 -11 -13 0 0 0 0 0 0 0 0 0 0 0 0 0 0 0 0 0 0 0 0 0 0 -12 7 -13 3 -8 4 -8 1 -4 3 -4 5 1 4 -3 11 2 8 0 11 3 13 9 15 8 17 10 12 12 13 12 20 5 16 12 18 2 16 12 12 8 13 6 14 8 -1 8 0 8 -15 13 -15 ]
CSI_DATA,STA,E4:D1:24:F1:41:40,-86,10,0,0,0,0,0,0,0,0,0,-97,0,13,0,119456723,0,389,0,0,119.85,128,[-123 81 24 0 -21 16 -17 8 -21 12 -24 16 -23 7 -14 10 -18 4 -13 4 -11 1 -7 -1 -3 3 -2 2 4 10 3 7 2 0 1 15 3 17 3 12 -4 14 -1 14 -4 9 -4 3 -7 10 -4 5 -6 12 0 0 0 0 0 0 0 0 0 0 0 0 0 0 0 0 0 0 0 0 0 0 4 -8 2 -11 4 -8 -1 -8 5 -12 0 -6 1 -6 -4 -9 -2 -7 -4 -10 -4 -12 -10 -12 -5 -18 -12 -18 -3 -16 -8 -18 -10 -23 -6 -16 -3 -18 -5 -17 -8 -9 -9 -8 -13 -8 -11 2 -12 9 -15 3 ]
CSI_DATA,STA,E4:D1:24:F1:41:40,-88,10,0,0,0,0,0,0,0,0,0,-97,0,13,0,119678596,0,389,0,0,120.072,128,[-123 81 24 0 -23 14 -23 7 -23 0 -26 0 -24 -2 -26 2 -18 3 -12 -4 -12 0 -5 4 -8 1 -1 3 -2 8 -2 6 -2 2 0 8 -1 10 -6 15 0 13 -10 13 -9 8 -3 5 -10 4 -8 1 7 3 0 0 0 0 0 0 0 0 0 0 0 0 0 0 0 0 0 0 0 0 0 0 6 -11 5 -9 3 -6 7 -5 1 -6 7 -6 2 -8 -6 -7 -3 -8 -4 -9 -12 -14 -2 -13 -8 -17 -11 -18 -4 -23 -5 -21 -3 -18 0 -20 -5 -18 -9 -21 -10 -6 -6 -2 -11 -3 -9 0 -13 5 -15 8 ]
CSI_DATA,STA,E4:D1:24:F1:41:40,-86,10,0,0,0,0,0,0,0,0,0,-97,0,13,0,119966913,0,64,0,0,120.36,128,[64 0 4 0 10 -22 3 -21 9 -28 13 -25 11 -22 12 -21 10 -19 10 -10 11 -10 7 -7 1 -5 -6 -1 -4 7 -11 -2 -8 -3 -13 -3 -9 -11 -13 -7 -12 -7 -12 -6 -11 -11 -2 -13 -4 -8 4 -7 -3 0 0 0 0 0 0 0 0 0 0 0 0 0 0 0 0 0 0 0 0 0 0 0 -4 12 -2 11 -3 11 0 10 -3 7 -5 7 3 4 2 7 2 3 3 6 8 3 5 7 16 11 15 6 10 9 12 13 20 13 19 10 15 12 12 11 12 2 14 3 7 2 5 -2 7 -13 2 -14 ]
CSI_DATA,STA,E4:D1:24:F1:41:40,-87,10,0,0,0,0,0,0,0,0,0,-97,0,13,0,120071138,0,389,0,0,120.464,128,[-123 81 24 0 -19 15 -21 24 -20 18 -18 16 -13 16 -22 12 -10 14 -16 8 -8 6 -7 6 -6 1 -1 0 6 4 1 2 9 5 11 9 8 9 10 10 9 14 2 14 3 11 -2 12 4 8 -7 9 0 -2 0 0 0 0 0 0 0 0 0 0 0 0 0 0 0 0 0 0 0 0 0 0 3 -12 2 -9 1 -8 4 -10 5 -7 -2 -2 -1 -4 -2 -7 1 -9 -11 -8 -8 -9 -16 -13 -12 -13 -12 -14 -11 -11 -8 -20 -18 -14 -5 -14 -11 -14 -11 -12 -6 -3 -5 -6 -8 -8 -14 -1 -10 6 -7 6 ]
CSI_DATA,STA,E4:D1:24:F1:41:40,-88,10,0,0,0,0,0,0,0,0,0,-97,0,13,0,120275945,0,389,0,0,120.669,128,[-123 81 24 0 10 23 13 24 9 27 3 22 4 18 -1 27 5 15 -2 12 2 7 2 7 1 -1 -2 0 7 -11 2 -10 6 -12 7 -9 8 -13 8 -5 14 -11 17 -5 19 -4 12 -4 11 -6 4 1 14 -6 0 0 0 0 0 0 0 0 0 0 0 0 0 0 0 0 0 0 0 0 0 0 3 -8 5 -11 2 -13 2 -7 -1 -7 3 -7 -3 -5 -6 -3 -7 -6 -6 -5 -11 -1 -15 -4 -16 -3 -19 -4 -16 -3 -13 -9 -9 -4 -18 -12 -17 -4 -17 -6 -17 -6 -13 2 -6 4 -5 9 5 11 3 12 ]
CSI_DATA,STA,E4:D1:24:F1:41:40,-87,10,0,0,0,0,0,0,0,0,0,-97,0,13,0,120378347,0,389,0,0,120.772,128,[-123 81 24 0 -12 -24 -14 -19 -16 -25 -14 -21 -10 -21 -10 -21 -11 -12 -2 -16 -3 -14 -3 -4 -5 -2 -7 2 -6 4 -4 6 -8 3 -11 8 -1 11 -14 10 -13 6 -16 7 -12 9 -15 1 -7 0 -8 -4 -2 -5 0 0 0 0 0 0 0 0 0 0 0 0 0 0 0 0 0 0 0 0 0 0 0 6 3 11 1 7 0 7 2 8 -2 5 3 7 8 2 6 0 16 2 10 -3 18 2 14 2 12 -4 21 -4 20 0 16 2 19 0 15 -5 18 2 7 -7 6 -1 6 -8 1 -15 -2 -13 -2 -17 ]
CSI_DATA,STA,E4:D1:24:F1:41:40,-88,10,0,0,0,0,0,0,0,0,0,-97,0,13,0,120480750,0,389,0,0,120.874,128,[-123 81 24 0 -14 -23 -18 -23 -14 -19 -11 -23 -11 -23 -11 -19 -6 -19 -8 -11 -4 -15 0 -4 -6 -4 -3 1 -7 2 0 -3 -4 8 -8 6 -8 9 -13 6 -13 6 -14 4 -12 0 -9 -2 -9 -3 -10 -5 -1 5 0 0 0 0 0 0 0 0 0 0 0 0 0 0 0 0 0 0 0 0 0 0 7 4 5 7 3 10 6 2 -1 5 4 6 8 1 5 -4 8 -4 7 -5 8 -8 12 -1 14 -6 12 -11 16 -2 20 -4 20 -2 16 -6 16 -7 13 -11 8 -5 6 -4 4 -4 0 -7 -7 -13 -7 -17 ]
CSI_DATA,STA,E4:D1:24:F1:41:40,-87,10,0,0,0,0,0,0,0,0,0,-97,0,13,0,120685555,0,389,0,0,121.079,128,[-123 81 24 0 20 -5 24 -5 29 -11 24 -3 23 -4 20 -1 18 0 15 -2 7 0 8 -2 6 -6 -3 -3 0 -3 1 -1 -1 -12 -2 -19 0 -11 4 -11 6 -10 3 -13 9 -13 6 -8 7 -6 5 -3 1 -6 0 0 0 0 0 0 0 0 0 0 0 0 0 0 0 0 0 0 0 0 0 0 -5 9 -2 9 -6 8 -4 7 -6 5 -1 8 1 6 5 10 6 6 7 12 6 14 12 13 7 12 3 15 7 14 6 16 3 17 3 19 3 13 6 13 2 14 1 6 11 10 11 2 11 1 16 -10 ]
CSI_DATA,STA,E4:D1:24:F1:41:40,-87,10,0,0,0,0,0,0,0,0,0,-97,0,13,0,120787957,0,389,0,0,121.181,128,[-123 81 24 0 -22 4 -22 2 -25 -2 -22 -4 -18 -7 -25 -7 -20 -5 -17 0 -10 -6 -12 2 0 2 -5 -2 3 5 -1 7 2 6 0 13 -2 14 0 8 -2 16 -8 10 -2 13 -11 12 -4 7 -6 8 -12 -3 0 0 0 0 0 0 0 0 0 0 0 0 0 0 0 0 0 0 0 0 0 0 11 2 7 1 5 -1 12 2 11 1 6 -2 4 -3 4 -3 1 -6 7 -8 3 -10 7 -8 3 -11 8 -16 6 -18 5 -19 3 -17 7 -18 5 -15 4 -15 4 -21 3 -8 0 -8 -2 -7 -7 -3 -10 -5 ]
CSI_DATA,STA,E4:D1:24:F1:41:40,-87,10,0,0,0,0,0,0,0,0,0,-97,0,13,0,121095165,0,389,0,0,121.488,128,[-123 81 24 0 -1 -28 -8 -26 -5 -34 1 -24 -1 -23 2 -24 -5 -22 0 -13 1 -14 1 -4 -1 -1 3 1 -6 7 -5 6 -6 11 -8 9 -8 6 -16 10 -11 12 -15 7 -14 3 -13 9 -11 4 -9 4 -12 -4 0 0 0 0 0 0 0 0 0 0 0 0 0 0 0 0 0 0 0 0 0 0 -6 3 -8 1 -12 2 -5 1 -6 4 -1 3 -8 5 0 5 -3 7 -1 8 9 4 5 10 -1 18 9 18 9 14 17 14 11 15 8 15 5 4 13 11 9 10 10 5 4 5 5 -1 -2 -11 0 -15 ]
CSI_DATA,STA,E4:D1:24:F1:41:40,-88,10,0,0,0,0,0,0,0,0,0,-97,0,13,0,121197566,0,389,0,0,121.591,128,[-123 81 24 0 -18 15 -21 17 -20 16 -20 13 -18 17 -12 16 -19 17 -12 10 -10 2 -5 3 -3 0 0 -3 7 2 7 1 4 -1 13 0 14 3 13 0 16 6 13 7 13 6 10 7 4 3 8 12 -5 -2 0 0 0 0 0 0 0 0 0 0 0 0 0 0 0 0 0 0 0 0 0 0 6 1 8 0 9 5 4 5 8 0 5 4 7 -3 2 -3 6 -3 3 -7 0 -9 0 -11 5 -10 3 -12 6 -20 1 -21 1 -20 -2 -22 0 -19 -5 -18 -1 -13 -4 -10 -6 -7 -9 1 -1 2 -11 6 ]
CSI_DATA,STA,E4:D1:24:F1:41:40,-87,10,0,0,0,0,0,0,0,0,0,-97,0,13,0,121299969,0,389,0,0,121.693,128,[-123 81 24 0 -15 22 -11 22 -6 20 -8 23 -8 16 -8 17 -12 12 -3 12 -7 5 -5 6 0 -1 6 -2 7 -5 8 -4 15 -7 14 -5 12 -4 15 1 10 -2 10 0 9 2 8 -1 11 4 5 0 8 -3 0 0 0 0 0 0 0 0 0 0 0 0 0 0 0 0 0 0 0 0 0 0 7 4 7 0 9 0 8 -2 4 1 5 0 5 -1 -2 -7 -3 -9 0 -11 1 -12 -4 -16 1 -14 -7 -20 3 -20 2 -18 -4 -18 -4 -19 -2 -15 0 -16 -2 -10 -9 -8 -4 -5 -5 4 -5 8 -13 7 ]
