type,role,mac,rssi,rate,sig_mode,mcs,bandwidth,smoothing,not_sounding,aggregation,stbc,fec_coding,sgi,noise_floor,ampdu_cnt,channel,secondary_channel,local_timestamp,ant,sig_len,rx_state,real_time_set,real_timestamp,len,CSI_DATA
CSI_DATA,STA,E4:D1:24:F1:02:C0,-79,10,0,0,0,0,0,0,0,0,0,-96,0,13,0,84549,0,389,0,0,0.475988,128,[-123 81 24 0 -41 13 -39 15 -36 16 -24 17 -26 14 -16 9 -14 4 -15 0 -14 -1 -16 -8 -15 -11 -20 -12 -25 -11 -22 -12 -25 -10 -26 -9 -26 -7 -23 -9 -21 -4 -18 -3 -17 -6 -12 -3 -8 -4 -6 -6 -7 -12 0 0 0 0 0 0 0 0 0 0 0 0 0 0 0 0 0 0 0 0 0 0 4 14 3 17 1 12 -2 12 -4 10 -8 12 -13 11 -14 13 -18 11 -19 14 -19 15 -18 16 -22 17 -20 21 -20 17 -20 21 -18 16 -22 20 -16 11 -17 9 -20 3 -21 3 -31 4 -36 4 -41 5 -43 8 ]
CSI_DATA,STA,E4:D1:24:F1:02:C0,-79,10,0,0,0,0,0,0,0,0,0,-96,0,13,0,138914,0,34,0,0,0.529814,128,[34 32 2 0 34 -20 32 -18 28 -19 21 -18 19 -10 13 -10 13 -5 13 -3 14 0 14 5 13 6 17 10 22 11 24 7 23 3 22 7 21 5 18 3 18 0 16 1 14 4 11 3 7 3 3 2 5 10 0 0 0 0 0 0 0 0 0 0 0 0 0 0 0 0 0 0 0 0 0 0 -10 -15 -6 -15 0 -14 3 -13 4 -12 3 -10 9 -13 13 -14 14 -13 16 -17 17 -16 18 -18 14 -18 13 -21 12 -19 12 -16 13 -19 15 -13 14 -11 15 -10 21 -5 19 -2 27 -3 32 -4 38 -8 43 -13 ]
CSI_DATA,STA,E4:D1:24:F1:02:C0,-79,10,0,0,0,0,0,0,0,0,0,-96,0,13,0,186267,0,141,0,0,0.576916,128,[-115 -48 8 0 43 -7 40 -8 33 -11 28 -14 22 -9 19 -7 14 -1 14 2 13 6 14 8 17 12 18 14 19 12 22 11 22 9 24 7 25 7 23 5 19 4 17 7 14 5 9 4 6 6 14 9 -1 11 0 0 0 0 0 0 0 0 0 0 0 0 0 0 0 0 0 0 0 0 0 0 -1 -19 5 -16 5 -14 6 -11 9 -9 10 -8 17 -6 17 -5 23 -5 23 -8 22 -6 25 -10 28 -11 25 -11 25 -14 21 -16 18 -8 21 -9 19 -7 21 -4 20 -3 23 5 32 7 34 6 41 6 44 5 ]
CSI_DATA,STA,E4:D1:24:F1:02:C0,-79,10,0,0,0,0,0,0,0,0,0,-96,0,13,0,186960,0,389,0,0,0.607759,128,[-123 81 24 0 19 -46 13 -33 15 -37 8 -35 5 -22 5 -22 10 -18 10 -10 15 -4 16 -4 21 -7 22 -8 23 -8 24 -10 26 -7 27 -8 19 -11 20 -10 21 -10 15 -11 13 -4 13 -3 12 -5 14 1 -19 -1 0 0 0 0 0 0 0 0 0 0 0 0 0 0 0 0 0 0 0 0 0 0 -17 -6 -16 -6 -11 -11 -11 -14 -3 -12 -3 -11 2 -17 4 -23 1 -25 1 -27 -1 -26 2 -26 4 -24 0 -27 1 -28 2 -30 -2 -24 1 -24 5 -18 4 -21 13 -13 15 -20 21 -18 24 -24 23 -31 30 -38 ]
CSI_DATA,STA,E4:D1:24:F1:02:C0,-79,10,0,0,0,0,0,0,0,0,0,-96,0,13,0,256258,0,64,0,0,0.677078,128,[64 0 4 0 -32 -36 -29 -27 -28 -22 -23 -20 -19 -16 -15 -12 -10 -13 -7 -14 -2 -15 1 -15 1 -22 3 -23 1 -22 4 -27 4 -27 0 -23 0 -26 0 -24 -2 -22 -1 -16 0 -13 -1 -10 2 -8 5 -3 4 -4 0 0 0 0 0 0 0 0 0 0 0 0 0 0 0 0 0 0 0 0 0 0 -14 15 -13 6 -13 9 -12 2 -14 3 -15 -1 -16 -6 -19 -8 -17 -9 -21 -9 -21 -9 -25 -7 -24 -11 -27 -10 -25 -8 -25 -7 -22 -8 -20 -9 -19 -10 -16 -13 -13 -19 -12 -23 -13 -27 -15 -29 -20 -38 -25 -36 ]
CSI_DATA,STA,E4:D1:24:F1:02:C0,-79,10,0,0,0,0,0,0,0,0,0,-96,0,13,0,257926,0,64,0,0,0.719461,128,[64 0 4 0 -48 -5 -42 -3 -35 2 -30 1 -23 -1 -16 -1 -14 -4 -14 -5 -11 -9 -15 -14 -9 -14 -13 -18 -17 -19 -14 -19 -16 -21 -17 -18 -18 -16 -17 -14 -16 -12 -14 -11 -10 -11 -8 -9 -4 -8 -1 -8 9 -9 0 0 0 0 0 0 0 0 0 0 0 0 0 0 0 0 0 0 0 0 0 0 -5 17 -7 15 -6 11 -9 10 -10 8 -14 4 -16 3 -16 1 -23 3 -23 2 -28 4 -26 0 -25 4 -25 4 -26 5 -25 7 -22 4 -20 4 -19 1 -17 -2 -21 -5 -25 -10 -29 -14 -30 -17 -34 -18 -44 -17 ]
CSI_DATA,STA,E4:D1:24:F1:02:C0,-79,10,0,0,0,0,0,0,0,0,0,-96,0,13,0,289354,0,389,0,0,0.762803,128,[-123 81 24 0 37 -5 31 -8 30 -5 28 -11 22 -4 20 -3 18 -3 13 2 12 2 14 6 16 4 14 11 20 12 18 6 21 9 19 6 19 9 19 5 19 10 14 2 14 5 10 6 1 4 3 3 -13 -4 0 0 0 0 0 0 0 0 0 0 0 0 0 0 0 0 0 0 0 0 0 0 5 -17 7 -13 5 -13 9 -11 9 -10 8 -8 11 -4 15 -5 18 -3 18 -2 18 -5 25 -9 29 -7 23 -5 21 -8 20 -10 20 -9 16 -8 17 -8 17 -4 20 0 21 2 24 2 27 5 30 5 38 4 ]
CSI_DATA,STA,E4:D1:24:F1:02:C0,-79,10,0,0,0,0,0,0,0,0,0,-96,0,13,0,346843,0,407,0,0,0.801345,128,[-105 113 25 0 38 15 39 13 32 9 32 5 25 3 22 0 16 2 10 8 9 8 9 11 7 16 6 19 8 19 10 21 12 22 11 20 11 21 11 19 12 17 9 15 7 13 5 11 2 9 -2 6 -7 13 0 0 0 0 0 0 0 0 0 0 0 0 0 0 0 0 0 0 0 0 0 0 6 -16 6 -13 6 -11 8 -8 11 -5 10 -3 14 -1 18 2 20 4 17 6 23 2 26 2 26 0 26 -1 26 -3 21 -2 23 -3 21 -1 19 1 21 3 15 4 19 9 20 15 19 18 27 21 35 26 ]
CSI_DATA,STA,E4:D1:24:F1:02:C0,-79,10,0,0,0,0,0,0,0,0,0,-96,0,13,0,374638,0,64,0,0,0.83919,128,[64 0 4 0 -7 45 4 40 6 36 4 30 2 25 -1 20 -1 17 -7 14 -10 14 -11 16 -13 12 -18 16 -19 19 -16 19 -16 20 -13 20 -14 23 -10 22 -10 21 -7 16 -7 12 -7 9 -7 6 -10 2 -13 -7 0 0 0 0 0 0 0 0 0 0 0 0 0 0 0 0 0 0 0 0 0 0 17 6 10 6 11 10 5 9 6 10 4 15 2 14 2 18 -1 20 0 22 1 24 3 25 4 27 5 25 7 26 7 24 3 25 7 23 1 21 0 18 -5 22 -11 22 -12 27 -12 32 -14 38 -15 44 ]
CSI_DATA,STA,E4:D1:24:F1:02:C0,-79,10,0,0,0,0,0,0,0,0,0,-96,0,13,0,391757,0,389,0,0,0.878254,128,[-123 81 24 0 10 -46 8 -40 7 -37 2 -30 1 -25 0 -20 5 -16 9 -11 12 -11 16 -9 16 -10 21 -11 24 -9 26 -14 21 -14 21 -15 19 -15 15 -15 16 -13 13 -9 11 -9 9 -6 9 -1 9 3 9 11 0 0 0 0 0 0 0 0 0 0 0 0 0 0 0 0 0 0 0 0 0 0 -16 -6 -13 -8 -11 -7 -8 -9 -9 -9 -6 -13 -3 -17 -2 -19 -4 -24 0 -23 -4 -27 -4 -27 -6 -28 -6 -28 -9 -26 -8 -25 -8 -22 -5 -22 -1 -15 0 -20 7 -21 12 -20 15 -28 19 -28 19 -36 21 -42 ]
CSI_DATA,STA,E4:D1:24:F1:02:C0,-79,10,0,0,0,0,0,0,0,0,0,-96,0,13,0,494159,0,389,0,0,0.920807,128,[-123 81 24 0 -6 45 -4 40 0 35 -3 31 -4 23 -3 20 -6 16 -9 10 -11 8 -13 10 -17 9 -20 11 -24 11 -22 12 -21 16 -22 17 -18 15 -17 14 -13 11 -15 11 -9 6 -9 6 -6 1 -5 -2 -11 -3 0 0 0 0 0 0 0 0 0 0 0 0 0 0 0 0 0 0 0 0 0 0 17 0 15 3 13 5 9 8 5 7 5 12 2 16 3 17 4 20 3 22 1 26 5 25 9 27 9 26 11 23 11 23 7 21 6 20 2 17 -3 20 -7 19 -11 23 -13 26 -19 33 -17 37 -16 43 ]
CSI_DATA,STA,E4:D1:24:F1:02:C0,-77,10,0,0,0,0,0,0,0,0,0,-96,0,13,0,684845,0,368,0,0,1.07582,128,[112 1 23 0 7 39 9 35 9 30 8 26 6 21 2 16 0 11 -5 11 -9 10 -11 12 -18 13 -15 13 -18 17 -17 19 -15 18 -15 18 -14 17 -12 16 -11 12 -10 11 -7 10 -8 6 -7 1 -8 -2 -4 -6 0 0 0 0 0 0 0 0 0 0 0 0 0 0 0 0 0 0 0 0 0 0 12 -8 11 -4 12 -3 9 0 9 4 10 8 7 10 12 11 12 16 13 16 15 18 16 17 17 19 17 18 18 18 17 15 14 14 13 13 7 13 8 17 3 17 -4 23 -5 24 -5 33 -5 39 -2 44 ]
CSI_DATA,STA,E4:D1:24:F1:02:C0,-78,10,0,0,0,0,0,0,0,0,0,-96,0,13,0,713545,0,389,0,0,1.10637,128,[-123 81 24 0 2 45 3 36 6 33 4 24 6 24 1 19 -2 12 -5 13 -9 7 -14 9 -17 13 -18 14 -19 14 -20 15 -18 17 -18 16 -17 16 -15 18 -13 14 -11 10 -12 8 -9 6 -9 0 -8 -4 -3 -2 0 0 0 0 0 0 0 0 0 0 0 0 0 0 0 0 0 0 0 0 0 0 15 -7 12 -5 10 -1 8 1 10 5 11 8 13 9 -1 23 16 22 11 19 15 21 15 22 17 22 18 19 18 16 19 18 13 15 15 13 7 15 6 17 -1 18 -4 24 -6 27 -9 33 -9 38 -8 46 ]
CSI_DATA,STA,E4:D1:24:F1:02:C0,-78,10,0,0,0,0,0,0,0,0,0,-96,0,13,0,801367,0,389,0,0,1.1923,128,[-123 81 24 0 -24 28 -22 32 -14 24 -12 22 -9 19 -9 17 -10 11 -11 8 -11 6 -13 2 -18 4 -20 3 -25 4 -19 2 -38 -1 -24 -1 -21 9 -19 7 -14 8 -13 7 -11 4 -9 4 -9 -1 -7 -5 -4 -13 0 0 0 0 0 0 0 0 0 0 0 0 0 0 0 0 0 0 0 0 0 0 9 10 6 12 2 11 2 10 -2 8 -4 11 -5 13 -8 12 -9 16 -9 16 -10 16 -11 22 -11 20 -10 22 -8 22 -6 21 -6 20 -7 15 -8 16 -13 14 -15 11 -18 12 -20 13 -26 16 -30 19 -31 25 ]
CSI_DATA,STA,E4:D1:24:F1:02:C0,-77,10,0,0,0,0,0,0,0,0,0,-97,0,13,0,987009,0,64,0,0,1.37754,128,[64 0 4 0 -25 34 -21 34 -17 32 -13 27 -7 26 -9 20 -7 11 -11 9 -11 6 -17 6 -19 10 -21 2 -20 7 -25 9 -23 10 -26 11 -21 14 -19 12 -17 11 -15 7 -13 6 -11 5 -9 -1 -14 -18 1 6 0 0 0 0 0 0 0 0 0 0 0 0 0 0 0 0 0 0 0 0 0 0 8 13 8 13 6 13 2 8 -2 8 -2 11 -6 13 -5 14 -7 16 -10 17 -9 20 -11 20 -9 22 -9 23 -6 23 -5 24 -5 22 -6 20 -7 16 -7 14 -11 14 -17 13 -21 16 -28 17 -30 23 -32 27 ]
CSI_DATA,STA,E4:D1:24:F1:02:C0,-76,10,0,0,0,0,0,0,0,0,0,-97,0,13,0,1006509,0,389,0,0,1.40919,128,[-123 81 24 0 -44 12 -37 13 -32 12 -28 9 -22 8 -18 5 -15 0 -13 -3 -14 -6 -14 -12 -14 -17 -17 -17 -19 -18 -21 -18 -22 -16 -20 -16 -20 -13 -22 -15 -17 -11 -15 -10 -12 -8 -7 -8 -4 -7 0 -5 9 -9 0 0 0 0 0 0 0 0 0 0 0 0 0 0 0 0 0 0 0 0 0 0 7 16 6 13 2 12 2 13 -4 10 -5 10 -9 10 -12 8 -15 14 -16 13 -21 14 -20 17 -20 17 -17 18 -20 21 -16 19 -16 17 -15 13 -11 11 -16 8 -17 7 -23 -1 -27 0 -33 -2 -38 -2 -47 0 ]
CSI_DATA,STA,E4:D1:24:F1:02:C0,-77,10,0,0,0,0,0,0,0,0,0,-97,0,13,0,1108574,0,389,0,0,1.49965,128,[-123 81 24 0 19 -37 15 -37 8 -34 10 -30 7 -26 8 -22 6 -14 9 -13 12 -10 18 -7 18 -9 22 -8 23 -10 26 -9 21 -11 21 -12 22 -13 20 -13 17 -12 16 -11 13 -8 11 -6 9 -1 9 2 9 9 0 0 0 0 0 0 0 0 0 0 0 0 0 0 0 0 0 0 0 0 0 0 -16 -12 -12 -11 -10 -11 -7 -13 -7 -12 -2 -12 3 -16 3 -17 6 -18 5 -19 5 -25 5 -27 5 -29 3 -26 1 -25 2 -28 -2 -25 0 -22 1 -23 8 -20 6 -19 15 -20 18 -17 22 -23 27 -26 28 -34 ]
CSI_DATA,STA,E4:D1:24:F1:02:C0,-77,10,0,0,0,0,0,0,0,0,0,-97,0,13,0,1125502,0,368,0,0,1.53292,128,[112 1 23 0 -12 -41 -13 -32 -14 -30 -11 -26 -13 -21 -7 -16 -6 -15 -1 -15 4 -15 2 -16 7 -17 8 -18 7 -21 5 -22 6 -22 5 -23 4 -23 3 -22 1 -18 1 -17 2 -14 2 -13 5 -10 0 -11 15 -16 0 0 0 0 0 0 0 0 0 0 0 0 0 0 0 0 0 0 0 0 0 0 -16 -3 -14 -4 -13 -4 -11 -5 -9 -5 -8 -11 -6 -13 -7 -16 -6 -16 -9 -19 -10 -21 -11 -24 -12 -22 -11 -23 -13 -21 -14 -21 -11 -19 -12 -17 -9 -17 -7 -17 -5 -17 -2 -22 4 -26 2 -31 1 -35 -3 -40 ]
CSI_DATA,STA,E4:D1:24:F1:02:C0,-77,10,0,0,0,0,0,0,0,0,0,-97,0,13,0,1210977,0,389,0,0,1.60192,128,[-123 81 24 0 46 4 42 5 38 -1 34 0 28 -2 17 -1 17 5 17 6 12 9 11 13 14 15 16 19 16 18 13 20 31 13 22 23 20 18 17 16 19 11 15 14 10 8 9 8 4 6 2 9 -4 15 0 0 0 0 0 0 0 0 0 0 0 0 0 0 0 0 0 0 0 0 0 0 5 -17 7 -16 6 -10 8 -8 6 -6 10 -5 13 -2 16 -2 20 -2 22 0 23 -2 26 -5 30 -4 27 -6 26 -9 27 -8 25 -7 22 -9 22 -4 17 2 21 4 23 6 26 12 29 17 36 18 43 18 ]
CSI_DATA,STA,E4:D1:24:F1:02:C0,-77,10,0,0,0,0,0,0,0,0,0,-97,0,13,0,1313379,0,389,0,0,1.70413,128,[-123 81 24 0 8 44 13 35 11 35 9 30 9 23 6 17 4 15 -1 14 -4 15 -7 17 -11 17 -12 19 -12 22 -12 22 -8 24 -9 24 -8 20 -6 22 -6 20 -7 18 -5 11 -6 10 -7 7 -7 1 -14 5 0 0 0 0 0 0 0 0 0 0 0 0 0 0 0 0 0 0 0 0 0 0 16 0 14 -1 12 2 11 5 9 9 9 10 5 8 7 14 6 18 9 20 7 20 10 22 15 21 14 22 13 23 13 21 15 18 10 18 7 19 5 17 5 17 -1 23 -4 27 -2 31 -2 39 1 42 ]
CSI_DATA,STA,E4:D1:24:F1:02:C0,-77,10,0,0,0,0,0,0,0,0,0,-97,0,13,0,1334682,0,64,0,0,1.73399,128,[64 0 4 0 -37 -11 -41 -10 -29 -4 -26 -1 -23 -2 -18 -3 -14 -3 -11 -8 -9 -13 -11 -15 -11 -17 -13 -17 -11 -21 -13 -20 -15 -21 -16 -19 -17 -16 -17 -14 -12 -13 -12 -11 -8 -13 -4 -7 -1 -7 3 -9 2 -4 0 0 0 0 0 0 0 0 0 0 0 0 0 0 0 0 0 0 0 0 0 0 -5 13 -5 12 -8 9 -11 7 -9 3 -13 4 -16 0 -16 1 -20 1 -20 -1 -21 0 -23 3 -23 1 -25 4 -24 5 -23 5 -24 2 -21 4 -19 3 -15 -2 -18 -9 -23 -11 -23 -15 -27 -19 -33 -19 -39 -18 ]
CSI_DATA,STA,E4:D1:24:F1:02:C0,-77,10,0,0,0,0,0,0,0,0,0,-97,0,13,0,1335595,0,64,0,0,1.7775,128,[64 0 4 0 -1 -46 -3 -43 -6 -37 -6 -30 -4 -25 -2 -21 2 -17 3 -13 13 -15 12 -14 15 -15 18 -14 18 -17 20 -18 15 -20 15 -22 15 -22 11 -20 10 -18 11 -16 8 -9 9 -8 5 -3 6 -2 12 5 0 0 0 0 0 0 0 0 0 0 0 0 0 0 0 0 0 0 0 0 0 0 -16 -1 -16 -5 -13 -5 -11 -8 -9 -10 -6 -11 -4 -15 -6 -18 -7 -21 -4 -22 -9 -26 -8 -25 -8 -29 -9 -26 -12 -25 -13 -24 -9 -20 -10 -19 -4 -20 -5 -20 2 -24 8 -22 9 -30 14 -33 13 -40 14 -46 ]
CSI_DATA,STA,E4:D1:24:F1:02:C0,-77,10,0,0,0,0,0,0,0,0,0,-97,0,13,0,1414659,0,64,0,0,1.82058,128,[64 0 4 0 -4 45 2 40 5 34 4 30 4 24 1 19 -4 15 -7 13 -10 15 -13 15 -14 17 -16 15 -18 19 -20 18 -16 22 -15 21 -14 20 -12 22 -8 15 -7 12 -10 9 -8 6 -7 3 -11 -2 -4 -4 0 0 0 0 0 0 0 0 0 0 0 0 0 0 0 0 0 0 0 0 0 0 14 0 12 2 12 4 9 9 8 8 6 10 5 14 2 15 2 19 4 22 3 24 7 24 9 26 11 25 11 24 10 21 11 20 8 19 4 20 1 21 -4 18 -7 22 -9 27 -12 34 -13 35 -10 45 ]
CSI_DATA,STA,E4:D1:24:F1:02:C0,-77,10,0,0,0,0,0,0,0,0,0,-97,0,13,0,1415782,0,389,0,0,1.85955,128,[-123 81 24 0 19 42 20 36 23 31 17 24 14 23 9 18 8 16 -1 14 -1 16 -5 16 -3 19 -9 22 -8 24 -7 24 -5 26 -5 23 -5 25 -5 22 -4 22 -3 19 -3 12 -7 11 -6 8 -7 5 -16 -1 0 0 0 0 0 0 0 0 0 0 0 0 0 0 0 0 0 0 0 0 0 0 17 -5 13 -2 12 0 10 4 10 6 8 7 10 9 11 12 14 18 13 19 14 20 19 19 19 21 17 21 20 19 21 17 17 14 14 15 14 16 9 18 5 18 5 22 0 29 2 35 3 41 7 45 ]
CSI_DATA,STA,E4:D1:24:F1:02:C0,-77,10,0,0,0,0,0,0,0,0,0,-97,0,13,0,1518568,0,389,0,0,1.90934,128,[-123 81 24 0 -40 17 -36 18 -28 16 -25 15 -19 13 -19 12 -13 3 -13 2 -16 -2 -13 -10 -17 -11 -21 -12 -20 -16 -21 -12 -21 -12 -25 -12 -21 -9 -20 -9 -19 -8 -15 -7 -12 -8 -8 -5 -2 -7 -1 -6 0 -13 0 0 0 0 0 0 0 0 0 0 0 0 0 0 0 0 0 0 0 0 0 0 10 11 9 9 5 9 2 9 -5 9 -4 8 -7 9 -11 13 -15 14 -15 16 -16 18 -16 19 -17 23 -15 25 -14 22 -11 22 -11 18 -8 16 -13 14 -11 8 -17 9 -21 3 -27 1 -32 1 -41 5 -44 8 ]
CSI_DATA,STA,E4:D1:24:F1:02:C0,-77,10,0,0,0,0,0,0,0,0,0,-97,0,13,0,1621381,0,389,0,0,2.0124,128,[-123 81 24 0 -40 11 -38 16 -33 14 -26 14 -21 11 -20 8 -15 0 -15 -4 -15 -4 -17 -10 -19 -12 -22 -11 -24 -10 -24 -12 -24 -12 -21 -10 -26 -8 -20 -6 -17 -8 -16 -5 -12 -6 -9 -7 -4 -6 -1 -2 -3 -13 0 0 0 0 0 0 0 0 0 0 0 0 0 0 0 0 0 0 0 0 0 0 3 16 -1 13 1 12 -4 8 -7 10 -9 9 -13 5 -19 12 -16 9 -21 11 -24 16 -26 13 -22 15 -20 17 -18 20 -19 18 -16 16 -17 11 -18 8 -17 6 -21 4 -23 1 -31 -3 -35 -1 -42 -1 -48 -1 ]
CSI_DATA,STA,E4:D1:24:F1:02:C0,-78,10,0,0,0,0,0,0,0,0,0,-97,0,13,0,1722989,0,389,0,0,2.11376,128,[-123 81 24 0 45 3 40 0 39 -1 29 -4 23 1 19 1 12 3 11 4 11 13 6 14 8 21 12 21 8 23 12 25 12 23 12 21 12 20 14 19 11 12 7 12 6 13 3 10 0 7 -5 5 -3 8 0 0 0 0 0 0 0 0 0 0 0 0 0 0 0 0 0 0 0 0 0 0 -7 -15 -4 -14 -1 -13 2 -12 8 -11 9 -10 14 -11 18 -8 20 -7 24 -13 24 -10 26 -15 26 -12 26 -15 24 -16 19 -17 20 -16 20 -13 19 -4 18 -2 20 1 24 10 29 11 29 15 38 17 47 17 ]
CSI_DATA,STA,E4:D1:24:F1:02:C0,-78,10,0,0,0,0,0,0,0,0,0,-97,0,13,0,1825392,0,389,0,0,2.2164,128,[-123 81 24 0 35 -15 31 -14 29 -21 23 -14 21 -17 20 -10 12 -6 14 -3 17 6 15 4 18 5 19 5 20 5 22 6 22 3 24 3 21 1 24 2 19 -1 14 -1 12 1 8 2 6 4 5 8 6 14 0 0 0 0 0 0 0 0 0 0 0 0 0 0 0 0 0 0 0 0 0 0 0 -17 -1 -14 3 -13 5 -10 9 -9 9 -9 14 -9 16 -8 17 -9 18 -11 21 -12 18 -14 19 -15 19 -15 19 -18 20 -13 18 -14 15 -13 15 -10 19 -7 21 -6 24 -3 28 -1 35 -2 37 -2 44 -4 ]
CSI_DATA,STA,E4:D1:24:F1:02:C0,-77,10,0,0,0,0,0,0,0,0,0,-97,0,13,0,2030218,0,389,0,0,2.42098,128,[-123 81 24 0 -49 -3 -40 0 -37 1 -30 1 -27 0 -19 -2 -14 -5 -13 -9 -12 -16 -11 -16 -14 -19 -18 -20 -17 -24 -18 -21 -19 -20 -20 -19 -19 -14 -18 -16 -18 -15 -15 -12 -10 -10 -3 -9 -2 -10 2 -9 1 -7 0 0 0 0 0 0 0 0 0 0 0 0 0 0 0 0 0 0 0 0 0 0 -6 15 -7 13 -8 9 -9 8 -10 7 -15 6 -18 6 -18 5 -21 5 -24 6 -29 6 -25 6 -29 5 -26 6 -23 6 -24 8 -21 6 -21 3 -21 -1 -23 -3 -21 -6 -26 -11 -29 -13 -37 -17 -41 -17 -43 -13 ]
CSI_DATA,STA,E4:D1:24:F1:02:C0,-77,10,0,0,0,0,0,0,0,0,0,-97,0,13,0,2054872,0,64,0,0,2.45562,128,[64 0 4 0 -44 12 -38 14 -35 11 -30 10 -22 7 -18 6 -17 1 -16 -2 -17 -7 -20 -8 -22 -8 -24 -11 -25 -12 -28 -11 -26 -7 -26 -5 -24 -2 -24 -2 -19 0 -16 -1 -11 -4 -13 -4 -9 -7 -6 -10 3 -13 0 0 0 0 0 0 0 0 0 0 0 0 0 0 0 0 0 0 0 0 0 0 -9 14 -9 11 -9 11 -12 6 -11 4 -14 6 -14 1 -19 1 -20 2 -23 4 -24 4 -25 7 -24 7 -25 9 -25 9 -23 9 -18 8 -20 4 -21 5 -23 1 -24 1 -29 -4 -27 -6 -36 -5 -44 -5 -46 -2 ]
CSI_DATA,STA,E4:D1:24:F1:02:C0,-76,10,0,0,0,0,0,0,0,0,0,-97,0,13,0,2132600,0,389,0,0,2.52365,128,[-123 81 24 0 -42 9 -39 8 -33 11 -26 8 -21 6 -17 2 -13 1 -15 -1 -16 -7 -16 -10 -17 -14 -20 -15 -21 -13 -24 -12 -23 -11 -25 -10 -24 -9 -22 -7 -18 -7 -15 -4 -12 -5 -9 -4 -6 -6 -1 -6 -4 -10 0 0 0 0 0 0 0 0 0 0 0 0 0 0 0 0 0 0 0 0 0 0 -3 15 -3 12 -5 10 -7 9 -10 8 -11 5 -12 5 -15 6 -19 6 -22 6 -19 9 -20 7 -22 10 -22 12 -23 12 -17 10 -18 11 -16 10 -19 6 -16 1 -19 1 -23 -3 -28 -4 -32 -6 -39 -5 -44 -4 ]
CSI_DATA,STA,E4:D1:24:F1:02:C0,-77,10,0,0,0,0,0,0,0,0,0,-97,0,13,0,2235002,0,389,0,0,2.62573,128,[-123 81 24 0 -27 37 -21 32 -17 29 -17 26 -12 24 -11 15 -11 13 -12 7 -17 3 -20 3 -23 2 -24 2 -23 3 -26 4 -25 10 -28 7 -26 9 -19 11 -22 9 -17 7 -14 4 -11 3 -6 -2 -7 -4 -6 -14 0 0 0 0 0 0 0 0 0 0 0 0 0 0 0 0 0 0 0 0 0 0 11 15 7 13 5 13 2 12 1 12 -5 13 -4 12 -10 16 -9 18 -9 16 -11 20 -10 21 -10 24 -9 24 -10 23 -9 24 -7 20 -6 20 -8 18 -13 16 -16 15 -21 17 -27 17 -30 20 -35 20 -32 25 ]
CSI_DATA,STA,E4:D1:24:F1:02:C0,-77,10,0,0,0,0,0,0,0,0,0,-97,0,13,0,2337618,0,389,0,0,2.72834,128,[-123 81 24 0 -15 -35 -17 -34 -18 -32 -20 -25 -15 -19 -8 -17 -6 -14 -3 -16 3 -15 4 -17 6 -20 8 -23 8 -22 7 -26 7 -25 2 -24 0 -23 0 -21 1 -19 1 -17 1 -12 1 -11 2 -8 5 -4 10 -6 0 0 0 0 0 0 0 0 0 0 0 0 0 0 0 0 0 0 0 0 0 0 -15 -1 -15 -3 -14 -5 -11 -5 -11 -7 -8 -9 -7 -10 -9 -14 -9 -18 -10 -17 -8 -18 -11 -22 -13 -19 -14 -19 -16 -19 -17 -17 -14 -16 -13 -15 -12 -16 -5 -16 -7 -20 -1 -22 -2 -25 -1 -31 -2 -37 -4 -42 ]
CSI_DATA,STA,E4:D1:24:F1:02:C0,-77,10,0,0,0,0,0,0,0,0,0,-97,0,13,0,2376749,0,64,0,0,2.76721,128,[64 0 4 0 -9 -46 -7 -40 -13 -36 -9 -26 -9 -22 -6 -19 -2 -17 2 -16 4 -17 6 -19 11 -20 13 -22 12 -23 13 -23 9 -27 9 -25 5 -27 6 -23 4 -20 6 -19 3 -14 4 -9 6 -7 7 -2 13 -3 0 0 0 0 0 0 0 0 0 0 0 0 0 0 0 0 0 0 0 0 0 0 -15 -4 -14 -5 -11 -5 -12 -8 -10 -9 -9 -10 -7 -15 -7 -18 -6 -17 -8 -22 -5 -24 -10 -24 -11 -26 -12 -26 -15 -21 -13 -23 -13 -20 -10 -20 -5 -21 -2 -20 -2 -22 1 -29 4 -29 1 -36 5 -44 2 -44 ]
CSI_DATA,STA,E4:D1:24:F1:02:C0,-77,10,0,0,0,0,0,0,0,0,0,-97,0,13,0,2376835,0,64,0,0,2.80645,128,[64 0 4 0 36 -20 36 -23 28 -22 23 -21 17 -18 17 -10 16 -4 16 -2 18 -1 20 2 22 4 24 6 25 6 26 4 27 2 26 1 24 2 25 -1 20 -1 15 -1 13 1 9 2 5 3 5 9 -3 7 0 0 0 0 0 0 0 0 0 0 0 0 0 0 0 0 0 0 0 0 0 0 -4 -18 -2 -15 2 -12 2 -14 6 -9 9 -12 10 -10 15 -13 18 -13 17 -11 18 -15 18 -18 18 -20 15 -19 18 -19 17 -20 16 -16 16 -14 15 -11 17 -9 24 -8 24 -7 29 -5 35 -7 40 -9 45 -14 ]
CSI_DATA,STA,E4:D1:24:F1:02:C0,-77,10,0,0,0,0,0,0,0,0,0,-97,0,13,0,2439882,0,389,0,0,2.84723,128,[-123 81 24 0 35 -16 32 -16 26 -15 22 -16 18 -13 16 -10 13 -4 9 -1 12 -1 17 4 20 6 19 4 21 4 23 3 23 3 21 3 24 2 19 2 18 3 16 0 11 0 9 0 4 4 2 6 5 7 0 0 0 0 0 0 0 0 0 0 0 0 0 0 0 0 0 0 0 0 0 0 1 -18 2 -13 2 -11 4 -11 6 -8 7 -9 11 -5 11 -8 15 -7 17 -10 15 -8 18 -10 19 -9 17 -11 16 -15 17 -15 14 -14 14 -10 14 -10 18 -7 19 -5 23 -3 24 -2 29 -4 36 -3 39 -6 ]
CSI_DATA,STA,E4:D1:24:F1:02:C0,-77,10,0,0,0,0,0,0,0,0,0,-97,0,13,0,2497702,0,64,0,0,2.88817,128,[64 0 4 0 -20 -39 -21 -35 -18 -33 -20 -25 -16 -21 -11 -20 -8 -18 0 -17 2 -18 3 -22 5 -19 6 -23 6 -27 3 -29 3 -24 5 -22 2 -25 0 -24 0 -19 0 -20 -1 -15 3 -11 4 -8 6 -5 15 -3 0 0 0 0 0 0 0 0 0 0 0 0 0 0 0 0 0 0 0 0 0 0 -19 2 -17 1 -13 -2 -13 -4 -11 -7 -12 -9 -9 -8 -13 -12 -12 -13 -14 -18 -19 -21 -18 -20 -18 -20 -20 -21 -23 -18 -21 -17 -19 -17 -16 -18 -13 -20 -12 -21 -9 -21 -5 -26 -6 -27 -4 -34 -6 -41 -15 -46 ]
CSI_DATA,STA,E4:D1:24:F1:02:C0,-78,10,0,0,0,0,0,0,0,0,0,-97,0,13,0,2542210,0,389,0,0,2.9328,128,[-123 81 24 0 -38 3 -39 5 -30 5 -27 4 -20 2 -19 0 -16 -2 -14 -5 -13 -10 -15 -10 -15 -13 -18 -11 -19 -14 -19 -11 -23 -11 -19 -13 -20 -8 -20 -7 -16 -4 -15 -7 -12 -5 -9 -7 -4 -8 -3 -11 6 -10 0 0 0 0 0 0 0 0 0 0 0 0 0 0 0 0 0 0 0 0 0 0 -6 11 -8 7 -9 6 -11 6 -13 4 -11 4 -17 2 -16 2 -20 -1 -19 1 -20 0 -21 4 -23 5 -22 6 -22 7 -23 7 -19 4 -19 3 -16 1 -17 -1 -21 -5 -20 -6 -27 -11 -32 -12 -35 -11 -37 -6 ]
CSI_DATA,STA,E4:D1:24:F1:02:C0,-77,10,0,0,0,0,0,0,0,0,0,-97,0,13,0,2644612,0,389,0,0,3.03534,128,[-123 81 24 0 -37 25 -32 25 -25 24 -22 20 -16 13 -14 9 -15 6 -16 3 -17 -1 -20 0 -22 -2 -25 -3 -28 -4 -27 0 -27 -1 -24 2 -25 3 -25 2 -19 5 -18 1 -14 -1 -11 1 -8 -5 -5 -8 -4 -7 0 0 0 0 0 0 0 0 0 0 0 0 0 0 0 0 0 0 0 0 0 0 2 17 1 14 0 15 -3 10 -6 10 -9 11 -9 11 -12 15 -13 15 -17 14 -17 18 -19 21 -15 20 -14 21 -15 21 -13 20 -17 18 -14 18 -16 17 -19 13 -19 10 -25 8 -30 7 -34 9 -37 14 -43 16 ]
CSI_DATA,STA,E4:D1:24:F1:02:C0,-77,10,0,0,0,0,0,0,0,0,0,-97,0,13,0,2747031,0,389,0,0,3.13775,128,[-123 81 24 0 -35 -6 -35 0 -28 0 -25 -5 -23 -8 -23 -4 -16 -5 -13 -15 -13 -13 -14 -15 -16 -14 -16 -16 -18 -19 -21 -17 -17 -17 -18 -15 -20 -14 -20 -11 -16 -11 -15 -9 -10 -10 -6 -8 -4 -8 0 -11 1 -7 0 0 0 0 0 0 0 0 0 0 0 0 0 0 0 0 0 0 0 0 0 0 -14 11 -11 7 -12 7 -14 6 -14 0 -15 1 -15 4 -20 0 -19 -3 -21 -1 -19 -4 -25 -3 -25 -2 -27 -1 -26 2 -23 0 -25 -4 -23 3 -21 -3 -23 -9 -20 -10 -22 -11 -26 -18 -29 -17 -33 -19 -39 -22 ]
CSI_DATA,STA,E4:D1:24:F1:02:C0,-77,10,0,0,0,0,0,0,0,0,0,-97,0,13,0,2849417,0,389,0,0,3.24044,128,[-123 81 24 0 -41 -14 -37 -12 -36 -8 -28 -4 -22 -4 -15 -7 -11 -8 -11 -7 -13 -16 -7 -17 -12 -19 -12 -22 -9 -25 -12 -22 -12 -23 -15 -20 -17 -16 -14 -19 -11 -17 -10 -10 -6 -11 -3 -9 0 -9 1 -7 3 -10 0 0 0 0 0 0 0 0 0 0 0 0 0 0 0 0 0 0 0 0 0 0 -10 13 -9 10 -11 7 -11 5 -14 3 -11 2 -17 -2 -19 -2 -22 1 -23 -3 -25 -3 -26 -4 -25 -4 -25 -3 -26 1 -25 2 -20 -1 -21 -1 -19 -3 -18 -7 -19 -11 -20 -14 -24 -21 -27 -27 -31 -28 -38 -28 ]
CSI_DATA,STA,E4:D1:24:F1:02:C0,-77,10,0,0,0,0,0,0,0,0,0,-97,0,13,0,2951820,0,389,0,0,3.34257,128,[-123 81 24 0 -1 37 5 34 5 30 4 27 2 21 0 20 0 14 -3 13 -5 14 -11 12 -10 15 -12 19 -11 19 -10 20 -11 20 -10 20 -10 19 -6 17 -6 16 -5 13 -5 10 -6 7 -6 5 -13 3 -11 -1 0 0 0 0 0 0 0 0 0 0 0 0 0 0 0 0 0 0 0 0 0 0 13 8 10 8 8 8 7 10 7 11 2 12 3 14 1 18 1 18 3 19 1 18 2 22 5 23 5 22 5 22 5 20 5 21 4 19 1 20 0 19 -6 20 -7 23 -10 26 -12 31 -11 34 -7 39 ]
CSI_DATA,STA,E4:D1:24:F1:02:C0,-77,10,0,0,0,0,0,0,0,0,0,-97,0,13,0,3054222,0,389,0,0,3.44495,128,[-123 81 24 0 43 1 38 -2 35 -4 28 -3 19 -5 18 -1 16 0 13 6 12 8 16 15 15 17 15 17 18 16 20 16 21 15 23 11 21 13 21 7 19 7 17 8 13 7 7 7 4 8 0 9 -1 7 0 0 0 0 0 0 0 0 0 0 0 0 0 0 0 0 0 0 0 0 0 0 9 -15 9 -12 9 -11 12 -6 11 -3 13 -6 14 -3 19 -2 20 0 21 -1 23 1 25 -3 29 -1 25 -3 25 -4 24 -4 23 -7 21 -5 22 -1 22 3 20 9 23 11 26 12 32 16 38 18 44 18 ]
CSI_DATA,STA,E4:D1:24:F1:02:C0,-77,10,0,0,0,0,0,0,0,0,0,-97,0,13,0,3094733,0,64,0,0,3.48519,128,[64 0 4 0 41 -17 35 -16 28 -18 22 -18 20 -11 17 -10 13 -5 14 -1 18 2 15 8 21 7 23 5 22 4 26 7 27 4 25 5 23 2 18 1 20 -3 18 1 14 1 7 5 7 6 2 7 -3 13 0 0 0 0 0 0 0 0 0 0 0 0 0 0 0 0 0 0 0 0 0 0 2 -14 4 -13 4 -11 7 -11 8 -10 10 -8 12 -7 16 -10 17 -9 17 -12 18 -11 19 -10 17 -12 18 -14 18 -16 20 -15 19 -13 16 -12 17 -10 22 -5 22 -3 25 -1 29 -3 34 -2 41 -2 42 -8 ]
CSI_DATA,STA,E4:D1:24:F1:02:C0,-77,10,0,0,0,0,0,0,0,0,0,-97,0,13,0,3140502,0,37,0,0,3.53125,128,[37 80 2 0 42 -11 36 -10 31 -14 29 -13 23 -10 21 -7 15 -2 13 1 14 3 19 7 16 10 18 11 21 8 22 9 24 8 22 8 21 6 23 5 17 4 15 4 11 4 10 4 7 4 2 8 4 14 0 0 0 0 0 0 0 0 0 0 0 0 0 0 0 0 0 0 0 0 0 0 2 -16 2 -14 3 -14 6 -14 10 -7 12 -8 14 -7 15 -9 20 -7 19 -11 16 -9 20 -11 26 -12 23 -14 25 -13 19 -11 19 -11 18 -12 20 -8 21 -7 23 -3 24 -2 29 2 34 5 39 3 45 -1 ]
CSI_DATA,STA,E4:D1:24:F1:02:C0,-77,10,0,0,0,0,0,0,0,0,0,-97,0,13,0,3156767,0,389,0,0,3.56268,128,[-123 81 24 0 5 -37 2 -35 0 -33 1 -26 0 -21 0 -17 6 -14 9 -13 11 -9 13 -12 19 -16 16 -13 18 -14 18 -16 17 -15 15 -19 13 -17 11 -15 9 -15 8 -13 7 -4 7 -7 5 -4 2 9 5 -4 0 0 0 0 0 0 0 0 0 0 0 0 0 0 0 0 0 0 0 0 0 0 -14 -5 -10 -8 -10 -9 -8 -10 -3 -12 -1 -12 -3 -15 -4 -18 -1 -18 -2 -21 -1 -20 -7 -21 -5 -21 -1 -21 -20 -30 -2 -20 -1 -21 -2 -16 2 -16 5 -18 6 -17 9 -21 16 -25 15 -29 18 -37 14 -38 ]
CSI_DATA,STA,E4:D1:24:F1:02:C0,-76,10,0,0,0,0,0,0,0,0,0,-97,0,13,0,3220722,0,66,0,0,3.61297,128,[66 32 4 0 -24 -38 -21 -33 -26 -31 -21 -21 -18 -19 -11 -17 -8 -14 -6 -14 -1 -20 -1 -23 2 -22 3 -24 -1 -24 0 -27 0 -27 -6 -26 -1 -24 -4 -25 -4 -22 -3 -18 -2 -12 1 -10 2 -8 6 -4 5 -10 0 0 0 0 0 0 0 0 0 0 0 0 0 0 0 0 0 0 0 0 0 0 -18 1 -15 -1 -15 -2 -16 -9 -13 -8 -13 -9 -12 -16 -14 -14 -13 -19 -14 -20 -15 -21 -15 -20 -17 -19 -20 -19 -17 -21 -20 -18 -18 -18 -17 -17 -13 -16 -10 -19 -11 -19 -10 -25 -6 -30 -8 -35 -12 -40 -15 -46 ]
CSI_DATA,STA,E4:D1:24:F1:02:C0,-77,10,0,0,0,0,0,0,0,0,0,-97,0,13,0,3259027,0,389,0,0,3.65792,128,[-123 81 24 0 -4 47 -2 41 -8 33 -1 29 3 22 -2 19 -4 15 -8 14 -12 12 -16 11 -19 17 -21 14 -20 19 -21 22 -19 20 -16 22 -13 19 -15 22 -13 19 -11 12 -10 10 -7 4 -10 0 -11 -2 -3 -4 0 0 0 0 0 0 0 0 0 0 0 0 0 0 0 0 0 0 0 0 0 0 12 7 10 10 8 13 8 11 4 11 -1 14 2 12 -1 17 -3 21 1 22 -1 24 -1 26 4 27 2 26 6 25 5 26 1 19 0 20 -1 18 -6 20 -6 19 -12 22 -17 28 -21 34 -19 37 -18 45 ]
CSI_DATA,STA,E4:D1:24:F1:02:C0,-77,10,0,0,0,0,0,0,0,0,0,-97,0,13,0,3318620,0,37,0,0,3.70939,128,[37 80 2 0 21 -35 14 -37 9 -29 8 -27 7 -21 4 -14 8 -11 10 -10 13 -8 17 -8 20 -10 20 -9 22 -9 22 -10 20 -11 20 -15 20 -15 15 -15 16 -13 12 -10 9 -6 10 -6 8 0 7 5 3 6 0 0 0 0 0 0 0 0 0 0 0 0 0 0 0 0 0 0 0 0 0 0 -11 -12 -8 -11 -6 -11 -3 -12 -1 -12 0 -14 3 -15 6 -15 5 -18 6 -20 4 -18 5 -25 7 -24 8 -22 4 -24 5 -23 4 -20 5 -18 8 -16 9 -16 15 -16 19 -15 24 -18 25 -22 30 -27 27 -31 ]
CSI_DATA,STA,E4:D1:24:F1:02:C0,-77,10,0,0,0,0,0,0,0,0,0,-97,0,13,0,3361430,0,389,0,0,3.75225,128,[-123 81 24 0 -28 36 -25 33 -19 29 -13 25 -13 22 -15 14 -12 10 -13 6 -18 4 -22 4 -25 -1 -28 1 -28 0 -29 4 -28 2 -27 7 -27 5 -23 8 -19 4 -16 6 -14 2 -13 2 -9 -4 -6 -8 -5 -4 0 0 0 0 0 0 0 0 0 0 0 0 0 0 0 0 0 0 0 0 0 0 7 12 4 13 3 13 1 11 -1 13 -4 12 -7 16 -10 15 -10 17 -10 19 -11 21 -10 23 -12 26 -8 25 -7 24 -6 23 -8 21 -6 20 -10 20 -11 17 -16 12 -24 14 -31 15 -34 18 -39 21 -42 26 ]
CSI_DATA,STA,E4:D1:24:F1:02:C0,-77,10,0,0,0,0,0,0,0,0,0,-97,0,13,0,3456012,0,64,0,0,3.84685,128,[64 0 4 0 -23 42 -17 37 -13 32 -11 25 -9 22 -9 16 -11 14 -14 13 -18 7 -18 5 -22 8 -23 9 -27 8 -27 13 -24 12 -22 13 -23 14 -18 10 -19 11 -18 10 -15 7 -10 1 -9 -1 -8 -4 -12 -4 0 0 0 0 0 0 0 0 0 0 0 0 0 0 0 0 0 0 0 0 0 0 9 13 7 11 4 11 1 11 -1 12 -3 12 -3 16 -5 19 -6 18 -8 19 -6 23 -11 23 -6 26 -8 24 -7 25 -6 26 -5 23 -7 20 -7 19 -10 14 -14 18 -20 22 -27 21 -27 23 -31 27 -30 35 ]
CSI_DATA,STA,E4:D1:24:F1:02:C0,-77,10,0,0,0,0,0,0,0,0,0,-97,0,13,0,3457806,0,64,0,0,3.87937,128,[64 0 4 0 -7 -41 -6 -37 -11 -30 -10 -28 -9 -19 -6 -19 -2 -16 -1 -12 6 -14 6 -16 10 -18 5 -19 9 -22 5 -24 4 -24 4 -24 5 -23 2 -19 1 -18 -1 -17 -2 -17 5 -10 7 -9 14 -14 4 20 0 0 0 0 0 0 0 0 0 0 0 0 0 0 0 0 0 0 0 0 0 0 -11 -11 -10 -9 -10 -12 -6 -13 -5 -11 -1 -11 -3 -15 3 -15 0 -20 -2 -22 -1 -24 0 -21 0 -26 -5 -26 -5 -21 -8 -22 -11 -22 -6 -19 -1 -23 -1 -21 5 -23 9 -22 9 -25 11 -30 8 -36 8 -40 ]
CSI_DATA,STA,E4:D1:24:F1:02:C0,-76,10,0,0,0,0,0,0,0,0,0,-97,0,13,0,3464383,0,389,0,0,3.92192,128,[-123 81 24 0 -9 43 -6 39 -2 38 -3 29 -3 23 1 21 -8 18 -6 17 -13 15 -17 13 -18 13 -20 13 -20 18 -21 19 -19 20 -17 20 -15 21 -14 21 -13 18 -12 16 -11 10 -8 6 -9 3 -9 -3 -9 2 0 0 0 0 0 0 0 0 0 0 0 0 0 0 0 0 0 0 0 0 0 0 12 14 8 11 8 12 5 9 4 11 0 14 0 14 -2 19 -3 20 -2 24 -1 23 -4 23 -4 28 -1 27 -1 27 3 23 -2 22 0 21 -2 19 -7 21 -7 21 -15 23 -17 26 -19 32 -20 35 -20 40 ]
CSI_DATA,STA,E4:D1:24:F1:02:C0,-76,10,0,0,0,0,0,0,0,0,0,-97,0,13,0,3566427,0,389,0,0,3.9649,128,[-123 81 24 0 43 -12 39 -12 32 -17 25 -16 25 -10 20 -8 16 -5 18 -3 17 3 21 5 20 9 19 10 25 9 27 6 25 5 28 6 23 2 25 2 20 -1 19 2 13 2 11 2 8 6 5 6 -5 11 0 0 0 0 0 0 0 0 0 0 0 0 0 0 0 0 0 0 0 0 0 0 7 -16 6 -14 8 -12 12 -8 10 -8 13 -5 15 -4 18 -4 20 -5 21 -6 20 -6 24 -7 27 -8 27 -8 21 -11 23 -14 19 -8 20 -7 18 -6 21 -7 23 -2 26 4 29 5 37 6 40 4 44 5 ]
CSI_DATA,STA,E4:D1:24:F1:02:C0,-77,10,0,0,0,0,0,0,0,0,0,-97,0,13,0,3575670,0,64,0,0,4.00204,128,[64 0 4 0 -9 -42 -6 -40 -12 -31 -9 -26 -5 -23 -7 -17 -4 -15 4 -11 10 -15 13 -14 14 -17 13 -16 15 -18 17 -17 16 -21 16 -19 12 -22 10 -19 9 -14 9 -14 9 -11 6 -3 4 2 9 9 7 -12 0 0 0 0 0 0 0 0 0 0 0 0 0 0 0 0 0 0 0 0 0 0 -16 5 -11 2 -11 -1 -14 -3 -12 -6 -9 -9 -10 -9 -11 -12 -12 -14 -16 -15 -16 -16 -17 -18 -20 -20 -18 -14 -19 -17 -17 -15 -17 -13 -16 -17 -14 -15 -7 -17 -3 -20 -1 -24 3 -26 6 -36 -1 -40 -2 -40 ]
CSI_DATA,STA,E4:D1:24:F1:02:C0,-77,10,0,0,0,0,0,0,0,0,0,-97,0,13,0,3771040,0,389,0,0,4.16214,128,[-123 81 24 0 41 -3 37 -8 32 -7 29 -9 20 -8 20 -3 18 -1 17 1 16 7 17 8 18 10 24 9 22 10 22 9 24 8 20 9 24 5 21 3 20 2 17 2 12 6 8 4 6 8 4 6 2 6 0 0 0 0 0 0 0 0 0 0 0 0 0 0 0 0 0 0 0 0 0 0 11 -15 10 -12 10 -11 10 -6 10 -6 14 -2 12 -6 16 -3 17 -2 22 -4 22 -3 24 -4 26 -3 24 -8 27 -7 23 -6 24 -8 23 -4 19 -4 23 -2 23 3 27 5 28 7 35 8 39 9 42 6 ]
CSI_DATA,STA,E4:D1:24:F1:02:C0,-77,10,0,0,0,0,0,0,0,0,0,-97,0,13,0,3873853,0,389,0,0,4.265,128,[-123 81 24 0 -43 10 -35 11 -32 12 -24 10 -18 9 -18 7 -19 2 -14 0 -17 -4 -17 -9 -19 -11 -22 -9 -23 -8 -25 -8 -25 -6 -25 -3 -25 -4 -22 -4 -20 0 -18 -2 -10 -1 -13 -3 -9 -7 -7 -9 0 -16 0 0 0 0 0 0 0 0 0 0 0 0 0 0 0 0 0 0 0 0 0 0 -6 14 -7 15 -10 13 -8 9 -11 6 -14 4 -15 6 -19 5 -21 5 -24 4 -26 7 -25 7 -25 11 -25 8 -25 12 -22 11 -24 10 -21 8 -25 5 -19 2 -24 0 -28 -2 -32 -6 -36 -5 -43 -6 -46 -4 ]
CSI_DATA,STA,E4:D1:24:F1:02:C0,-77,10,0,0,0,0,0,0,0,0,0,-97,0,13,0,3975899,0,389,0,0,4.36696,128,[-123 81 24 0 5 43 9 37 8 31 8 25 5 20 0 20 -1 15 -6 13 -7 14 -9 16 -11 16 -13 22 -12 22 -14 22 -13 21 -10 22 -10 22 -7 21 -7 17 -5 14 -7 10 -5 8 -6 4 -8 -2 -8 1 0 0 0 0 0 0 0 0 0 0 0 0 0 0 0 0 0 0 0 0 0 0 18 3 15 3 12 5 11 7 8 8 9 8 9 11 7 15 6 17 6 18 6 22 9 21 11 23 13 24 12 21 13 23 10 18 7 18 5 17 4 20 0 23 -4 24 -6 29 -5 34 -6 39 -3 44 ]
CSI_DATA,STA,E4:D1:24:F1:02:C0,-77,10,0,0,0,0,0,0,0,0,0,-97,0,13,0,4180651,0,389,0,0,4.57172,128,[-123 81 24 0 34 -26 30 -29 22 -24 16 -22 17 -16 15 -14 15 -8 15 -3 17 1 19 1 22 2 23 7 25 1 26 3 27 0 26 0 25 -2 22 -2 19 -1 17 -1 14 0 11 0 8 6 5 5 -6 10 0 0 0 0 0 0 0 0 0 0 0 0 0 0 0 0 0 0 0 0 0 0 -8 -15 -6 -15 -2 -16 1 -13 4 -13 6 -10 8 -11 9 -13 13 -18 13 -17 15 -19 13 -20 14 -24 15 -23 14 -22 12 -21 10 -18 14 -17 16 -14 17 -10 19 -14 26 -10 28 -12 33 -12 39 -13 44 -22 ]
CSI_DATA,STA,E4:D1:24:F1:02:C0,-77,10,0,0,0,0,0,0,0,0,0,-97,0,13,0,4187077,0,64,0,0,4.60424,128,[64 0 4 0 40 13 36 10 36 8 26 5 22 5 20 7 14 8 11 13 10 14 8 15 11 19 12 20 12 20 14 22 14 20 17 20 16 16 16 17 13 11 9 10 8 11 5 9 1 7 -3 7 -1 8 0 0 0 0 0 0 0 0 0 0 0 0 0 0 0 0 0 0 0 0 0 0 14 -11 12 -8 13 -6 12 -6 15 0 14 0 16 2 21 3 21 4 18 5 24 6 23 6 25 4 26 4 25 7 25 -1 23 1 19 4 20 4 18 6 22 11 19 15 23 19 27 24 30 25 36 28 ]
CSI_DATA,STA,E4:D1:24:F1:02:C0,-77,10,0,0,0,0,0,0,0,0,0,-97,0,13,0,4385455,0,389,0,0,4.77657,128,[-123 81 24 0 34 24 32 19 29 16 24 17 20 13 14 10 10 10 5 12 1 17 4 16 -1 19 0 22 0 22 0 27 3 24 5 25 4 24 6 18 5 18 3 13 2 10 0 9 -3 6 -8 5 -11 0 0 0 0 0 0 0 0 0 0 0 0 0 0 0 0 0 0 0 0 0 0 0 12 -12 12 -7 11 -6 12 -6 12 -1 11 0 13 2 16 5 19 9 18 6 21 7 22 8 24 7 25 5 24 6 22 5 22 9 18 6 14 9 14 13 12 15 14 17 20 24 17 28 21 30 27 32 ]
CSI_DATA,STA,E4:D1:24:F1:02:C0,-77,10,0,0,0,0,0,0,0,0,0,-97,0,13,0,4488084,0,389,0,0,4.87902,128,[-123 81 24 0 -43 11 -38 11 -34 12 -27 12 -21 9 -21 6 -17 -1 -15 -2 -18 -6 -16 -5 -20 -9 -24 -6 -22 -11 -26 -7 -26 -7 -27 -6 -25 -2 -23 -2 -20 -1 -16 -2 -14 -4 -12 -5 -9 -5 -7 -8 -1 -17 0 0 0 0 0 0 0 0 0 0 0 0 0 0 0 0 0 0 0 0 0 0 -9 14 -8 11 -11 10 -9 8 -11 8 -12 6 -16 3 -19 3 -19 5 -22 7 -26 5 -25 7 -26 6 -23 11 -24 11 -22 13 -22 10 -21 11 -21 6 -23 7 -23 0 -26 -1 -29 -4 -37 -3 -41 -1 -48 -1 ]
CSI_DATA,STA,E4:D1:24:F1:02:C0,-77,10,0,0,0,0,0,0,0,0,0,-97,0,13,0,4534752,0,64,0,0,4.92543,128,[64 0 4 0 21 -39 19 -37 13 -34 11 -30 8 -23 7 -21 11 -15 15 -10 16 -10 16 -7 18 -4 22 -7 23 -9 23 -9 25 -13 24 -11 23 -13 19 -12 16 -12 16 -8 11 -4 11 -2 9 -1 8 3 10 10 0 0 0 0 0 0 0 0 0 0 0 0 0 0 0 0 0 0 0 0 0 0 -13 -12 -10 -12 -7 -12 -6 -13 -2 -14 -1 -14 2 -16 4 -17 7 -17 5 -19 8 -21 5 -23 5 -28 7 -29 5 -27 1 -25 3 -24 5 -21 10 -23 11 -19 10 -18 15 -17 21 -17 25 -21 28 -27 31 -35 ]
CSI_DATA,STA,E4:D1:24:F1:02:C0,-77,10,0,0,0,0,0,0,0,0,0,-97,0,13,0,4534838,0,64,0,0,4.95847,128,[64 0 4 0 42 0 41 -3 35 -4 30 -6 25 -4 23 -1 15 2 15 3 14 4 14 9 17 12 16 13 19 14 22 12 23 14 22 10 23 11 18 7 16 7 16 5 12 8 9 5 5 5 4 9 2 8 0 0 0 0 0 0 0 0 0 0 0 0 0 0 0 0 0 0 0 0 0 0 10 -15 10 -13 10 -8 11 -8 11 -5 14 -4 16 -3 15 0 19 0 20 0 23 -1 23 -1 24 0 23 -4 24 -6 23 -8 23 -5 22 -3 22 -3 20 3 20 5 25 8 28 12 30 17 34 11 39 13 ]
CSI_DATA,STA,E4:D1:24:F1:02:C0,-77,10,0,0,0,0,0,0,0,0,0,-97,0,13,0,4590260,0,389,0,0,4.99723,128,[-123 81 24 0 44 13 36 11 33 5 29 5 26 4 17 6 12 6 14 8 10 13 9 15 8 16 12 17 12 19 15 20 13 20 14 18 16 16 14 17 13 14 14 12 10 10 5 8 1 9 -5 4 -1 10 0 0 0 0 0 0 0 0 0 0 0 0 0 0 0 0 0 0 0 0 0 0 9 -13 11 -11 12 -9 10 -5 10 -2 13 1 14 2 17 1 20 4 19 6 24 5 25 4 25 2 24 2 26 1 27 0 25 1 20 1 20 2 17 7 17 8 23 15 25 17 26 22 32 26 34 23 ]
CSI_DATA,STA,E4:D1:24:F1:02:C0,-77,10,0,0,0,0,0,0,0,0,0,-97,0,13,0,4692662,0,389,0,0,5.08375,128,[-123 81 24 0 36 -16 30 -19 26 -17 21 -15 17 -9 16 -9 16 -4 13 0 14 3 16 4 18 6 19 6 22 7 21 6 24 4 26 3 22 2 19 1 16 -1 14 1 12 1 10 4 6 5 4 5 2 12 0 0 0 0 0 0 0 0 0 0 0 0 0 0 0 0 0 0 0 0 0 0 -1 -15 2 -12 3 -13 4 -12 8 -12 6 -9 11 -10 14 -9 15 -11 18 -8 17 -13 19 -12 18 -12 15 -14 15 -15 17 -16 14 -14 14 -11 16 -8 17 -6 15 -4 25 -4 27 -3 33 -2 38 -2 41 -7 ]
CSI_DATA,STA,E4:D1:24:F1:02:C0,-77,10,0,0,0,0,0,0,0,0,0,-97,0,13,0,4795577,0,389,0,0,5.18664,128,[-123 81 24 0 -26 35 -22 32 -21 28 -14 26 -9 19 -10 16 -12 9 -14 8 -15 4 -19 1 -25 2 -24 4 -27 5 -26 8 -24 8 -24 7 -23 11 -21 9 -19 8 -16 5 -13 -1 -12 0 -8 -5 -9 -6 -5 -7 0 0 0 0 0 0 0 0 0 0 0 0 0 0 0 0 0 0 0 0 0 0 7 12 5 14 4 13 0 12 -2 12 -5 13 -8 14 -10 15 -11 17 -9 18 -11 22 -13 21 -12 24 -11 22 -12 25 -9 23 -8 22 -7 17 -10 14 -12 15 -15 14 -21 14 -25 16 -32 18 -34 26 -37 28 ]
CSI_DATA,STA,E4:D1:24:F1:02:C0,-77,10,0,0,0,0,0,0,0,0,0,-97,0,13,0,4897467,0,389,0,0,5.28853,128,[-123 81 24 0 -16 35 -15 35 -7 30 -9 24 -7 23 -6 16 -6 13 -9 12 -10 10 -16 7 -19 8 -20 10 -22 12 -19 14 -18 14 -16 14 -17 16 -15 13 -13 14 -13 8 -9 6 -10 4 -12 6 -2 10 -10 -10 0 0 0 0 0 0 0 0 0 0 0 0 0 0 0 0 0 0 0 0 0 0 9 10 4 11 4 11 1 11 0 13 -3 12 -5 13 -5 12 -10 17 -8 18 -7 18 -9 21 -8 21 -6 23 -5 25 -5 23 -4 22 -5 19 -6 16 -5 18 -10 19 -13 16 -15 19 -23 19 -24 26 -27 30 ]
CSI_DATA,STA,E4:D1:24:F1:02:C0,-77,10,0,0,0,0,0,0,0,0,0,-97,0,13,0,4999870,0,389,0,0,5.39093,128,[-123 81 24 0 -4 -47 -11 -38 -13 -36 -10 -29 -8 -24 -1 -20 -1 -18 2 -13 6 -15 12 -14 16 -17 15 -17 18 -19 16 -20 15 -23 14 -25 10 -24 10 -21 9 -19 7 -16 8 -15 8 -9 7 -3 8 -2 7 -3 0 0 0 0 0 0 0 0 0 0 0 0 0 0 0 0 0 0 0 0 0 0 -15 3 -16 -3 -14 -3 -11 -7 -9 -8 -10 -10 -9 -13 -8 -19 -8 -17 -8 -22 -20 -17 -12 -28 -13 -26 -16 -24 -18 -22 -17 -19 -16 -18 -11 -17 -10 -19 -2 -18 2 -22 4 -24 6 -27 10 -36 6 -43 7 -46 ]
CSI_DATA,STA,E4:D1:24:F1:02:C0,-77,10,0,0,0,0,0,0,0,0,0,-97,0,13,0,5102426,0,389,0,0,5.49351,128,[-123 81 24 0 -6 -45 -8 -39 -10 -38 -7 -31 -6 -25 -4 -20 1 -17 4 -14 6 -18 10 -16 12 -17 16 -20 15 -19 14 -21 15 -20 10 -24 15 -21 8 -22 10 -19 9 -17 7 -12 7 -8 6 -6 7 2 13 1 0 0 0 0 0 0 0 0 0 0 0 0 0 0 0 0 0 0 0 0 0 0 -19 -1 -15 -7 -14 -6 -12 -8 -9 -11 -9 -12 -7 -17 -6 -18 -5 -19 -8 -20 -8 -23 -8 -23 -9 -27 -14 -26 -13 -26 -14 -24 -11 -19 -9 -22 -5 -19 -2 -21 -1 -24 5 -28 8 -29 9 -35 12 -41 8 -47 ]
CSI_DATA,STA,E4:D1:24:F1:02:C0,-77,10,0,0,0,0,0,0,0,0,0,-97,0,13,0,5254785,0,64,0,0,5.64564,128,[64 0 4 0 15 37 18 31 18 25 15 23 14 16 8 13 6 12 -3 13 -3 15 -7 13 -10 18 -9 19 -12 19 -10 21 -11 22 -6 25 -5 22 -5 20 -6 19 -4 15 -3 12 -5 8 -6 5 -7 -2 -10 0 0 0 0 0 0 0 0 0 0 0 0 0 0 0 0 0 0 0 0 0 0 0 13 -8 12 -6 11 -2 11 -2 10 4 12 5 10 7 13 10 13 10 15 13 18 14 18 15 20 14 21 13 21 12 20 12 16 13 14 8 13 10 8 15 7 18 2 23 4 29 5 34 7 38 12 41 ]
CSI_DATA,STA,E4:D1:24:F1:02:C0,-77,10,0,0,0,0,0,0,0,0,0,-97,0,13,0,5307077,0,389,0,0,5.69769,128,[-123 81 24 0 -18 -35 -23 -34 -20 -27 -16 -22 -14 -16 -8 -16 -5 -13 0 -13 4 -16 4 -16 7 -18 9 -22 8 -22 8 -25 6 -24 6 -21 5 -25 2 -22 3 -19 3 -16 3 -13 3 -9 4 -5 7 -4 9 6 0 0 0 0 0 0 0 0 0 0 0 0 0 0 0 0 0 0 0 0 0 0 -14 5 -13 3 -13 1 -10 -2 -11 -6 -11 -7 -11 -9 -12 -12 -15 -15 -16 -16 -17 -15 -19 -16 -18 -17 -20 -18 -19 -14 -21 -14 -16 -13 -14 -10 -11 -13 -5 -18 -9 -18 -4 -23 -2 -28 -5 -36 -9 -38 -10 -42 ]
CSI_DATA,STA,E4:D1:24:F1:02:C0,-77,10,0,0,0,0,0,0,0,0,0,-97,0,13,0,5511882,0,389,0,0,5.90295,128,[-123 81 24 0 -4 -42 -9 -38 -9 -35 -11 -26 -5 -24 -2 -18 0 -15 3 -12 7 -12 12 -13 13 -13 18 -15 18 -18 16 -18 17 -21 16 -19 13 -18 12 -18 11 -17 10 -16 7 -9 8 -8 6 -4 9 1 3 3 0 0 0 0 0 0 0 0 0 0 0 0 0 0 0 0 0 0 0 0 0 0 -15 2 -13 -1 -14 -2 -11 -3 -8 -10 -10 -8 -3 -13 -12 -16 -9 -14 -8 -18 -11 -21 -13 -21 -14 -20 -18 -22 -15 -19 -18 -17 -13 -17 -8 -17 -9 -16 -5 -18 -2 -18 2 -23 5 -28 6 -33 6 -37 3 -49 ]
CSI_DATA,STA,E4:D1:24:F1:02:C0,-77,10,0,0,0,0,0,0,0,0,0,-97,0,13,0,5574868,0,64,0,0,5.96534,128,[64 0 4 0 35 27 33 20 30 18 27 15 20 9 13 9 9 11 3 12 2 16 0 19 -2 20 0 26 1 26 1 28 1 27 3 26 5 25 10 24 6 21 4 17 2 13 -2 10 -3 9 -7 7 -16 -1 0 0 0 0 0 0 0 0 0 0 0 0 0 0 0 0 0 0 0 0 0 0 10 -10 12 -9 11 -7 12 -5 11 2 13 2 15 5 16 5 20 8 22 8 21 8 26 6 29 7 26 5 24 5 23 5 20 3 19 5 18 9 13 10 12 13 14 20 13 25 18 32 23 36 25 36 ]
CSI_DATA,STA,E4:D1:24:F1:02:C0,-77,10,0,0,0,0,0,0,0,0,0,-97,0,13,0,5574953,0,64,0,0,5.99344,128,[64 0 4 0 -3 46 -3 39 1 35 3 29 3 26 -4 18 -6 14 -9 13 -15 9 -17 10 -23 8 -26 12 -26 12 -25 16 -21 14 -22 20 -18 17 -16 16 -14 13 -15 12 -13 9 -11 4 -9 0 -7 -4 -11 -5 0 0 0 0 0 0 0 0 0 0 0 0 0 0 0 0 0 0 0 0 0 0 16 -1 14 -2 13 2 10 7 8 5 7 11 8 13 5 17 9 19 8 21 9 23 11 26 11 24 14 25 12 23 10 20 10 21 11 16 4 19 -3 20 -5 20 -10 25 -12 28 -13 34 -14 42 -12 48 ]
CSI_DATA,STA,E4:D1:24:F1:02:C0,-77,10,0,0,0,0,0,0,0,0,0,-97,0,13,0,5614285,0,389,0,0,6.03431,128,[-123 81 24 0 3 -47 2 -41 -2 -36 -3 -31 0 -24 3 -20 7 -17 6 -15 10 -11 15 -12 17 -14 19 -14 22 -17 21 -16 19 -20 19 -19 16 -18 16 -17 14 -13 10 -11 12 -9 8 -5 8 -1 8 5 5 2 0 0 0 0 0 0 0 0 0 0 0 0 0 0 0 0 0 0 0 0 0 0 -18 -2 -13 -3 -11 -5 -11 -9 -9 -12 -6 -13 -4 -15 -6 -19 -6 -21 -8 -23 -7 -20 -7 -29 -9 -26 -10 -23 -11 -26 -12 -23 -11 -23 -8 -23 -5 -21 -2 -23 4 -21 8 -24 11 -27 15 -32 13 -35 14 -48 ]
CSI_DATA,STA,E4:D1:24:F1:02:C0,-77,10,0,0,0,0,0,0,0,0,0,-97,0,13,0,5697808,0,64,0,0,6.08849,128,[64 0 4 0 -27 -36 -30 -32 -25 -26 -23 -24 -20 -19 -15 -15 -10 -12 -1 -14 3 -14 5 -18 7 -18 8 -21 8 -26 8 -26 9 -24 7 -26 5 -27 4 -23 3 -19 3 -19 3 -15 4 -10 6 -5 7 -4 15 4 0 0 0 0 0 0 0 0 0 0 0 0 0 0 0 0 0 0 0 0 0 0 -10 14 -10 10 -11 6 -12 3 -12 2 -14 -2 -16 -4 -19 -6 -20 -7 -21 -9 -22 -8 -26 -7 -27 -8 -29 -8 -28 -5 -28 -7 -22 -4 -19 -5 -18 -11 -14 -12 -11 -17 -11 -23 -9 -32 -13 -37 -16 -42 -23 -45 ]
CSI_DATA,STA,E4:D1:24:F1:02:C0,-78,10,0,0,0,0,0,0,0,0,0,-97,0,13,0,5704607,0,407,0,0,6.12297,128,[-105 113 25 0 -9 -36 -14 -32 -13 -28 -12 -23 -10 -21 -9 -18 -7 -16 -1 -18 4 -15 7 -18 5 -18 7 -21 7 -21 5 -22 6 -23 3 -23 2 -23 1 -20 2 -18 1 -17 1 -12 3 -9 3 -6 7 -6 6 3 0 0 0 0 0 0 0 0 0 0 0 0 0 0 0 0 0 0 0 0 0 0 -16 -5 -14 -5 -12 -6 -11 -7 -9 -9 -5 -11 -7 -14 -4 -14 -5 -17 -6 -20 -9 -20 -11 -19 -10 -24 -14 -21 -16 -21 -13 -20 -11 -20 -9 -19 -7 -17 -5 -18 -3 -17 0 -24 2 -28 1 -31 -1 -35 -4 -39 ]
CSI_DATA,STA,E4:D1:24:F1:02:C0,-77,10,0,0,0,0,0,0,0,0,0,-97,0,13,0,5717218,0,389,0,0,6.16631,128,[-123 81 24 0 -5 44 -3 42 -2 35 1 31 3 27 0 21 -2 14 -6 15 -12 11 -12 12 -19 12 -17 15 -22 17 -20 17 -20 18 -18 21 -17 22 -15 18 -12 17 -12 15 -12 8 -10 8 -9 3 -9 -1 -15 -6 0 0 0 0 0 0 0 0 0 0 0 0 0 0 0 0 0 0 0 0 0 0 16 3 14 6 9 6 7 10 7 9 5 12 4 16 2 18 1 20 2 22 1 25 5 25 5 24 5 28 5 24 10 21 9 23 5 20 3 19 0 20 -3 17 -10 21 -12 26 -14 33 -17 36 -16 43 ]
CSI_DATA,STA,E4:D1:24:F1:02:C0,-77,10,0,0,0,0,0,0,0,0,0,-97,0,13,0,5819129,0,389,0,0,6.21003,128,[-123 81 24 0 -41 -14 -37 -8 -32 -4 -27 -2 -21 -5 -20 -2 -15 -6 -12 -9 -11 -12 -9 -14 -10 -17 -12 -20 -13 -20 -16 -20 -16 -19 -17 -18 -19 -16 -14 -16 -15 -11 -13 -9 -9 -8 -4 -8 -3 -8 0 -10 10 -12 0 0 0 0 0 0 0 0 0 0 0 0 0 0 0 0 0 0 0 0 0 0 -12 8 -14 7 -12 4 -11 3 -11 -1 -10 -2 -15 -5 -15 -5 -16 -7 -18 -5 -23 -8 -24 -5 -21 -7 -23 -2 -24 -3 -21 -2 -20 -3 -20 -6 -19 -6 -16 -7 -17 -13 -17 -16 -21 -19 -24 -22 -31 -23 -31 -26 ]
CSI_DATA,STA,E4:D1:24:F1:02:C0,-77,10,0,0,0,0,0,0,0,0,0,-97,0,13,0,6126297,0,389,0,0,6.51741,128,[-123 81 24 0 -31 24 -28 24 -23 23 -19 21 -14 16 -15 11 -12 4 -14 4 -15 0 -17 -5 -20 -4 -20 -7 -24 -4 -22 -4 -23 -4 -22 0 -22 -2 -19 0 -18 0 -16 0 -14 -1 -9 -2 -11 -4 -11 -9 1 -5 0 0 0 0 0 0 0 0 0 0 0 0 0 0 0 0 0 0 0 0 0 0 8 12 7 12 3 11 0 10 -1 12 -4 12 -7 12 -8 15 -11 16 -10 17 -13 19 -11 19 -17 23 -10 21 -8 22 -6 18 -9 20 -10 16 -9 15 -14 11 -14 8 -21 8 -26 12 -30 8 -36 13 -38 20 ]
CSI_DATA,STA,E4:D1:24:F1:02:C0,-77,10,0,0,0,0,0,0,0,0,0,-97,0,13,0,6295310,0,64,0,0,6.68617,128,[64 0 4 0 31 22 35 21 30 12 27 15 22 9 18 9 11 10 8 12 6 14 3 20 3 21 4 21 4 22 7 22 7 23 6 22 8 21 10 22 9 17 2 14 2 12 3 9 -3 8 -4 5 -10 9 0 0 0 0 0 0 0 0 0 0 0 0 0 0 0 0 0 0 0 0 0 0 12 -12 12 -8 14 -8 12 -5 12 -3 14 0 14 5 20 4 17 6 17 7 18 8 24 9 24 8 22 7 23 6 26 6 18 4 20 4 20 7 17 12 14 13 16 16 14 23 19 27 25 32 30 31 ]
CSI_DATA,STA,E4:D1:24:F1:02:C0,-77,10,0,0,0,0,0,0,0,0,0,-97,0,13,0,6331103,0,389,0,0,6.72187,128,[-123 81 24 0 34 13 33 11 30 7 26 6 19 4 16 4 10 8 8 8 5 13 8 15 5 17 7 22 12 21 10 23 10 21 14 22 12 17 12 15 11 14 10 14 7 10 2 7 -1 5 -9 6 -6 7 0 0 0 0 0 0 0 0 0 0 0 0 0 0 0 0 0 0 0 0 0 0 8 -13 8 -10 9 -7 8 -6 12 -5 12 -2 14 1 14 0 20 3 21 4 22 2 20 0 17 -1 23 1 27 -9 21 1 22 -2 18 1 20 1 18 5 17 10 19 14 23 18 25 23 28 23 34 21 ]
CSI_DATA,STA,E4:D1:24:F1:02:C0,-77,10,0,0,0,0,0,0,0,0,0,-97,0,13,0,6433916,0,389,0,0,6.82497,128,[-123 81 24 0 42 -12 35 -10 31 -13 25 -15 20 -17 15 -12 13 -4 12 -7 14 1 13 0 21 7 18 3 23 6 24 4 25 1 24 0 20 -2 19 -4 19 -6 13 -4 13 -4 7 0 5 8 33 16 -4 29 0 0 0 0 0 0 0 0 0 0 0 0 0 0 0 0 0 0 0 0 0 0 8 -12 9 -11 8 -9 9 -7 11 -2 11 -2 13 -2 16 -1 17 -2 21 -1 22 -2 23 -7 23 -5 21 -7 20 -14 19 -11 17 -12 15 -7 17 -3 20 -4 18 0 24 5 27 5 33 9 39 9 44 0 ]
CSI_DATA,STA,E4:D1:24:F1:02:C0,-77,10,0,0,0,0,0,0,0,0,0,-97,0,13,0,6535908,0,389,0,0,6.92696,128,[-123 81 24 0 27 36 26 32 23 23 20 24 13 18 10 13 6 9 3 14 -4 15 -4 18 -12 20 -7 20 -10 23 -9 25 -9 25 -10 25 -3 24 -5 24 -7 18 -6 18 -5 15 -3 8 -8 5 -8 1 -8 2 0 0 0 0 0 0 0 0 0 0 0 0 0 0 0 0 0 0 0 0 0 0 11 -12 11 -11 8 -7 10 -7 14 0 11 1 14 5 16 4 19 10 22 8 19 8 22 10 23 9 26 12 25 9 23 8 24 9 19 7 15 8 15 14 11 17 10 25 11 27 9 30 13 37 23 40 ]
CSI_DATA,STA,E4:D1:24:F1:02:C0,-77,10,0,0,0,0,0,0,0,0,0,-97,0,13,0,6638310,0,389,0,0,7.02935,128,[-123 81 24 0 -2 -47 -6 -41 -6 -37 -7 -32 -7 -26 -4 -19 0 -17 3 -13 8 -15 12 -14 12 -16 15 -20 19 -19 18 -23 12 -21 14 -23 14 -23 11 -22 10 -18 8 -16 6 -13 9 -9 7 -7 10 -1 12 8 0 0 0 0 0 0 0 0 0 0 0 0 0 0 0 0 0 0 0 0 0 0 -18 -3 -15 -1 -13 -6 -12 -8 -8 -10 -7 -12 -7 -15 -5 -16 -8 -19 -7 -25 -9 -22 -11 -28 -12 -26 -14 -26 -14 -28 -14 -25 -11 -23 -11 -23 -8 -20 -2 -20 2 -23 4 -26 6 -28 12 -34 11 -39 9 -47 ]
CSI_DATA,STA,E4:D1:24:F1:02:C0,-77,10,0,0,0,0,0,0,0,0,0,-97,0,13,0,6656276,0,64,0,0,7.06436,128,[64 0 4 0 45 5 43 0 38 -3 30 0 26 -4 21 3 14 3 10 6 11 11 12 15 13 20 16 21 13 21 16 24 16 22 17 20 18 18 16 15 13 14 9 13 8 9 4 8 0 8 -3 9 -13 11 0 0 0 0 0 0 0 0 0 0 0 0 0 0 0 0 0 0 0 0 0 0 0 -18 5 -15 2 -15 8 -11 8 -9 11 -6 14 -6 15 -5 21 -5 24 -9 25 -7 24 -10 26 -9 27 -9 25 -13 23 -13 20 -11 22 -9 21 -5 19 -1 19 3 24 8 27 13 33 16 38 14 46 16 ]
CSI_DATA,STA,E4:D1:24:F1:02:C0,-77,10,0,0,0,0,0,0,0,0,0,-97,0,13,0,6657604,0,64,0,0,7.10319,128,[64 0 4 0 18 35 17 32 19 25 18 21 15 17 6 15 5 12 2 13 -1 13 -4 16 -5 19 -7 21 -9 22 -9 22 -6 23 -4 23 -3 23 0 21 -4 19 -1 17 -3 11 -3 10 -5 7 -9 3 -5 -4 0 0 0 0 0 0 0 0 0 0 0 0 0 0 0 0 0 0 0 0 0 0 15 -5 12 -5 12 -2 9 2 9 3 11 6 10 8 11 12 12 14 14 13 16 16 19 17 18 18 19 15 17 13 18 11 18 12 14 12 15 13 10 15 7 18 5 20 4 25 6 31 7 37 11 40 ]
CSI_DATA,STA,E4:D1:24:F1:02:C0,-77,10,0,0,0,0,0,0,0,0,0,-97,0,13,0,6740713,0,389,0,0,7.14367,128,[-123 81 24 0 23 36 25 29 25 23 22 19 17 16 9 13 7 12 5 14 -1 15 -4 15 -4 19 -4 19 -3 19 -5 22 -3 23 0 23 1 23 -2 19 0 17 0 16 1 13 -4 11 -6 7 -5 4 -12 4 0 0 0 0 0 0 0 0 0 0 0 0 0 0 0 0 0 0 0 0 0 0 12 -7 13 -5 12 -2 10 0 11 5 10 6 12 7 12 10 13 11 16 14 15 14 18 14 19 14 22 12 21 10 21 11 17 9 15 13 14 10 8 14 5 15 10 21 8 26 11 28 10 37 16 40 ]
CSI_DATA,STA,E4:D1:24:F1:02:C0,-77,10,0,0,0,0,0,0,0,0,0,-97,0,13,0,6774793,0,64,0,0,7.18067,128,[64 0 4 0 -34 -33 -31 -31 -28 -23 -25 -15 -24 -15 -14 -10 -11 -13 -5 -10 0 -14 2 -20 4 -18 2 -23 1 -25 2 -30 -3 -25 2 -26 -2 -24 -2 -24 -1 -22 -1 -20 0 -15 -1 -11 7 -7 0 -12 13 -9 0 0 0 0 0 0 0 0 0 0 0 0 0 0 0 0 0 0 0 0 0 0 -11 13 -12 11 -13 8 -14 2 -13 -1 -14 -3 -14 -4 -20 -9 -21 -11 -20 -10 -25 -11 -28 -10 -27 -11 -28 -8 -30 -9 -27 -3 -23 -4 -20 -7 -16 -10 -14 -12 -13 -18 -12 -25 -13 -29 -16 -33 -19 -38 -26 -43 ]
CSI_DATA,STA,E4:D1:24:F1:02:C0,-77,10,0,0,0,0,0,0,0,0,0,-97,0,13,0,6843115,0,389,0,0,7.23414,128,[-123 81 24 0 37 11 35 10 28 5 27 5 19 2 15 3 11 5 7 8 8 12 8 12 8 20 9 19 9 19 11 20 12 20 12 21 15 18 12 15 8 14 10 9 5 10 3 9 0 8 -5 6 -12 5 0 0 0 0 0 0 0 0 0 0 0 0 0 0 0 0 0 0 0 0 0 0 8 -15 7 -10 10 -10 9 -5 10 -5 9 -2 12 1 14 -1 15 2 20 2 18 3 22 1 22 0 22 -3 21 -2 22 -3 20 -4 17 -2 18 1 16 6 15 7 19 15 21 16 23 20 32 23 34 21 ]
CSI_DATA,STA,E4:D1:24:F1:02:C0,-77,10,0,0,0,0,0,0,0,0,0,-97,0,13,0,6945518,0,389,0,0,7.33659,128,[-123 81 24 0 -31 -34 -31 -29 -31 -24 -27 -18 -20 -14 -17 -14 -12 -12 -8 -15 -4 -19 2 -21 -1 -20 -1 -28 2 -29 -5 -26 -6 -31 -5 -28 -4 -25 -5 -25 -5 -20 -6 -19 -4 -13 -3 -13 3 -9 4 -7 7 -9 0 0 0 0 0 0 0 0 0 0 0 0 0 0 0 0 0 0 0 0 0 0 -15 10 -14 6 -14 2 -15 3 -11 -1 -12 -5 -16 -8 -17 -10 -19 -13 -18 -14 -21 -14 -23 -15 -24 -12 -28 -12 -26 -13 -26 -9 -23 -11 -20 -10 -19 -13 -15 -15 -16 -19 -13 -21 -14 -26 -19 -36 -19 -44 -25 -43 ]
CSI_DATA,STA,E4:D1:24:F1:02:C0,-77,10,0,0,0,0,0,0,0,0,0,-97,0,13,0,7047920,0,389,0,0,7.43898,128,[-123 81 24 0 -41 -25 -39 -19 -34 -16 -26 -11 -22 -10 -18 -6 -13 -11 -8 -11 -5 -19 -4 -19 -2 -23 -4 -24 -5 -25 -6 -26 -6 -24 -9 -26 -11 -25 -10 -21 -8 -21 -7 -17 -6 -13 -2 -14 0 -8 3 -7 10 -5 0 0 0 0 0 0 0 0 0 0 0 0 0 0 0 0 0 0 0 0 0 0 -9 15 -9 14 -11 8 -13 6 -11 3 -13 0 -17 0 -20 -2 -23 -2 -24 -3 -27 -5 -26 -3 -28 -2 -29 1 -27 1 -25 -1 -25 0 -21 -3 -23 -5 -17 -11 -20 -14 -18 -18 -20 -25 -26 -31 -31 -32 -38 -32 ]
CSI_DATA,STA,E4:D1:24:F1:02:C0,-77,10,0,0,0,0,0,0,0,0,0,-97,0,13,0,7150406,0,389,0,0,7.54148,128,[-123 81 24 0 -43 14 -37 19 -32 15 -29 15 -21 12 -22 7 -14 2 -14 -2 -15 -3 -16 -10 -19 -14 -21 -12 -22 -12 -25 -14 -25 -9 -25 -12 -26 -7 -22 -7 -21 -5 -16 -5 -14 -3 -10 -4 -6 -8 -3 -7 5 -10 0 0 0 0 0 0 0 0 0 0 0 0 0 0 0 0 0 0 0 0 0 0 4 17 1 15 -4 15 -6 12 -8 11 -9 8 -12 11 -16 11 -20 11 -21 13 -20 14 -23 17 -24 15 -22 21 -21 20 -20 17 -16 18 -16 12 -15 11 -19 6 -21 1 -26 -1 -29 -3 -37 -2 -39 1 -48 2 ]
CSI_DATA,STA,E4:D1:24:F1:02:C0,-76,10,0,0,0,0,0,0,0,0,0,-97,0,13,0,7252770,0,389,0,0,7.64388,128,[-123 81 24 0 -33 26 -31 24 -24 26 -20 19 -16 17 -15 12 -11 8 -15 5 -17 3 -15 0 -20 -5 -22 -2 -22 -3 -24 -3 -24 -3 -26 3 -23 1 -24 3 -21 0 -15 2 -12 0 -10 -2 -7 -4 -4 -8 0 -7 0 0 0 0 0 0 0 0 0 0 0 0 0 0 0 0 0 0 0 0 0 0 6 14 3 15 -1 11 -1 11 -4 11 -7 11 -11 11 -10 13 -14 16 -14 15 -14 17 -15 18 -17 22 -13 21 -12 20 -13 22 -12 20 -12 16 -14 16 -16 12 -16 9 -25 8 -28 7 -32 10 -36 11 -39 20 ]
CSI_DATA,STA,E4:D1:24:F1:02:C0,-76,10,0,0,0,0,0,0,0,0,0,-97,0,13,0,7355128,0,389,0,0,7.74618,128,[-123 81 24 0 -39 16 -35 18 -30 16 -24 19 -19 12 -17 7 -13 6 -16 1 -14 -7 -16 -8 -19 -8 -21 -12 -22 -10 -22 -9 -23 -8 -25 -8 -24 -6 -21 -6 -18 -4 -17 -4 -13 -6 -8 -7 -6 -8 0 -8 -3 -6 0 0 0 0 0 0 0 0 0 0 0 0 0 0 0 0 0 0 0 0 0 0 7 11 3 13 2 12 -2 12 -3 9 -6 11 -10 11 -14 13 -14 14 -15 15 -16 15 -16 19 -18 22 -18 20 -15 20 -14 20 -12 16 -11 15 -11 11 -16 8 -18 6 -24 5 -29 1 -37 4 -40 6 -46 9 ]
CSI_DATA,STA,E4:D1:24:F1:02:C0,-77,10,0,0,0,0,0,0,0,0,0,-97,0,13,0,7387061,0,64,0,0,7.78036,128,[64 0 4 0 -43 -21 -39 -19 -32 -12 -30 -8 -27 -10 -19 -10 -14 -11 -11 -14 -7 -16 -6 -19 -4 -23 -7 -24 -5 -26 -7 -27 -9 -26 -11 -25 -10 -25 -11 -23 -10 -22 -9 -18 -4 -15 -2 -12 1 -10 7 -7 6 -1 0 0 0 0 0 0 0 0 0 0 0 0 0 0 0 0 0 0 0 0 0 0 -14 13 -10 11 -11 6 -10 6 -15 2 -15 0 -17 -2 -20 -1 -20 -2 -21 -5 -25 -5 -28 -3 -27 -4 -25 2 -26 0 -26 0 -24 0 -20 -2 -18 -7 -19 -6 -17 -13 -18 -19 -22 -23 -27 -26 -30 -30 -37 -34 ]
CSI_DATA,STA,E4:D1:24:F1:02:C0,-77,10,0,0,0,0,0,0,0,0,0,-97,0,13,0,7457530,0,389,0,0,7.84854,128,[-123 81 24 0 30 -25 27 -26 21 -26 18 -22 12 -18 12 -15 12 -8 11 -3 12 0 19 2 20 1 21 5 23 1 22 12 25 -10 37 -11 25 -4 23 -3 18 -2 15 -3 12 -2 10 2 9 3 6 6 -3 9 0 0 0 0 0 0 0 0 0 0 0 0 0 0 0 0 0 0 0 0 0 0 -6 -14 -5 -13 -1 -14 1 -14 3 -10 5 -12 10 -12 8 -13 11 -15 11 -16 12 -21 14 -21 12 -22 12 -24 13 -23 9 -22 9 -19 10 -18 13 -14 13 -11 17 -7 23 -8 27 -7 32 -10 35 -14 39 -20 ]
CSI_DATA,STA,E4:D1:24:F1:02:C0,-77,10,0,0,0,0,0,0,0,0,0,-97,0,13,0,7559933,0,389,0,0,7.95097,128,[-123 81 24 0 -6 41 -3 35 0 32 -3 27 0 20 0 16 -5 8 -9 14 -8 7 -11 9 -18 7 -20 8 -20 12 -20 12 -20 14 -20 17 -20 14 -16 12 -15 14 -12 9 -11 7 -10 5 -7 0 -4 -1 -9 -11 0 0 0 0 0 0 0 0 0 0 0 0 0 0 0 0 0 0 0 0 0 0 14 1 13 3 10 4 11 5 7 7 7 9 5 10 6 15 5 20 5 18 6 21 6 21 6 22 8 19 9 20 7 21 7 16 5 17 3 15 -2 16 -6 17 -8 22 -13 28 -13 31 -15 36 -10 43 ]
CSI_DATA,STA,E4:D1:24:F1:02:C0,-77,10,0,0,0,0,0,0,0,0,0,-97,0,13,0,7662335,0,389,0,0,8.05344,128,[-123 81 24 0 41 -20 33 -24 33 -24 26 -19 21 -15 16 -13 16 -9 14 -5 16 2 15 4 20 7 21 9 20 9 25 10 28 8 27 5 27 5 24 3 22 2 17 1 14 3 8 3 8 5 1 10 1 4 0 0 0 0 0 0 0 0 0 0 0 0 0 0 0 0 0 0 0 0 0 0 -7 -15 -4 -18 0 -14 -2 -14 4 -13 5 -12 6 -12 12 -13 18 -18 13 -15 15 -17 17 -20 17 -24 17 -24 15 -23 15 -23 14 -24 14 -19 12 -14 17 -11 19 -8 26 -8 29 -5 34 -12 42 -11 49 -13 ]
CSI_DATA,STA,E4:D1:24:F1:02:C0,-77,10,0,0,0,0,0,0,0,0,0,-97,0,13,0,7734817,0,64,0,0,8.12527,128,[64 0 4 0 11 39 12 34 14 32 11 24 10 22 4 17 1 12 -3 14 -6 14 -8 14 -11 15 -12 21 -14 18 -12 20 -8 17 -12 16 -10 23 -6 31 -7 22 -14 9 -4 6 -6 9 -5 4 -8 2 -14 2 0 0 0 0 0 0 0 0 0 0 0 0 0 0 0 0 0 0 0 0 0 0 15 -2 14 -1 12 0 9 2 10 5 10 10 9 12 9 13 10 14 10 17 11 18 14 19 14 18 14 17 16 18 15 17 15 18 13 14 7 15 8 17 6 19 3 22 -3 27 -2 32 -3 37 5 44 ]
CSI_DATA,STA,E4:D1:24:F1:02:C0,-77,10,0,0,0,0,0,0,0,0,0,-97,0,13,0,7735965,0,64,0,0,8.15505,128,[64 0 4 0 -39 -12 -36 -6 -34 -3 -29 -3 -24 0 -21 -2 -16 -5 -14 -6 -11 -12 -10 -13 -12 -19 -16 -15 -15 -17 -14 -19 -16 -16 -18 -18 -17 -13 -16 -15 -15 -6 -14 -13 -7 -8 -7 -7 -3 -11 2 -11 -7 -14 0 0 0 0 0 0 0 0 0 0 0 0 0 0 0 0 0 0 0 0 0 0 -7 14 -8 11 -12 8 -10 5 -13 2 -15 1 -14 3 -20 -1 -17 3 -24 -5 -24 -3 -27 -1 -29 2 -25 3 -25 3 -24 3 -21 4 -21 2 -21 -2 -19 -4 -20 -7 -20 -12 -25 -16 -26 -17 -31 -18 -40 -21 ]
CSI_DATA,STA,E4:D1:24:F1:02:C0,-77,10,0,0,0,0,0,0,0,0,0,-97,0,13,0,7764738,0,389,0,0,8.19916,128,[-123 81 24 0 10 -46 8 -43 3 -36 -2 -30 0 -24 2 -23 3 -14 7 -15 11 -12 12 -13 19 -12 17 -16 19 -14 18 -16 20 -17 20 -19 17 -19 13 -19 14 -17 12 -10 11 -13 11 -8 9 -2 7 -2 12 4 0 0 0 0 0 0 0 0 0 0 0 0 0 0 0 0 0 0 0 0 0 0 -15 -11 -12 -12 -11 -12 -6 -11 -6 -11 -1 -14 -1 -15 0 -17 2 -22 3 -22 1 -23 1 -25 0 -23 0 -28 -3 -27 -3 -27 -1 -22 -2 -24 1 -21 5 -18 8 -19 13 -22 17 -26 17 -33 19 -35 21 -41 ]
CSI_DATA,STA,E4:D1:24:F1:02:C0,-77,10,0,0,0,0,0,0,0,0,0,-97,0,13,0,7867140,0,389,0,0,8.25813,128,[-123 81 24 0 -29 37 -23 33 -20 30 -14 26 -13 19 -11 15 -15 11 -15 6 -18 6 -19 1 -24 4 -25 2 -27 0 -25 5 -29 5 -27 6 -24 5 -22 7 -20 9 -16 2 -12 3 -10 0 -8 -3 -8 -8 -2 -8 0 0 0 0 0 0 0 0 0 0 0 0 0 0 0 0 0 0 0 0 0 0 10 13 9 11 5 11 2 13 -1 11 -3 12 -5 12 -6 19 -9 17 -8 18 -6 23 -13 23 -8 25 -7 23 -6 27 -4 23 -5 24 -9 21 -6 18 -11 18 -16 15 -22 14 -24 14 -32 21 -36 26 -34 29 ]
CSI_DATA,STA,E4:D1:24:F1:02:C0,-77,10,0,0,0,0,0,0,0,0,0,-97,0,13,0,7969547,0,389,0,0,8.3606,128,[-123 81 24 0 -40 -20 -40 -13 -32 -10 -28 -8 -24 -9 -22 -5 -15 -9 -15 -11 -9 -13 -10 -18 -11 -22 -8 -24 -12 -21 -15 -24 -13 -24 -15 -21 -18 -20 -15 -21 -14 -18 -10 -13 -11 -12 -4 -11 0 -9 3 -9 6 -4 0 0 0 0 0 0 0 0 0 0 0 0 0 0 0 0 0 0 0 0 0 0 -13 9 -13 7 -13 7 -14 3 -14 0 -14 -5 -14 -7 -20 -6 -21 -7 -23 -6 -24 -8 -24 -7 -29 -6 -29 -3 -28 -5 -25 -1 -25 -5 -23 -3 -24 -6 -18 -9 -21 -15 -20 -21 -23 -20 -26 -27 -30 -32 -37 -30 ]
CSI_DATA,STA,E4:D1:24:F1:02:C0,-77,10,0,0,0,0,0,0,0,0,0,-97,0,13,0,8276750,0,389,0,0,8.66783,128,[-123 81 24 0 36 -15 34 -23 30 -18 19 -18 15 -14 16 -10 13 -5 12 -5 13 -2 15 3 18 5 19 7 19 5 20 4 23 4 23 3 23 0 21 0 15 -1 15 0 12 0 10 2 8 4 2 7 3 3 0 0 0 0 0 0 0 0 0 0 0 0 0 0 0 0 0 0 0 0 0 0 -6 -16 -2 -15 -1 -16 1 -12 3 -11 8 -11 11 -11 12 -10 13 -12 16 -15 17 -16 18 -19 16 -18 17 -20 16 -22 13 -19 10 -14 14 -14 13 -13 14 -10 18 -9 21 -7 28 -4 31 -5 36 -11 40 -12 ]
CSI_DATA,STA,E4:D1:24:F1:02:C0,-77,10,0,0,0,0,0,0,0,0,0,-97,0,13,0,8379153,0,389,0,0,8.77024,128,[-123 81 24 0 -43 -22 -38 -19 -38 -17 -33 -11 -25 -11 -19 -9 -12 -10 -10 -12 -5 -13 -3 -18 -4 -21 -4 -27 -8 -25 -8 -27 -11 -28 -10 -26 -10 -24 -11 -24 -10 -19 -8 -18 -7 -13 -3 -13 0 -12 3 -10 13 -5 0 0 0 0 0 0 0 0 0 0 0 0 0 0 0 0 0 0 0 0 0 0 -9 15 -8 12 -7 8 -11 5 -11 5 -14 2 -16 -2 -19 -4 -22 -3 -25 -4 -25 -4 -28 -4 -31 -2 -29 -2 -31 0 -26 1 -25 1 -24 0 -22 -2 -23 -9 -19 -11 -20 -18 -21 -24 -25 -30 -28 -33 -35 -31 ]
CSI_DATA,STA,E4:D1:24:F1:02:C0,-77,10,0,0,0,0,0,0,0,0,0,-97,0,13,0,8454774,0,64,0,0,8.84522,128,[64 0 4 0 -41 25 -33 24 -32 21 -25 19 -21 14 -20 8 -16 7 -16 2 -17 -1 -17 -4 -21 -5 -24 -7 -26 -7 -27 -7 -25 -4 -26 -3 -24 -5 -22 -3 -22 -4 -17 1 -13 1 -11 -3 -6 -7 -3 -10 -4 -7 0 0 0 0 0 0 0 0 0 0 0 0 0 0 0 0 0 0 0 0 0 0 4 15 5 12 -2 10 -1 13 -5 10 -6 11 -9 11 -14 12 -15 14 -16 16 -15 16 -17 20 -19 21 -14 22 -16 22 -15 20 -13 19 -16 15 -17 12 -18 10 -20 9 -22 6 -31 5 -36 8 -41 12 -45 13 ]
CSI_DATA,STA,E4:D1:24:F1:02:C0,-77,10,0,0,0,0,0,0,0,0,0,-97,0,13,0,8481555,0,389,0,0,8.87904,128,[-123 81 24 0 -39 20 -33 19 -27 18 -21 16 -18 14 -16 10 -11 6 -14 1 -13 0 -17 -5 -22 -5 -22 -8 -24 -7 -25 -7 -25 -3 -23 -2 -21 -3 -22 0 -19 0 -16 0 -14 -1 -9 -3 -8 -5 -6 -7 4 -9 0 0 0 0 0 0 0 0 0 0 0 0 0 0 0 0 0 0 0 0 0 0 0 16 -1 13 0 13 -4 11 -7 8 -10 10 -13 9 -14 8 -16 12 -16 10 -16 13 -21 16 -19 15 -20 17 -18 18 -16 15 -15 15 -13 13 -15 12 -17 9 -20 5 -20 1 -29 2 -31 3 -39 5 -42 9 ]
CSI_DATA,STA,E4:D1:24:F1:02:C0,-76,10,0,0,0,0,0,0,0,0,0,-97,0,13,0,8583958,0,389,0,0,8.97502,128,[-123 81 24 0 7 49 12 38 10 35 12 29 10 23 5 22 5 17 -1 15 -7 14 -11 15 -12 17 -14 19 -14 23 -12 22 -12 22 -10 23 -9 23 -8 21 -6 18 -8 16 -6 13 -2 9 -8 5 -10 0 -8 1 0 0 0 0 0 0 0 0 0 0 0 0 0 0 0 0 0 0 0 0 0 0 18 -1 15 2 13 4 10 5 7 8 7 12 6 14 4 17 8 17 6 20 11 22 10 24 12 25 12 25 15 23 14 23 16 21 10 18 9 19 2 19 2 21 -3 26 -8 29 -7 37 -7 42 -9 46 ]
CSI_DATA,STA,E4:D1:24:F1:02:C0,-77,10,0,0,0,0,0,0,0,0,0,-97,0,13,0,8774863,0,64,0,0,9.16573,128,[64 0 4 0 -23 -33 -25 -26 -22 -22 -20 -19 -16 -14 -12 -15 -9 -15 -6 -13 -3 -16 -1 -17 0 -19 -1 -20 1 -20 0 -26 -2 -21 -4 -23 -6 -23 -5 -19 -4 -19 -4 -15 -2 -13 -1 -9 1 -7 4 -6 6 -10 0 0 0 0 0 0 0 0 0 0 0 0 0 0 0 0 0 0 0 0 0 0 -15 1 -13 2 -14 -1 -12 -1 -11 -5 -11 -7 -13 -9 -12 -12 -11 -13 -16 -13 -17 -15 -18 -15 -18 -16 -21 -14 -19 -13 -19 -13 -20 -13 -18 -12 -16 -13 -13 -15 -10 -19 -9 -22 -8 -25 -10 -30 -12 -35 -18 -39 ]
CSI_DATA,STA,E4:D1:24:F1:02:C0,-77,10,0,0,0,0,0,0,0,0,0,-97,0,13,0,8775839,0,64,0,0,9.20248,128,[64 0 4 0 -39 -12 -37 -8 -35 -3 -23 1 -22 -3 -18 -3 -12 -5 -12 -9 -14 -8 -12 -15 -14 -15 -14 -13 -16 -16 -18 -17 -19 -13 -16 -18 -16 -14 -14 -11 -15 -10 -8 -12 -12 -9 -8 -6 -4 -16 -2 -8 26 -7 0 0 0 0 0 0 0 0 0 0 0 0 0 0 0 0 0 0 0 0 0 0 -11 7 -11 5 -12 8 -10 1 -11 1 -12 -4 -14 -2 -16 -4 -18 -7 -17 -9 -22 -5 -21 -1 -27 -5 -24 -5 -27 -2 -25 -4 -20 -2 -20 -2 -16 -4 -16 -6 -14 -12 -22 -17 -21 -15 -27 -19 -28 -21 -36 -23 ]
CSI_DATA,STA,E4:D1:24:F1:02:C0,-77,10,0,0,0,0,0,0,0,0,0,-97,0,13,0,8788763,0,389,0,0,9.24731,128,[-123 81 24 0 44 -1 38 -1 34 -6 31 -5 22 -6 21 -3 16 1 12 2 13 8 16 6 16 14 17 15 21 16 21 14 20 11 22 14 22 10 19 7 20 6 15 6 12 5 8 8 7 9 10 11 -6 13 0 0 0 0 0 0 0 0 0 0 0 0 0 0 0 0 0 0 0 0 0 0 9 -16 11 -13 11 -12 10 -7 12 -7 13 -4 15 -1 18 -3 17 0 20 0 21 0 24 -1 25 -2 28 -1 25 -3 27 -3 21 -5 21 -4 19 -1 20 3 20 5 24 8 26 10 28 15 33 14 44 16 ]
CSI_DATA,STA,E4:D1:24:F1:02:C0,-76,10,0,0,0,0,0,0,0,0,0,-97,0,13,0,8891165,0,389,0,0,9.28845,128,[-123 81 24 0 21 -36 19 -31 12 -31 11 -26 10 -20 8 -17 8 -9 10 -11 12 -9 15 -7 15 -5 20 -6 20 -9 23 -8 23 -10 21 -10 19 -9 18 -11 15 -9 13 -9 10 -6 4 -4 8 0 7 6 3 2 0 0 0 0 0 0 0 0 0 0 0 0 0 0 0 0 0 0 0 0 0 0 -10 -12 -8 -11 -7 -10 -4 -11 -2 -12 2 -14 3 -12 4 -14 5 -16 8 -19 9 -20 9 -24 7 -24 8 -23 4 -23 5 -22 4 -22 6 -20 7 -19 7 -16 11 -14 15 -15 19 -15 22 -22 28 -24 27 -30 ]
CSI_DATA,STA,E4:D1:24:F1:02:C0,-77,10,0,0,0,0,0,0,0,0,0,-97,0,13,0,9095970,0,389,0,0,9.487,128,[-123 81 24 0 40 -23 34 -25 28 -22 22 -20 18 -17 17 -11 16 -9 13 -3 16 1 20 1 23 3 21 3 23 2 23 2 28 3 26 -1 23 -2 23 -1 19 -5 16 -4 13 -1 11 1 8 4 3 4 8 11 0 0 0 0 0 0 0 0 0 0 0 0 0 0 0 0 0 0 0 0 0 0 3 -25 6 -20 1 -13 3 -13 1 -14 9 -12 10 -9 13 -11 14 -8 18 -16 20 -13 20 -16 21 -16 18 -19 18 -21 19 -21 16 -18 14 -16 15 -11 17 -11 18 -10 26 -8 31 -7 35 -7 41 -11 44 -11 ]
CSI_DATA,STA,E4:D1:24:F1:02:C0,-76,10,0,0,0,0,0,0,0,0,0,-97,0,13,0,9198373,0,389,0,0,9.58942,128,[-123 81 24 0 48 -2 41 0 38 0 31 -2 28 0 19 -2 15 2 11 1 16 8 8 14 9 18 15 20 16 17 15 23 17 20 16 19 17 16 15 14 13 12 12 11 9 11 6 7 2 8 1 5 -7 9 0 0 0 0 0 0 0 0 0 0 0 0 0 0 0 0 0 0 0 0 0 0 0 -17 -1 -16 3 -14 6 -11 5 -9 12 -8 13 -6 17 -6 21 -6 22 -7 24 -8 23 -11 28 -12 25 -12 26 -15 22 -14 21 -14 21 -10 20 -4 17 -2 20 4 25 7 28 13 32 11 41 17 47 14 ]
CSI_DATA,STA,E4:D1:24:F1:02:C0,-77,10,0,0,0,0,0,0,0,0,0,-97,0,13,0,9300775,0,389,0,0,9.69182,128,[-123 81 24 0 -38 -24 -36 -20 -34 -17 -29 -13 -22 -10 -17 -11 -14 -11 -9 -14 -10 -17 -9 -16 -4 -20 -10 -22 -11 -23 -11 -23 -12 -21 -12 -22 -13 -21 -14 -18 -14 -17 -10 -15 -8 -12 -2 -11 -2 -8 4 -10 5 -5 0 0 0 0 0 0 0 0 0 0 0 0 0 0 0 0 0 0 0 0 0 0 -14 10 -16 7 -15 5 -16 1 -14 -1 -14 -4 -15 -6 -18 -10 -19 -12 -20 -13 -22 -12 -27 -11 -24 -10 -31 -4 -29 -8 -26 -8 -27 -5 -24 -6 -22 -9 -17 -11 -16 -16 -19 -19 -18 -28 -23 -26 -27 -35 -31 -33 ]
CSI_DATA,STA,E4:D1:24:F1:02:C0,-76,10,0,0,0,0,0,0,0,0,0,-97,0,13,0,9403612,0,389,0,0,9.79466,128,[-123 81 24 0 -33 32 -22 32 -22 33 -15 27 -17 22 -13 18 -15 9 -15 8 -17 3 -21 1 -22 2 -26 1 -26 0 -24 2 -28 4 -26 6 -25 5 -25 5 -19 4 -16 3 -14 0 -10 -1 -4 -2 -4 -6 -13 -9 0 0 0 0 0 0 0 0 0 0 0 0 0 0 0 0 0 0 0 0 0 0 10 14 9 13 5 15 0 20 2 13 -1 11 -6 14 -9 14 -7 19 -13 14 -2 37 -10 21 -10 26 -9 24 -8 24 -7 24 -7 24 -5 22 -12 20 -13 15 -18 15 -22 12 -27 16 -31 20 -35 22 -39 29 ]
CSI_DATA,STA,E4:D1:24:F1:02:C0,-77,10,0,0,0,0,0,0,0,0,0,-97,0,13,0,9494817,0,64,0,0,9.8857,128,[64 0 4 0 0 45 4 40 7 36 8 30 8 24 3 20 3 16 -2 17 -4 17 -11 19 -11 20 -13 18 -13 22 -14 24 -12 23 -9 23 -8 22 -9 20 -9 19 -4 14 -3 11 -6 9 -9 5 -9 2 -14 -6 0 0 0 0 0 0 0 0 0 0 0 0 0 0 0 0 0 0 0 0 0 0 14 6 16 5 12 11 5 9 6 9 5 11 3 15 5 18 2 19 3 22 3 20 5 28 8 27 7 29 8 27 11 24 9 22 8 19 5 17 1 18 -1 22 -4 22 -10 26 -12 34 -10 40 -10 48 ]
CSI_DATA,STA,E4:D1:24:F1:02:C0,-77,10,0,0,0,0,0,0,0,0,0,-97,0,13,0,9505580,0,389,0,0,9.91494,128,[-123 81 24 0 36 -25 27 -23 23 -22 20 -18 16 -17 13 -15 14 -5 14 -3 14 1 17 3 20 -1 22 0 20 1 23 0 23 0 22 -1 19 -2 17 -6 18 -3 13 -3 11 -2 8 2 5 5 7 8 -1 5 0 0 0 0 0 0 0 0 0 0 0 0 0 0 0 0 0 0 0 0 0 0 -4 -15 -3 -13 1 -14 4 -11 4 -10 8 -8 8 -13 11 -11 16 -10 15 -14 17 -15 15 -18 14 -19 17 -19 14 -20 14 -20 14 -19 12 -19 13 -11 16 -12 16 -8 22 -8 25 -9 32 -9 36 -13 39 -14 ]
CSI_DATA,STA,E4:D1:24:F1:02:C0,-77,10,0,0,0,0,0,0,0,0,0,-97,0,13,0,9607983,0,389,0,0,9.99894,128,[-123 81 24 0 -38 23 -33 25 -30 27 -24 20 -19 16 -16 13 -14 7 -16 1 -17 0 -17 -2 -23 -5 -25 -4 -26 -1 -28 -1 -29 1 -26 -3 -25 0 -21 2 -23 3 -15 1 -14 -2 -10 -3 -10 -5 -6 -5 -2 -16 0 0 0 0 0 0 0 0 0 0 0 0 0 0 0 0 0 0 0 0 0 0 6 16 1 13 -1 13 -3 10 -6 11 -8 10 -13 10 -13 11 -16 14 -20 16 -17 16 -21 21 -20 20 -23 20 -18 22 -17 21 -14 20 -16 16 -14 13 -15 13 -23 9 -23 4 -31 5 -35 8 -40 7 -43 12 ]
CSI_DATA,STA,E4:D1:24:F1:02:C0,-77,10,0,0,0,0,0,0,0,0,0,-97,0,13,0,9710385,0,389,0,0,10.1014,128,[-123 81 24 0 5 43 7 39 8 36 6 31 7 23 3 18 0 15 -5 10 -7 15 -13 14 -14 20 -15 18 -19 19 -17 24 -15 19 -15 22 -11 20 -10 19 -10 15 -8 14 -8 8 -7 8 -8 2 -10 -2 -5 -4 0 0 0 0 0 0 0 0 0 0 0 0 0 0 0 0 0 0 0 0 0 0 18 3 12 5 11 2 11 7 9 8 7 11 4 14 3 18 6 18 8 20 8 23 7 23 9 24 11 25 12 21 14 23 12 20 7 20 5 18 4 17 0 25 -3 22 -7 30 -10 33 -9 37 -7 44 ]
CSI_DATA,STA,E4:D1:24:F1:02:C0,-77,10,0,0,0,0,0,0,0,0,0,-97,0,13,0,9812788,0,389,0,0,10.2039,128,[-123 81 24 0 -17 -40 -18 -33 -18 -30 -15 -22 -13 -20 -10 -17 -6 -14 -4 -15 0 -18 1 -19 2 -20 3 -20 1 -21 3 -22 0 -23 1 -24 -2 -20 -2 -20 -2 -16 0 -15 0 -11 2 -11 3 -7 5 -6 13 -3 0 0 0 0 0 0 0 0 0 0 0 0 0 0 0 0 0 0 0 0 0 0 -18 -2 -13 -4 -14 -3 -10 -7 -10 -8 -7 -8 -7 -13 -7 -15 -8 -15 -8 -19 -12 -18 -12 -21 -13 -20 -15 -19 -16 -18 -17 -19 -18 -18 -14 -17 -10 -15 -8 -18 -8 -20 -4 -26 -1 -26 -2 -32 -5 -34 -7 -41 ]
CSI_DATA,STA,E4:D1:24:F1:02:C0,-77,10,0,0,0,0,0,0,0,0,0,-97,0,13,0,9857013,0,64,0,0,10.2475,128,[64 0 4 0 4 -47 -1 -41 -2 -35 -2 -31 -3 -27 -1 -22 4 -16 7 -15 12 -15 14 -13 17 -17 18 -16 20 -21 17 -21 15 -22 16 -22 13 -22 11 -21 10 -17 6 -14 6 -10 10 -6 8 -4 10 0 9 6 0 0 0 0 0 0 0 0 0 0 0 0 0 0 0 0 0 0 0 0 0 0 -15 -9 -12 -9 -9 -11 -8 -11 -5 -11 -4 -13 -4 -16 -2 -16 -1 -20 3 -21 1 -23 -3 -23 -3 -26 -4 -25 -6 -29 -6 -24 -5 -25 -6 -23 0 -23 3 -21 4 -21 13 -26 11 -28 16 -32 14 -38 15 -44 ]
CSI_DATA,STA,E4:D1:24:F1:02:C0,-77,10,0,0,0,0,0,0,0,0,0,-97,0,13,0,9858074,0,64,0,0,10.2823,128,[64 0 4 0 30 -30 25 -39 22 -32 16 -24 14 -19 11 -18 9 -10 15 -9 19 -8 19 -3 21 -3 19 -5 25 -2 25 -4 25 -8 28 -4 22 -5 21 -9 20 -3 13 -5 13 -2 10 1 11 0 20 7 -13 -9 0 0 0 0 0 0 0 0 0 0 0 0 0 0 0 0 0 0 0 0 0 0 -7 -14 -8 -15 -5 -15 -2 -13 -1 -14 4 -15 6 -12 5 -17 10 -16 12 -21 10 -18 11 -26 13 -30 10 -27 10 -24 11 -23 9 -21 10 -23 13 -18 17 -20 17 -9 23 -14 27 -18 31 -22 34 -19 39 -27 ]
CSI_DATA,STA,E4:D1:24:F1:02:C0,-77,10,0,0,0,0,0,0,0,0,0,-97,0,13,0,9915190,0,389,0,0,10.3253,128,[-123 81 24 0 -47 2 -42 3 -36 2 -28 4 -24 6 -22 3 -15 0 -16 -3 -17 -9 -18 -7 -19 -11 -20 -15 -20 -14 -23 -12 -24 -9 -24 -7 -24 -9 -20 -5 -20 -3 -15 -2 -14 -5 -9 -7 -7 -9 -2 -10 2 -7 0 0 0 0 0 0 0 0 0 0 0 0 0 0 0 0 0 0 0 0 0 0 -11 11 -13 11 -12 7 -13 4 -14 3 -15 -1 -15 2 -19 -3 -20 -2 -21 -3 -23 -2 -28 1 -27 1 -27 1 -27 6 -25 3 -23 4 -24 3 -23 0 -22 -3 -20 -2 -25 -9 -28 -11 -33 -10 -35 -14 -42 -14 ]
CSI_DATA,STA,E4:D1:24:F1:02:C0,-77,10,0,0,0,0,0,0,0,0,0,-97,0,13,0,9974822,0,64,0,0,10.3682,128,[64 0 4 0 -34 -17 -34 -13 -29 -10 -28 -8 -24 -7 -19 -7 -13 -4 -11 -10 -7 -10 -9 -15 -11 -18 -13 -17 -14 -19 -13 -17 -14 -18 -16 -17 -12 -15 -14 -16 -13 -12 -13 -10 -6 -9 -6 -10 -3 -8 0 -7 0 -12 0 0 0 0 0 0 0 0 0 0 0 0 0 0 0 0 0 0 0 0 0 0 -11 9 -12 6 -11 3 -12 2 -11 0 -13 -1 -13 -3 -14 -7 -16 -7 -18 -11 -19 -5 -25 -9 -25 -8 -23 -7 -24 -4 -26 -4 -22 -3 -19 -5 -17 -8 -18 -7 -17 -10 -19 -17 -21 -17 -24 -23 -28 -23 -33 -25 ]
CSI_DATA,STA,E4:D1:24:F1:02:C0,-76,10,0,0,0,0,0,0,0,0,0,-97,0,13,0,10119995,0,389,0,0,10.5111,128,[-123 81 24 0 29 -36 24 -29 20 -26 16 -26 14 -20 14 -18 13 -13 11 -8 16 -6 20 -2 23 -4 24 -5 25 -8 24 -11 22 -12 23 -10 22 -10 17 -13 14 -12 13 -9 14 -5 9 -5 8 2 8 4 -1 7 0 0 0 0 0 0 0 0 0 0 0 0 0 0 0 0 0 0 0 0 0 0 -2 -16 -1 -15 1 -16 4 -14 6 -12 10 -11 9 -12 10 -12 14 -13 13 -13 25 -10 18 -14 17 -18 15 -20 15 -22 15 -22 12 -19 13 -20 13 -17 18 -12 20 -13 22 -16 25 -14 34 -15 39 -21 41 -25 ]
CSI_DATA,STA,E4:D1:24:F1:02:C0,-77,10,0,0,0,0,0,0,0,0,0,-97,0,13,0,10222591,0,389,0,0,10.6137,128,[-123 81 24 0 -38 14 -39 15 -33 17 -27 18 -23 11 -19 5 -16 6 -17 1 -17 -5 -19 -7 -22 -9 -23 -7 -26 -8 -26 -6 -28 -7 -25 -3 -24 -5 -22 -4 -22 -2 -18 -2 -13 -1 -11 -4 -6 -6 -5 -7 -7 -14 0 0 0 0 0 0 0 0 0 0 0 0 0 0 0 0 0 0 0 0 0 0 -2 16 -3 14 -4 13 -4 14 -9 9 -10 9 -12 10 -16 9 -18 8 -17 12 -19 11 -20 15 -23 16 -21 15 -20 18 -21 17 -19 16 -20 12 -21 11 -21 6 -26 4 -29 2 -30 2 -35 2 -42 4 -46 5 ]
CSI_DATA,STA,E4:D1:24:F1:02:C0,-77,10,0,0,0,0,0,0,0,0,0,-97,0,13,0,10324819,0,389,0,0,10.7157,128,[-123 81 24 0 44 -10 40 -10 30 -10 30 -12 25 -9 16 -4 17 -2 14 0 12 5 14 12 16 16 17 16 19 18 20 18 20 16 21 13 21 15 19 10 17 10 13 7 9 9 7 9 1 7 0 10 -3 5 0 0 0 0 0 0 0 0 0 0 0 0 0 0 0 0 0 0 0 0 0 0 -6 -18 -4 -18 1 -13 4 -14 8 -10 7 -10 11 -14 15 -11 16 -12 17 -11 21 -15 20 -17 21 -15 20 -19 19 -16 18 -18 17 -15 15 -16 16 -11 15 -7 18 -2 25 -1 29 3 38 5 43 2 49 -1 ]
CSI_DATA,STA,E4:D1:24:F1:02:C0,-77,10,0,0,0,0,0,0,0,0,0,-97,0,13,0,10427222,0,389,0,0,10.8181,128,[-123 81 24 0 -31 31 -25 31 -22 29 -17 29 -17 24 -13 14 -13 10 -12 10 -14 7 -19 3 -19 5 -25 6 -25 6 -29 10 -27 9 -23 8 -21 12 -18 11 -16 10 -16 7 -13 7 -12 3 -12 0 -10 -3 -5 -9 0 0 0 0 0 0 0 0 0 0 0 0 0 0 0 0 0 0 0 0 0 0 3 18 0 16 -2 14 -3 12 -5 12 -10 11 -10 14 -13 13 -15 16 -17 15 -17 18 -21 18 -15 21 -15 22 -14 22 -13 23 -12 24 -13 20 -15 17 -15 15 -20 12 -24 13 -28 15 -30 16 -34 21 -39 24 ]
CSI_DATA,STA,E4:D1:24:F1:02:C0,-76,10,0,0,0,0,0,0,0,0,0,-97,0,13,0,10529624,0,389,0,0,10.9207,128,[-123 81 24 0 -24 -37 -20 -30 -22 -25 -18 -23 -18 -17 -11 -15 -6 -12 -2 -13 4 -13 7 -18 8 -21 10 -22 10 -20 11 -24 7 -21 8 -26 4 -18 9 -23 4 -22 4 -17 5 -12 5 -12 7 -3 1 8 25 -8 0 0 0 0 0 0 0 0 0 0 0 0 0 0 0 0 0 0 0 0 0 0 -12 13 -12 10 -13 6 -11 1 -12 -3 -14 -3 -15 -6 -16 -6 -18 -10 -22 -11 -19 -16 -19 -9 -22 -8 -25 -6 -25 -9 -23 -8 -19 -6 -18 -12 -13 -9 -15 -15 -12 -15 -8 -21 -9 -28 -8 -32 -15 -35 -18 -39 ]
CSI_DATA,STA,E4:D1:24:F1:02:C0,-76,10,0,0,0,0,0,0,0,0,0,-97,0,13,0,10565268,0,407,0,0,10.9565,128,[-105 113 25 0 -5 -48 -8 -39 -9 -40 -9 -29 -9 -24 -9 -22 -2 -17 2 -18 6 -16 10 -19 12 -17 12 -19 12 -23 13 -23 13 -25 11 -23 9 -23 9 -24 6 -20 6 -18 7 -13 8 -8 7 -5 9 0 6 -1 0 0 0 0 0 0 0 0 0 0 0 0 0 0 0 0 0 0 0 0 0 0 -17 -2 -17 -5 -13 -6 -12 -6 -8 -9 -10 -12 -5 -16 -4 -17 -6 -20 -8 -22 -12 -23 -10 -22 -10 -27 -12 -29 -13 -25 -13 -26 -13 -22 -10 -18 -8 -19 -5 -22 -3 -23 3 -23 3 -30 9 -34 7 -42 4 -49 ]
CSI_DATA,STA,E4:D1:24:F1:02:C0,-77,10,0,0,0,0,0,0,0,0,0,-97,0,13,0,10587124,0,64,0,0,11.0018,128,[64 0 4 0 -40 23 -34 23 -28 21 -25 22 -19 19 -15 12 -15 8 -15 3 -18 0 -21 -3 -23 -4 -23 -3 -26 -4 -30 -2 -27 0 -27 0 -25 -1 -22 3 -21 2 -20 1 -13 -1 -11 -1 -12 -4 -11 -8 -1 -14 0 0 0 0 0 0 0 0 0 0 0 0 0 0 0 0 0 0 0 0 0 0 1 17 -1 16 -2 13 -3 12 -7 9 -11 10 -13 7 -16 10 -17 14 -20 13 -19 15 -20 18 -22 18 -20 18 -18 17 -18 17 -19 18 -17 15 -16 13 -19 9 -21 10 -27 7 -32 6 -35 4 -44 10 -45 14 ]
CSI_DATA,STA,E4:D1:24:F1:02:C0,-76,10,0,0,0,0,0,0,0,0,0,-97,0,13,0,10632027,0,389,0,0,11.0429,128,[-123 81 24 0 4 -47 0 -42 -4 -37 -6 -32 -3 -28 -1 -24 2 -18 6 -15 10 -15 13 -18 15 -16 16 -19 18 -21 18 -24 14 -23 13 -25 10 -24 9 -23 10 -20 8 -18 8 -11 8 -8 7 -4 10 0 7 7 0 0 0 0 0 0 0 0 0 0 0 0 0 0 0 0 0 0 0 0 0 0 -14 -9 -12 -10 -11 -11 -10 -12 -5 -12 -4 -14 -1 -17 0 -18 2 -23 -2 -23 -1 -25 -3 -27 -7 -27 -4 -28 -7 -28 -6 -27 -7 -25 -6 -23 -1 -23 5 -22 4 -23 11 -25 15 -29 16 -33 16 -41 15 -50 ]
CSI_DATA,STA,E4:D1:24:F1:02:C0,-77,10,0,0,0,0,0,0,0,0,0,-97,0,13,0,10734725,0,389,0,0,11.1258,128,[-123 81 24 0 -36 -18 -32 -16 -31 -13 -29 -9 -23 -3 -17 -6 -14 -9 -9 -10 -7 -13 -9 -17 -9 -20 -9 -20 -12 -19 -13 -17 -14 -18 -15 -17 -19 -14 -17 -15 -13 -13 -11 -9 -10 -8 -6 -7 -3 -9 -1 -9 -1 -7 0 0 0 0 0 0 0 0 0 0 0 0 0 0 0 0 0 0 0 0 0 0 -14 2 -15 -2 -10 -3 -26 -20 1 -19 -7 -6 -12 -8 -12 -12 -13 -12 -15 -15 -17 -13 -18 -13 -20 -13 -23 -13 -22 -13 -22 -11 -22 -7 -18 -10 -16 -9 -17 -11 -16 -17 -14 -19 -14 -22 -16 -26 -24 -27 -30 -29 ]
CSI_DATA,STA,E4:D1:24:F1:02:C0,-76,10,0,0,0,0,0,0,0,0,0,-97,0,13,0,10845025,0,389,0,0,11.2361,128,[-123 81 24 0 18 41 19 37 16 31 17 27 9 21 5 18 4 16 -1 16 -6 19 -7 19 -9 21 -11 21 -10 26 -12 24 -8 25 -7 26 -8 27 -4 21 -3 18 -4 16 -3 10 -5 7 -7 8 -10 4 -14 -3 0 0 0 0 0 0 0 0 0 0 0 0 0 0 0 0 0 0 0 0 0 0 17 -4 14 -1 15 0 11 4 13 7 10 10 9 12 11 13 11 20 13 19 15 20 17 19 18 21 18 22 20 21 19 18 17 16 15 16 12 18 6 17 5 23 4 26 3 31 -1 38 3 43 8 47 ]
CSI_DATA,STA,E4:D1:24:F1:02:C0,-77,10,0,0,0,0,0,0,0,0,0,-97,0,13,0,10935291,0,64,0,0,11.3261,128,[64 0 4 0 -24 -30 -22 -27 -23 -21 -21 -20 -17 -15 -11 -13 -9 -14 -6 -12 -3 -19 0 -16 0 -20 -2 -20 -3 -22 -4 -24 -6 -22 -4 -23 -8 -21 -8 -21 -2 -17 -6 -12 0 -12 0 -10 3 -8 6 -8 7 -3 0 0 0 0 0 0 0 0 0 0 0 0 0 0 0 0 0 0 0 0 0 0 -14 -1 -12 -4 -14 -4 -11 -4 -10 -7 -10 -10 -10 -9 -10 -13 -11 -16 -11 -16 -10 -17 -14 -18 -14 -17 -17 -17 -16 -17 -14 -19 -17 -14 -13 -14 -10 -15 -9 -15 -9 -18 -8 -23 -7 -27 -8 -32 -10 -35 -13 -36 ]
CSI_DATA,STA,E4:D1:24:F1:02:C0,-77,10,0,0,0,0,0,0,0,0,0,-97,0,13,0,10939305,0,389,0,0,11.3626,128,[-123 81 24 0 -2 41 -1 38 3 34 4 28 -1 23 0 17 -2 17 -7 13 -11 13 -14 16 -15 19 -13 20 -16 19 -15 20 -13 23 -14 18 -10 21 -9 21 -8 17 -6 15 -10 12 -10 6 -12 4 -13 -6 -4 -2 0 0 0 0 0 0 0 0 0 0 0 0 0 0 0 0 0 0 0 0 0 0 12 9 11 11 12 10 3 15 10 16 4 9 2 16 -2 16 -2 18 -1 22 -1 21 0 25 1 25 4 25 3 27 6 26 3 23 4 22 0 22 -5 21 -6 21 -10 24 -14 30 -16 31 -16 37 -14 41 ]
CSI_DATA,STA,E4:D1:24:F1:02:C0,-77,10,0,0,0,0,0,0,0,0,0,-97,0,13,0,11041637,0,389,0,0,11.4326,128,[-123 81 24 0 -26 -34 -28 -34 -25 -28 -21 -20 -18 -17 -14 -18 -11 -16 -6 -14 -4 -15 -2 -18 1 -22 0 -24 -1 -25 -5 -26 -5 -26 -7 -25 -6 -21 -7 -23 -8 -20 -6 -15 -6 -13 -1 -13 4 -8 3 -8 10 -12 0 0 0 0 0 0 0 0 0 0 0 0 0 0 0 0 0 0 0 0 0 0 -17 -1 -15 -2 -12 -4 -13 -5 -11 -7 -9 -9 -9 -11 -11 -15 -10 -16 -11 -18 -15 -18 -13 -22 -16 -19 -16 -18 -20 -19 -19 -17 -14 -15 -17 -16 -11 -15 -10 -19 -10 -20 -10 -24 -9 -27 -12 -36 -13 -36 -15 -40 ]
CSI_DATA,STA,E4:D1:24:F1:02:C0,-77,10,0,0,0,0,0,0,0,0,0,-97,0,13,0,11144040,0,389,0,0,11.5349,128,[-123 81 24 0 25 33 23 31 23 25 20 21 14 18 12 17 7 15 0 15 -3 16 -3 18 -5 21 -7 25 -4 27 -2 27 -5 22 -1 25 1 27 2 22 0 17 1 16 0 13 -5 9 -2 10 -8 -4 -9 1 0 0 0 0 0 0 0 0 0 0 0 0 0 0 0 0 0 0 0 0 0 0 16 -5 14 -3 14 1 13 4 13 4 12 4 13 8 13 11 12 14 15 15 19 14 19 16 21 17 21 19 11 14 21 11 18 12 16 15 12 12 10 17 8 20 8 25 8 29 7 33 14 38 20 45 ]
CSI_DATA,STA,E4:D1:24:F1:02:C0,-77,10,0,0,0,0,0,0,0,0,0,-97,0,13,0,11451247,0,389,0,0,11.8424,128,[-123 81 24 0 9 42 15 37 11 28 12 25 8 23 6 16 -1 17 -5 16 -7 15 -9 18 -11 20 -11 21 -12 23 -11 24 -7 23 -7 25 -7 24 -3 20 -3 20 -6 15 -4 12 -4 8 -6 5 -6 3 -17 -1 0 0 0 0 0 0 0 0 0 0 0 0 0 0 0 0 0 0 0 0 0 0 16 4 13 5 12 6 10 9 7 9 3 13 7 21 4 12 0 18 4 13 6 19 9 22 10 21 9 23 10 23 11 21 9 20 11 22 6 17 5 17 -2 21 -1 25 -5 30 -4 36 -3 44 1 43 ]
CSI_DATA,STA,E4:D1:24:F1:02:C0,-77,10,0,0,0,0,0,0,0,0,0,-97,0,13,0,11553650,0,389,0,0,11.9447,128,[-123 81 24 0 41 -11 35 -12 32 -12 26 -13 22 -10 18 -5 16 0 14 2 15 4 18 6 20 8 23 10 24 9 25 8 27 4 25 3 26 1 22 1 18 -1 15 -1 13 2 6 2 7 7 3 11 -1 7 0 0 0 0 0 0 0 0 0 0 0 0 0 0 0 0 0 0 0 0 0 0 8 -15 6 -13 12 -12 9 -10 10 -6 10 -7 16 -6 17 -6 22 -5 21 -9 20 -8 24 -8 22 -10 23 -10 24 -8 19 -12 21 -10 19 -6 19 -5 18 -2 24 0 28 1 30 5 36 4 41 3 47 1 ]
CSI_DATA,STA,E4:D1:24:F1:02:C0,-77,10,0,0,0,0,0,0,0,0,0,-97,0,13,0,11654838,0,64,0,0,12.0457,128,[64 0 4 0 -5 -47 -8 -37 -7 -35 -7 -29 -4 -23 -3 -20 1 -17 4 -16 11 -15 13 -16 17 -17 14 -17 17 -22 16 -23 18 -25 15 -23 13 -20 10 -21 10 -17 8 -15 6 -12 7 -7 7 -5 0 5 5 5 0 0 0 0 0 0 0 0 0 0 0 0 0 0 0 0 0 0 0 0 0 0 -14 0 -13 -3 -12 -4 -13 -6 -9 -10 -9 -10 -8 -14 -9 -17 -8 -19 -11 -18 -11 -20 -13 -24 -10 -24 -16 -24 -13 -24 -13 -20 -12 -20 -6 -19 -6 -19 -2 -19 0 -21 4 -28 4 -29 6 -36 6 -44 1 -47 ]
CSI_DATA,STA,E4:D1:24:F1:02:C0,-77,10,0,0,0,0,0,0,0,0,0,-97,0,13,0,11656052,0,389,0,0,12.08,128,[-123 81 24 0 37 11 34 7 31 6 22 5 20 4 19 3 10 7 11 9 9 10 10 14 9 16 10 18 12 22 13 18 16 18 15 17 16 14 13 14 13 12 12 10 8 8 4 4 4 7 -1 13 -2 11 0 0 0 0 0 0 0 0 0 0 0 0 0 0 0 0 0 0 0 0 0 0 9 -12 10 -9 9 -6 9 -5 12 -1 13 0 12 0 16 0 16 0 17 3 23 3 21 4 22 5 24 1 21 1 21 -3 19 2 16 2 16 4 15 7 16 10 19 15 19 19 26 20 31 23 34 21 ]
CSI_DATA,STA,E4:D1:24:F1:02:C0,-77,10,0,0,0,0,0,0,0,0,0,-97,0,13,0,11758455,0,389,0,0,12.1495,128,[-123 81 24 0 17 -42 13 -38 10 -31 6 -27 7 -23 7 -14 7 -14 12 -13 19 -9 18 -11 18 -10 21 -10 23 -14 22 -17 22 -15 20 -15 17 -16 13 -16 11 -12 14 -10 11 -7 10 -3 7 0 8 5 12 9 0 0 0 0 0 0 0 0 0 0 0 0 0 0 0 0 0 0 0 0 0 0 -9 -15 -9 -10 -3 -15 -3 -14 -3 -15 -1 -14 4 -16 6 -17 6 -21 5 -23 5 -22 5 -25 5 -25 5 -27 4 -26 0 -27 4 -24 4 -21 7 -19 12 -18 11 -20 16 -20 23 -22 24 -27 30 -32 29 -38 ]
CSI_DATA,STA,E4:D1:24:F1:02:C0,-77,10,0,0,0,0,0,0,0,0,0,-97,0,13,0,11963260,0,389,0,0,12.3544,128,[-123 81 24 0 -44 -20 -43 -11 -35 -9 -31 -7 -24 -4 -17 -5 -13 -6 -12 -10 -11 -13 -9 -17 -10 -20 -11 -22 -11 -24 -12 -26 -15 -23 -14 -20 -18 -20 -17 -16 -15 -17 -11 -14 -9 -13 -6 -11 -3 -10 2 -8 2 -4 0 0 0 0 0 0 0 0 0 0 0 0 0 0 0 0 0 0 0 0 0 0 -12 12 -11 10 -12 7 -14 5 -11 1 -13 0 -17 -1 -18 -5 -21 -6 -24 -6 -25 -3 -26 -5 -27 -2 -29 -2 -26 -5 -28 -5 -24 0 -24 -1 -21 -4 -18 -10 -22 -9 -18 -17 -22 -20 -30 -26 -32 -24 -39 -27 ]
CSI_DATA,STA,E4:D1:24:F1:02:C0,-77,10,0,0,0,0,0,0,0,0,0,-97,0,13,0,11975453,0,64,0,0,12.3918,128,[64 0 4 0 -22 -34 -24 -29 -23 -27 -20 -25 -16 -19 -11 -14 -8 -15 -3 -14 6 -16 4 -19 5 -20 8 -24 4 -26 6 -25 5 -29 1 -28 2 -27 0 -22 0 -21 0 -14 5 -17 1 -9 7 -4 10 -3 12 -5 0 0 0 0 0 0 0 0 0 0 0 0 0 0 0 0 0 0 0 0 0 0 -12 6 -13 3 -14 1 -13 -5 -13 -3 -9 -5 -15 -10 -16 -10 -17 -14 -20 -17 -19 -14 -19 -15 -20 -14 -20 -16 -22 -9 -22 -10 -19 -9 -16 -13 -13 -15 -12 -17 -9 -22 -11 -25 -7 -29 -13 -35 -14 -39 -20 -42 ]
CSI_DATA,STA,E4:D1:24:F1:02:C0,-77,10,0,0,0,0,0,0,0,0,0,-97,0,13,0,11975538,0,64,0,0,12.4356,128,[64 0 4 0 26 -38 20 -32 18 -35 10 -23 9 -19 8 -15 11 -10 14 -4 16 -6 20 -3 22 -2 25 -4 28 -4 27 -5 28 -7 27 -8 22 -5 21 -8 17 -6 14 -4 13 -4 10 0 8 4 5 6 -2 9 0 0 0 0 0 0 0 0 0 0 0 0 0 0 0 0 0 0 0 0 0 0 -10 -11 -9 -11 -4 -12 -2 -11 -1 -12 1 -13 4 -14 5 -19 7 -18 9 -19 7 -22 9 -24 8 -28 7 -25 3 -23 3 -26 6 -21 4 -21 7 -17 12 -16 16 -14 22 -17 24 -17 29 -22 32 -24 33 -29 ]
CSI_DATA,STA,E4:D1:24:F1:02:C0,-77,10,0,0,0,0,0,0,0,0,0,-97,0,13,0,12065662,0,389,0,0,12.479,128,[-123 81 24 0 -45 -9 -37 -8 -37 -5 -27 -4 -22 -1 -17 -7 -15 -7 -14 -10 -13 -14 -14 -14 -15 -15 -11 -19 -17 -20 -19 -19 -18 -16 -22 -20 -17 -12 -15 -12 -16 -12 -17 -9 -12 -11 -8 -8 -4 -9 0 -9 -2 -10 0 0 0 0 0 0 0 0 0 0 0 0 0 0 0 0 0 0 0 0 0 0 -11 11 -14 4 -15 6 -13 5 -11 2 -16 -2 -16 -3 -19 -3 -21 -5 -21 -5 -19 -7 -26 -4 -23 -4 -24 0 -25 -5 -27 1 -23 -1 -21 -6 -20 -4 -24 -9 -22 -10 -27 -13 -25 -19 -28 -19 -32 -22 -37 -19 ]
CSI_DATA,STA,E4:D1:24:F1:02:C0,-77,10,0,0,0,0,0,0,0,0,0,-97,0,13,0,12168065,0,389,0,0,12.5591,128,[-123 81 24 0 -24 31 -24 29 -22 29 -13 26 -13 23 -12 20 -14 14 -14 12 -16 5 -19 9 -20 4 -23 8 -24 9 -24 12 -24 11 -22 12 -21 11 -18 8 -19 11 -14 7 -13 7 -10 4 -10 2 -10 -2 -15 -11 0 0 0 0 0 0 0 0 0 0 0 0 0 0 0 0 0 0 0 0 0 0 1 14 0 14 -3 11 -3 11 -5 11 -9 11 -10 12 -12 15 -14 13 -14 16 -16 17 -13 18 -14 21 -16 19 -12 21 -13 21 -12 19 -13 17 -12 18 -13 13 -16 15 -22 16 -26 13 -29 18 -34 23 -38 26 ]
CSI_DATA,STA,E4:D1:24:F1:02:C0,-77,10,0,0,0,0,0,0,0,0,0,-97,0,13,0,12475272,0,389,0,0,12.8663,128,[-123 81 24 0 22 37 23 28 22 26 19 21 16 19 10 17 7 15 3 15 0 16 -5 19 -4 23 -5 25 -4 28 -5 29 0 29 -2 26 1 24 2 21 2 19 0 14 0 9 -1 9 -4 8 -7 1 -8 5 0 0 0 0 0 0 0 0 0 0 0 0 0 0 0 0 0 0 0 0 0 0 17 -5 15 0 14 2 10 5 9 5 10 10 13 9 10 13 12 18 14 15 14 17 16 18 18 19 18 18 19 16 20 16 16 17 14 15 13 16 13 19 8 20 5 26 7 29 7 36 10 39 14 44 ]
CSI_DATA,STA,E4:D1:24:F1:02:C0,-77,10,0,0,0,0,0,0,0,0,0,-97,0,13,0,12680077,0,389,0,0,13.0711,128,[-123 81 24 0 -11 39 -8 36 -8 30 -6 26 -3 23 -4 15 -7 11 -11 12 -13 12 -15 8 -17 10 -21 10 -23 11 -22 15 -24 12 -18 14 -17 13 -16 12 -14 11 -11 9 -10 6 -9 5 -8 0 -6 -5 -11 -4 0 0 0 0 0 0 0 0 0 0 0 0 0 0 0 0 0 0 0 0 0 0 14 7 10 8 7 10 9 8 3 9 3 10 -1 13 0 14 -1 14 -1 19 -2 21 -1 21 1 25 0 24 2 23 1 21 1 22 0 18 -3 19 -8 17 -7 20 -13 19 -16 23 -19 28 -20 31 -20 38 ]
CSI_DATA,STA,E4:D1:24:F1:02:C0,-77,10,0,0,0,0,0,0,0,0,0,-97,0,13,0,12694868,0,64,0,0,13.1031,128,[64 0 4 0 -19 -41 -19 -38 -17 -31 -14 -24 -12 -22 -8 -20 -3 -16 1 -17 6 -17 3 -19 6 -21 7 -21 8 -23 7 -26 8 -26 6 -28 3 -26 4 -25 2 -19 2 -19 2 -11 5 -12 6 -6 8 -3 12 -4 0 0 0 0 0 0 0 0 0 0 0 0 0 0 0 0 0 0 0 0 0 0 -16 1 -16 1 -16 -2 -11 -6 -12 -8 -11 -9 -11 -14 -12 -14 -13 -17 -16 -19 -12 -18 -16 -20 -15 -20 -17 -23 -17 -18 -18 -20 -15 -17 -14 -17 -11 -20 -7 -20 -7 -20 -3 -27 -4 -31 -3 -37 -7 -41 -12 -47 ]
CSI_DATA,STA,E4:D1:24:F1:02:C0,-77,10,0,0,0,0,0,0,0,0,0,-97,0,13,0,12782480,0,389,0,0,13.1736,128,[-123 81 24 0 35 17 30 14 31 10 27 7 21 6 16 7 10 9 11 9 7 13 6 19 5 21 7 19 7 20 10 22 9 19 13 21 13 19 11 17 10 13 10 9 4 11 1 7 0 7 -4 7 -10 2 0 0 0 0 0 0 0 0 0 0 0 0 0 0 0 0 0 0 0 0 0 0 10 -11 13 -9 9 -7 8 -4 10 -3 11 2 14 2 19 2 18 4 19 5 20 7 25 3 23 3 26 3 22 3 21 0 19 -1 17 3 15 7 15 7 16 8 19 14 21 19 21 22 25 27 31 25 ]
CSI_DATA,STA,E4:D1:24:F1:02:C0,-77,10,0,0,0,0,0,0,0,0,0,-97,0,13,0,12884882,0,389,0,0,13.276,128,[-123 81 24 0 -41 -20 -36 -18 -32 -12 -27 -8 -21 -8 -16 -8 -14 -9 -13 -14 -8 -13 -8 -18 -7 -24 -9 -27 -11 -25 -11 -25 -12 -29 -14 -21 -11 -19 -14 -19 -11 -15 -9 -16 -8 -11 -6 -10 1 -5 4 -9 8 -13 0 0 0 0 0 0 0 0 0 0 0 0 0 0 0 0 0 0 0 0 0 0 -13 9 -13 8 -11 5 -10 3 -14 2 -14 0 -16 -5 -20 -5 -21 -5 -21 -8 -23 -6 -27 -6 -27 -5 -24 -2 -27 -4 -27 -3 -24 -3 -21 -3 -19 -5 -17 -9 -17 -12 -21 -21 -20 -24 -27 -27 -32 -28 -36 -32 ]
CSI_DATA,STA,E4:D1:24:F1:02:C0,-77,10,0,0,0,0,0,0,0,0,0,-97,0,13,0,12987285,0,389,0,0,13.3783,128,[-123 81 24 0 44 12 40 8 34 3 30 -2 24 0 20 0 12 7 14 7 11 13 12 16 13 19 14 21 15 23 19 20 17 17 22 20 17 17 18 17 14 13 11 10 10 10 4 9 -1 9 -1 11 -4 5 0 0 0 0 0 0 0 0 0 0 0 0 0 0 0 0 0 0 0 0 0 0 9 -13 9 -13 14 -11 11 -8 13 -3 14 -5 14 -2 19 2 22 -1 22 5 23 2 24 1 27 -1 27 0 25 0 22 -2 23 -4 23 -3 22 1 23 8 22 11 20 10 26 18 31 19 36 24 42 19 ]
CSI_DATA,STA,E4:D1:24:F1:02:C0,-77,10,0,0,0,0,0,0,0,0,0,-97,0,13,0,13057202,0,64,0,0,13.448,128,[64 0 4 0 37 -13 33 -10 27 -15 22 -11 16 -8 17 -7 15 -1 13 0 14 4 17 8 14 8 19 12 20 11 22 8 20 6 22 6 19 5 18 6 18 2 14 4 9 4 6 4 2 3 2 7 -5 13 0 0 0 0 0 0 0 0 0 0 0 0 0 0 0 0 0 0 0 0 0 0 -2 -17 2 -13 3 -13 5 -12 5 -8 10 -8 11 -8 13 -9 17 -9 17 -11 18 -7 20 -13 18 -13 19 -14 19 -15 20 -15 16 -12 16 -12 15 -8 19 -4 18 -3 25 0 27 1 33 -1 35 2 40 -3 ]
CSI_DATA,STA,E4:D1:24:F1:02:C0,-77,10,0,0,0,0,0,0,0,0,0,-97,0,13,0,13175054,0,64,0,0,13.5658,128,[64 0 4 0 -41 5 -40 3 -31 6 -27 5 -25 6 -17 3 -15 0 -14 -7 -14 -13 -16 -10 -20 -17 -18 -15 -21 -17 -20 -15 -22 -11 -20 -13 -24 -14 -22 -9 -16 -9 -16 -8 -14 -5 -8 -6 -5 -6 4 -6 -2 -14 0 0 0 0 0 0 0 0 0 0 0 0 0 0 0 0 0 0 0 0 0 0 -4 13 -7 14 -7 11 -9 11 -9 7 -12 6 -12 6 -17 5 -19 3 -20 5 -22 5 -22 4 -24 10 -23 8 -24 13 -22 11 -23 9 -19 5 -21 2 -20 2 -23 -1 -26 -3 -30 -7 -36 -9 -37 -6 -47 -4 ]
CSI_DATA,STA,E4:D1:24:F1:02:C0,-77,10,0,0,0,0,0,0,0,0,0,-97,0,13,0,13192090,0,389,0,0,13.5995,128,[-123 81 24 0 1 42 6 39 5 35 9 28 4 25 -1 18 -1 14 -6 17 -6 15 -10 13 -15 19 -16 19 -14 20 -15 20 -9 21 -11 23 -10 21 -8 21 -8 20 -9 15 -6 12 -6 8 -9 3 -8 0 -8 2 0 0 0 0 0 0 0 0 0 0 0 0 0 0 0 0 0 0 0 0 0 0 16 5 12 6 11 10 8 10 6 10 5 12 3 13 3 17 -1 22 0 22 3 24 4 25 4 25 7 24 7 24 8 28 9 21 7 21 6 21 0 21 -3 23 -8 24 -8 27 -14 33 -11 40 -10 45 ]
CSI_DATA,STA,E4:D1:24:F1:02:C0,-77,10,0,0,0,0,0,0,0,0,0,-97,0,13,0,13297583,0,389,0,0,13.6885,128,[-123 81 24 0 34 32 37 23 32 23 27 16 25 15 18 12 12 10 8 11 6 17 4 18 6 25 5 26 7 26 6 29 11 26 10 25 11 26 9 22 10 20 6 15 2 15 4 11 -2 8 -5 6 -6 12 0 0 0 0 0 0 0 0 0 0 0 0 0 0 0 0 0 0 0 0 0 0 13 -8 15 -5 14 -1 14 -3 16 2 15 6 18 10 16 10 13 11 21 15 21 14 22 14 25 16 25 14 25 15 28 12 24 11 22 6 19 12 17 16 15 19 16 26 15 26 19 33 26 37 31 40 ]
CSI_DATA,STA,E4:D1:24:F1:02:C0,-77,10,0,0,0,0,0,0,0,0,0,-97,0,13,0,13396895,0,389,0,0,13.7878,128,[-123 81 24 0 41 -12 38 -14 29 -15 27 -14 19 -12 15 -6 15 -6 15 1 16 5 17 6 20 8 18 8 25 9 24 8 25 6 22 3 24 2 21 3 19 0 15 5 13 4 9 6 6 7 3 7 -5 10 0 0 0 0 0 0 0 0 0 0 0 0 0 0 0 0 0 0 0 0 0 0 2 -16 2 -15 4 -14 5 -12 6 -10 9 -9 12 -7 15 -9 16 -11 20 -11 19 -11 19 -12 20 -12 21 -14 19 -17 19 -18 18 -13 17 -12 18 -12 22 -5 22 -4 25 -3 30 -3 32 -1 38 -2 40 -8 ]
CSI_DATA,STA,E4:D1:24:F1:02:C0,-77,10,0,0,0,0,0,0,0,0,0,-97,0,13,0,13499297,0,389,0,0,13.8903,128,[-123 81 24 0 24 -36 17 -36 13 -31 10 -27 11 -19 9 -13 11 -13 12 -11 13 -10 19 -6 21 -9 21 -10 25 -9 25 -15 23 -13 22 -15 18 -15 15 -16 11 -12 14 -12 9 -7 8 -7 7 0 10 -6 5 12 0 0 0 0 0 0 0 0 0 0 0 0 0 0 0 0 0 0 0 0 0 0 -6 -14 -4 -14 0 -15 1 -11 3 -13 7 -14 8 -14 9 -15 12 -15 14 -18 12 -18 10 -21 11 -20 9 -27 15 -27 10 -22 9 -21 9 -19 11 -16 15 -15 14 -16 23 -15 26 -14 28 -23 32 -24 35 -30 ]
CSI_DATA,STA,E4:D1:24:F1:02:C0,-77,10,0,0,0,0,0,0,0,0,0,-97,0,13,0,13602445,0,389,0,0,13.9936,128,[-123 81 24 0 39 -13 38 -10 28 -13 29 -11 20 -5 20 -6 17 0 16 6 18 4 16 6 23 4 22 11 24 10 22 8 26 4 23 2 23 2 25 4 21 -2 19 -1 14 2 10 1 2 7 7 12 12 21 0 0 0 0 0 0 0 0 0 0 0 0 0 0 0 0 0 0 0 0 0 0 7 -18 5 -12 9 -11 8 -12 8 -6 13 -6 14 -3 17 -2 18 -3 20 -6 22 -6 22 -7 19 -7 25 -7 25 -9 24 -4 21 -11 20 -6 20 -8 23 -4 21 0 26 1 30 4 34 4 37 0 42 3 ]
CSI_DATA,STA,E4:D1:24:F1:02:C0,-77,10,0,0,0,0,0,0,0,0,0,-97,0,13,0,13704102,0,389,0,0,14.0952,128,[-123 81 24 0 17 -38 12 -37 12 -32 8 -28 8 -23 8 -17 8 -13 11 -10 14 -7 17 -8 19 -8 19 -8 24 -12 22 -14 22 -12 23 -15 21 -13 18 -13 17 -12 14 -9 9 -6 10 -5 5 0 5 3 11 7 0 0 0 0 0 0 0 0 0 0 0 0 0 0 0 0 0 0 0 0 0 0 -13 -13 -10 -13 -6 -13 -3 -12 -1 -12 0 -15 1 -16 6 -19 5 -18 6 -21 6 -22 3 -26 3 -26 4 -25 3 -25 1 -25 0 -22 4 -25 6 -24 11 -18 9 -17 17 -18 20 -19 24 -25 29 -31 28 -37 ]
CSI_DATA,STA,E4:D1:24:F1:02:C0,-77,10,0,0,0,0,0,0,0,0,0,-97,0,13,0,13786862,0,64,0,0,14.1777,128,[64 0 4 0 -13 35 -5 33 -3 27 1 27 4 22 2 17 -2 17 -4 13 -7 12 -8 14 -6 16 -6 20 -6 22 -1 21 -5 23 2 24 4 20 6 19 6 16 7 13 6 11 4 8 2 3 -4 6 -8 10 0 0 0 0 0 0 0 0 0 0 0 0 0 0 0 0 0 0 0 0 0 0 -14 11 -10 7 -9 7 -11 3 -9 3 -11 2 -14 3 -16 0 -18 2 -18 3 -19 5 -22 6 -21 9 -19 13 -19 14 -17 19 -13 14 -11 14 -13 16 -16 14 -16 11 -21 16 -22 13 -26 19 -24 23 -56 24 ]
CSI_DATA,STA,E4:D1:24:F1:02:C0,-77,10,0,0,0,0,0,0,0,0,0,-97,0,13,0,13806505,0,389,0,0,14.2086,128,[-123 81 24 0 -19 -41 -21 -33 -21 -29 -18 -22 -16 -19 -12 -18 -3 -14 -2 -13 2 -16 4 -16 3 -21 5 -23 4 -23 4 -27 3 -25 2 -25 3 -26 -2 -22 -1 -20 1 -18 1 -14 2 -11 4 -8 5 -4 15 0 0 0 0 0 0 0 0 0 0 0 0 0 0 0 0 0 0 0 0 0 0 0 -20 2 -15 -1 -14 -3 -10 -5 -13 -10 -11 -7 -11 -13 -10 -17 -11 -17 -12 -17 -8 -15 -18 -19 -18 -19 -18 -20 -19 -22 -20 -18 -20 -17 -16 -17 -10 -15 -8 -21 -10 -21 -5 -25 -5 -29 -6 -34 -7 -38 -12 -44 ]
CSI_DATA,STA,E4:D1:24:F1:02:C0,-78,10,0,0,0,0,0,0,0,0,0,-97,0,13,0,13908907,0,389,0,0,14.2999,128,[-123 81 24 0 44 1 38 -3 33 -3 29 -9 25 -4 17 0 16 3 12 6 13 8 14 11 16 13 17 16 20 15 21 14 23 16 22 12 21 10 22 8 15 6 17 6 11 6 6 5 3 5 3 7 -1 11 0 0 0 0 0 0 0 0 0 0 0 0 0 0 0 0 0 0 0 0 0 0 8 -15 7 -14 10 -10 11 -9 14 -8 10 -5 15 -3 15 -4 20 -2 19 0 24 0 24 -3 26 -3 22 -4 23 -5 23 -4 21 -3 22 -3 21 0 21 2 22 6 25 7 28 10 33 12 38 9 44 12 ]
CSI_DATA,STA,E4:D1:24:F1:02:C0,-77,10,0,0,0,0,0,0,0,0,0,-97,0,13,0,14113712,0,389,0,0,14.5048,128,[-123 81 24 0 3 44 7 39 8 31 11 27 6 21 1 19 1 17 -2 15 -10 14 -9 15 -13 15 -15 21 -18 24 -17 23 -12 23 -10 25 -8 25 -7 22 -9 20 -7 13 -6 11 -7 10 -7 5 -11 4 -17 -4 0 0 0 0 0 0 0 0 0 0 0 0 0 0 0 0 0 0 0 0 0 0 16 4 12 6 11 5 10 11 6 9 2 11 5 12 4 19 2 18 5 19 7 23 8 23 9 25 13 22 11 24 13 23 12 20 7 22 3 20 3 18 -1 21 -6 27 -8 30 -8 37 -5 40 -2 48 ]
CSI_DATA,STA,E4:D1:24:F1:02:C0,-77,10,0,0,0,0,0,0,0,0,0,-97,0,13,0,14135163,0,64,0,0,14.5349,128,[64 0 4 0 40 8 36 6 33 6 28 1 23 2 20 3 16 4 13 7 12 12 12 16 14 15 17 16 16 17 18 17 16 15 21 16 21 12 18 13 16 11 13 9 11 8 5 7 5 9 0 8 -8 10 0 0 0 0 0 0 0 0 0 0 0 0 0 0 0 0 0 0 0 0 0 0 13 -9 10 -10 12 -4 13 -5 11 -1 13 0 12 1 16 4 17 3 19 4 20 3 22 2 26 4 22 7 25 0 25 -1 23 3 22 3 16 2 18 6 20 11 20 14 25 13 30 18 34 20 37 20 ]
CSI_DATA,STA,E4:D1:24:F1:02:C0,-77,10,0,0,0,0,0,0,0,0,0,-97,0,13,0,14135248,0,64,0,0,14.5723,128,[64 0 4 0 14 37 17 33 15 29 13 21 12 23 7 18 2 18 -1 16 -3 18 -3 18 -5 20 -6 23 -5 26 -5 27 -2 24 0 24 -2 26 -1 23 3 19 0 14 -2 13 -3 9 -5 7 -7 4 -7 5 0 0 0 0 0 0 0 0 0 0 0 0 0 0 0 0 0 0 0 0 0 0 15 6 12 5 12 8 11 10 9 10 7 10 5 12 5 16 2 20 3 17 8 20 8 22 8 20 13 21 10 23 12 19 12 18 11 16 7 17 6 20 6 23 2 25 -2 32 0 33 -3 38 2 41 ]
CSI_DATA,STA,E4:D1:24:F1:02:C0,-77,10,0,0,0,0,0,0,0,0,0,-97,0,13,0,14214869,0,64,0,0,14.6121,128,[64 0 4 0 -35 -29 -31 -24 -30 -21 -24 -15 -17 -14 -18 -14 -13 -12 -7 -12 -6 -18 -5 -20 -3 -23 -1 -30 -2 -25 -8 -26 -8 -24 -9 -25 -9 -23 -9 -22 -8 -18 -9 -15 -7 -14 0 -11 1 -8 6 -6 8 0 0 0 0 0 0 0 0 0 0 0 0 0 0 0 0 0 0 0 0 0 0 0 -14 5 -13 4 -12 2 -12 0 -11 -3 -11 -4 -13 -6 -14 -9 -17 -12 -17 -15 -22 -14 -20 -17 -19 -14 -24 -14 -24 -11 -22 -10 -20 -3 -22 -11 -15 -10 -13 -16 -15 -15 -16 -22 -13 -26 -17 -28 -21 -33 -22 -41 ]
CSI_DATA,STA,E4:D1:24:F1:02:C0,-77,10,0,0,0,0,0,0,0,0,0,-97,0,13,0,14216145,0,389,0,0,14.6553,128,[-123 81 24 0 -3 -44 -4 -41 -8 -35 -7 -28 -5 -25 -1 -20 3 -15 3 -17 11 -14 14 -13 13 -16 15 -16 19 -20 18 -21 18 -19 14 -20 15 -18 13 -17 11 -14 9 -15 9 -10 6 -7 5 -3 6 1 8 0 0 0 0 0 0 0 0 0 0 0 0 0 0 0 0 0 0 0 0 0 0 0 -17 0 -16 -3 -14 -4 -14 -6 -8 -8 -8 -12 -9 -13 -8 -14 -7 -19 -10 -23 -10 -20 -12 -23 -12 -22 -13 -25 -11 -25 -14 -24 -12 -21 -11 -21 -6 -20 -2 -21 -3 -21 4 -26 8 -28 9 -34 7 -38 2 -44 ]
CSI_DATA,STA,E4:D1:24:F1:02:C0,-77,10,0,0,0,0,0,0,0,0,0,-97,0,13,0,14397443,0,507,0,0,14.7886,128,[-5 -79 31 0 -15 41 -15 38 -7 33 -11 27 -6 24 -8 16 -9 14 -15 9 -16 6 -19 8 -20 7 -24 9 -24 10 -26 11 -22 12 -23 11 -21 16 -18 16 -16 10 -14 8 -11 8 -9 3 -8 -1 -8 -4 -4 -10 0 0 0 0 0 0 0 0 0 0 0 0 0 0 0 0 0 0 0 0 0 0 13 8 9 11 8 11 5 11 3 13 0 11 -1 15 -3 19 -5 20 -6 20 -6 24 -4 24 -3 26 -3 28 -2 25 -2 25 -3 22 -3 20 -5 17 -8 16 -12 20 -19 19 -20 24 -26 26 -29 31 -29 37 ]
CSI_DATA,STA,E4:D1:24:F1:02:C0,-77,10,0,0,0,0,0,0,0,0,0,-97,0,13,0,14625740,0,389,0,0,15.0167,128,[-123 81 24 0 -5 19 -4 15 -3 16 -2 12 -3 10 -3 8 -4 7 -5 4 -6 5 -7 4 -7 5 -8 5 -8 6 -9 6 -8 7 -9 7 -10 7 -7 7 -8 7 -6 3 -5 4 -6 1 -3 1 4 -6 -1 -8 0 0 0 0 0 0 0 0 0 0 0 0 0 0 0 0 0 0 0 0 0 0 5 2 4 3 4 5 1 6 -1 3 -2 6 0 6 -2 9 -2 7 -1 9 -1 10 -1 9 0 10 -1 9 -1 10 0 10 1 8 -2 10 -2 7 -4 7 -4 8 -7 9 -6 10 -8 10 -11 14 -10 15 ]
CSI_DATA,STA,E4:D1:24:F1:02:C0,-77,10,0,0,0,0,0,0,0,0,0,-97,0,13,0,14728127,0,389,0,0,15.1192,128,[-123 81 24 0 -21 -37 -23 -32 -21 -30 -18 -23 -16 -18 -11 -17 -7 -16 -4 -16 0 -17 2 -19 1 -22 4 -24 0 -27 0 -26 3 -28 -3 -26 -2 -25 -3 -23 -3 -19 -4 -16 0 -15 4 -12 4 -7 9 -4 6 -4 0 0 0 0 0 0 0 0 0 0 0 0 0 0 0 0 0 0 0 0 0 0 -17 -2 -15 -1 -15 -5 -13 -8 -11 -7 -11 -9 -9 -10 -11 -14 -11 -17 -16 -16 -13 -20 -14 -20 -15 -20 -18 -21 -17 -20 -15 -20 -16 -18 -15 -19 -12 -20 -9 -19 -7 -21 -5 -27 -6 -30 -7 -35 -11 -40 -14 -46 ]
CSI_DATA,STA,E4:D1:24:F1:02:C0,-77,10,0,0,0,0,0,0,0,0,0,-97,0,13,0,14854893,0,64,0,0,15.2458,128,[64 0 4 0 38 15 37 9 33 6 27 6 24 3 21 5 12 5 12 11 9 13 10 15 12 17 13 21 14 21 13 22 11 22 15 22 17 17 17 18 13 13 10 12 5 9 3 9 0 11 -1 6 -10 12 0 0 0 0 0 0 0 0 0 0 0 0 0 0 0 0 0 0 0 0 0 0 11 -13 12 -10 11 -8 9 -6 13 -4 11 -2 15 0 14 5 17 4 19 5 21 5 24 4 28 3 26 1 25 0 27 0 22 0 23 4 18 -1 17 3 17 9 20 12 20 18 27 24 33 21 37 25 ]
CSI_DATA,STA,E4:D1:24:F1:02:C0,-77,10,0,0,0,0,0,0,0,0,0,-97,0,13,0,14932932,0,389,0,0,15.3238,128,[-123 81 24 0 -31 -31 -29 -27 -28 -23 -23 -19 -21 -15 -15 -16 -9 -13 -5 -13 0 -14 1 -20 6 -22 5 -24 2 -29 3 -29 0 -24 3 -26 1 -25 -3 -23 -3 -21 0 -18 1 -12 3 -10 4 -5 6 -3 9 -7 0 0 0 0 0 0 0 0 0 0 0 0 0 0 0 0 0 0 0 0 0 0 -11 13 -10 11 -13 6 -13 4 -11 3 -14 -3 -15 -4 -19 -6 -20 -7 -20 -6 -23 -8 -22 -8 -24 -9 -24 -8 -28 -8 -25 -4 -23 -7 -20 -8 -17 -10 -15 -12 -17 -14 -12 -24 -17 -29 -16 -30 -22 -36 -29 -37 ]
CSI_DATA,STA,E4:D1:24:F1:02:C0,-77,10,0,0,0,0,0,0,0,0,0,-97,0,13,0,15241206,0,389,0,0,15.6323,128,[-123 81 24 0 22 -36 15 -34 11 -28 10 -26 8 -23 7 -18 6 -13 8 -9 15 -8 17 -6 18 -4 20 -7 21 -6 22 -7 23 -10 23 -9 21 -10 20 -10 17 -9 13 -8 12 -6 8 -2 7 1 6 6 4 3 0 0 0 0 0 0 0 0 0 0 0 0 0 0 0 0 0 0 0 0 0 0 -12 -10 -8 -8 -7 -12 -4 -10 -3 -12 -1 -13 3 -13 3 -14 5 -19 4 -18 5 -20 4 -22 5 -24 3 -23 1 -23 0 -22 2 -19 5 -19 7 -19 9 -16 13 -12 15 -17 19 -20 26 -21 25 -26 28 -31 ]
CSI_DATA,STA,E4:D1:24:F1:02:C0,-77,10,0,0,0,0,0,0,0,0,0,-97,0,13,0,15342543,0,389,0,0,15.7336,128,[-123 81 24 0 -8 -46 -10 -42 -9 -36 -10 -31 -10 -26 -4 -21 0 -17 3 -20 6 -16 9 -18 12 -18 14 -19 18 -23 15 -24 12 -23 11 -27 11 -25 8 -23 9 -20 4 -20 5 -10 6 -9 8 -9 9 -4 9 8 0 0 0 0 0 0 0 0 0 0 0 0 0 0 0 0 0 0 0 0 0 0 -16 -4 -15 -6 -11 -6 -12 -9 -7 -11 -6 -13 -5 -17 -6 -19 -6 -22 -7 -26 -6 -22 -6 -26 -12 -25 -12 -24 -11 -24 -11 -24 -12 -22 -10 -19 -6 -22 -1 -22 0 -21 6 -27 10 -30 10 -36 5 -42 6 -50 ]
CSI_DATA,STA,E4:D1:24:F1:02:C0,-77,10,0,0,0,0,0,0,0,0,0,-97,0,13,0,15436995,0,407,0,0,15.8281,128,[-105 113 25 0 -37 -28 -33 -22 -30 -20 -28 -16 -21 -11 -18 -8 -12 -11 -11 -12 -8 -16 -8 -21 -6 -21 -7 -22 -7 -23 -8 -27 -10 -23 -13 -20 -11 -22 -11 -20 -10 -19 -9 -15 -5 -13 -3 -9 0 -10 2 -8 4 -5 0 0 0 0 0 0 0 0 0 0 0 0 0 0 0 0 0 0 0 0 0 0 -17 8 -16 6 -15 3 -14 1 -14 -3 -14 -5 -15 -5 -16 -9 -17 -12 -18 -12 -21 -12 -23 -13 -25 -13 -26 -12 -25 -12 -25 -11 -24 -7 -22 -10 -18 -12 -20 -15 -15 -17 -16 -20 -17 -25 -19 -28 -25 -31 -28 -34 ]
CSI_DATA,STA,E4:D1:24:F1:02:C0,-77,10,0,0,0,0,0,0,0,0,0,-97,0,13,0,15444945,0,389,0,0,15.8657,128,[-123 81 24 0 -46 -4 -42 1 -38 2 -30 2 -26 2 -23 -1 -16 -5 -17 -9 -13 -11 -12 -13 -14 -18 -17 -18 -17 -20 -18 -22 -18 -18 -19 -19 -20 -17 -18 -17 -17 -15 -13 -14 -9 -10 -6 -10 -3 -11 2 -8 2 -8 0 0 0 0 0 0 0 0 0 0 0 0 0 0 0 0 0 0 0 0 0 0 -4 15 -5 13 -8 11 -9 8 -11 7 -10 7 -15 4 -17 4 -21 3 -24 4 -22 5 -26 5 -27 5 -25 8 -23 9 -25 8 -21 8 -24 6 -20 3 -21 4 -25 -4 -20 -9 -27 -13 -19 -22 -36 -15 -44 -14 ]
CSI_DATA,STA,E4:D1:24:F1:02:C0,-77,10,0,0,0,0,0,0,0,0,0,-97,0,13,0,15752153,0,389,0,0,16.1433,128,[-123 81 24 0 45 -9 36 -12 33 -15 26 -12 23 -10 20 -7 15 -3 15 1 15 4 18 5 19 8 26 9 22 10 24 10 23 10 25 6 23 5 22 2 20 4 17 3 12 4 8 5 4 8 -1 8 4 5 0 0 0 0 0 0 0 0 0 0 0 0 0 0 0 0 0 0 0 0 0 0 0 -18 2 -16 4 -15 5 -8 8 -11 11 -9 12 -9 12 -10 20 -7 17 -13 20 -11 20 -12 24 -13 21 -15 20 -14 18 -17 18 -13 15 -12 18 -8 19 -5 21 -1 25 0 30 2 35 4 38 0 47 -3 ]
CSI_DATA,STA,E4:D1:24:F1:02:C0,-77,10,0,0,0,0,0,0,0,0,0,-97,0,13,0,15854555,0,389,0,0,16.2456,128,[-123 81 24 0 39 16 37 14 30 14 29 7 23 9 17 9 13 5 8 11 7 16 9 18 9 22 7 20 10 26 13 27 12 24 13 24 11 19 15 17 10 16 8 16 5 12 4 9 -1 6 -6 5 -2 6 0 0 0 0 0 0 0 0 0 0 0 0 0 0 0 0 0 0 0 0 0 0 10 -10 12 -10 10 -8 11 -3 14 -1 12 0 12 4 15 4 21 7 20 7 25 7 21 4 25 7 26 4 23 7 23 2 25 2 22 2 17 6 16 9 18 9 20 16 21 21 23 27 26 26 35 31 ]
CSI_DATA,STA,E4:D1:24:F1:02:C0,-77,10,0,0,0,0,0,0,0,0,0,-97,0,13,0,15894967,0,64,0,0,16.2854,128,[64 0 4 0 -37 -28 -36 -18 -32 -15 -31 -13 -26 -9 -17 -6 -13 -10 -9 -13 -7 -16 -5 -18 -7 -21 -7 -24 -10 -24 -9 -25 -11 -24 -13 -25 -13 -22 -11 -21 -8 -18 -9 -14 -5 -12 -4 -10 -2 -8 3 -6 7 -12 0 0 0 0 0 0 0 0 0 0 0 0 0 0 0 0 0 0 0 0 0 0 -13 10 -13 8 -14 4 -13 4 -12 0 -15 -2 -17 -6 -16 -6 -20 -8 -23 -8 -23 -10 -24 -7 -25 -9 -26 -9 -27 -7 -22 -6 -25 -6 -23 -8 -19 -9 -16 -9 -16 -16 -17 -22 -18 -23 -22 -29 -27 -34 -29 -34 ]
CSI_DATA,STA,E4:D1:24:F1:02:C0,-77,10,0,0,0,0,0,0,0,0,0,-97,0,13,0,15956958,0,389,0,0,16.348,128,[-123 81 24 0 -42 -15 -36 -13 -33 -8 -27 -9 -23 -3 -18 -6 -12 -8 -10 -9 -8 -15 -10 -18 -10 -19 -12 -23 -14 -22 -15 -26 -16 -21 -17 -24 -14 -20 -16 -18 -15 -17 -12 -12 -9 -13 -3 -9 -2 -10 4 -8 10 -5 0 0 0 0 0 0 0 0 0 0 0 0 0 0 0 0 0 0 0 0 0 0 -14 9 -11 11 -14 7 -16 3 -15 1 -15 -1 -17 -1 -18 -2 -21 -6 -18 -6 -23 -6 -26 -7 -25 -7 -25 -6 -25 -4 -26 -4 -23 -1 -21 -7 -20 -4 -20 -9 -21 -12 -23 -15 -22 -21 -26 -24 -32 -24 -37 -28 ]
CSI_DATA,STA,E4:D1:24:F1:02:C0,-77,10,0,0,0,0,0,0,0,0,0,-97,0,13,0,16059360,0,389,0,0,16.4504,128,[-123 81 24 0 -41 12 -35 18 -30 16 -27 15 -21 11 -16 5 -15 1 -15 -6 -15 -5 -16 -11 -17 -12 -18 -11 -23 -14 -21 -14 -23 -11 -28 -10 -23 -10 -24 -10 -22 -5 -16 -6 -13 -9 -8 -4 -6 -6 1 -9 1 -7 0 0 0 0 0 0 0 0 0 0 0 0 0 0 0 0 0 0 0 0 0 0 7 14 2 15 2 14 -4 9 -6 12 -8 11 -10 12 -14 12 -17 14 -19 11 -17 14 -20 19 -21 17 -21 21 -18 19 -18 18 -15 14 -17 16 -16 10 -18 7 -20 3 -24 7 -30 0 -37 2 -42 0 -45 7 ]
CSI_DATA,STA,E4:D1:24:F1:02:C0,-77,10,0,0,0,0,0,0,0,0,0,-97,0,13,0,16161763,0,389,0,0,16.5528,128,[-123 81 24 0 20 35 18 28 19 25 17 19 14 17 9 14 4 13 3 12 -2 13 -4 13 -6 19 -5 20 -7 20 -3 25 -3 24 -4 24 0 22 0 21 2 17 -3 12 -3 12 -6 10 -7 5 -6 4 -14 2 0 0 0 0 0 0 0 0 0 0 0 0 0 0 0 0 0 0 0 0 0 0 15 -5 13 -2 14 0 10 4 11 4 10 7 11 11 12 11 13 13 14 16 15 17 14 19 15 19 18 14 15 15 15 15 15 15 14 16 13 14 10 17 5 18 8 23 2 27 4 32 8 39 9 39 ]
CSI_DATA,STA,E4:D1:24:F1:02:C0,-77,10,0,0,0,0,0,0,0,0,0,-97,0,13,0,16257500,0,64,0,0,16.6483,128,[64 0 4 0 -14 -37 -15 -31 -13 -26 -12 -22 -10 -19 -6 -14 -3 -13 0 -15 2 -14 7 -17 6 -15 8 -19 6 -21 7 -23 3 -20 3 -20 5 -19 2 -18 0 -16 1 -13 2 -11 2 -10 6 -6 6 -5 9 3 0 0 0 0 0 0 0 0 0 0 0 0 0 0 0 0 0 0 0 0 0 0 -13 -2 -13 -4 -8 -5 -10 -7 -7 -8 -6 -10 -6 -13 -5 -16 -8 -14 -6 -17 -9 -17 -8 -23 -8 -20 -21 -8 -5 -32 -14 -7 -14 -6 -11 -15 -7 -12 -5 -16 -3 -19 0 -24 1 -25 0 -29 0 -35 -3 -38 ]
CSI_DATA,STA,E4:D1:24:F1:02:C0,-77,10,0,0,0,0,0,0,0,0,0,-97,0,13,0,16258836,0,64,0,0,16.6819,128,[64 0 4 0 -42 6 -35 5 -29 8 -25 7 -23 3 -19 4 -15 -5 -14 -2 -15 -13 -14 -10 -15 -17 -16 -16 -16 -14 -18 -19 -19 -15 -20 -15 -18 -14 -22 -10 -14 -11 -14 -9 -9 -11 -7 -8 3 -6 9 -8 -17 -6 0 0 0 0 0 0 0 0 0 0 0 0 0 0 0 0 0 0 0 0 0 0 -2 15 0 13 -5 9 -5 9 -9 6 -6 8 -15 7 -14 7 -19 6 -20 9 -21 6 -20 10 -23 12 -26 12 -21 13 -18 12 -17 11 -16 7 -15 8 -22 -6 -28 0 -21 -4 -32 -7 -32 -7 -38 -6 -44 -2 ]
CSI_DATA,STA,E4:D1:24:F1:02:C0,-77,10,0,0,0,0,0,0,0,0,0,-97,0,13,0,16264165,0,389,0,0,16.7245,128,[-123 81 24 0 -44 4 -41 7 -36 9 -29 7 -23 8 -21 3 -15 -2 -16 -5 -15 -8 -16 -15 -16 -17 -19 -18 -23 -18 -22 -16 -23 -16 -23 -14 -23 -11 -18 -11 -21 -9 -18 -8 -11 -7 -8 -7 -5 -7 0 -3 -2 -13 0 0 0 0 0 0 0 0 0 0 0 0 0 0 0 0 0 0 0 0 0 0 -2 16 -3 13 -6 12 -9 10 -10 9 -13 7 -16 7 -16 6 -19 9 -21 6 -22 8 -23 11 -26 13 -26 12 -21 11 -22 12 -20 9 -20 10 -20 5 -19 3 -22 -1 -25 -6 -30 -9 -34 -7 -41 -6 -46 -8 ]
CSI_DATA,STA,E4:D1:24:F1:02:C0,-77,10,0,0,0,0,0,0,0,0,0,-97,0,13,0,16375608,0,64,0,0,16.7701,128,[64 0 4 0 -18 40 -15 35 -8 34 -8 28 -6 23 -5 19 -7 13 -13 9 -15 9 -17 10 -22 11 -21 10 -23 13 -26 15 -20 15 -20 15 -20 14 -16 16 -15 15 -15 12 -11 7 -12 3 -9 1 -11 -7 -12 -3 0 0 0 0 0 0 0 0 0 0 0 0 0 0 0 0 0 0 0 0 0 0 9 14 8 10 8 12 2 10 -2 14 -3 15 -5 15 -6 17 -6 20 -8 24 -7 22 -7 23 -5 24 -6 25 -4 23 -5 25 -4 20 -3 18 -6 20 -9 16 -15 16 -16 21 -23 22 -25 26 -27 30 -28 36 ]
CSI_DATA,STA,E4:D1:24:F1:02:C0,-77,10,0,0,0,0,0,0,0,0,0,-97,0,13,0,16468970,0,389,0,0,16.8598,128,[-123 81 24 0 -36 28 -27 29 -22 27 -16 23 -15 18 -11 14 -12 8 -12 4 -17 1 -21 -4 -23 -3 -25 -2 -26 -4 -28 -1 -27 0 -25 2 -28 5 -23 3 -21 3 -15 2 -14 3 -11 -3 -9 -5 -6 -7 2 -16 0 0 0 0 0 0 0 0 0 0 0 0 0 0 0 0 0 0 0 0 0 0 8 14 3 15 1 12 0 11 -6 12 -5 12 -8 13 -8 14 -11 16 -13 17 -12 16 -14 20 -12 22 -12 23 -11 19 -11 23 -12 18 -12 17 -14 14 -16 10 -21 10 -25 12 -28 12 -34 12 -39 15 -45 22 ]
CSI_DATA,STA,E4:D1:24:F1:02:C0,-77,10,0,0,0,0,0,0,0,0,0,-97,0,13,0,16571373,0,389,0,0,16.9624,128,[-123 81 24 0 8 36 8 34 8 30 11 26 8 19 4 18 0 12 -2 11 -4 12 -9 15 -11 16 -11 19 -11 20 -11 22 -9 21 -7 21 -5 21 -4 21 -3 17 -3 15 -3 10 -3 9 -8 7 -11 8 -9 -8 0 0 0 0 0 0 0 0 0 0 0 0 0 0 0 0 0 0 0 0 0 0 12 7 10 6 9 6 8 6 7 8 4 12 3 12 3 15 0 18 4 19 4 20 3 20 5 20 9 21 8 19 9 19 9 18 7 18 3 19 1 19 -2 21 -3 20 -6 27 -6 29 -7 34 -4 40 ]
CSI_DATA,STA,E4:D1:24:F1:02:C0,-77,10,0,0,0,0,0,0,0,0,0,-97,0,13,0,16673775,0,389,0,0,17.0649,128,[-123 81 24 0 -25 28 -20 31 -17 25 -14 26 -10 20 -10 17 -10 11 -12 9 -14 4 -18 4 -18 2 -22 6 -20 5 -22 5 -23 7 -24 8 -23 7 -21 10 -18 9 -15 6 -13 4 -11 2 -12 0 -2 -6 -5 1 0 0 0 0 0 0 0 0 0 0 0 0 0 0 0 0 0 0 0 0 0 0 8 14 6 12 3 11 2 11 -1 11 -4 10 -6 11 -9 14 -8 14 -8 17 -10 19 -12 19 -10 20 -8 22 -9 23 -8 21 -8 18 -8 17 -10 15 -11 16 -11 13 -19 13 -22 16 -26 17 -27 18 -31 24 ]
CSI_DATA,STA,E4:D1:24:F1:02:C0,-77,10,0,0,0,0,0,0,0,0,0,-97,0,13,0,16987969,0,64,0,0,17.3789,128,[64 0 4 0 -22 34 -17 30 -14 27 -9 25 -16 13 -3 11 -9 15 -10 11 -15 10 -14 9 -19 8 -18 11 -18 11 -18 13 -20 13 -17 15 -17 13 -14 14 -15 14 -10 10 -9 7 -10 4 -9 0 -10 -2 -8 -4 0 0 0 0 0 0 0 0 0 0 0 0 0 0 0 0 0 0 0 0 0 0 5 14 1 12 1 11 -2 12 -5 8 -5 10 -8 13 -9 10 -13 13 -12 14 -14 16 -14 17 -14 21 -12 20 -13 17 -9 19 -10 20 -7 16 -11 18 -12 15 -14 13 -16 13 -17 15 -23 19 -29 22 -28 25 ]
CSI_DATA,STA,E4:D1:24:F1:02:C0,-77,10,0,0,0,0,0,0,0,0,0,-97,0,13,0,17185788,0,389,0,0,17.5767,128,[-123 81 24 0 41 11 40 9 31 5 26 5 22 5 16 6 13 7 8 11 5 13 7 15 5 20 9 20 9 22 9 23 11 24 15 22 13 18 12 17 11 14 10 13 3 10 3 9 -1 7 -4 4 -5 6 0 0 0 0 0 0 0 0 0 0 0 0 0 0 0 0 0 0 0 0 0 0 5 -17 5 -14 9 -11 8 -9 11 -6 12 -3 17 -1 18 -2 20 -3 22 -2 24 -1 25 -1 25 -1 26 -1 23 -3 24 -5 21 -3 22 -2 19 4 18 5 18 5 21 12 22 18 27 20 31 22 38 21 ]
CSI_DATA,STA,E4:D1:24:F1:02:C0,-77,10,0,0,0,0,0,0,0,0,0,-97,0,13,0,17288190,0,389,0,0,17.6793,128,[-123 81 24 0 -43 -1 -42 2 -33 3 -29 5 -25 2 -22 1 -17 0 -13 -5 -15 -8 -16 -11 -17 -16 -18 -17 -25 -14 -22 -17 -25 -15 -25 -13 -23 -10 -22 -10 -18 -9 -15 -8 -13 -7 -11 -5 -4 -9 -1 -12 4 -8 0 0 0 0 0 0 0 0 0 0 0 0 0 0 0 0 0 0 0 0 0 0 -9 12 -10 11 -14 8 -13 8 -12 5 -14 4 -17 2 -20 1 -20 0 -21 0 -23 -2 -26 1 -26 3 -23 5 -24 6 -24 6 -24 6 -20 2 -19 1 -21 -3 -26 -8 -23 -10 -28 -12 -33 -13 -33 -13 -45 -12 ]
CSI_DATA,STA,E4:D1:24:F1:02:C0,-77,10,0,0,0,0,0,0,0,0,0,-97,0,13,0,17344922,0,64,0,0,17.7356,128,[64 0 4 0 -42 11 -38 10 -37 10 -27 11 -22 9 -21 7 -16 2 -12 -5 -13 -5 -17 -11 -19 -10 -23 -14 -21 -14 -22 -14 -26 -15 -23 -11 -23 -10 -22 -9 -20 -10 -15 -6 -12 -5 -8 -5 -7 -8 -2 -7 2 -15 0 0 0 0 0 0 0 0 0 0 0 0 0 0 0 0 0 0 0 0 0 0 0 17 0 14 -2 13 -6 11 -8 9 -11 10 -14 8 -17 8 -19 8 -19 11 -19 9 -23 14 -23 11 -23 14 -19 11 -20 13 -15 13 -20 12 -17 7 -20 2 -25 1 -23 0 -29 -5 -34 -5 -38 -3 -47 -2 ]
CSI_DATA,STA,E4:D1:24:F1:02:C0,-77,10,0,0,0,0,0,0,0,0,0,-97,0,13,0,17346015,0,64,0,0,17.7697,128,[64 0 4 0 -35 11 -34 12 -25 10 -25 10 -16 9 -16 3 -10 2 -13 -3 -14 -4 -14 -5 -16 -6 -19 -12 -21 -10 -24 -9 -21 -9 -23 -5 -22 -4 -19 -1 -17 1 -15 -2 -9 -4 -8 -6 -10 -8 -12 1 13 -23 0 0 0 0 0 0 0 0 0 0 0 0 0 0 0 0 0 0 0 0 0 0 1 16 0 13 -4 12 -3 10 -5 9 -8 9 -12 7 -11 9 -14 9 -16 9 -19 12 -18 13 -18 13 -18 14 -17 12 -19 11 -17 9 -16 6 -17 10 -19 4 -17 0 -22 1 -29 -2 -32 -1 -35 -2 -37 7 ]
CSI_DATA,STA,E4:D1:24:F1:02:C0,-78,10,0,0,0,0,0,0,0,0,0,-97,0,13,0,17390593,0,389,0,0,17.8128,128,[-123 81 24 0 32 -31 27 -31 25 -28 18 -23 16 -18 13 -15 13 -11 18 -8 18 -3 18 0 21 -1 24 1 26 -1 26 -3 25 -4 28 -2 23 -2 24 -3 21 -5 17 -3 13 -1 10 0 7 4 7 7 -1 15 0 0 0 0 0 0 0 0 0 0 0 0 0 0 0 0 0 0 0 0 0 0 -5 -17 -6 -16 -3 -15 -3 -14 1 -13 1 -13 5 -13 11 -16 11 -16 11 -20 11 -20 12 -20 14 -25 10 -22 11 -26 8 -23 10 -20 12 -20 10 -15 17 -16 16 -11 25 -15 30 -14 32 -17 33 -18 41 -26 ]
CSI_DATA,STA,E4:D1:24:F1:02:C0,-78,10,0,0,0,0,0,0,0,0,0,-97,0,13,0,17415110,0,64,0,0,17.8542,128,[64 0 4 0 -26 38 -20 32 -18 29 -12 27 -11 25 -10 17 -11 14 -12 10 -14 8 -16 5 -25 6 -22 7 -26 10 -24 8 -23 9 -24 10 -22 12 -17 14 -20 9 -15 8 -12 5 -13 2 -10 -1 -10 -5 -3 -7 0 0 0 0 0 0 0 0 0 0 0 0 0 0 0 0 0 0 0 0 0 0 7 14 7 13 4 11 2 12 1 12 -3 11 -5 14 -6 13 -9 16 -10 19 -10 20 -12 23 -12 25 -10 24 -9 23 -8 24 -7 23 -5 21 -10 20 -7 13 -12 16 -19 18 -22 18 -27 19 -31 25 -32 30 ]
CSI_DATA,STA,E4:D1:24:F1:02:C0,-77,10,0,0,0,0,0,0,0,0,0,-97,0,13,0,17492995,0,389,0,0,17.8981,128,[-123 81 24 0 -12 41 -9 37 -4 35 -6 27 -5 25 -3 21 -4 15 -8 10 -15 13 -18 10 -19 13 -21 13 -23 13 -21 19 -18 17 -20 18 -15 19 -14 15 -15 16 -12 14 -10 8 -11 5 -10 2 -10 -3 -16 -6 0 0 0 0 0 0 0 0 0 0 0 0 0 0 0 0 0 0 0 0 0 0 11 10 7 9 8 14 4 12 3 10 0 11 -1 14 0 16 -3 19 -3 21 -3 23 -2 25 0 25 -2 26 2 26 0 24 0 20 -3 23 -2 17 -9 18 -11 21 -16 23 -17 25 -23 28 -25 34 -23 41 ]
CSI_DATA,STA,E4:D1:24:F1:02:C0,-78,10,0,0,0,0,0,0,0,0,0,-97,0,13,0,17800203,0,389,0,0,18.1913,128,[-123 81 24 0 -28 -36 -31 -28 -25 -23 -23 -20 -21 -16 -14 -14 -10 -13 -8 -14 -5 -20 -2 -19 -2 -23 -1 -24 0 -26 -3 -27 -5 -25 -7 -26 -7 -25 -10 -23 -6 -23 -6 -18 -4 -14 -1 -12 1 -10 3 -8 14 -8 0 0 0 0 0 0 0 0 0 0 0 0 0 0 0 0 0 0 0 0 0 0 -17 3 -15 0 -15 -1 -12 -4 -12 -5 -14 -7 -14 -10 -12 -14 -13 -16 -14 -18 -16 -13 -17 -18 -15 -16 -32 -12 -19 -14 -20 -17 -20 -15 -17 -16 -14 -14 -12 -17 -11 -20 -10 -24 -12 -27 -11 -31 -14 -39 -19 -43 ]
CSI_DATA,STA,E4:D1:24:F1:02:C0,-78,10,0,0,0,0,0,0,0,0,0,-97,0,13,0,17902605,0,389,0,0,18.2935,128,[-123 81 24 0 36 19 34 12 30 14 28 8 24 7 17 8 15 6 13 8 9 12 11 13 13 22 9 21 13 21 14 19 14 18 17 17 16 17 16 13 15 11 12 12 9 10 7 7 5 5 5 8 -3 14 0 0 0 0 0 0 0 0 0 0 0 0 0 0 0 0 0 0 0 0 0 0 16 -6 15 -4 14 -5 11 -1 12 1 12 3 14 4 15 7 15 9 15 11 17 10 20 10 22 10 24 10 23 7 22 7 21 6 21 5 19 8 18 9 20 14 18 18 21 23 24 25 27 26 32 27 ]
CSI_DATA,STA,E4:D1:24:F1:02:C0,-77,10,0,0,0,0,0,0,0,0,0,-97,0,13,0,18005008,0,389,0,0,18.3959,128,[-123 81 24 0 -15 -40 -15 -35 -17 -33 -15 -26 -13 -23 -11 -19 -6 -17 -2 -16 0 -19 2 -16 3 -21 6 -22 5 -24 5 -23 2 -28 2 -24 1 -23 -1 -23 0 -20 1 -17 0 -16 3 -13 4 -8 6 -5 10 2 0 0 0 0 0 0 0 0 0 0 0 0 0 0 0 0 0 0 0 0 0 0 -16 -4 -13 -6 -12 -6 -10 -8 -11 -11 -10 -11 -8 -15 -4 -16 -7 -18 -6 -22 -11 -24 -9 -24 -11 -26 -12 -23 -15 -24 -18 -22 -14 -18 -14 -18 -8 -20 -5 -20 -4 -22 0 -24 0 -28 1 -33 -4 -36 -3 -45 ]
CSI_DATA,STA,E4:D1:24:F1:02:C0,-77,10,0,0,0,0,0,0,0,0,0,-97,0,13,0,18054931,0,64,0,0,18.4456,128,[64 0 4 0 -38 -15 -35 -9 -30 -4 -25 -4 -24 -2 -20 -2 -15 -6 -14 -6 -12 -12 -16 -14 -12 -15 -14 -18 -17 -15 -17 -17 -15 -16 -19 -14 -17 -12 -20 -12 -15 -10 -14 -7 -12 -7 -7 -9 -4 -10 0 -10 -1 -4 0 0 0 0 0 0 0 0 0 0 0 0 0 0 0 0 0 0 0 0 0 0 -12 8 -13 4 -11 3 -10 1 -11 -1 -12 -3 -13 -4 -16 -7 -14 -5 -17 -8 -19 -8 -20 -7 -23 -7 -22 -2 -24 -5 -23 -3 -20 -2 -20 -4 -18 -7 -17 -8 -17 -10 -21 -15 -22 -20 -23 -18 -29 -22 -33 -22 ]
CSI_DATA,STA,E4:D1:24:F1:02:C0,-77,10,0,0,0,0,0,0,0,0,0,-97,0,13,0,18107410,0,389,0,0,18.4984,128,[-123 81 24 0 37 -22 31 -22 24 -22 22 -20 19 -17 17 -13 14 -9 14 -7 19 -3 21 1 21 1 20 1 24 2 24 -1 24 -4 26 -3 22 -3 20 -10 18 -8 16 -4 15 -2 12 -1 10 1 8 5 2 12 0 0 0 0 0 0 0 0 0 0 0 0 0 0 0 0 0 0 0 0 0 0 4 -15 3 -15 4 -14 6 -10 9 -10 12 -8 12 -10 16 -9 16 -12 18 -10 18 -12 21 -11 21 -15 21 -12 18 -17 16 -16 16 -18 15 -14 16 -12 18 -8 18 -9 28 -6 29 -5 34 -7 39 -9 48 -14 ]
CSI_DATA,STA,E4:D1:24:F1:02:C0,-77,10,0,0,0,0,0,0,0,0,0,-97,0,13,0,18209813,0,389,0,0,18.6009,128,[-123 81 24 0 37 16 37 14 35 13 27 9 23 8 19 10 16 10 12 10 11 13 9 21 10 20 7 22 8 24 12 22 13 20 12 20 12 20 15 17 12 14 9 14 8 10 4 8 -1 9 -3 9 -12 6 0 0 0 0 0 0 0 0 0 0 0 0 0 0 0 0 0 0 0 0 0 0 14 -9 13 -7 12 -5 10 -4 13 -2 13 1 14 4 15 3 18 5 17 6 21 6 23 7 25 6 27 6 26 3 26 0 23 4 19 4 16 8 20 8 16 11 17 16 19 22 24 25 28 29 35 29 ]
CSI_DATA,STA,E4:D1:24:F1:02:C0,-77,10,0,0,0,0,0,0,0,0,0,-97,0,13,0,18312215,0,389,0,0,18.7033,128,[-123 81 24 0 -44 7 -38 8 -33 13 -27 8 -25 8 -20 3 -15 1 -19 -2 -18 -4 -19 -7 -21 -11 -22 -11 -21 -9 -25 -11 -25 -5 -27 -6 -25 -2 -25 -2 -21 -5 -19 -3 -13 -1 -13 -4 -7 -7 -3 -9 -3 -16 0 0 0 0 0 0 0 0 0 0 0 0 0 0 0 0 0 0 0 0 0 0 -9 14 -9 13 -11 12 -12 6 -14 4 -13 5 -18 2 -18 -1 -21 0 -18 1 -22 5 -27 6 -24 4 -28 7 -25 5 -22 8 -25 8 -24 7 -20 4 -19 1 -22 -3 -26 -5 -31 -7 -36 -9 -38 -7 -45 -5 ]
CSI_DATA,STA,E4:D1:24:F1:02:C0,-77,10,0,0,0,0,0,0,0,0,0,-97,0,13,0,18416253,0,389,0,0,18.8073,128,[-123 81 24 0 -33 30 -31 27 -26 29 -19 15 -17 18 -14 11 -14 8 -16 5 -15 -2 -18 -6 -21 -2 -26 -6 -27 -10 -26 -6 -25 -5 -26 -2 -24 -1 -23 -1 -19 -1 -18 0 -12 -4 -10 -4 -5 -5 -4 -9 -5 -7 0 0 0 0 0 0 0 0 0 0 0 0 0 0 0 0 0 0 0 0 0 0 10 14 4 13 5 12 2 12 -1 12 -3 13 -8 11 -9 15 -11 14 -12 19 -14 21 -13 20 -14 23 -12 23 -10 23 -11 24 -11 19 -14 19 -14 17 -16 15 -16 11 -21 8 -34 9 -34 10 -37 18 -43 18 ]
CSI_DATA,STA,E4:D1:24:F1:02:C0,-77,10,0,0,0,0,0,0,0,0,0,-97,0,13,0,18499754,0,64,0,0,18.8906,128,[64 0 4 0 45 -4 40 -7 34 -7 27 -8 24 -7 18 -3 16 -1 16 3 16 8 15 14 18 12 20 13 23 12 23 12 23 10 27 9 24 7 21 6 20 5 14 3 13 3 8 6 4 9 3 12 -10 8 0 0 0 0 0 0 0 0 0 0 0 0 0 0 0 0 0 0 0 0 0 0 6 -14 8 -12 10 -11 7 -7 11 -5 11 -7 15 -2 17 -6 18 -1 20 -1 24 -3 25 -6 24 -7 23 -8 23 -8 23 -10 19 -7 21 -5 18 -5 20 -1 20 1 28 3 29 10 33 10 41 10 42 9 ]
CSI_DATA,STA,E4:D1:24:F1:02:C0,-77,10,0,0,0,0,0,0,0,0,0,-97,0,13,0,18517020,0,389,0,0,18.9202,128,[-123 81 24 0 9 -43 4 -43 1 -34 2 -31 2 -27 1 -22 2 -17 4 -15 10 -13 15 -13 18 -17 17 -17 19 -17 18 -19 17 -21 15 -21 14 -19 14 -18 13 -17 10 -13 9 -12 9 -8 9 -3 7 -2 14 2 0 0 0 0 0 0 0 0 0 0 0 0 0 0 0 0 0 0 0 0 0 0 -15 -10 -10 -12 -10 -12 -7 -11 -4 -14 -1 -14 -3 -16 1 -18 2 -20 1 -23 3 -24 0 -26 -2 -28 -3 -28 -1 -27 1 -26 -3 -24 -1 -24 3 -22 5 -19 10 -24 17 -21 15 -27 20 -31 21 -35 20 -41 ]
CSI_DATA,STA,E4:D1:24:F1:02:C0,-77,10,0,0,0,0,0,0,0,0,0,-97,0,13,0,18619542,0,389,0,0,19.0106,128,[-123 81 24 0 -19 31 -12 36 -8 30 -6 28 -8 22 -4 18 -10 13 -8 10 -10 8 -15 7 -15 7 -21 11 -21 10 -20 11 -18 14 -16 16 -16 15 -17 14 -15 14 -10 11 -10 9 -8 4 -9 3 -8 -3 -4 -3 0 0 0 0 0 0 0 0 0 0 0 0 0 0 0 0 0 0 0 0 0 0 7 13 6 13 2 13 0 11 0 10 -2 13 -4 11 -6 15 -7 14 -9 17 -6 19 -8 20 -7 23 -8 23 -5 21 -4 22 -5 19 -6 19 -7 17 -9 16 -13 17 -17 15 -15 17 -28 25 -26 23 -28 29 ]
CSI_DATA,STA,E4:D1:24:F1:02:C0,-77,10,0,0,0,0,0,0,0,0,0,-97,0,13,0,18721825,0,389,0,0,19.1128,128,[-123 81 24 0 -26 37 -22 37 -18 30 -14 26 -11 21 -11 17 -13 10 -14 8 -19 5 -20 2 -23 4 -27 4 -28 7 -29 7 -27 9 -25 6 -21 9 -22 10 -19 8 -16 5 -13 2 -11 2 -7 -4 -6 -7 -7 -5 0 0 0 0 0 0 0 0 0 0 0 0 0 0 0 0 0 0 0 0 0 0 10 11 8 13 4 10 3 12 0 12 -4 16 -5 15 -6 17 -9 15 -10 18 -9 23 -9 23 -9 27 -6 27 -4 25 -5 23 -7 20 -8 20 -9 19 -14 14 -14 14 -21 15 -25 15 -29 18 -33 26 -35 29 ]
CSI_DATA,STA,E4:D1:24:F1:02:C0,-77,10,0,0,0,0,0,0,0,0,0,-97,0,13,0,18839588,0,389,0,0,19.2307,128,[-123 81 24 0 -4 43 1 40 0 34 5 27 4 22 -2 18 -5 14 -6 11 -10 12 -15 11 -18 11 -19 14 -20 15 -20 17 -17 19 -18 20 -13 20 -13 21 -11 18 -11 13 -6 10 -8 8 -7 2 -8 -1 -12 -9 0 0 0 0 0 0 0 0 0 0 0 0 0 0 0 0 0 0 0 0 0 0 15 6 14 4 11 7 6 9 5 10 4 11 2 15 2 15 3 20 4 22 4 22 4 25 7 24 6 27 5 23 8 20 5 23 2 20 4 17 -2 19 -4 21 -11 25 -12 26 -12 32 -16 35 -16 43 ]
CSI_DATA,STA,E4:D1:24:F1:02:C0,-77,10,0,0,0,0,0,0,0,0,0,-97,0,13,0,19095576,0,64,0,0,19.4865,128,[64 0 4 0 -18 -42 -16 -36 -16 -28 -13 -25 -11 -21 -10 -18 -5 -18 -2 -16 4 -18 7 -20 9 -22 10 -21 9 -26 9 -28 6 -29 4 -27 5 -26 0 -22 2 -21 2 -15 5 -16 2 -8 5 -5 8 -2 6 -2 0 0 0 0 0 0 0 0 0 0 0 0 0 0 0 0 0 0 0 0 0 0 -16 -2 -16 -2 -11 -5 -11 -6 -11 -11 -10 -10 -11 -13 -11 -13 -10 -18 -11 -23 -11 -21 -15 -20 -13 -24 -15 -19 -16 -20 -17 -18 -16 -17 -14 -19 -12 -19 -7 -19 -3 -24 -3 -26 1 -30 -2 -37 -4 -45 -4 -46 ]
CSI_DATA,STA,E4:D1:24:F1:02:C0,-77,10,0,0,0,0,0,0,0,0,0,-97,0,13,0,19132073,0,389,0,0,19.5225,128,[-123 81 24 0 40 -6 38 -8 35 -9 28 -9 22 -10 19 -6 13 -3 18 0 15 6 16 7 18 9 21 9 21 10 24 7 22 10 24 2 25 4 21 0 21 5 14 5 13 -2 12 8 9 8 11 5 -12 30 0 0 0 0 0 0 0 0 0 0 0 0 0 0 0 0 0 0 0 0 0 0 7 -13 8 -13 6 -10 11 -4 11 -6 11 -2 14 -4 13 8 15 3 20 -4 22 2 23 -3 26 -5 25 -5 21 -5 23 -8 22 -7 20 -9 14 -5 21 -4 23 1 23 2 28 9 31 8 38 14 41 8 ]
CSI_DATA,STA,E4:D1:24:F1:02:C0,-77,10,0,0,0,0,0,0,0,0,0,-97,0,13,0,19233838,0,389,0,0,19.6249,128,[-123 81 24 0 -10 40 -5 39 -3 34 -3 31 -2 23 -7 20 -6 17 -7 14 -13 10 -15 16 -14 11 -19 14 -20 15 -17 17 -18 16 -18 15 -16 17 -17 16 -14 15 -10 13 -9 8 -8 7 -11 1 -11 -4 -4 -1 0 0 0 0 0 0 0 0 0 0 0 0 0 0 0 0 0 0 0 0 0 0 15 5 11 9 10 8 5 9 5 12 1 13 -4 16 -1 16 -2 17 -1 19 -2 23 -2 27 1 23 3 25 1 23 4 25 5 27 0 21 -1 20 -5 18 -4 18 -10 20 -13 23 -19 24 -20 35 -20 40 ]
CSI_DATA,STA,E4:D1:24:F1:02:C0,-78,10,0,0,0,0,0,0,0,0,0,-97,0,13,0,19336277,0,389,0,0,19.7273,128,[-123 81 24 0 -4 42 0 38 5 31 3 29 3 25 0 20 -3 16 -8 13 -9 13 -10 16 -15 18 -14 21 -17 19 -16 23 -14 23 -12 25 -11 21 -7 20 -5 17 -4 15 -4 12 -4 7 -8 6 -8 0 -9 2 0 0 0 0 0 0 0 0 0 0 0 0 0 0 0 0 0 0 0 0 0 0 11 8 12 9 8 12 7 10 5 9 5 15 0 16 1 16 0 18 0 21 1 22 1 25 4 24 5 24 5 24 6 24 4 21 3 23 2 23 -2 22 -4 20 -10 26 -11 30 -14 34 -9 36 -8 45 ]
CSI_DATA,STA,E4:D1:24:F1:02:C0,-77,10,0,0,0,0,0,0,0,0,0,-97,0,13,0,19457709,0,64,0,0,19.8485,128,[64 0 4 0 -9 -85 -19 -75 -22 -70 -13 -56 -20 -48 -9 -40 0 -31 2 -37 5 -31 14 -35 21 -34 22 -38 24 -45 18 -47 20 -50 10 -48 8 -50 6 -44 5 -38 4 -34 4 -20 5 -20 12 -13 -38 -53 29 -25 0 0 0 0 0 0 0 0 0 0 0 0 0 0 0 0 0 0 0 0 0 0 -24 -18 -23 -19 -23 -21 -17 -20 -6 -24 -3 -24 0 -33 -4 -32 0 -36 0 -40 2 -41 -4 -45 -7 -50 -13 -53 -16 -47 -15 -48 -8 -48 -5 -36 -10 -40 2 -43 9 -45 5 -47 12 -56 19 -65 21 -76 7 -88 ]
CSI_DATA,STA,E4:D1:24:F1:02:C0,-77,10,0,0,0,0,0,0,0,0,0,-97,0,13,0,19745851,0,389,0,0,20.1368,128,[-123 81 24 0 36 -22 34 -24 28 -21 27 -20 19 -18 17 -13 16 -10 18 -7 17 -1 19 -1 22 1 25 4 26 5 26 2 22 5 25 2 23 -1 22 1 18 -1 17 -1 14 2 10 2 5 6 3 7 4 5 0 0 0 0 0 0 0 0 0 0 0 0 0 0 0 0 0 0 0 0 0 0 -2 -19 -2 -17 -2 -17 3 -12 6 -11 6 -12 11 -11 13 -13 15 -13 17 -15 17 -17 20 -19 19 -17 17 -21 16 -19 15 -22 15 -19 16 -16 15 -12 17 -10 20 -10 26 -6 27 -7 34 -9 39 -9 44 -15 ]
CSI_DATA,STA,E4:D1:24:F1:02:C0,-77,10,0,0,0,0,0,0,0,0,0,-97,0,13,0,19848253,0,389,0,0,20.2394,128,[-123 81 24 0 -35 29 -32 28 -25 26 -19 24 -19 21 -17 14 -13 9 -13 4 -18 2 -21 0 -22 0 -24 -2 -27 2 -27 0 -28 2 -27 3 -26 4 -24 6 -20 3 -16 2 -17 1 -11 1 -10 -4 -10 -7 0 -14 0 0 0 0 0 0 0 0 0 0 0 0 0 0 0 0 0 0 0 0 0 0 5 14 1 15 -2 13 -3 12 -6 10 -8 10 -11 11 -9 14 -14 14 -15 13 -18 19 -18 19 -16 20 -15 23 -17 21 -14 18 -13 17 -14 17 -15 16 -15 10 -21 11 -27 8 -28 8 -35 12 -38 14 -42 19 ]
CSI_DATA,STA,E4:D1:24:F1:02:C0,-77,10,0,0,0,0,0,0,0,0,0,-97,0,13,0,19950656,0,389,0,0,20.3417,128,[-123 81 24 0 -8 -46 -8 -42 -9 -34 -5 -29 -9 -26 -6 -19 -1 -19 2 -18 7 -17 8 -16 10 -17 12 -19 15 -23 14 -29 8 -26 13 -25 7 -26 5 -24 4 -22 6 -15 4 -13 3 -11 7 -7 10 -5 14 5 0 0 0 0 0 0 0 0 0 0 0 0 0 0 0 0 0 0 0 0 0 0 -14 -7 -12 -7 -13 -10 -7 -11 -7 -12 -4 -14 -6 -13 -5 -14 0 -20 -5 -21 -5 -23 -5 -26 -9 -27 -8 -25 -13 -24 -10 -24 -9 -23 -9 -19 -5 -21 -3 -20 2 -22 4 -26 6 -28 8 -33 7 -42 7 -48 ]
CSI_DATA,STA,E4:D1:24:F1:02:C0,-77,10,0,0,0,0,0,0,0,0,0,-97,0,13,0,20053058,0,389,0,0,20.4441,128,[-123 81 24 0 37 15 34 13 30 7 27 6 23 4 14 5 11 8 10 10 8 11 6 17 5 20 7 21 9 22 12 22 9 21 12 18 13 21 12 17 10 14 8 14 5 8 4 6 -1 7 -3 7 -7 10 0 0 0 0 0 0 0 0 0 0 0 0 0 0 0 0 0 0 0 0 0 0 9 -11 9 -11 11 -7 10 -3 12 -1 10 0 12 0 14 3 18 4 21 3 20 0 21 2 22 2 24 2 24 1 22 1 19 1 19 1 17 4 15 6 18 11 15 16 20 18 23 22 27 23 33 26 ]
CSI_DATA,STA,E4:D1:24:F1:02:C0,-77,10,0,0,0,0,0,0,0,0,0,-97,0,13,0,20187323,0,64,0,0,20.5782,128,[64 0 4 0 21 36 19 32 16 27 18 19 12 17 9 17 5 13 3 18 -1 18 -2 20 -3 25 -4 24 -4 22 -2 25 -1 25 2 26 2 23 2 21 5 19 2 13 0 13 -1 13 -4 9 -7 5 -9 11 0 0 0 0 0 0 0 0 0 0 0 0 0 0 0 0 0 0 0 0 0 0 15 4 12 2 12 4 11 7 9 7 10 9 9 14 7 14 8 17 10 18 8 22 12 19 11 20 13 20 14 18 16 20 15 17 12 17 9 18 9 20 4 24 6 25 4 27 5 33 5 38 7 42 ]
CSI_DATA,STA,E4:D1:24:F1:02:C0,-77,10,0,0,0,0,0,0,0,0,0,-97,0,13,0,20257863,0,389,0,0,20.6485,128,[-123 81 24 0 40 -19 34 -23 33 -22 24 -19 19 -16 17 -12 16 -7 15 -4 16 -1 19 1 18 3 23 5 26 5 26 2 26 1 27 3 25 -1 23 -2 21 -1 18 -5 16 -3 12 1 8 4 5 7 -1 9 0 0 0 0 0 0 0 0 0 0 0 0 0 0 0 0 0 0 0 0 0 0 -1 -17 1 -16 4 -14 4 -11 6 -10 8 -10 12 -9 14 -12 19 -11 18 -13 19 -15 20 -16 19 -20 20 -16 17 -17 21 -18 17 -19 17 -14 14 -11 15 -8 20 -9 25 -7 30 -3 35 -6 39 -11 42 -11 ]
CSI_DATA,STA,E4:D1:24:F1:02:C0,-77,10,0,0,0,0,0,0,0,0,0,-97,0,13,0,20360266,0,389,0,0,20.7513,128,[-123 81 24 0 -4 46 -2 44 1 35 3 33 1 26 0 20 -3 17 -9 14 -10 14 -11 11 -14 12 -19 13 -20 17 -22 21 -20 18 -18 21 -16 19 -13 18 -10 16 -11 12 -8 9 -9 6 -10 4 -9 1 -12 -12 0 0 0 0 0 0 0 0 0 0 0 0 0 0 0 0 0 0 0 0 0 0 13 6 13 7 11 8 10 10 4 12 1 15 3 13 1 18 3 18 1 22 1 21 3 24 3 27 4 25 7 27 6 23 6 22 7 20 4 18 -4 18 -5 19 -9 21 -13 25 -15 30 -18 37 -16 44 ]
CSI_DATA,STA,E4:D1:24:F1:02:C0,-77,10,0,0,0,0,0,0,0,0,0,-97,0,13,0,20535977,0,64,0,0,20.9269,128,[64 0 4 0 20 38 23 35 21 28 19 24 15 18 10 19 6 16 1 15 -1 16 -6 21 -7 23 -6 24 -4 25 -8 27 -3 28 0 25 0 24 3 23 1 20 -1 16 -1 17 -2 10 -5 5 -10 2 -3 4 0 0 0 0 0 0 0 0 0 0 0 0 0 0 0 0 0 0 0 0 0 0 16 -3 14 -1 13 1 14 4 11 6 8 7 11 12 11 12 10 16 13 17 13 18 16 18 17 21 19 17 20 17 19 18 15 14 16 14 14 15 9 14 6 17 5 26 7 30 6 39 10 41 14 47 ]
CSI_DATA,STA,E4:D1:24:F1:02:C0,-77,10,0,0,0,0,0,0,0,0,0,-97,0,13,0,20536062,0,64,0,0,20.9564,128,[64 0 4 0 -25 38 -20 36 -15 32 -10 28 -11 23 -10 14 -13 12 -14 9 -18 4 -21 3 -25 5 -25 5 -27 7 -30 5 -27 7 -24 8 -23 9 -18 11 -19 8 -18 9 -13 6 -11 3 -9 -2 -7 -6 -3 -17 0 0 0 0 0 0 0 0 0 0 0 0 0 0 0 0 0 0 0 0 0 0 10 11 10 10 6 10 2 9 0 12 -4 14 -5 16 -7 16 -8 19 -8 22 -8 23 -7 25 -6 27 -6 25 -5 27 -3 25 -4 24 -6 20 -10 18 -11 19 -16 17 -22 20 -24 18 -29 24 -34 27 -32 35 ]
CSI_DATA,STA,E4:D1:24:F1:02:C0,-77,10,0,0,0,0,0,0,0,0,0,-97,0,13,0,20565071,0,389,0,0,20.9974,128,[-123 81 24 0 41 -12 35 -11 32 -12 25 -9 21 -12 17 -5 16 -2 15 -2 15 3 17 9 17 11 19 10 20 9 20 11 20 11 23 8 23 5 21 8 20 6 16 6 9 5 7 4 4 8 0 9 3 12 0 0 0 0 0 0 0 0 0 0 0 0 0 0 0 0 0 0 0 0 0 0 0 -18 3 -15 3 -14 4 -13 6 -11 11 -10 13 -10 13 -11 17 -11 17 -13 18 -11 19 -14 22 -14 19 -17 19 -15 18 -16 16 -14 22 -14 17 -15 18 -5 21 -2 25 -2 31 -2 34 2 41 -1 46 -5 ]
CSI_DATA,STA,E4:D1:24:F1:02:C0,-77,10,0,0,0,0,0,0,0,0,0,-97,0,13,0,20615730,0,64,0,0,21.0396,128,[64 0 4 0 43 5 42 2 36 0 29 -2 22 -6 19 1 18 2 15 6 15 10 16 11 15 13 18 17 22 15 22 17 23 11 23 11 22 9 20 6 21 7 16 7 12 6 8 7 2 9 2 11 -4 6 0 0 0 0 0 0 0 0 0 0 0 0 0 0 0 0 0 0 0 0 0 0 11 -11 13 -10 12 -11 11 -7 14 -1 13 -1 15 1 17 3 19 3 21 3 22 4 27 3 25 0 25 1 26 0 25 -4 23 -2 22 -1 22 1 20 5 20 7 23 10 27 14 32 16 35 15 40 17 ]
CSI_DATA,STA,E4:D1:24:F1:02:C0,-77,10,0,0,0,0,0,0,0,0,0,-97,0,13,0,20667561,0,389,0,0,21.0759,128,[-123 81 24 0 -20 31 -18 33 -18 27 -14 24 -11 19 -7 15 -11 9 -13 9 -13 4 -18 7 -19 6 -23 5 -23 8 -23 6 -20 11 -22 9 -17 10 -18 11 -14 8 -13 8 -11 6 -11 2 -9 -1 -7 -5 -5 -5 0 0 0 0 0 0 0 0 0 0 0 0 0 0 0 0 0 0 0 0 0 0 4 14 3 10 3 10 0 12 -3 12 -5 10 -7 15 -9 12 -11 15 -10 16 -12 16 -12 22 -11 22 -9 22 -9 21 -9 20 -8 21 -6 18 -10 16 -11 16 -16 14 -16 15 -22 17 -30 16 -25 24 -30 26 ]
CSI_DATA,STA,E4:D1:24:F1:02:C0,-77,10,0,0,0,0,0,0,0,0,0,-97,0,13,0,20823352,0,407,0,0,21.2145,128,[-105 113 25 0 -30 -35 -28 -26 -25 -22 -23 -21 -18 -15 -14 -15 -9 -12 -3 -16 -2 -15 1 -19 2 -23 4 -22 0 -27 1 -27 0 -27 0 -28 -4 -24 -5 -22 -2 -22 -2 -16 -2 -13 0 -10 2 -9 3 -7 16 -3 0 0 0 0 0 0 0 0 0 0 0 0 0 0 0 0 0 0 0 0 0 0 -17 6 -15 4 -16 -1 -12 -1 -11 -5 -12 -8 -14 -10 -12 -12 -15 -17 -16 -19 -19 -16 -22 -19 -21 -16 -24 -15 -20 -16 -22 -13 -22 -11 -18 -11 -15 -13 -11 -16 -7 -22 -9 -26 -10 -30 -10 -32 -14 -42 -19 -45 ]
CSI_DATA,STA,E4:D1:24:F1:02:C0,-78,10,0,0,0,0,0,0,0,0,0,-97,0,13,0,20872278,0,389,0,0,21.2628,128,[-123 81 24 0 47 -5 38 -7 33 -8 26 -6 24 -6 18 -3 17 -4 14 4 17 4 15 7 18 12 21 10 23 11 24 11 24 9 24 9 21 8 23 4 20 4 13 3 11 3 10 3 5 9 2 12 -3 13 0 0 0 0 0 0 0 0 0 0 0 0 0 0 0 0 0 0 0 0 0 0 11 -16 8 -15 10 -12 11 -10 12 -5 14 -4 14 -3 14 -5 20 -1 19 -7 23 -9 24 -3 23 -6 29 -4 23 -11 25 -8 23 -8 23 -7 21 -3 21 2 22 4 24 5 29 9 33 7 41 11 44 7 ]
CSI_DATA,STA,E4:D1:24:F1:02:C0,-77,10,0,0,0,0,0,0,0,0,0,-97,0,13,0,20974681,0,389,0,0,21.3656,128,[-123 81 24 0 -24 -36 -24 -34 -22 -27 -15 -27 -16 -20 -12 -17 -7 -16 -2 -16 1 -16 7 -20 6 -22 10 -24 10 -24 5 -26 2 -28 3 -26 3 -28 1 -23 2 -21 -1 -18 0 -15 2 -11 6 -7 6 -3 8 -8 0 0 0 0 0 0 0 0 0 0 0 0 0 0 0 0 0 0 0 0 0 0 -16 3 -16 2 -15 -1 -13 -4 -13 -5 -12 -9 -12 -11 -11 -12 -12 -16 -16 -19 -14 -17 -18 -18 -20 -19 -21 -20 -20 -16 -17 -17 -16 -13 -16 -13 -13 -16 -9 -18 -8 -23 -5 -27 -4 -30 -7 -36 -5 -41 -13 -45 ]
CSI_DATA,STA,E4:D1:24:F1:02:C0,-77,10,0,0,0,0,0,0,0,0,0,-97,0,13,0,21179486,0,389,0,0,21.5706,128,[-123 81 24 0 -14 36 -8 36 -6 31 -7 26 -5 20 -5 16 -4 12 -9 10 -12 7 -15 6 -18 8 -20 8 -22 9 -24 10 -21 11 -21 12 -19 12 -16 10 -16 7 -15 7 -13 5 -10 2 -8 -1 -6 -3 -3 -9 0 0 0 0 0 0 0 0 0 0 0 0 0 0 0 0 0 0 0 0 0 0 11 4 9 5 8 6 7 7 4 9 3 9 1 12 0 16 2 17 3 21 0 21 2 23 4 21 3 25 5 23 4 20 2 22 3 18 -1 17 -4 20 -7 17 -13 18 -16 20 -20 21 -23 31 -20 38 ]
CSI_DATA,STA,E4:D1:24:F1:02:C0,-77,10,0,0,0,0,0,0,0,0,0,-97,0,13,0,21255057,0,64,0,0,21.6459,128,[64 0 4 0 41 22 35 14 30 11 25 10 22 6 18 7 11 9 10 11 8 15 8 16 5 22 5 20 6 23 12 23 11 22 13 18 15 18 11 18 12 16 8 14 6 10 4 8 2 6 1 0 -7 11 0 0 0 0 0 0 0 0 0 0 0 0 0 0 0 0 0 0 0 0 0 0 12 -13 10 -11 11 -7 11 -4 12 -2 14 3 14 4 17 5 19 9 21 6 21 6 23 9 26 7 24 6 25 3 26 2 25 0 20 4 18 6 15 9 12 13 19 18 20 20 23 29 27 28 33 32 ]
CSI_DATA,STA,E4:D1:24:F1:02:C0,-77,10,0,0,0,0,0,0,0,0,0,-97,0,13,0,21281888,0,389,0,0,21.6744,128,[-123 81 24 0 -39 22 -32 26 -27 23 -24 18 -17 18 -15 11 -13 9 -16 3 -15 -3 -19 -4 -21 -5 -27 -6 -26 -5 -26 -2 -27 0 -25 -3 -27 1 -25 1 -21 3 -17 3 -16 -1 -11 -2 -6 -5 -6 -10 3 -8 0 0 0 0 0 0 0 0 0 0 0 0 0 0 0 0 0 0 0 0 0 0 2 14 2 15 -2 11 -4 11 -4 12 -7 9 -9 10 -10 12 -15 13 -14 14 -18 16 -17 17 -19 18 -15 19 -16 19 -15 23 -14 17 -15 17 -15 14 -19 8 -22 9 -26 6 -32 6 -35 8 -39 11 -42 16 ]
CSI_DATA,STA,E4:D1:24:F1:02:C0,-77,10,0,0,0,0,0,0,0,0,0,-97,0,13,0,21384291,0,389,0,0,21.7754,128,[-123 81 24 0 -33 24 -30 22 -23 23 -20 19 -18 14 -17 14 -13 11 -12 5 -14 0 -16 1 -21 -2 -20 -2 -22 -1 -25 0 -24 2 -24 2 -22 3 -20 3 -18 4 -16 3 -13 -2 -12 -2 -9 -3 -4 -4 -4 -5 0 0 0 0 0 0 0 0 0 0 0 0 0 0 0 0 0 0 0 0 0 0 3 13 5 12 -2 12 -2 11 -5 10 -9 10 -9 8 -13 11 -14 12 -15 11 -15 14 -17 17 -15 18 -16 19 -13 19 -13 18 -13 19 -16 17 -10 12 -16 11 -16 11 -21 9 -27 8 -30 10 -34 12 -40 16 ]
CSI_DATA,STA,E4:D1:24:F1:02:C0,-77,10,0,0,0,0,0,0,0,0,0,-97,0,13,0,21575103,0,64,0,0,21.966,128,[64 0 4 0 14 40 14 34 15 30 15 25 9 21 6 16 2 14 -2 15 -6 16 -8 17 -11 18 -11 21 -13 24 -11 25 -9 26 -6 26 -7 23 -5 20 -3 21 -6 15 -2 13 -4 8 -5 4 -10 1 -5 -6 0 0 0 0 0 0 0 0 0 0 0 0 0 0 0 0 0 0 0 0 0 0 16 -4 14 -1 14 4 11 6 9 5 9 9 8 12 11 14 12 18 12 22 13 19 15 20 17 22 17 21 17 18 19 17 16 16 14 16 11 17 6 17 5 20 0 25 0 29 -1 34 0 40 3 46 ]
CSI_DATA,STA,E4:D1:24:F1:02:C0,-77,10,0,0,0,0,0,0,0,0,0,-97,0,13,0,21576211,0,64,0,0,21.9957,128,[64 0 4 0 36 16 36 12 30 10 25 10 20 4 20 7 8 8 7 5 5 11 5 15 4 17 2 18 3 20 6 22 8 22 7 20 12 20 8 19 7 14 6 14 1 8 3 8 -1 3 -11 0 10 12 0 0 0 0 0 0 0 0 0 0 0 0 0 0 0 0 0 0 0 0 0 0 5 -13 6 -12 4 -10 9 -6 9 -7 8 -6 11 -3 25 5 17 -2 19 -1 19 -1 21 -3 26 -1 27 -2 23 -7 23 -5 21 -5 21 -2 17 -1 20 5 14 11 18 12 19 18 23 20 26 22 32 24 ]
CSI_DATA,STA,E4:D1:24:F1:02:C0,-77,10,0,0,0,0,0,0,0,0,0,-97,0,13,0,21589096,0,389,0,0,22.0332,128,[-123 81 24 0 10 -39 8 -36 4 -34 2 -26 2 -22 3 -18 4 -15 9 -14 12 -13 13 -10 17 -13 16 -15 16 -18 17 -17 12 -16 13 -19 13 -19 12 -17 10 -17 8 -14 9 -12 7 -7 7 -4 8 -1 5 5 0 0 0 0 0 0 0 0 0 0 0 0 0 0 0 0 0 0 0 0 0 0 -8 -11 -5 -12 -6 -13 -2 -12 -1 -13 -2 -12 2 -13 3 -15 5 -17 7 -19 7 -20 6 -24 1 -24 4 -23 2 -22 1 -23 -1 -22 1 -19 4 -21 6 -17 5 -19 12 -19 14 -23 19 -25 21 -28 17 -33 ]
CSI_DATA,STA,E4:D1:24:F1:02:C0,-77,10,0,0,0,0,0,0,0,0,0,-97,0,13,0,21691685,0,389,0,0,22.0827,128,[-123 81 24 0 42 -5 39 -2 32 -6 31 -9 26 -5 19 -5 19 4 12 5 10 9 16 11 11 12 16 11 24 15 20 14 21 15 17 16 21 13 23 8 19 9 16 11 8 6 8 7 2 11 -8 14 4 34 0 0 0 0 0 0 0 0 0 0 0 0 0 0 0 0 0 0 0 0 0 0 4 -15 7 -15 8 -12 8 -10 8 -10 13 -5 12 -5 15 -3 20 -4 20 -5 23 -7 23 -7 26 -9 24 -13 25 -12 24 -6 22 -12 21 -8 21 -3 18 1 21 0 27 2 26 7 30 9 36 7 47 9 ]
CSI_DATA,STA,E4:D1:24:F1:02:C0,-77,10,0,0,0,0,0,0,0,0,0,-97,0,13,0,21698065,0,64,0,0,22.1147,128,[64 0 4 0 -39 3 -35 7 -32 5 -26 8 -22 9 -21 4 -16 1 -16 -3 -15 -10 -16 -9 -16 -7 -21 -10 -18 -10 -25 -10 -21 -7 -22 -7 -21 -5 -22 -3 -18 -1 -17 -4 -13 -4 -10 -5 -7 -7 -2 -6 1 -8 0 0 0 0 0 0 0 0 0 0 0 0 0 0 0 0 0 0 0 0 0 0 -8 11 -8 8 -8 5 -8 6 -9 4 -11 4 -11 1 -16 1 -16 2 -18 2 -21 3 -21 2 -23 4 -22 5 -19 7 -24 5 -20 6 -18 5 -19 4 -17 0 -19 -3 -22 -2 -27 -6 -28 -8 -32 -11 -39 -6 ]
CSI_DATA,STA,E4:D1:24:F1:02:C0,-77,10,0,0,0,0,0,0,0,0,0,-97,0,13,0,21896303,0,389,0,0,22.2874,128,[-123 81 24 0 38 -18 33 -20 26 -21 23 -17 20 -16 15 -8 13 -7 13 -1 13 2 16 7 17 11 20 12 22 10 22 11 25 9 23 10 24 6 21 4 18 3 17 3 7 4 9 4 3 6 2 7 3 10 0 0 0 0 0 0 0 0 0 0 0 0 0 0 0 0 0 0 0 0 0 0 -7 -16 -5 -13 -5 -13 1 -14 1 -13 4 -12 8 -13 10 -16 13 -15 14 -16 17 -19 15 -20 14 -21 17 -25 14 -23 14 -22 13 -21 14 -15 15 -13 17 -11 20 -9 22 -7 31 -6 36 -7 41 -8 43 -12 ]
CSI_DATA,STA,E4:D1:24:F1:02:C0,-77,10,0,0,0,0,0,0,0,0,0,-97,0,13,0,21998706,0,389,0,0,22.3898,128,[-123 81 24 0 -17 -42 -20 -37 -18 -31 -16 -24 -15 -20 -12 -17 -10 -18 -4 -17 0 -17 4 -20 4 -22 2 -22 2 -26 2 -29 0 -25 -2 -27 0 -25 -1 -23 -4 -19 -3 -16 0 -14 2 -10 4 -8 8 -6 15 -1 0 0 0 0 0 0 0 0 0 0 0 0 0 0 0 0 0 0 0 0 0 0 -15 -4 -14 -7 -14 -7 -13 -9 -9 -11 -10 -14 -8 -14 -9 -15 -6 -20 -10 -22 -8 -22 -13 -20 -14 -24 -14 -25 -15 -24 -18 -22 -14 -21 -14 -22 -11 -17 -9 -22 -2 -21 -2 -27 3 -30 -2 -36 -1 -41 -7 -45 ]
CSI_DATA,STA,E4:D1:24:F1:02:C0,-77,10,0,0,0,0,0,0,0,0,0,-97,0,13,0,22203511,0,389,0,0,22.5946,128,[-123 81 24 0 -33 -33 -29 -25 -30 -22 -25 -18 -20 -15 -16 -13 -10 -12 -8 -14 -3 -18 -2 -20 -1 -24 -3 -27 -4 -25 -5 -27 -3 -29 -6 -27 -6 -27 -8 -25 -8 -18 -6 -16 -2 -15 -1 -14 2 -8 6 -7 5 -5 0 0 0 0 0 0 0 0 0 0 0 0 0 0 0 0 0 0 0 0 0 0 -14 9 -13 4 -12 4 -11 1 -13 0 -14 -4 -14 -5 -15 -8 -17 -9 -19 -10 -18 -11 -22 -9 -22 -13 -26 -10 -22 -6 -25 -11 -19 -5 -19 -8 -17 -14 -15 -11 -12 -16 -15 -22 -15 -28 -19 -30 -20 -37 -27 -37 ]
CSI_DATA,STA,E4:D1:24:F1:02:C0,-77,10,0,0,0,0,0,0,0,0,0,-97,0,13,0,22294999,0,64,0,0,22.6857,128,[64 0 4 0 14 -42 12 -40 4 -35 5 -29 4 -26 4 -20 7 -18 5 -15 12 -11 17 -10 19 -13 19 -14 21 -17 21 -15 21 -16 21 -17 17 -16 14 -15 15 -16 11 -13 12 -6 10 -6 10 -1 12 -1 14 1 0 0 0 0 0 0 0 0 0 0 0 0 0 0 0 0 0 0 0 0 0 0 -13 -11 -10 -14 -7 -12 -4 -12 -1 -12 -1 -16 0 -14 2 -19 4 -18 3 -21 5 -21 4 -24 2 -29 1 -26 2 -29 -1 -24 1 -24 2 -22 3 -20 5 -20 9 -21 14 -21 20 -25 19 -26 22 -32 24 -37 ]
CSI_DATA,STA,E4:D1:24:F1:02:C0,-77,10,0,0,0,0,0,0,0,0,0,-97,0,13,0,22305913,0,389,0,0,22.719,128,[-123 81 24 0 -45 1 -42 5 -36 6 -31 8 -25 5 -20 1 -17 -2 -14 -5 -12 -11 -14 -14 -17 -16 -19 -16 -21 -20 -21 -18 -19 -19 -22 -15 -22 -14 -21 -15 -18 -12 -15 -12 -10 -8 -10 -9 -2 -8 1 -4 7 -13 0 0 0 0 0 0 0 0 0 0 0 0 0 0 0 0 0 0 0 0 0 0 -3 16 -4 13 -4 11 -5 10 -10 6 -13 9 -14 4 -18 7 -19 6 -21 9 -22 6 -24 10 -25 11 -26 11 -25 9 -23 12 -22 11 -19 11 -19 7 -20 1 -21 -1 -27 -7 -31 -11 -35 -10 -42 -10 -47 -6 ]
CSI_DATA,STA,E4:D1:24:F1:02:C0,-77,10,0,0,0,0,0,0,0,0,0,-97,0,13,0,22408316,0,389,0,0,22.7993,128,[-123 81 24 0 -28 34 -24 32 -19 29 -15 26 -9 21 -12 12 -9 9 -13 7 -15 6 -18 2 -21 4 -24 3 -26 8 -24 9 -26 12 -27 12 -23 13 -19 10 -15 10 -15 7 -13 7 -10 6 -10 0 -9 -4 -10 -13 0 0 0 0 0 0 0 0 0 0 0 0 0 0 0 0 0 0 0 0 0 0 4 15 0 14 0 13 -3 12 -3 10 -8 12 -7 12 -12 13 -12 11 -14 15 -14 18 -15 19 -13 19 -16 23 -12 23 -11 22 -9 23 -13 20 -15 17 -16 13 -15 16 -23 15 -26 17 -34 15 -35 18 -35 24 ]
CSI_DATA,STA,E4:D1:24:F1:02:C0,-77,10,0,0,0,0,0,0,0,0,0,-97,0,13,0,22510902,0,389,0,0,22.9019,128,[-123 81 24 0 41 8 34 5 33 4 26 0 24 -1 19 0 15 2 13 4 13 8 11 11 13 15 13 16 16 15 17 15 18 16 19 13 18 11 19 11 15 9 11 7 12 7 6 4 5 7 -1 8 -2 5 0 0 0 0 0 0 0 0 0 0 0 0 0 0 0 0 0 0 0 0 0 0 11 -8 10 -7 10 -5 12 -3 11 -2 13 -1 14 3 16 3 16 3 19 7 20 7 20 4 22 4 23 1 22 -1 22 1 21 -1 21 0 16 3 17 7 18 7 20 13 24 14 21 18 29 20 33 20 ]
CSI_DATA,STA,E4:D1:24:F1:02:C0,-77,10,0,0,0,0,0,0,0,0,0,-97,0,13,0,22613121,0,389,0,0,23.0042,128,[-123 81 24 0 28 -28 26 -26 22 -27 17 -24 15 -19 15 -15 12 -7 14 -8 13 -4 18 -4 22 -2 21 -1 22 -1 26 0 26 -1 25 -4 23 -4 20 -6 16 -4 20 0 15 -2 12 0 9 2 6 5 9 12 0 0 0 0 0 0 0 0 0 0 0 0 0 0 0 0 0 0 0 0 0 0 -4 -17 -4 -13 -2 -13 0 -16 1 -13 5 -12 8 -13 9 -16 12 -14 12 -16 12 -18 15 -18 13 -22 12 -22 12 -22 11 -22 10 -18 11 -20 12 -15 15 -17 16 -14 20 -14 26 -10 28 -15 34 -17 39 -23 ]
CSI_DATA,STA,E4:D1:24:F1:02:C0,-77,10,0,0,0,0,0,0,0,0,0,-97,0,13,0,22657707,0,64,0,0,23.0482,128,[64 0 4 0 -40 19 -34 16 -27 20 -23 16 -19 13 -19 10 -16 3 -15 0 -17 -4 -20 -4 -20 -4 -25 -7 -26 -4 -30 -3 -28 -5 -27 1 -27 0 -23 1 -21 -1 -19 1 -14 0 -11 -4 -7 -5 -6 -10 0 -7 0 0 0 0 0 0 0 0 0 0 0 0 0 0 0 0 0 0 0 0 0 0 0 14 -1 13 -5 11 -5 9 -8 8 -11 7 -16 7 -15 10 -18 9 -21 11 -21 14 -21 11 -23 16 -19 16 -20 16 -18 17 -18 16 -17 14 -18 10 -20 5 -25 7 -27 2 -32 1 -34 3 -41 7 -46 9 ]
CSI_DATA,STA,E4:D1:24:F1:02:C0,-77,10,0,0,0,0,0,0,0,0,0,-97,0,13,0,22715523,0,389,0,0,23.1064,128,[-123 81 24 0 -45 -9 -41 -5 -37 -3 -30 -3 -27 3 -23 0 -19 -3 -16 -5 -14 -9 -17 -13 -17 -12 -16 -15 -20 -15 -21 -17 -20 -14 -22 -16 -20 -14 -21 -12 -18 -10 -17 -7 -13 -8 -8 -8 -4 -9 -3 -12 3 -7 0 0 0 0 0 0 0 0 0 0 0 0 0 0 0 0 0 0 0 0 0 0 -12 10 -14 10 -13 8 -12 4 -13 3 -13 0 -15 0 -19 -3 -20 -3 -23 -4 -22 -3 -26 -1 -27 -5 -26 -1 -25 3 -24 0 -22 1 -26 -1 -23 -5 -21 -2 -24 -5 -24 -10 -25 -15 -32 -18 -37 -16 -43 -18 ]
CSI_DATA,STA,E4:D1:24:F1:02:C0,-78,10,0,0,0,0,0,0,0,0,0,-97,0,13,0,22775162,0,64,0,0,23.1656,128,[64 0 4 0 43 -9 35 -13 33 -11 29 -11 23 -10 18 -6 18 -4 14 1 15 4 19 8 21 10 20 11 22 10 21 10 26 9 21 10 23 7 22 6 21 6 16 3 12 2 10 5 4 7 2 6 -2 4 0 0 0 0 0 0 0 0 0 0 0 0 0 0 0 0 0 0 0 0 0 0 6 -16 6 -14 9 -12 7 -9 8 -9 11 -4 13 -4 12 -6 17 -6 20 -4 20 -4 22 -6 24 -7 25 -8 24 -11 22 -11 20 -13 20 -10 20 -6 20 -6 21 -4 26 4 28 4 33 4 38 7 46 5 ]
CSI_DATA,STA,E4:D1:24:F1:02:C0,-78,10,0,0,0,0,0,0,0,0,0,-97,0,13,0,22818199,0,389,0,0,23.2092,128,[-123 81 24 0 -37 7 -37 8 -28 10 -24 8 -21 8 -18 4 -13 1 -16 0 -13 -6 -17 -7 -18 -9 -20 -12 -20 -12 -21 -10 -24 -10 -21 -7 -24 -8 -19 -5 -18 -4 -13 -4 -12 -5 -7 -5 -6 -6 0 -9 -1 -8 0 0 0 0 0 0 0 0 0 0 0 0 0 0 0 0 0 0 0 0 0 0 -3 13 -3 12 -3 11 -7 10 -9 6 -10 6 -12 8 -15 9 -17 9 -18 6 -19 7 -21 9 -20 10 -21 9 -18 9 -20 12 -16 10 -16 7 -17 5 -19 4 -19 -1 -22 -4 -24 -3 -30 -4 -37 0 -37 2 ]
CSI_DATA,STA,E4:D1:24:F1:02:C0,-78,10,0,0,0,0,0,0,0,0,0,-97,0,13,0,22920328,0,389,0,0,23.3114,128,[-123 81 24 0 -17 41 -11 36 -12 32 -5 26 -9 25 -7 19 -8 16 -12 12 -14 7 -19 9 -20 7 -23 9 -25 10 -24 10 -20 12 -24 15 -21 13 -17 13 -15 13 -12 10 -9 4 -11 4 -12 2 -6 -3 -14 -9 0 0 0 0 0 0 0 0 0 0 0 0 0 0 0 0 0 0 0 0 0 0 9 11 10 12 6 12 4 11 1 12 0 14 -1 12 -3 18 -2 17 -5 18 -8 22 -7 24 -7 23 -5 22 -3 23 -4 23 -3 23 -3 20 -5 20 -8 18 -10 17 -18 20 -19 20 -23 25 -29 30 -23 35 ]
CSI_DATA,STA,E4:D1:24:F1:02:C0,-77,10,0,0,0,0,0,0,0,0,0,-97,0,13,0,23022731,0,389,0,0,23.4138,128,[-123 81 24 0 -39 -22 -32 -17 -33 -15 -26 -14 -23 -10 -20 -9 -15 -9 -15 -12 -8 -14 -9 -22 -6 -19 -7 -22 -11 -24 -10 -23 -13 -23 -13 -24 -11 -16 -10 -17 -11 -15 -10 -16 -7 -11 -4 -11 -2 -7 5 -10 6 -15 0 0 0 0 0 0 0 0 0 0 0 0 0 0 0 0 0 0 0 0 0 0 -14 9 -14 6 -14 3 -12 2 -15 0 -16 -4 -13 -6 -15 -6 -16 -9 -20 -9 -18 -10 -23 -11 -24 -8 -23 -6 -26 -4 -26 -6 -26 -5 -23 -8 -21 -8 -18 -14 -16 -13 -16 -18 -18 -23 -20 -26 -26 -29 -30 -33 ]
CSI_DATA,STA,E4:D1:24:F1:02:C0,-77,10,0,0,0,0,0,0,0,0,0,-97,0,13,0,23125133,0,389,0,0,23.5161,128,[-123 81 24 0 -13 40 -12 36 -9 31 -5 29 -3 20 -2 16 -8 13 -9 13 -14 9 -17 10 -18 12 -19 12 -21 14 -20 15 -20 16 -18 16 -16 17 -16 14 -14 15 -8 14 -13 7 -13 4 -7 1 -8 3 -7 12 0 0 0 0 0 0 0 0 0 0 0 0 0 0 0 0 0 0 0 0 0 0 12 11 8 10 6 12 4 14 1 13 -1 13 -4 19 -4 16 -4 19 -7 22 -6 22 -7 22 -6 28 -2 26 -3 23 -3 25 -2 23 -3 20 -5 20 -5 18 -13 16 -18 18 -19 20 -22 25 -25 33 -28 35 ]
CSI_DATA,STA,E4:D1:24:F1:02:C0,-77,10,0,0,0,0,0,0,0,0,0,-97,0,13,0,23227536,0,389,0,0,23.6186,128,[-123 81 24 0 -10 40 -8 40 -5 32 -4 31 -5 26 -3 22 -8 14 -9 12 -12 13 -15 14 -17 14 -17 16 -21 19 -18 18 -17 21 -17 18 -14 18 -11 17 -10 17 -10 13 -10 12 -8 7 -10 3 -9 -2 -5 -4 0 0 0 0 0 0 0 0 0 0 0 0 0 0 0 0 0 0 0 0 0 0 10 11 7 12 6 10 3 13 3 12 0 12 -2 15 -5 16 -6 17 -5 22 -4 22 -6 26 -7 24 -4 24 -3 26 1 26 -2 24 -3 23 -6 19 -6 19 -8 20 -15 19 -18 25 -21 28 -22 32 -21 37 ]
CSI_DATA,STA,E4:D1:24:F1:02:C0,-77,10,0,0,0,0,0,0,0,0,0,-97,0,13,0,23329939,0,389,0,0,23.721,128,[-123 81 24 0 -44 9 -40 10 -35 8 -27 7 -20 10 -18 3 -18 1 -18 -4 -16 -4 -15 -5 -18 -11 -20 -10 -23 -11 -25 -8 -26 -11 -26 -7 -23 -7 -22 -4 -17 -4 -16 -3 -15 -5 -12 -4 -7 -7 -4 -10 0 -7 0 0 0 0 0 0 0 0 0 0 0 0 0 0 0 0 0 0 0 0 0 0 -8 16 -7 11 -10 8 -12 6 -13 6 -15 2 -17 1 -17 3 -17 2 -20 4 -26 3 -26 5 -27 8 -27 7 -25 8 -22 8 -21 7 -21 6 -21 3 -20 1 -22 1 -27 -3 -31 -5 -33 -9 -40 -7 -46 -7 ]
CSI_DATA,STA,E4:D1:24:F1:02:C0,-77,10,0,0,0,0,0,0,0,0,0,-97,0,13,0,23387580,0,64,0,0,23.7782,128,[64 0 4 0 34 -11 32 -13 29 -13 23 -12 21 -9 16 -9 14 -3 12 -1 12 2 16 4 17 5 21 4 21 4 21 4 22 3 22 2 22 0 21 0 18 -3 15 -1 13 -2 7 1 8 4 4 9 0 13 0 0 0 0 0 0 0 0 0 0 0 0 0 0 0 0 0 0 0 0 0 0 6 -14 7 -12 9 -12 7 -10 10 -8 11 -5 12 -4 14 -6 15 -4 18 -4 20 -6 21 -5 20 -10 22 -10 21 -9 22 -9 22 -11 19 -7 18 -7 20 -2 21 -4 22 -1 23 3 34 4 38 3 44 3 ]
CSI_DATA,STA,E4:D1:24:F1:02:C0,-77,10,0,0,0,0,0,0,0,0,0,-97,0,13,0,23432341,0,389,0,0,23.8232,128,[-123 81 24 0 -43 -22 -40 -17 -35 -13 -33 -12 -23 -10 -19 -9 -11 -10 -10 -11 -8 -16 -7 -21 -7 -22 -6 -25 -11 -26 -12 -29 -13 -27 -12 -25 -15 -20 -14 -20 -11 -18 -12 -14 -8 -12 -5 -10 2 -11 8 -9 8 3 0 0 0 0 0 0 0 0 0 0 0 0 0 0 0 0 0 0 0 0 0 0 -15 9 -13 8 -13 3 -15 2 -13 0 -16 -3 -17 -5 -17 -6 -21 -9 -22 -7 -23 -7 -25 -8 -26 -9 -25 -7 -26 -5 -24 -4 -24 -6 -19 -3 -18 -7 -19 -12 -17 -14 -20 -21 -23 -27 -22 -28 -28 -31 -37 -34 ]
CSI_DATA,STA,E4:D1:24:F1:02:C0,-77,10,0,0,0,0,0,0,0,0,0,-97,0,13,0,23534744,0,389,0,0,23.9258,128,[-123 81 24 0 -32 33 -24 31 -20 29 -17 23 -11 20 -13 13 -12 15 -15 8 -18 4 -18 2 -22 0 -25 2 -26 5 -28 5 -24 3 -26 7 -25 8 -23 8 -20 5 -18 8 -15 4 -11 2 -9 0 -6 -3 -11 -11 0 0 0 0 0 0 0 0 0 0 0 0 0 0 0 0 0 0 0 0 0 0 8 14 6 11 4 13 2 9 -3 13 -6 13 -7 14 -9 15 -12 15 -9 17 -12 21 -13 24 -13 25 -10 24 -11 24 -8 22 -8 22 -9 20 -13 17 -13 15 -17 11 -21 15 -28 17 -34 16 -37 19 -37 25 ]
CSI_DATA,STA,E4:D1:24:F1:02:C0,-77,10,0,0,0,0,0,0,0,0,0,-97,0,13,0,23637146,0,389,0,0,24.0282,128,[-123 81 24 0 -1 40 1 40 6 35 5 30 4 24 -2 20 -2 19 -6 12 -9 12 -11 12 -14 15 -18 18 -19 20 -19 20 -15 21 -16 20 -15 21 -13 20 -8 17 -9 17 -8 11 -7 10 -7 6 -12 1 -12 -8 0 0 0 0 0 0 0 0 0 0 0 0 0 0 0 0 0 0 0 0 0 0 15 6 12 6 10 7 8 10 6 11 3 11 2 14 0 14 1 18 3 20 5 21 2 23 5 24 5 26 6 25 7 21 7 21 5 22 0 17 -1 18 -4 24 -7 24 -11 26 -10 32 -12 41 -8 43 ]
CSI_DATA,STA,E4:D1:24:F1:02:C0,-77,10,0,0,0,0,0,0,0,0,0,-97,0,13,0,23735603,0,64,0,0,24.1265,128,[64 0 4 0 11 -37 8 -36 4 -32 2 -29 4 -24 4 -19 3 -14 8 -10 10 -11 12 -11 16 -10 17 -11 17 -10 20 -13 18 -13 19 -14 18 -16 14 -12 13 -12 13 -10 8 -7 9 -5 9 -3 9 -1 5 10 0 0 0 0 0 0 0 0 0 0 0 0 0 0 0 0 0 0 0 0 0 0 -13 -8 -12 -8 -12 -9 -7 -10 -4 -10 -2 -14 0 -13 -1 -15 2 -16 0 -18 1 -20 2 -24 -2 -27 0 -28 -4 -25 0 -26 -4 -23 -2 -20 0 -19 3 -18 5 -19 8 -20 13 -22 16 -26 21 -28 18 -33 ]
CSI_DATA,STA,E4:D1:24:F1:02:C0,-77,10,0,0,0,0,0,0,0,0,0,-97,0,13,0,23736714,0,64,0,0,24.1595,128,[64 0 4 0 24 -37 22 -33 19 -38 11 -27 12 -26 10 -22 13 -14 10 -13 14 -6 18 -7 19 -8 26 -5 25 -8 26 -4 25 -11 24 -9 22 -10 21 -9 19 -9 11 -9 15 -10 11 0 14 4 15 7 -11 1 0 0 0 0 0 0 0 0 0 0 0 0 0 0 0 0 0 0 0 0 0 0 -10 -14 -10 -14 -6 -13 -2 -11 -1 -12 1 -14 2 -16 6 -16 8 -20 10 -21 10 -18 7 -26 7 -26 2 -27 6 -26 7 -28 6 -22 4 -25 6 -23 9 -18 9 -14 19 -15 24 -19 28 -23 29 -27 34 -33 ]
CSI_DATA,STA,E4:D1:24:F1:02:C0,-77,10,0,0,0,0,0,0,0,0,0,-97,0,13,0,23739549,0,389,0,0,24.2013,128,[-123 81 24 0 46 6 39 4 38 2 30 -3 27 0 21 1 15 1 14 9 14 10 14 14 14 13 15 18 18 21 18 21 19 18 18 18 20 18 21 11 17 11 13 10 10 7 8 5 2 5 -1 10 -1 3 0 0 0 0 0 0 0 0 0 0 0 0 0 0 0 0 0 0 0 0 0 0 8 -15 8 -12 8 -10 10 -9 14 -7 12 -3 14 0 17 1 18 3 21 0 23 3 24 0 27 0 26 -4 26 -1 24 -5 23 -1 23 -4 21 -2 17 2 21 2 23 11 27 16 29 16 33 17 38 20 ]
CSI_DATA,STA,E4:D1:24:F1:02:C0,-77,10,0,0,0,0,0,0,0,0,0,-97,0,13,0,23815237,0,64,0,0,24.2397,128,[64 0 4 0 40 -23 37 -23 28 -24 21 -22 20 -16 17 -13 16 -9 15 -5 14 0 19 6 22 5 23 5 26 5 27 5 22 4 26 1 23 -1 22 0 21 -1 14 -2 12 0 9 2 7 3 6 7 4 15 0 0 0 0 0 0 0 0 0 0 0 0 0 0 0 0 0 0 0 0 0 0 -3 -20 -3 -14 2 -14 2 -12 4 -13 8 -13 11 -10 15 -14 17 -12 16 -12 21 -20 20 -18 19 -20 16 -21 16 -24 16 -22 14 -19 13 -19 15 -14 16 -8 22 -9 23 -6 28 -4 34 -10 41 -8 46 -12 ]
CSI_DATA,STA,E4:D1:24:F1:02:C0,-77,10,0,0,0,0,0,0,0,0,0,-97,0,13,0,23841951,0,389,0,0,24.2802,128,[-123 81 24 0 40 12 42 6 37 2 30 2 24 2 20 3 14 5 12 8 12 11 9 14 8 18 11 19 12 20 12 22 14 23 15 18 15 20 13 16 13 15 10 14 8 12 5 10 0 10 -3 5 -5 9 0 0 0 0 0 0 0 0 0 0 0 0 0 0 0 0 0 0 0 0 0 0 6 -16 6 -14 6 -11 8 -9 10 -6 14 -5 14 -6 17 -3 20 -1 23 -6 22 -5 24 -4 25 -6 25 -5 23 -7 25 -5 25 -7 22 -9 19 -4 19 2 19 5 21 10 24 10 28 16 32 21 41 17 ]
CSI_DATA,STA,E4:D1:24:F1:02:C0,-77,10,0,0,0,0,0,0,0,0,0,-97,0,13,0,23944354,0,389,0,0,24.3353,128,[-123 81 24 0 44 18 36 10 36 11 31 7 25 5 19 2 14 9 13 8 9 9 6 16 9 18 10 23 10 23 14 22 14 20 16 22 12 22 13 20 13 14 8 13 6 13 3 9 1 10 -3 6 -5 11 0 0 0 0 0 0 0 0 0 0 0 0 0 0 0 0 0 0 0 0 0 0 9 -15 10 -11 11 -8 10 -7 13 -2 13 -1 13 0 17 3 22 3 21 4 23 4 26 4 23 5 25 1 23 4 24 -1 21 1 20 0 18 4 18 7 16 6 23 14 23 20 26 22 33 25 36 25 ]
CSI_DATA,STA,E4:D1:24:F1:02:C0,-77,10,0,0,0,0,0,0,0,0,0,-97,0,13,0,24149314,0,389,0,0,24.5404,128,[-123 81 24 0 46 -5 40 -5 35 -5 29 -10 26 -8 17 0 9 -1 14 4 11 10 12 11 13 18 16 17 16 19 20 19 18 17 20 19 21 16 16 14 15 10 10 11 10 12 4 6 1 8 0 8 -11 8 0 0 0 0 0 0 0 0 0 0 0 0 0 0 0 0 0 0 0 0 0 0 -4 -16 -3 -16 2 -12 2 -13 7 -10 9 -9 10 -12 15 -10 18 -12 20 -12 21 -12 21 -13 21 -15 20 -11 22 -15 22 -17 19 -13 18 -11 19 -12 18 -6 20 -1 26 -1 27 6 35 12 38 9 47 6 ]
CSI_DATA,STA,E4:D1:24:F1:02:C0,-77,10,0,0,0,0,0,0,0,0,0,-97,0,13,0,24251561,0,389,0,0,24.6426,128,[-123 81 24 0 36 21 36 19 32 15 29 13 24 10 19 6 14 11 9 14 7 16 5 17 7 19 5 24 6 25 7 26 7 21 9 24 10 21 8 19 6 18 6 15 3 12 -1 11 -4 9 -6 10 -10 0 0 0 0 0 0 0 0 0 0 0 0 0 0 0 0 0 0 0 0 0 0 0 9 -14 13 -12 13 -6 12 -7 13 -4 14 -4 16 3 17 0 18 8 18 5 22 6 23 9 26 6 25 4 28 7 26 4 25 5 23 4 19 6 15 8 15 12 16 19 14 19 18 28 29 29 33 26 ]
CSI_DATA,STA,E4:D1:24:F1:02:C0,-76,10,0,0,0,0,0,0,0,0,0,-97,0,13,0,24353964,0,389,0,0,24.7451,128,[-123 81 24 0 45 1 39 -3 37 -3 31 -6 22 -4 20 0 14 0 14 2 12 10 13 9 16 11 15 14 19 16 20 16 22 13 23 14 22 15 20 8 22 12 12 7 13 7 6 7 5 6 -1 7 -2 7 0 0 0 0 0 0 0 0 0 0 0 0 0 0 0 0 0 0 0 0 0 0 5 -19 5 -13 7 -12 10 -10 11 -6 11 -5 16 -5 16 -4 19 -1 24 -5 24 -5 26 -5 27 -6 27 -9 25 -10 25 -10 26 -10 22 -6 21 -4 21 -1 22 3 25 7 30 12 34 13 37 12 45 12 ]
CSI_DATA,STA,E4:D1:24:F1:02:C0,-77,10,0,0,0,0,0,0,0,0,0,-97,0,13,0,24455095,0,64,0,0,24.8459,128,[64 0 4 0 32 29 30 25 33 19 24 15 19 12 16 11 10 15 10 15 8 13 6 15 3 22 5 23 4 23 9 24 10 22 11 21 10 19 11 19 10 15 8 16 4 10 3 10 0 9 -3 10 -11 10 0 0 0 0 0 0 0 0 0 0 0 0 0 0 0 0 0 0 0 0 0 0 15 -6 14 -2 14 -2 12 2 14 5 10 5 13 7 13 12 16 13 17 14 16 13 18 15 19 17 22 14 22 13 22 13 21 12 18 12 17 12 15 14 14 17 13 23 14 26 15 31 22 35 23 36 ]
CSI_DATA,STA,E4:D1:24:F1:02:C0,-77,10,0,0,0,0,0,0,0,0,0,-97,0,13,0,24456366,0,389,0,0,24.8758,128,[-123 81 24 0 42 -15 33 -15 32 -13 28 -13 21 -13 19 -8 13 -6 15 -2 20 3 16 7 20 8 18 10 19 9 25 14 24 7 22 8 25 7 22 1 19 4 14 4 12 2 15 2 13 9 12 11 -9 -6 0 0 0 0 0 0 0 0 0 0 0 0 0 0 0 0 0 0 0 0 0 0 2 -15 0 -15 2 -16 6 -11 6 -10 8 -10 11 -5 21 -7 16 -9 19 -8 22 -11 20 -15 22 -16 21 -19 23 -15 18 -17 18 -13 19 -11 14 -6 22 -7 20 -3 27 -2 33 3 33 -3 41 3 43 -2 ]
CSI_DATA,STA,E4:D1:24:F1:02:C0,-77,10,0,0,0,0,0,0,0,0,0,-97,0,13,0,24558769,0,389,0,0,24.9497,128,[-123 81 24 0 -20 -39 -18 -33 -19 -30 -17 -26 -16 -23 -12 -19 -7 -18 -4 -19 -1 -18 2 -20 5 -23 5 -23 5 -25 5 -27 3 -27 -1 -27 0 -25 0 -25 -1 -19 1 -16 0 -13 3 -11 4 -9 5 -4 12 1 0 0 0 0 0 0 0 0 0 0 0 0 0 0 0 0 0 0 0 0 0 0 -18 0 -16 -1 -13 -4 -12 -5 -11 -9 -9 -11 -9 -13 -12 -17 -13 -17 -13 -18 -11 -19 -12 -24 -15 -20 -17 -22 -16 -20 -17 -19 -18 -18 -14 -18 -12 -17 -11 -20 -7 -22 -7 -26 -5 -27 -7 -33 -5 -38 -11 -45 ]
CSI_DATA,STA,E4:D1:24:F1:02:C0,-78,10,0,0,0,0,0,0,0,0,0,-97,0,13,0,24661171,0,389,0,0,25.0521,128,[-123 81 24 0 45 7 38 3 36 0 29 2 24 -2 19 -1 16 4 14 6 11 9 13 14 13 16 14 22 16 20 18 18 16 20 19 16 21 15 18 14 18 12 11 11 10 8 7 11 -1 9 -2 6 -8 9 0 0 0 0 0 0 0 0 0 0 0 0 0 0 0 0 0 0 0 0 0 0 8 -15 7 -13 8 -10 9 -7 10 -5 13 -3 14 -4 15 -2 20 0 21 -2 22 -3 26 -2 25 -2 25 -6 25 -3 25 -3 24 -6 22 -2 18 -3 19 1 20 6 25 10 28 13 29 18 36 20 43 18 ]
CSI_DATA,STA,E4:D1:24:F1:02:C0,-77,10,0,0,0,0,0,0,0,0,0,-97,0,13,0,24763574,0,389,0,0,25.1547,128,[-123 81 24 0 19 35 23 29 25 25 16 17 18 18 10 15 9 14 0 15 0 17 0 20 0 20 -4 27 -3 23 0 26 1 24 5 24 5 26 5 21 6 18 3 18 3 12 -1 10 -4 7 -8 4 -14 6 0 0 0 0 0 0 0 0 0 0 0 0 0 0 0 0 0 0 0 0 0 0 16 0 13 1 12 3 9 6 7 9 10 9 10 11 6 14 10 18 10 18 10 20 16 20 14 21 15 19 20 17 18 18 16 15 13 15 10 15 8 15 7 22 7 26 6 29 8 34 7 38 13 41 ]
CSI_DATA,STA,E4:D1:24:F1:02:C0,-77,10,0,0,0,0,0,0,0,0,0,-97,0,13,0,24776653,0,64,0,0,25.1836,128,[64 0 4 0 -28 -38 -25 -30 -27 -23 -24 -19 -19 -19 -14 -13 -8 -11 -5 -13 -2 -17 -2 -19 1 -21 -1 -25 -1 -27 -1 -25 1 -26 -3 -25 -4 -24 -5 -22 -3 -21 -3 -16 -3 -13 -1 -9 3 -8 5 -4 3 -3 0 0 0 0 0 0 0 0 0 0 0 0 0 0 0 0 0 0 0 0 0 0 -16 3 -16 1 -12 0 -13 -1 -11 -6 -13 -7 -11 -8 -14 -12 -12 -15 -16 -13 -18 -17 -18 -19 -20 -18 -21 -15 -22 -17 -21 -14 -20 -14 -17 -16 -14 -12 -12 -17 -11 -20 -6 -26 -9 -29 -9 -35 -12 -40 -16 -42 ]
CSI_DATA,STA,E4:D1:24:F1:02:C0,-78,10,0,0,0,0,0,0,0,0,0,-97,0,13,0,24900886,0,64,0,0,25.2918,128,[64 0 4 0 24 -41 19 -34 11 -32 10 -28 9 -23 10 -17 7 -11 12 -10 12 -10 17 -8 20 -8 22 -10 21 -10 23 -15 20 -13 20 -16 18 -14 15 -14 14 -14 13 -12 12 -8 10 -5 10 -5 12 -1 2 15 0 0 0 0 0 0 0 0 0 0 0 0 0 0 0 0 0 0 0 0 0 0 -6 -13 -1 -11 -3 -14 0 -12 1 -10 3 -11 8 -15 9 -15 9 -15 11 -17 12 -18 12 -21 13 -22 10 -24 9 -23 8 -22 8 -22 8 -23 9 -16 12 -16 17 -15 20 -15 23 -17 29 -21 34 -24 32 -29 ]
CSI_DATA,STA,E4:D1:24:F1:02:C0,-77,10,0,0,0,0,0,0,0,0,0,-97,0,13,0,25070823,0,389,0,0,25.4618,128,[-123 81 24 0 -12 -44 -14 -37 -14 -33 -12 -29 -12 -24 -8 -19 -2 -19 0 -18 3 -15 4 -20 9 -20 8 -22 7 -24 9 -23 5 -27 8 -26 5 -24 4 -22 3 -23 3 -17 1 -12 3 -10 6 -7 8 -6 15 -5 0 0 0 0 0 0 0 0 0 0 0 0 0 0 0 0 0 0 0 0 0 0 -18 -3 -16 -2 -14 -5 -11 -8 -10 -7 -9 -12 -6 -15 -10 -13 -9 -19 -8 -18 -20 -27 -13 -23 -13 -24 -13 -25 -16 -23 -16 -21 -15 -22 -15 -20 -10 -22 -7 -22 -4 -22 -2 -27 2 -29 1 -35 1 -43 -3 -47 ]
CSI_DATA,STA,E4:D1:24:F1:02:C0,-77,10,0,0,0,0,0,0,0,0,0,-97,0,13,0,25173184,0,389,0,0,25.5643,128,[-123 81 24 0 -11 40 -5 36 -5 32 -7 30 -2 24 -2 20 -4 17 -8 14 -11 11 -13 13 -15 10 -18 15 -19 18 -20 16 -17 18 -17 19 -16 18 -15 17 -12 15 -12 13 -8 9 -11 7 -8 4 -10 -1 -8 0 0 0 0 0 0 0 0 0 0 0 0 0 0 0 0 0 0 0 0 0 0 0 11 12 10 11 8 11 3 12 2 12 0 12 -1 17 -1 15 -5 19 -5 18 -7 23 -3 23 -2 24 -1 25 2 28 -4 24 -1 21 -1 21 -3 19 -5 22 -7 23 -14 21 -16 21 -19 26 -19 34 -19 33 ]
CSI_DATA,STA,E4:D1:24:F1:02:C0,-77,10,0,0,0,0,0,0,0,0,0,-97,0,13,0,25275586,0,389,0,0,25.6667,128,[-123 81 24 0 -3 41 0 42 4 35 6 32 6 26 3 20 1 14 -5 17 -9 14 -7 16 -12 17 -14 20 -13 20 -13 19 -14 22 -12 25 -11 19 -11 20 -7 18 -5 14 -7 13 -5 10 -10 6 -10 1 -11 3 0 0 0 0 0 0 0 0 0 0 0 0 0 0 0 0 0 0 0 0 0 0 12 7 11 8 9 11 6 10 3 13 3 12 3 14 1 16 0 20 0 22 0 20 1 22 4 26 5 26 7 26 5 24 3 23 5 22 2 20 0 20 -1 22 -7 22 -9 27 -12 30 -10 32 -13 44 ]
CSI_DATA,STA,E4:D1:24:F1:02:C0,-77,10,0,0,0,0,0,0,0,0,0,-97,0,13,0,25480391,0,389,0,0,25.8714,128,[-123 81 24 0 32 20 31 17 29 16 27 13 21 10 19 10 14 9 12 10 10 11 10 15 12 14 11 18 13 20 16 19 15 18 18 18 16 17 15 13 14 12 8 9 11 8 5 9 2 8 0 20 -15 14 0 0 0 0 0 0 0 0 0 0 0 0 0 0 0 0 0 0 0 0 0 0 15 1 14 2 14 3 12 4 9 6 8 8 8 10 11 12 9 11 11 17 12 17 13 17 18 17 19 14 20 14 19 14 20 13 18 10 19 12 15 14 15 16 14 22 14 24 18 27 21 29 25 33 ]
CSI_DATA,STA,E4:D1:24:F1:02:C0,-77,10,0,0,0,0,0,0,0,0,0,-97,0,13,0,25495013,0,64,0,0,25.9018,128,[64 0 4 0 -13 -44 -11 -37 -11 -33 -9 -26 -11 -23 -7 -22 -4 -19 -1 -18 0 -17 2 -20 8 -20 7 -23 9 -20 7 -25 3 -25 3 -26 5 -26 3 -20 0 -21 1 -17 2 -14 5 -13 8 -8 5 -4 13 1 0 0 0 0 0 0 0 0 0 0 0 0 0 0 0 0 0 0 0 0 0 0 -14 -5 -13 -5 -14 -6 -10 -8 -10 -11 -8 -12 -6 -16 -8 -17 -5 -18 -8 -20 -8 -23 -9 -24 -10 -27 -11 -24 -9 -26 -14 -24 -11 -21 -11 -20 -8 -20 -6 -21 -3 -23 0 -24 3 -32 5 -34 4 -41 0 -43 ]
CSI_DATA,STA,E4:D1:24:F1:02:C0,-77,10,0,0,0,0,0,0,0,0,0,-97,0,13,0,25582794,0,389,0,0,25.9739,128,[-123 81 24 0 -40 18 -34 15 -29 21 -26 14 -23 12 -21 7 -17 8 -15 2 -18 0 -19 -1 -23 -3 -25 -2 -26 -3 -27 0 -24 2 -27 2 -26 1 -21 3 -18 2 -16 0 -15 -2 -11 -3 -10 -7 -15 -8 -21 -3 0 0 0 0 0 0 0 0 0 0 0 0 0 0 0 0 0 0 0 0 0 0 -1 15 -5 15 -7 12 -6 11 -7 9 -13 9 -13 11 -14 8 -18 7 -20 8 -19 13 -23 13 -22 16 -23 15 -21 15 -21 15 -21 15 -20 13 -19 10 -24 9 -22 6 -24 5 -30 2 -34 7 -39 10 -44 12 ]
CSI_DATA,STA,E4:D1:24:F1:02:C0,-77,10,0,0,0,0,0,0,0,0,0,-97,0,13,0,25685215,0,389,0,0,26.0763,128,[-123 81 24 0 15 39 15 37 14 30 16 26 12 21 9 20 8 11 -3 14 0 17 -5 16 -4 20 -7 20 -9 25 -6 26 -3 26 -5 24 0 25 1 21 0 17 -1 16 -1 14 -4 10 -4 5 -9 7 -18 -13 0 0 0 0 0 0 0 0 0 0 0 0 0 0 0 0 0 0 0 0 0 0 15 0 10 3 11 6 13 6 7 10 9 9 7 13 8 19 5 19 8 21 8 16 10 22 12 22 14 23 16 24 15 19 14 21 11 15 9 19 8 21 12 27 -1 26 1 27 -1 36 1 45 4 42 ]
CSI_DATA,STA,E4:D1:24:F1:02:C0,-77,10,0,0,0,0,0,0,0,0,0,-97,0,13,0,25697423,0,407,0,0,26.1058,128,[-105 113 25 0 6 -42 3 -38 0 -36 0 -29 0 -25 1 -21 5 -19 8 -16 11 -17 13 -15 13 -16 15 -19 16 -21 14 -20 12 -24 11 -21 10 -23 8 -20 8 -20 5 -14 4 -11 6 -9 8 -6 9 -5 15 6 0 0 0 0 0 0 0 0 0 0 0 0 0 0 0 0 0 0 0 0 0 0 -7 -14 -7 -14 -5 -16 -2 -14 -1 -15 1 -17 5 -15 4 -16 7 -21 8 -23 7 -24 6 -26 4 -24 2 -27 5 -25 3 -25 2 -25 3 -22 8 -22 13 -23 11 -21 13 -19 16 -30 18 -33 20 -35 19 -41 ]
CSI_DATA,STA,E4:D1:24:F1:02:C0,-77,10,0,0,0,0,0,0,0,0,0,-97,0,13,0,25787738,0,389,0,0,26.1788,128,[-123 81 24 0 44 2 37 0 36 -6 31 -5 24 -4 18 -1 18 -2 14 6 17 7 17 11 17 11 21 12 23 13 21 15 22 12 22 9 22 9 20 6 17 7 14 7 13 5 9 5 7 5 -1 7 2 8 0 0 0 0 0 0 0 0 0 0 0 0 0 0 0 0 0 0 0 0 0 0 9 -15 9 -14 12 -9 11 -8 12 -7 15 -5 13 -2 13 -2 20 -2 21 -3 23 -2 25 -5 28 -3 24 -2 25 -7 23 -2 23 -6 19 -5 22 -3 23 0 23 4 26 7 30 10 35 10 42 14 42 10 ]
CSI_DATA,STA,E4:D1:24:F1:02:C0,-77,10,0,0,0,0,0,0,0,0,0,-97,0,13,0,25857715,0,64,0,0,26.2486,128,[64 0 4 0 -28 35 -21 31 -19 30 -16 24 -11 22 -13 17 -12 13 -14 11 -17 10 -19 5 -21 8 -21 7 -24 9 -25 10 -20 11 -20 15 -19 12 -17 14 -16 12 -14 10 -13 10 -10 5 -10 1 -8 -2 -14 -5 0 0 0 0 0 0 0 0 0 0 0 0 0 0 0 0 0 0 0 0 0 0 2 13 1 16 0 13 -4 14 -6 13 -6 12 -9 12 -10 12 -11 16 -14 15 -14 17 -17 18 -12 20 -14 20 -13 22 -12 23 -8 22 -9 20 -11 15 -17 17 -15 16 -22 15 -27 18 -30 19 -34 24 -36 27 ]
CSI_DATA,STA,E4:D1:24:F1:02:C0,-77,10,0,0,0,0,0,0,0,0,0,-97,0,13,0,25858803,0,64,0,0,26.2823,128,[64 0 4 0 31 -17 29 -20 28 -16 19 -12 16 -13 17 -11 12 -6 15 -3 19 2 18 6 20 4 19 1 21 3 23 1 22 1 21 -3 23 1 18 0 17 -3 12 -3 13 -1 6 1 3 6 5 11 -7 -15 0 0 0 0 0 0 0 0 0 0 0 0 0 0 0 0 0 0 0 0 0 0 4 -12 6 -13 7 -10 8 -9 8 -10 8 -8 12 -9 14 -6 15 -8 16 -9 17 -9 19 -10 22 -11 20 -11 18 -13 19 -15 14 -16 17 -11 16 -12 20 -8 22 -3 22 -4 28 -4 30 -2 33 -3 36 -7 ]
CSI_DATA,STA,E4:D1:24:F1:02:C0,-77,10,0,0,0,0,0,0,0,0,0,-97,0,13,0,25890001,0,389,0,0,26.3221,128,[-123 81 24 0 25 -37 17 -32 17 -30 13 -25 10 -22 8 -19 10 -14 14 -9 13 -8 18 -7 20 -8 22 -9 22 -11 25 -11 23 -17 23 -14 20 -14 18 -15 15 -12 12 -11 12 -9 12 -5 9 -1 8 2 9 12 0 0 0 0 0 0 0 0 0 0 0 0 0 0 0 0 0 0 0 0 0 0 -5 -18 -4 -16 0 -17 -3 -13 -1 -15 4 -13 6 -14 8 -14 10 -18 11 -19 14 -17 14 -19 12 -23 14 -20 11 -22 11 -23 8 -23 9 -21 10 -17 14 -15 16 -16 24 -17 23 -14 28 -21 30 -23 32 -29 ]
CSI_DATA,STA,E4:D1:24:F1:02:C0,-77,10,0,0,0,0,0,0,0,0,0,-97,0,13,0,25975145,0,64,0,0,26.3673,128,[64 0 4 0 -8 -39 -10 -41 -13 -35 -12 -29 -8 -23 -5 -22 -4 -19 0 -17 5 -19 6 -19 6 -20 5 -22 8 -23 8 -24 7 -23 5 -24 0 -23 5 -22 0 -18 -1 -20 6 -17 3 -8 11 -6 10 -2 -10 -15 0 0 0 0 0 0 0 0 0 0 0 0 0 0 0 0 0 0 0 0 0 0 -17 -10 -13 -9 -11 -9 -8 -10 -4 -8 -8 -16 -5 -13 1 -13 0 -16 -1 -19 -1 -19 -5 -28 -10 -21 -7 -26 -8 -26 -10 -28 -6 -23 -8 -22 -5 -24 -2 -26 -1 -25 3 -26 4 -27 3 -35 0 -41 2 -45 ]
CSI_DATA,STA,E4:D1:24:F1:02:C0,-77,10,0,0,0,0,0,0,0,0,0,-97,0,13,0,25992404,0,389,0,0,26.4084,128,[-123 81 24 0 26 33 24 27 23 20 16 17 15 16 10 14 3 13 3 15 -3 17 -2 16 -6 18 -5 19 -6 23 -6 23 -7 22 -5 24 -5 21 0 19 -2 19 -1 15 -4 12 -7 8 -8 4 -9 1 -10 2 0 0 0 0 0 0 0 0 0 0 0 0 0 0 0 0 0 0 0 0 0 0 10 -11 11 -9 10 -9 11 -5 12 -2 14 1 14 2 14 4 20 7 24 -5 3 10 6 23 25 3 21 8 19 9 23 6 17 6 18 8 15 10 13 13 10 16 13 20 14 22 13 32 15 33 18 35 ]
CSI_DATA,STA,E4:D1:24:F1:02:C0,-77,10,0,0,0,0,0,0,0,0,0,-97,0,13,0,26094806,0,389,0,0,26.4858,128,[-123 81 24 0 -33 27 -33 25 -26 23 -23 20 -18 17 -16 11 -16 8 -16 4 -19 1 -21 -2 -22 -3 -25 -3 -27 -1 -26 -2 -25 1 -25 4 -25 3 -22 3 -21 4 -15 3 -13 -1 -12 0 -8 -3 -7 -8 -10 -14 0 0 0 0 0 0 0 0 0 0 0 0 0 0 0 0 0 0 0 0 0 0 1 19 0 15 -1 15 -2 14 -5 11 -9 9 -9 14 -11 13 -15 10 -18 15 -16 16 -18 15 -17 19 -16 22 -17 20 -16 20 -15 21 -15 14 -16 17 -17 11 -18 9 -27 11 -31 9 -35 9 -40 17 -42 16 ]
CSI_DATA,STA,E4:D1:24:F1:02:C0,-77,10,0,0,0,0,0,0,0,0,0,-97,0,13,0,26197209,0,389,0,0,26.5882,128,[-123 81 24 0 -40 17 -34 18 -31 15 -26 15 -23 12 -19 7 -19 6 -17 2 -17 -5 -23 -3 -22 -6 -24 -9 -22 -5 -25 -3 -27 0 -26 -1 -24 0 -22 2 -21 -2 -19 0 -13 0 -9 -4 -10 -4 -6 -6 -5 -13 0 0 0 0 0 0 0 0 0 0 0 0 0 0 0 0 0 0 0 0 0 0 -3 17 -5 14 -2 14 -11 10 -9 10 -11 7 -12 7 -16 7 -18 9 -19 6 -21 9 -22 10 -25 12 -23 14 -22 14 -21 13 -19 12 -21 14 -21 8 -22 6 -22 4 -25 1 -29 -1 -35 3 -42 0 -47 5 ]
CSI_DATA,STA,E4:D1:24:F1:02:C0,-77,10,0,0,0,0,0,0,0,0,0,-97,0,13,0,26299611,0,389,0,0,26.6907,128,[-123 81 24 0 45 -6 41 -9 33 -10 27 -12 24 -8 21 -5 18 -4 15 -1 17 5 15 9 20 9 22 11 20 9 25 12 22 10 25 7 25 8 23 5 21 6 15 5 13 4 7 5 5 6 0 11 1 6 0 0 0 0 0 0 0 0 0 0 0 0 0 0 0 0 0 0 0 0 0 0 6 -19 7 -16 7 -14 8 -9 10 -8 12 -6 13 -6 17 -6 20 -5 19 -4 20 -6 23 -6 23 -7 26 -11 23 -14 23 -13 22 -15 20 -10 19 -6 21 -5 19 -1 24 0 28 5 34 4 39 5 45 2 ]
CSI_DATA,STA,E4:D1:24:F1:02:C0,-77,10,0,0,0,0,0,0,0,0,0,-97,0,13,0,26402014,0,389,0,0,26.7931,128,[-123 81 24 0 14 -42 12 -34 5 -31 4 -30 7 -27 6 -19 6 -15 10 -14 12 -14 16 -14 15 -15 17 -13 18 -16 18 -17 13 -17 15 -18 15 -21 13 -17 11 -13 10 -14 8 -11 9 -7 8 -4 7 -2 16 4 0 0 0 0 0 0 0 0 0 0 0 0 0 0 0 0 0 0 0 0 0 0 -10 -14 -7 -15 -6 -14 -1 -13 -1 -13 1 -13 2 -13 7 -15 6 -17 9 -17 9 -20 9 -21 7 -24 7 -25 5 -25 5 -27 7 -24 3 -22 9 -22 8 -20 9 -21 15 -24 16 -24 20 -25 27 -28 23 -38 ]
CSI_DATA,STA,E4:D1:24:F1:02:C0,-77,10,0,0,0,0,0,0,0,0,0,-97,0,13,0,26504416,0,389,0,0,26.8955,128,[-123 81 24 0 38 11 41 4 35 3 30 4 25 2 22 6 17 8 14 6 16 7 13 9 13 13 17 15 17 19 18 15 19 14 17 14 17 14 19 10 19 9 13 10 11 7 9 7 4 6 1 9 -3 15 0 0 0 0 0 0 0 0 0 0 0 0 0 0 0 0 0 0 0 0 0 0 11 -10 14 -6 11 -6 11 -3 12 -1 13 0 15 5 15 3 18 6 17 7 20 6 22 6 27 5 23 3 26 2 25 1 22 2 20 3 20 6 22 5 20 9 23 13 20 15 26 19 30 17 37 23 ]
CSI_DATA,STA,E4:D1:24:F1:02:C0,-77,10,0,0,0,0,0,0,0,0,0,-97,0,13,0,26587871,0,64,0,0,26.9787,128,[64 0 4 0 18 -38 13 -36 8 -33 7 -29 8 -25 7 -21 7 -16 8 -14 12 -12 16 -14 17 -13 20 -13 21 -15 21 -17 22 -17 18 -19 17 -18 17 -19 10 -16 10 -13 9 -9 7 -7 7 -3 8 -1 5 1 0 0 0 0 0 0 0 0 0 0 0 0 0 0 0 0 0 0 0 0 0 0 -9 -19 -6 -16 -5 -16 0 -16 0 -14 4 -15 5 -12 7 -16 10 -16 8 -20 9 -20 9 -22 8 -24 8 -24 8 -26 7 -26 4 -23 7 -23 10 -21 8 -18 13 -21 18 -21 21 -21 23 -28 28 -31 31 -35 ]
CSI_DATA,STA,E4:D1:24:F1:02:C0,-77,10,0,0,0,0,0,0,0,0,0,-97,0,13,0,26811624,0,389,0,0,27.2026,128,[-123 81 24 0 -18 -36 -21 -33 -21 -29 -14 -23 -15 -21 -11 -18 -4 -17 -1 -17 -1 -17 2 -22 5 -21 3 -23 2 -26 2 -24 0 -27 1 -26 0 -24 0 -21 -1 -18 0 -15 1 -13 4 -10 5 -7 7 -5 11 -7 0 0 0 0 0 0 0 0 0 0 0 0 0 0 0 0 0 0 0 0 0 0 -19 -1 -14 -1 -16 -4 -11 -8 -13 -9 -12 -10 -9 -14 -11 -15 -14 -16 -12 -19 -13 -22 -14 -20 -16 -22 -14 -23 -17 -20 -17 -20 -18 -20 -15 -17 -12 -19 -10 -20 -6 -21 -7 -28 -2 -31 -3 -29 -7 -38 -10 -46 ]
CSI_DATA,STA,E4:D1:24:F1:02:C0,-77,10,0,0,0,0,0,0,0,0,0,-97,0,13,0,26914026,0,389,0,0,27.305,128,[-123 81 24 0 41 -13 33 -12 32 -15 27 -15 23 -12 18 -6 16 -1 16 1 16 9 18 9 19 9 22 12 22 12 22 12 27 8 23 9 23 6 23 6 21 3 17 4 12 3 9 4 9 5 0 5 5 6 0 0 0 0 0 0 0 0 0 0 0 0 0 0 0 0 0 0 0 0 0 0 -2 -17 0 -14 2 -15 4 -11 8 -12 8 -12 11 -11 14 -12 18 -12 19 -13 19 -13 23 -14 19 -17 21 -16 20 -17 21 -18 19 -17 16 -16 16 -10 20 -8 25 -4 24 0 29 0 35 2 43 0 47 -3 ]
CSI_DATA,STA,E4:D1:24:F1:02:C0,-77,10,0,0,0,0,0,0,0,0,0,-97,0,13,0,26935214,0,64,0,0,27.3363,128,[64 0 4 0 -44 -2 -35 0 -36 2 -28 1 -26 3 -20 -2 -17 -4 -14 -6 -17 -9 -16 -13 -17 -13 -18 -14 -19 -13 -23 -17 -20 -14 -22 -14 -20 -11 -20 -10 -19 -11 -16 -9 -11 -6 -11 -8 -6 -9 -5 -13 -7 -16 0 0 0 0 0 0 0 0 0 0 0 0 0 0 0 0 0 0 0 0 0 0 -10 14 -12 11 -11 8 -11 6 -14 4 -10 3 -16 0 -14 1 -19 2 -22 -1 -22 -2 -23 0 -28 -1 -25 1 -26 2 -25 4 -25 2 -21 1 -21 1 -21 0 -22 -7 -25 -9 -25 -14 -32 -15 -35 -14 -39 -13 ]
CSI_DATA,STA,E4:D1:24:F1:02:C0,-77,10,0,0,0,0,0,0,0,0,0,-97,0,13,0,26936352,0,64,0,0,27.3797,128,[64 0 4 0 7 39 10 35 12 30 10 26 9 22 8 19 1 17 -1 17 -1 18 -7 15 -7 20 -4 24 -6 23 -4 26 -3 24 -1 23 0 21 -2 22 2 18 -3 15 -2 13 -3 9 -5 10 -5 6 -16 5 0 0 0 0 0 0 0 0 0 0 0 0 0 0 0 0 0 0 0 0 0 0 16 10 12 10 7 9 7 10 4 8 6 11 2 16 2 15 3 20 1 21 -2 18 2 24 2 26 4 25 7 22 8 20 10 22 3 23 2 21 -1 20 1 21 -1 22 -5 30 -5 31 -3 37 -4 42 ]
CSI_DATA,STA,E4:D1:24:F1:02:C0,-77,10,0,0,0,0,0,0,0,0,0,-97,0,13,0,27015128,0,64,0,0,27.4197,128,[64 0 4 0 -9 -41 -10 -38 -9 -35 -9 -29 -6 -21 -3 -21 0 -16 3 -18 5 -18 7 -17 8 -18 10 -21 10 -24 9 -25 7 -27 6 -26 6 -24 3 -23 0 -21 4 -18 3 -11 4 -10 7 -5 7 -4 9 -4 0 0 0 0 0 0 0 0 0 0 0 0 0 0 0 0 0 0 0 0 0 0 -14 -8 -12 -7 -13 -12 -13 -11 -8 -12 -9 -14 -6 -15 -5 -17 -6 -19 -5 -20 -5 -24 -4 -25 -8 -25 -8 -27 -9 -25 -7 -21 -10 -22 -8 -25 -5 -23 -4 -23 -1 -22 2 -27 5 -29 6 -36 7 -39 4 -45 ]
CSI_DATA,STA,E4:D1:24:F1:02:C0,-77,10,0,0,0,0,0,0,0,0,0,-97,0,13,0,27016429,0,389,0,0,27.46,128,[-123 81 24 0 -16 41 -10 38 -9 32 -4 27 -5 22 -4 21 -7 16 -9 11 -13 12 -16 14 -16 13 -17 16 -18 15 -19 14 -15 18 -16 19 -14 16 -12 16 -11 15 -8 13 -10 8 -8 4 -5 1 -8 -1 -7 0 0 0 0 0 0 0 0 0 0 0 0 0 0 0 0 0 0 0 0 0 0 0 8 15 8 9 7 13 3 15 0 12 1 14 -4 16 -1 17 -3 17 -4 20 -6 22 -7 25 -5 27 -2 24 -5 26 -2 27 -4 25 -3 21 -6 20 -7 21 -10 19 -15 20 -18 27 -20 28 -19 35 -21 38 ]
CSI_DATA,STA,E4:D1:24:F1:02:C0,-77,10,0,0,0,0,0,0,0,0,0,-97,0,13,0,27118831,0,389,0,0,27.5098,128,[-123 81 24 0 -34 -25 -31 -23 -31 -19 -28 -17 -21 -11 -17 -14 -12 -13 -8 -11 -6 -19 -2 -20 -2 -20 -4 -24 -7 -29 -5 -27 -9 -24 -11 -24 -9 -23 -8 -23 -6 -19 -8 -15 -2 -14 -1 -8 2 -8 5 -9 7 -6 0 0 0 0 0 0 0 0 0 0 0 0 0 0 0 0 0 0 0 0 0 0 -16 9 -14 8 -14 4 -14 1 -14 -1 -14 -2 -14 -6 -17 -7 -19 -7 -22 -12 -21 -12 -22 -10 -26 -12 -27 -11 -26 -8 -21 -8 -22 -10 -23 -9 -19 -11 -18 -15 -14 -18 -15 -21 -16 -26 -21 -30 -24 -35 -31 -34 ]
CSI_DATA,STA,E4:D1:24:F1:02:C0,-76,10,0,0,0,0,0,0,0,0,0,-97,0,13,0,27221234,0,389,0,0,27.6123,128,[-123 81 24 0 12 37 9 30 13 30 9 22 5 19 2 17 -1 13 -4 14 -8 13 -12 15 -14 14 -15 17 -14 20 -13 23 -9 19 -14 21 -10 18 -11 16 -7 16 -9 13 -7 9 -7 7 -7 2 -8 0 -10 -9 0 0 0 0 0 0 0 0 0 0 0 0 0 0 0 0 0 0 0 0 0 0 13 -2 12 0 12 0 9 -1 15 7 13 4 14 24 27 14 5 10 13 15 1 10 11 15 13 16 15 16 13 15 15 11 11 12 13 14 10 15 7 17 5 19 3 22 -4 27 -3 33 -3 39 0 38 ]
CSI_DATA,STA,E4:D1:24:F1:02:C0,-77,10,0,0,0,0,0,0,0,0,0,-97,0,13,0,27323636,0,389,0,0,27.7147,128,[-123 81 24 0 -43 3 -43 5 -34 7 -29 5 -24 8 -19 1 -17 -3 -16 -4 -14 -8 -19 -12 -19 -17 -21 -16 -23 -16 -26 -15 -25 -13 -24 -9 -23 -7 -25 -7 -16 -6 -19 -6 -12 -6 -9 -9 -6 -6 -1 -9 -2 -16 0 0 0 0 0 0 0 0 0 0 0 0 0 0 0 0 0 0 0 0 0 0 -4 15 -10 12 -9 12 -12 9 -12 7 -10 6 -15 4 -17 3 -21 7 -23 6 -24 4 -24 6 -25 7 -25 6 -26 12 -25 7 -21 9 -21 7 -19 3 -20 -1 -23 -3 -28 -3 -30 -10 -34 -8 -43 -10 -48 -5 ]
CSI_DATA,STA,E4:D1:24:F1:02:C0,-77,10,0,0,0,0,0,0,0,0,0,-97,0,13,0,27439786,0,389,0,0,27.8309,128,[-123 81 24 0 10 44 12 38 16 28 12 25 9 21 8 20 3 16 -2 13 -4 20 -7 17 -11 18 -8 24 -9 24 -8 26 -6 27 -6 29 -2 24 0 21 0 20 -6 17 -1 11 -4 10 -5 8 -10 3 -14 -1 0 0 0 0 0 0 0 0 0 0 0 0 0 0 0 0 0 0 0 0 0 0 16 5 12 6 11 8 9 6 7 9 7 10 5 13 1 16 5 21 4 21 7 23 6 22 8 23 9 23 10 23 11 21 11 19 7 23 6 18 2 21 -1 24 0 26 -1 32 -2 39 -5 40 -2 45 ]
CSI_DATA,STA,E4:D1:24:F1:02:C0,-77,10,0,0,0,0,0,0,0,0,0,-97,0,13,0,27528475,0,389,0,0,27.9194,128,[-123 81 24 0 -43 12 -38 15 -33 15 -27 12 -21 10 -20 6 -19 7 -18 1 -14 -5 -19 -5 -21 -7 -23 -9 -26 -8 -25 -7 -25 -7 -25 -7 -26 -4 -24 -2 -21 -3 -18 -2 -15 -2 -10 -5 -7 -5 -7 -9 3 -10 0 0 0 0 0 0 0 0 0 0 0 0 0 0 0 0 0 0 0 0 0 0 -4 18 -7 14 -8 11 -11 10 -8 8 -10 7 -14 5 -19 6 -18 4 -21 5 -22 6 -25 9 -24 10 -25 12 -25 12 -22 14 -23 11 -19 9 -16 9 -21 6 -22 4 -25 -3 -31 -2 -33 -2 -41 -1 -46 0 ]
CSI_DATA,STA,E4:D1:24:F1:02:C0,-77,10,0,0,0,0,0,0,0,0,0,-97,0,13,0,27630844,0,389,0,0,28.0218,128,[-123 81 24 0 -6 -44 -11 -43 -13 -32 -7 -28 -9 -22 -4 -19 -2 -18 0 -14 3 -14 6 -18 11 -18 10 -19 11 -23 11 -23 10 -26 11 -22 8 -22 4 -23 5 -20 4 -16 5 -16 6 -10 6 -9 7 -5 7 6 0 0 0 0 0 0 0 0 0 0 0 0 0 0 0 0 0 0 0 0 0 0 -16 -6 -15 -7 -14 -5 -11 -9 -6 -8 -8 -13 -5 -16 -4 -16 -6 -21 -7 -22 -8 -22 -9 -23 -9 -24 -15 -25 -14 -25 -12 -21 -10 -22 -10 -23 -6 -21 -3 -22 -1 -24 2 -26 5 -27 5 -35 2 -39 3 -48 ]
CSI_DATA,STA,E4:D1:24:F1:02:C0,-77,10,0,0,0,0,0,0,0,0,0,-97,0,13,0,27655181,0,64,0,0,28.0567,128,[64 0 4 0 -19 39 -14 39 -10 35 -6 28 -5 24 -7 20 -8 15 -10 12 -14 9 -16 7 -18 10 -21 11 -21 14 -22 13 -19 16 -20 20 -17 18 -15 16 -12 14 -10 9 -11 9 -10 8 -12 3 -10 -2 -8 -5 0 0 0 0 0 0 0 0 0 0 0 0 0 0 0 0 0 0 0 0 0 0 10 15 5 14 4 13 1 13 -3 15 -2 13 -2 15 -8 16 -10 19 -9 18 -8 22 -10 23 -9 22 -8 23 -5 23 -6 27 -5 22 -7 21 -6 18 -10 19 -12 18 -17 18 -23 19 -27 23 -26 29 -31 34 ]
CSI_DATA,STA,E4:D1:24:F1:02:C0,-77,10,0,0,0,0,0,0,0,0,0,-97,0,13,0,27733922,0,389,0,0,28.125,128,[-123 81 24 0 -43 12 -41 13 -35 16 -27 14 -21 14 -23 8 -16 2 -15 -1 -16 -4 -19 -6 -19 -10 -22 -11 -25 -10 -27 -7 -26 -8 -27 -7 -26 -4 -24 -3 -21 -4 -17 -3 -17 -4 -9 -4 -7 -6 -7 -9 6 -9 0 0 0 0 0 0 0 0 0 0 0 0 0 0 0 0 0 0 0 0 0 0 -3 16 -5 13 -6 11 -7 11 -6 7 -12 6 -15 7 -19 6 -19 9 -19 6 -21 10 -26 9 -24 12 -22 11 -27 12 -22 16 -20 12 -21 10 -20 7 -21 3 -19 4 -26 0 -29 -1 -36 -5 -43 0 -44 -1 ]
CSI_DATA,STA,E4:D1:24:F1:02:C0,-76,10,0,0,0,0,0,0,0,0,0,-97,0,13,0,27836041,0,389,0,0,28.2272,128,[-123 81 24 0 33 -6 29 -7 27 -7 22 -8 20 -6 13 -4 13 -1 11 3 11 3 13 7 15 11 14 10 20 9 22 -4 15 27 13 -6 18 5 17 3 16 4 13 4 10 1 8 3 5 3 4 6 -4 10 0 0 0 0 0 0 0 0 0 0 0 0 0 0 0 0 0 0 0 0 0 0 4 -12 6 -11 6 -10 7 -7 8 -7 10 -7 12 -5 13 -3 16 -2 15 -4 19 -5 20 -4 18 -4 20 -7 18 -8 20 -7 18 -7 17 -7 16 -5 15 -2 17 0 19 4 23 6 26 6 32 7 38 4 ]
CSI_DATA,STA,E4:D1:24:F1:02:C0,-77,10,0,0,0,0,0,0,0,0,0,-97,0,13,0,27975714,0,64,0,0,28.3666,128,[64 0 4 0 -22 -41 -21 -36 -18 -31 -16 -27 -16 -19 -8 -17 -6 -16 1 -15 4 -17 9 -19 7 -21 11 -22 11 -25 12 -27 10 -27 10 -28 8 -26 6 -23 4 -24 4 -21 6 -12 5 -11 5 -6 11 -3 5 -2 0 0 0 0 0 0 0 0 0 0 0 0 0 0 0 0 0 0 0 0 0 0 -15 5 -16 5 -15 0 -13 -2 -11 -4 -11 -8 -12 -11 -14 -14 -10 -18 -17 -17 -15 -18 -19 -20 -21 -19 -20 -17 -20 -18 -20 -17 -15 -14 -15 -16 -12 -13 -8 -18 -8 -20 -5 -24 -1 -27 -1 -37 -5 -42 -9 -50 ]
CSI_DATA,STA,E4:D1:24:F1:02:C0,-77,10,0,0,0,0,0,0,0,0,0,-97,0,13,0,28040454,0,389,0,0,28.4313,128,[-123 81 24 0 16 -43 9 -40 6 -36 5 -31 4 -25 6 -21 7 -12 12 -9 15 -8 18 -6 21 -7 22 -5 27 -7 26 -9 25 -8 26 -12 23 -11 20 -11 17 -11 15 -9 12 -4 11 -3 6 2 7 4 9 8 0 0 0 0 0 0 0 0 0 0 0 0 0 0 0 0 0 0 0 0 0 0 -15 -5 -14 -6 -12 -9 -8 -9 -6 -10 -7 -13 -4 -14 -4 -20 -2 -21 -3 -25 -4 -28 -6 -26 -5 -29 -10 -27 -5 -28 -5 -25 -7 -20 -1 -23 0 -20 6 -20 8 -20 18 -26 17 -27 21 -29 27 -37 25 -40 ]
CSI_DATA,STA,E4:D1:24:F1:02:C0,-77,10,0,0,0,0,0,0,0,0,0,-97,0,13,0,28098814,0,64,0,0,28.4896,128,[64 0 4 0 -10 -44 -11 -34 -11 -33 -11 -25 -8 -19 -4 -18 1 -16 0 -13 4 -13 9 -18 8 -16 12 -23 11 -24 13 -25 7 -24 6 -24 8 -25 6 -19 3 -18 5 -18 5 -12 6 -12 5 -7 6 -2 10 -4 0 0 0 0 0 0 0 0 0 0 0 0 0 0 0 0 0 0 0 0 0 0 -16 -3 -14 -6 -14 -6 -12 -7 -9 -8 -10 -11 -8 -16 -7 -17 -8 -22 -8 -19 -10 -22 -11 -24 -11 -22 -13 -23 -15 -22 -16 -21 -11 -20 -12 -20 -10 -17 -6 -19 -2 -24 0 -27 1 -31 5 -37 8 -39 4 -44 ]
CSI_DATA,STA,E4:D1:24:F1:02:C0,-77,10,0,0,0,0,0,0,0,0,0,-97,0,13,0,28142856,0,389,0,0,28.5335,128,[-123 81 24 0 -43 -15 -41 -10 -36 -7 -29 -6 -24 -4 -20 -6 -14 -7 -11 -8 -10 -13 -12 -16 -13 -22 -11 -18 -14 -20 -14 -24 -17 -21 -18 -21 -17 -19 -15 -16 -20 -19 -15 -13 -9 -11 -6 -9 -2 -9 -1 -12 8 -6 0 0 0 0 0 0 0 0 0 0 0 0 0 0 0 0 0 0 0 0 0 0 -9 14 -10 11 -10 8 -13 6 -11 4 -15 -1 -16 -1 -18 0 -21 -3 -21 -4 -25 -2 -23 -1 -28 -1 -27 -1 -27 1 -25 -1 -24 0 -23 0 -22 -2 -21 -6 -18 -8 -21 -16 -25 -17 -29 -21 -34 -23 -42 -23 ]
CSI_DATA,STA,E4:D1:24:F1:02:C0,-77,10,0,0,0,0,0,0,0,0,0,-97,0,13,0,28245259,0,389,0,0,28.6362,128,[-123 81 24 0 -37 -30 -37 -23 -30 -16 -27 -16 -22 -12 -19 -11 -11 -12 -9 -12 -6 -14 -8 -19 -5 -23 -6 -27 -6 -26 -8 -27 -11 -24 -11 -25 -13 -22 -10 -23 -10 -19 -10 -16 -8 -15 -5 -11 -2 -9 4 -7 7 -2 0 0 0 0 0 0 0 0 0 0 0 0 0 0 0 0 0 0 0 0 0 0 -16 8 -13 4 -14 -1 -14 -1 -13 -2 -14 -5 -12 -8 -18 -11 -19 -12 -19 -12 -19 -14 -24 -12 -22 -14 -26 -11 -24 -13 -24 -10 -22 -11 -18 -9 -16 -15 -15 -14 -15 -18 -11 -23 -15 -25 -18 -30 -24 -35 -26 -36 ]
CSI_DATA,STA,E4:D1:24:F1:02:C0,-77,10,0,0,0,0,0,0,0,0,0,-97,0,13,0,28347661,0,389,0,0,28.7386,128,[-123 81 24 0 41 -18 35 -19 31 -20 22 -16 21 -13 13 -6 14 -5 15 -2 18 3 16 8 21 9 21 10 27 10 28 8 26 7 28 6 25 5 23 1 21 2 18 5 12 4 10 5 4 8 3 9 -6 10 0 0 0 0 0 0 0 0 0 0 0 0 0 0 0 0 0 0 0 0 0 0 -4 -15 0 -16 1 -16 6 -12 5 -11 9 -13 9 -11 12 -13 15 -15 17 -14 20 -13 20 -20 17 -18 20 -18 15 -17 16 -18 15 -16 17 -13 16 -10 18 -7 22 -5 26 -4 34 -2 34 0 43 -3 48 -11 ]
CSI_DATA,STA,E4:D1:24:F1:02:C0,-77,10,0,0,0,0,0,0,0,0,0,-97,0,13,0,28450064,0,389,0,0,28.8411,128,[-123 81 24 0 33 -32 30 -32 26 -30 19 -24 15 -19 17 -13 11 -7 13 -5 19 1 21 3 23 0 22 3 25 5 29 2 29 2 28 -1 28 -1 25 -1 22 -2 16 -3 14 0 11 2 6 4 1 7 0 6 0 0 0 0 0 0 0 0 0 0 0 0 0 0 0 0 0 0 0 0 0 0 -9 -14 -8 -14 -4 -14 -2 -13 1 -15 1 -16 7 -18 6 -18 9 -20 11 -21 10 -23 12 -23 11 -24 10 -29 9 -25 9 -24 6 -22 9 -22 11 -15 14 -15 21 -12 25 -16 29 -14 37 -15 41 -20 43 -24 ]
CSI_DATA,STA,E4:D1:24:F1:02:C0,-77,10,0,0,0,0,0,0,0,0,0,-97,0,13,0,28552467,0,389,0,0,28.9435,128,[-123 81 24 0 -44 -18 -37 -17 -34 -12 -30 -9 -25 -10 -19 -8 -12 -10 -11 -11 -8 -16 -7 -20 -6 -24 -6 -25 -7 -24 -8 -28 -9 -26 -9 -24 -9 -26 -9 -21 -8 -18 -8 -13 -7 -15 0 -11 3 -3 -7 -14 -3 -2 0 0 0 0 0 0 0 0 0 0 0 0 0 0 0 0 0 0 0 0 0 0 -9 13 -11 10 -12 8 -11 5 -12 1 -14 1 -17 2 -16 -2 -20 -5 -21 -5 -22 -5 -26 -6 -26 -4 -27 1 -26 -1 -25 -1 -23 -3 -21 -1 -22 -6 -18 -8 -20 -10 -20 -18 -19 -24 -25 -26 -25 -30 -34 -31 ]
CSI_DATA,STA,E4:D1:24:F1:02:C0,-77,10,0,0,0,0,0,0,0,0,0,-97,0,13,0,28654869,0,389,0,0,29.0459,128,[-123 81 24 0 -46 1 -40 5 -36 9 -31 5 -26 5 -22 3 -15 -1 -15 -7 -16 -10 -16 -13 -16 -15 -17 -18 -23 -17 -22 -18 -21 -14 -20 -15 -26 -12 -20 -12 -21 -9 -14 -5 -13 -5 -6 -7 -4 -7 1 -10 8 -10 0 0 0 0 0 0 0 0 0 0 0 0 0 0 0 0 0 0 0 0 0 0 -7 15 -7 11 -10 10 -10 7 -12 6 -12 3 -12 2 -20 5 -21 3 -23 2 -24 4 -25 4 -26 4 -24 8 -24 10 -24 6 -23 9 -22 5 -18 7 -18 -1 -23 -2 -27 -5 -27 -9 -32 -9 -42 -11 -44 -10 ]
CSI_DATA,STA,E4:D1:24:F1:02:C0,-77,10,0,0,0,0,0,0,0,0,0,-97,0,13,0,28695279,0,64,0,0,29.0857,128,[64 0 4 0 40 17 35 13 34 10 28 8 24 7 18 8 13 7 12 12 11 15 8 18 6 21 10 23 11 24 13 24 12 22 13 24 16 22 15 15 14 16 9 14 8 10 3 9 -2 10 -6 10 -9 -8 0 0 0 0 0 0 0 0 0 0 0 0 0 0 0 0 0 0 0 0 0 0 14 -9 11 -7 12 -4 13 0 13 1 15 2 15 3 17 6 18 6 19 9 20 5 25 7 26 4 21 6 24 3 22 3 21 4 19 3 15 6 17 9 17 11 16 17 19 26 23 26 27 30 33 33 ]
CSI_DATA,STA,E4:D1:24:F1:02:C0,-77,10,0,0,0,0,0,0,0,0,0,-97,0,13,0,28757272,0,389,0,0,29.1482,128,[-123 81 24 0 42 -1 37 -5 36 -6 26 -6 22 -7 21 -5 17 -2 15 3 13 7 13 9 17 11 20 11 21 15 25 12 22 13 24 12 24 7 23 6 18 7 19 6 11 3 10 6 6 6 2 7 1 13 0 0 0 0 0 0 0 0 0 0 0 0 0 0 0 0 0 0 0 0 0 0 7 -12 8 -11 12 -9 10 -5 8 0 16 -1 15 0 18 0 17 0 20 -1 24 -6 24 -2 23 -4 24 -4 25 -5 23 -10 19 -8 21 -6 20 -3 18 2 18 4 26 11 26 13 31 12 35 11 42 15 ]
CSI_DATA,STA,E4:D1:24:F1:02:C0,-77,10,0,0,0,0,0,0,0,0,0,-97,0,13,0,28962077,0,389,0,0,29.3532,128,[-123 81 24 0 11 36 13 30 15 27 13 23 11 17 8 17 1 16 -1 15 -4 13 -5 15 -9 17 -6 22 -6 22 -8 23 -4 23 -3 22 -3 22 -2 20 1 18 0 16 0 12 -3 8 -5 5 -7 3 -15 0 0 0 0 0 0 0 0 0 0 0 0 0 0 0 0 0 0 0 0 0 0 0 14 4 12 5 8 8 7 7 8 9 6 9 5 13 4 14 6 17 8 17 6 20 6 21 13 20 10 19 10 19 11 21 10 18 5 18 7 16 2 19 2 18 -1 23 -2 27 -2 31 -1 36 2 42 ]
CSI_DATA,STA,E4:D1:24:F1:02:C0,-77,10,0,0,0,0,0,0,0,0,0,-97,0,13,0,29057307,0,64,0,0,29.448,128,[64 0 4 0 40 -8 40 -8 34 -8 26 -10 21 -8 17 -8 16 -2 14 4 17 5 17 8 21 10 22 12 25 12 25 11 27 8 23 7 26 4 20 3 21 6 17 2 16 1 8 3 7 4 4 10 -5 12 0 0 0 0 0 0 0 0 0 0 0 0 0 0 0 0 0 0 0 0 0 0 6 -18 6 -13 8 -12 11 -9 10 -7 13 -7 16 -5 17 -3 23 -4 20 -6 20 -3 24 -5 27 -7 24 -9 23 -12 22 -10 20 -11 19 -9 19 -7 18 -1 20 4 27 5 29 4 35 11 40 11 44 6 ]
CSI_DATA,STA,E4:D1:24:F1:02:C0,-77,10,0,0,0,0,0,0,0,0,0,-97,0,13,0,29058193,0,64,0,0,29.4775,128,[64 0 4 0 -40 12 -34 15 -28 16 -20 14 -17 9 -15 8 -12 3 -12 -1 -16 -5 -17 -7 -17 -14 -20 -11 -21 -11 -24 -8 -22 -6 -24 -5 -22 -4 -18 -4 -18 -1 -16 -3 -10 -1 -9 -3 -8 -8 -10 -2 18 -25 0 0 0 0 0 0 0 0 0 0 0 0 0 0 0 0 0 0 0 0 0 0 2 13 1 13 1 13 -3 10 -6 9 -10 6 -12 9 -13 8 -17 15 -19 10 -16 12 -20 13 -16 17 -18 19 -18 15 -15 16 -15 13 -15 12 -14 6 -19 3 -20 2 -22 3 -31 0 -32 -1 -38 5 -40 6 ]
CSI_DATA,STA,E4:D1:24:F1:02:C0,-77,10,0,0,0,0,0,0,0,0,0,-97,0,13,0,29064479,0,389,0,0,29.52,128,[-123 81 24 0 -9 -44 -17 -40 -11 -33 -13 -25 -12 -20 -7 -19 -2 -16 3 -15 4 -18 8 -19 10 -22 5 -24 10 -28 9 -27 6 -28 7 -26 4 -25 1 -22 0 -18 5 -17 2 -16 3 -10 6 -6 9 -4 21 0 0 0 0 0 0 0 0 0 0 0 0 0 0 0 0 0 0 0 0 0 0 0 -18 -7 -14 -7 -11 -10 -12 -11 -8 -11 -7 -12 -7 -15 -6 -19 -4 -20 -6 -21 -5 -25 -10 -24 -10 -26 -9 -26 -13 -23 -11 -24 -11 -23 -10 -18 -7 -18 -5 -23 0 -22 5 -28 5 -30 6 -37 0 -43 0 -49 ]
CSI_DATA,STA,E4:D1:24:F1:02:C0,-77,10,0,0,0,0,0,0,0,0,0,-97,0,13,0,29166882,0,389,0,0,29.5656,128,[-123 81 24 0 44 16 35 14 40 8 29 5 27 7 15 7 13 7 8 11 5 16 6 16 4 20 4 22 5 25 8 26 10 24 12 24 10 22 12 17 10 18 11 14 1 12 4 10 -1 7 -7 6 -6 3 0 0 0 0 0 0 0 0 0 0 0 0 0 0 0 0 0 0 0 0 0 0 6 -14 6 -15 8 -12 9 -8 13 -6 12 -3 16 -1 16 -1 21 -2 23 0 23 -1 28 -2 26 -3 30 -2 24 -4 22 -3 20 -2 20 -4 18 2 18 7 18 8 19 12 24 18 27 22 33 27 38 28 ]
CSI_DATA,STA,E4:D1:24:F1:02:C0,-77,10,0,0,0,0,0,0,0,0,0,-97,0,13,0,29175134,0,64,0,0,29.6024,128,[64 0 4 0 32 -28 25 -23 25 -25 19 -21 17 -15 14 -12 12 -3 12 -5 18 1 21 3 22 6 27 3 28 2 24 0 27 0 23 -3 26 -3 20 -2 19 -1 19 -4 13 -1 7 1 8 5 11 9 -2 21 0 0 0 0 0 0 0 0 0 0 0 0 0 0 0 0 0 0 0 0 0 0 -3 -20 2 -15 -1 -15 3 -11 6 -12 5 -10 9 -10 11 -15 15 -15 14 -14 12 -14 19 -20 16 -21 14 -20 14 -21 17 -20 13 -17 14 -18 16 -16 15 -10 18 -12 24 -9 26 -10 32 -7 40 -13 42 -16 ]
CSI_DATA,STA,E4:D1:24:F1:02:C0,-77,10,0,0,0,0,0,0,0,0,0,-97,0,13,0,29269284,0,389,0,0,29.6603,128,[-123 81 24 0 -6 -44 -8 -39 -8 -32 -9 -26 -7 -24 -1 -20 1 -18 3 -13 6 -16 9 -18 11 -22 12 -22 12 -22 12 -24 11 -27 11 -26 7 -23 5 -22 3 -21 4 -16 3 -16 4 -12 5 -8 7 -5 15 4 0 0 0 0 0 0 0 0 0 0 0 0 0 0 0 0 0 0 0 0 0 0 -16 -6 -13 -9 -10 -8 -11 -12 -7 -13 -6 -13 -5 -18 -1 -18 -3 -20 -3 -22 -6 -27 -4 -27 -8 -27 -8 -25 -11 -25 -11 -27 -9 -25 -5 -22 -3 -21 -3 -22 -2 -23 4 -26 7 -31 8 -36 10 -39 6 -49 ]
CSI_DATA,STA,E4:D1:24:F1:02:C0,-77,10,0,0,0,0,0,0,0,0,0,-97,0,13,0,29371743,0,389,0,0,29.7628,128,[-123 81 24 0 -39 16 -40 20 -29 22 -28 17 -22 13 -15 6 -16 4 -15 1 -17 -2 -18 -6 -24 -9 -22 -7 -23 -11 -26 -8 -27 -8 -26 -8 -27 -3 -26 -4 -22 -3 -19 -1 -13 -3 -10 -4 -6 -5 -4 -9 -2 -6 0 0 0 0 0 0 0 0 0 0 0 0 0 0 0 0 0 0 0 0 0 0 3 15 -1 16 -2 11 -5 12 -6 12 -10 10 -10 12 -12 11 -17 12 -15 14 -18 17 -17 19 -21 21 -17 23 -22 20 -16 20 -15 19 -16 12 -17 12 -18 11 -21 5 -27 4 -29 4 -37 6 -43 9 -48 11 ]
CSI_DATA,STA,E4:D1:24:F1:02:C0,-77,10,0,0,0,0,0,0,0,0,0,-97,0,13,0,29474089,0,389,0,0,29.8652,128,[-123 81 24 0 10 39 11 34 12 28 10 23 7 19 4 18 0 15 -3 13 -7 15 -10 15 -13 17 -13 19 -14 22 -12 20 -11 22 -9 22 -9 22 -8 21 -5 17 -4 15 -7 11 -5 8 -7 4 -7 0 -15 -3 0 0 0 0 0 0 0 0 0 0 0 0 0 0 0 0 0 0 0 0 0 0 14 0 12 3 12 3 8 5 7 7 8 9 9 13 9 14 7 16 8 18 13 17 9 19 12 19 12 19 13 18 13 17 10 15 7 14 6 15 1 19 0 22 0 25 -4 28 -3 37 -4 36 1 42 ]
CSI_DATA,STA,E4:D1:24:F1:02:C0,-77,10,0,0,0,0,0,0,0,0,0,-97,0,13,0,29576492,0,389,0,0,29.9676,128,[-123 81 24 0 16 37 19 31 14 29 16 23 11 19 7 16 3 15 -2 14 -3 14 -8 16 -7 21 -9 21 -7 24 -8 24 -4 24 -7 23 -6 22 -1 21 -3 19 -1 17 0 12 -4 8 -6 5 -8 3 -11 -5 0 0 0 0 0 0 0 0 0 0 0 0 0 0 0 0 0 0 0 0 0 0 15 -1 13 0 13 2 9 4 8 7 8 7 8 12 10 13 8 15 10 17 11 16 13 17 14 19 14 19 15 17 14 14 12 15 10 15 10 14 7 19 3 18 4 25 2 27 1 31 4 37 7 44 ]
CSI_DATA,STA,E4:D1:24:F1:02:C0,-77,10,0,0,0,0,0,0,0,0,0,-97,0,13,0,29678894,0,389,0,0,30.07,128,[-123 81 24 0 7 -40 1 -37 0 -34 -2 -28 -1 -21 1 -18 5 -14 6 -10 12 -9 11 -11 16 -8 19 -12 22 -13 21 -12 17 -14 19 -16 18 -14 13 -15 14 -14 11 -14 10 -7 6 -5 9 -2 5 2 12 3 0 0 0 0 0 0 0 0 0 0 0 0 0 0 0 0 0 0 0 0 0 0 -16 -3 -12 -5 -10 -6 -10 -7 -8 -8 -5 -10 -3 -14 -4 -16 -4 -15 -2 -19 -4 -20 -5 -21 -4 -25 -8 -21 -7 -21 -8 -21 -8 -18 -5 -19 -2 -18 1 -18 5 -19 9 -21 13 -26 14 -29 13 -34 11 -39 ]
CSI_DATA,STA,E4:D1:24:F1:02:C0,-77,10,0,0,0,0,0,0,0,0,0,-97,0,13,0,29781297,0,389,0,0,30.1722,128,[-123 81 24 0 -45 12 -42 13 -32 14 -28 14 -23 12 -19 6 -16 4 -16 1 -15 -4 -19 -6 -19 -8 -21 -10 -27 -7 -25 -9 -24 -5 -28 -5 -27 -4 -24 -2 -22 1 -20 -1 -17 -2 -15 -5 -11 -10 -10 -14 1 -8 0 0 0 0 0 0 0 0 0 0 0 0 0 0 0 0 0 0 0 0 0 0 -7 16 -9 12 -7 9 -11 7 -13 5 -11 5 -16 3 -16 5 -22 4 -20 2 -24 3 -23 9 -26 9 -27 10 -23 10 -25 13 -23 11 -19 8 -20 8 -18 4 -22 1 -23 -1 -31 -2 -35 -3 -39 -5 -43 1 ]
CSI_DATA,STA,E4:D1:24:F1:02:C0,-77,10,0,0,0,0,0,0,0,0,0,-97,0,13,0,29787484,0,64,0,0,30.2061,128,[64 0 4 0 19 -37 14 -34 13 -32 10 -29 8 -19 7 -18 8 -12 11 -10 14 -6 17 -6 19 -2 22 -4 23 -5 24 -4 24 -6 25 -6 21 -10 19 -8 17 -6 14 -7 13 -4 10 0 6 3 5 7 4 3 0 0 0 0 0 0 0 0 0 0 0 0 0 0 0 0 0 0 0 0 0 0 -10 -10 -10 -10 -8 -10 -7 -11 -4 -12 -2 -12 -1 -12 2 -17 1 -18 5 -19 4 -22 2 -19 4 -23 3 -24 1 -23 -2 -22 0 -20 1 -20 4 -17 7 -15 9 -15 16 -17 20 -17 22 -22 26 -24 28 -30 ]
CSI_DATA,STA,E4:D1:24:F1:02:C0,-77,10,0,0,0,0,0,0,0,0,0,-97,0,13,0,29883910,0,389,0,0,30.2749,128,[-123 81 24 0 9 -38 6 -37 3 -31 5 -26 -1 -24 -1 -18 3 -15 7 -13 9 -12 10 -11 12 -12 16 -13 17 -14 16 -15 17 -15 16 -18 13 -18 12 -17 11 -15 10 -13 7 -10 7 -8 8 -4 8 -2 13 6 0 0 0 0 0 0 0 0 0 0 0 0 0 0 0 0 0 0 0 0 0 0 -10 -9 -10 -9 -8 -9 -4 -11 -1 -10 -2 -11 1 -12 -1 -18 2 -16 3 -19 2 -20 0 -23 0 -25 -2 -22 -2 -25 -2 -22 1 -22 -3 -20 2 -15 4 -15 7 -17 10 -18 13 -20 16 -25 18 -29 19 -35 ]
CSI_DATA,STA,E4:D1:24:F1:02:C0,-76,10,0,0,0,0,0,0,0,0,0,-97,0,13,0,29986102,0,389,0,0,30.3772,128,[-123 81 24 0 -37 -27 -35 -22 -29 -17 -31 -14 -25 -11 -14 -13 -9 -8 -8 -16 -6 -13 -2 -19 -5 -22 -6 -23 -4 -25 -4 -26 -7 -28 -9 -27 -9 -25 -10 -21 -8 -20 -7 -17 -3 -15 -3 -11 1 -13 6 -9 1 -6 0 0 0 0 0 0 0 0 0 0 0 0 0 0 0 0 0 0 0 0 0 0 -12 11 -14 6 -15 6 -11 2 -13 0 -15 -4 -16 -6 -17 -8 -19 -6 -20 -10 -24 -12 -24 -11 -26 -11 -28 -7 -24 -7 -25 -5 -23 -7 -18 -8 -17 -9 -17 -12 -18 -16 -18 -21 -17 -20 -19 -28 -22 -33 -30 -35 ]
CSI_DATA,STA,E4:D1:24:F1:02:C0,-77,10,0,0,0,0,0,0,0,0,0,-97,0,13,0,30088504,0,389,0,0,30.4796,128,[-123 81 24 0 -17 40 -12 36 -7 33 -4 28 -4 28 -5 20 -9 16 -11 11 -12 10 -15 9 -20 9 -22 12 -26 13 -20 16 -18 17 -19 17 -18 17 -15 15 -13 16 -12 11 -10 10 -12 7 -11 3 -8 -1 -14 -9 0 0 0 0 0 0 0 0 0 0 0 0 0 0 0 0 0 0 0 0 0 0 11 12 8 13 5 12 4 12 0 13 -1 11 -5 14 -10 14 -6 23 -7 23 -7 24 -7 23 -4 25 -5 29 -4 25 -2 25 1 23 -4 18 -8 20 -8 21 -10 20 -14 19 -21 24 -22 28 -25 31 -27 36 ]
CSI_DATA,STA,E4:D1:24:F1:02:C0,-77,10,0,0,0,0,0,0,0,0,0,-97,0,13,0,30135337,0,64,0,0,30.5258,128,[64 0 4 0 -33 23 -30 20 -25 20 -20 19 -17 15 -14 11 -13 8 -15 1 -16 0 -16 -1 -19 -2 -22 -5 -23 -1 -23 -1 -24 0 -22 1 -20 2 -22 5 -20 2 -16 2 -11 1 -7 0 -8 -3 -9 -7 -3 -13 0 0 0 0 0 0 0 0 0 0 0 0 0 0 0 0 0 0 0 0 0 0 2 14 -2 15 -2 11 -4 11 -8 7 -8 8 -13 9 -14 9 -18 11 -17 10 -19 11 -18 13 -19 16 -19 16 -16 18 -17 16 -17 14 -16 14 -16 12 -18 9 -17 8 -22 5 -28 3 -34 5 -38 7 -39 11 ]
CSI_DATA,STA,E4:D1:24:F1:02:C0,-76,10,0,0,0,0,0,0,0,0,0,-97,0,13,0,30135423,0,64,0,0,30.5584,128,[64 0 4 0 -37 -20 -34 -17 -34 -10 -27 -11 -23 -7 -18 -7 -12 -10 -11 -9 -8 -13 -7 -16 -7 -20 -8 -21 -8 -21 -11 -22 -11 -20 -12 -21 -13 -20 -14 -17 -12 -16 -11 -12 -9 -11 -6 -9 -1 -6 2 -6 4 -9 0 0 0 0 0 0 0 0 0 0 0 0 0 0 0 0 0 0 0 0 0 0 -13 9 -13 6 -14 4 -11 1 -14 1 -10 -3 -12 -6 -16 -8 -16 -8 -17 -9 -22 -11 -22 -9 -24 -9 -25 -5 -21 -8 -25 -3 -20 -3 -18 -4 -17 -6 -16 -9 -14 -13 -16 -19 -17 -22 -19 -24 -24 -29 -26 -30 ]
CSI_DATA,STA,E4:D1:24:F1:02:C0,-77,10,0,0,0,0,0,0,0,0,0,-97,0,13,0,30190907,0,389,0,0,30.6043,128,[-123 81 24 0 4 44 5 41 8 37 8 29 5 23 0 19 -2 15 -6 13 -10 12 -12 14 -18 16 -16 15 -20 21 -18 23 -16 24 -17 22 -13 19 -12 19 -8 17 -8 15 -8 7 -10 5 -8 4 -11 0 -8 -9 0 0 0 0 0 0 0 0 0 0 0 0 0 0 0 0 0 0 0 0 0 0 17 -1 16 1 11 3 10 9 10 8 7 12 5 12 6 15 7 20 7 18 9 22 10 20 11 24 12 26 16 24 14 21 9 21 10 20 4 21 2 22 -1 24 -6 25 -8 28 -11 34 -8 43 -4 48 ]
CSI_DATA,STA,E4:D1:24:F1:02:C0,-77,10,0,0,0,0,0,0,0,0,0,-97,0,13,0,30215233,0,64,0,0,30.6433,128,[64 0 4 0 41 -5 36 -7 32 -10 25 -7 22 -6 18 -3 13 2 10 2 10 2 13 9 13 13 16 14 14 15 20 13 17 12 21 11 20 12 19 8 18 9 16 5 10 7 11 4 8 5 6 -3 -6 29 0 0 0 0 0 0 0 0 0 0 0 0 0 0 0 0 0 0 0 0 0 0 -1 -14 3 -14 5 -10 10 -9 6 -9 9 -6 14 -7 13 -6 18 -7 15 -7 19 -5 20 -8 20 -7 20 -7 18 -10 17 -11 17 -9 17 -9 11 -9 19 -2 17 1 21 4 27 8 30 7 35 6 38 4 ]
CSI_DATA,STA,E4:D1:24:F1:02:C0,-77,10,0,0,0,0,0,0,0,0,0,-97,0,13,0,30395712,0,389,0,0,30.7868,128,[-123 81 24 0 -41 16 -40 12 -34 13 -27 16 -22 10 -18 9 -17 3 -16 0 -18 -3 -20 -5 -23 -7 -24 -8 -24 -8 -29 -8 -26 -5 -26 -5 -22 -2 -24 3 -23 0 -17 -1 -15 -2 -10 -1 -8 -6 -3 -6 -4 9 0 0 0 0 0 0 0 0 0 0 0 0 0 0 0 0 0 0 0 0 0 0 -5 17 -5 14 -8 12 -9 9 -12 7 -9 9 -16 7 -16 8 -20 9 -21 6 -21 6 -23 10 -26 11 -23 11 -26 14 -23 10 -23 12 -20 9 -20 8 -23 2 -23 5 -30 -1 -29 -1 -35 -1 -41 -2 -47 1 ]
CSI_DATA,STA,E4:D1:24:F1:02:C0,-77,10,0,0,0,0,0,0,0,0,0,-97,0,13,0,30498114,0,389,0,0,30.8891,128,[-123 81 24 0 44 3 41 1 32 -1 28 -2 25 -3 21 3 14 5 12 5 12 13 13 13 12 18 15 19 18 19 16 17 18 20 22 17 20 19 19 15 16 10 15 11 11 8 6 7 3 8 -1 12 -10 11 0 0 0 0 0 0 0 0 0 0 0 0 0 0 0 0 0 0 0 0 0 0 7 -16 8 -12 10 -11 11 -9 11 -5 13 -3 15 -3 19 -3 21 -1 22 -1 21 -2 26 -2 26 -3 24 -5 25 -3 28 -4 20 -5 20 -2 20 -1 20 1 18 4 23 12 27 13 30 16 39 19 41 18 ]
CSI_DATA,STA,E4:D1:24:F1:02:C0,-77,10,0,0,0,0,0,0,0,0,0,-97,0,13,0,30560358,0,407,0,0,30.9513,128,[-105 113 25 0 39 -1 35 -6 33 -4 27 -8 21 -6 16 -3 14 2 13 3 13 7 14 11 16 14 17 18 19 15 18 15 19 13 20 12 21 8 19 8 16 7 18 6 10 6 8 7 5 5 1 8 0 3 0 0 0 0 0 0 0 0 0 0 0 0 0 0 0 0 0 0 0 0 0 0 3 -17 7 -15 6 -12 9 -10 8 -9 12 -5 15 -3 20 -5 19 -6 18 -2 24 -6 23 -6 24 -8 24 -7 25 -11 22 -9 22 -9 20 -8 19 -3 16 -3 19 1 22 7 27 10 31 13 36 10 42 10 ]
CSI_DATA,STA,E4:D1:24:F1:02:C0,-77,10,0,0,0,0,0,0,0,0,0,-97,0,13,0,30600517,0,389,0,0,30.9911,128,[-123 81 24 0 12 42 11 37 13 33 12 26 10 22 5 16 3 17 -4 14 -9 13 -11 16 -13 18 -13 22 -13 25 -14 27 -11 22 -8 27 -7 27 -5 23 -5 18 -4 15 -4 12 -6 8 -7 5 -11 3 -15 -6 0 0 0 0 0 0 0 0 0 0 0 0 0 0 0 0 0 0 0 0 0 0 15 4 13 1 13 8 11 7 8 9 7 11 7 14 6 17 6 18 8 21 10 21 9 21 10 24 16 20 12 21 14 19 13 19 11 17 8 18 2 18 1 21 -3 26 -1 31 -3 33 -2 41 2 46 ]
CSI_DATA,STA,E4:D1:24:F1:02:C0,-77,10,0,0,0,0,0,0,0,0,0,-97,0,13,0,30702919,0,389,0,0,31.094,128,[-123 81 24 0 19 -41 15 -39 9 -33 4 -27 5 -21 5 -21 9 -14 12 -9 13 -7 17 -7 19 -9 25 -9 25 -10 23 -15 24 -14 25 -14 17 -13 18 -15 16 -12 11 -12 12 -11 8 -2 8 0 6 3 7 3 0 0 0 0 0 0 0 0 0 0 0 0 0 0 0 0 0 0 0 0 0 0 -11 -10 -9 -11 -9 -11 -5 -12 -3 -12 0 -14 2 -16 1 -17 3 -16 1 -20 4 -24 5 -22 0 -25 3 -28 2 -24 2 -26 1 -23 3 -23 4 -21 7 -18 10 -19 15 -18 24 -22 26 -24 26 -32 28 -36 ]
CSI_DATA,STA,E4:D1:24:F1:02:C0,-77,10,0,0,0,0,0,0,0,0,0,-97,0,13,0,30805322,0,389,0,0,31.1964,128,[-123 81 24 0 -37 -25 -36 -22 -33 -19 -27 -12 -23 -12 -17 -13 -14 -11 -7 -15 -6 -16 -5 -20 0 -21 0 -23 -1 -26 -4 -28 -4 -27 -6 -26 -4 -25 -3 -23 -7 -21 -3 -16 -1 -15 0 -9 5 -6 3 17 19 -8 0 0 0 0 0 0 0 0 0 0 0 0 0 0 0 0 0 0 0 0 0 0 -11 13 -9 10 -10 6 -12 4 -14 2 -15 1 -14 -1 -19 -2 -19 -3 -18 -3 -24 -4 -26 -6 -25 -4 -25 1 -25 -4 -24 -1 -24 -2 -17 -5 -16 -6 -17 -10 -18 -16 -15 -20 -21 -22 -25 -28 -28 -32 -30 -35 ]
CSI_DATA,STA,E4:D1:24:F1:02:C0,-77,10,0,0,0,0,0,0,0,0,0,-97,0,13,0,30855574,0,64,0,0,31.246,128,[64 0 4 0 42 -3 37 -8 36 -5 30 -6 23 -9 20 -1 16 1 16 3 15 8 15 13 18 12 19 15 21 14 22 14 21 12 24 14 21 9 22 7 18 8 13 7 10 9 5 8 4 8 1 7 1 8 0 0 0 0 0 0 0 0 0 0 0 0 0 0 0 0 0 0 0 0 0 0 3 -16 5 -13 7 -13 10 -10 10 -7 12 -4 14 -6 15 -8 20 -3 21 -4 23 -6 26 -8 24 -6 25 -12 23 -11 23 -9 19 -12 21 -7 19 -7 18 -4 21 -1 25 3 28 11 32 11 39 9 45 8 ]
CSI_DATA,STA,E4:D1:24:F1:02:C0,-77,10,0,0,0,0,0,0,0,0,0,-97,0,13,0,31010127,0,389,0,0,31.4012,128,[-123 81 24 0 -31 -25 -27 -20 -30 -13 -24 -11 -20 -8 -15 -10 -13 -10 -9 -13 -6 -14 -5 -15 -3 -22 -6 -19 -8 -21 -10 -23 -11 -22 -11 -18 -10 -18 -12 -18 -10 -14 -10 -12 -6 -10 -4 -9 -1 -9 3 -9 5 -4 0 0 0 0 0 0 0 0 0 0 0 0 0 0 0 0 0 0 0 0 0 0 -14 2 -13 1 -11 -2 -10 -4 -10 -4 -11 -8 -11 -9 -12 -11 -15 -11 -14 -14 -15 -15 -20 -14 -19 -12 -21 -10 -22 -5 -18 -14 -6 -4 -19 9 -16 -13 -9 -14 -14 -15 -12 -22 -14 -22 -14 -28 -18 -30 -22 -33 ]
CSI_DATA,STA,E4:D1:24:F1:02:C0,-77,10,0,0,0,0,0,0,0,0,0,-97,0,13,0,31112529,0,389,0,0,31.5036,128,[-123 81 24 0 -44 12 -37 16 -32 16 -28 13 -22 10 -19 6 -18 6 -15 -4 -17 -6 -16 -7 -22 -13 -23 -12 -23 -14 -27 -8 -26 -10 -26 -7 -26 -7 -23 -5 -22 -4 -18 -3 -15 -7 -9 -5 -4 -6 -2 -6 -4 -14 0 0 0 0 0 0 0 0 0 0 0 0 0 0 0 0 0 0 0 0 0 0 2 14 -2 13 -3 11 -5 11 -10 9 -10 8 -15 12 -14 10 -19 11 -19 11 -20 14 -24 14 -24 13 -21 18 -21 14 -19 16 -17 14 -18 8 -19 8 -22 5 -21 0 -27 0 -31 0 -35 -1 -42 3 -52 6 ]
CSI_DATA,STA,E4:D1:24:F1:02:C0,-77,10,0,0,0,0,0,0,0,0,0,-97,0,13,0,31176721,0,64,0,0,31.5675,128,[64 0 4 0 -23 39 -18 38 -11 30 -11 26 -9 24 -10 18 -9 12 -13 8 -16 7 -18 4 -22 5 -25 5 -25 9 -27 7 -23 9 -21 8 -22 11 -20 10 -19 8 -15 8 -12 3 -11 2 -8 0 -7 -6 -10 -6 0 0 0 0 0 0 0 0 0 0 0 0 0 0 0 0 0 0 0 0 0 0 11 12 9 11 6 10 4 12 1 13 -3 13 -4 14 -3 17 -5 16 -7 19 -6 21 -6 25 -5 25 -4 20 -4 25 -1 25 -4 22 -4 21 -5 18 -8 15 -15 18 -16 17 -24 18 -26 23 -29 30 -30 35 ]
CSI_DATA,STA,E4:D1:24:F1:02:C0,-77,10,0,0,0,0,0,0,0,0,0,-97,0,13,0,31176806,0,64,0,0,31.5992,128,[64 0 4 0 -44 1 -38 7 -35 4 -30 7 -26 6 -19 1 -17 -3 -12 -6 -16 -9 -17 -11 -18 -13 -21 -14 -17 -15 -23 -14 -23 -14 -21 -12 -22 -9 -20 -11 -20 -5 -15 -8 -13 -6 -8 -9 -4 -10 -4 -11 7 -10 0 0 0 0 0 0 0 0 0 0 0 0 0 0 0 0 0 0 0 0 0 0 -7 15 -9 12 -12 8 -10 6 -12 6 -12 4 -16 2 -19 0 -19 0 -25 2 -24 4 -27 2 -26 7 -25 7 -22 8 -23 6 -22 8 -21 6 -19 3 -16 -8 -25 -5 -22 -6 -29 -13 -36 -14 -41 -14 -46 -14 ]
CSI_DATA,STA,E4:D1:24:F1:02:C0,-77,10,0,0,0,0,0,0,0,0,0,-97,0,13,0,31214932,0,389,0,0,31.6427,128,[-123 81 24 0 31 -33 24 -27 22 -30 14 -23 14 -20 11 -16 11 -10 15 -7 14 -1 20 -4 22 1 24 -1 25 -3 24 -5 24 -5 27 -5 24 -4 20 -5 19 -6 16 -3 14 -2 9 -2 5 2 3 6 4 6 0 0 0 0 0 0 0 0 0 0 0 0 0 0 0 0 0 0 0 0 0 0 -10 -15 -6 -13 -5 -13 -4 -13 3 -13 2 -13 8 -12 6 -17 12 -17 9 -21 10 -18 10 -23 10 -24 10 -22 10 -24 8 -22 10 -21 9 -19 11 -18 15 -15 15 -12 22 -13 25 -15 31 -19 33 -18 36 -26 ]
CSI_DATA,STA,E4:D1:24:F1:02:C0,-77,10,0,0,0,0,0,0,0,0,0,-97,0,13,0,31297798,0,64,0,0,31.6884,128,[64 0 4 0 37 -19 33 -18 23 -19 20 -17 16 -16 13 -9 12 -5 16 -2 14 3 19 7 19 4 22 8 24 3 23 3 24 2 25 1 24 -2 20 -1 19 -1 14 -3 11 0 9 1 6 4 5 6 -5 11 0 0 0 0 0 0 0 0 0 0 0 0 0 0 0 0 0 0 0 0 0 0 -2 -14 0 -13 2 -11 5 -13 8 -8 9 -10 9 -9 12 -11 17 -12 16 -13 18 -14 18 -15 18 -15 17 -17 15 -18 14 -17 12 -15 13 -13 18 -8 16 -6 19 -4 24 -4 28 0 32 -2 39 -5 39 -9 ]
CSI_DATA,STA,E4:D1:24:F1:02:C0,-77,10,0,0,0,0,0,0,0,0,0,-97,0,13,0,31317457,0,389,0,0,31.7245,128,[-123 81 24 0 -22 -35 -19 -34 -20 -24 -14 -21 -12 -18 -8 -13 -6 -14 2 -12 2 -14 5 -17 8 -19 6 -24 10 -23 8 -20 6 -24 0 -20 2 -21 0 -22 1 -16 0 -16 3 -12 3 -10 5 -5 3 -3 13 -3 0 0 0 0 0 0 0 0 0 0 0 0 0 0 0 0 0 0 0 0 0 0 -13 5 -14 2 -14 1 -12 -2 -11 -5 -11 -8 -12 -8 -12 -13 -13 -13 -17 -15 -18 -16 -18 -15 -19 -17 -22 -14 -22 -15 -18 -13 -18 -13 -17 -13 -10 -11 -12 -15 -7 -17 -4 -24 -5 -29 -8 -33 -8 -39 -14 -41 ]
CSI_DATA,STA,E4:D1:24:F1:02:C0,-77,10,0,0,0,0,0,0,0,0,0,-97,0,13,0,31419737,0,389,0,0,31.8108,128,[-123 81 24 0 -42 -5 -37 -1 -32 3 -25 2 -25 3 -17 0 -13 -1 -11 -5 -12 -12 -12 -12 -11 -16 -13 -20 -14 -20 -17 -17 -19 -17 -18 -16 -18 -15 -17 -14 -14 -12 -14 -10 -10 -10 -4 -9 -2 -7 2 -7 5 -3 0 0 0 0 0 0 0 0 0 0 0 0 0 0 0 0 0 0 0 0 0 0 -6 15 -3 12 -6 11 -9 8 -9 7 -11 5 -15 3 -17 3 -21 4 -23 4 -23 3 -25 4 -23 5 -21 9 -23 7 -23 9 -21 7 -18 6 -18 3 -18 0 -19 -2 -21 -8 -26 -10 -31 -13 -34 -14 -39 -14 ]
CSI_DATA,STA,E4:D1:24:F1:02:C0,-77,10,0,0,0,0,0,0,0,0,0,-97,0,13,0,31522337,0,389,0,0,31.9135,128,[-123 81 24 0 -27 -40 -26 -36 -23 -27 -25 -25 -17 -22 -13 -16 -10 -16 -4 -14 2 -16 2 -20 3 -24 4 -24 5 -24 7 -28 2 -29 1 -26 -2 -26 0 -26 -2 -21 0 -17 -1 -15 1 -12 4 -11 7 -6 9 2 0 0 0 0 0 0 0 0 0 0 0 0 0 0 0 0 0 0 0 0 0 0 -14 8 -15 4 -13 0 -14 1 -12 -4 -13 -7 -14 -8 -13 -9 -16 -14 -19 -17 -19 -15 -24 -17 -22 -15 -24 -16 -23 -15 -24 -15 -22 -13 -19 -13 -20 -14 -12 -17 -13 -19 -10 -23 -11 -31 -10 -34 -14 -41 -19 -42 ]
CSI_DATA,STA,E4:D1:24:F1:02:C0,-77,10,0,0,0,0,0,0,0,0,0,-97,0,13,0,31624542,0,389,0,0,32.0156,128,[-123 81 24 0 -42 -7 -39 -2 -31 0 -25 1 -23 2 -16 0 -12 -7 -13 -8 -12 -10 -9 -12 -11 -17 -15 -20 -16 -20 -19 -19 -17 -17 -18 -16 -17 -17 -17 -14 -15 -12 -12 -8 -11 -10 -6 -9 -3 -8 -1 -9 2 -10 0 0 0 0 0 0 0 0 0 0 0 0 0 0 0 0 0 0 0 0 0 0 -6 14 -7 12 -9 8 -11 7 -10 3 -12 6 -14 3 -18 3 -19 4 -21 0 -26 2 -24 5 -24 7 -24 5 -23 4 -24 7 -18 6 -21 2 -20 0 -20 -5 -18 -16 -22 -9 -26 -14 -30 -15 -37 -17 -40 -14 ]
CSI_DATA,STA,E4:D1:24:F1:02:C0,-77,10,0,0,0,0,0,0,0,0,0,-97,0,13,0,31726944,0,389,0,0,32.118,128,[-123 81 24 0 40 -2 36 -6 30 -5 26 -7 22 -7 18 -1 13 0 14 3 14 8 12 11 18 12 19 14 19 13 22 13 23 13 21 12 20 11 19 6 17 8 14 7 11 5 7 6 2 7 -1 6 -3 3 0 0 0 0 0 0 0 0 0 0 0 0 0 0 0 0 0 0 0 0 0 0 3 -16 4 -13 4 -11 6 -9 10 -7 10 -7 12 -3 16 -3 19 -4 20 -4 21 -6 20 -8 22 -8 21 -12 22 -10 22 -11 19 -10 18 -5 19 -5 15 -3 19 2 25 3 26 7 31 9 37 9 42 7 ]
CSI_DATA,STA,E4:D1:24:F1:02:C0,-77,10,0,0,0,0,0,0,0,0,0,-97,0,13,0,31829347,0,389,0,0,32.2205,128,[-123 81 24 0 24 -41 17 -39 15 -31 13 -28 8 -23 8 -19 9 -13 10 -8 13 -6 14 -4 19 -3 21 -3 25 -10 25 -8 27 -7 24 -8 26 -10 22 -10 17 -9 15 -7 12 -5 13 -3 9 3 2 3 9 8 0 0 0 0 0 0 0 0 0 0 0 0 0 0 0 0 0 0 0 0 0 0 -12 -12 -11 -13 -10 -13 -5 -13 -3 -13 0 -12 3 -14 5 -18 5 -20 4 -20 6 -24 7 -23 4 -27 6 -25 3 -26 5 -26 2 -22 4 -22 6 -21 10 -21 15 -16 16 -17 26 -19 28 -24 30 -28 33 -34 ]
CSI_DATA,STA,E4:D1:24:F1:02:C0,-77,10,0,0,0,0,0,0,0,0,0,-97,0,13,0,31895139,0,64,0,0,32.286,128,[64 0 4 0 3 -41 -1 -38 -5 -35 -3 -28 -2 -24 1 -20 3 -14 6 -11 10 -13 16 -10 17 -12 19 -14 23 -12 19 -16 21 -16 20 -17 16 -18 16 -17 13 -15 10 -10 10 -9 9 -5 7 -1 6 1 12 8 0 0 0 0 0 0 0 0 0 0 0 0 0 0 0 0 0 0 0 0 0 0 -16 -1 -15 -3 -12 -3 -8 -7 -8 -7 -7 -11 -6 -13 -5 -16 -6 -21 -7 -21 -7 -22 -7 -22 -9 -24 -9 -24 -11 -23 -11 -23 -9 -19 -7 -20 -4 -17 0 -17 2 -20 7 -24 9 -26 12 -30 13 -38 11 -45 ]
CSI_DATA,STA,E4:D1:24:F1:02:C0,-77,10,0,0,0,0,0,0,0,0,0,-97,0,13,0,31931749,0,389,0,0,32.3223,128,[-123 81 24 0 -15 -40 -15 -36 -14 -32 -16 -28 -12 -20 -8 -21 -4 -19 1 -16 1 -15 7 -13 9 -18 11 -18 12 -19 12 -23 12 -23 8 -23 14 -23 7 -20 9 -17 9 -18 4 -12 9 -11 6 -7 9 2 20 -1 0 0 0 0 0 0 0 0 0 0 0 0 0 0 0 0 0 0 0 0 0 0 -16 4 -14 1 -12 0 -12 -3 -11 -5 -10 -6 -10 -10 -12 -12 -12 -16 -12 -16 -14 -16 -16 -19 -18 -18 -15 -18 -18 -18 -19 -15 -17 -15 -16 -14 -10 -16 -10 -16 -4 -19 -3 -24 -2 -30 -1 -32 -3 -38 -6 -48 ]
CSI_DATA,STA,E4:D1:24:F1:02:C0,-77,10,0,0,0,0,0,0,0,0,0,-97,0,13,0,32136554,0,389,0,0,32.5276,128,[-123 81 24 0 -33 -31 -34 -25 -31 -21 -26 -16 -20 -16 -15 -14 -8 -11 -7 -15 -5 -18 -4 -22 -2 -25 -1 -26 -2 -27 -4 -30 -8 -25 -8 -30 -6 -25 -7 -22 -9 -22 -5 -19 -5 -15 -2 -12 4 -7 7 -8 5 -5 0 0 0 0 0 0 0 0 0 0 0 0 0 0 0 0 0 0 0 0 0 0 -14 8 -13 7 -14 2 -14 0 -12 -4 -14 -2 -14 -7 -16 -12 -20 -9 -20 -13 -20 -14 -22 -13 -27 -13 -25 -12 -23 -9 -22 -11 -21 -10 -17 -12 -19 -12 -13 -16 -16 -18 -16 -22 -15 -28 -18 -31 -22 -35 -27 -37 ]
CSI_DATA,STA,E4:D1:24:F1:02:C0,-77,10,0,0,0,0,0,0,0,0,0,-97,0,13,0,32238957,0,389,0,0,32.63,128,[-123 81 24 0 -45 4 -40 10 -34 12 -29 8 -25 6 -19 3 -16 0 -16 -3 -14 -9 -18 -10 -18 -11 -23 -14 -23 -12 -24 -12 -26 -14 -24 -9 -27 -11 -24 -8 -20 -6 -16 -6 -10 -7 -10 -6 -6 -8 -5 -8 0 -16 0 0 0 0 0 0 0 0 0 0 0 0 0 0 0 0 0 0 0 0 0 0 -6 16 -7 12 -10 9 -10 7 -11 9 -12 5 -15 5 -19 5 -20 4 -21 6 -21 4 -24 7 -27 11 -23 7 -23 8 -21 10 -23 9 -21 7 -21 7 -22 3 -23 -1 -25 -4 -31 -5 -35 -6 -42 -9 -46 -5 ]
CSI_DATA,STA,E4:D1:24:F1:02:C0,-77,10,0,0,0,0,0,0,0,0,0,-97,0,13,0,32258052,0,64,0,0,32.6641,128,[64 0 4 0 -19 -42 -20 -35 -21 -33 -19 -27 -11 -21 -11 -16 -3 -16 2 -17 3 -19 6 -20 8 -21 9 -25 8 -26 7 -25 7 -27 6 -27 6 -27 1 -21 3 -21 2 -18 2 -16 2 -11 5 -5 10 -3 3 1 0 0 0 0 0 0 0 0 0 0 0 0 0 0 0 0 0 0 0 0 0 0 -19 1 -13 1 -15 -3 -11 -7 -11 -8 -10 -11 -12 -11 -10 -15 -12 -19 -13 -20 -13 -21 -14 -23 -17 -22 -20 -20 -16 -21 -18 -17 -18 -16 -13 -20 -10 -17 -8 -16 -9 -22 -7 -27 -2 -31 -2 -34 -6 -42 -8 -49 ]
CSI_DATA,STA,E4:D1:24:F1:02:C0,-77,10,0,0,0,0,0,0,0,0,0,-97,0,13,0,32259100,0,64,0,0,32.7082,128,[64 0 4 0 39 -21 35 -24 32 -19 25 -19 22 -15 17 -11 17 -8 13 1 15 1 18 2 18 7 22 6 23 7 27 6 27 5 23 2 24 3 25 1 22 0 16 2 12 2 10 2 5 -1 10 19 0 5 0 0 0 0 0 0 0 0 0 0 0 0 0 0 0 0 0 0 0 0 0 0 -1 -17 1 -16 2 -13 2 -14 7 -12 9 -10 11 -11 13 -9 14 -12 20 -11 19 -13 18 -19 20 -20 20 -19 19 -19 19 -17 16 -18 15 -18 16 -12 17 -7 20 -7 25 -5 28 -3 38 -7 41 -8 45 -10 ]
CSI_DATA,STA,E4:D1:24:F1:02:C0,-77,10,0,0,0,0,0,0,0,0,0,-97,0,13,0,32348645,0,389,0,0,32.7504,128,[-123 81 24 0 -7 -45 -11 -41 -11 -36 -11 -30 -7 -24 -5 -18 -1 -17 5 -14 6 -16 9 -15 14 -18 14 -21 14 -23 13 -22 11 -26 10 -26 11 -24 8 -24 6 -21 4 -19 7 -14 4 -9 8 -6 8 -2 14 5 0 0 0 0 0 0 0 0 0 0 0 0 0 0 0 0 0 0 0 0 0 0 -14 -4 -15 -5 -13 -9 -12 -8 -9 -9 -8 -12 -6 -16 -8 -19 -6 -18 -7 -20 -8 -22 -10 -23 -11 -25 -11 -22 -11 -25 -11 -22 -9 -21 -7 -21 -7 -21 -4 -18 2 -25 4 -23 7 -31 7 -37 7 -43 4 -48 ]
CSI_DATA,STA,E4:D1:24:F1:02:C0,-77,10,0,0,0,0,0,0,0,0,0,-97,0,13,0,32443762,0,389,0,0,32.8348,128,[-123 81 24 0 -31 37 -24 34 -21 28 -13 24 -5 18 -11 17 -14 11 -13 4 -17 3 -21 -1 -21 3 -23 5 -27 6 -24 4 -25 7 -23 7 -23 9 -22 9 -17 8 -15 6 -15 4 -8 1 -11 -5 -7 -6 -1 -7 0 0 0 0 0 0 0 0 0 0 0 0 0 0 0 0 0 0 0 0 0 0 6 13 9 13 4 11 1 13 -1 12 -3 11 -4 16 -8 16 -13 18 -11 18 -11 22 -10 23 -10 22 -11 25 -8 24 -8 23 -8 20 -6 21 -10 16 -14 17 -17 16 -24 13 -27 16 -31 18 -33 23 -36 31 ]
CSI_DATA,STA,E4:D1:24:F1:02:C0,-77,10,0,0,0,0,0,0,0,0,0,-97,0,13,0,32546164,0,389,0,0,32.9373,128,[-123 81 24 0 -40 8 -35 8 -28 6 -25 9 -21 9 -17 2 -16 0 -15 -4 -14 -5 -17 -6 -17 -10 -21 -10 -24 -10 -23 -8 -24 -7 -22 -7 -22 -5 -23 -4 -19 -5 -14 -3 -15 -4 -10 -3 -7 -7 -5 -9 -2 -7 0 0 0 0 0 0 0 0 0 0 0 0 0 0 0 0 0 0 0 0 0 0 -8 13 -9 9 -12 6 -9 6 -13 5 -11 4 -15 0 -16 3 -20 0 -21 0 -21 3 -24 3 -23 6 -23 7 -24 5 -23 8 -20 7 -22 4 -20 4 -19 0 -20 -3 -23 -7 -27 -5 -30 -7 -36 -7 -39 -6 ]
CSI_DATA,STA,E4:D1:24:F1:02:C0,-77,10,0,0,0,0,0,0,0,0,0,-97,0,13,0,32750969,0,389,0,0,33.142,128,[-123 81 24 0 -5 37 -1 35 0 29 0 25 -1 21 -2 12 -5 12 -7 9 -12 10 -14 10 -19 12 -17 14 -20 16 -19 16 -17 18 -15 19 -16 18 -12 16 -10 15 -8 11 -7 8 -7 6 -9 2 -9 -3 -11 -9 0 0 0 0 0 0 0 0 0 0 0 0 0 0 0 0 0 0 0 0 0 0 10 5 9 3 9 7 6 10 4 11 3 10 0 13 2 15 2 19 3 17 3 20 3 22 5 22 6 23 6 22 7 18 1 20 2 18 0 20 -4 20 -7 18 -13 22 -11 25 -17 31 -15 32 -12 38 ]
CSI_DATA,STA,E4:D1:24:F1:02:C0,-77,10,0,0,0,0,0,0,0,0,0,-97,0,13,0,32853372,0,389,0,0,33.2444,128,[-123 81 24 0 -14 -42 -16 -36 -16 -29 -15 -23 -11 -19 -6 -16 -6 -17 -1 -15 3 -20 6 -20 7 -21 4 -25 4 -25 3 -27 -2 -23 -2 -27 0 -27 -1 -22 -4 -19 -2 -17 1 -11 0 -10 2 -8 5 -4 8 -5 0 0 0 0 0 0 0 0 0 0 0 0 0 0 0 0 0 0 0 0 0 0 -15 -8 -12 -7 -13 -10 -9 -10 -10 -10 -7 -13 -6 -16 -4 -21 -5 -20 -7 -22 -3 -22 -10 -24 -10 -25 -10 -21 -13 -21 -13 -24 -14 -26 -7 -23 -7 -18 -2 -20 -1 -23 -1 -29 3 -31 1 -37 -2 -41 -4 -43 ]
CSI_DATA,STA,E4:D1:24:F1:02:C0,-78,10,0,0,0,0,0,0,0,0,0,-97,0,13,0,32987859,0,64,0,0,33.3787,128,[64 0 4 0 7 38 8 33 10 27 9 24 7 20 1 17 3 14 -3 18 -6 14 -10 17 -9 18 -12 19 -9 23 -6 23 -5 22 -3 27 -3 24 -3 23 -2 15 -2 14 -4 12 -2 8 -7 6 -12 4 -10 -3 0 0 0 0 0 0 0 0 0 0 0 0 0 0 0 0 0 0 0 0 0 0 14 10 9 10 10 11 6 10 6 13 3 13 4 14 2 17 1 18 -1 19 1 20 4 22 3 25 6 23 6 22 2 22 2 21 4 20 1 19 -2 21 -4 23 -4 25 -6 29 -6 35 -4 39 -3 42 ]
CSI_DATA,STA,E4:D1:24:F1:02:C0,-77,10,0,0,0,0,0,0,0,0,0,-97,0,13,0,33058177,0,389,0,0,33.4491,128,[-123 81 24 0 -9 41 -8 39 -8 29 -3 28 -2 22 -5 17 -8 14 -8 15 -13 14 -13 14 -18 14 -17 13 -15 20 -16 19 -16 17 -14 22 -15 21 -13 19 -10 18 -10 15 -8 11 -8 7 -11 5 -11 -1 -10 1 0 0 0 0 0 0 0 0 0 0 0 0 0 0 0 0 0 0 0 0 0 0 8 16 4 13 2 13 1 15 -3 13 -3 13 -4 13 -7 16 -10 18 -9 19 -8 20 -10 22 -9 24 -8 23 -6 23 -5 21 -3 20 -9 21 -8 18 -12 17 -12 19 -15 21 -22 20 -23 28 -27 33 -22 33 ]
CSI_DATA,STA,E4:D1:24:F1:02:C0,-78,10,0,0,0,0,0,0,0,0,0,-97,0,13,0,33160579,0,389,0,0,33.5517,128,[-123 81 24 0 7 35 5 32 11 27 8 22 7 18 4 17 1 13 -1 11 -5 13 -7 16 -10 17 -8 20 -8 23 -10 21 -5 22 -6 21 -6 21 -2 18 -4 14 -2 13 -3 10 -4 8 -4 5 -5 2 -24 9 0 0 0 0 0 0 0 0 0 0 0 0 0 0 0 0 0 0 0 0 0 0 11 4 9 4 8 7 7 7 8 10 5 11 1 12 5 13 5 15 3 17 3 20 7 22 6 20 6 20 6 16 9 18 8 15 6 17 4 19 3 19 0 22 0 24 -6 26 -5 31 -3 36 0 35 ]
CSI_DATA,STA,E4:D1:24:F1:02:C0,-78,10,0,0,0,0,0,0,0,0,0,-97,0,13,0,33335322,0,64,0,0,33.7262,128,[64 0 4 0 -40 1 -38 3 -33 5 -27 1 -22 3 -19 0 -16 -1 -16 -6 -12 -9 -17 -13 -17 -14 -22 -15 -21 -16 -22 -19 -23 -13 -22 -13 -23 -9 -22 -8 -20 -8 -15 -6 -14 -5 -7 -6 -4 -8 1 -7 4 -4 0 0 0 0 0 0 0 0 0 0 0 0 0 0 0 0 0 0 0 0 0 0 -9 12 -10 12 -11 9 -9 1 -23 4 -14 3 -16 0 -16 2 -21 2 -23 -1 -21 -1 -24 0 -21 1 -24 4 -22 1 -25 3 -20 1 -21 4 -22 -1 -22 -3 -22 -3 -26 -10 -29 -8 -33 -12 -38 -11 -43 -10 ]
CSI_DATA,STA,E4:D1:24:F1:02:C0,-78,10,0,0,0,0,0,0,0,0,0,-97,0,13,0,33336478,0,64,0,0,33.7602,128,[64 0 4 0 15 33 15 27 13 26 11 19 9 20 5 14 4 14 1 14 1 16 -2 16 -5 19 -3 21 -2 23 2 23 2 21 1 21 6 18 3 18 4 14 5 16 1 14 0 8 -6 7 -8 8 -11 1 0 0 0 0 0 0 0 0 0 0 0 0 0 0 0 0 0 0 0 0 0 0 13 8 12 8 6 7 4 17 5 9 11 11 4 11 4 16 3 13 3 17 6 15 3 19 7 19 7 19 9 20 7 17 7 18 5 17 2 18 3 18 0 20 0 24 -2 29 1 30 2 34 6 36 ]
CSI_DATA,STA,E4:D1:24:F1:02:C0,-77,10,0,0,0,0,0,0,0,0,0,-97,0,13,0,33365384,0,389,0,0,33.7963,128,[-123 81 24 0 19 -33 12 -29 13 -29 12 -25 8 -20 10 -17 12 -12 12 -10 13 -10 16 -10 19 -9 23 -11 23 -14 22 -17 21 -15 16 -14 16 -15 15 -18 12 -13 7 -12 8 -10 6 -7 9 -1 8 3 10 2 0 0 0 0 0 0 0 0 0 0 0 0 0 0 0 0 0 0 0 0 0 0 -2 -17 -1 -14 2 -17 3 -13 3 -14 7 -13 8 -12 11 -12 11 -17 11 -16 12 -17 15 -18 13 -22 13 -21 12 -22 12 -21 11 -21 16 -19 11 -18 15 -16 19 -17 23 -17 23 -18 27 -25 28 -24 32 -30 ]
CSI_DATA,STA,E4:D1:24:F1:02:C0,-77,10,0,0,0,0,0,0,0,0,0,-97,0,13,0,33415161,0,64,0,0,33.8417,128,[64 0 4 0 -29 -29 -28 -26 -24 -19 -22 -14 -18 -16 -13 -14 -9 -16 -5 -16 0 -18 2 -19 0 -23 -2 -24 -2 -28 -3 -28 -7 -25 -4 -25 -7 -24 -8 -22 -8 -18 -6 -12 -3 -11 2 -11 0 -10 5 -7 14 -5 0 0 0 0 0 0 0 0 0 0 0 0 0 0 0 0 0 0 0 0 0 0 -14 6 -15 4 -14 2 -14 -1 -12 -2 -14 -4 -15 -9 -16 -9 -18 -11 -18 -10 -19 -12 -22 -12 -22 -11 -21 -15 -21 -10 -19 -12 -20 -11 -19 -13 -17 -15 -13 -15 -13 -20 -13 -25 -14 -30 -15 -34 -17 -36 -24 -37 ]
CSI_DATA,STA,E4:D1:24:F1:02:C0,-77,10,0,0,0,0,0,0,0,0,0,-97,0,13,0,33467787,0,389,0,0,33.8854,128,[-123 81 24 0 38 10 37 5 30 5 24 6 20 3 14 4 12 6 10 10 7 15 11 15 12 18 13 20 16 20 13 21 17 19 17 18 17 13 16 14 16 9 13 9 8 9 7 8 0 7 -4 7 -3 10 0 0 0 0 0 0 0 0 0 0 0 0 0 0 0 0 0 0 0 0 0 0 12 -11 11 -8 14 -7 13 -5 12 -4 14 -1 14 1 18 4 22 5 18 5 23 3 23 2 24 3 24 0 24 2 23 1 22 1 19 2 16 6 20 7 19 10 24 17 23 20 27 23 30 25 38 25 ]
CSI_DATA,STA,E4:D1:24:F1:02:C0,-77,10,0,0,0,0,0,0,0,0,0,-97,0,13,0,33570225,0,389,0,0,33.9612,128,[-123 81 24 0 6 -41 2 -38 -1 -32 0 -30 2 -23 0 -18 4 -19 5 -18 11 -16 10 -18 15 -17 12 -20 13 -21 12 -24 10 -25 12 -25 5 -25 5 -25 2 -20 3 -17 5 -12 4 -9 6 -8 8 -3 17 -1 0 0 0 0 0 0 0 0 0 0 0 0 0 0 0 0 0 0 0 0 0 0 -7 -15 -6 -16 -3 -16 0 -12 0 -16 3 -17 4 -16 6 -18 5 -21 7 -20 7 -19 7 -25 6 -25 3 -24 3 -25 2 -22 4 -21 5 -23 7 -20 8 -19 11 -20 13 -24 18 -27 17 -31 20 -35 20 -39 ]
CSI_DATA,STA,E4:D1:24:F1:02:C0,-77,10,0,0,0,0,0,0,0,0,0,-97,0,13,0,33672592,0,389,0,0,34.0637,128,[-123 81 24 0 -35 -16 -36 -11 -26 -10 -25 -6 -20 -4 -14 -8 -12 -7 -10 -11 -11 -14 -10 -16 -10 -17 -12 -20 -14 -20 -13 -20 -15 -20 -15 -18 -14 -18 -15 -16 -12 -13 -11 -12 -8 -11 -4 -8 0 -9 1 -10 1 -8 0 0 0 0 0 0 0 0 0 0 0 0 0 0 0 0 0 0 0 0 0 0 -12 8 -13 7 -13 6 -14 3 -12 0 -13 0 -16 -2 -17 -5 -15 -4 -18 -6 -21 -4 -21 -6 -25 -8 -23 -2 -26 -4 -22 -3 -21 -3 -21 -5 -19 -6 -18 -8 -17 -13 -19 -15 -22 -18 -24 -22 -29 -24 -33 -23 ]
CSI_DATA,STA,E4:D1:24:F1:02:C0,-77,10,0,0,0,0,0,0,0,0,0,-97,0,13,0,33775301,0,389,0,0,34.1664,128,[-123 81 24 0 -18 40 -11 38 -6 31 -9 25 -6 21 -8 16 -9 15 -14 12 -16 10 -18 12 -19 12 -23 15 -20 13 -23 16 -20 17 -18 20 -16 22 -13 19 -10 18 -10 15 -12 7 -7 6 -8 1 -9 -1 -14 -4 0 0 0 0 0 0 0 0 0 0 0 0 0 0 0 0 0 0 0 0 0 0 6 14 5 15 2 15 1 12 0 12 -5 13 -7 14 -9 19 -10 17 -13 18 -8 22 -9 21 -9 22 -7 23 -1 20 -7 22 -3 21 -7 21 -9 17 -10 16 -17 16 -20 17 -18 20 -25 27 -26 30 -29 36 ]
CSI_DATA,STA,E4:D1:24:F1:02:C0,-77,10,0,0,0,0,0,0,0,0,0,-97,0,13,0,33877397,0,389,0,0,34.2685,128,[-123 81 24 0 16 39 15 37 15 28 15 24 10 20 5 18 1 15 -2 14 -4 16 -8 18 -8 22 -8 24 -7 27 -5 28 -5 25 -3 26 0 24 1 23 -2 20 -2 18 -3 12 -3 10 -4 7 -9 3 -11 -6 0 0 0 0 0 0 0 0 0 0 0 0 0 0 0 0 0 0 0 0 0 0 14 3 15 3 13 7 10 8 8 8 7 12 7 13 7 16 10 21 6 18 10 22 10 24 10 23 13 22 14 20 15 22 11 20 11 17 6 19 5 19 1 24 -1 30 -4 32 -4 33 -1 41 1 47 ]
CSI_DATA,STA,E4:D1:24:F1:02:C0,-77,10,0,0,0,0,0,0,0,0,0,-97,0,13,0,33979799,0,389,0,0,34.3709,128,[-123 81 24 0 -42 12 -36 15 -32 14 -26 11 -20 12 -17 6 -18 2 -16 -3 -16 -4 -19 -6 -20 -12 -23 -8 -25 -10 -28 -8 -25 -6 -29 -2 -24 0 -23 -1 -22 1 -14 -2 -14 -2 -13 -3 -7 -2 -9 -13 2 -9 0 0 0 0 0 0 0 0 0 0 0 0 0 0 0 0 0 0 0 0 0 0 -5 14 -7 14 -6 10 -8 11 -10 9 -14 8 -15 7 -15 6 -19 6 -19 7 -25 8 -23 8 -20 9 -24 11 -21 11 -20 12 -19 10 -19 7 -20 7 -20 4 -23 2 -25 0 -30 -4 -36 -1 -41 -1 -45 4 ]
CSI_DATA,STA,E4:D1:24:F1:02:C0,-77,10,0,0,0,0,0,0,0,0,0,-97,0,13,0,34055195,0,64,0,0,34.446,128,[64 0 4 0 17 -34 15 -31 13 -27 11 -19 9 -19 11 -15 10 -10 12 -8 15 -5 16 -2 19 2 21 -3 25 0 22 -4 22 -4 22 -4 20 -4 18 -6 17 -2 12 -1 12 -2 8 2 6 2 5 9 0 11 0 0 0 0 0 0 0 0 0 0 0 0 0 0 0 0 0 0 0 0 0 0 14 -7 -21 -28 -16 -21 -8 -12 -6 -9 -3 -10 -6 -15 -2 -16 -1 -16 -1 -19 -1 -21 3 -21 -1 -22 -1 -24 1 -22 0 -23 1 -19 4 -19 5 -17 9 -18 10 -19 18 -21 20 -18 23 -20 25 -23 29 -30 ]
CSI_DATA,STA,E4:D1:24:F1:02:C0,-77,10,0,0,0,0,0,0,0,0,0,-97,0,13,0,34082202,0,389,0,0,34.4783,128,[-123 81 24 0 19 -36 20 -33 15 -31 10 -27 10 -20 9 -15 8 -12 15 -8 16 -8 19 -6 20 -8 25 -8 24 -7 25 -8 23 -10 23 -13 20 -10 19 -13 16 -12 17 -8 13 -8 13 -2 7 1 9 3 10 11 0 0 0 0 0 0 0 0 0 0 0 0 0 0 0 0 0 0 0 0 0 0 -8 -15 -5 -16 -5 -17 0 -15 1 -13 2 -14 6 -14 8 -17 9 -19 8 -18 9 -20 10 -23 11 -23 8 -25 7 -24 9 -23 9 -22 10 -18 11 -17 12 -17 18 -17 22 -18 26 -19 26 -21 32 -23 36 -34 ]
CSI_DATA,STA,E4:D1:24:F1:02:C0,-77,10,0,0,0,0,0,0,0,0,0,-97,0,13,0,34184604,0,389,0,0,34.5756,128,[-123 81 24 0 -28 25 -24 26 -19 23 -16 19 -13 16 -12 13 -11 8 -13 3 -16 -1 -21 1 -17 0 -22 2 -22 1 -26 3 -25 4 -24 7 -22 8 -23 5 -18 4 -15 4 -11 4 -8 -1 -7 -2 -6 -7 -6 -5 0 0 0 0 0 0 0 0 0 0 0 0 0 0 0 0 0 0 0 0 0 0 2 12 -1 13 0 13 -2 12 -6 11 -8 13 -11 9 -11 12 -14 11 -13 15 -14 16 -14 16 -14 14 -15 17 -11 18 -13 16 -11 15 -14 15 -13 11 -15 9 -19 9 -23 12 -26 8 -31 12 -33 13 -36 18 ]
CSI_DATA,STA,E4:D1:24:F1:02:C0,-77,10,0,0,0,0,0,0,0,0,0,-97,0,13,0,34287007,0,389,0,0,34.678,128,[-123 81 24 0 41 7 35 5 32 -1 26 3 22 -3 17 5 11 5 17 9 9 11 13 16 16 19 10 21 17 22 16 19 19 20 16 18 19 17 13 17 15 13 13 9 7 10 6 8 -1 9 -2 8 -12 9 0 0 0 0 0 0 0 0 0 0 0 0 0 0 0 0 0 0 0 0 0 0 6 -15 7 -13 7 -12 10 -9 11 -9 13 -6 13 -6 17 -5 19 -2 21 -2 23 -4 21 -5 25 -7 24 -6 24 -7 21 -7 20 -3 21 -2 19 -1 21 3 22 9 25 11 28 15 30 16 40 18 43 16 ]
CSI_DATA,STA,E4:D1:24:F1:02:C0,-78,10,0,0,0,0,0,0,0,0,0,-97,0,13,0,34376726,0,64,0,0,34.7675,128,[64 0 4 0 -44 5 -41 7 -32 9 -26 7 -19 7 -19 4 -16 -1 -13 -5 -14 -10 -15 -13 -18 -16 -20 -17 -22 -16 -23 -18 -23 -16 -23 -15 -21 -12 -22 -12 -20 -8 -16 -7 -13 -8 -9 -7 -4 -6 1 -9 -2 -8 0 0 0 0 0 0 0 0 0 0 0 0 0 0 0 0 0 0 0 0 0 0 -3 15 -6 14 -8 12 -9 11 -11 7 -12 9 -14 5 -16 7 -18 8 -20 7 -23 7 -22 8 -14 3 -28 13 -27 5 -15 12 -19 8 -20 4 -22 3 -20 2 -21 -5 -29 -6 -30 -6 -33 -7 -44 -9 -44 -6 ]
CSI_DATA,STA,E4:D1:24:F1:02:C0,-77,10,0,0,0,0,0,0,0,0,0,-97,0,13,0,34376812,0,64,0,0,34.8012,128,[64 0 4 0 -38 -20 -35 -14 -32 -11 -25 -11 -19 -9 -18 -9 -12 -10 -10 -11 -6 -16 -8 -18 -7 -20 -6 -20 -9 -26 -8 -28 -10 -25 -15 -25 -14 -21 -13 -19 -13 -16 -9 -15 -9 -14 -3 -10 -1 -10 4 -7 9 -4 0 0 0 0 0 0 0 0 0 0 0 0 0 0 0 0 0 0 0 0 0 0 -13 6 -12 5 -13 3 -14 3 -16 -4 -14 -2 -15 -6 -18 -7 -18 -6 -20 -7 -20 -5 -21 -10 -25 -12 -12 -6 -25 -7 -24 -6 -19 -6 -20 -9 -14 -8 -17 -14 -15 -18 -17 -21 -20 -24 -22 -28 -26 -31 -32 -32 ]
CSI_DATA,STA,E4:D1:24:F1:02:C0,-77,10,0,0,0,0,0,0,0,0,0,-97,0,13,0,34389409,0,389,0,0,34.8465,128,[-123 81 24 0 37 20 31 15 28 8 26 9 20 3 16 11 12 10 10 10 9 13 8 16 10 22 10 21 11 21 14 22 18 20 17 20 16 19 18 18 12 13 9 10 10 9 2 7 2 7 -4 9 -11 5 0 0 0 0 0 0 0 0 0 0 0 0 0 0 0 0 0 0 0 0 0 0 11 -8 14 -5 12 -1 12 -1 15 3 14 6 13 8 16 10 16 10 17 9 19 10 22 10 25 8 22 6 24 5 21 6 19 5 17 8 14 10 16 12 14 16 14 20 19 25 26 26 30 29 33 29 ]
CSI_DATA,STA,E4:D1:24:F1:02:C0,-77,10,0,0,0,0,0,0,0,0,0,-97,0,13,0,34594520,0,389,0,0,34.9856,128,[-123 81 24 0 -15 33 -10 29 -7 27 -9 22 -3 12 -10 9 -11 7 -9 4 -13 1 -18 2 -24 0 -22 6 -24 5 -25 6 -23 6 -21 8 -19 9 -20 8 -15 7 -14 7 -10 3 -10 -1 -7 -4 -7 -9 -1 -11 0 0 0 0 0 0 0 0 0 0 0 0 0 0 0 0 0 0 0 0 0 0 11 7 8 8 7 9 6 8 3 9 2 12 1 15 0 17 -2 16 0 21 -2 19 -1 21 -1 24 0 24 -2 19 -1 21 1 18 -2 16 -7 18 -12 11 -12 17 -17 20 -20 17 -25 27 -29 27 -26 34 ]
CSI_DATA,STA,E4:D1:24:F1:02:C0,-77,10,0,0,0,0,0,0,0,0,0,-97,0,13,0,34696617,0,389,0,0,35.0877,128,[-123 81 24 0 -6 42 -5 39 0 33 -1 27 -1 21 -3 17 -4 14 -8 12 -12 11 -17 13 -20 13 -20 14 -22 17 -20 17 -16 19 -18 19 -17 20 -14 19 -15 16 -9 12 -9 9 -8 5 -8 3 -7 -2 -11 -5 0 0 0 0 0 0 0 0 0 0 0 0 0 0 0 0 0 0 0 0 0 0 14 9 11 12 10 11 6 9 5 14 2 13 3 16 0 17 -1 17 1 22 -1 24 1 23 2 23 0 22 1 25 0 23 1 23 0 21 -3 23 -8 22 -10 23 -13 26 -17 27 -19 32 -19 37 -17 42 ]
CSI_DATA,STA,E4:D1:24:F1:02:C0,-77,10,0,0,0,0,0,0,0,0,0,-97,0,13,0,34799019,0,389,0,0,35.1901,128,[-123 81 24 0 26 -33 20 -33 19 -32 15 -25 9 -20 10 -15 12 -11 14 -7 16 -3 21 -7 21 -5 21 -4 29 -4 29 -8 23 -7 23 -10 25 -7 21 -11 16 -8 13 -6 14 -7 9 -1 9 3 1 10 -5 11 0 0 0 0 0 0 0 0 0 0 0 0 0 0 0 0 0 0 0 0 0 0 -5 -16 -6 -14 -5 -14 1 -12 3 -13 6 -11 7 -14 9 -15 11 -17 12 -18 11 -23 15 -22 13 -24 11 -23 9 -22 9 -24 8 -20 10 -21 10 -16 14 -15 19 -15 25 -14 25 -15 31 -17 36 -23 37 -27 ]
CSI_DATA,STA,E4:D1:24:F1:02:C0,-77,10,0,0,0,0,0,0,0,0,0,-97,0,13,0,34901422,0,389,0,0,35.2925,128,[-123 81 24 0 -11 -40 -13 -36 -10 -31 -9 -29 -10 -19 -1 -16 1 -16 3 -15 7 -13 11 -18 12 -21 14 -20 15 -26 13 -24 10 -26 10 -26 7 -25 6 -26 6 -22 2 -17 5 -12 5 -8 5 -6 10 -1 6 1 0 0 0 0 0 0 0 0 0 0 0 0 0 0 0 0 0 0 0 0 0 0 -17 -3 -15 -5 -13 -9 -10 -8 -8 -8 -8 -12 -7 -15 -5 -16 -8 -19 -9 -21 -10 -23 -12 -20 -10 -21 -12 -24 -12 -22 -14 -19 -11 -19 -10 -19 -5 -20 -3 -22 0 -20 5 -28 4 -31 7 -38 5 -41 1 -49 ]
CSI_DATA,STA,E4:D1:24:F1:02:C0,-77,10,0,0,0,0,0,0,0,0,0,-97,0,13,0,35020584,0,389,0,0,35.4116,128,[-123 81 24 0 29 -25 23 -25 19 -22 17 -17 14 -15 14 -12 13 -6 12 -3 14 -2 18 1 18 0 21 1 23 0 22 -2 23 -2 24 -3 36 6 30 -10 15 -2 14 2 9 -4 7 1 5 3 6 6 -1 13 0 0 0 0 0 0 0 0 0 0 0 0 0 0 0 0 0 0 0 0 0 0 -6 -12 -3 -13 -2 -12 1 -13 3 -12 6 -13 9 -11 7 -15 10 -14 10 -16 12 -15 10 -20 9 -16 10 -20 10 -19 8 -20 9 -18 11 -16 12 -14 14 -13 16 -11 21 -10 25 -10 30 -13 34 -17 34 -22 ]
CSI_DATA,STA,E4:D1:24:F1:02:C0,-78,10,0,0,0,0,0,0,0,0,0,-97,0,13,0,35095180,0,64,0,0,35.4858,128,[64 0 4 0 -40 -2 -39 5 -32 6 -28 6 -24 5 -20 1 -14 -2 -18 -6 -17 -10 -16 -14 -19 -12 -20 -14 -24 -16 -22 -16 -24 -11 -26 -11 -23 -10 -22 -6 -17 -7 -16 -8 -13 -5 -7 -8 -6 -8 -5 -12 6 -9 0 0 0 0 0 0 0 0 0 0 0 0 0 0 0 0 0 0 0 0 0 0 -8 13 -9 8 -8 7 -13 4 -11 4 -14 2 -16 3 -18 1 -18 1 -22 0 -20 1 -24 1 -24 3 -24 4 -22 6 -23 6 -22 4 -23 1 -20 2 -23 -5 -23 -6 -25 -9 -28 -11 -32 -10 -36 -11 -45 -9 ]
CSI_DATA,STA,E4:D1:24:F1:02:C0,-77,10,0,0,0,0,0,0,0,0,0,-97,0,13,0,35106227,0,389,0,0,35.5195,128,[-123 81 24 0 41 10 37 6 31 2 29 3 22 3 16 3 12 6 11 8 11 12 12 16 14 19 11 18 13 21 14 20 19 20 17 16 19 15 15 14 14 11 11 10 9 9 5 8 1 7 -5 7 -3 4 0 0 0 0 0 0 0 0 0 0 0 0 0 0 0 0 0 0 0 0 0 0 7 -12 9 -11 11 -7 9 -6 13 -5 13 -2 13 -1 14 0 19 0 19 0 24 -1 24 -2 26 1 23 -2 22 1 22 -5 23 0 19 0 18 2 15 5 20 7 21 13 24 19 27 21 35 22 43 22 ]
CSI_DATA,STA,E4:D1:24:F1:02:C0,-77,10,0,0,0,0,0,0,0,0,0,-97,0,13,0,35208630,0,389,0,0,35.5997,128,[-123 81 24 0 43 0 39 -2 32 -6 26 -8 24 -3 18 -4 14 7 13 6 14 12 16 15 16 15 17 16 22 16 20 14 21 16 18 13 19 10 17 11 16 8 14 8 9 6 7 8 2 8 -3 8 2 14 0 0 0 0 0 0 0 0 0 0 0 0 0 0 0 0 0 0 0 0 0 0 5 -16 6 -12 6 -12 8 -9 10 -7 12 -7 15 -5 19 -5 18 -8 20 -8 21 -7 26 -10 22 -9 25 -10 26 -11 22 -10 20 -11 20 -6 20 -5 20 2 20 3 23 6 28 8 33 10 39 10 46 6 ]
CSI_DATA,STA,E4:D1:24:F1:02:C0,-77,10,0,0,0,0,0,0,0,0,0,-97,0,13,0,35311032,0,389,0,0,35.7021,128,[-123 81 24 0 33 -22 31 -20 25 -19 24 -20 19 -14 16 -12 15 -7 13 -3 15 0 16 1 18 2 21 2 26 3 25 2 25 -2 24 -3 25 -4 22 -6 19 -5 16 -3 12 -5 11 2 9 4 6 5 2 16 0 0 0 0 0 0 0 0 0 0 0 0 0 0 0 0 0 0 0 0 0 0 1 -18 6 -14 5 -13 5 -9 10 -11 11 -9 14 -10 16 -11 17 -10 19 -7 18 -11 19 -13 18 -13 21 -16 19 -16 17 -14 16 -14 14 -11 19 -11 16 -9 22 -3 26 -3 31 -5 34 -3 37 -6 46 -10 ]
CSI_DATA,STA,E4:D1:24:F1:02:C0,-77,10,0,0,0,0,0,0,0,0,0,-97,0,13,0,35414509,0,389,0,0,35.8056,128,[-123 81 24 0 -35 -25 -35 -18 -27 -15 -26 -11 -20 -12 -17 -12 -10 -13 -10 -13 -6 -16 -7 -19 -4 -23 -6 -25 -13 -24 -13 -25 -12 -21 -10 -20 -13 -19 -12 -16 -11 -20 -9 -16 -5 -11 -3 -9 2 -10 5 -10 14 -7 0 0 0 0 0 0 0 0 0 0 0 0 0 0 0 0 0 0 0 0 0 0 -15 9 -14 5 -12 3 -13 1 -14 0 -14 -3 -14 -3 -16 -9 -15 -8 -17 -9 -22 -12 -22 -9 -24 -11 -20 -9 -21 -5 -23 -5 -19 -4 -21 -8 -15 -8 -16 -15 -16 -17 -16 -21 -21 -25 -23 -29 -28 -34 -32 -33 ]
CSI_DATA,STA,E4:D1:24:F1:02:C0,-77,10,0,0,0,0,0,0,0,0,0,-97,0,13,0,35425882,0,407,0,0,35.8429,128,[-105 113 25 0 3 -46 -3 -40 -2 -36 -3 -29 -3 -24 1 -17 3 -15 7 -14 13 -13 13 -13 18 -14 18 -14 21 -18 18 -16 18 -18 18 -21 16 -20 15 -20 11 -16 10 -15 11 -10 8 -6 6 0 6 4 8 0 0 0 0 0 0 0 0 0 0 0 0 0 0 0 0 0 0 0 0 0 0 0 -15 -4 -14 -5 -13 -8 -11 -9 -5 -11 -7 -14 -9 -16 -5 -21 -6 -20 -4 -20 -12 -22 -7 -25 -10 -26 -13 -27 -9 -23 -11 -23 -8 -23 -7 -22 -3 -21 1 -20 2 -25 7 -24 11 -30 16 -35 16 -41 13 -46 ]
CSI_DATA,STA,E4:D1:24:F1:02:C0,-77,10,0,0,0,0,0,0,0,0,0,-97,0,13,0,35457855,0,64,0,0,35.8882,128,[64 0 4 0 -45 -82 -22 -71 -27 -57 -20 -52 -17 -41 -9 -31 -1 -31 6 -33 11 -37 14 -41 16 -39 16 -46 19 -48 9 -52 15 -52 5 -51 3 -47 0 -43 1 -37 8 -30 8 -25 9 -17 11 -11 16 -2 17 -11 0 0 0 0 0 0 0 0 0 0 0 0 0 0 0 0 0 0 0 0 0 0 -30 -3 -26 -7 -28 -13 -31 -16 -20 -20 -21 -21 -18 -22 -20 -31 -16 -39 -17 -33 -23 -34 -24 -37 -22 -45 -24 -46 -26 -45 -26 -41 -22 -41 -20 -41 -8 -40 -8 -43 -5 -46 -1 -52 5 -61 -2 -69 3 -90 -11 -102 ]
CSI_DATA,STA,E4:D1:24:F1:02:C0,-77,10,0,0,0,0,0,0,0,0,0,-97,0,13,0,35458894,0,64,0,0,35.9318,128,[64 0 4 0 -16 32 -14 28 -12 25 -7 20 -6 16 -8 13 -10 11 -11 8 -14 8 -17 7 -20 7 -23 10 -20 10 -22 11 -20 12 -19 13 -17 12 -15 12 -12 10 -9 6 -11 6 -10 2 -7 -3 -8 -7 -6 -3 0 0 0 0 0 0 0 0 0 0 0 0 0 0 0 0 0 0 0 0 0 0 6 11 6 10 2 13 0 12 -2 12 -1 10 -3 12 -3 16 -6 17 -7 15 -8 17 -9 20 -7 19 -8 18 -6 19 -6 19 -7 18 -7 17 -11 16 -11 17 -13 15 -19 20 -22 19 -23 23 -26 24 -22 29 ]
CSI_DATA,STA,E4:D1:24:F1:02:C0,-78,10,0,0,0,0,0,0,0,0,0,-97,0,13,0,35515847,0,389,0,0,35.973,128,[-123 81 24 0 -19 -38 -17 -31 -14 -28 -12 -24 -7 -20 -8 -18 -2 -15 -1 -15 6 -19 6 -15 10 -22 9 -24 6 -23 7 -25 5 -26 5 -28 3 -25 3 -23 0 -19 3 -18 1 -10 5 -9 5 -5 13 -2 8 -9 0 0 0 0 0 0 0 0 0 0 0 0 0 0 0 0 0 0 0 0 0 0 -17 -1 -16 -5 -15 -5 -12 -7 -13 -7 -13 -8 -12 -10 -14 -14 -16 -16 -13 -16 -14 -15 -16 -19 -15 -16 -19 -19 -15 -19 -17 -18 -17 -18 -11 -16 -11 -19 -4 -17 -5 -25 -5 -27 -3 -33 -1 -38 -7 -45 -12 -44 ]
CSI_DATA,STA,E4:D1:24:F1:02:C0,-77,10,0,0,0,0,0,0,0,0,0,-97,0,13,0,35576576,0,64,0,0,36.0176,128,[64 0 4 0 31 -29 27 -26 23 -25 20 -19 16 -18 14 -14 12 -8 14 -8 16 -1 18 2 23 2 25 1 25 2 27 0 27 -1 26 -1 24 -3 22 -2 18 -2 15 0 13 -3 8 2 6 7 3 9 -1 7 0 0 0 0 0 0 0 0 0 0 0 0 0 0 0 0 0 0 0 0 0 0 -6 -13 -5 -15 -2 -13 0 -14 4 -13 4 -12 7 -13 9 -14 13 -17 12 -16 12 -18 15 -20 13 -21 14 -20 13 -23 11 -23 11 -19 12 -18 15 -18 16 -14 20 -12 25 -11 30 -12 35 -14 38 -11 41 -21 ]
CSI_DATA,STA,E4:D1:24:F1:02:C0,-77,10,0,0,0,0,0,0,0,0,0,-97,0,13,0,35618240,0,389,0,0,36.0588,128,[-123 81 24 0 5 -42 4 -38 -1 -32 3 -26 1 -23 3 -20 7 -15 9 -15 11 -13 16 -13 19 -18 16 -15 18 -18 19 -21 20 -17 16 -21 14 -21 14 -20 8 -17 12 -13 5 -9 6 -7 6 -3 9 3 9 0 0 0 0 0 0 0 0 0 0 0 0 0 0 0 0 0 0 0 0 0 0 0 -14 -11 -12 -11 -10 -11 -8 -11 -3 -14 -3 -14 -2 -17 0 -18 2 -19 3 -20 -2 -25 1 -25 -1 -26 -3 -23 -2 -25 -1 -24 -2 -22 0 -21 3 -19 7 -20 6 -22 12 -28 14 -27 18 -30 16 -36 16 -41 ]
CSI_DATA,STA,E4:D1:24:F1:02:C0,-78,10,0,0,0,0,0,0,0,0,0,-97,0,13,0,35720642,0,389,0,0,36.1116,128,[-123 81 24 0 -6 -44 -11 -38 -9 -33 -11 -25 -8 -21 -3 -19 -1 -15 3 -14 8 -15 12 -16 14 -17 17 -19 17 -21 14 -22 13 -22 14 -23 12 -22 10 -22 9 -19 7 -14 6 -12 4 -9 5 -4 6 2 13 5 0 0 0 0 0 0 0 0 0 0 0 0 0 0 0 0 0 0 0 0 0 0 -16 0 -13 -3 -14 -5 -12 -5 -9 -8 -8 -12 -9 -12 -10 -14 -9 -20 -11 -20 -11 -22 -16 -21 -14 -21 -13 -24 -15 -21 -11 -18 -12 -19 -11 -17 -6 -19 0 -20 2 -23 4 -23 5 -33 7 -39 8 -45 3 -49 ]
CSI_DATA,STA,E4:D1:24:F1:02:C0,-77,10,0,0,0,0,0,0,0,0,0,-97,0,13,0,35925447,0,389,0,0,36.3166,128,[-123 81 24 0 28 30 27 25 26 20 23 13 18 14 12 12 7 12 4 13 0 16 1 20 1 24 -1 23 1 27 5 27 5 26 9 27 7 23 7 20 5 18 5 15 2 13 2 9 -4 7 -5 8 -10 8 0 0 0 0 0 0 0 0 0 0 0 0 0 0 0 0 0 0 0 0 0 0 15 -5 13 -1 14 0 12 1 11 4 12 7 12 10 14 12 14 12 16 12 19 14 19 17 19 15 19 15 22 11 16 12 17 10 18 10 14 11 11 15 13 22 9 25 13 27 13 35 18 38 23 43 ]
CSI_DATA,STA,E4:D1:24:F1:02:C0,-77,10,0,0,0,0,0,0,0,0,0,-97,0,13,0,36027850,0,389,0,0,36.4189,128,[-123 81 24 0 2 45 5 37 3 35 7 24 3 20 1 15 -5 15 -7 14 -10 13 -16 16 -18 15 -19 19 -18 22 -16 22 -15 25 -17 21 -12 21 -11 20 -11 16 -10 15 -8 10 -9 8 -9 4 -9 0 -14 -10 0 0 0 0 0 0 0 0 0 0 0 0 0 0 0 0 0 0 0 0 0 0 14 2 13 4 11 6 7 9 4 10 4 12 5 16 3 16 3 19 5 19 4 20 11 23 10 23 10 23 8 23 10 21 8 20 5 16 1 18 -2 20 -6 22 -8 24 -11 29 -13 38 -11 43 -9 49 ]
CSI_DATA,STA,E4:D1:24:F1:02:C0,-77,10,0,0,0,0,0,0,0,0,0,-97,0,13,0,36130252,0,389,0,0,36.5214,128,[-123 81 24 0 27 -36 23 -35 17 -27 15 -26 12 -19 9 -15 11 -11 13 -9 17 -1 22 -2 21 -3 24 0 27 -3 28 -7 26 -5 27 -8 26 -8 24 -10 20 -10 18 -3 11 -4 12 -3 8 2 6 6 3 4 0 0 0 0 0 0 0 0 0 0 0 0 0 0 0 0 0 0 0 0 0 0 -13 -14 -7 -13 -5 -15 -2 -13 0 -14 4 -13 5 -14 7 -16 7 -18 10 -19 10 -24 9 -23 7 -23 9 -23 11 -24 7 -23 6 -21 8 -18 12 -15 13 -16 19 -14 21 -13 32 -20 32 -20 36 -24 36 -30 ]
CSI_DATA,STA,E4:D1:24:F1:02:C0,-77,10,0,0,0,0,0,0,0,0,0,-97,0,13,0,36201279,0,64,0,0,36.5921,128,[64 0 4 0 46 1 38 0 34 -3 27 -4 22 -1 20 -3 15 4 14 2 11 10 12 14 13 17 17 19 18 17 23 17 24 14 23 16 20 12 20 12 17 9 14 8 10 8 8 7 4 9 -3 6 -5 5 0 0 0 0 0 0 0 0 0 0 0 0 0 0 0 0 0 0 0 0 0 0 10 -15 8 -13 11 -11 12 -6 13 -5 13 -4 16 -2 18 2 22 -1 22 1 20 -1 26 1 26 -3 24 -3 24 -8 24 -6 21 -4 20 -3 22 -2 23 5 21 6 26 10 29 14 30 12 39 18 44 16 ]
CSI_DATA,STA,E4:D1:24:F1:02:C0,-77,10,0,0,0,0,0,0,0,0,0,-97,0,13,0,36232655,0,389,0,0,36.6232,128,[-123 81 24 0 -3 41 1 32 5 31 5 24 3 19 1 17 -2 14 -4 13 -10 14 -15 8 -14 11 -22 12 -17 16 -18 18 -17 19 -15 19 -15 18 -11 22 -11 17 -10 15 -7 9 -9 5 -9 3 -8 -4 -4 -4 0 0 0 0 0 0 0 0 0 0 0 0 0 0 0 0 0 0 0 0 0 0 12 2 10 4 10 7 8 7 6 6 5 9 5 12 3 16 6 18 5 22 2 21 5 23 7 21 8 24 6 17 10 20 8 19 5 18 4 16 0 16 -4 18 -3 21 -10 27 -15 31 -14 35 -10 39 ]
CSI_DATA,STA,E4:D1:24:F1:02:C0,-77,10,0,0,0,0,0,0,0,0,0,-97,0,13,0,36335057,0,389,0,0,36.7262,128,[-123 81 24 0 20 39 21 35 21 26 19 23 16 17 11 17 6 15 1 14 -1 18 -6 19 -10 19 -8 24 -9 25 -5 27 -6 25 -3 24 -4 25 -4 24 -1 20 -2 17 -5 14 -3 9 -7 4 -7 3 -8 4 0 0 0 0 0 0 0 0 0 0 0 0 0 0 0 0 0 0 0 0 0 0 16 -7 16 -2 13 0 14 1 13 3 13 6 12 11 13 12 16 13 16 15 16 16 18 16 20 18 21 16 22 16 21 13 18 14 14 14 14 14 10 14 10 23 7 26 9 27 5 34 7 39 14 45 ]
CSI_DATA,STA,E4:D1:24:F1:02:C0,-77,10,0,0,0,0,0,0,0,0,0,-97,0,13,0,36437460,0,389,0,0,36.8285,128,[-123 81 24 0 22 33 23 26 20 21 19 20 15 17 11 16 8 14 2 13 1 17 9 33 -8 16 5 30 14 34 2 22 1 23 4 25 4 22 4 21 5 20 4 16 1 12 -2 9 -3 9 -6 2 -8 8 0 0 0 0 0 0 0 0 0 0 0 0 0 0 0 0 0 0 0 0 0 0 14 -4 12 -2 10 3 10 2 9 6 9 7 9 8 11 13 11 13 12 15 13 17 16 16 12 16 16 14 18 14 17 12 16 12 13 12 12 13 13 15 8 17 6 21 7 26 6 33 11 35 13 36 ]
CSI_DATA,STA,E4:D1:24:F1:02:C0,-78,10,0,0,0,0,0,0,0,0,0,-97,0,13,0,36535378,0,64,0,0,36.9261,128,[64 0 4 0 31 -25 26 -22 22 -22 16 -21 15 -16 13 -12 15 -10 13 -3 17 1 18 1 20 2 23 4 24 2 26 0 23 -6 25 -6 25 -5 22 -6 21 -4 13 -3 12 -4 9 2 8 4 5 5 5 12 0 0 0 0 0 0 0 0 0 0 0 0 0 0 0 0 0 0 0 0 0 0 -5 -17 0 -16 1 -15 4 -13 8 -11 6 -13 8 -14 14 -11 15 -15 16 -16 18 -15 16 -19 18 -20 14 -16 16 -18 13 -19 13 -13 11 -14 14 -12 19 -11 18 -11 27 -9 28 -8 34 -8 37 -13 39 -18 ]
CSI_DATA,STA,E4:D1:24:F1:02:C0,-77,10,0,0,0,0,0,0,0,0,0,-97,0,13,0,36536965,0,64,0,0,36.958,128,[64 0 4 0 -37 -20 -32 -20 -31 -10 -25 -11 -22 -10 -16 -10 -13 -6 -13 -14 -8 -17 -4 -19 -10 -20 -9 -24 -13 -25 -10 -26 -13 -25 -14 -24 -16 -21 -15 -18 -12 -14 -13 -14 -11 -13 -1 -14 2 -13 5 -11 14 10 0 0 0 0 0 0 0 0 0 0 0 0 0 0 0 0 0 0 0 0 0 0 -17 5 -14 5 -13 0 -12 0 -13 -3 -14 -5 -13 -9 -14 -11 -17 -11 -18 -13 -18 -11 -22 -15 -23 -15 -23 -10 -22 -11 -25 -11 -21 -11 -18 -10 -20 -14 -18 -15 -15 -15 -15 -23 -16 -26 -23 -32 -24 -33 -32 -37 ]
CSI_DATA,STA,E4:D1:24:F1:02:C0,-77,10,0,0,0,0,0,0,0,0,0,-97,0,13,0,36540157,0,389,0,0,37.0047,128,[-123 81 24 0 -29 26 -28 26 -21 26 -18 21 -16 18 -15 11 -12 10 -15 5 -18 4 -22 -1 -25 -1 -27 1 -31 3 -26 3 -25 5 -26 8 -24 8 -25 7 -20 8 -17 6 -12 3 -12 2 -7 1 -13 -2 -13 -15 0 0 0 0 0 0 0 0 0 0 0 0 0 0 0 0 0 0 0 0 0 0 2 15 2 12 -4 14 -3 13 -5 14 -8 11 -13 11 -13 12 -16 14 -14 14 -18 17 -18 18 -17 19 -15 21 -17 20 -12 18 -12 20 -14 13 -17 15 -18 12 -24 10 -26 11 -27 11 -36 16 -41 16 -41 24 ]
CSI_DATA,STA,E4:D1:24:F1:02:C0,-77,10,0,0,0,0,0,0,0,0,0,-97,0,13,0,36615209,0,64,0,0,37.0497,128,[64 0 4 0 35 -5 31 -3 28 -6 22 -6 18 -5 15 -3 14 -1 10 6 9 5 11 9 12 11 14 13 16 11 18 12 16 12 19 13 19 8 19 8 16 5 13 3 9 4 7 6 5 4 1 11 -5 8 0 0 0 0 0 0 0 0 0 0 0 0 0 0 0 0 0 0 0 0 0 0 3 -13 3 -11 5 -10 6 -8 8 -8 11 -7 12 -3 15 -4 17 -3 17 -3 17 -5 21 -5 21 -7 18 -6 16 -8 16 -10 15 -7 17 -5 17 -3 14 -1 17 4 20 6 25 6 26 10 33 11 35 7 ]
CSI_DATA,STA,E4:D1:24:F1:02:C0,-77,10,0,0,0,0,0,0,0,0,0,-97,0,13,0,36642681,0,389,0,0,37.0858,128,[-123 81 24 0 29 -26 26 -26 21 -25 16 -22 15 -19 13 -11 10 -7 14 -2 13 -5 20 -3 22 -2 22 -1 26 0 26 -4 26 -5 25 -6 24 -9 19 -12 19 -7 12 -7 13 -5 8 1 8 3 8 4 1 12 0 0 0 0 0 0 0 0 0 0 0 0 0 0 0 0 0 0 0 0 0 0 -2 -17 0 -15 2 -13 2 -14 8 -11 7 -13 8 -11 12 -13 14 -11 14 -13 15 -15 17 -15 15 -17 16 -20 14 -17 14 -16 13 -15 14 -14 16 -11 15 -11 17 -9 22 -9 25 -13 31 -13 38 -16 40 -22 ]
CSI_DATA,STA,E4:D1:24:F1:02:C0,-77,10,0,0,0,0,0,0,0,0,0,-97,0,13,0,36744667,0,389,0,0,37.1356,128,[-123 81 24 0 -1 -47 -2 -40 -7 -35 -4 -29 -4 -24 -1 -20 3 -18 8 -15 9 -16 14 -14 15 -18 17 -18 14 -23 16 -26 14 -25 11 -26 10 -26 9 -24 7 -20 5 -17 4 -13 5 -9 5 -4 8 -1 13 0 0 0 0 0 0 0 0 0 0 0 0 0 0 0 0 0 0 0 0 0 0 0 -14 -9 -14 -10 -11 -12 -8 -13 -4 -14 -2 -16 -2 -17 -1 -18 -1 -18 1 -22 0 -25 -2 -27 -3 -26 -5 -25 -6 -26 -6 -24 -4 -20 -2 -23 -2 -23 2 -23 7 -23 8 -29 11 -29 14 -34 13 -38 11 -45 ]
CSI_DATA,STA,E4:D1:24:F1:02:C0,-77,10,0,0,0,0,0,0,0,0,0,-97,0,13,0,37051875,0,389,0,0,37.443,128,[-123 81 24 0 -35 17 -32 18 -25 19 -22 17 -16 9 -15 6 -14 3 -14 2 -16 -3 -19 -5 -20 -7 -24 -6 -27 -6 -24 -5 -24 -4 -24 -1 -24 -1 -22 0 -18 2 -15 3 -12 -3 -10 -3 -6 -4 -2 -8 -4 -7 0 0 0 0 0 0 0 0 0 0 0 0 0 0 0 0 0 0 0 0 0 0 -1 13 -4 12 -5 11 -6 11 -9 8 -11 7 -11 6 -15 7 -16 9 -18 10 -20 13 -20 15 -19 14 -18 15 -17 16 -15 15 -15 11 -16 11 -16 9 -18 7 -21 3 -25 2 -28 3 -35 7 -35 6 -42 9 ]
CSI_DATA,STA,E4:D1:24:F1:02:C0,-77,10,0,0,0,0,0,0,0,0,0,-97,0,13,0,37154277,0,389,0,0,37.5453,128,[-123 81 24 0 41 7 37 6 35 1 28 1 22 3 18 6 14 5 14 8 12 14 12 19 12 20 12 20 16 22 17 22 17 20 19 20 17 16 17 13 17 12 12 8 11 8 3 8 1 8 -3 10 -9 5 0 0 0 0 0 0 0 0 0 0 0 0 0 0 0 0 0 0 0 0 0 0 10 -13 10 -11 11 -9 10 -6 13 -3 15 -1 16 0 16 -1 18 4 22 1 23 2 27 -3 23 -1 25 -3 23 -1 24 -3 20 -1 21 3 21 1 17 7 18 11 21 12 25 17 33 20 37 23 43 22 ]
CSI_DATA,STA,E4:D1:24:F1:02:C0,-78,10,0,0,0,0,0,0,0,0,0,-97,0,13,0,37255257,0,64,0,0,37.646,128,[64 0 4 0 -28 31 -18 31 -18 28 -12 23 -11 21 -11 15 -12 8 -9 7 -17 2 -18 4 -21 3 -25 5 -25 6 -26 6 -26 6 -25 10 -25 11 -22 10 -18 10 -17 6 -12 6 -10 2 -8 -2 -5 -6 -9 -6 0 0 0 0 0 0 0 0 0 0 0 0 0 0 0 0 0 0 0 0 0 0 8 13 8 13 1 12 -1 10 -1 12 -5 13 -9 13 -10 15 -10 17 -12 18 -14 18 -12 21 -13 22 -10 24 -9 21 -7 27 -6 21 -7 20 -11 15 -13 17 -15 14 -23 14 -26 16 -29 17 -34 22 -36 27 ]
CSI_DATA,STA,E4:D1:24:F1:02:C0,-77,10,0,0,0,0,0,0,0,0,0,-97,0,13,0,37256680,0,389,0,0,37.6787,128,[-123 81 24 0 12 37 13 28 13 24 13 19 8 15 4 14 1 13 -2 14 -6 15 -4 14 -10 18 -8 18 -10 21 -8 20 -8 19 -6 23 -7 23 -2 17 -1 18 -4 12 -2 10 -3 10 -3 7 2 3 -30 -11 0 0 0 0 0 0 0 0 0 0 0 0 0 0 0 0 0 0 0 0 0 0 12 1 12 4 11 3 10 3 7 5 8 9 6 11 8 13 8 12 6 16 12 17 10 20 12 15 11 16 13 15 12 18 10 14 11 12 9 14 4 19 1 17 2 23 -3 27 -4 32 -5 38 1 37 ]
CSI_DATA,STA,E4:D1:24:F1:02:C0,-77,10,0,0,0,0,0,0,0,0,0,-97,0,13,0,37359082,0,389,0,0,37.7503,128,[-123 81 24 0 1 -42 -2 -36 -5 -34 -6 -22 -2 -23 -2 -15 4 -14 6 -11 11 -11 12 -12 15 -11 17 -15 19 -14 20 -18 21 -16 15 -19 16 -18 13 -19 14 -15 9 -13 9 -11 7 0 7 0 13 10 -6 -11 0 0 0 0 0 0 0 0 0 0 0 0 0 0 0 0 0 0 0 0 0 0 -14 -1 -12 -2 -14 -4 -12 -3 -7 -9 -6 -11 -6 -12 -4 -14 -8 -16 -4 -20 -8 -20 -11 -22 -11 -22 -11 -22 -6 -21 -15 -19 -8 -18 -9 -16 -5 -17 1 -17 3 -21 5 -23 11 -26 12 -31 8 -36 6 -41 ]
CSI_DATA,STA,E4:D1:24:F1:02:C0,-77,10,0,0,0,0,0,0,0,0,0,-97,0,13,0,37461557,0,389,0,0,37.8526,128,[-123 81 24 0 16 37 15 35 11 29 13 19 10 21 7 18 1 16 -3 13 -3 15 -6 14 -8 21 -4 21 -7 20 -4 22 -6 21 -4 23 -4 20 0 18 -3 18 -3 13 -2 10 -1 9 -5 5 -4 3 -6 2 0 0 0 0 0 0 0 0 0 0 0 0 0 0 0 0 0 0 0 0 0 0 14 0 10 0 10 3 11 6 8 6 8 9 7 12 7 13 10 15 10 18 9 16 14 18 16 18 14 17 14 18 12 16 14 14 8 14 7 15 6 18 2 19 4 23 1 26 1 34 2 39 7 42 ]
CSI_DATA,STA,E4:D1:24:F1:02:C0,-77,10,0,0,0,0,0,0,0,0,0,-97,0,13,0,37563887,0,389,0,0,37.955,128,[-123 81 24 0 15 -39 11 -39 5 -37 5 -32 5 -24 5 -19 7 -16 9 -11 11 -12 19 -12 19 -14 20 -14 21 -11 20 -18 21 -16 18 -17 19 -16 16 -18 15 -16 13 -14 11 -9 9 -3 9 -2 8 2 13 7 0 0 0 0 0 0 0 0 0 0 0 0 0 0 0 0 0 0 0 0 0 0 -12 -13 -10 -11 -9 -11 -5 -14 -3 -13 -3 -16 0 -14 6 -20 7 -20 3 -22 3 -25 3 -26 2 -27 1 -26 -2 -28 1 -26 0 -23 1 -20 4 -18 9 -19 12 -20 18 -22 17 -22 22 -29 25 -35 25 -38 ]
CSI_DATA,STA,E4:D1:24:F1:02:C0,-77,10,0,0,0,0,0,0,0,0,0,-97,0,13,0,37575256,0,64,0,0,37.9885,128,[64 0 4 0 -3 -45 -13 -38 -9 -34 -6 -25 -5 -23 -3 -17 2 -16 3 -14 9 -12 12 -13 14 -17 16 -18 19 -19 16 -24 18 -23 19 -22 14 -24 10 -25 10 -21 10 -16 5 -11 7 -9 8 -3 7 -1 13 8 0 0 0 0 0 0 0 0 0 0 0 0 0 0 0 0 0 0 0 0 0 0 -15 -2 -12 -5 -13 -5 -9 -8 -9 -9 -8 -12 -7 -13 -10 -15 -7 -17 -8 -20 -11 -22 -9 -24 -11 -20 -13 -22 -14 -21 -12 -21 -10 -19 -9 -18 -5 -20 -1 -18 0 -22 3 -27 10 -33 11 -37 9 -38 8 -45 ]
CSI_DATA,STA,E4:D1:24:F1:02:C0,-77,10,0,0,0,0,0,0,0,0,0,-97,0,13,0,37576268,0,64,0,0,38.0319,128,[64 0 4 0 11 -42 5 -39 1 -33 0 -32 -1 -25 0 -16 5 -16 11 -11 14 -11 16 -12 16 -14 20 -13 20 -15 22 -18 18 -17 20 -19 16 -18 15 -19 16 -15 11 -12 10 -10 7 -6 10 0 7 4 4 2 0 0 0 0 0 0 0 0 0 0 0 0 0 0 0 0 0 0 0 0 0 0 -14 -9 -11 -9 -9 -11 -6 -11 -4 -13 -3 -13 -2 -16 -2 -20 0 -22 -1 -22 -1 -24 -2 -25 -1 -25 -4 -24 -6 -26 -4 -22 -4 -21 -2 -21 1 -19 3 -19 8 -20 12 -18 15 -26 19 -31 20 -32 19 -40 ]
CSI_DATA,STA,E4:D1:24:F1:02:C0,-77,10,0,0,0,0,0,0,0,0,0,-97,0,13,0,37666292,0,389,0,0,38.0747,128,[-123 81 24 0 -43 -16 -39 -15 -31 -11 -28 -8 -24 -4 -21 -10 -15 -6 -13 -13 -11 -15 -10 -16 -12 -21 -14 -25 -12 -25 -16 -25 -16 -25 -17 -21 -16 -20 -17 -17 -16 -12 -12 -14 -6 -11 -1 -9 -1 -10 3 -5 1 -9 0 0 0 0 0 0 0 0 0 0 0 0 0 0 0 0 0 0 0 0 0 0 -10 10 -11 7 -11 4 -14 3 -15 0 -16 -2 -17 -2 -18 -6 -22 -7 -21 -6 -24 -4 -27 -3 -28 -5 -27 -1 -23 -3 -24 1 -24 -4 -18 -1 -20 -6 -20 -11 -23 -15 -21 -19 -24 -21 -32 -25 -35 -24 -43 -28 ]
CSI_DATA,STA,E4:D1:24:F1:02:C0,-77,10,0,0,0,0,0,0,0,0,0,-97,0,13,0,37698824,0,64,0,0,38.1232,128,[64 0 4 0 28 34 28 29 24 22 20 18 19 18 11 12 4 17 4 13 -1 15 -4 21 -5 24 -5 25 -3 28 0 30 -1 29 0 27 -1 25 0 22 3 21 1 14 0 13 -4 9 -3 6 -7 1 -11 7 0 0 0 0 0 0 0 0 0 0 0 0 0 0 0 0 0 0 0 0 0 0 14 -9 12 -6 12 -2 14 -1 13 1 14 5 14 9 16 7 16 12 17 14 21 10 23 12 21 14 21 13 23 10 21 10 20 11 17 13 15 13 14 17 12 17 8 25 11 29 12 35 14 39 22 43 ]
CSI_DATA,STA,E4:D1:24:F1:02:C0,-77,10,0,0,0,0,0,0,0,0,0,-97,0,13,0,37768782,0,389,0,0,38.1596,128,[-123 81 24 0 39 8 35 5 32 1 26 2 21 -1 17 4 15 8 15 8 13 11 11 14 15 17 15 21 19 19 19 18 18 18 21 13 21 15 20 11 17 9 13 7 11 4 4 8 3 8 -2 9 -9 6 0 0 0 0 0 0 0 0 0 0 0 0 0 0 0 0 0 0 0 0 0 0 14 -11 11 -9 13 -8 13 -1 13 0 15 1 17 3 17 4 18 5 21 5 17 5 23 4 22 4 23 0 24 3 23 1 23 2 21 4 21 6 21 8 23 13 22 17 27 18 30 21 36 20 43 22 ]
CSI_DATA,STA,E4:D1:24:F1:02:C0,-77,10,0,0,0,0,0,0,0,0,0,-97,0,13,0,37871095,0,389,0,0,38.2622,128,[-123 81 24 0 9 -38 7 -33 4 -32 3 -27 3 -21 5 -16 8 -11 9 -13 12 -9 15 -7 16 -10 20 -12 19 -13 20 -15 19 -16 18 -15 16 -18 14 -16 12 -13 10 -13 8 -11 9 -3 11 0 0 2 -3 -2 0 0 0 0 0 0 0 0 0 0 0 0 0 0 0 0 0 0 0 0 0 0 -13 -9 -7 -10 -8 -11 -4 -13 -2 -12 -2 -14 -1 -15 3 -17 4 -19 4 -21 5 -21 3 -23 1 -24 -1 -26 1 -23 1 -23 1 -21 4 -20 6 -20 8 -19 10 -19 14 -20 17 -24 20 -27 22 -32 23 -38 ]
CSI_DATA,STA,E4:D1:24:F1:02:C0,-77,10,0,0,0,0,0,0,0,0,0,-97,0,13,0,37973497,0,389,0,0,38.3646,128,[-123 81 24 0 41 -17 37 -18 29 -17 22 -13 17 -12 14 -10 16 -3 14 0 16 5 16 8 21 9 20 9 23 11 26 10 25 7 25 7 23 4 22 5 21 2 15 2 14 2 8 5 6 6 0 6 1 11 0 0 0 0 0 0 0 0 0 0 0 0 0 0 0 0 0 0 0 0 0 0 -4 -17 -4 -15 3 -15 5 -14 5 -9 10 -13 11 -11 13 -12 18 -14 20 -13 19 -13 18 -17 19 -17 18 -19 17 -20 19 -18 16 -16 15 -13 19 -11 20 -5 21 -2 26 -2 31 -4 36 -3 39 -3 47 -10 ]
CSI_DATA,STA,E4:D1:24:F1:02:C0,-77,10,0,0,0,0,0,0,0,0,0,-97,0,13,0,38075900,0,389,0,0,38.4668,128,[-123 81 24 0 -15 37 -13 34 -9 30 -7 22 -5 21 -6 14 -6 10 -11 9 -15 10 -17 7 -21 7 -23 9 -20 11 -19 13 -22 15 -19 12 -19 13 -17 13 -12 10 -14 10 -11 5 -9 4 -8 -1 -5 -5 -8 -3 0 0 0 0 0 0 0 0 0 0 0 0 0 0 0 0 0 0 0 0 0 0 8 9 9 9 7 10 2 12 -1 11 -1 13 -3 14 -1 17 -5 16 -5 20 -3 21 -3 18 -5 22 -3 21 -2 24 0 21 -6 22 -6 22 -6 17 -10 18 -13 17 -18 18 -19 22 -22 26 -24 29 -25 34 ]
CSI_DATA,STA,E4:D1:24:F1:02:C0,-77,10,0,0,0,0,0,0,0,0,0,-97,0,13,0,38280705,0,389,0,0,38.6718,128,[-123 81 24 0 30 -25 28 -25 22 -23 17 -20 17 -16 11 -11 12 -5 14 -4 17 1 18 3 21 0 23 2 23 2 25 0 25 -2 25 -4 27 -3 21 -6 16 -5 14 -2 12 -1 6 -1 5 1 5 9 -1 7 0 0 0 0 0 0 0 0 0 0 0 0 0 0 0 0 0 0 0 0 0 0 -3 -15 -2 -13 -1 -12 2 -11 4 -11 6 -9 10 -12 12 -12 14 -13 13 -16 14 -20 17 -19 16 -19 12 -19 13 -20 11 -19 10 -18 13 -17 10 -12 19 -9 17 -9 24 -7 28 -11 31 -10 35 -14 39 -19 ]
CSI_DATA,STA,E4:D1:24:F1:02:C0,-77,10,0,0,0,0,0,0,0,0,0,-97,0,13,0,38296385,0,64,0,0,38.7045,128,[64 0 4 0 -44 4 -40 4 -35 7 -28 5 -23 5 -19 2 -14 -3 -14 -6 -14 -10 -14 -15 -18 -20 -19 -18 -19 -18 -22 -19 -22 -18 -26 -17 -24 -14 -18 -14 -16 -11 -18 -9 -11 -8 -7 -8 -4 -9 0 -9 3 -15 0 0 0 0 0 0 0 0 0 0 0 0 0 0 0 0 0 0 0 0 0 0 -1 14 -5 15 -7 12 -9 10 -9 7 -12 8 -16 4 -18 7 -22 4 -23 7 -21 10 -27 10 -23 10 -25 12 -23 10 -20 11 -21 9 -21 6 -18 3 -22 0 -23 -2 -25 -9 -33 -11 -37 -13 -39 -11 -44 -11 ]
CSI_DATA,STA,E4:D1:24:F1:02:C0,-77,10,0,0,0,0,0,0,0,0,0,-97,0,13,0,38485511,0,389,0,0,38.8766,128,[-123 81 24 0 9 44 9 42 11 35 11 25 8 23 6 20 -1 15 -3 15 -9 12 -12 14 -14 17 -16 19 -18 20 -15 24 -13 25 -13 23 -14 23 -13 22 -11 21 -8 16 -8 11 -7 6 -9 5 -9 -1 -6 -4 0 0 0 0 0 0 0 0 0 0 0 0 0 0 0 0 0 0 0 0 0 0 14 -2 12 0 11 2 9 5 12 8 6 9 10 13 7 14 10 18 10 19 15 22 15 23 16 23 17 23 17 22 16 20 14 18 11 17 5 18 4 22 1 21 -4 28 -2 28 -7 37 -6 44 -2 50 ]
CSI_DATA,STA,E4:D1:24:F1:02:C0,-77,10,0,0,0,0,0,0,0,0,0,-97,0,13,0,38587913,0,389,0,0,38.979,128,[-123 81 24 0 -28 -32 -26 -26 -24 -23 -22 -18 -19 -15 -13 -15 -9 -13 -5 -16 0 -16 2 -19 5 -21 5 -28 1 -26 0 -27 -4 -28 1 -26 -3 -28 -3 -22 -2 -21 -3 -18 -1 -14 2 -12 3 -11 10 -5 7 0 0 0 0 0 0 0 0 0 0 0 0 0 0 0 0 0 0 0 0 0 0 0 -17 6 -13 3 -15 1 -12 -1 -15 -4 -14 -6 -14 -8 -15 -9 -18 -11 -20 -14 -22 -14 -22 -16 -26 -12 -23 -12 -22 -10 -21 -12 -20 -4 -15 -9 -12 -12 -15 -16 -12 -21 -14 -23 -11 -29 -16 -32 -17 -40 -21 -39 ]
CSI_DATA,STA,E4:D1:24:F1:02:C0,-77,10,0,0,0,0,0,0,0,0,0,-97,0,13,0,38658826,0,64,0,0,39.0497,128,[64 0 4 0 -32 24 -30 22 -23 23 -16 18 -17 17 -16 10 -15 6 -13 2 -15 0 -17 -5 -21 -7 -24 -5 -25 -5 -26 -6 -25 -2 -26 -3 -25 -1 -22 0 -19 0 -17 -1 -13 -3 -8 -1 -4 -4 -4 -7 -7 -9 0 0 0 0 0 0 0 0 0 0 0 0 0 0 0 0 0 0 0 0 0 0 3 13 2 11 -1 12 -4 10 -7 10 -8 12 -10 12 -12 10 -12 17 -12 14 -14 13 -14 18 -13 18 -13 20 -13 19 -8 18 -10 16 -10 16 -14 12 -15 9 -18 7 -24 10 -28 4 -34 11 -37 16 -42 16 ]
CSI_DATA,STA,E4:D1:24:F1:02:C0,-77,10,0,0,0,0,0,0,0,0,0,-97,0,13,0,38658911,0,64,0,0,39.0833,128,[64 0 4 0 -45 -13 -39 -9 -34 -9 -27 -6 -23 -7 -20 -7 -12 -11 -8 -13 -8 -17 -8 -20 -8 -25 -11 -26 -13 -26 -14 -27 -12 -25 -16 -25 -15 -22 -15 -19 -12 -16 -11 -14 -8 -13 -4 -11 0 -12 4 -11 11 0 0 0 0 0 0 0 0 0 0 0 0 0 0 0 0 0 0 0 0 0 0 0 -8 10 -11 12 -11 6 -12 7 -14 2 -15 3 -17 -3 -21 -4 -23 -3 -22 -2 -24 1 -28 -2 -27 0 -26 1 -25 1 -24 3 -23 1 -23 -2 -19 -6 -21 -9 -20 -11 -24 -19 -25 -21 -31 -25 -32 -29 -43 -28 ]
CSI_DATA,STA,E4:D1:24:F1:02:C0,-77,10,0,0,0,0,0,0,0,0,0,-97,0,13,0,38690316,0,389,0,0,39.1277,128,[-123 81 24 0 36 8 33 3 33 0 28 0 22 -1 16 1 13 4 13 7 10 13 11 12 10 15 13 15 14 16 16 18 17 18 18 17 17 14 16 12 15 11 9 10 8 9 6 6 1 8 -2 8 -11 8 0 0 0 0 0 0 0 0 0 0 0 0 0 0 0 0 0 0 0 0 0 0 6 -13 6 -10 9 -9 9 -6 12 -5 14 -2 15 0 15 -3 16 0 21 2 22 -1 21 0 26 -1 22 -2 24 -5 22 -4 19 -3 18 -3 16 -1 18 3 19 7 20 10 23 12 26 17 32 19 40 16 ]
CSI_DATA,STA,E4:D1:24:F1:02:C0,-77,10,0,0,0,0,0,0,0,0,0,-97,0,13,0,38775586,0,64,0,0,39.1683,128,[64 0 4 0 45 -5 40 -8 32 -9 30 -7 23 -6 17 -4 16 0 13 5 17 9 16 13 17 13 16 13 21 16 25 17 22 15 28 11 23 10 20 8 20 8 17 6 10 8 8 7 3 8 -2 8 1 15 0 0 0 0 0 0 0 0 0 0 0 0 0 0 0 0 0 0 0 0 0 0 2 -18 5 -15 7 -14 8 -11 10 -11 14 -10 16 -9 19 -8 20 -9 23 -9 21 -8 25 -10 25 -10 25 -12 24 -12 23 -12 17 -10 20 -9 18 -5 21 -1 22 2 30 6 31 8 36 10 43 10 45 7 ]
CSI_DATA,STA,E4:D1:24:F1:02:C0,-77,10,0,0,0,0,0,0,0,0,0,-97,0,13,0,38792718,0,389,0,0,39.2057,128,[-123 81 24 0 24 -31 19 -29 15 -28 12 -24 9 -20 11 -10 11 -11 12 -8 16 -5 19 -3 19 -1 25 -2 24 0 25 -5 23 -5 23 -6 23 -7 21 -7 15 -8 16 -6 12 -6 8 0 6 3 5 7 1 4 0 0 0 0 0 0 0 0 0 0 0 0 0 0 0 0 0 0 0 0 0 0 -9 -10 -9 -11 -8 -12 -4 -10 -1 -11 1 -12 3 -13 3 -15 8 -17 8 -21 8 -22 6 -22 6 -23 7 -23 5 -23 4 -24 4 -21 6 -19 9 -19 11 -16 14 -14 20 -14 24 -16 29 -19 32 -22 33 -30 ]
CSI_DATA,STA,E4:D1:24:F1:02:C0,-77,10,0,0,0,0,0,0,0,0,0,-97,0,13,0,38895121,0,389,0,0,39.2861,128,[-123 81 24 0 -39 -20 -37 -13 -28 -10 -26 -10 -24 -6 -15 -8 -13 -8 -10 -13 -4 -17 -10 -17 -11 -19 -12 -24 -14 -25 -15 -24 -13 -23 -16 -21 -18 -19 -14 -20 -14 -13 -10 -14 -9 -8 -5 -9 -3 -9 8 -15 8 -21 0 0 0 0 0 0 0 0 0 0 0 0 0 0 0 0 0 0 0 0 0 0 -13 7 -14 4 -16 3 -13 1 -12 -2 -14 -6 -16 -7 -17 -10 -19 -8 -22 -9 -21 -11 -24 -9 -25 -9 -23 -8 -26 -6 -23 -7 -24 -11 -18 -8 -21 -7 -14 -13 -16 -16 -17 -22 -21 -20 -23 -27 -32 -30 -33 -29 ]
CSI_DATA,STA,E4:D1:24:F1:02:C0,-77,10,0,0,0,0,0,0,0,0,0,-97,0,13,0,38997569,0,389,0,0,39.3886,128,[-123 81 24 0 18 -35 17 -35 10 -31 6 -26 7 -21 7 -15 11 -12 12 -8 15 -6 16 -4 21 -4 22 -8 24 -5 23 -8 21 -8 21 -9 20 -11 17 -10 17 -9 13 -7 11 -4 10 -1 9 0 5 5 9 10 0 0 0 0 0 0 0 0 0 0 0 0 0 0 0 0 0 0 0 0 0 0 -13 -10 -10 -9 -8 -11 -5 -11 -1 -11 -1 -13 2 -16 2 -17 3 -16 6 -21 5 -23 2 -24 3 -26 5 -24 1 -26 1 -22 1 -22 4 -22 6 -18 8 -18 12 -16 15 -18 23 -18 24 -22 30 -29 29 -33 ]
CSI_DATA,STA,E4:D1:24:F1:02:C0,-77,10,0,0,0,0,0,0,0,0,0,-97,0,13,0,39099926,0,389,0,0,39.491,128,[-123 81 24 0 -5 40 1 35 0 32 1 27 1 22 0 15 -5 10 -10 13 -12 11 -14 12 -18 14 -19 14 -22 17 -18 18 -20 17 -17 17 -14 16 -13 19 -12 13 -9 11 -11 7 -6 5 -8 2 -6 -2 -7 -2 0 0 0 0 0 0 0 0 0 0 0 0 0 0 0 0 0 0 0 0 0 0 14 2 11 6 9 7 7 7 6 10 4 11 3 15 2 15 5 19 4 21 3 23 4 26 5 24 5 22 7 20 6 19 4 18 3 17 0 16 -2 17 -7 20 -8 23 -14 22 -13 31 -18 32 -16 39 ]
CSI_DATA,STA,E4:D1:24:F1:02:C0,-77,10,0,0,0,0,0,0,0,0,0,-97,0,13,0,39202328,0,389,0,0,39.5934,128,[-123 81 24 0 29 35 26 30 25 23 19 21 19 15 11 13 4 14 2 14 -3 16 -3 21 -5 23 -6 24 -5 30 -3 28 -1 29 0 28 0 26 1 23 2 20 0 18 1 15 0 11 -7 7 -7 5 -16 3 0 0 0 0 0 0 0 0 0 0 0 0 0 0 0 0 0 0 0 0 0 0 14 -8 14 -3 13 0 12 1 13 3 12 7 14 8 13 12 15 14 16 14 18 12 20 16 21 12 22 14 20 12 21 11 18 11 18 12 12 11 10 17 10 20 6 25 9 33 12 36 14 39 19 43 ]
CSI_DATA,STA,E4:D1:24:F1:02:C0,-77,10,0,0,0,0,0,0,0,0,0,-97,0,13,0,39304731,0,389,0,0,39.6958,128,[-123 81 24 0 26 -28 25 -28 19 -24 13 -23 9 -18 11 -12 11 -8 13 -2 14 0 18 -1 16 -3 25 3 26 -4 24 1 27 -3 22 -6 23 -4 20 -6 17 -4 15 -5 13 -3 7 0 5 3 0 10 -2 2 0 0 0 0 0 0 0 0 0 0 0 0 0 0 0 0 0 0 0 0 0 0 -9 -14 -6 -12 -4 -13 -1 -12 3 -13 2 -12 5 -14 8 -15 7 -18 10 -18 11 -20 10 -25 9 -22 10 -18 7 -14 8 -26 6 -21 8 -16 11 -14 10 -12 18 -12 24 -13 26 -11 30 -15 36 -19 35 -23 ]
CSI_DATA,STA,E4:D1:24:F1:02:C0,-77,10,0,0,0,0,0,0,0,0,0,-97,0,13,0,39387643,0,64,0,0,39.7785,128,[64 0 4 0 12 -42 7 -38 6 -34 4 -28 1 -23 3 -18 4 -14 10 -12 12 -11 15 -13 19 -14 17 -15 23 -18 20 -18 22 -18 21 -18 19 -20 16 -17 14 -16 12 -13 9 -11 11 -6 10 -2 9 -1 8 11 0 0 0 0 0 0 0 0 0 0 0 0 0 0 0 0 0 0 0 0 0 0 -12 -9 -7 -12 -5 -11 -5 -12 -2 -16 1 -13 0 -15 4 -20 2 -22 5 -21 5 -22 5 -24 2 -25 2 -24 -1 -27 -3 -22 1 -25 3 -21 5 -18 7 -20 14 -19 14 -19 19 -25 22 -27 27 -35 26 -41 ]
CSI_DATA,STA,E4:D1:24:F1:02:C0,-77,10,0,0,0,0,0,0,0,0,0,-97,0,13,0,39407132,0,389,0,0,39.8116,128,[-123 81 24 0 19 -36 15 -34 9 -29 9 -28 8 -20 10 -16 12 -12 12 -9 13 -5 19 -4 22 -4 21 -5 24 -8 25 -7 25 -7 21 -9 21 -7 22 -8 16 -8 14 -6 13 -2 8 -2 6 1 4 6 5 8 0 0 0 0 0 0 0 0 0 0 0 0 0 0 0 0 0 0 0 0 0 0 -12 -9 -10 -8 -8 -10 -4 -9 -2 -13 0 -14 1 -17 0 -17 0 -18 2 -22 1 -22 0 -22 3 -25 0 -24 0 -24 -1 -22 -1 -21 4 -21 6 -17 8 -16 12 -17 16 -18 20 -19 28 -25 29 -28 29 -36 ]
CSI_DATA,STA,E4:D1:24:F1:02:C0,-77,10,0,0,0,0,0,0,0,0,0,-97,0,13,0,39509584,0,389,0,0,39.9006,128,[-123 81 24 0 42 -6 40 -10 33 -8 29 -9 21 -7 18 -1 13 1 14 5 13 9 13 16 13 17 15 16 19 20 18 19 21 18 21 20 22 15 18 15 18 14 13 12 10 8 3 6 0 7 -3 11 -6 9 0 0 0 0 0 0 0 0 0 0 0 0 0 0 0 0 0 0 0 0 0 0 -3 -17 -1 -15 3 -13 3 -16 6 -11 6 -14 12 -10 12 -13 14 -11 19 -12 19 -13 20 -19 20 -14 20 -17 19 -19 17 -11 18 -15 14 -11 15 -8 16 -6 20 -1 24 2 31 4 34 6 42 3 47 2 ]
CSI_DATA,STA,E4:D1:24:F1:02:C0,-76,10,0,0,0,0,0,0,0,0,0,-97,0,13,0,39611972,0,389,0,0,40.0029,128,[-123 81 24 0 -30 28 -25 27 -22 26 -15 20 -13 20 -13 12 -12 7 -12 6 -15 -1 -19 -3 -20 -4 -22 -3 -26 -3 -27 -3 -31 -3 -26 3 -26 2 -22 2 -19 1 -16 1 -12 -2 -9 -3 -7 -4 -3 -7 -4 -5 0 0 0 0 0 0 0 0 0 0 0 0 0 0 0 0 0 0 0 0 0 0 9 11 5 10 3 9 2 9 -1 11 -4 11 -6 12 -7 15 -7 16 -9 18 -9 19 -10 20 -10 20 -7 23 -10 24 -8 22 -5 17 -6 17 -11 14 -11 13 -17 13 -20 12 -27 12 -32 12 -37 17 -37 21 ]
CSI_DATA,STA,E4:D1:24:F1:02:C0,-77,10,0,0,0,0,0,0,0,0,0,-97,0,13,0,39714340,0,389,0,0,40.1054,128,[-123 81 24 0 -3 43 3 38 3 35 -1 28 1 25 0 21 -4 14 -11 15 -10 12 -13 15 -15 15 -17 18 -18 19 -18 23 -16 21 -18 20 -15 22 -11 18 -10 17 -9 16 -10 10 -9 8 -10 5 -11 -2 -10 -7 0 0 0 0 0 0 0 0 0 0 0 0 0 0 0 0 0 0 0 0 0 0 14 7 10 6 12 8 6 10 5 11 7 10 3 14 1 17 1 20 1 20 1 21 4 24 4 25 5 25 5 23 4 24 6 21 4 20 0 21 -1 21 -6 20 -8 22 -14 28 -19 32 -15 39 -15 46 ]
CSI_DATA,STA,E4:D1:24:F1:02:C0,-77,10,0,0,0,0,0,0,0,0,0,-97,0,13,0,39735295,0,64,0,0,40.1365,128,[64 0 4 0 40 -3 36 -3 28 -7 27 -7 17 -5 13 -5 14 0 11 2 13 6 15 10 14 13 17 12 18 11 22 12 21 9 22 7 22 7 20 4 15 3 17 3 12 4 7 4 4 5 1 8 -6 7 0 0 0 0 0 0 0 0 0 0 0 0 0 0 0 0 0 0 0 0 0 0 7 -13 9 -9 10 -7 10 -6 11 -6 10 -3 14 0 13 2 17 -1 19 1 22 -2 22 -1 23 -4 23 -5 22 -3 19 -5 19 -5 17 -5 18 -3 18 2 17 4 23 6 25 12 27 11 35 10 39 11 ]
CSI_DATA,STA,E4:D1:24:F1:02:C0,-77,10,0,0,0,0,0,0,0,0,0,-97,0,13,0,39735381,0,64,0,0,40.1743,128,[64 0 4 0 24 36 21 30 20 28 18 22 16 18 9 12 3 14 0 14 -3 19 -6 16 -8 20 -11 24 -9 25 -8 28 -4 25 -6 27 -5 25 -3 22 1 22 -4 19 -2 11 -3 9 -6 6 -9 1 -15 3 0 0 0 0 0 0 0 0 0 0 0 0 0 0 0 0 0 0 0 0 0 0 14 -8 13 -5 16 -3 12 2 13 5 12 8 12 7 12 16 14 12 17 14 20 14 19 19 21 16 22 13 19 11 20 11 15 12 17 14 11 13 13 17 8 20 10 26 7 32 9 36 9 42 16 45 ]
CSI_DATA,STA,E4:D1:24:F1:02:C0,-76,10,0,0,0,0,0,0,0,0,0,-97,0,13,0,39815304,0,64,0,0,40.2153,128,[64 0 4 0 37 -26 31 -26 26 -26 23 -20 20 -18 14 -11 15 -10 16 -3 18 -2 21 2 22 6 25 2 25 3 26 1 27 1 27 0 26 -3 23 0 21 -3 17 -2 14 -1 11 0 6 3 9 3 1 20 0 0 0 0 0 0 0 0 0 0 0 0 0 0 0 0 0 0 0 0 0 0 -5 -15 -3 -15 1 -14 4 -12 7 -11 9 -11 12 -14 12 -12 16 -12 17 -17 17 -17 17 -18 19 -20 17 -19 17 -20 15 -20 15 -16 15 -19 16 -10 16 -10 21 -8 25 -9 30 -3 35 -5 40 -10 46 -16 ]
CSI_DATA,STA,E4:D1:24:F1:02:C0,-77,10,0,0,0,0,0,0,0,0,0,-97,0,13,0,39816742,0,389,0,0,40.2539,128,[-123 81 24 0 -30 -33 -28 -28 -30 -26 -24 -21 -24 -13 -14 -15 -9 -16 -7 -16 -2 -17 0 -23 -1 -24 2 -26 -2 -25 -1 -30 -5 -28 -6 -28 -6 -23 -6 -26 -7 -19 -8 -19 -2 -15 -2 -13 3 -9 4 -10 9 -9 0 0 0 0 0 0 0 0 0 0 0 0 0 0 0 0 0 0 0 0 0 0 -16 6 -15 0 -14 -1 -13 -1 -15 -7 -10 -8 -11 -12 -11 -13 -14 -15 -18 -17 -16 -15 -18 -15 -18 -16 -21 -16 -22 -13 -23 -14 -21 -13 -19 -14 -15 -16 -14 -17 -13 -20 -12 -25 -12 -31 -12 -36 -14 -42 -21 -44 ]
CSI_DATA,STA,E4:D1:24:F1:02:C0,-76,10,0,0,0,0,0,0,0,0,0,-97,0,13,0,40123950,0,389,0,0,40.515,128,[-123 81 24 0 6 -41 3 -36 -3 -34 -1 -27 -1 -23 0 -19 6 -15 7 -12 11 -12 12 -12 15 -13 18 -13 17 -14 16 -17 14 -17 14 -19 15 -17 9 -18 11 -15 9 -13 6 -11 6 -4 8 -1 8 3 4 3 0 0 0 0 0 0 0 0 0 0 0 0 0 0 0 0 0 0 0 0 0 0 -13 -7 -14 -8 -10 -9 -7 -10 -6 -10 -3 -13 -3 -18 1 -18 -2 -18 -3 -20 -2 -24 -4 -24 -5 -26 -5 -25 -4 -24 -5 -28 -4 -21 -6 -20 -2 -14 4 -18 5 -18 9 -22 15 -26 14 -27 13 -37 14 -39 ]
CSI_DATA,STA,E4:D1:24:F1:02:C0,-76,10,0,0,0,0,0,0,0,0,0,-97,0,13,0,40431157,0,389,0,0,40.8223,128,[-123 81 24 0 -23 -2 -24 -6 -25 -7 -27 -5 -31 -2 -29 -1 -29 1 -29 5 -28 3 -26 5 -20 6 -16 7 -15 2 -13 1 -10 -2 -9 -7 -7 -9 -4 -10 -8 -15 -8 -16 -9 -17 -8 -19 -9 -17 -5 -23 -7 -20 0 0 0 0 0 0 0 0 0 0 0 0 0 0 0 0 0 0 0 0 0 0 -3 14 -5 15 -4 15 -6 16 -6 16 -6 14 -4 16 -6 15 -6 13 -8 13 -8 10 -9 6 -11 7 -14 5 -17 8 -21 6 -21 8 -25 10 -26 13 -24 14 -26 19 -25 17 -25 17 -21 16 -19 15 -18 11 ]
CSI_DATA,STA,E4:D1:24:F1:02:C0,-76,10,0,0,0,0,0,0,0,0,0,-97,0,13,0,40455447,0,64,0,0,40.8559,128,[64 0 4 0 -12 13 -18 12 -17 14 -19 21 -20 20 -22 23 -23 29 -18 16 -11 25 -20 4 -10 21 -8 16 -5 12 -5 8 -8 4 -8 2 -12 1 -13 0 -15 -3 -16 -2 -18 -2 -21 -2 -21 -3 -20 -4 -18 -8 0 0 0 0 0 0 0 0 0 0 0 0 0 0 0 0 0 0 0 0 0 0 8 11 7 11 7 12 8 13 8 15 7 14 7 16 6 14 7 14 4 13 0 12 0 12 -2 14 -2 13 -5 14 -9 20 -10 21 -9 24 -9 26 -4 30 -4 27 1 28 0 29 2 28 -1 23 -1 18 ]
CSI_DATA,STA,E4:D1:24:F1:02:C0,-76,10,0,0,0,0,0,0,0,0,0,-97,0,13,0,40533816,0,389,0,0,40.9249,128,[-123 81 24 0 -10 16 -14 16 -20 18 -18 20 -19 22 -17 26 -13 25 -13 27 -10 24 -7 23 -7 21 -6 15 -5 14 -6 9 -7 5 -8 1 -10 -1 -12 -4 -18 -4 -16 -5 -19 -6 -19 -5 -20 -7 -22 -10 -17 -3 0 0 0 0 0 0 0 0 0 0 0 0 0 0 0 0 0 0 0 0 0 0 13 3 13 1 14 8 15 7 14 8 15 6 13 6 14 6 12 9 9 9 6 7 4 9 2 12 1 14 -1 16 1 21 2 22 2 26 3 27 4 25 9 28 11 29 9 27 7 22 7 23 3 22 ]
CSI_DATA,STA,E4:D1:24:F1:02:C0,-76,10,0,0,0,0,0,0,0,0,0,-97,0,13,0,40635962,0,389,0,0,41.027,128,[-123 81 24 0 -26 5 -26 1 -29 -2 -32 0 -35 4 -34 5 -34 7 -31 8 -29 11 -26 11 -19 12 -20 7 -14 6 -13 3 -10 -2 -10 -7 -8 -8 -10 -10 -12 -15 -12 -18 -11 -20 -12 -21 -14 -19 -12 -19 -15 -17 0 0 0 0 0 0 0 0 0 0 0 0 0 0 0 0 0 0 0 0 0 0 3 14 2 16 1 17 1 19 0 20 2 19 3 19 1 16 0 16 1 15 -2 15 -5 11 -7 12 -12 13 -15 11 -19 14 -20 18 -23 21 -22 20 -22 23 -21 28 -19 25 -16 25 -17 24 -18 22 -18 16 ]
CSI_DATA,STA,E4:D1:24:F1:02:C0,-76,10,0,0,0,0,0,0,0,0,0,-97,0,13,0,40840332,0,407,0,0,41.2315,128,[-105 113 25 0 20 -16 19 -13 24 -16 28 -18 27 -19 25 -19 25 -23 19 -20 18 -22 12 -24 13 -20 10 -16 11 -13 10 -9 10 -7 9 -2 12 1 13 3 13 5 17 8 17 9 19 8 18 5 17 10 22 7 0 0 0 0 0 0 0 0 0 0 0 0 0 0 0 0 0 0 0 0 0 0 -7 -14 -7 -16 -8 -19 -8 -19 -6 -18 -7 -17 -10 -19 -5 -18 -7 -18 -3 -17 0 -14 0 -12 2 -15 4 -17 9 -18 10 -22 14 -22 13 -27 13 -28 15 -29 8 -30 8 -31 7 -31 7 -31 4 -30 5 -25 ]
CSI_DATA,STA,E4:D1:24:F1:02:C0,-76,10,0,0,0,0,0,0,0,0,0,-97,0,13,0,40840767,0,389,0,0,41.2649,128,[-123 81 24 0 18 16 17 16 21 18 17 20 24 23 24 20 26 21 25 18 25 14 21 13 20 10 16 7 9 5 15 6 8 6 3 10 1 8 -6 16 -2 14 -4 19 -4 17 -2 21 0 17 6 9 -13 30 0 0 0 0 0 0 0 0 0 0 0 0 0 0 0 0 0 0 0 0 0 0 11 -10 14 -12 18 -12 15 -10 16 -14 15 -13 16 -12 15 -13 12 -10 14 -9 12 -3 13 -1 14 2 15 4 19 8 20 8 24 7 26 9 29 8 34 5 31 4 33 -1 33 -4 30 -3 27 1 27 1 ]
CSI_DATA,STA,E4:D1:24:F1:02:C0,-77,10,0,0,0,0,0,0,0,0,0,-97,0,13,0,40898653,0,64,0,0,41.3062,128,[64 0 4 0 2 17 -1 19 -4 26 -3 26 2 29 0 30 6 28 8 28 6 26 5 23 10 20 8 19 4 13 2 13 -2 9 -4 7 -6 8 -10 8 -15 8 -13 6 -17 7 -18 5 -20 7 -19 7 -15 4 0 0 0 0 0 0 0 0 0 0 0 0 0 0 0 0 0 0 0 0 0 0 14 -1 12 -3 16 -2 16 0 17 0 16 -2 17 -1 16 -2 14 0 11 3 10 3 11 5 9 7 8 10 10 13 10 16 12 18 16 22 17 20 19 23 20 20 24 20 23 19 19 15 18 16 15 14 ]
CSI_DATA,STA,E4:D1:24:F1:02:C0,-76,10,0,0,0,0,0,0,0,0,0,-97,0,13,0,40943170,0,389,0,0,41.3425,128,[-123 81 24 0 5 -20 7 -18 14 -22 11 -23 13 -24 12 -26 10 -27 8 -24 5 -26 4 -26 0 -22 1 -18 2 -16 3 -11 6 -7 7 -7 7 -6 14 -3 14 0 16 0 15 -1 18 -2 17 -3 18 -2 20 1 0 0 0 0 0 0 0 0 0 0 0 0 0 0 0 0 0 0 0 0 0 0 -12 -8 -11 -10 -13 -10 -15 -10 -14 -12 -13 -11 -14 -11 -13 -10 -13 -12 -12 -9 -9 -11 -4 -13 -3 -12 -3 -13 -1 -16 1 -20 -6 -24 7 -24 1 -27 -3 -30 -5 -31 -7 -30 -9 -30 -8 -26 -8 -27 -5 -22 ]
CSI_DATA,STA,E4:D1:24:F1:02:C0,-77,10,0,0,0,0,0,0,0,0,0,-97,0,13,0,41045572,0,389,0,0,41.4366,128,[-123 81 24 0 -21 -3 -14 5 -23 2 -22 -10 -29 -7 -28 -6 -31 -2 -29 -1 -28 0 -27 -1 -23 2 -17 2 -15 3 -12 0 -9 -4 -7 -6 -6 -9 -7 -11 -4 -15 -8 -14 -7 -17 -6 -16 -6 -16 -5 -19 -4 -14 0 0 0 0 0 0 0 0 0 0 0 0 0 0 0 0 0 0 0 0 0 0 -4 12 -5 14 -9 12 -8 15 -7 13 -8 15 -7 15 -8 14 -9 12 -7 11 -8 10 -10 8 -12 6 -14 4 -16 4 -20 5 -23 6 -26 7 -27 8 -25 9 -29 13 -25 13 -26 16 -24 16 -22 14 -18 12 ]
CSI_DATA,STA,E4:D1:24:F1:02:C0,-77,10,0,0,0,0,0,0,0,0,0,-97,0,13,0,41147975,0,389,0,0,41.539,128,[-123 81 24 0 -4 -24 -3 -25 1 -24 0 -28 0 -29 -3 -31 -5 -30 -6 -31 -10 -29 -11 -26 -12 -19 -10 -19 -7 -14 -6 -14 -4 -12 4 -12 7 -9 7 -12 11 -14 11 -12 13 -16 14 -16 14 -14 10 -11 11 -9 0 0 0 0 0 0 0 0 0 0 0 0 0 0 0 0 0 0 0 0 0 0 -14 -6 -13 -7 -18 -7 -14 -10 -17 -11 -17 -7 -18 -11 -16 -10 -15 -9 -14 -9 -13 -9 -10 -10 -9 -13 -9 -13 -8 -17 -8 -19 -11 -24 -12 -27 -13 -27 -15 -28 -17 -26 -21 -26 -21 -25 -20 -22 -17 -22 -14 -21 ]
CSI_DATA,STA,E4:D1:24:F1:02:C0,-77,10,0,0,0,0,0,0,0,0,0,-97,0,13,0,41250377,0,389,0,0,41.6414,128,[-123 81 24 0 -25 -10 -27 -10 -26 -15 -28 -14 -30 -14 -30 -13 -32 -11 -32 -8 -34 -8 -32 -5 -27 -4 -23 0 -17 0 -16 -1 -11 -6 -10 -9 -6 -9 -7 -13 -6 -16 -6 -20 -5 -21 -7 -22 -7 -22 -7 -19 -9 -23 0 0 0 0 0 0 0 0 0 0 0 0 0 0 0 0 0 0 0 0 0 0 -12 11 -16 8 -16 10 -18 7 -18 9 -19 11 -17 8 -17 12 -17 9 -18 8 -16 6 -16 3 -19 3 -18 0 -17 -2 -23 -2 -27 -5 -28 -2 -33 0 -34 0 -34 1 -38 3 -36 6 -31 5 -32 8 -28 1 ]
CSI_DATA,STA,E4:D1:24:F1:02:C0,-76,10,0,0,0,0,0,0,0,0,0,-97,0,13,0,41352780,0,389,0,0,41.7439,128,[-123 81 24 0 9 17 0 18 -2 22 2 24 2 24 1 29 4 25 8 24 9 22 8 21 5 18 6 17 5 14 0 11 1 7 -5 6 -8 7 -11 5 -13 6 -14 4 -16 4 -17 6 -19 3 -19 4 -13 1 0 0 0 0 0 0 0 0 0 0 0 0 0 0 0 0 0 0 0 0 0 0 10 4 25 12 8 -11 12 -6 14 -11 12 -10 14 -8 11 -9 12 -8 10 -7 9 -3 12 1 11 2 13 4 12 8 18 10 17 12 20 15 20 12 23 14 23 15 23 9 23 11 21 12 20 11 16 11 ]
CSI_DATA,STA,E4:D1:24:F1:02:C0,-77,10,0,0,0,0,0,0,0,0,0,-97,0,13,0,41455183,0,389,0,0,41.8462,128,[-123 81 24 0 2 -21 6 -23 4 -25 7 -28 6 -28 1 -29 1 -32 -2 -31 -4 -25 -5 -24 -5 -24 -5 -22 -6 -15 -2 -11 1 -13 1 -11 6 -10 7 -8 11 -10 14 -10 12 -11 14 -10 12 -11 13 -14 19 -6 0 0 0 0 0 0 0 0 0 0 0 0 0 0 0 0 0 0 0 0 0 0 -11 -9 -12 -13 -12 -14 -11 -14 -11 -16 -9 -15 -13 -14 -12 -13 -11 -13 -9 -14 -8 -12 -6 -11 -5 -15 -3 -17 -1 -18 -2 -21 -1 -25 -5 -28 -5 -29 -6 -28 -9 -30 -11 -32 -11 -30 -16 -28 -12 -25 -10 -25 ]
CSI_DATA,STA,E4:D1:24:F1:02:C0,-76,10,0,0,0,0,0,0,0,0,0,-97,0,13,0,41495800,0,64,0,0,41.8862,128,[64 0 4 0 -3 19 -9 23 -6 26 -8 25 -9 32 -8 31 -3 31 -3 26 1 29 2 24 1 21 3 19 1 16 -2 13 -4 9 -5 8 -7 8 -11 9 -17 8 -18 5 -18 8 -18 8 -20 7 -20 8 -21 2 0 0 0 0 0 0 0 0 0 0 0 0 0 0 0 0 0 0 0 0 0 0 13 7 13 8 14 10 13 10 15 8 14 8 14 9 15 8 13 8 15 10 10 9 6 10 5 12 5 13 3 18 4 20 3 23 6 27 7 29 8 30 10 28 14 28 13 27 14 27 13 24 12 23 ]
CSI_DATA,STA,E4:D1:24:F1:02:C0,-77,10,0,0,0,0,0,0,0,0,0,-97,0,13,0,41557645,0,389,0,0,41.9485,128,[-123 81 24 0 21 9 20 12 17 17 22 18 21 17 24 14 28 13 27 12 25 7 24 6 22 5 18 1 15 0 11 4 9 5 7 4 3 7 2 11 4 14 3 15 5 18 2 17 4 20 7 17 1 22 0 0 0 0 0 0 0 0 0 0 0 0 0 0 0 0 0 0 0 0 0 0 11 -7 15 -6 15 -6 19 -8 17 -7 16 -8 17 -8 17 -8 16 -8 15 -5 16 -3 12 -1 16 0 15 5 17 3 19 5 20 6 26 7 28 6 30 7 32 4 33 2 32 2 29 -2 29 -3 24 0 ]
CSI_DATA,STA,E4:D1:24:F1:02:C0,-77,10,0,0,0,0,0,0,0,0,0,-97,0,13,0,41659988,0,389,0,0,42.0511,128,[-123 81 24 0 14 20 11 20 12 25 14 26 17 25 19 23 21 22 21 21 23 18 21 13 17 12 15 10 10 8 7 8 4 8 1 11 -2 9 -4 13 -4 14 -5 17 -6 17 -7 16 -7 21 -7 16 -9 18 0 0 0 0 0 0 0 0 0 0 0 0 0 0 0 0 0 0 0 0 0 0 13 -5 15 -4 16 -5 16 -5 18 -5 17 -5 18 -2 17 -2 18 -1 15 -2 14 -1 13 2 12 5 13 8 15 8 17 11 17 13 19 16 27 14 27 16 28 15 30 10 29 10 29 10 26 9 22 10 ]
CSI_DATA,STA,E4:D1:24:F1:02:C0,-76,10,0,0,0,0,0,0,0,0,0,-97,0,13,0,41762391,0,389,0,0,42.1533,128,[-123 81 24 0 20 9 21 11 26 15 22 14 27 14 28 14 28 11 26 10 26 5 26 5 25 2 16 1 14 7 10 1 6 6 4 6 3 11 1 12 1 18 2 17 -1 22 0 17 -2 20 0 19 4 14 0 0 0 0 0 0 0 0 0 0 0 0 0 0 0 0 0 0 0 0 0 0 4 -14 8 -14 6 -18 7 -17 7 -18 8 -16 8 -16 8 -16 8 -15 9 -12 7 -9 11 -8 13 -5 17 -5 18 -4 20 -1 24 -1 27 -3 30 -7 28 -6 29 -7 32 -9 33 -10 31 -12 25 -9 25 -7 ]
CSI_DATA,STA,E4:D1:24:F1:02:C0,-78,10,0,0,0,0,0,0,0,0,0,-97,0,13,0,41858085,0,64,0,0,42.2489,128,[64 0 4 0 21 4 24 8 25 8 31 14 30 13 31 10 33 8 33 3 29 2 28 0 22 -1 21 -1 18 -3 11 3 9 3 7 5 5 11 8 12 6 13 4 19 4 18 7 21 7 22 8 20 0 23 0 0 0 0 0 0 0 0 0 0 0 0 0 0 0 0 0 0 0 0 0 0 7 -13 11 -15 10 -17 13 -16 13 -15 15 -13 11 -13 8 -25 11 -17 12 -10 12 -10 13 -9 13 -6 17 -4 20 -4 21 -3 27 -2 29 -2 33 -4 34 -4 32 -7 33 -13 29 -13 30 -12 28 -11 28 -9 ]
CSI_DATA,STA,E4:D1:24:F1:02:C0,-76,10,0,0,0,0,0,0,0,0,0,-97,0,13,0,41859888,0,64,0,0,42.2792,128,[64 0 4 0 -3 -23 3 -21 0 -26 6 -26 1 -33 1 -28 -3 -30 -8 -29 -5 -29 -7 -27 -8 -18 -8 -17 -7 -12 -3 -16 -2 -15 1 -9 2 -12 9 -9 9 -13 15 -9 15 -13 17 -14 14 -19 15 -24 9 12 0 0 0 0 0 0 0 0 0 0 0 0 0 0 0 0 0 0 0 0 0 0 -15 -9 -12 -11 -12 -10 -13 -12 -14 -15 -14 -12 -14 -12 -13 -11 -12 -12 -13 -11 -13 -14 -10 -12 -7 -12 -6 -18 -5 -16 -4 -19 -4 -25 -4 -26 -4 -31 -11 -30 -11 -27 -15 -31 -17 -25 -19 -25 -14 -21 -13 -27 ]
CSI_DATA,STA,E4:D1:24:F1:02:C0,-77,10,0,0,0,0,0,0,0,0,0,-97,0,13,0,41864793,0,389,0,0,42.3239,128,[-123 81 24 0 -15 -17 -13 -21 -14 -22 -12 -24 -17 -25 -16 -26 -18 -22 -19 -24 -24 -18 -20 -16 -17 -13 -15 -9 -12 -11 -10 -10 -5 -8 -5 -9 1 -11 3 -12 3 -14 5 -16 4 -18 5 -19 6 -20 4 -17 8 -21 0 0 0 0 0 0 0 0 0 0 0 0 0 0 0 0 0 0 0 0 0 0 -13 2 -15 1 -17 -1 -16 0 -18 1 -18 1 -18 2 -17 -1 -17 -1 -15 2 -15 -2 -14 -5 -13 -9 -14 -8 -15 -13 -17 -13 -21 -16 -20 -15 -24 -18 -25 -17 -26 -15 -26 -13 -27 -12 -26 -12 -25 -11 -19 -12 ]
CSI_DATA,STA,E4:D1:24:F1:02:C0,-77,10,0,0,0,0,0,0,0,0,0,-97,0,13,0,41967196,0,389,0,0,42.3714,128,[-123 81 24 0 -14 -18 -12 -23 -10 -24 -10 -25 -14 -25 -14 -28 -18 -25 -19 -24 -19 -22 -18 -18 -18 -15 -17 -13 -12 -12 -10 -8 -7 -12 -3 -11 0 -14 3 -13 4 -17 7 -18 6 -18 7 -19 7 -18 6 -19 12 -17 0 0 0 0 0 0 0 0 0 0 0 0 0 0 0 0 0 0 0 0 0 0 -13 -1 -16 -4 -17 -2 -18 -4 -21 -4 -19 -4 -20 -3 -19 -2 -15 -2 -16 -4 -11 -4 -14 -6 -12 -8 -11 -13 -11 -15 -15 -15 -17 -15 -19 -19 -22 -20 -23 -20 -24 -19 -29 -18 -28 -17 -26 -17 -25 -13 -23 -15 ]
CSI_DATA,STA,E4:D1:24:F1:02:C0,-76,10,0,0,0,0,0,0,0,0,0,-97,0,13,0,41975444,0,64,0,0,42.4157,128,[64 0 4 0 -4 21 -9 24 -11 24 -11 25 -10 26 -8 29 -2 32 -3 29 -3 29 1 26 1 23 0 18 -2 15 -2 13 -3 8 -11 7 -10 7 -12 4 -16 4 -17 5 -19 5 -21 6 -20 5 -21 7 -15 0 0 0 0 0 0 0 0 0 0 0 0 0 0 0 0 0 0 0 0 0 0 0 13 6 13 8 16 11 12 11 14 8 12 10 15 11 14 11 12 10 11 9 9 8 9 11 4 14 4 14 2 17 -1 21 2 25 4 28 4 28 7 29 9 31 13 30 12 28 13 25 9 26 7 25 ]
CSI_DATA,STA,E4:D1:24:F1:02:C0,-77,10,0,0,0,0,0,0,0,0,0,-97,0,13,0,42069598,0,389,0,0,42.4607,128,[-123 81 24 0 -9 21 -13 21 -13 18 -15 24 -15 25 -14 26 -9 27 -9 26 -8 23 -5 22 -5 23 -1 17 -5 16 -6 11 -8 8 -9 7 -9 6 -11 4 -15 5 -18 4 -21 2 -17 6 -18 4 -21 3 -18 6 0 0 0 0 0 0 0 0 0 0 0 0 0 0 0 0 0 0 0 0 0 0 9 8 8 12 8 12 7 16 8 12 8 17 9 15 9 16 10 16 7 13 4 12 3 13 2 13 1 15 0 16 -3 19 -5 21 -4 24 0 27 -3 29 -1 31 1 31 5 30 4 29 2 26 5 25 ]
CSI_DATA,STA,E4:D1:24:F1:02:C0,-77,10,0,0,0,0,0,0,0,0,0,-97,0,13,0,42172001,0,389,0,0,42.5631,128,[-123 81 24 0 -20 8 -24 7 -24 4 -31 5 -30 7 -31 10 -28 4 -27 12 -23 11 -20 13 -21 14 -18 11 -16 9 -9 2 -10 3 -10 -1 -9 -4 -12 -6 -14 -9 -16 -10 -18 -11 -17 -12 -16 -13 -17 -11 -17 -9 0 0 0 0 0 0 0 0 0 0 0 0 0 0 0 0 0 0 0 0 0 0 -3 13 -4 15 -7 15 -6 16 -6 18 -5 17 -4 17 -6 18 -4 15 -6 16 -8 13 -6 9 -10 10 -13 8 -17 10 -19 10 -19 11 -21 16 -22 17 -24 19 -21 22 -24 25 -20 24 -18 23 -16 21 -16 19 ]
CSI_DATA,STA,E4:D1:24:F1:02:C0,-76,10,0,0,0,0,0,0,0,0,0,-97,0,13,0,42274403,0,389,0,0,42.6655,128,[-123 81 24 0 -10 -22 -9 -25 -8 -28 -10 -30 -11 -27 -12 -31 -12 -27 -16 -25 -16 -21 -19 -19 -16 -17 -13 -16 -12 -13 -6 -10 -2 -12 0 -9 1 -12 7 -14 8 -16 9 -17 9 -17 8 -19 9 -20 9 -17 6 -16 0 0 0 0 0 0 0 0 0 0 0 0 0 0 0 0 0 0 0 0 0 0 -13 0 -16 -2 -16 -5 -18 -5 -18 -4 -20 -5 -19 -4 -17 -4 -16 -5 -16 -5 -13 -5 -12 -9 -12 -12 -14 -12 -13 -13 -13 -16 -18 -18 -19 -22 -21 -21 -23 -22 -24 -21 -24 -20 -27 -16 -25 -17 -23 -15 -19 -17 ]
CSI_DATA,STA,E4:D1:24:F1:02:C0,-76,10,0,0,0,0,0,0,0,0,0,-97,0,13,0,42479208,0,389,0,0,42.8703,128,[-123 81 24 0 1 20 -2 22 -10 26 -11 27 -8 30 -9 31 -6 29 -1 30 0 27 1 25 4 23 0 22 -1 16 -1 11 -5 11 -4 8 -10 6 -12 5 -16 3 -17 6 -18 8 -19 5 -20 6 -19 4 -15 6 0 0 0 0 0 0 0 0 0 0 0 0 0 0 0 0 0 0 0 0 0 0 12 5 15 8 14 8 15 9 16 11 15 12 17 11 14 10 16 9 9 11 10 11 10 9 5 12 3 15 2 15 5 21 4 24 5 26 8 28 11 29 13 29 14 28 11 28 16 24 14 26 10 23 ]
CSI_DATA,STA,E4:D1:24:F1:02:C0,-76,10,0,0,0,0,0,0,0,0,0,-97,0,13,0,42581611,0,389,0,0,42.9725,128,[-123 81 24 0 -18 -12 -20 -15 -20 -17 -22 -21 -24 -20 -24 -21 -25 -18 -26 -15 -25 -12 -26 -9 -22 -9 -19 -5 -14 -6 -11 -6 -9 -7 -3 -9 -2 -11 -1 -12 -2 -15 1 -20 0 -18 -1 -20 -2 -21 4 -19 -2 -11 0 0 0 0 0 0 0 0 0 0 0 0 0 0 0 0 0 0 0 0 0 0 -12 7 -13 7 -15 7 -18 6 -16 8 -16 8 -17 9 -18 6 -16 9 -14 7 -16 5 -15 2 -16 0 -16 -4 -18 -5 -23 -6 -23 -8 -27 -9 -28 -6 -32 -7 -32 -4 -33 -2 -34 -1 -28 -1 -26 2 -25 -4 ]
CSI_DATA,STA,E4:D1:24:F1:02:C0,-77,10,0,0,0,0,0,0,0,0,0,-97,0,13,0,42588642,0,64,0,0,43.0075,128,[64 0 4 0 3 -23 8 -24 8 -23 7 -23 10 -31 6 -30 4 -32 -2 -28 0 -30 -4 -23 -5 -21 -4 -19 -3 -14 -2 -12 1 -12 7 -9 8 -8 8 -9 15 -9 17 -9 13 -11 13 -16 10 -14 4 -15 26 -7 0 0 0 0 0 0 0 0 0 0 0 0 0 0 0 0 0 0 0 0 0 0 -10 -11 -6 -13 -8 -19 -7 -17 -7 -18 -8 -18 -8 -19 -11 -14 -7 -16 -8 -14 -6 -13 -5 -15 -1 -17 1 -20 2 -18 -2 -23 -1 -25 3 -28 -2 -32 1 -27 0 -26 -7 -32 -7 -34 -2 -30 -4 -27 -5 -26 ]
CSI_DATA,STA,E4:D1:24:F1:02:C0,-76,10,0,0,0,0,0,0,0,0,0,-97,0,13,0,42684013,0,389,0,0,43.0751,128,[-123 81 24 0 -15 -20 -13 -21 -11 -25 -12 -27 -13 -29 -17 -25 -18 -24 -21 -26 -19 -21 -21 -18 -17 -15 -17 -14 -13 -12 -7 -9 -5 -10 -1 -10 1 -13 2 -12 6 -14 7 -19 6 -19 7 -18 8 -21 6 -18 5 -14 0 0 0 0 0 0 0 0 0 0 0 0 0 0 0 0 0 0 0 0 0 0 -14 3 -17 -1 -17 0 -18 -1 -21 0 -20 -2 -20 -1 -19 -1 -18 1 -16 -2 -16 -3 -15 -6 -14 -6 -12 -8 -12 -12 -17 -15 -19 -17 -23 -17 -22 -19 -27 -18 -29 -17 -30 -16 -30 -13 -28 -12 -25 -10 -23 -12 ]
CSI_DATA,STA,E4:D1:24:F1:02:C0,-76,10,0,0,0,0,0,0,0,0,0,-97,0,13,0,42786416,0,389,0,0,43.1775,128,[-123 81 24 0 -12 15 -16 15 -21 18 -20 18 -22 19 -21 22 -16 20 -15 20 -13 24 -9 21 -9 18 -7 15 -7 11 -6 9 -8 6 -9 3 -9 1 -14 -4 -17 -3 -15 -6 -16 -7 -18 -5 -20 -5 -16 -7 -20 -9 0 0 0 0 0 0 0 0 0 0 0 0 0 0 0 0 0 0 0 0 0 0 9 6 10 10 10 11 11 13 12 11 12 14 11 12 11 11 10 11 6 10 5 13 4 9 0 11 -1 13 -3 15 -4 16 -5 19 -6 21 -5 25 -4 27 -3 29 -2 28 0 27 1 26 1 23 -1 23 ]
CSI_DATA,STA,E4:D1:24:F1:02:C0,-76,10,0,0,0,0,0,0,0,0,0,-97,0,13,0,42889008,0,389,0,0,43.2801,128,[-123 81 24 0 20 11 20 15 21 16 24 18 24 16 26 16 28 15 26 13 26 8 25 7 22 5 19 4 15 4 11 7 8 5 3 9 0 12 1 14 -1 15 -4 17 1 19 -3 19 -4 21 -2 23 -4 16 0 0 0 0 0 0 0 0 0 0 0 0 0 0 0 0 0 0 0 0 0 0 8 -11 10 -11 11 -13 13 -15 14 -13 14 -16 13 -12 14 -14 11 -11 11 -12 12 -8 13 -9 11 -4 17 -1 19 2 20 3 26 2 30 3 31 0 30 1 32 -4 35 -3 32 -5 31 -7 26 -7 25 -5 ]
CSI_DATA,STA,E4:D1:24:F1:02:C0,-76,10,0,0,0,0,0,0,0,0,0,-97,0,13,0,42891793,0,235,0,0,43.3106,128,[-21 -80 14 0 17 -10 20 -5 25 -6 27 -5 28 -6 26 -11 28 -11 23 -13 23 -12 21 -15 17 -16 12 -12 13 -10 11 -6 7 -2 8 1 9 4 11 8 12 8 10 11 14 13 13 12 13 13 12 12 10 9 0 0 0 0 0 0 0 0 0 0 0 0 0 0 0 0 0 0 0 0 0 0 -4 -12 -3 -16 -4 -16 -2 -16 -3 -17 -4 -17 -2 -17 -4 -14 -2 -17 0 -12 0 -13 4 -13 5 -11 8 -12 10 -13 14 -14 17 -17 15 -19 17 -21 17 -24 15 -27 16 -25 11 -25 15 -22 12 -21 13 -21 ]
CSI_DATA,STA,E4:D1:24:F1:02:C0,-77,10,0,0,0,0,0,0,0,0,0,-97,0,13,0,42935454,0,64,0,0,43.3546,128,[64 0 4 0 14 18 12 22 12 24 11 23 13 25 16 26 18 27 17 24 19 21 18 15 15 14 15 11 13 10 9 9 5 11 1 10 -1 10 -4 10 -7 13 -11 15 -12 15 -10 17 -7 15 -3 19 1 19 0 0 0 0 0 0 0 0 0 0 0 0 0 0 0 0 0 0 0 0 0 0 14 -7 16 -6 16 -6 16 -6 17 -6 19 -7 18 -5 17 -6 16 -4 15 -2 14 -1 14 -2 13 2 12 7 15 7 16 9 19 13 23 11 24 12 27 15 28 12 30 10 29 8 28 8 25 7 21 10 ]
CSI_DATA,STA,E4:D1:24:F1:02:C0,-77,10,0,0,0,0,0,0,0,0,0,-97,0,13,0,42937220,0,64,0,0,43.392,128,[64 0 4 0 -15 -15 -15 -22 -15 -19 -17 -24 -20 -25 -24 -26 -23 -23 -24 -20 -24 -17 -24 -15 -19 -11 -16 -13 -14 -8 -10 -6 -5 -9 -1 -11 -1 -13 4 -14 4 -15 3 -19 6 -20 6 -18 6 -20 7 -20 4 -16 0 0 0 0 0 0 0 0 0 0 0 0 0 0 0 0 0 0 0 0 0 0 -13 9 -12 8 -16 6 -19 5 -19 8 -16 6 -19 9 -17 8 -14 6 -16 5 -16 2 -14 0 -16 -2 -17 -5 -16 -9 -23 -9 -21 -10 -27 -12 -29 -12 -30 -9 -32 -8 -33 -5 -34 -4 -30 -7 -28 -5 -26 -6 ]
CSI_DATA,STA,E4:D1:24:F1:02:C0,-77,10,0,0,0,0,0,0,0,0,0,-97,0,13,0,42991221,0,389,0,0,43.4358,128,[-123 81 24 0 19 -12 21 -7 27 -9 29 -11 27 -10 25 -12 25 -13 24 -14 23 -18 16 -17 14 -14 13 -13 11 -11 10 -8 10 -4 11 1 11 2 14 7 13 8 19 8 16 11 17 9 17 10 17 9 20 12 0 0 0 0 0 0 0 0 0 0 0 0 0 0 0 0 0 0 0 0 0 0 -2 -13 -2 -16 1 -20 0 -18 0 -19 0 -21 0 -18 0 -18 -2 -18 1 -17 1 -15 5 -15 8 -14 10 -14 12 -13 15 -15 15 -18 17 -18 19 -20 22 -25 19 -24 17 -29 17 -28 12 -29 15 -22 12 -20 ]
CSI_DATA,STA,E4:D1:24:F1:02:C0,-77,10,0,0,0,0,0,0,0,0,0,-97,0,13,0,43015450,0,64,0,0,43.4779,128,[64 0 4 0 -22 -7 -20 -8 -23 -13 -25 -13 -27 -9 -27 -10 -27 -7 -29 -4 -26 -2 -25 -3 -21 0 -18 -1 -16 -2 -9 -2 -8 -5 -6 -6 -4 -10 -5 -12 -4 -14 -4 -18 -2 -18 -1 -17 -6 -19 0 -18 -2 -19 0 0 0 0 0 0 0 0 0 0 0 0 0 0 0 0 0 0 0 0 0 0 -6 11 -7 13 -8 12 -9 14 -11 15 -9 14 -9 14 -9 13 -8 13 -10 12 -10 10 -10 8 -12 5 -15 6 -17 2 -20 2 -21 4 -27 5 -27 6 -27 7 -27 8 -29 11 -27 10 -25 11 -22 9 -20 9 ]
CSI_DATA,STA,E4:D1:24:F1:02:C0,-77,10,0,0,0,0,0,0,0,0,0,-97,0,13,0,43196026,0,389,0,0,43.587,128,[-123 81 24 0 -11 18 -13 19 -18 17 -21 22 -17 26 -17 22 -16 26 -12 25 -14 25 -10 24 -6 22 -8 17 -4 15 -6 11 -6 8 -9 5 -11 2 -14 2 -15 1 -17 1 -21 0 -21 1 -22 -1 -19 0 -21 2 0 0 0 0 0 0 0 0 0 0 0 0 0 0 0 0 0 0 0 0 0 0 8 10 8 10 7 14 5 14 7 17 9 15 7 16 10 15 7 15 6 12 3 13 3 15 -1 14 -4 13 -4 18 -6 19 -7 21 -10 25 -7 29 -8 29 -3 31 -2 33 -1 31 0 28 0 30 -5 22 ]
CSI_DATA,STA,E4:D1:24:F1:02:C0,-77,10,0,0,0,0,0,0,0,0,0,-97,0,13,0,43298429,0,389,0,0,43.6893,128,[-123 81 24 0 -20 -6 -24 -15 -23 -15 -24 -14 -27 -15 -28 -13 -25 -11 -28 -9 -28 -8 -24 -5 -23 -4 -20 -5 -17 -4 -13 -4 -10 -8 -9 -8 -9 -10 -5 -15 -4 -16 -3 -18 -2 -20 -4 -21 -5 -18 -4 -19 -5 -21 0 0 0 0 0 0 0 0 0 0 0 0 0 0 0 0 0 0 0 0 0 0 -9 8 -12 8 -12 8 -16 11 -16 11 -14 9 -16 7 -14 11 -14 10 -14 6 -14 7 -14 6 -14 4 -17 1 -19 -5 -22 -3 -23 -6 -29 -5 -30 -4 -32 -3 -32 -3 -33 3 -33 4 -28 6 -27 2 -25 1 ]
CSI_DATA,STA,E4:D1:24:F1:02:C0,-77,10,0,0,0,0,0,0,0,0,0,-97,0,13,0,43400831,0,389,0,0,43.7919,128,[-123 81 24 0 21 -12 24 -11 25 -10 26 -12 26 -13 27 -18 24 -18 22 -21 20 -20 18 -18 13 -20 12 -14 13 -10 7 -8 9 -1 10 -1 11 2 14 3 14 9 16 9 16 9 15 8 18 7 15 10 19 7 0 0 0 0 0 0 0 0 0 0 0 0 0 0 0 0 0 0 0 0 0 0 -5 -14 -4 -16 -4 -18 -5 -16 -3 -18 -4 -18 -5 -16 -3 -20 -2 -17 -4 -15 3 -14 3 -14 8 -12 9 -18 9 -16 14 -18 12 -20 15 -20 15 -25 16 -26 11 -28 13 -29 12 -24 12 -26 8 -22 11 -21 ]
CSI_DATA,STA,E4:D1:24:F1:02:C0,-77,10,0,0,0,0,0,0,0,0,0,-97,0,13,0,43503234,0,389,0,0,43.8943,128,[-123 81 24 0 -15 20 -16 18 -18 21 -19 21 -18 23 -19 24 -14 27 -15 23 -9 24 -9 22 -6 19 -6 15 -4 15 -5 11 -10 9 -11 4 -12 1 -15 3 -16 0 -19 0 -20 1 -22 -1 -20 -1 -22 1 -15 -1 0 0 0 0 0 0 0 0 0 0 0 0 0 0 0 0 0 0 0 0 0 0 5 11 5 12 3 15 6 15 3 14 5 17 4 18 7 15 3 17 5 13 1 15 2 15 -2 14 -3 16 -5 17 -8 20 -7 22 -9 25 -9 26 -7 28 -6 29 -5 30 1 29 -1 29 -4 27 -3 25 ]
CSI_DATA,STA,E4:D1:24:F1:02:C0,-77,10,0,0,0,0,0,0,0,0,0,-97,0,13,0,43655440,0,64,0,0,44.0463,128,[64 0 4 0 17 0 20 5 23 2 26 8 29 5 33 2 33 2 28 -4 25 -3 22 -3 20 -4 21 -4 14 -2 13 -1 8 3 9 5 7 9 7 11 3 14 7 17 5 16 6 19 8 18 7 19 2 21 0 0 0 0 0 0 0 0 0 0 0 0 0 0 0 0 0 0 0 0 0 0 2 -15 2 -16 5 -19 6 -19 6 -18 4 -18 4 -19 7 -16 9 -16 6 -15 7 -14 8 -13 12 -9 15 -7 21 -6 21 -6 23 -9 28 -11 28 -11 29 -13 27 -19 26 -19 25 -19 23 -16 21 -15 22 -14 ]
CSI_DATA,STA,E4:D1:24:F1:02:C0,-76,10,0,0,0,0,0,0,0,0,0,-97,0,13,0,43708039,0,389,0,0,44.0989,128,[-123 81 24 0 -24 3 -24 3 -25 0 -29 2 -29 4 -28 6 -24 9 -25 8 -25 10 -19 10 -19 10 -16 9 -13 4 -10 2 -10 2 -10 -3 -10 -5 -11 -8 -10 -10 -12 -11 -12 -13 -15 -12 -13 -11 -11 -13 -18 -12 0 0 0 0 0 0 0 0 0 0 0 0 0 0 0 0 0 0 0 0 0 0 -3 11 -5 12 -6 16 -4 16 -7 15 -6 14 -8 10 -28 -13 0 15 -5 10 -6 10 -7 11 -10 10 -13 8 -15 9 -17 10 -20 9 -21 12 -22 15 -24 16 -22 18 -20 18 -19 20 -20 19 -19 15 -18 14 ]
CSI_DATA,STA,E4:D1:24:F1:02:C0,-76,10,0,0,0,0,0,0,0,0,0,-97,0,13,0,43810441,0,389,0,0,44.2016,128,[-123 81 24 0 -9 23 -13 21 -12 22 -17 24 -14 27 -12 30 -9 30 -6 30 -7 28 -1 27 -1 22 0 18 -1 14 -5 11 -7 9 -9 7 -10 6 -13 4 -14 3 -18 5 -19 1 -21 3 -20 5 -21 8 -21 0 0 0 0 0 0 0 0 0 0 0 0 0 0 0 0 0 0 0 0 0 0 0 7 10 8 11 8 15 8 15 9 16 10 15 10 13 9 15 9 12 6 14 4 15 0 16 0 15 -1 18 -5 19 -5 22 -7 26 -6 27 -6 29 0 31 2 32 4 32 1 30 5 28 5 28 1 25 ]
CSI_DATA,STA,E4:D1:24:F1:02:C0,-76,10,0,0,0,0,0,0,0,0,0,-97,0,13,0,43887882,0,235,0,0,44.2788,128,[-21 -80 14 0 -4 23 -5 23 -7 26 -5 27 -5 29 -3 31 -2 32 2 28 3 29 5 24 4 22 2 18 0 16 2 12 -3 11 -7 8 -8 8 -14 11 -15 7 -16 9 -17 10 -18 11 -16 10 -15 10 -19 10 0 0 0 0 0 0 0 0 0 0 0 0 0 0 0 0 0 0 0 0 0 0 14 6 12 6 14 7 15 6 16 9 11 -1 10 4 19 20 18 14 7 5 13 10 7 11 6 13 3 15 7 17 7 20 5 23 7 29 9 25 9 28 15 28 14 27 16 27 14 24 14 22 12 22 ]
CSI_DATA,STA,E4:D1:24:F1:02:C0,-76,10,0,0,0,0,0,0,0,0,0,-97,0,13,0,43911966,0,235,0,0,44.3085,128,[-21 -80 14 0 10 -22 12 -25 14 -26 14 -28 13 -28 13 -31 9 -32 6 -30 4 -31 2 -29 -2 -24 -1 -22 0 -16 3 -14 3 -9 6 -5 10 -8 13 -3 15 -3 19 -4 20 -4 20 -5 21 -5 20 -7 21 2 0 0 0 0 0 0 0 0 0 0 0 0 0 0 0 0 0 0 0 0 0 0 -18 -10 -13 -10 -15 -11 -13 -14 -14 -13 -16 -14 -15 -12 -15 -11 -13 -12 -11 -11 -7 -13 -4 -14 -3 -13 -4 -17 1 -18 0 -23 0 -22 -1 -30 -3 -32 -6 -30 -10 -32 -9 -31 -12 -31 -9 -30 -9 -29 -6 -25 ]
CSI_DATA,STA,E4:D1:24:F1:02:C0,-76,10,0,0,0,0,0,0,0,0,0,-97,0,13,0,43912844,0,389,0,0,44.3523,128,[-123 81 24 0 0 -24 1 -28 5 -28 6 -30 5 -32 2 -34 -2 -31 -5 -33 -4 -31 -10 -25 -5 -22 -4 -20 -2 -15 0 -13 0 -10 1 -8 8 -8 12 -8 14 -7 17 -8 18 -8 17 -10 20 -10 18 -8 20 -10 0 0 0 0 0 0 0 0 0 0 0 0 0 0 0 0 0 0 0 0 0 0 -17 -3 -17 -4 -19 -7 -19 -5 -20 -4 -19 -6 -18 -5 -17 -6 -15 -3 -16 -8 -13 -7 -12 -10 -11 -13 -9 -13 -8 -16 -11 -21 -11 -25 -13 -27 -15 -26 -18 -28 -19 -30 -22 -26 -20 -27 -20 -24 -18 -20 -15 -21 ]
CSI_DATA,STA,E4:D1:24:F1:02:C0,-76,10,0,0,0,0,0,0,0,0,0,-97,0,13,0,43975448,0,64,0,0,44.3991,128,[64 0 4 0 25 -2 25 -1 25 1 30 2 32 0 35 -5 29 -3 29 -7 29 -8 26 -9 19 -10 17 -7 12 -6 11 -3 10 1 9 6 11 7 9 10 9 11 11 12 12 15 12 14 15 16 12 14 14 19 0 0 0 0 0 0 0 0 0 0 0 0 0 0 0 0 0 0 0 0 0 0 5 -16 6 -16 7 -15 10 -16 7 -18 10 -18 8 -17 10 -16 10 -14 8 -14 8 -13 11 -10 13 -11 13 -9 18 -8 18 -9 22 -8 25 -11 28 -15 26 -13 28 -19 27 -17 24 -21 22 -19 22 -15 24 -13 ]
CSI_DATA,STA,E4:D1:24:F1:02:C0,-76,10,0,0,0,0,0,0,0,0,0,-97,0,13,0,43976506,0,64,0,0,44.4374,128,[64 0 4 0 1 -22 4 -21 5 -24 8 -27 5 -29 3 -30 1 -26 0 -28 -1 -28 -5 -26 -5 -23 -4 -16 -3 -13 2 -12 2 -7 7 -8 8 -7 11 -5 12 -7 11 -8 17 -7 17 -7 16 -7 16 -9 15 -9 0 0 0 0 0 0 0 0 0 0 0 0 0 0 0 0 0 0 0 0 0 0 -14 -5 -13 -6 -13 -7 -13 -9 -13 -8 -16 -9 -14 -7 -13 -8 -13 -9 -10 -9 -8 -13 -11 -12 -7 -13 -8 -15 -5 -18 -6 -20 -6 -22 -9 -25 -7 -27 -10 -27 -10 -25 -12 -29 -12 -23 -11 -23 -9 -22 -9 -22 ]
CSI_DATA,STA,E4:D1:24:F1:02:C0,-76,10,0,0,0,0,0,0,0,0,0,-97,0,13,0,44015246,0,389,0,0,44.4803,128,[-123 81 24 0 11 -22 14 -23 17 -24 19 -25 17 -26 16 -28 15 -30 10 -28 10 -29 3 -27 5 -23 4 -19 3 -15 5 -14 8 -9 9 -7 11 -5 14 -3 16 0 17 0 20 -1 22 -2 20 -1 18 -1 21 1 0 0 0 0 0 0 0 0 0 0 0 0 0 0 0 0 0 0 0 0 0 0 -11 -10 -12 -11 -13 -14 -12 -13 -15 -14 -11 -14 -13 -15 -13 -10 -11 -14 -10 -13 -7 -12 -5 -13 -4 -16 0 -17 2 -19 2 -25 2 -26 3 -30 -2 -31 -2 -34 -6 -35 -6 -35 -8 -34 -8 -31 -5 -28 -3 -25 ]
CSI_DATA,STA,E4:D1:24:F1:02:C0,-76,10,0,0,0,0,0,0,0,0,0,-97,0,13,0,44098919,0,64,0,0,44.524,128,[64 0 4 0 18 9 20 11 21 11 23 15 25 10 26 11 27 7 26 5 23 3 23 1 20 3 23 2 11 4 14 3 8 5 5 6 4 8 5 13 3 15 4 14 4 17 5 19 6 17 4 16 2 20 0 0 0 0 0 0 0 0 0 0 0 0 0 0 0 0 0 0 0 0 0 0 9 -9 10 -8 12 -8 11 -10 14 -10 14 -12 13 -11 13 -11 11 -9 11 -8 13 -7 13 -5 14 -1 14 -1 15 1 20 2 23 1 25 2 27 1 29 1 28 -3 30 -4 26 -7 24 -6 22 -8 20 -3 ]
CSI_DATA,STA,E4:D1:24:F1:02:C0,-77,10,0,0,0,0,0,0,0,0,0,-97,0,13,0,44117649,0,389,0,0,44.5613,128,[-123 81 24 0 21 6 19 10 25 12 28 14 27 13 27 11 31 9 30 5 27 3 24 -1 21 1 18 0 14 2 11 2 9 5 6 9 5 10 2 12 5 14 3 17 3 18 5 20 6 17 5 18 2 24 0 0 0 0 0 0 0 0 0 0 0 0 0 0 0 0 0 0 0 0 0 0 10 -11 12 -11 13 -11 13 -11 15 -12 13 -12 17 -10 14 -11 12 -11 14 -8 11 -7 12 -7 15 -3 17 -2 18 -1 19 -1 24 0 26 2 27 -2 31 0 28 -3 31 -7 27 -7 28 -5 24 -6 25 -8 ]
CSI_DATA,STA,E4:D1:24:F1:02:C0,-76,10,0,0,0,0,0,0,0,0,0,-97,0,13,0,44220412,0,389,0,0,44.6114,128,[-123 81 24 0 21 4 23 8 25 14 29 11 30 10 32 9 30 9 29 5 28 2 28 -1 24 0 22 -1 17 -1 14 1 7 2 10 7 6 9 3 12 4 15 5 17 5 18 5 19 6 19 6 20 1 22 0 0 0 0 0 0 0 0 0 0 0 0 0 0 0 0 0 0 0 0 0 0 6 -13 11 -11 11 -14 11 -12 12 -16 14 -15 12 -14 13 -13 11 -14 10 -10 12 -9 13 -8 14 -6 14 0 19 -1 23 -3 24 -3 29 0 31 -2 32 -5 31 -9 33 -10 32 -12 28 -13 28 -10 24 -9 ]
CSI_DATA,STA,E4:D1:24:F1:02:C0,-76,10,0,0,0,0,0,0,0,0,0,-97,0,13,0,44322783,0,389,0,0,44.7139,128,[-123 81 24 0 -22 -5 -21 -10 -21 -10 -22 -11 -25 -11 -27 -9 -26 -7 -26 -6 -25 -4 -22 -3 -20 0 -16 0 -15 0 -12 -2 -10 -5 -8 -5 -8 -8 -5 -10 -6 -15 -5 -17 -6 -17 -7 -18 -4 -18 -5 -16 -9 -22 0 0 0 0 0 0 0 0 0 0 0 0 0 0 0 0 0 0 0 0 0 0 -8 11 -11 9 -12 9 -12 8 -13 9 -11 10 -13 9 -11 10 -11 9 -12 9 -12 5 -12 5 -13 2 -15 1 -16 0 -18 -1 -23 -3 -25 -1 -27 0 -29 3 -29 6 -30 4 -28 9 -25 8 -26 7 -24 6 ]
CSI_DATA,STA,E4:D1:24:F1:02:C0,-76,10,0,0,0,0,0,0,0,0,0,-97,0,13,0,44424856,0,389,0,0,44.8159,128,[-123 81 24 0 -26 -6 -24 -11 -24 -12 -29 -8 -31 -9 -31 -8 -30 -6 -29 -2 -31 -1 -28 0 -23 2 -19 3 -18 3 -16 -3 -11 -2 -10 -6 -11 -9 -10 -11 -9 -13 -9 -17 -11 -16 -12 -16 -11 -17 -14 -18 -8 -18 0 0 0 0 0 0 0 0 0 0 0 0 0 0 0 0 0 0 0 0 0 0 -12 9 -14 9 -15 11 -15 10 -16 7 -18 10 -17 11 -15 11 -16 9 -14 8 -12 8 -13 4 -17 3 -17 0 -18 -2 -21 -3 -26 -4 -27 -2 -31 2 -32 1 -31 6 -33 7 -34 5 -30 7 -27 6 -29 2 ]
CSI_DATA,STA,E4:D1:24:F1:02:C0,-76,10,0,0,0,0,0,0,0,0,0,-97,0,13,0,44527259,0,389,0,0,44.9184,128,[-123 81 24 0 14 -13 17 -14 21 -14 22 -17 21 -20 23 -18 20 -17 17 -19 14 -22 13 -18 8 -18 7 -14 8 -11 8 -9 8 -5 9 -2 10 -1 12 2 13 3 15 5 18 4 16 4 14 7 22 -7 13 0 0 0 0 0 0 0 0 0 0 0 0 0 0 0 0 0 0 0 0 0 0 0 -8 -11 -7 -13 -4 -14 -5 -15 -5 -15 -7 -16 -7 -16 -6 -14 -3 -17 -2 -15 -1 -13 2 -14 4 -15 5 -15 6 -16 7 -18 9 -18 9 -22 12 -25 10 -25 5 -27 4 -29 6 -29 5 -27 4 -23 7 -21 ]
CSI_DATA,STA,E4:D1:24:F1:02:C0,-77,10,0,0,0,0,0,0,0,0,0,-97,0,13,0,44629661,0,389,0,0,45.0208,128,[-123 81 24 0 12 21 8 23 11 25 11 27 14 27 16 26 17 23 18 21 18 18 22 16 18 15 18 12 13 14 9 8 5 9 4 11 -3 12 -6 12 -5 14 -5 18 -8 18 -6 20 -5 25 -7 13 -16 25 0 0 0 0 0 0 0 0 0 0 0 0 0 0 0 0 0 0 0 0 0 0 12 1 13 0 14 3 16 3 19 1 17 3 17 1 18 3 17 3 16 3 14 4 11 6 11 10 12 12 11 13 16 15 18 19 17 19 19 19 23 19 23 22 25 17 27 16 26 13 25 13 25 14 ]
CSI_DATA,STA,E4:D1:24:F1:02:C0,-77,10,0,0,0,0,0,0,0,0,0,-97,0,13,0,44695351,0,64,0,0,45.086,128,[64 0 4 0 -3 -20 1 -24 4 -25 3 -27 3 -28 1 -31 3 -31 -1 -31 -5 -29 -6 -26 -4 -23 -6 -22 -4 -16 -1 -18 2 -11 4 -9 5 -5 9 -8 14 -10 14 -9 17 -7 16 -8 17 -8 17 -8 12 -8 0 0 0 0 0 0 0 0 0 0 0 0 0 0 0 0 0 0 0 0 0 0 -15 -4 -15 -3 -19 -7 -16 -5 -18 -6 -16 -7 -15 -8 -17 -5 -16 -6 -15 -5 -16 -8 -12 -10 -8 -13 -9 -13 -8 -15 -8 -22 -10 -24 -13 -28 -12 -24 -16 -26 -16 -27 -20 -26 -19 -25 -17 -23 -19 -21 -12 -18 ]
CSI_DATA,STA,E4:D1:24:F1:02:C0,-77,10,0,0,0,0,0,0,0,0,0,-97,0,13,0,44732064,0,389,0,0,45.1227,128,[-123 81 24 0 -25 2 -24 -4 -28 -6 -30 -6 -30 0 -31 -2 -33 0 -28 1 -28 3 -26 8 -22 7 -17 4 -12 2 -12 -6 -1 -8 -12 -4 -4 -7 -8 -10 -6 -17 -7 -16 -9 -20 -9 -16 -9 -19 -10 -17 -9 -22 0 0 0 0 0 0 0 0 0 0 0 0 0 0 0 0 0 0 0 0 0 0 1 13 -3 15 -3 17 -5 17 -4 18 -2 16 -4 18 -3 18 -3 17 -4 13 -7 13 -8 10 -12 8 -11 8 -17 9 -20 11 -23 11 -23 14 -27 11 -30 19 -23 18 -27 21 -24 19 -18 19 -17 15 -18 15 ]
CSI_DATA,STA,E4:D1:24:F1:02:C0,-77,10,0,0,0,0,0,0,0,0,0,-97,0,13,0,44834466,0,389,0,0,45.2255,128,[-123 81 24 0 15 -21 19 -19 19 -21 18 -22 18 -24 17 -27 16 -25 12 -26 10 -26 5 -25 6 -21 6 -15 6 -14 4 -12 8 -8 7 -6 11 -3 11 -1 14 -1 18 -2 18 -2 19 -1 19 2 20 -1 19 -5 0 0 0 0 0 0 0 0 0 0 0 0 0 0 0 0 0 0 0 0 0 0 -9 -12 -10 -12 -7 -16 -8 -17 -9 -16 -8 -19 -7 -17 -9 -16 -8 -17 -5 -16 -5 -14 -2 -15 0 -15 4 -16 5 -16 7 -21 6 -23 10 -27 7 -29 7 -30 4 -29 2 -31 0 -32 -1 -29 1 -30 3 -26 ]
CSI_DATA,STA,E4:D1:24:F1:02:C0,-77,10,0,0,0,0,0,0,0,0,0,-97,0,13,0,44895993,0,235,0,0,45.2868,128,[-21 -80 14 0 -2 -26 -4 -30 3 -29 2 -31 2 -31 1 -37 -2 -33 -5 -33 -11 -30 -8 -27 -6 -24 -6 -22 -4 -19 -1 -14 1 -10 5 -10 6 -8 13 -11 13 -12 14 -12 19 -15 16 -15 18 -13 18 -11 11 -11 0 0 0 0 0 0 0 0 0 0 0 0 0 0 0 0 0 0 0 0 0 0 -15 -8 -16 -9 -15 -9 -20 -10 -17 -11 -16 -11 -19 -11 -17 -11 -18 -9 -16 -12 -14 -13 -14 -13 -9 -13 -9 -18 -7 -22 -10 -22 -10 -26 -10 -28 -14 -31 -14 -29 -18 -31 -20 -33 -18 -28 -21 -31 -19 -25 -15 -26 ]
CSI_DATA,STA,E4:D1:24:F1:02:C0,-77,10,0,0,0,0,0,0,0,0,0,-97,0,13,0,44913646,0,235,0,0,45.3237,128,[-21 -80 14 0 -10 17 -15 19 -16 17 -18 20 -17 23 -17 25 -15 22 -14 25 -10 25 -8 24 -6 20 -7 16 -6 16 -6 13 -7 8 -8 7 -10 6 -15 0 -15 1 -17 0 -19 0 -20 0 -22 -1 -20 2 -18 -5 0 0 0 0 0 0 0 0 0 0 0 0 0 0 0 0 0 0 0 0 0 0 7 12 5 13 6 13 8 15 6 17 7 17 7 15 6 16 5 14 8 12 5 12 2 13 0 13 -3 13 -5 18 -7 20 -8 20 -10 23 -8 26 -8 31 -3 28 -3 31 -2 30 1 29 1 26 0 24 ]
CSI_DATA,STA,E4:D1:24:F1:02:C0,-77,10,0,0,0,0,0,0,0,0,0,-97,0,13,0,44936869,0,389,0,0,45.3644,128,[-123 81 24 0 -20 13 -23 12 -22 11 -28 15 -28 15 -27 16 -24 18 -25 21 -20 21 -17 20 -13 18 -13 17 -11 13 -9 9 -10 7 -10 3 -11 -2 -15 -3 -17 -6 -17 -10 -21 -6 -19 -7 -20 -8 -22 -9 -15 -8 0 0 0 0 0 0 0 0 0 0 0 0 0 0 0 0 0 0 0 0 0 0 3 13 2 13 3 16 1 17 2 17 0 19 0 17 -1 17 0 16 -2 16 -3 13 -4 13 -5 15 -8 14 -11 14 -15 14 -16 17 -18 21 -14 22 -15 27 -16 28 -13 31 -11 29 -10 27 -9 27 -11 22 ]
CSI_DATA,STA,E4:D1:24:F1:02:C0,-76,10,0,0,0,0,0,0,0,0,0,-97,0,13,0,45039271,0,389,0,0,45.4304,128,[-123 81 24 0 15 16 14 21 18 21 17 24 20 25 21 22 22 22 24 15 23 16 23 13 19 11 18 8 14 8 10 6 4 8 3 9 0 10 -2 13 -4 17 -6 18 -6 22 -7 20 -6 20 -7 20 -6 24 0 0 0 0 0 0 0 0 0 0 0 0 0 0 0 0 0 0 0 0 0 0 13 -10 13 -7 16 -9 16 -7 16 -9 15 -10 16 -8 15 -6 15 -8 16 -6 13 -4 15 -3 14 2 17 4 16 6 20 8 22 7 25 10 31 8 31 8 31 6 34 4 32 4 30 2 27 5 25 4 ]
CSI_DATA,STA,E4:D1:24:F1:02:C0,-76,10,0,0,0,0,0,0,0,0,0,-97,0,13,0,45058084,0,64,0,0,45.4603,128,[64 0 4 0 -17 -13 -20 -13 -18 -15 -20 -17 -23 -15 -24 -13 -23 -11 -25 -8 -23 -4 -23 -5 -19 -2 -16 -2 -14 -1 -12 -1 -7 -4 -13 0 -20 -13 -17 -17 -17 -25 3 -10 -17 -13 -12 -14 -10 -14 -13 -13 -9 -16 0 0 0 0 0 0 0 0 0 0 0 0 0 0 0 0 0 0 0 0 0 0 -11 -5 -12 -7 -12 -8 -12 -8 -14 -10 -16 -9 -16 -10 -15 -6 -15 -7 -12 -4 -13 -7 -9 -7 -11 -11 -10 -11 -11 -10 -13 -15 -15 -15 -18 -17 -21 -17 -23 -14 -25 -13 -28 -10 -28 -10 -26 -7 -24 -8 -22 -9 ]
CSI_DATA,STA,E4:D1:24:F1:02:C0,-77,10,0,0,0,0,0,0,0,0,0,-97,0,13,0,45059091,0,64,0,0,45.5065,128,[64 0 4 0 -14 16 -21 16 -21 15 -23 17 -23 19 -23 20 -20 22 -15 25 -13 23 -13 25 -10 20 -9 16 -7 12 -8 11 -8 6 -11 4 -9 2 -14 1 -14 0 -18 0 -19 -1 -21 0 -20 0 -21 0 -21 -5 0 0 0 0 0 0 0 0 0 0 0 0 0 0 0 0 0 0 0 0 0 0 1 13 -1 15 -2 16 -1 15 0 19 1 18 1 17 1 16 2 14 0 16 -4 14 -3 14 -4 13 -8 15 -10 15 -13 19 -14 19 -14 23 -15 24 -12 27 -12 26 -11 29 -9 29 -9 30 -9 24 -11 22 ]
CSI_DATA,STA,E4:D1:24:F1:02:C0,-76,10,0,0,0,0,0,0,0,0,0,-97,0,13,0,45141674,0,389,0,0,45.5499,128,[-123 81 24 0 22 4 22 5 26 5 27 8 31 4 32 4 28 2 30 -3 29 -3 27 -3 22 -6 21 -3 16 -5 13 -1 9 6 9 5 7 7 6 12 8 13 9 14 8 16 8 17 10 21 9 18 4 20 0 0 0 0 0 0 0 0 0 0 0 0 0 0 0 0 0 0 0 0 0 0 7 -13 9 -13 8 -14 13 -16 12 -14 11 -17 10 -15 8 -13 12 -16 9 -11 9 -10 9 -8 14 -9 17 -4 19 -3 19 -4 23 -5 28 -3 30 -6 30 -12 31 -14 32 -14 29 -15 26 -14 24 -12 22 -10 ]
CSI_DATA,STA,E4:D1:24:F1:02:C0,-77,10,0,0,0,0,0,0,0,0,0,-97,0,13,0,45175386,0,64,0,0,45.5876,128,[64 0 4 0 -7 24 -12 22 -13 26 -15 29 -14 30 -13 30 -13 30 -11 29 -4 32 -4 27 -1 25 -2 23 -2 18 -5 16 -6 8 -8 6 -14 6 -14 7 -17 6 -19 4 -20 6 -20 7 -20 9 -21 7 -24 2 0 0 0 0 0 0 0 0 0 0 0 0 0 0 0 0 0 0 0 0 0 0 10 9 11 13 9 15 13 15 11 15 10 15 10 18 11 12 12 14 7 15 6 14 4 13 1 16 -1 19 -3 17 -4 22 -4 24 -5 30 -4 30 -1 34 1 34 4 34 10 34 4 30 6 29 7 28 ]
CSI_DATA,STA,E4:D1:24:F1:02:C0,-77,10,0,0,0,0,0,0,0,0,0,-97,0,13,0,45244160,0,389,0,0,45.6352,128,[-123 81 24 0 -6 -19 -4 -24 -5 -25 -3 -29 -8 -28 -8 -30 -11 -31 -10 -26 -14 -24 -14 -21 -16 -17 -13 -13 -6 -14 -8 -9 -3 -10 4 -9 3 -15 4 -11 8 -16 10 -17 9 -17 13 -18 11 -20 13 -27 12 1 0 0 0 0 0 0 0 0 0 0 0 0 0 0 0 0 0 0 0 0 0 0 -13 -7 -13 -7 -15 -9 -16 -11 -16 -10 -17 -10 -14 -9 -17 -9 -15 -8 -13 -11 -11 -9 -11 -11 -10 -13 -7 -16 -7 -16 -7 -19 -10 -25 -8 -21 -16 -27 -16 -24 -20 -26 -18 -24 -21 -24 -22 -23 -20 -18 -17 -18 ]
CSI_DATA,STA,E4:D1:24:F1:02:C0,-77,10,0,0,0,0,0,0,0,0,0,-97,0,13,0,45346479,0,389,0,0,45.7376,128,[-123 81 24 0 -13 -18 -12 -21 -13 -26 -13 -27 -15 -28 -17 -27 -17 -28 -18 -23 -24 -23 -23 -19 -18 -15 -17 -13 -12 -10 -11 -12 -6 -10 -3 -12 1 -12 4 -13 6 -15 6 -16 10 -18 9 -20 8 -21 8 -19 13 -21 0 0 0 0 0 0 0 0 0 0 0 0 0 0 0 0 0 0 0 0 0 0 -14 3 -16 1 -16 0 -18 2 -18 0 -17 3 -21 1 -19 4 -17 2 -16 1 -15 -1 -16 -2 -13 -7 -13 -10 -18 -12 -17 -14 -23 -15 -22 -21 -26 -17 -28 -17 -31 -16 -32 -14 -33 -12 -29 -10 -29 -10 -24 -12 ]
CSI_DATA,STA,E4:D1:24:F1:02:C0,-76,10,0,0,0,0,0,0,0,0,0,-97,0,13,0,45448880,0,389,0,0,45.8398,128,[-123 81 24 0 -9 -21 -7 -24 -9 -24 -10 -27 -11 -28 -13 -30 -15 -27 -17 -24 -16 -23 -16 -20 -17 -17 -14 -14 -11 -11 -7 -12 -3 -10 -1 -9 -1 -10 4 -11 7 -15 10 -18 8 -18 11 -17 11 -18 8 -20 13 -14 0 0 0 0 0 0 0 0 0 0 0 0 0 0 0 0 0 0 0 0 0 0 -15 0 -14 -2 -12 0 -18 -3 -18 -4 -17 -5 -18 -4 -16 -4 -18 -4 -18 -4 -14 -4 -12 -7 -13 -9 -12 -11 -11 -13 -14 -16 -16 -19 -16 -20 -19 -21 -18 -22 -27 -22 -25 -18 -27 -18 -27 -16 -24 -19 -21 -14 ]
CSI_DATA,STA,E4:D1:24:F1:02:C0,-77,10,0,0,0,0,0,0,0,0,0,-97,0,13,0,45552414,0,389,0,0,45.9433,128,[-123 81 24 0 -12 -18 -11 -24 -11 -27 -14 -30 -14 -30 -16 -32 -19 -30 -21 -25 -22 -26 -21 -20 -21 -18 -15 -17 -15 -12 -12 -8 -8 -12 -3 -13 1 -12 4 -15 5 -16 6 -19 7 -20 8 -23 8 -21 11 -23 13 -25 0 0 0 0 0 0 0 0 0 0 0 0 0 0 0 0 0 0 0 0 0 0 -16 1 -17 -3 -17 -2 -20 1 -22 -2 -20 0 -22 0 -22 -2 -21 0 -17 -3 -17 -5 -15 -7 -12 -8 -14 -12 -12 -13 -15 -15 -19 -18 -24 -21 -24 -21 -28 -22 -32 -20 -33 -20 -32 -16 -32 -16 -28 -16 -27 -16 ]
CSI_DATA,STA,E4:D1:24:F1:02:C0,-76,10,0,0,0,0,0,0,0,0,0,-97,0,13,0,45651290,0,407,0,0,46.0424,128,[-105 113 25 0 -23 -7 -23 -10 -22 -12 -24 -13 -27 -13 -27 -11 -29 -10 -30 -7 -27 -4 -25 -2 -21 0 -20 -1 -14 -2 -12 -5 -9 -5 -10 -9 -6 -10 -6 -12 -2 -18 -6 -18 -4 -18 -7 -19 -4 -18 -5 -19 -9 -14 0 0 0 0 0 0 0 0 0 0 0 0 0 0 0 0 0 0 0 0 0 0 -11 11 -14 9 -15 10 -15 10 -15 12 -15 11 -13 11 -14 11 -16 10 -14 8 -16 8 -16 4 -17 2 -17 1 -20 -3 -21 -4 -24 -5 -27 -2 -31 -1 -31 1 -32 6 -31 4 -31 7 -30 5 -27 2 -26 1 ]
CSI_DATA,STA,E4:D1:24:F1:02:C0,-77,10,0,0,0,0,0,0,0,0,0,-97,0,13,0,45653685,0,389,0,0,46.0776,128,[-123 81 24 0 8 -16 14 -17 18 -20 20 -23 18 -24 18 -26 17 -26 13 -28 10 -27 7 -25 6 -23 4 -20 3 -15 8 -10 9 -8 9 -7 11 -6 12 -4 14 -2 16 -2 19 -1 20 -2 20 -1 18 -1 13 0 0 0 0 0 0 0 0 0 0 0 0 0 0 0 0 0 0 0 0 0 0 0 -10 -10 -9 -12 -7 -13 -7 -16 -10 -15 -10 -18 -10 -14 -8 -16 -6 -16 -8 -15 -4 -14 -2 -15 -1 -13 1 -17 7 -17 6 -20 8 -24 4 -26 6 -28 6 -28 4 -33 2 -33 0 -31 0 -31 1 -27 3 -25 ]
CSI_DATA,STA,E4:D1:24:F1:02:C0,-77,10,0,0,0,0,0,0,0,0,0,-97,0,13,0,45756088,0,389,0,0,46.1472,128,[-123 81 24 0 21 -10 22 -7 27 -7 29 -5 30 -7 27 -9 29 -10 28 -11 24 -14 21 -16 17 -12 13 -12 14 -9 11 -6 10 -5 9 0 10 2 11 4 14 7 14 9 16 10 15 9 16 9 16 12 14 7 0 0 0 0 0 0 0 0 0 0 0 0 0 0 0 0 0 0 0 0 0 0 3 -13 5 -14 5 -16 6 -14 8 -18 6 -20 7 -19 5 -17 6 -17 6 -14 9 -11 6 -10 10 -11 11 -9 15 -11 17 -10 19 -11 20 -15 22 -14 22 -18 24 -21 25 -23 21 -21 19 -23 19 -19 23 -20 ]
CSI_DATA,STA,E4:D1:24:F1:02:C0,-76,10,0,0,0,0,0,0,0,0,0,-97,0,13,0,45788291,0,64,0,0,46.1797,128,[64 0 4 0 -22 8 -29 6 -28 6 -31 4 -30 7 -32 11 -29 11 -30 14 -24 16 -24 15 -18 14 -15 12 -13 6 -11 6 -10 0 -9 -4 -11 -6 -13 -9 -14 -12 -15 -13 -16 -14 -17 -13 -17 -15 -17 -13 -21 -15 0 0 0 0 0 0 0 0 0 0 0 0 0 0 0 0 0 0 0 0 0 0 2 15 -2 15 -3 17 -3 18 -2 20 -1 17 -3 17 -4 16 -4 16 -3 16 -3 10 -5 12 -8 14 -12 14 -14 16 -19 14 -18 15 -20 19 -22 19 -21 22 -20 26 -19 28 -16 25 -16 25 -15 22 -15 18 ]
CSI_DATA,STA,E4:D1:24:F1:02:C0,-76,10,0,0,0,0,0,0,0,0,0,-97,0,13,0,45858490,0,389,0,0,46.2495,128,[-123 81 24 0 15 18 12 20 10 19 15 25 17 23 16 23 20 22 20 20 20 18 18 13 19 12 15 10 12 9 7 9 7 8 2 11 0 12 -2 14 -4 14 -4 15 -6 18 -7 19 -6 20 -6 19 -3 12 0 0 0 0 0 0 0 0 0 0 0 0 0 0 0 0 0 0 0 0 0 0 16 -3 17 -3 14 -1 18 0 17 -1 20 -3 20 -2 19 -2 19 -2 16 -2 12 0 13 3 17 4 12 9 14 10 15 11 17 15 24 17 22 17 25 17 30 16 30 12 29 12 26 11 26 8 24 13 ]
CSI_DATA,STA,E4:D1:24:F1:02:C0,-77,10,0,0,0,0,0,0,0,0,0,-97,0,13,0,45897306,0,235,0,0,46.2879,128,[-21 -80 14 0 2 21 1 22 -6 25 0 23 3 28 1 29 6 27 6 25 8 26 6 22 8 19 4 15 3 15 2 11 -3 7 -2 9 13 13 -4 8 -21 12 -12 7 -13 11 -15 10 -16 10 -11 13 -10 16 0 0 0 0 0 0 0 0 0 0 0 0 0 0 0 0 0 0 0 0 0 0 14 0 14 3 16 3 12 4 15 4 16 2 16 4 16 3 14 3 13 4 13 7 10 8 8 11 6 12 9 12 6 17 10 19 10 22 15 19 15 24 17 22 19 21 18 20 18 19 17 15 13 16 ]
CSI_DATA,STA,E4:D1:24:F1:02:C0,-77,10,0,0,0,0,0,0,0,0,0,-97,0,13,0,45913694,0,235,0,0,46.3179,128,[-21 -80 14 0 12 20 10 23 10 20 10 28 9 29 11 28 13 25 16 25 14 20 15 19 16 16 13 16 8 12 6 11 3 12 0 10 -4 11 -6 13 -9 13 -9 15 -9 16 -8 17 -10 16 -10 16 -3 14 0 0 0 0 0 0 0 0 0 0 0 0 0 0 0 0 0 0 0 0 0 0 13 1 15 3 15 3 17 5 17 4 18 3 20 4 19 4 17 4 13 4 13 2 12 5 13 8 12 12 12 16 12 15 14 19 15 19 20 21 21 21 24 21 25 19 24 18 27 18 22 15 21 18 ]
CSI_DATA,STA,E4:D1:24:F1:02:C0,-77,10,0,0,0,0,0,0,0,0,0,-97,0,13,0,45960943,0,389,0,0,46.3577,128,[-123 81 24 0 -9 -20 -7 -23 -7 -28 -7 -26 -10 -27 -11 -30 -12 -28 -14 -23 -18 -25 -15 -21 -15 -18 -14 -15 -10 -12 -7 -12 -1 -10 -1 -12 4 -10 6 -14 8 -14 8 -15 7 -15 10 -16 10 -17 9 -17 13 -12 0 0 0 0 0 0 0 0 0 0 0 0 0 0 0 0 0 0 0 0 0 0 -16 1 -15 1 -19 -1 -17 -3 -21 -4 -19 -2 -22 -1 -19 1 -17 -3 -18 -2 -15 -5 -12 -4 -12 -8 -12 -10 -13 -12 -14 -18 -17 -20 -17 -21 -20 -25 -25 -22 -28 -18 -28 -21 -28 -20 -27 -14 -21 -14 -24 -16 ]
CSI_DATA,STA,E4:D1:24:F1:02:C0,-76,10,0,0,0,0,0,0,0,0,0,-97,0,13,0,46063295,0,389,0,0,46.4542,128,[-123 81 24 0 20 -3 24 -2 26 -2 28 -3 30 -2 30 -4 31 -4 30 -10 24 -9 24 -8 20 -10 15 -9 14 -4 13 -4 7 -2 8 4 8 6 9 10 10 12 12 15 11 13 13 15 16 12 12 13 11 18 0 0 0 0 0 0 0 0 0 0 0 0 0 0 0 0 0 0 0 0 0 0 4 -16 6 -16 5 -15 7 -18 8 -18 7 -21 8 -17 7 -16 6 -16 7 -15 6 -13 11 -11 10 -12 12 -9 17 -8 19 -10 32 -13 25 -15 23 -15 26 -16 26 -19 28 -23 21 -22 23 -21 20 -19 22 -14 ]
CSI_DATA,STA,E4:D1:24:F1:02:C0,-77,10,0,0,0,0,0,0,0,0,0,-97,0,13,0,46136748,0,64,0,0,46.5276,128,[64 0 4 0 12 19 11 25 10 25 10 29 12 28 16 26 16 27 16 24 17 21 18 14 16 17 11 14 10 13 9 9 3 9 -1 10 -3 10 -5 12 -7 16 -8 16 -8 18 -8 19 -10 18 -6 19 -11 19 0 0 0 0 0 0 0 0 0 0 0 0 0 0 0 0 0 0 0 0 0 0 15 -1 13 0 14 -2 15 -1 18 0 17 0 17 0 17 0 17 1 15 0 12 1 12 3 12 7 12 10 14 14 13 14 15 17 20 17 19 21 23 20 25 17 29 15 28 15 25 9 23 13 18 13 ]
CSI_DATA,STA,E4:D1:24:F1:02:C0,-76,10,0,0,0,0,0,0,0,0,0,-97,0,13,0,46165698,0,389,0,0,46.5574,128,[-123 81 24 0 -17 17 -21 15 -24 16 -25 20 -25 19 -23 22 -18 23 -14 24 -17 23 -15 23 -10 20 -9 15 -8 11 -9 11 -8 6 -10 2 -12 2 -14 -2 -18 -1 -18 -2 -21 -2 -22 -3 -20 -2 -20 1 -25 -4 0 0 0 0 0 0 0 0 0 0 0 0 0 0 0 0 0 0 0 0 0 0 5 13 6 16 2 17 0 18 7 19 0 20 5 19 2 18 3 15 0 15 -1 13 -3 13 -5 13 -6 12 -10 15 -10 17 -14 21 -12 26 -12 27 -12 28 -11 28 -7 31 -9 31 -7 25 -6 27 -9 24 ]
CSI_DATA,STA,E4:D1:24:F1:02:C0,-77,10,0,0,0,0,0,0,0,0,0,-97,0,13,0,46215389,0,64,0,0,46.6061,128,[64 0 4 0 15 -18 21 -19 21 -16 24 -20 23 -22 22 -25 21 -26 18 -25 16 -25 13 -23 8 -19 9 -16 5 -13 9 -10 9 -4 10 -2 14 0 15 0 17 2 20 5 17 2 19 3 20 6 19 7 17 1 0 0 0 0 0 0 0 0 0 0 0 0 0 0 0 0 0 0 0 0 0 0 -7 -13 -9 -14 -8 -16 -7 -18 -6 -17 -7 -19 -7 -16 -6 -16 -6 -15 -6 -15 -2 -15 -1 -15 3 -16 7 -17 8 -17 9 -20 8 -21 12 -29 10 -27 8 -33 8 -32 5 -33 3 -31 3 -28 2 -27 6 -25 ]
CSI_DATA,STA,E4:D1:24:F1:02:C0,-77,10,0,0,0,0,0,0,0,0,0,-97,0,13,0,46268100,0,389,0,0,46.6587,128,[-123 81 24 0 -25 -5 -25 -6 -30 -8 -29 -7 -29 -9 -33 -7 -29 -3 -31 -1 -29 -1 -27 3 -23 4 -20 3 -15 2 -14 0 -11 -5 -9 -5 -8 -9 -8 -13 -8 -16 -9 -17 -8 -17 -10 -21 -11 -18 -8 -18 -10 -25 0 0 0 0 0 0 0 0 0 0 0 0 0 0 0 0 0 0 0 0 0 0 -8 14 -9 12 -12 14 -11 12 -12 14 -13 16 -13 13 -11 11 -10 11 -10 11 -12 11 -15 8 -14 3 -19 3 -19 3 -21 4 -24 4 -30 4 -30 8 -31 9 -31 11 -30 14 -28 15 -28 14 -22 13 -24 6 ]
CSI_DATA,STA,E4:D1:24:F1:02:C0,-76,10,0,0,0,0,0,0,0,0,0,-97,0,13,0,46370503,0,389,0,0,46.7615,128,[-123 81 24 0 22 -2 25 -1 30 1 28 0 31 1 28 -3 31 -2 29 -7 26 -11 25 -7 23 -8 20 -8 12 -3 12 -3 11 2 9 4 9 7 6 10 11 13 11 14 10 15 11 14 11 18 10 15 12 14 0 0 0 0 0 0 0 0 0 0 0 0 0 0 0 0 0 0 0 0 0 0 2 -14 5 -13 5 -16 7 -17 5 -19 5 -18 7 -17 6 -17 6 -17 8 -14 7 -12 8 -13 13 -11 13 -7 16 -9 19 -8 27 -11 26 -11 28 -17 27 -16 27 -18 25 -21 22 -21 23 -19 19 -18 23 -14 ]
CSI_DATA,STA,E4:D1:24:F1:02:C0,-76,10,0,0,0,0,0,0,0,0,0,-97,0,13,0,46472905,0,389,0,0,46.864,128,[-123 81 24 0 -2 24 -5 22 -7 27 -8 30 -6 32 -5 30 -2 30 3 31 1 26 2 25 3 23 1 20 2 16 -1 12 -2 10 -7 9 -8 5 -13 7 -15 5 -15 6 -19 5 -19 8 -19 5 -18 7 -16 9 0 0 0 0 0 0 0 0 0 0 0 0 0 0 0 0 0 0 0 0 0 0 14 3 14 5 14 7 14 8 16 8 16 7 17 7 14 6 13 9 14 6 9 8 6 9 9 9 5 15 7 16 3 21 5 21 10 27 10 26 11 28 13 26 15 27 14 25 13 23 12 25 11 23 ]
CSI_DATA,STA,E4:D1:24:F1:02:C0,-77,10,0,0,0,0,0,0,0,0,0,-97,0,13,0,46575308,0,389,0,0,46.9664,128,[-123 81 24 0 -8 22 -13 21 -17 24 -18 24 -14 26 -16 27 -14 27 -8 27 -7 26 -7 24 -4 23 -3 17 -4 16 -5 11 -6 8 -9 7 -12 6 -14 2 -16 3 -19 3 -18 1 -20 3 -19 1 -20 3 -22 6 0 0 0 0 0 0 0 0 0 0 0 0 0 0 0 0 0 0 0 0 0 0 8 12 6 15 7 13 7 14 7 14 6 17 9 15 8 15 8 15 7 13 7 13 4 13 -1 14 -2 14 -2 19 -6 18 -4 23 -3 25 -5 29 -3 29 -2 32 2 32 3 31 2 30 3 28 0 24 ]
CSI_DATA,STA,E4:D1:24:F1:02:C0,-77,10,0,0,0,0,0,0,0,0,0,-97,0,13,0,46677710,0,389,0,0,47.0688,128,[-123 81 24 0 -18 14 -18 13 -21 14 -22 17 -23 19 -24 19 -22 20 -17 21 -15 24 -14 21 -12 18 -8 15 -7 13 -7 12 -8 7 -10 4 -14 0 -14 0 -15 -1 -18 -3 -19 -3 -19 0 -20 -3 -18 -2 -22 -3 0 0 0 0 0 0 0 0 0 0 0 0 0 0 0 0 0 0 0 0 0 0 2 13 0 15 0 16 2 17 1 17 -3 19 1 18 -1 17 1 17 1 15 -2 14 -4 12 -7 13 -6 13 -11 14 -14 15 -13 18 -17 20 -16 20 -14 25 -14 27 -12 28 -11 29 -10 28 -10 27 -10 22 ]
CSI_DATA,STA,E4:D1:24:F1:02:C0,-76,10,0,0,0,0,0,0,0,0,0,-97,0,13,0,46780385,0,389,0,0,47.1715,128,[-123 81 24 0 10 -22 16 -22 20 -22 18 -22 20 -25 15 -27 14 -28 14 -31 11 -26 9 -25 4 -19 5 -19 5 -12 8 -14 6 -6 8 -3 10 -2 14 -1 17 0 16 1 19 -1 22 1 17 0 23 -1 10 -5 0 0 0 0 0 0 0 0 0 0 0 0 0 0 0 0 0 0 0 0 0 0 -10 -12 -7 -14 -9 -14 -8 -16 -10 -16 -10 -15 -9 -16 -9 -15 -6 -14 -5 -15 -2 -13 -2 -14 -2 -14 0 -16 5 -19 5 -22 3 -23 6 -25 5 -30 3 -30 0 -32 1 -33 -4 -30 -1 -29 -1 -28 3 -25 ]
CSI_DATA,STA,E4:D1:24:F1:02:C0,-77,10,0,0,0,0,0,0,0,0,0,-97,0,13,0,46855507,0,64,0,0,47.2463,128,[64 0 4 0 10 19 7 22 6 24 6 26 9 25 9 26 11 25 14 23 14 20 12 19 12 17 10 10 7 13 3 9 3 7 -2 8 -6 8 -10 10 -12 11 -12 12 -14 13 -13 13 -14 13 -13 12 -13 15 0 0 0 0 0 0 0 0 0 0 0 0 0 0 0 0 0 0 0 0 0 0 11 -5 13 -4 16 -4 17 -3 16 -4 18 -4 16 -2 15 -5 14 -3 12 -1 12 1 10 2 12 6 13 9 12 10 15 13 18 17 20 16 21 13 22 16 26 14 27 12 27 12 26 13 21 12 19 10 ]
CSI_DATA,STA,E4:D1:24:F1:02:C0,-77,10,0,0,0,0,0,0,0,0,0,-97,0,13,0,46984918,0,389,0,0,47.3759,128,[-123 81 24 0 14 -19 16 -21 20 -20 19 -22 20 -22 21 -24 19 -24 12 -26 12 -24 11 -21 8 -18 6 -15 6 -14 6 -11 7 -9 8 -6 13 -4 13 -3 15 -3 17 -2 15 -3 18 -2 20 -1 18 0 20 2 0 0 0 0 0 0 0 0 0 0 0 0 0 0 0 0 0 0 0 0 0 0 -4 -12 -4 -14 -4 -15 -5 -18 -4 -19 -6 -17 -5 -17 -5 -18 -3 -17 -4 -15 -3 -15 1 -14 4 -13 2 -17 5 -18 10 -20 11 -21 9 -27 9 -27 9 -30 4 -30 7 -32 3 -29 6 -29 2 -26 5 -27 ]
CSI_DATA,STA,E4:D1:24:F1:02:C0,-76,10,0,0,0,0,0,0,0,0,0,-97,0,13,0,47087320,0,389,0,0,47.4784,128,[-123 81 24 0 -20 -4 -24 -7 -25 -9 -26 -10 -29 -11 -29 -8 -28 -7 -29 -3 -27 -1 -28 0 -23 2 -20 2 -16 0 -14 -2 -9 -4 -7 -6 -5 -7 -6 -14 -5 -16 -4 -18 -4 -22 -6 -21 -4 -20 -3 -20 -7 -18 0 0 0 0 0 0 0 0 0 0 0 0 0 0 0 0 0 0 0 0 0 0 -3 15 -5 13 -6 16 -8 18 -7 16 -9 17 -8 15 -9 14 -6 16 -10 14 -10 9 -11 10 -15 6 -16 6 -18 3 -23 6 -27 4 -32 6 -31 7 -30 13 -29 13 -29 17 -28 14 -22 13 -22 12 -23 10 ]
CSI_DATA,STA,E4:D1:24:F1:02:C0,-76,10,0,0,0,0,0,0,0,0,0,-97,0,13,0,47185697,0,64,0,0,47.5765,128,[64 0 4 0 6 -24 6 -26 11 -25 12 -28 10 -28 8 -31 7 -31 4 -32 2 -31 -1 -27 -3 -23 -2 -19 -2 -15 2 -15 2 -11 5 -7 9 -8 11 -6 13 -8 16 -9 18 -7 18 -10 18 -10 18 -11 22 -7 0 0 0 0 0 0 0 0 0 0 0 0 0 0 0 0 0 0 0 0 0 0 -11 -10 -11 -14 -11 -14 -14 -18 -11 -16 -12 -17 -11 -15 -14 -15 -10 -13 -10 -13 -6 -14 -6 -13 -5 -15 -1 -18 2 -18 2 -23 1 -26 1 -30 0 -31 -4 -33 -6 -33 -10 -35 -9 -34 -11 -31 -9 -31 -5 -26 ]
CSI_DATA,STA,E4:D1:24:F1:02:C0,-76,10,0,0,0,0,0,0,0,0,0,-97,0,13,0,47189723,0,389,0,0,47.6111,128,[-123 81 24 0 -13 21 -15 19 -20 18 -21 20 -22 21 -21 25 -19 25 -16 24 -13 22 -12 24 -10 22 -7 19 -6 14 -7 10 -8 6 -11 4 -12 0 -15 -1 -15 -5 -18 -1 -17 -5 -20 -6 -22 -4 -21 -5 -23 -7 0 0 0 0 0 0 0 0 0 0 0 0 0 0 0 0 0 0 0 0 0 0 10 9 11 10 10 15 10 14 12 15 12 15 13 14 11 15 10 16 7 12 6 12 3 13 1 13 -3 15 -7 17 -8 19 -5 24 -6 26 -8 30 -5 29 -3 35 0 34 -2 33 -1 30 0 29 -1 27 ]
CSI_DATA,STA,E4:D1:24:F1:02:C0,-76,10,0,0,0,0,0,0,0,0,0,-97,0,13,0,47292125,0,389,0,0,47.6832,128,[-123 81 24 0 7 -21 11 -23 15 -24 15 -26 17 -28 13 -29 9 -30 5 -28 7 -28 4 -27 2 -24 4 -21 5 -20 4 -12 4 -9 7 -8 11 -5 13 -3 14 -3 17 -3 18 -3 21 -2 19 -2 20 0 22 -6 0 0 0 0 0 0 0 0 0 0 0 0 0 0 0 0 0 0 0 0 0 0 -13 -9 -13 -11 -13 -14 -14 -13 -14 -13 -14 -12 -14 -14 -14 -14 -13 -12 -12 -14 -9 -12 -5 -13 -4 -14 -3 -18 1 -21 4 -22 2 -27 0 -31 0 -29 -2 -33 -4 -32 -8 -34 -8 -34 -7 -30 -5 -29 -3 -29 ]
CSI_DATA,STA,E4:D1:24:F1:02:C0,-77,10,0,0,0,0,0,0,0,0,0,-97,0,13,0,47298379,0,64,0,0,47.7175,128,[64 0 4 0 16 -11 18 -9 27 -11 25 -7 31 -12 28 -12 28 -11 26 -16 21 -17 17 -18 16 -16 12 -14 10 -11 8 -8 9 -6 9 1 10 5 11 5 14 8 15 8 18 10 17 12 17 11 19 10 12 14 0 0 0 0 0 0 0 0 0 0 0 0 0 0 0 0 0 0 0 0 0 0 -3 -16 -1 -17 0 -19 2 -19 -1 -22 -1 -21 0 -20 -1 -19 2 -18 1 -14 2 -14 9 -16 6 -15 9 -13 14 -12 16 -15 18 -17 20 -19 19 -23 21 -24 19 -27 16 -27 14 -28 13 -27 12 -23 12 -21 ]
CSI_DATA,STA,E4:D1:24:F1:02:C0,-76,10,0,0,0,0,0,0,0,0,0,-97,0,13,0,47394560,0,389,0,0,47.7855,128,[-123 81 24 0 -25 -1 -24 -4 -30 -1 -30 -4 -30 -2 -33 -1 -33 2 -30 5 -29 6 -27 8 -23 10 -20 7 -16 5 -12 2 -10 -3 -11 -5 -9 -8 -9 -10 -11 -13 -11 -16 -10 -18 -14 -18 -12 -19 -13 -17 -7 -18 0 0 0 0 0 0 0 0 0 0 0 0 0 0 0 0 0 0 0 0 0 0 -4 15 -5 16 -8 18 -7 18 -9 19 -9 17 -7 17 -7 16 -8 14 -7 14 -9 10 -11 9 -11 9 -18 7 -21 7 -23 7 -25 5 -26 10 -26 12 -30 15 -28 18 -27 17 -24 20 -21 18 -25 16 -19 13 ]
CSI_DATA,STA,E4:D1:24:F1:02:C0,-76,10,0,0,0,0,0,0,0,0,0,-97,0,13,0,47497062,0,389,0,0,47.8881,128,[-123 81 24 0 -17 13 -22 11 -21 12 -23 14 -23 16 -21 20 -23 18 -20 21 -16 20 -15 20 -13 18 -9 14 -9 11 -9 9 -8 3 -10 0 -12 -5 -13 -3 -15 -7 -17 -6 -19 -8 -17 -9 -18 -9 -20 -11 -16 -5 0 0 0 0 0 0 0 0 0 0 0 0 0 0 0 0 0 0 0 0 0 0 9 9 9 11 7 16 7 13 9 15 9 16 9 14 8 13 7 12 7 13 2 9 2 13 -2 10 -4 14 -7 16 -10 18 -10 20 -9 23 -12 25 -9 27 -9 27 -6 29 -3 30 -4 29 -4 24 -6 21 ]
CSI_DATA,STA,E4:D1:24:F1:02:C0,-77,10,0,0,0,0,0,0,0,0,0,-97,0,13,0,47804138,0,389,0,0,48.1953,128,[-123 81 24 0 22 7 23 8 25 12 26 12 28 10 30 8 28 5 29 4 28 1 26 0 21 1 18 -2 14 0 13 2 10 3 6 7 5 7 7 12 5 14 7 16 7 19 6 18 5 18 7 19 7 15 0 0 0 0 0 0 0 0 0 0 0 0 0 0 0 0 0 0 0 0 0 0 9 -12 11 -12 12 -10 13 -12 15 -10 13 -12 15 -13 12 -11 13 -12 11 -11 11 -6 10 -9 15 -5 16 -1 16 -1 22 0 23 0 25 2 27 -2 30 -3 31 -6 32 -10 29 -8 27 -8 23 -8 24 -6 ]
CSI_DATA,STA,E4:D1:24:F1:02:C0,-76,10,0,0,0,0,0,0,0,0,0,-97,0,13,0,47895538,0,64,0,0,48.2862,128,[64 0 4 0 14 18 14 23 12 26 12 25 15 26 17 26 18 25 19 21 19 18 21 13 17 12 13 10 8 8 8 10 6 7 -1 18 4 4 -10 11 -18 11 -10 13 -11 17 -10 17 -9 16 -9 16 -8 20 0 0 0 0 0 0 0 0 0 0 0 0 0 0 0 0 0 0 0 0 0 0 12 -8 15 -7 16 -9 15 -10 17 -8 16 -7 18 -8 16 -5 13 -2 15 -5 14 -1 16 0 14 0 14 6 15 9 21 8 22 11 25 14 28 10 29 12 30 9 31 8 29 10 32 7 24 8 25 8 ]
CSI_DATA,STA,E4:D1:24:F1:02:C0,-77,10,0,0,0,0,0,0,0,0,0,-97,0,13,0,47906540,0,389,0,0,48.3167,128,[-123 81 24 0 9 20 5 23 7 27 6 27 9 28 8 29 12 28 16 25 14 26 13 21 14 16 11 15 6 14 4 13 4 8 -1 10 -7 11 -8 13 -10 12 -13 12 -14 15 -13 13 -13 15 -14 13 -10 15 0 0 0 0 0 0 0 0 0 0 0 0 0 0 0 0 0 0 0 0 0 0 14 -3 12 -1 15 -1 18 -2 16 -3 18 -3 16 -1 17 -2 15 -2 15 1 12 2 15 5 14 7 10 10 10 9 15 16 16 17 19 19 21 19 23 19 26 14 28 16 25 16 21 13 23 13 20 11 ]
CSI_DATA,STA,E4:D1:24:F1:02:C0,-76,10,0,0,0,0,0,0,0,0,0,-97,0,13,0,48111345,0,389,0,0,48.5025,128,[-123 81 24 0 21 2 24 7 27 3 30 6 31 6 35 0 32 0 31 -3 27 -4 26 -6 24 -10 19 -9 14 -3 13 -2 10 2 8 4 10 8 7 11 7 14 10 16 8 17 9 18 11 20 12 19 6 20 0 0 0 0 0 0 0 0 0 0 0 0 0 0 0 0 0 0 0 0 0 0 4 -11 7 -14 8 -16 9 -14 7 -17 9 -17 9 -16 11 -16 9 -15 8 -13 11 -12 13 -10 11 -10 17 -7 16 -6 20 -5 22 -8 26 -10 27 -10 28 -9 28 -13 28 -14 27 -17 22 -17 25 -15 24 -13 ]
CSI_DATA,STA,E4:D1:24:F1:02:C0,-75,10,0,0,0,0,0,0,0,0,0,-97,0,13,0,48213748,0,389,0,0,48.6048,128,[-123 81 24 0 19 5 19 10 22 15 26 16 27 15 28 14 30 13 29 9 29 9 25 5 24 3 18 1 15 2 9 2 7 4 3 7 2 9 0 12 -3 14 -3 15 -3 20 -5 19 -3 22 -4 21 -5 15 0 0 0 0 0 0 0 0 0 0 0 0 0 0 0 0 0 0 0 0 0 0 2 -16 2 -17 4 -18 6 -19 6 -20 5 -20 4 -20 5 -19 4 -16 3 -15 7 -14 10 -8 10 -8 15 -7 17 -7 22 -3 24 -5 30 -7 32 -8 33 -10 32 -12 32 -14 29 -14 28 -17 23 -13 22 -9 ]
CSI_DATA,STA,E4:D1:24:F1:02:C0,-75,10,0,0,0,0,0,0,0,0,0,-97,0,13,0,48259689,0,64,0,0,48.6505,128,[64 0 4 0 -15 -9 -18 -12 -21 -17 -18 -16 -18 -19 -25 -19 -26 -16 -25 -13 -26 -12 -25 -5 -23 -3 -21 0 -14 -5 -12 -4 -8 -6 -5 -8 -4 -10 -2 -14 0 -15 -1 -16 0 -16 -2 -19 -2 -21 3 -20 13 -29 0 0 0 0 0 0 0 0 0 0 0 0 0 0 0 0 0 0 0 0 0 0 -11 6 -12 8 -13 10 -16 10 -19 11 -16 8 -15 12 -16 11 -15 8 -14 8 -11 7 -14 3 -12 0 -16 1 -16 -4 -21 -6 -20 -7 -25 -7 -29 -6 -30 0 -28 -1 -30 0 -30 2 -28 5 -28 2 -26 1 ]
CSI_DATA,STA,E4:D1:24:F1:02:C0,-75,10,0,0,0,0,0,0,0,0,0,-97,0,13,0,48259774,0,64,0,0,48.6848,128,[64 0 4 0 2 -22 10 -22 11 -26 12 -26 13 -27 11 -28 12 -28 8 -31 4 -30 2 -30 4 -25 2 -21 4 -17 3 -14 5 -7 6 -6 8 -3 15 1 15 1 16 1 19 4 18 6 17 4 20 14 30 -8 0 0 0 0 0 0 0 0 0 0 0 0 0 0 0 0 0 0 0 0 0 0 -14 5 -17 4 -21 5 -18 2 -25 1 -20 2 -21 2 -21 2 -18 -1 -18 3 -14 -2 -14 -4 -13 -8 -12 -13 -12 -16 -15 -20 -10 -23 -17 -26 -15 -26 -16 -29 -22 -31 -24 -27 -20 -28 -19 -25 -17 -22 -16 -26 ]
CSI_DATA,STA,E4:D1:24:F1:02:C0,-75,10,0,0,0,0,0,0,0,0,0,-97,0,13,0,48316150,0,389,0,0,48.7279,128,[-123 81 24 0 19 -9 22 -8 27 -5 31 -5 30 -5 31 -8 31 -9 32 -12 27 -12 23 -15 20 -15 17 -10 13 -8 13 -3 9 -2 6 2 7 6 7 10 8 14 9 14 7 18 5 18 8 19 8 18 11 16 0 0 0 0 0 0 0 0 0 0 0 0 0 0 0 0 0 0 0 0 0 0 -9 -13 -10 -16 -11 -16 -10 -20 -10 -19 -12 -20 -11 -21 -10 -19 -9 -16 -9 -13 -3 -16 -3 -14 3 -15 7 -15 10 -16 13 -18 15 -21 17 -26 19 -29 17 -30 14 -33 15 -34 15 -34 11 -32 8 -28 8 -24 ]
CSI_DATA,STA,E4:D1:24:F1:02:C0,-74,10,0,0,0,0,0,0,0,0,0,-97,0,13,0,48377138,0,64,0,0,48.7699,128,[64 0 4 0 -2 -16 0 -23 4 -24 4 -30 3 -30 2 -34 0 -31 -3 -31 -4 -29 -6 -27 -4 -24 -6 -20 -5 -17 0 -11 2 -9 3 -6 8 -5 12 -3 14 -2 17 -2 17 -2 20 -1 20 -3 19 0 23 -1 0 0 0 0 0 0 0 0 0 0 0 0 0 0 0 0 0 0 0 0 0 0 -14 11 -14 9 -15 11 -17 11 -19 11 -18 11 -17 14 -16 9 -16 8 -13 7 -12 3 -12 -1 -13 -4 -10 -9 -14 -11 -16 -16 -20 -19 -25 -21 -28 -22 -27 -21 -33 -20 -30 -18 -30 -16 -27 -13 -25 -14 -21 -14 ]
CSI_DATA,STA,E4:D1:24:F1:02:C0,-75,10,0,0,0,0,0,0,0,0,0,-97,0,13,0,48418554,0,389,0,0,48.8144,128,[-123 81 24 0 -17 6 -22 1 -24 -1 -28 1 -32 0 -32 5 -31 6 -28 7 -27 9 -24 8 -21 10 -17 9 -16 7 -13 2 -8 0 -7 -3 -9 -7 -8 -10 -7 -12 -8 -16 -8 -17 -10 -18 -7 -19 -9 -20 -6 -16 0 0 0 0 0 0 0 0 0 0 0 0 0 0 0 0 0 0 0 0 0 0 6 13 7 16 5 18 7 19 7 19 6 19 7 19 7 16 5 16 3 14 2 10 -2 12 -4 13 -10 10 -12 11 -16 16 -18 15 -21 20 -20 23 -21 27 -18 26 -16 29 -15 29 -14 26 -11 24 -13 18 ]
CSI_DATA,STA,E4:D1:24:F1:02:C0,-75,10,0,0,0,0,0,0,0,0,0,-97,0,13,0,48521485,0,389,0,0,48.9124,128,[-123 81 24 0 -23 -6 -25 -6 -23 -12 -28 -12 -30 -11 -31 -10 -31 -5 -30 -5 -31 -2 -27 -2 -23 2 -20 -1 -16 1 -10 -2 -9 -4 -4 -6 -4 -10 -2 -12 -2 -16 0 -17 -2 -21 -2 -22 -1 -21 -1 -22 2 -16 0 0 0 0 0 0 0 0 0 0 0 0 0 0 0 0 0 0 0 0 0 0 -2 16 -2 17 -5 17 -4 19 -3 20 -4 21 -3 18 -3 19 -3 15 -4 14 -7 11 -11 10 -9 9 -15 6 -18 6 -24 5 -25 6 -27 10 -28 11 -28 15 -30 18 -30 18 -27 20 -23 18 -22 17 -21 10 ]
CSI_DATA,STA,E4:D1:24:F1:02:C0,-76,10,0,0,0,0,0,0,0,0,0,-97,0,13,0,48624592,0,389,0,0,49.0156,128,[-123 81 24 0 10 -15 14 -10 22 -12 24 -10 25 -16 24 -18 23 -17 21 -19 16 -18 14 -19 9 -18 8 -15 7 -9 7 -9 6 -5 7 -3 9 1 10 4 10 7 13 10 11 11 13 12 15 11 14 13 14 13 0 0 0 0 0 0 0 0 0 0 0 0 0 0 0 0 0 0 0 0 0 0 -14 -8 -14 -11 -14 -14 -14 -12 -14 -14 -15 -13 -17 -11 -15 -11 -11 -14 -19 -8 -16 -11 -7 -11 -1 -15 0 -17 4 -17 6 -21 8 -23 5 -27 8 -29 4 -31 2 -33 1 -33 -4 -32 0 -29 -1 -26 2 -24 ]
CSI_DATA,STA,E4:D1:24:F1:02:C0,-76,10,0,0,0,0,0,0,0,0,0,-97,0,13,0,48726273,0,389,0,0,49.1174,128,[-123 81 24 0 14 2 19 4 21 8 24 9 25 11 30 5 29 6 28 5 27 2 26 -1 25 0 18 -1 14 1 10 0 8 2 4 3 2 8 -1 9 -2 13 -5 14 -6 15 -5 18 -3 17 -7 17 -10 13 0 0 0 0 0 0 0 0 0 0 0 0 0 0 0 0 0 0 0 0 0 0 -10 -16 -10 -17 -9 -18 -8 -19 -11 -20 -13 -20 -11 -18 -9 -20 -5 -17 -4 -16 -4 -11 0 -10 3 -9 9 -12 10 -11 15 -13 20 -14 21 -20 24 -21 25 -24 22 -27 22 -28 18 -27 18 -30 15 -23 13 -21 ]
CSI_DATA,STA,E4:D1:24:F1:02:C0,-77,10,0,0,0,0,0,0,0,0,0,-97,0,13,0,48987748,0,64,0,0,49.3788,128,[64 0 4 0 -1 14 -3 16 -9 21 -12 21 -9 25 -11 28 -10 26 -3 26 -6 28 -2 22 -2 22 1 19 0 18 -1 13 -1 10 -3 6 -6 2 -11 0 -11 -1 -12 -2 -16 -2 -19 -1 -18 -1 -18 -1 -22 -6 0 0 0 0 0 0 0 0 0 0 0 0 0 0 0 0 0 0 0 0 0 0 15 -1 18 -1 19 0 20 -1 21 -1 21 -1 22 -3 20 -2 17 1 17 2 13 2 11 5 12 8 7 10 7 15 5 18 6 19 9 24 9 24 16 28 17 32 21 30 23 27 22 26 18 21 18 19 ]
CSI_DATA,STA,E4:D1:24:F1:02:C0,-78,10,0,0,0,0,0,0,0,0,0,-97,0,13,0,49032969,0,389,0,0,49.4238,128,[-123 81 24 0 -11 12 -13 11 -17 9 -23 7 -24 13 -26 14 -25 16 -22 15 -20 19 -18 19 -18 18 -12 13 -13 11 -9 8 -7 4 -8 0 -10 -3 -10 -4 -11 -7 -12 -11 -14 -12 -11 -13 -13 -12 -15 -12 -15 -16 0 0 0 0 0 0 0 0 0 0 0 0 0 0 0 0 0 0 0 0 0 0 13 5 14 9 14 11 15 11 14 13 13 12 16 12 14 12 13 7 11 11 8 10 3 9 5 11 -2 12 -6 12 -7 17 -7 21 -11 23 -6 29 -5 29 -6 30 2 31 1 34 2 31 2 29 2 26 ]
CSI_DATA,STA,E4:D1:24:F1:02:C0,-78,10,0,0,0,0,0,0,0,0,0,-97,0,13,0,49135371,0,389,0,0,49.5264,128,[-123 81 24 0 -8 14 -11 11 -14 18 -17 19 -15 21 -20 23 -17 25 -14 25 -7 22 -9 22 -9 21 -4 19 -5 13 -3 11 -4 8 -5 6 -7 0 -8 0 -13 -1 -15 -6 -17 -5 -18 -4 -18 -6 -17 -4 -21 -10 0 0 0 0 0 0 0 0 0 0 0 0 0 0 0 0 0 0 0 0 0 0 13 6 14 9 15 12 14 11 15 12 17 10 17 9 16 11 16 7 10 8 6 9 7 9 4 13 0 13 -1 16 -1 19 -4 23 -2 27 1 29 2 36 6 32 8 32 7 32 9 30 6 25 2 22 ]
CSI_DATA,STA,E4:D1:24:F1:02:C0,-78,10,0,0,0,0,0,0,0,0,0,-97,0,13,0,49237774,0,389,0,0,49.6289,128,[-123 81 24 0 -20 7 -20 6 -22 3 -24 4 -29 9 -26 9 -29 9 -27 12 -28 15 -25 14 -20 12 -16 11 -11 8 -11 4 -8 5 -7 -2 -7 -2 -7 -9 -9 -11 -11 -13 -10 -17 -12 -17 -13 -17 -12 -17 -5 -22 0 0 0 0 0 0 0 0 0 0 0 0 0 0 0 0 0 0 0 0 0 0 7 11 5 14 8 17 6 19 7 18 7 22 6 21 9 18 7 17 7 15 3 11 -1 17 -1 11 -7 13 -12 14 -13 11 -19 19 -21 23 -19 23 -21 26 -16 30 -15 31 -14 28 -12 30 -9 27 -5 23 ]
CSI_DATA,STA,E4:D1:24:F1:02:C0,-78,10,0,0,0,0,0,0,0,0,0,-97,0,13,0,49335621,0,64,0,0,49.7263,128,[64 0 4 0 -17 -2 -20 -7 -24 -13 -26 -9 -26 -13 -26 -14 -26 -12 -26 -7 -26 -4 -27 -1 -21 -2 -19 0 -17 -2 -11 0 -10 -4 -8 -5 -4 -8 -1 -8 0 -13 1 -16 1 -19 1 -18 0 -20 -1 -17 1 -25 0 0 0 0 0 0 0 0 0 0 0 0 0 0 0 0 0 0 0 0 0 0 -4 14 -5 18 -6 17 -6 19 -8 19 -7 19 -7 20 -5 17 -5 18 -6 13 -6 13 -9 8 -13 7 -15 6 -16 3 -19 4 -26 7 -29 3 -31 7 -31 8 -34 10 -32 14 -29 14 -27 15 -27 15 -24 12 ]
CSI_DATA,STA,E4:D1:24:F1:02:C0,-78,10,0,0,0,0,0,0,0,0,0,-97,0,13,0,49337126,0,64,0,0,49.7593,128,[64 0 4 0 -2 18 -6 14 -12 15 -14 18 -10 21 -13 21 -14 24 -10 21 -6 25 -4 21 -3 22 0 18 -6 14 -5 10 -2 5 -7 6 -9 0 -9 -1 -14 -6 -12 -1 -15 -3 -15 -7 -13 -7 -27 -8 0 0 0 0 0 0 0 0 0 0 0 0 0 0 0 0 0 0 0 0 0 0 0 0 10 -7 11 -3 18 -9 17 -7 15 -4 18 -10 18 -4 20 -4 15 -6 12 -4 10 -3 5 2 9 0 10 8 8 12 7 20 9 16 9 23 13 24 16 27 14 26 14 25 22 18 20 18 19 14 13 14 ]
CSI_DATA,STA,E4:D1:24:F1:02:C0,-78,10,0,0,0,0,0,0,0,0,0,-97,0,13,0,49340176,0,389,0,0,49.799,128,[-123 81 24 0 14 7 15 10 14 18 14 17 19 22 18 21 18 17 22 17 24 15 21 9 17 7 15 9 13 5 9 4 5 7 0 4 -1 5 -3 9 -7 7 -11 10 -13 10 -13 12 -13 11 -15 12 -8 15 0 0 0 0 0 0 0 0 0 0 0 0 0 0 0 0 0 0 0 0 0 0 -4 -15 -1 -17 -1 -19 -1 -21 0 -21 -2 -24 -1 -20 -4 -19 3 -19 1 -15 6 -14 6 -12 8 -6 13 -6 17 -5 20 -5 24 -6 28 -5 30 -8 34 -6 33 -9 32 -12 28 -13 26 -14 23 -11 18 -9 ]
CSI_DATA,STA,E4:D1:24:F1:02:C0,-78,10,0,0,0,0,0,0,0,0,0,-97,0,13,0,49415838,0,64,0,0,49.8415,128,[64 0 4 0 1 13 -4 16 -8 18 -11 16 -11 21 -12 24 -11 24 -8 25 -6 24 -5 22 -2 20 -2 20 -2 14 0 11 -3 9 -6 7 -3 1 -8 0 -9 -5 -14 -2 -14 -4 -16 -5 -18 -4 -16 -5 -19 -4 0 0 0 0 0 0 0 0 0 0 0 0 0 0 0 0 0 0 0 0 0 0 13 -5 17 -1 17 -3 20 -1 20 -2 19 -4 19 -2 18 -3 19 -2 14 0 13 1 10 4 7 8 5 9 6 13 6 16 9 20 9 23 10 26 14 28 17 27 16 25 18 22 20 22 17 21 15 17 ]
CSI_DATA,STA,E4:D1:24:F1:02:C0,-78,10,0,0,0,0,0,0,0,0,0,-97,0,13,0,49442626,0,389,0,0,49.8788,128,[-123 81 24 0 0 18 -4 20 -6 23 -11 23 -11 29 -10 28 -8 26 -3 28 -4 23 0 25 1 24 2 19 2 12 -2 11 1 9 -3 6 -10 2 -10 1 -14 -2 -17 -2 -19 -3 -19 -3 -17 -3 -20 -3 -21 1 0 0 0 0 0 0 0 0 0 0 0 0 0 0 0 0 0 0 0 0 0 0 14 -6 16 -3 18 -4 21 -4 20 -4 19 -4 19 -3 17 -5 17 -1 14 -4 13 1 12 2 12 8 7 10 8 14 11 18 12 22 10 22 15 28 19 25 22 26 18 24 24 23 22 19 21 17 17 18 ]
CSI_DATA,STA,E4:D1:24:F1:02:C0,-78,10,0,0,0,0,0,0,0,0,0,-97,0,13,0,49544980,0,389,0,0,49.9359,128,[-123 81 24 0 -10 3 -16 -1 -20 -7 -22 -5 -24 -7 -28 -3 -27 -2 -27 -3 -28 0 -28 3 -26 3 -20 5 -17 0 -14 -1 -9 -3 -6 -3 -6 -6 -1 -9 1 -12 0 -14 5 -18 2 -16 4 -19 4 -17 0 -22 0 0 0 0 0 0 0 0 0 0 0 0 0 0 0 0 0 0 0 0 0 0 9 8 11 11 9 14 11 16 11 15 12 13 11 14 11 13 10 11 8 10 5 10 3 9 -2 9 -6 11 -13 10 -13 16 -13 15 -18 21 -19 21 -19 24 -19 26 -18 28 -13 29 -14 24 -11 25 -14 18 ]
